{
"type": "FeatureCollection",
"name": "data_vanilla",
"crs": { "type": "name", "properties": { "name": "urn:ogc:def:crs:OGC:1.3:CRS84" } },
"features": [
{ "type": "Feature", "properties": { "OBJECTID": 1.0, "LONC": 19.585241, "LATC": 41.291397, "IDAS": "ALAS179", "A": 4.0, "B": 0.9, "TECREG": "Active", "TECTONICS": "Active Shallow Crust", "SS": 20, "NF": 60, "TF": 20, "MINDEPTH": 0, "HYPODEPTH1": 2, "HYPODEPTH2": 10, "HYPODEPTH3": 18, "MAXDEPTH": 13, "WHDEPTH1": 0.1, "WHDEPTH2": 0.4, "WHDEPTH3": 0.5, "MAXMAG01": 7.4, "MAXMAG02": 7.6, "MAXMAG03": 7.8, "MAXMAG04": 8.0, "WMAXMAG01": 0.5, "WMAXMAG02": 0.2, "WMAXMAG03": 0.2, "WMAXMAG04": 0.1, "STRIKE1": 9.135375, "STRIKE2": 151.406091, "STRIKE3": 0.0, "STRIKE4": 339.52339, "DIP1": 27.49675, "DIP2": 26.830136, "DIP3": 0.0, "DIP4": 32.948413, "DIRWEIGHT1": 0.024242, "DIRWEIGHT2": 0.066667, "DIRWEIGHT3": 0.0, "DIRWEIGHT4": 0.909091, "Shape_Leng": 4.04583451331, "Shape_Area": 0.91572807525699995 }, "geometry": { "type": "Polygon", "coordinates": [ [ [ 19.181572000447488, 41.046134999730498 ], [ 19.216013815285407, 41.374679271331331 ], [ 19.318519180615738, 41.655278388686725 ], [ 19.688748000320004, 41.91283900031965 ], [ 19.8266284303578, 41.828098227551209 ], [ 19.90100400033441, 41.250340999937237 ], [ 19.93764600026276, 40.956808000189085 ], [ 20.080896883884122, 40.555326375112202 ], [ 19.230645999913008, 40.539546999994116 ], [ 19.062236726843537, 40.587654791235707 ], [ 19.181572000447488, 41.046134999730498 ] ] ] } },
{ "type": "Feature", "properties": { "OBJECTID": 2.0, "LONC": 20.599173, "LATC": 41.506125, "IDAS": "MKAS180", "A": 3.6, "B": 0.9, "TECREG": "Active", "TECTONICS": "Active Shallow Crust", "SS": 20, "NF": 60, "TF": 20, "MINDEPTH": 0, "HYPODEPTH1": 2, "HYPODEPTH2": 10, "HYPODEPTH3": 18, "MAXDEPTH": 14, "WHDEPTH1": 0.1, "WHDEPTH2": 0.4, "WHDEPTH3": 0.5, "MAXMAG01": 7.5, "MAXMAG02": 7.7, "MAXMAG03": 7.9, "MAXMAG04": 8.1, "WMAXMAG01": 0.5, "WMAXMAG02": 0.2, "WMAXMAG03": 0.2, "WMAXMAG04": 0.1, "STRIKE1": 36.688368, "STRIKE2": 163.926938, "STRIKE3": 0.0, "STRIKE4": 330.360289, "DIP1": 53.877195, "DIP2": 44.364313, "DIP3": 0.0, "DIP4": 32.522447, "DIRWEIGHT1": 0.71123, "DIRWEIGHT2": 0.085561, "DIRWEIGHT3": 0.0, "DIRWEIGHT4": 0.203209, "Shape_Leng": 3.6775775731100002, "Shape_Area": 0.46512480659099997 }, "geometry": { "type": "Polygon", "coordinates": [ [ [ 19.90100400033441, 41.250340999937237 ], [ 20.271545999947989, 41.485569999955601 ], [ 20.485904999815943, 41.633696999616916 ], [ 21.10518600013387, 42.055441999748552 ], [ 21.297341000386893, 41.755741999793486 ], [ 19.93764600026276, 40.956808000189085 ], [ 19.90100400033441, 41.250340999937237 ] ] ] } },
{ "type": "Feature", "properties": { "OBJECTID": 3.0, "LONC": 21.458708, "LATC": 42.005049, "IDAS": "MKAS187", "A": 3.9, "B": 1.0, "TECREG": "Active", "TECTONICS": "Active Shallow Crust", "SS": 20, "NF": 60, "TF": 20, "MINDEPTH": 0, "HYPODEPTH1": 2, "HYPODEPTH2": 10, "HYPODEPTH3": 16, "MAXDEPTH": 16, "WHDEPTH1": 0.1, "WHDEPTH2": 0.4, "WHDEPTH3": 0.5, "MAXMAG01": 7.5, "MAXMAG02": 7.7, "MAXMAG03": 7.9, "MAXMAG04": 8.1, "WMAXMAG01": 0.5, "WMAXMAG02": 0.2, "WMAXMAG03": 0.2, "WMAXMAG04": 0.1, "STRIKE1": 49.338152, "STRIKE2": 0.0, "STRIKE3": 0.0, "STRIKE4": 308.071574, "DIP1": 48.821652, "DIP2": 0.0, "DIP3": 0.0, "DIP4": 65.999851, "DIRWEIGHT1": 0.494624, "DIRWEIGHT2": 0.0, "DIRWEIGHT3": 0.0, "DIRWEIGHT4": 0.505376, "Shape_Leng": 4.3473231673399999, "Shape_Area": 0.95233140958200002 }, "geometry": { "type": "Polygon", "coordinates": [ [ [ 20.817396999971606, 42.500746999974126 ], [ 21.514199000383599, 42.810241000122119 ], [ 21.58680000021991, 42.622453999852269 ], [ 21.647969999915631, 42.464050000207408 ], [ 21.871984999907852, 41.92857000000555 ], [ 21.908479000205773, 41.841355999879568 ], [ 22.100018999976896, 41.4999900003383 ], [ 21.5026720003126, 41.199857000200439 ], [ 21.429640000385746, 41.397661000155097 ], [ 21.297341000386893, 41.755741999793486 ], [ 21.10518600013387, 42.055441999748552 ], [ 20.817396999971606, 42.500746999974126 ] ] ] } },
{ "type": "Feature", "properties": { "OBJECTID": 4.0, "LONC": 18.516927, "LATC": 41.735596, "IDAS": "YUAS189", "A": 0.5074, "B": 0.96, "TECREG": "Active", "TECTONICS": "Active Shallow Crust", "SS": 40, "NF": 10, "TF": 50, "MINDEPTH": 0, "HYPODEPTH1": 2, "HYPODEPTH2": 10, "HYPODEPTH3": 18, "MAXDEPTH": 22, "WHDEPTH1": 0.1, "WHDEPTH2": 0.4, "WHDEPTH3": 0.5, "MAXMAG01": 6.6, "MAXMAG02": 6.8, "MAXMAG03": 7.0, "MAXMAG04": 7.2, "WMAXMAG01": 0.5, "WMAXMAG02": 0.2, "WMAXMAG03": 0.2, "WMAXMAG04": 0.1, "STRIKE1": 0.0, "STRIKE2": 0.0, "STRIKE3": 0.0, "STRIKE4": 0.0, "DIP1": 0.0, "DIP2": 0.0, "DIP3": 0.0, "DIP4": 0.0, "DIRWEIGHT1": 0.0, "DIRWEIGHT2": 0.0, "DIRWEIGHT3": 0.0, "DIRWEIGHT4": 0.0, "Shape_Leng": 4.6676265088999997, "Shape_Area": 1.0051143067199999 }, "geometry": { "type": "Polygon", "coordinates": [ [ [ 17.606255999814607, 41.897444999986817 ], [ 17.831934000054105, 42.42505799982689 ], [ 19.318519180615738, 41.655278388686725 ], [ 19.216013815285407, 41.374679271331331 ], [ 19.181572000447488, 41.046134999730498 ], [ 17.606255999814607, 41.897444999986817 ] ] ] } },
{ "type": "Feature", "properties": { "OBJECTID": 5.0, "LONC": 22.459301, "LATC": 42.513056, "IDAS": "BGAS206", "A": 3.6, "B": 1.0, "TECREG": "Active", "TECTONICS": "Active Shallow Crust", "SS": 20, "NF": 60, "TF": 20, "MINDEPTH": 0, "HYPODEPTH1": 2, "HYPODEPTH2": 10, "HYPODEPTH3": 18, "MAXDEPTH": 14, "WHDEPTH1": 0.1, "WHDEPTH2": 0.4, "WHDEPTH3": 0.5, "MAXMAG01": 7.5, "MAXMAG02": 7.7, "MAXMAG03": 7.9, "MAXMAG04": 8.1, "WMAXMAG01": 0.5, "WMAXMAG02": 0.2, "WMAXMAG03": 0.2, "WMAXMAG04": 0.1, "STRIKE1": 54.4015, "STRIKE2": 110.194375, "STRIKE3": 0.0, "STRIKE4": 298.642235, "DIP1": 50.736398, "DIP2": 57.71475, "DIP3": 0.0, "DIP4": 66.256294, "DIRWEIGHT1": 0.875622, "DIRWEIGHT2": 0.039801, "DIRWEIGHT3": 0.0, "DIRWEIGHT4": 0.084577, "Shape_Leng": 4.48562792286, "Shape_Area": 1.00179612677 }, "geometry": { "type": "Polygon", "coordinates": [ [ [ 21.647969999915631, 42.464050000207408 ], [ 22.198960000403758, 42.78329699955691 ], [ 22.47678799986636, 42.888955000373016 ], [ 23.270631000320463, 43.184756000389143 ], [ 23.041794000093091, 42.618538000028707 ], [ 22.975306999818258, 42.454643999920734 ], [ 22.781539999871143, 42.325305999772127 ], [ 22.46246899964467, 42.108225000283596 ], [ 22.184705000435486, 41.919164999764973 ], [ 21.908479000205773, 41.841355999879568 ], [ 21.871984999907852, 41.92857000000555 ], [ 21.647969999915631, 42.464050000207408 ] ] ] } },
{ "type": "Feature", "properties": { "OBJECTID": 6.0, "LONC": 23.728108, "LATC": 42.390194, "IDAS": "BGAS207", "A": 3.5, "B": 1.0, "TECREG": "Active", "TECTONICS": "Active Shallow Crust", "SS": 20, "NF": 60, "TF": 20, "MINDEPTH": 0, "HYPODEPTH1": 2, "HYPODEPTH2": 10, "HYPODEPTH3": 18, "MAXDEPTH": 20, "WHDEPTH1": 0.1, "WHDEPTH2": 0.4, "WHDEPTH3": 0.5, "MAXMAG01": 7.5, "MAXMAG02": 7.7, "MAXMAG03": 7.9, "MAXMAG04": 8.1, "WMAXMAG01": 0.5, "WMAXMAG02": 0.2, "WMAXMAG03": 0.2, "WMAXMAG04": 0.1, "STRIKE1": 0.0, "STRIKE2": 122.508, "STRIKE3": 0.0, "STRIKE4": 299.038773, "DIP1": 0.0, "DIP2": 57.745667, "DIP3": 0.0, "DIP4": 50.042918, "DIRWEIGHT1": 0.0, "DIRWEIGHT2": 0.03, "DIRWEIGHT3": 0.0, "DIRWEIGHT4": 0.97, "Shape_Leng": 3.3845879817000002, "Shape_Area": 0.38970171018499999 }, "geometry": { "type": "Polygon", "coordinates": [ [ [ 22.975306999818258, 42.454643999920734 ], [ 24.219703999739863, 42.659118999941938 ], [ 24.420200999776341, 42.390063000307293 ], [ 24.480907999704471, 42.308487000274908 ], [ 24.429794999739499, 42.121270000210416 ], [ 24.054263000237313, 42.207136000226285 ], [ 22.975306999818258, 42.454643999920734 ] ] ] } },
{ "type": "Feature", "properties": { "OBJECTID": 7.0, "LONC": 24.441992, "LATC": 41.820509, "IDAS": "BGAS208", "A": 3.9, "B": 1.0, "TECREG": "Active", "TECTONICS": "Active Shallow Crust", "SS": 20, "NF": 60, "TF": 20, "MINDEPTH": 0, "HYPODEPTH1": 2, "HYPODEPTH2": 10, "HYPODEPTH3": 18, "MAXDEPTH": 20, "WHDEPTH1": 0.1, "WHDEPTH2": 0.4, "WHDEPTH3": 0.5, "MAXMAG01": 7.5, "MAXMAG02": 7.7, "MAXMAG03": 7.9, "MAXMAG04": 8.1, "WMAXMAG01": 0.5, "WMAXMAG02": 0.2, "WMAXMAG03": 0.2, "WMAXMAG04": 0.1, "STRIKE1": 79.33825, "STRIKE2": 107.218621, "STRIKE3": 229.734133, "STRIKE4": 303.919385, "DIP1": 57.634, "DIP2": 57.998, "DIP3": 55.7506, "DIP4": 55.537077, "DIRWEIGHT1": 0.045977, "DIRWEIGHT2": 0.333333, "DIRWEIGHT3": 0.172414, "DIRWEIGHT4": 0.448276, "Shape_Leng": 7.3546876590899997, "Shape_Area": 1.6704430155300001 }, "geometry": { "type": "Polygon", "coordinates": [ [ [ 22.781539999871143, 42.325305999772127 ], [ 22.975306999818258, 42.454643999920734 ], [ 24.054263000237313, 42.207136000226285 ], [ 24.429794999739499, 42.121270000210416 ], [ 25.004928000227096, 41.901399999810224 ], [ 25.164077000053567, 41.840557999951784 ], [ 26.102444000390335, 41.632763999758822 ], [ 25.993482000094275, 41.377344000325422 ], [ 25.799815000262129, 41.32616600006088 ], [ 25.69994099997723, 41.299827000415803 ], [ 25.348712999805173, 41.219635000355026 ], [ 25.203364999695054, 41.18637399986028 ], [ 24.985921999700565, 41.403647000109004 ], [ 24.531016000088357, 41.500767000196959 ], [ 23.893625000093721, 41.505355000432985 ], [ 23.809706999978118, 41.567234999595598 ], [ 22.781539999871143, 42.325305999772127 ] ] ] } },
{ "type": "Feature", "properties": { "OBJECTID": 8.0, "LONC": 22.901052, "LATC": 41.912648, "IDAS": "MKAS212", "A": 4.0, "B": 1.03, "TECREG": "Active", "TECTONICS": "Active Shallow Crust", "SS": 20, "NF": 60, "TF": 20, "MINDEPTH": 0, "HYPODEPTH1": 2, "HYPODEPTH2": 10, "HYPODEPTH3": 18, "MAXDEPTH": 15, "WHDEPTH1": 0.1, "WHDEPTH2": 0.4, "WHDEPTH3": 0.5, "MAXMAG01": 7.5, "MAXMAG02": 7.7, "MAXMAG03": 7.9, "MAXMAG04": 8.1, "WMAXMAG01": 0.5, "WMAXMAG02": 0.2, "WMAXMAG03": 0.2, "WMAXMAG04": 0.1, "STRIKE1": 74.598667, "STRIKE2": 116.253077, "STRIKE3": 232.976795, "STRIKE4": 288.524914, "DIP1": 57.587889, "DIP2": 57.965462, "DIP3": 54.294096, "DIP4": 58.148486, "DIRWEIGHT1": 0.069231, "DIRWEIGHT2": 0.1, "DIRWEIGHT3": 0.561538, "DIRWEIGHT4": 0.269231, "Shape_Leng": 4.6307311888199996, "Shape_Area": 0.82591042041100005 }, "geometry": { "type": "Polygon", "coordinates": [ [ [ 21.908479000205773, 41.841355999879568 ], [ 22.184705000435486, 41.919164999764973 ], [ 22.46246899964467, 42.108225000283596 ], [ 22.781539999871143, 42.325305999772127 ], [ 23.809706999978118, 41.567234999595598 ], [ 23.893625000093721, 41.505355000432985 ], [ 23.001264999879879, 41.504991999880929 ], [ 22.470937999888861, 41.65893199961215 ], [ 22.331527000170979, 41.610793000096919 ], [ 22.100018999976896, 41.4999900003383 ], [ 21.908479000205773, 41.841355999879568 ] ] ] } },
{ "type": "Feature", "properties": { "OBJECTID": 9.0, "LONC": 23.597506, "LATC": 42.8197, "IDAS": "BGAS226", "A": 2.7, "B": 0.8, "TECREG": "Active", "TECTONICS": "Active Shallow Crust", "SS": 20, "NF": 60, "TF": 20, "MINDEPTH": 0, "HYPODEPTH1": 2, "HYPODEPTH2": 10, "HYPODEPTH3": 18, "MAXDEPTH": 20, "WHDEPTH1": 0.1, "WHDEPTH2": 0.4, "WHDEPTH3": 0.5, "MAXMAG01": 7.5, "MAXMAG02": 7.7, "MAXMAG03": 7.9, "MAXMAG04": 8.1, "WMAXMAG01": 0.5, "WMAXMAG02": 0.2, "WMAXMAG03": 0.2, "WMAXMAG04": 0.1, "STRIKE1": 62.061667, "STRIKE2": 119.637694, "STRIKE3": 0.0, "STRIKE4": 295.340737, "DIP1": 47.701667, "DIP2": 57.673653, "DIP3": 0.0, "DIP4": 57.754842, "DIRWEIGHT1": 0.031915, "DIRWEIGHT2": 0.765957, "DIRWEIGHT3": 0.0, "DIRWEIGHT4": 0.202128, "Shape_Leng": 3.1750484820599998, "Shape_Area": 0.49874439590699998 }, "geometry": { "type": "Polygon", "coordinates": [ [ [ 23.270631000320463, 43.184756000389143 ], [ 24.016341999783492, 42.929236999987609 ], [ 24.219703999739863, 42.659118999941938 ], [ 22.975306999818258, 42.454643999920734 ], [ 23.041794000093091, 42.618538000028707 ], [ 23.270631000320463, 43.184756000389143 ] ] ] } },
{ "type": "Feature", "properties": { "OBJECTID": 10.0, "LONC": 25.35323, "LATC": 41.992036, "IDAS": "BGAS227", "A": 2.7, "B": 0.8, "TECREG": "Active", "TECTONICS": "Active Shallow Crust", "SS": 20, "NF": 60, "TF": 20, "MINDEPTH": 0, "HYPODEPTH1": 2, "HYPODEPTH2": 10, "HYPODEPTH3": 18, "MAXDEPTH": 20, "WHDEPTH1": 0.1, "WHDEPTH2": 0.4, "WHDEPTH3": 0.5, "MAXMAG01": 7.5, "MAXMAG02": 7.7, "MAXMAG03": 7.9, "MAXMAG04": 8.1, "WMAXMAG01": 0.5, "WMAXMAG02": 0.2, "WMAXMAG03": 0.2, "WMAXMAG04": 0.1, "STRIKE1": 87.689929, "STRIKE2": 95.354095, "STRIKE3": 267.4575, "STRIKE4": 291.118733, "DIP1": 47.769857, "DIP2": 47.603284, "DIP3": 47.6045, "DIP4": 44.80055, "DIRWEIGHT1": 0.047619, "DIRWEIGHT2": 0.251701, "DIRWEIGHT3": 0.013605, "DIRWEIGHT4": 0.687075, "Shape_Leng": 4.2298909951799999, "Shape_Area": 0.77702028941699997 }, "geometry": { "type": "Polygon", "coordinates": [ [ [ 24.429794999739499, 42.121270000210416 ], [ 24.480907999704471, 42.308487000274908 ], [ 25.016844000250444, 42.351307000018096 ], [ 25.36728099991825, 42.298733000127925 ], [ 25.906266999922138, 42.215806999893175 ], [ 26.276666000135833, 42.036587999936273 ], [ 26.102444000390335, 41.632763999758822 ], [ 25.164077000053567, 41.840557999951784 ], [ 25.004928000227096, 41.901399999810224 ], [ 24.429794999739499, 42.121270000210416 ] ] ] } },
{ "type": "Feature", "properties": { "OBJECTID": 11.0, "LONC": 17.428185, "LATC": 40.319786, "IDAS": "ITAS312", "A": 3.9, "B": 1.0, "TECREG": "Active", "TECTONICS": "Active Shallow Crust", "SS": 35, "NF": 15, "TF": 50, "MINDEPTH": 0, "HYPODEPTH1": 2, "HYPODEPTH2": 10, "HYPODEPTH3": 18, "MAXDEPTH": 20, "WHDEPTH1": 0.1, "WHDEPTH2": 0.4, "WHDEPTH3": 0.5, "MAXMAG01": 6.6, "MAXMAG02": 6.8, "MAXMAG03": 7.0, "MAXMAG04": 7.2, "WMAXMAG01": 0.5, "WMAXMAG02": 0.2, "WMAXMAG03": 0.2, "WMAXMAG04": 0.1, "STRIKE1": 0.0, "STRIKE2": 0.0, "STRIKE3": 0.0, "STRIKE4": 319.95943, "DIP1": 0.0, "DIP2": 0.0, "DIP3": 0.0, "DIP4": 30.375203, "DIRWEIGHT1": 0.0, "DIRWEIGHT2": 0.0, "DIRWEIGHT3": 0.0, "DIRWEIGHT4": 1.0, "Shape_Leng": 20.0735980107, "Shape_Area": 6.7236254649599996 }, "geometry": { "type": "Polygon", "coordinates": [ [ [ 14.652620999959254, 41.497886999585432 ], [ 15.100180999853308, 41.536805000150707 ], [ 15.331385999564304, 41.556999999750246 ], [ 16.411469999840676, 41.537148999826513 ], [ 16.953433999579488, 41.523028999788551 ], [ 16.95687900016577, 41.628003999684893 ], [ 16.966877999919802, 41.932705000035753 ], [ 17.606255999814607, 41.897444999986817 ], [ 19.181572000447488, 41.046134999730498 ], [ 19.062236726843537, 40.587654791235707 ], [ 18.616294939160184, 39.633621228536924 ], [ 18.96895399992718, 39.479084999872896 ], [ 19.222569999805671, 40.290941000027203 ], [ 20.203748000369956, 38.90025599981459 ], [ 20.200000000199907, 38.600000000299815 ], [ 19.482133909752179, 38.200000000199907 ], [ 18.812335999906509, 38.816193000206852 ], [ 18.540405999936979, 39.043834000139043 ], [ 18.194306999768287, 39.333622999901593 ], [ 17.961304999925858, 39.565929000023402 ], [ 17.83035600012937, 39.696486999775288 ], [ 17.80784099966246, 39.712739000104818 ], [ 17.297158999987914, 40.081370999771877 ], [ 16.902269999960595, 40.37750099967144 ], [ 16.759432999633304, 40.484914999627563 ], [ 16.90999900025372, 40.481932999708249 ], [ 17.168516000413149, 40.476828999958457 ], [ 17.169635999901516, 40.653953999577482 ], [ 15.664709999666798, 40.7108920001657 ], [ 15.447919000061859, 40.932175000076256 ], [ 15.908801000066148, 40.936452000359566 ], [ 16.527219000156776, 40.942298000152618 ], [ 16.525309000210257, 41.30522900041808 ], [ 14.991631999717072, 41.292108999730601 ], [ 14.945000999596516, 41.291710000216369 ], [ 14.652620999959254, 41.497886999585432 ] ] ] } },
{ "type": "Feature", "properties": { "OBJECTID": 12.0, "LONC": 19.015857, "LATC": 40.26261, "IDAS": "ALAS314", "A": 3.8, "B": 1.0, "TECREG": "Active", "TECTONICS": "Active Shallow Crust", "SS": 40, "NF": 10, "TF": 50, "MINDEPTH": 10, "HYPODEPTH1": 10, "HYPODEPTH2": 12, "HYPODEPTH3": 0, "MAXDEPTH": 12, "WHDEPTH1": 0.3, "WHDEPTH2": 0.7, "WHDEPTH3": 0.0, "MAXMAG01": 7.4, "MAXMAG02": 7.6, "MAXMAG03": 7.8, "MAXMAG04": 8.0, "WMAXMAG01": 0.5, "WMAXMAG02": 0.2, "WMAXMAG03": 0.2, "WMAXMAG04": 0.1, "STRIKE1": 0.0, "STRIKE2": 0.0, "STRIKE3": 0.0, "STRIKE4": 0.0, "DIP1": 0.0, "DIP2": 0.0, "DIP3": 0.0, "DIP4": 0.0, "DIRWEIGHT1": 0.0, "DIRWEIGHT2": 0.0, "DIRWEIGHT3": 0.0, "DIRWEIGHT4": 0.0, "Shape_Leng": 2.7125744470500002, "Shape_Area": 0.32651885550499998 }, "geometry": { "type": "Polygon", "coordinates": [ [ [ 19.222569999805671, 40.290941000027203 ], [ 18.96895399992718, 39.479084999872896 ], [ 18.616294939160184, 39.633621228536924 ], [ 19.062236726843537, 40.587654791235707 ], [ 19.230645999913008, 40.539546999994116 ], [ 19.222569999805671, 40.290941000027203 ] ] ] } },
{ "type": "Feature", "properties": { "OBJECTID": 13.0, "LONC": 17.548906, "LATC": 38.016539, "IDAS": "ITAS318", "A": 3.9, "B": 1.0, "TECREG": "Active", "TECTONICS": "Active Shallow Crust", "SS": 35, "NF": 15, "TF": 50, "MINDEPTH": 0, "HYPODEPTH1": 2, "HYPODEPTH2": 10, "HYPODEPTH3": 18, "MAXDEPTH": 20, "WHDEPTH1": 0.1, "WHDEPTH2": 0.4, "WHDEPTH3": 0.5, "MAXMAG01": 8.0, "MAXMAG02": 8.2, "MAXMAG03": 8.4, "MAXMAG04": 8.6, "WMAXMAG01": 0.5, "WMAXMAG02": 0.2, "WMAXMAG03": 0.2, "WMAXMAG04": 0.1, "STRIKE1": 20.255, "STRIKE2": 165.904063, "STRIKE3": 227.187402, "STRIKE4": 274.855708, "DIP1": 30.661, "DIP2": 23.588979, "DIP3": 11.932067, "DIP4": 9.957729, "DIRWEIGHT1": 0.000667, "DIRWEIGHT2": 0.032021, "DIRWEIGHT3": 0.93529, "DIRWEIGHT4": 0.032021, "Shape_Leng": 16.8102735342, "Shape_Area": 12.0837322235 }, "geometry": { "type": "Polygon", "coordinates": [ [ [ 15.198801999912405, 37.570660000059036 ], [ 15.218432000436508, 37.719958999808057 ], [ 15.231280000271852, 37.817332999918051 ], [ 15.390162000376051, 37.79368999959388 ], [ 15.859719000231735, 37.9429320003116 ], [ 16.158593999913194, 37.871082000034335 ], [ 16.297047999565564, 38.19892900027321 ], [ 16.673441000102116, 38.725941000276976 ], [ 17.156128000207104, 38.915625999940005 ], [ 17.105782999685744, 39.697951999884936 ], [ 16.409085999619265, 39.707825000123705 ], [ 16.157877000123506, 40.057781000093144 ], [ 15.997736999562903, 40.367176000172321 ], [ 15.867089000157307, 40.502524999629088 ], [ 16.759432999633304, 40.484914999627563 ], [ 16.902269999960595, 40.37750099967144 ], [ 17.297158999987914, 40.081370999771877 ], [ 17.80784099966246, 39.712739000104818 ], [ 17.83035600012937, 39.696486999775288 ], [ 17.961304999925858, 39.565929000023402 ], [ 18.194306999768287, 39.333622999901593 ], [ 18.540405999936979, 39.043834000139043 ], [ 18.812335999906509, 38.816193000206852 ], [ 19.482133909752179, 38.200000000199907 ], [ 18.282133909452398, 35.6 ], [ 16.875894000407868, 35.530551999874945 ], [ 16.130089000207249, 35.667723999762813 ], [ 15.699843000154374, 36.262100000015039 ], [ 15.459374999556644, 36.706709999666828 ], [ 15.346196999991605, 36.915280999718391 ], [ 15.198801999912405, 37.570660000059036 ] ] ] } },
{ "type": "Feature", "properties": { "OBJECTID": 14.0, "LONC": 20.061285, "LATC": 39.725473, "IDAS": "GRAS369", "A": 3.65, "B": 0.8, "TECREG": "Active", "TECTONICS": "Active Shallow Crust", "SS": 20, "NF": 60, "TF": 20, "MINDEPTH": 0, "HYPODEPTH1": 2, "HYPODEPTH2": 10, "HYPODEPTH3": 18, "MAXDEPTH": 20, "WHDEPTH1": 0.1, "WHDEPTH2": 0.4, "WHDEPTH3": 0.5, "MAXMAG01": 7.4, "MAXMAG02": 7.6, "MAXMAG03": 7.8, "MAXMAG04": 8.0, "WMAXMAG01": 0.5, "WMAXMAG02": 0.2, "WMAXMAG03": 0.2, "WMAXMAG04": 0.1, "STRIKE1": 39.344388, "STRIKE2": 92.365889, "STRIKE3": 256.624167, "STRIKE4": 322.880524, "DIP1": 69.130857, "DIP2": 50.611778, "DIP3": 83.041167, "DIP4": 33.168351, "DIRWEIGHT1": 0.06882, "DIRWEIGHT2": 0.01264, "DIRWEIGHT3": 0.025281, "DIRWEIGHT4": 0.893258, "Shape_Leng": 5.6800459712700002, "Shape_Area": 1.6838641544 }, "geometry": { "type": "Polygon", "coordinates": [ [ [ 19.222569999805671, 40.290941000027203 ], [ 19.230645999913008, 40.539546999994116 ], [ 20.080896883884122, 40.555326375112202 ], [ 20.493437000017593, 39.897931000315452 ], [ 20.809368000233064, 39.89953899982504 ], [ 20.899999999700299, 39.900000000399757 ], [ 20.899999999700299, 39.299999999800207 ], [ 20.899999999700299, 39.000000000399723 ], [ 20.899999999700299, 38.899999999700299 ], [ 20.550000000399734, 38.899999999700299 ], [ 20.449999999700253, 38.899999999700299 ], [ 20.203748000369956, 38.90025599981459 ], [ 19.222569999805671, 40.290941000027203 ] ] ] } },
{ "type": "Feature", "properties": { "OBJECTID": 15.0, "LONC": 20.55, "LATC": 38.650128, "IDAS": "GRAS370", "A": 3.0, "B": 0.8, "TECREG": "Active", "TECTONICS": "Active Shallow Crust", "SS": 40, "NF": 10, "TF": 50, "MINDEPTH": 0, "HYPODEPTH1": 2, "HYPODEPTH2": 10, "HYPODEPTH3": 18, "MAXDEPTH": 20, "WHDEPTH1": 0.1, "WHDEPTH2": 0.4, "WHDEPTH3": 0.5, "MAXMAG01": 7.5, "MAXMAG02": 7.7, "MAXMAG03": 7.9, "MAXMAG04": 8.1, "WMAXMAG01": 0.5, "WMAXMAG02": 0.2, "WMAXMAG03": 0.2, "WMAXMAG04": 0.1, "STRIKE1": 14.354216, "STRIKE2": 0.0, "STRIKE3": 0.0, "STRIKE4": 326.681375, "DIP1": 65.889973, "DIP2": 0.0, "DIP3": 0.0, "DIP4": 26.817766, "DIRWEIGHT1": 0.366337, "DIRWEIGHT2": 0.0, "DIRWEIGHT3": 0.0, "DIRWEIGHT4": 0.633663, "Shape_Leng": 2.2245425120300002, "Shape_Area": 0.27946979965800001 }, "geometry": { "type": "Polygon", "coordinates": [ [ [ 20.200000000199907, 38.600000000299815 ], [ 20.203748000369956, 38.90025599981459 ], [ 20.449999999700253, 38.899999999700299 ], [ 20.550000000399734, 38.899999999700299 ], [ 20.899999999700299, 38.899999999700299 ], [ 20.899999999700299, 38.700000000099976 ], [ 20.899999999700299, 38.399999999800229 ], [ 20.550000000399734, 38.499999999600334 ], [ 20.200000000199907, 38.600000000299815 ] ] ] } },
{ "type": "Feature", "properties": { "OBJECTID": 16.0, "LONC": 20.399504, "LATC": 38.15, "IDAS": "GRAS371", "A": 3.5, "B": 0.8, "TECREG": "Active", "TECTONICS": "Active Shallow Crust", "SS": 35, "NF": 15, "TF": 50, "MINDEPTH": 0, "HYPODEPTH1": 2, "HYPODEPTH2": 10, "HYPODEPTH3": 18, "MAXDEPTH": 20, "WHDEPTH1": 0.1, "WHDEPTH2": 0.4, "WHDEPTH3": 0.5, "MAXMAG01": 7.5, "MAXMAG02": 7.7, "MAXMAG03": 7.9, "MAXMAG04": 8.1, "WMAXMAG01": 0.5, "WMAXMAG02": 0.2, "WMAXMAG03": 0.2, "WMAXMAG04": 0.1, "STRIKE1": 30.082436, "STRIKE2": 0.0, "STRIKE3": 0.0, "STRIKE4": 338.128375, "DIP1": 54.209682, "DIP2": 0.0, "DIP3": 0.0, "DIP4": 22.84625, "DIRWEIGHT1": 0.873016, "DIRWEIGHT2": 0.0, "DIRWEIGHT3": 0.0, "DIRWEIGHT4": 0.126984, "Shape_Leng": 3.5545333387200002, "Shape_Area": 0.75303974028700005 }, "geometry": { "type": "Polygon", "coordinates": [ [ [ 20.200000000199907, 38.600000000299815 ], [ 20.550000000399734, 38.499999999600334 ], [ 20.899999999700299, 38.399999999800229 ], [ 20.899999999700299, 38.100000000399746 ], [ 20.449999999700253, 37.899999999900103 ], [ 19.999999999700265, 37.700000000299838 ], [ 19.482133909752179, 38.200000000199907 ], [ 20.200000000199907, 38.600000000299815 ] ] ] } },
{ "type": "Feature", "properties": { "OBJECTID": 17.0, "LONC": 20.6, "LATC": 37.6, "IDAS": "GRAS372", "A": 3.5, "B": 0.8, "TECREG": "Active", "TECTONICS": "Active Shallow Crust", "SS": 40, "NF": 10, "TF": 50, "MINDEPTH": 0, "HYPODEPTH1": 2, "HYPODEPTH2": 10, "HYPODEPTH3": 18, "MAXDEPTH": 50, "WHDEPTH1": 0.1, "WHDEPTH2": 0.4, "WHDEPTH3": 0.5, "MAXMAG01": 7.1, "MAXMAG02": 7.7, "MAXMAG03": 7.9, "MAXMAG04": 8.1, "WMAXMAG01": 0.5, "WMAXMAG02": 0.2, "WMAXMAG03": 0.2, "WMAXMAG04": 0.1, "STRIKE1": 0.0, "STRIKE2": 0.0, "STRIKE3": 219.588087, "STRIKE4": 308.582373, "DIP1": 0.0, "DIP2": 0.0, "DIP3": 75.71513, "DIP4": 22.921676, "DIRWEIGHT1": 0.0, "DIRWEIGHT2": 0.0, "DIRWEIGHT3": 0.184, "DIRWEIGHT4": 0.816, "Shape_Leng": 3.1883570730500002, "Shape_Area": 0.60500000068399995 }, "geometry": { "type": "Polygon", "coordinates": [ [ [ 19.999999999700265, 37.700000000299838 ], [ 20.449999999700253, 37.899999999900103 ], [ 20.899999999700299, 38.100000000399746 ], [ 21.050000000299804, 37.899999999900103 ], [ 21.2, 37.700000000299838 ], [ 21.100000000199884, 37.599999999600357 ], [ 20.499999999600334, 37.099999999700287 ], [ 19.999999999700265, 37.700000000299838 ] ] ] } },
{ "type": "Feature", "properties": { "OBJECTID": 18.0, "LONC": 21.55, "LATC": 38.050027, "IDAS": "GRAS375", "A": 4.2, "B": 1.0, "TECREG": "Active", "TECTONICS": "Active Shallow Crust", "SS": 40, "NF": 60, "TF": 0, "MINDEPTH": 0, "HYPODEPTH1": 2, "HYPODEPTH2": 10, "HYPODEPTH3": 18, "MAXDEPTH": 20, "WHDEPTH1": 0.1, "WHDEPTH2": 0.4, "WHDEPTH3": 0.5, "MAXMAG01": 7.5, "MAXMAG02": 7.7, "MAXMAG03": 7.9, "MAXMAG04": 8.1, "WMAXMAG01": 0.5, "WMAXMAG02": 0.2, "WMAXMAG03": 0.2, "WMAXMAG04": 0.1, "STRIKE1": 0.0, "STRIKE2": 136.704, "STRIKE3": 214.940754, "STRIKE4": 317.49268, "DIP1": 0.0, "DIP2": 56.725, "DIP3": 75.693836, "DIP4": 60.65742, "DIRWEIGHT1": 0.0, "DIRWEIGHT2": 0.026316, "DIRWEIGHT3": 0.535088, "DIRWEIGHT4": 0.438596, "Shape_Leng": 5.3337515546600001, "Shape_Area": 1.3390926599499999 }, "geometry": { "type": "Polygon", "coordinates": [ [ [ 20.899999999700299, 38.100000000399746 ], [ 20.899999999700299, 38.399999999800229 ], [ 20.899999999700299, 38.700000000099976 ], [ 20.899999999700299, 38.899999999700299 ], [ 20.899999999700299, 39.000000000399723 ], [ 21.500000000299849, 39.000000000399723 ], [ 21.500000000299849, 38.75 ], [ 21.500000000299849, 38.499999999600334 ], [ 21.733333000117909, 38.13333299971822 ], [ 21.816392000190717, 37.999999999700265 ], [ 22.0074999998252, 37.700000000299838 ], [ 22.199999999800184, 37.4 ], [ 21.874999999550369, 37.250000000299849 ], [ 21.550119000291659, 37.100055000437976 ], [ 21.100000000199884, 37.599999999600357 ], [ 21.2, 37.700000000299838 ], [ 21.050000000299804, 37.899999999900103 ], [ 20.899999999700299, 38.100000000399746 ] ] ] } },
{ "type": "Feature", "properties": { "OBJECTID": 19.0, "LONC": 22.22506, "LATC": 36.725, "IDAS": "GRAS376", "A": 3.5, "B": 0.9, "TECREG": "Active", "TECTONICS": "Active Shallow Crust", "SS": 35, "NF": 15, "TF": 50, "MINDEPTH": 0, "HYPODEPTH1": 2, "HYPODEPTH2": 10, "HYPODEPTH3": 18, "MAXDEPTH": 20, "WHDEPTH1": 0.1, "WHDEPTH2": 0.4, "WHDEPTH3": 0.5, "MAXMAG01": 7.5, "MAXMAG02": 7.7, "MAXMAG03": 7.9, "MAXMAG04": 8.1, "WMAXMAG01": 0.5, "WMAXMAG02": 0.2, "WMAXMAG03": 0.2, "WMAXMAG04": 0.1, "STRIKE1": 0.0, "STRIKE2": 160.931141, "STRIKE3": 197.081429, "STRIKE4": 329.110867, "DIP1": 0.0, "DIP2": 54.754014, "DIP3": 57.273286, "DIP4": 54.092433, "DIRWEIGHT1": 0.0, "DIRWEIGHT2": 0.581967, "DIRWEIGHT3": 0.172131, "DIRWEIGHT4": 0.245902, "Shape_Leng": 3.8748289649599998, "Shape_Area": 0.83244918752899999 }, "geometry": { "type": "Polygon", "coordinates": [ [ [ 21.550119000291659, 37.100055000437976 ], [ 21.874999999550369, 37.250000000299849 ], [ 22.199999999800184, 37.4 ], [ 22.433332999618301, 37.133332999918082 ], [ 22.666667000381835, 36.86666699988217 ], [ 22.900000000199896, 36.599999999800218 ], [ 22.699999999700253, 36.325000000349803 ], [ 22.500000000099988, 36.05 ], [ 22.299999999600345, 36.274999999550403 ], [ 22.1, 36.5 ], [ 21.550119000291659, 37.100055000437976 ] ] ] } },
{ "type": "Feature", "properties": { "OBJECTID": 20.0, "LONC": 23.325, "LATC": 37.55, "IDAS": "GRAS379", "A": 3.8, "B": 1.0, "TECREG": "Active", "TECTONICS": "Active Shallow Crust", "SS": 25, "NF": 50, "TF": 25, "MINDEPTH": 0, "HYPODEPTH1": 2, "HYPODEPTH2": 10, "HYPODEPTH3": 18, "MAXDEPTH": 20, "WHDEPTH1": 0.1, "WHDEPTH2": 0.4, "WHDEPTH3": 0.5, "MAXMAG01": 7.5, "MAXMAG02": 7.7, "MAXMAG03": 7.9, "MAXMAG04": 8.1, "WMAXMAG01": 0.5, "WMAXMAG02": 0.2, "WMAXMAG03": 0.2, "WMAXMAG04": 0.1, "STRIKE1": 0.0, "STRIKE2": 0.0, "STRIKE3": 0.0, "STRIKE4": 0.0, "DIP1": 0.0, "DIP2": 0.0, "DIP3": 0.0, "DIP4": 0.0, "DIRWEIGHT1": 0.0, "DIRWEIGHT2": 0.0, "DIRWEIGHT3": 0.0, "DIRWEIGHT4": 0.0, "Shape_Leng": 2.9636988792, "Shape_Area": 0.51750000038199995 }, "geometry": { "type": "Polygon", "coordinates": [ [ [ 22.749999999600334, 37.650000000399757 ], [ 23.12499999975023, 37.825000000050011 ], [ 23.499999999900126, 37.999999999700265 ], [ 23.700000000399768, 37.750000000199918 ], [ 23.9, 37.499999999800195 ], [ 23.700000000399768, 37.30000000019993 ], [ 23.499999999900126, 37.099999999700287 ], [ 23.12499999975023, 37.375000000050022 ], [ 22.749999999600334, 37.650000000399757 ] ] ] } },
{ "type": "Feature", "properties": { "OBJECTID": 21.0, "LONC": 23.508196, "LATC": 36.75, "IDAS": "GRAS381", "A": 3.4, "B": 0.9, "TECREG": "Active", "TECTONICS": "Active Shallow Crust", "SS": 25, "NF": 50, "TF": 25, "MINDEPTH": 0, "HYPODEPTH1": 2, "HYPODEPTH2": 10, "HYPODEPTH3": 18, "MAXDEPTH": 20, "WHDEPTH1": 0.1, "WHDEPTH2": 0.4, "WHDEPTH3": 0.5, "MAXMAG01": 7.5, "MAXMAG02": 7.7, "MAXMAG03": 7.9, "MAXMAG04": 8.1, "WMAXMAG01": 0.5, "WMAXMAG02": 0.2, "WMAXMAG03": 0.2, "WMAXMAG04": 0.1, "STRIKE1": 50.786882, "STRIKE2": 116.653104, "STRIKE3": 248.04414, "STRIKE4": 318.021659, "DIP1": 54.111706, "DIP2": 52.67326, "DIP3": 56.645442, "DIP4": 55.237734, "DIRWEIGHT1": 0.051672, "DIRWEIGHT2": 0.291793, "DIRWEIGHT3": 0.130699, "DIRWEIGHT4": 0.525836, "Shape_Leng": 8.9894728338800007, "Shape_Area": 2.92154119977 }, "geometry": { "type": "Polygon", "coordinates": [ [ [ 21.816392000190717, 37.999999999700265 ], [ 22.350000000399746, 37.999999999700265 ], [ 22.55, 37.825000000050011 ], [ 22.749999999600334, 37.650000000399757 ], [ 23.12499999975023, 37.375000000050022 ], [ 23.499999999900126, 37.099999999700287 ], [ 23.800000000199873, 36.900000000099965 ], [ 24.099999999600357, 36.699999999600379 ], [ 24.46666700038179, 36.566666999582424 ], [ 24.833333000217863, 36.43333300041769 ], [ 25.200000000099976, 36.300000000399734 ], [ 25.100000000299815, 35.900000000299826 ], [ 24.999999999600334, 35.500000000199918 ], [ 24.750000000099988, 35.500000000199918 ], [ 24.600000000399746, 35.500000000199918 ], [ 24.200000000299838, 35.500000000199918 ], [ 23.875000000050022, 35.774999999650333 ], [ 23.549999999800207, 36.05 ], [ 23.224999999550391, 36.325000000349803 ], [ 22.900000000199896, 36.599999999800218 ], [ 22.666667000381835, 36.86666699988217 ], [ 22.433332999618301, 37.133332999918082 ], [ 22.199999999800184, 37.4 ], [ 22.0074999998252, 37.700000000299838 ], [ 21.816392000190717, 37.999999999700265 ] ] ] } },
{ "type": "Feature", "properties": { "OBJECTID": 22.0, "LONC": 23.634304, "LATC": 38.252185, "IDAS": "GRAS383", "A": 2.9, "B": 0.8, "TECREG": "Active", "TECTONICS": "Active Shallow Crust", "SS": 40, "NF": 60, "TF": 0, "MINDEPTH": 0, "HYPODEPTH1": 2, "HYPODEPTH2": 10, "HYPODEPTH3": 18, "MAXDEPTH": 20, "WHDEPTH1": 0.1, "WHDEPTH2": 0.4, "WHDEPTH3": 0.5, "MAXMAG01": 7.5, "MAXMAG02": 7.7, "MAXMAG03": 7.9, "MAXMAG04": 8.1, "WMAXMAG01": 0.5, "WMAXMAG02": 0.2, "WMAXMAG03": 0.2, "WMAXMAG04": 0.1, "STRIKE1": 77.235375, "STRIKE2": 119.308, "STRIKE3": 251.883667, "STRIKE4": 287.630462, "DIP1": 51.71425, "DIP2": 54.170111, "DIP3": 59.094333, "DIP4": 52.927026, "DIRWEIGHT1": 0.123077, "DIRWEIGHT2": 0.138462, "DIRWEIGHT3": 0.138462, "DIRWEIGHT4": 0.6, "Shape_Leng": 3.6077749795699998, "Shape_Area": 0.47801310153299997 }, "geometry": { "type": "Polygon", "coordinates": [ [ [ 22.800000000399734, 38.499999999600334 ], [ 24.245483999686883, 38.504369999675816 ], [ 24.378898999888975, 38.409894000108068 ], [ 24.468609000005415, 38.346482000444041 ], [ 23.499999999900126, 37.999999999700265 ], [ 23.149999999700299, 38.250000000099988 ], [ 22.800000000399734, 38.499999999600334 ] ] ] } },
{ "type": "Feature", "properties": { "OBJECTID": 23.0, "LONC": 22.872742, "LATC": 38.752873, "IDAS": "GRAS384", "A": 3.8, "B": 0.95, "TECREG": "Active", "TECTONICS": "Active Shallow Crust", "SS": 40, "NF": 60, "TF": 0, "MINDEPTH": 0, "HYPODEPTH1": 2, "HYPODEPTH2": 10, "HYPODEPTH3": 18, "MAXDEPTH": 20, "WHDEPTH1": 0.1, "WHDEPTH2": 0.4, "WHDEPTH3": 0.5, "MAXMAG01": 7.5, "MAXMAG02": 7.7, "MAXMAG03": 7.9, "MAXMAG04": 8.1, "WMAXMAG01": 0.5, "WMAXMAG02": 0.2, "WMAXMAG03": 0.2, "WMAXMAG04": 0.1, "STRIKE1": 66.977, "STRIKE2": 127.892292, "STRIKE3": 249.710269, "STRIKE4": 289.799967, "DIP1": 55.438, "DIP2": 63.553542, "DIP3": 55.673462, "DIP4": 54.532856, "DIRWEIGHT1": 0.00431, "DIRWEIGHT2": 0.103448, "DIRWEIGHT3": 0.112069, "DIRWEIGHT4": 0.780172, "Shape_Leng": 6.1712675510199997, "Shape_Area": 1.22803654557 }, "geometry": { "type": "Polygon", "coordinates": [ [ [ 21.500000000299849, 38.499999999600334 ], [ 21.500000000299849, 38.75 ], [ 21.500000000299849, 39.000000000399723 ], [ 23.638373000313777, 39.005747000124018 ], [ 23.839237000187438, 38.843208999595731 ], [ 24.245483999686883, 38.504369999675816 ], [ 22.800000000399734, 38.499999999600334 ], [ 22.350000000399746, 38.499999999600334 ], [ 22.050000000099999, 38.499999999600334 ], [ 21.925000000349769, 38.499999999600334 ], [ 21.500000000299849, 38.499999999600334 ] ] ] } },
{ "type": "Feature", "properties": { "OBJECTID": 24.0, "LONC": 22.075, "LATC": 39.6, "IDAS": "GRAS385", "A": 4.2, "B": 1.0, "TECREG": "Active", "TECTONICS": "Active Shallow Crust", "SS": 20, "NF": 60, "TF": 20, "MINDEPTH": 0, "HYPODEPTH1": 2, "HYPODEPTH2": 10, "HYPODEPTH3": 18, "MAXDEPTH": 20, "WHDEPTH1": 0.1, "WHDEPTH2": 0.4, "WHDEPTH3": 0.5, "MAXMAG01": 7.5, "MAXMAG02": 7.7, "MAXMAG03": 7.9, "MAXMAG04": 8.1, "WMAXMAG01": 0.5, "WMAXMAG02": 0.2, "WMAXMAG03": 0.2, "WMAXMAG04": 0.1, "STRIKE1": 67.568, "STRIKE2": 116.852962, "STRIKE3": 265.121333, "STRIKE4": 281.646, "DIP1": 69.915, "DIP2": 62.721346, "DIP3": 50.506667, "DIP4": 51.64025, "DIRWEIGHT1": 0.030928, "DIRWEIGHT2": 0.268041, "DIRWEIGHT3": 0.123711, "DIRWEIGHT4": 0.57732, "Shape_Leng": 5.5485281396700001, "Shape_Area": 1.1625000012 }, "geometry": { "type": "Polygon", "coordinates": [ [ [ 20.899999999700299, 39.299999999800207 ], [ 20.899999999700299, 39.900000000399757 ], [ 22.800000000399734, 39.900000000399757 ], [ 23.250000000399723, 39.450000000399768 ], [ 22.350000000399746, 39.450000000399768 ], [ 22.199999999800184, 39.299999999800207 ], [ 20.899999999700299, 39.299999999800207 ] ] ] } },
{ "type": "Feature", "properties": { "OBJECTID": 25.0, "LONC": 22.269186, "LATC": 39.225, "IDAS": "GRAS386", "A": 3.11, "B": 0.8, "TECREG": "Active", "TECTONICS": "Active Shallow Crust", "SS": 20, "NF": 60, "TF": 20, "MINDEPTH": 0, "HYPODEPTH1": 2, "HYPODEPTH2": 10, "HYPODEPTH3": 18, "MAXDEPTH": 20, "WHDEPTH1": 0.1, "WHDEPTH2": 0.4, "WHDEPTH3": 0.5, "MAXMAG01": 7.5, "MAXMAG02": 7.7, "MAXMAG03": 7.9, "MAXMAG04": 8.1, "WMAXMAG01": 0.5, "WMAXMAG02": 0.2, "WMAXMAG03": 0.2, "WMAXMAG04": 0.1, "STRIKE1": 84.6065, "STRIKE2": 100.107471, "STRIKE3": 244.593526, "STRIKE4": 290.959553, "DIP1": 50.405675, "DIP2": 54.044265, "DIP3": 55.690421, "DIP4": 50.027298, "DIRWEIGHT1": 0.285714, "DIRWEIGHT2": 0.242857, "DIRWEIGHT3": 0.135714, "DIRWEIGHT4": 0.335714, "Shape_Leng": 6.0412414726000003, "Shape_Area": 0.92953741896099995 }, "geometry": { "type": "Polygon", "coordinates": [ [ [ 20.899999999700299, 39.000000000399723 ], [ 20.899999999700299, 39.299999999800207 ], [ 22.199999999800184, 39.299999999800207 ], [ 22.350000000399746, 39.450000000399768 ], [ 23.250000000399723, 39.450000000399768 ], [ 23.450131999792006, 39.200120000137929 ], [ 23.574665999636238, 39.071537999778911 ], [ 23.638373000313777, 39.005747000124018 ], [ 21.500000000299849, 39.000000000399723 ], [ 20.899999999700299, 39.000000000399723 ] ] ] } },
{ "type": "Feature", "properties": { "OBJECTID": 26.0, "LONC": 21.804684, "LATC": 40.475642, "IDAS": "GRAS387", "A": 3.15, "B": 0.85, "TECREG": "Active", "TECTONICS": "Active Shallow Crust", "SS": 20, "NF": 60, "TF": 20, "MINDEPTH": 0, "HYPODEPTH1": 2, "HYPODEPTH2": 10, "HYPODEPTH3": 18, "MAXDEPTH": 20, "WHDEPTH1": 0.1, "WHDEPTH2": 0.4, "WHDEPTH3": 0.5, "MAXMAG01": 7.5, "MAXMAG02": 7.7, "MAXMAG03": 7.9, "MAXMAG04": 8.1, "WMAXMAG01": 0.5, "WMAXMAG02": 0.2, "WMAXMAG03": 0.2, "WMAXMAG04": 0.1, "STRIKE1": 53.254556, "STRIKE2": 101.62625, "STRIKE3": 228.099333, "STRIKE4": 286.981, "DIP1": 53.563968, "DIP2": 51.35975, "DIP3": 51.852293, "DIP4": 48.603615, "DIRWEIGHT1": 0.328125, "DIRWEIGHT2": 0.020833, "DIRWEIGHT3": 0.515625, "DIRWEIGHT4": 0.135417, "Shape_Leng": 5.2000697762200003, "Shape_Area": 1.3883723612800001 }, "geometry": { "type": "Polygon", "coordinates": [ [ [ 20.809368000233064, 39.89953899982504 ], [ 20.899937000392299, 40.599953999577451 ], [ 21.649930000369295, 41.051746000377648 ], [ 22.800000000399734, 39.900000000399757 ], [ 20.899999999700299, 39.900000000399757 ], [ 20.809368000233064, 39.89953899982504 ] ] ] } },
{ "type": "Feature", "properties": { "OBJECTID": 27.0, "LONC": 22.751336, "LATC": 40.350055, "IDAS": "GRAS388", "A": 4.1, "B": 1.0, "TECREG": "Active", "TECTONICS": "Active Shallow Crust", "SS": 40, "NF": 60, "TF": 0, "MINDEPTH": 0, "HYPODEPTH1": 2, "HYPODEPTH2": 10, "HYPODEPTH3": 18, "MAXDEPTH": 20, "WHDEPTH1": 0.1, "WHDEPTH2": 0.4, "WHDEPTH3": 0.5, "MAXMAG01": 7.5, "MAXMAG02": 7.7, "MAXMAG03": 7.9, "MAXMAG04": 8.1, "WMAXMAG01": 0.5, "WMAXMAG02": 0.2, "WMAXMAG03": 0.2, "WMAXMAG04": 0.1, "STRIKE1": 61.092551, "STRIKE2": 103.421609, "STRIKE3": 257.561813, "STRIKE4": 289.296625, "DIP1": 62.870592, "DIP2": 58.350739, "DIP3": 48.136687, "DIP4": 54.211857, "DIRWEIGHT1": 0.30625, "DIRWEIGHT2": 0.14375, "DIRWEIGHT3": 0.2, "DIRWEIGHT4": 0.35, "Shape_Leng": 6.8222735566, "Shape_Area": 1.79058167626 }, "geometry": { "type": "Polygon", "coordinates": [ [ [ 21.5026720003126, 41.199857000200439 ], [ 22.100018999976896, 41.4999900003383 ], [ 22.630061000314981, 40.970037999654039 ], [ 23.999999999800195, 39.699999999900115 ], [ 23.450131999792006, 39.200120000137929 ], [ 23.250000000399723, 39.450000000399768 ], [ 22.800000000399734, 39.900000000399757 ], [ 21.649930000369295, 41.051746000377648 ], [ 21.556707000128029, 41.145603000178369 ], [ 21.5026720003126, 41.199857000200439 ] ] ] } },
{ "type": "Feature", "properties": { "OBJECTID": 28.0, "LONC": 22.550642, "LATC": 41.314485, "IDAS": "MKAS389", "A": 2.6, "B": 0.8, "TECREG": "Active", "TECTONICS": "Active Shallow Crust", "SS": 20, "NF": 60, "TF": 20, "MINDEPTH": 0, "HYPODEPTH1": 2, "HYPODEPTH2": 10, "HYPODEPTH3": 18, "MAXDEPTH": 20, "WHDEPTH1": 0.1, "WHDEPTH2": 0.4, "WHDEPTH3": 0.5, "MAXMAG01": 7.5, "MAXMAG02": 7.7, "MAXMAG03": 7.9, "MAXMAG04": 8.1, "WMAXMAG01": 0.5, "WMAXMAG02": 0.2, "WMAXMAG03": 0.2, "WMAXMAG04": 0.1, "STRIKE1": 62.7095, "STRIKE2": 105.088962, "STRIKE3": 0.0, "STRIKE4": 301.322477, "DIP1": 56.725083, "DIP2": 46.315846, "DIP3": 0.0, "DIP4": 54.322886, "DIRWEIGHT1": 0.146341, "DIRWEIGHT2": 0.317073, "DIRWEIGHT3": 0.0, "DIRWEIGHT4": 0.536585, "Shape_Leng": 2.4460732202800002, "Shape_Area": 0.36913824840800002 }, "geometry": { "type": "Polygon", "coordinates": [ [ [ 22.100018999976896, 41.4999900003383 ], [ 22.331527000170979, 41.610793000096919 ], [ 22.470937999888861, 41.65893199961215 ], [ 23.001264999879879, 41.504991999880929 ], [ 22.99926899956472, 41.199546000247778 ], [ 22.630061000314981, 40.970037999654039 ], [ 22.100018999976896, 41.4999900003383 ] ] ] } },
{ "type": "Feature", "properties": { "OBJECTID": 29.0, "LONC": 23.56503, "LATC": 40.449773, "IDAS": "GRAS390", "A": 3.6, "B": 0.88, "TECREG": "Active", "TECTONICS": "Active Shallow Crust", "SS": 20, "NF": 60, "TF": 20, "MINDEPTH": 0, "HYPODEPTH1": 2, "HYPODEPTH2": 10, "HYPODEPTH3": 18, "MAXDEPTH": 20, "WHDEPTH1": 0.1, "WHDEPTH2": 0.4, "WHDEPTH3": 0.5, "MAXMAG01": 7.5, "MAXMAG02": 7.7, "MAXMAG03": 7.9, "MAXMAG04": 8.1, "WMAXMAG01": 0.5, "WMAXMAG02": 0.2, "WMAXMAG03": 0.2, "WMAXMAG04": 0.1, "STRIKE1": 70.927812, "STRIKE2": 106.487955, "STRIKE3": 259.891316, "STRIKE4": 291.366048, "DIP1": 68.031087, "DIP2": 62.950795, "DIP3": 45.497895, "DIP4": 46.625911, "DIRWEIGHT1": 0.23, "DIRWEIGHT2": 0.293333, "DIRWEIGHT3": 0.063333, "DIRWEIGHT4": 0.413333, "Shape_Leng": 4.8148000740599999, "Shape_Area": 0.98216881532800004 }, "geometry": { "type": "Polygon", "coordinates": [ [ [ 22.630061000314981, 40.970037999654039 ], [ 22.99926899956472, 41.199546000247778 ], [ 23.530000000199891, 40.800000000399734 ], [ 24.499999999700265, 40.199999999800184 ], [ 23.999999999800195, 39.699999999900115 ], [ 22.630061000314981, 40.970037999654039 ] ] ] } },
{ "type": "Feature", "properties": { "OBJECTID": 30.0, "LONC": 24.101317, "LATC": 41.152678, "IDAS": "GRAS392", "A": 2.9, "B": 0.8, "TECREG": "Active", "TECTONICS": "Active Shallow Crust", "SS": 20, "NF": 60, "TF": 20, "MINDEPTH": 0, "HYPODEPTH1": 2, "HYPODEPTH2": 10, "HYPODEPTH3": 18, "MAXDEPTH": 20, "WHDEPTH1": 0.1, "WHDEPTH2": 0.4, "WHDEPTH3": 0.5, "MAXMAG01": 7.5, "MAXMAG02": 7.7, "MAXMAG03": 7.9, "MAXMAG04": 8.1, "WMAXMAG01": 0.5, "WMAXMAG02": 0.2, "WMAXMAG03": 0.2, "WMAXMAG04": 0.1, "STRIKE1": 84.976233, "STRIKE2": 105.520692, "STRIKE3": 260.5032, "STRIKE4": 0.0, "DIP1": 54.5166, "DIP2": 53.517354, "DIP3": 46.4521, "DIP4": 0.0, "DIRWEIGHT1": 0.285714, "DIRWEIGHT2": 0.619048, "DIRWEIGHT3": 0.095238, "DIRWEIGHT4": 0.0, "Shape_Leng": 4.9894740285500001, "Shape_Area": 1.0535270646599999 }, "geometry": { "type": "Polygon", "coordinates": [ [ [ 22.99926899956472, 41.199546000247778 ], [ 23.001264999879879, 41.504991999880929 ], [ 23.893625000093721, 41.505355000432985 ], [ 24.531016000088357, 41.500767000196959 ], [ 24.985921999700565, 41.403647000109004 ], [ 25.203364999695054, 41.18637399986028 ], [ 23.530000000199891, 40.800000000399734 ], [ 22.99926899956472, 41.199546000247778 ] ] ] } },
{ "type": "Feature", "properties": { "OBJECTID": 31.0, "LONC": 23.050832, "LATC": 35.125059, "IDAS": "GRAS400", "A": 4.1, "B": 1.0, "TECREG": "Active", "TECTONICS": "Active Shallow Crust", "SS": 35, "NF": 15, "TF": 50, "MINDEPTH": 0, "HYPODEPTH1": 2, "HYPODEPTH2": 10, "HYPODEPTH3": 18, "MAXDEPTH": 50, "WHDEPTH1": 0.1, "WHDEPTH2": 0.4, "WHDEPTH3": 0.5, "MAXMAG01": 7.1, "MAXMAG02": 7.7, "MAXMAG03": 7.9, "MAXMAG04": 8.1, "WMAXMAG01": 0.5, "WMAXMAG02": 0.2, "WMAXMAG03": 0.2, "WMAXMAG04": 0.1, "STRIKE1": 0.0, "STRIKE2": 0.0, "STRIKE3": 0.0, "STRIKE4": 0.0, "DIP1": 0.0, "DIP2": 0.0, "DIP3": 0.0, "DIP4": 0.0, "DIRWEIGHT1": 0.0, "DIRWEIGHT2": 0.0, "DIRWEIGHT3": 0.0, "DIRWEIGHT4": 0.0, "Shape_Leng": 6.5530747524899997, "Shape_Area": 1.96561722093 }, "geometry": { "type": "Polygon", "coordinates": [ [ [ 21.701664000193489, 35.601836000131357 ], [ 22.1, 35.824999999550414 ], [ 22.500000000099988, 36.05 ], [ 23.850000000099953, 35.15 ], [ 24.124999999550369, 34.92499999955038 ], [ 24.399999999900103, 34.7 ], [ 24.099999999600357, 34.449999999600379 ], [ 23.800140000360784, 34.20011700009951 ], [ 22.563522000340072, 35.026139999761256 ], [ 21.701664000193489, 35.601836000131357 ] ] ] } },
{ "type": "Feature", "properties": { "OBJECTID": 32.0, "LONC": 23.35, "LATC": 35.875, "IDAS": "GRAS402", "A": 3.2, "B": 0.84, "TECREG": "Active", "TECTONICS": "Active Shallow Crust", "SS": 35, "NF": 15, "TF": 50, "MINDEPTH": 0, "HYPODEPTH1": 2, "HYPODEPTH2": 10, "HYPODEPTH3": 18, "MAXDEPTH": 20, "WHDEPTH1": 0.1, "WHDEPTH2": 0.4, "WHDEPTH3": 0.5, "MAXMAG01": 7.5, "MAXMAG02": 7.7, "MAXMAG03": 7.9, "MAXMAG04": 8.1, "WMAXMAG01": 0.5, "WMAXMAG02": 0.2, "WMAXMAG03": 0.2, "WMAXMAG04": 0.1, "STRIKE1": 13.332364, "STRIKE2": 149.792115, "STRIKE3": 192.04875, "STRIKE4": 336.596786, "DIP1": 59.314545, "DIP2": 58.587049, "DIP3": 67.58325, "DIP4": 60.8245, "DIRWEIGHT1": 0.094828, "DIRWEIGHT2": 0.525862, "DIRWEIGHT3": 0.137931, "DIRWEIGHT4": 0.241379, "Shape_Leng": 4.5004849828199998, "Shape_Area": 0.97124999994000005 }, "geometry": { "type": "Polygon", "coordinates": [ [ [ 22.500000000099988, 36.05 ], [ 22.699999999700253, 36.325000000349803 ], [ 22.900000000199896, 36.599999999800218 ], [ 23.224999999550391, 36.325000000349803 ], [ 23.549999999800207, 36.05 ], [ 23.875000000050022, 35.774999999650333 ], [ 24.200000000299838, 35.500000000199918 ], [ 24.024999999750264, 35.324999999650288 ], [ 23.850000000099953, 35.15 ], [ 22.500000000099988, 36.05 ] ] ] } },
{ "type": "Feature", "properties": { "OBJECTID": 33.0, "LONC": 28.522454, "LATC": 40.054961, "IDAS": "TRAS334", "A": 4.5, "B": 1.0, "TECREG": "Active", "TECTONICS": "Active Shallow Crust", "SS": 60, "NF": 25, "TF": 15, "MINDEPTH": 0, "HYPODEPTH1": 2, "HYPODEPTH2": 10, "HYPODEPTH3": 18, "MAXDEPTH": 20, "WHDEPTH1": 0.1, "WHDEPTH2": 0.4, "WHDEPTH3": 0.5, "MAXMAG01": 8.0, "MAXMAG02": 8.2, "MAXMAG03": 8.4, "MAXMAG04": 8.6, "WMAXMAG01": 0.5, "WMAXMAG02": 0.2, "WMAXMAG03": 0.2, "WMAXMAG04": 0.1, "STRIKE1": 65.667436, "STRIKE2": 100.3537, "STRIKE3": 247.266829, "STRIKE4": 277.671538, "DIP1": 78.738084, "DIP2": 75.924986, "DIP3": 80.04585, "DIP4": 52.032474, "DIRWEIGHT1": 0.410468, "DIRWEIGHT2": 0.096419, "DIRWEIGHT3": 0.257576, "DIRWEIGHT4": 0.235537, "Shape_Leng": 10.7186076424, "Shape_Area": 1.8228009402400001 }, "geometry": { "type": "Polygon", "coordinates": [ [ [ 31.105748999816512, 40.549120999934246 ], [ 30.295555999909539, 40.446617999820887 ], [ 29.743214000026114, 40.259202999618765 ], [ 29.446724999758999, 40.165634999655538 ], [ 29.125978999631172, 40.139637999594072 ], [ 28.824182000099256, 40.066578000174616 ], [ 27.014311999998824, 39.718382999575795 ], [ 26.501288000241061, 39.593947999800378 ], [ 26.247403999694882, 39.542538999675173 ], [ 25.939158999588187, 39.531804000154523 ], [ 25.999339000394627, 39.599785000077759 ], [ 26.12931200014873, 39.68460400037435 ], [ 26.30132699974132, 39.837771999578194 ], [ 26.580130000099473, 40.081575000186149 ], [ 27.01838199972957, 40.161178000064695 ], [ 27.485826000169823, 40.316483999836748 ], [ 27.762981000073125, 40.391964000238488 ], [ 28.075549999932605, 40.464494000397849 ], [ 28.466277999630051, 40.488674000304911 ], [ 28.696376999598897, 40.565061000265018 ], [ 29.867342000033318, 40.574030000184393 ], [ 30.15334299957982, 40.578117999845858 ], [ 30.627293999718347, 40.549120999934246 ], [ 31.105748999816512, 40.549120999934246 ] ] ] } },
{ "type": "Feature", "properties": { "OBJECTID": 34.0, "LONC": 31.836781, "LATC": 39.316196, "IDAS": "TRAS335", "A": 3.9, "B": 1.0, "TECREG": "Active", "TECTONICS": "Active Shallow Crust", "SS": 50, "NF": 40, "TF": 10, "MINDEPTH": 0, "HYPODEPTH1": 2, "HYPODEPTH2": 10, "HYPODEPTH3": 18, "MAXDEPTH": 20, "WHDEPTH1": 0.1, "WHDEPTH2": 0.4, "WHDEPTH3": 0.5, "MAXMAG01": 7.5, "MAXMAG02": 7.7, "MAXMAG03": 7.9, "MAXMAG04": 8.1, "WMAXMAG01": 0.5, "WMAXMAG02": 0.2, "WMAXMAG03": 0.2, "WMAXMAG04": 0.1, "STRIKE1": 45.920739, "STRIKE2": 121.569575, "STRIKE3": 265.16, "STRIKE4": 296.313769, "DIP1": 49.852, "DIP2": 72.957123, "DIP3": 73.219222, "DIP4": 71.737308, "DIRWEIGHT1": 0.088123, "DIRWEIGHT2": 0.653257, "DIRWEIGHT3": 0.034483, "DIRWEIGHT4": 0.224138, "Shape_Leng": 9.9450499845299998, "Shape_Area": 1.9738104618500001 }, "geometry": { "type": "Polygon", "coordinates": [ [ [ 28.824182000099256, 40.066578000174616 ], [ 29.125978999631172, 40.139637999594072 ], [ 29.446773000173891, 40.165632999563343 ], [ 29.743214000026114, 40.259202999618765 ], [ 30.359321999710573, 40.099557000255402 ], [ 30.911090000103457, 39.969836999577922 ], [ 31.321705999632229, 39.830143000299302 ], [ 31.950474000374868, 39.530795000388991 ], [ 32.746042000338093, 39.131664999939858 ], [ 33.015514000270969, 38.93210099976136 ], [ 33.286629000428093, 38.64181400041582 ], [ 33.346057999876848, 38.560173000083921 ], [ 32.951354000286926, 38.373316999579913 ], [ 32.694714000350871, 38.602816999804759 ], [ 32.399578000424412, 38.822339000344641 ], [ 31.933457999886855, 39.076420000082976 ], [ 31.490797000181487, 39.248907999904304 ], [ 30.97468900029719, 39.425265000079719 ], [ 30.371980999823336, 39.580858999643169 ], [ 29.939670999916757, 39.715491000209568 ], [ 29.632941999573688, 39.813481999994337 ], [ 28.824182000099256, 40.066578000174616 ] ] ] } },
{ "type": "Feature", "properties": { "OBJECTID": 35.0, "LONC": 30.354782, "LATC": 39.307624, "IDAS": "TRAS336", "A": 4.0, "B": 1.03, "TECREG": "Active", "TECTONICS": "Active Shallow Crust", "SS": 40, "NF": 50, "TF": 10, "MINDEPTH": 0, "HYPODEPTH1": 2, "HYPODEPTH2": 10, "HYPODEPTH3": 18, "MAXDEPTH": 20, "WHDEPTH1": 0.1, "WHDEPTH2": 0.4, "WHDEPTH3": 0.5, "MAXMAG01": 7.5, "MAXMAG02": 7.7, "MAXMAG03": 7.9, "MAXMAG04": 8.1, "WMAXMAG01": 0.5, "WMAXMAG02": 0.2, "WMAXMAG03": 0.2, "WMAXMAG04": 0.1, "STRIKE1": 32.0485, "STRIKE2": 150.114, "STRIKE3": 231.571429, "STRIKE4": 305.283655, "DIP1": 50.655167, "DIP2": 50.747, "DIP3": 67.562429, "DIP4": 60.265473, "DIRWEIGHT1": 0.086957, "DIRWEIGHT2": 0.014493, "DIRWEIGHT3": 0.101449, "DIRWEIGHT4": 0.797101, "Shape_Leng": 5.0986781457700001, "Shape_Area": 0.98369761725500005 }, "geometry": { "type": "Polygon", "coordinates": [ [ [ 29.217582999855608, 39.401266000425608 ], [ 29.632941999573688, 39.813481999994337 ], [ 29.939670999916757, 39.715491000209568 ], [ 30.371980999823336, 39.580858999643169 ], [ 30.97468900029719, 39.425265000079719 ], [ 31.490797000181487, 39.248907999904304 ], [ 31.096299000198769, 38.802495999890539 ], [ 30.321197999787898, 39.094436999967627 ], [ 29.7982160003682, 39.267699000408584 ], [ 29.374477000013599, 39.369835999831594 ], [ 29.217582999855608, 39.401266000425608 ] ] ] } },
{ "type": "Feature", "properties": { "OBJECTID": 36.0, "LONC": 27.539141, "LATC": 39.053559, "IDAS": "TRAS337", "A": 4.0, "B": 1.0, "TECREG": "Active", "TECTONICS": "Active Shallow Crust", "SS": 50, "NF": 30, "TF": 20, "MINDEPTH": 0, "HYPODEPTH1": 2, "HYPODEPTH2": 10, "HYPODEPTH3": 18, "MAXDEPTH": 20, "WHDEPTH1": 0.1, "WHDEPTH2": 0.4, "WHDEPTH3": 0.5, "MAXMAG01": 7.1, "MAXMAG02": 7.3, "MAXMAG03": 7.5, "MAXMAG04": 7.7, "WMAXMAG01": 0.5, "WMAXMAG02": 0.2, "WMAXMAG03": 0.2, "WMAXMAG04": 0.1, "STRIKE1": 30.419048, "STRIKE2": 140.936, "STRIKE3": 222.644186, "STRIKE4": 286.409381, "DIP1": 82.142857, "DIP2": 79.688724, "DIP3": 73.042323, "DIP4": 70.201071, "DIRWEIGHT1": 0.153285, "DIRWEIGHT2": 0.105839, "DIRWEIGHT3": 0.587591, "DIRWEIGHT4": 0.153285, "Shape_Leng": 4.2421262050399999, "Shape_Area": 0.918781352296 }, "geometry": { "type": "Polygon", "coordinates": [ [ [ 27.496036999807757, 39.680541000067137 ], [ 28.323836999577907, 39.637269000164281 ], [ 28.207767999793418, 39.494066000045905 ], [ 27.905797000331347, 39.119043999780843 ], [ 27.359544999801926, 38.426577999674976 ], [ 26.820651999590154, 38.784384000121577 ], [ 26.754445999683185, 38.801429000148289 ], [ 27.009720999624506, 39.110616999674846 ], [ 27.496036999807757, 39.680541000067137 ] ] ] } },
{ "type": "Feature", "properties": { "OBJECTID": 37.0, "LONC": 31.255513, "LATC": 38.425582, "IDAS": "TRAS338", "A": 4.5, "B": 1.0, "TECREG": "Active", "TECTONICS": "Active Shallow Crust", "SS": 40, "NF": 50, "TF": 10, "MINDEPTH": 0, "HYPODEPTH1": 2, "HYPODEPTH2": 10, "HYPODEPTH3": 18, "MAXDEPTH": 20, "WHDEPTH1": 0.1, "WHDEPTH2": 0.4, "WHDEPTH3": 0.5, "MAXMAG01": 7.1, "MAXMAG02": 7.3, "MAXMAG03": 7.5, "MAXMAG04": 7.7, "WMAXMAG01": 0.5, "WMAXMAG02": 0.2, "WMAXMAG03": 0.2, "WMAXMAG04": 0.1, "STRIKE1": 31.283515, "STRIKE2": 125.494067, "STRIKE3": 221.157082, "STRIKE4": 300.619951, "DIP1": 46.294833, "DIP2": 53.321441, "DIP3": 52.118888, "DIP4": 47.884841, "DIRWEIGHT1": 0.088829, "DIRWEIGHT2": 0.26245, "DIRWEIGHT3": 0.131898, "DIRWEIGHT4": 0.516824, "Shape_Leng": 10.9103916551, "Shape_Area": 2.5987515760200002 }, "geometry": { "type": "Polygon", "coordinates": [ [ [ 28.207767999793418, 39.494066000045905 ], [ 28.745713000354726, 39.461792000100786 ], [ 29.066509000090321, 39.431140000310791 ], [ 29.217582999855608, 39.401266000425608 ], [ 29.374477000013599, 39.369835999831594 ], [ 29.797925000438454, 39.26766799987837 ], [ 30.321197999787898, 39.094436999967627 ], [ 31.096299000198769, 38.802495999890539 ], [ 31.183765000254596, 38.767035999611721 ], [ 31.851246000202821, 38.427958000361457 ], [ 32.415621000109127, 38.01098399991173 ], [ 32.78774099964744, 37.673824000077616 ], [ 32.287301000141099, 37.35709800007271 ], [ 31.761196999741799, 37.745344000425348 ], [ 31.240890999619978, 38.123329999779742 ], [ 30.65376299996251, 38.427031999926896 ], [ 30.388188999922477, 38.542263999783813 ], [ 30.041725000008796, 38.654651999790019 ], [ 29.570159000137778, 38.782764000058592 ], [ 29.053677000093558, 38.89985600025426 ], [ 28.37358899973259, 39.05311199991894 ], [ 27.905797000331347, 39.119043999780843 ], [ 28.207767999793418, 39.494066000045905 ] ] ] } },
{ "type": "Feature", "properties": { "OBJECTID": 38.0, "LONC": 28.645346, "LATC": 38.231119, "IDAS": "TRAS339", "A": 4.0, "B": 0.9, "TECREG": "Active", "TECTONICS": "Active Shallow Crust", "SS": 20, "NF": 75, "TF": 5, "MINDEPTH": 0, "HYPODEPTH1": 2, "HYPODEPTH2": 10, "HYPODEPTH3": 18, "MAXDEPTH": 20, "WHDEPTH1": 0.1, "WHDEPTH2": 0.4, "WHDEPTH3": 0.5, "MAXMAG01": 7.1, "MAXMAG02": 7.3, "MAXMAG03": 7.5, "MAXMAG04": 7.7, "WMAXMAG01": 0.5, "WMAXMAG02": 0.2, "WMAXMAG03": 0.2, "WMAXMAG04": 0.1, "STRIKE1": 59.418345, "STRIKE2": 119.574317, "STRIKE3": 237.209864, "STRIKE4": 294.876788, "DIP1": 50.260793, "DIP2": 50.561829, "DIP3": 53.882833, "DIP4": 53.53303, "DIRWEIGHT1": 0.105072, "DIRWEIGHT2": 0.297101, "DIRWEIGHT3": 0.23913, "DIRWEIGHT4": 0.358696, "Shape_Leng": 6.1202006396700002, "Shape_Area": 1.18307692263 }, "geometry": { "type": "Polygon", "coordinates": [ [ [ 27.677636999847721, 38.831418999986909 ], [ 28.136988000296014, 38.762360999860334 ], [ 28.490771999628123, 38.698395999875572 ], [ 28.906763999758823, 38.564374999606571 ], [ 29.368048000315014, 38.283689999693763 ], [ 29.931147999880352, 37.879524999978798 ], [ 29.577131999742051, 37.630819999943071 ], [ 29.334375999752638, 37.712839999766231 ], [ 29.07476000017391, 37.749881000108132 ], [ 28.919681000078128, 37.760543999905735 ], [ 28.821889999623806, 37.778984999558133 ], [ 28.692502999913586, 37.770408999775555 ], [ 28.725375999602761, 38.086256999760792 ], [ 28.556867999858355, 38.229322999856606 ], [ 28.440232000006858, 38.305470999586987 ], [ 28.35858800043593, 38.342021999815472 ], [ 28.20696799977344, 38.378573000043957 ], [ 28.00480200011225, 38.39075699983573 ], [ 27.713218000310519, 38.378573000043957 ], [ 27.534382000029325, 38.39075699983573 ], [ 27.359544999801926, 38.426577999674976 ], [ 27.677636999847721, 38.831418999986909 ] ] ] } },
{ "type": "Feature", "properties": { "OBJECTID": 39.0, "LONC": 27.91934, "LATC": 37.810269, "IDAS": "TRAS340", "A": 3.0, "B": 0.8, "TECREG": "Active", "TECTONICS": "Active Shallow Crust", "SS": 35, "NF": 65, "TF": 0, "MINDEPTH": 0, "HYPODEPTH1": 2, "HYPODEPTH2": 10, "HYPODEPTH3": 18, "MAXDEPTH": 20, "WHDEPTH1": 0.1, "WHDEPTH2": 0.4, "WHDEPTH3": 0.5, "MAXMAG01": 7.1, "MAXMAG02": 7.3, "MAXMAG03": 7.5, "MAXMAG04": 7.7, "WMAXMAG01": 0.5, "WMAXMAG02": 0.2, "WMAXMAG03": 0.2, "WMAXMAG04": 0.1, "STRIKE1": 70.92348, "STRIKE2": 102.9825, "STRIKE3": 247.735754, "STRIKE4": 275.8238, "DIP1": 58.32404, "DIP2": 51.396333, "DIP3": 55.809446, "DIP4": 62.5072, "DIRWEIGHT1": 0.431034, "DIRWEIGHT2": 0.137931, "DIRWEIGHT3": 0.373563, "DIRWEIGHT4": 0.057471, "Shape_Leng": 3.9515627997, "Shape_Area": 0.59471093556900001 }, "geometry": { "type": "Polygon", "coordinates": [ [ [ 28.725375999602761, 38.086256999760792 ], [ 28.692502999913586, 37.770408999775555 ], [ 28.448064999700023, 37.751060999665469 ], [ 28.138826999666378, 37.702298000152609 ], [ 27.785827999662501, 37.666773999620432 ], [ 27.675641999578659, 37.65650199986743 ], [ 27.136486999875217, 37.533556999555913 ], [ 27.147006000226781, 37.634896999996613 ], [ 27.113589999778696, 37.970542000113255 ], [ 27.274005000430463, 38.002108999830511 ], [ 27.931940999977201, 38.06346299991759 ], [ 28.632933000257822, 38.087060999965217 ], [ 28.725375999602761, 38.086256999760792 ] ] ] } },
{ "type": "Feature", "properties": { "OBJECTID": 40.0, "LONC": 27.92098, "LATC": 37.250853, "IDAS": "TRAS341", "A": 4.0, "B": 1.0, "TECREG": "Active", "TECTONICS": "Active Shallow Crust", "SS": 20, "NF": 75, "TF": 5, "MINDEPTH": 0, "HYPODEPTH1": 2, "HYPODEPTH2": 10, "HYPODEPTH3": 18, "MAXDEPTH": 20, "WHDEPTH1": 0.1, "WHDEPTH2": 0.4, "WHDEPTH3": 0.5, "MAXMAG01": 7.1, "MAXMAG02": 7.3, "MAXMAG03": 7.5, "MAXMAG04": 7.7, "WMAXMAG01": 0.5, "WMAXMAG02": 0.2, "WMAXMAG03": 0.2, "WMAXMAG04": 0.1, "STRIKE1": 67.19447, "STRIKE2": 118.984, "STRIKE3": 249.815114, "STRIKE4": 302.62658, "DIP1": 65.431217, "DIP2": 70.0276, "DIP3": 61.9065, "DIP4": 78.894116, "DIRWEIGHT1": 0.367257, "DIRWEIGHT2": 0.132743, "DIRWEIGHT3": 0.19469, "DIRWEIGHT4": 0.30531, "Shape_Leng": 4.4989952339499997, "Shape_Area": 0.95887839400999997 }, "geometry": { "type": "Polygon", "coordinates": [ [ [ 27.785827999662501, 37.666773999620432 ], [ 28.926968999819564, 37.096789000012393 ], [ 27.477594000063107, 36.834240000076022 ], [ 26.914844999597108, 37.153951000138591 ], [ 27.136486999875217, 37.533556999555913 ], [ 27.675641999578659, 37.65650199986743 ], [ 27.785827999662501, 37.666773999620432 ] ] ] } },
{ "type": "Feature", "properties": { "OBJECTID": 41.0, "LONC": 29.855384, "LATC": 37.415692, "IDAS": "TRAS342", "A": 4.5, "B": 1.0, "TECREG": "Active", "TECTONICS": "Active Shallow Crust", "SS": 30, "NF": 55, "TF": 15, "MINDEPTH": 0, "HYPODEPTH1": 2, "HYPODEPTH2": 10, "HYPODEPTH3": 18, "MAXDEPTH": 20, "WHDEPTH1": 0.1, "WHDEPTH2": 0.4, "WHDEPTH3": 0.5, "MAXMAG01": 7.1, "MAXMAG02": 7.3, "MAXMAG03": 7.5, "MAXMAG04": 7.7, "WMAXMAG01": 0.5, "WMAXMAG02": 0.2, "WMAXMAG03": 0.2, "WMAXMAG04": 0.1, "STRIKE1": 35.874059, "STRIKE2": 143.687792, "STRIKE3": 230.027901, "STRIKE4": 311.194851, "DIP1": 52.352912, "DIP2": 51.319283, "DIP3": 51.205031, "DIP4": 55.355478, "DIRWEIGHT1": 0.265625, "DIRWEIGHT2": 0.138021, "DIRWEIGHT3": 0.421875, "DIRWEIGHT4": 0.174479, "Shape_Leng": 7.09699184719, "Shape_Area": 2.0334791088 }, "geometry": { "type": "Polygon", "coordinates": [ [ [ 28.802532999997993, 36.691260000348791 ], [ 28.750000000199918, 36.599999999800218 ], [ 28.469882000354062, 36.726349999752756 ], [ 28.926968999819564, 37.096789000012393 ], [ 29.577131999742051, 37.630819999943071 ], [ 29.931147999880352, 37.879524999978798 ], [ 30.65376299996251, 38.427031999926896 ], [ 31.240886000288754, 38.122740999597511 ], [ 30.757059999819205, 37.7024150001522 ], [ 30.732466999752262, 37.681048999611676 ], [ 30.279810999578046, 37.181672999709235 ], [ 30.056588000136173, 36.866871000296499 ], [ 29.682791999751032, 36.404147999930331 ], [ 28.802532999997993, 36.691260000348791 ] ] ] } },
{ "type": "Feature", "properties": { "OBJECTID": 42.0, "LONC": 37.163165, "LATC": 40.496148, "IDAS": "TRAS344", "A": 3.5, "B": 0.74, "TECREG": "Active", "TECTONICS": "Active Shallow Crust", "SS": 75, "NF": 10, "TF": 15, "MINDEPTH": 0, "HYPODEPTH1": 2, "HYPODEPTH2": 10, "HYPODEPTH3": 18, "MAXDEPTH": 20, "WHDEPTH1": 0.1, "WHDEPTH2": 0.4, "WHDEPTH3": 0.5, "MAXMAG01": 8.0, "MAXMAG02": 8.2, "MAXMAG03": 8.4, "MAXMAG04": 8.6, "WMAXMAG01": 0.5, "WMAXMAG02": 0.2, "WMAXMAG03": 0.2, "WMAXMAG04": 0.1, "STRIKE1": 47.522085, "STRIKE2": 110.364383, "STRIKE3": 251.897202, "STRIKE4": 289.213172, "DIP1": 78.783712, "DIP2": 83.043311, "DIP3": 76.033333, "DIP4": 73.278652, "DIRWEIGHT1": 0.059237, "DIRWEIGHT2": 0.348394, "DIRWEIGHT3": 0.358434, "DIRWEIGHT4": 0.233936, "Shape_Leng": 20.030615472299999, "Shape_Area": 3.4506784028699999 }, "geometry": { "type": "Polygon", "coordinates": [ [ [ 36.22691900001189, 40.971771000431374 ], [ 37.170000000100003, 40.649999999800229 ], [ 37.679999999800202, 40.509999999900117 ], [ 38.690000000299847, 40.220000000299819 ], [ 39.501369999625808, 39.929587999686476 ], [ 41.304553999867267, 39.387374000110071 ], [ 41.167842999654738, 39.001362000256165 ], [ 39.464106999838236, 39.578612000343583 ], [ 39.021167999903298, 39.726859000142781 ], [ 38.39, 39.950000000299838 ], [ 38.049999999600345, 40.059999999900128 ], [ 37.430000000299799, 40.230000000099949 ], [ 37.036062000061293, 40.34818100015309 ], [ 35.950659000012877, 40.714877999620057 ], [ 35.41382100013908, 40.898445999583259 ], [ 34.083668999924441, 40.928979000180789 ], [ 32.565671000316456, 40.688956000319195 ], [ 31.901701000400919, 40.615614999632555 ], [ 31.886314000390882, 40.87785699980077 ], [ 32.930818372569888, 41.1299115256964 ], [ 33.342502474409741, 41.273458653194325 ], [ 34.006635018691213, 41.310866129967962 ], [ 35.30998999993858, 41.264006999723335 ], [ 36.22691900001189, 40.971771000431374 ] ] ] } },
{ "type": "Feature", "properties": { "OBJECTID": 43.0, "LONC": 35.369599, "LATC": 40.188208, "IDAS": "TRAS345", "A": 3.9, "B": 1.0, "TECREG": "Active", "TECTONICS": "Active Shallow Crust", "SS": 75, "NF": 10, "TF": 15, "MINDEPTH": 0, "HYPODEPTH1": 2, "HYPODEPTH2": 10, "HYPODEPTH3": 18, "MAXDEPTH": 20, "WHDEPTH1": 0.1, "WHDEPTH2": 0.4, "WHDEPTH3": 0.5, "MAXMAG01": 8.0, "MAXMAG02": 8.2, "MAXMAG03": 8.4, "MAXMAG04": 8.6, "WMAXMAG01": 0.5, "WMAXMAG02": 0.2, "WMAXMAG03": 0.2, "WMAXMAG04": 0.1, "STRIKE1": 84.103833, "STRIKE2": 96.131174, "STRIKE3": 244.54899, "STRIKE4": 0.0, "DIP1": 86.72575, "DIP2": 86.522087, "DIP3": 85.008563, "DIP4": 0.0, "DIRWEIGHT1": 0.091603, "DIRWEIGHT2": 0.175573, "DIRWEIGHT3": 0.732824, "DIRWEIGHT4": 0.0, "Shape_Leng": 7.1213157136799996, "Shape_Area": 1.10950522905 }, "geometry": { "type": "Polygon", "coordinates": [ [ [ 35.950659000012877, 40.714877999620057 ], [ 37.036062000061293, 40.34818100015309 ], [ 36.620112000068787, 40.358013000299763 ], [ 35.805367999833379, 40.279756999585913 ], [ 35.413087999611548, 40.178024999953834 ], [ 34.61846400001366, 39.911956999615882 ], [ 34.256360000113943, 39.763271000256509 ], [ 33.934488000221108, 39.66153899972511 ], [ 33.703136000026404, 39.982387000060044 ], [ 33.874135999576765, 40.03716499996483 ], [ 34.407231999557212, 40.232804999950815 ], [ 34.819632000416561, 40.404964999934862 ], [ 35.543847999685511, 40.663207000003126 ], [ 35.950659000012877, 40.714877999620057 ] ] ] } },
{ "type": "Feature", "properties": { "OBJECTID": 44.0, "LONC": 33.689727, "LATC": 38.562991, "IDAS": "TRAS346", "A": 3.9, "B": 1.0, "TECREG": "Active", "TECTONICS": "Active Shallow Crust", "SS": 60, "NF": 30, "TF": 10, "MINDEPTH": 0, "HYPODEPTH1": 2, "HYPODEPTH2": 10, "HYPODEPTH3": 18, "MAXDEPTH": 20, "WHDEPTH1": 0.1, "WHDEPTH2": 0.4, "WHDEPTH3": 0.5, "MAXMAG01": 7.5, "MAXMAG02": 7.7, "MAXMAG03": 7.9, "MAXMAG04": 8.1, "WMAXMAG01": 0.5, "WMAXMAG02": 0.2, "WMAXMAG03": 0.2, "WMAXMAG04": 0.1, "STRIKE1": 17.407556, "STRIKE2": 141.103083, "STRIKE3": 193.395649, "STRIKE4": 332.065905, "DIP1": 81.333333, "DIP2": 62.125677, "DIP3": 55.235757, "DIP4": 66.022238, "DIRWEIGHT1": 0.045, "DIRWEIGHT2": 0.665, "DIRWEIGHT3": 0.185, "DIRWEIGHT4": 0.105, "Shape_Leng": 5.6133526996900001, "Shape_Area": 1.2640218364 }, "geometry": { "type": "Polygon", "coordinates": [ [ [ 34.520576999628872, 37.619414000056111 ], [ 34.409235000195167, 37.67743200008681 ], [ 33.982261999991351, 37.925282000264133 ], [ 33.589957999562102, 38.270720999674438 ], [ 33.346057999876848, 38.560173000083921 ], [ 33.286629000428093, 38.64181400041582 ], [ 33.015514000270969, 38.93210099976136 ], [ 32.710144999692034, 39.384658999912972 ], [ 33.212160999930234, 39.506569000159288 ], [ 33.434360999860303, 39.378242999914562 ], [ 34.150353000290806, 38.50562900017826 ], [ 34.537152999611294, 38.139900000384785 ], [ 34.66931000025636, 38.047554000117088 ], [ 34.520576999628872, 37.619414000056111 ] ] ] } },
{ "type": "Feature", "properties": { "OBJECTID": 45.0, "LONC": 27.137088, "LATC": 41.628956, "IDAS": "TRAS356", "A": 3.2, "B": 0.9, "TECREG": "Active", "TECTONICS": "Active Shallow Crust", "SS": 50, "NF": 40, "TF": 10, "MINDEPTH": 0, "HYPODEPTH1": 2, "HYPODEPTH2": 10, "HYPODEPTH3": 18, "MAXDEPTH": 20, "WHDEPTH1": 0.1, "WHDEPTH2": 0.4, "WHDEPTH3": 0.5, "MAXMAG01": 7.5, "MAXMAG02": 7.7, "MAXMAG03": 7.9, "MAXMAG04": 8.1, "WMAXMAG01": 0.5, "WMAXMAG02": 0.2, "WMAXMAG03": 0.2, "WMAXMAG04": 0.1, "STRIKE1": 84.712585, "STRIKE2": 97.060473, "STRIKE3": 261.115432, "STRIKE4": 302.003022, "DIP1": 49.717098, "DIP2": 48.716291, "DIP3": 51.863, "DIP4": 51.574022, "DIRWEIGHT1": 0.22043, "DIRWEIGHT2": 0.295699, "DIRWEIGHT3": 0.236559, "DIRWEIGHT4": 0.247312, "Shape_Leng": 8.01644825224, "Shape_Area": 3.4056404112999998 }, "geometry": { "type": "Polygon", "coordinates": [ [ [ 27.501105999742151, 42.651841999808482 ], [ 28.577427249168238, 41.05561297635785 ], [ 27.585609999901635, 40.980470999636964 ], [ 25.999652000439539, 40.650061999961395 ], [ 25.700128999653657, 40.599820999739393 ], [ 25.699894999654589, 41.299762000116289 ], [ 25.993782000439012, 41.377423000371209 ], [ 26.276666000135833, 42.036587999936273 ], [ 27.013261000095156, 42.658092000245688 ], [ 27.501105999742151, 42.651841999808482 ] ] ] } },
{ "type": "Feature", "properties": { "OBJECTID": 46.0, "LONC": 24.2, "LATC": 39.521604, "IDAS": "GRAS357", "A": 3.9, "B": 1.0, "TECREG": "Active", "TECTONICS": "Active Shallow Crust", "SS": 40, "NF": 60, "TF": 0, "MINDEPTH": 0, "HYPODEPTH1": 2, "HYPODEPTH2": 10, "HYPODEPTH3": 18, "MAXDEPTH": 20, "WHDEPTH1": 0.1, "WHDEPTH2": 0.4, "WHDEPTH3": 0.5, "MAXMAG01": 8.0, "MAXMAG02": 8.2, "MAXMAG03": 8.4, "MAXMAG04": 8.6, "WMAXMAG01": 0.5, "WMAXMAG02": 0.2, "WMAXMAG03": 0.2, "WMAXMAG04": 0.1, "STRIKE1": 59.750273, "STRIKE2": 0.0, "STRIKE3": 221.52187, "STRIKE4": 304.452917, "DIP1": 71.687636, "DIP2": 0.0, "DIP3": 68.0383, "DIP4": 73.287958, "DIRWEIGHT1": 0.081481, "DIRWEIGHT2": 0.0, "DIRWEIGHT3": 0.740741, "DIRWEIGHT4": 0.177778, "Shape_Leng": 4.0533739462899998, "Shape_Area": 0.77799432166799998 }, "geometry": { "type": "Polygon", "coordinates": [ [ [ 23.839237000187438, 38.843208999595731 ], [ 23.638186999830225, 39.00608300033025 ], [ 23.45, 39.2 ], [ 23.999999999800195, 39.699999999900115 ], [ 24.499999999700265, 40.199999999800184 ], [ 24.949999999700253, 39.900000000399757 ], [ 23.839237000187438, 38.843208999595731 ] ] ] } },
{ "type": "Feature", "properties": { "OBJECTID": 47.0, "LONC": 26.229772, "LATC": 38.325714, "IDAS": "TRAS360", "A": 3.6, "B": 0.85, "TECREG": "Active", "TECTONICS": "Active Shallow Crust", "SS": 65, "NF": 20, "TF": 15, "MINDEPTH": 0, "HYPODEPTH1": 2, "HYPODEPTH2": 10, "HYPODEPTH3": 18, "MAXDEPTH": 20, "WHDEPTH1": 0.1, "WHDEPTH2": 0.4, "WHDEPTH3": 0.5, "MAXMAG01": 7.1, "MAXMAG02": 7.3, "MAXMAG03": 7.5, "MAXMAG04": 7.7, "WMAXMAG01": 0.5, "WMAXMAG02": 0.2, "WMAXMAG03": 0.2, "WMAXMAG04": 0.1, "STRIKE1": 44.983663, "STRIKE2": 119.797828, "STRIKE3": 233.96938, "STRIKE4": 327.390292, "DIP1": 72.907782, "DIP2": 55.181354, "DIP3": 69.524463, "DIP4": 60.760208, "DIRWEIGHT1": 0.283708, "DIRWEIGHT2": 0.27809, "DIRWEIGHT3": 0.303371, "DIRWEIGHT4": 0.134831, "Shape_Leng": 5.4334153724599998, "Shape_Area": 1.5716856075800001 }, "geometry": { "type": "Polygon", "coordinates": [ [ [ 25.899999999600368, 38.799999999900137 ], [ 26.754445999683185, 38.801429000148289 ], [ 26.820656999820756, 38.784333999614432 ], [ 27.359544999801926, 38.426577999674976 ], [ 27.274005000430463, 38.002108999830511 ], [ 27.113589999778696, 37.970542000113255 ], [ 26.500159000337646, 37.850176000022429 ], [ 25.100000000299815, 37.85 ], [ 25.899999999600368, 38.799999999900137 ] ] ] } },
{ "type": "Feature", "properties": { "OBJECTID": 48.0, "LONC": 30.905405, "LATC": 35.588325, "IDAS": "TRAS361", "A": 4.0, "B": 1.0, "TECREG": "Active", "TECTONICS": "Active Shallow Crust", "SS": 20, "NF": 75, "TF": 5, "MINDEPTH": 0, "HYPODEPTH1": 2, "HYPODEPTH2": 10, "HYPODEPTH3": 18, "MAXDEPTH": 50, "WHDEPTH1": 0.1, "WHDEPTH2": 0.4, "WHDEPTH3": 0.5, "MAXMAG01": 7.5, "MAXMAG02": 7.7, "MAXMAG03": 7.9, "MAXMAG04": 8.1, "WMAXMAG01": 0.5, "WMAXMAG02": 0.2, "WMAXMAG03": 0.2, "WMAXMAG04": 0.1, "STRIKE1": 46.196527, "STRIKE2": 143.89855, "STRIKE3": 215.718091, "STRIKE4": 0.0, "DIP1": 50.082345, "DIP2": 57.5806, "DIP3": 50.126636, "DIP4": 0.0, "DIRWEIGHT1": 0.639535, "DIRWEIGHT2": 0.232558, "DIRWEIGHT3": 0.127907, "DIRWEIGHT4": 0.0, "Shape_Leng": 7.8258477960999997, "Shape_Area": 2.6856026178599999 }, "geometry": { "type": "Polygon", "coordinates": [ [ [ 30.056588000136173, 36.866871000296499 ], [ 32.128018999577193, 35.101914000230977 ], [ 31.784134999930359, 34.309779000300693 ], [ 30.485964999685052, 35.015051000103597 ], [ 29.792480000251885, 35.378809999881639 ], [ 30.100441999898408, 35.819886000238796 ], [ 30.153552000224693, 36.002979999927106 ], [ 29.962945000311549, 36.310142999599805 ], [ 29.682791999751032, 36.404147999930331 ], [ 30.056588000136173, 36.866871000296499 ] ] ] } },
{ "type": "Feature", "properties": { "OBJECTID": 49.0, "LONC": 25.85, "LATC": 36.65, "IDAS": "GRAS367", "A": 3.9, "B": 1.0, "TECREG": "Active", "TECTONICS": "Active Shallow Crust", "SS": 25, "NF": 50, "TF": 25, "MINDEPTH": 0, "HYPODEPTH1": 2, "HYPODEPTH2": 10, "HYPODEPTH3": 18, "MAXDEPTH": 20, "WHDEPTH1": 0.1, "WHDEPTH2": 0.4, "WHDEPTH3": 0.5, "MAXMAG01": 7.1, "MAXMAG02": 7.3, "MAXMAG03": 7.5, "MAXMAG04": 7.7, "WMAXMAG01": 0.5, "WMAXMAG02": 0.2, "WMAXMAG03": 0.2, "WMAXMAG04": 0.1, "STRIKE1": 57.718102, "STRIKE2": 0.0, "STRIKE3": 246.245158, "STRIKE4": 0.0, "DIP1": 56.013216, "DIP2": 0.0, "DIP3": 56.349592, "DIP4": 0.0, "DIRWEIGHT1": 0.536585, "DIRWEIGHT2": 0.0, "DIRWEIGHT3": 0.463415, "DIRWEIGHT4": 0.0, "Shape_Leng": 3.82801098844, "Shape_Area": 0.83999999956500004 }, "geometry": { "type": "Polygon", "coordinates": [ [ [ 25.200000000099976, 36.300000000399734 ], [ 25.299999999900137, 36.649999999700299 ], [ 25.399999999700299, 36.999999999900126 ], [ 25.950000000399768, 36.999999999900126 ], [ 26.500000000199918, 36.999999999900126 ], [ 26.500000000199918, 36.649999999700299 ], [ 26.500000000199918, 36.300000000399734 ], [ 26.066666999882216, 36.300000000399734 ], [ 25.633333000417679, 36.300000000399734 ], [ 25.200000000099976, 36.300000000399734 ] ] ] } },
{ "type": "Feature", "properties": { "OBJECTID": 50.0, "LONC": 26.988797, "LATC": 36.726975, "IDAS": "GRAS368", "A": 4.2, "B": 1.0, "TECREG": "Active", "TECTONICS": "Active Shallow Crust", "SS": 25, "NF": 50, "TF": 25, "MINDEPTH": 0, "HYPODEPTH1": 2, "HYPODEPTH2": 10, "HYPODEPTH3": 18, "MAXDEPTH": 20, "WHDEPTH1": 0.1, "WHDEPTH2": 0.4, "WHDEPTH3": 0.5, "MAXMAG01": 7.1, "MAXMAG02": 7.3, "MAXMAG03": 7.5, "MAXMAG04": 7.7, "WMAXMAG01": 0.5, "WMAXMAG02": 0.2, "WMAXMAG03": 0.2, "WMAXMAG04": 0.1, "STRIKE1": 57.792365, "STRIKE2": 0.0, "STRIKE3": 0.0, "STRIKE4": 280.2485, "DIP1": 56.505365, "DIP2": 0.0, "DIP3": 0.0, "DIP4": 60.0, "DIRWEIGHT1": 0.962963, "DIRWEIGHT2": 0.0, "DIRWEIGHT3": 0.0, "DIRWEIGHT4": 0.037037, "Shape_Leng": 2.9438167503499999, "Shape_Area": 0.53196902727600004 }, "geometry": { "type": "Polygon", "coordinates": [ [ [ 26.500000000199918, 36.300000000399734 ], [ 26.500000000199918, 36.649999999700299 ], [ 26.500000000199918, 36.999999999900126 ], [ 26.914844999597108, 37.153951000138591 ], [ 27.477594000063107, 36.834240000076022 ], [ 27.168483999636919, 36.497780000146918 ], [ 26.933332999618301, 36.43333300041769 ], [ 26.500000000199918, 36.300000000399734 ] ] ] } },
{ "type": "Feature", "properties": { "OBJECTID": 51.0, "LONC": 24.45, "LATC": 36.9, "IDAS": "GRAS380", "A": 3.7, "B": 1.0, "TECREG": "Active", "TECTONICS": "Active Shallow Crust", "SS": 25, "NF": 50, "TF": 25, "MINDEPTH": 0, "HYPODEPTH1": 2, "HYPODEPTH2": 10, "HYPODEPTH3": 18, "MAXDEPTH": 20, "WHDEPTH1": 0.1, "WHDEPTH2": 0.4, "WHDEPTH3": 0.5, "MAXMAG01": 7.1, "MAXMAG02": 7.3, "MAXMAG03": 7.5, "MAXMAG04": 7.7, "WMAXMAG01": 0.5, "WMAXMAG02": 0.2, "WMAXMAG03": 0.2, "WMAXMAG04": 0.1, "STRIKE1": 73.230778, "STRIKE2": 93.897333, "STRIKE3": 245.273667, "STRIKE4": 282.050676, "DIP1": 57.839349, "DIP2": 57.882, "DIP3": 59.106095, "DIP4": 56.867757, "DIRWEIGHT1": 0.453237, "DIRWEIGHT2": 0.129496, "DIRWEIGHT3": 0.151079, "DIRWEIGHT4": 0.266187, "Shape_Leng": 4.7694028989400001, "Shape_Area": 1.2124999995600001 }, "geometry": { "type": "Polygon", "coordinates": [ [ [ 25.200000000099976, 36.300000000399734 ], [ 24.833333000217863, 36.43333300041769 ], [ 24.46666700038179, 36.566666999582424 ], [ 24.099999999600357, 36.699999999600379 ], [ 23.800000000199873, 36.900000000099965 ], [ 23.499999999900126, 37.099999999700287 ], [ 23.700000000399768, 37.30000000019993 ], [ 23.9, 37.499999999800195 ], [ 24.200000000299838, 37.424999999950103 ], [ 24.499999999700265, 37.350000000099953 ], [ 24.949999999700253, 37.17499999955038 ], [ 25.399999999700299, 36.999999999900126 ], [ 25.299999999900137, 36.649999999700299 ], [ 25.200000000099976, 36.300000000399734 ] ] ] } },
{ "type": "Feature", "properties": { "OBJECTID": 52.0, "LONC": 24.45, "LATC": 37.673287, "IDAS": "GRAS382", "A": 3.1, "B": 0.92, "TECREG": "Active", "TECTONICS": "Active Shallow Crust", "SS": 25, "NF": 50, "TF": 25, "MINDEPTH": 0, "HYPODEPTH1": 2, "HYPODEPTH2": 10, "HYPODEPTH3": 18, "MAXDEPTH": 20, "WHDEPTH1": 0.1, "WHDEPTH2": 0.4, "WHDEPTH3": 0.5, "MAXMAG01": 7.1, "MAXMAG02": 7.3, "MAXMAG03": 7.5, "MAXMAG04": 7.7, "WMAXMAG01": 0.5, "WMAXMAG02": 0.2, "WMAXMAG03": 0.2, "WMAXMAG04": 0.1, "STRIKE1": 0.0, "STRIKE2": 123.0945, "STRIKE3": 0.0, "STRIKE4": 280.863167, "DIP1": 0.0, "DIP2": 55.453, "DIP3": 0.0, "DIP4": 50.234556, "DIRWEIGHT1": 0.0, "DIRWEIGHT2": 0.1, "DIRWEIGHT3": 0.0, "DIRWEIGHT4": 0.9, "Shape_Leng": 4.9585746234699997, "Shape_Area": 1.25148189034 }, "geometry": { "type": "Polygon", "coordinates": [ [ [ 23.9, 37.499999999800195 ], [ 23.700000000399768, 37.750000000199918 ], [ 23.499999999900126, 37.999999999700265 ], [ 24.4689699995659, 38.346575000236101 ], [ 24.748035000315042, 38.147727999847348 ], [ 25.100000000299815, 37.85 ], [ 25.25, 37.424999999950103 ], [ 25.399999999700299, 36.999999999900126 ], [ 24.949999999700253, 37.17499999955038 ], [ 24.499999999700265, 37.350000000099953 ], [ 24.200000000299838, 37.424999999950103 ], [ 23.9, 37.499999999800195 ] ] ] } },
{ "type": "Feature", "properties": { "OBJECTID": 53.0, "LONC": 24.615, "LATC": 40.75, "IDAS": "GRAS391", "A": 3.0, "B": 0.8, "TECREG": "Active", "TECTONICS": "Active Shallow Crust", "SS": 20, "NF": 60, "TF": 20, "MINDEPTH": 0, "HYPODEPTH1": 2, "HYPODEPTH2": 10, "HYPODEPTH3": 18, "MAXDEPTH": 20, "WHDEPTH1": 0.1, "WHDEPTH2": 0.4, "WHDEPTH3": 0.5, "MAXMAG01": 7.5, "MAXMAG02": 7.7, "MAXMAG03": 7.9, "MAXMAG04": 8.1, "WMAXMAG01": 0.5, "WMAXMAG02": 0.2, "WMAXMAG03": 0.2, "WMAXMAG04": 0.1, "STRIKE1": 64.924707, "STRIKE2": 104.175143, "STRIKE3": 0.0, "STRIKE4": 284.669167, "DIP1": 49.248537, "DIP2": 49.825214, "DIP3": 0.0, "DIP4": 48.237833, "DIRWEIGHT1": 0.630769, "DIRWEIGHT2": 0.323077, "DIRWEIGHT3": 0.0, "DIRWEIGHT4": 0.046154, "Shape_Leng": 5.3323406745000002, "Shape_Area": 1.3143843103399999 }, "geometry": { "type": "Polygon", "coordinates": [ [ [ 23.530000000199891, 40.800000000399734 ], [ 25.203595000408995, 41.186436000021445 ], [ 25.7, 41.300000000299804 ], [ 25.7, 40.599999999900149 ], [ 24.499999999700265, 40.199999999800184 ], [ 23.530000000199891, 40.800000000399734 ] ] ] } },
{ "type": "Feature", "properties": { "OBJECTID": 54.0, "LONC": 25.8, "LATC": 37.425046, "IDAS": "GRAS393", "A": 3.2, "B": 1.0, "TECREG": "Active", "TECTONICS": "Active Shallow Crust", "SS": 20, "NF": 60, "TF": 20, "MINDEPTH": 0, "HYPODEPTH1": 2, "HYPODEPTH2": 10, "HYPODEPTH3": 18, "MAXDEPTH": 20, "WHDEPTH1": 0.1, "WHDEPTH2": 0.4, "WHDEPTH3": 0.5, "MAXMAG01": 7.1, "MAXMAG02": 7.3, "MAXMAG03": 7.5, "MAXMAG04": 7.7, "WMAXMAG01": 0.5, "WMAXMAG02": 0.2, "WMAXMAG03": 0.2, "WMAXMAG04": 0.1, "STRIKE1": 0.0, "STRIKE2": 139.185385, "STRIKE3": 233.019213, "STRIKE4": 0.0, "DIP1": 0.0, "DIP2": 58.796538, "DIP3": 71.275453, "DIP4": 0.0, "DIRWEIGHT1": 0.0, "DIRWEIGHT2": 0.147727, "DIRWEIGHT3": 0.852273, "DIRWEIGHT4": 0.0, "Shape_Leng": 4.2507101703199996, "Shape_Area": 1.0622371499300001 }, "geometry": { "type": "Polygon", "coordinates": [ [ [ 25.399999999700299, 36.999999999900126 ], [ 25.25, 37.424999999950103 ], [ 25.100000000299815, 37.85 ], [ 26.499229999764736, 37.850091999746041 ], [ 26.500000000199918, 36.999999999900126 ], [ 25.950000000399768, 36.999999999900126 ], [ 25.399999999700299, 36.999999999900126 ] ] ] } },
{ "type": "Feature", "properties": { "OBJECTID": 55.0, "LONC": 25.324088, "LATC": 38.326795, "IDAS": "GRAS394", "A": 3.9, "B": 1.0, "TECREG": "Active", "TECTONICS": "Active Shallow Crust", "SS": 20, "NF": 75, "TF": 5, "MINDEPTH": 0, "HYPODEPTH1": 2, "HYPODEPTH2": 10, "HYPODEPTH3": 18, "MAXDEPTH": 20, "WHDEPTH1": 0.1, "WHDEPTH2": 0.4, "WHDEPTH3": 0.5, "MAXMAG01": 7.1, "MAXMAG02": 7.3, "MAXMAG03": 7.5, "MAXMAG04": 7.7, "WMAXMAG01": 0.5, "WMAXMAG02": 0.2, "WMAXMAG03": 0.2, "WMAXMAG04": 0.1, "STRIKE1": 52.101163, "STRIKE2": 147.945, "STRIKE3": 0.0, "STRIKE4": 0.0, "DIP1": 68.917326, "DIP2": 63.577632, "DIP3": 0.0, "DIP4": 0.0, "DIRWEIGHT1": 0.693548, "DIRWEIGHT2": 0.306452, "DIRWEIGHT3": 0.0, "DIRWEIGHT4": 0.0, "Shape_Leng": 3.15880115079, "Shape_Area": 0.48287671680599997 }, "geometry": { "type": "Polygon", "coordinates": [ [ [ 25.303347999610537, 38.803589999978556 ], [ 25.899999999600368, 38.799999999900137 ], [ 25.100000000299815, 37.85 ], [ 24.748175999622731, 38.147844999846939 ], [ 25.303347999610537, 38.803589999978556 ] ] ] } },
{ "type": "Feature", "properties": { "OBJECTID": 56.0, "LONC": 26.15883, "LATC": 39.259191, "IDAS": "TRAS395", "A": 3.6, "B": 0.85, "TECREG": "Active", "TECTONICS": "Active Shallow Crust", "SS": 50, "NF": 40, "TF": 10, "MINDEPTH": 0, "HYPODEPTH1": 2, "HYPODEPTH2": 10, "HYPODEPTH3": 18, "MAXDEPTH": 20, "WHDEPTH1": 0.1, "WHDEPTH2": 0.4, "WHDEPTH3": 0.5, "MAXMAG01": 7.1, "MAXMAG02": 7.3, "MAXMAG03": 7.5, "MAXMAG04": 7.7, "WMAXMAG01": 0.5, "WMAXMAG02": 0.2, "WMAXMAG03": 0.2, "WMAXMAG04": 0.1, "STRIKE1": 66.2715, "STRIKE2": 127.218923, "STRIKE3": 214.011727, "STRIKE4": 325.163267, "DIP1": 64.191821, "DIP2": 58.804769, "DIP3": 75.855242, "DIP4": 80.260867, "DIRWEIGHT1": 0.654206, "DIRWEIGHT2": 0.121495, "DIRWEIGHT3": 0.154206, "DIRWEIGHT4": 0.070093, "Shape_Leng": 4.5219654797500004, "Shape_Area": 1.0510534464400001 }, "geometry": { "type": "Polygon", "coordinates": [ [ [ 25.303347999610537, 38.803589999978556 ], [ 25.939158999588187, 39.531804000154523 ], [ 26.24736100040991, 39.542733999674397 ], [ 26.501288000241061, 39.593947999800378 ], [ 27.014311999998824, 39.718382999575795 ], [ 27.009717000339322, 39.110330999975702 ], [ 26.754445999683185, 38.801429000148289 ], [ 25.899999999600368, 38.799999999900137 ], [ 25.303347999610537, 38.803589999978556 ] ] ] } },
{ "type": "Feature", "properties": { "OBJECTID": 57.0, "LONC": 28.950676, "LATC": 40.612115, "IDAS": "TRAS396", "A": 3.3, "B": 0.74, "TECREG": "Active", "TECTONICS": "Active Shallow Crust", "SS": 50, "NF": 35, "TF": 15, "MINDEPTH": 0, "HYPODEPTH1": 2, "HYPODEPTH2": 10, "HYPODEPTH3": 18, "MAXDEPTH": 20, "WHDEPTH1": 0.1, "WHDEPTH2": 0.4, "WHDEPTH3": 0.5, "MAXMAG01": 8.0, "MAXMAG02": 8.2, "MAXMAG03": 8.4, "MAXMAG04": 8.6, "WMAXMAG01": 0.5, "WMAXMAG02": 0.2, "WMAXMAG03": 0.2, "WMAXMAG04": 0.1, "STRIKE1": 71.869126, "STRIKE2": 113.238061, "STRIKE3": 258.789418, "STRIKE4": 282.887611, "DIP1": 62.746749, "DIP2": 61.219439, "DIP3": 75.938068, "DIP4": 78.398556, "DIRWEIGHT1": 0.361426, "DIRWEIGHT2": 0.106969, "DIRWEIGHT3": 0.356564, "DIRWEIGHT4": 0.175041, "Shape_Leng": 12.416568374800001, "Shape_Area": 2.0351575456600002 }, "geometry": { "type": "Polygon", "coordinates": [ [ [ 25.999652000439539, 40.650061999961395 ], [ 27.585609999901635, 40.980470999636964 ], [ 28.577427249168238, 41.05561297635785 ], [ 29.011180818340165, 41.014220397653276 ], [ 29.30614649386564, 40.914924065193532 ], [ 29.850674319564234, 40.850857987706036 ], [ 30.380641084418585, 40.856038122261566 ], [ 30.842627593988311, 40.854682970742545 ], [ 31.263511424013075, 40.851068933584486 ], [ 31.591177999565105, 40.847924999938868 ], [ 31.886314000390882, 40.87785699980077 ], [ 31.901701000400919, 40.615614999632555 ], [ 31.471892999862121, 40.573300999841308 ], [ 31.105748999816512, 40.549120999934246 ], [ 30.628165000314539, 40.549120999934246 ], [ 30.155078000449407, 40.578117999845858 ], [ 29.869597999747953, 40.574030000184393 ], [ 28.696376999598897, 40.565061000265018 ], [ 28.696376999598897, 40.565061000265018 ], [ 28.342693000381701, 40.611504999855924 ], [ 27.673880000161944, 40.648650999643962 ], [ 27.526908999850491, 40.633690000393244 ], [ 27.035873999685407, 40.508665000389499 ], [ 26.227266000025907, 40.243759999724261 ], [ 25.999652000439539, 40.650061999961395 ] ] ] } },
{ "type": "Feature", "properties": { "OBJECTID": 58.0, "LONC": 25.122483, "LATC": 38.874091, "IDAS": "GRAS397", "A": 4.1, "B": 1.0, "TECREG": "Active", "TECTONICS": "Active Shallow Crust", "SS": 50, "NF": 40, "TF": 10, "MINDEPTH": 0, "HYPODEPTH1": 2, "HYPODEPTH2": 10, "HYPODEPTH3": 18, "MAXDEPTH": 20, "WHDEPTH1": 0.1, "WHDEPTH2": 0.4, "WHDEPTH3": 0.5, "MAXMAG01": 7.1, "MAXMAG02": 7.3, "MAXMAG03": 7.5, "MAXMAG04": 7.7, "WMAXMAG01": 0.5, "WMAXMAG02": 0.2, "WMAXMAG03": 0.2, "WMAXMAG04": 0.1, "STRIKE1": 54.644568, "STRIKE2": 135.833154, "STRIKE3": 218.800458, "STRIKE4": 292.22675, "DIP1": 60.864919, "DIP2": 60.520462, "DIP3": 68.637229, "DIP4": 53.320583, "DIRWEIGHT1": 0.406593, "DIRWEIGHT2": 0.071429, "DIRWEIGHT3": 0.456044, "DIRWEIGHT4": 0.065934, "Shape_Leng": 4.7232220979299999, "Shape_Area": 0.90842742038900004 }, "geometry": { "type": "Polygon", "coordinates": [ [ [ 24.748455999944497, 38.148193999753346 ], [ 24.245626999986087, 38.504269999560904 ], [ 25.400409999721774, 39.599988000445933 ], [ 25.999339000394627, 39.599785000077759 ], [ 25.939158999588187, 39.531804000154523 ], [ 25.303347999610537, 38.803589999978556 ], [ 24.748455999944497, 38.148193999753346 ] ] ] } },
{ "type": "Feature", "properties": { "OBJECTID": 59.0, "LONC": 24.619823, "LATC": 39.202148, "IDAS": "GRAS398", "A": 4.1, "B": 1.0, "TECREG": "Active", "TECTONICS": "Active Shallow Crust", "SS": 40, "NF": 60, "TF": 0, "MINDEPTH": 0, "HYPODEPTH1": 2, "HYPODEPTH2": 10, "HYPODEPTH3": 18, "MAXDEPTH": 20, "WHDEPTH1": 0.1, "WHDEPTH2": 0.4, "WHDEPTH3": 0.5, "MAXMAG01": 8.0, "MAXMAG02": 8.2, "MAXMAG03": 8.4, "MAXMAG04": 8.6, "WMAXMAG01": 0.5, "WMAXMAG02": 0.2, "WMAXMAG03": 0.2, "WMAXMAG04": 0.1, "STRIKE1": 85.823571, "STRIKE2": 94.154667, "STRIKE3": 231.422017, "STRIKE4": 306.578624, "DIP1": 58.742714, "DIP2": 58.875333, "DIP3": 75.11919, "DIP4": 68.961462, "DIRWEIGHT1": 0.041916, "DIRWEIGHT2": 0.053892, "DIRWEIGHT3": 0.347305, "DIRWEIGHT4": 0.556886, "Shape_Leng": 4.1951006893800002, "Shape_Area": 0.82247937755 }, "geometry": { "type": "Polygon", "coordinates": [ [ [ 24.245341000286999, 38.50437800004471 ], [ 23.839237000187438, 38.843208999595731 ], [ 24.95059600020528, 39.899919000261718 ], [ 25.400409999721774, 39.599988000445933 ], [ 24.245341000286999, 38.50437800004471 ] ] ] } },
{ "type": "Feature", "properties": { "OBJECTID": 60.0, "LONC": 26.823503, "LATC": 37.485271, "IDAS": "GRAS399", "A": 3.6, "B": 0.9, "TECREG": "Active", "TECTONICS": "Active Shallow Crust", "SS": 20, "NF": 75, "TF": 5, "MINDEPTH": 0, "HYPODEPTH1": 2, "HYPODEPTH2": 10, "HYPODEPTH3": 18, "MAXDEPTH": 20, "WHDEPTH1": 0.1, "WHDEPTH2": 0.4, "WHDEPTH3": 0.5, "MAXMAG01": 7.1, "MAXMAG02": 7.3, "MAXMAG03": 7.5, "MAXMAG04": 7.7, "WMAXMAG01": 0.5, "WMAXMAG02": 0.2, "WMAXMAG03": 0.2, "WMAXMAG04": 0.1, "STRIKE1": 83.379833, "STRIKE2": 106.398333, "STRIKE3": 242.888062, "STRIKE4": 277.640208, "DIP1": 59.267583, "DIP2": 58.1675, "DIP3": 60.985875, "DIP4": 53.945792, "DIRWEIGHT1": 0.171429, "DIRWEIGHT2": 0.257143, "DIRWEIGHT3": 0.228571, "DIRWEIGHT4": 0.342857, "Shape_Leng": 2.7965716832499998, "Shape_Area": 0.47108814831000001 }, "geometry": { "type": "Polygon", "coordinates": [ [ [ 26.500000000199918, 36.999999999900126 ], [ 26.500000000199918, 37.85 ], [ 27.113589999778696, 37.970542000113255 ], [ 27.147006000226781, 37.634896999996613 ], [ 27.136486999875217, 37.533556999555913 ], [ 26.914844999597108, 37.153951000138591 ], [ 26.500000000199918, 36.999999999900126 ] ] ] } },
{ "type": "Feature", "properties": { "OBJECTID": 61.0, "LONC": 25.125, "LATC": 35.1, "IDAS": "GRAS403", "A": 4.2, "B": 1.0, "TECREG": "Active", "TECTONICS": "Active Shallow Crust", "SS": 25, "NF": 50, "TF": 25, "MINDEPTH": 0, "HYPODEPTH1": 2, "HYPODEPTH2": 10, "HYPODEPTH3": 18, "MAXDEPTH": 20, "WHDEPTH1": 0.1, "WHDEPTH2": 0.4, "WHDEPTH3": 0.5, "MAXMAG01": 7.1, "MAXMAG02": 7.3, "MAXMAG03": 7.5, "MAXMAG04": 7.7, "WMAXMAG01": 0.5, "WMAXMAG02": 0.2, "WMAXMAG03": 0.2, "WMAXMAG04": 0.1, "STRIKE1": 73.74905, "STRIKE2": 109.974, "STRIKE3": 222.683648, "STRIKE4": 293.419125, "DIP1": 63.2464, "DIP2": 63.868422, "DIP3": 66.773338, "DIP4": 52.738125, "DIRWEIGHT1": 0.326087, "DIRWEIGHT2": 0.244565, "DIRWEIGHT3": 0.38587, "DIRWEIGHT4": 0.043478, "Shape_Leng": 6.2056082679399998, "Shape_Area": 1.8550000009500001 }, "geometry": { "type": "Polygon", "coordinates": [ [ [ 24.399999999900103, 34.7 ], [ 24.124999999550369, 34.92499999955038 ], [ 23.850000000099953, 35.15 ], [ 24.024999999750264, 35.324999999650288 ], [ 24.200000000299838, 35.500000000199918 ], [ 24.750000000099988, 35.500000000199918 ], [ 25.299999999900137, 35.500000000199918 ], [ 25.849999999700287, 35.500000000199918 ], [ 26.400000000399757, 35.500000000199918 ], [ 26.400000000399757, 35.100000000099953 ], [ 26.400000000399757, 34.7 ], [ 25.899999999600368, 34.7 ], [ 25.399999999700299, 34.7 ], [ 24.899999999800229, 34.7 ], [ 24.399999999900103, 34.7 ] ] ] } },
{ "type": "Feature", "properties": { "OBJECTID": 62.0, "LONC": 27.6, "LATC": 34.958141, "IDAS": "GRAS405", "A": 4.4, "B": 1.0, "TECREG": "Active", "TECTONICS": "Active Shallow Crust", "SS": 35, "NF": 15, "TF": 50, "MINDEPTH": 0, "HYPODEPTH1": 2, "HYPODEPTH2": 10, "HYPODEPTH3": 18, "MAXDEPTH": 50, "WHDEPTH1": 0.1, "WHDEPTH2": 0.4, "WHDEPTH3": 0.5, "MAXMAG01": 7.5, "MAXMAG02": 7.7, "MAXMAG03": 7.9, "MAXMAG04": 8.1, "WMAXMAG01": 0.5, "WMAXMAG02": 0.2, "WMAXMAG03": 0.2, "WMAXMAG04": 0.1, "STRIKE1": 0.0, "STRIKE2": 0.0, "STRIKE3": 0.0, "STRIKE4": 0.0, "DIP1": 0.0, "DIP2": 0.0, "DIP3": 0.0, "DIP4": 0.0, "DIRWEIGHT1": 0.0, "DIRWEIGHT2": 0.0, "DIRWEIGHT3": 0.0, "DIRWEIGHT4": 0.0, "Shape_Leng": 6.5432669577800002, "Shape_Area": 2.0803692814699999 }, "geometry": { "type": "Polygon", "coordinates": [ [ [ 26.400000000399757, 33.999999999600334 ], [ 26.400000000399757, 34.349999999800218 ], [ 26.400000000399757, 34.7 ], [ 26.774999999650333, 35.002499999575377 ], [ 27.149999999800229, 35.305000000050029 ], [ 27.524999999950069, 35.607499999625361 ], [ 27.907805000300584, 35.916283000260307 ], [ 28.200000000399768, 35.799999999600345 ], [ 28.499999999800195, 35.649999999900103 ], [ 28.800000000099999, 35.500000000199918 ], [ 26.900000000299826, 33.999999999600334 ], [ 26.400000000399757, 33.999999999600334 ] ] ] } },
{ "type": "Feature", "properties": { "OBJECTID": 63.0, "LONC": 28.225, "LATC": 36.3, "IDAS": "GRAS406", "A": 3.5207, "B": 1.0, "TECREG": "Active", "TECTONICS": "Active Shallow Crust", "SS": 20, "NF": 75, "TF": 5, "MINDEPTH": 0, "HYPODEPTH1": 2, "HYPODEPTH2": 10, "HYPODEPTH3": 18, "MAXDEPTH": 20, "WHDEPTH1": 0.1, "WHDEPTH2": 0.4, "WHDEPTH3": 0.5, "MAXMAG01": 7.5, "MAXMAG02": 7.7, "MAXMAG03": 7.9, "MAXMAG04": 8.1, "WMAXMAG01": 0.5, "WMAXMAG02": 0.2, "WMAXMAG03": 0.2, "WMAXMAG04": 0.1, "STRIKE1": 0.0, "STRIKE2": 0.0, "STRIKE3": 0.0, "STRIKE4": 0.0, "DIP1": 0.0, "DIP2": 0.0, "DIP3": 0.0, "DIP4": 0.0, "DIRWEIGHT1": 0.0, "DIRWEIGHT2": 0.0, "DIRWEIGHT3": 0.0, "DIRWEIGHT4": 0.0, "Shape_Leng": 3.00313713694, "Shape_Area": 0.49575665048899997 }, "geometry": { "type": "Polygon", "coordinates": [ [ [ 28.200000000399768, 35.799999999600345 ], [ 27.907805000300584, 35.916283000260307 ], [ 27.699999999600379, 36.000000000099988 ], [ 27.900000000099965, 36.26666700018194 ], [ 28.099999999700287, 36.533333000217851 ], [ 28.300320999714415, 36.801199999880168 ], [ 28.469882000354062, 36.726349999752756 ], [ 28.750000000199918, 36.599999999800218 ], [ 28.566667000281882, 36.333332999718209 ], [ 28.383333000317748, 36.066666999682354 ], [ 28.200000000399768, 35.799999999600345 ] ] ] } },
{ "type": "Feature", "properties": { "OBJECTID": 64.0, "LONC": 26.960583, "LATC": 35.897089, "IDAS": "TRAS407", "A": 4.2, "B": 1.0, "TECREG": "Active", "TECTONICS": "Active Shallow Crust", "SS": 20, "NF": 75, "TF": 5, "MINDEPTH": 0, "HYPODEPTH1": 2, "HYPODEPTH2": 10, "HYPODEPTH3": 18, "MAXDEPTH": 20, "WHDEPTH1": 0.1, "WHDEPTH2": 0.4, "WHDEPTH3": 0.5, "MAXMAG01": 7.1, "MAXMAG02": 7.3, "MAXMAG03": 7.5, "MAXMAG04": 7.7, "WMAXMAG01": 0.5, "WMAXMAG02": 0.2, "WMAXMAG03": 0.2, "WMAXMAG04": 0.1, "STRIKE1": 50.68201, "STRIKE2": 113.109812, "STRIKE3": 244.682748, "STRIKE4": 285.745358, "DIP1": 64.153545, "DIP2": 60.100937, "DIP3": 60.485761, "DIP4": 54.208657, "DIRWEIGHT1": 0.268293, "DIRWEIGHT2": 0.130081, "DIRWEIGHT3": 0.420054, "DIRWEIGHT4": 0.181572, "Shape_Leng": 10.887787079500001, "Shape_Area": 3.1916024563400001 }, "geometry": { "type": "Polygon", "coordinates": [ [ [ 26.933332999618301, 36.43333300041769 ], [ 27.168483999636919, 36.497780000146918 ], [ 27.477594000063107, 36.834240000076022 ], [ 28.926968999819564, 37.096789000012393 ], [ 28.469882000354062, 36.726349999752756 ], [ 28.300320999714415, 36.801199999880168 ], [ 28.099999999700287, 36.533333000217851 ], [ 27.900000000099965, 36.26666700018194 ], [ 27.699999999600379, 36.000000000099988 ], [ 27.907805000300584, 35.916283000260307 ], [ 27.524999999950069, 35.607499999625361 ], [ 27.149999999800229, 35.305000000050029 ], [ 26.774999999650333, 35.002499999575377 ], [ 26.400000000399757, 34.7 ], [ 26.400000000399757, 35.100000000099953 ], [ 26.400000000399757, 35.500000000199918 ], [ 25.933332999818163, 35.500000000199918 ], [ 25.466667000181985, 35.500000000199918 ], [ 24.999999999600334, 35.500000000199918 ], [ 25.100000000299815, 35.900000000299826 ], [ 25.200000000099976, 36.300000000399734 ], [ 25.633333000417679, 36.300000000399734 ], [ 26.066666999882216, 36.300000000399734 ], [ 26.500000000199918, 36.300000000399734 ], [ 26.933332999618301, 36.43333300041769 ] ] ] } },
{ "type": "Feature", "properties": { "OBJECTID": 65.0, "LONC": 29.176776, "LATC": 36.035271, "IDAS": "TRAS408", "A": 3.9, "B": 0.9, "TECREG": "Active", "TECTONICS": "Active Shallow Crust", "SS": 20, "NF": 75, "TF": 5, "MINDEPTH": 0, "HYPODEPTH1": 2, "HYPODEPTH2": 10, "HYPODEPTH3": 18, "MAXDEPTH": 50, "WHDEPTH1": 0.1, "WHDEPTH2": 0.4, "WHDEPTH3": 0.5, "MAXMAG01": 7.5, "MAXMAG02": 7.7, "MAXMAG03": 7.9, "MAXMAG04": 8.1, "WMAXMAG01": 0.5, "WMAXMAG02": 0.2, "WMAXMAG03": 0.2, "WMAXMAG04": 0.1, "STRIKE1": 41.875, "STRIKE2": 0.0, "STRIKE3": 225.928435, "STRIKE4": 0.0, "DIP1": 55.902667, "DIP2": 0.0, "DIP3": 50.992826, "DIP4": 0.0, "DIRWEIGHT1": 0.477273, "DIRWEIGHT2": 0.0, "DIRWEIGHT3": 0.522727, "DIRWEIGHT4": 0.0, "Shape_Leng": 5.1744909043599998, "Shape_Area": 1.5210160881400001 }, "geometry": { "type": "Polygon", "coordinates": [ [ [ 29.07087199984295, 35.670770999981698 ], [ 28.800000000099999, 35.500000000199918 ], [ 28.499999999800195, 35.649999999900103 ], [ 28.200000000399768, 35.799999999600345 ], [ 28.383333000317748, 36.066666999682354 ], [ 28.566667000281882, 36.333332999718209 ], [ 28.750000000199918, 36.599999999800218 ], [ 28.802532999997993, 36.691260000348791 ], [ 29.682791999751032, 36.404147999930331 ], [ 29.962499999575357, 36.310000000199921 ], [ 30.153552000224693, 36.002979999927106 ], [ 30.100441999898408, 35.819886000238796 ], [ 29.792480000251885, 35.378809999881639 ], [ 29.274113999661381, 35.666444000090564 ], [ 29.07087199984295, 35.670770999981698 ] ] ] } },
{ "type": "Feature", "properties": { "OBJECTID": 66.0, "LONC": 25.625663, "LATC": 39.921595, "IDAS": "TRAS410", "A": 3.4, "B": 0.9, "TECREG": "Active", "TECTONICS": "Active Shallow Crust", "SS": 50, "NF": 40, "TF": 10, "MINDEPTH": 0, "HYPODEPTH1": 2, "HYPODEPTH2": 10, "HYPODEPTH3": 18, "MAXDEPTH": 20, "WHDEPTH1": 0.1, "WHDEPTH2": 0.4, "WHDEPTH3": 0.5, "MAXMAG01": 8.0, "MAXMAG02": 8.2, "MAXMAG03": 8.4, "MAXMAG04": 8.6, "WMAXMAG01": 0.5, "WMAXMAG02": 0.2, "WMAXMAG03": 0.2, "WMAXMAG04": 0.1, "STRIKE1": 70.467462, "STRIKE2": 0.0, "STRIKE3": 230.040143, "STRIKE4": 274.622667, "DIP1": 64.270308, "DIP2": 0.0, "DIP3": 76.430929, "DIP4": 60.767333, "DIRWEIGHT1": 0.295455, "DIRWEIGHT2": 0.0, "DIRWEIGHT3": 0.636364, "DIRWEIGHT4": 0.068182, "Shape_Leng": 3.2622626591600001, "Shape_Area": 0.53757294035100001 }, "geometry": { "type": "Polygon", "coordinates": [ [ [ 26.12931200014873, 39.68460400037435 ], [ 25.999339000394627, 39.599785000077759 ], [ 25.400409999721774, 39.599988000445933 ], [ 24.949999999700253, 39.900000000399757 ], [ 25.7, 40.1 ], [ 26.000000000299849, 40.184999999650302 ], [ 26.227071000026683, 40.243405000440475 ], [ 26.299999999700276, 39.935000000149955 ], [ 26.30132699974132, 39.837771999578194 ], [ 26.12931200014873, 39.68460400037435 ] ] ] } },
{ "type": "Feature", "properties": { "OBJECTID": 67.0, "LONC": 29.165705, "LATC": 38.499284, "IDAS": "TRAS411", "A": 3.3, "B": 0.81, "TECREG": "Active", "TECTONICS": "Active Shallow Crust", "SS": 35, "NF": 65, "TF": 0, "MINDEPTH": 0, "HYPODEPTH1": 2, "HYPODEPTH2": 10, "HYPODEPTH3": 18, "MAXDEPTH": 20, "WHDEPTH1": 0.1, "WHDEPTH2": 0.4, "WHDEPTH3": 0.5, "MAXMAG01": 7.1, "MAXMAG02": 7.3, "MAXMAG03": 7.5, "MAXMAG04": 7.7, "WMAXMAG01": 0.5, "WMAXMAG02": 0.2, "WMAXMAG03": 0.2, "WMAXMAG04": 0.1, "STRIKE1": 34.454, "STRIKE2": 142.092091, "STRIKE3": 212.917, "STRIKE4": 324.928176, "DIP1": 51.946942, "DIP2": 52.858682, "DIP3": 54.773196, "DIP4": 54.550412, "DIRWEIGHT1": 0.307692, "DIRWEIGHT2": 0.260355, "DIRWEIGHT3": 0.331361, "DIRWEIGHT4": 0.100592, "Shape_Leng": 6.6095923808199997, "Shape_Area": 1.2647682897600001 }, "geometry": { "type": "Polygon", "coordinates": [ [ [ 27.905797000331347, 39.119043999780843 ], [ 28.37358899973259, 39.05311199991894 ], [ 29.053677000093558, 38.89985600025426 ], [ 29.570159000137778, 38.782764000058592 ], [ 30.041725000008796, 38.654651999790019 ], [ 30.388188999922477, 38.542263999783813 ], [ 30.65376299996251, 38.427031999926896 ], [ 29.931147999880352, 37.879524999978798 ], [ 29.368048000315014, 38.283689999693763 ], [ 28.906763999758823, 38.564374999606571 ], [ 28.490771999628123, 38.698395999875572 ], [ 28.136988000296014, 38.762360999860334 ], [ 27.677647000308866, 38.831180999803337 ], [ 27.905797000331347, 39.119043999780843 ] ] ] } },
{ "type": "Feature", "properties": { "OBJECTID": 68.0, "LONC": 34.324478, "LATC": 39.202783, "IDAS": "TRAS412", "A": 3.4, "B": 0.9, "TECREG": "Active", "TECTONICS": "Active Shallow Crust", "SS": 50, "NF": 40, "TF": 10, "MINDEPTH": 0, "HYPODEPTH1": 2, "HYPODEPTH2": 10, "HYPODEPTH3": 18, "MAXDEPTH": 20, "WHDEPTH1": 0.1, "WHDEPTH2": 0.4, "WHDEPTH3": 0.5, "MAXMAG01": 7.5, "MAXMAG02": 7.7, "MAXMAG03": 7.9, "MAXMAG04": 8.1, "WMAXMAG01": 0.5, "WMAXMAG02": 0.2, "WMAXMAG03": 0.2, "WMAXMAG04": 0.1, "STRIKE1": 20.580261, "STRIKE2": 126.287875, "STRIKE3": 200.468, "STRIKE4": 305.095391, "DIP1": 71.304348, "DIP2": 82.274, "DIP3": 55.053, "DIP4": 86.134937, "DIRWEIGHT1": 0.106977, "DIRWEIGHT2": 0.074419, "DIRWEIGHT3": 0.009302, "DIRWEIGHT4": 0.809302, "Shape_Leng": 13.9393094491, "Shape_Area": 3.1955334412599998 }, "geometry": { "type": "Polygon", "coordinates": [ [ [ 33.934488000221108, 39.66153899972511 ], [ 34.256360000113943, 39.763271000256509 ], [ 34.61846400001366, 39.911956999615882 ], [ 35.413087999611548, 40.178024999953834 ], [ 35.805367999833379, 40.279756999585913 ], [ 36.620112000068787, 40.358013000299763 ], [ 37.036062000061293, 40.34818100015309 ], [ 37.430000000299799, 40.230000000099949 ], [ 38.049999999600345, 40.059999999900128 ], [ 38.39, 39.950000000299838 ], [ 39.021167999903298, 39.726859000142781 ], [ 37.668256999660855, 40.009059999819215 ], [ 36.432438999660178, 39.980771000181562 ], [ 35.808414000006167, 39.829814000415865 ], [ 35.146941000127129, 39.422452999906056 ], [ 34.66931000025636, 38.047554000117088 ], [ 34.537152999611294, 38.139900000384785 ], [ 34.150353000290806, 38.50562900017826 ], [ 33.434360999860303, 39.378242999914562 ], [ 33.212160999930234, 39.506569000159288 ], [ 33.703552000324635, 39.982889999873635 ], [ 33.934488000221108, 39.66153899972511 ] ] ] } },
{ "type": "Feature", "properties": { "OBJECTID": 69.0, "LONC": 32.976323, "LATC": 37.36911, "IDAS": "TRAS414", "A": 4.2, "B": 1.0, "TECREG": "Active", "TECTONICS": "Active Shallow Crust", "SS": 20, "NF": 75, "TF": 5, "MINDEPTH": 0, "HYPODEPTH1": 2, "HYPODEPTH2": 10, "HYPODEPTH3": 18, "MAXDEPTH": 20, "WHDEPTH1": 0.1, "WHDEPTH2": 0.4, "WHDEPTH3": 0.5, "MAXMAG01": 7.5, "MAXMAG02": 7.7, "MAXMAG03": 7.9, "MAXMAG04": 8.1, "WMAXMAG01": 0.5, "WMAXMAG02": 0.2, "WMAXMAG03": 0.2, "WMAXMAG04": 0.1, "STRIKE1": 37.138647, "STRIKE2": 154.328653, "STRIKE3": 227.60285, "STRIKE4": 330.844168, "DIP1": 61.944387, "DIP2": 50.950163, "DIP3": 52.55785, "DIP4": 53.31636, "DIRWEIGHT1": 0.302671, "DIRWEIGHT2": 0.145401, "DIRWEIGHT3": 0.118694, "DIRWEIGHT4": 0.433234, "Shape_Leng": 16.370396607299998, "Shape_Area": 7.4268210346099996 }, "geometry": { "type": "Polygon", "coordinates": [ [ [ 33.346057999876848, 38.560173000083921 ], [ 33.589957999562102, 38.270720999674438 ], [ 33.982261999991351, 37.925282000264133 ], [ 34.409235000195167, 37.67743200008681 ], [ 34.520576999628872, 37.619414000056111 ], [ 34.349563000332239, 37.12713600012637 ], [ 34.886893999558481, 37.047653000385708 ], [ 34.65618200009925, 36.87335599987955 ], [ 35.195586999640398, 36.45541699989468 ], [ 32.954126999561424, 35.556482000444021 ], [ 30.757059999819205, 37.7024150001522 ], [ 31.240890999619978, 38.123329999779742 ], [ 31.761196999741799, 37.745344000425348 ], [ 32.287301000141099, 37.35709800007271 ], [ 32.78774099964744, 37.673824000077616 ], [ 32.415621000109127, 38.01098399991173 ], [ 31.851246000202821, 38.427958000361457 ], [ 31.183765000254596, 38.767035999611721 ], [ 31.096299000198769, 38.802495999890539 ], [ 31.490797000181487, 39.248907999904304 ], [ 31.933457999886855, 39.076420000082976 ], [ 32.399578000424412, 38.822339000344641 ], [ 32.694714000350871, 38.602816999804759 ], [ 32.951354000286926, 38.373316999579913 ], [ 33.346057999876848, 38.560173000083921 ] ] ] } },
{ "type": "Feature", "properties": { "OBJECTID": 70.0, "LONC": 28.321387, "LATC": 39.588553, "IDAS": "TRAS415", "A": 3.4, "B": 0.86, "TECREG": "Active", "TECTONICS": "Active Shallow Crust", "SS": 50, "NF": 40, "TF": 10, "MINDEPTH": 0, "HYPODEPTH1": 2, "HYPODEPTH2": 10, "HYPODEPTH3": 18, "MAXDEPTH": 20, "WHDEPTH1": 0.1, "WHDEPTH2": 0.4, "WHDEPTH3": 0.5, "MAXMAG01": 7.1, "MAXMAG02": 7.3, "MAXMAG03": 7.5, "MAXMAG04": 7.7, "WMAXMAG01": 0.5, "WMAXMAG02": 0.2, "WMAXMAG03": 0.2, "WMAXMAG04": 0.1, "STRIKE1": 57.637135, "STRIKE2": 0.0, "STRIKE3": 229.479154, "STRIKE4": 280.37825, "DIP1": 76.897568, "DIP2": 0.0, "DIP3": 70.162654, "DIP4": 64.138167, "DIRWEIGHT1": 0.300813, "DIRWEIGHT2": 0.0, "DIRWEIGHT3": 0.211382, "DIRWEIGHT4": 0.487805, "Shape_Leng": 6.6612777853700003, "Shape_Area": 0.98982157051499997 }, "geometry": { "type": "Polygon", "coordinates": [ [ [ 28.824182000099256, 40.066578000174616 ], [ 29.633053000195844, 39.813433999579445 ], [ 29.217582999855608, 39.401266000425608 ], [ 29.066509000090321, 39.431140000310791 ], [ 28.745713000354726, 39.461792000100786 ], [ 28.207767999793418, 39.494066000045905 ], [ 28.323836999577907, 39.637269000164281 ], [ 27.496036999807757, 39.680541000067137 ], [ 27.009720999624506, 39.110616999674846 ], [ 27.014311999998824, 39.718382999575795 ], [ 28.824182000099256, 40.066578000174616 ] ] ] } },
{ "type": "Feature", "properties": { "OBJECTID": 71.0, "LONC": 32.846936, "LATC": 39.93054, "IDAS": "TRAS416", "A": 4.5, "B": 1.0, "TECREG": "Active", "TECTONICS": "Active Shallow Crust", "SS": 75, "NF": 25, "TF": 0, "MINDEPTH": 0, "HYPODEPTH1": 2, "HYPODEPTH2": 10, "HYPODEPTH3": 18, "MAXDEPTH": 20, "WHDEPTH1": 0.1, "WHDEPTH2": 0.4, "WHDEPTH3": 0.5, "MAXMAG01": 7.5, "MAXMAG02": 7.7, "MAXMAG03": 7.9, "MAXMAG04": 8.1, "WMAXMAG01": 0.5, "WMAXMAG02": 0.2, "WMAXMAG03": 0.2, "WMAXMAG04": 0.1, "STRIKE1": 40.994543, "STRIKE2": 141.937833, "STRIKE3": 207.262551, "STRIKE4": 315.019411, "DIP1": 72.909252, "DIP2": 66.6765, "DIP3": 68.719737, "DIP4": 75.819232, "DIRWEIGHT1": 0.473684, "DIRWEIGHT2": 0.012146, "DIRWEIGHT3": 0.40081, "DIRWEIGHT4": 0.11336, "Shape_Leng": 13.979792729, "Shape_Area": 4.5485811252700001 }, "geometry": { "type": "Polygon", "coordinates": [ [ [ 29.743214000026114, 40.259202999618765 ], [ 30.295555999909539, 40.446617999820887 ], [ 31.105748999816512, 40.549120999934246 ], [ 31.471892999862121, 40.573300999841308 ], [ 31.901701000400919, 40.615614999632555 ], [ 32.565671000316456, 40.688956000319195 ], [ 34.083668999924441, 40.928979000180789 ], [ 35.41382100013908, 40.898445999583259 ], [ 35.950659000012877, 40.714877999620057 ], [ 35.543847999685511, 40.663207000003126 ], [ 34.819632000416561, 40.404964999934862 ], [ 34.407231999557212, 40.232804999950815 ], [ 33.874135999576765, 40.03716499996483 ], [ 33.703136000026404, 39.982387000060044 ], [ 33.212160999930234, 39.506569000159288 ], [ 32.710144999692034, 39.384658999912972 ], [ 33.015514000270969, 38.93210099976136 ], [ 32.746042000338093, 39.131664999939858 ], [ 31.950474000374868, 39.530795000388991 ], [ 31.321705999632229, 39.830143000299302 ], [ 30.911090000103457, 39.969836999577922 ], [ 30.359321999710573, 40.099557000255402 ], [ 29.743214000026114, 40.259202999618765 ] ] ] } },
{ "type": "Feature", "properties": { "OBJECTID": 72.0, "LONC": 28.68148, "LATC": 37.437979, "IDAS": "TRAS419", "A": 2.6, "B": 0.83, "TECREG": "Active", "TECTONICS": "Active Shallow Crust", "SS": 20, "NF": 75, "TF": 5, "MINDEPTH": 0, "HYPODEPTH1": 2, "HYPODEPTH2": 10, "HYPODEPTH3": 18, "MAXDEPTH": 20, "WHDEPTH1": 0.1, "WHDEPTH2": 0.4, "WHDEPTH3": 0.5, "MAXMAG01": 7.1, "MAXMAG02": 7.3, "MAXMAG03": 7.5, "MAXMAG04": 7.7, "WMAXMAG01": 0.5, "WMAXMAG02": 0.2, "WMAXMAG03": 0.2, "WMAXMAG04": 0.1, "STRIKE1": 0.0, "STRIKE2": 0.0, "STRIKE3": 230.236526, "STRIKE4": 347.143917, "DIP1": 0.0, "DIP2": 0.0, "DIP3": 50.444289, "DIP4": 50.64725, "DIRWEIGHT1": 0.0, "DIRWEIGHT2": 0.0, "DIRWEIGHT3": 0.76, "DIRWEIGHT4": 0.24, "Shape_Leng": 3.93309823952, "Shape_Area": 0.62570424409199998 }, "geometry": { "type": "Polygon", "coordinates": [ [ [ 27.785827999662501, 37.666773999620432 ], [ 28.138826999666378, 37.702298000152609 ], [ 28.448064999700023, 37.751060999665469 ], [ 28.692502999913586, 37.770408999775555 ], [ 28.821889999623806, 37.778984999558133 ], [ 28.919681000078128, 37.760543999905735 ], [ 29.07476000017391, 37.749881000108132 ], [ 29.334375999752638, 37.712839999766231 ], [ 29.577131999742051, 37.630819999943071 ], [ 28.926968999819564, 37.096789000012393 ], [ 27.785827999662501, 37.666773999620432 ] ] ] } },
{ "type": "Feature", "properties": { "OBJECTID": 73.0, "LONC": 27.99969, "LATC": 38.214343, "IDAS": "TRAS420", "A": 2.9, "B": 0.88, "TECREG": "Active", "TECTONICS": "Active Shallow Crust", "SS": 20, "NF": 75, "TF": 5, "MINDEPTH": 0, "HYPODEPTH1": 2, "HYPODEPTH2": 10, "HYPODEPTH3": 18, "MAXDEPTH": 20, "WHDEPTH1": 0.1, "WHDEPTH2": 0.4, "WHDEPTH3": 0.5, "MAXMAG01": 7.1, "MAXMAG02": 7.3, "MAXMAG03": 7.5, "MAXMAG04": 7.7, "WMAXMAG01": 0.5, "WMAXMAG02": 0.2, "WMAXMAG03": 0.2, "WMAXMAG04": 0.1, "STRIKE1": 84.2875, "STRIKE2": 0.0, "STRIKE3": 253.371676, "STRIKE4": 282.954417, "DIP1": 50.0, "DIP2": 0.0, "DIP3": 56.564941, "DIP4": 51.328583, "DIRWEIGHT1": 0.28125, "DIRWEIGHT2": 0.0, "DIRWEIGHT3": 0.53125, "DIRWEIGHT4": 0.1875, "Shape_Leng": 3.3454769950899998, "Shape_Area": 0.40500252871100001 }, "geometry": { "type": "Polygon", "coordinates": [ [ [ 27.274005000430463, 38.002108999830511 ], [ 27.359544999801926, 38.426577999674976 ], [ 27.534382000029325, 38.39075699983573 ], [ 27.713218000310519, 38.378573000043957 ], [ 28.00480200011225, 38.39075699983573 ], [ 28.20696799977344, 38.378573000043957 ], [ 28.35858800043593, 38.342021999815472 ], [ 28.440232000006858, 38.305470999586987 ], [ 28.556867999858355, 38.229322999856606 ], [ 28.725375999602761, 38.086256999760792 ], [ 28.632933000257822, 38.087060999965217 ], [ 27.931940999977201, 38.06346299991759 ], [ 27.274005000430463, 38.002108999830511 ] ] ] } },
{ "type": "Feature", "properties": { "OBJECTID": 74.0, "LONC": 29.184246, "LATC": 35.522617, "IDAS": "GRAS421", "A": 5.0, "B": 1.1, "TECREG": "Active", "TECTONICS": "Active Shallow Crust", "SS": 50, "NF": 0, "TF": 50, "MINDEPTH": 0, "HYPODEPTH1": 2, "HYPODEPTH2": 10, "HYPODEPTH3": 18, "MAXDEPTH": 20, "WHDEPTH1": 0.1, "WHDEPTH2": 0.4, "WHDEPTH3": 0.5, "MAXMAG01": 7.5, "MAXMAG02": 7.7, "MAXMAG03": 7.9, "MAXMAG04": 8.1, "WMAXMAG01": 0.5, "WMAXMAG02": 0.2, "WMAXMAG03": 0.2, "WMAXMAG04": 0.1, "STRIKE1": 37.712643, "STRIKE2": 0.0, "STRIKE3": 213.242, "STRIKE4": 319.103575, "DIP1": 57.636357, "DIP2": 0.0, "DIP3": 75.689, "DIP4": 22.091487, "DIRWEIGHT1": 0.109375, "DIRWEIGHT2": 0.0, "DIRWEIGHT3": 0.007812, "DIRWEIGHT4": 0.882812, "Shape_Leng": 29.454935524300002, "Shape_Area": 16.1832024968 }, "geometry": { "type": "Polygon", "coordinates": [ [ [ 19.482133909752179, 38.200000000199907 ], [ 19.999137000372343, 37.699833999839257 ], [ 20.500089000107323, 37.098645000166698 ], [ 21.300502999613798, 36.100386999760303 ], [ 21.701516999709838, 35.601934000154017 ], [ 23.800218000360474, 34.200065000399491 ], [ 24.206823000181373, 33.999343999925713 ], [ 26.400158999638165, 34.000263000037478 ], [ 26.901792000200714, 33.999043000434199 ], [ 28.799871000446387, 35.50036499994485 ], [ 29.071062999657784, 35.670590999774845 ], [ 29.273439000009887, 35.666659000112816 ], [ 29.792480000251885, 35.378809999881639 ], [ 30.485964999685052, 35.015051000103597 ], [ 29.109829999554904, 34.191724999808969 ], [ 26.937741999693571, 33.144506999798239 ], [ 22.971030000434212, 33.377522000240162 ], [ 19.882133909852087, 34.899999999600368 ], [ 18.282133909452398, 35.6 ], [ 19.482133909752179, 38.200000000199907 ] ] ] } },
{ "type": "Feature", "properties": { "OBJECTID": 75.0, "LONC": 26.746201, "LATC": 40.243211, "IDAS": "TRAS423", "A": 2.8, "B": 0.84, "TECREG": "Active", "TECTONICS": "Active Shallow Crust", "SS": 50, "NF": 40, "TF": 10, "MINDEPTH": 0, "HYPODEPTH1": 2, "HYPODEPTH2": 10, "HYPODEPTH3": 18, "MAXDEPTH": 20, "WHDEPTH1": 0.1, "WHDEPTH2": 0.4, "WHDEPTH3": 0.5, "MAXMAG01": 8.0, "MAXMAG02": 8.2, "MAXMAG03": 8.4, "MAXMAG04": 8.6, "WMAXMAG01": 0.5, "WMAXMAG02": 0.2, "WMAXMAG03": 0.2, "WMAXMAG04": 0.1, "STRIKE1": 0.0, "STRIKE2": 119.411222, "STRIKE3": 249.116, "STRIKE4": 0.0, "DIP1": 0.0, "DIP2": 83.490778, "DIP3": 60.079667, "DIP4": 0.0, "DIRWEIGHT1": 0.0, "DIRWEIGHT2": 0.5, "DIRWEIGHT3": 0.5, "DIRWEIGHT4": 0.0, "Shape_Leng": 5.4970771407400001, "Shape_Area": 0.60899907980699997 }, "geometry": { "type": "Polygon", "coordinates": [ [ [ 26.30132699974132, 39.837771999578194 ], [ 26.299999999700276, 39.935000000149955 ], [ 26.226846999589384, 40.24351900030166 ], [ 27.035873999685407, 40.508665000389499 ], [ 27.526908999850491, 40.633690000393244 ], [ 27.673880000161944, 40.648650999643962 ], [ 28.342693000381701, 40.611504999855924 ], [ 28.696376999598897, 40.565061000265018 ], [ 28.696376999598897, 40.565061000265018 ], [ 28.466277999630051, 40.488674000304911 ], [ 28.075549999932605, 40.464494000397849 ], [ 27.762981000073125, 40.391964000238488 ], [ 27.485826000169823, 40.316483999836748 ], [ 27.01838199972957, 40.161178000064695 ], [ 26.580130000099473, 40.081575000186149 ], [ 26.30132699974132, 39.837771999578194 ] ] ] } },
{ "type": "Feature", "properties": { "OBJECTID": 76.0, "LONC": 31.497753, "LATC": 36.19586, "IDAS": "TRAS424", "A": 3.3, "B": 0.86, "TECREG": "Active", "TECTONICS": "Active Shallow Crust", "SS": 20, "NF": 75, "TF": 5, "MINDEPTH": 0, "HYPODEPTH1": 2, "HYPODEPTH2": 10, "HYPODEPTH3": 18, "MAXDEPTH": 20, "WHDEPTH1": 0.1, "WHDEPTH2": 0.4, "WHDEPTH3": 0.5, "MAXMAG01": 7.5, "MAXMAG02": 7.7, "MAXMAG03": 7.9, "MAXMAG04": 8.1, "WMAXMAG01": 0.5, "WMAXMAG02": 0.2, "WMAXMAG03": 0.2, "WMAXMAG04": 0.1, "STRIKE1": 23.858604, "STRIKE2": 153.6774, "STRIKE3": 197.422826, "STRIKE4": 322.799641, "DIP1": 59.239919, "DIP2": 56.887257, "DIP3": 50.666109, "DIP4": 40.521451, "DIRWEIGHT1": 0.248333, "DIRWEIGHT2": 0.058333, "DIRWEIGHT3": 0.076667, "DIRWEIGHT4": 0.616667, "Shape_Leng": 8.4389981125800002, "Shape_Area": 3.1589552638499998 }, "geometry": { "type": "Polygon", "coordinates": [ [ [ 32.571834000338924, 34.689140000110967 ], [ 32.128018999577193, 35.101914000230977 ], [ 30.056588000136173, 36.866871000296499 ], [ 30.279810999578046, 37.181672999709235 ], [ 30.732466999752262, 37.681048999611676 ], [ 30.757059999819205, 37.7024150001522 ], [ 32.954126999561424, 35.556482000444021 ], [ 32.571834000338924, 34.689140000110967 ] ] ] } },
{ "type": "Feature", "properties": { "OBJECTID": 77.0, "LONC": 20.417773, "LATC": 41.829031, "IDAS": "ALAS993", "A": 3.5273, "B": 0.901, "TECREG": "Active", "TECTONICS": "Active Shallow Crust", "SS": 20, "NF": 60, "TF": 20, "MINDEPTH": 0, "HYPODEPTH1": 2, "HYPODEPTH2": 10, "HYPODEPTH3": 18, "MAXDEPTH": 14, "WHDEPTH1": 0.1, "WHDEPTH2": 0.4, "WHDEPTH3": 0.5, "MAXMAG01": 7.5, "MAXMAG02": 7.7, "MAXMAG03": 7.9, "MAXMAG04": 8.1, "WMAXMAG01": 0.5, "WMAXMAG02": 0.2, "WMAXMAG03": 0.2, "WMAXMAG04": 0.1, "STRIKE1": 36.382905, "STRIKE2": 0.0, "STRIKE3": 221.541063, "STRIKE4": 335.178646, "DIP1": 46.907622, "DIP2": 0.0, "DIP3": 47.469919, "DIP4": 41.402949, "DIRWEIGHT1": 0.280303, "DIRWEIGHT2": 0.0, "DIRWEIGHT3": 0.420455, "DIRWEIGHT4": 0.299242, "Shape_Leng": 4.5059784052999996, "Shape_Area": 1.1462189193900001 }, "geometry": { "type": "Polygon", "coordinates": [ [ [ 20.485904999815943, 41.633696999616916 ], [ 20.271545999947989, 41.485569999955601 ], [ 19.90100400033441, 41.250340999937237 ], [ 19.8266284303578, 41.828098227551209 ], [ 20.004417000144485, 42.330031000030658 ], [ 20.23807000033031, 42.774727000051087 ], [ 20.556159000237699, 42.968542000413038 ], [ 20.670098999869026, 42.724460999575513 ], [ 20.817396999971606, 42.500746999974126 ], [ 21.10518600013387, 42.055441999748552 ], [ 20.485904999815943, 41.633696999616916 ] ] ] } },
{ "type": "Feature", "properties": { "OBJECTID": 78.0, "LONC": 20.696687, "LATC": 40.546706, "IDAS": "ALAS992", "A": 3.2952, "B": 0.814, "TECREG": "Active", "TECTONICS": "Active Shallow Crust", "SS": 20, "NF": 60, "TF": 20, "MINDEPTH": 0, "HYPODEPTH1": 2, "HYPODEPTH2": 10, "HYPODEPTH3": 18, "MAXDEPTH": 14, "WHDEPTH1": 0.1, "WHDEPTH2": 0.4, "WHDEPTH3": 0.5, "MAXMAG01": 7.5, "MAXMAG02": 7.7, "MAXMAG03": 7.9, "MAXMAG04": 8.1, "WMAXMAG01": 0.5, "WMAXMAG02": 0.2, "WMAXMAG03": 0.2, "WMAXMAG04": 0.1, "STRIKE1": 46.7922, "STRIKE2": 161.226446, "STRIKE3": 201.980836, "STRIKE4": 329.653729, "DIP1": 56.557743, "DIP2": 48.730877, "DIP3": 51.347356, "DIP4": 41.110181, "DIRWEIGHT1": 0.094086, "DIRWEIGHT2": 0.174731, "DIRWEIGHT3": 0.196237, "DIRWEIGHT4": 0.534946, "Shape_Leng": 5.4786283037899999, "Shape_Area": 1.5015485588499999 }, "geometry": { "type": "Polygon", "coordinates": [ [ [ 20.899937000392299, 40.599953999577451 ], [ 20.809368000233064, 39.89953899982504 ], [ 20.493437000017593, 39.897931000315452 ], [ 20.080896883884122, 40.555326375112202 ], [ 19.93764600026276, 40.956808000189085 ], [ 21.297341000386893, 41.755741999793486 ], [ 21.429640000385746, 41.397661000155097 ], [ 21.5026720003126, 41.199857000200439 ], [ 21.556707000128029, 41.145603000178369 ], [ 21.649930000369295, 41.051746000377648 ], [ 20.899937000392299, 40.599953999577451 ] ] ] } },
{ "type": "Feature", "properties": { "OBJECTID": 79.0, "LONC": 25.124403, "LATC": 42.613985, "IDAS": "BGAS991", "A": 2.7612, "B": 0.915, "TECREG": "Active", "TECTONICS": "Active Shallow Crust", "SS": 20, "NF": 60, "TF": 20, "MINDEPTH": 0, "HYPODEPTH1": 2, "HYPODEPTH2": 10, "HYPODEPTH3": 18, "MAXDEPTH": 20, "WHDEPTH1": 0.1, "WHDEPTH2": 0.4, "WHDEPTH3": 0.5, "MAXMAG01": 7.5, "MAXMAG02": 7.7, "MAXMAG03": 7.9, "MAXMAG04": 8.1, "WMAXMAG01": 0.5, "WMAXMAG02": 0.2, "WMAXMAG03": 0.2, "WMAXMAG04": 0.1, "STRIKE1": 77.465197, "STRIKE2": 101.129108, "STRIKE3": 267.72425, "STRIKE4": 293.628773, "DIP1": 47.117239, "DIP2": 47.713923, "DIP3": 47.586667, "DIP4": 48.9255, "DIRWEIGHT1": 0.541667, "DIRWEIGHT2": 0.300926, "DIRWEIGHT3": 0.055556, "DIRWEIGHT4": 0.101852, "Shape_Leng": 6.5958500333299996, "Shape_Area": 1.31933956629 }, "geometry": { "type": "Polygon", "coordinates": [ [ [ 24.016341999783492, 42.929236999987609 ], [ 25.369015999888518, 42.790473000428676 ], [ 26.232463999613969, 42.703377000348326 ], [ 26.750549999882651, 42.674003000138384 ], [ 27.011957000215432, 42.65897799973493 ], [ 26.276666000135833, 42.036587999936273 ], [ 25.906266999922138, 42.215806999893175 ], [ 25.36728099991825, 42.298733000127925 ], [ 25.016844000250444, 42.351307000018096 ], [ 24.480907999704471, 42.308487000274908 ], [ 24.420200999776341, 42.390063000307293 ], [ 24.219703999739863, 42.659118999941938 ], [ 24.016341999783492, 42.929236999987609 ] ] ] } },
{ "type": "Feature", "properties": { "OBJECTID": 80.0, "LONC": 36.004231, "LATC": 41.13201, "IDAS": "TRAS984", "A": 4.2932, "B": 1.042, "TECREG": "Active", "TECTONICS": "Active Shallow Crust", "SS": 50, "NF": 40, "TF": 10, "MINDEPTH": 0, "HYPODEPTH1": 2, "HYPODEPTH2": 10, "HYPODEPTH3": 18, "MAXDEPTH": 20, "WHDEPTH1": 0.1, "WHDEPTH2": 0.4, "WHDEPTH3": 0.5, "MAXMAG01": 7.8, "MAXMAG02": 8.0, "MAXMAG03": 8.2, "MAXMAG04": 8.4, "WMAXMAG01": 0.5, "WMAXMAG02": 0.2, "WMAXMAG03": 0.2, "WMAXMAG04": 0.1, "STRIKE1": 68.91464, "STRIKE2": 127.475152, "STRIKE3": 246.42267, "STRIKE4": 279.74225, "DIP1": 51.599494, "DIP2": 54.809197, "DIP3": 85.013682, "DIP4": 85.398, "DIRWEIGHT1": 0.618056, "DIRWEIGHT2": 0.286706, "DIRWEIGHT3": 0.087302, "DIRWEIGHT4": 0.007937, "Shape_Leng": 34.1551852037, "Shape_Area": 13.1791960774 }, "geometry": { "type": "Polygon", "coordinates": [ [ [ 42.766937999688992, 41.627767999593573 ], [ 42.377873000238822, 41.329240999772367 ], [ 42.091029999634827, 41.064215999868566 ], [ 41.792422999721737, 40.708074999761493 ], [ 41.020321000014178, 40.385697999962758 ], [ 39.500000000299849, 39.929999999800202 ], [ 38.690000000299847, 40.220000000299819 ], [ 37.679999999800202, 40.509999999900117 ], [ 37.16133299971824, 40.654063000107442 ], [ 36.22691900001189, 40.971771000431374 ], [ 35.30998999993858, 41.264006999723335 ], [ 34.006635018691213, 41.310866129967962 ], [ 33.342502474409741, 41.273458653194325 ], [ 32.930818372569888, 41.1299115256964 ], [ 31.886314000390882, 40.87785699980077 ], [ 31.589377000148488, 40.848068000238072 ], [ 31.263511424013075, 40.851068933584486 ], [ 30.842627593988311, 40.854682970742545 ], [ 30.380641084418585, 40.856038122261566 ], [ 29.850674319564234, 40.850857987706036 ], [ 29.30614649386564, 40.914924065193532 ], [ 29.011180818340165, 41.014220397653276 ], [ 28.577427249168238, 41.05561297635785 ], [ 27.501105999742151, 42.651841999808482 ], [ 28.324611000197535, 42.621435999671689 ], [ 28.364001000046187, 42.312407000282917 ], [ 28.615821999885441, 42.025796999631893 ], [ 29.041802000162249, 41.758950000242351 ], [ 29.307342000433039, 41.634950999888758 ], [ 29.756021999815516, 41.422027999692489 ], [ 30.916524999828937, 41.370039999846142 ], [ 31.530340999937266, 41.546271999653129 ], [ 32.876269000114291, 42.091489000117292 ], [ 33.646549000336165, 42.258781999589644 ], [ 34.259885999939002, 42.334020999669463 ], [ 34.89849300025179, 42.237767999993252 ], [ 35.367451000363417, 42.120060000168905 ], [ 36.330829000258234, 41.753547000193976 ], [ 37.450813999666423, 41.408393000436661 ], [ 38.089277999680007, 41.281842000208201 ], [ 39.19756300003246, 41.219367999733436 ], [ 39.836840999812352, 41.264504000159548 ], [ 40.423853999562482, 41.289054000042142 ], [ 41.155198000187625, 41.496453000005999 ], [ 42.86499499981943, 41.943178000064677 ], [ 42.910809000035385, 41.943002000042327 ], [ 42.944070999676967, 41.935042999934524 ], [ 42.984948999796529, 41.917294999864396 ], [ 43.252025999900013, 41.785141000256999 ], [ 42.766937999688992, 41.627767999593573 ] ] ] } },
{ "type": "Feature", "properties": { "OBJECTID": 81.0, "LONC": 21.925, "LATC": 38.25, "IDAS": "GRAS976", "A": 3.0588, "B": 0.745, "TECREG": "Active", "TECTONICS": "Active Shallow Crust", "SS": 25, "NF": 50, "TF": 25, "MINDEPTH": 0, "HYPODEPTH1": 2, "HYPODEPTH2": 10, "HYPODEPTH3": 18, "MAXDEPTH": 20, "WHDEPTH1": 0.1, "WHDEPTH2": 0.4, "WHDEPTH3": 0.5, "MAXMAG01": 7.5, "MAXMAG02": 7.7, "MAXMAG03": 7.9, "MAXMAG04": 8.1, "WMAXMAG01": 0.5, "WMAXMAG02": 0.2, "WMAXMAG03": 0.2, "WMAXMAG04": 0.1, "STRIKE1": 65.3675, "STRIKE2": 104.610411, "STRIKE3": 253.542529, "STRIKE4": 288.026209, "DIP1": 57.402604, "DIP2": 56.564422, "DIP3": 54.182569, "DIP4": 41.811018, "DIRWEIGHT1": 0.160535, "DIRWEIGHT2": 0.301003, "DIRWEIGHT3": 0.170569, "DIRWEIGHT4": 0.367893, "Shape_Leng": 4.6446961915799996, "Shape_Area": 0.94682400210899997 }, "geometry": { "type": "Polygon", "coordinates": [ [ [ 21.500000000299849, 38.499999999600334 ], [ 21.925000000349769, 38.499999999600334 ], [ 22.050000000099999, 38.499999999600334 ], [ 22.350000000399746, 38.499999999600334 ], [ 22.800000000399734, 38.499999999600334 ], [ 23.149999999700299, 38.250000000099988 ], [ 23.499999999900126, 37.999999999700265 ], [ 23.12499999975023, 37.825000000050011 ], [ 22.749999999600334, 37.650000000399757 ], [ 22.55, 37.825000000050011 ], [ 22.350000000399746, 37.999999999700265 ], [ 21.816392000190717, 37.999999999700265 ], [ 21.733333000117909, 38.13333299971822 ], [ 21.500000000299849, 38.499999999600334 ] ] ] } },
{ "type": "Feature", "properties": { "OBJECTID": 82.0, "LONC": 21.3, "LATC": 36.850172, "IDAS": "GRAS975", "A": 3.9751, "B": 0.918, "TECREG": "Active", "TECTONICS": "Active Shallow Crust", "SS": 35, "NF": 15, "TF": 50, "MINDEPTH": 0, "HYPODEPTH1": 2, "HYPODEPTH2": 10, "HYPODEPTH3": 18, "MAXDEPTH": 50, "WHDEPTH1": 0.1, "WHDEPTH2": 0.4, "WHDEPTH3": 0.5, "MAXMAG01": 7.5, "MAXMAG02": 7.7, "MAXMAG03": 7.9, "MAXMAG04": 8.1, "WMAXMAG01": 0.5, "WMAXMAG02": 0.2, "WMAXMAG03": 0.2, "WMAXMAG04": 0.1, "STRIKE1": 0.0, "STRIKE2": 0.0, "STRIKE3": 216.172184, "STRIKE4": 291.6045, "DIP1": 0.0, "DIP2": 0.0, "DIP3": 75.687959, "DIP4": 22.9705, "DIRWEIGHT1": 0.0, "DIRWEIGHT2": 0.0, "DIRWEIGHT3": 0.960784, "DIRWEIGHT4": 0.039216, "Shape_Leng": 5.7058000508599998, "Shape_Area": 1.6862441268099999 }, "geometry": { "type": "Polygon", "coordinates": [ [ [ 20.499999999600334, 37.099999999700287 ], [ 21.100000000199884, 37.599999999600357 ], [ 21.550119000291659, 37.100055000437976 ], [ 22.1, 36.5 ], [ 22.299999999600345, 36.274999999550403 ], [ 22.500000000099988, 36.05 ], [ 22.1, 35.824999999550414 ], [ 21.701664000193489, 35.601836000131357 ], [ 21.300537000282361, 36.100344999622109 ], [ 20.940679999682288, 36.549150000272334 ], [ 20.499999999600334, 37.099999999700287 ] ] ] } },
{ "type": "Feature", "properties": { "OBJECTID": 83.0, "LONC": 24.49653, "LATC": 34.349673, "IDAS": "GRAS974", "A": 4.3249, "B": 0.963, "TECREG": "Active", "TECTONICS": "Active Shallow Crust", "SS": 35, "NF": 15, "TF": 50, "MINDEPTH": 0, "HYPODEPTH1": 2, "HYPODEPTH2": 10, "HYPODEPTH3": 18, "MAXDEPTH": 50, "WHDEPTH1": 0.1, "WHDEPTH2": 0.4, "WHDEPTH3": 0.5, "MAXMAG01": 7.5, "MAXMAG02": 7.7, "MAXMAG03": 7.9, "MAXMAG04": 8.1, "WMAXMAG01": 0.5, "WMAXMAG02": 0.2, "WMAXMAG03": 0.2, "WMAXMAG04": 0.1, "STRIKE1": 0.0, "STRIKE2": 0.0, "STRIKE3": 0.0, "STRIKE4": 0.0, "DIP1": 0.0, "DIP2": 0.0, "DIP3": 0.0, "DIP4": 0.0, "DIRWEIGHT1": 0.0, "DIRWEIGHT2": 0.0, "DIRWEIGHT3": 0.0, "DIRWEIGHT4": 0.0, "Shape_Leng": 6.1269553731600004, "Shape_Area": 1.62299289665 }, "geometry": { "type": "Polygon", "coordinates": [ [ [ 23.800140000360784, 34.20011700009951 ], [ 24.099999999600357, 34.449999999600379 ], [ 24.399999999900103, 34.7 ], [ 24.899999999800229, 34.7 ], [ 25.399999999700299, 34.7 ], [ 25.899999999600368, 34.7 ], [ 26.400000000399757, 34.7 ], [ 26.400000000399757, 34.349999999800218 ], [ 26.400040000445699, 34.000263000037478 ], [ 26.349548000340008, 34.000241999968353 ], [ 25.192920000057995, 34.005788000315988 ], [ 24.210896000050411, 33.999346000017965 ], [ 23.800140000360784, 34.20011700009951 ] ] ] } },
{ "type": "Feature", "properties": { "OBJECTID": 84.0, "LONC": 25.963423, "LATC": 40.375031, "IDAS": "GRAS973", "A": 2.9737, "B": 0.8, "TECREG": "Active", "TECTONICS": "Active Shallow Crust", "SS": 40, "NF": 60, "TF": 0, "MINDEPTH": 0, "HYPODEPTH1": 2, "HYPODEPTH2": 10, "HYPODEPTH3": 18, "MAXDEPTH": 20, "WHDEPTH1": 0.1, "WHDEPTH2": 0.4, "WHDEPTH3": 0.5, "MAXMAG01": 8.0, "MAXMAG02": 8.2, "MAXMAG03": 8.4, "MAXMAG04": 8.6, "WMAXMAG01": 0.5, "WMAXMAG02": 0.2, "WMAXMAG03": 0.2, "WMAXMAG04": 0.1, "STRIKE1": 66.499139, "STRIKE2": 101.507063, "STRIKE3": 242.709131, "STRIKE4": 286.437533, "DIP1": 67.476584, "DIP2": 69.789938, "DIP3": 70.262016, "DIP4": 54.7368, "DIRWEIGHT1": 0.65283, "DIRWEIGHT2": 0.060377, "DIRWEIGHT3": 0.230189, "DIRWEIGHT4": 0.056604, "Shape_Leng": 3.8975598578600001, "Shape_Area": 0.65494623188000001 }, "geometry": { "type": "Polygon", "coordinates": [ [ [ 25.7, 40.599999999900149 ], [ 25.999652000439539, 40.650061999961395 ], [ 26.226846999589384, 40.24351900030166 ], [ 26.000000000299849, 40.184999999650302 ], [ 25.7, 40.1 ], [ 24.949999999700253, 39.900000000399757 ], [ 24.499999999700265, 40.199999999800184 ], [ 25.7, 40.599999999900149 ] ] ] } }
]
}
