{
"type": "FeatureCollection",
"name": "eshm13_vanilla",
"crs": { "type": "name", "properties": { "name": "urn:ogc:def:crs:OGC:1.3:CRS84" } },
"features": [
{ "type": "Feature", "properties": { "OBJECTID_1": 82.0, "LONC": 19.982439, "LATC": 47.988822, "IDAS": "HUAS082", "A": 2.4051, "B": 1.0, "TECREG": "Active", "TECTONICS": "Active Shallow Crust", "SS": 30, "NF": 30, "TF": 40, "MINDEPTH": 5, "HYPODEPTH1": 2, "HYPODEPTH2": 10, "HYPODEPTH3": 18, "MAXDEPTH": 26, "WHDEPTH1": 0.1, "WHDEPTH2": 0.4, "WHDEPTH3": 0.5, "MAXMAG01": 6.7, "MAXMAG02": 6.9, "MAXMAG03": 7.1, "MAXMAG04": 7.3, "WMAXMAG01": 0.5, "WMAXMAG02": 0.2, "WMAXMAG03": 0.2, "WMAXMAG04": 0.1, "STRIKE1": 0.0, "STRIKE2": 0.0, "STRIKE3": 0.0, "STRIKE4": 0.0, "DIP1": 0.0, "DIP2": 0.0, "DIP3": 0.0, "DIP4": 0.0, "DIRWEIGHT1": 0.0, "DIRWEIGHT2": 0.0, "DIRWEIGHT3": 0.0, "DIRWEIGHT4": 0.0 }, "geometry": { "type": "Polygon", "coordinates": [ [ [ 18.558496999636986, 47.645828000262156 ], [ 18.63328899978768, 48.113894999754621 ], [ 20.652117999845984, 48.331816000208391 ], [ 21.406379999737339, 48.312163000422288 ], [ 21.379778999701216, 48.011817000354426 ], [ 21.032342999929654, 47.78304999975785 ], [ 18.558496999636986, 47.645828000262156 ] ] ] } },
{ "type": "Feature", "properties": { "OBJECTID_1": 83.0, "LONC": 17.784092, "LATC": 45.759141, "IDAS": "HRAS083", "A": 3.3, "B": 1.0, "TECREG": "Active", "TECTONICS": "Active Shallow Crust", "SS": 20, "NF": 60, "TF": 20, "MINDEPTH": 5, "HYPODEPTH1": 2, "HYPODEPTH2": 10, "HYPODEPTH3": 18, "MAXDEPTH": 26, "WHDEPTH1": 0.1, "WHDEPTH2": 0.4, "WHDEPTH3": 0.5, "MAXMAG01": 6.9, "MAXMAG02": 7.1, "MAXMAG03": 7.3, "MAXMAG04": 7.5, "WMAXMAG01": 0.5, "WMAXMAG02": 0.2, "WMAXMAG03": 0.2, "WMAXMAG04": 0.1, "STRIKE1": 80.4448, "STRIKE2": 117.13175, "STRIKE3": 0.0, "STRIKE4": 286.558, "DIP1": 62.269657, "DIP2": 67.172103, "DIP3": 0.0, "DIP4": 75.593, "DIRWEIGHT1": 0.330189, "DIRWEIGHT2": 0.641509, "DIRWEIGHT3": 0.0, "DIRWEIGHT4": 0.028302 }, "geometry": { "type": "Polygon", "coordinates": [ [ [ 15.650548000390074, 46.176279000075965 ], [ 16.088131999792097, 46.490658999813149 ], [ 16.549842000208287, 46.611483000340343 ], [ 17.030780999743513, 46.563263999833907 ], [ 17.729152999711346, 46.09507700020356 ], [ 18.094482999990646, 45.850179000360754 ], [ 19.91763700024751, 45.621959999854255 ], [ 19.903830000254459, 44.906797999927903 ], [ 18.370096999876807, 45.324208999845609 ], [ 18.282844999797078, 45.347964999984924 ], [ 18.099484000386497, 45.395777999755069 ], [ 17.294917000019723, 45.605565000124841 ], [ 17.117040999942333, 45.688765000404601 ], [ 16.398742000143329, 46.024743999735961 ], [ 16.273107999934439, 46.083464999810076 ], [ 15.650548000390074, 46.176279000075965 ] ] ] } },
{ "type": "Feature", "properties": { "OBJECTID_1": 84.0, "LONC": 20.9234, "LATC": 45.88682, "IDAS": "ROAS084", "A": 3.6, "B": 1.0, "TECREG": "Active", "TECTONICS": "Active Shallow Crust", "SS": 30, "NF": 30, "TF": 40, "MINDEPTH": 5, "HYPODEPTH1": 2, "HYPODEPTH2": 10, "HYPODEPTH3": 18, "MAXDEPTH": 26, "WHDEPTH1": 0.1, "WHDEPTH2": 0.4, "WHDEPTH3": 0.5, "MAXMAG01": 6.7, "MAXMAG02": 6.9, "MAXMAG03": 7.1, "MAXMAG04": 7.3, "WMAXMAG01": 0.5, "WMAXMAG02": 0.2, "WMAXMAG03": 0.2, "WMAXMAG04": 0.1, "STRIKE1": 0.0, "STRIKE2": 0.0, "STRIKE3": 0.0, "STRIKE4": 0.0, "DIP1": 0.0, "DIP2": 0.0, "DIP3": 0.0, "DIP4": 0.0, "DIRWEIGHT1": 0.0, "DIRWEIGHT2": 0.0, "DIRWEIGHT3": 0.0, "DIRWEIGHT4": 0.0 }, "geometry": { "type": "Polygon", "coordinates": [ [ [ 19.903830000254459, 44.906797999927903 ], [ 19.91763700024751, 45.621959999854255 ], [ 21.375576000132469, 46.866841999658732 ], [ 21.537832000246794, 46.781346999664493 ], [ 21.942969999865738, 46.567836000231409 ], [ 21.46532100006425, 45.715526999771384 ], [ 21.194903999719998, 45.224492999652398 ], [ 21.157075999957613, 45.212594000412935 ], [ 20.876418000390572, 45.144598999844106 ], [ 19.903830000254459, 44.906797999927903 ] ] ] } },
{ "type": "Feature", "properties": { "OBJECTID_1": 85.0, "LONC": 22.249403, "LATC": 47.329034, "IDAS": "ROAS085", "A": 3.3, "B": 1.0, "TECREG": "Active", "TECTONICS": "Active Shallow Crust", "SS": 30, "NF": 30, "TF": 40, "MINDEPTH": 5, "HYPODEPTH1": 2, "HYPODEPTH2": 10, "HYPODEPTH3": 18, "MAXDEPTH": 26, "WHDEPTH1": 0.1, "WHDEPTH2": 0.4, "WHDEPTH3": 0.5, "MAXMAG01": 6.7, "MAXMAG02": 6.9, "MAXMAG03": 7.1, "MAXMAG04": 7.3, "WMAXMAG01": 0.5, "WMAXMAG02": 0.2, "WMAXMAG03": 0.2, "WMAXMAG04": 0.1, "STRIKE1": 0.0, "STRIKE2": 0.0, "STRIKE3": 0.0, "STRIKE4": 0.0, "DIP1": 0.0, "DIP2": 0.0, "DIP3": 0.0, "DIP4": 0.0, "DIRWEIGHT1": 0.0, "DIRWEIGHT2": 0.0, "DIRWEIGHT3": 0.0, "DIRWEIGHT4": 0.0 }, "geometry": { "type": "Polygon", "coordinates": [ [ [ 21.375576000132469, 46.866841999658732 ], [ 22.23527799978001, 48.090231000260644 ], [ 23.123229999964678, 47.712992000280735 ], [ 22.849346999864338, 47.452677999989874 ], [ 21.942969999865738, 46.567836000231409 ], [ 21.537832000246794, 46.781346999664493 ], [ 21.375576000132469, 46.866841999658732 ] ] ] } },
{ "type": "Feature", "properties": { "OBJECTID_1": 86.0, "LONC": 22.254061, "LATC": 48.713059, "IDAS": "SKAS086", "A": 3.6, "B": 1.0, "TECREG": "Active", "TECTONICS": "Active Shallow Crust", "SS": 30, "NF": 30, "TF": 40, "MINDEPTH": 5, "HYPODEPTH1": 2, "HYPODEPTH2": 10, "HYPODEPTH3": 18, "MAXDEPTH": 26, "WHDEPTH1": 0.1, "WHDEPTH2": 0.4, "WHDEPTH3": 0.5, "MAXMAG01": 6.7, "MAXMAG02": 6.9, "MAXMAG03": 7.1, "MAXMAG04": 7.3, "WMAXMAG01": 0.5, "WMAXMAG02": 0.2, "WMAXMAG03": 0.2, "WMAXMAG04": 0.1, "STRIKE1": 0.0, "STRIKE2": 0.0, "STRIKE3": 0.0, "STRIKE4": 0.0, "DIP1": 0.0, "DIP2": 0.0, "DIP3": 0.0, "DIP4": 0.0, "DIRWEIGHT1": 0.0, "DIRWEIGHT2": 0.0, "DIRWEIGHT3": 0.0, "DIRWEIGHT4": 0.0 }, "geometry": { "type": "Polygon", "coordinates": [ [ [ 20.089210000141577, 48.85527700013364 ], [ 20.163779999947224, 49.713124999719128 ], [ 22.08748300014048, 49.341348999856621 ], [ 24.418912999735312, 47.948843000204477 ], [ 24.080751999605241, 47.888892000065937 ], [ 23.123229999964678, 47.712992000280735 ], [ 22.23527799978001, 48.090231000260644 ], [ 21.459894999854498, 48.379963000092573 ], [ 20.338293999668508, 48.799063999704003 ], [ 20.089210000141577, 48.85527700013364 ] ] ] } },
{ "type": "Feature", "properties": { "OBJECTID_1": 88.0, "LONC": 19.633029, "LATC": 47.000962, "IDAS": "HUAS088", "A": 3.0, "B": 1.0, "TECREG": "Active", "TECTONICS": "Active Shallow Crust", "SS": 70, "NF": 0, "TF": 30, "MINDEPTH": 5, "HYPODEPTH1": 2, "HYPODEPTH2": 10, "HYPODEPTH3": 18, "MAXDEPTH": 26, "WHDEPTH1": 0.1, "WHDEPTH2": 0.4, "WHDEPTH3": 0.5, "MAXMAG01": 6.7, "MAXMAG02": 6.9, "MAXMAG03": 7.1, "MAXMAG04": 7.3, "WMAXMAG01": 0.5, "WMAXMAG02": 0.2, "WMAXMAG03": 0.2, "WMAXMAG04": 0.1, "STRIKE1": 0.0, "STRIKE2": 0.0, "STRIKE3": 0.0, "STRIKE4": 0.0, "DIP1": 0.0, "DIP2": 0.0, "DIP3": 0.0, "DIP4": 0.0, "DIRWEIGHT1": 0.0, "DIRWEIGHT2": 0.0, "DIRWEIGHT3": 0.0, "DIRWEIGHT4": 0.0 }, "geometry": { "type": "Polygon", "coordinates": [ [ [ 17.030780999743513, 46.563263999833907 ], [ 17.085117999995873, 46.593139999811285 ], [ 17.80248399993684, 46.96218999986877 ], [ 18.426536999982716, 46.799297000056697 ], [ 19.523852999916187, 47.019816999854811 ], [ 20.446680000381889, 47.399897000446401 ], [ 21.032342999929654, 47.78304999975785 ], [ 21.379778999701216, 48.011817000354426 ], [ 21.406379999737339, 48.312163000422288 ], [ 21.459894999854498, 48.379963000092573 ], [ 22.23527799978001, 48.090231000260644 ], [ 21.375576000132469, 46.866841999658732 ], [ 19.91763700024751, 45.621959999854255 ], [ 18.094482999990646, 45.850179000360754 ], [ 17.729152999711346, 46.09507700020356 ], [ 17.030780999743513, 46.563263999833907 ] ] ] } },
{ "type": "Feature", "properties": { "OBJECTID_1": 89.0, "LONC": 7.310176, "LATC": 46.535891, "IDAS": "CHAS089", "A": 2.4, "B": 0.9, "TECREG": "Active", "TECTONICS": "Active Shallow Crust", "SS": 70, "NF": 25, "TF": 5, "MINDEPTH": 6, "HYPODEPTH1": 6, "HYPODEPTH2": 12, "HYPODEPTH3": 0, "MAXDEPTH": 12, "WHDEPTH1": 0.3, "WHDEPTH2": 0.7, "WHDEPTH3": 0.0, "MAXMAG01": 6.9, "MAXMAG02": 7.1, "MAXMAG03": 7.3, "MAXMAG04": 7.5, "WMAXMAG01": 0.5, "WMAXMAG02": 0.2, "WMAXMAG03": 0.2, "WMAXMAG04": 0.1, "STRIKE1": 0.0, "STRIKE2": 0.0, "STRIKE3": 0.0, "STRIKE4": 0.0, "DIP1": 0.0, "DIP2": 0.0, "DIP3": 0.0, "DIP4": 0.0, "DIRWEIGHT1": 0.0, "DIRWEIGHT2": 0.0, "DIRWEIGHT3": 0.0, "DIRWEIGHT4": 0.0 }, "geometry": { "type": "Polygon", "coordinates": [ [ [ 6.670246999599499, 46.414742999989642 ], [ 7.533134000433961, 46.814007000322988 ], [ 7.871795000239217, 46.890990999934843 ], [ 7.950104999846019, 46.582204000014769 ], [ 7.755024999604188, 46.430976000342298 ], [ 7.404614000236108, 46.471333999864385 ], [ 6.796553000220968, 46.180791999551332 ], [ 6.670246999599499, 46.414742999989642 ] ] ] } },
{ "type": "Feature", "properties": { "OBJECTID_1": 90.0, "LONC": 7.143511, "LATC": 46.135535, "IDAS": "CHAS090", "A": 2.8, "B": 0.9, "TECREG": "Active", "TECTONICS": "Active Shallow Crust", "SS": 70, "NF": 25, "TF": 5, "MINDEPTH": 6, "HYPODEPTH1": 6, "HYPODEPTH2": 12, "HYPODEPTH3": 0, "MAXDEPTH": 12, "WHDEPTH1": 0.3, "WHDEPTH2": 0.7, "WHDEPTH3": 0.0, "MAXMAG01": 6.9, "MAXMAG02": 7.1, "MAXMAG03": 7.3, "MAXMAG04": 7.5, "WMAXMAG01": 0.5, "WMAXMAG02": 0.2, "WMAXMAG03": 0.2, "WMAXMAG04": 0.1, "STRIKE1": 50.111026, "STRIKE2": 0.0, "STRIKE3": 0.0, "STRIKE4": 0.0, "DIP1": 60.609308, "DIP2": 0.0, "DIP3": 0.0, "DIP4": 0.0, "DIRWEIGHT1": 1.0, "DIRWEIGHT2": 0.0, "DIRWEIGHT3": 0.0, "DIRWEIGHT4": 0.0 }, "geometry": { "type": "Polygon", "coordinates": [ [ [ 6.796553000220968, 46.180791999551332 ], [ 7.404614000236108, 46.471333999864385 ], [ 7.755024999604188, 46.430976000342298 ], [ 7.706633000113015, 46.318123999623026 ], [ 7.377621000109229, 46.178156000299339 ], [ 7.248714000051223, 46.123317000279485 ], [ 6.928799999620423, 45.925568000163253 ], [ 6.798039000399683, 45.799735999816733 ], [ 6.63472600010499, 45.919394999679639 ], [ 6.531998000407555, 45.994817000104661 ], [ 6.573442999694862, 46.023922999646857 ], [ 6.796553000220968, 46.180791999551332 ] ] ] } },
{ "type": "Feature", "properties": { "OBJECTID_1": 91.0, "LONC": 7.652447, "LATC": 46.209207, "IDAS": "CHAS091", "A": 2.8, "B": 0.9, "TECREG": "Active", "TECTONICS": "Active Shallow Crust", "SS": 70, "NF": 25, "TF": 5, "MINDEPTH": 6, "HYPODEPTH1": 6, "HYPODEPTH2": 12, "HYPODEPTH3": 0, "MAXDEPTH": 12, "WHDEPTH1": 0.3, "WHDEPTH2": 0.7, "WHDEPTH3": 0.0, "MAXMAG01": 6.6, "MAXMAG02": 6.8, "MAXMAG03": 7.0, "MAXMAG04": 7.2, "WMAXMAG01": 0.5, "WMAXMAG02": 0.2, "WMAXMAG03": 0.2, "WMAXMAG04": 0.1, "STRIKE1": 71.7695, "STRIKE2": 94.786667, "STRIKE3": 0.0, "STRIKE4": 0.0, "DIP1": 60.708, "DIP2": 61.537222, "DIP3": 0.0, "DIP4": 0.0, "DIRWEIGHT1": 0.571429, "DIRWEIGHT2": 0.428571, "DIRWEIGHT3": 0.0, "DIRWEIGHT4": 0.0 }, "geometry": { "type": "Polygon", "coordinates": [ [ [ 7.755024999604188, 46.430976000342298 ], [ 8.242544000405474, 46.492845999943086 ], [ 8.376093999638556, 46.388139999861266 ], [ 7.693132999888178, 45.94875400009721 ], [ 6.928799999620423, 45.925568000163253 ], [ 7.248714000051223, 46.123317000279485 ], [ 7.377621000109229, 46.178156000299339 ], [ 7.706633000113015, 46.318123999623026 ], [ 7.755024999604188, 46.430976000342298 ] ] ] } },
{ "type": "Feature", "properties": { "OBJECTID_1": 92.0, "LONC": 6.879773, "LATC": 46.892775, "IDAS": "CHAS092", "A": 3.2, "B": 1.0, "TECREG": "Active", "TECTONICS": "Active Shallow Crust", "SS": 70, "NF": 25, "TF": 5, "MINDEPTH": 3, "HYPODEPTH1": 2, "HYPODEPTH2": 10, "HYPODEPTH3": 17, "MAXDEPTH": 17, "WHDEPTH1": 0.1, "WHDEPTH2": 0.4, "WHDEPTH3": 0.5, "MAXMAG01": 6.9, "MAXMAG02": 7.1, "MAXMAG03": 7.3, "MAXMAG04": 7.5, "WMAXMAG01": 0.5, "WMAXMAG02": 0.2, "WMAXMAG03": 0.2, "WMAXMAG04": 0.1, "STRIKE1": 0.0, "STRIKE2": 0.0, "STRIKE3": 0.0, "STRIKE4": 0.0, "DIP1": 0.0, "DIP2": 0.0, "DIP3": 0.0, "DIP4": 0.0, "DIRWEIGHT1": 0.0, "DIRWEIGHT2": 0.0, "DIRWEIGHT3": 0.0, "DIRWEIGHT4": 0.0 }, "geometry": { "type": "Polygon", "coordinates": [ [ [ 6.725566000170943, 47.329769000439171 ], [ 6.956117000299514, 47.432249000391209 ], [ 7.137727999947401, 47.511270999557155 ], [ 7.245758999578356, 47.540360000114106 ], [ 7.369978000184744, 47.573676999593999 ], [ 7.336355000083358, 47.450890000273489 ], [ 7.294735999966576, 47.294380999883401 ], [ 7.34520399986485, 47.258817000204544 ], [ 7.485766999647467, 47.160471000236612 ], [ 7.533134000433961, 46.814007000322988 ], [ 6.670246999599499, 46.414742999989642 ], [ 6.354996000165443, 46.211873000238938 ], [ 6.226411999714173, 46.962083000330381 ], [ 6.712825999920142, 47.253511000132733 ], [ 6.725566000170943, 47.329769000439171 ] ] ] } },
{ "type": "Feature", "properties": { "OBJECTID_1": 93.0, "LONC": 7.53965, "LATC": 47.521962, "IDAS": "CHAS093", "A": 2.05, "B": 0.8, "TECREG": "Active", "TECTONICS": "Active Shallow Crust", "SS": 35, "NF": 50, "TF": 15, "MINDEPTH": 3, "HYPODEPTH1": 2, "HYPODEPTH2": 10, "HYPODEPTH3": 17, "MAXDEPTH": 17, "WHDEPTH1": 0.1, "WHDEPTH2": 0.4, "WHDEPTH3": 0.5, "MAXMAG01": 6.9, "MAXMAG02": 7.1, "MAXMAG03": 7.3, "MAXMAG04": 7.5, "WMAXMAG01": 0.5, "WMAXMAG02": 0.2, "WMAXMAG03": 0.2, "WMAXMAG04": 0.1, "STRIKE1": 0.0, "STRIKE2": 0.0, "STRIKE3": 0.0, "STRIKE4": 0.0, "DIP1": 0.0, "DIP2": 0.0, "DIP3": 0.0, "DIP4": 0.0, "DIRWEIGHT1": 0.0, "DIRWEIGHT2": 0.0, "DIRWEIGHT3": 0.0, "DIRWEIGHT4": 0.0 }, "geometry": { "type": "Polygon", "coordinates": [ [ [ 7.336355000083358, 47.450890000273489 ], [ 7.369978000184744, 47.573676999593999 ], [ 7.460846999789396, 47.598579999567505 ], [ 7.51225900005295, 47.598928000327135 ], [ 7.742946000157929, 47.600013000000104 ], [ 7.742736000366278, 47.530644999966967 ], [ 7.741119000441699, 47.443911000392518 ], [ 7.514526000274827, 47.453843999800938 ], [ 7.336355000083358, 47.450890000273489 ] ] ] } },
{ "type": "Feature", "properties": { "OBJECTID_1": 96.0, "LONC": 9.075385, "LATC": 47.383341, "IDAS": "CHAS096", "A": 2.4, "B": 1.0, "TECREG": "Active", "TECTONICS": "Active Shallow Crust", "SS": 90, "NF": 10, "TF": 0, "MINDEPTH": 3, "HYPODEPTH1": 2, "HYPODEPTH2": 10, "HYPODEPTH3": 17, "MAXDEPTH": 17, "WHDEPTH1": 0.1, "WHDEPTH2": 0.4, "WHDEPTH3": 0.5, "MAXMAG01": 6.9, "MAXMAG02": 7.1, "MAXMAG03": 7.3, "MAXMAG04": 7.5, "WMAXMAG01": 0.5, "WMAXMAG02": 0.2, "WMAXMAG03": 0.2, "WMAXMAG04": 0.1, "STRIKE1": 0.0, "STRIKE2": 0.0, "STRIKE3": 0.0, "STRIKE4": 0.0, "DIP1": 0.0, "DIP2": 0.0, "DIP3": 0.0, "DIP4": 0.0, "DIRWEIGHT1": 0.0, "DIRWEIGHT2": 0.0, "DIRWEIGHT3": 0.0, "DIRWEIGHT4": 0.0 }, "geometry": { "type": "Polygon", "coordinates": [ [ [ 8.302453000405819, 47.605095999680827 ], [ 9.123828999808666, 47.645491000009827 ], [ 9.350521000044296, 47.623745999978098 ], [ 9.471763000062538, 47.611820000392868 ], [ 9.781936000046528, 47.531552999571431 ], [ 9.820265000429572, 47.508952999681355 ], [ 9.84831699992975, 47.489471999733155 ], [ 9.644044000230565, 47.426680999928351 ], [ 9.255223000341346, 47.325408999925571 ], [ 9.081536000086487, 47.280372999614428 ], [ 8.864979999627451, 47.224908000404071 ], [ 8.423403000448275, 47.121191000064755 ], [ 8.320428000152219, 47.327377999894964 ], [ 8.302453000405819, 47.605095999680827 ] ] ] } },
{ "type": "Feature", "properties": { "OBJECTID_1": 97.0, "LONC": 8.933732, "LATC": 47.035838, "IDAS": "CHAS097", "A": 3.2, "B": 1.0, "TECREG": "Active", "TECTONICS": "Active Shallow Crust", "SS": 70, "NF": 25, "TF": 5, "MINDEPTH": 6, "HYPODEPTH1": 6, "HYPODEPTH2": 12, "HYPODEPTH3": 0, "MAXDEPTH": 12, "WHDEPTH1": 0.3, "WHDEPTH2": 0.7, "WHDEPTH3": 0.0, "MAXMAG01": 6.9, "MAXMAG02": 7.1, "MAXMAG03": 7.3, "MAXMAG04": 7.5, "WMAXMAG01": 0.5, "WMAXMAG02": 0.2, "WMAXMAG03": 0.2, "WMAXMAG04": 0.1, "STRIKE1": 0.0, "STRIKE2": 0.0, "STRIKE3": 0.0, "STRIKE4": 0.0, "DIP1": 0.0, "DIP2": 0.0, "DIP3": 0.0, "DIP4": 0.0, "DIRWEIGHT1": 0.0, "DIRWEIGHT2": 0.0, "DIRWEIGHT3": 0.0, "DIRWEIGHT4": 0.0 }, "geometry": { "type": "Polygon", "coordinates": [ [ [ 7.871795000239217, 46.890990999934843 ], [ 8.200286999645471, 47.053186999980255 ], [ 8.423403000448275, 47.121191000064755 ], [ 8.864979999627451, 47.224908000404071 ], [ 9.081536000086487, 47.280372999614428 ], [ 9.255223000341346, 47.325408999925571 ], [ 9.644044000230565, 47.426680999928351 ], [ 9.84831699992975, 47.489471999733155 ], [ 9.995668999824659, 47.35280199961278 ], [ 9.957267999718567, 47.34126700007215 ], [ 9.794860999835464, 47.291806999893311 ], [ 9.631380999933356, 47.135443999940833 ], [ 9.240769000189346, 46.93448900036725 ], [ 9.041552999871215, 46.857084000226621 ], [ 9.004638999989993, 46.842793000396796 ], [ 8.442768000443039, 46.811108999780686 ], [ 8.346860999635567, 46.766219999953194 ], [ 7.950104999846019, 46.582204000014769 ], [ 7.871795000239217, 46.890990999934843 ] ] ] } },
{ "type": "Feature", "properties": { "OBJECTID_1": 98.0, "LONC": 8.702507, "LATC": 46.533989, "IDAS": "CHAS098", "A": 2.8, "B": 1.0, "TECREG": "Active", "TECTONICS": "Active Shallow Crust", "SS": 70, "NF": 25, "TF": 5, "MINDEPTH": 6, "HYPODEPTH1": 6, "HYPODEPTH2": 12, "HYPODEPTH3": 0, "MAXDEPTH": 12, "WHDEPTH1": 0.3, "WHDEPTH2": 0.7, "WHDEPTH3": 0.0, "MAXMAG01": 6.6, "MAXMAG02": 6.8, "MAXMAG03": 7.0, "MAXMAG04": 7.2, "WMAXMAG01": 0.5, "WMAXMAG02": 0.2, "WMAXMAG03": 0.2, "WMAXMAG04": 0.1, "STRIKE1": 0.0, "STRIKE2": 0.0, "STRIKE3": 0.0, "STRIKE4": 0.0, "DIP1": 0.0, "DIP2": 0.0, "DIP3": 0.0, "DIP4": 0.0, "DIRWEIGHT1": 0.0, "DIRWEIGHT2": 0.0, "DIRWEIGHT3": 0.0, "DIRWEIGHT4": 0.0 }, "geometry": { "type": "Polygon", "coordinates": [ [ [ 7.755024999604188, 46.430976000342298 ], [ 7.950104999846019, 46.582204000014769 ], [ 8.346860999635567, 46.766219999953194 ], [ 8.442768000443039, 46.811108999780686 ], [ 9.004638999989993, 46.842793000396796 ], [ 9.041552999871215, 46.857084000226621 ], [ 9.240769000189346, 46.93448900036725 ], [ 9.350841999558781, 46.750577999874963 ], [ 9.386613999836413, 46.525565999771231 ], [ 9.475730000439341, 46.40240000006014 ], [ 9.649988000046335, 46.158644999867022 ], [ 8.839502000117363, 46.133488999917574 ], [ 8.802371000121695, 46.148523999882855 ], [ 8.376093999638556, 46.388139999861266 ], [ 8.242544000405474, 46.492845999943086 ], [ 7.755024999604188, 46.430976000342298 ] ] ] } },
{ "type": "Feature", "properties": { "OBJECTID_1": 99.0, "LONC": 9.749658, "LATC": 46.668444, "IDAS": "CHAS099", "A": 2.8, "B": 1.0, "TECREG": "Active", "TECTONICS": "Active Shallow Crust", "SS": 70, "NF": 25, "TF": 5, "MINDEPTH": 6, "HYPODEPTH1": 6, "HYPODEPTH2": 12, "HYPODEPTH3": 0, "MAXDEPTH": 12, "WHDEPTH1": 0.3, "WHDEPTH2": 0.7, "WHDEPTH3": 0.0, "MAXMAG01": 6.6, "MAXMAG02": 6.8, "MAXMAG03": 7.0, "MAXMAG04": 7.2, "WMAXMAG01": 0.5, "WMAXMAG02": 0.2, "WMAXMAG03": 0.2, "WMAXMAG04": 0.1, "STRIKE1": 0.0, "STRIKE2": 0.0, "STRIKE3": 0.0, "STRIKE4": 0.0, "DIP1": 0.0, "DIP2": 0.0, "DIP3": 0.0, "DIP4": 0.0, "DIRWEIGHT1": 0.0, "DIRWEIGHT2": 0.0, "DIRWEIGHT3": 0.0, "DIRWEIGHT4": 0.0 }, "geometry": { "type": "Polygon", "coordinates": [ [ [ 9.240769000189346, 46.93448900036725 ], [ 10.258546999644466, 46.903388999702713 ], [ 10.104241000122215, 46.846364999645175 ], [ 9.566703000343352, 46.467161999926532 ], [ 9.475730000439341, 46.40240000006014 ], [ 9.386613999836413, 46.525565999771231 ], [ 9.350841999558781, 46.750577999874963 ], [ 9.240769000189346, 46.93448900036725 ] ] ] } },
{ "type": "Feature", "properties": { "OBJECTID_1": 100.0, "LONC": 10.069145, "LATC": 46.531017, "IDAS": "CHAS100", "A": 2.88, "B": 1.0, "TECREG": "Active", "TECTONICS": "Active Shallow Crust", "SS": 70, "NF": 25, "TF": 5, "MINDEPTH": 6, "HYPODEPTH1": 6, "HYPODEPTH2": 12, "HYPODEPTH3": 0, "MAXDEPTH": 12, "WHDEPTH1": 0.3, "WHDEPTH2": 0.7, "WHDEPTH3": 0.0, "MAXMAG01": 6.6, "MAXMAG02": 6.8, "MAXMAG03": 7.0, "MAXMAG04": 7.2, "WMAXMAG01": 0.5, "WMAXMAG02": 0.2, "WMAXMAG03": 0.2, "WMAXMAG04": 0.1, "STRIKE1": 0.0, "STRIKE2": 0.0, "STRIKE3": 0.0, "STRIKE4": 0.0, "DIP1": 0.0, "DIP2": 0.0, "DIP3": 0.0, "DIP4": 0.0, "DIRWEIGHT1": 0.0, "DIRWEIGHT2": 0.0, "DIRWEIGHT3": 0.0, "DIRWEIGHT4": 0.0 }, "geometry": { "type": "Polygon", "coordinates": [ [ [ 9.475730000439341, 46.40240000006014 ], [ 9.566703000343352, 46.467161999926532 ], [ 10.104241000122215, 46.846364999645175 ], [ 10.258546999644466, 46.903388999702713 ], [ 10.662559000397721, 46.888907000058168 ], [ 10.65810500004585, 46.66162200035518 ], [ 10.631987999846501, 46.610062999607919 ], [ 10.532421000229135, 46.41397000031543 ], [ 10.321080000142047, 46.207977000438405 ], [ 9.649988000046335, 46.158644999867022 ], [ 9.475730000439341, 46.40240000006014 ] ] ] } },
{ "type": "Feature", "properties": { "OBJECTID_1": 106.0, "LONC": 5.999174, "LATC": 46.481741, "IDAS": "FRAS106", "A": 2.9, "B": 1.0, "TECREG": "Active", "TECTONICS": "Active Shallow Crust", "SS": 70, "NF": 25, "TF": 5, "MINDEPTH": 3, "HYPODEPTH1": 2, "HYPODEPTH2": 10, "HYPODEPTH3": 17, "MAXDEPTH": 17, "WHDEPTH1": 0.1, "WHDEPTH2": 0.4, "WHDEPTH3": 0.5, "MAXMAG01": 6.9, "MAXMAG02": 7.1, "MAXMAG03": 7.3, "MAXMAG04": 7.5, "WMAXMAG01": 0.5, "WMAXMAG02": 0.2, "WMAXMAG03": 0.2, "WMAXMAG04": 0.1, "STRIKE1": 0.0, "STRIKE2": 0.0, "STRIKE3": 0.0, "STRIKE4": 0.0, "DIP1": 0.0, "DIP2": 0.0, "DIP3": 0.0, "DIP4": 0.0, "DIRWEIGHT1": 0.0, "DIRWEIGHT2": 0.0, "DIRWEIGHT3": 0.0, "DIRWEIGHT4": 0.0 }, "geometry": { "type": "Polygon", "coordinates": [ [ [ 5.443989999838777, 46.998495999590887 ], [ 5.745425999810209, 47.073650000247483 ], [ 6.725566000170943, 47.329769000439171 ], [ 6.712825999920142, 47.253511000132733 ], [ 6.226411999714173, 46.962083000330381 ], [ 6.354996000165443, 46.211873000238938 ], [ 6.285725000108812, 46.169620999709537 ], [ 5.592895000304168, 45.633712999555428 ], [ 5.349593000316872, 45.900889999773824 ], [ 5.31699299972729, 46.093727000001195 ], [ 5.272781999689698, 46.355251000333567 ], [ 5.443989999838777, 46.998495999590887 ] ] ] } },
{ "type": "Feature", "properties": { "OBJECTID_1": 107.0, "LONC": 5.84397, "LATC": 45.570729, "IDAS": "FRAS107", "A": 3.3, "B": 1.0, "TECREG": "Active", "TECTONICS": "Active Shallow Crust", "SS": 70, "NF": 25, "TF": 5, "MINDEPTH": 6, "HYPODEPTH1": 6, "HYPODEPTH2": 12, "HYPODEPTH3": 0, "MAXDEPTH": 12, "WHDEPTH1": 0.3, "WHDEPTH2": 0.7, "WHDEPTH3": 0.0, "MAXMAG01": 6.9, "MAXMAG02": 7.1, "MAXMAG03": 7.3, "MAXMAG04": 7.5, "WMAXMAG01": 0.5, "WMAXMAG02": 0.2, "WMAXMAG03": 0.2, "WMAXMAG04": 0.1, "STRIKE1": 0.0, "STRIKE2": 0.0, "STRIKE3": 0.0, "STRIKE4": 0.0, "DIP1": 0.0, "DIP2": 0.0, "DIP3": 0.0, "DIP4": 0.0, "DIRWEIGHT1": 0.0, "DIRWEIGHT2": 0.0, "DIRWEIGHT3": 0.0, "DIRWEIGHT4": 0.0 }, "geometry": { "type": "Polygon", "coordinates": [ [ [ 4.889901000331065, 44.887047000119139 ], [ 5.04481500001242, 45.00569199998597 ], [ 5.58006200026125, 45.415623000301366 ], [ 5.592895000304168, 45.633712999555428 ], [ 6.285725000108812, 46.169620999709537 ], [ 6.354996000165443, 46.211873000238938 ], [ 6.670246999599499, 46.414742999989642 ], [ 6.796553000220968, 46.180791999551332 ], [ 6.573442999694862, 46.023922999646857 ], [ 6.531998000407555, 45.994817000104661 ], [ 6.63472600010499, 45.919394999679639 ], [ 6.798039000399683, 45.799735999816733 ], [ 6.59521400002626, 45.605194000103211 ], [ 6.56279999992023, 45.574147000084167 ], [ 6.531547000293983, 45.578508999790699 ], [ 6.491458999733197, 45.583807000392937 ], [ 5.754879999612456, 45.012023999707992 ], [ 5.661848000085286, 44.939465000009932 ], [ 5.475902000177314, 44.833244000210584 ], [ 5.289414999602684, 44.726714999697663 ], [ 4.889901000331065, 44.887047000119139 ] ] ] } },
{ "type": "Feature", "properties": { "OBJECTID_1": 109.0, "LONC": 6.112324, "LATC": 45.04349, "IDAS": "FRAS109", "A": 2.9, "B": 1.0, "TECREG": "Active", "TECTONICS": "Active Shallow Crust", "SS": 40, "NF": 40, "TF": 20, "MINDEPTH": 6, "HYPODEPTH1": 6, "HYPODEPTH2": 12, "HYPODEPTH3": 0, "MAXDEPTH": 12, "WHDEPTH1": 0.3, "WHDEPTH2": 0.7, "WHDEPTH3": 0.0, "MAXMAG01": 6.9, "MAXMAG02": 7.1, "MAXMAG03": 7.3, "MAXMAG04": 7.5, "WMAXMAG01": 0.5, "WMAXMAG02": 0.2, "WMAXMAG03": 0.2, "WMAXMAG04": 0.1, "STRIKE1": 0.0, "STRIKE2": 0.0, "STRIKE3": 0.0, "STRIKE4": 0.0, "DIP1": 0.0, "DIP2": 0.0, "DIP3": 0.0, "DIP4": 0.0, "DIRWEIGHT1": 0.0, "DIRWEIGHT2": 0.0, "DIRWEIGHT3": 0.0, "DIRWEIGHT4": 0.0 }, "geometry": { "type": "Polygon", "coordinates": [ [ [ 5.661848000085286, 44.939465000009932 ], [ 5.754879999612456, 45.012023999707992 ], [ 6.491458999733197, 45.583807000392937 ], [ 6.531547000293983, 45.578508999790699 ], [ 6.56279999992023, 45.574147000084167 ], [ 6.538779000150896, 45.550999000103957 ], [ 6.412914000081173, 45.15861499958271 ], [ 6.511713000254929, 44.913335000110351 ], [ 6.03502199966573, 44.503173999980277 ], [ 5.822626000389789, 44.751492000155849 ], [ 5.661848000085286, 44.939465000009932 ] ] ] } },
{ "type": "Feature", "properties": { "OBJECTID_1": 112.0, "LONC": 6.181035, "LATC": 44.282526, "IDAS": "FRAS113", "A": 3.35, "B": 1.0, "TECREG": "Active", "TECTONICS": "Active Shallow Crust", "SS": 20, "NF": 60, "TF": 20, "MINDEPTH": 0, "HYPODEPTH1": 2, "HYPODEPTH2": 10, "HYPODEPTH3": 18, "MAXDEPTH": 10, "WHDEPTH1": 0.1, "WHDEPTH2": 0.4, "WHDEPTH3": 0.5, "MAXMAG01": 6.9, "MAXMAG02": 7.1, "MAXMAG03": 7.3, "MAXMAG04": 7.5, "WMAXMAG01": 0.5, "WMAXMAG02": 0.2, "WMAXMAG03": 0.2, "WMAXMAG04": 0.1, "STRIKE1": 0.0, "STRIKE2": 0.0, "STRIKE3": 0.0, "STRIKE4": 0.0, "DIP1": 0.0, "DIP2": 0.0, "DIP3": 0.0, "DIP4": 0.0, "DIRWEIGHT1": 0.0, "DIRWEIGHT2": 0.0, "DIRWEIGHT3": 0.0, "DIRWEIGHT4": 0.0 }, "geometry": { "type": "Polygon", "coordinates": [ [ [ 5.137699999955203, 44.269375000256218 ], [ 5.289414999602684, 44.726714999697663 ], [ 5.475902000177314, 44.833244000210584 ], [ 5.661848000085286, 44.939465000009932 ], [ 5.822626000389789, 44.751492000155849 ], [ 6.03502199966573, 44.503173999980277 ], [ 6.511713000254929, 44.913335000110351 ], [ 6.669072000272763, 44.519885999939106 ], [ 7.216545999598338, 44.077832000346689 ], [ 7.224369999775831, 43.753163000072561 ], [ 6.967968000023347, 43.70500899986564 ], [ 6.717120000088073, 43.659270999557123 ], [ 6.425953999777448, 43.625587000240046 ], [ 6.272243999860848, 43.662739000304782 ], [ 6.224201000276082, 43.804062000061435 ], [ 6.175918999562327, 43.945377000348458 ], [ 6.148595000359137, 44.113865000069836 ], [ 5.975483999687015, 44.13373900015489 ], [ 5.803133999934289, 44.147300999641573 ], [ 5.483267999918439, 44.172474000374962 ], [ 5.258046000023057, 44.235629999924697 ], [ 5.137699999955203, 44.269375000256218 ] ] ] } },
{ "type": "Feature", "properties": { "OBJECTID_1": 115.0, "LONC": 5.249187, "LATC": 43.643524, "IDAS": "FRAS116", "A": 3.12, "B": 1.0, "TECREG": "Active", "TECTONICS": "Active Shallow Crust", "SS": 40, "NF": 40, "TF": 20, "MINDEPTH": 0, "HYPODEPTH1": 2, "HYPODEPTH2": 10, "HYPODEPTH3": 18, "MAXDEPTH": 10, "WHDEPTH1": 0.1, "WHDEPTH2": 0.4, "WHDEPTH3": 0.5, "MAXMAG01": 6.9, "MAXMAG02": 7.1, "MAXMAG03": 7.3, "MAXMAG04": 7.5, "WMAXMAG01": 0.5, "WMAXMAG02": 0.2, "WMAXMAG03": 0.2, "WMAXMAG04": 0.1, "STRIKE1": 0.0, "STRIKE2": 0.0, "STRIKE3": 230.118214, "STRIKE4": 285.46125, "DIP1": 0.0, "DIP2": 0.0, "DIP3": 58.123286, "DIP4": 58.021, "DIRWEIGHT1": 0.0, "DIRWEIGHT2": 0.0, "DIRWEIGHT3": 0.777778, "DIRWEIGHT4": 0.222222 }, "geometry": { "type": "Polygon", "coordinates": [ [ [ 4.474493038822857, 43.826300825922544 ], [ 4.807987000000196, 44.027801999962492 ], [ 5.137699999955203, 44.269375000256218 ], [ 5.258046000023057, 44.235629999924697 ], [ 5.483267999918439, 44.172474000374962 ], [ 5.803133999934289, 44.147300999641573 ], [ 5.975483999687015, 44.13373900015489 ], [ 5.906912000388672, 43.968497999982901 ], [ 5.829218999557327, 43.860580000167033 ], [ 5.066341999883548, 43.017672999809236 ], [ 4.474493038822857, 43.826300825922544 ] ] ] } },
{ "type": "Feature", "properties": { "OBJECTID_1": 116.0, "LONC": 6.495191, "LATC": 43.445954, "IDAS": "FRAS117", "A": 2.8, "B": 1.0, "TECREG": "Active", "TECTONICS": "Active Shallow Crust", "SS": 20, "NF": 60, "TF": 20, "MINDEPTH": 0, "HYPODEPTH1": 2, "HYPODEPTH2": 10, "HYPODEPTH3": 18, "MAXDEPTH": 10, "WHDEPTH1": 0.1, "WHDEPTH2": 0.4, "WHDEPTH3": 0.5, "MAXMAG01": 6.9, "MAXMAG02": 7.1, "MAXMAG03": 7.3, "MAXMAG04": 7.5, "WMAXMAG01": 0.5, "WMAXMAG02": 0.2, "WMAXMAG03": 0.2, "WMAXMAG04": 0.1, "STRIKE1": 0.0, "STRIKE2": 0.0, "STRIKE3": 0.0, "STRIKE4": 0.0, "DIP1": 0.0, "DIP2": 0.0, "DIP3": 0.0, "DIP4": 0.0, "DIRWEIGHT1": 0.0, "DIRWEIGHT2": 0.0, "DIRWEIGHT3": 0.0, "DIRWEIGHT4": 0.0 }, "geometry": { "type": "Polygon", "coordinates": [ [ [ 5.066341999883548, 43.017672999809236 ], [ 5.829218999557327, 43.860580000167033 ], [ 5.906912000388672, 43.968497999982901 ], [ 5.975483999687015, 44.13373900015489 ], [ 6.148595000359137, 44.113865000069836 ], [ 6.175918999562327, 43.945377000348458 ], [ 6.224201000276082, 43.804062000061435 ], [ 6.272243999860848, 43.662739000304782 ], [ 6.425953999777448, 43.625587000240046 ], [ 6.717120000088073, 43.659270999557123 ], [ 6.967968000023347, 43.70500899986564 ], [ 7.224369999775831, 43.753163000072561 ], [ 7.924040000245952, 43.48478200008941 ], [ 7.673733000078073, 43.357393999933322 ], [ 7.28770600043174, 43.160771999628253 ], [ 7.104527000420887, 43.049914000031265 ], [ 6.736509000290312, 42.82719500044908 ], [ 6.210371000121711, 42.758170000045652 ], [ 5.984736000066505, 42.821969999615931 ], [ 5.869404000094676, 42.854590000228484 ], [ 5.665528999863625, 42.895984999907967 ], [ 5.066341999883548, 43.017672999809236 ] ] ] } },
{ "type": "Feature", "properties": { "OBJECTID_1": 125.0, "LONC": 18.217886, "LATC": 47.456596, "IDAS": "HUAS131", "A": 3.3, "B": 1.0, "TECREG": "Active", "TECTONICS": "Active Shallow Crust", "SS": 30, "NF": 30, "TF": 40, "MINDEPTH": 5, "HYPODEPTH1": 2, "HYPODEPTH2": 10, "HYPODEPTH3": 18, "MAXDEPTH": 26, "WHDEPTH1": 0.1, "WHDEPTH2": 0.4, "WHDEPTH3": 0.5, "MAXMAG01": 6.7, "MAXMAG02": 6.9, "MAXMAG03": 7.1, "MAXMAG04": 7.3, "WMAXMAG01": 0.5, "WMAXMAG02": 0.2, "WMAXMAG03": 0.2, "WMAXMAG04": 0.1, "STRIKE1": 0.0, "STRIKE2": 0.0, "STRIKE3": 0.0, "STRIKE4": 0.0, "DIP1": 0.0, "DIP2": 0.0, "DIP3": 0.0, "DIP4": 0.0, "DIRWEIGHT1": 0.0, "DIRWEIGHT2": 0.0, "DIRWEIGHT3": 0.0, "DIRWEIGHT4": 0.0 }, "geometry": { "type": "Polygon", "coordinates": [ [ [ 17.80248399993684, 46.96218999986877 ], [ 18.015163999718993, 48.039378999741189 ], [ 18.63328899978768, 48.113894999754621 ], [ 18.558496999636986, 47.645828000262156 ], [ 18.426536999982716, 46.799297000056697 ], [ 17.80248399993684, 46.96218999986877 ] ] ] } },
{ "type": "Feature", "properties": { "OBJECTID_1": 126.0, "LONC": 19.72944, "LATC": 47.291173, "IDAS": "HUAS132", "A": 3.0, "B": 1.0, "TECREG": "Active", "TECTONICS": "Active Shallow Crust", "SS": 30, "NF": 30, "TF": 40, "MINDEPTH": 5, "HYPODEPTH1": 2, "HYPODEPTH2": 10, "HYPODEPTH3": 18, "MAXDEPTH": 26, "WHDEPTH1": 0.1, "WHDEPTH2": 0.4, "WHDEPTH3": 0.5, "MAXMAG01": 6.7, "MAXMAG02": 6.9, "MAXMAG03": 7.1, "MAXMAG04": 7.3, "WMAXMAG01": 0.5, "WMAXMAG02": 0.2, "WMAXMAG03": 0.2, "WMAXMAG04": 0.1, "STRIKE1": 0.0, "STRIKE2": 0.0, "STRIKE3": 0.0, "STRIKE4": 0.0, "DIP1": 0.0, "DIP2": 0.0, "DIP3": 0.0, "DIP4": 0.0, "DIRWEIGHT1": 0.0, "DIRWEIGHT2": 0.0, "DIRWEIGHT3": 0.0, "DIRWEIGHT4": 0.0 }, "geometry": { "type": "Polygon", "coordinates": [ [ [ 18.426536999982716, 46.799297000056697 ], [ 18.558496999636986, 47.645828000262156 ], [ 21.032342999929654, 47.78304999975785 ], [ 20.446680000381889, 47.399897000446401 ], [ 19.523852999916187, 47.019816999854811 ], [ 18.426536999982716, 46.799297000056697 ] ] ] } },
{ "type": "Feature", "properties": { "OBJECTID_1": 127.0, "LONC": 10.281353, "LATC": 47.013574, "IDAS": "ATAS133", "A": 2.2428, "B": 1.0, "TECREG": "Active", "TECTONICS": "Active Shallow Crust", "SS": 70, "NF": 25, "TF": 5, "MINDEPTH": 6, "HYPODEPTH1": 6, "HYPODEPTH2": 12, "HYPODEPTH3": 0, "MAXDEPTH": 12, "WHDEPTH1": 0.3, "WHDEPTH2": 0.7, "WHDEPTH3": 0.0, "MAXMAG01": 6.6, "MAXMAG02": 6.8, "MAXMAG03": 7.0, "MAXMAG04": 7.2, "WMAXMAG01": 0.5, "WMAXMAG02": 0.2, "WMAXMAG03": 0.2, "WMAXMAG04": 0.1, "STRIKE1": 0.0, "STRIKE2": 119.99775, "STRIKE3": 0.0, "STRIKE4": 0.0, "DIP1": 0.0, "DIP2": 44.9005, "DIP3": 0.0, "DIP4": 0.0, "DIRWEIGHT1": 0.0, "DIRWEIGHT2": 1.0, "DIRWEIGHT3": 0.0, "DIRWEIGHT4": 0.0 }, "geometry": { "type": "Polygon", "coordinates": [ [ [ 9.240769000189346, 46.93448900036725 ], [ 9.631380999933356, 47.135443999940833 ], [ 9.794860999835464, 47.291806999893311 ], [ 9.957267999718567, 47.34126700007215 ], [ 9.995668999824659, 47.35280199961278 ], [ 9.995203999964815, 47.252796999582017 ], [ 9.994462999967652, 47.125352000394685 ], [ 10.143309999557005, 47.014704999736125 ], [ 10.218449999568008, 47.038603000128546 ], [ 10.462315000337185, 47.117527000171094 ], [ 10.904059000022983, 47.241966000130958 ], [ 11.148838999820157, 47.311100000165027 ], [ 11.170741999943516, 47.27213900031478 ], [ 11.28339799971809, 47.073714999647677 ], [ 11.321936999892785, 46.997491000009802 ], [ 11.229838000223708, 46.942120999784493 ], [ 11.107219999703375, 46.868189999768845 ], [ 10.662559000397721, 46.888907000058168 ], [ 10.258546999644466, 46.903388999702713 ], [ 9.240769000189346, 46.93448900036725 ] ] ] } },
{ "type": "Feature", "properties": { "OBJECTID_1": 128.0, "LONC": 14.101862, "LATC": 47.692838, "IDAS": "ATAS134", "A": 2.75, "B": 0.92, "TECREG": "Active", "TECTONICS": "Active Shallow Crust", "SS": 70, "NF": 0, "TF": 30, "MINDEPTH": 4, "HYPODEPTH1": 4, "HYPODEPTH2": 10, "HYPODEPTH3": 0, "MAXDEPTH": 9, "WHDEPTH1": 0.3, "WHDEPTH2": 0.7, "WHDEPTH3": 0.0, "MAXMAG01": 6.6, "MAXMAG02": 6.8, "MAXMAG03": 7.0, "MAXMAG04": 7.2, "WMAXMAG01": 0.5, "WMAXMAG02": 0.2, "WMAXMAG03": 0.2, "WMAXMAG04": 0.1, "STRIKE1": 22.804833, "STRIKE2": 0.0, "STRIKE3": 252.880652, "STRIKE4": 356.9205, "DIP1": 53.029167, "DIP2": 0.0, "DIP3": 63.370254, "DIP4": 47.763, "DIRWEIGHT1": 0.028708, "DIRWEIGHT2": 0.0, "DIRWEIGHT3": 0.961722, "DIRWEIGHT4": 0.009569 }, "geometry": { "type": "Polygon", "coordinates": [ [ [ 11.568852000119875, 47.166641999728654 ], [ 12.256528999713737, 47.386542999759797 ], [ 12.274726999851339, 47.62189099986989 ], [ 13.3670879997116, 47.726648999651786 ], [ 13.966155999599891, 47.734851000173705 ], [ 14.326010000061615, 47.801910999892925 ], [ 14.50730799966459, 47.835914000430932 ], [ 15.278142000253297, 48.118991000034782 ], [ 15.772153000061053, 48.482133000137992 ], [ 16.038172999984113, 48.423711000362516 ], [ 16.634872000342682, 48.291962999692828 ], [ 16.514088999907585, 48.238805999897124 ], [ 16.207916000023545, 48.064809999781858 ], [ 15.489425000363667, 47.656109999576984 ], [ 14.607666999832361, 47.335010000211525 ], [ 14.552162999722839, 47.399533999894345 ], [ 13.834459000382708, 47.33805999966944 ], [ 12.181054999588696, 47.19902500020379 ], [ 11.568852000119875, 47.166641999728654 ] ] ] } },
{ "type": "Feature", "properties": { "OBJECTID_1": 129.0, "LONC": 16.845461, "LATC": 48.297362, "IDAS": "SKAS135", "A": 3.6, "B": 1.0, "TECREG": "Active", "TECTONICS": "Active Shallow Crust", "SS": 70, "NF": 0, "TF": 30, "MINDEPTH": 4, "HYPODEPTH1": 4, "HYPODEPTH2": 10, "HYPODEPTH3": 0, "MAXDEPTH": 9, "WHDEPTH1": 0.3, "WHDEPTH2": 0.7, "WHDEPTH3": 0.0, "MAXMAG01": 6.6, "MAXMAG02": 6.8, "MAXMAG03": 7.0, "MAXMAG04": 7.2, "WMAXMAG01": 0.5, "WMAXMAG02": 0.2, "WMAXMAG03": 0.2, "WMAXMAG04": 0.1, "STRIKE1": 46.045455, "STRIKE2": 0.0, "STRIKE3": 240.189857, "STRIKE4": 345.617818, "DIP1": 65.66426, "DIP2": 0.0, "DIP3": 68.289673, "DIP4": 51.127727, "DIRWEIGHT1": 0.672131, "DIRWEIGHT2": 0.0, "DIRWEIGHT3": 0.26776, "DIRWEIGHT4": 0.060109 }, "geometry": { "type": "Polygon", "coordinates": [ [ [ 14.607666999832361, 47.335010000211525 ], [ 15.489425000363667, 47.656109999576984 ], [ 16.207916000023545, 48.064809999781858 ], [ 16.514088999907585, 48.238805999897124 ], [ 16.634872000342682, 48.291962999692828 ], [ 17.332940999827429, 48.683486000079029 ], [ 18.858900999681566, 49.442012999700353 ], [ 19.083256000064523, 49.062251000283595 ], [ 17.987267000172096, 48.557915000077344 ], [ 16.394322134357818, 47.675328898992881 ], [ 15.965714000400965, 47.555757999732066 ], [ 15.674251999929993, 47.500291000429513 ], [ 14.76897600034232, 47.152711000312593 ], [ 14.607666999832361, 47.335010000211525 ] ] ] } },
{ "type": "Feature", "properties": { "OBJECTID_1": 158.0, "LONC": 12.685915, "LATC": 46.868603, "IDAS": "ATAS164", "A": 3.5, "B": 1.0, "TECREG": "Active", "TECTONICS": "Active Shallow Crust", "SS": 20, "NF": 60, "TF": 20, "MINDEPTH": 4, "HYPODEPTH1": 4, "HYPODEPTH2": 10, "HYPODEPTH3": 0, "MAXDEPTH": 9, "WHDEPTH1": 0.3, "WHDEPTH2": 0.7, "WHDEPTH3": 0.0, "MAXMAG01": 7.3, "MAXMAG02": 7.5, "MAXMAG03": 7.7, "MAXMAG04": 7.9, "WMAXMAG01": 0.5, "WMAXMAG02": 0.2, "WMAXMAG03": 0.2, "WMAXMAG04": 0.1, "STRIKE1": 0.0, "STRIKE2": 165.417143, "STRIKE3": 223.111429, "STRIKE4": 280.434041, "DIP1": 0.0, "DIP2": 37.614, "DIP3": 53.436857, "DIP4": 74.965523, "DIRWEIGHT1": 0.0, "DIRWEIGHT2": 0.030172, "DIRWEIGHT3": 0.12069, "DIRWEIGHT4": 0.849138 }, "geometry": { "type": "Polygon", "coordinates": [ [ [ 11.107219999703375, 46.868189999768845 ], [ 11.229838000223708, 46.942120999784493 ], [ 11.321936999892785, 46.997491000009802 ], [ 11.28339799971809, 47.073714999647677 ], [ 11.376122000330213, 47.103622000155326 ], [ 11.568852000119875, 47.166641999728654 ], [ 12.181054999588696, 47.19902500020379 ], [ 13.834459000382708, 47.33805999966944 ], [ 13.836307000168063, 47.263002999888727 ], [ 13.887396999971713, 47.146746999574532 ], [ 13.928512000228807, 47.088853999912317 ], [ 14.264608999605798, 46.668355999729783 ], [ 14.21735699962602, 46.633211999634227 ], [ 13.894076999554045, 46.399147000234052 ], [ 13.49807699955403, 46.484614999882524 ], [ 12.959767687229146, 46.559332507389456 ], [ 12.343211999634264, 46.663183000395293 ], [ 11.602092999692331, 46.786013999946306 ], [ 11.107219999703375, 46.868189999768845 ] ] ] } },
{ "type": "Feature", "properties": { "OBJECTID_1": 159.0, "LONC": 11.711783, "LATC": 47.347803, "IDAS": "ATAS165", "A": 2.7, "B": 0.9, "TECREG": "Active", "TECTONICS": "Active Shallow Crust", "SS": 70, "NF": 0, "TF": 30, "MINDEPTH": 6, "HYPODEPTH1": 6, "HYPODEPTH2": 12, "HYPODEPTH3": 0, "MAXDEPTH": 12, "WHDEPTH1": 0.3, "WHDEPTH2": 0.7, "WHDEPTH3": 0.0, "MAXMAG01": 6.6, "MAXMAG02": 6.8, "MAXMAG03": 7.0, "MAXMAG04": 7.2, "WMAXMAG01": 0.5, "WMAXMAG02": 0.2, "WMAXMAG03": 0.2, "WMAXMAG04": 0.1, "STRIKE1": 58.478839, "STRIKE2": 139.029706, "STRIKE3": 0.0, "STRIKE4": 0.0, "DIP1": 67.474323, "DIP2": 40.260529, "DIP3": 0.0, "DIP4": 0.0, "DIRWEIGHT1": 0.645833, "DIRWEIGHT2": 0.354167, "DIRWEIGHT3": 0.0, "DIRWEIGHT4": 0.0 }, "geometry": { "type": "Polygon", "coordinates": [ [ [ 11.148838999820157, 47.311100000165027 ], [ 11.283512999625373, 47.349086000019042 ], [ 12.128637999744058, 47.587542999609923 ], [ 12.274726999851339, 47.62189099986989 ], [ 12.256528999713737, 47.386542999759797 ], [ 11.568852000119875, 47.166641999728654 ], [ 11.376122000330213, 47.103622000155326 ], [ 11.28339799971809, 47.073714999647677 ], [ 11.170741999943516, 47.27213900031478 ], [ 11.148838999820157, 47.311100000165027 ] ] ] } },
{ "type": "Feature", "properties": { "OBJECTID_1": 164.0, "LONC": 14.358994, "LATC": 47.033945, "IDAS": "ATAS170", "A": 3.0, "B": 1.0, "TECREG": "Active", "TECTONICS": "Active Shallow Crust", "SS": 70, "NF": 0, "TF": 30, "MINDEPTH": 4, "HYPODEPTH1": 4, "HYPODEPTH2": 10, "HYPODEPTH3": 0, "MAXDEPTH": 9, "WHDEPTH1": 0.3, "WHDEPTH2": 0.7, "WHDEPTH3": 0.0, "MAXMAG01": 6.6, "MAXMAG02": 6.8, "MAXMAG03": 7.0, "MAXMAG04": 7.2, "WMAXMAG01": 0.5, "WMAXMAG02": 0.2, "WMAXMAG03": 0.2, "WMAXMAG04": 0.1, "STRIKE1": 0.0, "STRIKE2": 151.010125, "STRIKE3": 0.0, "STRIKE4": 0.0, "DIP1": 0.0, "DIP2": 67.330813, "DIP3": 0.0, "DIP4": 0.0, "DIRWEIGHT1": 0.0, "DIRWEIGHT2": 1.0, "DIRWEIGHT3": 0.0, "DIRWEIGHT4": 0.0 }, "geometry": { "type": "Polygon", "coordinates": [ [ [ 13.834459000382708, 47.33805999966944 ], [ 14.552162999722839, 47.399533999894345 ], [ 14.607666999832361, 47.335010000211525 ], [ 14.76897600034232, 47.152711000312593 ], [ 14.883530000409337, 47.002381999829595 ], [ 14.264608999605798, 46.668355999729783 ], [ 13.928512000228807, 47.088853999912317 ], [ 13.887396999971713, 47.146746999574532 ], [ 13.836307000168063, 47.263002999888727 ], [ 13.834459000382708, 47.33805999966944 ] ] ] } },
{ "type": "Feature", "properties": { "OBJECTID_1": 165.0, "LONC": 14.991105, "LATC": 46.408969, "IDAS": "SIAS172", "A": 3.8, "B": 1.0, "TECREG": "Active", "TECTONICS": "Active Shallow Crust", "SS": 20, "NF": 60, "TF": 20, "MINDEPTH": 5, "HYPODEPTH1": 2, "HYPODEPTH2": 10, "HYPODEPTH3": 17, "MAXDEPTH": 17, "WHDEPTH1": 0.1, "WHDEPTH2": 0.4, "WHDEPTH3": 0.5, "MAXMAG01": 6.9, "MAXMAG02": 7.1, "MAXMAG03": 7.3, "MAXMAG04": 7.5, "WMAXMAG01": 0.5, "WMAXMAG02": 0.2, "WMAXMAG03": 0.2, "WMAXMAG04": 0.1, "STRIKE1": 88.7475, "STRIKE2": 100.671117, "STRIKE3": 0.0, "STRIKE4": 297.506379, "DIP1": 75.882, "DIP2": 75.790633, "DIP3": 0.0, "DIP4": 73.429484, "DIRWEIGHT1": 0.061224, "DIRWEIGHT2": 0.306122, "DIRWEIGHT3": 0.0, "DIRWEIGHT4": 0.632653 }, "geometry": { "type": "Polygon", "coordinates": [ [ [ 13.894076999554045, 46.399147000234052 ], [ 14.21735699962602, 46.633211999634227 ], [ 14.341312999795264, 46.639014000096211 ], [ 15.19523800013377, 46.641658999763195 ], [ 16.088131999792097, 46.490658999813149 ], [ 15.650548000390074, 46.176279000075965 ], [ 14.534231000160673, 46.1822850000529 ], [ 13.950013999846362, 46.381926000184933 ], [ 13.894076999554045, 46.399147000234052 ] ] ] } },
{ "type": "Feature", "properties": { "OBJECTID_1": 169.0, "LONC": 19.51134, "LATC": 49.30614, "IDAS": "SKAS176", "A": 2.9, "B": 1.0, "TECREG": "Active", "TECTONICS": "Active Shallow Crust", "SS": 70, "NF": 0, "TF": 30, "MINDEPTH": 4, "HYPODEPTH1": 2, "HYPODEPTH2": 10, "HYPODEPTH3": 0, "MAXDEPTH": 9, "WHDEPTH1": 0.3, "WHDEPTH2": 0.7, "WHDEPTH3": 0.0, "MAXMAG01": 6.7, "MAXMAG02": 6.9, "MAXMAG03": 7.1, "MAXMAG04": 7.3, "WMAXMAG01": 0.5, "WMAXMAG02": 0.2, "WMAXMAG03": 0.2, "WMAXMAG04": 0.1, "STRIKE1": 0.0, "STRIKE2": 0.0, "STRIKE3": 0.0, "STRIKE4": 0.0, "DIP1": 0.0, "DIP2": 0.0, "DIP3": 0.0, "DIP4": 0.0, "DIRWEIGHT1": 0.0, "DIRWEIGHT2": 0.0, "DIRWEIGHT3": 0.0, "DIRWEIGHT4": 0.0 }, "geometry": { "type": "Polygon", "coordinates": [ [ [ 18.858900999681566, 49.442012999700353 ], [ 19.992139999661447, 49.757003999734991 ], [ 20.163779999947224, 49.713124999719128 ], [ 20.089210000141577, 48.85527700013364 ], [ 19.083256000064523, 49.062251000283595 ], [ 18.858900999681566, 49.442012999700353 ] ] ] } },
{ "type": "Feature", "properties": { "OBJECTID_1": 172.0, "LONC": 19.585241, "LATC": 41.291397, "IDAS": "ALAS179", "A": 4.0, "B": 0.9, "TECREG": "Active", "TECTONICS": "Active Shallow Crust", "SS": 20, "NF": 60, "TF": 20, "MINDEPTH": 0, "HYPODEPTH1": 2, "HYPODEPTH2": 10, "HYPODEPTH3": 18, "MAXDEPTH": 13, "WHDEPTH1": 0.1, "WHDEPTH2": 0.4, "WHDEPTH3": 0.5, "MAXMAG01": 7.4, "MAXMAG02": 7.6, "MAXMAG03": 7.8, "MAXMAG04": 8.0, "WMAXMAG01": 0.5, "WMAXMAG02": 0.2, "WMAXMAG03": 0.2, "WMAXMAG04": 0.1, "STRIKE1": 9.135375, "STRIKE2": 151.406091, "STRIKE3": 0.0, "STRIKE4": 339.52339, "DIP1": 27.49675, "DIP2": 26.830136, "DIP3": 0.0, "DIP4": 32.948413, "DIRWEIGHT1": 0.024242, "DIRWEIGHT2": 0.066667, "DIRWEIGHT3": 0.0, "DIRWEIGHT4": 0.909091 }, "geometry": { "type": "Polygon", "coordinates": [ [ [ 19.181572000447602, 41.046134999730612 ], [ 19.216013815285521, 41.374679271331445 ], [ 19.318519180615851, 41.655278388686838 ], [ 19.688748000320118, 41.912839000319764 ], [ 19.826628430357914, 41.828098227551322 ], [ 19.901004000334524, 41.25034099993735 ], [ 19.937646000262873, 40.956808000189199 ], [ 20.080896883931704, 40.555326374986073 ], [ 19.230645999913122, 40.539546999994229 ], [ 19.062236726843651, 40.587654791235821 ], [ 19.181572000447602, 41.046134999730612 ] ] ] } },
{ "type": "Feature", "properties": { "OBJECTID_1": 173.0, "LONC": 20.599173, "LATC": 41.506125, "IDAS": "MKAS180", "A": 3.6, "B": 0.9, "TECREG": "Active", "TECTONICS": "Active Shallow Crust", "SS": 20, "NF": 60, "TF": 20, "MINDEPTH": 0, "HYPODEPTH1": 2, "HYPODEPTH2": 10, "HYPODEPTH3": 18, "MAXDEPTH": 14, "WHDEPTH1": 0.1, "WHDEPTH2": 0.4, "WHDEPTH3": 0.5, "MAXMAG01": 7.5, "MAXMAG02": 7.7, "MAXMAG03": 7.9, "MAXMAG04": 8.1, "WMAXMAG01": 0.5, "WMAXMAG02": 0.2, "WMAXMAG03": 0.2, "WMAXMAG04": 0.1, "STRIKE1": 36.688368, "STRIKE2": 163.926938, "STRIKE3": 0.0, "STRIKE4": 330.360289, "DIP1": 53.877195, "DIP2": 44.364313, "DIP3": 0.0, "DIP4": 32.522447, "DIRWEIGHT1": 0.71123, "DIRWEIGHT2": 0.085561, "DIRWEIGHT3": 0.0, "DIRWEIGHT4": 0.203209 }, "geometry": { "type": "Polygon", "coordinates": [ [ [ 19.901004000334524, 41.25034099993735 ], [ 20.271545999948103, 41.485569999955715 ], [ 20.485904999816057, 41.63369699961703 ], [ 21.105186000133983, 42.055441999748666 ], [ 21.297341000387007, 41.755741999793599 ], [ 19.937646000262873, 40.956808000189199 ], [ 19.901004000334524, 41.25034099993735 ] ] ] } },
{ "type": "Feature", "properties": { "OBJECTID_1": 176.0, "LONC": 20.89199, "LATC": 43.166229, "IDAS": "YUAS184", "A": 3.7, "B": 1.0, "TECREG": "Active", "TECTONICS": "Active Shallow Crust", "SS": 20, "NF": 60, "TF": 20, "MINDEPTH": 0, "HYPODEPTH1": 2, "HYPODEPTH2": 10, "HYPODEPTH3": 18, "MAXDEPTH": 15, "WHDEPTH1": 0.1, "WHDEPTH2": 0.4, "WHDEPTH3": 0.5, "MAXMAG01": 6.9, "MAXMAG02": 7.1, "MAXMAG03": 7.3, "MAXMAG04": 7.5, "WMAXMAG01": 0.5, "WMAXMAG02": 0.2, "WMAXMAG03": 0.2, "WMAXMAG04": 0.1, "STRIKE1": 0.0, "STRIKE2": 0.0, "STRIKE3": 0.0, "STRIKE4": 292.352696, "DIP1": 0.0, "DIP2": 0.0, "DIP3": 0.0, "DIP4": 64.358076, "DIRWEIGHT1": 0.0, "DIRWEIGHT2": 0.0, "DIRWEIGHT3": 0.0, "DIRWEIGHT4": 1.0 }, "geometry": { "type": "Polygon", "coordinates": [ [ [ 20.269782000439136, 43.722445999983051 ], [ 21.109440000255972, 43.831709999816781 ], [ 21.514199000383712, 42.810241000122232 ], [ 20.81739699997172, 42.50074699997424 ], [ 20.67009899986914, 42.724460999575626 ], [ 20.556159000237813, 42.968542000413152 ], [ 20.460641000282124, 43.175099000218836 ], [ 20.269782000439136, 43.722445999983051 ] ] ] } },
{ "type": "Feature", "properties": { "OBJECTID_1": 177.0, "LONC": 20.449199, "LATC": 44.168714, "IDAS": "YUAS185", "A": 3.8, "B": 1.0, "TECREG": "Active", "TECTONICS": "Active Shallow Crust", "SS": 20, "NF": 60, "TF": 20, "MINDEPTH": 0, "HYPODEPTH1": 2, "HYPODEPTH2": 10, "HYPODEPTH3": 18, "MAXDEPTH": 15, "WHDEPTH1": 0.1, "WHDEPTH2": 0.4, "WHDEPTH3": 0.5, "MAXMAG01": 6.9, "MAXMAG02": 7.1, "MAXMAG03": 7.3, "MAXMAG04": 7.5, "WMAXMAG01": 0.5, "WMAXMAG02": 0.2, "WMAXMAG03": 0.2, "WMAXMAG04": 0.1, "STRIKE1": 0.0, "STRIKE2": 0.0, "STRIKE3": 0.0, "STRIKE4": 278.574227, "DIP1": 0.0, "DIP2": 0.0, "DIP3": 0.0, "DIP4": 67.183681, "DIRWEIGHT1": 0.0, "DIRWEIGHT2": 0.0, "DIRWEIGHT3": 0.0, "DIRWEIGHT4": 1.0 }, "geometry": { "type": "Polygon", "coordinates": [ [ [ 19.788958999958027, 44.499190999765005 ], [ 20.788124999968943, 44.6149820002193 ], [ 21.109440000255972, 43.831709999816781 ], [ 20.269782000439136, 43.722445999983051 ], [ 19.788958999958027, 44.499190999765005 ] ] ] } },
{ "type": "Feature", "properties": { "OBJECTID_1": 179.0, "LONC": 21.458708, "LATC": 42.005049, "IDAS": "MKAS187", "A": 3.9, "B": 1.0, "TECREG": "Active", "TECTONICS": "Active Shallow Crust", "SS": 20, "NF": 60, "TF": 20, "MINDEPTH": 0, "HYPODEPTH1": 2, "HYPODEPTH2": 10, "HYPODEPTH3": 16, "MAXDEPTH": 16, "WHDEPTH1": 0.1, "WHDEPTH2": 0.4, "WHDEPTH3": 0.5, "MAXMAG01": 7.5, "MAXMAG02": 7.7, "MAXMAG03": 7.9, "MAXMAG04": 8.1, "WMAXMAG01": 0.5, "WMAXMAG02": 0.2, "WMAXMAG03": 0.2, "WMAXMAG04": 0.1, "STRIKE1": 49.338152, "STRIKE2": 0.0, "STRIKE3": 0.0, "STRIKE4": 308.071574, "DIP1": 48.821652, "DIP2": 0.0, "DIP3": 0.0, "DIP4": 65.999851, "DIRWEIGHT1": 0.494624, "DIRWEIGHT2": 0.0, "DIRWEIGHT3": 0.0, "DIRWEIGHT4": 0.505376 }, "geometry": { "type": "Polygon", "coordinates": [ [ [ 20.81739699997172, 42.50074699997424 ], [ 21.514199000383712, 42.810241000122232 ], [ 21.586800000220023, 42.622453999852382 ], [ 21.647969999915745, 42.464050000207521 ], [ 21.871984999907966, 41.928570000005664 ], [ 21.908479000205887, 41.841355999879681 ], [ 22.10001899997701, 41.499990000338414 ], [ 21.502672000312714, 41.199857000200552 ], [ 21.429640000385859, 41.39766100015521 ], [ 21.297341000387007, 41.755741999793599 ], [ 21.105186000133983, 42.055441999748666 ], [ 20.81739699997172, 42.50074699997424 ] ] ] } },
{ "type": "Feature", "properties": { "OBJECTID_1": 180.0, "LONC": 15.585736, "LATC": 43.312117, "IDAS": "HRAS188", "A": 3.9, "B": 1.0, "TECREG": "Active", "TECTONICS": "Active Shallow Crust", "SS": 40, "NF": 10, "TF": 50, "MINDEPTH": 0, "HYPODEPTH1": 2, "HYPODEPTH2": 10, "HYPODEPTH3": 18, "MAXDEPTH": 30, "WHDEPTH1": 0.1, "WHDEPTH2": 0.4, "WHDEPTH3": 0.5, "MAXMAG01": 6.6, "MAXMAG02": 6.8, "MAXMAG03": 7.0, "MAXMAG04": 7.2, "WMAXMAG01": 0.5, "WMAXMAG02": 0.2, "WMAXMAG03": 0.2, "WMAXMAG04": 0.1, "STRIKE1": 0.0, "STRIKE2": 0.0, "STRIKE3": 260.687222, "STRIKE4": 301.812138, "DIP1": 0.0, "DIP2": 0.0, "DIP3": 49.385333, "DIP4": 43.702027, "DIRWEIGHT1": 0.0, "DIRWEIGHT2": 0.0, "DIRWEIGHT3": 0.023316, "DIRWEIGHT4": 0.976684 }, "geometry": { "type": "Polygon", "coordinates": [ [ [ 13.339536999932761, 44.235523000386308 ], [ 13.85095999960447, 44.726789000412225 ], [ 15.539429000448195, 43.424597999997843 ], [ 15.809448999571828, 43.199097999872947 ], [ 16.364090000253498, 43.019046000172921 ], [ 16.532546000297828, 42.964371999668231 ], [ 17.46023900032975, 42.493432999933191 ], [ 17.831934000054218, 42.425057999827004 ], [ 17.606255999814721, 41.897444999986931 ], [ 16.966877999919916, 41.932705000035867 ], [ 16.415094999734606, 41.954535000390138 ], [ 15.389723999962769, 42.628243999760969 ], [ 13.796919000411719, 43.85976700044688 ], [ 13.339536999932761, 44.235523000386308 ] ] ] } },
{ "type": "Feature", "properties": { "OBJECTID_1": 181.0, "LONC": 18.516927, "LATC": 41.735596, "IDAS": "YUAS189", "A": 0.5074, "B": 0.96, "TECREG": "Active", "TECTONICS": "Active Shallow Crust", "SS": 40, "NF": 10, "TF": 50, "MINDEPTH": 0, "HYPODEPTH1": 2, "HYPODEPTH2": 10, "HYPODEPTH3": 18, "MAXDEPTH": 22, "WHDEPTH1": 0.1, "WHDEPTH2": 0.4, "WHDEPTH3": 0.5, "MAXMAG01": 6.6, "MAXMAG02": 6.8, "MAXMAG03": 7.0, "MAXMAG04": 7.2, "WMAXMAG01": 0.5, "WMAXMAG02": 0.2, "WMAXMAG03": 0.2, "WMAXMAG04": 0.1, "STRIKE1": 0.0, "STRIKE2": 0.0, "STRIKE3": 0.0, "STRIKE4": 0.0, "DIP1": 0.0, "DIP2": 0.0, "DIP3": 0.0, "DIP4": 0.0, "DIRWEIGHT1": 0.0, "DIRWEIGHT2": 0.0, "DIRWEIGHT3": 0.0, "DIRWEIGHT4": 0.0 }, "geometry": { "type": "Polygon", "coordinates": [ [ [ 17.606255999814721, 41.897444999986931 ], [ 17.831934000054218, 42.425057999827004 ], [ 19.318519180615851, 41.655278388686838 ], [ 19.216013815285521, 41.374679271331445 ], [ 19.181572000447602, 41.046134999730612 ], [ 17.606255999814721, 41.897444999986931 ] ] ] } },
{ "type": "Feature", "properties": { "OBJECTID_1": 182.0, "LONC": 18.718339, "LATC": 44.315533, "IDAS": "BAAS190", "A": 3.7, "B": 1.0, "TECREG": "Active", "TECTONICS": "Active Shallow Crust", "SS": 20, "NF": 60, "TF": 20, "MINDEPTH": 0, "HYPODEPTH1": 2, "HYPODEPTH2": 10, "HYPODEPTH3": 18, "MAXDEPTH": 14, "WHDEPTH1": 0.1, "WHDEPTH2": 0.4, "WHDEPTH3": 0.5, "MAXMAG01": 6.9, "MAXMAG02": 7.1, "MAXMAG03": 7.3, "MAXMAG04": 7.5, "WMAXMAG01": 0.5, "WMAXMAG02": 0.2, "WMAXMAG03": 0.2, "WMAXMAG04": 0.1, "STRIKE1": 0.0, "STRIKE2": 0.0, "STRIKE3": 0.0, "STRIKE4": 301.223851, "DIP1": 0.0, "DIP2": 0.0, "DIP3": 0.0, "DIP4": 61.117871, "DIRWEIGHT1": 0.0, "DIRWEIGHT2": 0.0, "DIRWEIGHT3": 0.0, "DIRWEIGHT4": 1.0 }, "geometry": { "type": "Polygon", "coordinates": [ [ [ 17.166897000396432, 44.513037999803998 ], [ 17.805200000180037, 44.997253000225953 ], [ 19.396167000406933, 44.59822099979948 ], [ 19.788958999958027, 44.499190999765005 ], [ 20.269782000439136, 43.722445999983051 ], [ 19.757965999731255, 43.633812000023966 ], [ 19.338496000190446, 43.776091999846074 ], [ 17.166897000396432, 44.513037999803998 ] ] ] } },
{ "type": "Feature", "properties": { "OBJECTID_1": 183.0, "LONC": 17.910784, "LATC": 43.113822, "IDAS": "BAAS191", "A": 3.7, "B": 0.9, "TECREG": "Active", "TECTONICS": "Active Shallow Crust", "SS": 20, "NF": 60, "TF": 20, "MINDEPTH": 0, "HYPODEPTH1": 2, "HYPODEPTH2": 10, "HYPODEPTH3": 16, "MAXDEPTH": 16, "WHDEPTH1": 0.1, "WHDEPTH2": 0.4, "WHDEPTH3": 0.5, "MAXMAG01": 7.3, "MAXMAG02": 7.5, "MAXMAG03": 7.7, "MAXMAG04": 7.9, "WMAXMAG01": 0.5, "WMAXMAG02": 0.2, "WMAXMAG03": 0.2, "WMAXMAG04": 0.1, "STRIKE1": 28.0608, "STRIKE2": 0.0, "STRIKE3": 0.0, "STRIKE4": 306.901347, "DIP1": 44.4182, "DIP2": 0.0, "DIP3": 0.0, "DIP4": 49.959917, "DIRWEIGHT1": 0.005834, "DIRWEIGHT2": 0.0, "DIRWEIGHT3": 0.0, "DIRWEIGHT4": 0.994166 }, "geometry": { "type": "Polygon", "coordinates": [ [ [ 15.817151000418505, 43.742972999604433 ], [ 16.274888000181249, 44.314804999851049 ], [ 16.974679999982186, 44.022011000007808 ], [ 20.004417000144599, 42.330031000030772 ], [ 19.826628430357914, 41.828098227551322 ], [ 19.688748000320118, 41.912839000319764 ], [ 18.423212000433637, 42.620865000319668 ], [ 16.844384999768067, 43.504133000337845 ], [ 16.682116999999721, 43.537983000115503 ], [ 15.899766999847316, 43.701142999649903 ], [ 15.817151000418505, 43.742972999604433 ] ] ] } },
{ "type": "Feature", "properties": { "OBJECTID_1": 184.0, "LONC": 18.415523, "LATC": 43.421534, "IDAS": "BAAS192", "A": 3.7, "B": 1.0, "TECREG": "Active", "TECTONICS": "Active Shallow Crust", "SS": 20, "NF": 60, "TF": 20, "MINDEPTH": 0, "HYPODEPTH1": 2, "HYPODEPTH2": 10, "HYPODEPTH3": 18, "MAXDEPTH": 15, "WHDEPTH1": 0.1, "WHDEPTH2": 0.4, "WHDEPTH3": 0.5, "MAXMAG01": 6.9, "MAXMAG02": 7.1, "MAXMAG03": 7.3, "MAXMAG04": 7.5, "WMAXMAG01": 0.5, "WMAXMAG02": 0.2, "WMAXMAG03": 0.2, "WMAXMAG04": 0.1, "STRIKE1": 0.0, "STRIKE2": 0.0, "STRIKE3": 0.0, "STRIKE4": 311.329853, "DIP1": 0.0, "DIP2": 0.0, "DIP3": 0.0, "DIP4": 60.56552, "DIRWEIGHT1": 0.0, "DIRWEIGHT2": 0.0, "DIRWEIGHT3": 0.0, "DIRWEIGHT4": 1.0 }, "geometry": { "type": "Polygon", "coordinates": [ [ [ 16.274888000181249, 44.314804999851049 ], [ 17.166897000396432, 44.513037999803998 ], [ 19.338496000190446, 43.776091999846074 ], [ 19.757965999731255, 43.633812000023966 ], [ 20.269782000439136, 43.722445999983051 ], [ 20.460641000282124, 43.175099000218836 ], [ 20.556159000237813, 42.968542000413152 ], [ 20.238070000330424, 42.7747270000512 ], [ 20.004417000144599, 42.330031000030772 ], [ 16.974679999982186, 44.022011000007808 ], [ 16.274888000181249, 44.314804999851049 ] ] ] } },
{ "type": "Feature", "properties": { "OBJECTID_1": 185.0, "LONC": 14.30995, "LATC": 45.530772, "IDAS": "SIAS193", "A": 3.9, "B": 1.0, "TECREG": "Active", "TECTONICS": "Active Shallow Crust", "SS": 30, "NF": 5, "TF": 65, "MINDEPTH": 0, "HYPODEPTH1": 2, "HYPODEPTH2": 10, "HYPODEPTH3": 11, "MAXDEPTH": 11, "WHDEPTH1": 0.1, "WHDEPTH2": 0.4, "WHDEPTH3": 0.5, "MAXMAG01": 7.3, "MAXMAG02": 7.5, "MAXMAG03": 7.7, "MAXMAG04": 7.9, "WMAXMAG01": 0.5, "WMAXMAG02": 0.2, "WMAXMAG03": 0.2, "WMAXMAG04": 0.1, "STRIKE1": 0.0, "STRIKE2": 0.0, "STRIKE3": 256.3835, "STRIKE4": 317.56436, "DIP1": 0.0, "DIP2": 0.0, "DIP3": 46.598, "DIP4": 58.685871, "DIRWEIGHT1": 0.0, "DIRWEIGHT2": 0.0, "DIRWEIGHT3": 0.006116, "DIRWEIGHT4": 0.993884 }, "geometry": { "type": "Polygon", "coordinates": [ [ [ 15.115995999815709, 45.033817000154613 ], [ 15.035697000216544, 44.887350999749003 ], [ 14.909519000101909, 44.657838999870137 ], [ 14.126200167846468, 45.367751795860173 ], [ 13.866077999800041, 45.617827999962401 ], [ 13.54628200031425, 45.876566999567558 ], [ 13.541921999800593, 45.931093999588597 ], [ 13.503903000223431, 46.403703999939808 ], [ 14.387550999778966, 45.804185999984099 ], [ 14.418247999845505, 45.783424000317552 ], [ 14.664375999752735, 45.535990000438346 ], [ 15.115995999815709, 45.033817000154613 ] ] ] } },
{ "type": "Feature", "properties": { "OBJECTID_1": 186.0, "LONC": 15.592204, "LATC": 44.388395, "IDAS": "HRAS194", "A": 2.9, "B": 1.0, "TECREG": "Active", "TECTONICS": "Active Shallow Crust", "SS": 30, "NF": 5, "TF": 65, "MINDEPTH": 0, "HYPODEPTH1": 2, "HYPODEPTH2": 10, "HYPODEPTH3": 11, "MAXDEPTH": 11, "WHDEPTH1": 0.1, "WHDEPTH2": 0.4, "WHDEPTH3": 0.5, "MAXMAG01": 7.3, "MAXMAG02": 7.5, "MAXMAG03": 7.7, "MAXMAG04": 7.9, "WMAXMAG01": 0.5, "WMAXMAG02": 0.2, "WMAXMAG03": 0.2, "WMAXMAG04": 0.1, "STRIKE1": 0.0, "STRIKE2": 0.0, "STRIKE3": 258.8435, "STRIKE4": 311.37439, "DIP1": 0.0, "DIP2": 0.0, "DIP3": 68.629, "DIP4": 48.225041, "DIRWEIGHT1": 0.0, "DIRWEIGHT2": 0.0, "DIRWEIGHT3": 0.016, "DIRWEIGHT4": 0.984 }, "geometry": { "type": "Polygon", "coordinates": [ [ [ 14.909519000101909, 44.657838999870137 ], [ 15.035697000216544, 44.887350999749003 ], [ 15.115995999815709, 45.033817000154613 ], [ 15.17953599998657, 44.995185000187803 ], [ 15.304800000219984, 44.917386999910264 ], [ 16.274888000181249, 44.314804999851049 ], [ 15.817151000418505, 43.742972999604433 ], [ 15.078826999866294, 44.269574999586723 ], [ 14.909519000101909, 44.657838999870137 ] ] ] } },
{ "type": "Feature", "properties": { "OBJECTID_1": 187.0, "LONC": 15.712456, "LATC": 45.799428, "IDAS": "HRAS195", "A": 3.8, "B": 1.0, "TECREG": "Active", "TECTONICS": "Active Shallow Crust", "SS": 20, "NF": 60, "TF": 20, "MINDEPTH": 0, "HYPODEPTH1": 2, "HYPODEPTH2": 10, "HYPODEPTH3": 12, "MAXDEPTH": 12, "WHDEPTH1": 0.1, "WHDEPTH2": 0.4, "WHDEPTH3": 0.5, "MAXMAG01": 6.9, "MAXMAG02": 7.1, "MAXMAG03": 7.3, "MAXMAG04": 7.5, "WMAXMAG01": 0.5, "WMAXMAG02": 0.2, "WMAXMAG03": 0.2, "WMAXMAG04": 0.1, "STRIKE1": 69.033586, "STRIKE2": 0.0, "STRIKE3": 240.543306, "STRIKE4": 325.751714, "DIP1": 57.59681, "DIP2": 0.0, "DIP3": 72.812694, "DIP4": 62.402, "DIRWEIGHT1": 0.574257, "DIRWEIGHT2": 0.0, "DIRWEIGHT3": 0.356436, "DIRWEIGHT4": 0.069307 }, "geometry": { "type": "Polygon", "coordinates": [ [ [ 15.026168999699735, 45.773602999778802 ], [ 15.650548000390074, 46.176279000075965 ], [ 16.273107999934439, 46.083464999810076 ], [ 16.398742000143329, 46.024743999735961 ], [ 15.947758999778159, 45.648318000375582 ], [ 15.677179000010995, 45.422576999928765 ], [ 15.026168999699735, 45.773602999778802 ] ] ] } },
{ "type": "Feature", "properties": { "OBJECTID_1": 188.0, "LONC": 14.587628, "LATC": 45.7399, "IDAS": "SIAS196", "A": 4.0, "B": 1.1, "TECREG": "Active", "TECTONICS": "Active Shallow Crust", "SS": 30, "NF": 5, "TF": 65, "MINDEPTH": 0, "HYPODEPTH1": 2, "HYPODEPTH2": 10, "HYPODEPTH3": 12, "MAXDEPTH": 12, "WHDEPTH1": 0.1, "WHDEPTH2": 0.4, "WHDEPTH3": 0.5, "MAXMAG01": 7.3, "MAXMAG02": 7.5, "MAXMAG03": 7.7, "MAXMAG04": 7.9, "WMAXMAG01": 0.5, "WMAXMAG02": 0.2, "WMAXMAG03": 0.2, "WMAXMAG04": 0.1, "STRIKE1": 0.0, "STRIKE2": 0.0, "STRIKE3": 0.0, "STRIKE4": 318.023773, "DIP1": 0.0, "DIP2": 0.0, "DIP3": 0.0, "DIP4": 70.217564, "DIRWEIGHT1": 0.0, "DIRWEIGHT2": 0.0, "DIRWEIGHT3": 0.0, "DIRWEIGHT4": 1.0 }, "geometry": { "type": "Polygon", "coordinates": [ [ [ 13.894076999554045, 46.399147000234052 ], [ 13.950013999846362, 46.381926000184933 ], [ 14.534231000160673, 46.1822850000529 ], [ 14.712094999684666, 45.939732000431661 ], [ 14.866114000360994, 45.858169000099451 ], [ 15.026168999699735, 45.773602999778802 ], [ 15.677179000010995, 45.422576999928765 ], [ 15.17953599998657, 44.995185000187803 ], [ 15.115995999815709, 45.033817000154613 ], [ 14.664375999752735, 45.535990000438346 ], [ 14.418247999845505, 45.783424000317552 ], [ 14.387550999778966, 45.804185999984099 ], [ 13.503903000223431, 46.403703999939808 ], [ 13.501435999771729, 46.43523699988782 ], [ 13.49807699955403, 46.484614999882524 ], [ 13.894076999554045, 46.399147000234052 ] ] ] } },
{ "type": "Feature", "properties": { "OBJECTID_1": 189.0, "LONC": 15.092389, "LATC": 45.977944, "IDAS": "SIAS197", "A": 3.4, "B": 1.0, "TECREG": "Active", "TECTONICS": "Active Shallow Crust", "SS": 20, "NF": 60, "TF": 20, "MINDEPTH": 0, "HYPODEPTH1": 2, "HYPODEPTH2": 10, "HYPODEPTH3": 18, "MAXDEPTH": 10, "WHDEPTH1": 0.1, "WHDEPTH2": 0.4, "WHDEPTH3": 0.5, "MAXMAG01": 6.9, "MAXMAG02": 7.1, "MAXMAG03": 7.3, "MAXMAG04": 7.5, "WMAXMAG01": 0.5, "WMAXMAG02": 0.2, "WMAXMAG03": 0.2, "WMAXMAG04": 0.1, "STRIKE1": 0.0, "STRIKE2": 0.0, "STRIKE3": 0.0, "STRIKE4": 312.81875, "DIP1": 0.0, "DIP2": 0.0, "DIP3": 0.0, "DIP4": 75.300875, "DIRWEIGHT1": 0.0, "DIRWEIGHT2": 0.0, "DIRWEIGHT3": 0.0, "DIRWEIGHT4": 1.0 }, "geometry": { "type": "Polygon", "coordinates": [ [ [ 14.534231000160673, 46.1822850000529 ], [ 15.650548000390074, 46.176279000075965 ], [ 15.026168999699735, 45.773602999778802 ], [ 14.866114000360994, 45.858169000099451 ], [ 14.712094999684666, 45.939732000431661 ], [ 14.534231000160673, 46.1822850000529 ] ] ] } },
{ "type": "Feature", "properties": { "OBJECTID_1": 190.0, "LONC": 26.805256, "LATC": 45.62464, "IDAS": "ROAS198", "A": 3.1, "B": 1.0, "TECREG": "Active", "TECTONICS": "Active Shallow Crust", "SS": 30, "NF": 30, "TF": 40, "MINDEPTH": 0, "HYPODEPTH1": 2, "HYPODEPTH2": 10, "HYPODEPTH3": 18, "MAXDEPTH": 40, "WHDEPTH1": 0.1, "WHDEPTH2": 0.4, "WHDEPTH3": 0.5, "MAXMAG01": 6.7, "MAXMAG02": 6.9, "MAXMAG03": 7.1, "MAXMAG04": 7.3, "WMAXMAG01": 0.5, "WMAXMAG02": 0.2, "WMAXMAG03": 0.2, "WMAXMAG04": 0.1, "STRIKE1": 0.0, "STRIKE2": 0.0, "STRIKE3": 0.0, "STRIKE4": 0.0, "DIP1": 0.0, "DIP2": 0.0, "DIP3": 0.0, "DIP4": 0.0, "DIRWEIGHT1": 0.0, "DIRWEIGHT2": 0.0, "DIRWEIGHT3": 0.0, "DIRWEIGHT4": 0.0 }, "geometry": { "type": "Polygon", "coordinates": [ [ [ 25.914057000330445, 45.181099999565504 ], [ 25.950999999750366, 45.448999999850287 ], [ 26.17801899977718, 45.447838000223726 ], [ 26.660174999676656, 45.988254999668641 ], [ 26.925332000271737, 46.083058999973048 ], [ 27.399388999902612, 45.570041999638761 ], [ 26.889617999970881, 45.166220999599602 ], [ 26.578304999576233, 45.171095000434093 ], [ 25.997138999665253, 45.180246999799351 ], [ 25.914057000330445, 45.181099999565504 ] ] ] } },
{ "type": "Feature", "properties": { "OBJECTID_1": 191.0, "LONC": 28.462485, "LATC": 45.463746, "IDAS": "ROAS200", "A": 3.17, "B": 1.0, "TECREG": "Active", "TECTONICS": "Active Shallow Crust", "SS": 30, "NF": 30, "TF": 40, "MINDEPTH": 0, "HYPODEPTH1": 2, "HYPODEPTH2": 10, "HYPODEPTH3": 18, "MAXDEPTH": 25, "WHDEPTH1": 0.1, "WHDEPTH2": 0.4, "WHDEPTH3": 0.5, "MAXMAG01": 6.7, "MAXMAG02": 6.9, "MAXMAG03": 7.1, "MAXMAG04": 7.3, "WMAXMAG01": 0.5, "WMAXMAG02": 0.2, "WMAXMAG03": 0.2, "WMAXMAG04": 0.1, "STRIKE1": 0.0, "STRIKE2": 0.0, "STRIKE3": 0.0, "STRIKE4": 0.0, "DIP1": 0.0, "DIP2": 0.0, "DIP3": 0.0, "DIP4": 0.0, "DIRWEIGHT1": 0.0, "DIRWEIGHT2": 0.0, "DIRWEIGHT3": 0.0, "DIRWEIGHT4": 0.0 }, "geometry": { "type": "Polygon", "coordinates": [ [ [ 26.925332000271737, 46.083058999973048 ], [ 27.267234000249061, 46.204201999922532 ], [ 27.361780000346926, 46.351076000257365 ], [ 27.886348000060309, 45.923962999892694 ], [ 28.161720999624606, 45.699857000200552 ], [ 28.771738999955062, 45.435266999672479 ], [ 29.999637999893935, 44.902772999574438 ], [ 29.999587000240012, 44.576416999744936 ], [ 27.399388999902612, 45.570041999638761 ], [ 26.925332000271737, 46.083058999973048 ] ] ] } },
{ "type": "Feature", "properties": { "OBJECTID_1": 192.0, "LONC": 28.536704, "LATC": 43.570934, "IDAS": "BGAS201", "A": 3.0, "B": 0.9, "TECREG": "Active", "TECTONICS": "Active Shallow Crust", "SS": 20, "NF": 60, "TF": 20, "MINDEPTH": 0, "HYPODEPTH1": 2, "HYPODEPTH2": 10, "HYPODEPTH3": 18, "MAXDEPTH": 20, "WHDEPTH1": 0.1, "WHDEPTH2": 0.4, "WHDEPTH3": 0.5, "MAXMAG01": 7.5, "MAXMAG02": 7.7, "MAXMAG03": 7.9, "MAXMAG04": 8.1, "WMAXMAG01": 0.5, "WMAXMAG02": 0.2, "WMAXMAG03": 0.2, "WMAXMAG04": 0.1, "STRIKE1": 0.0, "STRIKE2": 109.442333, "STRIKE3": 0.0, "STRIKE4": 278.597333, "DIP1": 0.0, "DIP2": 57.809465, "DIP3": 0.0, "DIP4": 57.607333, "DIRWEIGHT1": 0.0, "DIRWEIGHT2": 0.970588, "DIRWEIGHT3": 0.0, "DIRWEIGHT4": 0.029412 }, "geometry": { "type": "Polygon", "coordinates": [ [ [ 27.874802000012437, 43.215609999601952 ], [ 28.011227999672599, 44.034674000305017 ], [ 29.198605999767267, 43.379388999802643 ], [ 28.982539000274812, 43.107195000249249 ], [ 27.874802000012437, 43.215609999601952 ] ] ] } },
{ "type": "Feature", "properties": { "OBJECTID_1": 193.0, "LONC": 26.835749, "LATC": 44.498932, "IDAS": "ROAS202", "A": 3.1, "B": 1.0, "TECREG": "Active", "TECTONICS": "Active Shallow Crust", "SS": 30, "NF": 30, "TF": 40, "MINDEPTH": 0, "HYPODEPTH1": 2, "HYPODEPTH2": 10, "HYPODEPTH3": 18, "MAXDEPTH": 25, "WHDEPTH1": 0.1, "WHDEPTH2": 0.4, "WHDEPTH3": 0.5, "MAXMAG01": 6.7, "MAXMAG02": 6.9, "MAXMAG03": 7.1, "MAXMAG04": 7.3, "WMAXMAG01": 0.5, "WMAXMAG02": 0.2, "WMAXMAG03": 0.2, "WMAXMAG04": 0.1, "STRIKE1": 0.0, "STRIKE2": 121.637162, "STRIKE3": 0.0, "STRIKE4": 289.2491, "DIP1": 0.0, "DIP2": 57.720956, "DIP3": 0.0, "DIP4": 57.6518, "DIRWEIGHT1": 0.0, "DIRWEIGHT2": 0.693878, "DIRWEIGHT3": 0.0, "DIRWEIGHT4": 0.306122 }, "geometry": { "type": "Polygon", "coordinates": [ [ [ 25.997138999665253, 45.180246999799351 ], [ 26.578304999576233, 45.171095000434093 ], [ 26.889617999970881, 45.166220999599602 ], [ 27.674359999814328, 43.956119000191848 ], [ 27.08955900044765, 43.817617000124642 ], [ 26.851954999723603, 44.113945000161777 ], [ 25.997138999665253, 45.180246999799351 ] ] ] } },
{ "type": "Feature", "properties": { "OBJECTID_1": 194.0, "LONC": 27.157457, "LATC": 43.625142, "IDAS": "BGAS203", "A": 2.75, "B": 0.8, "TECREG": "Active", "TECTONICS": "Active Shallow Crust", "SS": 20, "NF": 60, "TF": 20, "MINDEPTH": 0, "HYPODEPTH1": 2, "HYPODEPTH2": 10, "HYPODEPTH3": 18, "MAXDEPTH": 20, "WHDEPTH1": 0.1, "WHDEPTH2": 0.4, "WHDEPTH3": 0.5, "MAXMAG01": 7.5, "MAXMAG02": 7.7, "MAXMAG03": 7.9, "MAXMAG04": 8.1, "WMAXMAG01": 0.5, "WMAXMAG02": 0.2, "WMAXMAG03": 0.2, "WMAXMAG04": 0.1, "STRIKE1": 72.407, "STRIKE2": 112.419611, "STRIKE3": 0.0, "STRIKE4": 287.197098, "DIP1": 57.77225, "DIP2": 57.612389, "DIP3": 0.0, "DIP4": 57.683585, "DIRWEIGHT1": 0.11215, "DIRWEIGHT2": 0.504673, "DIRWEIGHT3": 0.0, "DIRWEIGHT4": 0.383178 }, "geometry": { "type": "Polygon", "coordinates": [ [ [ 26.303686999755371, 43.622848999881626 ], [ 27.08955900044765, 43.817617000124642 ], [ 27.674359999814328, 43.956119000191848 ], [ 28.011227999672599, 44.034674000305017 ], [ 27.874802000012437, 43.215609999601952 ], [ 27.811450999564158, 43.221351999994965 ], [ 27.492543999705958, 43.250248999791665 ], [ 26.700826000119946, 43.241333999664505 ], [ 26.303686999755371, 43.622848999881626 ] ] ] } },
{ "type": "Feature", "properties": { "OBJECTID_1": 195.0, "LONC": 25.358584, "LATC": 43.206661, "IDAS": "BGAS204", "A": 2.9, "B": 0.9, "TECREG": "Active", "TECTONICS": "Active Shallow Crust", "SS": 20, "NF": 60, "TF": 20, "MINDEPTH": 0, "HYPODEPTH1": 2, "HYPODEPTH2": 10, "HYPODEPTH3": 18, "MAXDEPTH": 20, "WHDEPTH1": 0.1, "WHDEPTH2": 0.4, "WHDEPTH3": 0.5, "MAXMAG01": 7.5, "MAXMAG02": 7.7, "MAXMAG03": 7.9, "MAXMAG04": 8.1, "WMAXMAG01": 0.5, "WMAXMAG02": 0.2, "WMAXMAG03": 0.2, "WMAXMAG04": 0.1, "STRIKE1": 65.014512, "STRIKE2": 0.0, "STRIKE3": 269.761667, "STRIKE4": 274.20195, "DIP1": 57.650857, "DIP2": 0.0, "DIP3": 43.679, "DIP4": 43.756425, "DIRWEIGHT1": 0.604317, "DIRWEIGHT2": 0.0, "DIRWEIGHT3": 0.107914, "DIRWEIGHT4": 0.28777 }, "geometry": { "type": "Polygon", "coordinates": [ [ [ 24.016341999783606, 42.929236999987722 ], [ 24.731437000217568, 43.106783000135522 ], [ 26.303686999755371, 43.622848999881626 ], [ 26.700826000119946, 43.241333999664505 ], [ 25.369015999888632, 42.79047300042879 ], [ 24.016341999783606, 42.929236999987722 ] ] ] } },
{ "type": "Feature", "properties": { "OBJECTID_1": 196.0, "LONC": 24.470136, "LATC": 44.055169, "IDAS": "ROAS205", "A": 2.3, "B": 1.0, "TECREG": "Active", "TECTONICS": "Active Shallow Crust", "SS": 20, "NF": 60, "TF": 20, "MINDEPTH": 0, "HYPODEPTH1": 2, "HYPODEPTH2": 10, "HYPODEPTH3": 18, "MAXDEPTH": 25, "WHDEPTH1": 0.1, "WHDEPTH2": 0.4, "WHDEPTH3": 0.5, "MAXMAG01": 6.7, "MAXMAG02": 6.9, "MAXMAG03": 7.1, "MAXMAG04": 7.3, "WMAXMAG01": 0.5, "WMAXMAG02": 0.2, "WMAXMAG03": 0.2, "WMAXMAG04": 0.1, "STRIKE1": 0.0, "STRIKE2": 112.110788, "STRIKE3": 0.0, "STRIKE4": 288.070051, "DIP1": 0.0, "DIP2": 57.671712, "DIP3": 0.0, "DIP4": 54.403028, "DIRWEIGHT1": 0.0, "DIRWEIGHT2": 0.371429, "DIRWEIGHT3": 0.0, "DIRWEIGHT4": 0.628571 }, "geometry": { "type": "Polygon", "coordinates": [ [ [ 21.850712000058934, 44.099128000357098 ], [ 23.491885999839212, 44.98959000027844 ], [ 23.843450000217501, 45.180341999683719 ], [ 24.486312999845211, 45.180610000351408 ], [ 25.914057000330445, 45.181099999565504 ], [ 25.997138999665253, 45.180246999799351 ], [ 26.851954999723603, 44.113945000161777 ], [ 27.08955900044765, 43.817617000124642 ], [ 26.303686999755371, 43.622848999881626 ], [ 24.731437000217568, 43.106783000135522 ], [ 24.016341999783606, 42.929236999987722 ], [ 23.270631000320577, 43.184756000389257 ], [ 22.140907999704609, 43.912280000221983 ], [ 21.850712000058934, 44.099128000357098 ] ] ] } },
{ "type": "Feature", "properties": { "OBJECTID_1": 197.0, "LONC": 22.459301, "LATC": 42.513056, "IDAS": "BGAS206", "A": 3.6, "B": 1.0, "TECREG": "Active", "TECTONICS": "Active Shallow Crust", "SS": 20, "NF": 60, "TF": 20, "MINDEPTH": 0, "HYPODEPTH1": 2, "HYPODEPTH2": 10, "HYPODEPTH3": 18, "MAXDEPTH": 14, "WHDEPTH1": 0.1, "WHDEPTH2": 0.4, "WHDEPTH3": 0.5, "MAXMAG01": 7.5, "MAXMAG02": 7.7, "MAXMAG03": 7.9, "MAXMAG04": 8.1, "WMAXMAG01": 0.5, "WMAXMAG02": 0.2, "WMAXMAG03": 0.2, "WMAXMAG04": 0.1, "STRIKE1": 54.4015, "STRIKE2": 110.194375, "STRIKE3": 0.0, "STRIKE4": 298.642235, "DIP1": 50.736398, "DIP2": 57.71475, "DIP3": 0.0, "DIP4": 66.256294, "DIRWEIGHT1": 0.875622, "DIRWEIGHT2": 0.039801, "DIRWEIGHT3": 0.0, "DIRWEIGHT4": 0.084577 }, "geometry": { "type": "Polygon", "coordinates": [ [ [ 21.647969999915745, 42.464050000207521 ], [ 22.198960000403872, 42.783296999557024 ], [ 22.476787999866474, 42.88895500037313 ], [ 23.270631000320577, 43.184756000389257 ], [ 23.041794000093205, 42.618538000028821 ], [ 22.975306999818372, 42.454643999920847 ], [ 22.781539999871256, 42.32530599977224 ], [ 22.462468999644784, 42.10822500028371 ], [ 22.184705000435599, 41.919164999765087 ], [ 21.908479000205887, 41.841355999879681 ], [ 21.871984999907966, 41.928570000005664 ], [ 21.647969999915745, 42.464050000207521 ] ] ] } },
{ "type": "Feature", "properties": { "OBJECTID_1": 198.0, "LONC": 23.728108, "LATC": 42.390194, "IDAS": "BGAS207", "A": 3.5, "B": 1.0, "TECREG": "Active", "TECTONICS": "Active Shallow Crust", "SS": 20, "NF": 60, "TF": 20, "MINDEPTH": 0, "HYPODEPTH1": 2, "HYPODEPTH2": 10, "HYPODEPTH3": 18, "MAXDEPTH": 20, "WHDEPTH1": 0.1, "WHDEPTH2": 0.4, "WHDEPTH3": 0.5, "MAXMAG01": 7.5, "MAXMAG02": 7.7, "MAXMAG03": 7.9, "MAXMAG04": 8.1, "WMAXMAG01": 0.5, "WMAXMAG02": 0.2, "WMAXMAG03": 0.2, "WMAXMAG04": 0.1, "STRIKE1": 0.0, "STRIKE2": 122.508, "STRIKE3": 0.0, "STRIKE4": 299.038773, "DIP1": 0.0, "DIP2": 57.745667, "DIP3": 0.0, "DIP4": 50.042918, "DIRWEIGHT1": 0.0, "DIRWEIGHT2": 0.03, "DIRWEIGHT3": 0.0, "DIRWEIGHT4": 0.97 }, "geometry": { "type": "Polygon", "coordinates": [ [ [ 22.975306999818372, 42.454643999920847 ], [ 24.219703999739977, 42.659118999942052 ], [ 24.420200999776455, 42.390063000307407 ], [ 24.480907999704584, 42.308487000275022 ], [ 24.429794999739613, 42.121270000210529 ], [ 24.054263000237427, 42.207136000226399 ], [ 22.975306999818372, 42.454643999920847 ] ] ] } },
{ "type": "Feature", "properties": { "OBJECTID_1": 199.0, "LONC": 24.441992, "LATC": 41.820509, "IDAS": "BGAS208", "A": 3.9, "B": 1.0, "TECREG": "Active", "TECTONICS": "Active Shallow Crust", "SS": 20, "NF": 60, "TF": 20, "MINDEPTH": 0, "HYPODEPTH1": 2, "HYPODEPTH2": 10, "HYPODEPTH3": 18, "MAXDEPTH": 20, "WHDEPTH1": 0.1, "WHDEPTH2": 0.4, "WHDEPTH3": 0.5, "MAXMAG01": 7.5, "MAXMAG02": 7.7, "MAXMAG03": 7.9, "MAXMAG04": 8.1, "WMAXMAG01": 0.5, "WMAXMAG02": 0.2, "WMAXMAG03": 0.2, "WMAXMAG04": 0.1, "STRIKE1": 79.33825, "STRIKE2": 107.218621, "STRIKE3": 229.734133, "STRIKE4": 303.919385, "DIP1": 57.634, "DIP2": 57.998, "DIP3": 55.7506, "DIP4": 55.537077, "DIRWEIGHT1": 0.045977, "DIRWEIGHT2": 0.333333, "DIRWEIGHT3": 0.172414, "DIRWEIGHT4": 0.448276 }, "geometry": { "type": "Polygon", "coordinates": [ [ [ 22.781539999871256, 42.32530599977224 ], [ 22.975306999818372, 42.454643999920847 ], [ 24.054263000237427, 42.207136000226399 ], [ 24.429794999739613, 42.121270000210529 ], [ 25.00492800022721, 41.901399999810337 ], [ 25.16407700005368, 41.840557999951898 ], [ 26.102444000390449, 41.632763999758936 ], [ 25.993482000094389, 41.377344000325536 ], [ 25.799815000262242, 41.326166000060994 ], [ 25.699940999977343, 41.299827000415917 ], [ 25.348712999805286, 41.21963500035514 ], [ 25.203364999695168, 41.186373999860393 ], [ 24.985921999700679, 41.403647000109117 ], [ 24.531016000088471, 41.500767000197072 ], [ 23.893625000093834, 41.505355000433099 ], [ 23.809706999978232, 41.567234999595712 ], [ 22.781539999871256, 42.32530599977224 ] ] ] } },
{ "type": "Feature", "properties": { "OBJECTID_1": 200.0, "LONC": 24.897225, "LATC": 45.510124, "IDAS": "ROAS209", "A": 3.0, "B": 1.0, "TECREG": "Active", "TECTONICS": "Active Shallow Crust", "SS": 30, "NF": 30, "TF": 40, "MINDEPTH": 0, "HYPODEPTH1": 2, "HYPODEPTH2": 10, "HYPODEPTH3": 18, "MAXDEPTH": 25, "WHDEPTH1": 0.1, "WHDEPTH2": 0.4, "WHDEPTH3": 0.5, "MAXMAG01": 6.7, "MAXMAG02": 6.9, "MAXMAG03": 7.1, "MAXMAG04": 7.3, "WMAXMAG01": 0.5, "WMAXMAG02": 0.2, "WMAXMAG03": 0.2, "WMAXMAG04": 0.1, "STRIKE1": 0.0, "STRIKE2": 0.0, "STRIKE3": 0.0, "STRIKE4": 0.0, "DIP1": 0.0, "DIP2": 0.0, "DIP3": 0.0, "DIP4": 0.0, "DIRWEIGHT1": 0.0, "DIRWEIGHT2": 0.0, "DIRWEIGHT3": 0.0, "DIRWEIGHT4": 0.0 }, "geometry": { "type": "Polygon", "coordinates": [ [ [ 23.843450000217501, 45.180341999683719 ], [ 23.85952100029408, 45.839905999662335 ], [ 25.680000000399843, 45.814000000199997 ], [ 25.950999999750366, 45.448999999850287 ], [ 25.914057000330445, 45.181099999565504 ], [ 24.486312999845211, 45.180610000351408 ], [ 23.843450000217501, 45.180341999683719 ] ] ] } },
{ "type": "Feature", "properties": { "OBJECTID_1": 201.0, "LONC": 22.36797, "LATC": 44.969517, "IDAS": "ROAS210", "A": 3.5, "B": 1.0, "TECREG": "Active", "TECTONICS": "Active Shallow Crust", "SS": 30, "NF": 30, "TF": 40, "MINDEPTH": 0, "HYPODEPTH1": 2, "HYPODEPTH2": 10, "HYPODEPTH3": 18, "MAXDEPTH": 14, "WHDEPTH1": 0.1, "WHDEPTH2": 0.4, "WHDEPTH3": 0.5, "MAXMAG01": 6.7, "MAXMAG02": 6.9, "MAXMAG03": 7.1, "MAXMAG04": 7.3, "WMAXMAG01": 0.5, "WMAXMAG02": 0.2, "WMAXMAG03": 0.2, "WMAXMAG04": 0.1, "STRIKE1": 0.0, "STRIKE2": 0.0, "STRIKE3": 0.0, "STRIKE4": 0.0, "DIP1": 0.0, "DIP2": 0.0, "DIP3": 0.0, "DIP4": 0.0, "DIRWEIGHT1": 0.0, "DIRWEIGHT2": 0.0, "DIRWEIGHT3": 0.0, "DIRWEIGHT4": 0.0 }, "geometry": { "type": "Polygon", "coordinates": [ [ [ 20.876418000390572, 45.144598999844106 ], [ 21.157075999957613, 45.212594000412935 ], [ 21.194903999719998, 45.224492999652398 ], [ 23.85952100029408, 45.839905999662335 ], [ 23.843450000217501, 45.180341999683719 ], [ 23.491885999839212, 44.98959000027844 ], [ 21.850712000058934, 44.099128000357098 ], [ 21.137744999732092, 44.653267000371955 ], [ 20.876418000390572, 45.144598999844106 ] ] ] } },
{ "type": "Feature", "properties": { "OBJECTID_1": 203.0, "LONC": 22.901052, "LATC": 41.912648, "IDAS": "MKAS212", "A": 4.0, "B": 1.03, "TECREG": "Active", "TECTONICS": "Active Shallow Crust", "SS": 20, "NF": 60, "TF": 20, "MINDEPTH": 0, "HYPODEPTH1": 2, "HYPODEPTH2": 10, "HYPODEPTH3": 18, "MAXDEPTH": 15, "WHDEPTH1": 0.1, "WHDEPTH2": 0.4, "WHDEPTH3": 0.5, "MAXMAG01": 7.5, "MAXMAG02": 7.7, "MAXMAG03": 7.9, "MAXMAG04": 8.1, "WMAXMAG01": 0.5, "WMAXMAG02": 0.2, "WMAXMAG03": 0.2, "WMAXMAG04": 0.1, "STRIKE1": 74.598667, "STRIKE2": 116.253077, "STRIKE3": 232.976795, "STRIKE4": 288.524914, "DIP1": 57.587889, "DIP2": 57.965462, "DIP3": 54.294096, "DIP4": 58.148486, "DIRWEIGHT1": 0.069231, "DIRWEIGHT2": 0.1, "DIRWEIGHT3": 0.561538, "DIRWEIGHT4": 0.269231 }, "geometry": { "type": "Polygon", "coordinates": [ [ [ 21.908479000205887, 41.841355999879681 ], [ 22.184705000435599, 41.919164999765087 ], [ 22.462468999644784, 42.10822500028371 ], [ 22.781539999871256, 42.32530599977224 ], [ 23.809706999978232, 41.567234999595712 ], [ 23.893625000093834, 41.505355000433099 ], [ 23.001264999879993, 41.504991999881042 ], [ 22.470937999888974, 41.658931999612264 ], [ 22.331527000171093, 41.610793000097033 ], [ 22.10001899997701, 41.499990000338414 ], [ 21.908479000205887, 41.841355999879681 ] ] ] } },
{ "type": "Feature", "properties": { "OBJECTID_1": 204.0, "LONC": 16.980012, "LATC": 45.268891, "IDAS": "HRAS213", "A": 3.7, "B": 1.0, "TECREG": "Active", "TECTONICS": "Active Shallow Crust", "SS": 20, "NF": 60, "TF": 20, "MINDEPTH": 0, "HYPODEPTH1": 2, "HYPODEPTH2": 10, "HYPODEPTH3": 16, "MAXDEPTH": 16, "WHDEPTH1": 0.1, "WHDEPTH2": 0.4, "WHDEPTH3": 0.5, "MAXMAG01": 6.9, "MAXMAG02": 7.1, "MAXMAG03": 7.3, "MAXMAG04": 7.5, "WMAXMAG01": 0.5, "WMAXMAG02": 0.2, "WMAXMAG03": 0.2, "WMAXMAG04": 0.1, "STRIKE1": 67.803889, "STRIKE2": 114.196, "STRIKE3": 0.0, "STRIKE4": 299.754299, "DIP1": 57.578222, "DIP2": 67.171, "DIP3": 0.0, "DIP4": 63.684577, "DIRWEIGHT1": 0.043689, "DIRWEIGHT2": 0.014563, "DIRWEIGHT3": 0.0, "DIRWEIGHT4": 0.941748 }, "geometry": { "type": "Polygon", "coordinates": [ [ [ 15.677179000010995, 45.422576999928765 ], [ 15.947758999778159, 45.648318000375582 ], [ 16.398742000143329, 46.024743999735961 ], [ 17.117040999942333, 45.688765000404601 ], [ 17.294917000019723, 45.605565000124841 ], [ 18.099484000386497, 45.395777999755069 ], [ 18.282844999797078, 45.347964999984924 ], [ 17.964201000376022, 45.113962999892692 ], [ 17.805200000180037, 44.997253000225953 ], [ 17.166897000396432, 44.513037999803998 ], [ 16.344108999730736, 45.015469000294274 ], [ 15.677179000010995, 45.422576999928765 ] ] ] } },
{ "type": "Feature", "properties": { "OBJECTID_1": 205.0, "LONC": 16.173216, "LATC": 44.868691, "IDAS": "BAAS214", "A": 3.0, "B": 1.0, "TECREG": "Active", "TECTONICS": "Active Shallow Crust", "SS": 20, "NF": 60, "TF": 20, "MINDEPTH": 0, "HYPODEPTH1": 2, "HYPODEPTH2": 10, "HYPODEPTH3": 18, "MAXDEPTH": 14, "WHDEPTH1": 0.1, "WHDEPTH2": 0.4, "WHDEPTH3": 0.5, "MAXMAG01": 6.9, "MAXMAG02": 7.1, "MAXMAG03": 7.3, "MAXMAG04": 7.5, "WMAXMAG01": 0.5, "WMAXMAG02": 0.2, "WMAXMAG03": 0.2, "WMAXMAG04": 0.1, "STRIKE1": 0.0, "STRIKE2": 0.0, "STRIKE3": 0.0, "STRIKE4": 316.330848, "DIP1": 0.0, "DIP2": 0.0, "DIP3": 0.0, "DIP4": 59.063562, "DIRWEIGHT1": 0.0, "DIRWEIGHT2": 0.0, "DIRWEIGHT3": 0.0, "DIRWEIGHT4": 1.0 }, "geometry": { "type": "Polygon", "coordinates": [ [ [ 15.17953599998657, 44.995185000187803 ], [ 15.677179000010995, 45.422576999928765 ], [ 16.344108999730736, 45.015469000294274 ], [ 17.166897000396432, 44.513037999803998 ], [ 16.274888000181249, 44.314804999851049 ], [ 15.304800000219984, 44.917386999910264 ], [ 15.17953599998657, 44.995185000187803 ] ] ] } },
{ "type": "Feature", "properties": { "OBJECTID_1": 206.0, "LONC": 14.834055, "LATC": 44.400281, "IDAS": "HRAS215", "A": 3.4, "B": 1.0, "TECREG": "Active", "TECTONICS": "Active Shallow Crust", "SS": 30, "NF": 5, "TF": 65, "MINDEPTH": 0, "HYPODEPTH1": 2, "HYPODEPTH2": 10, "HYPODEPTH3": 18, "MAXDEPTH": 20, "WHDEPTH1": 0.1, "WHDEPTH2": 0.4, "WHDEPTH3": 0.5, "MAXMAG01": 7.3, "MAXMAG02": 7.5, "MAXMAG03": 7.7, "MAXMAG04": 7.9, "WMAXMAG01": 0.5, "WMAXMAG02": 0.2, "WMAXMAG03": 0.2, "WMAXMAG04": 0.1, "STRIKE1": 0.0, "STRIKE2": 0.0, "STRIKE3": 0.0, "STRIKE4": 317.224152, "DIP1": 0.0, "DIP2": 0.0, "DIP3": 0.0, "DIP4": 36.830488, "DIRWEIGHT1": 0.0, "DIRWEIGHT2": 0.0, "DIRWEIGHT3": 0.0, "DIRWEIGHT4": 1.0 }, "geometry": { "type": "Polygon", "coordinates": [ [ [ 13.85095999960447, 44.726789000412225 ], [ 14.126200167846468, 45.367751795860173 ], [ 14.909519000101909, 44.657838999870137 ], [ 15.078826999866294, 44.269574999586723 ], [ 15.817151000418505, 43.742972999604433 ], [ 15.539429000448195, 43.424597999997843 ], [ 13.85095999960447, 44.726789000412225 ] ] ] } },
{ "type": "Feature", "properties": { "OBJECTID_1": 207.0, "LONC": 25.673993, "LATC": 46.807243, "IDAS": "ROAS216", "A": 3.1, "B": 1.0, "TECREG": "Active", "TECTONICS": "Active Shallow Crust", "SS": 30, "NF": 30, "TF": 40, "MINDEPTH": 0, "HYPODEPTH1": 2, "HYPODEPTH2": 10, "HYPODEPTH3": 18, "MAXDEPTH": 25, "WHDEPTH1": 0.1, "WHDEPTH2": 0.4, "WHDEPTH3": 0.5, "MAXMAG01": 6.7, "MAXMAG02": 6.9, "MAXMAG03": 7.1, "MAXMAG04": 7.3, "WMAXMAG01": 0.5, "WMAXMAG02": 0.2, "WMAXMAG03": 0.2, "WMAXMAG04": 0.1, "STRIKE1": 0.0, "STRIKE2": 0.0, "STRIKE3": 0.0, "STRIKE4": 0.0, "DIP1": 0.0, "DIP2": 0.0, "DIP3": 0.0, "DIP4": 0.0, "DIRWEIGHT1": 0.0, "DIRWEIGHT2": 0.0, "DIRWEIGHT3": 0.0, "DIRWEIGHT4": 0.0 }, "geometry": { "type": "Polygon", "coordinates": [ [ [ 24.080751999605241, 47.888892000065937 ], [ 24.418912999735312, 47.948843000204477 ], [ 25.266173000283914, 48.095346999664457 ], [ 25.765667000232042, 48.166648999851645 ], [ 27.267234000249061, 46.204201999922532 ], [ 26.925332000271737, 46.083058999973048 ], [ 26.660174999676656, 45.988254999668641 ], [ 26.17801899977718, 45.447838000223726 ], [ 25.950999999750366, 45.448999999850287 ], [ 25.680000000399843, 45.814000000199997 ], [ 24.080751999605241, 47.888892000065937 ] ] ] } },
{ "type": "Feature", "properties": { "OBJECTID_1": 208.0, "LONC": 24.264674, "LATC": 46.851446, "IDAS": "ROAS217", "A": 3.2, "B": 1.0, "TECREG": "Active", "TECTONICS": "Active Shallow Crust", "SS": 30, "NF": 30, "TF": 40, "MINDEPTH": 0, "HYPODEPTH1": 2, "HYPODEPTH2": 10, "HYPODEPTH3": 18, "MAXDEPTH": 25, "WHDEPTH1": 0.1, "WHDEPTH2": 0.4, "WHDEPTH3": 0.5, "MAXMAG01": 6.7, "MAXMAG02": 6.9, "MAXMAG03": 7.1, "MAXMAG04": 7.3, "WMAXMAG01": 0.5, "WMAXMAG02": 0.2, "WMAXMAG03": 0.2, "WMAXMAG04": 0.1, "STRIKE1": 0.0, "STRIKE2": 0.0, "STRIKE3": 0.0, "STRIKE4": 0.0, "DIP1": 0.0, "DIP2": 0.0, "DIP3": 0.0, "DIP4": 0.0, "DIRWEIGHT1": 0.0, "DIRWEIGHT2": 0.0, "DIRWEIGHT3": 0.0, "DIRWEIGHT4": 0.0 }, "geometry": { "type": "Polygon", "coordinates": [ [ [ 22.849346999864338, 47.452677999989874 ], [ 23.123229999964678, 47.712992000280735 ], [ 24.080751999605241, 47.888892000065937 ], [ 25.680000000399843, 45.814000000199997 ], [ 23.85952100029408, 45.839905999662335 ], [ 22.849346999864338, 47.452677999989874 ] ] ] } },
{ "type": "Feature", "properties": { "OBJECTID_1": 209.0, "LONC": 22.527213, "LATC": 46.338586, "IDAS": "ROAS218", "A": 2.6, "B": 1.0, "TECREG": "Active", "TECTONICS": "Active Shallow Crust", "SS": 30, "NF": 30, "TF": 40, "MINDEPTH": 0, "HYPODEPTH1": 2, "HYPODEPTH2": 10, "HYPODEPTH3": 18, "MAXDEPTH": 25, "WHDEPTH1": 0.1, "WHDEPTH2": 0.4, "WHDEPTH3": 0.5, "MAXMAG01": 6.7, "MAXMAG02": 6.9, "MAXMAG03": 7.1, "MAXMAG04": 7.3, "WMAXMAG01": 0.5, "WMAXMAG02": 0.2, "WMAXMAG03": 0.2, "WMAXMAG04": 0.1, "STRIKE1": 0.0, "STRIKE2": 0.0, "STRIKE3": 0.0, "STRIKE4": 0.0, "DIP1": 0.0, "DIP2": 0.0, "DIP3": 0.0, "DIP4": 0.0, "DIRWEIGHT1": 0.0, "DIRWEIGHT2": 0.0, "DIRWEIGHT3": 0.0, "DIRWEIGHT4": 0.0 }, "geometry": { "type": "Polygon", "coordinates": [ [ [ 21.942969999865738, 46.567836000231409 ], [ 22.849346999864338, 47.452677999989874 ], [ 23.85952100029408, 45.839905999662335 ], [ 21.194903999719998, 45.224492999652398 ], [ 21.46532100006425, 45.715526999771384 ], [ 21.942969999865738, 46.567836000231409 ] ] ] } },
{ "type": "Feature", "properties": { "OBJECTID_1": 211.0, "LONC": 28.445709, "LATC": 44.474716, "IDAS": "ROAS220", "A": 1.97, "B": 0.94, "TECREG": "Active", "TECTONICS": "Active Shallow Crust", "SS": 20, "NF": 60, "TF": 20, "MINDEPTH": 0, "HYPODEPTH1": 2, "HYPODEPTH2": 10, "HYPODEPTH3": 18, "MAXDEPTH": 25, "WHDEPTH1": 0.1, "WHDEPTH2": 0.4, "WHDEPTH3": 0.5, "MAXMAG01": 6.7, "MAXMAG02": 6.9, "MAXMAG03": 7.1, "MAXMAG04": 7.3, "WMAXMAG01": 0.5, "WMAXMAG02": 0.2, "WMAXMAG03": 0.2, "WMAXMAG04": 0.1, "STRIKE1": 0.0, "STRIKE2": 0.0, "STRIKE3": 0.0, "STRIKE4": 0.0, "DIP1": 0.0, "DIP2": 0.0, "DIP3": 0.0, "DIP4": 0.0, "DIRWEIGHT1": 0.0, "DIRWEIGHT2": 0.0, "DIRWEIGHT3": 0.0, "DIRWEIGHT4": 0.0 }, "geometry": { "type": "Polygon", "coordinates": [ [ [ 26.889617999970881, 45.166220999599602 ], [ 27.399388999902612, 45.570041999638761 ], [ 29.999587000240012, 44.576416999744936 ], [ 30.001800999816453, 43.799741999593778 ], [ 29.198605999767267, 43.379388999802643 ], [ 28.011227999672599, 44.034674000305017 ], [ 27.674359999814328, 43.956119000191848 ], [ 26.889617999970881, 45.166220999599602 ] ] ] } },
{ "type": "Feature", "properties": { "OBJECTID_1": 212.0, "LONC": 19.471473, "LATC": 44.923578, "IDAS": "YUAS221", "A": 3.2, "B": 1.0, "TECREG": "Active", "TECTONICS": "Active Shallow Crust", "SS": 20, "NF": 60, "TF": 20, "MINDEPTH": 0, "HYPODEPTH1": 2, "HYPODEPTH2": 10, "HYPODEPTH3": 18, "MAXDEPTH": 15, "WHDEPTH1": 0.1, "WHDEPTH2": 0.4, "WHDEPTH3": 0.5, "MAXMAG01": 6.9, "MAXMAG02": 7.1, "MAXMAG03": 7.3, "MAXMAG04": 7.5, "WMAXMAG01": 0.5, "WMAXMAG02": 0.2, "WMAXMAG03": 0.2, "WMAXMAG04": 0.1, "STRIKE1": 0.0, "STRIKE2": 116.152, "STRIKE3": 0.0, "STRIKE4": 284.4485, "DIP1": 0.0, "DIP2": 67.18525, "DIP3": 0.0, "DIP4": 64.377375, "DIRWEIGHT1": 0.0, "DIRWEIGHT2": 0.333333, "DIRWEIGHT3": 0.0, "DIRWEIGHT4": 0.666667 }, "geometry": { "type": "Polygon", "coordinates": [ [ [ 17.805200000180037, 44.997253000225953 ], [ 17.964201000376022, 45.113962999892692 ], [ 18.282844999797078, 45.347964999984924 ], [ 18.370096999876807, 45.324208999845609 ], [ 19.903830000254459, 44.906797999927903 ], [ 20.876418000390572, 45.144598999844106 ], [ 21.137744999732092, 44.653267000371955 ], [ 20.788124999968943, 44.6149820002193 ], [ 19.788958999958027, 44.499190999765005 ], [ 19.396167000406933, 44.59822099979948 ], [ 17.805200000180037, 44.997253000225953 ] ] ] } },
{ "type": "Feature", "properties": { "OBJECTID_1": 217.0, "LONC": 23.597506, "LATC": 42.8197, "IDAS": "BGAS226", "A": 2.7, "B": 0.8, "TECREG": "Active", "TECTONICS": "Active Shallow Crust", "SS": 20, "NF": 60, "TF": 20, "MINDEPTH": 0, "HYPODEPTH1": 2, "HYPODEPTH2": 10, "HYPODEPTH3": 18, "MAXDEPTH": 20, "WHDEPTH1": 0.1, "WHDEPTH2": 0.4, "WHDEPTH3": 0.5, "MAXMAG01": 7.5, "MAXMAG02": 7.7, "MAXMAG03": 7.9, "MAXMAG04": 8.1, "WMAXMAG01": 0.5, "WMAXMAG02": 0.2, "WMAXMAG03": 0.2, "WMAXMAG04": 0.1, "STRIKE1": 62.061667, "STRIKE2": 119.637694, "STRIKE3": 0.0, "STRIKE4": 295.340737, "DIP1": 47.701667, "DIP2": 57.673653, "DIP3": 0.0, "DIP4": 57.754842, "DIRWEIGHT1": 0.031915, "DIRWEIGHT2": 0.765957, "DIRWEIGHT3": 0.0, "DIRWEIGHT4": 0.202128 }, "geometry": { "type": "Polygon", "coordinates": [ [ [ 23.270631000320577, 43.184756000389257 ], [ 24.016341999783606, 42.929236999987722 ], [ 24.219703999739977, 42.659118999942052 ], [ 22.975306999818372, 42.454643999920847 ], [ 23.041794000093205, 42.618538000028821 ], [ 23.270631000320577, 43.184756000389257 ] ] ] } },
{ "type": "Feature", "properties": { "OBJECTID_1": 218.0, "LONC": 25.35323, "LATC": 41.992036, "IDAS": "BGAS227", "A": 2.7, "B": 0.8, "TECREG": "Active", "TECTONICS": "Active Shallow Crust", "SS": 20, "NF": 60, "TF": 20, "MINDEPTH": 0, "HYPODEPTH1": 2, "HYPODEPTH2": 10, "HYPODEPTH3": 18, "MAXDEPTH": 20, "WHDEPTH1": 0.1, "WHDEPTH2": 0.4, "WHDEPTH3": 0.5, "MAXMAG01": 7.5, "MAXMAG02": 7.7, "MAXMAG03": 7.9, "MAXMAG04": 8.1, "WMAXMAG01": 0.5, "WMAXMAG02": 0.2, "WMAXMAG03": 0.2, "WMAXMAG04": 0.1, "STRIKE1": 87.689929, "STRIKE2": 95.354095, "STRIKE3": 267.4575, "STRIKE4": 291.118733, "DIP1": 47.769857, "DIP2": 47.603284, "DIP3": 47.6045, "DIP4": 44.80055, "DIRWEIGHT1": 0.047619, "DIRWEIGHT2": 0.251701, "DIRWEIGHT3": 0.013605, "DIRWEIGHT4": 0.687075 }, "geometry": { "type": "Polygon", "coordinates": [ [ [ 24.429794999739613, 42.121270000210529 ], [ 24.480907999704584, 42.308487000275022 ], [ 25.016844000250558, 42.35130700001821 ], [ 25.367280999918364, 42.298733000128038 ], [ 25.906266999922252, 42.215806999893289 ], [ 26.276666000135947, 42.036587999936387 ], [ 26.102444000390449, 41.632763999758936 ], [ 25.16407700005368, 41.840557999951898 ], [ 25.00492800022721, 41.901399999810337 ], [ 24.429794999739613, 42.121270000210529 ] ] ] } },
{ "type": "Feature", "properties": { "OBJECTID_1": 219.0, "LONC": 27.175777, "LATC": 42.929862, "IDAS": "BGAS228", "A": 3.2, "B": 1.0, "TECREG": "Active", "TECTONICS": "Active Shallow Crust", "SS": 20, "NF": 60, "TF": 20, "MINDEPTH": 0, "HYPODEPTH1": 2, "HYPODEPTH2": 10, "HYPODEPTH3": 18, "MAXDEPTH": 20, "WHDEPTH1": 0.1, "WHDEPTH2": 0.4, "WHDEPTH3": 0.5, "MAXMAG01": 7.5, "MAXMAG02": 7.7, "MAXMAG03": 7.9, "MAXMAG04": 8.1, "WMAXMAG01": 0.5, "WMAXMAG02": 0.2, "WMAXMAG03": 0.2, "WMAXMAG04": 0.1, "STRIKE1": 79.961089, "STRIKE2": 109.902978, "STRIKE3": 0.0, "STRIKE4": 278.921435, "DIP1": 47.653722, "DIP2": 57.790067, "DIP3": 0.0, "DIP4": 57.603435, "DIRWEIGHT1": 0.334746, "DIRWEIGHT2": 0.567797, "DIRWEIGHT3": 0.0, "DIRWEIGHT4": 0.097458 }, "geometry": { "type": "Polygon", "coordinates": [ [ [ 25.369015999888632, 42.79047300042879 ], [ 26.700826000119946, 43.241333999664505 ], [ 27.492543999705958, 43.250248999791665 ], [ 27.811450999564158, 43.221351999994965 ], [ 27.874802000012437, 43.215609999601952 ], [ 28.982539000274812, 43.107195000249249 ], [ 28.632247000099142, 42.609475000271232 ], [ 28.324611000197649, 42.621435999671803 ], [ 27.501105999742265, 42.651841999808596 ], [ 27.011957000215546, 42.658977999735043 ], [ 26.750549999882764, 42.674003000138498 ], [ 26.232463999614083, 42.703377000348439 ], [ 25.369015999888632, 42.79047300042879 ] ] ] } },
{ "type": "Feature", "properties": { "OBJECTID_1": 223.0, "LONC": -3.946475, "LATC": 43.270303, "IDAS": "ESAS232", "A": 1.0335, "B": 1.0, "TECREG": "Active", "TECTONICS": "Active Shallow Crust", "SS": 30, "NF": 60, "TF": 10, "MINDEPTH": 0, "HYPODEPTH1": 2, "HYPODEPTH2": 10, "HYPODEPTH3": 18, "MAXDEPTH": 20, "WHDEPTH1": 0.1, "WHDEPTH2": 0.4, "WHDEPTH3": 0.5, "MAXMAG01": 6.8, "MAXMAG02": 7.0, "MAXMAG03": 7.2, "MAXMAG04": 7.4, "WMAXMAG01": 0.5, "WMAXMAG02": 0.2, "WMAXMAG03": 0.2, "WMAXMAG04": 0.1, "STRIKE1": 0.0, "STRIKE2": 0.0, "STRIKE3": 0.0, "STRIKE4": 0.0, "DIP1": 0.0, "DIP2": 0.0, "DIP3": 0.0, "DIP4": 0.0, "DIRWEIGHT1": 0.0, "DIRWEIGHT2": 0.0, "DIRWEIGHT3": 0.0, "DIRWEIGHT4": 0.0 }, "geometry": { "type": "Polygon", "coordinates": [ [ [ -5.956514999767251, 44.056498000382589 ], [ -2.976200999876085, 43.646047000368924 ], [ -2.69505500028788, 43.507853000116029 ], [ -1.93643499997512, 43.10266800012829 ], [ -2.537680000431521, 42.484108999830653 ], [ -3.895838999869795, 42.993060999765476 ], [ -5.956514999767251, 44.056498000382589 ] ] ] } },
{ "type": "Feature", "properties": { "OBJECTID_1": 226.0, "LONC": 0.170382, "LATC": 40.181276, "IDAS": "ESAS241", "A": 0.9432, "B": 1.0, "TECREG": "Active", "TECTONICS": "Active Shallow Crust", "SS": 30, "NF": 60, "TF": 10, "MINDEPTH": 0, "HYPODEPTH1": 2, "HYPODEPTH2": 10, "HYPODEPTH3": 18, "MAXDEPTH": 12, "WHDEPTH1": 0.1, "WHDEPTH2": 0.4, "WHDEPTH3": 0.5, "MAXMAG01": 6.5, "MAXMAG02": 6.8, "MAXMAG03": 7.1, "MAXMAG04": 7.4, "WMAXMAG01": 0.5, "WMAXMAG02": 0.2, "WMAXMAG03": 0.2, "WMAXMAG04": 0.1, "STRIKE1": 29.651658, "STRIKE2": 177.528, "STRIKE3": 205.299939, "STRIKE4": 0.0, "DIP1": 57.985632, "DIP2": 57.879958, "DIP3": 57.932394, "DIP4": 0.0, "DIRWEIGHT1": 0.565217, "DIRWEIGHT2": 0.115942, "DIRWEIGHT3": 0.318841, "DIRWEIGHT4": 0.0 }, "geometry": { "type": "Polygon", "coordinates": [ [ [ -1.05819799993759, 39.387813999716457 ], [ -0.088051999999664, 40.590040000146075 ], [ 0.123816000108491, 40.845199000133903 ], [ 0.305769000239309, 40.974737999659112 ], [ 1.398961999796597, 40.683576000432254 ], [ 1.046946000157959, 40.31389299996215 ], [ 0.270483999936801, 39.481004000234577 ], [ -0.699210999887555, 39.490267000222047 ], [ -1.05819799993759, 39.387813999716457 ] ] ] } },
{ "type": "Feature", "properties": { "OBJECTID_1": 227.0, "LONC": 2.473365, "LATC": 39.525181, "IDAS": "ESAS242", "A": 2.8024, "B": 1.0, "TECREG": "Active", "TECTONICS": "Active Shallow Crust", "SS": 30, "NF": 60, "TF": 10, "MINDEPTH": 0, "HYPODEPTH1": 2, "HYPODEPTH2": 10, "HYPODEPTH3": 18, "MAXDEPTH": 22, "WHDEPTH1": 0.1, "WHDEPTH2": 0.4, "WHDEPTH3": 0.5, "MAXMAG01": 6.5, "MAXMAG02": 6.8, "MAXMAG03": 7.1, "MAXMAG04": 7.4, "WMAXMAG01": 0.5, "WMAXMAG02": 0.2, "WMAXMAG03": 0.2, "WMAXMAG04": 0.1, "STRIKE1": 0.0, "STRIKE2": 0.0, "STRIKE3": 0.0, "STRIKE4": 0.0, "DIP1": 0.0, "DIP2": 0.0, "DIP3": 0.0, "DIP4": 0.0, "DIRWEIGHT1": 0.0, "DIRWEIGHT2": 0.0, "DIRWEIGHT3": 0.0, "DIRWEIGHT4": 0.0 }, "geometry": { "type": "Polygon", "coordinates": [ [ [ 0.351753000200972, 39.203849000331275 ], [ 0.683862000031411, 39.323853999962296 ], [ 4.095634000109158, 40.556642999674864 ], [ 4.594977000288509, 40.519314000440943 ], [ 4.53227400004522, 40.032098000122801 ], [ 4.46829999964541, 39.535004000234608 ], [ 2.078412000413664, 38.493719000431668 ], [ 0.606357999822023, 38.577226999626475 ], [ 0.422576999928765, 38.959929999769827 ], [ 0.351753000200972, 39.203849000331275 ] ] ] } },
{ "type": "Feature", "properties": { "OBJECTID_1": 228.0, "LONC": -0.229455, "LATC": 38.871051, "IDAS": "ESAS243", "A": 3.3181, "B": 1.0, "TECREG": "Active", "TECTONICS": "Active Shallow Crust", "SS": 30, "NF": 60, "TF": 10, "MINDEPTH": 0, "HYPODEPTH1": 2, "HYPODEPTH2": 10, "HYPODEPTH3": 18, "MAXDEPTH": 22, "WHDEPTH1": 0.1, "WHDEPTH2": 0.4, "WHDEPTH3": 0.5, "MAXMAG01": 6.5, "MAXMAG02": 6.8, "MAXMAG03": 7.1, "MAXMAG04": 7.4, "WMAXMAG01": 0.5, "WMAXMAG02": 0.2, "WMAXMAG03": 0.2, "WMAXMAG04": 0.1, "STRIKE1": 57.795934, "STRIKE2": 0.0, "STRIKE3": 197.114653, "STRIKE4": 332.07513, "DIP1": 67.291918, "DIP2": 0.0, "DIP3": 57.568, "DIP4": 57.358222, "DIRWEIGHT1": 0.371951, "DIRWEIGHT2": 0.0, "DIRWEIGHT3": 0.29878, "DIRWEIGHT4": 0.329268 }, "geometry": { "type": "Polygon", "coordinates": [ [ [ -1.065268000417745, 39.152819999743372 ], [ -1.05819799993759, 39.387813999716457 ], [ -0.699210999887555, 39.490267000222047 ], [ 0.270483999936801, 39.481004000234577 ], [ 0.288801000166188, 39.418530999805967 ], [ 0.351753000200972, 39.203849000331275 ], [ 0.422576999928765, 38.959929999769827 ], [ 0.606357999822023, 38.577226999626475 ], [ -0.100495000044077, 38.375191999711205 ], [ -0.619899999984852, 38.251834000139183 ], [ -0.901011999803814, 38.688273999845364 ], [ -1.065078999795844, 38.975370999572135 ], [ -1.065268000417745, 39.152819999743372 ] ] ] } },
{ "type": "Feature", "properties": { "OBJECTID_1": 229.0, "LONC": -5.672068, "LATC": 36.125203, "IDAS": "ESAS244", "A": 3.1, "B": 1.0, "TECREG": "Active", "TECTONICS": "Active Shallow Crust", "SS": 30, "NF": 60, "TF": 10, "MINDEPTH": 0, "HYPODEPTH1": 2, "HYPODEPTH2": 10, "HYPODEPTH3": 18, "MAXDEPTH": 22, "WHDEPTH1": 0.1, "WHDEPTH2": 0.4, "WHDEPTH3": 0.5, "MAXMAG01": 6.8, "MAXMAG02": 7.1, "MAXMAG03": 7.4, "MAXMAG04": 7.7, "WMAXMAG01": 0.5, "WMAXMAG02": 0.2, "WMAXMAG03": 0.2, "WMAXMAG04": 0.1, "STRIKE1": 34.43675, "STRIKE2": 0.0, "STRIKE3": 0.0, "STRIKE4": 337.712889, "DIP1": 67.162, "DIP2": 0.0, "DIP3": 0.0, "DIP4": 42.316278, "DIRWEIGHT1": 0.181818, "DIRWEIGHT2": 0.0, "DIRWEIGHT3": 0.0, "DIRWEIGHT4": 0.818182 }, "geometry": { "type": "Polygon", "coordinates": [ [ [ -6.426775999712447, 36.414001000146186 ], [ -5.645115999903339, 36.770173999930307 ], [ -4.922781000142891, 36.196421000129192 ], [ -4.91736000016374, 35.547717000039711 ], [ -6.313528761884504, 35.439315051290912 ], [ -6.426775999712447, 36.414001000146186 ] ] ] } },
{ "type": "Feature", "properties": { "OBJECTID_1": 230.0, "LONC": -4.707739, "LATC": 36.635237, "IDAS": "ESAS245", "A": 3.2, "B": 1.0, "TECREG": "Active", "TECTONICS": "Active Shallow Crust", "SS": 30, "NF": 60, "TF": 10, "MINDEPTH": 0, "HYPODEPTH1": 2, "HYPODEPTH2": 10, "HYPODEPTH3": 18, "MAXDEPTH": 22, "WHDEPTH1": 0.1, "WHDEPTH2": 0.4, "WHDEPTH3": 0.5, "MAXMAG01": 6.8, "MAXMAG02": 7.1, "MAXMAG03": 7.4, "MAXMAG04": 7.7, "WMAXMAG01": 0.5, "WMAXMAG02": 0.2, "WMAXMAG03": 0.2, "WMAXMAG04": 0.1, "STRIKE1": 59.40355, "STRIKE2": 96.829333, "STRIKE3": 219.588167, "STRIKE4": 0.0, "DIP1": 53.1024, "DIP2": 30.167333, "DIP3": 67.162, "DIP4": 0.0, "DIRWEIGHT1": 0.816327, "DIRWEIGHT2": 0.061224, "DIRWEIGHT3": 0.122449, "DIRWEIGHT4": 0.0 }, "geometry": { "type": "Polygon", "coordinates": [ [ [ -5.645115999903339, 36.770173999930307 ], [ -4.962869999850454, 37.074053000146023 ], [ -4.523659000062651, 36.906731000235652 ], [ -3.770362999752479, 36.677154000057214 ], [ -4.922781000142891, 36.196421000129192 ], [ -5.645115999903339, 36.770173999930307 ] ] ] } },
{ "type": "Feature", "properties": { "OBJECTID_1": 231.0, "LONC": -0.592552, "LATC": 37.648834, "IDAS": "ESAS246", "A": 3.5, "B": 1.0, "TECREG": "Active", "TECTONICS": "Active Shallow Crust", "SS": 30, "NF": 60, "TF": 10, "MINDEPTH": 0, "HYPODEPTH1": 2, "HYPODEPTH2": 10, "HYPODEPTH3": 18, "MAXDEPTH": 22, "WHDEPTH1": 0.1, "WHDEPTH2": 0.4, "WHDEPTH3": 0.5, "MAXMAG01": 6.8, "MAXMAG02": 7.1, "MAXMAG03": 7.4, "MAXMAG04": 7.7, "WMAXMAG01": 0.5, "WMAXMAG02": 0.2, "WMAXMAG03": 0.2, "WMAXMAG04": 0.1, "STRIKE1": 69.755784, "STRIKE2": 102.923861, "STRIKE3": 0.0, "STRIKE4": 304.039792, "DIP1": 45.010128, "DIP2": 67.599722, "DIP3": 0.0, "DIP4": 67.592042, "DIRWEIGHT1": 0.790941, "DIRWEIGHT2": 0.125436, "DIRWEIGHT3": 0.0, "DIRWEIGHT4": 0.083624 }, "geometry": { "type": "Polygon", "coordinates": [ [ [ -1.791462000071078, 36.7204399997064 ], [ -1.758757000035359, 37.102655999874685 ], [ -1.748911000142357, 37.21726799991842 ], [ -1.749693000231616, 37.463640000285977 ], [ -1.707495000393806, 37.560534999890479 ], [ -0.987984999607875, 38.163097999972877 ], [ -0.619899999984852, 38.251834000139183 ], [ -0.100495000044077, 38.375191999711205 ], [ 0.606357999822023, 38.577226999626475 ], [ 0.181457999886959, 38.085503000063568 ], [ 0.159229000018513, 38.050221999945506 ], [ -0.138287999991064, 37.57911799979604 ], [ -1.136880999658274, 37.131612999740298 ], [ -1.67939699967161, 36.790767999943398 ], [ -1.791462000071078, 36.7204399997064 ] ] ] } },
{ "type": "Feature", "properties": { "OBJECTID_1": 232.0, "LONC": -2.759637, "LATC": 36.750402, "IDAS": "ESAS247", "A": 3.6, "B": 1.0, "TECREG": "Active", "TECTONICS": "Active Shallow Crust", "SS": 33, "NF": 33, "TF": 34, "MINDEPTH": 0, "HYPODEPTH1": 2, "HYPODEPTH2": 10, "HYPODEPTH3": 18, "MAXDEPTH": 22, "WHDEPTH1": 0.1, "WHDEPTH2": 0.4, "WHDEPTH3": 0.5, "MAXMAG01": 6.8, "MAXMAG02": 7.1, "MAXMAG03": 7.4, "MAXMAG04": 7.7, "WMAXMAG01": 0.5, "WMAXMAG02": 0.2, "WMAXMAG03": 0.2, "WMAXMAG04": 0.1, "STRIKE1": 62.35661, "STRIKE2": 103.0539, "STRIKE3": 0.0, "STRIKE4": 0.0, "DIP1": 74.694412, "DIP2": 67.1789, "DIP3": 0.0, "DIP4": 0.0, "DIRWEIGHT1": 0.871795, "DIRWEIGHT2": 0.128205, "DIRWEIGHT3": 0.0, "DIRWEIGHT4": 0.0 }, "geometry": { "type": "Polygon", "coordinates": [ [ [ -3.770362999752479, 36.677154000057214 ], [ -3.424084000276252, 36.888654000282031 ], [ -2.536086999815041, 37.031617000124641 ], [ -2.080890000273143, 37.139858999593343 ], [ -1.749693000231616, 37.463640000285977 ], [ -1.748911000142357, 37.21726799991842 ], [ -1.758757000035359, 37.102655999874685 ], [ -1.791462000071078, 36.7204399997064 ], [ -2.22603399996899, 36.399720999924398 ], [ -2.303664999739794, 36.342418999637289 ], [ -2.456788999612456, 36.139764999954934 ], [ -2.534704999935627, 36.037163999818915 ], [ -2.99329100017934, 36.146766999997226 ], [ -3.242326000144658, 36.204531000005829 ], [ -3.770362999752479, 36.677154000057214 ] ] ] } },
{ "type": "Feature", "properties": { "OBJECTID_1": 233.0, "LONC": -3.958036, "LATC": 36.085593, "IDAS": "ESAS248", "A": 3.5, "B": 1.1, "TECREG": "Active", "TECTONICS": "Active Shallow Crust", "SS": 30, "NF": 60, "TF": 10, "MINDEPTH": 0, "HYPODEPTH1": 2, "HYPODEPTH2": 10, "HYPODEPTH3": 18, "MAXDEPTH": 30, "WHDEPTH1": 0.1, "WHDEPTH2": 0.4, "WHDEPTH3": 0.5, "MAXMAG01": 6.8, "MAXMAG02": 7.1, "MAXMAG03": 7.4, "MAXMAG04": 7.7, "WMAXMAG01": 0.5, "WMAXMAG02": 0.2, "WMAXMAG03": 0.2, "WMAXMAG04": 0.1, "STRIKE1": 0.0, "STRIKE2": 0.0, "STRIKE3": 0.0, "STRIKE4": 0.0, "DIP1": 0.0, "DIP2": 0.0, "DIP3": 0.0, "DIP4": 0.0, "DIRWEIGHT1": 0.0, "DIRWEIGHT2": 0.0, "DIRWEIGHT3": 0.0, "DIRWEIGHT4": 0.0 }, "geometry": { "type": "Polygon", "coordinates": [ [ [ -4.922781000142891, 36.196421000129192 ], [ -3.770362999752479, 36.677154000057214 ], [ -3.242326000144658, 36.204531000005829 ], [ -2.99329100017934, 36.146766999997226 ], [ -4.136229999614613, 35.608466000105977 ], [ -4.360278000229357, 35.494032000176844 ], [ -4.91736000016374, 35.547717000039711 ], [ -4.922781000142891, 36.196421000129192 ] ] ] } },
{ "type": "Feature", "properties": { "OBJECTID_1": 234.0, "LONC": -2.234589, "LATC": 38.416395, "IDAS": "ESAS249", "A": 2.8, "B": 1.0, "TECREG": "Active", "TECTONICS": "Active Shallow Crust", "SS": 30, "NF": 60, "TF": 10, "MINDEPTH": 0, "HYPODEPTH1": 2, "HYPODEPTH2": 10, "HYPODEPTH3": 18, "MAXDEPTH": 22, "WHDEPTH1": 0.1, "WHDEPTH2": 0.4, "WHDEPTH3": 0.5, "MAXMAG01": 6.8, "MAXMAG02": 7.1, "MAXMAG03": 7.4, "MAXMAG04": 7.7, "WMAXMAG01": 0.5, "WMAXMAG02": 0.2, "WMAXMAG03": 0.2, "WMAXMAG04": 0.1, "STRIKE1": 50.381917, "STRIKE2": 123.961232, "STRIKE3": 0.0, "STRIKE4": 295.760579, "DIP1": 67.231083, "DIP2": 77.003839, "DIP3": 0.0, "DIP4": 70.986895, "DIRWEIGHT1": 0.137931, "DIRWEIGHT2": 0.643678, "DIRWEIGHT3": 0.0, "DIRWEIGHT4": 0.218391 }, "geometry": { "type": "Polygon", "coordinates": [ [ [ -3.568165999561074, 38.256315999983599 ], [ -1.065268000417745, 39.152819999743372 ], [ -1.065078999795844, 38.975370999572135 ], [ -0.901011999803814, 38.688273999845364 ], [ -2.532136000176081, 37.973706000331788 ], [ -2.968729999789502, 37.679970000215519 ], [ -3.568165999561074, 38.256315999983599 ] ] ] } },
{ "type": "Feature", "properties": { "OBJECTID_1": 235.0, "LONC": -1.794315, "LATC": 38.016788, "IDAS": "ESAS250", "A": 3.6, "B": 1.0, "TECREG": "Active", "TECTONICS": "Active Shallow Crust", "SS": 30, "NF": 60, "TF": 10, "MINDEPTH": 0, "HYPODEPTH1": 2, "HYPODEPTH2": 10, "HYPODEPTH3": 18, "MAXDEPTH": 22, "WHDEPTH1": 0.1, "WHDEPTH2": 0.4, "WHDEPTH3": 0.5, "MAXMAG01": 6.8, "MAXMAG02": 7.1, "MAXMAG03": 7.4, "MAXMAG04": 7.7, "WMAXMAG01": 0.5, "WMAXMAG02": 0.2, "WMAXMAG03": 0.2, "WMAXMAG04": 0.1, "STRIKE1": 50.802041, "STRIKE2": 92.8995, "STRIKE3": 246.362617, "STRIKE4": 299.785106, "DIP1": 66.141976, "DIP2": 78.393, "DIP3": 63.591757, "DIP4": 70.273404, "DIRWEIGHT1": 0.431579, "DIRWEIGHT2": 0.02807, "DIRWEIGHT3": 0.375439, "DIRWEIGHT4": 0.164912 }, "geometry": { "type": "Polygon", "coordinates": [ [ [ -2.968729999789502, 37.679970000215519 ], [ -2.532136000176081, 37.973706000331788 ], [ -0.901011999803814, 38.688273999845364 ], [ -0.619899999984852, 38.251834000139183 ], [ -0.987984999607875, 38.163097999972877 ], [ -1.707495000393806, 37.560534999890479 ], [ -1.749693000231616, 37.463640000285977 ], [ -2.135715999693446, 37.345302000187303 ], [ -2.76065099994355, 37.352450999813982 ], [ -2.968729999789502, 37.679970000215519 ] ] ] } },
{ "type": "Feature", "properties": { "OBJECTID_1": 236.0, "LONC": -2.621526, "LATC": 37.284312, "IDAS": "ESAS251", "A": 2.9947, "B": 1.0, "TECREG": "Active", "TECTONICS": "Active Shallow Crust", "SS": 30, "NF": 60, "TF": 10, "MINDEPTH": 0, "HYPODEPTH1": 2, "HYPODEPTH2": 10, "HYPODEPTH3": 18, "MAXDEPTH": 22, "WHDEPTH1": 0.1, "WHDEPTH2": 0.4, "WHDEPTH3": 0.5, "MAXMAG01": 6.8, "MAXMAG02": 7.1, "MAXMAG03": 7.4, "MAXMAG04": 7.7, "WMAXMAG01": 0.5, "WMAXMAG02": 0.2, "WMAXMAG03": 0.2, "WMAXMAG04": 0.1, "STRIKE1": 0.0, "STRIKE2": 147.254529, "STRIKE3": 180.0, "STRIKE4": 0.0, "DIP1": 0.0, "DIP2": 62.099412, "DIP3": 67.162, "DIP4": 0.0, "DIRWEIGHT1": 0.0, "DIRWEIGHT2": 0.894737, "DIRWEIGHT3": 0.105263, "DIRWEIGHT4": 0.0 }, "geometry": { "type": "Polygon", "coordinates": [ [ [ -3.493359999664108, 37.531648999701758 ], [ -2.968729999789502, 37.679970000215519 ], [ -2.76065099994355, 37.352450999813982 ], [ -2.135715999693446, 37.345302000187303 ], [ -1.749693000231616, 37.463640000285977 ], [ -2.080890000273143, 37.139858999593343 ], [ -2.536086999815041, 37.031617000124641 ], [ -3.424084000276252, 36.888654000282031 ], [ -3.493359999664108, 37.531648999701758 ] ] ] } },
{ "type": "Feature", "properties": { "OBJECTID_1": 237.0, "LONC": -4.193477, "LATC": 37.104402, "IDAS": "ESAS252", "A": 3.47, "B": 1.0, "TECREG": "Active", "TECTONICS": "Active Shallow Crust", "SS": 30, "NF": 60, "TF": 10, "MINDEPTH": 0, "HYPODEPTH1": 2, "HYPODEPTH2": 10, "HYPODEPTH3": 18, "MAXDEPTH": 22, "WHDEPTH1": 0.1, "WHDEPTH2": 0.4, "WHDEPTH3": 0.5, "MAXMAG01": 6.8, "MAXMAG02": 7.1, "MAXMAG03": 7.4, "MAXMAG04": 7.7, "WMAXMAG01": 0.5, "WMAXMAG02": 0.2, "WMAXMAG03": 0.2, "WMAXMAG04": 0.1, "STRIKE1": 70.121179, "STRIKE2": 135.806971, "STRIKE3": 238.158692, "STRIKE4": 298.263739, "DIP1": 54.9405, "DIP2": 54.041912, "DIP3": 60.114, "DIP4": 59.465696, "DIRWEIGHT1": 0.285714, "DIRWEIGHT2": 0.346939, "DIRWEIGHT3": 0.132653, "DIRWEIGHT4": 0.234694 }, "geometry": { "type": "Polygon", "coordinates": [ [ [ -4.962869999850454, 37.074053000146023 ], [ -3.493359999664108, 37.531648999701758 ], [ -3.424084000276252, 36.888654000282031 ], [ -3.770362999752479, 36.677154000057214 ], [ -4.523659000062651, 36.906731000235652 ], [ -4.962869999850454, 37.074053000146023 ] ] ] } },
{ "type": "Feature", "properties": { "OBJECTID_1": 238.0, "LONC": -4.130213, "LATC": 37.665185, "IDAS": "ESAS253", "A": 3.1, "B": 1.0, "TECREG": "Active", "TECTONICS": "Active Shallow Crust", "SS": 30, "NF": 60, "TF": 10, "MINDEPTH": 0, "HYPODEPTH1": 2, "HYPODEPTH2": 10, "HYPODEPTH3": 18, "MAXDEPTH": 22, "WHDEPTH1": 0.1, "WHDEPTH2": 0.4, "WHDEPTH3": 0.5, "MAXMAG01": 6.8, "MAXMAG02": 7.1, "MAXMAG03": 7.4, "MAXMAG04": 7.7, "WMAXMAG01": 0.5, "WMAXMAG02": 0.2, "WMAXMAG03": 0.2, "WMAXMAG04": 0.1, "STRIKE1": 0.0, "STRIKE2": 0.0, "STRIKE3": 0.0, "STRIKE4": 0.0, "DIP1": 0.0, "DIP2": 0.0, "DIP3": 0.0, "DIP4": 0.0, "DIRWEIGHT1": 0.0, "DIRWEIGHT2": 0.0, "DIRWEIGHT3": 0.0, "DIRWEIGHT4": 0.0 }, "geometry": { "type": "Polygon", "coordinates": [ [ [ -5.291697000316162, 37.822812999920188 ], [ -3.568165999561074, 38.256315999983599 ], [ -2.968729999789502, 37.679970000215519 ], [ -3.493359999664108, 37.531648999701758 ], [ -4.962869999850454, 37.074053000146023 ], [ -5.291697000316162, 37.822812999920188 ] ] ] } },
{ "type": "Feature", "properties": { "OBJECTID_1": 240.0, "LONC": -6.049191, "LATC": 37.118407, "IDAS": "ESAS255", "A": 3.3, "B": 1.0, "TECREG": "Active", "TECTONICS": "Active Shallow Crust", "SS": 30, "NF": 60, "TF": 10, "MINDEPTH": 0, "HYPODEPTH1": 2, "HYPODEPTH2": 10, "HYPODEPTH3": 18, "MAXDEPTH": 22, "WHDEPTH1": 0.1, "WHDEPTH2": 0.4, "WHDEPTH3": 0.5, "MAXMAG01": 6.8, "MAXMAG02": 7.1, "MAXMAG03": 7.4, "MAXMAG04": 7.7, "WMAXMAG01": 0.5, "WMAXMAG02": 0.2, "WMAXMAG03": 0.2, "WMAXMAG04": 0.1, "STRIKE1": 0.0, "STRIKE2": 0.0, "STRIKE3": 0.0, "STRIKE4": 0.0, "DIP1": 0.0, "DIP2": 0.0, "DIP3": 0.0, "DIP4": 0.0, "DIRWEIGHT1": 0.0, "DIRWEIGHT2": 0.0, "DIRWEIGHT3": 0.0, "DIRWEIGHT4": 0.0 }, "geometry": { "type": "Polygon", "coordinates": [ [ [ -7.135512000078563, 37.308694000028254 ], [ -5.291697000316162, 37.822812999920188 ], [ -4.962869999850454, 37.074053000146023 ], [ -5.645115999903339, 36.770173999930307 ], [ -6.426775999712447, 36.414001000146186 ], [ -6.813293000371516, 37.136141999953509 ], [ -7.135512000078563, 37.308694000028254 ] ] ] } },
{ "type": "Feature", "properties": { "OBJECTID_1": 247.0, "LONC": -7.880613, "LATC": 36.537934, "IDAS": "ESAS262", "A": 4.3, "B": 1.0, "TECREG": "Active", "TECTONICS": "Active Shallow Crust", "SS": 60, "NF": 10, "TF": 30, "MINDEPTH": 0, "HYPODEPTH1": 2, "HYPODEPTH2": 10, "HYPODEPTH3": 18, "MAXDEPTH": 60, "WHDEPTH1": 0.1, "WHDEPTH2": 0.4, "WHDEPTH3": 0.5, "MAXMAG01": 6.8, "MAXMAG02": 7.1, "MAXMAG03": 7.4, "MAXMAG04": 7.7, "WMAXMAG01": 0.5, "WMAXMAG02": 0.2, "WMAXMAG03": 0.2, "WMAXMAG04": 0.1, "STRIKE1": 0.0, "STRIKE2": 0.0, "STRIKE3": 257.355907, "STRIKE4": 276.652111, "DIP1": 0.0, "DIP2": 0.0, "DIP3": 30.847037, "DIP4": 82.906, "DIRWEIGHT1": 0.0, "DIRWEIGHT2": 0.0, "DIRWEIGHT3": 0.959641, "DIRWEIGHT4": 0.040359 }, "geometry": { "type": "Polygon", "coordinates": [ [ [ -9.334449999767514, 36.210890000073618 ], [ -9.252934999850197, 36.953692000285741 ], [ -7.433286000248529, 36.925810999678049 ], [ -7.135512000078563, 37.308694000028254 ], [ -6.813293000371516, 37.136141999953509 ], [ -6.426775999712447, 36.414001000146186 ], [ -7.577413999856049, 35.767175000326176 ], [ -8.973400999956027, 35.975863000377331 ], [ -9.334449999767514, 36.210890000073618 ] ] ] } },
{ "type": "Feature", "properties": { "OBJECTID_1": 254.0, "LONC": -8.035766, "LATC": 35.575666, "IDAS": "MAAS269", "A": 3.54, "B": 1.0, "TECREG": "Active", "TECTONICS": "Active Shallow Crust", "SS": 30, "NF": 20, "TF": 50, "MINDEPTH": 0, "HYPODEPTH1": 2, "HYPODEPTH2": 10, "HYPODEPTH3": 18, "MAXDEPTH": 60, "WHDEPTH1": 0.1, "WHDEPTH2": 0.4, "WHDEPTH3": 0.5, "MAXMAG01": 6.8, "MAXMAG02": 7.1, "MAXMAG03": 7.4, "MAXMAG04": 7.7, "WMAXMAG01": 0.5, "WMAXMAG02": 0.2, "WMAXMAG03": 0.2, "WMAXMAG04": 0.1, "STRIKE1": 0.0, "STRIKE2": 0.0, "STRIKE3": 0.0, "STRIKE4": 311.327425, "DIP1": 0.0, "DIP2": 0.0, "DIP3": 0.0, "DIP4": 43.317621, "DIRWEIGHT1": 0.0, "DIRWEIGHT2": 0.0, "DIRWEIGHT3": 0.0, "DIRWEIGHT4": 1.0 }, "geometry": { "type": "Polygon", "coordinates": [ [ [ -9.824727000050871, 35.388118000145766 ], [ -9.334449999767514, 36.210890000073618 ], [ -8.973400999956027, 35.975863000377331 ], [ -7.577413999856049, 35.767175000326176 ], [ -6.426775999712447, 36.414001000146186 ], [ -6.313528761884504, 35.439315051290912 ], [ -6.313528761884504, 35.439315051290912 ], [ -7.338544000105344, 34.810739999551515 ], [ -9.174257000360114, 34.737331000225652 ], [ -9.824727000050871, 35.388118000145766 ] ] ] } },
{ "type": "Feature", "properties": { "OBJECTID_1": 265.0, "LONC": 8.44146, "LATC": 45.245179, "IDAS": "ITAS284", "A": 3.3, "B": 1.0, "TECREG": "Active", "TECTONICS": "Active Shallow Crust", "SS": 70, "NF": 25, "TF": 5, "MINDEPTH": 7, "HYPODEPTH1": 7, "HYPODEPTH2": 10, "HYPODEPTH3": 0, "MAXDEPTH": 10, "WHDEPTH1": 0.3, "WHDEPTH2": 0.7, "WHDEPTH3": 0.0, "MAXMAG01": 6.6, "MAXMAG02": 6.8, "MAXMAG03": 7.0, "MAXMAG04": 7.2, "WMAXMAG01": 0.5, "WMAXMAG02": 0.2, "WMAXMAG03": 0.2, "WMAXMAG04": 0.1, "STRIKE1": 66.2635, "STRIKE2": 0.0, "STRIKE3": 0.0, "STRIKE4": 309.770625, "DIP1": 44.349, "DIP2": 0.0, "DIP3": 0.0, "DIP4": 36.543375, "DIRWEIGHT1": 0.2, "DIRWEIGHT2": 0.0, "DIRWEIGHT3": 0.0, "DIRWEIGHT4": 0.8 }, "geometry": { "type": "Polygon", "coordinates": [ [ [ 7.206742999889684, 45.572803000158501 ], [ 7.549395000279219, 45.869689999893751 ], [ 7.693132999888178, 45.94875400009721 ], [ 8.376093999638556, 46.388139999861266 ], [ 8.802371000121695, 46.148523999882855 ], [ 8.839502000117363, 46.133488999917574 ], [ 9.676175999922634, 45.803025000403636 ], [ 9.458978000434513, 45.470973999650539 ], [ 9.314070999976821, 45.265533000048094 ], [ 8.475530000409378, 44.71249799968308 ], [ 8.072137000322471, 44.105778000354576 ], [ 7.849988000046324, 44.102218999907109 ], [ 7.657177000118622, 44.145886000039013 ], [ 7.519383000325377, 44.734776000012573 ], [ 7.206742999889684, 45.572803000158501 ] ] ] } },
{ "type": "Feature", "properties": { "OBJECTID_1": 266.0, "LONC": 10.204918, "LATC": 45.79064, "IDAS": "ITAS285", "A": 3.4, "B": 1.0, "TECREG": "Active", "TECTONICS": "Active Shallow Crust", "SS": 20, "NF": 60, "TF": 20, "MINDEPTH": 7, "HYPODEPTH1": 7, "HYPODEPTH2": 10, "HYPODEPTH3": 0, "MAXDEPTH": 10, "WHDEPTH1": 0.3, "WHDEPTH2": 0.7, "WHDEPTH3": 0.0, "MAXMAG01": 7.0, "MAXMAG02": 7.2, "MAXMAG03": 7.4, "MAXMAG04": 7.6, "WMAXMAG01": 0.5, "WMAXMAG02": 0.2, "WMAXMAG03": 0.2, "WMAXMAG04": 0.1, "STRIKE1": 81.922182, "STRIKE2": 0.0, "STRIKE3": 267.3505, "STRIKE4": 283.118051, "DIP1": 36.111, "DIP2": 0.0, "DIP3": 31.584, "DIP4": 31.668308, "DIRWEIGHT1": 0.203704, "DIRWEIGHT2": 0.0, "DIRWEIGHT3": 0.074074, "DIRWEIGHT4": 0.722222 }, "geometry": { "type": "Polygon", "coordinates": [ [ [ 9.458978000434513, 45.470973999650539 ], [ 9.676175999922634, 45.803025000403636 ], [ 10.050596000305347, 45.791603999824872 ], [ 10.473694999924476, 46.016063999654023 ], [ 10.950856999750897, 46.268990000088593 ], [ 10.110472999729325, 45.312289999683912 ], [ 9.886473000428794, 45.327454000202124 ], [ 9.458978000434513, 45.470973999650539 ] ] ] } },
{ "type": "Feature", "properties": { "OBJECTID_1": 267.0, "LONC": 10.734185, "LATC": 45.771015, "IDAS": "ITAS286", "A": 3.7, "B": 1.0, "TECREG": "Active", "TECTONICS": "Active Shallow Crust", "SS": 20, "NF": 60, "TF": 20, "MINDEPTH": 7, "HYPODEPTH1": 7, "HYPODEPTH2": 10, "HYPODEPTH3": 0, "MAXDEPTH": 10, "WHDEPTH1": 0.3, "WHDEPTH2": 0.7, "WHDEPTH3": 0.0, "MAXMAG01": 7.0, "MAXMAG02": 7.2, "MAXMAG03": 7.4, "MAXMAG04": 7.6, "WMAXMAG01": 0.5, "WMAXMAG02": 0.2, "WMAXMAG03": 0.2, "WMAXMAG04": 0.1, "STRIKE1": 88.1036, "STRIKE2": 0.0, "STRIKE3": 228.832802, "STRIKE4": 271.46, "DIP1": 35.933, "DIP2": 0.0, "DIP3": 31.788934, "DIP4": 31.422, "DIRWEIGHT1": 0.046729, "DIRWEIGHT2": 0.0, "DIRWEIGHT3": 0.850467, "DIRWEIGHT4": 0.102804 }, "geometry": { "type": "Polygon", "coordinates": [ [ [ 10.110472999729325, 45.312289999683912 ], [ 10.950856999750897, 46.268990000088593 ], [ 11.357896999846844, 45.810193000007132 ], [ 11.269327000141118, 45.32724000022597 ], [ 10.661899999685374, 45.273041000042269 ], [ 10.110472999729325, 45.312289999683912 ] ] ] } },
{ "type": "Feature", "properties": { "OBJECTID_1": 268.0, "LONC": 11.739574, "LATC": 45.075443, "IDAS": "ITAS287", "A": 3.3, "B": 1.0, "TECREG": "Active", "TECTONICS": "Active Shallow Crust", "SS": 30, "NF": 5, "TF": 65, "MINDEPTH": 7, "HYPODEPTH1": 7, "HYPODEPTH2": 10, "HYPODEPTH3": 0, "MAXDEPTH": 10, "WHDEPTH1": 0.3, "WHDEPTH2": 0.7, "WHDEPTH3": 0.0, "MAXMAG01": 6.6, "MAXMAG02": 6.8, "MAXMAG03": 7.0, "MAXMAG04": 7.2, "WMAXMAG01": 0.5, "WMAXMAG02": 0.2, "WMAXMAG03": 0.2, "WMAXMAG04": 0.1, "STRIKE1": 86.402, "STRIKE2": 110.716282, "STRIKE3": 249.363542, "STRIKE4": 305.08951, "DIP1": 35.6845, "DIP2": 31.590308, "DIP3": 26.549125, "DIP4": 40.669156, "DIRWEIGHT1": 0.012422, "DIRWEIGHT2": 0.242236, "DIRWEIGHT3": 0.149068, "DIRWEIGHT4": 0.596273 }, "geometry": { "type": "Polygon", "coordinates": [ [ [ 9.314070999976821, 45.265533000048094 ], [ 9.458978000434513, 45.470973999650539 ], [ 9.886473000428794, 45.327454000202124 ], [ 10.110472999729325, 45.312289999683912 ], [ 10.661899999685374, 45.273041000042269 ], [ 11.269327000141118, 45.32724000022597 ], [ 11.690229000068484, 45.553504999656184 ], [ 12.074865000319676, 45.711917999716093 ], [ 12.232242000268286, 45.788855999904627 ], [ 12.638718999582352, 45.991566000370767 ], [ 13.159686999655491, 46.156036000061533 ], [ 13.54628200031425, 45.876566999567558 ], [ 13.866077999800041, 45.617827999962401 ], [ 14.126200167846468, 45.367751795860173 ], [ 13.85095999960447, 44.726789000412225 ], [ 13.339536999932761, 44.235523000386308 ], [ 13.089631000270629, 43.994849000181375 ], [ 12.395357999572184, 44.434109000430169 ], [ 12.052342000383192, 44.741680000032147 ], [ 11.919617999671118, 44.781051999950023 ], [ 11.457679000385724, 44.916168000353082 ], [ 10.824336000006554, 44.951595000009434 ], [ 10.537288999887608, 44.745726999601516 ], [ 10.01569399967849, 45.011756999985721 ], [ 9.314070999976821, 45.265533000048094 ] ] ] } },
{ "type": "Feature", "properties": { "OBJECTID_1": 270.0, "LONC": 6.79698, "LATC": 45.013293, "IDAS": "FRAS289", "A": 3.3, "B": 1.0, "TECREG": "Active", "TECTONICS": "Active Shallow Crust", "SS": 20, "NF": 60, "TF": 20, "MINDEPTH": 7, "HYPODEPTH1": 7, "HYPODEPTH2": 10, "HYPODEPTH3": 0, "MAXDEPTH": 10, "WHDEPTH1": 0.3, "WHDEPTH2": 0.7, "WHDEPTH3": 0.0, "MAXMAG01": 6.6, "MAXMAG02": 6.8, "MAXMAG03": 7.0, "MAXMAG04": 7.2, "WMAXMAG01": 0.5, "WMAXMAG02": 0.2, "WMAXMAG03": 0.2, "WMAXMAG04": 0.1, "STRIKE1": 40.215167, "STRIKE2": 0.0, "STRIKE3": 0.0, "STRIKE4": 334.199, "DIP1": 60.245833, "DIP2": 0.0, "DIP3": 0.0, "DIP4": 65.35939, "DIRWEIGHT1": 0.12766, "DIRWEIGHT2": 0.0, "DIRWEIGHT3": 0.0, "DIRWEIGHT4": 0.87234 }, "geometry": { "type": "Polygon", "coordinates": [ [ [ 6.538779000150896, 45.550999000103957 ], [ 6.56279999992023, 45.574147000084167 ], [ 6.59521400002626, 45.605194000103211 ], [ 6.798039000399683, 45.799735999816733 ], [ 6.928799999620423, 45.925568000163253 ], [ 7.693132999888178, 45.94875400009721 ], [ 7.549395000279219, 45.869689999893751 ], [ 7.206742999889684, 45.572803000158501 ], [ 6.833257000310482, 45.244719999828305 ], [ 7.000906000012037, 44.685932000361674 ], [ 7.15574599987815, 44.311829000208377 ], [ 7.216545999598338, 44.077832000346689 ], [ 6.669072000272763, 44.519885999939106 ], [ 6.511713000254929, 44.913335000110351 ], [ 6.412914000081173, 45.15861499958271 ], [ 6.538779000150896, 45.550999000103957 ] ] ] } },
{ "type": "Feature", "properties": { "OBJECTID_1": 271.0, "LONC": 7.245217, "LATC": 44.859344, "IDAS": "ITAS290", "A": 3.5, "B": 1.0, "TECREG": "Active", "TECTONICS": "Active Shallow Crust", "SS": 20, "NF": 60, "TF": 20, "MINDEPTH": 7, "HYPODEPTH1": 7, "HYPODEPTH2": 10, "HYPODEPTH3": 0, "MAXDEPTH": 10, "WHDEPTH1": 0.3, "WHDEPTH2": 0.7, "WHDEPTH3": 0.0, "MAXMAG01": 6.6, "MAXMAG02": 6.8, "MAXMAG03": 7.0, "MAXMAG04": 7.2, "WMAXMAG01": 0.5, "WMAXMAG02": 0.2, "WMAXMAG03": 0.2, "WMAXMAG04": 0.1, "STRIKE1": 0.0, "STRIKE2": 0.0, "STRIKE3": 0.0, "STRIKE4": 0.0, "DIP1": 0.0, "DIP2": 0.0, "DIP3": 0.0, "DIP4": 0.0, "DIRWEIGHT1": 0.0, "DIRWEIGHT2": 0.0, "DIRWEIGHT3": 0.0, "DIRWEIGHT4": 0.0 }, "geometry": { "type": "Polygon", "coordinates": [ [ [ 7.206742999889684, 45.572803000158501 ], [ 7.519383000325377, 44.734776000012573 ], [ 7.657177000118622, 44.145886000039013 ], [ 7.15574599987815, 44.311829000208377 ], [ 7.000906000012037, 44.685932000361674 ], [ 6.833257000310482, 45.244719999828305 ], [ 7.206742999889684, 45.572803000158501 ] ] ] } },
{ "type": "Feature", "properties": { "OBJECTID_1": 272.0, "LONC": 9.245612, "LATC": 44.774481, "IDAS": "ITAS291", "A": 3.3, "B": 1.0, "TECREG": "Active", "TECTONICS": "Active Shallow Crust", "SS": 10, "NF": 70, "TF": 20, "MINDEPTH": 7, "HYPODEPTH1": 7, "HYPODEPTH2": 10, "HYPODEPTH3": 0, "MAXDEPTH": 10, "WHDEPTH1": 0.3, "WHDEPTH2": 0.7, "WHDEPTH3": 0.0, "MAXMAG01": 7.3, "MAXMAG02": 7.5, "MAXMAG03": 7.7, "MAXMAG04": 7.9, "WMAXMAG01": 0.5, "WMAXMAG02": 0.2, "WMAXMAG03": 0.2, "WMAXMAG04": 0.1, "STRIKE1": 46.167, "STRIKE2": 113.6304, "STRIKE3": 0.0, "STRIKE4": 0.0, "DIP1": 29.468846, "DIP2": 27.2441, "DIP3": 0.0, "DIP4": 0.0, "DIRWEIGHT1": 0.565217, "DIRWEIGHT2": 0.434783, "DIRWEIGHT3": 0.0, "DIRWEIGHT4": 0.0 }, "geometry": { "type": "Polygon", "coordinates": [ [ [ 8.475530000409378, 44.71249799968308 ], [ 9.314070999976821, 45.265533000048094 ], [ 10.01569399967849, 45.011756999985721 ], [ 9.656718000135754, 44.669631999617252 ], [ 9.46114699973441, 44.471499999825312 ], [ 9.270210999937888, 44.283427999902415 ], [ 8.779481000348028, 44.549853999662503 ], [ 8.475530000409378, 44.71249799968308 ] ] ] } },
{ "type": "Feature", "properties": { "OBJECTID_1": 273.0, "LONC": 10.604898, "LATC": 44.574221, "IDAS": "ITAS292", "A": 3.95, "B": 1.0, "TECREG": "Active", "TECTONICS": "Active Shallow Crust", "SS": 10, "NF": 70, "TF": 20, "MINDEPTH": 12, "HYPODEPTH1": 2, "HYPODEPTH2": 10, "HYPODEPTH3": 18, "MAXDEPTH": 20, "WHDEPTH1": 0.1, "WHDEPTH2": 0.4, "WHDEPTH3": 0.5, "MAXMAG01": 7.3, "MAXMAG02": 7.5, "MAXMAG03": 7.7, "MAXMAG04": 7.9, "WMAXMAG01": 0.5, "WMAXMAG02": 0.2, "WMAXMAG03": 0.2, "WMAXMAG04": 0.1, "STRIKE1": 0.0, "STRIKE2": 116.572588, "STRIKE3": 0.0, "STRIKE4": 0.0, "DIP1": 0.0, "DIP2": 28.356539, "DIP3": 0.0, "DIP4": 0.0, "DIRWEIGHT1": 0.0, "DIRWEIGHT2": 1.0, "DIRWEIGHT3": 0.0, "DIRWEIGHT4": 0.0 }, "geometry": { "type": "Polygon", "coordinates": [ [ [ 9.656718000135754, 44.669631999617252 ], [ 10.01569399967849, 45.011756999985721 ], [ 10.537288999887608, 44.745726999601516 ], [ 11.137179999957198, 44.548514999967438 ], [ 11.553079000295781, 44.507702000147333 ], [ 11.32331000025647, 44.136684000166667 ], [ 10.699875999977564, 44.208865999566399 ], [ 9.656718000135754, 44.669631999617252 ] ] ] } },
{ "type": "Feature", "properties": { "OBJECTID_1": 274.0, "LONC": 11.466323, "LATC": 44.529024, "IDAS": "ITAS293", "A": 3.7, "B": 1.0, "TECREG": "Active", "TECTONICS": "Active Shallow Crust", "SS": 10, "NF": 70, "TF": 20, "MINDEPTH": 7, "HYPODEPTH1": 7, "HYPODEPTH2": 10, "HYPODEPTH3": 0, "MAXDEPTH": 10, "WHDEPTH1": 0.3, "WHDEPTH2": 0.7, "WHDEPTH3": 0.0, "MAXMAG01": 7.3, "MAXMAG02": 7.5, "MAXMAG03": 7.7, "MAXMAG04": 7.9, "WMAXMAG01": 0.5, "WMAXMAG02": 0.2, "WMAXMAG03": 0.2, "WMAXMAG04": 0.1, "STRIKE1": 66.131667, "STRIKE2": 116.261333, "STRIKE3": 0.0, "STRIKE4": 0.0, "DIP1": 35.373583, "DIP2": 30.106743, "DIP3": 0.0, "DIP4": 0.0, "DIRWEIGHT1": 0.186047, "DIRWEIGHT2": 0.813953, "DIRWEIGHT3": 0.0, "DIRWEIGHT4": 0.0 }, "geometry": { "type": "Polygon", "coordinates": [ [ [ 12.395357999572184, 44.434109000430169 ], [ 12.270122999776788, 44.106453000006127 ], [ 12.075720000178023, 44.29739400003325 ], [ 11.553079000295781, 44.507702000147333 ], [ 11.137179999957198, 44.548514999967438 ], [ 10.537288999887608, 44.745726999601516 ], [ 10.824336000006554, 44.951595000009434 ], [ 11.457679000385724, 44.916168000353082 ], [ 11.919617999671118, 44.781051999950023 ], [ 12.052342000383192, 44.741680000032147 ], [ 12.395357999572184, 44.434109000430169 ] ] ] } },
{ "type": "Feature", "properties": { "OBJECTID_1": 275.0, "LONC": 8.425809, "LATC": 44.409138, "IDAS": "ITAS294", "A": 3.4, "B": 1.0, "TECREG": "Active", "TECTONICS": "Active Shallow Crust", "SS": 10, "NF": 70, "TF": 20, "MINDEPTH": 7, "HYPODEPTH1": 7, "HYPODEPTH2": 10, "HYPODEPTH3": 0, "MAXDEPTH": 10, "WHDEPTH1": 0.3, "WHDEPTH2": 0.7, "WHDEPTH3": 0.0, "MAXMAG01": 6.6, "MAXMAG02": 6.8, "MAXMAG03": 7.0, "MAXMAG04": 7.2, "WMAXMAG01": 0.5, "WMAXMAG02": 0.2, "WMAXMAG03": 0.2, "WMAXMAG04": 0.1, "STRIKE1": 0.0, "STRIKE2": 0.0, "STRIKE3": 0.0, "STRIKE4": 0.0, "DIP1": 0.0, "DIP2": 0.0, "DIP3": 0.0, "DIP4": 0.0, "DIRWEIGHT1": 0.0, "DIRWEIGHT2": 0.0, "DIRWEIGHT3": 0.0, "DIRWEIGHT4": 0.0 }, "geometry": { "type": "Polygon", "coordinates": [ [ [ 8.475530000409378, 44.71249799968308 ], [ 8.779481000348028, 44.549853999662503 ], [ 8.45183000015453, 44.110915999873669 ], [ 8.072137000322471, 44.105778000354576 ], [ 8.475530000409378, 44.71249799968308 ] ] ] } },
{ "type": "Feature", "properties": { "OBJECTID_1": 276.0, "LONC": 10.788828, "LATC": 44.106039, "IDAS": "ITAS295", "A": 3.9, "B": 1.0, "TECREG": "Active", "TECTONICS": "Active Shallow Crust", "SS": 10, "NF": 70, "TF": 20, "MINDEPTH": 7, "HYPODEPTH1": 7, "HYPODEPTH2": 10, "HYPODEPTH3": 0, "MAXDEPTH": 10, "WHDEPTH1": 0.3, "WHDEPTH2": 0.7, "WHDEPTH3": 0.0, "MAXMAG01": 7.3, "MAXMAG02": 7.5, "MAXMAG03": 7.7, "MAXMAG04": 7.9, "WMAXMAG01": 0.5, "WMAXMAG02": 0.2, "WMAXMAG03": 0.2, "WMAXMAG04": 0.1, "STRIKE1": 0.0, "STRIKE2": 123.432857, "STRIKE3": 0.0, "STRIKE4": 311.01079, "DIP1": 0.0, "DIP2": 29.164333, "DIP3": 0.0, "DIP4": 34.07164, "DIRWEIGHT1": 0.0, "DIRWEIGHT2": 0.173554, "DIRWEIGHT3": 0.0, "DIRWEIGHT4": 0.826446 }, "geometry": { "type": "Polygon", "coordinates": [ [ [ 9.46114699973441, 44.471499999825312 ], [ 9.656718000135754, 44.669631999617252 ], [ 10.699875999977564, 44.208865999566399 ], [ 11.32331000025647, 44.136684000166667 ], [ 12.116509999836808, 43.793971999708162 ], [ 11.993236999687952, 43.542445999983102 ], [ 11.870222999791793, 43.658336999652988 ], [ 11.254692999782264, 43.954441000152201 ], [ 10.413174999626676, 43.987789000162422 ], [ 9.46114699973441, 44.471499999825312 ] ] ] } },
{ "type": "Feature", "properties": { "OBJECTID_1": 277.0, "LONC": 12.29815, "LATC": 41.257166, "IDAS": "ITAS296", "A": 4.0, "B": 1.0, "TECREG": "Active", "TECTONICS": "Active Shallow Crust", "SS": 20, "NF": 30, "TF": 50, "MINDEPTH": 0, "HYPODEPTH1": 2, "HYPODEPTH2": 10, "HYPODEPTH3": 18, "MAXDEPTH": 20, "WHDEPTH1": 0.1, "WHDEPTH2": 0.4, "WHDEPTH3": 0.5, "MAXMAG01": 6.6, "MAXMAG02": 6.8, "MAXMAG03": 7.0, "MAXMAG04": 7.2, "WMAXMAG01": 0.5, "WMAXMAG02": 0.2, "WMAXMAG03": 0.2, "WMAXMAG04": 0.1, "STRIKE1": 0.0, "STRIKE2": 0.0, "STRIKE3": 0.0, "STRIKE4": 302.218263, "DIP1": 0.0, "DIP2": 0.0, "DIP3": 0.0, "DIP4": 72.990105, "DIRWEIGHT1": 0.0, "DIRWEIGHT2": 0.0, "DIRWEIGHT3": 0.0, "DIRWEIGHT4": 1.0 }, "geometry": { "type": "Polygon", "coordinates": [ [ [ 8.45183000015453, 44.110915999873669 ], [ 8.779481000348028, 44.549853999662503 ], [ 9.270210999937888, 44.283427999902415 ], [ 10.075447999725554, 43.897949000346273 ], [ 10.226610999997831, 43.616527999767527 ], [ 10.386529000213329, 43.42458700038992 ], [ 11.34799400002322, 42.757839000069964 ], [ 11.99604100039204, 42.132747999820481 ], [ 12.280819000196857, 42.483452000109878 ], [ 12.542922000250257, 42.145256000164466 ], [ 12.701694999824554, 41.998119000291808 ], [ 12.356888999927548, 41.775860000338923 ], [ 12.637448000325094, 41.497391000094751 ], [ 13.050909999796829, 41.736827999912407 ], [ 13.33268100032808, 41.457592000270779 ], [ 13.604964000388463, 41.527168000003371 ], [ 14.141660000009153, 41.42026900041418 ], [ 14.693049000011513, 41.090649000251346 ], [ 13.779293999718448, 40.83262600038978 ], [ 13.913044000080674, 40.599524999579216 ], [ 14.997608000109267, 40.906006000176944 ], [ 15.027262999787752, 40.887923999992779 ], [ 15.547252999726311, 40.446705000235738 ], [ 15.763924000092686, 40.015564000278573 ], [ 16.012460999575637, 39.71391300028489 ], [ 16.032621000259098, 39.568240999622617 ], [ 16.144469999690898, 38.931598999994037 ], [ 16.016392000090889, 38.805812999970158 ], [ 15.892569999805801, 38.684352999791258 ], [ 15.710979000180885, 38.266765999851202 ], [ 15.529630000024667, 38.325829000408191 ], [ 15.317138999965039, 37.964478000159772 ], [ 14.993376000102501, 38.614482999990628 ], [ 14.644944000265582, 38.59768699975541 ], [ 15.121496999886801, 38.850371999868059 ], [ 15.259562999632863, 39.247841000162168 ], [ 14.783140999757507, 39.706558000151745 ], [ 13.79528299961089, 40.265305000425599 ], [ 12.807426999556526, 40.824054999938483 ], [ 11.901207999649614, 41.353878000069813 ], [ 10.9949899997888, 41.883701000201143 ], [ 10.137838999970029, 42.431404000194618 ], [ 9.015158000341614, 43.667150999619082 ], [ 8.760103999799924, 44.108212000183812 ], [ 8.45183000015453, 44.110915999873669 ] ] ] } },
{ "type": "Feature", "properties": { "OBJECTID_1": 278.0, "LONC": 11.796717, "LATC": 44.150837, "IDAS": "ITAS297", "A": 3.8, "B": 1.0, "TECREG": "Active", "TECTONICS": "Active Shallow Crust", "SS": 10, "NF": 70, "TF": 20, "MINDEPTH": 12, "HYPODEPTH1": 2, "HYPODEPTH2": 10, "HYPODEPTH3": 18, "MAXDEPTH": 20, "WHDEPTH1": 0.1, "WHDEPTH2": 0.4, "WHDEPTH3": 0.5, "MAXMAG01": 7.3, "MAXMAG02": 7.5, "MAXMAG03": 7.7, "MAXMAG04": 7.9, "WMAXMAG01": 0.5, "WMAXMAG02": 0.2, "WMAXMAG03": 0.2, "WMAXMAG04": 0.1, "STRIKE1": 0.0, "STRIKE2": 123.089794, "STRIKE3": 0.0, "STRIKE4": 0.0, "DIP1": 0.0, "DIP2": 30.649294, "DIP3": 0.0, "DIP4": 0.0, "DIRWEIGHT1": 0.0, "DIRWEIGHT2": 1.0, "DIRWEIGHT3": 0.0, "DIRWEIGHT4": 0.0 }, "geometry": { "type": "Polygon", "coordinates": [ [ [ 11.32331000025647, 44.136684000166667 ], [ 11.553079000295781, 44.507702000147333 ], [ 12.075720000178023, 44.29739400003325 ], [ 12.270122999776788, 44.106453000006127 ], [ 12.116509999836808, 43.793971999708162 ], [ 11.32331000025647, 44.136684000166667 ] ] ] } },
{ "type": "Feature", "properties": { "OBJECTID_1": 279.0, "LONC": 7.957925, "LATC": 43.898305, "IDAS": "ITAS298", "A": 3.6, "B": 1.0, "TECREG": "Active", "TECTONICS": "Active Shallow Crust", "SS": 10, "NF": 70, "TF": 20, "MINDEPTH": 7, "HYPODEPTH1": 7, "HYPODEPTH2": 10, "HYPODEPTH3": 0, "MAXDEPTH": 10, "WHDEPTH1": 0.3, "WHDEPTH2": 0.7, "WHDEPTH3": 0.0, "MAXMAG01": 6.9, "MAXMAG02": 7.1, "MAXMAG03": 7.3, "MAXMAG04": 7.5, "WMAXMAG01": 0.5, "WMAXMAG02": 0.2, "WMAXMAG03": 0.2, "WMAXMAG04": 0.1, "STRIKE1": 0.0, "STRIKE2": 0.0, "STRIKE3": 262.946167, "STRIKE4": 0.0, "DIP1": 0.0, "DIP2": 0.0, "DIP3": 29.159813, "DIP4": 0.0, "DIRWEIGHT1": 0.0, "DIRWEIGHT2": 0.0, "DIRWEIGHT3": 1.0, "DIRWEIGHT4": 0.0 }, "geometry": { "type": "Polygon", "coordinates": [ [ [ 7.15574599987815, 44.311829000208377 ], [ 7.657177000118622, 44.145886000039013 ], [ 7.849988000046324, 44.102218999907109 ], [ 8.072137000322471, 44.105778000354576 ], [ 8.45183000015453, 44.110915999873669 ], [ 8.760103999799924, 44.108212000183812 ], [ 7.924040000245952, 43.48478200008941 ], [ 7.224369999775831, 43.753163000072561 ], [ 7.216545999598338, 44.077832000346689 ], [ 7.15574599987815, 44.311829000208377 ] ] ] } },
{ "type": "Feature", "properties": { "OBJECTID_1": 280.0, "LONC": 10.570217, "LATC": 43.847179, "IDAS": "ITAS299", "A": 3.6, "B": 1.0, "TECREG": "Active", "TECTONICS": "Active Shallow Crust", "SS": 10, "NF": 70, "TF": 20, "MINDEPTH": 5, "HYPODEPTH1": 5, "HYPODEPTH2": 10, "HYPODEPTH3": 0, "MAXDEPTH": 7, "WHDEPTH1": 0.3, "WHDEPTH2": 0.7, "WHDEPTH3": 0.0, "MAXMAG01": 7.3, "MAXMAG02": 7.5, "MAXMAG03": 7.7, "MAXMAG04": 7.9, "WMAXMAG01": 0.5, "WMAXMAG02": 0.2, "WMAXMAG03": 0.2, "WMAXMAG04": 0.1, "STRIKE1": 0.0, "STRIKE2": 0.0, "STRIKE3": 0.0, "STRIKE4": 0.0, "DIP1": 0.0, "DIP2": 0.0, "DIP3": 0.0, "DIP4": 0.0, "DIRWEIGHT1": 0.0, "DIRWEIGHT2": 0.0, "DIRWEIGHT3": 0.0, "DIRWEIGHT4": 0.0 }, "geometry": { "type": "Polygon", "coordinates": [ [ [ 9.270210999937888, 44.283427999902415 ], [ 9.46114699973441, 44.471499999825312 ], [ 10.413174999626676, 43.987789000162422 ], [ 11.254692999782264, 43.954441000152201 ], [ 11.870222999791793, 43.658336999652988 ], [ 11.577986999600512, 43.222858000196709 ], [ 10.930689999643903, 43.686275000191245 ], [ 10.226610999997831, 43.616527999767527 ], [ 10.075447999725554, 43.897949000346273 ], [ 9.270210999937888, 44.283427999902415 ] ] ] } },
{ "type": "Feature", "properties": { "OBJECTID_1": 281.0, "LONC": 13.531544, "LATC": 43.403341, "IDAS": "ITAS300", "A": 3.7, "B": 1.0, "TECREG": "Active", "TECTONICS": "Active Shallow Crust", "SS": 10, "NF": 70, "TF": 20, "MINDEPTH": 7, "HYPODEPTH1": 7, "HYPODEPTH2": 10, "HYPODEPTH3": 0, "MAXDEPTH": 10, "WHDEPTH1": 0.3, "WHDEPTH2": 0.7, "WHDEPTH3": 0.0, "MAXMAG01": 7.3, "MAXMAG02": 7.5, "MAXMAG03": 7.7, "MAXMAG04": 7.9, "WMAXMAG01": 0.5, "WMAXMAG02": 0.2, "WMAXMAG03": 0.2, "WMAXMAG04": 0.1, "STRIKE1": 0.0, "STRIKE2": 135.673984, "STRIKE3": 180.5985, "STRIKE4": 273.387, "DIP1": 0.0, "DIP2": 35.239434, "DIP3": 37.7195, "DIP4": 75.675375, "DIRWEIGHT1": 0.0, "DIRWEIGHT2": 0.928058, "DIRWEIGHT3": 0.014388, "DIRWEIGHT4": 0.057554 }, "geometry": { "type": "Polygon", "coordinates": [ [ [ 12.270122999776788, 44.106453000006127 ], [ 12.395357999572184, 44.434109000430169 ], [ 13.089631000270629, 43.994849000181375 ], [ 13.784683000020607, 43.554288000191207 ], [ 14.007097999972871, 43.178297000206555 ], [ 14.079195999995591, 42.887671999663212 ], [ 14.181002000342232, 42.474834000189105 ], [ 14.372490999560171, 42.149933000008105 ], [ 14.279234000448923, 41.857188999772688 ], [ 13.541156000449234, 43.294296000360305 ], [ 12.270122999776788, 44.106453000006127 ] ] ] } },
{ "type": "Feature", "properties": { "OBJECTID_1": 282.0, "LONC": 14.752363, "LATC": 42.991246, "IDAS": "ITAS301", "A": 3.6, "B": 1.0, "TECREG": "Active", "TECTONICS": "Active Shallow Crust", "SS": 30, "NF": 5, "TF": 65, "MINDEPTH": 0, "HYPODEPTH1": 2, "HYPODEPTH2": 10, "HYPODEPTH3": 18, "MAXDEPTH": 20, "WHDEPTH1": 0.1, "WHDEPTH2": 0.4, "WHDEPTH3": 0.5, "MAXMAG01": 6.6, "MAXMAG02": 6.8, "MAXMAG03": 7.0, "MAXMAG04": 7.2, "WMAXMAG01": 0.5, "WMAXMAG02": 0.2, "WMAXMAG03": 0.2, "WMAXMAG04": 0.1, "STRIKE1": 0.0, "STRIKE2": 134.942039, "STRIKE3": 0.0, "STRIKE4": 283.914333, "DIP1": 0.0, "DIP2": 37.519039, "DIP3": 0.0, "DIP4": 67.317917, "DIRWEIGHT1": 0.0, "DIRWEIGHT2": 0.459459, "DIRWEIGHT3": 0.0, "DIRWEIGHT4": 0.540541 }, "geometry": { "type": "Polygon", "coordinates": [ [ [ 13.089631000270629, 43.994849000181375 ], [ 13.339536999932761, 44.235523000386308 ], [ 13.796919000411719, 43.85976700044688 ], [ 15.389723999962769, 42.628243999760969 ], [ 16.415094999734606, 41.954535000390138 ], [ 15.296317000229521, 41.951171999987992 ], [ 15.182438999860096, 41.927999999800306 ], [ 14.295408999925542, 41.746968999919602 ], [ 14.253577999924914, 41.775920999554671 ], [ 14.279234000448923, 41.857188999772688 ], [ 14.372490999560171, 42.149933000008105 ], [ 14.181002000342232, 42.474834000189105 ], [ 14.079195999995591, 42.887671999663212 ], [ 14.007097999972871, 43.178297000206555 ], [ 13.784683000020607, 43.554288000191207 ], [ 13.089631000270629, 43.994849000181375 ] ] ] } },
{ "type": "Feature", "properties": { "OBJECTID_1": 283.0, "LONC": 8.469599, "LATC": 43.598633, "IDAS": "ITAS302", "A": 2.5, "B": 1.0, "TECREG": "Active", "TECTONICS": "Active Shallow Crust", "SS": 10, "NF": 70, "TF": 20, "MINDEPTH": 0, "HYPODEPTH1": 2, "HYPODEPTH2": 10, "HYPODEPTH3": 18, "MAXDEPTH": 20, "WHDEPTH1": 0.1, "WHDEPTH2": 0.4, "WHDEPTH3": 0.5, "MAXMAG01": 6.9, "MAXMAG02": 7.1, "MAXMAG03": 7.3, "MAXMAG04": 7.5, "WMAXMAG01": 0.5, "WMAXMAG02": 0.2, "WMAXMAG03": 0.2, "WMAXMAG04": 0.1, "STRIKE1": 0.0, "STRIKE2": 0.0, "STRIKE3": 0.0, "STRIKE4": 0.0, "DIP1": 0.0, "DIP2": 0.0, "DIP3": 0.0, "DIP4": 0.0, "DIRWEIGHT1": 0.0, "DIRWEIGHT2": 0.0, "DIRWEIGHT3": 0.0, "DIRWEIGHT4": 0.0 }, "geometry": { "type": "Polygon", "coordinates": [ [ [ 7.924040000245952, 43.48478200008941 ], [ 8.760103999799924, 44.108212000183812 ], [ 9.015158000341614, 43.667150999619082 ], [ 8.542561999736677, 43.089055000088365 ], [ 7.924040000245952, 43.48478200008941 ] ] ] } },
{ "type": "Feature", "properties": { "OBJECTID_1": 284.0, "LONC": 13.197872, "LATC": 42.981821, "IDAS": "ITAS303", "A": 3.9613, "B": 1.0, "TECREG": "Active", "TECTONICS": "Active Shallow Crust", "SS": 10, "NF": 70, "TF": 20, "MINDEPTH": 12, "HYPODEPTH1": 2, "HYPODEPTH2": 10, "HYPODEPTH3": 18, "MAXDEPTH": 20, "WHDEPTH1": 0.1, "WHDEPTH2": 0.4, "WHDEPTH3": 0.5, "MAXMAG01": 7.3, "MAXMAG02": 7.5, "MAXMAG03": 7.7, "MAXMAG04": 7.9, "WMAXMAG01": 0.5, "WMAXMAG02": 0.2, "WMAXMAG03": 0.2, "WMAXMAG04": 0.1, "STRIKE1": 0.0, "STRIKE2": 141.337907, "STRIKE3": 180.023, "STRIKE4": 272.560286, "DIP1": 0.0, "DIP2": 33.673454, "DIP3": 37.667, "DIP4": 75.675571, "DIRWEIGHT1": 0.0, "DIRWEIGHT2": 0.960396, "DIRWEIGHT3": 0.00495, "DIRWEIGHT4": 0.034653 }, "geometry": { "type": "Polygon", "coordinates": [ [ [ 12.116509999836808, 43.793971999708162 ], [ 12.270122999776788, 44.106453000006127 ], [ 13.541156000449234, 43.294296000360305 ], [ 14.279234000448923, 41.857188999772688 ], [ 13.588532999898177, 42.522326999591542 ], [ 13.151795999985552, 43.028217000414429 ], [ 12.116509999836808, 43.793971999708162 ] ] ] } },
{ "type": "Feature", "properties": { "OBJECTID_1": 285.0, "LONC": 12.572517, "LATC": 43.229683, "IDAS": "ITAS304", "A": 4.0, "B": 1.0, "TECREG": "Active", "TECTONICS": "Active Shallow Crust", "SS": 10, "NF": 70, "TF": 20, "MINDEPTH": 7, "HYPODEPTH1": 7, "HYPODEPTH2": 10, "HYPODEPTH3": 0, "MAXDEPTH": 10, "WHDEPTH1": 0.3, "WHDEPTH2": 0.7, "WHDEPTH3": 0.0, "MAXMAG01": 7.3, "MAXMAG02": 7.5, "MAXMAG03": 7.7, "MAXMAG04": 7.9, "WMAXMAG01": 0.5, "WMAXMAG02": 0.2, "WMAXMAG03": 0.2, "WMAXMAG04": 0.1, "STRIKE1": 0.0, "STRIKE2": 140.278367, "STRIKE3": 0.0, "STRIKE4": 325.588746, "DIP1": 0.0, "DIP2": 34.02085, "DIP3": 0.0, "DIP4": 31.045366, "DIRWEIGHT1": 0.0, "DIRWEIGHT2": 0.458015, "DIRWEIGHT3": 0.0, "DIRWEIGHT4": 0.541985 }, "geometry": { "type": "Polygon", "coordinates": [ [ [ 11.993236999687952, 43.542445999983102 ], [ 12.116509999836808, 43.793971999708162 ], [ 13.151795999985552, 43.028217000414429 ], [ 12.766460999875392, 42.665393999733453 ], [ 12.412246999599517, 43.126456999990751 ], [ 11.993236999687952, 43.542445999983102 ] ] ] } },
{ "type": "Feature", "properties": { "OBJECTID_1": 286.0, "LONC": 11.253715, "LATC": 42.909512, "IDAS": "ITAS305", "A": 3.8, "B": 1.0, "TECREG": "Active", "TECTONICS": "Active Shallow Crust", "SS": 10, "NF": 70, "TF": 20, "MINDEPTH": 1, "HYPODEPTH1": 1, "HYPODEPTH2": 5, "HYPODEPTH3": 0, "MAXDEPTH": 5, "WHDEPTH1": 0.3, "WHDEPTH2": 0.7, "WHDEPTH3": 0.0, "MAXMAG01": 6.6, "MAXMAG02": 6.8, "MAXMAG03": 7.0, "MAXMAG04": 7.2, "WMAXMAG01": 0.5, "WMAXMAG02": 0.2, "WMAXMAG03": 0.2, "WMAXMAG04": 0.1, "STRIKE1": 0.0, "STRIKE2": 0.0, "STRIKE3": 0.0, "STRIKE4": 0.0, "DIP1": 0.0, "DIP2": 0.0, "DIP3": 0.0, "DIP4": 0.0, "DIRWEIGHT1": 0.0, "DIRWEIGHT2": 0.0, "DIRWEIGHT3": 0.0, "DIRWEIGHT4": 0.0 }, "geometry": { "type": "Polygon", "coordinates": [ [ [ 10.226610999997831, 43.616527999767527 ], [ 10.930689999643903, 43.686275000191245 ], [ 11.577986999600512, 43.222858000196709 ], [ 11.755551999725185, 43.093781000392994 ], [ 11.893586999840352, 42.961288000441016 ], [ 12.161645000216765, 42.635772999824269 ], [ 12.280819000196857, 42.483452000109878 ], [ 11.99604100039204, 42.132747999820481 ], [ 11.34799400002322, 42.757839000069964 ], [ 10.386529000213329, 43.42458700038992 ], [ 10.226610999997831, 43.616527999767527 ] ] ] } },
{ "type": "Feature", "properties": { "OBJECTID_1": 288.0, "LONC": 12.591475, "LATC": 42.557964, "IDAS": "ITAS307", "A": 3.9, "B": 1.0, "TECREG": "Active", "TECTONICS": "Active Shallow Crust", "SS": 10, "NF": 70, "TF": 20, "MINDEPTH": 5, "HYPODEPTH1": 5, "HYPODEPTH2": 10, "HYPODEPTH3": 0, "MAXDEPTH": 7, "WHDEPTH1": 0.3, "WHDEPTH2": 0.7, "WHDEPTH3": 0.0, "MAXMAG01": 7.3, "MAXMAG02": 7.5, "MAXMAG03": 7.7, "MAXMAG04": 7.9, "WMAXMAG01": 0.5, "WMAXMAG02": 0.2, "WMAXMAG03": 0.2, "WMAXMAG04": 0.1, "STRIKE1": 0.0, "STRIKE2": 132.88, "STRIKE3": 0.0, "STRIKE4": 292.087, "DIP1": 0.0, "DIP2": 48.776, "DIP3": 0.0, "DIP4": 33.525, "DIRWEIGHT1": 0.0, "DIRWEIGHT2": 0.818182, "DIRWEIGHT3": 0.0, "DIRWEIGHT4": 0.181818 }, "geometry": { "type": "Polygon", "coordinates": [ [ [ 11.577986999600512, 43.222858000196709 ], [ 11.870222999791793, 43.658336999652988 ], [ 11.993236999687952, 43.542445999983102 ], [ 12.412246999599517, 43.126456999990751 ], [ 12.766460999875392, 42.665393999733453 ], [ 12.938025000253731, 42.439087000165102 ], [ 13.530234000398934, 41.848178999761217 ], [ 13.604964000388463, 41.527168000003371 ], [ 13.33268100032808, 41.457592000270779 ], [ 13.050909999796829, 41.736827999912407 ], [ 12.750907000257996, 41.955196000295359 ], [ 12.701694999824554, 41.998119000291808 ], [ 12.542922000250257, 42.145256000164466 ], [ 12.280819000196857, 42.483452000109878 ], [ 12.161645000216765, 42.635772999824269 ], [ 11.893586999840352, 42.961288000441016 ], [ 11.755551999725185, 43.093781000392994 ], [ 11.577986999600512, 43.222858000196709 ] ] ] } },
{ "type": "Feature", "properties": { "OBJECTID_1": 289.0, "LONC": 13.522847, "LATC": 42.224243, "IDAS": "ITAS308", "A": 4.2, "B": 1.0, "TECREG": "Active", "TECTONICS": "Active Shallow Crust", "SS": 10, "NF": 70, "TF": 20, "MINDEPTH": 10, "HYPODEPTH1": 10, "HYPODEPTH2": 12, "HYPODEPTH3": 0, "MAXDEPTH": 12, "WHDEPTH1": 0.3, "WHDEPTH2": 0.7, "WHDEPTH3": 0.0, "MAXMAG01": 7.3, "MAXMAG02": 7.5, "MAXMAG03": 7.7, "MAXMAG04": 7.9, "WMAXMAG01": 0.5, "WMAXMAG02": 0.2, "WMAXMAG03": 0.2, "WMAXMAG04": 0.1, "STRIKE1": 0.0, "STRIKE2": 134.998793, "STRIKE3": 0.0, "STRIKE4": 313.174773, "DIP1": 0.0, "DIP2": 45.352818, "DIP3": 0.0, "DIP4": 34.901455, "DIRWEIGHT1": 0.0, "DIRWEIGHT2": 0.928339, "DIRWEIGHT3": 0.0, "DIRWEIGHT4": 0.071661 }, "geometry": { "type": "Polygon", "coordinates": [ [ [ 12.766460999875392, 42.665393999733453 ], [ 13.151795999985552, 43.028217000414429 ], [ 13.588532999898177, 42.522326999591542 ], [ 14.279234000448923, 41.857188999772688 ], [ 14.253577999924914, 41.775920999554671 ], [ 14.141660000009153, 41.42026900041418 ], [ 13.604964000388463, 41.527168000003371 ], [ 13.530234000398934, 41.848178999761217 ], [ 12.938025000253731, 42.439087000165102 ], [ 12.766460999875392, 42.665393999733453 ] ] ] } },
{ "type": "Feature", "properties": { "OBJECTID_1": 292.0, "LONC": 15.631144, "LATC": 41.726211, "IDAS": "ITAS311", "A": 4.2, "B": 1.0, "TECREG": "Active", "TECTONICS": "Active Shallow Crust", "SS": 30, "NF": 65, "TF": 5, "MINDEPTH": 12, "HYPODEPTH1": 2, "HYPODEPTH2": 10, "HYPODEPTH3": 18, "MAXDEPTH": 20, "WHDEPTH1": 0.1, "WHDEPTH2": 0.4, "WHDEPTH3": 0.5, "MAXMAG01": 7.7, "MAXMAG02": 7.9, "MAXMAG03": 8.1, "MAXMAG04": 8.3, "WMAXMAG01": 0.5, "WMAXMAG02": 0.2, "WMAXMAG03": 0.2, "WMAXMAG04": 0.1, "STRIKE1": 86.763056, "STRIKE2": 96.433034, "STRIKE3": 269.447176, "STRIKE4": 273.318667, "DIP1": 82.918569, "DIP2": 82.938034, "DIP3": 67.162, "DIP4": 79.511235, "DIRWEIGHT1": 0.426036, "DIRWEIGHT2": 0.171598, "DIRWEIGHT3": 0.100592, "DIRWEIGHT4": 0.301775 }, "geometry": { "type": "Polygon", "coordinates": [ [ [ 14.295408999925542, 41.746968999919602 ], [ 15.182438999860096, 41.927999999800306 ], [ 15.296317000229521, 41.951171999987992 ], [ 16.415094999734606, 41.954535000390138 ], [ 16.966877999919916, 41.932705000035867 ], [ 16.956879000165884, 41.628003999685006 ], [ 16.953433999579602, 41.523028999788664 ], [ 16.41146999984079, 41.537148999826627 ], [ 15.331385999564418, 41.55699999975036 ], [ 15.100180999853421, 41.536805000150821 ], [ 14.652620999959368, 41.497886999585546 ], [ 14.295408999925542, 41.746968999919602 ] ] ] } },
{ "type": "Feature", "properties": { "OBJECTID_1": 293.0, "LONC": 17.428185, "LATC": 40.319786, "IDAS": "ITAS312", "A": 3.9, "B": 1.0, "TECREG": "Active", "TECTONICS": "Active Shallow Crust", "SS": 35, "NF": 15, "TF": 50, "MINDEPTH": 0, "HYPODEPTH1": 2, "HYPODEPTH2": 10, "HYPODEPTH3": 18, "MAXDEPTH": 20, "WHDEPTH1": 0.1, "WHDEPTH2": 0.4, "WHDEPTH3": 0.5, "MAXMAG01": 6.6, "MAXMAG02": 6.8, "MAXMAG03": 7.0, "MAXMAG04": 7.2, "WMAXMAG01": 0.5, "WMAXMAG02": 0.2, "WMAXMAG03": 0.2, "WMAXMAG04": 0.1, "STRIKE1": 0.0, "STRIKE2": 0.0, "STRIKE3": 0.0, "STRIKE4": 319.95943, "DIP1": 0.0, "DIP2": 0.0, "DIP3": 0.0, "DIP4": 30.375203, "DIRWEIGHT1": 0.0, "DIRWEIGHT2": 0.0, "DIRWEIGHT3": 0.0, "DIRWEIGHT4": 1.0 }, "geometry": { "type": "Polygon", "coordinates": [ [ [ 14.652620999959368, 41.497886999585546 ], [ 15.100180999853421, 41.536805000150821 ], [ 15.331385999564418, 41.55699999975036 ], [ 16.41146999984079, 41.537148999826627 ], [ 16.953433999579602, 41.523028999788664 ], [ 16.956879000165884, 41.628003999685006 ], [ 16.966877999919916, 41.932705000035867 ], [ 17.606255999814721, 41.897444999986931 ], [ 19.181572000447602, 41.046134999730612 ], [ 19.062236726843651, 40.587654791235821 ], [ 18.616294939160298, 39.633621228537038 ], [ 18.968953999927294, 39.47908499987301 ], [ 19.222569999805785, 40.290941000027317 ], [ 20.203748000370069, 38.900255999814704 ], [ 20.200000000200021, 38.600000000299929 ], [ 19.482133909418923, 38.200000000000173 ], [ 18.812335999906622, 38.816193000206965 ], [ 18.540405999937093, 39.043834000139157 ], [ 18.194306999768401, 39.333622999901706 ], [ 17.961304999925972, 39.565929000023516 ], [ 17.830356000129484, 39.696486999775402 ], [ 17.807840999662574, 39.712739000104932 ], [ 17.297158999988028, 40.081370999771991 ], [ 16.902269999960708, 40.377500999671554 ], [ 16.759432999633418, 40.484914999627676 ], [ 16.909999000253833, 40.481932999708363 ], [ 17.168516000413263, 40.47682899995857 ], [ 17.169635999901629, 40.653953999577595 ], [ 15.664709999666911, 40.710892000165813 ], [ 15.447919000061972, 40.93217500007637 ], [ 15.908801000066262, 40.936452000359679 ], [ 16.52721900015689, 40.942298000152732 ], [ 16.52530900021037, 41.305229000418194 ], [ 14.991631999717185, 41.292108999730715 ], [ 14.94500099959663, 41.291710000216483 ], [ 14.652620999959368, 41.497886999585546 ] ] ] } },
{ "type": "Feature", "properties": { "OBJECTID_1": 294.0, "LONC": 15.275373, "LATC": 40.741873, "IDAS": "ITAS313", "A": 3.9, "B": 0.9, "TECREG": "Active", "TECTONICS": "Active Shallow Crust", "SS": 30, "NF": 65, "TF": 5, "MINDEPTH": 10, "HYPODEPTH1": 10, "HYPODEPTH2": 12, "HYPODEPTH3": 0, "MAXDEPTH": 12, "WHDEPTH1": 0.3, "WHDEPTH2": 0.7, "WHDEPTH3": 0.0, "MAXMAG01": 7.7, "MAXMAG02": 7.9, "MAXMAG03": 8.1, "MAXMAG04": 8.3, "WMAXMAG01": 0.5, "WMAXMAG02": 0.2, "WMAXMAG03": 0.2, "WMAXMAG04": 0.1, "STRIKE1": 0.0, "STRIKE2": 136.593182, "STRIKE3": 269.447, "STRIKE4": 310.033698, "DIP1": 0.0, "DIP2": 63.560273, "DIP3": 67.162, "DIP4": 59.407872, "DIRWEIGHT1": 0.0, "DIRWEIGHT2": 0.105769, "DIRWEIGHT3": 0.033654, "DIRWEIGHT4": 0.860577 }, "geometry": { "type": "Polygon", "coordinates": [ [ [ 14.141660000009153, 41.42026900041418 ], [ 14.253577999924914, 41.775920999554671 ], [ 14.295408999925542, 41.746968999919602 ], [ 14.652620999959368, 41.497886999585546 ], [ 14.94500099959663, 41.291710000216483 ], [ 15.447919000061972, 40.93217500007637 ], [ 15.664709999666911, 40.710892000165813 ], [ 15.867089000157421, 40.502524999629202 ], [ 15.997736999563017, 40.367176000172435 ], [ 16.157877000123619, 40.057781000093257 ], [ 16.409085999619379, 39.707825000123819 ], [ 16.012460999575637, 39.71391300028489 ], [ 15.763924000092686, 40.015564000278573 ], [ 15.547252999726311, 40.446705000235738 ], [ 15.027262999787752, 40.887923999992779 ], [ 14.997608000109267, 40.906006000176944 ], [ 14.693049000011513, 41.090649000251346 ], [ 14.141660000009153, 41.42026900041418 ] ] ] } },
{ "type": "Feature", "properties": { "OBJECTID_1": 295.0, "LONC": 19.015857, "LATC": 40.26261, "IDAS": "ALAS314", "A": 3.8, "B": 1.0, "TECREG": "Active", "TECTONICS": "Active Shallow Crust", "SS": 40, "NF": 10, "TF": 50, "MINDEPTH": 10, "HYPODEPTH1": 10, "HYPODEPTH2": 12, "HYPODEPTH3": 0, "MAXDEPTH": 12, "WHDEPTH1": 0.3, "WHDEPTH2": 0.7, "WHDEPTH3": 0.0, "MAXMAG01": 7.4, "MAXMAG02": 7.6, "MAXMAG03": 7.8, "MAXMAG04": 8.0, "WMAXMAG01": 0.5, "WMAXMAG02": 0.2, "WMAXMAG03": 0.2, "WMAXMAG04": 0.1, "STRIKE1": 0.0, "STRIKE2": 0.0, "STRIKE3": 0.0, "STRIKE4": 0.0, "DIP1": 0.0, "DIP2": 0.0, "DIP3": 0.0, "DIP4": 0.0, "DIRWEIGHT1": 0.0, "DIRWEIGHT2": 0.0, "DIRWEIGHT3": 0.0, "DIRWEIGHT4": 0.0 }, "geometry": { "type": "Polygon", "coordinates": [ [ [ 19.222569999805728, 40.290941000027431 ], [ 18.968953999927237, 39.479084999873066 ], [ 18.616294939160412, 39.633621228537038 ], [ 19.062236726843651, 40.587654791235934 ], [ 19.230645999913179, 40.539546999994286 ], [ 19.222569999805728, 40.290941000027431 ] ] ] } },
{ "type": "Feature", "properties": { "OBJECTID_1": 296.0, "LONC": 15.73611, "LATC": 41.118702, "IDAS": "ITAS315", "A": 3.8, "B": 1.0, "TECREG": "Active", "TECTONICS": "Active Shallow Crust", "SS": 30, "NF": 65, "TF": 5, "MINDEPTH": 12, "HYPODEPTH1": 2, "HYPODEPTH2": 10, "HYPODEPTH3": 18, "MAXDEPTH": 20, "WHDEPTH1": 0.1, "WHDEPTH2": 0.4, "WHDEPTH3": 0.5, "MAXMAG01": 7.7, "MAXMAG02": 7.9, "MAXMAG03": 8.1, "MAXMAG04": 8.3, "WMAXMAG01": 0.5, "WMAXMAG02": 0.2, "WMAXMAG03": 0.2, "WMAXMAG04": 0.1, "STRIKE1": 89.918182, "STRIKE2": 0.0, "STRIKE3": 0.0, "STRIKE4": 273.925629, "DIP1": 75.675, "DIP2": 0.0, "DIP3": 0.0, "DIP4": 70.505814, "DIRWEIGHT1": 0.23913, "DIRWEIGHT2": 0.0, "DIRWEIGHT3": 0.0, "DIRWEIGHT4": 0.76087 }, "geometry": { "type": "Polygon", "coordinates": [ [ [ 15.447919000061972, 40.93217500007637 ], [ 14.94500099959663, 41.291710000216483 ], [ 14.991631999717185, 41.292108999730715 ], [ 16.52530900021037, 41.305229000418194 ], [ 16.52721900015689, 40.942298000152732 ], [ 15.908801000066262, 40.936452000359679 ], [ 15.447919000061972, 40.93217500007637 ] ] ] } },
{ "type": "Feature", "properties": { "OBJECTID_1": 297.0, "LONC": 14.388451, "LATC": 40.845087, "IDAS": "ITAS316", "A": 3.7, "B": 1.0, "TECREG": "Active", "TECTONICS": "Active Shallow Crust", "SS": 10, "NF": 70, "TF": 20, "MINDEPTH": 1, "HYPODEPTH1": 1, "HYPODEPTH2": 5, "HYPODEPTH3": 0, "MAXDEPTH": 5, "WHDEPTH1": 0.3, "WHDEPTH2": 0.7, "WHDEPTH3": 0.0, "MAXMAG01": 6.6, "MAXMAG02": 6.8, "MAXMAG03": 7.0, "MAXMAG04": 7.2, "WMAXMAG01": 0.5, "WMAXMAG02": 0.2, "WMAXMAG03": 0.2, "WMAXMAG04": 0.1, "STRIKE1": 0.0, "STRIKE2": 0.0, "STRIKE3": 0.0, "STRIKE4": 0.0, "DIP1": 0.0, "DIP2": 0.0, "DIP3": 0.0, "DIP4": 0.0, "DIRWEIGHT1": 0.0, "DIRWEIGHT2": 0.0, "DIRWEIGHT3": 0.0, "DIRWEIGHT4": 0.0 }, "geometry": { "type": "Polygon", "coordinates": [ [ [ 14.693049000011513, 41.090649000251346 ], [ 14.997608000109267, 40.906006000176944 ], [ 13.913044000080674, 40.599524999579216 ], [ 13.779293999718448, 40.83262600038978 ], [ 14.693049000011513, 41.090649000251346 ] ] ] } },
{ "type": "Feature", "properties": { "OBJECTID_1": 298.0, "LONC": 16.417173, "LATC": 40.59386, "IDAS": "ITAS317", "A": 3.6, "B": 1.0, "TECREG": "Active", "TECTONICS": "Active Shallow Crust", "SS": 30, "NF": 65, "TF": 5, "MINDEPTH": 12, "HYPODEPTH1": 2, "HYPODEPTH2": 10, "HYPODEPTH3": 18, "MAXDEPTH": 20, "WHDEPTH1": 0.1, "WHDEPTH2": 0.4, "WHDEPTH3": 0.5, "MAXMAG01": 7.7, "MAXMAG02": 7.9, "MAXMAG03": 8.1, "MAXMAG04": 8.3, "WMAXMAG01": 0.5, "WMAXMAG02": 0.2, "WMAXMAG03": 0.2, "WMAXMAG04": 0.1, "STRIKE1": 0.0, "STRIKE2": 0.0, "STRIKE3": 0.0, "STRIKE4": 273.482479, "DIP1": 0.0, "DIP2": 0.0, "DIP3": 0.0, "DIP4": 82.906, "DIRWEIGHT1": 0.0, "DIRWEIGHT2": 0.0, "DIRWEIGHT3": 0.0, "DIRWEIGHT4": 1.0 }, "geometry": { "type": "Polygon", "coordinates": [ [ [ 16.759432999633418, 40.484914999627676 ], [ 15.867089000157421, 40.502524999629202 ], [ 15.664709999666911, 40.710892000165813 ], [ 17.169635999901629, 40.653953999577595 ], [ 17.168516000413263, 40.47682899995857 ], [ 16.909999000253833, 40.481932999708363 ], [ 16.759432999633418, 40.484914999627676 ] ] ] } },
{ "type": "Feature", "properties": { "OBJECTID_1": 299.0, "LONC": 17.548906, "LATC": 38.016539, "IDAS": "ITAS318", "A": 3.9, "B": 1.0, "TECREG": "Active", "TECTONICS": "Active Shallow Crust", "SS": 35, "NF": 15, "TF": 50, "MINDEPTH": 0, "HYPODEPTH1": 2, "HYPODEPTH2": 10, "HYPODEPTH3": 18, "MAXDEPTH": 20, "WHDEPTH1": 0.1, "WHDEPTH2": 0.4, "WHDEPTH3": 0.5, "MAXMAG01": 8.0, "MAXMAG02": 8.2, "MAXMAG03": 8.4, "MAXMAG04": 8.6, "WMAXMAG01": 0.5, "WMAXMAG02": 0.2, "WMAXMAG03": 0.2, "WMAXMAG04": 0.1, "STRIKE1": 20.255, "STRIKE2": 165.904063, "STRIKE3": 227.187402, "STRIKE4": 274.855708, "DIP1": 30.661, "DIP2": 23.588979, "DIP3": 11.932067, "DIP4": 9.957729, "DIRWEIGHT1": 0.000667, "DIRWEIGHT2": 0.032021, "DIRWEIGHT3": 0.93529, "DIRWEIGHT4": 0.032021 }, "geometry": { "type": "Polygon", "coordinates": [ [ [ 15.198801999912519, 37.570660000059149 ], [ 15.218432000436621, 37.719958999808171 ], [ 15.231280000271965, 37.817332999918165 ], [ 15.390162000376165, 37.793689999593994 ], [ 15.859719000231848, 37.942932000311714 ], [ 16.158593999913307, 37.871082000034448 ], [ 16.297047999565677, 38.198929000273324 ], [ 16.67344100010223, 38.725941000277089 ], [ 17.156128000207218, 38.915625999940119 ], [ 17.105782999685857, 39.697951999885049 ], [ 16.409085999619379, 39.707825000123819 ], [ 16.157877000123619, 40.057781000093257 ], [ 15.997736999563017, 40.367176000172435 ], [ 15.867089000157421, 40.502524999629202 ], [ 16.759432999633418, 40.484914999627676 ], [ 16.902269999960708, 40.377500999671554 ], [ 17.297158999988028, 40.081370999771991 ], [ 17.807840999662574, 39.712739000104932 ], [ 17.830356000129484, 39.696486999775402 ], [ 17.961304999925972, 39.565929000023516 ], [ 18.194306999768401, 39.333622999901706 ], [ 18.540405999937093, 39.043834000139157 ], [ 18.812335999906622, 38.816193000206965 ], [ 19.482133909418923, 38.200000000000173 ], [ 18.282133909418906, 35.600000000000136 ], [ 16.875894000407982, 35.530551999875058 ], [ 16.130089000207363, 35.667723999762927 ], [ 15.699843000154488, 36.262100000015153 ], [ 15.459374999556758, 36.706709999666941 ], [ 15.346196999991719, 36.915280999718505 ], [ 15.198801999912519, 37.570660000059149 ] ] ] } },
{ "type": "Feature", "properties": { "OBJECTID_1": 300.0, "LONC": 16.081173, "LATC": 38.753802, "IDAS": "ITAS319", "A": 3.9, "B": 0.9, "TECREG": "Active", "TECTONICS": "Active Shallow Crust", "SS": 30, "NF": 65, "TF": 5, "MINDEPTH": 10, "HYPODEPTH1": 10, "HYPODEPTH2": 12, "HYPODEPTH3": 0, "MAXDEPTH": 12, "WHDEPTH1": 0.3, "WHDEPTH2": 0.7, "WHDEPTH3": 0.0, "MAXMAG01": 7.7, "MAXMAG02": 7.9, "MAXMAG03": 8.1, "MAXMAG04": 8.3, "WMAXMAG01": 0.5, "WMAXMAG02": 0.2, "WMAXMAG03": 0.2, "WMAXMAG04": 0.1, "STRIKE1": 25.322861, "STRIKE2": 147.194, "STRIKE3": 181.0645, "STRIKE4": 288.159071, "DIP1": 28.564215, "DIP2": 62.3886, "DIP3": 57.6083, "DIP4": 72.026571, "DIRWEIGHT1": 0.576642, "DIRWEIGHT2": 0.145985, "DIRWEIGHT3": 0.072993, "DIRWEIGHT4": 0.20438 }, "geometry": { "type": "Polygon", "coordinates": [ [ [ 15.231280000271965, 37.817332999918165 ], [ 15.317138999965039, 37.964478000159772 ], [ 15.529630000024667, 38.325829000408191 ], [ 15.710979000180885, 38.266765999851202 ], [ 15.892569999805801, 38.684352999791258 ], [ 16.016392000090889, 38.805812999970158 ], [ 16.144469999690898, 38.931598999994037 ], [ 16.032621000259098, 39.568240999622617 ], [ 16.012460999575637, 39.71391300028489 ], [ 16.409085999619379, 39.707825000123819 ], [ 16.600388000106307, 39.55482100038904 ], [ 16.647767999693599, 38.906994000273073 ], [ 16.43387599977774, 38.78510300000363 ], [ 16.011159999834263, 38.17203500021526 ], [ 15.859719000231848, 37.942932000311714 ], [ 15.390162000376165, 37.793689999593994 ], [ 15.231280000271965, 37.817332999918165 ] ] ] } },
{ "type": "Feature", "properties": { "OBJECTID_1": 301.0, "LONC": 16.507924, "LATC": 38.789454, "IDAS": "ITAS320", "A": 4.0, "B": 1.0, "TECREG": "Active", "TECTONICS": "Active Shallow Crust", "SS": 30, "NF": 65, "TF": 5, "MINDEPTH": 10, "HYPODEPTH1": 10, "HYPODEPTH2": 12, "HYPODEPTH3": 0, "MAXDEPTH": 12, "WHDEPTH1": 0.3, "WHDEPTH2": 0.7, "WHDEPTH3": 0.0, "MAXMAG01": 7.7, "MAXMAG02": 7.9, "MAXMAG03": 8.1, "MAXMAG04": 8.3, "WMAXMAG01": 0.5, "WMAXMAG02": 0.2, "WMAXMAG03": 0.2, "WMAXMAG04": 0.1, "STRIKE1": 0.0, "STRIKE2": 147.223375, "STRIKE3": 187.722583, "STRIKE4": 289.597125, "DIP1": 0.0, "DIP2": 37.458281, "DIP3": 27.686333, "DIP4": 71.4185, "DIRWEIGHT1": 0.0, "DIRWEIGHT2": 0.533333, "DIRWEIGHT3": 0.2, "DIRWEIGHT4": 0.266667 }, "geometry": { "type": "Polygon", "coordinates": [ [ [ 15.859719000231848, 37.942932000311714 ], [ 16.011159999834263, 38.17203500021526 ], [ 16.43387599977774, 38.78510300000363 ], [ 16.647767999693599, 38.906994000273073 ], [ 16.600388000106307, 39.55482100038904 ], [ 16.409085999619379, 39.707825000123819 ], [ 17.105782999685857, 39.697951999885049 ], [ 17.156128000207218, 38.915625999940119 ], [ 16.67344100010223, 38.725941000277089 ], [ 16.297047999565677, 38.198929000273324 ], [ 16.158593999913307, 37.871082000034448 ], [ 15.859719000231848, 37.942932000311714 ] ] ] } },
{ "type": "Feature", "properties": { "OBJECTID_1": 302.0, "LONC": 14.981041, "LATC": 38.215908, "IDAS": "ITAS321", "A": 4.3, "B": 1.1, "TECREG": "Active", "TECTONICS": "Active Shallow Crust", "SS": 30, "NF": 65, "TF": 5, "MINDEPTH": 12, "HYPODEPTH1": 2, "HYPODEPTH2": 10, "HYPODEPTH3": 18, "MAXDEPTH": 20, "WHDEPTH1": 0.1, "WHDEPTH2": 0.4, "WHDEPTH3": 0.5, "MAXMAG01": 7.7, "MAXMAG02": 7.9, "MAXMAG03": 8.1, "MAXMAG04": 8.3, "WMAXMAG01": 0.5, "WMAXMAG02": 0.2, "WMAXMAG03": 0.2, "WMAXMAG04": 0.1, "STRIKE1": 0.0, "STRIKE2": 0.0, "STRIKE3": 0.0, "STRIKE4": 338.963569, "DIP1": 0.0, "DIP2": 0.0, "DIP3": 0.0, "DIP4": 75.750892, "DIRWEIGHT1": 0.0, "DIRWEIGHT2": 0.0, "DIRWEIGHT3": 0.0, "DIRWEIGHT4": 1.0 }, "geometry": { "type": "Polygon", "coordinates": [ [ [ 15.317138999965039, 37.964478000159772 ], [ 15.231280000271965, 37.817332999918165 ], [ 15.172050000107561, 37.835785000077863 ], [ 14.998373000313904, 37.835777999755067 ], [ 14.985673000109045, 37.86389200031573 ], [ 14.850434000329017, 38.157046999719455 ], [ 14.750373999560622, 38.371839999816302 ], [ 14.644944000265582, 38.59768699975541 ], [ 14.993376000102501, 38.614482999990628 ], [ 15.317138999965039, 37.964478000159772 ] ] ] } },
{ "type": "Feature", "properties": { "OBJECTID_1": 303.0, "LONC": 13.668344, "LATC": 38.399336, "IDAS": "ITAS322", "A": 3.9, "B": 1.0, "TECREG": "Active", "TECTONICS": "Active Shallow Crust", "SS": 20, "NF": 30, "TF": 50, "MINDEPTH": 0, "HYPODEPTH1": 2, "HYPODEPTH2": 10, "HYPODEPTH3": 18, "MAXDEPTH": 20, "WHDEPTH1": 0.1, "WHDEPTH2": 0.4, "WHDEPTH3": 0.5, "MAXMAG01": 7.7, "MAXMAG02": 7.9, "MAXMAG03": 8.1, "MAXMAG04": 8.3, "WMAXMAG01": 0.5, "WMAXMAG02": 0.2, "WMAXMAG03": 0.2, "WMAXMAG04": 0.1, "STRIKE1": 84.203909, "STRIKE2": 94.825968, "STRIKE3": 261.994721, "STRIKE4": 275.842167, "DIP1": 21.708825, "DIP2": 22.165048, "DIP3": 47.71886, "DIP4": 48.201667, "DIRWEIGHT1": 0.471947, "DIRWEIGHT2": 0.20462, "DIRWEIGHT3": 0.283828, "DIRWEIGHT4": 0.039604 }, "geometry": { "type": "Polygon", "coordinates": [ [ [ 12.586314000291054, 38.499157000295497 ], [ 13.4281780002147, 38.58198200036918 ], [ 14.644944000265582, 38.59768699975541 ], [ 14.750373999560622, 38.371839999816302 ], [ 13.502569999905745, 38.320885999989059 ], [ 13.200893999658547, 38.28109799977301 ], [ 13.106604999721128, 38.268689000397217 ], [ 12.600074999961464, 38.200984999758077 ], [ 12.590638000043839, 38.404245000406604 ], [ 12.586314000291054, 38.499157000295497 ] ] ] } },
{ "type": "Feature", "properties": { "OBJECTID_1": 304.0, "LONC": 14.010158, "LATC": 38.001454, "IDAS": "ITAS323", "A": 4.3, "B": 1.1, "TECREG": "Active", "TECTONICS": "Active Shallow Crust", "SS": 20, "NF": 30, "TF": 50, "MINDEPTH": 7, "HYPODEPTH1": 7, "HYPODEPTH2": 10, "HYPODEPTH3": 0, "MAXDEPTH": 10, "WHDEPTH1": 0.3, "WHDEPTH2": 0.7, "WHDEPTH3": 0.0, "MAXMAG01": 6.6, "MAXMAG02": 6.8, "MAXMAG03": 7.0, "MAXMAG04": 7.2, "WMAXMAG01": 0.5, "WMAXMAG02": 0.2, "WMAXMAG03": 0.2, "WMAXMAG04": 0.1, "STRIKE1": 0.0, "STRIKE2": 0.0, "STRIKE3": 0.0, "STRIKE4": 0.0, "DIP1": 0.0, "DIP2": 0.0, "DIP3": 0.0, "DIP4": 0.0, "DIRWEIGHT1": 0.0, "DIRWEIGHT2": 0.0, "DIRWEIGHT3": 0.0, "DIRWEIGHT4": 0.0 }, "geometry": { "type": "Polygon", "coordinates": [ [ [ 13.034642999674872, 38.031037000157596 ], [ 13.125712999555446, 38.224702999943645 ], [ 14.239688999747727, 38.068435999921633 ], [ 14.850434000329017, 38.157046999719455 ], [ 14.985673000109045, 37.86389200031573 ], [ 14.210601000136194, 37.77820499956124 ], [ 13.351505999702283, 37.960467999598677 ], [ 13.034642999674872, 38.031037000157596 ] ] ] } },
{ "type": "Feature", "properties": { "OBJECTID_1": 305.0, "LONC": 13.073771, "LATC": 37.756903, "IDAS": "ITAS324", "A": 3.9, "B": 1.09, "TECREG": "Active", "TECTONICS": "Active Shallow Crust", "SS": 30, "NF": 20, "TF": 50, "MINDEPTH": 7, "HYPODEPTH1": 7, "HYPODEPTH2": 10, "HYPODEPTH3": 0, "MAXDEPTH": 10, "WHDEPTH1": 0.3, "WHDEPTH2": 0.7, "WHDEPTH3": 0.0, "MAXMAG01": 6.6, "MAXMAG02": 6.8, "MAXMAG03": 7.0, "MAXMAG04": 7.2, "WMAXMAG01": 0.5, "WMAXMAG02": 0.2, "WMAXMAG03": 0.2, "WMAXMAG04": 0.1, "STRIKE1": 0.0, "STRIKE2": 0.0, "STRIKE3": 0.0, "STRIKE4": 288.470478, "DIP1": 0.0, "DIP2": 0.0, "DIP3": 0.0, "DIP4": 31.758261, "DIRWEIGHT1": 0.0, "DIRWEIGHT2": 0.0, "DIRWEIGHT3": 0.0, "DIRWEIGHT4": 1.0 }, "geometry": { "type": "Polygon", "coordinates": [ [ [ 12.796037000407409, 37.522919000011996 ], [ 12.868269000314285, 37.67708000004211 ], [ 13.034642999674872, 38.031037000157596 ], [ 13.351505999702283, 37.960467999598677 ], [ 13.114466999852311, 37.534719000081964 ], [ 13.085195999895632, 37.482770000235462 ], [ 12.796037000407409, 37.522919000011996 ] ] ] } },
{ "type": "Feature", "properties": { "OBJECTID_1": 307.0, "LONC": 14.88052, "LATC": 37.219729, "IDAS": "ITAS326", "A": 2.8, "B": 0.8, "TECREG": "Active", "TECTONICS": "Active Shallow Crust", "SS": 20, "NF": 30, "TF": 50, "MINDEPTH": 12, "HYPODEPTH1": 2, "HYPODEPTH2": 10, "HYPODEPTH3": 18, "MAXDEPTH": 20, "WHDEPTH1": 0.1, "WHDEPTH2": 0.4, "WHDEPTH3": 0.5, "MAXMAG01": 7.7, "MAXMAG02": 7.9, "MAXMAG03": 8.1, "MAXMAG04": 8.3, "WMAXMAG01": 0.5, "WMAXMAG02": 0.2, "WMAXMAG03": 0.2, "WMAXMAG04": 0.1, "STRIKE1": 57.751833, "STRIKE2": 0.0, "STRIKE3": 196.527918, "STRIKE4": 0.0, "DIP1": 44.349, "DIP2": 0.0, "DIP3": 65.63867, "DIP4": 0.0, "DIRWEIGHT1": 0.156522, "DIRWEIGHT2": 0.0, "DIRWEIGHT3": 0.843478, "DIRWEIGHT4": 0.0 }, "geometry": { "type": "Polygon", "coordinates": [ [ [ 14.318798025408682, 37.186908418289022 ], [ 15.075577000178555, 37.559738000008849 ], [ 15.198801999912519, 37.570660000059149 ], [ 15.346196999991719, 36.915280999718505 ], [ 14.748060999915367, 36.599944999961963 ], [ 14.318798025408682, 37.186908418289022 ] ] ] } },
{ "type": "Feature", "properties": { "OBJECTID_1": 308.0, "LONC": 10.904057, "LATC": 46.340255, "IDAS": "ITAS327", "A": 3.2, "B": 1.0, "TECREG": "Active", "TECTONICS": "Active Shallow Crust", "SS": 70, "NF": 25, "TF": 5, "MINDEPTH": 7, "HYPODEPTH1": 7, "HYPODEPTH2": 10, "HYPODEPTH3": 0, "MAXDEPTH": 10, "WHDEPTH1": 0.3, "WHDEPTH2": 0.7, "WHDEPTH3": 0.0, "MAXMAG01": 6.6, "MAXMAG02": 6.8, "MAXMAG03": 7.0, "MAXMAG04": 7.2, "WMAXMAG01": 0.5, "WMAXMAG02": 0.2, "WMAXMAG03": 0.2, "WMAXMAG04": 0.1, "STRIKE1": 0.0, "STRIKE2": 0.0, "STRIKE3": 0.0, "STRIKE4": 0.0, "DIP1": 0.0, "DIP2": 0.0, "DIP3": 0.0, "DIP4": 0.0, "DIRWEIGHT1": 0.0, "DIRWEIGHT2": 0.0, "DIRWEIGHT3": 0.0, "DIRWEIGHT4": 0.0 }, "geometry": { "type": "Polygon", "coordinates": [ [ [ 8.839502000117363, 46.133488999917574 ], [ 9.649988000046335, 46.158644999867022 ], [ 10.321080000142047, 46.207977000438405 ], [ 10.532421000229135, 46.41397000031543 ], [ 10.631987999846501, 46.610062999607919 ], [ 10.65810500004585, 46.66162200035518 ], [ 10.662559000397721, 46.888907000058168 ], [ 11.107219999703375, 46.868189999768845 ], [ 11.602092999692331, 46.786013999946306 ], [ 12.343211999634264, 46.663183000395293 ], [ 12.959767687229146, 46.559332507389456 ], [ 11.806918829740368, 46.0578611006095 ], [ 11.623078999796178, 45.923928000077296 ], [ 11.357896999846844, 45.810193000007132 ], [ 10.950856999750897, 46.268990000088593 ], [ 10.473694999924476, 46.016063999654023 ], [ 10.050596000305347, 45.791603999824872 ], [ 9.676175999922634, 45.803025000403636 ], [ 8.839502000117363, 46.133488999917574 ] ] ] } },
{ "type": "Feature", "properties": { "OBJECTID_1": 309.0, "LONC": 10.324238, "LATC": 37.446336, "IDAS": "ITAS328", "A": 3.9, "B": 1.0, "TECREG": "Active", "TECTONICS": "Active Shallow Crust", "SS": 55, "NF": 10, "TF": 35, "MINDEPTH": 0, "HYPODEPTH1": 2, "HYPODEPTH2": 10, "HYPODEPTH3": 18, "MAXDEPTH": 20, "WHDEPTH1": 0.1, "WHDEPTH2": 0.4, "WHDEPTH3": 0.5, "MAXMAG01": 6.5, "MAXMAG02": 6.7, "MAXMAG03": 6.9, "MAXMAG04": 7.1, "WMAXMAG01": 0.5, "WMAXMAG02": 0.2, "WMAXMAG03": 0.2, "WMAXMAG04": 0.1, "STRIKE1": 63.423806, "STRIKE2": 121.845222, "STRIKE3": 237.329145, "STRIKE4": 274.800571, "DIP1": 34.051259, "DIP2": 58.064444, "DIP3": 37.862879, "DIP4": 47.873429, "DIRWEIGHT1": 0.763158, "DIRWEIGHT2": 0.011278, "DIRWEIGHT3": 0.216792, "DIRWEIGHT4": 0.008772 }, "geometry": { "type": "Polygon", "coordinates": [ [ [ 7.522762999712825, 37.255949000346277 ], [ 8.582899000088958, 38.25029400016814 ], [ 10.056657000120595, 38.550854000212098 ], [ 11.048759999974209, 38.823422999971626 ], [ 12.203090000403336, 38.580014000445942 ], [ 12.586314000291054, 38.499157000295497 ], [ 12.590638000043839, 38.404245000406604 ], [ 12.600074999961464, 38.200984999758077 ], [ 13.106604999721128, 38.268689000397217 ], [ 13.125712999555446, 38.224702999943645 ], [ 13.034642999674872, 38.031037000157596 ], [ 12.868269000314285, 37.67708000004211 ], [ 12.796037000407409, 37.522919000011996 ], [ 13.085195999895632, 37.482770000235462 ], [ 13.074232999753292, 37.450836999827857 ], [ 13.041497000086622, 37.356512000028943 ], [ 11.08446399981392, 36.41447699961401 ], [ 10.516506000151935, 36.069249000041509 ], [ 10.942021999715678, 37.201897999793005 ], [ 9.764218999607294, 37.554095999730748 ], [ 8.764791000104708, 37.232426000159933 ], [ 7.522762999712825, 37.255949000346277 ] ] ] } },
{ "type": "Feature", "properties": { "OBJECTID_1": 310.0, "LONC": 13.6962, "LATC": 36.005316, "IDAS": "MTAS329", "A": 3.9, "B": 1.0, "TECREG": "Active", "TECTONICS": "Active Shallow Crust", "SS": 30, "NF": 20, "TF": 50, "MINDEPTH": 0, "HYPODEPTH1": 2, "HYPODEPTH2": 10, "HYPODEPTH3": 18, "MAXDEPTH": 20, "WHDEPTH1": 0.1, "WHDEPTH2": 0.4, "WHDEPTH3": 0.5, "MAXMAG01": 6.6, "MAXMAG02": 6.8, "MAXMAG03": 7.0, "MAXMAG04": 7.2, "WMAXMAG01": 0.5, "WMAXMAG02": 0.2, "WMAXMAG03": 0.2, "WMAXMAG04": 0.1, "STRIKE1": 0.0, "STRIKE2": 120.923329, "STRIKE3": 230.221182, "STRIKE4": 288.303977, "DIP1": 0.0, "DIP2": 58.331171, "DIP3": 41.319136, "DIP4": 67.283442, "DIRWEIGHT1": 0.0, "DIRWEIGHT2": 0.684211, "DIRWEIGHT3": 0.064327, "DIRWEIGHT4": 0.251462 }, "geometry": { "type": "Polygon", "coordinates": [ [ [ 10.516506000151935, 36.069249000041509 ], [ 11.08446399981392, 36.41447699961401 ], [ 13.041497000086622, 37.356512000028943 ], [ 13.074232999753292, 37.450836999827857 ], [ 13.085195999895632, 37.482770000235462 ], [ 13.239779999647453, 37.344977999635148 ], [ 13.429149000026484, 37.176033999569597 ], [ 13.939981000323087, 37.000283000360355 ], [ 14.318798025408682, 37.186908418289022 ], [ 14.748060999915367, 36.599944999961963 ], [ 15.346196999991719, 36.915280999718505 ], [ 15.459374999556758, 36.706709999666941 ], [ 15.699843000154488, 36.262100000015153 ], [ 16.130089000207363, 35.667723999762927 ], [ 16.875894000407982, 35.530551999875058 ], [ 14.993436000171414, 34.589324999849055 ], [ 11.465177999964908, 34.527862000131393 ], [ 11.447614000286023, 35.538793000396822 ], [ 10.516506000151935, 36.069249000041509 ] ] ] } },
{ "type": "Feature", "properties": { "OBJECTID_1": 312.0, "LONC": 13.97852, "LATC": 38.220138, "IDAS": "ITAS331", "A": 0.1774, "B": 0.99, "TECREG": "Active", "TECTONICS": "Active Shallow Crust", "SS": 30, "NF": 20, "TF": 50, "MINDEPTH": 0, "HYPODEPTH1": 2, "HYPODEPTH2": 10, "HYPODEPTH3": 18, "MAXDEPTH": 20, "WHDEPTH1": 0.1, "WHDEPTH2": 0.4, "WHDEPTH3": 0.5, "MAXMAG01": 6.6, "MAXMAG02": 6.8, "MAXMAG03": 7.0, "MAXMAG04": 7.2, "WMAXMAG01": 0.5, "WMAXMAG02": 0.2, "WMAXMAG03": 0.2, "WMAXMAG04": 0.1, "STRIKE1": 0.0, "STRIKE2": 97.886, "STRIKE3": 263.449077, "STRIKE4": 0.0, "DIP1": 0.0, "DIP2": 22.419, "DIP3": 47.639308, "DIP4": 0.0, "DIRWEIGHT1": 0.0, "DIRWEIGHT2": 0.071429, "DIRWEIGHT3": 0.928571, "DIRWEIGHT4": 0.0 }, "geometry": { "type": "Polygon", "coordinates": [ [ [ 13.106604999721128, 38.268689000397217 ], [ 13.200893999658547, 38.28109799977301 ], [ 13.502569999905745, 38.320885999989059 ], [ 14.750373999560622, 38.371839999816302 ], [ 14.850434000329017, 38.157046999719455 ], [ 14.239688999747727, 38.068435999921633 ], [ 13.125712999555446, 38.224702999943645 ], [ 13.106604999721128, 38.268689000397217 ] ] ] } },
{ "type": "Feature", "properties": { "OBJECTID_1": 314.0, "LONC": 14.215696, "LATC": 37.280206, "IDAS": "ITAS333", "A": 4.2, "B": 1.1, "TECREG": "Active", "TECTONICS": "Active Shallow Crust", "SS": 20, "NF": 30, "TF": 50, "MINDEPTH": 0, "HYPODEPTH1": 2, "HYPODEPTH2": 10, "HYPODEPTH3": 18, "MAXDEPTH": 20, "WHDEPTH1": 0.1, "WHDEPTH2": 0.4, "WHDEPTH3": 0.5, "MAXMAG01": 6.6, "MAXMAG02": 6.8, "MAXMAG03": 7.0, "MAXMAG04": 7.2, "WMAXMAG01": 0.5, "WMAXMAG02": 0.2, "WMAXMAG03": 0.2, "WMAXMAG04": 0.1, "STRIKE1": 0.0, "STRIKE2": 0.0, "STRIKE3": 244.77874, "STRIKE4": 302.833611, "DIP1": 0.0, "DIP2": 0.0, "DIP3": 27.26424, "DIP4": 27.220963, "DIRWEIGHT1": 0.0, "DIRWEIGHT2": 0.0, "DIRWEIGHT3": 0.480769, "DIRWEIGHT4": 0.519231 }, "geometry": { "type": "Polygon", "coordinates": [ [ [ 13.085195999895575, 37.482770000235575 ], [ 13.114466999852425, 37.534719000081907 ], [ 13.351505999702283, 37.96046799959862 ], [ 14.210601000136251, 37.778204999561183 ], [ 14.985673000109159, 37.863892000315786 ], [ 14.998373000313848, 37.835777999755123 ], [ 14.906192999607356, 37.75154500040162 ], [ 14.873441000102162, 37.616912999835336 ], [ 14.962013999946237, 37.591729000393229 ], [ 15.075577000178612, 37.559738000008849 ], [ 14.318798025408796, 37.186908418289136 ], [ 13.939981000323087, 37.000283000360412 ], [ 13.429149000026484, 37.176033999569654 ], [ 13.239779999647453, 37.344977999635205 ], [ 13.085195999895575, 37.482770000235575 ] ] ] } },
{ "type": "Feature", "properties": { "OBJECTID_1": 315.0, "LONC": 20.061285, "LATC": 39.725473, "IDAS": "GRAS369", "A": 3.65, "B": 0.8, "TECREG": "Active", "TECTONICS": "Active Shallow Crust", "SS": 20, "NF": 60, "TF": 20, "MINDEPTH": 0, "HYPODEPTH1": 2, "HYPODEPTH2": 10, "HYPODEPTH3": 18, "MAXDEPTH": 20, "WHDEPTH1": 0.1, "WHDEPTH2": 0.4, "WHDEPTH3": 0.5, "MAXMAG01": 7.4, "MAXMAG02": 7.6, "MAXMAG03": 7.8, "MAXMAG04": 8.0, "WMAXMAG01": 0.5, "WMAXMAG02": 0.2, "WMAXMAG03": 0.2, "WMAXMAG04": 0.1, "STRIKE1": 39.344388, "STRIKE2": 92.365889, "STRIKE3": 256.624167, "STRIKE4": 322.880524, "DIP1": 69.130857, "DIP2": 50.611778, "DIP3": 83.041167, "DIP4": 33.168351, "DIRWEIGHT1": 0.06882, "DIRWEIGHT2": 0.01264, "DIRWEIGHT3": 0.025281, "DIRWEIGHT4": 0.893258 }, "geometry": { "type": "Polygon", "coordinates": [ [ [ 19.222569999805785, 40.290941000027317 ], [ 19.230645999913122, 40.539546999994229 ], [ 20.080896883931704, 40.555326374986073 ], [ 20.493437000017707, 39.897931000315566 ], [ 20.809368000233178, 39.899538999825154 ], [ 20.899999999700412, 39.900000000399871 ], [ 20.899999999700412, 39.29999999980032 ], [ 20.899999999700412, 39.000000000399837 ], [ 20.899999999700412, 38.899999999700412 ], [ 20.550000000399848, 38.899999999700412 ], [ 20.449999999700367, 38.899999999700412 ], [ 20.203748000370069, 38.900255999814704 ], [ 19.222569999805785, 40.290941000027317 ] ] ] } },
{ "type": "Feature", "properties": { "OBJECTID_1": 316.0, "LONC": 20.55, "LATC": 38.650128, "IDAS": "GRAS370", "A": 3.0, "B": 0.8, "TECREG": "Active", "TECTONICS": "Active Shallow Crust", "SS": 40, "NF": 10, "TF": 50, "MINDEPTH": 0, "HYPODEPTH1": 2, "HYPODEPTH2": 10, "HYPODEPTH3": 18, "MAXDEPTH": 20, "WHDEPTH1": 0.1, "WHDEPTH2": 0.4, "WHDEPTH3": 0.5, "MAXMAG01": 7.5, "MAXMAG02": 7.7, "MAXMAG03": 7.9, "MAXMAG04": 8.1, "WMAXMAG01": 0.5, "WMAXMAG02": 0.2, "WMAXMAG03": 0.2, "WMAXMAG04": 0.1, "STRIKE1": 14.354216, "STRIKE2": 0.0, "STRIKE3": 0.0, "STRIKE4": 326.681375, "DIP1": 65.889973, "DIP2": 0.0, "DIP3": 0.0, "DIP4": 26.817766, "DIRWEIGHT1": 0.366337, "DIRWEIGHT2": 0.0, "DIRWEIGHT3": 0.0, "DIRWEIGHT4": 0.633663 }, "geometry": { "type": "Polygon", "coordinates": [ [ [ 20.200000000200021, 38.600000000299929 ], [ 20.203748000370069, 38.900255999814704 ], [ 20.449999999700367, 38.899999999700412 ], [ 20.550000000399848, 38.899999999700412 ], [ 20.899999999700412, 38.899999999700412 ], [ 20.899999999700412, 38.70000000010009 ], [ 20.899999999700412, 38.399999999800343 ], [ 20.550000000399848, 38.499999999600448 ], [ 20.200000000200021, 38.600000000299929 ] ] ] } },
{ "type": "Feature", "properties": { "OBJECTID_1": 317.0, "LONC": 20.399504, "LATC": 38.15, "IDAS": "GRAS371", "A": 3.5, "B": 0.8, "TECREG": "Active", "TECTONICS": "Active Shallow Crust", "SS": 35, "NF": 15, "TF": 50, "MINDEPTH": 0, "HYPODEPTH1": 2, "HYPODEPTH2": 10, "HYPODEPTH3": 18, "MAXDEPTH": 20, "WHDEPTH1": 0.1, "WHDEPTH2": 0.4, "WHDEPTH3": 0.5, "MAXMAG01": 7.5, "MAXMAG02": 7.7, "MAXMAG03": 7.9, "MAXMAG04": 8.1, "WMAXMAG01": 0.5, "WMAXMAG02": 0.2, "WMAXMAG03": 0.2, "WMAXMAG04": 0.1, "STRIKE1": 30.082436, "STRIKE2": 0.0, "STRIKE3": 0.0, "STRIKE4": 338.128375, "DIP1": 54.209682, "DIP2": 0.0, "DIP3": 0.0, "DIP4": 22.84625, "DIRWEIGHT1": 0.873016, "DIRWEIGHT2": 0.0, "DIRWEIGHT3": 0.0, "DIRWEIGHT4": 0.126984 }, "geometry": { "type": "Polygon", "coordinates": [ [ [ 20.200000000200021, 38.600000000299929 ], [ 20.550000000399848, 38.499999999600448 ], [ 20.899999999700412, 38.399999999800343 ], [ 20.899999999700412, 38.100000000399859 ], [ 20.449999999700367, 37.899999999900217 ], [ 19.999999999700378, 37.700000000299951 ], [ 19.482133909418923, 38.200000000000173 ], [ 20.200000000200021, 38.600000000299929 ] ] ] } },
{ "type": "Feature", "properties": { "OBJECTID_1": 318.0, "LONC": 20.6, "LATC": 37.6, "IDAS": "GRAS372", "A": 3.5, "B": 0.8, "TECREG": "Active", "TECTONICS": "Active Shallow Crust", "SS": 40, "NF": 10, "TF": 50, "MINDEPTH": 0, "HYPODEPTH1": 2, "HYPODEPTH2": 10, "HYPODEPTH3": 18, "MAXDEPTH": 50, "WHDEPTH1": 0.1, "WHDEPTH2": 0.4, "WHDEPTH3": 0.5, "MAXMAG01": 7.1, "MAXMAG02": 7.7, "MAXMAG03": 7.9, "MAXMAG04": 8.1, "WMAXMAG01": 0.5, "WMAXMAG02": 0.2, "WMAXMAG03": 0.2, "WMAXMAG04": 0.1, "STRIKE1": 0.0, "STRIKE2": 0.0, "STRIKE3": 219.588087, "STRIKE4": 308.582373, "DIP1": 0.0, "DIP2": 0.0, "DIP3": 75.71513, "DIP4": 22.921676, "DIRWEIGHT1": 0.0, "DIRWEIGHT2": 0.0, "DIRWEIGHT3": 0.184, "DIRWEIGHT4": 0.816 }, "geometry": { "type": "Polygon", "coordinates": [ [ [ 19.999999999700378, 37.700000000299951 ], [ 20.449999999700367, 37.899999999900217 ], [ 20.899999999700412, 38.100000000399859 ], [ 21.050000000299917, 37.899999999900217 ], [ 21.200000000000159, 37.700000000299951 ], [ 21.100000000199998, 37.59999999960047 ], [ 20.499999999600448, 37.099999999700401 ], [ 19.999999999700378, 37.700000000299951 ] ] ] } },
{ "type": "Feature", "properties": { "OBJECTID_1": 321.0, "LONC": 21.55, "LATC": 38.050027, "IDAS": "GRAS375", "A": 4.2, "B": 1.0, "TECREG": "Active", "TECTONICS": "Active Shallow Crust", "SS": 40, "NF": 60, "TF": 0, "MINDEPTH": 0, "HYPODEPTH1": 2, "HYPODEPTH2": 10, "HYPODEPTH3": 18, "MAXDEPTH": 20, "WHDEPTH1": 0.1, "WHDEPTH2": 0.4, "WHDEPTH3": 0.5, "MAXMAG01": 7.5, "MAXMAG02": 7.7, "MAXMAG03": 7.9, "MAXMAG04": 8.1, "WMAXMAG01": 0.5, "WMAXMAG02": 0.2, "WMAXMAG03": 0.2, "WMAXMAG04": 0.1, "STRIKE1": 0.0, "STRIKE2": 136.704, "STRIKE3": 214.940754, "STRIKE4": 317.49268, "DIP1": 0.0, "DIP2": 56.725, "DIP3": 75.693836, "DIP4": 60.65742, "DIRWEIGHT1": 0.0, "DIRWEIGHT2": 0.026316, "DIRWEIGHT3": 0.535088, "DIRWEIGHT4": 0.438596 }, "geometry": { "type": "Polygon", "coordinates": [ [ [ 20.899999999700412, 38.100000000399859 ], [ 20.899999999700412, 38.399999999800343 ], [ 20.899999999700412, 38.70000000010009 ], [ 20.899999999700412, 38.899999999700412 ], [ 20.899999999700412, 39.000000000399837 ], [ 21.500000000299963, 39.000000000399837 ], [ 21.500000000299963, 38.750000000000171 ], [ 21.500000000299963, 38.499999999600448 ], [ 21.733333000118023, 38.133332999718334 ], [ 21.816392000190831, 37.999999999700378 ], [ 22.007499999825313, 37.700000000299951 ], [ 22.199999999800298, 37.400000000000148 ], [ 21.874999999550482, 37.250000000299963 ], [ 21.550119000291772, 37.10005500043809 ], [ 21.100000000199998, 37.59999999960047 ], [ 21.200000000000159, 37.700000000299951 ], [ 21.050000000299917, 37.899999999900217 ], [ 20.899999999700412, 38.100000000399859 ] ] ] } },
{ "type": "Feature", "properties": { "OBJECTID_1": 322.0, "LONC": 22.22506, "LATC": 36.725, "IDAS": "GRAS376", "A": 3.5, "B": 0.9, "TECREG": "Active", "TECTONICS": "Active Shallow Crust", "SS": 35, "NF": 15, "TF": 50, "MINDEPTH": 0, "HYPODEPTH1": 2, "HYPODEPTH2": 10, "HYPODEPTH3": 18, "MAXDEPTH": 20, "WHDEPTH1": 0.1, "WHDEPTH2": 0.4, "WHDEPTH3": 0.5, "MAXMAG01": 7.5, "MAXMAG02": 7.7, "MAXMAG03": 7.9, "MAXMAG04": 8.1, "WMAXMAG01": 0.5, "WMAXMAG02": 0.2, "WMAXMAG03": 0.2, "WMAXMAG04": 0.1, "STRIKE1": 0.0, "STRIKE2": 160.931141, "STRIKE3": 197.081429, "STRIKE4": 329.110867, "DIP1": 0.0, "DIP2": 54.754014, "DIP3": 57.273286, "DIP4": 54.092433, "DIRWEIGHT1": 0.0, "DIRWEIGHT2": 0.581967, "DIRWEIGHT3": 0.172131, "DIRWEIGHT4": 0.245902 }, "geometry": { "type": "Polygon", "coordinates": [ [ [ 21.550119000291772, 37.10005500043809 ], [ 21.874999999550482, 37.250000000299963 ], [ 22.199999999800298, 37.400000000000148 ], [ 22.433332999618415, 37.133332999918196 ], [ 22.666667000381949, 36.866666999882284 ], [ 22.900000000200009, 36.599999999800332 ], [ 22.699999999700367, 36.325000000349917 ], [ 22.500000000100101, 36.050000000000182 ], [ 22.299999999600459, 36.274999999550516 ], [ 22.100000000000136, 36.500000000000171 ], [ 21.550119000291772, 37.10005500043809 ] ] ] } },
{ "type": "Feature", "properties": { "OBJECTID_1": 325.0, "LONC": 23.325, "LATC": 37.55, "IDAS": "GRAS379", "A": 3.8, "B": 1.0, "TECREG": "Active", "TECTONICS": "Active Shallow Crust", "SS": 25, "NF": 50, "TF": 25, "MINDEPTH": 0, "HYPODEPTH1": 2, "HYPODEPTH2": 10, "HYPODEPTH3": 18, "MAXDEPTH": 20, "WHDEPTH1": 0.1, "WHDEPTH2": 0.4, "WHDEPTH3": 0.5, "MAXMAG01": 7.5, "MAXMAG02": 7.7, "MAXMAG03": 7.9, "MAXMAG04": 8.1, "WMAXMAG01": 0.5, "WMAXMAG02": 0.2, "WMAXMAG03": 0.2, "WMAXMAG04": 0.1, "STRIKE1": 0.0, "STRIKE2": 0.0, "STRIKE3": 0.0, "STRIKE4": 0.0, "DIP1": 0.0, "DIP2": 0.0, "DIP3": 0.0, "DIP4": 0.0, "DIRWEIGHT1": 0.0, "DIRWEIGHT2": 0.0, "DIRWEIGHT3": 0.0, "DIRWEIGHT4": 0.0 }, "geometry": { "type": "Polygon", "coordinates": [ [ [ 22.749999999600448, 37.650000000399871 ], [ 23.124999999750344, 37.825000000050125 ], [ 23.49999999990024, 37.999999999700378 ], [ 23.700000000399882, 37.750000000200032 ], [ 23.900000000000148, 37.499999999800309 ], [ 23.700000000399882, 37.300000000200043 ], [ 23.49999999990024, 37.099999999700401 ], [ 23.124999999750344, 37.375000000050136 ], [ 22.749999999600448, 37.650000000399871 ] ] ] } },
{ "type": "Feature", "properties": { "OBJECTID_1": 326.0, "LONC": 23.508196, "LATC": 36.75, "IDAS": "GRAS381", "A": 3.4, "B": 0.9, "TECREG": "Active", "TECTONICS": "Active Shallow Crust", "SS": 25, "NF": 50, "TF": 25, "MINDEPTH": 0, "HYPODEPTH1": 2, "HYPODEPTH2": 10, "HYPODEPTH3": 18, "MAXDEPTH": 20, "WHDEPTH1": 0.1, "WHDEPTH2": 0.4, "WHDEPTH3": 0.5, "MAXMAG01": 7.5, "MAXMAG02": 7.7, "MAXMAG03": 7.9, "MAXMAG04": 8.1, "WMAXMAG01": 0.5, "WMAXMAG02": 0.2, "WMAXMAG03": 0.2, "WMAXMAG04": 0.1, "STRIKE1": 50.786882, "STRIKE2": 116.653104, "STRIKE3": 248.04414, "STRIKE4": 318.021659, "DIP1": 54.111706, "DIP2": 52.67326, "DIP3": 56.645442, "DIP4": 55.237734, "DIRWEIGHT1": 0.051672, "DIRWEIGHT2": 0.291793, "DIRWEIGHT3": 0.130699, "DIRWEIGHT4": 0.525836 }, "geometry": { "type": "Polygon", "coordinates": [ [ [ 21.816392000190831, 37.999999999700378 ], [ 22.350000000399859, 37.999999999700378 ], [ 22.550000000000182, 37.825000000050125 ], [ 22.749999999600448, 37.650000000399871 ], [ 23.124999999750344, 37.375000000050136 ], [ 23.49999999990024, 37.099999999700401 ], [ 23.800000000199987, 36.900000000100079 ], [ 24.09999999960047, 36.699999999600493 ], [ 24.466667000381904, 36.566666999582537 ], [ 24.833333000217976, 36.433333000417804 ], [ 25.20000000010009, 36.300000000399848 ], [ 25.100000000299929, 35.90000000029994 ], [ 24.999999999600448, 35.500000000200032 ], [ 24.750000000100101, 35.500000000200032 ], [ 24.600000000399859, 35.500000000200032 ], [ 24.200000000299951, 35.500000000200032 ], [ 23.875000000050136, 35.774999999650447 ], [ 23.54999999980032, 36.050000000000182 ], [ 23.224999999550505, 36.325000000349917 ], [ 22.900000000200009, 36.599999999800332 ], [ 22.666667000381949, 36.866666999882284 ], [ 22.433332999618415, 37.133332999918196 ], [ 22.199999999800298, 37.400000000000148 ], [ 22.007499999825313, 37.700000000299951 ], [ 21.816392000190831, 37.999999999700378 ] ] ] } },
{ "type": "Feature", "properties": { "OBJECTID_1": 327.0, "LONC": 23.634304, "LATC": 38.252185, "IDAS": "GRAS383", "A": 2.9, "B": 0.8, "TECREG": "Active", "TECTONICS": "Active Shallow Crust", "SS": 40, "NF": 60, "TF": 0, "MINDEPTH": 0, "HYPODEPTH1": 2, "HYPODEPTH2": 10, "HYPODEPTH3": 18, "MAXDEPTH": 20, "WHDEPTH1": 0.1, "WHDEPTH2": 0.4, "WHDEPTH3": 0.5, "MAXMAG01": 7.5, "MAXMAG02": 7.7, "MAXMAG03": 7.9, "MAXMAG04": 8.1, "WMAXMAG01": 0.5, "WMAXMAG02": 0.2, "WMAXMAG03": 0.2, "WMAXMAG04": 0.1, "STRIKE1": 77.235375, "STRIKE2": 119.308, "STRIKE3": 251.883667, "STRIKE4": 287.630462, "DIP1": 51.71425, "DIP2": 54.170111, "DIP3": 59.094333, "DIP4": 52.927026, "DIRWEIGHT1": 0.123077, "DIRWEIGHT2": 0.138462, "DIRWEIGHT3": 0.138462, "DIRWEIGHT4": 0.6 }, "geometry": { "type": "Polygon", "coordinates": [ [ [ 22.800000000399848, 38.499999999600448 ], [ 24.245483999686996, 38.50436999967593 ], [ 24.378898999889088, 38.409894000108181 ], [ 24.468609000005529, 38.346482000444155 ], [ 23.49999999990024, 37.999999999700378 ], [ 23.149999999700412, 38.250000000100101 ], [ 22.800000000399848, 38.499999999600448 ] ] ] } },
{ "type": "Feature", "properties": { "OBJECTID_1": 328.0, "LONC": 22.872742, "LATC": 38.752873, "IDAS": "GRAS384", "A": 3.8, "B": 0.95, "TECREG": "Active", "TECTONICS": "Active Shallow Crust", "SS": 40, "NF": 60, "TF": 0, "MINDEPTH": 0, "HYPODEPTH1": 2, "HYPODEPTH2": 10, "HYPODEPTH3": 18, "MAXDEPTH": 20, "WHDEPTH1": 0.1, "WHDEPTH2": 0.4, "WHDEPTH3": 0.5, "MAXMAG01": 7.5, "MAXMAG02": 7.7, "MAXMAG03": 7.9, "MAXMAG04": 8.1, "WMAXMAG01": 0.5, "WMAXMAG02": 0.2, "WMAXMAG03": 0.2, "WMAXMAG04": 0.1, "STRIKE1": 66.977, "STRIKE2": 127.892292, "STRIKE3": 249.710269, "STRIKE4": 289.799967, "DIP1": 55.438, "DIP2": 63.553542, "DIP3": 55.673462, "DIP4": 54.532856, "DIRWEIGHT1": 0.00431, "DIRWEIGHT2": 0.103448, "DIRWEIGHT3": 0.112069, "DIRWEIGHT4": 0.780172 }, "geometry": { "type": "Polygon", "coordinates": [ [ [ 21.500000000299963, 38.499999999600448 ], [ 21.500000000299963, 38.750000000000171 ], [ 21.500000000299963, 39.000000000399837 ], [ 23.638373000313891, 39.005747000124131 ], [ 23.839237000187552, 38.843208999595845 ], [ 24.245483999686996, 38.50436999967593 ], [ 22.800000000399848, 38.499999999600448 ], [ 22.350000000399859, 38.499999999600448 ], [ 22.050000000100113, 38.499999999600448 ], [ 21.925000000349883, 38.499999999600448 ], [ 21.500000000299963, 38.499999999600448 ] ] ] } },
{ "type": "Feature", "properties": { "OBJECTID_1": 329.0, "LONC": 22.075, "LATC": 39.6, "IDAS": "GRAS385", "A": 4.2, "B": 1.0, "TECREG": "Active", "TECTONICS": "Active Shallow Crust", "SS": 20, "NF": 60, "TF": 20, "MINDEPTH": 0, "HYPODEPTH1": 2, "HYPODEPTH2": 10, "HYPODEPTH3": 18, "MAXDEPTH": 20, "WHDEPTH1": 0.1, "WHDEPTH2": 0.4, "WHDEPTH3": 0.5, "MAXMAG01": 7.5, "MAXMAG02": 7.7, "MAXMAG03": 7.9, "MAXMAG04": 8.1, "WMAXMAG01": 0.5, "WMAXMAG02": 0.2, "WMAXMAG03": 0.2, "WMAXMAG04": 0.1, "STRIKE1": 67.568, "STRIKE2": 116.852962, "STRIKE3": 265.121333, "STRIKE4": 281.646, "DIP1": 69.915, "DIP2": 62.721346, "DIP3": 50.506667, "DIP4": 51.64025, "DIRWEIGHT1": 0.030928, "DIRWEIGHT2": 0.268041, "DIRWEIGHT3": 0.123711, "DIRWEIGHT4": 0.57732 }, "geometry": { "type": "Polygon", "coordinates": [ [ [ 20.899999999700412, 39.29999999980032 ], [ 20.899999999700412, 39.900000000399871 ], [ 22.800000000399848, 39.900000000399871 ], [ 23.250000000399837, 39.450000000399882 ], [ 22.350000000399859, 39.450000000399882 ], [ 22.199999999800298, 39.29999999980032 ], [ 20.899999999700412, 39.29999999980032 ] ] ] } },
{ "type": "Feature", "properties": { "OBJECTID_1": 330.0, "LONC": 22.269186, "LATC": 39.225, "IDAS": "GRAS386", "A": 3.11, "B": 0.8, "TECREG": "Active", "TECTONICS": "Active Shallow Crust", "SS": 20, "NF": 60, "TF": 20, "MINDEPTH": 0, "HYPODEPTH1": 2, "HYPODEPTH2": 10, "HYPODEPTH3": 18, "MAXDEPTH": 20, "WHDEPTH1": 0.1, "WHDEPTH2": 0.4, "WHDEPTH3": 0.5, "MAXMAG01": 7.5, "MAXMAG02": 7.7, "MAXMAG03": 7.9, "MAXMAG04": 8.1, "WMAXMAG01": 0.5, "WMAXMAG02": 0.2, "WMAXMAG03": 0.2, "WMAXMAG04": 0.1, "STRIKE1": 84.6065, "STRIKE2": 100.107471, "STRIKE3": 244.593526, "STRIKE4": 290.959553, "DIP1": 50.405675, "DIP2": 54.044265, "DIP3": 55.690421, "DIP4": 50.027298, "DIRWEIGHT1": 0.285714, "DIRWEIGHT2": 0.242857, "DIRWEIGHT3": 0.135714, "DIRWEIGHT4": 0.335714 }, "geometry": { "type": "Polygon", "coordinates": [ [ [ 20.899999999700412, 39.000000000399837 ], [ 20.899999999700412, 39.29999999980032 ], [ 22.199999999800298, 39.29999999980032 ], [ 22.350000000399859, 39.450000000399882 ], [ 23.250000000399837, 39.450000000399882 ], [ 23.45013199979212, 39.200120000138043 ], [ 23.574665999636352, 39.071537999779025 ], [ 23.638373000313891, 39.005747000124131 ], [ 21.500000000299963, 39.000000000399837 ], [ 20.899999999700412, 39.000000000399837 ] ] ] } },
{ "type": "Feature", "properties": { "OBJECTID_1": 331.0, "LONC": 21.804684, "LATC": 40.475642, "IDAS": "GRAS387", "A": 3.15, "B": 0.85, "TECREG": "Active", "TECTONICS": "Active Shallow Crust", "SS": 20, "NF": 60, "TF": 20, "MINDEPTH": 0, "HYPODEPTH1": 2, "HYPODEPTH2": 10, "HYPODEPTH3": 18, "MAXDEPTH": 20, "WHDEPTH1": 0.1, "WHDEPTH2": 0.4, "WHDEPTH3": 0.5, "MAXMAG01": 7.5, "MAXMAG02": 7.7, "MAXMAG03": 7.9, "MAXMAG04": 8.1, "WMAXMAG01": 0.5, "WMAXMAG02": 0.2, "WMAXMAG03": 0.2, "WMAXMAG04": 0.1, "STRIKE1": 53.254556, "STRIKE2": 101.62625, "STRIKE3": 228.099333, "STRIKE4": 286.981, "DIP1": 53.563968, "DIP2": 51.35975, "DIP3": 51.852293, "DIP4": 48.603615, "DIRWEIGHT1": 0.328125, "DIRWEIGHT2": 0.020833, "DIRWEIGHT3": 0.515625, "DIRWEIGHT4": 0.135417 }, "geometry": { "type": "Polygon", "coordinates": [ [ [ 20.809368000233178, 39.899538999825154 ], [ 20.899937000392413, 40.599953999577565 ], [ 21.649930000369409, 41.051746000377761 ], [ 22.800000000399848, 39.900000000399871 ], [ 20.899999999700412, 39.900000000399871 ], [ 20.809368000233178, 39.899538999825154 ] ] ] } },
{ "type": "Feature", "properties": { "OBJECTID_1": 332.0, "LONC": 22.751336, "LATC": 40.350055, "IDAS": "GRAS388", "A": 4.1, "B": 1.0, "TECREG": "Active", "TECTONICS": "Active Shallow Crust", "SS": 40, "NF": 60, "TF": 0, "MINDEPTH": 0, "HYPODEPTH1": 2, "HYPODEPTH2": 10, "HYPODEPTH3": 18, "MAXDEPTH": 20, "WHDEPTH1": 0.1, "WHDEPTH2": 0.4, "WHDEPTH3": 0.5, "MAXMAG01": 7.5, "MAXMAG02": 7.7, "MAXMAG03": 7.9, "MAXMAG04": 8.1, "WMAXMAG01": 0.5, "WMAXMAG02": 0.2, "WMAXMAG03": 0.2, "WMAXMAG04": 0.1, "STRIKE1": 61.092551, "STRIKE2": 103.421609, "STRIKE3": 257.561813, "STRIKE4": 289.296625, "DIP1": 62.870592, "DIP2": 58.350739, "DIP3": 48.136687, "DIP4": 54.211857, "DIRWEIGHT1": 0.30625, "DIRWEIGHT2": 0.14375, "DIRWEIGHT3": 0.2, "DIRWEIGHT4": 0.35 }, "geometry": { "type": "Polygon", "coordinates": [ [ [ 21.502672000312714, 41.199857000200552 ], [ 22.10001899997701, 41.499990000338414 ], [ 22.630061000315095, 40.970037999654153 ], [ 23.999999999800309, 39.699999999900228 ], [ 23.45013199979212, 39.200120000138043 ], [ 23.250000000399837, 39.450000000399882 ], [ 22.800000000399848, 39.900000000399871 ], [ 21.649930000369409, 41.051746000377761 ], [ 21.556707000128142, 41.145603000178482 ], [ 21.502672000312714, 41.199857000200552 ] ] ] } },
{ "type": "Feature", "properties": { "OBJECTID_1": 333.0, "LONC": 22.550642, "LATC": 41.314485, "IDAS": "MKAS389", "A": 2.6, "B": 0.8, "TECREG": "Active", "TECTONICS": "Active Shallow Crust", "SS": 20, "NF": 60, "TF": 20, "MINDEPTH": 0, "HYPODEPTH1": 2, "HYPODEPTH2": 10, "HYPODEPTH3": 18, "MAXDEPTH": 20, "WHDEPTH1": 0.1, "WHDEPTH2": 0.4, "WHDEPTH3": 0.5, "MAXMAG01": 7.5, "MAXMAG02": 7.7, "MAXMAG03": 7.9, "MAXMAG04": 8.1, "WMAXMAG01": 0.5, "WMAXMAG02": 0.2, "WMAXMAG03": 0.2, "WMAXMAG04": 0.1, "STRIKE1": 62.7095, "STRIKE2": 105.088962, "STRIKE3": 0.0, "STRIKE4": 301.322477, "DIP1": 56.725083, "DIP2": 46.315846, "DIP3": 0.0, "DIP4": 54.322886, "DIRWEIGHT1": 0.146341, "DIRWEIGHT2": 0.317073, "DIRWEIGHT3": 0.0, "DIRWEIGHT4": 0.536585 }, "geometry": { "type": "Polygon", "coordinates": [ [ [ 22.10001899997701, 41.499990000338414 ], [ 22.331527000171093, 41.610793000097033 ], [ 22.470937999888974, 41.658931999612264 ], [ 23.001264999879993, 41.504991999881042 ], [ 22.999268999564833, 41.199546000247892 ], [ 22.630061000315095, 40.970037999654153 ], [ 22.10001899997701, 41.499990000338414 ] ] ] } },
{ "type": "Feature", "properties": { "OBJECTID_1": 334.0, "LONC": 23.56503, "LATC": 40.449773, "IDAS": "GRAS390", "A": 3.6, "B": 0.88, "TECREG": "Active", "TECTONICS": "Active Shallow Crust", "SS": 20, "NF": 60, "TF": 20, "MINDEPTH": 0, "HYPODEPTH1": 2, "HYPODEPTH2": 10, "HYPODEPTH3": 18, "MAXDEPTH": 20, "WHDEPTH1": 0.1, "WHDEPTH2": 0.4, "WHDEPTH3": 0.5, "MAXMAG01": 7.5, "MAXMAG02": 7.7, "MAXMAG03": 7.9, "MAXMAG04": 8.1, "WMAXMAG01": 0.5, "WMAXMAG02": 0.2, "WMAXMAG03": 0.2, "WMAXMAG04": 0.1, "STRIKE1": 70.927812, "STRIKE2": 106.487955, "STRIKE3": 259.891316, "STRIKE4": 291.366048, "DIP1": 68.031087, "DIP2": 62.950795, "DIP3": 45.497895, "DIP4": 46.625911, "DIRWEIGHT1": 0.23, "DIRWEIGHT2": 0.293333, "DIRWEIGHT3": 0.063333, "DIRWEIGHT4": 0.413333 }, "geometry": { "type": "Polygon", "coordinates": [ [ [ 22.630061000315095, 40.970037999654153 ], [ 22.999268999564833, 41.199546000247892 ], [ 23.530000000200005, 40.800000000399848 ], [ 24.499999999700378, 40.199999999800298 ], [ 23.999999999800309, 39.699999999900228 ], [ 22.630061000315095, 40.970037999654153 ] ] ] } },
{ "type": "Feature", "properties": { "OBJECTID_1": 335.0, "LONC": 24.101317, "LATC": 41.152678, "IDAS": "GRAS392", "A": 2.9, "B": 0.8, "TECREG": "Active", "TECTONICS": "Active Shallow Crust", "SS": 20, "NF": 60, "TF": 20, "MINDEPTH": 0, "HYPODEPTH1": 2, "HYPODEPTH2": 10, "HYPODEPTH3": 18, "MAXDEPTH": 20, "WHDEPTH1": 0.1, "WHDEPTH2": 0.4, "WHDEPTH3": 0.5, "MAXMAG01": 7.5, "MAXMAG02": 7.7, "MAXMAG03": 7.9, "MAXMAG04": 8.1, "WMAXMAG01": 0.5, "WMAXMAG02": 0.2, "WMAXMAG03": 0.2, "WMAXMAG04": 0.1, "STRIKE1": 84.976233, "STRIKE2": 105.520692, "STRIKE3": 260.5032, "STRIKE4": 0.0, "DIP1": 54.5166, "DIP2": 53.517354, "DIP3": 46.4521, "DIP4": 0.0, "DIRWEIGHT1": 0.285714, "DIRWEIGHT2": 0.619048, "DIRWEIGHT3": 0.095238, "DIRWEIGHT4": 0.0 }, "geometry": { "type": "Polygon", "coordinates": [ [ [ 22.999268999564833, 41.199546000247892 ], [ 23.001264999879993, 41.504991999881042 ], [ 23.893625000093834, 41.505355000433099 ], [ 24.531016000088471, 41.500767000197072 ], [ 24.985921999700679, 41.403647000109117 ], [ 25.203364999695168, 41.186373999860393 ], [ 23.530000000200005, 40.800000000399848 ], [ 22.999268999564833, 41.199546000247892 ] ] ] } },
{ "type": "Feature", "properties": { "OBJECTID_1": 336.0, "LONC": 23.050832, "LATC": 35.125059, "IDAS": "GRAS400", "A": 4.1, "B": 1.0, "TECREG": "Active", "TECTONICS": "Active Shallow Crust", "SS": 35, "NF": 15, "TF": 50, "MINDEPTH": 0, "HYPODEPTH1": 2, "HYPODEPTH2": 10, "HYPODEPTH3": 18, "MAXDEPTH": 50, "WHDEPTH1": 0.1, "WHDEPTH2": 0.4, "WHDEPTH3": 0.5, "MAXMAG01": 7.1, "MAXMAG02": 7.7, "MAXMAG03": 7.9, "MAXMAG04": 8.1, "WMAXMAG01": 0.5, "WMAXMAG02": 0.2, "WMAXMAG03": 0.2, "WMAXMAG04": 0.1, "STRIKE1": 0.0, "STRIKE2": 0.0, "STRIKE3": 0.0, "STRIKE4": 0.0, "DIP1": 0.0, "DIP2": 0.0, "DIP3": 0.0, "DIP4": 0.0, "DIRWEIGHT1": 0.0, "DIRWEIGHT2": 0.0, "DIRWEIGHT3": 0.0, "DIRWEIGHT4": 0.0 }, "geometry": { "type": "Polygon", "coordinates": [ [ [ 21.701664000193603, 35.60183600013147 ], [ 22.100000000000136, 35.824999999550528 ], [ 22.500000000100101, 36.050000000000182 ], [ 23.850000000100067, 35.150000000000148 ], [ 24.124999999550482, 34.924999999550494 ], [ 24.399999999900217, 34.700000000000159 ], [ 24.09999999960047, 34.449999999600493 ], [ 23.800140000360898, 34.200117000099624 ], [ 22.563522000340186, 35.026139999761369 ], [ 21.701664000193603, 35.60183600013147 ] ] ] } },
{ "type": "Feature", "properties": { "OBJECTID_1": 338.0, "LONC": 23.35, "LATC": 35.875, "IDAS": "GRAS402", "A": 3.2, "B": 0.84, "TECREG": "Active", "TECTONICS": "Active Shallow Crust", "SS": 35, "NF": 15, "TF": 50, "MINDEPTH": 0, "HYPODEPTH1": 2, "HYPODEPTH2": 10, "HYPODEPTH3": 18, "MAXDEPTH": 20, "WHDEPTH1": 0.1, "WHDEPTH2": 0.4, "WHDEPTH3": 0.5, "MAXMAG01": 7.5, "MAXMAG02": 7.7, "MAXMAG03": 7.9, "MAXMAG04": 8.1, "WMAXMAG01": 0.5, "WMAXMAG02": 0.2, "WMAXMAG03": 0.2, "WMAXMAG04": 0.1, "STRIKE1": 13.332364, "STRIKE2": 149.792115, "STRIKE3": 192.04875, "STRIKE4": 336.596786, "DIP1": 59.314545, "DIP2": 58.587049, "DIP3": 67.58325, "DIP4": 60.8245, "DIRWEIGHT1": 0.094828, "DIRWEIGHT2": 0.525862, "DIRWEIGHT3": 0.137931, "DIRWEIGHT4": 0.241379 }, "geometry": { "type": "Polygon", "coordinates": [ [ [ 22.500000000100101, 36.050000000000182 ], [ 22.699999999700367, 36.325000000349917 ], [ 22.900000000200009, 36.599999999800332 ], [ 23.224999999550505, 36.325000000349917 ], [ 23.54999999980032, 36.050000000000182 ], [ 23.875000000050136, 35.774999999650447 ], [ 24.200000000299951, 35.500000000200032 ], [ 24.024999999750378, 35.324999999650402 ], [ 23.850000000100067, 35.150000000000148 ], [ 22.500000000100101, 36.050000000000182 ] ] ] } },
{ "type": "Feature", "properties": { "OBJECTID_1": 340.0, "LONC": -4.103709, "LATC": 35.273465, "IDAS": "MAAS442", "A": 3.6, "B": 1.0, "TECREG": "Active", "TECTONICS": "Active Shallow Crust", "SS": 60, "NF": 10, "TF": 30, "MINDEPTH": 0, "HYPODEPTH1": 2, "HYPODEPTH2": 10, "HYPODEPTH3": 18, "MAXDEPTH": 20, "WHDEPTH1": 0.1, "WHDEPTH2": 0.4, "WHDEPTH3": 0.5, "MAXMAG01": 6.5, "MAXMAG02": 0.0, "MAXMAG03": 0.0, "MAXMAG04": 0.0, "WMAXMAG01": 1.0, "WMAXMAG02": 0.0, "WMAXMAG03": 0.0, "WMAXMAG04": 0.0, "STRIKE1": 77.375467, "STRIKE2": 0.0, "STRIKE3": 233.898085, "STRIKE4": 285.639126, "DIP1": 67.162, "DIP2": 0.0, "DIP3": 67.347379, "DIP4": 41.487232, "DIRWEIGHT1": 0.103986, "DIRWEIGHT2": 0.0, "DIRWEIGHT3": 0.731369, "DIRWEIGHT4": 0.164645 }, "geometry": { "type": "Polygon", "coordinates": [ [ [ -5.672714000050917, 34.400163000022587 ], [ -4.360278000229357, 35.494032000176844 ], [ -4.136229999614613, 35.608466000105977 ], [ -2.99329100017934, 36.146766999997226 ], [ -2.534704999935627, 36.037163999818915 ], [ -2.97474700027368, 35.555786999870293 ], [ -3.605958000361284, 34.864893000311895 ], [ -3.640024000207291, 34.472854999558763 ], [ -5.672714000050917, 34.400163000022587 ] ] ] } },
{ "type": "Feature", "properties": { "OBJECTID_1": 341.0, "LONC": -5.383402, "LATC": 34.971643, "IDAS": "MAAS444", "A": 3.2, "B": 1.0, "TECREG": "Active", "TECTONICS": "Active Shallow Crust", "SS": 60, "NF": 10, "TF": 30, "MINDEPTH": 0, "HYPODEPTH1": 2, "HYPODEPTH2": 10, "HYPODEPTH3": 18, "MAXDEPTH": 20, "WHDEPTH1": 0.1, "WHDEPTH2": 0.4, "WHDEPTH3": 0.5, "MAXMAG01": 6.5, "MAXMAG02": 0.0, "MAXMAG03": 0.0, "MAXMAG04": 0.0, "WMAXMAG01": 1.0, "WMAXMAG02": 0.0, "WMAXMAG03": 0.0, "WMAXMAG04": 0.0, "STRIKE1": 0.0, "STRIKE2": 0.0, "STRIKE3": 0.0, "STRIKE4": 323.89199, "DIP1": 0.0, "DIP2": 0.0, "DIP3": 0.0, "DIP4": 39.94866, "DIRWEIGHT1": 0.0, "DIRWEIGHT2": 0.0, "DIRWEIGHT3": 0.0, "DIRWEIGHT4": 1.0 }, "geometry": { "type": "Polygon", "coordinates": [ [ [ -6.313528761884504, 35.439315051290912 ], [ -4.91736000016374, 35.547717000039711 ], [ -4.360278000229357, 35.494032000176844 ], [ -5.672714000050917, 34.400163000022587 ], [ -5.838703367746089, 34.395606771023388 ], [ -7.338544000105344, 34.810739999551515 ], [ -6.313528761884504, 35.439315051290912 ] ] ] } },
{ "type": "Feature", "properties": { "OBJECTID_1": 342.0, "LONC": -2.744375, "LATC": 35.255009, "IDAS": "MAAS445", "A": 3.5, "B": 1.0, "TECREG": "Active", "TECTONICS": "Active Shallow Crust", "SS": 30, "NF": 20, "TF": 50, "MINDEPTH": 0, "HYPODEPTH1": 2, "HYPODEPTH2": 10, "HYPODEPTH3": 18, "MAXDEPTH": 20, "WHDEPTH1": 0.1, "WHDEPTH2": 0.4, "WHDEPTH3": 0.5, "MAXMAG01": 6.5, "MAXMAG02": 0.0, "MAXMAG03": 0.0, "MAXMAG04": 0.0, "WMAXMAG01": 1.0, "WMAXMAG02": 0.0, "WMAXMAG03": 0.0, "WMAXMAG04": 0.0, "STRIKE1": 0.0, "STRIKE2": 0.0, "STRIKE3": 227.26162, "STRIKE4": 0.0, "DIP1": 0.0, "DIP2": 0.0, "DIP3": 39.936606, "DIP4": 0.0, "DIRWEIGHT1": 0.0, "DIRWEIGHT2": 0.0, "DIRWEIGHT3": 1.0, "DIRWEIGHT4": 0.0 }, "geometry": { "type": "Polygon", "coordinates": [ [ [ -2.97474700027368, 35.555786999870293 ], [ -2.534704999935627, 36.037163999818915 ], [ -2.187236999587697, 35.765414000056239 ], [ -1.904227000375613, 35.543829999754848 ], [ -1.877297999602831, 35.159853000215946 ], [ -1.848725000358343, 34.749642999624882 ], [ -3.640024000207291, 34.472854999558763 ], [ -3.605958000361284, 34.864893000311895 ], [ -2.97474700027368, 35.555786999870293 ] ] ] } },
{ "type": "Feature", "properties": { "OBJECTID_1": 343.0, "LONC": -1.529465, "LATC": 42.743372, "IDAS": "ESAS465", "A": 3.1, "B": 1.0, "TECREG": "Active", "TECTONICS": "Active Shallow Crust", "SS": 30, "NF": 30, "TF": 40, "MINDEPTH": 0, "HYPODEPTH1": 2, "HYPODEPTH2": 10, "HYPODEPTH3": 18, "MAXDEPTH": 20, "WHDEPTH1": 0.1, "WHDEPTH2": 0.4, "WHDEPTH3": 0.5, "MAXMAG01": 6.8, "MAXMAG02": 7.0, "MAXMAG03": 7.2, "MAXMAG04": 7.4, "WMAXMAG01": 0.5, "WMAXMAG02": 0.2, "WMAXMAG03": 0.2, "WMAXMAG04": 0.1, "STRIKE1": 0.0, "STRIKE2": 0.0, "STRIKE3": 0.0, "STRIKE4": 0.0, "DIP1": 0.0, "DIP2": 0.0, "DIP3": 0.0, "DIP4": 0.0, "DIRWEIGHT1": 0.0, "DIRWEIGHT2": 0.0, "DIRWEIGHT3": 0.0, "DIRWEIGHT4": 0.0 }, "geometry": { "type": "Polygon", "coordinates": [ [ [ -2.537680000431521, 42.484108999830653 ], [ -1.93643499997512, 43.10266800012829 ], [ -1.641967000276679, 42.993025999950078 ], [ -1.112234999845214, 43.018212000383699 ], [ -0.797549000385914, 42.996251000283621 ], [ -0.756534000243732, 42.858235000145328 ], [ -0.521249000340958, 42.751361999956487 ], [ -0.19505399984206, 42.030079000145918 ], [ -1.173931000415166, 42.434320999814474 ], [ -2.4206260001896, 42.438745999728269 ], [ -2.537680000431521, 42.484108999830653 ] ] ] } },
{ "type": "Feature", "properties": { "OBJECTID_1": 344.0, "LONC": -0.296372, "LATC": 43.092002, "IDAS": "FRAS466", "A": 3.65, "B": 1.0, "TECREG": "Active", "TECTONICS": "Active Shallow Crust", "SS": 30, "NF": 30, "TF": 40, "MINDEPTH": 0, "HYPODEPTH1": 2, "HYPODEPTH2": 10, "HYPODEPTH3": 18, "MAXDEPTH": 20, "WHDEPTH1": 0.1, "WHDEPTH2": 0.4, "WHDEPTH3": 0.5, "MAXMAG01": 6.8, "MAXMAG02": 7.0, "MAXMAG03": 7.2, "MAXMAG04": 7.4, "WMAXMAG01": 0.5, "WMAXMAG02": 0.2, "WMAXMAG03": 0.2, "WMAXMAG04": 0.1, "STRIKE1": 0.0, "STRIKE2": 0.0, "STRIKE3": 0.0, "STRIKE4": 0.0, "DIP1": 0.0, "DIP2": 0.0, "DIP3": 0.0, "DIP4": 0.0, "DIRWEIGHT1": 0.0, "DIRWEIGHT2": 0.0, "DIRWEIGHT3": 0.0, "DIRWEIGHT4": 0.0 }, "geometry": { "type": "Polygon", "coordinates": [ [ [ -0.934554999813201, 43.37548999986376 ], [ -0.426642000128027, 43.2346689998746 ], [ -0.070452999606061, 43.199726000055023 ], [ 0.191349000056448, 43.161698000062813 ], [ 0.317518999802132, 42.934679000035999 ], [ 0.341811000377504, 42.808513999621539 ], [ -0.285282999610558, 42.936957999911954 ], [ -0.451605000170446, 42.934967999873436 ], [ -0.797549000385914, 42.996251000283621 ], [ -0.838213999676157, 43.191088000111279 ], [ -0.934554999813201, 43.37548999986376 ] ] ] } },
{ "type": "Feature", "properties": { "OBJECTID_1": 346.0, "LONC": -0.064731, "LATC": 43.455073, "IDAS": "FRAS468", "A": 2.1389, "B": 1.0, "TECREG": "Active", "TECTONICS": "Active Shallow Crust", "SS": 30, "NF": 30, "TF": 40, "MINDEPTH": 0, "HYPODEPTH1": 2, "HYPODEPTH2": 10, "HYPODEPTH3": 18, "MAXDEPTH": 20, "WHDEPTH1": 0.1, "WHDEPTH2": 0.4, "WHDEPTH3": 0.5, "MAXMAG01": 6.8, "MAXMAG02": 7.0, "MAXMAG03": 7.2, "MAXMAG04": 7.4, "WMAXMAG01": 0.5, "WMAXMAG02": 0.2, "WMAXMAG03": 0.2, "WMAXMAG04": 0.1, "STRIKE1": 0.0, "STRIKE2": 0.0, "STRIKE3": 0.0, "STRIKE4": 0.0, "DIP1": 0.0, "DIP2": 0.0, "DIP3": 0.0, "DIP4": 0.0, "DIRWEIGHT1": 0.0, "DIRWEIGHT2": 0.0, "DIRWEIGHT3": 0.0, "DIRWEIGHT4": 0.0 }, "geometry": { "type": "Polygon", "coordinates": [ [ [ 1.006336999852806, 43.16397900003102 ], [ 0.191349000056448, 43.161698000062813 ], [ -0.070452999606061, 43.199726000055023 ], [ -0.426642000128027, 43.2346689998746 ], [ -0.934554999813201, 43.37548999986376 ], [ -1.043811000177357, 43.583219999803305 ], [ -1.135800000169695, 43.716026999846349 ], [ -0.470520000097792, 43.748448000275175 ], [ 1.006336999852806, 43.16397900003102 ] ] ] } },
{ "type": "Feature", "properties": { "OBJECTID_1": 347.0, "LONC": 1.640462, "LATC": 42.884699, "IDAS": "FRAS469", "A": 3.25, "B": 1.0, "TECREG": "Active", "TECTONICS": "Active Shallow Crust", "SS": 30, "NF": 30, "TF": 40, "MINDEPTH": 0, "HYPODEPTH1": 2, "HYPODEPTH2": 10, "HYPODEPTH3": 18, "MAXDEPTH": 20, "WHDEPTH1": 0.1, "WHDEPTH2": 0.4, "WHDEPTH3": 0.5, "MAXMAG01": 6.8, "MAXMAG02": 7.0, "MAXMAG03": 7.2, "MAXMAG04": 7.4, "WMAXMAG01": 0.5, "WMAXMAG02": 0.2, "WMAXMAG03": 0.2, "WMAXMAG04": 0.1, "STRIKE1": 0.0, "STRIKE2": 0.0, "STRIKE3": 0.0, "STRIKE4": 0.0, "DIP1": 0.0, "DIP2": 0.0, "DIP3": 0.0, "DIP4": 0.0, "DIRWEIGHT1": 0.0, "DIRWEIGHT2": 0.0, "DIRWEIGHT3": 0.0, "DIRWEIGHT4": 0.0 }, "geometry": { "type": "Polygon", "coordinates": [ [ [ 0.191349000056448, 43.161698000062813 ], [ 1.006336999852806, 43.16397900003102 ], [ 1.426442999944641, 43.136863999674006 ], [ 2.223591999971006, 43.069766000001039 ], [ 2.805175000226257, 43.020812999820237 ], [ 3.030007000123135, 42.932665999836217 ], [ 3.089574999686647, 42.877201999772637 ], [ 2.898399999660398, 42.8201490001764 ], [ 2.475098999719251, 42.664476999713941 ], [ 2.379998000107776, 42.605419000286815 ], [ 1.060957999712059, 42.720052000399676 ], [ 0.696737000212579, 42.742329999829792 ], [ 0.341811000377504, 42.808513999621539 ], [ 0.317518999802132, 42.934679000035999 ], [ 0.191349000056448, 43.161698000062813 ] ] ] } },
{ "type": "Feature", "properties": { "OBJECTID_1": 348.0, "LONC": 0.791224, "LATC": 42.643247, "IDAS": "ESAS470", "A": 3.0, "B": 1.0, "TECREG": "Active", "TECTONICS": "Active Shallow Crust", "SS": 30, "NF": 30, "TF": 40, "MINDEPTH": 0, "HYPODEPTH1": 2, "HYPODEPTH2": 10, "HYPODEPTH3": 18, "MAXDEPTH": 20, "WHDEPTH1": 0.1, "WHDEPTH2": 0.4, "WHDEPTH3": 0.5, "MAXMAG01": 6.8, "MAXMAG02": 7.0, "MAXMAG03": 7.2, "MAXMAG04": 7.4, "WMAXMAG01": 0.5, "WMAXMAG02": 0.2, "WMAXMAG03": 0.2, "WMAXMAG04": 0.1, "STRIKE1": 0.0, "STRIKE2": 0.0, "STRIKE3": 240.699316, "STRIKE4": 284.386118, "DIP1": 0.0, "DIP2": 0.0, "DIP3": 57.844263, "DIP4": 66.058471, "DIRWEIGHT1": 0.0, "DIRWEIGHT2": 0.0, "DIRWEIGHT3": 0.527778, "DIRWEIGHT4": 0.472222 }, "geometry": { "type": "Polygon", "coordinates": [ [ [ -0.797549000385914, 42.996251000283621 ], [ -0.451605000170446, 42.934967999873436 ], [ -0.285282999610558, 42.936957999911954 ], [ 0.341811000377504, 42.808513999621539 ], [ 0.696737000212579, 42.742329999829792 ], [ 1.060957999712059, 42.720052000399676 ], [ 2.379998000107776, 42.605419000286815 ], [ 1.857971999808115, 42.407704999985924 ], [ 1.295671000216657, 42.29024299981478 ], [ 0.854311000252608, 42.362932000111869 ], [ 0.256039000199848, 42.645573000293894 ], [ 0.002583999652018, 42.729017000134604 ], [ -0.521249000340958, 42.751361999956487 ], [ -0.756534000243732, 42.858235000145328 ], [ -0.797549000385914, 42.996251000283621 ] ] ] } },
{ "type": "Feature", "properties": { "OBJECTID_1": 349.0, "LONC": -1.746302, "LATC": 43.354526, "IDAS": "FRAS471", "A": 2.6851, "B": 1.0, "TECREG": "Active", "TECTONICS": "Active Shallow Crust", "SS": 30, "NF": 30, "TF": 40, "MINDEPTH": 0, "HYPODEPTH1": 2, "HYPODEPTH2": 10, "HYPODEPTH3": 18, "MAXDEPTH": 20, "WHDEPTH1": 0.1, "WHDEPTH2": 0.4, "WHDEPTH3": 0.5, "MAXMAG01": 6.8, "MAXMAG02": 7.0, "MAXMAG03": 7.2, "MAXMAG04": 7.4, "WMAXMAG01": 0.5, "WMAXMAG02": 0.2, "WMAXMAG03": 0.2, "WMAXMAG04": 0.1, "STRIKE1": 0.0, "STRIKE2": 0.0, "STRIKE3": 0.0, "STRIKE4": 0.0, "DIP1": 0.0, "DIP2": 0.0, "DIP3": 0.0, "DIP4": 0.0, "DIRWEIGHT1": 0.0, "DIRWEIGHT2": 0.0, "DIRWEIGHT3": 0.0, "DIRWEIGHT4": 0.0 }, "geometry": { "type": "Polygon", "coordinates": [ [ [ -2.69505500028788, 43.507853000116029 ], [ -1.438038000253357, 43.675480999748515 ], [ -1.135800000169695, 43.716026999846349 ], [ -1.043811000177357, 43.583219999803305 ], [ -0.934554999813201, 43.37548999986376 ], [ -0.838213999676157, 43.191088000111279 ], [ -0.797549000385914, 42.996251000283621 ], [ -1.112234999845214, 43.018212000383699 ], [ -1.641967000276679, 42.993025999950078 ], [ -1.93643499997512, 43.10266800012829 ], [ -2.69505500028788, 43.507853000116029 ] ] ] } },
{ "type": "Feature", "properties": { "OBJECTID_1": 350.0, "LONC": 3.18049, "LATC": 41.870562, "IDAS": "ESAS472", "A": 2.5845, "B": 1.03, "TECREG": "Active", "TECTONICS": "Active Shallow Crust", "SS": 30, "NF": 30, "TF": 40, "MINDEPTH": 0, "HYPODEPTH1": 2, "HYPODEPTH2": 10, "HYPODEPTH3": 18, "MAXDEPTH": 20, "WHDEPTH1": 0.1, "WHDEPTH2": 0.4, "WHDEPTH3": 0.5, "MAXMAG01": 6.8, "MAXMAG02": 7.0, "MAXMAG03": 7.2, "MAXMAG04": 7.4, "WMAXMAG01": 0.5, "WMAXMAG02": 0.2, "WMAXMAG03": 0.2, "WMAXMAG04": 0.1, "STRIKE1": 2.267833, "STRIKE2": 143.288033, "STRIKE3": 0.0, "STRIKE4": 319.5088, "DIP1": 60.524667, "DIP2": 57.568, "DIP3": 0.0, "DIP4": 58.8023, "DIRWEIGHT1": 0.130435, "DIRWEIGHT2": 0.652174, "DIRWEIGHT3": 0.0, "DIRWEIGHT4": 0.217391 }, "geometry": { "type": "Polygon", "coordinates": [ [ [ 2.241329999579989, 42.0752189998571 ], [ 2.307903000223462, 42.197879999662405 ], [ 2.663009000265333, 42.464980999973363 ], [ 3.445286999795371, 42.507783999831872 ], [ 4.119649999647947, 41.798837999674106 ], [ 3.826367999783542, 41.494872999989127 ], [ 3.085935000000404, 41.233340000141084 ], [ 2.241329999579989, 42.0752189998571 ] ] ] } },
{ "type": "Feature", "properties": { "OBJECTID_1": 351.0, "LONC": 2.370479, "LATC": 42.536575, "IDAS": "FRAS473", "A": 3.0, "B": 1.0, "TECREG": "Active", "TECTONICS": "Active Shallow Crust", "SS": 30, "NF": 30, "TF": 40, "MINDEPTH": 0, "HYPODEPTH1": 2, "HYPODEPTH2": 10, "HYPODEPTH3": 18, "MAXDEPTH": 20, "WHDEPTH1": 0.1, "WHDEPTH2": 0.4, "WHDEPTH3": 0.5, "MAXMAG01": 6.8, "MAXMAG02": 7.0, "MAXMAG03": 7.2, "MAXMAG04": 7.4, "WMAXMAG01": 0.5, "WMAXMAG02": 0.2, "WMAXMAG03": 0.2, "WMAXMAG04": 0.1, "STRIKE1": 0.0, "STRIKE2": 0.0, "STRIKE3": 250.409978, "STRIKE4": 271.654, "DIP1": 0.0, "DIP2": 0.0, "DIP3": 57.989152, "DIP4": 60.427333, "DIRWEIGHT1": 0.0, "DIRWEIGHT2": 0.0, "DIRWEIGHT3": 0.938776, "DIRWEIGHT4": 0.061224 }, "geometry": { "type": "Polygon", "coordinates": [ [ [ 1.295671000216657, 42.29024299981478 ], [ 1.857971999808115, 42.407704999985924 ], [ 2.379998000107776, 42.605419000286815 ], [ 2.475098999719251, 42.664476999713941 ], [ 2.898399999660398, 42.8201490001764 ], [ 3.089574999686647, 42.877201999772637 ], [ 3.445286999795371, 42.507783999831872 ], [ 2.663009000265333, 42.464980999973363 ], [ 2.307903000223462, 42.197879999662405 ], [ 2.117205999757232, 42.195946999554565 ], [ 1.535856000354272, 42.252337000052648 ], [ 1.295671000216657, 42.29024299981478 ] ] ] } },
{ "type": "Feature", "properties": { "OBJECTID_1": 352.0, "LONC": 1.695852, "LATC": 41.379398, "IDAS": "ESAS474", "A": 3.2, "B": 1.0, "TECREG": "Active", "TECTONICS": "Active Shallow Crust", "SS": 30, "NF": 30, "TF": 40, "MINDEPTH": 0, "HYPODEPTH1": 2, "HYPODEPTH2": 10, "HYPODEPTH3": 18, "MAXDEPTH": 20, "WHDEPTH1": 0.1, "WHDEPTH2": 0.4, "WHDEPTH3": 0.5, "MAXMAG01": 6.5, "MAXMAG02": 6.8, "MAXMAG03": 7.1, "MAXMAG04": 7.4, "WMAXMAG01": 0.5, "WMAXMAG02": 0.2, "WMAXMAG03": 0.2, "WMAXMAG04": 0.1, "STRIKE1": 45.104015, "STRIKE2": 0.0, "STRIKE3": 0.0, "STRIKE4": 343.486, "DIP1": 58.464848, "DIP2": 0.0, "DIP3": 0.0, "DIP4": 58.721, "DIRWEIGHT1": 0.916667, "DIRWEIGHT2": 0.0, "DIRWEIGHT3": 0.0, "DIRWEIGHT4": 0.083333 }, "geometry": { "type": "Polygon", "coordinates": [ [ [ 0.305769000239309, 40.974737999659112 ], [ 0.500142000253277, 41.113119000441657 ], [ 1.053695000224252, 41.510368999629804 ], [ 1.683237999833977, 41.634500999821455 ], [ 2.086434999875507, 41.860104000199613 ], [ 2.241329999579989, 42.0752189998571 ], [ 3.085935000000404, 41.233340000141084 ], [ 1.398961999796597, 40.683576000432254 ], [ 0.305769000239309, 40.974737999659112 ] ] ] } },
{ "type": "Feature", "properties": { "OBJECTID_1": 354.0, "LONC": 17.838626, "LATC": 47.644861, "IDAS": "HUAS997", "A": 3.12, "B": 1.0, "TECREG": "Active", "TECTONICS": "Active Shallow Crust", "SS": 70, "NF": 0, "TF": 30, "MINDEPTH": 5, "HYPODEPTH1": 2, "HYPODEPTH2": 10, "HYPODEPTH3": 18, "MAXDEPTH": 26, "WHDEPTH1": 0.1, "WHDEPTH2": 0.4, "WHDEPTH3": 0.5, "MAXMAG01": 6.7, "MAXMAG02": 6.9, "MAXMAG03": 7.1, "MAXMAG04": 7.3, "WMAXMAG01": 0.5, "WMAXMAG02": 0.2, "WMAXMAG03": 0.2, "WMAXMAG04": 0.1, "STRIKE1": 0.0, "STRIKE2": 159.414417, "STRIKE3": 0.0, "STRIKE4": 323.8359, "DIP1": 0.0, "DIP2": 67.255, "DIP3": 0.0, "DIP4": 67.3516, "DIRWEIGHT1": 0.0, "DIRWEIGHT2": 0.545455, "DIRWEIGHT3": 0.0, "DIRWEIGHT4": 0.454545 }, "geometry": { "type": "Polygon", "coordinates": [ [ [ 14.21735699962602, 46.633211999634227 ], [ 14.264608999605798, 46.668355999729783 ], [ 14.883530000409337, 47.002381999829595 ], [ 14.76897600034232, 47.152711000312593 ], [ 15.674251999929993, 47.500291000429513 ], [ 15.965714000400965, 47.555757999732066 ], [ 16.394322134357818, 47.675328898992881 ], [ 17.987267000172096, 48.557915000077344 ], [ 19.083256000064523, 49.062251000283595 ], [ 20.089210000141577, 48.85527700013364 ], [ 20.338293999668508, 48.799063999704003 ], [ 21.459894999854498, 48.379963000092573 ], [ 21.406379999737339, 48.312163000422288 ], [ 20.652117999845984, 48.331816000208391 ], [ 18.63328899978768, 48.113894999754621 ], [ 18.015163999718993, 48.039378999741189 ], [ 17.80248399993684, 46.96218999986877 ], [ 17.085117999995873, 46.593139999811285 ], [ 17.030780999743513, 46.563263999833907 ], [ 16.549842000208287, 46.611483000340343 ], [ 16.088131999792097, 46.490658999813149 ], [ 15.19523800013377, 46.641658999763195 ], [ 14.341312999795264, 46.639014000096211 ], [ 14.21735699962602, 46.633211999634227 ] ] ] } },
{ "type": "Feature", "properties": { "OBJECTID_1": 355.0, "LONC": 17.614089, "LATC": 42.670884, "IDAS": "HRAS996", "A": 3.2, "B": 0.9, "TECREG": "Active", "TECTONICS": "Active Shallow Crust", "SS": 40, "NF": 10, "TF": 50, "MINDEPTH": 0, "HYPODEPTH1": 2, "HYPODEPTH2": 10, "HYPODEPTH3": 16, "MAXDEPTH": 16, "WHDEPTH1": 0.1, "WHDEPTH2": 0.4, "WHDEPTH3": 0.5, "MAXMAG01": 7.3, "MAXMAG02": 7.5, "MAXMAG03": 7.7, "MAXMAG04": 7.9, "WMAXMAG01": 0.5, "WMAXMAG02": 0.2, "WMAXMAG03": 0.2, "WMAXMAG04": 0.1, "STRIKE1": 0.0, "STRIKE2": 0.0, "STRIKE3": 267.291, "STRIKE4": 289.769224, "DIP1": 0.0, "DIP2": 0.0, "DIP3": 50.686, "DIP4": 45.72297, "DIRWEIGHT1": 0.0, "DIRWEIGHT2": 0.0, "DIRWEIGHT3": 0.00495, "DIRWEIGHT4": 0.99505 }, "geometry": { "type": "Polygon", "coordinates": [ [ [ 17.346627228963598, 43.223155736947888 ], [ 17.179529149450843, 42.953786979185907 ], [ 17.029576245447515, 42.712056927585309 ], [ 16.532546000297828, 42.964371999668231 ], [ 16.364090000253498, 43.019046000172921 ], [ 15.809448999571828, 43.199097999872947 ], [ 15.539429000448195, 43.424597999997843 ], [ 15.817151000418505, 43.742972999604433 ], [ 15.899766999847316, 43.701142999649903 ], [ 16.682116999999721, 43.537983000115503 ], [ 16.844384999768067, 43.504133000337845 ], [ 17.346627228963598, 43.223155736947888 ] ] ] } },
{ "type": "Feature", "properties": { "OBJECTID_1": 356.0, "LONC": 17.614089, "LATC": 42.670884, "IDAS": "HRAS995", "A": 3.5, "B": 0.9, "TECREG": "Active", "TECTONICS": "Active Shallow Crust", "SS": 40, "NF": 10, "TF": 50, "MINDEPTH": 0, "HYPODEPTH1": 2, "HYPODEPTH2": 10, "HYPODEPTH3": 16, "MAXDEPTH": 16, "WHDEPTH1": 0.1, "WHDEPTH2": 0.4, "WHDEPTH3": 0.5, "MAXMAG01": 7.3, "MAXMAG02": 7.5, "MAXMAG03": 7.7, "MAXMAG04": 7.9, "WMAXMAG01": 0.5, "WMAXMAG02": 0.2, "WMAXMAG03": 0.2, "WMAXMAG04": 0.1, "STRIKE1": 0.0, "STRIKE2": 0.0, "STRIKE3": 267.2925, "STRIKE4": 301.791544, "DIP1": 0.0, "DIP2": 0.0, "DIP3": 50.685, "DIP4": 30.693159, "DIRWEIGHT1": 0.0, "DIRWEIGHT2": 0.0, "DIRWEIGHT3": 0.004728, "DIRWEIGHT4": 0.995272 }, "geometry": { "type": "Polygon", "coordinates": [ [ [ 17.029576245447515, 42.712056927585309 ], [ 17.346627228963598, 43.223155736947888 ], [ 19.688748000320118, 41.912839000319764 ], [ 19.318519180615851, 41.655278388686838 ], [ 17.831934000054218, 42.425057999827004 ], [ 17.46023900032975, 42.493432999933191 ], [ 17.029576245447515, 42.712056927585309 ] ] ] } },
{ "type": "Feature", "properties": { "OBJECTID_1": 358.0, "LONC": 28.522454, "LATC": 40.054961, "IDAS": "TRAS334", "A": 4.5, "B": 1.0, "TECREG": "Active", "TECTONICS": "Active Shallow Crust", "SS": 60, "NF": 25, "TF": 15, "MINDEPTH": 0, "HYPODEPTH1": 2, "HYPODEPTH2": 10, "HYPODEPTH3": 18, "MAXDEPTH": 20, "WHDEPTH1": 0.1, "WHDEPTH2": 0.4, "WHDEPTH3": 0.5, "MAXMAG01": 8.0, "MAXMAG02": 8.2, "MAXMAG03": 8.4, "MAXMAG04": 8.6, "WMAXMAG01": 0.5, "WMAXMAG02": 0.2, "WMAXMAG03": 0.2, "WMAXMAG04": 0.1, "STRIKE1": 65.667436, "STRIKE2": 100.3537, "STRIKE3": 247.266829, "STRIKE4": 277.671538, "DIP1": 78.738084, "DIP2": 75.924986, "DIP3": 80.04585, "DIP4": 52.032474, "DIRWEIGHT1": 0.410468, "DIRWEIGHT2": 0.096419, "DIRWEIGHT3": 0.257576, "DIRWEIGHT4": 0.235537 }, "geometry": { "type": "Polygon", "coordinates": [ [ [ 31.105748999816626, 40.54912099993436 ], [ 30.295555999909652, 40.446617999821001 ], [ 29.743214000026228, 40.259202999618878 ], [ 29.446724999759113, 40.165634999655651 ], [ 29.125978999631286, 40.139637999594186 ], [ 28.82418200009937, 40.066578000174729 ], [ 27.014311999998938, 39.718382999575908 ], [ 26.501288000241175, 39.593947999800491 ], [ 26.247403999694995, 39.542538999675287 ], [ 25.939158999588301, 39.531804000154636 ], [ 25.999339000394741, 39.599785000077873 ], [ 26.129312000148843, 39.684604000374463 ], [ 26.301326999741434, 39.837771999578308 ], [ 26.580130000099587, 40.081575000186263 ], [ 27.018381999729684, 40.161178000064808 ], [ 27.485826000169936, 40.316483999836862 ], [ 27.762981000073239, 40.391964000238602 ], [ 28.075549999932718, 40.464494000397963 ], [ 28.466277999630165, 40.488674000305025 ], [ 28.696376999599011, 40.565061000265132 ], [ 29.867342000033432, 40.574030000184507 ], [ 30.153342999579934, 40.578117999845972 ], [ 30.627293999718461, 40.54912099993436 ], [ 31.105748999816626, 40.54912099993436 ] ] ] } },
{ "type": "Feature", "properties": { "OBJECTID_1": 359.0, "LONC": 31.836781, "LATC": 39.316196, "IDAS": "TRAS335", "A": 3.9, "B": 1.0, "TECREG": "Active", "TECTONICS": "Active Shallow Crust", "SS": 50, "NF": 40, "TF": 10, "MINDEPTH": 0, "HYPODEPTH1": 2, "HYPODEPTH2": 10, "HYPODEPTH3": 18, "MAXDEPTH": 20, "WHDEPTH1": 0.1, "WHDEPTH2": 0.4, "WHDEPTH3": 0.5, "MAXMAG01": 7.5, "MAXMAG02": 7.7, "MAXMAG03": 7.9, "MAXMAG04": 8.1, "WMAXMAG01": 0.5, "WMAXMAG02": 0.2, "WMAXMAG03": 0.2, "WMAXMAG04": 0.1, "STRIKE1": 45.920739, "STRIKE2": 121.569575, "STRIKE3": 265.16, "STRIKE4": 296.313769, "DIP1": 49.852, "DIP2": 72.957123, "DIP3": 73.219222, "DIP4": 71.737308, "DIRWEIGHT1": 0.088123, "DIRWEIGHT2": 0.653257, "DIRWEIGHT3": 0.034483, "DIRWEIGHT4": 0.224138 }, "geometry": { "type": "Polygon", "coordinates": [ [ [ 28.82418200009937, 40.066578000174729 ], [ 29.125978999631286, 40.139637999594186 ], [ 29.446773000174005, 40.165632999563456 ], [ 29.743214000026228, 40.259202999618878 ], [ 30.359321999710687, 40.099557000255516 ], [ 30.91109000010357, 39.969836999578035 ], [ 31.321705999632343, 39.830143000299415 ], [ 31.950474000374982, 39.530795000389105 ], [ 32.746042000338207, 39.131664999939971 ], [ 33.015514000271082, 38.932100999761474 ], [ 33.286629000428206, 38.641814000415934 ], [ 33.346057999876962, 38.560173000084035 ], [ 32.95135400028704, 38.373316999580027 ], [ 32.694714000350984, 38.602816999804872 ], [ 32.399578000424526, 38.822339000344755 ], [ 31.933457999886969, 39.07642000008309 ], [ 31.490797000181601, 39.248907999904418 ], [ 30.974689000297303, 39.425265000079833 ], [ 30.37198099982345, 39.580858999643283 ], [ 29.939670999916871, 39.715491000209681 ], [ 29.632941999573802, 39.813481999994451 ], [ 28.82418200009937, 40.066578000174729 ] ] ] } },
{ "type": "Feature", "properties": { "OBJECTID_1": 360.0, "LONC": 30.354782, "LATC": 39.307624, "IDAS": "TRAS336", "A": 4.0, "B": 1.03, "TECREG": "Active", "TECTONICS": "Active Shallow Crust", "SS": 40, "NF": 50, "TF": 10, "MINDEPTH": 0, "HYPODEPTH1": 2, "HYPODEPTH2": 10, "HYPODEPTH3": 18, "MAXDEPTH": 20, "WHDEPTH1": 0.1, "WHDEPTH2": 0.4, "WHDEPTH3": 0.5, "MAXMAG01": 7.5, "MAXMAG02": 7.7, "MAXMAG03": 7.9, "MAXMAG04": 8.1, "WMAXMAG01": 0.5, "WMAXMAG02": 0.2, "WMAXMAG03": 0.2, "WMAXMAG04": 0.1, "STRIKE1": 32.0485, "STRIKE2": 150.114, "STRIKE3": 231.571429, "STRIKE4": 305.283655, "DIP1": 50.655167, "DIP2": 50.747, "DIP3": 67.562429, "DIP4": 60.265473, "DIRWEIGHT1": 0.086957, "DIRWEIGHT2": 0.014493, "DIRWEIGHT3": 0.101449, "DIRWEIGHT4": 0.797101 }, "geometry": { "type": "Polygon", "coordinates": [ [ [ 29.217582999855722, 39.401266000425721 ], [ 29.632941999573802, 39.813481999994451 ], [ 29.939670999916871, 39.715491000209681 ], [ 30.37198099982345, 39.580858999643283 ], [ 30.974689000297303, 39.425265000079833 ], [ 31.490797000181601, 39.248907999904418 ], [ 31.096299000198883, 38.802495999890652 ], [ 30.321197999788012, 39.094436999967741 ], [ 29.798216000368313, 39.267699000408697 ], [ 29.374477000013712, 39.369835999831707 ], [ 29.217582999855722, 39.401266000425721 ] ] ] } },
{ "type": "Feature", "properties": { "OBJECTID_1": 361.0, "LONC": 27.539141, "LATC": 39.053559, "IDAS": "TRAS337", "A": 4.0, "B": 1.0, "TECREG": "Active", "TECTONICS": "Active Shallow Crust", "SS": 50, "NF": 30, "TF": 20, "MINDEPTH": 0, "HYPODEPTH1": 2, "HYPODEPTH2": 10, "HYPODEPTH3": 18, "MAXDEPTH": 20, "WHDEPTH1": 0.1, "WHDEPTH2": 0.4, "WHDEPTH3": 0.5, "MAXMAG01": 7.1, "MAXMAG02": 7.3, "MAXMAG03": 7.5, "MAXMAG04": 7.7, "WMAXMAG01": 0.5, "WMAXMAG02": 0.2, "WMAXMAG03": 0.2, "WMAXMAG04": 0.1, "STRIKE1": 30.419048, "STRIKE2": 140.936, "STRIKE3": 222.644186, "STRIKE4": 286.409381, "DIP1": 82.142857, "DIP2": 79.688724, "DIP3": 73.042323, "DIP4": 70.201071, "DIRWEIGHT1": 0.153285, "DIRWEIGHT2": 0.105839, "DIRWEIGHT3": 0.587591, "DIRWEIGHT4": 0.153285 }, "geometry": { "type": "Polygon", "coordinates": [ [ [ 27.49603699980787, 39.680541000067251 ], [ 28.32383699957802, 39.637269000164395 ], [ 28.207767999793532, 39.494066000046018 ], [ 27.905797000331461, 39.119043999780956 ], [ 27.35954499980204, 38.426577999675089 ], [ 26.820651999590268, 38.78438400012169 ], [ 26.754445999683298, 38.801429000148403 ], [ 27.009720999624619, 39.11061699967496 ], [ 27.49603699980787, 39.680541000067251 ] ] ] } },
{ "type": "Feature", "properties": { "OBJECTID_1": 362.0, "LONC": 31.255513, "LATC": 38.425582, "IDAS": "TRAS338", "A": 4.5, "B": 1.0, "TECREG": "Active", "TECTONICS": "Active Shallow Crust", "SS": 40, "NF": 50, "TF": 10, "MINDEPTH": 0, "HYPODEPTH1": 2, "HYPODEPTH2": 10, "HYPODEPTH3": 18, "MAXDEPTH": 20, "WHDEPTH1": 0.1, "WHDEPTH2": 0.4, "WHDEPTH3": 0.5, "MAXMAG01": 7.1, "MAXMAG02": 7.3, "MAXMAG03": 7.5, "MAXMAG04": 7.7, "WMAXMAG01": 0.5, "WMAXMAG02": 0.2, "WMAXMAG03": 0.2, "WMAXMAG04": 0.1, "STRIKE1": 31.283515, "STRIKE2": 125.494067, "STRIKE3": 221.157082, "STRIKE4": 300.619951, "DIP1": 46.294833, "DIP2": 53.321441, "DIP3": 52.118888, "DIP4": 47.884841, "DIRWEIGHT1": 0.088829, "DIRWEIGHT2": 0.26245, "DIRWEIGHT3": 0.131898, "DIRWEIGHT4": 0.516824 }, "geometry": { "type": "Polygon", "coordinates": [ [ [ 28.207767999793532, 39.494066000046018 ], [ 28.74571300035484, 39.4617920001009 ], [ 29.066509000090434, 39.431140000310904 ], [ 29.217582999855722, 39.401266000425721 ], [ 29.374477000013712, 39.369835999831707 ], [ 29.797925000438568, 39.267667999878483 ], [ 30.321197999788012, 39.094436999967741 ], [ 31.096299000198883, 38.802495999890652 ], [ 31.183765000254709, 38.767035999611835 ], [ 31.851246000202934, 38.427958000361571 ], [ 32.41562100010924, 38.010983999911844 ], [ 32.787740999647554, 37.67382400007773 ], [ 32.287301000141213, 37.357098000072824 ], [ 31.761196999741912, 37.745344000425462 ], [ 31.240890999620092, 38.123329999779855 ], [ 30.653762999962623, 38.42703199992701 ], [ 30.38818899992259, 38.542263999783927 ], [ 30.04172500000891, 38.654651999790133 ], [ 29.570159000137892, 38.782764000058705 ], [ 29.053677000093671, 38.899856000254374 ], [ 28.373588999732704, 39.053111999919054 ], [ 27.905797000331461, 39.119043999780956 ], [ 28.207767999793532, 39.494066000046018 ] ] ] } },
{ "type": "Feature", "properties": { "OBJECTID_1": 363.0, "LONC": 28.645346, "LATC": 38.231119, "IDAS": "TRAS339", "A": 4.0, "B": 0.9, "TECREG": "Active", "TECTONICS": "Active Shallow Crust", "SS": 20, "NF": 75, "TF": 5, "MINDEPTH": 0, "HYPODEPTH1": 2, "HYPODEPTH2": 10, "HYPODEPTH3": 18, "MAXDEPTH": 20, "WHDEPTH1": 0.1, "WHDEPTH2": 0.4, "WHDEPTH3": 0.5, "MAXMAG01": 7.1, "MAXMAG02": 7.3, "MAXMAG03": 7.5, "MAXMAG04": 7.7, "WMAXMAG01": 0.5, "WMAXMAG02": 0.2, "WMAXMAG03": 0.2, "WMAXMAG04": 0.1, "STRIKE1": 59.418345, "STRIKE2": 119.574317, "STRIKE3": 237.209864, "STRIKE4": 294.876788, "DIP1": 50.260793, "DIP2": 50.561829, "DIP3": 53.882833, "DIP4": 53.53303, "DIRWEIGHT1": 0.105072, "DIRWEIGHT2": 0.297101, "DIRWEIGHT3": 0.23913, "DIRWEIGHT4": 0.358696 }, "geometry": { "type": "Polygon", "coordinates": [ [ [ 27.677636999847834, 38.831418999987022 ], [ 28.136988000296128, 38.762360999860448 ], [ 28.490771999628237, 38.698395999875686 ], [ 28.906763999758937, 38.564374999606684 ], [ 29.368048000315127, 38.283689999693877 ], [ 29.931147999880466, 37.879524999978912 ], [ 29.577131999742164, 37.630819999943185 ], [ 29.334375999752751, 37.712839999766345 ], [ 29.074760000174024, 37.749881000108246 ], [ 28.919681000078242, 37.760543999905849 ], [ 28.82188999962392, 37.778984999558247 ], [ 28.6925029999137, 37.770408999775668 ], [ 28.725375999602875, 38.086256999760906 ], [ 28.556867999858468, 38.22932299985672 ], [ 28.440232000006972, 38.305470999587101 ], [ 28.358588000436043, 38.342021999815586 ], [ 28.206967999773553, 38.378573000044071 ], [ 28.004802000112363, 38.390756999835844 ], [ 27.713218000310633, 38.378573000044071 ], [ 27.534382000029439, 38.390756999835844 ], [ 27.35954499980204, 38.426577999675089 ], [ 27.677636999847834, 38.831418999987022 ] ] ] } },
{ "type": "Feature", "properties": { "OBJECTID_1": 364.0, "LONC": 27.91934, "LATC": 37.810269, "IDAS": "TRAS340", "A": 3.0, "B": 0.8, "TECREG": "Active", "TECTONICS": "Active Shallow Crust", "SS": 35, "NF": 65, "TF": 0, "MINDEPTH": 0, "HYPODEPTH1": 2, "HYPODEPTH2": 10, "HYPODEPTH3": 18, "MAXDEPTH": 20, "WHDEPTH1": 0.1, "WHDEPTH2": 0.4, "WHDEPTH3": 0.5, "MAXMAG01": 7.1, "MAXMAG02": 7.3, "MAXMAG03": 7.5, "MAXMAG04": 7.7, "WMAXMAG01": 0.5, "WMAXMAG02": 0.2, "WMAXMAG03": 0.2, "WMAXMAG04": 0.1, "STRIKE1": 70.92348, "STRIKE2": 102.9825, "STRIKE3": 247.735754, "STRIKE4": 275.8238, "DIP1": 58.32404, "DIP2": 51.396333, "DIP3": 55.809446, "DIP4": 62.5072, "DIRWEIGHT1": 0.431034, "DIRWEIGHT2": 0.137931, "DIRWEIGHT3": 0.373563, "DIRWEIGHT4": 0.057471 }, "geometry": { "type": "Polygon", "coordinates": [ [ [ 28.725375999602875, 38.086256999760906 ], [ 28.6925029999137, 37.770408999775668 ], [ 28.448064999700136, 37.751060999665583 ], [ 28.138826999666492, 37.702298000152723 ], [ 27.785827999662615, 37.666773999620546 ], [ 27.675641999578772, 37.656501999867544 ], [ 27.136486999875331, 37.533556999556026 ], [ 27.147006000226895, 37.634896999996727 ], [ 27.11358999977881, 37.970542000113369 ], [ 27.274005000430577, 38.002108999830625 ], [ 27.931940999977314, 38.063462999917704 ], [ 28.632933000257935, 38.087060999965331 ], [ 28.725375999602875, 38.086256999760906 ] ] ] } },
{ "type": "Feature", "properties": { "OBJECTID_1": 365.0, "LONC": 27.92098, "LATC": 37.250853, "IDAS": "TRAS341", "A": 4.0, "B": 1.0, "TECREG": "Active", "TECTONICS": "Active Shallow Crust", "SS": 20, "NF": 75, "TF": 5, "MINDEPTH": 0, "HYPODEPTH1": 2, "HYPODEPTH2": 10, "HYPODEPTH3": 18, "MAXDEPTH": 20, "WHDEPTH1": 0.1, "WHDEPTH2": 0.4, "WHDEPTH3": 0.5, "MAXMAG01": 7.1, "MAXMAG02": 7.3, "MAXMAG03": 7.5, "MAXMAG04": 7.7, "WMAXMAG01": 0.5, "WMAXMAG02": 0.2, "WMAXMAG03": 0.2, "WMAXMAG04": 0.1, "STRIKE1": 67.19447, "STRIKE2": 118.984, "STRIKE3": 249.815114, "STRIKE4": 302.62658, "DIP1": 65.431217, "DIP2": 70.0276, "DIP3": 61.9065, "DIP4": 78.894116, "DIRWEIGHT1": 0.367257, "DIRWEIGHT2": 0.132743, "DIRWEIGHT3": 0.19469, "DIRWEIGHT4": 0.30531 }, "geometry": { "type": "Polygon", "coordinates": [ [ [ 27.785827999662615, 37.666773999620546 ], [ 28.926968999819678, 37.096789000012507 ], [ 27.47759400006322, 36.834240000076136 ], [ 26.914844999597221, 37.153951000138704 ], [ 27.136486999875331, 37.533556999556026 ], [ 27.675641999578772, 37.656501999867544 ], [ 27.785827999662615, 37.666773999620546 ] ] ] } },
{ "type": "Feature", "properties": { "OBJECTID_1": 366.0, "LONC": 29.855384, "LATC": 37.415692, "IDAS": "TRAS342", "A": 4.5, "B": 1.0, "TECREG": "Active", "TECTONICS": "Active Shallow Crust", "SS": 30, "NF": 55, "TF": 15, "MINDEPTH": 0, "HYPODEPTH1": 2, "HYPODEPTH2": 10, "HYPODEPTH3": 18, "MAXDEPTH": 20, "WHDEPTH1": 0.1, "WHDEPTH2": 0.4, "WHDEPTH3": 0.5, "MAXMAG01": 7.1, "MAXMAG02": 7.3, "MAXMAG03": 7.5, "MAXMAG04": 7.7, "WMAXMAG01": 0.5, "WMAXMAG02": 0.2, "WMAXMAG03": 0.2, "WMAXMAG04": 0.1, "STRIKE1": 35.874059, "STRIKE2": 143.687792, "STRIKE3": 230.027901, "STRIKE4": 311.194851, "DIP1": 52.352912, "DIP2": 51.319283, "DIP3": 51.205031, "DIP4": 55.355478, "DIRWEIGHT1": 0.265625, "DIRWEIGHT2": 0.138021, "DIRWEIGHT3": 0.421875, "DIRWEIGHT4": 0.174479 }, "geometry": { "type": "Polygon", "coordinates": [ [ [ 28.802532999998107, 36.691260000348905 ], [ 28.750000000200032, 36.599999999800332 ], [ 28.469882000354175, 36.72634999975287 ], [ 28.926968999819678, 37.096789000012507 ], [ 29.577131999742164, 37.630819999943185 ], [ 29.931147999880466, 37.879524999978912 ], [ 30.653762999962623, 38.42703199992701 ], [ 31.240886000288867, 38.122740999597625 ], [ 30.757059999819319, 37.702415000152314 ], [ 30.732466999752376, 37.681048999611789 ], [ 30.27981099957816, 37.181672999709349 ], [ 30.056588000136287, 36.866871000296612 ], [ 29.682791999751146, 36.404147999930444 ], [ 28.802532999998107, 36.691260000348905 ] ] ] } },
{ "type": "Feature", "properties": { "OBJECTID_1": 367.0, "LONC": 37.163165, "LATC": 40.496148, "IDAS": "TRAS344", "A": 3.5, "B": 0.74, "TECREG": "Active", "TECTONICS": "Active Shallow Crust", "SS": 75, "NF": 10, "TF": 15, "MINDEPTH": 0, "HYPODEPTH1": 2, "HYPODEPTH2": 10, "HYPODEPTH3": 18, "MAXDEPTH": 20, "WHDEPTH1": 0.1, "WHDEPTH2": 0.4, "WHDEPTH3": 0.5, "MAXMAG01": 8.0, "MAXMAG02": 8.2, "MAXMAG03": 8.4, "MAXMAG04": 8.6, "WMAXMAG01": 0.5, "WMAXMAG02": 0.2, "WMAXMAG03": 0.2, "WMAXMAG04": 0.1, "STRIKE1": 47.522085, "STRIKE2": 110.364383, "STRIKE3": 251.897202, "STRIKE4": 289.213172, "DIP1": 78.783712, "DIP2": 83.043311, "DIP3": 76.033333, "DIP4": 73.278652, "DIRWEIGHT1": 0.059237, "DIRWEIGHT2": 0.348394, "DIRWEIGHT3": 0.358434, "DIRWEIGHT4": 0.233936 }, "geometry": { "type": "Polygon", "coordinates": [ [ [ 36.226919000012003, 40.971771000431488 ], [ 37.170000000100117, 40.649999999800343 ], [ 37.679999999800316, 40.509999999900231 ], [ 38.69000000029996, 40.220000000299933 ], [ 39.501369999625922, 39.929587999686589 ], [ 41.30455399986738, 39.387374000110185 ], [ 41.167842999654852, 39.001362000256279 ], [ 39.46410699983835, 39.578612000343696 ], [ 39.021167999903412, 39.726859000142895 ], [ 38.390000000000157, 39.950000000299951 ], [ 38.049999999600459, 40.059999999900242 ], [ 37.430000000299913, 40.230000000100063 ], [ 37.036062000061406, 40.348181000153204 ], [ 35.95065900001299, 40.714877999620171 ], [ 35.413821000139194, 40.898445999583373 ], [ 34.083668999924555, 40.928979000180902 ], [ 32.56567100031657, 40.688956000319308 ], [ 31.901701000401033, 40.615614999632669 ], [ 31.886314000390996, 40.877856999800883 ], [ 32.930818372775867, 41.12991152611766 ], [ 33.342502474113978, 41.27345865293475 ], [ 34.006635018296933, 41.310866129905264 ], [ 35.309989999938693, 41.264006999723449 ], [ 36.226919000012003, 40.971771000431488 ] ] ] } },
{ "type": "Feature", "properties": { "OBJECTID_1": 368.0, "LONC": 35.369599, "LATC": 40.188208, "IDAS": "TRAS345", "A": 3.9, "B": 1.0, "TECREG": "Active", "TECTONICS": "Active Shallow Crust", "SS": 75, "NF": 10, "TF": 15, "MINDEPTH": 0, "HYPODEPTH1": 2, "HYPODEPTH2": 10, "HYPODEPTH3": 18, "MAXDEPTH": 20, "WHDEPTH1": 0.1, "WHDEPTH2": 0.4, "WHDEPTH3": 0.5, "MAXMAG01": 8.0, "MAXMAG02": 8.2, "MAXMAG03": 8.4, "MAXMAG04": 8.6, "WMAXMAG01": 0.5, "WMAXMAG02": 0.2, "WMAXMAG03": 0.2, "WMAXMAG04": 0.1, "STRIKE1": 84.103833, "STRIKE2": 96.131174, "STRIKE3": 244.54899, "STRIKE4": 0.0, "DIP1": 86.72575, "DIP2": 86.522087, "DIP3": 85.008563, "DIP4": 0.0, "DIRWEIGHT1": 0.091603, "DIRWEIGHT2": 0.175573, "DIRWEIGHT3": 0.732824, "DIRWEIGHT4": 0.0 }, "geometry": { "type": "Polygon", "coordinates": [ [ [ 35.95065900001299, 40.714877999620171 ], [ 37.036062000061406, 40.348181000153204 ], [ 36.6201120000689, 40.358013000299877 ], [ 35.805367999833493, 40.279756999586027 ], [ 35.413087999611662, 40.178024999953948 ], [ 34.618464000013773, 39.911956999615995 ], [ 34.256360000114057, 39.763271000256623 ], [ 33.934488000221222, 39.661538999725224 ], [ 33.703136000026518, 39.982387000060157 ], [ 33.874135999576879, 40.037164999964943 ], [ 34.407231999557325, 40.232804999950929 ], [ 34.819632000416675, 40.404964999934975 ], [ 35.543847999685624, 40.66320700000324 ], [ 35.95065900001299, 40.714877999620171 ] ] ] } },
{ "type": "Feature", "properties": { "OBJECTID_1": 369.0, "LONC": 33.689727, "LATC": 38.562991, "IDAS": "TRAS346", "A": 3.9, "B": 1.0, "TECREG": "Active", "TECTONICS": "Active Shallow Crust", "SS": 60, "NF": 30, "TF": 10, "MINDEPTH": 0, "HYPODEPTH1": 2, "HYPODEPTH2": 10, "HYPODEPTH3": 18, "MAXDEPTH": 20, "WHDEPTH1": 0.1, "WHDEPTH2": 0.4, "WHDEPTH3": 0.5, "MAXMAG01": 7.5, "MAXMAG02": 7.7, "MAXMAG03": 7.9, "MAXMAG04": 8.1, "WMAXMAG01": 0.5, "WMAXMAG02": 0.2, "WMAXMAG03": 0.2, "WMAXMAG04": 0.1, "STRIKE1": 17.407556, "STRIKE2": 141.103083, "STRIKE3": 193.395649, "STRIKE4": 332.065905, "DIP1": 81.333333, "DIP2": 62.125677, "DIP3": 55.235757, "DIP4": 66.022238, "DIRWEIGHT1": 0.045, "DIRWEIGHT2": 0.665, "DIRWEIGHT3": 0.185, "DIRWEIGHT4": 0.105 }, "geometry": { "type": "Polygon", "coordinates": [ [ [ 34.520576999628986, 37.619414000056224 ], [ 34.409235000195281, 37.677432000086924 ], [ 33.982261999991465, 37.925282000264247 ], [ 33.589957999562216, 38.270720999674552 ], [ 33.346057999876962, 38.560173000084035 ], [ 33.286629000428206, 38.641814000415934 ], [ 33.015514000271082, 38.932100999761474 ], [ 32.710144999692147, 39.384658999913086 ], [ 33.212160999930347, 39.506569000159402 ], [ 33.434360999860417, 39.378242999914676 ], [ 34.15035300029092, 38.505629000178374 ], [ 34.537152999611408, 38.139900000384898 ], [ 34.669310000256473, 38.047554000117202 ], [ 34.520576999628986, 37.619414000056224 ] ] ] } },
{ "type": "Feature", "properties": { "OBJECTID_1": 370.0, "LONC": 35.254302, "LATC": 38.235053, "IDAS": "TRAS347", "A": 3.25, "B": 0.9, "TECREG": "Active", "TECTONICS": "Active Shallow Crust", "SS": 55, "NF": 20, "TF": 25, "MINDEPTH": 0, "HYPODEPTH1": 2, "HYPODEPTH2": 10, "HYPODEPTH3": 18, "MAXDEPTH": 20, "WHDEPTH1": 0.1, "WHDEPTH2": 0.4, "WHDEPTH3": 0.5, "MAXMAG01": 7.5, "MAXMAG02": 7.7, "MAXMAG03": 7.9, "MAXMAG04": 8.1, "WMAXMAG01": 0.5, "WMAXMAG02": 0.2, "WMAXMAG03": 0.2, "WMAXMAG04": 0.1, "STRIKE1": 52.655354, "STRIKE2": 108.33016, "STRIKE3": 214.724032, "STRIKE4": 352.213375, "DIP1": 80.146125, "DIP2": 79.09216, "DIP3": 82.001495, "DIP4": 73.422075, "DIRWEIGHT1": 0.385542, "DIRWEIGHT2": 0.100402, "DIRWEIGHT3": 0.433735, "DIRWEIGHT4": 0.080321 }, "geometry": { "type": "Polygon", "coordinates": [ [ [ 35.146941000127242, 39.42245299990617 ], [ 36.159041000342086, 39.068448000275168 ], [ 35.59497700038844, 38.084615999628852 ], [ 35.449769000439176, 37.865009999711901 ], [ 35.187284999903, 37.465328999933547 ], [ 34.886893999558595, 37.047653000385822 ], [ 34.349563000332353, 37.127136000126484 ], [ 34.520576999628986, 37.619414000056224 ], [ 34.669310000256473, 38.047554000117202 ], [ 35.146941000127242, 39.42245299990617 ] ] ] } },
{ "type": "Feature", "properties": { "OBJECTID_1": 371.0, "LONC": 35.55139, "LATC": 37.154828, "IDAS": "TRAS348", "A": 4.0, "B": 1.0, "TECREG": "Active", "TECTONICS": "Active Shallow Crust", "SS": 60, "NF": 40, "TF": 0, "MINDEPTH": 0, "HYPODEPTH1": 2, "HYPODEPTH2": 10, "HYPODEPTH3": 18, "MAXDEPTH": 20, "WHDEPTH1": 0.1, "WHDEPTH2": 0.4, "WHDEPTH3": 0.5, "MAXMAG01": 7.9, "MAXMAG02": 8.1, "MAXMAG03": 8.3, "MAXMAG04": 8.5, "WMAXMAG01": 0.5, "WMAXMAG02": 0.2, "WMAXMAG03": 0.2, "WMAXMAG04": 0.1, "STRIKE1": 54.256314, "STRIKE2": 151.9625, "STRIKE3": 216.409877, "STRIKE4": 0.0, "DIP1": 70.011714, "DIP2": 70.0, "DIP3": 74.276921, "DIP4": 0.0, "DIRWEIGHT1": 0.3125, "DIRWEIGHT2": 0.011905, "DIRWEIGHT3": 0.675595, "DIRWEIGHT4": 0.0 }, "geometry": { "type": "Polygon", "coordinates": [ [ [ 36.446597999698099, 37.163017000034699 ], [ 35.735800999616629, 36.81628799959168 ], [ 35.195586999640511, 36.455416999894794 ], [ 34.656182000099363, 36.873355999879664 ], [ 34.886893999558595, 37.047653000385822 ], [ 35.700093999638511, 37.854239000329756 ], [ 36.446597999698099, 37.163017000034699 ] ] ] } },
{ "type": "Feature", "properties": { "OBJECTID_1": 372.0, "LONC": 36.51221, "LATC": 36.481799, "IDAS": "TRAS350", "A": 3.6, "B": 0.91, "TECREG": "Active", "TECTONICS": "Active Shallow Crust", "SS": 75, "NF": 15, "TF": 10, "MINDEPTH": 0, "HYPODEPTH1": 2, "HYPODEPTH2": 10, "HYPODEPTH3": 18, "MAXDEPTH": 20, "WHDEPTH1": 0.1, "WHDEPTH2": 0.4, "WHDEPTH3": 0.5, "MAXMAG01": 7.9, "MAXMAG02": 8.1, "MAXMAG03": 8.3, "MAXMAG04": 8.5, "WMAXMAG01": 0.5, "WMAXMAG02": 0.2, "WMAXMAG03": 0.2, "WMAXMAG04": 0.1, "STRIKE1": 30.250164, "STRIKE2": 0.0, "STRIKE3": 200.238338, "STRIKE4": 281.1175, "DIP1": 78.452028, "DIP2": 0.0, "DIP3": 66.713459, "DIP4": 80.0, "DIRWEIGHT1": 0.662921, "DIRWEIGHT2": 0.0, "DIRWEIGHT3": 0.277154, "DIRWEIGHT4": 0.059925 }, "geometry": { "type": "Polygon", "coordinates": [ [ [ 36.785018000080811, 37.600305000175808 ], [ 37.020000000399875, 37.099999999700401 ], [ 36.472329000083448, 35.363294000218104 ], [ 36.182690000043635, 35.377257000210534 ], [ 36.004419999783352, 35.39279600003556 ], [ 36.26830400012966, 36.595512999725315 ], [ 36.446597999698099, 37.163017000034699 ], [ 36.785018000080811, 37.600305000175808 ] ] ] } },
{ "type": "Feature", "properties": { "OBJECTID_1": 373.0, "LONC": 38.290129, "LATC": 38.05106, "IDAS": "TRAS351", "A": 4.2, "B": 0.9, "TECREG": "Active", "TECTONICS": "Active Shallow Crust", "SS": 75, "NF": 15, "TF": 10, "MINDEPTH": 0, "HYPODEPTH1": 2, "HYPODEPTH2": 10, "HYPODEPTH3": 18, "MAXDEPTH": 20, "WHDEPTH1": 0.1, "WHDEPTH2": 0.4, "WHDEPTH3": 0.5, "MAXMAG01": 7.9, "MAXMAG02": 8.1, "MAXMAG03": 8.3, "MAXMAG04": 8.5, "WMAXMAG01": 0.5, "WMAXMAG02": 0.2, "WMAXMAG03": 0.2, "WMAXMAG04": 0.1, "STRIKE1": 56.984743, "STRIKE2": 124.653726, "STRIKE3": 243.177, "STRIKE4": 286.281977, "DIP1": 82.133747, "DIP2": 84.855655, "DIP3": 64.895021, "DIP4": 64.694386, "DIRWEIGHT1": 0.363004, "DIRWEIGHT2": 0.116829, "DIRWEIGHT3": 0.397775, "DIRWEIGHT4": 0.122392 }, "geometry": { "type": "Polygon", "coordinates": [ [ [ 40.60843600042125, 39.194062999607922 ], [ 41.167842999654852, 39.001362000256279 ], [ 40.012986000103979, 38.578134000084219 ], [ 39.397410999817964, 38.354361999606738 ], [ 39.033317999925941, 38.230699000358754 ], [ 38.166255999914654, 37.862653999882355 ], [ 37.730848000135268, 37.615327999587691 ], [ 37.020000000399875, 37.099999999700401 ], [ 36.785018000080811, 37.600305000175808 ], [ 40.60843600042125, 39.194062999607922 ] ] ] } },
{ "type": "Feature", "properties": { "OBJECTID_1": 375.0, "LONC": 27.137088, "LATC": 41.628956, "IDAS": "TRAS356", "A": 3.2, "B": 0.9, "TECREG": "Active", "TECTONICS": "Active Shallow Crust", "SS": 50, "NF": 40, "TF": 10, "MINDEPTH": 0, "HYPODEPTH1": 2, "HYPODEPTH2": 10, "HYPODEPTH3": 18, "MAXDEPTH": 20, "WHDEPTH1": 0.1, "WHDEPTH2": 0.4, "WHDEPTH3": 0.5, "MAXMAG01": 7.5, "MAXMAG02": 7.7, "MAXMAG03": 7.9, "MAXMAG04": 8.1, "WMAXMAG01": 0.5, "WMAXMAG02": 0.2, "WMAXMAG03": 0.2, "WMAXMAG04": 0.1, "STRIKE1": 84.712585, "STRIKE2": 97.060473, "STRIKE3": 261.115432, "STRIKE4": 302.003022, "DIP1": 49.717098, "DIP2": 48.716291, "DIP3": 51.863, "DIP4": 51.574022, "DIRWEIGHT1": 0.22043, "DIRWEIGHT2": 0.295699, "DIRWEIGHT3": 0.236559, "DIRWEIGHT4": 0.247312 }, "geometry": { "type": "Polygon", "coordinates": [ [ [ 27.501105999742265, 42.651841999808596 ], [ 28.577427249211414, 41.055612976280152 ], [ 27.585609999901749, 40.980470999637078 ], [ 25.999652000439653, 40.650061999961508 ], [ 25.700128999653771, 40.599820999739507 ], [ 25.699894999654703, 41.299762000116402 ], [ 25.993782000439126, 41.377423000371323 ], [ 26.276666000135947, 42.036587999936387 ], [ 27.01326100009527, 42.658092000245802 ], [ 27.501105999742265, 42.651841999808596 ] ] ] } },
{ "type": "Feature", "properties": { "OBJECTID_1": 376.0, "LONC": 24.2, "LATC": 39.521604, "IDAS": "GRAS357", "A": 3.9, "B": 1.0, "TECREG": "Active", "TECTONICS": "Active Shallow Crust", "SS": 40, "NF": 60, "TF": 0, "MINDEPTH": 0, "HYPODEPTH1": 2, "HYPODEPTH2": 10, "HYPODEPTH3": 18, "MAXDEPTH": 20, "WHDEPTH1": 0.1, "WHDEPTH2": 0.4, "WHDEPTH3": 0.5, "MAXMAG01": 8.0, "MAXMAG02": 8.2, "MAXMAG03": 8.4, "MAXMAG04": 8.6, "WMAXMAG01": 0.5, "WMAXMAG02": 0.2, "WMAXMAG03": 0.2, "WMAXMAG04": 0.1, "STRIKE1": 59.750273, "STRIKE2": 0.0, "STRIKE3": 221.52187, "STRIKE4": 304.452917, "DIP1": 71.687636, "DIP2": 0.0, "DIP3": 68.0383, "DIP4": 73.287958, "DIRWEIGHT1": 0.081481, "DIRWEIGHT2": 0.0, "DIRWEIGHT3": 0.740741, "DIRWEIGHT4": 0.177778 }, "geometry": { "type": "Polygon", "coordinates": [ [ [ 23.839237000187552, 38.843208999595845 ], [ 23.638186999830339, 39.006083000330364 ], [ 23.450000000000159, 39.200000000000159 ], [ 23.999999999800309, 39.699999999900228 ], [ 24.499999999700378, 40.199999999800298 ], [ 24.949999999700367, 39.900000000399871 ], [ 23.839237000187552, 38.843208999595845 ] ] ] } },
{ "type": "Feature", "properties": { "OBJECTID_1": 379.0, "LONC": 26.229772, "LATC": 38.325714, "IDAS": "TRAS360", "A": 3.6, "B": 0.85, "TECREG": "Active", "TECTONICS": "Active Shallow Crust", "SS": 65, "NF": 20, "TF": 15, "MINDEPTH": 0, "HYPODEPTH1": 2, "HYPODEPTH2": 10, "HYPODEPTH3": 18, "MAXDEPTH": 20, "WHDEPTH1": 0.1, "WHDEPTH2": 0.4, "WHDEPTH3": 0.5, "MAXMAG01": 7.1, "MAXMAG02": 7.3, "MAXMAG03": 7.5, "MAXMAG04": 7.7, "WMAXMAG01": 0.5, "WMAXMAG02": 0.2, "WMAXMAG03": 0.2, "WMAXMAG04": 0.1, "STRIKE1": 44.983663, "STRIKE2": 119.797828, "STRIKE3": 233.96938, "STRIKE4": 327.390292, "DIP1": 72.907782, "DIP2": 55.181354, "DIP3": 69.524463, "DIP4": 60.760208, "DIRWEIGHT1": 0.283708, "DIRWEIGHT2": 0.27809, "DIRWEIGHT3": 0.303371, "DIRWEIGHT4": 0.134831 }, "geometry": { "type": "Polygon", "coordinates": [ [ [ 25.899999999600482, 38.799999999900251 ], [ 26.754445999683298, 38.801429000148403 ], [ 26.820656999820869, 38.784333999614546 ], [ 27.35954499980204, 38.426577999675089 ], [ 27.274005000430577, 38.002108999830625 ], [ 27.11358999977881, 37.970542000113369 ], [ 26.50015900033776, 37.850176000022543 ], [ 25.100000000299929, 37.850000000000193 ], [ 25.899999999600482, 38.799999999900251 ] ] ] } },
{ "type": "Feature", "properties": { "OBJECTID_1": 380.0, "LONC": 30.905405, "LATC": 35.588325, "IDAS": "TRAS361", "A": 4.0, "B": 1.0, "TECREG": "Active", "TECTONICS": "Active Shallow Crust", "SS": 20, "NF": 75, "TF": 5, "MINDEPTH": 0, "HYPODEPTH1": 2, "HYPODEPTH2": 10, "HYPODEPTH3": 18, "MAXDEPTH": 50, "WHDEPTH1": 0.1, "WHDEPTH2": 0.4, "WHDEPTH3": 0.5, "MAXMAG01": 7.5, "MAXMAG02": 7.7, "MAXMAG03": 7.9, "MAXMAG04": 8.1, "WMAXMAG01": 0.5, "WMAXMAG02": 0.2, "WMAXMAG03": 0.2, "WMAXMAG04": 0.1, "STRIKE1": 46.196527, "STRIKE2": 143.89855, "STRIKE3": 215.718091, "STRIKE4": 0.0, "DIP1": 50.082345, "DIP2": 57.5806, "DIP3": 50.126636, "DIP4": 0.0, "DIRWEIGHT1": 0.639535, "DIRWEIGHT2": 0.232558, "DIRWEIGHT3": 0.127907, "DIRWEIGHT4": 0.0 }, "geometry": { "type": "Polygon", "coordinates": [ [ [ 30.056588000136287, 36.866871000296612 ], [ 32.128018999577307, 35.101914000231091 ], [ 31.784134999930473, 34.309779000300807 ], [ 30.485964999685166, 35.015051000103711 ], [ 29.792480000251999, 35.378809999881753 ], [ 30.100441999898521, 35.81988600023891 ], [ 30.153552000224806, 36.00297999992722 ], [ 29.962945000311663, 36.310142999599918 ], [ 29.682791999751146, 36.404147999930444 ], [ 30.056588000136287, 36.866871000296612 ] ] ] } },
{ "type": "Feature", "properties": { "OBJECTID_1": 381.0, "LONC": 32.177984, "LATC": 34.503289, "IDAS": "CYAS362", "A": 3.5, "B": 0.9, "TECREG": "Active", "TECTONICS": "Active Shallow Crust", "SS": 65, "NF": 15, "TF": 20, "MINDEPTH": 0, "HYPODEPTH1": 2, "HYPODEPTH2": 10, "HYPODEPTH3": 18, "MAXDEPTH": 50, "WHDEPTH1": 0.1, "WHDEPTH2": 0.4, "WHDEPTH3": 0.5, "MAXMAG01": 7.5, "MAXMAG02": 7.7, "MAXMAG03": 7.9, "MAXMAG04": 8.1, "WMAXMAG01": 0.5, "WMAXMAG02": 0.2, "WMAXMAG03": 0.2, "WMAXMAG04": 0.1, "STRIKE1": 34.01205, "STRIKE2": 0.0, "STRIKE3": 0.0, "STRIKE4": 316.4848, "DIP1": 67.28915, "DIP2": 0.0, "DIP3": 0.0, "DIP4": 34.1872, "DIRWEIGHT1": 0.923077, "DIRWEIGHT2": 0.0, "DIRWEIGHT3": 0.0, "DIRWEIGHT4": 0.076923 }, "geometry": { "type": "Polygon", "coordinates": [ [ [ 31.784134999930473, 34.309779000300807 ], [ 32.128018999577307, 35.101914000231091 ], [ 32.571834000339038, 34.689140000111081 ], [ 32.395572000047935, 34.203938000038818 ], [ 32.288326999791366, 33.904664999989905 ], [ 31.784134999930473, 34.309779000300807 ] ] ] } },
{ "type": "Feature", "properties": { "OBJECTID_1": 382.0, "LONC": 33.574476, "LATC": 34.324637, "IDAS": "CYAS363", "A": 3.9, "B": 1.0, "TECREG": "Active", "TECTONICS": "Active Shallow Crust", "SS": 50, "NF": 10, "TF": 40, "MINDEPTH": 0, "HYPODEPTH1": 2, "HYPODEPTH2": 10, "HYPODEPTH3": 18, "MAXDEPTH": 20, "WHDEPTH1": 0.1, "WHDEPTH2": 0.4, "WHDEPTH3": 0.5, "MAXMAG01": 7.5, "MAXMAG02": 7.7, "MAXMAG03": 7.9, "MAXMAG04": 8.1, "WMAXMAG01": 0.5, "WMAXMAG02": 0.2, "WMAXMAG03": 0.2, "WMAXMAG04": 0.1, "STRIKE1": 0.0, "STRIKE2": 0.0, "STRIKE3": 267.64, "STRIKE4": 282.196894, "DIP1": 0.0, "DIP2": 0.0, "DIP3": 33.509667, "DIP4": 32.695543, "DIRWEIGHT1": 0.0, "DIRWEIGHT2": 0.0, "DIRWEIGHT3": 0.030928, "DIRWEIGHT4": 0.969072 }, "geometry": { "type": "Polygon", "coordinates": [ [ [ 32.288326999791366, 33.904664999989905 ], [ 32.394961999796635, 34.202869000204373 ], [ 34.481543000009594, 34.744609999551983 ], [ 34.860625000443576, 34.569267000272021 ], [ 32.288326999791366, 33.904664999989905 ] ] ] } },
{ "type": "Feature", "properties": { "OBJECTID_1": 383.0, "LONC": 33.438282, "LATC": 34.607195, "IDAS": "CYAS364", "A": 4.1272, "B": 1.0, "TECREG": "Active", "TECTONICS": "Active Shallow Crust", "SS": 40, "NF": 10, "TF": 50, "MINDEPTH": 0, "HYPODEPTH1": 2, "HYPODEPTH2": 10, "HYPODEPTH3": 18, "MAXDEPTH": 20, "WHDEPTH1": 0.1, "WHDEPTH2": 0.4, "WHDEPTH3": 0.5, "MAXMAG01": 7.5, "MAXMAG02": 7.7, "MAXMAG03": 7.9, "MAXMAG04": 8.1, "WMAXMAG01": 0.5, "WMAXMAG02": 0.2, "WMAXMAG03": 0.2, "WMAXMAG04": 0.1, "STRIKE1": 0.0, "STRIKE2": 0.0, "STRIKE3": 269.8816, "STRIKE4": 294.712607, "DIP1": 0.0, "DIP2": 0.0, "DIP3": 33.122, "DIP4": 32.353762, "DIRWEIGHT1": 0.0, "DIRWEIGHT2": 0.0, "DIRWEIGHT3": 0.020492, "DIRWEIGHT4": 0.979508 }, "geometry": { "type": "Polygon", "coordinates": [ [ [ 32.571834000339038, 34.689140000111081 ], [ 33.881252000379675, 35.011527000370961 ], [ 34.481543000009594, 34.744609999551983 ], [ 32.395021999865548, 34.202863999973772 ], [ 32.571834000339038, 34.689140000111081 ] ] ] } },
{ "type": "Feature", "properties": { "OBJECTID_1": 384.0, "LONC": 35.074778, "LATC": 35.58239, "IDAS": "TRAS365", "A": 4.2, "B": 1.0, "TECREG": "Active", "TECTONICS": "Active Shallow Crust", "SS": 50, "NF": 50, "TF": 0, "MINDEPTH": 0, "HYPODEPTH1": 2, "HYPODEPTH2": 10, "HYPODEPTH3": 18, "MAXDEPTH": 20, "WHDEPTH1": 0.1, "WHDEPTH2": 0.4, "WHDEPTH3": 0.5, "MAXMAG01": 7.5, "MAXMAG02": 7.7, "MAXMAG03": 7.9, "MAXMAG04": 8.1, "WMAXMAG01": 0.5, "WMAXMAG02": 0.2, "WMAXMAG03": 0.2, "WMAXMAG04": 0.1, "STRIKE1": 40.970194, "STRIKE2": 0.0, "STRIKE3": 243.445827, "STRIKE4": 288.740534, "DIP1": 80.011194, "DIP2": 0.0, "DIP3": 45.65669, "DIP4": 41.215931, "DIRWEIGHT1": 0.058052, "DIRWEIGHT2": 0.0, "DIRWEIGHT3": 0.833333, "DIRWEIGHT4": 0.108614 }, "geometry": { "type": "Polygon", "coordinates": [ [ [ 33.881252000379675, 35.011527000370961 ], [ 35.924706000181914, 36.45082799961267 ], [ 36.26830400012966, 36.595512999725315 ], [ 36.004419999783352, 35.39279600003556 ], [ 35.614809000335242, 34.861598000347612 ], [ 34.860625000443576, 34.569267000272021 ], [ 34.481543000009594, 34.744609999551983 ], [ 33.881252000379675, 35.011527000370961 ] ] ] } },
{ "type": "Feature", "properties": { "OBJECTID_1": 385.0, "LONC": 34.50936, "LATC": 35.926221, "IDAS": "CYAS366", "A": 4.0, "B": 1.0, "TECREG": "Active", "TECTONICS": "Active Shallow Crust", "SS": 60, "NF": 40, "TF": 0, "MINDEPTH": 0, "HYPODEPTH1": 2, "HYPODEPTH2": 10, "HYPODEPTH3": 18, "MAXDEPTH": 20, "WHDEPTH1": 0.1, "WHDEPTH2": 0.4, "WHDEPTH3": 0.5, "MAXMAG01": 7.5, "MAXMAG02": 7.7, "MAXMAG03": 7.9, "MAXMAG04": 8.1, "WMAXMAG01": 0.5, "WMAXMAG02": 0.2, "WMAXMAG03": 0.2, "WMAXMAG04": 0.1, "STRIKE1": 0.0, "STRIKE2": 151.94225, "STRIKE3": 232.5493, "STRIKE4": 307.089491, "DIP1": 0.0, "DIP2": 70.0, "DIP3": 59.448379, "DIP4": 38.825913, "DIRWEIGHT1": 0.0, "DIRWEIGHT2": 0.016878, "DIRWEIGHT3": 0.618143, "DIRWEIGHT4": 0.364979 }, "geometry": { "type": "Polygon", "coordinates": [ [ [ 32.954126999561538, 35.556482000444134 ], [ 35.195586999640511, 36.455416999894794 ], [ 35.735800999616629, 36.81628799959168 ], [ 36.446597999698099, 37.163017000034699 ], [ 36.26830400012966, 36.595512999725315 ], [ 35.924706000181914, 36.45082799961267 ], [ 33.881252000379675, 35.011527000370961 ], [ 32.571834000339038, 34.689140000111081 ], [ 32.954126999561538, 35.556482000444134 ] ] ] } },
{ "type": "Feature", "properties": { "OBJECTID_1": 386.0, "LONC": 25.85, "LATC": 36.65, "IDAS": "GRAS367", "A": 3.9, "B": 1.0, "TECREG": "Active", "TECTONICS": "Active Shallow Crust", "SS": 25, "NF": 50, "TF": 25, "MINDEPTH": 0, "HYPODEPTH1": 2, "HYPODEPTH2": 10, "HYPODEPTH3": 18, "MAXDEPTH": 20, "WHDEPTH1": 0.1, "WHDEPTH2": 0.4, "WHDEPTH3": 0.5, "MAXMAG01": 7.1, "MAXMAG02": 7.3, "MAXMAG03": 7.5, "MAXMAG04": 7.7, "WMAXMAG01": 0.5, "WMAXMAG02": 0.2, "WMAXMAG03": 0.2, "WMAXMAG04": 0.1, "STRIKE1": 57.718102, "STRIKE2": 0.0, "STRIKE3": 246.245158, "STRIKE4": 0.0, "DIP1": 56.013216, "DIP2": 0.0, "DIP3": 56.349592, "DIP4": 0.0, "DIRWEIGHT1": 0.536585, "DIRWEIGHT2": 0.0, "DIRWEIGHT3": 0.463415, "DIRWEIGHT4": 0.0 }, "geometry": { "type": "Polygon", "coordinates": [ [ [ 25.20000000010009, 36.300000000399848 ], [ 25.299999999900251, 36.649999999700412 ], [ 25.399999999700412, 36.99999999990024 ], [ 25.950000000399882, 36.99999999990024 ], [ 26.500000000200032, 36.99999999990024 ], [ 26.500000000200032, 36.649999999700412 ], [ 26.500000000200032, 36.300000000399848 ], [ 26.066666999882329, 36.300000000399848 ], [ 25.633333000417792, 36.300000000399848 ], [ 25.20000000010009, 36.300000000399848 ] ] ] } },
{ "type": "Feature", "properties": { "OBJECTID_1": 387.0, "LONC": 26.988797, "LATC": 36.726975, "IDAS": "GRAS368", "A": 4.2, "B": 1.0, "TECREG": "Active", "TECTONICS": "Active Shallow Crust", "SS": 25, "NF": 50, "TF": 25, "MINDEPTH": 0, "HYPODEPTH1": 2, "HYPODEPTH2": 10, "HYPODEPTH3": 18, "MAXDEPTH": 20, "WHDEPTH1": 0.1, "WHDEPTH2": 0.4, "WHDEPTH3": 0.5, "MAXMAG01": 7.1, "MAXMAG02": 7.3, "MAXMAG03": 7.5, "MAXMAG04": 7.7, "WMAXMAG01": 0.5, "WMAXMAG02": 0.2, "WMAXMAG03": 0.2, "WMAXMAG04": 0.1, "STRIKE1": 57.792365, "STRIKE2": 0.0, "STRIKE3": 0.0, "STRIKE4": 280.2485, "DIP1": 56.505365, "DIP2": 0.0, "DIP3": 0.0, "DIP4": 60.0, "DIRWEIGHT1": 0.962963, "DIRWEIGHT2": 0.0, "DIRWEIGHT3": 0.0, "DIRWEIGHT4": 0.037037 }, "geometry": { "type": "Polygon", "coordinates": [ [ [ 26.500000000200032, 36.300000000399848 ], [ 26.500000000200032, 36.649999999700412 ], [ 26.500000000200032, 36.99999999990024 ], [ 26.914844999597221, 37.153951000138704 ], [ 27.47759400006322, 36.834240000076136 ], [ 27.168483999637033, 36.497780000147031 ], [ 26.933332999618415, 36.433333000417804 ], [ 26.500000000200032, 36.300000000399848 ] ] ] } },
{ "type": "Feature", "properties": { "OBJECTID_1": 388.0, "LONC": 24.45, "LATC": 36.9, "IDAS": "GRAS380", "A": 3.7, "B": 1.0, "TECREG": "Active", "TECTONICS": "Active Shallow Crust", "SS": 25, "NF": 50, "TF": 25, "MINDEPTH": 0, "HYPODEPTH1": 2, "HYPODEPTH2": 10, "HYPODEPTH3": 18, "MAXDEPTH": 20, "WHDEPTH1": 0.1, "WHDEPTH2": 0.4, "WHDEPTH3": 0.5, "MAXMAG01": 7.1, "MAXMAG02": 7.3, "MAXMAG03": 7.5, "MAXMAG04": 7.7, "WMAXMAG01": 0.5, "WMAXMAG02": 0.2, "WMAXMAG03": 0.2, "WMAXMAG04": 0.1, "STRIKE1": 73.230778, "STRIKE2": 93.897333, "STRIKE3": 245.273667, "STRIKE4": 282.050676, "DIP1": 57.839349, "DIP2": 57.882, "DIP3": 59.106095, "DIP4": 56.867757, "DIRWEIGHT1": 0.453237, "DIRWEIGHT2": 0.129496, "DIRWEIGHT3": 0.151079, "DIRWEIGHT4": 0.266187 }, "geometry": { "type": "Polygon", "coordinates": [ [ [ 25.20000000010009, 36.300000000399848 ], [ 24.833333000217976, 36.433333000417804 ], [ 24.466667000381904, 36.566666999582537 ], [ 24.09999999960047, 36.699999999600493 ], [ 23.800000000199987, 36.900000000100079 ], [ 23.49999999990024, 37.099999999700401 ], [ 23.700000000399882, 37.300000000200043 ], [ 23.900000000000148, 37.499999999800309 ], [ 24.200000000299951, 37.424999999950217 ], [ 24.499999999700378, 37.350000000100067 ], [ 24.949999999700367, 37.174999999550494 ], [ 25.399999999700412, 36.99999999990024 ], [ 25.299999999900251, 36.649999999700412 ], [ 25.20000000010009, 36.300000000399848 ] ] ] } },
{ "type": "Feature", "properties": { "OBJECTID_1": 389.0, "LONC": 24.45, "LATC": 37.673287, "IDAS": "GRAS382", "A": 3.1, "B": 0.92, "TECREG": "Active", "TECTONICS": "Active Shallow Crust", "SS": 25, "NF": 50, "TF": 25, "MINDEPTH": 0, "HYPODEPTH1": 2, "HYPODEPTH2": 10, "HYPODEPTH3": 18, "MAXDEPTH": 20, "WHDEPTH1": 0.1, "WHDEPTH2": 0.4, "WHDEPTH3": 0.5, "MAXMAG01": 7.1, "MAXMAG02": 7.3, "MAXMAG03": 7.5, "MAXMAG04": 7.7, "WMAXMAG01": 0.5, "WMAXMAG02": 0.2, "WMAXMAG03": 0.2, "WMAXMAG04": 0.1, "STRIKE1": 0.0, "STRIKE2": 123.0945, "STRIKE3": 0.0, "STRIKE4": 280.863167, "DIP1": 0.0, "DIP2": 55.453, "DIP3": 0.0, "DIP4": 50.234556, "DIRWEIGHT1": 0.0, "DIRWEIGHT2": 0.1, "DIRWEIGHT3": 0.0, "DIRWEIGHT4": 0.9 }, "geometry": { "type": "Polygon", "coordinates": [ [ [ 23.900000000000148, 37.499999999800309 ], [ 23.700000000399882, 37.750000000200032 ], [ 23.49999999990024, 37.999999999700378 ], [ 24.468969999566013, 38.346575000236214 ], [ 24.748035000315156, 38.147727999847461 ], [ 25.100000000299929, 37.850000000000193 ], [ 25.250000000000171, 37.424999999950217 ], [ 25.399999999700412, 36.99999999990024 ], [ 24.949999999700367, 37.174999999550494 ], [ 24.499999999700378, 37.350000000100067 ], [ 24.200000000299951, 37.424999999950217 ], [ 23.900000000000148, 37.499999999800309 ] ] ] } },
{ "type": "Feature", "properties": { "OBJECTID_1": 390.0, "LONC": 24.615, "LATC": 40.75, "IDAS": "GRAS391", "A": 3.0, "B": 0.8, "TECREG": "Active", "TECTONICS": "Active Shallow Crust", "SS": 20, "NF": 60, "TF": 20, "MINDEPTH": 0, "HYPODEPTH1": 2, "HYPODEPTH2": 10, "HYPODEPTH3": 18, "MAXDEPTH": 20, "WHDEPTH1": 0.1, "WHDEPTH2": 0.4, "WHDEPTH3": 0.5, "MAXMAG01": 7.5, "MAXMAG02": 7.7, "MAXMAG03": 7.9, "MAXMAG04": 8.1, "WMAXMAG01": 0.5, "WMAXMAG02": 0.2, "WMAXMAG03": 0.2, "WMAXMAG04": 0.1, "STRIKE1": 64.924707, "STRIKE2": 104.175143, "STRIKE3": 0.0, "STRIKE4": 284.669167, "DIP1": 49.248537, "DIP2": 49.825214, "DIP3": 0.0, "DIP4": 48.237833, "DIRWEIGHT1": 0.630769, "DIRWEIGHT2": 0.323077, "DIRWEIGHT3": 0.0, "DIRWEIGHT4": 0.046154 }, "geometry": { "type": "Polygon", "coordinates": [ [ [ 23.530000000200005, 40.800000000399848 ], [ 25.203595000409109, 41.186436000021558 ], [ 25.700000000000159, 41.300000000299917 ], [ 25.700000000000159, 40.599999999900263 ], [ 24.499999999700378, 40.199999999800298 ], [ 23.530000000200005, 40.800000000399848 ] ] ] } },
{ "type": "Feature", "properties": { "OBJECTID_1": 391.0, "LONC": 25.8, "LATC": 37.425046, "IDAS": "GRAS393", "A": 3.2, "B": 1.0, "TECREG": "Active", "TECTONICS": "Active Shallow Crust", "SS": 20, "NF": 60, "TF": 20, "MINDEPTH": 0, "HYPODEPTH1": 2, "HYPODEPTH2": 10, "HYPODEPTH3": 18, "MAXDEPTH": 20, "WHDEPTH1": 0.1, "WHDEPTH2": 0.4, "WHDEPTH3": 0.5, "MAXMAG01": 7.1, "MAXMAG02": 7.3, "MAXMAG03": 7.5, "MAXMAG04": 7.7, "WMAXMAG01": 0.5, "WMAXMAG02": 0.2, "WMAXMAG03": 0.2, "WMAXMAG04": 0.1, "STRIKE1": 0.0, "STRIKE2": 139.185385, "STRIKE3": 233.019213, "STRIKE4": 0.0, "DIP1": 0.0, "DIP2": 58.796538, "DIP3": 71.275453, "DIP4": 0.0, "DIRWEIGHT1": 0.0, "DIRWEIGHT2": 0.147727, "DIRWEIGHT3": 0.852273, "DIRWEIGHT4": 0.0 }, "geometry": { "type": "Polygon", "coordinates": [ [ [ 25.399999999700412, 36.99999999990024 ], [ 25.250000000000171, 37.424999999950217 ], [ 25.100000000299929, 37.850000000000193 ], [ 26.49922999976485, 37.850091999746155 ], [ 26.500000000200032, 36.99999999990024 ], [ 25.950000000399882, 36.99999999990024 ], [ 25.399999999700412, 36.99999999990024 ] ] ] } },
{ "type": "Feature", "properties": { "OBJECTID_1": 392.0, "LONC": 25.324088, "LATC": 38.326795, "IDAS": "GRAS394", "A": 3.9, "B": 1.0, "TECREG": "Active", "TECTONICS": "Active Shallow Crust", "SS": 20, "NF": 75, "TF": 5, "MINDEPTH": 0, "HYPODEPTH1": 2, "HYPODEPTH2": 10, "HYPODEPTH3": 18, "MAXDEPTH": 20, "WHDEPTH1": 0.1, "WHDEPTH2": 0.4, "WHDEPTH3": 0.5, "MAXMAG01": 7.1, "MAXMAG02": 7.3, "MAXMAG03": 7.5, "MAXMAG04": 7.7, "WMAXMAG01": 0.5, "WMAXMAG02": 0.2, "WMAXMAG03": 0.2, "WMAXMAG04": 0.1, "STRIKE1": 52.101163, "STRIKE2": 147.945, "STRIKE3": 0.0, "STRIKE4": 0.0, "DIP1": 68.917326, "DIP2": 63.577632, "DIP3": 0.0, "DIP4": 0.0, "DIRWEIGHT1": 0.693548, "DIRWEIGHT2": 0.306452, "DIRWEIGHT3": 0.0, "DIRWEIGHT4": 0.0 }, "geometry": { "type": "Polygon", "coordinates": [ [ [ 25.303347999610651, 38.803589999978669 ], [ 25.899999999600482, 38.799999999900251 ], [ 25.100000000299929, 37.850000000000193 ], [ 24.748175999622845, 38.147844999847052 ], [ 25.303347999610651, 38.803589999978669 ] ] ] } },
{ "type": "Feature", "properties": { "OBJECTID_1": 393.0, "LONC": 26.15883, "LATC": 39.259191, "IDAS": "TRAS395", "A": 3.6, "B": 0.85, "TECREG": "Active", "TECTONICS": "Active Shallow Crust", "SS": 50, "NF": 40, "TF": 10, "MINDEPTH": 0, "HYPODEPTH1": 2, "HYPODEPTH2": 10, "HYPODEPTH3": 18, "MAXDEPTH": 20, "WHDEPTH1": 0.1, "WHDEPTH2": 0.4, "WHDEPTH3": 0.5, "MAXMAG01": 7.1, "MAXMAG02": 7.3, "MAXMAG03": 7.5, "MAXMAG04": 7.7, "WMAXMAG01": 0.5, "WMAXMAG02": 0.2, "WMAXMAG03": 0.2, "WMAXMAG04": 0.1, "STRIKE1": 66.2715, "STRIKE2": 127.218923, "STRIKE3": 214.011727, "STRIKE4": 325.163267, "DIP1": 64.191821, "DIP2": 58.804769, "DIP3": 75.855242, "DIP4": 80.260867, "DIRWEIGHT1": 0.654206, "DIRWEIGHT2": 0.121495, "DIRWEIGHT3": 0.154206, "DIRWEIGHT4": 0.070093 }, "geometry": { "type": "Polygon", "coordinates": [ [ [ 25.303347999610651, 38.803589999978669 ], [ 25.939158999588301, 39.531804000154636 ], [ 26.247361000410024, 39.54273399967451 ], [ 26.501288000241175, 39.593947999800491 ], [ 27.014311999998938, 39.718382999575908 ], [ 27.009717000339435, 39.110330999975815 ], [ 26.754445999683298, 38.801429000148403 ], [ 25.899999999600482, 38.799999999900251 ], [ 25.303347999610651, 38.803589999978669 ] ] ] } },
{ "type": "Feature", "properties": { "OBJECTID_1": 394.0, "LONC": 28.950676, "LATC": 40.612115, "IDAS": "TRAS396", "A": 3.3, "B": 0.74, "TECREG": "Active", "TECTONICS": "Active Shallow Crust", "SS": 50, "NF": 35, "TF": 15, "MINDEPTH": 0, "HYPODEPTH1": 2, "HYPODEPTH2": 10, "HYPODEPTH3": 18, "MAXDEPTH": 20, "WHDEPTH1": 0.1, "WHDEPTH2": 0.4, "WHDEPTH3": 0.5, "MAXMAG01": 8.0, "MAXMAG02": 8.2, "MAXMAG03": 8.4, "MAXMAG04": 8.6, "WMAXMAG01": 0.5, "WMAXMAG02": 0.2, "WMAXMAG03": 0.2, "WMAXMAG04": 0.1, "STRIKE1": 71.869126, "STRIKE2": 113.238061, "STRIKE3": 258.789418, "STRIKE4": 282.887611, "DIP1": 62.746749, "DIP2": 61.219439, "DIP3": 75.938068, "DIP4": 78.398556, "DIRWEIGHT1": 0.361426, "DIRWEIGHT2": 0.106969, "DIRWEIGHT3": 0.356564, "DIRWEIGHT4": 0.175041 }, "geometry": { "type": "Polygon", "coordinates": [ [ [ 25.999652000439653, 40.650061999961508 ], [ 27.585609999901749, 40.980470999637078 ], [ 28.577427249211414, 41.055612976280152 ], [ 29.011180818202345, 41.01422039754555 ], [ 29.306146494295959, 40.914924065270839 ], [ 29.850674319340406, 40.850857987667247 ], [ 30.380641084610652, 40.856038122564165 ], [ 30.842627594432841, 40.854682971166156 ], [ 31.263511424073695, 40.851068933897508 ], [ 31.591177999565218, 40.847924999938982 ], [ 31.886314000390996, 40.877856999800883 ], [ 31.901701000401033, 40.615614999632669 ], [ 31.471892999862234, 40.573300999841422 ], [ 31.105748999816626, 40.54912099993436 ], [ 30.628165000314652, 40.54912099993436 ], [ 30.155078000449521, 40.578117999845972 ], [ 29.869597999748066, 40.574030000184507 ], [ 28.696376999599011, 40.565061000265132 ], [ 28.696376999599011, 40.565061000265132 ], [ 28.342693000381814, 40.611504999856038 ], [ 27.673880000162058, 40.648650999644076 ], [ 27.526908999850605, 40.633690000393358 ], [ 27.035873999685521, 40.508665000389612 ], [ 26.22726600002602, 40.243759999724375 ], [ 25.999652000439653, 40.650061999961508 ] ] ] } },
{ "type": "Feature", "properties": { "OBJECTID_1": 395.0, "LONC": 25.122483, "LATC": 38.874091, "IDAS": "GRAS397", "A": 4.1, "B": 1.0, "TECREG": "Active", "TECTONICS": "Active Shallow Crust", "SS": 50, "NF": 40, "TF": 10, "MINDEPTH": 0, "HYPODEPTH1": 2, "HYPODEPTH2": 10, "HYPODEPTH3": 18, "MAXDEPTH": 20, "WHDEPTH1": 0.1, "WHDEPTH2": 0.4, "WHDEPTH3": 0.5, "MAXMAG01": 7.1, "MAXMAG02": 7.3, "MAXMAG03": 7.5, "MAXMAG04": 7.7, "WMAXMAG01": 0.5, "WMAXMAG02": 0.2, "WMAXMAG03": 0.2, "WMAXMAG04": 0.1, "STRIKE1": 54.644568, "STRIKE2": 135.833154, "STRIKE3": 218.800458, "STRIKE4": 292.22675, "DIP1": 60.864919, "DIP2": 60.520462, "DIP3": 68.637229, "DIP4": 53.320583, "DIRWEIGHT1": 0.406593, "DIRWEIGHT2": 0.071429, "DIRWEIGHT3": 0.456044, "DIRWEIGHT4": 0.065934 }, "geometry": { "type": "Polygon", "coordinates": [ [ [ 24.748455999944611, 38.14819399975346 ], [ 24.2456269999862, 38.504269999561018 ], [ 25.400409999721887, 39.599988000446046 ], [ 25.999339000394741, 39.599785000077873 ], [ 25.939158999588301, 39.531804000154636 ], [ 25.303347999610651, 38.803589999978669 ], [ 24.748455999944611, 38.14819399975346 ] ] ] } },
{ "type": "Feature", "properties": { "OBJECTID_1": 396.0, "LONC": 24.619823, "LATC": 39.202148, "IDAS": "GRAS398", "A": 4.1, "B": 1.0, "TECREG": "Active", "TECTONICS": "Active Shallow Crust", "SS": 40, "NF": 60, "TF": 0, "MINDEPTH": 0, "HYPODEPTH1": 2, "HYPODEPTH2": 10, "HYPODEPTH3": 18, "MAXDEPTH": 20, "WHDEPTH1": 0.1, "WHDEPTH2": 0.4, "WHDEPTH3": 0.5, "MAXMAG01": 8.0, "MAXMAG02": 8.2, "MAXMAG03": 8.4, "MAXMAG04": 8.6, "WMAXMAG01": 0.5, "WMAXMAG02": 0.2, "WMAXMAG03": 0.2, "WMAXMAG04": 0.1, "STRIKE1": 85.823571, "STRIKE2": 94.154667, "STRIKE3": 231.422017, "STRIKE4": 306.578624, "DIP1": 58.742714, "DIP2": 58.875333, "DIP3": 75.11919, "DIP4": 68.961462, "DIRWEIGHT1": 0.041916, "DIRWEIGHT2": 0.053892, "DIRWEIGHT3": 0.347305, "DIRWEIGHT4": 0.556886 }, "geometry": { "type": "Polygon", "coordinates": [ [ [ 24.245341000287112, 38.504378000044824 ], [ 23.839237000187552, 38.843208999595845 ], [ 24.950596000205394, 39.899919000261832 ], [ 25.400409999721887, 39.599988000446046 ], [ 24.245341000287112, 38.504378000044824 ] ] ] } },
{ "type": "Feature", "properties": { "OBJECTID_1": 397.0, "LONC": 26.823503, "LATC": 37.485271, "IDAS": "GRAS399", "A": 3.6, "B": 0.9, "TECREG": "Active", "TECTONICS": "Active Shallow Crust", "SS": 20, "NF": 75, "TF": 5, "MINDEPTH": 0, "HYPODEPTH1": 2, "HYPODEPTH2": 10, "HYPODEPTH3": 18, "MAXDEPTH": 20, "WHDEPTH1": 0.1, "WHDEPTH2": 0.4, "WHDEPTH3": 0.5, "MAXMAG01": 7.1, "MAXMAG02": 7.3, "MAXMAG03": 7.5, "MAXMAG04": 7.7, "WMAXMAG01": 0.5, "WMAXMAG02": 0.2, "WMAXMAG03": 0.2, "WMAXMAG04": 0.1, "STRIKE1": 83.379833, "STRIKE2": 106.398333, "STRIKE3": 242.888062, "STRIKE4": 277.640208, "DIP1": 59.267583, "DIP2": 58.1675, "DIP3": 60.985875, "DIP4": 53.945792, "DIRWEIGHT1": 0.171429, "DIRWEIGHT2": 0.257143, "DIRWEIGHT3": 0.228571, "DIRWEIGHT4": 0.342857 }, "geometry": { "type": "Polygon", "coordinates": [ [ [ 26.500000000200032, 36.99999999990024 ], [ 26.500000000200032, 37.850000000000193 ], [ 27.11358999977881, 37.970542000113369 ], [ 27.147006000226895, 37.634896999996727 ], [ 27.136486999875331, 37.533556999556026 ], [ 26.914844999597221, 37.153951000138704 ], [ 26.500000000200032, 36.99999999990024 ] ] ] } },
{ "type": "Feature", "properties": { "OBJECTID_1": 398.0, "LONC": 25.125, "LATC": 35.1, "IDAS": "GRAS403", "A": 4.2, "B": 1.0, "TECREG": "Active", "TECTONICS": "Active Shallow Crust", "SS": 25, "NF": 50, "TF": 25, "MINDEPTH": 0, "HYPODEPTH1": 2, "HYPODEPTH2": 10, "HYPODEPTH3": 18, "MAXDEPTH": 20, "WHDEPTH1": 0.1, "WHDEPTH2": 0.4, "WHDEPTH3": 0.5, "MAXMAG01": 7.1, "MAXMAG02": 7.3, "MAXMAG03": 7.5, "MAXMAG04": 7.7, "WMAXMAG01": 0.5, "WMAXMAG02": 0.2, "WMAXMAG03": 0.2, "WMAXMAG04": 0.1, "STRIKE1": 73.74905, "STRIKE2": 109.974, "STRIKE3": 222.683648, "STRIKE4": 293.419125, "DIP1": 63.2464, "DIP2": 63.868422, "DIP3": 66.773338, "DIP4": 52.738125, "DIRWEIGHT1": 0.326087, "DIRWEIGHT2": 0.244565, "DIRWEIGHT3": 0.38587, "DIRWEIGHT4": 0.043478 }, "geometry": { "type": "Polygon", "coordinates": [ [ [ 24.399999999900217, 34.700000000000159 ], [ 24.124999999550482, 34.924999999550494 ], [ 23.850000000100067, 35.150000000000148 ], [ 24.024999999750378, 35.324999999650402 ], [ 24.200000000299951, 35.500000000200032 ], [ 24.750000000100101, 35.500000000200032 ], [ 25.299999999900251, 35.500000000200032 ], [ 25.849999999700401, 35.500000000200032 ], [ 26.400000000399871, 35.500000000200032 ], [ 26.400000000399871, 35.100000000100067 ], [ 26.400000000399871, 34.700000000000159 ], [ 25.899999999600482, 34.700000000000159 ], [ 25.399999999700412, 34.700000000000159 ], [ 24.899999999800343, 34.700000000000159 ], [ 24.399999999900217, 34.700000000000159 ] ] ] } },
{ "type": "Feature", "properties": { "OBJECTID_1": 399.0, "LONC": 27.6, "LATC": 34.958141, "IDAS": "GRAS405", "A": 4.4, "B": 1.0, "TECREG": "Active", "TECTONICS": "Active Shallow Crust", "SS": 35, "NF": 15, "TF": 50, "MINDEPTH": 0, "HYPODEPTH1": 2, "HYPODEPTH2": 10, "HYPODEPTH3": 18, "MAXDEPTH": 50, "WHDEPTH1": 0.1, "WHDEPTH2": 0.4, "WHDEPTH3": 0.5, "MAXMAG01": 7.5, "MAXMAG02": 7.7, "MAXMAG03": 7.9, "MAXMAG04": 8.1, "WMAXMAG01": 0.5, "WMAXMAG02": 0.2, "WMAXMAG03": 0.2, "WMAXMAG04": 0.1, "STRIKE1": 0.0, "STRIKE2": 0.0, "STRIKE3": 0.0, "STRIKE4": 0.0, "DIP1": 0.0, "DIP2": 0.0, "DIP3": 0.0, "DIP4": 0.0, "DIRWEIGHT1": 0.0, "DIRWEIGHT2": 0.0, "DIRWEIGHT3": 0.0, "DIRWEIGHT4": 0.0 }, "geometry": { "type": "Polygon", "coordinates": [ [ [ 26.400000000399871, 33.999999999600448 ], [ 26.400000000399871, 34.349999999800332 ], [ 26.400000000399871, 34.700000000000159 ], [ 26.774999999650447, 35.002499999575491 ], [ 27.149999999800343, 35.305000000050143 ], [ 27.524999999950182, 35.607499999625475 ], [ 27.907805000300698, 35.916283000260421 ], [ 28.200000000399882, 35.799999999600459 ], [ 28.499999999800309, 35.649999999900217 ], [ 28.800000000100113, 35.500000000200032 ], [ 26.90000000029994, 33.999999999600448 ], [ 26.400000000399871, 33.999999999600448 ] ] ] } },
{ "type": "Feature", "properties": { "OBJECTID_1": 400.0, "LONC": 28.225, "LATC": 36.3, "IDAS": "GRAS406", "A": 3.5207, "B": 1.0, "TECREG": "Active", "TECTONICS": "Active Shallow Crust", "SS": 20, "NF": 75, "TF": 5, "MINDEPTH": 0, "HYPODEPTH1": 2, "HYPODEPTH2": 10, "HYPODEPTH3": 18, "MAXDEPTH": 20, "WHDEPTH1": 0.1, "WHDEPTH2": 0.4, "WHDEPTH3": 0.5, "MAXMAG01": 7.5, "MAXMAG02": 7.7, "MAXMAG03": 7.9, "MAXMAG04": 8.1, "WMAXMAG01": 0.5, "WMAXMAG02": 0.2, "WMAXMAG03": 0.2, "WMAXMAG04": 0.1, "STRIKE1": 0.0, "STRIKE2": 0.0, "STRIKE3": 0.0, "STRIKE4": 0.0, "DIP1": 0.0, "DIP2": 0.0, "DIP3": 0.0, "DIP4": 0.0, "DIRWEIGHT1": 0.0, "DIRWEIGHT2": 0.0, "DIRWEIGHT3": 0.0, "DIRWEIGHT4": 0.0 }, "geometry": { "type": "Polygon", "coordinates": [ [ [ 28.200000000399882, 35.799999999600459 ], [ 27.907805000300698, 35.916283000260421 ], [ 27.699999999600493, 36.000000000100101 ], [ 27.900000000100079, 36.266667000182053 ], [ 28.099999999700401, 36.533333000217965 ], [ 28.300320999714529, 36.801199999880282 ], [ 28.469882000354175, 36.72634999975287 ], [ 28.750000000200032, 36.599999999800332 ], [ 28.566667000281996, 36.333332999718323 ], [ 28.383333000317862, 36.066666999682468 ], [ 28.200000000399882, 35.799999999600459 ] ] ] } },
{ "type": "Feature", "properties": { "OBJECTID_1": 401.0, "LONC": 26.960583, "LATC": 35.897089, "IDAS": "TRAS407", "A": 4.2, "B": 1.0, "TECREG": "Active", "TECTONICS": "Active Shallow Crust", "SS": 20, "NF": 75, "TF": 5, "MINDEPTH": 0, "HYPODEPTH1": 2, "HYPODEPTH2": 10, "HYPODEPTH3": 18, "MAXDEPTH": 20, "WHDEPTH1": 0.1, "WHDEPTH2": 0.4, "WHDEPTH3": 0.5, "MAXMAG01": 7.1, "MAXMAG02": 7.3, "MAXMAG03": 7.5, "MAXMAG04": 7.7, "WMAXMAG01": 0.5, "WMAXMAG02": 0.2, "WMAXMAG03": 0.2, "WMAXMAG04": 0.1, "STRIKE1": 50.68201, "STRIKE2": 113.109812, "STRIKE3": 244.682748, "STRIKE4": 285.745358, "DIP1": 64.153545, "DIP2": 60.100937, "DIP3": 60.485761, "DIP4": 54.208657, "DIRWEIGHT1": 0.268293, "DIRWEIGHT2": 0.130081, "DIRWEIGHT3": 0.420054, "DIRWEIGHT4": 0.181572 }, "geometry": { "type": "Polygon", "coordinates": [ [ [ 26.933332999618415, 36.433333000417804 ], [ 27.168483999637033, 36.497780000147031 ], [ 27.47759400006322, 36.834240000076136 ], [ 28.926968999819678, 37.096789000012507 ], [ 28.469882000354175, 36.72634999975287 ], [ 28.300320999714529, 36.801199999880282 ], [ 28.099999999700401, 36.533333000217965 ], [ 27.900000000100079, 36.266667000182053 ], [ 27.699999999600493, 36.000000000100101 ], [ 27.907805000300698, 35.916283000260421 ], [ 27.524999999950182, 35.607499999625475 ], [ 27.149999999800343, 35.305000000050143 ], [ 26.774999999650447, 35.002499999575491 ], [ 26.400000000399871, 34.700000000000159 ], [ 26.400000000399871, 35.100000000100067 ], [ 26.400000000399871, 35.500000000200032 ], [ 25.933332999818276, 35.500000000200032 ], [ 25.466667000182099, 35.500000000200032 ], [ 24.999999999600448, 35.500000000200032 ], [ 25.100000000299929, 35.90000000029994 ], [ 25.20000000010009, 36.300000000399848 ], [ 25.633333000417792, 36.300000000399848 ], [ 26.066666999882329, 36.300000000399848 ], [ 26.500000000200032, 36.300000000399848 ], [ 26.933332999618415, 36.433333000417804 ] ] ] } },
{ "type": "Feature", "properties": { "OBJECTID_1": 402.0, "LONC": 29.176776, "LATC": 36.035271, "IDAS": "TRAS408", "A": 3.9, "B": 0.9, "TECREG": "Active", "TECTONICS": "Active Shallow Crust", "SS": 20, "NF": 75, "TF": 5, "MINDEPTH": 0, "HYPODEPTH1": 2, "HYPODEPTH2": 10, "HYPODEPTH3": 18, "MAXDEPTH": 50, "WHDEPTH1": 0.1, "WHDEPTH2": 0.4, "WHDEPTH3": 0.5, "MAXMAG01": 7.5, "MAXMAG02": 7.7, "MAXMAG03": 7.9, "MAXMAG04": 8.1, "WMAXMAG01": 0.5, "WMAXMAG02": 0.2, "WMAXMAG03": 0.2, "WMAXMAG04": 0.1, "STRIKE1": 41.875, "STRIKE2": 0.0, "STRIKE3": 225.928435, "STRIKE4": 0.0, "DIP1": 55.902667, "DIP2": 0.0, "DIP3": 50.992826, "DIP4": 0.0, "DIRWEIGHT1": 0.477273, "DIRWEIGHT2": 0.0, "DIRWEIGHT3": 0.522727, "DIRWEIGHT4": 0.0 }, "geometry": { "type": "Polygon", "coordinates": [ [ [ 29.070871999843064, 35.670770999981812 ], [ 28.800000000100113, 35.500000000200032 ], [ 28.499999999800309, 35.649999999900217 ], [ 28.200000000399882, 35.799999999600459 ], [ 28.383333000317862, 36.066666999682468 ], [ 28.566667000281996, 36.333332999718323 ], [ 28.750000000200032, 36.599999999800332 ], [ 28.802532999998107, 36.691260000348905 ], [ 29.682791999751146, 36.404147999930444 ], [ 29.962499999575471, 36.310000000200034 ], [ 30.153552000224806, 36.00297999992722 ], [ 30.100441999898521, 35.81988600023891 ], [ 29.792480000251999, 35.378809999881753 ], [ 29.274113999661495, 35.666444000090678 ], [ 29.070871999843064, 35.670770999981812 ] ] ] } },
{ "type": "Feature", "properties": { "OBJECTID_1": 404.0, "LONC": 25.625663, "LATC": 39.921595, "IDAS": "TRAS410", "A": 3.4, "B": 0.9, "TECREG": "Active", "TECTONICS": "Active Shallow Crust", "SS": 50, "NF": 40, "TF": 10, "MINDEPTH": 0, "HYPODEPTH1": 2, "HYPODEPTH2": 10, "HYPODEPTH3": 18, "MAXDEPTH": 20, "WHDEPTH1": 0.1, "WHDEPTH2": 0.4, "WHDEPTH3": 0.5, "MAXMAG01": 8.0, "MAXMAG02": 8.2, "MAXMAG03": 8.4, "MAXMAG04": 8.6, "WMAXMAG01": 0.5, "WMAXMAG02": 0.2, "WMAXMAG03": 0.2, "WMAXMAG04": 0.1, "STRIKE1": 70.467462, "STRIKE2": 0.0, "STRIKE3": 230.040143, "STRIKE4": 274.622667, "DIP1": 64.270308, "DIP2": 0.0, "DIP3": 76.430929, "DIP4": 60.767333, "DIRWEIGHT1": 0.295455, "DIRWEIGHT2": 0.0, "DIRWEIGHT3": 0.636364, "DIRWEIGHT4": 0.068182 }, "geometry": { "type": "Polygon", "coordinates": [ [ [ 26.129312000148843, 39.684604000374463 ], [ 25.999339000394741, 39.599785000077873 ], [ 25.400409999721887, 39.599988000446046 ], [ 24.949999999700367, 39.900000000399871 ], [ 25.700000000000159, 40.100000000000193 ], [ 26.000000000299963, 40.184999999650415 ], [ 26.227071000026797, 40.243405000440589 ], [ 26.29999999970039, 39.935000000150069 ], [ 26.301326999741434, 39.837771999578308 ], [ 26.129312000148843, 39.684604000374463 ] ] ] } },
{ "type": "Feature", "properties": { "OBJECTID_1": 405.0, "LONC": 29.165705, "LATC": 38.499284, "IDAS": "TRAS411", "A": 3.3, "B": 0.81, "TECREG": "Active", "TECTONICS": "Active Shallow Crust", "SS": 35, "NF": 65, "TF": 0, "MINDEPTH": 0, "HYPODEPTH1": 2, "HYPODEPTH2": 10, "HYPODEPTH3": 18, "MAXDEPTH": 20, "WHDEPTH1": 0.1, "WHDEPTH2": 0.4, "WHDEPTH3": 0.5, "MAXMAG01": 7.1, "MAXMAG02": 7.3, "MAXMAG03": 7.5, "MAXMAG04": 7.7, "WMAXMAG01": 0.5, "WMAXMAG02": 0.2, "WMAXMAG03": 0.2, "WMAXMAG04": 0.1, "STRIKE1": 34.454, "STRIKE2": 142.092091, "STRIKE3": 212.917, "STRIKE4": 324.928176, "DIP1": 51.946942, "DIP2": 52.858682, "DIP3": 54.773196, "DIP4": 54.550412, "DIRWEIGHT1": 0.307692, "DIRWEIGHT2": 0.260355, "DIRWEIGHT3": 0.331361, "DIRWEIGHT4": 0.100592 }, "geometry": { "type": "Polygon", "coordinates": [ [ [ 27.905797000331461, 39.119043999780956 ], [ 28.373588999732704, 39.053111999919054 ], [ 29.053677000093671, 38.899856000254374 ], [ 29.570159000137892, 38.782764000058705 ], [ 30.04172500000891, 38.654651999790133 ], [ 30.38818899992259, 38.542263999783927 ], [ 30.653762999962623, 38.42703199992701 ], [ 29.931147999880466, 37.879524999978912 ], [ 29.368048000315127, 38.283689999693877 ], [ 28.906763999758937, 38.564374999606684 ], [ 28.490771999628237, 38.698395999875686 ], [ 28.136988000296128, 38.762360999860448 ], [ 27.67764700030898, 38.831180999803451 ], [ 27.905797000331461, 39.119043999780956 ] ] ] } },
{ "type": "Feature", "properties": { "OBJECTID_1": 406.0, "LONC": 34.324478, "LATC": 39.202783, "IDAS": "TRAS412", "A": 3.4, "B": 0.9, "TECREG": "Active", "TECTONICS": "Active Shallow Crust", "SS": 50, "NF": 40, "TF": 10, "MINDEPTH": 0, "HYPODEPTH1": 2, "HYPODEPTH2": 10, "HYPODEPTH3": 18, "MAXDEPTH": 20, "WHDEPTH1": 0.1, "WHDEPTH2": 0.4, "WHDEPTH3": 0.5, "MAXMAG01": 7.5, "MAXMAG02": 7.7, "MAXMAG03": 7.9, "MAXMAG04": 8.1, "WMAXMAG01": 0.5, "WMAXMAG02": 0.2, "WMAXMAG03": 0.2, "WMAXMAG04": 0.1, "STRIKE1": 20.580261, "STRIKE2": 126.287875, "STRIKE3": 200.468, "STRIKE4": 305.095391, "DIP1": 71.304348, "DIP2": 82.274, "DIP3": 55.053, "DIP4": 86.134937, "DIRWEIGHT1": 0.106977, "DIRWEIGHT2": 0.074419, "DIRWEIGHT3": 0.009302, "DIRWEIGHT4": 0.809302 }, "geometry": { "type": "Polygon", "coordinates": [ [ [ 33.934488000221222, 39.661538999725224 ], [ 34.256360000114057, 39.763271000256623 ], [ 34.618464000013773, 39.911956999615995 ], [ 35.413087999611662, 40.178024999953948 ], [ 35.805367999833493, 40.279756999586027 ], [ 36.6201120000689, 40.358013000299877 ], [ 37.036062000061406, 40.348181000153204 ], [ 37.430000000299913, 40.230000000100063 ], [ 38.049999999600459, 40.059999999900242 ], [ 38.390000000000157, 39.950000000299951 ], [ 39.021167999903412, 39.726859000142895 ], [ 37.668256999660969, 40.009059999819328 ], [ 36.432438999660292, 39.980771000181676 ], [ 35.80841400000628, 39.829814000415979 ], [ 35.146941000127242, 39.42245299990617 ], [ 34.669310000256473, 38.047554000117202 ], [ 34.537152999611408, 38.139900000384898 ], [ 34.15035300029092, 38.505629000178374 ], [ 33.434360999860417, 39.378242999914676 ], [ 33.212160999930347, 39.506569000159402 ], [ 33.703552000324748, 39.982889999873748 ], [ 33.934488000221222, 39.661538999725224 ] ] ] } },
{ "type": "Feature", "properties": { "OBJECTID_1": 407.0, "LONC": 36.064329, "LATC": 38.284, "IDAS": "TRAS413", "A": 3.7, "B": 1.0, "TECREG": "Active", "TECTONICS": "Active Shallow Crust", "SS": 50, "NF": 40, "TF": 10, "MINDEPTH": 0, "HYPODEPTH1": 2, "HYPODEPTH2": 10, "HYPODEPTH3": 18, "MAXDEPTH": 20, "WHDEPTH1": 0.1, "WHDEPTH2": 0.4, "WHDEPTH3": 0.5, "MAXMAG01": 7.5, "MAXMAG02": 7.7, "MAXMAG03": 7.9, "MAXMAG04": 8.1, "WMAXMAG01": 0.5, "WMAXMAG02": 0.2, "WMAXMAG03": 0.2, "WMAXMAG04": 0.1, "STRIKE1": 0.0, "STRIKE2": 167.78175, "STRIKE3": 221.064613, "STRIKE4": 0.0, "DIP1": 0.0, "DIP2": 85.365312, "DIP3": 70.878581, "DIP4": 0.0, "DIRWEIGHT1": 0.0, "DIRWEIGHT2": 0.340426, "DIRWEIGHT3": 0.659574, "DIRWEIGHT4": 0.0 }, "geometry": { "type": "Polygon", "coordinates": [ [ [ 36.159041000342086, 39.068448000275168 ], [ 37.215513999971279, 39.339161999926546 ], [ 38.221568000163245, 39.499858000046856 ], [ 39.021167999903412, 39.726859000142895 ], [ 39.46410699983835, 39.578612000343696 ], [ 37.559373000263918, 38.84246899964478 ], [ 36.913533000048062, 38.541178000064804 ], [ 36.305660999755503, 38.224823000081528 ], [ 35.700093999638511, 37.854239000329756 ], [ 34.886893999558595, 37.047653000385822 ], [ 35.187284999903, 37.465328999933547 ], [ 35.59497700038844, 38.084615999628852 ], [ 36.159041000342086, 39.068448000275168 ] ] ] } },
{ "type": "Feature", "properties": { "OBJECTID_1": 408.0, "LONC": 32.976323, "LATC": 37.36911, "IDAS": "TRAS414", "A": 4.2, "B": 1.0, "TECREG": "Active", "TECTONICS": "Active Shallow Crust", "SS": 20, "NF": 75, "TF": 5, "MINDEPTH": 0, "HYPODEPTH1": 2, "HYPODEPTH2": 10, "HYPODEPTH3": 18, "MAXDEPTH": 20, "WHDEPTH1": 0.1, "WHDEPTH2": 0.4, "WHDEPTH3": 0.5, "MAXMAG01": 7.5, "MAXMAG02": 7.7, "MAXMAG03": 7.9, "MAXMAG04": 8.1, "WMAXMAG01": 0.5, "WMAXMAG02": 0.2, "WMAXMAG03": 0.2, "WMAXMAG04": 0.1, "STRIKE1": 37.138647, "STRIKE2": 154.328653, "STRIKE3": 227.60285, "STRIKE4": 330.844168, "DIP1": 61.944387, "DIP2": 50.950163, "DIP3": 52.55785, "DIP4": 53.31636, "DIRWEIGHT1": 0.302671, "DIRWEIGHT2": 0.145401, "DIRWEIGHT3": 0.118694, "DIRWEIGHT4": 0.433234 }, "geometry": { "type": "Polygon", "coordinates": [ [ [ 33.346057999876962, 38.560173000084035 ], [ 33.589957999562216, 38.270720999674552 ], [ 33.982261999991465, 37.925282000264247 ], [ 34.409235000195281, 37.677432000086924 ], [ 34.520576999628986, 37.619414000056224 ], [ 34.349563000332353, 37.127136000126484 ], [ 34.886893999558595, 37.047653000385822 ], [ 34.656182000099363, 36.873355999879664 ], [ 35.195586999640511, 36.455416999894794 ], [ 32.954126999561538, 35.556482000444134 ], [ 30.757059999819319, 37.702415000152314 ], [ 31.240890999620092, 38.123329999779855 ], [ 31.761196999741912, 37.745344000425462 ], [ 32.287301000141213, 37.357098000072824 ], [ 32.787740999647554, 37.67382400007773 ], [ 32.41562100010924, 38.010983999911844 ], [ 31.851246000202934, 38.427958000361571 ], [ 31.183765000254709, 38.767035999611835 ], [ 31.096299000198883, 38.802495999890652 ], [ 31.490797000181601, 39.248907999904418 ], [ 31.933457999886969, 39.07642000008309 ], [ 32.399578000424526, 38.822339000344755 ], [ 32.694714000350984, 38.602816999804872 ], [ 32.95135400028704, 38.373316999580027 ], [ 33.346057999876962, 38.560173000084035 ] ] ] } },
{ "type": "Feature", "properties": { "OBJECTID_1": 409.0, "LONC": 28.321387, "LATC": 39.588553, "IDAS": "TRAS415", "A": 3.4, "B": 0.86, "TECREG": "Active", "TECTONICS": "Active Shallow Crust", "SS": 50, "NF": 40, "TF": 10, "MINDEPTH": 0, "HYPODEPTH1": 2, "HYPODEPTH2": 10, "HYPODEPTH3": 18, "MAXDEPTH": 20, "WHDEPTH1": 0.1, "WHDEPTH2": 0.4, "WHDEPTH3": 0.5, "MAXMAG01": 7.1, "MAXMAG02": 7.3, "MAXMAG03": 7.5, "MAXMAG04": 7.7, "WMAXMAG01": 0.5, "WMAXMAG02": 0.2, "WMAXMAG03": 0.2, "WMAXMAG04": 0.1, "STRIKE1": 57.637135, "STRIKE2": 0.0, "STRIKE3": 229.479154, "STRIKE4": 280.37825, "DIP1": 76.897568, "DIP2": 0.0, "DIP3": 70.162654, "DIP4": 64.138167, "DIRWEIGHT1": 0.300813, "DIRWEIGHT2": 0.0, "DIRWEIGHT3": 0.211382, "DIRWEIGHT4": 0.487805 }, "geometry": { "type": "Polygon", "coordinates": [ [ [ 28.82418200009937, 40.066578000174729 ], [ 29.633053000195957, 39.813433999579559 ], [ 29.217582999855722, 39.401266000425721 ], [ 29.066509000090434, 39.431140000310904 ], [ 28.74571300035484, 39.4617920001009 ], [ 28.207767999793532, 39.494066000046018 ], [ 28.32383699957802, 39.637269000164395 ], [ 27.49603699980787, 39.680541000067251 ], [ 27.009720999624619, 39.11061699967496 ], [ 27.014311999998938, 39.718382999575908 ], [ 28.82418200009937, 40.066578000174729 ] ] ] } },
{ "type": "Feature", "properties": { "OBJECTID_1": 410.0, "LONC": 32.846936, "LATC": 39.93054, "IDAS": "TRAS416", "A": 4.5, "B": 1.0, "TECREG": "Active", "TECTONICS": "Active Shallow Crust", "SS": 75, "NF": 25, "TF": 0, "MINDEPTH": 0, "HYPODEPTH1": 2, "HYPODEPTH2": 10, "HYPODEPTH3": 18, "MAXDEPTH": 20, "WHDEPTH1": 0.1, "WHDEPTH2": 0.4, "WHDEPTH3": 0.5, "MAXMAG01": 7.5, "MAXMAG02": 7.7, "MAXMAG03": 7.9, "MAXMAG04": 8.1, "WMAXMAG01": 0.5, "WMAXMAG02": 0.2, "WMAXMAG03": 0.2, "WMAXMAG04": 0.1, "STRIKE1": 40.994543, "STRIKE2": 141.937833, "STRIKE3": 207.262551, "STRIKE4": 315.019411, "DIP1": 72.909252, "DIP2": 66.6765, "DIP3": 68.719737, "DIP4": 75.819232, "DIRWEIGHT1": 0.473684, "DIRWEIGHT2": 0.012146, "DIRWEIGHT3": 0.40081, "DIRWEIGHT4": 0.11336 }, "geometry": { "type": "Polygon", "coordinates": [ [ [ 29.743214000026228, 40.259202999618878 ], [ 30.295555999909652, 40.446617999821001 ], [ 31.105748999816626, 40.54912099993436 ], [ 31.471892999862234, 40.573300999841422 ], [ 31.901701000401033, 40.615614999632669 ], [ 32.56567100031657, 40.688956000319308 ], [ 34.083668999924555, 40.928979000180902 ], [ 35.413821000139194, 40.898445999583373 ], [ 35.95065900001299, 40.714877999620171 ], [ 35.543847999685624, 40.66320700000324 ], [ 34.819632000416675, 40.404964999934975 ], [ 34.407231999557325, 40.232804999950929 ], [ 33.874135999576879, 40.037164999964943 ], [ 33.703136000026518, 39.982387000060157 ], [ 33.212160999930347, 39.506569000159402 ], [ 32.710144999692147, 39.384658999913086 ], [ 33.015514000271082, 38.932100999761474 ], [ 32.746042000338207, 39.131664999939971 ], [ 31.950474000374982, 39.530795000389105 ], [ 31.321705999632343, 39.830143000299415 ], [ 30.91109000010357, 39.969836999578035 ], [ 30.359321999710687, 40.099557000255516 ], [ 29.743214000026228, 40.259202999618878 ] ] ] } },
{ "type": "Feature", "properties": { "OBJECTID_1": 411.0, "LONC": 37.778616, "LATC": 38.341682, "IDAS": "TRAS418", "A": 4.4, "B": 1.0, "TECREG": "Active", "TECTONICS": "Active Shallow Crust", "SS": 50, "NF": 15, "TF": 35, "MINDEPTH": 0, "HYPODEPTH1": 2, "HYPODEPTH2": 10, "HYPODEPTH3": 18, "MAXDEPTH": 20, "WHDEPTH1": 0.1, "WHDEPTH2": 0.4, "WHDEPTH3": 0.5, "MAXMAG01": 7.9, "MAXMAG02": 8.1, "MAXMAG03": 8.3, "MAXMAG04": 8.5, "WMAXMAG01": 0.5, "WMAXMAG02": 0.2, "WMAXMAG03": 0.2, "WMAXMAG04": 0.1, "STRIKE1": 41.206288, "STRIKE2": 108.787972, "STRIKE3": 238.843435, "STRIKE4": 278.394656, "DIP1": 76.087483, "DIP2": 85.049403, "DIP3": 67.056151, "DIP4": 65.449172, "DIRWEIGHT1": 0.394737, "DIRWEIGHT2": 0.118421, "DIRWEIGHT3": 0.381579, "DIRWEIGHT4": 0.105263 }, "geometry": { "type": "Polygon", "coordinates": [ [ [ 35.700093999638511, 37.854239000329756 ], [ 36.305660999755503, 38.224823000081528 ], [ 36.913533000048062, 38.541178000064804 ], [ 37.559373000263918, 38.84246899964478 ], [ 39.46410699983835, 39.578612000343696 ], [ 40.60843600042125, 39.194062999607922 ], [ 36.785018000080811, 37.600305000175808 ], [ 36.446597999698099, 37.163017000034699 ], [ 35.700093999638511, 37.854239000329756 ] ] ] } },
{ "type": "Feature", "properties": { "OBJECTID_1": 412.0, "LONC": 28.68148, "LATC": 37.437979, "IDAS": "TRAS419", "A": 2.6, "B": 0.83, "TECREG": "Active", "TECTONICS": "Active Shallow Crust", "SS": 20, "NF": 75, "TF": 5, "MINDEPTH": 0, "HYPODEPTH1": 2, "HYPODEPTH2": 10, "HYPODEPTH3": 18, "MAXDEPTH": 20, "WHDEPTH1": 0.1, "WHDEPTH2": 0.4, "WHDEPTH3": 0.5, "MAXMAG01": 7.1, "MAXMAG02": 7.3, "MAXMAG03": 7.5, "MAXMAG04": 7.7, "WMAXMAG01": 0.5, "WMAXMAG02": 0.2, "WMAXMAG03": 0.2, "WMAXMAG04": 0.1, "STRIKE1": 0.0, "STRIKE2": 0.0, "STRIKE3": 230.236526, "STRIKE4": 347.143917, "DIP1": 0.0, "DIP2": 0.0, "DIP3": 50.444289, "DIP4": 50.64725, "DIRWEIGHT1": 0.0, "DIRWEIGHT2": 0.0, "DIRWEIGHT3": 0.76, "DIRWEIGHT4": 0.24 }, "geometry": { "type": "Polygon", "coordinates": [ [ [ 27.785827999662615, 37.666773999620546 ], [ 28.138826999666492, 37.702298000152723 ], [ 28.448064999700136, 37.751060999665583 ], [ 28.6925029999137, 37.770408999775668 ], [ 28.82188999962392, 37.778984999558247 ], [ 28.919681000078242, 37.760543999905849 ], [ 29.074760000174024, 37.749881000108246 ], [ 29.334375999752751, 37.712839999766345 ], [ 29.577131999742164, 37.630819999943185 ], [ 28.926968999819678, 37.096789000012507 ], [ 27.785827999662615, 37.666773999620546 ] ] ] } },
{ "type": "Feature", "properties": { "OBJECTID_1": 413.0, "LONC": 27.99969, "LATC": 38.214343, "IDAS": "TRAS420", "A": 2.9, "B": 0.88, "TECREG": "Active", "TECTONICS": "Active Shallow Crust", "SS": 20, "NF": 75, "TF": 5, "MINDEPTH": 0, "HYPODEPTH1": 2, "HYPODEPTH2": 10, "HYPODEPTH3": 18, "MAXDEPTH": 20, "WHDEPTH1": 0.1, "WHDEPTH2": 0.4, "WHDEPTH3": 0.5, "MAXMAG01": 7.1, "MAXMAG02": 7.3, "MAXMAG03": 7.5, "MAXMAG04": 7.7, "WMAXMAG01": 0.5, "WMAXMAG02": 0.2, "WMAXMAG03": 0.2, "WMAXMAG04": 0.1, "STRIKE1": 84.2875, "STRIKE2": 0.0, "STRIKE3": 253.371676, "STRIKE4": 282.954417, "DIP1": 50.0, "DIP2": 0.0, "DIP3": 56.564941, "DIP4": 51.328583, "DIRWEIGHT1": 0.28125, "DIRWEIGHT2": 0.0, "DIRWEIGHT3": 0.53125, "DIRWEIGHT4": 0.1875 }, "geometry": { "type": "Polygon", "coordinates": [ [ [ 27.274005000430577, 38.002108999830625 ], [ 27.35954499980204, 38.426577999675089 ], [ 27.534382000029439, 38.390756999835844 ], [ 27.713218000310633, 38.378573000044071 ], [ 28.004802000112363, 38.390756999835844 ], [ 28.206967999773553, 38.378573000044071 ], [ 28.358588000436043, 38.342021999815586 ], [ 28.440232000006972, 38.305470999587101 ], [ 28.556867999858468, 38.22932299985672 ], [ 28.725375999602875, 38.086256999760906 ], [ 28.632933000257935, 38.087060999965331 ], [ 27.931940999977314, 38.063462999917704 ], [ 27.274005000430577, 38.002108999830625 ] ] ] } },
{ "type": "Feature", "properties": { "OBJECTID_1": 414.0, "LONC": 29.184246, "LATC": 35.522617, "IDAS": "GRAS421", "A": 5.0, "B": 1.1, "TECREG": "Active", "TECTONICS": "Active Shallow Crust", "SS": 50, "NF": 0, "TF": 50, "MINDEPTH": 0, "HYPODEPTH1": 2, "HYPODEPTH2": 10, "HYPODEPTH3": 18, "MAXDEPTH": 20, "WHDEPTH1": 0.1, "WHDEPTH2": 0.4, "WHDEPTH3": 0.5, "MAXMAG01": 7.5, "MAXMAG02": 7.7, "MAXMAG03": 7.9, "MAXMAG04": 8.1, "WMAXMAG01": 0.5, "WMAXMAG02": 0.2, "WMAXMAG03": 0.2, "WMAXMAG04": 0.1, "STRIKE1": 37.712643, "STRIKE2": 0.0, "STRIKE3": 213.242, "STRIKE4": 319.103575, "DIP1": 57.636357, "DIP2": 0.0, "DIP3": 75.689, "DIP4": 22.091487, "DIRWEIGHT1": 0.109375, "DIRWEIGHT2": 0.0, "DIRWEIGHT3": 0.007812, "DIRWEIGHT4": 0.882812 }, "geometry": { "type": "Polygon", "coordinates": [ [ [ 19.482133909418923, 38.200000000000173 ], [ 19.999137000372457, 37.69983399983937 ], [ 20.500089000107437, 37.098645000166812 ], [ 21.300502999613911, 36.100386999760417 ], [ 21.701516999709952, 35.601934000154131 ], [ 23.800218000360587, 34.200065000399604 ], [ 24.206823000181487, 33.999343999925827 ], [ 26.400158999638279, 34.000263000037592 ], [ 26.901792000200828, 33.999043000434312 ], [ 28.799871000446501, 35.500364999944964 ], [ 29.071062999657897, 35.670590999774959 ], [ 29.273439000010001, 35.666659000112929 ], [ 29.792480000251999, 35.378809999881753 ], [ 30.485964999685166, 35.015051000103711 ], [ 29.109829999555018, 34.191724999809082 ], [ 26.937741999693685, 33.144506999798352 ], [ 22.971030000434325, 33.377522000240276 ], [ 19.882133909418929, 34.900000000000126 ], [ 18.282133909418906, 35.600000000000136 ], [ 19.482133909418923, 38.200000000000173 ] ] ] } },
{ "type": "Feature", "properties": { "OBJECTID_1": 415.0, "LONC": 26.746201, "LATC": 40.243211, "IDAS": "TRAS423", "A": 2.8, "B": 0.84, "TECREG": "Active", "TECTONICS": "Active Shallow Crust", "SS": 50, "NF": 40, "TF": 10, "MINDEPTH": 0, "HYPODEPTH1": 2, "HYPODEPTH2": 10, "HYPODEPTH3": 18, "MAXDEPTH": 20, "WHDEPTH1": 0.1, "WHDEPTH2": 0.4, "WHDEPTH3": 0.5, "MAXMAG01": 8.0, "MAXMAG02": 8.2, "MAXMAG03": 8.4, "MAXMAG04": 8.6, "WMAXMAG01": 0.5, "WMAXMAG02": 0.2, "WMAXMAG03": 0.2, "WMAXMAG04": 0.1, "STRIKE1": 0.0, "STRIKE2": 119.411222, "STRIKE3": 249.116, "STRIKE4": 0.0, "DIP1": 0.0, "DIP2": 83.490778, "DIP3": 60.079667, "DIP4": 0.0, "DIRWEIGHT1": 0.0, "DIRWEIGHT2": 0.5, "DIRWEIGHT3": 0.5, "DIRWEIGHT4": 0.0 }, "geometry": { "type": "Polygon", "coordinates": [ [ [ 26.301326999741434, 39.837771999578308 ], [ 26.29999999970039, 39.935000000150069 ], [ 26.226846999589497, 40.243519000301774 ], [ 27.035873999685521, 40.508665000389612 ], [ 27.526908999850605, 40.633690000393358 ], [ 27.673880000162058, 40.648650999644076 ], [ 28.342693000381814, 40.611504999856038 ], [ 28.696376999599011, 40.565061000265132 ], [ 28.696376999599011, 40.565061000265132 ], [ 28.466277999630165, 40.488674000305025 ], [ 28.075549999932718, 40.464494000397963 ], [ 27.762981000073239, 40.391964000238602 ], [ 27.485826000169936, 40.316483999836862 ], [ 27.018381999729684, 40.161178000064808 ], [ 26.580130000099587, 40.081575000186263 ], [ 26.301326999741434, 39.837771999578308 ] ] ] } },
{ "type": "Feature", "properties": { "OBJECTID_1": 416.0, "LONC": 31.497753, "LATC": 36.19586, "IDAS": "TRAS424", "A": 3.3, "B": 0.86, "TECREG": "Active", "TECTONICS": "Active Shallow Crust", "SS": 20, "NF": 75, "TF": 5, "MINDEPTH": 0, "HYPODEPTH1": 2, "HYPODEPTH2": 10, "HYPODEPTH3": 18, "MAXDEPTH": 20, "WHDEPTH1": 0.1, "WHDEPTH2": 0.4, "WHDEPTH3": 0.5, "MAXMAG01": 7.5, "MAXMAG02": 7.7, "MAXMAG03": 7.9, "MAXMAG04": 8.1, "WMAXMAG01": 0.5, "WMAXMAG02": 0.2, "WMAXMAG03": 0.2, "WMAXMAG04": 0.1, "STRIKE1": 23.858604, "STRIKE2": 153.6774, "STRIKE3": 197.422826, "STRIKE4": 322.799641, "DIP1": 59.239919, "DIP2": 56.887257, "DIP3": 50.666109, "DIP4": 40.521451, "DIRWEIGHT1": 0.248333, "DIRWEIGHT2": 0.058333, "DIRWEIGHT3": 0.076667, "DIRWEIGHT4": 0.616667 }, "geometry": { "type": "Polygon", "coordinates": [ [ [ 32.571834000339038, 34.689140000111081 ], [ 32.128018999577307, 35.101914000231091 ], [ 30.056588000136287, 36.866871000296612 ], [ 30.27981099957816, 37.181672999709349 ], [ 30.732466999752376, 37.681048999611789 ], [ 30.757059999819319, 37.702415000152314 ], [ 32.954126999561538, 35.556482000444134 ], [ 32.571834000339038, 34.689140000111081 ] ] ] } },
{ "type": "Feature", "properties": { "OBJECTID_1": 417.0, "LONC": 37.174149, "LATC": 39.537307, "IDAS": "TRAS447", "A": 4.1, "B": 1.0, "TECREG": "Active", "TECTONICS": "Active Shallow Crust", "SS": 80, "NF": 20, "TF": 0, "MINDEPTH": 0, "HYPODEPTH1": 2, "HYPODEPTH2": 10, "HYPODEPTH3": 18, "MAXDEPTH": 20, "WHDEPTH1": 0.1, "WHDEPTH2": 0.4, "WHDEPTH3": 0.5, "MAXMAG01": 7.5, "MAXMAG02": 7.7, "MAXMAG03": 7.9, "MAXMAG04": 8.1, "WMAXMAG01": 0.5, "WMAXMAG02": 0.2, "WMAXMAG03": 0.2, "WMAXMAG04": 0.1, "STRIKE1": 63.126676, "STRIKE2": 97.680839, "STRIKE3": 238.470586, "STRIKE4": 270.11, "DIP1": 77.830472, "DIP2": 65.914214, "DIP3": 82.573079, "DIP4": 85.705, "DIRWEIGHT1": 0.391185, "DIRWEIGHT2": 0.077135, "DIRWEIGHT3": 0.526171, "DIRWEIGHT4": 0.00551 }, "geometry": { "type": "Polygon", "coordinates": [ [ [ 35.146941000127242, 39.42245299990617 ], [ 35.80841400000628, 39.829814000415979 ], [ 36.432438999660292, 39.980771000181676 ], [ 37.668256999660969, 40.009059999819328 ], [ 39.021167999903412, 39.726859000142895 ], [ 38.221568000163245, 39.499858000046856 ], [ 37.215513999971279, 39.339161999926546 ], [ 36.159041000342086, 39.068448000275168 ], [ 35.146941000127242, 39.42245299990617 ] ] ] } },
{ "type": "Feature", "properties": { "OBJECTID_1": 418.0, "LONC": 40.5072, "LATC": 36.749059, "IDAS": "TRAS450", "A": 4.4, "B": 1.0, "TECREG": "Active", "TECTONICS": "Active Shallow Crust", "SS": 33, "NF": 33, "TF": 34, "MINDEPTH": 0, "HYPODEPTH1": 2, "HYPODEPTH2": 10, "HYPODEPTH3": 18, "MAXDEPTH": 20, "WHDEPTH1": 0.1, "WHDEPTH2": 0.4, "WHDEPTH3": 0.5, "MAXMAG01": 7.6, "MAXMAG02": 7.8, "MAXMAG03": 8.0, "MAXMAG04": 8.2, "WMAXMAG01": 0.5, "WMAXMAG02": 0.2, "WMAXMAG03": 0.2, "WMAXMAG04": 0.1, "STRIKE1": 0.0, "STRIKE2": 0.0, "STRIKE3": 0.0, "STRIKE4": 294.124809, "DIP1": 0.0, "DIP2": 0.0, "DIP3": 0.0, "DIP4": 80.073574, "DIRWEIGHT1": 0.0, "DIRWEIGHT2": 0.0, "DIRWEIGHT3": 0.0, "DIRWEIGHT4": 1.0 }, "geometry": { "type": "Polygon", "coordinates": [ [ [ 37.730848000135268, 37.615327999587691 ], [ 39.308150999768998, 38.020638999990013 ], [ 39.894078999846158, 38.191325000348627 ], [ 40.546150999669067, 38.280376999798875 ], [ 41.061193999903367, 38.260103000153492 ], [ 41.49000000010011, 38.160000000100069 ], [ 43.994401000206153, 36.866071000276634 ], [ 42.507191000364514, 35.21774099964756 ], [ 39.877718999932085, 36.494108999930575 ], [ 38.513610000401343, 36.858041999638715 ], [ 37.020000000399875, 37.099999999700401 ], [ 37.730848000135268, 37.615327999587691 ] ] ] } },
{ "type": "Feature", "properties": { "OBJECTID_1": 419.0, "LONC": 43.274694, "LATC": 40.253225, "IDAS": "TRAS454", "A": 3.9, "B": 1.0, "TECREG": "Active", "TECTONICS": "Active Shallow Crust", "SS": 33, "NF": 33, "TF": 34, "MINDEPTH": 0, "HYPODEPTH1": 2, "HYPODEPTH2": 10, "HYPODEPTH3": 18, "MAXDEPTH": 20, "WHDEPTH1": 0.1, "WHDEPTH2": 0.4, "WHDEPTH3": 0.5, "MAXMAG01": 7.8, "MAXMAG02": 8.0, "MAXMAG03": 8.2, "MAXMAG04": 8.4, "WMAXMAG01": 0.5, "WMAXMAG02": 0.2, "WMAXMAG03": 0.2, "WMAXMAG04": 0.1, "STRIKE1": 88.016, "STRIKE2": 0.0, "STRIKE3": 230.985433, "STRIKE4": 292.542594, "DIP1": 85.03, "DIP2": 0.0, "DIP3": 87.916533, "DIP4": 81.423625, "DIRWEIGHT1": 0.025641, "DIRWEIGHT2": 0.0, "DIRWEIGHT3": 0.769231, "DIRWEIGHT4": 0.205128 }, "geometry": { "type": "Polygon", "coordinates": [ [ [ 43.745696000170426, 40.826115999653837 ], [ 44.017600999886383, 40.700098999769182 ], [ 43.932025999800203, 40.643329999779837 ], [ 43.461153000410832, 40.153661999701683 ], [ 43.272531000305605, 39.961568999609824 ], [ 43.063882000254296, 39.908745999928101 ], [ 42.467790000008677, 39.68033400041395 ], [ 41.928616000328304, 39.841965999631327 ], [ 42.797454000401956, 40.119587000339948 ], [ 43.505110999573162, 40.598967999973411 ], [ 43.745696000170426, 40.826115999653837 ] ] ] } },
{ "type": "Feature", "properties": { "OBJECTID_1": 420.0, "LONC": 43.242871, "LATC": 39.5886, "IDAS": "TRAS457", "A": 3.7902, "B": 1.0, "TECREG": "Active", "TECTONICS": "Active Shallow Crust", "SS": 55, "NF": 15, "TF": 30, "MINDEPTH": 0, "HYPODEPTH1": 2, "HYPODEPTH2": 10, "HYPODEPTH3": 18, "MAXDEPTH": 20, "WHDEPTH1": 0.1, "WHDEPTH2": 0.4, "WHDEPTH3": 0.5, "MAXMAG01": 7.8, "MAXMAG02": 8.0, "MAXMAG03": 8.2, "MAXMAG04": 8.4, "WMAXMAG01": 0.5, "WMAXMAG02": 0.2, "WMAXMAG03": 0.2, "WMAXMAG04": 0.1, "STRIKE1": 0.0, "STRIKE2": 0.0, "STRIKE3": 0.0, "STRIKE4": 304.674264, "DIP1": 0.0, "DIP2": 0.0, "DIP3": 0.0, "DIP4": 81.864849, "DIRWEIGHT1": 0.0, "DIRWEIGHT2": 0.0, "DIRWEIGHT3": 0.0, "DIRWEIGHT4": 1.0 }, "geometry": { "type": "Polygon", "coordinates": [ [ [ 42.467790000008677, 39.68033400041395 ], [ 43.063882000254296, 39.908745999928101 ], [ 43.272531000305605, 39.961568999609824 ], [ 44.017951999885042, 39.215631999617244 ], [ 43.082538999975043, 39.496046999669488 ], [ 42.467790000008677, 39.68033400041395 ] ] ] } },
{ "type": "Feature", "properties": { "OBJECTID_1": 421.0, "LONC": 43.139586, "LATC": 39.205142, "IDAS": "TRAS458", "A": 3.9, "B": 0.9, "TECREG": "Active", "TECTONICS": "Active Shallow Crust", "SS": 70, "NF": 25, "TF": 5, "MINDEPTH": 0, "HYPODEPTH1": 2, "HYPODEPTH2": 10, "HYPODEPTH3": 18, "MAXDEPTH": 20, "WHDEPTH1": 0.1, "WHDEPTH2": 0.4, "WHDEPTH3": 0.5, "MAXMAG01": 7.8, "MAXMAG02": 8.0, "MAXMAG03": 8.2, "MAXMAG04": 8.4, "WMAXMAG01": 0.5, "WMAXMAG02": 0.2, "WMAXMAG03": 0.2, "WMAXMAG04": 0.1, "STRIKE1": 10.078, "STRIKE2": 122.748667, "STRIKE3": 219.5225, "STRIKE4": 323.487914, "DIP1": 85.0, "DIP2": 83.103183, "DIP3": 86.466667, "DIP4": 81.551729, "DIRWEIGHT1": 0.015385, "DIRWEIGHT2": 0.692308, "DIRWEIGHT3": 0.023077, "DIRWEIGHT4": 0.269231 }, "geometry": { "type": "Polygon", "coordinates": [ [ [ 44.017951999885042, 39.215631999617244 ], [ 44.664817999751051, 38.568317999776013 ], [ 41.614354999783586, 39.653409999871769 ], [ 41.928616000328304, 39.841965999631327 ], [ 42.467790000008677, 39.68033400041395 ], [ 43.082538999975043, 39.496046999669488 ], [ 44.017951999885042, 39.215631999617244 ] ] ] } },
{ "type": "Feature", "properties": { "OBJECTID_1": 422.0, "LONC": 36.271373, "LATC": 34.200472, "IDAS": "LYAS486", "A": 3.0, "B": 0.9, "TECREG": "Active", "TECTONICS": "Active Shallow Crust", "SS": 75, "NF": 10, "TF": 15, "MINDEPTH": 0, "HYPODEPTH1": 2, "HYPODEPTH2": 10, "HYPODEPTH3": 18, "MAXDEPTH": 20, "WHDEPTH1": 0.1, "WHDEPTH2": 0.4, "WHDEPTH3": 0.5, "MAXMAG01": 7.9, "MAXMAG02": 8.1, "MAXMAG03": 8.3, "MAXMAG04": 8.5, "WMAXMAG01": 0.5, "WMAXMAG02": 0.2, "WMAXMAG03": 0.2, "WMAXMAG04": 0.1, "STRIKE1": 0.0, "STRIKE2": 0.0, "STRIKE3": 0.0, "STRIKE4": 0.0, "DIP1": 0.0, "DIP2": 0.0, "DIP3": 0.0, "DIP4": 0.0, "DIRWEIGHT1": 0.0, "DIRWEIGHT2": 0.0, "DIRWEIGHT3": 0.0, "DIRWEIGHT4": 0.0 }, "geometry": { "type": "Polygon", "coordinates": [ [ [ 36.182690000043635, 35.377257000210534 ], [ 36.472329000083448, 35.363294000218104 ], [ 36.492402000352229, 34.528306999968265 ], [ 36.498898999589301, 34.258039000199858 ], [ 36.433567000416929, 34.086592999867207 ], [ 35.970469999890724, 33.369879000315791 ], [ 35.675639999686382, 33.101577000378427 ], [ 35.67657799977502, 33.02368800040108 ], [ 35.524056999830862, 33.038436999767896 ], [ 35.512629999874775, 33.301955000323176 ], [ 35.717938999685259, 33.72040200035218 ], [ 36.172507999944401, 34.347764000108668 ], [ 36.268153000360826, 34.541742999939686 ], [ 36.267471000386536, 34.692223000191461 ], [ 36.182690000043635, 35.377257000210534 ] ] ] } },
{ "type": "Feature", "properties": { "OBJECTID_1": 423.0, "LONC": 35.612832, "LATC": 34.033177, "IDAS": "LYAS485", "A": 3.5852, "B": 1.0, "TECREG": "Active", "TECTONICS": "Active Shallow Crust", "SS": 40, "NF": 10, "TF": 50, "MINDEPTH": 0, "HYPODEPTH1": 2, "HYPODEPTH2": 10, "HYPODEPTH3": 18, "MAXDEPTH": 20, "WHDEPTH1": 0.1, "WHDEPTH2": 0.4, "WHDEPTH3": 0.5, "MAXMAG01": 7.6, "MAXMAG02": 7.8, "MAXMAG03": 8.0, "MAXMAG04": 8.2, "WMAXMAG01": 0.5, "WMAXMAG02": 0.2, "WMAXMAG03": 0.2, "WMAXMAG04": 0.1, "STRIKE1": 0.0, "STRIKE2": 0.0, "STRIKE3": 0.0, "STRIKE4": 0.0, "DIP1": 0.0, "DIP2": 0.0, "DIP3": 0.0, "DIP4": 0.0, "DIRWEIGHT1": 0.0, "DIRWEIGHT2": 0.0, "DIRWEIGHT3": 0.0, "DIRWEIGHT4": 0.0 }, "geometry": { "type": "Polygon", "coordinates": [ [ [ 36.267471000386536, 34.692223000191461 ], [ 36.268153000360826, 34.541742999939686 ], [ 36.172507999944401, 34.347764000108668 ], [ 35.717938999685259, 33.72040200035218 ], [ 35.548042999784798, 33.374132000391683 ], [ 34.957511999679184, 33.445381999979475 ], [ 35.101512999725344, 33.777996999761911 ], [ 35.457786999670475, 34.574336000206415 ], [ 36.267471000386536, 34.692223000191461 ] ] ] } },
{ "type": "Feature", "properties": { "OBJECTID_1": 424.0, "LONC": 37.91701, "LATC": 34.338349, "IDAS": "SYAS482", "A": 3.5, "B": 1.0, "TECREG": "Active", "TECTONICS": "Active Shallow Crust", "SS": 20, "NF": 0, "TF": 80, "MINDEPTH": 0, "HYPODEPTH1": 2, "HYPODEPTH2": 10, "HYPODEPTH3": 18, "MAXDEPTH": 20, "WHDEPTH1": 0.1, "WHDEPTH2": 0.4, "WHDEPTH3": 0.5, "MAXMAG01": 7.6, "MAXMAG02": 7.8, "MAXMAG03": 8.0, "MAXMAG04": 8.2, "WMAXMAG01": 0.5, "WMAXMAG02": 0.2, "WMAXMAG03": 0.2, "WMAXMAG04": 0.1, "STRIKE1": 0.0, "STRIKE2": 0.0, "STRIKE3": 0.0, "STRIKE4": 0.0, "DIP1": 0.0, "DIP2": 0.0, "DIP3": 0.0, "DIP4": 0.0, "DIRWEIGHT1": 0.0, "DIRWEIGHT2": 0.0, "DIRWEIGHT3": 0.0, "DIRWEIGHT4": 0.0 }, "geometry": { "type": "Polygon", "coordinates": [ [ [ 35.675639999686382, 33.101577000378427 ], [ 35.970469999890724, 33.369879000315791 ], [ 36.433567000416929, 34.086592999867207 ], [ 36.498898999589301, 34.258039000199858 ], [ 36.492402000352229, 34.528306999968265 ], [ 38.16050299991366, 35.503821000139226 ], [ 40.158379999637418, 35.57512200028026 ], [ 38.884950999988803, 34.161445000086871 ], [ 36.532763000012608, 33.399389999648918 ], [ 35.675639999686382, 33.101577000378427 ] ] ] } },
{ "type": "Feature", "properties": { "OBJECTID_1": 425.0, "LONC": 45.362608, "LATC": 38.724022, "IDAS": "IRAS456", "A": 4.7025, "B": 1.0518, "TECREG": "Active", "TECTONICS": "Active Shallow Crust", "SS": 55, "NF": 15, "TF": 30, "MINDEPTH": 0, "HYPODEPTH1": 2, "HYPODEPTH2": 10, "HYPODEPTH3": 18, "MAXDEPTH": 20, "WHDEPTH1": 0.1, "WHDEPTH2": 0.4, "WHDEPTH3": 0.5, "MAXMAG01": 7.8, "MAXMAG02": 8.0, "MAXMAG03": 8.2, "MAXMAG04": 8.4, "WMAXMAG01": 0.5, "WMAXMAG02": 0.2, "WMAXMAG03": 0.2, "WMAXMAG04": 0.1, "STRIKE1": 88.018, "STRIKE2": 133.9179, "STRIKE3": 0.0, "STRIKE4": 314.401669, "DIP1": 85.03, "DIP2": 64.09795, "DIP3": 0.0, "DIP4": 85.015108, "DIRWEIGHT1": 0.004329, "DIRWEIGHT2": 0.4329, "DIRWEIGHT3": 0.0, "DIRWEIGHT4": 0.562771 }, "geometry": { "type": "Polygon", "coordinates": [ [ [ 47.45268500031267, 37.442359000067938 ], [ 47.277500000225018, 37.189313000394804 ], [ 46.476702000097418, 37.749870999647101 ], [ 45.9161449999919, 38.03014999972288 ], [ 45.474080999938337, 38.076430999890874 ], [ 44.965445000186776, 38.26748299964089 ], [ 44.664817999751051, 38.568317999776013 ], [ 44.017951999885042, 39.215631999617244 ], [ 43.272531000305605, 39.961568999609824 ], [ 43.461153000410832, 40.153661999701683 ], [ 44.259492999602401, 39.858583999751943 ], [ 45.093945000361657, 38.962902000127372 ], [ 45.969530999556127, 38.497281000118221 ], [ 46.503395999925601, 38.377161999726695 ], [ 47.0128080003891, 37.875522999786767 ], [ 47.45268500031267, 37.442359000067938 ] ] ] } },
{ "type": "Feature", "properties": { "OBJECTID_1": 426.0, "LONC": 42.952277, "LATC": 38.658298, "IDAS": "TRAS449", "A": 4.3605, "B": 1.008, "TECREG": "Active", "TECTONICS": "Active Shallow Crust", "SS": 50, "NF": 15, "TF": 35, "MINDEPTH": 0, "HYPODEPTH1": 2, "HYPODEPTH2": 10, "HYPODEPTH3": 18, "MAXDEPTH": 20, "WHDEPTH1": 0.1, "WHDEPTH2": 0.4, "WHDEPTH3": 0.5, "MAXMAG01": 8.0, "MAXMAG02": 8.2, "MAXMAG03": 8.4, "MAXMAG04": 8.6, "WMAXMAG01": 0.5, "WMAXMAG02": 0.2, "WMAXMAG03": 0.2, "WMAXMAG04": 0.1, "STRIKE1": 53.587561, "STRIKE2": 142.879, "STRIKE3": 243.417327, "STRIKE4": 300.178752, "DIP1": 75.859121, "DIP2": 74.341921, "DIP3": 62.070236, "DIP4": 41.849019, "DIRWEIGHT1": 0.206897, "DIRWEIGHT2": 0.119122, "DIRWEIGHT3": 0.344828, "DIRWEIGHT4": 0.329154 }, "geometry": { "type": "Polygon", "coordinates": [ [ [ 41.30455399986738, 39.387374000110185 ], [ 44.477424999664152, 38.459059000172886 ], [ 44.21397300035386, 37.929222000295226 ], [ 43.74225799990694, 38.202432999983102 ], [ 41.167842999654852, 39.001362000256279 ], [ 41.30455399986738, 39.387374000110185 ] ] ] } },
{ "type": "Feature", "properties": { "OBJECTID_1": 427.0, "LONC": 36.406743, "LATC": 41.947878, "IDAS": "GEAS343", "A": 3.3817, "B": 1.011, "TECREG": "Active", "TECTONICS": "Active Shallow Crust", "SS": 33, "NF": 33, "TF": 34, "MINDEPTH": 0, "HYPODEPTH1": 2, "HYPODEPTH2": 10, "HYPODEPTH3": 18, "MAXDEPTH": 20, "WHDEPTH1": 0.1, "WHDEPTH2": 0.4, "WHDEPTH3": 0.5, "MAXMAG01": 7.8, "MAXMAG02": 8.0, "MAXMAG03": 8.2, "MAXMAG04": 8.4, "WMAXMAG01": 0.5, "WMAXMAG02": 0.2, "WMAXMAG03": 0.2, "WMAXMAG04": 0.1, "STRIKE1": 73.428723, "STRIKE2": 112.404329, "STRIKE3": 0.0, "STRIKE4": 0.0, "DIP1": 34.601194, "DIP2": 37.48179, "DIP3": 0.0, "DIP4": 0.0, "DIRWEIGHT1": 0.716469, "DIRWEIGHT2": 0.283531, "DIRWEIGHT3": 0.0, "DIRWEIGHT4": 0.0 }, "geometry": { "type": "Polygon", "coordinates": [ [ [ 28.324611000197649, 42.621435999671803 ], [ 28.63221899970722, 42.609576999579019 ], [ 28.716833000442762, 42.303018999927076 ], [ 28.794704999636167, 42.222805999797231 ], [ 29.464250000337415, 41.970470999637087 ], [ 29.891816000008532, 41.778631999567267 ], [ 31.009661999701677, 41.761645000416593 ], [ 31.805596000355308, 42.021815000362153 ], [ 32.653680000231986, 42.397570000255485 ], [ 33.882152999661344, 42.646945999758259 ], [ 34.314319000121941, 42.676388000406064 ], [ 35.560391999990998, 42.46304100044199 ], [ 36.375094000088211, 42.13475499974362 ], [ 37.362492999752305, 41.836351000198647 ], [ 37.642852999966124, 41.735288999987517 ], [ 38.548783000035598, 41.61304799976557 ], [ 39.147741000247152, 41.591912999985141 ], [ 39.708069999730867, 41.606412000413627 ], [ 40.281966999877284, 41.621262999987607 ], [ 40.855650000047603, 41.795211999734192 ], [ 40.917411000017808, 41.849349999802826 ], [ 41.155198000187738, 41.496453000006113 ], [ 40.79494600025788, 41.394291000329588 ], [ 40.423853999562596, 41.289054000042256 ], [ 39.836840999812466, 41.264504000159661 ], [ 39.197563000032574, 41.219367999733549 ], [ 38.089277999680121, 41.281842000208314 ], [ 37.450813999666536, 41.408393000436774 ], [ 36.330829000258348, 41.753547000194089 ], [ 35.367451000363531, 42.120060000169019 ], [ 34.898493000251904, 42.237767999993366 ], [ 34.259885999939115, 42.334020999669576 ], [ 33.646549000336279, 42.258781999589758 ], [ 32.876269000114405, 42.091489000117406 ], [ 31.53034099993738, 41.546271999653243 ], [ 30.916524999829051, 41.370039999846256 ], [ 29.75602199981563, 41.422027999692602 ], [ 29.307342000433152, 41.634950999888872 ], [ 29.041802000162363, 41.758950000242464 ], [ 28.615821999885554, 42.025796999632007 ], [ 28.364001000046301, 42.312407000283031 ], [ 28.324611000197649, 42.621435999671803 ] ] ] } },
{ "type": "Feature", "properties": { "OBJECTID_1": 428.0, "LONC": 45.21546, "LATC": 39.58661, "IDAS": "ARAS461", "A": 5.8844, "B": 1.4659, "TECREG": "Active", "TECTONICS": "Active Shallow Crust", "SS": 70, "NF": 20, "TF": 10, "MINDEPTH": 0, "HYPODEPTH1": 2, "HYPODEPTH2": 10, "HYPODEPTH3": 18, "MAXDEPTH": 20, "WHDEPTH1": 0.1, "WHDEPTH2": 0.4, "WHDEPTH3": 0.5, "MAXMAG01": 7.3, "MAXMAG02": 7.5, "MAXMAG03": 7.7, "MAXMAG04": 7.9, "WMAXMAG01": 0.5, "WMAXMAG02": 0.2, "WMAXMAG03": 0.2, "WMAXMAG04": 0.1, "STRIKE1": 0.0, "STRIKE2": 0.0, "STRIKE3": 0.0, "STRIKE4": 0.0, "DIP1": 0.0, "DIP2": 0.0, "DIP3": 0.0, "DIP4": 0.0, "DIRWEIGHT1": 0.0, "DIRWEIGHT2": 0.0, "DIRWEIGHT3": 0.0, "DIRWEIGHT4": 0.0 }, "geometry": { "type": "Polygon", "coordinates": [ [ [ 44.346602000282246, 40.61301999957351 ], [ 44.724095000284194, 40.536291000029792 ], [ 44.778183999891837, 40.416237999983878 ], [ 45.002514000021279, 40.103382000379156 ], [ 45.248552000274742, 39.857565999571364 ], [ 45.348070000330438, 39.654102000307262 ], [ 45.530774000020244, 39.505602999678842 ], [ 45.892594000313011, 39.276547000144092 ], [ 46.102453999552608, 39.047491999756176 ], [ 46.27612600001504, 38.891063000357349 ], [ 46.583830000354396, 38.790569000259325 ], [ 46.544146000437763, 38.593837000277517 ], [ 46.391910000146538, 38.561447000378905 ], [ 46.145869999800823, 38.65642100042902 ], [ 45.74856099969054, 39.010342999829732 ], [ 45.26301499994247, 39.391541999863591 ], [ 44.857783999632034, 39.824045999723296 ], [ 44.647005000280728, 40.106484999583245 ], [ 44.346602000282246, 40.61301999957351 ] ] ] } },
{ "type": "Feature", "properties": { "OBJECTID_1": 429.0, "LONC": 44.9968, "LATC": 39.369824, "IDAS": "AMAS455", "A": 5.4166, "B": 1.3483, "TECREG": "Active", "TECTONICS": "Active Shallow Crust", "SS": 33, "NF": 33, "TF": 34, "MINDEPTH": 0, "HYPODEPTH1": 2, "HYPODEPTH2": 10, "HYPODEPTH3": 18, "MAXDEPTH": 20, "WHDEPTH1": 0.1, "WHDEPTH2": 0.4, "WHDEPTH3": 0.5, "MAXMAG01": 7.8, "MAXMAG02": 8.0, "MAXMAG03": 8.2, "MAXMAG04": 8.4, "WMAXMAG01": 0.5, "WMAXMAG02": 0.2, "WMAXMAG03": 0.2, "WMAXMAG04": 0.1, "STRIKE1": 88.059818, "STRIKE2": 106.922, "STRIKE3": 0.0, "STRIKE4": 307.54769, "DIP1": 85.029636, "DIP2": 85.12, "DIP3": 0.0, "DIP4": 85.020287, "DIRWEIGHT1": 0.103774, "DIRWEIGHT2": 0.075472, "DIRWEIGHT3": 0.0, "DIRWEIGHT4": 0.820755 }, "geometry": { "type": "Polygon", "coordinates": [ [ [ 46.544146000437763, 38.593837000277517 ], [ 46.503395999925601, 38.377161999726695 ], [ 45.969530999556127, 38.497281000118221 ], [ 45.093945000361657, 38.962902000127372 ], [ 44.259492999602401, 39.858583999751943 ], [ 43.461153000410832, 40.153661999701683 ], [ 43.667578999571333, 40.372433999829411 ], [ 44.647005000280728, 40.106484999583245 ], [ 44.861450999664044, 39.822605999867164 ], [ 45.26301499994247, 39.391541999863591 ], [ 45.74856099969054, 39.010342999829732 ], [ 46.145869999800823, 38.65642100042902 ], [ 46.391910000146538, 38.561447000378905 ], [ 46.544146000437763, 38.593837000277517 ] ] ] } },
{ "type": "Feature", "properties": { "OBJECTID_1": 430.0, "LONC": 44.083309, "LATC": 40.515261, "IDAS": "AMAS480", "A": 0.1555, "B": 1.0, "TECREG": "Active", "TECTONICS": "Active Shallow Crust", "SS": 33, "NF": 33, "TF": 34, "MINDEPTH": 0, "HYPODEPTH1": 2, "HYPODEPTH2": 10, "HYPODEPTH3": 18, "MAXDEPTH": 20, "WHDEPTH1": 0.1, "WHDEPTH2": 0.4, "WHDEPTH3": 0.5, "MAXMAG01": 7.3, "MAXMAG02": 7.5, "MAXMAG03": 7.7, "MAXMAG04": 7.9, "WMAXMAG01": 0.5, "WMAXMAG02": 0.2, "WMAXMAG03": 0.2, "WMAXMAG04": 0.1, "STRIKE1": 0.0, "STRIKE2": 0.0, "STRIKE3": 0.0, "STRIKE4": 0.0, "DIP1": 0.0, "DIP2": 0.0, "DIP3": 0.0, "DIP4": 0.0, "DIRWEIGHT1": 0.0, "DIRWEIGHT2": 0.0, "DIRWEIGHT3": 0.0, "DIRWEIGHT4": 0.0 }, "geometry": { "type": "Polygon", "coordinates": [ [ [ 43.667578999571333, 40.372433999829411 ], [ 43.932025999800203, 40.643329999779837 ], [ 44.017600999886383, 40.700098999769182 ], [ 44.346602000282246, 40.61301999957351 ], [ 44.647005000280728, 40.106484999583245 ], [ 43.667578999571333, 40.372433999829411 ] ] ] } },
{ "type": "Feature", "properties": { "OBJECTID_1": 431.0, "LONC": 45.408852, "LATC": 39.798478, "IDAS": "ARAS462", "A": 5.2417, "B": 1.3786, "TECREG": "Active", "TECTONICS": "Active Shallow Crust", "SS": 33, "NF": 33, "TF": 34, "MINDEPTH": 0, "HYPODEPTH1": 2, "HYPODEPTH2": 10, "HYPODEPTH3": 18, "MAXDEPTH": 20, "WHDEPTH1": 0.1, "WHDEPTH2": 0.4, "WHDEPTH3": 0.5, "MAXMAG01": 7.3, "MAXMAG02": 7.5, "MAXMAG03": 7.7, "MAXMAG04": 7.9, "WMAXMAG01": 0.5, "WMAXMAG02": 0.2, "WMAXMAG03": 0.2, "WMAXMAG04": 0.1, "STRIKE1": 0.0, "STRIKE2": 0.0, "STRIKE3": 0.0, "STRIKE4": 0.0, "DIP1": 0.0, "DIP2": 0.0, "DIP3": 0.0, "DIP4": 0.0, "DIRWEIGHT1": 0.0, "DIRWEIGHT2": 0.0, "DIRWEIGHT3": 0.0, "DIRWEIGHT4": 0.0 }, "geometry": { "type": "Polygon", "coordinates": [ [ [ 44.724095000284194, 40.536291000029792 ], [ 44.982018000030848, 40.476488999567835 ], [ 45.481383000325366, 40.070703999789941 ], [ 45.81428900003749, 39.76352200014037 ], [ 45.977953000330842, 39.447706999878335 ], [ 46.107942999969623, 39.042548000190209 ], [ 46.102453999552608, 39.047491999756176 ], [ 45.892594000313011, 39.276547000144092 ], [ 45.530774000020244, 39.505602999678842 ], [ 45.348070000330438, 39.654102000307262 ], [ 45.248552000274742, 39.857565999571364 ], [ 45.002514000021279, 40.103382000379156 ], [ 44.778183999891837, 40.416237999983878 ], [ 44.724095000284194, 40.536291000029792 ] ] ] } },
{ "type": "Feature", "properties": { "OBJECTID_1": 432.0, "LONC": 47.120575, "LATC": 33.069611, "IDAS": "IRAS481", "A": 6.9592, "B": 1.3476, "TECREG": "Active", "TECTONICS": "Active Shallow Crust", "SS": 40, "NF": 20, "TF": 40, "MINDEPTH": 0, "HYPODEPTH1": 2, "HYPODEPTH2": 10, "HYPODEPTH3": 18, "MAXDEPTH": 20, "WHDEPTH1": 0.1, "WHDEPTH2": 0.4, "WHDEPTH3": 0.5, "MAXMAG01": 7.8, "MAXMAG02": 8.0, "MAXMAG03": 8.2, "MAXMAG04": 8.4, "WMAXMAG01": 0.5, "WMAXMAG02": 0.2, "WMAXMAG03": 0.2, "WMAXMAG04": 0.1, "STRIKE1": 0.0, "STRIKE2": 0.0, "STRIKE3": 0.0, "STRIKE4": 0.0, "DIP1": 0.0, "DIP2": 0.0, "DIP3": 0.0, "DIP4": 0.0, "DIRWEIGHT1": 0.0, "DIRWEIGHT2": 0.0, "DIRWEIGHT3": 0.0, "DIRWEIGHT4": 0.0 }, "geometry": { "type": "Polygon", "coordinates": [ [ [ 50.420589999928723, 31.674261999891542 ], [ 51.005708000424022, 31.634030999930872 ], [ 51.097407999679604, 30.057608999555839 ], [ 51.126249999637935, 29.273152000264758 ], [ 50.600807000043176, 29.648473999975295 ], [ 50.333875000331147, 30.035526000124946 ], [ 49.866742999889709, 30.235724999908996 ], [ 49.737584999947956, 30.760879999712358 ], [ 48.852399999660406, 31.904052 ], [ 48.278496000090513, 32.251064000003737 ], [ 47.723668999824667, 32.059325000048887 ], [ 46.786547000244013, 32.159063000357321 ], [ 45.948243999960823, 32.589303000133498 ], [ 45.007534000393946, 33.530012999700318 ], [ 44.304918999912104, 34.073421000379028 ], [ 42.507191000364514, 35.21774099964756 ], [ 43.994401000206153, 36.866071000276634 ], [ 45.245412000263741, 35.913596999602021 ], [ 46.748111000322581, 34.623719000431663 ], [ 48.154959000357735, 33.94332100016419 ], [ 49.319390999894893, 32.919140999557669 ], [ 49.428805000350678, 32.764999000403691 ], [ 49.820071999723154, 32.368671999713172 ], [ 50.3009770003884, 31.762822000035442 ], [ 50.420589999928723, 31.674261999891542 ] ] ] } },
{ "type": "Feature", "properties": { "OBJECTID_1": 433.0, "LONC": 49.107493, "LATC": 34.262639, "IDAS": "IRAS460", "A": 4.154, "B": 1.037, "TECREG": "Active", "TECTONICS": "Active Shallow Crust", "SS": 40, "NF": 20, "TF": 40, "MINDEPTH": 0, "HYPODEPTH1": 2, "HYPODEPTH2": 10, "HYPODEPTH3": 18, "MAXDEPTH": 20, "WHDEPTH1": 0.1, "WHDEPTH2": 0.4, "WHDEPTH3": 0.5, "MAXMAG01": 7.6, "MAXMAG02": 7.8, "MAXMAG03": 8.0, "MAXMAG04": 8.2, "WMAXMAG01": 0.5, "WMAXMAG02": 0.2, "WMAXMAG03": 0.2, "WMAXMAG04": 0.1, "STRIKE1": 41.169, "STRIKE2": 0.0, "STRIKE3": 0.0, "STRIKE4": 0.0, "DIP1": 70.0947, "DIP2": 0.0, "DIP3": 0.0, "DIP4": 0.0, "DIRWEIGHT1": 1.0, "DIRWEIGHT2": 0.0, "DIRWEIGHT3": 0.0, "DIRWEIGHT4": 0.0 }, "geometry": { "type": "Polygon", "coordinates": [ [ [ 44.477424999664152, 38.459059000172886 ], [ 44.965445000186776, 38.26748299964089 ], [ 45.474080999938337, 38.076430999890874 ], [ 45.9161449999919, 38.03014999972288 ], [ 46.476702000097418, 37.749870999647101 ], [ 47.277500000225018, 37.189313000394804 ], [ 47.790372000167849, 36.722287000344977 ], [ 48.456595999705769, 36.16662700033595 ], [ 48.653780999893399, 35.406447000029175 ], [ 49.882542000013473, 34.334291000229655 ], [ 50.433296999557058, 33.78001600023839 ], [ 51.563850999823956, 33.053297999803021 ], [ 52.418573000044091, 32.256429000098422 ], [ 53.053322999656871, 31.843337999749053 ], [ 53.243624999893996, 31.703861999731657 ], [ 53.54007099997682, 31.04236299955295 ], [ 53.929234000349027, 30.425909000100432 ], [ 52.166383000275403, 31.66360400032454 ], [ 51.01645200035972, 32.561110999573145 ], [ 49.890418999937083, 33.361803000208454 ], [ 48.072925999935137, 34.721937999938916 ], [ 46.545116000203393, 35.836915999573876 ], [ 46.008667000282003, 36.462773000074037 ], [ 45.51658500039764, 37.036868000358083 ], [ 44.324697000066692, 37.865091999896038 ], [ 44.21397300035386, 37.929222000295226 ], [ 44.477424999664152, 38.459059000172886 ] ] ] } },
{ "type": "Feature", "properties": { "OBJECTID_1": 434.0, "LONC": 45.811354, "LATC": 35.960631, "IDAS": "TRAS352", "A": 5.35, "B": 1.11, "TECREG": "Active", "TECTONICS": "Active Shallow Crust", "SS": 40, "NF": 20, "TF": 40, "MINDEPTH": 0, "HYPODEPTH1": 2, "HYPODEPTH2": 10, "HYPODEPTH3": 18, "MAXDEPTH": 20, "WHDEPTH1": 0.1, "WHDEPTH2": 0.4, "WHDEPTH3": 0.5, "MAXMAG01": 7.6, "MAXMAG02": 7.8, "MAXMAG03": 8.0, "MAXMAG04": 8.2, "WMAXMAG01": 0.5, "WMAXMAG02": 0.2, "WMAXMAG03": 0.2, "WMAXMAG04": 0.1, "STRIKE1": 50.6936, "STRIKE2": 124.835701, "STRIKE3": 249.187951, "STRIKE4": 295.808882, "DIP1": 73.391875, "DIP2": 83.083655, "DIP3": 55.077236, "DIP4": 57.535409, "DIRWEIGHT1": 0.087527, "DIRWEIGHT2": 0.190372, "DIRWEIGHT3": 0.222101, "DIRWEIGHT4": 0.5 }, "geometry": { "type": "Polygon", "coordinates": [ [ [ 49.890418999937083, 33.361803000208454 ], [ 49.567026000050021, 33.111108000134266 ], [ 49.319390999894893, 32.919140999557669 ], [ 48.154959000357735, 33.94332100016419 ], [ 46.748111000322581, 34.623719000431663 ], [ 45.245412000263741, 35.913596999602021 ], [ 43.994401000206153, 36.866071000276634 ], [ 41.49000000010011, 38.160000000100069 ], [ 41.061193999903367, 38.260103000153492 ], [ 40.546150999669067, 38.280376999798875 ], [ 39.894078999846158, 38.191325000348627 ], [ 39.308150999768998, 38.020638999990013 ], [ 37.730848000135268, 37.615327999587691 ], [ 38.166255999914654, 37.862653999882355 ], [ 39.033317999925941, 38.230699000358754 ], [ 39.397410999817964, 38.354361999606738 ], [ 40.012986000103979, 38.578134000084219 ], [ 41.167842999654852, 39.001362000256279 ], [ 43.74225799990694, 38.202432999983102 ], [ 44.21397300035386, 37.929222000295226 ], [ 44.324697000066692, 37.865091999896038 ], [ 45.51658500039764, 37.036868000358083 ], [ 46.545116000203393, 35.836915999573876 ], [ 48.072925999935137, 34.721937999938916 ], [ 49.890418999937083, 33.361803000208454 ] ] ] } },
{ "type": "Feature", "properties": { "OBJECTID_1": 435.0, "LONC": 47.330152, "LATC": 39.182957, "IDAS": "AZAS466", "A": 1.4021, "B": 0.5066, "TECREG": "Active", "TECTONICS": "Active Shallow Crust", "SS": 33, "NF": 33, "TF": 34, "MINDEPTH": 0, "HYPODEPTH1": 2, "HYPODEPTH2": 10, "HYPODEPTH3": 18, "MAXDEPTH": 20, "WHDEPTH1": 0.1, "WHDEPTH2": 0.4, "WHDEPTH3": 0.5, "MAXMAG01": 7.3, "MAXMAG02": 7.5, "MAXMAG03": 7.7, "MAXMAG04": 7.9, "WMAXMAG01": 0.5, "WMAXMAG02": 0.2, "WMAXMAG03": 0.2, "WMAXMAG04": 0.1, "STRIKE1": 0.0, "STRIKE2": 0.0, "STRIKE3": 0.0, "STRIKE4": 0.0, "DIP1": 0.0, "DIP2": 0.0, "DIP3": 0.0, "DIP4": 0.0, "DIRWEIGHT1": 0.0, "DIRWEIGHT2": 0.0, "DIRWEIGHT3": 0.0, "DIRWEIGHT4": 0.0 }, "geometry": { "type": "Polygon", "coordinates": [ [ [ 46.278873999935342, 39.475172000187797 ], [ 47.256376000052512, 39.47251600001357 ], [ 47.656097999922906, 39.489132000041934 ], [ 48.080718000435525, 39.504728999843621 ], [ 48.343048000165254, 38.862374000260047 ], [ 46.612407999829486, 38.89339800011777 ], [ 46.278873999935342, 39.475172000187797 ] ] ] } },
{ "type": "Feature", "properties": { "OBJECTID_1": 436.0, "LONC": 43.151618, "LATC": 38.939368, "IDAS": "TRAS459", "A": 4.1262, "B": 0.972, "TECREG": "Active", "TECTONICS": "Active Shallow Crust", "SS": 65, "NF": 0, "TF": 35, "MINDEPTH": 0, "HYPODEPTH1": 2, "HYPODEPTH2": 10, "HYPODEPTH3": 18, "MAXDEPTH": 20, "WHDEPTH1": 0.1, "WHDEPTH2": 0.4, "WHDEPTH3": 0.5, "MAXMAG01": 7.8, "MAXMAG02": 8.0, "MAXMAG03": 8.2, "MAXMAG04": 8.4, "WMAXMAG01": 0.5, "WMAXMAG02": 0.2, "WMAXMAG03": 0.2, "WMAXMAG04": 0.1, "STRIKE1": 34.27945, "STRIKE2": 95.7012, "STRIKE3": 241.26707, "STRIKE4": 324.37025, "DIP1": 86.5003, "DIP2": 89.9008, "DIP3": 85.824698, "DIP4": 85.003333, "DIRWEIGHT1": 0.253165, "DIRWEIGHT2": 0.126582, "DIRWEIGHT3": 0.544304, "DIRWEIGHT4": 0.075949 }, "geometry": { "type": "Polygon", "coordinates": [ [ [ 41.30455399986738, 39.387374000110185 ], [ 41.614354999783586, 39.653409999871769 ], [ 44.664817999751051, 38.568317999776013 ], [ 44.965445000186776, 38.26748299964089 ], [ 44.477424999664152, 38.459059000172886 ], [ 41.30455399986738, 39.387374000110185 ] ] ] } },
{ "type": "Feature", "properties": { "OBJECTID_1": 437.0, "LONC": 40.402149, "LATC": 43.50122, "IDAS": "GEAS476", "A": 3.2882, "B": 1.0506, "TECREG": "Active", "TECTONICS": "Active Shallow Crust", "SS": 5, "NF": 5, "TF": 90, "MINDEPTH": 0, "HYPODEPTH1": 4, "HYPODEPTH2": 12, "HYPODEPTH3": 20, "MAXDEPTH": 24, "WHDEPTH1": 0.1, "WHDEPTH2": 0.4, "WHDEPTH3": 0.5, "MAXMAG01": 7.3, "MAXMAG02": 7.5, "MAXMAG03": 7.7, "MAXMAG04": 7.9, "WMAXMAG01": 0.5, "WMAXMAG02": 0.2, "WMAXMAG03": 0.2, "WMAXMAG04": 0.1, "STRIKE1": 0.0, "STRIKE2": 0.0, "STRIKE3": 0.0, "STRIKE4": 0.0, "DIP1": 0.0, "DIP2": 0.0, "DIP3": 0.0, "DIP4": 0.0, "DIRWEIGHT1": 0.0, "DIRWEIGHT2": 0.0, "DIRWEIGHT3": 0.0, "DIRWEIGHT4": 0.0 }, "geometry": { "type": "Polygon", "coordinates": [ [ [ 39.912877999820012, 43.799606999663467 ], [ 40.002595000259248, 43.761979000130907 ], [ 40.155662000201289, 43.702266000175939 ], [ 40.275484000386484, 43.655931000215674 ], [ 40.344662999797777, 43.621986999700425 ], [ 40.558258999553345, 43.523890000423364 ], [ 40.665897999992865, 43.485290000133546 ], [ 40.751770000285433, 43.454473999975278 ], [ 40.8199319995623, 43.429755000393129 ], [ 40.90039100024461, 43.39808000019201 ], [ 41.145263999833901, 43.323472000432616 ], [ 41.091227999972375, 43.231367999633619 ], [ 41.016375999752768, 43.095041000042272 ], [ 40.780647000059162, 43.159950000392371 ], [ 40.593206999603524, 43.17794200002345 ], [ 40.417379999587467, 43.202833000342878 ], [ 39.699794000293025, 43.339127000211079 ], [ 39.659035000265192, 43.788201999822604 ], [ 39.912877999820012, 43.799606999663467 ] ] ] } },
{ "type": "Feature", "properties": { "OBJECTID_1": 438.0, "LONC": 43.195221, "LATC": 42.312445, "IDAS": "GEAS471", "A": 4.3993, "B": 1.3623, "TECREG": "Active", "TECTONICS": "Active Shallow Crust", "SS": 5, "NF": 5, "TF": 90, "MINDEPTH": 0, "HYPODEPTH1": 4, "HYPODEPTH2": 12, "HYPODEPTH3": 20, "MAXDEPTH": 24, "WHDEPTH1": 0.1, "WHDEPTH2": 0.4, "WHDEPTH3": 0.5, "MAXMAG01": 7.3, "MAXMAG02": 7.5, "MAXMAG03": 7.7, "MAXMAG04": 7.9, "WMAXMAG01": 0.5, "WMAXMAG02": 0.2, "WMAXMAG03": 0.2, "WMAXMAG04": 0.1, "STRIKE1": 0.0, "STRIKE2": 0.0, "STRIKE3": 0.0, "STRIKE4": 0.0, "DIP1": 0.0, "DIP2": 0.0, "DIP3": 0.0, "DIP4": 0.0, "DIRWEIGHT1": 0.0, "DIRWEIGHT2": 0.0, "DIRWEIGHT3": 0.0, "DIRWEIGHT4": 0.0 }, "geometry": { "type": "Polygon", "coordinates": [ [ [ 42.702432999983102, 42.296777999904918 ], [ 42.814245999553407, 42.314710000366404 ], [ 42.907360000164033, 42.329692999732345 ], [ 42.9520149999924, 42.333998000407576 ], [ 43.001668000078325, 42.329626000239898 ], [ 43.040768000043329, 42.324824000027718 ], [ 43.088655999674813, 42.326611999744159 ], [ 43.135444999887, 42.338877999720069 ], [ 43.177606999863315, 42.360299000098962 ], [ 43.232202000322218, 42.384146999984239 ], [ 43.272824000327546, 42.390263999684009 ], [ 43.318502999713814, 42.396691000189662 ], [ 43.373371000171687, 42.40023199980709 ], [ 43.430774999766584, 42.399829000108411 ], [ 43.469224000287568, 42.396554000167157 ], [ 43.520960000204013, 42.390236000191408 ], [ 43.553369000079442, 42.373654999978442 ], [ 43.592123000276388, 42.358891999965977 ], [ 43.634444000390488, 42.349657000370428 ], [ 43.688546999744403, 42.34029200017585 ], [ 43.604958000411557, 42.327058999673284 ], [ 43.530987000349967, 42.321636999647978 ], [ 43.448460999675547, 42.322298999599298 ], [ 43.388808999835646, 42.323975999592847 ], [ 43.327530999656062, 42.323348000310148 ], [ 43.281627999832494, 42.314672000412656 ], [ 43.228986000403779, 42.294626999636478 ], [ 43.171770999632088, 42.270986000303822 ], [ 43.120644999966942, 42.258913000234941 ], [ 43.062869000304261, 42.255952000384696 ], [ 43.022458000136737, 42.257261999641742 ], [ 42.963413000409787, 42.259920999954375 ], [ 42.916056000084495, 42.255862999877706 ], [ 42.819056000134481, 42.2398170000547 ], [ 42.725929999869777, 42.223773000323888 ], [ 42.702432999983102, 42.296777999904918 ] ] ] } },
{ "type": "Feature", "properties": { "OBJECTID_1": 439.0, "LONC": 41.781388, "LATC": 41.994379, "IDAS": "GEAS478", "A": 3.5614, "B": 0.986, "TECREG": "Active", "TECTONICS": "Active Shallow Crust", "SS": 10, "NF": 0, "TF": 90, "MINDEPTH": 0, "HYPODEPTH1": 4, "HYPODEPTH2": 12, "HYPODEPTH3": 20, "MAXDEPTH": 24, "WHDEPTH1": 0.1, "WHDEPTH2": 0.4, "WHDEPTH3": 0.5, "MAXMAG01": 7.3, "MAXMAG02": 7.5, "MAXMAG03": 7.7, "MAXMAG04": 7.9, "WMAXMAG01": 0.5, "WMAXMAG02": 0.2, "WMAXMAG03": 0.2, "WMAXMAG04": 0.1, "STRIKE1": 49.051217, "STRIKE2": 0.0, "STRIKE3": 0.0, "STRIKE4": 0.0, "DIP1": 30.0, "DIP2": 0.0, "DIP3": 0.0, "DIP4": 0.0, "DIRWEIGHT1": 1.0, "DIRWEIGHT2": 0.0, "DIRWEIGHT3": 0.0, "DIRWEIGHT4": 0.0 }, "geometry": { "type": "Polygon", "coordinates": [ [ [ 41.155198000187738, 41.496453000006113 ], [ 40.917411000017808, 41.849349999802826 ], [ 41.074366000290865, 42.059070999826929 ], [ 41.352746000028048, 42.026315000137288 ], [ 41.420722999766781, 42.030674999751625 ], [ 41.520762999612884, 42.04763000012457 ], [ 41.766377000098657, 42.098593000366861 ], [ 41.872587000290025, 42.107266000125946 ], [ 41.992339999991145, 42.108470999936856 ], [ 42.095128999803649, 42.121118000395541 ], [ 42.182126999861339, 42.142531999552318 ], [ 42.293885999639315, 42.159718999832137 ], [ 42.33677499986652, 42.162223000191489 ], [ 42.373590999725025, 42.157324000002745 ], [ 42.467275999687786, 42.132691999936014 ], [ 42.513362999902711, 42.124245999853201 ], [ 42.568696000220427, 42.119274999941467 ], [ 42.622820999689566, 42.121778000254665 ], [ 42.72020600030686, 42.147836000431255 ], [ 42.790325999945082, 42.155622999801778 ], [ 42.864951999635252, 42.158105000045907 ], [ 42.934066999692448, 42.159279000225865 ], [ 42.98875099975902, 42.15072200042016 ], [ 43.038724000212596, 42.13511800029562 ], [ 43.100119000391715, 42.11083600018145 ], [ 43.202617000274529, 42.060488999567838 ], [ 43.282967999573714, 42.023579999917217 ], [ 43.333515000417094, 42.009625000293681 ], [ 43.364509999836798, 42.008093999838366 ], [ 43.393673000208935, 42.012612999590431 ], [ 43.439919999708366, 42.025331999772163 ], [ 43.60947500007137, 42.060644999567216 ], [ 43.771378000094785, 42.098090999700048 ], [ 43.252025999900127, 41.785141000257113 ], [ 42.984948999796643, 41.917294999864509 ], [ 42.944070999677081, 41.935042999934637 ], [ 42.910809000035499, 41.943002000042441 ], [ 42.864994999819544, 41.94317800006479 ], [ 41.155198000187738, 41.496453000006113 ] ] ] } },
{ "type": "Feature", "properties": { "OBJECTID_1": 440.0, "LONC": 42.403286, "LATC": 43.166583, "IDAS": "GEAS475", "A": 3.119, "B": 0.8609, "TECREG": "Active", "TECTONICS": "Active Shallow Crust", "SS": 5, "NF": 5, "TF": 90, "MINDEPTH": 0, "HYPODEPTH1": 4, "HYPODEPTH2": 12, "HYPODEPTH3": 20, "MAXDEPTH": 24, "WHDEPTH1": 0.1, "WHDEPTH2": 0.4, "WHDEPTH3": 0.5, "MAXMAG01": 7.6, "MAXMAG02": 7.8, "MAXMAG03": 8.0, "MAXMAG04": 8.2, "WMAXMAG01": 0.5, "WMAXMAG02": 0.2, "WMAXMAG03": 0.2, "WMAXMAG04": 0.1, "STRIKE1": 0.0, "STRIKE2": 0.0, "STRIKE3": 0.0, "STRIKE4": 0.0, "DIP1": 0.0, "DIP2": 0.0, "DIP3": 0.0, "DIP4": 0.0, "DIRWEIGHT1": 0.0, "DIRWEIGHT2": 0.0, "DIRWEIGHT3": 0.0, "DIRWEIGHT4": 0.0 }, "geometry": { "type": "Polygon", "coordinates": [ [ [ 43.841339999641434, 42.630509999936692 ], [ 43.688192999607395, 42.635030999781009 ], [ 43.632682000074396, 42.629634000009275 ], [ 43.574640999882433, 42.622753000151022 ], [ 43.499275000241255, 42.620622999951649 ], [ 43.428376999798843, 42.632897000296509 ], [ 43.387281999564777, 42.640015000292181 ], [ 43.331156999596033, 42.651041999788617 ], [ 43.208965999881173, 42.697177000418378 ], [ 43.118855000158305, 42.736687000404913 ], [ 43.031711999709159, 42.767867000262015 ], [ 42.899786999870287, 42.786000000100103 ], [ 42.780796000235398, 42.789690000293433 ], [ 42.660073999915312, 42.806873000388805 ], [ 42.564063999753955, 42.841853000116032 ], [ 42.460903999919822, 42.900571000051798 ], [ 42.360863000027621, 42.969152999811286 ], [ 42.239527000171108, 43.023403999695006 ], [ 42.113769999685928, 43.052867000411879 ], [ 41.981176999618981, 43.074963999589102 ], [ 41.82905400004222, 43.112685999859195 ], [ 41.667202999718825, 43.142698999859135 ], [ 41.535485000432573, 43.190951000088774 ], [ 41.421576999579031, 43.230917999566202 ], [ 41.268210000191516, 43.283575999732761 ], [ 41.207305000125814, 43.302983999911817 ], [ 41.145263999833901, 43.323472000432616 ], [ 40.90039100024461, 43.39808000019201 ], [ 40.8199319995623, 43.429755000393129 ], [ 40.751770000285433, 43.454473999975278 ], [ 40.665897999992865, 43.485290000133546 ], [ 40.558258999553345, 43.523890000423364 ], [ 40.344662999797777, 43.621986999700425 ], [ 40.275484000386484, 43.655931000215674 ], [ 40.155662000201289, 43.702266000175939 ], [ 40.002284000306531, 43.761805000200752 ], [ 39.912877999820012, 43.799606999663467 ], [ 40.437175999672831, 43.822208999645795 ], [ 40.594204999761075, 43.75313499968064 ], [ 40.921959000207835, 43.624629000128436 ], [ 41.558207999699619, 43.42042900019834 ], [ 41.946396000075538, 43.310805999997058 ], [ 42.11131099960312, 43.280062999607935 ], [ 42.284360000114077, 43.262249000091458 ], [ 42.443586999940237, 43.254242999614917 ], [ 42.891587000339939, 43.234837999574211 ], [ 43.014678000189747, 43.214984000411448 ], [ 43.13834399957608, 43.172544000205619 ], [ 43.300072999669339, 43.083122999926672 ], [ 43.513476999564034, 42.996887999981368 ], [ 43.700169999745867, 42.945634999855542 ], [ 43.855141000257106, 42.922960000104069 ], [ 44.17562600004004, 42.888410000421345 ], [ 44.434505999852206, 42.88107800044952 ], [ 44.68848100009825, 42.874455999944587 ], [ 44.896985999804201, 42.860512999975128 ], [ 44.374686000358793, 42.510957999612174 ], [ 44.248134000084178, 42.546526000374797 ], [ 44.194211000037797, 42.559177000118609 ], [ 44.037361000110252, 42.596471999583287 ], [ 43.971608999555826, 42.608247000299002 ], [ 43.841339999641434, 42.630509999936692 ] ] ] } },
{ "type": "Feature", "properties": { "OBJECTID_1": 441.0, "LONC": 42.209874, "LATC": 42.987896, "IDAS": "GEAS474", "A": 3.3116, "B": 0.965, "TECREG": "Active", "TECTONICS": "Active Shallow Crust", "SS": 5, "NF": 5, "TF": 90, "MINDEPTH": 0, "HYPODEPTH1": 4, "HYPODEPTH2": 12, "HYPODEPTH3": 20, "MAXDEPTH": 24, "WHDEPTH1": 0.1, "WHDEPTH2": 0.4, "WHDEPTH3": 0.5, "MAXMAG01": 7.6, "MAXMAG02": 7.8, "MAXMAG03": 8.0, "MAXMAG04": 8.2, "WMAXMAG01": 0.5, "WMAXMAG02": 0.2, "WMAXMAG03": 0.2, "WMAXMAG04": 0.1, "STRIKE1": 0.0, "STRIKE2": 0.0, "STRIKE3": 0.0, "STRIKE4": 0.0, "DIP1": 0.0, "DIP2": 0.0, "DIP3": 0.0, "DIP4": 0.0, "DIRWEIGHT1": 0.0, "DIRWEIGHT2": 0.0, "DIRWEIGHT3": 0.0, "DIRWEIGHT4": 0.0 }, "geometry": { "type": "Polygon", "coordinates": [ [ [ 43.331156999596033, 42.651041999788617 ], [ 43.237800000369873, 42.664725000358658 ], [ 43.141696000370302, 42.686311000252601 ], [ 43.040078999746186, 42.706874999781576 ], [ 42.95308199973465, 42.72315100031858 ], [ 42.887179000310766, 42.733488000371096 ], [ 42.771247999695618, 42.74611800004584 ], [ 42.575634000009245, 42.755873000238921 ], [ 42.500271999653251, 42.75809600023041 ], [ 42.411616999624982, 42.757223999588064 ], [ 42.336620999959337, 42.768135000030384 ], [ 42.228204999661159, 42.808946999804391 ], [ 42.169137999818986, 42.828369999775816 ], [ 42.103942999769799, 42.850354000037214 ], [ 41.997317000179578, 42.878908000204206 ], [ 41.922218000260671, 42.894217000214553 ], [ 41.84779299994716, 42.911679999732371 ], [ 41.757730999785963, 42.952225999830205 ], [ 41.700636000051531, 42.981117000249526 ], [ 41.641035999911651, 43.010579000020982 ], [ 41.573375000356123, 43.052476000367278 ], [ 41.493815999808703, 43.096365999991065 ], [ 41.424562999682848, 43.128752999751327 ], [ 41.381411999963973, 43.148482000344188 ], [ 41.237790000308451, 43.200952999981155 ], [ 41.153604000424423, 43.221871999693178 ], [ 41.091227999972375, 43.231367999633619 ], [ 41.145263999833901, 43.323472000432616 ], [ 41.207305000125814, 43.302983999911817 ], [ 41.268210000191516, 43.283575999732761 ], [ 41.421576999579031, 43.230917999566202 ], [ 41.535485000432573, 43.190951000088774 ], [ 41.667202999718825, 43.142698999859135 ], [ 41.82905400004222, 43.112685999859195 ], [ 41.981176999618981, 43.074963999589102 ], [ 42.113769999685928, 43.052867000411879 ], [ 42.239527000171108, 43.023403999695006 ], [ 42.360863000027621, 42.969152999811286 ], [ 42.460903999919822, 42.900571000051798 ], [ 42.564063999753955, 42.841853000116032 ], [ 42.660073999915312, 42.806873000388805 ], [ 42.780796000235398, 42.789690000293433 ], [ 42.899786999870287, 42.786000000100103 ], [ 43.031711999709159, 42.767867000262015 ], [ 43.118855000158305, 42.736687000404913 ], [ 43.208965999881173, 42.697177000418378 ], [ 43.331156999596033, 42.651041999788617 ] ] ] } },
{ "type": "Feature", "properties": { "OBJECTID_1": 442.0, "LONC": 42.764535, "LATC": 43.346435, "IDAS": "RUAS477", "A": 3.24, "B": 0.9923, "TECREG": "Active", "TECTONICS": "Active Shallow Crust", "SS": 5, "NF": 5, "TF": 90, "MINDEPTH": 0, "HYPODEPTH1": 4, "HYPODEPTH2": 12, "HYPODEPTH3": 20, "MAXDEPTH": 24, "WHDEPTH1": 0.1, "WHDEPTH2": 0.4, "WHDEPTH3": 0.5, "MAXMAG01": 7.6, "MAXMAG02": 7.8, "MAXMAG03": 8.0, "MAXMAG04": 8.2, "WMAXMAG01": 0.5, "WMAXMAG02": 0.2, "WMAXMAG03": 0.2, "WMAXMAG04": 0.1, "STRIKE1": 0.0, "STRIKE2": 0.0, "STRIKE3": 0.0, "STRIKE4": 0.0, "DIP1": 0.0, "DIP2": 0.0, "DIP3": 0.0, "DIP4": 0.0, "DIRWEIGHT1": 0.0, "DIRWEIGHT2": 0.0, "DIRWEIGHT3": 0.0, "DIRWEIGHT4": 0.0 }, "geometry": { "type": "Polygon", "coordinates": [ [ [ 40.707531999902017, 43.83235699997573 ], [ 40.933432999633396, 43.765880000162042 ], [ 41.56197799998489, 43.596505000005891 ], [ 41.749830999701032, 43.571753999847374 ], [ 41.989613000140025, 43.564642000128345 ], [ 42.462253000076032, 43.495889999723886 ], [ 43.04688199960475, 43.475783999731959 ], [ 43.452904999566272, 43.454606999813336 ], [ 43.594467999598692, 43.435388000256182 ], [ 44.247882000154334, 43.248458999983029 ], [ 44.524128000407075, 43.17748200039415 ], [ 45.084004999731121, 43.002677999889954 ], [ 44.896985999804201, 42.860512999975128 ], [ 44.68848100009825, 42.874455999944587 ], [ 44.434505999852206, 42.88107800044952 ], [ 44.17562600004004, 42.888410000421345 ], [ 43.855141000257106, 42.922960000104069 ], [ 43.700169999745867, 42.945634999855542 ], [ 43.513476999564034, 42.996887999981368 ], [ 43.300072999669339, 43.083122999926672 ], [ 43.13834399957608, 43.172544000205619 ], [ 43.014678000189747, 43.214984000411448 ], [ 42.891587000339939, 43.234837999574211 ], [ 42.443586999940237, 43.254242999614917 ], [ 42.284360000114077, 43.262249000091458 ], [ 42.11131099960312, 43.280062999607935 ], [ 41.946396000075538, 43.310805999997058 ], [ 41.558207999699619, 43.42042900019834 ], [ 40.921959000207835, 43.624629000128436 ], [ 40.594204999761075, 43.75313499968064 ], [ 40.435704000139651, 43.822770000335424 ], [ 40.707531999902017, 43.83235699997573 ] ] ] } },
{ "type": "Feature", "properties": { "OBJECTID_1": 443.0, "LONC": 42.140876, "LATC": 42.75999, "IDAS": "GEAS473", "A": 3.5954, "B": 0.965, "TECREG": "Active", "TECTONICS": "Active Shallow Crust", "SS": 5, "NF": 5, "TF": 90, "MINDEPTH": 0, "HYPODEPTH1": 4, "HYPODEPTH2": 12, "HYPODEPTH3": 20, "MAXDEPTH": 24, "WHDEPTH1": 0.1, "WHDEPTH2": 0.4, "WHDEPTH3": 0.5, "MAXMAG01": 7.6, "MAXMAG02": 7.8, "MAXMAG03": 8.0, "MAXMAG04": 8.2, "WMAXMAG01": 0.5, "WMAXMAG02": 0.2, "WMAXMAG03": 0.2, "WMAXMAG04": 0.1, "STRIKE1": 0.0, "STRIKE2": 0.0, "STRIKE3": 0.0, "STRIKE4": 0.0, "DIP1": 0.0, "DIP2": 0.0, "DIP3": 0.0, "DIP4": 0.0, "DIRWEIGHT1": 0.0, "DIRWEIGHT2": 0.0, "DIRWEIGHT3": 0.0, "DIRWEIGHT4": 0.0 }, "geometry": { "type": "Polygon", "coordinates": [ [ [ 43.880750999559154, 42.538515999713809 ], [ 43.918025999900124, 42.53262599969031 ], [ 43.963167999703614, 42.520548000290148 ], [ 43.995478999556326, 42.507090000203505 ], [ 44.032627000335935, 42.485666999732416 ], [ 44.065695000024391, 42.464447999675599 ], [ 44.096361999606756, 42.444451000213633 ], [ 44.145238999880121, 42.415231999956973 ], [ 44.191583000255434, 42.384332999568414 ], [ 44.049068000388047, 42.287000999596614 ], [ 44.005435000025386, 42.303467999948396 ], [ 43.976386000413754, 42.310559999644454 ], [ 43.688546999744403, 42.34029200017585 ], [ 43.634444000390488, 42.349657000370428 ], [ 43.592123000276388, 42.358891999965977 ], [ 43.553369000079442, 42.373654999978442 ], [ 43.520960000204013, 42.390236000191408 ], [ 43.495157000095617, 42.411891999716204 ], [ 43.469244000310539, 42.437291000079767 ], [ 43.436181999999462, 42.464334999860512 ], [ 43.409802000262289, 42.47971599959385 ], [ 43.355636999847832, 42.498195000099315 ], [ 43.230942999819774, 42.52482699976639 ], [ 43.139957000215531, 42.539629999824797 ], [ 42.872188999722709, 42.592946999804383 ], [ 42.710066000345819, 42.61456000004415 ], [ 42.678990999934854, 42.616035999761721 ], [ 42.617493000401794, 42.619538000278681 ], [ 42.558888000281172, 42.620191999861049 ], [ 42.482096999676969, 42.621199999580483 ], [ 42.407400000309906, 42.620126999561535 ], [ 42.359967000077177, 42.620527000021184 ], [ 42.33449399989837, 42.620064000253592 ], [ 42.193432999633387, 42.655508999840663 ], [ 42.123440999602622, 42.689298000402573 ], [ 42.046454999898515, 42.7179630002924 ], [ 41.99047200018282, 42.737157999642136 ], [ 41.947478999656255, 42.746940000181041 ], [ 41.909610999847928, 42.75708100018818 ], [ 41.815220999749499, 42.775859000092964 ], [ 41.774048000415064, 42.786812999820256 ], [ 41.72947900005596, 42.800740999997345 ], [ 41.70084399975093, 42.811788000416072 ], [ 41.671647999655647, 42.827084999873023 ], [ 41.640573000144002, 42.843567000017231 ], [ 41.599267000072189, 42.868755999689824 ], [ 41.5191590002878, 42.914960999950381 ], [ 41.32888100025815, 43.015100999911397 ], [ 41.250892000165834, 43.05135099974899 ], [ 41.198729000343235, 43.064446000182954 ], [ 41.151179000110915, 43.077123000226436 ], [ 41.120985999904121, 43.082830999950829 ], [ 41.076393000236919, 43.089298999649259 ], [ 41.016375999752768, 43.095041000042272 ], [ 41.091227999972375, 43.231367999633619 ], [ 41.153604000424423, 43.221871999693178 ], [ 41.237790000308451, 43.200952999981155 ], [ 41.381411999963973, 43.148482000344188 ], [ 41.424562999682848, 43.128752999751327 ], [ 41.493815999808703, 43.096365999991065 ], [ 41.573375000356123, 43.052476000367278 ], [ 41.641035999911651, 43.010579000020982 ], [ 41.700636000051531, 42.981117000249526 ], [ 41.757730999785963, 42.952225999830205 ], [ 41.84779299994716, 42.911679999732371 ], [ 41.922218000260671, 42.894217000214553 ], [ 41.997317000179578, 42.878908000204206 ], [ 42.103942999769799, 42.850354000037214 ], [ 42.169137999818986, 42.828369999775816 ], [ 42.228204999661159, 42.808946999804391 ], [ 42.336620999959337, 42.768135000030384 ], [ 42.411616999624982, 42.757223999588064 ], [ 42.500271999653251, 42.75809600023041 ], [ 42.575634000009245, 42.755873000238921 ], [ 42.771247999695618, 42.74611800004584 ], [ 42.887179000310766, 42.733488000371096 ], [ 42.95308199973465, 42.72315100031858 ], [ 43.040078999746186, 42.706874999781576 ], [ 43.141696000370302, 42.686311000252601 ], [ 43.237800000369873, 42.664725000358658 ], [ 43.331156999596033, 42.651041999788617 ], [ 43.387281999564777, 42.640015000292181 ], [ 43.428376999798843, 42.632897000296509 ], [ 43.499275000241255, 42.620622999951649 ], [ 43.568428000252197, 42.600515999913625 ], [ 43.637506000401743, 42.573431000040785 ], [ 43.671668000178215, 42.554849000181378 ], [ 43.701582000109397, 42.541374000210112 ], [ 43.723001000396039, 42.53511700034943 ], [ 43.75721800001088, 42.530745000181753 ], [ 43.795030999980838, 42.532397999967884 ], [ 43.83246599960637, 42.536285000252747 ], [ 43.880750999559154, 42.538515999713809 ] ] ] } },
{ "type": "Feature", "properties": { "OBJECTID_1": 444.0, "LONC": 45.769944, "LATC": 41.684589, "IDAS": "GEAS469", "A": 4.709, "B": 1.1871, "TECREG": "Active", "TECTONICS": "Active Shallow Crust", "SS": 5, "NF": 5, "TF": 90, "MINDEPTH": 0, "HYPODEPTH1": 4, "HYPODEPTH2": 12, "HYPODEPTH3": 20, "MAXDEPTH": 24, "WHDEPTH1": 0.1, "WHDEPTH2": 0.4, "WHDEPTH3": 0.5, "MAXMAG01": 7.6, "MAXMAG02": 7.8, "MAXMAG03": 8.0, "MAXMAG04": 8.2, "WMAXMAG01": 0.5, "WMAXMAG02": 0.2, "WMAXMAG03": 0.2, "WMAXMAG04": 0.1, "STRIKE1": 0.0, "STRIKE2": 0.0, "STRIKE3": 0.0, "STRIKE4": 0.0, "DIP1": 0.0, "DIP2": 0.0, "DIP3": 0.0, "DIP4": 0.0, "DIRWEIGHT1": 0.0, "DIRWEIGHT2": 0.0, "DIRWEIGHT3": 0.0, "DIRWEIGHT4": 0.0 }, "geometry": { "type": "Polygon", "coordinates": [ [ [ 47.185555999609846, 40.891318000025819 ], [ 47.134858999943049, 40.922314000390998 ], [ 47.034921000304109, 40.945235999841714 ], [ 47.024943999765924, 40.946545999998079 ], [ 46.981961999746659, 40.95168499956327 ], [ 46.953527999717608, 40.966360000014163 ], [ 46.953431999787142, 40.966407000382901 ], [ 46.953420000133065, 40.966414999852532 ], [ 46.949956999616006, 40.968202999568916 ], [ 46.897490000163543, 41.006705999882172 ], [ 46.795020999819428, 41.049494999994408 ], [ 46.721756999985701, 41.110617000174557 ], [ 46.582095000384129, 41.181986999900289 ], [ 46.301173000333847, 41.280545999798221 ], [ 46.015913999931342, 41.312500000274952 ], [ 45.928401000405984, 41.34965699967097 ], [ 45.866999999950224, 41.388679999682381 ], [ 45.772295999760729, 41.434147000084181 ], [ 45.560506999698418, 41.514358000121774 ], [ 45.398290999630092, 41.656822000335239 ], [ 45.365829000008489, 41.703321999810612 ], [ 45.353071999873066, 41.72511900044168 ], [ 45.337120999934371, 41.745213999926307 ], [ 45.317583000055549, 41.763981000223168 ], [ 45.279394999879514, 41.791376000002572 ], [ 45.246391000444476, 41.809701999747631 ], [ 45.226164000268568, 41.83607700015358 ], [ 45.210103999799912, 41.845614000186117 ], [ 45.089781999939532, 41.892329999729895 ], [ 44.954446000182941, 41.96428700044487 ], [ 44.814930000119602, 42.035286000148972 ], [ 44.671515000117324, 42.084952999981112 ], [ 44.297461000425017, 42.121566000370763 ], [ 44.221938999885083, 42.153082000434154 ], [ 44.175387999856468, 42.17918499998791 ], [ 44.049068000388047, 42.287000999596614 ], [ 44.191583000255434, 42.384332999568414 ], [ 44.145238999880121, 42.415231999956973 ], [ 44.096361999606756, 42.444451000213633 ], [ 44.065695000024391, 42.464447999675599 ], [ 44.032627000335935, 42.485666999732416 ], [ 43.995478999556326, 42.507090000203505 ], [ 43.963167999703614, 42.520548000290148 ], [ 43.918025999900124, 42.53262599969031 ], [ 43.880750999559154, 42.538515999713809 ], [ 43.83246599960637, 42.536285000252747 ], [ 43.795030999980838, 42.532397999967884 ], [ 43.755050999903915, 42.530842000158373 ], [ 43.723001000396039, 42.53511700034943 ], [ 43.701582000109397, 42.541374000210112 ], [ 43.671668000178215, 42.554849000181378 ], [ 43.637506000401743, 42.573431000040785 ], [ 43.568428000252197, 42.600515999913625 ], [ 43.499275000241255, 42.620622999951649 ], [ 43.574640999882433, 42.622753000151022 ], [ 43.632682000074396, 42.629634000009275 ], [ 43.688192999607395, 42.635030999781009 ], [ 43.841339999641434, 42.630509999936692 ], [ 43.971608999555826, 42.608247000299002 ], [ 44.037361000110252, 42.596471999583287 ], [ 44.194211000037797, 42.559177000118609 ], [ 44.248134000084178, 42.546526000374797 ], [ 44.374686000358793, 42.510957999612174 ], [ 44.48296999996569, 42.479827000216062 ], [ 44.524925000288704, 42.458212999930197 ], [ 44.591611999894042, 42.424018999577356 ], [ 44.703302000087376, 42.384638000143752 ], [ 44.754096999776891, 42.370345000221732 ], [ 44.848030000384369, 42.343790999655084 ], [ 44.960364999745082, 42.304863000427304 ], [ 45.074437000067689, 42.250355000383138 ], [ 45.118401999552816, 42.228170999891915 ], [ 45.160916999619985, 42.205970999562169 ], [ 45.192991000234656, 42.179554999963443 ], [ 45.216052999846227, 42.150685999659345 ], [ 45.235806999793397, 42.126740999797448 ], [ 45.25979699993178, 42.103486000278849 ], [ 45.290387999606651, 42.082670999966865 ], [ 45.312976999888804, 42.069603999924823 ], [ 45.334274999991408, 42.05743099974103 ], [ 45.463900999931354, 42.003270999557174 ], [ 45.553436000071486, 41.965774999816574 ], [ 45.811448000325129, 41.831460000378854 ], [ 45.898781999689675, 41.773815999608871 ], [ 46.134187999776543, 41.650192000360676 ], [ 46.398215000422113, 41.47759099982494 ], [ 46.547680999778493, 41.411654999778591 ], [ 46.656509000190397, 41.376063999753967 ], [ 46.705653000185976, 41.368118000245659 ], [ 46.770775999612852, 41.292787000419878 ], [ 46.921322000210296, 41.197437000117645 ], [ 47.050096999577022, 41.074401000106263 ], [ 47.162031000230627, 40.98916400031851 ], [ 47.188858999943079, 40.979595999755759 ], [ 47.333784000331491, 40.917991999831088 ], [ 47.539958999608302, 40.852355000083378 ], [ 47.793759999924248, 40.810740000151043 ], [ 48.040037999554215, 40.758553000121026 ], [ 47.910275999637861, 40.735029999934738 ], [ 47.654297999653124, 40.769169999595988 ], [ 47.34534500017179, 40.833947000154126 ], [ 47.185555999609846, 40.891318000025819 ] ] ] } },
{ "type": "Feature", "properties": { "OBJECTID_1": 445.0, "LONC": 47.517731, "LATC": 41.313223, "IDAS": "GEAS468", "A": 5.0065, "B": 1.0669, "TECREG": "Active", "TECTONICS": "Active Shallow Crust", "SS": 5, "NF": 5, "TF": 90, "MINDEPTH": 0, "HYPODEPTH1": 4, "HYPODEPTH2": 12, "HYPODEPTH3": 20, "MAXDEPTH": 24, "WHDEPTH1": 0.1, "WHDEPTH2": 0.4, "WHDEPTH3": 0.5, "MAXMAG01": 7.6, "MAXMAG02": 7.8, "MAXMAG03": 8.0, "MAXMAG04": 8.2, "WMAXMAG01": 0.5, "WMAXMAG02": 0.2, "WMAXMAG03": 0.2, "WMAXMAG04": 0.1, "STRIKE1": 0.0, "STRIKE2": 0.0, "STRIKE3": 0.0, "STRIKE4": 0.0, "DIP1": 0.0, "DIP2": 0.0, "DIP3": 0.0, "DIP4": 0.0, "DIRWEIGHT1": 0.0, "DIRWEIGHT2": 0.0, "DIRWEIGHT3": 0.0, "DIRWEIGHT4": 0.0 }, "geometry": { "type": "Polygon", "coordinates": [ [ [ 44.896985999804201, 42.860512999975128 ], [ 45.021130999696027, 42.849972000407661 ], [ 45.195615999878669, 42.818469000044502 ], [ 45.360375000306192, 42.779491000309577 ], [ 45.604555000313155, 42.708035000215261 ], [ 45.850226999876327, 42.623782999985622 ], [ 45.999942999969619, 42.561090000203535 ], [ 46.17732999997969, 42.482995999765762 ], [ 46.433596999801864, 42.364467999898466 ], [ 46.580792999697337, 42.3033980003176 ], [ 46.906144999991909, 42.17240100010622 ], [ 47.232479999752343, 42.094407999829514 ], [ 47.73783800032362, 41.851166999957229 ], [ 48.521664000193596, 41.437882999700832 ], [ 49.063744999931941, 41.136619999613458 ], [ 49.88956600017093, 40.766881000158207 ], [ 50.284226999576561, 40.544493999698489 ], [ 50.659488000071292, 40.402036999807876 ], [ 50.624260999745502, 40.273496999587053 ], [ 49.967263000287403, 39.762566000120955 ], [ 49.539475000271239, 39.795442999994634 ], [ 49.501196000395282, 39.817357999772014 ], [ 49.406046000322817, 39.882280999868442 ], [ 49.256216000368283, 40.03084199975865 ], [ 49.013951999685219, 40.202883999697008 ], [ 48.681320000018161, 40.453935000000399 ], [ 48.564715999843713, 40.523972000307708 ], [ 48.369143000249437, 40.626862000281278 ], [ 48.205002999588942, 40.697917999915944 ], [ 48.040037999554215, 40.758553000121026 ], [ 47.793759999924248, 40.810740000151043 ], [ 47.539958999608302, 40.852355000083378 ], [ 47.333784000331491, 40.917991999831088 ], [ 47.188858999943079, 40.979595999755759 ], [ 47.162031000230627, 40.98916400031851 ], [ 47.050096999577022, 41.074401000106263 ], [ 46.921322000210296, 41.197437000117645 ], [ 46.770775999612852, 41.292787000419878 ], [ 46.705653000185976, 41.368118000245659 ], [ 46.656509000190397, 41.376063999753967 ], [ 46.547680999778493, 41.411654999778591 ], [ 46.398215000422113, 41.47759099982494 ], [ 46.134187999776543, 41.650192000360676 ], [ 45.898781999689675, 41.773815999608871 ], [ 45.811448000325129, 41.831460000378854 ], [ 45.553436000071486, 41.965774999816574 ], [ 45.463900999931354, 42.003270999557174 ], [ 45.334274999991408, 42.05743099974103 ], [ 45.312976999888804, 42.069603999924823 ], [ 45.290387999606651, 42.082670999966865 ], [ 45.25979699993178, 42.103486000278849 ], [ 45.235806999793397, 42.126740999797448 ], [ 45.216052999846227, 42.150685999659345 ], [ 45.192991000234656, 42.179554999963443 ], [ 45.160916999619985, 42.205970999562169 ], [ 45.118401999552816, 42.228170999891915 ], [ 45.074437000067689, 42.250355000383138 ], [ 44.960364999745082, 42.304863000427304 ], [ 44.848030000384369, 42.343790999655084 ], [ 44.703302000087376, 42.384638000143752 ], [ 44.591611999894042, 42.424018999577356 ], [ 44.48296999996569, 42.479827000216062 ], [ 44.374686000358793, 42.510957999612174 ], [ 44.896985999804201, 42.860512999975128 ] ] ] } },
{ "type": "Feature", "properties": { "OBJECTID_1": 446.0, "LONC": 41.622848, "LATC": 40.274623, "IDAS": "TRAS353", "A": 4.28, "B": 0.95, "TECREG": "Active", "TECTONICS": "Active Shallow Crust", "SS": 85, "NF": 0, "TF": 15, "MINDEPTH": 0, "HYPODEPTH1": 2, "HYPODEPTH2": 10, "HYPODEPTH3": 18, "MAXDEPTH": 20, "WHDEPTH1": 0.1, "WHDEPTH2": 0.4, "WHDEPTH3": 0.5, "MAXMAG01": 7.8, "MAXMAG02": 8.0, "MAXMAG03": 8.2, "MAXMAG04": 8.4, "WMAXMAG01": 0.5, "WMAXMAG02": 0.2, "WMAXMAG03": 0.2, "WMAXMAG04": 0.1, "STRIKE1": 50.615517, "STRIKE2": 115.257719, "STRIKE3": 228.805982, "STRIKE4": 0.0, "DIP1": 80.933825, "DIP2": 80.483781, "DIP3": 81.457597, "DIP4": 0.0, "DIRWEIGHT1": 0.311284, "DIRWEIGHT2": 0.041505, "DIRWEIGHT3": 0.647211, "DIRWEIGHT4": 0.0 }, "geometry": { "type": "Polygon", "coordinates": [ [ [ 39.500000000299963, 39.929999999800316 ], [ 41.020321000014292, 40.385697999962872 ], [ 41.79308200043414, 40.708006000176908 ], [ 42.464523000436316, 40.988055000438067 ], [ 42.545649000401227, 41.010089000307289 ], [ 42.61863500000544, 41.029912999885198 ], [ 42.905462999917688, 41.107816999654972 ], [ 43.104488000421043, 41.161873000438788 ], [ 43.745696000170426, 40.826115999653837 ], [ 43.505110999573162, 40.598967999973411 ], [ 42.797454000401956, 40.119587000339948 ], [ 41.928616000328304, 39.841965999631327 ], [ 41.614354999783586, 39.653409999871769 ], [ 41.30455399986738, 39.387374000110185 ], [ 39.500000000299963, 39.929999999800316 ] ] ] } },
{ "type": "Feature", "properties": { "OBJECTID_1": 447.0, "LONC": 43.877673, "LATC": 41.205148, "IDAS": "GEAS452", "A": 5.0093, "B": 1.1628, "TECREG": "Active", "TECTONICS": "Active Shallow Crust", "SS": 80, "NF": 10, "TF": 10, "MINDEPTH": 0, "HYPODEPTH1": 2, "HYPODEPTH2": 10, "HYPODEPTH3": 18, "MAXDEPTH": 20, "WHDEPTH1": 0.1, "WHDEPTH2": 0.4, "WHDEPTH3": 0.5, "MAXMAG01": 7.8, "MAXMAG02": 8.0, "MAXMAG03": 8.2, "MAXMAG04": 8.4, "WMAXMAG01": 0.5, "WMAXMAG02": 0.2, "WMAXMAG03": 0.2, "WMAXMAG04": 0.1, "STRIKE1": 37.942333, "STRIKE2": 0.0, "STRIKE3": 225.333225, "STRIKE4": 0.0, "DIP1": 85.0, "DIP2": 0.0, "DIP3": 85.9442, "DIP4": 0.0, "DIRWEIGHT1": 0.375, "DIRWEIGHT2": 0.0, "DIRWEIGHT3": 0.625, "DIRWEIGHT4": 0.0 }, "geometry": { "type": "Polygon", "coordinates": [ [ [ 43.884662000051435, 41.128502000267247 ], [ 43.793129000403212, 41.152179000360718 ], [ 43.708928999873592, 41.172175999822684 ], [ 43.633735000070374, 41.187298000202702 ], [ 43.547166000011032, 41.19976799969362 ], [ 43.51697800003484, 41.202458999683245 ], [ 43.45986600041573, 41.207244000010746 ], [ 43.421546000447734, 41.209184999588217 ], [ 43.352412000413665, 41.205755999739779 ], [ 43.284179999707362, 41.19922499983403 ], [ 43.211164999665186, 41.189504000309512 ], [ 43.104488000421043, 41.161873000438788 ], [ 42.905462999917688, 41.107816999654972 ], [ 42.61863500000544, 41.029912999885198 ], [ 42.545649000401227, 41.010089000307289 ], [ 42.61678400008168, 41.085078999696236 ], [ 42.672883999796909, 41.13653600023639 ], [ 42.888263999983792, 41.32421399997628 ], [ 43.021891000069786, 41.427088000111269 ], [ 43.225145999588392, 41.51966800037809 ], [ 43.444239000129926, 41.621039999596462 ], [ 43.50045299970634, 41.645456999640999 ], [ 43.541564999825027, 41.658526999821333 ], [ 43.578841000212151, 41.662289999783809 ], [ 43.627096999726916, 41.659461999771622 ], [ 43.671366999787381, 41.656849999827784 ], [ 43.864971000311584, 41.663110999872913 ], [ 43.907833000192966, 41.612035999861689 ], [ 43.947437000017715, 41.572911999689211 ], [ 43.983939999831307, 41.537496999686937 ], [ 44.363174000080221, 41.287815999608881 ], [ 44.518079000245848, 41.194057999876975 ], [ 45.209696999916787, 40.748007000322957 ], [ 44.845118000095795, 40.838321000413998 ], [ 44.516995999765754, 40.962259999799301 ], [ 44.1860080003691, 41.056542000313243 ], [ 43.884662000051435, 41.128502000267247 ] ] ] } },
{ "type": "Feature", "properties": { "OBJECTID_1": 448.0, "LONC": 45.980282, "LATC": 40.366416, "IDAS": "AZAS463", "A": 4.2852, "B": 1.1036, "TECREG": "Active", "TECTONICS": "Active Shallow Crust", "SS": 10, "NF": 10, "TF": 80, "MINDEPTH": 0, "HYPODEPTH1": 2, "HYPODEPTH2": 10, "HYPODEPTH3": 18, "MAXDEPTH": 20, "WHDEPTH1": 0.1, "WHDEPTH2": 0.4, "WHDEPTH3": 0.5, "MAXMAG01": 7.6, "MAXMAG02": 7.8, "MAXMAG03": 8.0, "MAXMAG04": 8.2, "WMAXMAG01": 0.5, "WMAXMAG02": 0.2, "WMAXMAG03": 0.2, "WMAXMAG04": 0.1, "STRIKE1": 0.0, "STRIKE2": 0.0, "STRIKE3": 0.0, "STRIKE4": 0.0, "DIP1": 0.0, "DIP2": 0.0, "DIP3": 0.0, "DIP4": 0.0, "DIRWEIGHT1": 0.0, "DIRWEIGHT2": 0.0, "DIRWEIGHT3": 0.0, "DIRWEIGHT4": 0.0 }, "geometry": { "type": "Polygon", "coordinates": [ [ [ 45.822793000097022, 40.136991999881047 ], [ 45.617578000124752, 40.355127000310972 ], [ 45.209696999916787, 40.748007000322957 ], [ 45.836970000065605, 40.519656000024554 ], [ 46.10908200033424, 40.47823299995315 ], [ 46.624495999690794, 40.339345000071887 ], [ 46.823840999662593, 40.144699000058949 ], [ 46.691093999688519, 40.054714999897499 ], [ 46.598158000091814, 40.008129000053486 ], [ 46.469031999827109, 39.984840999912365 ], [ 46.364948999696765, 39.995905000215771 ], [ 46.308769999935691, 40.001610999847912 ], [ 45.822793000097022, 40.136991999881047 ] ] ] } },
{ "type": "Feature", "properties": { "OBJECTID_1": 449.0, "LONC": 45.814584, "LATC": 39.922452, "IDAS": "AMAS453", "A": 4.1409, "B": 1.025, "TECREG": "Active", "TECTONICS": "Active Shallow Crust", "SS": 60, "NF": 10, "TF": 30, "MINDEPTH": 0, "HYPODEPTH1": 2, "HYPODEPTH2": 10, "HYPODEPTH3": 18, "MAXDEPTH": 20, "WHDEPTH1": 0.1, "WHDEPTH2": 0.4, "WHDEPTH3": 0.5, "MAXMAG01": 7.8, "MAXMAG02": 8.0, "MAXMAG03": 8.2, "MAXMAG04": 8.4, "WMAXMAG01": 0.5, "WMAXMAG02": 0.2, "WMAXMAG03": 0.2, "WMAXMAG04": 0.1, "STRIKE1": 0.0, "STRIKE2": 0.0, "STRIKE3": 0.0, "STRIKE4": 0.0, "DIP1": 0.0, "DIP2": 0.0, "DIP3": 0.0, "DIP4": 0.0, "DIRWEIGHT1": 0.0, "DIRWEIGHT2": 0.0, "DIRWEIGHT3": 0.0, "DIRWEIGHT4": 0.0 }, "geometry": { "type": "Polygon", "coordinates": [ [ [ 46.583830000354396, 38.790569000259325 ], [ 46.27612600001504, 38.891063000357349 ], [ 46.107942999969623, 39.042548000190209 ], [ 45.977953000330842, 39.447706999878335 ], [ 45.81428900003749, 39.76352200014037 ], [ 45.481383000325366, 40.070703999789941 ], [ 44.982018000030848, 40.476488999567835 ], [ 44.724095000284194, 40.536291000029792 ], [ 44.346602000282246, 40.61301999957351 ], [ 44.017600999886383, 40.700098999769182 ], [ 43.745696000170426, 40.826115999653837 ], [ 43.104488000421043, 41.161873000438788 ], [ 43.211164999665186, 41.189504000309512 ], [ 43.284179999707362, 41.19922499983403 ], [ 43.352412000413665, 41.205755999739779 ], [ 43.419918000015855, 41.209162000326216 ], [ 43.421546000447734, 41.209184999588217 ], [ 43.45986600041573, 41.207244000010746 ], [ 43.51697800003484, 41.202458999683245 ], [ 43.547166000011032, 41.19976799969362 ], [ 43.633735000070374, 41.187298000202702 ], [ 43.708928999873592, 41.172175999822684 ], [ 43.793129000403212, 41.152179000360718 ], [ 43.884662000051435, 41.128502000267247 ], [ 44.1860080003691, 41.056542000313243 ], [ 44.516995999765754, 40.962259999799301 ], [ 44.845118000095795, 40.838321000413998 ], [ 45.209696999916787, 40.748007000322957 ], [ 45.617578000124752, 40.355127000310972 ], [ 45.822793000097022, 40.136991999881047 ], [ 45.910132999738323, 40.044153000260906 ], [ 46.253123000426285, 39.520809000335248 ], [ 46.278873999935342, 39.475172000187797 ], [ 46.612407999829486, 38.89339800011777 ], [ 46.583830000354396, 38.790569000259325 ] ] ] } },
{ "type": "Feature", "properties": { "OBJECTID_1": 450.0, "LONC": 42.44048, "LATC": 42.560735, "IDAS": "GEAS472", "A": 2.4447, "B": 0.804, "TECREG": "Active", "TECTONICS": "Active Shallow Crust", "SS": 50, "NF": 0, "TF": 50, "MINDEPTH": 0, "HYPODEPTH1": 4, "HYPODEPTH2": 12, "HYPODEPTH3": 20, "MAXDEPTH": 24, "WHDEPTH1": 0.1, "WHDEPTH2": 0.4, "WHDEPTH3": 0.5, "MAXMAG01": 7.6, "MAXMAG02": 7.8, "MAXMAG03": 8.0, "MAXMAG04": 8.2, "WMAXMAG01": 0.5, "WMAXMAG02": 0.2, "WMAXMAG03": 0.2, "WMAXMAG04": 0.1, "STRIKE1": 0.0, "STRIKE2": 0.0, "STRIKE3": 0.0, "STRIKE4": 0.0, "DIP1": 0.0, "DIP2": 0.0, "DIP3": 0.0, "DIP4": 0.0, "DIRWEIGHT1": 0.0, "DIRWEIGHT2": 0.0, "DIRWEIGHT3": 0.0, "DIRWEIGHT4": 0.0 }, "geometry": { "type": "Polygon", "coordinates": [ [ [ 41.640573000144002, 42.843567000017231 ], [ 41.671647999655647, 42.827084999873023 ], [ 41.70084399975093, 42.811788000416072 ], [ 41.72947900005596, 42.800740999997345 ], [ 41.774048000415064, 42.786812999820256 ], [ 41.815220999749499, 42.775859000092964 ], [ 41.909610999847928, 42.75708100018818 ], [ 41.947478999656255, 42.746940000181041 ], [ 41.99047200018282, 42.737157999642136 ], [ 42.046454999898515, 42.7179630002924 ], [ 42.123440999602622, 42.689298000402573 ], [ 42.193432999633387, 42.655508999840663 ], [ 42.33449399989837, 42.620064000253592 ], [ 42.359967000077177, 42.620527000021184 ], [ 42.407400000309906, 42.620126999561535 ], [ 42.482096999676969, 42.621199999580483 ], [ 42.558888000281172, 42.620191999861049 ], [ 42.617493000401794, 42.619538000278681 ], [ 42.678990999934854, 42.616035999761721 ], [ 42.632936000296354, 42.579488999717739 ], [ 42.526908000404035, 42.495301999787614 ], [ 42.44874799962065, 42.429977000038662 ], [ 42.35413099984595, 42.35467499975158 ], [ 42.316318999922089, 42.330059000422693 ], [ 42.27802600029986, 42.311119000241831 ], [ 42.240093000191962, 42.296599999790317 ], [ 42.195702999993614, 42.284783999881881 ], [ 42.103946999954246, 42.277416000048504 ], [ 42.047435000125347, 42.281624999894007 ], [ 41.931372999764278, 42.305136999573051 ], [ 41.823618000270642, 42.343455000348172 ], [ 41.768160999630595, 42.370159999784335 ], [ 41.728469000244331, 42.400679999782312 ], [ 41.679136999672949, 42.454075999807685 ], [ 41.651364000448439, 42.488303999929826 ], [ 41.632347000313985, 42.578921999650731 ], [ 41.626661999851592, 42.639589000432181 ], [ 41.621091000149704, 42.697883999746978 ], [ 41.626731000335553, 42.74968399991684 ], [ 41.640573000144002, 42.843567000017231 ] ] ] } },
{ "type": "Feature", "properties": { "OBJECTID_1": 451.0, "LONC": 48.850921, "LATC": 40.228596, "IDAS": "AZAS467", "A": 4.8307, "B": 1.1729, "TECREG": "Active", "TECTONICS": "Active Shallow Crust", "SS": 25, "NF": 5, "TF": 70, "MINDEPTH": 0, "HYPODEPTH1": 4, "HYPODEPTH2": 12, "HYPODEPTH3": 20, "MAXDEPTH": 24, "WHDEPTH1": 0.1, "WHDEPTH2": 0.4, "WHDEPTH3": 0.5, "MAXMAG01": 7.6, "MAXMAG02": 7.8, "MAXMAG03": 8.0, "MAXMAG04": 8.2, "WMAXMAG01": 0.5, "WMAXMAG02": 0.2, "WMAXMAG03": 0.2, "WMAXMAG04": 0.1, "STRIKE1": 0.0, "STRIKE2": 0.0, "STRIKE3": 0.0, "STRIKE4": 0.0, "DIP1": 0.0, "DIP2": 0.0, "DIP3": 0.0, "DIP4": 0.0, "DIRWEIGHT1": 0.0, "DIRWEIGHT2": 0.0, "DIRWEIGHT3": 0.0, "DIRWEIGHT4": 0.0 }, "geometry": { "type": "Polygon", "coordinates": [ [ [ 46.897490000163543, 41.006705999882172 ], [ 46.949956999616006, 40.968202999568916 ], [ 46.953420000133065, 40.966414999852532 ], [ 46.953431999787142, 40.966407000382901 ], [ 46.953527999717608, 40.966360000014163 ], [ 46.981961999746659, 40.95168499956327 ], [ 47.024943999765924, 40.946545999998079 ], [ 47.034921000304109, 40.945235999841714 ], [ 47.134858999943049, 40.922314000390998 ], [ 47.185555999609846, 40.891318000025819 ], [ 47.34534500017179, 40.833947000154126 ], [ 47.654297999653124, 40.769169999595988 ], [ 47.910275999637861, 40.735029999934738 ], [ 48.040037999554215, 40.758553000121026 ], [ 48.205002999588942, 40.697917999915944 ], [ 48.369143000249437, 40.626862000281278 ], [ 48.564715999843713, 40.523972000307708 ], [ 48.681320000018161, 40.453935000000399 ], [ 49.013951999685219, 40.202883999697008 ], [ 49.256216000368283, 40.03084199975865 ], [ 49.406046000322817, 39.882280999868442 ], [ 49.501196000395282, 39.817357999772014 ], [ 49.539475000271239, 39.795442999994634 ], [ 49.967263000287403, 39.762566000120955 ], [ 50.025985000407616, 39.494596000205433 ], [ 49.950749999612981, 39.059156999895777 ], [ 49.522359999714411, 38.697099000318758 ], [ 49.239231999557319, 38.943822999831752 ], [ 49.234996000265369, 39.08310599994212 ], [ 49.101262999787764, 39.346000999646606 ], [ 49.038307999614631, 39.503068999734694 ], [ 48.961779000300794, 39.621854999808534 ], [ 48.852743000189491, 39.96106699984233 ], [ 48.779480000401861, 40.152759000327762 ], [ 48.659081999734667, 40.311494999994409 ], [ 48.5828149999125, 40.356904000419433 ], [ 48.487304000279551, 40.46737099997182 ], [ 48.410089999953698, 40.499791000354548 ], [ 48.218957000065643, 40.509581000363028 ], [ 48.01104499982705, 40.523795000239261 ], [ 47.563716999839812, 40.620640000235994 ], [ 47.178385999914155, 40.729587999886462 ], [ 46.920554999913463, 40.797457000040708 ], [ 46.771580999863431, 40.844473999975264 ], [ 46.646809999881782, 40.864884999643209 ], [ 46.484732999928156, 40.883262999987608 ], [ 46.29961000020154, 40.908961999796645 ], [ 46.052249000091422, 40.956776999658985 ], [ 45.537260999695548, 41.172588999982509 ], [ 45.501266999972245, 41.202652999636371 ], [ 45.364397999668142, 41.266362000406161 ], [ 45.273420999579628, 41.301496000040515 ], [ 45.212647000159109, 41.37290599981219 ], [ 45.139778999701264, 41.435532000101887 ], [ 44.923667999978363, 41.587972999954161 ], [ 44.804376999998738, 41.671701000301084 ], [ 44.725859999839315, 41.744333999814387 ], [ 44.712944999612205, 41.764523000036604 ], [ 44.765704999985928, 41.8702820001144 ], [ 45.156106999938288, 41.835009000365233 ], [ 45.201050999604092, 41.825689999593976 ], [ 45.246391000444476, 41.809701999747631 ], [ 45.279394999879514, 41.791376000002572 ], [ 45.317583000055549, 41.763981000223168 ], [ 45.337120999934371, 41.745213999926307 ], [ 45.353071999873066, 41.72511900044168 ], [ 45.365829000008489, 41.703321999810612 ], [ 45.398290999630092, 41.656822000335239 ], [ 45.560506999698418, 41.514358000121774 ], [ 45.772295999760729, 41.434147000084181 ], [ 45.866999999950224, 41.388679999682381 ], [ 45.928401000405984, 41.34965699967097 ], [ 46.015913999931342, 41.312500000274952 ], [ 46.301173000333847, 41.280545999798221 ], [ 46.582095000384129, 41.181986999900289 ], [ 46.721756999985701, 41.110617000174557 ], [ 46.795020999819428, 41.049494999994408 ], [ 46.897490000163543, 41.006705999882172 ] ] ] } },
{ "type": "Feature", "properties": { "OBJECTID_1": 452.0, "LONC": 45.972844, "LATC": 40.626827, "IDAS": "AZAS465", "A": 4.9713, "B": 1.1866, "TECREG": "Active", "TECTONICS": "Active Shallow Crust", "SS": 30, "NF": 0, "TF": 70, "MINDEPTH": 0, "HYPODEPTH1": 2, "HYPODEPTH2": 10, "HYPODEPTH3": 18, "MAXDEPTH": 20, "WHDEPTH1": 0.1, "WHDEPTH2": 0.4, "WHDEPTH3": 0.5, "MAXMAG01": 7.6, "MAXMAG02": 7.8, "MAXMAG03": 8.0, "MAXMAG04": 8.2, "WMAXMAG01": 0.5, "WMAXMAG02": 0.2, "WMAXMAG03": 0.2, "WMAXMAG04": 0.1, "STRIKE1": 0.0, "STRIKE2": 0.0, "STRIKE3": 0.0, "STRIKE4": 0.0, "DIP1": 0.0, "DIP2": 0.0, "DIP3": 0.0, "DIP4": 0.0, "DIRWEIGHT1": 0.0, "DIRWEIGHT2": 0.0, "DIRWEIGHT3": 0.0, "DIRWEIGHT4": 0.0 }, "geometry": { "type": "Polygon", "coordinates": [ [ [ 45.209696999916787, 40.748007000322957 ], [ 44.518079000245848, 41.194057999876975 ], [ 44.363174000080221, 41.287815999608881 ], [ 43.983939999831307, 41.537496999686937 ], [ 43.947437000017715, 41.572911999689211 ], [ 43.907833000192966, 41.612035999861689 ], [ 43.864971000311584, 41.663110999872913 ], [ 43.893673000109061, 41.668132000291735 ], [ 43.92810099956165, 41.678323999952795 ], [ 43.959212999880208, 41.692778000104795 ], [ 43.986628999728737, 41.697142999949676 ], [ 44.027873999685482, 41.696125999815195 ], [ 44.071666000185928, 41.689335999656805 ], [ 44.110436000221398, 41.6885549996137 ], [ 44.146746000127962, 41.691018999927053 ], [ 44.3981109996231, 41.743252000279767 ], [ 44.712944999612205, 41.764523000036604 ], [ 44.725859999839315, 41.744333999814387 ], [ 44.804376999998738, 41.671701000301084 ], [ 44.923667999978363, 41.587972999954161 ], [ 45.139778999701264, 41.435532000101887 ], [ 45.212647000159109, 41.37290599981219 ], [ 45.273420999579628, 41.301496000040515 ], [ 45.364397999668142, 41.266362000406161 ], [ 45.501266999972245, 41.202652999636371 ], [ 45.537168999949529, 41.172663999843905 ], [ 46.052249000091422, 40.956776999658985 ], [ 46.29961000020154, 40.908961999796645 ], [ 46.484732999928156, 40.883262999987608 ], [ 46.646809999881782, 40.864884999643209 ], [ 46.771580999863431, 40.844473999975264 ], [ 46.920554999913463, 40.797457000040708 ], [ 47.178385999914155, 40.729587999886462 ], [ 47.203727000301001, 40.608320999614591 ], [ 47.363719000331741, 40.392575999682833 ], [ 47.558329999629962, 40.18191200023881 ], [ 47.918245000206753, 39.941066000195917 ], [ 47.980824000127654, 39.78275600038927 ], [ 48.080718000435525, 39.504728999843621 ], [ 47.656097999922906, 39.489132000041934 ], [ 46.823840999662593, 40.144699000058949 ], [ 46.624495999690794, 40.339345000071887 ], [ 46.10908200033424, 40.47823299995315 ], [ 45.836970000065605, 40.519656000024554 ], [ 45.209696999916787, 40.748007000322957 ] ] ] } },
{ "type": "Feature", "properties": { "OBJECTID_1": 453.0, "LONC": 42.735493, "LATC": 41.405453, "IDAS": "GEAS479", "A": 3.5118, "B": 0.9602, "TECREG": "Active", "TECTONICS": "Active Shallow Crust", "SS": 50, "NF": 0, "TF": 50, "MINDEPTH": 0, "HYPODEPTH1": 2, "HYPODEPTH2": 10, "HYPODEPTH3": 18, "MAXDEPTH": 20, "WHDEPTH1": 0.1, "WHDEPTH2": 0.4, "WHDEPTH3": 0.5, "MAXMAG01": 7.6, "MAXMAG02": 7.8, "MAXMAG03": 8.0, "MAXMAG04": 8.2, "WMAXMAG01": 0.5, "WMAXMAG02": 0.2, "WMAXMAG03": 0.2, "WMAXMAG04": 0.1, "STRIKE1": 48.694531, "STRIKE2": 0.0, "STRIKE3": 224.317704, "STRIKE4": 0.0, "DIP1": 85.008875, "DIP2": 0.0, "DIP3": 85.021346, "DIP4": 0.0, "DIRWEIGHT1": 0.283186, "DIRWEIGHT2": 0.0, "DIRWEIGHT3": 0.716814, "DIRWEIGHT4": 0.0 }, "geometry": { "type": "Polygon", "coordinates": [ [ [ 44.3981109996231, 41.743252000279767 ], [ 44.146746000127962, 41.691018999927053 ], [ 44.110436000221398, 41.6885549996137 ], [ 44.071666000185928, 41.689335999656805 ], [ 44.027873999685482, 41.696125999815195 ], [ 43.986628999728737, 41.697142999949676 ], [ 43.959212999880208, 41.692778000104795 ], [ 43.92810099956165, 41.678323999952795 ], [ 43.893673000109061, 41.668132000291735 ], [ 43.864971000311584, 41.663110999872913 ], [ 43.671366999787381, 41.656849999827784 ], [ 43.627096999726916, 41.659461999771622 ], [ 43.578841000212151, 41.662289999783809 ], [ 43.541564999825027, 41.658526999821333 ], [ 43.50045299970634, 41.645456999640999 ], [ 43.444239000129926, 41.621039999596462 ], [ 43.225145999588392, 41.51966800037809 ], [ 43.021891000069786, 41.427088000111269 ], [ 42.888263999983792, 41.32421399997628 ], [ 42.672883999796909, 41.13653600023639 ], [ 42.61678400008168, 41.085078999696236 ], [ 42.545648000355072, 41.010089000307289 ], [ 42.464523000436316, 40.988055000438067 ], [ 41.79308200043414, 40.708006000176908 ], [ 41.793063999604044, 40.708839999966187 ], [ 42.091029999634941, 41.064215999868679 ], [ 42.377873000238935, 41.32924099977248 ], [ 42.766937999689105, 41.627767999593686 ], [ 43.252025999900127, 41.785141000257113 ], [ 43.771378000094785, 42.098090999700048 ], [ 43.900498000082791, 42.102900000234968 ], [ 43.96752700017106, 42.088026999646502 ], [ 44.041880999908358, 42.069117999995854 ], [ 44.765704999985928, 41.8702820001144 ], [ 44.712944999612205, 41.764523000036604 ], [ 44.3981109996231, 41.743252000279767 ] ] ] } },
{ "type": "Feature", "properties": { "OBJECTID_1": 454.0, "LONC": 42.959296, "LATC": 42.472769, "IDAS": "GEAS470", "A": 5.397, "B": 1.4057, "TECREG": "Active", "TECTONICS": "Active Shallow Crust", "SS": 33, "NF": 33, "TF": 34, "MINDEPTH": 0, "HYPODEPTH1": 4, "HYPODEPTH2": 12, "HYPODEPTH3": 20, "MAXDEPTH": 24, "WHDEPTH1": 0.1, "WHDEPTH2": 0.4, "WHDEPTH3": 0.5, "MAXMAG01": 7.3, "MAXMAG02": 7.5, "MAXMAG03": 7.7, "MAXMAG04": 7.9, "WMAXMAG01": 0.5, "WMAXMAG02": 0.2, "WMAXMAG03": 0.2, "WMAXMAG04": 0.1, "STRIKE1": 0.0, "STRIKE2": 0.0, "STRIKE3": 0.0, "STRIKE4": 0.0, "DIP1": 0.0, "DIP2": 0.0, "DIP3": 0.0, "DIP4": 0.0, "DIRWEIGHT1": 0.0, "DIRWEIGHT2": 0.0, "DIRWEIGHT3": 0.0, "DIRWEIGHT4": 0.0 }, "geometry": { "type": "Polygon", "coordinates": [ [ [ 44.765704999985928, 41.8702820001144 ], [ 44.041880999908358, 42.069117999995854 ], [ 43.96752700017106, 42.088026999646502 ], [ 43.900498000082791, 42.102900000234968 ], [ 43.771378000094785, 42.098090999700048 ], [ 43.60947500007137, 42.060644999567216 ], [ 43.439919999708366, 42.025331999772163 ], [ 43.393673000208935, 42.012612999590431 ], [ 43.364509999836798, 42.008093999838366 ], [ 43.333515000417094, 42.009625000293681 ], [ 43.282967999573714, 42.023579999917217 ], [ 43.202617000274529, 42.060488999567838 ], [ 43.100119000391715, 42.11083600018145 ], [ 43.038724000212596, 42.13511800029562 ], [ 42.98875099975902, 42.15072200042016 ], [ 42.934066999692448, 42.159279000225865 ], [ 42.864951999635252, 42.158105000045907 ], [ 42.790325999945082, 42.155622999801778 ], [ 42.72020600030686, 42.147836000431255 ], [ 42.622820999689566, 42.121778000254665 ], [ 42.568696000220427, 42.119274999941467 ], [ 42.513362999902711, 42.124245999853201 ], [ 42.467275999687786, 42.132691999936014 ], [ 42.373590999725025, 42.157324000002745 ], [ 42.33677499986652, 42.162223000191489 ], [ 42.293885999639315, 42.159718999832137 ], [ 42.182126999861339, 42.142531999552318 ], [ 42.095128999803649, 42.121118000395541 ], [ 41.992339999991145, 42.108470999936856 ], [ 41.872587000290025, 42.107266000125946 ], [ 41.766377000098657, 42.098593000366861 ], [ 41.520762999612884, 42.04763000012457 ], [ 41.420722999766781, 42.030674999751625 ], [ 41.352746000028048, 42.026315000137288 ], [ 41.074366000290865, 42.059070999826929 ], [ 40.917411000017808, 41.849349999802826 ], [ 40.855650000047603, 41.795211999734192 ], [ 40.281966999877284, 41.621262999987607 ], [ 39.708069999730867, 41.606412000413627 ], [ 39.795281999764654, 42.201861999831578 ], [ 39.728040999792483, 43.028567000366934 ], [ 39.714333999914345, 43.183385000117823 ], [ 39.713681000378017, 43.183371000371551 ], [ 39.699794000293025, 43.339127000211079 ], [ 40.417379999587467, 43.202833000342878 ], [ 40.593206999603524, 43.17794200002345 ], [ 40.780647000059162, 43.159950000392371 ], [ 41.016375999752768, 43.095041000042272 ], [ 41.076393000236919, 43.089298999649259 ], [ 41.120985999904121, 43.082830999950829 ], [ 41.151179000110915, 43.077123000226436 ], [ 41.198729000343235, 43.064446000182954 ], [ 41.250892000165834, 43.05135099974899 ], [ 41.32888100025815, 43.015100999911397 ], [ 41.5191590002878, 42.914960999950381 ], [ 41.599267000072189, 42.868755999689824 ], [ 41.640573000144002, 42.843567000017231 ], [ 41.626731000335553, 42.74968399991684 ], [ 41.621091000149704, 42.697883999746978 ], [ 41.632519000151888, 42.580716999689969 ], [ 41.651364000448439, 42.488303999929826 ], [ 41.679136999672949, 42.454075999807685 ], [ 41.728469000244331, 42.400679999782312 ], [ 41.768160999630595, 42.370159999784335 ], [ 41.823618000270642, 42.343455000348172 ], [ 41.931372999764278, 42.305136999573051 ], [ 42.047435000125347, 42.281624999894007 ], [ 42.103946999954246, 42.277416000048504 ], [ 42.195702999993614, 42.284783999881881 ], [ 42.240093000191962, 42.296599999790317 ], [ 42.27802600029986, 42.311119000241831 ], [ 42.316318999922089, 42.330059000422693 ], [ 42.35413099984595, 42.35467499975158 ], [ 42.44874799962065, 42.429977000038662 ], [ 42.526908000404035, 42.495301999787614 ], [ 42.632936000296354, 42.579488999717739 ], [ 42.678990999934854, 42.616035999761721 ], [ 42.710066000345819, 42.61456000004415 ], [ 42.872188999722709, 42.592946999804383 ], [ 43.139957000215531, 42.539629999824797 ], [ 43.230942999819774, 42.52482699976639 ], [ 43.355636999847832, 42.498195000099315 ], [ 43.409802000262289, 42.47971599959385 ], [ 43.436181999999462, 42.464334999860512 ], [ 43.469244000310539, 42.437291000079767 ], [ 43.495157000095617, 42.411891999716204 ], [ 43.520960000204013, 42.390236000191408 ], [ 43.469224000287568, 42.396554000167157 ], [ 43.432390999645065, 42.399804999900994 ], [ 43.373371000171687, 42.40023199980709 ], [ 43.318502999713814, 42.396691000189662 ], [ 43.272824000327546, 42.390263999684009 ], [ 43.232202000322218, 42.384146999984239 ], [ 43.177606999863315, 42.360299000098962 ], [ 43.135444999887, 42.338877999720069 ], [ 43.088655999674813, 42.326611999744159 ], [ 43.040768000043329, 42.324824000027718 ], [ 43.001668000078325, 42.329626000239898 ], [ 42.9520149999924, 42.333998000407576 ], [ 42.907360000164033, 42.329692999732345 ], [ 42.814245999553407, 42.314710000366404 ], [ 42.702432999983102, 42.296777999904918 ], [ 42.725929999869777, 42.223773000323888 ], [ 42.822522999936666, 42.240643000374348 ], [ 42.916056000084495, 42.255862999877706 ], [ 42.963413000409787, 42.259920999954375 ], [ 43.022458000136737, 42.257261999641742 ], [ 43.062869000304261, 42.255952000384696 ], [ 43.120644999966942, 42.258913000234941 ], [ 43.171770999632088, 42.270986000303822 ], [ 43.228986000403779, 42.294626999636478 ], [ 43.281627999832494, 42.314672000412656 ], [ 43.327530999656062, 42.323348000310148 ], [ 43.388808999835646, 42.323975999592847 ], [ 43.448460999675547, 42.322298999599298 ], [ 43.530987000349967, 42.321636999647978 ], [ 43.604958000411557, 42.327058999673284 ], [ 43.688546999744403, 42.34029200017585 ], [ 43.976386000413754, 42.310559999644454 ], [ 44.005435000025386, 42.303467999948396 ], [ 44.049068000388047, 42.287000999596614 ], [ 44.175387999856468, 42.17918499998791 ], [ 44.221938999885083, 42.153082000434154 ], [ 44.297461000425017, 42.121566000370763 ], [ 44.671515000117324, 42.084952999981112 ], [ 44.814930000119602, 42.035286000148972 ], [ 44.954446000182941, 41.96428700044487 ], [ 45.089781999939532, 41.892329999729895 ], [ 45.210103999799912, 41.845614000186117 ], [ 45.226164000268568, 41.83607700015358 ], [ 45.246391000444476, 41.809701999747631 ], [ 45.201050999604092, 41.825689999593976 ], [ 45.156106999938288, 41.835009000365233 ], [ 44.765704999985928, 41.8702820001144 ] ] ] } },
{ "type": "Feature", "properties": { "OBJECTID_1": 455.0, "LONC": 46.739445, "LATC": 39.808607, "IDAS": "AZAS464", "A": 2.7161, "B": 0.9065, "TECREG": "Active", "TECTONICS": "Active Shallow Crust", "SS": 33, "NF": 33, "TF": 34, "MINDEPTH": 0, "HYPODEPTH1": 2, "HYPODEPTH2": 10, "HYPODEPTH3": 18, "MAXDEPTH": 20, "WHDEPTH1": 0.1, "WHDEPTH2": 0.4, "WHDEPTH3": 0.5, "MAXMAG01": 7.3, "MAXMAG02": 7.5, "MAXMAG03": 7.7, "MAXMAG04": 7.9, "WMAXMAG01": 0.5, "WMAXMAG02": 0.2, "WMAXMAG03": 0.2, "WMAXMAG04": 0.1, "STRIKE1": 0.0, "STRIKE2": 0.0, "STRIKE3": 0.0, "STRIKE4": 0.0, "DIP1": 0.0, "DIP2": 0.0, "DIP3": 0.0, "DIP4": 0.0, "DIRWEIGHT1": 0.0, "DIRWEIGHT2": 0.0, "DIRWEIGHT3": 0.0, "DIRWEIGHT4": 0.0 }, "geometry": { "type": "Polygon", "coordinates": [ [ [ 46.278873999935342, 39.475172000187797 ], [ 45.910132999738323, 40.044153000260906 ], [ 45.822793000097022, 40.136991999881047 ], [ 46.308769999935691, 40.001610999847912 ], [ 46.364948999696765, 39.995905000215771 ], [ 46.469031999827109, 39.984840999912365 ], [ 46.598158000091814, 40.008129000053486 ], [ 46.691093999688519, 40.054714999897499 ], [ 46.823840999662593, 40.144699000058949 ], [ 47.656097999922906, 39.489132000041934 ], [ 47.256376000052512, 39.47251600001357 ], [ 46.278873999935342, 39.475172000187797 ] ] ] } },
{ "type": "Feature", "properties": { "OBJECTID_1": 456.0, "LONC": 35.862629, "LATC": 34.983566, "IDAS": "TRAS484", "A": 1.738, "B": 0.9933, "TECREG": "Active", "TECTONICS": "Active Shallow Crust", "SS": 33, "NF": 33, "TF": 34, "MINDEPTH": 0, "HYPODEPTH1": 2, "HYPODEPTH2": 10, "HYPODEPTH3": 18, "MAXDEPTH": 20, "WHDEPTH1": 0.1, "WHDEPTH2": 0.4, "WHDEPTH3": 0.5, "MAXMAG01": 7.1, "MAXMAG02": 7.3, "MAXMAG03": 7.5, "MAXMAG04": 7.7, "WMAXMAG01": 0.5, "WMAXMAG02": 0.2, "WMAXMAG03": 0.2, "WMAXMAG04": 0.1, "STRIKE1": 0.0, "STRIKE2": 0.0, "STRIKE3": 0.0, "STRIKE4": 0.0, "DIP1": 0.0, "DIP2": 0.0, "DIP3": 0.0, "DIP4": 0.0, "DIRWEIGHT1": 0.0, "DIRWEIGHT2": 0.0, "DIRWEIGHT3": 0.0, "DIRWEIGHT4": 0.0 }, "geometry": { "type": "Polygon", "coordinates": [ [ [ 36.004419999783352, 35.39279600003556 ], [ 36.182690000043635, 35.377257000210534 ], [ 36.267471000386536, 34.692223000191461 ], [ 35.457786999670475, 34.574336000206415 ], [ 35.614809000335242, 34.861598000347612 ], [ 36.004419999783352, 35.39279600003556 ] ] ] } },
{ "type": "Feature", "properties": { "OBJECTID_1": 457.0, "LONC": 38.925328, "LATC": 35.814153, "IDAS": "TRAS451", "A": 2.9471, "B": 0.9933, "TECREG": "Active", "TECTONICS": "Active Shallow Crust", "SS": 33, "NF": 33, "TF": 34, "MINDEPTH": 0, "HYPODEPTH1": 2, "HYPODEPTH2": 10, "HYPODEPTH3": 18, "MAXDEPTH": 20, "WHDEPTH1": 0.1, "WHDEPTH2": 0.4, "WHDEPTH3": 0.5, "MAXMAG01": 7.6, "MAXMAG02": 7.8, "MAXMAG03": 8.0, "MAXMAG04": 8.2, "WMAXMAG01": 0.5, "WMAXMAG02": 0.2, "WMAXMAG03": 0.2, "WMAXMAG04": 0.1, "STRIKE1": 69.689579, "STRIKE2": 0.0, "STRIKE3": 0.0, "STRIKE4": 0.0, "DIP1": 58.0, "DIP2": 0.0, "DIP3": 0.0, "DIP4": 0.0, "DIRWEIGHT1": 1.0, "DIRWEIGHT2": 0.0, "DIRWEIGHT3": 0.0, "DIRWEIGHT4": 0.0 }, "geometry": { "type": "Polygon", "coordinates": [ [ [ 37.020000000399875, 37.099999999700401 ], [ 38.513610000401343, 36.858041999638715 ], [ 39.877718999932085, 36.494108999930575 ], [ 42.507191000364514, 35.21774099964756 ], [ 40.158379999637418, 35.57512200028026 ], [ 38.16050299991366, 35.503821000139226 ], [ 36.492402000352229, 34.528306999968265 ], [ 36.472329000083448, 35.363294000218104 ], [ 37.020000000399875, 37.099999999700401 ] ] ] } },
{ "type": "Feature", "properties": { "OBJECTID_1": 458.0, "LONC": 38.969749, "LATC": 32.290064, "IDAS": "SYAS483", "A": 3.5, "B": 1.0, "TECREG": "Active", "TECTONICS": "Active Shallow Crust", "SS": 33, "NF": 33, "TF": 34, "MINDEPTH": 0, "HYPODEPTH1": 2, "HYPODEPTH2": 10, "HYPODEPTH3": 18, "MAXDEPTH": 20, "WHDEPTH1": 0.1, "WHDEPTH2": 0.4, "WHDEPTH3": 0.5, "MAXMAG01": 7.1, "MAXMAG02": 7.3, "MAXMAG03": 7.5, "MAXMAG04": 7.7, "WMAXMAG01": 0.5, "WMAXMAG02": 0.2, "WMAXMAG03": 0.2, "WMAXMAG04": 0.1, "STRIKE1": 0.0, "STRIKE2": 0.0, "STRIKE3": 0.0, "STRIKE4": 0.0, "DIP1": 0.0, "DIP2": 0.0, "DIP3": 0.0, "DIP4": 0.0, "DIRWEIGHT1": 0.0, "DIRWEIGHT2": 0.0, "DIRWEIGHT3": 0.0, "DIRWEIGHT4": 0.0 }, "geometry": { "type": "Polygon", "coordinates": [ [ [ 35.31054000012108, 29.483395000079383 ], [ 35.59230000014503, 31.043200000379898 ], [ 35.693950999639071, 31.8127710002816 ], [ 35.695432999633397, 32.280599999590493 ], [ 36.298887000334958, 32.67610500014581 ], [ 36.532763000012608, 33.399389999648918 ], [ 38.884950999988803, 34.161445000086871 ], [ 40.158379999637418, 35.57512200028026 ], [ 42.507191000364514, 35.21774099964756 ], [ 37.047966000430733, 29.005007000372927 ], [ 36.074406000436738, 29.1851030003034 ], [ 35.31054000012108, 29.483395000079383 ] ] ] } },
{ "type": "Feature", "properties": { "OBJECTID_1": 0.0, "LONC": 20.417773, "LATC": 41.829031, "IDAS": "ALAS993", "A": 3.5273, "B": 0.901, "TECREG": "Active", "TECTONICS": "Active Shallow Crust", "SS": 20, "NF": 60, "TF": 20, "MINDEPTH": 0, "HYPODEPTH1": 2, "HYPODEPTH2": 10, "HYPODEPTH3": 18, "MAXDEPTH": 14, "WHDEPTH1": 0.1, "WHDEPTH2": 0.4, "WHDEPTH3": 0.5, "MAXMAG01": 7.5, "MAXMAG02": 7.7, "MAXMAG03": 7.9, "MAXMAG04": 8.1, "WMAXMAG01": 0.5, "WMAXMAG02": 0.2, "WMAXMAG03": 0.2, "WMAXMAG04": 0.1, "STRIKE1": 36.382905, "STRIKE2": 0.0, "STRIKE3": 221.541063, "STRIKE4": 335.178646, "DIP1": 46.907622, "DIP2": 0.0, "DIP3": 47.469919, "DIP4": 41.402949, "DIRWEIGHT1": 0.280303, "DIRWEIGHT2": 0.0, "DIRWEIGHT3": 0.420455, "DIRWEIGHT4": 0.299242 }, "geometry": { "type": "Polygon", "coordinates": [ [ [ 20.485904999816057, 41.63369699961703 ], [ 20.271545999948103, 41.485569999955715 ], [ 19.901004000334524, 41.25034099993735 ], [ 19.826628430357914, 41.828098227551322 ], [ 20.004417000144599, 42.330031000030772 ], [ 20.238070000330424, 42.7747270000512 ], [ 20.556159000237813, 42.968542000413152 ], [ 20.67009899986914, 42.724460999575626 ], [ 20.81739699997172, 42.50074699997424 ], [ 21.105186000133983, 42.055441999748666 ], [ 20.485904999816057, 41.63369699961703 ] ] ] } },
{ "type": "Feature", "properties": { "OBJECTID_1": 0.0, "LONC": 20.696687, "LATC": 40.546706, "IDAS": "ALAS992", "A": 3.2952, "B": 0.814, "TECREG": "Active", "TECTONICS": "Active Shallow Crust", "SS": 20, "NF": 60, "TF": 20, "MINDEPTH": 0, "HYPODEPTH1": 2, "HYPODEPTH2": 10, "HYPODEPTH3": 18, "MAXDEPTH": 14, "WHDEPTH1": 0.1, "WHDEPTH2": 0.4, "WHDEPTH3": 0.5, "MAXMAG01": 7.5, "MAXMAG02": 7.7, "MAXMAG03": 7.9, "MAXMAG04": 8.1, "WMAXMAG01": 0.5, "WMAXMAG02": 0.2, "WMAXMAG03": 0.2, "WMAXMAG04": 0.1, "STRIKE1": 46.7922, "STRIKE2": 161.226446, "STRIKE3": 201.980836, "STRIKE4": 329.653729, "DIP1": 56.557743, "DIP2": 48.730877, "DIP3": 51.347356, "DIP4": 41.110181, "DIRWEIGHT1": 0.094086, "DIRWEIGHT2": 0.174731, "DIRWEIGHT3": 0.196237, "DIRWEIGHT4": 0.534946 }, "geometry": { "type": "Polygon", "coordinates": [ [ [ 20.899937000392413, 40.599953999577565 ], [ 20.809368000233178, 39.899538999825154 ], [ 20.493437000017707, 39.897931000315566 ], [ 20.080896883931704, 40.555326374986073 ], [ 19.937646000262873, 40.956808000189199 ], [ 21.297341000387007, 41.755741999793599 ], [ 21.429640000385859, 41.39766100015521 ], [ 21.502672000312714, 41.199857000200552 ], [ 21.556707000128142, 41.145603000178482 ], [ 21.649930000369409, 41.051746000377761 ], [ 20.899937000392413, 40.599953999577565 ] ] ] } },
{ "type": "Feature", "properties": { "OBJECTID_1": 0.0, "LONC": 25.124403, "LATC": 42.613985, "IDAS": "BGAS991", "A": 2.7612, "B": 0.915, "TECREG": "Active", "TECTONICS": "Active Shallow Crust", "SS": 20, "NF": 60, "TF": 20, "MINDEPTH": 0, "HYPODEPTH1": 2, "HYPODEPTH2": 10, "HYPODEPTH3": 18, "MAXDEPTH": 20, "WHDEPTH1": 0.1, "WHDEPTH2": 0.4, "WHDEPTH3": 0.5, "MAXMAG01": 7.5, "MAXMAG02": 7.7, "MAXMAG03": 7.9, "MAXMAG04": 8.1, "WMAXMAG01": 0.5, "WMAXMAG02": 0.2, "WMAXMAG03": 0.2, "WMAXMAG04": 0.1, "STRIKE1": 77.465197, "STRIKE2": 101.129108, "STRIKE3": 267.72425, "STRIKE4": 293.628773, "DIP1": 47.117239, "DIP2": 47.713923, "DIP3": 47.586667, "DIP4": 48.9255, "DIRWEIGHT1": 0.541667, "DIRWEIGHT2": 0.300926, "DIRWEIGHT3": 0.055556, "DIRWEIGHT4": 0.101852 }, "geometry": { "type": "Polygon", "coordinates": [ [ [ 24.016341999783606, 42.929236999987722 ], [ 25.369015999888632, 42.79047300042879 ], [ 26.232463999614083, 42.703377000348439 ], [ 26.750549999882764, 42.674003000138498 ], [ 27.011957000215546, 42.658977999735043 ], [ 26.276666000135947, 42.036587999936387 ], [ 25.906266999922252, 42.215806999893289 ], [ 25.367280999918364, 42.298733000128038 ], [ 25.016844000250558, 42.35130700001821 ], [ 24.480907999704584, 42.308487000275022 ], [ 24.420200999776455, 42.390063000307407 ], [ 24.219703999739977, 42.659118999942052 ], [ 24.016341999783606, 42.929236999987722 ] ] ] } },
{ "type": "Feature", "properties": { "OBJECTID_1": 0.0, "LONC": 22.560672, "LATC": 43.494042, "IDAS": "YUAS990", "A": 3.3, "B": 1.0, "TECREG": "Active", "TECTONICS": "Active Shallow Crust", "SS": 20, "NF": 60, "TF": 20, "MINDEPTH": 0, "HYPODEPTH1": 2, "HYPODEPTH2": 10, "HYPODEPTH3": 16, "MAXDEPTH": 16, "WHDEPTH1": 0.1, "WHDEPTH2": 0.4, "WHDEPTH3": 0.5, "MAXMAG01": 6.9, "MAXMAG02": 7.1, "MAXMAG03": 7.3, "MAXMAG04": 7.5, "WMAXMAG01": 0.5, "WMAXMAG02": 0.2, "WMAXMAG03": 0.2, "WMAXMAG04": 0.1, "STRIKE1": 0.0, "STRIKE2": 118.471578, "STRIKE3": 242.521815, "STRIKE4": 289.064081, "DIP1": 0.0, "DIP2": 57.649011, "DIP3": 57.729333, "DIP4": 64.782012, "DIRWEIGHT1": 0.0, "DIRWEIGHT2": 0.238727, "DIRWEIGHT3": 0.071618, "DIRWEIGHT4": 0.689655 }, "geometry": { "type": "Polygon", "coordinates": [ [ [ 21.850712000058934, 44.099128000357098 ], [ 22.140907999704609, 43.912280000221983 ], [ 23.270631000320577, 43.184756000389257 ], [ 22.476787999866474, 42.88895500037313 ], [ 22.198960000403872, 42.783296999557024 ], [ 21.647969999915745, 42.464050000207521 ], [ 21.586800000220023, 42.622453999852382 ], [ 21.514199000383712, 42.810241000122232 ], [ 21.109440000255972, 43.831709999816781 ], [ 20.788124999968943, 44.6149820002193 ], [ 21.137744999732092, 44.653267000371955 ], [ 21.850712000058934, 44.099128000357098 ] ] ] } },
{ "type": "Feature", "properties": { "OBJECTID_1": 0.0, "LONC": 12.695168, "LATC": 46.105622, "IDAS": "ITAS989", "A": 4.3716, "B": 1.109, "TECREG": "Active", "TECTONICS": "Active Shallow Crust", "SS": 20, "NF": 60, "TF": 20, "MINDEPTH": 7, "HYPODEPTH1": 7, "HYPODEPTH2": 10, "HYPODEPTH3": 0, "MAXDEPTH": 10, "WHDEPTH1": 0.3, "WHDEPTH2": 0.7, "WHDEPTH3": 0.0, "MAXMAG01": 7.0, "MAXMAG02": 7.2, "MAXMAG03": 7.4, "MAXMAG04": 7.6, "WMAXMAG01": 0.5, "WMAXMAG02": 0.2, "WMAXMAG03": 0.2, "WMAXMAG04": 0.1, "STRIKE1": 0.0, "STRIKE2": 0.0, "STRIKE3": 240.154135, "STRIKE4": 284.404395, "DIP1": 0.0, "DIP2": 0.0, "DIP3": 38.827062, "DIP4": 37.174395, "DIRWEIGHT1": 0.0, "DIRWEIGHT2": 0.0, "DIRWEIGHT3": 0.716418, "DIRWEIGHT4": 0.283582 }, "geometry": { "type": "Polygon", "coordinates": [ [ [ 11.806918829740368, 46.0578611006095 ], [ 12.959767687229146, 46.559332507389456 ], [ 13.49807699955403, 46.484614999882524 ], [ 13.501435999771729, 46.43523699988782 ], [ 13.503903000223431, 46.403703999939808 ], [ 13.541921999800593, 45.931093999588597 ], [ 13.54628200031425, 45.876566999567558 ], [ 13.159686999655491, 46.156036000061533 ], [ 12.638718999582352, 45.991566000370767 ], [ 12.232242000268286, 45.788855999904627 ], [ 12.074865000319676, 45.711917999716093 ], [ 11.690229000068484, 45.553504999656184 ], [ 11.269327000141118, 45.32724000022597 ], [ 11.357896999846844, 45.810193000007132 ], [ 11.623078999796178, 45.923928000077296 ], [ 11.806918829740368, 46.0578611006095 ] ] ] } },
{ "type": "Feature", "properties": { "OBJECTID_1": 0.0, "LONC": 36.004231, "LATC": 41.13201, "IDAS": "TRAS984", "A": 4.2932, "B": 1.042, "TECREG": "Active", "TECTONICS": "Active Shallow Crust", "SS": 50, "NF": 40, "TF": 10, "MINDEPTH": 0, "HYPODEPTH1": 2, "HYPODEPTH2": 10, "HYPODEPTH3": 18, "MAXDEPTH": 20, "WHDEPTH1": 0.1, "WHDEPTH2": 0.4, "WHDEPTH3": 0.5, "MAXMAG01": 7.8, "MAXMAG02": 8.0, "MAXMAG03": 8.2, "MAXMAG04": 8.4, "WMAXMAG01": 0.5, "WMAXMAG02": 0.2, "WMAXMAG03": 0.2, "WMAXMAG04": 0.1, "STRIKE1": 68.91464, "STRIKE2": 127.475152, "STRIKE3": 246.42267, "STRIKE4": 279.74225, "DIP1": 51.599494, "DIP2": 54.809197, "DIP3": 85.013682, "DIP4": 85.398, "DIRWEIGHT1": 0.618056, "DIRWEIGHT2": 0.286706, "DIRWEIGHT3": 0.087302, "DIRWEIGHT4": 0.007937 }, "geometry": { "type": "Polygon", "coordinates": [ [ [ 42.766937999689105, 41.627767999593686 ], [ 42.377873000238935, 41.32924099977248 ], [ 42.091029999634941, 41.064215999868679 ], [ 41.79242299972185, 40.708074999761607 ], [ 41.020321000014292, 40.385697999962872 ], [ 39.500000000299963, 39.929999999800316 ], [ 38.69000000029996, 40.220000000299933 ], [ 37.679999999800316, 40.509999999900231 ], [ 37.161332999718354, 40.654063000107556 ], [ 36.226919000012003, 40.971771000431488 ], [ 35.309989999938693, 41.264006999723449 ], [ 34.006635018296933, 41.310866129905264 ], [ 33.342502474113978, 41.27345865293475 ], [ 32.930818372775867, 41.12991152611766 ], [ 31.886314000390996, 40.877856999800883 ], [ 31.589377000148602, 40.848068000238186 ], [ 31.263511424073695, 40.851068933897508 ], [ 30.842627594432841, 40.854682971166156 ], [ 30.380641084610652, 40.856038122564165 ], [ 29.850674319340406, 40.850857987667247 ], [ 29.306146494295959, 40.914924065270839 ], [ 29.011180818202345, 41.01422039754555 ], [ 28.577427249211414, 41.055612976280152 ], [ 27.501105999742265, 42.651841999808596 ], [ 28.324611000197649, 42.621435999671803 ], [ 28.364001000046301, 42.312407000283031 ], [ 28.615821999885554, 42.025796999632007 ], [ 29.041802000162363, 41.758950000242464 ], [ 29.307342000433152, 41.634950999888872 ], [ 29.75602199981563, 41.422027999692602 ], [ 30.916524999829051, 41.370039999846256 ], [ 31.53034099993738, 41.546271999653243 ], [ 32.876269000114405, 42.091489000117406 ], [ 33.646549000336279, 42.258781999589758 ], [ 34.259885999939115, 42.334020999669576 ], [ 34.898493000251904, 42.237767999993366 ], [ 35.367451000363531, 42.120060000169019 ], [ 36.330829000258348, 41.753547000194089 ], [ 37.450813999666536, 41.408393000436774 ], [ 38.089277999680121, 41.281842000208314 ], [ 39.197563000032574, 41.219367999733549 ], [ 39.836840999812466, 41.264504000159661 ], [ 40.423853999562596, 41.289054000042256 ], [ 41.155198000187738, 41.496453000006113 ], [ 42.864994999819544, 41.94317800006479 ], [ 42.910809000035499, 41.943002000042441 ], [ 42.944070999677081, 41.935042999934637 ], [ 42.984948999796643, 41.917294999864509 ], [ 43.252025999900127, 41.785141000257113 ], [ 42.766937999689105, 41.627767999593686 ] ] ] } },
{ "type": "Feature", "properties": { "OBJECTID_1": 0.0, "LONC": 21.925, "LATC": 38.25, "IDAS": "GRAS976", "A": 3.0588, "B": 0.745, "TECREG": "Active", "TECTONICS": "Active Shallow Crust", "SS": 25, "NF": 50, "TF": 25, "MINDEPTH": 0, "HYPODEPTH1": 2, "HYPODEPTH2": 10, "HYPODEPTH3": 18, "MAXDEPTH": 20, "WHDEPTH1": 0.1, "WHDEPTH2": 0.4, "WHDEPTH3": 0.5, "MAXMAG01": 7.5, "MAXMAG02": 7.7, "MAXMAG03": 7.9, "MAXMAG04": 8.1, "WMAXMAG01": 0.5, "WMAXMAG02": 0.2, "WMAXMAG03": 0.2, "WMAXMAG04": 0.1, "STRIKE1": 65.3675, "STRIKE2": 104.610411, "STRIKE3": 253.542529, "STRIKE4": 288.026209, "DIP1": 57.402604, "DIP2": 56.564422, "DIP3": 54.182569, "DIP4": 41.811018, "DIRWEIGHT1": 0.160535, "DIRWEIGHT2": 0.301003, "DIRWEIGHT3": 0.170569, "DIRWEIGHT4": 0.367893 }, "geometry": { "type": "Polygon", "coordinates": [ [ [ 21.500000000299963, 38.499999999600448 ], [ 21.925000000349883, 38.499999999600448 ], [ 22.050000000100113, 38.499999999600448 ], [ 22.350000000399859, 38.499999999600448 ], [ 22.800000000399848, 38.499999999600448 ], [ 23.149999999700412, 38.250000000100101 ], [ 23.49999999990024, 37.999999999700378 ], [ 23.124999999750344, 37.825000000050125 ], [ 22.749999999600448, 37.650000000399871 ], [ 22.550000000000182, 37.825000000050125 ], [ 22.350000000399859, 37.999999999700378 ], [ 21.816392000190831, 37.999999999700378 ], [ 21.733333000118023, 38.133332999718334 ], [ 21.500000000299963, 38.499999999600448 ] ] ] } },
{ "type": "Feature", "properties": { "OBJECTID_1": 0.0, "LONC": 21.3, "LATC": 36.850172, "IDAS": "GRAS975", "A": 3.9751, "B": 0.918, "TECREG": "Active", "TECTONICS": "Active Shallow Crust", "SS": 35, "NF": 15, "TF": 50, "MINDEPTH": 0, "HYPODEPTH1": 2, "HYPODEPTH2": 10, "HYPODEPTH3": 18, "MAXDEPTH": 50, "WHDEPTH1": 0.1, "WHDEPTH2": 0.4, "WHDEPTH3": 0.5, "MAXMAG01": 7.5, "MAXMAG02": 7.7, "MAXMAG03": 7.9, "MAXMAG04": 8.1, "WMAXMAG01": 0.5, "WMAXMAG02": 0.2, "WMAXMAG03": 0.2, "WMAXMAG04": 0.1, "STRIKE1": 0.0, "STRIKE2": 0.0, "STRIKE3": 216.172184, "STRIKE4": 291.6045, "DIP1": 0.0, "DIP2": 0.0, "DIP3": 75.687959, "DIP4": 22.9705, "DIRWEIGHT1": 0.0, "DIRWEIGHT2": 0.0, "DIRWEIGHT3": 0.960784, "DIRWEIGHT4": 0.039216 }, "geometry": { "type": "Polygon", "coordinates": [ [ [ 20.499999999600448, 37.099999999700401 ], [ 21.100000000199998, 37.59999999960047 ], [ 21.550119000291772, 37.10005500043809 ], [ 22.100000000000136, 36.500000000000171 ], [ 22.299999999600459, 36.274999999550516 ], [ 22.500000000100101, 36.050000000000182 ], [ 22.100000000000136, 35.824999999550528 ], [ 21.701664000193603, 35.60183600013147 ], [ 21.300537000282475, 36.100344999622223 ], [ 20.940679999682402, 36.549150000272448 ], [ 20.499999999600448, 37.099999999700401 ] ] ] } },
{ "type": "Feature", "properties": { "OBJECTID_1": 0.0, "LONC": 24.49653, "LATC": 34.349673, "IDAS": "GRAS974", "A": 4.3249, "B": 0.963, "TECREG": "Active", "TECTONICS": "Active Shallow Crust", "SS": 35, "NF": 15, "TF": 50, "MINDEPTH": 0, "HYPODEPTH1": 2, "HYPODEPTH2": 10, "HYPODEPTH3": 18, "MAXDEPTH": 50, "WHDEPTH1": 0.1, "WHDEPTH2": 0.4, "WHDEPTH3": 0.5, "MAXMAG01": 7.5, "MAXMAG02": 7.7, "MAXMAG03": 7.9, "MAXMAG04": 8.1, "WMAXMAG01": 0.5, "WMAXMAG02": 0.2, "WMAXMAG03": 0.2, "WMAXMAG04": 0.1, "STRIKE1": 0.0, "STRIKE2": 0.0, "STRIKE3": 0.0, "STRIKE4": 0.0, "DIP1": 0.0, "DIP2": 0.0, "DIP3": 0.0, "DIP4": 0.0, "DIRWEIGHT1": 0.0, "DIRWEIGHT2": 0.0, "DIRWEIGHT3": 0.0, "DIRWEIGHT4": 0.0 }, "geometry": { "type": "Polygon", "coordinates": [ [ [ 23.800140000360898, 34.200117000099624 ], [ 24.09999999960047, 34.449999999600493 ], [ 24.399999999900217, 34.700000000000159 ], [ 24.899999999800343, 34.700000000000159 ], [ 25.399999999700412, 34.700000000000159 ], [ 25.899999999600482, 34.700000000000159 ], [ 26.400000000399871, 34.700000000000159 ], [ 26.400000000399871, 34.349999999800332 ], [ 26.400040000445813, 34.000263000037592 ], [ 26.349548000340121, 34.000241999968466 ], [ 25.192920000058109, 34.005788000316102 ], [ 24.210896000050525, 33.999346000018079 ], [ 23.800140000360898, 34.200117000099624 ] ] ] } },
{ "type": "Feature", "properties": { "OBJECTID_1": 0.0, "LONC": 25.963423, "LATC": 40.375031, "IDAS": "GRAS973", "A": 2.9737, "B": 0.8, "TECREG": "Active", "TECTONICS": "Active Shallow Crust", "SS": 40, "NF": 60, "TF": 0, "MINDEPTH": 0, "HYPODEPTH1": 2, "HYPODEPTH2": 10, "HYPODEPTH3": 18, "MAXDEPTH": 20, "WHDEPTH1": 0.1, "WHDEPTH2": 0.4, "WHDEPTH3": 0.5, "MAXMAG01": 8.0, "MAXMAG02": 8.2, "MAXMAG03": 8.4, "MAXMAG04": 8.6, "WMAXMAG01": 0.5, "WMAXMAG02": 0.2, "WMAXMAG03": 0.2, "WMAXMAG04": 0.1, "STRIKE1": 66.499139, "STRIKE2": 101.507063, "STRIKE3": 242.709131, "STRIKE4": 286.437533, "DIP1": 67.476584, "DIP2": 69.789938, "DIP3": 70.262016, "DIP4": 54.7368, "DIRWEIGHT1": 0.65283, "DIRWEIGHT2": 0.060377, "DIRWEIGHT3": 0.230189, "DIRWEIGHT4": 0.056604 }, "geometry": { "type": "Polygon", "coordinates": [ [ [ 25.700000000000159, 40.599999999900263 ], [ 25.999652000439653, 40.650061999961508 ], [ 26.226846999589497, 40.243519000301774 ], [ 26.000000000299963, 40.184999999650415 ], [ 25.700000000000159, 40.100000000000193 ], [ 24.949999999700367, 39.900000000399871 ], [ 24.499999999700378, 40.199999999800298 ], [ 25.700000000000159, 40.599999999900263 ] ] ] } },
{ "type": "Feature", "properties": { "OBJECTID_1": 0.0, "LONC": 7.807582, "LATC": 47.382789, "IDAS": "CHAS970", "A": 2.5438, "B": 1.03, "TECREG": "Active", "TECTONICS": "Active Shallow Crust", "SS": 70, "NF": 25, "TF": 5, "MINDEPTH": 3, "HYPODEPTH1": 2, "HYPODEPTH2": 10, "HYPODEPTH3": 17, "MAXDEPTH": 17, "WHDEPTH1": 0.1, "WHDEPTH2": 0.4, "WHDEPTH3": 0.5, "MAXMAG01": 6.9, "MAXMAG02": 7.1, "MAXMAG03": 7.3, "MAXMAG04": 7.5, "WMAXMAG01": 0.5, "WMAXMAG02": 0.2, "WMAXMAG03": 0.2, "WMAXMAG04": 0.1, "STRIKE1": 0.0, "STRIKE2": 0.0, "STRIKE3": 0.0, "STRIKE4": 0.0, "DIP1": 0.0, "DIP2": 0.0, "DIP3": 0.0, "DIP4": 0.0, "DIRWEIGHT1": 0.0, "DIRWEIGHT2": 0.0, "DIRWEIGHT3": 0.0, "DIRWEIGHT4": 0.0 }, "geometry": { "type": "Polygon", "coordinates": [ [ [ 7.336355000083358, 47.450890000273489 ], [ 7.514526000274827, 47.453843999800938 ], [ 7.741119000441699, 47.443911000392518 ], [ 7.742736000366278, 47.530644999966967 ], [ 7.742946000157929, 47.600013000000104 ], [ 8.271777000408406, 47.60510700018807 ], [ 8.302453000405819, 47.605095999680827 ], [ 8.320428000152219, 47.327377999894964 ], [ 8.423403000448275, 47.121191000064755 ], [ 8.200286999645471, 47.053186999980255 ], [ 7.871795000239217, 46.890990999934843 ], [ 7.533134000433961, 46.814007000322988 ], [ 7.485766999647467, 47.160471000236612 ], [ 7.34520399986485, 47.258817000204544 ], [ 7.294735999966576, 47.294380999883401 ], [ 7.336355000083358, 47.450890000273489 ] ] ] } },
{ "type": "Feature", "properties": { "OBJECTID_1": 0.0, "LONC": 0.635522, "LATC": 42.192932, "IDAS": "ESAS971", "A": 1.3968, "B": 1.03, "TECREG": "Active", "TECTONICS": "Active Shallow Crust", "SS": 30, "NF": 30, "TF": 40, "MINDEPTH": 0, "HYPODEPTH1": 2, "HYPODEPTH2": 10, "HYPODEPTH3": 18, "MAXDEPTH": 20, "WHDEPTH1": 0.1, "WHDEPTH2": 0.4, "WHDEPTH3": 0.5, "MAXMAG01": 6.8, "MAXMAG02": 7.0, "MAXMAG03": 7.2, "MAXMAG04": 7.4, "WMAXMAG01": 0.5, "WMAXMAG02": 0.2, "WMAXMAG03": 0.2, "WMAXMAG04": 0.1, "STRIKE1": 0.0, "STRIKE2": 0.0, "STRIKE3": 0.0, "STRIKE4": 0.0, "DIP1": 0.0, "DIP2": 0.0, "DIP3": 0.0, "DIP4": 0.0, "DIRWEIGHT1": 0.0, "DIRWEIGHT2": 0.0, "DIRWEIGHT3": 0.0, "DIRWEIGHT4": 0.0 }, "geometry": { "type": "Polygon", "coordinates": [ [ [ -0.19505399984206, 42.030079000145918 ], [ -0.521249000340958, 42.751361999956487 ], [ 0.002583999652018, 42.729017000134604 ], [ 0.256039000199848, 42.645573000293894 ], [ 0.854311000252608, 42.362932000111869 ], [ 1.295671000216657, 42.29024299981478 ], [ 1.535856000354272, 42.252337000052648 ], [ 2.117205999757232, 42.195946999554565 ], [ 2.307903000223462, 42.197879999662405 ], [ 2.241329999579989, 42.0752189998571 ], [ 2.086434999875507, 41.860104000199613 ], [ 1.683237999833977, 41.634500999821455 ], [ 1.053695000224252, 41.510368999629804 ], [ 0.500142000253277, 41.113119000441657 ], [ 0.305769000239309, 40.974737999659112 ], [ 0.123816000108491, 40.845199000133903 ], [ -0.565123000126221, 41.107515000117303 ], [ -0.890391000144405, 41.488141999853553 ], [ -1.131235000094989, 41.542434999875525 ], [ -1.838392999637051, 42.112164000268592 ], [ -2.103850999723704, 42.260432000136859 ], [ -2.4206260001896, 42.438745999728269 ], [ -1.173931000415166, 42.434320999814474 ], [ -0.19505399984206, 42.030079000145918 ] ] ] } },
{ "type": "Feature", "properties": { "OBJECTID_1": 44.0, "LONC": -0.25, "LATC": 65.45, "IDAS": "FOAS044", "A": 1.5141, "B": 1.0, "TECREG": "OC", "TECTONICS": "Active Shallow Crust", "SS": 30, "NF": 50, "TF": 20, "MINDEPTH": 0, "HYPODEPTH1": 2, "HYPODEPTH2": 10, "HYPODEPTH3": 18, "MAXDEPTH": 34, "WHDEPTH1": 0.1, "WHDEPTH2": 0.4, "WHDEPTH3": 0.5, "MAXMAG01": 6.0, "MAXMAG02": 6.2, "MAXMAG03": 6.4, "MAXMAG04": 6.6, "WMAXMAG01": 0.5, "WMAXMAG02": 0.2, "WMAXMAG03": 0.2, "WMAXMAG04": 0.1, "STRIKE1": 0.0, "STRIKE2": 0.0, "STRIKE3": 0.0, "STRIKE4": 0.0, "DIP1": 0.0, "DIP2": 0.0, "DIP3": 0.0, "DIP4": 0.0, "DIRWEIGHT1": 0.0, "DIRWEIGHT2": 0.0, "DIRWEIGHT3": 0.0, "DIRWEIGHT4": 0.0 }, "geometry": { "type": "Polygon", "coordinates": [ [ [ 0.000000000100101, 67.40000000029994 ], [ 3.000000000399837, 65.499999999600448 ], [ -2.000000000399552, 63.500000000000171 ], [ -3.50000000009976, 65.499999999600448 ], [ 0.000000000100101, 67.40000000029994 ] ] ] } },
{ "type": "Feature", "properties": { "OBJECTID_1": 45.0, "LONC": 10.75, "LATC": 71.35, "IDAS": "NOAS045", "A": 4.0, "B": 1.0, "TECREG": "OC", "TECTONICS": "Active Shallow Crust", "SS": 30, "NF": 50, "TF": 20, "MINDEPTH": 0, "HYPODEPTH1": 2, "HYPODEPTH2": 10, "HYPODEPTH3": 18, "MAXDEPTH": 34, "WHDEPTH1": 0.1, "WHDEPTH2": 0.4, "WHDEPTH3": 0.5, "MAXMAG01": 6.0, "MAXMAG02": 6.2, "MAXMAG03": 6.4, "MAXMAG04": 6.6, "WMAXMAG01": 0.5, "WMAXMAG02": 0.2, "WMAXMAG03": 0.2, "WMAXMAG04": 0.1, "STRIKE1": 0.0, "STRIKE2": 0.0, "STRIKE3": 0.0, "STRIKE4": 0.0, "DIP1": 0.0, "DIP2": 0.0, "DIP3": 0.0, "DIP4": 0.0, "DIRWEIGHT1": 0.0, "DIRWEIGHT2": 0.0, "DIRWEIGHT3": 0.0, "DIRWEIGHT4": 0.0 }, "geometry": { "type": "Polygon", "coordinates": [ [ [ 5.49999999990024, 70.500000000399893 ], [ 5.49999999990024, 72.000000000100101 ], [ 14.000000000000171, 73.499999999800309 ], [ 15.999999999600448, 69.999999999600448 ], [ 10.999999999700378, 69.200000000299951 ], [ 5.49999999990024, 70.500000000399893 ] ] ] } },
{ "type": "Feature", "properties": { "OBJECTID_1": 46.0, "LONC": 5.5, "LATC": 67.675, "IDAS": "NOAS046", "A": 1.848, "B": 1.0, "TECREG": "OC", "TECTONICS": "Active Shallow Crust", "SS": 30, "NF": 50, "TF": 20, "MINDEPTH": 0, "HYPODEPTH1": 2, "HYPODEPTH2": 10, "HYPODEPTH3": 18, "MAXDEPTH": 34, "WHDEPTH1": 0.1, "WHDEPTH2": 0.4, "WHDEPTH3": 0.5, "MAXMAG01": 6.0, "MAXMAG02": 6.2, "MAXMAG03": 6.4, "MAXMAG04": 6.6, "WMAXMAG01": 0.5, "WMAXMAG02": 0.2, "WMAXMAG03": 0.2, "WMAXMAG04": 0.1, "STRIKE1": 0.0, "STRIKE2": 0.0, "STRIKE3": 0.0, "STRIKE4": 0.0, "DIP1": 0.0, "DIP2": 0.0, "DIP3": 0.0, "DIP4": 0.0, "DIRWEIGHT1": 0.0, "DIRWEIGHT2": 0.0, "DIRWEIGHT3": 0.0, "DIRWEIGHT4": 0.0 }, "geometry": { "type": "Polygon", "coordinates": [ [ [ 0.000000000100101, 67.40000000029994 ], [ 5.49999999990024, 70.500000000399893 ], [ 10.999999999700378, 69.200000000299951 ], [ 10.500146000237862, 67.970089000207338 ], [ 9.350000000299929, 67.599999999900263 ], [ 5.000000000000171, 66.24999999990024 ], [ 4.000000000200032, 64.850000000000193 ], [ 3.000000000399837, 65.499999999600448 ], [ 0.000000000100101, 67.40000000029994 ] ] ] } },
{ "type": "Feature", "properties": { "OBJECTID_1": 50.0, "LONC": 0.5, "LATC": 63.75, "IDAS": "NOAS050", "A": 1.2934, "B": 1.0, "TECREG": "OC", "TECTONICS": "Active Shallow Crust", "SS": 20, "NF": 25, "TF": 55, "MINDEPTH": 0, "HYPODEPTH1": 2, "HYPODEPTH2": 10, "HYPODEPTH3": 18, "MAXDEPTH": 34, "WHDEPTH1": 0.1, "WHDEPTH2": 0.4, "WHDEPTH3": 0.5, "MAXMAG01": 6.0, "MAXMAG02": 6.2, "MAXMAG03": 6.4, "MAXMAG04": 6.6, "WMAXMAG01": 0.5, "WMAXMAG02": 0.2, "WMAXMAG03": 0.2, "WMAXMAG04": 0.1, "STRIKE1": 0.0, "STRIKE2": 0.0, "STRIKE3": 0.0, "STRIKE4": 0.0, "DIP1": 0.0, "DIP2": 0.0, "DIP3": 0.0, "DIP4": 0.0, "DIRWEIGHT1": 0.0, "DIRWEIGHT2": 0.0, "DIRWEIGHT3": 0.0, "DIRWEIGHT4": 0.0 }, "geometry": { "type": "Polygon", "coordinates": [ [ [ -3.000000000199691, 63.000000000100101 ], [ -2.000000000399552, 63.500000000000171 ], [ 3.000000000399837, 65.499999999600448 ], [ 4.000000000200032, 64.850000000000193 ], [ -2.500000000299622, 62.000000000299963 ], [ -3.000000000199691, 63.000000000100101 ] ] ] } },
{ "type": "Feature", "properties": { "OBJECTID_1": 59.0, "LONC": -30.752, "LATC": 58.525, "IDAS": "ISAS059", "A": 5.4, "B": 1.1, "TECREG": "Ridge", "TECTONICS": "Active Shallow Crust", "SS": 50, "NF": 40, "TF": 10, "MINDEPTH": 0, "HYPODEPTH1": 2, "HYPODEPTH2": 10, "HYPODEPTH3": 0, "MAXDEPTH": 10, "WHDEPTH1": 0.3, "WHDEPTH2": 0.7, "WHDEPTH3": 0.0, "MAXMAG01": 7.9, "MAXMAG02": 8.1, "MAXMAG03": 8.3, "MAXMAG04": 8.5, "WMAXMAG01": 0.5, "WMAXMAG02": 0.2, "WMAXMAG03": 0.2, "WMAXMAG04": 0.1, "STRIKE1": 0.0, "STRIKE2": 0.0, "STRIKE3": 0.0, "STRIKE4": 0.0, "DIP1": 0.0, "DIP2": 0.0, "DIP3": 0.0, "DIP4": 0.0, "DIRWEIGHT1": 0.0, "DIRWEIGHT2": 0.0, "DIRWEIGHT3": 0.0, "DIRWEIGHT4": 0.0 }, "geometry": { "type": "Polygon", "coordinates": [ [ [ -24.287953952512737, 64.656114124967075 ], [ -23.240000000399561, 64.149999999600482 ], [ -23.105872629218311, 63.5056813051483 ], [ -25.117866090581174, 61.500000000000504 ], [ -31.934466789010969, 56.328916044739856 ], [ -31.820252660731569, 59.679197140935457 ], [ -24.287953952512737, 64.656114124967075 ] ] ] } },
{ "type": "Feature", "properties": { "OBJECTID_1": 60.0, "LONC": -32.9, "LATC": 52.650328, "IDAS": "ZZAS060", "A": 2.985, "B": 0.951, "TECREG": "Ridge", "TECTONICS": "Active Shallow Crust", "SS": 2, "NF": 98, "TF": 0, "MINDEPTH": 0, "HYPODEPTH1": 2, "HYPODEPTH2": 10, "HYPODEPTH3": 18, "MAXDEPTH": 10, "WHDEPTH1": 0.1, "WHDEPTH2": 0.4, "WHDEPTH3": 0.5, "MAXMAG01": 7.9, "MAXMAG02": 8.1, "MAXMAG03": 8.3, "MAXMAG04": 8.5, "WMAXMAG01": 0.5, "WMAXMAG02": 0.2, "WMAXMAG03": 0.2, "WMAXMAG04": 0.1, "STRIKE1": 0.0, "STRIKE2": 0.0, "STRIKE3": 0.0, "STRIKE4": 0.0, "DIP1": 0.0, "DIP2": 0.0, "DIP3": 0.0, "DIP4": 0.0, "DIRWEIGHT1": 0.0, "DIRWEIGHT2": 0.0, "DIRWEIGHT3": 0.0, "DIRWEIGHT4": 0.0 }, "geometry": { "type": "Polygon", "coordinates": [ [ [ -31.898292595726559, 52.900272681239414 ], [ -29.90000000039953, 52.899999999600482 ], [ -29.90000000039953, 52.399999999700412 ], [ -32.199587000139786, 52.400015000392102 ], [ -31.898292595726559, 52.900272681239414 ] ] ] } },
{ "type": "Feature", "properties": { "OBJECTID_1": 61.0, "LONC": -28.559876, "LATC": 49.200004, "IDAS": "ZZAS061", "A": 4.887, "B": 0.997, "TECREG": "Ridge", "TECTONICS": "Active Shallow Crust", "SS": 33, "NF": 33, "TF": 34, "MINDEPTH": 0, "HYPODEPTH1": 2, "HYPODEPTH2": 10, "HYPODEPTH3": 18, "MAXDEPTH": 10, "WHDEPTH1": 0.1, "WHDEPTH2": 0.4, "WHDEPTH3": 0.5, "MAXMAG01": 7.9, "MAXMAG02": 8.1, "MAXMAG03": 8.3, "MAXMAG04": 8.5, "WMAXMAG01": 0.5, "WMAXMAG02": 0.2, "WMAXMAG03": 0.2, "WMAXMAG04": 0.1, "STRIKE1": 0.0, "STRIKE2": 0.0, "STRIKE3": 0.0, "STRIKE4": 0.0, "DIP1": 0.0, "DIP2": 0.0, "DIP3": 0.0, "DIP4": 0.0, "DIRWEIGHT1": 0.0, "DIRWEIGHT2": 0.0, "DIRWEIGHT3": 0.0, "DIRWEIGHT4": 0.0 }, "geometry": { "type": "Polygon", "coordinates": [ [ [ -32.199587000139786, 52.400015000392102 ], [ -29.90000000039953, 52.399999999700412 ], [ -26.999999999899899, 48.500000000299963 ], [ -27.008899000188535, 46.000007000223036 ], [ -27.998325999844837, 45.999993999623541 ], [ -29.117866090581231, 48.400000000000318 ], [ -32.199587000139786, 52.400015000392102 ] ] ] } },
{ "type": "Feature", "properties": { "OBJECTID_1": 62.0, "LONC": -20.45, "LATC": 54.819196, "IDAS": "IEAS062", "A": 3.5, "B": 1.0, "TECREG": "OC", "TECTONICS": "Active Shallow Crust", "SS": 40, "NF": 40, "TF": 20, "MINDEPTH": 0, "HYPODEPTH1": 2, "HYPODEPTH2": 10, "HYPODEPTH3": 18, "MAXDEPTH": 20, "WHDEPTH1": 0.1, "WHDEPTH2": 0.4, "WHDEPTH3": 0.5, "MAXMAG01": 6.2, "MAXMAG02": 6.4, "MAXMAG03": 6.6, "MAXMAG04": 6.8, "WMAXMAG01": 0.5, "WMAXMAG02": 0.2, "WMAXMAG03": 0.2, "WMAXMAG04": 0.1, "STRIKE1": 0.0, "STRIKE2": 0.0, "STRIKE3": 0.0, "STRIKE4": 0.0, "DIP1": 0.0, "DIP2": 0.0, "DIP3": 0.0, "DIP4": 0.0, "DIRWEIGHT1": 0.0, "DIRWEIGHT2": 0.0, "DIRWEIGHT3": 0.0, "DIRWEIGHT4": 0.0 }, "geometry": { "type": "Polygon", "coordinates": [ [ [ -23.105872629218311, 63.5056813051483 ], [ -22.772350000352048, 63.510488999867619 ], [ -22.260578999920767, 63.561183000295387 ], [ -21.441191999610908, 63.642836000281363 ], [ -19.712765999750957, 63.553323000256398 ], [ -18.958028000391721, 63.502434999875504 ], [ -14.999999999600163, 63.500000000000171 ], [ -7.500000000199691, 58.659999999600473 ], [ -11.000000000399552, 54.500000000000171 ], [ -11.000000000399552, 51.999999999600448 ], [ -5.999999999600163, 49.850000000299929 ], [ -5.999999999600163, 48.25005999996921 ], [ -6.000285000152473, 45.995557000055669 ], [ -27.008899000188535, 46.000007000223036 ], [ -26.999999999899899, 48.500000000299963 ], [ -29.90000000039953, 52.399999999700412 ], [ -29.90000000039953, 52.899999999600482 ], [ -31.898292595726559, 52.900272681239414 ], [ -31.934466789010969, 56.328916044739856 ], [ -25.117866090581174, 61.500000000000504 ], [ -23.105872629218311, 63.5056813051483 ] ] ] } },
{ "type": "Feature", "properties": { "OBJECTID_1": 64.0, "LONC": -8.75, "LATC": 62.33, "IDAS": "FOAS064", "A": 2.7957, "B": 0.976, "TECREG": "OC", "TECTONICS": "Active Shallow Crust", "SS": 30, "NF": 50, "TF": 20, "MINDEPTH": 0, "HYPODEPTH1": 2, "HYPODEPTH2": 10, "HYPODEPTH3": 18, "MAXDEPTH": 20, "WHDEPTH1": 0.1, "WHDEPTH2": 0.4, "WHDEPTH3": 0.5, "MAXMAG01": 6.2, "MAXMAG02": 6.4, "MAXMAG03": 6.6, "MAXMAG04": 6.8, "WMAXMAG01": 0.5, "WMAXMAG02": 0.2, "WMAXMAG03": 0.2, "WMAXMAG04": 0.1, "STRIKE1": 0.0, "STRIKE2": 0.0, "STRIKE3": 0.0, "STRIKE4": 0.0, "DIP1": 0.0, "DIP2": 0.0, "DIP3": 0.0, "DIP4": 0.0, "DIRWEIGHT1": 0.0, "DIRWEIGHT2": 0.0, "DIRWEIGHT3": 0.0, "DIRWEIGHT4": 0.0 }, "geometry": { "type": "Polygon", "coordinates": [ [ [ -14.999999999600163, 63.500000000000171 ], [ -12.000000000199691, 66.000000000399893 ], [ -3.000000000199691, 63.000000000100101 ], [ -2.500000000299622, 62.000000000299963 ], [ -5.250000000199691, 59.999999999800309 ], [ -7.500000000199691, 58.659999999600473 ], [ -14.999999999600163, 63.500000000000171 ] ] ] } },
{ "type": "Feature", "properties": { "OBJECTID_1": 65.0, "LONC": -18.185, "LATC": 66.16, "IDAS": "ISAS065", "A": 4.2, "B": 1.0, "TECREG": "Ridge", "TECTONICS": "Active Shallow Crust", "SS": 50, "NF": 40, "TF": 10, "MINDEPTH": 0, "HYPODEPTH1": 2, "HYPODEPTH2": 10, "HYPODEPTH3": 18, "MAXDEPTH": 10, "WHDEPTH1": 0.1, "WHDEPTH2": 0.4, "WHDEPTH3": 0.5, "MAXMAG01": 7.4, "MAXMAG02": 7.6, "MAXMAG03": 7.8, "MAXMAG04": 8.0, "WMAXMAG01": 0.5, "WMAXMAG02": 0.2, "WMAXMAG03": 0.2, "WMAXMAG04": 0.1, "STRIKE1": 0.0, "STRIKE2": 0.0, "STRIKE3": 0.0, "STRIKE4": 0.0, "DIP1": 0.0, "DIP2": 0.0, "DIP3": 0.0, "DIP4": 0.0, "DIRWEIGHT1": 0.0, "DIRWEIGHT2": 0.0, "DIRWEIGHT3": 0.0, "DIRWEIGHT4": 0.0 }, "geometry": { "type": "Polygon", "coordinates": [ [ [ -19.820000000399546, 66.219999999600475 ], [ -18.309999999999832, 66.590000000299938 ], [ -16.550000000099772, 66.270000000399875 ], [ -17.00999999989989, 65.730000000399855 ], [ -18.380000000399548, 65.939999999800307 ], [ -19.820000000399546, 66.219999999600475 ] ] ] } },
{ "type": "Feature", "properties": { "OBJECTID_1": 66.0, "LONC": -19.065, "LATC": 66.61, "IDAS": "ISAS066", "A": 4.4, "B": 1.0, "TECREG": "Ridge", "TECTONICS": "Active Shallow Crust", "SS": 50, "NF": 40, "TF": 10, "MINDEPTH": 0, "HYPODEPTH1": 2, "HYPODEPTH2": 10, "HYPODEPTH3": 18, "MAXDEPTH": 10, "WHDEPTH1": 0.1, "WHDEPTH2": 0.4, "WHDEPTH3": 0.5, "MAXMAG01": 7.4, "MAXMAG02": 7.6, "MAXMAG03": 7.8, "MAXMAG04": 8.0, "WMAXMAG01": 0.5, "WMAXMAG02": 0.2, "WMAXMAG03": 0.2, "WMAXMAG04": 0.1, "STRIKE1": 0.0, "STRIKE2": 0.0, "STRIKE3": 0.0, "STRIKE4": 0.0, "DIP1": 0.0, "DIP2": 0.0, "DIP3": 0.0, "DIP4": 0.0, "DIRWEIGHT1": 0.0, "DIRWEIGHT2": 0.0, "DIRWEIGHT3": 0.0, "DIRWEIGHT4": 0.0 }, "geometry": { "type": "Polygon", "coordinates": [ [ [ -19.820000000399546, 66.219999999600475 ], [ -19.820000000399546, 67.000000000200032 ], [ -18.319999999800018, 67.000000000200032 ], [ -18.309999999999832, 66.590000000299938 ], [ -19.820000000399546, 66.219999999600475 ] ] ] } },
{ "type": "Feature", "properties": { "OBJECTID_1": 67.0, "LONC": -16.605, "LATC": 65.555, "IDAS": "ISAS067", "A": 4.1, "B": 1.0, "TECREG": "Ridge", "TECTONICS": "Active Shallow Crust", "SS": 50, "NF": 40, "TF": 10, "MINDEPTH": 0, "HYPODEPTH1": 2, "HYPODEPTH2": 10, "HYPODEPTH3": 18, "MAXDEPTH": 10, "WHDEPTH1": 0.1, "WHDEPTH2": 0.4, "WHDEPTH3": 0.5, "MAXMAG01": 7.4, "MAXMAG02": 7.6, "MAXMAG03": 7.8, "MAXMAG04": 8.0, "WMAXMAG01": 0.5, "WMAXMAG02": 0.2, "WMAXMAG03": 0.2, "WMAXMAG04": 0.1, "STRIKE1": 0.0, "STRIKE2": 0.0, "STRIKE3": 0.0, "STRIKE4": 0.0, "DIP1": 0.0, "DIP2": 0.0, "DIP3": 0.0, "DIP4": 0.0, "DIRWEIGHT1": 0.0, "DIRWEIGHT2": 0.0, "DIRWEIGHT3": 0.0, "DIRWEIGHT4": 0.0 }, "geometry": { "type": "Polygon", "coordinates": [ [ [ -17.00999999989989, 65.730000000399855 ], [ -16.550000000099772, 66.270000000399875 ], [ -16.199999999899944, 64.840000000200007 ], [ -16.919999999899915, 64.989999999900249 ], [ -17.00999999989989, 65.730000000399855 ] ] ] } },
{ "type": "Feature", "properties": { "OBJECTID_1": 68.0, "LONC": -17.57, "LATC": 64.32, "IDAS": "ISAS068", "A": 3.3, "B": 0.8, "TECREG": "Ridge", "TECTONICS": "Active Shallow Crust", "SS": 50, "NF": 40, "TF": 10, "MINDEPTH": 0, "HYPODEPTH1": 2, "HYPODEPTH2": 10, "HYPODEPTH3": 18, "MAXDEPTH": 10, "WHDEPTH1": 0.1, "WHDEPTH2": 0.4, "WHDEPTH3": 0.5, "MAXMAG01": 7.4, "MAXMAG02": 7.6, "MAXMAG03": 7.8, "MAXMAG04": 8.0, "WMAXMAG01": 0.5, "WMAXMAG02": 0.2, "WMAXMAG03": 0.2, "WMAXMAG04": 0.1, "STRIKE1": 0.0, "STRIKE2": 0.0, "STRIKE3": 0.0, "STRIKE4": 0.0, "DIP1": 0.0, "DIP2": 0.0, "DIP3": 0.0, "DIP4": 0.0, "DIRWEIGHT1": 0.0, "DIRWEIGHT2": 0.0, "DIRWEIGHT3": 0.0, "DIRWEIGHT4": 0.0 }, "geometry": { "type": "Polygon", "coordinates": [ [ [ -18.939999999999827, 64.020000000399875 ], [ -17.56252229523799, 64.776294412320908 ], [ -16.919999999899915, 64.989999999900249 ], [ -16.199999999899944, 64.840000000200007 ], [ -18.750000000199691, 63.649999999700412 ], [ -18.939999999999827, 64.020000000399875 ] ] ] } },
{ "type": "Feature", "properties": { "OBJECTID_1": 69.0, "LONC": -19.231383, "LATC": 63.761218, "IDAS": "ISAS069", "A": 4.0, "B": 1.0, "TECREG": "Ridge", "TECTONICS": "Active Shallow Crust", "SS": 50, "NF": 40, "TF": 10, "MINDEPTH": 0, "HYPODEPTH1": 2, "HYPODEPTH2": 10, "HYPODEPTH3": 18, "MAXDEPTH": 10, "WHDEPTH1": 0.1, "WHDEPTH2": 0.4, "WHDEPTH3": 0.5, "MAXMAG01": 7.4, "MAXMAG02": 7.6, "MAXMAG03": 7.8, "MAXMAG04": 8.0, "WMAXMAG01": 0.5, "WMAXMAG02": 0.2, "WMAXMAG03": 0.2, "WMAXMAG04": 0.1, "STRIKE1": 0.0, "STRIKE2": 0.0, "STRIKE3": 0.0, "STRIKE4": 0.0, "DIP1": 0.0, "DIP2": 0.0, "DIP3": 0.0, "DIP4": 0.0, "DIRWEIGHT1": 0.0, "DIRWEIGHT2": 0.0, "DIRWEIGHT3": 0.0, "DIRWEIGHT4": 0.0 }, "geometry": { "type": "Polygon", "coordinates": [ [ [ -19.712765999750957, 63.553323000256398 ], [ -19.700000000099749, 64.009999999700369 ], [ -18.939999999999827, 64.020000000399875 ], [ -18.750000000199691, 63.649999999700412 ], [ -18.958028000391721, 63.502434999875504 ], [ -19.712765999750957, 63.553323000256398 ] ] ] } },
{ "type": "Feature", "properties": { "OBJECTID_1": 70.0, "LONC": -21.6, "LATC": 63.825, "IDAS": "ISAS070", "A": 3.4, "B": 0.8, "TECREG": "Ridge", "TECTONICS": "Active Shallow Crust", "SS": 50, "NF": 40, "TF": 10, "MINDEPTH": 0, "HYPODEPTH1": 2, "HYPODEPTH2": 10, "HYPODEPTH3": 18, "MAXDEPTH": 10, "WHDEPTH1": 0.1, "WHDEPTH2": 0.4, "WHDEPTH3": 0.5, "MAXMAG01": 7.4, "MAXMAG02": 7.6, "MAXMAG03": 7.8, "MAXMAG04": 8.0, "WMAXMAG01": 0.5, "WMAXMAG02": 0.2, "WMAXMAG03": 0.2, "WMAXMAG04": 0.1, "STRIKE1": 0.0, "STRIKE2": 0.0, "STRIKE3": 0.0, "STRIKE4": 0.0, "DIP1": 0.0, "DIP2": 0.0, "DIP3": 0.0, "DIP4": 0.0, "DIRWEIGHT1": 0.0, "DIRWEIGHT2": 0.0, "DIRWEIGHT3": 0.0, "DIRWEIGHT4": 0.0 }, "geometry": { "type": "Polygon", "coordinates": [ [ [ -23.105872629218311, 63.5056813051483 ], [ -23.240000000399561, 64.149999999600482 ], [ -21.369999999999834, 64.149999999600482 ], [ -20.690000000099758, 64.009999999700369 ], [ -19.700000000099749, 64.009999999700369 ], [ -19.712765999750957, 63.553323000256398 ], [ -21.441191999610908, 63.642836000281363 ], [ -22.260578999920767, 63.561183000295387 ], [ -22.772350000352048, 63.510488999867619 ], [ -23.105872629218311, 63.5056813051483 ] ] ] } },
{ "type": "Feature", "properties": { "OBJECTID_1": 71.0, "LONC": -20.9, "LATC": 64.385, "IDAS": "ISAS071", "A": 3.1, "B": 0.9, "TECREG": "Ridge", "TECTONICS": "Active Shallow Crust", "SS": 50, "NF": 40, "TF": 10, "MINDEPTH": 0, "HYPODEPTH1": 2, "HYPODEPTH2": 10, "HYPODEPTH3": 18, "MAXDEPTH": 10, "WHDEPTH1": 0.1, "WHDEPTH2": 0.4, "WHDEPTH3": 0.5, "MAXMAG01": 7.4, "MAXMAG02": 7.6, "MAXMAG03": 7.8, "MAXMAG04": 8.0, "WMAXMAG01": 0.5, "WMAXMAG02": 0.2, "WMAXMAG03": 0.2, "WMAXMAG04": 0.1, "STRIKE1": 0.0, "STRIKE2": 0.0, "STRIKE3": 0.0, "STRIKE4": 0.0, "DIP1": 0.0, "DIP2": 0.0, "DIP3": 0.0, "DIP4": 0.0, "DIRWEIGHT1": 0.0, "DIRWEIGHT2": 0.0, "DIRWEIGHT3": 0.0, "DIRWEIGHT4": 0.0 }, "geometry": { "type": "Polygon", "coordinates": [ [ [ -21.369999999999834, 64.149999999600482 ], [ -21.230000000099778, 64.369999999700383 ], [ -21.270000000199673, 64.61000000029992 ], [ -20.500000000299622, 64.760000000000161 ], [ -20.429999999899906, 64.560000000399896 ], [ -20.510000000099751, 64.300000000200043 ], [ -20.690000000099758, 64.009999999700369 ], [ -21.369999999999834, 64.149999999600482 ] ] ] } },
{ "type": "Feature", "properties": { "OBJECTID_1": 72.0, "LONC": -21.9, "LATC": 64.762, "IDAS": "ISAS072", "A": 2.9, "B": 1.0, "TECREG": "Ridge", "TECTONICS": "Active Shallow Crust", "SS": 50, "NF": 40, "TF": 10, "MINDEPTH": 0, "HYPODEPTH1": 2, "HYPODEPTH2": 10, "HYPODEPTH3": 18, "MAXDEPTH": 10, "WHDEPTH1": 0.1, "WHDEPTH2": 0.4, "WHDEPTH3": 0.5, "MAXMAG01": 7.4, "MAXMAG02": 7.6, "MAXMAG03": 7.8, "MAXMAG04": 8.0, "WMAXMAG01": 0.5, "WMAXMAG02": 0.2, "WMAXMAG03": 0.2, "WMAXMAG04": 0.1, "STRIKE1": 0.0, "STRIKE2": 0.0, "STRIKE3": 0.0, "STRIKE4": 0.0, "DIP1": 0.0, "DIP2": 0.0, "DIP3": 0.0, "DIP4": 0.0, "DIRWEIGHT1": 0.0, "DIRWEIGHT2": 0.0, "DIRWEIGHT3": 0.0, "DIRWEIGHT4": 0.0 }, "geometry": { "type": "Polygon", "coordinates": [ [ [ -20.500000000299622, 64.760000000000161 ], [ -21.270000000199673, 64.61000000029992 ], [ -21.569999999600157, 64.740000000399846 ], [ -22.279999999799998, 64.729999999700397 ], [ -22.909999999799993, 64.449999999900228 ], [ -23.300000000099772, 64.560000000399896 ], [ -22.840000000299597, 64.880000000299958 ], [ -21.950000000099749, 64.970000000299933 ], [ -21.080000000399536, 64.909999999700403 ], [ -20.500000000299622, 64.760000000000161 ] ] ] } },
{ "type": "Feature", "properties": { "OBJECTID_1": 73.0, "LONC": -17.435, "LATC": 66.635, "IDAS": "ISAS073", "A": 4.2, "B": 1.0, "TECREG": "Ridge", "TECTONICS": "Active Shallow Crust", "SS": 50, "NF": 40, "TF": 10, "MINDEPTH": 0, "HYPODEPTH1": 2, "HYPODEPTH2": 10, "HYPODEPTH3": 18, "MAXDEPTH": 10, "WHDEPTH1": 0.1, "WHDEPTH2": 0.4, "WHDEPTH3": 0.5, "MAXMAG01": 7.4, "MAXMAG02": 7.6, "MAXMAG03": 7.8, "MAXMAG04": 8.0, "WMAXMAG01": 0.5, "WMAXMAG02": 0.2, "WMAXMAG03": 0.2, "WMAXMAG04": 0.1, "STRIKE1": 0.0, "STRIKE2": 0.0, "STRIKE3": 0.0, "STRIKE4": 0.0, "DIP1": 0.0, "DIP2": 0.0, "DIP3": 0.0, "DIP4": 0.0, "DIRWEIGHT1": 0.0, "DIRWEIGHT2": 0.0, "DIRWEIGHT3": 0.0, "DIRWEIGHT4": 0.0 }, "geometry": { "type": "Polygon", "coordinates": [ [ [ -18.319999999800018, 67.000000000200032 ], [ -16.550000000099772, 67.000000000200032 ], [ -16.550000000099772, 66.270000000399875 ], [ -18.309999999999832, 66.590000000299938 ], [ -18.319999999800018, 67.000000000200032 ] ] ] } },
{ "type": "Feature", "properties": { "OBJECTID_1": 74.0, "LONC": -15.479014, "LATC": 65.25, "IDAS": "ISAS074", "A": 3.2, "B": 1.0, "TECREG": "Ridge", "TECTONICS": "Active Shallow Crust", "SS": 50, "NF": 40, "TF": 10, "MINDEPTH": 0, "HYPODEPTH1": 2, "HYPODEPTH2": 10, "HYPODEPTH3": 18, "MAXDEPTH": 10, "WHDEPTH1": 0.1, "WHDEPTH2": 0.4, "WHDEPTH3": 0.5, "MAXMAG01": 7.4, "MAXMAG02": 7.6, "MAXMAG03": 7.8, "MAXMAG04": 8.0, "WMAXMAG01": 0.5, "WMAXMAG02": 0.2, "WMAXMAG03": 0.2, "WMAXMAG04": 0.1, "STRIKE1": 0.0, "STRIKE2": 0.0, "STRIKE3": 0.0, "STRIKE4": 0.0, "DIP1": 0.0, "DIP2": 0.0, "DIP3": 0.0, "DIP4": 0.0, "DIRWEIGHT1": 0.0, "DIRWEIGHT2": 0.0, "DIRWEIGHT3": 0.0, "DIRWEIGHT4": 0.0 }, "geometry": { "type": "Polygon", "coordinates": [ [ [ -18.958028000391721, 63.502434999875504 ], [ -18.750000000199691, 63.649999999700412 ], [ -16.199999999899944, 64.840000000200007 ], [ -16.550000000099772, 66.270000000399875 ], [ -16.550000000099772, 67.000000000200032 ], [ -14.999999999600163, 67.000000000200032 ], [ -12.000000000199691, 66.000000000399893 ], [ -14.999999999600163, 63.500000000000171 ], [ -18.958028000391721, 63.502434999875504 ] ] ] } },
{ "type": "Feature", "properties": { "OBJECTID_1": 75.0, "LONC": -20.96, "LATC": 65.505, "IDAS": "ISAS075", "A": 3.5, "B": 1.0, "TECREG": "Ridge", "TECTONICS": "Active Shallow Crust", "SS": 50, "NF": 40, "TF": 10, "MINDEPTH": 0, "HYPODEPTH1": 2, "HYPODEPTH2": 10, "HYPODEPTH3": 18, "MAXDEPTH": 10, "WHDEPTH1": 0.1, "WHDEPTH2": 0.4, "WHDEPTH3": 0.5, "MAXMAG01": 7.4, "MAXMAG02": 7.6, "MAXMAG03": 7.8, "MAXMAG04": 8.0, "WMAXMAG01": 0.5, "WMAXMAG02": 0.2, "WMAXMAG03": 0.2, "WMAXMAG04": 0.1, "STRIKE1": 0.0, "STRIKE2": 0.0, "STRIKE3": 0.0, "STRIKE4": 0.0, "DIP1": 0.0, "DIP2": 0.0, "DIP3": 0.0, "DIP4": 0.0, "DIRWEIGHT1": 0.0, "DIRWEIGHT2": 0.0, "DIRWEIGHT3": 0.0, "DIRWEIGHT4": 0.0 }, "geometry": { "type": "Polygon", "coordinates": [ [ [ -19.820000000399546, 67.000000000200032 ], [ -19.820000000399546, 66.219999999600475 ], [ -18.380000000399548, 65.939999999800307 ], [ -17.00999999989989, 65.730000000399855 ], [ -16.919999999899915, 64.989999999900249 ], [ -17.56252229523799, 64.776294412320908 ], [ -18.939999999999827, 64.020000000399875 ], [ -19.700000000099749, 64.009999999700369 ], [ -20.690000000099758, 64.009999999700369 ], [ -20.510000000099751, 64.300000000200043 ], [ -20.429999999899906, 64.560000000399896 ], [ -20.500000000299622, 64.760000000000161 ], [ -21.080000000399536, 64.909999999700403 ], [ -21.950000000099749, 64.970000000299933 ], [ -22.840000000299597, 64.880000000299958 ], [ -23.300000000099772, 64.560000000399896 ], [ -22.909999999799993, 64.449999999900228 ], [ -22.279999999799998, 64.729999999700397 ], [ -21.569999999600157, 64.740000000399846 ], [ -21.270000000199673, 64.61000000029992 ], [ -21.230000000099778, 64.369999999700383 ], [ -21.369999999999834, 64.149999999600482 ], [ -23.240000000399561, 64.149999999600482 ], [ -25.000000000299622, 64.999999999700378 ], [ -25.000000000299622, 67.000000000200032 ], [ -19.820000000399546, 67.000000000200032 ] ] ] } },
{ "type": "Feature", "properties": { "OBJECTID_1": 76.0, "LONC": -16.524, "LATC": 69.345, "IDAS": "GLAS076", "A": 5.15, "B": 1.13, "TECREG": "Ridge", "TECTONICS": "Active Shallow Crust", "SS": 50, "NF": 40, "TF": 10, "MINDEPTH": 0, "HYPODEPTH1": 2, "HYPODEPTH2": 10, "HYPODEPTH3": 18, "MAXDEPTH": 10, "WHDEPTH1": 0.1, "WHDEPTH2": 0.4, "WHDEPTH3": 0.5, "MAXMAG01": 7.3, "MAXMAG02": 7.5, "MAXMAG03": 7.7, "MAXMAG04": 7.9, "WMAXMAG01": 0.5, "WMAXMAG02": 0.2, "WMAXMAG03": 0.2, "WMAXMAG04": 0.1, "STRIKE1": 0.0, "STRIKE2": 0.0, "STRIKE3": 0.0, "STRIKE4": 0.0, "DIP1": 0.0, "DIP2": 0.0, "DIP3": 0.0, "DIP4": 0.0, "DIRWEIGHT1": 0.0, "DIRWEIGHT2": 0.0, "DIRWEIGHT3": 0.0, "DIRWEIGHT4": 0.0 }, "geometry": { "type": "Polygon", "coordinates": [ [ [ -12.810000000199693, 71.690000000000168 ], [ -11.791957153099986, 71.393624173117246 ], [ -15.996555030290267, 69.283444969609832 ], [ -16.150855001656851, 68.623969276760874 ], [ -18.319999999800018, 67.000000000200032 ], [ -19.820000000399546, 67.000000000200032 ], [ -18.359999999899912, 69.11000000029992 ], [ -12.810000000199693, 71.690000000000168 ] ] ] } },
{ "type": "Feature", "properties": { "OBJECTID_1": 77.0, "LONC": -9.14, "LATC": 71.31, "IDAS": "SJAS077", "A": 3.7, "B": 0.8, "TECREG": "Ridge", "TECTONICS": "Active Shallow Crust", "SS": 50, "NF": 40, "TF": 10, "MINDEPTH": 0, "HYPODEPTH1": 2, "HYPODEPTH2": 10, "HYPODEPTH3": 18, "MAXDEPTH": 10, "WHDEPTH1": 0.1, "WHDEPTH2": 0.4, "WHDEPTH3": 0.5, "MAXMAG01": 7.3, "MAXMAG02": 7.5, "MAXMAG03": 7.7, "MAXMAG04": 7.9, "WMAXMAG01": 0.5, "WMAXMAG02": 0.2, "WMAXMAG03": 0.2, "WMAXMAG04": 0.1, "STRIKE1": 0.0, "STRIKE2": 0.0, "STRIKE3": 0.0, "STRIKE4": 0.0, "DIP1": 0.0, "DIP2": 0.0, "DIP3": 0.0, "DIP4": 0.0, "DIRWEIGHT1": 0.0, "DIRWEIGHT2": 0.0, "DIRWEIGHT3": 0.0, "DIRWEIGHT4": 0.0 }, "geometry": { "type": "Polygon", "coordinates": [ [ [ -8.275831000100425, 71.465304000079698 ], [ -5.470000000299592, 70.899999999600482 ], [ -7.079999999600147, 70.830000000100085 ], [ -11.791957153099986, 71.393624173117246 ], [ -12.810000000199693, 71.690000000000168 ], [ -10.039999999799988, 71.78999999980033 ], [ -8.275831000100425, 71.465304000079698 ] ] ] } },
{ "type": "Feature", "properties": { "OBJECTID_1": 78.0, "LONC": -3.872915, "LATC": 71.495, "IDAS": "NOAS078", "A": 5.2, "B": 1.1, "TECREG": "Ridge", "TECTONICS": "Active Shallow Crust", "SS": 30, "NF": 50, "TF": 20, "MINDEPTH": 0, "HYPODEPTH1": 2, "HYPODEPTH2": 10, "HYPODEPTH3": 18, "MAXDEPTH": 10, "WHDEPTH1": 0.1, "WHDEPTH2": 0.4, "WHDEPTH3": 0.5, "MAXMAG01": 7.3, "MAXMAG02": 7.5, "MAXMAG03": 7.7, "MAXMAG04": 7.9, "WMAXMAG01": 0.5, "WMAXMAG02": 0.2, "WMAXMAG03": 0.2, "WMAXMAG04": 0.1, "STRIKE1": 0.0, "STRIKE2": 0.0, "STRIKE3": 0.0, "STRIKE4": 0.0, "DIP1": 0.0, "DIP2": 0.0, "DIP3": 0.0, "DIP4": 0.0, "DIRWEIGHT1": 0.0, "DIRWEIGHT2": 0.0, "DIRWEIGHT3": 0.0, "DIRWEIGHT4": 0.0 }, "geometry": { "type": "Polygon", "coordinates": [ [ [ -8.275831000100425, 71.465304000079698 ], [ -0.279999999700067, 72.090000000100076 ], [ 0.530000000299935, 71.829999999900224 ], [ -5.470000000299592, 70.899999999600482 ], [ -8.275831000100425, 71.465304000079698 ] ] ] } },
{ "type": "Feature", "properties": { "OBJECTID_1": 79.0, "LONC": -6.41, "LATC": 67.5, "IDAS": "NOAS079", "A": 3.8, "B": 1.0, "TECREG": "OC", "TECTONICS": "Active Shallow Crust", "SS": 30, "NF": 50, "TF": 20, "MINDEPTH": 0, "HYPODEPTH1": 2, "HYPODEPTH2": 10, "HYPODEPTH3": 18, "MAXDEPTH": 20, "WHDEPTH1": 0.1, "WHDEPTH2": 0.4, "WHDEPTH3": 0.5, "MAXMAG01": 6.0, "MAXMAG02": 6.2, "MAXMAG03": 6.4, "MAXMAG04": 6.6, "WMAXMAG01": 0.5, "WMAXMAG02": 0.2, "WMAXMAG03": 0.2, "WMAXMAG04": 0.1, "STRIKE1": 0.0, "STRIKE2": 0.0, "STRIKE3": 0.0, "STRIKE4": 0.0, "DIP1": 0.0, "DIP2": 0.0, "DIP3": 0.0, "DIP4": 0.0, "DIRWEIGHT1": 0.0, "DIRWEIGHT2": 0.0, "DIRWEIGHT3": 0.0, "DIRWEIGHT4": 0.0 }, "geometry": { "type": "Polygon", "coordinates": [ [ [ -11.791957153099986, 71.393624173117246 ], [ -7.079999999600147, 70.830000000100085 ], [ -5.470000000299592, 70.899999999600482 ], [ 0.530000000299935, 71.829999999900224 ], [ 5.49999999990024, 72.000000000100101 ], [ 5.49999999990024, 70.500000000399893 ], [ 0.000000000100101, 67.40000000029994 ], [ -3.50000000009976, 65.499999999600448 ], [ -2.000000000399552, 63.500000000000171 ], [ -3.000000000199691, 63.000000000100101 ], [ -12.000000000199691, 66.000000000399893 ], [ -14.999999999600163, 67.000000000200032 ], [ -16.550000000099772, 67.000000000200032 ], [ -18.319999999800018, 67.000000000200032 ], [ -16.150855001656851, 68.623969276760874 ], [ -15.996555030290267, 69.283444969609832 ], [ -11.791957153099986, 71.393624173117246 ] ] ] } },
{ "type": "Feature", "properties": { "OBJECTID_1": 252.0, "LONC": -17.251119, "LATC": 37.389739, "IDAS": "ZZAS267", "A": 3.3, "B": 0.8, "TECREG": "Azores-Gibraltar", "TECTONICS": "Active Shallow Crust", "SS": 60, "NF": 10, "TF": 30, "MINDEPTH": 0, "HYPODEPTH1": 2, "HYPODEPTH2": 10, "HYPODEPTH3": 18, "MAXDEPTH": 20, "WHDEPTH1": 0.1, "WHDEPTH2": 0.4, "WHDEPTH3": 0.5, "MAXMAG01": 8.5, "MAXMAG02": 8.8, "MAXMAG03": 0.0, "MAXMAG04": 0.0, "WMAXMAG01": 0.7, "WMAXMAG02": 0.3, "WMAXMAG03": 0.0, "WMAXMAG04": 0.0, "STRIKE1": 0.0, "STRIKE2": 0.0, "STRIKE3": 0.0, "STRIKE4": 0.0, "DIP1": 0.0, "DIP2": 0.0, "DIP3": 0.0, "DIP4": 0.0, "DIRWEIGHT1": 0.0, "DIRWEIGHT2": 0.0, "DIRWEIGHT3": 0.0, "DIRWEIGHT4": 0.0 }, "geometry": { "type": "Polygon", "coordinates": [ [ [ -19.632032999922842, 38.271780999993325 ], [ -14.937935, 37.703318000425554 ], [ -14.870204999960606, 36.507696999716927 ], [ -19.423174000079882, 37.015429000048471 ], [ -19.632032999922842, 38.271780999993325 ] ] ] } },
{ "type": "Feature", "properties": { "OBJECTID_1": 257.0, "LONC": -26.678744, "LATC": 37.965815, "IDAS": "PTAS273", "A": 5.0, "B": 1.0, "TECREG": "Azores-Gibraltar", "TECTONICS": "Active Shallow Crust", "SS": 30, "NF": 63, "TF": 7, "MINDEPTH": 0, "HYPODEPTH1": 2, "HYPODEPTH2": 10, "HYPODEPTH3": 18, "MAXDEPTH": 14, "WHDEPTH1": 0.1, "WHDEPTH2": 0.4, "WHDEPTH3": 0.5, "MAXMAG01": 8.5, "MAXMAG02": 8.8, "MAXMAG03": 0.0, "MAXMAG04": 0.0, "WMAXMAG01": 0.7, "WMAXMAG02": 0.3, "WMAXMAG03": 0.0, "WMAXMAG04": 0.0, "STRIKE1": 0.0, "STRIKE2": 0.0, "STRIKE3": 0.0, "STRIKE4": 0.0, "DIP1": 0.0, "DIP2": 0.0, "DIP3": 0.0, "DIP4": 0.0, "DIRWEIGHT1": 0.0, "DIRWEIGHT2": 0.0, "DIRWEIGHT3": 0.0, "DIRWEIGHT4": 0.0 }, "geometry": { "type": "Polygon", "coordinates": [ [ [ -29.832369000428855, 37.758002999638904 ], [ -28.98510899988031, 39.917092999942156 ], [ -23.525118999741892, 37.513801999562816 ], [ -24.127760999870077, 36.014537999629169 ], [ -29.832369000428855, 37.758002999638904 ] ] ] } },
{ "type": "Feature", "properties": { "OBJECTID_1": 258.0, "LONC": -23.032537, "LATC": 33.874271, "IDAS": "PTAS274", "A": 3.5, "B": 0.8, "TECREG": "OC", "TECTONICS": "Active Shallow Crust", "SS": 30, "NF": 20, "TF": 50, "MINDEPTH": 0, "HYPODEPTH1": 2, "HYPODEPTH2": 10, "HYPODEPTH3": 18, "MAXDEPTH": 20, "WHDEPTH1": 0.1, "WHDEPTH2": 0.4, "WHDEPTH3": 0.5, "MAXMAG01": 6.6, "MAXMAG02": 6.8, "MAXMAG03": 7.0, "MAXMAG04": 7.2, "WMAXMAG01": 0.5, "WMAXMAG02": 0.2, "WMAXMAG03": 0.2, "WMAXMAG04": 0.1, "STRIKE1": 71.211716, "STRIKE2": 0.0, "STRIKE3": 0.0, "STRIKE4": 335.370667, "DIP1": 28.084747, "DIP2": 0.0, "DIP3": 0.0, "DIP4": 14.938, "DIRWEIGHT1": 0.969388, "DIRWEIGHT2": 0.0, "DIRWEIGHT3": 0.0, "DIRWEIGHT4": 0.030612 }, "geometry": { "type": "Polygon", "coordinates": [ [ [ -9.603850937851291, 33.830522947442397 ], [ -30.343641222485648, 35.41115404743357 ], [ -31.213802415748717, 36.814217008408377 ], [ -29.832369000428855, 37.758002999638904 ], [ -24.127760999870077, 36.014537999629169 ], [ -19.423174000079882, 37.015429000048471 ], [ -14.870204999960606, 36.507696999716927 ], [ -12.597043000234123, 36.261111000272592 ], [ -11.218570000205204, 35.90593299960841 ], [ -9.824727000050871, 35.388118000145766 ], [ -9.824727000050871, 35.388118000145766 ], [ -9.174257000360114, 34.737331000225652 ], [ -9.603850937851291, 33.830522947442397 ] ] ] } },
{ "type": "Feature", "properties": { "OBJECTID_1": 259.0, "LONC": -21.775468, "LATC": 37.14316, "IDAS": "PTAS275", "A": 3.8, "B": 1.0, "TECREG": "Azores-Gibraltar", "TECTONICS": "Active Shallow Crust", "SS": 60, "NF": 10, "TF": 30, "MINDEPTH": 0, "HYPODEPTH1": 2, "HYPODEPTH2": 10, "HYPODEPTH3": 18, "MAXDEPTH": 14, "WHDEPTH1": 0.1, "WHDEPTH2": 0.4, "WHDEPTH3": 0.5, "MAXMAG01": 8.5, "MAXMAG02": 8.8, "MAXMAG03": 0.0, "MAXMAG04": 0.0, "WMAXMAG01": 0.7, "WMAXMAG02": 0.3, "WMAXMAG03": 0.0, "WMAXMAG04": 0.0, "STRIKE1": 0.0, "STRIKE2": 0.0, "STRIKE3": 0.0, "STRIKE4": 0.0, "DIP1": 0.0, "DIP2": 0.0, "DIP3": 0.0, "DIP4": 0.0, "DIRWEIGHT1": 0.0, "DIRWEIGHT2": 0.0, "DIRWEIGHT3": 0.0, "DIRWEIGHT4": 0.0 }, "geometry": { "type": "Polygon", "coordinates": [ [ [ -24.127760999870077, 36.014537999629169 ], [ -23.525118999741892, 37.513801999562816 ], [ -19.632032999922842, 38.271780999993325 ], [ -19.423174000079882, 37.015429000048471 ], [ -24.127760999870077, 36.014537999629169 ] ] ] } },
{ "type": "Feature", "properties": { "OBJECTID_1": 260.0, "LONC": -17.492697, "LATC": 41.580612, "IDAS": "PTAS276", "A": 4.2, "B": 1.0, "TECREG": "OC", "TECTONICS": "Active Shallow Crust", "SS": 30, "NF": 60, "TF": 10, "MINDEPTH": 0, "HYPODEPTH1": 2, "HYPODEPTH2": 10, "HYPODEPTH3": 18, "MAXDEPTH": 20, "WHDEPTH1": 0.1, "WHDEPTH2": 0.4, "WHDEPTH3": 0.5, "MAXMAG01": 6.2, "MAXMAG02": 6.4, "MAXMAG03": 6.6, "MAXMAG04": 6.8, "WMAXMAG01": 0.5, "WMAXMAG02": 0.2, "WMAXMAG03": 0.2, "WMAXMAG04": 0.1, "STRIKE1": 0.0, "STRIKE2": 0.0, "STRIKE3": 0.0, "STRIKE4": 0.0, "DIP1": 0.0, "DIP2": 0.0, "DIP3": 0.0, "DIP4": 0.0, "DIRWEIGHT1": 0.0, "DIRWEIGHT2": 0.0, "DIRWEIGHT3": 0.0, "DIRWEIGHT4": 0.0 }, "geometry": { "type": "Polygon", "coordinates": [ [ [ -28.98510899988031, 39.917092999942156 ], [ -28.894903000273075, 42.53363300026291 ], [ -27.385135999826389, 45.217163999818922 ], [ -27.008899000188535, 46.000007000223036 ], [ -6.000285000152473, 45.995557000055669 ], [ -6.919530000009331, 44.216595999905621 ], [ -7.924870999696736, 44.372504999606235 ], [ -9.066347000013877, 44.31716299977279 ], [ -9.252290999829597, 44.180040000345912 ], [ -9.523683000170138, 43.978572999644371 ], [ -9.978979999826947, 43.1040459998232 ], [ -13.080103999599714, 43.800330999776008 ], [ -13.207812000123567, 42.605663999893864 ], [ -12.811233000402467, 39.896590999675084 ], [ -11.93510000026464, 38.671396000325331 ], [ -11.623139999711043, 37.161215999718763 ], [ -13.390777000158266, 37.669174999726636 ], [ -14.937935, 37.703318000425554 ], [ -19.632032999922842, 38.271780999993325 ], [ -23.525118999741892, 37.513801999562816 ], [ -28.98510899988031, 39.917092999942156 ] ] ] } },
{ "type": "Feature", "properties": { "OBJECTID_1": 261.0, "LONC": -31.653274, "LATC": 39.498033, "IDAS": "PTAS277", "A": 3.6, "B": 1.0, "TECREG": "Azores-Gibraltar", "TECTONICS": "Active Shallow Crust", "SS": 30, "NF": 63, "TF": 7, "MINDEPTH": 0, "HYPODEPTH1": 2, "HYPODEPTH2": 10, "HYPODEPTH3": 18, "MAXDEPTH": 14, "WHDEPTH1": 0.1, "WHDEPTH2": 0.4, "WHDEPTH3": 0.5, "MAXMAG01": 8.5, "MAXMAG02": 8.8, "MAXMAG03": 0.0, "MAXMAG04": 0.0, "WMAXMAG01": 0.7, "WMAXMAG02": 0.3, "WMAXMAG03": 0.0, "WMAXMAG04": 0.0, "STRIKE1": 0.0, "STRIKE2": 0.0, "STRIKE3": 0.0, "STRIKE4": 0.0, "DIP1": 0.0, "DIP2": 0.0, "DIP3": 0.0, "DIP4": 0.0, "DIRWEIGHT1": 0.0, "DIRWEIGHT2": 0.0, "DIRWEIGHT3": 0.0, "DIRWEIGHT4": 0.0 }, "geometry": { "type": "Polygon", "coordinates": [ [ [ -33.211267999918107, 38.927733999824397 ], [ -32.14016099993006, 40.849730999586143 ], [ -30.095281000017962, 40.257959999854279 ], [ -30.4844180000905, 38.976376000052539 ], [ -31.185080000441531, 38.146335000360125 ], [ -33.211267999918107, 38.927733999824397 ] ] ] } },
{ "type": "Feature", "properties": { "OBJECTID_1": 357.0, "LONC": -32.692486, "LATC": 36.935382, "IDAS": "PTAS995", "A": 5.0, "B": 1.0, "TECREG": "Ridge", "TECTONICS": "Active Shallow Crust", "SS": 33, "NF": 33, "TF": 34, "MINDEPTH": 0, "HYPODEPTH1": 2, "HYPODEPTH2": 10, "HYPODEPTH3": 18, "MAXDEPTH": 10, "WHDEPTH1": 0.1, "WHDEPTH2": 0.4, "WHDEPTH3": 0.5, "MAXMAG01": 7.9, "MAXMAG02": 8.1, "MAXMAG03": 8.3, "MAXMAG04": 8.5, "WMAXMAG01": 0.5, "WMAXMAG02": 0.2, "WMAXMAG03": 0.2, "WMAXMAG04": 0.1, "STRIKE1": 0.0, "STRIKE2": 0.0, "STRIKE3": 0.0, "STRIKE4": 0.0, "DIP1": 0.0, "DIP2": 0.0, "DIP3": 0.0, "DIP4": 0.0, "DIRWEIGHT1": 0.0, "DIRWEIGHT2": 0.0, "DIRWEIGHT3": 0.0, "DIRWEIGHT4": 0.0 }, "geometry": { "type": "Polygon", "coordinates": [ [ [ -31.213802415748717, 36.814217008408377 ], [ -32.715424000117366, 37.359911000292584 ], [ -31.64106999968061, 37.606144999692162 ], [ -31.185080000441531, 38.146335000360125 ], [ -30.4844180000905, 38.976376000052539 ], [ -30.095281000017962, 40.257959999854279 ], [ -29.91908400002643, 40.820054999838533 ], [ -30.114486999874998, 41.87846499976007 ], [ -27.998325999844837, 45.999993999623541 ], [ -27.008899000188535, 46.000007000223036 ], [ -27.385135999826389, 45.217163999818922 ], [ -28.894903000273075, 42.53363300026291 ], [ -28.98510899988031, 39.917092999942156 ], [ -29.832369000428855, 37.758002999638904 ], [ -31.213802415748717, 36.814217008408377 ] ] ] } },
{ "type": "Feature", "properties": { "OBJECTID_1": 1.0, "LONC": -4.68, "LATC": 50.61, "IDAS": "GBAS001", "A": 2.0768, "B": 1.0, "TECREG": "SCR-Ext", "TECTONICS": "Stable Continental Crust", "SS": 33, "NF": 33, "TF": 34, "MINDEPTH": 0, "HYPODEPTH1": 0, "HYPODEPTH2": 0, "HYPODEPTH3": 0, "MAXDEPTH": 20, "WHDEPTH1": 0.0, "WHDEPTH2": 0.0, "WHDEPTH3": 0.0, "MAXMAG01": 6.5, "MAXMAG02": 6.7, "MAXMAG03": 6.9, "MAXMAG04": 7.1, "WMAXMAG01": 0.5, "WMAXMAG02": 0.2, "WMAXMAG03": 0.2, "WMAXMAG04": 0.1, "STRIKE1": 0.0, "STRIKE2": 0.0, "STRIKE3": 0.0, "STRIKE4": 0.0, "DIP1": 0.0, "DIP2": 0.0, "DIP3": 0.0, "DIP4": 0.0, "DIRWEIGHT1": 0.0, "DIRWEIGHT2": 0.0, "DIRWEIGHT3": 0.0, "DIRWEIGHT4": 0.0 }, "geometry": { "type": "Polygon", "coordinates": [ [ [ -4.880000000399548, 51.369999999600452 ], [ -3.360000000199705, 50.279999999800339 ], [ -5.999999999600163, 49.850000000299929 ], [ -5.999999999600163, 50.199999999600493 ], [ -4.880000000399548, 51.369999999600452 ] ] ] } },
{ "type": "Feature", "properties": { "OBJECTID_1": 2.0, "LONC": -2.255, "LATC": 50.825, "IDAS": "GBAS002", "A": 2.0, "B": 1.0, "TECREG": "SCR-Ext", "TECTONICS": "Stable Continental Crust", "SS": 33, "NF": 33, "TF": 34, "MINDEPTH": 0, "HYPODEPTH1": 0, "HYPODEPTH2": 0, "HYPODEPTH3": 0, "MAXDEPTH": 20, "WHDEPTH1": 0.0, "WHDEPTH2": 0.0, "WHDEPTH3": 0.0, "MAXMAG01": 6.5, "MAXMAG02": 6.7, "MAXMAG03": 6.9, "MAXMAG04": 7.1, "WMAXMAG01": 0.5, "WMAXMAG02": 0.2, "WMAXMAG03": 0.2, "WMAXMAG04": 0.1, "STRIKE1": 0.0, "STRIKE2": 0.0, "STRIKE3": 0.0, "STRIKE4": 0.0, "DIP1": 0.0, "DIP2": 0.0, "DIP3": 0.0, "DIP4": 0.0, "DIRWEIGHT1": 0.0, "DIRWEIGHT2": 0.0, "DIRWEIGHT3": 0.0, "DIRWEIGHT4": 0.0 }, "geometry": { "type": "Polygon", "coordinates": [ [ [ -4.880000000399548, 51.369999999600452 ], [ 0.369999999900244, 50.819999999800302 ], [ -1.169999999899915, 50.55999999960045 ], [ -2.730000000199709, 50.55999999960045 ], [ -3.360000000199705, 50.279999999800339 ], [ -4.880000000399548, 51.369999999600452 ] ] ] } },
{ "type": "Feature", "properties": { "OBJECTID_1": 3.0, "LONC": -1.735342, "LATC": 51.172441, "IDAS": "GBAS003", "A": 0.9035, "B": 1.0, "TECREG": "SCR-Ext", "TECTONICS": "Stable Continental Crust", "SS": 33, "NF": 33, "TF": 34, "MINDEPTH": 0, "HYPODEPTH1": 0, "HYPODEPTH2": 0, "HYPODEPTH3": 0, "MAXDEPTH": 20, "WHDEPTH1": 0.0, "WHDEPTH2": 0.0, "WHDEPTH3": 0.0, "MAXMAG01": 6.5, "MAXMAG02": 6.7, "MAXMAG03": 6.9, "MAXMAG04": 7.1, "WMAXMAG01": 0.5, "WMAXMAG02": 0.2, "WMAXMAG03": 0.2, "WMAXMAG04": 0.1, "STRIKE1": 0.0, "STRIKE2": 0.0, "STRIKE3": 0.0, "STRIKE4": 0.0, "DIP1": 0.0, "DIP2": 0.0, "DIP3": 0.0, "DIP4": 0.0, "DIRWEIGHT1": 0.0, "DIRWEIGHT2": 0.0, "DIRWEIGHT3": 0.0, "DIRWEIGHT4": 0.0 }, "geometry": { "type": "Polygon", "coordinates": [ [ [ -5.25999999999982, 51.679999999700385 ], [ -3.059999999899901, 51.459999999600484 ], [ 1.229999999800327, 51.09999999960047 ], [ 1.789317000279482, 50.979521999740655 ], [ 1.154202000022451, 50.664881999704676 ], [ 0.678796000235366, 50.796003000238443 ], [ 0.369999999900244, 50.819999999800302 ], [ -4.880000000399548, 51.369999999600452 ], [ -5.25999999999982, 51.679999999700385 ] ] ] } },
{ "type": "Feature", "properties": { "OBJECTID_1": 4.0, "LONC": -2.083378, "LATC": 49.792024, "IDAS": "GBAS004", "A": 2.4, "B": 1.0, "TECREG": "SCR-Ext", "TECTONICS": "Stable Continental Crust", "SS": 33, "NF": 33, "TF": 34, "MINDEPTH": 0, "HYPODEPTH1": 0, "HYPODEPTH2": 0, "HYPODEPTH3": 0, "MAXDEPTH": 20, "WHDEPTH1": 0.0, "WHDEPTH2": 0.0, "WHDEPTH3": 0.0, "MAXMAG01": 6.5, "MAXMAG02": 6.7, "MAXMAG03": 6.9, "MAXMAG04": 7.1, "WMAXMAG01": 0.5, "WMAXMAG02": 0.2, "WMAXMAG03": 0.2, "WMAXMAG04": 0.1, "STRIKE1": 0.0, "STRIKE2": 0.0, "STRIKE3": 0.0, "STRIKE4": 0.0, "DIP1": 0.0, "DIP2": 0.0, "DIP3": 0.0, "DIP4": 0.0, "DIRWEIGHT1": 0.0, "DIRWEIGHT2": 0.0, "DIRWEIGHT3": 0.0, "DIRWEIGHT4": 0.0 }, "geometry": { "type": "Polygon", "coordinates": [ [ [ -5.999999999600163, 48.25005999996921 ], [ -5.999999999600163, 49.850000000299929 ], [ -3.360000000199705, 50.279999999800339 ], [ -2.730000000199709, 50.55999999960045 ], [ -1.169999999899915, 50.55999999960045 ], [ 0.369999999900244, 50.819999999800302 ], [ 0.678796000235366, 50.796003000238443 ], [ 1.154202000022451, 50.664881999704676 ], [ 1.664844999697152, 50.507561999686686 ], [ 1.833243999810918, 50.455698000162727 ], [ 1.302956999865785, 50.052507000397895 ], [ 0.211646999909306, 49.74861300038981 ], [ -1.190454999798249, 49.752082000284247 ], [ -2.006246999799032, 49.748548000090295 ], [ -2.936007999869162, 49.469206000057 ], [ -3.003302999633547, 49.449010999558141 ], [ -4.951101000310757, 48.716420999929369 ], [ -5.321204000364162, 48.551901999777613 ], [ -5.999999999600163, 48.25005999996921 ] ] ] } },
{ "type": "Feature", "properties": { "OBJECTID_1": 5.0, "LONC": 1.795, "LATC": 51.219761, "IDAS": "GBAS005", "A": 2.2, "B": 1.0, "TECREG": "SCR-Ext", "TECTONICS": "Stable Continental Crust", "SS": 33, "NF": 33, "TF": 34, "MINDEPTH": 0, "HYPODEPTH1": 0, "HYPODEPTH2": 0, "HYPODEPTH3": 0, "MAXDEPTH": 20, "WHDEPTH1": 0.0, "WHDEPTH2": 0.0, "WHDEPTH3": 0.0, "MAXMAG01": 6.5, "MAXMAG02": 6.7, "MAXMAG03": 6.9, "MAXMAG04": 7.1, "WMAXMAG01": 0.5, "WMAXMAG02": 0.2, "WMAXMAG03": 0.2, "WMAXMAG04": 0.1, "STRIKE1": 0.0, "STRIKE2": 0.0, "STRIKE3": 0.0, "STRIKE4": 0.0, "DIP1": 0.0, "DIP2": 0.0, "DIP3": 0.0, "DIP4": 0.0, "DIRWEIGHT1": 0.0, "DIRWEIGHT2": 0.0, "DIRWEIGHT3": 0.0, "DIRWEIGHT4": 0.0 }, "geometry": { "type": "Polygon", "coordinates": [ [ [ 1.229999999800327, 51.09999999960047 ], [ 1.779999999600477, 51.459999999600484 ], [ 2.359999999700392, 51.309999999900242 ], [ 1.789317000279482, 50.979521999740655 ], [ 1.229999999800327, 51.09999999960047 ] ] ] } },
{ "type": "Feature", "properties": { "OBJECTID_1": 6.0, "LONC": 1.375, "LATC": 53.68, "IDAS": "GBAS006", "A": 2.8, "B": 1.0, "TECREG": "SCR-Ext", "TECTONICS": "Stable Continental Crust", "SS": 33, "NF": 33, "TF": 34, "MINDEPTH": 0, "HYPODEPTH1": 0, "HYPODEPTH2": 0, "HYPODEPTH3": 0, "MAXDEPTH": 20, "WHDEPTH1": 0.0, "WHDEPTH2": 0.0, "WHDEPTH3": 0.0, "MAXMAG01": 6.5, "MAXMAG02": 6.7, "MAXMAG03": 6.9, "MAXMAG04": 7.1, "WMAXMAG01": 0.5, "WMAXMAG02": 0.2, "WMAXMAG03": 0.2, "WMAXMAG04": 0.1, "STRIKE1": 0.0, "STRIKE2": 0.0, "STRIKE3": 0.0, "STRIKE4": 0.0, "DIP1": 0.0, "DIP2": 0.0, "DIP3": 0.0, "DIP4": 0.0, "DIRWEIGHT1": 0.0, "DIRWEIGHT2": 0.0, "DIRWEIGHT3": 0.0, "DIRWEIGHT4": 0.0 }, "geometry": { "type": "Polygon", "coordinates": [ [ [ -0.599999999600129, 54.739999999700387 ], [ 0.300000000399848, 54.919999999700394 ], [ 3.349999999700401, 53.060000000000173 ], [ 2.889999999900226, 52.439999999800307 ], [ 0.900000000100079, 53.220000000399864 ], [ -0.599999999600129, 54.739999999700387 ] ] ] } },
{ "type": "Feature", "properties": { "OBJECTID_1": 7.0, "LONC": 0.47, "LATC": 52.92, "IDAS": "GBAS007", "A": 1.4144, "B": 1.0, "TECREG": "SCR-Ext", "TECTONICS": "Stable Continental Crust", "SS": 33, "NF": 33, "TF": 34, "MINDEPTH": 0, "HYPODEPTH1": 0, "HYPODEPTH2": 0, "HYPODEPTH3": 0, "MAXDEPTH": 20, "WHDEPTH1": 0.0, "WHDEPTH2": 0.0, "WHDEPTH3": 0.0, "MAXMAG01": 6.5, "MAXMAG02": 6.7, "MAXMAG03": 6.9, "MAXMAG04": 7.1, "WMAXMAG01": 0.5, "WMAXMAG02": 0.2, "WMAXMAG03": 0.2, "WMAXMAG04": 0.1, "STRIKE1": 0.0, "STRIKE2": 0.0, "STRIKE3": 0.0, "STRIKE4": 0.0, "DIP1": 0.0, "DIP2": 0.0, "DIP3": 0.0, "DIP4": 0.0, "DIRWEIGHT1": 0.0, "DIRWEIGHT2": 0.0, "DIRWEIGHT3": 0.0, "DIRWEIGHT4": 0.0 }, "geometry": { "type": "Polygon", "coordinates": [ [ [ -1.949999999600152, 54.480000000399855 ], [ -0.599999999600129, 54.739999999700387 ], [ 0.900000000100079, 53.220000000399864 ], [ 2.889999999900226, 52.439999999800307 ], [ 1.779999999600477, 51.459999999600484 ], [ 1.229999999800327, 51.09999999960047 ], [ -0.520000000299603, 52.449999999600493 ], [ -1.949999999600152, 54.480000000399855 ] ] ] } },
{ "type": "Feature", "properties": { "OBJECTID_1": 8.0, "LONC": -0.915, "LATC": 51.89, "IDAS": "GBAS008", "A": 2.0768, "B": 1.0, "TECREG": "SCR-Ext", "TECTONICS": "Stable Continental Crust", "SS": 33, "NF": 33, "TF": 34, "MINDEPTH": 0, "HYPODEPTH1": 0, "HYPODEPTH2": 0, "HYPODEPTH3": 0, "MAXDEPTH": 20, "WHDEPTH1": 0.0, "WHDEPTH2": 0.0, "WHDEPTH3": 0.0, "MAXMAG01": 6.5, "MAXMAG02": 6.7, "MAXMAG03": 6.9, "MAXMAG04": 7.1, "WMAXMAG01": 0.5, "WMAXMAG02": 0.2, "WMAXMAG03": 0.2, "WMAXMAG04": 0.1, "STRIKE1": 0.0, "STRIKE2": 0.0, "STRIKE3": 0.0, "STRIKE4": 0.0, "DIP1": 0.0, "DIP2": 0.0, "DIP3": 0.0, "DIP4": 0.0, "DIRWEIGHT1": 0.0, "DIRWEIGHT2": 0.0, "DIRWEIGHT3": 0.0, "DIRWEIGHT4": 0.0 }, "geometry": { "type": "Polygon", "coordinates": [ [ [ -3.059999999899901, 51.459999999600484 ], [ -1.499999999600163, 52.680000000399843 ], [ -0.520000000299603, 52.449999999600493 ], [ 1.229999999800327, 51.09999999960047 ], [ -3.059999999899901, 51.459999999600484 ] ] ] } },
{ "type": "Feature", "properties": { "OBJECTID_1": 9.0, "LONC": -1.8, "LATC": 53.83, "IDAS": "GBAS009", "A": 2.5, "B": 1.0, "TECREG": "SCR-Ext", "TECTONICS": "Stable Continental Crust", "SS": 33, "NF": 33, "TF": 34, "MINDEPTH": 0, "HYPODEPTH1": 0, "HYPODEPTH2": 0, "HYPODEPTH3": 0, "MAXDEPTH": 20, "WHDEPTH1": 0.0, "WHDEPTH2": 0.0, "WHDEPTH3": 0.0, "MAXMAG01": 6.5, "MAXMAG02": 6.7, "MAXMAG03": 6.9, "MAXMAG04": 7.1, "WMAXMAG01": 0.5, "WMAXMAG02": 0.2, "WMAXMAG03": 0.2, "WMAXMAG04": 0.1, "STRIKE1": 0.0, "STRIKE2": 0.0, "STRIKE3": 0.0, "STRIKE4": 0.0, "DIP1": 0.0, "DIP2": 0.0, "DIP3": 0.0, "DIP4": 0.0, "DIRWEIGHT1": 0.0, "DIRWEIGHT2": 0.0, "DIRWEIGHT3": 0.0, "DIRWEIGHT4": 0.0 }, "geometry": { "type": "Polygon", "coordinates": [ [ [ -3.080000000399536, 55.040000000000191 ], [ -2.379999999999825, 55.210000000200012 ], [ -1.949999999600152, 54.480000000399855 ], [ -0.520000000299603, 52.449999999600493 ], [ -1.499999999600163, 52.680000000399843 ], [ -2.360000000399566, 53.420000000000186 ], [ -2.219999999600134, 53.90000000029994 ], [ -2.559999999999832, 54.360000000100115 ], [ -3.080000000399536, 55.040000000000191 ] ] ] } },
{ "type": "Feature", "properties": { "OBJECTID_1": 10.0, "LONC": -3.38, "LATC": 52.44, "IDAS": "GBAS010", "A": 2.8, "B": 1.0, "TECREG": "SCR-Ext", "TECTONICS": "Stable Continental Crust", "SS": 33, "NF": 33, "TF": 34, "MINDEPTH": 0, "HYPODEPTH1": 0, "HYPODEPTH2": 0, "HYPODEPTH3": 0, "MAXDEPTH": 20, "WHDEPTH1": 0.0, "WHDEPTH2": 0.0, "WHDEPTH3": 0.0, "MAXMAG01": 6.5, "MAXMAG02": 6.7, "MAXMAG03": 6.9, "MAXMAG04": 7.1, "WMAXMAG01": 0.5, "WMAXMAG02": 0.2, "WMAXMAG03": 0.2, "WMAXMAG04": 0.1, "STRIKE1": 0.0, "STRIKE2": 0.0, "STRIKE3": 0.0, "STRIKE4": 0.0, "DIP1": 0.0, "DIP2": 0.0, "DIP3": 0.0, "DIP4": 0.0, "DIRWEIGHT1": 0.0, "DIRWEIGHT2": 0.0, "DIRWEIGHT3": 0.0, "DIRWEIGHT4": 0.0 }, "geometry": { "type": "Polygon", "coordinates": [ [ [ -5.25999999999982, 51.679999999700385 ], [ -3.87999999970009, 52.179999999600454 ], [ -2.360000000399566, 53.420000000000186 ], [ -1.499999999600163, 52.680000000399843 ], [ -3.059999999899901, 51.459999999600484 ], [ -5.25999999999982, 51.679999999700385 ] ] ] } },
{ "type": "Feature", "properties": { "OBJECTID_1": 11.0, "LONC": -4.145, "LATC": 53.11, "IDAS": "GBAS011", "A": 2.4, "B": 1.0, "TECREG": "SCR-Ext", "TECTONICS": "Stable Continental Crust", "SS": 33, "NF": 33, "TF": 34, "MINDEPTH": 0, "HYPODEPTH1": 0, "HYPODEPTH2": 0, "HYPODEPTH3": 0, "MAXDEPTH": 20, "WHDEPTH1": 0.0, "WHDEPTH2": 0.0, "WHDEPTH3": 0.0, "MAXMAG01": 6.5, "MAXMAG02": 6.7, "MAXMAG03": 6.9, "MAXMAG04": 7.1, "WMAXMAG01": 0.5, "WMAXMAG02": 0.2, "WMAXMAG03": 0.2, "WMAXMAG04": 0.1, "STRIKE1": 0.0, "STRIKE2": 0.0, "STRIKE3": 0.0, "STRIKE4": 0.0, "DIP1": 0.0, "DIP2": 0.0, "DIP3": 0.0, "DIP4": 0.0, "DIRWEIGHT1": 0.0, "DIRWEIGHT2": 0.0, "DIRWEIGHT3": 0.0, "DIRWEIGHT4": 0.0 }, "geometry": { "type": "Polygon", "coordinates": [ [ [ -4.629999999999825, 53.169999999600464 ], [ -3.779999999899928, 53.34999999960047 ], [ -3.659999999600132, 53.190000000100099 ], [ -4.469999999600134, 52.870000000200037 ], [ -4.629999999999825, 53.169999999600464 ] ] ] } },
{ "type": "Feature", "properties": { "OBJECTID_1": 12.0, "LONC": -3.425, "LATC": 53.765, "IDAS": "GBAS012", "A": 2.2, "B": 1.0, "TECREG": "SCR-Ext", "TECTONICS": "Stable Continental Crust", "SS": 33, "NF": 33, "TF": 34, "MINDEPTH": 0, "HYPODEPTH1": 0, "HYPODEPTH2": 0, "HYPODEPTH3": 0, "MAXDEPTH": 20, "WHDEPTH1": 0.0, "WHDEPTH2": 0.0, "WHDEPTH3": 0.0, "MAXMAG01": 6.5, "MAXMAG02": 6.7, "MAXMAG03": 6.9, "MAXMAG04": 7.1, "WMAXMAG01": 0.5, "WMAXMAG02": 0.2, "WMAXMAG03": 0.2, "WMAXMAG04": 0.1, "STRIKE1": 0.0, "STRIKE2": 0.0, "STRIKE3": 0.0, "STRIKE4": 0.0, "DIP1": 0.0, "DIP2": 0.0, "DIP3": 0.0, "DIP4": 0.0, "DIRWEIGHT1": 0.0, "DIRWEIGHT2": 0.0, "DIRWEIGHT3": 0.0, "DIRWEIGHT4": 0.0 }, "geometry": { "type": "Polygon", "coordinates": [ [ [ -4.629999999999825, 53.169999999600464 ], [ -3.760000000299613, 54.080000000299947 ], [ -2.559999999999832, 54.360000000100115 ], [ -2.219999999600134, 53.90000000029994 ], [ -2.360000000399566, 53.420000000000186 ], [ -3.659999999600132, 53.190000000100099 ], [ -3.779999999899928, 53.34999999960047 ], [ -4.629999999999825, 53.169999999600464 ] ] ] } },
{ "type": "Feature", "properties": { "OBJECTID_1": 13.0, "LONC": -3.16, "LATC": 54.56, "IDAS": "GBAS013", "A": 1.458, "B": 0.97, "TECREG": "SCR-Ext", "TECTONICS": "Stable Continental Crust", "SS": 33, "NF": 33, "TF": 34, "MINDEPTH": 0, "HYPODEPTH1": 0, "HYPODEPTH2": 0, "HYPODEPTH3": 0, "MAXDEPTH": 20, "WHDEPTH1": 0.0, "WHDEPTH2": 0.0, "WHDEPTH3": 0.0, "MAXMAG01": 6.5, "MAXMAG02": 6.7, "MAXMAG03": 6.9, "MAXMAG04": 7.1, "WMAXMAG01": 0.5, "WMAXMAG02": 0.2, "WMAXMAG03": 0.2, "WMAXMAG04": 0.1, "STRIKE1": 0.0, "STRIKE2": 0.0, "STRIKE3": 0.0, "STRIKE4": 0.0, "DIP1": 0.0, "DIP2": 0.0, "DIP3": 0.0, "DIP4": 0.0, "DIRWEIGHT1": 0.0, "DIRWEIGHT2": 0.0, "DIRWEIGHT3": 0.0, "DIRWEIGHT4": 0.0 }, "geometry": { "type": "Polygon", "coordinates": [ [ [ -3.760000000299613, 54.080000000299947 ], [ -3.760000000299613, 54.869999999800314 ], [ -3.080000000399536, 55.040000000000191 ], [ -2.559999999999832, 54.360000000100115 ], [ -3.760000000299613, 54.080000000299947 ] ] ] } },
{ "type": "Feature", "properties": { "OBJECTID_1": 14.0, "LONC": -3.415, "LATC": 52.8, "IDAS": "GBAS014", "A": 2.0, "B": 1.0, "TECREG": "SCR-Ext", "TECTONICS": "Stable Continental Crust", "SS": 33, "NF": 33, "TF": 34, "MINDEPTH": 0, "HYPODEPTH1": 0, "HYPODEPTH2": 0, "HYPODEPTH3": 0, "MAXDEPTH": 20, "WHDEPTH1": 0.0, "WHDEPTH2": 0.0, "WHDEPTH3": 0.0, "MAXMAG01": 6.5, "MAXMAG02": 6.7, "MAXMAG03": 6.9, "MAXMAG04": 7.1, "WMAXMAG01": 0.5, "WMAXMAG02": 0.2, "WMAXMAG03": 0.2, "WMAXMAG04": 0.1, "STRIKE1": 0.0, "STRIKE2": 0.0, "STRIKE3": 0.0, "STRIKE4": 0.0, "DIP1": 0.0, "DIP2": 0.0, "DIP3": 0.0, "DIP4": 0.0, "DIRWEIGHT1": 0.0, "DIRWEIGHT2": 0.0, "DIRWEIGHT3": 0.0, "DIRWEIGHT4": 0.0 }, "geometry": { "type": "Polygon", "coordinates": [ [ [ -4.469999999600134, 52.870000000200037 ], [ -3.659999999600132, 53.190000000100099 ], [ -2.360000000399566, 53.420000000000186 ], [ -3.87999999970009, 52.179999999600454 ], [ -4.469999999600134, 52.870000000200037 ] ] ] } },
{ "type": "Feature", "properties": { "OBJECTID_1": 15.0, "LONC": -3.845, "LATC": 55.485, "IDAS": "GBAS015", "A": 0.8533, "B": 1.0, "TECREG": "SCR-Ext", "TECTONICS": "Stable Continental Crust", "SS": 33, "NF": 33, "TF": 34, "MINDEPTH": 0, "HYPODEPTH1": 0, "HYPODEPTH2": 0, "HYPODEPTH3": 0, "MAXDEPTH": 20, "WHDEPTH1": 0.0, "WHDEPTH2": 0.0, "WHDEPTH3": 0.0, "MAXMAG01": 6.5, "MAXMAG02": 6.7, "MAXMAG03": 6.9, "MAXMAG04": 7.1, "WMAXMAG01": 0.5, "WMAXMAG02": 0.2, "WMAXMAG03": 0.2, "WMAXMAG04": 0.1, "STRIKE1": 0.0, "STRIKE2": 0.0, "STRIKE3": 0.0, "STRIKE4": 0.0, "DIP1": 0.0, "DIP2": 0.0, "DIP3": 0.0, "DIP4": 0.0, "DIRWEIGHT1": 0.0, "DIRWEIGHT2": 0.0, "DIRWEIGHT3": 0.0, "DIRWEIGHT4": 0.0 }, "geometry": { "type": "Polygon", "coordinates": [ [ [ -5.309999999899901, 55.359999999900253 ], [ -4.53999999999985, 55.6600000002 ], [ -3.45000000019968, 56.100000000399859 ], [ -2.799999999700049, 55.899999999900217 ], [ -2.379999999999825, 55.210000000200012 ], [ -3.080000000399536, 55.040000000000191 ], [ -3.760000000299613, 54.869999999800314 ], [ -5.309999999899901, 55.359999999900253 ] ] ] } },
{ "type": "Feature", "properties": { "OBJECTID_1": 16.0, "LONC": -4.15, "LATC": 56.115, "IDAS": "GBAS016", "A": 0.3881, "B": 1.0, "TECREG": "SCR-Ext", "TECTONICS": "Stable Continental Crust", "SS": 33, "NF": 33, "TF": 34, "MINDEPTH": 0, "HYPODEPTH1": 0, "HYPODEPTH2": 0, "HYPODEPTH3": 0, "MAXDEPTH": 20, "WHDEPTH1": 0.0, "WHDEPTH2": 0.0, "WHDEPTH3": 0.0, "MAXMAG01": 6.5, "MAXMAG02": 6.7, "MAXMAG03": 6.9, "MAXMAG04": 7.1, "WMAXMAG01": 0.5, "WMAXMAG02": 0.2, "WMAXMAG03": 0.2, "WMAXMAG04": 0.1, "STRIKE1": 0.0, "STRIKE2": 0.0, "STRIKE3": 0.0, "STRIKE4": 0.0, "DIP1": 0.0, "DIP2": 0.0, "DIP3": 0.0, "DIP4": 0.0, "DIRWEIGHT1": 0.0, "DIRWEIGHT2": 0.0, "DIRWEIGHT3": 0.0, "DIRWEIGHT4": 0.0 }, "geometry": { "type": "Polygon", "coordinates": [ [ [ -4.850000000099783, 56.269999999700417 ], [ -3.829999999800009, 56.570000000000164 ], [ -3.45000000019968, 56.100000000399859 ], [ -4.53999999999985, 55.6600000002 ], [ -4.850000000099783, 56.269999999700417 ] ] ] } },
{ "type": "Feature", "properties": { "OBJECTID_1": 17.0, "LONC": -5.57, "LATC": 55.865, "IDAS": "GBAS017", "A": 2.0, "B": 1.0, "TECREG": "SCR-Ext", "TECTONICS": "Stable Continental Crust", "SS": 33, "NF": 33, "TF": 34, "MINDEPTH": 0, "HYPODEPTH1": 0, "HYPODEPTH2": 0, "HYPODEPTH3": 0, "MAXDEPTH": 20, "WHDEPTH1": 0.0, "WHDEPTH2": 0.0, "WHDEPTH3": 0.0, "MAXMAG01": 6.5, "MAXMAG02": 6.7, "MAXMAG03": 6.9, "MAXMAG04": 7.1, "WMAXMAG01": 0.5, "WMAXMAG02": 0.2, "WMAXMAG03": 0.2, "WMAXMAG04": 0.1, "STRIKE1": 0.0, "STRIKE2": 0.0, "STRIKE3": 0.0, "STRIKE4": 0.0, "DIP1": 0.0, "DIP2": 0.0, "DIP3": 0.0, "DIP4": 0.0, "DIRWEIGHT1": 0.0, "DIRWEIGHT2": 0.0, "DIRWEIGHT3": 0.0, "DIRWEIGHT4": 0.0 }, "geometry": { "type": "Polygon", "coordinates": [ [ [ -6.600000000199714, 55.779999999600477 ], [ -5.300000000099772, 56.370000000399841 ], [ -4.850000000099783, 56.269999999700417 ], [ -4.53999999999985, 55.6600000002 ], [ -5.309999999899901, 55.359999999900253 ], [ -6.600000000199714, 55.779999999600477 ] ] ] } },
{ "type": "Feature", "properties": { "OBJECTID_1": 18.0, "LONC": -5.38, "LATC": 56.655, "IDAS": "GBAS018", "A": 2.08, "B": 1.005, "TECREG": "SCR-Ext", "TECTONICS": "Stable Continental Crust", "SS": 33, "NF": 33, "TF": 34, "MINDEPTH": 0, "HYPODEPTH1": 0, "HYPODEPTH2": 0, "HYPODEPTH3": 0, "MAXDEPTH": 20, "WHDEPTH1": 0.0, "WHDEPTH2": 0.0, "WHDEPTH3": 0.0, "MAXMAG01": 6.5, "MAXMAG02": 6.7, "MAXMAG03": 6.9, "MAXMAG04": 7.1, "WMAXMAG01": 0.5, "WMAXMAG02": 0.2, "WMAXMAG03": 0.2, "WMAXMAG04": 0.1, "STRIKE1": 0.0, "STRIKE2": 0.0, "STRIKE3": 0.0, "STRIKE4": 0.0, "DIP1": 0.0, "DIP2": 0.0, "DIP3": 0.0, "DIP4": 0.0, "DIRWEIGHT1": 0.0, "DIRWEIGHT2": 0.0, "DIRWEIGHT3": 0.0, "DIRWEIGHT4": 0.0 }, "geometry": { "type": "Polygon", "coordinates": [ [ [ -6.709999999800004, 56.030000000000143 ], [ -5.75000000009976, 56.499999999600448 ], [ -4.409999999899924, 57.529999999700408 ], [ -4.04999999989991, 57.389999999800295 ], [ -5.300000000099772, 56.370000000399841 ], [ -6.600000000199714, 55.779999999600477 ], [ -6.709999999800004, 56.030000000000143 ] ] ] } },
{ "type": "Feature", "properties": { "OBJECTID_1": 19.0, "LONC": -5.56, "LATC": 57.04, "IDAS": "GBAS019", "A": 2.3778, "B": 1.0, "TECREG": "SCR-Ext", "TECTONICS": "Stable Continental Crust", "SS": 33, "NF": 33, "TF": 34, "MINDEPTH": 0, "HYPODEPTH1": 0, "HYPODEPTH2": 0, "HYPODEPTH3": 0, "MAXDEPTH": 20, "WHDEPTH1": 0.0, "WHDEPTH2": 0.0, "WHDEPTH3": 0.0, "MAXMAG01": 6.5, "MAXMAG02": 6.7, "MAXMAG03": 6.9, "MAXMAG04": 7.1, "WMAXMAG01": 0.5, "WMAXMAG02": 0.2, "WMAXMAG03": 0.2, "WMAXMAG04": 0.1, "STRIKE1": 0.0, "STRIKE2": 0.0, "STRIKE3": 0.0, "STRIKE4": 0.0, "DIP1": 0.0, "DIP2": 0.0, "DIP3": 0.0, "DIP4": 0.0, "DIRWEIGHT1": 0.0, "DIRWEIGHT2": 0.0, "DIRWEIGHT3": 0.0, "DIRWEIGHT4": 0.0 }, "geometry": { "type": "Polygon", "coordinates": [ [ [ -6.709999999800004, 56.030000000000143 ], [ -6.020000000099742, 57.470000000000141 ], [ -5.250000000199691, 58.050000000100113 ], [ -4.409999999899924, 57.529999999700408 ], [ -5.75000000009976, 56.499999999600448 ], [ -6.709999999800004, 56.030000000000143 ] ] ] } },
{ "type": "Feature", "properties": { "OBJECTID_1": 21.0, "LONC": -7.38, "LATC": 54.925, "IDAS": "IEAS021", "A": 2.1756, "B": 1.0, "TECREG": "SCR-Ext", "TECTONICS": "Stable Continental Crust", "SS": 33, "NF": 33, "TF": 34, "MINDEPTH": 0, "HYPODEPTH1": 0, "HYPODEPTH2": 0, "HYPODEPTH3": 0, "MAXDEPTH": 20, "WHDEPTH1": 0.0, "WHDEPTH2": 0.0, "WHDEPTH3": 0.0, "MAXMAG01": 6.5, "MAXMAG02": 6.7, "MAXMAG03": 6.9, "MAXMAG04": 7.1, "WMAXMAG01": 0.5, "WMAXMAG02": 0.2, "WMAXMAG03": 0.2, "WMAXMAG04": 0.1, "STRIKE1": 0.0, "STRIKE2": 0.0, "STRIKE3": 0.0, "STRIKE4": 0.0, "DIP1": 0.0, "DIP2": 0.0, "DIP3": 0.0, "DIP4": 0.0, "DIRWEIGHT1": 0.0, "DIRWEIGHT2": 0.0, "DIRWEIGHT3": 0.0, "DIRWEIGHT4": 0.0 }, "geometry": { "type": "Polygon", "coordinates": [ [ [ -7.500000000199691, 58.659999999600473 ], [ -5.250000000199691, 59.999999999800309 ], [ -5.250000000199691, 58.050000000100113 ], [ -6.020000000099742, 57.470000000000141 ], [ -6.709999999800004, 56.030000000000143 ], [ -6.600000000199714, 55.779999999600477 ], [ -5.309999999899901, 55.359999999900253 ], [ -3.760000000299613, 54.869999999800314 ], [ -3.760000000299613, 54.080000000299947 ], [ -4.629999999999825, 53.169999999600464 ], [ -4.469999999600134, 52.870000000200037 ], [ -3.87999999970009, 52.179999999600454 ], [ -5.25999999999982, 51.679999999700385 ], [ -4.880000000399548, 51.369999999600452 ], [ -5.999999999600163, 50.199999999600493 ], [ -5.999999999600163, 49.850000000299929 ], [ -11.000000000399552, 51.999999999600448 ], [ -11.000000000399552, 54.500000000000171 ], [ -7.500000000199691, 58.659999999600473 ] ] ] } },
{ "type": "Feature", "properties": { "OBJECTID_1": 27.0, "LONC": 22.7, "LATC": 69.644054, "IDAS": "NOAS027", "A": 1.4042, "B": 1.0, "TECREG": "SCR-NoExt", "TECTONICS": "Stable Continental Crust", "SS": 20, "NF": 25, "TF": 55, "MINDEPTH": 0, "HYPODEPTH1": 0, "HYPODEPTH2": 0, "HYPODEPTH3": 0, "MAXDEPTH": 34, "WHDEPTH1": 0.0, "WHDEPTH2": 0.0, "WHDEPTH3": 0.0, "MAXMAG01": 6.5, "MAXMAG02": 6.7, "MAXMAG03": 6.9, "MAXMAG04": 7.1, "WMAXMAG01": 0.5, "WMAXMAG02": 0.2, "WMAXMAG03": 0.2, "WMAXMAG04": 0.1, "STRIKE1": 0.0, "STRIKE2": 0.0, "STRIKE3": 0.0, "STRIKE4": 0.0, "DIP1": 0.0, "DIP2": 0.0, "DIP3": 0.0, "DIP4": 0.0, "DIRWEIGHT1": 0.0, "DIRWEIGHT2": 0.0, "DIRWEIGHT3": 0.0, "DIRWEIGHT4": 0.0 }, "geometry": { "type": "Polygon", "coordinates": [ [ [ 17.199999999900228, 68.000000000000171 ], [ 20.499999999600448, 70.299999999900251 ], [ 28.200000000399882, 71.000000000299963 ], [ 27.001085999819225, 70.000414999852524 ], [ 23.599999999700401, 69.750000000100101 ], [ 18.499656000324308, 67.610133999584605 ], [ 17.199999999900228, 68.000000000000171 ] ] ] } },
{ "type": "Feature", "properties": { "OBJECTID_1": 30.0, "LONC": 12.650895, "LATC": 56.50405, "IDAS": "SEAS030", "A": 2.95, "B": 1.0, "TECREG": "SCR-Ext", "TECTONICS": "Stable Continental Crust", "SS": 50, "NF": 40, "TF": 10, "MINDEPTH": 0, "HYPODEPTH1": 0, "HYPODEPTH2": 0, "HYPODEPTH3": 0, "MAXDEPTH": 20, "WHDEPTH1": 0.0, "WHDEPTH2": 0.0, "WHDEPTH3": 0.0, "MAXMAG01": 6.5, "MAXMAG02": 6.7, "MAXMAG03": 6.9, "MAXMAG04": 7.1, "WMAXMAG01": 0.5, "WMAXMAG02": 0.2, "WMAXMAG03": 0.2, "WMAXMAG04": 0.1, "STRIKE1": 0.0, "STRIKE2": 0.0, "STRIKE3": 0.0, "STRIKE4": 0.0, "DIP1": 0.0, "DIP2": 0.0, "DIP3": 0.0, "DIP4": 0.0, "DIRWEIGHT1": 0.0, "DIRWEIGHT2": 0.0, "DIRWEIGHT3": 0.0, "DIRWEIGHT4": 0.0 }, "geometry": { "type": "Polygon", "coordinates": [ [ [ 10.420017000384405, 58.039916000023538 ], [ 11.21000000000015, 57.929999999800316 ], [ 13.649999999800286, 56.600000000299929 ], [ 14.739999999600457, 55.999999999700378 ], [ 14.791701999747659, 55.616041000092252 ], [ 14.881773000323847, 54.968185000437586 ], [ 13.740266000375755, 55.019256000264363 ], [ 11.780000000299935, 55.449999999900228 ], [ 11.470000000200002, 56.049999999600459 ], [ 10.689999999600445, 56.709999999900219 ], [ 10.420017000384405, 58.039916000023538 ] ] ] } },
{ "type": "Feature", "properties": { "OBJECTID_1": 31.0, "LONC": 9.685, "LATC": 56.775, "IDAS": "DKAS031", "A": 2.0, "B": 1.0, "TECREG": "SCR-Ext", "TECTONICS": "Stable Continental Crust", "SS": 50, "NF": 40, "TF": 10, "MINDEPTH": 0, "HYPODEPTH1": 0, "HYPODEPTH2": 0, "HYPODEPTH3": 0, "MAXDEPTH": 20, "WHDEPTH1": 0.0, "WHDEPTH2": 0.0, "WHDEPTH3": 0.0, "MAXMAG01": 6.5, "MAXMAG02": 6.7, "MAXMAG03": 6.9, "MAXMAG04": 7.1, "WMAXMAG01": 0.5, "WMAXMAG02": 0.2, "WMAXMAG03": 0.2, "WMAXMAG04": 0.1, "STRIKE1": 0.0, "STRIKE2": 0.0, "STRIKE3": 0.0, "STRIKE4": 0.0, "DIP1": 0.0, "DIP2": 0.0, "DIP3": 0.0, "DIP4": 0.0, "DIRWEIGHT1": 0.0, "DIRWEIGHT2": 0.0, "DIRWEIGHT3": 0.0, "DIRWEIGHT4": 0.0 }, "geometry": { "type": "Polygon", "coordinates": [ [ [ 7.590000000399868, 56.200000000200021 ], [ 9.99999999990024, 58.100000000000193 ], [ 10.171527000370929, 58.075496000440239 ], [ 10.420017000384405, 58.039916000023538 ], [ 10.689999999600445, 56.709999999900219 ], [ 11.470000000200002, 56.049999999600459 ], [ 11.780000000299935, 55.449999999900228 ], [ 8.314687999851458, 55.510095000384126 ], [ 7.74000000010011, 55.940000000000168 ], [ 7.590000000399868, 56.200000000200021 ] ] ] } },
{ "type": "Feature", "properties": { "OBJECTID_1": 36.0, "LONC": 21.994235, "LATC": 53.162109, "IDAS": "BYAS036", "A": 2.55, "B": 1.0, "TECREG": "SCR-NoExt", "TECTONICS": "Stable Continental Crust", "SS": 33, "NF": 33, "TF": 34, "MINDEPTH": 0, "HYPODEPTH1": 0, "HYPODEPTH2": 0, "HYPODEPTH3": 0, "MAXDEPTH": 25, "WHDEPTH1": 0.0, "WHDEPTH2": 0.0, "WHDEPTH3": 0.0, "MAXMAG01": 6.5, "MAXMAG02": 6.7, "MAXMAG03": 6.9, "MAXMAG04": 7.1, "WMAXMAG01": 0.5, "WMAXMAG02": 0.2, "WMAXMAG03": 0.2, "WMAXMAG04": 0.1, "STRIKE1": 0.0, "STRIKE2": 0.0, "STRIKE3": 0.0, "STRIKE4": 0.0, "DIP1": 0.0, "DIP2": 0.0, "DIP3": 0.0, "DIP4": 0.0, "DIRWEIGHT1": 0.0, "DIRWEIGHT2": 0.0, "DIRWEIGHT3": 0.0, "DIRWEIGHT4": 0.0 }, "geometry": { "type": "Polygon", "coordinates": [ [ [ 15.78846899974468, 54.288083000330346 ], [ 17.642199999930199, 54.755736999662986 ], [ 19.65641100016768, 54.633632000316709 ], [ 21.180000000399843, 54.519999999600486 ], [ 22.310000000299965, 56.120000000000175 ], [ 28.200000000399882, 55.269999999900222 ], [ 28.199716999939767, 51.582555999959595 ], [ 24.374891000319565, 50.204216999814832 ], [ 23.492686999905288, 50.892364000398459 ], [ 23.115795999785746, 51.186217999661096 ], [ 22.459019999773318, 51.8768790001659 ], [ 20.814625999890154, 52.302235999591858 ], [ 20.162363000252412, 52.820288000091296 ], [ 15.78846899974468, 54.288083000330346 ] ] ] } },
{ "type": "Feature", "properties": { "OBJECTID_1": 37.0, "LONC": 3.35, "LATC": 56.0, "IDAS": "NLAS037", "A": 2.8, "B": 1.0, "TECREG": "SCR-Ext", "TECTONICS": "Stable Continental Crust", "SS": 90, "NF": 10, "TF": 0, "MINDEPTH": 0, "HYPODEPTH1": 0, "HYPODEPTH2": 0, "HYPODEPTH3": 0, "MAXDEPTH": 20, "WHDEPTH1": 0.0, "WHDEPTH2": 0.0, "WHDEPTH3": 0.0, "MAXMAG01": 6.5, "MAXMAG02": 6.7, "MAXMAG03": 6.9, "MAXMAG04": 7.1, "WMAXMAG01": 0.5, "WMAXMAG02": 0.2, "WMAXMAG03": 0.2, "WMAXMAG04": 0.1, "STRIKE1": 0.0, "STRIKE2": 0.0, "STRIKE3": 0.0, "STRIKE4": 0.0, "DIP1": 0.0, "DIP2": 0.0, "DIP3": 0.0, "DIP4": 0.0, "DIRWEIGHT1": 0.0, "DIRWEIGHT2": 0.0, "DIRWEIGHT3": 0.0, "DIRWEIGHT4": 0.0 }, "geometry": { "type": "Polygon", "coordinates": [ [ [ 0.699999999600436, 58.000000000200032 ], [ 3.000000000399837, 58.000000000200032 ], [ 3.600000000100067, 57.000000000399893 ], [ 5.000000000000171, 55.999999999700378 ], [ 5.999999999800309, 54.000000000100101 ], [ 4.000000000200032, 54.000000000100101 ], [ 3.200000000000159, 55.750000000200032 ], [ 0.699999999600436, 58.000000000200032 ] ] ] } },
{ "type": "Feature", "properties": { "OBJECTID_1": 38.0, "LONC": 15.1, "LATC": 64.5, "IDAS": "SEAS038", "A": 2.1318, "B": 1.0, "TECREG": "SCR-NoExt", "TECTONICS": "Stable Continental Crust", "SS": 20, "NF": 25, "TF": 55, "MINDEPTH": 0, "HYPODEPTH1": 0, "HYPODEPTH2": 0, "HYPODEPTH3": 0, "MAXDEPTH": 40, "WHDEPTH1": 0.0, "WHDEPTH2": 0.0, "WHDEPTH3": 0.0, "MAXMAG01": 6.5, "MAXMAG02": 6.7, "MAXMAG03": 6.9, "MAXMAG04": 7.1, "WMAXMAG01": 0.5, "WMAXMAG02": 0.2, "WMAXMAG03": 0.2, "WMAXMAG04": 0.1, "STRIKE1": 0.0, "STRIKE2": 0.0, "STRIKE3": 0.0, "STRIKE4": 0.0, "DIP1": 0.0, "DIP2": 0.0, "DIP3": 0.0, "DIP4": 0.0, "DIRWEIGHT1": 0.0, "DIRWEIGHT2": 0.0, "DIRWEIGHT3": 0.0, "DIRWEIGHT4": 0.0 }, "geometry": { "type": "Polygon", "coordinates": [ [ [ 9.699999999600436, 60.999999999600448 ], [ 9.99999999990024, 62.500000000200032 ], [ 10.999999999700378, 63.000000000100101 ], [ 17.199999999900228, 68.000000000000171 ], [ 18.499656000324308, 67.610133999584605 ], [ 20.499999999600448, 67.000000000200032 ], [ 20.499999999600448, 64.999999999700378 ], [ 15.999999999600448, 61.849999999700401 ], [ 12.399999999600482, 60.999999999600448 ], [ 9.699999999600436, 60.999999999600448 ] ] ] } },
{ "type": "Feature", "properties": { "OBJECTID_1": 39.0, "LONC": 2.0, "LATC": 59.65, "IDAS": "NOAS039", "A": 2.7464, "B": 1.002, "TECREG": "SCR-Ext", "TECTONICS": "Stable Continental Crust", "SS": 33, "NF": 33, "TF": 34, "MINDEPTH": 0, "HYPODEPTH1": 0, "HYPODEPTH2": 0, "HYPODEPTH3": 0, "MAXDEPTH": 34, "WHDEPTH1": 0.0, "WHDEPTH2": 0.0, "WHDEPTH3": 0.0, "MAXMAG01": 6.5, "MAXMAG02": 6.7, "MAXMAG03": 6.9, "MAXMAG04": 7.1, "WMAXMAG01": 0.5, "WMAXMAG02": 0.2, "WMAXMAG03": 0.2, "WMAXMAG04": 0.1, "STRIKE1": 0.0, "STRIKE2": 0.0, "STRIKE3": 0.0, "STRIKE4": 0.0, "DIP1": 0.0, "DIP2": 0.0, "DIP3": 0.0, "DIP4": 0.0, "DIRWEIGHT1": 0.0, "DIRWEIGHT2": 0.0, "DIRWEIGHT3": 0.0, "DIRWEIGHT4": 0.0 }, "geometry": { "type": "Polygon", "coordinates": [ [ [ 0.699999999600436, 58.000000000200032 ], [ 1.400000000000148, 61.299999999900251 ], [ 2.200000000200021, 61.20000000010009 ], [ 3.29999999980032, 60.899999999800343 ], [ 3.000000000399837, 58.000000000200032 ], [ 0.699999999600436, 58.000000000200032 ] ] ] } },
{ "type": "Feature", "properties": { "OBJECTID_1": 40.0, "LONC": 23.249315, "LATC": 71.75, "IDAS": "NOAS040", "A": 1.7094, "B": 1.0, "TECREG": "SCR-Ext", "TECTONICS": "Stable Continental Crust", "SS": 20, "NF": 25, "TF": 55, "MINDEPTH": 0, "HYPODEPTH1": 0, "HYPODEPTH2": 0, "HYPODEPTH3": 0, "MAXDEPTH": 34, "WHDEPTH1": 0.0, "WHDEPTH2": 0.0, "WHDEPTH3": 0.0, "MAXMAG01": 6.5, "MAXMAG02": 6.7, "MAXMAG03": 6.9, "MAXMAG04": 7.1, "WMAXMAG01": 0.5, "WMAXMAG02": 0.2, "WMAXMAG03": 0.2, "WMAXMAG04": 0.1, "STRIKE1": 0.0, "STRIKE2": 0.0, "STRIKE3": 0.0, "STRIKE4": 0.0, "DIP1": 0.0, "DIP2": 0.0, "DIP3": 0.0, "DIP4": 0.0, "DIRWEIGHT1": 0.0, "DIRWEIGHT2": 0.0, "DIRWEIGHT3": 0.0, "DIRWEIGHT4": 0.0 }, "geometry": { "type": "Polygon", "coordinates": [ [ [ 16.500000000399837, 73.499999999800309 ], [ 29.998630000174558, 72.000027000445868 ], [ 28.200000000399882, 71.000000000299963 ], [ 20.499999999600448, 70.299999999900251 ], [ 18.500000000000171, 69.999999999600448 ], [ 16.500000000399837, 73.499999999800309 ] ] ] } },
{ "type": "Feature", "properties": { "OBJECTID_1": 41.0, "LONC": 9.7, "LATC": 64.915, "IDAS": "NOAS041", "A": 2.0, "B": 1.0, "TECREG": "SCR-Ext", "TECTONICS": "Stable Continental Crust", "SS": 20, "NF": 25, "TF": 55, "MINDEPTH": 0, "HYPODEPTH1": 0, "HYPODEPTH2": 0, "HYPODEPTH3": 0, "MAXDEPTH": 34, "WHDEPTH1": 0.0, "WHDEPTH2": 0.0, "WHDEPTH3": 0.0, "MAXMAG01": 6.5, "MAXMAG02": 6.7, "MAXMAG03": 6.9, "MAXMAG04": 7.1, "WMAXMAG01": 0.5, "WMAXMAG02": 0.2, "WMAXMAG03": 0.2, "WMAXMAG04": 0.1, "STRIKE1": 0.0, "STRIKE2": 0.0, "STRIKE3": 0.0, "STRIKE4": 0.0, "DIP1": 0.0, "DIP2": 0.0, "DIP3": 0.0, "DIP4": 0.0, "DIRWEIGHT1": 0.0, "DIRWEIGHT2": 0.0, "DIRWEIGHT3": 0.0, "DIRWEIGHT4": 0.0 }, "geometry": { "type": "Polygon", "coordinates": [ [ [ 6.600000000399859, 63.099999999900263 ], [ 6.999999999600448, 64.800000000100113 ], [ 9.000000000100101, 66.330000000100085 ], [ 10.400000000000148, 66.699999999900228 ], [ 12.79999999970039, 66.830000000000155 ], [ 9.99999999990024, 64.440000000100099 ], [ 7.500000000399837, 63.000000000100101 ], [ 6.600000000399859, 63.099999999900263 ] ] ] } },
{ "type": "Feature", "properties": { "OBJECTID_1": 42.0, "LONC": 7.2, "LATC": 65.35, "IDAS": "NOAS042", "A": 3.4, "B": 1.0, "TECREG": "SCR-Ext", "TECTONICS": "Stable Continental Crust", "SS": 20, "NF": 25, "TF": 55, "MINDEPTH": 0, "HYPODEPTH1": 0, "HYPODEPTH2": 0, "HYPODEPTH3": 0, "MAXDEPTH": 34, "WHDEPTH1": 0.0, "WHDEPTH2": 0.0, "WHDEPTH3": 0.0, "MAXMAG01": 6.5, "MAXMAG02": 6.7, "MAXMAG03": 6.9, "MAXMAG04": 7.1, "WMAXMAG01": 0.5, "WMAXMAG02": 0.2, "WMAXMAG03": 0.2, "WMAXMAG04": 0.1, "STRIKE1": 0.0, "STRIKE2": 0.0, "STRIKE3": 0.0, "STRIKE4": 0.0, "DIP1": 0.0, "DIP2": 0.0, "DIP3": 0.0, "DIP4": 0.0, "DIRWEIGHT1": 0.0, "DIRWEIGHT2": 0.0, "DIRWEIGHT3": 0.0, "DIRWEIGHT4": 0.0 }, "geometry": { "type": "Polygon", "coordinates": [ [ [ 4.000000000200032, 64.850000000000193 ], [ 5.000000000000171, 66.24999999990024 ], [ 9.350000000299929, 67.599999999900263 ], [ 10.400000000000148, 66.699999999900228 ], [ 9.000000000100101, 66.330000000100085 ], [ 6.999999999600448, 64.800000000100113 ], [ 6.600000000399859, 63.099999999900263 ], [ 4.000000000200032, 64.850000000000193 ] ] ] } },
{ "type": "Feature", "properties": { "OBJECTID_1": 43.0, "LONC": 14.925, "LATC": 68.5, "IDAS": "NOAS043", "A": 3.1861, "B": 1.0, "TECREG": "SCR-Ext", "TECTONICS": "Stable Continental Crust", "SS": 20, "NF": 25, "TF": 55, "MINDEPTH": 0, "HYPODEPTH1": 0, "HYPODEPTH2": 0, "HYPODEPTH3": 0, "MAXDEPTH": 34, "WHDEPTH1": 0.0, "WHDEPTH2": 0.0, "WHDEPTH3": 0.0, "MAXMAG01": 6.5, "MAXMAG02": 6.7, "MAXMAG03": 6.9, "MAXMAG04": 7.1, "WMAXMAG01": 0.5, "WMAXMAG02": 0.2, "WMAXMAG03": 0.2, "WMAXMAG04": 0.1, "STRIKE1": 0.0, "STRIKE2": 0.0, "STRIKE3": 0.0, "STRIKE4": 0.0, "DIP1": 0.0, "DIP2": 0.0, "DIP3": 0.0, "DIP4": 0.0, "DIRWEIGHT1": 0.0, "DIRWEIGHT2": 0.0, "DIRWEIGHT3": 0.0, "DIRWEIGHT4": 0.0 }, "geometry": { "type": "Polygon", "coordinates": [ [ [ 9.350000000299929, 67.599999999900263 ], [ 10.500146000237862, 67.970089000207338 ], [ 14.49999999990024, 69.200000000299951 ], [ 15.999999999600448, 69.200000000299951 ], [ 18.500000000000171, 69.999999999600448 ], [ 20.499999999600448, 70.299999999900251 ], [ 17.199999999900228, 68.000000000000171 ], [ 14.49999999990024, 68.000000000000171 ], [ 12.79999999970039, 66.830000000000155 ], [ 10.400000000000148, 66.699999999900228 ], [ 9.350000000299929, 67.599999999900263 ] ] ] } },
{ "type": "Feature", "properties": { "OBJECTID_1": 47.0, "LONC": 13.700088, "LATC": 68.985045, "IDAS": "NOAS047", "A": 1.0534, "B": 1.0, "TECREG": "SCR-Ext", "TECTONICS": "Stable Continental Crust", "SS": 30, "NF": 50, "TF": 20, "MINDEPTH": 0, "HYPODEPTH1": 0, "HYPODEPTH2": 0, "HYPODEPTH3": 0, "MAXDEPTH": 34, "WHDEPTH1": 0.0, "WHDEPTH2": 0.0, "WHDEPTH3": 0.0, "MAXMAG01": 6.5, "MAXMAG02": 6.7, "MAXMAG03": 6.9, "MAXMAG04": 7.1, "WMAXMAG01": 0.5, "WMAXMAG02": 0.2, "WMAXMAG03": 0.2, "WMAXMAG04": 0.1, "STRIKE1": 0.0, "STRIKE2": 0.0, "STRIKE3": 0.0, "STRIKE4": 0.0, "DIP1": 0.0, "DIP2": 0.0, "DIP3": 0.0, "DIP4": 0.0, "DIRWEIGHT1": 0.0, "DIRWEIGHT2": 0.0, "DIRWEIGHT3": 0.0, "DIRWEIGHT4": 0.0 }, "geometry": { "type": "Polygon", "coordinates": [ [ [ 10.500146000237862, 67.970089000207338 ], [ 10.999999999700378, 69.200000000299951 ], [ 15.999999999600448, 69.999999999600448 ], [ 18.500000000000171, 69.999999999600448 ], [ 15.999999999600448, 69.200000000299951 ], [ 14.49999999990024, 69.200000000299951 ], [ 10.500146000237862, 67.970089000207338 ] ] ] } },
{ "type": "Feature", "properties": { "OBJECTID_1": 48.0, "LONC": 16.25, "LATC": 71.75, "IDAS": "NOAS048", "A": 2.65, "B": 1.0, "TECREG": "SCR-Ext", "TECTONICS": "Stable Continental Crust", "SS": 20, "NF": 25, "TF": 55, "MINDEPTH": 0, "HYPODEPTH1": 0, "HYPODEPTH2": 0, "HYPODEPTH3": 0, "MAXDEPTH": 34, "WHDEPTH1": 0.0, "WHDEPTH2": 0.0, "WHDEPTH3": 0.0, "MAXMAG01": 6.5, "MAXMAG02": 6.7, "MAXMAG03": 6.9, "MAXMAG04": 7.1, "WMAXMAG01": 0.5, "WMAXMAG02": 0.2, "WMAXMAG03": 0.2, "WMAXMAG04": 0.1, "STRIKE1": 0.0, "STRIKE2": 0.0, "STRIKE3": 0.0, "STRIKE4": 0.0, "DIP1": 0.0, "DIP2": 0.0, "DIP3": 0.0, "DIP4": 0.0, "DIRWEIGHT1": 0.0, "DIRWEIGHT2": 0.0, "DIRWEIGHT3": 0.0, "DIRWEIGHT4": 0.0 }, "geometry": { "type": "Polygon", "coordinates": [ [ [ 14.000000000000171, 73.499999999800309 ], [ 16.500000000399837, 73.499999999800309 ], [ 18.500000000000171, 69.999999999600448 ], [ 15.999999999600448, 69.999999999600448 ], [ 14.000000000000171, 73.499999999800309 ] ] ] } },
{ "type": "Feature", "properties": { "OBJECTID_1": 49.0, "LONC": 2.05, "LATC": 63.025, "IDAS": "NOAS049", "A": 2.95, "B": 1.0, "TECREG": "SCR-Ext", "TECTONICS": "Stable Continental Crust", "SS": 20, "NF": 25, "TF": 55, "MINDEPTH": 0, "HYPODEPTH1": 0, "HYPODEPTH2": 0, "HYPODEPTH3": 0, "MAXDEPTH": 34, "WHDEPTH1": 0.0, "WHDEPTH2": 0.0, "WHDEPTH3": 0.0, "MAXMAG01": 6.5, "MAXMAG02": 6.7, "MAXMAG03": 6.9, "MAXMAG04": 7.1, "WMAXMAG01": 0.5, "WMAXMAG02": 0.2, "WMAXMAG03": 0.2, "WMAXMAG04": 0.1, "STRIKE1": 0.0, "STRIKE2": 0.0, "STRIKE3": 0.0, "STRIKE4": 0.0, "DIP1": 0.0, "DIP2": 0.0, "DIP3": 0.0, "DIP4": 0.0, "DIRWEIGHT1": 0.0, "DIRWEIGHT2": 0.0, "DIRWEIGHT3": 0.0, "DIRWEIGHT4": 0.0 }, "geometry": { "type": "Polygon", "coordinates": [ [ [ -2.500000000299622, 62.000000000299963 ], [ 4.000000000200032, 64.850000000000193 ], [ 6.600000000399859, 63.099999999900263 ], [ 3.500000000299963, 62.000000000299963 ], [ 2.200000000200021, 61.20000000010009 ], [ 1.400000000000148, 61.299999999900251 ], [ -2.500000000299622, 62.000000000299963 ] ] ] } },
{ "type": "Feature", "properties": { "OBJECTID_1": 51.0, "LONC": 6.0, "LATC": 59.5, "IDAS": "NOAS051", "A": 3.3, "B": 1.0, "TECREG": "SCR-Ext", "TECTONICS": "Stable Continental Crust", "SS": 20, "NF": 25, "TF": 55, "MINDEPTH": 0, "HYPODEPTH1": 0, "HYPODEPTH2": 0, "HYPODEPTH3": 0, "MAXDEPTH": 34, "WHDEPTH1": 0.0, "WHDEPTH2": 0.0, "WHDEPTH3": 0.0, "MAXMAG01": 6.5, "MAXMAG02": 6.7, "MAXMAG03": 6.9, "MAXMAG04": 7.1, "WMAXMAG01": 0.5, "WMAXMAG02": 0.2, "WMAXMAG03": 0.2, "WMAXMAG04": 0.1, "STRIKE1": 0.0, "STRIKE2": 0.0, "STRIKE3": 0.0, "STRIKE4": 0.0, "DIP1": 0.0, "DIP2": 0.0, "DIP3": 0.0, "DIP4": 0.0, "DIRWEIGHT1": 0.0, "DIRWEIGHT2": 0.0, "DIRWEIGHT3": 0.0, "DIRWEIGHT4": 0.0 }, "geometry": { "type": "Polygon", "coordinates": [ [ [ 4.800000000399848, 59.000000000000171 ], [ 4.800000000399848, 60.399999999900217 ], [ 6.999999999600448, 60.499999999700378 ], [ 7.20000000010009, 58.500000000100101 ], [ 4.800000000399848, 59.000000000000171 ] ] ] } },
{ "type": "Feature", "properties": { "OBJECTID_1": 53.0, "LONC": 5.3, "LATC": 61.75, "IDAS": "NOAS053", "A": 3.3216, "B": 0.995, "TECREG": "SCR-Ext", "TECTONICS": "Stable Continental Crust", "SS": 20, "NF": 25, "TF": 55, "MINDEPTH": 0, "HYPODEPTH1": 0, "HYPODEPTH2": 0, "HYPODEPTH3": 0, "MAXDEPTH": 34, "WHDEPTH1": 0.0, "WHDEPTH2": 0.0, "WHDEPTH3": 0.0, "MAXMAG01": 6.5, "MAXMAG02": 6.7, "MAXMAG03": 6.9, "MAXMAG04": 7.1, "WMAXMAG01": 0.5, "WMAXMAG02": 0.2, "WMAXMAG03": 0.2, "WMAXMAG04": 0.1, "STRIKE1": 0.0, "STRIKE2": 0.0, "STRIKE3": 0.0, "STRIKE4": 0.0, "DIP1": 0.0, "DIP2": 0.0, "DIP3": 0.0, "DIP4": 0.0, "DIRWEIGHT1": 0.0, "DIRWEIGHT2": 0.0, "DIRWEIGHT3": 0.0, "DIRWEIGHT4": 0.0 }, "geometry": { "type": "Polygon", "coordinates": [ [ [ 2.200000000200021, 61.20000000010009 ], [ 3.500000000299963, 62.000000000299963 ], [ 6.600000000399859, 63.099999999900263 ], [ 7.500000000399837, 63.000000000100101 ], [ 8.400000000399871, 62.699999999800298 ], [ 6.999999999600448, 61.500000000399893 ], [ 6.999999999600448, 60.499999999700378 ], [ 4.800000000399848, 60.399999999900217 ], [ 3.29999999980032, 60.899999999800343 ], [ 2.200000000200021, 61.20000000010009 ] ] ] } },
{ "type": "Feature", "properties": { "OBJECTID_1": 54.0, "LONC": 8.5, "LATC": 60.45, "IDAS": "NOAS054", "A": 2.5, "B": 1.0, "TECREG": "SCR-NoExt", "TECTONICS": "Stable Continental Crust", "SS": 20, "NF": 25, "TF": 55, "MINDEPTH": 0, "HYPODEPTH1": 0, "HYPODEPTH2": 0, "HYPODEPTH3": 0, "MAXDEPTH": 34, "WHDEPTH1": 0.0, "WHDEPTH2": 0.0, "WHDEPTH3": 0.0, "MAXMAG01": 6.5, "MAXMAG02": 6.7, "MAXMAG03": 6.9, "MAXMAG04": 7.1, "WMAXMAG01": 0.5, "WMAXMAG02": 0.2, "WMAXMAG03": 0.2, "WMAXMAG04": 0.1, "STRIKE1": 0.0, "STRIKE2": 0.0, "STRIKE3": 0.0, "STRIKE4": 0.0, "DIP1": 0.0, "DIP2": 0.0, "DIP3": 0.0, "DIP4": 0.0, "DIRWEIGHT1": 0.0, "DIRWEIGHT2": 0.0, "DIRWEIGHT3": 0.0, "DIRWEIGHT4": 0.0 }, "geometry": { "type": "Polygon", "coordinates": [ [ [ 6.999999999600448, 60.499999999700378 ], [ 6.999999999600448, 61.500000000399893 ], [ 8.400000000399871, 62.699999999800298 ], [ 9.99999999990024, 62.500000000200032 ], [ 9.699999999600436, 60.999999999600448 ], [ 9.300000000399848, 58.199999999800298 ], [ 7.20000000010009, 58.500000000100101 ], [ 6.999999999600448, 60.499999999700378 ] ] ] } },
{ "type": "Feature", "properties": { "OBJECTID_1": 55.0, "LONC": 7.4, "LATC": 57.6, "IDAS": "NOAS055", "A": 3.1, "B": 1.0, "TECREG": "SCR-Ext", "TECTONICS": "Stable Continental Crust", "SS": 50, "NF": 40, "TF": 10, "MINDEPTH": 0, "HYPODEPTH1": 0, "HYPODEPTH2": 0, "HYPODEPTH3": 0, "MAXDEPTH": 40, "WHDEPTH1": 0.0, "WHDEPTH2": 0.0, "WHDEPTH3": 0.0, "MAXMAG01": 6.5, "MAXMAG02": 6.7, "MAXMAG03": 6.9, "MAXMAG04": 7.1, "WMAXMAG01": 0.5, "WMAXMAG02": 0.2, "WMAXMAG03": 0.2, "WMAXMAG04": 0.1, "STRIKE1": 0.0, "STRIKE2": 0.0, "STRIKE3": 0.0, "STRIKE4": 0.0, "DIP1": 0.0, "DIP2": 0.0, "DIP3": 0.0, "DIP4": 0.0, "DIRWEIGHT1": 0.0, "DIRWEIGHT2": 0.0, "DIRWEIGHT3": 0.0, "DIRWEIGHT4": 0.0 }, "geometry": { "type": "Polygon", "coordinates": [ [ [ 4.800000000399848, 59.000000000000171 ], [ 7.20000000010009, 58.500000000100101 ], [ 9.300000000399848, 58.199999999800298 ], [ 9.99999999990024, 58.100000000000193 ], [ 7.590000000399868, 56.200000000200021 ], [ 5.400000000100079, 57.000000000399893 ], [ 4.800000000399848, 59.000000000000171 ] ] ] } },
{ "type": "Feature", "properties": { "OBJECTID_1": 56.0, "LONC": 4.2, "LATC": 58.95, "IDAS": "NOAS056", "A": 2.25, "B": 1.0, "TECREG": "SCR-Ext", "TECTONICS": "Stable Continental Crust", "SS": 50, "NF": 40, "TF": 10, "MINDEPTH": 0, "HYPODEPTH1": 0, "HYPODEPTH2": 0, "HYPODEPTH3": 0, "MAXDEPTH": 34, "WHDEPTH1": 0.0, "WHDEPTH2": 0.0, "WHDEPTH3": 0.0, "MAXMAG01": 6.5, "MAXMAG02": 6.7, "MAXMAG03": 6.9, "MAXMAG04": 7.1, "WMAXMAG01": 0.5, "WMAXMAG02": 0.2, "WMAXMAG03": 0.2, "WMAXMAG04": 0.1, "STRIKE1": 0.0, "STRIKE2": 0.0, "STRIKE3": 0.0, "STRIKE4": 0.0, "DIP1": 0.0, "DIP2": 0.0, "DIP3": 0.0, "DIP4": 0.0, "DIRWEIGHT1": 0.0, "DIRWEIGHT2": 0.0, "DIRWEIGHT3": 0.0, "DIRWEIGHT4": 0.0 }, "geometry": { "type": "Polygon", "coordinates": [ [ [ 3.000000000399837, 58.000000000200032 ], [ 3.29999999980032, 60.899999999800343 ], [ 4.800000000399848, 60.399999999900217 ], [ 4.800000000399848, 59.000000000000171 ], [ 5.400000000100079, 57.000000000399893 ], [ 3.600000000100067, 57.000000000399893 ], [ 3.000000000399837, 58.000000000200032 ] ] ] } },
{ "type": "Feature", "properties": { "OBJECTID_1": 57.0, "LONC": 10.85, "LATC": 59.465, "IDAS": "NOAS057", "A": 2.6, "B": 1.0, "TECREG": "SCR-NoExt", "TECTONICS": "Stable Continental Crust", "SS": 20, "NF": 25, "TF": 55, "MINDEPTH": 0, "HYPODEPTH1": 0, "HYPODEPTH2": 0, "HYPODEPTH3": 0, "MAXDEPTH": 34, "WHDEPTH1": 0.0, "WHDEPTH2": 0.0, "WHDEPTH3": 0.0, "MAXMAG01": 6.5, "MAXMAG02": 6.7, "MAXMAG03": 6.9, "MAXMAG04": 7.1, "WMAXMAG01": 0.5, "WMAXMAG02": 0.2, "WMAXMAG03": 0.2, "WMAXMAG04": 0.1, "STRIKE1": 0.0, "STRIKE2": 0.0, "STRIKE3": 0.0, "STRIKE4": 0.0, "DIP1": 0.0, "DIP2": 0.0, "DIP3": 0.0, "DIP4": 0.0, "DIRWEIGHT1": 0.0, "DIRWEIGHT2": 0.0, "DIRWEIGHT3": 0.0, "DIRWEIGHT4": 0.0 }, "geometry": { "type": "Polygon", "coordinates": [ [ [ 9.300000000399848, 58.199999999800298 ], [ 9.699999999600436, 60.999999999600448 ], [ 12.399999999600482, 60.999999999600448 ], [ 11.21000000000015, 57.929999999800316 ], [ 10.420017000384405, 58.039916000023538 ], [ 10.171527000370929, 58.075496000440239 ], [ 9.99999999990024, 58.100000000000193 ], [ 9.300000000399848, 58.199999999800298 ] ] ] } },
{ "type": "Feature", "properties": { "OBJECTID_1": 58.0, "LONC": 12.35, "LATC": 65.25, "IDAS": "NOAS058", "A": 3.1, "B": 1.0, "TECREG": "SCR-NoExt", "TECTONICS": "Stable Continental Crust", "SS": 20, "NF": 25, "TF": 55, "MINDEPTH": 0, "HYPODEPTH1": 0, "HYPODEPTH2": 0, "HYPODEPTH3": 0, "MAXDEPTH": 34, "WHDEPTH1": 0.0, "WHDEPTH2": 0.0, "WHDEPTH3": 0.0, "MAXMAG01": 6.5, "MAXMAG02": 6.7, "MAXMAG03": 6.9, "MAXMAG04": 7.1, "WMAXMAG01": 0.5, "WMAXMAG02": 0.2, "WMAXMAG03": 0.2, "WMAXMAG04": 0.1, "STRIKE1": 0.0, "STRIKE2": 0.0, "STRIKE3": 0.0, "STRIKE4": 0.0, "DIP1": 0.0, "DIP2": 0.0, "DIP3": 0.0, "DIP4": 0.0, "DIRWEIGHT1": 0.0, "DIRWEIGHT2": 0.0, "DIRWEIGHT3": 0.0, "DIRWEIGHT4": 0.0 }, "geometry": { "type": "Polygon", "coordinates": [ [ [ 7.500000000399837, 63.000000000100101 ], [ 9.99999999990024, 64.440000000100099 ], [ 12.79999999970039, 66.830000000000155 ], [ 14.49999999990024, 68.000000000000171 ], [ 17.199999999900228, 68.000000000000171 ], [ 10.999999999700378, 63.000000000100101 ], [ 9.99999999990024, 62.500000000200032 ], [ 8.400000000399871, 62.699999999800298 ], [ 7.500000000399837, 63.000000000100101 ] ] ] } },
{ "type": "Feature", "properties": { "OBJECTID_1": 87.0, "LONC": 9.835367, "LATC": 48.483926, "IDAS": "DEAS087", "A": 2.25, "B": 1.0, "TECREG": "SCR-Ext", "TECTONICS": "Stable Continental Crust", "SS": 90, "NF": 10, "TF": 0, "MINDEPTH": 7, "HYPODEPTH1": 0, "HYPODEPTH2": 0, "HYPODEPTH3": 0, "MAXDEPTH": 11, "WHDEPTH1": 0.0, "WHDEPTH2": 0.0, "WHDEPTH3": 0.0, "MAXMAG01": 6.5, "MAXMAG02": 6.7, "MAXMAG03": 6.9, "MAXMAG04": 7.1, "WMAXMAG01": 0.5, "WMAXMAG02": 0.2, "WMAXMAG03": 0.2, "WMAXMAG04": 0.1, "STRIKE1": 0.0, "STRIKE2": 0.0, "STRIKE3": 0.0, "STRIKE4": 0.0, "DIP1": 0.0, "DIP2": 0.0, "DIP3": 0.0, "DIP4": 0.0, "DIRWEIGHT1": 0.0, "DIRWEIGHT2": 0.0, "DIRWEIGHT3": 0.0, "DIRWEIGHT4": 0.0 }, "geometry": { "type": "Polygon", "coordinates": [ [ [ 9.106061999761664, 48.524948999696733 ], [ 10.466243999860865, 48.862120000038146 ], [ 10.564672000012933, 48.617934999800582 ], [ 10.273697000416405, 48.529555999909633 ], [ 10.000757999782024, 48.400424000267549 ], [ 9.669955999969602, 48.154009999761854 ], [ 9.181308000164222, 48.128329999929747 ], [ 9.121241000072246, 48.105732000131866 ], [ 9.154900000035127, 48.293067000242047 ], [ 9.106061999761664, 48.524948999696733 ] ] ] } },
{ "type": "Feature", "properties": { "OBJECTID_1": 101.0, "LONC": -1.915665, "LATC": 48.605178, "IDAS": "FRAS101", "A": 3.3, "B": 1.0, "TECREG": "SCR-Ext", "TECTONICS": "Stable Continental Crust", "SS": 40, "NF": 40, "TF": 20, "MINDEPTH": 0, "HYPODEPTH1": 0, "HYPODEPTH2": 0, "HYPODEPTH3": 0, "MAXDEPTH": 25, "WHDEPTH1": 0.0, "WHDEPTH2": 0.0, "WHDEPTH3": 0.0, "MAXMAG01": 6.5, "MAXMAG02": 6.7, "MAXMAG03": 6.9, "MAXMAG04": 7.1, "WMAXMAG01": 0.5, "WMAXMAG02": 0.2, "WMAXMAG03": 0.2, "WMAXMAG04": 0.1, "STRIKE1": 0.0, "STRIKE2": 0.0, "STRIKE3": 0.0, "STRIKE4": 0.0, "DIP1": 0.0, "DIP2": 0.0, "DIP3": 0.0, "DIP4": 0.0, "DIRWEIGHT1": 0.0, "DIRWEIGHT2": 0.0, "DIRWEIGHT3": 0.0, "DIRWEIGHT4": 0.0 }, "geometry": { "type": "Polygon", "coordinates": [ [ [ -4.951101000310757, 48.716420999929369 ], [ -3.003302999633547, 49.449010999558141 ], [ -2.936007999869162, 49.469206000057 ], [ -2.006246999799032, 49.748548000090295 ], [ -1.190454999798249, 49.752082000284247 ], [ -0.760649000251021, 49.528473000128997 ], [ 0.199124999819048, 49.056960000004153 ], [ 1.119771000431513, 48.559210999588117 ], [ -0.093096999726583, 47.458272999899179 ], [ -1.290465000059555, 47.624888999627785 ], [ -2.462619999613139, 47.789271999803134 ], [ -3.530451999659874, 47.922688000051323 ], [ -3.655119000241484, 47.938262999737788 ], [ -4.855433999779109, 48.07559199967119 ], [ -4.951101000310757, 48.716420999929369 ] ] ] } },
{ "type": "Feature", "properties": { "OBJECTID_1": 102.0, "LONC": 6.384029, "LATC": 47.99224, "IDAS": "FRAS102", "A": 2.2675, "B": 0.948, "TECREG": "SCR-Ext", "TECTONICS": "Stable Continental Crust", "SS": 40, "NF": 40, "TF": 20, "MINDEPTH": 5, "HYPODEPTH1": 0, "HYPODEPTH2": 0, "HYPODEPTH3": 0, "MAXDEPTH": 20, "WHDEPTH1": 0.0, "WHDEPTH2": 0.0, "WHDEPTH3": 0.0, "MAXMAG01": 6.5, "MAXMAG02": 6.7, "MAXMAG03": 6.9, "MAXMAG04": 7.1, "WMAXMAG01": 0.5, "WMAXMAG02": 0.2, "WMAXMAG03": 0.2, "WMAXMAG04": 0.1, "STRIKE1": 0.0, "STRIKE2": 0.0, "STRIKE3": 0.0, "STRIKE4": 0.0, "DIP1": 0.0, "DIP2": 0.0, "DIP3": 0.0, "DIP4": 0.0, "DIRWEIGHT1": 0.0, "DIRWEIGHT2": 0.0, "DIRWEIGHT3": 0.0, "DIRWEIGHT4": 0.0 }, "geometry": { "type": "Polygon", "coordinates": [ [ [ 5.907064000203604, 47.429482999640868 ], [ 6.285457000340443, 48.219467000202087 ], [ 6.470536999882825, 48.400429999644928 ], [ 6.850610000151562, 48.55499700041139 ], [ 6.860994999719651, 48.322578999621328 ], [ 6.834528999613781, 48.143813999916347 ], [ 6.801901999577808, 48.057759000177896 ], [ 6.754630999621099, 47.932798999574345 ], [ 6.581593999663539, 47.62204000044585 ], [ 5.907064000203604, 47.429482999640868 ] ] ] } },
{ "type": "Feature", "properties": { "OBJECTID_1": 103.0, "LONC": 4.50697, "LATC": 47.249496, "IDAS": "FRAS103", "A": 2.7, "B": 1.0, "TECREG": "SCR-Ext", "TECTONICS": "Stable Continental Crust", "SS": 40, "NF": 40, "TF": 20, "MINDEPTH": 5, "HYPODEPTH1": 0, "HYPODEPTH2": 0, "HYPODEPTH3": 0, "MAXDEPTH": 20, "WHDEPTH1": 0.0, "WHDEPTH2": 0.0, "WHDEPTH3": 0.0, "MAXMAG01": 6.5, "MAXMAG02": 6.7, "MAXMAG03": 6.9, "MAXMAG04": 7.1, "WMAXMAG01": 0.5, "WMAXMAG02": 0.2, "WMAXMAG03": 0.2, "WMAXMAG04": 0.1, "STRIKE1": 0.0, "STRIKE2": 0.0, "STRIKE3": 0.0, "STRIKE4": 0.0, "DIP1": 0.0, "DIP2": 0.0, "DIP3": 0.0, "DIP4": 0.0, "DIRWEIGHT1": 0.0, "DIRWEIGHT2": 0.0, "DIRWEIGHT3": 0.0, "DIRWEIGHT4": 0.0 }, "geometry": { "type": "Polygon", "coordinates": [ [ [ 2.728481999644714, 47.435031000080755 ], [ 3.461408000379095, 47.730873000188978 ], [ 3.774875000281213, 47.852997000411392 ], [ 3.923317000079635, 47.91016700000722 ], [ 4.819338000048845, 48.255268000018361 ], [ 6.285457000340443, 48.219467000202087 ], [ 5.907064000203604, 47.429482999640868 ], [ 5.515770999632082, 47.280534999890506 ], [ 4.885391000094728, 47.035575999932632 ], [ 4.667032000126881, 46.949294999664687 ], [ 3.896335999606833, 46.638512000328717 ], [ 2.917327000141086, 46.243724999609185 ], [ 2.924843999651046, 46.941387000110126 ], [ 2.728481999644714, 47.435031000080755 ] ] ] } },
{ "type": "Feature", "properties": { "OBJECTID_1": 104.0, "LONC": -0.965295, "LATC": 46.609549, "IDAS": "FRAS104", "A": 3.5, "B": 1.0, "TECREG": "SCR-Ext", "TECTONICS": "Stable Continental Crust", "SS": 40, "NF": 40, "TF": 20, "MINDEPTH": 0, "HYPODEPTH1": 0, "HYPODEPTH2": 0, "HYPODEPTH3": 0, "MAXDEPTH": 20, "WHDEPTH1": 0.0, "WHDEPTH2": 0.0, "WHDEPTH3": 0.0, "MAXMAG01": 6.5, "MAXMAG02": 6.7, "MAXMAG03": 6.9, "MAXMAG04": 7.1, "WMAXMAG01": 0.5, "WMAXMAG02": 0.2, "WMAXMAG03": 0.2, "WMAXMAG04": 0.1, "STRIKE1": 0.0, "STRIKE2": 0.0, "STRIKE3": 0.0, "STRIKE4": 0.0, "DIP1": 0.0, "DIP2": 0.0, "DIP3": 0.0, "DIP4": 0.0, "DIRWEIGHT1": 0.0, "DIRWEIGHT2": 0.0, "DIRWEIGHT3": 0.0, "DIRWEIGHT4": 0.0 }, "geometry": { "type": "Polygon", "coordinates": [ [ [ -4.855433999779109, 48.07559199967119 ], [ -3.655119000241484, 47.938262999737788 ], [ -3.530451999659874, 47.922688000051323 ], [ -2.462619999613139, 47.789271999803134 ], [ -1.290465000059555, 47.624888999627785 ], [ -0.093096999726583, 47.458272999899179 ], [ 1.269356999925776, 47.21638999969889 ], [ 2.129468999594792, 47.19324199971868 ], [ 2.728481999644714, 47.435031000080755 ], [ 2.924843999651046, 46.941387000110126 ], [ 2.917327000141086, 46.243724999609185 ], [ 2.674173999830373, 45.74770399973994 ], [ 2.493414999902484, 45.839607000263015 ], [ 2.33339300028689, 45.920967000227051 ], [ 2.014526999621523, 45.926861000434997 ], [ 1.557859999739378, 45.813811999624249 ], [ 1.263517000409422, 45.705504999856032 ], [ 1.002156000399282, 45.609333000317861 ], [ -0.123573000393492, 45.14350499975609 ], [ -1.144051000253285, 45.587917000169568 ], [ -1.555438000263337, 45.77969500012432 ], [ -2.273686000408418, 46.115182000149332 ], [ -3.325677000193252, 46.675867999908462 ], [ -4.062605000220401, 47.489404000194611 ], [ -4.855433999779109, 48.07559199967119 ] ] ] } },
{ "type": "Feature", "properties": { "OBJECTID_1": 105.0, "LONC": 5.064686, "LATC": 46.083791, "IDAS": "FRAS105", "A": 2.6, "B": 1.0, "TECREG": "SCR-Ext", "TECTONICS": "Stable Continental Crust", "SS": 70, "NF": 25, "TF": 5, "MINDEPTH": 5, "HYPODEPTH1": 0, "HYPODEPTH2": 0, "HYPODEPTH3": 0, "MAXDEPTH": 20, "WHDEPTH1": 0.0, "WHDEPTH2": 0.0, "WHDEPTH3": 0.0, "MAXMAG01": 6.5, "MAXMAG02": 6.7, "MAXMAG03": 6.9, "MAXMAG04": 7.1, "WMAXMAG01": 0.5, "WMAXMAG02": 0.2, "WMAXMAG03": 0.2, "WMAXMAG04": 0.1, "STRIKE1": 0.0, "STRIKE2": 0.0, "STRIKE3": 0.0, "STRIKE4": 0.0, "DIP1": 0.0, "DIP2": 0.0, "DIP3": 0.0, "DIP4": 0.0, "DIRWEIGHT1": 0.0, "DIRWEIGHT2": 0.0, "DIRWEIGHT3": 0.0, "DIRWEIGHT4": 0.0 }, "geometry": { "type": "Polygon", "coordinates": [ [ [ 4.53647599956787, 45.139515000117342 ], [ 4.564962000196317, 45.386326000045017 ], [ 4.59597500044606, 45.681987999946386 ], [ 4.6116080001093, 45.873374999856537 ], [ 4.559643000424273, 46.446457000190549 ], [ 4.665019999973197, 46.6715549997636 ], [ 4.667032000126881, 46.949294999664687 ], [ 4.885391000094728, 47.035575999932632 ], [ 5.515770999632082, 47.280534999890506 ], [ 5.443989999838777, 46.998495999590887 ], [ 5.272781999689698, 46.355251000333567 ], [ 5.31699299972729, 46.093727000001195 ], [ 5.349593000316872, 45.900889999773824 ], [ 5.592895000304168, 45.633712999555428 ], [ 5.58006200026125, 45.415623000301366 ], [ 5.04481500001242, 45.00569199998597 ], [ 4.889901000331065, 44.887047000119139 ], [ 4.53647599956787, 45.139515000117342 ] ] ] } },
{ "type": "Feature", "properties": { "OBJECTID_1": 108.0, "LONC": 3.559046, "LATC": 45.921398, "IDAS": "FRAS108", "A": 2.8, "B": 0.9, "TECREG": "SCR-Ext", "TECTONICS": "Stable Continental Crust", "SS": 40, "NF": 40, "TF": 20, "MINDEPTH": 5, "HYPODEPTH1": 0, "HYPODEPTH2": 0, "HYPODEPTH3": 0, "MAXDEPTH": 20, "WHDEPTH1": 0.0, "WHDEPTH2": 0.0, "WHDEPTH3": 0.0, "MAXMAG01": 6.5, "MAXMAG02": 6.7, "MAXMAG03": 6.9, "MAXMAG04": 7.1, "WMAXMAG01": 0.5, "WMAXMAG02": 0.2, "WMAXMAG03": 0.2, "WMAXMAG04": 0.1, "STRIKE1": 0.0, "STRIKE2": 0.0, "STRIKE3": 0.0, "STRIKE4": 0.0, "DIP1": 0.0, "DIP2": 0.0, "DIP3": 0.0, "DIP4": 0.0, "DIRWEIGHT1": 0.0, "DIRWEIGHT2": 0.0, "DIRWEIGHT3": 0.0, "DIRWEIGHT4": 0.0 }, "geometry": { "type": "Polygon", "coordinates": [ [ [ 2.45106000001914, 45.270748000420042 ], [ 2.674173999830373, 45.74770399973994 ], [ 2.917327000141086, 46.243724999609185 ], [ 3.896335999606833, 46.638512000328717 ], [ 4.667032000126881, 46.949294999664687 ], [ 4.665019999973197, 46.6715549997636 ], [ 4.559643000424273, 46.446457000190549 ], [ 4.6116080001093, 45.873374999856537 ], [ 4.59597500044606, 45.681987999946386 ], [ 4.564962000196317, 45.386326000045017 ], [ 4.53647599956787, 45.139515000117342 ], [ 4.508081000437983, 44.89350100007124 ], [ 4.395759999924223, 44.914269000014485 ], [ 4.267874000185145, 44.93791599962384 ], [ 2.45106000001914, 45.270748000420042 ] ] ] } },
{ "type": "Feature", "properties": { "OBJECTID_1": 110.0, "LONC": 0.973008, "LATC": 44.498314, "IDAS": "FRAS110", "A": 2.7911, "B": 1.0, "TECREG": "SCR-Ext", "TECTONICS": "Stable Continental Crust", "SS": 40, "NF": 40, "TF": 20, "MINDEPTH": 0, "HYPODEPTH1": 0, "HYPODEPTH2": 0, "HYPODEPTH3": 0, "MAXDEPTH": 10, "WHDEPTH1": 0.0, "WHDEPTH2": 0.0, "WHDEPTH3": 0.0, "MAXMAG01": 6.5, "MAXMAG02": 6.7, "MAXMAG03": 6.9, "MAXMAG04": 7.1, "WMAXMAG01": 0.5, "WMAXMAG02": 0.2, "WMAXMAG03": 0.2, "WMAXMAG04": 0.1, "STRIKE1": 0.0, "STRIKE2": 0.0, "STRIKE3": 0.0, "STRIKE4": 0.0, "DIP1": 0.0, "DIP2": 0.0, "DIP3": 0.0, "DIP4": 0.0, "DIRWEIGHT1": 0.0, "DIRWEIGHT2": 0.0, "DIRWEIGHT3": 0.0, "DIRWEIGHT4": 0.0 }, "geometry": { "type": "Polygon", "coordinates": [ [ [ -1.144051000253285, 45.587917000169568 ], [ -0.123573000393492, 45.14350499975609 ], [ 1.002156000399282, 45.609333000317861 ], [ 1.263517000409422, 45.705504999856032 ], [ 1.557859999739378, 45.813811999624249 ], [ 2.014526999621523, 45.926861000434997 ], [ 2.33339300028689, 45.920967000227051 ], [ 2.493414999902484, 45.839607000263015 ], [ 2.674173999830373, 45.74770399973994 ], [ 2.45106000001914, 45.270748000420042 ], [ 1.899400000110063, 44.091453999902342 ], [ 3.384052999846233, 43.769817000054672 ], [ 3.008410999767989, 43.527423999717996 ], [ 2.698540000220987, 43.441127999657624 ], [ 2.586842999704857, 43.356101999707676 ], [ 2.223591999971006, 43.069766000001039 ], [ 1.426442999944641, 43.136863999674006 ], [ 1.006336999852806, 43.16397900003102 ], [ -0.470520000097792, 43.748448000275175 ], [ -1.135800000169695, 43.716026999846349 ], [ -1.438038000253357, 43.675480999748515 ], [ -1.401943000368988, 43.809322999856704 ], [ -1.144051000253285, 45.587917000169568 ] ] ] } },
{ "type": "Feature", "properties": { "OBJECTID_1": 111.0, "LONC": 3.394651, "LATC": 44.520283, "IDAS": "FRAS111", "A": 2.9, "B": 1.0, "TECREG": "SCR-Ext", "TECTONICS": "Stable Continental Crust", "SS": 40, "NF": 40, "TF": 20, "MINDEPTH": 0, "HYPODEPTH1": 0, "HYPODEPTH2": 0, "HYPODEPTH3": 0, "MAXDEPTH": 10, "WHDEPTH1": 0.0, "WHDEPTH2": 0.0, "WHDEPTH3": 0.0, "MAXMAG01": 6.5, "MAXMAG02": 6.7, "MAXMAG03": 6.9, "MAXMAG04": 7.1, "WMAXMAG01": 0.5, "WMAXMAG02": 0.2, "WMAXMAG03": 0.2, "WMAXMAG04": 0.1, "STRIKE1": 0.0, "STRIKE2": 0.0, "STRIKE3": 0.0, "STRIKE4": 0.0, "DIP1": 0.0, "DIP2": 0.0, "DIP3": 0.0, "DIP4": 0.0, "DIRWEIGHT1": 0.0, "DIRWEIGHT2": 0.0, "DIRWEIGHT3": 0.0, "DIRWEIGHT4": 0.0 }, "geometry": { "type": "Polygon", "coordinates": [ [ [ 2.45106000001914, 45.270748000420042 ], [ 4.267874000185145, 44.93791599962384 ], [ 4.395759999924223, 44.914269000014485 ], [ 4.508081000437983, 44.89350100007124 ], [ 4.53647599956787, 45.139515000117342 ], [ 4.889901000331065, 44.887047000119139 ], [ 4.314082999730829, 44.459831000400527 ], [ 3.962545999698307, 44.199017000434367 ], [ 3.384052999846233, 43.769817000054672 ], [ 1.899400000110063, 44.091453999902342 ], [ 2.45106000001914, 45.270748000420042 ] ] ] } },
{ "type": "Feature", "properties": { "OBJECTID_1": 113.0, "LONC": 4.801749, "LATC": 44.457425, "IDAS": "FRAS114", "A": 3.0, "B": 1.0, "TECREG": "SCR-Ext", "TECTONICS": "Stable Continental Crust", "SS": 40, "NF": 40, "TF": 20, "MINDEPTH": 0, "HYPODEPTH1": 0, "HYPODEPTH2": 0, "HYPODEPTH3": 0, "MAXDEPTH": 10, "WHDEPTH1": 0.0, "WHDEPTH2": 0.0, "WHDEPTH3": 0.0, "MAXMAG01": 6.5, "MAXMAG02": 6.7, "MAXMAG03": 6.9, "MAXMAG04": 7.1, "WMAXMAG01": 0.5, "WMAXMAG02": 0.2, "WMAXMAG03": 0.2, "WMAXMAG04": 0.1, "STRIKE1": 0.0, "STRIKE2": 0.0, "STRIKE3": 0.0, "STRIKE4": 0.0, "DIP1": 0.0, "DIP2": 0.0, "DIP3": 0.0, "DIP4": 0.0, "DIRWEIGHT1": 0.0, "DIRWEIGHT2": 0.0, "DIRWEIGHT3": 0.0, "DIRWEIGHT4": 0.0 }, "geometry": { "type": "Polygon", "coordinates": [ [ [ 4.314082999730829, 44.459831000400527 ], [ 4.889901000331065, 44.887047000119139 ], [ 5.289414999602684, 44.726714999697663 ], [ 5.137699999955203, 44.269375000256218 ], [ 4.807987000000196, 44.027801999962492 ], [ 4.616201999722648, 44.19670900012045 ], [ 4.314082999730829, 44.459831000400527 ] ] ] } },
{ "type": "Feature", "properties": { "OBJECTID_1": 114.0, "LONC": 3.515789, "LATC": 43.696249, "IDAS": "FRAS115", "A": 2.1, "B": 1.0, "TECREG": "SCR-Ext", "TECTONICS": "Stable Continental Crust", "SS": 30, "NF": 30, "TF": 40, "MINDEPTH": 0, "HYPODEPTH1": 0, "HYPODEPTH2": 0, "HYPODEPTH3": 0, "MAXDEPTH": 10, "WHDEPTH1": 0.0, "WHDEPTH2": 0.0, "WHDEPTH3": 0.0, "MAXMAG01": 6.5, "MAXMAG02": 6.7, "MAXMAG03": 6.9, "MAXMAG04": 7.1, "WMAXMAG01": 0.5, "WMAXMAG02": 0.2, "WMAXMAG03": 0.2, "WMAXMAG04": 0.1, "STRIKE1": 0.0, "STRIKE2": 0.0, "STRIKE3": 0.0, "STRIKE4": 0.0, "DIP1": 0.0, "DIP2": 0.0, "DIP3": 0.0, "DIP4": 0.0, "DIRWEIGHT1": 0.0, "DIRWEIGHT2": 0.0, "DIRWEIGHT3": 0.0, "DIRWEIGHT4": 0.0 }, "geometry": { "type": "Polygon", "coordinates": [ [ [ 2.223591999971006, 43.069766000001039 ], [ 2.586842999704857, 43.356101999707676 ], [ 2.698540000220987, 43.441127999657624 ], [ 3.008410999767989, 43.527423999717996 ], [ 3.384052999846233, 43.769817000054672 ], [ 3.962545999698307, 44.199017000434367 ], [ 4.314082999730829, 44.459831000400527 ], [ 4.616201999722648, 44.19670900012045 ], [ 4.807987000000196, 44.027801999962492 ], [ 4.474493038822857, 43.826300825922544 ], [ 3.881262999687863, 43.430678999836118 ], [ 3.32260800005929, 43.074637999843958 ], [ 3.030007000123135, 42.932665999836217 ], [ 2.805175000226257, 43.020812999820237 ], [ 2.223591999971006, 43.069766000001039 ] ] ] } },
{ "type": "Feature", "properties": { "OBJECTID_1": 119.0, "LONC": 6.129761, "LATC": 47.343364, "IDAS": "FRAS125", "A": 2.45, "B": 1.0, "TECREG": "SCR-Ext", "TECTONICS": "Stable Continental Crust", "SS": 70, "NF": 25, "TF": 5, "MINDEPTH": 5, "HYPODEPTH1": 0, "HYPODEPTH2": 0, "HYPODEPTH3": 0, "MAXDEPTH": 20, "WHDEPTH1": 0.0, "WHDEPTH2": 0.0, "WHDEPTH3": 0.0, "MAXMAG01": 6.5, "MAXMAG02": 6.7, "MAXMAG03": 6.9, "MAXMAG04": 7.1, "WMAXMAG01": 0.5, "WMAXMAG02": 0.2, "WMAXMAG03": 0.2, "WMAXMAG04": 0.1, "STRIKE1": 0.0, "STRIKE2": 0.0, "STRIKE3": 0.0, "STRIKE4": 0.0, "DIP1": 0.0, "DIP2": 0.0, "DIP3": 0.0, "DIP4": 0.0, "DIRWEIGHT1": 0.0, "DIRWEIGHT2": 0.0, "DIRWEIGHT3": 0.0, "DIRWEIGHT4": 0.0 }, "geometry": { "type": "Polygon", "coordinates": [ [ [ 5.443989999838777, 46.998495999590887 ], [ 5.515770999632082, 47.280534999890506 ], [ 5.907064000203604, 47.429482999640868 ], [ 6.581593999663539, 47.62204000044585 ], [ 6.815533000447772, 47.68823199970717 ], [ 6.725566000170943, 47.329769000439171 ], [ 5.745425999810209, 47.073650000247483 ], [ 5.443989999838777, 46.998495999590887 ] ] ] } },
{ "type": "Feature", "properties": { "OBJECTID_1": 131.0, "LONC": 11.073761, "LATC": 48.803384, "IDAS": "DEAS137", "A": 2.45, "B": 1.0, "TECREG": "SCR-Ext", "TECTONICS": "Stable Continental Crust", "SS": 90, "NF": 10, "TF": 0, "MINDEPTH": 7, "HYPODEPTH1": 0, "HYPODEPTH2": 0, "HYPODEPTH3": 0, "MAXDEPTH": 11, "WHDEPTH1": 0.0, "WHDEPTH2": 0.0, "WHDEPTH3": 0.0, "MAXMAG01": 6.5, "MAXMAG02": 6.7, "MAXMAG03": 6.9, "MAXMAG04": 7.1, "WMAXMAG01": 0.5, "WMAXMAG02": 0.2, "WMAXMAG03": 0.2, "WMAXMAG04": 0.1, "STRIKE1": 0.0, "STRIKE2": 0.0, "STRIKE3": 0.0, "STRIKE4": 0.0, "DIP1": 0.0, "DIP2": 0.0, "DIP3": 0.0, "DIP4": 0.0, "DIRWEIGHT1": 0.0, "DIRWEIGHT2": 0.0, "DIRWEIGHT3": 0.0, "DIRWEIGHT4": 0.0 }, "geometry": { "type": "Polygon", "coordinates": [ [ [ 10.564672000012933, 48.617934999800582 ], [ 10.466243999860865, 48.862120000038146 ], [ 10.919987999846455, 48.965634000009288 ], [ 11.231169000449199, 48.975117000249554 ], [ 11.681277000033674, 48.988833999689518 ], [ 11.672838000273657, 48.793191999611281 ], [ 11.454064000053734, 48.741447000179107 ], [ 10.564672000012933, 48.617934999800582 ] ] ] } },
{ "type": "Feature", "properties": { "OBJECTID_1": 133.0, "LONC": 9.384484, "LATC": 48.661108, "IDAS": "DEAS139", "A": 2.4, "B": 1.0, "TECREG": "SCR-Ext", "TECTONICS": "Stable Continental Crust", "SS": 35, "NF": 50, "TF": 15, "MINDEPTH": 7, "HYPODEPTH1": 0, "HYPODEPTH2": 0, "HYPODEPTH3": 0, "MAXDEPTH": 11, "WHDEPTH1": 0.0, "WHDEPTH2": 0.0, "WHDEPTH3": 0.0, "MAXMAG01": 6.5, "MAXMAG02": 6.7, "MAXMAG03": 6.9, "MAXMAG04": 7.1, "WMAXMAG01": 0.5, "WMAXMAG02": 0.2, "WMAXMAG03": 0.2, "WMAXMAG04": 0.1, "STRIKE1": 0.0, "STRIKE2": 0.0, "STRIKE3": 0.0, "STRIKE4": 0.0, "DIP1": 0.0, "DIP2": 0.0, "DIP3": 0.0, "DIP4": 0.0, "DIRWEIGHT1": 0.0, "DIRWEIGHT2": 0.0, "DIRWEIGHT3": 0.0, "DIRWEIGHT4": 0.0 }, "geometry": { "type": "Polygon", "coordinates": [ [ [ 8.302724000312537, 48.320912000088924 ], [ 8.319473000178959, 48.776385999814181 ], [ 8.532365999891169, 49.001304000079699 ], [ 8.9501899999687, 48.980696000320336 ], [ 9.178214999622696, 48.981794999739634 ], [ 9.702000000100099, 48.997000000349885 ], [ 10.083300000294912, 48.928499999875271 ], [ 10.373153000310879, 48.87840199995253 ], [ 10.466243999860865, 48.862120000038146 ], [ 9.106061999761664, 48.524948999696733 ], [ 8.873961000100223, 48.46587899971621 ], [ 8.680274000245106, 48.416715999743758 ], [ 8.302724000312537, 48.320912000088924 ] ] ] } },
{ "type": "Feature", "properties": { "OBJECTID_1": 134.0, "LONC": 8.996099, "LATC": 48.31534, "IDAS": "DEAS140", "A": 3.1, "B": 1.0, "TECREG": "SCR-Ext", "TECTONICS": "Stable Continental Crust", "SS": 90, "NF": 10, "TF": 0, "MINDEPTH": 7, "HYPODEPTH1": 0, "HYPODEPTH2": 0, "HYPODEPTH3": 0, "MAXDEPTH": 11, "WHDEPTH1": 0.0, "WHDEPTH2": 0.0, "WHDEPTH3": 0.0, "MAXMAG01": 6.5, "MAXMAG02": 6.7, "MAXMAG03": 6.9, "MAXMAG04": 7.1, "WMAXMAG01": 0.5, "WMAXMAG02": 0.2, "WMAXMAG03": 0.2, "WMAXMAG04": 0.1, "STRIKE1": 0.0, "STRIKE2": 0.0, "STRIKE3": 196.873583, "STRIKE4": 0.0, "DIP1": 0.0, "DIP2": 0.0, "DIP3": 75.79925, "DIP4": 0.0, "DIRWEIGHT1": 0.0, "DIRWEIGHT2": 0.0, "DIRWEIGHT3": 1.0, "DIRWEIGHT4": 0.0 }, "geometry": { "type": "Polygon", "coordinates": [ [ [ 8.873961000100223, 48.46587899971621 ], [ 9.106061999761664, 48.524948999696733 ], [ 9.154900000035127, 48.293067000242047 ], [ 9.121241000072246, 48.105732000131866 ], [ 8.837297000056651, 48.112315999783732 ], [ 8.873961000100223, 48.46587899971621 ] ] ] } },
{ "type": "Feature", "properties": { "OBJECTID_1": 136.0, "LONC": 9.046021, "LATC": 47.987416, "IDAS": "DEAS142", "A": 2.78, "B": 1.0, "TECREG": "SCR-Ext", "TECTONICS": "Stable Continental Crust", "SS": 35, "NF": 50, "TF": 15, "MINDEPTH": 7, "HYPODEPTH1": 0, "HYPODEPTH2": 0, "HYPODEPTH3": 0, "MAXDEPTH": 11, "WHDEPTH1": 0.0, "WHDEPTH2": 0.0, "WHDEPTH3": 0.0, "MAXMAG01": 6.5, "MAXMAG02": 6.7, "MAXMAG03": 6.9, "MAXMAG04": 7.1, "WMAXMAG01": 0.5, "WMAXMAG02": 0.2, "WMAXMAG03": 0.2, "WMAXMAG04": 0.1, "STRIKE1": 0.0, "STRIKE2": 0.0, "STRIKE3": 0.0, "STRIKE4": 0.0, "DIP1": 0.0, "DIP2": 0.0, "DIP3": 0.0, "DIP4": 0.0, "DIRWEIGHT1": 0.0, "DIRWEIGHT2": 0.0, "DIRWEIGHT3": 0.0, "DIRWEIGHT4": 0.0 }, "geometry": { "type": "Polygon", "coordinates": [ [ [ 8.271777000408406, 47.60510700018807 ], [ 8.292000000399867, 47.93400000010007 ], [ 8.295731999832071, 48.061611999794138 ], [ 8.302724000312537, 48.320912000088924 ], [ 8.680274000245106, 48.416715999743758 ], [ 8.873961000100223, 48.46587899971621 ], [ 8.837297000056651, 48.112315999783732 ], [ 9.121241000072246, 48.105732000131866 ], [ 9.181308000164222, 48.128329999929747 ], [ 9.669955999969602, 48.154009999761854 ], [ 9.561307999764551, 48.045709000270335 ], [ 9.563760999570661, 48.014870999996845 ], [ 9.57043399972946, 47.934536999682962 ], [ 9.820265000429572, 47.508952999681355 ], [ 9.781936000046528, 47.531552999571431 ], [ 9.471763000062538, 47.611820000392868 ], [ 9.350521000044296, 47.623745999978098 ], [ 9.123828999808666, 47.645491000009827 ], [ 8.302453000405819, 47.605095999680827 ], [ 8.271777000408406, 47.60510700018807 ] ] ] } },
{ "type": "Feature", "properties": { "OBJECTID_1": 137.0, "LONC": 7.835047, "LATC": 48.281467, "IDAS": "FRAS143", "A": 3.3, "B": 1.0, "TECREG": "SCR-Ext", "TECTONICS": "Stable Continental Crust", "SS": 35, "NF": 50, "TF": 15, "MINDEPTH": 4, "HYPODEPTH1": 0, "HYPODEPTH2": 0, "HYPODEPTH3": 0, "MAXDEPTH": 16, "WHDEPTH1": 0.0, "WHDEPTH2": 0.0, "WHDEPTH3": 0.0, "MAXMAG01": 6.5, "MAXMAG02": 6.8, "MAXMAG03": 7.1, "MAXMAG04": 7.4, "WMAXMAG01": 0.5, "WMAXMAG02": 0.2, "WMAXMAG03": 0.2, "WMAXMAG04": 0.1, "STRIKE1": 0.0, "STRIKE2": 164.786563, "STRIKE3": 200.002722, "STRIKE4": 0.0, "DIP1": 0.0, "DIP2": 57.752, "DIP3": 64.425333, "DIP4": 0.0, "DIRWEIGHT1": 0.0, "DIRWEIGHT2": 0.470588, "DIRWEIGHT3": 0.529412, "DIRWEIGHT4": 0.0 }, "geometry": { "type": "Polygon", "coordinates": [ [ [ 7.137727999947401, 47.511270999557155 ], [ 7.166783999881829, 47.595807000293007 ], [ 7.239420000432858, 47.808094999984405 ], [ 7.40661599992859, 48.173197999688114 ], [ 7.548326000444717, 48.501891000269609 ], [ 7.709656000124482, 48.88046199962173 ], [ 7.971452999556448, 49.051662000301235 ], [ 8.532365999891169, 49.001304000079699 ], [ 8.319473000178959, 48.776385999814181 ], [ 7.968192000260785, 48.406590999575144 ], [ 7.862000000000137, 48.202999999850306 ], [ 7.806000000399877, 47.960000000299942 ], [ 7.733220000402866, 47.80805599998456 ], [ 7.742946000157929, 47.600013000000104 ], [ 7.51225900005295, 47.598928000327135 ], [ 7.460846999789396, 47.598579999567505 ], [ 7.369978000184744, 47.573676999593999 ], [ 7.245758999578356, 47.540360000114106 ], [ 7.137727999947401, 47.511270999557155 ] ] ] } },
{ "type": "Feature", "properties": { "OBJECTID_1": 139.0, "LONC": 8.528403, "LATC": 49.823, "IDAS": "DEAS145", "A": 2.5, "B": 1.0, "TECREG": "SCR-Ext", "TECTONICS": "Stable Continental Crust", "SS": 35, "NF": 50, "TF": 15, "MINDEPTH": 4, "HYPODEPTH1": 0, "HYPODEPTH2": 0, "HYPODEPTH3": 0, "MAXDEPTH": 16, "WHDEPTH1": 0.0, "WHDEPTH2": 0.0, "WHDEPTH3": 0.0, "MAXMAG01": 6.5, "MAXMAG02": 6.8, "MAXMAG03": 7.1, "MAXMAG04": 7.4, "WMAXMAG01": 0.5, "WMAXMAG02": 0.2, "WMAXMAG03": 0.2, "WMAXMAG04": 0.1, "STRIKE1": 0.0, "STRIKE2": 0.0, "STRIKE3": 0.0, "STRIKE4": 0.0, "DIP1": 0.0, "DIP2": 0.0, "DIP3": 0.0, "DIP4": 0.0, "DIRWEIGHT1": 0.0, "DIRWEIGHT2": 0.0, "DIRWEIGHT3": 0.0, "DIRWEIGHT4": 0.0 }, "geometry": { "type": "Polygon", "coordinates": [ [ [ 8.072999999650449, 49.375999999700412 ], [ 8.200087000314966, 49.750562000336231 ], [ 8.233783000185497, 49.974042999984647 ], [ 8.263999999700388, 50.174000000299941 ], [ 8.4809999999502, 50.270000000000152 ], [ 8.983804999701135, 50.18749400024808 ], [ 8.78326200024128, 49.618791000404485 ], [ 8.659999999700403, 49.533999999600496 ], [ 8.072999999650449, 49.375999999700412 ] ] ] } },
{ "type": "Feature", "properties": { "OBJECTID_1": 140.0, "LONC": 8.377358, "LATC": 49.310048, "IDAS": "DEAS146", "A": 2.5, "B": 1.0, "TECREG": "SCR-Ext", "TECTONICS": "Stable Continental Crust", "SS": 35, "NF": 50, "TF": 15, "MINDEPTH": 4, "HYPODEPTH1": 0, "HYPODEPTH2": 0, "HYPODEPTH3": 0, "MAXDEPTH": 16, "WHDEPTH1": 0.0, "WHDEPTH2": 0.0, "WHDEPTH3": 0.0, "MAXMAG01": 6.5, "MAXMAG02": 6.8, "MAXMAG03": 7.1, "MAXMAG04": 7.4, "WMAXMAG01": 0.5, "WMAXMAG02": 0.2, "WMAXMAG03": 0.2, "WMAXMAG04": 0.1, "STRIKE1": 0.0, "STRIKE2": 0.0, "STRIKE3": 0.0, "STRIKE4": 0.0, "DIP1": 0.0, "DIP2": 0.0, "DIP3": 0.0, "DIP4": 0.0, "DIRWEIGHT1": 0.0, "DIRWEIGHT2": 0.0, "DIRWEIGHT3": 0.0, "DIRWEIGHT4": 0.0 }, "geometry": { "type": "Polygon", "coordinates": [ [ [ 7.971452999556448, 49.051662000301235 ], [ 8.072999999650449, 49.375999999700412 ], [ 8.659999999700403, 49.533999999600496 ], [ 8.78326200024128, 49.618791000404485 ], [ 8.720696000020553, 49.320824000327548 ], [ 8.642184000091675, 49.142415999998548 ], [ 8.532365999891169, 49.001304000079699 ], [ 7.971452999556448, 49.051662000301235 ] ] ] } },
{ "type": "Feature", "properties": { "OBJECTID_1": 145.0, "LONC": 9.024627, "LATC": 51.393639, "IDAS": "DEAS151", "A": 0.8009, "B": 1.0, "TECREG": "SCR-Ext", "TECTONICS": "Stable Continental Crust", "SS": 35, "NF": 50, "TF": 15, "MINDEPTH": 5, "HYPODEPTH1": 0, "HYPODEPTH2": 0, "HYPODEPTH3": 0, "MAXDEPTH": 17, "WHDEPTH1": 0.0, "WHDEPTH2": 0.0, "WHDEPTH3": 0.0, "MAXMAG01": 6.5, "MAXMAG02": 6.7, "MAXMAG03": 6.9, "MAXMAG04": 7.1, "WMAXMAG01": 0.5, "WMAXMAG02": 0.2, "WMAXMAG03": 0.2, "WMAXMAG04": 0.1, "STRIKE1": 0.0, "STRIKE2": 0.0, "STRIKE3": 0.0, "STRIKE4": 0.0, "DIP1": 0.0, "DIP2": 0.0, "DIP3": 0.0, "DIP4": 0.0, "DIRWEIGHT1": 0.0, "DIRWEIGHT2": 0.0, "DIRWEIGHT3": 0.0, "DIRWEIGHT4": 0.0 }, "geometry": { "type": "Polygon", "coordinates": [ [ [ 7.672095000084369, 52.238504999606221 ], [ 7.867097000326453, 52.599784000131649 ], [ 9.116923999742937, 52.22488500014282 ], [ 9.604284000406437, 51.761740000101099 ], [ 9.432942000373203, 51.10012700006115 ], [ 9.128891000319584, 50.597592000170835 ], [ 8.983804999701135, 50.18749400024808 ], [ 8.4809999999502, 50.270000000000152 ], [ 9.000937000142585, 51.811155000003396 ], [ 7.672095000084369, 52.238504999606221 ] ] ] } },
{ "type": "Feature", "properties": { "OBJECTID_1": 149.0, "LONC": 10.787852, "LATC": 50.37978, "IDAS": "DEAS155", "A": 2.0, "B": 1.0, "TECREG": "SCR-Ext", "TECTONICS": "Stable Continental Crust", "SS": 90, "NF": 10, "TF": 0, "MINDEPTH": 5, "HYPODEPTH1": 0, "HYPODEPTH2": 0, "HYPODEPTH3": 0, "MAXDEPTH": 17, "WHDEPTH1": 0.0, "WHDEPTH2": 0.0, "WHDEPTH3": 0.0, "MAXMAG01": 6.5, "MAXMAG02": 6.7, "MAXMAG03": 6.9, "MAXMAG04": 7.1, "WMAXMAG01": 0.5, "WMAXMAG02": 0.2, "WMAXMAG03": 0.2, "WMAXMAG04": 0.1, "STRIKE1": 0.0, "STRIKE2": 0.0, "STRIKE3": 0.0, "STRIKE4": 0.0, "DIP1": 0.0, "DIP2": 0.0, "DIP3": 0.0, "DIP4": 0.0, "DIRWEIGHT1": 0.0, "DIRWEIGHT2": 0.0, "DIRWEIGHT3": 0.0, "DIRWEIGHT4": 0.0 }, "geometry": { "type": "Polygon", "coordinates": [ [ [ 9.128891000319584, 50.597592000170835 ], [ 9.432942000373203, 51.10012700006115 ], [ 10.017610999947863, 51.164651999790124 ], [ 12.140248000045347, 51.246184999638217 ], [ 12.037013000349873, 51.137269999710895 ], [ 12.053348000010374, 50.467795000439082 ], [ 12.074407999929406, 50.388157999891973 ], [ 12.108641000282091, 50.36501099995786 ], [ 12.188008000069317, 50.311620000163032 ], [ 12.354018999777168, 50.120428000252161 ], [ 12.446811999973988, 50.001090999949838 ], [ 12.389088000011327, 49.513374999956454 ], [ 12.216699000258814, 49.663224999933959 ], [ 12.165604000224619, 49.707818999647259 ], [ 12.040930000219475, 49.78624099992237 ], [ 11.92572599985516, 49.858704999736119 ], [ 11.503894000208106, 49.999933999654502 ], [ 10.90646100017517, 50.150347999560722 ], [ 10.314197000191541, 50.299842000208287 ], [ 9.721932000161814, 50.449334999910491 ], [ 9.128891000319584, 50.597592000170835 ] ] ] } },
{ "type": "Feature", "properties": { "OBJECTID_1": 150.0, "LONC": 12.333879, "LATC": 50.901646, "IDAS": "DEAS156", "A": 2.8, "B": 1.0, "TECREG": "SCR-NoExt", "TECTONICS": "Stable Continental Crust", "SS": 90, "NF": 10, "TF": 0, "MINDEPTH": 5, "HYPODEPTH1": 0, "HYPODEPTH2": 0, "HYPODEPTH3": 0, "MAXDEPTH": 17, "WHDEPTH1": 0.0, "WHDEPTH2": 0.0, "WHDEPTH3": 0.0, "MAXMAG01": 6.5, "MAXMAG02": 6.7, "MAXMAG03": 6.9, "MAXMAG04": 7.1, "WMAXMAG01": 0.5, "WMAXMAG02": 0.2, "WMAXMAG03": 0.2, "WMAXMAG04": 0.1, "STRIKE1": 0.0, "STRIKE2": 0.0, "STRIKE3": 0.0, "STRIKE4": 0.0, "DIP1": 0.0, "DIP2": 0.0, "DIP3": 0.0, "DIP4": 0.0, "DIRWEIGHT1": 0.0, "DIRWEIGHT2": 0.0, "DIRWEIGHT3": 0.0, "DIRWEIGHT4": 0.0 }, "geometry": { "type": "Polygon", "coordinates": [ [ [ 12.140248000045347, 51.246184999638217 ], [ 12.417714999947464, 51.491672999709351 ], [ 12.545368999779669, 51.407733000377846 ], [ 12.630744999682179, 51.129785999924138 ], [ 12.540883999796904, 50.589231000410507 ], [ 12.549615000432084, 50.397782000339191 ], [ 12.188008000069317, 50.311620000163032 ], [ 12.108641000282091, 50.36501099995786 ], [ 12.074407999929406, 50.388157999891973 ], [ 12.053348000010374, 50.467795000439082 ], [ 12.037013000349873, 51.137269999710895 ], [ 12.140248000045347, 51.246184999638217 ] ] ] } },
{ "type": "Feature", "properties": { "OBJECTID_1": 151.0, "LONC": 4.075138, "LATC": 50.43731, "IDAS": "BEAS157", "A": 2.9, "B": 1.0, "TECREG": "SCR-Ext", "TECTONICS": "Stable Continental Crust", "SS": 33, "NF": 33, "TF": 34, "MINDEPTH": 5, "HYPODEPTH1": 0, "HYPODEPTH2": 0, "HYPODEPTH3": 0, "MAXDEPTH": 20, "WHDEPTH1": 0.0, "WHDEPTH2": 0.0, "WHDEPTH3": 0.0, "MAXMAG01": 6.5, "MAXMAG02": 6.7, "MAXMAG03": 6.9, "MAXMAG04": 7.1, "WMAXMAG01": 0.5, "WMAXMAG02": 0.2, "WMAXMAG03": 0.2, "WMAXMAG04": 0.1, "STRIKE1": 0.0, "STRIKE2": 0.0, "STRIKE3": 0.0, "STRIKE4": 0.0, "DIP1": 0.0, "DIP2": 0.0, "DIP3": 0.0, "DIP4": 0.0, "DIRWEIGHT1": 0.0, "DIRWEIGHT2": 0.0, "DIRWEIGHT3": 0.0, "DIRWEIGHT4": 0.0 }, "geometry": { "type": "Polygon", "coordinates": [ [ [ 3.63772799974754, 50.538068999984546 ], [ 4.484637000297482, 50.559469000294314 ], [ 4.512547999590652, 50.349499999625436 ], [ 3.657203000318361, 50.315151000218634 ], [ 3.63772799974754, 50.538068999984546 ] ] ] } },
{ "type": "Feature", "properties": { "OBJECTID_1": 152.0, "LONC": 5.893356, "LATC": 50.519005, "IDAS": "BEAS158", "A": 3.1, "B": 1.0, "TECREG": "SCR-Ext", "TECTONICS": "Stable Continental Crust", "SS": 35, "NF": 50, "TF": 15, "MINDEPTH": 5, "HYPODEPTH1": 0, "HYPODEPTH2": 0, "HYPODEPTH3": 0, "MAXDEPTH": 20, "WHDEPTH1": 0.0, "WHDEPTH2": 0.0, "WHDEPTH3": 0.0, "MAXMAG01": 6.5, "MAXMAG02": 6.7, "MAXMAG03": 6.9, "MAXMAG04": 7.1, "WMAXMAG01": 0.5, "WMAXMAG02": 0.2, "WMAXMAG03": 0.2, "WMAXMAG04": 0.1, "STRIKE1": 0.0, "STRIKE2": 0.0, "STRIKE3": 0.0, "STRIKE4": 0.0, "DIP1": 0.0, "DIP2": 0.0, "DIP3": 0.0, "DIP4": 0.0, "DIRWEIGHT1": 0.0, "DIRWEIGHT2": 0.0, "DIRWEIGHT3": 0.0, "DIRWEIGHT4": 0.0 }, "geometry": { "type": "Polygon", "coordinates": [ [ [ 5.308375999852672, 50.636898999789196 ], [ 5.87211700019958, 50.942738999605297 ], [ 6.046917999666107, 50.808078000399576 ], [ 6.453224000087687, 50.662721999920507 ], [ 6.478335999806689, 50.378062000161322 ], [ 5.642339999791318, 50.095272000302714 ], [ 5.308375999852672, 50.636898999789196 ] ] ] } },
{ "type": "Feature", "properties": { "OBJECTID_1": 153.0, "LONC": 3.830717, "LATC": 50.924034, "IDAS": "BEAS159", "A": 2.4, "B": 0.9, "TECREG": "SCR-Ext", "TECTONICS": "Stable Continental Crust", "SS": 33, "NF": 33, "TF": 34, "MINDEPTH": 7, "HYPODEPTH1": 0, "HYPODEPTH2": 0, "HYPODEPTH3": 0, "MAXDEPTH": 13, "WHDEPTH1": 0.0, "WHDEPTH2": 0.0, "WHDEPTH3": 0.0, "MAXMAG01": 6.5, "MAXMAG02": 6.7, "MAXMAG03": 6.9, "MAXMAG04": 7.1, "WMAXMAG01": 0.5, "WMAXMAG02": 0.2, "WMAXMAG03": 0.2, "WMAXMAG04": 0.1, "STRIKE1": 0.0, "STRIKE2": 0.0, "STRIKE3": 0.0, "STRIKE4": 0.0, "DIP1": 0.0, "DIP2": 0.0, "DIP3": 0.0, "DIP4": 0.0, "DIRWEIGHT1": 0.0, "DIRWEIGHT2": 0.0, "DIRWEIGHT3": 0.0, "DIRWEIGHT4": 0.0 }, "geometry": { "type": "Polygon", "coordinates": [ [ [ 1.789317000279482, 50.979521999740655 ], [ 2.359999999700392, 51.309999999900242 ], [ 4.152626999636482, 50.843943999616044 ], [ 5.191062000211275, 50.864644000020746 ], [ 5.642525000228716, 51.062025000253755 ], [ 5.87211700019958, 50.942738999605297 ], [ 5.308375999852672, 50.636898999789196 ], [ 4.916850000227498, 50.599955000323178 ], [ 4.484637000297482, 50.559469000294314 ], [ 3.63772799974754, 50.538068999984546 ], [ 2.75426499973014, 50.768728999743701 ], [ 1.789317000279482, 50.979521999740655 ] ] ] } },
{ "type": "Feature", "properties": { "OBJECTID_1": 154.0, "LONC": 2.405702, "LATC": 50.523933, "IDAS": "FRAS160", "A": 2.3911, "B": 1.0, "TECREG": "SCR-Ext", "TECTONICS": "Stable Continental Crust", "SS": 33, "NF": 33, "TF": 34, "MINDEPTH": 3, "HYPODEPTH1": 0, "HYPODEPTH2": 0, "HYPODEPTH3": 0, "MAXDEPTH": 24, "WHDEPTH1": 0.0, "WHDEPTH2": 0.0, "WHDEPTH3": 0.0, "MAXMAG01": 6.5, "MAXMAG02": 6.7, "MAXMAG03": 6.9, "MAXMAG04": 7.1, "WMAXMAG01": 0.5, "WMAXMAG02": 0.2, "WMAXMAG03": 0.2, "WMAXMAG04": 0.1, "STRIKE1": 0.0, "STRIKE2": 0.0, "STRIKE3": 0.0, "STRIKE4": 0.0, "DIP1": 0.0, "DIP2": 0.0, "DIP3": 0.0, "DIP4": 0.0, "DIRWEIGHT1": 0.0, "DIRWEIGHT2": 0.0, "DIRWEIGHT3": 0.0, "DIRWEIGHT4": 0.0 }, "geometry": { "type": "Polygon", "coordinates": [ [ [ 1.154202000022451, 50.664881999704676 ], [ 1.789317000279482, 50.979521999740655 ], [ 2.75426499973014, 50.768728999743701 ], [ 3.63772799974754, 50.538068999984546 ], [ 3.657203000318361, 50.315151000218634 ], [ 3.507037000157595, 50.068343999576086 ], [ 2.854421999575777, 50.107222000095419 ], [ 2.10523699998771, 50.370657000420408 ], [ 1.880849999927705, 50.440923999643019 ], [ 1.833243999810918, 50.455698000162727 ], [ 1.664844999697152, 50.507561999686686 ], [ 1.154202000022451, 50.664881999704676 ] ] ] } },
{ "type": "Feature", "properties": { "OBJECTID_1": 156.0, "LONC": 19.057579, "LATC": 52.349826, "IDAS": "PLAS162", "A": 2.9737, "B": 1.0, "TECREG": "SCR-NoExt", "TECTONICS": "Stable Continental Crust", "SS": 33, "NF": 33, "TF": 34, "MINDEPTH": 7, "HYPODEPTH1": 0, "HYPODEPTH2": 0, "HYPODEPTH3": 0, "MAXDEPTH": 13, "WHDEPTH1": 0.0, "WHDEPTH2": 0.0, "WHDEPTH3": 0.0, "MAXMAG01": 6.5, "MAXMAG02": 6.7, "MAXMAG03": 6.9, "MAXMAG04": 7.1, "WMAXMAG01": 0.5, "WMAXMAG02": 0.2, "WMAXMAG03": 0.2, "WMAXMAG04": 0.1, "STRIKE1": 0.0, "STRIKE2": 0.0, "STRIKE3": 0.0, "STRIKE4": 0.0, "DIP1": 0.0, "DIP2": 0.0, "DIP3": 0.0, "DIP4": 0.0, "DIRWEIGHT1": 0.0, "DIRWEIGHT2": 0.0, "DIRWEIGHT3": 0.0, "DIRWEIGHT4": 0.0 }, "geometry": { "type": "Polygon", "coordinates": [ [ [ 13.740266000375755, 55.019256000264363 ], [ 14.881773000323847, 54.968185000437586 ], [ 14.950128000407062, 54.53049599979073 ], [ 15.78846899974468, 54.288083000330346 ], [ 20.162363000252412, 52.820288000091296 ], [ 20.814625999890154, 52.302235999591858 ], [ 22.459019999773318, 51.8768790001659 ], [ 23.115795999785746, 51.186217999661096 ], [ 23.492686999905288, 50.892364000398459 ], [ 24.374891000319565, 50.204216999814832 ], [ 24.263776999708909, 50.07417200033774 ], [ 23.927474999871492, 49.680395000329156 ], [ 23.094427000006192, 50.191250999933857 ], [ 22.509282000064388, 50.550071000376533 ], [ 22.119426000109968, 50.731390000048634 ], [ 22.064213999976289, 50.757068999834644 ], [ 21.641610999847956, 50.537569000309304 ], [ 21.339697000316448, 50.380971000311604 ], [ 20.266745999828174, 50.48685699995076 ], [ 19.730585999744278, 51.148290999829953 ], [ 19.666253999922333, 51.980921000204148 ], [ 18.536053999792443, 52.625038000103814 ], [ 16.343509999986679, 53.113392999887196 ], [ 14.0989570002655, 53.800209000245331 ], [ 13.740266000375755, 55.019256000264363 ] ] ] } },
{ "type": "Feature", "properties": { "OBJECTID_1": 160.0, "LONC": 10.571651, "LATC": 47.30262, "IDAS": "ATAS166", "A": 3.0, "B": 1.0, "TECREG": "SCR-Ext", "TECTONICS": "Stable Continental Crust", "SS": 70, "NF": 25, "TF": 5, "MINDEPTH": 6, "HYPODEPTH1": 0, "HYPODEPTH2": 0, "HYPODEPTH3": 0, "MAXDEPTH": 12, "WHDEPTH1": 0.0, "WHDEPTH2": 0.0, "WHDEPTH3": 0.0, "MAXMAG01": 6.5, "MAXMAG02": 6.7, "MAXMAG03": 6.9, "MAXMAG04": 7.1, "WMAXMAG01": 0.5, "WMAXMAG02": 0.2, "WMAXMAG03": 0.2, "WMAXMAG04": 0.1, "STRIKE1": 0.0, "STRIKE2": 0.0, "STRIKE3": 0.0, "STRIKE4": 0.0, "DIP1": 0.0, "DIP2": 0.0, "DIP3": 0.0, "DIP4": 0.0, "DIRWEIGHT1": 0.0, "DIRWEIGHT2": 0.0, "DIRWEIGHT3": 0.0, "DIRWEIGHT4": 0.0 }, "geometry": { "type": "Polygon", "coordinates": [ [ [ 9.995668999824659, 47.35280199961278 ], [ 10.278441999798588, 47.434900000334892 ], [ 10.587910999693065, 47.514944999911961 ], [ 10.709603999824878, 47.546076000207393 ], [ 10.790315999583868, 47.562268999614787 ], [ 10.933659999909253, 47.590534999990439 ], [ 11.148838999820157, 47.311100000165027 ], [ 10.904059000022983, 47.241966000130958 ], [ 10.462315000337185, 47.117527000171094 ], [ 10.218449999568008, 47.038603000128546 ], [ 10.143309999557005, 47.014704999736125 ], [ 9.994462999967652, 47.125352000394685 ], [ 9.995203999964815, 47.252796999582017 ], [ 9.995668999824659, 47.35280199961278 ] ] ] } },
{ "type": "Feature", "properties": { "OBJECTID_1": 162.0, "LONC": -4.03179, "LATC": 46.112137, "IDAS": "FRAS168", "A": 2.873, "B": 1.0, "TECREG": "SCR-Ext", "TECTONICS": "Stable Continental Crust", "SS": 30, "NF": 60, "TF": 10, "MINDEPTH": 0, "HYPODEPTH1": 0, "HYPODEPTH2": 0, "HYPODEPTH3": 0, "MAXDEPTH": 20, "WHDEPTH1": 0.0, "WHDEPTH2": 0.0, "WHDEPTH3": 0.0, "MAXMAG01": 6.5, "MAXMAG02": 6.7, "MAXMAG03": 6.9, "MAXMAG04": 7.1, "WMAXMAG01": 0.5, "WMAXMAG02": 0.2, "WMAXMAG03": 0.2, "WMAXMAG04": 0.1, "STRIKE1": 0.0, "STRIKE2": 0.0, "STRIKE3": 0.0, "STRIKE4": 0.0, "DIP1": 0.0, "DIP2": 0.0, "DIP3": 0.0, "DIP4": 0.0, "DIRWEIGHT1": 0.0, "DIRWEIGHT2": 0.0, "DIRWEIGHT3": 0.0, "DIRWEIGHT4": 0.0 }, "geometry": { "type": "Polygon", "coordinates": [ [ [ -6.919530000009331, 44.216595999905621 ], [ -6.000285000152473, 45.995557000055669 ], [ -5.999999999600163, 48.25005999996921 ], [ -5.321204000364162, 48.551901999777613 ], [ -4.951101000310757, 48.716420999929369 ], [ -4.855433999779109, 48.07559199967119 ], [ -4.062605000220401, 47.489404000194611 ], [ -3.325677000193252, 46.675867999908462 ], [ -2.273686000408418, 46.115182000149332 ], [ -1.555438000263337, 45.77969500012432 ], [ -1.144051000253285, 45.587917000169568 ], [ -1.401943000368988, 43.809322999856704 ], [ -1.438038000253357, 43.675480999748515 ], [ -2.69505500028788, 43.507853000116029 ], [ -2.976200999876085, 43.646047000368924 ], [ -5.956514999767251, 44.056498000382589 ], [ -6.919530000009331, 44.216595999905621 ] ] ] } },
{ "type": "Feature", "properties": { "OBJECTID_1": 170.0, "LONC": 3.711263, "LATC": 51.641972, "IDAS": "BEAS177", "A": 2.1, "B": 1.0, "TECREG": "SCR-Ext", "TECTONICS": "Stable Continental Crust", "SS": 35, "NF": 50, "TF": 15, "MINDEPTH": 7, "HYPODEPTH1": 0, "HYPODEPTH2": 0, "HYPODEPTH3": 0, "MAXDEPTH": 13, "WHDEPTH1": 0.0, "WHDEPTH2": 0.0, "WHDEPTH3": 0.0, "MAXMAG01": 6.5, "MAXMAG02": 6.8, "MAXMAG03": 7.1, "MAXMAG04": 7.4, "WMAXMAG01": 0.5, "WMAXMAG02": 0.2, "WMAXMAG03": 0.2, "WMAXMAG04": 0.1, "STRIKE1": 0.0, "STRIKE2": 0.0, "STRIKE3": 0.0, "STRIKE4": 0.0, "DIP1": 0.0, "DIP2": 0.0, "DIP3": 0.0, "DIP4": 0.0, "DIRWEIGHT1": 0.0, "DIRWEIGHT2": 0.0, "DIRWEIGHT3": 0.0, "DIRWEIGHT4": 0.0 }, "geometry": { "type": "Polygon", "coordinates": [ [ [ 1.779999999600477, 51.459999999600484 ], [ 2.889999999900226, 52.439999999800307 ], [ 4.819646999909253, 51.636394999729646 ], [ 4.932222000445108, 51.511323000256425 ], [ 5.223614000385965, 51.419578999871135 ], [ 5.334125000168797, 51.330407000283003 ], [ 5.457132999788257, 51.159471000086739 ], [ 5.642525000228716, 51.062025000253755 ], [ 5.191062000211275, 50.864644000020746 ], [ 4.152626999636482, 50.843943999616044 ], [ 2.359999999700392, 51.309999999900242 ], [ 1.779999999600477, 51.459999999600484 ] ] ] } },
{ "type": "Feature", "properties": { "OBJECTID_1": 171.0, "LONC": 4.435459, "LATC": 52.445661, "IDAS": "NLAS178", "A": 0.992, "B": 1.0, "TECREG": "SCR-Ext", "TECTONICS": "Stable Continental Crust", "SS": 90, "NF": 10, "TF": 0, "MINDEPTH": 7, "HYPODEPTH1": 0, "HYPODEPTH2": 0, "HYPODEPTH3": 0, "MAXDEPTH": 13, "WHDEPTH1": 0.0, "WHDEPTH2": 0.0, "WHDEPTH3": 0.0, "MAXMAG01": 6.5, "MAXMAG02": 6.8, "MAXMAG03": 7.1, "MAXMAG04": 7.4, "WMAXMAG01": 0.5, "WMAXMAG02": 0.2, "WMAXMAG03": 0.2, "WMAXMAG04": 0.1, "STRIKE1": 0.0, "STRIKE2": 139.858167, "STRIKE3": 0.0, "STRIKE4": 332.148408, "DIP1": 0.0, "DIP2": 56.309375, "DIP3": 0.0, "DIP4": 56.233653, "DIRWEIGHT1": 0.0, "DIRWEIGHT2": 0.328767, "DIRWEIGHT3": 0.0, "DIRWEIGHT4": 0.671233 }, "geometry": { "type": "Polygon", "coordinates": [ [ [ 2.889999999900226, 52.439999999800307 ], [ 3.349999999700401, 53.060000000000173 ], [ 3.780000000100074, 53.379999999900235 ], [ 5.688967999773524, 52.117299000348737 ], [ 5.980917000219563, 51.755158999688263 ], [ 5.552894000158119, 51.760194999899511 ], [ 5.513799000423717, 51.759895999600872 ], [ 5.301738000408534, 51.690964999934977 ], [ 4.932222000445108, 51.511323000256425 ], [ 4.819646999909253, 51.636394999729646 ], [ 2.889999999900226, 52.439999999800307 ] ] ] } },
{ "type": "Feature", "properties": { "OBJECTID_1": 202.0, "LONC": 25.718729, "LATC": 48.204209, "IDAS": "UAAS211", "A": 2.5, "B": 0.92, "TECREG": "SCR-NoExt", "TECTONICS": "Stable Continental Crust", "SS": 20, "NF": 60, "TF": 20, "MINDEPTH": 0, "HYPODEPTH1": 0, "HYPODEPTH2": 0, "HYPODEPTH3": 0, "MAXDEPTH": 25, "WHDEPTH1": 0.0, "WHDEPTH2": 0.0, "WHDEPTH3": 0.0, "MAXMAG01": 6.5, "MAXMAG02": 6.7, "MAXMAG03": 6.9, "MAXMAG04": 7.1, "WMAXMAG01": 0.5, "WMAXMAG02": 0.2, "WMAXMAG03": 0.2, "WMAXMAG04": 0.1, "STRIKE1": 0.0, "STRIKE2": 0.0, "STRIKE3": 0.0, "STRIKE4": 0.0, "DIP1": 0.0, "DIP2": 0.0, "DIP3": 0.0, "DIP4": 0.0, "DIRWEIGHT1": 0.0, "DIRWEIGHT2": 0.0, "DIRWEIGHT3": 0.0, "DIRWEIGHT4": 0.0 }, "geometry": { "type": "Polygon", "coordinates": [ [ [ 23.927474999871492, 49.680395000329156 ], [ 24.263776999708909, 50.07417200033774 ], [ 24.374891000319565, 50.204216999814832 ], [ 26.21455700030549, 48.68723300020298 ], [ 26.999816999754898, 47.990386000413764 ], [ 27.495023999857892, 46.621399999910238 ], [ 27.509983999961776, 46.580029000438174 ], [ 27.482627000136119, 46.537757999931898 ], [ 27.361780000346926, 46.351076000257365 ], [ 27.267234000249061, 46.204201999922532 ], [ 25.765667000232042, 48.166648999851645 ], [ 25.266173000283914, 48.095346999664457 ], [ 23.927474999871492, 49.680395000329156 ] ] ] } },
{ "type": "Feature", "properties": { "OBJECTID_1": 220.0, "LONC": 28.107097, "LATC": 46.795003, "IDAS": "MDAS229", "A": 2.7, "B": 1.0, "TECREG": "SCR-NoExt", "TECTONICS": "Stable Continental Crust", "SS": 20, "NF": 60, "TF": 20, "MINDEPTH": 0, "HYPODEPTH1": 0, "HYPODEPTH2": 0, "HYPODEPTH3": 0, "MAXDEPTH": 25, "WHDEPTH1": 0.0, "WHDEPTH2": 0.0, "WHDEPTH3": 0.0, "MAXMAG01": 6.5, "MAXMAG02": 6.7, "MAXMAG03": 6.9, "MAXMAG04": 7.1, "WMAXMAG01": 0.5, "WMAXMAG02": 0.2, "WMAXMAG03": 0.2, "WMAXMAG04": 0.1, "STRIKE1": 0.0, "STRIKE2": 0.0, "STRIKE3": 0.0, "STRIKE4": 0.0, "DIP1": 0.0, "DIP2": 0.0, "DIP3": 0.0, "DIP4": 0.0, "DIRWEIGHT1": 0.0, "DIRWEIGHT2": 0.0, "DIRWEIGHT3": 0.0, "DIRWEIGHT4": 0.0 }, "geometry": { "type": "Polygon", "coordinates": [ [ [ 26.21455700030549, 48.68723300020298 ], [ 27.286152000314701, 48.663465000409587 ], [ 28.461364999695149, 48.339296999856799 ], [ 28.758686999705446, 48.257275999987598 ], [ 29.998701999897548, 47.601852000269787 ], [ 29.999637999893935, 44.902772999574438 ], [ 28.771738999955062, 45.435266999672479 ], [ 28.161720999624606, 45.699857000200552 ], [ 27.886348000060309, 45.923962999892694 ], [ 27.361780000346926, 46.351076000257365 ], [ 27.482627000136119, 46.537757999931898 ], [ 27.509983999961776, 46.580029000438174 ], [ 27.495023999857892, 46.621399999910238 ], [ 26.999816999754898, 47.990386000413764 ], [ 26.21455700030549, 48.68723300020298 ] ] ] } },
{ "type": "Feature", "properties": { "OBJECTID_1": 221.0, "LONC": 27.187026, "LATC": 49.644981, "IDAS": "UAAS230", "A": 1.7416, "B": 1.0, "TECREG": "SCR-NoExt", "TECTONICS": "Stable Continental Crust", "SS": 33, "NF": 33, "TF": 34, "MINDEPTH": 0, "HYPODEPTH1": 0, "HYPODEPTH2": 0, "HYPODEPTH3": 0, "MAXDEPTH": 25, "WHDEPTH1": 0.0, "WHDEPTH2": 0.0, "WHDEPTH3": 0.0, "MAXMAG01": 6.5, "MAXMAG02": 6.7, "MAXMAG03": 6.9, "MAXMAG04": 7.1, "WMAXMAG01": 0.5, "WMAXMAG02": 0.2, "WMAXMAG03": 0.2, "WMAXMAG04": 0.1, "STRIKE1": 0.0, "STRIKE2": 0.0, "STRIKE3": 0.0, "STRIKE4": 0.0, "DIP1": 0.0, "DIP2": 0.0, "DIP3": 0.0, "DIP4": 0.0, "DIRWEIGHT1": 0.0, "DIRWEIGHT2": 0.0, "DIRWEIGHT3": 0.0, "DIRWEIGHT4": 0.0 }, "geometry": { "type": "Polygon", "coordinates": [ [ [ 24.374891000319565, 50.204216999814832 ], [ 28.199716999939767, 51.582555999959595 ], [ 29.999161000380013, 51.688109000430188 ], [ 29.998701999897548, 47.601852000269787 ], [ 28.758686999705446, 48.257275999987598 ], [ 28.461364999695149, 48.339296999856799 ], [ 27.286152000314701, 48.663465000409587 ], [ 26.21455700030549, 48.68723300020298 ], [ 24.374891000319565, 50.204216999814832 ] ] ] } },
{ "type": "Feature", "properties": { "OBJECTID_1": 222.0, "LONC": -6.030682, "LATC": 43.275306, "IDAS": "ESAS231", "A": 2.82, "B": 1.0, "TECREG": "SCR-NoExt", "TECTONICS": "Stable Continental Crust", "SS": 30, "NF": 60, "TF": 10, "MINDEPTH": 0, "HYPODEPTH1": 0, "HYPODEPTH2": 0, "HYPODEPTH3": 0, "MAXDEPTH": 20, "WHDEPTH1": 0.0, "WHDEPTH2": 0.0, "WHDEPTH3": 0.0, "MAXMAG01": 6.5, "MAXMAG02": 6.8, "MAXMAG03": 7.1, "MAXMAG04": 7.4, "WMAXMAG01": 0.5, "WMAXMAG02": 0.2, "WMAXMAG03": 0.2, "WMAXMAG04": 0.1, "STRIKE1": 0.0, "STRIKE2": 0.0, "STRIKE3": 0.0, "STRIKE4": 0.0, "DIP1": 0.0, "DIP2": 0.0, "DIP3": 0.0, "DIP4": 0.0, "DIRWEIGHT1": 0.0, "DIRWEIGHT2": 0.0, "DIRWEIGHT3": 0.0, "DIRWEIGHT4": 0.0 }, "geometry": { "type": "Polygon", "coordinates": [ [ [ -9.523683000170138, 43.978572999644371 ], [ -9.252290999829597, 44.180040000345912 ], [ -9.066347000013877, 44.31716299977279 ], [ -7.924870999696736, 44.372504999606235 ], [ -6.919530000009331, 44.216595999905621 ], [ -5.956514999767251, 44.056498000382589 ], [ -3.895838999869795, 42.993060999765476 ], [ -2.537680000431521, 42.484108999830653 ], [ -3.224130000099251, 42.496912000288773 ], [ -3.993124000372177, 42.178106999738418 ], [ -4.717636999847514, 42.44949299980226 ], [ -5.650932000111538, 42.768950999888887 ], [ -6.513942000322913, 42.757918000115751 ], [ -6.720740999597297, 43.080585999844175 ], [ -9.523683000170138, 43.978572999644371 ] ] ] } },
{ "type": "Feature", "properties": { "OBJECTID_1": 225.0, "LONC": -1.934654, "LATC": 40.942363, "IDAS": "ESAS234", "A": 3.3, "B": 1.0, "TECREG": "SCR-NoExt", "TECTONICS": "Stable Continental Crust", "SS": 30, "NF": 60, "TF": 10, "MINDEPTH": 0, "HYPODEPTH1": 0, "HYPODEPTH2": 0, "HYPODEPTH3": 0, "MAXDEPTH": 12, "WHDEPTH1": 0.0, "WHDEPTH2": 0.0, "WHDEPTH3": 0.0, "MAXMAG01": 6.5, "MAXMAG02": 6.8, "MAXMAG03": 7.1, "MAXMAG04": 7.4, "WMAXMAG01": 0.5, "WMAXMAG02": 0.2, "WMAXMAG03": 0.2, "WMAXMAG04": 0.1, "STRIKE1": 0.0, "STRIKE2": 149.054667, "STRIKE3": 207.205167, "STRIKE4": 315.740389, "DIP1": 0.0, "DIP2": 67.404062, "DIP3": 68.4785, "DIP4": 67.187611, "DIRWEIGHT1": 0.0, "DIRWEIGHT2": 0.666667, "DIRWEIGHT3": 0.083333, "DIRWEIGHT4": 0.25 }, "geometry": { "type": "Polygon", "coordinates": [ [ [ -3.993124000372177, 42.178106999738418 ], [ -3.224130000099251, 42.496912000288773 ], [ -2.537680000431521, 42.484108999830653 ], [ -2.4206260001896, 42.438745999728269 ], [ -2.103850999723704, 42.260432000136859 ], [ -1.838392999637051, 42.112164000268592 ], [ -1.131235000094989, 41.542434999875525 ], [ -0.890391000144405, 41.488141999853553 ], [ -0.565123000126221, 41.107515000117303 ], [ 0.123816000108491, 40.845199000133903 ], [ -0.088051999999664, 40.590040000146075 ], [ -1.05819799993759, 39.387813999716457 ], [ -2.304107000337638, 40.234242999714809 ], [ -2.717148000179918, 41.010983000165481 ], [ -3.702806999643144, 41.597902000077397 ], [ -3.993124000372177, 42.178106999738418 ] ] ] } },
{ "type": "Feature", "properties": { "OBJECTID_1": 242.0, "LONC": -7.110433, "LATC": 38.508796, "IDAS": "PTAS257", "A": 3.3196, "B": 1.0, "TECREG": "SCR-NoExt", "TECTONICS": "Stable Continental Crust", "SS": 30, "NF": 60, "TF": 10, "MINDEPTH": 0, "HYPODEPTH1": 0, "HYPODEPTH2": 0, "HYPODEPTH3": 0, "MAXDEPTH": 20, "WHDEPTH1": 0.0, "WHDEPTH2": 0.0, "WHDEPTH3": 0.0, "MAXMAG01": 6.5, "MAXMAG02": 6.8, "MAXMAG03": 7.1, "MAXMAG04": 7.4, "WMAXMAG01": 0.5, "WMAXMAG02": 0.2, "WMAXMAG03": 0.2, "WMAXMAG04": 0.1, "STRIKE1": 32.022152, "STRIKE2": 0.0, "STRIKE3": 267.856, "STRIKE4": 277.384743, "DIP1": 79.510303, "DIP2": 0.0, "DIP3": 39.642, "DIP4": 39.380943, "DIRWEIGHT1": 0.452055, "DIRWEIGHT2": 0.0, "DIRWEIGHT3": 0.068493, "DIRWEIGHT4": 0.479452 }, "geometry": { "type": "Polygon", "coordinates": [ [ [ -9.109446000032733, 37.479818999947042 ], [ -8.989920000007828, 37.932313999891335 ], [ -8.594464999959598, 38.323227000026179 ], [ -8.448064999899657, 38.72517800016476 ], [ -8.278856000204087, 39.66690599991216 ], [ -7.756020000322621, 39.533234000448942 ], [ -6.658464000113327, 39.538237000037668 ], [ -5.111420000132739, 39.279872999739325 ], [ -7.81278199998917, 37.350686000258861 ], [ -8.518980000226691, 37.482078999846124 ], [ -9.109446000032733, 37.479818999947042 ] ] ] } },
{ "type": "Feature", "properties": { "OBJECTID_1": 243.0, "LONC": -11.051961, "LATC": 41.169165, "IDAS": "PTAS258", "A": 2.1, "B": 0.8, "TECREG": "SCR-Ext", "TECTONICS": "Stable Continental Crust", "SS": 60, "NF": 10, "TF": 30, "MINDEPTH": 0, "HYPODEPTH1": 0, "HYPODEPTH2": 0, "HYPODEPTH3": 0, "MAXDEPTH": 20, "WHDEPTH1": 0.0, "WHDEPTH2": 0.0, "WHDEPTH3": 0.0, "MAXMAG01": 7.0, "MAXMAG02": 7.2, "MAXMAG03": 7.4, "MAXMAG04": 7.6, "WMAXMAG01": 0.5, "WMAXMAG02": 0.2, "WMAXMAG03": 0.2, "WMAXMAG04": 0.1, "STRIKE1": 0.0, "STRIKE2": 0.0, "STRIKE3": 0.0, "STRIKE4": 0.0, "DIP1": 0.0, "DIP2": 0.0, "DIP3": 0.0, "DIP4": 0.0, "DIRWEIGHT1": 0.0, "DIRWEIGHT2": 0.0, "DIRWEIGHT3": 0.0, "DIRWEIGHT4": 0.0 }, "geometry": { "type": "Polygon", "coordinates": [ [ [ -13.207812000123567, 42.605663999893864 ], [ -9.342774999666347, 41.895322000110411 ], [ -8.896109999676582, 41.275715000047398 ], [ -9.602570000305093, 39.732666999982257 ], [ -12.811233000402467, 39.896590999675084 ], [ -13.207812000123567, 42.605663999893864 ] ] ] } },
{ "type": "Feature", "properties": { "OBJECTID_1": 244.0, "LONC": -11.206902, "LATC": 39.283994, "IDAS": "PTAS259", "A": 3.25, "B": 0.88, "TECREG": "SCR-Ext", "TECTONICS": "Stable Continental Crust", "SS": 60, "NF": 10, "TF": 30, "MINDEPTH": 0, "HYPODEPTH1": 0, "HYPODEPTH2": 0, "HYPODEPTH3": 0, "MAXDEPTH": 20, "WHDEPTH1": 0.0, "WHDEPTH2": 0.0, "WHDEPTH3": 0.0, "MAXMAG01": 7.0, "MAXMAG02": 7.2, "MAXMAG03": 7.4, "MAXMAG04": 7.6, "WMAXMAG01": 0.5, "WMAXMAG02": 0.2, "WMAXMAG03": 0.2, "WMAXMAG04": 0.1, "STRIKE1": 0.0, "STRIKE2": 0.0, "STRIKE3": 0.0, "STRIKE4": 0.0, "DIP1": 0.0, "DIP2": 0.0, "DIP3": 0.0, "DIP4": 0.0, "DIRWEIGHT1": 0.0, "DIRWEIGHT2": 0.0, "DIRWEIGHT3": 0.0, "DIRWEIGHT4": 0.0 }, "geometry": { "type": "Polygon", "coordinates": [ [ [ -12.811233000402467, 39.896590999675084 ], [ -9.602570000305093, 39.732666999982257 ], [ -9.793150999918566, 38.720016999585027 ], [ -11.93510000026464, 38.671396000325331 ], [ -12.811233000402467, 39.896590999675084 ] ] ] } },
{ "type": "Feature", "properties": { "OBJECTID_1": 245.0, "LONC": -8.194223, "LATC": 37.203945, "IDAS": "PTAS260", "A": 3.0, "B": 1.0, "TECREG": "SCR-NoExt", "TECTONICS": "Stable Continental Crust", "SS": 60, "NF": 10, "TF": 30, "MINDEPTH": 0, "HYPODEPTH1": 0, "HYPODEPTH2": 0, "HYPODEPTH3": 0, "MAXDEPTH": 20, "WHDEPTH1": 0.0, "WHDEPTH2": 0.0, "WHDEPTH3": 0.0, "MAXMAG01": 6.5, "MAXMAG02": 6.8, "MAXMAG03": 7.1, "MAXMAG04": 7.4, "WMAXMAG01": 0.5, "WMAXMAG02": 0.2, "WMAXMAG03": 0.2, "WMAXMAG04": 0.1, "STRIKE1": 36.821897, "STRIKE2": 149.312333, "STRIKE3": 225.89911, "STRIKE4": 299.118583, "DIP1": 67.261338, "DIP2": 68.550722, "DIP3": 74.622573, "DIP4": 67.162, "DIRWEIGHT1": 0.314815, "DIRWEIGHT2": 0.25, "DIRWEIGHT3": 0.37963, "DIRWEIGHT4": 0.055556 }, "geometry": { "type": "Polygon", "coordinates": [ [ [ -9.252934999850197, 36.953692000285741 ], [ -9.109446000032733, 37.479818999947042 ], [ -8.518980000226691, 37.482078999846124 ], [ -7.81278199998917, 37.350686000258861 ], [ -7.135512000078563, 37.308694000028254 ], [ -7.433286000248529, 36.925810999678049 ], [ -9.252934999850197, 36.953692000285741 ] ] ] } },
{ "type": "Feature", "properties": { "OBJECTID_1": 246.0, "LONC": -10.46251, "LATC": 37.836855, "IDAS": "PTAS261", "A": 3.4, "B": 1.0, "TECREG": "SCR-Ext", "TECTONICS": "Stable Continental Crust", "SS": 60, "NF": 10, "TF": 30, "MINDEPTH": 0, "HYPODEPTH1": 0, "HYPODEPTH2": 0, "HYPODEPTH3": 0, "MAXDEPTH": 20, "WHDEPTH1": 0.0, "WHDEPTH2": 0.0, "WHDEPTH3": 0.0, "MAXMAG01": 7.0, "MAXMAG02": 7.2, "MAXMAG03": 7.4, "MAXMAG04": 7.6, "WMAXMAG01": 0.5, "WMAXMAG02": 0.2, "WMAXMAG03": 0.2, "WMAXMAG04": 0.1, "STRIKE1": 0.0, "STRIKE2": 0.0, "STRIKE3": 0.0, "STRIKE4": 0.0, "DIP1": 0.0, "DIP2": 0.0, "DIP3": 0.0, "DIP4": 0.0, "DIRWEIGHT1": 0.0, "DIRWEIGHT2": 0.0, "DIRWEIGHT3": 0.0, "DIRWEIGHT4": 0.0 }, "geometry": { "type": "Polygon", "coordinates": [ [ [ -11.93510000026464, 38.671396000325331 ], [ -9.793150999918566, 38.720016999585027 ], [ -9.40748699992497, 38.174554000366982 ], [ -8.989920000007828, 37.932313999891335 ], [ -9.109446000032733, 37.479818999947042 ], [ -9.252934999850197, 36.953692000285741 ], [ -9.889027000195767, 37.034181999699683 ], [ -11.623139999711043, 37.161215999718763 ], [ -11.93510000026464, 38.671396000325331 ] ] ] } },
{ "type": "Feature", "properties": { "OBJECTID_1": 248.0, "LONC": -13.280537, "LATC": 36.982214, "IDAS": "PTAS263", "A": 4.25, "B": 1.0, "TECREG": "SCR-Ext", "TECTONICS": "Stable Continental Crust", "SS": 60, "NF": 10, "TF": 30, "MINDEPTH": 0, "HYPODEPTH1": 2, "HYPODEPTH2": 10, "HYPODEPTH3": 18, "MAXDEPTH": 30, "WHDEPTH1": 0.1, "WHDEPTH2": 0.4, "WHDEPTH3": 0.5, "MAXMAG01": 8.5, "MAXMAG02": 8.8, "MAXMAG03": 0.0, "MAXMAG04": 0.0, "WMAXMAG01": 0.7, "WMAXMAG02": 0.3, "WMAXMAG03": 0.0, "WMAXMAG04": 0.0, "STRIKE1": 0.0, "STRIKE2": 0.0, "STRIKE3": 0.0, "STRIKE4": 0.0, "DIP1": 0.0, "DIP2": 0.0, "DIP3": 0.0, "DIP4": 0.0, "DIRWEIGHT1": 0.0, "DIRWEIGHT2": 0.0, "DIRWEIGHT3": 0.0, "DIRWEIGHT4": 0.0 }, "geometry": { "type": "Polygon", "coordinates": [ [ [ -14.937935, 37.703318000425554 ], [ -13.390777000158266, 37.669174999726636 ], [ -11.623139999711043, 37.161215999718763 ], [ -12.597043000234123, 36.261111000272592 ], [ -14.870204999960606, 36.507696999716927 ], [ -14.937935, 37.703318000425554 ] ] ] } },
{ "type": "Feature", "properties": { "OBJECTID_1": 249.0, "LONC": -9.036003, "LATC": 39.997866, "IDAS": "PTAS264", "A": 3.0989, "B": 1.0, "TECREG": "SCR-Ext", "TECTONICS": "Stable Continental Crust", "SS": 30, "NF": 60, "TF": 10, "MINDEPTH": 0, "HYPODEPTH1": 0, "HYPODEPTH2": 0, "HYPODEPTH3": 0, "MAXDEPTH": 20, "WHDEPTH1": 0.0, "WHDEPTH2": 0.0, "WHDEPTH3": 0.0, "MAXMAG01": 7.0, "MAXMAG02": 7.2, "MAXMAG03": 7.4, "MAXMAG04": 7.6, "WMAXMAG01": 0.5, "WMAXMAG02": 0.2, "WMAXMAG03": 0.2, "WMAXMAG04": 0.1, "STRIKE1": 28.925016, "STRIKE2": 0.0, "STRIKE3": 0.0, "STRIKE4": 338.436811, "DIP1": 67.445976, "DIP2": 0.0, "DIP3": 0.0, "DIP4": 67.832, "DIRWEIGHT1": 0.705556, "DIRWEIGHT2": 0.0, "DIRWEIGHT3": 0.0, "DIRWEIGHT4": 0.294444 }, "geometry": { "type": "Polygon", "coordinates": [ [ [ -9.793150999918566, 38.720016999585027 ], [ -9.602570000305093, 39.732666999982257 ], [ -8.896109999676582, 41.275715000047398 ], [ -8.362951000388193, 41.007689000247353 ], [ -8.330497000236221, 40.157636000401283 ], [ -8.278856000204087, 39.66690599991216 ], [ -8.857446000032724, 39.321128000157273 ], [ -9.187302000286934, 39.313627999632615 ], [ -9.793150999918566, 38.720016999585027 ] ] ] } },
{ "type": "Feature", "properties": { "OBJECTID_1": 250.0, "LONC": -6.540294, "LATC": 41.217928, "IDAS": "ESAS265", "A": 3.6, "B": 1.0, "TECREG": "SCR-NoExt", "TECTONICS": "Stable Continental Crust", "SS": 30, "NF": 60, "TF": 10, "MINDEPTH": 0, "HYPODEPTH1": 0, "HYPODEPTH2": 0, "HYPODEPTH3": 0, "MAXDEPTH": 20, "WHDEPTH1": 0.0, "WHDEPTH2": 0.0, "WHDEPTH3": 0.0, "MAXMAG01": 6.5, "MAXMAG02": 6.8, "MAXMAG03": 7.1, "MAXMAG04": 7.4, "WMAXMAG01": 0.5, "WMAXMAG02": 0.2, "WMAXMAG03": 0.2, "WMAXMAG04": 0.1, "STRIKE1": 27.575799, "STRIKE2": 0.0, "STRIKE3": 0.0, "STRIKE4": 349.686107, "DIP1": 73.523788, "DIP2": 0.0, "DIP3": 0.0, "DIP4": 70.955, "DIRWEIGHT1": 0.942268, "DIRWEIGHT2": 0.0, "DIRWEIGHT3": 0.0, "DIRWEIGHT4": 0.057732 }, "geometry": { "type": "Polygon", "coordinates": [ [ [ -8.362951000388193, 41.007689000247353 ], [ -7.334201000375685, 42.621562000086385 ], [ -6.513942000322913, 42.757918000115751 ], [ -5.650932000111538, 42.768950999888887 ], [ -4.717636999847514, 42.44949299980226 ], [ -5.604326000244555, 41.132637000297507 ], [ -8.278856000204087, 39.66690599991216 ], [ -8.330497000236221, 40.157636000401283 ], [ -8.362951000388193, 41.007689000247353 ] ] ] } },
{ "type": "Feature", "properties": { "OBJECTID_1": 251.0, "LONC": -9.036003, "LATC": 38.79961, "IDAS": "PTAS266", "A": 3.4, "B": 0.9, "TECREG": "SCR-Ext", "TECTONICS": "Stable Continental Crust", "SS": 30, "NF": 60, "TF": 10, "MINDEPTH": 0, "HYPODEPTH1": 0, "HYPODEPTH2": 0, "HYPODEPTH3": 0, "MAXDEPTH": 20, "WHDEPTH1": 0.0, "WHDEPTH2": 0.0, "WHDEPTH3": 0.0, "MAXMAG01": 7.0, "MAXMAG02": 7.2, "MAXMAG03": 7.4, "MAXMAG04": 7.6, "WMAXMAG01": 0.5, "WMAXMAG02": 0.2, "WMAXMAG03": 0.2, "WMAXMAG04": 0.1, "STRIKE1": 30.946842, "STRIKE2": 167.318864, "STRIKE3": 207.759, "STRIKE4": 338.101063, "DIP1": 72.671654, "DIP2": 67.164182, "DIP3": 67.840013, "DIP4": 67.6735, "DIRWEIGHT1": 0.505703, "DIRWEIGHT2": 0.08365, "DIRWEIGHT3": 0.288973, "DIRWEIGHT4": 0.121673 }, "geometry": { "type": "Polygon", "coordinates": [ [ [ -9.793150999918566, 38.720016999585027 ], [ -9.187302000286934, 39.313627999632615 ], [ -8.857446000032724, 39.321128000157273 ], [ -8.278856000204087, 39.66690599991216 ], [ -8.448064999899657, 38.72517800016476 ], [ -8.594464999959598, 38.323227000026179 ], [ -8.989920000007828, 37.932313999891335 ], [ -9.40748699992497, 38.174554000366982 ], [ -9.793150999918566, 38.720016999585027 ] ] ] } },
{ "type": "Feature", "properties": { "OBJECTID_1": 253.0, "LONC": -10.924989, "LATC": 36.274667, "IDAS": "PTAS268", "A": 4.0, "B": 0.9, "TECREG": "SCR-Ext", "TECTONICS": "Stable Continental Crust", "SS": 60, "NF": 10, "TF": 30, "MINDEPTH": 0, "HYPODEPTH1": 2, "HYPODEPTH2": 10, "HYPODEPTH3": 18, "MAXDEPTH": 60, "WHDEPTH1": 0.1, "WHDEPTH2": 0.4, "WHDEPTH3": 0.5, "MAXMAG01": 8.5, "MAXMAG02": 8.8, "MAXMAG03": 0.0, "MAXMAG04": 0.0, "WMAXMAG01": 0.7, "WMAXMAG02": 0.3, "WMAXMAG03": 0.0, "WMAXMAG04": 0.0, "STRIKE1": 36.059768, "STRIKE2": 0.0, "STRIKE3": 0.0, "STRIKE4": 280.988636, "DIP1": 25.775435, "DIP2": 0.0, "DIP3": 0.0, "DIP4": 82.906, "DIRWEIGHT1": 0.800905, "DIRWEIGHT2": 0.0, "DIRWEIGHT3": 0.0, "DIRWEIGHT4": 0.199095 }, "geometry": { "type": "Polygon", "coordinates": [ [ [ -12.597043000234123, 36.261111000272592 ], [ -11.623139999711043, 37.161215999718763 ], [ -9.889027000195767, 37.034181999699683 ], [ -9.252934999850197, 36.953692000285741 ], [ -9.334449999767514, 36.210890000073618 ], [ -9.824727000050871, 35.388118000145766 ], [ -11.218570000205204, 35.90593299960841 ], [ -12.597043000234123, 36.261111000272592 ] ] ] } },
{ "type": "Feature", "properties": { "OBJECTID_1": 255.0, "LONC": -8.246461, "LATC": 42.493131, "IDAS": "ESAS270", "A": 3.3, "B": 1.0, "TECREG": "SCR-Ext", "TECTONICS": "Stable Continental Crust", "SS": 30, "NF": 60, "TF": 10, "MINDEPTH": 0, "HYPODEPTH1": 0, "HYPODEPTH2": 0, "HYPODEPTH3": 0, "MAXDEPTH": 20, "WHDEPTH1": 0.0, "WHDEPTH2": 0.0, "WHDEPTH3": 0.0, "MAXMAG01": 7.0, "MAXMAG02": 7.2, "MAXMAG03": 7.4, "MAXMAG04": 7.6, "WMAXMAG01": 0.5, "WMAXMAG02": 0.2, "WMAXMAG03": 0.2, "WMAXMAG04": 0.1, "STRIKE1": 0.0, "STRIKE2": 0.0, "STRIKE3": 210.582731, "STRIKE4": 319.206667, "DIP1": 0.0, "DIP2": 0.0, "DIP3": 64.032, "DIP4": 69.594333, "DIRWEIGHT1": 0.0, "DIRWEIGHT2": 0.0, "DIRWEIGHT3": 0.945455, "DIRWEIGHT4": 0.054545 }, "geometry": { "type": "Polygon", "coordinates": [ [ [ -9.978979999826947, 43.1040459998232 ], [ -9.523683000170138, 43.978572999644371 ], [ -6.720740999597297, 43.080585999844175 ], [ -6.513942000322913, 42.757918000115751 ], [ -7.334201000375685, 42.621562000086385 ], [ -8.362951000388193, 41.007689000247353 ], [ -8.896109999676582, 41.275715000047398 ], [ -9.342774999666347, 41.895322000110411 ], [ -9.978979999826947, 43.1040459998232 ] ] ] } },
{ "type": "Feature", "properties": { "OBJECTID_1": 262.0, "LONC": -11.275294, "LATC": 42.847826, "IDAS": "ESAS278", "A": 3.5, "B": 1.0, "TECREG": "SCR-Ext", "TECTONICS": "Stable Continental Crust", "SS": 30, "NF": 60, "TF": 10, "MINDEPTH": 0, "HYPODEPTH1": 0, "HYPODEPTH2": 0, "HYPODEPTH3": 0, "MAXDEPTH": 20, "WHDEPTH1": 0.0, "WHDEPTH2": 0.0, "WHDEPTH3": 0.0, "MAXMAG01": 7.0, "MAXMAG02": 7.2, "MAXMAG03": 7.4, "MAXMAG04": 7.6, "WMAXMAG01": 0.5, "WMAXMAG02": 0.2, "WMAXMAG03": 0.2, "WMAXMAG04": 0.1, "STRIKE1": 0.0, "STRIKE2": 0.0, "STRIKE3": 0.0, "STRIKE4": 0.0, "DIP1": 0.0, "DIP2": 0.0, "DIP3": 0.0, "DIP4": 0.0, "DIRWEIGHT1": 0.0, "DIRWEIGHT2": 0.0, "DIRWEIGHT3": 0.0, "DIRWEIGHT4": 0.0 }, "geometry": { "type": "Polygon", "coordinates": [ [ [ -13.207812000123567, 42.605663999893864 ], [ -13.080103999599714, 43.800330999776008 ], [ -9.978979999826947, 43.1040459998232 ], [ -9.342774999666347, 41.895322000110411 ], [ -13.207812000123567, 42.605663999893864 ] ] ] } },
{ "type": "Feature", "properties": { "OBJECTID_1": 287.0, "LONC": 8.832517, "LATC": 40.958723, "IDAS": "ITAS306", "A": 3.4, "B": 1.0, "TECREG": "SCR-Ext", "TECTONICS": "Stable Continental Crust", "SS": 33, "NF": 33, "TF": 34, "MINDEPTH": 0, "HYPODEPTH1": 0, "HYPODEPTH2": 0, "HYPODEPTH3": 0, "MAXDEPTH": 20, "WHDEPTH1": 0.0, "WHDEPTH2": 0.0, "WHDEPTH3": 0.0, "MAXMAG01": 6.5, "MAXMAG02": 6.7, "MAXMAG03": 6.9, "MAXMAG04": 7.1, "WMAXMAG01": 0.5, "WMAXMAG02": 0.2, "WMAXMAG03": 0.2, "WMAXMAG04": 0.1, "STRIKE1": 0.0, "STRIKE2": 0.0, "STRIKE3": 0.0, "STRIKE4": 0.0, "DIP1": 0.0, "DIP2": 0.0, "DIP3": 0.0, "DIP4": 0.0, "DIRWEIGHT1": 0.0, "DIRWEIGHT2": 0.0, "DIRWEIGHT3": 0.0, "DIRWEIGHT4": 0.0 }, "geometry": { "type": "Polygon", "coordinates": [ [ [ 7.985398999664255, 42.168574999936482 ], [ 8.129234000149154, 42.532102999853748 ], [ 8.542561999736677, 43.089055000088365 ], [ 9.015158000341614, 43.667150999619082 ], [ 10.137838999970029, 42.431404000194618 ], [ 10.36357300009405, 40.926285000052872 ], [ 10.338063000007594, 39.409224999634205 ], [ 10.056657000120595, 38.550854000212098 ], [ 8.582899000088958, 38.25029400016814 ], [ 7.440921000004323, 39.064425000013898 ], [ 7.421953000330859, 40.556423000321388 ], [ 7.394948999696737, 40.713452000409632 ], [ 7.301460999825451, 41.257094000188147 ], [ 7.631969999615933, 41.608722999966631 ], [ 7.859904999616219, 41.851293000371811 ], [ 7.985398999664255, 42.168574999936482 ] ] ] } },
{ "type": "Feature", "properties": { "OBJECTID_1": 290.0, "LONC": 12.65811, "LATC": 40.46528, "IDAS": "ITAS309", "A": 3.6, "B": 1.0, "TECREG": "SCR-Ext", "TECTONICS": "Stable Continental Crust", "SS": 30, "NF": 20, "TF": 50, "MINDEPTH": 0, "HYPODEPTH1": 0, "HYPODEPTH2": 0, "HYPODEPTH3": 0, "MAXDEPTH": 20, "WHDEPTH1": 0.0, "WHDEPTH2": 0.0, "WHDEPTH3": 0.0, "MAXMAG01": 6.5, "MAXMAG02": 6.7, "MAXMAG03": 6.9, "MAXMAG04": 7.1, "WMAXMAG01": 0.5, "WMAXMAG02": 0.2, "WMAXMAG03": 0.2, "WMAXMAG04": 0.1, "STRIKE1": 83.71397, "STRIKE2": 94.654972, "STRIKE3": 0.0, "STRIKE4": 0.0, "DIP1": 21.707162, "DIP2": 22.150972, "DIP3": 0.0, "DIP4": 0.0, "DIRWEIGHT1": 0.733333, "DIRWEIGHT2": 0.266667, "DIRWEIGHT3": 0.0, "DIRWEIGHT4": 0.0 }, "geometry": { "type": "Polygon", "coordinates": [ [ [ 10.056657000120595, 38.550854000212098 ], [ 10.338063000007594, 39.409224999634205 ], [ 10.36357300009405, 40.926285000052872 ], [ 10.137838999970029, 42.431404000194618 ], [ 10.9949899997888, 41.883701000201143 ], [ 11.901207999649614, 41.353878000069813 ], [ 12.807426999556526, 40.824054999938483 ], [ 13.79528299961089, 40.265305000425599 ], [ 14.783140999757507, 39.706558000151745 ], [ 15.259562999632863, 39.247841000162168 ], [ 15.121496999886801, 38.850371999868059 ], [ 14.644944000265582, 38.59768699975541 ], [ 13.4281780002147, 38.58198200036918 ], [ 12.586314000291054, 38.499157000295497 ], [ 12.203090000403336, 38.580014000445942 ], [ 11.048759999974209, 38.823422999971626 ], [ 10.056657000120595, 38.550854000212098 ] ] ] } },
{ "type": "Feature", "properties": { "OBJECTID_1": 311.0, "LONC": 3.024097, "LATC": 38.050126, "IDAS": "DZAS330", "A": 3.0, "B": 1.0, "TECREG": "SCR-Ext", "TECTONICS": "Stable Continental Crust", "SS": 30, "NF": 20, "TF": 50, "MINDEPTH": 0, "HYPODEPTH1": 0, "HYPODEPTH2": 0, "HYPODEPTH3": 0, "MAXDEPTH": 20, "WHDEPTH1": 0.0, "WHDEPTH2": 0.0, "WHDEPTH3": 0.0, "MAXMAG01": 6.5, "MAXMAG02": 6.7, "MAXMAG03": 6.9, "MAXMAG04": 7.1, "WMAXMAG01": 0.5, "WMAXMAG02": 0.2, "WMAXMAG03": 0.2, "WMAXMAG04": 0.1, "STRIKE1": 64.904869, "STRIKE2": 107.524805, "STRIKE3": 0.0, "STRIKE4": 322.038056, "DIP1": 38.469061, "DIP2": 67.656381, "DIP3": 0.0, "DIP4": 68.156, "DIRWEIGHT1": 0.764811, "DIRWEIGHT2": 0.202873, "DIRWEIGHT3": 0.0, "DIRWEIGHT4": 0.032316 }, "geometry": { "type": "Polygon", "coordinates": [ [ [ -2.534704999935627, 36.037163999818915 ], [ -2.456788999612456, 36.139764999954934 ], [ -2.303664999739794, 36.342418999637289 ], [ -2.22603399996899, 36.399720999924398 ], [ -1.791462000071078, 36.7204399997064 ], [ -1.67939699967161, 36.790767999943398 ], [ -1.136880999658274, 37.131612999740298 ], [ -0.138287999991064, 37.57911799979604 ], [ 0.159229000018513, 38.050221999945506 ], [ 0.181457999886959, 38.085503000063568 ], [ 0.606357999822023, 38.577226999626475 ], [ 2.078412000413664, 38.493719000431668 ], [ 4.46829999964541, 39.535004000234608 ], [ 7.421953000330859, 40.556423000321388 ], [ 7.440921000004323, 39.064425000013898 ], [ 8.582899000088958, 38.25029400016814 ], [ 7.522762999712825, 37.255949000346277 ], [ 5.786516999859828, 37.260193000007121 ], [ 4.350488000421024, 37.05502999973487 ], [ 3.520418000290647, 37.335183000295388 ], [ 3.451957999861975, 37.319523000286381 ], [ 3.174261000145179, 37.256004000184646 ], [ 3.064753999897334, 36.973573999840369 ], [ 2.557048999911558, 37.009383000025593 ], [ 2.448909999796797, 37.016997000411379 ], [ 1.701005999927133, 36.793568999609818 ], [ 0.163211000187687, 36.216261000445002 ], [ -1.904227000375613, 35.543829999754848 ], [ -2.187236999587697, 35.765414000056239 ], [ -2.534704999935627, 36.037163999818915 ] ] ] } },
{ "type": "Feature", "properties": { "OBJECTID_1": 143.0, "LONC": 5.911022, "LATC": 51.546123, "IDAS": "DEAS988", "A": 2.4481, "B": 1.031, "TECREG": "SCR-Ext", "TECTONICS": "Stable Continental Crust", "SS": 90, "NF": 10, "TF": 0, "MINDEPTH": 8, "HYPODEPTH1": 0, "HYPODEPTH2": 0, "HYPODEPTH3": 0, "MAXDEPTH": 18, "WHDEPTH1": 0.0, "WHDEPTH2": 0.0, "WHDEPTH3": 0.0, "MAXMAG01": 6.5, "MAXMAG02": 6.8, "MAXMAG03": 7.1, "MAXMAG04": 7.4, "WMAXMAG01": 0.5, "WMAXMAG02": 0.2, "WMAXMAG03": 0.2, "WMAXMAG04": 0.1, "STRIKE1": 0.0, "STRIKE2": 152.120717, "STRIKE3": 0.0, "STRIKE4": 0.0, "DIP1": 0.0, "DIP2": 56.63345, "DIP3": 0.0, "DIP4": 0.0, "DIRWEIGHT1": 0.0, "DIRWEIGHT2": 1.0, "DIRWEIGHT3": 0.0, "DIRWEIGHT4": 0.0 }, "geometry": { "type": "Polygon", "coordinates": [ [ [ 6.269151000218642, 51.505976000092517 ], [ 6.402255999614852, 51.292815999758773 ], [ 6.611163999918801, 51.183803999854888 ], [ 6.898379999737358, 51.083387999756553 ], [ 7.239889999623927, 50.821897000046704 ], [ 7.254096000030529, 50.791123000026573 ], [ 7.053647000408887, 50.626967000426873 ], [ 6.90353600008649, 50.747106999988205 ], [ 6.701882999800773, 50.961701999947479 ], [ 6.582429000398236, 51.012534999590741 ], [ 6.450576000282354, 51.030141000307083 ], [ 6.322996000265334, 51.053664999640205 ], [ 6.277127000211067, 51.060686999705467 ], [ 5.924254999768607, 51.332050999654086 ], [ 5.724072999869236, 51.593947000054186 ], [ 5.66532100016417, 51.692598999744234 ], [ 5.552894000158119, 51.760194999899511 ], [ 5.980917000219563, 51.755158999688263 ], [ 6.269151000218642, 51.505976000092517 ] ] ] } },
{ "type": "Feature", "properties": { "OBJECTID_1": 146.0, "LONC": 5.890065, "LATC": 51.137395, "IDAS": "NLAS987", "A": 2.0546, "B": 0.783, "TECREG": "SCR-Ext", "TECTONICS": "Stable Continental Crust", "SS": 35, "NF": 50, "TF": 15, "MINDEPTH": 8, "HYPODEPTH1": 0, "HYPODEPTH2": 0, "HYPODEPTH3": 0, "MAXDEPTH": 18, "WHDEPTH1": 0.0, "WHDEPTH2": 0.0, "WHDEPTH3": 0.0, "MAXMAG01": 6.5, "MAXMAG02": 6.8, "MAXMAG03": 7.1, "MAXMAG04": 7.4, "WMAXMAG01": 0.5, "WMAXMAG02": 0.2, "WMAXMAG03": 0.2, "WMAXMAG04": 0.1, "STRIKE1": 0.0, "STRIKE2": 139.202816, "STRIKE3": 0.0, "STRIKE4": 316.8538, "DIP1": 0.0, "DIP2": 56.799337, "DIP3": 0.0, "DIP4": 56.384063, "DIRWEIGHT1": 0.0, "DIRWEIGHT2": 0.573034, "DIRWEIGHT3": 0.0, "DIRWEIGHT4": 0.426966 }, "geometry": { "type": "Polygon", "coordinates": [ [ [ 5.924254999768607, 51.332050999654086 ], [ 6.277127000211067, 51.060686999705467 ], [ 6.322996000265334, 51.053664999640205 ], [ 6.450576000282354, 51.030141000307083 ], [ 6.582429000398236, 51.012534999590741 ], [ 6.701882999800773, 50.961701999947479 ], [ 6.90353600008649, 50.747106999988205 ], [ 7.053647000408887, 50.626967000426873 ], [ 6.926342999629867, 50.520989000142436 ], [ 6.841454999748578, 50.528573000044105 ], [ 6.453224000087687, 50.662721999920507 ], [ 6.046917999666107, 50.808078000399576 ], [ 5.87211700019958, 50.942738999605297 ], [ 5.642525000228716, 51.062025000253755 ], [ 5.457132999788257, 51.159471000086739 ], [ 5.334125000168797, 51.330407000283003 ], [ 5.223614000385965, 51.419578999871135 ], [ 4.932222000445108, 51.511323000256425 ], [ 5.301738000408534, 51.690964999934977 ], [ 5.513799000423717, 51.759895999600872 ], [ 5.552894000158119, 51.760194999899511 ], [ 5.66532100016417, 51.692598999744234 ], [ 5.724072999869236, 51.593947000054186 ], [ 5.924254999768607, 51.332050999654086 ] ] ] } },
{ "type": "Feature", "properties": { "OBJECTID_1": 0.0, "LONC": 8.083718, "LATC": 50.193727, "IDAS": "DEAS986", "A": 1.7836, "B": 0.821, "TECREG": "SCR-Ext", "TECTONICS": "Stable Continental Crust", "SS": 35, "NF": 50, "TF": 15, "MINDEPTH": 4, "HYPODEPTH1": 0, "HYPODEPTH2": 0, "HYPODEPTH3": 0, "MAXDEPTH": 16, "WHDEPTH1": 0.0, "WHDEPTH2": 0.0, "WHDEPTH3": 0.0, "MAXMAG01": 6.5, "MAXMAG02": 6.8, "MAXMAG03": 7.1, "MAXMAG04": 7.4, "WMAXMAG01": 0.5, "WMAXMAG02": 0.2, "WMAXMAG03": 0.2, "WMAXMAG04": 0.1, "STRIKE1": 0.0, "STRIKE2": 0.0, "STRIKE3": 0.0, "STRIKE4": 0.0, "DIP1": 0.0, "DIP2": 0.0, "DIP3": 0.0, "DIP4": 0.0, "DIRWEIGHT1": 0.0, "DIRWEIGHT2": 0.0, "DIRWEIGHT3": 0.0, "DIRWEIGHT4": 0.0 }, "geometry": { "type": "Polygon", "coordinates": [ [ [ 7.761623999947801, 50.413410999817927 ], [ 8.154849999727844, 50.361299999695404 ], [ 8.4809999999502, 50.270000000000152 ], [ 8.263999999700388, 50.174000000299941 ], [ 8.233783000185497, 49.974042999984647 ], [ 7.985499999825322, 50.015499999825295 ], [ 7.705043999680981, 50.113341999933539 ], [ 7.46828600019893, 50.237278000079812 ], [ 7.166427999652626, 50.45250999973689 ], [ 7.08298599990411, 50.507005000080881 ], [ 7.031934000054207, 50.51139400013318 ], [ 6.926342999629867, 50.520989000142436 ], [ 7.053647000408887, 50.626967000426873 ], [ 7.254096000030529, 50.791123000026573 ], [ 7.30375600043925, 50.705063000057578 ], [ 7.343027000196059, 50.651377000148614 ], [ 7.417766999747414, 50.578840999712554 ], [ 7.633149000026492, 50.447627000285991 ], [ 7.761623999947801, 50.413410999817927 ] ] ] } },
{ "type": "Feature", "properties": { "OBJECTID_1": 142.0, "LONC": 3.441273, "LATC": 48.927982, "IDAS": "FRAS985", "A": 2.4053, "B": 0.968, "TECREG": "SCR-Ext", "TECTONICS": "Stable Continental Crust", "SS": 35, "NF": 50, "TF": 15, "MINDEPTH": 5, "HYPODEPTH1": 0, "HYPODEPTH2": 0, "HYPODEPTH3": 0, "MAXDEPTH": 20, "WHDEPTH1": 0.0, "WHDEPTH2": 0.0, "WHDEPTH3": 0.0, "MAXMAG01": 6.5, "MAXMAG02": 6.7, "MAXMAG03": 6.9, "MAXMAG04": 7.1, "WMAXMAG01": 0.5, "WMAXMAG02": 0.2, "WMAXMAG03": 0.2, "WMAXMAG04": 0.1, "STRIKE1": 0.0, "STRIKE2": 128.995455, "STRIKE3": 0.0, "STRIKE4": 0.0, "DIP1": 0.0, "DIP2": 56.317, "DIP3": 0.0, "DIP4": 0.0, "DIRWEIGHT1": 0.0, "DIRWEIGHT2": 1.0, "DIRWEIGHT3": 0.0, "DIRWEIGHT4": 0.0 }, "geometry": { "type": "Polygon", "coordinates": [ [ [ 7.46828600019893, 50.237278000079812 ], [ 7.705043999680981, 50.113341999933539 ], [ 7.985499999825322, 50.015499999825295 ], [ 8.233783000185497, 49.974042999984647 ], [ 8.200087000314966, 49.750562000336231 ], [ 8.072999999650449, 49.375999999700412 ], [ 7.971452999556448, 49.051662000301235 ], [ 7.709656000124482, 48.88046199962173 ], [ 7.548326000444717, 48.501891000269609 ], [ 6.860994999719651, 48.322578999621328 ], [ 6.850610000151562, 48.55499700041139 ], [ 6.470536999882825, 48.400429999644928 ], [ 6.285457000340443, 48.219467000202087 ], [ 4.819338000048845, 48.255268000018361 ], [ 3.923317000079635, 47.91016700000722 ], [ 3.774875000281213, 47.852997000411392 ], [ 3.461408000379095, 47.730873000188978 ], [ 2.728481999644714, 47.435031000080755 ], [ 2.129468999594792, 47.19324199971868 ], [ 1.269356999925776, 47.21638999969889 ], [ -0.093096999726583, 47.458272999899179 ], [ 1.119771000431513, 48.559210999588117 ], [ 0.199124999819048, 49.056960000004153 ], [ -0.760649000251021, 49.528473000128997 ], [ -1.190454999798249, 49.752082000284247 ], [ 0.211646999909306, 49.74861300038981 ], [ 1.302956999865785, 50.052507000397895 ], [ 1.833243999810918, 50.455698000162727 ], [ 1.880849999927705, 50.440923999643019 ], [ 2.10523699998771, 50.370657000420408 ], [ 2.854421999575777, 50.107222000095419 ], [ 3.507037000157595, 50.068343999576086 ], [ 3.657203000318361, 50.315151000218634 ], [ 4.512547999590652, 50.349499999625436 ], [ 4.484637000297482, 50.559469000294314 ], [ 4.916850000227498, 50.599955000323178 ], [ 5.308375999852672, 50.636898999789196 ], [ 5.642339999791318, 50.095272000302714 ], [ 6.478335999806689, 50.378062000161322 ], [ 6.453224000087687, 50.662721999920507 ], [ 6.841454999748578, 50.528573000044105 ], [ 6.926342999629867, 50.520989000142436 ], [ 7.031934000054207, 50.51139400013318 ], [ 7.08298599990411, 50.507005000080881 ], [ 7.166427999652626, 50.45250999973689 ], [ 7.46828600019893, 50.237278000079812 ] ] ] } },
{ "type": "Feature", "properties": { "OBJECTID_1": 0.0, "LONC": 7.06496, "LATC": 48.061965, "IDAS": "FRAS981", "A": 1.546, "B": 0.956, "TECREG": "SCR-Ext", "TECTONICS": "Stable Continental Crust", "SS": 40, "NF": 40, "TF": 20, "MINDEPTH": 5, "HYPODEPTH1": 0, "HYPODEPTH2": 0, "HYPODEPTH3": 0, "MAXDEPTH": 20, "WHDEPTH1": 0.0, "WHDEPTH2": 0.0, "WHDEPTH3": 0.0, "MAXMAG01": 6.5, "MAXMAG02": 6.7, "MAXMAG03": 6.9, "MAXMAG04": 7.1, "WMAXMAG01": 0.5, "WMAXMAG02": 0.2, "WMAXMAG03": 0.2, "WMAXMAG04": 0.1, "STRIKE1": 0.0, "STRIKE2": 0.0, "STRIKE3": 0.0, "STRIKE4": 0.0, "DIP1": 0.0, "DIP2": 0.0, "DIP3": 0.0, "DIP4": 0.0, "DIRWEIGHT1": 0.0, "DIRWEIGHT2": 0.0, "DIRWEIGHT3": 0.0, "DIRWEIGHT4": 0.0 }, "geometry": { "type": "Polygon", "coordinates": [ [ [ 6.801901999577808, 48.057759000177896 ], [ 6.834528999613781, 48.143813999916347 ], [ 6.860994999719651, 48.322578999621328 ], [ 7.548326000444717, 48.501891000269609 ], [ 7.40661599992859, 48.173197999688114 ], [ 7.239420000432858, 47.808094999984405 ], [ 7.166783999881829, 47.595807000293007 ], [ 7.137727999947401, 47.511270999557155 ], [ 6.956117000299514, 47.432249000391209 ], [ 6.725566000170943, 47.329769000439171 ], [ 6.815533000447772, 47.68823199970717 ], [ 6.581593999663539, 47.62204000044585 ], [ 6.754630999621099, 47.932798999574345 ], [ 6.801901999577808, 48.057759000177896 ] ] ] } },
{ "type": "Feature", "properties": { "OBJECTID_1": 0.0, "LONC": 6.684607, "LATC": 55.5, "IDAS": "DEAS980", "A": 1.708, "B": 1.0, "TECREG": "SCR-Ext", "TECTONICS": "Stable Continental Crust", "SS": 90, "NF": 10, "TF": 0, "MINDEPTH": 0, "HYPODEPTH1": 0, "HYPODEPTH2": 0, "HYPODEPTH3": 0, "MAXDEPTH": 20, "WHDEPTH1": 0.0, "WHDEPTH2": 0.0, "WHDEPTH3": 0.0, "MAXMAG01": 6.5, "MAXMAG02": 6.7, "MAXMAG03": 6.9, "MAXMAG04": 7.1, "WMAXMAG01": 0.5, "WMAXMAG02": 0.2, "WMAXMAG03": 0.2, "WMAXMAG04": 0.1, "STRIKE1": 0.0, "STRIKE2": 0.0, "STRIKE3": 0.0, "STRIKE4": 0.0, "DIP1": 0.0, "DIP2": 0.0, "DIP3": 0.0, "DIP4": 0.0, "DIRWEIGHT1": 0.0, "DIRWEIGHT2": 0.0, "DIRWEIGHT3": 0.0, "DIRWEIGHT4": 0.0 }, "geometry": { "type": "Polygon", "coordinates": [ [ [ 3.600000000100067, 57.000000000399893 ], [ 5.400000000100079, 57.000000000399893 ], [ 7.590000000399868, 56.200000000200021 ], [ 7.74000000010011, 55.940000000000168 ], [ 8.314687999851458, 55.510095000384126 ], [ 11.780000000299935, 55.449999999900228 ], [ 13.740266000375755, 55.019256000264363 ], [ 14.0989570002655, 53.800209000245331 ], [ 12.02426000039884, 54.087630999671092 ], [ 9.769213999726446, 54.400039000199854 ], [ 7.010240999722498, 54.107187000379952 ], [ 5.999999999800309, 54.000000000100101 ], [ 5.000000000000171, 55.999999999700378 ], [ 3.600000000100067, 57.000000000399893 ] ] ] } },
{ "type": "Feature", "properties": { "OBJECTID_1": 0.0, "LONC": -4.653567, "LATC": 41.791065, "IDAS": "ESAS979", "A": 2.3441, "B": 1.0, "TECREG": "SCR-NoExt", "TECTONICS": "Stable Continental Crust", "SS": 30, "NF": 60, "TF": 10, "MINDEPTH": 0, "HYPODEPTH1": 0, "HYPODEPTH2": 0, "HYPODEPTH3": 0, "MAXDEPTH": 20, "WHDEPTH1": 0.0, "WHDEPTH2": 0.0, "WHDEPTH3": 0.0, "MAXMAG01": 6.5, "MAXMAG02": 6.8, "MAXMAG03": 7.1, "MAXMAG04": 7.4, "WMAXMAG01": 0.5, "WMAXMAG02": 0.2, "WMAXMAG03": 0.2, "WMAXMAG04": 0.1, "STRIKE1": 47.128136, "STRIKE2": 0.0, "STRIKE3": 234.743455, "STRIKE4": 307.133167, "DIP1": 79.399938, "DIP2": 0.0, "DIP3": 46.972218, "DIP4": 67.162, "DIRWEIGHT1": 0.399015, "DIRWEIGHT2": 0.0, "DIRWEIGHT3": 0.541872, "DIRWEIGHT4": 0.059113 }, "geometry": { "type": "Polygon", "coordinates": [ [ [ -5.604326000244555, 41.132637000297507 ], [ -4.717636999847514, 42.44949299980226 ], [ -3.993124000372177, 42.178106999738418 ], [ -3.702806999643144, 41.597902000077397 ], [ -2.717148000179918, 41.010983000165481 ], [ -2.304107000337638, 40.234242999714809 ], [ -1.05819799993759, 39.387813999716457 ], [ -1.065268000417745, 39.152819999743372 ], [ -3.568165999561074, 38.256315999983599 ], [ -5.291697000316162, 37.822812999920188 ], [ -7.135512000078563, 37.308694000028254 ], [ -7.81278199998917, 37.350686000258861 ], [ -5.111420000132739, 39.279872999739325 ], [ -6.658464000113327, 39.538237000037668 ], [ -7.756020000322621, 39.533234000448942 ], [ -8.278856000204087, 39.66690599991216 ], [ -5.604326000244555, 41.132637000297507 ] ] ] } },
{ "type": "Feature", "properties": { "OBJECTID_1": 0.0, "LONC": -1.95, "LATC": 58.24, "IDAS": "GBAS977", "A": 2.1699, "B": 1.0, "TECREG": "SCR-Ext", "TECTONICS": "Stable Continental Crust", "SS": 33, "NF": 33, "TF": 34, "MINDEPTH": 0, "HYPODEPTH1": 0, "HYPODEPTH2": 0, "HYPODEPTH3": 0, "MAXDEPTH": 20, "WHDEPTH1": 0.0, "WHDEPTH2": 0.0, "WHDEPTH3": 0.0, "MAXMAG01": 6.5, "MAXMAG02": 6.7, "MAXMAG03": 6.9, "MAXMAG04": 7.1, "WMAXMAG01": 0.5, "WMAXMAG02": 0.2, "WMAXMAG03": 0.2, "WMAXMAG04": 0.1, "STRIKE1": 0.0, "STRIKE2": 0.0, "STRIKE3": 0.0, "STRIKE4": 0.0, "DIP1": 0.0, "DIP2": 0.0, "DIP3": 0.0, "DIP4": 0.0, "DIRWEIGHT1": 0.0, "DIRWEIGHT2": 0.0, "DIRWEIGHT3": 0.0, "DIRWEIGHT4": 0.0 }, "geometry": { "type": "Polygon", "coordinates": [ [ [ -5.300000000099772, 56.370000000399841 ], [ -4.04999999989991, 57.389999999800295 ], [ -4.409999999899924, 57.529999999700408 ], [ -5.250000000199691, 58.050000000100113 ], [ -5.250000000199691, 59.999999999800309 ], [ -2.500000000299622, 62.000000000299963 ], [ 1.400000000000148, 61.299999999900251 ], [ 0.699999999600436, 58.000000000200032 ], [ 3.200000000000159, 55.750000000200032 ], [ 4.000000000200032, 54.000000000100101 ], [ 3.780000000100074, 53.379999999900235 ], [ 3.349999999700401, 53.060000000000173 ], [ 0.300000000399848, 54.919999999700394 ], [ -0.599999999600129, 54.739999999700387 ], [ -1.949999999600152, 54.480000000399855 ], [ -2.379999999999825, 55.210000000200012 ], [ -2.799999999700049, 55.899999999900217 ], [ -3.45000000019968, 56.100000000399859 ], [ -3.829999999800009, 56.570000000000164 ], [ -4.850000000099783, 56.269999999700417 ], [ -5.300000000099772, 56.370000000399841 ] ] ] } },
{ "type": "Feature", "properties": { "OBJECTID_1": 0.0, "LONC": 14.864286, "LATC": 48.650766, "IDAS": "DEAS983", "A": 2.5231, "B": 0.927, "TECREG": "SCR-Ext", "TECTONICS": "Stable Continental Crust", "SS": 33, "NF": 33, "TF": 34, "MINDEPTH": 3, "HYPODEPTH1": 0, "HYPODEPTH2": 0, "HYPODEPTH3": 0, "MAXDEPTH": 25, "WHDEPTH1": 0.0, "WHDEPTH2": 0.0, "WHDEPTH3": 0.0, "MAXMAG01": 6.5, "MAXMAG02": 6.7, "MAXMAG03": 6.9, "MAXMAG04": 7.1, "WMAXMAG01": 0.5, "WMAXMAG02": 0.2, "WMAXMAG03": 0.2, "WMAXMAG04": 0.1, "STRIKE1": 48.681958, "STRIKE2": 0.0, "STRIKE3": 199.345667, "STRIKE4": 0.0, "DIP1": 71.969938, "DIP2": 0.0, "DIP3": 49.825, "DIP4": 0.0, "DIRWEIGHT1": 0.941176, "DIRWEIGHT2": 0.0, "DIRWEIGHT3": 0.058824, "DIRWEIGHT4": 0.0 }, "geometry": { "type": "Polygon", "coordinates": [ [ [ 14.50730799966459, 47.835914000430932 ], [ 14.326010000061615, 47.801910999892925 ], [ 13.966155999599891, 47.734851000173705 ], [ 13.3670879997116, 47.726648999651786 ], [ 12.274726999851339, 47.62189099986989 ], [ 12.128637999744058, 47.587542999609923 ], [ 11.283512999625373, 47.349086000019042 ], [ 11.148838999820157, 47.311100000165027 ], [ 10.933659999909253, 47.590534999990439 ], [ 10.790315999583868, 47.562268999614787 ], [ 10.709603999824878, 47.546076000207393 ], [ 10.587910999693065, 47.514944999911961 ], [ 10.278441999798588, 47.434900000334892 ], [ 9.995668999824659, 47.35280199961278 ], [ 9.84831699992975, 47.489471999733155 ], [ 9.820265000429572, 47.508952999681355 ], [ 9.57043399972946, 47.934536999682962 ], [ 9.563760999570661, 48.014870999996845 ], [ 9.561307999764551, 48.045709000270335 ], [ 9.669955999969602, 48.154009999761854 ], [ 10.000757999782024, 48.400424000267549 ], [ 10.273697000416405, 48.529555999909633 ], [ 10.564672000012933, 48.617934999800582 ], [ 11.454064000053734, 48.741447000179107 ], [ 11.672838000273657, 48.793191999611281 ], [ 11.681277000033674, 48.988833999689518 ], [ 11.231169000449199, 48.975117000249554 ], [ 10.919987999846455, 48.965634000009288 ], [ 10.466243999860865, 48.862120000038146 ], [ 10.373153000310879, 48.87840199995253 ], [ 10.083300000294912, 48.928499999875271 ], [ 9.702000000100099, 48.997000000349885 ], [ 9.178214999622696, 48.981794999739634 ], [ 8.9501899999687, 48.980696000320336 ], [ 8.532365999891169, 49.001304000079699 ], [ 8.642184000091675, 49.142415999998548 ], [ 8.720696000020553, 49.320824000327548 ], [ 8.78326200024128, 49.618791000404485 ], [ 8.983804999701135, 50.18749400024808 ], [ 9.128891000319584, 50.597592000170835 ], [ 9.721932000161814, 50.449334999910491 ], [ 10.314197000191541, 50.299842000208287 ], [ 10.90646100017517, 50.150347999560722 ], [ 11.503894000208106, 49.999933999654502 ], [ 11.92572599985516, 49.858704999736119 ], [ 12.040930000219475, 49.78624099992237 ], [ 12.165604000224619, 49.707818999647259 ], [ 12.216699000258814, 49.663224999933959 ], [ 12.389088000011327, 49.513374999956454 ], [ 12.579283999856898, 49.345242000418125 ], [ 12.781448000325099, 49.21641499955274 ], [ 12.764994999719647, 49.378218000360619 ], [ 12.783599999740375, 49.581281000018294 ], [ 12.808014999692659, 49.854089000007491 ], [ 12.774436999867817, 49.959914000430956 ], [ 12.734278999676235, 50.084212000183811 ], [ 12.724296999806882, 50.162134999930458 ], [ 13.136776999858796, 50.214197999638145 ], [ 14.187166000410741, 50.540911999789103 ], [ 14.293466000255876, 50.888720999674547 ], [ 14.695492000255797, 51.023338000448518 ], [ 12.417714999947464, 51.491672999709351 ], [ 12.140248000045347, 51.246184999638217 ], [ 10.017610999947863, 51.164651999790124 ], [ 9.432942000373203, 51.10012700006115 ], [ 9.604284000406437, 51.761740000101099 ], [ 9.116923999742937, 52.22488500014282 ], [ 7.867097000326453, 52.599784000131649 ], [ 7.672095000084369, 52.238504999606221 ], [ 9.000937000142585, 51.811155000003396 ], [ 8.4809999999502, 50.270000000000152 ], [ 8.154849999727844, 50.361299999695404 ], [ 7.761623999947801, 50.413410999817927 ], [ 7.633149000026492, 50.447627000285991 ], [ 7.417766999747414, 50.578840999712554 ], [ 7.343027000196059, 50.651377000148614 ], [ 7.30375600043925, 50.705063000057578 ], [ 7.254096000030529, 50.791123000026573 ], [ 7.239889999623927, 50.821897000046704 ], [ 6.898379999737358, 51.083387999756553 ], [ 6.611163999918801, 51.183803999854888 ], [ 6.402255999614852, 51.292815999758773 ], [ 6.269151000218642, 51.505976000092517 ], [ 5.980917000219563, 51.755158999688263 ], [ 5.688967999773524, 52.117299000348737 ], [ 3.780000000100074, 53.379999999900235 ], [ 4.000000000200032, 54.000000000100101 ], [ 5.999999999800309, 54.000000000100101 ], [ 7.010240999722498, 54.107187000379952 ], [ 9.769213999726446, 54.400039000199854 ], [ 12.02426000039884, 54.087630999671092 ], [ 14.0989570002655, 53.800209000245331 ], [ 16.343509999986679, 53.113392999887196 ], [ 18.536053999792443, 52.625038000103814 ], [ 19.666253999922333, 51.980921000204148 ], [ 19.730585999744278, 51.148290999829953 ], [ 20.266745999828174, 50.48685699995076 ], [ 21.339697000316448, 50.380971000311604 ], [ 21.641610999847956, 50.537569000309304 ], [ 22.064213999976289, 50.757068999834644 ], [ 22.119426000109968, 50.731390000048634 ], [ 22.509282000064388, 50.550071000376533 ], [ 23.094427000006192, 50.191250999933857 ], [ 23.927474999871492, 49.680395000329156 ], [ 25.266173000283914, 48.095346999664457 ], [ 24.418912999735312, 47.948843000204477 ], [ 22.08748300014048, 49.341348999856621 ], [ 20.163779999947224, 49.713124999719128 ], [ 19.992139999661447, 49.757003999734991 ], [ 19.147022999911655, 50.060627999882456 ], [ 18.113327000241043, 50.225548999686737 ], [ 17.823882000154356, 50.382244999707154 ], [ 17.236067000291996, 50.691694999624701 ], [ 16.963843000254428, 50.835004000134688 ], [ 16.504138999715224, 50.652646000212883 ], [ 15.582063999753927, 50.897859000192852 ], [ 15.456477999959873, 50.757510000386389 ], [ 15.964383000175474, 50.401566000370792 ], [ 17.063723999962804, 49.959284000156629 ], [ 17.952669000074479, 49.663758000231667 ], [ 18.504408000029343, 49.517454000102191 ], [ 18.858900999681566, 49.442012999700353 ], [ 17.332940999827429, 48.683486000079029 ], [ 16.634872000342682, 48.291962999692828 ], [ 16.038172999984113, 48.423711000362516 ], [ 15.772153000061053, 48.482133000137992 ], [ 15.278142000253297, 48.118991000034782 ], [ 14.50730799966459, 47.835914000430932 ] ] ] } },
{ "type": "Feature", "properties": { "OBJECTID_1": 0.0, "LONC": 17.588525, "LATC": 50.023001, "IDAS": "PLAS982", "A": 2.1608, "B": 0.886, "TECREG": "SCR-Ext", "TECTONICS": "Stable Continental Crust", "SS": 33, "NF": 33, "TF": 34, "MINDEPTH": 3, "HYPODEPTH1": 0, "HYPODEPTH2": 0, "HYPODEPTH3": 0, "MAXDEPTH": 25, "WHDEPTH1": 0.0, "WHDEPTH2": 0.0, "WHDEPTH3": 0.0, "MAXMAG01": 6.5, "MAXMAG02": 6.7, "MAXMAG03": 6.9, "MAXMAG04": 7.1, "WMAXMAG01": 0.5, "WMAXMAG02": 0.2, "WMAXMAG03": 0.2, "WMAXMAG04": 0.1, "STRIKE1": 0.0, "STRIKE2": 0.0, "STRIKE3": 0.0, "STRIKE4": 0.0, "DIP1": 0.0, "DIP2": 0.0, "DIP3": 0.0, "DIP4": 0.0, "DIRWEIGHT1": 0.0, "DIRWEIGHT2": 0.0, "DIRWEIGHT3": 0.0, "DIRWEIGHT4": 0.0 }, "geometry": { "type": "Polygon", "coordinates": [ [ [ 17.823882000154356, 50.382244999707154 ], [ 18.113327000241043, 50.225548999686737 ], [ 19.147022999911655, 50.060627999882456 ], [ 19.992139999661447, 49.757003999734991 ], [ 18.858900999681566, 49.442012999700353 ], [ 18.504408000029343, 49.517454000102191 ], [ 17.952669000074479, 49.663758000231667 ], [ 17.063723999962804, 49.959284000156629 ], [ 15.964383000175474, 50.401566000370792 ], [ 15.456477999959873, 50.757510000386389 ], [ 15.582063999753927, 50.897859000192852 ], [ 16.504138999715224, 50.652646000212883 ], [ 16.963843000254428, 50.835004000134688 ], [ 17.236067000291996, 50.691694999624701 ], [ 17.823882000154356, 50.382244999707154 ] ] ] } },
{ "type": "Feature", "properties": { "OBJECTID_1": 0.0, "LONC": 13.421541, "LATC": 50.525428, "IDAS": "DEAS972", "A": 0.8152, "B": 1.0, "TECREG": "SCR-Ext", "TECTONICS": "Stable Continental Crust", "SS": 90, "NF": 10, "TF": 0, "MINDEPTH": 5, "HYPODEPTH1": 0, "HYPODEPTH2": 0, "HYPODEPTH3": 0, "MAXDEPTH": 14, "WHDEPTH1": 0.0, "WHDEPTH2": 0.0, "WHDEPTH3": 0.0, "MAXMAG01": 6.5, "MAXMAG02": 6.7, "MAXMAG03": 6.9, "MAXMAG04": 7.1, "WMAXMAG01": 0.5, "WMAXMAG02": 0.2, "WMAXMAG03": 0.2, "WMAXMAG04": 0.1, "STRIKE1": 0.0, "STRIKE2": 0.0, "STRIKE3": 0.0, "STRIKE4": 0.0, "DIP1": 0.0, "DIP2": 0.0, "DIP3": 0.0, "DIP4": 0.0, "DIRWEIGHT1": 0.0, "DIRWEIGHT2": 0.0, "DIRWEIGHT3": 0.0, "DIRWEIGHT4": 0.0 }, "geometry": { "type": "Polygon", "coordinates": [ [ [ 14.293466000255876, 50.888720999674547 ], [ 14.187166000410741, 50.540911999789103 ], [ 13.136776999858796, 50.214197999638145 ], [ 12.724296999806882, 50.162134999930458 ], [ 12.549615000432084, 50.397782000339191 ], [ 12.540883999796904, 50.589231000410507 ], [ 12.630744999682179, 51.129785999924138 ], [ 12.545368999779669, 51.407733000377846 ], [ 12.417714999947464, 51.491672999709351 ], [ 14.695492000255797, 51.023338000448518 ], [ 14.293466000255876, 50.888720999674547 ] ] ] } },
{ "type": "Feature", "properties": { "OBJECTID_1": 0.0, "LONC": 4.449706, "LATC": 42.836976, "IDAS": "ESAS969", "A": 3.2707, "B": 1.0, "TECREG": "SCR-Ext", "TECTONICS": "Stable Continental Crust", "SS": 33, "NF": 33, "TF": 34, "MINDEPTH": 0, "HYPODEPTH1": 0, "HYPODEPTH2": 0, "HYPODEPTH3": 0, "MAXDEPTH": 20, "WHDEPTH1": 0.0, "WHDEPTH2": 0.0, "WHDEPTH3": 0.0, "MAXMAG01": 6.5, "MAXMAG02": 6.7, "MAXMAG03": 6.9, "MAXMAG04": 7.1, "WMAXMAG01": 0.5, "WMAXMAG02": 0.2, "WMAXMAG03": 0.2, "WMAXMAG04": 0.1, "STRIKE1": 0.0, "STRIKE2": 0.0, "STRIKE3": 0.0, "STRIKE4": 0.0, "DIP1": 0.0, "DIP2": 0.0, "DIP3": 0.0, "DIP4": 0.0, "DIRWEIGHT1": 0.0, "DIRWEIGHT2": 0.0, "DIRWEIGHT3": 0.0, "DIRWEIGHT4": 0.0 }, "geometry": { "type": "Polygon", "coordinates": [ [ [ 3.030007000123135, 42.932665999836217 ], [ 3.32260800005929, 43.074637999843958 ], [ 3.881262999687863, 43.430678999836118 ], [ 4.474493038822857, 43.826300825922544 ], [ 5.066341999883548, 43.017672999809236 ], [ 5.665528999863625, 42.895984999907967 ], [ 5.869404000094676, 42.854590000228484 ], [ 5.984736000066505, 42.821969999615931 ], [ 6.210371000121711, 42.758170000045652 ], [ 6.736509000290312, 42.82719500044908 ], [ 7.104527000420887, 43.049914000031265 ], [ 7.28770600043174, 43.160771999628253 ], [ 7.673733000078073, 43.357393999933322 ], [ 7.924040000245952, 43.48478200008941 ], [ 8.542561999736677, 43.089055000088365 ], [ 8.129234000149154, 42.532102999853748 ], [ 7.985398999664255, 42.168574999936482 ], [ 7.859904999616219, 41.851293000371811 ], [ 7.631969999615933, 41.608722999966631 ], [ 7.301460999825451, 41.257094000188147 ], [ 7.394948999696737, 40.713452000409632 ], [ 7.421953000330859, 40.556423000321388 ], [ 4.46829999964541, 39.535004000234608 ], [ 4.53227400004522, 40.032098000122801 ], [ 4.594977000288509, 40.519314000440943 ], [ 4.095634000109158, 40.556642999674864 ], [ 0.683862000031411, 39.323853999962296 ], [ 0.351753000200972, 39.203849000331275 ], [ 0.288801000166188, 39.418530999805967 ], [ 0.270483999936801, 39.481004000234577 ], [ 1.046946000157959, 40.31389299996215 ], [ 1.398961999796597, 40.683576000432254 ], [ 3.085935000000404, 41.233340000141084 ], [ 3.826367999783542, 41.494872999989127 ], [ 4.119649999647947, 41.798837999674106 ], [ 3.445286999795371, 42.507783999831872 ], [ 3.089574999686647, 42.877201999772637 ], [ 3.030007000123135, 42.932665999836217 ] ] ] } },
{ "type": "Feature", "properties": { "OBJECTID_1": 135.0, "LONC": 8.026347, "LATC": 48.1882, "IDAS": "DEAS141", "A": 2.7718, "B": 1.031, "TECREG": "SCR-Ext", "TECTONICS": "Stable Continental Crust", "SS": 35, "NF": 50, "TF": 15, "MINDEPTH": 7, "HYPODEPTH1": 0, "HYPODEPTH2": 0, "HYPODEPTH3": 0, "MAXDEPTH": 11, "WHDEPTH1": 0.0, "WHDEPTH2": 0.0, "WHDEPTH3": 0.0, "MAXMAG01": 6.5, "MAXMAG02": 6.8, "MAXMAG03": 7.1, "MAXMAG04": 7.4, "WMAXMAG01": 0.5, "WMAXMAG02": 0.2, "WMAXMAG03": 0.2, "WMAXMAG04": 0.1, "STRIKE1": 0.0, "STRIKE2": 0.0, "STRIKE3": 0.0, "STRIKE4": 0.0, "DIP1": 0.0, "DIP2": 0.0, "DIP3": 0.0, "DIP4": 0.0, "DIRWEIGHT1": 0.0, "DIRWEIGHT2": 0.0, "DIRWEIGHT3": 0.0, "DIRWEIGHT4": 0.0 }, "geometry": { "type": "Polygon", "coordinates": [ [ [ 7.733220000402866, 47.80805599998456 ], [ 7.806000000399877, 47.960000000299942 ], [ 7.862000000000137, 48.202999999850306 ], [ 7.968192000260785, 48.406590999575144 ], [ 8.319473000178959, 48.776385999814181 ], [ 8.302724000312537, 48.320912000088924 ], [ 8.295731999832071, 48.061611999794138 ], [ 8.292000000399867, 47.93400000010007 ], [ 8.271777000408406, 47.60510700018807 ], [ 7.742946000157929, 47.600013000000104 ], [ 7.733220000402866, 47.80805599998456 ] ] ] } },
{ "type": "Feature", "properties": { "OBJECTID_1": 24.0, "LONC": 25.255, "LATC": 57.43915, "IDAS": "LVAS024", "A": 3.0, "B": 1.0, "TECREG": "SCR-Shield", "TECTONICS": "Stable Continental Crust", "SS": 33, "NF": 33, "TF": 34, "MINDEPTH": 0, "HYPODEPTH1": 0, "HYPODEPTH2": 0, "HYPODEPTH3": 0, "MAXDEPTH": 34, "WHDEPTH1": 0.0, "WHDEPTH2": 0.0, "WHDEPTH3": 0.0, "MAXMAG01": 6.5, "MAXMAG02": 6.7, "MAXMAG03": 6.9, "MAXMAG04": 7.1, "WMAXMAG01": 0.5, "WMAXMAG02": 0.2, "WMAXMAG03": 0.2, "WMAXMAG04": 0.1, "STRIKE1": 0.0, "STRIKE2": 0.0, "STRIKE3": 0.0, "STRIKE4": 0.0, "DIP1": 0.0, "DIP2": 0.0, "DIP3": 0.0, "DIP4": 0.0, "DIRWEIGHT1": 0.0, "DIRWEIGHT2": 0.0, "DIRWEIGHT3": 0.0, "DIRWEIGHT4": 0.0 }, "geometry": { "type": "Polygon", "coordinates": [ [ [ 22.310000000299965, 56.120000000000175 ], [ 23.999999999800309, 58.350000000399859 ], [ 25.727044999827058, 59.608300000244981 ], [ 28.200000000399882, 59.300000000299917 ], [ 28.200000000399882, 55.269999999900222 ], [ 22.310000000299965, 56.120000000000175 ] ] ] } },
{ "type": "Feature", "properties": { "OBJECTID_1": 25.0, "LONC": 30.475543, "LATC": 69.500013, "IDAS": "RUAS025", "A": 1.8005, "B": 1.0, "TECREG": "SCR-Shield", "TECTONICS": "Stable Continental Crust", "SS": 20, "NF": 25, "TF": 55, "MINDEPTH": 0, "HYPODEPTH1": 0, "HYPODEPTH2": 0, "HYPODEPTH3": 0, "MAXDEPTH": 34, "WHDEPTH1": 0.0, "WHDEPTH2": 0.0, "WHDEPTH3": 0.0, "MAXMAG01": 6.5, "MAXMAG02": 6.7, "MAXMAG03": 6.9, "MAXMAG04": 7.1, "WMAXMAG01": 0.5, "WMAXMAG02": 0.2, "WMAXMAG03": 0.2, "WMAXMAG04": 0.1, "STRIKE1": 0.0, "STRIKE2": 0.0, "STRIKE3": 0.0, "STRIKE4": 0.0, "DIP1": 0.0, "DIP2": 0.0, "DIP3": 0.0, "DIP4": 0.0, "DIRWEIGHT1": 0.0, "DIRWEIGHT2": 0.0, "DIRWEIGHT3": 0.0, "DIRWEIGHT4": 0.0 }, "geometry": { "type": "Polygon", "coordinates": [ [ [ 27.001085999819225, 70.000414999852524 ], [ 28.200000000399882, 71.000000000299963 ], [ 29.998630000174558, 72.000027000445868 ], [ 33.949999999700367, 70.979999999800327 ], [ 33.949999999700367, 68.059999999700381 ], [ 27.090000000100076, 67.000000000200032 ], [ 27.859416000048554, 69.659983000215448 ], [ 27.001085999819225, 70.000414999852524 ] ] ] } },
{ "type": "Feature", "properties": { "OBJECTID_1": 26.0, "LONC": 27.795, "LATC": 65.95, "IDAS": "FIAS026", "A": 2.65, "B": 1.0, "TECREG": "SCR-Shield", "TECTONICS": "Stable Continental Crust", "SS": 50, "NF": 40, "TF": 10, "MINDEPTH": 0, "HYPODEPTH1": 0, "HYPODEPTH2": 0, "HYPODEPTH3": 0, "MAXDEPTH": 34, "WHDEPTH1": 0.0, "WHDEPTH2": 0.0, "WHDEPTH3": 0.0, "MAXMAG01": 6.5, "MAXMAG02": 6.7, "MAXMAG03": 6.9, "MAXMAG04": 7.1, "WMAXMAG01": 0.5, "WMAXMAG02": 0.2, "WMAXMAG03": 0.2, "WMAXMAG04": 0.1, "STRIKE1": 0.0, "STRIKE2": 0.0, "STRIKE3": 0.0, "STRIKE4": 0.0, "DIP1": 0.0, "DIP2": 0.0, "DIP3": 0.0, "DIP4": 0.0, "DIRWEIGHT1": 0.0, "DIRWEIGHT2": 0.0, "DIRWEIGHT3": 0.0, "DIRWEIGHT4": 0.0 }, "geometry": { "type": "Polygon", "coordinates": [ [ [ 21.640000000200018, 63.840000000399868 ], [ 27.090000000100076, 67.000000000200032 ], [ 33.949999999700367, 68.059999999700381 ], [ 33.949999999700367, 65.949999999600493 ], [ 27.99999999990024, 64.189999999700376 ], [ 21.640000000200018, 63.840000000399868 ] ] ] } },
{ "type": "Feature", "properties": { "OBJECTID_1": 28.0, "LONC": 21.929708, "LATC": 65.250709, "IDAS": "SEAS028", "A": 2.7, "B": 1.0, "TECREG": "SCR-Shield", "TECTONICS": "Stable Continental Crust", "SS": 50, "NF": 40, "TF": 10, "MINDEPTH": 0, "HYPODEPTH1": 0, "HYPODEPTH2": 0, "HYPODEPTH3": 0, "MAXDEPTH": 40, "WHDEPTH1": 0.0, "WHDEPTH2": 0.0, "WHDEPTH3": 0.0, "MAXMAG01": 6.5, "MAXMAG02": 6.7, "MAXMAG03": 6.9, "MAXMAG04": 7.1, "WMAXMAG01": 0.5, "WMAXMAG02": 0.2, "WMAXMAG03": 0.2, "WMAXMAG04": 0.1, "STRIKE1": 0.0, "STRIKE2": 0.0, "STRIKE3": 0.0, "STRIKE4": 0.0, "DIP1": 0.0, "DIP2": 0.0, "DIP3": 0.0, "DIP4": 0.0, "DIRWEIGHT1": 0.0, "DIRWEIGHT2": 0.0, "DIRWEIGHT3": 0.0, "DIRWEIGHT4": 0.0 }, "geometry": { "type": "Polygon", "coordinates": [ [ [ 15.999999999600448, 61.849999999700401 ], [ 20.499999999600448, 64.999999999700378 ], [ 20.499999999600448, 67.000000000200032 ], [ 18.499656000324308, 67.610133999584605 ], [ 23.599999999700401, 69.750000000100101 ], [ 27.001085999819225, 70.000414999852524 ], [ 27.859416000048554, 69.659983000215448 ], [ 27.090000000100076, 67.000000000200032 ], [ 21.640000000200018, 63.840000000399868 ], [ 17.602134000383955, 60.501002000042433 ], [ 15.999999999600448, 61.849999999700401 ] ] ] } },
{ "type": "Feature", "properties": { "OBJECTID_1": 32.0, "LONC": 25.776067, "LATC": 62.625, "IDAS": "FIAS032", "A": 2.1, "B": 1.0, "TECREG": "SCR-Shield", "TECTONICS": "Stable Continental Crust", "SS": 50, "NF": 40, "TF": 10, "MINDEPTH": 0, "HYPODEPTH1": 0, "HYPODEPTH2": 0, "HYPODEPTH3": 0, "MAXDEPTH": 34, "WHDEPTH1": 0.0, "WHDEPTH2": 0.0, "WHDEPTH3": 0.0, "MAXMAG01": 6.5, "MAXMAG02": 6.7, "MAXMAG03": 6.9, "MAXMAG04": 7.1, "WMAXMAG01": 0.5, "WMAXMAG02": 0.2, "WMAXMAG03": 0.2, "WMAXMAG04": 0.1, "STRIKE1": 0.0, "STRIKE2": 0.0, "STRIKE3": 0.0, "STRIKE4": 0.0, "DIP1": 0.0, "DIP2": 0.0, "DIP3": 0.0, "DIP4": 0.0, "DIRWEIGHT1": 0.0, "DIRWEIGHT2": 0.0, "DIRWEIGHT3": 0.0, "DIRWEIGHT4": 0.0 }, "geometry": { "type": "Polygon", "coordinates": [ [ [ 17.602134000383955, 60.501002000042433 ], [ 21.640000000200018, 63.840000000399868 ], [ 27.99999999990024, 64.189999999700376 ], [ 33.949999999700367, 65.949999999600493 ], [ 33.949999999700367, 64.49000000000018 ], [ 30.129999999600443, 59.949999999900228 ], [ 28.200000000399882, 59.300000000299917 ], [ 25.727044999827058, 59.608300000244981 ], [ 24.999999999600448, 59.700000000399882 ], [ 22.323135999926592, 59.592357999822013 ], [ 19.999999999700378, 59.49999999990024 ], [ 19.264593999713497, 59.805796000385271 ], [ 17.602134000383955, 60.501002000042433 ] ] ] } },
{ "type": "Feature", "properties": { "OBJECTID_1": 33.0, "LONC": 15.001067, "LATC": 60.325803, "IDAS": "SEAS033", "A": 1.9, "B": 1.0, "TECREG": "SCR-Shield", "TECTONICS": "Stable Continental Crust", "SS": 50, "NF": 40, "TF": 10, "MINDEPTH": 0, "HYPODEPTH1": 0, "HYPODEPTH2": 0, "HYPODEPTH3": 0, "MAXDEPTH": 40, "WHDEPTH1": 0.0, "WHDEPTH2": 0.0, "WHDEPTH3": 0.0, "MAXMAG01": 6.5, "MAXMAG02": 6.7, "MAXMAG03": 6.9, "MAXMAG04": 7.1, "WMAXMAG01": 0.5, "WMAXMAG02": 0.2, "WMAXMAG03": 0.2, "WMAXMAG04": 0.1, "STRIKE1": 0.0, "STRIKE2": 0.0, "STRIKE3": 0.0, "STRIKE4": 0.0, "DIP1": 0.0, "DIP2": 0.0, "DIP3": 0.0, "DIP4": 0.0, "DIRWEIGHT1": 0.0, "DIRWEIGHT2": 0.0, "DIRWEIGHT3": 0.0, "DIRWEIGHT4": 0.0 }, "geometry": { "type": "Polygon", "coordinates": [ [ [ 12.399999999600482, 60.999999999600448 ], [ 15.999999999600448, 61.849999999700401 ], [ 17.602134000383955, 60.501002000042433 ], [ 15.198065000099859, 58.801605999817184 ], [ 12.399999999600482, 60.999999999600448 ] ] ] } },
{ "type": "Feature", "properties": { "OBJECTID_1": 34.0, "LONC": 13.204033, "LATC": 58.8, "IDAS": "SEAS034", "A": 2.2, "B": 1.0, "TECREG": "SCR-Shield", "TECTONICS": "Stable Continental Crust", "SS": 50, "NF": 40, "TF": 10, "MINDEPTH": 0, "HYPODEPTH1": 0, "HYPODEPTH2": 0, "HYPODEPTH3": 0, "MAXDEPTH": 40, "WHDEPTH1": 0.0, "WHDEPTH2": 0.0, "WHDEPTH3": 0.0, "MAXMAG01": 6.5, "MAXMAG02": 6.7, "MAXMAG03": 6.9, "MAXMAG04": 7.1, "WMAXMAG01": 0.5, "WMAXMAG02": 0.2, "WMAXMAG03": 0.2, "WMAXMAG04": 0.1, "STRIKE1": 0.0, "STRIKE2": 0.0, "STRIKE3": 0.0, "STRIKE4": 0.0, "DIP1": 0.0, "DIP2": 0.0, "DIP3": 0.0, "DIP4": 0.0, "DIRWEIGHT1": 0.0, "DIRWEIGHT2": 0.0, "DIRWEIGHT3": 0.0, "DIRWEIGHT4": 0.0 }, "geometry": { "type": "Polygon", "coordinates": [ [ [ 11.21000000000015, 57.929999999800316 ], [ 12.399999999600482, 60.999999999600448 ], [ 15.198065000099859, 58.801605999817184 ], [ 13.649999999800286, 56.600000000299929 ], [ 11.21000000000015, 57.929999999800316 ] ] ] } },
{ "type": "Feature", "properties": { "OBJECTID_1": 35.0, "LONC": 22.691728, "LATC": 57.11, "IDAS": "LVAS035", "A": 2.8, "B": 1.0, "TECREG": "SCR-Shield", "TECTONICS": "Stable Continental Crust", "SS": 33, "NF": 33, "TF": 34, "MINDEPTH": 0, "HYPODEPTH1": 0, "HYPODEPTH2": 0, "HYPODEPTH3": 0, "MAXDEPTH": 34, "WHDEPTH1": 0.0, "WHDEPTH2": 0.0, "WHDEPTH3": 0.0, "MAXMAG01": 6.5, "MAXMAG02": 6.7, "MAXMAG03": 6.9, "MAXMAG04": 7.1, "WMAXMAG01": 0.5, "WMAXMAG02": 0.2, "WMAXMAG03": 0.2, "WMAXMAG04": 0.1, "STRIKE1": 0.0, "STRIKE2": 0.0, "STRIKE3": 0.0, "STRIKE4": 0.0, "DIP1": 0.0, "DIP2": 0.0, "DIP3": 0.0, "DIP4": 0.0, "DIRWEIGHT1": 0.0, "DIRWEIGHT2": 0.0, "DIRWEIGHT3": 0.0, "DIRWEIGHT4": 0.0 }, "geometry": { "type": "Polygon", "coordinates": [ [ [ 19.65641100016768, 54.633632000316709 ], [ 22.323135999926592, 59.592357999822013 ], [ 24.999999999600448, 59.700000000399882 ], [ 25.727044999827058, 59.608300000244981 ], [ 23.999999999800309, 58.350000000399859 ], [ 22.310000000299965, 56.120000000000175 ], [ 21.180000000399843, 54.519999999600486 ], [ 19.65641100016768, 54.633632000316709 ] ] ] } },
{ "type": "Feature", "properties": { "OBJECTID_1": 0.0, "LONC": 18.557419, "LATC": 57.04694, "IDAS": "SEAS978", "A": 2.0371, "B": 1.0, "TECREG": "SCR-Shield", "TECTONICS": "Stable Continental Crust", "SS": 50, "NF": 40, "TF": 10, "MINDEPTH": 0, "HYPODEPTH1": 0, "HYPODEPTH2": 0, "HYPODEPTH3": 0, "MAXDEPTH": 34, "WHDEPTH1": 0.0, "WHDEPTH2": 0.0, "WHDEPTH3": 0.0, "MAXMAG01": 6.5, "MAXMAG02": 6.7, "MAXMAG03": 6.9, "MAXMAG04": 7.1, "WMAXMAG01": 0.5, "WMAXMAG02": 0.2, "WMAXMAG03": 0.2, "WMAXMAG04": 0.1, "STRIKE1": 0.0, "STRIKE2": 0.0, "STRIKE3": 0.0, "STRIKE4": 0.0, "DIP1": 0.0, "DIP2": 0.0, "DIP3": 0.0, "DIP4": 0.0, "DIRWEIGHT1": 0.0, "DIRWEIGHT2": 0.0, "DIRWEIGHT3": 0.0, "DIRWEIGHT4": 0.0 }, "geometry": { "type": "Polygon", "coordinates": [ [ [ 19.264593999713497, 59.805796000385271 ], [ 19.999999999700378, 59.49999999990024 ], [ 22.323135999926592, 59.592357999822013 ], [ 19.65641100016768, 54.633632000316709 ], [ 17.642199999930199, 54.755736999662986 ], [ 15.78846899974468, 54.288083000330346 ], [ 14.950128000407062, 54.53049599979073 ], [ 14.881773000323847, 54.968185000437586 ], [ 14.791701999747659, 55.616041000092252 ], [ 14.739999999600457, 55.999999999700378 ], [ 13.649999999800286, 56.600000000299929 ], [ 15.198065000099859, 58.801605999817184 ], [ 17.602134000383955, 60.501002000042433 ], [ 19.264593999713497, 59.805796000385271 ] ] ] } },
{ "type": "Feature", "properties": { "OBJECTID_1": 80.0, "LONC": 12.456152, "LATC": 50.259105, "IDAS": "CZAS080", "A": 4.0, "B": 1.25, "TECREG": "Volcanic", "TECTONICS": "Volcanic", "SS": 90, "NF": 10, "TF": 0, "MINDEPTH": 5, "HYPODEPTH1": 0, "HYPODEPTH2": 0, "HYPODEPTH3": 0, "MAXDEPTH": 17, "WHDEPTH1": 0.0, "WHDEPTH2": 0.0, "WHDEPTH3": 0.0, "MAXMAG01": 5.8, "MAXMAG02": 6.0, "MAXMAG03": 0.0, "MAXMAG04": 0.0, "WMAXMAG01": 0.5, "WMAXMAG02": 0.5, "WMAXMAG03": 0.0, "WMAXMAG04": 0.0, "STRIKE1": 0.0, "STRIKE2": 0.0, "STRIKE3": 0.0, "STRIKE4": 0.0, "DIP1": 0.0, "DIP2": 0.0, "DIP3": 0.0, "DIP4": 0.0, "DIRWEIGHT1": 0.0, "DIRWEIGHT2": 0.0, "DIRWEIGHT3": 0.0, "DIRWEIGHT4": 0.0 }, "geometry": { "type": "Polygon", "coordinates": [ [ [ 12.188008000069317, 50.311620000163032 ], [ 12.549615000432084, 50.397782000339191 ], [ 12.724296999806882, 50.162134999930458 ], [ 12.354018999777168, 50.120428000252161 ], [ 12.188008000069317, 50.311620000163032 ] ] ] } },
{ "type": "Feature", "properties": { "OBJECTID_1": 121.0, "LONC": 12.581017, "LATC": 49.689275, "IDAS": "CZAS127", "A": 3.5, "B": 1.25, "TECREG": "Volcanic", "TECTONICS": "Volcanic", "SS": 90, "NF": 10, "TF": 0, "MINDEPTH": 5, "HYPODEPTH1": 0, "HYPODEPTH2": 0, "HYPODEPTH3": 0, "MAXDEPTH": 17, "WHDEPTH1": 0.0, "WHDEPTH2": 0.0, "WHDEPTH3": 0.0, "MAXMAG01": 5.8, "MAXMAG02": 6.0, "MAXMAG03": 0.0, "MAXMAG04": 0.0, "WMAXMAG01": 0.5, "WMAXMAG02": 0.5, "WMAXMAG03": 0.0, "WMAXMAG04": 0.0, "STRIKE1": 0.0, "STRIKE2": 0.0, "STRIKE3": 0.0, "STRIKE4": 0.0, "DIP1": 0.0, "DIP2": 0.0, "DIP3": 0.0, "DIP4": 0.0, "DIRWEIGHT1": 0.0, "DIRWEIGHT2": 0.0, "DIRWEIGHT3": 0.0, "DIRWEIGHT4": 0.0 }, "geometry": { "type": "Polygon", "coordinates": [ [ [ 12.354018999777168, 50.120428000252161 ], [ 12.724296999806882, 50.162134999930458 ], [ 12.734278999676235, 50.084212000183811 ], [ 12.774436999867817, 49.959914000430956 ], [ 12.808014999692659, 49.854089000007491 ], [ 12.783599999740375, 49.581281000018294 ], [ 12.764994999719647, 49.378218000360619 ], [ 12.781448000325099, 49.21641499955274 ], [ 12.579283999856898, 49.345242000418125 ], [ 12.389088000011327, 49.513374999956454 ], [ 12.446811999973988, 50.001090999949838 ], [ 12.354018999777168, 50.120428000252161 ] ] ] } },
{ "type": "Feature", "properties": { "OBJECTID_1": 291.0, "LONC": 12.7039, "LATC": 41.747755, "IDAS": "ITAS310", "A": 4.5, "B": 1.3, "TECREG": "Volcanic", "TECTONICS": "Volcanic", "SS": 10, "NF": 70, "TF": 20, "MINDEPTH": 1, "HYPODEPTH1": 1, "HYPODEPTH2": 5, "HYPODEPTH3": 0, "MAXDEPTH": 5, "WHDEPTH1": 0.3, "WHDEPTH2": 0.7, "WHDEPTH3": 0.0, "MAXMAG01": 5.8, "MAXMAG02": 6.0, "MAXMAG03": 0.0, "MAXMAG04": 0.0, "WMAXMAG01": 0.5, "WMAXMAG02": 0.5, "WMAXMAG03": 0.0, "WMAXMAG04": 0.0, "STRIKE1": 0.0, "STRIKE2": 0.0, "STRIKE3": 0.0, "STRIKE4": 0.0, "DIP1": 0.0, "DIP2": 0.0, "DIP3": 0.0, "DIP4": 0.0, "DIRWEIGHT1": 0.0, "DIRWEIGHT2": 0.0, "DIRWEIGHT3": 0.0, "DIRWEIGHT4": 0.0 }, "geometry": { "type": "Polygon", "coordinates": [ [ [ 12.701694999824554, 41.998119000291808 ], [ 12.750907000257996, 41.955196000295359 ], [ 13.050909999796829, 41.736827999912407 ], [ 12.637448000325094, 41.497391000094751 ], [ 12.356888999927548, 41.775860000338923 ], [ 12.701694999824554, 41.998119000291808 ] ] ] } },
{ "type": "Feature", "properties": { "OBJECTID_1": 306.0, "LONC": 15.052361, "LATC": 37.697761, "IDAS": "ITAS325", "A": 5.5, "B": 1.5, "TECREG": "Volcanic", "TECTONICS": "Volcanic", "SS": 30, "NF": 65, "TF": 5, "MINDEPTH": 1, "HYPODEPTH1": 1, "HYPODEPTH2": 5, "HYPODEPTH3": 0, "MAXDEPTH": 5, "WHDEPTH1": 0.3, "WHDEPTH2": 0.7, "WHDEPTH3": 0.0, "MAXMAG01": 6.6, "MAXMAG02": 6.8, "MAXMAG03": 7.0, "MAXMAG04": 7.2, "WMAXMAG01": 0.5, "WMAXMAG02": 0.2, "WMAXMAG03": 0.2, "WMAXMAG04": 0.1, "STRIKE1": 0.0, "STRIKE2": 0.0, "STRIKE3": 0.0, "STRIKE4": 0.0, "DIP1": 0.0, "DIP2": 0.0, "DIP3": 0.0, "DIP4": 0.0, "DIRWEIGHT1": 0.0, "DIRWEIGHT2": 0.0, "DIRWEIGHT3": 0.0, "DIRWEIGHT4": 0.0 }, "geometry": { "type": "Polygon", "coordinates": [ [ [ 14.998373000313904, 37.835777999755067 ], [ 15.172050000107561, 37.835785000077863 ], [ 15.231280000271965, 37.817332999918165 ], [ 15.218432000436621, 37.719958999808171 ], [ 15.198801999912519, 37.570660000059149 ], [ 15.075577000178555, 37.559738000008849 ], [ 14.962013999946294, 37.591729000393229 ], [ 14.873441000102218, 37.616912999835222 ], [ 14.906192999607413, 37.75154500040162 ], [ 14.998373000313904, 37.835777999755067 ] ] ] } }
]
}
