{
"type": "FeatureCollection",
"name": "eshm20_edited",
"crs": { "type": "name", "properties": { "name": "urn:ogc:def:crs:OGC:1.3:CRS84" } },
"features": [
{ "type": "Feature", "properties": { "FID_gras38": 1, "FID_gras24": -1, "FID_gras_1": -1, "FID_eshm20": -1, "ZONE_ID": null, "areakm2": 0.0, "tctCluster": null, "CSZ_ID": null, "TECTO_ID": null, "magScaleRe": null, "SS": 0.0, "NF": 0.0, "TF": 0.0, "MINDEPTH": 0.0, "MAXDEPTH": 0.0, "HYPODEPTH1": 0.0, "HYPODEPTH2": 0.0, "HYPODEPTH3": 0.0, "WHDEPTH1": 0.0, "WHDEPTH2": 0.0, "WHDEPTH3": 0.0, "WMAXMAG01": 0.0, "WMAXMAG02": 0.0, "WMAXMAG03": 0.0, "MAXMAG01": 0.0, "MAXMAG02": 0.0, "MAXMAG03": 0.0, "STRIKE1": 0.0, "STRIKE2": 0.0, "STRIKE3": 0.0, "STRIKE4": 0.0, "DIP1": 0.0, "DIP2": 0.0, "DIP3": 0.0, "DIP4": 0.0, "aspRatio": 0.0, "mfd_bin": 0.0, "a_val": 0.0, "a_hi": 0.0, "a_mid": 0.0, "a_lo": 0.0, "sigma_a": 0.0, "b_val": 0.0, "b_hi": 0.0, "b_mid": 0.0, "b_lo": 0.0, "sigma_b": 0.0, "cum_cov_ab": 0.0, "MCORNERP1": 0.0, "MCORNERP2": 0.0, "MCORNERP3": 0.0, "MAXMAGP1": 0.0, "MAXMAGP2": 0.0, "utsu_bval2": 0.0, "utsu_aval": 0.0, "utsu_Minfl": 0.0, "FID_gras26": -1, "Shape_Leng": 461479.92007, "Shape_Area": 10166716338.6 }, "geometry": { "type": "Polygon", "coordinates": [ [ [ 24.449257608034774, 38.394121618263426, 0.0 ], [ 24.155451245223254, 38.166447493447137, 0.0 ], [ 23.749599999605365, 38.080400000342443, 0.0 ], [ 23.596665503780056, 37.932119519538148, 0.0 ], [ 23.499999999623334, 37.999999999503771, 0.0 ], [ 23.33925936496458, 38.114814739407358, 0.0 ], [ 22.800000000120026, 38.4999999997261, 0.0 ], [ 23.026865399162308, 38.515566369236041, 0.0 ], [ 23.253730798204625, 38.531132738937238, 0.0 ], [ 23.707461596289189, 38.562265479030998, 0.0 ], [ 23.887376527244029, 38.672185821971709, 0.0 ], [ 24.06729145819887, 38.782106165166077, 0.0 ], [ 24.2586252358529, 38.58775718317127, 0.0 ], [ 24.449257608034774, 38.394121618263426, 0.0 ] ] ] } },
{ "type": "Feature", "properties": { "FID_gras38": -1, "FID_gras24": 1, "FID_gras_1": -1, "FID_eshm20": -1, "ZONE_ID": null, "areakm2": 0.0, "tctCluster": null, "CSZ_ID": null, "TECTO_ID": null, "magScaleRe": null, "SS": 0.0, "NF": 0.0, "TF": 0.0, "MINDEPTH": 0.0, "MAXDEPTH": 0.0, "HYPODEPTH1": 0.0, "HYPODEPTH2": 0.0, "HYPODEPTH3": 0.0, "WHDEPTH1": 0.0, "WHDEPTH2": 0.0, "WHDEPTH3": 0.0, "WMAXMAG01": 0.0, "WMAXMAG02": 0.0, "WMAXMAG03": 0.0, "MAXMAG01": 0.0, "MAXMAG02": 0.0, "MAXMAG03": 0.0, "STRIKE1": 0.0, "STRIKE2": 0.0, "STRIKE3": 0.0, "STRIKE4": 0.0, "DIP1": 0.0, "DIP2": 0.0, "DIP3": 0.0, "DIP4": 0.0, "aspRatio": 0.0, "mfd_bin": 0.0, "a_val": 0.0, "a_hi": 0.0, "a_mid": 0.0, "a_lo": 0.0, "sigma_a": 0.0, "b_val": 0.0, "b_hi": 0.0, "b_mid": 0.0, "b_lo": 0.0, "sigma_b": 0.0, "cum_cov_ab": 0.0, "MCORNERP1": 0.0, "MCORNERP2": 0.0, "MCORNERP3": 0.0, "MAXMAGP1": 0.0, "MAXMAGP2": 0.0, "utsu_bval2": 0.0, "utsu_aval": 0.0, "utsu_Minfl": 0.0, "FID_gras26": -1, "Shape_Leng": 693875.547028, "Shape_Area": 21339283883.299999 }, "geometry": { "type": "Polygon", "coordinates": [ [ [ 24.06729145819887, 38.782106165166077, 0.0 ], [ 23.887376527244029, 38.672185821971709, 0.0 ], [ 23.707461596289189, 38.562265479030998, 0.0 ], [ 23.253730798204625, 38.531132738937238, 0.0 ], [ 22.800000000120026, 38.4999999997261, 0.0 ], [ 22.150000000260412, 38.499999999023068, 0.0 ], [ 21.500000000400803, 38.499999999023068, 0.0 ], [ 21.500000000400803, 39.000000000138861, 0.0 ], [ 22.464050000407504, 39.049899999942348, 0.0 ], [ 23.428100000414204, 39.09979999941752, 0.0 ], [ 23.61010000019521, 39.150399999845575, 0.0 ], [ 23.792099999976251, 39.201000000133625, 0.0 ], [ 23.929695729087559, 38.991553082223149, 0.0 ], [ 24.06729145819887, 38.782106165166077, 0.0 ] ] ] } },
{ "type": "Feature", "properties": { "FID_gras38": -1, "FID_gras24": -1, "FID_gras_1": 1, "FID_eshm20": -1, "ZONE_ID": null, "areakm2": 0.0, "tctCluster": null, "CSZ_ID": null, "TECTO_ID": null, "magScaleRe": null, "SS": 0.0, "NF": 0.0, "TF": 0.0, "MINDEPTH": 0.0, "MAXDEPTH": 0.0, "HYPODEPTH1": 0.0, "HYPODEPTH2": 0.0, "HYPODEPTH3": 0.0, "WHDEPTH1": 0.0, "WHDEPTH2": 0.0, "WHDEPTH3": 0.0, "WMAXMAG01": 0.0, "WMAXMAG02": 0.0, "WMAXMAG03": 0.0, "MAXMAG01": 0.0, "MAXMAG02": 0.0, "MAXMAG03": 0.0, "STRIKE1": 0.0, "STRIKE2": 0.0, "STRIKE3": 0.0, "STRIKE4": 0.0, "DIP1": 0.0, "DIP2": 0.0, "DIP3": 0.0, "DIP4": 0.0, "aspRatio": 0.0, "mfd_bin": 0.0, "a_val": 0.0, "a_hi": 0.0, "a_mid": 0.0, "a_lo": 0.0, "sigma_a": 0.0, "b_val": 0.0, "b_hi": 0.0, "b_mid": 0.0, "b_lo": 0.0, "sigma_b": 0.0, "cum_cov_ab": 0.0, "MCORNERP1": 0.0, "MCORNERP2": 0.0, "MCORNERP3": 0.0, "MAXMAGP1": 0.0, "MAXMAGP2": 0.0, "utsu_bval2": 0.0, "utsu_aval": 0.0, "utsu_Minfl": 0.0, "FID_gras26": -1, "Shape_Leng": 519780.69001700002, "Shape_Area": 12871920652.299999 }, "geometry": { "type": "Polygon", "coordinates": [ [ [ 22.63807645850526, 41.132888481688553, 0.0 ], [ 22.655678082318271, 40.790478652739814, 0.0 ], [ 22.673279706131289, 40.448068824025398, 0.0 ], [ 22.398332357002293, 40.196169294046683, 0.0 ], [ 22.189717384597113, 40.022142826321272, 0.0 ], [ 21.909458769706951, 40.490631054488617, 0.0 ], [ 22.111656647541313, 40.68244839872866, 0.0 ], [ 21.882063330882474, 40.873700774104762, 0.0 ], [ 21.533782999884561, 40.98180999991115, 0.0 ], [ 21.657958449318382, 41.090904999730519, 0.0 ], [ 21.782133899650528, 41.19999999962652, 0.0 ], [ 21.993477425679515, 41.248919207458073, 0.0 ], [ 22.204820951708466, 41.297838415377122, 0.0 ], [ 22.421448705106879, 41.215363449229457, 0.0 ], [ 22.63807645850526, 41.132888481688553, 0.0 ] ] ] } },
{ "type": "Feature", "properties": { "FID_gras38": -1, "FID_gras24": -1, "FID_gras_1": 2, "FID_eshm20": -1, "ZONE_ID": null, "areakm2": 0.0, "tctCluster": null, "CSZ_ID": null, "TECTO_ID": null, "magScaleRe": null, "SS": 0.0, "NF": 0.0, "TF": 0.0, "MINDEPTH": 0.0, "MAXDEPTH": 0.0, "HYPODEPTH1": 0.0, "HYPODEPTH2": 0.0, "HYPODEPTH3": 0.0, "WHDEPTH1": 0.0, "WHDEPTH2": 0.0, "WHDEPTH3": 0.0, "WMAXMAG01": 0.0, "WMAXMAG02": 0.0, "WMAXMAG03": 0.0, "MAXMAG01": 0.0, "MAXMAG02": 0.0, "MAXMAG03": 0.0, "STRIKE1": 0.0, "STRIKE2": 0.0, "STRIKE3": 0.0, "STRIKE4": 0.0, "DIP1": 0.0, "DIP2": 0.0, "DIP3": 0.0, "DIP4": 0.0, "aspRatio": 0.0, "mfd_bin": 0.0, "a_val": 0.0, "a_hi": 0.0, "a_mid": 0.0, "a_lo": 0.0, "sigma_a": 0.0, "b_val": 0.0, "b_hi": 0.0, "b_mid": 0.0, "b_lo": 0.0, "sigma_b": 0.0, "cum_cov_ab": 0.0, "MCORNERP1": 0.0, "MCORNERP2": 0.0, "MCORNERP3": 0.0, "MAXMAGP1": 0.0, "MAXMAGP2": 0.0, "utsu_bval2": 0.0, "utsu_aval": 0.0, "utsu_Minfl": 0.0, "FID_gras26": -1, "Shape_Leng": 323498.98841699999, "Shape_Area": 6488581540.3299999 }, "geometry": { "type": "Polygon", "coordinates": [ [ [ 22.189717384597113, 40.022142826321272, 0.0 ], [ 21.747151952893056, 39.900000000114687, 0.0 ], [ 21.322610930802284, 39.861923079153549, 0.0 ], [ 21.148303561430346, 40.211456867494491, 0.0 ], [ 21.454098485189153, 40.323096285163651, 0.0 ], [ 21.681778627448054, 40.40686367001684, 0.0 ], [ 21.909458769706951, 40.490631054488617, 0.0 ], [ 22.189717384597113, 40.022142826321272, 0.0 ] ] ] } },
{ "type": "Feature", "properties": { "FID_gras38": -1, "FID_gras24": -1, "FID_gras_1": -1, "FID_eshm20": 1, "ZONE_ID": "ALAS003", "areakm2": 16927.2311682, "tctCluster": "Shallow Default", "CSZ_ID": "SZ16", "TECTO_ID": "TSZ100", "magScaleRe": "WC1994", "SS": 20.0, "NF": 60.0, "TF": 20.0, "MINDEPTH": 0.0, "MAXDEPTH": 14.0, "HYPODEPTH1": 2.0, "HYPODEPTH2": 8.0, "HYPODEPTH3": 10.0, "WHDEPTH1": 0.1, "WHDEPTH2": 0.4, "WHDEPTH3": 0.5, "WMAXMAG01": 0.5, "WMAXMAG02": 0.4, "WMAXMAG03": 0.1, "MAXMAG01": 7.2, "MAXMAG02": 7.5, "MAXMAG03": 7.8, "STRIKE1": 46.7922, "STRIKE2": 161.226446, "STRIKE3": 201.980836, "STRIKE4": 329.653729, "DIP1": 56.557743, "DIP2": 48.730877, "DIP3": 51.347356, "DIP4": 41.110181, "aspRatio": 1.0, "mfd_bin": 0.2, "a_val": 4.07, "a_hi": 4.09612155682, "a_mid": 4.0701478295899998, "a_lo": 4.0441741023700004, "sigma_a": 0.063815002806399998, "b_val": 0.941, "b_hi": 0.97630547919800004, "b_mid": 0.941, "b_lo": 0.90569452080199997, "sigma_b": 0.012276805290700001, "cum_cov_ab": 0.054321, "MCORNERP1": 6.7, "MCORNERP2": 6.9, "MCORNERP3": 7.1, "MAXMAGP1": 7.0, "MAXMAGP2": 7.2, "utsu_bval2": 0.0, "utsu_aval": 0.0, "utsu_Minfl": 0.0, "FID_gras26": -1, "Shape_Leng": 700002.38786300004, "Shape_Area": 20546899690.700001 }, "geometry": { "type": "Polygon", "coordinates": [ [ [ 21.0774748022992, 40.72764136947761, 0.0 ], [ 21.059999999943045, 40.389999999552913, 0.0 ], [ 21.148303561430346, 40.211456867494491, 0.0 ], [ 21.235457246116315, 40.036689973717337, 0.0 ], [ 21.322610930802284, 39.861923079153549, 0.0 ], [ 21.172135555999272, 39.510597486034271, 0.0 ], [ 20.34798635763136, 39.425082109813864, 0.0 ], [ 20.387299999553491, 39.912299999580007, 0.0 ], [ 20.283611889612015, 40.188838592958874, 0.0 ], [ 20.630951000889535, 41.231093999798674, 0.0 ], [ 20.808456595455116, 41.460977972136021, 0.0 ], [ 20.988089999789832, 40.929584000234129, 0.0 ], [ 21.0774748022992, 40.72764136947761, 0.0 ] ] ] } },
{ "type": "Feature", "properties": { "FID_gras38": -1, "FID_gras24": -1, "FID_gras_1": -1, "FID_eshm20": 2, "ZONE_ID": "ALAS004", "areakm2": 7881.63359631, "tctCluster": "Shallow Default", "CSZ_ID": "SZ16", "TECTO_ID": "TSZ100", "magScaleRe": "WC1994", "SS": 20.0, "NF": 60.0, "TF": 20.0, "MINDEPTH": 0.0, "MAXDEPTH": 14.0, "HYPODEPTH1": 2.0, "HYPODEPTH2": 8.0, "HYPODEPTH3": 10.0, "WHDEPTH1": 0.1, "WHDEPTH2": 0.4, "WHDEPTH3": 0.5, "WMAXMAG01": 0.5, "WMAXMAG02": 0.4, "WMAXMAG03": 0.1, "MAXMAG01": 7.2, "MAXMAG02": 7.5, "MAXMAG03": 7.8, "STRIKE1": 36.382905, "STRIKE2": 0.0, "STRIKE3": 221.541063, "STRIKE4": 335.178646, "DIP1": 46.907622, "DIP2": 0.0, "DIP3": 47.469919, "DIP4": 41.402949, "aspRatio": 1.0, "mfd_bin": 0.2, "a_val": 4.11, "a_hi": 4.1422920472099998, "a_mid": 4.1101479684399997, "a_lo": 4.0780038896699997, "sigma_a": 0.065288833256900006, "b_val": 1.01, "b_hi": 1.0480144897300001, "b_mid": 1.01, "b_lo": 0.97198551026900004, "sigma_b": 0.0142330992453, "cum_cov_ab": 0.054321, "MCORNERP1": 6.4, "MCORNERP2": 6.6, "MCORNERP3": 6.8, "MAXMAGP1": 6.8, "MAXMAGP2": 6.8, "utsu_bval2": 0.0, "utsu_aval": 0.0, "utsu_Minfl": 0.0, "FID_gras26": -1, "Shape_Leng": 436755.995107, "Shape_Area": 9760107087.2099991 }, "geometry": { "type": "Polygon", "coordinates": [ [ [ 20.170909970921997, 41.414184787772015, 0.0 ], [ 19.815800373148033, 40.927357957573385, 0.0 ], [ 19.16429999991438, 41.840900000403288, 0.0 ], [ 19.577167999691266, 42.024732999941023, 0.0 ], [ 19.704929870488993, 42.158382530585001, 0.0 ], [ 19.862200089524677, 41.949061580196648, 0.0 ], [ 20.170909970921997, 41.414184787772015, 0.0 ] ] ] } },
{ "type": "Feature", "properties": { "FID_gras38": -1, "FID_gras24": -1, "FID_gras_1": -1, "FID_eshm20": 3, "ZONE_ID": "ALAS006", "areakm2": 7157.8018547700003, "tctCluster": "Shallow Default", "CSZ_ID": "SZ16", "TECTO_ID": "TSZ100", "magScaleRe": "WC1994", "SS": 20.0, "NF": 60.0, "TF": 20.0, "MINDEPTH": 0.0, "MAXDEPTH": 14.0, "HYPODEPTH1": 2.0, "HYPODEPTH2": 8.0, "HYPODEPTH3": 10.0, "WHDEPTH1": 0.1, "WHDEPTH2": 0.4, "WHDEPTH3": 0.5, "WMAXMAG01": 0.5, "WMAXMAG02": 0.4, "WMAXMAG03": 0.1, "MAXMAG01": 7.2, "MAXMAG02": 7.5, "MAXMAG03": 7.8, "STRIKE1": 36.688368, "STRIKE2": 163.926938, "STRIKE3": 0.0, "STRIKE4": 330.360289, "DIP1": 53.877195, "DIP2": 44.364313, "DIP3": 0.0, "DIP4": 32.522447, "aspRatio": 1.0, "mfd_bin": 0.2, "a_val": 3.66, "a_hi": 3.6812235068899999, "a_mid": 3.65999508764, "a_lo": 3.6387666684000002, "sigma_a": 0.046311675145699997, "b_val": 0.88, "b_hi": 0.91137598269300002, "b_mid": 0.88, "b_lo": 0.84862401730699999, "sigma_b": 0.0096960717490499997, "cum_cov_ab": 0.054321, "MCORNERP1": 6.4, "MCORNERP2": 6.6, "MCORNERP3": 6.8, "MAXMAGP1": 6.8, "MAXMAGP2": 7.0, "utsu_bval2": 0.0, "utsu_aval": 0.0, "utsu_Minfl": 0.0, "FID_gras26": -1, "Shape_Leng": 554347.27948200004, "Shape_Area": 11758520208.9 }, "geometry": { "type": "Polygon", "coordinates": [ [ [ 20.870000000398679, 41.659999999897785, 0.0 ], [ 20.808456595455116, 41.460977972136021, 0.0 ], [ 20.630951000889535, 41.231093999798674, 0.0 ], [ 20.283611889612015, 40.188838592958874, 0.0 ], [ 19.815800373148033, 40.927357957573385, 0.0 ], [ 20.170909970921997, 41.414184787772015, 0.0 ], [ 20.79057014191665, 41.804166114467691, 0.0 ], [ 20.903597484301525, 41.80337682868209, 0.0 ], [ 20.870000000398679, 41.659999999897785, 0.0 ] ] ] } },
{ "type": "Feature", "properties": { "FID_gras38": -1, "FID_gras24": -1, "FID_gras_1": -1, "FID_eshm20": 4, "ZONE_ID": "ALAS007", "areakm2": 3318.8236123500001, "tctCluster": "Shallow Default", "CSZ_ID": "SZ16", "TECTO_ID": "TSZ100", "magScaleRe": "WC1994", "SS": 20.0, "NF": 60.0, "TF": 20.0, "MINDEPTH": 0.0, "MAXDEPTH": 14.0, "HYPODEPTH1": 2.0, "HYPODEPTH2": 8.0, "HYPODEPTH3": 10.0, "WHDEPTH1": 0.1, "WHDEPTH2": 0.4, "WHDEPTH3": 0.5, "WMAXMAG01": 0.5, "WMAXMAG02": 0.4, "WMAXMAG03": 0.1, "MAXMAG01": 7.2, "MAXMAG02": 7.5, "MAXMAG03": 7.8, "STRIKE1": 36.382905, "STRIKE2": 0.0, "STRIKE3": 221.541063, "STRIKE4": 335.178646, "DIP1": 46.907622, "DIP2": 0.0, "DIP3": 47.469919, "DIP4": 41.402949, "aspRatio": 1.0, "mfd_bin": 0.2, "a_val": 4.0, "a_hi": 4.03162822002, "a_mid": 3.9996012115, "a_lo": 3.9675742029799999, "sigma_a": 0.068110588859600002, "b_val": 1.0, "b_hi": 1.0392408252600001, "b_mid": 1.0, "b_lo": 0.96075917473600003, "sigma_b": 0.015166222100199999, "cum_cov_ab": 0.054321, "MCORNERP1": 6.1, "MCORNERP2": 6.3, "MCORNERP3": 6.5, "MAXMAGP1": 6.4, "MAXMAGP2": 6.6, "utsu_bval2": 0.0, "utsu_aval": 0.0, "utsu_Minfl": 0.0, "FID_gras26": -1, "Shape_Leng": 430893.26956799999, "Shape_Area": 10399211319.200001 }, "geometry": { "type": "Polygon", "coordinates": [ [ [ 20.496699000691702, 42.230554999955494, 0.0 ], [ 20.562511443308836, 42.11177063045637, 0.0 ], [ 20.802065149582255, 41.998486474725063, 0.0 ], [ 20.79057014191665, 41.804166114467691, 0.0 ], [ 20.170909970921997, 41.414184787772015, 0.0 ], [ 19.862200089524677, 41.949061580196648, 0.0 ], [ 19.704929870488993, 42.158382530585001, 0.0 ], [ 19.893038999903585, 42.245899999718233, 0.0 ], [ 20.122344749670319, 42.497415135772698, 0.0 ], [ 20.235079000524031, 42.517678999973789, 0.0 ], [ 20.260000000254006, 42.399999999908523, 0.0 ], [ 20.496699000691702, 42.230554999955494, 0.0 ] ] ] } },
{ "type": "Feature", "properties": { "FID_gras38": -1, "FID_gras24": -1, "FID_gras_1": -1, "FID_eshm20": 5, "ZONE_ID": "ALAS009", "areakm2": 31604.345077400001, "tctCluster": "Shallow Default", "CSZ_ID": "SZ16", "TECTO_ID": "TSZ100", "magScaleRe": "WC1994", "SS": 20.0, "NF": 60.0, "TF": 20.0, "MINDEPTH": 0.0, "MAXDEPTH": 20.0, "HYPODEPTH1": 2.0, "HYPODEPTH2": 10.0, "HYPODEPTH3": 18.0, "WHDEPTH1": 0.1, "WHDEPTH2": 0.4, "WHDEPTH3": 0.5, "WMAXMAG01": 0.5, "WMAXMAG02": 0.4, "WMAXMAG03": 0.1, "MAXMAG01": 7.2, "MAXMAG02": 7.5, "MAXMAG03": 7.8, "STRIKE1": 39.344388, "STRIKE2": 92.365889, "STRIKE3": 256.624167, "STRIKE4": 322.880524, "DIP1": 69.130857, "DIP2": 50.611778, "DIP3": 83.041167, "DIP4": 33.168351, "aspRatio": 1.0, "mfd_bin": 0.2, "a_val": 3.503, "a_hi": 3.5134986646100002, "a_mid": 3.5027058214600002, "a_lo": 3.4919129783199998, "sigma_a": 0.028765990637299999, "b_val": 0.783, "b_hi": 0.80758302250400005, "b_mid": 0.783, "b_lo": 0.75841697749600001, "sigma_b": 0.0059521203566000004, "cum_cov_ab": 0.054321, "MCORNERP1": 6.7, "MCORNERP2": 6.9, "MCORNERP3": 7.1, "MAXMAGP1": 7.2, "MAXMAGP2": 7.4, "utsu_bval2": 0.0, "utsu_aval": 0.0, "utsu_Minfl": 0.0, "FID_gras26": -1, "Shape_Leng": 829767.70969100005, "Shape_Area": 26138245196.0 }, "geometry": { "type": "Polygon", "coordinates": [ [ [ 19.815800373148033, 40.927357957573385, 0.0 ], [ 20.283611889612015, 40.188838592958874, 0.0 ], [ 20.387299999553491, 39.912299999580007, 0.0 ], [ 20.34798635763136, 39.425082109813864, 0.0 ], [ 19.062236726726226, 40.587654791016753, 0.0 ], [ 18.60275811668669, 40.888604980867264, 0.0 ], [ 19.16429999991438, 41.840900000403288, 0.0 ], [ 19.815800373148033, 40.927357957573385, 0.0 ] ] ] } },
{ "type": "Feature", "properties": { "FID_gras38": -1, "FID_gras24": -1, "FID_gras_1": -1, "FID_eshm20": 6, "ZONE_ID": "ALAS010", "areakm2": 40835.170464700001, "tctCluster": "Shallow Default", "CSZ_ID": "SZ16", "TECTO_ID": "TSZ100", "magScaleRe": "WC1994", "SS": 40.0, "NF": 10.0, "TF": 50.0, "MINDEPTH": 0.0, "MAXDEPTH": 16.0, "HYPODEPTH1": 2.0, "HYPODEPTH2": 10.0, "HYPODEPTH3": 14.0, "WHDEPTH1": 0.1, "WHDEPTH2": 0.4, "WHDEPTH3": 0.5, "WMAXMAG01": 0.5, "WMAXMAG02": 0.4, "WMAXMAG03": 0.1, "MAXMAG01": 7.2, "MAXMAG02": 7.5, "MAXMAG03": 7.8, "STRIKE1": 0.0, "STRIKE2": 0.0, "STRIKE3": 267.2925, "STRIKE4": 301.791544, "DIP1": 50.685, "DIP2": 0.0, "DIP3": 50.685, "DIP4": 30.693159, "aspRatio": 1.0, "mfd_bin": 0.2, "a_val": 2.7, "a_hi": 2.7547532577, "a_mid": 2.6998949236100001, "a_lo": 2.6450365895200001, "sigma_a": 0.087456032930200003, "b_val": 0.76333982368700004, "b_hi": 0.80639983603200005, "b_mid": 0.76333982368700004, "b_lo": 0.72027981134200003, "sigma_b": 0.018262046613600001, "cum_cov_ab": 0.054321, "MCORNERP1": 7.2, "MCORNERP2": 7.4, "MCORNERP3": 7.6, "MAXMAGP1": 7.4, "MAXMAGP2": 7.6, "utsu_bval2": 0.0, "utsu_aval": 0.0, "utsu_Minfl": 0.0, "FID_gras26": -1, "Shape_Leng": 715572.54217899998, "Shape_Area": 30982295914.299999 }, "geometry": { "type": "Polygon", "coordinates": [ [ [ 19.577167999691266, 42.024732999941023, 0.0 ], [ 19.16429999991438, 41.840900000403288, 0.0 ], [ 18.60275811668669, 40.888604980867264, 0.0 ], [ 18.199912705874677, 41.152461447269502, 0.0 ], [ 17.839950316409439, 41.388230309578255, 0.0 ], [ 17.601276856706523, 41.872998307616747, 0.0 ], [ 17.831981658866376, 42.425056457591801, 0.0 ], [ 18.439796110027075, 42.635819042761653, 0.0 ], [ 19.577167999691266, 42.024732999941023, 0.0 ] ] ] } },
{ "type": "Feature", "properties": { "FID_gras38": -1, "FID_gras24": -1, "FID_gras_1": -1, "FID_eshm20": 7, "ZONE_ID": "AMAS013", "areakm2": 73810.292028099997, "tctCluster": "Shallow Default", "CSZ_ID": "SZ45", "TECTO_ID": "TSZ005", "magScaleRe": "WC1994", "SS": 33.0, "NF": 33.0, "TF": 34.0, "MINDEPTH": 0.0, "MAXDEPTH": 20.0, "HYPODEPTH1": 2.0, "HYPODEPTH2": 10.0, "HYPODEPTH3": 18.0, "WHDEPTH1": 0.1, "WHDEPTH2": 0.4, "WHDEPTH3": 0.5, "WMAXMAG01": 0.5, "WMAXMAG02": 0.4, "WMAXMAG03": 0.1, "MAXMAG01": 8.1, "MAXMAG02": 8.2, "MAXMAG03": 8.3, "STRIKE1": 88.059818, "STRIKE2": 106.922, "STRIKE3": 0.0, "STRIKE4": 307.54769, "DIP1": 85.029636, "DIP2": 85.12, "DIP3": 0.0, "DIP4": 85.020287, "aspRatio": 1.0, "mfd_bin": 0.2, "a_val": 3.2770902606500001, "a_hi": 3.2999901525599999, "a_mid": 3.2771871847099998, "a_lo": 3.2543842168500001, "sigma_a": 0.052927560867500001, "b_val": 0.80545210550199997, "b_hi": 0.83896789557100004, "b_mid": 0.80545210550199997, "b_lo": 0.77193631543300001, "sigma_b": 0.011063691819900001, "cum_cov_ab": 0.054321, "MCORNERP1": 7.8, "MCORNERP2": 8.0, "MCORNERP3": 8.2, "MAXMAGP1": 8.0, "MAXMAGP2": 8.2, "utsu_bval2": 0.0, "utsu_aval": 0.0, "utsu_Minfl": 0.0, "FID_gras26": -1, "Shape_Leng": 1512254.0790899999, "Shape_Area": 95318153352.399994 }, "geometry": { "type": "Polygon", "coordinates": [ [ [ 46.921606725635627, 39.817126393558567, 0.0 ], [ 47.445375000036726, 39.316936000290013, 0.0 ], [ 47.414299999824713, 37.470700000081173, 0.0 ], [ 47.277181000346502, 37.627674999270987, 0.0 ], [ 46.475017625687983, 38.159779946223637, 0.0 ], [ 46.035610521402553, 37.631378998827614, 0.0 ], [ 45.866991000542036, 38.258105999608858, 0.0 ], [ 45.263598999542523, 38.47887999968146, 0.0 ], [ 44.542384999838781, 39.535483999490502, 0.0 ], [ 43.662119999507681, 40.287265999628282, 0.0 ], [ 43.803056000815232, 40.745224999784185, 0.0 ], [ 45.143712273463407, 40.415596610776689, 0.0 ], [ 46.921606725635627, 39.817126393558567, 0.0 ] ] ] } },
{ "type": "Feature", "properties": { "FID_gras38": -1, "FID_gras24": -1, "FID_gras_1": -1, "FID_eshm20": 8, "ZONE_ID": "AMAS014", "areakm2": 49148.147673899999, "tctCluster": "Shallow Default", "CSZ_ID": "SZ24", "TECTO_ID": "TSZ069", "magScaleRe": "WC1994", "SS": 60.0, "NF": 10.0, "TF": 30.0, "MINDEPTH": 0.0, "MAXDEPTH": 20.0, "HYPODEPTH1": 2.0, "HYPODEPTH2": 10.0, "HYPODEPTH3": 18.0, "WHDEPTH1": 0.1, "WHDEPTH2": 0.4, "WHDEPTH3": 0.5, "WMAXMAG01": 0.5, "WMAXMAG02": 0.4, "WMAXMAG03": 0.1, "MAXMAG01": 7.0, "MAXMAG02": 7.3, "MAXMAG03": 7.6, "STRIKE1": 0.0, "STRIKE2": 0.0, "STRIKE3": 0.0, "STRIKE4": 0.0, "DIP1": 89.99, "DIP2": 0.0, "DIP3": 0.0, "DIP4": 0.0, "aspRatio": 1.0, "mfd_bin": 0.2, "a_val": 4.08214, "a_hi": 4.1038911445100004, "a_mid": 4.0820930189200002, "a_lo": 4.06029489334, "sigma_a": 0.060032156274, "b_val": 1.0, "b_hi": 1.0361852338299999, "b_mid": 1.0, "b_lo": 0.96381476616899997, "sigma_b": 0.012896263964, "cum_cov_ab": 0.054321, "MCORNERP1": 6.5, "MCORNERP2": 6.7, "MCORNERP3": 6.9, "MAXMAGP1": 6.8, "MAXMAGP2": 7.0, "utsu_bval2": 0.0, "utsu_aval": 0.0, "utsu_Minfl": 0.0, "FID_gras26": -1, "Shape_Leng": 1283056.45734, "Shape_Area": 64563738103.400002 }, "geometry": { "type": "Polygon", "coordinates": [ [ [ 47.561897000879206, 40.989262000047113, 0.0 ], [ 49.232655714152457, 40.250447145917157, 0.0 ], [ 48.820000000650253, 39.549999999738105, 0.0 ], [ 47.445375000036726, 39.316936000290013, 0.0 ], [ 46.921606725635627, 39.817126393558567, 0.0 ], [ 46.611423990753018, 40.368886740104095, 0.0 ], [ 45.207208504443528, 41.365850542347935, 0.0 ], [ 44.920485999942741, 41.681396999304674, 0.0 ], [ 45.181896000048106, 41.802514999816843, 0.0 ], [ 46.820307703158605, 41.126934438311693, 0.0 ], [ 47.343249976655926, 40.834548570498924, 0.0 ], [ 47.561897000879206, 40.989262000047113, 0.0 ] ] ] } },
{ "type": "Feature", "properties": { "FID_gras38": -1, "FID_gras24": -1, "FID_gras_1": -1, "FID_eshm20": 9, "ZONE_ID": "ARAS015", "areakm2": 60169.328922000001, "tctCluster": "Shallow Default", "CSZ_ID": "SZ45", "TECTO_ID": "TSZ004", "magScaleRe": "WC1994", "SS": 33.0, "NF": 33.0, "TF": 34.0, "MINDEPTH": 0.0, "MAXDEPTH": 20.0, "HYPODEPTH1": 2.0, "HYPODEPTH2": 10.0, "HYPODEPTH3": 18.0, "WHDEPTH1": 0.1, "WHDEPTH2": 0.4, "WHDEPTH3": 0.5, "WMAXMAG01": 0.5, "WMAXMAG02": 0.4, "WMAXMAG03": 0.1, "MAXMAG01": 7.1, "MAXMAG02": 7.4, "MAXMAG03": 7.7, "STRIKE1": 0.0, "STRIKE2": 0.0, "STRIKE3": 0.0, "STRIKE4": 0.0, "DIP1": 89.99, "DIP2": 0.0, "DIP3": 0.0, "DIP4": 0.0, "aspRatio": 1.0, "mfd_bin": 0.2, "a_val": 4.1003, "a_hi": 4.1159060469700002, "a_mid": 4.1005329960700001, "a_lo": 4.08515994517, "sigma_a": 0.040727028124299999, "b_val": 0.9317, "b_hi": 0.96111779962599997, "b_mid": 0.9317, "b_lo": 0.90228220037399998, "sigma_b": 0.0085235697227899997, "cum_cov_ab": 0.054321, "MCORNERP1": 6.4, "MCORNERP2": 6.6, "MCORNERP3": 6.8, "MAXMAGP1": 6.8, "MAXMAGP2": 7.0, "utsu_bval2": 0.0, "utsu_aval": 0.0, "utsu_Minfl": 0.0, "FID_gras26": -1, "Shape_Leng": 1606890.96113, "Shape_Area": 79985394716.600006 }, "geometry": { "type": "Polygon", "coordinates": [ [ [ 43.37408199940986, 42.008795999530697, 0.0 ], [ 45.181896000048106, 41.802514999816843, 0.0 ], [ 44.920485999942741, 41.681396999304674, 0.0 ], [ 45.207208504443528, 41.365850542347935, 0.0 ], [ 46.611423990753018, 40.368886740104095, 0.0 ], [ 46.921606725635627, 39.817126393558567, 0.0 ], [ 45.143712273463407, 40.415596610776689, 0.0 ], [ 43.803056000815232, 40.745224999784185, 0.0 ], [ 43.076917000142736, 40.792895999586577, 0.0 ], [ 43.081314527444682, 40.869100911425576, 0.0 ], [ 42.623644909690007, 41.059050104094872, 0.0 ], [ 42.572684000153203, 41.519149999608942, 0.0 ], [ 41.460748450341306, 41.375338484189385, 0.0 ], [ 41.791095000060004, 42.11248899977339, 0.0 ], [ 43.37408199940986, 42.008795999530697, 0.0 ] ] ] } },
{ "type": "Feature", "properties": { "FID_gras38": -1, "FID_gras24": -1, "FID_gras_1": -1, "FID_eshm20": 10, "ZONE_ID": "ATAS017", "areakm2": 1462.7614735, "tctCluster": "Shallow Default", "CSZ_ID": "SZ01", "TECTO_ID": "TSZ098", "magScaleRe": "WC1994", "SS": 25.0, "NF": 5.0, "TF": 70.0, "MINDEPTH": 0.0, "MAXDEPTH": 24.0, "HYPODEPTH1": 4.0, "HYPODEPTH2": 12.0, "HYPODEPTH3": 20.0, "WHDEPTH1": 0.1, "WHDEPTH2": 0.4, "WHDEPTH3": 0.5, "WMAXMAG01": 0.5, "WMAXMAG02": 0.4, "WMAXMAG03": 0.1, "MAXMAG01": 6.6, "MAXMAG02": 6.9, "MAXMAG03": 7.2, "STRIKE1": 0.0, "STRIKE2": 0.0, "STRIKE3": 0.0, "STRIKE4": 0.0, "DIP1": 89.99, "DIP2": 0.0, "DIP3": 0.0, "DIP4": 0.0, "aspRatio": 1.0, "mfd_bin": 0.2, "a_val": 2.53, "a_hi": 2.6003013913, "a_mid": 2.5304291791, "a_lo": 2.4605569669, "sigma_a": 0.061423452801700001, "b_val": 1.04, "b_hi": 1.1189708003300001, "b_mid": 1.04, "b_lo": 0.961029199665, "sigma_b": 0.061423452801700001, "cum_cov_ab": 0.054321, "MCORNERP1": 6.0, "MCORNERP2": 6.2, "MCORNERP3": 6.4, "MAXMAGP1": 5.8, "MAXMAGP2": 5.8, "utsu_bval2": 0.0, "utsu_aval": 0.0, "utsu_Minfl": 0.0, "FID_gras26": -1, "Shape_Leng": 244895.755209, "Shape_Area": 2150222475.4400001 }, "geometry": { "type": "Polygon", "coordinates": [ [ [ 10.531000000503372, 47.092000000146371, 0.0 ], [ 9.823629751691945, 46.995430683695673, 0.0 ], [ 9.976600000465567, 47.183199999621721, 0.0 ], [ 10.200500000567853, 47.197999999209095, 0.0 ], [ 10.400196974939419, 47.232926081040283, 0.0 ], [ 10.722003396660529, 47.31965316348807, 0.0 ], [ 10.531000000503372, 47.092000000146371, 0.0 ] ] ] } },
{ "type": "Feature", "properties": { "FID_gras38": -1, "FID_gras24": -1, "FID_gras_1": -1, "FID_eshm20": 11, "ZONE_ID": "ATAS018", "areakm2": 2612.0794496100002, "tctCluster": "Shallow Default", "CSZ_ID": "SZ01", "TECTO_ID": "TSZ088", "magScaleRe": "WC1994", "SS": 70.0, "NF": 0.0, "TF": 30.0, "MINDEPTH": 6.0, "MAXDEPTH": 12.0, "HYPODEPTH1": 7.0, "HYPODEPTH2": 8.0, "HYPODEPTH3": 10.0, "WHDEPTH1": 0.3, "WHDEPTH2": 0.6, "WHDEPTH3": 0.1, "WMAXMAG01": 0.5, "WMAXMAG02": 0.4, "WMAXMAG03": 0.1, "MAXMAG01": 6.9, "MAXMAG02": 7.2, "MAXMAG03": 7.5, "STRIKE1": 58.478839, "STRIKE2": 139.029706, "STRIKE3": 0.0, "STRIKE4": 0.0, "DIP1": 67.474323, "DIP2": 40.260529, "DIP3": 0.0, "DIP4": 0.0, "aspRatio": 1.0, "mfd_bin": 0.2, "a_val": 2.87, "a_hi": 3.0094810789299999, "a_mid": 2.8697735314, "a_lo": 2.7300659838799999, "sigma_a": 0.22171197687899999, "b_val": 1.02, "b_hi": 1.0913835197799999, "b_mid": 1.02, "b_lo": 0.94861648021900002, "sigma_b": 0.050187673464900003, "cum_cov_ab": 0.054321, "MCORNERP1": 6.0, "MCORNERP2": 6.2, "MCORNERP3": 6.4, "MAXMAGP1": 6.0, "MAXMAGP2": 6.2, "utsu_bval2": 0.0, "utsu_aval": 0.0, "utsu_Minfl": 0.0, "FID_gras26": -1, "Shape_Leng": 338311.95607000001, "Shape_Area": 3851345327.77 }, "geometry": { "type": "Polygon", "coordinates": [ [ [ 11.659804803728312, 47.154076439181594, 0.0 ], [ 11.301000000406164, 46.986999999770369, 0.0 ], [ 11.292571000297444, 47.181091999738335, 0.0 ], [ 11.560000000267316, 47.379999999917025, 0.0 ], [ 12.037992999703633, 47.659128999993975, 0.0 ], [ 12.315999999910552, 47.675000000112121, 0.0 ], [ 11.659804803728312, 47.154076439181594, 0.0 ] ] ] } },
{ "type": "Feature", "properties": { "FID_gras38": -1, "FID_gras24": -1, "FID_gras_1": -1, "FID_eshm20": 12, "ZONE_ID": "ATAS019", "areakm2": 15006.493158699999, "tctCluster": "Shallow Default", "CSZ_ID": "SZ01", "TECTO_ID": "TSZ088", "magScaleRe": "WC1994", "SS": 70.0, "NF": 0.0, "TF": 30.0, "MINDEPTH": 4.0, "MAXDEPTH": 15.0, "HYPODEPTH1": 6.0, "HYPODEPTH2": 8.0, "HYPODEPTH3": 10.0, "WHDEPTH1": 0.3, "WHDEPTH2": 0.6, "WHDEPTH3": 0.1, "WMAXMAG01": 0.5, "WMAXMAG02": 0.4, "WMAXMAG03": 0.1, "MAXMAG01": 6.9, "MAXMAG02": 7.2, "MAXMAG03": 7.5, "STRIKE1": 22.804833, "STRIKE2": 0.0, "STRIKE3": 252.880652, "STRIKE4": 356.9205, "DIP1": 53.029167, "DIP2": 0.0, "DIP3": 63.370254, "DIP4": 47.763, "aspRatio": 1.0, "mfd_bin": 0.2, "a_val": 2.5913788903900001, "a_hi": 2.6899047030299998, "a_mid": 2.5914869134599998, "a_lo": 2.4930691238899998, "sigma_a": 0.14679095851400001, "b_val": 1.0227396050899999, "b_hi": 1.07874417783, "b_mid": 1.0227396050899999, "b_lo": 0.96673503234299996, "sigma_b": 0.030892149201300002, "cum_cov_ab": 0.054321, "MCORNERP1": 6.0, "MCORNERP2": 6.2, "MCORNERP3": 6.4, "MAXMAGP1": 6.0, "MAXMAGP2": 6.0, "utsu_bval2": 0.0, "utsu_aval": 0.0, "utsu_Minfl": 0.0, "FID_gras26": -1, "Shape_Leng": 668045.99350800004, "Shape_Area": 22225865904.700001 }, "geometry": { "type": "Polygon", "coordinates": [ [ [ 14.045000000076106, 47.919332999936053, 0.0 ], [ 14.09490499928526, 47.45722200006567, 0.0 ], [ 13.246245195626614, 47.250467753352289, 0.0 ], [ 12.669199999477721, 47.139900000106032, 0.0 ], [ 11.659804803728312, 47.154076439181594, 0.0 ], [ 12.315999999910552, 47.675000000112121, 0.0 ], [ 13.270000000658113, 47.90600000033686, 0.0 ], [ 13.473999999563707, 47.920999999501234, 0.0 ], [ 14.045000000076106, 47.919332999936053, 0.0 ] ] ] } },
{ "type": "Feature", "properties": { "FID_gras38": -1, "FID_gras24": -1, "FID_gras_1": -1, "FID_eshm20": 13, "ZONE_ID": "ATAS020", "areakm2": 10078.956663000001, "tctCluster": "Shallow Default", "CSZ_ID": "SZ01", "TECTO_ID": "TSZ088", "magScaleRe": "WC1994", "SS": 70.0, "NF": 0.0, "TF": 30.0, "MINDEPTH": 4.0, "MAXDEPTH": 15.0, "HYPODEPTH1": 6.0, "HYPODEPTH2": 8.0, "HYPODEPTH3": 10.0, "WHDEPTH1": 0.3, "WHDEPTH2": 0.6, "WHDEPTH3": 0.1, "WMAXMAG01": 0.5, "WMAXMAG02": 0.4, "WMAXMAG03": 0.1, "MAXMAG01": 6.9, "MAXMAG02": 7.2, "MAXMAG03": 7.5, "STRIKE1": 0.0, "STRIKE2": 151.010125, "STRIKE3": 0.0, "STRIKE4": 0.0, "DIP1": 67.330813, "DIP2": 67.330813, "DIP3": 0.0, "DIP4": 0.0, "aspRatio": 1.0, "mfd_bin": 0.2, "a_val": 2.87, "a_hi": 2.9876719232000002, "a_mid": 2.8701723715299998, "a_lo": 2.7526728198599999, "sigma_a": 0.184411795529, "b_val": 1.02, "b_hi": 1.0850118234, "b_mid": 1.02, "b_lo": 0.95498817660400004, "sigma_b": 0.0416280282717, "cum_cov_ab": 0.054321, "MCORNERP1": 6.0, "MCORNERP2": 6.2, "MCORNERP3": 6.4, "MAXMAGP1": 6.0, "MAXMAGP2": 6.2, "utsu_bval2": 0.0, "utsu_aval": 0.0, "utsu_Minfl": 0.0, "FID_gras26": -1, "Shape_Leng": 526303.11532999994, "Shape_Area": 14764081774.5 }, "geometry": { "type": "Polygon", "coordinates": [ [ [ 14.736305992868624, 46.853934660395197, 0.0 ], [ 14.973948999600706, 46.53577200015792, 0.0 ], [ 14.538340000184316, 46.575496999837981, 0.0 ], [ 14.155036531079892, 46.546951653813672, 0.0 ], [ 13.246245195626614, 47.250467753352289, 0.0 ], [ 14.09490499928526, 47.45722200006567, 0.0 ], [ 14.275130999755005, 47.354924000276689, 0.0 ], [ 14.541706999955236, 47.109764999873398, 0.0 ], [ 14.664876000300961, 46.949566999688415, 0.0 ], [ 14.736305992868624, 46.853934660395197, 0.0 ] ] ] } },
{ "type": "Feature", "properties": { "FID_gras38": -1, "FID_gras24": -1, "FID_gras_1": -1, "FID_eshm20": 14, "ZONE_ID": "ATAS021", "areakm2": 18554.174347, "tctCluster": "Shallow Default", "CSZ_ID": "SZ01", "TECTO_ID": "TSZ088", "magScaleRe": "WC1994", "SS": 20.0, "NF": 60.0, "TF": 20.0, "MINDEPTH": 4.0, "MAXDEPTH": 15.0, "HYPODEPTH1": 6.0, "HYPODEPTH2": 8.0, "HYPODEPTH3": 10.0, "WHDEPTH1": 0.3, "WHDEPTH2": 0.6, "WHDEPTH3": 0.1, "WMAXMAG01": 0.5, "WMAXMAG02": 0.4, "WMAXMAG03": 0.1, "MAXMAG01": 6.9, "MAXMAG02": 7.2, "MAXMAG03": 7.5, "STRIKE1": 0.0, "STRIKE2": 165.417143, "STRIKE3": 223.111429, "STRIKE4": 280.434041, "DIP1": 37.614, "DIP2": 37.614, "DIP3": 53.436857, "DIP4": 74.965523, "aspRatio": 1.0, "mfd_bin": 0.2, "a_val": 3.15, "a_hi": 3.2531968120600001, "a_mid": 3.14975210294, "a_lo": 3.0463073938099998, "sigma_a": 0.167742689206, "b_val": 1.02, "b_hi": 1.08185597957, "b_mid": 1.02, "b_lo": 0.95814402043400004, "sigma_b": 0.037684653355300003, "cum_cov_ab": 0.054321, "MCORNERP1": 6.4, "MCORNERP2": 6.6, "MCORNERP3": 6.8, "MAXMAGP1": 6.4, "MAXMAGP2": 6.6, "utsu_bval2": 0.0, "utsu_aval": 0.0, "utsu_Minfl": 0.0, "FID_gras26": -1, "Shape_Leng": 767476.83958200004, "Shape_Area": 27127823154.0 }, "geometry": { "type": "Polygon", "coordinates": [ [ [ 14.155036531079892, 46.546951653813672, 0.0 ], [ 14.001301261738963, 46.452117014470851, 0.0 ], [ 13.406897386654075, 46.435659919501894, 0.0 ], [ 13.117779999656932, 46.503169999906163, 0.0 ], [ 12.917427991746512, 46.558498109041281, 0.0 ], [ 12.717843106461142, 46.441693150693418, 0.0 ], [ 12.030338021281372, 46.605285542309431, 0.0 ], [ 11.17049999994374, 46.857699999883813, 0.0 ], [ 11.301000000406164, 46.986999999770369, 0.0 ], [ 11.659804803728312, 47.154076439181594, 0.0 ], [ 12.669199999477721, 47.139900000106032, 0.0 ], [ 13.246245195626614, 47.250467753352289, 0.0 ], [ 14.155036531079892, 46.546951653813672, 0.0 ] ] ] } },
{ "type": "Feature", "properties": { "FID_gras38": -1, "FID_gras24": -1, "FID_gras_1": -1, "FID_eshm20": 15, "ZONE_ID": "ATAS022", "areakm2": 4677.2355014300001, "tctCluster": "Shallow Default", "CSZ_ID": "SZ01", "TECTO_ID": "TSZ098", "magScaleRe": "WC1994", "SS": 25.0, "NF": 5.0, "TF": 70.0, "MINDEPTH": 0.0, "MAXDEPTH": 24.0, "HYPODEPTH1": 4.0, "HYPODEPTH2": 12.0, "HYPODEPTH3": 20.0, "WHDEPTH1": 0.1, "WHDEPTH2": 0.4, "WHDEPTH3": 0.5, "WMAXMAG01": 0.5, "WMAXMAG02": 0.4, "WMAXMAG03": 0.1, "MAXMAG01": 6.6, "MAXMAG02": 6.9, "MAXMAG03": 7.2, "STRIKE1": 0.0, "STRIKE2": 0.0, "STRIKE3": 0.0, "STRIKE4": 0.0, "DIP1": 89.99, "DIP2": 0.0, "DIP3": 0.0, "DIP4": 0.0, "aspRatio": 1.0, "mfd_bin": 0.2, "a_val": 1.88, "a_hi": 1.9497726049, "a_mid": 1.87993090376, "a_lo": 1.8100892026099999, "sigma_a": 0.061423452801700001, "b_val": 1.04, "b_hi": 1.1189708003300001, "b_mid": 1.04, "b_lo": 0.961029199665, "sigma_b": 0.061423452801700001, "cum_cov_ab": 0.054321, "MCORNERP1": 6.0, "MCORNERP2": 6.2, "MCORNERP3": 6.4, "MAXMAGP1": 5.2, "MAXMAGP2": 5.2, "utsu_bval2": 0.0, "utsu_aval": 0.0, "utsu_Minfl": 0.0, "FID_gras26": -1, "Shape_Leng": 394827.555062, "Shape_Area": 6851180783.6999998 }, "geometry": { "type": "Polygon", "coordinates": [ [ [ 11.301000000406164, 46.986999999770369, 0.0 ], [ 11.17049999994374, 46.857699999883813, 0.0 ], [ 10.66000000039258, 46.67999999963849, 0.0 ], [ 10.189968521384422, 46.909990074840898, 0.0 ], [ 9.823629751691945, 46.995430683695673, 0.0 ], [ 10.531000000503372, 47.092000000146371, 0.0 ], [ 11.292571000297444, 47.181091999738335, 0.0 ], [ 11.301000000406164, 46.986999999770369, 0.0 ] ] ] } },
{ "type": "Feature", "properties": { "FID_gras38": -1, "FID_gras24": -1, "FID_gras_1": -1, "FID_eshm20": 16, "ZONE_ID": "ATAS023", "areakm2": 2317.9827217799998, "tctCluster": "Shallow Default", "CSZ_ID": "SZ01", "TECTO_ID": "TSZ098", "magScaleRe": "WC1994", "SS": 70.0, "NF": 0.0, "TF": 30.0, "MINDEPTH": 6.0, "MAXDEPTH": 12.0, "HYPODEPTH1": 7.0, "HYPODEPTH2": 8.0, "HYPODEPTH3": 10.0, "WHDEPTH1": 0.3, "WHDEPTH2": 0.6, "WHDEPTH3": 0.1, "WMAXMAG01": 0.5, "WMAXMAG02": 0.4, "WMAXMAG03": 0.1, "MAXMAG01": 6.6, "MAXMAG02": 6.9, "MAXMAG03": 7.2, "STRIKE1": 58.478839, "STRIKE2": 139.029706, "STRIKE3": 0.0, "STRIKE4": 0.0, "DIP1": 67.474323, "DIP2": 40.260529, "DIP3": 0.0, "DIP4": 0.0, "aspRatio": 1.0, "mfd_bin": 0.2, "a_val": 2.78, "a_hi": 2.91474575241, "a_mid": 2.7801344993199999, "a_lo": 2.6455232462299998, "sigma_a": 0.227979283595, "b_val": 1.04, "b_hi": 1.11383446214, "b_mid": 1.04, "b_lo": 0.96616553785699999, "sigma_b": 0.053693211168500003, "cum_cov_ab": 0.054321, "MCORNERP1": 6.0, "MCORNERP2": 6.2, "MCORNERP3": 6.4, "MAXMAGP1": 6.0, "MAXMAGP2": 6.0, "utsu_bval2": 0.0, "utsu_aval": 0.0, "utsu_Minfl": 0.0, "FID_gras26": -1, "Shape_Leng": 274623.41152099997, "Shape_Area": 3415755017.48 }, "geometry": { "type": "Polygon", "coordinates": [ [ [ 11.560000000267316, 47.379999999917025, 0.0 ], [ 11.292571000297444, 47.181091999738335, 0.0 ], [ 10.531000000503372, 47.092000000146371, 0.0 ], [ 10.722003396660529, 47.31965316348807, 0.0 ], [ 10.794929973508383, 47.405102968694763, 0.0 ], [ 11.560000000267316, 47.379999999917025, 0.0 ] ] ] } },
{ "type": "Feature", "properties": { "FID_gras38": -1, "FID_gras24": -1, "FID_gras_1": -1, "FID_eshm20": 17, "ZONE_ID": "ATAS024", "areakm2": 1379.2804313199999, "tctCluster": "Shallow Default", "CSZ_ID": "SZ01", "TECTO_ID": "TSZ098", "magScaleRe": "WC1994", "SS": 70.0, "NF": 0.0, "TF": 30.0, "MINDEPTH": 4.0, "MAXDEPTH": 15.0, "HYPODEPTH1": 6.0, "HYPODEPTH2": 8.0, "HYPODEPTH3": 10.0, "WHDEPTH1": 0.3, "WHDEPTH2": 0.6, "WHDEPTH3": 0.1, "WMAXMAG01": 0.5, "WMAXMAG02": 0.4, "WMAXMAG03": 0.1, "MAXMAG01": 6.6, "MAXMAG02": 6.9, "MAXMAG03": 7.2, "STRIKE1": 0.0, "STRIKE2": 0.0, "STRIKE3": 0.0, "STRIKE4": 0.0, "DIP1": 89.99, "DIP2": 0.0, "DIP3": 0.0, "DIP4": 0.0, "aspRatio": 1.0, "mfd_bin": 0.2, "a_val": 2.58, "a_hi": 2.6498078408499999, "a_mid": 2.5799498461299999, "a_lo": 2.5100918514, "sigma_a": 0.061423452801700001, "b_val": 1.04, "b_hi": 1.1189708003300001, "b_mid": 1.04, "b_lo": 0.961029199665, "sigma_b": 0.061423452801700001, "cum_cov_ab": 0.054321, "MCORNERP1": 6.0, "MCORNERP2": 6.2, "MCORNERP3": 6.4, "MAXMAGP1": 5.8, "MAXMAGP2": 6.0, "utsu_bval2": 0.0, "utsu_aval": 0.0, "utsu_Minfl": 0.0, "FID_gras26": -1, "Shape_Leng": 214813.44134300001, "Shape_Area": 2034854590.78 }, "geometry": { "type": "Polygon", "coordinates": [ [ [ 10.794929973508383, 47.405102968694763, 0.0 ], [ 10.722003396660529, 47.31965316348807, 0.0 ], [ 10.400196974939419, 47.232926081040283, 0.0 ], [ 10.200500000567853, 47.197999999209095, 0.0 ], [ 9.976600000465567, 47.183199999621721, 0.0 ], [ 10.218999999852125, 47.424000000026211, 0.0 ], [ 10.794929973508383, 47.405102968694763, 0.0 ] ] ] } },
{ "type": "Feature", "properties": { "FID_gras38": -1, "FID_gras24": -1, "FID_gras_1": -1, "FID_eshm20": 18, "ZONE_ID": "ATAS025", "areakm2": 6603.6884811999998, "tctCluster": "Shallow Default", "CSZ_ID": "SZ01", "TECTO_ID": "TSZ088", "magScaleRe": "WC1994", "SS": 70.0, "NF": 0.0, "TF": 30.0, "MINDEPTH": 4.0, "MAXDEPTH": 15.0, "HYPODEPTH1": 6.0, "HYPODEPTH2": 8.0, "HYPODEPTH3": 10.0, "WHDEPTH1": 0.3, "WHDEPTH2": 0.6, "WHDEPTH3": 0.1, "WMAXMAG01": 0.5, "WMAXMAG02": 0.4, "WMAXMAG03": 0.1, "MAXMAG01": 6.9, "MAXMAG02": 7.2, "MAXMAG03": 7.5, "STRIKE1": 0.0, "STRIKE2": 151.010125, "STRIKE3": 0.0, "STRIKE4": 0.0, "DIP1": 67.330813, "DIP2": 67.330813, "DIP3": 0.0, "DIP4": 0.0, "aspRatio": 1.0, "mfd_bin": 0.2, "a_val": 3.03, "a_hi": 3.12277848522, "a_mid": 3.0300169511499999, "a_lo": 2.9372554170899998, "sigma_a": 0.16927650031200001, "b_val": 1.02, "b_hi": 1.0830904483299999, "b_mid": 1.02, "b_lo": 0.95690955166900005, "sigma_b": 0.039203818884100003, "cum_cov_ab": 0.054321, "MCORNERP1": 6.0, "MCORNERP2": 6.2, "MCORNERP3": 6.4, "MAXMAGP1": 6.2, "MAXMAGP2": 6.2, "utsu_bval2": 0.0, "utsu_aval": 0.0, "utsu_Minfl": 0.0, "FID_gras26": -1, "Shape_Leng": 600978.88640800002, "Shape_Area": 9782976449.9400005 }, "geometry": { "type": "Polygon", "coordinates": [ [ [ 14.547000000271717, 48.140999999570248, 0.0 ], [ 14.504000000308649, 48.005999999707527, 0.0 ], [ 14.484000000451195, 47.792999999863348, 0.0 ], [ 14.655673999890249, 47.286246999711793, 0.0 ], [ 14.849501999337964, 47.095600999785781, 0.0 ], [ 15.150233636371492, 46.691175109615074, 0.0 ], [ 14.736305992868624, 46.853934660395197, 0.0 ], [ 14.664876000300961, 46.949566999688415, 0.0 ], [ 14.541706999955236, 47.109764999873398, 0.0 ], [ 14.275130999755005, 47.354924000276689, 0.0 ], [ 14.09490499928526, 47.45722200006567, 0.0 ], [ 14.045000000076106, 47.919332999936053, 0.0 ], [ 14.252000000128159, 48.226999999466422, 0.0 ], [ 14.547000000271717, 48.140999999570248, 0.0 ] ] ] } },
{ "type": "Feature", "properties": { "FID_gras38": -1, "FID_gras24": -1, "FID_gras_1": -1, "FID_eshm20": 19, "ZONE_ID": "ATAS925", "areakm2": 1381.12005972, "tctCluster": "Shallow Default", "CSZ_ID": "SZ13", "TECTO_ID": "TSZ055", "magScaleRe": "WC1994", "SS": 70.0, "NF": 0.0, "TF": 30.0, "MINDEPTH": 4.0, "MAXDEPTH": 15.0, "HYPODEPTH1": 6.0, "HYPODEPTH2": 8.0, "HYPODEPTH3": 10.0, "WHDEPTH1": 0.3, "WHDEPTH2": 0.6, "WHDEPTH3": 0.1, "WMAXMAG01": 0.5, "WMAXMAG02": 0.4, "WMAXMAG03": 0.1, "MAXMAG01": 6.9, "MAXMAG02": 7.2, "MAXMAG03": 7.5, "STRIKE1": 0.0, "STRIKE2": 151.010125, "STRIKE3": 0.0, "STRIKE4": 0.0, "DIP1": 67.330813, "DIP2": 67.330813, "DIP3": 0.0, "DIP4": 0.0, "aspRatio": 1.0, "mfd_bin": 0.2, "a_val": 3.0, "a_hi": 3.0060285590300002, "a_mid": 2.9998074666700001, "a_lo": 2.99358637432, "sigma_a": 0.02, "b_val": 1.08, "b_hi": 1.125062411, "b_mid": 1.08, "b_lo": 1.034937589, "sigma_b": 0.02, "cum_cov_ab": 0.14404010964799999, "MCORNERP1": 6.0, "MCORNERP2": 6.2, "MCORNERP3": 6.4, "MAXMAGP1": 6.0, "MAXMAGP2": 6.0, "utsu_bval2": 0.0, "utsu_aval": 0.0, "utsu_Minfl": 0.0, "FID_gras26": -1, "Shape_Leng": 273664.00583699998, "Shape_Area": 2008840315.1099999 }, "geometry": { "type": "Polygon", "coordinates": [ [ [ 15.150233636371492, 46.691175109615074, 0.0 ], [ 15.231042837311026, 46.582502361587551, 0.0 ], [ 15.364563613359154, 46.404863803495715, 0.0 ], [ 15.565272999835715, 46.269830999960895, 0.0 ], [ 15.139812000486049, 46.427707999366426, 0.0 ], [ 14.973948999600706, 46.53577200015792, 0.0 ], [ 14.736305992868624, 46.853934660395197, 0.0 ], [ 15.150233636371492, 46.691175109615074, 0.0 ] ] ] } },
{ "type": "Feature", "properties": { "FID_gras38": -1, "FID_gras24": -1, "FID_gras_1": -1, "FID_eshm20": 20, "ZONE_ID": "BAAS028", "areakm2": 18742.3574142, "tctCluster": "Shallow Default", "CSZ_ID": "SZ18", "TECTO_ID": "TSZ062", "magScaleRe": "WC1994", "SS": 20.0, "NF": 60.0, "TF": 20.0, "MINDEPTH": 0.0, "MAXDEPTH": 14.0, "HYPODEPTH1": 2.0, "HYPODEPTH2": 8.0, "HYPODEPTH3": 10.0, "WHDEPTH1": 0.1, "WHDEPTH2": 0.4, "WHDEPTH3": 0.5, "WMAXMAG01": 0.5, "WMAXMAG02": 0.4, "WMAXMAG03": 0.1, "MAXMAG01": 6.9, "MAXMAG02": 7.2, "MAXMAG03": 7.5, "STRIKE1": 0.0, "STRIKE2": 0.0, "STRIKE3": 0.0, "STRIKE4": 301.223851, "DIP1": 89.99, "DIP2": 0.0, "DIP3": 0.0, "DIP4": 61.117871, "aspRatio": 1.0, "mfd_bin": 0.2, "a_val": 3.038, "a_hi": 3.1299823600200001, "a_mid": 3.03846530046, "a_lo": 2.9469482409099998, "sigma_a": 0.15802991680600001, "b_val": 0.88, "b_hi": 0.94201547056099999, "b_mid": 0.88, "b_lo": 0.81798452943900002, "sigma_b": 0.037879237987199998, "cum_cov_ab": 0.054321, "MCORNERP1": 6.0, "MCORNERP2": 6.2, "MCORNERP3": 6.4, "MAXMAGP1": 6.4, "MAXMAGP2": 6.6, "utsu_bval2": 0.0, "utsu_aval": 0.0, "utsu_Minfl": 0.0, "FID_gras26": -1, "Shape_Leng": 688001.84947000002, "Shape_Area": 26311941827.200001 }, "geometry": { "type": "Polygon", "coordinates": [ [ [ 19.472610663711212, 44.774008606844141, 0.0 ], [ 19.292760154538652, 43.835716153938961, 0.0 ], [ 18.609999999435669, 44.08999999997107, 0.0 ], [ 18.220000000418207, 44.360000000286846, 0.0 ], [ 17.320049999873884, 44.661517999131576, 0.0 ], [ 17.659032000519904, 45.045928000173575, 0.0 ], [ 18.033729000144699, 45.102489999647908, 0.0 ], [ 18.322050000099715, 45.10255599970273, 0.0 ], [ 19.472610663711212, 44.774008606844141, 0.0 ] ] ] } },
{ "type": "Feature", "properties": { "FID_gras38": -1, "FID_gras24": -1, "FID_gras_1": -1, "FID_eshm20": 21, "ZONE_ID": "BAAS029", "areakm2": 24697.899002499998, "tctCluster": "Shallow Default", "CSZ_ID": "SZ34", "TECTO_ID": "TSZ070", "magScaleRe": "WC1994", "SS": 20.0, "NF": 60.0, "TF": 20.0, "MINDEPTH": 0.0, "MAXDEPTH": 16.0, "HYPODEPTH1": 2.0, "HYPODEPTH2": 10.0, "HYPODEPTH3": 15.0, "WHDEPTH1": 0.1, "WHDEPTH2": 0.4, "WHDEPTH3": 0.5, "WMAXMAG01": 0.5, "WMAXMAG02": 0.4, "WMAXMAG03": 0.1, "MAXMAG01": 6.9, "MAXMAG02": 7.2, "MAXMAG03": 7.5, "STRIKE1": 28.0608, "STRIKE2": 0.0, "STRIKE3": 0.0, "STRIKE4": 306.901347, "DIP1": 44.4182, "DIP2": 0.0, "DIP3": 0.0, "DIP4": 49.959917, "aspRatio": 1.0, "mfd_bin": 0.2, "a_val": 3.9, "a_hi": 3.9594981516700001, "a_mid": 3.9002922737099999, "a_lo": 3.8410863957500001, "sigma_a": 0.090017658307099999, "b_val": 1.0, "b_hi": 1.0318639364, "b_mid": 1.0, "b_lo": 0.96813606360399995, "sigma_b": 0.01, "cum_cov_ab": 0.054321, "MCORNERP1": 6.3, "MCORNERP2": 6.5, "MCORNERP3": 6.7, "MAXMAGP1": 6.6, "MAXMAGP2": 6.8, "utsu_bval2": 0.0, "utsu_aval": 0.0, "utsu_Minfl": 0.0, "FID_gras26": -1, "Shape_Leng": 949023.22555199999, "Shape_Area": 34382396666.400002 }, "geometry": { "type": "Polygon", "coordinates": [ [ [ 16.845000000784303, 44.254935999586714, 0.0 ], [ 17.086400000088126, 44.177615999932847, 0.0 ], [ 17.635304000318161, 43.914362999765373, 0.0 ], [ 17.346627228883083, 43.223155736594862, 0.0 ], [ 16.844384999767733, 43.504133000138651, 0.0 ], [ 15.901231766207109, 43.700061797560934, 0.0 ], [ 15.817869186717463, 43.742298125498976, 0.0 ], [ 15.080546379946604, 44.268531799074033, 0.0 ], [ 14.472861289780091, 44.740501404298136, 0.0 ], [ 15.117906570604697, 45.032604217433317, 0.0 ], [ 15.512427966516904, 44.562798862652109, 0.0 ], [ 16.274888000201589, 44.314804999348709, 0.0 ], [ 16.845000000784303, 44.254935999586714, 0.0 ] ] ] } },
{ "type": "Feature", "properties": { "FID_gras38": -1, "FID_gras24": -1, "FID_gras_1": -1, "FID_eshm20": 22, "ZONE_ID": "BAAS030", "areakm2": 15390.6902522, "tctCluster": "Shallow Default", "CSZ_ID": "SZ34", "TECTO_ID": "TSZ070", "magScaleRe": "WC1994", "SS": 20.0, "NF": 60.0, "TF": 20.0, "MINDEPTH": 0.0, "MAXDEPTH": 14.0, "HYPODEPTH1": 2.0, "HYPODEPTH2": 8.0, "HYPODEPTH3": 10.0, "WHDEPTH1": 0.1, "WHDEPTH2": 0.4, "WHDEPTH3": 0.5, "WMAXMAG01": 0.5, "WMAXMAG02": 0.4, "WMAXMAG03": 0.1, "MAXMAG01": 6.9, "MAXMAG02": 7.2, "MAXMAG03": 7.5, "STRIKE1": 0.0, "STRIKE2": 0.0, "STRIKE3": 0.0, "STRIKE4": 316.330848, "DIP1": 89.99, "DIP2": 0.0, "DIP3": 0.0, "DIP4": 59.063562, "aspRatio": 1.0, "mfd_bin": 0.2, "a_val": 3.2, "a_hi": 3.3271979949000001, "a_mid": 3.2002374577000001, "a_lo": 3.0732769205000001, "sigma_a": 0.20729681471, "b_val": 1.0, "b_hi": 1.0698086736800001, "b_mid": 1.0, "b_lo": 0.93019132632400003, "sigma_b": 0.047997644026500003, "cum_cov_ab": 0.054321, "MCORNERP1": 6.0, "MCORNERP2": 6.2, "MCORNERP3": 6.4, "MAXMAGP1": 6.2, "MAXMAGP2": 6.4, "utsu_bval2": 0.0, "utsu_aval": 0.0, "utsu_Minfl": 0.0, "FID_gras26": -1, "Shape_Leng": 627107.14716399997, "Shape_Area": 21691391144.700001 }, "geometry": { "type": "Polygon", "coordinates": [ [ [ 16.963222000419918, 44.754501999398784, 0.0 ], [ 16.845000000784303, 44.254935999586714, 0.0 ], [ 16.274888000201589, 44.314804999348709, 0.0 ], [ 15.512427966516904, 44.562798862652109, 0.0 ], [ 15.117906570604697, 45.032604217433317, 0.0 ], [ 14.894103999981507, 45.276801999639588, 0.0 ], [ 15.748152058614425, 45.335192408116455, 0.0 ], [ 16.34571799990616, 45.027914000039921, 0.0 ], [ 16.963222000419918, 44.754501999398784, 0.0 ] ] ] } },
{ "type": "Feature", "properties": { "FID_gras38": -1, "FID_gras24": -1, "FID_gras_1": -1, "FID_eshm20": 23, "ZONE_ID": "BAAS031", "areakm2": 16406.637222099998, "tctCluster": "Shallow Default", "CSZ_ID": "SZ18", "TECTO_ID": "TSZ060", "magScaleRe": "WC1994", "SS": 20.0, "NF": 60.0, "TF": 20.0, "MINDEPTH": 0.0, "MAXDEPTH": 14.0, "HYPODEPTH1": 2.0, "HYPODEPTH2": 8.0, "HYPODEPTH3": 10.0, "WHDEPTH1": 0.1, "WHDEPTH2": 0.4, "WHDEPTH3": 0.5, "WMAXMAG01": 0.5, "WMAXMAG02": 0.4, "WMAXMAG03": 0.1, "MAXMAG01": 6.9, "MAXMAG02": 7.2, "MAXMAG03": 7.5, "STRIKE1": 0.0, "STRIKE2": 0.0, "STRIKE3": 0.0, "STRIKE4": 316.330848, "DIP1": 89.99, "DIP2": 0.0, "DIP3": 0.0, "DIP4": 59.063562, "aspRatio": 1.0, "mfd_bin": 0.2, "a_val": 3.668, "a_hi": 3.6934663383899999, "a_mid": 3.6673720848300002, "a_lo": 3.64127783126, "sigma_a": 0.163334048506, "b_val": 1.0, "b_hi": 1.0318639364, "b_mid": 1.0, "b_lo": 0.96813606360399995, "sigma_b": 0.01, "cum_cov_ab": 0.054321, "MCORNERP1": 6.2, "MCORNERP2": 6.4, "MCORNERP3": 6.6, "MAXMAGP1": 6.4, "MAXMAGP2": 6.6, "utsu_bval2": 0.0, "utsu_aval": 0.0, "utsu_Minfl": 0.0, "FID_gras26": -1, "Shape_Leng": 693734.49868600001, "Shape_Area": 22820451138.0 }, "geometry": { "type": "Polygon", "coordinates": [ [ [ 17.320049999873884, 44.661517999131576, 0.0 ], [ 18.220000000418207, 44.360000000286846, 0.0 ], [ 18.609999999435669, 44.08999999997107, 0.0 ], [ 18.782133900367569, 43.599999999809746, 0.0 ], [ 18.482652000455644, 43.176498999963194, 0.0 ], [ 17.635304000318161, 43.914362999765373, 0.0 ], [ 17.086400000088126, 44.177615999932847, 0.0 ], [ 16.845000000784303, 44.254935999586714, 0.0 ], [ 16.963222000419918, 44.754501999398784, 0.0 ], [ 17.320049999873884, 44.661517999131576, 0.0 ] ] ] } },
{ "type": "Feature", "properties": { "FID_gras38": -1, "FID_gras24": -1, "FID_gras_1": -1, "FID_eshm20": 24, "ZONE_ID": "BAAS032", "areakm2": 10640.265397700001, "tctCluster": "Shallow Default", "CSZ_ID": "SZ18", "TECTO_ID": "TSZ060", "magScaleRe": "WC1994", "SS": 20.0, "NF": 60.0, "TF": 20.0, "MINDEPTH": 0.0, "MAXDEPTH": 15.0, "HYPODEPTH1": 2.0, "HYPODEPTH2": 10.0, "HYPODEPTH3": 12.0, "WHDEPTH1": 0.1, "WHDEPTH2": 0.4, "WHDEPTH3": 0.5, "WMAXMAG01": 0.5, "WMAXMAG02": 0.4, "WMAXMAG03": 0.1, "MAXMAG01": 6.9, "MAXMAG02": 7.2, "MAXMAG03": 7.5, "STRIKE1": 0.0, "STRIKE2": 0.0, "STRIKE3": 0.0, "STRIKE4": 311.329853, "DIP1": 89.99, "DIP2": 0.0, "DIP3": 0.0, "DIP4": 60.56552, "aspRatio": 1.0, "mfd_bin": 0.2, "a_val": 3.5198231237500002, "a_hi": 3.5688281810300002, "a_mid": 3.5198634597699998, "a_lo": 3.4708987385, "sigma_a": 0.077473774829599995, "b_val": 1.05768408989, "b_hi": 1.10207231683, "b_mid": 1.05768408989, "b_lo": 1.01329586295, "sigma_b": 0.019406031968, "cum_cov_ab": 0.054321, "MCORNERP1": 6.0, "MCORNERP2": 6.2, "MCORNERP3": 6.4, "MAXMAGP1": 6.2, "MAXMAGP2": 6.4, "utsu_bval2": 0.0, "utsu_aval": 0.0, "utsu_Minfl": 0.0, "FID_gras26": -1, "Shape_Leng": 577727.91698600003, "Shape_Area": 14644172765.6 }, "geometry": { "type": "Polygon", "coordinates": [ [ [ 19.292760154538652, 43.835716153938961, 0.0 ], [ 19.982133899901093, 43.599999999809746, 0.0 ], [ 20.303435509755033, 43.421932086443782, 0.0 ], [ 20.145708976199415, 42.829106041791782, 0.0 ], [ 18.782133900367569, 43.599999999809746, 0.0 ], [ 18.609999999435669, 44.08999999997107, 0.0 ], [ 19.292760154538652, 43.835716153938961, 0.0 ] ] ] } },
{ "type": "Feature", "properties": { "FID_gras38": -1, "FID_gras24": -1, "FID_gras_1": -1, "FID_eshm20": 25, "ZONE_ID": "BAAS033", "areakm2": 38715.256473100002, "tctCluster": "Shallow Default", "CSZ_ID": "SZ18", "TECTO_ID": "TSZ062", "magScaleRe": "WC1994", "SS": 20.0, "NF": 60.0, "TF": 20.0, "MINDEPTH": 0.0, "MAXDEPTH": 15.0, "HYPODEPTH1": 2.0, "HYPODEPTH2": 10.0, "HYPODEPTH3": 12.0, "WHDEPTH1": 0.1, "WHDEPTH2": 0.4, "WHDEPTH3": 0.5, "WMAXMAG01": 0.5, "WMAXMAG02": 0.4, "WMAXMAG03": 0.1, "MAXMAG01": 6.9, "MAXMAG02": 7.2, "MAXMAG03": 7.5, "STRIKE1": 0.0, "STRIKE2": 0.0, "STRIKE3": 0.0, "STRIKE4": 311.329853, "DIP1": 89.99, "DIP2": 0.0, "DIP3": 0.0, "DIP4": 60.56552, "aspRatio": 1.0, "mfd_bin": 0.2, "a_val": 4.08, "a_hi": 4.128052853, "a_mid": 4.0803412403600001, "a_lo": 4.0326296277100004, "sigma_a": 0.093610343376300004, "b_val": 1.0, "b_hi": 1.0467334504300001, "b_mid": 1.0, "b_lo": 0.95326654957000001, "sigma_b": 0.021510813809599998, "cum_cov_ab": 0.054321, "MCORNERP1": 6.6, "MCORNERP2": 6.8, "MCORNERP3": 7.0, "MAXMAGP1": 6.8, "MAXMAGP2": 7.0, "utsu_bval2": 0.0, "utsu_aval": 0.0, "utsu_Minfl": 0.0, "FID_gras26": -1, "Shape_Leng": 1020925.02361, "Shape_Area": 53901533469.5 }, "geometry": { "type": "Polygon", "coordinates": [ [ [ 22.339999999804782, 44.259999999217285, 0.0 ], [ 22.170000000117902, 43.869999999965252, 0.0 ], [ 22.259584132500613, 43.454515013585066, 0.0 ], [ 21.73899999950617, 43.629000000107702, 0.0 ], [ 21.5929110748793, 43.406871089990751, 0.0 ], [ 20.646376503537482, 43.495956697097398, 0.0 ], [ 20.303435509755033, 43.421932086443782, 0.0 ], [ 19.982133899901093, 43.599999999809746, 0.0 ], [ 19.292760154538652, 43.835716153938961, 0.0 ], [ 19.472610663711212, 44.774008606844141, 0.0 ], [ 20.182681059620492, 44.544818524203748, 0.0 ], [ 21.137744999837722, 44.653267000425508, 0.0 ], [ 21.455074215487837, 44.808856155302365, 0.0 ], [ 22.339999999804782, 44.259999999217285, 0.0 ] ] ] } },
{ "type": "Feature", "properties": { "FID_gras38": -1, "FID_gras24": -1, "FID_gras_1": -1, "FID_eshm20": 26, "ZONE_ID": "BAAS034", "areakm2": 12876.586097900001, "tctCluster": "Shallow Default", "CSZ_ID": "SZ18", "TECTO_ID": "TSZ060", "magScaleRe": "WC1994", "SS": 20.0, "NF": 60.0, "TF": 20.0, "MINDEPTH": 0.0, "MAXDEPTH": 15.0, "HYPODEPTH1": 2.0, "HYPODEPTH2": 10.0, "HYPODEPTH3": 12.0, "WHDEPTH1": 0.1, "WHDEPTH2": 0.4, "WHDEPTH3": 0.5, "WMAXMAG01": 0.5, "WMAXMAG02": 0.4, "WMAXMAG03": 0.1, "MAXMAG01": 6.9, "MAXMAG02": 7.2, "MAXMAG03": 7.5, "STRIKE1": 0.0, "STRIKE2": 0.0, "STRIKE3": 0.0, "STRIKE4": 311.329853, "DIP1": 89.99, "DIP2": 0.0, "DIP3": 0.0, "DIP4": 60.56552, "aspRatio": 1.0, "mfd_bin": 0.2, "a_val": 3.0771038660199999, "a_hi": 3.1344566034799999, "a_mid": 3.0769081976899999, "a_lo": 3.0193597918899999, "sigma_a": 0.131057994284, "b_val": 0.87466904860600003, "b_hi": 0.93220532041899995, "b_mid": 0.87466904860600003, "b_lo": 0.817132776793, "sigma_b": 0.032605028324099998, "cum_cov_ab": 0.054321, "MCORNERP1": 6.0, "MCORNERP2": 6.2, "MCORNERP3": 6.4, "MAXMAGP1": 6.4, "MAXMAGP2": 6.6, "utsu_bval2": 0.0, "utsu_aval": 0.0, "utsu_Minfl": 0.0, "FID_gras26": -1, "Shape_Leng": 583618.01054799999, "Shape_Area": 17571354931.0 }, "geometry": { "type": "Polygon", "coordinates": [ [ [ 20.145708976199415, 42.829106041791782, 0.0 ], [ 20.235079000524031, 42.517678999973789, 0.0 ], [ 20.122963932344508, 42.498092925212411, 0.0 ], [ 20.122344749670319, 42.497415135772698, 0.0 ], [ 20.120698633624553, 42.497119199212086, 0.0 ], [ 19.893038999903585, 42.245899999718233, 0.0 ], [ 19.176100999816896, 42.646160000021048, 0.0 ], [ 18.482652000455644, 43.176498999963194, 0.0 ], [ 18.782133900367569, 43.599999999809746, 0.0 ], [ 20.145708976199415, 42.829106041791782, 0.0 ] ] ] } },
{ "type": "Feature", "properties": { "FID_gras38": -1, "FID_gras24": -1, "FID_gras_1": -1, "FID_eshm20": 27, "ZONE_ID": "BAAS035", "areakm2": 15770.877846400001, "tctCluster": "Shallow Default", "CSZ_ID": "SZ18", "TECTO_ID": "TSZ060", "magScaleRe": "WC1994", "SS": 20.0, "NF": 60.0, "TF": 20.0, "MINDEPTH": 0.0, "MAXDEPTH": 16.0, "HYPODEPTH1": 2.0, "HYPODEPTH2": 10.0, "HYPODEPTH3": 14.0, "WHDEPTH1": 0.1, "WHDEPTH2": 0.4, "WHDEPTH3": 0.5, "WMAXMAG01": 0.5, "WMAXMAG02": 0.4, "WMAXMAG03": 0.1, "MAXMAG01": 6.9, "MAXMAG02": 7.2, "MAXMAG03": 7.5, "STRIKE1": 28.0608, "STRIKE2": 0.0, "STRIKE3": 0.0, "STRIKE4": 306.901347, "DIP1": 44.4182, "DIP2": 0.0, "DIP3": 0.0, "DIP4": 49.959917, "aspRatio": 1.0, "mfd_bin": 0.2, "a_val": 3.953, "a_hi": 4.0572114621499997, "a_mid": 3.9534877378500002, "a_lo": 3.8497640135400002, "sigma_a": 0.21097648004799999, "b_val": 1.02, "b_hi": 1.0902115315700001, "b_mid": 1.02, "b_lo": 0.94978846843499998, "sigma_b": 0.048553220350600002, "cum_cov_ab": 0.054321, "MCORNERP1": 6.3, "MCORNERP2": 6.5, "MCORNERP3": 6.7, "MAXMAGP1": 6.6, "MAXMAGP2": 6.8, "utsu_bval2": 0.0, "utsu_aval": 0.0, "utsu_Minfl": 0.0, "FID_gras26": -1, "Shape_Leng": 826850.22726800002, "Shape_Area": 21492358441.900002 }, "geometry": { "type": "Polygon", "coordinates": [ [ [ 18.482652000455644, 43.176498999963194, 0.0 ], [ 19.176100999816896, 42.646160000021048, 0.0 ], [ 19.893038999903585, 42.245899999718233, 0.0 ], [ 19.704929870488993, 42.158382530585001, 0.0 ], [ 19.577167999691266, 42.024732999941023, 0.0 ], [ 17.346627228883083, 43.223155736594862, 0.0 ], [ 17.635304000318161, 43.914362999765373, 0.0 ], [ 18.482652000455644, 43.176498999963194, 0.0 ] ] ] } },
{ "type": "Feature", "properties": { "FID_gras38": -1, "FID_gras24": -1, "FID_gras_1": -1, "FID_eshm20": 28, "ZONE_ID": "BEAS037", "areakm2": 2789.60948693, "tctCluster": "Shallow Default", "CSZ_ID": "SZ03", "TECTO_ID": "TSZ133", "magScaleRe": "WC1994", "SS": 33.0, "NF": 33.0, "TF": 34.0, "MINDEPTH": 5.0, "MAXDEPTH": 20.0, "HYPODEPTH1": 8.0, "HYPODEPTH2": 10.0, "HYPODEPTH3": 15.0, "WHDEPTH1": 0.1, "WHDEPTH2": 0.4, "WHDEPTH3": 0.5, "WMAXMAG01": 0.5, "WMAXMAG02": 0.4, "WMAXMAG03": 0.1, "MAXMAG01": 6.3, "MAXMAG02": 6.6, "MAXMAG03": 6.9, "STRIKE1": 0.0, "STRIKE2": 0.0, "STRIKE3": 0.0, "STRIKE4": 0.0, "DIP1": 89.99, "DIP2": 0.0, "DIP3": 0.0, "DIP4": 0.0, "aspRatio": 1.0, "mfd_bin": 0.2, "a_val": 2.94, "a_hi": 2.9461381638900002, "a_mid": 2.9402611468200002, "a_lo": 2.9343841297500002, "sigma_a": 0.01, "b_val": 1.0, "b_hi": 1.0318639364, "b_mid": 1.0, "b_lo": 0.96813606360399995, "sigma_b": 0.01, "cum_cov_ab": 0.054321, "MCORNERP1": 6.0, "MCORNERP2": 6.2, "MCORNERP3": 6.4, "MAXMAGP1": 6.2, "MAXMAGP2": 6.2, "utsu_bval2": 0.0, "utsu_aval": 0.0, "utsu_Minfl": 0.0, "FID_gras26": -1, "Shape_Leng": 290909.50436600001, "Shape_Area": 4379611434.4499998 }, "geometry": { "type": "Polygon", "coordinates": [ [ [ 4.597317000401912, 50.553532999673799, 0.0 ], [ 4.598061941825998, 50.30722524250843, 0.0 ], [ 4.061885253676738, 50.30722524250843, 0.0 ], [ 3.640173250096156, 50.35542089903219, 0.0 ], [ 3.646811999471788, 50.55371999955625, 0.0 ], [ 4.597317000401912, 50.553532999673799, 0.0 ] ] ] } },
{ "type": "Feature", "properties": { "FID_gras38": -1, "FID_gras24": -1, "FID_gras_1": -1, "FID_eshm20": 29, "ZONE_ID": "BEAS038", "areakm2": 26488.527607, "tctCluster": "Shallow Default", "CSZ_ID": "SZ05", "TECTO_ID": "TSZ133", "magScaleRe": "WC1994", "SS": 33.0, "NF": 33.0, "TF": 34.0, "MINDEPTH": 5.0, "MAXDEPTH": 20.0, "HYPODEPTH1": 8.0, "HYPODEPTH2": 10.0, "HYPODEPTH3": 15.0, "WHDEPTH1": 0.1, "WHDEPTH2": 0.4, "WHDEPTH3": 0.5, "WMAXMAG01": 0.5, "WMAXMAG02": 0.4, "WMAXMAG03": 0.1, "MAXMAG01": 6.3, "MAXMAG02": 6.6, "MAXMAG03": 6.9, "STRIKE1": 0.0, "STRIKE2": 0.0, "STRIKE3": 0.0, "STRIKE4": 0.0, "DIP1": 89.99, "DIP2": 0.0, "DIP3": 0.0, "DIP4": 0.0, "aspRatio": 1.0, "mfd_bin": 0.2, "a_val": 2.04, "a_hi": 2.04604455632, "a_mid": 2.0401788028299999, "a_lo": 2.0343130493400001, "sigma_a": 0.01, "b_val": 1.0, "b_hi": 1.0318639364, "b_mid": 1.0, "b_lo": 0.96813606360399995, "sigma_b": 0.01, "cum_cov_ab": 0.054321, "MCORNERP1": 6.0, "MCORNERP2": 6.2, "MCORNERP3": 6.4, "MAXMAGP1": 5.6, "MAXMAGP2": 5.6, "utsu_bval2": 0.0, "utsu_aval": 0.0, "utsu_Minfl": 0.0, "FID_gras26": -1, "Shape_Leng": 1020657.28458, "Shape_Area": 41251610118.0 }, "geometry": { "type": "Polygon", "coordinates": [ [ [ 5.514750000429335, 50.510499999897419, 0.0 ], [ 5.759000000193489, 50.264000000146623, 0.0 ], [ 5.999999999464222, 50.282000000272184, 0.0 ], [ 6.414283307547668, 50.096504800435007, 0.0 ], [ 6.400000000207039, 49.450000000223561, 0.0 ], [ 5.859999999563554, 49.559999999382853, 0.0 ], [ 5.520000000189824, 49.539999999912091, 0.0 ], [ 4.929999999902638, 49.819999999567081, 0.0 ], [ 4.41860146228518, 49.783741929655477, 0.0 ], [ 3.564132618400127, 49.786754157479976, 0.0 ], [ 3.09559265358067, 49.811730362950868, 0.0 ], [ 3.640173250096156, 50.35542089903219, 0.0 ], [ 4.061885253676738, 50.30722524250843, 0.0 ], [ 4.598061941825998, 50.30722524250843, 0.0 ], [ 4.597317000401912, 50.553532999673799, 0.0 ], [ 5.011493000233082, 50.601025999776382, 0.0 ], [ 5.309201000546719, 50.702898999891289, 0.0 ], [ 5.514750000429335, 50.510499999897419, 0.0 ] ] ] } },
{ "type": "Feature", "properties": { "FID_gras38": -1, "FID_gras24": -1, "FID_gras_1": -1, "FID_eshm20": 30, "ZONE_ID": "BEAS040", "areakm2": 1703.2439841400001, "tctCluster": "Shallow Default", "CSZ_ID": "SZ03", "TECTO_ID": "TSZ133", "magScaleRe": "WC1994", "SS": 35.0, "NF": 50.0, "TF": 15.0, "MINDEPTH": 5.0, "MAXDEPTH": 20.0, "HYPODEPTH1": 8.0, "HYPODEPTH2": 10.0, "HYPODEPTH3": 15.0, "WHDEPTH1": 0.1, "WHDEPTH2": 0.4, "WHDEPTH3": 0.5, "WMAXMAG01": 0.5, "WMAXMAG02": 0.4, "WMAXMAG03": 0.1, "MAXMAG01": 6.3, "MAXMAG02": 6.6, "MAXMAG03": 6.9, "STRIKE1": 0.0, "STRIKE2": 0.0, "STRIKE3": 0.0, "STRIKE4": 0.0, "DIP1": 89.99, "DIP2": 0.0, "DIP3": 0.0, "DIP4": 0.0, "aspRatio": 1.0, "mfd_bin": 0.2, "a_val": 2.4326668580800002, "a_hi": 2.5219261319899999, "a_mid": 2.4327191573800002, "a_lo": 2.3435121827800001, "sigma_a": 0.17026414355399999, "b_val": 1.0000587032799999, "b_hi": 1.0619588073899999, "b_mid": 1.0000587032799999, "b_lo": 0.938158599165, "sigma_b": 0.037738436719599998, "cum_cov_ab": 0.054321, "MCORNERP1": 6.0, "MCORNERP2": 6.2, "MCORNERP3": 6.4, "MAXMAGP1": 6.0, "MAXMAGP2": 6.0, "utsu_bval2": 0.0, "utsu_aval": 0.0, "utsu_Minfl": 0.0, "FID_gras26": -1, "Shape_Leng": 215204.03042600001, "Shape_Area": 2689375853.3400002 }, "geometry": { "type": "Polygon", "coordinates": [ [ [ 6.040779876084668, 50.73385957480604, 0.0 ], [ 5.514750000429335, 50.510499999897419, 0.0 ], [ 5.309201000546719, 50.702898999891289, 0.0 ], [ 5.797137850714953, 50.898204427023181, 0.0 ], [ 6.040779876084668, 50.73385957480604, 0.0 ] ] ] } },
{ "type": "Feature", "properties": { "FID_gras38": -1, "FID_gras24": -1, "FID_gras_1": -1, "FID_eshm20": 31, "ZONE_ID": "BEAS041", "areakm2": 5621.7271848199998, "tctCluster": "Shallow Default", "CSZ_ID": "SZ03", "TECTO_ID": "TSZ133", "magScaleRe": "WC1994", "SS": 35.0, "NF": 50.0, "TF": 15.0, "MINDEPTH": 5.0, "MAXDEPTH": 20.0, "HYPODEPTH1": 8.0, "HYPODEPTH2": 10.0, "HYPODEPTH3": 15.0, "WHDEPTH1": 0.1, "WHDEPTH2": 0.4, "WHDEPTH3": 0.5, "WMAXMAG01": 0.5, "WMAXMAG02": 0.4, "WMAXMAG03": 0.1, "MAXMAG01": 6.3, "MAXMAG02": 6.6, "MAXMAG03": 6.9, "STRIKE1": 0.0, "STRIKE2": 0.0, "STRIKE3": 0.0, "STRIKE4": 0.0, "DIP1": 89.99, "DIP2": 0.0, "DIP3": 0.0, "DIP4": 0.0, "aspRatio": 1.0, "mfd_bin": 0.2, "a_val": 2.6, "a_hi": 2.60924751678, "a_mid": 2.6002874603600001, "a_lo": 2.5913274039399998, "sigma_a": 0.02, "b_val": 1.0, "b_hi": 1.0318639364, "b_mid": 1.0, "b_lo": 0.96813606360399995, "sigma_b": 0.01, "cum_cov_ab": 0.054321, "MCORNERP1": 6.0, "MCORNERP2": 6.2, "MCORNERP3": 6.4, "MAXMAGP1": 6.0, "MAXMAGP2": 6.2, "utsu_bval2": 0.0, "utsu_aval": 0.0, "utsu_Minfl": 0.0, "FID_gras26": -1, "Shape_Leng": 396597.42211699998, "Shape_Area": 8825075863.9099998 }, "geometry": { "type": "Polygon", "coordinates": [ [ [ 6.823175689965471, 50.400213337052485, 0.0 ], [ 6.414283307547668, 50.096504800435007, 0.0 ], [ 5.999999999464222, 50.282000000272184, 0.0 ], [ 5.759000000193489, 50.264000000146623, 0.0 ], [ 5.514750000429335, 50.510499999897419, 0.0 ], [ 6.040779876084668, 50.73385957480604, 0.0 ], [ 6.222999999941231, 50.610999999306443, 0.0 ], [ 6.392999999628112, 50.6869999995439, 0.0 ], [ 6.823175689965471, 50.400213337052485, 0.0 ] ] ] } },
{ "type": "Feature", "properties": { "FID_gras38": -1, "FID_gras24": -1, "FID_gras_1": -1, "FID_eshm20": 32, "ZONE_ID": "BEAS042", "areakm2": 20382.536438200001, "tctCluster": "Shallow Default", "CSZ_ID": "SZ03", "TECTO_ID": "TSZ133", "magScaleRe": "WC1994", "SS": 35.0, "NF": 50.0, "TF": 15.0, "MINDEPTH": 7.0, "MAXDEPTH": 13.0, "HYPODEPTH1": 8.0, "HYPODEPTH2": 9.0, "HYPODEPTH3": 10.0, "WHDEPTH1": 0.1, "WHDEPTH2": 0.4, "WHDEPTH3": 0.5, "WMAXMAG01": 0.5, "WMAXMAG02": 0.4, "WMAXMAG03": 0.1, "MAXMAG01": 6.3, "MAXMAG02": 6.6, "MAXMAG03": 6.9, "STRIKE1": 0.0, "STRIKE2": 0.0, "STRIKE3": 0.0, "STRIKE4": 0.0, "DIP1": 89.99, "DIP2": 0.0, "DIP3": 0.0, "DIP4": 0.0, "aspRatio": 1.0, "mfd_bin": 0.2, "a_val": 2.3077281214699998, "a_hi": 2.39691154955, "a_mid": 2.3078785161500002, "a_lo": 2.2188454827499999, "sigma_a": 0.17026414355399999, "b_val": 1.0000587032799999, "b_hi": 1.0619588073899999, "b_mid": 1.0000587032799999, "b_lo": 0.938158599165, "sigma_b": 0.037738436719599998, "cum_cov_ab": 0.054321, "MCORNERP1": 6.0, "MCORNERP2": 6.2, "MCORNERP3": 6.4, "MAXMAGP1": 5.8, "MAXMAGP2": 5.8, "utsu_bval2": 0.0, "utsu_aval": 0.0, "utsu_Minfl": 0.0, "FID_gras26": -1, "Shape_Leng": 808389.10804900003, "Shape_Area": 32889328473.900002 }, "geometry": { "type": "Polygon", "coordinates": [ [ [ 3.432394999987606, 51.429624000021448, 0.0 ], [ 2.4970240001924, 51.303022000046411, 0.0 ], [ 1.978133000167341, 51.00334199978532, 0.0 ], [ 1.04999999970413, 51.049999999538066, 0.0 ], [ 2.000652076405804, 52.000611958505488, 0.0 ], [ 2.890000000066837, 52.439999999839138, 0.0 ], [ 3.432394999987606, 51.429624000021448, 0.0 ] ] ] } },
{ "type": "Feature", "properties": { "FID_gras38": -1, "FID_gras24": -1, "FID_gras_1": -1, "FID_eshm20": 33, "ZONE_ID": "BEAS043", "areakm2": 23443.407601, "tctCluster": "Shallow Default", "CSZ_ID": "SZ03", "TECTO_ID": "TSZ133", "magScaleRe": "WC1994", "SS": 35.0, "NF": 50.0, "TF": 15.0, "MINDEPTH": 7.0, "MAXDEPTH": 13.0, "HYPODEPTH1": 8.0, "HYPODEPTH2": 9.0, "HYPODEPTH3": 10.0, "WHDEPTH1": 0.1, "WHDEPTH2": 0.4, "WHDEPTH3": 0.5, "WMAXMAG01": 0.5, "WMAXMAG02": 0.4, "WMAXMAG03": 0.1, "MAXMAG01": 6.3, "MAXMAG02": 6.6, "MAXMAG03": 6.9, "STRIKE1": 0.0, "STRIKE2": 0.0, "STRIKE3": 0.0, "STRIKE4": 0.0, "DIP1": 89.99, "DIP2": 0.0, "DIP3": 0.0, "DIP4": 0.0, "aspRatio": 1.0, "mfd_bin": 0.2, "a_val": 2.3077281214699998, "a_hi": 2.3970363752899999, "a_mid": 2.3078186304399999, "a_lo": 2.2186008856, "sigma_a": 0.17026414355399999, "b_val": 1.0000587032799999, "b_hi": 1.0619588073899999, "b_mid": 1.0000587032799999, "b_lo": 0.938158599165, "sigma_b": 0.037738436719599998, "cum_cov_ab": 0.054321, "MCORNERP1": 6.0, "MCORNERP2": 6.2, "MCORNERP3": 6.4, "MAXMAGP1": 5.8, "MAXMAGP2": 5.8, "utsu_bval2": 0.0, "utsu_aval": 0.0, "utsu_Minfl": 0.0, "FID_gras26": -1, "Shape_Leng": 924414.75255099998, "Shape_Area": 37202223257.699997 }, "geometry": { "type": "Polygon", "coordinates": [ [ [ 5.797137850714953, 50.898204427023181, 0.0 ], [ 5.309201000546719, 50.702898999891289, 0.0 ], [ 5.011493000233082, 50.601025999776382, 0.0 ], [ 4.597317000401912, 50.553532999673799, 0.0 ], [ 3.646811999471788, 50.55371999955625, 0.0 ], [ 1.978133000167341, 51.00334199978532, 0.0 ], [ 2.4970240001924, 51.303022000046411, 0.0 ], [ 3.432394999987606, 51.429624000021448, 0.0 ], [ 3.83609400076238, 51.243411999973553, 0.0 ], [ 5.400346999577951, 50.993668999788198, 0.0 ], [ 5.797137850714953, 50.898204427023181, 0.0 ] ] ] } },
{ "type": "Feature", "properties": { "FID_gras38": -1, "FID_gras24": -1, "FID_gras_1": -1, "FID_eshm20": 34, "ZONE_ID": "BGAS043", "areakm2": 34587.405370599998, "tctCluster": "Shallow Default", "CSZ_ID": "SZ17", "TECTO_ID": "TSZ068", "magScaleRe": "WC1994", "SS": 20.0, "NF": 60.0, "TF": 20.0, "MINDEPTH": 0.0, "MAXDEPTH": 20.0, "HYPODEPTH1": 2.0, "HYPODEPTH2": 10.0, "HYPODEPTH3": 12.0, "WHDEPTH1": 0.1, "WHDEPTH2": 0.4, "WHDEPTH3": 0.5, "WMAXMAG01": 0.5, "WMAXMAG02": 0.4, "WMAXMAG03": 0.1, "MAXMAG01": 7.5, "MAXMAG02": 7.8, "MAXMAG03": 8.1, "STRIKE1": 79.961089, "STRIKE2": 109.902978, "STRIKE3": 0.0, "STRIKE4": 278.921435, "DIP1": 47.653722, "DIP2": 57.790067, "DIP3": 0.0, "DIP4": 57.603435, "aspRatio": 1.0, "mfd_bin": 0.2, "a_val": 2.563, "a_hi": 2.6292219370900001, "a_mid": 2.562822994, "a_lo": 2.4964240509, "sigma_a": 0.092995184585199994, "b_val": 0.74, "b_hi": 0.78363953378700002, "b_mid": 0.74, "b_lo": 0.69636046621299996, "sigma_b": 0.018756912458299999, "cum_cov_ab": 0.054321, "MCORNERP1": 7.2, "MCORNERP2": 7.4, "MCORNERP3": 7.6, "MAXMAGP1": 7.4, "MAXMAGP2": 7.6, "utsu_bval2": 0.0, "utsu_aval": 0.0, "utsu_Minfl": 0.0, "FID_gras26": -1, "Shape_Leng": 986937.47312400001, "Shape_Area": 47885263785.400002 }, "geometry": { "type": "Polygon", "coordinates": [ [ [ 29.114370415318476, 43.977369063232324, 0.0 ], [ 28.585783048625654, 43.179957704504325, 0.0 ], [ 26.472709999838298, 43.250340000009238, 0.0 ], [ 26.248500999939523, 43.586276000419915, 0.0 ], [ 25.41748024211201, 43.758960493864429, 0.0 ], [ 26.341147473854438, 44.11062788047154, 0.0 ], [ 26.574737807539012, 44.420812348160844, 0.0 ], [ 29.114370415318476, 43.977369063232324, 0.0 ] ] ] } },
{ "type": "Feature", "properties": { "FID_gras38": -1, "FID_gras24": -1, "FID_gras_1": -1, "FID_eshm20": 35, "ZONE_ID": "BGAS044", "areakm2": 13556.304457800001, "tctCluster": "Shallow Default", "CSZ_ID": "SZ17", "TECTO_ID": "TSZ068", "magScaleRe": "WC1994", "SS": 20.0, "NF": 60.0, "TF": 20.0, "MINDEPTH": 0.0, "MAXDEPTH": 20.0, "HYPODEPTH1": 2.0, "HYPODEPTH2": 10.0, "HYPODEPTH3": 18.0, "WHDEPTH1": 0.1, "WHDEPTH2": 0.4, "WHDEPTH3": 0.5, "WMAXMAG01": 0.5, "WMAXMAG02": 0.4, "WMAXMAG03": 0.1, "MAXMAG01": 7.5, "MAXMAG02": 7.8, "MAXMAG03": 8.1, "STRIKE1": 79.961089, "STRIKE2": 109.902978, "STRIKE3": 0.0, "STRIKE4": 278.921435, "DIP1": 47.653722, "DIP2": 57.790067, "DIP3": 0.0, "DIP4": 57.603435, "aspRatio": 1.0, "mfd_bin": 0.2, "a_val": 2.75, "a_hi": 2.8243807674900001, "a_mid": 2.7500319423000001, "a_lo": 2.6756831171000002, "sigma_a": 0.061423452801700001, "b_val": 1.0, "b_hi": 1.07417365162, "b_mid": 1.0, "b_lo": 0.92582634837800004, "sigma_b": 0.0541876687535, "cum_cov_ab": 0.054321, "MCORNERP1": 6.0, "MCORNERP2": 6.2, "MCORNERP3": 6.4, "MAXMAGP1": 6.0, "MAXMAGP2": 6.2, "utsu_bval2": 0.0, "utsu_aval": 0.0, "utsu_Minfl": 0.0, "FID_gras26": -1, "Shape_Leng": 653728.82245500002, "Shape_Area": 18524864007.799999 }, "geometry": { "type": "Polygon", "coordinates": [ [ [ 28.585783048625654, 43.179957704504325, 0.0 ], [ 28.221563197177606, 42.630506344046701, 0.0 ], [ 26.87221895898892, 42.756969851962964, 0.0 ], [ 26.057106577918972, 42.797302657669171, 0.0 ], [ 26.472709999838298, 43.250340000009238, 0.0 ], [ 28.585783048625654, 43.179957704504325, 0.0 ] ] ] } },
{ "type": "Feature", "properties": { "FID_gras38": -1, "FID_gras24": -1, "FID_gras_1": -1, "FID_eshm20": 36, "ZONE_ID": "BGAS045", "areakm2": 24396.841963800001, "tctCluster": "Shallow Default", "CSZ_ID": "SZ17", "TECTO_ID": "TSZ068", "magScaleRe": "WC1994", "SS": 20.0, "NF": 60.0, "TF": 20.0, "MINDEPTH": 0.0, "MAXDEPTH": 20.0, "HYPODEPTH1": 2.0, "HYPODEPTH2": 10.0, "HYPODEPTH3": 18.0, "WHDEPTH1": 0.1, "WHDEPTH2": 0.4, "WHDEPTH3": 0.5, "WMAXMAG01": 0.5, "WMAXMAG02": 0.4, "WMAXMAG03": 0.1, "MAXMAG01": 7.2, "MAXMAG02": 7.5, "MAXMAG03": 7.8, "STRIKE1": 65.014512, "STRIKE2": 0.0, "STRIKE3": 269.761667, "STRIKE4": 274.20195, "DIP1": 57.650857, "DIP2": 0.0, "DIP3": 43.679, "DIP4": 43.756425, "aspRatio": 1.0, "mfd_bin": 0.2, "a_val": 2.05, "a_hi": 2.1027816102500001, "a_mid": 2.0499532765700001, "a_lo": 1.9971249429, "sigma_a": 0.061423452801700001, "b_val": 1.0, "b_hi": 1.1043545928, "b_mid": 1.0, "b_lo": 0.8956454072, "sigma_b": 0.107256663388, "cum_cov_ab": 0.054321, "MCORNERP1": 6.0, "MCORNERP2": 6.2, "MCORNERP3": 6.4, "MAXMAGP1": 5.6, "MAXMAGP2": 5.6, "utsu_bval2": 0.0, "utsu_aval": 0.0, "utsu_Minfl": 0.0, "FID_gras26": -1, "Shape_Leng": 1114342.2026800001, "Shape_Area": 33596489033.700001 }, "geometry": { "type": "Polygon", "coordinates": [ [ [ 25.41748024211201, 43.758960493864429, 0.0 ], [ 26.248500999939523, 43.586276000419915, 0.0 ], [ 25.189127514131904, 43.26169574394914, 0.0 ], [ 25.186954254999321, 42.84035890971959, 0.0 ], [ 24.036908822813992, 42.922159500090807, 0.0 ], [ 22.98920976967527, 43.479551838668819, 0.0 ], [ 22.170000000117902, 43.869999999965252, 0.0 ], [ 22.339999999804782, 44.259999999217285, 0.0 ], [ 22.982133900082388, 43.899999999585425, 0.0 ], [ 23.982133900142784, 43.599999999809746, 0.0 ], [ 24.91571897189807, 43.544379770682568, 0.0 ], [ 25.41748024211201, 43.758960493864429, 0.0 ] ] ] } },
{ "type": "Feature", "properties": { "FID_gras38": -1, "FID_gras24": -1, "FID_gras_1": -1, "FID_eshm20": 37, "ZONE_ID": "BGAS046", "areakm2": 17329.7761517, "tctCluster": "Shallow Default", "CSZ_ID": "SZ17", "TECTO_ID": "TSZ022", "magScaleRe": "WC1994", "SS": 20.0, "NF": 60.0, "TF": 20.0, "MINDEPTH": 0.0, "MAXDEPTH": 20.0, "HYPODEPTH1": 2.0, "HYPODEPTH2": 10.0, "HYPODEPTH3": 12.0, "WHDEPTH1": 0.1, "WHDEPTH2": 0.4, "WHDEPTH3": 0.5, "WMAXMAG01": 0.5, "WMAXMAG02": 0.4, "WMAXMAG03": 0.1, "MAXMAG01": 7.3, "MAXMAG02": 7.6, "MAXMAG03": 7.9, "STRIKE1": 87.689929, "STRIKE2": 95.354095, "STRIKE3": 267.4575, "STRIKE4": 291.118733, "DIP1": 47.769857, "DIP2": 47.603284, "DIP3": 47.6045, "DIP4": 44.80055, "aspRatio": 1.0, "mfd_bin": 0.2, "a_val": 2.64, "a_hi": 2.6757943347699999, "a_mid": 2.6402245034299998, "a_lo": 2.6046546720800001, "sigma_a": 0.061397903679199999, "b_val": 0.73, "b_hi": 0.76524672253199999, "b_mid": 0.73, "b_lo": 0.69475327746799997, "sigma_b": 0.012235976279400001, "cum_cov_ab": 0.054321, "MCORNERP1": 7.2, "MCORNERP2": 7.4, "MCORNERP3": 7.6, "MAXMAGP1": 7.4, "MAXMAGP2": 7.6, "utsu_bval2": 0.0, "utsu_aval": 0.0, "utsu_Minfl": 0.0, "FID_gras26": -1, "Shape_Leng": 805367.52714599995, "Shape_Area": 23316928315.099998 }, "geometry": { "type": "Polygon", "coordinates": [ [ [ 26.529133194511939, 42.093000978588996, 0.0 ], [ 26.740063736258719, 41.580518325895909, 0.0 ], [ 26.102600000175148, 41.523399999425159, 0.0 ], [ 24.137565086332202, 42.150216130773622, 0.0 ], [ 23.614688518309716, 42.287892869672298, 0.0 ], [ 23.763797281579418, 42.523952633515556, 0.0 ], [ 24.765290570899584, 42.367922069075952, 0.0 ], [ 25.521221766778563, 42.281300144962572, 0.0 ], [ 26.529133194511939, 42.093000978588996, 0.0 ] ] ] } },
{ "type": "Feature", "properties": { "FID_gras38": -1, "FID_gras24": -1, "FID_gras_1": -1, "FID_eshm20": 38, "ZONE_ID": "BGAS049", "areakm2": 8560.45447504, "tctCluster": "Shallow Default", "CSZ_ID": "SZ17", "TECTO_ID": "TSZ068", "magScaleRe": "WC1994", "SS": 20.0, "NF": 60.0, "TF": 20.0, "MINDEPTH": 0.0, "MAXDEPTH": 20.0, "HYPODEPTH1": 2.0, "HYPODEPTH2": 10.0, "HYPODEPTH3": 18.0, "WHDEPTH1": 0.1, "WHDEPTH2": 0.4, "WHDEPTH3": 0.5, "WMAXMAG01": 0.5, "WMAXMAG02": 0.4, "WMAXMAG03": 0.1, "MAXMAG01": 7.2, "MAXMAG02": 7.5, "MAXMAG03": 7.8, "STRIKE1": 65.014512, "STRIKE2": 0.0, "STRIKE3": 269.761667, "STRIKE4": 274.20195, "DIP1": 57.650857, "DIP2": 0.0, "DIP3": 43.679, "DIP4": 43.756425, "aspRatio": 1.0, "mfd_bin": 0.2, "a_val": 2.08, "a_hi": 2.1821420810899999, "a_mid": 2.0799366732600002, "a_lo": 1.9777312654400001, "sigma_a": 0.14504410289899999, "b_val": 0.74, "b_hi": 0.79452628077499998, "b_mid": 0.74, "b_lo": 0.685473719225, "sigma_b": 0.0292828200142, "cum_cov_ab": 0.054321, "MCORNERP1": 6.9, "MCORNERP2": 7.1, "MCORNERP3": 7.3, "MAXMAGP1": 7.0, "MAXMAGP2": 7.2, "utsu_bval2": 0.0, "utsu_aval": 0.0, "utsu_Minfl": 0.0, "FID_gras26": -1, "Shape_Leng": 429541.50391799997, "Shape_Area": 11734722714.5 }, "geometry": { "type": "Polygon", "coordinates": [ [ [ 26.472709999838298, 43.250340000009238, 0.0 ], [ 26.057106577918972, 42.797302657669171, 0.0 ], [ 25.186954254999321, 42.84035890971959, 0.0 ], [ 25.189127514131904, 43.26169574394914, 0.0 ], [ 26.248500999939523, 43.586276000419915, 0.0 ], [ 26.472709999838298, 43.250340000009238, 0.0 ] ] ] } },
{ "type": "Feature", "properties": { "FID_gras38": -1, "FID_gras24": -1, "FID_gras_1": -1, "FID_eshm20": 39, "ZONE_ID": "BGAS051", "areakm2": 10326.5133393, "tctCluster": "Shallow Default", "CSZ_ID": "SZ17", "TECTO_ID": "TSZ023", "magScaleRe": "WC1994", "SS": 20.0, "NF": 60.0, "TF": 20.0, "MINDEPTH": 0.0, "MAXDEPTH": 20.0, "HYPODEPTH1": 2.0, "HYPODEPTH2": 10.0, "HYPODEPTH3": 18.0, "WHDEPTH1": 0.1, "WHDEPTH2": 0.4, "WHDEPTH3": 0.5, "WMAXMAG01": 0.5, "WMAXMAG02": 0.4, "WMAXMAG03": 0.1, "MAXMAG01": 7.3, "MAXMAG02": 7.6, "MAXMAG03": 7.9, "STRIKE1": 79.33825, "STRIKE2": 107.218621, "STRIKE3": 229.734133, "STRIKE4": 303.919385, "DIP1": 57.634, "DIP2": 57.998, "DIP3": 55.7506, "DIP4": 55.537077, "aspRatio": 1.0, "mfd_bin": 0.2, "a_val": 2.84, "a_hi": 2.9385023237299999, "a_mid": 2.8399472987399998, "a_lo": 2.7413922737499998, "sigma_a": 0.158599330796, "b_val": 0.89, "b_hi": 0.95152686017200006, "b_mid": 0.89, "b_lo": 0.82847313982799997, "sigma_b": 0.037284699964499998, "cum_cov_ab": 0.054321, "MCORNERP1": 6.2, "MCORNERP2": 6.4, "MCORNERP3": 6.6, "MAXMAGP1": 6.4, "MAXMAGP2": 6.6, "utsu_bval2": 0.0, "utsu_aval": 0.0, "utsu_Minfl": 0.0, "FID_gras26": -1, "Shape_Leng": 607662.21089500003, "Shape_Area": 13838254635.9 }, "geometry": { "type": "Polygon", "coordinates": [ [ [ 26.102600000175148, 41.523399999425159, 0.0 ], [ 26.146363566333086, 41.249474322061303, 0.0 ], [ 25.45629288641365, 41.364102551344942, 0.0 ], [ 24.501914515268439, 41.522635157044903, 0.0 ], [ 23.851899999532129, 42.029400000399598, 0.0 ], [ 24.137565086332202, 42.150216130773622, 0.0 ], [ 26.102600000175148, 41.523399999425159, 0.0 ] ] ] } },
{ "type": "Feature", "properties": { "FID_gras38": -1, "FID_gras24": -1, "FID_gras_1": -1, "FID_eshm20": 40, "ZONE_ID": "BGAS052", "areakm2": 6650.5337002099996, "tctCluster": "Shallow Default", "CSZ_ID": "SZ17", "TECTO_ID": "TSZ023", "magScaleRe": "WC1994", "SS": 20.0, "NF": 60.0, "TF": 20.0, "MINDEPTH": 0.0, "MAXDEPTH": 20.0, "HYPODEPTH1": 2.0, "HYPODEPTH2": 10.0, "HYPODEPTH3": 18.0, "WHDEPTH1": 0.1, "WHDEPTH2": 0.4, "WHDEPTH3": 0.5, "WMAXMAG01": 0.5, "WMAXMAG02": 0.4, "WMAXMAG03": 0.1, "MAXMAG01": 7.3, "MAXMAG02": 7.6, "MAXMAG03": 7.9, "STRIKE1": 79.33825, "STRIKE2": 107.218621, "STRIKE3": 229.734133, "STRIKE4": 303.919385, "DIP1": 57.634, "DIP2": 57.998, "DIP3": 55.7506, "DIP4": 55.537077, "aspRatio": 1.0, "mfd_bin": 0.2, "a_val": 2.89, "a_hi": 2.9898467823, "a_mid": 2.8899757875800001, "a_lo": 2.7901047928599998, "sigma_a": 0.16578943117100001, "b_val": 0.89, "b_hi": 0.95335181660199997, "b_mid": 0.89, "b_lo": 0.82664818339799995, "sigma_b": 0.039529315350600003, "cum_cov_ab": 0.054321, "MCORNERP1": 6.2, "MCORNERP2": 6.4, "MCORNERP3": 6.6, "MAXMAGP1": 6.4, "MAXMAGP2": 6.6, "utsu_bval2": 0.0, "utsu_aval": 0.0, "utsu_Minfl": 0.0, "FID_gras26": -1, "Shape_Leng": 421212.54395800002, "Shape_Area": 8903649412.0300007 }, "geometry": { "type": "Polygon", "coordinates": [ [ [ 24.501914515268439, 41.522635157044903, 0.0 ], [ 23.571982552210493, 41.366510724240612, 0.0 ], [ 22.879216999202221, 41.618406000079254, 0.0 ], [ 23.352132149324181, 41.788292056896097, 0.0 ], [ 23.851899999532129, 42.029400000399598, 0.0 ], [ 24.501914515268439, 41.522635157044903, 0.0 ] ] ] } },
{ "type": "Feature", "properties": { "FID_gras38": -1, "FID_gras24": -1, "FID_gras_1": -1, "FID_eshm20": 41, "ZONE_ID": "BGAS055", "areakm2": 10365.6278439, "tctCluster": "Shallow Default", "CSZ_ID": "SZ17", "TECTO_ID": "TSZ023", "magScaleRe": "WC1994", "SS": 20.0, "NF": 60.0, "TF": 20.0, "MINDEPTH": 0.0, "MAXDEPTH": 20.0, "HYPODEPTH1": 2.0, "HYPODEPTH2": 10.0, "HYPODEPTH3": 18.0, "WHDEPTH1": 0.1, "WHDEPTH2": 0.4, "WHDEPTH3": 0.5, "WMAXMAG01": 0.5, "WMAXMAG02": 0.4, "WMAXMAG03": 0.1, "MAXMAG01": 7.3, "MAXMAG02": 7.6, "MAXMAG03": 7.9, "STRIKE1": 79.33825, "STRIKE2": 107.218621, "STRIKE3": 229.734133, "STRIKE4": 303.919385, "DIP1": 57.634, "DIP2": 57.998, "DIP3": 55.7506, "DIP4": 55.537077, "aspRatio": 1.0, "mfd_bin": 0.2, "a_val": 2.85, "a_hi": 2.9020575023699999, "a_mid": 2.8501205328600001, "a_lo": 2.7981835633499998, "sigma_a": 0.093247335163599995, "b_val": 0.8, "b_hi": 0.84497784604399995, "b_mid": 0.8, "b_lo": 0.75502215395600003, "sigma_b": 0.019925005689900001, "cum_cov_ab": 0.054321, "MCORNERP1": 6.8, "MCORNERP2": 7.0, "MCORNERP3": 7.2, "MAXMAGP1": 7.0, "MAXMAGP2": 7.2, "utsu_bval2": 0.0, "utsu_aval": 0.0, "utsu_Minfl": 0.0, "FID_gras26": -1, "Shape_Leng": 515152.89111800003, "Shape_Area": 13961272242.700001 }, "geometry": { "type": "Polygon", "coordinates": [ [ [ 23.614688518309716, 42.287892869672298, 0.0 ], [ 24.137565086332202, 42.150216130773622, 0.0 ], [ 23.851899999532129, 42.029400000399598, 0.0 ], [ 23.352132149324181, 41.788292056896097, 0.0 ], [ 22.879216999202221, 41.618406000079254, 0.0 ], [ 22.15492471646326, 41.871741051186774, 0.0 ], [ 22.963633607048994, 42.459319784544775, 0.0 ], [ 23.614688518309716, 42.287892869672298, 0.0 ] ] ] } },
{ "type": "Feature", "properties": { "FID_gras38": -1, "FID_gras24": -1, "FID_gras_1": -1, "FID_eshm20": 42, "ZONE_ID": "BGAS056", "areakm2": 15070.560929900001, "tctCluster": "Shallow Default", "CSZ_ID": "SZ17", "TECTO_ID": "TSZ022", "magScaleRe": "WC1994", "SS": 20.0, "NF": 60.0, "TF": 20.0, "MINDEPTH": 0.0, "MAXDEPTH": 14.0, "HYPODEPTH1": 2.0, "HYPODEPTH2": 8.0, "HYPODEPTH3": 10.0, "WHDEPTH1": 0.1, "WHDEPTH2": 0.4, "WHDEPTH3": 0.5, "WMAXMAG01": 0.5, "WMAXMAG02": 0.4, "WMAXMAG03": 0.1, "MAXMAG01": 7.3, "MAXMAG02": 7.6, "MAXMAG03": 7.9, "STRIKE1": 54.4015, "STRIKE2": 110.194375, "STRIKE3": 0.0, "STRIKE4": 298.642235, "DIP1": 50.736398, "DIP2": 57.71475, "DIP3": 0.0, "DIP4": 66.256294, "aspRatio": 1.0, "mfd_bin": 0.2, "a_val": 2.36, "a_hi": 2.3657120481899998, "a_mid": 2.3598245648199998, "a_lo": 2.3539370814399998, "sigma_a": 0.01, "b_val": 0.73, "b_hi": 0.76186393639600003, "b_mid": 0.73, "b_lo": 0.69813606360400005, "sigma_b": 0.01, "cum_cov_ab": 0.054321, "MCORNERP1": 6.8, "MCORNERP2": 7.0, "MCORNERP3": 7.2, "MAXMAGP1": 7.0, "MAXMAGP2": 7.2, "utsu_bval2": 0.0, "utsu_aval": 0.0, "utsu_Minfl": 0.0, "FID_gras26": -1, "Shape_Leng": 676348.757124, "Shape_Area": 20617481111.200001 }, "geometry": { "type": "Polygon", "coordinates": [ [ [ 24.036908822813992, 42.922159500090807, 0.0 ], [ 23.763797281579418, 42.523952633515556, 0.0 ], [ 23.614688518309716, 42.287892869672298, 0.0 ], [ 22.963633607048994, 42.459319784544775, 0.0 ], [ 22.781971169897258, 42.975885565437885, 0.0 ], [ 22.420997265743992, 43.301494227949753, 0.0 ], [ 22.259584132500613, 43.454515013585066, 0.0 ], [ 22.170000000117902, 43.869999999965252, 0.0 ], [ 22.98920976967527, 43.479551838668819, 0.0 ], [ 24.036908822813992, 42.922159500090807, 0.0 ] ] ] } },
{ "type": "Feature", "properties": { "FID_gras38": -1, "FID_gras24": -1, "FID_gras_1": -1, "FID_eshm20": 43, "ZONE_ID": "BGAS057", "areakm2": 14451.1865495, "tctCluster": "Shallow Default", "CSZ_ID": "SZ23", "TECTO_ID": "TSZ101", "magScaleRe": "WC1994", "SS": 20.0, "NF": 60.0, "TF": 20.0, "MINDEPTH": 0.0, "MAXDEPTH": 20.0, "HYPODEPTH1": 2.0, "HYPODEPTH2": 10.0, "HYPODEPTH3": 18.0, "WHDEPTH1": 0.1, "WHDEPTH2": 0.4, "WHDEPTH3": 0.5, "WMAXMAG01": 0.5, "WMAXMAG02": 0.4, "WMAXMAG03": 0.1, "MAXMAG01": 7.3, "MAXMAG02": 7.6, "MAXMAG03": 7.9, "STRIKE1": 79.33825, "STRIKE2": 107.218621, "STRIKE3": 229.734133, "STRIKE4": 303.919385, "DIP1": 57.634, "DIP2": 57.998, "DIP3": 55.7506, "DIP4": 55.537077, "aspRatio": 1.0, "mfd_bin": 0.2, "a_val": 3.18, "a_hi": 3.2458437287200002, "a_mid": 3.18026231714, "a_lo": 3.1146809055600002, "sigma_a": 0.11174482044800001, "b_val": 0.87, "b_hi": 0.91947502234800005, "b_mid": 0.87, "b_lo": 0.82052497765200005, "sigma_b": 0.024108664044599999, "cum_cov_ab": 0.054321, "MCORNERP1": 6.8, "MCORNERP2": 7.0, "MCORNERP3": 7.2, "MAXMAGP1": 7.0, "MAXMAGP2": 7.2, "utsu_bval2": 0.0, "utsu_aval": 0.0, "utsu_Minfl": 0.0, "FID_gras26": -1, "Shape_Leng": 558425.15910399996, "Shape_Area": 19575492502.599998 }, "geometry": { "type": "Polygon", "coordinates": [ [ [ 22.963633607048994, 42.459319784544775, 0.0 ], [ 22.15492471646326, 41.871741051186774, 0.0 ], [ 21.377545352047136, 42.130952748790193, 0.0 ], [ 21.213102027975577, 42.269887796698242, 0.0 ], [ 21.142374186481753, 42.361525717723559, 0.0 ], [ 21.443869740053124, 42.486784226405405, 0.0 ], [ 21.738718000372174, 42.773206000116367, 0.0 ], [ 22.781971169897258, 42.975885565437885, 0.0 ], [ 22.963633607048994, 42.459319784544775, 0.0 ] ] ] } },
{ "type": "Feature", "properties": { "FID_gras38": -1, "FID_gras24": -1, "FID_gras_1": -1, "FID_eshm20": 44, "ZONE_ID": "BGAS058", "areakm2": 31537.823720699998, "tctCluster": "Shallow Default", "CSZ_ID": "SZ17", "TECTO_ID": "TSZ022", "magScaleRe": "WC1994", "SS": 20.0, "NF": 60.0, "TF": 20.0, "MINDEPTH": 0.0, "MAXDEPTH": 20.0, "HYPODEPTH1": 2.0, "HYPODEPTH2": 10.0, "HYPODEPTH3": 18.0, "WHDEPTH1": 0.1, "WHDEPTH2": 0.4, "WHDEPTH3": 0.5, "WMAXMAG01": 0.5, "WMAXMAG02": 0.4, "WMAXMAG03": 0.1, "MAXMAG01": 7.3, "MAXMAG02": 7.6, "MAXMAG03": 7.9, "STRIKE1": 77.465197, "STRIKE2": 101.129108, "STRIKE3": 267.72425, "STRIKE4": 293.628773, "DIP1": 47.117239, "DIP2": 47.713923, "DIP3": 47.586667, "DIP4": 48.9255, "aspRatio": 1.0, "mfd_bin": 0.2, "a_val": 2.01, "a_hi": 2.0187811516499998, "a_mid": 2.0101600858, "a_lo": 2.0015390199600001, "sigma_a": 0.02, "b_val": 0.73, "b_hi": 0.77506241100200002, "b_mid": 0.73, "b_lo": 0.68493758899799995, "sigma_b": 0.02, "cum_cov_ab": 0.104072587354, "MCORNERP1": 6.0, "MCORNERP2": 6.2, "MCORNERP3": 6.4, "MAXMAGP1": 6.4, "MAXMAGP2": 6.6, "utsu_bval2": 0.0, "utsu_aval": 0.0, "utsu_Minfl": 0.0, "FID_gras26": -1, "Shape_Leng": 1139370.3876199999, "Shape_Area": 42764226842.599998 }, "geometry": { "type": "Polygon", "coordinates": [ [ [ 25.186954254999321, 42.84035890971959, 0.0 ], [ 26.057106577918972, 42.797302657669171, 0.0 ], [ 26.87221895898892, 42.756969851962964, 0.0 ], [ 28.221563197177606, 42.630506344046701, 0.0 ], [ 28.268093839413648, 42.00141205908826, 0.0 ], [ 26.529133194511939, 42.093000978588996, 0.0 ], [ 25.521221766778563, 42.281300144962572, 0.0 ], [ 24.765290570899584, 42.367922069075952, 0.0 ], [ 23.763797281579418, 42.523952633515556, 0.0 ], [ 24.036908822813992, 42.922159500090807, 0.0 ], [ 25.186954254999321, 42.84035890971959, 0.0 ] ] ] } },
{ "type": "Feature", "properties": { "FID_gras38": -1, "FID_gras24": -1, "FID_gras_1": -1, "FID_eshm20": 45, "ZONE_ID": "BYAS061", "areakm2": 551160.68048700003, "tctCluster": "Craton", "CSZ_ID": "SZ31", "TECTO_ID": "TSZ026", "magScaleRe": "WC1994", "SS": 33.0, "NF": 33.0, "TF": 34.0, "MINDEPTH": 0.0, "MAXDEPTH": 25.0, "HYPODEPTH1": 8.0, "HYPODEPTH2": 10.0, "HYPODEPTH3": 15.0, "WHDEPTH1": 0.1, "WHDEPTH2": 0.4, "WHDEPTH3": 0.5, "WMAXMAG01": 0.5, "WMAXMAG02": 0.4, "WMAXMAG03": 0.1, "MAXMAG01": 6.3, "MAXMAG02": 6.6, "MAXMAG03": 6.9, "STRIKE1": 0.0, "STRIKE2": 0.0, "STRIKE3": 0.0, "STRIKE4": 0.0, "DIP1": 89.99, "DIP2": 0.0, "DIP3": 0.0, "DIP4": 0.0, "aspRatio": 1.0, "mfd_bin": 0.2, "a_val": 1.987, "a_hi": 1.9929948426299999, "a_mid": 1.98712865691, "a_lo": 1.98126247119, "sigma_a": 0.01, "b_val": 1.0, "b_hi": 1.0318639364, "b_mid": 1.0, "b_lo": 0.96813606360399995, "sigma_b": 0.01, "cum_cov_ab": 0.054321, "MCORNERP1": 6.0, "MCORNERP2": 6.2, "MCORNERP3": 6.4, "MAXMAGP1": 5.6, "MAXMAGP2": 5.6, "utsu_bval2": 0.0, "utsu_aval": 0.0, "utsu_Minfl": 0.0, "FID_gras26": -1, "Shape_Leng": 4322351.7134400001, "Shape_Area": 925423543813.0 }, "geometry": { "type": "Polygon", "coordinates": [ [ [ 28.200000000266666, 55.269999999497642, 0.0 ], [ 30.980871000430326, 52.007137999669467, 0.0 ], [ 24.120000000595063, 50.414999999975109, 0.0 ], [ 23.054000000465976, 51.093999999490883, 0.0 ], [ 22.378999999437024, 51.755999999374801, 0.0 ], [ 20.71999999967095, 52.216999999549628, 0.0 ], [ 20.064000000213444, 52.648999999653299, 0.0 ], [ 17.821558999799837, 53.607613000198349, 0.0 ], [ 15.788469000131297, 54.288083000184777, 0.0 ], [ 17.642200000241726, 54.755736999363471, 0.0 ], [ 19.656411000509348, 54.633632000337968, 0.0 ], [ 21.180000000884526, 54.519999999225092, 0.0 ], [ 22.310000000018569, 56.119999999754747, 0.0 ], [ 28.200000000266666, 55.269999999497642, 0.0 ] ] ] } },
{ "type": "Feature", "properties": { "FID_gras38": -1, "FID_gras24": -1, "FID_gras_1": -1, "FID_eshm20": 46, "ZONE_ID": "CHAS062", "areakm2": 3716.4636460800002, "tctCluster": "Shallow Default", "CSZ_ID": "SZ02", "TECTO_ID": "TSZ098", "magScaleRe": "WC1994", "SS": 70.0, "NF": 25.0, "TF": 5.0, "MINDEPTH": 6.0, "MAXDEPTH": 12.0, "HYPODEPTH1": 7.0, "HYPODEPTH2": 8.0, "HYPODEPTH3": 10.0, "WHDEPTH1": 0.3, "WHDEPTH2": 0.6, "WHDEPTH3": 0.1, "WMAXMAG01": 0.5, "WMAXMAG02": 0.4, "WMAXMAG03": 0.1, "MAXMAG01": 6.6, "MAXMAG02": 6.9, "MAXMAG03": 7.2, "STRIKE1": 50.111026, "STRIKE2": 0.0, "STRIKE3": 0.0, "STRIKE4": 0.0, "DIP1": 60.609308, "DIP2": 0.0, "DIP3": 0.0, "DIP4": 0.0, "aspRatio": 1.0, "mfd_bin": 0.2, "a_val": 2.16, "a_hi": 2.1630399406, "a_mid": 2.16034257452, "a_lo": 2.15764520844, "sigma_a": 0.01, "b_val": 0.8, "b_hi": 0.83186393639599998, "b_mid": 0.8, "b_lo": 0.768136063604, "sigma_b": 0.01, "cum_cov_ab": 0.119936767299, "MCORNERP1": 6.0, "MCORNERP2": 6.2, "MCORNERP3": 6.4, "MAXMAGP1": 6.2, "MAXMAGP2": 6.4, "utsu_bval2": 0.0, "utsu_aval": 0.0, "utsu_Minfl": 0.0, "FID_gras26": -1, "Shape_Leng": 358903.10008800001, "Shape_Area": 5367901616.1599998 }, "geometry": { "type": "Polygon", "coordinates": [ [ [ 7.756516317555547, 46.432529781562515, 0.0 ], [ 7.707316583879341, 46.316056941632425, 0.0 ], [ 7.248714000125104, 46.123317000092356, 0.0 ], [ 6.928799999924222, 45.925567999932788, 0.0 ], [ 6.798039000244213, 45.799735999785796, 0.0 ], [ 6.690018742387212, 45.870011779887491, 0.0 ], [ 6.531199999379896, 45.990300000068267, 0.0 ], [ 6.796552999914697, 46.180791999296495, 0.0 ], [ 7.404613999993306, 46.471333999389564, 0.0 ], [ 7.756516317555547, 46.432529781562515, 0.0 ] ] ] } },
{ "type": "Feature", "properties": { "FID_gras38": -1, "FID_gras24": -1, "FID_gras_1": -1, "FID_eshm20": 47, "ZONE_ID": "CHAS063", "areakm2": 7280.4120685600001, "tctCluster": "Shallow Default", "CSZ_ID": "SZ02", "TECTO_ID": "TSZ098", "magScaleRe": "WC1994", "SS": 70.0, "NF": 25.0, "TF": 5.0, "MINDEPTH": 6.0, "MAXDEPTH": 12.0, "HYPODEPTH1": 7.0, "HYPODEPTH2": 8.0, "HYPODEPTH3": 10.0, "WHDEPTH1": 0.3, "WHDEPTH2": 0.6, "WHDEPTH3": 0.1, "WMAXMAG01": 0.5, "WMAXMAG02": 0.4, "WMAXMAG03": 0.1, "MAXMAG01": 6.6, "MAXMAG02": 6.9, "MAXMAG03": 7.2, "STRIKE1": 71.7695, "STRIKE2": 94.786667, "STRIKE3": 0.0, "STRIKE4": 0.0, "DIP1": 60.708, "DIP2": 61.537222, "DIP3": 0.0, "DIP4": 0.0, "aspRatio": 1.0, "mfd_bin": 0.2, "a_val": 2.8, "a_hi": 2.7771743146199999, "a_mid": 2.8000397661799998, "a_lo": 2.8229052177399998, "sigma_a": 0.01, "b_val": 0.92, "b_hi": 0.95186393639599998, "b_mid": 0.92, "b_lo": 0.88813606360399999, "sigma_b": 0.01, "cum_cov_ab": 0.054321, "MCORNERP1": 6.4, "MCORNERP2": 6.6, "MCORNERP3": 6.8, "MAXMAGP1": 6.6, "MAXMAGP2": 6.6, "utsu_bval2": 0.0, "utsu_aval": 0.0, "utsu_Minfl": 0.0, "FID_gras26": -1, "Shape_Leng": 590227.84588699997, "Shape_Area": 10483142849.799999 }, "geometry": { "type": "Polygon", "coordinates": [ [ [ 7.998287535769061, 46.034895061764438, 0.0 ], [ 7.30225667317837, 45.840104123101078, 0.0 ], [ 6.984382868260311, 45.622611519147739, 0.0 ], [ 6.706062012862788, 45.332241782977519, 0.0 ], [ 6.649653464321522, 45.684552552492356, 0.0 ], [ 6.690018742387212, 45.870011779887491, 0.0 ], [ 6.798039000244213, 45.799735999785796, 0.0 ], [ 6.928799999924222, 45.925567999932788, 0.0 ], [ 7.248714000125104, 46.123317000092356, 0.0 ], [ 7.707316583879341, 46.316056941632425, 0.0 ], [ 7.756516317555547, 46.432529781562515, 0.0 ], [ 8.249999999600174, 46.489999999800112, 0.0 ], [ 8.369293038091188, 46.374552224456565, 0.0 ], [ 7.998287535769061, 46.034895061764438, 0.0 ] ] ] } },
{ "type": "Feature", "properties": { "FID_gras38": -1, "FID_gras24": -1, "FID_gras_1": -1, "FID_eshm20": 48, "ZONE_ID": "CHAS064", "areakm2": 3897.7019865900002, "tctCluster": "Shallow Default", "CSZ_ID": "SZ02", "TECTO_ID": "TSZ089", "magScaleRe": "WC1994", "SS": 70.0, "NF": 25.0, "TF": 5.0, "MINDEPTH": 6.0, "MAXDEPTH": 12.0, "HYPODEPTH1": 7.0, "HYPODEPTH2": 8.0, "HYPODEPTH3": 10.0, "WHDEPTH1": 0.3, "WHDEPTH2": 0.6, "WHDEPTH3": 0.1, "WMAXMAG01": 0.5, "WMAXMAG02": 0.4, "WMAXMAG03": 0.1, "MAXMAG01": 6.6, "MAXMAG02": 6.9, "MAXMAG03": 7.2, "STRIKE1": 0.0, "STRIKE2": 0.0, "STRIKE3": 0.0, "STRIKE4": 0.0, "DIP1": 89.99, "DIP2": 0.0, "DIP3": 0.0, "DIP4": 0.0, "aspRatio": 1.0, "mfd_bin": 0.2, "a_val": 2.62, "a_hi": 2.6289334588700002, "a_mid": 2.6200313781700002, "a_lo": 2.6111292974800002, "sigma_a": 0.02, "b_val": 0.98, "b_hi": 1.0118639364, "b_mid": 0.98, "b_lo": 0.94813606360400005, "sigma_b": 0.01, "cum_cov_ab": 0.054321, "MCORNERP1": 6.2, "MCORNERP2": 6.4, "MCORNERP3": 6.6, "MAXMAGP1": 6.2, "MAXMAGP2": 6.2, "utsu_bval2": 0.0, "utsu_aval": 0.0, "utsu_Minfl": 0.0, "FID_gras26": -1, "Shape_Leng": 311199.36099399999, "Shape_Area": 5073734366.71 }, "geometry": { "type": "Polygon", "coordinates": [ [ [ 10.189968521384422, 46.909990074840898, 0.0 ], [ 9.469999999889485, 46.409999999897067, 0.0 ], [ 9.410000000317059, 46.470000000245463, 0.0 ], [ 9.345004083174079, 46.762400188460582, 0.0 ], [ 9.25463722532813, 46.938364542213989, 0.0 ], [ 9.823629751691945, 46.995430683695673, 0.0 ], [ 10.189968521384422, 46.909990074840898, 0.0 ] ] ] } },
{ "type": "Feature", "properties": { "FID_gras38": -1, "FID_gras24": -1, "FID_gras_1": -1, "FID_eshm20": 49, "ZONE_ID": "CHAS065", "areakm2": 6675.88865386, "tctCluster": "Shallow Default", "CSZ_ID": "SZ02", "TECTO_ID": "TSZ089", "magScaleRe": "WC1994", "SS": 70.0, "NF": 25.0, "TF": 5.0, "MINDEPTH": 6.0, "MAXDEPTH": 12.0, "HYPODEPTH1": 7.0, "HYPODEPTH2": 8.0, "HYPODEPTH3": 10.0, "WHDEPTH1": 0.3, "WHDEPTH2": 0.6, "WHDEPTH3": 0.1, "WMAXMAG01": 0.5, "WMAXMAG02": 0.4, "WMAXMAG03": 0.1, "MAXMAG01": 6.6, "MAXMAG02": 6.9, "MAXMAG03": 7.2, "STRIKE1": 0.0, "STRIKE2": 0.0, "STRIKE3": 0.0, "STRIKE4": 0.0, "DIP1": 89.99, "DIP2": 0.0, "DIP3": 0.0, "DIP4": 0.0, "aspRatio": 1.0, "mfd_bin": 0.2, "a_val": 2.785, "a_hi": 2.9002345256900002, "a_mid": 2.7853581425699998, "a_lo": 2.6704817594599999, "sigma_a": 0.21519679984000001, "b_val": 0.99, "b_hi": 1.06228654151, "b_mid": 0.99, "b_lo": 0.91771345849499997, "sigma_b": 0.051465481523199998, "cum_cov_ab": 0.054321, "MCORNERP1": 6.0, "MCORNERP2": 6.2, "MCORNERP3": 6.4, "MAXMAGP1": 6.2, "MAXMAGP2": 6.2, "utsu_bval2": 0.0, "utsu_aval": 0.0, "utsu_Minfl": 0.0, "FID_gras26": -1, "Shape_Leng": 384796.736362, "Shape_Area": 9701761074.4400005 }, "geometry": { "type": "Polygon", "coordinates": [ [ [ 10.66000000039258, 46.67999999963849, 0.0 ], [ 10.543654362196587, 46.428033500045522, 0.0 ], [ 10.340454441510561, 46.221068293967164, 0.0 ], [ 9.662399999632344, 46.150099999493797, 0.0 ], [ 9.469999999889485, 46.409999999897067, 0.0 ], [ 10.189968521384422, 46.909990074840898, 0.0 ], [ 10.66000000039258, 46.67999999963849, 0.0 ] ] ] } },
{ "type": "Feature", "properties": { "FID_gras38": -1, "FID_gras24": -1, "FID_gras_1": -1, "FID_eshm20": 50, "ZONE_ID": "CHAS066", "areakm2": 3621.4417591599999, "tctCluster": "Shallow Default", "CSZ_ID": "SZ02", "TECTO_ID": "TSZ091", "magScaleRe": "WC1994", "SS": 70.0, "NF": 25.0, "TF": 5.0, "MINDEPTH": 6.0, "MAXDEPTH": 12.0, "HYPODEPTH1": 7.0, "HYPODEPTH2": 8.0, "HYPODEPTH3": 10.0, "WHDEPTH1": 0.3, "WHDEPTH2": 0.6, "WHDEPTH3": 0.1, "WMAXMAG01": 0.5, "WMAXMAG02": 0.4, "WMAXMAG03": 0.1, "MAXMAG01": 6.6, "MAXMAG02": 6.9, "MAXMAG03": 7.2, "STRIKE1": 0.0, "STRIKE2": 0.0, "STRIKE3": 0.0, "STRIKE4": 0.0, "DIP1": 89.99, "DIP2": 0.0, "DIP3": 0.0, "DIP4": 0.0, "aspRatio": 1.0, "mfd_bin": 0.2, "a_val": 1.478, "a_hi": 1.5319025185199999, "a_mid": 1.4780714776899999, "a_lo": 1.4242404368699999, "sigma_a": 0.061423452801700001, "b_val": 1.02, "b_hi": 1.12227528547, "b_mid": 1.02, "b_lo": 0.917724714527, "sigma_b": 0.103024982103, "cum_cov_ab": 0.054321, "MCORNERP1": 6.0, "MCORNERP2": 6.2, "MCORNERP3": 6.4, "MAXMAGP1": 5.0, "MAXMAGP2": 5.0, "utsu_bval2": 0.0, "utsu_aval": 0.0, "utsu_Minfl": 0.0, "FID_gras26": -1, "Shape_Leng": 302907.538176, "Shape_Area": 5272217028.2700005 }, "geometry": { "type": "Polygon", "coordinates": [ [ [ 8.339999999857145, 47.319999999632365, 0.0 ], [ 8.440000000042874, 47.11999999960063, 0.0 ], [ 8.209999999885236, 47.049999999378876, 0.0 ], [ 7.8800000004402, 46.879999999984072, 0.0 ], [ 7.538246053050618, 46.814980182263341, 0.0 ], [ 7.499009014066043, 47.149007275076769, 0.0 ], [ 8.090000000740352, 47.330000000057261, 0.0 ], [ 8.339999999857145, 47.319999999632365, 0.0 ] ] ] } },
{ "type": "Feature", "properties": { "FID_gras38": -1, "FID_gras24": -1, "FID_gras_1": -1, "FID_eshm20": 51, "ZONE_ID": "CHAS067", "areakm2": 10480.929882799999, "tctCluster": "Shallow Default", "CSZ_ID": "SZ02", "TECTO_ID": "TSZ091", "magScaleRe": "WC1994", "SS": 70.0, "NF": 25.0, "TF": 5.0, "MINDEPTH": 6.0, "MAXDEPTH": 12.0, "HYPODEPTH1": 7.0, "HYPODEPTH2": 8.0, "HYPODEPTH3": 10.0, "WHDEPTH1": 0.3, "WHDEPTH2": 0.6, "WHDEPTH3": 0.1, "WMAXMAG01": 0.5, "WMAXMAG02": 0.4, "WMAXMAG03": 0.1, "MAXMAG01": 6.6, "MAXMAG02": 6.9, "MAXMAG03": 7.2, "STRIKE1": 0.0, "STRIKE2": 0.0, "STRIKE3": 0.0, "STRIKE4": 0.0, "DIP1": 89.99, "DIP2": 0.0, "DIP3": 0.0, "DIP4": 0.0, "aspRatio": 1.0, "mfd_bin": 0.2, "a_val": 3.405, "a_hi": 3.4091652435199999, "a_mid": 3.40544053693, "a_lo": 3.4017158303400001, "sigma_a": 0.01, "b_val": 1.1, "b_hi": 1.1318639364, "b_mid": 1.1, "b_lo": 1.0681360636, "sigma_b": 0.01, "cum_cov_ab": 0.084957993568199996, "MCORNERP1": 6.0, "MCORNERP2": 6.2, "MCORNERP3": 6.4, "MAXMAGP1": 6.2, "MAXMAGP2": 6.2, "utsu_bval2": 0.0, "utsu_aval": 0.0, "utsu_Minfl": 0.0, "FID_gras26": -1, "Shape_Leng": 522379.74269699998, "Shape_Area": 15333679459.5 }, "geometry": { "type": "Polygon", "coordinates": [ [ [ 7.499009014066043, 47.149007275076769, 0.0 ], [ 7.53313400038181, 46.814007000182059, 0.0 ], [ 7.08715340393626, 46.607648581100676, 0.0 ], [ 6.670246999951835, 46.414742999835354, 0.0 ], [ 6.354995999880596, 46.211873000066184, 0.0 ], [ 6.304309501408577, 46.519538724925454, 0.0 ], [ 6.334134000032685, 46.8768030000534, 0.0 ], [ 6.347001000140145, 46.967473999837722, 0.0 ], [ 7.009145338698808, 47.369339246735848, 0.0 ], [ 7.181158862687724, 47.441254743563228, 0.0 ], [ 7.499009014066043, 47.149007275076769, 0.0 ] ] ] } },
{ "type": "Feature", "properties": { "FID_gras38": -1, "FID_gras24": -1, "FID_gras_1": -1, "FID_eshm20": 52, "ZONE_ID": "CHAS068", "areakm2": 3882.44165729, "tctCluster": "Shallow Default", "CSZ_ID": "SZ02", "TECTO_ID": "TSZ091", "magScaleRe": "WC1994", "SS": 70.0, "NF": 25.0, "TF": 5.0, "MINDEPTH": 6.0, "MAXDEPTH": 12.0, "HYPODEPTH1": 7.0, "HYPODEPTH2": 8.0, "HYPODEPTH3": 10.0, "WHDEPTH1": 0.3, "WHDEPTH2": 0.6, "WHDEPTH3": 0.1, "WMAXMAG01": 0.5, "WMAXMAG02": 0.4, "WMAXMAG03": 0.1, "MAXMAG01": 6.6, "MAXMAG02": 6.9, "MAXMAG03": 7.2, "STRIKE1": 0.0, "STRIKE2": 0.0, "STRIKE3": 0.0, "STRIKE4": 0.0, "DIP1": 89.99, "DIP2": 0.0, "DIP3": 0.0, "DIP4": 0.0, "aspRatio": 1.0, "mfd_bin": 0.2, "a_val": 1.9, "a_hi": 1.90598038934, "a_mid": 1.90004624032, "a_lo": 1.89411209129, "sigma_a": 0.01, "b_val": 1.02, "b_hi": 1.0518639364, "b_mid": 1.02, "b_lo": 0.98813606360399997, "sigma_b": 0.01, "cum_cov_ab": 0.054321, "MCORNERP1": 6.0, "MCORNERP2": 6.2, "MCORNERP3": 6.4, "MAXMAGP1": 5.4, "MAXMAGP2": 5.4, "utsu_bval2": 0.0, "utsu_aval": 0.0, "utsu_Minfl": 0.0, "FID_gras26": -1, "Shape_Leng": 349608.55689000001, "Shape_Area": 5628577129.3699999 }, "geometry": { "type": "Polygon", "coordinates": [ [ [ 6.354995999880596, 46.211873000066184, 0.0 ], [ 6.11849151165138, 45.913045858864614, 0.0 ], [ 5.987711310482181, 46.008942328589036, 0.0 ], [ 5.889000000165398, 46.176299999798196, 0.0 ], [ 5.882599999636077, 46.615600000184401, 0.0 ], [ 6.334134000032685, 46.8768030000534, 0.0 ], [ 6.304309501408577, 46.519538724925454, 0.0 ], [ 6.354995999880596, 46.211873000066184, 0.0 ] ] ] } },
{ "type": "Feature", "properties": { "FID_gras38": -1, "FID_gras24": -1, "FID_gras_1": -1, "FID_eshm20": 53, "ZONE_ID": "CHAS069", "areakm2": 9703.7030617300006, "tctCluster": "Shallow Default", "CSZ_ID": "SZ02", "TECTO_ID": "TSZ098", "magScaleRe": "WC1994", "SS": 70.0, "NF": 25.0, "TF": 5.0, "MINDEPTH": 6.0, "MAXDEPTH": 12.0, "HYPODEPTH1": 7.0, "HYPODEPTH2": 8.0, "HYPODEPTH3": 10.0, "WHDEPTH1": 0.3, "WHDEPTH2": 0.6, "WHDEPTH3": 0.1, "WMAXMAG01": 0.5, "WMAXMAG02": 0.4, "WMAXMAG03": 0.1, "MAXMAG01": 6.6, "MAXMAG02": 6.9, "MAXMAG03": 7.2, "STRIKE1": 0.0, "STRIKE2": 0.0, "STRIKE3": 0.0, "STRIKE4": 0.0, "DIP1": 89.99, "DIP2": 0.0, "DIP3": 0.0, "DIP4": 0.0, "aspRatio": 1.0, "mfd_bin": 0.2, "a_val": 2.45, "a_hi": 2.4544946432899999, "a_mid": 2.4495106176000001, "a_lo": 2.4445265919199999, "sigma_a": 0.01, "b_val": 0.9, "b_hi": 0.93186393639599996, "b_mid": 0.9, "b_lo": 0.86813606360399997, "sigma_b": 0.01, "cum_cov_ab": 0.063952221463400002, "MCORNERP1": 6.0, "MCORNERP2": 6.2, "MCORNERP3": 6.4, "MAXMAGP1": 6.2, "MAXMAGP2": 6.4, "utsu_bval2": 0.0, "utsu_aval": 0.0, "utsu_Minfl": 0.0, "FID_gras26": -1, "Shape_Leng": 639129.07261699997, "Shape_Area": 15865180843.6 }, "geometry": { "type": "Polygon", "coordinates": [ [ [ 10.218999999852125, 47.424000000026211, 0.0 ], [ 9.976600000465567, 47.183199999621721, 0.0 ], [ 9.823629751691945, 46.995430683695673, 0.0 ], [ 9.25463722532813, 46.938364542213989, 0.0 ], [ 9.006951045634718, 46.803996325120593, 0.0 ], [ 8.481879275332185, 46.74518828720371, 0.0 ], [ 7.959999999870112, 46.579999999768042, 0.0 ], [ 7.8800000004402, 46.879999999984072, 0.0 ], [ 8.209999999885236, 47.049999999378876, 0.0 ], [ 8.440000000042874, 47.11999999960063, 0.0 ], [ 9.01566708981607, 47.274479049430028, 0.0 ], [ 9.25714741557432, 47.34376030726775, 0.0 ], [ 9.701216999864807, 47.402688999537169, 0.0 ], [ 9.999999999705947, 47.47999999967795, 0.0 ], [ 10.218999999852125, 47.424000000026211, 0.0 ] ] ] } },
{ "type": "Feature", "properties": { "FID_gras38": -1, "FID_gras24": -1, "FID_gras_1": -1, "FID_eshm20": 54, "ZONE_ID": "CHAS070", "areakm2": 11975.257212300001, "tctCluster": "Shallow Default", "CSZ_ID": "SZ02", "TECTO_ID": "TSZ089", "magScaleRe": "WC1994", "SS": 70.0, "NF": 25.0, "TF": 5.0, "MINDEPTH": 6.0, "MAXDEPTH": 12.0, "HYPODEPTH1": 7.0, "HYPODEPTH2": 8.0, "HYPODEPTH3": 10.0, "WHDEPTH1": 0.3, "WHDEPTH2": 0.6, "WHDEPTH3": 0.1, "WMAXMAG01": 0.5, "WMAXMAG02": 0.4, "WMAXMAG03": 0.1, "MAXMAG01": 6.6, "MAXMAG02": 6.9, "MAXMAG03": 7.2, "STRIKE1": 0.0, "STRIKE2": 0.0, "STRIKE3": 0.0, "STRIKE4": 0.0, "DIP1": 89.99, "DIP2": 0.0, "DIP3": 0.0, "DIP4": 0.0, "aspRatio": 1.0, "mfd_bin": 0.2, "a_val": 2.35, "a_hi": 2.3591547834700002, "a_mid": 2.3501913232899998, "a_lo": 2.3412278631, "sigma_a": 0.02, "b_val": 0.96, "b_hi": 0.99186393639600001, "b_mid": 0.96, "b_lo": 0.92813606360400003, "sigma_b": 0.01, "cum_cov_ab": 0.054321, "MCORNERP1": 6.0, "MCORNERP2": 6.2, "MCORNERP3": 6.4, "MAXMAGP1": 6.0, "MAXMAGP2": 6.2, "utsu_bval2": 0.0, "utsu_aval": 0.0, "utsu_Minfl": 0.0, "FID_gras26": -1, "Shape_Leng": 661645.68751399999, "Shape_Area": 16380258681.700001 }, "geometry": { "type": "Polygon", "coordinates": [ [ [ 9.469999999889485, 46.409999999897067, 0.0 ], [ 9.662399999632344, 46.150099999493797, 0.0 ], [ 8.653387085545379, 46.080687732331093, 0.0 ], [ 7.998287535769061, 46.034895061764438, 0.0 ], [ 8.369293038091188, 46.374552224456565, 0.0 ], [ 8.249999999600174, 46.489999999800112, 0.0 ], [ 7.756516317555547, 46.432529781562515, 0.0 ], [ 7.959999999870112, 46.579999999768042, 0.0 ], [ 8.481879275332185, 46.74518828720371, 0.0 ], [ 9.006951045634718, 46.803996325120593, 0.0 ], [ 9.25463722532813, 46.938364542213989, 0.0 ], [ 9.345004083174079, 46.762400188460582, 0.0 ], [ 9.410000000317059, 46.470000000245463, 0.0 ], [ 9.469999999889485, 46.409999999897067, 0.0 ] ] ] } },
{ "type": "Feature", "properties": { "FID_gras38": -1, "FID_gras24": -1, "FID_gras_1": -1, "FID_eshm20": 55, "ZONE_ID": "CHAS071", "areakm2": 2030.2065118200001, "tctCluster": "Shallow Default", "CSZ_ID": "SZ02", "TECTO_ID": "TSZ091", "magScaleRe": "WC1994", "SS": 35.0, "NF": 50.0, "TF": 15.0, "MINDEPTH": 3.0, "MAXDEPTH": 17.0, "HYPODEPTH1": 4.0, "HYPODEPTH2": 10.0, "HYPODEPTH3": 15.0, "WHDEPTH1": 0.1, "WHDEPTH2": 0.4, "WHDEPTH3": 0.5, "WMAXMAG01": 0.5, "WMAXMAG02": 0.4, "WMAXMAG03": 0.1, "MAXMAG01": 6.9, "MAXMAG02": 7.2, "MAXMAG03": 7.5, "STRIKE1": 0.0, "STRIKE2": 0.0, "STRIKE3": 0.0, "STRIKE4": 0.0, "DIP1": 89.99, "DIP2": 0.0, "DIP3": 0.0, "DIP4": 0.0, "aspRatio": 1.0, "mfd_bin": 0.2, "a_val": 1.95, "a_hi": 1.95574354166, "a_mid": 1.9494747425800001, "a_lo": 1.94320594351, "sigma_a": 0.02, "b_val": 0.8, "b_hi": 0.83186393639599998, "b_mid": 0.8, "b_lo": 0.768136063604, "sigma_b": 0.01, "cum_cov_ab": 0.077774467052400001, "MCORNERP1": 6.6, "MCORNERP2": 6.8, "MCORNERP3": 7.0, "MAXMAGP1": 6.6, "MAXMAGP2": 6.8, "utsu_bval2": 0.0, "utsu_aval": 0.0, "utsu_Minfl": 0.0, "FID_gras26": -1, "Shape_Leng": 218101.22756900001, "Shape_Area": 3010777829.3699999 }, "geometry": { "type": "Polygon", "coordinates": [ [ [ 7.757154106135888, 47.425210308561496, 0.0 ], [ 7.582129999744835, 47.399999999466665, 0.0 ], [ 7.315103825907959, 47.450357800097152, 0.0 ], [ 7.434934052447263, 47.720846751754493, 0.0 ], [ 7.564709938925472, 47.799999999694506, 0.0 ], [ 7.899999999399389, 47.799999999694506, 0.0 ], [ 7.757154106135888, 47.425210308561496, 0.0 ] ] ] } },
{ "type": "Feature", "properties": { "FID_gras38": -1, "FID_gras24": -1, "FID_gras_1": -1, "FID_eshm20": 56, "ZONE_ID": "CHAS072", "areakm2": 3090.6178294000001, "tctCluster": "Shallow Default", "CSZ_ID": "SZ02", "TECTO_ID": "TSZ091", "magScaleRe": "WC1994", "SS": 70.0, "NF": 25.0, "TF": 5.0, "MINDEPTH": 3.0, "MAXDEPTH": 20.0, "HYPODEPTH1": 6.0, "HYPODEPTH2": 10.0, "HYPODEPTH3": 14.0, "WHDEPTH1": 0.1, "WHDEPTH2": 0.4, "WHDEPTH3": 0.5, "WMAXMAG01": 0.5, "WMAXMAG02": 0.4, "WMAXMAG03": 0.1, "MAXMAG01": 6.6, "MAXMAG02": 6.9, "MAXMAG03": 7.2, "STRIKE1": 0.0, "STRIKE2": 0.0, "STRIKE3": 0.0, "STRIKE4": 0.0, "DIP1": 89.99, "DIP2": 0.0, "DIP3": 0.0, "DIP4": 0.0, "aspRatio": 1.0, "mfd_bin": 0.2, "a_val": 2.049, "a_hi": 2.0548113752299999, "a_mid": 2.0489159970399999, "a_lo": 2.04302061885, "sigma_a": 0.01, "b_val": 1.02, "b_hi": 1.0518639364, "b_mid": 1.02, "b_lo": 0.98813606360399997, "sigma_b": 0.01, "cum_cov_ab": 0.054321, "MCORNERP1": 6.6, "MCORNERP2": 6.8, "MCORNERP3": 7.0, "MAXMAGP1": 5.6, "MAXMAGP2": 5.6, "utsu_bval2": 0.0, "utsu_aval": 0.0, "utsu_Minfl": 0.0, "FID_gras26": -1, "Shape_Leng": 352329.80957899999, "Shape_Area": 4564261121.4099998 }, "geometry": { "type": "Polygon", "coordinates": [ [ [ 8.329999999928418, 47.60999999993075, 0.0 ], [ 8.339999999857145, 47.319999999632365, 0.0 ], [ 8.090000000740352, 47.330000000057261, 0.0 ], [ 7.499009014066043, 47.149007275076769, 0.0 ], [ 7.181158862687724, 47.441254743563228, 0.0 ], [ 7.315103825907959, 47.450357800097152, 0.0 ], [ 7.582129999744835, 47.399999999466665, 0.0 ], [ 7.757154106135888, 47.425210308561496, 0.0 ], [ 8.269000000273259, 47.658000000314395, 0.0 ], [ 8.329999999928418, 47.60999999993075, 0.0 ] ] ] } },
{ "type": "Feature", "properties": { "FID_gras38": -1, "FID_gras24": -1, "FID_gras_1": -1, "FID_eshm20": 57, "ZONE_ID": "CHAS073", "areakm2": 4964.4275173799997, "tctCluster": "Shallow Default", "CSZ_ID": "SZ02", "TECTO_ID": "TSZ091", "magScaleRe": "WC1994", "SS": 90.0, "NF": 10.0, "TF": 0.0, "MINDEPTH": 3.0, "MAXDEPTH": 17.0, "HYPODEPTH1": 4.0, "HYPODEPTH2": 10.0, "HYPODEPTH3": 15.0, "WHDEPTH1": 0.1, "WHDEPTH2": 0.4, "WHDEPTH3": 0.5, "WMAXMAG01": 0.5, "WMAXMAG02": 0.4, "WMAXMAG03": 0.1, "MAXMAG01": 6.6, "MAXMAG02": 6.9, "MAXMAG03": 7.2, "STRIKE1": 0.0, "STRIKE2": 0.0, "STRIKE3": 0.0, "STRIKE4": 0.0, "DIP1": 89.99, "DIP2": 0.0, "DIP3": 0.0, "DIP4": 0.0, "aspRatio": 1.0, "mfd_bin": 0.2, "a_val": 2.63, "a_hi": 2.7581152893500001, "a_mid": 2.6300244696599999, "a_lo": 2.5019336499799998, "sigma_a": 0.163334048506, "b_val": 1.023, "b_hi": 1.10375171418, "b_mid": 1.023, "b_lo": 0.94224828581599995, "sigma_b": 0.064225079045700004, "cum_cov_ab": 0.101882556869, "MCORNERP1": 6.0, "MCORNERP2": 6.2, "MCORNERP3": 6.4, "MAXMAGP1": 6.0, "MAXMAGP2": 6.0, "utsu_bval2": 0.0, "utsu_aval": 0.0, "utsu_Minfl": 0.0, "FID_gras26": -1, "Shape_Leng": 391617.02447499998, "Shape_Area": 7336734224.4799995 }, "geometry": { "type": "Polygon", "coordinates": [ [ [ 9.701216999864807, 47.402688999537169, 0.0 ], [ 9.25714741557432, 47.34376030726775, 0.0 ], [ 9.01566708981607, 47.274479049430028, 0.0 ], [ 8.440000000042874, 47.11999999960063, 0.0 ], [ 8.339999999857145, 47.319999999632365, 0.0 ], [ 8.329999999928418, 47.60999999993075, 0.0 ], [ 8.734000000103734, 47.633000000042607, 0.0 ], [ 8.900999999542519, 47.629999999407715, 0.0 ], [ 9.067332999882812, 47.604000000257713, 0.0 ], [ 9.250999999743305, 47.554999999625792, 0.0 ], [ 9.701216999864807, 47.402688999537169, 0.0 ] ] ] } },
{ "type": "Feature", "properties": { "FID_gras38": -1, "FID_gras24": -1, "FID_gras_1": -1, "FID_eshm20": 58, "ZONE_ID": "CHAS074", "areakm2": 6602.4966096600001, "tctCluster": "Shallow Default", "CSZ_ID": "SZ02", "TECTO_ID": "TSZ098", "magScaleRe": "WC1994", "SS": 40.0, "NF": 40.0, "TF": 20.0, "MINDEPTH": 6.0, "MAXDEPTH": 12.0, "HYPODEPTH1": 7.0, "HYPODEPTH2": 12.0, "HYPODEPTH3": 10.0, "WHDEPTH1": 0.3, "WHDEPTH2": 0.6, "WHDEPTH3": 0.1, "WMAXMAG01": 0.5, "WMAXMAG02": 0.4, "WMAXMAG03": 0.1, "MAXMAG01": 6.6, "MAXMAG02": 6.9, "MAXMAG03": 7.2, "STRIKE1": 0.0, "STRIKE2": 0.0, "STRIKE3": 0.0, "STRIKE4": 0.0, "DIP1": 89.99, "DIP2": 0.0, "DIP3": 0.0, "DIP4": 0.0, "aspRatio": 1.0, "mfd_bin": 0.2, "a_val": 2.355, "a_hi": 2.36415696684, "a_mid": 2.3549680070300001, "a_lo": 2.3457790472100002, "sigma_a": 0.02, "b_val": 0.9, "b_hi": 0.93186393639599996, "b_mid": 0.9, "b_lo": 0.86813606360399997, "sigma_b": 0.01, "cum_cov_ab": 0.053058550291100001, "MCORNERP1": 6.0, "MCORNERP2": 6.2, "MCORNERP3": 6.4, "MAXMAGP1": 6.2, "MAXMAGP2": 6.2, "utsu_bval2": 0.0, "utsu_aval": 0.0, "utsu_Minfl": 0.0, "FID_gras26": -1, "Shape_Leng": 556035.24530800001, "Shape_Area": 9533928414.0300007 }, "geometry": { "type": "Polygon", "coordinates": [ [ [ 7.959999999870112, 46.579999999768042, 0.0 ], [ 7.756516317555547, 46.432529781562515, 0.0 ], [ 7.404613999993306, 46.471333999389564, 0.0 ], [ 6.796552999914697, 46.180791999296495, 0.0 ], [ 6.531199999379896, 45.990300000068267, 0.0 ], [ 6.11849151165138, 45.913045858864614, 0.0 ], [ 6.354995999880596, 46.211873000066184, 0.0 ], [ 6.670246999951835, 46.414742999835354, 0.0 ], [ 7.08715340393626, 46.607648581100676, 0.0 ], [ 7.53313400038181, 46.814007000182059, 0.0 ], [ 7.538246053050618, 46.814980182263341, 0.0 ], [ 7.539999999269808, 46.800000000140898, 0.0 ], [ 7.8800000004402, 46.879999999984072, 0.0 ], [ 7.959999999870112, 46.579999999768042, 0.0 ] ] ] } },
{ "type": "Feature", "properties": { "FID_gras38": -1, "FID_gras24": -1, "FID_gras_1": -1, "FID_eshm20": 59, "ZONE_ID": "CYAS074", "areakm2": 49204.337877899998, "tctCluster": "Shallow Default", "CSZ_ID": "SZ25", "TECTO_ID": "TSZ081", "magScaleRe": "WC1994", "SS": 50.0, "NF": 10.0, "TF": 40.0, "MINDEPTH": 0.0, "MAXDEPTH": 20.0, "HYPODEPTH1": 2.0, "HYPODEPTH2": 10.0, "HYPODEPTH3": 18.0, "WHDEPTH1": 0.1, "WHDEPTH2": 0.4, "WHDEPTH3": 0.5, "WMAXMAG01": 0.5, "WMAXMAG02": 0.4, "WMAXMAG03": 0.1, "MAXMAG01": 6.9, "MAXMAG02": 7.2, "MAXMAG03": 7.5, "STRIKE1": 0.0, "STRIKE2": 0.0, "STRIKE3": 0.0, "STRIKE4": 0.0, "DIP1": 89.99, "DIP2": 0.0, "DIP3": 0.0, "DIP4": 0.0, "aspRatio": 1.0, "mfd_bin": 0.2, "a_val": 3.83, "a_hi": 3.85229509312, "a_mid": 3.8300310951199998, "a_lo": 3.8077670971100002, "sigma_a": 0.02, "b_val": 0.9, "b_hi": 0.94506241100199995, "b_mid": 0.9, "b_lo": 0.85493758899799999, "sigma_b": 0.02, "cum_cov_ab": 0.0099019357682000007, "MCORNERP1": 6.0, "MCORNERP2": 6.2, "MCORNERP3": 6.4, "MAXMAGP1": 6.4, "MAXMAGP2": 6.6, "utsu_bval2": 0.0, "utsu_aval": 0.0, "utsu_Minfl": 0.0, "FID_gras26": -1, "Shape_Leng": 1090337.84718, "Shape_Area": 59826675616.800003 }, "geometry": { "type": "Polygon", "coordinates": [ [ [ 34.584220999981675, 35.33628899999168, 0.0 ], [ 35.12688499951598, 34.184955999635406, 0.0 ], [ 33.675922999519486, 33.897941000107558, 0.0 ], [ 32.647152999909316, 34.075748999465659, 0.0 ], [ 31.458924467265032, 34.480774278471578, 0.0 ], [ 31.106412946413119, 34.750741753211621, 0.0 ], [ 31.861582487712152, 35.452617442407124, 0.0 ], [ 33.070406000477718, 35.106608999588644, 0.0 ], [ 33.846431999917698, 35.124415999957506, 0.0 ], [ 34.584220999981675, 35.33628899999168, 0.0 ] ] ] } },
{ "type": "Feature", "properties": { "FID_gras38": -1, "FID_gras24": -1, "FID_gras_1": -1, "FID_eshm20": 60, "ZONE_ID": "CYAS075", "areakm2": 33440.7106719, "tctCluster": "Shallow Default", "CSZ_ID": "SZ25", "TECTO_ID": "TSZ081", "magScaleRe": "WC1994", "SS": 70.0, "NF": 0.0, "TF": 30.0, "MINDEPTH": 0.0, "MAXDEPTH": 20.0, "HYPODEPTH1": 2.0, "HYPODEPTH2": 10.0, "HYPODEPTH3": 18.0, "WHDEPTH1": 0.1, "WHDEPTH2": 0.4, "WHDEPTH3": 0.5, "WMAXMAG01": 0.5, "WMAXMAG02": 0.4, "WMAXMAG03": 0.1, "MAXMAG01": 6.9, "MAXMAG02": 7.2, "MAXMAG03": 7.5, "STRIKE1": 0.0, "STRIKE2": 0.0, "STRIKE3": 0.0, "STRIKE4": 0.0, "DIP1": 89.99, "DIP2": 0.0, "DIP3": 0.0, "DIP4": 0.0, "aspRatio": 1.0, "mfd_bin": 0.2, "a_val": 3.0, "a_hi": 3.0060039468099999, "a_mid": 3.00012594321, "a_lo": 2.9942479396000001, "sigma_a": 0.01, "b_val": 0.9, "b_hi": 0.93186393639599996, "b_mid": 0.9, "b_lo": 0.86813606360399997, "sigma_b": 0.01, "cum_cov_ab": 0.054321, "MCORNERP1": 6.0, "MCORNERP2": 6.2, "MCORNERP3": 6.4, "MAXMAGP1": 6.4, "MAXMAGP2": 6.4, "utsu_bval2": 0.0, "utsu_aval": 0.0, "utsu_Minfl": 0.0, "FID_gras26": -1, "Shape_Leng": 876552.77030600002, "Shape_Area": 41168840010.5 }, "geometry": { "type": "Polygon", "coordinates": [ [ [ 35.172903000168851, 35.587612999239425, 0.0 ], [ 34.584220999981675, 35.33628899999168, 0.0 ], [ 33.846431999917698, 35.124415999957506, 0.0 ], [ 33.070406000477718, 35.106608999588644, 0.0 ], [ 31.861582487712152, 35.452617442407124, 0.0 ], [ 32.011496088475845, 36.051851234663104, 0.0 ], [ 32.534083000124873, 36.152915000021437, 0.0 ], [ 33.554315999671282, 36.081687999616022, 0.0 ], [ 34.524467000456532, 36.265448999567859, 0.0 ], [ 35.172903000168851, 35.587612999239425, 0.0 ] ] ] } },
{ "type": "Feature", "properties": { "FID_gras38": -1, "FID_gras24": -1, "FID_gras_1": -1, "FID_eshm20": 61, "ZONE_ID": "CYAS076", "areakm2": 17690.336195799999, "tctCluster": "Shallow Default", "CSZ_ID": "SZ25", "TECTO_ID": "TSZ081", "magScaleRe": "WC1994", "SS": 50.0, "NF": 50.0, "TF": 0.0, "MINDEPTH": 0.0, "MAXDEPTH": 20.0, "HYPODEPTH1": 2.0, "HYPODEPTH2": 10.0, "HYPODEPTH3": 18.0, "WHDEPTH1": 0.1, "WHDEPTH2": 0.4, "WHDEPTH3": 0.5, "WMAXMAG01": 0.5, "WMAXMAG02": 0.4, "WMAXMAG03": 0.1, "MAXMAG01": 6.9, "MAXMAG02": 7.2, "MAXMAG03": 7.5, "STRIKE1": 0.0, "STRIKE2": 0.0, "STRIKE3": 0.0, "STRIKE4": 0.0, "DIP1": 89.99, "DIP2": 0.0, "DIP3": 0.0, "DIP4": 0.0, "aspRatio": 1.0, "mfd_bin": 0.2, "a_val": 2.71, "a_hi": 2.7938608686499999, "a_mid": 2.7097670814699999, "a_lo": 2.6256732942899998, "sigma_a": 0.157157499949, "b_val": 0.81, "b_hi": 0.870710116102, "b_mid": 0.81, "b_lo": 0.749289883898, "sigma_b": 0.036301391595600002, "cum_cov_ab": 0.054321, "MCORNERP1": 6.0, "MCORNERP2": 6.2, "MCORNERP3": 6.4, "MAXMAGP1": 6.4, "MAXMAGP2": 6.6, "utsu_bval2": 0.0, "utsu_aval": 0.0, "utsu_Minfl": 0.0, "FID_gras26": -1, "Shape_Leng": 643991.62167599995, "Shape_Area": 21634139769.700001 }, "geometry": { "type": "Polygon", "coordinates": [ [ [ 35.707093203306144, 34.824139515940807, 0.0 ], [ 35.12688499951598, 34.184955999635406, 0.0 ], [ 34.584220999981675, 35.33628899999168, 0.0 ], [ 35.172903000168851, 35.587612999239425, 0.0 ], [ 35.794713999363431, 36.109798999972803, 0.0 ], [ 35.940153000068776, 35.933469999073083, 0.0 ], [ 35.98459099978249, 35.569027999897621, 0.0 ], [ 36.07303000026517, 35.303062999620778, 0.0 ], [ 36.05686599980865, 35.209464999807878, 0.0 ], [ 35.707093203306144, 34.824139515940807, 0.0 ] ] ] } },
{ "type": "Feature", "properties": { "FID_gras38": -1, "FID_gras24": -1, "FID_gras_1": -1, "FID_eshm20": 62, "ZONE_ID": "CZAS078", "areakm2": 1590.6283776499999, "tctCluster": "Shallow Default", "CSZ_ID": "SZ04", "TECTO_ID": "TSZ057", "magScaleRe": "WC1994", "SS": 90.0, "NF": 10.0, "TF": 0.0, "MINDEPTH": 5.0, "MAXDEPTH": 17.0, "HYPODEPTH1": 8.0, "HYPODEPTH2": 10.0, "HYPODEPTH3": 15.0, "WHDEPTH1": 0.1, "WHDEPTH2": 0.4, "WHDEPTH3": 0.5, "WMAXMAG01": 0.5, "WMAXMAG02": 0.4, "WMAXMAG03": 0.1, "MAXMAG01": 6.3, "MAXMAG02": 6.6, "MAXMAG03": 6.9, "STRIKE1": 0.0, "STRIKE2": 0.0, "STRIKE3": 0.0, "STRIKE4": 0.0, "DIP1": 89.99, "DIP2": 0.0, "DIP3": 0.0, "DIP4": 0.0, "aspRatio": 1.0, "mfd_bin": 0.2, "a_val": 2.43, "a_hi": 2.43416014648, "a_mid": 2.4303808796699999, "a_lo": 2.4266016128599999, "sigma_a": 0.02, "b_val": 0.9, "b_hi": 0.93186393639599996, "b_mid": 0.9, "b_lo": 0.86813606360399997, "sigma_b": 0.01, "cum_cov_ab": 0.12690844256299999, "MCORNERP1": 6.0, "MCORNERP2": 6.2, "MCORNERP3": 6.4, "MAXMAGP1": 6.2, "MAXMAGP2": 6.4, "utsu_bval2": 0.0, "utsu_aval": 0.0, "utsu_Minfl": 0.0, "FID_gras26": -1, "Shape_Leng": 204844.09659199999, "Shape_Area": 2488832589.79 }, "geometry": { "type": "Polygon", "coordinates": [ [ [ 12.561472092041704, 50.316105550399676, 0.0 ], [ 12.581648116779101, 50.200943085828577, 0.0 ], [ 12.097000000662671, 50.088000000073805, 0.0 ], [ 12.064454374787264, 50.338195226474397, 0.0 ], [ 12.532230999787284, 50.468291999557714, 0.0 ], [ 12.561472092041704, 50.316105550399676, 0.0 ] ] ] } },
{ "type": "Feature", "properties": { "FID_gras38": -1, "FID_gras24": -1, "FID_gras_1": -1, "FID_eshm20": 63, "ZONE_ID": "CZAS079", "areakm2": 7011.5042890599998, "tctCluster": "Shallow Default", "CSZ_ID": "SZ04", "TECTO_ID": "TSZ063", "magScaleRe": "WC1994", "SS": 90.0, "NF": 10.0, "TF": 0.0, "MINDEPTH": 5.0, "MAXDEPTH": 17.0, "HYPODEPTH1": 8.0, "HYPODEPTH2": 10.0, "HYPODEPTH3": 15.0, "WHDEPTH1": 0.1, "WHDEPTH2": 0.4, "WHDEPTH3": 0.5, "WMAXMAG01": 0.5, "WMAXMAG02": 0.4, "WMAXMAG03": 0.1, "MAXMAG01": 6.3, "MAXMAG02": 6.6, "MAXMAG03": 6.9, "STRIKE1": 0.0, "STRIKE2": 0.0, "STRIKE3": 0.0, "STRIKE4": 0.0, "DIP1": 89.99, "DIP2": 0.0, "DIP3": 0.0, "DIP4": 0.0, "aspRatio": 1.0, "mfd_bin": 0.2, "a_val": 1.67390874094, "a_hi": 1.72893890655, "a_mid": 1.6740203793799999, "a_lo": 1.61910185222, "sigma_a": 0.39872593969499998, "b_val": 1.05, "b_hi": 1.15040358193, "b_mid": 1.05, "b_lo": 0.94959641806799999, "sigma_b": 0.0992886396231, "cum_cov_ab": 0.054321, "MCORNERP1": 6.0, "MCORNERP2": 6.2, "MCORNERP3": 6.4, "MAXMAGP1": 5.0, "MAXMAGP2": 5.0, "utsu_bval2": 0.0, "utsu_aval": 0.0, "utsu_Minfl": 0.0, "FID_gras26": -1, "Shape_Leng": 533264.59877100005, "Shape_Area": 10845767775.5 }, "geometry": { "type": "Polygon", "coordinates": [ [ [ 12.614186093499891, 50.029065267382734, 0.0 ], [ 12.743000000191484, 49.890999999711632, 0.0 ], [ 12.880999999926722, 49.352999999829926, 0.0 ], [ 13.004000000218035, 49.120999999416235, 0.0 ], [ 12.846000000625311, 49.043000000035427, 0.0 ], [ 12.595736193259009, 49.328408346081176, 0.0 ], [ 12.296521486448558, 49.593484462663042, 0.0 ], [ 11.93103775031148, 49.85856057814793, 0.0 ], [ 11.667070578070563, 49.944139924876573, 0.0 ], [ 12.097000000662671, 50.088000000073805, 0.0 ], [ 12.581648116779101, 50.200943085828577, 0.0 ], [ 12.614186093499891, 50.029065267382734, 0.0 ] ] ] } },
{ "type": "Feature", "properties": { "FID_gras38": -1, "FID_gras24": -1, "FID_gras_1": -1, "FID_eshm20": 64, "ZONE_ID": "DEA9080", "areakm2": 23959.297554699999, "tctCluster": "Shallow Default", "CSZ_ID": "SZ01", "TECTO_ID": "TSZ088", "magScaleRe": "WC1994", "SS": 70.0, "NF": 0.0, "TF": 30.0, "MINDEPTH": 4.0, "MAXDEPTH": 15.0, "HYPODEPTH1": 6.0, "HYPODEPTH2": 8.0, "HYPODEPTH3": 10.0, "WHDEPTH1": 0.3, "WHDEPTH2": 0.6, "WHDEPTH3": 0.1, "WMAXMAG01": 0.5, "WMAXMAG02": 0.4, "WMAXMAG03": 0.1, "MAXMAG01": 6.9, "MAXMAG02": 7.2, "MAXMAG03": 7.5, "STRIKE1": 22.804833, "STRIKE2": 0.0, "STRIKE3": 252.880652, "STRIKE4": 356.9205, "DIP1": 53.029167, "DIP2": 0.0, "DIP3": 63.370254, "DIP4": 47.763, "aspRatio": 1.0, "mfd_bin": 0.2, "a_val": 2.6425314128399999, "a_hi": 2.7412094580200002, "a_mid": 2.6427037100100002, "a_lo": 2.5441979619900001, "sigma_a": 0.14679095851400001, "b_val": 1.0227396050899999, "b_hi": 1.07874417783, "b_mid": 1.0227396050899999, "b_lo": 0.96673503234299996, "sigma_b": 0.030892149201300002, "cum_cov_ab": 0.054321, "MCORNERP1": 6.0, "MCORNERP2": 6.2, "MCORNERP3": 6.4, "MAXMAGP1": 6.0, "MAXMAGP2": 6.0, "utsu_bval2": 0.0, "utsu_aval": 0.0, "utsu_Minfl": 0.0, "FID_gras26": -1, "Shape_Leng": 852772.61556599999, "Shape_Area": 35935692279.699997 }, "geometry": { "type": "Polygon", "coordinates": [ [ [ 16.970000000342683, 48.649999999996211, 0.0 ], [ 16.644669007163284, 48.123411098470235, 0.0 ], [ 16.450896749077263, 48.005936667150436, 0.0 ], [ 16.324944780557757, 48.028947122913195, 0.0 ], [ 16.217158961430361, 47.988981594347585, 0.0 ], [ 15.500201603547584, 47.729811198070649, 0.0 ], [ 14.831687310410917, 47.446419269780193, 0.0 ], [ 14.655673999890249, 47.286246999711793, 0.0 ], [ 14.484000000451195, 47.792999999863348, 0.0 ], [ 14.504000000308649, 48.005999999707527, 0.0 ], [ 14.547000000271717, 48.140999999570248, 0.0 ], [ 14.751000000075642, 48.450000000138274, 0.0 ], [ 15.496208604686098, 48.492189837592932, 0.0 ], [ 16.240169417027527, 48.927565972813802, 0.0 ], [ 16.576848716698439, 48.777392472344161, 0.0 ], [ 16.970000000342683, 48.649999999996211, 0.0 ] ] ] } },
{ "type": "Feature", "properties": { "FID_gras38": -1, "FID_gras24": -1, "FID_gras_1": -1, "FID_eshm20": 65, "ZONE_ID": "DEAS082", "areakm2": 2750.72556988, "tctCluster": "Shallow Default", "CSZ_ID": "SZ02", "TECTO_ID": "TSZ091", "magScaleRe": "WC1994", "SS": 90.0, "NF": 10.0, "TF": 0.0, "MINDEPTH": 3.0, "MAXDEPTH": 17.0, "HYPODEPTH1": 4.0, "HYPODEPTH2": 10.0, "HYPODEPTH3": 15.0, "WHDEPTH1": 0.1, "WHDEPTH2": 0.4, "WHDEPTH3": 0.5, "WMAXMAG01": 0.5, "WMAXMAG02": 0.4, "WMAXMAG03": 0.1, "MAXMAG01": 6.6, "MAXMAG02": 6.9, "MAXMAG03": 7.2, "STRIKE1": 0.0, "STRIKE2": 0.0, "STRIKE3": 0.0, "STRIKE4": 0.0, "DIP1": 89.99, "DIP2": 0.0, "DIP3": 0.0, "DIP4": 0.0, "aspRatio": 1.0, "mfd_bin": 0.2, "a_val": 2.6, "a_hi": 2.6088912073700001, "a_mid": 2.5999525556599998, "a_lo": 2.59101390396, "sigma_a": 0.02, "b_val": 1.02, "b_hi": 1.0518639364, "b_mid": 1.02, "b_lo": 0.98813606360399997, "sigma_b": 0.01, "cum_cov_ab": 0.054321, "MCORNERP1": 6.0, "MCORNERP2": 6.2, "MCORNERP3": 6.4, "MAXMAGP1": 6.0, "MAXMAGP2": 6.0, "utsu_bval2": 0.0, "utsu_aval": 0.0, "utsu_Minfl": 0.0, "FID_gras26": -1, "Shape_Leng": 336989.58055700001, "Shape_Area": 4082026315.54 }, "geometry": { "type": "Polygon", "coordinates": [ [ [ 9.533033000220312, 47.65608699999364, 0.0 ], [ 9.999999999705947, 47.47999999967795, 0.0 ], [ 9.701216999864807, 47.402688999537169, 0.0 ], [ 9.250999999743305, 47.554999999625792, 0.0 ], [ 9.067332999882812, 47.604000000257713, 0.0 ], [ 8.900999999542519, 47.629999999407715, 0.0 ], [ 8.734000000103734, 47.633000000042607, 0.0 ], [ 8.742000000765392, 47.820999999406432, 0.0 ], [ 9.10400000016204, 47.817999999632043, 0.0 ], [ 9.533033000220312, 47.65608699999364, 0.0 ] ] ] } },
{ "type": "Feature", "properties": { "FID_gras38": -1, "FID_gras24": -1, "FID_gras_1": -1, "FID_eshm20": 66, "ZONE_ID": "DEAS083", "areakm2": 4858.1568079299996, "tctCluster": "Shallow Default", "CSZ_ID": "SZ04", "TECTO_ID": "TSZ083", "magScaleRe": "WC1994", "SS": 35.0, "NF": 50.0, "TF": 15.0, "MINDEPTH": 4.0, "MAXDEPTH": 16.0, "HYPODEPTH1": 8.0, "HYPODEPTH2": 10.0, "HYPODEPTH3": 15.0, "WHDEPTH1": 0.1, "WHDEPTH2": 0.4, "WHDEPTH3": 0.5, "WMAXMAG01": 0.5, "WMAXMAG02": 0.4, "WMAXMAG03": 0.1, "MAXMAG01": 6.3, "MAXMAG02": 6.6, "MAXMAG03": 6.9, "STRIKE1": 0.0, "STRIKE2": 0.0, "STRIKE3": 0.0, "STRIKE4": 0.0, "DIP1": 89.99, "DIP2": 0.0, "DIP3": 0.0, "DIP4": 0.0, "aspRatio": 1.0, "mfd_bin": 0.2, "a_val": 1.2910462767499999, "a_hi": 1.3604238262, "a_mid": 1.29155320163, "a_lo": 1.2226825770600001, "sigma_a": 0.30106894251299998, "b_val": 0.91088351362700004, "b_hi": 0.990916790311, "b_mid": 0.91088351362700004, "b_lo": 0.830850236942, "sigma_b": 0.063087358384300005, "cum_cov_ab": 0.054321, "MCORNERP1": 6.0, "MCORNERP2": 6.2, "MCORNERP3": 6.4, "MAXMAGP1": 5.4, "MAXMAGP2": 5.4, "utsu_bval2": 0.0, "utsu_aval": 0.0, "utsu_Minfl": 0.0, "FID_gras26": -1, "Shape_Leng": 372184.86152799998, "Shape_Area": 7544563887.79 }, "geometry": { "type": "Polygon", "coordinates": [ [ [ 7.719667000596135, 50.122332999518406, 0.0 ], [ 8.071954999944133, 50.000845999980889, 0.0 ], [ 7.366561332218674, 49.689800010982417, 0.0 ], [ 7.040830733366607, 49.548960336109197, 0.0 ], [ 6.866758644445656, 49.89870150402227, 0.0 ], [ 7.480361360495157, 50.247673996205762, 0.0 ], [ 7.719667000596135, 50.122332999518406, 0.0 ] ] ] } },
{ "type": "Feature", "properties": { "FID_gras38": -1, "FID_gras24": -1, "FID_gras_1": -1, "FID_eshm20": 67, "ZONE_ID": "DEAS084", "areakm2": 2747.0445115100001, "tctCluster": "Shallow Default", "CSZ_ID": "SZ04", "TECTO_ID": "TSZ083", "magScaleRe": "WC1994", "SS": 35.0, "NF": 50.0, "TF": 15.0, "MINDEPTH": 4.0, "MAXDEPTH": 16.0, "HYPODEPTH1": 8.0, "HYPODEPTH2": 10.0, "HYPODEPTH3": 15.0, "WHDEPTH1": 0.1, "WHDEPTH2": 0.4, "WHDEPTH3": 0.5, "WMAXMAG01": 0.5, "WMAXMAG02": 0.4, "WMAXMAG03": 0.1, "MAXMAG01": 6.3, "MAXMAG02": 6.6, "MAXMAG03": 6.9, "STRIKE1": 0.0, "STRIKE2": 0.0, "STRIKE3": 0.0, "STRIKE4": 0.0, "DIP1": 89.99, "DIP2": 0.0, "DIP3": 0.0, "DIP4": 0.0, "aspRatio": 1.0, "mfd_bin": 0.2, "a_val": 1.2910462767499999, "a_hi": 1.36032511592, "a_mid": 1.2915522346699999, "a_lo": 1.22277935341, "sigma_a": 0.30106894251299998, "b_val": 0.91088351362700004, "b_hi": 0.990916790311, "b_mid": 0.91088351362700004, "b_lo": 0.830850236942, "sigma_b": 0.063087358384300005, "cum_cov_ab": 0.054321, "MCORNERP1": 6.0, "MCORNERP2": 6.2, "MCORNERP3": 6.4, "MAXMAGP1": 5.4, "MAXMAGP2": 5.4, "utsu_bval2": 0.0, "utsu_aval": 0.0, "utsu_Minfl": 0.0, "FID_gras26": -1, "Shape_Leng": 325410.75050199998, "Shape_Area": 4252511010.1900001 }, "geometry": { "type": "Polygon", "coordinates": [ [ [ 8.235954042429011, 49.973402510030972, 0.0 ], [ 8.201008097453178, 49.750215288732967, 0.0 ], [ 8.076502648306457, 49.375694867756366, 0.0 ], [ 7.936999999764528, 49.600999999785472, 0.0 ], [ 7.366561332218674, 49.689800010982417, 0.0 ], [ 8.071954999944133, 50.000845999980889, 0.0 ], [ 8.235954042429011, 49.973402510030972, 0.0 ] ] ] } },
{ "type": "Feature", "properties": { "FID_gras38": -1, "FID_gras24": -1, "FID_gras_1": -1, "FID_eshm20": 68, "ZONE_ID": "DEAS085", "areakm2": 4242.4867025000003, "tctCluster": "Shallow Default", "CSZ_ID": "SZ04", "TECTO_ID": "TSZ054", "magScaleRe": "WC1994", "SS": 35.0, "NF": 50.0, "TF": 15.0, "MINDEPTH": 6.0, "MAXDEPTH": 11.0, "HYPODEPTH1": 7.0, "HYPODEPTH2": 8.0, "HYPODEPTH3": 9.0, "WHDEPTH1": 0.3, "WHDEPTH2": 0.4, "WHDEPTH3": 0.3, "WMAXMAG01": 0.5, "WMAXMAG02": 0.4, "WMAXMAG03": 0.1, "MAXMAG01": 6.3, "MAXMAG02": 6.6, "MAXMAG03": 6.9, "STRIKE1": 0.0, "STRIKE2": 0.0, "STRIKE3": 0.0, "STRIKE4": 0.0, "DIP1": 89.99, "DIP2": 0.0, "DIP3": 0.0, "DIP4": 0.0, "aspRatio": 1.0, "mfd_bin": 0.2, "a_val": 2.0, "a_hi": 2.0121800631200002, "a_mid": 2.0000029611, "a_lo": 1.98782585908, "sigma_a": 0.03, "b_val": 0.9, "b_hi": 0.93186393639599996, "b_mid": 0.9, "b_lo": 0.86813606360399997, "sigma_b": 0.01, "cum_cov_ab": 0.054321, "MCORNERP1": 6.0, "MCORNERP2": 6.2, "MCORNERP3": 6.4, "MAXMAGP1": 6.0, "MAXMAGP2": 6.2, "utsu_bval2": 0.0, "utsu_aval": 0.0, "utsu_Minfl": 0.0, "FID_gras26": -1, "Shape_Leng": 331391.63134000002, "Shape_Area": 6425512049.2600002 }, "geometry": { "type": "Polygon", "coordinates": [ [ [ 8.975900000796406, 48.999599999716331, 0.0 ], [ 8.866435284301893, 48.469336098074599, 0.0 ], [ 8.29860800042233, 48.311017999441134, 0.0 ], [ 8.319473000643312, 48.77638599934518, 0.0 ], [ 8.53236500932136, 49.001303387565109, 0.0 ], [ 8.975900000796406, 48.999599999716331, 0.0 ] ] ] } },
{ "type": "Feature", "properties": { "FID_gras38": -1, "FID_gras24": -1, "FID_gras_1": -1, "FID_eshm20": 69, "ZONE_ID": "DEAS086", "areakm2": 59656.513528900003, "tctCluster": "Shallow Default", "CSZ_ID": "SZ04", "TECTO_ID": "TSZ054", "magScaleRe": "WC1994", "SS": 33.0, "NF": 33.0, "TF": 34.0, "MINDEPTH": 3.0, "MAXDEPTH": 25.0, "HYPODEPTH1": 8.0, "HYPODEPTH2": 10.0, "HYPODEPTH3": 15.0, "WHDEPTH1": 0.1, "WHDEPTH2": 0.4, "WHDEPTH3": 0.5, "WMAXMAG01": 0.5, "WMAXMAG02": 0.4, "WMAXMAG03": 0.1, "MAXMAG01": 6.3, "MAXMAG02": 6.6, "MAXMAG03": 6.9, "STRIKE1": 48.681958, "STRIKE2": 0.0, "STRIKE3": 199.345667, "STRIKE4": 0.0, "DIP1": 71.969938, "DIP2": 0.0, "DIP3": 49.825, "DIP4": 0.0, "aspRatio": 1.0, "mfd_bin": 0.2, "a_val": 1.6, "a_hi": 1.61215645762, "a_mid": 1.60001508332, "a_lo": 1.5878737090199999, "sigma_a": 0.03, "b_val": 0.9, "b_hi": 0.93186393639599996, "b_mid": 0.9, "b_lo": 0.86813606360399997, "sigma_b": 0.01, "cum_cov_ab": 0.054321, "MCORNERP1": 6.0, "MCORNERP2": 6.2, "MCORNERP3": 6.4, "MAXMAGP1": 5.8, "MAXMAGP2": 5.8, "utsu_bval2": 0.0, "utsu_aval": 0.0, "utsu_Minfl": 0.0, "FID_gras26": -1, "Shape_Leng": 1298543.9745700001, "Shape_Area": 89461470438.399994 }, "geometry": { "type": "Polygon", "coordinates": [ [ [ 14.252000000128159, 48.226999999466422, 0.0 ], [ 14.045000000076106, 47.919332999936053, 0.0 ], [ 13.473999999563707, 47.920999999501234, 0.0 ], [ 13.270000000658113, 47.90600000033686, 0.0 ], [ 12.315999999910552, 47.675000000112121, 0.0 ], [ 12.037992999703633, 47.659128999993975, 0.0 ], [ 11.560000000267316, 47.379999999917025, 0.0 ], [ 10.794929973508383, 47.405102968694763, 0.0 ], [ 10.218999999852125, 47.424000000026211, 0.0 ], [ 9.999999999705947, 47.47999999967795, 0.0 ], [ 9.533033000220312, 47.65608699999364, 0.0 ], [ 9.584349765678843, 47.971941851191687, 0.0 ], [ 9.60660025103725, 48.109108073136234, 0.0 ], [ 9.845570385650982, 48.211021807560229, 0.0 ], [ 10.180900926008203, 48.521530406621039, 0.0 ], [ 10.577286991786607, 48.606235611468819, 0.0 ], [ 11.431000000378106, 48.788000000063832, 0.0 ], [ 11.691474264079563, 48.980756033410252, 0.0 ], [ 12.846000000625311, 49.043000000035427, 0.0 ], [ 13.041999999767578, 48.72700000000156, 0.0 ], [ 14.252000000128159, 48.226999999466422, 0.0 ] ] ] } },
{ "type": "Feature", "properties": { "FID_gras38": -1, "FID_gras24": -1, "FID_gras_1": -1, "FID_eshm20": 70, "ZONE_ID": "DEAS087", "areakm2": 263498.74445400003, "tctCluster": "Shallow Default", "CSZ_ID": "SZ04", "TECTO_ID": "TSZ106", "magScaleRe": "WC1994", "SS": 33.0, "NF": 33.0, "TF": 34.0, "MINDEPTH": 3.0, "MAXDEPTH": 25.0, "HYPODEPTH1": 8.0, "HYPODEPTH2": 10.0, "HYPODEPTH3": 15.0, "WHDEPTH1": 0.1, "WHDEPTH2": 0.4, "WHDEPTH3": 0.5, "WMAXMAG01": 0.5, "WMAXMAG02": 0.4, "WMAXMAG03": 0.1, "MAXMAG01": 6.3, "MAXMAG02": 6.6, "MAXMAG03": 6.9, "STRIKE1": 48.681958, "STRIKE2": 0.0, "STRIKE3": 199.345667, "STRIKE4": 0.0, "DIP1": 71.969938, "DIP2": 0.0, "DIP3": 49.825, "DIP4": 0.0, "aspRatio": 1.0, "mfd_bin": 0.2, "a_val": 1.7525295590300001, "a_hi": 1.8354534313899999, "a_mid": 1.7528032386800001, "a_lo": 1.67015304597, "sigma_a": 0.21186058785199999, "b_val": 1.0465476302200001, "b_hi": 1.1133249874, "b_mid": 1.0465476302200001, "b_lo": 0.97977027304800002, "sigma_b": 0.043919723897400002, "cum_cov_ab": 0.054321, "MCORNERP1": 6.0, "MCORNERP2": 6.2, "MCORNERP3": 6.4, "MAXMAGP1": 5.2, "MAXMAGP2": 5.2, "utsu_bval2": 0.0, "utsu_aval": 0.0, "utsu_Minfl": 0.0, "FID_gras26": -1, "Shape_Leng": 2924862.7455000002, "Shape_Area": 448953157786.0 }, "geometry": { "type": "Polygon", "coordinates": [ [ [ 7.195391540080576, 55.675525029056551, 0.0 ], [ 8.314688000314931, 55.510095000198405, 0.0 ], [ 10.89360373604292, 55.27742948892795, 0.0 ], [ 9.62000000061721, 53.559500000164626, 0.0 ], [ 9.103448999617912, 52.228927000428527, 0.0 ], [ 7.86709724648613, 52.599875309117785, 0.0 ], [ 7.632999706025824, 52.224999747428335, 0.0 ], [ 8.317296478829608, 52.03960471348929, 0.0 ], [ 7.226349107128759, 51.699868019113097, 0.0 ], [ 6.214000000095203, 51.747000000330232, 0.0 ], [ 5.50598221149101, 52.341856360434981, 0.0 ], [ 4.528502000033042, 52.587033999996962, 0.0 ], [ 4.180992000442412, 52.929817999325138, 0.0 ], [ 4.015397000244, 53.435216000086633, 0.0 ], [ 4.00000000024169, 54.000000000000263, 0.0 ], [ 3.199999999654354, 55.749999999990145, 0.0 ], [ 5.000000000302122, 55.999999999589193, 0.0 ], [ 7.195391540080576, 55.675525029056551, 0.0 ] ] ] } },
{ "type": "Feature", "properties": { "FID_gras38": -1, "FID_gras24": -1, "FID_gras_1": -1, "FID_eshm20": 71, "ZONE_ID": "DEAS088", "areakm2": 8402.1984236200005, "tctCluster": "Shallow Default", "CSZ_ID": "SZ04", "TECTO_ID": "TSZ063", "magScaleRe": "WC1994", "SS": 33.0, "NF": 33.0, "TF": 34.0, "MINDEPTH": 3.0, "MAXDEPTH": 25.0, "HYPODEPTH1": 8.0, "HYPODEPTH2": 10.0, "HYPODEPTH3": 15.0, "WHDEPTH1": 0.1, "WHDEPTH2": 0.4, "WHDEPTH3": 0.5, "WMAXMAG01": 0.5, "WMAXMAG02": 0.4, "WMAXMAG03": 0.1, "MAXMAG01": 6.3, "MAXMAG02": 6.6, "MAXMAG03": 6.9, "STRIKE1": 48.681958, "STRIKE2": 0.0, "STRIKE3": 199.345667, "STRIKE4": 0.0, "DIP1": 71.969938, "DIP2": 0.0, "DIP3": 49.825, "DIP4": 0.0, "aspRatio": 1.0, "mfd_bin": 0.2, "a_val": 2.45, "a_hi": 2.4713777137799999, "a_mid": 2.4499315742, "a_lo": 2.4284854346200002, "sigma_a": 0.03, "b_val": 1.05, "b_hi": 1.095062411, "b_mid": 1.05, "b_lo": 1.004937589, "sigma_b": 0.02, "cum_cov_ab": 0.054321, "MCORNERP1": 6.0, "MCORNERP2": 6.2, "MCORNERP3": 6.4, "MAXMAGP1": 5.8, "MAXMAGP2": 5.8, "utsu_bval2": 0.0, "utsu_aval": 0.0, "utsu_Minfl": 0.0, "FID_gras26": -1, "Shape_Leng": 555940.58749800001, "Shape_Area": 12725217724.1 }, "geometry": { "type": "Polygon", "coordinates": [ [ [ 14.751000000075642, 48.450000000138274, 0.0 ], [ 14.547000000271717, 48.140999999570248, 0.0 ], [ 14.252000000128159, 48.226999999466422, 0.0 ], [ 13.041999999767578, 48.72700000000156, 0.0 ], [ 12.846000000625311, 49.043000000035427, 0.0 ], [ 13.004000000218035, 49.120999999416235, 0.0 ], [ 14.751000000075642, 48.450000000138274, 0.0 ] ] ] } },
{ "type": "Feature", "properties": { "FID_gras38": -1, "FID_gras24": -1, "FID_gras_1": -1, "FID_eshm20": 72, "ZONE_ID": "DEAS089", "areakm2": 1387.2387062, "tctCluster": "Shallow Default", "CSZ_ID": "SZ04", "TECTO_ID": "TSZ054", "magScaleRe": "WC1994", "SS": 35.0, "NF": 50.0, "TF": 15.0, "MINDEPTH": 6.0, "MAXDEPTH": 11.0, "HYPODEPTH1": 7.0, "HYPODEPTH2": 8.0, "HYPODEPTH3": 9.0, "WHDEPTH1": 0.3, "WHDEPTH2": 0.4, "WHDEPTH3": 0.3, "WMAXMAG01": 0.5, "WMAXMAG02": 0.4, "WMAXMAG03": 0.1, "MAXMAG01": 6.3, "MAXMAG02": 6.6, "MAXMAG03": 6.9, "STRIKE1": 0.0, "STRIKE2": 0.0, "STRIKE3": 0.0, "STRIKE4": 0.0, "DIP1": 89.99, "DIP2": 0.0, "DIP3": 0.0, "DIP4": 0.0, "aspRatio": 1.0, "mfd_bin": 0.2, "a_val": 1.0219733573900001, "a_hi": 1.12143175311, "a_mid": 1.0220432588, "a_lo": 0.92265476449100003, "sigma_a": 0.12742532047399999, "b_val": 0.90471670188200004, "b_hi": 0.96020021369800002, "b_mid": 0.90471670188200004, "b_lo": 0.84923319006599995, "sigma_b": 0.0303199883901, "cum_cov_ab": 0.054321, "MCORNERP1": 6.0, "MCORNERP2": 6.2, "MCORNERP3": 6.4, "MAXMAGP1": 5.0, "MAXMAGP2": 5.0, "utsu_bval2": 0.0, "utsu_aval": 0.0, "utsu_Minfl": 0.0, "FID_gras26": -1, "Shape_Leng": 223101.784552, "Shape_Area": 2104130498.3099999 }, "geometry": { "type": "Polygon", "coordinates": [ [ [ 9.193709213964905, 48.996946762129696, 0.0 ], [ 9.106039714846149, 48.525290910724991, 0.0 ], [ 8.866435284301893, 48.469336098074599, 0.0 ], [ 8.975900000796406, 48.999599999716331, 0.0 ], [ 9.193709213964905, 48.996946762129696, 0.0 ] ] ] } },
{ "type": "Feature", "properties": { "FID_gras38": -1, "FID_gras24": -1, "FID_gras_1": -1, "FID_eshm20": 73, "ZONE_ID": "DEAS090", "areakm2": 34276.498862100001, "tctCluster": "Shallow Default", "CSZ_ID": "SZ04", "TECTO_ID": "TSZ106", "magScaleRe": "WC1994", "SS": 33.0, "NF": 33.0, "TF": 34.0, "MINDEPTH": 3.0, "MAXDEPTH": 25.0, "HYPODEPTH1": 8.0, "HYPODEPTH2": 10.0, "HYPODEPTH3": 15.0, "WHDEPTH1": 0.1, "WHDEPTH2": 0.4, "WHDEPTH3": 0.5, "WMAXMAG01": 0.5, "WMAXMAG02": 0.4, "WMAXMAG03": 0.1, "MAXMAG01": 6.3, "MAXMAG02": 6.6, "MAXMAG03": 6.9, "STRIKE1": 48.681958, "STRIKE2": 0.0, "STRIKE3": 199.345667, "STRIKE4": 0.0, "DIP1": 71.969938, "DIP2": 0.0, "DIP3": 49.825, "DIP4": 0.0, "aspRatio": 1.0, "mfd_bin": 0.2, "a_val": 1.7525295590300001, "a_hi": 1.8351516266500001, "a_mid": 1.7525901578, "a_lo": 1.67002868896, "sigma_a": 0.21186058785199999, "b_val": 1.0465476302200001, "b_hi": 1.1133249874, "b_mid": 1.0465476302200001, "b_lo": 0.97977027304800002, "sigma_b": 0.043919723897400002, "cum_cov_ab": 0.054321, "MCORNERP1": 6.0, "MCORNERP2": 6.2, "MCORNERP3": 6.4, "MAXMAGP1": 5.2, "MAXMAGP2": 5.2, "utsu_bval2": 0.0, "utsu_aval": 0.0, "utsu_Minfl": 0.0, "FID_gras26": -1, "Shape_Leng": 1087560.30907, "Shape_Area": 54744333614.900002 }, "geometry": { "type": "Polygon", "coordinates": [ [ [ 8.481101600197464, 50.267667434303661, 0.0 ], [ 7.82838147201313, 50.454809979748063, 0.0 ], [ 8.115000000113069, 50.671999999765859, 0.0 ], [ 7.8800000004402, 50.798999999911175, 0.0 ], [ 7.416584722195729, 50.574922594678263, 0.0 ], [ 6.388000000112914, 51.374999999716728, 0.0 ], [ 6.214000000095203, 51.747000000330232, 0.0 ], [ 7.226349107128759, 51.699868019113097, 0.0 ], [ 8.317296478829608, 52.03960471348929, 0.0 ], [ 8.835026700099027, 51.893005666469115, 0.0 ], [ 8.883999999933129, 51.06799999927501, 0.0 ], [ 8.481101600197464, 50.267667434303661, 0.0 ] ] ] } },
{ "type": "Feature", "properties": { "FID_gras38": -1, "FID_gras24": -1, "FID_gras_1": -1, "FID_eshm20": 74, "ZONE_ID": "DEAS091", "areakm2": 3720.7033052400002, "tctCluster": "Shallow Default", "CSZ_ID": "SZ04", "TECTO_ID": "TSZ054", "magScaleRe": "WC1994", "SS": 35.0, "NF": 50.0, "TF": 15.0, "MINDEPTH": 7.0, "MAXDEPTH": 15.0, "HYPODEPTH1": 8.0, "HYPODEPTH2": 9.0, "HYPODEPTH3": 10.0, "WHDEPTH1": 0.1, "WHDEPTH2": 0.4, "WHDEPTH3": 0.5, "WMAXMAG01": 0.5, "WMAXMAG02": 0.4, "WMAXMAG03": 0.1, "MAXMAG01": 6.3, "MAXMAG02": 6.6, "MAXMAG03": 6.9, "STRIKE1": 0.0, "STRIKE2": 0.0, "STRIKE3": 0.0, "STRIKE4": 0.0, "DIP1": 89.99, "DIP2": 0.0, "DIP3": 0.0, "DIP4": 0.0, "aspRatio": 1.0, "mfd_bin": 0.2, "a_val": 1.0219733573900001, "a_hi": 1.1214175154899999, "a_mid": 1.02202409583, "a_lo": 0.92263067617200001, "sigma_a": 0.12742532047399999, "b_val": 0.90471670188200004, "b_hi": 0.96020021369800002, "b_mid": 0.90471670188200004, "b_lo": 0.84923319006599995, "sigma_b": 0.0303199883901, "cum_cov_ab": 0.054321, "MCORNERP1": 6.0, "MCORNERP2": 6.2, "MCORNERP3": 6.4, "MAXMAGP1": 5.0, "MAXMAGP2": 5.0, "utsu_bval2": 0.0, "utsu_aval": 0.0, "utsu_Minfl": 0.0, "FID_gras26": -1, "Shape_Leng": 398705.93054099998, "Shape_Area": 5551765434.8500004 }, "geometry": { "type": "Polygon", "coordinates": [ [ [ 9.09800000056411, 48.126000000376372, 0.0 ], [ 9.035999999927956, 47.982000000028293, 0.0 ], [ 9.584349765678843, 47.971941851191687, 0.0 ], [ 9.533033000220312, 47.65608699999364, 0.0 ], [ 9.10400000016204, 47.817999999632043, 0.0 ], [ 8.742000000765392, 47.820999999406432, 0.0 ], [ 8.278701999377857, 47.870013000036828, 0.0 ], [ 8.281159999302679, 47.932993000138886, 0.0 ], [ 8.500000000513596, 48.00000000008972, 0.0 ], [ 8.799999999274091, 48.152999999532454, 0.0 ], [ 9.09800000056411, 48.126000000376372, 0.0 ] ] ] } },
{ "type": "Feature", "properties": { "FID_gras38": -1, "FID_gras24": -1, "FID_gras_1": -1, "FID_eshm20": 75, "ZONE_ID": "DEAS092", "areakm2": 1283.2920260400001, "tctCluster": "Shallow Default", "CSZ_ID": "SZ02", "TECTO_ID": "TSZ091", "magScaleRe": "WC1994", "SS": 35.0, "NF": 50.0, "TF": 15.0, "MINDEPTH": 7.0, "MAXDEPTH": 15.0, "HYPODEPTH1": 8.0, "HYPODEPTH2": 9.0, "HYPODEPTH3": 10.0, "WHDEPTH1": 0.1, "WHDEPTH2": 0.4, "WHDEPTH3": 0.5, "WMAXMAG01": 0.5, "WMAXMAG02": 0.4, "WMAXMAG03": 0.1, "MAXMAG01": 6.6, "MAXMAG02": 6.9, "MAXMAG03": 7.2, "STRIKE1": 0.0, "STRIKE2": 0.0, "STRIKE3": 0.0, "STRIKE4": 0.0, "DIP1": 89.99, "DIP2": 0.0, "DIP3": 0.0, "DIP4": 0.0, "aspRatio": 1.0, "mfd_bin": 0.2, "a_val": 1.61, "a_hi": 1.6796133798799999, "a_mid": 1.6097494423700001, "a_lo": 1.53988550485, "sigma_a": 0.061423452801700001, "b_val": 1.02, "b_hi": 1.0989708003300001, "b_mid": 1.02, "b_lo": 0.94102919966499998, "sigma_b": 0.061423452801700001, "cum_cov_ab": 0.054321, "MCORNERP1": 6.0, "MCORNERP2": 6.2, "MCORNERP3": 6.4, "MAXMAGP1": 5.0, "MAXMAGP2": 5.0, "utsu_bval2": 0.0, "utsu_aval": 0.0, "utsu_Minfl": 0.0, "FID_gras26": -1, "Shape_Leng": 174036.54025200001, "Shape_Area": 1908085373.21 }, "geometry": { "type": "Polygon", "coordinates": [ [ [ 8.742000000765392, 47.820999999406432, 0.0 ], [ 8.734000000103734, 47.633000000042607, 0.0 ], [ 8.329999999928418, 47.60999999993075, 0.0 ], [ 8.269000000273259, 47.658000000314395, 0.0 ], [ 8.278701999377857, 47.870013000036828, 0.0 ], [ 8.742000000765392, 47.820999999406432, 0.0 ] ] ] } },
{ "type": "Feature", "properties": { "FID_gras38": -1, "FID_gras24": -1, "FID_gras_1": -1, "FID_eshm20": 76, "ZONE_ID": "DEAS093", "areakm2": 5739.6191127299999, "tctCluster": "Shallow Default", "CSZ_ID": "SZ04", "TECTO_ID": "TSZ057", "magScaleRe": "WC1994", "SS": 90.0, "NF": 10.0, "TF": 0.0, "MINDEPTH": 5.0, "MAXDEPTH": 14.0, "HYPODEPTH1": 6.0, "HYPODEPTH2": 8.0, "HYPODEPTH3": 10.0, "WHDEPTH1": 0.1, "WHDEPTH2": 0.4, "WHDEPTH3": 0.5, "WMAXMAG01": 0.5, "WMAXMAG02": 0.4, "WMAXMAG03": 0.1, "MAXMAG01": 6.3, "MAXMAG02": 6.6, "MAXMAG03": 6.9, "STRIKE1": 0.0, "STRIKE2": 0.0, "STRIKE3": 0.0, "STRIKE4": 0.0, "DIP1": 89.99, "DIP2": 0.0, "DIP3": 0.0, "DIP4": 0.0, "aspRatio": 1.0, "mfd_bin": 0.2, "a_val": 2.26, "a_hi": 2.3301583361999998, "a_mid": 2.26024435214, "a_lo": 2.1903303680900001, "sigma_a": 0.061423452801700001, "b_val": 1.08, "b_hi": 1.1589708003300001, "b_mid": 1.08, "b_lo": 1.00102919967, "sigma_b": 0.061423452801700001, "cum_cov_ab": 0.054321, "MCORNERP1": 6.0, "MCORNERP2": 6.2, "MCORNERP3": 6.4, "MAXMAGP1": 5.4, "MAXMAGP2": 5.4, "utsu_bval2": 0.0, "utsu_aval": 0.0, "utsu_Minfl": 0.0, "FID_gras26": -1, "Shape_Leng": 478438.613617, "Shape_Area": 9098823383.6200008 }, "geometry": { "type": "Polygon", "coordinates": [ [ [ 13.00005099994082, 50.469853000083148, 0.0 ], [ 12.561472092041704, 50.316105550399676, 0.0 ], [ 12.532230999787284, 50.468291999557714, 0.0 ], [ 12.479666999913594, 50.75400000036386, 0.0 ], [ 12.480283000755033, 50.865089999496867, 0.0 ], [ 12.484000000330333, 51.535000000394867, 0.0 ], [ 12.966500000260679, 51.146999999208624, 0.0 ], [ 13.00005099994082, 50.469853000083148, 0.0 ] ] ] } },
{ "type": "Feature", "properties": { "FID_gras38": -1, "FID_gras24": -1, "FID_gras_1": -1, "FID_eshm20": 77, "ZONE_ID": "DEAS094", "areakm2": 16652.628026400002, "tctCluster": "Shallow Default", "CSZ_ID": "SZ04", "TECTO_ID": "TSZ063", "magScaleRe": "WC1994", "SS": 35.0, "NF": 50.0, "TF": 15.0, "MINDEPTH": 5.0, "MAXDEPTH": 17.0, "HYPODEPTH1": 8.0, "HYPODEPTH2": 10.0, "HYPODEPTH3": 15.0, "WHDEPTH1": 0.1, "WHDEPTH2": 0.4, "WHDEPTH3": 0.5, "WMAXMAG01": 0.5, "WMAXMAG02": 0.4, "WMAXMAG03": 0.1, "MAXMAG01": 6.3, "MAXMAG02": 6.6, "MAXMAG03": 6.9, "STRIKE1": 0.0, "STRIKE2": 0.0, "STRIKE3": 0.0, "STRIKE4": 0.0, "DIP1": 89.99, "DIP2": 0.0, "DIP3": 0.0, "DIP4": 0.0, "aspRatio": 1.0, "mfd_bin": 0.2, "a_val": 1.97, "a_hi": 1.9911033971200001, "a_mid": 1.9696715608599999, "a_lo": 1.9482397246100001, "sigma_a": 0.03, "b_val": 1.05, "b_hi": 1.095062411, "b_mid": 1.05, "b_lo": 1.004937589, "sigma_b": 0.02, "cum_cov_ab": 0.054321, "MCORNERP1": 6.0, "MCORNERP2": 6.2, "MCORNERP3": 6.4, "MAXMAGP1": 5.4, "MAXMAGP2": 5.2, "utsu_bval2": 0.0, "utsu_aval": 0.0, "utsu_Minfl": 0.0, "FID_gras26": -1, "Shape_Leng": 1090571.5027300001, "Shape_Area": 26794138688.599998 }, "geometry": { "type": "Polygon", "coordinates": [ [ [ 9.103448999617912, 52.228927000428527, 0.0 ], [ 9.24061900004806, 51.600942999497924, 0.0 ], [ 9.268478000101892, 51.506810999797167, 0.0 ], [ 9.432679348578633, 51.099984356350014, 0.0 ], [ 9.135974832912668, 50.595938105241309, 0.0 ], [ 8.891678388451716, 50.201697000581305, 0.0 ], [ 8.481101600197464, 50.267667434303661, 0.0 ], [ 8.883999999933129, 51.06799999927501, 0.0 ], [ 8.835026700099027, 51.893005666469115, 0.0 ], [ 8.317296478829608, 52.03960471348929, 0.0 ], [ 7.632999706025824, 52.224999747428335, 0.0 ], [ 7.86709724648613, 52.599875309117785, 0.0 ], [ 9.103448999617912, 52.228927000428527, 0.0 ] ] ] } },
{ "type": "Feature", "properties": { "FID_gras38": -1, "FID_gras24": -1, "FID_gras_1": -1, "FID_eshm20": 78, "ZONE_ID": "DEAS095", "areakm2": 2659.4537053, "tctCluster": "Shallow Default", "CSZ_ID": "SZ04", "TECTO_ID": "TSZ054", "magScaleRe": "WC1994", "SS": 90.0, "NF": 10.0, "TF": 0.0, "MINDEPTH": 6.0, "MAXDEPTH": 11.0, "HYPODEPTH1": 7.0, "HYPODEPTH2": 8.0, "HYPODEPTH3": 9.0, "WHDEPTH1": 0.3, "WHDEPTH2": 0.4, "WHDEPTH3": 0.3, "WMAXMAG01": 0.5, "WMAXMAG02": 0.4, "WMAXMAG03": 0.1, "MAXMAG01": 6.3, "MAXMAG02": 6.6, "MAXMAG03": 6.9, "STRIKE1": 0.0, "STRIKE2": 0.0, "STRIKE3": 0.0, "STRIKE4": 0.0, "DIP1": 89.99, "DIP2": 0.0, "DIP3": 0.0, "DIP4": 0.0, "aspRatio": 1.0, "mfd_bin": 0.2, "a_val": 1.55, "a_hi": 1.57184809795, "a_mid": 1.55038899191, "a_lo": 1.52892988586, "sigma_a": 0.03, "b_val": 0.9, "b_hi": 0.94506241100199995, "b_mid": 0.9, "b_lo": 0.85493758899799999, "sigma_b": 0.02, "cum_cov_ab": 0.054321, "MCORNERP1": 6.0, "MCORNERP2": 6.2, "MCORNERP3": 6.4, "MAXMAGP1": 5.6, "MAXMAGP2": 5.6, "utsu_bval2": 0.0, "utsu_aval": 0.0, "utsu_Minfl": 0.0, "FID_gras26": -1, "Shape_Leng": 302840.24013400002, "Shape_Area": 3996776230.48 }, "geometry": { "type": "Polygon", "coordinates": [ [ [ 9.60660025103725, 48.109108073136234, 0.0 ], [ 9.09800000056411, 48.126000000376372, 0.0 ], [ 9.147984525828742, 48.300996447644017, 0.0 ], [ 10.180900926008203, 48.521530406621039, 0.0 ], [ 9.845570385650982, 48.211021807560229, 0.0 ], [ 9.60660025103725, 48.109108073136234, 0.0 ] ] ] } },
{ "type": "Feature", "properties": { "FID_gras38": -1, "FID_gras24": -1, "FID_gras_1": -1, "FID_eshm20": 79, "ZONE_ID": "DEAS096", "areakm2": 2322.1583577500001, "tctCluster": "Shallow Default", "CSZ_ID": "SZ04", "TECTO_ID": "TSZ054", "magScaleRe": "WC1994", "SS": 35.0, "NF": 50.0, "TF": 15.0, "MINDEPTH": 6.0, "MAXDEPTH": 11.0, "HYPODEPTH1": 7.0, "HYPODEPTH2": 8.0, "HYPODEPTH3": 9.0, "WHDEPTH1": 0.3, "WHDEPTH2": 0.4, "WHDEPTH3": 0.3, "WMAXMAG01": 0.5, "WMAXMAG02": 0.4, "WMAXMAG03": 0.1, "MAXMAG01": 6.3, "MAXMAG02": 6.6, "MAXMAG03": 6.9, "STRIKE1": 0.0, "STRIKE2": 0.0, "STRIKE3": 0.0, "STRIKE4": 0.0, "DIP1": 89.99, "DIP2": 0.0, "DIP3": 0.0, "DIP4": 0.0, "aspRatio": 1.0, "mfd_bin": 0.2, "a_val": 1.0219733573900001, "a_hi": 1.121472349, "a_mid": 1.0220424667900001, "a_lo": 0.92261258457600004, "sigma_a": 0.12742532047399999, "b_val": 0.90471670188200004, "b_hi": 0.96020021369800002, "b_mid": 0.90471670188200004, "b_lo": 0.84923319006599995, "sigma_b": 0.0303199883901, "cum_cov_ab": 0.054321, "MCORNERP1": 6.0, "MCORNERP2": 6.2, "MCORNERP3": 6.4, "MAXMAGP1": 5.0, "MAXMAGP2": 5.0, "utsu_bval2": 0.0, "utsu_aval": 0.0, "utsu_Minfl": 0.0, "FID_gras26": -1, "Shape_Leng": 253887.37013200001, "Shape_Area": 3484665039.9099998 }, "geometry": { "type": "Polygon", "coordinates": [ [ [ 8.799999999274091, 48.152999999532454, 0.0 ], [ 8.500000000513596, 48.00000000008972, 0.0 ], [ 8.281159999302679, 47.932993000138886, 0.0 ], [ 8.29860800042233, 48.311017999441134, 0.0 ], [ 8.866435284301893, 48.469336098074599, 0.0 ], [ 8.799999999274091, 48.152999999532454, 0.0 ] ] ] } },
{ "type": "Feature", "properties": { "FID_gras38": -1, "FID_gras24": -1, "FID_gras_1": -1, "FID_eshm20": 80, "ZONE_ID": "DEAS097", "areakm2": 4917.2209736200002, "tctCluster": "Shallow Default", "CSZ_ID": "SZ04", "TECTO_ID": "TSZ057", "magScaleRe": "WC1994", "SS": 90.0, "NF": 10.0, "TF": 0.0, "MINDEPTH": 5.0, "MAXDEPTH": 14.0, "HYPODEPTH1": 6.0, "HYPODEPTH2": 8.0, "HYPODEPTH3": 10.0, "WHDEPTH1": 0.1, "WHDEPTH2": 0.4, "WHDEPTH3": 0.5, "WMAXMAG01": 0.5, "WMAXMAG02": 0.4, "WMAXMAG03": 0.1, "MAXMAG01": 6.3, "MAXMAG02": 6.6, "MAXMAG03": 6.9, "STRIKE1": 0.0, "STRIKE2": 0.0, "STRIKE3": 0.0, "STRIKE4": 0.0, "DIP1": 89.99, "DIP2": 0.0, "DIP3": 0.0, "DIP4": 0.0, "aspRatio": 1.0, "mfd_bin": 0.2, "a_val": 2.5, "a_hi": 2.5696600532999998, "a_mid": 2.4998042436399999, "a_lo": 2.4299484339699999, "sigma_a": 0.061423452801700001, "b_val": 1.08, "b_hi": 1.1589708003300001, "b_mid": 1.08, "b_lo": 1.00102919967, "sigma_b": 0.061423452801700001, "cum_cov_ab": 0.054321, "MCORNERP1": 6.0, "MCORNERP2": 6.2, "MCORNERP3": 6.4, "MAXMAGP1": 5.6, "MAXMAGP2": 5.6, "utsu_bval2": 0.0, "utsu_aval": 0.0, "utsu_Minfl": 0.0, "FID_gras26": -1, "Shape_Leng": 520773.28248699999, "Shape_Area": 7706538528.9300003 }, "geometry": { "type": "Polygon", "coordinates": [ [ [ 12.614186093499891, 50.029065267382734, 0.0 ], [ 12.581648116779101, 50.200943085828577, 0.0 ], [ 12.561472092041704, 50.316105550399676, 0.0 ], [ 13.00005099994082, 50.469853000083148, 0.0 ], [ 14.2890150005619, 50.913954999656049, 0.0 ], [ 14.24699999971463, 50.735000000160582, 0.0 ], [ 12.614186093499891, 50.029065267382734, 0.0 ] ] ] } },
{ "type": "Feature", "properties": { "FID_gras38": -1, "FID_gras24": -1, "FID_gras_1": -1, "FID_eshm20": 81, "ZONE_ID": "DEAS098", "areakm2": 13039.688026, "tctCluster": "Shallow Default", "CSZ_ID": "SZ04", "TECTO_ID": "TSZ057", "magScaleRe": "WC1994", "SS": 90.0, "NF": 10.0, "TF": 0.0, "MINDEPTH": 5.0, "MAXDEPTH": 14.0, "HYPODEPTH1": 6.0, "HYPODEPTH2": 8.0, "HYPODEPTH3": 10.0, "WHDEPTH1": 0.1, "WHDEPTH2": 0.4, "WHDEPTH3": 0.5, "WMAXMAG01": 0.5, "WMAXMAG02": 0.4, "WMAXMAG03": 0.1, "MAXMAG01": 6.3, "MAXMAG02": 6.6, "MAXMAG03": 6.9, "STRIKE1": 0.0, "STRIKE2": 0.0, "STRIKE3": 0.0, "STRIKE4": 0.0, "DIP1": 89.99, "DIP2": 0.0, "DIP3": 0.0, "DIP4": 0.0, "aspRatio": 1.0, "mfd_bin": 0.2, "a_val": 1.75, "a_hi": 1.81982170116, "a_mid": 1.75001628921, "a_lo": 1.68021087727, "sigma_a": 0.061423452801700001, "b_val": 1.08, "b_hi": 1.1589708003300001, "b_mid": 1.08, "b_lo": 1.00102919967, "sigma_b": 0.061423452801700001, "cum_cov_ab": 0.054321, "MCORNERP1": 6.0, "MCORNERP2": 6.2, "MCORNERP3": 6.4, "MAXMAGP1": 5.0, "MAXMAGP2": 5.0, "utsu_bval2": 0.0, "utsu_aval": 0.0, "utsu_Minfl": 0.0, "FID_gras26": -1, "Shape_Leng": 671503.43953900004, "Shape_Area": 20751178832.0 }, "geometry": { "type": "Polygon", "coordinates": [ [ [ 14.599948000285, 51.020875999894955, 0.0 ], [ 14.2890150005619, 50.913954999656049, 0.0 ], [ 13.00005099994082, 50.469853000083148, 0.0 ], [ 12.966500000260679, 51.146999999208624, 0.0 ], [ 12.484000000330333, 51.535000000394867, 0.0 ], [ 13.448000000108324, 51.50399999966902, 0.0 ], [ 14.599948000285, 51.020875999894955, 0.0 ] ] ] } },
{ "type": "Feature", "properties": { "FID_gras38": -1, "FID_gras24": -1, "FID_gras_1": -1, "FID_eshm20": 82, "ZONE_ID": "DEAS099", "areakm2": 150045.65596500001, "tctCluster": "Shallow Default", "CSZ_ID": "SZ04", "TECTO_ID": "TSZ106", "magScaleRe": "WC1994", "SS": 33.0, "NF": 33.0, "TF": 34.0, "MINDEPTH": 3.0, "MAXDEPTH": 25.0, "HYPODEPTH1": 8.0, "HYPODEPTH2": 10.0, "HYPODEPTH3": 15.0, "WHDEPTH1": 0.1, "WHDEPTH2": 0.4, "WHDEPTH3": 0.5, "WMAXMAG01": 0.5, "WMAXMAG02": 0.4, "WMAXMAG03": 0.1, "MAXMAG01": 6.3, "MAXMAG02": 6.6, "MAXMAG03": 6.9, "STRIKE1": 48.681958, "STRIKE2": 0.0, "STRIKE3": 199.345667, "STRIKE4": 0.0, "DIP1": 71.969938, "DIP2": 0.0, "DIP3": 49.825, "DIP4": 0.0, "aspRatio": 1.0, "mfd_bin": 0.2, "a_val": 1.7525295590300001, "a_hi": 1.8344122971800001, "a_mid": 1.7520268326399999, "a_lo": 1.66964136809, "sigma_a": 0.21186058785199999, "b_val": 1.0465476302200001, "b_hi": 1.1133249874, "b_mid": 1.0465476302200001, "b_lo": 0.97977027304800002, "sigma_b": 0.043919723897400002, "cum_cov_ab": 0.054321, "MCORNERP1": 6.0, "MCORNERP2": 6.2, "MCORNERP3": 6.4, "MAXMAGP1": 5.2, "MAXMAGP2": 5.2, "utsu_bval2": 0.0, "utsu_aval": 0.0, "utsu_Minfl": 0.0, "FID_gras26": -1, "Shape_Leng": 2182204.9420599998, "Shape_Area": 250490164889.0 }, "geometry": { "type": "Polygon", "coordinates": [ [ [ 13.7317499999952, 55.031999999737614, 0.0 ], [ 13.028499999998536, 54.337500000289303, 0.0 ], [ 12.613000000219543, 53.580000000291669, 0.0 ], [ 12.36500000036985, 52.626999999548481, 0.0 ], [ 12.484000000330333, 51.535000000394867, 0.0 ], [ 12.027908523103893, 51.235629013390557, 0.0 ], [ 9.432679348578633, 51.099984356350014, 0.0 ], [ 9.268478000101892, 51.506810999797167, 0.0 ], [ 9.24061900004806, 51.600942999497924, 0.0 ], [ 9.103448999617912, 52.228927000428527, 0.0 ], [ 9.62000000061721, 53.559500000164626, 0.0 ], [ 10.89360373604292, 55.27742948892795, 0.0 ], [ 13.7317499999952, 55.031999999737614, 0.0 ] ] ] } },
{ "type": "Feature", "properties": { "FID_gras38": -1, "FID_gras24": -1, "FID_gras_1": -1, "FID_eshm20": 83, "ZONE_ID": "DEAS100", "areakm2": 103342.110703, "tctCluster": "Shallow Default", "CSZ_ID": "SZ12", "TECTO_ID": "TSZ093", "magScaleRe": "WC1994", "SS": 33.0, "NF": 33.0, "TF": 34.0, "MINDEPTH": 3.0, "MAXDEPTH": 25.0, "HYPODEPTH1": 8.0, "HYPODEPTH2": 10.0, "HYPODEPTH3": 15.0, "WHDEPTH1": 0.1, "WHDEPTH2": 0.4, "WHDEPTH3": 0.5, "WMAXMAG01": 0.5, "WMAXMAG02": 0.4, "WMAXMAG03": 0.1, "MAXMAG01": 6.3, "MAXMAG02": 6.6, "MAXMAG03": 6.9, "STRIKE1": 48.681958, "STRIKE2": 0.0, "STRIKE3": 199.345667, "STRIKE4": 0.0, "DIP1": 71.969938, "DIP2": 0.0, "DIP3": 49.825, "DIP4": 0.0, "aspRatio": 1.0, "mfd_bin": 0.2, "a_val": 1.8649019599900001, "a_hi": 1.9735363231700001, "a_mid": 1.8649982354400001, "a_lo": 1.7564601477199999, "sigma_a": 0.12646066356, "b_val": 1.01, "b_hi": 1.0608198180199999, "b_mid": 1.01, "b_lo": 0.95918018197599997, "sigma_b": 0.025437085993299999, "cum_cov_ab": 0.054321, "MCORNERP1": 6.0, "MCORNERP2": 6.2, "MCORNERP3": 6.4, "MAXMAGP1": 5.4, "MAXMAGP2": 5.4, "utsu_bval2": 0.0, "utsu_aval": 0.0, "utsu_Minfl": 0.0, "FID_gras26": -1, "Shape_Leng": 1834580.5903, "Shape_Area": 159410557623.0 }, "geometry": { "type": "Polygon", "coordinates": [ [ [ 14.89499999940881, 50.896999999853264, 0.0 ], [ 16.787000000478944, 49.801999999707647, 0.0 ], [ 19.116499999554296, 49.493000000081437, 0.0 ], [ 16.970000000342683, 48.649999999996211, 0.0 ], [ 16.576848716698439, 48.777392472344161, 0.0 ], [ 16.240169417027527, 48.927565972813802, 0.0 ], [ 15.496208604686098, 48.492189837592932, 0.0 ], [ 14.751000000075642, 48.450000000138274, 0.0 ], [ 13.004000000218035, 49.120999999416235, 0.0 ], [ 12.880999999926722, 49.352999999829926, 0.0 ], [ 12.743000000191484, 49.890999999711632, 0.0 ], [ 12.614186093499891, 50.029065267382734, 0.0 ], [ 14.24699999971463, 50.735000000160582, 0.0 ], [ 14.2890150005619, 50.913954999656049, 0.0 ], [ 14.599948000285, 51.020875999894955, 0.0 ], [ 14.89499999940881, 50.896999999853264, 0.0 ] ] ] } },
{ "type": "Feature", "properties": { "FID_gras38": -1, "FID_gras24": -1, "FID_gras_1": -1, "FID_eshm20": 84, "ZONE_ID": "DEAS102", "areakm2": 5715.90853995, "tctCluster": "Shallow Default", "CSZ_ID": "SZ04", "TECTO_ID": "TSZ083", "magScaleRe": "WC1994", "SS": 35.0, "NF": 50.0, "TF": 15.0, "MINDEPTH": 5.0, "MAXDEPTH": 17.0, "HYPODEPTH1": 8.0, "HYPODEPTH2": 10.0, "HYPODEPTH3": 15.0, "WHDEPTH1": 0.1, "WHDEPTH2": 0.4, "WHDEPTH3": 0.5, "WMAXMAG01": 0.5, "WMAXMAG02": 0.4, "WMAXMAG03": 0.1, "MAXMAG01": 6.6, "MAXMAG02": 6.9, "MAXMAG03": 7.2, "STRIKE1": 0.0, "STRIKE2": 0.0, "STRIKE3": 0.0, "STRIKE4": 0.0, "DIP1": 89.99, "DIP2": 0.0, "DIP3": 0.0, "DIP4": 0.0, "aspRatio": 1.0, "mfd_bin": 0.2, "a_val": 2.05, "a_hi": 2.1410439981499998, "a_mid": 2.0502929594400001, "a_lo": 1.95954192073, "sigma_a": 0.16372738894899999, "b_val": 0.91, "b_hi": 0.97195973996600005, "b_mid": 0.91, "b_lo": 0.84804026003400002, "sigma_b": 0.037811187743599997, "cum_cov_ab": 0.054321, "MCORNERP1": 6.0, "MCORNERP2": 6.2, "MCORNERP3": 6.4, "MAXMAGP1": 6.0, "MAXMAGP2": 6.2, "utsu_bval2": 0.0, "utsu_aval": 0.0, "utsu_Minfl": 0.0, "FID_gras26": -1, "Shape_Leng": 426004.47108, "Shape_Area": 8863410359.3500004 }, "geometry": { "type": "Polygon", "coordinates": [ [ [ 8.891678388451716, 50.201697000581305, 0.0 ], [ 8.737000000351864, 49.940999999736214, 0.0 ], [ 8.896000000027287, 49.919999999719224, 0.0 ], [ 8.783381553691761, 49.618790360053062, 0.0 ], [ 8.655818334539335, 49.533433865357196, 0.0 ], [ 8.076502648306457, 49.375694867756366, 0.0 ], [ 8.201008097453178, 49.750215288732967, 0.0 ], [ 8.235954042429011, 49.973402510030972, 0.0 ], [ 8.263703413882164, 50.175270852702646, 0.0 ], [ 8.481101600197464, 50.267667434303661, 0.0 ], [ 8.891678388451716, 50.201697000581305, 0.0 ] ] ] } },
{ "type": "Feature", "properties": { "FID_gras38": -1, "FID_gras24": -1, "FID_gras_1": -1, "FID_eshm20": 85, "ZONE_ID": "DEAS103", "areakm2": 263808.67086999997, "tctCluster": "Shallow Default", "CSZ_ID": "SZ10", "TECTO_ID": "TSZ106", "magScaleRe": "WC1994", "SS": 33.0, "NF": 33.0, "TF": 34.0, "MINDEPTH": 3.0, "MAXDEPTH": 25.0, "HYPODEPTH1": 8.0, "HYPODEPTH2": 10.0, "HYPODEPTH3": 15.0, "WHDEPTH1": 0.1, "WHDEPTH2": 0.4, "WHDEPTH3": 0.5, "WMAXMAG01": 0.5, "WMAXMAG02": 0.4, "WMAXMAG03": 0.1, "MAXMAG01": 6.3, "MAXMAG02": 6.6, "MAXMAG03": 6.9, "STRIKE1": 48.681958, "STRIKE2": 0.0, "STRIKE3": 199.345667, "STRIKE4": 0.0, "DIP1": 71.969938, "DIP2": 0.0, "DIP3": 49.825, "DIP4": 0.0, "aspRatio": 1.0, "mfd_bin": 0.2, "a_val": 2.0535595546900001, "a_hi": 2.1369353368900001, "a_mid": 2.0541402579399999, "a_lo": 1.9713451789900001, "sigma_a": 0.21186058785199999, "b_val": 1.0465476302200001, "b_hi": 1.1133249874, "b_mid": 1.0465476302200001, "b_lo": 0.97977027304800002, "sigma_b": 0.043919723897400002, "cum_cov_ab": 0.054321, "MCORNERP1": 6.0, "MCORNERP2": 6.2, "MCORNERP3": 6.4, "MAXMAGP1": 5.4, "MAXMAGP2": 5.4, "utsu_bval2": 0.0, "utsu_aval": 0.0, "utsu_Minfl": 0.0, "FID_gras26": -1, "Shape_Leng": 3775218.5512600001, "Shape_Area": 426114922003.0 }, "geometry": { "type": "Polygon", "coordinates": [ [ [ 23.525999999977049, 49.911999999185959, 0.0 ], [ 22.885742187152918, 49.037876128895171, 0.0 ], [ 21.829999999845839, 49.409999999950976, 0.0 ], [ 20.721689041712555, 49.498750986129103, 0.0 ], [ 19.992139999390609, 49.757003999377737, 0.0 ], [ 19.147023000295572, 50.060627999778418, 0.0 ], [ 17.565999999329467, 50.688999999919361, 0.0 ], [ 16.963843000385939, 50.835004000023623, 0.0 ], [ 16.017999999760551, 51.078999999624116, 0.0 ], [ 14.89499999940881, 50.896999999853264, 0.0 ], [ 14.599948000285, 51.020875999894955, 0.0 ], [ 13.448000000108324, 51.50399999966902, 0.0 ], [ 12.484000000330333, 51.535000000394867, 0.0 ], [ 12.36500000036985, 52.626999999548481, 0.0 ], [ 12.613000000219543, 53.580000000291669, 0.0 ], [ 13.028499999998536, 54.337500000289303, 0.0 ], [ 13.7317499999952, 55.031999999737614, 0.0 ], [ 14.082133899724269, 53.799999999493366, 0.0 ], [ 16.343510000226594, 53.113392999737542, 0.0 ], [ 18.458000000339172, 52.492999999126852, 0.0 ], [ 19.847000000232665, 51.657999999648283, 0.0 ], [ 19.324000000096863, 51.344999999646213, 0.0 ], [ 21.003999999803121, 50.505000000176146, 0.0 ], [ 22.509282000339592, 50.550071000111906, 0.0 ], [ 23.525999999977049, 49.911999999185959, 0.0 ] ] ] } },
{ "type": "Feature", "properties": { "FID_gras38": -1, "FID_gras24": -1, "FID_gras_1": -1, "FID_eshm20": 86, "ZONE_ID": "DEAS104", "areakm2": 4215.7438469600002, "tctCluster": "Shallow Default", "CSZ_ID": "SZ04", "TECTO_ID": "TSZ054", "magScaleRe": "WC1994", "SS": 35.0, "NF": 50.0, "TF": 15.0, "MINDEPTH": 7.0, "MAXDEPTH": 15.0, "HYPODEPTH1": 8.0, "HYPODEPTH2": 9.0, "HYPODEPTH3": 10.0, "WHDEPTH1": 0.1, "WHDEPTH2": 0.4, "WHDEPTH3": 0.5, "WMAXMAG01": 0.5, "WMAXMAG02": 0.4, "WMAXMAG03": 0.1, "MAXMAG01": 6.3, "MAXMAG02": 6.6, "MAXMAG03": 6.9, "STRIKE1": 0.0, "STRIKE2": 0.0, "STRIKE3": 0.0, "STRIKE4": 0.0, "DIP1": 89.99, "DIP2": 0.0, "DIP3": 0.0, "DIP4": 0.0, "aspRatio": 1.0, "mfd_bin": 0.2, "a_val": 1.0219733573900001, "a_hi": 1.12147026904, "a_mid": 1.0219616086800001, "a_lo": 0.92245294830500002, "sigma_a": 0.12742532047399999, "b_val": 0.90471670188200004, "b_hi": 0.96020021369800002, "b_mid": 0.90471670188200004, "b_lo": 0.84923319006599995, "sigma_b": 0.0303199883901, "cum_cov_ab": 0.054321, "MCORNERP1": 6.0, "MCORNERP2": 6.2, "MCORNERP3": 6.4, "MAXMAGP1": 5.0, "MAXMAGP2": 5.0, "utsu_bval2": 0.0, "utsu_aval": 0.0, "utsu_Minfl": 0.0, "FID_gras26": -1, "Shape_Leng": 386621.749603, "Shape_Area": 6397839932.54 }, "geometry": { "type": "Polygon", "coordinates": [ [ [ 10.466179686032135, 48.862149532789893, 0.0 ], [ 9.106039714846149, 48.525290910724991, 0.0 ], [ 9.193709213964905, 48.996946762129696, 0.0 ], [ 9.702399318424316, 48.996821252063583, 0.0 ], [ 10.466179686032135, 48.862149532789893, 0.0 ] ] ] } },
{ "type": "Feature", "properties": { "FID_gras38": -1, "FID_gras24": -1, "FID_gras_1": -1, "FID_eshm20": 87, "ZONE_ID": "DEAS105", "areakm2": 56028.723163000002, "tctCluster": "Shallow Default", "CSZ_ID": "SZ04", "TECTO_ID": "TSZ054", "magScaleRe": "WC1994", "SS": 33.0, "NF": 33.0, "TF": 34.0, "MINDEPTH": 3.0, "MAXDEPTH": 25.0, "HYPODEPTH1": 8.0, "HYPODEPTH2": 10.0, "HYPODEPTH3": 15.0, "WHDEPTH1": 0.1, "WHDEPTH2": 0.4, "WHDEPTH3": 0.5, "WMAXMAG01": 0.5, "WMAXMAG02": 0.4, "WMAXMAG03": 0.1, "MAXMAG01": 6.3, "MAXMAG02": 6.6, "MAXMAG03": 6.9, "STRIKE1": 48.681958, "STRIKE2": 0.0, "STRIKE3": 199.345667, "STRIKE4": 0.0, "DIP1": 71.969938, "DIP2": 0.0, "DIP3": 49.825, "DIP4": 0.0, "aspRatio": 1.0, "mfd_bin": 0.2, "a_val": 1.12, "a_hi": 1.1735792922499999, "a_mid": 1.1201172162799999, "a_lo": 1.06665514031, "sigma_a": 0.061423452801700001, "b_val": 0.9, "b_hi": 1.0031187472900001, "b_mid": 0.9, "b_lo": 0.79688125271300003, "sigma_b": 0.104731278188, "cum_cov_ab": 0.054321, "MCORNERP1": 6.0, "MCORNERP2": 6.2, "MCORNERP3": 6.4, "MAXMAGP1": 5.2, "MAXMAGP2": 5.2, "utsu_bval2": 0.0, "utsu_aval": 0.0, "utsu_Minfl": 0.0, "FID_gras26": -1, "Shape_Leng": 1301044.36356, "Shape_Area": 86436754464.399994 }, "geometry": { "type": "Polygon", "coordinates": [ [ [ 11.667070578070563, 49.944139924876573, 0.0 ], [ 11.93103775031148, 49.85856057814793, 0.0 ], [ 12.296521486448558, 49.593484462663042, 0.0 ], [ 12.595736193259009, 49.328408346081176, 0.0 ], [ 12.846000000625311, 49.043000000035427, 0.0 ], [ 11.691474264079563, 48.980756033410252, 0.0 ], [ 11.231200000023227, 48.975099999950011, 0.0 ], [ 10.920000000336431, 48.965600000112595, 0.0 ], [ 10.466179686032135, 48.862149532789893, 0.0 ], [ 9.702399318424316, 48.996821252063583, 0.0 ], [ 9.193709213964905, 48.996946762129696, 0.0 ], [ 8.975900000796406, 48.999599999716331, 0.0 ], [ 8.53236500932136, 49.001303387565109, 0.0 ], [ 8.648838582885215, 49.140082358168321, 0.0 ], [ 8.721132069341648, 49.324832378294097, 0.0 ], [ 8.783381553691761, 49.618790360053062, 0.0 ], [ 8.896000000027287, 49.919999999719224, 0.0 ], [ 8.737000000351864, 49.940999999736214, 0.0 ], [ 8.891678388451716, 50.201697000581305, 0.0 ], [ 9.135974832912668, 50.595938105241309, 0.0 ], [ 9.721899999612585, 50.449299999851959, 0.0 ], [ 10.314200000539136, 50.29980000014212, 0.0 ], [ 10.906500000567391, 50.150299999891573, 0.0 ], [ 11.503899999669967, 49.999899999441325, 0.0 ], [ 11.667070578070563, 49.944139924876573, 0.0 ] ] ] } },
{ "type": "Feature", "properties": { "FID_gras38": -1, "FID_gras24": -1, "FID_gras_1": -1, "FID_eshm20": 88, "ZONE_ID": "DEAS106", "areakm2": 3698.0541992499998, "tctCluster": "Shallow Default", "CSZ_ID": "SZ04", "TECTO_ID": "TSZ083", "magScaleRe": "WC1994", "SS": 35.0, "NF": 50.0, "TF": 15.0, "MINDEPTH": 4.0, "MAXDEPTH": 16.0, "HYPODEPTH1": 8.0, "HYPODEPTH2": 10.0, "HYPODEPTH3": 15.0, "WHDEPTH1": 0.1, "WHDEPTH2": 0.4, "WHDEPTH3": 0.5, "WMAXMAG01": 0.5, "WMAXMAG02": 0.4, "WMAXMAG03": 0.1, "MAXMAG01": 6.6, "MAXMAG02": 6.9, "MAXMAG03": 7.2, "STRIKE1": 0.0, "STRIKE2": 0.0, "STRIKE3": 0.0, "STRIKE4": 0.0, "DIP1": 89.99, "DIP2": 0.0, "DIP3": 0.0, "DIP4": 0.0, "aspRatio": 1.0, "mfd_bin": 0.2, "a_val": 1.7, "a_hi": 1.7698291022299999, "a_mid": 1.7000182023299999, "a_lo": 1.6302073024199999, "sigma_a": 0.061423452801700001, "b_val": 0.91, "b_hi": 0.98897080033499996, "b_mid": 0.91, "b_lo": 0.831029199665, "sigma_b": 0.061423452801700001, "cum_cov_ab": 0.054321, "MCORNERP1": 6.0, "MCORNERP2": 6.2, "MCORNERP3": 6.4, "MAXMAGP1": 5.8, "MAXMAGP2": 5.8, "utsu_bval2": 0.0, "utsu_aval": 0.0, "utsu_Minfl": 0.0, "FID_gras26": -1, "Shape_Leng": 328384.603069, "Shape_Area": 5666856317.3000002 }, "geometry": { "type": "Polygon", "coordinates": [ [ [ 8.53236500932136, 49.001303387565109, 0.0 ], [ 7.87583789642141, 49.09328455708031, 0.0 ], [ 8.076502648306457, 49.375694867756366, 0.0 ], [ 8.655818334539335, 49.533433865357196, 0.0 ], [ 8.783381553691761, 49.618790360053062, 0.0 ], [ 8.721132069341648, 49.324832378294097, 0.0 ], [ 8.648838582885215, 49.140082358168321, 0.0 ], [ 8.53236500932136, 49.001303387565109, 0.0 ] ] ] } },
{ "type": "Feature", "properties": { "FID_gras38": -1, "FID_gras24": -1, "FID_gras_1": -1, "FID_eshm20": 89, "ZONE_ID": "DEAS107", "areakm2": 14582.513105399999, "tctCluster": "Shallow Default", "CSZ_ID": "SZ04", "TECTO_ID": "TSZ083", "magScaleRe": "WC1994", "SS": 35.0, "NF": 50.0, "TF": 15.0, "MINDEPTH": 4.0, "MAXDEPTH": 16.0, "HYPODEPTH1": 8.0, "HYPODEPTH2": 10.0, "HYPODEPTH3": 15.0, "WHDEPTH1": 0.1, "WHDEPTH2": 0.4, "WHDEPTH3": 0.5, "WMAXMAG01": 0.5, "WMAXMAG02": 0.4, "WMAXMAG03": 0.1, "MAXMAG01": 6.6, "MAXMAG02": 6.9, "MAXMAG03": 7.2, "STRIKE1": 0.0, "STRIKE2": 0.0, "STRIKE3": 0.0, "STRIKE4": 0.0, "DIP1": 89.99, "DIP2": 0.0, "DIP3": 0.0, "DIP4": 0.0, "aspRatio": 1.0, "mfd_bin": 0.2, "a_val": 1.9565, "a_hi": 2.0278797908500001, "a_mid": 1.9569748223700001, "a_lo": 1.88606985389, "sigma_a": 0.14648490851599999, "b_val": 0.7443, "b_hi": 0.803354127034, "b_mid": 0.7443, "b_lo": 0.68524587296600004, "sigma_b": 0.034348015869500002, "cum_cov_ab": 0.054321, "MCORNERP1": 6.0, "MCORNERP2": 6.2, "MCORNERP3": 6.4, "MAXMAGP1": 6.4, "MAXMAGP2": 6.4, "utsu_bval2": 0.0, "utsu_aval": 0.0, "utsu_Minfl": 0.0, "FID_gras26": -1, "Shape_Leng": 776926.29502900003, "Shape_Area": 21935027171.900002 }, "geometry": { "type": "Polygon", "coordinates": [ [ [ 8.53236500932136, 49.001303387565109, 0.0 ], [ 8.319473000643312, 48.77638599934518, 0.0 ], [ 8.020691165018778, 48.409564049135689, 0.0 ], [ 7.930517867167119, 48.184060466346317, 0.0 ], [ 7.862605943153383, 47.955534561537661, 0.0 ], [ 7.899999999399389, 47.799999999694506, 0.0 ], [ 7.564709938925472, 47.799999999694506, 0.0 ], [ 7.434934052447263, 47.720846751754493, 0.0 ], [ 7.315103825907959, 47.450357800097152, 0.0 ], [ 7.181158862687724, 47.441254743563228, 0.0 ], [ 7.009145338698808, 47.369339246735848, 0.0 ], [ 6.865892000165204, 47.53609799924655, 0.0 ], [ 6.86872434603521, 47.620337902776448, 0.0 ], [ 6.867096735284317, 47.747751372480039, 0.0 ], [ 7.215163088479846, 47.98097220463368, 0.0 ], [ 7.381464004591471, 48.369785309512203, 0.0 ], [ 7.29206101209591, 48.67100839283863, 0.0 ], [ 7.394429345968015, 48.879359307416259, 0.0 ], [ 7.87583789642141, 49.09328455708031, 0.0 ], [ 8.53236500932136, 49.001303387565109, 0.0 ] ] ] } },
{ "type": "Feature", "properties": { "FID_gras38": -1, "FID_gras24": -1, "FID_gras_1": -1, "FID_eshm20": 90, "ZONE_ID": "DEAS108", "areakm2": 3218.8610265399998, "tctCluster": "Shallow Default", "CSZ_ID": "SZ04", "TECTO_ID": "TSZ054", "magScaleRe": "WC1994", "SS": 90.0, "NF": 10.0, "TF": 0.0, "MINDEPTH": 7.0, "MAXDEPTH": 15.0, "HYPODEPTH1": 8.0, "HYPODEPTH2": 9.0, "HYPODEPTH3": 10.0, "WHDEPTH1": 0.1, "WHDEPTH2": 0.4, "WHDEPTH3": 0.5, "WMAXMAG01": 0.5, "WMAXMAG02": 0.4, "WMAXMAG03": 0.1, "MAXMAG01": 6.3, "MAXMAG02": 6.6, "MAXMAG03": 6.9, "STRIKE1": 0.0, "STRIKE2": 0.0, "STRIKE3": 0.0, "STRIKE4": 0.0, "DIP1": 89.99, "DIP2": 0.0, "DIP3": 0.0, "DIP4": 0.0, "aspRatio": 1.0, "mfd_bin": 0.2, "a_val": 2.1, "a_hi": 2.2182369143199998, "a_mid": 2.1003219626499998, "a_lo": 1.9824070109900001, "sigma_a": 0.21651311772500001, "b_val": 0.9, "b_hi": 0.969431769103, "b_mid": 0.9, "b_lo": 0.83056823089700005, "sigma_b": 0.047480754241199997, "cum_cov_ab": 0.054321, "MCORNERP1": 6.0, "MCORNERP2": 6.2, "MCORNERP3": 6.4, "MAXMAGP1": 6.0, "MAXMAGP2": 6.2, "utsu_bval2": 0.0, "utsu_aval": 0.0, "utsu_Minfl": 0.0, "FID_gras26": -1, "Shape_Leng": 327837.07100400003, "Shape_Area": 4888302763.6099997 }, "geometry": { "type": "Polygon", "coordinates": [ [ [ 10.577286991786607, 48.606235611468819, 0.0 ], [ 10.466179686032135, 48.862149532789893, 0.0 ], [ 10.920000000336431, 48.965600000112595, 0.0 ], [ 11.231200000023227, 48.975099999950011, 0.0 ], [ 11.691474264079563, 48.980756033410252, 0.0 ], [ 11.431000000378106, 48.788000000063832, 0.0 ], [ 10.577286991786607, 48.606235611468819, 0.0 ] ] ] } },
{ "type": "Feature", "properties": { "FID_gras38": -1, "FID_gras24": -1, "FID_gras_1": -1, "FID_eshm20": 91, "ZONE_ID": "DEAS109", "areakm2": 1867.0931635899999, "tctCluster": "Shallow Default", "CSZ_ID": "SZ04", "TECTO_ID": "TSZ083", "magScaleRe": "WC1994", "SS": 35.0, "NF": 50.0, "TF": 15.0, "MINDEPTH": 4.0, "MAXDEPTH": 16.0, "HYPODEPTH1": 8.0, "HYPODEPTH2": 10.0, "HYPODEPTH3": 15.0, "WHDEPTH1": 0.1, "WHDEPTH2": 0.4, "WHDEPTH3": 0.5, "WMAXMAG01": 0.5, "WMAXMAG02": 0.4, "WMAXMAG03": 0.1, "MAXMAG01": 6.6, "MAXMAG02": 6.9, "MAXMAG03": 7.2, "STRIKE1": 0.0, "STRIKE2": 0.0, "STRIKE3": 0.0, "STRIKE4": 0.0, "DIP1": 89.99, "DIP2": 0.0, "DIP3": 0.0, "DIP4": 0.0, "aspRatio": 1.0, "mfd_bin": 0.2, "a_val": 2.65, "a_hi": 2.7516446134199999, "a_mid": 2.6504430272700001, "a_lo": 2.54924144112, "sigma_a": 0.22822215392600001, "b_val": 0.91, "b_hi": 0.98108174193099995, "b_mid": 0.91, "b_lo": 0.838918258069, "sigma_b": 0.049764227998699999, "cum_cov_ab": 0.054321, "MCORNERP1": 6.0, "MCORNERP2": 6.2, "MCORNERP3": 6.4, "MAXMAGP1": 6.2, "MAXMAGP2": 6.4, "utsu_bval2": 0.0, "utsu_aval": 0.0, "utsu_Minfl": 0.0, "FID_gras26": -1, "Shape_Leng": 266968.71137799998, "Shape_Area": 2930305040.2399998 }, "geometry": { "type": "Polygon", "coordinates": [ [ [ 7.416584722195729, 50.574922594678263, 0.0 ], [ 7.683999999501307, 50.365999999558824, 0.0 ], [ 7.719667000596135, 50.122332999518406, 0.0 ], [ 7.480361360495157, 50.247673996205762, 0.0 ], [ 7.324962768777521, 50.325409660010784, 0.0 ], [ 7.210749102245279, 50.418286708457437, 0.0 ], [ 7.084486519656732, 50.506143375383118, 0.0 ], [ 6.926595538708591, 50.520702480309282, 0.0 ], [ 7.072000000089568, 50.611999999973868, 0.0 ], [ 7.416584722195729, 50.574922594678263, 0.0 ] ] ] } },
{ "type": "Feature", "properties": { "FID_gras38": -1, "FID_gras24": -1, "FID_gras_1": -1, "FID_eshm20": 92, "ZONE_ID": "DEAS110", "areakm2": 2683.35196443, "tctCluster": "Shallow Default", "CSZ_ID": "SZ04", "TECTO_ID": "TSZ083", "magScaleRe": "WC1994", "SS": 35.0, "NF": 50.0, "TF": 15.0, "MINDEPTH": 4.0, "MAXDEPTH": 16.0, "HYPODEPTH1": 8.0, "HYPODEPTH2": 10.0, "HYPODEPTH3": 15.0, "WHDEPTH1": 0.1, "WHDEPTH2": 0.4, "WHDEPTH3": 0.5, "WMAXMAG01": 0.5, "WMAXMAG02": 0.4, "WMAXMAG03": 0.1, "MAXMAG01": 6.6, "MAXMAG02": 6.9, "MAXMAG03": 7.2, "STRIKE1": 0.0, "STRIKE2": 0.0, "STRIKE3": 0.0, "STRIKE4": 0.0, "DIP1": 89.99, "DIP2": 0.0, "DIP3": 0.0, "DIP4": 0.0, "aspRatio": 1.0, "mfd_bin": 0.2, "a_val": 2.05, "a_hi": 2.1196959990100002, "a_mid": 2.0499006458400002, "a_lo": 1.98010529267, "sigma_a": 0.061423452801700001, "b_val": 0.91, "b_hi": 0.98897080033499996, "b_mid": 0.91, "b_lo": 0.831029199665, "sigma_b": 0.061423452801700001, "cum_cov_ab": 0.054321, "MCORNERP1": 6.0, "MCORNERP2": 6.2, "MCORNERP3": 6.4, "MAXMAGP1": 6.0, "MAXMAGP2": 6.2, "utsu_bval2": 0.0, "utsu_aval": 0.0, "utsu_Minfl": 0.0, "FID_gras26": -1, "Shape_Leng": 272184.30132700002, "Shape_Area": 4194483908.8400002 }, "geometry": { "type": "Polygon", "coordinates": [ [ [ 8.481101600197464, 50.267667434303661, 0.0 ], [ 8.263703413882164, 50.175270852702646, 0.0 ], [ 8.235954042429011, 49.973402510030972, 0.0 ], [ 8.071954999944133, 50.000845999980889, 0.0 ], [ 7.719667000596135, 50.122332999518406, 0.0 ], [ 7.683999999501307, 50.365999999558824, 0.0 ], [ 7.82838147201313, 50.454809979748063, 0.0 ], [ 8.481101600197464, 50.267667434303661, 0.0 ] ] ] } },
{ "type": "Feature", "properties": { "FID_gras38": -1, "FID_gras24": -1, "FID_gras_1": -1, "FID_eshm20": 93, "ZONE_ID": "DEAS111", "areakm2": 32341.488698699999, "tctCluster": "Shallow Default", "CSZ_ID": "SZ04", "TECTO_ID": "TSZ063", "magScaleRe": "WC1994", "SS": 90.0, "NF": 10.0, "TF": 0.0, "MINDEPTH": 5.0, "MAXDEPTH": 17.0, "HYPODEPTH1": 8.0, "HYPODEPTH2": 10.0, "HYPODEPTH3": 15.0, "WHDEPTH1": 0.1, "WHDEPTH2": 0.4, "WHDEPTH3": 0.5, "WMAXMAG01": 0.5, "WMAXMAG02": 0.4, "WMAXMAG03": 0.1, "MAXMAG01": 6.3, "MAXMAG02": 6.6, "MAXMAG03": 6.9, "STRIKE1": 0.0, "STRIKE2": 0.0, "STRIKE3": 0.0, "STRIKE4": 0.0, "DIP1": 89.99, "DIP2": 0.0, "DIP3": 0.0, "DIP4": 0.0, "aspRatio": 1.0, "mfd_bin": 0.2, "a_val": 2.45, "a_hi": 2.4665687463000001, "a_mid": 2.4499865330200001, "a_lo": 2.4334043197300002, "sigma_a": 0.02, "b_val": 1.05, "b_hi": 1.095062411, "b_mid": 1.05, "b_lo": 1.004937589, "sigma_b": 0.02, "cum_cov_ab": 0.054321, "MCORNERP1": 6.0, "MCORNERP2": 6.2, "MCORNERP3": 6.4, "MAXMAGP1": 5.8, "MAXMAGP2": 5.8, "utsu_bval2": 0.0, "utsu_aval": 0.0, "utsu_Minfl": 0.0, "FID_gras26": -1, "Shape_Leng": 944325.19541100005, "Shape_Area": 51036728142.0 }, "geometry": { "type": "Polygon", "coordinates": [ [ [ 12.041360622905369, 51.017452773874204, 0.0 ], [ 12.046381003397748, 50.728278829360036, 0.0 ], [ 12.064454374787264, 50.338195226474397, 0.0 ], [ 12.097000000662671, 50.088000000073805, 0.0 ], [ 11.667070578070563, 49.944139924876573, 0.0 ], [ 11.503899999669967, 49.999899999441325, 0.0 ], [ 10.906500000567391, 50.150299999891573, 0.0 ], [ 10.314200000539136, 50.29980000014212, 0.0 ], [ 9.721899999612585, 50.449299999851959, 0.0 ], [ 9.135974832912668, 50.595938105241309, 0.0 ], [ 9.432679348578633, 51.099984356350014, 0.0 ], [ 12.027908523103893, 51.235629013390557, 0.0 ], [ 12.041360622905369, 51.017452773874204, 0.0 ] ] ] } },
{ "type": "Feature", "properties": { "FID_gras38": -1, "FID_gras24": -1, "FID_gras_1": -1, "FID_eshm20": 94, "ZONE_ID": "DEAS112", "areakm2": 3060.5356148800001, "tctCluster": "Shallow Default", "CSZ_ID": "SZ04", "TECTO_ID": "TSZ104", "magScaleRe": "WC1994", "SS": 90.0, "NF": 10.0, "TF": 0.0, "MINDEPTH": 8.0, "MAXDEPTH": 18.0, "HYPODEPTH1": 8.0, "HYPODEPTH2": 10.0, "HYPODEPTH3": 15.0, "WHDEPTH1": 0.1, "WHDEPTH2": 0.4, "WHDEPTH3": 0.5, "WMAXMAG01": 0.5, "WMAXMAG02": 0.4, "WMAXMAG03": 0.1, "MAXMAG01": 6.6, "MAXMAG02": 6.9, "MAXMAG03": 7.2, "STRIKE1": 0.0, "STRIKE2": 152.120717, "STRIKE3": 0.0, "STRIKE4": 0.0, "DIP1": 56.63345, "DIP2": 56.63345, "DIP3": 0.0, "DIP4": 0.0, "aspRatio": 1.0, "mfd_bin": 0.2, "a_val": 2.6, "a_hi": 2.6696730683599998, "a_mid": 2.5998683954000001, "a_lo": 2.53006372243, "sigma_a": 0.061423452801700001, "b_val": 1.05, "b_hi": 1.1289708003300001, "b_mid": 1.05, "b_lo": 0.97102919966500001, "sigma_b": 0.061423452801700001, "cum_cov_ab": 0.054321, "MCORNERP1": 6.0, "MCORNERP2": 6.2, "MCORNERP3": 6.4, "MAXMAGP1": 5.8, "MAXMAGP2": 6.0, "utsu_bval2": 0.0, "utsu_aval": 0.0, "utsu_Minfl": 0.0, "FID_gras26": -1, "Shape_Leng": 582708.40515200002, "Shape_Area": 4891597099.0500002 }, "geometry": { "type": "Polygon", "coordinates": [ [ [ 6.214000000095203, 51.747000000330232, 0.0 ], [ 6.388000000112914, 51.374999999716728, 0.0 ], [ 7.416584722195729, 50.574922594678263, 0.0 ], [ 7.072000000089568, 50.611999999973868, 0.0 ], [ 6.62700000011658, 50.999999999772911, 0.0 ], [ 6.582429000333469, 51.012534999436802, 0.0 ], [ 6.374250000098582, 51.06799999927501, 0.0 ], [ 6.276999999915759, 51.129999999803132, 0.0 ], [ 6.420000000064525, 51.231999999871434, 0.0 ], [ 6.32400000020966, 51.344000000115358, 0.0 ], [ 6.225000000106662, 51.578499999561252, 0.0 ], [ 5.956001392705451, 51.752070117016011, 0.0 ], [ 6.214000000095203, 51.747000000330232, 0.0 ] ] ] } },
{ "type": "Feature", "properties": { "FID_gras38": -1, "FID_gras24": -1, "FID_gras_1": -1, "FID_eshm20": 95, "ZONE_ID": "DEAS113", "areakm2": 1300.14297199, "tctCluster": "Shallow Default", "CSZ_ID": "SZ04", "TECTO_ID": "TSZ054", "magScaleRe": "WC1994", "SS": 90.0, "NF": 10.0, "TF": 0.0, "MINDEPTH": 7.0, "MAXDEPTH": 15.0, "HYPODEPTH1": 8.0, "HYPODEPTH2": 9.0, "HYPODEPTH3": 10.0, "WHDEPTH1": 0.1, "WHDEPTH2": 0.4, "WHDEPTH3": 0.5, "WMAXMAG01": 0.5, "WMAXMAG02": 0.4, "WMAXMAG03": 0.1, "MAXMAG01": 6.3, "MAXMAG02": 6.6, "MAXMAG03": 6.9, "STRIKE1": 0.0, "STRIKE2": 0.0, "STRIKE3": 196.873583, "STRIKE4": 0.0, "DIP1": 75.79925, "DIP2": 0.0, "DIP3": 75.79925, "DIP4": 0.0, "aspRatio": 1.0, "mfd_bin": 0.2, "a_val": 2.71, "a_hi": 2.7265459593200001, "a_mid": 2.7100520716999998, "a_lo": 2.69355818409, "sigma_a": 0.02, "b_val": 0.94, "b_hi": 0.98506241100199998, "b_mid": 0.94, "b_lo": 0.89493758899800002, "sigma_b": 0.02, "cum_cov_ab": 0.054321, "MCORNERP1": 6.0, "MCORNERP2": 6.2, "MCORNERP3": 6.4, "MAXMAGP1": 6.2, "MAXMAGP2": 6.4, "utsu_bval2": 0.0, "utsu_aval": 0.0, "utsu_Minfl": 0.0, "FID_gras26": -1, "Shape_Leng": 182884.328026, "Shape_Area": 1955123948.6600001 }, "geometry": { "type": "Polygon", "coordinates": [ [ [ 9.147984525828742, 48.300996447644017, 0.0 ], [ 9.09800000056411, 48.126000000376372, 0.0 ], [ 8.799999999274091, 48.152999999532454, 0.0 ], [ 8.866435284301893, 48.469336098074599, 0.0 ], [ 9.106039714846149, 48.525290910724991, 0.0 ], [ 9.147984525828742, 48.300996447644017, 0.0 ] ] ] } },
{ "type": "Feature", "properties": { "FID_gras38": -1, "FID_gras24": -1, "FID_gras_1": -1, "FID_eshm20": 96, "ZONE_ID": "DEAS114", "areakm2": 927.69579354999996, "tctCluster": "Shallow Default", "CSZ_ID": "SZ04", "TECTO_ID": "TSZ054", "magScaleRe": "WC1994", "SS": 90.0, "NF": 10.0, "TF": 0.0, "MINDEPTH": 7.0, "MAXDEPTH": 15.0, "HYPODEPTH1": 8.0, "HYPODEPTH2": 9.0, "HYPODEPTH3": 10.0, "WHDEPTH1": 0.1, "WHDEPTH2": 0.4, "WHDEPTH3": 0.5, "WMAXMAG01": 0.5, "WMAXMAG02": 0.4, "WMAXMAG03": 0.1, "MAXMAG01": 6.3, "MAXMAG02": 6.6, "MAXMAG03": 6.9, "STRIKE1": 0.0, "STRIKE2": 0.0, "STRIKE3": 0.0, "STRIKE4": 0.0, "DIP1": 89.99, "DIP2": 0.0, "DIP3": 0.0, "DIP4": 0.0, "aspRatio": 1.0, "mfd_bin": 0.2, "a_val": 1.72, "a_hi": 1.7289500394399999, "a_mid": 1.7199787127799999, "a_lo": 1.7110073861099999, "sigma_a": 0.02, "b_val": 0.9, "b_hi": 0.93186393639599996, "b_mid": 0.9, "b_lo": 0.86813606360399997, "sigma_b": 0.01, "cum_cov_ab": 0.054321, "MCORNERP1": 6.0, "MCORNERP2": 6.2, "MCORNERP3": 6.4, "MAXMAGP1": 5.8, "MAXMAGP2": 5.8, "utsu_bval2": 0.0, "utsu_aval": 0.0, "utsu_Minfl": 0.0, "FID_gras26": -1, "Shape_Leng": 165678.535917, "Shape_Area": 1387700671.1400001 }, "geometry": { "type": "Polygon", "coordinates": [ [ [ 9.60660025103725, 48.109108073136234, 0.0 ], [ 9.584349765678843, 47.971941851191687, 0.0 ], [ 9.035999999927956, 47.982000000028293, 0.0 ], [ 9.09800000056411, 48.126000000376372, 0.0 ], [ 9.60660025103725, 48.109108073136234, 0.0 ] ] ] } },
{ "type": "Feature", "properties": { "FID_gras38": -1, "FID_gras24": -1, "FID_gras_1": -1, "FID_eshm20": 97, "ZONE_ID": "DEAS115", "areakm2": 1792.44673111, "tctCluster": "Shallow Default", "CSZ_ID": "SZ04", "TECTO_ID": "TSZ083", "magScaleRe": "WC1994", "SS": 33.0, "NF": 33.0, "TF": 34.0, "MINDEPTH": 3.0, "MAXDEPTH": 25.0, "HYPODEPTH1": 8.0, "HYPODEPTH2": 10.0, "HYPODEPTH3": 15.0, "WHDEPTH1": 0.1, "WHDEPTH2": 0.4, "WHDEPTH3": 0.5, "WMAXMAG01": 0.5, "WMAXMAG02": 0.4, "WMAXMAG03": 0.1, "MAXMAG01": 6.3, "MAXMAG02": 6.6, "MAXMAG03": 6.9, "STRIKE1": 48.681958, "STRIKE2": 0.0, "STRIKE3": 199.345667, "STRIKE4": 0.0, "DIP1": 71.969938, "DIP2": 0.0, "DIP3": 49.825, "DIP4": 0.0, "aspRatio": 1.0, "mfd_bin": 0.2, "a_val": 1.5, "a_hi": 1.5697636260300001, "a_mid": 1.4999035328799999, "a_lo": 1.4300434397399999, "sigma_a": 0.061423452801700001, "b_val": 0.91, "b_hi": 0.98897080033499996, "b_mid": 0.91, "b_lo": 0.831029199665, "sigma_b": 0.061423452801700001, "cum_cov_ab": 0.054321, "MCORNERP1": 6.0, "MCORNERP2": 6.2, "MCORNERP3": 6.4, "MAXMAGP1": 5.6, "MAXMAGP2": 5.6, "utsu_bval2": 0.0, "utsu_aval": 0.0, "utsu_Minfl": 0.0, "FID_gras26": -1, "Shape_Leng": 218429.672265, "Shape_Area": 2823545622.4699998 }, "geometry": { "type": "Polygon", "coordinates": [ [ [ 7.82838147201313, 50.454809979748063, 0.0 ], [ 7.683999999501307, 50.365999999558824, 0.0 ], [ 7.416584722195729, 50.574922594678263, 0.0 ], [ 7.8800000004402, 50.798999999911175, 0.0 ], [ 8.115000000113069, 50.671999999765859, 0.0 ], [ 7.82838147201313, 50.454809979748063, 0.0 ] ] ] } },
{ "type": "Feature", "properties": { "FID_gras38": -1, "FID_gras24": -1, "FID_gras_1": -1, "FID_eshm20": 98, "ZONE_ID": "DEAS116", "areakm2": 4454.7537762100001, "tctCluster": "Shallow Default", "CSZ_ID": "SZ04", "TECTO_ID": "TSZ054", "magScaleRe": "WC1994", "SS": 90.0, "NF": 10.0, "TF": 0.0, "MINDEPTH": 6.0, "MAXDEPTH": 11.0, "HYPODEPTH1": 7.0, "HYPODEPTH2": 8.0, "HYPODEPTH3": 9.0, "WHDEPTH1": 0.3, "WHDEPTH2": 0.4, "WHDEPTH3": 0.3, "WMAXMAG01": 0.5, "WMAXMAG02": 0.4, "WMAXMAG03": 0.1, "MAXMAG01": 6.3, "MAXMAG02": 6.6, "MAXMAG03": 6.9, "STRIKE1": 0.0, "STRIKE2": 0.0, "STRIKE3": 0.0, "STRIKE4": 0.0, "DIP1": 89.99, "DIP2": 0.0, "DIP3": 0.0, "DIP4": 0.0, "aspRatio": 1.0, "mfd_bin": 0.2, "a_val": 1.85, "a_hi": 1.85924614805, "a_mid": 1.8503104457, "a_lo": 1.8413747433500001, "sigma_a": 0.02, "b_val": 0.9, "b_hi": 0.93186393639599996, "b_mid": 0.9, "b_lo": 0.86813606360399997, "sigma_b": 0.01, "cum_cov_ab": 0.054321, "MCORNERP1": 6.0, "MCORNERP2": 6.2, "MCORNERP3": 6.4, "MAXMAGP1": 6.0, "MAXMAGP2": 6.0, "utsu_bval2": 0.0, "utsu_aval": 0.0, "utsu_Minfl": 0.0, "FID_gras26": -1, "Shape_Leng": 411706.16121400002, "Shape_Area": 6736661455.0900002 }, "geometry": { "type": "Polygon", "coordinates": [ [ [ 10.577286991786607, 48.606235611468819, 0.0 ], [ 10.180900926008203, 48.521530406621039, 0.0 ], [ 9.147984525828742, 48.300996447644017, 0.0 ], [ 9.106039714846149, 48.525290910724991, 0.0 ], [ 10.466179686032135, 48.862149532789893, 0.0 ], [ 10.577286991786607, 48.606235611468819, 0.0 ] ] ] } },
{ "type": "Feature", "properties": { "FID_gras38": -1, "FID_gras24": -1, "FID_gras_1": -1, "FID_eshm20": 99, "ZONE_ID": "DEAS117", "areakm2": 1079.82835671, "tctCluster": "Shallow Default", "CSZ_ID": "SZ04", "TECTO_ID": "TSZ057", "magScaleRe": "WC1994", "SS": 90.0, "NF": 10.0, "TF": 0.0, "MINDEPTH": 5.0, "MAXDEPTH": 17.0, "HYPODEPTH1": 6.0, "HYPODEPTH2": 10.0, "HYPODEPTH3": 15.0, "WHDEPTH1": 0.1, "WHDEPTH2": 0.4, "WHDEPTH3": 0.5, "WMAXMAG01": 0.5, "WMAXMAG02": 0.4, "WMAXMAG03": 0.1, "MAXMAG01": 6.3, "MAXMAG02": 6.6, "MAXMAG03": 6.9, "STRIKE1": 0.0, "STRIKE2": 0.0, "STRIKE3": 0.0, "STRIKE4": 0.0, "DIP1": 89.99, "DIP2": 0.0, "DIP3": 0.0, "DIP4": 0.0, "aspRatio": 1.0, "mfd_bin": 0.2, "a_val": 2.8, "a_hi": 2.8090093606100002, "a_mid": 2.8000541679299999, "a_lo": 2.7910989752600002, "sigma_a": 0.02, "b_val": 1.08, "b_hi": 1.1118639364, "b_mid": 1.08, "b_lo": 1.0481360636, "sigma_b": 0.01, "cum_cov_ab": 0.054321, "MCORNERP1": 6.0, "MCORNERP2": 6.2, "MCORNERP3": 6.4, "MAXMAGP1": 5.8, "MAXMAGP2": 6.0, "utsu_bval2": 0.0, "utsu_aval": 0.0, "utsu_Minfl": 0.0, "FID_gras26": -1, "Shape_Leng": 174814.87734199999, "Shape_Area": 1710533690.51 }, "geometry": { "type": "Polygon", "coordinates": [ [ [ 12.480283000755033, 50.865089999496867, 0.0 ], [ 12.479666999913594, 50.75400000036386, 0.0 ], [ 12.046381003397748, 50.728278829360036, 0.0 ], [ 12.041360622905369, 51.017452773874204, 0.0 ], [ 12.480283000755033, 50.865089999496867, 0.0 ] ] ] } },
{ "type": "Feature", "properties": { "FID_gras38": -1, "FID_gras24": -1, "FID_gras_1": -1, "FID_eshm20": 100, "ZONE_ID": "DEAS118", "areakm2": 1920.5697066, "tctCluster": "Shallow Default", "CSZ_ID": "SZ04", "TECTO_ID": "TSZ057", "magScaleRe": "WC1994", "SS": 90.0, "NF": 10.0, "TF": 0.0, "MINDEPTH": 5.0, "MAXDEPTH": 17.0, "HYPODEPTH1": 8.0, "HYPODEPTH2": 10.0, "HYPODEPTH3": 15.0, "WHDEPTH1": 0.1, "WHDEPTH2": 0.4, "WHDEPTH3": 0.5, "WMAXMAG01": 0.5, "WMAXMAG02": 0.4, "WMAXMAG03": 0.1, "MAXMAG01": 6.3, "MAXMAG02": 6.6, "MAXMAG03": 6.9, "STRIKE1": 0.0, "STRIKE2": 0.0, "STRIKE3": 0.0, "STRIKE4": 0.0, "DIP1": 89.99, "DIP2": 0.0, "DIP3": 0.0, "DIP4": 0.0, "aspRatio": 1.0, "mfd_bin": 0.2, "a_val": 2.6, "a_hi": 2.6089359322700001, "a_mid": 2.6000100750100001, "a_lo": 2.5910842177500002, "sigma_a": 0.02, "b_val": 1.08, "b_hi": 1.1118639364, "b_mid": 1.08, "b_lo": 1.0481360636, "sigma_b": 0.01, "cum_cov_ab": 0.054321, "MCORNERP1": 6.0, "MCORNERP2": 6.2, "MCORNERP3": 6.4, "MAXMAGP1": 5.8, "MAXMAGP2": 5.8, "utsu_bval2": 0.0, "utsu_aval": 0.0, "utsu_Minfl": 0.0, "FID_gras26": -1, "Shape_Leng": 224065.53687899999, "Shape_Area": 3023530474.5300002 }, "geometry": { "type": "Polygon", "coordinates": [ [ [ 12.532230999787284, 50.468291999557714, 0.0 ], [ 12.064454374787264, 50.338195226474397, 0.0 ], [ 12.046381003397748, 50.728278829360036, 0.0 ], [ 12.479666999913594, 50.75400000036386, 0.0 ], [ 12.532230999787284, 50.468291999557714, 0.0 ] ] ] } },
{ "type": "Feature", "properties": { "FID_gras38": -1, "FID_gras24": -1, "FID_gras_1": -1, "FID_eshm20": 101, "ZONE_ID": "DEAS119", "areakm2": 2466.8831662799998, "tctCluster": "Shallow Default", "CSZ_ID": "SZ04", "TECTO_ID": "TSZ057", "magScaleRe": "WC1994", "SS": 90.0, "NF": 10.0, "TF": 0.0, "MINDEPTH": 5.0, "MAXDEPTH": 17.0, "HYPODEPTH1": 8.0, "HYPODEPTH2": 10.0, "HYPODEPTH3": 15.0, "WHDEPTH1": 0.1, "WHDEPTH2": 0.4, "WHDEPTH3": 0.5, "WMAXMAG01": 0.5, "WMAXMAG02": 0.4, "WMAXMAG03": 0.1, "MAXMAG01": 6.3, "MAXMAG02": 6.6, "MAXMAG03": 6.9, "STRIKE1": 0.0, "STRIKE2": 0.0, "STRIKE3": 0.0, "STRIKE4": 0.0, "DIP1": 89.99, "DIP2": 0.0, "DIP3": 0.0, "DIP4": 0.0, "aspRatio": 1.0, "mfd_bin": 0.2, "a_val": 2.15, "a_hi": 2.2197253364899998, "a_mid": 2.1498857066700001, "a_lo": 2.08004607685, "sigma_a": 0.061423452801700001, "b_val": 1.08, "b_hi": 1.1589708003300001, "b_mid": 1.08, "b_lo": 1.00102919967, "sigma_b": 0.061423452801700001, "cum_cov_ab": 0.054321, "MCORNERP1": 6.0, "MCORNERP2": 6.2, "MCORNERP3": 6.4, "MAXMAGP1": 5.4, "MAXMAGP2": 5.4, "utsu_bval2": 0.0, "utsu_aval": 0.0, "utsu_Minfl": 0.0, "FID_gras26": -1, "Shape_Leng": 287212.79122200003, "Shape_Area": 3935547920.1599998 }, "geometry": { "type": "Polygon", "coordinates": [ [ [ 12.480283000755033, 50.865089999496867, 0.0 ], [ 12.041360622905369, 51.017452773874204, 0.0 ], [ 12.027908523103893, 51.235629013390557, 0.0 ], [ 12.484000000330333, 51.535000000394867, 0.0 ], [ 12.480283000755033, 50.865089999496867, 0.0 ] ] ] } },
{ "type": "Feature", "properties": { "FID_gras38": -1, "FID_gras24": -1, "FID_gras_1": -1, "FID_eshm20": 102, "ZONE_ID": "DEAS120", "areakm2": 4728.7232302299999, "tctCluster": "Shallow Default", "CSZ_ID": "SZ04", "TECTO_ID": "TSZ054", "magScaleRe": "WC1994", "SS": 33.0, "NF": 33.0, "TF": 34.0, "MINDEPTH": 0.0, "MAXDEPTH": 34.0, "HYPODEPTH1": 8.0, "HYPODEPTH2": 10.0, "HYPODEPTH3": 15.0, "WHDEPTH1": 0.1, "WHDEPTH2": 0.4, "WHDEPTH3": 0.5, "WMAXMAG01": 0.5, "WMAXMAG02": 0.4, "WMAXMAG03": 0.1, "MAXMAG01": 6.3, "MAXMAG02": 6.6, "MAXMAG03": 6.9, "STRIKE1": 0.0, "STRIKE2": 0.0, "STRIKE3": 0.0, "STRIKE4": 0.0, "DIP1": 89.99, "DIP2": 0.0, "DIP3": 0.0, "DIP4": 0.0, "aspRatio": 1.0, "mfd_bin": 0.2, "a_val": 2.15, "a_hi": 2.1546089174600001, "a_mid": 2.1509010846300001, "a_lo": 2.1471932518100001, "sigma_a": 0.02, "b_val": 0.9, "b_hi": 0.93186393639599996, "b_mid": 0.9, "b_lo": 0.86813606360399997, "sigma_b": 0.01, "cum_cov_ab": 0.128181671858, "MCORNERP1": 6.0, "MCORNERP2": 6.2, "MCORNERP3": 6.4, "MAXMAGP1": 6.0, "MAXMAGP2": 6.2, "utsu_bval2": 0.0, "utsu_aval": 0.0, "utsu_Minfl": 0.0, "FID_gras26": -1, "Shape_Leng": 493680.68101399997, "Shape_Area": 7072349535.3400002 }, "geometry": { "type": "Polygon", "coordinates": [ [ [ 8.29860800042233, 48.311017999441134, 0.0 ], [ 8.281159999302679, 47.932993000138886, 0.0 ], [ 8.278701999377857, 47.870013000036828, 0.0 ], [ 8.269000000273259, 47.658000000314395, 0.0 ], [ 7.757154106135888, 47.425210308561496, 0.0 ], [ 7.899999999399389, 47.799999999694506, 0.0 ], [ 7.862605943153383, 47.955534561537661, 0.0 ], [ 7.930517867167119, 48.184060466346317, 0.0 ], [ 8.020691165018778, 48.409564049135689, 0.0 ], [ 8.319473000643312, 48.77638599934518, 0.0 ], [ 8.29860800042233, 48.311017999441134, 0.0 ] ] ] } },
{ "type": "Feature", "properties": { "FID_gras38": -1, "FID_gras24": -1, "FID_gras_1": -1, "FID_eshm20": 103, "ZONE_ID": "DKAS121", "areakm2": 85736.040829799997, "tctCluster": "Shallow Default", "CSZ_ID": "SZ49", "TECTO_ID": "TSZ007", "magScaleRe": "WC1994", "SS": 50.0, "NF": 40.0, "TF": 10.0, "MINDEPTH": 0.0, "MAXDEPTH": 20.0, "HYPODEPTH1": 8.0, "HYPODEPTH2": 10.0, "HYPODEPTH3": 15.0, "WHDEPTH1": 0.1, "WHDEPTH2": 0.4, "WHDEPTH3": 0.5, "WMAXMAG01": 0.5, "WMAXMAG02": 0.4, "WMAXMAG03": 0.1, "MAXMAG01": 6.3, "MAXMAG02": 6.6, "MAXMAG03": 6.9, "STRIKE1": 0.0, "STRIKE2": 0.0, "STRIKE3": 0.0, "STRIKE4": 0.0, "DIP1": 89.99, "DIP2": 0.0, "DIP3": 0.0, "DIP4": 0.0, "aspRatio": 1.0, "mfd_bin": 0.2, "a_val": 1.975, "a_hi": 1.9805474993400001, "a_mid": 1.9747440571, "a_lo": 1.9689406148599999, "sigma_a": 0.01, "b_val": 1.04, "b_hi": 1.0718639364, "b_mid": 1.04, "b_lo": 1.0081360636000001, "sigma_b": 0.01, "cum_cov_ab": 0.054321, "MCORNERP1": 6.0, "MCORNERP2": 6.2, "MCORNERP3": 6.4, "MAXMAGP1": 5.4, "MAXMAGP2": 5.4, "utsu_bval2": 0.0, "utsu_aval": 0.0, "utsu_Minfl": 0.0, "FID_gras26": -1, "Shape_Leng": 1661493.17194, "Shape_Area": 155372763921.0 }, "geometry": { "type": "Polygon", "coordinates": [ [ [ 10.420017000024655, 58.039915999657815, 0.0 ], [ 10.689999999280497, 56.709999999593947, 0.0 ], [ 11.470000000010346, 56.049999999663044, 0.0 ], [ 10.89360373604292, 55.27742948892795, 0.0 ], [ 8.314688000314931, 55.510095000198405, 0.0 ], [ 7.195391540080576, 55.675525029056551, 0.0 ], [ 8.214684306256769, 57.040688229147619, 0.0 ], [ 9.999999999705947, 58.099999999771079, 0.0 ], [ 10.420017000024655, 58.039915999657815, 0.0 ] ] ] } },
{ "type": "Feature", "properties": { "FID_gras38": -1, "FID_gras24": -1, "FID_gras_1": -1, "FID_eshm20": 104, "ZONE_ID": "ESAS123", "areakm2": 26915.207536599999, "tctCluster": "Shallow Default", "CSZ_ID": "SZ19", "TECTO_ID": "TSZ115", "magScaleRe": "WC1994", "SS": 30.0, "NF": 60.0, "TF": 10.0, "MINDEPTH": 0.0, "MAXDEPTH": 20.0, "HYPODEPTH1": 2.0, "HYPODEPTH2": 10.0, "HYPODEPTH3": 18.0, "WHDEPTH1": 0.1, "WHDEPTH2": 0.4, "WHDEPTH3": 0.5, "WMAXMAG01": 0.5, "WMAXMAG02": 0.4, "WMAXMAG03": 0.1, "MAXMAG01": 6.3, "MAXMAG02": 6.6, "MAXMAG03": 6.9, "STRIKE1": 0.0, "STRIKE2": 0.0, "STRIKE3": 0.0, "STRIKE4": 0.0, "DIP1": 89.99, "DIP2": 0.0, "DIP3": 0.0, "DIP4": 0.0, "aspRatio": 1.0, "mfd_bin": 0.2, "a_val": 2.7703, "a_hi": 2.7758874264200002, "a_mid": 2.7700311696100002, "a_lo": 2.7641749127900002, "sigma_a": 0.01, "b_val": 0.98, "b_hi": 1.0118639364, "b_mid": 0.98, "b_lo": 0.94813606360400005, "sigma_b": 0.01, "cum_cov_ab": 0.054321, "MCORNERP1": 6.0, "MCORNERP2": 6.2, "MCORNERP3": 6.4, "MAXMAGP1": 6.2, "MAXMAGP2": 6.2, "utsu_bval2": 0.0, "utsu_aval": 0.0, "utsu_Minfl": 0.0, "FID_gras26": -1, "Shape_Leng": 936711.219377, "Shape_Area": 36915428096.400002 }, "geometry": { "type": "Polygon", "coordinates": [ [ [ -2.096477999826629, 43.486216999655852, 0.0 ], [ -1.937674223650289, 43.101566684548807, 0.0 ], [ -2.490061972298813, 42.534341125258969, 0.0 ], [ -5.29617915603711, 43.713921524210406, 0.0 ], [ -5.340624713277273, 43.971677144838296, 0.0 ], [ -2.976200999834426, 43.646046999859799, 0.0 ], [ -2.096477999826629, 43.486216999655852, 0.0 ] ] ] } },
{ "type": "Feature", "properties": { "FID_gras38": -1, "FID_gras24": -1, "FID_gras_1": -1, "FID_eshm20": 105, "ZONE_ID": "ESAS124", "areakm2": 13077.0019221, "tctCluster": "Shallow Default", "CSZ_ID": "SZ19", "TECTO_ID": "TSZ115", "magScaleRe": "WC1994", "SS": 30.0, "NF": 30.0, "TF": 40.0, "MINDEPTH": 0.0, "MAXDEPTH": 20.0, "HYPODEPTH1": 2.0, "HYPODEPTH2": 10.0, "HYPODEPTH3": 18.0, "WHDEPTH1": 0.1, "WHDEPTH2": 0.4, "WHDEPTH3": 0.5, "WMAXMAG01": 0.5, "WMAXMAG02": 0.4, "WMAXMAG03": 0.1, "MAXMAG01": 6.3, "MAXMAG02": 6.6, "MAXMAG03": 6.9, "STRIKE1": 0.0, "STRIKE2": 0.0, "STRIKE3": 0.0, "STRIKE4": 0.0, "DIP1": 89.99, "DIP2": 0.0, "DIP3": 0.0, "DIP4": 0.0, "aspRatio": 1.0, "mfd_bin": 0.2, "a_val": 3.05, "a_hi": 3.0665034009799998, "a_mid": 3.0499092675299999, "a_lo": 3.03331513408, "sigma_a": 0.02, "b_val": 0.98, "b_hi": 1.025062411, "b_mid": 0.98, "b_lo": 0.93493758899799995, "sigma_b": 0.02, "cum_cov_ab": 0.054321, "MCORNERP1": 6.0, "MCORNERP2": 6.2, "MCORNERP3": 6.4, "MAXMAGP1": 6.2, "MAXMAGP2": 6.4, "utsu_bval2": 0.0, "utsu_aval": 0.0, "utsu_Minfl": 0.0, "FID_gras26": -1, "Shape_Leng": 566700.61546200002, "Shape_Area": 17782270544.400002 }, "geometry": { "type": "Polygon", "coordinates": [ [ [ -0.797481999489752, 42.996238999242564, 0.0 ], [ -0.756506999806435, 42.858222000047732, 0.0 ], [ -0.60593799988957, 42.788773999914497, 0.0 ], [ -0.522499999645284, 42.750300000203566, 0.0 ], [ -0.848624000404697, 42.214086999270954, 0.0 ], [ -2.490061972298813, 42.534341125258969, 0.0 ], [ -1.937674223650289, 43.101566684548807, 0.0 ], [ -1.644957007035326, 42.991743034248778, 0.0 ], [ -0.797481999489752, 42.996238999242564, 0.0 ] ] ] } },
{ "type": "Feature", "properties": { "FID_gras38": -1, "FID_gras24": -1, "FID_gras_1": -1, "FID_eshm20": 106, "ZONE_ID": "ESAS125", "areakm2": 16856.151106099998, "tctCluster": "Shallow Default", "CSZ_ID": "SZ19", "TECTO_ID": "TSZ099", "magScaleRe": "WC1994", "SS": 30.0, "NF": 30.0, "TF": 40.0, "MINDEPTH": 0.0, "MAXDEPTH": 20.0, "HYPODEPTH1": 2.0, "HYPODEPTH2": 10.0, "HYPODEPTH3": 18.0, "WHDEPTH1": 0.1, "WHDEPTH2": 0.4, "WHDEPTH3": 0.5, "WMAXMAG01": 0.5, "WMAXMAG02": 0.4, "WMAXMAG03": 0.1, "MAXMAG01": 6.3, "MAXMAG02": 6.6, "MAXMAG03": 6.9, "STRIKE1": 2.267833, "STRIKE2": 143.288033, "STRIKE3": 0.0, "STRIKE4": 319.5088, "DIP1": 60.524667, "DIP2": 57.568, "DIP3": 0.0, "DIP4": 58.8023, "aspRatio": 1.0, "mfd_bin": 0.2, "a_val": 2.3, "a_hi": 2.3091119715100001, "a_mid": 2.30020036712, "a_lo": 2.2912887627299998, "sigma_a": 0.02, "b_val": 0.88, "b_hi": 0.91186393639600005, "b_mid": 0.88, "b_lo": 0.84813606360399996, "sigma_b": 0.01, "cum_cov_ab": 0.054321, "MCORNERP1": 6.0, "MCORNERP2": 6.2, "MCORNERP3": 6.4, "MAXMAGP1": 6.2, "MAXMAGP2": 6.4, "utsu_bval2": 0.0, "utsu_aval": 0.0, "utsu_Minfl": 0.0, "FID_gras26": -1, "Shape_Leng": 593203.57741599996, "Shape_Area": 22678470670.599998 }, "geometry": { "type": "Polygon", "coordinates": [ [ [ 3.09396886965288, 41.22924415747319, 0.0 ], [ 2.306799999443735, 42.196800000316031, 0.0 ], [ 3.437910080012026, 42.50972170150515, 0.0 ], [ 4.210268729762451, 41.876873407256419, 0.0 ], [ 3.826367999571703, 41.494872999559952, 0.0 ], [ 3.09396886965288, 41.22924415747319, 0.0 ] ] ] } },
{ "type": "Feature", "properties": { "FID_gras38": -1, "FID_gras24": -1, "FID_gras_1": -1, "FID_eshm20": 107, "ZONE_ID": "ESAS126", "areakm2": 10237.043999199999, "tctCluster": "Shallow Default", "CSZ_ID": "SZ05", "TECTO_ID": "TSZ099", "magScaleRe": "WC1994", "SS": 30.0, "NF": 30.0, "TF": 40.0, "MINDEPTH": 0.0, "MAXDEPTH": 20.0, "HYPODEPTH1": 2.0, "HYPODEPTH2": 10.0, "HYPODEPTH3": 18.0, "WHDEPTH1": 0.1, "WHDEPTH2": 0.4, "WHDEPTH3": 0.5, "WMAXMAG01": 0.5, "WMAXMAG02": 0.4, "WMAXMAG03": 0.1, "MAXMAG01": 6.5, "MAXMAG02": 6.8, "MAXMAG03": 7.1, "STRIKE1": 0.0, "STRIKE2": 0.0, "STRIKE3": 240.699316, "STRIKE4": 284.386118, "DIP1": 57.844263, "DIP2": 0.0, "DIP3": 57.844263, "DIP4": 66.058471, "aspRatio": 1.0, "mfd_bin": 0.2, "a_val": 2.3867, "a_hi": 2.3928576504499999, "a_mid": 2.3869921213600001, "a_lo": 2.3811265922599998, "sigma_a": 0.01, "b_val": 0.88, "b_hi": 0.91186393639600005, "b_mid": 0.88, "b_lo": 0.84813606360399996, "sigma_b": 0.01, "cum_cov_ab": 0.054321, "MCORNERP1": 6.0, "MCORNERP2": 6.2, "MCORNERP3": 6.4, "MAXMAGP1": 6.2, "MAXMAGP2": 6.4, "utsu_bval2": 0.0, "utsu_aval": 0.0, "utsu_Minfl": 0.0, "FID_gras26": -1, "Shape_Leng": 755440.15637300001, "Shape_Area": 13905091509.0 }, "geometry": { "type": "Polygon", "coordinates": [ [ [ 0.260724999666937, 42.823230000001821, 0.0 ], [ 2.380000000107862, 42.605399999950961, 0.0 ], [ 1.300345843018767, 42.284975807277782, 0.0 ], [ -0.522499999645284, 42.750300000203566, 0.0 ], [ -0.60593799988957, 42.788773999914497, 0.0 ], [ -0.756506999806435, 42.858222000047732, 0.0 ], [ -0.797481999489752, 42.996238999242564, 0.0 ], [ 0.260724999666937, 42.823230000001821, 0.0 ] ] ] } },
{ "type": "Feature", "properties": { "FID_gras38": -1, "FID_gras24": -1, "FID_gras_1": -1, "FID_eshm20": 108, "ZONE_ID": "ESAS127", "areakm2": 29786.999486100001, "tctCluster": "Shallow Default", "CSZ_ID": "SZ19", "TECTO_ID": "TSZ029", "magScaleRe": "WC1994", "SS": 30.0, "NF": 60.0, "TF": 10.0, "MINDEPTH": 0.0, "MAXDEPTH": 22.0, "HYPODEPTH1": 2.0, "HYPODEPTH2": 10.0, "HYPODEPTH3": 18.0, "WHDEPTH1": 0.1, "WHDEPTH2": 0.4, "WHDEPTH3": 0.5, "WMAXMAG01": 0.5, "WMAXMAG02": 0.4, "WMAXMAG03": 0.1, "MAXMAG01": 7.1, "MAXMAG02": 7.4, "MAXMAG03": 7.7, "STRIKE1": 50.802041, "STRIKE2": 92.8995, "STRIKE3": 246.362617, "STRIKE4": 299.785106, "DIP1": 66.141976, "DIP2": 78.393, "DIP3": 63.591757, "DIP4": 70.273404, "aspRatio": 1.0, "mfd_bin": 0.2, "a_val": 3.21, "a_hi": 3.2537215871699998, "a_mid": 3.2098636893800001, "a_lo": 3.16600579159, "sigma_a": 0.096782413303699993, "b_val": 0.86, "b_hi": 0.90844747782000002, "b_mid": 0.86, "b_lo": 0.81155252217999996, "sigma_b": 0.0231176397725, "cum_cov_ab": 0.054321, "MCORNERP1": 5.8, "MCORNERP2": 6.0, "MCORNERP3": 6.2, "MAXMAGP1": 6.2, "MAXMAGP2": 6.4, "utsu_bval2": 0.0, "utsu_aval": 0.0, "utsu_Minfl": 0.0, "FID_gras26": -1, "Shape_Leng": 910692.50860599999, "Shape_Area": 41306375845.699997 }, "geometry": { "type": "Polygon", "coordinates": [ [ [ -0.62103827198047, 38.250655229991438, 0.0 ], [ -0.984400377859281, 38.16383090480344, 0.0 ], [ -1.340847428750731, 38.008199094537325, 0.0 ], [ -1.57027883935094, 37.813408312754177, 0.0 ], [ -1.75804108791184, 37.731074063950096, 0.0 ], [ -2.01082466605681, 37.521501667072975, 0.0 ], [ -1.978484434581221, 37.376899078132766, 0.0 ], [ -2.136820717602245, 37.344108056532562, 0.0 ], [ -2.520479058074846, 37.348872856297888, 0.0 ], [ -2.807426224041656, 37.755234648074293, 0.0 ], [ -2.968078415967413, 37.678924856114712, 0.0 ], [ -3.577139332585424, 38.255197585921508, 0.0 ], [ -1.066419896947389, 39.151653459265297, 0.0 ], [ -1.066228850439313, 38.97420170365708, 0.0 ], [ -0.960798078016922, 38.789998863024813, 0.0 ], [ -0.62103827198047, 38.250655229991438, 0.0 ] ] ] } },
{ "type": "Feature", "properties": { "FID_gras38": -1, "FID_gras24": -1, "FID_gras_1": -1, "FID_eshm20": 109, "ZONE_ID": "ESAS128", "areakm2": 33277.199619300001, "tctCluster": "Shallow Default", "CSZ_ID": "SZ19", "TECTO_ID": "TSZ016", "magScaleRe": "WC1994", "SS": 30.0, "NF": 60.0, "TF": 10.0, "MINDEPTH": 0.0, "MAXDEPTH": 30.0, "HYPODEPTH1": 2.0, "HYPODEPTH2": 10.0, "HYPODEPTH3": 18.0, "WHDEPTH1": 0.1, "WHDEPTH2": 0.4, "WHDEPTH3": 0.5, "WMAXMAG01": 0.5, "WMAXMAG02": 0.4, "WMAXMAG03": 0.1, "MAXMAG01": 7.1, "MAXMAG02": 7.3, "MAXMAG03": 7.6, "STRIKE1": 0.0, "STRIKE2": 0.0, "STRIKE3": 0.0, "STRIKE4": 0.0, "DIP1": 89.99, "DIP2": 0.0, "DIP3": 0.0, "DIP4": 0.0, "aspRatio": 1.0, "mfd_bin": 0.2, "a_val": 4.0404330784000004, "a_hi": 4.1208787540399996, "a_mid": 4.0403137066000001, "a_lo": 3.9597486591500002, "sigma_a": 0.16016968403599999, "b_val": 1.1224911386900001, "b_hi": 1.18585466837, "b_mid": 1.1224911386900001, "b_lo": 1.0591276090099999, "sigma_b": 0.039543933806700002, "cum_cov_ab": 0.054321, "MCORNERP1": 6.6, "MCORNERP2": 6.8, "MCORNERP3": 7.0, "MAXMAGP1": 6.6, "MAXMAGP2": 6.8, "utsu_bval2": 0.0, "utsu_aval": 0.0, "utsu_Minfl": 0.0, "FID_gras26": -1, "Shape_Leng": 1029905.41773, "Shape_Area": 38411734244.5 }, "geometry": { "type": "Polygon", "coordinates": [ [ [ -3.242355983017207, 36.203041655158444, 0.0 ], [ -4.352054476243392, 35.502088386175764, 0.0 ], [ -5.695182580176766, 34.38760362846994, 0.0 ], [ -6.434678187939422, 34.683093266267861, 0.0 ], [ -6.100683149558892, 35.487166897366464, 0.0 ], [ -4.920655793487511, 35.54630786024925, 0.0 ], [ -4.922780999938889, 36.19642100022962, 0.0 ], [ -4.720587000131629, 36.280765999777316, 0.0 ], [ -3.770354999911312, 36.677159000357108, 0.0 ], [ -3.242355983017207, 36.203041655158444, 0.0 ] ] ] } },
{ "type": "Feature", "properties": { "FID_gras38": -1, "FID_gras24": -1, "FID_gras_1": -1, "FID_eshm20": 110, "ZONE_ID": "ESAS129", "areakm2": 29270.310849199999, "tctCluster": "Shallow Default", "CSZ_ID": "SZ51", "TECTO_ID": "TSZ177", "magScaleRe": "WC1994", "SS": 60.0, "NF": 10.0, "TF": 30.0, "MINDEPTH": 0.0, "MAXDEPTH": 60.0, "HYPODEPTH1": 2.0, "HYPODEPTH2": 10.0, "HYPODEPTH3": 18.0, "WHDEPTH1": 0.1, "WHDEPTH2": 0.4, "WHDEPTH3": 0.5, "WMAXMAG01": 0.5, "WMAXMAG02": 0.4, "WMAXMAG03": 0.1, "MAXMAG01": 8.5, "MAXMAG02": 8.6, "MAXMAG03": 8.7, "STRIKE1": 0.0, "STRIKE2": 0.0, "STRIKE3": 257.355907, "STRIKE4": 276.652111, "DIP1": 30.847037, "DIP2": 0.0, "DIP3": 30.847037, "DIP4": 82.906, "aspRatio": 1.0, "mfd_bin": 0.2, "a_val": 3.355, "a_hi": 3.3609315039399998, "a_mid": 3.3550790720700001, "a_lo": 3.3492266401899999, "sigma_a": 0.01, "b_val": 0.9, "b_hi": 0.93186393639599996, "b_mid": 0.9, "b_lo": 0.86813606360399997, "sigma_b": 0.01, "cum_cov_ab": 0.054321, "MCORNERP1": 6.6, "MCORNERP2": 6.8, "MCORNERP3": 7.0, "MAXMAGP1": 6.8, "MAXMAGP2": 7.0, "utsu_bval2": 0.0, "utsu_aval": 0.0, "utsu_Minfl": 0.0, "FID_gras26": -1, "Shape_Leng": 955022.61848199996, "Shape_Area": 36470387983.599998 }, "geometry": { "type": "Polygon", "coordinates": [ [ [ -6.426775999439156, 36.414000999738654, 0.0 ], [ -6.845894732084491, 36.26804463425227, 0.0 ], [ -7.89458100048282, 36.246857000191412, 0.0 ], [ -8.734820377553811, 36.118318290722257, 0.0 ], [ -9.441470999465858, 36.154385999319445, 0.0 ], [ -9.6817781461243, 37.185096570904733, 0.0 ], [ -9.159670870158287, 36.991500756370783, 0.0 ], [ -8.825655884686874, 36.842465056596716, 0.0 ], [ -7.793789465055887, 36.890218734240669, 0.0 ], [ -7.135512000096166, 37.308694000003577, 0.0 ], [ -6.81329300013137, 37.136141999418633, 0.0 ], [ -6.426775999439156, 36.414000999738654, 0.0 ] ] ] } },
{ "type": "Feature", "properties": { "FID_gras38": -1, "FID_gras24": -1, "FID_gras_1": -1, "FID_eshm20": 111, "ZONE_ID": "ESAS132", "areakm2": 13256.455390200001, "tctCluster": "Shallow Default", "CSZ_ID": "SZ19", "TECTO_ID": "TSZ029", "magScaleRe": "WC1994", "SS": 30.0, "NF": 60.0, "TF": 10.0, "MINDEPTH": 0.0, "MAXDEPTH": 22.0, "HYPODEPTH1": 2.0, "HYPODEPTH2": 10.0, "HYPODEPTH3": 18.0, "WHDEPTH1": 0.1, "WHDEPTH2": 0.4, "WHDEPTH3": 0.5, "WMAXMAG01": 0.5, "WMAXMAG02": 0.4, "WMAXMAG03": 0.1, "MAXMAG01": 7.1, "MAXMAG02": 7.4, "MAXMAG03": 7.7, "STRIKE1": 34.43675, "STRIKE2": 0.0, "STRIKE3": 0.0, "STRIKE4": 337.712889, "DIP1": 67.162, "DIP2": 0.0, "DIP3": 0.0, "DIP4": 42.316278, "aspRatio": 1.0, "mfd_bin": 0.2, "a_val": 3.35, "a_hi": 3.4198487821299999, "a_mid": 3.34997020028, "a_lo": 3.2800916184300002, "sigma_a": 0.061423452801700001, "b_val": 1.03, "b_hi": 1.1089708003300001, "b_mid": 1.03, "b_lo": 0.95102919966499999, "sigma_b": 0.061423452801700001, "cum_cov_ab": 0.054321, "MCORNERP1": 6.0, "MCORNERP2": 6.2, "MCORNERP3": 6.4, "MAXMAGP1": 6.2, "MAXMAGP2": 6.4, "utsu_bval2": 0.0, "utsu_aval": 0.0, "utsu_Minfl": 0.0, "FID_gras26": -1, "Shape_Leng": 566523.70115800004, "Shape_Area": 21432278765.799999 }, "geometry": { "type": "Polygon", "coordinates": [ [ [ -4.922780999938889, 36.19642100022962, 0.0 ], [ -4.920655793487511, 35.54630786024925, 0.0 ], [ -6.100683149558892, 35.487166897366464, 0.0 ], [ -6.426775999439156, 36.414000999738654, 0.0 ], [ -5.645116000099162, 36.7701740000062, 0.0 ], [ -4.922780999938889, 36.19642100022962, 0.0 ] ] ] } },
{ "type": "Feature", "properties": { "FID_gras38": -1, "FID_gras24": -1, "FID_gras_1": -1, "FID_eshm20": 112, "ZONE_ID": "ESAS133", "areakm2": 48713.1478155, "tctCluster": "Shallow Default", "CSZ_ID": "SZ19", "TECTO_ID": "TSZ039", "magScaleRe": "WC1994", "SS": 30.0, "NF": 60.0, "TF": 10.0, "MINDEPTH": 0.0, "MAXDEPTH": 12.0, "HYPODEPTH1": 2.0, "HYPODEPTH2": 8.0, "HYPODEPTH3": 10.0, "WHDEPTH1": 0.1, "WHDEPTH2": 0.4, "WHDEPTH3": 0.5, "WMAXMAG01": 0.5, "WMAXMAG02": 0.4, "WMAXMAG03": 0.1, "MAXMAG01": 6.3, "MAXMAG02": 6.6, "MAXMAG03": 6.9, "STRIKE1": 29.651658, "STRIKE2": 177.528, "STRIKE3": 205.299939, "STRIKE4": 0.0, "DIP1": 57.985632, "DIP2": 57.879958, "DIP3": 57.932394, "DIP4": 0.0, "aspRatio": 1.0, "mfd_bin": 0.2, "a_val": 3.133, "a_hi": 3.2328052992999998, "a_mid": 3.1328213913799998, "a_lo": 3.0328374834599998, "sigma_a": 0.163334048506, "b_val": 0.967, "b_hi": 1.0221899567699999, "b_mid": 0.967, "b_lo": 0.91181004323199999, "sigma_b": 0.03, "cum_cov_ab": 0.054321, "MCORNERP1": 6.0, "MCORNERP2": 6.2, "MCORNERP3": 6.4, "MAXMAGP1": 6.2, "MAXMAGP2": 6.4, "utsu_bval2": 0.0, "utsu_aval": 0.0, "utsu_Minfl": 0.0, "FID_gras26": -1, "Shape_Leng": 1314120.71838, "Shape_Area": 68375972482.300003 }, "geometry": { "type": "Polygon", "coordinates": [ [ [ 3.09396886965288, 41.22924415747319, 0.0 ], [ 1.398999999822218, 40.683599999797295, 0.0 ], [ 0.269433727968626, 39.479887816440524, 0.0 ], [ -0.700362048410594, 39.489110254406043, 0.0 ], [ -1.05935362854828, 39.386651760044046, 0.0 ], [ 0.123800000357465, 40.845200000173328, 0.0 ], [ 0.983096348358532, 41.655060929528851, 0.0 ], [ 1.740206999866241, 42.075271999073195, 0.0 ], [ 2.306799999443735, 42.196800000316031, 0.0 ], [ 3.09396886965288, 41.22924415747319, 0.0 ] ] ] } },
{ "type": "Feature", "properties": { "FID_gras38": -1, "FID_gras24": -1, "FID_gras_1": -1, "FID_eshm20": 113, "ZONE_ID": "ESAS134", "areakm2": 11012.9074872, "tctCluster": "Shallow Default", "CSZ_ID": "SZ19", "TECTO_ID": "TSZ029", "magScaleRe": "WC1994", "SS": 30.0, "NF": 60.0, "TF": 10.0, "MINDEPTH": 0.0, "MAXDEPTH": 22.0, "HYPODEPTH1": 2.0, "HYPODEPTH2": 10.0, "HYPODEPTH3": 18.0, "WHDEPTH1": 0.1, "WHDEPTH2": 0.4, "WHDEPTH3": 0.5, "WMAXMAG01": 0.5, "WMAXMAG02": 0.4, "WMAXMAG03": 0.1, "MAXMAG01": 7.1, "MAXMAG02": 7.4, "MAXMAG03": 7.7, "STRIKE1": 59.40355, "STRIKE2": 96.829333, "STRIKE3": 219.588167, "STRIKE4": 0.0, "DIP1": 53.1024, "DIP2": 30.167333, "DIP3": 67.162, "DIP4": 0.0, "aspRatio": 1.0, "mfd_bin": 0.2, "a_val": 3.51, "a_hi": 3.58019394009, "a_mid": 3.5103670904, "a_lo": 3.4405402407099999, "sigma_a": 0.163334048506, "b_val": 1.04, "b_hi": 1.11894588459, "b_mid": 1.04, "b_lo": 0.96105411541399999, "sigma_b": 0.0613847, "cum_cov_ab": 0.054321, "MCORNERP1": 6.4, "MCORNERP2": 6.6, "MCORNERP3": 6.8, "MAXMAGP1": 6.6, "MAXMAGP2": 6.6, "utsu_bval2": 0.0, "utsu_aval": 0.0, "utsu_Minfl": 0.0, "FID_gras26": -1, "Shape_Leng": 488260.396672, "Shape_Area": 12677700947.299999 }, "geometry": { "type": "Polygon", "coordinates": [ [ [ -3.770354999911312, 36.677159000357108, 0.0 ], [ -4.720587000131629, 36.280765999777316, 0.0 ], [ -4.922780999938889, 36.19642100022962, 0.0 ], [ -5.645116000099162, 36.7701740000062, 0.0 ], [ -4.962869999342327, 37.074052999690458, 0.0 ], [ -3.770354999911312, 36.677159000357108, 0.0 ] ] ] } },
{ "type": "Feature", "properties": { "FID_gras38": -1, "FID_gras24": -1, "FID_gras_1": -1, "FID_eshm20": 114, "ZONE_ID": "ESAS135", "areakm2": 8262.9789223200005, "tctCluster": "Shallow Default", "CSZ_ID": "SZ19", "TECTO_ID": "TSZ029", "magScaleRe": "WC1994", "SS": 30.0, "NF": 60.0, "TF": 10.0, "MINDEPTH": 0.0, "MAXDEPTH": 22.0, "HYPODEPTH1": 2.0, "HYPODEPTH2": 10.0, "HYPODEPTH3": 18.0, "WHDEPTH1": 0.1, "WHDEPTH2": 0.4, "WHDEPTH3": 0.5, "WMAXMAG01": 0.5, "WMAXMAG02": 0.4, "WMAXMAG03": 0.1, "MAXMAG01": 7.1, "MAXMAG02": 7.4, "MAXMAG03": 7.7, "STRIKE1": 70.121179, "STRIKE2": 135.806971, "STRIKE3": 238.158692, "STRIKE4": 298.263739, "DIP1": 54.9405, "DIP2": 54.041912, "DIP3": 60.114, "DIP4": 59.465696, "aspRatio": 1.0, "mfd_bin": 0.2, "a_val": 3.9297990616799998, "a_hi": 3.99225411274, "a_mid": 3.92977043523, "a_lo": 3.8672867577300001, "sigma_a": 0.12881009003, "b_val": 1.04941461647, "b_hi": 1.1057905154000001, "b_mid": 1.04941461647, "b_lo": 0.99303871752899997, "sigma_b": 0.031303154655100002, "cum_cov_ab": 0.054321, "MCORNERP1": 6.4, "MCORNERP2": 6.6, "MCORNERP3": 6.8, "MAXMAGP1": 6.6, "MAXMAGP2": 6.8, "utsu_bval2": 0.0, "utsu_aval": 0.0, "utsu_Minfl": 0.0, "FID_gras26": -1, "Shape_Leng": 458137.01286399999, "Shape_Area": 10613718533.0 }, "geometry": { "type": "Polygon", "coordinates": [ [ [ -3.424083999879684, 36.888653999913075, 0.0 ], [ -3.770354999911312, 36.677159000357108, 0.0 ], [ -4.962869999342327, 37.074052999690458, 0.0 ], [ -3.493359999482653, 37.531648999279788, 0.0 ], [ -3.424083999879684, 36.888653999913075, 0.0 ] ] ] } },
{ "type": "Feature", "properties": { "FID_gras38": -1, "FID_gras24": -1, "FID_gras_1": -1, "FID_eshm20": 115, "ZONE_ID": "ESAS136", "areakm2": 13364.5296409, "tctCluster": "Shallow Default", "CSZ_ID": "SZ19", "TECTO_ID": "TSZ029", "magScaleRe": "WC1994", "SS": 33.0, "NF": 33.0, "TF": 34.0, "MINDEPTH": 0.0, "MAXDEPTH": 22.0, "HYPODEPTH1": 2.0, "HYPODEPTH2": 10.0, "HYPODEPTH3": 18.0, "WHDEPTH1": 0.1, "WHDEPTH2": 0.4, "WHDEPTH3": 0.5, "WMAXMAG01": 0.5, "WMAXMAG02": 0.4, "WMAXMAG03": 0.1, "MAXMAG01": 7.1, "MAXMAG02": 7.4, "MAXMAG03": 7.7, "STRIKE1": 62.35661, "STRIKE2": 103.0539, "STRIKE3": 0.0, "STRIKE4": 0.0, "DIP1": 74.694412, "DIP2": 67.1789, "DIP3": 0.0, "DIP4": 0.0, "aspRatio": 1.0, "mfd_bin": 0.2, "a_val": 3.03030447668, "a_hi": 3.1003999150900001, "a_mid": 3.0305283686000002, "a_lo": 2.9606568220999998, "sigma_a": 0.123047962494, "b_val": 0.87108312366200003, "b_hi": 0.92494585916200001, "b_mid": 0.87108312366200003, "b_lo": 0.81722038816300002, "sigma_b": 0.028574455196399999, "cum_cov_ab": 0.054321, "MCORNERP1": 6.2, "MCORNERP2": 6.4, "MCORNERP3": 6.6, "MAXMAGP1": 6.6, "MAXMAGP2": 6.6, "utsu_bval2": 0.0, "utsu_aval": 0.0, "utsu_Minfl": 0.0, "FID_gras26": -1, "Shape_Leng": 499925.690947, "Shape_Area": 9997087531.3500004 }, "geometry": { "type": "Polygon", "coordinates": [ [ [ -3.242355983017207, 36.203041655158444, 0.0 ], [ -3.770354999911312, 36.677159000357108, 0.0 ], [ -3.424083999879684, 36.888653999913075, 0.0 ], [ -2.537230901680219, 37.03040385228072, 0.0 ], [ -1.957097815014109, 37.162907849924821, 0.0 ], [ -3.242355983017207, 36.203041655158444, 0.0 ] ] ] } },
{ "type": "Feature", "properties": { "FID_gras38": -1, "FID_gras24": -1, "FID_gras_1": -1, "FID_eshm20": 116, "ZONE_ID": "ESAS137", "areakm2": 18092.215644700002, "tctCluster": "Shallow Default", "CSZ_ID": "SZ19", "TECTO_ID": "TSZ029", "magScaleRe": "WC1994", "SS": 30.0, "NF": 60.0, "TF": 10.0, "MINDEPTH": 0.0, "MAXDEPTH": 22.0, "HYPODEPTH1": 2.0, "HYPODEPTH2": 10.0, "HYPODEPTH3": 18.0, "WHDEPTH1": 0.1, "WHDEPTH2": 0.4, "WHDEPTH3": 0.5, "WMAXMAG01": 0.5, "WMAXMAG02": 0.4, "WMAXMAG03": 0.1, "MAXMAG01": 7.1, "MAXMAG02": 7.4, "MAXMAG03": 7.7, "STRIKE1": 0.0, "STRIKE2": 0.0, "STRIKE3": 0.0, "STRIKE4": 0.0, "DIP1": 89.99, "DIP2": 0.0, "DIP3": 0.0, "DIP4": 0.0, "aspRatio": 1.0, "mfd_bin": 0.2, "a_val": 3.13, "a_hi": 3.13567764613, "a_mid": 3.12978248733, "a_lo": 3.12388732853, "sigma_a": 0.01, "b_val": 0.9218, "b_hi": 0.953663936396, "b_mid": 0.9218, "b_lo": 0.88993606360400002, "sigma_b": 0.01, "cum_cov_ab": 0.054321, "MCORNERP1": 6.0, "MCORNERP2": 6.2, "MCORNERP3": 6.4, "MAXMAGP1": 6.4, "MAXMAGP2": 6.4, "utsu_bval2": 0.0, "utsu_aval": 0.0, "utsu_Minfl": 0.0, "FID_gras26": -1, "Shape_Leng": 655216.90374600003, "Shape_Area": 22865600458.099998 }, "geometry": { "type": "Polygon", "coordinates": [ [ [ -2.968078415967413, 37.678924856114712, 0.0 ], [ -3.493359999482653, 37.531648999279788, 0.0 ], [ -4.962869999342327, 37.074052999690458, 0.0 ], [ -5.291697000248907, 37.822812999706997, 0.0 ], [ -3.577139332585424, 38.255197585921508, 0.0 ], [ -2.968078415967413, 37.678924856114712, 0.0 ] ] ] } },
{ "type": "Feature", "properties": { "FID_gras38": -1, "FID_gras24": -1, "FID_gras_1": -1, "FID_eshm20": 117, "ZONE_ID": "ESAS138", "areakm2": 19552.883072299999, "tctCluster": "Shallow Default", "CSZ_ID": "SZ19", "TECTO_ID": "TSZ029", "magScaleRe": "WC1994", "SS": 30.0, "NF": 60.0, "TF": 10.0, "MINDEPTH": 0.0, "MAXDEPTH": 22.0, "HYPODEPTH1": 2.0, "HYPODEPTH2": 10.0, "HYPODEPTH3": 18.0, "WHDEPTH1": 0.1, "WHDEPTH2": 0.4, "WHDEPTH3": 0.5, "WMAXMAG01": 0.5, "WMAXMAG02": 0.4, "WMAXMAG03": 0.1, "MAXMAG01": 7.1, "MAXMAG02": 7.4, "MAXMAG03": 7.7, "STRIKE1": 0.0, "STRIKE2": 0.0, "STRIKE3": 0.0, "STRIKE4": 0.0, "DIP1": 89.99, "DIP2": 0.0, "DIP3": 0.0, "DIP4": 0.0, "aspRatio": 1.0, "mfd_bin": 0.2, "a_val": 3.6188, "a_hi": 3.6247861926399998, "a_mid": 3.6189735919600001, "a_lo": 3.61316099127, "sigma_a": 0.01, "b_val": 1.06, "b_hi": 1.0918639364, "b_mid": 1.06, "b_lo": 1.0281360636000001, "sigma_b": 0.01, "cum_cov_ab": 0.054321, "MCORNERP1": 6.4, "MCORNERP2": 6.6, "MCORNERP3": 6.8, "MAXMAGP1": 6.6, "MAXMAGP2": 6.6, "utsu_bval2": 0.0, "utsu_aval": 0.0, "utsu_Minfl": 0.0, "FID_gras26": -1, "Shape_Leng": 668183.75747700001, "Shape_Area": 24541400271.200001 }, "geometry": { "type": "Polygon", "coordinates": [ [ [ -4.962869999342327, 37.074052999690458, 0.0 ], [ -5.645116000099162, 36.7701740000062, 0.0 ], [ -6.426775999439156, 36.414000999738654, 0.0 ], [ -6.81329300013137, 37.136141999418633, 0.0 ], [ -7.135512000096166, 37.308694000003577, 0.0 ], [ -5.291697000248907, 37.822812999706997, 0.0 ], [ -4.962869999342327, 37.074052999690458, 0.0 ] ] ] } },
{ "type": "Feature", "properties": { "FID_gras38": -1, "FID_gras24": -1, "FID_gras_1": -1, "FID_eshm20": 118, "ZONE_ID": "ESAS139", "areakm2": 9401.0922139600007, "tctCluster": "Shallow Default", "CSZ_ID": "SZ19", "TECTO_ID": "TSZ029", "magScaleRe": "WC1994", "SS": 30.0, "NF": 60.0, "TF": 10.0, "MINDEPTH": 0.0, "MAXDEPTH": 22.0, "HYPODEPTH1": 2.0, "HYPODEPTH2": 10.0, "HYPODEPTH3": 18.0, "WHDEPTH1": 0.1, "WHDEPTH2": 0.4, "WHDEPTH3": 0.5, "WMAXMAG01": 0.5, "WMAXMAG02": 0.4, "WMAXMAG03": 0.1, "MAXMAG01": 7.1, "MAXMAG02": 7.4, "MAXMAG03": 7.7, "STRIKE1": 0.0, "STRIKE2": 147.254529, "STRIKE3": 180.0, "STRIKE4": 0.0, "DIP1": 62.099412, "DIP2": 62.099412, "DIP3": 67.162, "DIP4": 0.0, "aspRatio": 1.0, "mfd_bin": 0.2, "a_val": 3.3, "a_hi": 3.4365374329799998, "a_mid": 3.2999025659500001, "a_lo": 3.1632676989099999, "sigma_a": 0.22668660242700001, "b_val": 0.96, "b_hi": 1.0340697876, "b_mid": 0.96, "b_lo": 0.88593021240400005, "sigma_b": 0.0540360189743, "cum_cov_ab": 0.054321, "MCORNERP1": 6.4, "MCORNERP2": 6.6, "MCORNERP3": 6.8, "MAXMAGP1": 6.6, "MAXMAGP2": 6.8, "utsu_bval2": 0.0, "utsu_aval": 0.0, "utsu_Minfl": 0.0, "FID_gras26": -1, "Shape_Leng": 497576.24915799999, "Shape_Area": 11751951508.5 }, "geometry": { "type": "Polygon", "coordinates": [ [ [ -2.520479058074846, 37.348872856297888, 0.0 ], [ -2.136857655428429, 37.344096706280311, 0.0 ], [ -1.978484434581221, 37.376899078132766, 0.0 ], [ -1.948850510849713, 37.264914512113549, 0.0 ], [ -1.957097815014109, 37.162907849924821, 0.0 ], [ -2.537230901680219, 37.03040385228072, 0.0 ], [ -3.424083999879684, 36.888653999913075, 0.0 ], [ -3.493359999482653, 37.531648999279788, 0.0 ], [ -2.968078415967413, 37.678924856114712, 0.0 ], [ -2.807426224041656, 37.755234648074293, 0.0 ], [ -2.520479058074846, 37.348872856297888, 0.0 ] ] ] } },
{ "type": "Feature", "properties": { "FID_gras38": -1, "FID_gras24": -1, "FID_gras_1": -1, "FID_eshm20": 119, "ZONE_ID": "ESAS140", "areakm2": 34406.817978799998, "tctCluster": "Shallow Default", "CSZ_ID": "SZ19", "TECTO_ID": "TSZ029", "magScaleRe": "WC1994", "SS": 33.0, "NF": 33.0, "TF": 34.0, "MINDEPTH": 0.0, "MAXDEPTH": 22.0, "HYPODEPTH1": 2.0, "HYPODEPTH2": 10.0, "HYPODEPTH3": 18.0, "WHDEPTH1": 0.1, "WHDEPTH2": 0.4, "WHDEPTH3": 0.5, "WMAXMAG01": 0.5, "WMAXMAG02": 0.4, "WMAXMAG03": 0.1, "MAXMAG01": 7.1, "MAXMAG02": 7.4, "MAXMAG03": 7.7, "STRIKE1": 62.35661, "STRIKE2": 103.0539, "STRIKE3": 0.0, "STRIKE4": 0.0, "DIP1": 74.694412, "DIP2": 67.1789, "DIP3": 0.0, "DIP4": 0.0, "aspRatio": 1.0, "mfd_bin": 0.2, "a_val": 3.38459345394, "a_hi": 3.42952846224, "a_mid": 3.3842273229500002, "a_lo": 3.3389261836599999, "sigma_a": 0.095500128199900003, "b_val": 0.91146475985099995, "b_hi": 0.95921243867499995, "b_mid": 0.91146475985099995, "b_lo": 0.86371708102800004, "sigma_b": 0.022454618186, "cum_cov_ab": 0.054321, "MCORNERP1": 6.0, "MCORNERP2": 6.2, "MCORNERP3": 6.4, "MAXMAGP1": 6.4, "MAXMAGP2": 6.6, "utsu_bval2": 0.0, "utsu_aval": 0.0, "utsu_Minfl": 0.0, "FID_gras26": -1, "Shape_Leng": 1025731.1813300001, "Shape_Area": 22899444639.700001 }, "geometry": { "type": "Polygon", "coordinates": [ [ [ 0.052259470992387, 38.370035978541864, 0.0 ], [ -0.048625683260187, 38.026437140315245, 0.0 ], [ -0.530613727021914, 37.664895114986606, 0.0 ], [ -1.245729414604714, 37.548765216712532, 0.0 ], [ -1.781601031290224, 37.043850972213271, 0.0 ], [ -2.481035650018335, 36.36065115858284, 0.0 ], [ -2.794529596597792, 36.186771526908167, 0.0 ], [ -3.242355983017207, 36.203041655158444, 0.0 ], [ -1.957097815014109, 37.162907849924821, 0.0 ], [ -1.948850510849713, 37.264914512113549, 0.0 ], [ -1.978484434581221, 37.376899078132766, 0.0 ], [ -2.01082466605681, 37.521501667072975, 0.0 ], [ -1.75804108791184, 37.731074063950096, 0.0 ], [ -1.57027883935094, 37.813408312754177, 0.0 ], [ -1.340847428750731, 38.008199094537325, 0.0 ], [ -0.984400377859281, 38.16383090480344, 0.0 ], [ -0.62103827198047, 38.250655229991438, 0.0 ], [ 0.052214103375607, 38.370037160349753, 0.0 ], [ 0.052259470992387, 38.370035978541864, 0.0 ] ] ] } },
{ "type": "Feature", "properties": { "FID_gras38": -1, "FID_gras24": -1, "FID_gras_1": -1, "FID_eshm20": 120, "ZONE_ID": "ESAS142", "areakm2": 43143.009165199997, "tctCluster": "Shallow Default", "CSZ_ID": "SZ19", "TECTO_ID": "TSZ115", "magScaleRe": "WC1994", "SS": 30.0, "NF": 30.0, "TF": 40.0, "MINDEPTH": 0.0, "MAXDEPTH": 20.0, "HYPODEPTH1": 2.0, "HYPODEPTH2": 10.0, "HYPODEPTH3": 18.0, "WHDEPTH1": 0.1, "WHDEPTH2": 0.4, "WHDEPTH3": 0.5, "WMAXMAG01": 0.5, "WMAXMAG02": 0.4, "WMAXMAG03": 0.1, "MAXMAG01": 6.3, "MAXMAG02": 6.6, "MAXMAG03": 6.9, "STRIKE1": 0.0, "STRIKE2": 0.0, "STRIKE3": 0.0, "STRIKE4": 0.0, "DIP1": 89.99, "DIP2": 0.0, "DIP3": 0.0, "DIP4": 0.0, "aspRatio": 1.0, "mfd_bin": 0.2, "a_val": 2.0527287057799999, "a_hi": 2.1216925735099998, "a_mid": 2.0526277702, "a_lo": 1.9835629668899999, "sigma_a": 0.28648724767599998, "b_val": 0.97871533572299996, "b_hi": 1.05847982977, "b_mid": 0.97871533572299996, "b_lo": 0.89895084167499995, "sigma_b": 0.062664326528100001, "cum_cov_ab": 0.054321, "MCORNERP1": 6.0, "MCORNERP2": 6.2, "MCORNERP3": 6.4, "MAXMAGP1": 5.8, "MAXMAGP2": 5.8, "utsu_bval2": 0.0, "utsu_aval": 0.0, "utsu_Minfl": 0.0, "FID_gras26": -1, "Shape_Leng": 1314341.36895, "Shape_Area": 57967320012.300003 }, "geometry": { "type": "Polygon", "coordinates": [ [ [ 1.300345843018767, 42.284975807277782, 0.0 ], [ 2.306799999443735, 42.196800000316031, 0.0 ], [ 1.740206999866241, 42.075271999073195, 0.0 ], [ 0.983096348358532, 41.655060929528851, 0.0 ], [ 0.123800000357465, 40.845200000173328, 0.0 ], [ -0.892952717369115, 41.481533316245745, 0.0 ], [ -1.650253188286231, 41.959889333431931, 0.0 ], [ -2.490061972298813, 42.534341125258969, 0.0 ], [ -0.848624000404697, 42.214086999270954, 0.0 ], [ -0.522499999645284, 42.750300000203566, 0.0 ], [ 1.300345843018767, 42.284975807277782, 0.0 ] ] ] } },
{ "type": "Feature", "properties": { "FID_gras38": -1, "FID_gras24": -1, "FID_gras_1": -1, "FID_eshm20": 121, "ZONE_ID": "ESAS144", "areakm2": 25785.0737457, "tctCluster": "Shallow Default", "CSZ_ID": "SZ19", "TECTO_ID": "TSZ029", "magScaleRe": "WC1994", "SS": 30.0, "NF": 60.0, "TF": 10.0, "MINDEPTH": 0.0, "MAXDEPTH": 22.0, "HYPODEPTH1": 2.0, "HYPODEPTH2": 10.0, "HYPODEPTH3": 18.0, "WHDEPTH1": 0.1, "WHDEPTH2": 0.4, "WHDEPTH3": 0.5, "WMAXMAG01": 0.5, "WMAXMAG02": 0.4, "WMAXMAG03": 0.1, "MAXMAG01": 7.1, "MAXMAG02": 7.4, "MAXMAG03": 7.7, "STRIKE1": 57.795934, "STRIKE2": 0.0, "STRIKE3": 197.114653, "STRIKE4": 332.07513, "DIP1": 67.291918, "DIP2": 0.0, "DIP3": 57.568, "DIP4": 57.358222, "aspRatio": 1.0, "mfd_bin": 0.2, "a_val": 3.21, "a_hi": 3.2864322863100002, "a_mid": 3.20980905955, "a_lo": 3.1331858327900002, "sigma_a": 0.14193079692300001, "b_val": 0.94, "b_hi": 0.99873373545499999, "b_mid": 0.94, "b_lo": 0.88126626454500001, "sigma_b": 0.033976324240200001, "cum_cov_ab": 0.054321, "MCORNERP1": 6.3, "MCORNERP2": 6.5, "MCORNERP3": 6.7, "MAXMAGP1": 6.6, "MAXMAGP2": 6.8, "utsu_bval2": 0.0, "utsu_aval": 0.0, "utsu_Minfl": 0.0, "FID_gras26": -1, "Shape_Leng": 604112.94903699995, "Shape_Area": 25009305837.099998 }, "geometry": { "type": "Polygon", "coordinates": [ [ [ 0.269433727968626, 39.479887816440524, 0.0 ], [ 0.606071513795273, 38.576295318919499, 0.0 ], [ 0.052214103375607, 38.370037160349753, 0.0 ], [ -0.62103827198047, 38.250655229991438, 0.0 ], [ -0.960798078016922, 38.789998863024813, 0.0 ], [ -1.066228850439313, 38.97420170365708, 0.0 ], [ -1.066419896947389, 39.151653459265297, 0.0 ], [ -1.05935362854828, 39.386651760044046, 0.0 ], [ -0.700362048410594, 39.489110254406043, 0.0 ], [ 0.269433727968626, 39.479887816440524, 0.0 ] ] ] } },
{ "type": "Feature", "properties": { "FID_gras38": -1, "FID_gras24": -1, "FID_gras_1": -1, "FID_eshm20": 122, "ZONE_ID": "ESAS146", "areakm2": 462029.25795200001, "tctCluster": "Shallow Default", "CSZ_ID": "SZ28", "TECTO_ID": "TSZ168", "magScaleRe": "WC1994", "SS": 100.0, "NF": 0.0, "TF": 0.0, "MINDEPTH": 0.0, "MAXDEPTH": 25.0, "HYPODEPTH1": 8.0, "HYPODEPTH2": 10.0, "HYPODEPTH3": 15.0, "WHDEPTH1": 0.1, "WHDEPTH2": 0.4, "WHDEPTH3": 0.5, "WMAXMAG01": 0.5, "WMAXMAG02": 0.4, "WMAXMAG03": 0.1, "MAXMAG01": 5.6, "MAXMAG02": 5.9, "MAXMAG03": 6.2, "STRIKE1": 0.0, "STRIKE2": 0.0, "STRIKE3": 0.0, "STRIKE4": 0.0, "DIP1": 89.99, "DIP2": 0.0, "DIP3": 0.0, "DIP4": 0.0, "aspRatio": 1.0, "mfd_bin": 0.2, "a_val": 5.35, "a_hi": 5.4253169860500003, "a_mid": 5.3497298044199999, "a_lo": 5.2741426227900003, "sigma_a": 0.243628994534, "b_val": 1.28713803101, "b_hi": 1.36002782796, "b_mid": 1.28713803101, "b_lo": 1.21424823407, "sigma_b": 0.052328059238300001, "cum_cov_ab": 0.054321, "MCORNERP1": 6.0, "MCORNERP2": 6.2, "MCORNERP3": 6.4, "MAXMAGP1": 6.4, "MAXMAGP2": 6.4, "utsu_bval2": 0.0, "utsu_aval": 0.0, "utsu_Minfl": 0.0, "FID_gras26": -1, "Shape_Leng": 2878161.6998000001, "Shape_Area": 527479458705.0 }, "geometry": { "type": "Polygon", "coordinates": [ [ [ -12.76060899917297, 31.546586999381915, 0.0 ], [ -10.96913445613589, 30.576772489254513, 0.0 ], [ -11.007887205265989, 29.982260568275429, 0.0 ], [ -9.832837339623733, 29.580856350176479, 0.0 ], [ -14.050658000265569, 26.77495899902484, 0.0 ], [ -16.319900999850553, 25.453823999656535, 0.0 ], [ -18.868913999981395, 26.370846999038843, 0.0 ], [ -19.550037000631885, 27.930542000013649, 0.0 ], [ -19.039884999438677, 29.681456000039226, 0.0 ], [ -17.034895000746669, 30.940401999717576, 0.0 ], [ -16.351314999996255, 31.221388999353927, 0.0 ], [ -14.501398000443807, 31.981784999522592, 0.0 ], [ -12.76060899917297, 31.546586999381915, 0.0 ] ] ] } },
{ "type": "Feature", "properties": { "FID_gras38": -1, "FID_gras24": -1, "FID_gras_1": -1, "FID_eshm20": 123, "ZONE_ID": "ESAS147", "areakm2": 130011.29592400001, "tctCluster": "Shallow Default", "CSZ_ID": "SZ51", "TECTO_ID": "TSZ086", "magScaleRe": "WC1994", "SS": 30.0, "NF": 60.0, "TF": 10.0, "MINDEPTH": 1.0, "MAXDEPTH": 20.0, "HYPODEPTH1": 5.0, "HYPODEPTH2": 9.0, "HYPODEPTH3": 15.0, "WHDEPTH1": 0.1, "WHDEPTH2": 0.4, "WHDEPTH3": 0.5, "WMAXMAG01": 0.5, "WMAXMAG02": 0.4, "WMAXMAG03": 0.1, "MAXMAG01": 7.3, "MAXMAG02": 7.6, "MAXMAG03": 7.9, "STRIKE1": 0.0, "STRIKE2": 0.0, "STRIKE3": 0.0, "STRIKE4": 0.0, "DIP1": 89.99, "DIP2": 0.0, "DIP3": 0.0, "DIP4": 0.0, "aspRatio": 1.0, "mfd_bin": 0.2, "a_val": 2.31, "a_hi": 2.4298448282199998, "a_mid": 2.30993792175, "a_lo": 2.1900310152700002, "sigma_a": 0.207387280763, "b_val": 0.8, "b_hi": 0.86953117385300005, "b_mid": 0.8, "b_lo": 0.73046882614700004, "sigma_b": 0.047616806980600002, "cum_cov_ab": 0.054321, "MCORNERP1": 6.0, "MCORNERP2": 6.2, "MCORNERP3": 6.4, "MAXMAGP1": 6.4, "MAXMAGP2": 6.4, "utsu_bval2": 0.0, "utsu_aval": 0.0, "utsu_Minfl": 0.0, "FID_gras26": -1, "Shape_Leng": 1696289.52887, "Shape_Area": 174604103384.0 }, "geometry": { "type": "Polygon", "coordinates": [ [ [ -10.002762524020484, 43.134866752646943, 0.0 ], [ -9.050627000001311, 41.362895999223511, 0.0 ], [ -9.602569999939231, 39.732666999766145, 0.0 ], [ -13.036677422420361, 41.436625641225461, 0.0 ], [ -13.207811999700974, 42.605663999977558, 0.0 ], [ -13.058126422797413, 43.75792135238715, 0.0 ], [ -10.002762524020484, 43.134866752646943, 0.0 ] ] ] } },
{ "type": "Feature", "properties": { "FID_gras38": -1, "FID_gras24": -1, "FID_gras_1": -1, "FID_eshm20": 124, "ZONE_ID": "ESAS149", "areakm2": 62797.720434000003, "tctCluster": "Shallow Default", "CSZ_ID": "SZ19", "TECTO_ID": "TSZ076", "magScaleRe": "WC1994", "SS": 30.0, "NF": 60.0, "TF": 10.0, "MINDEPTH": 1.0, "MAXDEPTH": 20.0, "HYPODEPTH1": 5.0, "HYPODEPTH2": 9.0, "HYPODEPTH3": 15.0, "WHDEPTH1": 0.1, "WHDEPTH2": 0.4, "WHDEPTH3": 0.5, "WMAXMAG01": 0.5, "WMAXMAG02": 0.4, "WMAXMAG03": 0.1, "MAXMAG01": 7.0, "MAXMAG02": 7.3, "MAXMAG03": 7.6, "STRIKE1": 0.0, "STRIKE2": 0.0, "STRIKE3": 210.582731, "STRIKE4": 319.206667, "DIP1": 64.032, "DIP2": 0.0, "DIP3": 64.032, "DIP4": 69.594333, "aspRatio": 1.0, "mfd_bin": 0.2, "a_val": 3.7936996008100001, "a_hi": 3.9446548686199998, "a_mid": 3.7937281193799999, "a_lo": 3.6428013701499999, "sigma_a": 0.27675667055999997, "b_val": 1.05727043498, "b_hi": 1.1411242115, "b_mid": 1.05727043498, "b_lo": 0.97341665845600001, "sigma_b": 0.069254245219000005, "cum_cov_ab": 0.054321, "MCORNERP1": 6.0, "MCORNERP2": 6.2, "MCORNERP3": 6.4, "MAXMAGP1": 6.2, "MAXMAGP2": 6.4, "utsu_bval2": 0.0, "utsu_aval": 0.0, "utsu_Minfl": 0.0, "FID_gras26": -1, "Shape_Leng": 1233338.9883000001, "Shape_Area": 85302033602.300003 }, "geometry": { "type": "Polygon", "coordinates": [ [ [ -6.756840999181503, 42.717260999885134, 0.0 ], [ -7.334201000040265, 42.621561999796072, 0.0 ], [ -8.362951000457249, 41.007689000321676, 0.0 ], [ -9.050627000001311, 41.362895999223511, 0.0 ], [ -10.002762524020484, 43.134866752646943, 0.0 ], [ -9.547453394066535, 43.973594098039861, 0.0 ], [ -7.031827000122242, 43.183543000292936, 0.0 ], [ -6.756840999181503, 42.717260999885134, 0.0 ] ] ] } },
{ "type": "Feature", "properties": { "FID_gras38": -1, "FID_gras24": -1, "FID_gras_1": -1, "FID_eshm20": 125, "ZONE_ID": "ESAS151", "areakm2": 76777.200932299995, "tctCluster": "Shallow Default", "CSZ_ID": "SZ19", "TECTO_ID": "TSZ115", "magScaleRe": "WC1994", "SS": 30.0, "NF": 60.0, "TF": 10.0, "MINDEPTH": 1.0, "MAXDEPTH": 20.0, "HYPODEPTH1": 5.0, "HYPODEPTH2": 9.0, "HYPODEPTH3": 15.0, "WHDEPTH1": 0.1, "WHDEPTH2": 0.4, "WHDEPTH3": 0.5, "WMAXMAG01": 0.5, "WMAXMAG02": 0.4, "WMAXMAG03": 0.1, "MAXMAG01": 6.3, "MAXMAG02": 6.6, "MAXMAG03": 6.9, "STRIKE1": 0.0, "STRIKE2": 0.0, "STRIKE3": 0.0, "STRIKE4": 0.0, "DIP1": 89.99, "DIP2": 0.0, "DIP3": 0.0, "DIP4": 0.0, "aspRatio": 1.0, "mfd_bin": 0.2, "a_val": 3.28, "a_hi": 3.2849837232, "a_mid": 3.28007985599, "a_lo": 3.27517598879, "sigma_a": 0.02, "b_val": 0.98, "b_hi": 1.0118639364, "b_mid": 0.98, "b_lo": 0.94813606360400005, "sigma_b": 0.01, "cum_cov_ab": 0.098375217692100003, "MCORNERP1": 6.0, "MCORNERP2": 6.2, "MCORNERP3": 6.4, "MAXMAGP1": 6.2, "MAXMAGP2": 6.4, "utsu_bval2": 0.0, "utsu_aval": 0.0, "utsu_Minfl": 0.0, "FID_gras26": -1, "Shape_Leng": 1787310.36968, "Shape_Area": 105676409891.0 }, "geometry": { "type": "Polygon", "coordinates": [ [ [ -5.340624713277273, 43.971677144838296, 0.0 ], [ -5.29617915603711, 43.713921524210406, 0.0 ], [ -2.490061972298813, 42.534341125258969, 0.0 ], [ -3.993124000409638, 42.178106999652542, 0.0 ], [ -4.717637000112243, 42.449492999451607, 0.0 ], [ -5.650932000472379, 42.768950999785304, 0.0 ], [ -6.756840999181503, 42.717260999885134, 0.0 ], [ -7.031827000122242, 43.183543000292936, 0.0 ], [ -9.547453394066535, 43.973594098039861, 0.0 ], [ -9.068180625032081, 44.345030493366366, 0.0 ], [ -7.924870999798948, 44.372504999459643, 0.0 ], [ -6.919529999741459, 44.216595999936231, 0.0 ], [ -5.340624713277273, 43.971677144838296, 0.0 ] ] ] } },
{ "type": "Feature", "properties": { "FID_gras38": -1, "FID_gras24": -1, "FID_gras_1": -1, "FID_eshm20": 126, "ZONE_ID": "ESAS152", "areakm2": 144951.696692, "tctCluster": "Shallow Default", "CSZ_ID": "SZ19", "TECTO_ID": "TSZ114", "magScaleRe": "WC1994", "SS": 30.0, "NF": 60.0, "TF": 10.0, "MINDEPTH": 1.0, "MAXDEPTH": 20.0, "HYPODEPTH1": 5.0, "HYPODEPTH2": 9.0, "HYPODEPTH3": 15.0, "WHDEPTH1": 0.1, "WHDEPTH2": 0.4, "WHDEPTH3": 0.5, "WMAXMAG01": 0.5, "WMAXMAG02": 0.4, "WMAXMAG03": 0.1, "MAXMAG01": 6.3, "MAXMAG02": 6.6, "MAXMAG03": 6.9, "STRIKE1": 47.128136, "STRIKE2": 0.0, "STRIKE3": 234.743455, "STRIKE4": 307.133167, "DIP1": 79.399938, "DIP2": 0.0, "DIP3": 46.972218, "DIP4": 67.162, "aspRatio": 1.0, "mfd_bin": 0.2, "a_val": 3.7201761271599998, "a_hi": 3.7868656566899999, "a_mid": 3.7202279045300002, "a_lo": 3.6535901523700001, "sigma_a": 0.061423452801700001, "b_val": 1.1418954076000001, "b_hi": 1.22464819133, "b_mid": 1.1418954076000001, "b_lo": 1.0591426238799999, "sigma_b": 0.067447579839800001, "cum_cov_ab": 0.054321, "MCORNERP1": 6.0, "MCORNERP2": 6.2, "MCORNERP3": 6.4, "MAXMAGP1": 6.2, "MAXMAGP2": 6.2, "utsu_bval2": 0.0, "utsu_aval": 0.0, "utsu_Minfl": 0.0, "FID_gras26": -1, "Shape_Leng": 1847999.36907, "Shape_Area": 191066268432.0 }, "geometry": { "type": "Polygon", "coordinates": [ [ [ -3.993124000409638, 42.178106999652542, 0.0 ], [ -2.545105520884398, 41.174879479201827, 0.0 ], [ -2.716933856279142, 41.008378770855892, 0.0 ], [ -2.291205548843676, 40.223191185125316, 0.0 ], [ -1.05935362854828, 39.386651760044046, 0.0 ], [ -1.066419896947389, 39.151653459265297, 0.0 ], [ -3.577139332585424, 38.255197585921508, 0.0 ], [ -5.097962384268194, 39.286607504857152, 0.0 ], [ -6.755700000430119, 40.501645999259956, 0.0 ], [ -5.604326000363792, 41.132637000395754, 0.0 ], [ -4.717637000112243, 42.449492999451607, 0.0 ], [ -3.993124000409638, 42.178106999652542, 0.0 ] ] ] } },
{ "type": "Feature", "properties": { "FID_gras38": -1, "FID_gras24": -1, "FID_gras_1": -1, "FID_eshm20": 127, "ZONE_ID": "ESAS153", "areakm2": 39967.379936199999, "tctCluster": "Shallow Default", "CSZ_ID": "SZ19", "TECTO_ID": "TSZ114", "magScaleRe": "WC1994", "SS": 30.0, "NF": 60.0, "TF": 10.0, "MINDEPTH": 1.0, "MAXDEPTH": 20.0, "HYPODEPTH1": 5.0, "HYPODEPTH2": 9.0, "HYPODEPTH3": 15.0, "WHDEPTH1": 0.1, "WHDEPTH2": 0.4, "WHDEPTH3": 0.5, "WMAXMAG01": 0.5, "WMAXMAG02": 0.4, "WMAXMAG03": 0.1, "MAXMAG01": 6.3, "MAXMAG02": 6.6, "MAXMAG03": 6.9, "STRIKE1": 47.128136, "STRIKE2": 0.0, "STRIKE3": 234.743455, "STRIKE4": 307.133167, "DIP1": 79.399938, "DIP2": 0.0, "DIP3": 46.972218, "DIP4": 67.162, "aspRatio": 1.0, "mfd_bin": 0.2, "a_val": 3.25, "a_hi": 3.2562028164300001, "a_mid": 3.25030655066, "a_lo": 3.2444102848899998, "sigma_a": 0.01, "b_val": 1.079, "b_hi": 1.1108639364, "b_mid": 1.079, "b_lo": 1.0471360636, "sigma_b": 0.01, "cum_cov_ab": 0.054321, "MCORNERP1": 6.0, "MCORNERP2": 6.2, "MCORNERP3": 6.4, "MAXMAGP1": 6.0, "MAXMAGP2": 6.2, "utsu_bval2": 0.0, "utsu_aval": 0.0, "utsu_Minfl": 0.0, "FID_gras26": -1, "Shape_Leng": 1126408.70318, "Shape_Area": 51078403457.199997 }, "geometry": { "type": "Polygon", "coordinates": [ [ [ -3.577139332585424, 38.255197585921508, 0.0 ], [ -5.291697000248907, 37.822812999706997, 0.0 ], [ -7.135512000096166, 37.308694000003577, 0.0 ], [ -7.812781999830628, 37.350686000022975, 0.0 ], [ -5.097962384268194, 39.286607504857152, 0.0 ], [ -3.577139332585424, 38.255197585921508, 0.0 ] ] ] } },
{ "type": "Feature", "properties": { "FID_gras38": -1, "FID_gras24": -1, "FID_gras_1": -1, "FID_eshm20": 128, "ZONE_ID": "ESAS154", "areakm2": 45638.341483099997, "tctCluster": "Shallow Default", "CSZ_ID": "SZ19", "TECTO_ID": "TSZ117", "magScaleRe": "WC1994", "SS": 30.0, "NF": 60.0, "TF": 10.0, "MINDEPTH": 1.0, "MAXDEPTH": 20.0, "HYPODEPTH1": 5.0, "HYPODEPTH2": 9.0, "HYPODEPTH3": 15.0, "WHDEPTH1": 0.1, "WHDEPTH2": 0.4, "WHDEPTH3": 0.5, "WMAXMAG01": 0.5, "WMAXMAG02": 0.4, "WMAXMAG03": 0.1, "MAXMAG01": 6.3, "MAXMAG02": 6.6, "MAXMAG03": 6.9, "STRIKE1": 0.0, "STRIKE2": 149.054667, "STRIKE3": 207.205167, "STRIKE4": 315.740389, "DIP1": 67.404062, "DIP2": 67.404062, "DIP3": 68.4785, "DIP4": 67.187611, "aspRatio": 1.0, "mfd_bin": 0.2, "a_val": 3.13, "a_hi": 3.2298115642499998, "a_mid": 3.1299595422599999, "a_lo": 3.0301075202700001, "sigma_a": 0.163334048506, "b_val": 0.967, "b_hi": 1.0221899567699999, "b_mid": 0.967, "b_lo": 0.91181004323199999, "sigma_b": 0.03, "cum_cov_ab": 0.054321, "MCORNERP1": 6.0, "MCORNERP2": 6.2, "MCORNERP3": 6.4, "MAXMAGP1": 6.2, "MAXMAGP2": 6.4, "utsu_bval2": 0.0, "utsu_aval": 0.0, "utsu_Minfl": 0.0, "FID_gras26": -1, "Shape_Leng": 999701.05704800005, "Shape_Area": 63998499296.800003 }, "geometry": { "type": "Polygon", "coordinates": [ [ [ 0.123800000357465, 40.845200000173328, 0.0 ], [ -1.05935362854828, 39.386651760044046, 0.0 ], [ -2.291205548843676, 40.223191185125316, 0.0 ], [ -2.716933856279142, 41.008378770855892, 0.0 ], [ -2.545105520884398, 41.174879479201827, 0.0 ], [ -1.650253188286231, 41.959889333431931, 0.0 ], [ -0.892952717369115, 41.481533316245745, 0.0 ], [ 0.123800000357465, 40.845200000173328, 0.0 ] ] ] } },
{ "type": "Feature", "properties": { "FID_gras38": -1, "FID_gras24": -1, "FID_gras_1": -1, "FID_eshm20": 129, "ZONE_ID": "ESAS156", "areakm2": 76903.201354100005, "tctCluster": "Shallow Default", "CSZ_ID": "SZ19", "TECTO_ID": "TSZ076", "magScaleRe": "WC1994", "SS": 30.0, "NF": 60.0, "TF": 10.0, "MINDEPTH": 1.0, "MAXDEPTH": 20.0, "HYPODEPTH1": 5.0, "HYPODEPTH2": 9.0, "HYPODEPTH3": 15.0, "WHDEPTH1": 0.1, "WHDEPTH2": 0.4, "WHDEPTH3": 0.5, "WMAXMAG01": 0.5, "WMAXMAG02": 0.4, "WMAXMAG03": 0.1, "MAXMAG01": 6.3, "MAXMAG02": 6.6, "MAXMAG03": 6.9, "STRIKE1": 27.575799, "STRIKE2": 0.0, "STRIKE3": 0.0, "STRIKE4": 349.686107, "DIP1": 73.523788, "DIP2": 0.0, "DIP3": 0.0, "DIP4": 70.955, "aspRatio": 1.0, "mfd_bin": 0.2, "a_val": 3.3368793230599998, "a_hi": 3.4813437133999998, "a_mid": 3.3369913470800001, "a_lo": 3.19263898077, "sigma_a": 0.27110261843700001, "b_val": 1.00404785217, "b_hi": 1.0866845892799999, "b_mid": 1.00404785217, "b_lo": 0.92141111505499995, "sigma_b": 0.067258545104700002, "cum_cov_ab": 0.054321, "MCORNERP1": 6.0, "MCORNERP2": 6.2, "MCORNERP3": 6.4, "MAXMAGP1": 6.2, "MAXMAGP2": 6.4, "utsu_bval2": 0.0, "utsu_aval": 0.0, "utsu_Minfl": 0.0, "FID_gras26": -1, "Shape_Leng": 1354028.15916, "Shape_Area": 102684518095.0 }, "geometry": { "type": "Polygon", "coordinates": [ [ [ -4.717637000112243, 42.449492999451607, 0.0 ], [ -5.604326000363792, 41.132637000395754, 0.0 ], [ -6.755700000430119, 40.501645999259956, 0.0 ], [ -8.280131999630882, 39.665672999484947, 0.0 ], [ -8.33049700004586, 40.157636000374161, 0.0 ], [ -8.362951000457249, 41.007689000321676, 0.0 ], [ -7.334201000040265, 42.621561999796072, 0.0 ], [ -6.756840999181503, 42.717260999885134, 0.0 ], [ -5.650932000472379, 42.768950999785304, 0.0 ], [ -4.717637000112243, 42.449492999451607, 0.0 ] ] ] } },
{ "type": "Feature", "properties": { "FID_gras38": -1, "FID_gras24": -1, "FID_gras_1": -1, "FID_eshm20": 130, "ZONE_ID": "ESAS157", "areakm2": 19808.9959853, "tctCluster": "Shallow Default", "CSZ_ID": "SZ19", "TECTO_ID": "TSZ117", "magScaleRe": "WC1994", "SS": 30.0, "NF": 60.0, "TF": 10.0, "MINDEPTH": 1.0, "MAXDEPTH": 20.0, "HYPODEPTH1": 5.0, "HYPODEPTH2": 9.0, "HYPODEPTH3": 15.0, "WHDEPTH1": 0.1, "WHDEPTH2": 0.4, "WHDEPTH3": 0.5, "WMAXMAG01": 0.5, "WMAXMAG02": 0.4, "WMAXMAG03": 0.1, "MAXMAG01": 6.3, "MAXMAG02": 6.6, "MAXMAG03": 6.9, "STRIKE1": 0.0, "STRIKE2": 149.054667, "STRIKE3": 207.205167, "STRIKE4": 315.740389, "DIP1": 67.404062, "DIP2": 67.404062, "DIP3": 68.4785, "DIP4": 67.187611, "aspRatio": 1.0, "mfd_bin": 0.2, "a_val": 2.75, "a_hi": 2.8332536095899998, "a_mid": 2.7498136463299998, "a_lo": 2.6663736830600002, "sigma_a": 0.22650969357199999, "b_val": 0.967, "b_hi": 1.0330744648400001, "b_mid": 0.967, "b_lo": 0.900925535163, "sigma_b": 0.043, "cum_cov_ab": 0.054321, "MCORNERP1": 6.0, "MCORNERP2": 6.2, "MCORNERP3": 6.4, "MAXMAGP1": 6.2, "MAXMAGP2": 6.2, "utsu_bval2": 0.0, "utsu_aval": 0.0, "utsu_Minfl": 0.0, "FID_gras26": -1, "Shape_Leng": 676382.23262000002, "Shape_Area": 26596910956.900002 }, "geometry": { "type": "Polygon", "coordinates": [ [ [ -1.650253188286231, 41.959889333431931, 0.0 ], [ -2.545105520884398, 41.174879479201827, 0.0 ], [ -3.993124000409638, 42.178106999652542, 0.0 ], [ -2.490061972298813, 42.534341125258969, 0.0 ], [ -1.650253188286231, 41.959889333431931, 0.0 ] ] ] } },
{ "type": "Feature", "properties": { "FID_gras38": -1, "FID_gras24": -1, "FID_gras_1": -1, "FID_eshm20": 131, "ZONE_ID": "ESAS200", "areakm2": 693754.27454200003, "tctCluster": "Shallow Default", "CSZ_ID": "SZ38", "TECTO_ID": "TSZ112", "magScaleRe": "WC1994", "SS": 30.0, "NF": 20.0, "TF": 50.0, "MINDEPTH": 0.0, "MAXDEPTH": 20.0, "HYPODEPTH1": 8.0, "HYPODEPTH2": 10.0, "HYPODEPTH3": 15.0, "WHDEPTH1": 0.1, "WHDEPTH2": 0.4, "WHDEPTH3": 0.5, "WMAXMAG01": 0.5, "WMAXMAG02": 0.4, "WMAXMAG03": 0.1, "MAXMAG01": 6.3, "MAXMAG02": 6.6, "MAXMAG03": 6.9, "STRIKE1": 64.904869, "STRIKE2": 107.524805, "STRIKE3": 0.0, "STRIKE4": 322.038056, "DIP1": 38.469061, "DIP2": 67.656381, "DIP3": 0.0, "DIP4": 68.156, "aspRatio": 1.0, "mfd_bin": 0.2, "a_val": 4.64, "a_hi": 4.7150835680399998, "a_mid": 4.6397488150099999, "a_lo": 4.56441406198, "sigma_a": 0.14829244292400001, "b_val": 1.15, "b_hi": 1.20762012201, "b_mid": 1.15, "b_lo": 1.09237987799, "sigma_b": 0.032700131118900001, "cum_cov_ab": 0.054321, "MCORNERP1": 6.0, "MCORNERP2": 6.2, "MCORNERP3": 6.4, "MAXMAGP1": 6.4, "MAXMAGP2": 6.4, "utsu_bval2": 0.0, "utsu_aval": 0.0, "utsu_Minfl": 0.0, "FID_gras26": -1, "Shape_Leng": 4557394.0379100004, "Shape_Area": 901568879008.0 }, "geometry": { "type": "Polygon", "coordinates": [ [ [ 12.424517054865753, 41.112598697539958, 0.0 ], [ 13.26670400013399, 40.622508999556594, 0.0 ], [ 13.630129999585689, 40.005560000354073, 0.0 ], [ 14.116175000460478, 39.793951000199577, 0.0 ], [ 14.566356999523572, 39.719298999908233, 0.0 ], [ 14.993737999570987, 39.509016999239734, 0.0 ], [ 15.190941999908803, 39.320087999878176, 0.0 ], [ 15.326107999975614, 39.119013999710269, 0.0 ], [ 15.308682224972713, 38.955476241089364, 0.0 ], [ 15.112499999880107, 38.916899999763544, 0.0 ], [ 14.989361541355732, 38.778571604013578, 0.0 ], [ 14.575943000073837, 38.76968400005557, 0.0 ], [ 14.212830999543179, 38.808871999654826, 0.0 ], [ 13.133067000054396, 38.794505999654127, 0.0 ], [ 11.540177999786762, 38.651918999514848, 0.0 ], [ 11.002829132362598, 38.913867847273401, 0.0 ], [ 5.781717199867829, 37.372153055461148, 0.0 ], [ 1.08527268261004, 37.421557137680608, 0.0 ], [ 0.606071513795273, 38.576295318919499, 0.0 ], [ 0.269433727968626, 39.479887816440524, 0.0 ], [ 1.398999999822218, 40.683599999797295, 0.0 ], [ 3.09396886965288, 41.22924415747319, 0.0 ], [ 3.826367999571703, 41.494872999559952, 0.0 ], [ 4.210268729762451, 41.876873407256419, 0.0 ], [ 3.437910080012026, 42.50972170150515, 0.0 ], [ 3.089574999392483, 42.877201999659462, 0.0 ], [ 3.641773939236301, 43.180862427577672, 0.0 ], [ 3.965435498800109, 43.582500475992674, 0.0 ], [ 4.603175140745104, 43.394467117805029, 0.0 ], [ 4.862389277410392, 43.387682291806215, 0.0 ], [ 5.145700000225049, 43.257999999761061, 0.0 ], [ 5.331864494441821, 43.00048623786892, 0.0 ], [ 5.760524134905124, 42.839506602920125, 0.0 ], [ 6.220346638900008, 42.867400369277028, 0.0 ], [ 6.91443302349807, 42.992250112968577, 0.0 ], [ 8.029499999779114, 43.221400000241665, 0.0 ], [ 8.363122496031531, 43.383449915457838, 0.0 ], [ 8.573930847136719, 43.698739088069019, 0.0 ], [ 9.701400000162915, 42.942199999293742, 0.0 ], [ 10.184341999959146, 42.160362999720633, 0.0 ], [ 10.758800999405636, 42.030906999439878, 0.0 ], [ 11.236168999576289, 41.796268999725797, 0.0 ], [ 11.656898999922555, 41.424083999738315, 0.0 ], [ 12.424517054865753, 41.112598697539958, 0.0 ] ] ] } },
{ "type": "Feature", "properties": { "FID_gras38": -1, "FID_gras24": -1, "FID_gras_1": -1, "FID_eshm20": 132, "ZONE_ID": "ESAS330", "areakm2": 693754.27454200003, "tctCluster": "Shallow Default", "CSZ_ID": "SZ19", "TECTO_ID": "TSZ029", "magScaleRe": "WC1994", "SS": 33.0, "NF": 33.0, "TF": 33.0, "MINDEPTH": 0.0, "MAXDEPTH": 20.0, "HYPODEPTH1": 8.0, "HYPODEPTH2": 10.0, "HYPODEPTH3": 15.0, "WHDEPTH1": 0.1, "WHDEPTH2": 0.4, "WHDEPTH3": 0.5, "WMAXMAG01": 0.5, "WMAXMAG02": 0.4, "WMAXMAG03": 0.1, "MAXMAG01": 7.1, "MAXMAG02": 7.4, "MAXMAG03": 7.7, "STRIKE1": 64.904869, "STRIKE2": 107.524805, "STRIKE3": 0.0, "STRIKE4": 322.038056, "DIP1": 38.469061, "DIP2": 67.656381, "DIP3": 0.0, "DIP4": 68.156, "aspRatio": 1.0, "mfd_bin": 0.2, "a_val": 3.2, "a_hi": 3.2698953097, "a_mid": 3.2000385606, "a_lo": 3.1301818115, "sigma_a": 0.061423452801700001, "b_val": 1.05, "b_hi": 1.1289708003300001, "b_mid": 1.05, "b_lo": 0.97102919966500001, "sigma_b": 0.061423452801700001, "cum_cov_ab": 0.054321, "MCORNERP1": 6.0, "MCORNERP2": 6.2, "MCORNERP3": 6.4, "MAXMAGP1": 6.2, "MAXMAGP2": 6.2, "utsu_bval2": 0.0, "utsu_aval": 0.0, "utsu_Minfl": 0.0, "FID_gras26": -1, "Shape_Leng": 1191083.3183800001, "Shape_Area": 56618308452.900002 }, "geometry": { "type": "Polygon", "coordinates": [ [ [ 1.08527268261004, 37.421557137680608, 0.0 ], [ -1.890532227557725, 36.011146407955756, 0.0 ], [ -2.476029852776271, 36.110929395851137, 0.0 ], [ -2.794529596597792, 36.186771526908167, 0.0 ], [ -2.481035650018335, 36.36065115858284, 0.0 ], [ -1.781601031290224, 37.043850972213271, 0.0 ], [ -1.245729414604714, 37.548765216712532, 0.0 ], [ -0.530613727021914, 37.664895114986606, 0.0 ], [ -0.048625683260187, 38.026437140315245, 0.0 ], [ 0.052259470992387, 38.370035978541864, 0.0 ], [ 0.606071513795273, 38.576295318919499, 0.0 ], [ 1.08527268261004, 37.421557137680608, 0.0 ] ] ] } },
{ "type": "Feature", "properties": { "FID_gras38": -1, "FID_gras24": -1, "FID_gras_1": -1, "FID_eshm20": 133, "ZONE_ID": "FIAS158", "areakm2": 129171.880282, "tctCluster": "Craton", "CSZ_ID": "SZ15", "TECTO_ID": "TSZ096", "magScaleRe": "WC1994", "SS": 50.0, "NF": 40.0, "TF": 10.0, "MINDEPTH": 0.0, "MAXDEPTH": 34.0, "HYPODEPTH1": 8.0, "HYPODEPTH2": 10.0, "HYPODEPTH3": 15.0, "WHDEPTH1": 0.1, "WHDEPTH2": 0.4, "WHDEPTH3": 0.5, "WMAXMAG01": 0.5, "WMAXMAG02": 0.4, "WMAXMAG03": 0.1, "MAXMAG01": 6.3, "MAXMAG02": 6.6, "MAXMAG03": 6.9, "STRIKE1": 0.0, "STRIKE2": 0.0, "STRIKE3": 0.0, "STRIKE4": 0.0, "DIP1": 89.99, "DIP2": 0.0, "DIP3": 0.0, "DIP4": 0.0, "aspRatio": 1.0, "mfd_bin": 0.2, "a_val": 1.94, "a_hi": 1.9430366380399999, "a_mid": 1.94017750925, "a_lo": 1.93731838047, "sigma_a": 0.01, "b_val": 0.91, "b_hi": 0.94186393639599997, "b_mid": 0.91, "b_lo": 0.87813606360399998, "sigma_b": 0.01, "cum_cov_ab": 0.11103556854299999, "MCORNERP1": 6.0, "MCORNERP2": 6.2, "MCORNERP3": 6.4, "MAXMAGP1": 6.0, "MAXMAGP2": 6.0, "utsu_bval2": 0.0, "utsu_aval": 0.0, "utsu_Minfl": 0.0, "FID_gras26": -1, "Shape_Leng": 2687520.5708699999, "Shape_Area": 316020549068.0 }, "geometry": { "type": "Polygon", "coordinates": [ [ [ 33.886900000336112, 66.604399999748139, 0.0 ], [ 27.470099999637934, 64.191400000306018, 0.0 ], [ 27.084900000119159, 63.946699999733937, 0.0 ], [ 25.972200000170144, 65.235099999918191, 0.0 ], [ 32.389400000003086, 67.579399999481808, 0.0 ], [ 33.886900000336112, 66.604399999748139, 0.0 ] ] ] } },
{ "type": "Feature", "properties": { "FID_gras38": -1, "FID_gras24": -1, "FID_gras_1": -1, "FID_eshm20": 134, "ZONE_ID": "FIAS159", "areakm2": 746404.875841, "tctCluster": "Craton", "CSZ_ID": "SZ15", "TECTO_ID": "TSZ026", "magScaleRe": "WC1994", "SS": 50.0, "NF": 40.0, "TF": 10.0, "MINDEPTH": 0.0, "MAXDEPTH": 34.0, "HYPODEPTH1": 8.0, "HYPODEPTH2": 10.0, "HYPODEPTH3": 15.0, "WHDEPTH1": 0.1, "WHDEPTH2": 0.4, "WHDEPTH3": 0.5, "WMAXMAG01": 0.5, "WMAXMAG02": 0.4, "WMAXMAG03": 0.1, "MAXMAG01": 6.3, "MAXMAG02": 6.6, "MAXMAG03": 6.9, "STRIKE1": 0.0, "STRIKE2": 0.0, "STRIKE3": 0.0, "STRIKE4": 0.0, "DIP1": 89.99, "DIP2": 0.0, "DIP3": 0.0, "DIP4": 0.0, "aspRatio": 1.0, "mfd_bin": 0.2, "a_val": 2.33, "a_hi": 2.33607631397, "a_mid": 2.3302146451699999, "a_lo": 2.3243529763600002, "sigma_a": 0.01, "b_val": 1.0, "b_hi": 1.0318639364, "b_mid": 1.0, "b_lo": 0.96813606360399995, "sigma_b": 0.01, "cum_cov_ab": 0.054321, "MCORNERP1": 6.0, "MCORNERP2": 6.2, "MCORNERP3": 6.4, "MAXMAGP1": 5.8, "MAXMAGP2": 6.0, "utsu_bval2": 0.0, "utsu_aval": 0.0, "utsu_Minfl": 0.0, "FID_gras26": -1, "Shape_Leng": 6194706.0456299996, "Shape_Area": 1621896934350.0 }, "geometry": { "type": "Polygon", "coordinates": [ [ [ 28.200000000266666, 59.300000000247614, 0.0 ], [ 25.727044999859537, 59.608300000127088, 0.0 ], [ 24.999999999713978, 59.700000000263046, 0.0 ], [ 22.323135999739531, 59.592357999878907, 0.0 ], [ 19.999999999411859, 59.499999999605407, 0.0 ], [ 19.264593999827934, 59.805796000148341, 0.0 ], [ 17.60213400040454, 60.501001999801964, 0.0 ], [ 21.64000000030147, 63.840000000245183, 0.0 ], [ 22.216399999463864, 63.973000000156006, 0.0 ], [ 22.853100000469276, 64.425400000238341, 0.0 ], [ 23.552199999448977, 64.723799999810041, 0.0 ], [ 25.592100000623983, 65.399999999752012, 0.0 ], [ 25.972200000170144, 65.235099999918191, 0.0 ], [ 27.084900000119159, 63.946699999733937, 0.0 ], [ 27.470099999637934, 64.191400000306018, 0.0 ], [ 33.886900000336112, 66.604399999748139, 0.0 ], [ 34.114383999944309, 65.583736000375993, 0.0 ], [ 31.252527000511733, 62.531555000078541, 0.0 ], [ 28.993565000164573, 60.727368999684991, 0.0 ], [ 28.200000000266666, 59.300000000247614, 0.0 ] ] ] } },
{ "type": "Feature", "properties": { "FID_gras38": -1, "FID_gras24": -1, "FID_gras_1": -1, "FID_eshm20": 135, "ZONE_ID": "FIAS160", "areakm2": 118884.48496, "tctCluster": "Craton", "CSZ_ID": "SZ15", "TECTO_ID": "TSZ096", "magScaleRe": "WC1994", "SS": 50.0, "NF": 40.0, "TF": 10.0, "MINDEPTH": 0.0, "MAXDEPTH": 34.0, "HYPODEPTH1": 8.0, "HYPODEPTH2": 10.0, "HYPODEPTH3": 15.0, "WHDEPTH1": 0.1, "WHDEPTH2": 0.4, "WHDEPTH3": 0.5, "WMAXMAG01": 0.5, "WMAXMAG02": 0.4, "WMAXMAG03": 0.1, "MAXMAG01": 6.3, "MAXMAG02": 6.6, "MAXMAG03": 6.9, "STRIKE1": 0.0, "STRIKE2": 0.0, "STRIKE3": 0.0, "STRIKE4": 0.0, "DIP1": 89.99, "DIP2": 0.0, "DIP3": 0.0, "DIP4": 0.0, "aspRatio": 1.0, "mfd_bin": 0.2, "a_val": 1.5, "a_hi": 1.50578880031, "a_mid": 1.4999168226699999, "a_lo": 1.4940448450199999, "sigma_a": 0.01, "b_val": 0.91, "b_hi": 0.94186393639599997, "b_mid": 0.91, "b_lo": 0.87813606360399998, "sigma_b": 0.01, "cum_cov_ab": 0.054321, "MCORNERP1": 6.0, "MCORNERP2": 6.2, "MCORNERP3": 6.4, "MAXMAGP1": 5.6, "MAXMAGP2": 5.6, "utsu_bval2": 0.0, "utsu_aval": 0.0, "utsu_Minfl": 0.0, "FID_gras26": -1, "Shape_Leng": 2523440.30889, "Shape_Area": 302705558752.0 }, "geometry": { "type": "Polygon", "coordinates": [ [ [ 32.389400000003086, 67.579399999481808, 0.0 ], [ 25.972200000170144, 65.235099999918191, 0.0 ], [ 25.592100000623983, 65.399999999752012, 0.0 ], [ 24.648500000736576, 65.863000000193125, 0.0 ], [ 24.565500000160235, 66.047600000152698, 0.0 ], [ 29.875400000490782, 68.424500000106789, 0.0 ], [ 32.389400000003086, 67.579399999481808, 0.0 ] ] ] } },
{ "type": "Feature", "properties": { "FID_gras38": -1, "FID_gras24": -1, "FID_gras_1": -1, "FID_eshm20": 136, "ZONE_ID": "FRAS163", "areakm2": 7583.1083361800002, "tctCluster": "Shallow Default", "CSZ_ID": "SZ05", "TECTO_ID": "TSZ099", "magScaleRe": "WC1994", "SS": 30.0, "NF": 30.0, "TF": 40.0, "MINDEPTH": 0.0, "MAXDEPTH": 20.0, "HYPODEPTH1": 2.0, "HYPODEPTH2": 10.0, "HYPODEPTH3": 18.0, "WHDEPTH1": 0.1, "WHDEPTH2": 0.4, "WHDEPTH3": 0.5, "WMAXMAG01": 0.5, "WMAXMAG02": 0.4, "WMAXMAG03": 0.1, "MAXMAG01": 6.5, "MAXMAG02": 6.8, "MAXMAG03": 7.1, "STRIKE1": 0.0, "STRIKE2": 0.0, "STRIKE3": 250.409978, "STRIKE4": 271.654, "DIP1": 57.989152, "DIP2": 0.0, "DIP3": 57.989152, "DIP4": 60.427333, "aspRatio": 1.0, "mfd_bin": 0.2, "a_val": 2.1055, "a_hi": 2.1109739240300001, "a_mid": 2.1050859063499998, "a_lo": 2.09919788866, "sigma_a": 0.01, "b_val": 0.875, "b_hi": 0.90686393639600005, "b_mid": 0.875, "b_lo": 0.84313606360399995, "sigma_b": 0.01, "cum_cov_ab": 0.054321, "MCORNERP1": 6.0, "MCORNERP2": 6.2, "MCORNERP3": 6.4, "MAXMAGP1": 6.2, "MAXMAGP2": 6.2, "utsu_bval2": 0.0, "utsu_aval": 0.0, "utsu_Minfl": 0.0, "FID_gras26": -1, "Shape_Leng": 533732.28075100004, "Shape_Area": 10187425432.299999 }, "geometry": { "type": "Polygon", "coordinates": [ [ [ 3.437910080012026, 42.50972170150515, 0.0 ], [ 2.306799999443735, 42.196800000316031, 0.0 ], [ 1.300345843018767, 42.284975807277782, 0.0 ], [ 2.380000000107862, 42.605399999950961, 0.0 ], [ 3.089574999392483, 42.877201999659462, 0.0 ], [ 3.437910080012026, 42.50972170150515, 0.0 ] ] ] } },
{ "type": "Feature", "properties": { "FID_gras38": -1, "FID_gras24": -1, "FID_gras_1": -1, "FID_eshm20": 137, "ZONE_ID": "FRAS164", "areakm2": 3870.74274371, "tctCluster": "Shallow Default", "CSZ_ID": "SZ05", "TECTO_ID": "TSZ099", "magScaleRe": "WC1994", "SS": 30.0, "NF": 30.0, "TF": 40.0, "MINDEPTH": 0.0, "MAXDEPTH": 20.0, "HYPODEPTH1": 2.0, "HYPODEPTH2": 10.0, "HYPODEPTH3": 18.0, "WHDEPTH1": 0.1, "WHDEPTH2": 0.4, "WHDEPTH3": 0.5, "WMAXMAG01": 0.5, "WMAXMAG02": 0.4, "WMAXMAG03": 0.1, "MAXMAG01": 6.5, "MAXMAG02": 6.8, "MAXMAG03": 7.1, "STRIKE1": 0.0, "STRIKE2": 0.0, "STRIKE3": 0.0, "STRIKE4": 0.0, "DIP1": 89.99, "DIP2": 0.0, "DIP3": 0.0, "DIP4": 0.0, "aspRatio": 1.0, "mfd_bin": 0.2, "a_val": 2.69, "a_hi": 2.7501057481400002, "a_mid": 2.6893936691400002, "a_lo": 2.6286815901499998, "sigma_a": 0.12621147854, "b_val": 0.8724, "b_hi": 0.926771066122, "b_mid": 0.8724, "b_lo": 0.81802893387800002, "sigma_b": 0.029116344194, "cum_cov_ab": 0.054321, "MCORNERP1": 6.4, "MCORNERP2": 6.6, "MCORNERP3": 6.8, "MAXMAGP1": 6.6, "MAXMAGP2": 6.8, "utsu_bval2": 0.0, "utsu_aval": 0.0, "utsu_Minfl": 0.0, "FID_gras26": -1, "Shape_Leng": 380395.49262199999, "Shape_Area": 5296782778.3000002 }, "geometry": { "type": "Polygon", "coordinates": [ [ [ 0.216423714556351, 43.104640910306877, 0.0 ], [ 0.317519000025236, 42.934679000099031, 0.0 ], [ 0.260724999666937, 42.823230000001821, 0.0 ], [ -0.797481999489752, 42.996238999242564, 0.0 ], [ -0.948304673761403, 43.410790017965475, 0.0 ], [ -0.582318899754761, 43.209472740034521, 0.0 ], [ -0.324271317114053, 43.132660910725633, 0.0 ], [ -0.205288287227604, 43.13316294958296, 0.0 ], [ -0.069235963487396, 43.195415673604202, 0.0 ], [ 0.216423714556351, 43.104640910306877, 0.0 ] ] ] } },
{ "type": "Feature", "properties": { "FID_gras38": -1, "FID_gras24": -1, "FID_gras_1": -1, "FID_eshm20": 138, "ZONE_ID": "FRAS165", "areakm2": 17045.532127099999, "tctCluster": "Shallow Default", "CSZ_ID": "SZ05", "TECTO_ID": "TSZ047", "magScaleRe": "WC1994", "SS": 70.0, "NF": 25.0, "TF": 5.0, "MINDEPTH": 3.0, "MAXDEPTH": 17.0, "HYPODEPTH1": 4.0, "HYPODEPTH2": 10.0, "HYPODEPTH3": 15.0, "WHDEPTH1": 0.1, "WHDEPTH2": 0.4, "WHDEPTH3": 0.5, "WMAXMAG01": 0.5, "WMAXMAG02": 0.4, "WMAXMAG03": 0.1, "MAXMAG01": 6.5, "MAXMAG02": 6.8, "MAXMAG03": 7.1, "STRIKE1": 0.0, "STRIKE2": 0.0, "STRIKE3": 0.0, "STRIKE4": 0.0, "DIP1": 89.99, "DIP2": 0.0, "DIP3": 0.0, "DIP4": 0.0, "aspRatio": 1.0, "mfd_bin": 0.2, "a_val": 2.45, "a_hi": 2.4666677797599998, "a_mid": 2.4500723236800002, "a_lo": 2.4334768676, "sigma_a": 0.02, "b_val": 0.92, "b_hi": 0.96506241100199996, "b_mid": 0.92, "b_lo": 0.874937588998, "sigma_b": 0.02, "cum_cov_ab": 0.054321, "MCORNERP1": 6.0, "MCORNERP2": 6.2, "MCORNERP3": 6.4, "MAXMAGP1": 6.2, "MAXMAGP2": 6.2, "utsu_bval2": 0.0, "utsu_aval": 0.0, "utsu_Minfl": 0.0, "FID_gras26": -1, "Shape_Leng": 917232.437056, "Shape_Area": 24829745687.700001 }, "geometry": { "type": "Polygon", "coordinates": [ [ [ 7.009145338698808, 47.369339246735848, 0.0 ], [ 6.347001000140145, 46.967473999837722, 0.0 ], [ 6.334134000032685, 46.8768030000534, 0.0 ], [ 5.882599999636077, 46.615600000184401, 0.0 ], [ 5.889000000165398, 46.176299999798196, 0.0 ], [ 5.987711310482181, 46.008942328589036, 0.0 ], [ 6.11849151165138, 45.913045858864614, 0.0 ], [ 5.896099837708374, 45.601359074941989, 0.0 ], [ 5.632900000094955, 45.428900000030588, 0.0 ], [ 5.320199999834944, 46.059800000300648, 0.0 ], [ 5.314414202618205, 46.178063515673287, 0.0 ], [ 5.349933703038322, 46.269274083882202, 0.0 ], [ 5.325377011478565, 46.325622920857811, 0.0 ], [ 5.32581552408452, 46.447529353541981, 0.0 ], [ 5.37887551796257, 46.496642736111163, 0.0 ], [ 5.391153863742466, 46.571189835321, 0.0 ], [ 5.44552939454005, 46.622057267645992, 0.0 ], [ 5.492888729032404, 46.795708157121105, 0.0 ], [ 5.647245074696174, 46.941294256700139, 0.0 ], [ 5.396003193326626, 47.047522159677754, 0.0 ], [ 5.42138209579797, 47.155396196750416, 0.0 ], [ 5.540753379346833, 47.247757859816488, 0.0 ], [ 5.952077961176187, 47.314850249109284, 0.0 ], [ 6.413317264681016, 47.511311773773187, 0.0 ], [ 6.865892000165204, 47.53609799924655, 0.0 ], [ 7.009145338698808, 47.369339246735848, 0.0 ] ] ] } },
{ "type": "Feature", "properties": { "FID_gras38": -1, "FID_gras24": -1, "FID_gras_1": -1, "FID_eshm20": 139, "ZONE_ID": "FRAS166", "areakm2": 18544.908537, "tctCluster": "Shallow Default", "CSZ_ID": "SZ05", "TECTO_ID": "TSZ112", "magScaleRe": "WC1994", "SS": 20.0, "NF": 60.0, "TF": 20.0, "MINDEPTH": 0.0, "MAXDEPTH": 15.0, "HYPODEPTH1": 2.0, "HYPODEPTH2": 8.0, "HYPODEPTH3": 10.0, "WHDEPTH1": 0.1, "WHDEPTH2": 0.4, "WHDEPTH3": 0.5, "WMAXMAG01": 0.5, "WMAXMAG02": 0.4, "WMAXMAG03": 0.1, "MAXMAG01": 6.5, "MAXMAG02": 6.8, "MAXMAG03": 7.1, "STRIKE1": 0.0, "STRIKE2": 0.0, "STRIKE3": 0.0, "STRIKE4": 0.0, "DIP1": 89.99, "DIP2": 0.0, "DIP3": 0.0, "DIP4": 0.0, "aspRatio": 1.0, "mfd_bin": 0.2, "a_val": 2.4, "a_hi": 2.4165260162000002, "a_mid": 2.3999258331300002, "a_lo": 2.3833256500600002, "sigma_a": 0.02, "b_val": 1.01, "b_hi": 1.055062411, "b_mid": 1.01, "b_lo": 0.96493758899799997, "sigma_b": 0.02, "cum_cov_ab": 0.054321, "MCORNERP1": 6.0, "MCORNERP2": 6.2, "MCORNERP3": 6.4, "MAXMAGP1": 5.8, "MAXMAGP2": 6.0, "utsu_bval2": 0.0, "utsu_aval": 0.0, "utsu_Minfl": 0.0, "FID_gras26": -1, "Shape_Leng": 759020.68412899994, "Shape_Area": 25499356845.900002 }, "geometry": { "type": "Polygon", "coordinates": [ [ [ 7.225910944865772, 43.747268344208706, 0.0 ], [ 7.295887353709283, 43.429429102039101, 0.0 ], [ 6.91443302349807, 42.992250112968577, 0.0 ], [ 6.220346638900008, 42.867400369277028, 0.0 ], [ 5.760524134905124, 42.839506602920125, 0.0 ], [ 5.331864494441821, 43.00048623786892, 0.0 ], [ 5.145700000225049, 43.257999999761061, 0.0 ], [ 5.380828598222371, 43.413026529933489, 0.0 ], [ 5.565924426932776, 43.657576761842527, 0.0 ], [ 5.720794841602704, 43.673132777904335, 0.0 ], [ 5.838500135676813, 43.792120963638808, 0.0 ], [ 6.115925418346754, 44.212267925233512, 0.0 ], [ 6.160505898051034, 44.124710580915384, 0.0 ], [ 6.22717262053704, 44.079445076256675, 0.0 ], [ 6.235435000228559, 44.02543300013604, 0.0 ], [ 6.193861075779028, 43.950237339604485, 0.0 ], [ 6.166920355168211, 43.741126026813831, 0.0 ], [ 6.195143967921108, 43.669284104186914, 0.0 ], [ 6.310924924231246, 43.60129085553212, 0.0 ], [ 6.914204644803384, 43.657096634989017, 0.0 ], [ 7.114977162183163, 43.727014220492549, 0.0 ], [ 7.225910944865772, 43.747268344208706, 0.0 ] ] ] } },
{ "type": "Feature", "properties": { "FID_gras38": -1, "FID_gras24": -1, "FID_gras_1": -1, "FID_eshm20": 140, "ZONE_ID": "FRAS167", "areakm2": 6830.05421793, "tctCluster": "Shallow Default", "CSZ_ID": "SZ05", "TECTO_ID": "TSZ047", "magScaleRe": "WC1994", "SS": 40.0, "NF": 40.0, "TF": 20.0, "MINDEPTH": 6.0, "MAXDEPTH": 12.0, "HYPODEPTH1": 7.0, "HYPODEPTH2": 12.0, "HYPODEPTH3": 10.0, "WHDEPTH1": 0.3, "WHDEPTH2": 0.6, "WHDEPTH3": 0.1, "WMAXMAG01": 0.5, "WMAXMAG02": 0.4, "WMAXMAG03": 0.1, "MAXMAG01": 6.5, "MAXMAG02": 6.8, "MAXMAG03": 7.1, "STRIKE1": 0.0, "STRIKE2": 0.0, "STRIKE3": 0.0, "STRIKE4": 0.0, "DIP1": 89.99, "DIP2": 0.0, "DIP3": 0.0, "DIP4": 0.0, "aspRatio": 1.0, "mfd_bin": 0.2, "a_val": 2.52, "a_hi": 2.61827595918, "a_mid": 2.5199596524899999, "a_lo": 2.4216433458000002, "sigma_a": 0.17265575574700001, "b_val": 0.92, "b_hi": 0.98353663374, "b_mid": 0.92, "b_lo": 0.85646336625999997, "sigma_b": 0.039760290620100003, "cum_cov_ab": 0.054321, "MCORNERP1": 6.0, "MCORNERP2": 6.2, "MCORNERP3": 6.4, "MAXMAGP1": 6.2, "MAXMAGP2": 6.4, "utsu_bval2": 0.0, "utsu_aval": 0.0, "utsu_Minfl": 0.0, "FID_gras26": -1, "Shape_Leng": 562021.89227199997, "Shape_Area": 9707619164.2999992 }, "geometry": { "type": "Polygon", "coordinates": [ [ [ 5.595507452120309, 44.881071555980967, 0.0 ], [ 5.500599999483646, 44.83759999931565, 0.0 ], [ 5.403800000460924, 44.762499999667078, 0.0 ], [ 5.315799999471023, 44.727199999463323, 0.0 ], [ 5.163000000308373, 44.715499999262839, 0.0 ], [ 4.932000000068037, 44.832299999433232, 0.0 ], [ 5.478500000799968, 45.329499999846483, 0.0 ], [ 5.632900000094955, 45.428900000030588, 0.0 ], [ 5.896099837708374, 45.601359074941989, 0.0 ], [ 6.11849151165138, 45.913045858864614, 0.0 ], [ 6.531199999379896, 45.990300000068267, 0.0 ], [ 6.037510887901131, 45.358675934520917, 0.0 ], [ 5.84467906261131, 45.151516046817697, 0.0 ], [ 5.635728167002263, 45.007041427723422, 0.0 ], [ 5.580582387442396, 44.924242302959428, 0.0 ], [ 5.595507452120309, 44.881071555980967, 0.0 ] ] ] } },
{ "type": "Feature", "properties": { "FID_gras38": -1, "FID_gras24": -1, "FID_gras_1": -1, "FID_eshm20": 141, "ZONE_ID": "FRAS168", "areakm2": 6289.70084374, "tctCluster": "Shallow Default", "CSZ_ID": "SZ05", "TECTO_ID": "TSZ047", "magScaleRe": "WC1994", "SS": 40.0, "NF": 40.0, "TF": 20.0, "MINDEPTH": 0.0, "MAXDEPTH": 15.0, "HYPODEPTH1": 2.0, "HYPODEPTH2": 8.0, "HYPODEPTH3": 10.0, "WHDEPTH1": 0.1, "WHDEPTH2": 0.4, "WHDEPTH3": 0.5, "WMAXMAG01": 0.5, "WMAXMAG02": 0.4, "WMAXMAG03": 0.1, "MAXMAG01": 6.5, "MAXMAG02": 6.8, "MAXMAG03": 7.1, "STRIKE1": 0.0, "STRIKE2": 0.0, "STRIKE3": 230.118214, "STRIKE4": 285.46125, "DIP1": 58.123286, "DIP2": 0.0, "DIP3": 58.123286, "DIP4": 58.021, "aspRatio": 1.0, "mfd_bin": 0.2, "a_val": 2.0944, "a_hi": 2.1002673788899999, "a_mid": 2.0944040296000002, "a_lo": 2.0885406803, "sigma_a": 0.01, "b_val": 0.922, "b_hi": 0.95386393639599998, "b_mid": 0.922, "b_lo": 0.89013606360399999, "sigma_b": 0.01, "cum_cov_ab": 0.054321, "MCORNERP1": 6.0, "MCORNERP2": 6.2, "MCORNERP3": 6.4, "MAXMAGP1": 6.0, "MAXMAGP2": 6.0, "utsu_bval2": 0.0, "utsu_aval": 0.0, "utsu_Minfl": 0.0, "FID_gras26": -1, "Shape_Leng": 486951.08335700002, "Shape_Area": 8979781632.4699993 }, "geometry": { "type": "Polygon", "coordinates": [ [ [ 6.690018742387212, 45.870011779887491, 0.0 ], [ 6.649653464321522, 45.684552552492356, 0.0 ], [ 6.706062012862788, 45.332241782977519, 0.0 ], [ 6.487130962007927, 44.997000238500171, 0.0 ], [ 6.429880000342683, 45.035689000223954, 0.0 ], [ 6.322718639695131, 45.054525035712487, 0.0 ], [ 5.83930599994515, 44.972500999790363, 0.0 ], [ 5.708714061404955, 44.956667005260016, 0.0 ], [ 5.595507452120309, 44.881071555980967, 0.0 ], [ 5.580582387442396, 44.924242302959428, 0.0 ], [ 5.635728167002263, 45.007041427723422, 0.0 ], [ 5.84467906261131, 45.151516046817697, 0.0 ], [ 6.037510887901131, 45.358675934520917, 0.0 ], [ 6.531199999379896, 45.990300000068267, 0.0 ], [ 6.690018742387212, 45.870011779887491, 0.0 ] ] ] } },
{ "type": "Feature", "properties": { "FID_gras38": -1, "FID_gras24": -1, "FID_gras_1": -1, "FID_eshm20": 142, "ZONE_ID": "FRAS169", "areakm2": 14036.392412, "tctCluster": "Shallow Default", "CSZ_ID": "SZ05", "TECTO_ID": "TSZ042", "magScaleRe": "WC1994", "SS": 20.0, "NF": 60.0, "TF": 20.0, "MINDEPTH": 0.0, "MAXDEPTH": 15.0, "HYPODEPTH1": 2.0, "HYPODEPTH2": 8.0, "HYPODEPTH3": 10.0, "WHDEPTH1": 0.1, "WHDEPTH2": 0.4, "WHDEPTH3": 0.5, "WMAXMAG01": 0.5, "WMAXMAG02": 0.4, "WMAXMAG03": 0.1, "MAXMAG01": 6.5, "MAXMAG02": 6.8, "MAXMAG03": 7.1, "STRIKE1": 0.0, "STRIKE2": 0.0, "STRIKE3": 0.0, "STRIKE4": 0.0, "DIP1": 89.99, "DIP2": 0.0, "DIP3": 0.0, "DIP4": 0.0, "aspRatio": 1.0, "mfd_bin": 0.2, "a_val": 2.4597, "a_hi": 2.4656586412500001, "a_mid": 2.4597856245499998, "a_lo": 2.45391260785, "sigma_a": 0.01, "b_val": 0.902, "b_hi": 0.93386393639599996, "b_mid": 0.902, "b_lo": 0.87013606360399998, "sigma_b": 0.01, "cum_cov_ab": 0.054321, "MCORNERP1": 6.0, "MCORNERP2": 6.2, "MCORNERP3": 6.4, "MAXMAGP1": 6.2, "MAXMAGP2": 6.4, "utsu_bval2": 0.0, "utsu_aval": 0.0, "utsu_Minfl": 0.0, "FID_gras26": -1, "Shape_Leng": 671512.68674499996, "Shape_Area": 19601009993.200001 }, "geometry": { "type": "Polygon", "coordinates": [ [ [ 6.487130962007927, 44.997000238500171, 0.0 ], [ 6.488788277350308, 44.872000122453514, 0.0 ], [ 6.548332681953374, 44.71216241594643, 0.0 ], [ 6.67000000007965, 44.479999999756203, 0.0 ], [ 6.801997590037077, 44.405239443062271, 0.0 ], [ 6.870204004258818, 44.265726323483761, 0.0 ], [ 7.11244951138279, 44.209780154179448, 0.0 ], [ 7.205024443468462, 44.142719767465103, 0.0 ], [ 7.149013967175718, 43.94322721829954, 0.0 ], [ 7.225910944865772, 43.747268344208706, 0.0 ], [ 7.114977162183163, 43.727014220492549, 0.0 ], [ 6.914204644803384, 43.657096634989017, 0.0 ], [ 6.310924924231246, 43.60129085553212, 0.0 ], [ 6.195143967921108, 43.669284104186914, 0.0 ], [ 6.166920355168211, 43.741126026813831, 0.0 ], [ 6.193861075779028, 43.950237339604485, 0.0 ], [ 6.235435000228559, 44.02543300013604, 0.0 ], [ 6.22717262053704, 44.079445076256675, 0.0 ], [ 6.160505898051034, 44.124710580915384, 0.0 ], [ 6.115925418346754, 44.212267925233512, 0.0 ], [ 6.035695358575956, 44.277766066155053, 0.0 ], [ 6.059997325650386, 44.370889621712813, 0.0 ], [ 6.004236209104069, 44.37775958588341, 0.0 ], [ 5.899389986606739, 44.420599979083072, 0.0 ], [ 5.930889658182794, 44.555369934259765, 0.0 ], [ 5.847530563258124, 44.624655530364528, 0.0 ], [ 5.904208945947796, 44.767991236348543, 0.0 ], [ 5.979060342954928, 44.806092602244227, 0.0 ], [ 5.986275458603395, 44.861183346510003, 0.0 ], [ 5.87622423026323, 44.900056830903672, 0.0 ], [ 5.83930599994515, 44.972500999790363, 0.0 ], [ 6.322718639695131, 45.054525035712487, 0.0 ], [ 6.429880000342683, 45.035689000223954, 0.0 ], [ 6.487130962007927, 44.997000238500171, 0.0 ] ] ] } },
{ "type": "Feature", "properties": { "FID_gras38": -1, "FID_gras24": -1, "FID_gras_1": -1, "FID_eshm20": 143, "ZONE_ID": "FRAS170", "areakm2": 20141.9474477, "tctCluster": "Shallow Default", "CSZ_ID": "SZ05", "TECTO_ID": "TSZ047", "magScaleRe": "WC1994", "SS": 20.0, "NF": 60.0, "TF": 20.0, "MINDEPTH": 0.0, "MAXDEPTH": 15.0, "HYPODEPTH1": 2.0, "HYPODEPTH2": 8.0, "HYPODEPTH3": 10.0, "WHDEPTH1": 0.1, "WHDEPTH2": 0.4, "WHDEPTH3": 0.5, "WMAXMAG01": 0.5, "WMAXMAG02": 0.4, "WMAXMAG03": 0.1, "MAXMAG01": 6.5, "MAXMAG02": 6.8, "MAXMAG03": 7.1, "STRIKE1": 0.0, "STRIKE2": 0.0, "STRIKE3": 0.0, "STRIKE4": 0.0, "DIP1": 89.99, "DIP2": 0.0, "DIP3": 0.0, "DIP4": 0.0, "aspRatio": 1.0, "mfd_bin": 0.2, "a_val": 1.89, "a_hi": 1.9071665953200001, "a_mid": 1.88991614582, "a_lo": 1.8726656963299999, "sigma_a": 0.02, "b_val": 0.77, "b_hi": 0.81506241100200005, "b_mid": 0.77, "b_lo": 0.72493758899799998, "sigma_b": 0.02, "cum_cov_ab": 0.052360194428699998, "MCORNERP1": 6.0, "MCORNERP2": 6.2, "MCORNERP3": 6.4, "MAXMAGP1": 6.2, "MAXMAGP2": 6.4, "utsu_bval2": 0.0, "utsu_aval": 0.0, "utsu_Minfl": 0.0, "FID_gras26": -1, "Shape_Leng": 813341.30211100006, "Shape_Area": 28010286621.099998 }, "geometry": { "type": "Polygon", "coordinates": [ [ [ 6.115925418346754, 44.212267925233512, 0.0 ], [ 5.838500135676813, 43.792120963638808, 0.0 ], [ 5.720794841602704, 43.673132777904335, 0.0 ], [ 5.565924426932776, 43.657576761842527, 0.0 ], [ 5.380828598222371, 43.413026529933489, 0.0 ], [ 5.145700000225049, 43.257999999761061, 0.0 ], [ 4.862389277410392, 43.387682291806215, 0.0 ], [ 4.603175140745104, 43.394467117805029, 0.0 ], [ 3.965435498800109, 43.582500475992674, 0.0 ], [ 4.380437924438147, 43.844221910805544, 0.0 ], [ 5.14243311230266, 44.260484910395, 0.0 ], [ 5.135500000279777, 44.318099999761529, 0.0 ], [ 5.160600000109882, 44.438399999533615, 0.0 ], [ 5.195900000783593, 44.551299999621577, 0.0 ], [ 5.18640000044705, 44.63909999994565, 0.0 ], [ 5.163000000308373, 44.715499999262839, 0.0 ], [ 5.315799999471023, 44.727199999463323, 0.0 ], [ 5.403800000460924, 44.762499999667078, 0.0 ], [ 5.500599999483646, 44.83759999931565, 0.0 ], [ 5.595507452120309, 44.881071555980967, 0.0 ], [ 5.708714061404955, 44.956667005260016, 0.0 ], [ 5.83930599994515, 44.972500999790363, 0.0 ], [ 5.87622423026323, 44.900056830903672, 0.0 ], [ 5.986275458603395, 44.861183346510003, 0.0 ], [ 5.979060342954928, 44.806092602244227, 0.0 ], [ 5.904208945947796, 44.767991236348543, 0.0 ], [ 5.847530563258124, 44.624655530364528, 0.0 ], [ 5.930889658182794, 44.555369934259765, 0.0 ], [ 5.899389986606739, 44.420599979083072, 0.0 ], [ 6.004236209104069, 44.37775958588341, 0.0 ], [ 6.059997325650386, 44.370889621712813, 0.0 ], [ 6.035695358575956, 44.277766066155053, 0.0 ], [ 6.115925418346754, 44.212267925233512, 0.0 ] ] ] } },
{ "type": "Feature", "properties": { "FID_gras38": -1, "FID_gras24": -1, "FID_gras_1": -1, "FID_eshm20": 144, "ZONE_ID": "FRAS171", "areakm2": 9992.7237083300006, "tctCluster": "Shallow Default", "CSZ_ID": "SZ05", "TECTO_ID": "TSZ099", "magScaleRe": "WC1994", "SS": 30.0, "NF": 30.0, "TF": 40.0, "MINDEPTH": 0.0, "MAXDEPTH": 20.0, "HYPODEPTH1": 2.0, "HYPODEPTH2": 10.0, "HYPODEPTH3": 18.0, "WHDEPTH1": 0.1, "WHDEPTH2": 0.4, "WHDEPTH3": 0.5, "WMAXMAG01": 0.5, "WMAXMAG02": 0.4, "WMAXMAG03": 0.1, "MAXMAG01": 6.5, "MAXMAG02": 6.8, "MAXMAG03": 7.1, "STRIKE1": 0.0, "STRIKE2": 0.0, "STRIKE3": 0.0, "STRIKE4": 0.0, "DIP1": 89.99, "DIP2": 0.0, "DIP3": 0.0, "DIP4": 0.0, "aspRatio": 1.0, "mfd_bin": 0.2, "a_val": 2.099, "a_hi": 2.1052394088400002, "a_mid": 2.0993657803099999, "a_lo": 2.09349215179, "sigma_a": 0.01, "b_val": 0.88, "b_hi": 0.91186393639600005, "b_mid": 0.88, "b_lo": 0.84813606360399996, "sigma_b": 0.01, "cum_cov_ab": 0.054321, "MCORNERP1": 6.0, "MCORNERP2": 6.2, "MCORNERP3": 6.4, "MAXMAGP1": 6.2, "MAXMAGP2": 6.2, "utsu_bval2": 0.0, "utsu_aval": 0.0, "utsu_Minfl": 0.0, "FID_gras26": -1, "Shape_Leng": 809826.08138800005, "Shape_Area": 13765035587.6 }, "geometry": { "type": "Polygon", "coordinates": [ [ [ 1.021190787793895, 43.163881405144991, 0.0 ], [ 0.971991054117689, 43.135171101165433, 0.0 ], [ 0.623576612732702, 43.147220015980352, 0.0 ], [ 0.216423714556351, 43.104640910306877, 0.0 ], [ -0.069235963487396, 43.195415673604202, 0.0 ], [ -0.205288287227604, 43.13316294958296, 0.0 ], [ -0.324271317114053, 43.132660910725633, 0.0 ], [ -0.582318899754761, 43.209472740034521, 0.0 ], [ -0.948304673761403, 43.410790017965475, 0.0 ], [ -1.093393683645501, 43.653776457227565, 0.0 ], [ -1.324331208752768, 43.670845752590971, 0.0 ], [ -1.543219819600357, 43.622650094625037, 0.0 ], [ -1.713912773409201, 43.544332151805989, 0.0 ], [ -2.096477999826629, 43.486216999655852, 0.0 ], [ -2.12288499988612, 43.687900999251305, 0.0 ], [ -1.919499999302104, 43.698600000197132, 0.0 ], [ -1.790499999412895, 43.69100000012434, 0.0 ], [ -1.541599999937924, 43.758100000161846, 0.0 ], [ -1.166054631358795, 43.779170444755415, 0.0 ], [ -0.718400000126789, 43.753899999672996, 0.0 ], [ -0.462800000546827, 43.747599999755458, 0.0 ], [ -0.317899999791754, 43.688999999984532, 0.0 ], [ -0.210099999859276, 43.548099999933264, 0.0 ], [ 0.381300000543701, 43.354699999314512, 0.0 ], [ 0.605599999780749, 43.309500000045922, 0.0 ], [ 0.706499999591722, 43.233799999997053, 0.0 ], [ 1.021190787793895, 43.163881405144991, 0.0 ] ] ] } },
{ "type": "Feature", "properties": { "FID_gras38": -1, "FID_gras24": -1, "FID_gras_1": -1, "FID_eshm20": 145, "ZONE_ID": "FRAS172", "areakm2": 12651.630013600001, "tctCluster": "Shallow Default", "CSZ_ID": "SZ05", "TECTO_ID": "TSZ099", "magScaleRe": "WC1994", "SS": 30.0, "NF": 30.0, "TF": 40.0, "MINDEPTH": 0.0, "MAXDEPTH": 20.0, "HYPODEPTH1": 2.0, "HYPODEPTH2": 10.0, "HYPODEPTH3": 18.0, "WHDEPTH1": 0.1, "WHDEPTH2": 0.4, "WHDEPTH3": 0.5, "WMAXMAG01": 0.5, "WMAXMAG02": 0.4, "WMAXMAG03": 0.1, "MAXMAG01": 6.5, "MAXMAG02": 6.8, "MAXMAG03": 7.1, "STRIKE1": 0.0, "STRIKE2": 0.0, "STRIKE3": 0.0, "STRIKE4": 0.0, "DIP1": 89.99, "DIP2": 0.0, "DIP3": 0.0, "DIP4": 0.0, "aspRatio": 1.0, "mfd_bin": 0.2, "a_val": 2.417, "a_hi": 2.4228447920399998, "a_mid": 2.4169663879700001, "a_lo": 2.4110879839099999, "sigma_a": 0.01, "b_val": 0.86, "b_hi": 0.89186393639600003, "b_mid": 0.86, "b_lo": 0.82813606360400005, "sigma_b": 0.01, "cum_cov_ab": 0.054321, "MCORNERP1": 6.0, "MCORNERP2": 6.2, "MCORNERP3": 6.4, "MAXMAGP1": 6.2, "MAXMAGP2": 6.4, "utsu_bval2": 0.0, "utsu_aval": 0.0, "utsu_Minfl": 0.0, "FID_gras26": -1, "Shape_Leng": 705845.92490800004, "Shape_Area": 17316842782.599998 }, "geometry": { "type": "Polygon", "coordinates": [ [ [ 2.380890377878162, 43.05129936110491, 0.0 ], [ 2.806116647444064, 43.020172999446224, 0.0 ], [ 3.089574999392483, 42.877201999659462, 0.0 ], [ 2.380000000107862, 42.605399999950961, 0.0 ], [ 0.260724999666937, 42.823230000001821, 0.0 ], [ 0.317519000025236, 42.934679000099031, 0.0 ], [ 0.216423714556351, 43.104640910306877, 0.0 ], [ 0.623576612732702, 43.147220015980352, 0.0 ], [ 0.971991054117689, 43.135171101165433, 0.0 ], [ 1.021190787793895, 43.163881405144991, 0.0 ], [ 1.428845722941548, 43.135767271675057, 0.0 ], [ 1.731755116972292, 43.056319743216044, 0.0 ], [ 1.845035307261856, 43.086567537893714, 0.0 ], [ 2.380890377878162, 43.05129936110491, 0.0 ] ] ] } },
{ "type": "Feature", "properties": { "FID_gras38": -1, "FID_gras24": -1, "FID_gras_1": -1, "FID_eshm20": 146, "ZONE_ID": "FRAS173", "areakm2": 128033.73153600001, "tctCluster": "Shallow Default", "CSZ_ID": "SZ05", "TECTO_ID": "TSZ033", "magScaleRe": "WC1994", "SS": 35.0, "NF": 50.0, "TF": 15.0, "MINDEPTH": 5.0, "MAXDEPTH": 20.0, "HYPODEPTH1": 8.0, "HYPODEPTH2": 12.0, "HYPODEPTH3": 18.0, "WHDEPTH1": 0.1, "WHDEPTH2": 0.4, "WHDEPTH3": 0.5, "WMAXMAG01": 0.5, "WMAXMAG02": 0.4, "WMAXMAG03": 0.1, "MAXMAG01": 6.3, "MAXMAG02": 6.6, "MAXMAG03": 6.9, "STRIKE1": 128.9, "STRIKE2": 0.0, "STRIKE3": 0.0, "STRIKE4": 0.0, "DIP1": 89.99, "DIP2": 0.0, "DIP3": 0.0, "DIP4": 0.0, "aspRatio": 1.0, "mfd_bin": 0.2, "a_val": 2.45, "a_hi": 2.5198133913, "a_mid": 2.4500039825700002, "a_lo": 2.3801945738399999, "sigma_a": 0.061423452801700001, "b_val": 1.06, "b_hi": 1.1389708003300001, "b_mid": 1.06, "b_lo": 0.98102919966500002, "sigma_b": 0.061423452801700001, "cum_cov_ab": 0.054321, "MCORNERP1": 6.0, "MCORNERP2": 6.2, "MCORNERP3": 6.4, "MAXMAGP1": 5.8, "MAXMAGP2": 5.8, "utsu_bval2": 0.0, "utsu_aval": 0.0, "utsu_Minfl": 0.0, "FID_gras26": -1, "Shape_Leng": 2308655.1858600001, "Shape_Area": 193758253163.0 }, "geometry": { "type": "Polygon", "coordinates": [ [ [ 7.480361360495157, 50.247673996205762, 0.0 ], [ 6.866758644445656, 49.89870150402227, 0.0 ], [ 7.040830733366607, 49.548960336109197, 0.0 ], [ 7.366561332218674, 49.689800010982417, 0.0 ], [ 7.936999999764528, 49.600999999785472, 0.0 ], [ 8.076502648306457, 49.375694867756366, 0.0 ], [ 7.87583789642141, 49.09328455708031, 0.0 ], [ 7.394399999804335, 48.879399999916785, 0.0 ], [ 7.041800000286808, 48.749099999279117, 0.0 ], [ 6.562400000163685, 48.35469999959691, 0.0 ], [ 6.37350000026114, 48.119399999659699, 0.0 ], [ 6.18500000039169, 47.765499999703792, 0.0 ], [ 5.448684346089816, 47.751751530930903, 0.0 ], [ 5.293211933517072, 47.715554613110875, 0.0 ], [ 4.975351766821646, 47.37633227776805, 0.0 ], [ 4.732518797434457, 47.042022930245174, 0.0 ], [ 3.536621294209053, 46.909349694996706, 0.0 ], [ 3.065848195746709, 46.787263684819614, 0.0 ], [ 2.876577102698604, 46.663757982771799, 0.0 ], [ 2.874320797012955, 48.171006430860892, 0.0 ], [ 3.09559265358067, 49.811730362950868, 0.0 ], [ 3.564132618400127, 49.786754157479976, 0.0 ], [ 4.41860146228518, 49.783741929655477, 0.0 ], [ 4.929999999902638, 49.819999999567081, 0.0 ], [ 5.520000000189824, 49.539999999912091, 0.0 ], [ 5.859999999563554, 49.559999999382853, 0.0 ], [ 6.400000000207039, 49.450000000223561, 0.0 ], [ 6.414283307547668, 50.096504800435007, 0.0 ], [ 6.823175689965471, 50.400213337052485, 0.0 ], [ 6.926595538708591, 50.520702480309282, 0.0 ], [ 7.084486519656732, 50.506143375383118, 0.0 ], [ 7.210749102245279, 50.418286708457437, 0.0 ], [ 7.324962768777521, 50.325409660010784, 0.0 ], [ 7.480361360495157, 50.247673996205762, 0.0 ] ] ] } },
{ "type": "Feature", "properties": { "FID_gras38": -1, "FID_gras24": -1, "FID_gras_1": -1, "FID_eshm20": 147, "ZONE_ID": "FRAS174", "areakm2": 57088.9425004, "tctCluster": "Shallow Default", "CSZ_ID": "SZ05", "TECTO_ID": "TSZ048", "magScaleRe": "WC1994", "SS": 40.0, "NF": 40.0, "TF": 20.0, "MINDEPTH": 5.0, "MAXDEPTH": 20.0, "HYPODEPTH1": 8.0, "HYPODEPTH2": 12.0, "HYPODEPTH3": 18.0, "WHDEPTH1": 0.1, "WHDEPTH2": 0.4, "WHDEPTH3": 0.5, "WMAXMAG01": 0.5, "WMAXMAG02": 0.4, "WMAXMAG03": 0.1, "MAXMAG01": 6.3, "MAXMAG02": 6.6, "MAXMAG03": 6.9, "STRIKE1": 0.0, "STRIKE2": 0.0, "STRIKE3": 0.0, "STRIKE4": 0.0, "DIP1": 89.99, "DIP2": 0.0, "DIP3": 0.0, "DIP4": 0.0, "aspRatio": 1.0, "mfd_bin": 0.2, "a_val": 2.1473926002199999, "a_hi": 2.2653426077200001, "a_mid": 2.1474689708899999, "a_lo": 2.0295953340700001, "sigma_a": 0.20697346418000001, "b_val": 0.82670160732099995, "b_hi": 0.89699898533099998, "b_mid": 0.82670160732099995, "b_lo": 0.75640422931100004, "sigma_b": 0.048672023327900001, "cum_cov_ab": 0.054321, "MCORNERP1": 6.0, "MCORNERP2": 6.2, "MCORNERP3": 6.4, "MAXMAGP1": 6.2, "MAXMAGP2": 6.4, "utsu_bval2": 0.0, "utsu_aval": 0.0, "utsu_Minfl": 0.0, "FID_gras26": -1, "Shape_Leng": 1246375.6648800001, "Shape_Area": 81782037874.199997 }, "geometry": { "type": "Polygon", "coordinates": [ [ [ 4.864999999916684, 44.861700000424321, 0.0 ], [ 4.803299999754498, 44.840099999803932, 0.0 ], [ 4.69059999986588, 44.778999999506929, 0.0 ], [ 4.625599999879926, 44.76259999958021, 0.0 ], [ 4.521800000278244, 44.76029999988539, 0.0 ], [ 4.404299999992677, 44.725600000115456, 0.0 ], [ 4.30059999995012, 44.604799999839848, 0.0 ], [ 4.243300000151823, 44.502400000251306, 0.0 ], [ 2.241285218087592, 44.976750845319195, 0.0 ], [ 2.241536237022357, 45.111297055797849, 0.0 ], [ 2.506612353430398, 45.54430491503517, 0.0 ], [ 2.727292528347997, 46.027823558889388, 0.0 ], [ 2.858458259487711, 46.238916767959275, 0.0 ], [ 2.840372829113824, 46.40684674780141, 0.0 ], [ 2.876577102698604, 46.663757982771799, 0.0 ], [ 3.065848195746709, 46.787263684819614, 0.0 ], [ 3.536621294209053, 46.909349694996706, 0.0 ], [ 4.732518797434457, 47.042022930245174, 0.0 ], [ 4.562700000516791, 46.54289999920438, 0.0 ], [ 4.547000000565806, 46.452899999493518, 0.0 ], [ 4.47360000078343, 46.317200000023007, 0.0 ], [ 4.697799999563056, 46.244899999369856, 0.0 ], [ 4.526599999776929, 45.868900000008551, 0.0 ], [ 4.757500000458141, 45.829699999885115, 0.0 ], [ 4.801699999622159, 45.59769999943606, 0.0 ], [ 4.942400000029856, 45.549599999849249, 0.0 ], [ 4.747300000512868, 45.398299999864868, 0.0 ], [ 4.857600000202962, 45.178999999520414, 0.0 ], [ 4.864999999916684, 44.861700000424321, 0.0 ] ] ] } },
{ "type": "Feature", "properties": { "FID_gras38": -1, "FID_gras24": -1, "FID_gras_1": -1, "FID_eshm20": 148, "ZONE_ID": "FRAS175", "areakm2": 37941.379409499998, "tctCluster": "Shallow Default", "CSZ_ID": "SZ05", "TECTO_ID": "TSZ036", "magScaleRe": "WC1994", "SS": 33.0, "NF": 33.0, "TF": 34.0, "MINDEPTH": 5.0, "MAXDEPTH": 20.0, "HYPODEPTH1": 8.0, "HYPODEPTH2": 12.0, "HYPODEPTH3": 18.0, "WHDEPTH1": 0.1, "WHDEPTH2": 0.4, "WHDEPTH3": 0.5, "WMAXMAG01": 0.5, "WMAXMAG02": 0.4, "WMAXMAG03": 0.1, "MAXMAG01": 6.3, "MAXMAG02": 6.6, "MAXMAG03": 6.9, "STRIKE1": 0.0, "STRIKE2": 0.0, "STRIKE3": 0.0, "STRIKE4": 0.0, "DIP1": 89.99, "DIP2": 0.0, "DIP3": 0.0, "DIP4": 0.0, "aspRatio": 1.0, "mfd_bin": 0.2, "a_val": 2.45, "a_hi": 2.4581048080699999, "a_mid": 2.4495679833800001, "a_lo": 2.44103115869, "sigma_a": 0.02, "b_val": 0.95, "b_hi": 0.99506241100199999, "b_mid": 0.95, "b_lo": 0.90493758899800003, "sigma_b": 0.02, "cum_cov_ab": 0.10567241112799999, "MCORNERP1": 6.0, "MCORNERP2": 6.2, "MCORNERP3": 6.4, "MAXMAGP1": 6.0, "MAXMAGP2": 6.2, "utsu_bval2": 0.0, "utsu_aval": 0.0, "utsu_Minfl": 0.0, "FID_gras26": -1, "Shape_Leng": 1081013.00388, "Shape_Area": 57313964987.699997 }, "geometry": { "type": "Polygon", "coordinates": [ [ [ -1.877599999879189, 47.774500000137742, 0.0 ], [ -4.797294994743807, 48.117593883341975, 0.0 ], [ -5.582231561353383, 48.336608003297478, 0.0 ], [ -4.547925331783767, 48.903705062252961, 0.0 ], [ -4.240999999512457, 48.981400000196423, 0.0 ], [ -3.665400000416218, 49.283300000107424, 0.0 ], [ -3.080939628415237, 49.469009080514851, 0.0 ], [ -2.399599999932289, 48.422299999559712, 0.0 ], [ -1.877599999879189, 47.774500000137742, 0.0 ] ] ] } },
{ "type": "Feature", "properties": { "FID_gras38": -1, "FID_gras24": -1, "FID_gras_1": -1, "FID_eshm20": 149, "ZONE_ID": "FRAS176", "areakm2": 101966.41982700001, "tctCluster": "Shallow Default", "CSZ_ID": "SZ05", "TECTO_ID": "TSZ056", "magScaleRe": "WC1994", "SS": 40.0, "NF": 40.0, "TF": 20.0, "MINDEPTH": 5.0, "MAXDEPTH": 20.0, "HYPODEPTH1": 8.0, "HYPODEPTH2": 12.0, "HYPODEPTH3": 18.0, "WHDEPTH1": 0.1, "WHDEPTH2": 0.4, "WHDEPTH3": 0.5, "WMAXMAG01": 0.5, "WMAXMAG02": 0.4, "WMAXMAG03": 0.1, "MAXMAG01": 6.3, "MAXMAG02": 6.6, "MAXMAG03": 6.9, "STRIKE1": 0.0, "STRIKE2": 0.0, "STRIKE3": 0.0, "STRIKE4": 0.0, "DIP1": 89.99, "DIP2": 0.0, "DIP3": 0.0, "DIP4": 0.0, "aspRatio": 1.0, "mfd_bin": 0.2, "a_val": 2.9932223819899999, "a_hi": 3.0559834818999998, "a_mid": 2.9931044687899999, "a_lo": 2.93022545568, "sigma_a": 0.14359677588700001, "b_val": 0.93971046193499996, "b_hi": 0.99875516725799995, "b_mid": 0.93971046193499996, "b_lo": 0.88066575661299995, "sigma_b": 0.034337056727599999, "cum_cov_ab": 0.054321, "MCORNERP1": 6.0, "MCORNERP2": 6.2, "MCORNERP3": 6.4, "MAXMAGP1": 6.2, "MAXMAGP2": 6.4, "utsu_bval2": 0.0, "utsu_aval": 0.0, "utsu_Minfl": 0.0, "FID_gras26": -1, "Shape_Leng": 2345306.3951900001, "Shape_Area": 149304152585.0 }, "geometry": { "type": "Polygon", "coordinates": [ [ [ -1.877599999879189, 47.774500000137742, 0.0 ], [ -0.950199999534948, 47.63079999934407, 0.0 ], [ -0.404780000149991, 47.49653799958196, 0.0 ], [ 0.310245492086706, 47.276494745750121, 0.0 ], [ 0.581346064726255, 47.141948535477304, 0.0 ], [ 1.217930374401179, 47.065638744165348, 0.0 ], [ 1.609520090535906, 47.013426782388976, 0.0 ], [ 2.260023291583389, 47.204458510687886, 0.0 ], [ 2.876577102698604, 46.663757982771799, 0.0 ], [ 2.840372829113824, 46.40684674780141, 0.0 ], [ 2.858458259487711, 46.238916767959275, 0.0 ], [ 2.727292528347997, 46.027823558889388, 0.0 ], [ 2.332376198900893, 46.131360740611107, 0.0 ], [ 1.305170200336383, 46.191289344681714, 0.0 ], [ 0.996236792045235, 45.831572364448945, 0.0 ], [ 0.887600000645815, 45.349699999939595, 0.0 ], [ 0.199299999864364, 45.804099999681839, 0.0 ], [ -1.052090779120578, 46.301722081421254, 0.0 ], [ -1.855351737851097, 46.458357967935051, 0.0 ], [ -2.443740388690648, 46.728454464018732, 0.0 ], [ -3.480199999472238, 47.452399999431378, 0.0 ], [ -3.856475598664352, 47.519666508054314, 0.0 ], [ -5.533432832925056, 47.996256450913585, 0.0 ], [ -5.582231561353383, 48.336608003297478, 0.0 ], [ -4.797294994743807, 48.117593883341975, 0.0 ], [ -1.877599999879189, 47.774500000137742, 0.0 ] ] ] } },
{ "type": "Feature", "properties": { "FID_gras38": -1, "FID_gras24": -1, "FID_gras_1": -1, "FID_eshm20": 150, "ZONE_ID": "FRAS177", "areakm2": 19388.1392939, "tctCluster": "Shallow Default", "CSZ_ID": "SZ05", "TECTO_ID": "TSZ047", "magScaleRe": "WC1994", "SS": 40.0, "NF": 40.0, "TF": 20.0, "MINDEPTH": 5.0, "MAXDEPTH": 20.0, "HYPODEPTH1": 8.0, "HYPODEPTH2": 12.0, "HYPODEPTH3": 18.0, "WHDEPTH1": 0.1, "WHDEPTH2": 0.4, "WHDEPTH3": 0.5, "WMAXMAG01": 0.5, "WMAXMAG02": 0.4, "WMAXMAG03": 0.1, "MAXMAG01": 6.3, "MAXMAG02": 6.6, "MAXMAG03": 6.9, "STRIKE1": 0.0, "STRIKE2": 0.0, "STRIKE3": 0.0, "STRIKE4": 0.0, "DIP1": 89.99, "DIP2": 0.0, "DIP3": 0.0, "DIP4": 0.0, "aspRatio": 1.0, "mfd_bin": 0.2, "a_val": 2.35, "a_hi": 2.3556100925000001, "a_mid": 2.3507055640400001, "a_lo": 2.3458010355800001, "sigma_a": 0.02, "b_val": 0.92, "b_hi": 0.95186393639599998, "b_mid": 0.92, "b_lo": 0.88813606360399999, "sigma_b": 0.01, "cum_cov_ab": 0.097129595005500002, "MCORNERP1": 6.0, "MCORNERP2": 6.2, "MCORNERP3": 6.4, "MAXMAGP1": 6.2, "MAXMAGP2": 6.2, "utsu_bval2": 0.0, "utsu_aval": 0.0, "utsu_Minfl": 0.0, "FID_gras26": -1, "Shape_Leng": 929016.39338899998, "Shape_Area": 26950301383.5 }, "geometry": { "type": "Polygon", "coordinates": [ [ [ 4.932000000068037, 44.832299999433232, 0.0 ], [ 5.163000000308373, 44.715499999262839, 0.0 ], [ 5.18640000044705, 44.63909999994565, 0.0 ], [ 5.195900000783593, 44.551299999621577, 0.0 ], [ 5.160600000109882, 44.438399999533615, 0.0 ], [ 5.135500000279777, 44.318099999761529, 0.0 ], [ 5.14243311230266, 44.260484910395, 0.0 ], [ 4.380437924438147, 43.844221910805544, 0.0 ], [ 3.965435498800109, 43.582500475992674, 0.0 ], [ 3.641773939236301, 43.180862427577672, 0.0 ], [ 3.089574999392483, 42.877201999659462, 0.0 ], [ 2.806116647444064, 43.020172999446224, 0.0 ], [ 2.380890377878162, 43.05129936110491, 0.0 ], [ 2.854131885044496, 43.355659959315368, 0.0 ], [ 3.105150933917904, 43.477153178416494, 0.0 ], [ 3.389047128329077, 43.571606994490416, 0.0 ], [ 3.423662042326105, 43.701650197210526, 0.0 ], [ 4.149099999547512, 44.24399999968746, 0.0 ], [ 4.144100000032281, 44.37249999988768, 0.0 ], [ 4.243300000151823, 44.502400000251306, 0.0 ], [ 4.30059999995012, 44.604799999839848, 0.0 ], [ 4.404299999992677, 44.725600000115456, 0.0 ], [ 4.521800000278244, 44.76029999988539, 0.0 ], [ 4.625599999879926, 44.76259999958021, 0.0 ], [ 4.69059999986588, 44.778999999506929, 0.0 ], [ 4.803299999754498, 44.840099999803932, 0.0 ], [ 4.864999999916684, 44.861700000424321, 0.0 ], [ 4.932000000068037, 44.832299999433232, 0.0 ] ] ] } },
{ "type": "Feature", "properties": { "FID_gras38": -1, "FID_gras24": -1, "FID_gras_1": -1, "FID_eshm20": 151, "ZONE_ID": "FRAS179", "areakm2": 36820.342208000002, "tctCluster": "Shallow Default", "CSZ_ID": "SZ05", "TECTO_ID": "TSZ031", "magScaleRe": "WC1994", "SS": 40.0, "NF": 40.0, "TF": 20.0, "MINDEPTH": 5.0, "MAXDEPTH": 20.0, "HYPODEPTH1": 8.0, "HYPODEPTH2": 12.0, "HYPODEPTH3": 18.0, "WHDEPTH1": 0.1, "WHDEPTH2": 0.4, "WHDEPTH3": 0.5, "WMAXMAG01": 0.5, "WMAXMAG02": 0.4, "WMAXMAG03": 0.1, "MAXMAG01": 6.3, "MAXMAG02": 6.6, "MAXMAG03": 6.9, "STRIKE1": 0.0, "STRIKE2": 0.0, "STRIKE3": 0.0, "STRIKE4": 0.0, "DIP1": 89.99, "DIP2": 0.0, "DIP3": 0.0, "DIP4": 0.0, "aspRatio": 1.0, "mfd_bin": 0.2, "a_val": 1.2777807052700001, "a_hi": 1.36571862828, "a_mid": 1.27819829279, "a_lo": 1.1906779573, "sigma_a": 0.167555650025, "b_val": 0.94, "b_hi": 1.00301762444, "b_mid": 0.94, "b_lo": 0.87698237555799996, "sigma_b": 0.0391133669411, "cum_cov_ab": 0.054321, "MCORNERP1": 6.0, "MCORNERP2": 6.2, "MCORNERP3": 6.4, "MAXMAGP1": 5.2, "MAXMAGP2": 5.2, "utsu_bval2": 0.0, "utsu_aval": 0.0, "utsu_Minfl": 0.0, "FID_gras26": -1, "Shape_Leng": 1239069.59249, "Shape_Area": 51329225615.099998 }, "geometry": { "type": "Polygon", "coordinates": [ [ [ 1.306349325385044, 43.354681437869331, 0.0 ], [ 1.021190787793895, 43.163881405144991, 0.0 ], [ 0.706499999591722, 43.233799999997053, 0.0 ], [ 0.605599999780749, 43.309500000045922, 0.0 ], [ 0.381300000543701, 43.354699999314512, 0.0 ], [ -0.210099999859276, 43.548099999933264, 0.0 ], [ -0.317899999791754, 43.688999999984532, 0.0 ], [ -0.462800000546827, 43.747599999755458, 0.0 ], [ -0.718400000126789, 43.753899999672996, 0.0 ], [ -1.166054631358795, 43.779170444755415, 0.0 ], [ -1.541599999937924, 43.758100000161846, 0.0 ], [ -1.790499999412895, 43.69100000012434, 0.0 ], [ -1.919499999302104, 43.698600000197132, 0.0 ], [ -2.12288499988612, 43.687900999251305, 0.0 ], [ -2.042774104332691, 44.22175121210708, 0.0 ], [ -2.610366812938724, 44.76615524340076, 0.0 ], [ -2.802969000095829, 45.030658999861735, 0.0 ], [ -1.862647611145296, 44.9444545132705, 0.0 ], [ -1.392939102532888, 44.961750638862163, 0.0 ], [ -0.959179403706455, 44.890870437654108, 0.0 ], [ -0.49794938878168, 44.575470501030587, 0.0 ], [ -0.386711561409702, 44.20784304728474, 0.0 ], [ -0.256481909830354, 44.122379838632426, 0.0 ], [ -0.052319800050257, 44.084396190575312, 0.0 ], [ 0.202034987222178, 43.913469773583245, 0.0 ], [ 0.598828456948252, 43.85920741898645, 0.0 ], [ 0.86573141426752, 43.75576980451639, 0.0 ], [ 1.073403647002856, 43.605700486537138, 0.0 ], [ 1.201925400004463, 43.394844484734087, 0.0 ], [ 1.306349325385044, 43.354681437869331, 0.0 ] ] ] } },
{ "type": "Feature", "properties": { "FID_gras38": -1, "FID_gras24": -1, "FID_gras_1": -1, "FID_eshm20": 152, "ZONE_ID": "FRAS180", "areakm2": 33854.4048129, "tctCluster": "Shallow Default", "CSZ_ID": "SZ05", "TECTO_ID": "TSZ048", "magScaleRe": "WC1994", "SS": 40.0, "NF": 40.0, "TF": 20.0, "MINDEPTH": 5.0, "MAXDEPTH": 20.0, "HYPODEPTH1": 8.0, "HYPODEPTH2": 12.0, "HYPODEPTH3": 18.0, "WHDEPTH1": 0.1, "WHDEPTH2": 0.4, "WHDEPTH3": 0.5, "WMAXMAG01": 0.5, "WMAXMAG02": 0.4, "WMAXMAG03": 0.1, "MAXMAG01": 6.3, "MAXMAG02": 6.6, "MAXMAG03": 6.9, "STRIKE1": 0.0, "STRIKE2": 0.0, "STRIKE3": 0.0, "STRIKE4": 0.0, "DIP1": 89.99, "DIP2": 0.0, "DIP3": 0.0, "DIP4": 0.0, "aspRatio": 1.0, "mfd_bin": 0.2, "a_val": 1.86430587882, "a_hi": 1.9271569287100001, "a_mid": 1.86326825265, "a_lo": 1.7993795766, "sigma_a": 0.330675873284, "b_val": 0.99210615748700004, "b_hi": 1.0784716116599999, "b_mid": 0.99210615748700004, "b_lo": 0.90574070331300005, "sigma_b": 0.073465133039299996, "cum_cov_ab": 0.054321, "MCORNERP1": 6.0, "MCORNERP2": 6.2, "MCORNERP3": 6.4, "MAXMAGP1": 5.6, "MAXMAGP2": 5.4, "utsu_bval2": 0.0, "utsu_aval": 0.0, "utsu_Minfl": 0.0, "FID_gras26": -1, "Shape_Leng": 1009555.5120700001, "Shape_Area": 48005575731.900002 }, "geometry": { "type": "Polygon", "coordinates": [ [ [ 2.727292528347997, 46.027823558889388, 0.0 ], [ 2.506612353430398, 45.54430491503517, 0.0 ], [ 2.241536237022357, 45.111297055797849, 0.0 ], [ 2.241285218087592, 44.976750845319195, 0.0 ], [ 2.127499999436858, 44.560599999556644, 0.0 ], [ 1.928199999572494, 44.138399999656208, 0.0 ], [ 1.558617831105665, 43.650653487434681, 0.0 ], [ 1.352782211155248, 43.752567221666759, 0.0 ], [ 1.130881371293574, 43.901672536796724, 0.0 ], [ 1.044726000552519, 44.085245999434811, 0.0 ], [ 1.12205789309582, 44.348112327930835, 0.0 ], [ 1.269118648434711, 44.718409192624016, 0.0 ], [ 1.192943292802256, 45.054850346005445, 0.0 ], [ 0.887600000645815, 45.349699999939595, 0.0 ], [ 0.996236792045235, 45.831572364448945, 0.0 ], [ 1.305170200336383, 46.191289344681714, 0.0 ], [ 2.332376198900893, 46.131360740611107, 0.0 ], [ 2.727292528347997, 46.027823558889388, 0.0 ] ] ] } },
{ "type": "Feature", "properties": { "FID_gras38": -1, "FID_gras24": -1, "FID_gras_1": -1, "FID_eshm20": 153, "ZONE_ID": "FRAS181", "areakm2": 38855.192078599997, "tctCluster": "Shallow Default", "CSZ_ID": "SZ05", "TECTO_ID": "TSZ048", "magScaleRe": "WC1994", "SS": 40.0, "NF": 40.0, "TF": 20.0, "MINDEPTH": 5.0, "MAXDEPTH": 20.0, "HYPODEPTH1": 8.0, "HYPODEPTH2": 12.0, "HYPODEPTH3": 18.0, "WHDEPTH1": 0.1, "WHDEPTH2": 0.4, "WHDEPTH3": 0.5, "WMAXMAG01": 0.5, "WMAXMAG02": 0.4, "WMAXMAG03": 0.1, "MAXMAG01": 6.3, "MAXMAG02": 6.6, "MAXMAG03": 6.9, "STRIKE1": 0.0, "STRIKE2": 0.0, "STRIKE3": 0.0, "STRIKE4": 0.0, "DIP1": 89.99, "DIP2": 0.0, "DIP3": 0.0, "DIP4": 0.0, "aspRatio": 1.0, "mfd_bin": 0.2, "a_val": 2.5, "a_hi": 2.5033007730399999, "a_mid": 2.4997942661699999, "a_lo": 2.4962877592899999, "sigma_a": 0.02, "b_val": 0.99, "b_hi": 1.0218639364, "b_mid": 0.99, "b_lo": 0.95813606360400005, "sigma_b": 0.01, "cum_cov_ab": 0.13579039336900001, "MCORNERP1": 6.0, "MCORNERP2": 6.2, "MCORNERP3": 6.4, "MAXMAGP1": 6.0, "MAXMAGP2": 6.0, "utsu_bval2": 0.0, "utsu_aval": 0.0, "utsu_Minfl": 0.0, "FID_gras26": -1, "Shape_Leng": 1026346.83725, "Shape_Area": 54009413533.800003 }, "geometry": { "type": "Polygon", "coordinates": [ [ [ 4.243300000151823, 44.502400000251306, 0.0 ], [ 4.144100000032281, 44.37249999988768, 0.0 ], [ 4.149099999547512, 44.24399999968746, 0.0 ], [ 3.423662042326105, 43.701650197210526, 0.0 ], [ 3.389047128329077, 43.571606994490416, 0.0 ], [ 3.105150933917904, 43.477153178416494, 0.0 ], [ 2.854131885044496, 43.355659959315368, 0.0 ], [ 2.380890377878162, 43.05129936110491, 0.0 ], [ 1.845035307261856, 43.086567537893714, 0.0 ], [ 1.731755116972292, 43.056319743216044, 0.0 ], [ 1.428845722941548, 43.135767271675057, 0.0 ], [ 1.021190787793895, 43.163881405144991, 0.0 ], [ 1.306349325385044, 43.354681437869331, 0.0 ], [ 1.558617831105665, 43.650653487434681, 0.0 ], [ 1.928199999572494, 44.138399999656208, 0.0 ], [ 2.127499999436858, 44.560599999556644, 0.0 ], [ 2.241285218087592, 44.976750845319195, 0.0 ], [ 4.243300000151823, 44.502400000251306, 0.0 ] ] ] } },
{ "type": "Feature", "properties": { "FID_gras38": -1, "FID_gras24": -1, "FID_gras_1": -1, "FID_eshm20": 154, "ZONE_ID": "FRAS183", "areakm2": 21547.027521700002, "tctCluster": "Shallow Default", "CSZ_ID": "SZ05", "TECTO_ID": "TSZ133", "magScaleRe": "WC1994", "SS": 33.0, "NF": 33.0, "TF": 34.0, "MINDEPTH": 3.0, "MAXDEPTH": 24.0, "HYPODEPTH1": 8.0, "HYPODEPTH2": 10.0, "HYPODEPTH3": 15.0, "WHDEPTH1": 0.1, "WHDEPTH2": 0.4, "WHDEPTH3": 0.5, "WMAXMAG01": 0.5, "WMAXMAG02": 0.4, "WMAXMAG03": 0.1, "MAXMAG01": 6.3, "MAXMAG02": 6.6, "MAXMAG03": 6.9, "STRIKE1": 0.0, "STRIKE2": 0.0, "STRIKE3": 0.0, "STRIKE4": 0.0, "DIP1": 89.99, "DIP2": 0.0, "DIP3": 0.0, "DIP4": 0.0, "aspRatio": 1.0, "mfd_bin": 0.2, "a_val": 1.83060686675, "a_hi": 1.9199845582599999, "a_mid": 1.8309942019800001, "a_lo": 1.74200384571, "sigma_a": 0.17026414355399999, "b_val": 1.0000587032799999, "b_hi": 1.0619588073899999, "b_mid": 1.0000587032799999, "b_lo": 0.938158599165, "sigma_b": 0.037738436719599998, "cum_cov_ab": 0.054321, "MCORNERP1": 6.0, "MCORNERP2": 6.2, "MCORNERP3": 6.4, "MAXMAGP1": 5.4, "MAXMAGP2": 5.4, "utsu_bval2": 0.0, "utsu_aval": 0.0, "utsu_Minfl": 0.0, "FID_gras26": -1, "Shape_Leng": 714176.99008000002, "Shape_Area": 33800044344.599998 }, "geometry": { "type": "Polygon", "coordinates": [ [ [ 3.646811999471788, 50.55371999955625, 0.0 ], [ 3.640173250096156, 50.35542089903219, 0.0 ], [ 3.09559265358067, 49.811730362950868, 0.0 ], [ 2.591040999600307, 49.8620139998688, 0.0 ], [ 2.229447000084533, 49.88073999966992, 0.0 ], [ 1.92707300016651, 50.000268999371521, 0.0 ], [ 1.333524000533499, 50.708458000056304, 0.0 ], [ 1.978133000167341, 51.00334199978532, 0.0 ], [ 3.646811999471788, 50.55371999955625, 0.0 ] ] ] } },
{ "type": "Feature", "properties": { "FID_gras38": -1, "FID_gras24": -1, "FID_gras_1": -1, "FID_eshm20": 155, "ZONE_ID": "FRAS184", "areakm2": 66313.025973299998, "tctCluster": "Shallow Default", "CSZ_ID": "SZ05", "TECTO_ID": "TSZ036", "magScaleRe": "WC1994", "SS": 40.0, "NF": 40.0, "TF": 20.0, "MINDEPTH": 5.0, "MAXDEPTH": 20.0, "HYPODEPTH1": 8.0, "HYPODEPTH2": 12.0, "HYPODEPTH3": 18.0, "WHDEPTH1": 0.1, "WHDEPTH2": 0.4, "WHDEPTH3": 0.5, "WMAXMAG01": 0.5, "WMAXMAG02": 0.4, "WMAXMAG03": 0.1, "MAXMAG01": 6.3, "MAXMAG02": 6.6, "MAXMAG03": 6.9, "STRIKE1": 0.0, "STRIKE2": 0.0, "STRIKE3": 0.0, "STRIKE4": 0.0, "DIP1": 89.99, "DIP2": 0.0, "DIP3": 0.0, "DIP4": 0.0, "aspRatio": 1.0, "mfd_bin": 0.2, "a_val": 2.315, "a_hi": 2.4257689579699999, "a_mid": 2.3152588448200002, "a_lo": 2.2047487316700001, "sigma_a": 0.20965576316500001, "b_val": 0.8612, "b_hi": 0.93258855635100002, "b_mid": 0.8612, "b_lo": 0.78981144364900002, "sigma_b": 0.050194755846900002, "cum_cov_ab": 0.054321, "MCORNERP1": 6.0, "MCORNERP2": 6.2, "MCORNERP3": 6.4, "MAXMAGP1": 6.2, "MAXMAGP2": 6.4, "utsu_bval2": 0.0, "utsu_aval": 0.0, "utsu_Minfl": 0.0, "FID_gras26": -1, "Shape_Leng": 1314935.1897, "Shape_Area": 100613335271.0 }, "geometry": { "type": "Polygon", "coordinates": [ [ [ -0.404780000149991, 47.49653799958196, 0.0 ], [ -0.950199999534948, 47.63079999934407, 0.0 ], [ -1.877599999879189, 47.774500000137742, 0.0 ], [ -2.399599999932289, 48.422299999559712, 0.0 ], [ -3.080939628415237, 49.469009080514851, 0.0 ], [ -2.465307063878382, 49.672467745972284, 0.0 ], [ -1.876918413038831, 49.736728623250009, 0.0 ], [ -1.260415628028346, 49.728696013432064, 0.0 ], [ 0.193199999809012, 49.885900000080269, 0.0 ], [ -0.124933072374796, 49.477414498815584, 0.0 ], [ -0.155067065767095, 49.112458359104579, 0.0 ], [ 0.216585517308683, 48.760895105419038, 0.0 ], [ 0.387763339487068, 48.404728047579646, 0.0 ], [ -0.2889959239909, 47.743035780153463, 0.0 ], [ -0.404780000149991, 47.49653799958196, 0.0 ] ] ] } },
{ "type": "Feature", "properties": { "FID_gras38": -1, "FID_gras24": -1, "FID_gras_1": -1, "FID_eshm20": 156, "ZONE_ID": "FRAS185", "areakm2": 26192.9053681, "tctCluster": "Shallow Default", "CSZ_ID": "SZ05", "TECTO_ID": "TSZ048", "magScaleRe": "WC1994", "SS": 70.0, "NF": 25.0, "TF": 5.0, "MINDEPTH": 5.0, "MAXDEPTH": 20.0, "HYPODEPTH1": 8.0, "HYPODEPTH2": 12.0, "HYPODEPTH3": 18.0, "WHDEPTH1": 0.1, "WHDEPTH2": 0.4, "WHDEPTH3": 0.5, "WMAXMAG01": 0.5, "WMAXMAG02": 0.4, "WMAXMAG03": 0.1, "MAXMAG01": 6.3, "MAXMAG02": 6.6, "MAXMAG03": 6.9, "STRIKE1": 0.0, "STRIKE2": 0.0, "STRIKE3": 0.0, "STRIKE4": 0.0, "DIP1": 89.99, "DIP2": 0.0, "DIP3": 0.0, "DIP4": 0.0, "aspRatio": 1.0, "mfd_bin": 0.2, "a_val": 2.57, "a_hi": 2.6860331667600001, "a_mid": 2.5692824449899998, "a_lo": 2.4525317232299999, "sigma_a": 0.22284155028200001, "b_val": 0.99, "b_hi": 1.06375674123, "b_mid": 0.99, "b_lo": 0.91624325877199997, "sigma_b": 0.053580231699499999, "cum_cov_ab": 0.054321, "MCORNERP1": 6.0, "MCORNERP2": 6.2, "MCORNERP3": 6.4, "MAXMAGP1": 6.0, "MAXMAGP2": 6.2, "utsu_bval2": 0.0, "utsu_aval": 0.0, "utsu_Minfl": 0.0, "FID_gras26": -1, "Shape_Leng": 1228207.20255, "Shape_Area": 38042371048.900002 }, "geometry": { "type": "Polygon", "coordinates": [ [ [ 5.952077961176187, 47.314850249109284, 0.0 ], [ 5.540753379346833, 47.247757859816488, 0.0 ], [ 5.42138209579797, 47.155396196750416, 0.0 ], [ 5.396003193326626, 47.047522159677754, 0.0 ], [ 5.647245074696174, 46.941294256700139, 0.0 ], [ 5.492888729032404, 46.795708157121105, 0.0 ], [ 5.44552939454005, 46.622057267645992, 0.0 ], [ 5.391153863742466, 46.571189835321, 0.0 ], [ 5.37887551796257, 46.496642736111163, 0.0 ], [ 5.32581552408452, 46.447529353541981, 0.0 ], [ 5.325377011478565, 46.325622920857811, 0.0 ], [ 5.349933703038322, 46.269274083882202, 0.0 ], [ 5.314414202618205, 46.178063515673287, 0.0 ], [ 5.320199999834944, 46.059800000300648, 0.0 ], [ 5.632900000094955, 45.428900000030588, 0.0 ], [ 5.478500000799968, 45.329499999846483, 0.0 ], [ 4.932000000068037, 44.832299999433232, 0.0 ], [ 4.864999999916684, 44.861700000424321, 0.0 ], [ 4.857600000202962, 45.178999999520414, 0.0 ], [ 4.747300000512868, 45.398299999864868, 0.0 ], [ 4.942400000029856, 45.549599999849249, 0.0 ], [ 4.801699999622159, 45.59769999943606, 0.0 ], [ 4.757500000458141, 45.829699999885115, 0.0 ], [ 4.526599999776929, 45.868900000008551, 0.0 ], [ 4.697799999563056, 46.244899999369856, 0.0 ], [ 4.47360000078343, 46.317200000023007, 0.0 ], [ 4.547000000565806, 46.452899999493518, 0.0 ], [ 4.562700000516791, 46.54289999920438, 0.0 ], [ 4.732518797434457, 47.042022930245174, 0.0 ], [ 4.975351766821646, 47.37633227776805, 0.0 ], [ 5.293211933517072, 47.715554613110875, 0.0 ], [ 5.448684346089816, 47.751751530930903, 0.0 ], [ 6.18500000039169, 47.765499999703792, 0.0 ], [ 5.952077961176187, 47.314850249109284, 0.0 ] ] ] } },
{ "type": "Feature", "properties": { "FID_gras38": -1, "FID_gras24": -1, "FID_gras_1": -1, "FID_eshm20": 157, "ZONE_ID": "FRAS186", "areakm2": 11781.0911657, "tctCluster": "Shallow Default", "CSZ_ID": "SZ05", "TECTO_ID": "TSZ033", "magScaleRe": "WC1994", "SS": 40.0, "NF": 40.0, "TF": 20.0, "MINDEPTH": 5.0, "MAXDEPTH": 20.0, "HYPODEPTH1": 8.0, "HYPODEPTH2": 10.0, "HYPODEPTH3": 15.0, "WHDEPTH1": 0.1, "WHDEPTH2": 0.4, "WHDEPTH3": 0.5, "WMAXMAG01": 0.5, "WMAXMAG02": 0.4, "WMAXMAG03": 0.1, "MAXMAG01": 6.3, "MAXMAG02": 6.6, "MAXMAG03": 6.9, "STRIKE1": 0.0, "STRIKE2": 0.0, "STRIKE3": 0.0, "STRIKE4": 0.0, "DIP1": 89.99, "DIP2": 0.0, "DIP3": 0.0, "DIP4": 0.0, "aspRatio": 1.0, "mfd_bin": 0.2, "a_val": 2.9, "a_hi": 2.9086588851199999, "a_mid": 2.8996555184099999, "a_lo": 2.8906521517, "sigma_a": 0.02, "b_val": 1.06, "b_hi": 1.0918639364, "b_mid": 1.06, "b_lo": 1.0281360636000001, "sigma_b": 0.01, "cum_cov_ab": 0.054321, "MCORNERP1": 6.0, "MCORNERP2": 6.2, "MCORNERP3": 6.4, "MAXMAGP1": 6.0, "MAXMAGP2": 6.0, "utsu_bval2": 0.0, "utsu_aval": 0.0, "utsu_Minfl": 0.0, "FID_gras26": -1, "Shape_Leng": 672923.75122800004, "Shape_Area": 17635726059.599998 }, "geometry": { "type": "Polygon", "coordinates": [ [ [ 7.29206101209591, 48.67100839283863, 0.0 ], [ 7.381464004591471, 48.369785309512203, 0.0 ], [ 7.215163088479846, 47.98097220463368, 0.0 ], [ 6.867096735284317, 47.747751372480039, 0.0 ], [ 6.86872434603521, 47.620337902776448, 0.0 ], [ 6.865892000165204, 47.53609799924655, 0.0 ], [ 6.413317264681016, 47.511311773773187, 0.0 ], [ 5.952077961176187, 47.314850249109284, 0.0 ], [ 6.18500000039169, 47.765499999703792, 0.0 ], [ 6.37350000026114, 48.119399999659699, 0.0 ], [ 6.562400000163685, 48.35469999959691, 0.0 ], [ 7.041800000286808, 48.749099999279117, 0.0 ], [ 7.394399999804335, 48.879399999916785, 0.0 ], [ 7.29206101209591, 48.67100839283863, 0.0 ] ] ] } },
{ "type": "Feature", "properties": { "FID_gras38": -1, "FID_gras24": -1, "FID_gras_1": -1, "FID_eshm20": 158, "ZONE_ID": "FRAS187", "areakm2": 128541.37566000001, "tctCluster": "Shallow Default", "CSZ_ID": "SZ05", "TECTO_ID": "TSZ031", "magScaleRe": "WC1994", "SS": 40.0, "NF": 40.0, "TF": 20.0, "MINDEPTH": 5.0, "MAXDEPTH": 20.0, "HYPODEPTH1": 8.0, "HYPODEPTH2": 12.0, "HYPODEPTH3": 18.0, "WHDEPTH1": 0.1, "WHDEPTH2": 0.4, "WHDEPTH3": 0.5, "WMAXMAG01": 0.5, "WMAXMAG02": 0.4, "WMAXMAG03": 0.1, "MAXMAG01": 6.3, "MAXMAG02": 6.6, "MAXMAG03": 6.9, "STRIKE1": 0.0, "STRIKE2": 0.0, "STRIKE3": 0.0, "STRIKE4": 0.0, "DIP1": 89.99, "DIP2": 0.0, "DIP3": 0.0, "DIP4": 0.0, "aspRatio": 1.0, "mfd_bin": 0.2, "a_val": 2.6, "a_hi": 2.68760938983, "a_mid": 2.6000815931200001, "a_lo": 2.5125537964000002, "sigma_a": 0.167555650025, "b_val": 0.94, "b_hi": 1.00301762444, "b_mid": 0.94, "b_lo": 0.87698237555799996, "sigma_b": 0.0391133669411, "cum_cov_ab": 0.054321, "MCORNERP1": 6.0, "MCORNERP2": 6.2, "MCORNERP3": 6.4, "MAXMAGP1": 6.2, "MAXMAGP2": 6.2, "utsu_bval2": 0.0, "utsu_aval": 0.0, "utsu_Minfl": 0.0, "FID_gras26": -1, "Shape_Leng": 2372903.25306, "Shape_Area": 184479201585.0 }, "geometry": { "type": "Polygon", "coordinates": [ [ [ 0.887600000645815, 45.349699999939595, 0.0 ], [ 1.192943292802256, 45.054850346005445, 0.0 ], [ 1.269118648434711, 44.718409192624016, 0.0 ], [ 1.12205789309582, 44.348112327930835, 0.0 ], [ 1.044726000552519, 44.085245999434811, 0.0 ], [ 1.130881371293574, 43.901672536796724, 0.0 ], [ 1.352782211155248, 43.752567221666759, 0.0 ], [ 1.558617831105665, 43.650653487434681, 0.0 ], [ 1.306349325385044, 43.354681437869331, 0.0 ], [ 1.201925400004463, 43.394844484734087, 0.0 ], [ 1.073403647002856, 43.605700486537138, 0.0 ], [ 0.86573141426752, 43.75576980451639, 0.0 ], [ 0.598828456948252, 43.85920741898645, 0.0 ], [ 0.202034987222178, 43.913469773583245, 0.0 ], [ -0.052319800050257, 44.084396190575312, 0.0 ], [ -0.256481909830354, 44.122379838632426, 0.0 ], [ -0.386711561409702, 44.20784304728474, 0.0 ], [ -0.49794938878168, 44.575470501030587, 0.0 ], [ -0.959179403706455, 44.890870437654108, 0.0 ], [ -1.392939102532888, 44.961750638862163, 0.0 ], [ -1.862647611145296, 44.9444545132705, 0.0 ], [ -2.802969000095829, 45.030658999861735, 0.0 ], [ -3.295440999467506, 45.357064999178462, 0.0 ], [ -4.193608999406318, 46.268934000269034, 0.0 ], [ -5.425376000161263, 47.225844999950162, 0.0 ], [ -5.533432832925056, 47.996256450913585, 0.0 ], [ -3.856475598664352, 47.519666508054314, 0.0 ], [ -3.480199999472238, 47.452399999431378, 0.0 ], [ -2.443740388690648, 46.728454464018732, 0.0 ], [ -1.855351737851097, 46.458357967935051, 0.0 ], [ -1.052090779120578, 46.301722081421254, 0.0 ], [ 0.199299999864364, 45.804099999681839, 0.0 ], [ 0.887600000645815, 45.349699999939595, 0.0 ] ] ] } },
{ "type": "Feature", "properties": { "FID_gras38": -1, "FID_gras24": -1, "FID_gras_1": -1, "FID_eshm20": 159, "ZONE_ID": "FRAS188", "areakm2": 116156.20802000001, "tctCluster": "Shallow Default", "CSZ_ID": "SZ05", "TECTO_ID": "TSZ033", "magScaleRe": "WC1994", "SS": 35.0, "NF": 50.0, "TF": 15.0, "MINDEPTH": 5.0, "MAXDEPTH": 20.0, "HYPODEPTH1": 8.0, "HYPODEPTH2": 12.0, "HYPODEPTH3": 18.0, "WHDEPTH1": 0.3, "WHDEPTH2": 0.3, "WHDEPTH3": 0.4, "WMAXMAG01": 0.5, "WMAXMAG02": 0.4, "WMAXMAG03": 0.1, "MAXMAG01": 6.3, "MAXMAG02": 6.6, "MAXMAG03": 6.9, "STRIKE1": 0.0, "STRIKE2": 0.0, "STRIKE3": 0.0, "STRIKE4": 0.0, "DIP1": 89.99, "DIP2": 0.0, "DIP3": 0.0, "DIP4": 0.0, "aspRatio": 1.0, "mfd_bin": 0.2, "a_val": 2.72, "a_hi": 2.7291677753000001, "a_mid": 2.72023723547, "a_lo": 2.7113066956399998, "sigma_a": 0.02, "b_val": 1.06, "b_hi": 1.0918639364, "b_mid": 1.06, "b_lo": 1.0281360636000001, "sigma_b": 0.01, "cum_cov_ab": 0.054321, "MCORNERP1": 6.0, "MCORNERP2": 6.2, "MCORNERP3": 6.4, "MAXMAGP1": 6.0, "MAXMAGP2": 6.0, "utsu_bval2": 0.0, "utsu_aval": 0.0, "utsu_Minfl": 0.0, "FID_gras26": -1, "Shape_Leng": 1939688.5355199999, "Shape_Area": 176124303687.0 }, "geometry": { "type": "Polygon", "coordinates": [ [ [ 1.333524000533499, 50.708458000056304, 0.0 ], [ 1.92707300016651, 50.000268999371521, 0.0 ], [ 2.229447000084533, 49.88073999966992, 0.0 ], [ 2.591040999600307, 49.8620139998688, 0.0 ], [ 3.09559265358067, 49.811730362950868, 0.0 ], [ 2.874320797012955, 48.171006430860892, 0.0 ], [ 2.876577102698604, 46.663757982771799, 0.0 ], [ 2.260023291583389, 47.204458510687886, 0.0 ], [ 1.609520090535906, 47.013426782388976, 0.0 ], [ 1.217930374401179, 47.065638744165348, 0.0 ], [ 0.581346064726255, 47.141948535477304, 0.0 ], [ 0.310245492086706, 47.276494745750121, 0.0 ], [ -0.404780000149991, 47.49653799958196, 0.0 ], [ -0.2889959239909, 47.743035780153463, 0.0 ], [ 0.387763339487068, 48.404728047579646, 0.0 ], [ 0.216585517308683, 48.760895105419038, 0.0 ], [ -0.155067065767095, 49.112458359104579, 0.0 ], [ -0.124933072374796, 49.477414498815584, 0.0 ], [ 0.193199999809012, 49.885900000080269, 0.0 ], [ 0.113368000608607, 50.136124999723727, 0.0 ], [ 0.679999999645824, 50.800000000002129, 0.0 ], [ 1.333524000533499, 50.708458000056304, 0.0 ] ] ] } },
{ "type": "Feature", "properties": { "FID_gras38": -1, "FID_gras24": -1, "FID_gras_1": -1, "FID_eshm20": 160, "ZONE_ID": "FRAS189", "areakm2": 7979.5979946899997, "tctCluster": "Shallow Default", "CSZ_ID": "SZ05", "TECTO_ID": "TSZ099", "magScaleRe": "WC1994", "SS": 30.0, "NF": 30.0, "TF": 40.0, "MINDEPTH": 0.0, "MAXDEPTH": 20.0, "HYPODEPTH1": 2.0, "HYPODEPTH2": 10.0, "HYPODEPTH3": 18.0, "WHDEPTH1": 0.1, "WHDEPTH2": 0.4, "WHDEPTH3": 0.5, "WMAXMAG01": 0.5, "WMAXMAG02": 0.4, "WMAXMAG03": 0.1, "MAXMAG01": 6.5, "MAXMAG02": 6.8, "MAXMAG03": 7.1, "STRIKE1": 0.0, "STRIKE2": 0.0, "STRIKE3": 0.0, "STRIKE4": 0.0, "DIP1": 89.99, "DIP2": 0.0, "DIP3": 0.0, "DIP4": 0.0, "aspRatio": 1.0, "mfd_bin": 0.2, "a_val": 2.03, "a_hi": 2.0358638415599999, "a_mid": 2.0299598013, "a_lo": 2.0240557610300001, "sigma_a": 0.01, "b_val": 0.875, "b_hi": 0.90686393639600005, "b_mid": 0.875, "b_lo": 0.84313606360399995, "sigma_b": 0.01, "cum_cov_ab": 0.054321, "MCORNERP1": 6.0, "MCORNERP2": 6.2, "MCORNERP3": 6.4, "MAXMAGP1": 6.2, "MAXMAGP2": 6.2, "utsu_bval2": 0.0, "utsu_aval": 0.0, "utsu_Minfl": 0.0, "FID_gras26": -1, "Shape_Leng": 415869.05754800001, "Shape_Area": 10964796650.0 }, "geometry": { "type": "Polygon", "coordinates": [ [ [ -0.948304673761403, 43.410790017965475, 0.0 ], [ -0.797481999489752, 42.996238999242564, 0.0 ], [ -1.644957007035326, 42.991743034248778, 0.0 ], [ -1.937674223650289, 43.101566684548807, 0.0 ], [ -2.096477999826629, 43.486216999655852, 0.0 ], [ -1.713912773409201, 43.544332151805989, 0.0 ], [ -1.543219819600357, 43.622650094625037, 0.0 ], [ -1.324331208752768, 43.670845752590971, 0.0 ], [ -1.093393683645501, 43.653776457227565, 0.0 ], [ -0.948304673761403, 43.410790017965475, 0.0 ] ] ] } },
{ "type": "Feature", "properties": { "FID_gras38": -1, "FID_gras24": -1, "FID_gras_1": -1, "FID_eshm20": 161, "ZONE_ID": "GBAS189", "areakm2": 2799.3593579899998, "tctCluster": "Shallow Default", "CSZ_ID": "SZ06", "TECTO_ID": "TSZ013", "magScaleRe": "WC1994", "SS": 33.0, "NF": 33.0, "TF": 34.0, "MINDEPTH": 0.0, "MAXDEPTH": 20.0, "HYPODEPTH1": 8.0, "HYPODEPTH2": 10.0, "HYPODEPTH3": 15.0, "WHDEPTH1": 0.1, "WHDEPTH2": 0.4, "WHDEPTH3": 0.5, "WMAXMAG01": 0.5, "WMAXMAG02": 0.4, "WMAXMAG03": 0.1, "MAXMAG01": 6.3, "MAXMAG02": 6.6, "MAXMAG03": 6.9, "STRIKE1": 0.0, "STRIKE2": 0.0, "STRIKE3": 0.0, "STRIKE4": 0.0, "DIP1": 89.99, "DIP2": 0.0, "DIP3": 0.0, "DIP4": 0.0, "aspRatio": 1.0, "mfd_bin": 0.2, "a_val": 2.5, "a_hi": 2.6079502465900002, "a_mid": 2.49977988889, "a_lo": 2.3916095312, "sigma_a": 0.18110477465300001, "b_val": 1.0, "b_hi": 1.0631485334699999, "b_mid": 1.0, "b_lo": 0.93685146653200002, "sigma_b": 0.039276039244300003, "cum_cov_ab": 0.054321, "MCORNERP1": 6.0, "MCORNERP2": 6.2, "MCORNERP3": 6.4, "MAXMAGP1": 6.0, "MAXMAGP2": 6.0, "utsu_bval2": 0.0, "utsu_aval": 0.0, "utsu_Minfl": 0.0, "FID_gras26": -1, "Shape_Leng": 299205.66687000002, "Shape_Area": 4663249250.6800003 }, "geometry": { "type": "Polygon", "coordinates": [ [ [ -3.6599999990713, 53.190000000141545, 0.0 ], [ -4.469999999587363, 52.87000000017666, 0.0 ], [ -4.630000000243848, 53.169999999585364, 0.0 ], [ -3.780000000012812, 53.349999999467173, 0.0 ], [ -3.6599999990713, 53.190000000141545, 0.0 ] ] ] } },
{ "type": "Feature", "properties": { "FID_gras38": -1, "FID_gras24": -1, "FID_gras_1": -1, "FID_eshm20": 162, "ZONE_ID": "GBAS190", "areakm2": 48527.185683399999, "tctCluster": "Shallow Default", "CSZ_ID": "SZ06", "TECTO_ID": "TSZ009", "magScaleRe": "WC1994", "SS": 33.0, "NF": 33.0, "TF": 34.0, "MINDEPTH": 0.0, "MAXDEPTH": 20.0, "HYPODEPTH1": 8.0, "HYPODEPTH2": 10.0, "HYPODEPTH3": 15.0, "WHDEPTH1": 0.1, "WHDEPTH2": 0.4, "WHDEPTH3": 0.5, "WMAXMAG01": 0.5, "WMAXMAG02": 0.4, "WMAXMAG03": 0.1, "MAXMAG01": 6.3, "MAXMAG02": 6.6, "MAXMAG03": 6.9, "STRIKE1": 0.0, "STRIKE2": 0.0, "STRIKE3": 0.0, "STRIKE4": 0.0, "DIP1": 89.99, "DIP2": 0.0, "DIP3": 0.0, "DIP4": 0.0, "aspRatio": 1.0, "mfd_bin": 0.2, "a_val": 2.4, "a_hi": 2.4119087819399998, "a_mid": 2.4002980201500002, "a_lo": 2.3886872583500001, "sigma_a": 0.03, "b_val": 1.07, "b_hi": 1.1251899567700001, "b_mid": 1.07, "b_lo": 1.01481004323, "sigma_b": 0.03, "cum_cov_ab": 0.14201208817899999, "MCORNERP1": 6.0, "MCORNERP2": 6.2, "MCORNERP3": 6.4, "MAXMAGP1": 5.6, "MAXMAGP2": 5.6, "utsu_bval2": 0.0, "utsu_aval": 0.0, "utsu_Minfl": 0.0, "FID_gras26": -1, "Shape_Leng": 1249511.0054200001, "Shape_Area": 78949046704.0 }, "geometry": { "type": "Polygon", "coordinates": [ [ [ -0.700000000401607, 52.699999999995718, 0.0 ], [ 1.04999999970413, 51.049999999538066, 0.0 ], [ -2.419999999822835, 51.37999999996422, 0.0 ], [ -2.159999999878984, 53.140000000235318, 0.0 ], [ -0.700000000401607, 52.699999999995718, 0.0 ] ] ] } },
{ "type": "Feature", "properties": { "FID_gras38": -1, "FID_gras24": -1, "FID_gras_1": -1, "FID_eshm20": 163, "ZONE_ID": "GBAS191", "areakm2": 28022.527884499999, "tctCluster": "Shallow Default", "CSZ_ID": "SZ06", "TECTO_ID": "TSZ009", "magScaleRe": "WC1994", "SS": 33.0, "NF": 33.0, "TF": 34.0, "MINDEPTH": 0.0, "MAXDEPTH": 20.0, "HYPODEPTH1": 8.0, "HYPODEPTH2": 10.0, "HYPODEPTH3": 15.0, "WHDEPTH1": 0.1, "WHDEPTH2": 0.4, "WHDEPTH3": 0.5, "WMAXMAG01": 0.5, "WMAXMAG02": 0.4, "WMAXMAG03": 0.1, "MAXMAG01": 6.3, "MAXMAG02": 6.6, "MAXMAG03": 6.9, "STRIKE1": 0.0, "STRIKE2": 0.0, "STRIKE3": 0.0, "STRIKE4": 0.0, "DIP1": 89.99, "DIP2": 0.0, "DIP3": 0.0, "DIP4": 0.0, "aspRatio": 1.0, "mfd_bin": 0.2, "a_val": 2.7065590298400002, "a_hi": 2.7983068006699998, "a_mid": 2.7064910752200002, "a_lo": 2.6146753497600002, "sigma_a": 0.14664444075399999, "b_val": 1.0719526539399999, "b_hi": 1.1320460499, "b_mid": 1.0719526539399999, "b_lo": 1.0118592579700001, "sigma_b": 0.035567606579299998, "cum_cov_ab": 0.054321, "MCORNERP1": 6.0, "MCORNERP2": 6.2, "MCORNERP3": 6.4, "MAXMAGP1": 5.8, "MAXMAGP2": 5.8, "utsu_bval2": 0.0, "utsu_aval": 0.0, "utsu_Minfl": 0.0, "FID_gras26": -1, "Shape_Leng": 1172797.7527099999, "Shape_Area": 47539690396.800003 }, "geometry": { "type": "Polygon", "coordinates": [ [ [ -1.548599999618554, 54.150399999900259, 0.0 ], [ -1.000000000060431, 53.699999999358425, 0.0 ], [ -0.700000000401607, 52.699999999995718, 0.0 ], [ -2.159999999878984, 53.140000000235318, 0.0 ], [ -2.360000000250409, 53.419999999595206, 0.0 ], [ -2.219999999451409, 53.900000000241015, 0.0 ], [ -2.559999999723503, 54.360000000006899, 0.0 ], [ -3.080000000509502, 55.039999999885318, 0.0 ], [ -2.380000000107862, 55.209999999911751, 0.0 ], [ -1.953493562990144, 54.484449849408662, 0.0 ], [ -1.548599999618554, 54.150399999900259, 0.0 ] ] ] } },
{ "type": "Feature", "properties": { "FID_gras38": -1, "FID_gras24": -1, "FID_gras_1": -1, "FID_eshm20": 164, "ZONE_ID": "GBAS192", "areakm2": 72197.301458500006, "tctCluster": "Shallow Default", "CSZ_ID": "SZ06", "TECTO_ID": "TSZ009", "magScaleRe": "WC1994", "SS": 33.0, "NF": 33.0, "TF": 34.0, "MINDEPTH": 0.0, "MAXDEPTH": 20.0, "HYPODEPTH1": 8.0, "HYPODEPTH2": 10.0, "HYPODEPTH3": 15.0, "WHDEPTH1": 0.1, "WHDEPTH2": 0.4, "WHDEPTH3": 0.5, "WMAXMAG01": 0.5, "WMAXMAG02": 0.4, "WMAXMAG03": 0.1, "MAXMAG01": 6.3, "MAXMAG02": 6.6, "MAXMAG03": 6.9, "STRIKE1": 0.0, "STRIKE2": 0.0, "STRIKE3": 0.0, "STRIKE4": 0.0, "DIP1": 89.99, "DIP2": 0.0, "DIP3": 0.0, "DIP4": 0.0, "aspRatio": 1.0, "mfd_bin": 0.2, "a_val": 2.3, "a_hi": 2.3674620440599998, "a_mid": 2.30010866219, "a_lo": 2.2327552803100001, "sigma_a": 0.061423452801700001, "b_val": 1.07, "b_hi": 1.1518620953300001, "b_mid": 1.07, "b_lo": 0.98813790466499996, "sigma_b": 0.066003483968400001, "cum_cov_ab": 0.054321, "MCORNERP1": 6.0, "MCORNERP2": 6.2, "MCORNERP3": 6.4, "MAXMAGP1": 5.6, "MAXMAGP2": 5.6, "utsu_bval2": 0.0, "utsu_aval": 0.0, "utsu_Minfl": 0.0, "FID_gras26": -1, "Shape_Leng": 1669620.3218700001, "Shape_Area": 119344348960.0 }, "geometry": { "type": "Polygon", "coordinates": [ [ [ 2.890000000066837, 52.439999999839138, 0.0 ], [ 2.000652076405804, 52.000611958505488, 0.0 ], [ 1.04999999970413, 51.049999999538066, 0.0 ], [ -0.700000000401607, 52.699999999995718, 0.0 ], [ -1.000000000060431, 53.699999999358425, 0.0 ], [ -1.548599999618554, 54.150399999900259, 0.0 ], [ -0.3469716473257, 54.502523220256442, 0.0 ], [ 0.899999999874735, 53.220000000467827, 0.0 ], [ 2.890000000066837, 52.439999999839138, 0.0 ] ] ] } },
{ "type": "Feature", "properties": { "FID_gras38": -1, "FID_gras24": -1, "FID_gras_1": -1, "FID_eshm20": 165, "ZONE_ID": "GBAS193", "areakm2": 73935.752987500004, "tctCluster": "Shallow Default", "CSZ_ID": "SZ06", "TECTO_ID": "TSZ072", "magScaleRe": "WC1994", "SS": 33.0, "NF": 33.0, "TF": 34.0, "MINDEPTH": 5.0, "MAXDEPTH": 20.0, "HYPODEPTH1": 8.0, "HYPODEPTH2": 12.0, "HYPODEPTH3": 18.0, "WHDEPTH1": 0.1, "WHDEPTH2": 0.4, "WHDEPTH3": 0.5, "WMAXMAG01": 0.5, "WMAXMAG02": 0.4, "WMAXMAG03": 0.1, "MAXMAG01": 6.3, "MAXMAG02": 6.6, "MAXMAG03": 6.9, "STRIKE1": 0.0, "STRIKE2": 0.0, "STRIKE3": 0.0, "STRIKE4": 0.0, "DIP1": 89.99, "DIP2": 0.0, "DIP3": 0.0, "DIP4": 0.0, "aspRatio": 1.0, "mfd_bin": 0.2, "a_val": 1.95, "a_hi": 2.0196777348000001, "a_mid": 1.9499088628700001, "a_lo": 1.8801399909500001, "sigma_a": 0.061423452801700001, "b_val": 1.0, "b_hi": 1.07897080033, "b_mid": 1.0, "b_lo": 0.92102919966499996, "sigma_b": 0.061423452801700001, "cum_cov_ab": 0.054321, "MCORNERP1": 6.0, "MCORNERP2": 6.2, "MCORNERP3": 6.4, "MAXMAGP1": 5.6, "MAXMAGP2": 5.6, "utsu_bval2": 0.0, "utsu_aval": 0.0, "utsu_Minfl": 0.0, "FID_gras26": -1, "Shape_Leng": 1916691.9456499999, "Shape_Area": 114537011764.0 }, "geometry": { "type": "Polygon", "coordinates": [ [ [ 0.193199999809012, 49.885900000080269, 0.0 ], [ -1.260415628028346, 49.728696013432064, 0.0 ], [ -1.876918413038831, 49.736728623250009, 0.0 ], [ -2.465307063878382, 49.672467745972284, 0.0 ], [ -3.080939628415237, 49.469009080514851, 0.0 ], [ -3.665400000416218, 49.283300000107424, 0.0 ], [ -4.240999999512457, 48.981400000196423, 0.0 ], [ -4.547925331783767, 48.903705062252961, 0.0 ], [ -5.582231561353383, 48.336608003297478, 0.0 ], [ -5.999999999464222, 49.850000000260899, 0.0 ], [ -3.36000000031084, 50.279999999767888, 0.0 ], [ 0.679999999645824, 50.800000000002129, 0.0 ], [ 0.113368000608607, 50.136124999723727, 0.0 ], [ 0.193199999809012, 49.885900000080269, 0.0 ] ] ] } },
{ "type": "Feature", "properties": { "FID_gras38": -1, "FID_gras24": -1, "FID_gras_1": -1, "FID_eshm20": 166, "ZONE_ID": "GBAS195", "areakm2": 32747.175916, "tctCluster": "Shallow Default", "CSZ_ID": "SZ06", "TECTO_ID": "TSZ013", "magScaleRe": "WC1994", "SS": 33.0, "NF": 33.0, "TF": 34.0, "MINDEPTH": 0.0, "MAXDEPTH": 20.0, "HYPODEPTH1": 8.0, "HYPODEPTH2": 10.0, "HYPODEPTH3": 15.0, "WHDEPTH1": 0.1, "WHDEPTH2": 0.4, "WHDEPTH3": 0.5, "WMAXMAG01": 0.5, "WMAXMAG02": 0.4, "WMAXMAG03": 0.1, "MAXMAG01": 6.3, "MAXMAG02": 6.6, "MAXMAG03": 6.9, "STRIKE1": 0.0, "STRIKE2": 0.0, "STRIKE3": 0.0, "STRIKE4": 0.0, "DIP1": 89.99, "DIP2": 0.0, "DIP3": 0.0, "DIP4": 0.0, "aspRatio": 1.0, "mfd_bin": 0.2, "a_val": 2.91635560305, "a_hi": 2.99381280918, "a_mid": 2.9162890698, "a_lo": 2.8387653304199998, "sigma_a": 0.099034501488500001, "b_val": 1.0, "b_hi": 1.0484488458000001, "b_mid": 1.0, "b_lo": 0.95155115420299996, "sigma_b": 0.023118945303700001, "cum_cov_ab": 0.054321, "MCORNERP1": 6.0, "MCORNERP2": 6.2, "MCORNERP3": 6.4, "MAXMAGP1": 6.2, "MAXMAGP2": 6.2, "utsu_bval2": 0.0, "utsu_aval": 0.0, "utsu_Minfl": 0.0, "FID_gras26": -1, "Shape_Leng": 1161182.7063800001, "Shape_Area": 53443736192.400002 }, "geometry": { "type": "Polygon", "coordinates": [ [ [ -2.159999999878984, 53.140000000235318, 0.0 ], [ -2.419999999822835, 51.37999999996422, 0.0 ], [ -5.260000000245973, 51.679999999786993, 0.0 ], [ -3.879999999300212, 52.179999999686579, 0.0 ], [ -2.360000000250409, 53.419999999595206, 0.0 ], [ -2.159999999878984, 53.140000000235318, 0.0 ] ] ] } },
{ "type": "Feature", "properties": { "FID_gras38": -1, "FID_gras24": -1, "FID_gras_1": -1, "FID_eshm20": 167, "ZONE_ID": "GBAS196", "areakm2": 557621.86085099995, "tctCluster": "Shallow Default", "CSZ_ID": "SZ06", "TECTO_ID": "TSZ110", "magScaleRe": "WC1994", "SS": 33.0, "NF": 33.0, "TF": 34.0, "MINDEPTH": 0.0, "MAXDEPTH": 20.0, "HYPODEPTH1": 8.0, "HYPODEPTH2": 10.0, "HYPODEPTH3": 15.0, "WHDEPTH1": 0.1, "WHDEPTH2": 0.4, "WHDEPTH3": 0.5, "WMAXMAG01": 0.5, "WMAXMAG02": 0.4, "WMAXMAG03": 0.1, "MAXMAG01": 6.3, "MAXMAG02": 6.6, "MAXMAG03": 6.9, "STRIKE1": 0.0, "STRIKE2": 0.0, "STRIKE3": 0.0, "STRIKE4": 0.0, "DIP1": 89.99, "DIP2": 0.0, "DIP3": 0.0, "DIP4": 0.0, "aspRatio": 1.0, "mfd_bin": 0.2, "a_val": 2.16, "a_hi": 2.2298804520200002, "a_mid": 2.1600855436100002, "a_lo": 2.0902906351900001, "sigma_a": 0.061423452801700001, "b_val": 1.0, "b_hi": 1.07897080033, "b_mid": 1.0, "b_lo": 0.92102919966499996, "sigma_b": 0.061423452801700001, "cum_cov_ab": 0.054321, "MCORNERP1": 6.0, "MCORNERP2": 6.2, "MCORNERP3": 6.4, "MAXMAGP1": 5.8, "MAXMAGP2": 5.8, "utsu_bval2": 0.0, "utsu_aval": 0.0, "utsu_Minfl": 0.0, "FID_gras26": -1, "Shape_Leng": 5129852.3525200002, "Shape_Area": 1051503645260.0 }, "geometry": { "type": "Polygon", "coordinates": [ [ [ 1.399999999904917, 61.299999999929689, 0.0 ], [ 0.69999999950331, 57.999999999924256, 0.0 ], [ 3.199999999654354, 55.749999999990145, 0.0 ], [ 4.00000000024169, 54.000000000000263, 0.0 ], [ 4.015397000244, 53.435216000086633, 0.0 ], [ 3.349999999483783, 53.059999999880496, 0.0 ], [ 0.69999999950331, 54.699999999442191, 0.0 ], [ -0.3469716473257, 54.502523220256442, 0.0 ], [ -1.548599999618554, 54.150399999900259, 0.0 ], [ -1.953493562990144, 54.484449849408662, 0.0 ], [ -2.380000000107862, 55.209999999911751, 0.0 ], [ -2.799999999809868, 55.899999999753994, 0.0 ], [ -3.449999999669479, 56.100000000028807, 0.0 ], [ -3.829999999656512, 56.570000000063885, 0.0 ], [ -5.299999999960912, 56.370000000298944, 0.0 ], [ -4.049999999885389, 57.389999999733618, 0.0 ], [ -4.410000000014937, 57.52999999950066, 0.0 ], [ -5.250000000317213, 58.050000000171828, 0.0 ], [ -5.250000000317213, 59.9999999994684, 0.0 ], [ -2.51206196423689, 61.991265779080649, 0.0 ], [ 1.399999999904917, 61.299999999929689, 0.0 ] ] ] } },
{ "type": "Feature", "properties": { "FID_gras38": -1, "FID_gras24": -1, "FID_gras_1": -1, "FID_eshm20": 168, "ZONE_ID": "GBAS197", "areakm2": 24517.629436800002, "tctCluster": "Shallow Default", "CSZ_ID": "SZ06", "TECTO_ID": "TSZ012", "magScaleRe": "WC1994", "SS": 33.0, "NF": 33.0, "TF": 34.0, "MINDEPTH": 0.0, "MAXDEPTH": 20.0, "HYPODEPTH1": 8.0, "HYPODEPTH2": 10.0, "HYPODEPTH3": 15.0, "WHDEPTH1": 0.1, "WHDEPTH2": 0.4, "WHDEPTH3": 0.5, "WMAXMAG01": 0.5, "WMAXMAG02": 0.4, "WMAXMAG03": 0.1, "MAXMAG01": 6.3, "MAXMAG02": 6.6, "MAXMAG03": 6.9, "STRIKE1": 0.0, "STRIKE2": 0.0, "STRIKE3": 0.0, "STRIKE4": 0.0, "DIP1": 89.99, "DIP2": 0.0, "DIP3": 0.0, "DIP4": 0.0, "aspRatio": 1.0, "mfd_bin": 0.2, "a_val": 2.06, "a_hi": 2.06329937843, "a_mid": 2.06005138543, "a_lo": 2.05680339243, "sigma_a": 0.02, "b_val": 0.94, "b_hi": 0.97186393639599999, "b_mid": 0.94, "b_lo": 0.90813606360400001, "sigma_b": 0.01, "cum_cov_ab": 0.147836185821, "MCORNERP1": 6.0, "MCORNERP2": 6.2, "MCORNERP3": 6.4, "MAXMAGP1": 6.0, "MAXMAGP2": 6.0, "utsu_bval2": 0.0, "utsu_aval": 0.0, "utsu_Minfl": 0.0, "FID_gras26": -1, "Shape_Leng": 877735.14095399994, "Shape_Area": 43835785165.0 }, "geometry": { "type": "Polygon", "coordinates": [ [ [ -3.449999999669479, 56.100000000028807, 0.0 ], [ -4.539999999986879, 55.659999999929575, 0.0 ], [ -5.309999999889672, 55.359999999623803, 0.0 ], [ -6.599999999680134, 55.779999999278274, 0.0 ], [ -5.299999999960912, 56.370000000298944, 0.0 ], [ -3.829999999656512, 56.570000000063885, 0.0 ], [ -3.449999999669479, 56.100000000028807, 0.0 ] ] ] } },
{ "type": "Feature", "properties": { "FID_gras38": -1, "FID_gras24": -1, "FID_gras_1": -1, "FID_eshm20": 169, "ZONE_ID": "GBAS198", "areakm2": 11810.2232675, "tctCluster": "Shallow Default", "CSZ_ID": "SZ06", "TECTO_ID": "TSZ012", "magScaleRe": "WC1994", "SS": 33.0, "NF": 33.0, "TF": 34.0, "MINDEPTH": 0.0, "MAXDEPTH": 20.0, "HYPODEPTH1": 8.0, "HYPODEPTH2": 10.0, "HYPODEPTH3": 15.0, "WHDEPTH1": 0.1, "WHDEPTH2": 0.4, "WHDEPTH3": 0.5, "WMAXMAG01": 0.5, "WMAXMAG02": 0.4, "WMAXMAG03": 0.1, "MAXMAG01": 6.3, "MAXMAG02": 6.6, "MAXMAG03": 6.9, "STRIKE1": 0.0, "STRIKE2": 0.0, "STRIKE3": 0.0, "STRIKE4": 0.0, "DIP1": 89.99, "DIP2": 0.0, "DIP3": 0.0, "DIP4": 0.0, "aspRatio": 1.0, "mfd_bin": 0.2, "a_val": 2.1, "a_hi": 2.23245701945, "a_mid": 2.09991728965, "a_lo": 1.9673775598600001, "sigma_a": 0.21530452758900001, "b_val": 0.94, "b_hi": 1.0131271933399999, "b_mid": 0.94, "b_lo": 0.86687280665499999, "sigma_b": 0.052669471146300002, "cum_cov_ab": 0.054321, "MCORNERP1": 6.0, "MCORNERP2": 6.2, "MCORNERP3": 6.4, "MAXMAGP1": 6.0, "MAXMAGP2": 6.0, "utsu_bval2": 0.0, "utsu_aval": 0.0, "utsu_Minfl": 0.0, "FID_gras26": -1, "Shape_Leng": 937781.410103, "Shape_Area": 21478981219.700001 }, "geometry": { "type": "Polygon", "coordinates": [ [ [ -5.299999999960912, 56.370000000298944, 0.0 ], [ -6.599999999680134, 55.779999999278274, 0.0 ], [ -6.709999999794589, 56.029999999881852, 0.0 ], [ -5.750000000347428, 56.499999999562213, 0.0 ], [ -4.410000000014937, 57.52999999950066, 0.0 ], [ -4.049999999885389, 57.389999999733618, 0.0 ], [ -5.299999999960912, 56.370000000298944, 0.0 ] ] ] } },
{ "type": "Feature", "properties": { "FID_gras38": -1, "FID_gras24": -1, "FID_gras_1": -1, "FID_eshm20": 170, "ZONE_ID": "GBAS199", "areakm2": 41981.798942000001, "tctCluster": "Shallow Default", "CSZ_ID": "SZ06", "TECTO_ID": "TSZ009", "magScaleRe": "WC1994", "SS": 33.0, "NF": 33.0, "TF": 34.0, "MINDEPTH": 0.0, "MAXDEPTH": 20.0, "HYPODEPTH1": 8.0, "HYPODEPTH2": 10.0, "HYPODEPTH3": 15.0, "WHDEPTH1": 0.1, "WHDEPTH2": 0.4, "WHDEPTH3": 0.5, "WMAXMAG01": 0.5, "WMAXMAG02": 0.4, "WMAXMAG03": 0.1, "MAXMAG01": 6.3, "MAXMAG02": 6.6, "MAXMAG03": 6.9, "STRIKE1": 0.0, "STRIKE2": 0.0, "STRIKE3": 0.0, "STRIKE4": 0.0, "DIP1": 89.99, "DIP2": 0.0, "DIP3": 0.0, "DIP4": 0.0, "aspRatio": 1.0, "mfd_bin": 0.2, "a_val": 2.4, "a_hi": 2.4094277883099999, "a_mid": 2.4005279918200002, "a_lo": 2.39162819533, "sigma_a": 0.02, "b_val": 1.07, "b_hi": 1.1018639364, "b_mid": 1.07, "b_lo": 1.0381360636000001, "sigma_b": 0.01, "cum_cov_ab": 0.054321, "MCORNERP1": 6.0, "MCORNERP2": 6.2, "MCORNERP3": 6.4, "MAXMAGP1": 5.6, "MAXMAGP2": 5.6, "utsu_bval2": 0.0, "utsu_aval": 0.0, "utsu_Minfl": 0.0, "FID_gras26": -1, "Shape_Leng": 1218463.9971700001, "Shape_Area": 70913051365.199997 }, "geometry": { "type": "Polygon", "coordinates": [ [ [ 3.349999999483783, 53.059999999880496, 0.0 ], [ 2.890000000066837, 52.439999999839138, 0.0 ], [ 0.899999999874735, 53.220000000467827, 0.0 ], [ -0.3469716473257, 54.502523220256442, 0.0 ], [ 0.69999999950331, 54.699999999442191, 0.0 ], [ 3.349999999483783, 53.059999999880496, 0.0 ] ] ] } },
{ "type": "Feature", "properties": { "FID_gras38": -1, "FID_gras24": -1, "FID_gras_1": -1, "FID_eshm20": 171, "ZONE_ID": "GBAS200", "areakm2": 24782.199256600001, "tctCluster": "Shallow Default", "CSZ_ID": "SZ06", "TECTO_ID": "TSZ012", "magScaleRe": "WC1994", "SS": 33.0, "NF": 33.0, "TF": 34.0, "MINDEPTH": 0.0, "MAXDEPTH": 20.0, "HYPODEPTH1": 8.0, "HYPODEPTH2": 10.0, "HYPODEPTH3": 15.0, "WHDEPTH1": 0.1, "WHDEPTH2": 0.4, "WHDEPTH3": 0.5, "WMAXMAG01": 0.5, "WMAXMAG02": 0.4, "WMAXMAG03": 0.1, "MAXMAG01": 6.3, "MAXMAG02": 6.6, "MAXMAG03": 6.9, "STRIKE1": 0.0, "STRIKE2": 0.0, "STRIKE3": 0.0, "STRIKE4": 0.0, "DIP1": 89.99, "DIP2": 0.0, "DIP3": 0.0, "DIP4": 0.0, "aspRatio": 1.0, "mfd_bin": 0.2, "a_val": 1.07237160449, "a_hi": 1.15853037016, "a_mid": 1.07249907421, "a_lo": 0.98646777827200005, "sigma_a": 0.16376340792300001, "b_val": 0.93914937297699996, "b_hi": 1.00338502132, "b_mid": 0.93914937297699996, "b_lo": 0.87491372462999994, "sigma_b": 0.040639969266399997, "cum_cov_ab": 0.054321, "MCORNERP1": 6.0, "MCORNERP2": 6.2, "MCORNERP3": 6.4, "MAXMAGP1": 5.0, "MAXMAGP2": 5.0, "utsu_bval2": 0.0, "utsu_aval": 0.0, "utsu_Minfl": 0.0, "FID_gras26": -1, "Shape_Leng": 844124.64337800001, "Shape_Area": 43705251024.0 }, "geometry": { "type": "Polygon", "coordinates": [ [ [ -2.380000000107862, 55.209999999911751, 0.0 ], [ -3.080000000509502, 55.039999999885318, 0.0 ], [ -3.760000000155326, 54.869999999830014, 0.0 ], [ -5.309999999889672, 55.359999999623803, 0.0 ], [ -4.539999999986879, 55.659999999929575, 0.0 ], [ -3.449999999669479, 56.100000000028807, 0.0 ], [ -2.799999999809868, 55.899999999753994, 0.0 ], [ -2.380000000107862, 55.209999999911751, 0.0 ] ] ] } },
{ "type": "Feature", "properties": { "FID_gras38": -1, "FID_gras24": -1, "FID_gras_1": -1, "FID_eshm20": 172, "ZONE_ID": "GBAS201", "areakm2": 20442.510690200001, "tctCluster": "Shallow Default", "CSZ_ID": "SZ06", "TECTO_ID": "TSZ013", "magScaleRe": "WC1994", "SS": 33.0, "NF": 33.0, "TF": 34.0, "MINDEPTH": 0.0, "MAXDEPTH": 20.0, "HYPODEPTH1": 8.0, "HYPODEPTH2": 10.0, "HYPODEPTH3": 15.0, "WHDEPTH1": 0.1, "WHDEPTH2": 0.4, "WHDEPTH3": 0.5, "WMAXMAG01": 0.5, "WMAXMAG02": 0.4, "WMAXMAG03": 0.1, "MAXMAG01": 6.3, "MAXMAG02": 6.6, "MAXMAG03": 6.9, "STRIKE1": 0.0, "STRIKE2": 0.0, "STRIKE3": 0.0, "STRIKE4": 0.0, "DIP1": 89.99, "DIP2": 0.0, "DIP3": 0.0, "DIP4": 0.0, "aspRatio": 1.0, "mfd_bin": 0.2, "a_val": 2.2396619934299999, "a_hi": 2.3171267650899998, "a_mid": 2.23960341568, "a_lo": 2.1620800662800002, "sigma_a": 0.099034501488500001, "b_val": 1.0, "b_hi": 1.0484488458000001, "b_mid": 1.0, "b_lo": 0.95155115420299996, "sigma_b": 0.023118945303700001, "cum_cov_ab": 0.054321, "MCORNERP1": 6.0, "MCORNERP2": 6.2, "MCORNERP3": 6.4, "MAXMAGP1": 5.8, "MAXMAGP2": 5.8, "utsu_bval2": 0.0, "utsu_aval": 0.0, "utsu_Minfl": 0.0, "FID_gras26": -1, "Shape_Leng": 810877.74743800005, "Shape_Area": 34580084366.300003 }, "geometry": { "type": "Polygon", "coordinates": [ [ [ -2.360000000250409, 53.419999999595206, 0.0 ], [ -3.6599999990713, 53.190000000141545, 0.0 ], [ -3.780000000012812, 53.349999999467173, 0.0 ], [ -4.630000000243848, 53.169999999585364, 0.0 ], [ -3.760000000155326, 54.080000000208763, 0.0 ], [ -2.559999999723503, 54.360000000006899, 0.0 ], [ -2.219999999451409, 53.900000000241015, 0.0 ], [ -2.360000000250409, 53.419999999595206, 0.0 ] ] ] } },
{ "type": "Feature", "properties": { "FID_gras38": -1, "FID_gras24": -1, "FID_gras_1": -1, "FID_eshm20": 173, "ZONE_ID": "GBAS202", "areakm2": 9286.5865554600005, "tctCluster": "Shallow Default", "CSZ_ID": "SZ06", "TECTO_ID": "TSZ013", "magScaleRe": "WC1994", "SS": 33.0, "NF": 33.0, "TF": 34.0, "MINDEPTH": 0.0, "MAXDEPTH": 20.0, "HYPODEPTH1": 8.0, "HYPODEPTH2": 10.0, "HYPODEPTH3": 15.0, "WHDEPTH1": 0.1, "WHDEPTH2": 0.4, "WHDEPTH3": 0.5, "WMAXMAG01": 0.5, "WMAXMAG02": 0.4, "WMAXMAG03": 0.1, "MAXMAG01": 6.3, "MAXMAG02": 6.6, "MAXMAG03": 6.9, "STRIKE1": 0.0, "STRIKE2": 0.0, "STRIKE3": 0.0, "STRIKE4": 0.0, "DIP1": 89.99, "DIP2": 0.0, "DIP3": 0.0, "DIP4": 0.0, "aspRatio": 1.0, "mfd_bin": 0.2, "a_val": 1.9386319977699999, "a_hi": 2.0162819760700001, "a_mid": 1.93880152572, "a_lo": 1.86132107538, "sigma_a": 0.099034501488500001, "b_val": 1.0, "b_hi": 1.0484488458000001, "b_mid": 1.0, "b_lo": 0.95155115420299996, "sigma_b": 0.023118945303700001, "cum_cov_ab": 0.054321, "MCORNERP1": 6.0, "MCORNERP2": 6.2, "MCORNERP3": 6.4, "MAXMAGP1": 5.6, "MAXMAGP2": 5.6, "utsu_bval2": 0.0, "utsu_aval": 0.0, "utsu_Minfl": 0.0, "FID_gras26": -1, "Shape_Leng": 520962.93322399998, "Shape_Area": 16021275407.299999 }, "geometry": { "type": "Polygon", "coordinates": [ [ [ -2.559999999723503, 54.360000000006899, 0.0 ], [ -3.760000000155326, 54.080000000208763, 0.0 ], [ -3.760000000155326, 54.869999999830014, 0.0 ], [ -3.080000000509502, 55.039999999885318, 0.0 ], [ -2.559999999723503, 54.360000000006899, 0.0 ] ] ] } },
{ "type": "Feature", "properties": { "FID_gras38": -1, "FID_gras24": -1, "FID_gras_1": -1, "FID_eshm20": 174, "ZONE_ID": "GBAS203", "areakm2": 21832.276745899999, "tctCluster": "Shallow Default", "CSZ_ID": "SZ06", "TECTO_ID": "TSZ012", "magScaleRe": "WC1994", "SS": 33.0, "NF": 33.0, "TF": 34.0, "MINDEPTH": 0.0, "MAXDEPTH": 20.0, "HYPODEPTH1": 8.0, "HYPODEPTH2": 10.0, "HYPODEPTH3": 15.0, "WHDEPTH1": 0.1, "WHDEPTH2": 0.4, "WHDEPTH3": 0.5, "WMAXMAG01": 0.5, "WMAXMAG02": 0.4, "WMAXMAG03": 0.1, "MAXMAG01": 6.3, "MAXMAG02": 6.6, "MAXMAG03": 6.9, "STRIKE1": 0.0, "STRIKE2": 0.0, "STRIKE3": 0.0, "STRIKE4": 0.0, "DIP1": 89.99, "DIP2": 0.0, "DIP3": 0.0, "DIP4": 0.0, "aspRatio": 1.0, "mfd_bin": 0.2, "a_val": 1.67, "a_hi": 1.67855787972, "a_mid": 1.66961266983, "a_lo": 1.66066745993, "sigma_a": 0.02, "b_val": 0.94, "b_hi": 0.97186393639599999, "b_mid": 0.94, "b_lo": 0.90813606360400001, "sigma_b": 0.01, "cum_cov_ab": 0.054321, "MCORNERP1": 6.0, "MCORNERP2": 6.2, "MCORNERP3": 6.4, "MAXMAGP1": 5.6, "MAXMAGP2": 5.6, "utsu_bval2": 0.0, "utsu_aval": 0.0, "utsu_Minfl": 0.0, "FID_gras26": -1, "Shape_Leng": 994509.89882700006, "Shape_Area": 40266554349.0 }, "geometry": { "type": "Polygon", "coordinates": [ [ [ -4.410000000014937, 57.52999999950066, 0.0 ], [ -5.750000000347428, 56.499999999562213, 0.0 ], [ -6.709999999794589, 56.029999999881852, 0.0 ], [ -6.020000000220039, 57.469999999861827, 0.0 ], [ -5.250000000317213, 58.050000000171828, 0.0 ], [ -4.410000000014937, 57.52999999950066, 0.0 ] ] ] } },
{ "type": "Feature", "properties": { "FID_gras38": -1, "FID_gras24": -1, "FID_gras_1": -1, "FID_eshm20": 175, "ZONE_ID": "GBAS204", "areakm2": 12454.6087771, "tctCluster": "Shallow Default", "CSZ_ID": "SZ06", "TECTO_ID": "TSZ013", "magScaleRe": "WC1994", "SS": 33.0, "NF": 33.0, "TF": 34.0, "MINDEPTH": 0.0, "MAXDEPTH": 20.0, "HYPODEPTH1": 8.0, "HYPODEPTH2": 10.0, "HYPODEPTH3": 15.0, "WHDEPTH1": 0.1, "WHDEPTH2": 0.4, "WHDEPTH3": 0.5, "WMAXMAG01": 0.5, "WMAXMAG02": 0.4, "WMAXMAG03": 0.1, "MAXMAG01": 6.3, "MAXMAG02": 6.6, "MAXMAG03": 6.9, "STRIKE1": 0.0, "STRIKE2": 0.0, "STRIKE3": 0.0, "STRIKE4": 0.0, "DIP1": 89.99, "DIP2": 0.0, "DIP3": 0.0, "DIP4": 0.0, "aspRatio": 1.0, "mfd_bin": 0.2, "a_val": 1.6376020021, "a_hi": 1.7151261017099999, "a_mid": 1.63757504592, "a_lo": 1.5600239901299999, "sigma_a": 0.099034501488500001, "b_val": 1.0, "b_hi": 1.0484488458000001, "b_mid": 1.0, "b_lo": 0.95155115420299996, "sigma_b": 0.023118945303700001, "cum_cov_ab": 0.054321, "MCORNERP1": 6.0, "MCORNERP2": 6.2, "MCORNERP3": 6.4, "MAXMAGP1": 5.2, "MAXMAGP2": 5.2, "utsu_bval2": 0.0, "utsu_aval": 0.0, "utsu_Minfl": 0.0, "FID_gras26": -1, "Shape_Leng": 685313.495689, "Shape_Area": 20533518035.099998 }, "geometry": { "type": "Polygon", "coordinates": [ [ [ -3.879999999300212, 52.179999999686579, 0.0 ], [ -4.469999999587363, 52.87000000017666, 0.0 ], [ -3.6599999990713, 53.190000000141545, 0.0 ], [ -2.360000000250409, 53.419999999595206, 0.0 ], [ -3.879999999300212, 52.179999999686579, 0.0 ] ] ] } },
{ "type": "Feature", "properties": { "FID_gras38": -1, "FID_gras24": -1, "FID_gras_1": -1, "FID_eshm20": 176, "ZONE_ID": "GBAS205", "areakm2": 55199.173562000004, "tctCluster": "Shallow Default", "CSZ_ID": "SZ06", "TECTO_ID": "TSZ072", "magScaleRe": "WC1994", "SS": 33.0, "NF": 33.0, "TF": 34.0, "MINDEPTH": 0.0, "MAXDEPTH": 20.0, "HYPODEPTH1": 8.0, "HYPODEPTH2": 10.0, "HYPODEPTH3": 15.0, "WHDEPTH1": 0.1, "WHDEPTH2": 0.4, "WHDEPTH3": 0.5, "WMAXMAG01": 0.5, "WMAXMAG02": 0.4, "WMAXMAG03": 0.1, "MAXMAG01": 6.3, "MAXMAG02": 6.6, "MAXMAG03": 6.9, "STRIKE1": 0.0, "STRIKE2": 0.0, "STRIKE3": 0.0, "STRIKE4": 0.0, "DIP1": 89.99, "DIP2": 0.0, "DIP3": 0.0, "DIP4": 0.0, "aspRatio": 1.0, "mfd_bin": 0.2, "a_val": 2.1489700043400002, "a_hi": 2.22029868021, "a_mid": 2.1485646333799999, "a_lo": 2.0768305865499999, "sigma_a": 0.243597781614, "b_val": 1.0, "b_hi": 1.07690830666, "b_mid": 1.0, "b_lo": 0.92309169334399999, "sigma_b": 0.058256936835099998, "cum_cov_ab": 0.054321, "MCORNERP1": 6.0, "MCORNERP2": 6.2, "MCORNERP3": 6.4, "MAXMAGP1": 5.8, "MAXMAGP2": 5.8, "utsu_bval2": 0.0, "utsu_aval": 0.0, "utsu_Minfl": 0.0, "FID_gras26": -1, "Shape_Leng": 1762765.0554200001, "Shape_Area": 87572230884.300003 }, "geometry": { "type": "Polygon", "coordinates": [ [ [ -2.419999999822835, 51.37999999996422, 0.0 ], [ 1.04999999970413, 51.049999999538066, 0.0 ], [ 1.978133000167341, 51.00334199978532, 0.0 ], [ 1.333524000533499, 50.708458000056304, 0.0 ], [ 0.679999999645824, 50.800000000002129, 0.0 ], [ -3.36000000031084, 50.279999999767888, 0.0 ], [ -4.880000000258939, 51.36999999954147, 0.0 ], [ -5.260000000245973, 51.679999999786993, 0.0 ], [ -2.419999999822835, 51.37999999996422, 0.0 ] ] ] } },
{ "type": "Feature", "properties": { "FID_gras38": -1, "FID_gras24": -1, "FID_gras_1": -1, "FID_eshm20": 177, "ZONE_ID": "GBAS206", "areakm2": 24308.204146200002, "tctCluster": "Shallow Default", "CSZ_ID": "SZ06", "TECTO_ID": "TSZ072", "magScaleRe": "WC1994", "SS": 33.0, "NF": 33.0, "TF": 34.0, "MINDEPTH": 0.0, "MAXDEPTH": 20.0, "HYPODEPTH1": 8.0, "HYPODEPTH2": 10.0, "HYPODEPTH3": 15.0, "WHDEPTH1": 0.1, "WHDEPTH2": 0.4, "WHDEPTH3": 0.5, "WMAXMAG01": 0.5, "WMAXMAG02": 0.4, "WMAXMAG03": 0.1, "MAXMAG01": 6.3, "MAXMAG02": 6.6, "MAXMAG03": 6.9, "STRIKE1": 0.0, "STRIKE2": 0.0, "STRIKE3": 0.0, "STRIKE4": 0.0, "DIP1": 89.99, "DIP2": 0.0, "DIP3": 0.0, "DIP4": 0.0, "aspRatio": 1.0, "mfd_bin": 0.2, "a_val": 1.84794000867, "a_hi": 1.91997620518, "a_mid": 1.84827583602, "a_lo": 1.77657546686, "sigma_a": 0.243597781614, "b_val": 1.0, "b_hi": 1.07690830666, "b_mid": 1.0, "b_lo": 0.92309169334399999, "sigma_b": 0.058256936835099998, "cum_cov_ab": 0.054321, "MCORNERP1": 6.0, "MCORNERP2": 6.2, "MCORNERP3": 6.4, "MAXMAGP1": 5.4, "MAXMAGP2": 5.4, "utsu_bval2": 0.0, "utsu_aval": 0.0, "utsu_Minfl": 0.0, "FID_gras26": -1, "Shape_Leng": 860642.84065599996, "Shape_Area": 38316395027.599998 }, "geometry": { "type": "Polygon", "coordinates": [ [ [ -3.36000000031084, 50.279999999767888, 0.0 ], [ -5.999999999464222, 49.850000000260899, 0.0 ], [ -5.999999999464222, 50.19999999913167, 0.0 ], [ -4.880000000258939, 51.36999999954147, 0.0 ], [ -3.36000000031084, 50.279999999767888, 0.0 ] ] ] } },
{ "type": "Feature", "properties": { "FID_gras38": -1, "FID_gras24": -1, "FID_gras_1": -1, "FID_eshm20": 178, "ZONE_ID": "GEAS207", "areakm2": 77510.320412000001, "tctCluster": "Shallow Default", "CSZ_ID": "SZ50", "TECTO_ID": "TSZ065", "magScaleRe": "WC1994", "SS": 30.0, "NF": 20.0, "TF": 50.0, "MINDEPTH": 1.0, "MAXDEPTH": 40.0, "HYPODEPTH1": 10.0, "HYPODEPTH2": 25.0, "HYPODEPTH3": 30.0, "WHDEPTH1": 0.4, "WHDEPTH2": 0.4, "WHDEPTH3": 0.2, "WMAXMAG01": 0.5, "WMAXMAG02": 0.4, "WMAXMAG03": 0.1, "MAXMAG01": 7.8, "MAXMAG02": 8.1, "MAXMAG03": 8.4, "STRIKE1": 0.0, "STRIKE2": 0.0, "STRIKE3": 0.0, "STRIKE4": 0.0, "DIP1": 89.99, "DIP2": 0.0, "DIP3": 0.0, "DIP4": 0.0, "aspRatio": 1.0, "mfd_bin": 0.2, "a_val": 3.3486492033499999, "a_hi": 3.3854919455400001, "a_mid": 3.3485103350999998, "a_lo": 3.31152872467, "sigma_a": 0.092449758238500004, "b_val": 0.82400126264100004, "b_hi": 0.86849536351500001, "b_mid": 0.82400126264100004, "b_lo": 0.77950716176699997, "sigma_b": 0.019498716149800002, "cum_cov_ab": 0.054321, "MCORNERP1": 7.0, "MCORNERP2": 7.2, "MCORNERP3": 7.4, "MAXMAGP1": 7.4, "MAXMAGP2": 7.4, "utsu_bval2": 0.0, "utsu_aval": 0.0, "utsu_Minfl": 0.0, "FID_gras26": -1, "Shape_Leng": 1733182.6804, "Shape_Area": 106134499988.0 }, "geometry": { "type": "Polygon", "coordinates": [ [ [ 45.07931960377978, 43.014461026993203, 0.0 ], [ 44.875247952552165, 42.840423197235737, 0.0 ], [ 44.381917161972261, 42.510630100436892, 0.0 ], [ 44.049068000195085, 42.287000999177671, 0.0 ], [ 43.37408199940986, 42.008795999530697, 0.0 ], [ 41.791095000060004, 42.11248899977339, 0.0 ], [ 41.402200515441876, 42.451067965032443, 0.0 ], [ 40.858122439191298, 42.814538079556847, 0.0 ], [ 41.008999999628507, 43.095900000045383, 0.0 ], [ 40.440211684583261, 43.123862861051968, 0.0 ], [ 39.827090083742029, 43.241592577145774, 0.0 ], [ 39.553399435474709, 43.337931685086907, 0.0 ], [ 38.443841476488217, 44.023805099317016, 0.0 ], [ 39.592268598180766, 44.20200842798539, 0.0 ], [ 40.313233999909421, 43.868490999511614, 0.0 ], [ 40.399489000103692, 43.939093999979463, 0.0 ], [ 41.730411205588219, 43.55469620691867, 0.0 ], [ 43.572000000498406, 43.441899999811035, 0.0 ], [ 45.07931960377978, 43.014461026993203, 0.0 ] ] ] } },
{ "type": "Feature", "properties": { "FID_gras38": -1, "FID_gras24": -1, "FID_gras_1": -1, "FID_eshm20": 179, "ZONE_ID": "GEAS208", "areakm2": 19734.172224000002, "tctCluster": "Shallow Default", "CSZ_ID": "SZ24", "TECTO_ID": "TSZ069", "magScaleRe": "WC1994", "SS": 5.0, "NF": 5.0, "TF": 90.0, "MINDEPTH": 0.0, "MAXDEPTH": 24.0, "HYPODEPTH1": 4.0, "HYPODEPTH2": 12.0, "HYPODEPTH3": 20.0, "WHDEPTH1": 0.1, "WHDEPTH2": 0.4, "WHDEPTH3": 0.5, "WMAXMAG01": 0.5, "WMAXMAG02": 0.4, "WMAXMAG03": 0.1, "MAXMAG01": 7.8, "MAXMAG02": 8.1, "MAXMAG03": 8.4, "STRIKE1": 0.0, "STRIKE2": 0.0, "STRIKE3": 0.0, "STRIKE4": 0.0, "DIP1": 89.99, "DIP2": 0.0, "DIP3": 0.0, "DIP4": 0.0, "aspRatio": 1.0, "mfd_bin": 0.2, "a_val": 4.0, "a_hi": 4.0424053438399996, "a_mid": 3.99980727792, "a_lo": 3.957209212, "sigma_a": 0.094004690499700005, "b_val": 1.0, "b_hi": 1.04529298107, "b_mid": 1.0, "b_lo": 0.95470701893099996, "sigma_b": 0.0202051909237, "cum_cov_ab": 0.054321, "MCORNERP1": 6.0, "MCORNERP2": 6.2, "MCORNERP3": 6.4, "MAXMAGP1": 6.4, "MAXMAGP2": 6.6, "utsu_bval2": 0.0, "utsu_aval": 0.0, "utsu_Minfl": 0.0, "FID_gras26": -1, "Shape_Leng": 1078633.7618400001, "Shape_Area": 26509387264.400002 }, "geometry": { "type": "Polygon", "coordinates": [ [ [ 47.561897000879206, 40.989262000047113, 0.0 ], [ 47.343249976655926, 40.834548570498924, 0.0 ], [ 46.820307703158605, 41.126934438311693, 0.0 ], [ 45.181896000048106, 41.802514999816843, 0.0 ], [ 43.37408199940986, 42.008795999530697, 0.0 ], [ 44.049068000195085, 42.287000999177671, 0.0 ], [ 44.381917161972261, 42.510630100436892, 0.0 ], [ 46.950230205470952, 41.493595651481876, 0.0 ], [ 47.561897000879206, 40.989262000047113, 0.0 ] ] ] } },
{ "type": "Feature", "properties": { "FID_gras38": -1, "FID_gras24": -1, "FID_gras_1": -1, "FID_eshm20": 180, "ZONE_ID": "GEAS219", "areakm2": 40980.973624500002, "tctCluster": "Shallow Default", "CSZ_ID": "SZ24", "TECTO_ID": "TSZ006", "magScaleRe": "WC1994", "SS": 35.0, "NF": 5.0, "TF": 60.0, "MINDEPTH": 1.0, "MAXDEPTH": 40.0, "HYPODEPTH1": 10.0, "HYPODEPTH2": 25.0, "HYPODEPTH3": 30.0, "WHDEPTH1": 0.4, "WHDEPTH2": 0.4, "WHDEPTH3": 0.2, "WMAXMAG01": 0.5, "WMAXMAG02": 0.4, "WMAXMAG03": 0.1, "MAXMAG01": 7.8, "MAXMAG02": 8.1, "MAXMAG03": 8.4, "STRIKE1": 0.0, "STRIKE2": 0.0, "STRIKE3": 0.0, "STRIKE4": 0.0, "DIP1": 89.99, "DIP2": 0.0, "DIP3": 0.0, "DIP4": 0.0, "aspRatio": 1.0, "mfd_bin": 0.2, "a_val": 3.6176530552099999, "a_hi": 3.63596851447, "a_mid": 3.6176577432800001, "a_lo": 3.5993469720800002, "sigma_a": 0.053823001568600003, "b_val": 0.83856349501899996, "b_hi": 0.87284281129800001, "b_mid": 0.83856349501899996, "b_lo": 0.804284178741, "sigma_b": 0.0115735195378, "cum_cov_ab": 0.054321, "MCORNERP1": 6.2, "MCORNERP2": 6.4, "MCORNERP3": 6.6, "MAXMAGP1": 6.6, "MAXMAGP2": 6.8, "utsu_bval2": 0.0, "utsu_aval": 0.0, "utsu_Minfl": 0.0, "FID_gras26": -1, "Shape_Leng": 1086689.72407, "Shape_Area": 55248775659.300003 }, "geometry": { "type": "Polygon", "coordinates": [ [ [ 47.561897000879206, 40.989262000047113, 0.0 ], [ 46.950230205470952, 41.493595651481876, 0.0 ], [ 44.381917161972261, 42.510630100436892, 0.0 ], [ 44.875247952552165, 42.840423197235737, 0.0 ], [ 45.07931960377978, 43.014461026993203, 0.0 ], [ 46.056499999816708, 42.771200000181061, 0.0 ], [ 46.577918639862311, 42.880008484926719, 0.0 ], [ 47.578477546539695, 42.454390025583614, 0.0 ], [ 47.644266199073165, 42.236565305239985, 0.0 ], [ 48.079000000450939, 41.51530000020233, 0.0 ], [ 47.561897000879206, 40.989262000047113, 0.0 ] ] ] } },
{ "type": "Feature", "properties": { "FID_gras38": -1, "FID_gras24": -1, "FID_gras_1": -1, "FID_eshm20": 181, "ZONE_ID": "GEM0228", "areakm2": 123922.67096600001, "tctCluster": "Shallow Default", "CSZ_ID": "SZ30", "TECTO_ID": "TSZ118", "magScaleRe": "WC1994", "SS": 30.0, "NF": 20.0, "TF": 50.0, "MINDEPTH": 1.0, "MAXDEPTH": 30.0, "HYPODEPTH1": 10.0, "HYPODEPTH2": 18.0, "HYPODEPTH3": 25.0, "WHDEPTH1": 0.4, "WHDEPTH2": 0.4, "WHDEPTH3": 0.2, "WMAXMAG01": 0.5, "WMAXMAG02": 0.4, "WMAXMAG03": 0.1, "MAXMAG01": 7.4, "MAXMAG02": 7.7, "MAXMAG03": 8.0, "STRIKE1": 0.0, "STRIKE2": 0.0, "STRIKE3": 0.0, "STRIKE4": 0.0, "DIP1": 89.99, "DIP2": 0.0, "DIP3": 0.0, "DIP4": 0.0, "aspRatio": 1.0, "mfd_bin": 0.2, "a_val": 5.2041501281700002, "a_hi": 5.21335486087, "a_mid": 5.2042289880999997, "a_lo": 5.1951031153400002, "sigma_a": 0.031777396378300002, "b_val": 1.0062167800699999, "b_hi": 1.03161438886, "b_mid": 1.0062167800699999, "b_lo": 0.98081917126899998, "sigma_b": 0.0063531163028599999, "cum_cov_ab": 0.054321, "MCORNERP1": 7.4, "MCORNERP2": 7.6, "MCORNERP3": 7.8, "MAXMAGP1": 7.8, "MAXMAGP2": 8.0, "utsu_bval2": 0.0, "utsu_aval": 0.0, "utsu_Minfl": 0.0, "FID_gras26": -1, "Shape_Leng": 2927555.4314600001, "Shape_Area": 341832475813.0 }, "geometry": { "type": "Polygon", "coordinates": [ [ [ 5.781717199867829, 37.372153055461148, 0.0 ], [ 10.001315623762032, 36.059118342243032, 0.0 ], [ 4.883754424547283, 34.910715518000956, 0.0 ], [ -1.864302149795148, 34.740437047099178, 0.0 ], [ -1.890532227557725, 36.011146407955756, 0.0 ], [ 1.08527268261004, 37.421557137680608, 0.0 ], [ 5.781717199867829, 37.372153055461148, 0.0 ] ] ] } },
{ "type": "Feature", "properties": { "FID_gras38": -1, "FID_gras24": -1, "FID_gras_1": -1, "FID_eshm20": 182, "ZONE_ID": "GRAS237", "areakm2": 58207.561099300001, "tctCluster": "Shallow Default", "CSZ_ID": "SZ22", "TECTO_ID": "TSZ045", "magScaleRe": "WC1994", "SS": 40.0, "NF": 10.0, "TF": 50.0, "MINDEPTH": 0.0, "MAXDEPTH": 50.0, "HYPODEPTH1": 2.0, "HYPODEPTH2": 10.0, "HYPODEPTH3": 18.0, "WHDEPTH1": 0.1, "WHDEPTH2": 0.4, "WHDEPTH3": 0.5, "WMAXMAG01": 0.5, "WMAXMAG02": 0.4, "WMAXMAG03": 0.1, "MAXMAG01": 6.9, "MAXMAG02": 7.2, "MAXMAG03": 7.5, "STRIKE1": 0.0, "STRIKE2": 0.0, "STRIKE3": 219.588087, "STRIKE4": 308.582373, "DIP1": 75.71513, "DIP2": 0.0, "DIP3": 75.71513, "DIP4": 22.921676, "aspRatio": 1.0, "mfd_bin": 0.2, "a_val": 4.88, "a_hi": 4.8873095493200003, "a_mid": 4.8802161991600004, "a_lo": 4.8731228489899996, "sigma_a": 0.033487555250099998, "b_val": 1.06, "b_hi": 1.1027499566900001, "b_mid": 1.06, "b_lo": 1.01725004331, "sigma_b": 0.018, "cum_cov_ab": 0.054321, "MCORNERP1": 6.0, "MCORNERP2": 6.2, "MCORNERP3": 6.4, "MAXMAGP1": 6.4, "MAXMAGP2": 6.6, "utsu_bval2": 0.0, "utsu_aval": 0.0, "utsu_Minfl": 0.0, "FID_gras26": -1, "Shape_Leng": 957747.79358900001, "Shape_Area": 45375345419.199997 }, "geometry": { "type": "Polygon", "coordinates": [ [ [ 22.700453959969902, 34.845185368494029, 0.0 ], [ 21.920526506284084, 34.012787200460586, 0.0 ], [ 20.390746188511642, 34.918578178125948, 0.0 ], [ 20.258405093569344, 36.651514836220834, 0.0 ], [ 22.700453959969902, 34.845185368494029, 0.0 ] ] ] } },
{ "type": "Feature", "properties": { "FID_gras38": -1, "FID_gras24": -1, "FID_gras_1": -1, "FID_eshm20": 183, "ZONE_ID": "GRAS240", "areakm2": 17297.834751099999, "tctCluster": "Shallow Default", "CSZ_ID": "SZ22", "TECTO_ID": "TSZ120", "magScaleRe": "WC1994", "SS": 25.0, "NF": 50.0, "TF": 25.0, "MINDEPTH": 0.0, "MAXDEPTH": 20.0, "HYPODEPTH1": 2.0, "HYPODEPTH2": 10.0, "HYPODEPTH3": 18.0, "WHDEPTH1": 0.1, "WHDEPTH2": 0.4, "WHDEPTH3": 0.5, "WMAXMAG01": 0.5, "WMAXMAG02": 0.4, "WMAXMAG03": 0.1, "MAXMAG01": 7.0, "MAXMAG02": 7.3, "MAXMAG03": 7.6, "STRIKE1": 0.0, "STRIKE2": 123.0945, "STRIKE3": 0.0, "STRIKE4": 280.863167, "DIP1": 55.453, "DIP2": 55.453, "DIP3": 0.0, "DIP4": 50.234556, "aspRatio": 1.0, "mfd_bin": 0.2, "a_val": 3.0423350349899998, "a_hi": 3.0920936248199999, "a_mid": 3.0421840232, "a_lo": 2.9922744215799999, "sigma_a": 0.089007664734900002, "b_val": 0.83425002614, "b_hi": 0.87878487053300003, "b_mid": 0.83425002614, "b_lo": 0.78971518174599997, "sigma_b": 0.019534442686700002, "cum_cov_ab": 0.054321, "MCORNERP1": 6.8, "MCORNERP2": 7.0, "MCORNERP3": 7.2, "MAXMAGP1": 7.0, "MAXMAGP2": 7.2, "utsu_bval2": 0.0, "utsu_aval": 0.0, "utsu_Minfl": 0.0, "FID_gras26": -1, "Shape_Leng": 898012.69096000004, "Shape_Area": 42688798513.199997 }, "geometry": { "type": "Polygon", "coordinates": [ [ [ 25.471428010442636, 38.097446231942655, 0.0 ], [ 25.869100000177191, 37.53369999927024, 0.0 ], [ 26.570684999744241, 37.474733999902305, 0.0 ], [ 26.500000000702926, 37.103106999405938, 0.0 ], [ 26.108500000213951, 36.888400000352711, 0.0 ], [ 25.214200000361508, 36.78249999963051, 0.0 ], [ 25.024313525411163, 36.905003102848227, 0.0 ], [ 24.644399999948323, 37.15009999947592, 0.0 ], [ 23.486754703678386, 37.299359012739821, 0.0 ], [ 23.596665503780056, 37.932119519538148, 0.0 ], [ 23.673132751692709, 38.006259760283484, 0.0 ], [ 23.749599999605365, 38.080400000342443, 0.0 ], [ 23.95252562241431, 38.123423746858371, 0.0 ], [ 24.155451245223254, 38.166447493447137, 0.0 ], [ 25.471428010442636, 38.097446231942655, 0.0 ] ] ] } },
{ "type": "Feature", "properties": { "FID_gras38": -1, "FID_gras24": -1, "FID_gras_1": -1, "FID_eshm20": 184, "ZONE_ID": "GRAS241", "areakm2": 19969.484766699999, "tctCluster": "Shallow Default", "CSZ_ID": "SZ22", "TECTO_ID": "TSZ079", "magScaleRe": "WC1994", "SS": 40.0, "NF": 60.0, "TF": 0.0, "MINDEPTH": 0.0, "MAXDEPTH": 20.0, "HYPODEPTH1": 2.0, "HYPODEPTH2": 10.0, "HYPODEPTH3": 18.0, "WHDEPTH1": 0.1, "WHDEPTH2": 0.4, "WHDEPTH3": 0.5, "WMAXMAG01": 0.5, "WMAXMAG02": 0.4, "WMAXMAG03": 0.1, "MAXMAG01": 7.3, "MAXMAG02": 7.6, "MAXMAG03": 7.9, "STRIKE1": 77.235375, "STRIKE2": 119.308, "STRIKE3": 251.883667, "STRIKE4": 287.630462, "DIP1": 51.71425, "DIP2": 54.170111, "DIP3": 59.094333, "DIP4": 52.927026, "aspRatio": 1.0, "mfd_bin": 0.2, "a_val": 4.5, "a_hi": 4.5103147418100002, "a_mid": 4.4997424101899997, "a_lo": 4.4891700785699999, "sigma_a": 0.042823386279099998, "b_val": 0.95, "b_hi": 0.99617523069400005, "b_mid": 0.95, "b_lo": 0.90382476930599998, "sigma_b": 0.021, "cum_cov_ab": 0.054321, "MCORNERP1": 7.0, "MCORNERP2": 7.2, "MCORNERP3": 7.4, "MAXMAGP1": 7.4, "MAXMAGP2": 7.6, "utsu_bval2": 0.0, "utsu_aval": 0.0, "utsu_Minfl": 0.0, "FID_gras26": -1, "Shape_Leng": 334395.73454500001, "Shape_Area": 6855738772.9300003 }, "geometry": { "type": "Polygon", "coordinates": [ [ [ 23.499999999623334, 37.999999999503771, 0.0 ], [ 23.548332751252545, 37.966059759738165, 0.0 ], [ 23.596665503780056, 37.932119519538148, 0.0 ], [ 23.486754703678386, 37.299359012739821, 0.0 ], [ 22.969559182123966, 37.477045715207758, 0.0 ], [ 22.656998869890643, 37.741331745947285, 0.0 ], [ 22.684322080572997, 37.756290365710917, 0.0 ], [ 23.245266539220964, 38.063391144612602, 0.0 ], [ 23.33925936496458, 38.114814739407358, 0.0 ], [ 23.419629682293959, 38.057407369360313, 0.0 ], [ 23.499999999623334, 37.999999999503771, 0.0 ] ] ] } },
{ "type": "Feature", "properties": { "FID_gras38": -1, "FID_gras24": -1, "FID_gras_1": -1, "FID_eshm20": 186, "ZONE_ID": "GRAS244", "areakm2": 18224.655095800001, "tctCluster": "Shallow Default", "CSZ_ID": "SZ22", "TECTO_ID": "TSZ020", "magScaleRe": "WC1994", "SS": 20.0, "NF": 60.0, "TF": 20.0, "MINDEPTH": 0.0, "MAXDEPTH": 20.0, "HYPODEPTH1": 2.0, "HYPODEPTH2": 10.0, "HYPODEPTH3": 18.0, "WHDEPTH1": 0.1, "WHDEPTH2": 0.4, "WHDEPTH3": 0.5, "WMAXMAG01": 0.5, "WMAXMAG02": 0.4, "WMAXMAG03": 0.1, "MAXMAG01": 7.3, "MAXMAG02": 7.6, "MAXMAG03": 7.9, "STRIKE1": 64.924707, "STRIKE2": 104.175143, "STRIKE3": 0.0, "STRIKE4": 284.669167, "DIP1": 49.248537, "DIP2": 49.825214, "DIP3": 0.0, "DIP4": 48.237833, "aspRatio": 1.0, "mfd_bin": 0.2, "a_val": 3.35, "a_hi": 3.4497424328299999, "a_mid": 3.34992130938, "a_lo": 3.2501001859200001, "sigma_a": 0.22854090775800001, "b_val": 0.91, "b_hi": 0.98279382892699996, "b_mid": 0.91, "b_lo": 0.83720617107299999, "sigma_b": 0.052190357816600003, "cum_cov_ab": 0.054321, "MCORNERP1": 6.6, "MCORNERP2": 6.8, "MCORNERP3": 7.0, "MAXMAGP1": 6.8, "MAXMAGP2": 7.0, "utsu_bval2": 0.0, "utsu_aval": 0.0, "utsu_Minfl": 0.0, "FID_gras26": -1, "Shape_Leng": 710730.65034199995, "Shape_Area": 25231506197.299999 }, "geometry": { "type": "Polygon", "coordinates": [ [ [ 26.146363566333086, 41.249474322061303, 0.0 ], [ 26.305710564541524, 40.953545111346244, 0.0 ], [ 26.026078999770835, 40.602773999833303, 0.0 ], [ 25.384526763131287, 40.622890130085437, 0.0 ], [ 24.655166519732614, 40.337830419113459, 0.0 ], [ 23.584189803522133, 40.816770055804142, 0.0 ], [ 25.45629288641365, 41.364102551344942, 0.0 ], [ 26.146363566333086, 41.249474322061303, 0.0 ] ] ] } },
{ "type": "Feature", "properties": { "FID_gras38": -1, "FID_gras24": -1, "FID_gras_1": -1, "FID_eshm20": 187, "ZONE_ID": "GRAS245", "areakm2": 5303.2092828799996, "tctCluster": "Shallow Default", "CSZ_ID": "SZ22", "TECTO_ID": "TSZ082", "magScaleRe": "WC1994", "SS": 50.0, "NF": 40.0, "TF": 10.0, "MINDEPTH": 0.0, "MAXDEPTH": 20.0, "HYPODEPTH1": 2.0, "HYPODEPTH2": 10.0, "HYPODEPTH3": 18.0, "WHDEPTH1": 0.1, "WHDEPTH2": 0.4, "WHDEPTH3": 0.5, "WMAXMAG01": 0.5, "WMAXMAG02": 0.4, "WMAXMAG03": 0.1, "MAXMAG01": 7.6, "MAXMAG02": 7.9, "MAXMAG03": 8.2, "STRIKE1": 54.644568, "STRIKE2": 135.833154, "STRIKE3": 218.800458, "STRIKE4": 292.22675, "DIP1": 60.864919, "DIP2": 60.520462, "DIP3": 68.637229, "DIP4": 53.320583, "aspRatio": 1.0, "mfd_bin": 0.2, "a_val": 3.98, "a_hi": 4.02764063433, "a_mid": 3.9803801621899999, "a_lo": 3.9331196900499998, "sigma_a": 0.092282645878500005, "b_val": 0.98836196269700005, "b_hi": 1.0334313143, "b_mid": 0.98836196269700005, "b_lo": 0.943292611098, "sigma_b": 0.020006161349000001, "cum_cov_ab": 0.054321, "MCORNERP1": 7.1, "MCORNERP2": 7.3, "MCORNERP3": 7.5, "MAXMAGP1": 7.2, "MAXMAGP2": 7.4, "utsu_bval2": 0.0, "utsu_aval": 0.0, "utsu_Minfl": 0.0, "FID_gras26": -1, "Shape_Leng": 505318.86086100002, "Shape_Area": 10892647045.5 }, "geometry": { "type": "Polygon", "coordinates": [ [ [ 25.47874909854853, 39.186239328332142, 0.0 ], [ 24.449258147023933, 38.394122035067589, 0.0 ], [ 24.06729145819887, 38.782106165166077, 0.0 ], [ 25.514869981525489, 39.666514855079832, 0.0 ], [ 25.47874909854853, 39.186239328332142, 0.0 ] ] ] } },
{ "type": "Feature", "properties": { "FID_gras38": -1, "FID_gras24": -1, "FID_gras_1": -1, "FID_eshm20": 188, "ZONE_ID": "GRAS246", "areakm2": 20124.517975899998, "tctCluster": "Shallow Default", "CSZ_ID": "SZ22", "TECTO_ID": "TSZ082", "magScaleRe": "WC1994", "SS": 40.0, "NF": 60.0, "TF": 0.0, "MINDEPTH": 0.0, "MAXDEPTH": 20.0, "HYPODEPTH1": 2.0, "HYPODEPTH2": 10.0, "HYPODEPTH3": 18.0, "WHDEPTH1": 0.1, "WHDEPTH2": 0.4, "WHDEPTH3": 0.5, "WMAXMAG01": 0.5, "WMAXMAG02": 0.4, "WMAXMAG03": 0.1, "MAXMAG01": 7.9, "MAXMAG02": 8.2, "MAXMAG03": 8.5, "STRIKE1": 85.823571, "STRIKE2": 94.154667, "STRIKE3": 231.422017, "STRIKE4": 306.578624, "DIP1": 58.742714, "DIP2": 58.875333, "DIP3": 75.11919, "DIP4": 68.961462, "aspRatio": 1.0, "mfd_bin": 0.2, "a_val": 3.75, "a_hi": 3.7913505885299998, "a_mid": 3.7496876485300001, "a_lo": 3.70802470854, "sigma_a": 0.079905095586300004, "b_val": 0.90905432597500002, "b_hi": 0.950451884543, "b_mid": 0.90905432597500002, "b_lo": 0.86765676740800002, "sigma_b": 0.0168791512753, "cum_cov_ab": 0.054321, "MCORNERP1": 7.4, "MCORNERP2": 7.6, "MCORNERP3": 7.8, "MAXMAGP1": 7.6, "MAXMAGP2": 7.8, "utsu_bval2": 0.0, "utsu_aval": 0.0, "utsu_Minfl": 0.0, "FID_gras26": -1, "Shape_Leng": 519961.187057, "Shape_Area": 12260223734.700001 }, "geometry": { "type": "Polygon", "coordinates": [ [ [ 25.514869981525489, 39.666514855079832, 0.0 ], [ 24.06729145819887, 38.782106165166077, 0.0 ], [ 23.792099999976251, 39.201000000133625, 0.0 ], [ 25.169463789617875, 39.967988997822665, 0.0 ], [ 25.514869981525489, 39.666514855079832, 0.0 ] ] ] } },
{ "type": "Feature", "properties": { "FID_gras38": -1, "FID_gras24": -1, "FID_gras_1": -1, "FID_eshm20": 190, "ZONE_ID": "GRAS248", "areakm2": 6248.9342657400002, "tctCluster": "Shallow Default", "CSZ_ID": "SZ22", "TECTO_ID": "TSZ020", "magScaleRe": "WC1994", "SS": 20.0, "NF": 60.0, "TF": 20.0, "MINDEPTH": 0.0, "MAXDEPTH": 20.0, "HYPODEPTH1": 2.0, "HYPODEPTH2": 10.0, "HYPODEPTH3": 18.0, "WHDEPTH1": 0.1, "WHDEPTH2": 0.4, "WHDEPTH3": 0.5, "WMAXMAG01": 0.5, "WMAXMAG02": 0.4, "WMAXMAG03": 0.1, "MAXMAG01": 7.3, "MAXMAG02": 7.6, "MAXMAG03": 7.9, "STRIKE1": 84.976233, "STRIKE2": 105.520692, "STRIKE3": 260.5032, "STRIKE4": 0.0, "DIP1": 54.5166, "DIP2": 53.517354, "DIP3": 46.4521, "DIP4": 0.0, "aspRatio": 1.0, "mfd_bin": 0.2, "a_val": 2.7, "a_hi": 2.78653346746, "a_mid": 2.7000265866299999, "a_lo": 2.6135197058099999, "sigma_a": 0.11521746572, "b_val": 0.8, "b_hi": 0.84927795188199995, "b_mid": 0.8, "b_lo": 0.75072204811800003, "sigma_b": 0.023916985776900001, "cum_cov_ab": 0.054321, "MCORNERP1": 7.0, "MCORNERP2": 7.2, "MCORNERP3": 7.4, "MAXMAGP1": 7.2, "MAXMAGP2": 7.4, "utsu_bval2": 0.0, "utsu_aval": 0.0, "utsu_Minfl": 0.0, "FID_gras26": -1, "Shape_Leng": 593005.83507599996, "Shape_Area": 13571493696.299999 }, "geometry": { "type": "Polygon", "coordinates": [ [ [ 25.45629288641365, 41.364102551344942, 0.0 ], [ 23.584189803522133, 40.816770055804142, 0.0 ], [ 22.999269000022252, 41.199546000228366, 0.0 ], [ 23.571982552210493, 41.366510724240612, 0.0 ], [ 24.501914515268439, 41.522635157044903, 0.0 ], [ 25.45629288641365, 41.364102551344942, 0.0 ] ] ] } },
{ "type": "Feature", "properties": { "FID_gras38": -1, "FID_gras24": -1, "FID_gras_1": -1, "FID_eshm20": 191, "ZONE_ID": "GRAS249", "areakm2": 22494.1699448, "tctCluster": "Shallow Default", "CSZ_ID": "SZ22", "TECTO_ID": "TSZ080", "magScaleRe": "WC1994", "SS": 20.0, "NF": 60.0, "TF": 20.0, "MINDEPTH": 0.0, "MAXDEPTH": 20.0, "HYPODEPTH1": 2.0, "HYPODEPTH2": 10.0, "HYPODEPTH3": 18.0, "WHDEPTH1": 0.1, "WHDEPTH2": 0.4, "WHDEPTH3": 0.5, "WMAXMAG01": 0.5, "WMAXMAG02": 0.4, "WMAXMAG03": 0.1, "MAXMAG01": 7.3, "MAXMAG02": 7.6, "MAXMAG03": 7.9, "STRIKE1": 0.0, "STRIKE2": 139.185385, "STRIKE3": 233.019213, "STRIKE4": 0.0, "DIP1": 58.796538, "DIP2": 58.796538, "DIP3": 71.275453, "DIP4": 0.0, "aspRatio": 1.0, "mfd_bin": 0.2, "a_val": 3.0, "a_hi": 3.0060468313499999, "a_mid": 3.0001874655899998, "a_lo": 2.9943280998300001, "sigma_a": 0.01, "b_val": 0.75, "b_hi": 0.78186393639600005, "b_mid": 0.75, "b_lo": 0.71813606360399995, "sigma_b": 0.01, "cum_cov_ab": 0.054321, "MCORNERP1": 7.0, "MCORNERP2": 7.2, "MCORNERP3": 7.4, "MAXMAGP1": 7.4, "MAXMAGP2": 7.6, "utsu_bval2": 0.0, "utsu_aval": 0.0, "utsu_Minfl": 0.0, "FID_gras26": -1, "Shape_Leng": 581245.57141700003, "Shape_Area": 14354281869.6 }, "geometry": { "type": "Polygon", "coordinates": [ [ [ 26.50139999992042, 38.122199999850068, 0.0 ], [ 26.760646999653755, 38.037697999522884, 0.0 ], [ 27.154291278725918, 37.824660157509875, 0.0 ], [ 27.78582799973514, 37.666773999619252, 0.0 ], [ 26.570684999744241, 37.474733999902305, 0.0 ], [ 25.869100000177191, 37.53369999927024, 0.0 ], [ 25.471428010442636, 38.097446231942655, 0.0 ], [ 26.14669612804115, 38.164992794985281, 0.0 ], [ 26.50139999992042, 38.122199999850068, 0.0 ] ] ] } },
{ "type": "Feature", "properties": { "FID_gras38": -1, "FID_gras24": -1, "FID_gras_1": -1, "FID_eshm20": 192, "ZONE_ID": "GRAS250", "areakm2": 16838.134060199998, "tctCluster": "Shallow Default", "CSZ_ID": "SZ22", "TECTO_ID": "TSZ020", "magScaleRe": "WC1994", "SS": 20.0, "NF": 60.0, "TF": 20.0, "MINDEPTH": 0.0, "MAXDEPTH": 20.0, "HYPODEPTH1": 2.0, "HYPODEPTH2": 10.0, "HYPODEPTH3": 18.0, "WHDEPTH1": 0.1, "WHDEPTH2": 0.4, "WHDEPTH3": 0.5, "WMAXMAG01": 0.5, "WMAXMAG02": 0.4, "WMAXMAG03": 0.1, "MAXMAG01": 7.3, "MAXMAG02": 7.6, "MAXMAG03": 7.9, "STRIKE1": 70.927812, "STRIKE2": 106.487955, "STRIKE3": 259.891316, "STRIKE4": 291.366048, "DIP1": 68.031087, "DIP2": 62.950795, "DIP3": 45.497895, "DIP4": 46.625911, "aspRatio": 1.0, "mfd_bin": 0.2, "a_val": 3.81, "a_hi": 3.8360281952599999, "a_mid": 3.81046006439, "a_lo": 3.78489193353, "sigma_a": 0.071022773246799994, "b_val": 0.93, "b_hi": 0.983318563742, "b_mid": 0.93, "b_lo": 0.87668143625799999, "sigma_b": 0.028, "cum_cov_ab": 0.054321, "MCORNERP1": 6.8, "MCORNERP2": 7.0, "MCORNERP3": 7.2, "MAXMAGP1": 7.0, "MAXMAGP2": 7.2, "utsu_bval2": 0.0, "utsu_aval": 0.0, "utsu_Minfl": 0.0, "FID_gras26": -1, "Shape_Leng": 628634.35153099999, "Shape_Area": 21145983048.799999 }, "geometry": { "type": "Polygon", "coordinates": [ [ [ 23.584189803522133, 40.816770055804142, 0.0 ], [ 24.655166519732614, 40.337830419113459, 0.0 ], [ 24.049184794346591, 40.100991385730673, 0.0 ], [ 22.886375334138187, 40.095075897719084, 0.0 ], [ 22.673279706131289, 40.448068824025398, 0.0 ], [ 22.63807645850526, 41.132888481688553, 0.0 ], [ 22.999269000022252, 41.199546000228366, 0.0 ], [ 23.584189803522133, 40.816770055804142, 0.0 ] ] ] } },
{ "type": "Feature", "properties": { "FID_gras38": -1, "FID_gras24": -1, "FID_gras_1": -1, "FID_eshm20": 193, "ZONE_ID": "GRAS251", "areakm2": 23071.882358399998, "tctCluster": "Shallow Default", "CSZ_ID": "SZ22", "TECTO_ID": "TSZ025", "magScaleRe": "WC1994", "SS": 20.0, "NF": 60.0, "TF": 20.0, "MINDEPTH": 0.0, "MAXDEPTH": 20.0, "HYPODEPTH1": 2.0, "HYPODEPTH2": 10.0, "HYPODEPTH3": 18.0, "WHDEPTH1": 0.1, "WHDEPTH2": 0.4, "WHDEPTH3": 0.5, "WMAXMAG01": 0.5, "WMAXMAG02": 0.4, "WMAXMAG03": 0.1, "MAXMAG01": 7.5, "MAXMAG02": 7.5, "MAXMAG03": 7.8, "STRIKE1": 84.6065, "STRIKE2": 100.107471, "STRIKE3": 244.593526, "STRIKE4": 290.959553, "DIP1": 50.405675, "DIP2": 54.044265, "DIP3": 55.690421, "DIP4": 50.027298, "aspRatio": 1.0, "mfd_bin": 0.2, "a_val": 4.29, "a_hi": 4.2943229058399996, "a_mid": 4.2898548226499997, "a_lo": 4.2853867394599998, "sigma_a": 0.023130115900600001, "b_val": 0.88, "b_hi": 0.91941351262299997, "b_mid": 0.88, "b_lo": 0.84058648737700004, "sigma_b": 0.0153, "cum_cov_ab": 0.054321, "MCORNERP1": 6.8, "MCORNERP2": 7.0, "MCORNERP3": 7.2, "MAXMAGP1": 7.2, "MAXMAGP2": 7.4, "utsu_bval2": 0.0, "utsu_aval": 0.0, "utsu_Minfl": 0.0, "FID_gras26": -1, "Shape_Leng": 579482.7516, "Shape_Area": 17390060017.099998 }, "geometry": { "type": "Polygon", "coordinates": [ [ [ 21.07592069439978, 38.167606555019539, 0.0 ], [ 19.380082591343999, 37.481274152539896, 0.0 ], [ 19.653675602621426, 38.562377958277644, 0.0 ], [ 21.033309699989026, 38.574685291159568, 0.0 ], [ 21.07592069439978, 38.167606555019539, 0.0 ] ] ] } },
{ "type": "Feature", "properties": { "FID_gras38": -1, "FID_gras24": -1, "FID_gras_1": -1, "FID_eshm20": 194, "ZONE_ID": "GRAS253", "areakm2": 18574.7558665, "tctCluster": "Shallow Default", "CSZ_ID": "SZ22", "TECTO_ID": "TSZ082", "magScaleRe": "WC1994", "SS": 40.0, "NF": 60.0, "TF": 0.0, "MINDEPTH": 0.0, "MAXDEPTH": 20.0, "HYPODEPTH1": 2.0, "HYPODEPTH2": 10.0, "HYPODEPTH3": 18.0, "WHDEPTH1": 0.1, "WHDEPTH2": 0.4, "WHDEPTH3": 0.5, "WMAXMAG01": 0.5, "WMAXMAG02": 0.4, "WMAXMAG03": 0.1, "MAXMAG01": 7.9, "MAXMAG02": 8.2, "MAXMAG03": 8.5, "STRIKE1": 59.750273, "STRIKE2": 0.0, "STRIKE3": 221.52187, "STRIKE4": 304.452917, "DIP1": 71.687636, "DIP2": 0.0, "DIP3": 68.0383, "DIP4": 73.287958, "aspRatio": 1.0, "mfd_bin": 0.2, "a_val": 3.85, "a_hi": 3.8672810337299999, "a_mid": 3.8498599839000001, "a_lo": 3.8324389340799998, "sigma_a": 0.0420622578338, "b_val": 0.866, "b_hi": 0.89621164654499996, "b_mid": 0.866, "b_lo": 0.83578835345500002, "sigma_b": 0.0089897980812399993, "cum_cov_ab": 0.054321, "MCORNERP1": 7.8, "MCORNERP2": 8.0, "MCORNERP3": 8.2, "MAXMAGP1": 8.0, "MAXMAGP2": 8.2, "utsu_bval2": 0.0, "utsu_aval": 0.0, "utsu_Minfl": 0.0, "FID_gras26": -1, "Shape_Leng": 546924.22031500004, "Shape_Area": 13624243769.299999 }, "geometry": { "type": "Polygon", "coordinates": [ [ [ 25.169463789617875, 39.967988997822665, 0.0 ], [ 23.792099999976251, 39.201000000133625, 0.0 ], [ 23.428100000414204, 39.09979999941752, 0.0 ], [ 24.049184794346591, 40.100991385730673, 0.0 ], [ 24.655166519732614, 40.337830419113459, 0.0 ], [ 25.169463789617875, 39.967988997822665, 0.0 ] ] ] } },
{ "type": "Feature", "properties": { "FID_gras38": -1, "FID_gras24": -1, "FID_gras_1": -1, "FID_eshm20": 195, "ZONE_ID": "GRAS255", "areakm2": 67077.127398800003, "tctCluster": "Shallow Default", "CSZ_ID": "SZ22", "TECTO_ID": "TSZ095", "magScaleRe": "WC1994", "SS": 25.0, "NF": 50.0, "TF": 25.0, "MINDEPTH": 0.0, "MAXDEPTH": 20.0, "HYPODEPTH1": 2.0, "HYPODEPTH2": 10.0, "HYPODEPTH3": 18.0, "WHDEPTH1": 0.1, "WHDEPTH2": 0.4, "WHDEPTH3": 0.5, "WMAXMAG01": 0.5, "WMAXMAG02": 0.4, "WMAXMAG03": 0.1, "MAXMAG01": 6.9, "MAXMAG02": 7.2, "MAXMAG03": 7.5, "STRIKE1": 73.74905, "STRIKE2": 109.974, "STRIKE3": 222.683648, "STRIKE4": 293.419125, "DIP1": 63.2464, "DIP2": 63.868422, "DIP3": 66.773338, "DIP4": 52.738125, "aspRatio": 1.0, "mfd_bin": 0.2, "a_val": 5.3599, "a_hi": 5.3661701831100004, "a_mid": 5.3602157009600004, "a_lo": 5.3542612187999996, "sigma_a": 0.01, "b_val": 1.08, "b_hi": 1.1118639364, "b_mid": 1.08, "b_lo": 1.0481360636, "sigma_b": 0.01, "cum_cov_ab": 0.054321, "MCORNERP1": 6.0, "MCORNERP2": 6.2, "MCORNERP3": 6.4, "MAXMAGP1": 6.4, "MAXMAGP2": 6.6, "utsu_bval2": 0.0, "utsu_aval": 0.0, "utsu_Minfl": 0.0, "FID_gras26": -1, "Shape_Leng": 864057.52622999996, "Shape_Area": 35653080074.900002 }, "geometry": { "type": "Polygon", "coordinates": [ [ [ 27.103892735218217, 35.024708822321131, 0.0 ], [ 26.793638985817427, 34.852321826987158, 0.0 ], [ 25.057869553860289, 34.632966349502446, 0.0 ], [ 23.779885467819202, 34.804635853518327, 0.0 ], [ 24.290499999874129, 35.59860000005073, 0.0 ], [ 25.356299999986664, 35.481499999441084, 0.0 ], [ 26.401917948564577, 35.619844241528206, 0.0 ], [ 26.507717347358735, 35.663928266893905, 0.0 ], [ 27.103892735218217, 35.024708822321131, 0.0 ] ] ] } },
{ "type": "Feature", "properties": { "FID_gras38": -1, "FID_gras24": -1, "FID_gras_1": -1, "FID_eshm20": 196, "ZONE_ID": "GRAS256", "areakm2": 31604.345077400001, "tctCluster": "Shallow Default", "CSZ_ID": "SZ22", "TECTO_ID": "TSZ025", "magScaleRe": "WC1994", "SS": 20.0, "NF": 60.0, "TF": 20.0, "MINDEPTH": 0.0, "MAXDEPTH": 20.0, "HYPODEPTH1": 2.0, "HYPODEPTH2": 10.0, "HYPODEPTH3": 18.0, "WHDEPTH1": 0.1, "WHDEPTH2": 0.4, "WHDEPTH3": 0.5, "WMAXMAG01": 0.5, "WMAXMAG02": 0.4, "WMAXMAG03": 0.1, "MAXMAG01": 7.2, "MAXMAG02": 7.5, "MAXMAG03": 7.8, "STRIKE1": 39.344388, "STRIKE2": 92.365889, "STRIKE3": 256.624167, "STRIKE4": 322.880524, "DIP1": 69.130857, "DIP2": 50.611778, "DIP3": 83.041167, "DIP4": 33.168351, "aspRatio": 1.0, "mfd_bin": 0.2, "a_val": 3.26, "a_hi": 3.2969489044600002, "a_mid": 3.2596191826099998, "a_lo": 3.2222894607599999, "sigma_a": 0.086236468261300006, "b_val": 0.85, "b_hi": 0.906999942251, "b_mid": 0.85, "b_lo": 0.79300005774899995, "sigma_b": 0.032, "cum_cov_ab": 0.054321, "MCORNERP1": 6.9, "MCORNERP2": 7.1, "MCORNERP3": 7.3, "MAXMAGP1": 7.2, "MAXMAGP2": 7.4, "utsu_bval2": 0.0, "utsu_aval": 0.0, "utsu_Minfl": 0.0, "FID_gras26": -1, "Shape_Leng": 677272.4999000001, "Shape_Area": 24454932745.700001 }, "geometry": { "type": "Polygon", "coordinates": [ [ [ 20.34798635763136, 39.425082109813864, 0.0 ], [ 19.676137350175058, 38.651135643174378, 0.0 ], [ 18.689981817862559, 39.703601079143588, 0.0 ], [ 19.062236726726226, 40.587654791016753, 0.0 ], [ 20.34798635763136, 39.425082109813864, 0.0 ] ] ] } },
{ "type": "Feature", "properties": { "FID_gras38": -1, "FID_gras24": -1, "FID_gras_1": -1, "FID_eshm20": 197, "ZONE_ID": "GRAS257", "areakm2": 12385.095865400001, "tctCluster": "Shallow Default", "CSZ_ID": "SZ22", "TECTO_ID": "TSZ079", "magScaleRe": "WC1994", "SS": 35.0, "NF": 15.0, "TF": 50.0, "MINDEPTH": 0.0, "MAXDEPTH": 20.0, "HYPODEPTH1": 2.0, "HYPODEPTH2": 10.0, "HYPODEPTH3": 18.0, "WHDEPTH1": 0.1, "WHDEPTH2": 0.4, "WHDEPTH3": 0.5, "WMAXMAG01": 0.5, "WMAXMAG02": 0.4, "WMAXMAG03": 0.1, "MAXMAG01": 7.3, "MAXMAG02": 7.6, "MAXMAG03": 7.9, "STRIKE1": 0.0, "STRIKE2": 160.931141, "STRIKE3": 197.081429, "STRIKE4": 329.110867, "DIP1": 54.754014, "DIP2": 54.754014, "DIP3": 57.273286, "DIP4": 54.092433, "aspRatio": 1.0, "mfd_bin": 0.2, "a_val": 4.29, "a_hi": 4.2957061276699999, "a_mid": 4.2898321308099998, "a_lo": 4.2839581339399997, "sigma_a": 0.01, "b_val": 1.02, "b_hi": 1.0518639364, "b_mid": 1.02, "b_lo": 0.98813606360399997, "sigma_b": 0.01, "cum_cov_ab": 0.054321, "MCORNERP1": 6.6, "MCORNERP2": 6.8, "MCORNERP3": 7.0, "MAXMAGP1": 7.0, "MAXMAGP2": 7.0, "utsu_bval2": 0.0, "utsu_aval": 0.0, "utsu_Minfl": 0.0, "FID_gras26": -1, "Shape_Leng": 525008.792029, "Shape_Area": 11408893411.700001 }, "geometry": { "type": "Polygon", "coordinates": [ [ [ 21.500000000400803, 39.000000000138861, 0.0 ], [ 21.500000000400803, 38.499999999023068, 0.0 ], [ 21.816392000121759, 37.999999999503771, 0.0 ], [ 21.243764515520894, 37.510664849568265, 0.0 ], [ 21.07592069439978, 38.167606555019539, 0.0 ], [ 20.98230000025417, 39.061999999485124, 0.0 ], [ 21.500000000400803, 39.000000000138861, 0.0 ] ] ] } },
{ "type": "Feature", "properties": { "FID_gras38": -1, "FID_gras24": -1, "FID_gras_1": -1, "FID_eshm20": 198, "ZONE_ID": "GRAS259", "areakm2": 23185.099694299999, "tctCluster": "Shallow Default", "CSZ_ID": "SZ22", "TECTO_ID": "TSZ024", "magScaleRe": "WC1994", "SS": 25.0, "NF": 50.0, "TF": 25.0, "MINDEPTH": 0.0, "MAXDEPTH": 20.0, "HYPODEPTH1": 2.0, "HYPODEPTH2": 10.0, "HYPODEPTH3": 18.0, "WHDEPTH1": 0.1, "WHDEPTH2": 0.4, "WHDEPTH3": 0.5, "WMAXMAG01": 0.5, "WMAXMAG02": 0.4, "WMAXMAG03": 0.1, "MAXMAG01": 7.0, "MAXMAG02": 7.3, "MAXMAG03": 7.6, "STRIKE1": 57.718102, "STRIKE2": 0.0, "STRIKE3": 246.245158, "STRIKE4": 0.0, "DIP1": 56.013216, "DIP2": 0.0, "DIP3": 56.349592, "DIP4": 0.0, "aspRatio": 1.0, "mfd_bin": 0.2, "a_val": 5.76, "a_hi": 5.7656195936600003, "a_mid": 5.759706513, "a_lo": 5.7537934323400002, "sigma_a": 0.01, "b_val": 1.29, "b_hi": 1.3218639364, "b_mid": 1.29, "b_lo": 1.2581360636000001, "sigma_b": 0.01, "cum_cov_ab": 0.054321, "MCORNERP1": 6.8, "MCORNERP2": 7.0, "MCORNERP3": 7.2, "MAXMAGP1": 7.0, "MAXMAGP2": 7.0, "utsu_bval2": 0.0, "utsu_aval": 0.0, "utsu_Minfl": 0.0, "FID_gras26": -1, "Shape_Leng": 642131.89068900002, "Shape_Area": 15772189842.4 }, "geometry": { "type": "Polygon", "coordinates": [ [ [ 26.553192340676851, 36.436615730733557, 0.0 ], [ 26.500000000702926, 36.300000000312842, 0.0 ], [ 25.475041576199477, 35.946822285874418, 0.0 ], [ 23.968596210657687, 35.889101587654139, 0.0 ], [ 24.389000000384943, 36.250999999647206, 0.0 ], [ 24.604621370272213, 36.524425995036452, 0.0 ], [ 26.553192340676851, 36.436615730733557, 0.0 ] ] ] } },
{ "type": "Feature", "properties": { "FID_gras38": -1, "FID_gras24": -1, "FID_gras_1": -1, "FID_eshm20": 199, "ZONE_ID": "GRAS262", "areakm2": 28512.935894400001, "tctCluster": "Shallow Default", "CSZ_ID": "SZ22", "TECTO_ID": "TSZ024", "magScaleRe": "WC1994", "SS": 25.0, "NF": 50.0, "TF": 25.0, "MINDEPTH": 0.0, "MAXDEPTH": 20.0, "HYPODEPTH1": 2.0, "HYPODEPTH2": 10.0, "HYPODEPTH3": 18.0, "WHDEPTH1": 0.1, "WHDEPTH2": 0.4, "WHDEPTH3": 0.5, "WMAXMAG01": 0.5, "WMAXMAG02": 0.4, "WMAXMAG03": 0.1, "MAXMAG01": 7.0, "MAXMAG02": 7.3, "MAXMAG03": 7.6, "STRIKE1": 73.230778, "STRIKE2": 93.897333, "STRIKE3": 245.273667, "STRIKE4": 282.050676, "DIP1": 57.839349, "DIP2": 57.882, "DIP3": 59.106095, "DIP4": 56.867757, "aspRatio": 1.0, "mfd_bin": 0.2, "a_val": 4.0310164069100001, "a_hi": 4.0609645995200001, "a_mid": 4.0309715092999996, "a_lo": 4.00097841908, "sigma_a": 0.063787900473099998, "b_val": 1.07725808806, "b_hi": 1.1144888494, "b_mid": 1.07725808806, "b_lo": 1.04002732672, "sigma_b": 0.0136522735483, "cum_cov_ab": 0.054321, "MCORNERP1": 6.4, "MCORNERP2": 6.6, "MCORNERP3": 6.8, "MAXMAGP1": 6.6, "MAXMAGP2": 6.8, "utsu_bval2": 0.0, "utsu_aval": 0.0, "utsu_Minfl": 0.0, "FID_gras26": -1, "Shape_Leng": 679017.82677000004, "Shape_Area": 22333567979.5 }, "geometry": { "type": "Polygon", "coordinates": [ [ [ 23.486754703678386, 37.299359012739821, 0.0 ], [ 24.644399999948323, 37.15009999947592, 0.0 ], [ 25.024313525411163, 36.905003102848227, 0.0 ], [ 24.751199999798136, 36.710299999807297, 0.0 ], [ 24.389000000384943, 36.250999999647206, 0.0 ], [ 23.968596210657687, 35.889101587654139, 0.0 ], [ 23.547636999776788, 36.508360999735132, 0.0 ], [ 22.969559182123966, 37.477045715207758, 0.0 ], [ 23.486754703678386, 37.299359012739821, 0.0 ] ] ] } },
{ "type": "Feature", "properties": { "FID_gras38": -1, "FID_gras24": -1, "FID_gras_1": -1, "FID_eshm20": 200, "ZONE_ID": "GRAS263", "areakm2": 13176.6422047, "tctCluster": "Shallow Default", "CSZ_ID": "SZ22", "TECTO_ID": "TSZ020", "magScaleRe": "WC1994", "SS": 20.0, "NF": 60.0, "TF": 20.0, "MINDEPTH": 0.0, "MAXDEPTH": 20.0, "HYPODEPTH1": 2.0, "HYPODEPTH2": 10.0, "HYPODEPTH3": 18.0, "WHDEPTH1": 0.1, "WHDEPTH2": 0.4, "WHDEPTH3": 0.5, "WMAXMAG01": 0.5, "WMAXMAG02": 0.4, "WMAXMAG03": 0.1, "MAXMAG01": 7.3, "MAXMAG02": 7.6, "MAXMAG03": 7.9, "STRIKE1": 67.568, "STRIKE2": 116.852962, "STRIKE3": 265.121333, "STRIKE4": 281.646, "DIP1": 69.915, "DIP2": 62.721346, "DIP3": 50.506667, "DIP4": 51.64025, "aspRatio": 1.0, "mfd_bin": 0.2, "a_val": 3.55, "a_hi": 3.61708874742, "a_mid": 3.5501912332900001, "a_lo": 3.4832937191500002, "sigma_a": 0.10343062488099999, "b_val": 0.91, "b_hi": 0.957606132572, "b_mid": 0.91, "b_lo": 0.86239386742799995, "sigma_b": 0.022321683725299999, "cum_cov_ab": 0.054321, "MCORNERP1": 6.4, "MCORNERP2": 6.6, "MCORNERP3": 6.8, "MAXMAGP1": 6.8, "MAXMAGP2": 7.0, "utsu_bval2": 0.0, "utsu_aval": 0.0, "utsu_Minfl": 0.0, "FID_gras26": -1, "Shape_Leng": 627651.75015600002, "Shape_Area": 15372815711.1 }, "geometry": { "type": "Polygon", "coordinates": [ [ [ 22.886375334138187, 40.095075897719084, 0.0 ], [ 23.250000000506539, 39.449999999898765, 0.0 ], [ 21.76211115983995, 39.588372576148807, 0.0 ], [ 21.172135555999272, 39.510597486034271, 0.0 ], [ 21.322610930802284, 39.861923079153549, 0.0 ], [ 21.534881441847688, 39.880961539985485, 0.0 ], [ 21.747151952893056, 39.900000000114687, 0.0 ], [ 21.96843466829592, 39.961071413398386, 0.0 ], [ 22.189717384597113, 40.022142826321272, 0.0 ], [ 22.294024870350555, 40.109156060140371, 0.0 ], [ 22.398332357002293, 40.196169294046683, 0.0 ], [ 22.535806032015973, 40.322119059190804, 0.0 ], [ 22.673279706131289, 40.448068824025398, 0.0 ], [ 22.886375334138187, 40.095075897719084, 0.0 ] ] ] } },
{ "type": "Feature", "properties": { "FID_gras38": -1, "FID_gras24": -1, "FID_gras_1": -1, "FID_eshm20": 201, "ZONE_ID": "GRAS264", "areakm2": 26053.432753500001, "tctCluster": "Shallow Default", "CSZ_ID": "SZ22", "TECTO_ID": "TSZ095", "magScaleRe": "WC1994", "SS": 20.0, "NF": 75.0, "TF": 5.0, "MINDEPTH": 0.0, "MAXDEPTH": 20.0, "HYPODEPTH1": 2.0, "HYPODEPTH2": 10.0, "HYPODEPTH3": 18.0, "WHDEPTH1": 0.1, "WHDEPTH2": 0.4, "WHDEPTH3": 0.5, "WMAXMAG01": 0.5, "WMAXMAG02": 0.4, "WMAXMAG03": 0.1, "MAXMAG01": 6.9, "MAXMAG02": 7.2, "MAXMAG03": 7.5, "STRIKE1": 50.68201, "STRIKE2": 113.109812, "STRIKE3": 244.682748, "STRIKE4": 285.745358, "DIP1": 64.153545, "DIP2": 60.100937, "DIP3": 60.485761, "DIP4": 54.208657, "aspRatio": 1.0, "mfd_bin": 0.2, "a_val": 5.1289, "a_hi": 5.1347274351600003, "a_mid": 5.1288541438299999, "a_lo": 5.1229808524899996, "sigma_a": 0.01, "b_val": 1.193, "b_hi": 1.2248639364, "b_mid": 1.193, "b_lo": 1.1611360636000001, "sigma_b": 0.01, "cum_cov_ab": 0.054321, "MCORNERP1": 6.0, "MCORNERP2": 6.2, "MCORNERP3": 6.4, "MAXMAGP1": 6.4, "MAXMAGP2": 6.6, "utsu_bval2": 0.0, "utsu_aval": 0.0, "utsu_Minfl": 0.0, "FID_gras26": -1, "Shape_Leng": 827780.11451099999, "Shape_Area": 21198241694.099998 }, "geometry": { "type": "Polygon", "coordinates": [ [ [ 27.463306275604442, 36.043084401307041, 0.0 ], [ 26.709058000646706, 35.747821999595004, 0.0 ], [ 26.401917948564577, 35.619844241528206, 0.0 ], [ 25.356299999986664, 35.481499999441084, 0.0 ], [ 24.290499999874129, 35.59860000005073, 0.0 ], [ 23.968596210657687, 35.889101587654139, 0.0 ], [ 25.475041576199477, 35.946822285874418, 0.0 ], [ 26.500000000702926, 36.300000000312842, 0.0 ], [ 27.463306275604442, 36.043084401307041, 0.0 ] ] ] } },
{ "type": "Feature", "properties": { "FID_gras38": -1, "FID_gras24": -1, "FID_gras_1": -1, "FID_eshm20": 202, "ZONE_ID": "GRAS266", "areakm2": 24698.733211399998, "tctCluster": "Shallow Default", "CSZ_ID": "SZ22", "TECTO_ID": "TSZ078", "magScaleRe": "WC1994", "SS": 25.0, "NF": 50.0, "TF": 25.0, "MINDEPTH": 0.0, "MAXDEPTH": 20.0, "HYPODEPTH1": 2.0, "HYPODEPTH2": 10.0, "HYPODEPTH3": 18.0, "WHDEPTH1": 0.1, "WHDEPTH2": 0.4, "WHDEPTH3": 0.5, "WMAXMAG01": 0.5, "WMAXMAG02": 0.4, "WMAXMAG03": 0.1, "MAXMAG01": 7.0, "MAXMAG02": 7.3, "MAXMAG03": 7.6, "STRIKE1": 50.786882, "STRIKE2": 116.653104, "STRIKE3": 248.04414, "STRIKE4": 318.021659, "DIP1": 54.111706, "DIP2": 52.67326, "DIP3": 56.645442, "DIP4": 55.237734, "aspRatio": 1.0, "mfd_bin": 0.2, "a_val": 3.9, "a_hi": 3.9091700216900001, "a_mid": 3.90017509727, "a_lo": 3.89118017286, "sigma_a": 0.035554353839900001, "b_val": 0.85, "b_hi": 0.89030504569299995, "b_mid": 0.85, "b_lo": 0.809694954307, "sigma_b": 0.016, "cum_cov_ab": 0.054321, "MCORNERP1": 6.4, "MCORNERP2": 6.6, "MCORNERP3": 6.8, "MAXMAGP1": 6.8, "MAXMAGP2": 7.0, "utsu_bval2": 0.0, "utsu_aval": 0.0, "utsu_Minfl": 0.0, "FID_gras26": -1, "Shape_Leng": 669206.66587400006, "Shape_Area": 23584285224.0 }, "geometry": { "type": "Polygon", "coordinates": [ [ [ 23.968596210657687, 35.889101587654139, 0.0 ], [ 23.263214688154854, 35.523044639237682, 0.0 ], [ 22.298399999957503, 36.403300000399938, 0.0 ], [ 22.969559182123966, 37.477045715207758, 0.0 ], [ 23.547636999776788, 36.508360999735132, 0.0 ], [ 23.968596210657687, 35.889101587654139, 0.0 ] ] ] } },
{ "type": "Feature", "properties": { "FID_gras38": -1, "FID_gras24": -1, "FID_gras_1": -1, "FID_eshm20": 204, "ZONE_ID": "GRAS268", "areakm2": 90333.484559799996, "tctCluster": "Shallow Default", "CSZ_ID": "SZ32", "TECTO_ID": "TSZ045", "magScaleRe": "WC1994", "SS": 35.0, "NF": 15.0, "TF": 50.0, "MINDEPTH": 0.0, "MAXDEPTH": 50.0, "HYPODEPTH1": 2.0, "HYPODEPTH2": 10.0, "HYPODEPTH3": 18.0, "WHDEPTH1": 0.1, "WHDEPTH2": 0.4, "WHDEPTH3": 0.5, "WMAXMAG01": 0.5, "WMAXMAG02": 0.4, "WMAXMAG03": 0.1, "MAXMAG01": 6.9, "MAXMAG02": 7.2, "MAXMAG03": 7.5, "STRIKE1": 0.0, "STRIKE2": 0.0, "STRIKE3": 0.0, "STRIKE4": 0.0, "DIP1": 89.99, "DIP2": 0.0, "DIP3": 0.0, "DIP4": 0.0, "aspRatio": 1.0, "mfd_bin": 0.2, "a_val": 6.1094689839400003, "a_hi": 6.1191941187800003, "a_mid": 6.1093778741499998, "a_lo": 6.0995616295200001, "sigma_a": 0.0424285184082, "b_val": 1.18680541228, "b_hi": 1.2167327884900001, "b_mid": 1.18680541228, "b_lo": 1.1568780360699999, "sigma_b": 0.0088214186425899996, "cum_cov_ab": 0.054321, "MCORNERP1": 6.3, "MCORNERP2": 6.5, "MCORNERP3": 6.7, "MAXMAGP1": 6.8, "MAXMAGP2": 7.0, "utsu_bval2": 0.0, "utsu_aval": 0.0, "utsu_Minfl": 0.0, "FID_gras26": -1, "Shape_Leng": 2673317.7594300001, "Shape_Area": 193287847752.0 }, "geometry": { "type": "Polygon", "coordinates": [ [ [ 31.861582487712152, 35.452617442407124, 0.0 ], [ 31.106412946413119, 34.750741753211621, 0.0 ], [ 28.795728448424526, 34.409687448203634, 0.0 ], [ 27.385465406604297, 33.358604827597048, 0.0 ], [ 25.734912958055904, 33.127124911014214, 0.0 ], [ 23.238955596770623, 33.418990892104809, 0.0 ], [ 21.920526506284084, 34.012787200460586, 0.0 ], [ 22.701524926061737, 34.844384237335518, 0.0 ], [ 22.883008895814324, 35.037626025802751, 0.0 ], [ 23.064492866465237, 35.230867814385405, 0.0 ], [ 23.779885467819202, 34.804635853518327, 0.0 ], [ 25.057869553860289, 34.632966349502446, 0.0 ], [ 26.793638985817427, 34.852321826987158, 0.0 ], [ 27.104245001472044, 35.024329629059864, 0.0 ], [ 28.08472592733877, 35.567301629457489, 0.0 ], [ 28.544366420979014, 35.82184193820931, 0.0 ], [ 28.627551688302905, 35.232568739812358, 0.0 ], [ 30.391929326040614, 35.675205298024245, 0.0 ], [ 32.011496088475845, 36.051851234663104, 0.0 ], [ 31.861582487712152, 35.452617442407124, 0.0 ] ] ] } },
{ "type": "Feature", "properties": { "FID_gras38": -1, "FID_gras24": -1, "FID_gras_1": -1, "FID_eshm20": 205, "ZONE_ID": "GRAS269", "areakm2": 7864.2700449399999, "tctCluster": "Shallow Default", "CSZ_ID": "SZ22", "TECTO_ID": "TSZ034", "magScaleRe": "WC1994", "SS": 20.0, "NF": 75.0, "TF": 5.0, "MINDEPTH": 0.0, "MAXDEPTH": 20.0, "HYPODEPTH1": 2.0, "HYPODEPTH2": 10.0, "HYPODEPTH3": 18.0, "WHDEPTH1": 0.1, "WHDEPTH2": 0.4, "WHDEPTH3": 0.5, "WMAXMAG01": 0.5, "WMAXMAG02": 0.4, "WMAXMAG03": 0.1, "MAXMAG01": 7.0, "MAXMAG02": 7.3, "MAXMAG03": 7.6, "STRIKE1": 52.101163, "STRIKE2": 147.945, "STRIKE3": 0.0, "STRIKE4": 0.0, "DIP1": 68.917326, "DIP2": 63.577632, "DIP3": 0.0, "DIP4": 0.0, "aspRatio": 1.0, "mfd_bin": 0.2, "a_val": 3.9144494701700001, "a_hi": 3.9580041335599998, "a_mid": 3.9146380492200001, "a_lo": 3.87127196487, "sigma_a": 0.092028126057999995, "b_val": 0.95083843723999995, "b_hi": 0.99538046245099998, "b_mid": 0.95083843723999995, "b_lo": 0.90629641203, "sigma_b": 0.0195407426781, "cum_cov_ab": 0.054321, "MCORNERP1": 6.1, "MCORNERP2": 6.3, "MCORNERP3": 6.5, "MAXMAGP1": 6.4, "MAXMAGP2": 6.6, "utsu_bval2": 0.0, "utsu_aval": 0.0, "utsu_Minfl": 0.0, "FID_gras26": -1, "Shape_Leng": 553312.21324499999, "Shape_Area": 15922233625.9 }, "geometry": { "type": "MultiPolygon", "coordinates": [ [ [ [ 26.005158945399373, 38.876739788675678, 0.0 ], [ 25.471428010442636, 38.097446231942655, 0.0 ], [ 24.155451245223254, 38.166447493447137, 0.0 ], [ 24.302705129365094, 38.279927847481183, 0.0 ], [ 24.449959014405227, 38.393408200941927, 0.0 ], [ 25.47874909854853, 39.186239328332142, 0.0 ], [ 26.005158945399373, 38.876739788675678, 0.0 ] ] ], [ [ [ 24.449959014405227, 38.393408200941927, 0.0 ], [ 24.449257608034774, 38.394121618263426, 0.0 ], [ 24.449258147023933, 38.394122035067589, 0.0 ], [ 24.449959014405227, 38.393408200941927, 0.0 ] ] ] ] } },
{ "type": "Feature", "properties": { "FID_gras38": -1, "FID_gras24": -1, "FID_gras_1": -1, "FID_eshm20": 206, "ZONE_ID": "GRAS270", "areakm2": 5817.7411368200001, "tctCluster": "Shallow Default", "CSZ_ID": "SZ22", "TECTO_ID": "TSZ020", "magScaleRe": "WC1994", "SS": 20.0, "NF": 60.0, "TF": 20.0, "MINDEPTH": 0.0, "MAXDEPTH": 20.0, "HYPODEPTH1": 2.0, "HYPODEPTH2": 10.0, "HYPODEPTH3": 18.0, "WHDEPTH1": 0.1, "WHDEPTH2": 0.4, "WHDEPTH3": 0.5, "WMAXMAG01": 0.5, "WMAXMAG02": 0.4, "WMAXMAG03": 0.1, "MAXMAG01": 7.3, "MAXMAG02": 7.6, "MAXMAG03": 7.9, "STRIKE1": 53.254556, "STRIKE2": 101.62625, "STRIKE3": 228.099333, "STRIKE4": 286.981, "DIP1": 53.563968, "DIP2": 51.35975, "DIP3": 51.852293, "DIP4": 48.603615, "aspRatio": 1.0, "mfd_bin": 0.2, "a_val": 4.15, "a_hi": 4.2165244129300001, "a_mid": 4.1501620251000002, "a_lo": 4.0837996372700003, "sigma_a": 0.12601852180600001, "b_val": 1.07, "b_hi": 1.12499323675, "b_mid": 1.07, "b_lo": 1.0150067632499999, "sigma_b": 0.0297865161294, "cum_cov_ab": 0.054321, "MCORNERP1": 6.4, "MCORNERP2": 6.6, "MCORNERP3": 6.8, "MAXMAGP1": 6.6, "MAXMAGP2": 6.8, "utsu_bval2": 0.0, "utsu_aval": 0.0, "utsu_Minfl": 0.0, "FID_gras26": -1, "Shape_Leng": 354190.64470499998, "Shape_Area": 7663333736.04 }, "geometry": { "type": "Polygon", "coordinates": [ [ [ 21.882063330882474, 40.873700774104762, 0.0 ], [ 22.111656647541313, 40.68244839872866, 0.0 ], [ 21.909458769706951, 40.490631054488617, 0.0 ], [ 21.454098485189153, 40.323096285163651, 0.0 ], [ 21.148303561430346, 40.211456867494491, 0.0 ], [ 21.059999999943045, 40.389999999552913, 0.0 ], [ 21.0774748022992, 40.72764136947761, 0.0 ], [ 21.27417300082638, 40.749916999727745, 0.0 ], [ 21.533782999884561, 40.98180999991115, 0.0 ], [ 21.707923164934353, 40.927755387428213, 0.0 ], [ 21.882063330882474, 40.873700774104762, 0.0 ] ] ] } },
{ "type": "Feature", "properties": { "FID_gras38": -1, "FID_gras24": -1, "FID_gras_1": -1, "FID_eshm20": 208, "ZONE_ID": "GRAS272", "areakm2": 17653.548176699998, "tctCluster": "Shallow Default", "CSZ_ID": "SZ22", "TECTO_ID": "TSZ079", "magScaleRe": "WC1994", "SS": 20.0, "NF": 60.0, "TF": 20.0, "MINDEPTH": 0.0, "MAXDEPTH": 20.0, "HYPODEPTH1": 2.0, "HYPODEPTH2": 10.0, "HYPODEPTH3": 18.0, "WHDEPTH1": 0.1, "WHDEPTH2": 0.4, "WHDEPTH3": 0.5, "WMAXMAG01": 0.5, "WMAXMAG02": 0.4, "WMAXMAG03": 0.1, "MAXMAG01": 7.3, "MAXMAG02": 7.6, "MAXMAG03": 7.8, "STRIKE1": 84.6065, "STRIKE2": 100.107471, "STRIKE3": 244.593526, "STRIKE4": 290.959553, "DIP1": 50.405675, "DIP2": 54.044265, "DIP3": 55.690421, "DIP4": 50.027298, "aspRatio": 1.0, "mfd_bin": 0.2, "a_val": 4.1, "a_hi": 4.1208398620700004, "a_mid": 4.0996827511199996, "a_lo": 4.0785256401799996, "sigma_a": 0.058383676901700002, "b_val": 0.97, "b_hi": 1.0139214052700001, "b_mid": 0.97, "b_lo": 0.92607859472800003, "sigma_b": 0.019, "cum_cov_ab": 0.054321, "MCORNERP1": 7.1, "MCORNERP2": 7.3, "MCORNERP3": 7.5, "MAXMAGP1": 7.4, "MAXMAGP2": 7.4, "utsu_bval2": 0.0, "utsu_aval": 0.0, "utsu_Minfl": 0.0, "FID_gras26": -1, "Shape_Leng": 628895.63445100002, "Shape_Area": 17414924514.700001 }, "geometry": { "type": "Polygon", "coordinates": [ [ [ 23.250000000506539, 39.449999999898765, 0.0 ], [ 23.428100000414204, 39.09979999941752, 0.0 ], [ 21.500000000400803, 39.000000000138861, 0.0 ], [ 20.98230000025417, 39.061999999485124, 0.0 ], [ 21.172135555999272, 39.510597486034271, 0.0 ], [ 21.76211115983995, 39.588372576148807, 0.0 ], [ 23.250000000506539, 39.449999999898765, 0.0 ] ] ] } },
{ "type": "Feature", "properties": { "FID_gras38": -1, "FID_gras24": -1, "FID_gras_1": -1, "FID_eshm20": 210, "ZONE_ID": "HRAS273", "areakm2": 7983.70686673, "tctCluster": "Shallow Default", "CSZ_ID": "SZ34", "TECTO_ID": "TSZ055", "magScaleRe": "WC1994", "SS": 20.0, "NF": 60.0, "TF": 20.0, "MINDEPTH": 0.0, "MAXDEPTH": 12.0, "HYPODEPTH1": 2.0, "HYPODEPTH2": 8.0, "HYPODEPTH3": 10.0, "WHDEPTH1": 0.1, "WHDEPTH2": 0.4, "WHDEPTH3": 0.5, "WMAXMAG01": 0.5, "WMAXMAG02": 0.4, "WMAXMAG03": 0.1, "MAXMAG01": 6.9, "MAXMAG02": 7.2, "MAXMAG03": 7.5, "STRIKE1": 69.033586, "STRIKE2": 0.0, "STRIKE3": 240.543306, "STRIKE4": 325.751714, "DIP1": 57.59681, "DIP2": 0.0, "DIP3": 72.812694, "DIP4": 62.402, "aspRatio": 1.0, "mfd_bin": 0.2, "a_val": 3.4993, "a_hi": 3.52604348271, "a_mid": 3.4993867384500001, "a_lo": 3.4727299941799998, "sigma_a": 0.058047210647899999, "b_val": 0.912, "b_hi": 0.94702225163999998, "b_mid": 0.912, "b_lo": 0.87697774835999998, "sigma_b": 0.0120806214374, "cum_cov_ab": 0.054321, "MCORNERP1": 6.0, "MCORNERP2": 6.2, "MCORNERP3": 6.4, "MAXMAGP1": 6.4, "MAXMAGP2": 6.6, "utsu_bval2": 0.0, "utsu_aval": 0.0, "utsu_Minfl": 0.0, "FID_gras26": -1, "Shape_Leng": 511881.46593000001, "Shape_Area": 11487397924.6 }, "geometry": { "type": "Polygon", "coordinates": [ [ [ 16.725284999349828, 46.212522999492471, 0.0 ], [ 16.430458000356918, 45.951520999708556, 0.0 ], [ 16.023015000242683, 45.744847000106525, 0.0 ], [ 15.507260999834795, 45.479045999223331, 0.0 ], [ 15.024189000342236, 45.779120999478884, 0.0 ], [ 16.056195152915667, 46.195564212194995, 0.0 ], [ 16.489633999573741, 46.51684300009638, 0.0 ], [ 16.725284999349828, 46.212522999492471, 0.0 ] ] ] } },
{ "type": "Feature", "properties": { "FID_gras38": -1, "FID_gras24": -1, "FID_gras_1": -1, "FID_eshm20": 211, "ZONE_ID": "HRAS274", "areakm2": 11087.386118300001, "tctCluster": "Shallow Default", "CSZ_ID": "SZ34", "TECTO_ID": "TSZ105", "magScaleRe": "WC1994", "SS": 20.0, "NF": 60.0, "TF": 20.0, "MINDEPTH": 5.0, "MAXDEPTH": 26.0, "HYPODEPTH1": 6.0, "HYPODEPTH2": 10.0, "HYPODEPTH3": 18.0, "WHDEPTH1": 0.1, "WHDEPTH2": 0.4, "WHDEPTH3": 0.5, "WMAXMAG01": 0.5, "WMAXMAG02": 0.4, "WMAXMAG03": 0.1, "MAXMAG01": 6.3, "MAXMAG02": 6.6, "MAXMAG03": 6.9, "STRIKE1": 80.4448, "STRIKE2": 117.13175, "STRIKE3": 0.0, "STRIKE4": 286.558, "DIP1": 62.269657, "DIP2": 67.172103, "DIP3": 0.0, "DIP4": 75.593, "aspRatio": 1.0, "mfd_bin": 0.2, "a_val": 2.11, "a_hi": 2.1193250153799998, "a_mid": 2.11035068821, "a_lo": 2.1013763610499998, "sigma_a": 0.02, "b_val": 0.85, "b_hi": 0.88186393639600003, "b_mid": 0.85, "b_lo": 0.81813606360400004, "sigma_b": 0.01, "cum_cov_ab": 0.054321, "MCORNERP1": 6.0, "MCORNERP2": 6.2, "MCORNERP3": 6.4, "MAXMAGP1": 6.2, "MAXMAGP2": 6.4, "utsu_bval2": 0.0, "utsu_aval": 0.0, "utsu_Minfl": 0.0, "FID_gras26": -1, "Shape_Leng": 764193.35627600003, "Shape_Area": 15954565539.6 }, "geometry": { "type": "Polygon", "coordinates": [ [ [ 19.154987336043803, 45.996116637307722, 0.0 ], [ 18.685268000037279, 45.408116000180627, 0.0 ], [ 17.637788665833892, 45.802438553873344, 0.0 ], [ 17.346261999939706, 45.9436130003348, 0.0 ], [ 16.725284999349828, 46.212522999492471, 0.0 ], [ 16.489633999573741, 46.51684300009638, 0.0 ], [ 17.025988999713658, 46.577969999980219, 0.0 ], [ 17.729152999496595, 46.095076999873577, 0.0 ], [ 18.094482999752543, 45.850179000249298, 0.0 ], [ 19.154987336043803, 45.996116637307722, 0.0 ] ] ] } },
{ "type": "Feature", "properties": { "FID_gras38": -1, "FID_gras24": -1, "FID_gras_1": -1, "FID_eshm20": 212, "ZONE_ID": "HRAS275", "areakm2": 24473.593236500001, "tctCluster": "Shallow Default", "CSZ_ID": "SZ34", "TECTO_ID": "TSZ058", "magScaleRe": "WC1994", "SS": 30.0, "NF": 5.0, "TF": 65.0, "MINDEPTH": 0.0, "MAXDEPTH": 20.0, "HYPODEPTH1": 2.0, "HYPODEPTH2": 10.0, "HYPODEPTH3": 18.0, "WHDEPTH1": 0.1, "WHDEPTH2": 0.4, "WHDEPTH3": 0.5, "WMAXMAG01": 0.5, "WMAXMAG02": 0.4, "WMAXMAG03": 0.1, "MAXMAG01": 6.9, "MAXMAG02": 7.2, "MAXMAG03": 7.5, "STRIKE1": 0.0, "STRIKE2": 0.0, "STRIKE3": 0.0, "STRIKE4": 317.224152, "DIP1": 89.99, "DIP2": 0.0, "DIP3": 0.0, "DIP4": 36.830488, "aspRatio": 1.0, "mfd_bin": 0.2, "a_val": 3.95, "a_hi": 3.97386919169, "a_mid": 3.9497578092099999, "a_lo": 3.9256464267200002, "sigma_a": 0.061160526199699999, "b_val": 1.0, "b_hi": 1.04274995669, "b_mid": 1.0, "b_lo": 0.95725004331200003, "sigma_b": 0.018, "cum_cov_ab": 0.054321, "MCORNERP1": 6.5, "MCORNERP2": 6.7, "MCORNERP3": 6.9, "MAXMAGP1": 6.8, "MAXMAGP2": 7.0, "utsu_bval2": 0.0, "utsu_aval": 0.0, "utsu_Minfl": 0.0, "FID_gras26": -1, "Shape_Leng": 1318815.7604199999, "Shape_Area": 43788674341.0 }, "geometry": { "type": "Polygon", "coordinates": [ [ [ 14.472861289780091, 44.740501404298136, 0.0 ], [ 15.080546379946604, 44.268531799074033, 0.0 ], [ 15.817869186717463, 43.742298125498976, 0.0 ], [ 15.901231766207109, 43.700061797560934, 0.0 ], [ 16.844384999767733, 43.504133000138651, 0.0 ], [ 17.346627228883083, 43.223155736594862, 0.0 ], [ 18.439796110027075, 42.635819042761653, 0.0 ], [ 17.831939023026369, 42.42505974325595, 0.0 ], [ 17.509590149129373, 42.449897765401218, 0.0 ], [ 17.004235758814467, 42.676423364998378, 0.0 ], [ 15.81089210485635, 43.19795608437952, 0.0 ], [ 13.755765319154053, 44.632510678866957, 0.0 ], [ 14.040059000112139, 44.921091999922702, 0.0 ], [ 14.472861289780091, 44.740501404298136, 0.0 ] ] ] } },
{ "type": "Feature", "properties": { "FID_gras38": -1, "FID_gras24": -1, "FID_gras_1": -1, "FID_eshm20": 213, "ZONE_ID": "HRAS276", "areakm2": 29771.5583467, "tctCluster": "Shallow Default", "CSZ_ID": "SZ34", "TECTO_ID": "TSZ028", "magScaleRe": "WC1994", "SS": 20.0, "NF": 60.0, "TF": 20.0, "MINDEPTH": 0.0, "MAXDEPTH": 16.0, "HYPODEPTH1": 2.0, "HYPODEPTH2": 10.0, "HYPODEPTH3": 14.0, "WHDEPTH1": 0.1, "WHDEPTH2": 0.4, "WHDEPTH3": 0.5, "WMAXMAG01": 0.5, "WMAXMAG02": 0.4, "WMAXMAG03": 0.1, "MAXMAG01": 6.9, "MAXMAG02": 7.2, "MAXMAG03": 7.5, "STRIKE1": 67.803889, "STRIKE2": 114.196, "STRIKE3": 0.0, "STRIKE4": 299.754299, "DIP1": 57.578222, "DIP2": 67.171, "DIP3": 0.0, "DIP4": 63.684577, "aspRatio": 1.0, "mfd_bin": 0.2, "a_val": 2.95, "a_hi": 3.00147932944, "a_mid": 2.9499718654199998, "a_lo": 2.8984644014100001, "sigma_a": 0.092652749107200005, "b_val": 0.83, "b_hi": 0.87478022529300004, "b_mid": 0.83, "b_lo": 0.785219774707, "sigma_b": 0.019750299938099999, "cum_cov_ab": 0.054321, "MCORNERP1": 6.5, "MCORNERP2": 6.7, "MCORNERP3": 6.9, "MAXMAGP1": 6.8, "MAXMAGP2": 7.0, "utsu_bval2": 0.0, "utsu_aval": 0.0, "utsu_Minfl": 0.0, "FID_gras26": -1, "Shape_Leng": 883928.76105800003, "Shape_Area": 42422293363.800003 }, "geometry": { "type": "Polygon", "coordinates": [ [ [ 18.685268000037279, 45.408116000180627, 0.0 ], [ 18.322050000099715, 45.10255599970273, 0.0 ], [ 18.033729000144699, 45.102489999647908, 0.0 ], [ 17.659032000519904, 45.045928000173575, 0.0 ], [ 17.320049999873884, 44.661517999131576, 0.0 ], [ 16.963222000419918, 44.754501999398784, 0.0 ], [ 16.34571799990616, 45.027914000039921, 0.0 ], [ 15.748152058614425, 45.335192408116455, 0.0 ], [ 15.507260999834795, 45.479045999223331, 0.0 ], [ 16.023015000242683, 45.744847000106525, 0.0 ], [ 16.430458000356918, 45.951520999708556, 0.0 ], [ 16.725284999349828, 46.212522999492471, 0.0 ], [ 17.346261999939706, 45.9436130003348, 0.0 ], [ 17.637788665833892, 45.802438553873344, 0.0 ], [ 18.685268000037279, 45.408116000180627, 0.0 ] ] ] } },
{ "type": "Feature", "properties": { "FID_gras38": -1, "FID_gras24": -1, "FID_gras_1": -1, "FID_eshm20": 214, "ZONE_ID": "HRAS278", "areakm2": 54973.4914212, "tctCluster": "Shallow Default", "CSZ_ID": "SZ39", "TECTO_ID": "TSZ019", "magScaleRe": "WC1994", "SS": 40.0, "NF": 10.0, "TF": 50.0, "MINDEPTH": 0.0, "MAXDEPTH": 30.0, "HYPODEPTH1": 2.0, "HYPODEPTH2": 10.0, "HYPODEPTH3": 18.0, "WHDEPTH1": 0.1, "WHDEPTH2": 0.4, "WHDEPTH3": 0.5, "WMAXMAG01": 0.5, "WMAXMAG02": 0.4, "WMAXMAG03": 0.1, "MAXMAG01": 6.9, "MAXMAG02": 7.2, "MAXMAG03": 7.5, "STRIKE1": 0.0, "STRIKE2": 0.0, "STRIKE3": 260.687222, "STRIKE4": 301.812138, "DIP1": 49.385333, "DIP2": 0.0, "DIP3": 49.385333, "DIP4": 43.702027, "aspRatio": 1.0, "mfd_bin": 0.2, "a_val": 3.67, "a_hi": 3.7377747675899999, "a_mid": 3.6697822115899998, "a_lo": 3.6017896555900002, "sigma_a": 0.13559171359700001, "b_val": 1.0, "b_hi": 1.0550026404, "b_mid": 1.0, "b_lo": 0.94499735959599995, "sigma_b": 0.029796703788399999, "cum_cov_ab": 0.054321, "MCORNERP1": 6.0, "MCORNERP2": 6.2, "MCORNERP3": 6.4, "MAXMAGP1": 6.4, "MAXMAGP2": 6.4, "utsu_bval2": 0.0, "utsu_aval": 0.0, "utsu_Minfl": 0.0, "FID_gras26": -1, "Shape_Leng": 1427339.37155, "Shape_Area": 75248981837.899994 }, "geometry": { "type": "Polygon", "coordinates": [ [ [ 15.81089210485635, 43.19795608437952, 0.0 ], [ 17.509590149129373, 42.449897765401218, 0.0 ], [ 17.83193400054563, 42.425057999301004, 0.0 ], [ 17.831939023026369, 42.42505974325595, 0.0 ], [ 17.831981658866376, 42.425056457591801, 0.0 ], [ 17.601276856706523, 41.872998307616747, 0.0 ], [ 17.030021667279769, 41.927883148173038, 0.0 ], [ 16.035406171727292, 42.173574666691295, 0.0 ], [ 14.450650215309842, 42.38622665406649, 0.0 ], [ 14.108102150920868, 43.246923078302515, 0.0 ], [ 13.558157000581595, 43.948586000009726, 0.0 ], [ 13.247393000014576, 44.055724999351284, 0.0 ], [ 13.353699000119951, 44.241527999906459, 0.0 ], [ 13.755765319154053, 44.632510678866957, 0.0 ], [ 15.81089210485635, 43.19795608437952, 0.0 ] ] ] } },
{ "type": "Feature", "properties": { "FID_gras38": -1, "FID_gras24": -1, "FID_gras_1": -1, "FID_eshm20": 215, "ZONE_ID": "HUAS280", "areakm2": 16153.8589445, "tctCluster": "Shallow Default", "CSZ_ID": "SZ12", "TECTO_ID": "TSZ088", "magScaleRe": "WC1994", "SS": 70.0, "NF": 0.0, "TF": 30.0, "MINDEPTH": 5.0, "MAXDEPTH": 26.0, "HYPODEPTH1": 6.0, "HYPODEPTH2": 10.0, "HYPODEPTH3": 18.0, "WHDEPTH1": 0.1, "WHDEPTH2": 0.4, "WHDEPTH3": 0.5, "WMAXMAG01": 0.5, "WMAXMAG02": 0.4, "WMAXMAG03": 0.1, "MAXMAG01": 6.9, "MAXMAG02": 7.2, "MAXMAG03": 7.5, "STRIKE1": 0.0, "STRIKE2": 159.414417, "STRIKE3": 0.0, "STRIKE4": 323.8359, "DIP1": 67.255, "DIP2": 67.255, "DIP3": 0.0, "DIP4": 67.3516, "aspRatio": 1.0, "mfd_bin": 0.2, "a_val": 2.1654101581199998, "a_hi": 2.26381194401, "a_mid": 2.1652727233700002, "a_lo": 2.06673350273, "sigma_a": 0.14679095851400001, "b_val": 1.0227396050899999, "b_hi": 1.07874417783, "b_mid": 1.0227396050899999, "b_lo": 0.96673503234299996, "sigma_b": 0.030892149201300002, "cum_cov_ab": 0.054321, "MCORNERP1": 6.0, "MCORNERP2": 6.2, "MCORNERP3": 6.4, "MAXMAGP1": 5.6, "MAXMAGP2": 5.6, "utsu_bval2": 0.0, "utsu_aval": 0.0, "utsu_Minfl": 0.0, "FID_gras26": -1, "Shape_Leng": 649929.71040400001, "Shape_Area": 23756306500.400002 }, "geometry": { "type": "Polygon", "coordinates": [ [ [ 16.898404235367444, 46.939114359084464, 0.0 ], [ 15.472111436428442, 46.705869420654935, 0.0 ], [ 15.231042837311026, 46.582502361587551, 0.0 ], [ 15.150233636371492, 46.691175109615074, 0.0 ], [ 14.849501999337964, 47.095600999785781, 0.0 ], [ 15.129370999618041, 47.260903999911982, 0.0 ], [ 15.502274445404455, 47.434260354363786, 0.0 ], [ 16.059111955693751, 47.581813681994845, 0.0 ], [ 16.509797124503653, 47.766200076668227, 0.0 ], [ 16.898404235367444, 46.939114359084464, 0.0 ] ] ] } },
{ "type": "Feature", "properties": { "FID_gras38": -1, "FID_gras24": -1, "FID_gras_1": -1, "FID_eshm20": 216, "ZONE_ID": "HUAS281", "areakm2": 6245.0332324700003, "tctCluster": "Shallow Default", "CSZ_ID": "SZ07", "TECTO_ID": "TSZ105", "magScaleRe": "WC1994", "SS": 70.0, "NF": 0.0, "TF": 30.0, "MINDEPTH": 5.0, "MAXDEPTH": 26.0, "HYPODEPTH1": 6.0, "HYPODEPTH2": 10.0, "HYPODEPTH3": 18.0, "WHDEPTH1": 0.1, "WHDEPTH2": 0.4, "WHDEPTH3": 0.5, "WMAXMAG01": 0.5, "WMAXMAG02": 0.4, "WMAXMAG03": 0.1, "MAXMAG01": 6.3, "MAXMAG02": 6.6, "MAXMAG03": 6.9, "STRIKE1": 0.0, "STRIKE2": 159.414417, "STRIKE3": 0.0, "STRIKE4": 323.8359, "DIP1": 67.255, "DIP2": 67.255, "DIP3": 0.0, "DIP4": 67.3516, "aspRatio": 1.0, "mfd_bin": 0.2, "a_val": 1.36268122502, "a_hi": 1.4300607787399999, "a_mid": 1.36266136133, "a_lo": 1.2952619439199999, "sigma_a": 0.27702665888799999, "b_val": 0.85037634034599996, "b_hi": 0.93220693787800002, "b_mid": 0.85037634034599996, "b_lo": 0.76854574281300003, "sigma_b": 0.065952701864, "cum_cov_ab": 0.054321, "MCORNERP1": 6.0, "MCORNERP2": 6.2, "MCORNERP3": 6.4, "MAXMAGP1": 5.8, "MAXMAGP2": 5.8, "utsu_bval2": 0.0, "utsu_aval": 0.0, "utsu_Minfl": 0.0, "FID_gras26": -1, "Shape_Leng": 481495.616255, "Shape_Area": 9153864329.3899994 }, "geometry": { "type": "Polygon", "coordinates": [ [ [ 17.802483999681982, 46.962189999380584, 0.0 ], [ 17.025988999713658, 46.577969999980219, 0.0 ], [ 16.489633999573741, 46.51684300009638, 0.0 ], [ 16.898404235367444, 46.939114359084464, 0.0 ], [ 17.907174000659847, 47.49243000024768, 0.0 ], [ 17.802483999681982, 46.962189999380584, 0.0 ] ] ] } },
{ "type": "Feature", "properties": { "FID_gras38": -1, "FID_gras24": -1, "FID_gras_1": -1, "FID_eshm20": 217, "ZONE_ID": "HUAS282", "areakm2": 9309.5091357900001, "tctCluster": "Shallow Default", "CSZ_ID": "SZ07", "TECTO_ID": "TSZ105", "magScaleRe": "WC1994", "SS": 30.0, "NF": 30.0, "TF": 40.0, "MINDEPTH": 5.0, "MAXDEPTH": 26.0, "HYPODEPTH1": 6.0, "HYPODEPTH2": 10.0, "HYPODEPTH3": 18.0, "WHDEPTH1": 0.1, "WHDEPTH2": 0.4, "WHDEPTH3": 0.5, "WMAXMAG01": 0.5, "WMAXMAG02": 0.4, "WMAXMAG03": 0.1, "MAXMAG01": 6.3, "MAXMAG02": 6.6, "MAXMAG03": 6.9, "STRIKE1": 0.0, "STRIKE2": 0.0, "STRIKE3": 0.0, "STRIKE4": 0.0, "DIP1": 89.99, "DIP2": 0.0, "DIP3": 0.0, "DIP4": 0.0, "aspRatio": 1.0, "mfd_bin": 0.2, "a_val": 2.666, "a_hi": 2.7207444871400002, "a_mid": 2.6661264236400002, "a_lo": 2.6115083601400002, "sigma_a": 0.105894437893, "b_val": 0.84, "b_hi": 0.88760672440599997, "b_mid": 0.84, "b_lo": 0.79239327559399997, "sigma_b": 0.022322238730599998, "cum_cov_ab": 0.054321, "MCORNERP1": 6.0, "MCORNERP2": 6.2, "MCORNERP3": 6.4, "MAXMAGP1": 6.4, "MAXMAGP2": 6.4, "utsu_bval2": 0.0, "utsu_aval": 0.0, "utsu_Minfl": 0.0, "FID_gras26": -1, "Shape_Leng": 541027.34996100003, "Shape_Area": 13771138795.799999 }, "geometry": { "type": "Polygon", "coordinates": [ [ [ 18.558496999744015, 47.645827999992228, 0.0 ], [ 18.426536999789661, 46.799296999596969, 0.0 ], [ 17.802483999681982, 46.962189999380584, 0.0 ], [ 17.907174000659847, 47.49243000024768, 0.0 ], [ 18.015163999664818, 48.039378999483013, 0.0 ], [ 18.633289000144561, 48.113894999800046, 0.0 ], [ 18.558496999744015, 47.645827999992228, 0.0 ] ] ] } },
{ "type": "Feature", "properties": { "FID_gras38": -1, "FID_gras24": -1, "FID_gras_1": -1, "FID_eshm20": 218, "ZONE_ID": "HUAS283", "areakm2": 17615.843363200001, "tctCluster": "Shallow Default", "CSZ_ID": "SZ07", "TECTO_ID": "TSZ105", "magScaleRe": "WC1994", "SS": 30.0, "NF": 30.0, "TF": 40.0, "MINDEPTH": 5.0, "MAXDEPTH": 26.0, "HYPODEPTH1": 6.0, "HYPODEPTH2": 10.0, "HYPODEPTH3": 18.0, "WHDEPTH1": 0.1, "WHDEPTH2": 0.4, "WHDEPTH3": 0.5, "WMAXMAG01": 0.5, "WMAXMAG02": 0.4, "WMAXMAG03": 0.1, "MAXMAG01": 6.3, "MAXMAG02": 6.6, "MAXMAG03": 6.9, "STRIKE1": 0.0, "STRIKE2": 0.0, "STRIKE3": 0.0, "STRIKE4": 0.0, "DIP1": 89.99, "DIP2": 0.0, "DIP3": 0.0, "DIP4": 0.0, "aspRatio": 1.0, "mfd_bin": 0.2, "a_val": 2.1030439145200002, "a_hi": 2.1707847242199998, "a_mid": 2.1032637976699999, "a_lo": 2.0357428711200001, "sigma_a": 0.27702665888799999, "b_val": 0.85037634034599996, "b_hi": 0.93220693787800002, "b_mid": 0.85037634034599996, "b_lo": 0.76854574281300003, "sigma_b": 0.065952701864, "cum_cov_ab": 0.054321, "MCORNERP1": 6.0, "MCORNERP2": 6.2, "MCORNERP3": 6.4, "MAXMAGP1": 6.2, "MAXMAGP2": 6.4, "utsu_bval2": 0.0, "utsu_aval": 0.0, "utsu_Minfl": 0.0, "FID_gras26": -1, "Shape_Leng": 770571.11518600001, "Shape_Area": 26324164671.900002 }, "geometry": { "type": "Polygon", "coordinates": [ [ [ 21.40637999975462, 48.312163000353365, 0.0 ], [ 21.379778999526362, 48.011817000402722, 0.0 ], [ 21.032343000453896, 47.783049999301078, 0.0 ], [ 18.558496999744015, 47.645827999992228, 0.0 ], [ 18.633289000144561, 48.113894999800046, 0.0 ], [ 20.652118000335964, 48.331816000134594, 0.0 ], [ 21.40637999975462, 48.312163000353365, 0.0 ] ] ] } },
{ "type": "Feature", "properties": { "FID_gras38": -1, "FID_gras24": -1, "FID_gras_1": -1, "FID_eshm20": 219, "ZONE_ID": "HUAS284", "areakm2": 56164.041138200002, "tctCluster": "Shallow Default", "CSZ_ID": "SZ07", "TECTO_ID": "TSZ105", "magScaleRe": "WC1994", "SS": 70.0, "NF": 0.0, "TF": 30.0, "MINDEPTH": 5.0, "MAXDEPTH": 26.0, "HYPODEPTH1": 6.0, "HYPODEPTH2": 10.0, "HYPODEPTH3": 18.0, "WHDEPTH1": 0.1, "WHDEPTH2": 0.4, "WHDEPTH3": 0.5, "WMAXMAG01": 0.5, "WMAXMAG02": 0.4, "WMAXMAG03": 0.1, "MAXMAG01": 6.3, "MAXMAG02": 6.6, "MAXMAG03": 6.9, "STRIKE1": 0.0, "STRIKE2": 0.0, "STRIKE3": 0.0, "STRIKE4": 0.0, "DIP1": 89.99, "DIP2": 0.0, "DIP3": 0.0, "DIP4": 0.0, "aspRatio": 1.0, "mfd_bin": 0.2, "a_val": 2.0, "a_hi": 2.0091609310599998, "a_mid": 2.0002158404800001, "a_lo": 1.99127074989, "sigma_a": 0.02, "b_val": 0.85, "b_hi": 0.88186393639600003, "b_mid": 0.85, "b_lo": 0.81813606360400004, "sigma_b": 0.01, "cum_cov_ab": 0.054321, "MCORNERP1": 6.0, "MCORNERP2": 6.2, "MCORNERP3": 6.4, "MAXMAGP1": 6.2, "MAXMAGP2": 6.2, "utsu_bval2": 0.0, "utsu_aval": 0.0, "utsu_Minfl": 0.0, "FID_gras26": -1, "Shape_Leng": 1580568.1375599999, "Shape_Area": 82068223729.699997 }, "geometry": { "type": "Polygon", "coordinates": [ [ [ 22.462483000785436, 47.995518999261741, 0.0 ], [ 21.537703999674349, 47.51680999912584, 0.0 ], [ 20.939317999834476, 46.553952000288717, 0.0 ], [ 19.815300999681593, 45.998717000057823, 0.0 ], [ 19.154987336043803, 45.996116637307722, 0.0 ], [ 18.094482999752543, 45.850179000249298, 0.0 ], [ 17.729152999496595, 46.095076999873577, 0.0 ], [ 17.025988999713658, 46.577969999980219, 0.0 ], [ 17.802483999681982, 46.962189999380584, 0.0 ], [ 18.426536999789661, 46.799296999596969, 0.0 ], [ 19.523853000155164, 47.019816999389569, 0.0 ], [ 20.446680000781427, 47.399897000286209, 0.0 ], [ 21.032343000453896, 47.783049999301078, 0.0 ], [ 21.379778999526362, 48.011817000402722, 0.0 ], [ 21.40637999975462, 48.312163000353365, 0.0 ], [ 21.459895000205567, 48.379963000104382, 0.0 ], [ 22.462483000785436, 47.995518999261741, 0.0 ] ] ] } },
{ "type": "Feature", "properties": { "FID_gras38": -1, "FID_gras24": -1, "FID_gras_1": -1, "FID_eshm20": 220, "ZONE_ID": "HUAS285", "areakm2": 16803.097056099999, "tctCluster": "Shallow Default", "CSZ_ID": "SZ07", "TECTO_ID": "TSZ105", "magScaleRe": "WC1994", "SS": 30.0, "NF": 30.0, "TF": 40.0, "MINDEPTH": 5.0, "MAXDEPTH": 26.0, "HYPODEPTH1": 6.0, "HYPODEPTH2": 10.0, "HYPODEPTH3": 18.0, "WHDEPTH1": 0.1, "WHDEPTH2": 0.4, "WHDEPTH3": 0.5, "WMAXMAG01": 0.5, "WMAXMAG02": 0.4, "WMAXMAG03": 0.1, "MAXMAG01": 6.3, "MAXMAG02": 6.6, "MAXMAG03": 6.9, "STRIKE1": 0.0, "STRIKE2": 0.0, "STRIKE3": 0.0, "STRIKE4": 0.0, "DIP1": 89.99, "DIP2": 0.0, "DIP3": 0.0, "DIP4": 0.0, "aspRatio": 1.0, "mfd_bin": 0.2, "a_val": 2.3, "a_hi": 2.3088436884400001, "a_mid": 2.2998976342400002, "a_lo": 2.2909515800400002, "sigma_a": 0.02, "b_val": 0.85, "b_hi": 0.88186393639600003, "b_mid": 0.85, "b_lo": 0.81813606360400004, "sigma_b": 0.01, "cum_cov_ab": 0.054321, "MCORNERP1": 6.0, "MCORNERP2": 6.2, "MCORNERP3": 6.4, "MAXMAGP1": 6.2, "MAXMAGP2": 6.4, "utsu_bval2": 0.0, "utsu_aval": 0.0, "utsu_Minfl": 0.0, "FID_gras26": -1, "Shape_Leng": 754150.456428, "Shape_Area": 24807329685.0 }, "geometry": { "type": "Polygon", "coordinates": [ [ [ 18.426536999789661, 46.799296999596969, 0.0 ], [ 18.558496999744015, 47.645827999992228, 0.0 ], [ 21.032343000453896, 47.783049999301078, 0.0 ], [ 20.446680000781427, 47.399897000286209, 0.0 ], [ 19.523853000155164, 47.019816999389569, 0.0 ], [ 18.426536999789661, 46.799296999596969, 0.0 ] ] ] } },
{ "type": "Feature", "properties": { "FID_gras38": -1, "FID_gras24": -1, "FID_gras_1": -1, "FID_eshm20": 221, "ZONE_ID": "HUAS286", "areakm2": 40500.480187499998, "tctCluster": "Shallow Default", "CSZ_ID": "SZ12", "TECTO_ID": "TSZ001", "magScaleRe": "WC1994", "SS": 70.0, "NF": 0.0, "TF": 30.0, "MINDEPTH": 5.0, "MAXDEPTH": 26.0, "HYPODEPTH1": 6.0, "HYPODEPTH2": 10.0, "HYPODEPTH3": 18.0, "WHDEPTH1": 0.1, "WHDEPTH2": 0.4, "WHDEPTH3": 0.5, "WMAXMAG01": 0.5, "WMAXMAG02": 0.4, "WMAXMAG03": 0.1, "MAXMAG01": 6.3, "MAXMAG02": 6.6, "MAXMAG03": 6.9, "STRIKE1": 0.0, "STRIKE2": 159.414417, "STRIKE3": 0.0, "STRIKE4": 323.8359, "DIP1": 67.255, "DIP2": 67.255, "DIP3": 0.0, "DIP4": 67.3516, "aspRatio": 1.0, "mfd_bin": 0.2, "a_val": 2.6, "a_hi": 2.67908690925, "a_mid": 2.6003927681899999, "a_lo": 2.5216986271400001, "sigma_a": 0.13160752972799999, "b_val": 0.91, "b_hi": 0.96414394124400005, "b_mid": 0.91, "b_lo": 0.85585605875600002, "sigma_b": 0.0288735961954, "cum_cov_ab": 0.054321, "MCORNERP1": 6.0, "MCORNERP2": 6.2, "MCORNERP3": 6.4, "MAXMAGP1": 6.2, "MAXMAGP2": 6.4, "utsu_bval2": 0.0, "utsu_aval": 0.0, "utsu_Minfl": 0.0, "FID_gras26": -1, "Shape_Leng": 1422656.4887099999, "Shape_Area": 60790884137.300003 }, "geometry": { "type": "Polygon", "coordinates": [ [ [ 21.459895000205567, 48.379963000104382, 0.0 ], [ 21.40637999975462, 48.312163000353365, 0.0 ], [ 20.652118000335964, 48.331816000134594, 0.0 ], [ 18.633289000144561, 48.113894999800046, 0.0 ], [ 18.015163999664818, 48.039378999483013, 0.0 ], [ 17.907174000659847, 47.49243000024768, 0.0 ], [ 16.898404235367444, 46.939114359084464, 0.0 ], [ 16.509797124503653, 47.766200076668227, 0.0 ], [ 17.987266999976168, 48.55791499970077, 0.0 ], [ 18.548621000562164, 48.816230999634541, 0.0 ], [ 19.083256000020807, 49.062251000141174, 0.0 ], [ 20.089210000546728, 48.855276999691199, 0.0 ], [ 20.33829400014471, 48.79906399968317, 0.0 ], [ 21.459895000205567, 48.379963000104382, 0.0 ] ] ] } },
{ "type": "Feature", "properties": { "FID_gras38": -1, "FID_gras24": -1, "FID_gras_1": -1, "FID_eshm20": 222, "ZONE_ID": "HUAS287", "areakm2": 7789.3395485399997, "tctCluster": "Shallow Default", "CSZ_ID": "SZ07", "TECTO_ID": "TSZ055", "magScaleRe": "WC1994", "SS": 70.0, "NF": 0.0, "TF": 30.0, "MINDEPTH": 5.0, "MAXDEPTH": 26.0, "HYPODEPTH1": 6.0, "HYPODEPTH2": 10.0, "HYPODEPTH3": 18.0, "WHDEPTH1": 0.1, "WHDEPTH2": 0.4, "WHDEPTH3": 0.5, "WMAXMAG01": 0.5, "WMAXMAG02": 0.4, "WMAXMAG03": 0.1, "MAXMAG01": 6.9, "MAXMAG02": 7.2, "MAXMAG03": 7.5, "STRIKE1": 0.0, "STRIKE2": 159.414417, "STRIKE3": 0.0, "STRIKE4": 323.8359, "DIP1": 67.255, "DIP2": 67.255, "DIP3": 0.0, "DIP4": 67.3516, "aspRatio": 1.0, "mfd_bin": 0.2, "a_val": 3.33, "a_hi": 3.4560354588300002, "a_mid": 3.3300465108899999, "a_lo": 3.2040575629400001, "sigma_a": 0.21001873521299999, "b_val": 1.08, "b_hi": 1.1505043644799999, "b_mid": 1.08, "b_lo": 1.00949563552, "sigma_b": 0.048959069085200001, "cum_cov_ab": 0.054321, "MCORNERP1": 6.0, "MCORNERP2": 6.2, "MCORNERP3": 6.4, "MAXMAGP1": 6.2, "MAXMAGP2": 6.2, "utsu_bval2": 0.0, "utsu_aval": 0.0, "utsu_Minfl": 0.0, "FID_gras26": -1, "Shape_Leng": 469302.54898800002, "Shape_Area": 11327838750.799999 }, "geometry": { "type": "Polygon", "coordinates": [ [ [ 16.489633999573741, 46.51684300009638, 0.0 ], [ 16.056195152915667, 46.195564212194995, 0.0 ], [ 15.565272999835715, 46.269830999960895, 0.0 ], [ 15.364563613359154, 46.404863803495715, 0.0 ], [ 15.231042837311026, 46.582502361587551, 0.0 ], [ 15.472111436428442, 46.705869420654935, 0.0 ], [ 16.898404235367444, 46.939114359084464, 0.0 ], [ 16.489633999573741, 46.51684300009638, 0.0 ] ] ] } },
{ "type": "Feature", "properties": { "FID_gras38": -1, "FID_gras24": -1, "FID_gras_1": -1, "FID_eshm20": 223, "ZONE_ID": "IEAS286", "areakm2": 500439.70036800002, "tctCluster": "Shallow Default", "CSZ_ID": "SZ06", "TECTO_ID": "TSZ110", "magScaleRe": "WC1994", "SS": 33.0, "NF": 33.0, "TF": 34.0, "MINDEPTH": 0.0, "MAXDEPTH": 20.0, "HYPODEPTH1": 8.0, "HYPODEPTH2": 10.0, "HYPODEPTH3": 15.0, "WHDEPTH1": 0.1, "WHDEPTH2": 0.4, "WHDEPTH3": 0.5, "WMAXMAG01": 0.5, "WMAXMAG02": 0.4, "WMAXMAG03": 0.1, "MAXMAG01": 6.3, "MAXMAG02": 6.6, "MAXMAG03": 6.9, "STRIKE1": 0.0, "STRIKE2": 0.0, "STRIKE3": 0.0, "STRIKE4": 0.0, "DIP1": 89.99, "DIP2": 0.0, "DIP3": 0.0, "DIP4": 0.0, "aspRatio": 1.0, "mfd_bin": 0.2, "a_val": 1.7142309174499999, "a_hi": 1.75156609426, "a_mid": 1.71434263329, "a_lo": 1.6771191723200001, "sigma_a": 0.068523334030899996, "b_val": 0.99534910300299995, "b_hi": 1.0361106662499999, "b_mid": 0.99534910300299995, "b_lo": 0.95458753975900001, "sigma_b": 0.016364502601599999, "cum_cov_ab": 0.054321, "MCORNERP1": 6.0, "MCORNERP2": 6.2, "MCORNERP3": 6.4, "MAXMAGP1": 5.4, "MAXMAGP2": 5.4, "utsu_bval2": 0.0, "utsu_aval": 0.0, "utsu_Minfl": 0.0, "FID_gras26": -1, "Shape_Leng": 4836079.0804899996, "Shape_Area": 861692441218.0 }, "geometry": { "type": "Polygon", "coordinates": [ [ [ -5.250000000317213, 58.050000000171828, 0.0 ], [ -6.020000000220039, 57.469999999861827, 0.0 ], [ -6.709999999794589, 56.029999999881852, 0.0 ], [ -6.599999999680134, 55.779999999278274, 0.0 ], [ -5.309999999889672, 55.359999999623803, 0.0 ], [ -3.760000000155326, 54.869999999830014, 0.0 ], [ -3.760000000155326, 54.080000000208763, 0.0 ], [ -4.630000000243848, 53.169999999585364, 0.0 ], [ -4.469999999587363, 52.87000000017666, 0.0 ], [ -3.879999999300212, 52.179999999686579, 0.0 ], [ -5.260000000245973, 51.679999999786993, 0.0 ], [ -4.880000000258939, 51.36999999954147, 0.0 ], [ -5.999999999464222, 50.19999999913167, 0.0 ], [ -5.999999999464222, 49.850000000260899, 0.0 ], [ -11.000000000664675, 51.999999999461842, 0.0 ], [ -11.000000000664675, 54.499999999767518, 0.0 ], [ -7.5000000004532, 58.659999999607969, 0.0 ], [ -5.250000000317213, 59.9999999994684, 0.0 ], [ -5.250000000317213, 58.050000000171828, 0.0 ] ] ] } },
{ "type": "Feature", "properties": { "FID_gras38": -1, "FID_gras24": -1, "FID_gras_1": -1, "FID_eshm20": 224, "ZONE_ID": "IRAS287", "areakm2": 52163.728082100002, "tctCluster": "Shallow Default", "CSZ_ID": "SZ42", "TECTO_ID": "TSZ087", "magScaleRe": "WC1994", "SS": 60.0, "NF": 0.0, "TF": 40.0, "MINDEPTH": 0.0, "MAXDEPTH": 20.0, "HYPODEPTH1": 2.0, "HYPODEPTH2": 10.0, "HYPODEPTH3": 18.0, "WHDEPTH1": 0.1, "WHDEPTH2": 0.4, "WHDEPTH3": 0.5, "WMAXMAG01": 0.5, "WMAXMAG02": 0.4, "WMAXMAG03": 0.1, "MAXMAG01": 7.4, "MAXMAG02": 7.7, "MAXMAG03": 8.0, "STRIKE1": 0.0, "STRIKE2": 0.0, "STRIKE3": 0.0, "STRIKE4": 0.0, "DIP1": 89.99, "DIP2": 0.0, "DIP3": 0.0, "DIP4": 0.0, "aspRatio": 1.0, "mfd_bin": 0.2, "a_val": 4.1, "a_hi": 4.1713200887599999, "a_mid": 4.1001699109900001, "a_lo": 4.0290197332100002, "sigma_a": 0.114498381032, "b_val": 0.94071516123700005, "b_hi": 0.98723626435400003, "b_mid": 0.94071516123700005, "b_lo": 0.89419405811999997, "sigma_b": 0.02131577638, "cum_cov_ab": 0.054321, "MCORNERP1": 7.1, "MCORNERP2": 7.3, "MCORNERP3": 7.5, "MAXMAGP1": 7.4, "MAXMAGP2": 7.6, "utsu_bval2": 0.0, "utsu_aval": 0.0, "utsu_Minfl": 0.0, "FID_gras26": -1, "Shape_Leng": 1255244.1922899999, "Shape_Area": 65642293387.5 }, "geometry": { "type": "Polygon", "coordinates": [ [ [ 44.064450999953706, 37.896591000088542, 0.0 ], [ 45.527583000821963, 37.292863000237148, 0.0 ], [ 45.522833999580307, 36.863773000262462, 0.0 ], [ 44.459558000413125, 36.282575999924305, 0.0 ], [ 43.889017000383319, 36.582463999650741, 0.0 ], [ 43.116950000367979, 36.828826999090509, 0.0 ], [ 42.686602000582702, 37.243340999661328, 0.0 ], [ 41.909648000131725, 37.391479000009362, 0.0 ], [ 41.863737999433923, 37.728124000249565, 0.0 ], [ 41.027953000445926, 38.30558199965192, 0.0 ], [ 41.121052000685204, 38.371916999260577, 0.0 ], [ 41.408929688335711, 38.303434648167723, 0.0 ], [ 41.441042723299525, 38.409991540032266, 0.0 ], [ 42.13495099982454, 38.214511999985852, 0.0 ], [ 43.800263000256365, 37.911048999932035, 0.0 ], [ 44.064450999953706, 37.896591000088542, 0.0 ] ] ] } },
{ "type": "Feature", "properties": { "FID_gras38": -1, "FID_gras24": -1, "FID_gras_1": -1, "FID_eshm20": 225, "ZONE_ID": "IRAS290", "areakm2": 161925.43397799999, "tctCluster": "Shallow Default", "CSZ_ID": "SZ44", "TECTO_ID": "TSZ017", "magScaleRe": "WC1994", "SS": 10.0, "NF": 0.0, "TF": 90.0, "MINDEPTH": 0.0, "MAXDEPTH": 20.0, "HYPODEPTH1": 2.0, "HYPODEPTH2": 9.0, "HYPODEPTH3": 18.0, "WHDEPTH1": 0.1, "WHDEPTH2": 0.4, "WHDEPTH3": 0.5, "WMAXMAG01": 0.5, "WMAXMAG02": 0.4, "WMAXMAG03": 0.1, "MAXMAG01": 7.3, "MAXMAG02": 7.6, "MAXMAG03": 7.9, "STRIKE1": 0.0, "STRIKE2": 0.0, "STRIKE3": 0.0, "STRIKE4": 0.0, "DIP1": 89.99, "DIP2": 0.0, "DIP3": 0.0, "DIP4": 0.0, "aspRatio": 1.0, "mfd_bin": 0.2, "a_val": 3.58, "a_hi": 3.5895569377199998, "a_mid": 3.5802138482400001, "a_lo": 3.5708707587699999, "sigma_a": 0.02, "b_val": 0.91, "b_hi": 0.94186393639599997, "b_mid": 0.91, "b_lo": 0.87813606360399998, "sigma_b": 0.01, "cum_cov_ab": 0.052136359921, "MCORNERP1": 6.0, "MCORNERP2": 6.2, "MCORNERP3": 6.4, "MAXMAGP1": 6.4, "MAXMAGP2": 6.6, "utsu_bval2": 0.0, "utsu_aval": 0.0, "utsu_Minfl": 0.0, "FID_gras26": -1, "Shape_Leng": 2468999.9793099998, "Shape_Area": 202048520597.0 }, "geometry": { "type": "Polygon", "coordinates": [ [ [ 44.459558000413125, 36.282575999924305, 0.0 ], [ 42.987380000566361, 35.74362999977356, 0.0 ], [ 42.14242199968335, 36.338792999587305, 0.0 ], [ 41.83831100026395, 36.282288999784491, 0.0 ], [ 40.387591999941698, 35.638587999387987, 0.0 ], [ 39.885380000033976, 36.309539999197639, 0.0 ], [ 39.039860075092967, 36.433438427803274, 0.0 ], [ 38.461400088965433, 35.665866524560741, 0.0 ], [ 37.499101555827764, 34.782987666810484, 0.0 ], [ 36.562845999345321, 34.619109999998898, 0.0 ], [ 36.860554000557293, 35.88802999948043, 0.0 ], [ 37.285033000265891, 37.356736999620459, 0.0 ], [ 37.367703000231032, 37.416147999820026, 0.0 ], [ 38.091699999549583, 37.929843000074946, 0.0 ], [ 38.979080000087379, 37.857542999496673, 0.0 ], [ 39.326188999820012, 38.044825000058481, 0.0 ], [ 40.153601914159026, 38.265482878561848, 0.0 ], [ 41.027953000445926, 38.30558199965192, 0.0 ], [ 41.863737999433923, 37.728124000249565, 0.0 ], [ 41.909648000131725, 37.391479000009362, 0.0 ], [ 42.686602000582702, 37.243340999661328, 0.0 ], [ 43.116950000367979, 36.828826999090509, 0.0 ], [ 43.889017000383319, 36.582463999650741, 0.0 ], [ 44.459558000413125, 36.282575999924305, 0.0 ] ] ] } },
{ "type": "Feature", "properties": { "FID_gras38": -1, "FID_gras24": -1, "FID_gras_1": -1, "FID_eshm20": 226, "ZONE_ID": "ISAS005", "areakm2": 8637.6975787800002, "tctCluster": "Shallow Default", "CSZ_ID": "SZ26", "TECTO_ID": "TSZ011", "magScaleRe": "WC1994", "SS": 50.0, "NF": 40.0, "TF": 10.0, "MINDEPTH": 0.0, "MAXDEPTH": 15.0, "HYPODEPTH1": 2.0, "HYPODEPTH2": 8.0, "HYPODEPTH3": 10.0, "WHDEPTH1": 0.1, "WHDEPTH2": 0.4, "WHDEPTH3": 0.5, "WMAXMAG01": 0.5, "WMAXMAG02": 0.4, "WMAXMAG03": 0.1, "MAXMAG01": 7.8, "MAXMAG02": 8.1, "MAXMAG03": 8.4, "STRIKE1": 0.0, "STRIKE2": 0.0, "STRIKE3": 0.0, "STRIKE4": 0.0, "DIP1": 89.99, "DIP2": 0.0, "DIP3": 0.0, "DIP4": 0.0, "aspRatio": 1.0, "mfd_bin": 0.2, "a_val": 3.0, "a_hi": 3.0432039408699998, "a_mid": 3.0002468474100001, "a_lo": 2.95728975395, "sigma_a": 0.081119018618299996, "b_val": 1.0, "b_hi": 1.03741325369, "b_mid": 1.0, "b_lo": 0.96258674630499996, "sigma_b": 0.0137864390357, "cum_cov_ab": 0.054321, "MCORNERP1": 7.8, "MCORNERP2": 8.0, "MCORNERP3": 8.2, "MAXMAGP1": 6.6, "MAXMAGP2": 6.6, "utsu_bval2": 0.0, "utsu_aval": 0.0, "utsu_Minfl": 0.0, "FID_gras26": -1, "Shape_Leng": 781490.45793499995, "Shape_Area": 19673183955.700001 }, "geometry": { "type": "Polygon", "coordinates": [ [ [ -20.181123798634427, 63.810484351404966, 0.0 ], [ -20.517799999117582, 63.810599998911293, 0.0 ], [ -21.125699999537733, 63.843599999930213, 0.0 ], [ -21.388800000187135, 63.843599999138242, 0.0 ], [ -21.907199999942499, 63.826400000077825, 0.0 ], [ -22.349300000124778, 63.827899998859429, 0.0 ], [ -22.751100001016479, 63.779099998707757, 0.0 ], [ -22.75110000011815, 63.839299999313511, 0.0 ], [ -22.349300000124778, 63.929700000024532, 0.0 ], [ -21.907199999942499, 64.018599999520731, 0.0 ], [ -21.388800000187135, 64.073200000122441, 0.0 ], [ -21.122988573193158, 64.097539869200077, 0.0 ], [ -20.709988486933526, 64.125134173726551, 0.0 ], [ -20.517800000015914, 64.137699998684923, 0.0 ], [ -19.754599999777202, 64.137699999860502, 0.0 ], [ -19.754599999777202, 63.809200000140535, 0.0 ], [ -20.181123798634427, 63.810484351404966, 0.0 ] ] ] } },
{ "type": "Feature", "properties": { "FID_gras38": -1, "FID_gras24": -1, "FID_gras_1": -1, "FID_eshm20": 227, "ZONE_ID": "ISAS006", "areakm2": 15217.4772491, "tctCluster": "Shallow Default", "CSZ_ID": "SZ26", "TECTO_ID": "TSZ011", "magScaleRe": "WC1994", "SS": 50.0, "NF": 40.0, "TF": 10.0, "MINDEPTH": 0.0, "MAXDEPTH": 15.0, "HYPODEPTH1": 2.0, "HYPODEPTH2": 8.0, "HYPODEPTH3": 10.0, "WHDEPTH1": 0.1, "WHDEPTH2": 0.4, "WHDEPTH3": 0.5, "WMAXMAG01": 0.5, "WMAXMAG02": 0.4, "WMAXMAG03": 0.1, "MAXMAG01": 7.6, "MAXMAG02": 7.9, "MAXMAG03": 8.2, "STRIKE1": 0.0, "STRIKE2": 0.0, "STRIKE3": 0.0, "STRIKE4": 0.0, "DIP1": 89.99, "DIP2": 0.0, "DIP3": 0.0, "DIP4": 0.0, "aspRatio": 1.0, "mfd_bin": 0.2, "a_val": 2.53, "a_hi": 2.5576015883399998, "a_mid": 2.5298949786699998, "a_lo": 2.5021883689900002, "sigma_a": 0.061423452801700001, "b_val": 0.7, "b_hi": 0.76591264558399996, "b_mid": 0.7, "b_lo": 0.63408735441599995, "sigma_b": 0.0427896401466, "cum_cov_ab": 0.054321, "MCORNERP1": 7.8, "MCORNERP2": 8.0, "MCORNERP3": 8.2, "MAXMAGP1": 8.0, "MAXMAGP2": 8.2, "utsu_bval2": 0.0, "utsu_aval": 0.0, "utsu_Minfl": 0.0, "FID_gras26": -1, "Shape_Leng": 917827.41671599995, "Shape_Area": 37497701080.599998 }, "geometry": { "type": "Polygon", "coordinates": [ [ [ -19.12465408464336, 66.510119312299153, 0.0 ], [ -18.866794885904262, 66.308287278395738, 0.0 ], [ -18.779999999122552, 66.259999999728578, 0.0 ], [ -17.397099999284411, 66.030500000219192, 0.0 ], [ -17.000000000128896, 65.929999999981987, 0.0 ], [ -17.15800000061995, 65.609099998942128, 0.0 ], [ -17.848545692593646, 65.744973070225541, 0.0 ], [ -19.777416683377702, 65.971009032074761, 0.0 ], [ -19.940832758769073, 66.053522109357729, 0.0 ], [ -19.987744802318534, 66.152092984956198, 0.0 ], [ -19.598534257145801, 66.52790549462452, 0.0 ], [ -19.12465408464336, 66.510119312299153, 0.0 ] ] ] } },
{ "type": "Feature", "properties": { "FID_gras38": -1, "FID_gras24": -1, "FID_gras_1": -1, "FID_eshm20": 228, "ZONE_ID": "ISAS008", "areakm2": 15139.359533299999, "tctCluster": "Shallow Default", "CSZ_ID": "SZ26", "TECTO_ID": "TSZ011", "magScaleRe": "WC1994", "SS": 50.0, "NF": 40.0, "TF": 10.0, "MINDEPTH": 0.0, "MAXDEPTH": 15.0, "HYPODEPTH1": 2.0, "HYPODEPTH2": 8.0, "HYPODEPTH3": 10.0, "WHDEPTH1": 0.1, "WHDEPTH2": 0.4, "WHDEPTH3": 0.5, "WMAXMAG01": 0.5, "WMAXMAG02": 0.4, "WMAXMAG03": 0.1, "MAXMAG01": 6.6, "MAXMAG02": 6.9, "MAXMAG03": 7.1, "STRIKE1": 0.0, "STRIKE2": 0.0, "STRIKE3": 0.0, "STRIKE4": 0.0, "DIP1": 89.99, "DIP2": 0.0, "DIP3": 0.0, "DIP4": 0.0, "aspRatio": 1.0, "mfd_bin": 0.2, "a_val": 3.53, "a_hi": 3.5880880826100001, "a_mid": 3.5301711676399998, "a_lo": 3.47225425268, "sigma_a": 0.12702885884699999, "b_val": 0.8, "b_hi": 0.84906560295300004, "b_mid": 0.8, "b_lo": 0.75093439704700005, "sigma_b": 0.0237113033801, "cum_cov_ab": 0.054321, "MCORNERP1": 6.7, "MCORNERP2": 6.9, "MCORNERP3": 7.1, "MAXMAGP1": 7.2, "MAXMAGP2": 7.2, "utsu_bval2": 0.0, "utsu_aval": 0.0, "utsu_Minfl": 0.0, "FID_gras26": -1, "Shape_Leng": 945099.29469600006, "Shape_Area": 37889510364.300003 }, "geometry": { "type": "Polygon", "coordinates": [ [ [ -16.974944329463124, 66.441054207305527, 0.0 ], [ -16.513861611295486, 66.325263995549122, 0.0 ], [ -16.482270020506299, 66.237438181189603, 0.0 ], [ -16.539999999813652, 66.169999999756627, 0.0 ], [ -17.000000000128896, 65.929999999981987, 0.0 ], [ -17.397099999284411, 66.030500000219192, 0.0 ], [ -18.779999999122552, 66.259999999728578, 0.0 ], [ -18.866794885904262, 66.308287278395738, 0.0 ], [ -18.610000000334001, 66.379999999779031, 0.0 ], [ -18.262272552749032, 67.173822305101766, 0.0 ], [ -17.500000000159112, 66.569999999779611, 0.0 ], [ -16.974944329463124, 66.441054207305527, 0.0 ] ] ] } },
{ "type": "Feature", "properties": { "FID_gras38": -1, "FID_gras24": -1, "FID_gras_1": -1, "FID_eshm20": 229, "ZONE_ID": "ISAS009", "areakm2": 6568.7056530899999, "tctCluster": "Shallow Default", "CSZ_ID": "SZ26", "TECTO_ID": "TSZ011", "magScaleRe": "WC1994", "SS": 50.0, "NF": 40.0, "TF": 10.0, "MINDEPTH": 0.0, "MAXDEPTH": 15.0, "HYPODEPTH1": 2.0, "HYPODEPTH2": 8.0, "HYPODEPTH3": 10.0, "WHDEPTH1": 0.1, "WHDEPTH2": 0.4, "WHDEPTH3": 0.5, "WMAXMAG01": 0.5, "WMAXMAG02": 0.4, "WMAXMAG03": 0.1, "MAXMAG01": 6.9, "MAXMAG02": 7.2, "MAXMAG03": 7.5, "STRIKE1": 0.0, "STRIKE2": 0.0, "STRIKE3": 0.0, "STRIKE4": 0.0, "DIP1": 89.99, "DIP2": 0.0, "DIP3": 0.0, "DIP4": 0.0, "aspRatio": 1.0, "mfd_bin": 0.2, "a_val": 5.43, "a_hi": 5.5105588155899996, "a_mid": 5.4299128513600001, "a_lo": 5.3492668871399998, "sigma_a": 0.16413515011599999, "b_val": 1.2, "b_hi": 1.25597536448, "b_mid": 1.2, "b_lo": 1.1440246355200001, "sigma_b": 0.030859935015699998, "cum_cov_ab": 0.054321, "MCORNERP1": 6.8, "MCORNERP2": 7.0, "MCORNERP3": 7.2, "MAXMAGP1": 7.0, "MAXMAGP2": 7.2, "utsu_bval2": 0.0, "utsu_aval": 0.0, "utsu_Minfl": 0.0, "FID_gras26": -1, "Shape_Leng": 707878.92641199997, "Shape_Area": 14555228969.0 }, "geometry": { "type": "Polygon", "coordinates": [ [ [ -22.751100001016479, 63.779099998707757, 0.0 ], [ -24.624526879938209, 62.887779071428376, 0.0 ], [ -25.044088669766513, 63.053320828258862, 0.0 ], [ -24.543104469222818, 63.234649454446071, 0.0 ], [ -23.407833150611673, 63.731752925099478, 0.0 ], [ -23.04332580503501, 63.809149324934076, 0.0 ], [ -22.75110000011815, 63.839299999313511, 0.0 ], [ -22.751100001016479, 63.779099998707757, 0.0 ] ] ] } },
{ "type": "Feature", "properties": { "FID_gras38": -1, "FID_gras24": -1, "FID_gras_1": -1, "FID_eshm20": 230, "ZONE_ID": "ISAS010", "areakm2": 24633.2153445, "tctCluster": "Shallow Default", "CSZ_ID": "SZ26", "TECTO_ID": "TSZ011", "magScaleRe": "WC1994", "SS": 50.0, "NF": 40.0, "TF": 10.0, "MINDEPTH": 0.0, "MAXDEPTH": 15.0, "HYPODEPTH1": 2.0, "HYPODEPTH2": 8.0, "HYPODEPTH3": 10.0, "WHDEPTH1": 0.1, "WHDEPTH2": 0.4, "WHDEPTH3": 0.5, "WMAXMAG01": 0.5, "WMAXMAG02": 0.4, "WMAXMAG03": 0.1, "MAXMAG01": 6.6, "MAXMAG02": 6.9, "MAXMAG03": 7.2, "STRIKE1": 0.0, "STRIKE2": 0.0, "STRIKE3": 0.0, "STRIKE4": 0.0, "DIP1": 89.99, "DIP2": 0.0, "DIP3": 0.0, "DIP4": 0.0, "aspRatio": 1.0, "mfd_bin": 0.2, "a_val": 4.58, "a_hi": 4.6598593631499998, "a_mid": 4.5798802638499998, "a_lo": 4.4999011645499998, "sigma_a": 0.15703527088, "b_val": 1.2, "b_hi": 1.25451486482, "b_mid": 1.2, "b_lo": 1.1454851351799999, "sigma_b": 0.0292705596365, "cum_cov_ab": 0.054321, "MCORNERP1": 6.4, "MCORNERP2": 6.6, "MCORNERP3": 6.8, "MAXMAGP1": 6.6, "MAXMAGP2": 6.6, "utsu_bval2": 0.0, "utsu_aval": 0.0, "utsu_Minfl": 0.0, "FID_gras26": -1, "Shape_Leng": 1197749.0881000001, "Shape_Area": 55867598207.300003 }, "geometry": { "type": "Polygon", "coordinates": [ [ [ -17.269273893553965, 64.297508546974598, 0.0 ], [ -17.804335051986779, 64.083161394909965, 0.0 ], [ -18.752942265759444, 63.53256952865479, 0.0 ], [ -19.696928748729857, 63.224863502264014, 0.0 ], [ -20.927349040126622, 63.195184011272474, 0.0 ], [ -20.329801744266941, 63.593001754304076, 0.0 ], [ -20.181123798634427, 63.810484351404966, 0.0 ], [ -19.754599999777202, 63.809200000140535, 0.0 ], [ -19.754599999777202, 64.137699999860502, 0.0 ], [ -19.126767999271657, 64.267056998810986, 0.0 ], [ -18.586848916174016, 64.479111322242915, 0.0 ], [ -18.262178779413158, 64.604668623009402, 0.0 ], [ -18.234166251887419, 64.461835057368916, 0.0 ], [ -17.872074247937682, 64.31968857868759, 0.0 ], [ -17.590453668499169, 64.276157736920283, 0.0 ], [ -17.269273893553965, 64.297508546974598, 0.0 ] ] ] } },
{ "type": "Feature", "properties": { "FID_gras38": -1, "FID_gras24": -1, "FID_gras_1": -1, "FID_eshm20": 231, "ZONE_ID": "ISAS011", "areakm2": 12290.6291047, "tctCluster": "Shallow Default", "CSZ_ID": "SZ26", "TECTO_ID": "TSZ011", "magScaleRe": "WC1994", "SS": 50.0, "NF": 40.0, "TF": 10.0, "MINDEPTH": 0.0, "MAXDEPTH": 15.0, "HYPODEPTH1": 2.0, "HYPODEPTH2": 8.0, "HYPODEPTH3": 10.0, "WHDEPTH1": 0.1, "WHDEPTH2": 0.4, "WHDEPTH3": 0.5, "WMAXMAG01": 0.5, "WMAXMAG02": 0.4, "WMAXMAG03": 0.1, "MAXMAG01": 6.8, "MAXMAG02": 7.1, "MAXMAG03": 7.4, "STRIKE1": 0.0, "STRIKE2": 0.0, "STRIKE3": 0.0, "STRIKE4": 0.0, "DIP1": 89.99, "DIP2": 0.0, "DIP3": 0.0, "DIP4": 0.0, "aspRatio": 1.0, "mfd_bin": 0.2, "a_val": 5.23, "a_hi": 5.3284345248499996, "a_mid": 5.2297589996099996, "a_lo": 5.1310834743699996, "sigma_a": 0.172843537839, "b_val": 1.32, "b_hi": 1.3768313322400001, "b_mid": 1.32, "b_lo": 1.26316866776, "sigma_b": 0.0318109633147, "cum_cov_ab": 0.054321, "MCORNERP1": 6.8, "MCORNERP2": 7.0, "MCORNERP3": 7.2, "MAXMAGP1": 6.6, "MAXMAGP2": 6.8, "utsu_bval2": 0.0, "utsu_aval": 0.0, "utsu_Minfl": 0.0, "FID_gras26": -1, "Shape_Leng": 858523.79571199999, "Shape_Area": 28638346301.400002 }, "geometry": { "type": "Polygon", "coordinates": [ [ [ -20.034918564636158, 64.567547647907034, 0.0 ], [ -20.709988486933526, 64.125134173726551, 0.0 ], [ -21.122988573193158, 64.097539869200077, 0.0 ], [ -21.388800000187135, 64.073200000122441, 0.0 ], [ -21.191041497672202, 64.261522145718729, 0.0 ], [ -21.078389783128472, 64.380850209303375, 0.0 ], [ -21.257888060183163, 64.468609843345689, 0.0 ], [ -21.629859876663129, 64.601396895545037, 0.0 ], [ -21.563550327029031, 64.760385044732757, 0.0 ], [ -21.339841451588303, 64.907942917299735, 0.0 ], [ -20.464907480852904, 64.814609831931477, 0.0 ], [ -19.882389845011211, 64.979464406941588, 0.0 ], [ -19.267288421962483, 64.99114116585821, 0.0 ], [ -19.851603042308636, 64.708856546903093, 0.0 ], [ -20.034918564636158, 64.567547647907034, 0.0 ] ] ] } },
{ "type": "Feature", "properties": { "FID_gras38": -1, "FID_gras24": -1, "FID_gras_1": -1, "FID_eshm20": 232, "ZONE_ID": "ISAS012", "areakm2": 9116.4378927899998, "tctCluster": "Shallow Default", "CSZ_ID": "SZ26", "TECTO_ID": "TSZ011", "magScaleRe": "WC1994", "SS": 50.0, "NF": 40.0, "TF": 10.0, "MINDEPTH": 0.0, "MAXDEPTH": 15.0, "HYPODEPTH1": 2.0, "HYPODEPTH2": 8.0, "HYPODEPTH3": 10.0, "WHDEPTH1": 0.1, "WHDEPTH2": 0.4, "WHDEPTH3": 0.5, "WMAXMAG01": 0.5, "WMAXMAG02": 0.4, "WMAXMAG03": 0.1, "MAXMAG01": 6.4, "MAXMAG02": 6.7, "MAXMAG03": 7.0, "STRIKE1": 0.0, "STRIKE2": 0.0, "STRIKE3": 0.0, "STRIKE4": 0.0, "DIP1": 89.99, "DIP2": 0.0, "DIP3": 0.0, "DIP4": 0.0, "aspRatio": 1.0, "mfd_bin": 0.2, "a_val": 2.6618969063, "a_hi": 2.6777547395800001, "a_mid": 2.6619360153799998, "a_lo": 2.6461172911899999, "sigma_a": 0.046710458166400001, "b_val": 0.91375021489099995, "b_hi": 0.94317718981800003, "b_mid": 0.91375021489099995, "b_lo": 0.88432323996499995, "sigma_b": 0.0085288874901100001, "cum_cov_ab": 0.054321, "MCORNERP1": 6.0, "MCORNERP2": 6.2, "MCORNERP3": 6.4, "MAXMAGP1": 6.2, "MAXMAGP2": 6.4, "utsu_bval2": 0.0, "utsu_aval": 0.0, "utsu_Minfl": 0.0, "FID_gras26": -1, "Shape_Leng": 720501.85839099996, "Shape_Area": 21437479073.099998 }, "geometry": { "type": "Polygon", "coordinates": [ [ [ -21.339841451588303, 64.907942917299735, 0.0 ], [ -21.563550327029031, 64.760385044732757, 0.0 ], [ -21.629859876663129, 64.601396895545037, 0.0 ], [ -22.844735562280018, 64.728682142758998, 0.0 ], [ -23.345683414292363, 64.729657030554122, 0.0 ], [ -23.922655074352125, 64.687734902987131, 0.0 ], [ -24.067533345758775, 64.792945690043268, 0.0 ], [ -24.045863770351922, 64.887093098979889, 0.0 ], [ -23.911027406180292, 64.967835245743771, 0.0 ], [ -23.719673519738635, 64.997820773914171, 0.0 ], [ -23.196254720525786, 65.010158715499557, 0.0 ], [ -22.114100598713396, 64.971661735254528, 0.0 ], [ -21.339841451588303, 64.907942917299735, 0.0 ] ] ] } },
{ "type": "Feature", "properties": { "FID_gras38": -1, "FID_gras24": -1, "FID_gras_1": -1, "FID_eshm20": 233, "ZONE_ID": "ISAS013", "areakm2": 9770.5352925200004, "tctCluster": "Shallow Default", "CSZ_ID": "SZ26", "TECTO_ID": "TSZ011", "magScaleRe": "WC1994", "SS": 50.0, "NF": 40.0, "TF": 10.0, "MINDEPTH": 0.0, "MAXDEPTH": 15.0, "HYPODEPTH1": 2.0, "HYPODEPTH2": 8.0, "HYPODEPTH3": 10.0, "WHDEPTH1": 0.1, "WHDEPTH2": 0.4, "WHDEPTH3": 0.5, "WMAXMAG01": 0.5, "WMAXMAG02": 0.4, "WMAXMAG03": 0.1, "MAXMAG01": 6.3, "MAXMAG02": 6.6, "MAXMAG03": 6.9, "STRIKE1": 0.0, "STRIKE2": 0.0, "STRIKE3": 0.0, "STRIKE4": 0.0, "DIP1": 89.99, "DIP2": 0.0, "DIP3": 0.0, "DIP4": 0.0, "aspRatio": 1.0, "mfd_bin": 0.2, "a_val": 2.6618969063, "a_hi": 2.6773216714800001, "a_mid": 2.6615379507600001, "a_lo": 2.6457542300400001, "sigma_a": 0.046710458166400001, "b_val": 0.91375021489099995, "b_hi": 0.94317718981800003, "b_mid": 0.91375021489099995, "b_lo": 0.88432323996499995, "sigma_b": 0.0085288874901100001, "cum_cov_ab": 0.054321, "MCORNERP1": 6.0, "MCORNERP2": 6.2, "MCORNERP3": 6.4, "MAXMAGP1": 6.2, "MAXMAGP2": 6.4, "utsu_bval2": 0.0, "utsu_aval": 0.0, "utsu_Minfl": 0.0, "FID_gras26": -1, "Shape_Leng": 628781.04088999995, "Shape_Area": 22905978982.099998 }, "geometry": { "type": "Polygon", "coordinates": [ [ [ -17.7122889724819, 64.902322634590192, 0.0 ], [ -18.262178779413158, 64.604668623009402, 0.0 ], [ -18.586848916174016, 64.479111322242915, 0.0 ], [ -20.034918564636158, 64.567547647907034, 0.0 ], [ -19.851603042308636, 64.708856546903093, 0.0 ], [ -19.267288421962483, 64.99114116585821, 0.0 ], [ -18.45709687188177, 65.010096212521162, 0.0 ], [ -17.7122889724819, 64.902322634590192, 0.0 ] ] ] } },
{ "type": "Feature", "properties": { "FID_gras38": -1, "FID_gras24": -1, "FID_gras_1": -1, "FID_eshm20": 234, "ZONE_ID": "ISAS014", "areakm2": 10141.154830900001, "tctCluster": "Shallow Default", "CSZ_ID": "SZ26", "TECTO_ID": "TSZ011", "magScaleRe": "WC1994", "SS": 50.0, "NF": 40.0, "TF": 10.0, "MINDEPTH": 0.0, "MAXDEPTH": 15.0, "HYPODEPTH1": 2.0, "HYPODEPTH2": 8.0, "HYPODEPTH3": 10.0, "WHDEPTH1": 0.1, "WHDEPTH2": 0.4, "WHDEPTH3": 0.5, "WMAXMAG01": 0.5, "WMAXMAG02": 0.4, "WMAXMAG03": 0.1, "MAXMAG01": 6.3, "MAXMAG02": 6.6, "MAXMAG03": 6.9, "STRIKE1": 0.0, "STRIKE2": 0.0, "STRIKE3": 0.0, "STRIKE4": 0.0, "DIP1": 89.99, "DIP2": 0.0, "DIP3": 0.0, "DIP4": 0.0, "aspRatio": 1.0, "mfd_bin": 0.2, "a_val": 5.33, "a_hi": 5.3749322876000001, "a_mid": 5.3300237772200001, "a_lo": 5.2851152668400001, "sigma_a": 0.10131561896000001, "b_val": 1.1, "b_hi": 1.14341306988, "b_mid": 1.1, "b_lo": 1.0565869301199999, "sigma_b": 0.0185627425561, "cum_cov_ab": 0.054321, "MCORNERP1": 6.4, "MCORNERP2": 6.6, "MCORNERP3": 6.8, "MAXMAGP1": 6.8, "MAXMAGP2": 7.0, "utsu_bval2": 0.0, "utsu_aval": 0.0, "utsu_Minfl": 0.0, "FID_gras26": -1, "Shape_Leng": 567029.84748700005, "Shape_Area": 23639636165.799999 }, "geometry": { "type": "Polygon", "coordinates": [ [ [ -16.516895412452769, 64.598967672898226, 0.0 ], [ -17.269273893553965, 64.297508546974598, 0.0 ], [ -17.590453668499169, 64.276157736920283, 0.0 ], [ -17.872074247937682, 64.31968857868759, 0.0 ], [ -18.234166251887419, 64.461835057368916, 0.0 ], [ -18.262178779413158, 64.604668623009402, 0.0 ], [ -17.7122889724819, 64.902322634590192, 0.0 ], [ -17.360910648513116, 64.940124504734982, 0.0 ], [ -16.911088094141284, 64.926328863345447, 0.0 ], [ -16.573112711466681, 64.792628611644801, 0.0 ], [ -16.516895412452769, 64.598967672898226, 0.0 ] ] ] } },
{ "type": "Feature", "properties": { "FID_gras38": -1, "FID_gras24": -1, "FID_gras_1": -1, "FID_eshm20": 235, "ZONE_ID": "ISAS015", "areakm2": 31763.2029525, "tctCluster": "Shallow Default", "CSZ_ID": "SZ26", "TECTO_ID": "TSZ011", "magScaleRe": "WC1994", "SS": 50.0, "NF": 40.0, "TF": 10.0, "MINDEPTH": 0.0, "MAXDEPTH": 15.0, "HYPODEPTH1": 2.0, "HYPODEPTH2": 8.0, "HYPODEPTH3": 10.0, "WHDEPTH1": 0.1, "WHDEPTH2": 0.4, "WHDEPTH3": 0.5, "WMAXMAG01": 0.5, "WMAXMAG02": 0.4, "WMAXMAG03": 0.1, "MAXMAG01": 6.3, "MAXMAG02": 6.6, "MAXMAG03": 6.9, "STRIKE1": 0.0, "STRIKE2": 0.0, "STRIKE3": 0.0, "STRIKE4": 0.0, "DIP1": 89.99, "DIP2": 0.0, "DIP3": 0.0, "DIP4": 0.0, "aspRatio": 1.0, "mfd_bin": 0.2, "a_val": 3.56498689329, "a_hi": 3.5808596136899999, "a_mid": 3.5649838576700001, "a_lo": 3.5491081016499999, "sigma_a": 0.046710458166400001, "b_val": 0.91375021489099995, "b_hi": 0.94317718981800003, "b_mid": 0.91375021489099995, "b_lo": 0.88432323996499995, "sigma_b": 0.0085288874901100001, "cum_cov_ab": 0.054321, "MCORNERP1": 6.0, "MCORNERP2": 6.2, "MCORNERP3": 6.4, "MAXMAGP1": 6.4, "MAXMAGP2": 6.6, "utsu_bval2": 0.0, "utsu_aval": 0.0, "utsu_Minfl": 0.0, "FID_gras26": -1, "Shape_Leng": 1458434.29476, "Shape_Area": 77052915465.899994 }, "geometry": { "type": "Polygon", "coordinates": [ [ [ -16.516895412452769, 64.598967672898226, 0.0 ], [ -16.573112711466681, 64.792628611644801, 0.0 ], [ -16.911088094141284, 64.926328863345447, 0.0 ], [ -17.360910648513116, 64.940124504734982, 0.0 ], [ -17.7122889724819, 64.902322634590192, 0.0 ], [ -17.242849750943893, 65.310644068162404, 0.0 ], [ -17.170648164835992, 65.435141666919051, 0.0 ], [ -17.15800000061995, 65.609099998942128, 0.0 ], [ -17.000000000128896, 65.929999999981987, 0.0 ], [ -16.539999999813652, 66.169999999756627, 0.0 ], [ -16.482270020506299, 66.237438181189603, 0.0 ], [ -16.513861611295486, 66.325263995549122, 0.0 ], [ -16.974944329463124, 66.441054207305527, 0.0 ], [ -16.932034831171634, 66.692816317030008, 0.0 ], [ -16.335953109748537, 66.719581612267987, 0.0 ], [ -15.857001037473847, 66.657855817010457, 0.0 ], [ -15.68830224298444, 65.891228561682524, 0.0 ], [ -15.554938988318014, 65.674119557626298, 0.0 ], [ -15.541593633525132, 65.556808217858148, 0.0 ], [ -15.669780362536502, 65.050303588001086, 0.0 ], [ -16.057834621428313, 64.769920350275413, 0.0 ], [ -16.516895412452769, 64.598967672898226, 0.0 ] ] ] } },
{ "type": "Feature", "properties": { "FID_gras38": -1, "FID_gras24": -1, "FID_gras_1": -1, "FID_eshm20": 236, "ZONE_ID": "ISAS016", "areakm2": 16334.4875008, "tctCluster": "Shallow Default", "CSZ_ID": "SZ26", "TECTO_ID": "TSZ051", "magScaleRe": "WC1994", "SS": 50.0, "NF": 40.0, "TF": 10.0, "MINDEPTH": 0.0, "MAXDEPTH": 15.0, "HYPODEPTH1": 2.0, "HYPODEPTH2": 8.0, "HYPODEPTH3": 10.0, "WHDEPTH1": 0.1, "WHDEPTH2": 0.4, "WHDEPTH3": 0.5, "WMAXMAG01": 0.5, "WMAXMAG02": 0.4, "WMAXMAG03": 0.1, "MAXMAG01": 6.6, "MAXMAG02": 6.9, "MAXMAG03": 7.2, "STRIKE1": 0.0, "STRIKE2": 0.0, "STRIKE3": 0.0, "STRIKE4": 0.0, "DIP1": 89.99, "DIP2": 0.0, "DIP3": 0.0, "DIP4": 0.0, "aspRatio": 1.0, "mfd_bin": 0.2, "a_val": 3.93, "a_hi": 3.96872872414, "a_mid": 3.93019618221, "a_lo": 3.89166364029, "sigma_a": 0.061423452801700001, "b_val": 1.3, "b_hi": 1.37096682208, "b_mid": 1.3, "b_lo": 1.2290331779200001, "sigma_b": 0.049603447619599998, "cum_cov_ab": 0.054321, "MCORNERP1": 6.2, "MCORNERP2": 6.4, "MCORNERP3": 6.6, "MAXMAGP1": 5.8, "MAXMAGP2": 5.8, "utsu_bval2": 0.0, "utsu_aval": 0.0, "utsu_Minfl": 0.0, "FID_gras26": -1, "Shape_Leng": 1081775.1094599999, "Shape_Area": 43545492562.900002 }, "geometry": { "type": "Polygon", "coordinates": [ [ [ -18.239734902045452, 67.425478542849817, 0.0 ], [ -18.262272552749032, 67.173822305101766, 0.0 ], [ -18.908599999876998, 67.172699998881811, 0.0 ], [ -18.983703960022908, 67.682907926405079, 0.0 ], [ -18.824196939523016, 68.180346964472065, 0.0 ], [ -18.456632550677707, 68.693392771182104, 0.0 ], [ -17.420059594965146, 68.593377517791112, 0.0 ], [ -17.828094872312509, 68.216509637517134, 0.0 ], [ -18.239734902045452, 67.425478542849817, 0.0 ] ] ] } },
{ "type": "Feature", "properties": { "FID_gras38": -1, "FID_gras24": -1, "FID_gras_1": -1, "FID_eshm20": 237, "ZONE_ID": "ISAS017", "areakm2": 321745.37600500003, "tctCluster": "Shallow Default", "CSZ_ID": "SZ26", "TECTO_ID": "TSZ011", "magScaleRe": "WC1994", "SS": 50.0, "NF": 40.0, "TF": 10.0, "MINDEPTH": 0.0, "MAXDEPTH": 15.0, "HYPODEPTH1": 2.0, "HYPODEPTH2": 8.0, "HYPODEPTH3": 10.0, "WHDEPTH1": 0.1, "WHDEPTH2": 0.4, "WHDEPTH3": 0.5, "WMAXMAG01": 0.5, "WMAXMAG02": 0.4, "WMAXMAG03": 0.1, "MAXMAG01": 6.3, "MAXMAG02": 6.6, "MAXMAG03": 6.9, "STRIKE1": 0.0, "STRIKE2": 0.0, "STRIKE3": 0.0, "STRIKE4": 0.0, "DIP1": 89.99, "DIP2": 0.0, "DIP3": 0.0, "DIP4": 0.0, "aspRatio": 1.0, "mfd_bin": 0.2, "a_val": 2.87, "a_hi": 2.9089578718500002, "a_mid": 2.8701293379599999, "a_lo": 2.8313008040800001, "sigma_a": 0.061423452801700001, "b_val": 1.0, "b_hi": 1.07359395223, "b_mid": 1.0, "b_lo": 0.92640604777199997, "sigma_b": 0.053343978126299998, "cum_cov_ab": 0.054321, "MCORNERP1": 7.6, "MCORNERP2": 7.8, "MCORNERP3": 8.0, "MAXMAGP1": 6.4, "MAXMAGP2": 6.4, "utsu_bval2": 0.0, "utsu_aval": 0.0, "utsu_Minfl": 0.0, "FID_gras26": -1, "Shape_Leng": 4696409.8306700001, "Shape_Area": 780145991125.0 }, "geometry": { "type": "Polygon", "coordinates": [ [ [ -18.908599999876998, 67.172699998881811, 0.0 ], [ -19.12465408464336, 66.510119312299153, 0.0 ], [ -19.598534257145801, 66.52790549462452, 0.0 ], [ -19.987744802318534, 66.152092984956198, 0.0 ], [ -19.940832758769073, 66.053522109357729, 0.0 ], [ -19.777416683377702, 65.971009032074761, 0.0 ], [ -17.848545692593646, 65.744973070225541, 0.0 ], [ -17.15800000061995, 65.609099998942128, 0.0 ], [ -17.170648164835992, 65.435141666919051, 0.0 ], [ -17.242849750943893, 65.310644068162404, 0.0 ], [ -17.7122889724819, 64.902322634590192, 0.0 ], [ -18.45709687188177, 65.010096212521162, 0.0 ], [ -19.267288421962483, 64.99114116585821, 0.0 ], [ -19.882389845011211, 64.979464406941588, 0.0 ], [ -20.464907480852904, 64.814609831931477, 0.0 ], [ -21.339841451588303, 64.907942917299735, 0.0 ], [ -22.114100598713396, 64.971661735254528, 0.0 ], [ -23.196254720525786, 65.010158715499557, 0.0 ], [ -23.719673519738635, 64.997820773914171, 0.0 ], [ -23.911027406180292, 64.967835245743771, 0.0 ], [ -24.045863770351922, 64.887093098979889, 0.0 ], [ -24.067533345758775, 64.792945690043268, 0.0 ], [ -23.922655074352125, 64.687734902987131, 0.0 ], [ -23.345683414292363, 64.729657030554122, 0.0 ], [ -22.844735562280018, 64.728682142758998, 0.0 ], [ -21.629859876663129, 64.601396895545037, 0.0 ], [ -21.257888060183163, 64.468609843345689, 0.0 ], [ -21.078389783128472, 64.380850209303375, 0.0 ], [ -21.191041497672202, 64.261522145718729, 0.0 ], [ -21.388800000187135, 64.073200000122441, 0.0 ], [ -21.907199999942499, 64.018599999520731, 0.0 ], [ -22.349300000124778, 63.929700000024532, 0.0 ], [ -22.75110000011815, 63.839299999313511, 0.0 ], [ -23.04332580503501, 63.809149324934076, 0.0 ], [ -23.407833150611673, 63.731752925099478, 0.0 ], [ -24.543104469222818, 63.234649454446071, 0.0 ], [ -25.044088669766513, 63.053320828258862, 0.0 ], [ -25.607985432612587, 63.30002566248568, 0.0 ], [ -26.183400767730795, 63.617792339792636, 0.0 ], [ -26.452942980744695, 63.766644009619995, 0.0 ], [ -27.108730928387832, 64.447654570441031, 0.0 ], [ -27.096119622047897, 65.885343533251302, 0.0 ], [ -25.697742711673047, 66.671500824854064, 0.0 ], [ -24.436628378508289, 67.218776856411509, 0.0 ], [ -22.452052899176781, 67.491073460697137, 0.0 ], [ -21.068049092636649, 67.599264593641166, 0.0 ], [ -19.895063503415013, 67.663537776834502, 0.0 ], [ -18.983703960022908, 67.682907926405079, 0.0 ], [ -18.908599999876998, 67.172699998881811, 0.0 ] ] ] } },
{ "type": "Feature", "properties": { "FID_gras38": -1, "FID_gras24": -1, "FID_gras_1": -1, "FID_eshm20": 238, "ZONE_ID": "ISAS018", "areakm2": 301834.51323300001, "tctCluster": "Shallow Default", "CSZ_ID": "SZ26", "TECTO_ID": "TSZ011", "magScaleRe": "WC1994", "SS": 50.0, "NF": 40.0, "TF": 10.0, "MINDEPTH": 0.0, "MAXDEPTH": 15.0, "HYPODEPTH1": 2.0, "HYPODEPTH2": 8.0, "HYPODEPTH3": 10.0, "WHDEPTH1": 0.1, "WHDEPTH2": 0.4, "WHDEPTH3": 0.5, "WMAXMAG01": 0.5, "WMAXMAG02": 0.4, "WMAXMAG03": 0.1, "MAXMAG01": 7.9, "MAXMAG02": 8.2, "MAXMAG03": 8.5, "STRIKE1": 0.0, "STRIKE2": 0.0, "STRIKE3": 0.0, "STRIKE4": 0.0, "DIP1": 89.99, "DIP2": 0.0, "DIP3": 0.0, "DIP4": 0.0, "aspRatio": 1.0, "mfd_bin": 0.2, "a_val": 2.87, "a_hi": 2.9869026933199998, "a_mid": 2.8701104430200002, "a_lo": 2.7533181927100001, "sigma_a": 0.172854107328, "b_val": 1.0, "b_hi": 1.0557154684500001, "b_mid": 1.0, "b_lo": 0.94428453155199998, "sigma_b": 0.0305740322748, "cum_cov_ab": 0.054321, "MCORNERP1": 7.6, "MCORNERP2": 7.8, "MCORNERP3": 8.0, "MAXMAGP1": 6.4, "MAXMAGP2": 6.4, "utsu_bval2": 0.0, "utsu_aval": 0.0, "utsu_Minfl": 0.0, "FID_gras26": -1, "Shape_Leng": 5542480.3743000003, "Shape_Area": 713569108012.0 }, "geometry": { "type": "Polygon", "coordinates": [ [ [ -24.624526879938209, 62.887779071428376, 0.0 ], [ -22.751100001016479, 63.779099998707757, 0.0 ], [ -22.349300000124778, 63.827899998859429, 0.0 ], [ -21.907199999942499, 63.826400000077825, 0.0 ], [ -21.388800000187135, 63.843599999138242, 0.0 ], [ -21.125699999537733, 63.843599999930213, 0.0 ], [ -20.517799999117582, 63.810599998911293, 0.0 ], [ -20.181123798634427, 63.810484351404966, 0.0 ], [ -20.329801744266941, 63.593001754304076, 0.0 ], [ -20.927349040126622, 63.195184011272474, 0.0 ], [ -19.696928748729857, 63.224863502264014, 0.0 ], [ -18.752942265759444, 63.53256952865479, 0.0 ], [ -17.804335051986779, 64.083161394909965, 0.0 ], [ -17.269273893553965, 64.297508546974598, 0.0 ], [ -16.516895412452769, 64.598967672898226, 0.0 ], [ -16.057834621428313, 64.769920350275413, 0.0 ], [ -15.669780362536502, 65.050303588001086, 0.0 ], [ -15.541593633525132, 65.556808217858148, 0.0 ], [ -15.554938988318014, 65.674119557626298, 0.0 ], [ -15.68830224298444, 65.891228561682524, 0.0 ], [ -15.857001037473847, 66.657855817010457, 0.0 ], [ -16.335953109748537, 66.719581612267987, 0.0 ], [ -16.932034831171634, 66.692816317030008, 0.0 ], [ -16.974944329463124, 66.441054207305527, 0.0 ], [ -17.500000000159112, 66.569999999779611, 0.0 ], [ -18.262272552749032, 67.173822305101766, 0.0 ], [ -18.239734902045452, 67.425478542849817, 0.0 ], [ -15.287600809820022, 67.7065663627059, 0.0 ], [ -14.350761406793374, 67.502964806761838, 0.0 ], [ -13.141995214627768, 66.979483385795135, 0.0 ], [ -11.980818243920559, 66.313234304111319, 0.0 ], [ -11.343122694882995, 65.438782384233505, 0.0 ], [ -11.331225390192118, 64.808225218272028, 0.0 ], [ -11.985577167054567, 64.272846491715697, 0.0 ], [ -15.959277046094332, 63.106910599089574, 0.0 ], [ -20.246783032681527, 62.687389816665494, 0.0 ], [ -21.375047382482059, 62.897514007649157, 0.0 ], [ -23.795341762020158, 62.564519733487835, 0.0 ], [ -24.624526879938209, 62.887779071428376, 0.0 ] ] ] } },
{ "type": "Feature", "properties": { "FID_gras38": -1, "FID_gras24": -1, "FID_gras_1": -1, "FID_eshm20": 239, "ZONE_ID": "ISAS019", "areakm2": 6602.1933637499997, "tctCluster": "Shallow Default", "CSZ_ID": "SZ26", "TECTO_ID": "TSZ011", "magScaleRe": "WC1994", "SS": 50.0, "NF": 40.0, "TF": 10.0, "MINDEPTH": 0.0, "MAXDEPTH": 15.0, "HYPODEPTH1": 2.0, "HYPODEPTH2": 8.0, "HYPODEPTH3": 10.0, "WHDEPTH1": 0.1, "WHDEPTH2": 0.4, "WHDEPTH3": 0.5, "WMAXMAG01": 0.5, "WMAXMAG02": 0.4, "WMAXMAG03": 0.1, "MAXMAG01": 6.3, "MAXMAG02": 6.6, "MAXMAG03": 6.9, "STRIKE1": 0.0, "STRIKE2": 0.0, "STRIKE3": 0.0, "STRIKE4": 0.0, "DIP1": 89.99, "DIP2": 0.0, "DIP3": 0.0, "DIP4": 0.0, "aspRatio": 1.0, "mfd_bin": 0.2, "a_val": 2.6618969063, "a_hi": 2.6775599258399998, "a_mid": 2.6617171919899998, "a_lo": 2.6458744581500002, "sigma_a": 0.046710458166400001, "b_val": 0.91375021489099995, "b_hi": 0.94317718981800003, "b_mid": 0.91375021489099995, "b_lo": 0.88432323996499995, "sigma_b": 0.0085288874901100001, "cum_cov_ab": 0.054321, "MCORNERP1": 6.0, "MCORNERP2": 6.2, "MCORNERP3": 6.4, "MAXMAGP1": 6.2, "MAXMAGP2": 6.4, "utsu_bval2": 0.0, "utsu_aval": 0.0, "utsu_Minfl": 0.0, "FID_gras26": -1, "Shape_Leng": 564261.72831799998, "Shape_Area": 15259167187.5 }, "geometry": { "type": "Polygon", "coordinates": [ [ [ -18.586848916174016, 64.479111322242915, 0.0 ], [ -19.126767999271657, 64.267056998810986, 0.0 ], [ -19.754599999777202, 64.137699999860502, 0.0 ], [ -20.517800000015914, 64.137699998684923, 0.0 ], [ -20.709988486933526, 64.125134173726551, 0.0 ], [ -20.034918564636158, 64.567547647907034, 0.0 ], [ -18.586848916174016, 64.479111322242915, 0.0 ] ] ] } },
{ "type": "Feature", "properties": { "FID_gras38": -1, "FID_gras24": -1, "FID_gras_1": -1, "FID_eshm20": 240, "ZONE_ID": "ISAS295", "areakm2": 5899.3045593999996, "tctCluster": "Shallow Default", "CSZ_ID": "SZ26", "TECTO_ID": "TSZ011", "magScaleRe": "WC1994", "SS": 50.0, "NF": 40.0, "TF": 10.0, "MINDEPTH": 0.0, "MAXDEPTH": 15.0, "HYPODEPTH1": 2.0, "HYPODEPTH2": 8.0, "HYPODEPTH3": 10.0, "WHDEPTH1": 0.1, "WHDEPTH2": 0.4, "WHDEPTH3": 0.5, "WMAXMAG01": 0.5, "WMAXMAG02": 0.4, "WMAXMAG03": 0.1, "MAXMAG01": 6.3, "MAXMAG02": 6.6, "MAXMAG03": 6.9, "STRIKE1": 0.0, "STRIKE2": 0.0, "STRIKE3": 0.0, "STRIKE4": 0.0, "DIP1": 89.99, "DIP2": 0.0, "DIP3": 0.0, "DIP4": 0.0, "aspRatio": 1.0, "mfd_bin": 0.2, "a_val": 4.53, "a_hi": 4.5862483230800004, "a_mid": 4.5302601293700002, "a_lo": 4.47427193565, "sigma_a": 0.061423452801700001, "b_val": 1.2, "b_hi": 1.2983027552199999, "b_mid": 1.2, "b_lo": 1.10169724478, "sigma_b": 0.095177113112200007, "cum_cov_ab": 0.054321, "MCORNERP1": 6.7, "MCORNERP2": 6.9, "MCORNERP3": 7.1, "MAXMAGP1": 6.6, "MAXMAGP2": 6.8, "utsu_bval2": 0.0, "utsu_aval": 0.0, "utsu_Minfl": 0.0, "FID_gras26": -1, "Shape_Leng": 586373.56557700003, "Shape_Area": 14953242490.299999 }, "geometry": { "type": "Polygon", "coordinates": [ [ [ -18.866794885904262, 66.308287278395738, 0.0 ], [ -19.12465408464336, 66.510119312299153, 0.0 ], [ -18.908599999876998, 67.172699998881811, 0.0 ], [ -18.262272552749032, 67.173822305101766, 0.0 ], [ -18.610000000334001, 66.379999999779031, 0.0 ], [ -18.866794885904262, 66.308287278395738, 0.0 ] ] ] } },
{ "type": "Feature", "properties": { "FID_gras38": -1, "FID_gras24": -1, "FID_gras_1": -1, "FID_eshm20": 241, "ZONE_ID": "ITAS296", "areakm2": 14876.122828400001, "tctCluster": "Shallow Default", "CSZ_ID": "SZ22", "TECTO_ID": "TSZ025", "magScaleRe": "WC1994", "SS": 35.0, "NF": 15.0, "TF": 50.0, "MINDEPTH": 0.0, "MAXDEPTH": 20.0, "HYPODEPTH1": 2.0, "HYPODEPTH2": 10.0, "HYPODEPTH3": 18.0, "WHDEPTH1": 0.1, "WHDEPTH2": 0.4, "WHDEPTH3": 0.5, "WMAXMAG01": 0.5, "WMAXMAG02": 0.4, "WMAXMAG03": 0.1, "MAXMAG01": 7.5, "MAXMAG02": 7.5, "MAXMAG03": 7.8, "STRIKE1": 0.0, "STRIKE2": 0.0, "STRIKE3": 0.0, "STRIKE4": 319.95943, "DIP1": 89.99, "DIP2": 0.0, "DIP3": 0.0, "DIP4": 30.375203, "aspRatio": 1.0, "mfd_bin": 0.2, "a_val": 4.18412459388, "a_hi": 4.2025962291700001, "a_mid": 4.1843826776400004, "a_lo": 4.1661691261099998, "sigma_a": 0.049198148761299999, "b_val": 0.90319077244599999, "b_hi": 0.93469528942000002, "b_mid": 0.90319077244599999, "b_lo": 0.87168625547099998, "sigma_b": 0.0097756759714900006, "cum_cov_ab": 0.054321, "MCORNERP1": 6.8, "MCORNERP2": 7.0, "MCORNERP3": 7.2, "MAXMAGP1": 7.2, "MAXMAGP2": 7.4, "utsu_bval2": 0.0, "utsu_aval": 0.0, "utsu_Minfl": 0.0, "FID_gras26": -1, "Shape_Leng": 620606.55348899995, "Shape_Area": 21863055849.299999 }, "geometry": { "type": "Polygon", "coordinates": [ [ [ 21.243764515520894, 37.510664849568265, 0.0 ], [ 20.845818094060288, 37.163689253132816, 0.0 ], [ 20.258405093569344, 36.651514836220834, 0.0 ], [ 19.380082591343999, 37.481274152539896, 0.0 ], [ 21.07592069439978, 38.167606555019539, 0.0 ], [ 21.243764515520894, 37.510664849568265, 0.0 ] ] ] } },
{ "type": "Feature", "properties": { "FID_gras38": -1, "FID_gras24": -1, "FID_gras_1": -1, "FID_eshm20": 242, "ZONE_ID": "ITAS297", "areakm2": 16879.401324499999, "tctCluster": "Shallow Default", "CSZ_ID": "SZ37", "TECTO_ID": "TSZ220", "magScaleRe": "WC1994", "SS": 30.0, "NF": 65.0, "TF": 5.0, "MINDEPTH": 8.0, "MAXDEPTH": 15.0, "HYPODEPTH1": 11.0, "HYPODEPTH2": 12.0, "HYPODEPTH3": 14.0, "WHDEPTH1": 0.3, "WHDEPTH2": 0.7, "WHDEPTH3": 0.0, "WMAXMAG01": 0.5, "WMAXMAG02": 0.4, "WMAXMAG03": 0.1, "MAXMAG01": 7.4, "MAXMAG02": 7.7, "MAXMAG03": 8.0, "STRIKE1": 0.0, "STRIKE2": 147.223375, "STRIKE3": 187.722583, "STRIKE4": 289.597125, "DIP1": 37.458281, "DIP2": 37.458281, "DIP3": 27.686333, "DIP4": 71.4185, "aspRatio": 1.0, "mfd_bin": 0.2, "a_val": 2.46, "a_hi": 2.5669525955400001, "a_mid": 2.4599806073, "a_lo": 2.3530086190600001, "sigma_a": 0.178793825391, "b_val": 0.75, "b_hi": 0.80764302998100002, "b_mid": 0.75, "b_lo": 0.69235697001899998, "sigma_b": 0.032726137402700001, "cum_cov_ab": 0.054321, "MCORNERP1": 7.1, "MCORNERP2": 7.3, "MCORNERP3": 7.5, "MAXMAGP1": 7.4, "MAXMAGP2": 7.4, "utsu_bval2": 0.0, "utsu_aval": 0.0, "utsu_Minfl": 0.0, "FID_gras26": -1, "Shape_Leng": 825014.42409099999, "Shape_Area": 21714228410.5 }, "geometry": { "type": "Polygon", "coordinates": [ [ [ 17.203224000156087, 39.691643000222442, 0.0 ], [ 17.416877501717373, 39.239361949669885, 0.0 ], [ 17.307198360957788, 38.735834989748987, 0.0 ], [ 16.158593999863047, 37.871081999911588, 0.0 ], [ 15.853793547056373, 37.934704988754191, 0.0 ], [ 16.667726517413382, 39.001201629100649, 0.0 ], [ 16.666437000196073, 39.252656999561907, 0.0 ], [ 16.460296631277064, 39.705238341708238, 0.0 ], [ 16.198333739673881, 40.086666107316354, 0.0 ], [ 17.203224000156087, 39.691643000222442, 0.0 ] ] ] } },
{ "type": "Feature", "properties": { "FID_gras38": -1, "FID_gras24": -1, "FID_gras_1": -1, "FID_eshm20": 243, "ZONE_ID": "ITAS299", "areakm2": 8184.7298028300002, "tctCluster": "Shallow Default", "CSZ_ID": "SZ38", "TECTO_ID": "TSZ046", "magScaleRe": "WC1994", "SS": 35.0, "NF": 15.0, "TF": 50.0, "MINDEPTH": 0.0, "MAXDEPTH": 20.0, "HYPODEPTH1": 2.0, "HYPODEPTH2": 10.0, "HYPODEPTH3": 18.0, "WHDEPTH1": 0.1, "WHDEPTH2": 0.4, "WHDEPTH3": 0.5, "WMAXMAG01": 0.5, "WMAXMAG02": 0.4, "WMAXMAG03": 0.1, "MAXMAG01": 6.9, "MAXMAG02": 7.2, "MAXMAG03": 7.5, "STRIKE1": 20.255, "STRIKE2": 165.904063, "STRIKE3": 227.187402, "STRIKE4": 274.855708, "DIP1": 30.661, "DIP2": 23.588979, "DIP3": 11.932067, "DIP4": 9.957729, "aspRatio": 1.0, "mfd_bin": 0.2, "a_val": 4.15, "a_hi": 4.2145236714100003, "a_mid": 4.1499371373600002, "a_lo": 4.0853506033100002, "sigma_a": 0.061423452801700001, "b_val": 1.07, "b_hi": 1.1554223003299999, "b_mid": 1.07, "b_lo": 0.98457769967300002, "sigma_b": 0.071869342483199997, "cum_cov_ab": 0.054321, "MCORNERP1": 6.3, "MCORNERP2": 6.5, "MCORNERP3": 6.7, "MAXMAGP1": 6.6, "MAXMAGP2": 6.8, "utsu_bval2": 0.0, "utsu_aval": 0.0, "utsu_Minfl": 0.0, "FID_gras26": -1, "Shape_Leng": 1308256.8788399999, "Shape_Area": 76145776249.899994 }, "geometry": { "type": "Polygon", "coordinates": [ [ [ 18.328666687750296, 38.896766662491423, 0.0 ], [ 18.528978347829749, 38.137226104549597, 0.0 ], [ 18.142183304184055, 37.545284271490438, 0.0 ], [ 16.996339798334077, 36.700019836600703, 0.0 ], [ 16.369657516526374, 36.555648803119759, 0.0 ], [ 15.349058865828422, 37.005374119653283, 0.0 ], [ 15.096288992381405, 37.371253202095637, 0.0 ], [ 15.08822773470224, 37.485167991749954, 0.0 ], [ 15.174968718973652, 37.513366698817698, 0.0 ], [ 15.294990539993396, 37.794456481485881, 0.0 ], [ 15.726120999340598, 37.757441999497878, 0.0 ], [ 15.853793547056373, 37.934704988754191, 0.0 ], [ 16.158593999863047, 37.871081999911588, 0.0 ], [ 17.307198360957788, 38.735834989748987, 0.0 ], [ 17.416877501717373, 39.239361949669885, 0.0 ], [ 17.203224000156087, 39.691643000222442, 0.0 ], [ 18.328666687750296, 38.896766662491423, 0.0 ] ] ] } },
{ "type": "Feature", "properties": { "FID_gras38": -1, "FID_gras24": -1, "FID_gras_1": -1, "FID_eshm20": 244, "ZONE_ID": "ITAS300", "areakm2": 20481.786152799999, "tctCluster": "Shallow Default", "CSZ_ID": "SZ47", "TECTO_ID": "TSZ042", "magScaleRe": "WC1994", "SS": 10.0, "NF": 70.0, "TF": 20.0, "MINDEPTH": 6.0, "MAXDEPTH": 15.0, "HYPODEPTH1": 7.0, "HYPODEPTH2": 8.0, "HYPODEPTH3": 10.0, "WHDEPTH1": 0.3, "WHDEPTH2": 0.6, "WHDEPTH3": 0.1, "WMAXMAG01": 0.5, "WMAXMAG02": 0.4, "WMAXMAG03": 0.1, "MAXMAG01": 6.5, "MAXMAG02": 6.8, "MAXMAG03": 7.1, "STRIKE1": 46.167, "STRIKE2": 113.6304, "STRIKE3": 0.0, "STRIKE4": 0.0, "DIP1": 29.468846, "DIP2": 27.2441, "DIP3": 0.0, "DIP4": 0.0, "aspRatio": 1.0, "mfd_bin": 0.2, "a_val": 3.6973, "a_hi": 3.70335544371, "a_mid": 3.6974933209800001, "a_lo": 3.6916311982600001, "sigma_a": 0.01, "b_val": 1.03, "b_hi": 1.0618639364, "b_mid": 1.03, "b_lo": 0.99813606360399998, "sigma_b": 0.01, "cum_cov_ab": 0.054321, "MCORNERP1": 6.0, "MCORNERP2": 6.2, "MCORNERP3": 6.4, "MAXMAGP1": 6.2, "MAXMAGP2": 6.4, "utsu_bval2": 0.0, "utsu_aval": 0.0, "utsu_Minfl": 0.0, "FID_gras26": -1, "Shape_Leng": 814147.43034700002, "Shape_Area": 29021324007.599998 }, "geometry": { "type": "Polygon", "coordinates": [ [ [ 7.633130000369563, 45.310858999993357, 0.0 ], [ 7.509612702526957, 45.118005908114093, 0.0 ], [ 7.419786330444745, 44.815379355208925, 0.0 ], [ 7.439078527028614, 44.666281145379529, 0.0 ], [ 7.570440004661985, 44.486626106550879, 0.0 ], [ 7.667113772421007, 44.160614051899685, 0.0 ], [ 7.205024443468462, 44.142719767465103, 0.0 ], [ 7.11244951138279, 44.209780154179448, 0.0 ], [ 6.870204004258818, 44.265726323483761, 0.0 ], [ 6.801997590037077, 44.405239443062271, 0.0 ], [ 6.67000000007965, 44.479999999756203, 0.0 ], [ 6.548332681953374, 44.71216241594643, 0.0 ], [ 6.488788277350308, 44.872000122453514, 0.0 ], [ 6.487130962007927, 44.997000238500171, 0.0 ], [ 6.706062012862788, 45.332241782977519, 0.0 ], [ 6.984382868260311, 45.622611519147739, 0.0 ], [ 7.30225667317837, 45.840104123101078, 0.0 ], [ 7.998287535769061, 46.034895061764438, 0.0 ], [ 8.259834356478745, 45.628238910396604, 0.0 ], [ 7.762297999589951, 45.402624999793908, 0.0 ], [ 7.633130000369563, 45.310858999993357, 0.0 ] ] ] } },
{ "type": "Feature", "properties": { "FID_gras38": -1, "FID_gras24": -1, "FID_gras_1": -1, "FID_eshm20": 245, "ZONE_ID": "ITAS301", "areakm2": 20699.836583200002, "tctCluster": "Shallow Default", "CSZ_ID": "SZ08", "TECTO_ID": "TSZ032", "magScaleRe": "WC1994", "SS": 20.0, "NF": 30.0, "TF": 50.0, "MINDEPTH": 0.0, "MAXDEPTH": 20.0, "HYPODEPTH1": 2.0, "HYPODEPTH2": 10.0, "HYPODEPTH3": 18.0, "WHDEPTH1": 0.1, "WHDEPTH2": 0.4, "WHDEPTH3": 0.5, "WMAXMAG01": 0.5, "WMAXMAG02": 0.4, "WMAXMAG03": 0.1, "MAXMAG01": 7.1, "MAXMAG02": 7.4, "MAXMAG03": 7.7, "STRIKE1": 84.203909, "STRIKE2": 94.825968, "STRIKE3": 261.994721, "STRIKE4": 275.842167, "DIP1": 21.708825, "DIP2": 22.165048, "DIP3": 47.71886, "DIP4": 48.201667, "aspRatio": 1.0, "mfd_bin": 0.2, "a_val": 3.85, "a_hi": 3.90641099628, "a_mid": 3.8501397057600002, "a_lo": 3.79386841523, "sigma_a": 0.104974958612, "b_val": 1.02, "b_hi": 1.06960831778, "b_mid": 1.02, "b_lo": 0.97039168222100003, "sigma_b": 0.024238745997, "cum_cov_ab": 0.054321, "MCORNERP1": 6.6, "MCORNERP2": 6.8, "MCORNERP3": 7.0, "MAXMAGP1": 6.8, "MAXMAGP2": 7.0, "utsu_bval2": 0.0, "utsu_aval": 0.0, "utsu_Minfl": 0.0, "FID_gras26": -1, "Shape_Leng": 835294.67858099996, "Shape_Area": 26443969173.900002 }, "geometry": { "type": "Polygon", "coordinates": [ [ [ 14.575943000073837, 38.76968400005557, 0.0 ], [ 14.719366000720246, 38.347472999931696, 0.0 ], [ 13.158575057805692, 38.250534057973219, 0.0 ], [ 12.349725635675194, 38.168229622365061, 0.0 ], [ 11.893800000026602, 37.999899999054414, 0.0 ], [ 11.588578846409419, 38.136956751681012, 0.0 ], [ 11.562700000041477, 38.395000000204028, 0.0 ], [ 11.540177999786762, 38.651918999514848, 0.0 ], [ 13.133067000054396, 38.794505999654127, 0.0 ], [ 14.212830999543179, 38.808871999654826, 0.0 ], [ 14.575943000073837, 38.76968400005557, 0.0 ] ] ] } },
{ "type": "Feature", "properties": { "FID_gras38": -1, "FID_gras24": -1, "FID_gras_1": -1, "FID_eshm20": 246, "ZONE_ID": "ITAS302", "areakm2": 6379.8785792099998, "tctCluster": "Shallow Default", "CSZ_ID": "SZ08", "TECTO_ID": "TSZ032", "magScaleRe": "WC1994", "SS": 30.0, "NF": 65.0, "TF": 5.0, "MINDEPTH": 8.0, "MAXDEPTH": 20.0, "HYPODEPTH1": 9.0, "HYPODEPTH2": 10.0, "HYPODEPTH3": 18.0, "WHDEPTH1": 0.1, "WHDEPTH2": 0.4, "WHDEPTH3": 0.5, "WMAXMAG01": 0.5, "WMAXMAG02": 0.4, "WMAXMAG03": 0.1, "MAXMAG01": 6.3, "MAXMAG02": 6.6, "MAXMAG03": 6.9, "STRIKE1": 0.0, "STRIKE2": 0.0, "STRIKE3": 0.0, "STRIKE4": 338.963569, "DIP1": 89.99, "DIP2": 0.0, "DIP3": 0.0, "DIP4": 75.750892, "aspRatio": 1.0, "mfd_bin": 0.2, "a_val": 3.18, "a_hi": 3.2480283270600001, "a_mid": 3.18043767162, "a_lo": 3.1128470161699999, "sigma_a": 0.109337295652, "b_val": 0.96, "b_hi": 1.00943337276, "b_mid": 0.96, "b_lo": 0.91056662723699999, "sigma_b": 0.024068090310300001, "cum_cov_ab": 0.054321, "MCORNERP1": 6.4, "MCORNERP2": 6.6, "MCORNERP3": 6.8, "MAXMAGP1": 6.6, "MAXMAGP2": 6.8, "utsu_bval2": 0.0, "utsu_aval": 0.0, "utsu_Minfl": 0.0, "FID_gras26": -1, "Shape_Leng": 442711.109031, "Shape_Area": 8366091119.1000004 }, "geometry": { "type": "Polygon", "coordinates": [ [ [ 15.170981000409371, 38.290005000190824, 0.0 ], [ 15.294990539993396, 37.794456481485881, 0.0 ], [ 15.174968718973652, 37.513366698817698, 0.0 ], [ 14.858960151656987, 37.569961547455136, 0.0 ], [ 14.794010999909371, 37.743269999656647, 0.0 ], [ 14.837769000105833, 37.835723999507756, 0.0 ], [ 14.719366000720246, 38.347472999931696, 0.0 ], [ 14.575943000073837, 38.76968400005557, 0.0 ], [ 14.989361541355732, 38.778571604013578, 0.0 ], [ 15.170981000409371, 38.290005000190824, 0.0 ] ] ] } },
{ "type": "Feature", "properties": { "FID_gras38": -1, "FID_gras24": -1, "FID_gras_1": -1, "FID_eshm20": 247, "ZONE_ID": "ITAS303", "areakm2": 15312.8340763, "tctCluster": "Shallow Default", "CSZ_ID": "SZ37", "TECTO_ID": "TSZ027", "magScaleRe": "WC1994", "SS": 30.0, "NF": 65.0, "TF": 5.0, "MINDEPTH": 8.0, "MAXDEPTH": 20.0, "HYPODEPTH1": 9.0, "HYPODEPTH2": 10.0, "HYPODEPTH3": 18.0, "WHDEPTH1": 0.1, "WHDEPTH2": 0.4, "WHDEPTH3": 0.5, "WMAXMAG01": 0.5, "WMAXMAG02": 0.4, "WMAXMAG03": 0.1, "MAXMAG01": 7.4, "MAXMAG02": 7.7, "MAXMAG03": 8.1, "STRIKE1": 89.918182, "STRIKE2": 0.0, "STRIKE3": 0.0, "STRIKE4": 273.925629, "DIP1": 75.675, "DIP2": 0.0, "DIP3": 0.0, "DIP4": 70.505814, "aspRatio": 1.0, "mfd_bin": 0.2, "a_val": 2.95, "a_hi": 3.0002323682299998, "a_mid": 2.9500783562400001, "a_lo": 2.89992434424, "sigma_a": 0.087129558220600006, "b_val": 0.85, "b_hi": 0.89189535632899997, "b_mid": 0.85, "b_lo": 0.80810464367099999, "sigma_b": 0.017287529095899999, "cum_cov_ab": 0.054321, "MCORNERP1": 6.8, "MCORNERP2": 7.0, "MCORNERP3": 7.2, "MAXMAGP1": 7.0, "MAXMAGP2": 7.2, "utsu_bval2": 0.0, "utsu_aval": 0.0, "utsu_Minfl": 0.0, "FID_gras26": -1, "Shape_Leng": 825858.31137999997, "Shape_Area": 24753040468.400002 }, "geometry": { "type": "Polygon", "coordinates": [ [ [ 16.538572311824158, 41.448795318433184, 0.0 ], [ 16.540356000364113, 40.861224999833389, 0.0 ], [ 17.442276053937228, 40.840198753402994, 0.0 ], [ 17.440999999771055, 40.48500000000908, 0.0 ], [ 15.815711975089132, 40.52594757037879, 0.0 ], [ 15.447839736290881, 40.865009307612567, 0.0 ], [ 15.116708756106524, 41.128231048515957, 0.0 ], [ 14.96627795660622, 41.228636227510457, 0.0 ], [ 14.620584487962327, 41.459369659339004, 0.0 ], [ 16.538572311824158, 41.448795318433184, 0.0 ] ] ] } },
{ "type": "Feature", "properties": { "FID_gras38": -1, "FID_gras24": -1, "FID_gras_1": -1, "FID_eshm20": 248, "ZONE_ID": "ITAS305", "areakm2": 54412.193141099997, "tctCluster": "Shallow Default", "CSZ_ID": "SZ37", "TECTO_ID": "TSZ222", "magScaleRe": "WC1994", "SS": 35.0, "NF": 15.0, "TF": 50.0, "MINDEPTH": 0.0, "MAXDEPTH": 20.0, "HYPODEPTH1": 2.0, "HYPODEPTH2": 10.0, "HYPODEPTH3": 18.0, "WHDEPTH1": 0.1, "WHDEPTH2": 0.4, "WHDEPTH3": 0.5, "WMAXMAG01": 0.5, "WMAXMAG02": 0.4, "WMAXMAG03": 0.1, "MAXMAG01": 6.9, "MAXMAG02": 7.2, "MAXMAG03": 7.5, "STRIKE1": 0.0, "STRIKE2": 0.0, "STRIKE3": 0.0, "STRIKE4": 319.95943, "DIP1": 89.99, "DIP2": 0.0, "DIP3": 0.0, "DIP4": 30.375203, "aspRatio": 1.0, "mfd_bin": 0.2, "a_val": 3.07575749056, "a_hi": 3.1489165933300001, "a_mid": 3.07579864114, "a_lo": 3.00268068896, "sigma_a": 0.061423452801700001, "b_val": 1.0, "b_hi": 1.0754547138299999, "b_mid": 1.0, "b_lo": 0.92454528617099996, "sigma_b": 0.056075596189000002, "cum_cov_ab": 0.054321, "MCORNERP1": 6.0, "MCORNERP2": 6.2, "MCORNERP3": 6.4, "MAXMAGP1": 6.2, "MAXMAGP2": 6.4, "utsu_bval2": 0.0, "utsu_aval": 0.0, "utsu_Minfl": 0.0, "FID_gras26": -1, "Shape_Leng": 1497036.8311600001, "Shape_Area": 72227158329.0 }, "geometry": { "type": "Polygon", "coordinates": [ [ [ 17.601276856706523, 41.872998307616747, 0.0 ], [ 17.839950316409439, 41.388230309578255, 0.0 ], [ 18.199912705874677, 41.152461447269502, 0.0 ], [ 18.60275811668669, 40.888604980867264, 0.0 ], [ 19.062236726726226, 40.587654791016753, 0.0 ], [ 18.689981817862559, 39.703601079143588, 0.0 ], [ 18.328666687750296, 38.896766662491423, 0.0 ], [ 17.203224000156087, 39.691643000222442, 0.0 ], [ 16.198333739673881, 40.086666107316354, 0.0 ], [ 15.815711975089132, 40.52594757037879, 0.0 ], [ 17.440999999771055, 40.48500000000908, 0.0 ], [ 17.442276053937228, 40.840198753402994, 0.0 ], [ 16.540356000364113, 40.861224999833389, 0.0 ], [ 16.538572311824158, 41.448795318433184, 0.0 ], [ 17.016130447611229, 41.446163177421198, 0.0 ], [ 17.030021667279769, 41.927883148173038, 0.0 ], [ 17.601276856706523, 41.872998307616747, 0.0 ] ] ] } },
{ "type": "Feature", "properties": { "FID_gras38": -1, "FID_gras24": -1, "FID_gras_1": -1, "FID_eshm20": 249, "ZONE_ID": "ITAS306", "areakm2": 23010.884540200001, "tctCluster": "Shallow Default", "CSZ_ID": "SZ08", "TECTO_ID": "TSZ132", "magScaleRe": "WC1994", "SS": 20.0, "NF": 30.0, "TF": 50.0, "MINDEPTH": 0.0, "MAXDEPTH": 20.0, "HYPODEPTH1": 2.0, "HYPODEPTH2": 10.0, "HYPODEPTH3": 18.0, "WHDEPTH1": 0.1, "WHDEPTH2": 0.4, "WHDEPTH3": 0.5, "WMAXMAG01": 0.5, "WMAXMAG02": 0.4, "WMAXMAG03": 0.1, "MAXMAG01": 7.1, "MAXMAG02": 7.4, "MAXMAG03": 7.7, "STRIKE1": 0.0, "STRIKE2": 0.0, "STRIKE3": 244.77874, "STRIKE4": 302.833611, "DIP1": 27.26424, "DIP2": 0.0, "DIP3": 27.26424, "DIP4": 27.220963, "aspRatio": 1.0, "mfd_bin": 0.2, "a_val": 2.97, "a_hi": 3.0557291427300002, "a_mid": 2.96998049262, "a_lo": 2.8842318425000002, "sigma_a": 0.12804586993600001, "b_val": 0.883, "b_hi": 0.93654153073500002, "b_mid": 0.883, "b_lo": 0.829458469265, "sigma_b": 0.0282346698408, "cum_cov_ab": 0.054321, "MCORNERP1": 6.5, "MCORNERP2": 6.7, "MCORNERP3": 6.9, "MAXMAGP1": 6.8, "MAXMAGP2": 6.8, "utsu_bval2": 0.0, "utsu_aval": 0.0, "utsu_Minfl": 0.0, "FID_gras26": -1, "Shape_Leng": 871291.47949900001, "Shape_Area": 30298386365.099998 }, "geometry": { "type": "Polygon", "coordinates": [ [ [ 14.794010999909371, 37.743269999656647, 0.0 ], [ 14.858960151656987, 37.569961547455136, 0.0 ], [ 15.174968718973652, 37.513366698817698, 0.0 ], [ 14.700623512004816, 37.359161376371233, 0.0 ], [ 14.403430938950047, 37.182456969786557, 0.0 ], [ 14.223557472432063, 37.070060729385098, 0.0 ], [ 13.923681259721105, 37.05918502732991, 0.0 ], [ 13.711199760466625, 37.110744476023875, 0.0 ], [ 13.50432681992503, 37.197254180897396, 0.0 ], [ 13.109631538919862, 37.488861084039129, 0.0 ], [ 12.59656299995158, 37.318881999890031, 0.0 ], [ 11.893800000026602, 37.999899999054414, 0.0 ], [ 12.349725635675194, 38.168229622365061, 0.0 ], [ 13.158575057805692, 38.250534057973219, 0.0 ], [ 13.772899999580673, 37.78850000005756, 0.0 ], [ 14.093664168959707, 37.826564789014995, 0.0 ], [ 14.794010999909371, 37.743269999656647, 0.0 ] ] ] } },
{ "type": "Feature", "properties": { "FID_gras38": -1, "FID_gras24": -1, "FID_gras_1": -1, "FID_eshm20": 250, "ZONE_ID": "ITAS307", "areakm2": 8514.7869724600005, "tctCluster": "Shallow Default", "CSZ_ID": "SZ08", "TECTO_ID": "TSZ032", "magScaleRe": "WC1994", "SS": 20.0, "NF": 30.0, "TF": 50.0, "MINDEPTH": 7.0, "MAXDEPTH": 15.0, "HYPODEPTH1": 8.0, "HYPODEPTH2": 10.0, "HYPODEPTH3": 12.0, "WHDEPTH1": 0.3, "WHDEPTH2": 0.6, "WHDEPTH3": 0.1, "WMAXMAG01": 0.5, "WMAXMAG02": 0.4, "WMAXMAG03": 0.1, "MAXMAG01": 7.1, "MAXMAG02": 7.4, "MAXMAG03": 7.7, "STRIKE1": 0.0, "STRIKE2": 0.0, "STRIKE3": 0.0, "STRIKE4": 0.0, "DIP1": 89.99, "DIP2": 0.0, "DIP3": 0.0, "DIP4": 0.0, "aspRatio": 1.0, "mfd_bin": 0.2, "a_val": 3.31, "a_hi": 3.3629891887, "a_mid": 3.3100132764899999, "a_lo": 3.2570373642799999, "sigma_a": 0.082364805752299999, "b_val": 0.96, "b_hi": 1.00137060249, "b_mid": 0.96, "b_lo": 0.91862939750700001, "sigma_b": 0.016857176668899999, "cum_cov_ab": 0.054321, "MCORNERP1": 6.0, "MCORNERP2": 6.2, "MCORNERP3": 6.4, "MAXMAGP1": 6.4, "MAXMAGP2": 6.4, "utsu_bval2": 0.0, "utsu_aval": 0.0, "utsu_Minfl": 0.0, "FID_gras26": -1, "Shape_Leng": 471263.64693799999, "Shape_Area": 10813162451.4 }, "geometry": { "type": "Polygon", "coordinates": [ [ [ 14.794010999909371, 37.743269999656647, 0.0 ], [ 14.093664168959707, 37.826564789014995, 0.0 ], [ 13.772899999580673, 37.78850000005756, 0.0 ], [ 13.158575057805692, 38.250534057973219, 0.0 ], [ 14.719366000720246, 38.347472999931696, 0.0 ], [ 14.837769000105833, 37.835723999507756, 0.0 ], [ 14.794010999909371, 37.743269999656647, 0.0 ] ] ] } },
{ "type": "Feature", "properties": { "FID_gras38": -1, "FID_gras24": -1, "FID_gras_1": -1, "FID_eshm20": 251, "ZONE_ID": "ITAS308", "areakm2": 14634.328394, "tctCluster": "Shallow Default", "CSZ_ID": "SZ37", "TECTO_ID": "TSZ094", "magScaleRe": "WC1994", "SS": 30.0, "NF": 65.0, "TF": 5.0, "MINDEPTH": 8.0, "MAXDEPTH": 15.0, "HYPODEPTH1": 10.0, "HYPODEPTH2": 12.0, "HYPODEPTH3": 14.0, "WHDEPTH1": 0.3, "WHDEPTH2": 0.6, "WHDEPTH3": 0.1, "WMAXMAG01": 0.5, "WMAXMAG02": 0.4, "WMAXMAG03": 0.1, "MAXMAG01": 7.4, "MAXMAG02": 7.7, "MAXMAG03": 8.0, "STRIKE1": 25.322861, "STRIKE2": 147.194, "STRIKE3": 181.0645, "STRIKE4": 288.159071, "DIP1": 28.564215, "DIP2": 62.3886, "DIP3": 57.6083, "DIP4": 72.026571, "aspRatio": 1.0, "mfd_bin": 0.2, "a_val": 3.04, "a_hi": 3.0670442491099998, "a_mid": 3.0397504166, "a_lo": 3.0124565840900002, "sigma_a": 0.058433633370699997, "b_val": 0.8, "b_hi": 0.83443072570099996, "b_mid": 0.8, "b_lo": 0.76556927429900001, "sigma_b": 0.0116759842356, "cum_cov_ab": 0.054321, "MCORNERP1": 7.3, "MCORNERP2": 7.5, "MCORNERP3": 7.7, "MAXMAGP1": 7.6, "MAXMAGP2": 7.6, "utsu_bval2": 0.35, "utsu_aval": 3.04, "utsu_Minfl": 5.8, "FID_gras26": -1, "Shape_Leng": 734122.15517699998, "Shape_Area": 18740213501.799999 }, "geometry": { "type": "Polygon", "coordinates": [ [ [ 16.460296631277064, 39.705238341708238, 0.0 ], [ 16.666437000196073, 39.252656999561907, 0.0 ], [ 16.667726517413382, 39.001201629100649, 0.0 ], [ 15.853793547056373, 37.934704988754191, 0.0 ], [ 15.726120999340598, 37.757441999497878, 0.0 ], [ 15.294990539993396, 37.794456481485881, 0.0 ], [ 15.170981000409371, 38.290005000190824, 0.0 ], [ 15.631821439351636, 38.343142214977469, 0.0 ], [ 16.027631759593071, 39.003452300710933, 0.0 ], [ 16.040163040414235, 39.439914703093741, 0.0 ], [ 16.045110702284376, 39.710124969016981, 0.0 ], [ 16.460296631277064, 39.705238341708238, 0.0 ] ] ] } },
{ "type": "Feature", "properties": { "FID_gras38": -1, "FID_gras24": -1, "FID_gras_1": -1, "FID_eshm20": 252, "ZONE_ID": "ITAS309", "areakm2": 87534.179966600001, "tctCluster": "Shallow Default", "CSZ_ID": "SZ38", "TECTO_ID": "TSZ111", "magScaleRe": "WC1994", "SS": 55.0, "NF": 10.0, "TF": 35.0, "MINDEPTH": 0.0, "MAXDEPTH": 20.0, "HYPODEPTH1": 2.0, "HYPODEPTH2": 10.0, "HYPODEPTH3": 18.0, "WHDEPTH1": 0.1, "WHDEPTH2": 0.4, "WHDEPTH3": 0.5, "WMAXMAG01": 0.5, "WMAXMAG02": 0.4, "WMAXMAG03": 0.1, "MAXMAG01": 7.1, "MAXMAG02": 7.4, "MAXMAG03": 7.7, "STRIKE1": 63.423806, "STRIKE2": 121.845222, "STRIKE3": 237.329145, "STRIKE4": 274.800571, "DIP1": 34.051259, "DIP2": 58.064444, "DIP3": 37.862879, "DIP4": 47.873429, "aspRatio": 1.0, "mfd_bin": 0.2, "a_val": 4.33, "a_hi": 4.3681337645099996, "a_mid": 4.3302360342600004, "a_lo": 4.2923383040100003, "sigma_a": 0.074736567246400001, "b_val": 1.05, "b_hi": 1.0899738158200001, "b_mid": 1.05, "b_lo": 1.01002618418, "sigma_b": 0.015738102197699999, "cum_cov_ab": 0.054321, "MCORNERP1": 6.0, "MCORNERP2": 6.2, "MCORNERP3": 6.4, "MAXMAGP1": 6.4, "MAXMAGP2": 6.6, "utsu_bval2": 0.0, "utsu_aval": 0.0, "utsu_Minfl": 0.0, "FID_gras26": -1, "Shape_Leng": 1601888.8825099999, "Shape_Area": 121898908975.0 }, "geometry": { "type": "Polygon", "coordinates": [ [ [ 11.540177999786762, 38.651918999514848, 0.0 ], [ 11.562700000041477, 38.395000000204028, 0.0 ], [ 10.001315623762032, 36.059118342243032, 0.0 ], [ 5.781717199867829, 37.372153055461148, 0.0 ], [ 11.002829132362598, 38.913867847273401, 0.0 ], [ 11.540177999786762, 38.651918999514848, 0.0 ] ] ] } },
{ "type": "Feature", "properties": { "FID_gras38": -1, "FID_gras24": -1, "FID_gras_1": -1, "FID_eshm20": 253, "ZONE_ID": "ITAS312", "areakm2": 16107.677555, "tctCluster": "Shallow Default", "CSZ_ID": "SZ47", "TECTO_ID": "TSZ107", "magScaleRe": "WC1994", "SS": 70.0, "NF": 25.0, "TF": 5.0, "MINDEPTH": 7.0, "MAXDEPTH": 15.0, "HYPODEPTH1": 8.0, "HYPODEPTH2": 10.0, "HYPODEPTH3": 12.0, "WHDEPTH1": 0.3, "WHDEPTH2": 0.6, "WHDEPTH3": 0.1, "WMAXMAG01": 0.5, "WMAXMAG02": 0.4, "WMAXMAG03": 0.1, "MAXMAG01": 6.9, "MAXMAG02": 7.2, "MAXMAG03": 7.2, "STRIKE1": 66.2635, "STRIKE2": 0.0, "STRIKE3": 0.0, "STRIKE4": 309.770625, "DIP1": 44.349, "DIP2": 0.0, "DIP3": 0.0, "DIP4": 36.543375, "aspRatio": 1.0, "mfd_bin": 0.2, "a_val": 2.531, "a_hi": 2.655738801, "a_mid": 2.53136721577, "a_lo": 2.40699563054, "sigma_a": 0.228718910119, "b_val": 0.92, "b_hi": 0.99124992781300003, "b_mid": 0.92, "b_lo": 0.84875007218700005, "sigma_b": 0.05, "cum_cov_ab": 0.054321, "MCORNERP1": 6.0, "MCORNERP2": 6.2, "MCORNERP3": 6.4, "MAXMAGP1": 6.2, "MAXMAGP2": 6.4, "utsu_bval2": 0.0, "utsu_aval": 0.0, "utsu_Minfl": 0.0, "FID_gras26": -1, "Shape_Leng": 678238.13180600002, "Shape_Area": 22718477038.700001 }, "geometry": { "type": "Polygon", "coordinates": [ [ [ 9.369272918584194, 45.308083753275731, 0.0 ], [ 8.952712000369836, 44.909594999821771, 0.0 ], [ 8.573195457499038, 44.664970397804922, 0.0 ], [ 8.281191027112591, 44.420204029139697, 0.0 ], [ 8.116534457365615, 44.270843067424288, 0.0 ], [ 8.072137000417337, 44.10577800038034, 0.0 ], [ 7.869385658858338, 44.203787191125414, 0.0 ], [ 7.667113772421007, 44.160614051899685, 0.0 ], [ 7.570440004661985, 44.486626106550879, 0.0 ], [ 7.439078527028614, 44.666281145379529, 0.0 ], [ 7.419786330444745, 44.815379355208925, 0.0 ], [ 7.509612702526957, 45.118005908114093, 0.0 ], [ 7.633130000369563, 45.310858999993357, 0.0 ], [ 8.256311000441029, 45.333058999419706, 0.0 ], [ 8.772423023507109, 45.245345502197985, 0.0 ], [ 9.100334950159619, 45.231961342309368, 0.0 ], [ 9.369272918584194, 45.308083753275731, 0.0 ] ] ] } },
{ "type": "Feature", "properties": { "FID_gras38": -1, "FID_gras24": -1, "FID_gras_1": -1, "FID_eshm20": 254, "ZONE_ID": "ITAS313", "areakm2": 12937.369037799999, "tctCluster": "Shallow Default", "CSZ_ID": "SZ40", "TECTO_ID": "TSZ097", "magScaleRe": "WC1994", "SS": 20.0, "NF": 60.0, "TF": 20.0, "MINDEPTH": 6.0, "MAXDEPTH": 15.0, "HYPODEPTH1": 8.0, "HYPODEPTH2": 10.0, "HYPODEPTH3": 14.0, "WHDEPTH1": 0.3, "WHDEPTH2": 0.6, "WHDEPTH3": 0.1, "WMAXMAG01": 0.5, "WMAXMAG02": 0.4, "WMAXMAG03": 0.1, "MAXMAG01": 7.1, "MAXMAG02": 7.4, "MAXMAG03": 7.7, "STRIKE1": 0.0, "STRIKE2": 0.0, "STRIKE3": 240.154135, "STRIKE4": 284.404395, "DIP1": 38.827062, "DIP2": 0.0, "DIP3": 38.827062, "DIP4": 37.174395, "aspRatio": 1.0, "mfd_bin": 0.2, "a_val": 3.0528996884900002, "a_hi": 3.0770659146599999, "a_mid": 3.0529710461200001, "a_lo": 3.0288761775899999, "sigma_a": 0.057764894148599998, "b_val": 0.82353672837799996, "b_hi": 0.85826966977100005, "b_mid": 0.82353672837799996, "b_lo": 0.788803786984, "sigma_b": 0.0118818557076, "cum_cov_ab": 0.054321, "MCORNERP1": 6.6, "MCORNERP2": 6.8, "MCORNERP3": 7.0, "MAXMAGP1": 7.0, "MAXMAGP2": 7.0, "utsu_bval2": 0.0, "utsu_aval": 0.0, "utsu_Minfl": 0.0, "FID_gras26": -1, "Shape_Leng": 742413.68375600001, "Shape_Area": 18639960264.0 }, "geometry": { "type": "Polygon", "coordinates": [ [ [ 13.406897386654075, 46.435659919501894, 0.0 ], [ 13.427098999902327, 45.659987999580927, 0.0 ], [ 12.814171000377883, 46.063012000095704, 0.0 ], [ 12.610524600826009, 45.965072076413804, 0.0 ], [ 12.182925000245744, 45.736098999256853, 0.0 ], [ 11.938539000039189, 45.727155999548003, 0.0 ], [ 11.623307000234524, 45.525635999336473, 0.0 ], [ 11.266213798345753, 45.811819730423395, 0.0 ], [ 11.170324521239497, 45.934317026462224, 0.0 ], [ 11.917319432080614, 46.109997699739687, 0.0 ], [ 12.595500000119673, 46.4010999999565, 0.0 ], [ 12.717843106461142, 46.441693150693418, 0.0 ], [ 12.917427991746512, 46.558498109041281, 0.0 ], [ 13.117779999656932, 46.503169999906163, 0.0 ], [ 13.406897386654075, 46.435659919501894, 0.0 ] ] ] } },
{ "type": "Feature", "properties": { "FID_gras38": -1, "FID_gras24": -1, "FID_gras_1": -1, "FID_eshm20": 255, "ZONE_ID": "ITAS314", "areakm2": 5556.9803516499996, "tctCluster": "Shallow Default", "CSZ_ID": "SZ40", "TECTO_ID": "TSZ097", "magScaleRe": "WC1994", "SS": 40.0, "NF": 10.0, "TF": 50.0, "MINDEPTH": 0.0, "MAXDEPTH": 30.0, "HYPODEPTH1": 2.0, "HYPODEPTH2": 10.0, "HYPODEPTH3": 18.0, "WHDEPTH1": 0.1, "WHDEPTH2": 0.4, "WHDEPTH3": 0.5, "WMAXMAG01": 0.5, "WMAXMAG02": 0.4, "WMAXMAG03": 0.1, "MAXMAG01": 7.1, "MAXMAG02": 7.4, "MAXMAG03": 7.7, "STRIKE1": 0.0, "STRIKE2": 0.0, "STRIKE3": 260.687222, "STRIKE4": 301.812138, "DIP1": 49.385333, "DIP2": 0.0, "DIP3": 49.385333, "DIP4": 43.702027, "aspRatio": 1.0, "mfd_bin": 0.2, "a_val": 2.7219348448399998, "a_hi": 2.7858081005300002, "a_mid": 2.7218616609200001, "a_lo": 2.6579152213100001, "sigma_a": 0.095881258780400005, "b_val": 0.94536278120700001, "b_hi": 0.99013329759799995, "b_mid": 0.94536278120700001, "b_lo": 0.90059226481599997, "sigma_b": 0.019741736651699999, "cum_cov_ab": 0.054321, "MCORNERP1": 6.0, "MCORNERP2": 6.2, "MCORNERP3": 6.4, "MAXMAGP1": 6.2, "MAXMAGP2": 6.4, "utsu_bval2": 0.0, "utsu_aval": 0.0, "utsu_Minfl": 0.0, "FID_gras26": -1, "Shape_Leng": 442239.68846099998, "Shape_Area": 7921650989.0600004 }, "geometry": { "type": "Polygon", "coordinates": [ [ [ 11.623307000234524, 45.525635999336473, 0.0 ], [ 11.480867999777312, 45.340813999972909, 0.0 ], [ 10.856278000267531, 45.133003000014817, 0.0 ], [ 10.625112000345855, 45.118541999657964, 0.0 ], [ 10.168735275677344, 45.186623476885707, 0.0 ], [ 10.678144000024723, 45.357051999545028, 0.0 ], [ 10.822232000119751, 45.43678999924277, 0.0 ], [ 11.170324521239497, 45.934317026462224, 0.0 ], [ 11.266213798345753, 45.811819730423395, 0.0 ], [ 11.623307000234524, 45.525635999336473, 0.0 ] ] ] } },
{ "type": "Feature", "properties": { "FID_gras38": -1, "FID_gras24": -1, "FID_gras_1": -1, "FID_eshm20": 256, "ZONE_ID": "ITAS315", "areakm2": 22954.540506199999, "tctCluster": "Shallow Default", "CSZ_ID": "SZ39", "TECTO_ID": "TSZ021", "magScaleRe": "WC1994", "SS": 40.0, "NF": 10.0, "TF": 50.0, "MINDEPTH": 0.0, "MAXDEPTH": 30.0, "HYPODEPTH1": 2.0, "HYPODEPTH2": 10.0, "HYPODEPTH3": 18.0, "WHDEPTH1": 0.1, "WHDEPTH2": 0.4, "WHDEPTH3": 0.5, "WMAXMAG01": 0.5, "WMAXMAG02": 0.4, "WMAXMAG03": 0.1, "MAXMAG01": 6.3, "MAXMAG02": 6.6, "MAXMAG03": 6.9, "STRIKE1": 0.0, "STRIKE2": 0.0, "STRIKE3": 260.687222, "STRIKE4": 301.812138, "DIP1": 49.385333, "DIP2": 0.0, "DIP3": 49.385333, "DIP4": 43.702027, "aspRatio": 1.0, "mfd_bin": 0.2, "a_val": 2.5815727156500001, "a_hi": 2.6584376348199998, "a_mid": 2.5810332283699999, "a_lo": 2.50362882192, "sigma_a": 0.15, "b_val": 1.0, "b_hi": 1.0712499278100001, "b_mid": 1.0, "b_lo": 0.92875007218700001, "sigma_b": 0.05, "cum_cov_ab": 0.054321, "MCORNERP1": 6.0, "MCORNERP2": 6.2, "MCORNERP3": 6.4, "MAXMAGP1": 6.0, "MAXMAGP2": 6.2, "utsu_bval2": 0.0, "utsu_aval": 0.0, "utsu_Minfl": 0.0, "FID_gras26": -1, "Shape_Leng": 706929.54544300004, "Shape_Area": 31773464463.299999 }, "geometry": { "type": "Polygon", "coordinates": [ [ [ 14.040059000112139, 44.921091999922702, 0.0 ], [ 13.755765319154053, 44.632510678866957, 0.0 ], [ 13.353699000119951, 44.241527999906459, 0.0 ], [ 13.247393000014576, 44.055724999351284, 0.0 ], [ 12.877854999913668, 44.204082000017983, 0.0 ], [ 12.53863500051458, 44.256404999815153, 0.0 ], [ 12.355965999290317, 44.320960999038981, 0.0 ], [ 12.353811000212536, 44.541439999841963, 0.0 ], [ 12.096155000390684, 44.786739999281281, 0.0 ], [ 12.413332861593508, 45.314775833411851, 0.0 ], [ 13.427098999902327, 45.659987999580927, 0.0 ], [ 13.532186999466784, 45.364419999326415, 0.0 ], [ 14.040059000112139, 44.921091999922702, 0.0 ] ] ] } },
{ "type": "Feature", "properties": { "FID_gras38": -1, "FID_gras24": -1, "FID_gras_1": -1, "FID_eshm20": 257, "ZONE_ID": "ITAS316", "areakm2": 42141.017213699997, "tctCluster": "Shallow Default", "CSZ_ID": "SZ37", "TECTO_ID": "TSZ050", "magScaleRe": "WC1994", "SS": 20.0, "NF": 30.0, "TF": 50.0, "MINDEPTH": 0.0, "MAXDEPTH": 20.0, "HYPODEPTH1": 2.0, "HYPODEPTH2": 10.0, "HYPODEPTH3": 18.0, "WHDEPTH1": 0.1, "WHDEPTH2": 0.4, "WHDEPTH3": 0.5, "WMAXMAG01": 0.5, "WMAXMAG02": 0.4, "WMAXMAG03": 0.1, "MAXMAG01": 6.3, "MAXMAG02": 6.6, "MAXMAG03": 6.9, "STRIKE1": 0.0, "STRIKE2": 0.0, "STRIKE3": 0.0, "STRIKE4": 302.218263, "DIP1": 89.99, "DIP2": 0.0, "DIP3": 0.0, "DIP4": 72.990105, "aspRatio": 1.0, "mfd_bin": 0.2, "a_val": 2.2779718997699998, "a_hi": 2.3739377751499999, "a_mid": 2.2780436183899999, "a_lo": 2.1821494616399999, "sigma_a": 0.154019880306, "b_val": 1.0282158448500001, "b_hi": 1.08575610838, "b_mid": 1.0282158448500001, "b_lo": 0.97067558132599996, "sigma_b": 0.032609552580799998, "cum_cov_ab": 0.054321, "MCORNERP1": 6.0, "MCORNERP2": 6.2, "MCORNERP3": 6.4, "MAXMAGP1": 5.8, "MAXMAGP2": 5.8, "utsu_bval2": 0.0, "utsu_aval": 0.0, "utsu_Minfl": 0.0, "FID_gras26": -1, "Shape_Leng": 1340875.1316500001, "Shape_Area": 57413946102.800003 }, "geometry": { "type": "Polygon", "coordinates": [ [ [ 10.010623999973731, 43.613112999766116, 0.0 ], [ 11.829214413542468, 42.15446421865493, 0.0 ], [ 12.349863990601989, 41.713086513593964, 0.0 ], [ 12.650768115848191, 41.333839190688806, 0.0 ], [ 12.424517054865753, 41.112598697539958, 0.0 ], [ 11.656898999922555, 41.424083999738315, 0.0 ], [ 11.236168999576289, 41.796268999725797, 0.0 ], [ 10.758800999405636, 42.030906999439878, 0.0 ], [ 10.184341999959146, 42.160362999720633, 0.0 ], [ 9.701400000162915, 42.942199999293742, 0.0 ], [ 8.573930847136719, 43.698739088069019, 0.0 ], [ 9.203714371121698, 44.25088882392275, 0.0 ], [ 9.568625000073778, 44.051554999537821, 0.0 ], [ 10.010623999973731, 43.613112999766116, 0.0 ] ] ] } },
{ "type": "Feature", "properties": { "FID_gras38": -1, "FID_gras24": -1, "FID_gras_1": -1, "FID_eshm20": 258, "ZONE_ID": "ITAS317", "areakm2": 18984.7195746, "tctCluster": "Shallow Default", "CSZ_ID": "SZ36", "TECTO_ID": "TSZ074", "magScaleRe": "WC1994", "SS": 10.0, "NF": 70.0, "TF": 20.0, "MINDEPTH": 6.0, "MAXDEPTH": 15.0, "HYPODEPTH1": 7.0, "HYPODEPTH2": 8.0, "HYPODEPTH3": 10.0, "WHDEPTH1": 0.3, "WHDEPTH2": 0.6, "WHDEPTH3": 0.1, "WMAXMAG01": 0.5, "WMAXMAG02": 0.4, "WMAXMAG03": 0.1, "MAXMAG01": 7.4, "MAXMAG02": 7.7, "MAXMAG03": 8.0, "STRIKE1": 0.0, "STRIKE2": 140.278367, "STRIKE3": 0.0, "STRIKE4": 325.588746, "DIP1": 34.02085, "DIP2": 34.02085, "DIP3": 0.0, "DIP4": 31.045366, "aspRatio": 1.0, "mfd_bin": 0.2, "a_val": 3.00064972329, "a_hi": 3.0091845348700001, "a_mid": 3.0003969101400001, "a_lo": 2.99160928541, "sigma_a": 0.025956518036699999, "b_val": 0.742769854635, "b_hi": 0.76629822095800004, "b_mid": 0.742769854635, "b_lo": 0.71924148831099999, "sigma_b": 0.0054523621405299996, "cum_cov_ab": 0.054321, "MCORNERP1": 7.0, "MCORNERP2": 7.2, "MCORNERP3": 7.4, "MAXMAGP1": 7.4, "MAXMAGP2": 7.6, "utsu_bval2": 0.0, "utsu_aval": 0.0, "utsu_Minfl": 0.0, "FID_gras26": -1, "Shape_Leng": 891086.19197199994, "Shape_Area": 25768686342.200001 }, "geometry": { "type": "Polygon", "coordinates": [ [ [ 13.80622699985318, 42.222605000039806, 0.0 ], [ 14.138270227293376, 42.062312435615702, 0.0 ], [ 14.322139739758297, 41.980075836033116, 0.0 ], [ 13.942460060136943, 41.518665313932935, 0.0 ], [ 13.678989843097714, 41.619216714482789, 0.0 ], [ 13.49306678728323, 41.706176758355092, 0.0 ], [ 12.955549999579633, 42.154324000248451, 0.0 ], [ 12.581785000265484, 42.900482000043262, 0.0 ], [ 12.439852999971471, 43.024723000314822, 0.0 ], [ 12.24335600071173, 43.260868000337695, 0.0 ], [ 11.877050999589109, 43.521270999930735, 0.0 ], [ 12.093439999649592, 43.759131999663289, 0.0 ], [ 12.512617000617523, 43.479524000070676, 0.0 ], [ 12.853692000417052, 43.339375999688073, 0.0 ], [ 13.228408999235029, 42.840887999408217, 0.0 ], [ 13.616276999639226, 42.458944000237182, 0.0 ], [ 13.80622699985318, 42.222605000039806, 0.0 ] ] ] } },
{ "type": "Feature", "properties": { "FID_gras38": -1, "FID_gras24": -1, "FID_gras_1": -1, "FID_eshm20": 259, "ZONE_ID": "ITAS318", "areakm2": 8959.7346668800001, "tctCluster": "Shallow Default", "CSZ_ID": "SZ40", "TECTO_ID": "TSZ041", "magScaleRe": "WC1994", "SS": 10.0, "NF": 70.0, "TF": 20.0, "MINDEPTH": 8.0, "MAXDEPTH": 20.0, "HYPODEPTH1": 9.0, "HYPODEPTH2": 10.0, "HYPODEPTH3": 18.0, "WHDEPTH1": 0.1, "WHDEPTH2": 0.4, "WHDEPTH3": 0.5, "WMAXMAG01": 0.5, "WMAXMAG02": 0.4, "WMAXMAG03": 0.1, "MAXMAG01": 7.0, "MAXMAG02": 7.3, "MAXMAG03": 7.6, "STRIKE1": 0.0, "STRIKE2": 123.089794, "STRIKE3": 0.0, "STRIKE4": 0.0, "DIP1": 30.649294, "DIP2": 30.649294, "DIP3": 0.0, "DIP4": 0.0, "aspRatio": 1.0, "mfd_bin": 0.2, "a_val": 4.2811, "a_hi": 4.3072967199100001, "a_mid": 4.2810502463900004, "a_lo": 4.2548037728599999, "sigma_a": 0.062612730540300005, "b_val": 1.0846, "b_hi": 1.1209148413600001, "b_mid": 1.0846, "b_lo": 1.0482851586399999, "sigma_b": 0.012988812562, "cum_cov_ab": 0.054321, "MCORNERP1": 6.0, "MCORNERP2": 6.2, "MCORNERP3": 6.4, "MAXMAGP1": 6.4, "MAXMAGP2": 6.4, "utsu_bval2": 0.0, "utsu_aval": 0.0, "utsu_Minfl": 0.0, "FID_gras26": -1, "Shape_Leng": 709591.77503500006, "Shape_Area": 12572814733.6 }, "geometry": { "type": "Polygon", "coordinates": [ [ [ 12.355965999290317, 44.320960999038981, 0.0 ], [ 12.233435089358926, 44.031618058180982, 0.0 ], [ 12.229769000904026, 44.022960999518396, 0.0 ], [ 11.77744128954658, 44.235607052580754, 0.0 ], [ 11.330999999294079, 44.378499999753409, 0.0 ], [ 10.904300000385446, 44.419199999839513, 0.0 ], [ 10.580300000538339, 44.490800000194525, 0.0 ], [ 9.819085000396427, 44.866661999352985, 0.0 ], [ 10.168735275677344, 45.186623476885707, 0.0 ], [ 10.277126596137172, 44.99440953609966, 0.0 ], [ 10.523536197048305, 44.789911244479185, 0.0 ], [ 10.768600000391245, 44.70440000014402, 0.0 ], [ 11.329524898223914, 44.647900671802269, 0.0 ], [ 11.871099999496689, 44.516400000155379, 0.0 ], [ 12.111499999616113, 44.406700000041624, 0.0 ], [ 12.355965999290317, 44.320960999038981, 0.0 ] ] ] } },
{ "type": "Feature", "properties": { "FID_gras38": -1, "FID_gras24": -1, "FID_gras_1": -1, "FID_eshm20": 260, "ZONE_ID": "ITAS319", "areakm2": 22650.6924497, "tctCluster": "Shallow Default", "CSZ_ID": "SZ37", "TECTO_ID": "TSZ027", "magScaleRe": "WC1994", "SS": 30.0, "NF": 65.0, "TF": 5.0, "MINDEPTH": 8.0, "MAXDEPTH": 20.0, "HYPODEPTH1": 9.0, "HYPODEPTH2": 10.0, "HYPODEPTH3": 18.0, "WHDEPTH1": 0.1, "WHDEPTH2": 0.4, "WHDEPTH3": 0.5, "WMAXMAG01": 0.5, "WMAXMAG02": 0.4, "WMAXMAG03": 0.1, "MAXMAG01": 7.4, "MAXMAG02": 7.7, "MAXMAG03": 8.0, "STRIKE1": 86.763056, "STRIKE2": 96.433034, "STRIKE3": 269.447176, "STRIKE4": 273.318667, "DIP1": 82.918569, "DIP2": 82.938034, "DIP3": 67.162, "DIP4": 79.511235, "aspRatio": 1.0, "mfd_bin": 0.2, "a_val": 3.3, "a_hi": 3.3294699777300001, "a_mid": 3.3000084949800002, "a_lo": 3.2705470122400002, "sigma_a": 0.066023304520199999, "b_val": 0.876, "b_hi": 0.91314002196599997, "b_mid": 0.876, "b_lo": 0.83885997803400003, "sigma_b": 0.0135858075879, "cum_cov_ab": 0.054321, "MCORNERP1": 7.1, "MCORNERP2": 7.3, "MCORNERP3": 7.5, "MAXMAGP1": 7.2, "MAXMAGP2": 7.4, "utsu_bval2": 0.0, "utsu_aval": 0.0, "utsu_Minfl": 0.0, "FID_gras26": -1, "Shape_Leng": 801943.71661600005, "Shape_Area": 33065523505.400002 }, "geometry": { "type": "Polygon", "coordinates": [ [ [ 17.030021667279769, 41.927883148173038, 0.0 ], [ 17.016130447611229, 41.446163177421198, 0.0 ], [ 16.538572311824158, 41.448795318433184, 0.0 ], [ 14.620584487962327, 41.459369659339004, 0.0 ], [ 14.160744452446323, 41.783973947212942, 0.0 ], [ 14.322139739758297, 41.980075836033116, 0.0 ], [ 14.450650215309842, 42.38622665406649, 0.0 ], [ 16.035406171727292, 42.173574666691295, 0.0 ], [ 17.030021667279769, 41.927883148173038, 0.0 ] ] ] } },
{ "type": "Feature", "properties": { "FID_gras38": -1, "FID_gras24": -1, "FID_gras_1": -1, "FID_eshm20": 261, "ZONE_ID": "ITAS320", "areakm2": 9487.8849304899995, "tctCluster": "Shallow Default", "CSZ_ID": "SZ36", "TECTO_ID": "TSZ107", "magScaleRe": "WC1994", "SS": 10.0, "NF": 70.0, "TF": 20.0, "MINDEPTH": 6.0, "MAXDEPTH": 15.0, "HYPODEPTH1": 7.0, "HYPODEPTH2": 8.0, "HYPODEPTH3": 10.0, "WHDEPTH1": 0.3, "WHDEPTH2": 0.6, "WHDEPTH3": 0.1, "WMAXMAG01": 0.5, "WMAXMAG02": 0.4, "WMAXMAG03": 0.1, "MAXMAG01": 6.9, "MAXMAG02": 7.2, "MAXMAG03": 7.5, "STRIKE1": 46.167, "STRIKE2": 113.6304, "STRIKE3": 0.0, "STRIKE4": 0.0, "DIP1": 29.468846, "DIP2": 27.2441, "DIP3": 0.0, "DIP4": 0.0, "aspRatio": 1.0, "mfd_bin": 0.2, "a_val": 2.92, "a_hi": 2.9743718728599999, "a_mid": 2.9202312524099998, "a_lo": 2.8660906319600001, "sigma_a": 0.095764081245099997, "b_val": 0.92, "b_hi": 0.96654867588899995, "b_mid": 0.92, "b_lo": 0.87345132411100002, "sigma_b": 0.0213410513268, "cum_cov_ab": 0.054321, "MCORNERP1": 6.0, "MCORNERP2": 6.2, "MCORNERP3": 6.4, "MAXMAGP1": 6.2, "MAXMAGP2": 6.4, "utsu_bval2": 0.0, "utsu_aval": 0.0, "utsu_Minfl": 0.0, "FID_gras26": -1, "Shape_Leng": 503380.94630499999, "Shape_Area": 13385053844.299999 }, "geometry": { "type": "Polygon", "coordinates": [ [ [ 10.168735275677344, 45.186623476885707, 0.0 ], [ 9.819085000396427, 44.866661999352985, 0.0 ], [ 9.596591000257714, 44.646442000449412, 0.0 ], [ 9.436472892700944, 44.483589172457009, 0.0 ], [ 9.203714371121698, 44.25088882392275, 0.0 ], [ 8.858762741120888, 44.477291106354947, 0.0 ], [ 8.573195457499038, 44.664970397804922, 0.0 ], [ 8.952712000369836, 44.909594999821771, 0.0 ], [ 9.369272918584194, 45.308083753275731, 0.0 ], [ 10.168735275677344, 45.186623476885707, 0.0 ] ] ] } },
{ "type": "Feature", "properties": { "FID_gras38": -1, "FID_gras24": -1, "FID_gras_1": -1, "FID_eshm20": 262, "ZONE_ID": "ITAS321", "areakm2": 26295.790802899999, "tctCluster": "Shallow Default", "CSZ_ID": "SZ36", "TECTO_ID": "TSZ050", "magScaleRe": "WC1994", "SS": 10.0, "NF": 70.0, "TF": 20.0, "MINDEPTH": 1.0, "MAXDEPTH": 5.0, "HYPODEPTH1": 2.0, "HYPODEPTH2": 3.0, "HYPODEPTH3": 4.0, "WHDEPTH1": 0.3, "WHDEPTH2": 0.6, "WHDEPTH3": 0.1, "WMAXMAG01": 0.5, "WMAXMAG02": 0.4, "WMAXMAG03": 0.1, "MAXMAG01": 6.3, "MAXMAG02": 6.6, "MAXMAG03": 6.9, "STRIKE1": 0.0, "STRIKE2": 0.0, "STRIKE3": 0.0, "STRIKE4": 0.0, "DIP1": 89.99, "DIP2": 0.0, "DIP3": 0.0, "DIP4": 0.0, "aspRatio": 1.0, "mfd_bin": 0.2, "a_val": 3.8193, "a_hi": 3.83659222486, "a_mid": 3.8191740810799999, "a_lo": 3.8017559372899998, "sigma_a": 0.044149388991099998, "b_val": 1.0125, "b_hi": 1.0438613191799999, "b_mid": 1.0125, "b_lo": 0.98113868082300004, "sigma_b": 0.0096870109791699997, "cum_cov_ab": 0.054321, "MCORNERP1": 6.0, "MCORNERP2": 6.2, "MCORNERP3": 6.4, "MAXMAGP1": 6.4, "MAXMAGP2": 6.4, "utsu_bval2": 0.0, "utsu_aval": 0.0, "utsu_Minfl": 0.0, "FID_gras26": -1, "Shape_Leng": 1032815.7927699999, "Shape_Area": 35737651473.400002 }, "geometry": { "type": "Polygon", "coordinates": [ [ [ 11.684824875057709, 43.396188997607005, 0.0 ], [ 12.009096999757185, 43.161218000081334, 0.0 ], [ 12.135370999933007, 42.981750999749693, 0.0 ], [ 12.207100000336251, 42.742949999446594, 0.0 ], [ 12.321176999876078, 42.49506399946732, 0.0 ], [ 12.510608000231272, 42.025831999807032, 0.0 ], [ 13.053764237015407, 41.636188005359571, 0.0 ], [ 12.650768115848191, 41.333839190688806, 0.0 ], [ 12.349863990601989, 41.713086513593964, 0.0 ], [ 11.829214413542468, 42.15446421865493, 0.0 ], [ 10.010623999973731, 43.613112999766116, 0.0 ], [ 10.369153000740692, 43.715906999181513, 0.0 ], [ 10.972597121993001, 43.660232543588059, 0.0 ], [ 11.684824875057709, 43.396188997607005, 0.0 ] ] ] } },
{ "type": "Feature", "properties": { "FID_gras38": -1, "FID_gras24": -1, "FID_gras_1": -1, "FID_eshm20": 263, "ZONE_ID": "ITAS322", "areakm2": 13381.805531800001, "tctCluster": "Shallow Default", "CSZ_ID": "SZ47", "TECTO_ID": "TSZ107", "magScaleRe": "WC1994", "SS": 10.0, "NF": 70.0, "TF": 20.0, "MINDEPTH": 6.0, "MAXDEPTH": 15.0, "HYPODEPTH1": 7.0, "HYPODEPTH2": 8.0, "HYPODEPTH3": 10.0, "WHDEPTH1": 0.3, "WHDEPTH2": 0.6, "WHDEPTH3": 0.1, "WMAXMAG01": 0.5, "WMAXMAG02": 0.4, "WMAXMAG03": 0.1, "MAXMAG01": 6.5, "MAXMAG02": 6.8, "MAXMAG03": 7.1, "STRIKE1": 0.0, "STRIKE2": 0.0, "STRIKE3": 0.0, "STRIKE4": 0.0, "DIP1": 89.99, "DIP2": 0.0, "DIP3": 0.0, "DIP4": 0.0, "aspRatio": 1.0, "mfd_bin": 0.2, "a_val": 2.3710288046099999, "a_hi": 2.4206557433699998, "a_mid": 2.3708614911799999, "a_lo": 2.321067239, "sigma_a": 0.082906189348300005, "b_val": 0.92228906975400005, "b_hi": 0.96520173477799998, "b_mid": 0.92228906975400005, "b_lo": 0.87937640472900003, "sigma_b": 0.0181372784331, "cum_cov_ab": 0.054321, "MCORNERP1": 6.0, "MCORNERP2": 6.2, "MCORNERP3": 6.4, "MAXMAGP1": 6.2, "MAXMAGP2": 6.2, "utsu_bval2": 0.0, "utsu_aval": 0.0, "utsu_Minfl": 0.0, "FID_gras26": -1, "Shape_Leng": 752353.61200700002, "Shape_Area": 18493788029.299999 }, "geometry": { "type": "Polygon", "coordinates": [ [ [ 9.203714371121698, 44.25088882392275, 0.0 ], [ 8.573930847136719, 43.698739088069019, 0.0 ], [ 8.363122496031531, 43.383449915457838, 0.0 ], [ 8.029499999779114, 43.221400000241665, 0.0 ], [ 6.91443302349807, 42.992250112968577, 0.0 ], [ 7.295887353709283, 43.429429102039101, 0.0 ], [ 7.225910944865772, 43.747268344208706, 0.0 ], [ 7.880099999999323, 43.726299999646557, 0.0 ], [ 8.134799999953975, 43.842599999867147, 0.0 ], [ 8.451552833161607, 44.110680781062008, 0.0 ], [ 8.801203454293939, 44.425473666733659, 0.0 ], [ 8.858762741120888, 44.477291106354947, 0.0 ], [ 9.203714371121698, 44.25088882392275, 0.0 ] ] ] } },
{ "type": "Feature", "properties": { "FID_gras38": -1, "FID_gras24": -1, "FID_gras_1": -1, "FID_eshm20": 264, "ZONE_ID": "ITAS323", "areakm2": 11317.716458700001, "tctCluster": "Shallow Default", "CSZ_ID": "SZ36", "TECTO_ID": "TSZ074", "magScaleRe": "WC1994", "SS": 10.0, "NF": 70.0, "TF": 20.0, "MINDEPTH": 5.0, "MAXDEPTH": 15.0, "HYPODEPTH1": 6.0, "HYPODEPTH2": 8.0, "HYPODEPTH3": 10.0, "WHDEPTH1": 0.3, "WHDEPTH2": 0.6, "WHDEPTH3": 0.1, "WMAXMAG01": 0.5, "WMAXMAG02": 0.4, "WMAXMAG03": 0.1, "MAXMAG01": 7.4, "MAXMAG02": 7.7, "MAXMAG03": 8.0, "STRIKE1": 0.0, "STRIKE2": 0.0, "STRIKE3": 0.0, "STRIKE4": 0.0, "DIP1": 89.99, "DIP2": 0.0, "DIP3": 0.0, "DIP4": 0.0, "aspRatio": 1.0, "mfd_bin": 0.2, "a_val": 2.58, "a_hi": 2.61417051439, "a_mid": 2.5804910922, "a_lo": 2.5468116700099999, "sigma_a": 0.073635168832299994, "b_val": 0.85, "b_hi": 0.89884648953900004, "b_mid": 0.85, "b_lo": 0.80115351046100003, "sigma_b": 0.0235, "cum_cov_ab": 0.054321, "MCORNERP1": 6.0, "MCORNERP2": 6.2, "MCORNERP3": 6.4, "MAXMAGP1": 6.2, "MAXMAGP2": 6.4, "utsu_bval2": 0.0, "utsu_aval": 0.0, "utsu_Minfl": 0.0, "FID_gras26": -1, "Shape_Leng": 730372.26628099999, "Shape_Area": 15708818088.9 }, "geometry": { "type": "Polygon", "coordinates": [ [ [ 11.877050999589109, 43.521270999930735, 0.0 ], [ 11.684824875057709, 43.396188997607005, 0.0 ], [ 10.972597121993001, 43.660232543588059, 0.0 ], [ 10.369153000740692, 43.715906999181513, 0.0 ], [ 10.010623999973731, 43.613112999766116, 0.0 ], [ 9.568625000073778, 44.051554999537821, 0.0 ], [ 9.203714371121698, 44.25088882392275, 0.0 ], [ 9.436472892700944, 44.483589172457009, 0.0 ], [ 10.424334526062326, 43.992321013713344, 0.0 ], [ 11.23892699997508, 43.935233999923604, 0.0 ], [ 11.538913000288503, 43.828911000322449, 0.0 ], [ 11.877050999589109, 43.521270999930735, 0.0 ] ] ] } },
{ "type": "Feature", "properties": { "FID_gras38": -1, "FID_gras24": -1, "FID_gras_1": -1, "FID_eshm20": 265, "ZONE_ID": "ITAS324", "areakm2": 15572.4970213, "tctCluster": "Shallow Default", "CSZ_ID": "SZ36", "TECTO_ID": "TSZ041", "magScaleRe": "WC1994", "SS": 10.0, "NF": 70.0, "TF": 20.0, "MINDEPTH": 6.0, "MAXDEPTH": 15.0, "HYPODEPTH1": 7.0, "HYPODEPTH2": 8.0, "HYPODEPTH3": 10.0, "WHDEPTH1": 0.3, "WHDEPTH2": 0.6, "WHDEPTH3": 0.1, "WMAXMAG01": 0.5, "WMAXMAG02": 0.4, "WMAXMAG03": 0.1, "MAXMAG01": 7.0, "MAXMAG02": 7.3, "MAXMAG03": 7.6, "STRIKE1": 0.0, "STRIKE2": 135.673984, "STRIKE3": 180.5985, "STRIKE4": 273.387, "DIP1": 35.239434, "DIP2": 35.239434, "DIP3": 37.7195, "DIP4": 75.675375, "aspRatio": 1.0, "mfd_bin": 0.2, "a_val": 2.69, "a_hi": 2.7220605633, "a_mid": 2.6901398951400002, "a_lo": 2.65821922697, "sigma_a": 0.064044479783399999, "b_val": 0.8, "b_hi": 0.837599772824, "b_mid": 0.8, "b_lo": 0.76240022717599998, "sigma_b": 0.013924242842200001, "cum_cov_ab": 0.054321, "MCORNERP1": 6.0, "MCORNERP2": 6.2, "MCORNERP3": 6.4, "MAXMAGP1": 6.4, "MAXMAGP2": 6.6, "utsu_bval2": 0.0, "utsu_aval": 0.0, "utsu_Minfl": 0.0, "FID_gras26": -1, "Shape_Leng": 952293.71329300001, "Shape_Area": 21406863319.599998 }, "geometry": { "type": "Polygon", "coordinates": [ [ [ 13.247393000014576, 44.055724999351284, 0.0 ], [ 13.558157000581595, 43.948586000009726, 0.0 ], [ 14.108102150920868, 43.246923078302515, 0.0 ], [ 14.450650215309842, 42.38622665406649, 0.0 ], [ 14.322139739758297, 41.980075836033116, 0.0 ], [ 14.138270227293376, 42.062312435615702, 0.0 ], [ 13.80622699985318, 42.222605000039806, 0.0 ], [ 13.905248472386397, 42.427979773886626, 0.0 ], [ 13.809378000612346, 42.978866999723145, 0.0 ], [ 13.675760999725933, 43.259746999452723, 0.0 ], [ 13.340052000037817, 43.587203999992376, 0.0 ], [ 12.917593999512691, 43.799636999691089, 0.0 ], [ 12.497706999788605, 43.913558999928718, 0.0 ], [ 12.229769000904026, 44.022960999518396, 0.0 ], [ 12.233435089358926, 44.031618058180982, 0.0 ], [ 12.355965999290317, 44.320960999038981, 0.0 ], [ 12.53863500051458, 44.256404999815153, 0.0 ], [ 12.877854999913668, 44.204082000017983, 0.0 ], [ 13.247393000014576, 44.055724999351284, 0.0 ] ] ] } },
{ "type": "Feature", "properties": { "FID_gras38": -1, "FID_gras24": -1, "FID_gras_1": -1, "FID_eshm20": 266, "ZONE_ID": "ITAS325", "areakm2": 9567.5019177400009, "tctCluster": "Shallow Default", "CSZ_ID": "SZ36", "TECTO_ID": "TSZ041", "magScaleRe": "WC1994", "SS": 10.0, "NF": 70.0, "TF": 20.0, "MINDEPTH": 8.0, "MAXDEPTH": 20.0, "HYPODEPTH1": 9.0, "HYPODEPTH2": 10.0, "HYPODEPTH3": 18.0, "WHDEPTH1": 0.1, "WHDEPTH2": 0.4, "WHDEPTH3": 0.5, "WMAXMAG01": 0.5, "WMAXMAG02": 0.4, "WMAXMAG03": 0.1, "MAXMAG01": 7.0, "MAXMAG02": 7.3, "MAXMAG03": 7.6, "STRIKE1": 0.0, "STRIKE2": 116.572588, "STRIKE3": 0.0, "STRIKE4": 0.0, "DIP1": 28.356539, "DIP2": 28.356539, "DIP3": 0.0, "DIP4": 0.0, "aspRatio": 1.0, "mfd_bin": 0.2, "a_val": 3.62, "a_hi": 3.6330523246399999, "a_mid": 3.6199315516300001, "a_lo": 3.6068107786199999, "sigma_a": 0.047731030337300001, "b_val": 0.98, "b_hi": 1.0303813071200001, "b_mid": 0.98, "b_lo": 0.92961869288400001, "sigma_b": 0.025, "cum_cov_ab": 0.054321, "MCORNERP1": 6.0, "MCORNERP2": 6.2, "MCORNERP3": 6.4, "MAXMAGP1": 6.4, "MAXMAGP2": 6.6, "utsu_bval2": 0.0, "utsu_aval": 0.0, "utsu_Minfl": 0.0, "FID_gras26": -1, "Shape_Leng": 706393.54579200002, "Shape_Area": 13362918828.299999 }, "geometry": { "type": "Polygon", "coordinates": [ [ [ 12.229769000904026, 44.022960999518396, 0.0 ], [ 12.093439999649592, 43.759131999663289, 0.0 ], [ 11.295199999926481, 44.10439999982114, 0.0 ], [ 10.672200426304743, 44.135674984754417, 0.0 ], [ 9.596591000257714, 44.646442000449412, 0.0 ], [ 9.819085000396427, 44.866661999352985, 0.0 ], [ 10.580300000538339, 44.490800000194525, 0.0 ], [ 10.904300000385446, 44.419199999839513, 0.0 ], [ 11.330999999294079, 44.378499999753409, 0.0 ], [ 11.77744128954658, 44.235607052580754, 0.0 ], [ 12.229769000904026, 44.022960999518396, 0.0 ] ] ] } },
{ "type": "Feature", "properties": { "FID_gras38": -1, "FID_gras24": -1, "FID_gras_1": -1, "FID_eshm20": 267, "ZONE_ID": "ITAS326", "areakm2": 15272.725052100001, "tctCluster": "Shallow Default", "CSZ_ID": "SZ40", "TECTO_ID": "TSZ021", "magScaleRe": "WC1994", "SS": 40.0, "NF": 10.0, "TF": 50.0, "MINDEPTH": 0.0, "MAXDEPTH": 30.0, "HYPODEPTH1": 2.0, "HYPODEPTH2": 10.0, "HYPODEPTH3": 18.0, "WHDEPTH1": 0.1, "WHDEPTH2": 0.4, "WHDEPTH3": 0.5, "WMAXMAG01": 0.5, "WMAXMAG02": 0.4, "WMAXMAG03": 0.1, "MAXMAG01": 6.3, "MAXMAG02": 6.6, "MAXMAG03": 6.9, "STRIKE1": 0.0, "STRIKE2": 0.0, "STRIKE3": 260.687222, "STRIKE4": 301.812138, "DIP1": 49.385333, "DIP2": 0.0, "DIP3": 49.385333, "DIP4": 43.702027, "aspRatio": 1.0, "mfd_bin": 0.2, "a_val": 2.2805427199800001, "a_hi": 2.3577621602000001, "a_mid": 2.28045189906, "a_lo": 2.20314163793, "sigma_a": 0.15, "b_val": 1.0, "b_hi": 1.0712499278100001, "b_mid": 1.0, "b_lo": 0.92875007218700001, "sigma_b": 0.05, "cum_cov_ab": 0.054321, "MCORNERP1": 6.0, "MCORNERP2": 6.2, "MCORNERP3": 6.4, "MAXMAGP1": 5.8, "MAXMAGP2": 5.8, "utsu_bval2": 0.0, "utsu_aval": 0.0, "utsu_Minfl": 0.0, "FID_gras26": -1, "Shape_Leng": 786118.27341100003, "Shape_Area": 21759053692.799999 }, "geometry": { "type": "Polygon", "coordinates": [ [ [ 13.427098999902327, 45.659987999580927, 0.0 ], [ 12.413332861593508, 45.314775833411851, 0.0 ], [ 12.096155000390684, 44.786739999281281, 0.0 ], [ 11.642966999435053, 44.994628999396483, 0.0 ], [ 10.870267000656428, 45.01512399945581, 0.0 ], [ 10.625112000345855, 45.118541999657964, 0.0 ], [ 10.856278000267531, 45.133003000014817, 0.0 ], [ 11.480867999777312, 45.340813999972909, 0.0 ], [ 11.623307000234524, 45.525635999336473, 0.0 ], [ 11.938539000039189, 45.727155999548003, 0.0 ], [ 12.182925000245744, 45.736098999256853, 0.0 ], [ 12.610524600826009, 45.965072076413804, 0.0 ], [ 12.814171000377883, 46.063012000095704, 0.0 ], [ 13.427098999902327, 45.659987999580927, 0.0 ] ] ] } },
{ "type": "Feature", "properties": { "FID_gras38": -1, "FID_gras24": -1, "FID_gras_1": -1, "FID_eshm20": 268, "ZONE_ID": "ITAS327", "areakm2": 8973.2452657400008, "tctCluster": "Shallow Default", "CSZ_ID": "SZ40", "TECTO_ID": "TSZ041", "magScaleRe": "WC1994", "SS": 10.0, "NF": 70.0, "TF": 20.0, "MINDEPTH": 6.0, "MAXDEPTH": 15.0, "HYPODEPTH1": 7.0, "HYPODEPTH2": 8.0, "HYPODEPTH3": 10.0, "WHDEPTH1": 0.3, "WHDEPTH2": 0.6, "WHDEPTH3": 0.1, "WMAXMAG01": 0.5, "WMAXMAG02": 0.4, "WMAXMAG03": 0.1, "MAXMAG01": 7.0, "MAXMAG02": 7.3, "MAXMAG03": 7.6, "STRIKE1": 66.131667, "STRIKE2": 116.261333, "STRIKE3": 0.0, "STRIKE4": 0.0, "DIP1": 35.373583, "DIP2": 30.106743, "DIP3": 0.0, "DIP4": 0.0, "aspRatio": 1.0, "mfd_bin": 0.2, "a_val": 2.86, "a_hi": 2.90629992106, "a_mid": 2.86015793282, "a_lo": 2.8140159445699999, "sigma_a": 0.104406856703, "b_val": 0.88, "b_hi": 0.93564797256099996, "b_mid": 0.88, "b_lo": 0.82435202743900005, "sigma_b": 0.0305, "cum_cov_ab": 0.054321, "MCORNERP1": 6.0, "MCORNERP2": 6.2, "MCORNERP3": 6.4, "MAXMAGP1": 6.4, "MAXMAGP2": 6.4, "utsu_bval2": 0.0, "utsu_aval": 0.0, "utsu_Minfl": 0.0, "FID_gras26": -1, "Shape_Leng": 606290.24519599997, "Shape_Area": 12645771485.6 }, "geometry": { "type": "Polygon", "coordinates": [ [ [ 10.625112000345855, 45.118541999657964, 0.0 ], [ 10.870267000656428, 45.01512399945581, 0.0 ], [ 11.642966999435053, 44.994628999396483, 0.0 ], [ 12.096155000390684, 44.786739999281281, 0.0 ], [ 12.353811000212536, 44.541439999841963, 0.0 ], [ 12.355965999290317, 44.320960999038981, 0.0 ], [ 12.111499999616113, 44.406700000041624, 0.0 ], [ 11.871099999496689, 44.516400000155379, 0.0 ], [ 11.329524898223914, 44.647900671802269, 0.0 ], [ 10.768600000391245, 44.70440000014402, 0.0 ], [ 10.523536197048305, 44.789911244479185, 0.0 ], [ 10.277126596137172, 44.99440953609966, 0.0 ], [ 10.168735275677344, 45.186623476885707, 0.0 ], [ 10.625112000345855, 45.118541999657964, 0.0 ] ] ] } },
{ "type": "Feature", "properties": { "FID_gras38": -1, "FID_gras24": -1, "FID_gras_1": -1, "FID_eshm20": 269, "ZONE_ID": "ITAS329", "areakm2": 12019.6347234, "tctCluster": "Shallow Default", "CSZ_ID": "SZ36", "TECTO_ID": "TSZ074", "magScaleRe": "WC1994", "SS": 10.0, "NF": 70.0, "TF": 20.0, "MINDEPTH": 5.0, "MAXDEPTH": 15.0, "HYPODEPTH1": 6.0, "HYPODEPTH2": 8.0, "HYPODEPTH3": 10.0, "WHDEPTH1": 0.3, "WHDEPTH2": 0.6, "WHDEPTH3": 0.1, "WMAXMAG01": 0.5, "WMAXMAG02": 0.4, "WMAXMAG03": 0.1, "MAXMAG01": 6.6, "MAXMAG02": 6.9, "MAXMAG03": 7.2, "STRIKE1": 0.0, "STRIKE2": 132.88, "STRIKE3": 0.0, "STRIKE4": 292.087, "DIP1": 48.776, "DIP2": 48.776, "DIP3": 0.0, "DIP4": 33.525, "aspRatio": 1.0, "mfd_bin": 0.2, "a_val": 2.86, "a_hi": 2.86602306737, "a_mid": 2.8601485142, "a_lo": 2.8542739610300001, "sigma_a": 0.01, "b_val": 0.85, "b_hi": 0.88186393639600003, "b_mid": 0.85, "b_lo": 0.81813606360400004, "sigma_b": 0.01, "cum_cov_ab": 0.054321, "MCORNERP1": 6.0, "MCORNERP2": 6.2, "MCORNERP3": 6.4, "MAXMAGP1": 6.4, "MAXMAGP2": 6.6, "utsu_bval2": 0.0, "utsu_aval": 0.0, "utsu_Minfl": 0.0, "FID_gras26": -1, "Shape_Leng": 864167.53937200003, "Shape_Area": 16263388373.0 }, "geometry": { "type": "Polygon", "coordinates": [ [ [ 13.942460060136943, 41.518665313932935, 0.0 ], [ 13.767481226141276, 41.317012575954003, 0.0 ], [ 13.053764237015407, 41.636188005359571, 0.0 ], [ 12.510608000231272, 42.025831999807032, 0.0 ], [ 12.321176999876078, 42.49506399946732, 0.0 ], [ 12.207100000336251, 42.742949999446594, 0.0 ], [ 12.135370999933007, 42.981750999749693, 0.0 ], [ 12.009096999757185, 43.161218000081334, 0.0 ], [ 11.684824875057709, 43.396188997607005, 0.0 ], [ 11.877050999589109, 43.521270999930735, 0.0 ], [ 12.24335600071173, 43.260868000337695, 0.0 ], [ 12.439852999971471, 43.024723000314822, 0.0 ], [ 12.581785000265484, 42.900482000043262, 0.0 ], [ 12.955549999579633, 42.154324000248451, 0.0 ], [ 13.49306678728323, 41.706176758355092, 0.0 ], [ 13.678989843097714, 41.619216714482789, 0.0 ], [ 13.942460060136943, 41.518665313932935, 0.0 ] ] ] } },
{ "type": "Feature", "properties": { "FID_gras38": -1, "FID_gras24": -1, "FID_gras_1": -1, "FID_eshm20": 270, "ZONE_ID": "ITAS330", "areakm2": 4704.1718547700002, "tctCluster": "Shallow Default", "CSZ_ID": "SZ37", "TECTO_ID": "TSZ044", "magScaleRe": "WC1994", "SS": 10.0, "NF": 70.0, "TF": 20.0, "MINDEPTH": 8.0, "MAXDEPTH": 12.0, "HYPODEPTH1": 9.0, "HYPODEPTH2": 10.0, "HYPODEPTH3": 11.0, "WHDEPTH1": 0.3, "WHDEPTH2": 0.6, "WHDEPTH3": 0.1, "WMAXMAG01": 0.5, "WMAXMAG02": 0.4, "WMAXMAG03": 0.1, "MAXMAG01": 6.6, "MAXMAG02": 6.9, "MAXMAG03": 7.1, "STRIKE1": 0.0, "STRIKE2": 134.998793, "STRIKE3": 0.0, "STRIKE4": 313.174773, "DIP1": 45.352818, "DIP2": 45.352818, "DIP3": 0.0, "DIP4": 34.901455, "aspRatio": 1.0, "mfd_bin": 0.2, "a_val": 2.6058527201300001, "a_hi": 2.6808722131699998, "a_mid": 2.6061324150299998, "a_lo": 2.5313926168999998, "sigma_a": 0.25212892148299998, "b_val": 0.97203734208799997, "b_hi": 1.04588146884, "b_mid": 0.97203734208799997, "b_lo": 0.89819321533300001, "sigma_b": 0.053707268507, "cum_cov_ab": 0.054321, "MCORNERP1": 6.0, "MCORNERP2": 6.2, "MCORNERP3": 6.4, "MAXMAGP1": 6.0, "MAXMAGP2": 6.2, "utsu_bval2": 0.0, "utsu_aval": 0.0, "utsu_Minfl": 0.0, "FID_gras26": -1, "Shape_Leng": 439167.35961599997, "Shape_Area": 6240496227.54 }, "geometry": { "type": "Polygon", "coordinates": [ [ [ 15.221920013511124, 40.580947875619046, 0.0 ], [ 14.688394131594443, 40.626224553605375, 0.0 ], [ 14.57207979070289, 40.720735006215037, 0.0 ], [ 14.285170000041783, 40.977776000274233, 0.0 ], [ 13.767481226141276, 41.317012575954003, 0.0 ], [ 13.942460060136943, 41.518665313932935, 0.0 ], [ 14.83496761377376, 40.905738830564459, 0.0 ], [ 15.221920013511124, 40.580947875619046, 0.0 ] ] ] } },
{ "type": "Feature", "properties": { "FID_gras38": -1, "FID_gras24": -1, "FID_gras_1": -1, "FID_eshm20": 271, "ZONE_ID": "ITAS331", "areakm2": 18898.436753599999, "tctCluster": "Shallow Default", "CSZ_ID": "SZ37", "TECTO_ID": "TSZ094", "magScaleRe": "WC1994", "SS": 10.0, "NF": 70.0, "TF": 20.0, "MINDEPTH": 8.0, "MAXDEPTH": 12.0, "HYPODEPTH1": 9.0, "HYPODEPTH2": 10.0, "HYPODEPTH3": 11.0, "WHDEPTH1": 0.3, "WHDEPTH2": 0.6, "WHDEPTH3": 0.1, "WMAXMAG01": 0.5, "WMAXMAG02": 0.4, "WMAXMAG03": 0.1, "MAXMAG01": 7.5, "MAXMAG02": 7.8, "MAXMAG03": 8.1, "STRIKE1": 0.0, "STRIKE2": 134.998793, "STRIKE3": 0.0, "STRIKE4": 313.174773, "DIP1": 45.352818, "DIP2": 45.352818, "DIP3": 0.0, "DIP4": 34.901455, "aspRatio": 1.0, "mfd_bin": 0.2, "a_val": 2.85, "a_hi": 2.8793741011299998, "a_mid": 2.8502108373200001, "a_lo": 2.8210475735, "sigma_a": 0.058079499945499997, "b_val": 0.78, "b_hi": 0.81384849814399995, "b_mid": 0.78, "b_lo": 0.74615150185599999, "sigma_b": 0.011284438517, "cum_cov_ab": 0.054321, "MCORNERP1": 7.2, "MCORNERP2": 7.4, "MCORNERP3": 7.6, "MAXMAGP1": 7.4, "MAXMAGP2": 7.6, "utsu_bval2": 0.2, "utsu_aval": 2.83, "utsu_Minfl": 5.9, "FID_gras26": -1, "Shape_Leng": 849711.92924199998, "Shape_Area": 17253901534.700001 }, "geometry": { "type": "Polygon", "coordinates": [ [ [ 14.620584487962327, 41.459369659339004, 0.0 ], [ 14.96627795660622, 41.228636227510457, 0.0 ], [ 15.116708756106524, 41.128231048515957, 0.0 ], [ 15.447839736290881, 40.865009307612567, 0.0 ], [ 15.815711975089132, 40.52594757037879, 0.0 ], [ 16.198333739673881, 40.086666107316354, 0.0 ], [ 16.460296631277064, 39.705238341708238, 0.0 ], [ 16.045110702284376, 39.710124969016981, 0.0 ], [ 15.221920013511124, 40.580947875619046, 0.0 ], [ 14.83496761377376, 40.905738830564459, 0.0 ], [ 13.942460060136943, 41.518665313932935, 0.0 ], [ 14.160744452446323, 41.783973947212942, 0.0 ], [ 14.620584487962327, 41.459369659339004, 0.0 ] ] ] } },
{ "type": "Feature", "properties": { "FID_gras38": -1, "FID_gras24": -1, "FID_gras_1": -1, "FID_eshm20": 272, "ZONE_ID": "ITAS332", "areakm2": 5239.0206383900004, "tctCluster": "Shallow Default", "CSZ_ID": "SZ47", "TECTO_ID": "TSZ107", "magScaleRe": "WC1994", "SS": 10.0, "NF": 70.0, "TF": 20.0, "MINDEPTH": 6.0, "MAXDEPTH": 15.0, "HYPODEPTH1": 7.0, "HYPODEPTH2": 8.0, "HYPODEPTH3": 10.0, "WHDEPTH1": 0.3, "WHDEPTH2": 0.6, "WHDEPTH3": 0.1, "WMAXMAG01": 0.5, "WMAXMAG02": 0.4, "WMAXMAG03": 0.1, "MAXMAG01": 6.5, "MAXMAG02": 6.8, "MAXMAG03": 7.1, "STRIKE1": 0.0, "STRIKE2": 0.0, "STRIKE3": 262.946167, "STRIKE4": 0.0, "DIP1": 29.159813, "DIP2": 0.0, "DIP3": 29.159813, "DIP4": 0.0, "aspRatio": 1.0, "mfd_bin": 0.2, "a_val": 3.0, "a_hi": 3.0056988694000002, "a_mid": 2.99985549239, "a_lo": 2.9940121153799999, "sigma_a": 0.01, "b_val": 0.92, "b_hi": 0.95186393639599998, "b_mid": 0.92, "b_lo": 0.88813606360399999, "sigma_b": 0.01, "cum_cov_ab": 0.054321, "MCORNERP1": 6.2, "MCORNERP2": 6.4, "MCORNERP3": 6.6, "MAXMAGP1": 6.4, "MAXMAGP2": 6.6, "utsu_bval2": 0.0, "utsu_aval": 0.0, "utsu_Minfl": 0.0, "FID_gras26": -1, "Shape_Leng": 369223.42056300002, "Shape_Area": 7277393661.4899998 }, "geometry": { "type": "Polygon", "coordinates": [ [ [ 8.072137000417337, 44.10577800038034, 0.0 ], [ 8.285898439949866, 44.080021204274999, 0.0 ], [ 8.451552833161607, 44.110680781062008, 0.0 ], [ 8.134799999953975, 43.842599999867147, 0.0 ], [ 7.880099999999323, 43.726299999646557, 0.0 ], [ 7.225910944865772, 43.747268344208706, 0.0 ], [ 7.149013967175718, 43.94322721829954, 0.0 ], [ 7.205024443468462, 44.142719767465103, 0.0 ], [ 7.667113772421007, 44.160614051899685, 0.0 ], [ 7.869385658858338, 44.203787191125414, 0.0 ], [ 8.072137000417337, 44.10577800038034, 0.0 ] ] ] } },
{ "type": "Feature", "properties": { "FID_gras38": -1, "FID_gras24": -1, "FID_gras_1": -1, "FID_eshm20": 273, "ZONE_ID": "ITAS333", "areakm2": 1195.0449145800001, "tctCluster": "Shallow Default", "CSZ_ID": "SZ37", "TECTO_ID": "TSZ044", "magScaleRe": "WC1994", "SS": 10.0, "NF": 70.0, "TF": 20.0, "MINDEPTH": 1.0, "MAXDEPTH": 5.0, "HYPODEPTH1": 2.0, "HYPODEPTH2": 3.0, "HYPODEPTH3": 4.0, "WHDEPTH1": 0.3, "WHDEPTH2": 0.6, "WHDEPTH3": 0.1, "WMAXMAG01": 0.5, "WMAXMAG02": 0.4, "WMAXMAG03": 0.1, "MAXMAG01": 6.3, "MAXMAG02": 6.6, "MAXMAG03": 6.9, "STRIKE1": 0.0, "STRIKE2": 0.0, "STRIKE3": 0.0, "STRIKE4": 0.0, "DIP1": 89.99, "DIP2": 0.0, "DIP3": 0.0, "DIP4": 0.0, "aspRatio": 1.0, "mfd_bin": 0.2, "a_val": 1.9068827157899999, "a_hi": 1.9812680330400001, "a_mid": 1.9065252502200001, "a_lo": 1.8317824674000001, "sigma_a": 0.25212892148299998, "b_val": 0.97203734208799997, "b_hi": 1.04588146884, "b_mid": 0.97203734208799997, "b_lo": 0.89819321533300001, "sigma_b": 0.053707268507, "cum_cov_ab": 0.054321, "MCORNERP1": 6.0, "MCORNERP2": 6.2, "MCORNERP3": 6.4, "MAXMAGP1": 5.6, "MAXMAGP2": 5.6, "utsu_bval2": 0.0, "utsu_aval": 0.0, "utsu_Minfl": 0.0, "FID_gras26": -1, "Shape_Leng": 176844.73654099999, "Shape_Area": 1579129781.54 }, "geometry": { "type": "Polygon", "coordinates": [ [ [ 14.57207979070289, 40.720735006215037, 0.0 ], [ 14.485963591898134, 40.619600931185474, 0.0 ], [ 14.270452566568759, 40.71743121601255, 0.0 ], [ 13.953824774357107, 40.835796745951335, 0.0 ], [ 14.285170000041783, 40.977776000274233, 0.0 ], [ 14.57207979070289, 40.720735006215037, 0.0 ] ] ] } },
{ "type": "Feature", "properties": { "FID_gras38": -1, "FID_gras24": -1, "FID_gras_1": -1, "FID_eshm20": 274, "ZONE_ID": "ITAS334", "areakm2": 13110.5085834, "tctCluster": "Shallow Default", "CSZ_ID": "SZ36", "TECTO_ID": "TSZ041", "magScaleRe": "WC1994", "SS": 10.0, "NF": 70.0, "TF": 20.0, "MINDEPTH": 8.0, "MAXDEPTH": 20.0, "HYPODEPTH1": 9.0, "HYPODEPTH2": 10.0, "HYPODEPTH3": 18.0, "WHDEPTH1": 0.1, "WHDEPTH2": 0.4, "WHDEPTH3": 0.5, "WMAXMAG01": 0.5, "WMAXMAG02": 0.4, "WMAXMAG03": 0.1, "MAXMAG01": 7.0, "MAXMAG02": 7.3, "MAXMAG03": 7.6, "STRIKE1": 0.0, "STRIKE2": 141.337907, "STRIKE3": 180.023, "STRIKE4": 272.560286, "DIP1": 33.673454, "DIP2": 33.673454, "DIP3": 37.667, "DIP4": 75.675571, "aspRatio": 1.0, "mfd_bin": 0.2, "a_val": 3.05, "a_hi": 3.19504492547, "a_mid": 3.05005079788, "a_lo": 2.9050566703, "sigma_a": 0.237204937778, "b_val": 0.87157878013099999, "b_hi": 0.94326180715200003, "b_mid": 0.87157878013099999, "b_lo": 0.79989575311000005, "sigma_b": 0.050609706616999997, "cum_cov_ab": 0.054321, "MCORNERP1": 6.7, "MCORNERP2": 6.9, "MCORNERP3": 7.1, "MAXMAGP1": 7.0, "MAXMAGP2": 7.0, "utsu_bval2": 0.0, "utsu_aval": 0.0, "utsu_Minfl": 0.0, "FID_gras26": -1, "Shape_Leng": 717190.16985399998, "Shape_Area": 18000209685.099998 }, "geometry": { "type": "Polygon", "coordinates": [ [ [ 13.80622699985318, 42.222605000039806, 0.0 ], [ 13.616276999639226, 42.458944000237182, 0.0 ], [ 13.228408999235029, 42.840887999408217, 0.0 ], [ 12.853692000417052, 43.339375999688073, 0.0 ], [ 12.512617000617523, 43.479524000070676, 0.0 ], [ 12.093439999649592, 43.759131999663289, 0.0 ], [ 12.229769000904026, 44.022960999518396, 0.0 ], [ 12.497706999788605, 43.913558999928718, 0.0 ], [ 12.917593999512691, 43.799636999691089, 0.0 ], [ 13.340052000037817, 43.587203999992376, 0.0 ], [ 13.675760999725933, 43.259746999452723, 0.0 ], [ 13.809378000612346, 42.978866999723145, 0.0 ], [ 13.905248472386397, 42.427979773886626, 0.0 ], [ 13.80622699985318, 42.222605000039806, 0.0 ] ] ] } },
{ "type": "Feature", "properties": { "FID_gras38": -1, "FID_gras24": -1, "FID_gras_1": -1, "FID_eshm20": 275, "ZONE_ID": "ITAS335", "areakm2": 6802.5870378700001, "tctCluster": "Shallow Default", "CSZ_ID": "SZ36", "TECTO_ID": "TSZ074", "magScaleRe": "WC1994", "SS": 10.0, "NF": 70.0, "TF": 20.0, "MINDEPTH": 6.0, "MAXDEPTH": 15.0, "HYPODEPTH1": 7.0, "HYPODEPTH2": 8.0, "HYPODEPTH3": 10.0, "WHDEPTH1": 0.3, "WHDEPTH2": 0.6, "WHDEPTH3": 0.1, "WMAXMAG01": 0.5, "WMAXMAG02": 0.4, "WMAXMAG03": 0.1, "MAXMAG01": 7.4, "MAXMAG02": 7.7, "MAXMAG03": 8.0, "STRIKE1": 0.0, "STRIKE2": 123.432857, "STRIKE3": 0.0, "STRIKE4": 311.01079, "DIP1": 29.164333, "DIP2": 29.164333, "DIP3": 0.0, "DIP4": 34.07164, "aspRatio": 1.0, "mfd_bin": 0.2, "a_val": 3.37, "a_hi": 3.38797480246, "a_mid": 3.3696344166699999, "a_lo": 3.3512940308900001, "sigma_a": 0.047083108986899998, "b_val": 0.93, "b_hi": 0.96572457454500005, "b_mid": 0.93, "b_lo": 0.89427542545500005, "sigma_b": 0.01257, "cum_cov_ab": 0.054321, "MCORNERP1": 6.4, "MCORNERP2": 6.6, "MCORNERP3": 6.8, "MAXMAGP1": 6.6, "MAXMAGP2": 6.8, "utsu_bval2": 0.0, "utsu_aval": 0.0, "utsu_Minfl": 0.0, "FID_gras26": -1, "Shape_Leng": 714488.58427200001, "Shape_Area": 9475439694.7399998 }, "geometry": { "type": "Polygon", "coordinates": [ [ [ 12.093439999649592, 43.759131999663289, 0.0 ], [ 11.877050999589109, 43.521270999930735, 0.0 ], [ 11.538913000288503, 43.828911000322449, 0.0 ], [ 11.23892699997508, 43.935233999923604, 0.0 ], [ 10.424334526062326, 43.992321013713344, 0.0 ], [ 9.436472892700944, 44.483589172457009, 0.0 ], [ 9.596591000257714, 44.646442000449412, 0.0 ], [ 10.672200426304743, 44.135674984754417, 0.0 ], [ 11.295199999926481, 44.10439999982114, 0.0 ], [ 12.093439999649592, 43.759131999663289, 0.0 ] ] ] } },
{ "type": "Feature", "properties": { "FID_gras38": -1, "FID_gras24": -1, "FID_gras_1": -1, "FID_eshm20": 276, "ZONE_ID": "ITAS339", "areakm2": 8322.2020598599993, "tctCluster": "Shallow Default", "CSZ_ID": "SZ08", "TECTO_ID": "TSZ132", "magScaleRe": "WC1994", "SS": 20.0, "NF": 30.0, "TF": 50.0, "MINDEPTH": 8.0, "MAXDEPTH": 20.0, "HYPODEPTH1": 9.0, "HYPODEPTH2": 10.0, "HYPODEPTH3": 18.0, "WHDEPTH1": 0.1, "WHDEPTH2": 0.4, "WHDEPTH3": 0.5, "WMAXMAG01": 0.5, "WMAXMAG02": 0.4, "WMAXMAG03": 0.1, "MAXMAG01": 7.7, "MAXMAG02": 8.0, "MAXMAG03": 8.3, "STRIKE1": 57.751833, "STRIKE2": 0.0, "STRIKE3": 196.527918, "STRIKE4": 0.0, "DIP1": 44.349, "DIP2": 0.0, "DIP3": 65.63867, "DIP4": 0.0, "aspRatio": 1.0, "mfd_bin": 0.2, "a_val": 3.272, "a_hi": 3.3354088375600002, "a_mid": 3.2718886732399999, "a_lo": 3.20836850891, "sigma_a": 0.0848425378742, "b_val": 0.88, "b_hi": 0.92085379195999995, "b_mid": 0.88, "b_lo": 0.83914620803999995, "sigma_b": 0.016438640314899999, "cum_cov_ab": 0.054321, "MCORNERP1": 7.4, "MCORNERP2": 7.6, "MCORNERP3": 7.8, "MAXMAGP1": 7.4, "MAXMAGP2": 7.6, "utsu_bval2": 0.0, "utsu_aval": 0.0, "utsu_Minfl": 0.0, "FID_gras26": -1, "Shape_Leng": 353578.185298, "Shape_Area": 7628449944.8299999 }, "geometry": { "type": "Polygon", "coordinates": [ [ [ 15.349058865828422, 37.005374119653283, 0.0 ], [ 15.114343983341911, 36.810220908740718, 0.0 ], [ 15.156826314749452, 36.685429058589925, 0.0 ], [ 15.084075321708736, 36.642415698455792, 0.0 ], [ 14.771830183392858, 36.687022146416261, 0.0 ], [ 14.657658916443719, 36.666312009740956, 0.0 ], [ 14.403430938950047, 37.182456969786557, 0.0 ], [ 14.700623512004816, 37.359161376371233, 0.0 ], [ 15.08822773470224, 37.485167991749954, 0.0 ], [ 15.096288992381405, 37.371253202095637, 0.0 ], [ 15.349058865828422, 37.005374119653283, 0.0 ] ] ] } },
{ "type": "Feature", "properties": { "FID_gras38": -1, "FID_gras24": -1, "FID_gras_1": -1, "FID_eshm20": 277, "ZONE_ID": "ITAS341", "areakm2": 2867.75194362, "tctCluster": "Shallow Default", "CSZ_ID": "SZ47", "TECTO_ID": "TSZ107", "magScaleRe": "WC1994", "SS": 70.0, "NF": 25.0, "TF": 5.0, "MINDEPTH": 7.0, "MAXDEPTH": 15.0, "HYPODEPTH1": 8.0, "HYPODEPTH2": 10.0, "HYPODEPTH3": 12.0, "WHDEPTH1": 0.3, "WHDEPTH2": 0.6, "WHDEPTH3": 0.1, "WMAXMAG01": 0.5, "WMAXMAG02": 0.4, "WMAXMAG03": 0.1, "MAXMAG01": 6.5, "MAXMAG02": 6.8, "MAXMAG03": 7.1, "STRIKE1": 66.2635, "STRIKE2": 0.0, "STRIKE3": 0.0, "STRIKE4": 309.770625, "DIP1": 44.349, "DIP2": 0.0, "DIP3": 0.0, "DIP4": 36.543375, "aspRatio": 1.0, "mfd_bin": 0.2, "a_val": 2.3199, "a_hi": 2.3261883295, "a_mid": 2.3202603060400002, "a_lo": 2.3143322825800001, "sigma_a": 0.01, "b_val": 0.922, "b_hi": 0.95386393639599998, "b_mid": 0.922, "b_lo": 0.89013606360399999, "sigma_b": 0.01, "cum_cov_ab": 0.054321, "MCORNERP1": 6.0, "MCORNERP2": 6.2, "MCORNERP3": 6.4, "MAXMAGP1": 6.2, "MAXMAGP2": 6.2, "utsu_bval2": 0.0, "utsu_aval": 0.0, "utsu_Minfl": 0.0, "FID_gras26": -1, "Shape_Leng": 265148.67578, "Shape_Area": 4010049577.0599999 }, "geometry": { "type": "Polygon", "coordinates": [ [ [ 8.858762741120888, 44.477291106354947, 0.0 ], [ 8.801203454293939, 44.425473666733659, 0.0 ], [ 8.451552833161607, 44.110680781062008, 0.0 ], [ 8.285898439949866, 44.080021204274999, 0.0 ], [ 8.072137000417337, 44.10577800038034, 0.0 ], [ 8.116534457365615, 44.270843067424288, 0.0 ], [ 8.281191027112591, 44.420204029139697, 0.0 ], [ 8.573195457499038, 44.664970397804922, 0.0 ], [ 8.858762741120888, 44.477291106354947, 0.0 ] ] ] } },
{ "type": "Feature", "properties": { "FID_gras38": -1, "FID_gras24": -1, "FID_gras_1": -1, "FID_eshm20": 278, "ZONE_ID": "ITAS344", "areakm2": 30977.682600799999, "tctCluster": "Shallow Default", "CSZ_ID": "SZ47", "TECTO_ID": "TSZ040", "magScaleRe": "WC1994", "SS": 70.0, "NF": 25.0, "TF": 5.0, "MINDEPTH": 5.0, "MAXDEPTH": 20.0, "HYPODEPTH1": 7.0, "HYPODEPTH2": 10.0, "HYPODEPTH3": 15.0, "WHDEPTH1": 0.2, "WHDEPTH2": 0.6, "WHDEPTH3": 0.2, "WMAXMAG01": 0.5, "WMAXMAG02": 0.4, "WMAXMAG03": 0.1, "MAXMAG01": 6.9, "MAXMAG02": 7.2, "MAXMAG03": 7.2, "STRIKE1": 0.0, "STRIKE2": 0.0, "STRIKE3": 0.0, "STRIKE4": 0.0, "DIP1": 89.99, "DIP2": 0.0, "DIP3": 0.0, "DIP4": 0.0, "aspRatio": 1.0, "mfd_bin": 0.2, "a_val": 2.85, "a_hi": 2.8882433108500001, "a_mid": 2.8500958265, "a_lo": 2.81194834215, "sigma_a": 0.061423452801700001, "b_val": 0.98, "b_hi": 1.05679464876, "b_mid": 0.98, "b_lo": 0.90320535123800005, "sigma_b": 0.058084875626600002, "cum_cov_ab": 0.054321, "MCORNERP1": 5.8, "MCORNERP2": 6.0, "MCORNERP3": 6.2, "MAXMAGP1": 6.0, "MAXMAGP2": 6.2, "utsu_bval2": 0.0, "utsu_aval": 0.0, "utsu_Minfl": 0.0, "FID_gras26": -1, "Shape_Leng": 1494532.6032700001, "Shape_Area": 44641845378.400002 }, "geometry": { "type": "Polygon", "coordinates": [ [ [ 12.717843106461142, 46.441693150693418, 0.0 ], [ 12.595500000119673, 46.4010999999565, 0.0 ], [ 11.917319432080614, 46.109997699739687, 0.0 ], [ 11.170324521239497, 45.934317026462224, 0.0 ], [ 11.16853473583374, 46.129631936776768, 0.0 ], [ 10.969007243911893, 46.209433904740358, 0.0 ], [ 10.491694379638423, 45.956750845553515, 0.0 ], [ 9.995735623390376, 45.907290077669586, 0.0 ], [ 9.187750245815895, 45.810826272788063, 0.0 ], [ 9.369272918584194, 45.308083753275731, 0.0 ], [ 9.100334950159619, 45.231961342309368, 0.0 ], [ 8.772423023507109, 45.245345502197985, 0.0 ], [ 8.256311000441029, 45.333058999419706, 0.0 ], [ 7.633130000369563, 45.310858999993357, 0.0 ], [ 7.762297999589951, 45.402624999793908, 0.0 ], [ 8.259834356478745, 45.628238910396604, 0.0 ], [ 7.998287535769061, 46.034895061764438, 0.0 ], [ 8.653387085545379, 46.080687732331093, 0.0 ], [ 9.662399999632344, 46.150099999493797, 0.0 ], [ 10.340454441510561, 46.221068293967164, 0.0 ], [ 10.543654362196587, 46.428033500045522, 0.0 ], [ 10.66000000039258, 46.67999999963849, 0.0 ], [ 11.17049999994374, 46.857699999883813, 0.0 ], [ 12.030338021281372, 46.605285542309431, 0.0 ], [ 12.717843106461142, 46.441693150693418, 0.0 ] ] ] } },
{ "type": "Feature", "properties": { "FID_gras38": -1, "FID_gras24": -1, "FID_gras_1": -1, "FID_eshm20": 279, "ZONE_ID": "ITAS345", "areakm2": 14559.608878700001, "tctCluster": "Shallow Default", "CSZ_ID": "SZ40", "TECTO_ID": "TSZ097", "magScaleRe": "WC1994", "SS": 20.0, "NF": 60.0, "TF": 20.0, "MINDEPTH": 7.0, "MAXDEPTH": 15.0, "HYPODEPTH1": 8.0, "HYPODEPTH2": 10.0, "HYPODEPTH3": 12.0, "WHDEPTH1": 0.3, "WHDEPTH2": 0.6, "WHDEPTH3": 0.1, "WMAXMAG01": 0.5, "WMAXMAG02": 0.4, "WMAXMAG03": 0.1, "MAXMAG01": 7.1, "MAXMAG02": 7.4, "MAXMAG03": 7.7, "STRIKE1": 88.1036, "STRIKE2": 0.0, "STRIKE3": 228.832802, "STRIKE4": 271.46, "DIP1": 35.933, "DIP2": 0.0, "DIP3": 31.788934, "DIP4": 31.422, "aspRatio": 1.0, "mfd_bin": 0.2, "a_val": 4.03, "a_hi": 4.0575265512399996, "a_mid": 4.0299763296900002, "a_lo": 4.0024261081299999, "sigma_a": 0.078539768127000004, "b_val": 1.07, "b_hi": 1.1203813071199999, "b_mid": 1.07, "b_lo": 1.01961869288, "sigma_b": 0.025, "cum_cov_ab": 0.054321, "MCORNERP1": 6.0, "MCORNERP2": 6.2, "MCORNERP3": 6.4, "MAXMAGP1": 6.4, "MAXMAGP2": 6.4, "utsu_bval2": 0.0, "utsu_aval": 0.0, "utsu_Minfl": 0.0, "FID_gras26": -1, "Shape_Leng": 615785.99581, "Shape_Area": 20824591421.0 }, "geometry": { "type": "Polygon", "coordinates": [ [ [ 11.170324521239497, 45.934317026462224, 0.0 ], [ 10.822232000119751, 45.43678999924277, 0.0 ], [ 10.678144000024723, 45.357051999545028, 0.0 ], [ 10.168735275677344, 45.186623476885707, 0.0 ], [ 9.369272918584194, 45.308083753275731, 0.0 ], [ 9.187750245815895, 45.810826272788063, 0.0 ], [ 9.995735623390376, 45.907290077669586, 0.0 ], [ 10.491694379638423, 45.956750845553515, 0.0 ], [ 10.969007243911893, 46.209433904740358, 0.0 ], [ 11.16853473583374, 46.129631936776768, 0.0 ], [ 11.170324521239497, 45.934317026462224, 0.0 ] ] ] } },
{ "type": "Feature", "properties": { "FID_gras38": -1, "FID_gras24": -1, "FID_gras_1": -1, "FID_eshm20": 280, "ZONE_ID": "ITAS348", "areakm2": 42179.973694499997, "tctCluster": "Shallow Default", "CSZ_ID": "SZ37", "TECTO_ID": "TSZ044", "magScaleRe": "WC1994", "SS": 20.0, "NF": 30.0, "TF": 50.0, "MINDEPTH": 0.0, "MAXDEPTH": 20.0, "HYPODEPTH1": 2.0, "HYPODEPTH2": 10.0, "HYPODEPTH3": 18.0, "WHDEPTH1": 0.1, "WHDEPTH2": 0.4, "WHDEPTH3": 0.5, "WMAXMAG01": 0.5, "WMAXMAG02": 0.4, "WMAXMAG03": 0.1, "MAXMAG01": 6.3, "MAXMAG02": 6.6, "MAXMAG03": 6.9, "STRIKE1": 0.0, "STRIKE2": 0.0, "STRIKE3": 0.0, "STRIKE4": 302.218263, "DIP1": 89.99, "DIP2": 0.0, "DIP3": 0.0, "DIP4": 72.990105, "aspRatio": 1.0, "mfd_bin": 0.2, "a_val": 3.1110026984500001, "a_hi": 3.1863318338400002, "a_mid": 3.1116275040399999, "a_lo": 3.03692317424, "sigma_a": 0.25212892148299998, "b_val": 0.97203734208799997, "b_hi": 1.04588146884, "b_mid": 0.97203734208799997, "b_lo": 0.89819321533300001, "sigma_b": 0.053707268507, "cum_cov_ab": 0.054321, "MCORNERP1": 6.0, "MCORNERP2": 6.2, "MCORNERP3": 6.4, "MAXMAGP1": 6.2, "MAXMAGP2": 6.4, "utsu_bval2": 0.0, "utsu_aval": 0.0, "utsu_Minfl": 0.0, "FID_gras26": -1, "Shape_Leng": 1484706.9844800001, "Shape_Area": 55171143803.699997 }, "geometry": { "type": "Polygon", "coordinates": [ [ [ 13.767481226141276, 41.317012575954003, 0.0 ], [ 14.285170000041783, 40.977776000274233, 0.0 ], [ 13.953824774357107, 40.835796745951335, 0.0 ], [ 14.270452566568759, 40.71743121601255, 0.0 ], [ 14.485963591898134, 40.619600931185474, 0.0 ], [ 14.57207979070289, 40.720735006215037, 0.0 ], [ 14.688394131594443, 40.626224553605375, 0.0 ], [ 14.686180000014756, 40.560603999685384, 0.0 ], [ 14.860011999802959, 40.268174999217003, 0.0 ], [ 15.315749296465693, 39.809628084032397, 0.0 ], [ 15.700612999979779, 39.419043000121647, 0.0 ], [ 16.040163040414235, 39.439914703093741, 0.0 ], [ 16.027631759593071, 39.003452300710933, 0.0 ], [ 15.631821439351636, 38.343142214977469, 0.0 ], [ 15.170981000409371, 38.290005000190824, 0.0 ], [ 14.989361541355732, 38.778571604013578, 0.0 ], [ 15.112499999880107, 38.916899999763544, 0.0 ], [ 15.308682224972713, 38.955476241089364, 0.0 ], [ 15.326107999975614, 39.119013999710269, 0.0 ], [ 15.190941999908803, 39.320087999878176, 0.0 ], [ 14.993737999570987, 39.509016999239734, 0.0 ], [ 14.566356999523572, 39.719298999908233, 0.0 ], [ 14.116175000460478, 39.793951000199577, 0.0 ], [ 13.630129999585689, 40.005560000354073, 0.0 ], [ 13.26670400013399, 40.622508999556594, 0.0 ], [ 12.424517054865753, 41.112598697539958, 0.0 ], [ 12.650768115848191, 41.333839190688806, 0.0 ], [ 13.053764237015407, 41.636188005359571, 0.0 ], [ 13.767481226141276, 41.317012575954003, 0.0 ] ] ] } },
{ "type": "Feature", "properties": { "FID_gras38": -1, "FID_gras24": -1, "FID_gras_1": -1, "FID_eshm20": 281, "ZONE_ID": "ITAS351", "areakm2": 8645.1174172400006, "tctCluster": "Shallow Default", "CSZ_ID": "SZ37", "TECTO_ID": "TSZ044", "magScaleRe": "WC1994", "SS": 10.0, "NF": 70.0, "TF": 20.0, "MINDEPTH": 8.0, "MAXDEPTH": 12.0, "HYPODEPTH1": 9.0, "HYPODEPTH2": 10.0, "HYPODEPTH3": 11.0, "WHDEPTH1": 0.3, "WHDEPTH2": 0.6, "WHDEPTH3": 0.1, "WMAXMAG01": 0.5, "WMAXMAG02": 0.4, "WMAXMAG03": 0.1, "MAXMAG01": 6.6, "MAXMAG02": 6.9, "MAXMAG03": 7.1, "STRIKE1": 0.0, "STRIKE2": 134.998793, "STRIKE3": 0.0, "STRIKE4": 313.174773, "DIP1": 45.352818, "DIP2": 45.352818, "DIP3": 0.0, "DIP4": 34.901455, "aspRatio": 1.0, "mfd_bin": 0.2, "a_val": 2.55, "a_hi": 2.6377078269099998, "a_mid": 2.5500308571099999, "a_lo": 2.4623538873, "sigma_a": 0.228132121332, "b_val": 0.97, "b_hi": 1.0382059949, "b_mid": 0.97, "b_lo": 0.90179400510200003, "sigma_b": 0.045819067197799997, "cum_cov_ab": 0.054321, "MCORNERP1": 6.0, "MCORNERP2": 6.2, "MCORNERP3": 6.4, "MAXMAGP1": 6.0, "MAXMAGP2": 6.2, "utsu_bval2": 0.0, "utsu_aval": 0.0, "utsu_Minfl": 0.0, "FID_gras26": -1, "Shape_Leng": 504364.65756600001, "Shape_Area": 11301011608.6 }, "geometry": { "type": "Polygon", "coordinates": [ [ [ 15.221920013511124, 40.580947875619046, 0.0 ], [ 16.045110702284376, 39.710124969016981, 0.0 ], [ 16.040163040414235, 39.439914703093741, 0.0 ], [ 15.700612999979779, 39.419043000121647, 0.0 ], [ 15.315749296465693, 39.809628084032397, 0.0 ], [ 14.860011999802959, 40.268174999217003, 0.0 ], [ 14.686180000014756, 40.560603999685384, 0.0 ], [ 14.688394131594443, 40.626224553605375, 0.0 ], [ 15.221920013511124, 40.580947875619046, 0.0 ] ] ] } },
{ "type": "Feature", "properties": { "FID_gras38": -1, "FID_gras24": -1, "FID_gras_1": -1, "FID_eshm20": 282, "ZONE_ID": "LBAS341", "areakm2": 31722.372854099998, "tctCluster": "Shallow Default", "CSZ_ID": "SZ42", "TECTO_ID": "TSZ087", "magScaleRe": "WC1994", "SS": 85.0, "NF": 15.0, "TF": 0.0, "MINDEPTH": 0.0, "MAXDEPTH": 20.0, "HYPODEPTH1": 2.0, "HYPODEPTH2": 10.0, "HYPODEPTH3": 18.0, "WHDEPTH1": 0.4, "WHDEPTH2": 0.3, "WHDEPTH3": 0.3, "WMAXMAG01": 0.5, "WMAXMAG02": 0.4, "WMAXMAG03": 0.1, "MAXMAG01": 7.7, "MAXMAG02": 8.0, "MAXMAG03": 8.3, "STRIKE1": 0.0, "STRIKE2": 0.0, "STRIKE3": 0.0, "STRIKE4": 0.0, "DIP1": 89.99, "DIP2": 0.0, "DIP3": 0.0, "DIP4": 0.0, "aspRatio": 1.0, "mfd_bin": 0.2, "a_val": 3.4509, "a_hi": 3.5229655389699999, "a_mid": 3.4504208163799999, "a_lo": 3.3778760937899999, "sigma_a": 0.099389286430299997, "b_val": 0.8, "b_hi": 0.84081243023300001, "b_mid": 0.8, "b_lo": 0.75918756976699997, "sigma_b": 0.0164053711213, "cum_cov_ab": 0.054321, "MCORNERP1": 7.5, "MCORNERP2": 7.7, "MCORNERP3": 7.9, "MAXMAGP1": 7.8, "MAXMAGP2": 8.0, "utsu_bval2": 0.0, "utsu_aval": 0.0, "utsu_Minfl": 0.0, "FID_gras26": -1, "Shape_Leng": 977202.53240699996, "Shape_Area": 33863063750.299999 }, "geometry": { "type": "Polygon", "coordinates": [ [ [ 37.285033000265891, 37.356736999620459, 0.0 ], [ 36.860554000557293, 35.88802999948043, 0.0 ], [ 36.562845999345321, 34.619109999998898, 0.0 ], [ 35.707093203306144, 34.824139515940807, 0.0 ], [ 36.05686599980865, 35.209464999807878, 0.0 ], [ 36.07303000026517, 35.303062999620778, 0.0 ], [ 35.98459099978249, 35.569027999897621, 0.0 ], [ 35.940153000068776, 35.933469999073083, 0.0 ], [ 35.794713999363431, 36.109798999972803, 0.0 ], [ 36.376973000353395, 36.775082999452259, 0.0 ], [ 36.59479299959348, 37.440451999859278, 0.0 ], [ 36.942005999981504, 37.326584000133757, 0.0 ], [ 37.114374999904747, 37.439421000018093, 0.0 ], [ 37.285033000265891, 37.356736999620459, 0.0 ] ] ] } },
{ "type": "Feature", "properties": { "FID_gras38": -1, "FID_gras24": -1, "FID_gras_1": -1, "FID_eshm20": 283, "ZONE_ID": "LVAS342", "areakm2": 355158.81584400003, "tctCluster": "Craton", "CSZ_ID": "SZ31", "TECTO_ID": "TSZ026", "magScaleRe": "WC1994", "SS": 33.0, "NF": 33.0, "TF": 34.0, "MINDEPTH": 0.0, "MAXDEPTH": 34.0, "HYPODEPTH1": 8.0, "HYPODEPTH2": 10.0, "HYPODEPTH3": 15.0, "WHDEPTH1": 0.1, "WHDEPTH2": 0.4, "WHDEPTH3": 0.5, "WMAXMAG01": 0.5, "WMAXMAG02": 0.4, "WMAXMAG03": 0.1, "MAXMAG01": 6.3, "MAXMAG02": 6.6, "MAXMAG03": 6.9, "STRIKE1": 0.0, "STRIKE2": 0.0, "STRIKE3": 0.0, "STRIKE4": 0.0, "DIP1": 89.99, "DIP2": 0.0, "DIP3": 0.0, "DIP4": 0.0, "aspRatio": 1.0, "mfd_bin": 0.2, "a_val": 2.887, "a_hi": 2.89318590268, "a_mid": 2.88732348481, "a_lo": 2.88146106694, "sigma_a": 0.01, "b_val": 1.0, "b_hi": 1.0318639364, "b_mid": 1.0, "b_lo": 0.96813606360399995, "sigma_b": 0.01, "cum_cov_ab": 0.054321, "MCORNERP1": 6.0, "MCORNERP2": 6.2, "MCORNERP3": 6.4, "MAXMAGP1": 6.2, "MAXMAGP2": 6.2, "utsu_bval2": 0.0, "utsu_aval": 0.0, "utsu_Minfl": 0.0, "FID_gras26": -1, "Shape_Leng": 3742935.83617, "Shape_Area": 662730800876.0 }, "geometry": { "type": "Polygon", "coordinates": [ [ [ 28.200000000266666, 59.300000000247614, 0.0 ], [ 28.200000000266666, 55.269999999497642, 0.0 ], [ 22.310000000018569, 56.119999999754747, 0.0 ], [ 21.180000000884526, 54.519999999225092, 0.0 ], [ 19.656411000509348, 54.633632000337968, 0.0 ], [ 22.323135999739531, 59.592357999878907, 0.0 ], [ 24.999999999713978, 59.700000000263046, 0.0 ], [ 25.727044999859537, 59.608300000127088, 0.0 ], [ 28.200000000266666, 59.300000000247614, 0.0 ] ] ] } },
{ "type": "Feature", "properties": { "FID_gras38": -1, "FID_gras24": -1, "FID_gras_1": -1, "FID_eshm20": 284, "ZONE_ID": "MAAS001", "areakm2": 128458.23908699999, "tctCluster": "Shallow Default", "CSZ_ID": "SZ28", "TECTO_ID": "TSZ165", "magScaleRe": "WC1994", "SS": 30.0, "NF": 20.0, "TF": 50.0, "MINDEPTH": 0.0, "MAXDEPTH": 20.0, "HYPODEPTH1": 2.0, "HYPODEPTH2": 10.0, "HYPODEPTH3": 18.0, "WHDEPTH1": 0.1, "WHDEPTH2": 0.4, "WHDEPTH3": 0.5, "WMAXMAG01": 0.5, "WMAXMAG02": 0.4, "WMAXMAG03": 0.1, "MAXMAG01": 6.5, "MAXMAG02": 6.8, "MAXMAG03": 7.1, "STRIKE1": 71.211716, "STRIKE2": 0.0, "STRIKE3": 0.0, "STRIKE4": 335.370667, "DIP1": 28.084747, "DIP2": 0.0, "DIP3": 0.0, "DIP4": 14.938, "aspRatio": 1.0, "mfd_bin": 0.2, "a_val": 4.2910582887300004, "a_hi": 4.3762210486999997, "a_mid": 4.2909409953099997, "a_lo": 4.2056609419199997, "sigma_a": 0.17491548426799999, "b_val": 1.2005072458499999, "b_hi": 1.265185243, "b_mid": 1.2005072458499999, "b_lo": 1.1358292487099999, "sigma_b": 0.041201618133299998, "cum_cov_ab": 0.054321, "MCORNERP1": 6.0, "MCORNERP2": 6.2, "MCORNERP3": 6.4, "MAXMAGP1": 6.2, "MAXMAGP2": 6.4, "utsu_bval2": 0.0, "utsu_aval": 0.0, "utsu_Minfl": 0.0, "FID_gras26": -1, "Shape_Leng": 1820063.31693, "Shape_Area": 164813153417.0 }, "geometry": { "type": "Polygon", "coordinates": [ [ [ -6.434678187939422, 34.683093266267861, 0.0 ], [ -5.695182580176766, 34.38760362846994, 0.0 ], [ -6.150181999766822, 32.478441000226972, 0.0 ], [ -7.066061695887027, 31.912408858875619, 0.0 ], [ -9.770662605885027, 31.062687500187334, 0.0 ], [ -10.96913445613589, 30.576772489254513, 0.0 ], [ -9.232165914309933, 33.298028808757508, 0.0 ], [ -8.942201999904841, 34.655955000522532, 0.0 ], [ -8.483186999603696, 34.650458999756928, 0.0 ], [ -7.193143913917216, 34.822309902133071, 0.0 ], [ -6.434678187939422, 34.683093266267861, 0.0 ] ] ] } },
{ "type": "Feature", "properties": { "FID_gras38": -1, "FID_gras24": -1, "FID_gras_1": -1, "FID_eshm20": 285, "ZONE_ID": "MAAS344", "areakm2": 60658.041301999998, "tctCluster": "Shallow Default", "CSZ_ID": "SZ51", "TECTO_ID": "TSZ177", "magScaleRe": "WC1994", "SS": 30.0, "NF": 20.0, "TF": 50.0, "MINDEPTH": 0.0, "MAXDEPTH": 60.0, "HYPODEPTH1": 2.0, "HYPODEPTH2": 10.0, "HYPODEPTH3": 18.0, "WHDEPTH1": 0.1, "WHDEPTH2": 0.4, "WHDEPTH3": 0.5, "WMAXMAG01": 0.5, "WMAXMAG02": 0.4, "WMAXMAG03": 0.1, "MAXMAG01": 8.5, "MAXMAG02": 8.6, "MAXMAG03": 8.7, "STRIKE1": 0.0, "STRIKE2": 0.0, "STRIKE3": 0.0, "STRIKE4": 311.327425, "DIP1": 89.99, "DIP2": 0.0, "DIP3": 0.0, "DIP4": 43.317621, "aspRatio": 1.0, "mfd_bin": 0.2, "a_val": 3.5219364939800002, "a_hi": 3.6131167874700001, "a_mid": 3.5216877629300001, "a_lo": 3.4302587384000001, "sigma_a": 0.15401118329, "b_val": 0.92189389044299996, "b_hi": 0.98124425231099999, "b_mid": 0.92189389044299996, "b_lo": 0.86254352857399996, "sigma_b": 0.034693481972, "cum_cov_ab": 0.054321, "MCORNERP1": 6.4, "MCORNERP2": 6.6, "MCORNERP3": 6.8, "MAXMAGP1": 6.8, "MAXMAGP2": 6.8, "utsu_bval2": 0.0, "utsu_aval": 0.0, "utsu_Minfl": 0.0, "FID_gras26": -1, "Shape_Leng": 1213475.3513199999, "Shape_Area": 81207377373.100006 }, "geometry": { "type": "Polygon", "coordinates": [ [ [ -6.100683149558892, 35.487166897366464, 0.0 ], [ -6.434678187939422, 34.683093266267861, 0.0 ], [ -7.193143913917216, 34.822309902133071, 0.0 ], [ -8.483186999603696, 34.650458999756928, 0.0 ], [ -8.942201999904841, 34.655955000522532, 0.0 ], [ -9.285538999810619, 34.824065999555913, 0.0 ], [ -10.340705650888177, 35.141816783014413, 0.0 ], [ -9.441470999465858, 36.154385999319445, 0.0 ], [ -8.734820377553811, 36.118318290722257, 0.0 ], [ -7.89458100048282, 36.246857000191412, 0.0 ], [ -6.845894732084491, 36.26804463425227, 0.0 ], [ -6.426775999439156, 36.414000999738654, 0.0 ], [ -6.100683149558892, 35.487166897366464, 0.0 ] ] ] } },
{ "type": "Feature", "properties": { "FID_gras38": -1, "FID_gras24": -1, "FID_gras_1": -1, "FID_eshm20": 286, "ZONE_ID": "MAAS346", "areakm2": 108998.25669900001, "tctCluster": "Shallow Default", "CSZ_ID": "SZ30", "TECTO_ID": "TSZ016", "magScaleRe": "WC1994", "SS": 60.0, "NF": 10.0, "TF": 30.0, "MINDEPTH": 0.0, "MAXDEPTH": 20.0, "HYPODEPTH1": 2.0, "HYPODEPTH2": 10.0, "HYPODEPTH3": 18.0, "WHDEPTH1": 0.1, "WHDEPTH2": 0.4, "WHDEPTH3": 0.5, "WMAXMAG01": 0.5, "WMAXMAG02": 0.4, "WMAXMAG03": 0.1, "MAXMAG01": 7.1, "MAXMAG02": 7.4, "MAXMAG03": 7.7, "STRIKE1": 77.375467, "STRIKE2": 0.0, "STRIKE3": 233.898085, "STRIKE4": 285.639126, "DIP1": 67.162, "DIP2": 0.0, "DIP3": 67.347379, "DIP4": 41.487232, "aspRatio": 1.0, "mfd_bin": 0.2, "a_val": 3.6416255245800002, "a_hi": 3.6914473513699999, "a_mid": 3.6412703356199998, "a_lo": 3.5910933198700001, "sigma_a": 0.093415210316100006, "b_val": 0.88461030870099999, "b_hi": 0.92975265520200001, "b_mid": 0.88461030870099999, "b_lo": 0.8394679622, "sigma_b": 0.020071018300799999, "cum_cov_ab": 0.054321, "MCORNERP1": 6.2, "MCORNERP2": 6.4, "MCORNERP3": 6.6, "MAXMAGP1": 6.6, "MAXMAGP2": 6.8, "utsu_bval2": 0.0, "utsu_aval": 0.0, "utsu_Minfl": 0.0, "FID_gras26": -1, "Shape_Leng": 1520894.22921, "Shape_Area": 114947314428.0 }, "geometry": { "type": "Polygon", "coordinates": [ [ [ -2.794529596597792, 36.186771526908167, 0.0 ], [ -2.476029852776271, 36.110929395851137, 0.0 ], [ -1.890532227557725, 36.011146407955756, 0.0 ], [ -1.864302149795148, 34.740437047099178, 0.0 ], [ -6.150181999766822, 32.478441000226972, 0.0 ], [ -5.695182580176766, 34.38760362846994, 0.0 ], [ -4.352054476243392, 35.502088386175764, 0.0 ], [ -3.242355983017207, 36.203041655158444, 0.0 ], [ -2.794529596597792, 36.186771526908167, 0.0 ] ] ] } },
{ "type": "Feature", "properties": { "FID_gras38": -1, "FID_gras24": -1, "FID_gras_1": -1, "FID_eshm20": 287, "ZONE_ID": "MKAS350", "areakm2": 3343.2754857499999, "tctCluster": "Shallow Default", "CSZ_ID": "SZ23", "TECTO_ID": "TSZ020", "magScaleRe": "WC1994", "SS": 20.0, "NF": 60.0, "TF": 20.0, "MINDEPTH": 0.0, "MAXDEPTH": 20.0, "HYPODEPTH1": 2.0, "HYPODEPTH2": 10.0, "HYPODEPTH3": 18.0, "WHDEPTH1": 0.1, "WHDEPTH2": 0.4, "WHDEPTH3": 0.5, "WMAXMAG01": 0.5, "WMAXMAG02": 0.4, "WMAXMAG03": 0.1, "MAXMAG01": 7.3, "MAXMAG02": 7.6, "MAXMAG03": 7.9, "STRIKE1": 62.7095, "STRIKE2": 105.088962, "STRIKE3": 0.0, "STRIKE4": 301.322477, "DIP1": 56.725083, "DIP2": 46.315846, "DIP3": 0.0, "DIP4": 54.322886, "aspRatio": 1.0, "mfd_bin": 0.2, "a_val": 3.2038719643200002, "a_hi": 3.21751880935, "a_mid": 3.20427933107, "a_lo": 3.1910398527799999, "sigma_a": 0.038338044715300001, "b_val": 0.91315620206400006, "b_hi": 0.94256796754899996, "b_mid": 0.91315620206400006, "b_lo": 0.88374443657799995, "sigma_b": 0.0085200733943300005, "cum_cov_ab": 0.054321, "MCORNERP1": 6.8, "MCORNERP2": 7.0, "MCORNERP3": 7.2, "MAXMAGP1": 7.0, "MAXMAGP2": 7.2, "utsu_bval2": 0.0, "utsu_aval": 0.0, "utsu_Minfl": 0.0, "FID_gras26": -1, "Shape_Leng": 338462.40634300001, "Shape_Area": 5527299151.3999996 }, "geometry": { "type": "Polygon", "coordinates": [ [ [ 23.571982552210493, 41.366510724240612, 0.0 ], [ 22.999269000022252, 41.199546000228366, 0.0 ], [ 22.63807645850526, 41.132888481688553, 0.0 ], [ 22.204820951708466, 41.297838415377122, 0.0 ], [ 22.879216999202221, 41.618406000079254, 0.0 ], [ 23.571982552210493, 41.366510724240612, 0.0 ] ] ] } },
{ "type": "Feature", "properties": { "FID_gras38": -1, "FID_gras24": -1, "FID_gras_1": -1, "FID_eshm20": 288, "ZONE_ID": "MKAS352", "areakm2": 16056.9278815, "tctCluster": "Shallow Default", "CSZ_ID": "SZ23", "TECTO_ID": "TSZ101", "magScaleRe": "WC1994", "SS": 20.0, "NF": 60.0, "TF": 20.0, "MINDEPTH": 0.0, "MAXDEPTH": 14.0, "HYPODEPTH1": 2.0, "HYPODEPTH2": 8.0, "HYPODEPTH3": 10.0, "WHDEPTH1": 0.1, "WHDEPTH2": 0.4, "WHDEPTH3": 0.5, "WMAXMAG01": 0.5, "WMAXMAG02": 0.4, "WMAXMAG03": 0.1, "MAXMAG01": 7.3, "MAXMAG02": 7.6, "MAXMAG03": 7.9, "STRIKE1": 36.382905, "STRIKE2": 0.0, "STRIKE3": 221.541063, "STRIKE4": 335.178646, "DIP1": 46.907622, "DIP2": 0.0, "DIP3": 47.469919, "DIP4": 41.402949, "aspRatio": 1.0, "mfd_bin": 0.2, "a_val": 3.19, "a_hi": 3.2709155693700001, "a_mid": 3.1900027598, "a_lo": 3.10908995023, "sigma_a": 0.13812916681500001, "b_val": 0.9, "b_hi": 0.95593023472700001, "b_mid": 0.9, "b_lo": 0.84406976527300004, "sigma_b": 0.030810193859199999, "cum_cov_ab": 0.054321, "MCORNERP1": 6.4, "MCORNERP2": 6.6, "MCORNERP3": 6.8, "MAXMAGP1": 6.6, "MAXMAGP2": 6.8, "utsu_bval2": 0.0, "utsu_aval": 0.0, "utsu_Minfl": 0.0, "FID_gras26": -1, "Shape_Leng": 751646.713155, "Shape_Area": 21512706550.5 }, "geometry": { "type": "Polygon", "coordinates": [ [ [ 22.15492471646326, 41.871741051186774, 0.0 ], [ 22.879216999202221, 41.618406000079254, 0.0 ], [ 22.204820951708466, 41.297838415377122, 0.0 ], [ 21.782133899650528, 41.19999999962652, 0.0 ], [ 21.533782999884561, 40.98180999991115, 0.0 ], [ 21.228961000087473, 41.622770999770125, 0.0 ], [ 20.973171999463325, 41.75416499946342, 0.0 ], [ 20.870000000398679, 41.659999999897785, 0.0 ], [ 20.903597484301525, 41.80337682868209, 0.0 ], [ 20.79057014191665, 41.804166114467691, 0.0 ], [ 20.802065149582255, 41.998486474725063, 0.0 ], [ 20.562511443308836, 42.11177063045637, 0.0 ], [ 20.496699000691702, 42.230554999955494, 0.0 ], [ 20.879801000135796, 42.351867999668933, 0.0 ], [ 21.142374186481753, 42.361525717723559, 0.0 ], [ 21.213102027975577, 42.269887796698242, 0.0 ], [ 21.377545352047136, 42.130952748790193, 0.0 ], [ 22.15492471646326, 41.871741051186774, 0.0 ] ] ] } },
{ "type": "Feature", "properties": { "FID_gras38": -1, "FID_gras24": -1, "FID_gras_1": -1, "FID_eshm20": 289, "ZONE_ID": "MKAS353", "areakm2": 5478.9884815799996, "tctCluster": "Shallow Default", "CSZ_ID": "SZ23", "TECTO_ID": "TSZ101", "magScaleRe": "WC1994", "SS": 20.0, "NF": 60.0, "TF": 20.0, "MINDEPTH": 0.0, "MAXDEPTH": 14.0, "HYPODEPTH1": 2.0, "HYPODEPTH2": 8.0, "HYPODEPTH3": 10.0, "WHDEPTH1": 0.1, "WHDEPTH2": 0.4, "WHDEPTH3": 0.5, "WMAXMAG01": 0.5, "WMAXMAG02": 0.4, "WMAXMAG03": 0.1, "MAXMAG01": 7.3, "MAXMAG02": 7.6, "MAXMAG03": 7.9, "STRIKE1": 46.7922, "STRIKE2": 161.226446, "STRIKE3": 201.980836, "STRIKE4": 329.653729, "DIP1": 56.557743, "DIP2": 48.730877, "DIP3": 51.347356, "DIP4": 41.110181, "aspRatio": 1.0, "mfd_bin": 0.2, "a_val": 2.6, "a_hi": 2.6606718549799999, "a_mid": 2.59996297606, "a_lo": 2.5392540971500002, "sigma_a": 0.113046572119, "b_val": 0.75237907665399995, "b_hi": 0.80284093568600001, "b_mid": 0.75237907665399995, "b_lo": 0.70191721762299997, "sigma_b": 0.025080006172199999, "cum_cov_ab": 0.054321, "MCORNERP1": 6.4, "MCORNERP2": 6.6, "MCORNERP3": 6.8, "MAXMAGP1": 6.8, "MAXMAGP2": 7.0, "utsu_bval2": 0.0, "utsu_aval": 0.0, "utsu_Minfl": 0.0, "FID_gras26": -1, "Shape_Leng": 363265.22388000001, "Shape_Area": 7286069401.7799997 }, "geometry": { "type": "Polygon", "coordinates": [ [ [ 21.533782999884561, 40.98180999991115, 0.0 ], [ 21.27417300082638, 40.749916999727745, 0.0 ], [ 21.0774748022992, 40.72764136947761, 0.0 ], [ 20.988089999789832, 40.929584000234129, 0.0 ], [ 20.808456595455116, 41.460977972136021, 0.0 ], [ 20.870000000398679, 41.659999999897785, 0.0 ], [ 20.973171999463325, 41.75416499946342, 0.0 ], [ 21.228961000087473, 41.622770999770125, 0.0 ], [ 21.533782999884561, 40.98180999991115, 0.0 ] ] ] } },
{ "type": "Feature", "properties": { "FID_gras38": -1, "FID_gras24": -1, "FID_gras_1": -1, "FID_eshm20": 290, "ZONE_ID": "MTAS353", "areakm2": 125138.027736, "tctCluster": "Shallow Default", "CSZ_ID": "SZ38", "TECTO_ID": "TSZ111", "magScaleRe": "WC1994", "SS": 30.0, "NF": 20.0, "TF": 50.0, "MINDEPTH": 0.0, "MAXDEPTH": 20.0, "HYPODEPTH1": 2.0, "HYPODEPTH2": 10.0, "HYPODEPTH3": 18.0, "WHDEPTH1": 0.1, "WHDEPTH2": 0.4, "WHDEPTH3": 0.5, "WMAXMAG01": 0.5, "WMAXMAG02": 0.4, "WMAXMAG03": 0.1, "MAXMAG01": 7.1, "MAXMAG02": 7.4, "MAXMAG03": 7.7, "STRIKE1": 0.0, "STRIKE2": 120.923329, "STRIKE3": 230.221182, "STRIKE4": 288.303977, "DIP1": 58.331171, "DIP2": 58.331171, "DIP3": 41.319136, "DIP4": 67.283442, "aspRatio": 1.0, "mfd_bin": 0.2, "a_val": 4.0567676947000004, "a_hi": 4.0963820568899996, "a_mid": 4.0565954183399997, "a_lo": 4.0168087797799998, "sigma_a": 0.073183400089100001, "b_val": 1.0075214053199999, "b_hi": 1.04820036709, "b_mid": 1.0075214053199999, "b_lo": 0.96684244354299997, "sigma_b": 0.016298245950700001, "cum_cov_ab": 0.054321, "MCORNERP1": 6.0, "MCORNERP2": 6.2, "MCORNERP3": 6.4, "MAXMAGP1": 6.4, "MAXMAGP2": 6.6, "utsu_bval2": 0.0, "utsu_aval": 0.0, "utsu_Minfl": 0.0, "FID_gras26": -1, "Shape_Leng": 2057745.41099, "Shape_Area": 196104279768.0 }, "geometry": { "type": "Polygon", "coordinates": [ [ [ 11.893800000026602, 37.999899999054414, 0.0 ], [ 12.59656299995158, 37.318881999890031, 0.0 ], [ 13.109631538919862, 37.488861084039129, 0.0 ], [ 13.50432681992503, 37.197254180897396, 0.0 ], [ 13.711199760466625, 37.110744476023875, 0.0 ], [ 13.923681259721105, 37.05918502732991, 0.0 ], [ 14.223557472432063, 37.070060729385098, 0.0 ], [ 14.403430938950047, 37.182456969786557, 0.0 ], [ 14.657658916443719, 36.666312009740956, 0.0 ], [ 14.771830183392858, 36.687022146416261, 0.0 ], [ 15.084075321708736, 36.642415698455792, 0.0 ], [ 15.156826314749452, 36.685429058589925, 0.0 ], [ 15.114343983341911, 36.810220908740718, 0.0 ], [ 15.349058865828422, 37.005374119653283, 0.0 ], [ 16.369657516526374, 36.555648803119759, 0.0 ], [ 16.347341942835769, 35.2835208592982, 0.0 ], [ 15.482405022860027, 34.960581966003168, 0.0 ], [ 14.662079000442414, 35.02667400000302, 0.0 ], [ 11.94369999921288, 34.993999999104162, 0.0 ], [ 10.001315623762032, 36.059118342243032, 0.0 ], [ 11.562700000041477, 38.395000000204028, 0.0 ], [ 11.588578846409419, 38.136956751681012, 0.0 ], [ 11.893800000026602, 37.999899999054414, 0.0 ] ] ] } },
{ "type": "Feature", "properties": { "FID_gras38": -1, "FID_gras24": -1, "FID_gras_1": -1, "FID_eshm20": 291, "ZONE_ID": "NLAS354", "areakm2": 5137.7768019599998, "tctCluster": "Shallow Default", "CSZ_ID": "SZ03", "TECTO_ID": "TSZ104", "magScaleRe": "WC1994", "SS": 35.0, "NF": 50.0, "TF": 15.0, "MINDEPTH": 8.0, "MAXDEPTH": 18.0, "HYPODEPTH1": 9.0, "HYPODEPTH2": 10.0, "HYPODEPTH3": 15.0, "WHDEPTH1": 0.1, "WHDEPTH2": 0.4, "WHDEPTH3": 0.5, "WMAXMAG01": 0.5, "WMAXMAG02": 0.4, "WMAXMAG03": 0.1, "MAXMAG01": 6.6, "MAXMAG02": 6.9, "MAXMAG03": 7.2, "STRIKE1": 0.0, "STRIKE2": 139.202816, "STRIKE3": 0.0, "STRIKE4": 316.8538, "DIP1": 56.799337, "DIP2": 56.799337, "DIP3": 0.0, "DIP4": 56.384063, "aspRatio": 1.0, "mfd_bin": 0.2, "a_val": 3.5, "a_hi": 3.6164987216200002, "a_mid": 3.4997747667799999, "a_lo": 3.38305081194, "sigma_a": 0.168448369254, "b_val": 1.05, "b_hi": 1.1096857977600001, "b_mid": 1.05, "b_lo": 0.99031420224400002, "sigma_b": 0.035086750849800001, "cum_cov_ab": 0.054321, "MCORNERP1": 6.0, "MCORNERP2": 6.2, "MCORNERP3": 6.4, "MAXMAGP1": 6.2, "MAXMAGP2": 6.4, "utsu_bval2": 0.0, "utsu_aval": 0.0, "utsu_Minfl": 0.0, "FID_gras26": -1, "Shape_Leng": 403764.753356, "Shape_Area": 8127887685.8199997 }, "geometry": { "type": "Polygon", "coordinates": [ [ [ 7.072000000089568, 50.611999999973868, 0.0 ], [ 6.926595538708591, 50.520702480309282, 0.0 ], [ 6.823175689965471, 50.400213337052485, 0.0 ], [ 6.392999999628112, 50.6869999995439, 0.0 ], [ 6.222999999941231, 50.610999999306443, 0.0 ], [ 6.040779876084668, 50.73385957480604, 0.0 ], [ 5.797137850714953, 50.898204427023181, 0.0 ], [ 5.977999999441338, 51.053999999733492, 0.0 ], [ 6.233999999952689, 51.027999999196879, 0.0 ], [ 6.374250000098582, 51.06799999927501, 0.0 ], [ 6.582429000333469, 51.012534999436802, 0.0 ], [ 6.62700000011658, 50.999999999772911, 0.0 ], [ 7.072000000089568, 50.611999999973868, 0.0 ] ] ] } },
{ "type": "Feature", "properties": { "FID_gras38": -1, "FID_gras24": -1, "FID_gras_1": -1, "FID_eshm20": 292, "ZONE_ID": "NLAS355", "areakm2": 57468.034628900001, "tctCluster": "Shallow Default", "CSZ_ID": "SZ49", "TECTO_ID": "TSZ007", "magScaleRe": "WC1994", "SS": 90.0, "NF": 10.0, "TF": 0.0, "MINDEPTH": 0.0, "MAXDEPTH": 20.0, "HYPODEPTH1": 8.0, "HYPODEPTH2": 10.0, "HYPODEPTH3": 15.0, "WHDEPTH1": 0.1, "WHDEPTH2": 0.4, "WHDEPTH3": 0.5, "WMAXMAG01": 0.5, "WMAXMAG02": 0.4, "WMAXMAG03": 0.1, "MAXMAG01": 6.3, "MAXMAG02": 6.6, "MAXMAG03": 6.9, "STRIKE1": 0.0, "STRIKE2": 0.0, "STRIKE3": 0.0, "STRIKE4": 0.0, "DIP1": 89.99, "DIP2": 0.0, "DIP3": 0.0, "DIP4": 0.0, "aspRatio": 1.0, "mfd_bin": 0.2, "a_val": 1.8, "a_hi": 1.8109213107, "a_mid": 1.80012889423, "a_lo": 1.78933647777, "sigma_a": 0.015, "b_val": 1.05, "b_hi": 1.0890251926800001, "b_mid": 1.05, "b_lo": 1.01097480732, "sigma_b": 0.015, "cum_cov_ab": 0.054321, "MCORNERP1": 6.0, "MCORNERP2": 6.2, "MCORNERP3": 6.4, "MAXMAGP1": 5.2, "MAXMAGP2": 5.2, "utsu_bval2": 0.0, "utsu_aval": 0.0, "utsu_Minfl": 0.0, "FID_gras26": -1, "Shape_Leng": 1464403.15503, "Shape_Area": 105186413840.0 }, "geometry": { "type": "Polygon", "coordinates": [ [ [ 5.000000000302122, 55.999999999589193, 0.0 ], [ 3.199999999654354, 55.749999999990145, 0.0 ], [ 0.69999999950331, 57.999999999924256, 0.0 ], [ 3.000000000181259, 57.999999999924256, 0.0 ], [ 5.000000000302122, 55.999999999589193, 0.0 ] ] ] } },
{ "type": "Feature", "properties": { "FID_gras38": -1, "FID_gras24": -1, "FID_gras_1": -1, "FID_eshm20": 293, "ZONE_ID": "NLAS356", "areakm2": 34912.270919299997, "tctCluster": "Shallow Default", "CSZ_ID": "SZ04", "TECTO_ID": "TSZ104", "magScaleRe": "WC1994", "SS": 90.0, "NF": 10.0, "TF": 0.0, "MINDEPTH": 7.0, "MAXDEPTH": 13.0, "HYPODEPTH1": 8.0, "HYPODEPTH2": 9.0, "HYPODEPTH3": 10.0, "WHDEPTH1": 0.1, "WHDEPTH2": 0.4, "WHDEPTH3": 0.5, "WMAXMAG01": 0.5, "WMAXMAG02": 0.4, "WMAXMAG03": 0.1, "MAXMAG01": 6.6, "MAXMAG02": 6.9, "MAXMAG03": 7.2, "STRIKE1": 0.0, "STRIKE2": 139.858167, "STRIKE3": 0.0, "STRIKE4": 332.148408, "DIP1": 56.309375, "DIP2": 56.309375, "DIP3": 0.0, "DIP4": 56.233653, "aspRatio": 1.0, "mfd_bin": 0.2, "a_val": 2.02721614328, "a_hi": 2.1065958666800002, "a_mid": 2.02711055281, "a_lo": 1.9476252389299999, "sigma_a": 0.237033080605, "b_val": 1.05, "b_hi": 1.1193769796, "b_mid": 1.05, "b_lo": 0.980623020402, "sigma_b": 0.047405848455600003, "cum_cov_ab": 0.054321, "MCORNERP1": 6.0, "MCORNERP2": 6.2, "MCORNERP3": 6.4, "MAXMAGP1": 5.4, "MAXMAGP2": 5.4, "utsu_bval2": 0.0, "utsu_aval": 0.0, "utsu_Minfl": 0.0, "FID_gras26": -1, "Shape_Leng": 1186560.6571299999, "Shape_Area": 57084720346.800003 }, "geometry": { "type": "Polygon", "coordinates": [ [ [ 6.214000000095203, 51.747000000330232, 0.0 ], [ 5.956001392705451, 51.752070117016011, 0.0 ], [ 5.239377612525351, 52.005391128623963, 0.0 ], [ 3.432394999987606, 51.429624000021448, 0.0 ], [ 2.890000000066837, 52.439999999839138, 0.0 ], [ 3.349999999483783, 53.059999999880496, 0.0 ], [ 4.015397000244, 53.435216000086633, 0.0 ], [ 4.180992000442412, 52.929817999325138, 0.0 ], [ 4.528502000033042, 52.587033999996962, 0.0 ], [ 5.50598221149101, 52.341856360434981, 0.0 ], [ 6.214000000095203, 51.747000000330232, 0.0 ] ] ] } },
{ "type": "Feature", "properties": { "FID_gras38": -1, "FID_gras24": -1, "FID_gras_1": -1, "FID_eshm20": 294, "ZONE_ID": "NLAS358", "areakm2": 22919.391256, "tctCluster": "Shallow Default", "CSZ_ID": "SZ03", "TECTO_ID": "TSZ104", "magScaleRe": "WC1994", "SS": 35.0, "NF": 50.0, "TF": 15.0, "MINDEPTH": 8.0, "MAXDEPTH": 18.0, "HYPODEPTH1": 9.0, "HYPODEPTH2": 10.0, "HYPODEPTH3": 15.0, "WHDEPTH1": 0.1, "WHDEPTH2": 0.4, "WHDEPTH3": 0.5, "WMAXMAG01": 0.5, "WMAXMAG02": 0.4, "WMAXMAG03": 0.1, "MAXMAG01": 6.6, "MAXMAG02": 6.9, "MAXMAG03": 7.2, "STRIKE1": 0.0, "STRIKE2": 139.202816, "STRIKE3": 0.0, "STRIKE4": 316.8538, "DIP1": 56.799337, "DIP2": 56.799337, "DIP3": 0.0, "DIP4": 56.384063, "aspRatio": 1.0, "mfd_bin": 0.2, "a_val": 3.15, "a_hi": 3.17881321608, "a_mid": 3.1497629461200001, "a_lo": 3.1207126761600001, "sigma_a": 0.061423452801700001, "b_val": 1.05, "b_hi": 1.1208138534600001, "b_mid": 1.05, "b_lo": 0.97918614653900005, "sigma_b": 0.0493898381345, "cum_cov_ab": 0.054321, "MCORNERP1": 6.0, "MCORNERP2": 6.2, "MCORNERP3": 6.4, "MAXMAGP1": 6.2, "MAXMAGP2": 6.2, "utsu_bval2": 0.0, "utsu_aval": 0.0, "utsu_Minfl": 0.0, "FID_gras26": -1, "Shape_Leng": 829767.04568400001, "Shape_Area": 36785000026.099998 }, "geometry": { "type": "Polygon", "coordinates": [ [ [ 5.956001392705451, 51.752070117016011, 0.0 ], [ 6.225000000106662, 51.578499999561252, 0.0 ], [ 6.32400000020966, 51.344000000115358, 0.0 ], [ 6.420000000064525, 51.231999999871434, 0.0 ], [ 6.276999999915759, 51.129999999803132, 0.0 ], [ 6.374250000098582, 51.06799999927501, 0.0 ], [ 6.233999999952689, 51.027999999196879, 0.0 ], [ 5.977999999441338, 51.053999999733492, 0.0 ], [ 5.797137850714953, 50.898204427023181, 0.0 ], [ 5.400346999577951, 50.993668999788198, 0.0 ], [ 3.83609400076238, 51.243411999973553, 0.0 ], [ 3.432394999987606, 51.429624000021448, 0.0 ], [ 5.239377612525351, 52.005391128623963, 0.0 ], [ 5.956001392705451, 51.752070117016011, 0.0 ] ] ] } },
{ "type": "Feature", "properties": { "FID_gras38": -1, "FID_gras24": -1, "FID_gras_1": -1, "FID_eshm20": 295, "ZONE_ID": "NOAS361", "areakm2": 98260.804349500002, "tctCluster": "Shallow Default", "CSZ_ID": "SZ49", "TECTO_ID": "TSZ007", "magScaleRe": "WC1994", "SS": 20.0, "NF": 25.0, "TF": 55.0, "MINDEPTH": 0.0, "MAXDEPTH": 34.0, "HYPODEPTH1": 8.0, "HYPODEPTH2": 10.0, "HYPODEPTH3": 15.0, "WHDEPTH1": 0.1, "WHDEPTH2": 0.4, "WHDEPTH3": 0.5, "WMAXMAG01": 0.5, "WMAXMAG02": 0.4, "WMAXMAG03": 0.1, "MAXMAG01": 6.3, "MAXMAG02": 6.6, "MAXMAG03": 6.9, "STRIKE1": 0.0, "STRIKE2": 0.0, "STRIKE3": 0.0, "STRIKE4": 0.0, "DIP1": 89.99, "DIP2": 0.0, "DIP3": 0.0, "DIP4": 0.0, "aspRatio": 1.0, "mfd_bin": 0.2, "a_val": 2.6834836921599998, "a_hi": 2.7255899352699999, "a_mid": 2.6839312853299999, "a_lo": 2.6422726353899999, "sigma_a": 0.098867516291400004, "b_val": 0.83382648958200001, "b_hi": 0.88330900553000002, "b_mid": 0.83382648958200001, "b_lo": 0.78434397363399999, "sigma_b": 0.024115967704399999, "cum_cov_ab": 0.054321, "MCORNERP1": 6.0, "MCORNERP2": 6.2, "MCORNERP3": 6.4, "MAXMAGP1": 6.4, "MAXMAGP2": 6.6, "utsu_bval2": 0.0, "utsu_aval": 0.0, "utsu_Minfl": 0.0, "FID_gras26": -1, "Shape_Leng": 2015641.12497, "Shape_Area": 207655557351.0 }, "geometry": { "type": "Polygon", "coordinates": [ [ [ 7.5000000004532, 63.000000000164981, 0.0 ], [ 8.400000000327902, 62.699999999456004, 0.0 ], [ 6.222066177847204, 61.552154295618429, 0.0 ], [ 6.283885466194292, 60.501226392637328, 0.0 ], [ 4.800000000829027, 60.399999999596858, 0.0 ], [ 3.299999999840084, 60.899999999621976, 0.0 ], [ 2.200000000492254, 61.200000000072606, 0.0 ], [ 3.500000000211475, 62.000000000144659, 0.0 ], [ 6.600000000578464, 63.099999999800254, 0.0 ], [ 7.5000000004532, 63.000000000164981, 0.0 ] ] ] } },
{ "type": "Feature", "properties": { "FID_gras38": -1, "FID_gras24": -1, "FID_gras_1": -1, "FID_eshm20": 296, "ZONE_ID": "NOAS362", "areakm2": 92119.329951599997, "tctCluster": "Shallow Default", "CSZ_ID": "SZ49", "TECTO_ID": "TSZ007", "magScaleRe": "WC1994", "SS": 50.0, "NF": 40.0, "TF": 10.0, "MINDEPTH": 0.0, "MAXDEPTH": 40.0, "HYPODEPTH1": 8.0, "HYPODEPTH2": 10.0, "HYPODEPTH3": 15.0, "WHDEPTH1": 0.1, "WHDEPTH2": 0.4, "WHDEPTH3": 0.5, "WMAXMAG01": 0.5, "WMAXMAG02": 0.4, "WMAXMAG03": 0.1, "MAXMAG01": 6.3, "MAXMAG02": 6.6, "MAXMAG03": 6.9, "STRIKE1": 0.0, "STRIKE2": 0.0, "STRIKE3": 0.0, "STRIKE4": 0.0, "DIP1": 89.99, "DIP2": 0.0, "DIP3": 0.0, "DIP4": 0.0, "aspRatio": 1.0, "mfd_bin": 0.2, "a_val": 3.042, "a_hi": 3.1373772210299999, "a_mid": 3.0416081894400002, "a_lo": 2.9458391578400001, "sigma_a": 0.180763507229, "b_val": 1.04, "b_hi": 1.1074565334199999, "b_mid": 1.04, "b_lo": 0.97254346658000002, "sigma_b": 0.044817660784199999, "cum_cov_ab": 0.054321, "MCORNERP1": 6.0, "MCORNERP2": 6.2, "MCORNERP3": 6.4, "MAXMAGP1": 6.2, "MAXMAGP2": 6.2, "utsu_bval2": 0.0, "utsu_aval": 0.0, "utsu_Minfl": 0.0, "FID_gras26": -1, "Shape_Leng": 2185139.9035299998, "Shape_Area": 169940959719.0 }, "geometry": { "type": "Polygon", "coordinates": [ [ [ 7.041171749119817, 57.804359936152174, 0.0 ], [ 9.300000000202637, 58.199999999485684, 0.0 ], [ 9.999999999705947, 58.099999999771079, 0.0 ], [ 8.214684306256769, 57.040688229147619, 0.0 ], [ 7.195391540080576, 55.675525029056551, 0.0 ], [ 5.000000000302122, 55.999999999589193, 0.0 ], [ 5.512717036584579, 56.96045524669811, 0.0 ], [ 4.800000000829027, 58.999999999836909, 0.0 ], [ 7.041171749119817, 57.804359936152174, 0.0 ] ] ] } },
{ "type": "Feature", "properties": { "FID_gras38": -1, "FID_gras24": -1, "FID_gras_1": -1, "FID_eshm20": 297, "ZONE_ID": "NOAS363", "areakm2": 44711.300413299999, "tctCluster": "Shallow Default", "CSZ_ID": "SZ49", "TECTO_ID": "TSZ007", "magScaleRe": "WC1994", "SS": 20.0, "NF": 25.0, "TF": 55.0, "MINDEPTH": 0.0, "MAXDEPTH": 34.0, "HYPODEPTH1": 8.0, "HYPODEPTH2": 10.0, "HYPODEPTH3": 15.0, "WHDEPTH1": 0.1, "WHDEPTH2": 0.4, "WHDEPTH3": 0.5, "WMAXMAG01": 0.5, "WMAXMAG02": 0.4, "WMAXMAG03": 0.1, "MAXMAG01": 6.3, "MAXMAG02": 6.6, "MAXMAG03": 6.9, "STRIKE1": 0.0, "STRIKE2": 0.0, "STRIKE3": 0.0, "STRIKE4": 0.0, "DIP1": 89.99, "DIP2": 0.0, "DIP3": 0.0, "DIP4": 0.0, "aspRatio": 1.0, "mfd_bin": 0.2, "a_val": 2.4, "a_hi": 2.4038545742499999, "a_mid": 2.3998200169300001, "a_lo": 2.3957854596099999, "sigma_a": 0.01, "b_val": 0.84, "b_hi": 0.87186393639600002, "b_mid": 0.84, "b_lo": 0.80813606360400003, "sigma_b": 0.01, "cum_cov_ab": 0.078722835588199994, "MCORNERP1": 6.0, "MCORNERP2": 6.2, "MCORNERP3": 6.4, "MAXMAGP1": 6.2, "MAXMAGP2": 6.4, "utsu_bval2": 0.0, "utsu_aval": 0.0, "utsu_Minfl": 0.0, "FID_gras26": -1, "Shape_Leng": 1423669.1381600001, "Shape_Area": 87889767802.600006 }, "geometry": { "type": "Polygon", "coordinates": [ [ [ 7.041171749119817, 57.804359936152174, 0.0 ], [ 4.800000000829027, 58.999999999836909, 0.0 ], [ 4.800000000829027, 60.399999999596858, 0.0 ], [ 6.283885466194292, 60.501226392637328, 0.0 ], [ 7.041171749119817, 57.804359936152174, 0.0 ] ] ] } },
{ "type": "Feature", "properties": { "FID_gras38": -1, "FID_gras24": -1, "FID_gras_1": -1, "FID_eshm20": 298, "ZONE_ID": "NOAS365", "areakm2": 830190.27772999997, "tctCluster": "Shallow Default", "CSZ_ID": "SZ49", "TECTO_ID": "TSZ051", "magScaleRe": "WC1994", "SS": 20.0, "NF": 25.0, "TF": 55.0, "MINDEPTH": 0.0, "MAXDEPTH": 34.0, "HYPODEPTH1": 8.0, "HYPODEPTH2": 10.0, "HYPODEPTH3": 15.0, "WHDEPTH1": 0.1, "WHDEPTH2": 0.4, "WHDEPTH3": 0.5, "WMAXMAG01": 0.5, "WMAXMAG02": 0.4, "WMAXMAG03": 0.1, "MAXMAG01": 6.6, "MAXMAG02": 6.9, "MAXMAG03": 7.1, "STRIKE1": 0.0, "STRIKE2": 0.0, "STRIKE3": 0.0, "STRIKE4": 0.0, "DIP1": 89.99, "DIP2": 0.0, "DIP3": 0.0, "DIP4": 0.0, "aspRatio": 1.0, "mfd_bin": 0.2, "a_val": 2.1, "a_hi": 2.1870278856800001, "a_mid": 2.09999698202, "a_lo": 2.0129660783699999, "sigma_a": 0.14385647112, "b_val": 0.7489, "b_hi": 0.807362819344, "b_mid": 0.7489, "b_lo": 0.69043718065600002, "sigma_b": 0.033663607720299998, "cum_cov_ab": 0.054321, "MCORNERP1": 6.2, "MCORNERP2": 6.4, "MCORNERP3": 6.6, "MAXMAGP1": 6.4, "MAXMAGP2": 6.6, "utsu_bval2": 0.0, "utsu_aval": 0.0, "utsu_Minfl": 0.0, "FID_gras26": -1, "Shape_Leng": 6871041.8735100003, "Shape_Area": 2639825631700.0 }, "geometry": { "type": "Polygon", "coordinates": [ [ [ 29.998630000037544, 72.000027000398688, 0.0 ], [ 25.173600000596931, 70.331299999721949, 0.0 ], [ 24.477100000035602, 70.178899999979578, 0.0 ], [ 23.611500000311004, 70.402800000056615, 0.0 ], [ 21.822800000148664, 70.280700000165382, 0.0 ], [ 18.50000000021954, 69.999999999448519, 0.0 ], [ 16.000000000068464, 69.999999999448519, 0.0 ], [ 10.999999999766343, 69.200000000227405, 0.0 ], [ 5.500000000332338, 70.500000000442142, 0.0 ], [ 8.878323203394665, 73.635710076097965, 0.0 ], [ 16.50000000009868, 73.499999999817987, 0.0 ], [ 29.998630000037544, 72.000027000398688, 0.0 ] ] ] } },
{ "type": "Feature", "properties": { "FID_gras38": -1, "FID_gras24": -1, "FID_gras_1": -1, "FID_eshm20": 299, "ZONE_ID": "NOAS366", "areakm2": 121570.865913, "tctCluster": "Shallow Default", "CSZ_ID": "SZ49", "TECTO_ID": "TSZ007", "magScaleRe": "WC1994", "SS": 20.0, "NF": 25.0, "TF": 55.0, "MINDEPTH": 0.0, "MAXDEPTH": 34.0, "HYPODEPTH1": 8.0, "HYPODEPTH2": 10.0, "HYPODEPTH3": 15.0, "WHDEPTH1": 0.1, "WHDEPTH2": 0.4, "WHDEPTH3": 0.5, "WMAXMAG01": 0.5, "WMAXMAG02": 0.4, "WMAXMAG03": 0.1, "MAXMAG01": 6.3, "MAXMAG02": 6.6, "MAXMAG03": 6.9, "STRIKE1": 0.0, "STRIKE2": 0.0, "STRIKE3": 0.0, "STRIKE4": 0.0, "DIP1": 89.99, "DIP2": 0.0, "DIP3": 0.0, "DIP4": 0.0, "aspRatio": 1.0, "mfd_bin": 0.2, "a_val": 1.4, "a_hi": 1.40586967049, "a_mid": 1.40004113896, "a_lo": 1.3942126074200001, "sigma_a": 0.01, "b_val": 1.04, "b_hi": 1.0718639364, "b_mid": 1.04, "b_lo": 1.0081360636000001, "sigma_b": 0.01, "cum_cov_ab": 0.054321, "MCORNERP1": 6.0, "MCORNERP2": 6.2, "MCORNERP3": 6.4, "MAXMAGP1": 4.8, "MAXMAGP2": 4.8, "utsu_bval2": 0.0, "utsu_aval": 0.0, "utsu_Minfl": 0.0, "FID_gras26": -1, "Shape_Leng": 2631335.0074700001, "Shape_Area": 287700051649.0 }, "geometry": { "type": "Polygon", "coordinates": [ [ [ 11.249672085058361, 65.506684386980538, 0.0 ], [ 7.5000000004532, 63.000000000164981, 0.0 ], [ 6.600000000578464, 63.099999999800254, 0.0 ], [ 6.999999999524653, 64.799999999859509, 0.0 ], [ 9.000000000543812, 66.329999999896415, 0.0 ], [ 10.400000000448763, 66.699999999954684, 0.0 ], [ 12.79999999951578, 66.829999999815499, 0.0 ], [ 11.249672085058361, 65.506684386980538, 0.0 ] ] ] } },
{ "type": "Feature", "properties": { "FID_gras38": -1, "FID_gras24": -1, "FID_gras_1": -1, "FID_eshm20": 300, "ZONE_ID": "NOAS368", "areakm2": 82716.793778599997, "tctCluster": "Shallow Default", "CSZ_ID": "SZ49", "TECTO_ID": "TSZ007", "magScaleRe": "WC1994", "SS": 33.0, "NF": 33.0, "TF": 34.0, "MINDEPTH": 0.0, "MAXDEPTH": 34.0, "HYPODEPTH1": 8.0, "HYPODEPTH2": 10.0, "HYPODEPTH3": 15.0, "WHDEPTH1": 0.1, "WHDEPTH2": 0.4, "WHDEPTH3": 0.5, "WMAXMAG01": 0.5, "WMAXMAG02": 0.4, "WMAXMAG03": 0.1, "MAXMAG01": 6.3, "MAXMAG02": 6.6, "MAXMAG03": 6.9, "STRIKE1": 0.0, "STRIKE2": 0.0, "STRIKE3": 0.0, "STRIKE4": 0.0, "DIP1": 89.99, "DIP2": 0.0, "DIP3": 0.0, "DIP4": 0.0, "aspRatio": 1.0, "mfd_bin": 0.2, "a_val": 2.6, "a_hi": 2.60560905042, "a_mid": 2.5997066322300002, "a_lo": 2.5938042140499999, "sigma_a": 0.01, "b_val": 1.04, "b_hi": 1.0718639364, "b_mid": 1.04, "b_lo": 1.0081360636000001, "sigma_b": 0.01, "cum_cov_ab": 0.054321, "MCORNERP1": 6.0, "MCORNERP2": 6.2, "MCORNERP3": 6.4, "MAXMAGP1": 5.8, "MAXMAGP2": 6.0, "utsu_bval2": 0.0, "utsu_aval": 0.0, "utsu_Minfl": 0.0, "FID_gras26": -1, "Shape_Leng": 1856934.25086, "Shape_Area": 163569043608.0 }, "geometry": { "type": "Polygon", "coordinates": [ [ [ 2.200000000492254, 61.200000000072606, 0.0 ], [ 3.299999999840084, 60.899999999621976, 0.0 ], [ 3.000000000181259, 57.999999999924256, 0.0 ], [ 0.69999999950331, 57.999999999924256, 0.0 ], [ 1.399999999904917, 61.299999999929689, 0.0 ], [ 2.200000000492254, 61.200000000072606, 0.0 ] ] ] } },
{ "type": "Feature", "properties": { "FID_gras38": -1, "FID_gras24": -1, "FID_gras_1": -1, "FID_eshm20": 301, "ZONE_ID": "NOAS369", "areakm2": 188204.62864099999, "tctCluster": "Shallow Default", "CSZ_ID": "SZ49", "TECTO_ID": "TSZ007", "magScaleRe": "WC1994", "SS": 20.0, "NF": 25.0, "TF": 55.0, "MINDEPTH": 0.0, "MAXDEPTH": 34.0, "HYPODEPTH1": 8.0, "HYPODEPTH2": 10.0, "HYPODEPTH3": 15.0, "WHDEPTH1": 0.1, "WHDEPTH2": 0.4, "WHDEPTH3": 0.5, "WMAXMAG01": 0.5, "WMAXMAG02": 0.4, "WMAXMAG03": 0.1, "MAXMAG01": 6.3, "MAXMAG02": 6.6, "MAXMAG03": 6.9, "STRIKE1": 0.0, "STRIKE2": 0.0, "STRIKE3": 0.0, "STRIKE4": 0.0, "DIP1": 89.99, "DIP2": 0.0, "DIP3": 0.0, "DIP4": 0.0, "aspRatio": 1.0, "mfd_bin": 0.2, "a_val": 3.01, "a_hi": 3.0126208306, "a_mid": 3.0099034527600002, "a_lo": 3.0071860749099999, "sigma_a": 0.01, "b_val": 1.04, "b_hi": 1.0718639364, "b_mid": 1.04, "b_lo": 1.0081360636000001, "sigma_b": 0.01, "cum_cov_ab": 0.115748422691, "MCORNERP1": 6.0, "MCORNERP2": 6.2, "MCORNERP3": 6.4, "MAXMAGP1": 6.0, "MAXMAGP2": 6.2, "utsu_bval2": 0.0, "utsu_aval": 0.0, "utsu_Minfl": 0.0, "FID_gras26": -1, "Shape_Leng": 2774999.2623899998, "Shape_Area": 417241836649.0 }, "geometry": { "type": "Polygon", "coordinates": [ [ [ 6.600000000578464, 63.099999999800254, 0.0 ], [ 3.500000000211475, 62.000000000144659, 0.0 ], [ 2.200000000492254, 61.200000000072606, 0.0 ], [ 1.399999999904917, 61.299999999929689, 0.0 ], [ -2.51206196423689, 61.991265779080649, 0.0 ], [ 4.00000000024169, 64.849999999732447, 0.0 ], [ 6.600000000578464, 63.099999999800254, 0.0 ] ] ] } },
{ "type": "Feature", "properties": { "FID_gras38": -1, "FID_gras24": -1, "FID_gras_1": -1, "FID_eshm20": 302, "ZONE_ID": "NOAS370", "areakm2": 136501.29777800001, "tctCluster": "Shallow Default", "CSZ_ID": "SZ49", "TECTO_ID": "TSZ007", "magScaleRe": "WC1994", "SS": 20.0, "NF": 25.0, "TF": 55.0, "MINDEPTH": 0.0, "MAXDEPTH": 34.0, "HYPODEPTH1": 8.0, "HYPODEPTH2": 10.0, "HYPODEPTH3": 15.0, "WHDEPTH1": 0.1, "WHDEPTH2": 0.4, "WHDEPTH3": 0.5, "WMAXMAG01": 0.5, "WMAXMAG02": 0.4, "WMAXMAG03": 0.1, "MAXMAG01": 6.3, "MAXMAG02": 6.6, "MAXMAG03": 6.9, "STRIKE1": 0.0, "STRIKE2": 0.0, "STRIKE3": 0.0, "STRIKE4": 0.0, "DIP1": 89.99, "DIP2": 0.0, "DIP3": 0.0, "DIP4": 0.0, "aspRatio": 1.0, "mfd_bin": 0.2, "a_val": 3.1, "a_hi": 3.1060296167699999, "a_mid": 3.0999090177, "a_lo": 3.09378841863, "sigma_a": 0.01, "b_val": 1.04, "b_hi": 1.0718639364, "b_mid": 1.04, "b_lo": 1.0081360636000001, "sigma_b": 0.01, "cum_cov_ab": 0.051589175427599998, "MCORNERP1": 6.0, "MCORNERP2": 6.2, "MCORNERP3": 6.4, "MAXMAGP1": 6.2, "MAXMAGP2": 6.2, "utsu_bval2": 0.0, "utsu_aval": 0.0, "utsu_Minfl": 0.0, "FID_gras26": -1, "Shape_Leng": 2912447.79501, "Shape_Area": 331298462558.0 }, "geometry": { "type": "Polygon", "coordinates": [ [ [ 10.400000000448763, 66.699999999954684, 0.0 ], [ 9.000000000543812, 66.329999999896415, 0.0 ], [ 6.999999999524653, 64.799999999859509, 0.0 ], [ 6.600000000578464, 63.099999999800254, 0.0 ], [ 4.00000000024169, 64.849999999732447, 0.0 ], [ 5.000000000302122, 66.249999999837939, 0.0 ], [ 9.350000000744632, 67.599999999655978, 0.0 ], [ 10.400000000448763, 66.699999999954684, 0.0 ] ] ] } },
{ "type": "Feature", "properties": { "FID_gras38": -1, "FID_gras24": -1, "FID_gras_1": -1, "FID_eshm20": 303, "ZONE_ID": "NOAS371", "areakm2": 88914.308724899995, "tctCluster": "Shallow Default", "CSZ_ID": "SZ49", "TECTO_ID": "TSZ007", "magScaleRe": "WC1994", "SS": 50.0, "NF": 40.0, "TF": 10.0, "MINDEPTH": 0.0, "MAXDEPTH": 34.0, "HYPODEPTH1": 8.0, "HYPODEPTH2": 10.0, "HYPODEPTH3": 15.0, "WHDEPTH1": 0.1, "WHDEPTH2": 0.4, "WHDEPTH3": 0.5, "WMAXMAG01": 0.5, "WMAXMAG02": 0.4, "WMAXMAG03": 0.1, "MAXMAG01": 6.3, "MAXMAG02": 6.6, "MAXMAG03": 6.9, "STRIKE1": 0.0, "STRIKE2": 0.0, "STRIKE3": 0.0, "STRIKE4": 0.0, "DIP1": 89.99, "DIP2": 0.0, "DIP3": 0.0, "DIP4": 0.0, "aspRatio": 1.0, "mfd_bin": 0.2, "a_val": 2.0, "a_hi": 2.0060168464400001, "a_mid": 2.0001910664100002, "a_lo": 1.9943652863900001, "sigma_a": 0.01, "b_val": 1.04, "b_hi": 1.0718639364, "b_mid": 1.04, "b_lo": 1.0081360636000001, "sigma_b": 0.01, "cum_cov_ab": 0.054321, "MCORNERP1": 6.0, "MCORNERP2": 6.2, "MCORNERP3": 6.4, "MAXMAGP1": 5.4, "MAXMAGP2": 5.4, "utsu_bval2": 0.0, "utsu_aval": 0.0, "utsu_Minfl": 0.0, "FID_gras26": -1, "Shape_Leng": 2250421.4047599998, "Shape_Area": 170504229758.0 }, "geometry": { "type": "Polygon", "coordinates": [ [ [ 4.800000000829027, 60.399999999596858, 0.0 ], [ 4.800000000829027, 58.999999999836909, 0.0 ], [ 5.512717036584579, 56.96045524669811, 0.0 ], [ 5.000000000302122, 55.999999999589193, 0.0 ], [ 3.000000000181259, 57.999999999924256, 0.0 ], [ 3.299999999840084, 60.899999999621976, 0.0 ], [ 4.800000000829027, 60.399999999596858, 0.0 ] ] ] } },
{ "type": "Feature", "properties": { "FID_gras38": -1, "FID_gras24": -1, "FID_gras_1": -1, "FID_eshm20": 304, "ZONE_ID": "NOAS372", "areakm2": 242579.43105300001, "tctCluster": "Shallow Default", "CSZ_ID": "SZ49", "TECTO_ID": "TSZ007", "magScaleRe": "WC1994", "SS": 20.0, "NF": 25.0, "TF": 55.0, "MINDEPTH": 0.0, "MAXDEPTH": 34.0, "HYPODEPTH1": 8.0, "HYPODEPTH2": 10.0, "HYPODEPTH3": 15.0, "WHDEPTH1": 0.1, "WHDEPTH2": 0.4, "WHDEPTH3": 0.5, "WMAXMAG01": 0.5, "WMAXMAG02": 0.4, "WMAXMAG03": 0.1, "MAXMAG01": 6.3, "MAXMAG02": 6.6, "MAXMAG03": 6.9, "STRIKE1": 0.0, "STRIKE2": 0.0, "STRIKE3": 0.0, "STRIKE4": 0.0, "DIP1": 89.99, "DIP2": 0.0, "DIP3": 0.0, "DIP4": 0.0, "aspRatio": 1.0, "mfd_bin": 0.2, "a_val": 3.21, "a_hi": 3.28427327087, "a_mid": 3.2097612048199999, "a_lo": 3.1352491387699999, "sigma_a": 0.13301771351800001, "b_val": 1.04, "b_hi": 1.09631504962, "b_mid": 1.04, "b_lo": 0.98368495038299997, "sigma_b": 0.031235617009900001, "cum_cov_ab": 0.054321, "MCORNERP1": 6.0, "MCORNERP2": 6.2, "MCORNERP3": 6.4, "MAXMAGP1": 6.2, "MAXMAGP2": 6.2, "utsu_bval2": 0.0, "utsu_aval": 0.0, "utsu_Minfl": 0.0, "FID_gras26": -1, "Shape_Leng": 4020513.4031099998, "Shape_Area": 667176290788.0 }, "geometry": { "type": "Polygon", "coordinates": [ [ [ 20.31690000001921, 69.229899999497789, 0.0 ], [ 19.294400000343714, 69.183399999870261, 0.0 ], [ 17.020555770584664, 67.985492624900729, 0.0 ], [ 14.805288001726874, 68.19965965095129, 0.0 ], [ 12.79999999951578, 66.829999999815499, 0.0 ], [ 10.400000000448763, 66.699999999954684, 0.0 ], [ 9.350000000744632, 67.599999999655978, 0.0 ], [ 10.500146000224319, 67.970089000095101, 0.0 ], [ 10.999999999766343, 69.200000000227405, 0.0 ], [ 16.000000000068464, 69.999999999448519, 0.0 ], [ 18.50000000021954, 69.999999999448519, 0.0 ], [ 21.822800000148664, 70.280700000165382, 0.0 ], [ 20.31690000001921, 69.229899999497789, 0.0 ] ] ] } },
{ "type": "Feature", "properties": { "FID_gras38": -1, "FID_gras24": -1, "FID_gras_1": -1, "FID_eshm20": 305, "ZONE_ID": "NOAS373", "areakm2": 77055.83521, "tctCluster": "Shallow Default", "CSZ_ID": "SZ49", "TECTO_ID": "TSZ007", "magScaleRe": "WC1994", "SS": 20.0, "NF": 25.0, "TF": 55.0, "MINDEPTH": 0.0, "MAXDEPTH": 34.0, "HYPODEPTH1": 8.0, "HYPODEPTH2": 10.0, "HYPODEPTH3": 15.0, "WHDEPTH1": 0.1, "WHDEPTH2": 0.4, "WHDEPTH3": 0.5, "WMAXMAG01": 0.5, "WMAXMAG02": 0.4, "WMAXMAG03": 0.1, "MAXMAG01": 6.3, "MAXMAG02": 6.6, "MAXMAG03": 6.9, "STRIKE1": 0.0, "STRIKE2": 0.0, "STRIKE3": 0.0, "STRIKE4": 0.0, "DIP1": 89.99, "DIP2": 0.0, "DIP3": 0.0, "DIP4": 0.0, "aspRatio": 1.0, "mfd_bin": 0.2, "a_val": 2.6, "a_hi": 2.6058499405300002, "a_mid": 2.6000152998, "a_lo": 2.5941806590700001, "sigma_a": 0.01, "b_val": 1.04, "b_hi": 1.0718639364, "b_mid": 1.04, "b_lo": 1.0081360636000001, "sigma_b": 0.01, "cum_cov_ab": 0.054321, "MCORNERP1": 6.0, "MCORNERP2": 6.2, "MCORNERP3": 6.4, "MAXMAGP1": 5.8, "MAXMAGP2": 6.0, "utsu_bval2": 0.0, "utsu_aval": 0.0, "utsu_Minfl": 0.0, "FID_gras26": -1, "Shape_Leng": 1926671.40817, "Shape_Area": 176535849854.0 }, "geometry": { "type": "Polygon", "coordinates": [ [ [ 12.257174208008911, 64.936760335329311, 0.0 ], [ 10.754192758779093, 63.201956554580192, 0.0 ], [ 9.999999999705947, 62.500000000216929, 0.0 ], [ 8.400000000327902, 62.699999999456004, 0.0 ], [ 7.5000000004532, 63.000000000164981, 0.0 ], [ 11.249672085058361, 65.506684386980538, 0.0 ], [ 12.257174208008911, 64.936760335329311, 0.0 ] ] ] } },
{ "type": "Feature", "properties": { "FID_gras38": -1, "FID_gras24": -1, "FID_gras_1": -1, "FID_eshm20": 306, "ZONE_ID": "NOAS374", "areakm2": 168121.08702199999, "tctCluster": "Shallow Default", "CSZ_ID": "SZ49", "TECTO_ID": "TSZ007", "magScaleRe": "WC1994", "SS": 20.0, "NF": 25.0, "TF": 55.0, "MINDEPTH": 0.0, "MAXDEPTH": 34.0, "HYPODEPTH1": 8.0, "HYPODEPTH2": 10.0, "HYPODEPTH3": 15.0, "WHDEPTH1": 0.1, "WHDEPTH2": 0.4, "WHDEPTH3": 0.5, "WMAXMAG01": 0.5, "WMAXMAG02": 0.4, "WMAXMAG03": 0.1, "MAXMAG01": 6.3, "MAXMAG02": 6.6, "MAXMAG03": 6.9, "STRIKE1": 0.0, "STRIKE2": 0.0, "STRIKE3": 0.0, "STRIKE4": 0.0, "DIP1": 89.99, "DIP2": 0.0, "DIP3": 0.0, "DIP4": 0.0, "aspRatio": 1.0, "mfd_bin": 0.2, "a_val": 2.5, "a_hi": 2.50589431045, "a_mid": 2.50000984314, "a_lo": 2.4941253758299999, "sigma_a": 0.01, "b_val": 1.04, "b_hi": 1.0718639364, "b_mid": 1.04, "b_lo": 1.0081360636000001, "sigma_b": 0.01, "cum_cov_ab": 0.054321, "MCORNERP1": 6.0, "MCORNERP2": 6.2, "MCORNERP3": 6.4, "MAXMAGP1": 5.8, "MAXMAGP2": 5.8, "utsu_bval2": 0.0, "utsu_aval": 0.0, "utsu_Minfl": 0.0, "FID_gras26": -1, "Shape_Leng": 2620680.0950500001, "Shape_Area": 339903459503.0 }, "geometry": { "type": "Polygon", "coordinates": [ [ [ 9.999999999705947, 62.500000000216929, 0.0 ], [ 9.826441831569131, 61.632209157212465, 0.0 ], [ 9.300000000202637, 58.199999999485684, 0.0 ], [ 7.041171749119817, 57.804359936152174, 0.0 ], [ 6.283885466194292, 60.501226392637328, 0.0 ], [ 6.222066177847204, 61.552154295618429, 0.0 ], [ 8.400000000327902, 62.699999999456004, 0.0 ], [ 9.999999999705947, 62.500000000216929, 0.0 ] ] ] } },
{ "type": "Feature", "properties": { "FID_gras38": -1, "FID_gras24": -1, "FID_gras_1": -1, "FID_eshm20": 307, "ZONE_ID": "NOAS375", "areakm2": 95134.288492299995, "tctCluster": "Shallow Default", "CSZ_ID": "SZ49", "TECTO_ID": "TSZ007", "magScaleRe": "WC1994", "SS": 20.0, "NF": 25.0, "TF": 55.0, "MINDEPTH": 0.0, "MAXDEPTH": 34.0, "HYPODEPTH1": 8.0, "HYPODEPTH2": 10.0, "HYPODEPTH3": 15.0, "WHDEPTH1": 0.1, "WHDEPTH2": 0.4, "WHDEPTH3": 0.5, "WMAXMAG01": 0.5, "WMAXMAG02": 0.4, "WMAXMAG03": 0.1, "MAXMAG01": 6.3, "MAXMAG02": 6.6, "MAXMAG03": 6.9, "STRIKE1": 0.0, "STRIKE2": 0.0, "STRIKE3": 0.0, "STRIKE4": 0.0, "DIP1": 89.99, "DIP2": 0.0, "DIP3": 0.0, "DIP4": 0.0, "aspRatio": 1.0, "mfd_bin": 0.2, "a_val": 3.017, "a_hi": 3.0231080346699999, "a_mid": 3.0172777588700002, "a_lo": 3.01144748308, "sigma_a": 0.01, "b_val": 1.04, "b_hi": 1.0718639364, "b_mid": 1.04, "b_lo": 1.0081360636000001, "sigma_b": 0.01, "cum_cov_ab": 0.054321, "MCORNERP1": 6.0, "MCORNERP2": 6.2, "MCORNERP3": 6.4, "MAXMAGP1": 6.0, "MAXMAGP2": 6.2, "utsu_bval2": 0.0, "utsu_aval": 0.0, "utsu_Minfl": 0.0, "FID_gras26": -1, "Shape_Leng": 1993274.7425599999, "Shape_Area": 188968697506.0 }, "geometry": { "type": "Polygon", "coordinates": [ [ [ 12.399999999671294, 60.99999999954882, 0.0 ], [ 11.210000000066495, 57.929999999745782, 0.0 ], [ 10.420017000024655, 58.039915999657815, 0.0 ], [ 9.999999999705947, 58.099999999771079, 0.0 ], [ 9.300000000202637, 58.199999999485684, 0.0 ], [ 9.826441831569131, 61.632209157212465, 0.0 ], [ 12.399999999671294, 60.99999999954882, 0.0 ] ] ] } },
{ "type": "Feature", "properties": { "FID_gras38": -1, "FID_gras24": -1, "FID_gras_1": -1, "FID_eshm20": 308, "ZONE_ID": "NOAS376", "areakm2": 385123.00553600001, "tctCluster": "Craton", "CSZ_ID": "SZ15", "TECTO_ID": "TSZ096", "magScaleRe": "WC1994", "SS": 20.0, "NF": 25.0, "TF": 55.0, "MINDEPTH": 0.0, "MAXDEPTH": 34.0, "HYPODEPTH1": 8.0, "HYPODEPTH2": 10.0, "HYPODEPTH3": 15.0, "WHDEPTH1": 0.1, "WHDEPTH2": 0.4, "WHDEPTH3": 0.5, "WMAXMAG01": 0.5, "WMAXMAG02": 0.4, "WMAXMAG03": 0.1, "MAXMAG01": 6.3, "MAXMAG02": 6.6, "MAXMAG03": 6.9, "STRIKE1": 0.0, "STRIKE2": 0.0, "STRIKE3": 0.0, "STRIKE4": 0.0, "DIP1": 89.99, "DIP2": 0.0, "DIP3": 0.0, "DIP4": 0.0, "aspRatio": 1.0, "mfd_bin": 0.2, "a_val": 1.584, "a_hi": 1.5897937476599999, "a_mid": 1.5839309823400001, "a_lo": 1.57806821702, "sigma_a": 0.01, "b_val": 0.91, "b_hi": 0.94186393639599997, "b_mid": 0.91, "b_lo": 0.87813606360399998, "sigma_b": 0.01, "cum_cov_ab": 0.054321, "MCORNERP1": 6.0, "MCORNERP2": 6.2, "MCORNERP3": 6.4, "MAXMAGP1": 5.6, "MAXMAGP2": 5.6, "utsu_bval2": 0.0, "utsu_aval": 0.0, "utsu_Minfl": 0.0, "FID_gras26": -1, "Shape_Leng": 4034959.5940800002, "Shape_Area": 1039288462960.0 }, "geometry": { "type": "Polygon", "coordinates": [ [ [ 25.173600000596931, 70.331299999721949, 0.0 ], [ 27.289099999939626, 69.963299999440522, 0.0 ], [ 28.360000000024819, 69.046600000042062, 0.0 ], [ 28.326199999924324, 68.722999999850998, 0.0 ], [ 29.875400000490782, 68.424500000106789, 0.0 ], [ 24.565500000160235, 66.047600000152698, 0.0 ], [ 21.557800000689614, 65.976699999681131, 0.0 ], [ 21.272900000033875, 66.457099999535387, 0.0 ], [ 20.499999999442075, 66.999999999921528, 0.0 ], [ 18.499656000262942, 67.610133999303159, 0.0 ], [ 20.31690000001921, 69.229899999497789, 0.0 ], [ 21.822800000148664, 70.280700000165382, 0.0 ], [ 23.611500000311004, 70.402800000056615, 0.0 ], [ 24.477100000035602, 70.178899999979578, 0.0 ], [ 25.173600000596931, 70.331299999721949, 0.0 ] ] ] } },
{ "type": "Feature", "properties": { "FID_gras38": -1, "FID_gras24": -1, "FID_gras_1": -1, "FID_eshm20": 309, "ZONE_ID": "NOAS377", "areakm2": 80819.167027500007, "tctCluster": "Shallow Default", "CSZ_ID": "SZ49", "TECTO_ID": "TSZ007", "magScaleRe": "WC1994", "SS": 20.0, "NF": 25.0, "TF": 55.0, "MINDEPTH": 0.0, "MAXDEPTH": 34.0, "HYPODEPTH1": 8.0, "HYPODEPTH2": 10.0, "HYPODEPTH3": 15.0, "WHDEPTH1": 0.1, "WHDEPTH2": 0.4, "WHDEPTH3": 0.5, "WMAXMAG01": 0.5, "WMAXMAG02": 0.4, "WMAXMAG03": 0.1, "MAXMAG01": 6.3, "MAXMAG02": 6.6, "MAXMAG03": 6.9, "STRIKE1": 0.0, "STRIKE2": 0.0, "STRIKE3": 0.0, "STRIKE4": 0.0, "DIP1": 89.99, "DIP2": 0.0, "DIP3": 0.0, "DIP4": 0.0, "aspRatio": 1.0, "mfd_bin": 0.2, "a_val": 3.19, "a_hi": 3.3033843216699998, "a_mid": 3.19005955543, "a_lo": 3.0767347892000001, "sigma_a": 0.19070326322700001, "b_val": 1.04, "b_hi": 1.1075936165, "b_mid": 1.04, "b_lo": 0.97240638349599995, "sigma_b": 0.045, "cum_cov_ab": 0.054321, "MCORNERP1": 6.0, "MCORNERP2": 6.2, "MCORNERP3": 6.4, "MAXMAGP1": 6.2, "MAXMAGP2": 6.2, "utsu_bval2": 0.0, "utsu_aval": 0.0, "utsu_Minfl": 0.0, "FID_gras26": -1, "Shape_Leng": 2306264.3507900001, "Shape_Area": 200928773490.0 }, "geometry": { "type": "Polygon", "coordinates": [ [ [ 17.020555770584664, 67.985492624900729, 0.0 ], [ 12.257174208008911, 64.936760335329311, 0.0 ], [ 11.249672085058361, 65.506684386980538, 0.0 ], [ 12.79999999951578, 66.829999999815499, 0.0 ], [ 14.805288001726874, 68.19965965095129, 0.0 ], [ 17.020555770584664, 67.985492624900729, 0.0 ] ] ] } },
{ "type": "Feature", "properties": { "FID_gras38": -1, "FID_gras24": -1, "FID_gras_1": -1, "FID_eshm20": 310, "ZONE_ID": "OCAS000", "areakm2": 949684.18848899996, "tctCluster": "Shallow Default", "CSZ_ID": "SZ29", "TECTO_ID": "TSZ049", "magScaleRe": "WC1994", "SS": 30.0, "NF": 60.0, "TF": 10.0, "MINDEPTH": 0.0, "MAXDEPTH": 20.0, "HYPODEPTH1": 2.0, "HYPODEPTH2": 10.0, "HYPODEPTH3": 18.0, "WHDEPTH1": 0.1, "WHDEPTH2": 0.4, "WHDEPTH3": 0.5, "WMAXMAG01": 0.5, "WMAXMAG02": 0.4, "WMAXMAG03": 0.1, "MAXMAG01": 6.3, "MAXMAG02": 6.6, "MAXMAG03": 6.9, "STRIKE1": 0.0, "STRIKE2": 0.0, "STRIKE3": 0.0, "STRIKE4": 0.0, "DIP1": 89.99, "DIP2": 0.0, "DIP3": 0.0, "DIP4": 0.0, "aspRatio": 1.0, "mfd_bin": 0.2, "a_val": 2.23766367627, "a_hi": 2.2961829805499998, "a_mid": 2.2370033769900002, "a_lo": 2.1778237734300001, "sigma_a": 0.39026035962400002, "b_val": 0.90672651572200003, "b_hi": 0.99978930826500001, "b_mid": 0.90672651572200003, "b_lo": 0.81366372317900004, "sigma_b": 0.085300839938699996, "cum_cov_ab": 0.054321, "MCORNERP1": 6.0, "MCORNERP2": 6.2, "MCORNERP3": 6.4, "MAXMAGP1": 6.2, "MAXMAGP2": 6.2, "utsu_bval2": 0.0, "utsu_aval": 0.0, "utsu_Minfl": 0.0, "FID_gras26": -1, "Shape_Leng": 9916785.2649300005, "Shape_Area": 1557774223710.0 }, "geometry": { "type": "Polygon", "coordinates": [ [ [ -7.5000000004532, 58.659999999607969, 0.0 ], [ -11.000000000664675, 54.499999999767518, 0.0 ], [ -11.000000000664675, 51.999999999461842, 0.0 ], [ -5.999999999464222, 49.850000000260899, 0.0 ], [ -5.582231561353383, 48.336608003297478, 0.0 ], [ -5.533432832925056, 47.996256450913585, 0.0 ], [ -5.425376000161263, 47.225844999950162, 0.0 ], [ -4.193608999406318, 46.268934000269034, 0.0 ], [ -3.295440999467506, 45.357064999178462, 0.0 ], [ -2.802969000095829, 45.030658999861735, 0.0 ], [ -2.610366812938724, 44.76615524340076, 0.0 ], [ -2.042774104332691, 44.22175121210708, 0.0 ], [ -2.12288499988612, 43.687900999251305, 0.0 ], [ -2.096477999826629, 43.486216999655852, 0.0 ], [ -2.976200999834426, 43.646046999859799, 0.0 ], [ -5.340624713277273, 43.971677144838296, 0.0 ], [ -6.919529999741459, 44.216595999936231, 0.0 ], [ -7.924870999798948, 44.372504999459643, 0.0 ], [ -9.068180625032081, 44.345030493366366, 0.0 ], [ -9.547453394066535, 43.973594098039861, 0.0 ], [ -10.002762524020484, 43.134866752646943, 0.0 ], [ -13.058126422797413, 43.75792135238715, 0.0 ], [ -9.798070657056087, 46.474307376983468, 0.0 ], [ -9.990703155167521, 48.4776853622418, 0.0 ], [ -13.342508630031832, 51.367172840529186, 0.0 ], [ -12.604778386075639, 57.104084319871419, 0.0 ], [ -9.02754066281376, 63.657126247134386, 0.0 ], [ -7.5000000004532, 58.659999999607969, 0.0 ] ] ] } },
{ "type": "Feature", "properties": { "FID_gras38": -1, "FID_gras24": -1, "FID_gras_1": -1, "FID_eshm20": 311, "ZONE_ID": "OCAS001", "areakm2": 1049575.41946, "tctCluster": "Shallow Default", "CSZ_ID": "SZ29", "TECTO_ID": "TSZ049", "magScaleRe": "WC1994", "SS": 30.0, "NF": 60.0, "TF": 10.0, "MINDEPTH": 0.0, "MAXDEPTH": 20.0, "HYPODEPTH1": 2.0, "HYPODEPTH2": 10.0, "HYPODEPTH3": 18.0, "WHDEPTH1": 0.1, "WHDEPTH2": 0.4, "WHDEPTH3": 0.5, "WMAXMAG01": 0.5, "WMAXMAG02": 0.4, "WMAXMAG03": 0.1, "MAXMAG01": 6.3, "MAXMAG02": 6.6, "MAXMAG03": 6.9, "STRIKE1": 0.0, "STRIKE2": 0.0, "STRIKE3": 0.0, "STRIKE4": 0.0, "DIP1": 89.99, "DIP2": 0.0, "DIP3": 0.0, "DIP4": 0.0, "aspRatio": 1.0, "mfd_bin": 0.2, "a_val": 2.8397236676, "a_hi": 2.89930180031, "a_mid": 2.8399003077999998, "a_lo": 2.7804988153000001, "sigma_a": 0.39026035962400002, "b_val": 0.90672651572200003, "b_hi": 0.99978930826500001, "b_mid": 0.90672651572200003, "b_lo": 0.81366372317900004, "sigma_b": 0.085300839938699996, "cum_cov_ab": 0.054321, "MCORNERP1": 6.0, "MCORNERP2": 6.2, "MCORNERP3": 6.4, "MAXMAGP1": 6.2, "MAXMAGP2": 6.4, "utsu_bval2": 0.0, "utsu_aval": 0.0, "utsu_Minfl": 0.0, "FID_gras26": -1, "Shape_Leng": 7968421.8798000002, "Shape_Area": 2557627563920.0 }, "geometry": { "type": "Polygon", "coordinates": [ [ [ 10.999999999766343, 69.200000000227405, 0.0 ], [ 10.500146000224319, 67.970089000095101, 0.0 ], [ 9.350000000744632, 67.599999999655978, 0.0 ], [ 5.000000000302122, 66.249999999837939, 0.0 ], [ 4.00000000024169, 64.849999999732447, 0.0 ], [ -2.51206196423689, 61.991265779080649, 0.0 ], [ -5.250000000317213, 59.9999999994684, 0.0 ], [ -7.5000000004532, 58.659999999607969, 0.0 ], [ -9.02754066281376, 63.657126247134386, 0.0 ], [ -2.131297214973739, 67.163037720719885, 0.0 ], [ 5.500000000332338, 70.500000000442142, 0.0 ], [ 10.999999999766343, 69.200000000227405, 0.0 ] ] ] } },
{ "type": "Feature", "properties": { "FID_gras38": -1, "FID_gras24": -1, "FID_gras_1": -1, "FID_eshm20": 312, "ZONE_ID": "PLAS377", "areakm2": 43091.160502799998, "tctCluster": "Shallow Default", "CSZ_ID": "SZ12", "TECTO_ID": "TSZ093", "magScaleRe": "WC1994", "SS": 33.0, "NF": 33.0, "TF": 34.0, "MINDEPTH": 3.0, "MAXDEPTH": 25.0, "HYPODEPTH1": 8.0, "HYPODEPTH2": 10.0, "HYPODEPTH3": 15.0, "WHDEPTH1": 0.1, "WHDEPTH2": 0.4, "WHDEPTH3": 0.5, "WMAXMAG01": 0.5, "WMAXMAG02": 0.4, "WMAXMAG03": 0.1, "MAXMAG01": 6.3, "MAXMAG02": 6.6, "MAXMAG03": 6.9, "STRIKE1": 0.0, "STRIKE2": 0.0, "STRIKE3": 0.0, "STRIKE4": 0.0, "DIP1": 89.99, "DIP2": 0.0, "DIP3": 0.0, "DIP4": 0.0, "aspRatio": 1.0, "mfd_bin": 0.2, "a_val": 2.74, "a_hi": 2.8477226008300001, "a_mid": 2.7400956270300001, "a_lo": 2.6324686532300001, "sigma_a": 0.13903194106700001, "b_val": 1.01, "b_hi": 1.06340785904, "b_mid": 1.01, "b_lo": 0.95659214096400003, "sigma_b": 0.028093864564700002, "cum_cov_ab": 0.054321, "MCORNERP1": 6.0, "MCORNERP2": 6.2, "MCORNERP3": 6.4, "MAXMAGP1": 6.0, "MAXMAGP2": 6.2, "utsu_bval2": 0.0, "utsu_aval": 0.0, "utsu_Minfl": 0.0, "FID_gras26": -1, "Shape_Leng": 1286331.2471, "Shape_Area": 67338849568.099998 }, "geometry": { "type": "Polygon", "coordinates": [ [ [ 19.992139999390609, 49.757003999377737, 0.0 ], [ 19.116499999554296, 49.493000000081437, 0.0 ], [ 16.787000000478944, 49.801999999707647, 0.0 ], [ 14.89499999940881, 50.896999999853264, 0.0 ], [ 16.017999999760551, 51.078999999624116, 0.0 ], [ 16.963843000385939, 50.835004000023623, 0.0 ], [ 17.565999999329467, 50.688999999919361, 0.0 ], [ 19.147023000295572, 50.060627999778418, 0.0 ], [ 19.992139999390609, 49.757003999377737, 0.0 ] ] ] } },
{ "type": "Feature", "properties": { "FID_gras38": -1, "FID_gras24": -1, "FID_gras_1": -1, "FID_eshm20": 313, "ZONE_ID": "PLAS378", "areakm2": 139911.90576699999, "tctCluster": "Shallow Default", "CSZ_ID": "SZ10", "TECTO_ID": "TSZ106", "magScaleRe": "WC1994", "SS": 33.0, "NF": 33.0, "TF": 34.0, "MINDEPTH": 7.0, "MAXDEPTH": 13.0, "HYPODEPTH1": 8.0, "HYPODEPTH2": 9.0, "HYPODEPTH3": 10.0, "WHDEPTH1": 0.1, "WHDEPTH2": 0.4, "WHDEPTH3": 0.5, "WMAXMAG01": 0.5, "WMAXMAG02": 0.4, "WMAXMAG03": 0.1, "MAXMAG01": 6.3, "MAXMAG02": 6.6, "MAXMAG03": 6.9, "STRIKE1": 0.0, "STRIKE2": 0.0, "STRIKE3": 0.0, "STRIKE4": 0.0, "DIP1": 89.99, "DIP2": 0.0, "DIP3": 0.0, "DIP4": 0.0, "aspRatio": 1.0, "mfd_bin": 0.2, "a_val": 2.63, "a_hi": 2.6998342172999998, "a_mid": 2.62997322895, "a_lo": 2.5601122406100001, "sigma_a": 0.061423452801700001, "b_val": 1.05, "b_hi": 1.1289708003300001, "b_mid": 1.05, "b_lo": 0.97102919966500001, "sigma_b": 0.061423452801700001, "cum_cov_ab": 0.054321, "MCORNERP1": 6.0, "MCORNERP2": 6.2, "MCORNERP3": 6.4, "MAXMAGP1": 5.8, "MAXMAGP2": 6.0, "utsu_bval2": 0.0, "utsu_aval": 0.0, "utsu_Minfl": 0.0, "FID_gras26": -1, "Shape_Leng": 3234577.0588000002, "Shape_Area": 229778254427.0 }, "geometry": { "type": "Polygon", "coordinates": [ [ [ 14.918000000412723, 54.790999999433687, 0.0 ], [ 14.973000000469952, 54.512999999652564, 0.0 ], [ 15.788469000131297, 54.288083000184777, 0.0 ], [ 17.821558999799837, 53.607613000198349, 0.0 ], [ 20.064000000213444, 52.648999999653299, 0.0 ], [ 20.71999999967095, 52.216999999549628, 0.0 ], [ 22.378999999437024, 51.755999999374801, 0.0 ], [ 23.054000000465976, 51.093999999490883, 0.0 ], [ 24.120000000595063, 50.414999999975109, 0.0 ], [ 23.525999999977049, 49.911999999185959, 0.0 ], [ 22.509282000339592, 50.550071000111906, 0.0 ], [ 21.003999999803121, 50.505000000176146, 0.0 ], [ 19.324000000096863, 51.344999999646213, 0.0 ], [ 19.847000000232665, 51.657999999648283, 0.0 ], [ 18.458000000339172, 52.492999999126852, 0.0 ], [ 16.343510000226594, 53.113392999737542, 0.0 ], [ 14.082133899724269, 53.799999999493366, 0.0 ], [ 13.7317499999952, 55.031999999737614, 0.0 ], [ 14.918000000412723, 54.790999999433687, 0.0 ] ] ] } },
{ "type": "Feature", "properties": { "FID_gras38": -1, "FID_gras24": -1, "FID_gras_1": -1, "FID_eshm20": 314, "ZONE_ID": "PTAS380", "areakm2": 138995.17458399999, "tctCluster": "Shallow Default", "CSZ_ID": "SZ27", "TECTO_ID": "TSZ119", "magScaleRe": "WC1994", "SS": 30.0, "NF": 63.0, "TF": 7.0, "MINDEPTH": 0.0, "MAXDEPTH": 14.0, "HYPODEPTH1": 2.0, "HYPODEPTH2": 8.0, "HYPODEPTH3": 10.0, "WHDEPTH1": 0.1, "WHDEPTH2": 0.4, "WHDEPTH3": 0.5, "WMAXMAG01": 0.5, "WMAXMAG02": 0.4, "WMAXMAG03": 0.1, "MAXMAG01": 7.0, "MAXMAG02": 7.3, "MAXMAG03": 7.6, "STRIKE1": 0.0, "STRIKE2": 0.0, "STRIKE3": 0.0, "STRIKE4": 0.0, "DIP1": 89.99, "DIP2": 0.0, "DIP3": 0.0, "DIP4": 0.0, "aspRatio": 1.0, "mfd_bin": 0.2, "a_val": 4.74, "a_hi": 4.80517757334, "a_mid": 4.7398852909400002, "a_lo": 4.6745930085399996, "sigma_a": 0.10455566512300001, "b_val": 0.94, "b_hi": 0.98603215861399995, "b_mid": 0.94, "b_lo": 0.89396784138600005, "sigma_b": 0.020870066312900001, "cum_cov_ab": 0.054321, "MCORNERP1": 7.0, "MCORNERP2": 7.2, "MCORNERP3": 7.4, "MAXMAGP1": 7.4, "MAXMAGP2": 7.6, "utsu_bval2": 0.0, "utsu_aval": 0.0, "utsu_Minfl": 0.0, "FID_gras26": -1, "Shape_Leng": 1862277.84032, "Shape_Area": 175933120150.0 }, "geometry": { "type": "Polygon", "coordinates": [ [ [ -23.52511899972005, 37.513801999535296, 0.0 ], [ -24.127760999983792, 36.014537999593628, 0.0 ], [ -29.843495997205363, 37.501461041958763, 0.0 ], [ -28.877459293896095, 39.555697558287598, 0.0 ], [ -23.52511899972005, 37.513801999535296, 0.0 ] ] ] } },
{ "type": "Feature", "properties": { "FID_gras38": -1, "FID_gras24": -1, "FID_gras_1": -1, "FID_eshm20": 315, "ZONE_ID": "PTAS381", "areakm2": 1262104.76367, "tctCluster": "Shallow Default", "CSZ_ID": "SZ29", "TECTO_ID": "TSZ049", "magScaleRe": "WC1994", "SS": 30.0, "NF": 60.0, "TF": 10.0, "MINDEPTH": 0.0, "MAXDEPTH": 20.0, "HYPODEPTH1": 2.0, "HYPODEPTH2": 10.0, "HYPODEPTH3": 18.0, "WHDEPTH1": 0.1, "WHDEPTH2": 0.4, "WHDEPTH3": 0.5, "WMAXMAG01": 0.5, "WMAXMAG02": 0.4, "WMAXMAG03": 0.1, "MAXMAG01": 6.3, "MAXMAG02": 6.6, "MAXMAG03": 6.9, "STRIKE1": 0.0, "STRIKE2": 0.0, "STRIKE3": 0.0, "STRIKE4": 0.0, "DIP1": 89.99, "DIP2": 0.0, "DIP3": 0.0, "DIP4": 0.0, "aspRatio": 1.0, "mfd_bin": 0.2, "a_val": 3.6, "a_hi": 3.68601053705, "a_mid": 3.5993002283100002, "a_lo": 3.5125899195599999, "sigma_a": 0.163334048506, "b_val": 0.91, "b_hi": 0.97372787279299999, "b_mid": 0.91, "b_lo": 0.84627212720699996, "sigma_b": 0.04, "cum_cov_ab": 0.054321, "MCORNERP1": 6.0, "MCORNERP2": 6.2, "MCORNERP3": 6.4, "MAXMAGP1": 6.4, "MAXMAGP2": 6.6, "utsu_bval2": 0.0, "utsu_aval": 0.0, "utsu_Minfl": 0.0, "FID_gras26": -1, "Shape_Leng": 5552447.16689, "Shape_Area": 1685016502540.0 }, "geometry": { "type": "Polygon", "coordinates": [ [ [ -13.058126422797413, 43.75792135238715, 0.0 ], [ -13.207811999700974, 42.605663999977558, 0.0 ], [ -13.036677422420361, 41.436625641225461, 0.0 ], [ -12.811233000054058, 39.896590999448534, 0.0 ], [ -12.50947629005991, 38.372430140865099, 0.0 ], [ -11.98134475279679, 36.971356186235731, 0.0 ], [ -13.390777000302933, 37.669174999574679, 0.0 ], [ -15.101013985248807, 37.743263917612985, 0.0 ], [ -19.632033000029256, 38.271780999779303, 0.0 ], [ -23.52511899972005, 37.513801999535296, 0.0 ], [ -28.877459293896095, 39.555697558287598, 0.0 ], [ -27.640053732494412, 41.678278262106105, 0.0 ], [ -26.468374059235625, 45.980156196007293, 0.0 ], [ -19.18027463640729, 44.77243289905158, 0.0 ], [ -13.058126422797413, 43.75792135238715, 0.0 ] ] ] } },
{ "type": "Feature", "properties": { "FID_gras38": -1, "FID_gras24": -1, "FID_gras_1": -1, "FID_eshm20": 316, "ZONE_ID": "PTAS382", "areakm2": 807273.16550799995, "tctCluster": "Shallow Default", "CSZ_ID": "SZ28", "TECTO_ID": "TSZ169", "magScaleRe": "WC1994", "SS": 30.0, "NF": 20.0, "TF": 50.0, "MINDEPTH": 0.0, "MAXDEPTH": 20.0, "HYPODEPTH1": 2.0, "HYPODEPTH2": 10.0, "HYPODEPTH3": 18.0, "WHDEPTH1": 0.1, "WHDEPTH2": 0.4, "WHDEPTH3": 0.5, "WMAXMAG01": 0.5, "WMAXMAG02": 0.4, "WMAXMAG03": 0.1, "MAXMAG01": 6.5, "MAXMAG02": 6.8, "MAXMAG03": 7.1, "STRIKE1": 71.211716, "STRIKE2": 0.0, "STRIKE3": 0.0, "STRIKE4": 335.370667, "DIP1": 28.084747, "DIP2": 0.0, "DIP3": 0.0, "DIP4": 14.938, "aspRatio": 1.0, "mfd_bin": 0.2, "a_val": 5.223, "a_hi": 5.238852782, "a_mid": 5.2231036671700002, "a_lo": 5.20735455235, "sigma_a": 0.02, "b_val": 1.2, "b_hi": 1.2318639364, "b_mid": 1.2, "b_lo": 1.1681360636, "sigma_b": 0.01, "cum_cov_ab": 0.031896787728400003, "MCORNERP1": 6.0, "MCORNERP2": 6.2, "MCORNERP3": 6.4, "MAXMAGP1": 6.4, "MAXMAGP2": 6.6, "utsu_bval2": 0.0, "utsu_aval": 0.0, "utsu_Minfl": 0.0, "FID_gras26": -1, "Shape_Leng": 4536695.6065999996, "Shape_Area": 966995741878.0 }, "geometry": { "type": "Polygon", "coordinates": [ [ [ -12.740481485257561, 35.61222496086048, 0.0 ], [ -11.012268203566675, 35.248003378509217, 0.0 ], [ -10.340705650888177, 35.141816783014413, 0.0 ], [ -9.285538999810619, 34.824065999555913, 0.0 ], [ -8.942201999904841, 34.655955000522532, 0.0 ], [ -9.232165914309933, 33.298028808757508, 0.0 ], [ -10.96913445613589, 30.576772489254513, 0.0 ], [ -12.76060899917297, 31.546586999381915, 0.0 ], [ -14.501400000093609, 31.981799999581359, 0.0 ], [ -16.351299999927658, 31.221400000163701, 0.0 ], [ -17.034899999871215, 30.94039999953246, 0.0 ], [ -19.039899999507277, 29.681500000181973, 0.0 ], [ -24.38680633691899, 33.323040880381924, 0.0 ], [ -24.127760999983792, 36.014537999593628, 0.0 ], [ -17.444552847499548, 35.324321187716741, 0.0 ], [ -14.870200119528619, 36.507693300748812, 0.0 ], [ -12.740481485257561, 35.61222496086048, 0.0 ] ] ] } },
{ "type": "Feature", "properties": { "FID_gras38": -1, "FID_gras24": -1, "FID_gras_1": -1, "FID_eshm20": 317, "ZONE_ID": "PTAS383", "areakm2": 601505.50930100004, "tctCluster": "Shallow Default", "CSZ_ID": "SZ27", "TECTO_ID": "TSZ166", "magScaleRe": "WC1994", "SS": 33.0, "NF": 33.0, "TF": 34.0, "MINDEPTH": 0.0, "MAXDEPTH": 15.0, "HYPODEPTH1": 2.0, "HYPODEPTH2": 8.0, "HYPODEPTH3": 10.0, "WHDEPTH1": 0.1, "WHDEPTH2": 0.4, "WHDEPTH3": 0.5, "WMAXMAG01": 0.5, "WMAXMAG02": 0.4, "WMAXMAG03": 0.1, "MAXMAG01": 7.4, "MAXMAG02": 7.7, "MAXMAG03": 8.0, "STRIKE1": 0.0, "STRIKE2": 0.0, "STRIKE3": 0.0, "STRIKE4": 0.0, "DIP1": 89.99, "DIP2": 0.0, "DIP3": 0.0, "DIP4": 0.0, "aspRatio": 1.0, "mfd_bin": 0.2, "a_val": 4.6483, "a_hi": 4.6615113242800001, "a_mid": 4.6483642289100002, "a_lo": 4.6352171335400003, "sigma_a": 0.038792133767100001, "b_val": 0.8701, "b_hi": 0.89845141897400005, "b_mid": 0.8701, "b_lo": 0.84174858102600003, "sigma_b": 0.0079168195662699999, "cum_cov_ab": 0.054321, "MCORNERP1": 7.0, "MCORNERP2": 7.2, "MCORNERP3": 7.4, "MAXMAGP1": 7.4, "MAXMAGP2": 7.6, "utsu_bval2": 0.0, "utsu_aval": 0.0, "utsu_Minfl": 0.0, "FID_gras26": -1, "Shape_Leng": 4862728.7865399998, "Shape_Area": 788849353119.0 }, "geometry": { "type": "Polygon", "coordinates": [ [ [ -26.468374059235625, 45.980156196007293, 0.0 ], [ -27.640053732494412, 41.678278262106105, 0.0 ], [ -28.877459293896095, 39.555697558287598, 0.0 ], [ -29.843495997205363, 37.501461041958763, 0.0 ], [ -31.213433945297513, 36.198726503754699, 0.0 ], [ -34.894870946846972, 33.788252932511824, 0.0 ], [ -38.432580905755579, 33.894619667263996, 0.0 ], [ -33.211267999470515, 38.927733999809128, 0.0 ], [ -29.270938915369953, 46.022881608105735, 0.0 ], [ -26.468374059235625, 45.980156196007293, 0.0 ] ] ] } },
{ "type": "Feature", "properties": { "FID_gras38": -1, "FID_gras24": -1, "FID_gras_1": -1, "FID_eshm20": 318, "ZONE_ID": "PTAS384", "areakm2": 49672.5826715, "tctCluster": "Shallow Default", "CSZ_ID": "SZ27", "TECTO_ID": "TSZ008", "magScaleRe": "WC1994", "SS": 60.0, "NF": 10.0, "TF": 30.0, "MINDEPTH": 0.0, "MAXDEPTH": 30.0, "HYPODEPTH1": 2.0, "HYPODEPTH2": 10.0, "HYPODEPTH3": 18.0, "WHDEPTH1": 0.1, "WHDEPTH2": 0.4, "WHDEPTH3": 0.5, "WMAXMAG01": 0.5, "WMAXMAG02": 0.4, "WMAXMAG03": 0.1, "MAXMAG01": 8.5, "MAXMAG02": 8.6, "MAXMAG03": 8.7, "STRIKE1": 0.0, "STRIKE2": 0.0, "STRIKE3": 0.0, "STRIKE4": 0.0, "DIP1": 89.99, "DIP2": 0.0, "DIP3": 0.0, "DIP4": 0.0, "aspRatio": 1.0, "mfd_bin": 0.2, "a_val": 3.0865600338600001, "a_hi": 3.1942166129, "a_mid": 3.0864337168199998, "a_lo": 2.97865082075, "sigma_a": 0.13933060932300001, "b_val": 0.80409239136300004, "b_hi": 0.85526262015499999, "b_mid": 0.80409239136300004, "b_lo": 0.75292216257099998, "sigma_b": 0.025789080901599998, "cum_cov_ab": 0.054321, "MCORNERP1": 6.0, "MCORNERP2": 6.2, "MCORNERP3": 6.4, "MAXMAGP1": 6.4, "MAXMAGP2": 6.6, "utsu_bval2": 0.0, "utsu_aval": 0.0, "utsu_Minfl": 0.0, "FID_gras26": -1, "Shape_Leng": 1028519.17403, "Shape_Area": 62044325779.5 }, "geometry": { "type": "Polygon", "coordinates": [ [ [ -11.98134475279679, 36.971356186235731, 0.0 ], [ -12.535115601555711, 36.4052649359311, 0.0 ], [ -12.740481485257561, 35.61222496086048, 0.0 ], [ -14.870200119528619, 36.507693300748812, 0.0 ], [ -15.101013985248807, 37.743263917612985, 0.0 ], [ -13.390777000302933, 37.669174999574679, 0.0 ], [ -11.98134475279679, 36.971356186235731, 0.0 ] ] ] } },
{ "type": "Feature", "properties": { "FID_gras38": -1, "FID_gras24": -1, "FID_gras_1": -1, "FID_eshm20": 319, "ZONE_ID": "PTAS386", "areakm2": 25995.3555203, "tctCluster": "Shallow Default", "CSZ_ID": "SZ19", "TECTO_ID": "TSZ076", "magScaleRe": "WC1994", "SS": 30.0, "NF": 60.0, "TF": 10.0, "MINDEPTH": 1.0, "MAXDEPTH": 20.0, "HYPODEPTH1": 5.0, "HYPODEPTH2": 9.0, "HYPODEPTH3": 15.0, "WHDEPTH1": 0.1, "WHDEPTH2": 0.4, "WHDEPTH3": 0.5, "WMAXMAG01": 0.5, "WMAXMAG02": 0.4, "WMAXMAG03": 0.1, "MAXMAG01": 7.0, "MAXMAG02": 7.3, "MAXMAG03": 7.6, "STRIKE1": 28.925016, "STRIKE2": 0.0, "STRIKE3": 0.0, "STRIKE4": 338.436811, "DIP1": 67.445976, "DIP2": 0.0, "DIP3": 0.0, "DIP4": 67.832, "aspRatio": 1.0, "mfd_bin": 0.2, "a_val": 3.21, "a_hi": 3.2815216277800001, "a_mid": 3.2097423578700002, "a_lo": 3.1379630879599998, "sigma_a": 0.12769359409299999, "b_val": 1.0, "b_hi": 1.05518995677, "b_mid": 1.0, "b_lo": 0.94481004323200002, "sigma_b": 0.03, "cum_cov_ab": 0.054321, "MCORNERP1": 6.0, "MCORNERP2": 6.2, "MCORNERP3": 6.4, "MAXMAGP1": 6.2, "MAXMAGP2": 6.4, "utsu_bval2": 0.0, "utsu_aval": 0.0, "utsu_Minfl": 0.0, "FID_gras26": -1, "Shape_Leng": 909328.93747200002, "Shape_Area": 34028150657.700001 }, "geometry": { "type": "Polygon", "coordinates": [ [ [ -8.362951000457249, 41.007689000321676, 0.0 ], [ -8.33049700004586, 40.157636000374161, 0.0 ], [ -8.280131999630882, 39.665672999484947, 0.0 ], [ -8.857445999560579, 39.321127999677834, 0.0 ], [ -9.187301999963857, 39.313627999179332, 0.0 ], [ -9.79315100016496, 38.720016999065045, 0.0 ], [ -9.602569999939231, 39.732666999766145, 0.0 ], [ -9.050627000001311, 41.362895999223511, 0.0 ], [ -8.362951000457249, 41.007689000321676, 0.0 ] ] ] } },
{ "type": "Feature", "properties": { "FID_gras38": -1, "FID_gras24": -1, "FID_gras_1": -1, "FID_eshm20": 320, "ZONE_ID": "PTAS387", "areakm2": 122163.242808, "tctCluster": "Shallow Default", "CSZ_ID": "SZ51", "TECTO_ID": "TSZ086", "magScaleRe": "WC1994", "SS": 60.0, "NF": 10.0, "TF": 30.0, "MINDEPTH": 1.0, "MAXDEPTH": 20.0, "HYPODEPTH1": 5.0, "HYPODEPTH2": 9.0, "HYPODEPTH3": 15.0, "WHDEPTH1": 0.1, "WHDEPTH2": 0.4, "WHDEPTH3": 0.5, "WMAXMAG01": 0.5, "WMAXMAG02": 0.4, "WMAXMAG03": 0.1, "MAXMAG01": 7.3, "MAXMAG02": 7.6, "MAXMAG03": 7.9, "STRIKE1": 0.0, "STRIKE2": 0.0, "STRIKE3": 0.0, "STRIKE4": 0.0, "DIP1": 89.99, "DIP2": 0.0, "DIP3": 0.0, "DIP4": 0.0, "aspRatio": 1.0, "mfd_bin": 0.2, "a_val": 3.268, "a_hi": 3.2397488119800002, "a_mid": 3.26806355077, "a_lo": 3.2963782895599998, "sigma_a": 0.23635173182700001, "b_val": 0.84, "b_hi": 0.87186393639600002, "b_mid": 0.84, "b_lo": 0.80813606360400003, "sigma_b": 0.01, "cum_cov_ab": 0.054321, "MCORNERP1": 7.2, "MCORNERP2": 7.4, "MCORNERP3": 7.6, "MAXMAGP1": 7.4, "MAXMAGP2": 7.6, "utsu_bval2": 0.0, "utsu_aval": 0.0, "utsu_Minfl": 0.0, "FID_gras26": -1, "Shape_Leng": 1759604.7696499999, "Shape_Area": 157428458485.0 }, "geometry": { "type": "Polygon", "coordinates": [ [ [ -9.602569999939231, 39.732666999766145, 0.0 ], [ -9.79315100016496, 38.720016999065045, 0.0 ], [ -9.418215999990469, 38.01312699989051, 0.0 ], [ -9.599891999906385, 37.552141999301732, 0.0 ], [ -9.6817781461243, 37.185096570904733, 0.0 ], [ -11.089881176267445, 37.369146267314832, 0.0 ], [ -11.98134475279679, 36.971356186235731, 0.0 ], [ -12.50947629005991, 38.372430140865099, 0.0 ], [ -12.811233000054058, 39.896590999448534, 0.0 ], [ -13.036677422420361, 41.436625641225461, 0.0 ], [ -9.602569999939231, 39.732666999766145, 0.0 ] ] ] } },
{ "type": "Feature", "properties": { "FID_gras38": -1, "FID_gras24": -1, "FID_gras_1": -1, "FID_eshm20": 321, "ZONE_ID": "PTAS389", "areakm2": 17705.020135700001, "tctCluster": "Shallow Default", "CSZ_ID": "SZ19", "TECTO_ID": "TSZ076", "magScaleRe": "WC1994", "SS": 30.0, "NF": 60.0, "TF": 10.0, "MINDEPTH": 1.0, "MAXDEPTH": 20.0, "HYPODEPTH1": 5.0, "HYPODEPTH2": 9.0, "HYPODEPTH3": 15.0, "WHDEPTH1": 0.1, "WHDEPTH2": 0.4, "WHDEPTH3": 0.5, "WMAXMAG01": 0.5, "WMAXMAG02": 0.4, "WMAXMAG03": 0.1, "MAXMAG01": 7.1, "MAXMAG02": 7.4, "MAXMAG03": 7.7, "STRIKE1": 30.946842, "STRIKE2": 167.318864, "STRIKE3": 207.759, "STRIKE4": 338.101063, "DIP1": 72.671654, "DIP2": 67.164182, "DIP3": 67.840013, "DIP4": 67.6735, "aspRatio": 1.0, "mfd_bin": 0.2, "a_val": 3.95, "a_hi": 4.0347303503100003, "a_mid": 3.9499167602099998, "a_lo": 3.8651031701099998, "sigma_a": 0.117052983988, "b_val": 1.0, "b_hi": 1.0503813071200001, "b_mid": 1.0, "b_lo": 0.94961869288400003, "sigma_b": 0.025, "cum_cov_ab": 0.054321, "MCORNERP1": 7.0, "MCORNERP2": 7.2, "MCORNERP3": 7.4, "MAXMAGP1": 7.2, "MAXMAGP2": 7.2, "utsu_bval2": 0.0, "utsu_aval": 0.0, "utsu_Minfl": 0.0, "FID_gras26": -1, "Shape_Leng": 641934.33218599996, "Shape_Area": 22700118199.799999 }, "geometry": { "type": "Polygon", "coordinates": [ [ [ -9.418215999990469, 38.01312699989051, 0.0 ], [ -9.79315100016496, 38.720016999065045, 0.0 ], [ -9.187301999963857, 39.313627999179332, 0.0 ], [ -8.857445999560579, 39.321127999677834, 0.0 ], [ -8.280131999630882, 39.665672999484947, 0.0 ], [ -8.448065000103513, 38.725177999852704, 0.0 ], [ -8.594464999635171, 38.323226999816363, 0.0 ], [ -9.023660000075171, 37.992996999506254, 0.0 ], [ -9.418215999990469, 38.01312699989051, 0.0 ] ] ] } },
{ "type": "Feature", "properties": { "FID_gras38": -1, "FID_gras24": -1, "FID_gras_1": -1, "FID_eshm20": 322, "ZONE_ID": "PTAS390", "areakm2": 39931.089876600003, "tctCluster": "Shallow Default", "CSZ_ID": "SZ51", "TECTO_ID": "TSZ077", "magScaleRe": "WC1994", "SS": 60.0, "NF": 10.0, "TF": 30.0, "MINDEPTH": 0.0, "MAXDEPTH": 60.0, "HYPODEPTH1": 2.0, "HYPODEPTH2": 10.0, "HYPODEPTH3": 18.0, "WHDEPTH1": 0.1, "WHDEPTH2": 0.4, "WHDEPTH3": 0.5, "WMAXMAG01": 0.5, "WMAXMAG02": 0.4, "WMAXMAG03": 0.1, "MAXMAG01": 8.6, "MAXMAG02": 8.7, "MAXMAG03": 8.8, "STRIKE1": 36.059768, "STRIKE2": 0.0, "STRIKE3": 0.0, "STRIKE4": 280.988636, "DIP1": 25.775435, "DIP2": 0.0, "DIP3": 0.0, "DIP4": 82.906, "aspRatio": 1.0, "mfd_bin": 0.2, "a_val": 3.43, "a_hi": 3.3438793439799999, "a_mid": 3.4303712985799999, "a_lo": 3.5168632531899999, "sigma_a": 0.21774387794300001, "b_val": 0.83, "b_hi": 0.899943010682, "b_mid": 0.83, "b_lo": 0.76005698931800003, "sigma_b": 0.048182551243500002, "cum_cov_ab": 0.054321, "MCORNERP1": 8.6, "MCORNERP2": 8.8, "MCORNERP3": 9.0, "MAXMAGP1": 8.4, "MAXMAGP2": 8.4, "utsu_bval2": 0.3, "utsu_aval": 3.43, "utsu_Minfl": 6.6, "FID_gras26": -1, "Shape_Leng": 995510.12797100004, "Shape_Area": 49475392409.5 }, "geometry": { "type": "Polygon", "coordinates": [ [ [ -9.441470999465858, 36.154385999319445, 0.0 ], [ -10.340705650888177, 35.141816783014413, 0.0 ], [ -11.012268203566675, 35.248003378509217, 0.0 ], [ -12.740481485257561, 35.61222496086048, 0.0 ], [ -9.6817781461243, 37.185096570904733, 0.0 ], [ -9.441470999465858, 36.154385999319445, 0.0 ] ] ] } },
{ "type": "Feature", "properties": { "FID_gras38": -1, "FID_gras24": -1, "FID_gras_1": -1, "FID_eshm20": 323, "ZONE_ID": "PTAS391", "areakm2": 24847.655274100001, "tctCluster": "Shallow Default", "CSZ_ID": "SZ51", "TECTO_ID": "TSZ077", "magScaleRe": "WC1994", "SS": 60.0, "NF": 10.0, "TF": 30.0, "MINDEPTH": 0.0, "MAXDEPTH": 60.0, "HYPODEPTH1": 2.0, "HYPODEPTH2": 10.0, "HYPODEPTH3": 18.0, "WHDEPTH1": 0.1, "WHDEPTH2": 0.4, "WHDEPTH3": 0.5, "WMAXMAG01": 0.5, "WMAXMAG02": 0.4, "WMAXMAG03": 0.1, "MAXMAG01": 8.5, "MAXMAG02": 8.6, "MAXMAG03": 8.7, "STRIKE1": 36.059768, "STRIKE2": 0.0, "STRIKE3": 0.0, "STRIKE4": 280.988636, "DIP1": 25.775435, "DIP2": 0.0, "DIP3": 0.0, "DIP4": 82.906, "aspRatio": 1.0, "mfd_bin": 0.2, "a_val": 4.04, "a_hi": 4.0441327571199999, "a_mid": 4.0397532411199997, "a_lo": 4.0353737251200004, "sigma_a": 0.01, "b_val": 1.12, "b_hi": 1.1518639364000001, "b_mid": 1.12, "b_lo": 1.0881360636, "sigma_b": 0.01, "cum_cov_ab": 0.072425239442799993, "MCORNERP1": 6.0, "MCORNERP2": 6.2, "MCORNERP3": 6.4, "MAXMAGP1": 6.2, "MAXMAGP2": 6.4, "utsu_bval2": 0.0, "utsu_aval": 0.0, "utsu_Minfl": 0.0, "FID_gras26": -1, "Shape_Leng": 888026.25955900003, "Shape_Area": 30865394327.200001 }, "geometry": { "type": "Polygon", "coordinates": [ [ [ -9.6817781461243, 37.185096570904733, 0.0 ], [ -12.740481485257561, 35.61222496086048, 0.0 ], [ -12.535115601555711, 36.4052649359311, 0.0 ], [ -11.98134475279679, 36.971356186235731, 0.0 ], [ -11.089881176267445, 37.369146267314832, 0.0 ], [ -9.6817781461243, 37.185096570904733, 0.0 ] ] ] } },
{ "type": "Feature", "properties": { "FID_gras38": -1, "FID_gras24": -1, "FID_gras_1": -1, "FID_eshm20": 324, "ZONE_ID": "PTAS392", "areakm2": 83204.8462841, "tctCluster": "Shallow Default", "CSZ_ID": "SZ19", "TECTO_ID": "TSZ076", "magScaleRe": "WC1994", "SS": 30.0, "NF": 60.0, "TF": 10.0, "MINDEPTH": 1.0, "MAXDEPTH": 20.0, "HYPODEPTH1": 5.0, "HYPODEPTH2": 9.0, "HYPODEPTH3": 15.0, "WHDEPTH1": 0.1, "WHDEPTH2": 0.4, "WHDEPTH3": 0.5, "WMAXMAG01": 0.5, "WMAXMAG02": 0.4, "WMAXMAG03": 0.1, "MAXMAG01": 7.0, "MAXMAG02": 7.3, "MAXMAG03": 7.6, "STRIKE1": 32.022152, "STRIKE2": 0.0, "STRIKE3": 267.856, "STRIKE4": 277.384743, "DIP1": 79.510303, "DIP2": 0.0, "DIP3": 39.642, "DIP4": 39.380943, "aspRatio": 1.0, "mfd_bin": 0.2, "a_val": 3.504, "a_hi": 3.5941098869300001, "a_mid": 3.5041376873700001, "a_lo": 3.4141654878100001, "sigma_a": 0.156000260542, "b_val": 1.0034, "b_hi": 1.0649077585, "b_mid": 1.0034, "b_lo": 0.9418922415, "sigma_b": 0.037261552690100001, "cum_cov_ab": 0.054321, "MCORNERP1": 6.0, "MCORNERP2": 6.2, "MCORNERP3": 6.4, "MAXMAGP1": 6.2, "MAXMAGP2": 6.4, "utsu_bval2": 0.0, "utsu_aval": 0.0, "utsu_Minfl": 0.0, "FID_gras26": -1, "Shape_Leng": 1449138.2888, "Shape_Area": 106763131495.0 }, "geometry": { "type": "Polygon", "coordinates": [ [ [ -5.097962384268194, 39.286607504857152, 0.0 ], [ -7.812781999830628, 37.350686000022975, 0.0 ], [ -8.518980000196906, 37.482078999361704, 0.0 ], [ -8.880678003961332, 37.480694611408943, 0.0 ], [ -9.109445999741066, 37.479818999815087, 0.0 ], [ -9.599891999906385, 37.552141999301732, 0.0 ], [ -9.418215999990469, 38.01312699989051, 0.0 ], [ -9.023660000075171, 37.992996999506254, 0.0 ], [ -8.594464999635171, 38.323226999816363, 0.0 ], [ -8.448065000103513, 38.725177999852704, 0.0 ], [ -8.280131999630882, 39.665672999484947, 0.0 ], [ -6.755700000430119, 40.501645999259956, 0.0 ], [ -5.097962384268194, 39.286607504857152, 0.0 ] ] ] } },
{ "type": "Feature", "properties": { "FID_gras38": -1, "FID_gras24": -1, "FID_gras_1": -1, "FID_eshm20": 325, "ZONE_ID": "PTAS393", "areakm2": 10626.1677081, "tctCluster": "Shallow Default", "CSZ_ID": "SZ19", "TECTO_ID": "TSZ076", "magScaleRe": "WC1994", "SS": 60.0, "NF": 10.0, "TF": 30.0, "MINDEPTH": 1.0, "MAXDEPTH": 20.0, "HYPODEPTH1": 5.0, "HYPODEPTH2": 9.0, "HYPODEPTH3": 15.0, "WHDEPTH1": 0.1, "WHDEPTH2": 0.4, "WHDEPTH3": 0.5, "WMAXMAG01": 0.5, "WMAXMAG02": 0.4, "WMAXMAG03": 0.1, "MAXMAG01": 7.0, "MAXMAG02": 7.3, "MAXMAG03": 7.6, "STRIKE1": 36.821897, "STRIKE2": 149.312333, "STRIKE3": 225.89911, "STRIKE4": 299.118583, "DIP1": 67.261338, "DIP2": 68.550722, "DIP3": 74.622573, "DIP4": 67.162, "aspRatio": 1.0, "mfd_bin": 0.2, "a_val": 2.55, "a_hi": 2.5537818184000001, "a_mid": 2.5498056769800002, "a_lo": 2.5458295355699998, "sigma_a": 0.01, "b_val": 0.8, "b_hi": 0.83186393639599998, "b_mid": 0.8, "b_lo": 0.768136063604, "sigma_b": 0.01, "cum_cov_ab": 0.081381850676399997, "MCORNERP1": 6.0, "MCORNERP2": 6.2, "MCORNERP3": 6.4, "MAXMAGP1": 6.4, "MAXMAGP2": 6.6, "utsu_bval2": 0.0, "utsu_aval": 0.0, "utsu_Minfl": 0.0, "FID_gras26": -1, "Shape_Leng": 645281.22732399998, "Shape_Area": 17710304918.599998 }, "geometry": { "type": "Polygon", "coordinates": [ [ [ -7.812781999830628, 37.350686000022975, 0.0 ], [ -7.135512000096166, 37.308694000003577, 0.0 ], [ -7.793789465055887, 36.890218734240669, 0.0 ], [ -8.825655884686874, 36.842465056596716, 0.0 ], [ -9.159670870158287, 36.991500756370783, 0.0 ], [ -9.6817781461243, 37.185096570904733, 0.0 ], [ -9.599891999906385, 37.552141999301732, 0.0 ], [ -9.109445999741066, 37.479818999815087, 0.0 ], [ -8.880678003961332, 37.480694611408943, 0.0 ], [ -8.518980000196906, 37.482078999361704, 0.0 ], [ -7.812781999830628, 37.350686000022975, 0.0 ] ] ] } },
{ "type": "Feature", "properties": { "FID_gras38": -1, "FID_gras24": -1, "FID_gras_1": -1, "FID_eshm20": 326, "ZONE_ID": "ROAS395", "areakm2": 52801.646968000001, "tctCluster": "Shallow Default", "CSZ_ID": "SZ11", "TECTO_ID": "TSZ066", "magScaleRe": "WC1994", "SS": 30.0, "NF": 30.0, "TF": 40.0, "MINDEPTH": 0.0, "MAXDEPTH": 25.0, "HYPODEPTH1": 2.0, "HYPODEPTH2": 10.0, "HYPODEPTH3": 18.0, "WHDEPTH1": 0.1, "WHDEPTH2": 0.4, "WHDEPTH3": 0.5, "WMAXMAG01": 0.5, "WMAXMAG02": 0.4, "WMAXMAG03": 0.1, "MAXMAG01": 6.1, "MAXMAG02": 6.4, "MAXMAG03": 6.7, "STRIKE1": 0.0, "STRIKE2": 0.0, "STRIKE3": 0.0, "STRIKE4": 0.0, "DIP1": 89.99, "DIP2": 0.0, "DIP3": 0.0, "DIP4": 0.0, "aspRatio": 1.0, "mfd_bin": 0.2, "a_val": 3.21, "a_hi": 3.2910186587500001, "a_mid": 3.2101559421300001, "a_lo": 3.1292932255000001, "sigma_a": 0.136331249904, "b_val": 1.0, "b_hi": 1.05518995677, "b_mid": 1.0, "b_lo": 0.94481004323200002, "sigma_b": 0.03, "cum_cov_ab": 0.054321, "MCORNERP1": 6.0, "MCORNERP2": 6.2, "MCORNERP3": 6.4, "MAXMAGP1": 6.2, "MAXMAGP2": 6.4, "utsu_bval2": 0.0, "utsu_aval": 0.0, "utsu_Minfl": 0.0, "FID_gras26": -1, "Shape_Leng": 1015933.93254, "Shape_Area": 67518343615.599998 }, "geometry": { "type": "Polygon", "coordinates": [ [ [ 29.815959412388509, 45.198913975531177, 0.0 ], [ 29.114370415318476, 43.977369063232324, 0.0 ], [ 26.574737807539012, 44.420812348160844, 0.0 ], [ 26.757245963615045, 45.256133386243775, 0.0 ], [ 28.424813897829988, 45.795119196092244, 0.0 ], [ 29.815959412388509, 45.198913975531177, 0.0 ] ] ] } },
{ "type": "Feature", "properties": { "FID_gras38": -1, "FID_gras24": -1, "FID_gras_1": -1, "FID_eshm20": 327, "ZONE_ID": "ROAS396", "areakm2": 60070.271069000002, "tctCluster": "Shallow Default", "CSZ_ID": "SZ11", "TECTO_ID": "TSZ066", "magScaleRe": "WC1994", "SS": 20.0, "NF": 60.0, "TF": 20.0, "MINDEPTH": 0.0, "MAXDEPTH": 25.0, "HYPODEPTH1": 2.0, "HYPODEPTH2": 10.0, "HYPODEPTH3": 18.0, "WHDEPTH1": 0.1, "WHDEPTH2": 0.4, "WHDEPTH3": 0.5, "WMAXMAG01": 0.5, "WMAXMAG02": 0.4, "WMAXMAG03": 0.1, "MAXMAG01": 6.1, "MAXMAG02": 6.4, "MAXMAG03": 6.7, "STRIKE1": 0.0, "STRIKE2": 112.110788, "STRIKE3": 0.0, "STRIKE4": 288.070051, "DIP1": 57.671712, "DIP2": 57.671712, "DIP3": 0.0, "DIP4": 54.403028, "aspRatio": 1.0, "mfd_bin": 0.2, "a_val": 2.61, "a_hi": 2.70986078432, "a_mid": 2.60981278564, "a_lo": 2.5097647869599999, "sigma_a": 0.163334048506, "b_val": 1.0, "b_hi": 1.05518995677, "b_mid": 1.0, "b_lo": 0.94481004323200002, "sigma_b": 0.03, "cum_cov_ab": 0.054321, "MCORNERP1": 6.0, "MCORNERP2": 6.2, "MCORNERP3": 6.4, "MAXMAGP1": 6.0, "MAXMAGP2": 6.2, "utsu_bval2": 0.0, "utsu_aval": 0.0, "utsu_Minfl": 0.0, "FID_gras26": -1, "Shape_Leng": 1249579.2209000001, "Shape_Area": 84053806046.199997 }, "geometry": { "type": "Polygon", "coordinates": [ [ [ 26.574737807539012, 44.420812348160844, 0.0 ], [ 26.341147473854438, 44.11062788047154, 0.0 ], [ 25.41748024211201, 43.758960493864429, 0.0 ], [ 24.91571897189807, 43.544379770682568, 0.0 ], [ 23.982133900142784, 43.599999999809746, 0.0 ], [ 22.982133900082388, 43.899999999585425, 0.0 ], [ 22.339999999804782, 44.259999999217285, 0.0 ], [ 22.379999999519722, 44.709999999370751, 0.0 ], [ 25.801485999732503, 45.094409000094224, 0.0 ], [ 26.757245963615045, 45.256133386243775, 0.0 ], [ 26.574737807539012, 44.420812348160844, 0.0 ] ] ] } },
{ "type": "Feature", "properties": { "FID_gras38": -1, "FID_gras24": -1, "FID_gras_1": -1, "FID_eshm20": 328, "ZONE_ID": "ROAS398", "areakm2": 40145.020938299996, "tctCluster": "Shallow Default", "CSZ_ID": "SZ11", "TECTO_ID": "TSZ061", "magScaleRe": "WC1994", "SS": 30.0, "NF": 30.0, "TF": 40.0, "MINDEPTH": 0.0, "MAXDEPTH": 25.0, "HYPODEPTH1": 2.0, "HYPODEPTH2": 10.0, "HYPODEPTH3": 18.0, "WHDEPTH1": 0.1, "WHDEPTH2": 0.4, "WHDEPTH3": 0.5, "WMAXMAG01": 0.5, "WMAXMAG02": 0.4, "WMAXMAG03": 0.1, "MAXMAG01": 6.7, "MAXMAG02": 7.0, "MAXMAG03": 7.3, "STRIKE1": 0.0, "STRIKE2": 0.0, "STRIKE3": 0.0, "STRIKE4": 0.0, "DIP1": 89.99, "DIP2": 0.0, "DIP3": 0.0, "DIP4": 0.0, "aspRatio": 1.0, "mfd_bin": 0.2, "a_val": 2.571, "a_hi": 2.5875624749, "a_mid": 2.57103717132, "a_lo": 2.5545118677300001, "sigma_a": 0.01, "b_val": 0.75, "b_hi": 0.78186393639600005, "b_mid": 0.75, "b_lo": 0.71813606360399995, "sigma_b": 0.01, "cum_cov_ab": 0.019236440392, "MCORNERP1": 6.0, "MCORNERP2": 6.2, "MCORNERP3": 6.4, "MAXMAGP1": 6.4, "MAXMAGP2": 6.6, "utsu_bval2": 0.0, "utsu_aval": 0.0, "utsu_Minfl": 0.0, "FID_gras26": -1, "Shape_Leng": 1058583.6029000001, "Shape_Area": 57164094950.300003 }, "geometry": { "type": "Polygon", "coordinates": [ [ [ 25.801485999732503, 45.094409000094224, 0.0 ], [ 22.379999999519722, 44.709999999370751, 0.0 ], [ 22.408012823489532, 45.444130286537266, 0.0 ], [ 23.859521000077109, 45.839905999659088, 0.0 ], [ 25.732937000400756, 46.141609999793459, 0.0 ], [ 25.90497955344804, 45.627450427329272, 0.0 ], [ 25.801485999732503, 45.094409000094224, 0.0 ] ] ] } },
{ "type": "Feature", "properties": { "FID_gras38": -1, "FID_gras24": -1, "FID_gras_1": -1, "FID_eshm20": 329, "ZONE_ID": "ROAS400", "areakm2": 21361.833662500001, "tctCluster": "Shallow Default", "CSZ_ID": "SZ11", "TECTO_ID": "TSZ061", "magScaleRe": "WC1994", "SS": 30.0, "NF": 30.0, "TF": 40.0, "MINDEPTH": 0.0, "MAXDEPTH": 40.0, "HYPODEPTH1": 2.0, "HYPODEPTH2": 10.0, "HYPODEPTH3": 18.0, "WHDEPTH1": 0.1, "WHDEPTH2": 0.4, "WHDEPTH3": 0.5, "WMAXMAG01": 0.5, "WMAXMAG02": 0.4, "WMAXMAG03": 0.1, "MAXMAG01": 6.7, "MAXMAG02": 7.0, "MAXMAG03": 7.3, "STRIKE1": 0.0, "STRIKE2": 0.0, "STRIKE3": 0.0, "STRIKE4": 0.0, "DIP1": 89.99, "DIP2": 0.0, "DIP3": 0.0, "DIP4": 0.0, "aspRatio": 1.0, "mfd_bin": 0.2, "a_val": 2.6398, "a_hi": 2.64563406609, "a_mid": 2.63978055307, "a_lo": 2.6339270400400001, "sigma_a": 0.01, "b_val": 0.86, "b_hi": 0.89186393639600003, "b_mid": 0.86, "b_lo": 0.82813606360400005, "sigma_b": 0.01, "cum_cov_ab": 0.054321, "MCORNERP1": 6.0, "MCORNERP2": 6.2, "MCORNERP3": 6.4, "MAXMAGP1": 6.2, "MAXMAGP2": 6.4, "utsu_bval2": 0.0, "utsu_aval": 0.0, "utsu_Minfl": 0.0, "FID_gras26": -1, "Shape_Leng": 820472.416768, "Shape_Area": 33518041840.099998 }, "geometry": { "type": "Polygon", "coordinates": [ [ [ 28.424813897829988, 45.795119196092244, 0.0 ], [ 26.757245963615045, 45.256133386243775, 0.0 ], [ 25.801485999732503, 45.094409000094224, 0.0 ], [ 25.90497955344804, 45.627450427329272, 0.0 ], [ 25.732937000400756, 46.141609999793459, 0.0 ], [ 26.33720627454715, 46.434828583210283, 0.0 ], [ 26.943151000123251, 46.191614000124623, 0.0 ], [ 28.424813897829988, 45.795119196092244, 0.0 ] ] ] } },
{ "type": "Feature", "properties": { "FID_gras38": -1, "FID_gras24": -1, "FID_gras_1": -1, "FID_eshm20": 330, "ZONE_ID": "ROAS401", "areakm2": 58221.460382899997, "tctCluster": "Shallow Default", "CSZ_ID": "SZ11", "TECTO_ID": "TSZ067", "magScaleRe": "WC1994", "SS": 30.0, "NF": 30.0, "TF": 40.0, "MINDEPTH": 0.0, "MAXDEPTH": 25.0, "HYPODEPTH1": 2.0, "HYPODEPTH2": 10.0, "HYPODEPTH3": 18.0, "WHDEPTH1": 0.1, "WHDEPTH2": 0.4, "WHDEPTH3": 0.5, "WMAXMAG01": 0.5, "WMAXMAG02": 0.4, "WMAXMAG03": 0.1, "MAXMAG01": 6.3, "MAXMAG02": 6.6, "MAXMAG03": 6.9, "STRIKE1": 0.0, "STRIKE2": 0.0, "STRIKE3": 0.0, "STRIKE4": 0.0, "DIP1": 89.99, "DIP2": 0.0, "DIP3": 0.0, "DIP4": 0.0, "aspRatio": 1.0, "mfd_bin": 0.2, "a_val": 3.03, "a_hi": 3.1598435438800001, "a_mid": 3.0299549484799999, "a_lo": 2.9000663530700002, "sigma_a": 0.21551689813, "b_val": 1.0, "b_hi": 1.07144246996, "b_mid": 1.0, "b_lo": 0.92855753004499997, "sigma_b": 0.050270599993700003, "cum_cov_ab": 0.054321, "MCORNERP1": 6.0, "MCORNERP2": 6.2, "MCORNERP3": 6.4, "MAXMAGP1": 6.2, "MAXMAGP2": 6.4, "utsu_bval2": 0.0, "utsu_aval": 0.0, "utsu_Minfl": 0.0, "FID_gras26": -1, "Shape_Leng": 1403332.84299, "Shape_Area": 92154464954.800003 }, "geometry": { "type": "Polygon", "coordinates": [ [ [ 28.424813897829988, 45.795119196092244, 0.0 ], [ 26.943151000123251, 46.191614000124623, 0.0 ], [ 26.33720627454715, 46.434828583210283, 0.0 ], [ 25.732937000400756, 46.141609999793459, 0.0 ], [ 24.43715800004696, 47.728965000428026, 0.0 ], [ 24.426278000584432, 48.044477999835316, 0.0 ], [ 25.266173000406411, 48.095346999521119, 0.0 ], [ 26.200000000145806, 48.00000000008972, 0.0 ], [ 26.400000000517228, 48.200000000061507, 0.0 ], [ 26.649999999634023, 48.24999999964006, 0.0 ], [ 26.999816999536733, 47.990386000290883, 0.0 ], [ 28.424813897829988, 45.795119196092244, 0.0 ] ] ] } },
{ "type": "Feature", "properties": { "FID_gras38": -1, "FID_gras24": -1, "FID_gras_1": -1, "FID_eshm20": 331, "ZONE_ID": "ROAS402", "areakm2": 90347.592577300005, "tctCluster": "Shallow Default", "CSZ_ID": "SZ11", "TECTO_ID": "TSZ090", "magScaleRe": "WC1994", "SS": 30.0, "NF": 30.0, "TF": 40.0, "MINDEPTH": 0.0, "MAXDEPTH": 25.0, "HYPODEPTH1": 2.0, "HYPODEPTH2": 10.0, "HYPODEPTH3": 18.0, "WHDEPTH1": 0.1, "WHDEPTH2": 0.4, "WHDEPTH3": 0.5, "WMAXMAG01": 0.5, "WMAXMAG02": 0.4, "WMAXMAG03": 0.1, "MAXMAG01": 6.3, "MAXMAG02": 6.6, "MAXMAG03": 6.9, "STRIKE1": 0.0, "STRIKE2": 0.0, "STRIKE3": 0.0, "STRIKE4": 0.0, "DIP1": 89.99, "DIP2": 0.0, "DIP3": 0.0, "DIP4": 0.0, "aspRatio": 1.0, "mfd_bin": 0.2, "a_val": 2.85, "a_hi": 2.9533127326300002, "a_mid": 2.8501495553299998, "a_lo": 2.7469863780399999, "sigma_a": 0.15444315839200001, "b_val": 0.879, "b_hi": 0.93418995676799998, "b_mid": 0.879, "b_lo": 0.82381004323200002, "sigma_b": 0.03, "cum_cov_ab": 0.054321, "MCORNERP1": 6.0, "MCORNERP2": 6.2, "MCORNERP3": 6.4, "MAXMAGP1": 6.4, "MAXMAGP2": 6.4, "utsu_bval2": 0.0, "utsu_aval": 0.0, "utsu_Minfl": 0.0, "FID_gras26": -1, "Shape_Leng": 958340.926324, "Shape_Area": 54457440591.400002 }, "geometry": { "type": "Polygon", "coordinates": [ [ [ 25.732937000400756, 46.141609999793459, 0.0 ], [ 23.859521000077109, 45.839905999659088, 0.0 ], [ 22.924542999743952, 47.375906999971278, 0.0 ], [ 23.391264645070947, 47.484844046137972, 0.0 ], [ 24.43715800004696, 47.728965000428026, 0.0 ], [ 25.732937000400756, 46.141609999793459, 0.0 ] ] ] } },
{ "type": "Feature", "properties": { "FID_gras38": -1, "FID_gras24": -1, "FID_gras_1": -1, "FID_eshm20": 332, "ZONE_ID": "ROAS403", "areakm2": 90347.592577300005, "tctCluster": "Shallow Default", "CSZ_ID": "SZ11", "TECTO_ID": "TSZ090", "magScaleRe": "WC1994", "SS": 30.0, "NF": 30.0, "TF": 40.0, "MINDEPTH": 0.0, "MAXDEPTH": 25.0, "HYPODEPTH1": 2.0, "HYPODEPTH2": 10.0, "HYPODEPTH3": 18.0, "WHDEPTH1": 0.1, "WHDEPTH2": 0.4, "WHDEPTH3": 0.5, "WMAXMAG01": 0.5, "WMAXMAG02": 0.4, "WMAXMAG03": 0.1, "MAXMAG01": 6.3, "MAXMAG02": 6.6, "MAXMAG03": 6.9, "STRIKE1": 0.0, "STRIKE2": 0.0, "STRIKE3": 0.0, "STRIKE4": 0.0, "DIP1": 89.99, "DIP2": 0.0, "DIP3": 0.0, "DIP4": 0.0, "aspRatio": 1.0, "mfd_bin": 0.2, "a_val": 2.43, "a_hi": 2.5295203669599999, "a_mid": 2.4296101910400001, "a_lo": 2.3297000151199998, "sigma_a": 0.163334048506, "b_val": 0.879, "b_hi": 0.93418995676799998, "b_mid": 0.879, "b_lo": 0.82381004323200002, "sigma_b": 0.03, "cum_cov_ab": 0.054321, "MCORNERP1": 6.0, "MCORNERP2": 6.2, "MCORNERP3": 6.4, "MAXMAGP1": 6.2, "MAXMAGP2": 6.4, "utsu_bval2": 0.0, "utsu_aval": 0.0, "utsu_Minfl": 0.0, "FID_gras26": -1, "Shape_Leng": 1038334.2167399999, "Shape_Area": 63243349515.099998 }, "geometry": { "type": "Polygon", "coordinates": [ [ [ 22.059932000231392, 47.174097999635499, 0.0 ], [ 22.924542999743952, 47.375906999971278, 0.0 ], [ 23.859521000077109, 45.839905999659088, 0.0 ], [ 22.408012823489532, 45.444130286537266, 0.0 ], [ 20.939317999834476, 46.553952000288717, 0.0 ], [ 21.537703999674349, 47.51680999912584, 0.0 ], [ 22.059932000231392, 47.174097999635499, 0.0 ] ] ] } },
{ "type": "Feature", "properties": { "FID_gras38": -1, "FID_gras24": -1, "FID_gras_1": -1, "FID_eshm20": 333, "ZONE_ID": "ROAS404", "areakm2": 90347.592577300005, "tctCluster": "Shallow Default", "CSZ_ID": "SZ11", "TECTO_ID": "TSZ090", "magScaleRe": "WC1994", "SS": 30.0, "NF": 30.0, "TF": 40.0, "MINDEPTH": 0.0, "MAXDEPTH": 25.0, "HYPODEPTH1": 2.0, "HYPODEPTH2": 10.0, "HYPODEPTH3": 18.0, "WHDEPTH1": 0.1, "WHDEPTH2": 0.4, "WHDEPTH3": 0.5, "WMAXMAG01": 0.5, "WMAXMAG02": 0.4, "WMAXMAG03": 0.1, "MAXMAG01": 6.3, "MAXMAG02": 6.6, "MAXMAG03": 6.9, "STRIKE1": 0.0, "STRIKE2": 0.0, "STRIKE3": 0.0, "STRIKE4": 0.0, "DIP1": 89.99, "DIP2": 0.0, "DIP3": 0.0, "DIP4": 0.0, "aspRatio": 1.0, "mfd_bin": 0.2, "a_val": 2.7, "a_hi": 2.7617658013500002, "a_mid": 2.7000632756399998, "a_lo": 2.6383607499299999, "sigma_a": 0.21815560375000001, "b_val": 0.879, "b_hi": 0.93418995676799998, "b_mid": 0.879, "b_lo": 0.82381004323200002, "sigma_b": 0.03, "cum_cov_ab": 0.054321, "MCORNERP1": 6.0, "MCORNERP2": 6.2, "MCORNERP3": 6.4, "MAXMAGP1": 6.2, "MAXMAGP2": 6.4, "utsu_bval2": 0.0, "utsu_aval": 0.0, "utsu_Minfl": 0.0, "FID_gras26": -1, "Shape_Leng": 501154.14638499997, "Shape_Area": 14104769507.6 }, "geometry": { "type": "Polygon", "coordinates": [ [ [ 23.391264645070947, 47.484844046137972, 0.0 ], [ 22.059932000231392, 47.174097999635499, 0.0 ], [ 21.537703999674349, 47.51680999912584, 0.0 ], [ 22.462483000785436, 47.995518999261741, 0.0 ], [ 23.391264645070947, 47.484844046137972, 0.0 ] ] ] } },
{ "type": "Feature", "properties": { "FID_gras38": -1, "FID_gras24": -1, "FID_gras_1": -1, "FID_eshm20": 334, "ZONE_ID": "ROAS405", "areakm2": 34026.002768500002, "tctCluster": "Shallow Default", "CSZ_ID": "SZ11", "TECTO_ID": "TSZ090", "magScaleRe": "WC1994", "SS": 30.0, "NF": 30.0, "TF": 40.0, "MINDEPTH": 5.0, "MAXDEPTH": 26.0, "HYPODEPTH1": 6.0, "HYPODEPTH2": 10.0, "HYPODEPTH3": 18.0, "WHDEPTH1": 0.1, "WHDEPTH2": 0.4, "WHDEPTH3": 0.5, "WMAXMAG01": 0.5, "WMAXMAG02": 0.4, "WMAXMAG03": 0.1, "MAXMAG01": 6.3, "MAXMAG02": 6.6, "MAXMAG03": 6.9, "STRIKE1": 0.0, "STRIKE2": 0.0, "STRIKE3": 0.0, "STRIKE4": 0.0, "DIP1": 89.99, "DIP2": 0.0, "DIP3": 0.0, "DIP4": 0.0, "aspRatio": 1.0, "mfd_bin": 0.2, "a_val": 2.53, "a_hi": 2.58069385175, "a_mid": 2.53027724299, "a_lo": 2.47986063423, "sigma_a": 0.086977487627600006, "b_val": 0.74, "b_hi": 0.77633047722600002, "b_mid": 0.74, "b_lo": 0.70366952277399997, "sigma_b": 0.013, "cum_cov_ab": 0.054321, "MCORNERP1": 6.0, "MCORNERP2": 6.2, "MCORNERP3": 6.4, "MAXMAGP1": 6.4, "MAXMAGP2": 6.6, "utsu_bval2": 0.0, "utsu_aval": 0.0, "utsu_Minfl": 0.0, "FID_gras26": -1, "Shape_Leng": 975444.99228999997, "Shape_Area": 48602707909.300003 }, "geometry": { "type": "Polygon", "coordinates": [ [ [ 22.408012823489532, 45.444130286537266, 0.0 ], [ 22.379999999519722, 44.709999999370751, 0.0 ], [ 22.339999999804782, 44.259999999217285, 0.0 ], [ 21.455074215487837, 44.808856155302365, 0.0 ], [ 20.580558000885461, 45.351255999762806, 0.0 ], [ 19.815300999681593, 45.998717000057823, 0.0 ], [ 20.939317999834476, 46.553952000288717, 0.0 ], [ 22.408012823489532, 45.444130286537266, 0.0 ] ] ] } },
{ "type": "Feature", "properties": { "FID_gras38": -1, "FID_gras24": -1, "FID_gras_1": -1, "FID_eshm20": 335, "ZONE_ID": "RUAS408", "areakm2": 187312.41850299999, "tctCluster": "Craton", "CSZ_ID": "SZ15", "TECTO_ID": "TSZ096", "magScaleRe": "WC1994", "SS": 20.0, "NF": 25.0, "TF": 55.0, "MINDEPTH": 0.0, "MAXDEPTH": 34.0, "HYPODEPTH1": 8.0, "HYPODEPTH2": 10.0, "HYPODEPTH3": 15.0, "WHDEPTH1": 0.1, "WHDEPTH2": 0.4, "WHDEPTH3": 0.5, "WMAXMAG01": 0.5, "WMAXMAG02": 0.4, "WMAXMAG03": 0.1, "MAXMAG01": 6.3, "MAXMAG02": 6.6, "MAXMAG03": 6.9, "STRIKE1": 0.0, "STRIKE2": 0.0, "STRIKE3": 0.0, "STRIKE4": 0.0, "DIP1": 89.99, "DIP2": 0.0, "DIP3": 0.0, "DIP4": 0.0, "aspRatio": 1.0, "mfd_bin": 0.2, "a_val": 1.05, "a_hi": 1.0556510243299999, "a_mid": 1.0497599829599999, "a_lo": 1.04386894159, "sigma_a": 0.01, "b_val": 0.91, "b_hi": 0.94186393639599997, "b_mid": 0.91, "b_lo": 0.87813606360399998, "sigma_b": 0.01, "cum_cov_ab": 0.054321, "MCORNERP1": 6.0, "MCORNERP2": 6.2, "MCORNERP3": 6.4, "MAXMAGP1": 5.0, "MAXMAGP2": 5.0, "utsu_bval2": 0.0, "utsu_aval": 0.0, "utsu_Minfl": 0.0, "FID_gras26": -1, "Shape_Leng": 3167048.1152, "Shape_Area": 556932142965.0 }, "geometry": { "type": "Polygon", "coordinates": [ [ [ 29.875400000490782, 68.424500000106789, 0.0 ], [ 28.326199999924324, 68.722999999850998, 0.0 ], [ 28.360000000024819, 69.046600000042062, 0.0 ], [ 27.289099999939626, 69.963299999440522, 0.0 ], [ 25.173600000596931, 70.331299999721949, 0.0 ], [ 29.998630000037544, 72.000027000398688, 0.0 ], [ 33.9499999997158, 70.979999999692211, 0.0 ], [ 29.875400000490782, 68.424500000106789, 0.0 ] ] ] } },
{ "type": "Feature", "properties": { "FID_gras38": -1, "FID_gras24": -1, "FID_gras_1": -1, "FID_eshm20": 336, "ZONE_ID": "SBAS001", "areakm2": 12225.7631301, "tctCluster": "Shallow Default", "CSZ_ID": "SZ18", "TECTO_ID": "TSZ105", "magScaleRe": "WC1994", "SS": 20.0, "NF": 60.0, "TF": 20.0, "MINDEPTH": 5.0, "MAXDEPTH": 26.0, "HYPODEPTH1": 6.0, "HYPODEPTH2": 10.0, "HYPODEPTH3": 18.0, "WHDEPTH1": 0.1, "WHDEPTH2": 0.4, "WHDEPTH3": 0.5, "WMAXMAG01": 0.5, "WMAXMAG02": 0.4, "WMAXMAG03": 0.1, "MAXMAG01": 6.3, "MAXMAG02": 6.6, "MAXMAG03": 6.9, "STRIKE1": 80.4448, "STRIKE2": 117.13175, "STRIKE3": 0.0, "STRIKE4": 286.558, "DIP1": 62.269657, "DIP2": 67.172103, "DIP3": 0.0, "DIP4": 75.593, "aspRatio": 1.0, "mfd_bin": 0.2, "a_val": 2.55, "a_hi": 2.6132315252799998, "a_mid": 2.55011912858, "a_lo": 2.4870067318800002, "sigma_a": 0.163334048506, "b_val": 0.85, "b_hi": 0.93721243186400005, "b_mid": 0.85, "b_lo": 0.76278756813600002, "sigma_b": 0.074913129540600004, "cum_cov_ab": 0.054321, "MCORNERP1": 6.0, "MCORNERP2": 6.2, "MCORNERP3": 6.4, "MAXMAGP1": 6.2, "MAXMAGP2": 6.4, "utsu_bval2": 0.0, "utsu_aval": 0.0, "utsu_Minfl": 0.0, "FID_gras26": -1, "Shape_Leng": 537124.11587099999, "Shape_Area": 17475293669.599998 }, "geometry": { "type": "Polygon", "coordinates": [ [ [ 20.580558000885461, 45.351255999762806, 0.0 ], [ 19.908699798273904, 45.15903921425501, 0.0 ], [ 18.685268000037279, 45.408116000180627, 0.0 ], [ 19.154987336043803, 45.996116637307722, 0.0 ], [ 19.815300999681593, 45.998717000057823, 0.0 ], [ 20.580558000885461, 45.351255999762806, 0.0 ] ] ] } },
{ "type": "Feature", "properties": { "FID_gras38": -1, "FID_gras24": -1, "FID_gras_1": -1, "FID_eshm20": 337, "ZONE_ID": "SBAS010", "areakm2": 12708.421714, "tctCluster": "Shallow Default", "CSZ_ID": "SZ18", "TECTO_ID": "TSZ060", "magScaleRe": "WC1994", "SS": 20.0, "NF": 60.0, "TF": 20.0, "MINDEPTH": 0.0, "MAXDEPTH": 14.0, "HYPODEPTH1": 2.0, "HYPODEPTH2": 8.0, "HYPODEPTH3": 10.0, "WHDEPTH1": 0.1, "WHDEPTH2": 0.4, "WHDEPTH3": 0.5, "WMAXMAG01": 0.5, "WMAXMAG02": 0.4, "WMAXMAG03": 0.1, "MAXMAG01": 6.9, "MAXMAG02": 7.2, "MAXMAG03": 7.5, "STRIKE1": 36.382905, "STRIKE2": 0.0, "STRIKE3": 221.541063, "STRIKE4": 335.178646, "DIP1": 46.907622, "DIP2": 0.0, "DIP3": 47.469919, "DIP4": 41.402949, "aspRatio": 1.0, "mfd_bin": 0.2, "a_val": 2.71, "a_hi": 2.7160904856500001, "a_mid": 2.7102725083200001, "a_lo": 2.7044545309800001, "sigma_a": 0.01, "b_val": 0.85, "b_hi": 0.88186393639600003, "b_mid": 0.85, "b_lo": 0.81813606360400004, "sigma_b": 0.01, "cum_cov_ab": 0.054321, "MCORNERP1": 6.0, "MCORNERP2": 6.2, "MCORNERP3": 6.4, "MAXMAGP1": 6.4, "MAXMAGP2": 6.4, "utsu_bval2": 0.0, "utsu_aval": 0.0, "utsu_Minfl": 0.0, "FID_gras26": -1, "Shape_Leng": 552771.93063700001, "Shape_Area": 17297875534.0 }, "geometry": { "type": "Polygon", "coordinates": [ [ [ 21.738718000372174, 42.773206000116367, 0.0 ], [ 21.443869740053124, 42.486784226405405, 0.0 ], [ 21.142374186481753, 42.361525717723559, 0.0 ], [ 20.879801000135796, 42.351867999668933, 0.0 ], [ 20.496699000691702, 42.230554999955494, 0.0 ], [ 20.260000000254006, 42.399999999908523, 0.0 ], [ 20.235079000524031, 42.517678999973789, 0.0 ], [ 20.212964999800032, 42.611403000086774, 0.0 ], [ 20.145708976199415, 42.829106041791782, 0.0 ], [ 20.303435509755033, 43.421932086443782, 0.0 ], [ 20.91363332341685, 43.059437223884466, 0.0 ], [ 21.738718000372174, 42.773206000116367, 0.0 ] ] ] } },
{ "type": "Feature", "properties": { "FID_gras38": -1, "FID_gras24": -1, "FID_gras_1": -1, "FID_eshm20": 338, "ZONE_ID": "SEAS409", "areakm2": 95418.512598999994, "tctCluster": "Shallow Default", "CSZ_ID": "SZ49", "TECTO_ID": "TSZ007", "magScaleRe": "WC1994", "SS": 50.0, "NF": 40.0, "TF": 10.0, "MINDEPTH": 0.0, "MAXDEPTH": 20.0, "HYPODEPTH1": 8.0, "HYPODEPTH2": 10.0, "HYPODEPTH3": 15.0, "WHDEPTH1": 0.1, "WHDEPTH2": 0.4, "WHDEPTH3": 0.5, "WMAXMAG01": 0.5, "WMAXMAG02": 0.4, "WMAXMAG03": 0.1, "MAXMAG01": 6.3, "MAXMAG02": 6.6, "MAXMAG03": 6.9, "STRIKE1": 0.0, "STRIKE2": 0.0, "STRIKE3": 0.0, "STRIKE4": 0.0, "DIP1": 89.99, "DIP2": 0.0, "DIP3": 0.0, "DIP4": 0.0, "aspRatio": 1.0, "mfd_bin": 0.2, "a_val": 1.65, "a_hi": 1.7084703039, "a_mid": 1.6500487396600001, "a_lo": 1.59162717541, "sigma_a": 0.061423452801700001, "b_val": 0.84, "b_hi": 0.93446104411999997, "b_mid": 0.84, "b_lo": 0.74553895587999996, "sigma_b": 0.087883355486, "cum_cov_ab": 0.054321, "MCORNERP1": 6.0, "MCORNERP2": 6.2, "MCORNERP3": 6.4, "MAXMAGP1": 6.0, "MAXMAGP2": 6.2, "utsu_bval2": 0.0, "utsu_aval": 0.0, "utsu_Minfl": 0.0, "FID_gras26": -1, "Shape_Leng": 1945253.5993300001, "Shape_Area": 171956809928.0 }, "geometry": { "type": "Polygon", "coordinates": [ [ [ 11.210000000066495, 57.929999999745782, 0.0 ], [ 13.649999999746816, 56.600000000276594, 0.0 ], [ 14.740000000064217, 55.999999999589193, 0.0 ], [ 14.791701999947481, 55.616040999934611, 0.0 ], [ 14.918000000412723, 54.790999999433687, 0.0 ], [ 13.7317499999952, 55.031999999737614, 0.0 ], [ 10.89360373604292, 55.27742948892795, 0.0 ], [ 11.470000000010346, 56.049999999663044, 0.0 ], [ 10.689999999280497, 56.709999999593947, 0.0 ], [ 10.420017000024655, 58.039915999657815, 0.0 ], [ 11.210000000066495, 57.929999999745782, 0.0 ] ] ] } },
{ "type": "Feature", "properties": { "FID_gras38": -1, "FID_gras24": -1, "FID_gras_1": -1, "FID_eshm20": 339, "ZONE_ID": "SEAS410", "areakm2": 274768.663841, "tctCluster": "Shallow Default", "CSZ_ID": "SZ15", "TECTO_ID": "TSZ007", "magScaleRe": "WC1994", "SS": 20.0, "NF": 25.0, "TF": 55.0, "MINDEPTH": 0.0, "MAXDEPTH": 40.0, "HYPODEPTH1": 8.0, "HYPODEPTH2": 10.0, "HYPODEPTH3": 15.0, "WHDEPTH1": 0.1, "WHDEPTH2": 0.4, "WHDEPTH3": 0.5, "WMAXMAG01": 0.5, "WMAXMAG02": 0.4, "WMAXMAG03": 0.1, "MAXMAG01": 6.3, "MAXMAG02": 6.6, "MAXMAG03": 6.9, "STRIKE1": 0.0, "STRIKE2": 0.0, "STRIKE3": 0.0, "STRIKE4": 0.0, "DIP1": 89.99, "DIP2": 0.0, "DIP3": 0.0, "DIP4": 0.0, "aspRatio": 1.0, "mfd_bin": 0.2, "a_val": 1.91, "a_hi": 1.91540494649, "a_mid": 1.90955954195, "a_lo": 1.90371413742, "sigma_a": 0.01, "b_val": 1.04, "b_hi": 1.0718639364, "b_mid": 1.04, "b_lo": 1.0081360636000001, "sigma_b": 0.01, "cum_cov_ab": 0.054321, "MCORNERP1": 6.0, "MCORNERP2": 6.2, "MCORNERP3": 6.4, "MAXMAGP1": 5.2, "MAXMAGP2": 5.2, "utsu_bval2": 0.0, "utsu_aval": 0.0, "utsu_Minfl": 0.0, "FID_gras26": -1, "Shape_Leng": 5235097.4787699999, "Shape_Area": 644588862524.0 }, "geometry": { "type": "Polygon", "coordinates": [ [ [ 18.499656000262942, 67.610133999303159, 0.0 ], [ 15.795400000214936, 66.09080000019928, 0.0 ], [ 14.958699999736428, 63.602600000103067, 0.0 ], [ 14.024200000152465, 62.790899999898706, 0.0 ], [ 14.027733541288871, 61.350804284033735, 0.0 ], [ 12.399999999671294, 60.99999999954882, 0.0 ], [ 9.826441831569131, 61.632209157212465, 0.0 ], [ 9.999999999705947, 62.500000000216929, 0.0 ], [ 10.754192758779093, 63.201956554580192, 0.0 ], [ 12.257174208008911, 64.936760335329311, 0.0 ], [ 17.020555770584664, 67.985492624900729, 0.0 ], [ 19.294400000343714, 69.183399999870261, 0.0 ], [ 20.31690000001921, 69.229899999497789, 0.0 ], [ 18.499656000262942, 67.610133999303159, 0.0 ] ] ] } },
{ "type": "Feature", "properties": { "FID_gras38": -1, "FID_gras24": -1, "FID_gras_1": -1, "FID_eshm20": 340, "ZONE_ID": "SEAS411", "areakm2": 276516.31585900002, "tctCluster": "Craton", "CSZ_ID": "SZ15", "TECTO_ID": "TSZ096", "magScaleRe": "WC1994", "SS": 20.0, "NF": 25.0, "TF": 55.0, "MINDEPTH": 0.0, "MAXDEPTH": 40.0, "HYPODEPTH1": 8.0, "HYPODEPTH2": 10.0, "HYPODEPTH3": 15.0, "WHDEPTH1": 0.1, "WHDEPTH2": 0.4, "WHDEPTH3": 0.5, "WMAXMAG01": 0.5, "WMAXMAG02": 0.4, "WMAXMAG03": 0.1, "MAXMAG01": 6.3, "MAXMAG02": 6.6, "MAXMAG03": 6.9, "STRIKE1": 0.0, "STRIKE2": 0.0, "STRIKE3": 0.0, "STRIKE4": 0.0, "DIP1": 89.99, "DIP2": 0.0, "DIP3": 0.0, "DIP4": 0.0, "aspRatio": 1.0, "mfd_bin": 0.2, "a_val": 1.68, "a_hi": 1.6858945141199999, "a_mid": 1.68004569761, "a_lo": 1.6741968811000001, "sigma_a": 0.01, "b_val": 0.91, "b_hi": 0.94186393639599997, "b_mid": 0.91, "b_lo": 0.87813606360399998, "sigma_b": 0.01, "cum_cov_ab": 0.054321, "MCORNERP1": 6.0, "MCORNERP2": 6.2, "MCORNERP3": 6.4, "MAXMAGP1": 5.8, "MAXMAGP2": 5.8, "utsu_bval2": 0.0, "utsu_aval": 0.0, "utsu_Minfl": 0.0, "FID_gras26": -1, "Shape_Leng": 3885633.63766, "Shape_Area": 649643280554.0 }, "geometry": { "type": "Polygon", "coordinates": [ [ [ 21.557800000689614, 65.976699999681131, 0.0 ], [ 21.189999999914953, 65.441299999326134, 0.0 ], [ 20.390600000275555, 65.465500000256483, 0.0 ], [ 19.886300000338874, 65.17890000005886, 0.0 ], [ 19.703735713930666, 64.442614999318195, 0.0 ], [ 16.000000000068464, 61.849999999731324, 0.0 ], [ 14.027733541288871, 61.350804284033735, 0.0 ], [ 14.024200000152465, 62.790899999898706, 0.0 ], [ 14.958699999736428, 63.602600000103067, 0.0 ], [ 15.795400000214936, 66.09080000019928, 0.0 ], [ 18.499656000262942, 67.610133999303159, 0.0 ], [ 20.499999999442075, 66.999999999921528, 0.0 ], [ 21.272900000033875, 66.457099999535387, 0.0 ], [ 21.557800000689614, 65.976699999681131, 0.0 ] ] ] } },
{ "type": "Feature", "properties": { "FID_gras38": -1, "FID_gras24": -1, "FID_gras_1": -1, "FID_eshm20": 341, "ZONE_ID": "SEAS413", "areakm2": 99989.051350599999, "tctCluster": "Craton", "CSZ_ID": "SZ15", "TECTO_ID": "TSZ096", "magScaleRe": "WC1994", "SS": 50.0, "NF": 40.0, "TF": 10.0, "MINDEPTH": 0.0, "MAXDEPTH": 40.0, "HYPODEPTH1": 8.0, "HYPODEPTH2": 10.0, "HYPODEPTH3": 15.0, "WHDEPTH1": 0.1, "WHDEPTH2": 0.4, "WHDEPTH3": 0.5, "WMAXMAG01": 0.5, "WMAXMAG02": 0.4, "WMAXMAG03": 0.1, "MAXMAG01": 6.3, "MAXMAG02": 6.6, "MAXMAG03": 6.9, "STRIKE1": 0.0, "STRIKE2": 0.0, "STRIKE3": 0.0, "STRIKE4": 0.0, "DIP1": 89.99, "DIP2": 0.0, "DIP3": 0.0, "DIP4": 0.0, "aspRatio": 1.0, "mfd_bin": 0.2, "a_val": 1.67, "a_hi": 1.6754846940400001, "a_mid": 1.66966300603, "a_lo": 1.66384131802, "sigma_a": 0.01, "b_val": 0.91, "b_hi": 0.94186393639599997, "b_mid": 0.91, "b_lo": 0.87813606360399998, "sigma_b": 0.01, "cum_cov_ab": 0.054321, "MCORNERP1": 6.0, "MCORNERP2": 6.2, "MCORNERP3": 6.4, "MAXMAGP1": 5.8, "MAXMAGP2": 5.8, "utsu_bval2": 0.0, "utsu_aval": 0.0, "utsu_Minfl": 0.0, "FID_gras26": -1, "Shape_Leng": 1845546.8760200001, "Shape_Area": 202021062385.0 }, "geometry": { "type": "Polygon", "coordinates": [ [ [ 17.60213400040454, 60.501001999801964, 0.0 ], [ 15.198065000511374, 58.801605999648785, 0.0 ], [ 12.399999999671294, 60.99999999954882, 0.0 ], [ 14.027733541288871, 61.350804284033735, 0.0 ], [ 16.000000000068464, 61.849999999731324, 0.0 ], [ 17.60213400040454, 60.501001999801964, 0.0 ] ] ] } },
{ "type": "Feature", "properties": { "FID_gras38": -1, "FID_gras24": -1, "FID_gras_1": -1, "FID_eshm20": 342, "ZONE_ID": "SEAS414", "areakm2": 406501.90043600003, "tctCluster": "Craton", "CSZ_ID": "SZ15", "TECTO_ID": "TSZ026", "magScaleRe": "WC1994", "SS": 50.0, "NF": 40.0, "TF": 10.0, "MINDEPTH": 0.0, "MAXDEPTH": 34.0, "HYPODEPTH1": 8.0, "HYPODEPTH2": 10.0, "HYPODEPTH3": 15.0, "WHDEPTH1": 0.1, "WHDEPTH2": 0.4, "WHDEPTH3": 0.5, "WMAXMAG01": 0.5, "WMAXMAG02": 0.4, "WMAXMAG03": 0.1, "MAXMAG01": 6.3, "MAXMAG02": 6.6, "MAXMAG03": 6.9, "STRIKE1": 0.0, "STRIKE2": 0.0, "STRIKE3": 0.0, "STRIKE4": 0.0, "DIP1": 89.99, "DIP2": 0.0, "DIP3": 0.0, "DIP4": 0.0, "aspRatio": 1.0, "mfd_bin": 0.2, "a_val": 2.51, "a_hi": 2.5128475396000001, "a_mid": 2.51006137681, "a_lo": 2.5072752140299999, "sigma_a": 0.01, "b_val": 1.0, "b_hi": 1.0318639364, "b_mid": 1.0, "b_lo": 0.96813606360399995, "sigma_b": 0.01, "cum_cov_ab": 0.113632337461, "MCORNERP1": 6.0, "MCORNERP2": 6.2, "MCORNERP3": 6.4, "MAXMAGP1": 6.0, "MAXMAGP2": 6.0, "utsu_bval2": 0.0, "utsu_aval": 0.0, "utsu_Minfl": 0.0, "FID_gras26": -1, "Shape_Leng": 3631928.04054, "Shape_Area": 751841456031.0 }, "geometry": { "type": "Polygon", "coordinates": [ [ [ 22.323135999739531, 59.592357999878907, 0.0 ], [ 19.656411000509348, 54.633632000337968, 0.0 ], [ 17.642200000241726, 54.755736999363471, 0.0 ], [ 15.788469000131297, 54.288083000184777, 0.0 ], [ 14.973000000469952, 54.512999999652564, 0.0 ], [ 14.918000000412723, 54.790999999433687, 0.0 ], [ 14.791701999947481, 55.616040999934611, 0.0 ], [ 14.740000000064217, 55.999999999589193, 0.0 ], [ 13.649999999746816, 56.600000000276594, 0.0 ], [ 15.198065000511374, 58.801605999648785, 0.0 ], [ 17.60213400040454, 60.501001999801964, 0.0 ], [ 19.264593999827934, 59.805796000148341, 0.0 ], [ 19.999999999411859, 59.499999999605407, 0.0 ], [ 22.323135999739531, 59.592357999878907, 0.0 ] ] ] } },
{ "type": "Feature", "properties": { "FID_gras38": -1, "FID_gras24": -1, "FID_gras_1": -1, "FID_eshm20": 343, "ZONE_ID": "SEAS415", "areakm2": 115475.082247, "tctCluster": "Craton", "CSZ_ID": "SZ15", "TECTO_ID": "TSZ096", "magScaleRe": "WC1994", "SS": 50.0, "NF": 40.0, "TF": 10.0, "MINDEPTH": 0.0, "MAXDEPTH": 40.0, "HYPODEPTH1": 8.0, "HYPODEPTH2": 10.0, "HYPODEPTH3": 15.0, "WHDEPTH1": 0.1, "WHDEPTH2": 0.4, "WHDEPTH3": 0.5, "WMAXMAG01": 0.5, "WMAXMAG02": 0.4, "WMAXMAG03": 0.1, "MAXMAG01": 6.3, "MAXMAG02": 6.6, "MAXMAG03": 6.9, "STRIKE1": 0.0, "STRIKE2": 0.0, "STRIKE3": 0.0, "STRIKE4": 0.0, "DIP1": 89.99, "DIP2": 0.0, "DIP3": 0.0, "DIP4": 0.0, "aspRatio": 1.0, "mfd_bin": 0.2, "a_val": 1.69, "a_hi": 1.69583587516, "a_mid": 1.68997089663, "a_lo": 1.6841059181, "sigma_a": 0.01, "b_val": 0.91, "b_hi": 0.94186393639599997, "b_mid": 0.91, "b_lo": 0.87813606360399998, "sigma_b": 0.01, "cum_cov_ab": 0.054321, "MCORNERP1": 6.0, "MCORNERP2": 6.2, "MCORNERP3": 6.4, "MAXMAGP1": 5.8, "MAXMAGP2": 5.8, "utsu_bval2": 0.0, "utsu_aval": 0.0, "utsu_Minfl": 0.0, "FID_gras26": -1, "Shape_Leng": 2141022.40509, "Shape_Area": 223087131355.0 }, "geometry": { "type": "Polygon", "coordinates": [ [ [ 15.198065000511374, 58.801605999648785, 0.0 ], [ 13.649999999746816, 56.600000000276594, 0.0 ], [ 11.210000000066495, 57.929999999745782, 0.0 ], [ 12.399999999671294, 60.99999999954882, 0.0 ], [ 15.198065000511374, 58.801605999648785, 0.0 ] ] ] } },
{ "type": "Feature", "properties": { "FID_gras38": -1, "FID_gras24": -1, "FID_gras_1": -1, "FID_eshm20": 344, "ZONE_ID": "SEAS416", "areakm2": 204081.503421, "tctCluster": "Craton", "CSZ_ID": "SZ15", "TECTO_ID": "TSZ096", "magScaleRe": "WC1994", "SS": 50.0, "NF": 40.0, "TF": 10.0, "MINDEPTH": 0.0, "MAXDEPTH": 40.0, "HYPODEPTH1": 8.0, "HYPODEPTH2": 10.0, "HYPODEPTH3": 15.0, "WHDEPTH1": 0.1, "WHDEPTH2": 0.4, "WHDEPTH3": 0.5, "WMAXMAG01": 0.5, "WMAXMAG02": 0.4, "WMAXMAG03": 0.1, "MAXMAG01": 6.3, "MAXMAG02": 6.6, "MAXMAG03": 6.9, "STRIKE1": 0.0, "STRIKE2": 0.0, "STRIKE3": 0.0, "STRIKE4": 0.0, "DIP1": 89.99, "DIP2": 0.0, "DIP3": 0.0, "DIP4": 0.0, "aspRatio": 1.0, "mfd_bin": 0.2, "a_val": 2.305, "a_hi": 2.3104104643099999, "a_mid": 2.3054645119499999, "a_lo": 2.30051855959, "sigma_a": 0.01, "b_val": 0.91, "b_hi": 0.94186393639599997, "b_mid": 0.91, "b_lo": 0.87813606360399998, "sigma_b": 0.01, "cum_cov_ab": 0.0654150343035, "MCORNERP1": 6.0, "MCORNERP2": 6.2, "MCORNERP3": 6.4, "MAXMAGP1": 6.2, "MAXMAGP2": 6.2, "utsu_bval2": 0.0, "utsu_aval": 0.0, "utsu_Minfl": 0.0, "FID_gras26": -1, "Shape_Leng": 3719770.91812, "Shape_Area": 460619989545.0 }, "geometry": { "type": "Polygon", "coordinates": [ [ [ 25.592100000623983, 65.399999999752012, 0.0 ], [ 23.552199999448977, 64.723799999810041, 0.0 ], [ 22.853100000469276, 64.425400000238341, 0.0 ], [ 22.216399999463864, 63.973000000156006, 0.0 ], [ 21.64000000030147, 63.840000000245183, 0.0 ], [ 17.60213400040454, 60.501001999801964, 0.0 ], [ 16.000000000068464, 61.849999999731324, 0.0 ], [ 19.703735713930666, 64.442614999318195, 0.0 ], [ 19.886300000338874, 65.17890000005886, 0.0 ], [ 20.390600000275555, 65.465500000256483, 0.0 ], [ 21.189999999914953, 65.441299999326134, 0.0 ], [ 21.557800000689614, 65.976699999681131, 0.0 ], [ 24.565500000160235, 66.047600000152698, 0.0 ], [ 24.648500000736576, 65.863000000193125, 0.0 ], [ 25.592100000623983, 65.399999999752012, 0.0 ] ] ] } },
{ "type": "Feature", "properties": { "FID_gras38": -1, "FID_gras24": -1, "FID_gras_1": -1, "FID_eshm20": 345, "ZONE_ID": "SIAS420", "areakm2": 15759.70722, "tctCluster": "Shallow Default", "CSZ_ID": "SZ13", "TECTO_ID": "TSZ070", "magScaleRe": "WC1994", "SS": 30.0, "NF": 5.0, "TF": 65.0, "MINDEPTH": 0.0, "MAXDEPTH": 11.0, "HYPODEPTH1": 2.0, "HYPODEPTH2": 5.0, "HYPODEPTH3": 9.0, "WHDEPTH1": 0.1, "WHDEPTH2": 0.4, "WHDEPTH3": 0.5, "WMAXMAG01": 0.5, "WMAXMAG02": 0.4, "WMAXMAG03": 0.1, "MAXMAG01": 6.9, "MAXMAG02": 7.2, "MAXMAG03": 7.5, "STRIKE1": 0.0, "STRIKE2": 0.0, "STRIKE3": 256.3835, "STRIKE4": 317.56436, "DIP1": 46.598, "DIP2": 0.0, "DIP3": 46.598, "DIP4": 58.685871, "aspRatio": 1.0, "mfd_bin": 0.2, "a_val": 2.9963126528, "a_hi": 3.0355893408100001, "a_mid": 2.99647514237, "a_lo": 2.9573609439299999, "sigma_a": 0.098112514513199994, "b_val": 0.88649320995600001, "b_hi": 0.93474607922999997, "b_mid": 0.88649320995600001, "b_lo": 0.83824034068099995, "sigma_b": 0.022932290414200002, "cum_cov_ab": 0.054321, "MCORNERP1": 6.4, "MCORNERP2": 6.6, "MCORNERP3": 6.8, "MAXMAGP1": 6.6, "MAXMAGP2": 6.8, "utsu_bval2": 0.0, "utsu_aval": 0.0, "utsu_Minfl": 0.0, "FID_gras26": -1, "Shape_Leng": 698231.57150299998, "Shape_Area": 23134628638.799999 }, "geometry": { "type": "Polygon", "coordinates": [ [ [ 14.894103999981507, 45.276801999639588, 0.0 ], [ 15.117906570604697, 45.032604217433317, 0.0 ], [ 14.472861289780091, 44.740501404298136, 0.0 ], [ 14.040059000112139, 44.921091999922702, 0.0 ], [ 13.532186999466784, 45.364419999326415, 0.0 ], [ 13.427098999902327, 45.659987999580927, 0.0 ], [ 13.406897386654075, 46.435659919501894, 0.0 ], [ 14.894103999981507, 45.276801999639588, 0.0 ] ] ] } },
{ "type": "Feature", "properties": { "FID_gras38": -1, "FID_gras24": -1, "FID_gras_1": -1, "FID_eshm20": 346, "ZONE_ID": "SIAS421", "areakm2": 3702.61848547, "tctCluster": "Shallow Default", "CSZ_ID": "SZ13", "TECTO_ID": "TSZ055", "magScaleRe": "WC1994", "SS": 20.0, "NF": 60.0, "TF": 20.0, "MINDEPTH": 0.0, "MAXDEPTH": 15.0, "HYPODEPTH1": 2.0, "HYPODEPTH2": 8.0, "HYPODEPTH3": 12.0, "WHDEPTH1": 0.1, "WHDEPTH2": 0.4, "WHDEPTH3": 0.5, "WMAXMAG01": 0.5, "WMAXMAG02": 0.4, "WMAXMAG03": 0.1, "MAXMAG01": 6.9, "MAXMAG02": 7.2, "MAXMAG03": 7.5, "STRIKE1": 0.0, "STRIKE2": 0.0, "STRIKE3": 0.0, "STRIKE4": 312.81875, "DIP1": 89.99, "DIP2": 0.0, "DIP3": 0.0, "DIP4": 75.300875, "aspRatio": 1.0, "mfd_bin": 0.2, "a_val": 3.3606, "a_hi": 3.3963879890299999, "a_mid": 3.3608001246099999, "a_lo": 3.3252122601799998, "sigma_a": 0.091941642495100007, "b_val": 0.9747, "b_hi": 1.0213993880500001, "b_mid": 0.9747, "b_lo": 0.92800061195399997, "sigma_b": 0.021479468270599999, "cum_cov_ab": 0.054321, "MCORNERP1": 6.0, "MCORNERP2": 6.2, "MCORNERP3": 6.4, "MAXMAGP1": 6.2, "MAXMAGP2": 6.4, "utsu_bval2": 0.0, "utsu_aval": 0.0, "utsu_Minfl": 0.0, "FID_gras26": -1, "Shape_Leng": 378883.27619300003, "Shape_Area": 5331533168.29 }, "geometry": { "type": "Polygon", "coordinates": [ [ [ 16.056195152915667, 46.195564212194995, 0.0 ], [ 15.024189000342236, 45.779120999478884, 0.0 ], [ 14.934800000903863, 45.9561999995436, 0.0 ], [ 14.617416999524437, 46.225184999987228, 0.0 ], [ 16.056195152915667, 46.195564212194995, 0.0 ] ] ] } },
{ "type": "Feature", "properties": { "FID_gras38": -1, "FID_gras24": -1, "FID_gras_1": -1, "FID_eshm20": 347, "ZONE_ID": "SIAS422", "areakm2": 4673.5767770100001, "tctCluster": "Shallow Default", "CSZ_ID": "SZ13", "TECTO_ID": "TSZ055", "magScaleRe": "WC1994", "SS": 20.0, "NF": 60.0, "TF": 20.0, "MINDEPTH": 5.0, "MAXDEPTH": 17.0, "HYPODEPTH1": 6.0, "HYPODEPTH2": 10.0, "HYPODEPTH3": 15.0, "WHDEPTH1": 0.1, "WHDEPTH2": 0.4, "WHDEPTH3": 0.5, "WMAXMAG01": 0.5, "WMAXMAG02": 0.4, "WMAXMAG03": 0.1, "MAXMAG01": 6.9, "MAXMAG02": 7.2, "MAXMAG03": 7.5, "STRIKE1": 88.7475, "STRIKE2": 100.671117, "STRIKE3": 0.0, "STRIKE4": 297.506379, "DIP1": 75.882, "DIP2": 75.790633, "DIP3": 0.0, "DIP4": 73.429484, "aspRatio": 1.0, "mfd_bin": 0.2, "a_val": 3.67, "a_hi": 3.72776154029, "a_mid": 3.6697384002, "a_lo": 3.61171526011, "sigma_a": 0.12486787792700001, "b_val": 1.1, "b_hi": 1.1542524516299999, "b_mid": 1.1, "b_lo": 1.0457475483700001, "sigma_b": 0.028989443861000001, "cum_cov_ab": 0.054321, "MCORNERP1": 6.0, "MCORNERP2": 6.2, "MCORNERP3": 6.4, "MAXMAGP1": 6.2, "MAXMAGP2": 6.4, "utsu_bval2": 0.0, "utsu_aval": 0.0, "utsu_Minfl": 0.0, "FID_gras26": -1, "Shape_Leng": 489026.73264599999, "Shape_Area": 6773793176.9300003 }, "geometry": { "type": "Polygon", "coordinates": [ [ [ 14.973948999600706, 46.53577200015792, 0.0 ], [ 15.139812000486049, 46.427707999366426, 0.0 ], [ 15.565272999835715, 46.269830999960895, 0.0 ], [ 16.056195152915667, 46.195564212194995, 0.0 ], [ 14.617416999524437, 46.225184999987228, 0.0 ], [ 14.505915999910162, 46.239472000467934, 0.0 ], [ 14.455682000813072, 46.245907999151626, 0.0 ], [ 14.449460000558979, 46.248620999413042, 0.0 ], [ 14.001301261738963, 46.452117014470851, 0.0 ], [ 14.155036531079892, 46.546951653813672, 0.0 ], [ 14.538340000184316, 46.575496999837981, 0.0 ], [ 14.973948999600706, 46.53577200015792, 0.0 ] ] ] } },
{ "type": "Feature", "properties": { "FID_gras38": -1, "FID_gras24": -1, "FID_gras_1": -1, "FID_eshm20": 348, "ZONE_ID": "SIAS423", "areakm2": 11920.9596602, "tctCluster": "Shallow Default", "CSZ_ID": "SZ13", "TECTO_ID": "TSZ070", "magScaleRe": "WC1994", "SS": 30.0, "NF": 5.0, "TF": 65.0, "MINDEPTH": 0.0, "MAXDEPTH": 12.0, "HYPODEPTH1": 2.0, "HYPODEPTH2": 8.0, "HYPODEPTH3": 10.0, "WHDEPTH1": 0.1, "WHDEPTH2": 0.4, "WHDEPTH3": 0.5, "WMAXMAG01": 0.5, "WMAXMAG02": 0.4, "WMAXMAG03": 0.1, "MAXMAG01": 6.9, "MAXMAG02": 7.2, "MAXMAG03": 7.5, "STRIKE1": 0.0, "STRIKE2": 0.0, "STRIKE3": 0.0, "STRIKE4": 318.023773, "DIP1": 89.99, "DIP2": 0.0, "DIP3": 0.0, "DIP4": 70.217564, "aspRatio": 1.0, "mfd_bin": 0.2, "a_val": 3.7792, "a_hi": 3.7967842891200001, "a_mid": 3.7793186247500001, "a_lo": 3.7618529603800002, "sigma_a": 0.057221153992300003, "b_val": 0.995, "b_hi": 1.0317843124599999, "b_mid": 0.995, "b_lo": 0.95821568753499997, "sigma_b": 0.013326816968, "cum_cov_ab": 0.054321, "MCORNERP1": 6.1, "MCORNERP2": 6.3, "MCORNERP3": 6.5, "MAXMAGP1": 6.4, "MAXMAGP2": 6.6, "utsu_bval2": 0.0, "utsu_aval": 0.0, "utsu_Minfl": 0.0, "FID_gras26": -1, "Shape_Leng": 681953.92765900004, "Shape_Area": 17068462594.700001 }, "geometry": { "type": "Polygon", "coordinates": [ [ [ 14.617416999524437, 46.225184999987228, 0.0 ], [ 14.934800000903863, 45.9561999995436, 0.0 ], [ 15.024189000342236, 45.779120999478884, 0.0 ], [ 15.507260999834795, 45.479045999223331, 0.0 ], [ 15.748152058614425, 45.335192408116455, 0.0 ], [ 14.894103999981507, 45.276801999639588, 0.0 ], [ 13.406897386654075, 46.435659919501894, 0.0 ], [ 14.001301261738963, 46.452117014470851, 0.0 ], [ 14.449460000558979, 46.248620999413042, 0.0 ], [ 14.455682000813072, 46.245907999151626, 0.0 ], [ 14.505915999910162, 46.239472000467934, 0.0 ], [ 14.617416999524437, 46.225184999987228, 0.0 ] ] ] } },
{ "type": "Feature", "properties": { "FID_gras38": -1, "FID_gras24": -1, "FID_gras_1": -1, "FID_eshm20": 349, "ZONE_ID": "SKAS425", "areakm2": 15472.5272671, "tctCluster": "Shallow Default", "CSZ_ID": "SZ12", "TECTO_ID": "TSZ001", "magScaleRe": "WC1994", "SS": 70.0, "NF": 0.0, "TF": 30.0, "MINDEPTH": 4.0, "MAXDEPTH": 15.0, "HYPODEPTH1": 6.0, "HYPODEPTH2": 8.0, "HYPODEPTH3": 10.0, "WHDEPTH1": 0.3, "WHDEPTH2": 0.6, "WHDEPTH3": 0.1, "WMAXMAG01": 0.5, "WMAXMAG02": 0.4, "WMAXMAG03": 0.1, "MAXMAG01": 6.3, "MAXMAG02": 6.6, "MAXMAG03": 6.9, "STRIKE1": 46.045455, "STRIKE2": 0.0, "STRIKE3": 240.189857, "STRIKE4": 345.617818, "DIP1": 65.66426, "DIP2": 0.0, "DIP3": 68.289673, "DIP4": 51.127727, "aspRatio": 1.0, "mfd_bin": 0.2, "a_val": 3.2, "a_hi": 3.3125376481700002, "a_mid": 3.1998755478200001, "a_lo": 3.0872134474699999, "sigma_a": 0.20553268243700001, "b_val": 1.0, "b_hi": 1.0669339716499999, "b_mid": 1.0, "b_lo": 0.93306602834800001, "sigma_b": 0.044125977363800001, "cum_cov_ab": 0.054321, "MCORNERP1": 6.0, "MCORNERP2": 6.2, "MCORNERP3": 6.4, "MAXMAGP1": 6.2, "MAXMAGP2": 6.4, "utsu_bval2": 0.0, "utsu_aval": 0.0, "utsu_Minfl": 0.0, "FID_gras26": -1, "Shape_Leng": 868647.03533900005, "Shape_Area": 23464072602.700001 }, "geometry": { "type": "Polygon", "coordinates": [ [ [ 19.083256000020807, 49.062251000141174, 0.0 ], [ 18.548621000562164, 48.816230999634541, 0.0 ], [ 17.987266999976168, 48.55791499970077, 0.0 ], [ 16.509797124503653, 47.766200076668227, 0.0 ], [ 16.644669007163284, 48.123411098470235, 0.0 ], [ 16.970000000342683, 48.649999999996211, 0.0 ], [ 19.116499999554296, 49.493000000081437, 0.0 ], [ 19.083256000020807, 49.062251000141174, 0.0 ] ] ] } },
{ "type": "Feature", "properties": { "FID_gras38": -1, "FID_gras24": -1, "FID_gras_1": -1, "FID_eshm20": 350, "ZONE_ID": "SKAS426", "areakm2": 7266.7304404400002, "tctCluster": "Shallow Default", "CSZ_ID": "SZ12", "TECTO_ID": "TSZ088", "magScaleRe": "WC1994", "SS": 70.0, "NF": 0.0, "TF": 30.0, "MINDEPTH": 4.0, "MAXDEPTH": 15.0, "HYPODEPTH1": 6.0, "HYPODEPTH2": 8.0, "HYPODEPTH3": 10.0, "WHDEPTH1": 0.3, "WHDEPTH2": 0.6, "WHDEPTH3": 0.1, "WMAXMAG01": 0.5, "WMAXMAG02": 0.4, "WMAXMAG03": 0.1, "MAXMAG01": 6.9, "MAXMAG02": 7.2, "MAXMAG03": 7.5, "STRIKE1": 46.045455, "STRIKE2": 0.0, "STRIKE3": 240.189857, "STRIKE4": 345.617818, "DIP1": 65.66426, "DIP2": 0.0, "DIP3": 68.289673, "DIP4": 51.127727, "aspRatio": 1.0, "mfd_bin": 0.2, "a_val": 3.68, "a_hi": 3.7171515569800002, "a_mid": 3.6799643301199998, "a_lo": 3.6427771032699998, "sigma_a": 0.081124002272400006, "b_val": 1.0598, "b_hi": 1.1023985217800001, "b_mid": 1.0598, "b_lo": 1.0172014782200001, "sigma_b": 0.0178727016043, "cum_cov_ab": 0.054321, "MCORNERP1": 6.0, "MCORNERP2": 6.2, "MCORNERP3": 6.4, "MAXMAGP1": 6.2, "MAXMAGP2": 6.4, "utsu_bval2": 0.0, "utsu_aval": 0.0, "utsu_Minfl": 0.0, "FID_gras26": -1, "Shape_Leng": 584848.18854400003, "Shape_Area": 10780514918.799999 }, "geometry": { "type": "Polygon", "coordinates": [ [ [ 16.509797124503653, 47.766200076668227, 0.0 ], [ 16.059111955693751, 47.581813681994845, 0.0 ], [ 15.502274445404455, 47.434260354363786, 0.0 ], [ 15.129370999618041, 47.260903999911982, 0.0 ], [ 14.849501999337964, 47.095600999785781, 0.0 ], [ 14.655673999890249, 47.286246999711793, 0.0 ], [ 14.831687310410917, 47.446419269780193, 0.0 ], [ 15.500201603547584, 47.729811198070649, 0.0 ], [ 16.217158961430361, 47.988981594347585, 0.0 ], [ 16.324944780557757, 48.028947122913195, 0.0 ], [ 16.450896749077263, 48.005936667150436, 0.0 ], [ 16.644669007163284, 48.123411098470235, 0.0 ], [ 16.509797124503653, 47.766200076668227, 0.0 ] ] ] } },
{ "type": "Feature", "properties": { "FID_gras38": -1, "FID_gras24": -1, "FID_gras_1": -1, "FID_eshm20": 351, "ZONE_ID": "SKAS427", "areakm2": 62233.482091999998, "tctCluster": "Shallow Default", "CSZ_ID": "SZ12", "TECTO_ID": "TSZ001", "magScaleRe": "WC1994", "SS": 30.0, "NF": 30.0, "TF": 40.0, "MINDEPTH": 5.0, "MAXDEPTH": 26.0, "HYPODEPTH1": 6.0, "HYPODEPTH2": 10.0, "HYPODEPTH3": 18.0, "WHDEPTH1": 0.1, "WHDEPTH2": 0.4, "WHDEPTH3": 0.5, "WMAXMAG01": 0.5, "WMAXMAG02": 0.4, "WMAXMAG03": 0.1, "MAXMAG01": 6.3, "MAXMAG02": 6.6, "MAXMAG03": 6.9, "STRIKE1": 0.0, "STRIKE2": 0.0, "STRIKE3": 0.0, "STRIKE4": 0.0, "DIP1": 89.99, "DIP2": 0.0, "DIP3": 0.0, "DIP4": 0.0, "aspRatio": 1.0, "mfd_bin": 0.2, "a_val": 3.011, "a_hi": 3.05690786072, "a_mid": 3.01105132551, "a_lo": 2.96519479029, "sigma_a": 0.077411248138999994, "b_val": 0.9, "b_hi": 0.93186393639599996, "b_mid": 0.9, "b_lo": 0.86813606360399997, "sigma_b": 0.01, "cum_cov_ab": 0.054321, "MCORNERP1": 6.0, "MCORNERP2": 6.2, "MCORNERP3": 6.4, "MAXMAGP1": 6.4, "MAXMAGP2": 6.4, "utsu_bval2": 0.0, "utsu_aval": 0.0, "utsu_Minfl": 0.0, "FID_gras26": -1, "Shape_Leng": 1498874.8919800001, "Shape_Area": 94340965679.800003 }, "geometry": { "type": "Polygon", "coordinates": [ [ [ 22.885742187152918, 49.037876128895171, 0.0 ], [ 24.426278000584432, 48.044477999835316, 0.0 ], [ 24.43715800004696, 47.728965000428026, 0.0 ], [ 23.391264645070947, 47.484844046137972, 0.0 ], [ 22.462483000785436, 47.995518999261741, 0.0 ], [ 21.459895000205567, 48.379963000104382, 0.0 ], [ 20.33829400014471, 48.79906399968317, 0.0 ], [ 20.089210000546728, 48.855276999691199, 0.0 ], [ 19.083256000020807, 49.062251000141174, 0.0 ], [ 19.116499999554296, 49.493000000081437, 0.0 ], [ 19.992139999390609, 49.757003999377737, 0.0 ], [ 20.721689041712555, 49.498750986129103, 0.0 ], [ 21.829999999845839, 49.409999999950976, 0.0 ], [ 22.885742187152918, 49.037876128895171, 0.0 ] ] ] } },
{ "type": "Feature", "properties": { "FID_gras38": -1, "FID_gras24": -1, "FID_gras_1": -1, "FID_eshm20": 352, "ZONE_ID": "TRAS428", "areakm2": 30795.423878400001, "tctCluster": "Shallow Default", "CSZ_ID": "SZ41", "TECTO_ID": "TSZ003", "magScaleRe": "WC1994", "SS": 25.0, "NF": 50.0, "TF": 25.0, "MINDEPTH": 0.0, "MAXDEPTH": 20.0, "HYPODEPTH1": 2.0, "HYPODEPTH2": 10.0, "HYPODEPTH3": 18.0, "WHDEPTH1": 0.1, "WHDEPTH2": 0.4, "WHDEPTH3": 0.5, "WMAXMAG01": 0.5, "WMAXMAG02": 0.4, "WMAXMAG03": 0.1, "MAXMAG01": 7.6, "MAXMAG02": 7.9, "MAXMAG03": 8.2, "STRIKE1": 65.3675, "STRIKE2": 104.610411, "STRIKE3": 253.542529, "STRIKE4": 288.026209, "DIP1": 57.402604, "DIP2": 56.564422, "DIP3": 54.182569, "DIP4": 41.811018, "aspRatio": 1.0, "mfd_bin": 0.2, "a_val": 3.8, "a_hi": 3.87835554776, "a_mid": 3.7999363742800001, "a_lo": 3.7215172008000001, "sigma_a": 0.115221986786, "b_val": 1.0, "b_hi": 1.0489450229599999, "b_mid": 1.0, "b_lo": 0.95105497704399999, "sigma_b": 0.023594904292, "cum_cov_ab": 0.054321, "MCORNERP1": 7.2, "MCORNERP2": 7.4, "MCORNERP3": 7.6, "MAXMAGP1": 7.2, "MAXMAGP2": 7.4, "utsu_bval2": 0.0, "utsu_aval": 0.0, "utsu_Minfl": 0.0, "FID_gras26": -1, "Shape_Leng": 1039228.16186, "Shape_Area": 37868636252.400002 }, "geometry": { "type": "Polygon", "coordinates": [ [ [ 30.600834492011817, 41.599063709937504, 0.0 ], [ 30.696986633238165, 41.244037957365535, 0.0 ], [ 31.39861106615124, 41.317165376197508, 0.0 ], [ 31.886314000409342, 40.8778569993422, 0.0 ], [ 31.263511000629652, 40.851068999634677, 0.0 ], [ 29.850674000754481, 40.850857999922532, 0.0 ], [ 29.011180999717098, 41.014219999919867, 0.0 ], [ 28.310535000133417, 41.035392999714531, 0.0 ], [ 28.160325980303686, 41.479282575221823, 0.0 ], [ 28.268093839413648, 42.00141205908826, 0.0 ], [ 28.627947427626601, 41.90929814629574, 0.0 ], [ 29.037052611952081, 41.684779549803871, 0.0 ], [ 29.673957931898823, 41.601717176723234, 0.0 ], [ 30.600834492011817, 41.599063709937504, 0.0 ] ] ] } },
{ "type": "Feature", "properties": { "FID_gras38": -1, "FID_gras24": -1, "FID_gras_1": -1, "FID_eshm20": 353, "ZONE_ID": "TRAS429", "areakm2": 49306.643723300003, "tctCluster": "Shallow Default", "CSZ_ID": "SZ46", "TECTO_ID": "TSZ002", "magScaleRe": "WC1994", "SS": 25.0, "NF": 50.0, "TF": 25.0, "MINDEPTH": 0.0, "MAXDEPTH": 20.0, "HYPODEPTH1": 2.0, "HYPODEPTH2": 10.0, "HYPODEPTH3": 18.0, "WHDEPTH1": 0.1, "WHDEPTH2": 0.4, "WHDEPTH3": 0.5, "WMAXMAG01": 0.5, "WMAXMAG02": 0.4, "WMAXMAG03": 0.1, "MAXMAG01": 7.9, "MAXMAG02": 8.2, "MAXMAG03": 8.5, "STRIKE1": 65.3675, "STRIKE2": 104.610411, "STRIKE3": 253.542529, "STRIKE4": 288.026209, "DIP1": 57.402604, "DIP2": 56.564422, "DIP3": 54.182569, "DIP4": 41.811018, "aspRatio": 1.0, "mfd_bin": 0.2, "a_val": 4.45, "a_hi": 4.4853393225199998, "a_mid": 4.4499740781400003, "a_lo": 4.41460883376, "sigma_a": 0.072593537250499995, "b_val": 0.88, "b_hi": 0.91637435564199998, "b_mid": 0.88, "b_lo": 0.84362564435800003, "sigma_b": 0.0130314206646, "cum_cov_ab": 0.054321, "MCORNERP1": 8.2, "MCORNERP2": 8.4, "MCORNERP3": 8.6, "MAXMAGP1": 8.4, "MAXMAGP2": 8.6, "utsu_bval2": 0.0, "utsu_aval": 0.0, "utsu_Minfl": 0.0, "FID_gras26": -1, "Shape_Leng": 2346732.7707400001, "Shape_Area": 70655148103.899994 }, "geometry": { "type": "Polygon", "coordinates": [ [ [ 39.34606400000402, 39.999266999225711, 0.0 ], [ 39.954879999942946, 39.764096999394546, 0.0 ], [ 40.535969999897468, 39.64706599939943, 0.0 ], [ 40.731786999639958, 39.602986999774487, 0.0 ], [ 41.509290000086935, 39.427965999250958, 0.0 ], [ 41.342594999348364, 39.004401000171939, 0.0 ], [ 40.413176000368814, 39.3095880002341, 0.0 ], [ 39.311163000436792, 39.623591999410209, 0.0 ], [ 37.968752000035153, 40.074670999760635, 0.0 ], [ 36.824072000225975, 40.440405000077732, 0.0 ], [ 36.25816852590102, 40.345335708864539, 0.0 ], [ 35.530833000711112, 40.586202999891235, 0.0 ], [ 34.254106999835521, 40.777486999497384, 0.0 ], [ 33.34552800006427, 40.758435999607329, 0.0 ], [ 33.207543000397628, 40.799914999657389, 0.0 ], [ 32.98347099986789, 40.781994999966557, 0.0 ], [ 32.782986999797821, 40.686417999679399, 0.0 ], [ 32.56867999991848, 40.691425999465373, 0.0 ], [ 31.901701000365932, 40.615614999128155, 0.0 ], [ 31.886314000409342, 40.8778569993422, 0.0 ], [ 32.930818000305706, 41.129911999489174, 0.0 ], [ 33.342501999876873, 41.273459000141926, 0.0 ], [ 34.006635000065444, 41.310865999427278, 0.0 ], [ 35.309989999860022, 41.26400699980671, 0.0 ], [ 36.238820000457252, 41.043176999532569, 0.0 ], [ 37.181901000485908, 40.709504999637268, 0.0 ], [ 38.690000000074065, 40.243801999846305, 0.0 ], [ 39.34606400000402, 39.999266999225711, 0.0 ] ] ] } },
{ "type": "Feature", "properties": { "FID_gras38": -1, "FID_gras24": -1, "FID_gras_1": -1, "FID_eshm20": 354, "ZONE_ID": "TRAS430", "areakm2": 31324.1758983, "tctCluster": "Shallow Default", "CSZ_ID": "SZ41", "TECTO_ID": "TSZ092", "magScaleRe": "WC1994", "SS": 50.0, "NF": 35.0, "TF": 15.0, "MINDEPTH": 0.0, "MAXDEPTH": 20.0, "HYPODEPTH1": 2.0, "HYPODEPTH2": 10.0, "HYPODEPTH3": 18.0, "WHDEPTH1": 0.1, "WHDEPTH2": 0.4, "WHDEPTH3": 0.5, "WMAXMAG01": 0.5, "WMAXMAG02": 0.4, "WMAXMAG03": 0.1, "MAXMAG01": 7.9, "MAXMAG02": 8.2, "MAXMAG03": 8.5, "STRIKE1": 71.869126, "STRIKE2": 113.238061, "STRIKE3": 258.789418, "STRIKE4": 282.887611, "DIP1": 62.746749, "DIP2": 61.219439, "DIP3": 75.938068, "DIP4": 78.398556, "aspRatio": 1.0, "mfd_bin": 0.2, "a_val": 4.2, "a_hi": 4.2238831709699998, "a_mid": 4.2000257790899997, "a_lo": 4.1761683872099997, "sigma_a": 0.0567265077198, "b_val": 0.87039537378999998, "b_hi": 0.90332241818000003, "b_mid": 0.87039537378999998, "b_lo": 0.83746832939899996, "sigma_b": 0.0106784113184, "cum_cov_ab": 0.054321, "MCORNERP1": 7.2, "MCORNERP2": 7.4, "MCORNERP3": 7.6, "MAXMAGP1": 7.6, "MAXMAGP2": 7.8, "utsu_bval2": 0.0, "utsu_aval": 0.0, "utsu_Minfl": 0.0, "FID_gras26": -1, "Shape_Leng": 1724547.8213500001, "Shape_Area": 45163188524.900002 }, "geometry": { "type": "Polygon", "coordinates": [ [ [ 31.886314000409342, 40.8778569993422, 0.0 ], [ 31.901701000365932, 40.615614999128155, 0.0 ], [ 31.305455000433533, 40.419011000084033, 0.0 ], [ 30.623214000597876, 40.557442999429632, 0.0 ], [ 29.911959164308371, 40.565884663708054, 0.0 ], [ 28.976300000241359, 40.576800000279839, 0.0 ], [ 28.714510000194373, 40.508302999530912, 0.0 ], [ 28.186330069788585, 40.659500593118231, 0.0 ], [ 27.06675285728187, 40.513532248109179, 0.0 ], [ 26.228894552906329, 40.242031124936368, 0.0 ], [ 25.169463789617875, 39.967988997822665, 0.0 ], [ 24.655166519732614, 40.337830419113459, 0.0 ], [ 25.384526763131287, 40.622890130085437, 0.0 ], [ 26.026078999770835, 40.602773999833303, 0.0 ], [ 27.202434000739935, 40.90238000026023, 0.0 ], [ 28.310535000133417, 41.035392999714531, 0.0 ], [ 29.011180999717098, 41.014219999919867, 0.0 ], [ 29.850674000754481, 40.850857999922532, 0.0 ], [ 31.263511000629652, 40.851068999634677, 0.0 ], [ 31.886314000409342, 40.8778569993422, 0.0 ] ] ] } },
{ "type": "Feature", "properties": { "FID_gras38": -1, "FID_gras24": -1, "FID_gras_1": -1, "FID_eshm20": 355, "ZONE_ID": "TRAS433", "areakm2": 45935.924872299998, "tctCluster": "Shallow Default", "CSZ_ID": "SZ43", "TECTO_ID": "TSZ084", "magScaleRe": "WC1994", "SS": 50.0, "NF": 15.0, "TF": 35.0, "MINDEPTH": 0.0, "MAXDEPTH": 20.0, "HYPODEPTH1": 2.0, "HYPODEPTH2": 10.0, "HYPODEPTH3": 18.0, "WHDEPTH1": 0.1, "WHDEPTH2": 0.4, "WHDEPTH3": 0.5, "WMAXMAG01": 0.5, "WMAXMAG02": 0.4, "WMAXMAG03": 0.1, "MAXMAG01": 7.0, "MAXMAG02": 7.3, "MAXMAG03": 7.6, "STRIKE1": 0.0, "STRIKE2": 0.0, "STRIKE3": 0.0, "STRIKE4": 0.0, "DIP1": 89.99, "DIP2": 0.0, "DIP3": 0.0, "DIP4": 0.0, "aspRatio": 1.0, "mfd_bin": 0.2, "a_val": 4.15, "a_hi": 4.2038934129200003, "a_mid": 4.1499467391399998, "a_lo": 4.0960000653500002, "sigma_a": 0.104430265928, "b_val": 0.99263996349799999, "b_hi": 1.03886745851, "b_mid": 0.99263996349799999, "b_lo": 0.94641246848299998, "sigma_b": 0.0210475654099, "cum_cov_ab": 0.054321, "MCORNERP1": 6.2, "MCORNERP2": 6.4, "MCORNERP3": 6.6, "MAXMAGP1": 6.6, "MAXMAGP2": 6.8, "utsu_bval2": 0.0, "utsu_aval": 0.0, "utsu_Minfl": 0.0, "FID_gras26": -1, "Shape_Leng": 1612320.44671, "Shape_Area": 59157315758.599998 }, "geometry": { "type": "Polygon", "coordinates": [ [ [ 39.311163000436792, 39.623591999410209, 0.0 ], [ 38.606053999841684, 39.229180000098893, 0.0 ], [ 38.419889999698313, 39.398927999324684, 0.0 ], [ 38.157211095118143, 39.419636341641528, 0.0 ], [ 37.774409108724441, 39.332420255300008, 0.0 ], [ 36.005272758956842, 38.605497892807549, 0.0 ], [ 35.784271412070645, 38.40248876241499, 0.0 ], [ 35.144804999740423, 37.788493999823444, 0.0 ], [ 34.610784000575116, 36.705909999365097, 0.0 ], [ 34.456861000407756, 37.017677000086174, 0.0 ], [ 34.66347499977212, 37.678055999927885, 0.0 ], [ 34.927700000177673, 38.166624999274326, 0.0 ], [ 34.861038791550889, 38.760275673580018, 0.0 ], [ 35.890022999830421, 39.54744099959008, 0.0 ], [ 36.014519999423577, 39.500911999909974, 0.0 ], [ 37.968752000035153, 40.074670999760635, 0.0 ], [ 39.311163000436792, 39.623591999410209, 0.0 ] ] ] } },
{ "type": "Feature", "properties": { "FID_gras38": -1, "FID_gras24": -1, "FID_gras_1": -1, "FID_eshm20": 356, "ZONE_ID": "TRAS434", "areakm2": 11914.666242200001, "tctCluster": "Shallow Default", "CSZ_ID": "SZ42", "TECTO_ID": "TSZ087", "magScaleRe": "WC1994", "SS": 50.0, "NF": 15.0, "TF": 35.0, "MINDEPTH": 0.0, "MAXDEPTH": 20.0, "HYPODEPTH1": 2.0, "HYPODEPTH2": 10.0, "HYPODEPTH3": 18.0, "WHDEPTH1": 0.1, "WHDEPTH2": 0.4, "WHDEPTH3": 0.5, "WMAXMAG01": 0.5, "WMAXMAG02": 0.4, "WMAXMAG03": 0.1, "MAXMAG01": 7.7, "MAXMAG02": 8.0, "MAXMAG03": 8.3, "STRIKE1": 0.0, "STRIKE2": 0.0, "STRIKE3": 0.0, "STRIKE4": 0.0, "DIP1": 89.99, "DIP2": 0.0, "DIP3": 0.0, "DIP4": 0.0, "aspRatio": 1.0, "mfd_bin": 0.2, "a_val": 4.8022, "a_hi": 4.8332697718100004, "a_mid": 4.8020598367599998, "a_lo": 4.7708499017000001, "sigma_a": 0.067413576885099996, "b_val": 1.05, "b_hi": 1.08724174445, "b_mid": 1.05, "b_lo": 1.0127582555500001, "sigma_b": 0.013660329603199999, "cum_cov_ab": 0.054321, "MCORNERP1": 7.6, "MCORNERP2": 7.8, "MCORNERP3": 8.0, "MAXMAGP1": 7.8, "MAXMAGP2": 7.8, "utsu_bval2": 0.0, "utsu_aval": 0.0, "utsu_Minfl": 0.0, "FID_gras26": -1, "Shape_Leng": 1066937.89897, "Shape_Area": 44894913849.5 }, "geometry": { "type": "Polygon", "coordinates": [ [ [ 37.51168199964782, 38.346354999877164, 0.0 ], [ 36.763653999280479, 37.58773599913701, 0.0 ], [ 36.59479299959348, 37.440451999859278, 0.0 ], [ 36.376973000353395, 36.775082999452259, 0.0 ], [ 35.794713999363431, 36.109798999972803, 0.0 ], [ 35.172903000168851, 35.587612999239425, 0.0 ], [ 34.524467000456532, 36.265448999567859, 0.0 ], [ 34.726665000461772, 36.469328000080161, 0.0 ], [ 35.281047000057931, 37.018208999753796, 0.0 ], [ 35.395263999339839, 37.439357999943638, 0.0 ], [ 36.780333000296118, 38.357420999923548, 0.0 ], [ 37.51168199964782, 38.346354999877164, 0.0 ] ] ] } },
{ "type": "Feature", "properties": { "FID_gras38": -1, "FID_gras24": -1, "FID_gras_1": -1, "FID_eshm20": 357, "ZONE_ID": "TRAS435", "areakm2": 28937.369795300001, "tctCluster": "Shallow Default", "CSZ_ID": "SZ43", "TECTO_ID": "TSZ030", "magScaleRe": "WC1994", "SS": 75.0, "NF": 10.0, "TF": 15.0, "MINDEPTH": 0.0, "MAXDEPTH": 20.0, "HYPODEPTH1": 2.0, "HYPODEPTH2": 10.0, "HYPODEPTH3": 18.0, "WHDEPTH1": 0.1, "WHDEPTH2": 0.4, "WHDEPTH3": 0.5, "WMAXMAG01": 0.5, "WMAXMAG02": 0.4, "WMAXMAG03": 0.1, "MAXMAG01": 7.3, "MAXMAG02": 7.6, "MAXMAG03": 7.9, "STRIKE1": 84.103833, "STRIKE2": 96.131174, "STRIKE3": 244.54899, "STRIKE4": 0.0, "DIP1": 86.72575, "DIP2": 86.522087, "DIP3": 85.008563, "DIP4": 0.0, "aspRatio": 1.0, "mfd_bin": 0.2, "a_val": 4.15, "a_hi": 4.19225237687, "a_mid": 4.15013687179, "a_lo": 4.1080213667100001, "sigma_a": 0.088307376271099997, "b_val": 0.99, "b_hi": 1.0333908262, "b_mid": 0.99, "b_lo": 0.946609173804, "sigma_b": 0.018543725336, "cum_cov_ab": 0.054321, "MCORNERP1": 6.0, "MCORNERP2": 6.2, "MCORNERP3": 6.4, "MAXMAGP1": 6.4, "MAXMAGP2": 6.6, "utsu_bval2": 0.0, "utsu_aval": 0.0, "utsu_Minfl": 0.0, "FID_gras26": -1, "Shape_Leng": 1008166.89625, "Shape_Area": 37851869078.800003 }, "geometry": { "type": "Polygon", "coordinates": [ [ [ 33.34552800006427, 40.758435999607329, 0.0 ], [ 33.117486000239261, 40.376533999647279, 0.0 ], [ 32.972664000200297, 39.627205999907666, 0.0 ], [ 32.710144999333963, 39.384658999908439, 0.0 ], [ 31.798588999779092, 39.665767000121882, 0.0 ], [ 31.284540999808744, 39.815840999798503, 0.0 ], [ 31.007377000224004, 40.004938000313061, 0.0 ], [ 30.175906999414472, 40.147433999831343, 0.0 ], [ 29.664970999845242, 40.314595999872147, 0.0 ], [ 31.305455000433533, 40.419011000084033, 0.0 ], [ 31.901701000365932, 40.615614999128155, 0.0 ], [ 32.56867999991848, 40.691425999465373, 0.0 ], [ 32.782986999797821, 40.686417999679399, 0.0 ], [ 32.98347099986789, 40.781994999966557, 0.0 ], [ 33.207543000397628, 40.799914999657389, 0.0 ], [ 33.34552800006427, 40.758435999607329, 0.0 ] ] ] } },
{ "type": "Feature", "properties": { "FID_gras38": -1, "FID_gras24": -1, "FID_gras_1": -1, "FID_eshm20": 359, "ZONE_ID": "TRAS437", "areakm2": 27817.237183000001, "tctCluster": "Shallow Default", "CSZ_ID": "SZ42", "TECTO_ID": "TSZ087", "magScaleRe": "WC1994", "SS": 50.0, "NF": 15.0, "TF": 35.0, "MINDEPTH": 0.0, "MAXDEPTH": 20.0, "HYPODEPTH1": 2.0, "HYPODEPTH2": 10.0, "HYPODEPTH3": 18.0, "WHDEPTH1": 0.1, "WHDEPTH2": 0.4, "WHDEPTH3": 0.5, "WMAXMAG01": 0.5, "WMAXMAG02": 0.4, "WMAXMAG03": 0.1, "MAXMAG01": 7.4, "MAXMAG02": 7.7, "MAXMAG03": 8.0, "STRIKE1": 0.0, "STRIKE2": 0.0, "STRIKE3": 0.0, "STRIKE4": 0.0, "DIP1": 89.99, "DIP2": 0.0, "DIP3": 0.0, "DIP4": 0.0, "aspRatio": 1.0, "mfd_bin": 0.2, "a_val": 3.83872876097, "a_hi": 3.89287470332, "a_mid": 3.8388411915999998, "a_lo": 3.7848076798800001, "sigma_a": 0.093231250278600006, "b_val": 0.92665492541899996, "b_hi": 0.96921720747499995, "b_mid": 0.92665492541899996, "b_lo": 0.88409264336299997, "sigma_b": 0.0178423049513, "cum_cov_ab": 0.054321, "MCORNERP1": 7.0, "MCORNERP2": 7.2, "MCORNERP3": 7.4, "MAXMAGP1": 7.2, "MAXMAGP2": 7.4, "utsu_bval2": 0.0, "utsu_aval": 0.0, "utsu_Minfl": 0.0, "FID_gras26": -1, "Shape_Leng": 843791.54969300004, "Shape_Area": 20750962146.799999 }, "geometry": { "type": "Polygon", "coordinates": [ [ [ 44.064450999953706, 37.896591000088542, 0.0 ], [ 43.800263000256365, 37.911048999932035, 0.0 ], [ 42.13495099982454, 38.214511999985852, 0.0 ], [ 41.441042723299525, 38.409991540032266, 0.0 ], [ 40.588225999799612, 38.742383000085113, 0.0 ], [ 41.342594999348364, 39.004401000171939, 0.0 ], [ 42.41685100023215, 38.694908000048265, 0.0 ], [ 42.592620000436575, 38.656362000041128, 0.0 ], [ 44.064450999953706, 37.896591000088542, 0.0 ] ] ] } },
{ "type": "Feature", "properties": { "FID_gras38": -1, "FID_gras24": -1, "FID_gras_1": -1, "FID_eshm20": 360, "ZONE_ID": "TRAS438", "areakm2": 42964.341343100001, "tctCluster": "Shallow Default", "CSZ_ID": "SZ43", "TECTO_ID": "TSZ084", "magScaleRe": "WC1994", "SS": 50.0, "NF": 40.0, "TF": 10.0, "MINDEPTH": 0.0, "MAXDEPTH": 20.0, "HYPODEPTH1": 2.0, "HYPODEPTH2": 10.0, "HYPODEPTH3": 18.0, "WHDEPTH1": 0.1, "WHDEPTH2": 0.4, "WHDEPTH3": 0.5, "WMAXMAG01": 0.5, "WMAXMAG02": 0.4, "WMAXMAG03": 0.1, "MAXMAG01": 7.0, "MAXMAG02": 7.3, "MAXMAG03": 7.6, "STRIKE1": 0.0, "STRIKE2": 0.0, "STRIKE3": 0.0, "STRIKE4": 0.0, "DIP1": 89.99, "DIP2": 0.0, "DIP3": 0.0, "DIP4": 0.0, "aspRatio": 1.0, "mfd_bin": 0.2, "a_val": 3.85, "a_hi": 3.9550231393000002, "a_mid": 3.8501214613300001, "a_lo": 3.7452197833600001, "sigma_a": 0.149213831928, "b_val": 1.03, "b_hi": 1.0854395699699999, "b_mid": 1.03, "b_lo": 0.97456043003000004, "sigma_b": 0.030271981743700001, "cum_cov_ab": 0.054321, "MCORNERP1": 6.0, "MCORNERP2": 6.2, "MCORNERP3": 6.4, "MAXMAGP1": 6.4, "MAXMAGP2": 6.4, "utsu_bval2": 0.0, "utsu_aval": 0.0, "utsu_Minfl": 0.0, "FID_gras26": -1, "Shape_Leng": 1273418.88836, "Shape_Area": 37577894712.300003 }, "geometry": { "type": "Polygon", "coordinates": [ [ [ 38.419889999698313, 39.398927999324684, 0.0 ], [ 38.043859000079969, 39.16995699993354, 0.0 ], [ 37.836674000080009, 38.645737999349784, 0.0 ], [ 37.51168199964782, 38.346354999877164, 0.0 ], [ 36.780333000296118, 38.357420999923548, 0.0 ], [ 35.395263999339839, 37.439357999943638, 0.0 ], [ 35.281047000057931, 37.018208999753796, 0.0 ], [ 34.726665000461772, 36.469328000080161, 0.0 ], [ 34.610784000575116, 36.705909999365097, 0.0 ], [ 35.144804999740423, 37.788493999823444, 0.0 ], [ 35.784271412070645, 38.40248876241499, 0.0 ], [ 36.005272758956842, 38.605497892807549, 0.0 ], [ 37.774409108724441, 39.332420255300008, 0.0 ], [ 38.157211095118143, 39.419636341641528, 0.0 ], [ 38.419889999698313, 39.398927999324684, 0.0 ] ] ] } },
{ "type": "Feature", "properties": { "FID_gras38": -1, "FID_gras24": -1, "FID_gras_1": -1, "FID_eshm20": 361, "ZONE_ID": "TRAS439", "areakm2": 66603.071060100003, "tctCluster": "Shallow Default", "CSZ_ID": "SZ43", "TECTO_ID": "TSZ030", "magScaleRe": "WC1994", "SS": 20.0, "NF": 75.0, "TF": 5.0, "MINDEPTH": 0.0, "MAXDEPTH": 20.0, "HYPODEPTH1": 2.0, "HYPODEPTH2": 10.0, "HYPODEPTH3": 18.0, "WHDEPTH1": 0.1, "WHDEPTH2": 0.4, "WHDEPTH3": 0.5, "WMAXMAG01": 0.5, "WMAXMAG02": 0.4, "WMAXMAG03": 0.1, "MAXMAG01": 7.0, "MAXMAG02": 7.3, "MAXMAG03": 7.6, "STRIKE1": 0.0, "STRIKE2": 0.0, "STRIKE3": 0.0, "STRIKE4": 0.0, "DIP1": 89.99, "DIP2": 0.0, "DIP3": 0.0, "DIP4": 0.0, "aspRatio": 1.0, "mfd_bin": 0.2, "a_val": 3.95, "a_hi": 4.0229427074900004, "a_mid": 3.9501888856399998, "a_lo": 3.8774350637900001, "sigma_a": 0.118532217275, "b_val": 0.98, "b_hi": 1.02959534333, "b_mid": 0.98, "b_lo": 0.93040465666799999, "sigma_b": 0.024226068962, "cum_cov_ab": 0.054321, "MCORNERP1": 6.2, "MCORNERP2": 6.4, "MCORNERP3": 6.6, "MAXMAGP1": 6.6, "MAXMAGP2": 6.8, "utsu_bval2": 0.0, "utsu_aval": 0.0, "utsu_Minfl": 0.0, "FID_gras26": -1, "Shape_Leng": 1153277.3004900001, "Shape_Area": 83713164983.0 }, "geometry": { "type": "Polygon", "coordinates": [ [ [ 34.66347499977212, 37.678055999927885, 0.0 ], [ 34.456861000407756, 37.017677000086174, 0.0 ], [ 34.610784000575116, 36.705909999365097, 0.0 ], [ 34.726665000461772, 36.469328000080161, 0.0 ], [ 34.524467000456532, 36.265448999567859, 0.0 ], [ 33.554315999671282, 36.081687999616022, 0.0 ], [ 32.534083000124873, 36.152915000021437, 0.0 ], [ 32.355893000703873, 36.633820999641749, 0.0 ], [ 31.990693000144251, 37.032911000172668, 0.0 ], [ 31.526531000014785, 37.811339999649142, 0.0 ], [ 31.689100000025807, 37.9103999997212, 0.0 ], [ 32.076499999726558, 38.149099999995215, 0.0 ], [ 32.551844158444155, 38.716160145159307, 0.0 ], [ 33.052515584470555, 38.43371139704464, 0.0 ], [ 33.588036953416683, 38.275609431456992, 0.0 ], [ 33.979232119597143, 37.925285402393129, 0.0 ], [ 34.66347499977212, 37.678055999927885, 0.0 ] ] ] } },
{ "type": "Feature", "properties": { "FID_gras38": -1, "FID_gras24": -1, "FID_gras_1": -1, "FID_eshm20": 362, "ZONE_ID": "TRAS441", "areakm2": 21918.762696599999, "tctCluster": "Shallow Default", "CSZ_ID": "SZ42", "TECTO_ID": "TSZ087", "magScaleRe": "WC1994", "SS": 50.0, "NF": 15.0, "TF": 35.0, "MINDEPTH": 0.0, "MAXDEPTH": 20.0, "HYPODEPTH1": 2.0, "HYPODEPTH2": 10.0, "HYPODEPTH3": 18.0, "WHDEPTH1": 0.1, "WHDEPTH2": 0.4, "WHDEPTH3": 0.5, "WMAXMAG01": 0.5, "WMAXMAG02": 0.4, "WMAXMAG03": 0.1, "MAXMAG01": 7.7, "MAXMAG02": 8.0, "MAXMAG03": 8.3, "STRIKE1": 0.0, "STRIKE2": 0.0, "STRIKE3": 0.0, "STRIKE4": 0.0, "DIP1": 89.99, "DIP2": 0.0, "DIP3": 0.0, "DIP4": 0.0, "aspRatio": 1.0, "mfd_bin": 0.2, "a_val": 4.0719712764000002, "a_hi": 4.0830091564700002, "a_mid": 4.0721199136899999, "a_lo": 4.0612306709099997, "sigma_a": 0.036063978188000001, "b_val": 0.97839586779200005, "b_hi": 1.0049310970200001, "b_mid": 0.97839586779200005, "b_lo": 0.95186063856600001, "sigma_b": 0.0069350058905299997, "cum_cov_ab": 0.054321, "MCORNERP1": 7.0, "MCORNERP2": 7.2, "MCORNERP3": 7.4, "MAXMAGP1": 7.2, "MAXMAGP2": 7.4, "utsu_bval2": 0.0, "utsu_aval": 0.0, "utsu_Minfl": 0.0, "FID_gras26": -1, "Shape_Leng": 1062250.9373900001, "Shape_Area": 36971238015.099998 }, "geometry": { "type": "Polygon", "coordinates": [ [ [ 40.413176000368814, 39.3095880002341, 0.0 ], [ 40.028065000538476, 38.944307999229082, 0.0 ], [ 37.881582999971904, 38.067149999488926, 0.0 ], [ 37.493537000190777, 37.940470999571978, 0.0 ], [ 36.763653999280479, 37.58773599913701, 0.0 ], [ 37.51168199964782, 38.346354999877164, 0.0 ], [ 37.836674000080009, 38.645737999349784, 0.0 ], [ 38.043859000079969, 39.16995699993354, 0.0 ], [ 38.419889999698313, 39.398927999324684, 0.0 ], [ 38.606053999841684, 39.229180000098893, 0.0 ], [ 39.311163000436792, 39.623591999410209, 0.0 ], [ 40.413176000368814, 39.3095880002341, 0.0 ] ] ] } },
{ "type": "Feature", "properties": { "FID_gras38": -1, "FID_gras24": -1, "FID_gras_1": -1, "FID_eshm20": 363, "ZONE_ID": "TRAS446", "areakm2": 13348.4414032, "tctCluster": "Shallow Default", "CSZ_ID": "SZ45", "TECTO_ID": "TSZ085", "magScaleRe": "WC1994", "SS": 30.0, "NF": 50.0, "TF": 20.0, "MINDEPTH": 0.0, "MAXDEPTH": 34.0, "HYPODEPTH1": 2.0, "HYPODEPTH2": 10.0, "HYPODEPTH3": 18.0, "WHDEPTH1": 0.1, "WHDEPTH2": 0.4, "WHDEPTH3": 0.5, "WMAXMAG01": 0.5, "WMAXMAG02": 0.4, "WMAXMAG03": 0.1, "MAXMAG01": 7.7, "MAXMAG02": 8.0, "MAXMAG03": 8.3, "STRIKE1": 0.0, "STRIKE2": 0.0, "STRIKE3": 0.0, "STRIKE4": 0.0, "DIP1": 89.99, "DIP2": 0.0, "DIP3": 0.0, "DIP4": 0.0, "aspRatio": 1.0, "mfd_bin": 0.2, "a_val": 3.15, "a_hi": 3.1962682905499999, "a_mid": 3.1494628383099998, "a_lo": 3.1026573860700002, "sigma_a": 0.089801099279600005, "b_val": 0.81, "b_hi": 0.85441132296, "b_mid": 0.81, "b_lo": 0.76558867704, "sigma_b": 0.019426231861099999, "cum_cov_ab": 0.054321, "MCORNERP1": 6.3, "MCORNERP2": 6.5, "MCORNERP3": 6.7, "MAXMAGP1": 6.6, "MAXMAGP2": 6.8, "utsu_bval2": 0.0, "utsu_aval": 0.0, "utsu_Minfl": 0.0, "FID_gras26": -1, "Shape_Leng": 612419.91046699998, "Shape_Area": 17326164728.400002 }, "geometry": { "type": "Polygon", "coordinates": [ [ [ 42.833192999910089, 39.792991999712669, 0.0 ], [ 43.20047006261175, 39.461120041828927, 0.0 ], [ 42.988586000513394, 39.224237999311441, 0.0 ], [ 41.795900000479861, 39.36344899981097, 0.0 ], [ 41.509290000086935, 39.427965999250958, 0.0 ], [ 40.731786999639958, 39.602986999774487, 0.0 ], [ 41.503489999607254, 39.956766999920369, 0.0 ], [ 42.001982000464935, 39.909063999999056, 0.0 ], [ 42.292095000172921, 39.892318999163386, 0.0 ], [ 42.833192999910089, 39.792991999712669, 0.0 ] ] ] } },
{ "type": "Feature", "properties": { "FID_gras38": -1, "FID_gras24": -1, "FID_gras_1": -1, "FID_eshm20": 364, "ZONE_ID": "TRAS447", "areakm2": 28089.356829100001, "tctCluster": "Shallow Default", "CSZ_ID": "SZ45", "TECTO_ID": "TSZ005", "magScaleRe": "WC1994", "SS": 70.0, "NF": 25.0, "TF": 5.0, "MINDEPTH": 0.0, "MAXDEPTH": 20.0, "HYPODEPTH1": 2.0, "HYPODEPTH2": 10.0, "HYPODEPTH3": 18.0, "WHDEPTH1": 0.1, "WHDEPTH2": 0.4, "WHDEPTH3": 0.5, "WMAXMAG01": 0.5, "WMAXMAG02": 0.4, "WMAXMAG03": 0.1, "MAXMAG01": 7.7, "MAXMAG02": 8.0, "MAXMAG03": 8.3, "STRIKE1": 10.078, "STRIKE2": 122.748667, "STRIKE3": 219.5225, "STRIKE4": 323.487914, "DIP1": 85.0, "DIP2": 83.103183, "DIP3": 86.466667, "DIP4": 81.551729, "aspRatio": 1.0, "mfd_bin": 0.2, "a_val": 3.40482174476, "a_hi": 3.4261379433400001, "a_mid": 3.4049272998900002, "a_lo": 3.3837166564299999, "sigma_a": 0.051097981527900002, "b_val": 0.81941890744300006, "b_hi": 0.85248632431799998, "b_mid": 0.81941890744300006, "b_lo": 0.78635149056700004, "sigma_b": 0.0107696524419, "cum_cov_ab": 0.054321, "MCORNERP1": 7.4, "MCORNERP2": 7.6, "MCORNERP3": 7.8, "MAXMAGP1": 7.6, "MAXMAGP2": 7.8, "utsu_bval2": 0.0, "utsu_aval": 0.0, "utsu_Minfl": 0.0, "FID_gras26": -1, "Shape_Leng": 846980.00838799996, "Shape_Area": 36354440647.0 }, "geometry": { "type": "Polygon", "coordinates": [ [ [ 45.263598999542523, 38.47887999968146, 0.0 ], [ 44.686300000579756, 38.490500000177612, 0.0 ], [ 44.077102999976013, 38.673749999519458, 0.0 ], [ 42.988586000513394, 39.224237999311441, 0.0 ], [ 43.20047006261175, 39.461120041828927, 0.0 ], [ 42.833192999910089, 39.792991999712669, 0.0 ], [ 42.950485243226638, 40.218145979651034, 0.0 ], [ 43.662119999507681, 40.287265999628282, 0.0 ], [ 44.542384999838781, 39.535483999490502, 0.0 ], [ 45.263598999542523, 38.47887999968146, 0.0 ] ] ] } },
{ "type": "Feature", "properties": { "FID_gras38": -1, "FID_gras24": -1, "FID_gras_1": -1, "FID_eshm20": 365, "ZONE_ID": "TRAS449", "areakm2": 21622.584925800002, "tctCluster": "Shallow Default", "CSZ_ID": "SZ45", "TECTO_ID": "TSZ085", "magScaleRe": "WC1994", "SS": 50.0, "NF": 0.0, "TF": 50.0, "MINDEPTH": 0.0, "MAXDEPTH": 20.0, "HYPODEPTH1": 2.0, "HYPODEPTH2": 10.0, "HYPODEPTH3": 18.0, "WHDEPTH1": 0.1, "WHDEPTH2": 0.4, "WHDEPTH3": 0.5, "WMAXMAG01": 0.5, "WMAXMAG02": 0.4, "WMAXMAG03": 0.1, "MAXMAG01": 7.7, "MAXMAG02": 8.0, "MAXMAG03": 8.3, "STRIKE1": 48.694531, "STRIKE2": 0.0, "STRIKE3": 224.317704, "STRIKE4": 0.0, "DIP1": 85.008875, "DIP2": 0.0, "DIP3": 85.021346, "DIP4": 0.0, "aspRatio": 1.0, "mfd_bin": 0.2, "a_val": 3.35, "a_hi": 3.3748959471200002, "a_mid": 3.35010266376, "a_lo": 3.3253093803999998, "sigma_a": 0.052989876542599998, "b_val": 0.81, "b_hi": 0.84308627709399997, "b_mid": 0.81, "b_lo": 0.77691372290600003, "sigma_b": 0.0107819410292, "cum_cov_ab": 0.054321, "MCORNERP1": 6.9, "MCORNERP2": 7.1, "MCORNERP3": 7.3, "MAXMAGP1": 7.2, "MAXMAGP2": 7.4, "utsu_bval2": 0.0, "utsu_aval": 0.0, "utsu_Minfl": 0.0, "FID_gras26": -1, "Shape_Leng": 839596.17422199994, "Shape_Area": 28475961346.400002 }, "geometry": { "type": "Polygon", "coordinates": [ [ [ 43.803056000815232, 40.745224999784185, 0.0 ], [ 43.662119999507681, 40.287265999628282, 0.0 ], [ 42.950485243226638, 40.218145979651034, 0.0 ], [ 42.833192999910089, 39.792991999712669, 0.0 ], [ 42.292095000172921, 39.892318999163386, 0.0 ], [ 42.001982000464935, 39.909063999999056, 0.0 ], [ 41.503489999607254, 39.956766999920369, 0.0 ], [ 42.572684000153203, 41.519149999608942, 0.0 ], [ 42.623644909690007, 41.059050104094872, 0.0 ], [ 43.081314527444682, 40.869100911425576, 0.0 ], [ 43.076917000142736, 40.792895999586577, 0.0 ], [ 43.803056000815232, 40.745224999784185, 0.0 ] ] ] } },
{ "type": "Feature", "properties": { "FID_gras38": -1, "FID_gras24": -1, "FID_gras_1": -1, "FID_eshm20": 366, "ZONE_ID": "TRAS451", "areakm2": 32390.543875300002, "tctCluster": "Shallow Default", "CSZ_ID": "SZ45", "TECTO_ID": "TSZ085", "magScaleRe": "WC1994", "SS": 50.0, "NF": 0.0, "TF": 50.0, "MINDEPTH": 0.0, "MAXDEPTH": 20.0, "HYPODEPTH1": 2.0, "HYPODEPTH2": 10.0, "HYPODEPTH3": 18.0, "WHDEPTH1": 0.1, "WHDEPTH2": 0.4, "WHDEPTH3": 0.5, "WMAXMAG01": 0.5, "WMAXMAG02": 0.4, "WMAXMAG03": 0.1, "MAXMAG01": 7.9, "MAXMAG02": 8.2, "MAXMAG03": 8.5, "STRIKE1": 48.694531, "STRIKE2": 0.0, "STRIKE3": 224.317704, "STRIKE4": 0.0, "DIP1": 85.008875, "DIP2": 0.0, "DIP3": 85.021346, "DIP4": 0.0, "aspRatio": 1.0, "mfd_bin": 0.2, "a_val": 3.63, "a_hi": 3.659359979, "a_mid": 3.6300187567800002, "a_lo": 3.6006775345499999, "sigma_a": 0.061810438369199999, "b_val": 0.87, "b_hi": 0.90620473895700004, "b_mid": 0.87, "b_lo": 0.83379526104299995, "sigma_b": 0.012910170799699999, "cum_cov_ab": 0.054321, "MCORNERP1": 7.6, "MCORNERP2": 7.8, "MCORNERP3": 8.0, "MAXMAGP1": 7.8, "MAXMAGP2": 8.0, "utsu_bval2": 0.0, "utsu_aval": 0.0, "utsu_Minfl": 0.0, "FID_gras26": -1, "Shape_Leng": 980991.98670500005, "Shape_Area": 42547245147.800003 }, "geometry": { "type": "Polygon", "coordinates": [ [ [ 41.503489999607254, 39.956766999920369, 0.0 ], [ 40.731786999639958, 39.602986999774487, 0.0 ], [ 40.535969999897468, 39.64706599939943, 0.0 ], [ 39.954879999942946, 39.764096999394546, 0.0 ], [ 39.34606400000402, 39.999266999225711, 0.0 ], [ 39.578316000222152, 40.203097999695544, 0.0 ], [ 40.73474550131521, 40.605251776243804, 0.0 ], [ 41.160352897310084, 41.324826094327989, 0.0 ], [ 41.460748450341306, 41.375338484189385, 0.0 ], [ 42.572684000153203, 41.519149999608942, 0.0 ], [ 41.503489999607254, 39.956766999920369, 0.0 ] ] ] } },
{ "type": "Feature", "properties": { "FID_gras38": -1, "FID_gras24": -1, "FID_gras_1": -1, "FID_eshm20": 367, "ZONE_ID": "TRAS454", "areakm2": 29795.694043899999, "tctCluster": "Shallow Default", "CSZ_ID": "SZ41", "TECTO_ID": "TSZ102", "magScaleRe": "WC1994", "SS": 50.0, "NF": 40.0, "TF": 10.0, "MINDEPTH": 0.0, "MAXDEPTH": 20.0, "HYPODEPTH1": 2.0, "HYPODEPTH2": 10.0, "HYPODEPTH3": 18.0, "WHDEPTH1": 0.1, "WHDEPTH2": 0.4, "WHDEPTH3": 0.5, "WMAXMAG01": 0.5, "WMAXMAG02": 0.4, "WMAXMAG03": 0.1, "MAXMAG01": 7.3, "MAXMAG02": 7.6, "MAXMAG03": 7.9, "STRIKE1": 84.712585, "STRIKE2": 97.060473, "STRIKE3": 261.115432, "STRIKE4": 302.003022, "DIP1": 49.717098, "DIP2": 48.716291, "DIP3": 51.863, "DIP4": 51.574022, "aspRatio": 1.0, "mfd_bin": 0.2, "a_val": 2.5, "a_hi": 2.56992287458, "a_mid": 2.50004197688, "a_lo": 2.4301610791799999, "sigma_a": 0.061423452801700001, "b_val": 0.8, "b_hi": 0.87897080033499997, "b_mid": 0.8, "b_lo": 0.72102919966500001, "sigma_b": 0.061423452801700001, "cum_cov_ab": 0.054321, "MCORNERP1": 7.1, "MCORNERP2": 7.3, "MCORNERP3": 7.5, "MAXMAGP1": 7.2, "MAXMAGP2": 7.4, "utsu_bval2": 0.0, "utsu_aval": 0.0, "utsu_Minfl": 0.0, "FID_gras26": -1, "Shape_Leng": 903668.41217100003, "Shape_Area": 36116479190.900002 }, "geometry": { "type": "Polygon", "coordinates": [ [ [ 28.268093839413648, 42.00141205908826, 0.0 ], [ 28.160325980303686, 41.479282575221823, 0.0 ], [ 28.310535000133417, 41.035392999714531, 0.0 ], [ 27.202434000739935, 40.90238000026023, 0.0 ], [ 26.026078999770835, 40.602773999833303, 0.0 ], [ 26.305710564541524, 40.953545111346244, 0.0 ], [ 26.146363566333086, 41.249474322061303, 0.0 ], [ 26.102600000175148, 41.523399999425159, 0.0 ], [ 26.740063736258719, 41.580518325895909, 0.0 ], [ 26.529133194511939, 42.093000978588996, 0.0 ], [ 28.268093839413648, 42.00141205908826, 0.0 ] ] ] } },
{ "type": "Feature", "properties": { "FID_gras38": -1, "FID_gras24": -1, "FID_gras_1": -1, "FID_eshm20": 368, "ZONE_ID": "TRAS455", "areakm2": 33306.897807200003, "tctCluster": "Shallow Default", "CSZ_ID": "SZ43", "TECTO_ID": "TSZ018", "magScaleRe": "WC1994", "SS": 80.0, "NF": 20.0, "TF": 0.0, "MINDEPTH": 0.0, "MAXDEPTH": 20.0, "HYPODEPTH1": 2.0, "HYPODEPTH2": 10.0, "HYPODEPTH3": 18.0, "WHDEPTH1": 0.4, "WHDEPTH2": 0.3, "WHDEPTH3": 0.3, "WMAXMAG01": 0.5, "WMAXMAG02": 0.4, "WMAXMAG03": 0.1, "MAXMAG01": 7.3, "MAXMAG02": 7.6, "MAXMAG03": 7.9, "STRIKE1": 0.0, "STRIKE2": 0.0, "STRIKE3": 0.0, "STRIKE4": 0.0, "DIP1": 89.99, "DIP2": 0.0, "DIP3": 0.0, "DIP4": 0.0, "aspRatio": 1.0, "mfd_bin": 0.2, "a_val": 3.5, "a_hi": 3.5458208241400002, "a_mid": 3.4998303104500001, "a_lo": 3.4538397967600001, "sigma_a": 0.089716575524100006, "b_val": 0.87, "b_hi": 0.92038130711599997, "b_mid": 0.87, "b_lo": 0.81961869288400002, "sigma_b": 0.025, "cum_cov_ab": 0.054321, "MCORNERP1": 7.0, "MCORNERP2": 7.2, "MCORNERP3": 7.4, "MAXMAGP1": 7.2, "MAXMAGP2": 7.4, "utsu_bval2": 0.0, "utsu_aval": 0.0, "utsu_Minfl": 0.0, "FID_gras26": -1, "Shape_Leng": 1227645.2309399999, "Shape_Area": 43449546122.400002 }, "geometry": { "type": "Polygon", "coordinates": [ [ [ 37.968752000035153, 40.074670999760635, 0.0 ], [ 36.014519999423577, 39.500911999909974, 0.0 ], [ 35.890022999830421, 39.54744099959008, 0.0 ], [ 34.768393000355559, 39.957968999749028, 0.0 ], [ 33.665528999405446, 39.099336999686152, 0.0 ], [ 33.557926000014774, 39.229160999769107, 0.0 ], [ 33.264628000110747, 39.428636999479771, 0.0 ], [ 33.634274999991632, 39.844390999755397, 0.0 ], [ 35.530833000711112, 40.586202999891235, 0.0 ], [ 36.25816852590102, 40.345335708864539, 0.0 ], [ 36.824072000225975, 40.440405000077732, 0.0 ], [ 37.968752000035153, 40.074670999760635, 0.0 ] ] ] } },
{ "type": "Feature", "properties": { "FID_gras38": -1, "FID_gras24": -1, "FID_gras_1": -1, "FID_eshm20": 369, "ZONE_ID": "TRAS456", "areakm2": 52710.041886200001, "tctCluster": "Shallow Default", "CSZ_ID": "SZ43", "TECTO_ID": "TSZ030", "magScaleRe": "WC1994", "SS": 60.0, "NF": 30.0, "TF": 10.0, "MINDEPTH": 0.0, "MAXDEPTH": 20.0, "HYPODEPTH1": 2.0, "HYPODEPTH2": 10.0, "HYPODEPTH3": 18.0, "WHDEPTH1": 0.1, "WHDEPTH2": 0.4, "WHDEPTH3": 0.5, "WMAXMAG01": 0.5, "WMAXMAG02": 0.4, "WMAXMAG03": 0.1, "MAXMAG01": 7.0, "MAXMAG02": 7.3, "MAXMAG03": 7.6, "STRIKE1": 0.0, "STRIKE2": 0.0, "STRIKE3": 0.0, "STRIKE4": 0.0, "DIP1": 89.99, "DIP2": 0.0, "DIP3": 0.0, "DIP4": 0.0, "aspRatio": 1.0, "mfd_bin": 0.2, "a_val": 3.52040655419, "a_hi": 3.59541619669, "a_mid": 3.5202548078400002, "a_lo": 3.445093419, "sigma_a": 0.14648627263299999, "b_val": 0.89219331079499997, "b_hi": 0.94686939873999998, "b_mid": 0.89219331079499997, "b_lo": 0.83751722285100005, "sigma_b": 0.029443946080700001, "cum_cov_ab": 0.054321, "MCORNERP1": 5.8, "MCORNERP2": 6.0, "MCORNERP3": 6.2, "MAXMAGP1": 6.2, "MAXMAGP2": 6.4, "utsu_bval2": 0.0, "utsu_aval": 0.0, "utsu_Minfl": 0.0, "FID_gras26": -1, "Shape_Leng": 1388820.92726, "Shape_Area": 67731534013.599998 }, "geometry": { "type": "Polygon", "coordinates": [ [ [ 35.890022999830421, 39.54744099959008, 0.0 ], [ 34.861038791550889, 38.760275673580018, 0.0 ], [ 34.927700000177673, 38.166624999274326, 0.0 ], [ 34.66347499977212, 37.678055999927885, 0.0 ], [ 33.979232119597143, 37.925285402393129, 0.0 ], [ 33.588036953416683, 38.275609431456992, 0.0 ], [ 33.052515584470555, 38.43371139704464, 0.0 ], [ 32.551844158444155, 38.716160145159307, 0.0 ], [ 32.404963510828154, 38.825180253127193, 0.0 ], [ 31.942243854702017, 39.075515966090983, 0.0 ], [ 31.496770000603167, 39.251524999935434, 0.0 ], [ 31.798588999779092, 39.665767000121882, 0.0 ], [ 32.710144999333963, 39.384658999908439, 0.0 ], [ 32.972664000200297, 39.627205999907666, 0.0 ], [ 33.264628000110747, 39.428636999479771, 0.0 ], [ 33.557926000014774, 39.229160999769107, 0.0 ], [ 33.665528999405446, 39.099336999686152, 0.0 ], [ 34.768393000355559, 39.957968999749028, 0.0 ], [ 35.890022999830421, 39.54744099959008, 0.0 ] ] ] } },
{ "type": "Feature", "properties": { "FID_gras38": -1, "FID_gras24": -1, "FID_gras_1": -1, "FID_eshm20": 370, "ZONE_ID": "TRAS460", "areakm2": 18431.343930300001, "tctCluster": "Shallow Default", "CSZ_ID": "SZ21", "TECTO_ID": "TSZ080", "magScaleRe": "WC1994", "SS": 50.0, "NF": 40.0, "TF": 10.0, "MINDEPTH": 0.0, "MAXDEPTH": 20.0, "HYPODEPTH1": 2.0, "HYPODEPTH2": 10.0, "HYPODEPTH3": 18.0, "WHDEPTH1": 0.1, "WHDEPTH2": 0.4, "WHDEPTH3": 0.5, "WMAXMAG01": 0.5, "WMAXMAG02": 0.4, "WMAXMAG03": 0.1, "MAXMAG01": 7.3, "MAXMAG02": 7.6, "MAXMAG03": 7.9, "STRIKE1": 45.920739, "STRIKE2": 121.569575, "STRIKE3": 265.16, "STRIKE4": 296.313769, "DIP1": 49.852, "DIP2": 72.957123, "DIP3": 73.219222, "DIP4": 71.737308, "aspRatio": 1.0, "mfd_bin": 0.2, "a_val": 3.3212893444399998, "a_hi": 3.40594584298, "a_mid": 3.3215755787800001, "a_lo": 3.2372053145900002, "sigma_a": 0.153926040657, "b_val": 0.87545698162800001, "b_hi": 0.92897991793099999, "b_mid": 0.87545698162800001, "b_lo": 0.82193404532500003, "sigma_b": 0.0282150620153, "cum_cov_ab": 0.054321, "MCORNERP1": 6.2, "MCORNERP2": 6.4, "MCORNERP3": 6.6, "MAXMAGP1": 6.6, "MAXMAGP2": 6.8, "utsu_bval2": 0.0, "utsu_aval": 0.0, "utsu_Minfl": 0.0, "FID_gras26": -1, "Shape_Leng": 966647.54138399998, "Shape_Area": 23993833770.0 }, "geometry": { "type": "Polygon", "coordinates": [ [ [ 31.798588999779092, 39.665767000121882, 0.0 ], [ 31.496770000603167, 39.251524999935434, 0.0 ], [ 31.145838999916638, 39.357151000304746, 0.0 ], [ 30.377940000461571, 39.58353299949475, 0.0 ], [ 29.538550000254652, 39.720239999358995, 0.0 ], [ 27.870142000213548, 39.975739999779506, 0.0 ], [ 29.573587000264315, 40.122883000032594, 0.0 ], [ 29.664970999845242, 40.314595999872147, 0.0 ], [ 30.175906999414472, 40.147433999831343, 0.0 ], [ 31.007377000224004, 40.004938000313061, 0.0 ], [ 31.284540999808744, 39.815840999798503, 0.0 ], [ 31.798588999779092, 39.665767000121882, 0.0 ] ] ] } },
{ "type": "Feature", "properties": { "FID_gras38": -1, "FID_gras24": -1, "FID_gras_1": -1, "FID_eshm20": 371, "ZONE_ID": "TRAS461", "areakm2": 22132.0682657, "tctCluster": "Shallow Default", "CSZ_ID": "SZ21", "TECTO_ID": "TSZ080", "magScaleRe": "WC1994", "SS": 40.0, "NF": 50.0, "TF": 10.0, "MINDEPTH": 0.0, "MAXDEPTH": 20.0, "HYPODEPTH1": 2.0, "HYPODEPTH2": 10.0, "HYPODEPTH3": 18.0, "WHDEPTH1": 0.1, "WHDEPTH2": 0.4, "WHDEPTH3": 0.5, "WMAXMAG01": 0.5, "WMAXMAG02": 0.4, "WMAXMAG03": 0.1, "MAXMAG01": 7.3, "MAXMAG02": 7.6, "MAXMAG03": 7.9, "STRIKE1": 32.0485, "STRIKE2": 150.114, "STRIKE3": 231.571429, "STRIKE4": 305.283655, "DIP1": 50.655167, "DIP2": 50.747, "DIP3": 67.562429, "DIP4": 60.265473, "aspRatio": 1.0, "mfd_bin": 0.2, "a_val": 3.5690229979199999, "a_hi": 3.57660112155, "a_mid": 3.56959434994, "a_lo": 3.5625875783200001, "sigma_a": 0.026989757492199999, "b_val": 0.98525891480500005, "b_hi": 1.0084452132, "b_mid": 0.98525891480500005, "b_lo": 0.96207261640700004, "sigma_b": 0.00529497590885, "cum_cov_ab": 0.054321, "MCORNERP1": 6.6, "MCORNERP2": 6.8, "MCORNERP3": 7.0, "MAXMAGP1": 6.8, "MAXMAGP2": 7.0, "utsu_bval2": 0.0, "utsu_aval": 0.0, "utsu_Minfl": 0.0, "FID_gras26": -1, "Shape_Leng": 891163.64431, "Shape_Area": 28484751469.799999 }, "geometry": { "type": "Polygon", "coordinates": [ [ [ 31.496770000603167, 39.251524999935434, 0.0 ], [ 31.942243854702017, 39.075515966090983, 0.0 ], [ 32.404963510828154, 38.825180253127193, 0.0 ], [ 32.551844158444155, 38.716160145159307, 0.0 ], [ 32.076499999726558, 38.149099999995215, 0.0 ], [ 31.88299999944358, 38.228699999327091, 0.0 ], [ 31.143200000241848, 38.741899999219875, 0.0 ], [ 31.03719999955992, 38.822499999131772, 0.0 ], [ 30.73077400033085, 38.938539999927315, 0.0 ], [ 30.038999086960022, 39.188002823284826, 0.0 ], [ 29.235099201483678, 39.40929425909431, 0.0 ], [ 29.538550000254652, 39.720239999358995, 0.0 ], [ 30.377940000461571, 39.58353299949475, 0.0 ], [ 31.145838999916638, 39.357151000304746, 0.0 ], [ 31.496770000603167, 39.251524999935434, 0.0 ] ] ] } },
{ "type": "Feature", "properties": { "FID_gras38": -1, "FID_gras24": -1, "FID_gras_1": -1, "FID_eshm20": 372, "ZONE_ID": "TRAS463", "areakm2": 12309.7360857, "tctCluster": "Shallow Default", "CSZ_ID": "SZ41", "TECTO_ID": "TSZ092", "magScaleRe": "WC1994", "SS": 50.0, "NF": 40.0, "TF": 10.0, "MINDEPTH": 0.0, "MAXDEPTH": 20.0, "HYPODEPTH1": 2.0, "HYPODEPTH2": 10.0, "HYPODEPTH3": 18.0, "WHDEPTH1": 0.1, "WHDEPTH2": 0.4, "WHDEPTH3": 0.5, "WMAXMAG01": 0.5, "WMAXMAG02": 0.4, "WMAXMAG03": 0.1, "MAXMAG01": 7.9, "MAXMAG02": 8.2, "MAXMAG03": 8.5, "STRIKE1": 0.0, "STRIKE2": 119.411222, "STRIKE3": 249.116, "STRIKE4": 0.0, "DIP1": 83.490778, "DIP2": 83.490778, "DIP3": 60.079667, "DIP4": 0.0, "aspRatio": 1.0, "mfd_bin": 0.2, "a_val": 3.57, "a_hi": 3.6341439928599999, "a_mid": 3.5702418783800001, "a_lo": 3.5063397638999998, "sigma_a": 0.109378665629, "b_val": 0.90023400920300001, "b_hi": 0.94789582410200002, "b_mid": 0.90023400920300001, "b_lo": 0.852572194304, "sigma_b": 0.022373931203400001, "cum_cov_ab": 0.054321, "MCORNERP1": 7.6, "MCORNERP2": 7.8, "MCORNERP3": 8.0, "MAXMAGP1": 7.6, "MAXMAGP2": 7.8, "utsu_bval2": 0.0, "utsu_aval": 0.0, "utsu_Minfl": 0.0, "FID_gras26": -1, "Shape_Leng": 861172.35110700002, "Shape_Area": 17287475768.700001 }, "geometry": { "type": "Polygon", "coordinates": [ [ [ 28.714510000194373, 40.508302999530912, 0.0 ], [ 28.066028594237736, 40.466278080512133, 0.0 ], [ 27.48582600042651, 40.316483999639892, 0.0 ], [ 26.301326999754064, 39.837771999300138, 0.0 ], [ 26.060930000007644, 39.658695999567414, 0.0 ], [ 25.514869981525489, 39.666514855079832, 0.0 ], [ 25.169463789617875, 39.967988997822665, 0.0 ], [ 26.228894552906329, 40.242031124936368, 0.0 ], [ 27.06675285728187, 40.513532248109179, 0.0 ], [ 28.186330069788585, 40.659500593118231, 0.0 ], [ 28.714510000194373, 40.508302999530912, 0.0 ] ] ] } },
{ "type": "Feature", "properties": { "FID_gras38": -1, "FID_gras24": -1, "FID_gras_1": -1, "FID_eshm20": 373, "ZONE_ID": "TRAS465", "areakm2": 11411.721716, "tctCluster": "Shallow Default", "CSZ_ID": "SZ21", "TECTO_ID": "TSZ080", "magScaleRe": "WC1994", "SS": 30.0, "NF": 55.0, "TF": 15.0, "MINDEPTH": 0.0, "MAXDEPTH": 20.0, "HYPODEPTH1": 2.0, "HYPODEPTH2": 10.0, "HYPODEPTH3": 18.0, "WHDEPTH1": 0.1, "WHDEPTH2": 0.4, "WHDEPTH3": 0.5, "WMAXMAG01": 0.5, "WMAXMAG02": 0.4, "WMAXMAG03": 0.1, "MAXMAG01": 7.3, "MAXMAG02": 7.6, "MAXMAG03": 7.9, "STRIKE1": 35.874059, "STRIKE2": 143.687792, "STRIKE3": 230.027901, "STRIKE4": 311.194851, "DIP1": 52.352912, "DIP2": 51.319283, "DIP3": 51.205031, "DIP4": 55.355478, "aspRatio": 1.0, "mfd_bin": 0.2, "a_val": 3.92, "a_hi": 3.9488044061599998, "a_mid": 3.92002606963, "a_lo": 3.8912477331100002, "sigma_a": 0.064932801091799996, "b_val": 0.96519383608499998, "b_hi": 1.0027564362100001, "b_mid": 0.96519383608499998, "b_lo": 0.92763123595899999, "sigma_b": 0.013896724281699999, "cum_cov_ab": 0.054321, "MCORNERP1": 7.2, "MCORNERP2": 7.4, "MCORNERP3": 7.6, "MAXMAGP1": 7.4, "MAXMAGP2": 7.4, "utsu_bval2": 0.0, "utsu_aval": 0.0, "utsu_Minfl": 0.0, "FID_gras26": -1, "Shape_Leng": 710188.61532099999, "Shape_Area": 14336945335.1 }, "geometry": { "type": "Polygon", "coordinates": [ [ [ 30.5813770000258, 37.479000999506709, 0.0 ], [ 29.868922999968593, 37.361719999592999, 0.0 ], [ 29.518931999988592, 37.151156999950373, 0.0 ], [ 29.025932000537331, 36.712928999252433, 0.0 ], [ 28.479307999956859, 36.282706999526262, 0.0 ], [ 28.464764688731997, 36.719085099568652, 0.0 ], [ 29.022572000439101, 37.176036999810357, 0.0 ], [ 29.577131999412163, 37.630819999742329, 0.0 ], [ 30.110452999867071, 37.850716999822843, 0.0 ], [ 30.277836000518803, 37.952451000104148, 0.0 ], [ 30.27812900042176, 37.965260999786238, 0.0 ], [ 30.474924000505631, 37.881504000421202, 0.0 ], [ 30.5813770000258, 37.479000999506709, 0.0 ] ] ] } },
{ "type": "Feature", "properties": { "FID_gras38": -1, "FID_gras24": -1, "FID_gras_1": -1, "FID_eshm20": 374, "ZONE_ID": "TRAS466", "areakm2": 23209.526529700001, "tctCluster": "Shallow Default", "CSZ_ID": "SZ41", "TECTO_ID": "TSZ092", "magScaleRe": "WC1994", "SS": 60.0, "NF": 25.0, "TF": 15.0, "MINDEPTH": 0.0, "MAXDEPTH": 20.0, "HYPODEPTH1": 2.0, "HYPODEPTH2": 10.0, "HYPODEPTH3": 18.0, "WHDEPTH1": 0.1, "WHDEPTH2": 0.4, "WHDEPTH3": 0.5, "WMAXMAG01": 0.5, "WMAXMAG02": 0.4, "WMAXMAG03": 0.1, "MAXMAG01": 7.9, "MAXMAG02": 8.2, "MAXMAG03": 8.5, "STRIKE1": 65.667436, "STRIKE2": 100.3537, "STRIKE3": 247.266829, "STRIKE4": 277.671538, "DIP1": 78.738084, "DIP2": 75.924986, "DIP3": 80.04585, "DIP4": 52.032474, "aspRatio": 1.0, "mfd_bin": 0.2, "a_val": 3.6, "a_hi": 3.6290824325800002, "a_mid": 3.5995461942200002, "a_lo": 3.5700099558599998, "sigma_a": 0.0638492526585, "b_val": 0.85, "b_hi": 0.88702501606200002, "b_mid": 0.85, "b_lo": 0.81297498393800005, "sigma_b": 0.013501799615000001, "cum_cov_ab": 0.054321, "MCORNERP1": 7.2, "MCORNERP2": 7.4, "MCORNERP3": 7.6, "MAXMAGP1": 7.4, "MAXMAGP2": 7.6, "utsu_bval2": 0.0, "utsu_aval": 0.0, "utsu_Minfl": 0.0, "FID_gras26": -1, "Shape_Leng": 1247319.43316, "Shape_Area": 30373634684.799999 }, "geometry": { "type": "Polygon", "coordinates": [ [ [ 31.305455000433533, 40.419011000084033, 0.0 ], [ 29.664970999845242, 40.314595999872147, 0.0 ], [ 29.573587000264315, 40.122883000032594, 0.0 ], [ 27.870142000213548, 39.975739999779506, 0.0 ], [ 27.196741999316963, 39.639704999905646, 0.0 ], [ 26.24890136738356, 39.541362762535478, 0.0 ], [ 26.105871000584916, 39.600975000081178, 0.0 ], [ 26.060930000007644, 39.658695999567414, 0.0 ], [ 26.301326999754064, 39.837771999300138, 0.0 ], [ 27.48582600042651, 40.316483999639892, 0.0 ], [ 28.066028594237736, 40.466278080512133, 0.0 ], [ 28.714510000194373, 40.508302999530912, 0.0 ], [ 28.976300000241359, 40.576800000279839, 0.0 ], [ 29.911959164308371, 40.565884663708054, 0.0 ], [ 30.623214000597876, 40.557442999429632, 0.0 ], [ 31.305455000433533, 40.419011000084033, 0.0 ] ] ] } },
{ "type": "Feature", "properties": { "FID_gras38": -1, "FID_gras24": -1, "FID_gras_1": -1, "FID_eshm20": 375, "ZONE_ID": "TRAS467", "areakm2": 9925.5144699299999, "tctCluster": "Shallow Default", "CSZ_ID": "SZ21", "TECTO_ID": "TSZ080", "magScaleRe": "WC1994", "SS": 75.0, "NF": 25.0, "TF": 0.0, "MINDEPTH": 0.0, "MAXDEPTH": 20.0, "HYPODEPTH1": 2.0, "HYPODEPTH2": 10.0, "HYPODEPTH3": 18.0, "WHDEPTH1": 0.1, "WHDEPTH2": 0.4, "WHDEPTH3": 0.5, "WMAXMAG01": 0.5, "WMAXMAG02": 0.4, "WMAXMAG03": 0.1, "MAXMAG01": 7.3, "MAXMAG02": 7.6, "MAXMAG03": 7.9, "STRIKE1": 40.994543, "STRIKE2": 141.937833, "STRIKE3": 207.262551, "STRIKE4": 315.019411, "DIP1": 72.909252, "DIP2": 66.6765, "DIP3": 68.719737, "DIP4": 75.819232, "aspRatio": 1.0, "mfd_bin": 0.2, "a_val": 3.7, "a_hi": 3.7449848168200002, "a_mid": 3.699546751, "a_lo": 3.6541086851800002, "sigma_a": 0.086972695295299995, "b_val": 0.94, "b_hi": 0.98349497349799997, "b_mid": 0.94, "b_lo": 0.89650502650200004, "sigma_b": 0.018632850013999998, "cum_cov_ab": 0.054321, "MCORNERP1": 6.7, "MCORNERP2": 6.9, "MCORNERP3": 7.1, "MAXMAGP1": 7.0, "MAXMAGP2": 7.2, "utsu_bval2": 0.0, "utsu_aval": 0.0, "utsu_Minfl": 0.0, "FID_gras26": -1, "Shape_Leng": 620685.99768200004, "Shape_Area": 12898327329.6 }, "geometry": { "type": "Polygon", "coordinates": [ [ [ 29.538550000254652, 39.720239999358995, 0.0 ], [ 29.235099201483678, 39.40929425909431, 0.0 ], [ 29.065084293356332, 39.438626865431033, 0.0 ], [ 28.207768000226409, 39.494065999970921, 0.0 ], [ 27.784637999681649, 39.529688999418624, 0.0 ], [ 26.957496000164312, 39.52852099977337, 0.0 ], [ 27.196741999316963, 39.639704999905646, 0.0 ], [ 27.870142000213548, 39.975739999779506, 0.0 ], [ 29.538550000254652, 39.720239999358995, 0.0 ] ] ] } },
{ "type": "Feature", "properties": { "FID_gras38": -1, "FID_gras24": -1, "FID_gras_1": -1, "FID_eshm20": 376, "ZONE_ID": "TRAS468", "areakm2": 11834.934362600001, "tctCluster": "Shallow Default", "CSZ_ID": "SZ21", "TECTO_ID": "TSZ080", "magScaleRe": "WC1994", "SS": 20.0, "NF": 75.0, "TF": 5.0, "MINDEPTH": 0.0, "MAXDEPTH": 20.0, "HYPODEPTH1": 2.0, "HYPODEPTH2": 10.0, "HYPODEPTH3": 18.0, "WHDEPTH1": 0.1, "WHDEPTH2": 0.4, "WHDEPTH3": 0.5, "WMAXMAG01": 0.5, "WMAXMAG02": 0.4, "WMAXMAG03": 0.1, "MAXMAG01": 7.3, "MAXMAG02": 7.6, "MAXMAG03": 7.9, "STRIKE1": 67.19447, "STRIKE2": 118.984, "STRIKE3": 249.815114, "STRIKE4": 302.62658, "DIP1": 65.431217, "DIP2": 70.0276, "DIP3": 61.9065, "DIP4": 78.894116, "aspRatio": 1.0, "mfd_bin": 0.2, "a_val": 4.09, "a_hi": 4.1406093309400003, "a_mid": 4.0898434145199998, "a_lo": 4.0390774981000002, "sigma_a": 0.112737565079, "b_val": 1.02, "b_hi": 1.0714393476099999, "b_mid": 1.02, "b_lo": 0.96856065239, "sigma_b": 0.026061058483199999, "cum_cov_ab": 0.054321, "MCORNERP1": 5.8, "MCORNERP2": 6.0, "MCORNERP3": 6.2, "MAXMAGP1": 6.2, "MAXMAGP2": 6.4, "utsu_bval2": 0.0, "utsu_aval": 0.0, "utsu_Minfl": 0.0, "FID_gras26": -1, "Shape_Leng": 768360.55612800003, "Shape_Area": 21091830540.400002 }, "geometry": { "type": "Polygon", "coordinates": [ [ [ 29.577131999412163, 37.630819999742329, 0.0 ], [ 29.022572000439101, 37.176036999810357, 0.0 ], [ 27.442561999974487, 37.022531000187008, 0.0 ], [ 26.913501000141387, 37.178685999592211, 0.0 ], [ 26.500000000702926, 37.103106999405938, 0.0 ], [ 26.570684999744241, 37.474733999902305, 0.0 ], [ 27.78582799973514, 37.666773999619252, 0.0 ], [ 28.291002000256174, 37.592268999604492, 0.0 ], [ 29.465617999379123, 37.668584000235924, 0.0 ], [ 29.577131999412163, 37.630819999742329, 0.0 ] ] ] } },
{ "type": "Feature", "properties": { "FID_gras38": -1, "FID_gras24": -1, "FID_gras_1": -1, "FID_eshm20": 377, "ZONE_ID": "TRAS471", "areakm2": 43141.762477700002, "tctCluster": "Shallow Default", "CSZ_ID": "SZ21", "TECTO_ID": "TSZ080", "magScaleRe": "WC1994", "SS": 30.0, "NF": 55.0, "TF": 15.0, "MINDEPTH": 0.0, "MAXDEPTH": 20.0, "HYPODEPTH1": 2.0, "HYPODEPTH2": 10.0, "HYPODEPTH3": 18.0, "WHDEPTH1": 0.1, "WHDEPTH2": 0.4, "WHDEPTH3": 0.5, "WMAXMAG01": 0.5, "WMAXMAG02": 0.4, "WMAXMAG03": 0.1, "MAXMAG01": 7.3, "MAXMAG02": 7.6, "MAXMAG03": 7.9, "STRIKE1": 35.874059, "STRIKE2": 143.687792, "STRIKE3": 230.027901, "STRIKE4": 311.194851, "DIP1": 52.352912, "DIP2": 51.319283, "DIP3": 51.205031, "DIP4": 55.355478, "aspRatio": 1.0, "mfd_bin": 0.2, "a_val": 5.05, "a_hi": 5.08150133988, "a_mid": 5.0502236194799996, "a_lo": 5.0189458990800002, "sigma_a": 0.083240964211499999, "b_val": 1.18, "b_hi": 1.2243065789600001, "b_mid": 1.18, "b_lo": 1.13569342104, "sigma_b": 0.019334706474, "cum_cov_ab": 0.054321, "MCORNERP1": 5.9, "MCORNERP2": 6.1, "MCORNERP3": 6.3, "MAXMAGP1": 6.2, "MAXMAGP2": 6.4, "utsu_bval2": 0.0, "utsu_aval": 0.0, "utsu_Minfl": 0.0, "FID_gras26": -1, "Shape_Leng": 943203.32094699994, "Shape_Area": 54048938377.199997 }, "geometry": { "type": "Polygon", "coordinates": [ [ [ 32.534083000124873, 36.152915000021437, 0.0 ], [ 32.011496088475845, 36.051851234663104, 0.0 ], [ 30.391929326040614, 35.675205298024245, 0.0 ], [ 29.868922999968593, 37.361719999592999, 0.0 ], [ 30.5813770000258, 37.479000999506709, 0.0 ], [ 31.526531000014785, 37.811339999649142, 0.0 ], [ 31.990693000144251, 37.032911000172668, 0.0 ], [ 32.355893000703873, 36.633820999641749, 0.0 ], [ 32.534083000124873, 36.152915000021437, 0.0 ] ] ] } },
{ "type": "Feature", "properties": { "FID_gras38": -1, "FID_gras24": -1, "FID_gras_1": -1, "FID_eshm20": 378, "ZONE_ID": "TRAS472", "areakm2": 10783.822846200001, "tctCluster": "Shallow Default", "CSZ_ID": "SZ22", "TECTO_ID": "TSZ080", "magScaleRe": "WC1994", "SS": 65.0, "NF": 20.0, "TF": 15.0, "MINDEPTH": 0.0, "MAXDEPTH": 20.0, "HYPODEPTH1": 2.0, "HYPODEPTH2": 10.0, "HYPODEPTH3": 18.0, "WHDEPTH1": 0.1, "WHDEPTH2": 0.4, "WHDEPTH3": 0.5, "WMAXMAG01": 0.5, "WMAXMAG02": 0.4, "WMAXMAG03": 0.1, "MAXMAG01": 7.6, "MAXMAG02": 7.9, "MAXMAG03": 8.2, "STRIKE1": 44.983663, "STRIKE2": 119.797828, "STRIKE3": 233.96938, "STRIKE4": 327.390292, "DIP1": 72.907782, "DIP2": 55.181354, "DIP3": 69.524463, "DIP4": 60.760208, "aspRatio": 1.0, "mfd_bin": 0.2, "a_val": 2.97, "a_hi": 3.0087676548400002, "a_mid": 2.9699069933, "a_lo": 2.9310463317500002, "sigma_a": 0.070754254656499996, "b_val": 0.76, "b_hi": 0.79743367458199998, "b_mid": 0.76, "b_lo": 0.72256632541800003, "sigma_b": 0.0138014929603, "cum_cov_ab": 0.054321, "MCORNERP1": 6.9, "MCORNERP2": 7.1, "MCORNERP3": 7.3, "MAXMAGP1": 7.2, "MAXMAGP2": 7.4, "utsu_bval2": 0.0, "utsu_aval": 0.0, "utsu_Minfl": 0.0, "FID_gras26": -1, "Shape_Leng": 341257.25494200003, "Shape_Area": 5151871216.6199999 }, "geometry": { "type": "Polygon", "coordinates": [ [ [ 26.50139999992042, 38.122199999850068, 0.0 ], [ 26.14669612804115, 38.164992794985281, 0.0 ], [ 25.471428010442636, 38.097446231942655, 0.0 ], [ 25.94725339845456, 38.792192656545453, 0.0 ], [ 26.50139999992042, 38.122199999850068, 0.0 ] ] ] } },
{ "type": "Feature", "properties": { "FID_gras38": -1, "FID_gras24": -1, "FID_gras_1": -1, "FID_eshm20": 379, "ZONE_ID": "TRAS474", "areakm2": 18612.692814800001, "tctCluster": "Shallow Default", "CSZ_ID": "SZ21", "TECTO_ID": "TSZ080", "magScaleRe": "WC1994", "SS": 40.0, "NF": 50.0, "TF": 10.0, "MINDEPTH": 0.0, "MAXDEPTH": 20.0, "HYPODEPTH1": 2.0, "HYPODEPTH2": 10.0, "HYPODEPTH3": 18.0, "WHDEPTH1": 0.1, "WHDEPTH2": 0.4, "WHDEPTH3": 0.5, "WMAXMAG01": 0.5, "WMAXMAG02": 0.4, "WMAXMAG03": 0.1, "MAXMAG01": 7.3, "MAXMAG02": 7.6, "MAXMAG03": 7.9, "STRIKE1": 31.283515, "STRIKE2": 125.494067, "STRIKE3": 221.157082, "STRIKE4": 300.619951, "DIP1": 46.294833, "DIP2": 53.321441, "DIP3": 52.118888, "DIP4": 47.884841, "aspRatio": 1.0, "mfd_bin": 0.2, "a_val": 3.6, "a_hi": 3.63491825413, "a_mid": 3.59992722409, "a_lo": 3.56493619405, "sigma_a": 0.070903892225500004, "b_val": 0.9, "b_hi": 0.93891563843600001, "b_mid": 0.9, "b_lo": 0.86108436156400003, "sigma_b": 0.014915900115499999, "cum_cov_ab": 0.054321, "MCORNERP1": 6.9, "MCORNERP2": 7.1, "MCORNERP3": 7.3, "MAXMAGP1": 7.2, "MAXMAGP2": 7.4, "utsu_bval2": 0.0, "utsu_aval": 0.0, "utsu_Minfl": 0.0, "FID_gras26": -1, "Shape_Leng": 637045.28019299998, "Shape_Area": 23693810279.900002 }, "geometry": { "type": "Polygon", "coordinates": [ [ [ 32.076499999726558, 38.149099999995215, 0.0 ], [ 31.689100000025807, 37.9103999997212, 0.0 ], [ 31.526531000014785, 37.811339999649142, 0.0 ], [ 30.5813770000258, 37.479000999506709, 0.0 ], [ 30.474924000505631, 37.881504000421202, 0.0 ], [ 30.27812900042176, 37.965260999786238, 0.0 ], [ 30.281717999950541, 38.122345999877439, 0.0 ], [ 30.371841126893607, 38.542777119621668, 0.0 ], [ 30.377373212924649, 38.895078576282195, 0.0 ], [ 30.73077400033085, 38.938539999927315, 0.0 ], [ 31.03719999955992, 38.822499999131772, 0.0 ], [ 31.143200000241848, 38.741899999219875, 0.0 ], [ 31.88299999944358, 38.228699999327091, 0.0 ], [ 32.076499999726558, 38.149099999995215, 0.0 ] ] ] } },
{ "type": "Feature", "properties": { "FID_gras38": -1, "FID_gras24": -1, "FID_gras_1": -1, "FID_eshm20": 380, "ZONE_ID": "TRAS476", "areakm2": 30261.286141100001, "tctCluster": "Shallow Default", "CSZ_ID": "SZ21", "TECTO_ID": "TSZ080", "magScaleRe": "WC1994", "SS": 30.0, "NF": 55.0, "TF": 15.0, "MINDEPTH": 0.0, "MAXDEPTH": 20.0, "HYPODEPTH1": 2.0, "HYPODEPTH2": 10.0, "HYPODEPTH3": 18.0, "WHDEPTH1": 0.1, "WHDEPTH2": 0.4, "WHDEPTH3": 0.5, "WMAXMAG01": 0.5, "WMAXMAG02": 0.4, "WMAXMAG03": 0.1, "MAXMAG01": 7.3, "MAXMAG02": 7.6, "MAXMAG03": 7.9, "STRIKE1": 35.874059, "STRIKE2": 143.687792, "STRIKE3": 230.027901, "STRIKE4": 311.194851, "DIP1": 52.352912, "DIP2": 51.319283, "DIP3": 51.205031, "DIP4": 55.355478, "aspRatio": 1.0, "mfd_bin": 0.2, "a_val": 4.4608902848199996, "a_hi": 4.4823040516599999, "a_mid": 4.4608688044100004, "a_lo": 4.4394335571600001, "sigma_a": 0.055694113759900001, "b_val": 1.02965196011, "b_hi": 1.0648674489100001, "b_mid": 1.02965196011, "b_lo": 0.99443647129699997, "sigma_b": 0.0122143001778, "cum_cov_ab": 0.054321, "MCORNERP1": 6.6, "MCORNERP2": 6.8, "MCORNERP3": 7.0, "MAXMAGP1": 7.0, "MAXMAGP2": 7.0, "utsu_bval2": 0.0, "utsu_aval": 0.0, "utsu_Minfl": 0.0, "FID_gras26": -1, "Shape_Leng": 807359.31879000005, "Shape_Area": 37509803283.599998 }, "geometry": { "type": "Polygon", "coordinates": [ [ [ 30.391929326040614, 35.675205298024245, 0.0 ], [ 28.627551688302905, 35.232568739812358, 0.0 ], [ 28.544366420979014, 35.82184193820931, 0.0 ], [ 28.479307999956859, 36.282706999526262, 0.0 ], [ 29.025932000537331, 36.712928999252433, 0.0 ], [ 29.518931999988592, 37.151156999950373, 0.0 ], [ 29.868922999968593, 37.361719999592999, 0.0 ], [ 30.391929326040614, 35.675205298024245, 0.0 ] ] ] } },
{ "type": "Feature", "properties": { "FID_gras38": -1, "FID_gras24": -1, "FID_gras_1": -1, "FID_eshm20": 381, "ZONE_ID": "TRAS477", "areakm2": 7984.7253433200003, "tctCluster": "Shallow Default", "CSZ_ID": "SZ22", "TECTO_ID": "TSZ034", "magScaleRe": "WC1994", "SS": 50.0, "NF": 40.0, "TF": 10.0, "MINDEPTH": 0.0, "MAXDEPTH": 20.0, "HYPODEPTH1": 2.0, "HYPODEPTH2": 10.0, "HYPODEPTH3": 18.0, "WHDEPTH1": 0.1, "WHDEPTH2": 0.4, "WHDEPTH3": 0.5, "WMAXMAG01": 0.5, "WMAXMAG02": 0.4, "WMAXMAG03": 0.1, "MAXMAG01": 7.6, "MAXMAG02": 7.9, "MAXMAG03": 8.2, "STRIKE1": 66.2715, "STRIKE2": 127.218923, "STRIKE3": 214.011727, "STRIKE4": 325.163267, "DIP1": 64.191821, "DIP2": 58.804769, "DIP3": 75.855242, "DIP4": 80.260867, "aspRatio": 1.0, "mfd_bin": 0.2, "a_val": 3.45, "a_hi": 3.5081857484, "a_mid": 3.45001162929, "a_lo": 3.3918375101799998, "sigma_a": 0.098428452102099995, "b_val": 0.848376464562, "b_hi": 0.89329925461100002, "b_mid": 0.848376464562, "b_lo": 0.803453674512, "sigma_b": 0.019876256374599999, "cum_cov_ab": 0.054321, "MCORNERP1": 7.0, "MCORNERP2": 7.2, "MCORNERP3": 7.4, "MAXMAGP1": 7.4, "MAXMAGP2": 7.4, "utsu_bval2": 0.0, "utsu_aval": 0.0, "utsu_Minfl": 0.0, "FID_gras26": -1, "Shape_Leng": 510554.39679000003, "Shape_Area": 10973447313.5 }, "geometry": { "type": "Polygon", "coordinates": [ [ [ 26.060930000007644, 39.658695999567414, 0.0 ], [ 26.105871000584916, 39.600975000081178, 0.0 ], [ 26.24890136738356, 39.541362762535478, 0.0 ], [ 27.196741999316963, 39.639704999905646, 0.0 ], [ 26.957496000164312, 39.52852099977337, 0.0 ], [ 26.584892000591324, 39.292989999906695, 0.0 ], [ 26.249203211200474, 39.064124874351037, 0.0 ], [ 26.005158945399373, 38.876739788675678, 0.0 ], [ 25.47874909854853, 39.186239328332142, 0.0 ], [ 25.514869981525489, 39.666514855079832, 0.0 ], [ 26.060930000007644, 39.658695999567414, 0.0 ] ] ] } },
{ "type": "Feature", "properties": { "FID_gras38": -1, "FID_gras24": -1, "FID_gras_1": -1, "FID_eshm20": 382, "ZONE_ID": "TRAS478", "areakm2": 6929.3697579199998, "tctCluster": "Shallow Default", "CSZ_ID": "SZ21", "TECTO_ID": "TSZ080", "magScaleRe": "WC1994", "SS": 25.0, "NF": 50.0, "TF": 25.0, "MINDEPTH": 0.0, "MAXDEPTH": 20.0, "HYPODEPTH1": 2.0, "HYPODEPTH2": 10.0, "HYPODEPTH3": 18.0, "WHDEPTH1": 0.1, "WHDEPTH2": 0.4, "WHDEPTH3": 0.5, "WMAXMAG01": 0.5, "WMAXMAG02": 0.4, "WMAXMAG03": 0.1, "MAXMAG01": 7.3, "MAXMAG02": 7.6, "MAXMAG03": 7.9, "STRIKE1": 57.718102, "STRIKE2": 0.0, "STRIKE3": 246.245158, "STRIKE4": 0.0, "DIP1": 56.013216, "DIP2": 0.0, "DIP3": 56.349592, "DIP4": 0.0, "aspRatio": 1.0, "mfd_bin": 0.2, "a_val": 4.68, "a_hi": 4.7060593898800001, "a_mid": 4.68004163184, "a_lo": 4.6540238738099999, "sigma_a": 0.064688853895499998, "b_val": 1.05807048271, "b_hi": 1.0952838975800001, "b_mid": 1.05807048271, "b_lo": 1.02085706783, "sigma_b": 0.0136395548455, "cum_cov_ab": 0.054321, "MCORNERP1": 7.1, "MCORNERP2": 7.3, "MCORNERP3": 7.5, "MAXMAGP1": 7.4, "MAXMAGP2": 7.4, "utsu_bval2": 0.0, "utsu_aval": 0.0, "utsu_Minfl": 0.0, "FID_gras26": -1, "Shape_Leng": 473852.31012099999, "Shape_Area": 9567592520.2299995 }, "geometry": { "type": "Polygon", "coordinates": [ [ [ 28.464764688731997, 36.719085099568652, 0.0 ], [ 27.586339572850036, 36.5553077724622, 0.0 ], [ 27.133352246545773, 36.878735609216022, 0.0 ], [ 27.442561999974487, 37.022531000187008, 0.0 ], [ 29.022572000439101, 37.176036999810357, 0.0 ], [ 28.464764688731997, 36.719085099568652, 0.0 ] ] ] } },
{ "type": "Feature", "properties": { "FID_gras38": -1, "FID_gras24": -1, "FID_gras_1": -1, "FID_eshm20": 383, "ZONE_ID": "TRAS479", "areakm2": 22522.290015, "tctCluster": "Shallow Default", "CSZ_ID": "SZ22", "TECTO_ID": "TSZ095", "magScaleRe": "WC1994", "SS": 20.0, "NF": 75.0, "TF": 5.0, "MINDEPTH": 0.0, "MAXDEPTH": 20.0, "HYPODEPTH1": 2.0, "HYPODEPTH2": 10.0, "HYPODEPTH3": 18.0, "WHDEPTH1": 0.1, "WHDEPTH2": 0.4, "WHDEPTH3": 0.5, "WMAXMAG01": 0.5, "WMAXMAG02": 0.4, "WMAXMAG03": 0.1, "MAXMAG01": 6.9, "MAXMAG02": 7.2, "MAXMAG03": 7.5, "STRIKE1": 50.68201, "STRIKE2": 113.109812, "STRIKE3": 244.682748, "STRIKE4": 285.745358, "DIP1": 64.153545, "DIP2": 60.100937, "DIP3": 60.485761, "DIP4": 54.208657, "aspRatio": 1.0, "mfd_bin": 0.2, "a_val": 4.8178663964600004, "a_hi": 4.8500028683399998, "a_mid": 4.8180715426400003, "a_lo": 4.7861402169399998, "sigma_a": 0.080117896944600003, "b_val": 1.09391496511, "b_hi": 1.1350179300200001, "b_mid": 1.09391496511, "b_lo": 1.0528120002100001, "sigma_b": 0.016639774917599999, "cum_cov_ab": 0.054321, "MCORNERP1": 6.6, "MCORNERP2": 6.8, "MCORNERP3": 7.0, "MAXMAGP1": 7.0, "MAXMAGP2": 7.0, "utsu_bval2": 0.0, "utsu_aval": 0.0, "utsu_Minfl": 0.0, "FID_gras26": -1, "Shape_Leng": 620980.15743100003, "Shape_Area": 17630629633.900002 }, "geometry": { "type": "Polygon", "coordinates": [ [ [ 28.479307999956859, 36.282706999526262, 0.0 ], [ 28.544366420979014, 35.82184193820931, 0.0 ], [ 28.08472592733877, 35.567301629457489, 0.0 ], [ 27.463306275604442, 36.043084401307041, 0.0 ], [ 26.500000000702926, 36.300000000312842, 0.0 ], [ 26.933332999769402, 36.433332999892812, 0.0 ], [ 27.5864829206132, 36.555205208390376, 0.0 ], [ 28.464764688731997, 36.719085099568652, 0.0 ], [ 28.479307999956859, 36.282706999526262, 0.0 ] ] ] } },
{ "type": "Feature", "properties": { "FID_gras38": -1, "FID_gras24": -1, "FID_gras_1": -1, "FID_eshm20": 384, "ZONE_ID": "TRAS481", "areakm2": 14589.4811262, "tctCluster": "Shallow Default", "CSZ_ID": "SZ42", "TECTO_ID": "TSZ087", "magScaleRe": "WC1994", "SS": 34.0, "NF": 33.0, "TF": 33.0, "MINDEPTH": 0.0, "MAXDEPTH": 20.0, "HYPODEPTH1": 2.0, "HYPODEPTH2": 10.0, "HYPODEPTH3": 18.0, "WHDEPTH1": 0.1, "WHDEPTH2": 0.4, "WHDEPTH3": 0.5, "WMAXMAG01": 0.5, "WMAXMAG02": 0.4, "WMAXMAG03": 0.1, "MAXMAG01": 7.7, "MAXMAG02": 8.0, "MAXMAG03": 8.3, "STRIKE1": 0.0, "STRIKE2": 0.0, "STRIKE3": 0.0, "STRIKE4": 0.0, "DIP1": 89.99, "DIP2": 0.0, "DIP3": 0.0, "DIP4": 0.0, "aspRatio": 1.0, "mfd_bin": 0.2, "a_val": 3.95, "a_hi": 4.0025780440399998, "a_mid": 3.9500611326900001, "a_lo": 3.89754422133, "sigma_a": 0.100777214418, "b_val": 0.870491540309, "b_hi": 0.91296038016400005, "b_mid": 0.870491540309, "b_lo": 0.82802270045399995, "sigma_b": 0.017764048145700002, "cum_cov_ab": 0.054321, "MCORNERP1": 7.4, "MCORNERP2": 7.6, "MCORNERP3": 7.8, "MAXMAGP1": 7.8, "MAXMAGP2": 7.8, "utsu_bval2": 0.0, "utsu_aval": 0.0, "utsu_Minfl": 0.0, "FID_gras26": -1, "Shape_Leng": 1221986.18233, "Shape_Area": 24734307081.900002 }, "geometry": { "type": "Polygon", "coordinates": [ [ [ 41.342594999348364, 39.004401000171939, 0.0 ], [ 40.588225999799612, 38.742383000085113, 0.0 ], [ 39.359534113721885, 38.335547683879255, 0.0 ], [ 38.091699999549583, 37.929843000074946, 0.0 ], [ 37.367703000231032, 37.416147999820026, 0.0 ], [ 37.285033000265891, 37.356736999620459, 0.0 ], [ 37.114374999904747, 37.439421000018093, 0.0 ], [ 36.942005999981504, 37.326584000133757, 0.0 ], [ 36.59479299959348, 37.440451999859278, 0.0 ], [ 36.763653999280479, 37.58773599913701, 0.0 ], [ 37.493537000190777, 37.940470999571978, 0.0 ], [ 37.881582999971904, 38.067149999488926, 0.0 ], [ 40.028065000538476, 38.944307999229082, 0.0 ], [ 40.413176000368814, 39.3095880002341, 0.0 ], [ 41.342594999348364, 39.004401000171939, 0.0 ] ] ] } },
{ "type": "Feature", "properties": { "FID_gras38": -1, "FID_gras24": -1, "FID_gras_1": -1, "FID_eshm20": 385, "ZONE_ID": "TRAS482", "areakm2": 11337.289613700001, "tctCluster": "Shallow Default", "CSZ_ID": "SZ42", "TECTO_ID": "TSZ087", "magScaleRe": "WC1994", "SS": 34.0, "NF": 33.0, "TF": 33.0, "MINDEPTH": 0.0, "MAXDEPTH": 20.0, "HYPODEPTH1": 2.0, "HYPODEPTH2": 10.0, "HYPODEPTH3": 18.0, "WHDEPTH1": 0.1, "WHDEPTH2": 0.4, "WHDEPTH3": 0.5, "WMAXMAG01": 0.5, "WMAXMAG02": 0.4, "WMAXMAG03": 0.1, "MAXMAG01": 7.7, "MAXMAG02": 8.0, "MAXMAG03": 8.3, "STRIKE1": 0.0, "STRIKE2": 0.0, "STRIKE3": 0.0, "STRIKE4": 0.0, "DIP1": 89.99, "DIP2": 0.0, "DIP3": 0.0, "DIP4": 0.0, "aspRatio": 1.0, "mfd_bin": 0.2, "a_val": 4.0507819773299998, "a_hi": 4.0619845893499997, "a_mid": 4.0511048714999998, "a_lo": 4.0402251536499998, "sigma_a": 0.036063978188000001, "b_val": 0.97839586779200005, "b_hi": 1.0049310970200001, "b_mid": 0.97839586779200005, "b_lo": 0.95186063856600001, "sigma_b": 0.0069350058905299997, "cum_cov_ab": 0.054321, "MCORNERP1": 6.2, "MCORNERP2": 6.4, "MCORNERP3": 6.6, "MAXMAGP1": 6.6, "MAXMAGP2": 6.8, "utsu_bval2": 0.0, "utsu_aval": 0.0, "utsu_Minfl": 0.0, "FID_gras26": -1, "Shape_Leng": 810892.64136400004, "Shape_Area": 14454965916.9 }, "geometry": { "type": "Polygon", "coordinates": [ [ [ 41.441042723299525, 38.409991540032266, 0.0 ], [ 41.408929688335711, 38.303434648167723, 0.0 ], [ 41.121052000685204, 38.371916999260577, 0.0 ], [ 41.027953000445926, 38.30558199965192, 0.0 ], [ 40.153601914159026, 38.265482878561848, 0.0 ], [ 39.326188999820012, 38.044825000058481, 0.0 ], [ 38.979080000087379, 37.857542999496673, 0.0 ], [ 38.091699999549583, 37.929843000074946, 0.0 ], [ 39.359534113721885, 38.335547683879255, 0.0 ], [ 40.588225999799612, 38.742383000085113, 0.0 ], [ 41.441042723299525, 38.409991540032266, 0.0 ] ] ] } },
{ "type": "Feature", "properties": { "FID_gras38": -1, "FID_gras24": -1, "FID_gras_1": -1, "FID_eshm20": 386, "ZONE_ID": "TRAS483", "areakm2": 8482.7968005500006, "tctCluster": "Shallow Default", "CSZ_ID": "SZ45", "TECTO_ID": "TSZ085", "magScaleRe": "WC1994", "SS": 65.0, "NF": 0.0, "TF": 35.0, "MINDEPTH": 0.0, "MAXDEPTH": 20.0, "HYPODEPTH1": 2.0, "HYPODEPTH2": 10.0, "HYPODEPTH3": 18.0, "WHDEPTH1": 0.1, "WHDEPTH2": 0.4, "WHDEPTH3": 0.5, "WMAXMAG01": 0.5, "WMAXMAG02": 0.4, "WMAXMAG03": 0.1, "MAXMAG01": 7.7, "MAXMAG02": 8.0, "MAXMAG03": 8.3, "STRIKE1": 34.27945, "STRIKE2": 95.7012, "STRIKE3": 241.26707, "STRIKE4": 324.37025, "DIP1": 86.5003, "DIP2": 89.9008, "DIP3": 85.824698, "DIP4": 85.003333, "aspRatio": 1.0, "mfd_bin": 0.2, "a_val": 3.69201838036, "a_hi": 3.7359049363099999, "a_mid": 3.6920381989700002, "a_lo": 3.6481714616200001, "sigma_a": 0.104333015286, "b_val": 0.86111408746399998, "b_hi": 0.90736038175800005, "b_mid": 0.86111408746399998, "b_lo": 0.81486779316900004, "sigma_b": 0.021064687666799999, "cum_cov_ab": 0.054321, "MCORNERP1": 7.0, "MCORNERP2": 7.2, "MCORNERP3": 7.4, "MAXMAGP1": 7.4, "MAXMAGP2": 7.4, "utsu_bval2": 0.0, "utsu_aval": 0.0, "utsu_Minfl": 0.0, "FID_gras26": -1, "Shape_Leng": 1322458.95698, "Shape_Area": 56183288509.099998 }, "geometry": { "type": "Polygon", "coordinates": [ [ [ 42.988586000513394, 39.224237999311441, 0.0 ], [ 44.077102999976013, 38.673749999519458, 0.0 ], [ 44.686300000579756, 38.490500000177612, 0.0 ], [ 45.263598999542523, 38.47887999968146, 0.0 ], [ 45.866991000542036, 38.258105999608858, 0.0 ], [ 46.035610521402553, 37.631378998827614, 0.0 ], [ 45.904823000760402, 37.138817999965951, 0.0 ], [ 44.064450999953706, 37.896591000088542, 0.0 ], [ 42.592620000436575, 38.656362000041128, 0.0 ], [ 42.41685100023215, 38.694908000048265, 0.0 ], [ 41.342594999348364, 39.004401000171939, 0.0 ], [ 41.509290000086935, 39.427965999250958, 0.0 ], [ 41.795900000479861, 39.36344899981097, 0.0 ], [ 42.988586000513394, 39.224237999311441, 0.0 ] ] ] } },
{ "type": "Feature", "properties": { "FID_gras38": -1, "FID_gras24": -1, "FID_gras_1": -1, "FID_eshm20": 387, "ZONE_ID": "TRAS485", "areakm2": 11647.177868299999, "tctCluster": "Shallow Default", "CSZ_ID": "SZ22", "TECTO_ID": "TSZ080", "magScaleRe": "WC1994", "SS": 50.0, "NF": 30.0, "TF": 20.0, "MINDEPTH": 0.0, "MAXDEPTH": 20.0, "HYPODEPTH1": 2.0, "HYPODEPTH2": 10.0, "HYPODEPTH3": 18.0, "WHDEPTH1": 0.1, "WHDEPTH2": 0.4, "WHDEPTH3": 0.5, "WMAXMAG01": 0.5, "WMAXMAG02": 0.4, "WMAXMAG03": 0.1, "MAXMAG01": 7.6, "MAXMAG02": 7.9, "MAXMAG03": 8.2, "STRIKE1": 30.419048, "STRIKE2": 140.936, "STRIKE3": 222.644186, "STRIKE4": 286.409381, "DIP1": 82.142857, "DIP2": 79.688724, "DIP3": 73.042323, "DIP4": 70.201071, "aspRatio": 1.0, "mfd_bin": 0.2, "a_val": 3.67, "a_hi": 3.7021977215700002, "a_mid": 3.66988369769, "a_lo": 3.6375696737999998, "sigma_a": 0.064933932599199995, "b_val": 0.86258413053600003, "b_hi": 0.90049351806900002, "b_mid": 0.86258413053600003, "b_lo": 0.82467474300300003, "sigma_b": 0.0141545048957, "cum_cov_ab": 0.054321, "MCORNERP1": 7.2, "MCORNERP2": 7.4, "MCORNERP3": 7.6, "MAXMAGP1": 7.4, "MAXMAGP2": 7.6, "utsu_bval2": 0.0, "utsu_aval": 0.0, "utsu_Minfl": 0.0, "FID_gras26": -1, "Shape_Leng": 617954.85744499997, "Shape_Area": 15219555676.6 }, "geometry": { "type": "Polygon", "coordinates": [ [ [ 27.580561434669416, 39.229558186657933, 0.0 ], [ 27.269283937323092, 39.006591538516098, 0.0 ], [ 26.986470267626505, 38.788733782413424, 0.0 ], [ 26.836852713851219, 38.386408529257601, 0.0 ], [ 26.760646999653755, 38.037697999522884, 0.0 ], [ 26.50139999992042, 38.122199999850068, 0.0 ], [ 26.527899999866317, 38.606000000037369, 0.0 ], [ 26.249203211200474, 39.064124874351037, 0.0 ], [ 26.584892000591324, 39.292989999906695, 0.0 ], [ 26.957496000164312, 39.52852099977337, 0.0 ], [ 27.784637999681649, 39.529688999418624, 0.0 ], [ 27.580561434669416, 39.229558186657933, 0.0 ] ] ] } },
{ "type": "Feature", "properties": { "FID_gras38": -1, "FID_gras24": -1, "FID_gras_1": -1, "FID_eshm20": 388, "ZONE_ID": "TRAS486", "areakm2": 16605.830618, "tctCluster": "Shallow Default", "CSZ_ID": "SZ21", "TECTO_ID": "TSZ080", "magScaleRe": "WC1994", "SS": 35.0, "NF": 65.0, "TF": 0.0, "MINDEPTH": 0.0, "MAXDEPTH": 20.0, "HYPODEPTH1": 2.0, "HYPODEPTH2": 10.0, "HYPODEPTH3": 18.0, "WHDEPTH1": 0.1, "WHDEPTH2": 0.4, "WHDEPTH3": 0.5, "WMAXMAG01": 0.5, "WMAXMAG02": 0.4, "WMAXMAG03": 0.1, "MAXMAG01": 7.3, "MAXMAG02": 7.6, "MAXMAG03": 7.9, "STRIKE1": 70.92348, "STRIKE2": 102.9825, "STRIKE3": 247.735754, "STRIKE4": 275.8238, "DIP1": 58.32404, "DIP2": 51.396333, "DIP3": 55.809446, "DIP4": 62.5072, "aspRatio": 1.0, "mfd_bin": 0.2, "a_val": 3.7277372665600002, "a_hi": 3.7495944372199999, "a_mid": 3.7276465542800001, "a_lo": 3.70569867133, "sigma_a": 0.051408277753199998, "b_val": 0.86895320086100003, "b_hi": 0.90130022033000001, "b_mid": 0.86895320086100003, "b_lo": 0.83660618139099996, "sigma_b": 0.0103055146935, "cum_cov_ab": 0.054321, "MCORNERP1": 6.8, "MCORNERP2": 7.0, "MCORNERP3": 7.2, "MAXMAGP1": 7.2, "MAXMAGP2": 7.4, "utsu_bval2": 0.0, "utsu_aval": 0.0, "utsu_Minfl": 0.0, "FID_gras26": -1, "Shape_Leng": 697589.49788000004, "Shape_Area": 21059573436.599998 }, "geometry": { "type": "Polygon", "coordinates": [ [ [ 29.330844999672692, 38.130270999232494, 0.0 ], [ 29.459479999688952, 37.741385000365192, 0.0 ], [ 29.465617999379123, 37.668584000235924, 0.0 ], [ 28.291002000256174, 37.592268999604492, 0.0 ], [ 27.78582799973514, 37.666773999619252, 0.0 ], [ 27.154291278725918, 37.824660157509875, 0.0 ], [ 26.760646999653755, 38.037697999522884, 0.0 ], [ 26.867506065530087, 38.010357578648353, 0.0 ], [ 26.970413748797132, 38.10085795372094, 0.0 ], [ 27.082991836521863, 38.131328844778466, 0.0 ], [ 27.548303000190334, 38.266006999580071, 0.0 ], [ 27.774731999464233, 38.303949000418804, 0.0 ], [ 28.004800000292256, 38.390799999469102, 0.0 ], [ 28.202174110103833, 38.382127395568475, 0.0 ], [ 28.356175922165967, 38.344169202659828, 0.0 ], [ 28.483064739203691, 38.28018253386518, 0.0 ], [ 28.599519290043077, 38.196380078324026, 0.0 ], [ 28.725325000257886, 38.086300999562596, 0.0 ], [ 29.330844999672692, 38.130270999232494, 0.0 ] ] ] } },
{ "type": "Feature", "properties": { "FID_gras38": -1, "FID_gras24": -1, "FID_gras_1": -1, "FID_eshm20": 389, "ZONE_ID": "TRAS487", "areakm2": 18892.9318079, "tctCluster": "Shallow Default", "CSZ_ID": "SZ21", "TECTO_ID": "TSZ080", "magScaleRe": "WC1994", "SS": 40.0, "NF": 50.0, "TF": 10.0, "MINDEPTH": 0.0, "MAXDEPTH": 20.0, "HYPODEPTH1": 2.0, "HYPODEPTH2": 10.0, "HYPODEPTH3": 18.0, "WHDEPTH1": 0.1, "WHDEPTH2": 0.4, "WHDEPTH3": 0.5, "WMAXMAG01": 0.5, "WMAXMAG02": 0.4, "WMAXMAG03": 0.1, "MAXMAG01": 7.3, "MAXMAG02": 7.6, "MAXMAG03": 7.9, "STRIKE1": 31.283515, "STRIKE2": 125.494067, "STRIKE3": 221.157082, "STRIKE4": 300.619951, "DIP1": 46.294833, "DIP2": 53.321441, "DIP3": 52.118888, "DIP4": 47.884841, "aspRatio": 1.0, "mfd_bin": 0.2, "a_val": 3.2447456460500002, "a_hi": 3.2914777635400001, "a_mid": 3.2449852779400001, "a_lo": 3.1984927923300002, "sigma_a": 0.084420543120799996, "b_val": 0.86184396340400005, "b_hi": 0.90325179465700001, "b_mid": 0.86184396340400005, "b_lo": 0.82043613215099997, "sigma_b": 0.016887529340900001, "cum_cov_ab": 0.054321, "MCORNERP1": 6.8, "MCORNERP2": 7.0, "MCORNERP3": 7.2, "MAXMAGP1": 7.0, "MAXMAGP2": 7.2, "utsu_bval2": 0.0, "utsu_aval": 0.0, "utsu_Minfl": 0.0, "FID_gras26": -1, "Shape_Leng": 778991.99889399996, "Shape_Area": 24116246629.0 }, "geometry": { "type": "Polygon", "coordinates": [ [ [ 30.371841126893607, 38.542777119621668, 0.0 ], [ 30.281717999950541, 38.122345999877439, 0.0 ], [ 30.27812900042176, 37.965260999786238, 0.0 ], [ 30.277836000518803, 37.952451000104148, 0.0 ], [ 30.110452999867071, 37.850716999822843, 0.0 ], [ 29.577131999412163, 37.630819999742329, 0.0 ], [ 29.465617999379123, 37.668584000235924, 0.0 ], [ 29.459479999688952, 37.741385000365192, 0.0 ], [ 29.330844999672692, 38.130270999232494, 0.0 ], [ 28.824268999386099, 38.435744999411597, 0.0 ], [ 28.188519000031302, 38.802817000044236, 0.0 ], [ 27.774981004376141, 39.077600077416861, 0.0 ], [ 28.0296640001208, 39.044870000229302, 0.0 ], [ 29.150887999714779, 38.929447999486023, 0.0 ], [ 29.454945000504129, 38.809116999946269, 0.0 ], [ 29.580017899246165, 38.747482079082666, 0.0 ], [ 30.087390532713258, 38.684916912876943, 0.0 ], [ 30.371841126893607, 38.542777119621668, 0.0 ] ] ] } },
{ "type": "Feature", "properties": { "FID_gras38": -1, "FID_gras24": -1, "FID_gras_1": -1, "FID_eshm20": 390, "ZONE_ID": "TRAS492", "areakm2": 16982.560117199999, "tctCluster": "Shallow Default", "CSZ_ID": "SZ21", "TECTO_ID": "TSZ080", "magScaleRe": "WC1994", "SS": 40.0, "NF": 50.0, "TF": 10.0, "MINDEPTH": 0.0, "MAXDEPTH": 20.0, "HYPODEPTH1": 2.0, "HYPODEPTH2": 10.0, "HYPODEPTH3": 18.0, "WHDEPTH1": 0.1, "WHDEPTH2": 0.4, "WHDEPTH3": 0.5, "WMAXMAG01": 0.5, "WMAXMAG02": 0.4, "WMAXMAG03": 0.1, "MAXMAG01": 7.3, "MAXMAG02": 7.6, "MAXMAG03": 7.9, "STRIKE1": 31.283515, "STRIKE2": 125.494067, "STRIKE3": 221.157082, "STRIKE4": 300.619951, "DIP1": 46.294833, "DIP2": 53.321441, "DIP3": 52.118888, "DIP4": 47.884841, "aspRatio": 1.0, "mfd_bin": 0.2, "a_val": 4.53, "a_hi": 4.5550051068100004, "a_mid": 4.5299649030599998, "a_lo": 4.5049246993100001, "sigma_a": 0.062996628487399994, "b_val": 1.05, "b_hi": 1.0875479969499999, "b_mid": 1.05, "b_lo": 1.0124520030499999, "sigma_b": 0.0138859211518, "cum_cov_ab": 0.054321, "MCORNERP1": 7.2, "MCORNERP2": 7.4, "MCORNERP3": 7.6, "MAXMAGP1": 7.4, "MAXMAGP2": 7.4, "utsu_bval2": 0.0, "utsu_aval": 0.0, "utsu_Minfl": 0.0, "FID_gras26": -1, "Shape_Leng": 815964.65935500001, "Shape_Area": 21891967870.0 }, "geometry": { "type": "Polygon", "coordinates": [ [ [ 29.235099201483678, 39.40929425909431, 0.0 ], [ 30.038999086960022, 39.188002823284826, 0.0 ], [ 30.73077400033085, 38.938539999927315, 0.0 ], [ 30.377373212924649, 38.895078576282195, 0.0 ], [ 30.371841126893607, 38.542777119621668, 0.0 ], [ 30.087390532713258, 38.684916912876943, 0.0 ], [ 29.580017899246165, 38.747482079082666, 0.0 ], [ 29.454945000504129, 38.809116999946269, 0.0 ], [ 29.150887999714779, 38.929447999486023, 0.0 ], [ 28.0296640001208, 39.044870000229302, 0.0 ], [ 27.774981004376141, 39.077600077416861, 0.0 ], [ 27.679575000231548, 39.157992999635731, 0.0 ], [ 27.580561434669416, 39.229558186657933, 0.0 ], [ 27.784637999681649, 39.529688999418624, 0.0 ], [ 28.207768000226409, 39.494065999970921, 0.0 ], [ 29.065084293356332, 39.438626865431033, 0.0 ], [ 29.235099201483678, 39.40929425909431, 0.0 ] ] ] } },
{ "type": "Feature", "properties": { "FID_gras38": -1, "FID_gras24": -1, "FID_gras_1": -1, "FID_eshm20": 391, "ZONE_ID": "TRAS493", "areakm2": 16302.1973313, "tctCluster": "Shallow Default", "CSZ_ID": "SZ21", "TECTO_ID": "TSZ080", "magScaleRe": "WC1994", "SS": 20.0, "NF": 75.0, "TF": 5.0, "MINDEPTH": 0.0, "MAXDEPTH": 20.0, "HYPODEPTH1": 2.0, "HYPODEPTH2": 10.0, "HYPODEPTH3": 18.0, "WHDEPTH1": 0.1, "WHDEPTH2": 0.4, "WHDEPTH3": 0.5, "WMAXMAG01": 0.5, "WMAXMAG02": 0.4, "WMAXMAG03": 0.1, "MAXMAG01": 7.3, "MAXMAG02": 7.6, "MAXMAG03": 7.9, "STRIKE1": 59.418345, "STRIKE2": 119.574317, "STRIKE3": 237.209864, "STRIKE4": 294.876788, "DIP1": 50.260793, "DIP2": 50.561829, "DIP3": 53.882833, "DIP4": 53.53303, "aspRatio": 1.0, "mfd_bin": 0.2, "a_val": 3.8819155264599998, "a_hi": 3.9152920372, "a_mid": 3.8816800638600002, "a_lo": 3.84806809051, "sigma_a": 0.076805637045500003, "b_val": 0.88759429745899998, "b_hi": 0.92564890018500001, "b_mid": 0.88759429745899998, "b_lo": 0.84953969473400004, "sigma_b": 0.0142631527043, "cum_cov_ab": 0.054321, "MCORNERP1": 6.6, "MCORNERP2": 6.8, "MCORNERP3": 7.0, "MAXMAGP1": 7.0, "MAXMAGP2": 7.2, "utsu_bval2": 0.0, "utsu_aval": 0.0, "utsu_Minfl": 0.0, "FID_gras26": -1, "Shape_Leng": 766983.59950500005, "Shape_Area": 20850364790.0 }, "geometry": { "type": "Polygon", "coordinates": [ [ [ 27.774981004376141, 39.077600077416861, 0.0 ], [ 28.188519000031302, 38.802817000044236, 0.0 ], [ 28.824268999386099, 38.435744999411597, 0.0 ], [ 29.330844999672692, 38.130270999232494, 0.0 ], [ 28.725325000257886, 38.086300999562596, 0.0 ], [ 28.599519290043077, 38.196380078324026, 0.0 ], [ 28.483064739203691, 38.28018253386518, 0.0 ], [ 28.356175922165967, 38.344169202659828, 0.0 ], [ 28.202174110103833, 38.382127395568475, 0.0 ], [ 28.004800000292256, 38.390799999469102, 0.0 ], [ 27.774731999464233, 38.303949000418804, 0.0 ], [ 27.548303000190334, 38.266006999580071, 0.0 ], [ 27.082991836521863, 38.131328844778466, 0.0 ], [ 26.970413748797132, 38.10085795372094, 0.0 ], [ 26.867506065530087, 38.010357578648353, 0.0 ], [ 26.760646999653755, 38.037697999522884, 0.0 ], [ 26.836852713851219, 38.386408529257601, 0.0 ], [ 26.986470267626505, 38.788733782413424, 0.0 ], [ 27.269283937323092, 39.006591538516098, 0.0 ], [ 27.580561434669416, 39.229558186657933, 0.0 ], [ 27.679575000231548, 39.157992999635731, 0.0 ], [ 27.774981004376141, 39.077600077416861, 0.0 ] ] ] } },
{ "type": "Feature", "properties": { "FID_gras38": -1, "FID_gras24": -1, "FID_gras_1": -1, "FID_eshm20": 392, "ZONE_ID": "TRAS495", "areakm2": 109042.83482, "tctCluster": "Shallow Default", "CSZ_ID": "SZ33", "TECTO_ID": "TSZ003", "magScaleRe": "WC1994", "SS": 25.0, "NF": 50.0, "TF": 25.0, "MINDEPTH": 0.0, "MAXDEPTH": 20.0, "HYPODEPTH1": 2.0, "HYPODEPTH2": 10.0, "HYPODEPTH3": 18.0, "WHDEPTH1": 0.1, "WHDEPTH2": 0.4, "WHDEPTH3": 0.5, "WMAXMAG01": 0.5, "WMAXMAG02": 0.4, "WMAXMAG03": 0.1, "MAXMAG01": 7.1, "MAXMAG02": 7.4, "MAXMAG03": 7.7, "STRIKE1": 65.3675, "STRIKE2": 104.610411, "STRIKE3": 253.542529, "STRIKE4": 288.026209, "DIP1": 57.402604, "DIP2": 56.564422, "DIP3": 54.182569, "DIP4": 41.811018, "aspRatio": 1.0, "mfd_bin": 0.2, "a_val": 4.05, "a_hi": 4.1200509612999996, "a_mid": 4.0491235575499998, "a_lo": 3.9781961538099999, "sigma_a": 0.15597727467, "b_val": 1.0, "b_hi": 1.0572403888899999, "b_mid": 1.0, "b_lo": 0.94275961111200002, "sigma_b": 0.032270544872799997, "cum_cov_ab": 0.054321, "MCORNERP1": 6.0, "MCORNERP2": 6.2, "MCORNERP3": 6.4, "MAXMAGP1": 6.4, "MAXMAGP2": 6.6, "utsu_bval2": 0.0, "utsu_aval": 0.0, "utsu_Minfl": 0.0, "FID_gras26": -1, "Shape_Leng": 2755480.4684299999, "Shape_Area": 145566141941.0 }, "geometry": { "type": "Polygon", "coordinates": [ [ [ 41.791095000060004, 42.11248899977339, 0.0 ], [ 41.460748450341306, 41.375338484189385, 0.0 ], [ 41.160352897310084, 41.324826094327989, 0.0 ], [ 40.147468000006789, 41.067594999985836, 0.0 ], [ 38.637546999630132, 41.110189000167502, 0.0 ], [ 36.676511378245564, 41.647015523926321, 0.0 ], [ 35.367451000215105, 42.120059999709767, 0.0 ], [ 34.259886000398822, 42.334020999670585, 0.0 ], [ 32.876269000335213, 42.09148899969049, 0.0 ], [ 31.39861106615124, 41.317165376197508, 0.0 ], [ 30.655526746320707, 41.426572752997203, 0.0 ], [ 30.600834492011817, 41.599063709937504, 0.0 ], [ 32.631900000745397, 42.635399999459679, 0.0 ], [ 34.03190000065031, 42.835399999855667, 0.0 ], [ 36.332734999757932, 42.782992999893757, 0.0 ], [ 37.217223000002598, 42.579616000109965, 0.0 ], [ 37.783207000207966, 42.176866999755781, 0.0 ], [ 40.666299999582279, 42.121199999122027, 0.0 ], [ 41.791095000060004, 42.11248899977339, 0.0 ] ] ] } },
{ "type": "Feature", "properties": { "FID_gras38": -1, "FID_gras24": -1, "FID_gras_1": -1, "FID_eshm20": 393, "ZONE_ID": "TRAS496", "areakm2": 97385.035152500001, "tctCluster": "Shallow Default", "CSZ_ID": "SZ33", "TECTO_ID": "TSZ003", "magScaleRe": "WC1994", "SS": 25.0, "NF": 50.0, "TF": 25.0, "MINDEPTH": 0.0, "MAXDEPTH": 20.0, "HYPODEPTH1": 2.0, "HYPODEPTH2": 10.0, "HYPODEPTH3": 18.0, "WHDEPTH1": 0.1, "WHDEPTH2": 0.4, "WHDEPTH3": 0.5, "WMAXMAG01": 0.5, "WMAXMAG02": 0.4, "WMAXMAG03": 0.1, "MAXMAG01": 7.5, "MAXMAG02": 7.8, "MAXMAG03": 8.1, "STRIKE1": 65.3675, "STRIKE2": 104.610411, "STRIKE3": 253.542529, "STRIKE4": 288.026209, "DIP1": 57.402604, "DIP2": 56.564422, "DIP3": 54.182569, "DIP4": 41.811018, "aspRatio": 1.0, "mfd_bin": 0.2, "a_val": 4.0, "a_hi": 4.1242262372900003, "a_mid": 3.9999372344099999, "a_lo": 3.87564823152, "sigma_a": 0.22397647558, "b_val": 1.0, "b_hi": 1.0670191388000001, "b_mid": 1.0, "b_lo": 0.93298086120299994, "sigma_b": 0.044238341066100001, "cum_cov_ab": 0.054321, "MCORNERP1": 6.6, "MCORNERP2": 6.8, "MCORNERP3": 7.0, "MAXMAGP1": 6.8, "MAXMAGP2": 7.0, "utsu_bval2": 0.0, "utsu_aval": 0.0, "utsu_Minfl": 0.0, "FID_gras26": -1, "Shape_Leng": 2428639.7738199998, "Shape_Area": 129584491101.0 }, "geometry": { "type": "Polygon", "coordinates": [ [ [ 41.160352897310084, 41.324826094327989, 0.0 ], [ 40.73474550131521, 40.605251776243804, 0.0 ], [ 39.578316000222152, 40.203097999695544, 0.0 ], [ 39.34606400000402, 39.999266999225711, 0.0 ], [ 38.690000000074065, 40.243801999846305, 0.0 ], [ 37.181901000485908, 40.709504999637268, 0.0 ], [ 36.238820000457252, 41.043176999532569, 0.0 ], [ 35.309989999860022, 41.26400699980671, 0.0 ], [ 34.006635000065444, 41.310865999427278, 0.0 ], [ 33.342501999876873, 41.273459000141926, 0.0 ], [ 32.930818000305706, 41.129911999489174, 0.0 ], [ 31.886314000409342, 40.8778569993422, 0.0 ], [ 31.39861106615124, 41.317165376197508, 0.0 ], [ 32.876269000335213, 42.09148899969049, 0.0 ], [ 34.259886000398822, 42.334020999670585, 0.0 ], [ 35.367451000215105, 42.120059999709767, 0.0 ], [ 36.676511378245564, 41.647015523926321, 0.0 ], [ 38.637546999630132, 41.110189000167502, 0.0 ], [ 40.147468000006789, 41.067594999985836, 0.0 ], [ 41.160352897310084, 41.324826094327989, 0.0 ] ] ] } },
{ "type": "Feature", "properties": { "FID_gras38": -1, "FID_gras24": -1, "FID_gras_1": -1, "FID_eshm20": 394, "ZONE_ID": "UAAS496", "areakm2": 539120.60778600001, "tctCluster": "Shallow Default", "CSZ_ID": "SZ31", "TECTO_ID": "TSZ167", "magScaleRe": "WC1994", "SS": 33.0, "NF": 33.0, "TF": 34.0, "MINDEPTH": 0.0, "MAXDEPTH": 25.0, "HYPODEPTH1": 8.0, "HYPODEPTH2": 10.0, "HYPODEPTH3": 15.0, "WHDEPTH1": 0.1, "WHDEPTH2": 0.4, "WHDEPTH3": 0.5, "WMAXMAG01": 0.5, "WMAXMAG02": 0.4, "WMAXMAG03": 0.1, "MAXMAG01": 6.1, "MAXMAG02": 6.4, "MAXMAG03": 6.7, "STRIKE1": 0.0, "STRIKE2": 0.0, "STRIKE3": 0.0, "STRIKE4": 0.0, "DIP1": 89.99, "DIP2": 0.0, "DIP3": 0.0, "DIP4": 0.0, "aspRatio": 1.0, "mfd_bin": 0.2, "a_val": 3.76, "a_hi": 3.7654099071, "a_mid": 3.7595643896399999, "a_lo": 3.7537188721799999, "sigma_a": 0.01, "b_val": 1.01, "b_hi": 1.0418639364, "b_mid": 1.01, "b_lo": 0.97813606360399996, "sigma_b": 0.01, "cum_cov_ab": 0.054321, "MCORNERP1": 6.0, "MCORNERP2": 6.2, "MCORNERP3": 6.4, "MAXMAGP1": 6.4, "MAXMAGP2": 6.4, "utsu_bval2": 0.0, "utsu_aval": 0.0, "utsu_Minfl": 0.0, "FID_gras26": -1, "Shape_Leng": 4920681.8808700005, "Shape_Area": 808266524400.0 }, "geometry": { "type": "Polygon", "coordinates": [ [ [ 37.031276536786748, 45.503978476463764, 0.0 ], [ 35.987355000029027, 45.693014000121835, 0.0 ], [ 34.364866999833175, 45.208288999572822, 0.0 ], [ 33.528846765309936, 45.387748703733138, 0.0 ], [ 31.841092421832887, 45.323784379548322, 0.0 ], [ 31.217275628339301, 45.044490252205513, 0.0 ], [ 31.485056999665886, 44.144337999527096, 0.0 ], [ 29.815959412388509, 45.198913975531177, 0.0 ], [ 28.424813897829988, 45.795119196092244, 0.0 ], [ 26.999816999536733, 47.990386000290883, 0.0 ], [ 26.649999999634023, 48.24999999964006, 0.0 ], [ 26.400000000517228, 48.200000000061507, 0.0 ], [ 26.200000000145806, 48.00000000008972, 0.0 ], [ 25.266173000406411, 48.095346999521119, 0.0 ], [ 24.426278000584432, 48.044477999835316, 0.0 ], [ 22.885742187152918, 49.037876128895171, 0.0 ], [ 23.525999999977049, 49.911999999185959, 0.0 ], [ 24.120000000595063, 50.414999999975109, 0.0 ], [ 30.980871000430326, 52.007137999669467, 0.0 ], [ 30.127596000489877, 50.461808000022636, 0.0 ], [ 30.225039999943167, 49.531418999910031, 0.0 ], [ 31.056087000255086, 48.664174999424873, 0.0 ], [ 31.963754000705535, 47.940888000292667, 0.0 ], [ 32.77916199936918, 47.867977999681457, 0.0 ], [ 34.178270000044741, 47.274737999536093, 0.0 ], [ 35.61795000089581, 47.353190000113699, 0.0 ], [ 36.89478700030282, 46.955034999701773, 0.0 ], [ 36.746465000423569, 46.203248000018355, 0.0 ], [ 37.031276536786748, 45.503978476463764, 0.0 ] ] ] } },
{ "type": "Feature", "properties": { "FID_gras38": -1, "FID_gras24": -1, "FID_gras_1": -1, "FID_eshm20": 395, "ZONE_ID": "UKRA501", "areakm2": 116655.876927, "tctCluster": "Shallow Default", "CSZ_ID": "SZ31", "TECTO_ID": "TSZ365", "magScaleRe": "WC1994", "SS": 34.0, "NF": 33.0, "TF": 33.0, "MINDEPTH": 5.0, "MAXDEPTH": 25.0, "HYPODEPTH1": 5.0, "HYPODEPTH2": 10.0, "HYPODEPTH3": 20.0, "WHDEPTH1": 0.2, "WHDEPTH2": 0.4, "WHDEPTH3": 0.4, "WMAXMAG01": 0.5, "WMAXMAG02": 0.4, "WMAXMAG03": 0.1, "MAXMAG01": 6.9, "MAXMAG02": 7.2, "MAXMAG03": 7.5, "STRIKE1": 0.0, "STRIKE2": 0.0, "STRIKE3": 0.0, "STRIKE4": 0.0, "DIP1": 89.99, "DIP2": 0.0, "DIP3": 0.0, "DIP4": 0.0, "aspRatio": 1.0, "mfd_bin": 0.2, "a_val": 4.0130454720199999, "a_hi": 4.1459430770200001, "a_mid": 4.0127911766900004, "a_lo": 3.8796392763599998, "sigma_a": 0.226568873161, "b_val": 0.972124367208, "b_hi": 1.0458228054700001, "b_mid": 0.972124367208, "b_lo": 0.89842592894200002, "sigma_b": 0.053495557364200003, "cum_cov_ab": 0.054321, "MCORNERP1": 6.0, "MCORNERP2": 6.2, "MCORNERP3": 6.4, "MAXMAGP1": 6.4, "MAXMAGP2": 6.6, "utsu_bval2": 0.0, "utsu_aval": 0.0, "utsu_Minfl": 0.0, "FID_gras26": -1, "Shape_Leng": 2149786.3160100002, "Shape_Area": 164275588363.0 }, "geometry": { "type": "Polygon", "coordinates": [ [ [ 37.031276536786748, 45.503978476463764, 0.0 ], [ 39.616000541088304, 44.46299865641987, 0.0 ], [ 39.592268598180766, 44.20200842798539, 0.0 ], [ 38.443841476488217, 44.023805099317016, 0.0 ], [ 37.577700000158146, 43.919799999672748, 0.0 ], [ 36.024887254894963, 44.477165831197127, 0.0 ], [ 34.084841586692448, 43.923776394986717, 0.0 ], [ 32.437699999955349, 44.220999999715545, 0.0 ], [ 31.485056999665886, 44.144337999527096, 0.0 ], [ 31.217275628339301, 45.044490252205513, 0.0 ], [ 31.841092421832887, 45.323784379548322, 0.0 ], [ 33.528846765309936, 45.387748703733138, 0.0 ], [ 34.364866999833175, 45.208288999572822, 0.0 ], [ 35.987355000029027, 45.693014000121835, 0.0 ], [ 37.031276536786748, 45.503978476463764, 0.0 ] ] ] } },
{ "type": "Feature", "properties": { "FID_gras38": -1, "FID_gras24": -1, "FID_gras_1": -1, "FID_eshm20": 396, "ZONE_ID": "UKRA502", "areakm2": 250544.525826, "tctCluster": "Shallow Default", "CSZ_ID": "SZ33", "TECTO_ID": "TSZ010", "magScaleRe": "WC1994", "SS": 34.0, "NF": 33.0, "TF": 33.0, "MINDEPTH": 5.0, "MAXDEPTH": 25.0, "HYPODEPTH1": 5.0, "HYPODEPTH2": 10.0, "HYPODEPTH3": 20.0, "WHDEPTH1": 0.2, "WHDEPTH2": 0.4, "WHDEPTH3": 0.4, "WMAXMAG01": 0.5, "WMAXMAG02": 0.4, "WMAXMAG03": 0.1, "MAXMAG01": 6.0, "MAXMAG02": 6.3, "MAXMAG03": 6.6, "STRIKE1": 0.0, "STRIKE2": 0.0, "STRIKE3": 0.0, "STRIKE4": 0.0, "DIP1": 89.99, "DIP2": 0.0, "DIP3": 0.0, "DIP4": 0.0, "aspRatio": 1.0, "mfd_bin": 0.2, "a_val": 4.12, "a_hi": 4.2168786713399999, "a_mid": 4.1201372778299996, "a_lo": 4.0233958843200002, "sigma_a": 0.163334048506, "b_val": 1.07, "b_hi": 1.1269999422500001, "b_mid": 1.07, "b_lo": 1.01300005775, "sigma_b": 0.032, "cum_cov_ab": 0.054321, "MCORNERP1": 6.0, "MCORNERP2": 6.2, "MCORNERP3": 6.4, "MAXMAGP1": 6.4, "MAXMAGP2": 6.4, "utsu_bval2": 0.0, "utsu_aval": 0.0, "utsu_Minfl": 0.0, "FID_gras26": -1, "Shape_Leng": 3723164.9749400001, "Shape_Area": 380452128600.0 }, "geometry": { "type": "Polygon", "coordinates": [ [ [ 31.485056999665886, 44.144337999527096, 0.0 ], [ 32.437699999955349, 44.220999999715545, 0.0 ], [ 34.084841586692448, 43.923776394986717, 0.0 ], [ 36.024887254894963, 44.477165831197127, 0.0 ], [ 37.577700000158146, 43.919799999672748, 0.0 ], [ 38.443841476488217, 44.023805099317016, 0.0 ], [ 39.553399435474709, 43.337931685086907, 0.0 ], [ 39.827090083742029, 43.241592577145774, 0.0 ], [ 40.440211684583261, 43.123862861051968, 0.0 ], [ 41.008999999628507, 43.095900000045383, 0.0 ], [ 40.858122439191298, 42.814538079556847, 0.0 ], [ 41.402200515441876, 42.451067965032443, 0.0 ], [ 41.791095000060004, 42.11248899977339, 0.0 ], [ 40.666299999582279, 42.121199999122027, 0.0 ], [ 37.783207000207966, 42.176866999755781, 0.0 ], [ 37.217223000002598, 42.579616000109965, 0.0 ], [ 36.332734999757932, 42.782992999893757, 0.0 ], [ 34.03190000065031, 42.835399999855667, 0.0 ], [ 32.631900000745397, 42.635399999459679, 0.0 ], [ 30.600834492011817, 41.599063709937504, 0.0 ], [ 29.673957931898823, 41.601717176723234, 0.0 ], [ 29.037052611952081, 41.684779549803871, 0.0 ], [ 28.627947427626601, 41.90929814629574, 0.0 ], [ 28.268093839413648, 42.00141205908826, 0.0 ], [ 28.221563197177606, 42.630506344046701, 0.0 ], [ 28.585783048625654, 43.179957704504325, 0.0 ], [ 29.114370415318476, 43.977369063232324, 0.0 ], [ 29.815959412388509, 45.198913975531177, 0.0 ], [ 31.485056999665886, 44.144337999527096, 0.0 ] ] ] } },
{ "type": "Feature", "properties": { "FID_gras38": -1, "FID_gras24": -1, "FID_gras_1": -1, "FID_eshm20": 397, "ZONE_ID": "YUAS503", "areakm2": 18120.1943871, "tctCluster": "Shallow Default", "CSZ_ID": "SZ18", "TECTO_ID": "TSZ062", "magScaleRe": "WC1994", "SS": 20.0, "NF": 60.0, "TF": 20.0, "MINDEPTH": 0.0, "MAXDEPTH": 18.0, "HYPODEPTH1": 2.0, "HYPODEPTH2": 10.0, "HYPODEPTH3": 12.0, "WHDEPTH1": 0.1, "WHDEPTH2": 0.4, "WHDEPTH3": 0.5, "WMAXMAG01": 0.5, "WMAXMAG02": 0.4, "WMAXMAG03": 0.1, "MAXMAG01": 6.9, "MAXMAG02": 7.2, "MAXMAG03": 7.5, "STRIKE1": 0.0, "STRIKE2": 116.152, "STRIKE3": 0.0, "STRIKE4": 284.4485, "DIP1": 67.18525, "DIP2": 67.18525, "DIP3": 0.0, "DIP4": 64.377375, "aspRatio": 1.0, "mfd_bin": 0.2, "a_val": 3.08, "a_hi": 3.18028476859, "a_mid": 3.0802093778300002, "a_lo": 2.9801339870599999, "sigma_a": 0.163334048506, "b_val": 0.88, "b_hi": 0.93518995676799999, "b_mid": 0.88, "b_lo": 0.82481004323200002, "sigma_b": 0.03, "cum_cov_ab": 0.054321, "MCORNERP1": 6.5, "MCORNERP2": 6.7, "MCORNERP3": 6.9, "MAXMAGP1": 6.8, "MAXMAGP2": 7.0, "utsu_bval2": 0.0, "utsu_aval": 0.0, "utsu_Minfl": 0.0, "FID_gras26": -1, "Shape_Leng": 790581.68409300002, "Shape_Area": 25620412096.400002 }, "geometry": { "type": "Polygon", "coordinates": [ [ [ 20.580558000885461, 45.351255999762806, 0.0 ], [ 21.455074215487837, 44.808856155302365, 0.0 ], [ 21.137744999837722, 44.653267000425508, 0.0 ], [ 20.182681059620492, 44.544818524203748, 0.0 ], [ 19.472610663711212, 44.774008606844141, 0.0 ], [ 18.322050000099715, 45.10255599970273, 0.0 ], [ 18.685268000037279, 45.408116000180627, 0.0 ], [ 19.908699798273904, 45.15903921425501, 0.0 ], [ 20.580558000885461, 45.351255999762806, 0.0 ] ] ] } },
{ "type": "Feature", "properties": { "FID_gras38": -1, "FID_gras24": -1, "FID_gras_1": -1, "FID_eshm20": 398, "ZONE_ID": "YUAS505", "areakm2": 13711.7809803, "tctCluster": "Shallow Default", "CSZ_ID": "SZ18", "TECTO_ID": "TSZ062", "magScaleRe": "WC1994", "SS": 20.0, "NF": 60.0, "TF": 20.0, "MINDEPTH": 0.0, "MAXDEPTH": 15.0, "HYPODEPTH1": 2.0, "HYPODEPTH2": 10.0, "HYPODEPTH3": 12.0, "WHDEPTH1": 0.1, "WHDEPTH2": 0.4, "WHDEPTH3": 0.5, "WMAXMAG01": 0.5, "WMAXMAG02": 0.4, "WMAXMAG03": 0.1, "MAXMAG01": 6.9, "MAXMAG02": 7.2, "MAXMAG03": 7.5, "STRIKE1": 0.0, "STRIKE2": 0.0, "STRIKE3": 0.0, "STRIKE4": 292.352696, "DIP1": 89.99, "DIP2": 0.0, "DIP3": 0.0, "DIP4": 64.358076, "aspRatio": 1.0, "mfd_bin": 0.2, "a_val": 3.13, "a_hi": 3.13624898614, "a_mid": 3.1303717666200002, "a_lo": 3.1244945471, "sigma_a": 0.01, "b_val": 0.88, "b_hi": 0.91186393639600005, "b_mid": 0.88, "b_lo": 0.84813606360399996, "sigma_b": 0.01, "cum_cov_ab": 0.054321, "MCORNERP1": 6.0, "MCORNERP2": 6.2, "MCORNERP3": 6.4, "MAXMAGP1": 6.4, "MAXMAGP2": 6.6, "utsu_bval2": 0.0, "utsu_aval": 0.0, "utsu_Minfl": 0.0, "FID_gras26": -1, "Shape_Leng": 650553.48611199996, "Shape_Area": 18804286618.700001 }, "geometry": { "type": "Polygon", "coordinates": [ [ [ 22.259584132500613, 43.454515013585066, 0.0 ], [ 22.420997265743992, 43.301494227949753, 0.0 ], [ 22.781971169897258, 42.975885565437885, 0.0 ], [ 21.738718000372174, 42.773206000116367, 0.0 ], [ 20.91363332341685, 43.059437223884466, 0.0 ], [ 20.303435509755033, 43.421932086443782, 0.0 ], [ 20.646376503537482, 43.495956697097398, 0.0 ], [ 21.5929110748793, 43.406871089990751, 0.0 ], [ 21.73899999950617, 43.629000000107702, 0.0 ], [ 22.259584132500613, 43.454515013585066, 0.0 ] ] ] } },
{ "type": "Feature", "properties": { "FID_gras38": -1, "FID_gras24": -1, "FID_gras_1": -1, "FID_eshm20": 399, "ZONE_ID": "ZZAS506", "areakm2": 243016.57863599999, "tctCluster": "Shallow Default", "CSZ_ID": "SZ27", "TECTO_ID": "TSZ008", "magScaleRe": "WC1994", "SS": 60.0, "NF": 10.0, "TF": 30.0, "MINDEPTH": 0.0, "MAXDEPTH": 20.0, "HYPODEPTH1": 2.0, "HYPODEPTH2": 10.0, "HYPODEPTH3": 18.0, "WHDEPTH1": 0.1, "WHDEPTH2": 0.4, "WHDEPTH3": 0.5, "WMAXMAG01": 0.5, "WMAXMAG02": 0.4, "WMAXMAG03": 0.1, "MAXMAG01": 8.5, "MAXMAG02": 8.6, "MAXMAG03": 8.7, "STRIKE1": 0.0, "STRIKE2": 0.0, "STRIKE3": 0.0, "STRIKE4": 0.0, "DIP1": 89.99, "DIP2": 0.0, "DIP3": 0.0, "DIP4": 0.0, "aspRatio": 1.0, "mfd_bin": 0.2, "a_val": 4.4, "a_hi": 4.34882184727, "a_mid": 4.40006096732, "a_lo": 4.4513000873599999, "sigma_a": 0.103581429332, "b_val": 1.0, "b_hi": 1.0476559168699999, "b_mid": 1.0, "b_lo": 0.95234408312999996, "sigma_b": 0.0223683941112, "cum_cov_ab": 0.054321, "MCORNERP1": 8.4, "MCORNERP2": 8.6, "MCORNERP3": 8.8, "MAXMAGP1": 8.0, "MAXMAGP2": 8.0, "utsu_bval2": 0.3, "utsu_aval": 4.4, "utsu_Minfl": 6.2, "FID_gras26": -1, "Shape_Leng": 2429038.8007399999, "Shape_Area": 303581133508.0 }, "geometry": { "type": "Polygon", "coordinates": [ [ [ -15.101013985248807, 37.743263917612985, 0.0 ], [ -14.870200119528619, 36.507693300748812, 0.0 ], [ -17.444552847499548, 35.324321187716741, 0.0 ], [ -24.127760999983792, 36.014537999593628, 0.0 ], [ -23.52511899972005, 37.513801999535296, 0.0 ], [ -19.632033000029256, 38.271780999779303, 0.0 ], [ -15.101013985248807, 37.743263917612985, 0.0 ] ] ] } },
{ "type": "Feature", "properties": { "FID_gras38": -1, "FID_gras24": -1, "FID_gras_1": -1, "FID_eshm20": 400, "ZONE_ID": "GRAS253", "areakm2": 18574.7558665, "tctCluster": "Shallow Default", "CSZ_ID": "SZ22", "TECTO_ID": "TSZ082", "magScaleRe": "WC1994", "SS": 40.0, "NF": 60.0, "TF": 0.0, "MINDEPTH": 0.0, "MAXDEPTH": 20.0, "HYPODEPTH1": 2.0, "HYPODEPTH2": 10.0, "HYPODEPTH3": 18.0, "WHDEPTH1": 0.1, "WHDEPTH2": 0.4, "WHDEPTH3": 0.5, "WMAXMAG01": 0.5, "WMAXMAG02": 0.4, "WMAXMAG03": 0.1, "MAXMAG01": 7.9, "MAXMAG02": 8.2, "MAXMAG03": 8.5, "STRIKE1": 59.750273, "STRIKE2": 0.0, "STRIKE3": 221.52187, "STRIKE4": 304.452917, "DIP1": 71.687636, "DIP2": 0.0, "DIP3": 68.0383, "DIP4": 73.287958, "aspRatio": 1.0, "mfd_bin": 0.2, "a_val": 3.85, "a_hi": 3.8672810337299999, "a_mid": 3.8498599839000001, "a_lo": 3.8324389340799998, "sigma_a": 0.0420622578338, "b_val": 0.866, "b_hi": 0.89621164654499996, "b_mid": 0.866, "b_lo": 0.83578835345500002, "sigma_b": 0.0089897980812399993, "cum_cov_ab": 0.054321, "MCORNERP1": 7.8, "MCORNERP2": 8.0, "MCORNERP3": 8.2, "MAXMAGP1": 8.0, "MAXMAGP2": 8.2, "utsu_bval2": 0.0, "utsu_aval": 0.0, "utsu_Minfl": 0.0, "FID_gras26": -1, "Shape_Leng": 445716.57913199998, "Shape_Area": 9239291357.5599995 }, "geometry": { "type": "Polygon", "coordinates": [ [ [ 23.428100000414204, 39.09979999941752, 0.0 ], [ 23.250000000506539, 39.449999999898765, 0.0 ], [ 22.886375334138187, 40.095075897719084, 0.0 ], [ 24.049184794346591, 40.100991385730673, 0.0 ], [ 23.428100000414204, 39.09979999941752, 0.0 ] ] ] } },
{ "type": "Feature", "properties": { "FID_gras38": -1, "FID_gras24": -1, "FID_gras_1": -1, "FID_eshm20": 403, "ZONE_ID": "TRAS472", "areakm2": 10783.822846200001, "tctCluster": "Shallow Default", "CSZ_ID": "SZ22", "TECTO_ID": "TSZ080", "magScaleRe": "WC1994", "SS": 65.0, "NF": 20.0, "TF": 15.0, "MINDEPTH": 0.0, "MAXDEPTH": 20.0, "HYPODEPTH1": 2.0, "HYPODEPTH2": 10.0, "HYPODEPTH3": 18.0, "WHDEPTH1": 0.1, "WHDEPTH2": 0.4, "WHDEPTH3": 0.5, "WMAXMAG01": 0.5, "WMAXMAG02": 0.4, "WMAXMAG03": 0.1, "MAXMAG01": 7.6, "MAXMAG02": 7.9, "MAXMAG03": 8.2, "STRIKE1": 44.983663, "STRIKE2": 119.797828, "STRIKE3": 233.96938, "STRIKE4": 327.390292, "DIP1": 72.907782, "DIP2": 55.181354, "DIP3": 69.524463, "DIP4": 60.760208, "aspRatio": 1.0, "mfd_bin": 0.2, "a_val": 2.97, "a_hi": 3.0087676548400002, "a_mid": 2.9699069933, "a_lo": 2.9310463317500002, "sigma_a": 0.070754254656499996, "b_val": 0.76, "b_hi": 0.79743367458199998, "b_mid": 0.76, "b_lo": 0.72256632541800003, "sigma_b": 0.0138014929603, "cum_cov_ab": 0.054321, "MCORNERP1": 6.9, "MCORNERP2": 7.1, "MCORNERP3": 7.3, "MAXMAGP1": 7.2, "MAXMAGP2": 7.4, "utsu_bval2": 0.0, "utsu_aval": 0.0, "utsu_Minfl": 0.0, "FID_gras26": -1, "Shape_Leng": 306554.00741299998, "Shape_Area": 4040655212.1 }, "geometry": { "type": "Polygon", "coordinates": [ [ [ 26.50139999992042, 38.122199999850068, 0.0 ], [ 25.94725339845456, 38.792192656545453, 0.0 ], [ 26.005158945399373, 38.876739788675678, 0.0 ], [ 26.249203211200474, 39.064124874351037, 0.0 ], [ 26.527899999866317, 38.606000000037369, 0.0 ], [ 26.50139999992042, 38.122199999850068, 0.0 ] ] ] } },
{ "type": "Feature", "properties": { "FID_gras38": -1, "FID_gras24": -1, "FID_gras_1": -1, "FID_eshm20": 404, "ZONE_ID": "TRAS478", "areakm2": 6929.3697579199998, "tctCluster": "Shallow Default", "CSZ_ID": "SZ21", "TECTO_ID": "TSZ080", "magScaleRe": "WC1994", "SS": 25.0, "NF": 50.0, "TF": 25.0, "MINDEPTH": 0.0, "MAXDEPTH": 20.0, "HYPODEPTH1": 2.0, "HYPODEPTH2": 10.0, "HYPODEPTH3": 18.0, "WHDEPTH1": 0.1, "WHDEPTH2": 0.4, "WHDEPTH3": 0.5, "WMAXMAG01": 0.5, "WMAXMAG02": 0.4, "WMAXMAG03": 0.1, "MAXMAG01": 7.3, "MAXMAG02": 7.6, "MAXMAG03": 7.9, "STRIKE1": 57.718102, "STRIKE2": 0.0, "STRIKE3": 246.245158, "STRIKE4": 0.0, "DIP1": 56.013216, "DIP2": 0.0, "DIP3": 56.349592, "DIP4": 0.0, "aspRatio": 1.0, "mfd_bin": 0.2, "a_val": 4.68, "a_hi": 4.7060593898800001, "a_mid": 4.68004163184, "a_lo": 4.6540238738099999, "sigma_a": 0.064688853895499998, "b_val": 1.05807048271, "b_hi": 1.0952838975800001, "b_mid": 1.05807048271, "b_lo": 1.02085706783, "sigma_b": 0.0136395548455, "cum_cov_ab": 0.054321, "MCORNERP1": 7.1, "MCORNERP2": 7.3, "MCORNERP3": 7.5, "MAXMAGP1": 7.4, "MAXMAGP2": 7.4, "utsu_bval2": 0.0, "utsu_aval": 0.0, "utsu_Minfl": 0.0, "FID_gras26": -1, "Shape_Leng": 308262.40716499998, "Shape_Area": 4433281402.9799995 }, "geometry": { "type": "Polygon", "coordinates": [ [ [ 27.586339572850036, 36.5553077724622, 0.0 ], [ 26.933332999769402, 36.433332999892812, 0.0 ], [ 26.500000000702926, 36.300000000312842, 0.0 ], [ 26.553263389330983, 36.436612526970769, 0.0 ], [ 26.635346000694803, 36.647141999993821, 0.0 ], [ 27.133352246545773, 36.878735609216022, 0.0 ], [ 27.586339572850036, 36.5553077724622, 0.0 ] ] ] } },
{ "type": "Feature", "properties": { "FID_gras38": -1, "FID_gras24": -1, "FID_gras_1": -1, "FID_eshm20": 405, "ZONE_ID": "GRAS259", "areakm2": 23185.099694299999, "tctCluster": "Shallow Default", "CSZ_ID": "SZ22", "TECTO_ID": "TSZ024", "magScaleRe": "WC1994", "SS": 25.0, "NF": 50.0, "TF": 25.0, "MINDEPTH": 0.0, "MAXDEPTH": 20.0, "HYPODEPTH1": 2.0, "HYPODEPTH2": 10.0, "HYPODEPTH3": 18.0, "WHDEPTH1": 0.1, "WHDEPTH2": 0.4, "WHDEPTH3": 0.5, "WMAXMAG01": 0.5, "WMAXMAG02": 0.4, "WMAXMAG03": 0.1, "MAXMAG01": 7.0, "MAXMAG02": 7.3, "MAXMAG03": 7.6, "STRIKE1": 57.718102, "STRIKE2": 0.0, "STRIKE3": 246.245158, "STRIKE4": 0.0, "DIP1": 56.013216, "DIP2": 0.0, "DIP3": 56.349592, "DIP4": 0.0, "aspRatio": 1.0, "mfd_bin": 0.2, "a_val": 5.76, "a_hi": 5.7656195936600003, "a_mid": 5.759706513, "a_lo": 5.7537934323400002, "sigma_a": 0.01, "b_val": 1.29, "b_hi": 1.3218639364, "b_mid": 1.29, "b_lo": 1.2581360636000001, "sigma_b": 0.01, "cum_cov_ab": 0.054321, "MCORNERP1": 6.8, "MCORNERP2": 7.0, "MCORNERP3": 7.2, "MAXMAGP1": 7.0, "MAXMAGP2": 7.0, "utsu_bval2": 0.0, "utsu_aval": 0.0, "utsu_Minfl": 0.0, "FID_gras26": -1, "Shape_Leng": 713646.28541899996, "Shape_Area": 15582703733.0 }, "geometry": { "type": "Polygon", "coordinates": [ [ [ 27.442561999974487, 37.022531000187008, 0.0 ], [ 26.635346000694803, 36.647141999993821, 0.0 ], [ 26.553192340676851, 36.436615730733557, 0.0 ], [ 24.604621370272213, 36.524425995036452, 0.0 ], [ 24.751199999798136, 36.710299999807297, 0.0 ], [ 25.024313525411163, 36.905003102848227, 0.0 ], [ 25.214200000361508, 36.78249999963051, 0.0 ], [ 26.108500000213951, 36.888400000352711, 0.0 ], [ 26.500000000702926, 37.103106999405938, 0.0 ], [ 26.913501000141387, 37.178685999592211, 0.0 ], [ 27.442561999974487, 37.022531000187008, 0.0 ] ] ] } },
{ "type": "Feature", "properties": { "FID_gras38": -1, "FID_gras24": -1, "FID_gras_1": -1, "FID_eshm20": 406, "ZONE_ID": "GRAS255", "areakm2": 67077.127398800003, "tctCluster": "Shallow Default", "CSZ_ID": "SZ22", "TECTO_ID": "TSZ095", "magScaleRe": "WC1994", "SS": 25.0, "NF": 50.0, "TF": 25.0, "MINDEPTH": 0.0, "MAXDEPTH": 20.0, "HYPODEPTH1": 2.0, "HYPODEPTH2": 10.0, "HYPODEPTH3": 18.0, "WHDEPTH1": 0.1, "WHDEPTH2": 0.4, "WHDEPTH3": 0.5, "WMAXMAG01": 0.5, "WMAXMAG02": 0.4, "WMAXMAG03": 0.1, "MAXMAG01": 6.9, "MAXMAG02": 7.2, "MAXMAG03": 7.5, "STRIKE1": 73.74905, "STRIKE2": 109.974, "STRIKE3": 222.683648, "STRIKE4": 293.419125, "DIP1": 63.2464, "DIP2": 63.868422, "DIP3": 66.773338, "DIP4": 52.738125, "aspRatio": 1.0, "mfd_bin": 0.2, "a_val": 5.3599, "a_hi": 5.3661701831100004, "a_mid": 5.3602157009600004, "a_lo": 5.3542612187999996, "sigma_a": 0.01, "b_val": 1.08, "b_hi": 1.1118639364, "b_mid": 1.08, "b_lo": 1.0481360636, "sigma_b": 0.01, "cum_cov_ab": 0.054321, "MCORNERP1": 6.0, "MCORNERP2": 6.2, "MCORNERP3": 6.4, "MAXMAGP1": 6.4, "MAXMAGP2": 6.6, "utsu_bval2": 0.0, "utsu_aval": 0.0, "utsu_Minfl": 0.0, "FID_gras26": -1, "Shape_Leng": 413062.680727, "Shape_Area": 10583330045.200001 }, "geometry": { "type": "Polygon", "coordinates": [ [ [ 24.290499999874129, 35.59860000005073, 0.0 ], [ 23.779885467819202, 34.804635853518327, 0.0 ], [ 23.064492866465237, 35.230867814385405, 0.0 ], [ 23.163853777310031, 35.376956227081848, 0.0 ], [ 23.263214688154854, 35.523044639237682, 0.0 ], [ 23.968596210657687, 35.889101587654139, 0.0 ], [ 24.290499999874129, 35.59860000005073, 0.0 ] ] ] } },
{ "type": "Feature", "properties": { "FID_gras38": -1, "FID_gras24": -1, "FID_gras_1": -1, "FID_eshm20": 407, "ZONE_ID": "GRAS255", "areakm2": 67077.127398800003, "tctCluster": "Shallow Default", "CSZ_ID": "SZ22", "TECTO_ID": "TSZ095", "magScaleRe": "WC1994", "SS": 25.0, "NF": 50.0, "TF": 25.0, "MINDEPTH": 0.0, "MAXDEPTH": 20.0, "HYPODEPTH1": 2.0, "HYPODEPTH2": 10.0, "HYPODEPTH3": 18.0, "WHDEPTH1": 0.1, "WHDEPTH2": 0.4, "WHDEPTH3": 0.5, "WMAXMAG01": 0.5, "WMAXMAG02": 0.4, "WMAXMAG03": 0.1, "MAXMAG01": 6.9, "MAXMAG02": 7.2, "MAXMAG03": 7.5, "STRIKE1": 73.74905, "STRIKE2": 109.974, "STRIKE3": 222.683648, "STRIKE4": 293.419125, "DIP1": 63.2464, "DIP2": 63.868422, "DIP3": 66.773338, "DIP4": 52.738125, "aspRatio": 1.0, "mfd_bin": 0.2, "a_val": 5.3599, "a_hi": 5.3661701831100004, "a_mid": 5.3602157009600004, "a_lo": 5.3542612187999996, "sigma_a": 0.01, "b_val": 1.08, "b_hi": 1.1118639364, "b_mid": 1.08, "b_lo": 1.0481360636, "sigma_b": 0.01, "cum_cov_ab": 0.054321, "MCORNERP1": 6.0, "MCORNERP2": 6.2, "MCORNERP3": 6.4, "MAXMAGP1": 6.4, "MAXMAGP2": 6.6, "utsu_bval2": 0.0, "utsu_aval": 0.0, "utsu_Minfl": 0.0, "FID_gras26": -1, "Shape_Leng": 455091.15777400002, "Shape_Area": 12521044349.4 }, "geometry": { "type": "Polygon", "coordinates": [ [ [ 28.08472592733877, 35.567301629457489, 0.0 ], [ 27.103892735218217, 35.024708822321131, 0.0 ], [ 26.507717347358735, 35.663928266893905, 0.0 ], [ 26.709058000646706, 35.747821999595004, 0.0 ], [ 27.463306275604442, 36.043084401307041, 0.0 ], [ 28.08472592733877, 35.567301629457489, 0.0 ] ] ] } },
{ "type": "Feature", "properties": { "FID_gras38": -1, "FID_gras24": -1, "FID_gras_1": -1, "FID_eshm20": 409, "ZONE_ID": "GRAS266", "areakm2": 24698.733211399998, "tctCluster": "Shallow Default", "CSZ_ID": "SZ22", "TECTO_ID": "TSZ078", "magScaleRe": "WC1994", "SS": 25.0, "NF": 50.0, "TF": 25.0, "MINDEPTH": 0.0, "MAXDEPTH": 20.0, "HYPODEPTH1": 2.0, "HYPODEPTH2": 10.0, "HYPODEPTH3": 18.0, "WHDEPTH1": 0.1, "WHDEPTH2": 0.4, "WHDEPTH3": 0.5, "WMAXMAG01": 0.5, "WMAXMAG02": 0.4, "WMAXMAG03": 0.1, "MAXMAG01": 7.0, "MAXMAG02": 7.3, "MAXMAG03": 7.6, "STRIKE1": 50.786882, "STRIKE2": 116.653104, "STRIKE3": 248.04414, "STRIKE4": 318.021659, "DIP1": 54.111706, "DIP2": 52.67326, "DIP3": 56.645442, "DIP4": 55.237734, "aspRatio": 1.0, "mfd_bin": 0.2, "a_val": 3.9, "a_hi": 3.9091700216900001, "a_mid": 3.90017509727, "a_lo": 3.89118017286, "sigma_a": 0.035554353839900001, "b_val": 0.85, "b_hi": 0.89030504569299995, "b_mid": 0.85, "b_lo": 0.809694954307, "sigma_b": 0.016, "cum_cov_ab": 0.054321, "MCORNERP1": 6.4, "MCORNERP2": 6.6, "MCORNERP3": 6.8, "MAXMAGP1": 6.8, "MAXMAGP2": 7.0, "utsu_bval2": 0.0, "utsu_aval": 0.0, "utsu_Minfl": 0.0, "FID_gras26": -1, "Shape_Leng": 615178.81219600001, "Shape_Area": 23494532730.099998 }, "geometry": { "type": "Polygon", "coordinates": [ [ [ 22.656667056479201, 37.741150069576463, 0.0 ], [ 22.969559182123966, 37.477045715207758, 0.0 ], [ 22.298399999957503, 36.403300000399938, 0.0 ], [ 21.243764515520894, 37.510664849568265, 0.0 ], [ 21.816392000121759, 37.999999999503771, 0.0 ], [ 22.350000001530137, 37.999999999503771, 0.0 ], [ 22.656667056479201, 37.741150069576463, 0.0 ] ] ] } },
{ "type": "Feature", "properties": { "FID_gras38": -1, "FID_gras24": -1, "FID_gras_1": -1, "FID_eshm20": 410, "ZONE_ID": "GRAS241", "areakm2": 19969.484766699999, "tctCluster": "Shallow Default", "CSZ_ID": "SZ22", "TECTO_ID": "TSZ079", "magScaleRe": "WC1994", "SS": 40.0, "NF": 60.0, "TF": 0.0, "MINDEPTH": 0.0, "MAXDEPTH": 20.0, "HYPODEPTH1": 2.0, "HYPODEPTH2": 10.0, "HYPODEPTH3": 18.0, "WHDEPTH1": 0.1, "WHDEPTH2": 0.4, "WHDEPTH3": 0.5, "WMAXMAG01": 0.5, "WMAXMAG02": 0.4, "WMAXMAG03": 0.1, "MAXMAG01": 7.3, "MAXMAG02": 7.6, "MAXMAG03": 7.9, "STRIKE1": 77.235375, "STRIKE2": 119.308, "STRIKE3": 251.883667, "STRIKE4": 287.630462, "DIP1": 51.71425, "DIP2": 54.170111, "DIP3": 59.094333, "DIP4": 52.927026, "aspRatio": 1.0, "mfd_bin": 0.2, "a_val": 4.5, "a_hi": 4.5103147418100002, "a_mid": 4.4997424101899997, "a_lo": 4.4891700785699999, "sigma_a": 0.042823386279099998, "b_val": 0.95, "b_hi": 0.99617523069400005, "b_mid": 0.95, "b_lo": 0.90382476930599998, "sigma_b": 0.021, "cum_cov_ab": 0.054321, "MCORNERP1": 7.0, "MCORNERP2": 7.2, "MCORNERP3": 7.4, "MAXMAGP1": 7.4, "MAXMAGP2": 7.6, "utsu_bval2": 0.0, "utsu_aval": 0.0, "utsu_Minfl": 0.0, "FID_gras26": -1, "Shape_Leng": 370052.80552599998, "Shape_Area": 7233476188.4399996 }, "geometry": { "type": "Polygon", "coordinates": [ [ [ 22.350000001530137, 37.999999999503771, 0.0 ], [ 21.816392000121759, 37.999999999503771, 0.0 ], [ 21.500000000400803, 38.499999999023068, 0.0 ], [ 22.150000000260412, 38.499999999023068, 0.0 ], [ 22.800000000120026, 38.4999999997261, 0.0 ], [ 22.350000001530137, 37.999999999503771, 0.0 ] ] ] } },
{ "type": "Feature", "properties": { "FID_gras38": -1, "FID_gras24": -1, "FID_gras_1": -1, "FID_eshm20": 411, "ZONE_ID": "GRAS241", "areakm2": 19969.484766699999, "tctCluster": "Shallow Default", "CSZ_ID": "SZ22", "TECTO_ID": "TSZ079", "magScaleRe": "WC1994", "SS": 40.0, "NF": 60.0, "TF": 0.0, "MINDEPTH": 0.0, "MAXDEPTH": 20.0, "HYPODEPTH1": 2.0, "HYPODEPTH2": 10.0, "HYPODEPTH3": 18.0, "WHDEPTH1": 0.1, "WHDEPTH2": 0.4, "WHDEPTH3": 0.5, "WMAXMAG01": 0.5, "WMAXMAG02": 0.4, "WMAXMAG03": 0.1, "MAXMAG01": 7.3, "MAXMAG02": 7.6, "MAXMAG03": 7.9, "STRIKE1": 77.235375, "STRIKE2": 119.308, "STRIKE3": 251.883667, "STRIKE4": 287.630462, "DIP1": 51.71425, "DIP2": 54.170111, "DIP3": 59.094333, "DIP4": 52.927026, "aspRatio": 1.0, "mfd_bin": 0.2, "a_val": 4.5, "a_hi": 4.5103147418100002, "a_mid": 4.4997424101899997, "a_lo": 4.4891700785699999, "sigma_a": 0.042823386279099998, "b_val": 0.95, "b_hi": 0.99617523069400005, "b_mid": 0.95, "b_lo": 0.90382476930599998, "sigma_b": 0.021, "cum_cov_ab": 0.054321, "MCORNERP1": 7.0, "MCORNERP2": 7.2, "MCORNERP3": 7.4, "MAXMAGP1": 7.4, "MAXMAGP2": 7.6, "utsu_bval2": 0.0, "utsu_aval": 0.0, "utsu_Minfl": 0.0, "FID_gras26": -1, "Shape_Leng": 310400.01328000001, "Shape_Area": 5781363975.3999996 }, "geometry": { "type": "Polygon", "coordinates": [ [ [ 23.33925936496458, 38.114814739407358, 0.0 ], [ 23.245266539220964, 38.063391144612602, 0.0 ], [ 22.684322080572997, 37.756290365710917, 0.0 ], [ 22.656998869890643, 37.741331745947285, 0.0 ], [ 22.350000001530137, 37.999999999503771, 0.0 ], [ 22.800000000120026, 38.4999999997261, 0.0 ], [ 23.069629682093169, 38.307407369618119, 0.0 ], [ 23.33925936496458, 38.114814739407358, 0.0 ] ] ] } },
{ "type": "Feature", "properties": { "FID_gras38": -1, "FID_gras24": -1, "FID_gras_1": -1, "FID_eshm20": 412, "ZONE_ID": "GRAS251", "areakm2": 23071.882358399998, "tctCluster": "Shallow Default", "CSZ_ID": "SZ22", "TECTO_ID": "TSZ025", "magScaleRe": "WC1994", "SS": 20.0, "NF": 60.0, "TF": 20.0, "MINDEPTH": 0.0, "MAXDEPTH": 20.0, "HYPODEPTH1": 2.0, "HYPODEPTH2": 10.0, "HYPODEPTH3": 18.0, "WHDEPTH1": 0.1, "WHDEPTH2": 0.4, "WHDEPTH3": 0.5, "WMAXMAG01": 0.5, "WMAXMAG02": 0.4, "WMAXMAG03": 0.1, "MAXMAG01": 7.5, "MAXMAG02": 7.5, "MAXMAG03": 7.8, "STRIKE1": 84.6065, "STRIKE2": 100.107471, "STRIKE3": 244.593526, "STRIKE4": 290.959553, "DIP1": 50.405675, "DIP2": 54.044265, "DIP3": 55.690421, "DIP4": 50.027298, "aspRatio": 1.0, "mfd_bin": 0.2, "a_val": 4.29, "a_hi": 4.2943229058399996, "a_mid": 4.2898548226499997, "a_lo": 4.2853867394599998, "sigma_a": 0.023130115900600001, "b_val": 0.88, "b_hi": 0.91941351262299997, "b_mid": 0.88, "b_lo": 0.84058648737700004, "sigma_b": 0.0153, "cum_cov_ab": 0.054321, "MCORNERP1": 6.8, "MCORNERP2": 7.0, "MCORNERP3": 7.2, "MAXMAGP1": 7.2, "MAXMAGP2": 7.4, "utsu_bval2": 0.0, "utsu_aval": 0.0, "utsu_Minfl": 0.0, "FID_gras26": -1, "Shape_Leng": 530578.47820400004, "Shape_Area": 14894494230.0 }, "geometry": { "type": "Polygon", "coordinates": [ [ [ 20.98230000025417, 39.061999999485124, 0.0 ], [ 21.033309699989026, 38.574685291159568, 0.0 ], [ 19.653675602621426, 38.562377958277644, 0.0 ], [ 19.676137350175058, 38.651135643174378, 0.0 ], [ 20.34798635763136, 39.425082109813864, 0.0 ], [ 21.172135555999272, 39.510597486034271, 0.0 ], [ 20.98230000025417, 39.061999999485124, 0.0 ] ] ] } },
{ "type": "Feature", "properties": { "FID_gras38": -1, "FID_gras24": -1, "FID_gras_1": -1, "FID_eshm20": -1, "ZONE_ID": null, "areakm2": 0.0, "tctCluster": null, "CSZ_ID": null, "TECTO_ID": null, "magScaleRe": null, "SS": 0.0, "NF": 0.0, "TF": 0.0, "MINDEPTH": 0.0, "MAXDEPTH": 0.0, "HYPODEPTH1": 0.0, "HYPODEPTH2": 0.0, "HYPODEPTH3": 0.0, "WHDEPTH1": 0.0, "WHDEPTH2": 0.0, "WHDEPTH3": 0.0, "WMAXMAG01": 0.0, "WMAXMAG02": 0.0, "WMAXMAG03": 0.0, "MAXMAG01": 0.0, "MAXMAG02": 0.0, "MAXMAG03": 0.0, "STRIKE1": 0.0, "STRIKE2": 0.0, "STRIKE3": 0.0, "STRIKE4": 0.0, "DIP1": 0.0, "DIP2": 0.0, "DIP3": 0.0, "DIP4": 0.0, "aspRatio": 0.0, "mfd_bin": 0.0, "a_val": 0.0, "a_hi": 0.0, "a_mid": 0.0, "a_lo": 0.0, "sigma_a": 0.0, "b_val": 0.0, "b_hi": 0.0, "b_mid": 0.0, "b_lo": 0.0, "sigma_b": 0.0, "cum_cov_ab": 0.0, "MCORNERP1": 0.0, "MCORNERP2": 0.0, "MCORNERP3": 0.0, "MAXMAGP1": 0.0, "MAXMAGP2": 0.0, "utsu_bval2": 0.0, "utsu_aval": 0.0, "utsu_Minfl": 0.0, "FID_gras26": 1, "Shape_Leng": 997909.60333499999, "Shape_Area": 47910087463.300003 }, "geometry": { "type": "Polygon", "coordinates": [ [ [ 22.298399999957503, 36.403300000399938, 0.0 ], [ 23.263214688154854, 35.523044639237682, 0.0 ], [ 23.064492866465237, 35.230867814385405, 0.0 ], [ 22.700453959969902, 34.845185368494029, 0.0 ], [ 20.258405093569344, 36.651514836220834, 0.0 ], [ 20.552111593365666, 36.907602044729089, 0.0 ], [ 20.845818094060288, 37.163689253132816, 0.0 ], [ 21.243764515520894, 37.510664849568265, 0.0 ], [ 21.771082257290029, 36.956982424640152, 0.0 ], [ 22.298399999957503, 36.403300000399938, 0.0 ] ] ] } },
{ "type": "Feature", "properties": { "FID_gras38": 1, "FID_gras24": -1, "FID_gras_1": -1, "FID_eshm20": 183, "ZONE_ID": "GRAS240", "areakm2": 17297.834751099999, "tctCluster": "Shallow Default", "CSZ_ID": "SZ22", "TECTO_ID": "TSZ120", "magScaleRe": "WC1994", "SS": 25.0, "NF": 50.0, "TF": 25.0, "MINDEPTH": 0.0, "MAXDEPTH": 20.0, "HYPODEPTH1": 2.0, "HYPODEPTH2": 10.0, "HYPODEPTH3": 18.0, "WHDEPTH1": 0.1, "WHDEPTH2": 0.4, "WHDEPTH3": 0.5, "WMAXMAG01": 0.5, "WMAXMAG02": 0.4, "WMAXMAG03": 0.1, "MAXMAG01": 7.0, "MAXMAG02": 7.3, "MAXMAG03": 7.6, "STRIKE1": 0.0, "STRIKE2": 123.0945, "STRIKE3": 0.0, "STRIKE4": 280.863167, "DIP1": 55.453, "DIP2": 55.453, "DIP3": 0.0, "DIP4": 50.234556, "aspRatio": 1.0, "mfd_bin": 0.2, "a_val": 3.0423350349899998, "a_hi": 3.0920936248199999, "a_mid": 3.0421840232, "a_lo": 2.9922744215799999, "sigma_a": 0.089007664734900002, "b_val": 0.83425002614, "b_hi": 0.87878487053300003, "b_mid": 0.83425002614, "b_lo": 0.78971518174599997, "sigma_b": 0.019534442686700002, "cum_cov_ab": 0.054321, "MCORNERP1": 6.8, "MCORNERP2": 7.0, "MCORNERP3": 7.2, "MAXMAGP1": 7.0, "MAXMAGP2": 7.2, "utsu_bval2": 0.0, "utsu_aval": 0.0, "utsu_Minfl": 0.0, "FID_gras26": -1, "Shape_Leng": 147570.93085, "Shape_Area": 85601.021241099996 }, "geometry": { "type": "MultiPolygon", "coordinates": [ [ [ [ 23.749599999605365, 38.080400000342443, 0.0 ], [ 24.155451245223254, 38.166447493447137, 0.0 ], [ 23.95252562241431, 38.123423746858371, 0.0 ], [ 23.749599999605365, 38.080400000342443, 0.0 ] ] ], [ [ [ 23.596665503780056, 37.932119519538148, 0.0 ], [ 23.749599999605365, 38.080400000342443, 0.0 ], [ 23.673132751692709, 38.006259760283484, 0.0 ], [ 23.596665503780056, 37.932119519538148, 0.0 ] ] ] ] } },
{ "type": "Feature", "properties": { "FID_gras38": 1, "FID_gras24": -1, "FID_gras_1": -1, "FID_eshm20": 184, "ZONE_ID": "GRAS241", "areakm2": 19969.484766699999, "tctCluster": "Shallow Default", "CSZ_ID": "SZ22", "TECTO_ID": "TSZ079", "magScaleRe": "WC1994", "SS": 40.0, "NF": 60.0, "TF": 0.0, "MINDEPTH": 0.0, "MAXDEPTH": 20.0, "HYPODEPTH1": 2.0, "HYPODEPTH2": 10.0, "HYPODEPTH3": 18.0, "WHDEPTH1": 0.1, "WHDEPTH2": 0.4, "WHDEPTH3": 0.5, "WMAXMAG01": 0.5, "WMAXMAG02": 0.4, "WMAXMAG03": 0.1, "MAXMAG01": 7.3, "MAXMAG02": 7.6, "MAXMAG03": 7.9, "STRIKE1": 77.235375, "STRIKE2": 119.308, "STRIKE3": 251.883667, "STRIKE4": 287.630462, "DIP1": 51.71425, "DIP2": 54.170111, "DIP3": 59.094333, "DIP4": 52.927026, "aspRatio": 1.0, "mfd_bin": 0.2, "a_val": 4.5, "a_hi": 4.5103147418100002, "a_mid": 4.4997424101899997, "a_lo": 4.4891700785699999, "sigma_a": 0.042823386279099998, "b_val": 0.95, "b_hi": 0.99617523069400005, "b_mid": 0.95, "b_lo": 0.90382476930599998, "sigma_b": 0.021, "cum_cov_ab": 0.054321, "MCORNERP1": 7.0, "MCORNERP2": 7.2, "MCORNERP3": 7.4, "MAXMAGP1": 7.4, "MAXMAGP2": 7.6, "utsu_bval2": 0.0, "utsu_aval": 0.0, "utsu_Minfl": 0.0, "FID_gras26": -1, "Shape_Leng": 77139.253077600006, "Shape_Area": 34439.391871100001 }, "geometry": { "type": "MultiPolygon", "coordinates": [ [ [ [ 23.499999999623334, 37.999999999503771, 0.0 ], [ 23.419629682293959, 38.057407369360313, 0.0 ], [ 23.33925936496458, 38.114814739407358, 0.0 ], [ 23.499999999623334, 37.999999999503771, 0.0 ] ] ], [ [ [ 23.596665503780056, 37.932119519538148, 0.0 ], [ 23.548332751252545, 37.966059759738165, 0.0 ], [ 23.499999999623334, 37.999999999503771, 0.0 ], [ 23.596665503780056, 37.932119519538148, 0.0 ] ] ] ] } },
{ "type": "Feature", "properties": { "FID_gras38": 1, "FID_gras24": -1, "FID_gras_1": -1, "FID_eshm20": 205, "ZONE_ID": "GRAS269", "areakm2": 7864.2700449399999, "tctCluster": "Shallow Default", "CSZ_ID": "SZ22", "TECTO_ID": "TSZ034", "magScaleRe": "WC1994", "SS": 20.0, "NF": 75.0, "TF": 5.0, "MINDEPTH": 0.0, "MAXDEPTH": 20.0, "HYPODEPTH1": 2.0, "HYPODEPTH2": 10.0, "HYPODEPTH3": 18.0, "WHDEPTH1": 0.1, "WHDEPTH2": 0.4, "WHDEPTH3": 0.5, "WMAXMAG01": 0.5, "WMAXMAG02": 0.4, "WMAXMAG03": 0.1, "MAXMAG01": 7.0, "MAXMAG02": 7.3, "MAXMAG03": 7.6, "STRIKE1": 52.101163, "STRIKE2": 147.945, "STRIKE3": 0.0, "STRIKE4": 0.0, "DIP1": 68.917326, "DIP2": 63.577632, "DIP3": 0.0, "DIP4": 0.0, "aspRatio": 1.0, "mfd_bin": 0.2, "a_val": 3.9144494701700001, "a_hi": 3.9580041335599998, "a_mid": 3.9146380492200001, "a_lo": 3.87127196487, "sigma_a": 0.092028126057999995, "b_val": 0.95083843723999995, "b_hi": 0.99538046245099998, "b_mid": 0.95083843723999995, "b_lo": 0.90629641203, "sigma_b": 0.0195407426781, "cum_cov_ab": 0.054321, "MCORNERP1": 6.1, "MCORNERP2": 6.3, "MCORNERP3": 6.5, "MAXMAGP1": 6.4, "MAXMAGP2": 6.6, "utsu_bval2": 0.0, "utsu_aval": 0.0, "utsu_Minfl": 0.0, "FID_gras26": -1, "Shape_Leng": 92028.273631000004, "Shape_Area": 3123674.2035300001 }, "geometry": { "type": "Polygon", "coordinates": [ [ [ 24.449959014405227, 38.393408200941927, 0.0 ], [ 24.302705129365094, 38.279927847481183, 0.0 ], [ 24.155451245223254, 38.166447493447137, 0.0 ], [ 24.449257608034774, 38.394121618263426, 0.0 ], [ 24.449959014405227, 38.393408200941927, 0.0 ] ] ] } },
{ "type": "Feature", "properties": { "FID_gras38": 1, "FID_gras24": -1, "FID_gras_1": -1, "FID_eshm20": 411, "ZONE_ID": "GRAS241", "areakm2": 19969.484766699999, "tctCluster": "Shallow Default", "CSZ_ID": "SZ22", "TECTO_ID": "TSZ079", "magScaleRe": "WC1994", "SS": 40.0, "NF": 60.0, "TF": 0.0, "MINDEPTH": 0.0, "MAXDEPTH": 20.0, "HYPODEPTH1": 2.0, "HYPODEPTH2": 10.0, "HYPODEPTH3": 18.0, "WHDEPTH1": 0.1, "WHDEPTH2": 0.4, "WHDEPTH3": 0.5, "WMAXMAG01": 0.5, "WMAXMAG02": 0.4, "WMAXMAG03": 0.1, "MAXMAG01": 7.3, "MAXMAG02": 7.6, "MAXMAG03": 7.9, "STRIKE1": 77.235375, "STRIKE2": 119.308, "STRIKE3": 251.883667, "STRIKE4": 287.630462, "DIP1": 51.71425, "DIP2": 54.170111, "DIP3": 59.094333, "DIP4": 52.927026, "aspRatio": 1.0, "mfd_bin": 0.2, "a_val": 4.5, "a_hi": 4.5103147418100002, "a_mid": 4.4997424101899997, "a_lo": 4.4891700785699999, "sigma_a": 0.042823386279099998, "b_val": 0.95, "b_hi": 0.99617523069400005, "b_mid": 0.95, "b_lo": 0.90382476930599998, "sigma_b": 0.021, "cum_cov_ab": 0.054321, "MCORNERP1": 7.0, "MCORNERP2": 7.2, "MCORNERP3": 7.4, "MAXMAGP1": 7.4, "MAXMAGP2": 7.6, "utsu_bval2": 0.0, "utsu_aval": 0.0, "utsu_Minfl": 0.0, "FID_gras26": -1, "Shape_Leng": 162352.20920300001, "Shape_Area": 1088793.90233 }, "geometry": { "type": "Polygon", "coordinates": [ [ [ 23.33925936496458, 38.114814739407358, 0.0 ], [ 23.069629682093169, 38.307407369618119, 0.0 ], [ 22.800000000120026, 38.4999999997261, 0.0 ], [ 23.33925936496458, 38.114814739407358, 0.0 ] ] ] } },
{ "type": "Feature", "properties": { "FID_gras38": -1, "FID_gras24": -1, "FID_gras_1": 1, "FID_eshm20": 200, "ZONE_ID": "GRAS263", "areakm2": 13176.6422047, "tctCluster": "Shallow Default", "CSZ_ID": "SZ22", "TECTO_ID": "TSZ020", "magScaleRe": "WC1994", "SS": 20.0, "NF": 60.0, "TF": 20.0, "MINDEPTH": 0.0, "MAXDEPTH": 20.0, "HYPODEPTH1": 2.0, "HYPODEPTH2": 10.0, "HYPODEPTH3": 18.0, "WHDEPTH1": 0.1, "WHDEPTH2": 0.4, "WHDEPTH3": 0.5, "WMAXMAG01": 0.5, "WMAXMAG02": 0.4, "WMAXMAG03": 0.1, "MAXMAG01": 7.3, "MAXMAG02": 7.6, "MAXMAG03": 7.9, "STRIKE1": 67.568, "STRIKE2": 116.852962, "STRIKE3": 265.121333, "STRIKE4": 281.646, "DIP1": 69.915, "DIP2": 62.721346, "DIP3": 50.506667, "DIP4": 51.64025, "aspRatio": 1.0, "mfd_bin": 0.2, "a_val": 3.55, "a_hi": 3.61708874742, "a_mid": 3.5501912332900001, "a_lo": 3.4832937191500002, "sigma_a": 0.10343062488099999, "b_val": 0.91, "b_hi": 0.957606132572, "b_mid": 0.91, "b_lo": 0.86239386742799995, "sigma_b": 0.022321683725299999, "cum_cov_ab": 0.054321, "MCORNERP1": 6.4, "MCORNERP2": 6.6, "MCORNERP3": 6.8, "MAXMAGP1": 6.8, "MAXMAGP2": 7.0, "utsu_bval2": 0.0, "utsu_aval": 0.0, "utsu_Minfl": 0.0, "FID_gras26": -1, "Shape_Leng": 164426.12833100001, "Shape_Area": 356591.79316900001 }, "geometry": { "type": "MultiPolygon", "coordinates": [ [ [ [ 22.398332357002293, 40.196169294046683, 0.0 ], [ 22.673279706131289, 40.448068824025398, 0.0 ], [ 22.535806032015973, 40.322119059190804, 0.0 ], [ 22.398332357002293, 40.196169294046683, 0.0 ] ] ], [ [ [ 22.189717384597113, 40.022142826321272, 0.0 ], [ 22.398332357002293, 40.196169294046683, 0.0 ], [ 22.294024870350555, 40.109156060140371, 0.0 ], [ 22.189717384597113, 40.022142826321272, 0.0 ] ] ] ] } },
{ "type": "Feature", "properties": { "FID_gras38": -1, "FID_gras24": -1, "FID_gras_1": 1, "FID_eshm20": 206, "ZONE_ID": "GRAS270", "areakm2": 5817.7411368200001, "tctCluster": "Shallow Default", "CSZ_ID": "SZ22", "TECTO_ID": "TSZ020", "magScaleRe": "WC1994", "SS": 20.0, "NF": 60.0, "TF": 20.0, "MINDEPTH": 0.0, "MAXDEPTH": 20.0, "HYPODEPTH1": 2.0, "HYPODEPTH2": 10.0, "HYPODEPTH3": 18.0, "WHDEPTH1": 0.1, "WHDEPTH2": 0.4, "WHDEPTH3": 0.5, "WMAXMAG01": 0.5, "WMAXMAG02": 0.4, "WMAXMAG03": 0.1, "MAXMAG01": 7.3, "MAXMAG02": 7.6, "MAXMAG03": 7.9, "STRIKE1": 53.254556, "STRIKE2": 101.62625, "STRIKE3": 228.099333, "STRIKE4": 286.981, "DIP1": 53.563968, "DIP2": 51.35975, "DIP3": 51.852293, "DIP4": 48.603615, "aspRatio": 1.0, "mfd_bin": 0.2, "a_val": 4.15, "a_hi": 4.2165244129300001, "a_mid": 4.1501620251000002, "a_lo": 4.0837996372700003, "sigma_a": 0.12601852180600001, "b_val": 1.07, "b_hi": 1.12499323675, "b_mid": 1.07, "b_lo": 1.0150067632499999, "sigma_b": 0.0297865161294, "cum_cov_ab": 0.054321, "MCORNERP1": 6.4, "MCORNERP2": 6.6, "MCORNERP3": 6.8, "MAXMAGP1": 6.6, "MAXMAGP2": 6.8, "utsu_bval2": 0.0, "utsu_aval": 0.0, "utsu_Minfl": 0.0, "FID_gras26": -1, "Shape_Leng": 83829.943017700003, "Shape_Area": 63146.700271399997 }, "geometry": { "type": "Polygon", "coordinates": [ [ [ 21.882063330882474, 40.873700774104762, 0.0 ], [ 21.707923164934353, 40.927755387428213, 0.0 ], [ 21.533782999884561, 40.98180999991115, 0.0 ], [ 21.882063330882474, 40.873700774104762, 0.0 ] ] ] } },
{ "type": "Feature", "properties": { "FID_gras38": -1, "FID_gras24": -1, "FID_gras_1": 2, "FID_eshm20": 1, "ZONE_ID": "ALAS003", "areakm2": 16927.2311682, "tctCluster": "Shallow Default", "CSZ_ID": "SZ16", "TECTO_ID": "TSZ100", "magScaleRe": "WC1994", "SS": 20.0, "NF": 60.0, "TF": 20.0, "MINDEPTH": 0.0, "MAXDEPTH": 14.0, "HYPODEPTH1": 2.0, "HYPODEPTH2": 8.0, "HYPODEPTH3": 10.0, "WHDEPTH1": 0.1, "WHDEPTH2": 0.4, "WHDEPTH3": 0.5, "WMAXMAG01": 0.5, "WMAXMAG02": 0.4, "WMAXMAG03": 0.1, "MAXMAG01": 7.2, "MAXMAG02": 7.5, "MAXMAG03": 7.8, "STRIKE1": 46.7922, "STRIKE2": 161.226446, "STRIKE3": 201.980836, "STRIKE4": 329.653729, "DIP1": 56.557743, "DIP2": 48.730877, "DIP3": 51.347356, "DIP4": 41.110181, "aspRatio": 1.0, "mfd_bin": 0.2, "a_val": 4.07, "a_hi": 4.09612155682, "a_mid": 4.0701478295899998, "a_lo": 4.0441741023700004, "sigma_a": 0.063815002806399998, "b_val": 0.941, "b_hi": 0.97630547919800004, "b_mid": 0.941, "b_lo": 0.90569452080199997, "sigma_b": 0.012276805290700001, "cum_cov_ab": 0.054321, "MCORNERP1": 6.7, "MCORNERP2": 6.9, "MCORNERP3": 7.1, "MAXMAGP1": 7.0, "MAXMAGP2": 7.2, "utsu_bval2": 0.0, "utsu_aval": 0.0, "utsu_Minfl": 0.0, "FID_gras26": -1, "Shape_Leng": 108798.20348700001, "Shape_Area": 315903.20449899998 }, "geometry": { "type": "Polygon", "coordinates": [ [ [ 21.322610930802284, 39.861923079153549, 0.0 ], [ 21.235457246116315, 40.036689973717337, 0.0 ], [ 21.148303561430346, 40.211456867494491, 0.0 ], [ 21.322610930802284, 39.861923079153549, 0.0 ] ] ] } },
{ "type": "Feature", "properties": { "FID_gras38": -1, "FID_gras24": -1, "FID_gras_1": 2, "FID_eshm20": 200, "ZONE_ID": "GRAS263", "areakm2": 13176.6422047, "tctCluster": "Shallow Default", "CSZ_ID": "SZ22", "TECTO_ID": "TSZ020", "magScaleRe": "WC1994", "SS": 20.0, "NF": 60.0, "TF": 20.0, "MINDEPTH": 0.0, "MAXDEPTH": 20.0, "HYPODEPTH1": 2.0, "HYPODEPTH2": 10.0, "HYPODEPTH3": 18.0, "WHDEPTH1": 0.1, "WHDEPTH2": 0.4, "WHDEPTH3": 0.5, "WMAXMAG01": 0.5, "WMAXMAG02": 0.4, "WMAXMAG03": 0.1, "MAXMAG01": 7.3, "MAXMAG02": 7.6, "MAXMAG03": 7.9, "STRIKE1": 67.568, "STRIKE2": 116.852962, "STRIKE3": 265.121333, "STRIKE4": 281.646, "DIP1": 69.915, "DIP2": 62.721346, "DIP3": 50.506667, "DIP4": 51.64025, "aspRatio": 1.0, "mfd_bin": 0.2, "a_val": 3.55, "a_hi": 3.61708874742, "a_mid": 3.5501912332900001, "a_lo": 3.4832937191500002, "sigma_a": 0.10343062488099999, "b_val": 0.91, "b_hi": 0.957606132572, "b_mid": 0.91, "b_lo": 0.86239386742799995, "sigma_b": 0.022321683725299999, "cum_cov_ab": 0.054321, "MCORNERP1": 6.4, "MCORNERP2": 6.6, "MCORNERP3": 6.8, "MAXMAGP1": 6.8, "MAXMAGP2": 7.0, "utsu_bval2": 0.0, "utsu_aval": 0.0, "utsu_Minfl": 0.0, "FID_gras26": -1, "Shape_Leng": 199887.931771, "Shape_Area": 106629.684555 }, "geometry": { "type": "MultiPolygon", "coordinates": [ [ [ [ 21.747151952893056, 39.900000000114687, 0.0 ], [ 22.189717384597113, 40.022142826321272, 0.0 ], [ 21.96843466829592, 39.961071413398386, 0.0 ], [ 21.747151952893056, 39.900000000114687, 0.0 ] ] ], [ [ [ 21.322610930802284, 39.861923079153549, 0.0 ], [ 21.747151952893056, 39.900000000114687, 0.0 ], [ 21.534881441847688, 39.880961539985485, 0.0 ], [ 21.322610930802284, 39.861923079153549, 0.0 ] ] ] ] } },
{ "type": "Feature", "properties": { "FID_gras38": -1, "FID_gras24": -1, "FID_gras_1": -1, "FID_eshm20": 4, "ZONE_ID": "ALAS007", "areakm2": 3318.8236123500001, "tctCluster": "Shallow Default", "CSZ_ID": "SZ16", "TECTO_ID": "TSZ100", "magScaleRe": "WC1994", "SS": 20.0, "NF": 60.0, "TF": 20.0, "MINDEPTH": 0.0, "MAXDEPTH": 14.0, "HYPODEPTH1": 2.0, "HYPODEPTH2": 8.0, "HYPODEPTH3": 10.0, "WHDEPTH1": 0.1, "WHDEPTH2": 0.4, "WHDEPTH3": 0.5, "WMAXMAG01": 0.5, "WMAXMAG02": 0.4, "WMAXMAG03": 0.1, "MAXMAG01": 7.2, "MAXMAG02": 7.5, "MAXMAG03": 7.8, "STRIKE1": 36.382905, "STRIKE2": 0.0, "STRIKE3": 221.541063, "STRIKE4": 335.178646, "DIP1": 46.907622, "DIP2": 0.0, "DIP3": 47.469919, "DIP4": 41.402949, "aspRatio": 1.0, "mfd_bin": 0.2, "a_val": 4.0, "a_hi": 4.03162822002, "a_mid": 3.9996012115, "a_lo": 3.9675742029799999, "sigma_a": 0.068110588859600002, "b_val": 1.0, "b_hi": 1.0392408252600001, "b_mid": 1.0, "b_lo": 0.96075917473600003, "sigma_b": 0.015166222100199999, "cum_cov_ab": 0.054321, "MCORNERP1": 6.1, "MCORNERP2": 6.3, "MCORNERP3": 6.5, "MAXMAGP1": 6.4, "MAXMAGP2": 6.6, "utsu_bval2": 0.0, "utsu_aval": 0.0, "utsu_Minfl": 0.0, "FID_gras26": -1, "Shape_Leng": 25866.8214792, "Shape_Area": 536663.723 }, "geometry": { "type": "Polygon", "coordinates": [ [ [ 20.122344749670319, 42.497415135772698, 0.0 ], [ 20.122963932344508, 42.498092925212411, 0.0 ], [ 20.235079000524031, 42.517678999973789, 0.0 ], [ 20.122344749670319, 42.497415135772698, 0.0 ] ] ] } },
{ "type": "Feature", "properties": { "FID_gras38": -1, "FID_gras24": -1, "FID_gras_1": -1, "FID_eshm20": 26, "ZONE_ID": "BAAS034", "areakm2": 12876.586097900001, "tctCluster": "Shallow Default", "CSZ_ID": "SZ18", "TECTO_ID": "TSZ060", "magScaleRe": "WC1994", "SS": 20.0, "NF": 60.0, "TF": 20.0, "MINDEPTH": 0.0, "MAXDEPTH": 15.0, "HYPODEPTH1": 2.0, "HYPODEPTH2": 10.0, "HYPODEPTH3": 12.0, "WHDEPTH1": 0.1, "WHDEPTH2": 0.4, "WHDEPTH3": 0.5, "WMAXMAG01": 0.5, "WMAXMAG02": 0.4, "WMAXMAG03": 0.1, "MAXMAG01": 6.9, "MAXMAG02": 7.2, "MAXMAG03": 7.5, "STRIKE1": 0.0, "STRIKE2": 0.0, "STRIKE3": 0.0, "STRIKE4": 311.329853, "DIP1": 89.99, "DIP2": 0.0, "DIP3": 0.0, "DIP4": 60.56552, "aspRatio": 1.0, "mfd_bin": 0.2, "a_val": 3.0771038660199999, "a_hi": 3.1344566034799999, "a_mid": 3.0769081976899999, "a_lo": 3.0193597918899999, "sigma_a": 0.131057994284, "b_val": 0.87466904860600003, "b_hi": 0.93220532041899995, "b_mid": 0.87466904860600003, "b_lo": 0.817132776793, "sigma_b": 0.032605028324099998, "cum_cov_ab": 0.054321, "MCORNERP1": 6.0, "MCORNERP2": 6.2, "MCORNERP3": 6.4, "MAXMAGP1": 6.4, "MAXMAGP2": 6.6, "utsu_bval2": 0.0, "utsu_aval": 0.0, "utsu_Minfl": 0.0, "FID_gras26": -1, "Shape_Leng": 25866.8214792, "Shape_Area": 536663.723 }, "geometry": { "type": "Polygon", "coordinates": [ [ [ 20.122344749670319, 42.497415135772698, 0.0 ], [ 20.122963932344508, 42.498092925212411, 0.0 ], [ 20.235079000524031, 42.517678999973789, 0.0 ], [ 20.122344749670319, 42.497415135772698, 0.0 ] ] ] } },
{ "type": "Feature", "properties": { "FID_gras38": -1, "FID_gras24": -1, "FID_gras_1": -1, "FID_eshm20": 26, "ZONE_ID": "BAAS034", "areakm2": 12876.586097900001, "tctCluster": "Shallow Default", "CSZ_ID": "SZ18", "TECTO_ID": "TSZ060", "magScaleRe": "WC1994", "SS": 20.0, "NF": 60.0, "TF": 20.0, "MINDEPTH": 0.0, "MAXDEPTH": 15.0, "HYPODEPTH1": 2.0, "HYPODEPTH2": 10.0, "HYPODEPTH3": 12.0, "WHDEPTH1": 0.1, "WHDEPTH2": 0.4, "WHDEPTH3": 0.5, "WMAXMAG01": 0.5, "WMAXMAG02": 0.4, "WMAXMAG03": 0.1, "MAXMAG01": 6.9, "MAXMAG02": 7.2, "MAXMAG03": 7.5, "STRIKE1": 0.0, "STRIKE2": 0.0, "STRIKE3": 0.0, "STRIKE4": 311.329853, "DIP1": 89.99, "DIP2": 0.0, "DIP3": 0.0, "DIP4": 60.56552, "aspRatio": 1.0, "mfd_bin": 0.2, "a_val": 3.0771038660199999, "a_hi": 3.1344566034799999, "a_mid": 3.0769081976899999, "a_lo": 3.0193597918899999, "sigma_a": 0.131057994284, "b_val": 0.87466904860600003, "b_hi": 0.93220532041899995, "b_mid": 0.87466904860600003, "b_lo": 0.817132776793, "sigma_b": 0.032605028324099998, "cum_cov_ab": 0.054321, "MCORNERP1": 6.0, "MCORNERP2": 6.2, "MCORNERP3": 6.4, "MAXMAGP1": 6.4, "MAXMAGP2": 6.6, "utsu_bval2": 0.0, "utsu_aval": 0.0, "utsu_Minfl": 0.0, "FID_gras26": -1, "Shape_Leng": 96394.662125200004, "Shape_Area": 12426659.3167 }, "geometry": { "type": "Polygon", "coordinates": [ [ [ 20.235079000524031, 42.517678999973789, 0.0 ], [ 20.145708976199415, 42.829106041791782, 0.0 ], [ 20.212964999800032, 42.611403000086774, 0.0 ], [ 20.235079000524031, 42.517678999973789, 0.0 ] ] ] } },
{ "type": "Feature", "properties": { "FID_gras38": -1, "FID_gras24": -1, "FID_gras_1": -1, "FID_eshm20": 337, "ZONE_ID": "SBAS010", "areakm2": 12708.421714, "tctCluster": "Shallow Default", "CSZ_ID": "SZ18", "TECTO_ID": "TSZ060", "magScaleRe": "WC1994", "SS": 20.0, "NF": 60.0, "TF": 20.0, "MINDEPTH": 0.0, "MAXDEPTH": 14.0, "HYPODEPTH1": 2.0, "HYPODEPTH2": 8.0, "HYPODEPTH3": 10.0, "WHDEPTH1": 0.1, "WHDEPTH2": 0.4, "WHDEPTH3": 0.5, "WMAXMAG01": 0.5, "WMAXMAG02": 0.4, "WMAXMAG03": 0.1, "MAXMAG01": 6.9, "MAXMAG02": 7.2, "MAXMAG03": 7.5, "STRIKE1": 36.382905, "STRIKE2": 0.0, "STRIKE3": 221.541063, "STRIKE4": 335.178646, "DIP1": 46.907622, "DIP2": 0.0, "DIP3": 47.469919, "DIP4": 41.402949, "aspRatio": 1.0, "mfd_bin": 0.2, "a_val": 2.71, "a_hi": 2.7160904856500001, "a_mid": 2.7102725083200001, "a_lo": 2.7044545309800001, "sigma_a": 0.01, "b_val": 0.85, "b_hi": 0.88186393639600003, "b_mid": 0.85, "b_lo": 0.81813606360400004, "sigma_b": 0.01, "cum_cov_ab": 0.054321, "MCORNERP1": 6.0, "MCORNERP2": 6.2, "MCORNERP3": 6.4, "MAXMAGP1": 6.4, "MAXMAGP2": 6.4, "utsu_bval2": 0.0, "utsu_aval": 0.0, "utsu_Minfl": 0.0, "FID_gras26": -1, "Shape_Leng": 96394.662125200004, "Shape_Area": 12426659.3167 }, "geometry": { "type": "Polygon", "coordinates": [ [ [ 20.235079000524031, 42.517678999973789, 0.0 ], [ 20.145708976199415, 42.829106041791782, 0.0 ], [ 20.212964999800032, 42.611403000086774, 0.0 ], [ 20.235079000524031, 42.517678999973789, 0.0 ] ] ] } },
{ "type": "Feature", "properties": { "FID_gras38": -1, "FID_gras24": -1, "FID_gras_1": -1, "FID_eshm20": 50, "ZONE_ID": "CHAS066", "areakm2": 3621.4417591599999, "tctCluster": "Shallow Default", "CSZ_ID": "SZ02", "TECTO_ID": "TSZ091", "magScaleRe": "WC1994", "SS": 70.0, "NF": 25.0, "TF": 5.0, "MINDEPTH": 6.0, "MAXDEPTH": 12.0, "HYPODEPTH1": 7.0, "HYPODEPTH2": 8.0, "HYPODEPTH3": 10.0, "WHDEPTH1": 0.3, "WHDEPTH2": 0.6, "WHDEPTH3": 0.1, "WMAXMAG01": 0.5, "WMAXMAG02": 0.4, "WMAXMAG03": 0.1, "MAXMAG01": 6.6, "MAXMAG02": 6.9, "MAXMAG03": 7.2, "STRIKE1": 0.0, "STRIKE2": 0.0, "STRIKE3": 0.0, "STRIKE4": 0.0, "DIP1": 89.99, "DIP2": 0.0, "DIP3": 0.0, "DIP4": 0.0, "aspRatio": 1.0, "mfd_bin": 0.2, "a_val": 1.478, "a_hi": 1.5319025185199999, "a_mid": 1.4780714776899999, "a_lo": 1.4242404368699999, "sigma_a": 0.061423452801700001, "b_val": 1.02, "b_hi": 1.12227528547, "b_mid": 1.02, "b_lo": 0.917724714527, "sigma_b": 0.103024982103, "cum_cov_ab": 0.054321, "MCORNERP1": 6.0, "MCORNERP2": 6.2, "MCORNERP3": 6.4, "MAXMAGP1": 5.0, "MAXMAGP2": 5.0, "utsu_bval2": 0.0, "utsu_aval": 0.0, "utsu_Minfl": 0.0, "FID_gras26": -1, "Shape_Leng": 81957.738742899994, "Shape_Area": 47377841.985600002 }, "geometry": { "type": "Polygon", "coordinates": [ [ [ 7.538246053050618, 46.814980182263341, 0.0 ], [ 7.8800000004402, 46.879999999984072, 0.0 ], [ 7.539999999269808, 46.800000000140898, 0.0 ], [ 7.538246053050618, 46.814980182263341, 0.0 ] ] ] } },
{ "type": "Feature", "properties": { "FID_gras38": -1, "FID_gras24": -1, "FID_gras_1": -1, "FID_eshm20": 58, "ZONE_ID": "CHAS074", "areakm2": 6602.4966096600001, "tctCluster": "Shallow Default", "CSZ_ID": "SZ02", "TECTO_ID": "TSZ098", "magScaleRe": "WC1994", "SS": 40.0, "NF": 40.0, "TF": 20.0, "MINDEPTH": 6.0, "MAXDEPTH": 12.0, "HYPODEPTH1": 7.0, "HYPODEPTH2": 12.0, "HYPODEPTH3": 10.0, "WHDEPTH1": 0.3, "WHDEPTH2": 0.6, "WHDEPTH3": 0.1, "WMAXMAG01": 0.5, "WMAXMAG02": 0.4, "WMAXMAG03": 0.1, "MAXMAG01": 6.6, "MAXMAG02": 6.9, "MAXMAG03": 7.2, "STRIKE1": 0.0, "STRIKE2": 0.0, "STRIKE3": 0.0, "STRIKE4": 0.0, "DIP1": 89.99, "DIP2": 0.0, "DIP3": 0.0, "DIP4": 0.0, "aspRatio": 1.0, "mfd_bin": 0.2, "a_val": 2.355, "a_hi": 2.36415696684, "a_mid": 2.3549680070300001, "a_lo": 2.3457790472100002, "sigma_a": 0.02, "b_val": 0.9, "b_hi": 0.93186393639599996, "b_mid": 0.9, "b_lo": 0.86813606360399997, "sigma_b": 0.01, "cum_cov_ab": 0.053058550291100001, "MCORNERP1": 6.0, "MCORNERP2": 6.2, "MCORNERP3": 6.4, "MAXMAGP1": 6.2, "MAXMAGP2": 6.2, "utsu_bval2": 0.0, "utsu_aval": 0.0, "utsu_Minfl": 0.0, "FID_gras26": -1, "Shape_Leng": 81957.738742899994, "Shape_Area": 47377841.985600002 }, "geometry": { "type": "Polygon", "coordinates": [ [ [ 7.538246053050618, 46.814980182263341, 0.0 ], [ 7.8800000004402, 46.879999999984072, 0.0 ], [ 7.539999999269808, 46.800000000140898, 0.0 ], [ 7.538246053050618, 46.814980182263341, 0.0 ] ] ] } },
{ "type": "Feature", "properties": { "FID_gras38": -1, "FID_gras24": -1, "FID_gras_1": -1, "FID_eshm20": 182, "ZONE_ID": "GRAS237", "areakm2": 58207.561099300001, "tctCluster": "Shallow Default", "CSZ_ID": "SZ22", "TECTO_ID": "TSZ045", "magScaleRe": "WC1994", "SS": 40.0, "NF": 10.0, "TF": 50.0, "MINDEPTH": 0.0, "MAXDEPTH": 50.0, "HYPODEPTH1": 2.0, "HYPODEPTH2": 10.0, "HYPODEPTH3": 18.0, "WHDEPTH1": 0.1, "WHDEPTH2": 0.4, "WHDEPTH3": 0.5, "WMAXMAG01": 0.5, "WMAXMAG02": 0.4, "WMAXMAG03": 0.1, "MAXMAG01": 6.9, "MAXMAG02": 7.2, "MAXMAG03": 7.5, "STRIKE1": 0.0, "STRIKE2": 0.0, "STRIKE3": 219.588087, "STRIKE4": 308.582373, "DIP1": 75.71513, "DIP2": 0.0, "DIP3": 75.71513, "DIP4": 22.921676, "aspRatio": 1.0, "mfd_bin": 0.2, "a_val": 4.88, "a_hi": 4.8873095493200003, "a_mid": 4.8802161991600004, "a_lo": 4.8731228489899996, "sigma_a": 0.033487555250099998, "b_val": 1.06, "b_hi": 1.1027499566900001, "b_mid": 1.06, "b_lo": 1.01725004331, "sigma_b": 0.018, "cum_cov_ab": 0.054321, "MCORNERP1": 6.0, "MCORNERP2": 6.2, "MCORNERP3": 6.4, "MAXMAGP1": 6.4, "MAXMAGP2": 6.6, "utsu_bval2": 0.0, "utsu_aval": 0.0, "utsu_Minfl": 0.0, "FID_gras26": -1, "Shape_Leng": 284112.33225500002, "Shape_Area": 11413941.180199999 }, "geometry": { "type": "Polygon", "coordinates": [ [ [ 22.701524926061737, 34.844384237335518, 0.0 ], [ 21.920526506284084, 34.012787200460586, 0.0 ], [ 22.700453959969902, 34.845185368494029, 0.0 ], [ 22.701524926061737, 34.844384237335518, 0.0 ] ] ] } },
{ "type": "Feature", "properties": { "FID_gras38": -1, "FID_gras24": -1, "FID_gras_1": -1, "FID_eshm20": 204, "ZONE_ID": "GRAS268", "areakm2": 90333.484559799996, "tctCluster": "Shallow Default", "CSZ_ID": "SZ32", "TECTO_ID": "TSZ045", "magScaleRe": "WC1994", "SS": 35.0, "NF": 15.0, "TF": 50.0, "MINDEPTH": 0.0, "MAXDEPTH": 50.0, "HYPODEPTH1": 2.0, "HYPODEPTH2": 10.0, "HYPODEPTH3": 18.0, "WHDEPTH1": 0.1, "WHDEPTH2": 0.4, "WHDEPTH3": 0.5, "WMAXMAG01": 0.5, "WMAXMAG02": 0.4, "WMAXMAG03": 0.1, "MAXMAG01": 6.9, "MAXMAG02": 7.2, "MAXMAG03": 7.5, "STRIKE1": 0.0, "STRIKE2": 0.0, "STRIKE3": 0.0, "STRIKE4": 0.0, "DIP1": 89.99, "DIP2": 0.0, "DIP3": 0.0, "DIP4": 0.0, "aspRatio": 1.0, "mfd_bin": 0.2, "a_val": 6.1094689839400003, "a_hi": 6.1191941187800003, "a_mid": 6.1093778741499998, "a_lo": 6.0995616295200001, "sigma_a": 0.0424285184082, "b_val": 1.18680541228, "b_hi": 1.2167327884900001, "b_mid": 1.18680541228, "b_lo": 1.1568780360699999, "sigma_b": 0.0088214186425899996, "cum_cov_ab": 0.054321, "MCORNERP1": 6.3, "MCORNERP2": 6.5, "MCORNERP3": 6.7, "MAXMAGP1": 6.8, "MAXMAGP2": 7.0, "utsu_bval2": 0.0, "utsu_aval": 0.0, "utsu_Minfl": 0.0, "FID_gras26": -1, "Shape_Leng": 284112.33225500002, "Shape_Area": 11413941.180199999 }, "geometry": { "type": "Polygon", "coordinates": [ [ [ 22.701524926061737, 34.844384237335518, 0.0 ], [ 21.920526506284084, 34.012787200460586, 0.0 ], [ 22.700453959969902, 34.845185368494029, 0.0 ], [ 22.701524926061737, 34.844384237335518, 0.0 ] ] ] } },
{ "type": "Feature", "properties": { "FID_gras38": -1, "FID_gras24": -1, "FID_gras_1": -1, "FID_eshm20": 184, "ZONE_ID": "GRAS241", "areakm2": 19969.484766699999, "tctCluster": "Shallow Default", "CSZ_ID": "SZ22", "TECTO_ID": "TSZ079", "magScaleRe": "WC1994", "SS": 40.0, "NF": 60.0, "TF": 0.0, "MINDEPTH": 0.0, "MAXDEPTH": 20.0, "HYPODEPTH1": 2.0, "HYPODEPTH2": 10.0, "HYPODEPTH3": 18.0, "WHDEPTH1": 0.1, "WHDEPTH2": 0.4, "WHDEPTH3": 0.5, "WMAXMAG01": 0.5, "WMAXMAG02": 0.4, "WMAXMAG03": 0.1, "MAXMAG01": 7.3, "MAXMAG02": 7.6, "MAXMAG03": 7.9, "STRIKE1": 77.235375, "STRIKE2": 119.308, "STRIKE3": 251.883667, "STRIKE4": 287.630462, "DIP1": 51.71425, "DIP2": 54.170111, "DIP3": 59.094333, "DIP4": 52.927026, "aspRatio": 1.0, "mfd_bin": 0.2, "a_val": 4.5, "a_hi": 4.5103147418100002, "a_mid": 4.4997424101899997, "a_lo": 4.4891700785699999, "sigma_a": 0.042823386279099998, "b_val": 0.95, "b_hi": 0.99617523069400005, "b_mid": 0.95, "b_lo": 0.90382476930599998, "sigma_b": 0.021, "cum_cov_ab": 0.054321, "MCORNERP1": 7.0, "MCORNERP2": 7.2, "MCORNERP3": 7.4, "MAXMAGP1": 7.4, "MAXMAGP2": 7.6, "utsu_bval2": 0.0, "utsu_aval": 0.0, "utsu_Minfl": 0.0, "FID_gras26": -1, "Shape_Leng": 101832.495807, "Shape_Area": 1130810.14032 }, "geometry": { "type": "Polygon", "coordinates": [ [ [ 22.969559182123966, 37.477045715207758, 0.0 ], [ 22.656667056479201, 37.741150069576463, 0.0 ], [ 22.656998869890643, 37.741331745947285, 0.0 ], [ 22.969559182123966, 37.477045715207758, 0.0 ] ] ] } },
{ "type": "Feature", "properties": { "FID_gras38": -1, "FID_gras24": -1, "FID_gras_1": -1, "FID_eshm20": 409, "ZONE_ID": "GRAS266", "areakm2": 24698.733211399998, "tctCluster": "Shallow Default", "CSZ_ID": "SZ22", "TECTO_ID": "TSZ078", "magScaleRe": "WC1994", "SS": 25.0, "NF": 50.0, "TF": 25.0, "MINDEPTH": 0.0, "MAXDEPTH": 20.0, "HYPODEPTH1": 2.0, "HYPODEPTH2": 10.0, "HYPODEPTH3": 18.0, "WHDEPTH1": 0.1, "WHDEPTH2": 0.4, "WHDEPTH3": 0.5, "WMAXMAG01": 0.5, "WMAXMAG02": 0.4, "WMAXMAG03": 0.1, "MAXMAG01": 7.0, "MAXMAG02": 7.3, "MAXMAG03": 7.6, "STRIKE1": 50.786882, "STRIKE2": 116.653104, "STRIKE3": 248.04414, "STRIKE4": 318.021659, "DIP1": 54.111706, "DIP2": 52.67326, "DIP3": 56.645442, "DIP4": 55.237734, "aspRatio": 1.0, "mfd_bin": 0.2, "a_val": 3.9, "a_hi": 3.9091700216900001, "a_mid": 3.90017509727, "a_lo": 3.89118017286, "sigma_a": 0.035554353839900001, "b_val": 0.85, "b_hi": 0.89030504569299995, "b_mid": 0.85, "b_lo": 0.809694954307, "sigma_b": 0.016, "cum_cov_ab": 0.054321, "MCORNERP1": 6.4, "MCORNERP2": 6.6, "MCORNERP3": 6.8, "MAXMAGP1": 6.8, "MAXMAGP2": 7.0, "utsu_bval2": 0.0, "utsu_aval": 0.0, "utsu_Minfl": 0.0, "FID_gras26": -1, "Shape_Leng": 101832.495807, "Shape_Area": 1130810.14032 }, "geometry": { "type": "Polygon", "coordinates": [ [ [ 22.969559182123966, 37.477045715207758, 0.0 ], [ 22.656667056479201, 37.741150069576463, 0.0 ], [ 22.656998869890643, 37.741331745947285, 0.0 ], [ 22.969559182123966, 37.477045715207758, 0.0 ] ] ] } },
{ "type": "Feature", "properties": { "FID_gras38": -1, "FID_gras24": -1, "FID_gras_1": -1, "FID_eshm20": 187, "ZONE_ID": "GRAS245", "areakm2": 5303.2092828799996, "tctCluster": "Shallow Default", "CSZ_ID": "SZ22", "TECTO_ID": "TSZ082", "magScaleRe": "WC1994", "SS": 50.0, "NF": 40.0, "TF": 10.0, "MINDEPTH": 0.0, "MAXDEPTH": 20.0, "HYPODEPTH1": 2.0, "HYPODEPTH2": 10.0, "HYPODEPTH3": 18.0, "WHDEPTH1": 0.1, "WHDEPTH2": 0.4, "WHDEPTH3": 0.5, "WMAXMAG01": 0.5, "WMAXMAG02": 0.4, "WMAXMAG03": 0.1, "MAXMAG01": 7.6, "MAXMAG02": 7.9, "MAXMAG03": 8.2, "STRIKE1": 54.644568, "STRIKE2": 135.833154, "STRIKE3": 218.800458, "STRIKE4": 292.22675, "DIP1": 60.864919, "DIP2": 60.520462, "DIP3": 68.637229, "DIP4": 53.320583, "aspRatio": 1.0, "mfd_bin": 0.2, "a_val": 3.98, "a_hi": 4.02764063433, "a_mid": 3.9803801621899999, "a_lo": 3.9331196900499998, "sigma_a": 0.092282645878500005, "b_val": 0.98836196269700005, "b_hi": 1.0334313143, "b_mid": 0.98836196269700005, "b_lo": 0.943292611098, "sigma_b": 0.020006161349000001, "cum_cov_ab": 0.054321, "MCORNERP1": 7.1, "MCORNERP2": 7.3, "MCORNERP3": 7.5, "MAXMAGP1": 7.2, "MAXMAGP2": 7.4, "utsu_bval2": 0.0, "utsu_aval": 0.0, "utsu_Minfl": 0.0, "FID_gras26": -1, "Shape_Leng": 322214.57395200001, "Shape_Area": 10222896.837300001 }, "geometry": { "type": "Polygon", "coordinates": [ [ [ 24.449959014405227, 38.393408200941927, 0.0 ], [ 24.449258147023933, 38.394122035067589, 0.0 ], [ 25.47874909854853, 39.186239328332142, 0.0 ], [ 24.449959014405227, 38.393408200941927, 0.0 ] ] ] } },
{ "type": "Feature", "properties": { "FID_gras38": -1, "FID_gras24": -1, "FID_gras_1": -1, "FID_eshm20": 205, "ZONE_ID": "GRAS269", "areakm2": 7864.2700449399999, "tctCluster": "Shallow Default", "CSZ_ID": "SZ22", "TECTO_ID": "TSZ034", "magScaleRe": "WC1994", "SS": 20.0, "NF": 75.0, "TF": 5.0, "MINDEPTH": 0.0, "MAXDEPTH": 20.0, "HYPODEPTH1": 2.0, "HYPODEPTH2": 10.0, "HYPODEPTH3": 18.0, "WHDEPTH1": 0.1, "WHDEPTH2": 0.4, "WHDEPTH3": 0.5, "WMAXMAG01": 0.5, "WMAXMAG02": 0.4, "WMAXMAG03": 0.1, "MAXMAG01": 7.0, "MAXMAG02": 7.3, "MAXMAG03": 7.6, "STRIKE1": 52.101163, "STRIKE2": 147.945, "STRIKE3": 0.0, "STRIKE4": 0.0, "DIP1": 68.917326, "DIP2": 63.577632, "DIP3": 0.0, "DIP4": 0.0, "aspRatio": 1.0, "mfd_bin": 0.2, "a_val": 3.9144494701700001, "a_hi": 3.9580041335599998, "a_mid": 3.9146380492200001, "a_lo": 3.87127196487, "sigma_a": 0.092028126057999995, "b_val": 0.95083843723999995, "b_hi": 0.99538046245099998, "b_mid": 0.95083843723999995, "b_lo": 0.90629641203, "sigma_b": 0.0195407426781, "cum_cov_ab": 0.054321, "MCORNERP1": 6.1, "MCORNERP2": 6.3, "MCORNERP3": 6.5, "MAXMAGP1": 6.4, "MAXMAGP2": 6.6, "utsu_bval2": 0.0, "utsu_aval": 0.0, "utsu_Minfl": 0.0, "FID_gras26": -1, "Shape_Leng": 322214.57395200001, "Shape_Area": 10222896.837300001 }, "geometry": { "type": "Polygon", "coordinates": [ [ [ 24.449959014405227, 38.393408200941927, 0.0 ], [ 24.449258147023933, 38.394122035067589, 0.0 ], [ 25.47874909854853, 39.186239328332142, 0.0 ], [ 24.449959014405227, 38.393408200941927, 0.0 ] ] ] } },
{ "type": "Feature", "properties": { "FID_gras38": -1, "FID_gras24": -1, "FID_gras_1": -1, "FID_eshm20": 195, "ZONE_ID": "GRAS255", "areakm2": 67077.127398800003, "tctCluster": "Shallow Default", "CSZ_ID": "SZ22", "TECTO_ID": "TSZ095", "magScaleRe": "WC1994", "SS": 25.0, "NF": 50.0, "TF": 25.0, "MINDEPTH": 0.0, "MAXDEPTH": 20.0, "HYPODEPTH1": 2.0, "HYPODEPTH2": 10.0, "HYPODEPTH3": 18.0, "WHDEPTH1": 0.1, "WHDEPTH2": 0.4, "WHDEPTH3": 0.5, "WMAXMAG01": 0.5, "WMAXMAG02": 0.4, "WMAXMAG03": 0.1, "MAXMAG01": 6.9, "MAXMAG02": 7.2, "MAXMAG03": 7.5, "STRIKE1": 73.74905, "STRIKE2": 109.974, "STRIKE3": 222.683648, "STRIKE4": 293.419125, "DIP1": 63.2464, "DIP2": 63.868422, "DIP3": 66.773338, "DIP4": 52.738125, "aspRatio": 1.0, "mfd_bin": 0.2, "a_val": 5.3599, "a_hi": 5.3661701831100004, "a_mid": 5.3602157009600004, "a_lo": 5.3542612187999996, "sigma_a": 0.01, "b_val": 1.08, "b_hi": 1.1118639364, "b_mid": 1.08, "b_lo": 1.0481360636, "sigma_b": 0.01, "cum_cov_ab": 0.054321, "MCORNERP1": 6.0, "MCORNERP2": 6.2, "MCORNERP3": 6.4, "MAXMAGP1": 6.4, "MAXMAGP2": 6.6, "utsu_bval2": 0.0, "utsu_aval": 0.0, "utsu_Minfl": 0.0, "FID_gras26": -1, "Shape_Leng": 83514.446119300002, "Shape_Area": 1349119.0246300001 }, "geometry": { "type": "Polygon", "coordinates": [ [ [ 27.104245001472044, 35.024329629059864, 0.0 ], [ 26.793638985817427, 34.852321826987158, 0.0 ], [ 27.103892735218217, 35.024708822321131, 0.0 ], [ 27.104245001472044, 35.024329629059864, 0.0 ] ] ] } },
{ "type": "Feature", "properties": { "FID_gras38": -1, "FID_gras24": -1, "FID_gras_1": -1, "FID_eshm20": 204, "ZONE_ID": "GRAS268", "areakm2": 90333.484559799996, "tctCluster": "Shallow Default", "CSZ_ID": "SZ32", "TECTO_ID": "TSZ045", "magScaleRe": "WC1994", "SS": 35.0, "NF": 15.0, "TF": 50.0, "MINDEPTH": 0.0, "MAXDEPTH": 50.0, "HYPODEPTH1": 2.0, "HYPODEPTH2": 10.0, "HYPODEPTH3": 18.0, "WHDEPTH1": 0.1, "WHDEPTH2": 0.4, "WHDEPTH3": 0.5, "WMAXMAG01": 0.5, "WMAXMAG02": 0.4, "WMAXMAG03": 0.1, "MAXMAG01": 6.9, "MAXMAG02": 7.2, "MAXMAG03": 7.5, "STRIKE1": 0.0, "STRIKE2": 0.0, "STRIKE3": 0.0, "STRIKE4": 0.0, "DIP1": 89.99, "DIP2": 0.0, "DIP3": 0.0, "DIP4": 0.0, "aspRatio": 1.0, "mfd_bin": 0.2, "a_val": 6.1094689839400003, "a_hi": 6.1191941187800003, "a_mid": 6.1093778741499998, "a_lo": 6.0995616295200001, "sigma_a": 0.0424285184082, "b_val": 1.18680541228, "b_hi": 1.2167327884900001, "b_mid": 1.18680541228, "b_lo": 1.1568780360699999, "sigma_b": 0.0088214186425899996, "cum_cov_ab": 0.054321, "MCORNERP1": 6.3, "MCORNERP2": 6.5, "MCORNERP3": 6.7, "MAXMAGP1": 6.8, "MAXMAGP2": 7.0, "utsu_bval2": 0.0, "utsu_aval": 0.0, "utsu_Minfl": 0.0, "FID_gras26": -1, "Shape_Leng": 83514.446119300002, "Shape_Area": 1349119.0246300001 }, "geometry": { "type": "Polygon", "coordinates": [ [ [ 27.104245001472044, 35.024329629059864, 0.0 ], [ 26.793638985817427, 34.852321826987158, 0.0 ], [ 27.103892735218217, 35.024708822321131, 0.0 ], [ 27.104245001472044, 35.024329629059864, 0.0 ] ] ] } },
{ "type": "Feature", "properties": { "FID_gras38": -1, "FID_gras24": -1, "FID_gras_1": -1, "FID_eshm20": 198, "ZONE_ID": "GRAS259", "areakm2": 23185.099694299999, "tctCluster": "Shallow Default", "CSZ_ID": "SZ22", "TECTO_ID": "TSZ024", "magScaleRe": "WC1994", "SS": 25.0, "NF": 50.0, "TF": 25.0, "MINDEPTH": 0.0, "MAXDEPTH": 20.0, "HYPODEPTH1": 2.0, "HYPODEPTH2": 10.0, "HYPODEPTH3": 18.0, "WHDEPTH1": 0.1, "WHDEPTH2": 0.4, "WHDEPTH3": 0.5, "WMAXMAG01": 0.5, "WMAXMAG02": 0.4, "WMAXMAG03": 0.1, "MAXMAG01": 7.0, "MAXMAG02": 7.3, "MAXMAG03": 7.6, "STRIKE1": 57.718102, "STRIKE2": 0.0, "STRIKE3": 246.245158, "STRIKE4": 0.0, "DIP1": 56.013216, "DIP2": 0.0, "DIP3": 56.349592, "DIP4": 0.0, "aspRatio": 1.0, "mfd_bin": 0.2, "a_val": 5.76, "a_hi": 5.7656195936600003, "a_mid": 5.759706513, "a_lo": 5.7537934323400002, "sigma_a": 0.01, "b_val": 1.29, "b_hi": 1.3218639364, "b_mid": 1.29, "b_lo": 1.2581360636000001, "sigma_b": 0.01, "cum_cov_ab": 0.054321, "MCORNERP1": 6.8, "MCORNERP2": 7.0, "MCORNERP3": 7.2, "MAXMAGP1": 7.0, "MAXMAGP2": 7.0, "utsu_bval2": 0.0, "utsu_aval": 0.0, "utsu_Minfl": 0.0, "FID_gras26": -1, "Shape_Leng": 39596.253697499997, "Shape_Area": 76000.945706500002 }, "geometry": { "type": "Polygon", "coordinates": [ [ [ 26.553263389330983, 36.436612526970769, 0.0 ], [ 26.500000000702926, 36.300000000312842, 0.0 ], [ 26.553192340676851, 36.436615730733557, 0.0 ], [ 26.553263389330983, 36.436612526970769, 0.0 ] ] ] } },
{ "type": "Feature", "properties": { "FID_gras38": -1, "FID_gras24": -1, "FID_gras_1": -1, "FID_eshm20": 404, "ZONE_ID": "TRAS478", "areakm2": 6929.3697579199998, "tctCluster": "Shallow Default", "CSZ_ID": "SZ21", "TECTO_ID": "TSZ080", "magScaleRe": "WC1994", "SS": 25.0, "NF": 50.0, "TF": 25.0, "MINDEPTH": 0.0, "MAXDEPTH": 20.0, "HYPODEPTH1": 2.0, "HYPODEPTH2": 10.0, "HYPODEPTH3": 18.0, "WHDEPTH1": 0.1, "WHDEPTH2": 0.4, "WHDEPTH3": 0.5, "WMAXMAG01": 0.5, "WMAXMAG02": 0.4, "WMAXMAG03": 0.1, "MAXMAG01": 7.3, "MAXMAG02": 7.6, "MAXMAG03": 7.9, "STRIKE1": 57.718102, "STRIKE2": 0.0, "STRIKE3": 246.245158, "STRIKE4": 0.0, "DIP1": 56.013216, "DIP2": 0.0, "DIP3": 56.349592, "DIP4": 0.0, "aspRatio": 1.0, "mfd_bin": 0.2, "a_val": 4.68, "a_hi": 4.7060593898800001, "a_mid": 4.68004163184, "a_lo": 4.6540238738099999, "sigma_a": 0.064688853895499998, "b_val": 1.05807048271, "b_hi": 1.0952838975800001, "b_mid": 1.05807048271, "b_lo": 1.02085706783, "sigma_b": 0.0136395548455, "cum_cov_ab": 0.054321, "MCORNERP1": 7.1, "MCORNERP2": 7.3, "MCORNERP3": 7.5, "MAXMAGP1": 7.4, "MAXMAGP2": 7.4, "utsu_bval2": 0.0, "utsu_aval": 0.0, "utsu_Minfl": 0.0, "FID_gras26": -1, "Shape_Leng": 39596.253697499997, "Shape_Area": 76000.945706500002 }, "geometry": { "type": "Polygon", "coordinates": [ [ [ 26.553263389330983, 36.436612526970769, 0.0 ], [ 26.500000000702926, 36.300000000312842, 0.0 ], [ 26.553192340676851, 36.436615730733557, 0.0 ], [ 26.553263389330983, 36.436612526970769, 0.0 ] ] ] } },
{ "type": "Feature", "properties": { "FID_gras38": -1, "FID_gras24": -1, "FID_gras_1": -1, "FID_eshm20": 204, "ZONE_ID": "GRAS268", "areakm2": 90333.484559799996, "tctCluster": "Shallow Default", "CSZ_ID": "SZ32", "TECTO_ID": "TSZ045", "magScaleRe": "WC1994", "SS": 35.0, "NF": 15.0, "TF": 50.0, "MINDEPTH": 0.0, "MAXDEPTH": 50.0, "HYPODEPTH1": 2.0, "HYPODEPTH2": 10.0, "HYPODEPTH3": 18.0, "WHDEPTH1": 0.1, "WHDEPTH2": 0.4, "WHDEPTH3": 0.5, "WMAXMAG01": 0.5, "WMAXMAG02": 0.4, "WMAXMAG03": 0.1, "MAXMAG01": 6.9, "MAXMAG02": 7.2, "MAXMAG03": 7.5, "STRIKE1": 0.0, "STRIKE2": 0.0, "STRIKE3": 0.0, "STRIKE4": 0.0, "DIP1": 89.99, "DIP2": 0.0, "DIP3": 0.0, "DIP4": 0.0, "aspRatio": 1.0, "mfd_bin": 0.2, "a_val": 6.1094689839400003, "a_hi": 6.1191941187800003, "a_mid": 6.1093778741499998, "a_lo": 6.0995616295200001, "sigma_a": 0.0424285184082, "b_val": 1.18680541228, "b_hi": 1.2167327884900001, "b_mid": 1.18680541228, "b_lo": 1.1568780360699999, "sigma_b": 0.0088214186425899996, "cum_cov_ab": 0.054321, "MCORNERP1": 6.3, "MCORNERP2": 6.5, "MCORNERP3": 6.7, "MAXMAGP1": 6.8, "MAXMAGP2": 7.0, "utsu_bval2": 0.0, "utsu_aval": 0.0, "utsu_Minfl": 0.0, "FID_gras26": -1, "Shape_Leng": 263866.89907099999, "Shape_Area": 4265091.7870699996 }, "geometry": { "type": "Polygon", "coordinates": [ [ [ 27.104245001472044, 35.024329629059864, 0.0 ], [ 27.103892735218217, 35.024708822321131, 0.0 ], [ 28.08472592733877, 35.567301629457489, 0.0 ], [ 27.104245001472044, 35.024329629059864, 0.0 ] ] ] } },
{ "type": "Feature", "properties": { "FID_gras38": -1, "FID_gras24": -1, "FID_gras_1": -1, "FID_eshm20": 407, "ZONE_ID": "GRAS255", "areakm2": 67077.127398800003, "tctCluster": "Shallow Default", "CSZ_ID": "SZ22", "TECTO_ID": "TSZ095", "magScaleRe": "WC1994", "SS": 25.0, "NF": 50.0, "TF": 25.0, "MINDEPTH": 0.0, "MAXDEPTH": 20.0, "HYPODEPTH1": 2.0, "HYPODEPTH2": 10.0, "HYPODEPTH3": 18.0, "WHDEPTH1": 0.1, "WHDEPTH2": 0.4, "WHDEPTH3": 0.5, "WMAXMAG01": 0.5, "WMAXMAG02": 0.4, "WMAXMAG03": 0.1, "MAXMAG01": 6.9, "MAXMAG02": 7.2, "MAXMAG03": 7.5, "STRIKE1": 73.74905, "STRIKE2": 109.974, "STRIKE3": 222.683648, "STRIKE4": 293.419125, "DIP1": 63.2464, "DIP2": 63.868422, "DIP3": 66.773338, "DIP4": 52.738125, "aspRatio": 1.0, "mfd_bin": 0.2, "a_val": 5.3599, "a_hi": 5.3661701831100004, "a_mid": 5.3602157009600004, "a_lo": 5.3542612187999996, "sigma_a": 0.01, "b_val": 1.08, "b_hi": 1.1118639364, "b_mid": 1.08, "b_lo": 1.0481360636, "sigma_b": 0.01, "cum_cov_ab": 0.054321, "MCORNERP1": 6.0, "MCORNERP2": 6.2, "MCORNERP3": 6.4, "MAXMAGP1": 6.4, "MAXMAGP2": 6.6, "utsu_bval2": 0.0, "utsu_aval": 0.0, "utsu_Minfl": 0.0, "FID_gras26": -1, "Shape_Leng": 263866.89907099999, "Shape_Area": 4265091.7870699996 }, "geometry": { "type": "Polygon", "coordinates": [ [ [ 27.104245001472044, 35.024329629059864, 0.0 ], [ 27.103892735218217, 35.024708822321131, 0.0 ], [ 28.08472592733877, 35.567301629457489, 0.0 ], [ 27.104245001472044, 35.024329629059864, 0.0 ] ] ] } },
{ "type": "Feature", "properties": { "FID_gras38": -1, "FID_gras24": -1, "FID_gras_1": -1, "FID_eshm20": 204, "ZONE_ID": "GRAS268", "areakm2": 90333.484559799996, "tctCluster": "Shallow Default", "CSZ_ID": "SZ32", "TECTO_ID": "TSZ045", "magScaleRe": "WC1994", "SS": 35.0, "NF": 15.0, "TF": 50.0, "MINDEPTH": 0.0, "MAXDEPTH": 50.0, "HYPODEPTH1": 2.0, "HYPODEPTH2": 10.0, "HYPODEPTH3": 18.0, "WHDEPTH1": 0.1, "WHDEPTH2": 0.4, "WHDEPTH3": 0.5, "WMAXMAG01": 0.5, "WMAXMAG02": 0.4, "WMAXMAG03": 0.1, "MAXMAG01": 6.9, "MAXMAG02": 7.2, "MAXMAG03": 7.5, "STRIKE1": 0.0, "STRIKE2": 0.0, "STRIKE3": 0.0, "STRIKE4": 0.0, "DIP1": 89.99, "DIP2": 0.0, "DIP3": 0.0, "DIP4": 0.0, "aspRatio": 1.0, "mfd_bin": 0.2, "a_val": 6.1094689839400003, "a_hi": 6.1191941187800003, "a_mid": 6.1093778741499998, "a_lo": 6.0995616295200001, "sigma_a": 0.0424285184082, "b_val": 1.18680541228, "b_hi": 1.2167327884900001, "b_mid": 1.18680541228, "b_lo": 1.1568780360699999, "sigma_b": 0.0088214186425899996, "cum_cov_ab": 0.054321, "MCORNERP1": 6.3, "MCORNERP2": 6.5, "MCORNERP3": 6.7, "MAXMAGP1": 6.8, "MAXMAGP2": 7.0, "utsu_bval2": 0.0, "utsu_aval": 0.0, "utsu_Minfl": 0.0, "FID_gras26": 1, "Shape_Leng": 132717.625306, "Shape_Area": 5955197.6946900003 }, "geometry": { "type": "Polygon", "coordinates": [ [ [ 22.701524926061737, 34.844384237335518, 0.0 ], [ 22.700453959969902, 34.845185368494029, 0.0 ], [ 23.064492866465237, 35.230867814385405, 0.0 ], [ 22.883008895814324, 35.037626025802751, 0.0 ], [ 22.701524926061737, 34.844384237335518, 0.0 ] ] ] } },
{ "type": "Feature", "properties": { "FID_gras38": -1, "FID_gras24": -1, "FID_gras_1": -1, "FID_eshm20": 212, "ZONE_ID": "HRAS275", "areakm2": 24473.593236500001, "tctCluster": "Shallow Default", "CSZ_ID": "SZ34", "TECTO_ID": "TSZ058", "magScaleRe": "WC1994", "SS": 30.0, "NF": 5.0, "TF": 65.0, "MINDEPTH": 0.0, "MAXDEPTH": 20.0, "HYPODEPTH1": 2.0, "HYPODEPTH2": 10.0, "HYPODEPTH3": 18.0, "WHDEPTH1": 0.1, "WHDEPTH2": 0.4, "WHDEPTH3": 0.5, "WMAXMAG01": 0.5, "WMAXMAG02": 0.4, "WMAXMAG03": 0.1, "MAXMAG01": 6.9, "MAXMAG02": 7.2, "MAXMAG03": 7.5, "STRIKE1": 0.0, "STRIKE2": 0.0, "STRIKE3": 0.0, "STRIKE4": 317.224152, "DIP1": 89.99, "DIP2": 0.0, "DIP3": 0.0, "DIP4": 36.830488, "aspRatio": 1.0, "mfd_bin": 0.2, "a_val": 3.95, "a_hi": 3.97386919169, "a_mid": 3.9497578092099999, "a_lo": 3.9256464267200002, "sigma_a": 0.061160526199699999, "b_val": 1.0, "b_hi": 1.04274995669, "b_mid": 1.0, "b_lo": 0.95725004331200003, "sigma_b": 0.018, "cum_cov_ab": 0.054321, "MCORNERP1": 6.5, "MCORNERP2": 6.7, "MCORNERP3": 6.9, "MAXMAGP1": 6.8, "MAXMAGP2": 7.0, "utsu_bval2": 0.0, "utsu_aval": 0.0, "utsu_Minfl": 0.0, "FID_gras26": -1, "Shape_Leng": 513291.20518, "Shape_Area": 43470582.729500003 }, "geometry": { "type": "MultiPolygon", "coordinates": [ [ [ [ 17.509590149129373, 42.449897765401218, 0.0 ], [ 15.81089210485635, 43.19795608437952, 0.0 ], [ 17.004235758814467, 42.676423364998378, 0.0 ], [ 17.509590149129373, 42.449897765401218, 0.0 ] ] ], [ [ [ 17.831939023026369, 42.42505974325595, 0.0 ], [ 17.83193400054563, 42.425057999301004, 0.0 ], [ 17.509590149129373, 42.449897765401218, 0.0 ], [ 17.831939023026369, 42.42505974325595, 0.0 ] ] ] ] } },
{ "type": "Feature", "properties": { "FID_gras38": -1, "FID_gras24": -1, "FID_gras_1": -1, "FID_eshm20": 214, "ZONE_ID": "HRAS278", "areakm2": 54973.4914212, "tctCluster": "Shallow Default", "CSZ_ID": "SZ39", "TECTO_ID": "TSZ019", "magScaleRe": "WC1994", "SS": 40.0, "NF": 10.0, "TF": 50.0, "MINDEPTH": 0.0, "MAXDEPTH": 30.0, "HYPODEPTH1": 2.0, "HYPODEPTH2": 10.0, "HYPODEPTH3": 18.0, "WHDEPTH1": 0.1, "WHDEPTH2": 0.4, "WHDEPTH3": 0.5, "WMAXMAG01": 0.5, "WMAXMAG02": 0.4, "WMAXMAG03": 0.1, "MAXMAG01": 6.9, "MAXMAG02": 7.2, "MAXMAG03": 7.5, "STRIKE1": 0.0, "STRIKE2": 0.0, "STRIKE3": 260.687222, "STRIKE4": 301.812138, "DIP1": 49.385333, "DIP2": 0.0, "DIP3": 49.385333, "DIP4": 43.702027, "aspRatio": 1.0, "mfd_bin": 0.2, "a_val": 3.67, "a_hi": 3.7377747675899999, "a_mid": 3.6697822115899998, "a_lo": 3.6017896555900002, "sigma_a": 0.13559171359700001, "b_val": 1.0, "b_hi": 1.0550026404, "b_mid": 1.0, "b_lo": 0.94499735959599995, "sigma_b": 0.029796703788399999, "cum_cov_ab": 0.054321, "MCORNERP1": 6.0, "MCORNERP2": 6.2, "MCORNERP3": 6.4, "MAXMAGP1": 6.4, "MAXMAGP2": 6.4, "utsu_bval2": 0.0, "utsu_aval": 0.0, "utsu_Minfl": 0.0, "FID_gras26": -1, "Shape_Leng": 513291.20518, "Shape_Area": 43470582.729500003 }, "geometry": { "type": "MultiPolygon", "coordinates": [ [ [ [ 17.509590149129373, 42.449897765401218, 0.0 ], [ 15.81089210485635, 43.19795608437952, 0.0 ], [ 17.004235758814467, 42.676423364998378, 0.0 ], [ 17.509590149129373, 42.449897765401218, 0.0 ] ] ], [ [ [ 17.831939023026369, 42.42505974325595, 0.0 ], [ 17.83193400054563, 42.425057999301004, 0.0 ], [ 17.509590149129373, 42.449897765401218, 0.0 ], [ 17.831939023026369, 42.42505974325595, 0.0 ] ] ] ] } },
{ "type": "Feature", "properties": { "FID_gras38": -1, "FID_gras24": -1, "FID_gras_1": -1, "FID_eshm20": 352, "ZONE_ID": "TRAS428", "areakm2": 30795.423878400001, "tctCluster": "Shallow Default", "CSZ_ID": "SZ41", "TECTO_ID": "TSZ003", "magScaleRe": "WC1994", "SS": 25.0, "NF": 50.0, "TF": 25.0, "MINDEPTH": 0.0, "MAXDEPTH": 20.0, "HYPODEPTH1": 2.0, "HYPODEPTH2": 10.0, "HYPODEPTH3": 18.0, "WHDEPTH1": 0.1, "WHDEPTH2": 0.4, "WHDEPTH3": 0.5, "WMAXMAG01": 0.5, "WMAXMAG02": 0.4, "WMAXMAG03": 0.1, "MAXMAG01": 7.6, "MAXMAG02": 7.9, "MAXMAG03": 8.2, "STRIKE1": 65.3675, "STRIKE2": 104.610411, "STRIKE3": 253.542529, "STRIKE4": 288.026209, "DIP1": 57.402604, "DIP2": 56.564422, "DIP3": 54.182569, "DIP4": 41.811018, "aspRatio": 1.0, "mfd_bin": 0.2, "a_val": 3.8, "a_hi": 3.87835554776, "a_mid": 3.7999363742800001, "a_lo": 3.7215172008000001, "sigma_a": 0.115221986786, "b_val": 1.0, "b_hi": 1.0489450229599999, "b_mid": 1.0, "b_lo": 0.95105497704399999, "sigma_b": 0.023594904292, "cum_cov_ab": 0.054321, "MCORNERP1": 7.2, "MCORNERP2": 7.4, "MCORNERP3": 7.6, "MAXMAGP1": 7.2, "MAXMAGP2": 7.4, "utsu_bval2": 0.0, "utsu_aval": 0.0, "utsu_Minfl": 0.0, "FID_gras26": -1, "Shape_Leng": 243285.553732, "Shape_Area": 1105035537.6400001 }, "geometry": { "type": "Polygon", "coordinates": [ [ [ 31.39861106615124, 41.317165376197508, 0.0 ], [ 30.696986633238165, 41.244037957365535, 0.0 ], [ 30.600834492011817, 41.599063709937504, 0.0 ], [ 30.655526746320707, 41.426572752997203, 0.0 ], [ 31.39861106615124, 41.317165376197508, 0.0 ] ] ] } },
{ "type": "Feature", "properties": { "FID_gras38": -1, "FID_gras24": -1, "FID_gras_1": -1, "FID_eshm20": 392, "ZONE_ID": "TRAS495", "areakm2": 109042.83482, "tctCluster": "Shallow Default", "CSZ_ID": "SZ33", "TECTO_ID": "TSZ003", "magScaleRe": "WC1994", "SS": 25.0, "NF": 50.0, "TF": 25.0, "MINDEPTH": 0.0, "MAXDEPTH": 20.0, "HYPODEPTH1": 2.0, "HYPODEPTH2": 10.0, "HYPODEPTH3": 18.0, "WHDEPTH1": 0.1, "WHDEPTH2": 0.4, "WHDEPTH3": 0.5, "WMAXMAG01": 0.5, "WMAXMAG02": 0.4, "WMAXMAG03": 0.1, "MAXMAG01": 7.1, "MAXMAG02": 7.4, "MAXMAG03": 7.7, "STRIKE1": 65.3675, "STRIKE2": 104.610411, "STRIKE3": 253.542529, "STRIKE4": 288.026209, "DIP1": 57.402604, "DIP2": 56.564422, "DIP3": 54.182569, "DIP4": 41.811018, "aspRatio": 1.0, "mfd_bin": 0.2, "a_val": 4.05, "a_hi": 4.1200509612999996, "a_mid": 4.0491235575499998, "a_lo": 3.9781961538099999, "sigma_a": 0.15597727467, "b_val": 1.0, "b_hi": 1.0572403888899999, "b_mid": 1.0, "b_lo": 0.94275961111200002, "sigma_b": 0.032270544872799997, "cum_cov_ab": 0.054321, "MCORNERP1": 6.0, "MCORNERP2": 6.2, "MCORNERP3": 6.4, "MAXMAGP1": 6.4, "MAXMAGP2": 6.6, "utsu_bval2": 0.0, "utsu_aval": 0.0, "utsu_Minfl": 0.0, "FID_gras26": -1, "Shape_Leng": 243285.553732, "Shape_Area": 1105035537.6400001 }, "geometry": { "type": "Polygon", "coordinates": [ [ [ 31.39861106615124, 41.317165376197508, 0.0 ], [ 30.696986633238165, 41.244037957365535, 0.0 ], [ 30.600834492011817, 41.599063709937504, 0.0 ], [ 30.655526746320707, 41.426572752997203, 0.0 ], [ 31.39861106615124, 41.317165376197508, 0.0 ] ] ] } },
{ "type": "Feature", "properties": { "FID_gras38": -1, "FID_gras24": -1, "FID_gras_1": -1, "FID_eshm20": 357, "ZONE_ID": "TRAS435", "areakm2": 28937.369795300001, "tctCluster": "Shallow Default", "CSZ_ID": "SZ43", "TECTO_ID": "TSZ030", "magScaleRe": "WC1994", "SS": 75.0, "NF": 10.0, "TF": 15.0, "MINDEPTH": 0.0, "MAXDEPTH": 20.0, "HYPODEPTH1": 2.0, "HYPODEPTH2": 10.0, "HYPODEPTH3": 18.0, "WHDEPTH1": 0.1, "WHDEPTH2": 0.4, "WHDEPTH3": 0.5, "WMAXMAG01": 0.5, "WMAXMAG02": 0.4, "WMAXMAG03": 0.1, "MAXMAG01": 7.3, "MAXMAG02": 7.6, "MAXMAG03": 7.9, "STRIKE1": 84.103833, "STRIKE2": 96.131174, "STRIKE3": 244.54899, "STRIKE4": 0.0, "DIP1": 86.72575, "DIP2": 86.522087, "DIP3": 85.008563, "DIP4": 0.0, "aspRatio": 1.0, "mfd_bin": 0.2, "a_val": 4.15, "a_hi": 4.19225237687, "a_mid": 4.15013687179, "a_lo": 4.1080213667100001, "sigma_a": 0.088307376271099997, "b_val": 0.99, "b_hi": 1.0333908262, "b_mid": 0.99, "b_lo": 0.946609173804, "sigma_b": 0.018543725336, "cum_cov_ab": 0.054321, "MCORNERP1": 6.0, "MCORNERP2": 6.2, "MCORNERP3": 6.4, "MAXMAGP1": 6.4, "MAXMAGP2": 6.6, "utsu_bval2": 0.0, "utsu_aval": 0.0, "utsu_Minfl": 0.0, "FID_gras26": -1, "Shape_Leng": 770964.021037, "Shape_Area": 25356986173.700001 }, "geometry": { "type": "Polygon", "coordinates": [ [ [ 35.530833000711112, 40.586202999891235, 0.0 ], [ 33.634274999991632, 39.844390999755397, 0.0 ], [ 33.264628000110747, 39.428636999479771, 0.0 ], [ 32.972664000200297, 39.627205999907666, 0.0 ], [ 33.117486000239261, 40.376533999647279, 0.0 ], [ 33.34552800006427, 40.758435999607329, 0.0 ], [ 34.254106999835521, 40.777486999497384, 0.0 ], [ 35.530833000711112, 40.586202999891235, 0.0 ] ] ] } },
{ "type": "Feature", "properties": { "FID_gras38": -1, "FID_gras24": -1, "FID_gras_1": -1, "FID_eshm20": 358, "ZONE_ID": "TRAS436", "areakm2": 19354.271841500002, "tctCluster": "Shallow Default", "CSZ_ID": "SZ43", "TECTO_ID": "TSZ030", "magScaleRe": "WC1994", "SS": 75.0, "NF": 10.0, "TF": 15.0, "MINDEPTH": 0.0, "MAXDEPTH": 20.0, "HYPODEPTH1": 2.0, "HYPODEPTH2": 10.0, "HYPODEPTH3": 18.0, "WHDEPTH1": 0.1, "WHDEPTH2": 0.4, "WHDEPTH3": 0.5, "WMAXMAG01": 0.5, "WMAXMAG02": 0.4, "WMAXMAG03": 0.1, "MAXMAG01": 7.3, "MAXMAG02": 7.6, "MAXMAG03": 7.9, "STRIKE1": 84.103833, "STRIKE2": 96.131174, "STRIKE3": 244.54899, "STRIKE4": 0.0, "DIP1": 86.72575, "DIP2": 86.522087, "DIP3": 85.008563, "DIP4": 0.0, "aspRatio": 1.0, "mfd_bin": 0.2, "a_val": 4.0393, "a_hi": 4.0880654997099999, "a_mid": 4.0390983505199998, "a_lo": 3.9901312013200001, "sigma_a": 0.090642433684999996, "b_val": 1.0, "b_hi": 1.04428595708, "b_mid": 1.0, "b_lo": 0.955714042918, "sigma_b": 0.019316712527099999, "cum_cov_ab": 0.054321, "MCORNERP1": 6.0, "MCORNERP2": 6.2, "MCORNERP3": 6.4, "MAXMAGP1": 6.4, "MAXMAGP2": 6.6, "utsu_bval2": 0.0, "utsu_aval": 0.0, "utsu_Minfl": 0.0, "FID_gras26": -1, "Shape_Leng": 770964.021037, "Shape_Area": 25356986173.700001 }, "geometry": { "type": "Polygon", "coordinates": [ [ [ 35.530833000711112, 40.586202999891235, 0.0 ], [ 33.634274999991632, 39.844390999755397, 0.0 ], [ 33.264628000110747, 39.428636999479771, 0.0 ], [ 32.972664000200297, 39.627205999907666, 0.0 ], [ 33.117486000239261, 40.376533999647279, 0.0 ], [ 33.34552800006427, 40.758435999607329, 0.0 ], [ 34.254106999835521, 40.777486999497384, 0.0 ], [ 35.530833000711112, 40.586202999891235, 0.0 ] ] ] } },
{ "type": "Feature", "properties": { "FID_gras38": -1, "FID_gras24": -1, "FID_gras_1": -1, "FID_eshm20": 382, "ZONE_ID": "TRAS478", "areakm2": 6929.3697579199998, "tctCluster": "Shallow Default", "CSZ_ID": "SZ21", "TECTO_ID": "TSZ080", "magScaleRe": "WC1994", "SS": 25.0, "NF": 50.0, "TF": 25.0, "MINDEPTH": 0.0, "MAXDEPTH": 20.0, "HYPODEPTH1": 2.0, "HYPODEPTH2": 10.0, "HYPODEPTH3": 18.0, "WHDEPTH1": 0.1, "WHDEPTH2": 0.4, "WHDEPTH3": 0.5, "WMAXMAG01": 0.5, "WMAXMAG02": 0.4, "WMAXMAG03": 0.1, "MAXMAG01": 7.3, "MAXMAG02": 7.6, "MAXMAG03": 7.9, "STRIKE1": 57.718102, "STRIKE2": 0.0, "STRIKE3": 246.245158, "STRIKE4": 0.0, "DIP1": 56.013216, "DIP2": 0.0, "DIP3": 56.349592, "DIP4": 0.0, "aspRatio": 1.0, "mfd_bin": 0.2, "a_val": 4.68, "a_hi": 4.7060593898800001, "a_mid": 4.68004163184, "a_lo": 4.6540238738099999, "sigma_a": 0.064688853895499998, "b_val": 1.05807048271, "b_hi": 1.0952838975800001, "b_mid": 1.05807048271, "b_lo": 1.02085706783, "sigma_b": 0.0136395548455, "cum_cov_ab": 0.054321, "MCORNERP1": 7.1, "MCORNERP2": 7.3, "MCORNERP3": 7.5, "MAXMAGP1": 7.4, "MAXMAGP2": 7.4, "utsu_bval2": 0.0, "utsu_aval": 0.0, "utsu_Minfl": 0.0, "FID_gras26": -1, "Shape_Leng": 200790.430868, "Shape_Area": 876214.71333000006 }, "geometry": { "type": "Polygon", "coordinates": [ [ [ 27.5864829206132, 36.555205208390376, 0.0 ], [ 27.586339572850036, 36.5553077724622, 0.0 ], [ 28.464764688731997, 36.719085099568652, 0.0 ], [ 27.5864829206132, 36.555205208390376, 0.0 ] ] ] } },
{ "type": "Feature", "properties": { "FID_gras38": -1, "FID_gras24": -1, "FID_gras_1": -1, "FID_eshm20": 383, "ZONE_ID": "TRAS479", "areakm2": 22522.290015, "tctCluster": "Shallow Default", "CSZ_ID": "SZ22", "TECTO_ID": "TSZ095", "magScaleRe": "WC1994", "SS": 20.0, "NF": 75.0, "TF": 5.0, "MINDEPTH": 0.0, "MAXDEPTH": 20.0, "HYPODEPTH1": 2.0, "HYPODEPTH2": 10.0, "HYPODEPTH3": 18.0, "WHDEPTH1": 0.1, "WHDEPTH2": 0.4, "WHDEPTH3": 0.5, "WMAXMAG01": 0.5, "WMAXMAG02": 0.4, "WMAXMAG03": 0.1, "MAXMAG01": 6.9, "MAXMAG02": 7.2, "MAXMAG03": 7.5, "STRIKE1": 50.68201, "STRIKE2": 113.109812, "STRIKE3": 244.682748, "STRIKE4": 285.745358, "DIP1": 64.153545, "DIP2": 60.100937, "DIP3": 60.485761, "DIP4": 54.208657, "aspRatio": 1.0, "mfd_bin": 0.2, "a_val": 4.8178663964600004, "a_hi": 4.8500028683399998, "a_mid": 4.8180715426400003, "a_lo": 4.7861402169399998, "sigma_a": 0.080117896944600003, "b_val": 1.09391496511, "b_hi": 1.1350179300200001, "b_mid": 1.09391496511, "b_lo": 1.0528120002100001, "sigma_b": 0.016639774917599999, "cum_cov_ab": 0.054321, "MCORNERP1": 6.6, "MCORNERP2": 6.8, "MCORNERP3": 7.0, "MAXMAGP1": 7.0, "MAXMAGP2": 7.0, "utsu_bval2": 0.0, "utsu_aval": 0.0, "utsu_Minfl": 0.0, "FID_gras26": -1, "Shape_Leng": 200790.430868, "Shape_Area": 876214.71333000006 }, "geometry": { "type": "Polygon", "coordinates": [ [ [ 27.5864829206132, 36.555205208390376, 0.0 ], [ 27.586339572850036, 36.5553077724622, 0.0 ], [ 28.464764688731997, 36.719085099568652, 0.0 ], [ 27.5864829206132, 36.555205208390376, 0.0 ] ] ] } },
{ "type": "Feature", "properties": { "FID_gras38": -1, "FID_gras24": -1, "FID_gras_1": -1, "FID_eshm20": 383, "ZONE_ID": "TRAS479", "areakm2": 22522.290015, "tctCluster": "Shallow Default", "CSZ_ID": "SZ22", "TECTO_ID": "TSZ095", "magScaleRe": "WC1994", "SS": 20.0, "NF": 75.0, "TF": 5.0, "MINDEPTH": 0.0, "MAXDEPTH": 20.0, "HYPODEPTH1": 2.0, "HYPODEPTH2": 10.0, "HYPODEPTH3": 18.0, "WHDEPTH1": 0.1, "WHDEPTH2": 0.4, "WHDEPTH3": 0.5, "WMAXMAG01": 0.5, "WMAXMAG02": 0.4, "WMAXMAG03": 0.1, "MAXMAG01": 6.9, "MAXMAG02": 7.2, "MAXMAG03": 7.5, "STRIKE1": 50.68201, "STRIKE2": 113.109812, "STRIKE3": 244.682748, "STRIKE4": 285.745358, "DIP1": 64.153545, "DIP2": 60.100937, "DIP3": 60.485761, "DIP4": 54.208657, "aspRatio": 1.0, "mfd_bin": 0.2, "a_val": 4.8178663964600004, "a_hi": 4.8500028683399998, "a_mid": 4.8180715426400003, "a_lo": 4.7861402169399998, "sigma_a": 0.080117896944600003, "b_val": 1.09391496511, "b_hi": 1.1350179300200001, "b_mid": 1.09391496511, "b_lo": 1.0528120002100001, "sigma_b": 0.016639774917599999, "cum_cov_ab": 0.054321, "MCORNERP1": 6.6, "MCORNERP2": 6.8, "MCORNERP3": 7.0, "MAXMAGP1": 7.0, "MAXMAGP2": 7.0, "utsu_bval2": 0.0, "utsu_aval": 0.0, "utsu_Minfl": 0.0, "FID_gras26": -1, "Shape_Leng": 149291.23039499999, "Shape_Area": 651363.396725 }, "geometry": { "type": "Polygon", "coordinates": [ [ [ 27.5864829206132, 36.555205208390376, 0.0 ], [ 26.933332999769402, 36.433332999892812, 0.0 ], [ 27.586339572850036, 36.5553077724622, 0.0 ], [ 27.5864829206132, 36.555205208390376, 0.0 ] ] ] } },
{ "type": "Feature", "properties": { "FID_gras38": -1, "FID_gras24": -1, "FID_gras_1": -1, "FID_eshm20": 404, "ZONE_ID": "TRAS478", "areakm2": 6929.3697579199998, "tctCluster": "Shallow Default", "CSZ_ID": "SZ21", "TECTO_ID": "TSZ080", "magScaleRe": "WC1994", "SS": 25.0, "NF": 50.0, "TF": 25.0, "MINDEPTH": 0.0, "MAXDEPTH": 20.0, "HYPODEPTH1": 2.0, "HYPODEPTH2": 10.0, "HYPODEPTH3": 18.0, "WHDEPTH1": 0.1, "WHDEPTH2": 0.4, "WHDEPTH3": 0.5, "WMAXMAG01": 0.5, "WMAXMAG02": 0.4, "WMAXMAG03": 0.1, "MAXMAG01": 7.3, "MAXMAG02": 7.6, "MAXMAG03": 7.9, "STRIKE1": 57.718102, "STRIKE2": 0.0, "STRIKE3": 246.245158, "STRIKE4": 0.0, "DIP1": 56.013216, "DIP2": 0.0, "DIP3": 56.349592, "DIP4": 0.0, "aspRatio": 1.0, "mfd_bin": 0.2, "a_val": 4.68, "a_hi": 4.7060593898800001, "a_mid": 4.68004163184, "a_lo": 4.6540238738099999, "sigma_a": 0.064688853895499998, "b_val": 1.05807048271, "b_hi": 1.0952838975800001, "b_mid": 1.05807048271, "b_lo": 1.02085706783, "sigma_b": 0.0136395548455, "cum_cov_ab": 0.054321, "MCORNERP1": 7.1, "MCORNERP2": 7.3, "MCORNERP3": 7.5, "MAXMAGP1": 7.4, "MAXMAGP2": 7.4, "utsu_bval2": 0.0, "utsu_aval": 0.0, "utsu_Minfl": 0.0, "FID_gras26": -1, "Shape_Leng": 149291.23039499999, "Shape_Area": 651363.396725 }, "geometry": { "type": "Polygon", "coordinates": [ [ [ 27.5864829206132, 36.555205208390376, 0.0 ], [ 26.933332999769402, 36.433332999892812, 0.0 ], [ 27.586339572850036, 36.5553077724622, 0.0 ], [ 27.5864829206132, 36.555205208390376, 0.0 ] ] ] } },
{ "type": "Feature", "properties": { "FID_gras38": -1, "FID_gras24": -1, "FID_gras_1": -1, "FID_eshm20": 404, "ZONE_ID": "TRAS478", "areakm2": 6929.3697579199998, "tctCluster": "Shallow Default", "CSZ_ID": "SZ21", "TECTO_ID": "TSZ080", "magScaleRe": "WC1994", "SS": 25.0, "NF": 50.0, "TF": 25.0, "MINDEPTH": 0.0, "MAXDEPTH": 20.0, "HYPODEPTH1": 2.0, "HYPODEPTH2": 10.0, "HYPODEPTH3": 18.0, "WHDEPTH1": 0.1, "WHDEPTH2": 0.4, "WHDEPTH3": 0.5, "WMAXMAG01": 0.5, "WMAXMAG02": 0.4, "WMAXMAG03": 0.1, "MAXMAG01": 7.3, "MAXMAG02": 7.6, "MAXMAG03": 7.9, "STRIKE1": 57.718102, "STRIKE2": 0.0, "STRIKE3": 246.245158, "STRIKE4": 0.0, "DIP1": 56.013216, "DIP2": 0.0, "DIP3": 56.349592, "DIP4": 0.0, "aspRatio": 1.0, "mfd_bin": 0.2, "a_val": 4.68, "a_hi": 4.7060593898800001, "a_mid": 4.68004163184, "a_lo": 4.6540238738099999, "sigma_a": 0.064688853895499998, "b_val": 1.05807048271, "b_hi": 1.0952838975800001, "b_mid": 1.05807048271, "b_lo": 1.02085706783, "sigma_b": 0.0136395548455, "cum_cov_ab": 0.054321, "MCORNERP1": 7.1, "MCORNERP2": 7.3, "MCORNERP3": 7.5, "MAXMAGP1": 7.4, "MAXMAGP2": 7.4, "utsu_bval2": 0.0, "utsu_aval": 0.0, "utsu_Minfl": 0.0, "FID_gras26": -1, "Shape_Leng": 61145.733785299999, "Shape_Area": 117380.731946 }, "geometry": { "type": "Polygon", "coordinates": [ [ [ 26.553263389330983, 36.436612526970769, 0.0 ], [ 26.553192340676851, 36.436615730733557, 0.0 ], [ 26.635346000694803, 36.647141999993821, 0.0 ], [ 26.553263389330983, 36.436612526970769, 0.0 ] ] ] } },
{ "type": "Feature", "properties": { "FID_gras38": -1, "FID_gras24": -1, "FID_gras_1": -1, "FID_eshm20": 405, "ZONE_ID": "GRAS259", "areakm2": 23185.099694299999, "tctCluster": "Shallow Default", "CSZ_ID": "SZ22", "TECTO_ID": "TSZ024", "magScaleRe": "WC1994", "SS": 25.0, "NF": 50.0, "TF": 25.0, "MINDEPTH": 0.0, "MAXDEPTH": 20.0, "HYPODEPTH1": 2.0, "HYPODEPTH2": 10.0, "HYPODEPTH3": 18.0, "WHDEPTH1": 0.1, "WHDEPTH2": 0.4, "WHDEPTH3": 0.5, "WMAXMAG01": 0.5, "WMAXMAG02": 0.4, "WMAXMAG03": 0.1, "MAXMAG01": 7.0, "MAXMAG02": 7.3, "MAXMAG03": 7.6, "STRIKE1": 57.718102, "STRIKE2": 0.0, "STRIKE3": 246.245158, "STRIKE4": 0.0, "DIP1": 56.013216, "DIP2": 0.0, "DIP3": 56.349592, "DIP4": 0.0, "aspRatio": 1.0, "mfd_bin": 0.2, "a_val": 5.76, "a_hi": 5.7656195936600003, "a_mid": 5.759706513, "a_lo": 5.7537934323400002, "sigma_a": 0.01, "b_val": 1.29, "b_hi": 1.3218639364, "b_mid": 1.29, "b_lo": 1.2581360636000001, "sigma_b": 0.01, "cum_cov_ab": 0.054321, "MCORNERP1": 6.8, "MCORNERP2": 7.0, "MCORNERP3": 7.2, "MAXMAGP1": 7.0, "MAXMAGP2": 7.0, "utsu_bval2": 0.0, "utsu_aval": 0.0, "utsu_Minfl": 0.0, "FID_gras26": -1, "Shape_Leng": 61145.733785299999, "Shape_Area": 117380.731946 }, "geometry": { "type": "Polygon", "coordinates": [ [ [ 26.553263389330983, 36.436612526970769, 0.0 ], [ 26.553192340676851, 36.436615730733557, 0.0 ], [ 26.635346000694803, 36.647141999993821, 0.0 ], [ 26.553263389330983, 36.436612526970769, 0.0 ] ] ] } },
{ "type": "Feature", "properties": { "FID_gras38": -1, "FID_gras24": -1, "FID_gras_1": -1, "FID_eshm20": 406, "ZONE_ID": "GRAS255", "areakm2": 67077.127398800003, "tctCluster": "Shallow Default", "CSZ_ID": "SZ22", "TECTO_ID": "TSZ095", "magScaleRe": "WC1994", "SS": 25.0, "NF": 50.0, "TF": 25.0, "MINDEPTH": 0.0, "MAXDEPTH": 20.0, "HYPODEPTH1": 2.0, "HYPODEPTH2": 10.0, "HYPODEPTH3": 18.0, "WHDEPTH1": 0.1, "WHDEPTH2": 0.4, "WHDEPTH3": 0.5, "WMAXMAG01": 0.5, "WMAXMAG02": 0.4, "WMAXMAG03": 0.1, "MAXMAG01": 6.9, "MAXMAG02": 7.2, "MAXMAG03": 7.5, "STRIKE1": 73.74905, "STRIKE2": 109.974, "STRIKE3": 222.683648, "STRIKE4": 293.419125, "DIP1": 63.2464, "DIP2": 63.868422, "DIP3": 66.773338, "DIP4": 52.738125, "aspRatio": 1.0, "mfd_bin": 0.2, "a_val": 5.3599, "a_hi": 5.3661701831100004, "a_mid": 5.3602157009600004, "a_lo": 5.3542612187999996, "sigma_a": 0.01, "b_val": 1.08, "b_hi": 1.1118639364, "b_mid": 1.08, "b_lo": 1.0481360636, "sigma_b": 0.01, "cum_cov_ab": 0.054321, "MCORNERP1": 6.0, "MCORNERP2": 6.2, "MCORNERP3": 6.4, "MAXMAGP1": 6.4, "MAXMAGP2": 6.6, "utsu_bval2": 0.0, "utsu_aval": 0.0, "utsu_Minfl": 0.0, "FID_gras26": 1, "Shape_Leng": 91227.365368600003, "Shape_Area": 199701.74619000001 }, "geometry": { "type": "Polygon", "coordinates": [ [ [ 23.064492866465237, 35.230867814385405, 0.0 ], [ 23.263214688154854, 35.523044639237682, 0.0 ], [ 23.163853777310031, 35.376956227081848, 0.0 ], [ 23.064492866465237, 35.230867814385405, 0.0 ] ] ] } },
{ "type": "Feature", "properties": { "FID_gras38": -1, "FID_gras24": -1, "FID_gras_1": -1, "FID_eshm20": 409, "ZONE_ID": "GRAS266", "areakm2": 24698.733211399998, "tctCluster": "Shallow Default", "CSZ_ID": "SZ22", "TECTO_ID": "TSZ078", "magScaleRe": "WC1994", "SS": 25.0, "NF": 50.0, "TF": 25.0, "MINDEPTH": 0.0, "MAXDEPTH": 20.0, "HYPODEPTH1": 2.0, "HYPODEPTH2": 10.0, "HYPODEPTH3": 18.0, "WHDEPTH1": 0.1, "WHDEPTH2": 0.4, "WHDEPTH3": 0.5, "WMAXMAG01": 0.5, "WMAXMAG02": 0.4, "WMAXMAG03": 0.1, "MAXMAG01": 7.0, "MAXMAG02": 7.3, "MAXMAG03": 7.6, "STRIKE1": 50.786882, "STRIKE2": 116.653104, "STRIKE3": 248.04414, "STRIKE4": 318.021659, "DIP1": 54.111706, "DIP2": 52.67326, "DIP3": 56.645442, "DIP4": 55.237734, "aspRatio": 1.0, "mfd_bin": 0.2, "a_val": 3.9, "a_hi": 3.9091700216900001, "a_mid": 3.90017509727, "a_lo": 3.89118017286, "sigma_a": 0.035554353839900001, "b_val": 0.85, "b_hi": 0.89030504569299995, "b_mid": 0.85, "b_lo": 0.809694954307, "sigma_b": 0.016, "cum_cov_ab": 0.054321, "MCORNERP1": 6.4, "MCORNERP2": 6.6, "MCORNERP3": 6.8, "MAXMAGP1": 6.8, "MAXMAGP2": 7.0, "utsu_bval2": 0.0, "utsu_aval": 0.0, "utsu_Minfl": 0.0, "FID_gras26": -1, "Shape_Leng": 100008.30696099999, "Shape_Area": 1110689.4233800001 }, "geometry": { "type": "Polygon", "coordinates": [ [ [ 22.656998869890643, 37.741331745947285, 0.0 ], [ 22.656667056479201, 37.741150069576463, 0.0 ], [ 22.350000001530137, 37.999999999503771, 0.0 ], [ 22.656998869890643, 37.741331745947285, 0.0 ] ] ] } },
{ "type": "Feature", "properties": { "FID_gras38": -1, "FID_gras24": -1, "FID_gras_1": -1, "FID_eshm20": 411, "ZONE_ID": "GRAS241", "areakm2": 19969.484766699999, "tctCluster": "Shallow Default", "CSZ_ID": "SZ22", "TECTO_ID": "TSZ079", "magScaleRe": "WC1994", "SS": 40.0, "NF": 60.0, "TF": 0.0, "MINDEPTH": 0.0, "MAXDEPTH": 20.0, "HYPODEPTH1": 2.0, "HYPODEPTH2": 10.0, "HYPODEPTH3": 18.0, "WHDEPTH1": 0.1, "WHDEPTH2": 0.4, "WHDEPTH3": 0.5, "WMAXMAG01": 0.5, "WMAXMAG02": 0.4, "WMAXMAG03": 0.1, "MAXMAG01": 7.3, "MAXMAG02": 7.6, "MAXMAG03": 7.9, "STRIKE1": 77.235375, "STRIKE2": 119.308, "STRIKE3": 251.883667, "STRIKE4": 287.630462, "DIP1": 51.71425, "DIP2": 54.170111, "DIP3": 59.094333, "DIP4": 52.927026, "aspRatio": 1.0, "mfd_bin": 0.2, "a_val": 4.5, "a_hi": 4.5103147418100002, "a_mid": 4.4997424101899997, "a_lo": 4.4891700785699999, "sigma_a": 0.042823386279099998, "b_val": 0.95, "b_hi": 0.99617523069400005, "b_mid": 0.95, "b_lo": 0.90382476930599998, "sigma_b": 0.021, "cum_cov_ab": 0.054321, "MCORNERP1": 7.0, "MCORNERP2": 7.2, "MCORNERP3": 7.4, "MAXMAGP1": 7.4, "MAXMAGP2": 7.6, "utsu_bval2": 0.0, "utsu_aval": 0.0, "utsu_Minfl": 0.0, "FID_gras26": -1, "Shape_Leng": 100008.30696099999, "Shape_Area": 1110689.4233800001 }, "geometry": { "type": "Polygon", "coordinates": [ [ [ 22.656998869890643, 37.741331745947285, 0.0 ], [ 22.656667056479201, 37.741150069576463, 0.0 ], [ 22.350000001530137, 37.999999999503771, 0.0 ], [ 22.656998869890643, 37.741331745947285, 0.0 ] ] ] } }
]
}
