{
"type": "FeatureCollection",
"name": "eshm20_vanilla",
"crs": { "type": "name", "properties": { "name": "urn:ogc:def:crs:OGC:1.3:CRS84" } },
"features": [
{ "type": "Feature", "properties": { "ZONE_ID": "ALAS003", "areakm2": 16927.2311682, "tctCluster": "Shallow Default", "CSZ_ID": "SZ16", "TECTO_ID": "TSZ100", "magScaleRe": "WC1994", "SS": 20.0, "NF": 60.0, "TF": 20.0, "MINDEPTH": 0.0, "MAXDEPTH": 14.0, "HYPODEPTH1": 2.0, "HYPODEPTH2": 8.0, "HYPODEPTH3": 10.0, "WHDEPTH1": 0.1, "WHDEPTH2": 0.4, "WHDEPTH3": 0.5, "WMAXMAG01": 0.5, "WMAXMAG02": 0.4, "WMAXMAG03": 0.1, "MAXMAG01": 7.2, "MAXMAG02": 7.5, "MAXMAG03": 7.8, "STRIKE1": 46.7922, "STRIKE2": 161.226446, "STRIKE3": 201.980836, "STRIKE4": 329.653729, "DIP1": 56.557743, "DIP2": 48.730877, "DIP3": 51.347356, "DIP4": 41.110181, "aspRatio": 1.0, "mfd_bin": 0.2, "a_val": 4.07, "a_hi": 4.09612155682, "a_mid": 4.0701478295899998, "a_lo": 4.0441741023700004, "sigma_a": 0.063815002806399998, "b_val": 0.941, "b_hi": 0.97630547919800004, "b_mid": 0.941, "b_lo": 0.90569452080199997, "sigma_b": 0.012276805290700001, "cum_cov_ab": 0.054321, "MCORNERP1": 6.7, "MCORNERP2": 6.9, "MCORNERP3": 7.1, "MAXMAGP1": 7.0, "MAXMAGP2": 7.2, "utsu_bval2": 0.0, "utsu_aval": 0.0, "utsu_Minfl": 0.0, "Shape_Leng": 5.0935958254000004, "Shape_Area": 1.26501230776 }, "geometry": { "type": "Polygon", "coordinates": [ [ [ 21.077474802320296, 40.727641369653554 ], [ 21.06000000009999, 40.389999999600377 ], [ 21.148303561260377, 40.211456868040102 ], [ 21.322610930949736, 39.861923079086864 ], [ 21.172135555911211, 39.510597486285008 ], [ 20.347986357584375, 39.425082110351184 ], [ 20.387299999595371, 39.912300000144967 ], [ 20.283611889077463, 40.188838593026674 ], [ 20.630951000388393, 41.231093999988161 ], [ 20.808456595795292, 41.460977972055844 ], [ 20.988089999753754, 40.929584000201487 ], [ 21.077474802320296, 40.727641369653554 ] ] ] } },
{ "type": "Feature", "properties": { "ZONE_ID": "ALAS004", "areakm2": 7881.63359631, "tctCluster": "Shallow Default", "CSZ_ID": "SZ16", "TECTO_ID": "TSZ100", "magScaleRe": "WC1994", "SS": 20.0, "NF": 60.0, "TF": 20.0, "MINDEPTH": 0.0, "MAXDEPTH": 14.0, "HYPODEPTH1": 2.0, "HYPODEPTH2": 8.0, "HYPODEPTH3": 10.0, "WHDEPTH1": 0.1, "WHDEPTH2": 0.4, "WHDEPTH3": 0.5, "WMAXMAG01": 0.5, "WMAXMAG02": 0.4, "WMAXMAG03": 0.1, "MAXMAG01": 7.2, "MAXMAG02": 7.5, "MAXMAG03": 7.8, "STRIKE1": 36.382905, "STRIKE2": 0.0, "STRIKE3": 221.541063, "STRIKE4": 335.178646, "DIP1": 46.907622, "DIP2": 0.0, "DIP3": 47.469919, "DIP4": 41.402949, "aspRatio": 1.0, "mfd_bin": 0.2, "a_val": 4.11, "a_hi": 4.1422920472099998, "a_mid": 4.1101479684399997, "a_lo": 4.0780038896699997, "sigma_a": 0.065288833256900006, "b_val": 1.01, "b_hi": 1.0480144897300001, "b_mid": 1.01, "b_lo": 0.97198551026900004, "sigma_b": 0.0142330992453, "cum_cov_ab": 0.054321, "MCORNERP1": 6.4, "MCORNERP2": 6.6, "MCORNERP3": 6.8, "MAXMAGP1": 6.8, "MAXMAGP2": 6.8, "utsu_bval2": 0.0, "utsu_aval": 0.0, "utsu_Minfl": 0.0, "Shape_Leng": 3.24086617166, "Shape_Area": 0.58982972882200002 }, "geometry": { "type": "Polygon", "coordinates": [ [ [ 19.577167999803407, 42.024733000027993 ], [ 19.704929870617093, 42.158382530829215 ], [ 19.862200089562521, 41.949061580727403 ], [ 20.17090997081857, 41.414184788197474 ], [ 19.815800373488514, 40.927357957803565 ], [ 19.164299999845184, 41.840900000434715 ], [ 19.577167999803407, 42.024733000027993 ] ] ] } },
{ "type": "Feature", "properties": { "ZONE_ID": "ALAS006", "areakm2": 7157.8018547700003, "tctCluster": "Shallow Default", "CSZ_ID": "SZ16", "TECTO_ID": "TSZ100", "magScaleRe": "WC1994", "SS": 20.0, "NF": 60.0, "TF": 20.0, "MINDEPTH": 0.0, "MAXDEPTH": 14.0, "HYPODEPTH1": 2.0, "HYPODEPTH2": 8.0, "HYPODEPTH3": 10.0, "WHDEPTH1": 0.1, "WHDEPTH2": 0.4, "WHDEPTH3": 0.5, "WMAXMAG01": 0.5, "WMAXMAG02": 0.4, "WMAXMAG03": 0.1, "MAXMAG01": 7.2, "MAXMAG02": 7.5, "MAXMAG03": 7.8, "STRIKE1": 36.688368, "STRIKE2": 163.926938, "STRIKE3": 0.0, "STRIKE4": 330.360289, "DIP1": 53.877195, "DIP2": 44.364313, "DIP3": 0.0, "DIP4": 32.522447, "aspRatio": 1.0, "mfd_bin": 0.2, "a_val": 3.66, "a_hi": 3.6812235068899999, "a_mid": 3.65999508764, "a_lo": 3.6387666684000002, "sigma_a": 0.046311675145699997, "b_val": 0.88, "b_hi": 0.91137598269300002, "b_mid": 0.88, "b_lo": 0.84862401730699999, "sigma_b": 0.0096960717490499997, "cum_cov_ab": 0.054321, "MCORNERP1": 6.4, "MCORNERP2": 6.6, "MCORNERP3": 6.8, "MAXMAGP1": 6.8, "MAXMAGP2": 7.0, "utsu_bval2": 0.0, "utsu_aval": 0.0, "utsu_Minfl": 0.0, "Shape_Leng": 4.0666220225399998, "Shape_Area": 0.71593862186900004 }, "geometry": { "type": "Polygon", "coordinates": [ [ [ 20.808456595795292, 41.460977972055844 ], [ 20.630951000388393, 41.231093999988161 ], [ 20.283611889077463, 40.188838593026674 ], [ 19.815800373488514, 40.927357957803565 ], [ 20.17090997081857, 41.414184788197474 ], [ 20.790570141498904, 41.804166114974294 ], [ 20.903597483936778, 41.803376828577825 ], [ 20.870000000299797, 41.660000000299817 ], [ 20.808456595795292, 41.460977972055844 ] ] ] } },
{ "type": "Feature", "properties": { "ZONE_ID": "ALAS007", "areakm2": 3318.8236123500001, "tctCluster": "Shallow Default", "CSZ_ID": "SZ16", "TECTO_ID": "TSZ100", "magScaleRe": "WC1994", "SS": 20.0, "NF": 60.0, "TF": 20.0, "MINDEPTH": 0.0, "MAXDEPTH": 14.0, "HYPODEPTH1": 2.0, "HYPODEPTH2": 8.0, "HYPODEPTH3": 10.0, "WHDEPTH1": 0.1, "WHDEPTH2": 0.4, "WHDEPTH3": 0.5, "WMAXMAG01": 0.5, "WMAXMAG02": 0.4, "WMAXMAG03": 0.1, "MAXMAG01": 7.2, "MAXMAG02": 7.5, "MAXMAG03": 7.8, "STRIKE1": 36.382905, "STRIKE2": 0.0, "STRIKE3": 221.541063, "STRIKE4": 335.178646, "DIP1": 46.907622, "DIP2": 0.0, "DIP3": 47.469919, "DIP4": 41.402949, "aspRatio": 1.0, "mfd_bin": 0.2, "a_val": 4.0, "a_hi": 4.03162822002, "a_mid": 3.9996012115, "a_lo": 3.9675742029799999, "sigma_a": 0.068110588859600002, "b_val": 1.0, "b_hi": 1.0392408252600001, "b_mid": 1.0, "b_lo": 0.96075917473600003, "sigma_b": 0.015166222100199999, "cum_cov_ab": 0.054321, "MCORNERP1": 6.1, "MCORNERP2": 6.3, "MCORNERP3": 6.5, "MAXMAGP1": 6.4, "MAXMAGP2": 6.6, "utsu_bval2": 0.0, "utsu_aval": 0.0, "utsu_Minfl": 0.0, "Shape_Leng": 3.2809451571400001, "Shape_Area": 0.62417889917500002 }, "geometry": { "type": "Polygon", "coordinates": [ [ [ 20.17090997081857, 41.414184788197474 ], [ 19.862200089562521, 41.949061580727403 ], [ 19.704929870617093, 42.158382530829215 ], [ 19.893038999949965, 42.245899999985056 ], [ 20.122963932539506, 42.498092925248329 ], [ 20.235078999995892, 42.517679000185751 ], [ 20.259999999900117, 42.399999999900103 ], [ 20.496699000258729, 42.230555000113213 ], [ 20.562511443348455, 42.11177063051025 ], [ 20.802065149087412, 41.998486474970889 ], [ 20.790570141498904, 41.804166114974294 ], [ 20.17090997081857, 41.414184788197474 ] ] ] } },
{ "type": "Feature", "properties": { "ZONE_ID": "ALAS009", "areakm2": 31604.345077400001, "tctCluster": "Shallow Default", "CSZ_ID": "SZ16", "TECTO_ID": "TSZ100", "magScaleRe": "WC1994", "SS": 20.0, "NF": 60.0, "TF": 20.0, "MINDEPTH": 0.0, "MAXDEPTH": 20.0, "HYPODEPTH1": 2.0, "HYPODEPTH2": 10.0, "HYPODEPTH3": 18.0, "WHDEPTH1": 0.1, "WHDEPTH2": 0.4, "WHDEPTH3": 0.5, "WMAXMAG01": 0.5, "WMAXMAG02": 0.4, "WMAXMAG03": 0.1, "MAXMAG01": 7.2, "MAXMAG02": 7.5, "MAXMAG03": 7.8, "STRIKE1": 39.344388, "STRIKE2": 92.365889, "STRIKE3": 256.624167, "STRIKE4": 322.880524, "DIP1": 69.130857, "DIP2": 50.611778, "DIP3": 83.041167, "DIP4": 33.168351, "aspRatio": 1.0, "mfd_bin": 0.2, "a_val": 3.503, "a_hi": 3.5134986646100002, "a_mid": 3.5027058214600002, "a_lo": 3.4919129783199998, "sigma_a": 0.028765990637299999, "b_val": 0.783, "b_hi": 0.80758302250400005, "b_mid": 0.783, "b_lo": 0.75841697749600001, "sigma_b": 0.0059521203566000004, "cum_cov_ab": 0.054321, "MCORNERP1": 6.7, "MCORNERP2": 6.9, "MCORNERP3": 7.1, "MAXMAGP1": 7.2, "MAXMAGP2": 7.4, "utsu_bval2": 0.0, "utsu_aval": 0.0, "utsu_Minfl": 0.0, "Shape_Leng": 6.1686245058200004, "Shape_Area": 1.6001362997499999 }, "geometry": { "type": "Polygon", "coordinates": [ [ [ 20.347986357584375, 39.425082110351184 ], [ 19.062236726843537, 40.587654791235707 ], [ 18.602758116194138, 40.888604981035087 ], [ 19.164299999845184, 41.840900000434715 ], [ 19.815800373488514, 40.927357957803565 ], [ 20.283611889077463, 40.188838593026674 ], [ 20.387299999595371, 39.912300000144967 ], [ 20.347986357584375, 39.425082110351184 ] ] ] } },
{ "type": "Feature", "properties": { "ZONE_ID": "ALAS010", "areakm2": 40835.170464700001, "tctCluster": "Shallow Default", "CSZ_ID": "SZ16", "TECTO_ID": "TSZ100", "magScaleRe": "WC1994", "SS": 40.0, "NF": 10.0, "TF": 50.0, "MINDEPTH": 0.0, "MAXDEPTH": 16.0, "HYPODEPTH1": 2.0, "HYPODEPTH2": 10.0, "HYPODEPTH3": 14.0, "WHDEPTH1": 0.1, "WHDEPTH2": 0.4, "WHDEPTH3": 0.5, "WMAXMAG01": 0.5, "WMAXMAG02": 0.4, "WMAXMAG03": 0.1, "MAXMAG01": 7.2, "MAXMAG02": 7.5, "MAXMAG03": 7.8, "STRIKE1": 0.0, "STRIKE2": 0.0, "STRIKE3": 267.2925, "STRIKE4": 301.791544, "DIP1": 50.685, "DIP2": 0.0, "DIP3": 50.685, "DIP4": 30.693159, "aspRatio": 1.0, "mfd_bin": 0.2, "a_val": 2.7, "a_hi": 2.7547532577, "a_mid": 2.6998949236100001, "a_lo": 2.6450365895200001, "sigma_a": 0.087456032930200003, "b_val": 0.76333982368700004, "b_hi": 0.80639983603200005, "b_mid": 0.76333982368700004, "b_lo": 0.72027981134200003, "sigma_b": 0.018262046613600001, "cum_cov_ab": 0.054321, "MCORNERP1": 7.2, "MCORNERP2": 7.4, "MCORNERP3": 7.6, "MAXMAGP1": 7.4, "MAXMAGP2": 7.6, "utsu_bval2": 0.0, "utsu_aval": 0.0, "utsu_Minfl": 0.0, "Shape_Leng": 5.5424628411, "Shape_Area": 1.86227602687 }, "geometry": { "type": "Polygon", "coordinates": [ [ [ 17.83198165872659, 42.425056457489575 ], [ 18.43979610960281, 42.635819043314257 ], [ 19.577167999803407, 42.024733000027993 ], [ 19.164299999845184, 41.840900000434715 ], [ 18.602758116194138, 40.888604981035087 ], [ 18.199912706106545, 41.152461447737664 ], [ 17.839950316653812, 41.388230309880953 ], [ 17.601276856541745, 41.872998307925627 ], [ 17.83198165872659, 42.425056457489575 ] ] ] } },
{ "type": "Feature", "properties": { "ZONE_ID": "AMAS013", "areakm2": 73810.292028099997, "tctCluster": "Shallow Default", "CSZ_ID": "SZ45", "TECTO_ID": "TSZ005", "magScaleRe": "WC1994", "SS": 33.0, "NF": 33.0, "TF": 34.0, "MINDEPTH": 0.0, "MAXDEPTH": 20.0, "HYPODEPTH1": 2.0, "HYPODEPTH2": 10.0, "HYPODEPTH3": 18.0, "WHDEPTH1": 0.1, "WHDEPTH2": 0.4, "WHDEPTH3": 0.5, "WMAXMAG01": 0.5, "WMAXMAG02": 0.4, "WMAXMAG03": 0.1, "MAXMAG01": 8.1, "MAXMAG02": 8.2, "MAXMAG03": 8.3, "STRIKE1": 88.059818, "STRIKE2": 106.922, "STRIKE3": 0.0, "STRIKE4": 307.54769, "DIP1": 85.029636, "DIP2": 85.12, "DIP3": 0.0, "DIP4": 85.020287, "aspRatio": 1.0, "mfd_bin": 0.2, "a_val": 3.2770902606500001, "a_hi": 3.2999901525599999, "a_mid": 3.2771871847099998, "a_lo": 3.2543842168500001, "sigma_a": 0.052927560867500001, "b_val": 0.80545210550199997, "b_hi": 0.83896789557100004, "b_mid": 0.80545210550199997, "b_lo": 0.77193631543300001, "sigma_b": 0.011063691819900001, "cum_cov_ab": 0.054321, "MCORNERP1": 7.8, "MCORNERP2": 8.0, "MCORNERP3": 8.2, "MAXMAGP1": 8.0, "MAXMAGP2": 8.2, "utsu_bval2": 0.0, "utsu_aval": 0.0, "utsu_Minfl": 0.0, "Shape_Leng": 11.893069587299999, "Shape_Area": 5.9562717167 }, "geometry": { "type": "Polygon", "coordinates": [ [ [ 43.662119999638321, 40.287265999626243 ], [ 43.80305600043414, 40.745224999733978 ], [ 45.143712273702533, 40.415596610695104 ], [ 46.921606725569973, 39.817126393768092 ], [ 47.445374999556634, 39.316936000196279 ], [ 47.414300000045046, 37.470700000304817 ], [ 47.277180999903294, 37.627674999701526 ], [ 46.475017625662929, 38.159779946787182 ], [ 46.035610521508431, 37.631378998741866 ], [ 45.866991000434382, 38.258105999792122 ], [ 45.263598999893986, 38.478879999612332 ], [ 44.542384999668059, 39.535483999886765 ], [ 43.662119999638321, 40.287265999626243 ] ] ] } },
{ "type": "Feature", "properties": { "ZONE_ID": "AMAS014", "areakm2": 49148.147673899999, "tctCluster": "Shallow Default", "CSZ_ID": "SZ24", "TECTO_ID": "TSZ069", "magScaleRe": "WC1994", "SS": 60.0, "NF": 10.0, "TF": 30.0, "MINDEPTH": 0.0, "MAXDEPTH": 20.0, "HYPODEPTH1": 2.0, "HYPODEPTH2": 10.0, "HYPODEPTH3": 18.0, "WHDEPTH1": 0.1, "WHDEPTH2": 0.4, "WHDEPTH3": 0.5, "WMAXMAG01": 0.5, "WMAXMAG02": 0.4, "WMAXMAG03": 0.1, "MAXMAG01": 7.0, "MAXMAG02": 7.3, "MAXMAG03": 7.6, "STRIKE1": 0.0, "STRIKE2": 0.0, "STRIKE3": 0.0, "STRIKE4": 0.0, "DIP1": 89.99, "DIP2": 0.0, "DIP3": 0.0, "DIP4": 0.0, "aspRatio": 1.0, "mfd_bin": 0.2, "a_val": 4.08214, "a_hi": 4.1038911445100004, "a_mid": 4.0820930189200002, "a_lo": 4.06029489334, "sigma_a": 0.060032156274, "b_val": 1.0, "b_hi": 1.0361852338299999, "b_mid": 1.0, "b_lo": 0.96381476616899997, "sigma_b": 0.012896263964, "cum_cov_ab": 0.054321, "MCORNERP1": 6.5, "MCORNERP2": 6.7, "MCORNERP3": 6.9, "MAXMAGP1": 6.8, "MAXMAGP2": 7.0, "utsu_bval2": 0.0, "utsu_aval": 0.0, "utsu_Minfl": 0.0, "Shape_Leng": 10.467050714499999, "Shape_Area": 3.9661097917100001 }, "geometry": { "type": "Polygon", "coordinates": [ [ [ 49.23265571428982, 40.250447146218903 ], [ 48.820000000199911, 39.55000000019993 ], [ 47.445374999556634, 39.316936000196279 ], [ 46.921606725569973, 39.817126393768092 ], [ 46.611423990424896, 40.368886740031087 ], [ 45.207208504768744, 41.365850542268788 ], [ 44.920485999829054, 41.681396999571916 ], [ 45.181896000300242, 41.802515000167205 ], [ 46.820307702738319, 41.12693443877339 ], [ 47.343249976405332, 40.83454857105977 ], [ 47.561897000446265, 40.989262000341114 ], [ 49.23265571428982, 40.250447146218903 ] ] ] } },
{ "type": "Feature", "properties": { "ZONE_ID": "ARAS015", "areakm2": 60169.328922000001, "tctCluster": "Shallow Default", "CSZ_ID": "SZ45", "TECTO_ID": "TSZ004", "magScaleRe": "WC1994", "SS": 33.0, "NF": 33.0, "TF": 34.0, "MINDEPTH": 0.0, "MAXDEPTH": 20.0, "HYPODEPTH1": 2.0, "HYPODEPTH2": 10.0, "HYPODEPTH3": 18.0, "WHDEPTH1": 0.1, "WHDEPTH2": 0.4, "WHDEPTH3": 0.5, "WMAXMAG01": 0.5, "WMAXMAG02": 0.4, "WMAXMAG03": 0.1, "MAXMAG01": 7.1, "MAXMAG02": 7.4, "MAXMAG03": 7.7, "STRIKE1": 0.0, "STRIKE2": 0.0, "STRIKE3": 0.0, "STRIKE4": 0.0, "DIP1": 89.99, "DIP2": 0.0, "DIP3": 0.0, "DIP4": 0.0, "aspRatio": 1.0, "mfd_bin": 0.2, "a_val": 4.1003, "a_hi": 4.1159060469700002, "a_mid": 4.1005329960700001, "a_lo": 4.08515994517, "sigma_a": 0.040727028124299999, "b_val": 0.9317, "b_hi": 0.96111779962599997, "b_mid": 0.9317, "b_lo": 0.90228220037399998, "sigma_b": 0.0085235697227899997, "cum_cov_ab": 0.054321, "MCORNERP1": 6.4, "MCORNERP2": 6.6, "MCORNERP3": 6.8, "MAXMAGP1": 6.8, "MAXMAGP2": 7.0, "utsu_bval2": 0.0, "utsu_aval": 0.0, "utsu_Minfl": 0.0, "Shape_Leng": 13.423452559199999, "Shape_Area": 4.85548644078 }, "geometry": { "type": "Polygon", "coordinates": [ [ [ 43.80305600043414, 40.745224999733978 ], [ 43.076916999719799, 40.792896000150336 ], [ 43.081314527143775, 40.869100911677776 ], [ 42.623644909984648, 41.059050104278924 ], [ 42.572683999766809, 41.519149999872639 ], [ 41.460748450680512, 41.375338484283702 ], [ 41.791094999634595, 42.112488999967411 ], [ 43.374081999684563, 42.00879599983557 ], [ 45.181896000300242, 41.802515000167205 ], [ 44.920485999829054, 41.681396999571916 ], [ 45.207208504768744, 41.365850542268788 ], [ 46.611423990424896, 40.368886740031087 ], [ 46.921606725569973, 39.817126393768092 ], [ 45.143712273702533, 40.415596610695104 ], [ 43.80305600043414, 40.745224999733978 ] ] ] } },
{ "type": "Feature", "properties": { "ZONE_ID": "ATAS017", "areakm2": 1462.7614735, "tctCluster": "Shallow Default", "CSZ_ID": "SZ01", "TECTO_ID": "TSZ098", "magScaleRe": "WC1994", "SS": 25.0, "NF": 5.0, "TF": 70.0, "MINDEPTH": 0.0, "MAXDEPTH": 24.0, "HYPODEPTH1": 4.0, "HYPODEPTH2": 12.0, "HYPODEPTH3": 20.0, "WHDEPTH1": 0.1, "WHDEPTH2": 0.4, "WHDEPTH3": 0.5, "WMAXMAG01": 0.5, "WMAXMAG02": 0.4, "WMAXMAG03": 0.1, "MAXMAG01": 6.6, "MAXMAG02": 6.9, "MAXMAG03": 7.2, "STRIKE1": 0.0, "STRIKE2": 0.0, "STRIKE3": 0.0, "STRIKE4": 0.0, "DIP1": 89.99, "DIP2": 0.0, "DIP3": 0.0, "DIP4": 0.0, "aspRatio": 1.0, "mfd_bin": 0.2, "a_val": 2.53, "a_hi": 2.6003013913, "a_mid": 2.5304291791, "a_lo": 2.4605569669, "sigma_a": 0.061423452801700001, "b_val": 1.04, "b_hi": 1.1189708003300001, "b_mid": 1.04, "b_lo": 0.961029199665, "sigma_b": 0.061423452801700001, "cum_cov_ab": 0.054321, "MCORNERP1": 6.0, "MCORNERP2": 6.2, "MCORNERP3": 6.4, "MAXMAGP1": 5.8, "MAXMAGP2": 5.8, "utsu_bval2": 0.0, "utsu_aval": 0.0, "utsu_Minfl": 0.0, "Shape_Leng": 2.0136960415099998, "Shape_Area": 0.11804051358500001 }, "geometry": { "type": "Polygon", "coordinates": [ [ [ 10.531000000349763, 47.092000000199903 ], [ 9.823629751811666, 46.995430683779091 ], [ 9.976599999990071, 47.183199999780243 ], [ 10.20050000007501, 47.197999999700301 ], [ 10.4001969749105, 47.232926081473522 ], [ 10.722003396239813, 47.31965316346276 ], [ 10.531000000349763, 47.092000000199903 ] ] ] } },
{ "type": "Feature", "properties": { "ZONE_ID": "ATAS018", "areakm2": 2612.0794496100002, "tctCluster": "Shallow Default", "CSZ_ID": "SZ01", "TECTO_ID": "TSZ088", "magScaleRe": "WC1994", "SS": 70.0, "NF": 0.0, "TF": 30.0, "MINDEPTH": 6.0, "MAXDEPTH": 12.0, "HYPODEPTH1": 7.0, "HYPODEPTH2": 8.0, "HYPODEPTH3": 10.0, "WHDEPTH1": 0.3, "WHDEPTH2": 0.6, "WHDEPTH3": 0.1, "WMAXMAG01": 0.5, "WMAXMAG02": 0.4, "WMAXMAG03": 0.1, "MAXMAG01": 6.9, "MAXMAG02": 7.2, "MAXMAG03": 7.5, "STRIKE1": 58.478839, "STRIKE2": 139.029706, "STRIKE3": 0.0, "STRIKE4": 0.0, "DIP1": 67.474323, "DIP2": 40.260529, "DIP3": 0.0, "DIP4": 0.0, "aspRatio": 1.0, "mfd_bin": 0.2, "a_val": 2.87, "a_hi": 3.0094810789299999, "a_mid": 2.8697735314, "a_lo": 2.7300659838799999, "sigma_a": 0.22171197687899999, "b_val": 1.02, "b_hi": 1.0913835197799999, "b_mid": 1.02, "b_lo": 0.94861648021900002, "sigma_b": 0.050187673464900003, "cum_cov_ab": 0.054321, "MCORNERP1": 6.0, "MCORNERP2": 6.2, "MCORNERP3": 6.4, "MAXMAGP1": 6.0, "MAXMAGP2": 6.2, "utsu_bval2": 0.0, "utsu_aval": 0.0, "utsu_Minfl": 0.0, "Shape_Leng": 2.5931744478900001, "Shape_Area": 0.21078706682500001 }, "geometry": { "type": "Polygon", "coordinates": [ [ [ 12.316000000199892, 47.675000000149964 ], [ 11.659804803948589, 47.154076439176379 ], [ 11.301000000249871, 46.987000000049989 ], [ 11.29257100005168, 47.181091999696093 ], [ 11.560000000199921, 47.380000000199914 ], [ 12.037992999677215, 47.659129000303153 ], [ 12.316000000199892, 47.675000000149964 ] ] ] } },
{ "type": "Feature", "properties": { "ZONE_ID": "ATAS019", "areakm2": 15006.493158699999, "tctCluster": "Shallow Default", "CSZ_ID": "SZ01", "TECTO_ID": "TSZ088", "magScaleRe": "WC1994", "SS": 70.0, "NF": 0.0, "TF": 30.0, "MINDEPTH": 4.0, "MAXDEPTH": 15.0, "HYPODEPTH1": 6.0, "HYPODEPTH2": 8.0, "HYPODEPTH3": 10.0, "WHDEPTH1": 0.3, "WHDEPTH2": 0.6, "WHDEPTH3": 0.1, "WMAXMAG01": 0.5, "WMAXMAG02": 0.4, "WMAXMAG03": 0.1, "MAXMAG01": 6.9, "MAXMAG02": 7.2, "MAXMAG03": 7.5, "STRIKE1": 22.804833, "STRIKE2": 0.0, "STRIKE3": 252.880652, "STRIKE4": 356.9205, "DIP1": 53.029167, "DIP2": 0.0, "DIP3": 63.370254, "DIP4": 47.763, "aspRatio": 1.0, "mfd_bin": 0.2, "a_val": 2.5913788903900001, "a_hi": 2.6899047030299998, "a_mid": 2.5914869134599998, "a_lo": 2.4930691238899998, "sigma_a": 0.14679095851400001, "b_val": 1.0227396050899999, "b_hi": 1.07874417783, "b_mid": 1.0227396050899999, "b_lo": 0.96673503234299996, "sigma_b": 0.030892149201300002, "cum_cov_ab": 0.054321, "MCORNERP1": 6.0, "MCORNERP2": 6.2, "MCORNERP3": 6.4, "MAXMAGP1": 6.0, "MAXMAGP2": 6.0, "utsu_bval2": 0.0, "utsu_aval": 0.0, "utsu_Minfl": 0.0, "Shape_Leng": 5.5302657432400002, "Shape_Area": 1.2109795027200001 }, "geometry": { "type": "Polygon", "coordinates": [ [ [ 12.669199999580371, 47.139900000384785 ], [ 11.659804803948589, 47.154076439176379 ], [ 12.316000000199892, 47.675000000149964 ], [ 13.2700000001999, 47.906000000299855 ], [ 13.473999999900116, 47.920999999550418 ], [ 14.044999999550384, 47.919333000018014 ], [ 14.094904999566154, 47.45722199999534 ], [ 13.246245195259576, 47.250467753683949 ], [ 12.669199999580371, 47.139900000384785 ] ] ] } },
{ "type": "Feature", "properties": { "ZONE_ID": "ATAS020", "areakm2": 10078.956663000001, "tctCluster": "Shallow Default", "CSZ_ID": "SZ01", "TECTO_ID": "TSZ088", "magScaleRe": "WC1994", "SS": 70.0, "NF": 0.0, "TF": 30.0, "MINDEPTH": 4.0, "MAXDEPTH": 15.0, "HYPODEPTH1": 6.0, "HYPODEPTH2": 8.0, "HYPODEPTH3": 10.0, "WHDEPTH1": 0.3, "WHDEPTH2": 0.6, "WHDEPTH3": 0.1, "WMAXMAG01": 0.5, "WMAXMAG02": 0.4, "WMAXMAG03": 0.1, "MAXMAG01": 6.9, "MAXMAG02": 7.2, "MAXMAG03": 7.5, "STRIKE1": 0.0, "STRIKE2": 151.010125, "STRIKE3": 0.0, "STRIKE4": 0.0, "DIP1": 67.330813, "DIP2": 67.330813, "DIP3": 0.0, "DIP4": 0.0, "aspRatio": 1.0, "mfd_bin": 0.2, "a_val": 2.87, "a_hi": 2.9876719232000002, "a_mid": 2.8701723715299998, "a_lo": 2.7526728198599999, "sigma_a": 0.184411795529, "b_val": 1.02, "b_hi": 1.0850118234, "b_mid": 1.02, "b_lo": 0.95498817660400004, "sigma_b": 0.0416280282717, "cum_cov_ab": 0.054321, "MCORNERP1": 6.0, "MCORNERP2": 6.2, "MCORNERP3": 6.4, "MAXMAGP1": 6.0, "MAXMAGP2": 6.2, "utsu_bval2": 0.0, "utsu_aval": 0.0, "utsu_Minfl": 0.0, "Shape_Leng": 4.1324980238500002, "Shape_Area": 0.81334191793300004 }, "geometry": { "type": "Polygon", "coordinates": [ [ [ 14.094904999566154, 47.45722199999534 ], [ 14.275131000095655, 47.354924000342407 ], [ 14.541706999578423, 47.109765000154709 ], [ 14.664876000327183, 46.949566999617389 ], [ 14.736305992927271, 46.853934660756067 ], [ 14.973948999946458, 46.53577200007777 ], [ 14.53833999989115, 46.575497000086557 ], [ 14.155036531410872, 46.546951654095608 ], [ 13.246245195259576, 47.250467753683949 ], [ 14.094904999566154, 47.45722199999534 ] ] ] } },
{ "type": "Feature", "properties": { "ZONE_ID": "ATAS021", "areakm2": 18554.174347, "tctCluster": "Shallow Default", "CSZ_ID": "SZ01", "TECTO_ID": "TSZ088", "magScaleRe": "WC1994", "SS": 20.0, "NF": 60.0, "TF": 20.0, "MINDEPTH": 4.0, "MAXDEPTH": 15.0, "HYPODEPTH1": 6.0, "HYPODEPTH2": 8.0, "HYPODEPTH3": 10.0, "WHDEPTH1": 0.3, "WHDEPTH2": 0.6, "WHDEPTH3": 0.1, "WMAXMAG01": 0.5, "WMAXMAG02": 0.4, "WMAXMAG03": 0.1, "MAXMAG01": 6.9, "MAXMAG02": 7.2, "MAXMAG03": 7.5, "STRIKE1": 0.0, "STRIKE2": 165.417143, "STRIKE3": 223.111429, "STRIKE4": 280.434041, "DIP1": 37.614, "DIP2": 37.614, "DIP3": 53.436857, "DIP4": 74.965523, "aspRatio": 1.0, "mfd_bin": 0.2, "a_val": 3.15, "a_hi": 3.2531968120600001, "a_mid": 3.14975210294, "a_lo": 3.0463073938099998, "sigma_a": 0.167742689206, "b_val": 1.02, "b_hi": 1.08185597957, "b_mid": 1.02, "b_lo": 0.95814402043400004, "sigma_b": 0.037684653355300003, "cum_cov_ab": 0.054321, "MCORNERP1": 6.4, "MCORNERP2": 6.6, "MCORNERP3": 6.8, "MAXMAGP1": 6.4, "MAXMAGP2": 6.6, "utsu_bval2": 0.0, "utsu_aval": 0.0, "utsu_Minfl": 0.0, "Shape_Leng": 6.4399042395999997, "Shape_Area": 1.49726685638 }, "geometry": { "type": "Polygon", "coordinates": [ [ [ 14.001301261444098, 46.452117014788428 ], [ 13.406897386705054, 46.435659919569673 ], [ 13.117779999747256, 46.503170000295313 ], [ 12.917427992008299, 46.558498109200457 ], [ 12.717843105974623, 46.441693151018171 ], [ 12.030338020783063, 46.605285542793638 ], [ 11.170499999575384, 46.857699999855186 ], [ 11.301000000249871, 46.987000000049989 ], [ 11.659804803948589, 47.154076439176379 ], [ 12.669199999580371, 47.139900000384785 ], [ 13.246245195259576, 47.250467753683949 ], [ 14.155036531410872, 46.546951654095608 ], [ 14.001301261444098, 46.452117014788428 ] ] ] } },
{ "type": "Feature", "properties": { "ZONE_ID": "ATAS022", "areakm2": 4677.2355014300001, "tctCluster": "Shallow Default", "CSZ_ID": "SZ01", "TECTO_ID": "TSZ098", "magScaleRe": "WC1994", "SS": 25.0, "NF": 5.0, "TF": 70.0, "MINDEPTH": 0.0, "MAXDEPTH": 24.0, "HYPODEPTH1": 4.0, "HYPODEPTH2": 12.0, "HYPODEPTH3": 20.0, "WHDEPTH1": 0.1, "WHDEPTH2": 0.4, "WHDEPTH3": 0.5, "WMAXMAG01": 0.5, "WMAXMAG02": 0.4, "WMAXMAG03": 0.1, "MAXMAG01": 6.6, "MAXMAG02": 6.9, "MAXMAG03": 7.2, "STRIKE1": 0.0, "STRIKE2": 0.0, "STRIKE3": 0.0, "STRIKE4": 0.0, "DIP1": 89.99, "DIP2": 0.0, "DIP3": 0.0, "DIP4": 0.0, "aspRatio": 1.0, "mfd_bin": 0.2, "a_val": 1.88, "a_hi": 1.9497726049, "a_mid": 1.87993090376, "a_lo": 1.8100892026099999, "sigma_a": 0.061423452801700001, "b_val": 1.04, "b_hi": 1.1189708003300001, "b_mid": 1.04, "b_lo": 0.961029199665, "sigma_b": 0.061423452801700001, "cum_cov_ab": 0.054321, "MCORNERP1": 6.0, "MCORNERP2": 6.2, "MCORNERP3": 6.4, "MAXMAGP1": 5.2, "MAXMAGP2": 5.2, "utsu_bval2": 0.0, "utsu_aval": 0.0, "utsu_Minfl": 0.0, "Shape_Leng": 3.2986764093500001, "Shape_Area": 0.37743903698100001 }, "geometry": { "type": "Polygon", "coordinates": [ [ [ 11.170499999575384, 46.857699999855186 ], [ 10.660000000199886, 46.679999999800202 ], [ 10.189968521630021, 46.909990074782172 ], [ 9.823629751811666, 46.995430683779091 ], [ 10.531000000349763, 47.092000000199903 ], [ 11.29257100005168, 47.181091999696093 ], [ 11.301000000249871, 46.987000000049989 ], [ 11.170499999575384, 46.857699999855186 ] ] ] } },
{ "type": "Feature", "properties": { "ZONE_ID": "ATAS023", "areakm2": 2317.9827217799998, "tctCluster": "Shallow Default", "CSZ_ID": "SZ01", "TECTO_ID": "TSZ098", "magScaleRe": "WC1994", "SS": 70.0, "NF": 0.0, "TF": 30.0, "MINDEPTH": 6.0, "MAXDEPTH": 12.0, "HYPODEPTH1": 7.0, "HYPODEPTH2": 8.0, "HYPODEPTH3": 10.0, "WHDEPTH1": 0.3, "WHDEPTH2": 0.6, "WHDEPTH3": 0.1, "WMAXMAG01": 0.5, "WMAXMAG02": 0.4, "WMAXMAG03": 0.1, "MAXMAG01": 6.6, "MAXMAG02": 6.9, "MAXMAG03": 7.2, "STRIKE1": 58.478839, "STRIKE2": 139.029706, "STRIKE3": 0.0, "STRIKE4": 0.0, "DIP1": 67.474323, "DIP2": 40.260529, "DIP3": 0.0, "DIP4": 0.0, "aspRatio": 1.0, "mfd_bin": 0.2, "a_val": 2.78, "a_hi": 2.91474575241, "a_mid": 2.7801344993199999, "a_lo": 2.6455232462299998, "sigma_a": 0.227979283595, "b_val": 1.04, "b_hi": 1.11383446214, "b_mid": 1.04, "b_lo": 0.96616553785699999, "sigma_b": 0.053693211168500003, "cum_cov_ab": 0.054321, "MCORNERP1": 6.0, "MCORNERP2": 6.2, "MCORNERP3": 6.4, "MAXMAGP1": 6.0, "MAXMAGP2": 6.0, "utsu_bval2": 0.0, "utsu_aval": 0.0, "utsu_Minfl": 0.0, "Shape_Leng": 2.2750425179399998, "Shape_Area": 0.18705433297599999 }, "geometry": { "type": "Polygon", "coordinates": [ [ [ 11.560000000199921, 47.380000000199914 ], [ 11.29257100005168, 47.181091999696093 ], [ 10.531000000349763, 47.092000000199903 ], [ 10.722003396239813, 47.31965316346276 ], [ 10.794929973139801, 47.40510296892694 ], [ 11.560000000199921, 47.380000000199914 ] ] ] } },
{ "type": "Feature", "properties": { "ZONE_ID": "ATAS024", "areakm2": 1379.2804313199999, "tctCluster": "Shallow Default", "CSZ_ID": "SZ01", "TECTO_ID": "TSZ098", "magScaleRe": "WC1994", "SS": 70.0, "NF": 0.0, "TF": 30.0, "MINDEPTH": 4.0, "MAXDEPTH": 15.0, "HYPODEPTH1": 6.0, "HYPODEPTH2": 8.0, "HYPODEPTH3": 10.0, "WHDEPTH1": 0.3, "WHDEPTH2": 0.6, "WHDEPTH3": 0.1, "WMAXMAG01": 0.5, "WMAXMAG02": 0.4, "WMAXMAG03": 0.1, "MAXMAG01": 6.6, "MAXMAG02": 6.9, "MAXMAG03": 7.2, "STRIKE1": 0.0, "STRIKE2": 0.0, "STRIKE3": 0.0, "STRIKE4": 0.0, "DIP1": 89.99, "DIP2": 0.0, "DIP3": 0.0, "DIP4": 0.0, "aspRatio": 1.0, "mfd_bin": 0.2, "a_val": 2.58, "a_hi": 2.6498078408499999, "a_mid": 2.5799498461299999, "a_lo": 2.5100918514, "sigma_a": 0.061423452801700001, "b_val": 1.04, "b_hi": 1.1189708003300001, "b_mid": 1.04, "b_lo": 0.961029199665, "sigma_b": 0.061423452801700001, "cum_cov_ab": 0.054321, "MCORNERP1": 6.0, "MCORNERP2": 6.2, "MCORNERP3": 6.4, "MAXMAGP1": 5.8, "MAXMAGP2": 6.0, "utsu_bval2": 0.0, "utsu_aval": 0.0, "utsu_Minfl": 0.0, "Shape_Leng": 1.7906592428100001, "Shape_Area": 0.11130384156000001 }, "geometry": { "type": "Polygon", "coordinates": [ [ [ 10.20050000007501, 47.197999999700301 ], [ 9.976599999990071, 47.183199999780243 ], [ 10.218999999750224, 47.424000000399758 ], [ 10.794929973139801, 47.40510296892694 ], [ 10.722003396239813, 47.31965316346276 ], [ 10.4001969749105, 47.232926081473522 ], [ 10.20050000007501, 47.197999999700301 ] ] ] } },
{ "type": "Feature", "properties": { "ZONE_ID": "ATAS025", "areakm2": 6603.6884811999998, "tctCluster": "Shallow Default", "CSZ_ID": "SZ01", "TECTO_ID": "TSZ088", "magScaleRe": "WC1994", "SS": 70.0, "NF": 0.0, "TF": 30.0, "MINDEPTH": 4.0, "MAXDEPTH": 15.0, "HYPODEPTH1": 6.0, "HYPODEPTH2": 8.0, "HYPODEPTH3": 10.0, "WHDEPTH1": 0.3, "WHDEPTH2": 0.6, "WHDEPTH3": 0.1, "WMAXMAG01": 0.5, "WMAXMAG02": 0.4, "WMAXMAG03": 0.1, "MAXMAG01": 6.9, "MAXMAG02": 7.2, "MAXMAG03": 7.5, "STRIKE1": 0.0, "STRIKE2": 151.010125, "STRIKE3": 0.0, "STRIKE4": 0.0, "DIP1": 67.330813, "DIP2": 67.330813, "DIP3": 0.0, "DIP4": 0.0, "aspRatio": 1.0, "mfd_bin": 0.2, "a_val": 3.03, "a_hi": 3.12277848522, "a_mid": 3.0300169511499999, "a_lo": 2.9372554170899998, "sigma_a": 0.16927650031200001, "b_val": 1.02, "b_hi": 1.0830904483299999, "b_mid": 1.02, "b_lo": 0.95690955166900005, "sigma_b": 0.039203818884100003, "cum_cov_ab": 0.054321, "MCORNERP1": 6.0, "MCORNERP2": 6.2, "MCORNERP3": 6.4, "MAXMAGP1": 6.2, "MAXMAGP2": 6.2, "utsu_bval2": 0.0, "utsu_aval": 0.0, "utsu_Minfl": 0.0, "Shape_Leng": 4.1450367319000003, "Shape_Area": 0.53289808020999996 }, "geometry": { "type": "Polygon", "coordinates": [ [ [ 15.150233636173425, 46.691175109543735 ], [ 14.736305992927271, 46.853934660756067 ], [ 14.664876000327183, 46.949566999617389 ], [ 14.541706999578423, 47.109765000154709 ], [ 14.275131000095655, 47.354924000342407 ], [ 14.094904999566154, 47.45722199999534 ], [ 14.044999999550384, 47.919333000018014 ], [ 14.252, 48.226999999550401 ], [ 14.54699999995006, 48.140999999650319 ], [ 14.504, 48.006000000099959 ], [ 14.48400000039976, 47.792999999950098 ], [ 14.655673999555461, 47.286246999799232 ], [ 14.849501999617644, 47.095600999886301 ], [ 15.150233636173425, 46.691175109543735 ] ] ] } },
{ "type": "Feature", "properties": { "ZONE_ID": "ATAS925", "areakm2": 1381.12005972, "tctCluster": "Shallow Default", "CSZ_ID": "SZ13", "TECTO_ID": "TSZ055", "magScaleRe": "WC1994", "SS": 70.0, "NF": 0.0, "TF": 30.0, "MINDEPTH": 4.0, "MAXDEPTH": 15.0, "HYPODEPTH1": 6.0, "HYPODEPTH2": 8.0, "HYPODEPTH3": 10.0, "WHDEPTH1": 0.3, "WHDEPTH2": 0.6, "WHDEPTH3": 0.1, "WMAXMAG01": 0.5, "WMAXMAG02": 0.4, "WMAXMAG03": 0.1, "MAXMAG01": 6.9, "MAXMAG02": 7.2, "MAXMAG03": 7.5, "STRIKE1": 0.0, "STRIKE2": 151.010125, "STRIKE3": 0.0, "STRIKE4": 0.0, "DIP1": 67.330813, "DIP2": 67.330813, "DIP3": 0.0, "DIP4": 0.0, "aspRatio": 1.0, "mfd_bin": 0.2, "a_val": 3.0, "a_hi": 3.0060285590300002, "a_mid": 2.9998074666700001, "a_lo": 2.99358637432, "sigma_a": 0.02, "b_val": 1.08, "b_hi": 1.125062411, "b_mid": 1.08, "b_lo": 1.034937589, "sigma_b": 0.02, "cum_cov_ab": 0.14404010964799999, "MCORNERP1": 6.0, "MCORNERP2": 6.2, "MCORNERP3": 6.4, "MAXMAGP1": 6.0, "MAXMAGP2": 6.0, "utsu_bval2": 0.0, "utsu_aval": 0.0, "utsu_Minfl": 0.0, "Shape_Leng": 2.0932164581400001, "Shape_Area": 0.111452293994 }, "geometry": { "type": "Polygon", "coordinates": [ [ [ 14.736305992927271, 46.853934660756067 ], [ 15.150233636173425, 46.691175109543735 ], [ 15.231042837357109, 46.582502361794639 ], [ 15.36456361312031, 46.404863803421847 ], [ 15.565272999749197, 46.269831000200554 ], [ 15.139812000023824, 46.427707999824406 ], [ 14.973948999946458, 46.53577200007777 ], [ 14.736305992927271, 46.853934660756067 ] ] ] } },
{ "type": "Feature", "properties": { "ZONE_ID": "BAAS028", "areakm2": 18742.3574142, "tctCluster": "Shallow Default", "CSZ_ID": "SZ18", "TECTO_ID": "TSZ062", "magScaleRe": "WC1994", "SS": 20.0, "NF": 60.0, "TF": 20.0, "MINDEPTH": 0.0, "MAXDEPTH": 14.0, "HYPODEPTH1": 2.0, "HYPODEPTH2": 8.0, "HYPODEPTH3": 10.0, "WHDEPTH1": 0.1, "WHDEPTH2": 0.4, "WHDEPTH3": 0.5, "WMAXMAG01": 0.5, "WMAXMAG02": 0.4, "WMAXMAG03": 0.1, "MAXMAG01": 6.9, "MAXMAG02": 7.2, "MAXMAG03": 7.5, "STRIKE1": 0.0, "STRIKE2": 0.0, "STRIKE3": 0.0, "STRIKE4": 301.223851, "DIP1": 89.99, "DIP2": 0.0, "DIP3": 0.0, "DIP4": 61.117871, "aspRatio": 1.0, "mfd_bin": 0.2, "a_val": 3.038, "a_hi": 3.1299823600200001, "a_mid": 3.03846530046, "a_lo": 2.9469482409099998, "sigma_a": 0.15802991680600001, "b_val": 0.88, "b_hi": 0.94201547056099999, "b_mid": 0.88, "b_lo": 0.81798452943900002, "sigma_b": 0.037879237987199998, "cum_cov_ab": 0.054321, "MCORNERP1": 6.0, "MCORNERP2": 6.2, "MCORNERP3": 6.4, "MAXMAGP1": 6.4, "MAXMAGP2": 6.6, "utsu_bval2": 0.0, "utsu_aval": 0.0, "utsu_Minfl": 0.0, "Shape_Leng": 5.4837441592899996, "Shape_Area": 1.512452672 }, "geometry": { "type": "Polygon", "coordinates": [ [ [ 17.320049999807679, 44.661517999556111 ], [ 17.659032000026855, 45.045928000177128 ], [ 18.033728999693608, 45.102489999613852 ], [ 18.322050000107481, 45.102555999959463 ], [ 19.472610663951002, 44.774008606811833 ], [ 19.292760154657458, 43.835716153977387 ], [ 18.609999999600348, 44.090000000299824 ], [ 18.220000000199889, 44.360000000299806 ], [ 17.320049999807679, 44.661517999556111 ] ] ] } },
{ "type": "Feature", "properties": { "ZONE_ID": "BAAS029", "areakm2": 24697.899002499998, "tctCluster": "Shallow Default", "CSZ_ID": "SZ34", "TECTO_ID": "TSZ070", "magScaleRe": "WC1994", "SS": 20.0, "NF": 60.0, "TF": 20.0, "MINDEPTH": 0.0, "MAXDEPTH": 16.0, "HYPODEPTH1": 2.0, "HYPODEPTH2": 10.0, "HYPODEPTH3": 15.0, "WHDEPTH1": 0.1, "WHDEPTH2": 0.4, "WHDEPTH3": 0.5, "WMAXMAG01": 0.5, "WMAXMAG02": 0.4, "WMAXMAG03": 0.1, "MAXMAG01": 6.9, "MAXMAG02": 7.2, "MAXMAG03": 7.5, "STRIKE1": 28.0608, "STRIKE2": 0.0, "STRIKE3": 0.0, "STRIKE4": 306.901347, "DIP1": 44.4182, "DIP2": 0.0, "DIP3": 0.0, "DIP4": 49.959917, "aspRatio": 1.0, "mfd_bin": 0.2, "a_val": 3.9, "a_hi": 3.9594981516700001, "a_mid": 3.9002922737099999, "a_lo": 3.8410863957500001, "sigma_a": 0.090017658307099999, "b_val": 1.0, "b_hi": 1.0318639364, "b_mid": 1.0, "b_lo": 0.96813606360399995, "sigma_b": 0.01, "cum_cov_ab": 0.054321, "MCORNERP1": 6.3, "MCORNERP2": 6.5, "MCORNERP3": 6.7, "MAXMAGP1": 6.6, "MAXMAGP2": 6.8, "utsu_bval2": 0.0, "utsu_aval": 0.0, "utsu_Minfl": 0.0, "Shape_Leng": 7.6154528374300003, "Shape_Area": 1.9930472191799999 }, "geometry": { "type": "Polygon", "coordinates": [ [ [ 15.117906570831622, 45.032604217610583 ], [ 15.512427966677365, 44.562798862777356 ], [ 16.274888000181136, 44.314804999850935 ], [ 16.845000000249854, 44.254935999896531 ], [ 17.086399999760204, 44.177616000078388 ], [ 17.635304000279461, 43.914363000052447 ], [ 17.346627228963484, 43.223155736947774 ], [ 16.844384999767954, 43.504133000337731 ], [ 15.901231766133151, 43.70006179781376 ], [ 15.817869186413873, 43.742298125857872 ], [ 15.080546379511873, 44.268531799503023 ], [ 14.472861289816706, 44.740501404316433 ], [ 15.117906570831622, 45.032604217610583 ] ] ] } },
{ "type": "Feature", "properties": { "ZONE_ID": "BAAS030", "areakm2": 15390.6902522, "tctCluster": "Shallow Default", "CSZ_ID": "SZ34", "TECTO_ID": "TSZ070", "magScaleRe": "WC1994", "SS": 20.0, "NF": 60.0, "TF": 20.0, "MINDEPTH": 0.0, "MAXDEPTH": 14.0, "HYPODEPTH1": 2.0, "HYPODEPTH2": 8.0, "HYPODEPTH3": 10.0, "WHDEPTH1": 0.1, "WHDEPTH2": 0.4, "WHDEPTH3": 0.5, "WMAXMAG01": 0.5, "WMAXMAG02": 0.4, "WMAXMAG03": 0.1, "MAXMAG01": 6.9, "MAXMAG02": 7.2, "MAXMAG03": 7.5, "STRIKE1": 0.0, "STRIKE2": 0.0, "STRIKE3": 0.0, "STRIKE4": 316.330848, "DIP1": 89.99, "DIP2": 0.0, "DIP3": 0.0, "DIP4": 59.063562, "aspRatio": 1.0, "mfd_bin": 0.2, "a_val": 3.2, "a_hi": 3.3271979949000001, "a_mid": 3.2002374577000001, "a_lo": 3.0732769205000001, "sigma_a": 0.20729681471, "b_val": 1.0, "b_hi": 1.0698086736800001, "b_mid": 1.0, "b_lo": 0.93019132632400003, "sigma_b": 0.047997644026500003, "cum_cov_ab": 0.054321, "MCORNERP1": 6.0, "MCORNERP2": 6.2, "MCORNERP3": 6.4, "MAXMAGP1": 6.2, "MAXMAGP2": 6.4, "utsu_bval2": 0.0, "utsu_aval": 0.0, "utsu_Minfl": 0.0, "Shape_Leng": 5.0364225933500002, "Shape_Area": 1.2419830701400001 }, "geometry": { "type": "Polygon", "coordinates": [ [ [ 15.117906570831622, 45.032604217610583 ], [ 14.894103999699894, 45.276801999912436 ], [ 15.748152058770529, 45.335192408303044 ], [ 16.345718000185627, 45.027914000430826 ], [ 16.963222000395035, 44.754501999567651 ], [ 16.845000000249854, 44.254935999896531 ], [ 16.274888000181136, 44.314804999850935 ], [ 15.512427966677365, 44.562798862777356 ], [ 15.117906570831622, 45.032604217610583 ] ] ] } },
{ "type": "Feature", "properties": { "ZONE_ID": "BAAS031", "areakm2": 16406.637222099998, "tctCluster": "Shallow Default", "CSZ_ID": "SZ18", "TECTO_ID": "TSZ060", "magScaleRe": "WC1994", "SS": 20.0, "NF": 60.0, "TF": 20.0, "MINDEPTH": 0.0, "MAXDEPTH": 14.0, "HYPODEPTH1": 2.0, "HYPODEPTH2": 8.0, "HYPODEPTH3": 10.0, "WHDEPTH1": 0.1, "WHDEPTH2": 0.4, "WHDEPTH3": 0.5, "WMAXMAG01": 0.5, "WMAXMAG02": 0.4, "WMAXMAG03": 0.1, "MAXMAG01": 6.9, "MAXMAG02": 7.2, "MAXMAG03": 7.5, "STRIKE1": 0.0, "STRIKE2": 0.0, "STRIKE3": 0.0, "STRIKE4": 316.330848, "DIP1": 89.99, "DIP2": 0.0, "DIP3": 0.0, "DIP4": 59.063562, "aspRatio": 1.0, "mfd_bin": 0.2, "a_val": 3.668, "a_hi": 3.6934663383899999, "a_mid": 3.6673720848300002, "a_lo": 3.64127783126, "sigma_a": 0.163334048506, "b_val": 1.0, "b_hi": 1.0318639364, "b_mid": 1.0, "b_lo": 0.96813606360399995, "sigma_b": 0.01, "cum_cov_ab": 0.054321, "MCORNERP1": 6.2, "MCORNERP2": 6.4, "MCORNERP3": 6.6, "MAXMAGP1": 6.4, "MAXMAGP2": 6.6, "utsu_bval2": 0.0, "utsu_aval": 0.0, "utsu_Minfl": 0.0, "Shape_Leng": 5.32944762188, "Shape_Area": 1.32396697714 }, "geometry": { "type": "Polygon", "coordinates": [ [ [ 16.845000000249854, 44.254935999896531 ], [ 16.963222000395035, 44.754501999567651 ], [ 17.320049999807679, 44.661517999556111 ], [ 18.220000000199889, 44.360000000299806 ], [ 18.609999999600348, 44.090000000299824 ], [ 18.78213390035927, 43.600000000199884 ], [ 18.482652000389578, 43.176499000028855 ], [ 17.635304000279461, 43.914363000052447 ], [ 17.086399999760204, 44.177616000078388 ], [ 16.845000000249854, 44.254935999896531 ] ] ] } },
{ "type": "Feature", "properties": { "ZONE_ID": "BAAS032", "areakm2": 10640.265397700001, "tctCluster": "Shallow Default", "CSZ_ID": "SZ18", "TECTO_ID": "TSZ060", "magScaleRe": "WC1994", "SS": 20.0, "NF": 60.0, "TF": 20.0, "MINDEPTH": 0.0, "MAXDEPTH": 15.0, "HYPODEPTH1": 2.0, "HYPODEPTH2": 10.0, "HYPODEPTH3": 12.0, "WHDEPTH1": 0.1, "WHDEPTH2": 0.4, "WHDEPTH3": 0.5, "WMAXMAG01": 0.5, "WMAXMAG02": 0.4, "WMAXMAG03": 0.1, "MAXMAG01": 6.9, "MAXMAG02": 7.2, "MAXMAG03": 7.5, "STRIKE1": 0.0, "STRIKE2": 0.0, "STRIKE3": 0.0, "STRIKE4": 311.329853, "DIP1": 89.99, "DIP2": 0.0, "DIP3": 0.0, "DIP4": 60.56552, "aspRatio": 1.0, "mfd_bin": 0.2, "a_val": 3.5198231237500002, "a_hi": 3.5688281810300002, "a_mid": 3.5198634597699998, "a_lo": 3.4708987385, "sigma_a": 0.077473774829599995, "b_val": 1.05768408989, "b_hi": 1.10207231683, "b_mid": 1.05768408989, "b_lo": 1.01329586295, "sigma_b": 0.019406031968, "cum_cov_ab": 0.054321, "MCORNERP1": 6.0, "MCORNERP2": 6.2, "MCORNERP3": 6.4, "MAXMAGP1": 6.2, "MAXMAGP2": 6.4, "utsu_bval2": 0.0, "utsu_aval": 0.0, "utsu_Minfl": 0.0, "Shape_Leng": 4.5236866939800002, "Shape_Area": 0.85863786866000003 }, "geometry": { "type": "Polygon", "coordinates": [ [ [ 18.78213390035927, 43.600000000199884 ], [ 18.609999999600348, 44.090000000299824 ], [ 19.292760154657458, 43.835716153977387 ], [ 19.982133899759731, 43.600000000199884 ], [ 20.303435510040799, 43.421932086596598 ], [ 20.145708975988498, 42.829106041810462 ], [ 18.78213390035927, 43.600000000199884 ] ] ] } },
{ "type": "Feature", "properties": { "ZONE_ID": "BAAS033", "areakm2": 38715.256473100002, "tctCluster": "Shallow Default", "CSZ_ID": "SZ18", "TECTO_ID": "TSZ062", "magScaleRe": "WC1994", "SS": 20.0, "NF": 60.0, "TF": 20.0, "MINDEPTH": 0.0, "MAXDEPTH": 15.0, "HYPODEPTH1": 2.0, "HYPODEPTH2": 10.0, "HYPODEPTH3": 12.0, "WHDEPTH1": 0.1, "WHDEPTH2": 0.4, "WHDEPTH3": 0.5, "WMAXMAG01": 0.5, "WMAXMAG02": 0.4, "WMAXMAG03": 0.1, "MAXMAG01": 6.9, "MAXMAG02": 7.2, "MAXMAG03": 7.5, "STRIKE1": 0.0, "STRIKE2": 0.0, "STRIKE3": 0.0, "STRIKE4": 311.329853, "DIP1": 89.99, "DIP2": 0.0, "DIP3": 0.0, "DIP4": 60.56552, "aspRatio": 1.0, "mfd_bin": 0.2, "a_val": 4.08, "a_hi": 4.128052853, "a_mid": 4.0803412403600001, "a_lo": 4.0326296277100004, "sigma_a": 0.093610343376300004, "b_val": 1.0, "b_hi": 1.0467334504300001, "b_mid": 1.0, "b_lo": 0.95326654957000001, "sigma_b": 0.021510813809599998, "cum_cov_ab": 0.054321, "MCORNERP1": 6.6, "MCORNERP2": 6.8, "MCORNERP3": 7.0, "MAXMAGP1": 6.8, "MAXMAGP2": 7.0, "utsu_bval2": 0.0, "utsu_aval": 0.0, "utsu_Minfl": 0.0, "Shape_Leng": 8.1202983444299992, "Shape_Area": 3.1242064051699998 }, "geometry": { "type": "Polygon", "coordinates": [ [ [ 21.738999999750263, 43.629000000249846 ], [ 21.592911075186009, 43.406871089928927 ], [ 20.646376503073213, 43.495956697043994 ], [ 20.303435510040799, 43.421932086596598 ], [ 19.982133899759731, 43.600000000199884 ], [ 19.292760154657458, 43.835716153977387 ], [ 19.472610663951002, 44.774008606811833 ], [ 20.182681059483343, 44.544818524655227 ], [ 21.137744999731979, 44.653267000371841 ], [ 21.455074215502691, 44.808856155287401 ], [ 22.339999999700296, 44.259999999600382 ], [ 22.170000000399739, 43.870000000199923 ], [ 22.259584132301939, 43.454515013557057 ], [ 21.738999999750263, 43.629000000249846 ] ] ] } },
{ "type": "Feature", "properties": { "ZONE_ID": "BAAS034", "areakm2": 12876.586097900001, "tctCluster": "Shallow Default", "CSZ_ID": "SZ18", "TECTO_ID": "TSZ060", "magScaleRe": "WC1994", "SS": 20.0, "NF": 60.0, "TF": 20.0, "MINDEPTH": 0.0, "MAXDEPTH": 15.0, "HYPODEPTH1": 2.0, "HYPODEPTH2": 10.0, "HYPODEPTH3": 12.0, "WHDEPTH1": 0.1, "WHDEPTH2": 0.4, "WHDEPTH3": 0.5, "WMAXMAG01": 0.5, "WMAXMAG02": 0.4, "WMAXMAG03": 0.1, "MAXMAG01": 6.9, "MAXMAG02": 7.2, "MAXMAG03": 7.5, "STRIKE1": 0.0, "STRIKE2": 0.0, "STRIKE3": 0.0, "STRIKE4": 311.329853, "DIP1": 89.99, "DIP2": 0.0, "DIP3": 0.0, "DIP4": 60.56552, "aspRatio": 1.0, "mfd_bin": 0.2, "a_val": 3.0771038660199999, "a_hi": 3.1344566034799999, "a_mid": 3.0769081976899999, "a_lo": 3.0193597918899999, "sigma_a": 0.131057994284, "b_val": 0.87466904860600003, "b_hi": 0.93220532041899995, "b_mid": 0.87466904860600003, "b_lo": 0.817132776793, "sigma_b": 0.032605028324099998, "cum_cov_ab": 0.054321, "MCORNERP1": 6.0, "MCORNERP2": 6.2, "MCORNERP3": 6.4, "MAXMAGP1": 6.4, "MAXMAGP2": 6.6, "utsu_bval2": 0.0, "utsu_aval": 0.0, "utsu_Minfl": 0.0, "Shape_Leng": 4.5585919957099996, "Shape_Area": 1.03846491966 }, "geometry": { "type": "Polygon", "coordinates": [ [ [ 18.482652000389578, 43.176499000028855 ], [ 18.78213390035927, 43.600000000199884 ], [ 20.145708975988498, 42.829106041810462 ], [ 20.212965000034785, 42.611403000148414 ], [ 20.235078999995892, 42.517679000185751 ], [ 20.120698633834934, 42.497119199591452 ], [ 19.893038999949965, 42.245899999985056 ], [ 19.17610099996125, 42.646160000383759 ], [ 18.482652000389578, 43.176499000028855 ] ] ] } },
{ "type": "Feature", "properties": { "ZONE_ID": "BAAS035", "areakm2": 15770.877846400001, "tctCluster": "Shallow Default", "CSZ_ID": "SZ18", "TECTO_ID": "TSZ060", "magScaleRe": "WC1994", "SS": 20.0, "NF": 60.0, "TF": 20.0, "MINDEPTH": 0.0, "MAXDEPTH": 16.0, "HYPODEPTH1": 2.0, "HYPODEPTH2": 10.0, "HYPODEPTH3": 14.0, "WHDEPTH1": 0.1, "WHDEPTH2": 0.4, "WHDEPTH3": 0.5, "WMAXMAG01": 0.5, "WMAXMAG02": 0.4, "WMAXMAG03": 0.1, "MAXMAG01": 6.9, "MAXMAG02": 7.2, "MAXMAG03": 7.5, "STRIKE1": 28.0608, "STRIKE2": 0.0, "STRIKE3": 0.0, "STRIKE4": 306.901347, "DIP1": 44.4182, "DIP2": 0.0, "DIP3": 0.0, "DIP4": 49.959917, "aspRatio": 1.0, "mfd_bin": 0.2, "a_val": 3.953, "a_hi": 4.0572114621499997, "a_mid": 3.9534877378500002, "a_lo": 3.8497640135400002, "sigma_a": 0.21097648004799999, "b_val": 1.02, "b_hi": 1.0902115315700001, "b_mid": 1.02, "b_lo": 0.94978846843499998, "sigma_b": 0.048553220350600002, "cum_cov_ab": 0.054321, "MCORNERP1": 6.3, "MCORNERP2": 6.5, "MCORNERP3": 6.7, "MAXMAGP1": 6.6, "MAXMAGP2": 6.8, "utsu_bval2": 0.0, "utsu_aval": 0.0, "utsu_Minfl": 0.0, "Shape_Leng": 6.4912183295599997, "Shape_Area": 1.27266308164 }, "geometry": { "type": "Polygon", "coordinates": [ [ [ 17.346627228963484, 43.223155736947774 ], [ 17.635304000279461, 43.914363000052447 ], [ 18.482652000389578, 43.176499000028855 ], [ 19.17610099996125, 42.646160000383759 ], [ 19.893038999949965, 42.245899999985056 ], [ 19.704929870617093, 42.158382530829215 ], [ 19.577167999803407, 42.024733000027993 ], [ 17.346627228963484, 43.223155736947774 ] ] ] } },
{ "type": "Feature", "properties": { "ZONE_ID": "BEAS037", "areakm2": 2789.60948693, "tctCluster": "Shallow Default", "CSZ_ID": "SZ03", "TECTO_ID": "TSZ133", "magScaleRe": "WC1994", "SS": 33.0, "NF": 33.0, "TF": 34.0, "MINDEPTH": 5.0, "MAXDEPTH": 20.0, "HYPODEPTH1": 8.0, "HYPODEPTH2": 10.0, "HYPODEPTH3": 15.0, "WHDEPTH1": 0.1, "WHDEPTH2": 0.4, "WHDEPTH3": 0.5, "WMAXMAG01": 0.5, "WMAXMAG02": 0.4, "WMAXMAG03": 0.1, "MAXMAG01": 6.3, "MAXMAG02": 6.6, "MAXMAG03": 6.9, "STRIKE1": 0.0, "STRIKE2": 0.0, "STRIKE3": 0.0, "STRIKE4": 0.0, "DIP1": 89.99, "DIP2": 0.0, "DIP3": 0.0, "DIP4": 0.0, "aspRatio": 1.0, "mfd_bin": 0.2, "a_val": 2.94, "a_hi": 2.9461381638900002, "a_mid": 2.9402611468200002, "a_lo": 2.9343841297500002, "sigma_a": 0.01, "b_val": 1.0, "b_hi": 1.0318639364, "b_mid": 1.0, "b_lo": 0.96813606360399995, "sigma_b": 0.01, "cum_cov_ab": 0.054321, "MCORNERP1": 6.0, "MCORNERP2": 6.2, "MCORNERP3": 6.4, "MAXMAGP1": 6.2, "MAXMAGP2": 6.2, "utsu_bval2": 0.0, "utsu_aval": 0.0, "utsu_Minfl": 0.0, "Shape_Leng": 2.3558578943600001, "Shape_Area": 0.22511321395799999 }, "geometry": { "type": "Polygon", "coordinates": [ [ [ 4.061885253201922, 50.307225242650873 ], [ 3.640173250095472, 50.355420899454998 ], [ 3.646811999574197, 50.553719999578391 ], [ 4.597317000279361, 50.553532999948061 ], [ 4.598061942005074, 50.307225242650873 ], [ 4.061885253201922, 50.307225242650873 ] ] ] } },
{ "type": "Feature", "properties": { "ZONE_ID": "BEAS038", "areakm2": 26488.527607, "tctCluster": "Shallow Default", "CSZ_ID": "SZ05", "TECTO_ID": "TSZ133", "magScaleRe": "WC1994", "SS": 33.0, "NF": 33.0, "TF": 34.0, "MINDEPTH": 5.0, "MAXDEPTH": 20.0, "HYPODEPTH1": 8.0, "HYPODEPTH2": 10.0, "HYPODEPTH3": 15.0, "WHDEPTH1": 0.1, "WHDEPTH2": 0.4, "WHDEPTH3": 0.5, "WMAXMAG01": 0.5, "WMAXMAG02": 0.4, "WMAXMAG03": 0.1, "MAXMAG01": 6.3, "MAXMAG02": 6.6, "MAXMAG03": 6.9, "STRIKE1": 0.0, "STRIKE2": 0.0, "STRIKE3": 0.0, "STRIKE4": 0.0, "DIP1": 89.99, "DIP2": 0.0, "DIP3": 0.0, "DIP4": 0.0, "aspRatio": 1.0, "mfd_bin": 0.2, "a_val": 2.04, "a_hi": 2.04604455632, "a_mid": 2.0401788028299999, "a_lo": 2.0343130493400001, "sigma_a": 0.01, "b_val": 1.0, "b_hi": 1.0318639364, "b_mid": 1.0, "b_lo": 0.96813606360399995, "sigma_b": 0.01, "cum_cov_ab": 0.054321, "MCORNERP1": 6.0, "MCORNERP2": 6.2, "MCORNERP3": 6.4, "MAXMAGP1": 5.6, "MAXMAGP2": 5.6, "utsu_bval2": 0.0, "utsu_aval": 0.0, "utsu_Minfl": 0.0, "Shape_Leng": 8.0599321670300004, "Shape_Area": 2.1375456387299998 }, "geometry": { "type": "Polygon", "coordinates": [ [ [ 6.414283307828441, 50.096504800855939 ], [ 6.399999999900103, 49.450000000199907 ], [ 5.85999999990014, 49.559999999800198 ], [ 5.520000000399762, 49.540000000199882 ], [ 4.929999999600341, 49.82 ], [ 4.418601462387642, 49.783741929646396 ], [ 3.564132618625479, 49.786754157578343 ], [ 3.09559265307854, 49.811730363265724 ], [ 3.640173250095472, 50.355420899454998 ], [ 4.061885253201922, 50.307225242650873 ], [ 4.598061942005074, 50.307225242650873 ], [ 4.597317000279361, 50.553532999948061 ], [ 5.011493000301755, 50.60102600024976 ], [ 5.309201000126109, 50.702899000088848 ], [ 5.514750000212416, 50.510500000274874 ], [ 5.758999999850175, 50.264000000299802 ], [ 5.999999999800195, 50.282000000299831 ], [ 6.414283307828441, 50.096504800855939 ] ] ] } },
{ "type": "Feature", "properties": { "ZONE_ID": "BEAS040", "areakm2": 1703.2439841400001, "tctCluster": "Shallow Default", "CSZ_ID": "SZ03", "TECTO_ID": "TSZ133", "magScaleRe": "WC1994", "SS": 35.0, "NF": 50.0, "TF": 15.0, "MINDEPTH": 5.0, "MAXDEPTH": 20.0, "HYPODEPTH1": 8.0, "HYPODEPTH2": 10.0, "HYPODEPTH3": 15.0, "WHDEPTH1": 0.1, "WHDEPTH2": 0.4, "WHDEPTH3": 0.5, "WMAXMAG01": 0.5, "WMAXMAG02": 0.4, "WMAXMAG03": 0.1, "MAXMAG01": 6.3, "MAXMAG02": 6.6, "MAXMAG03": 6.9, "STRIKE1": 0.0, "STRIKE2": 0.0, "STRIKE3": 0.0, "STRIKE4": 0.0, "DIP1": 89.99, "DIP2": 0.0, "DIP3": 0.0, "DIP4": 0.0, "aspRatio": 1.0, "mfd_bin": 0.2, "a_val": 2.4326668580800002, "a_hi": 2.5219261319899999, "a_mid": 2.4327191573800002, "a_lo": 2.3435121827800001, "sigma_a": 0.17026414355399999, "b_val": 1.0000587032799999, "b_hi": 1.0619588073899999, "b_mid": 1.0000587032799999, "b_lo": 0.938158599165, "sigma_b": 0.037738436719599998, "cum_cov_ab": 0.054321, "MCORNERP1": 6.0, "MCORNERP2": 6.2, "MCORNERP3": 6.4, "MAXMAGP1": 6.0, "MAXMAGP2": 6.0, "utsu_bval2": 0.0, "utsu_aval": 0.0, "utsu_Minfl": 0.0, "Shape_Leng": 1.6724934040799999, "Shape_Area": 0.13744673920200001 }, "geometry": { "type": "Polygon", "coordinates": [ [ [ 6.04077987579069, 50.73385957525926 ], [ 5.514750000212416, 50.510500000274874 ], [ 5.309201000126109, 50.702899000088848 ], [ 5.79713785023165, 50.898204427092708 ], [ 6.04077987579069, 50.73385957525926 ] ] ] } },
{ "type": "Feature", "properties": { "ZONE_ID": "BEAS041", "areakm2": 5621.7271848199998, "tctCluster": "Shallow Default", "CSZ_ID": "SZ03", "TECTO_ID": "TSZ133", "magScaleRe": "WC1994", "SS": 35.0, "NF": 50.0, "TF": 15.0, "MINDEPTH": 5.0, "MAXDEPTH": 20.0, "HYPODEPTH1": 8.0, "HYPODEPTH2": 10.0, "HYPODEPTH3": 15.0, "WHDEPTH1": 0.1, "WHDEPTH2": 0.4, "WHDEPTH3": 0.5, "WMAXMAG01": 0.5, "WMAXMAG02": 0.4, "WMAXMAG03": 0.1, "MAXMAG01": 6.3, "MAXMAG02": 6.6, "MAXMAG03": 6.9, "STRIKE1": 0.0, "STRIKE2": 0.0, "STRIKE3": 0.0, "STRIKE4": 0.0, "DIP1": 89.99, "DIP2": 0.0, "DIP3": 0.0, "DIP4": 0.0, "aspRatio": 1.0, "mfd_bin": 0.2, "a_val": 2.6, "a_hi": 2.60924751678, "a_mid": 2.6002874603600001, "a_lo": 2.5913274039399998, "sigma_a": 0.02, "b_val": 1.0, "b_hi": 1.0318639364, "b_mid": 1.0, "b_lo": 0.96813606360399995, "sigma_b": 0.01, "cum_cov_ab": 0.054321, "MCORNERP1": 6.0, "MCORNERP2": 6.2, "MCORNERP3": 6.4, "MAXMAGP1": 6.0, "MAXMAGP2": 6.2, "utsu_bval2": 0.0, "utsu_aval": 0.0, "utsu_Minfl": 0.0, "Shape_Leng": 3.0464269203000001, "Shape_Area": 0.45365671503499999 }, "geometry": { "type": "Polygon", "coordinates": [ [ [ 5.514750000212416, 50.510500000274874 ], [ 6.04077987579069, 50.73385957525926 ], [ 6.222999999750243, 50.61099999975022 ], [ 6.392999999950064, 50.686999999850173 ], [ 6.823175690106041, 50.400213337275773 ], [ 6.414283307828441, 50.096504800855939 ], [ 5.999999999800195, 50.282000000299831 ], [ 5.758999999850175, 50.264000000299802 ], [ 5.514750000212416, 50.510500000274874 ] ] ] } },
{ "type": "Feature", "properties": { "ZONE_ID": "BEAS042", "areakm2": 20382.536438200001, "tctCluster": "Shallow Default", "CSZ_ID": "SZ03", "TECTO_ID": "TSZ133", "magScaleRe": "WC1994", "SS": 35.0, "NF": 50.0, "TF": 15.0, "MINDEPTH": 7.0, "MAXDEPTH": 13.0, "HYPODEPTH1": 8.0, "HYPODEPTH2": 9.0, "HYPODEPTH3": 10.0, "WHDEPTH1": 0.1, "WHDEPTH2": 0.4, "WHDEPTH3": 0.5, "WMAXMAG01": 0.5, "WMAXMAG02": 0.4, "WMAXMAG03": 0.1, "MAXMAG01": 6.3, "MAXMAG02": 6.6, "MAXMAG03": 6.9, "STRIKE1": 0.0, "STRIKE2": 0.0, "STRIKE3": 0.0, "STRIKE4": 0.0, "DIP1": 89.99, "DIP2": 0.0, "DIP3": 0.0, "DIP4": 0.0, "aspRatio": 1.0, "mfd_bin": 0.2, "a_val": 2.3077281214699998, "a_hi": 2.39691154955, "a_mid": 2.3078785161500002, "a_lo": 2.2188454827499999, "sigma_a": 0.17026414355399999, "b_val": 1.0000587032799999, "b_hi": 1.0619588073899999, "b_mid": 1.0000587032799999, "b_lo": 0.938158599165, "sigma_b": 0.037738436719599998, "cum_cov_ab": 0.054321, "MCORNERP1": 6.0, "MCORNERP2": 6.2, "MCORNERP3": 6.4, "MAXMAGP1": 5.8, "MAXMAGP2": 5.8, "utsu_bval2": 0.0, "utsu_aval": 0.0, "utsu_Minfl": 0.0, "Shape_Leng": 5.9555400924399997, "Shape_Area": 1.64481025587 }, "geometry": { "type": "Polygon", "coordinates": [ [ [ 3.432394999729524, 51.429623999947694 ], [ 2.497023999957662, 51.303022000065312 ], [ 1.978133000337721, 51.003342000133273 ], [ 1.049999999800207, 51.049999999700276 ], [ 2.000652076532162, 52.000611958575064 ], [ 2.889999999900112, 52.439999999800193 ], [ 3.432394999729524, 51.429623999947694 ] ] ] } },
{ "type": "Feature", "properties": { "ZONE_ID": "BEAS043", "areakm2": 23443.407601, "tctCluster": "Shallow Default", "CSZ_ID": "SZ03", "TECTO_ID": "TSZ133", "magScaleRe": "WC1994", "SS": 35.0, "NF": 50.0, "TF": 15.0, "MINDEPTH": 7.0, "MAXDEPTH": 13.0, "HYPODEPTH1": 8.0, "HYPODEPTH2": 9.0, "HYPODEPTH3": 10.0, "WHDEPTH1": 0.1, "WHDEPTH2": 0.4, "WHDEPTH3": 0.5, "WMAXMAG01": 0.5, "WMAXMAG02": 0.4, "WMAXMAG03": 0.1, "MAXMAG01": 6.3, "MAXMAG02": 6.6, "MAXMAG03": 6.9, "STRIKE1": 0.0, "STRIKE2": 0.0, "STRIKE3": 0.0, "STRIKE4": 0.0, "DIP1": 89.99, "DIP2": 0.0, "DIP3": 0.0, "DIP4": 0.0, "aspRatio": 1.0, "mfd_bin": 0.2, "a_val": 2.3077281214699998, "a_hi": 2.3970363752899999, "a_mid": 2.3078186304399999, "a_lo": 2.2186008856, "sigma_a": 0.17026414355399999, "b_val": 1.0000587032799999, "b_hi": 1.0619588073899999, "b_mid": 1.0000587032799999, "b_lo": 0.938158599165, "sigma_b": 0.037738436719599998, "cum_cov_ab": 0.054321, "MCORNERP1": 6.0, "MCORNERP2": 6.2, "MCORNERP3": 6.4, "MAXMAGP1": 5.8, "MAXMAGP2": 5.8, "utsu_bval2": 0.0, "utsu_aval": 0.0, "utsu_Minfl": 0.0, "Shape_Leng": 7.9156819308699999, "Shape_Area": 1.89181348401 }, "geometry": { "type": "Polygon", "coordinates": [ [ [ 2.497023999957662, 51.303022000065312 ], [ 3.432394999729524, 51.429623999947694 ], [ 3.836094000437811, 51.243412000363605 ], [ 5.400346999914177, 50.993669000124328 ], [ 5.79713785023165, 50.898204427092708 ], [ 5.309201000126109, 50.702899000088848 ], [ 5.011493000301755, 50.60102600024976 ], [ 4.597317000279361, 50.553532999948061 ], [ 3.646811999574197, 50.553719999578391 ], [ 1.978133000337721, 51.003342000133273 ], [ 2.497023999957662, 51.303022000065312 ] ] ] } },
{ "type": "Feature", "properties": { "ZONE_ID": "BGAS043", "areakm2": 34587.405370599998, "tctCluster": "Shallow Default", "CSZ_ID": "SZ17", "TECTO_ID": "TSZ068", "magScaleRe": "WC1994", "SS": 20.0, "NF": 60.0, "TF": 20.0, "MINDEPTH": 0.0, "MAXDEPTH": 20.0, "HYPODEPTH1": 2.0, "HYPODEPTH2": 10.0, "HYPODEPTH3": 12.0, "WHDEPTH1": 0.1, "WHDEPTH2": 0.4, "WHDEPTH3": 0.5, "WMAXMAG01": 0.5, "WMAXMAG02": 0.4, "WMAXMAG03": 0.1, "MAXMAG01": 7.5, "MAXMAG02": 7.8, "MAXMAG03": 8.1, "STRIKE1": 79.961089, "STRIKE2": 109.902978, "STRIKE3": 0.0, "STRIKE4": 278.921435, "DIP1": 47.653722, "DIP2": 57.790067, "DIP3": 0.0, "DIP4": 57.603435, "aspRatio": 1.0, "mfd_bin": 0.2, "a_val": 2.563, "a_hi": 2.6292219370900001, "a_mid": 2.562822994, "a_lo": 2.4964240509, "sigma_a": 0.092995184585199994, "b_val": 0.74, "b_hi": 0.78363953378700002, "b_mid": 0.74, "b_lo": 0.69636046621299996, "sigma_b": 0.018756912458299999, "cum_cov_ab": 0.054321, "MCORNERP1": 7.2, "MCORNERP2": 7.4, "MCORNERP3": 7.6, "MAXMAGP1": 7.4, "MAXMAGP2": 7.6, "utsu_bval2": 0.0, "utsu_aval": 0.0, "utsu_Minfl": 0.0, "Shape_Leng": 8.2783061869400001, "Shape_Area": 2.7911010599 }, "geometry": { "type": "Polygon", "coordinates": [ [ [ 26.472709999866652, 43.250340000390736 ], [ 26.248500999921248, 43.586276000437124 ], [ 25.417480241919691, 43.758960494031612 ], [ 26.341147473577109, 44.11062788047235 ], [ 26.574737807204087, 44.420812348611037 ], [ 29.114370414862833, 43.977369063731373 ], [ 28.58578304814921, 43.179957704484536 ], [ 26.472709999866652, 43.250340000390736 ] ] ] } },
{ "type": "Feature", "properties": { "ZONE_ID": "BGAS044", "areakm2": 13556.304457800001, "tctCluster": "Shallow Default", "CSZ_ID": "SZ17", "TECTO_ID": "TSZ068", "magScaleRe": "WC1994", "SS": 20.0, "NF": 60.0, "TF": 20.0, "MINDEPTH": 0.0, "MAXDEPTH": 20.0, "HYPODEPTH1": 2.0, "HYPODEPTH2": 10.0, "HYPODEPTH3": 18.0, "WHDEPTH1": 0.1, "WHDEPTH2": 0.4, "WHDEPTH3": 0.5, "WMAXMAG01": 0.5, "WMAXMAG02": 0.4, "WMAXMAG03": 0.1, "MAXMAG01": 7.5, "MAXMAG02": 7.8, "MAXMAG03": 8.1, "STRIKE1": 79.961089, "STRIKE2": 109.902978, "STRIKE3": 0.0, "STRIKE4": 278.921435, "DIP1": 47.653722, "DIP2": 57.790067, "DIP3": 0.0, "DIP4": 57.603435, "aspRatio": 1.0, "mfd_bin": 0.2, "a_val": 2.75, "a_hi": 2.8243807674900001, "a_mid": 2.7500319423000001, "a_lo": 2.6756831171000002, "sigma_a": 0.061423452801700001, "b_val": 1.0, "b_hi": 1.07417365162, "b_mid": 1.0, "b_lo": 0.92582634837800004, "sigma_b": 0.0541876687535, "cum_cov_ab": 0.054321, "MCORNERP1": 6.0, "MCORNERP2": 6.2, "MCORNERP3": 6.4, "MAXMAGP1": 6.0, "MAXMAGP2": 6.2, "utsu_bval2": 0.0, "utsu_aval": 0.0, "utsu_Minfl": 0.0, "Shape_Leng": 5.5596101303600003, "Shape_Area": 1.0939535757800001 }, "geometry": { "type": "Polygon", "coordinates": [ [ [ 26.472709999866652, 43.250340000390736 ], [ 28.58578304814921, 43.179957704484536 ], [ 28.221563197083924, 42.630506344192497 ], [ 26.872218959337545, 42.756969852077077 ], [ 26.057106577906268, 42.797302657991338 ], [ 26.472709999866652, 43.250340000390736 ] ] ] } },
{ "type": "Feature", "properties": { "ZONE_ID": "BGAS045", "areakm2": 24396.841963800001, "tctCluster": "Shallow Default", "CSZ_ID": "SZ17", "TECTO_ID": "TSZ068", "magScaleRe": "WC1994", "SS": 20.0, "NF": 60.0, "TF": 20.0, "MINDEPTH": 0.0, "MAXDEPTH": 20.0, "HYPODEPTH1": 2.0, "HYPODEPTH2": 10.0, "HYPODEPTH3": 18.0, "WHDEPTH1": 0.1, "WHDEPTH2": 0.4, "WHDEPTH3": 0.5, "WMAXMAG01": 0.5, "WMAXMAG02": 0.4, "WMAXMAG03": 0.1, "MAXMAG01": 7.2, "MAXMAG02": 7.5, "MAXMAG03": 7.8, "STRIKE1": 65.014512, "STRIKE2": 0.0, "STRIKE3": 269.761667, "STRIKE4": 274.20195, "DIP1": 57.650857, "DIP2": 0.0, "DIP3": 43.679, "DIP4": 43.756425, "aspRatio": 1.0, "mfd_bin": 0.2, "a_val": 2.05, "a_hi": 2.1027816102500001, "a_mid": 2.0499532765700001, "a_lo": 1.9971249429, "sigma_a": 0.061423452801700001, "b_val": 1.0, "b_hi": 1.1043545928, "b_mid": 1.0, "b_lo": 0.8956454072, "sigma_b": 0.107256663388, "cum_cov_ab": 0.054321, "MCORNERP1": 6.0, "MCORNERP2": 6.2, "MCORNERP3": 6.4, "MAXMAGP1": 5.6, "MAXMAGP2": 5.6, "utsu_bval2": 0.0, "utsu_aval": 0.0, "utsu_Minfl": 0.0, "Shape_Leng": 9.3118847436000003, "Shape_Area": 1.96875280744 }, "geometry": { "type": "Polygon", "coordinates": [ [ [ 23.982133899859662, 43.600000000199884 ], [ 24.915718971953027, 43.544379770809826 ], [ 25.417480241919691, 43.758960494031612 ], [ 26.248500999921248, 43.586276000437124 ], [ 25.189127514023596, 43.26169574436318 ], [ 25.186954254635168, 42.840358909636052 ], [ 24.036908822284374, 42.922159500060957 ], [ 22.989209769515298, 43.479551838946236 ], [ 22.170000000399739, 43.870000000199923 ], [ 22.339999999700296, 44.259999999600382 ], [ 22.982133900059466, 43.899999999600368 ], [ 23.982133899859662, 43.600000000199884 ] ] ] } },
{ "type": "Feature", "properties": { "ZONE_ID": "BGAS046", "areakm2": 17329.7761517, "tctCluster": "Shallow Default", "CSZ_ID": "SZ17", "TECTO_ID": "TSZ022", "magScaleRe": "WC1994", "SS": 20.0, "NF": 60.0, "TF": 20.0, "MINDEPTH": 0.0, "MAXDEPTH": 20.0, "HYPODEPTH1": 2.0, "HYPODEPTH2": 10.0, "HYPODEPTH3": 12.0, "WHDEPTH1": 0.1, "WHDEPTH2": 0.4, "WHDEPTH3": 0.5, "WMAXMAG01": 0.5, "WMAXMAG02": 0.4, "WMAXMAG03": 0.1, "MAXMAG01": 7.3, "MAXMAG02": 7.6, "MAXMAG03": 7.9, "STRIKE1": 87.689929, "STRIKE2": 95.354095, "STRIKE3": 267.4575, "STRIKE4": 291.118733, "DIP1": 47.769857, "DIP2": 47.603284, "DIP3": 47.6045, "DIP4": 44.80055, "aspRatio": 1.0, "mfd_bin": 0.2, "a_val": 2.64, "a_hi": 2.6757943347699999, "a_mid": 2.6402245034299998, "a_lo": 2.6046546720800001, "sigma_a": 0.061397903679199999, "b_val": 0.73, "b_hi": 0.76524672253199999, "b_mid": 0.73, "b_lo": 0.69475327746799997, "sigma_b": 0.012235976279400001, "cum_cov_ab": 0.054321, "MCORNERP1": 7.2, "MCORNERP2": 7.4, "MCORNERP3": 7.6, "MAXMAGP1": 7.4, "MAXMAGP2": 7.6, "utsu_bval2": 0.0, "utsu_aval": 0.0, "utsu_Minfl": 0.0, "Shape_Leng": 6.8765068783299999, "Shape_Area": 1.3984615519200001 }, "geometry": { "type": "Polygon", "coordinates": [ [ [ 24.765290571202968, 42.367922069248152 ], [ 25.521221766771191, 42.281300144985778 ], [ 26.529133194341512, 42.093000979012004 ], [ 26.740063735752869, 41.580518326159904 ], [ 26.102600000389771, 41.523399999810181 ], [ 24.137565086159839, 42.150216130869808 ], [ 23.614688517860884, 42.287892869860116 ], [ 23.763797281319512, 42.523952633906958 ], [ 24.765290571202968, 42.367922069248152 ] ] ] } },
{ "type": "Feature", "properties": { "ZONE_ID": "BGAS049", "areakm2": 8560.45447504, "tctCluster": "Shallow Default", "CSZ_ID": "SZ17", "TECTO_ID": "TSZ068", "magScaleRe": "WC1994", "SS": 20.0, "NF": 60.0, "TF": 20.0, "MINDEPTH": 0.0, "MAXDEPTH": 20.0, "HYPODEPTH1": 2.0, "HYPODEPTH2": 10.0, "HYPODEPTH3": 18.0, "WHDEPTH1": 0.1, "WHDEPTH2": 0.4, "WHDEPTH3": 0.5, "WMAXMAG01": 0.5, "WMAXMAG02": 0.4, "WMAXMAG03": 0.1, "MAXMAG01": 7.2, "MAXMAG02": 7.5, "MAXMAG03": 7.8, "STRIKE1": 65.014512, "STRIKE2": 0.0, "STRIKE3": 269.761667, "STRIKE4": 274.20195, "DIP1": 57.650857, "DIP2": 0.0, "DIP3": 43.679, "DIP4": 43.756425, "aspRatio": 1.0, "mfd_bin": 0.2, "a_val": 2.08, "a_hi": 2.1821420810899999, "a_mid": 2.0799366732600002, "a_lo": 1.9777312654400001, "sigma_a": 0.14504410289899999, "b_val": 0.74, "b_hi": 0.79452628077499998, "b_mid": 0.74, "b_lo": 0.685473719225, "sigma_b": 0.0292828200142, "cum_cov_ab": 0.054321, "MCORNERP1": 6.9, "MCORNERP2": 7.1, "MCORNERP3": 7.3, "MAXMAGP1": 7.0, "MAXMAGP2": 7.2, "utsu_bval2": 0.0, "utsu_aval": 0.0, "utsu_Minfl": 0.0, "Shape_Leng": 3.4192178809799998, "Shape_Area": 0.69080329411800001 }, "geometry": { "type": "Polygon", "coordinates": [ [ [ 25.189127514023596, 43.26169574436318 ], [ 26.248500999921248, 43.586276000437124 ], [ 26.472709999866652, 43.250340000390736 ], [ 26.057106577906268, 42.797302657991338 ], [ 25.186954254635168, 42.840358909636052 ], [ 25.189127514023596, 43.26169574436318 ] ] ] } },
{ "type": "Feature", "properties": { "ZONE_ID": "BGAS051", "areakm2": 10326.5133393, "tctCluster": "Shallow Default", "CSZ_ID": "SZ17", "TECTO_ID": "TSZ023", "magScaleRe": "WC1994", "SS": 20.0, "NF": 60.0, "TF": 20.0, "MINDEPTH": 0.0, "MAXDEPTH": 20.0, "HYPODEPTH1": 2.0, "HYPODEPTH2": 10.0, "HYPODEPTH3": 18.0, "WHDEPTH1": 0.1, "WHDEPTH2": 0.4, "WHDEPTH3": 0.5, "WMAXMAG01": 0.5, "WMAXMAG02": 0.4, "WMAXMAG03": 0.1, "MAXMAG01": 7.3, "MAXMAG02": 7.6, "MAXMAG03": 7.9, "STRIKE1": 79.33825, "STRIKE2": 107.218621, "STRIKE3": 229.734133, "STRIKE4": 303.919385, "DIP1": 57.634, "DIP2": 57.998, "DIP3": 55.7506, "DIP4": 55.537077, "aspRatio": 1.0, "mfd_bin": 0.2, "a_val": 2.84, "a_hi": 2.9385023237299999, "a_mid": 2.8399472987399998, "a_lo": 2.7413922737499998, "sigma_a": 0.158599330796, "b_val": 0.89, "b_hi": 0.95152686017200006, "b_mid": 0.89, "b_lo": 0.82847313982799997, "sigma_b": 0.037284699964499998, "cum_cov_ab": 0.054321, "MCORNERP1": 6.2, "MCORNERP2": 6.4, "MCORNERP3": 6.6, "MAXMAGP1": 6.4, "MAXMAGP2": 6.6, "utsu_bval2": 0.0, "utsu_aval": 0.0, "utsu_Minfl": 0.0, "Shape_Leng": 5.1413451075100003, "Shape_Area": 0.83331900774900003 }, "geometry": { "type": "Polygon", "coordinates": [ [ [ 26.146363566125729, 41.249474322382127 ], [ 25.45629288600793, 41.364102551591543 ], [ 24.501914515142801, 41.522635156986951 ], [ 23.851899999585385, 42.029400000309806 ], [ 24.137565086159839, 42.150216130869808 ], [ 26.102600000389771, 41.523399999810181 ], [ 26.146363566125729, 41.249474322382127 ] ] ] } },
{ "type": "Feature", "properties": { "ZONE_ID": "BGAS052", "areakm2": 6650.5337002099996, "tctCluster": "Shallow Default", "CSZ_ID": "SZ17", "TECTO_ID": "TSZ023", "magScaleRe": "WC1994", "SS": 20.0, "NF": 60.0, "TF": 20.0, "MINDEPTH": 0.0, "MAXDEPTH": 20.0, "HYPODEPTH1": 2.0, "HYPODEPTH2": 10.0, "HYPODEPTH3": 18.0, "WHDEPTH1": 0.1, "WHDEPTH2": 0.4, "WHDEPTH3": 0.5, "WMAXMAG01": 0.5, "WMAXMAG02": 0.4, "WMAXMAG03": 0.1, "MAXMAG01": 7.3, "MAXMAG02": 7.6, "MAXMAG03": 7.9, "STRIKE1": 79.33825, "STRIKE2": 107.218621, "STRIKE3": 229.734133, "STRIKE4": 303.919385, "DIP1": 57.634, "DIP2": 57.998, "DIP3": 55.7506, "DIP4": 55.537077, "aspRatio": 1.0, "mfd_bin": 0.2, "a_val": 2.89, "a_hi": 2.9898467823, "a_mid": 2.8899757875800001, "a_lo": 2.7901047928599998, "sigma_a": 0.16578943117100001, "b_val": 0.89, "b_hi": 0.95335181660199997, "b_mid": 0.89, "b_lo": 0.82664818339799995, "sigma_b": 0.039529315350600003, "cum_cov_ab": 0.054321, "MCORNERP1": 6.2, "MCORNERP2": 6.4, "MCORNERP3": 6.6, "MAXMAGP1": 6.4, "MAXMAGP2": 6.6, "utsu_bval2": 0.0, "utsu_aval": 0.0, "utsu_Minfl": 0.0, "Shape_Leng": 3.56169300544, "Shape_Area": 0.53667835072500003 }, "geometry": { "type": "Polygon", "coordinates": [ [ [ 24.501914515142801, 41.522635156986951 ], [ 23.571982552153088, 41.366510724690272 ], [ 22.879216999564903, 41.618406000436607 ], [ 23.352132148879605, 41.788292057432557 ], [ 23.851899999585385, 42.029400000309806 ], [ 24.501914515142801, 41.522635156986951 ] ] ] } },
{ "type": "Feature", "properties": { "ZONE_ID": "BGAS055", "areakm2": 10365.6278439, "tctCluster": "Shallow Default", "CSZ_ID": "SZ17", "TECTO_ID": "TSZ023", "magScaleRe": "WC1994", "SS": 20.0, "NF": 60.0, "TF": 20.0, "MINDEPTH": 0.0, "MAXDEPTH": 20.0, "HYPODEPTH1": 2.0, "HYPODEPTH2": 10.0, "HYPODEPTH3": 18.0, "WHDEPTH1": 0.1, "WHDEPTH2": 0.4, "WHDEPTH3": 0.5, "WMAXMAG01": 0.5, "WMAXMAG02": 0.4, "WMAXMAG03": 0.1, "MAXMAG01": 7.3, "MAXMAG02": 7.6, "MAXMAG03": 7.9, "STRIKE1": 79.33825, "STRIKE2": 107.218621, "STRIKE3": 229.734133, "STRIKE4": 303.919385, "DIP1": 57.634, "DIP2": 57.998, "DIP3": 55.7506, "DIP4": 55.537077, "aspRatio": 1.0, "mfd_bin": 0.2, "a_val": 2.85, "a_hi": 2.9020575023699999, "a_mid": 2.8501205328600001, "a_lo": 2.7981835633499998, "sigma_a": 0.093247335163599995, "b_val": 0.8, "b_hi": 0.84497784604399995, "b_mid": 0.8, "b_lo": 0.75502215395600003, "sigma_b": 0.019925005689900001, "cum_cov_ab": 0.054321, "MCORNERP1": 6.8, "MCORNERP2": 7.0, "MCORNERP3": 7.2, "MAXMAGP1": 7.0, "MAXMAGP2": 7.2, "utsu_bval2": 0.0, "utsu_aval": 0.0, "utsu_Minfl": 0.0, "Shape_Leng": 4.348447052, "Shape_Area": 0.83647543198800001 }, "geometry": { "type": "Polygon", "coordinates": [ [ [ 22.879216999564903, 41.618406000436607 ], [ 22.154924716202743, 41.871741051208573 ], [ 22.963633607205281, 42.459319784780291 ], [ 23.614688517860884, 42.287892869860116 ], [ 24.137565086159839, 42.150216130869808 ], [ 23.851899999585385, 42.029400000309806 ], [ 23.352132148879605, 41.788292057432557 ], [ 22.879216999564903, 41.618406000436607 ] ] ] } },
{ "type": "Feature", "properties": { "ZONE_ID": "BGAS056", "areakm2": 15070.560929900001, "tctCluster": "Shallow Default", "CSZ_ID": "SZ17", "TECTO_ID": "TSZ022", "magScaleRe": "WC1994", "SS": 20.0, "NF": 60.0, "TF": 20.0, "MINDEPTH": 0.0, "MAXDEPTH": 14.0, "HYPODEPTH1": 2.0, "HYPODEPTH2": 8.0, "HYPODEPTH3": 10.0, "WHDEPTH1": 0.1, "WHDEPTH2": 0.4, "WHDEPTH3": 0.5, "WMAXMAG01": 0.5, "WMAXMAG02": 0.4, "WMAXMAG03": 0.1, "MAXMAG01": 7.3, "MAXMAG02": 7.6, "MAXMAG03": 7.9, "STRIKE1": 54.4015, "STRIKE2": 110.194375, "STRIKE3": 0.0, "STRIKE4": 298.642235, "DIP1": 50.736398, "DIP2": 57.71475, "DIP3": 0.0, "DIP4": 66.256294, "aspRatio": 1.0, "mfd_bin": 0.2, "a_val": 2.36, "a_hi": 2.3657120481899998, "a_mid": 2.3598245648199998, "a_lo": 2.3539370814399998, "sigma_a": 0.01, "b_val": 0.73, "b_hi": 0.76186393639600003, "b_mid": 0.73, "b_lo": 0.69813606360400005, "sigma_b": 0.01, "cum_cov_ab": 0.054321, "MCORNERP1": 6.8, "MCORNERP2": 7.0, "MCORNERP3": 7.2, "MAXMAGP1": 7.0, "MAXMAGP2": 7.2, "utsu_bval2": 0.0, "utsu_aval": 0.0, "utsu_Minfl": 0.0, "Shape_Leng": 5.210721014, "Shape_Area": 1.21614958347 }, "geometry": { "type": "Polygon", "coordinates": [ [ [ 22.78197116993357, 42.975885565666374 ], [ 22.420997265311598, 43.30149422797632 ], [ 22.259584132301939, 43.454515013557057 ], [ 22.170000000399739, 43.870000000199923 ], [ 22.989209769515298, 43.479551838946236 ], [ 24.036908822284374, 42.922159500060957 ], [ 23.763797281319512, 42.523952633906958 ], [ 23.614688517860884, 42.287892869860116 ], [ 22.963633607205281, 42.459319784780291 ], [ 22.78197116993357, 42.975885565666374 ] ] ] } },
{ "type": "Feature", "properties": { "ZONE_ID": "BGAS057", "areakm2": 14451.1865495, "tctCluster": "Shallow Default", "CSZ_ID": "SZ23", "TECTO_ID": "TSZ101", "magScaleRe": "WC1994", "SS": 20.0, "NF": 60.0, "TF": 20.0, "MINDEPTH": 0.0, "MAXDEPTH": 20.0, "HYPODEPTH1": 2.0, "HYPODEPTH2": 10.0, "HYPODEPTH3": 18.0, "WHDEPTH1": 0.1, "WHDEPTH2": 0.4, "WHDEPTH3": 0.5, "WMAXMAG01": 0.5, "WMAXMAG02": 0.4, "WMAXMAG03": 0.1, "MAXMAG01": 7.3, "MAXMAG02": 7.6, "MAXMAG03": 7.9, "STRIKE1": 79.33825, "STRIKE2": 107.218621, "STRIKE3": 229.734133, "STRIKE4": 303.919385, "DIP1": 57.634, "DIP2": 57.998, "DIP3": 55.7506, "DIP4": 55.537077, "aspRatio": 1.0, "mfd_bin": 0.2, "a_val": 3.18, "a_hi": 3.2458437287200002, "a_mid": 3.18026231714, "a_lo": 3.1146809055600002, "sigma_a": 0.11174482044800001, "b_val": 0.87, "b_hi": 0.91947502234800005, "b_mid": 0.87, "b_lo": 0.82052497765200005, "sigma_b": 0.024108664044599999, "cum_cov_ab": 0.054321, "MCORNERP1": 6.8, "MCORNERP2": 7.0, "MCORNERP3": 7.2, "MAXMAGP1": 7.0, "MAXMAGP2": 7.2, "utsu_bval2": 0.0, "utsu_aval": 0.0, "utsu_Minfl": 0.0, "Shape_Leng": 4.49800189728, "Shape_Area": 1.1661679058700001 }, "geometry": { "type": "Polygon", "coordinates": [ [ [ 21.738718000235565, 42.773206000056916 ], [ 22.78197116993357, 42.975885565666374 ], [ 22.963633607205281, 42.459319784780291 ], [ 22.154924716202743, 41.871741051208573 ], [ 21.377545351736671, 42.1309527488703 ], [ 21.213102027736454, 42.269887796784474 ], [ 21.14237418621974, 42.36152571763779 ], [ 21.443869740196419, 42.486784226610837 ], [ 21.738718000235565, 42.773206000056916 ] ] ] } },
{ "type": "Feature", "properties": { "ZONE_ID": "BGAS058", "areakm2": 31537.823720699998, "tctCluster": "Shallow Default", "CSZ_ID": "SZ17", "TECTO_ID": "TSZ022", "magScaleRe": "WC1994", "SS": 20.0, "NF": 60.0, "TF": 20.0, "MINDEPTH": 0.0, "MAXDEPTH": 20.0, "HYPODEPTH1": 2.0, "HYPODEPTH2": 10.0, "HYPODEPTH3": 18.0, "WHDEPTH1": 0.1, "WHDEPTH2": 0.4, "WHDEPTH3": 0.5, "WMAXMAG01": 0.5, "WMAXMAG02": 0.4, "WMAXMAG03": 0.1, "MAXMAG01": 7.3, "MAXMAG02": 7.6, "MAXMAG03": 7.9, "STRIKE1": 77.465197, "STRIKE2": 101.129108, "STRIKE3": 267.72425, "STRIKE4": 293.628773, "DIP1": 47.117239, "DIP2": 47.713923, "DIP3": 47.586667, "DIP4": 48.9255, "aspRatio": 1.0, "mfd_bin": 0.2, "a_val": 2.01, "a_hi": 2.0187811516499998, "a_mid": 2.0101600858, "a_lo": 2.0015390199600001, "sigma_a": 0.02, "b_val": 0.73, "b_hi": 0.77506241100200002, "b_mid": 0.73, "b_lo": 0.68493758899799995, "sigma_b": 0.02, "cum_cov_ab": 0.104072587354, "MCORNERP1": 6.0, "MCORNERP2": 6.2, "MCORNERP3": 6.4, "MAXMAGP1": 6.4, "MAXMAGP2": 6.6, "utsu_bval2": 0.0, "utsu_aval": 0.0, "utsu_Minfl": 0.0, "Shape_Leng": 9.8503863771399995, "Shape_Area": 2.5450088651999998 }, "geometry": { "type": "Polygon", "coordinates": [ [ [ 26.057106577906268, 42.797302657991338 ], [ 26.872218959337545, 42.756969852077077 ], [ 28.221563197083924, 42.630506344192497 ], [ 28.268093839159405, 42.001412059518998 ], [ 26.529133194341512, 42.093000979012004 ], [ 25.521221766771191, 42.281300144985778 ], [ 24.765290571202968, 42.367922069248152 ], [ 23.763797281319512, 42.523952633906958 ], [ 24.036908822284374, 42.922159500060957 ], [ 25.186954254635168, 42.840358909636052 ], [ 26.057106577906268, 42.797302657991338 ] ] ] } },
{ "type": "Feature", "properties": { "ZONE_ID": "BYAS061", "areakm2": 551160.68048700003, "tctCluster": "Craton", "CSZ_ID": "SZ31", "TECTO_ID": "TSZ026", "magScaleRe": "WC1994", "SS": 33.0, "NF": 33.0, "TF": 34.0, "MINDEPTH": 0.0, "MAXDEPTH": 25.0, "HYPODEPTH1": 8.0, "HYPODEPTH2": 10.0, "HYPODEPTH3": 15.0, "WHDEPTH1": 0.1, "WHDEPTH2": 0.4, "WHDEPTH3": 0.5, "WMAXMAG01": 0.5, "WMAXMAG02": 0.4, "WMAXMAG03": 0.1, "MAXMAG01": 6.3, "MAXMAG02": 6.6, "MAXMAG03": 6.9, "STRIKE1": 0.0, "STRIKE2": 0.0, "STRIKE3": 0.0, "STRIKE4": 0.0, "DIP1": 89.99, "DIP2": 0.0, "DIP3": 0.0, "DIP4": 0.0, "aspRatio": 1.0, "mfd_bin": 0.2, "a_val": 1.987, "a_hi": 1.9929948426299999, "a_mid": 1.98712865691, "a_lo": 1.98126247119, "sigma_a": 0.01, "b_val": 1.0, "b_hi": 1.0318639364, "b_mid": 1.0, "b_lo": 0.96813606360399995, "sigma_b": 0.01, "cum_cov_ab": 0.054321, "MCORNERP1": 6.0, "MCORNERP2": 6.2, "MCORNERP3": 6.4, "MAXMAGP1": 5.6, "MAXMAGP2": 5.6, "utsu_bval2": 0.0, "utsu_aval": 0.0, "utsu_Minfl": 0.0, "Shape_Leng": 33.997020840399998, "Shape_Area": 44.477032706400003 }, "geometry": { "type": "Polygon", "coordinates": [ [ [ 22.310000000299851, 56.12 ], [ 28.200000000399768, 55.269999999900108 ], [ 30.980871000296474, 52.007137999619033 ], [ 24.120000000099992, 50.415000000249847 ], [ 23.054, 51.09399999990012 ], [ 22.378999999550388, 51.755999999800224 ], [ 20.719999999700292, 52.216999999850145 ], [ 20.064000000399744, 52.648999999850162 ], [ 17.821559000047841, 53.607613000339768 ], [ 15.788468999744566, 54.288083000330232 ], [ 17.642199999930085, 54.755736999662872 ], [ 19.656411000167566, 54.633632000316595 ], [ 21.18000000039973, 54.519999999600373 ], [ 22.310000000299851, 56.12 ] ] ] } },
{ "type": "Feature", "properties": { "ZONE_ID": "CHAS062", "areakm2": 3716.4636460800002, "tctCluster": "Shallow Default", "CSZ_ID": "SZ02", "TECTO_ID": "TSZ098", "magScaleRe": "WC1994", "SS": 70.0, "NF": 25.0, "TF": 5.0, "MINDEPTH": 6.0, "MAXDEPTH": 12.0, "HYPODEPTH1": 7.0, "HYPODEPTH2": 8.0, "HYPODEPTH3": 10.0, "WHDEPTH1": 0.3, "WHDEPTH2": 0.6, "WHDEPTH3": 0.1, "WMAXMAG01": 0.5, "WMAXMAG02": 0.4, "WMAXMAG03": 0.1, "MAXMAG01": 6.6, "MAXMAG02": 6.9, "MAXMAG03": 7.2, "STRIKE1": 50.111026, "STRIKE2": 0.0, "STRIKE3": 0.0, "STRIKE4": 0.0, "DIP1": 60.609308, "DIP2": 0.0, "DIP3": 0.0, "DIP4": 0.0, "aspRatio": 1.0, "mfd_bin": 0.2, "a_val": 2.16, "a_hi": 2.1630399406, "a_mid": 2.16034257452, "a_lo": 2.15764520844, "sigma_a": 0.01, "b_val": 0.8, "b_hi": 0.83186393639599998, "b_mid": 0.8, "b_lo": 0.768136063604, "sigma_b": 0.01, "cum_cov_ab": 0.119936767299, "MCORNERP1": 6.0, "MCORNERP2": 6.2, "MCORNERP3": 6.4, "MAXMAGP1": 6.2, "MAXMAGP2": 6.4, "utsu_bval2": 0.0, "utsu_aval": 0.0, "utsu_Minfl": 0.0, "Shape_Leng": 2.8641576989800002, "Shape_Area": 0.29990759714499998 }, "geometry": { "type": "Polygon", "coordinates": [ [ [ 6.531199999580338, 45.990300000444734 ], [ 6.796553000220854, 46.180791999551218 ], [ 7.404614000235995, 46.471333999864271 ], [ 7.756516317474109, 46.432529781524238 ], [ 7.707316583793329, 46.316056942074283 ], [ 7.248714000051109, 46.123317000279371 ], [ 6.92879999962031, 45.925568000163139 ], [ 6.798039000399569, 45.799735999816619 ], [ 6.690018742271207, 45.870011780019695 ], [ 6.531199999580338, 45.990300000444734 ] ] ] } },
{ "type": "Feature", "properties": { "ZONE_ID": "CHAS063", "areakm2": 7280.4120685600001, "tctCluster": "Shallow Default", "CSZ_ID": "SZ02", "TECTO_ID": "TSZ098", "magScaleRe": "WC1994", "SS": 70.0, "NF": 25.0, "TF": 5.0, "MINDEPTH": 6.0, "MAXDEPTH": 12.0, "HYPODEPTH1": 7.0, "HYPODEPTH2": 8.0, "HYPODEPTH3": 10.0, "WHDEPTH1": 0.3, "WHDEPTH2": 0.6, "WHDEPTH3": 0.1, "WMAXMAG01": 0.5, "WMAXMAG02": 0.4, "WMAXMAG03": 0.1, "MAXMAG01": 6.6, "MAXMAG02": 6.9, "MAXMAG03": 7.2, "STRIKE1": 71.7695, "STRIKE2": 94.786667, "STRIKE3": 0.0, "STRIKE4": 0.0, "DIP1": 60.708, "DIP2": 61.537222, "DIP3": 0.0, "DIP4": 0.0, "aspRatio": 1.0, "mfd_bin": 0.2, "a_val": 2.8, "a_hi": 2.7771743146199999, "a_mid": 2.8000397661799998, "a_lo": 2.8229052177399998, "sigma_a": 0.01, "b_val": 0.92, "b_hi": 0.95186393639599998, "b_mid": 0.92, "b_lo": 0.88813606360399999, "sigma_b": 0.01, "cum_cov_ab": 0.054321, "MCORNERP1": 6.4, "MCORNERP2": 6.6, "MCORNERP3": 6.8, "MAXMAGP1": 6.6, "MAXMAGP2": 6.6, "utsu_bval2": 0.0, "utsu_aval": 0.0, "utsu_Minfl": 0.0, "Shape_Leng": 4.5329124891100001, "Shape_Area": 0.58750766734100002 }, "geometry": { "type": "Polygon", "coordinates": [ [ [ 7.707316583793329, 46.316056942074283 ], [ 7.756516317474109, 46.432529781524238 ], [ 8.249999999800195, 46.49 ], [ 8.369293037643615, 46.374552224905301 ], [ 7.998287535541408, 46.034895062257362 ], [ 7.302256673206955, 45.840104123006938 ], [ 6.984382868474654, 45.622611519106385 ], [ 6.706062012651785, 45.332241783031918 ], [ 6.649653464535788, 45.68455255255833 ], [ 6.690018742271207, 45.870011780019695 ], [ 6.798039000399569, 45.799735999816619 ], [ 6.92879999962031, 45.925568000163139 ], [ 7.248714000051109, 46.123317000279371 ], [ 7.707316583793329, 46.316056942074283 ] ] ] } },
{ "type": "Feature", "properties": { "ZONE_ID": "CHAS064", "areakm2": 3897.7019865900002, "tctCluster": "Shallow Default", "CSZ_ID": "SZ02", "TECTO_ID": "TSZ089", "magScaleRe": "WC1994", "SS": 70.0, "NF": 25.0, "TF": 5.0, "MINDEPTH": 6.0, "MAXDEPTH": 12.0, "HYPODEPTH1": 7.0, "HYPODEPTH2": 8.0, "HYPODEPTH3": 10.0, "WHDEPTH1": 0.3, "WHDEPTH2": 0.6, "WHDEPTH3": 0.1, "WMAXMAG01": 0.5, "WMAXMAG02": 0.4, "WMAXMAG03": 0.1, "MAXMAG01": 6.6, "MAXMAG02": 6.9, "MAXMAG03": 7.2, "STRIKE1": 0.0, "STRIKE2": 0.0, "STRIKE3": 0.0, "STRIKE4": 0.0, "DIP1": 89.99, "DIP2": 0.0, "DIP3": 0.0, "DIP4": 0.0, "aspRatio": 1.0, "mfd_bin": 0.2, "a_val": 2.62, "a_hi": 2.6289334588700002, "a_mid": 2.6200313781700002, "a_lo": 2.6111292974800002, "sigma_a": 0.02, "b_val": 0.98, "b_hi": 1.0118639364, "b_mid": 0.98, "b_lo": 0.94813606360400005, "sigma_b": 0.01, "cum_cov_ab": 0.054321, "MCORNERP1": 6.2, "MCORNERP2": 6.4, "MCORNERP3": 6.6, "MAXMAGP1": 6.2, "MAXMAGP2": 6.2, "utsu_bval2": 0.0, "utsu_aval": 0.0, "utsu_Minfl": 0.0, "Shape_Leng": 2.4067720138, "Shape_Area": 0.28069974034700002 }, "geometry": { "type": "Polygon", "coordinates": [ [ [ 9.469999999700292, 46.40999999980022 ], [ 9.41, 46.47000000039975 ], [ 9.345004082872151, 46.762400188917638 ], [ 9.254637225127908, 46.938364542389763 ], [ 9.823629751811666, 46.995430683779091 ], [ 10.189968521630021, 46.909990074782172 ], [ 9.469999999700292, 46.40999999980022 ] ] ] } },
{ "type": "Feature", "properties": { "ZONE_ID": "CHAS065", "areakm2": 6675.88865386, "tctCluster": "Shallow Default", "CSZ_ID": "SZ02", "TECTO_ID": "TSZ089", "magScaleRe": "WC1994", "SS": 70.0, "NF": 25.0, "TF": 5.0, "MINDEPTH": 6.0, "MAXDEPTH": 12.0, "HYPODEPTH1": 7.0, "HYPODEPTH2": 8.0, "HYPODEPTH3": 10.0, "WHDEPTH1": 0.3, "WHDEPTH2": 0.6, "WHDEPTH3": 0.1, "WMAXMAG01": 0.5, "WMAXMAG02": 0.4, "WMAXMAG03": 0.1, "MAXMAG01": 6.6, "MAXMAG02": 6.9, "MAXMAG03": 7.2, "STRIKE1": 0.0, "STRIKE2": 0.0, "STRIKE3": 0.0, "STRIKE4": 0.0, "DIP1": 89.99, "DIP2": 0.0, "DIP3": 0.0, "DIP4": 0.0, "aspRatio": 1.0, "mfd_bin": 0.2, "a_val": 2.785, "a_hi": 2.9002345256900002, "a_mid": 2.7853581425699998, "a_lo": 2.6704817594599999, "sigma_a": 0.21519679984000001, "b_val": 0.99, "b_hi": 1.06228654151, "b_mid": 0.99, "b_lo": 0.91771345849499997, "sigma_b": 0.051465481523199998, "cum_cov_ab": 0.054321, "MCORNERP1": 6.0, "MCORNERP2": 6.2, "MCORNERP3": 6.4, "MAXMAGP1": 6.2, "MAXMAGP2": 6.2, "utsu_bval2": 0.0, "utsu_aval": 0.0, "utsu_Minfl": 0.0, "Shape_Leng": 2.9725339695400002, "Shape_Area": 0.53872442035300006 }, "geometry": { "type": "Polygon", "coordinates": [ [ [ 9.469999999700292, 46.40999999980022 ], [ 10.189968521630021, 46.909990074782172 ], [ 10.660000000199886, 46.679999999800202 ], [ 10.543654361759422, 46.428033500445736 ], [ 10.340454441219549, 46.221068293866722 ], [ 9.662399999560364, 46.15009999971528 ], [ 9.469999999700292, 46.40999999980022 ] ] ] } },
{ "type": "Feature", "properties": { "ZONE_ID": "CHAS066", "areakm2": 3621.4417591599999, "tctCluster": "Shallow Default", "CSZ_ID": "SZ02", "TECTO_ID": "TSZ091", "magScaleRe": "WC1994", "SS": 70.0, "NF": 25.0, "TF": 5.0, "MINDEPTH": 6.0, "MAXDEPTH": 12.0, "HYPODEPTH1": 7.0, "HYPODEPTH2": 8.0, "HYPODEPTH3": 10.0, "WHDEPTH1": 0.3, "WHDEPTH2": 0.6, "WHDEPTH3": 0.1, "WMAXMAG01": 0.5, "WMAXMAG02": 0.4, "WMAXMAG03": 0.1, "MAXMAG01": 6.6, "MAXMAG02": 6.9, "MAXMAG03": 7.2, "STRIKE1": 0.0, "STRIKE2": 0.0, "STRIKE3": 0.0, "STRIKE4": 0.0, "DIP1": 89.99, "DIP2": 0.0, "DIP3": 0.0, "DIP4": 0.0, "aspRatio": 1.0, "mfd_bin": 0.2, "a_val": 1.478, "a_hi": 1.5319025185199999, "a_mid": 1.4780714776899999, "a_lo": 1.4242404368699999, "sigma_a": 0.061423452801700001, "b_val": 1.02, "b_hi": 1.12227528547, "b_mid": 1.02, "b_lo": 0.917724714527, "sigma_b": 0.103024982103, "cum_cov_ab": 0.054321, "MCORNERP1": 6.0, "MCORNERP2": 6.2, "MCORNERP3": 6.4, "MAXMAGP1": 5.0, "MAXMAGP2": 5.0, "utsu_bval2": 0.0, "utsu_aval": 0.0, "utsu_Minfl": 0.0, "Shape_Leng": 2.4042131740500001, "Shape_Area": 0.29223961202199999 }, "geometry": { "type": "Polygon", "coordinates": [ [ [ 7.88, 46.880000000299844 ], [ 7.539999999600354, 46.800000000099999 ], [ 7.49900901405482, 47.149007275565396 ], [ 8.090000000299824, 47.330000000299833 ], [ 8.339999999800227, 47.319999999600327 ], [ 8.439999999600332, 47.12 ], [ 8.209999999700301, 47.049999999600345 ], [ 7.88, 46.880000000299844 ] ] ] } },
{ "type": "Feature", "properties": { "ZONE_ID": "CHAS067", "areakm2": 10480.929882799999, "tctCluster": "Shallow Default", "CSZ_ID": "SZ02", "TECTO_ID": "TSZ091", "magScaleRe": "WC1994", "SS": 70.0, "NF": 25.0, "TF": 5.0, "MINDEPTH": 6.0, "MAXDEPTH": 12.0, "HYPODEPTH1": 7.0, "HYPODEPTH2": 8.0, "HYPODEPTH3": 10.0, "WHDEPTH1": 0.3, "WHDEPTH2": 0.6, "WHDEPTH3": 0.1, "WMAXMAG01": 0.5, "WMAXMAG02": 0.4, "WMAXMAG03": 0.1, "MAXMAG01": 6.6, "MAXMAG02": 6.9, "MAXMAG03": 7.2, "STRIKE1": 0.0, "STRIKE2": 0.0, "STRIKE3": 0.0, "STRIKE4": 0.0, "DIP1": 89.99, "DIP2": 0.0, "DIP3": 0.0, "DIP4": 0.0, "aspRatio": 1.0, "mfd_bin": 0.2, "a_val": 3.405, "a_hi": 3.4091652435199999, "a_mid": 3.40544053693, "a_lo": 3.4017158303400001, "sigma_a": 0.01, "b_val": 1.1, "b_hi": 1.1318639364, "b_mid": 1.1, "b_lo": 1.0681360636, "sigma_b": 0.01, "cum_cov_ab": 0.084957993568199996, "MCORNERP1": 6.0, "MCORNERP2": 6.2, "MCORNERP3": 6.4, "MAXMAGP1": 6.2, "MAXMAGP2": 6.2, "utsu_bval2": 0.0, "utsu_aval": 0.0, "utsu_Minfl": 0.0, "Shape_Leng": 3.8170782760700002, "Shape_Area": 0.84577996527599997 }, "geometry": { "type": "Polygon", "coordinates": [ [ [ 6.354996000165329, 46.211873000238825 ], [ 6.304309500982754, 46.519538725431914 ], [ 6.33413400038387, 46.876803000358223 ], [ 6.34700100019603, 46.967473999825302 ], [ 7.009145338586563, 47.369339246908794 ], [ 7.181158862391612, 47.441254743911372 ], [ 7.49900901405482, 47.149007275565396 ], [ 7.533134000433847, 46.814007000322874 ], [ 7.087153403406887, 46.607648581616786 ], [ 6.670246999599385, 46.414742999989528 ], [ 6.354996000165329, 46.211873000238825 ] ] ] } },
{ "type": "Feature", "properties": { "ZONE_ID": "CHAS068", "areakm2": 3882.44165729, "tctCluster": "Shallow Default", "CSZ_ID": "SZ02", "TECTO_ID": "TSZ091", "magScaleRe": "WC1994", "SS": 70.0, "NF": 25.0, "TF": 5.0, "MINDEPTH": 6.0, "MAXDEPTH": 12.0, "HYPODEPTH1": 7.0, "HYPODEPTH2": 8.0, "HYPODEPTH3": 10.0, "WHDEPTH1": 0.3, "WHDEPTH2": 0.6, "WHDEPTH3": 0.1, "WMAXMAG01": 0.5, "WMAXMAG02": 0.4, "WMAXMAG03": 0.1, "MAXMAG01": 6.6, "MAXMAG02": 6.9, "MAXMAG03": 7.2, "STRIKE1": 0.0, "STRIKE2": 0.0, "STRIKE3": 0.0, "STRIKE4": 0.0, "DIP1": 89.99, "DIP2": 0.0, "DIP3": 0.0, "DIP4": 0.0, "aspRatio": 1.0, "mfd_bin": 0.2, "a_val": 1.9, "a_hi": 1.90598038934, "a_mid": 1.90004624032, "a_lo": 1.89411209129, "sigma_a": 0.01, "b_val": 1.02, "b_hi": 1.0518639364, "b_mid": 1.02, "b_lo": 0.98813606360399997, "sigma_b": 0.01, "cum_cov_ab": 0.054321, "MCORNERP1": 6.0, "MCORNERP2": 6.2, "MCORNERP3": 6.4, "MAXMAGP1": 5.4, "MAXMAGP2": 5.4, "utsu_bval2": 0.0, "utsu_aval": 0.0, "utsu_Minfl": 0.0, "Shape_Leng": 2.3688729300100002, "Shape_Area": 0.313301530336 }, "geometry": { "type": "Polygon", "coordinates": [ [ [ 5.888999999950101, 46.17630000014492 ], [ 5.882599999790216, 46.615600000439713 ], [ 6.33413400038387, 46.876803000358223 ], [ 6.304309500982754, 46.519538725431914 ], [ 6.354996000165329, 46.211873000238825 ], [ 6.118491511474133, 45.913045858879343 ], [ 5.987711310828388, 46.008942328625608 ], [ 5.888999999950101, 46.17630000014492 ] ] ] } },
{ "type": "Feature", "properties": { "ZONE_ID": "CHAS069", "areakm2": 9703.7030617300006, "tctCluster": "Shallow Default", "CSZ_ID": "SZ02", "TECTO_ID": "TSZ098", "magScaleRe": "WC1994", "SS": 70.0, "NF": 25.0, "TF": 5.0, "MINDEPTH": 6.0, "MAXDEPTH": 12.0, "HYPODEPTH1": 7.0, "HYPODEPTH2": 8.0, "HYPODEPTH3": 10.0, "WHDEPTH1": 0.3, "WHDEPTH2": 0.6, "WHDEPTH3": 0.1, "WMAXMAG01": 0.5, "WMAXMAG02": 0.4, "WMAXMAG03": 0.1, "MAXMAG01": 6.6, "MAXMAG02": 6.9, "MAXMAG03": 7.2, "STRIKE1": 0.0, "STRIKE2": 0.0, "STRIKE3": 0.0, "STRIKE4": 0.0, "DIP1": 89.99, "DIP2": 0.0, "DIP3": 0.0, "DIP4": 0.0, "aspRatio": 1.0, "mfd_bin": 0.2, "a_val": 2.45, "a_hi": 2.4544946432899999, "a_mid": 2.4495106176000001, "a_lo": 2.4445265919199999, "sigma_a": 0.01, "b_val": 0.9, "b_hi": 0.93186393639599996, "b_mid": 0.9, "b_lo": 0.86813606360399997, "sigma_b": 0.01, "cum_cov_ab": 0.063952221463400002, "MCORNERP1": 6.0, "MCORNERP2": 6.2, "MCORNERP3": 6.4, "MAXMAGP1": 6.2, "MAXMAGP2": 6.4, "utsu_bval2": 0.0, "utsu_aval": 0.0, "utsu_Minfl": 0.0, "Shape_Leng": 5.2652568651099996, "Shape_Area": 0.87230952191199995 }, "geometry": { "type": "Polygon", "coordinates": [ [ [ 7.88, 46.880000000299844 ], [ 8.209999999700301, 47.049999999600345 ], [ 8.439999999600332, 47.12 ], [ 9.015667089464671, 47.274479049768388 ], [ 9.257147415520876, 47.343760307492232 ], [ 9.701216999964629, 47.402688999697659 ], [ 9.999999999900126, 47.48 ], [ 10.218999999750224, 47.424000000399758 ], [ 9.976599999990071, 47.183199999780243 ], [ 9.823629751811666, 46.995430683779091 ], [ 9.254637225127908, 46.938364542389763 ], [ 9.006951045454457, 46.80399632557004 ], [ 8.481879275208428, 46.745188287309645 ], [ 7.960000000199898, 46.58 ], [ 7.88, 46.880000000299844 ] ] ] } },
{ "type": "Feature", "properties": { "ZONE_ID": "CHAS070", "areakm2": 11975.257212300001, "tctCluster": "Shallow Default", "CSZ_ID": "SZ02", "TECTO_ID": "TSZ089", "magScaleRe": "WC1994", "SS": 70.0, "NF": 25.0, "TF": 5.0, "MINDEPTH": 6.0, "MAXDEPTH": 12.0, "HYPODEPTH1": 7.0, "HYPODEPTH2": 8.0, "HYPODEPTH3": 10.0, "WHDEPTH1": 0.3, "WHDEPTH2": 0.6, "WHDEPTH3": 0.1, "WMAXMAG01": 0.5, "WMAXMAG02": 0.4, "WMAXMAG03": 0.1, "MAXMAG01": 6.6, "MAXMAG02": 6.9, "MAXMAG03": 7.2, "STRIKE1": 0.0, "STRIKE2": 0.0, "STRIKE3": 0.0, "STRIKE4": 0.0, "DIP1": 89.99, "DIP2": 0.0, "DIP3": 0.0, "DIP4": 0.0, "aspRatio": 1.0, "mfd_bin": 0.2, "a_val": 2.35, "a_hi": 2.3591547834700002, "a_mid": 2.3501913232899998, "a_lo": 2.3412278631, "sigma_a": 0.02, "b_val": 0.96, "b_hi": 0.99186393639600001, "b_mid": 0.96, "b_lo": 0.92813606360400003, "sigma_b": 0.01, "cum_cov_ab": 0.054321, "MCORNERP1": 6.0, "MCORNERP2": 6.2, "MCORNERP3": 6.4, "MAXMAGP1": 6.0, "MAXMAGP2": 6.2, "utsu_bval2": 0.0, "utsu_aval": 0.0, "utsu_Minfl": 0.0, "Shape_Leng": 5.3483366670099999, "Shape_Area": 0.91095154641499998 }, "geometry": { "type": "Polygon", "coordinates": [ [ [ 9.469999999700292, 46.40999999980022 ], [ 9.662399999560364, 46.15009999971528 ], [ 8.653387085046006, 46.080687732352999 ], [ 7.998287535541408, 46.034895062257362 ], [ 8.369293037643615, 46.374552224905301 ], [ 8.249999999800195, 46.49 ], [ 7.756516317474109, 46.432529781524238 ], [ 7.960000000199898, 46.58 ], [ 8.481879275208428, 46.745188287309645 ], [ 9.006951045454457, 46.80399632557004 ], [ 9.254637225127908, 46.938364542389763 ], [ 9.345004082872151, 46.762400188917638 ], [ 9.41, 46.47000000039975 ], [ 9.469999999700292, 46.40999999980022 ] ] ] } },
{ "type": "Feature", "properties": { "ZONE_ID": "CHAS071", "areakm2": 2030.2065118200001, "tctCluster": "Shallow Default", "CSZ_ID": "SZ02", "TECTO_ID": "TSZ091", "magScaleRe": "WC1994", "SS": 35.0, "NF": 50.0, "TF": 15.0, "MINDEPTH": 3.0, "MAXDEPTH": 17.0, "HYPODEPTH1": 4.0, "HYPODEPTH2": 10.0, "HYPODEPTH3": 15.0, "WHDEPTH1": 0.1, "WHDEPTH2": 0.4, "WHDEPTH3": 0.5, "WMAXMAG01": 0.5, "WMAXMAG02": 0.4, "WMAXMAG03": 0.1, "MAXMAG01": 6.9, "MAXMAG02": 7.2, "MAXMAG03": 7.5, "STRIKE1": 0.0, "STRIKE2": 0.0, "STRIKE3": 0.0, "STRIKE4": 0.0, "DIP1": 89.99, "DIP2": 0.0, "DIP3": 0.0, "DIP4": 0.0, "aspRatio": 1.0, "mfd_bin": 0.2, "a_val": 1.95, "a_hi": 1.95574354166, "a_mid": 1.9494747425800001, "a_lo": 1.94320594351, "sigma_a": 0.02, "b_val": 0.8, "b_hi": 0.83186393639599998, "b_mid": 0.8, "b_lo": 0.768136063604, "sigma_b": 0.01, "cum_cov_ab": 0.077774467052400001, "MCORNERP1": 6.6, "MCORNERP2": 6.8, "MCORNERP3": 7.0, "MAXMAGP1": 6.6, "MAXMAGP2": 6.8, "utsu_bval2": 0.0, "utsu_aval": 0.0, "utsu_Minfl": 0.0, "Shape_Leng": 1.63279616957, "Shape_Area": 0.16383164569600001 }, "geometry": { "type": "Polygon", "coordinates": [ [ [ 7.757154105877305, 47.425210308908675 ], [ 7.582129999899621, 47.399999999800229 ], [ 7.315103825880897, 47.450357800372217 ], [ 7.434934052164806, 47.720846751876138 ], [ 7.56470993851292, 47.799999999900137 ], [ 7.899999999600368, 47.799999999900137 ], [ 7.757154105877305, 47.425210308908675 ] ] ] } },
{ "type": "Feature", "properties": { "ZONE_ID": "CHAS072", "areakm2": 3090.6178294000001, "tctCluster": "Shallow Default", "CSZ_ID": "SZ02", "TECTO_ID": "TSZ091", "magScaleRe": "WC1994", "SS": 70.0, "NF": 25.0, "TF": 5.0, "MINDEPTH": 3.0, "MAXDEPTH": 20.0, "HYPODEPTH1": 6.0, "HYPODEPTH2": 10.0, "HYPODEPTH3": 14.0, "WHDEPTH1": 0.1, "WHDEPTH2": 0.4, "WHDEPTH3": 0.5, "WMAXMAG01": 0.5, "WMAXMAG02": 0.4, "WMAXMAG03": 0.1, "MAXMAG01": 6.6, "MAXMAG02": 6.9, "MAXMAG03": 7.2, "STRIKE1": 0.0, "STRIKE2": 0.0, "STRIKE3": 0.0, "STRIKE4": 0.0, "DIP1": 89.99, "DIP2": 0.0, "DIP3": 0.0, "DIP4": 0.0, "aspRatio": 1.0, "mfd_bin": 0.2, "a_val": 2.049, "a_hi": 2.0548113752299999, "a_mid": 2.0489159970399999, "a_lo": 2.04302061885, "sigma_a": 0.01, "b_val": 1.02, "b_hi": 1.0518639364, "b_mid": 1.02, "b_lo": 0.98813606360399997, "sigma_b": 0.01, "cum_cov_ab": 0.054321, "MCORNERP1": 6.6, "MCORNERP2": 6.8, "MCORNERP3": 7.0, "MAXMAGP1": 5.6, "MAXMAGP2": 5.6, "utsu_bval2": 0.0, "utsu_aval": 0.0, "utsu_Minfl": 0.0, "Shape_Leng": 2.81297561428, "Shape_Area": 0.24940369541099999 }, "geometry": { "type": "Polygon", "coordinates": [ [ [ 7.315103825880897, 47.450357800372217 ], [ 7.582129999899621, 47.399999999800229 ], [ 7.757154105877305, 47.425210308908675 ], [ 8.269000000050028, 47.658000000399738 ], [ 8.33, 47.610000000100001 ], [ 8.339999999800227, 47.319999999600327 ], [ 8.090000000299824, 47.330000000299833 ], [ 7.49900901405482, 47.149007275565396 ], [ 7.181158862391612, 47.441254743911372 ], [ 7.315103825880897, 47.450357800372217 ] ] ] } },
{ "type": "Feature", "properties": { "ZONE_ID": "CHAS073", "areakm2": 4964.4275173799997, "tctCluster": "Shallow Default", "CSZ_ID": "SZ02", "TECTO_ID": "TSZ091", "magScaleRe": "WC1994", "SS": 90.0, "NF": 10.0, "TF": 0.0, "MINDEPTH": 3.0, "MAXDEPTH": 17.0, "HYPODEPTH1": 4.0, "HYPODEPTH2": 10.0, "HYPODEPTH3": 15.0, "WHDEPTH1": 0.1, "WHDEPTH2": 0.4, "WHDEPTH3": 0.5, "WMAXMAG01": 0.5, "WMAXMAG02": 0.4, "WMAXMAG03": 0.1, "MAXMAG01": 6.6, "MAXMAG02": 6.9, "MAXMAG03": 7.2, "STRIKE1": 0.0, "STRIKE2": 0.0, "STRIKE3": 0.0, "STRIKE4": 0.0, "DIP1": 89.99, "DIP2": 0.0, "DIP3": 0.0, "DIP4": 0.0, "aspRatio": 1.0, "mfd_bin": 0.2, "a_val": 2.63, "a_hi": 2.7581152893500001, "a_mid": 2.6300244696599999, "a_lo": 2.5019336499799998, "sigma_a": 0.163334048506, "b_val": 1.023, "b_hi": 1.10375171418, "b_mid": 1.023, "b_lo": 0.94224828581599995, "sigma_b": 0.064225079045700004, "cum_cov_ab": 0.101882556869, "MCORNERP1": 6.0, "MCORNERP2": 6.2, "MCORNERP3": 6.4, "MAXMAGP1": 6.0, "MAXMAGP2": 6.0, "utsu_bval2": 0.0, "utsu_aval": 0.0, "utsu_Minfl": 0.0, "Shape_Leng": 3.2144057343600001, "Shape_Area": 0.40061458101399999 }, "geometry": { "type": "Polygon", "coordinates": [ [ [ 9.250999999850137, 47.554999999850168 ], [ 9.701216999964629, 47.402688999697659 ], [ 9.257147415520876, 47.343760307492232 ], [ 9.015667089464671, 47.274479049768388 ], [ 8.439999999600332, 47.12 ], [ 8.339999999800227, 47.319999999600327 ], [ 8.33, 47.610000000100001 ], [ 8.734000000199899, 47.633000000449726 ], [ 8.90099999965031, 47.62999999970026 ], [ 9.06733299981812, 47.604000000399765 ], [ 9.250999999850137, 47.554999999850168 ] ] ] } },
{ "type": "Feature", "properties": { "ZONE_ID": "CHAS074", "areakm2": 6602.4966096600001, "tctCluster": "Shallow Default", "CSZ_ID": "SZ02", "TECTO_ID": "TSZ098", "magScaleRe": "WC1994", "SS": 40.0, "NF": 40.0, "TF": 20.0, "MINDEPTH": 6.0, "MAXDEPTH": 12.0, "HYPODEPTH1": 7.0, "HYPODEPTH2": 12.0, "HYPODEPTH3": 10.0, "WHDEPTH1": 0.3, "WHDEPTH2": 0.6, "WHDEPTH3": 0.1, "WMAXMAG01": 0.5, "WMAXMAG02": 0.4, "WMAXMAG03": 0.1, "MAXMAG01": 6.6, "MAXMAG02": 6.9, "MAXMAG03": 7.2, "STRIKE1": 0.0, "STRIKE2": 0.0, "STRIKE3": 0.0, "STRIKE4": 0.0, "DIP1": 89.99, "DIP2": 0.0, "DIP3": 0.0, "DIP4": 0.0, "aspRatio": 1.0, "mfd_bin": 0.2, "a_val": 2.355, "a_hi": 2.36415696684, "a_mid": 2.3549680070300001, "a_lo": 2.3457790472100002, "sigma_a": 0.02, "b_val": 0.9, "b_hi": 0.93186393639599996, "b_mid": 0.9, "b_lo": 0.86813606360399997, "sigma_b": 0.01, "cum_cov_ab": 0.053058550291100001, "MCORNERP1": 6.0, "MCORNERP2": 6.2, "MCORNERP3": 6.4, "MAXMAGP1": 6.2, "MAXMAGP2": 6.2, "utsu_bval2": 0.0, "utsu_aval": 0.0, "utsu_Minfl": 0.0, "Shape_Leng": 4.39610440464, "Shape_Area": 0.53280189962799995 }, "geometry": { "type": "Polygon", "coordinates": [ [ [ 6.118491511474133, 45.913045858879343 ], [ 6.354996000165329, 46.211873000238825 ], [ 6.670246999599385, 46.414742999989528 ], [ 7.087153403406887, 46.607648581616786 ], [ 7.533134000433847, 46.814007000322874 ], [ 7.88, 46.880000000299844 ], [ 7.960000000199898, 46.58 ], [ 7.756516317474109, 46.432529781524238 ], [ 7.404614000235995, 46.471333999864271 ], [ 6.796553000220854, 46.180791999551218 ], [ 6.531199999580338, 45.990300000444734 ], [ 6.118491511474133, 45.913045858879343 ] ] ] } },
{ "type": "Feature", "properties": { "ZONE_ID": "CYAS074", "areakm2": 49204.337877899998, "tctCluster": "Shallow Default", "CSZ_ID": "SZ25", "TECTO_ID": "TSZ081", "magScaleRe": "WC1994", "SS": 50.0, "NF": 10.0, "TF": 40.0, "MINDEPTH": 0.0, "MAXDEPTH": 20.0, "HYPODEPTH1": 2.0, "HYPODEPTH2": 10.0, "HYPODEPTH3": 18.0, "WHDEPTH1": 0.1, "WHDEPTH2": 0.4, "WHDEPTH3": 0.5, "WMAXMAG01": 0.5, "WMAXMAG02": 0.4, "WMAXMAG03": 0.1, "MAXMAG01": 6.9, "MAXMAG02": 7.2, "MAXMAG03": 7.5, "STRIKE1": 0.0, "STRIKE2": 0.0, "STRIKE3": 0.0, "STRIKE4": 0.0, "DIP1": 89.99, "DIP2": 0.0, "DIP3": 0.0, "DIP4": 0.0, "aspRatio": 1.0, "mfd_bin": 0.2, "a_val": 3.83, "a_hi": 3.85229509312, "a_mid": 3.8300310951199998, "a_lo": 3.8077670971100002, "sigma_a": 0.02, "b_val": 0.9, "b_hi": 0.94506241100199995, "b_mid": 0.9, "b_lo": 0.85493758899799999, "sigma_b": 0.02, "cum_cov_ab": 0.0099019357682000007, "MCORNERP1": 6.0, "MCORNERP2": 6.2, "MCORNERP3": 6.4, "MAXMAGP1": 6.4, "MAXMAGP2": 6.6, "utsu_bval2": 0.0, "utsu_aval": 0.0, "utsu_Minfl": 0.0, "Shape_Leng": 9.3274688337799994, "Shape_Area": 3.9706441754599999 }, "geometry": { "type": "Polygon", "coordinates": [ [ [ 31.106412945900786, 34.750741753529155 ], [ 31.861582487641726, 35.452617442940664 ], [ 33.07040600003694, 35.106609000005392 ], [ 33.846431999936897, 35.124416000098392 ], [ 34.584221000099149, 35.336289000437091 ], [ 35.12688499974297, 34.184955999719648 ], [ 33.675922999646787, 33.89794100017707 ], [ 32.647152999611308, 34.07574899981654 ], [ 31.458924467490249, 34.480774278410252 ], [ 31.106412945900786, 34.750741753529155 ] ] ] } },
{ "type": "Feature", "properties": { "ZONE_ID": "CYAS075", "areakm2": 33440.7106719, "tctCluster": "Shallow Default", "CSZ_ID": "SZ25", "TECTO_ID": "TSZ081", "magScaleRe": "WC1994", "SS": 70.0, "NF": 0.0, "TF": 30.0, "MINDEPTH": 0.0, "MAXDEPTH": 20.0, "HYPODEPTH1": 2.0, "HYPODEPTH2": 10.0, "HYPODEPTH3": 18.0, "WHDEPTH1": 0.1, "WHDEPTH2": 0.4, "WHDEPTH3": 0.5, "WMAXMAG01": 0.5, "WMAXMAG02": 0.4, "WMAXMAG03": 0.1, "MAXMAG01": 6.9, "MAXMAG02": 7.2, "MAXMAG03": 7.5, "STRIKE1": 0.0, "STRIKE2": 0.0, "STRIKE3": 0.0, "STRIKE4": 0.0, "DIP1": 89.99, "DIP2": 0.0, "DIP3": 0.0, "DIP4": 0.0, "aspRatio": 1.0, "mfd_bin": 0.2, "a_val": 3.0, "a_hi": 3.0060039468099999, "a_mid": 3.00012594321, "a_lo": 2.9942479396000001, "sigma_a": 0.01, "b_val": 0.9, "b_hi": 0.93186393639599996, "b_mid": 0.9, "b_lo": 0.86813606360399997, "sigma_b": 0.01, "cum_cov_ab": 0.054321, "MCORNERP1": 6.0, "MCORNERP2": 6.2, "MCORNERP3": 6.4, "MAXMAGP1": 6.4, "MAXMAGP2": 6.4, "utsu_bval2": 0.0, "utsu_aval": 0.0, "utsu_Minfl": 0.0, "Shape_Leng": 7.5394286135900002, "Shape_Area": 2.69856619829 }, "geometry": { "type": "Polygon", "coordinates": [ [ [ 32.011496088573665, 36.05185123464679 ], [ 32.534082999630755, 36.152915000227154 ], [ 33.554315999883556, 36.081687999901305 ], [ 34.524467000052084, 36.265448999771593 ], [ 35.172903000373196, 35.587612999840132 ], [ 34.584221000099149, 35.336289000437091 ], [ 33.846431999936897, 35.124416000098392 ], [ 33.07040600003694, 35.106609000005392 ], [ 31.861582487641726, 35.452617442940664 ], [ 32.011496088573665, 36.05185123464679 ] ] ] } },
{ "type": "Feature", "properties": { "ZONE_ID": "CYAS076", "areakm2": 17690.336195799999, "tctCluster": "Shallow Default", "CSZ_ID": "SZ25", "TECTO_ID": "TSZ081", "magScaleRe": "WC1994", "SS": 50.0, "NF": 50.0, "TF": 0.0, "MINDEPTH": 0.0, "MAXDEPTH": 20.0, "HYPODEPTH1": 2.0, "HYPODEPTH2": 10.0, "HYPODEPTH3": 18.0, "WHDEPTH1": 0.1, "WHDEPTH2": 0.4, "WHDEPTH3": 0.5, "WMAXMAG01": 0.5, "WMAXMAG02": 0.4, "WMAXMAG03": 0.1, "MAXMAG01": 6.9, "MAXMAG02": 7.2, "MAXMAG03": 7.5, "STRIKE1": 0.0, "STRIKE2": 0.0, "STRIKE3": 0.0, "STRIKE4": 0.0, "DIP1": 89.99, "DIP2": 0.0, "DIP3": 0.0, "DIP4": 0.0, "aspRatio": 1.0, "mfd_bin": 0.2, "a_val": 2.71, "a_hi": 2.7938608686499999, "a_mid": 2.7097670814699999, "a_lo": 2.6256732942899998, "sigma_a": 0.157157499949, "b_val": 0.81, "b_hi": 0.870710116102, "b_mid": 0.81, "b_lo": 0.749289883898, "sigma_b": 0.036301391595600002, "cum_cov_ab": 0.054321, "MCORNERP1": 6.0, "MCORNERP2": 6.2, "MCORNERP3": 6.4, "MAXMAGP1": 6.4, "MAXMAGP2": 6.6, "utsu_bval2": 0.0, "utsu_aval": 0.0, "utsu_Minfl": 0.0, "Shape_Leng": 5.0795155167199999, "Shape_Area": 1.42755767889 }, "geometry": { "type": "Polygon", "coordinates": [ [ [ 35.12688499974297, 34.184955999719648 ], [ 34.584221000099149, 35.336289000437091 ], [ 35.172903000373196, 35.587612999840132 ], [ 35.794713999551504, 36.109799000323676 ], [ 35.940153000260807, 35.933469999640806 ], [ 35.984590999974728, 35.569027999842376 ], [ 36.07302999993459, 35.303062999757685 ], [ 36.056866000065895, 35.209465000209661 ], [ 35.70709320278911, 34.824139515826062 ], [ 35.12688499974297, 34.184955999719648 ] ] ] } },
{ "type": "Feature", "properties": { "ZONE_ID": "CZAS078", "areakm2": 1590.6283776499999, "tctCluster": "Shallow Default", "CSZ_ID": "SZ04", "TECTO_ID": "TSZ057", "magScaleRe": "WC1994", "SS": 90.0, "NF": 10.0, "TF": 0.0, "MINDEPTH": 5.0, "MAXDEPTH": 17.0, "HYPODEPTH1": 8.0, "HYPODEPTH2": 10.0, "HYPODEPTH3": 15.0, "WHDEPTH1": 0.1, "WHDEPTH2": 0.4, "WHDEPTH3": 0.5, "WMAXMAG01": 0.5, "WMAXMAG02": 0.4, "WMAXMAG03": 0.1, "MAXMAG01": 6.3, "MAXMAG02": 6.6, "MAXMAG03": 6.9, "STRIKE1": 0.0, "STRIKE2": 0.0, "STRIKE3": 0.0, "STRIKE4": 0.0, "DIP1": 89.99, "DIP2": 0.0, "DIP3": 0.0, "DIP4": 0.0, "aspRatio": 1.0, "mfd_bin": 0.2, "a_val": 2.43, "a_hi": 2.43416014648, "a_mid": 2.4303808796699999, "a_lo": 2.4266016128599999, "sigma_a": 0.02, "b_val": 0.9, "b_hi": 0.93186393639599996, "b_mid": 0.9, "b_lo": 0.86813606360399997, "sigma_b": 0.01, "cum_cov_ab": 0.12690844256299999, "MCORNERP1": 6.0, "MCORNERP2": 6.2, "MCORNERP3": 6.4, "MAXMAGP1": 6.2, "MAXMAGP2": 6.4, "utsu_bval2": 0.0, "utsu_aval": 0.0, "utsu_Minfl": 0.0, "Shape_Leng": 1.50735492241, "Shape_Area": 0.12835899366699999 }, "geometry": { "type": "Polygon", "coordinates": [ [ [ 12.561472092163399, 50.316105550530779 ], [ 12.581648116967074, 50.200943086254483 ], [ 12.097000000349794, 50.088000000399745 ], [ 12.064454374569777, 50.338195226528512 ], [ 12.532231000060676, 50.468291999975861 ], [ 12.561472092163399, 50.316105550530779 ] ] ] } },
{ "type": "Feature", "properties": { "ZONE_ID": "CZAS079", "areakm2": 7011.5042890599998, "tctCluster": "Shallow Default", "CSZ_ID": "SZ04", "TECTO_ID": "TSZ063", "magScaleRe": "WC1994", "SS": 90.0, "NF": 10.0, "TF": 0.0, "MINDEPTH": 5.0, "MAXDEPTH": 17.0, "HYPODEPTH1": 8.0, "HYPODEPTH2": 10.0, "HYPODEPTH3": 15.0, "WHDEPTH1": 0.1, "WHDEPTH2": 0.4, "WHDEPTH3": 0.5, "WMAXMAG01": 0.5, "WMAXMAG02": 0.4, "WMAXMAG03": 0.1, "MAXMAG01": 6.3, "MAXMAG02": 6.6, "MAXMAG03": 6.9, "STRIKE1": 0.0, "STRIKE2": 0.0, "STRIKE3": 0.0, "STRIKE4": 0.0, "DIP1": 89.99, "DIP2": 0.0, "DIP3": 0.0, "DIP4": 0.0, "aspRatio": 1.0, "mfd_bin": 0.2, "a_val": 1.67390874094, "a_hi": 1.72893890655, "a_mid": 1.6740203793799999, "a_lo": 1.61910185222, "sigma_a": 0.39872593969499998, "b_val": 1.05, "b_hi": 1.15040358193, "b_mid": 1.05, "b_lo": 0.94959641806799999, "sigma_b": 0.0992886396231, "cum_cov_ab": 0.054321, "MCORNERP1": 6.0, "MCORNERP2": 6.2, "MCORNERP3": 6.4, "MAXMAGP1": 5.0, "MAXMAGP2": 5.0, "utsu_bval2": 0.0, "utsu_aval": 0.0, "utsu_Minfl": 0.0, "Shape_Leng": 3.8172793930600002, "Shape_Area": 0.56580760670800001 }, "geometry": { "type": "Polygon", "coordinates": [ [ [ 13.004000000299811, 49.120999999850142 ], [ 12.846000000399727, 49.043000000149959 ], [ 12.595736192871072, 49.328408346468052 ], [ 12.296521485977848, 49.593484462937681 ], [ 11.931037750192047, 49.858560578507934 ], [ 11.667070577844925, 49.944139925017566 ], [ 12.097000000349794, 50.088000000399745 ], [ 12.581648116967074, 50.200943086254483 ], [ 12.614186093113744, 50.029065267448175 ], [ 12.742999999850156, 49.89099999975025 ], [ 12.881000000149925, 49.353000000249892 ], [ 13.004000000299811, 49.120999999850142 ] ] ] } },
{ "type": "Feature", "properties": { "ZONE_ID": "DEA9080", "areakm2": 23959.297554699999, "tctCluster": "Shallow Default", "CSZ_ID": "SZ01", "TECTO_ID": "TSZ088", "magScaleRe": "WC1994", "SS": 70.0, "NF": 0.0, "TF": 30.0, "MINDEPTH": 4.0, "MAXDEPTH": 15.0, "HYPODEPTH1": 6.0, "HYPODEPTH2": 8.0, "HYPODEPTH3": 10.0, "WHDEPTH1": 0.3, "WHDEPTH2": 0.6, "WHDEPTH3": 0.1, "WMAXMAG01": 0.5, "WMAXMAG02": 0.4, "WMAXMAG03": 0.1, "MAXMAG01": 6.9, "MAXMAG02": 7.2, "MAXMAG03": 7.5, "STRIKE1": 22.804833, "STRIKE2": 0.0, "STRIKE3": 252.880652, "STRIKE4": 356.9205, "DIP1": 53.029167, "DIP2": 0.0, "DIP3": 63.370254, "DIP4": 47.763, "aspRatio": 1.0, "mfd_bin": 0.2, "a_val": 2.6425314128399999, "a_hi": 2.7412094580200002, "a_mid": 2.6427037100100002, "a_lo": 2.5441979619900001, "sigma_a": 0.14679095851400001, "b_val": 1.0227396050899999, "b_hi": 1.07874417783, "b_mid": 1.0227396050899999, "b_lo": 0.96673503234299996, "sigma_b": 0.030892149201300002, "cum_cov_ab": 0.054321, "MCORNERP1": 6.0, "MCORNERP2": 6.2, "MCORNERP3": 6.4, "MAXMAGP1": 6.0, "MAXMAGP2": 6.0, "utsu_bval2": 0.0, "utsu_aval": 0.0, "utsu_Minfl": 0.0, "Shape_Leng": 6.4662713640799998, "Shape_Area": 1.93344427191 }, "geometry": { "type": "Polygon", "coordinates": [ [ [ 16.644669006969139, 48.123411098643317 ], [ 16.450896748686034, 48.005936667143544 ], [ 16.324944780577198, 48.028947123011392 ], [ 16.217158961317068, 47.988981594824793 ], [ 15.500201603421317, 47.729811198528068 ], [ 14.831687310321172, 47.446419269833484 ], [ 14.655673999555461, 47.286246999799232 ], [ 14.48400000039976, 47.792999999950098 ], [ 14.504, 48.006000000099959 ], [ 14.54699999995006, 48.140999999650319 ], [ 14.750999999650332, 48.450000000399768 ], [ 15.49620860454354, 48.492189837990679 ], [ 16.240169417184916, 48.927565972991317 ], [ 16.576848716794871, 48.777392472484678 ], [ 16.97, 48.65 ], [ 16.644669006969139, 48.123411098643317 ] ] ] } },
{ "type": "Feature", "properties": { "ZONE_ID": "DEAS082", "areakm2": 2750.72556988, "tctCluster": "Shallow Default", "CSZ_ID": "SZ02", "TECTO_ID": "TSZ091", "magScaleRe": "WC1994", "SS": 90.0, "NF": 10.0, "TF": 0.0, "MINDEPTH": 3.0, "MAXDEPTH": 17.0, "HYPODEPTH1": 4.0, "HYPODEPTH2": 10.0, "HYPODEPTH3": 15.0, "WHDEPTH1": 0.1, "WHDEPTH2": 0.4, "WHDEPTH3": 0.5, "WMAXMAG01": 0.5, "WMAXMAG02": 0.4, "WMAXMAG03": 0.1, "MAXMAG01": 6.6, "MAXMAG02": 6.9, "MAXMAG03": 7.2, "STRIKE1": 0.0, "STRIKE2": 0.0, "STRIKE3": 0.0, "STRIKE4": 0.0, "DIP1": 89.99, "DIP2": 0.0, "DIP3": 0.0, "DIP4": 0.0, "aspRatio": 1.0, "mfd_bin": 0.2, "a_val": 2.6, "a_hi": 2.6088912073700001, "a_mid": 2.5999525556599998, "a_lo": 2.59101390396, "sigma_a": 0.02, "b_val": 1.02, "b_hi": 1.0518639364, "b_mid": 1.02, "b_lo": 0.98813606360399997, "sigma_b": 0.01, "cum_cov_ab": 0.054321, "MCORNERP1": 6.0, "MCORNERP2": 6.2, "MCORNERP3": 6.4, "MAXMAGP1": 6.0, "MAXMAGP2": 6.0, "utsu_bval2": 0.0, "utsu_aval": 0.0, "utsu_Minfl": 0.0, "Shape_Leng": 2.81719201159, "Shape_Area": 0.221975397598 }, "geometry": { "type": "Polygon", "coordinates": [ [ [ 9.533032999873114, 47.656087000314869 ], [ 9.999999999900126, 47.48 ], [ 9.701216999964629, 47.402688999697659 ], [ 9.250999999850137, 47.554999999850168 ], [ 9.06733299981812, 47.604000000399765 ], [ 8.90099999965031, 47.62999999970026 ], [ 8.734000000199899, 47.633000000449726 ], [ 8.742000000399742, 47.820999999750256 ], [ 9.104, 47.81799999990011 ], [ 9.533032999873114, 47.656087000314869 ] ] ] } },
{ "type": "Feature", "properties": { "ZONE_ID": "DEAS083", "areakm2": 4858.1568079299996, "tctCluster": "Shallow Default", "CSZ_ID": "SZ04", "TECTO_ID": "TSZ083", "magScaleRe": "WC1994", "SS": 35.0, "NF": 50.0, "TF": 15.0, "MINDEPTH": 4.0, "MAXDEPTH": 16.0, "HYPODEPTH1": 8.0, "HYPODEPTH2": 10.0, "HYPODEPTH3": 15.0, "WHDEPTH1": 0.1, "WHDEPTH2": 0.4, "WHDEPTH3": 0.5, "WMAXMAG01": 0.5, "WMAXMAG02": 0.4, "WMAXMAG03": 0.1, "MAXMAG01": 6.3, "MAXMAG02": 6.6, "MAXMAG03": 6.9, "STRIKE1": 0.0, "STRIKE2": 0.0, "STRIKE3": 0.0, "STRIKE4": 0.0, "DIP1": 89.99, "DIP2": 0.0, "DIP3": 0.0, "DIP4": 0.0, "aspRatio": 1.0, "mfd_bin": 0.2, "a_val": 1.2910462767499999, "a_hi": 1.3604238262, "a_mid": 1.29155320163, "a_lo": 1.2226825770600001, "sigma_a": 0.30106894251299998, "b_val": 0.91088351362700004, "b_hi": 0.990916790311, "b_mid": 0.91088351362700004, "b_lo": 0.830850236942, "sigma_b": 0.063087358384300005, "cum_cov_ab": 0.054321, "MCORNERP1": 6.0, "MCORNERP2": 6.2, "MCORNERP3": 6.4, "MAXMAGP1": 5.4, "MAXMAGP2": 5.4, "utsu_bval2": 0.0, "utsu_aval": 0.0, "utsu_Minfl": 0.0, "Shape_Leng": 2.8651563607299999, "Shape_Area": 0.39203884967000002 }, "geometry": { "type": "Polygon", "coordinates": [ [ [ 8.071955000023308, 50.000846000342676 ], [ 7.366561331840046, 49.689800011361513 ], [ 7.040830733151836, 49.548960336050698 ], [ 6.866758644096194, 49.898701504171129 ], [ 7.48036136008875, 50.247673996557751 ], [ 7.719667000431798, 50.122332999968023 ], [ 8.071955000023308, 50.000846000342676 ] ] ] } },
{ "type": "Feature", "properties": { "ZONE_ID": "DEAS084", "areakm2": 2747.0445115100001, "tctCluster": "Shallow Default", "CSZ_ID": "SZ04", "TECTO_ID": "TSZ083", "magScaleRe": "WC1994", "SS": 35.0, "NF": 50.0, "TF": 15.0, "MINDEPTH": 4.0, "MAXDEPTH": 16.0, "HYPODEPTH1": 8.0, "HYPODEPTH2": 10.0, "HYPODEPTH3": 15.0, "WHDEPTH1": 0.1, "WHDEPTH2": 0.4, "WHDEPTH3": 0.5, "WMAXMAG01": 0.5, "WMAXMAG02": 0.4, "WMAXMAG03": 0.1, "MAXMAG01": 6.3, "MAXMAG02": 6.6, "MAXMAG03": 6.9, "STRIKE1": 0.0, "STRIKE2": 0.0, "STRIKE3": 0.0, "STRIKE4": 0.0, "DIP1": 89.99, "DIP2": 0.0, "DIP3": 0.0, "DIP4": 0.0, "aspRatio": 1.0, "mfd_bin": 0.2, "a_val": 1.2910462767499999, "a_hi": 1.36032511592, "a_mid": 1.2915522346699999, "a_lo": 1.22277935341, "sigma_a": 0.30106894251299998, "b_val": 0.91088351362700004, "b_hi": 0.990916790311, "b_mid": 0.91088351362700004, "b_lo": 0.830850236942, "sigma_b": 0.063087358384300005, "cum_cov_ab": 0.054321, "MCORNERP1": 6.0, "MCORNERP2": 6.2, "MCORNERP3": 6.4, "MAXMAGP1": 5.4, "MAXMAGP2": 5.4, "utsu_bval2": 0.0, "utsu_aval": 0.0, "utsu_Minfl": 0.0, "Shape_Leng": 2.4000932705900002, "Shape_Area": 0.22167834729 }, "geometry": { "type": "Polygon", "coordinates": [ [ [ 7.366561331840046, 49.689800011361513 ], [ 8.071955000023308, 50.000846000342676 ], [ 8.235954042744936, 49.973402510017877 ], [ 8.201008097645627, 49.750215289204277 ], [ 8.076502648578412, 49.375694867823938 ], [ 7.936999999850173, 49.601000000149952 ], [ 7.366561331840046, 49.689800011361513 ] ] ] } },
{ "type": "Feature", "properties": { "ZONE_ID": "DEAS085", "areakm2": 4242.4867025000003, "tctCluster": "Shallow Default", "CSZ_ID": "SZ04", "TECTO_ID": "TSZ054", "magScaleRe": "WC1994", "SS": 35.0, "NF": 50.0, "TF": 15.0, "MINDEPTH": 6.0, "MAXDEPTH": 11.0, "HYPODEPTH1": 7.0, "HYPODEPTH2": 8.0, "HYPODEPTH3": 9.0, "WHDEPTH1": 0.3, "WHDEPTH2": 0.4, "WHDEPTH3": 0.3, "WMAXMAG01": 0.5, "WMAXMAG02": 0.4, "WMAXMAG03": 0.1, "MAXMAG01": 6.3, "MAXMAG02": 6.6, "MAXMAG03": 6.9, "STRIKE1": 0.0, "STRIKE2": 0.0, "STRIKE3": 0.0, "STRIKE4": 0.0, "DIP1": 89.99, "DIP2": 0.0, "DIP3": 0.0, "DIP4": 0.0, "aspRatio": 1.0, "mfd_bin": 0.2, "a_val": 2.0, "a_hi": 2.0121800631200002, "a_mid": 2.0000029611, "a_lo": 1.98782585908, "sigma_a": 0.03, "b_val": 0.9, "b_hi": 0.93186393639599996, "b_mid": 0.9, "b_lo": 0.86813606360399997, "sigma_b": 0.01, "cum_cov_ab": 0.054321, "MCORNERP1": 6.0, "MCORNERP2": 6.2, "MCORNERP3": 6.4, "MAXMAGP1": 6.0, "MAXMAGP2": 6.2, "utsu_bval2": 0.0, "utsu_aval": 0.0, "utsu_Minfl": 0.0, "Shape_Leng": 2.3499980913899998, "Shape_Area": 0.34235609751099999 }, "geometry": { "type": "Polygon", "coordinates": [ [ [ 8.532365008838156, 49.001303387641258 ], [ 8.97590000028481, 48.999599999740269 ], [ 8.866435284360932, 48.469336097982591 ], [ 8.298608000259037, 48.311017999780915 ], [ 8.319473000178846, 48.776385999814067 ], [ 8.532365008838156, 49.001303387641258 ] ] ] } },
{ "type": "Feature", "properties": { "ZONE_ID": "DEAS086", "areakm2": 59656.513528900003, "tctCluster": "Shallow Default", "CSZ_ID": "SZ04", "TECTO_ID": "TSZ054", "magScaleRe": "WC1994", "SS": 33.0, "NF": 33.0, "TF": 34.0, "MINDEPTH": 3.0, "MAXDEPTH": 25.0, "HYPODEPTH1": 8.0, "HYPODEPTH2": 10.0, "HYPODEPTH3": 15.0, "WHDEPTH1": 0.1, "WHDEPTH2": 0.4, "WHDEPTH3": 0.5, "WMAXMAG01": 0.5, "WMAXMAG02": 0.4, "WMAXMAG03": 0.1, "MAXMAG01": 6.3, "MAXMAG02": 6.6, "MAXMAG03": 6.9, "STRIKE1": 48.681958, "STRIKE2": 0.0, "STRIKE3": 199.345667, "STRIKE4": 0.0, "DIP1": 71.969938, "DIP2": 0.0, "DIP3": 49.825, "DIP4": 0.0, "aspRatio": 1.0, "mfd_bin": 0.2, "a_val": 1.6, "a_hi": 1.61215645762, "a_mid": 1.60001508332, "a_lo": 1.5878737090199999, "sigma_a": 0.03, "b_val": 0.9, "b_hi": 0.93186393639599996, "b_mid": 0.9, "b_lo": 0.86813606360399997, "sigma_b": 0.01, "cum_cov_ab": 0.054321, "MCORNERP1": 6.0, "MCORNERP2": 6.2, "MCORNERP3": 6.4, "MAXMAGP1": 5.8, "MAXMAGP2": 5.8, "utsu_bval2": 0.0, "utsu_aval": 0.0, "utsu_Minfl": 0.0, "Shape_Leng": 10.6420357356, "Shape_Area": 4.8141037578399999 }, "geometry": { "type": "Polygon", "coordinates": [ [ [ 11.431000000349798, 48.788000000299803 ], [ 11.691474264325905, 48.980756033664079 ], [ 12.846000000399727, 49.043000000149959 ], [ 13.041999999900099, 48.72700000034979 ], [ 14.252, 48.226999999550401 ], [ 14.044999999550384, 47.919333000018014 ], [ 13.473999999900116, 47.920999999550418 ], [ 13.2700000001999, 47.906000000299855 ], [ 12.316000000199892, 47.675000000149964 ], [ 12.037992999677215, 47.659129000303153 ], [ 11.560000000199921, 47.380000000199914 ], [ 10.794929973139801, 47.40510296892694 ], [ 10.218999999750224, 47.424000000399758 ], [ 9.999999999900126, 47.48 ], [ 9.533032999873114, 47.656087000314869 ], [ 9.584349765529282, 47.97194185133543 ], [ 9.606600251100758, 48.109108073079142 ], [ 9.845570385864676, 48.211021807710324 ], [ 10.180900926336733, 48.521530406802867 ], [ 10.577286991801259, 48.60623561138442 ], [ 11.431000000349798, 48.788000000299803 ] ] ] } },
{ "type": "Feature", "properties": { "ZONE_ID": "DEAS087", "areakm2": 263498.74445400003, "tctCluster": "Shallow Default", "CSZ_ID": "SZ04", "TECTO_ID": "TSZ106", "magScaleRe": "WC1994", "SS": 33.0, "NF": 33.0, "TF": 34.0, "MINDEPTH": 3.0, "MAXDEPTH": 25.0, "HYPODEPTH1": 8.0, "HYPODEPTH2": 10.0, "HYPODEPTH3": 15.0, "WHDEPTH1": 0.1, "WHDEPTH2": 0.4, "WHDEPTH3": 0.5, "WMAXMAG01": 0.5, "WMAXMAG02": 0.4, "WMAXMAG03": 0.1, "MAXMAG01": 6.3, "MAXMAG02": 6.6, "MAXMAG03": 6.9, "STRIKE1": 48.681958, "STRIKE2": 0.0, "STRIKE3": 199.345667, "STRIKE4": 0.0, "DIP1": 71.969938, "DIP2": 0.0, "DIP3": 49.825, "DIP4": 0.0, "aspRatio": 1.0, "mfd_bin": 0.2, "a_val": 1.7525295590300001, "a_hi": 1.8354534313899999, "a_mid": 1.7528032386800001, "a_lo": 1.67015304597, "sigma_a": 0.21186058785199999, "b_val": 1.0465476302200001, "b_hi": 1.1133249874, "b_mid": 1.0465476302200001, "b_lo": 0.97977027304800002, "sigma_b": 0.043919723897400002, "cum_cov_ab": 0.054321, "MCORNERP1": 6.0, "MCORNERP2": 6.2, "MCORNERP3": 6.4, "MAXMAGP1": 5.2, "MAXMAGP2": 5.2, "utsu_bval2": 0.0, "utsu_aval": 0.0, "utsu_Minfl": 0.0, "Shape_Leng": 21.362666645800001, "Shape_Area": 21.264427571 }, "geometry": { "type": "Polygon", "coordinates": [ [ [ 9.103448999771558, 52.228927000380793 ], [ 7.86709724674057, 52.599875309198239 ], [ 7.632999706271448, 52.224999747340519 ], [ 8.317296478949402, 52.039604713486767 ], [ 7.226349107225587, 51.699868019293717 ], [ 6.214000000199917, 51.747000000249841 ], [ 5.505982211010291, 52.341856360782458 ], [ 4.528501999667583, 52.587034000318909 ], [ 4.180992000080778, 52.929817999601028 ], [ 4.015396999771781, 53.435216000218304 ], [ 4.000000000199918, 54.000000000099988 ], [ 3.2, 55.750000000199918 ], [ 5.0, 55.999999999700265 ], [ 7.195391540287403, 55.675525029056928 ], [ 8.314687999851344, 55.510095000384013 ], [ 10.893603735524039, 55.277429489079736 ], [ 9.620000000299797, 53.559500000224887 ], [ 9.103448999771558, 52.228927000380793 ] ] ] } },
{ "type": "Feature", "properties": { "ZONE_ID": "DEAS088", "areakm2": 8402.1984236200005, "tctCluster": "Shallow Default", "CSZ_ID": "SZ04", "TECTO_ID": "TSZ063", "magScaleRe": "WC1994", "SS": 33.0, "NF": 33.0, "TF": 34.0, "MINDEPTH": 3.0, "MAXDEPTH": 25.0, "HYPODEPTH1": 8.0, "HYPODEPTH2": 10.0, "HYPODEPTH3": 15.0, "WHDEPTH1": 0.1, "WHDEPTH2": 0.4, "WHDEPTH3": 0.5, "WMAXMAG01": 0.5, "WMAXMAG02": 0.4, "WMAXMAG03": 0.1, "MAXMAG01": 6.3, "MAXMAG02": 6.6, "MAXMAG03": 6.9, "STRIKE1": 48.681958, "STRIKE2": 0.0, "STRIKE3": 199.345667, "STRIKE4": 0.0, "DIP1": 71.969938, "DIP2": 0.0, "DIP3": 49.825, "DIP4": 0.0, "aspRatio": 1.0, "mfd_bin": 0.2, "a_val": 2.45, "a_hi": 2.4713777137799999, "a_mid": 2.4499315742, "a_lo": 2.4284854346200002, "sigma_a": 0.03, "b_val": 1.05, "b_hi": 1.095062411, "b_mid": 1.05, "b_lo": 1.004937589, "sigma_b": 0.02, "cum_cov_ab": 0.054321, "MCORNERP1": 6.0, "MCORNERP2": 6.2, "MCORNERP3": 6.4, "MAXMAGP1": 5.8, "MAXMAGP2": 5.8, "utsu_bval2": 0.0, "utsu_aval": 0.0, "utsu_Minfl": 0.0, "Shape_Leng": 4.4062663343199997, "Shape_Area": 0.67803250021600003 }, "geometry": { "type": "Polygon", "coordinates": [ [ [ 14.750999999650332, 48.450000000399768 ], [ 14.54699999995006, 48.140999999650319 ], [ 14.252, 48.226999999550401 ], [ 13.041999999900099, 48.72700000034979 ], [ 12.846000000399727, 49.043000000149959 ], [ 13.004000000299811, 49.120999999850142 ], [ 14.750999999650332, 48.450000000399768 ] ] ] } },
{ "type": "Feature", "properties": { "ZONE_ID": "DEAS089", "areakm2": 1387.2387062, "tctCluster": "Shallow Default", "CSZ_ID": "SZ04", "TECTO_ID": "TSZ054", "magScaleRe": "WC1994", "SS": 35.0, "NF": 50.0, "TF": 15.0, "MINDEPTH": 6.0, "MAXDEPTH": 11.0, "HYPODEPTH1": 7.0, "HYPODEPTH2": 8.0, "HYPODEPTH3": 9.0, "WHDEPTH1": 0.3, "WHDEPTH2": 0.4, "WHDEPTH3": 0.3, "WMAXMAG01": 0.5, "WMAXMAG02": 0.4, "WMAXMAG03": 0.1, "MAXMAG01": 6.3, "MAXMAG02": 6.6, "MAXMAG03": 6.9, "STRIKE1": 0.0, "STRIKE2": 0.0, "STRIKE3": 0.0, "STRIKE4": 0.0, "DIP1": 89.99, "DIP2": 0.0, "DIP3": 0.0, "DIP4": 0.0, "aspRatio": 1.0, "mfd_bin": 0.2, "a_val": 1.0219733573900001, "a_hi": 1.12143175311, "a_mid": 1.0220432588, "a_lo": 0.92265476449100003, "sigma_a": 0.12742532047399999, "b_val": 0.90471670188200004, "b_hi": 0.96020021369800002, "b_mid": 0.90471670188200004, "b_lo": 0.84923319006599995, "sigma_b": 0.0303199883901, "cum_cov_ab": 0.054321, "MCORNERP1": 6.0, "MCORNERP2": 6.2, "MCORNERP3": 6.4, "MAXMAGP1": 5.0, "MAXMAGP2": 5.0, "utsu_bval2": 0.0, "utsu_aval": 0.0, "utsu_Minfl": 0.0, "Shape_Leng": 1.4850557977400001, "Shape_Area": 0.11194605022 }, "geometry": { "type": "Polygon", "coordinates": [ [ [ 9.193709214108992, 48.996946762283301 ], [ 9.106039714561234, 48.525290911146669 ], [ 8.866435284360932, 48.469336097982591 ], [ 8.97590000028481, 48.999599999740269 ], [ 9.193709214108992, 48.996946762283301 ] ] ] } },
{ "type": "Feature", "properties": { "ZONE_ID": "DEAS090", "areakm2": 34276.498862100001, "tctCluster": "Shallow Default", "CSZ_ID": "SZ04", "TECTO_ID": "TSZ106", "magScaleRe": "WC1994", "SS": 33.0, "NF": 33.0, "TF": 34.0, "MINDEPTH": 3.0, "MAXDEPTH": 25.0, "HYPODEPTH1": 8.0, "HYPODEPTH2": 10.0, "HYPODEPTH3": 15.0, "WHDEPTH1": 0.1, "WHDEPTH2": 0.4, "WHDEPTH3": 0.5, "WMAXMAG01": 0.5, "WMAXMAG02": 0.4, "WMAXMAG03": 0.1, "MAXMAG01": 6.3, "MAXMAG02": 6.6, "MAXMAG03": 6.9, "STRIKE1": 48.681958, "STRIKE2": 0.0, "STRIKE3": 199.345667, "STRIKE4": 0.0, "DIP1": 71.969938, "DIP2": 0.0, "DIP3": 49.825, "DIP4": 0.0, "aspRatio": 1.0, "mfd_bin": 0.2, "a_val": 1.7525295590300001, "a_hi": 1.8351516266500001, "a_mid": 1.7525901578, "a_lo": 1.67002868896, "sigma_a": 0.21186058785199999, "b_val": 1.0465476302200001, "b_hi": 1.1133249874, "b_mid": 1.0465476302200001, "b_lo": 0.97977027304800002, "sigma_b": 0.043919723897400002, "cum_cov_ab": 0.054321, "MCORNERP1": 6.0, "MCORNERP2": 6.2, "MCORNERP3": 6.4, "MAXMAGP1": 5.2, "MAXMAGP2": 5.2, "utsu_bval2": 0.0, "utsu_aval": 0.0, "utsu_Minfl": 0.0, "Shape_Leng": 7.9509343216900001, "Shape_Area": 2.7660118276399999 }, "geometry": { "type": "Polygon", "coordinates": [ [ [ 7.416584722207233, 50.574922595101725 ], [ 6.387999999600368, 51.374999999950091 ], [ 6.214000000199917, 51.747000000249841 ], [ 7.226349107225587, 51.699868019293717 ], [ 8.317296478949402, 52.039604713486767 ], [ 8.835026700222102, 51.893005666478359 ], [ 8.883999999900141, 51.067999999700305 ], [ 8.481101599958947, 50.267667434704379 ], [ 7.828381472227193, 50.454809979896709 ], [ 8.115000000249836, 50.67199999970029 ], [ 7.88, 50.79899999995007 ], [ 7.416584722207233, 50.574922595101725 ] ] ] } },
{ "type": "Feature", "properties": { "ZONE_ID": "DEAS091", "areakm2": 3720.7033052400002, "tctCluster": "Shallow Default", "CSZ_ID": "SZ04", "TECTO_ID": "TSZ054", "magScaleRe": "WC1994", "SS": 35.0, "NF": 50.0, "TF": 15.0, "MINDEPTH": 7.0, "MAXDEPTH": 15.0, "HYPODEPTH1": 8.0, "HYPODEPTH2": 9.0, "HYPODEPTH3": 10.0, "WHDEPTH1": 0.1, "WHDEPTH2": 0.4, "WHDEPTH3": 0.5, "WMAXMAG01": 0.5, "WMAXMAG02": 0.4, "WMAXMAG03": 0.1, "MAXMAG01": 6.3, "MAXMAG02": 6.6, "MAXMAG03": 6.9, "STRIKE1": 0.0, "STRIKE2": 0.0, "STRIKE3": 0.0, "STRIKE4": 0.0, "DIP1": 89.99, "DIP2": 0.0, "DIP3": 0.0, "DIP4": 0.0, "aspRatio": 1.0, "mfd_bin": 0.2, "a_val": 1.0219733573900001, "a_hi": 1.1214175154899999, "a_mid": 1.02202409583, "a_lo": 0.92263067617200001, "sigma_a": 0.12742532047399999, "b_val": 0.90471670188200004, "b_hi": 0.96020021369800002, "b_mid": 0.90471670188200004, "b_lo": 0.84923319006599995, "sigma_b": 0.0303199883901, "cum_cov_ab": 0.054321, "MCORNERP1": 6.0, "MCORNERP2": 6.2, "MCORNERP3": 6.4, "MAXMAGP1": 5.0, "MAXMAGP2": 5.0, "utsu_bval2": 0.0, "utsu_aval": 0.0, "utsu_Minfl": 0.0, "Shape_Leng": 3.2395627096499999, "Shape_Area": 0.30024972507100001 }, "geometry": { "type": "Polygon", "coordinates": [ [ [ 9.584349765529282, 47.97194185133543 ], [ 9.533032999873114, 47.656087000314869 ], [ 9.104, 47.81799999990011 ], [ 8.742000000399742, 47.820999999750256 ], [ 8.278701999597672, 47.870013 ], [ 8.281159999634326, 47.932993000426677 ], [ 8.500000000199918, 48.00000000039978 ], [ 8.799999999600345, 48.152999999950111 ], [ 9.098000000299805, 48.126000000399756 ], [ 9.036000000099989, 47.982000000399751 ], [ 9.584349765529282, 47.97194185133543 ] ] ] } },
{ "type": "Feature", "properties": { "ZONE_ID": "DEAS092", "areakm2": 1283.2920260400001, "tctCluster": "Shallow Default", "CSZ_ID": "SZ02", "TECTO_ID": "TSZ091", "magScaleRe": "WC1994", "SS": 35.0, "NF": 50.0, "TF": 15.0, "MINDEPTH": 7.0, "MAXDEPTH": 15.0, "HYPODEPTH1": 8.0, "HYPODEPTH2": 9.0, "HYPODEPTH3": 10.0, "WHDEPTH1": 0.1, "WHDEPTH2": 0.4, "WHDEPTH3": 0.5, "WMAXMAG01": 0.5, "WMAXMAG02": 0.4, "WMAXMAG03": 0.1, "MAXMAG01": 6.6, "MAXMAG02": 6.9, "MAXMAG03": 7.2, "STRIKE1": 0.0, "STRIKE2": 0.0, "STRIKE3": 0.0, "STRIKE4": 0.0, "DIP1": 89.99, "DIP2": 0.0, "DIP3": 0.0, "DIP4": 0.0, "aspRatio": 1.0, "mfd_bin": 0.2, "a_val": 1.61, "a_hi": 1.6796133798799999, "a_mid": 1.6097494423700001, "a_lo": 1.53988550485, "sigma_a": 0.061423452801700001, "b_val": 1.02, "b_hi": 1.0989708003300001, "b_mid": 1.02, "b_lo": 0.94102919966499998, "sigma_b": 0.061423452801700001, "cum_cov_ab": 0.054321, "MCORNERP1": 6.0, "MCORNERP2": 6.2, "MCORNERP3": 6.4, "MAXMAGP1": 5.0, "MAXMAGP2": 5.0, "utsu_bval2": 0.0, "utsu_aval": 0.0, "utsu_Minfl": 0.0, "Shape_Leng": 1.3485634211499999, "Shape_Area": 0.103557861412 }, "geometry": { "type": "Polygon", "coordinates": [ [ [ 8.278701999597672, 47.870013 ], [ 8.742000000399742, 47.820999999750256 ], [ 8.734000000199899, 47.633000000449726 ], [ 8.33, 47.610000000100001 ], [ 8.269000000050028, 47.658000000399738 ], [ 8.278701999597672, 47.870013 ] ] ] } },
{ "type": "Feature", "properties": { "ZONE_ID": "DEAS093", "areakm2": 5739.6191127299999, "tctCluster": "Shallow Default", "CSZ_ID": "SZ04", "TECTO_ID": "TSZ057", "magScaleRe": "WC1994", "SS": 90.0, "NF": 10.0, "TF": 0.0, "MINDEPTH": 5.0, "MAXDEPTH": 14.0, "HYPODEPTH1": 6.0, "HYPODEPTH2": 8.0, "HYPODEPTH3": 10.0, "WHDEPTH1": 0.1, "WHDEPTH2": 0.4, "WHDEPTH3": 0.5, "WMAXMAG01": 0.5, "WMAXMAG02": 0.4, "WMAXMAG03": 0.1, "MAXMAG01": 6.3, "MAXMAG02": 6.6, "MAXMAG03": 6.9, "STRIKE1": 0.0, "STRIKE2": 0.0, "STRIKE3": 0.0, "STRIKE4": 0.0, "DIP1": 89.99, "DIP2": 0.0, "DIP3": 0.0, "DIP4": 0.0, "aspRatio": 1.0, "mfd_bin": 0.2, "a_val": 2.26, "a_hi": 2.3301583361999998, "a_mid": 2.26024435214, "a_lo": 2.1903303680900001, "sigma_a": 0.061423452801700001, "b_val": 1.08, "b_hi": 1.1589708003300001, "b_mid": 1.08, "b_lo": 1.00102919967, "sigma_b": 0.061423452801700001, "cum_cov_ab": 0.054321, "MCORNERP1": 6.0, "MCORNERP2": 6.2, "MCORNERP3": 6.4, "MAXMAGP1": 5.4, "MAXMAGP2": 5.4, "utsu_bval2": 0.0, "utsu_aval": 0.0, "utsu_Minfl": 0.0, "Shape_Leng": 2.9883627583200001, "Shape_Area": 0.46317024433300003 }, "geometry": { "type": "Polygon", "coordinates": [ [ [ 12.532231000060676, 50.468291999975861 ], [ 12.479666999732274, 50.754000000399742 ], [ 12.480283000260329, 50.865089999903603 ], [ 12.483999999900107, 51.535000000349783 ], [ 12.966500000374765, 51.146999999650291 ], [ 13.000050999853784, 50.469853000015974 ], [ 12.561472092163399, 50.316105550530779 ], [ 12.532231000060676, 50.468291999975861 ] ] ] } },
{ "type": "Feature", "properties": { "ZONE_ID": "DEAS094", "areakm2": 16652.628026400002, "tctCluster": "Shallow Default", "CSZ_ID": "SZ04", "TECTO_ID": "TSZ063", "magScaleRe": "WC1994", "SS": 35.0, "NF": 50.0, "TF": 15.0, "MINDEPTH": 5.0, "MAXDEPTH": 17.0, "HYPODEPTH1": 8.0, "HYPODEPTH2": 10.0, "HYPODEPTH3": 15.0, "WHDEPTH1": 0.1, "WHDEPTH2": 0.4, "WHDEPTH3": 0.5, "WMAXMAG01": 0.5, "WMAXMAG02": 0.4, "WMAXMAG03": 0.1, "MAXMAG01": 6.3, "MAXMAG02": 6.6, "MAXMAG03": 6.9, "STRIKE1": 0.0, "STRIKE2": 0.0, "STRIKE3": 0.0, "STRIKE4": 0.0, "DIP1": 89.99, "DIP2": 0.0, "DIP3": 0.0, "DIP4": 0.0, "aspRatio": 1.0, "mfd_bin": 0.2, "a_val": 1.97, "a_hi": 1.9911033971200001, "a_mid": 1.9696715608599999, "a_lo": 1.9482397246100001, "sigma_a": 0.03, "b_val": 1.05, "b_hi": 1.095062411, "b_mid": 1.05, "b_lo": 1.004937589, "sigma_b": 0.02, "cum_cov_ab": 0.054321, "MCORNERP1": 6.0, "MCORNERP2": 6.2, "MCORNERP3": 6.4, "MAXMAGP1": 5.4, "MAXMAGP2": 5.2, "utsu_bval2": 0.0, "utsu_aval": 0.0, "utsu_Minfl": 0.0, "Shape_Leng": 7.3465020804299996, "Shape_Area": 1.3438177061200001 }, "geometry": { "type": "Polygon", "coordinates": [ [ [ 7.632999706271448, 52.224999747340519 ], [ 7.86709724674057, 52.599875309198239 ], [ 9.103448999771558, 52.228927000380793 ], [ 9.240618999567232, 51.600942999819665 ], [ 9.268478000059702, 51.506810999927779 ], [ 9.432679348872909, 51.099984356792675 ], [ 9.135974833271973, 50.595938105559185 ], [ 8.89167838814717, 50.201697000516219 ], [ 8.481101599958947, 50.267667434704379 ], [ 8.883999999900141, 51.067999999700305 ], [ 8.835026700222102, 51.893005666478359 ], [ 8.317296478949402, 52.039604713486767 ], [ 7.632999706271448, 52.224999747340519 ] ] ] } },
{ "type": "Feature", "properties": { "ZONE_ID": "DEAS095", "areakm2": 2659.4537053, "tctCluster": "Shallow Default", "CSZ_ID": "SZ04", "TECTO_ID": "TSZ054", "magScaleRe": "WC1994", "SS": 90.0, "NF": 10.0, "TF": 0.0, "MINDEPTH": 6.0, "MAXDEPTH": 11.0, "HYPODEPTH1": 7.0, "HYPODEPTH2": 8.0, "HYPODEPTH3": 9.0, "WHDEPTH1": 0.3, "WHDEPTH2": 0.4, "WHDEPTH3": 0.3, "WMAXMAG01": 0.5, "WMAXMAG02": 0.4, "WMAXMAG03": 0.1, "MAXMAG01": 6.3, "MAXMAG02": 6.6, "MAXMAG03": 6.9, "STRIKE1": 0.0, "STRIKE2": 0.0, "STRIKE3": 0.0, "STRIKE4": 0.0, "DIP1": 89.99, "DIP2": 0.0, "DIP3": 0.0, "DIP4": 0.0, "aspRatio": 1.0, "mfd_bin": 0.2, "a_val": 1.55, "a_hi": 1.57184809795, "a_mid": 1.55038899191, "a_lo": 1.52892988586, "sigma_a": 0.03, "b_val": 0.9, "b_hi": 0.94506241100199995, "b_mid": 0.9, "b_lo": 0.85493758899799999, "sigma_b": 0.02, "cum_cov_ab": 0.054321, "MCORNERP1": 6.0, "MCORNERP2": 6.2, "MCORNERP3": 6.4, "MAXMAGP1": 5.6, "MAXMAGP2": 5.6, "utsu_bval2": 0.0, "utsu_aval": 0.0, "utsu_Minfl": 0.0, "Shape_Leng": 2.46388129749, "Shape_Area": 0.214610028481 }, "geometry": { "type": "Polygon", "coordinates": [ [ [ 9.098000000299805, 48.126000000399756 ], [ 9.147984525565448, 48.300996447727925 ], [ 10.180900926336733, 48.521530406802867 ], [ 9.845570385864676, 48.211021807710324 ], [ 9.606600251100758, 48.109108073079142 ], [ 9.098000000299805, 48.126000000399756 ] ] ] } },
{ "type": "Feature", "properties": { "ZONE_ID": "DEAS096", "areakm2": 2322.1583577500001, "tctCluster": "Shallow Default", "CSZ_ID": "SZ04", "TECTO_ID": "TSZ054", "magScaleRe": "WC1994", "SS": 35.0, "NF": 50.0, "TF": 15.0, "MINDEPTH": 6.0, "MAXDEPTH": 11.0, "HYPODEPTH1": 7.0, "HYPODEPTH2": 8.0, "HYPODEPTH3": 9.0, "WHDEPTH1": 0.3, "WHDEPTH2": 0.4, "WHDEPTH3": 0.3, "WMAXMAG01": 0.5, "WMAXMAG02": 0.4, "WMAXMAG03": 0.1, "MAXMAG01": 6.3, "MAXMAG02": 6.6, "MAXMAG03": 6.9, "STRIKE1": 0.0, "STRIKE2": 0.0, "STRIKE3": 0.0, "STRIKE4": 0.0, "DIP1": 89.99, "DIP2": 0.0, "DIP3": 0.0, "DIP4": 0.0, "aspRatio": 1.0, "mfd_bin": 0.2, "a_val": 1.0219733573900001, "a_hi": 1.121472349, "a_mid": 1.0220424667900001, "a_lo": 0.92261258457600004, "sigma_a": 0.12742532047399999, "b_val": 0.90471670188200004, "b_hi": 0.96020021369800002, "b_mid": 0.90471670188200004, "b_lo": 0.84923319006599995, "sigma_b": 0.0303199883901, "cum_cov_ab": 0.054321, "MCORNERP1": 6.0, "MCORNERP2": 6.2, "MCORNERP3": 6.4, "MAXMAGP1": 5.0, "MAXMAGP2": 5.0, "utsu_bval2": 0.0, "utsu_aval": 0.0, "utsu_Minfl": 0.0, "Shape_Leng": 1.8567806009500001, "Shape_Area": 0.187391293948 }, "geometry": { "type": "Polygon", "coordinates": [ [ [ 8.298608000259037, 48.311017999780915 ], [ 8.866435284360932, 48.469336097982591 ], [ 8.799999999600345, 48.152999999950111 ], [ 8.500000000199918, 48.00000000039978 ], [ 8.281159999634326, 47.932993000426677 ], [ 8.298608000259037, 48.311017999780915 ] ] ] } },
{ "type": "Feature", "properties": { "ZONE_ID": "DEAS097", "areakm2": 4917.2209736200002, "tctCluster": "Shallow Default", "CSZ_ID": "SZ04", "TECTO_ID": "TSZ057", "magScaleRe": "WC1994", "SS": 90.0, "NF": 10.0, "TF": 0.0, "MINDEPTH": 5.0, "MAXDEPTH": 14.0, "HYPODEPTH1": 6.0, "HYPODEPTH2": 8.0, "HYPODEPTH3": 10.0, "WHDEPTH1": 0.1, "WHDEPTH2": 0.4, "WHDEPTH3": 0.5, "WMAXMAG01": 0.5, "WMAXMAG02": 0.4, "WMAXMAG03": 0.1, "MAXMAG01": 6.3, "MAXMAG02": 6.6, "MAXMAG03": 6.9, "STRIKE1": 0.0, "STRIKE2": 0.0, "STRIKE3": 0.0, "STRIKE4": 0.0, "DIP1": 89.99, "DIP2": 0.0, "DIP3": 0.0, "DIP4": 0.0, "aspRatio": 1.0, "mfd_bin": 0.2, "a_val": 2.5, "a_hi": 2.5696600532999998, "a_mid": 2.4998042436399999, "a_lo": 2.4299484339699999, "sigma_a": 0.061423452801700001, "b_val": 1.08, "b_hi": 1.1589708003300001, "b_mid": 1.08, "b_lo": 1.00102919967, "sigma_b": 0.061423452801700001, "cum_cov_ab": 0.054321, "MCORNERP1": 6.0, "MCORNERP2": 6.2, "MCORNERP3": 6.4, "MAXMAGP1": 5.6, "MAXMAGP2": 5.6, "utsu_bval2": 0.0, "utsu_aval": 0.0, "utsu_Minfl": 0.0, "Shape_Leng": 4.0826230000199999, "Shape_Area": 0.39680515272599998 }, "geometry": { "type": "Polygon", "coordinates": [ [ [ 14.246999999650313, 50.735000000149967 ], [ 12.614186093113744, 50.029065267448175 ], [ 12.581648116967074, 50.200943086254483 ], [ 12.561472092163399, 50.316105550530779 ], [ 13.000050999853784, 50.469853000015974 ], [ 14.289015000042241, 50.91395499962357 ], [ 14.246999999650313, 50.735000000149967 ] ] ] } },
{ "type": "Feature", "properties": { "ZONE_ID": "DEAS098", "areakm2": 13039.688026, "tctCluster": "Shallow Default", "CSZ_ID": "SZ04", "TECTO_ID": "TSZ057", "magScaleRe": "WC1994", "SS": 90.0, "NF": 10.0, "TF": 0.0, "MINDEPTH": 5.0, "MAXDEPTH": 14.0, "HYPODEPTH1": 6.0, "HYPODEPTH2": 8.0, "HYPODEPTH3": 10.0, "WHDEPTH1": 0.1, "WHDEPTH2": 0.4, "WHDEPTH3": 0.5, "WMAXMAG01": 0.5, "WMAXMAG02": 0.4, "WMAXMAG03": 0.1, "MAXMAG01": 6.3, "MAXMAG02": 6.6, "MAXMAG03": 6.9, "STRIKE1": 0.0, "STRIKE2": 0.0, "STRIKE3": 0.0, "STRIKE4": 0.0, "DIP1": 89.99, "DIP2": 0.0, "DIP3": 0.0, "DIP4": 0.0, "aspRatio": 1.0, "mfd_bin": 0.2, "a_val": 1.75, "a_hi": 1.81982170116, "a_mid": 1.75001628921, "a_lo": 1.68021087727, "sigma_a": 0.061423452801700001, "b_val": 1.08, "b_hi": 1.1589708003300001, "b_mid": 1.08, "b_lo": 1.00102919967, "sigma_b": 0.061423452801700001, "cum_cov_ab": 0.054321, "MCORNERP1": 6.0, "MCORNERP2": 6.2, "MCORNERP3": 6.4, "MAXMAGP1": 5.0, "MAXMAGP2": 5.0, "utsu_bval2": 0.0, "utsu_aval": 0.0, "utsu_Minfl": 0.0, "Shape_Leng": 5.20291367981, "Shape_Area": 1.0522641607200001 }, "geometry": { "type": "Polygon", "coordinates": [ [ [ 14.289015000042241, 50.91395499962357 ], [ 13.000050999853784, 50.469853000015974 ], [ 12.966500000374765, 51.146999999650291 ], [ 12.483999999900107, 51.535000000349783 ], [ 13.447999999700301, 51.503999999800214 ], [ 14.599948000000268, 51.020876000227304 ], [ 14.289015000042241, 50.91395499962357 ] ] ] } },
{ "type": "Feature", "properties": { "ZONE_ID": "DEAS099", "areakm2": 150045.65596500001, "tctCluster": "Shallow Default", "CSZ_ID": "SZ04", "TECTO_ID": "TSZ106", "magScaleRe": "WC1994", "SS": 33.0, "NF": 33.0, "TF": 34.0, "MINDEPTH": 3.0, "MAXDEPTH": 25.0, "HYPODEPTH1": 8.0, "HYPODEPTH2": 10.0, "HYPODEPTH3": 15.0, "WHDEPTH1": 0.1, "WHDEPTH2": 0.4, "WHDEPTH3": 0.5, "WMAXMAG01": 0.5, "WMAXMAG02": 0.4, "WMAXMAG03": 0.1, "MAXMAG01": 6.3, "MAXMAG02": 6.6, "MAXMAG03": 6.9, "STRIKE1": 48.681958, "STRIKE2": 0.0, "STRIKE3": 199.345667, "STRIKE4": 0.0, "DIP1": 71.969938, "DIP2": 0.0, "DIP3": 49.825, "DIP4": 0.0, "aspRatio": 1.0, "mfd_bin": 0.2, "a_val": 1.7525295590300001, "a_hi": 1.8344122971800001, "a_mid": 1.7520268326399999, "a_lo": 1.66964136809, "sigma_a": 0.21186058785199999, "b_val": 1.0465476302200001, "b_hi": 1.1133249874, "b_mid": 1.0465476302200001, "b_lo": 0.97977027304800002, "sigma_b": 0.043919723897400002, "cum_cov_ab": 0.054321, "MCORNERP1": 6.0, "MCORNERP2": 6.2, "MCORNERP3": 6.4, "MAXMAGP1": 5.2, "MAXMAGP2": 5.2, "utsu_bval2": 0.0, "utsu_aval": 0.0, "utsu_Minfl": 0.0, "Shape_Leng": 14.674163911699999, "Shape_Area": 12.1082395454 }, "geometry": { "type": "Polygon", "coordinates": [ [ [ 9.103448999771558, 52.228927000380793 ], [ 9.620000000299797, 53.559500000224887 ], [ 10.893603735524039, 55.277429489079736 ], [ 13.731749999762712, 55.031999999800178 ], [ 13.028499999675319, 54.337500000324837 ], [ 12.61299999975023, 53.580000000399764 ], [ 12.36499999985017, 52.62699999975024 ], [ 12.483999999900107, 51.535000000349783 ], [ 12.02790852295999, 51.235629013768005 ], [ 9.432679348872909, 51.099984356792675 ], [ 9.268478000059702, 51.506810999927779 ], [ 9.240618999567232, 51.600942999819665 ], [ 9.103448999771558, 52.228927000380793 ] ] ] } },
{ "type": "Feature", "properties": { "ZONE_ID": "DEAS100", "areakm2": 103342.110703, "tctCluster": "Shallow Default", "CSZ_ID": "SZ12", "TECTO_ID": "TSZ093", "magScaleRe": "WC1994", "SS": 33.0, "NF": 33.0, "TF": 34.0, "MINDEPTH": 3.0, "MAXDEPTH": 25.0, "HYPODEPTH1": 8.0, "HYPODEPTH2": 10.0, "HYPODEPTH3": 15.0, "WHDEPTH1": 0.1, "WHDEPTH2": 0.4, "WHDEPTH3": 0.5, "WMAXMAG01": 0.5, "WMAXMAG02": 0.4, "WMAXMAG03": 0.1, "MAXMAG01": 6.3, "MAXMAG02": 6.6, "MAXMAG03": 6.9, "STRIKE1": 48.681958, "STRIKE2": 0.0, "STRIKE3": 199.345667, "STRIKE4": 0.0, "DIP1": 71.969938, "DIP2": 0.0, "DIP3": 49.825, "DIP4": 0.0, "aspRatio": 1.0, "mfd_bin": 0.2, "a_val": 1.8649019599900001, "a_hi": 1.9735363231700001, "a_mid": 1.8649982354400001, "a_lo": 1.7564601477199999, "sigma_a": 0.12646066356, "b_val": 1.01, "b_hi": 1.0608198180199999, "b_mid": 1.01, "b_lo": 0.95918018197599997, "sigma_b": 0.025437085993299999, "cum_cov_ab": 0.054321, "MCORNERP1": 6.0, "MCORNERP2": 6.2, "MCORNERP3": 6.4, "MAXMAGP1": 5.4, "MAXMAGP2": 5.4, "utsu_bval2": 0.0, "utsu_aval": 0.0, "utsu_Minfl": 0.0, "Shape_Leng": 14.7221212863, "Shape_Area": 8.3394019208800003 }, "geometry": { "type": "Polygon", "coordinates": [ [ [ 14.750999999650332, 48.450000000399768 ], [ 13.004000000299811, 49.120999999850142 ], [ 12.881000000149925, 49.353000000249892 ], [ 12.742999999850156, 49.89099999975025 ], [ 12.614186093113744, 50.029065267448175 ], [ 14.246999999650313, 50.735000000149967 ], [ 14.289015000042241, 50.91395499962357 ], [ 14.599948000000268, 51.020876000227304 ], [ 14.894999999650338, 50.897000000149944 ], [ 16.787000000149931, 49.802 ], [ 19.116499999775215, 49.493000000149948 ], [ 16.97, 48.65 ], [ 16.576848716794871, 48.777392472484678 ], [ 16.240169417184916, 48.927565972991317 ], [ 15.49620860454354, 48.492189837990679 ], [ 14.750999999650332, 48.450000000399768 ] ] ] } },
{ "type": "Feature", "properties": { "ZONE_ID": "DEAS102", "areakm2": 5715.90853995, "tctCluster": "Shallow Default", "CSZ_ID": "SZ04", "TECTO_ID": "TSZ083", "magScaleRe": "WC1994", "SS": 35.0, "NF": 50.0, "TF": 15.0, "MINDEPTH": 5.0, "MAXDEPTH": 17.0, "HYPODEPTH1": 8.0, "HYPODEPTH2": 10.0, "HYPODEPTH3": 15.0, "WHDEPTH1": 0.1, "WHDEPTH2": 0.4, "WHDEPTH3": 0.5, "WMAXMAG01": 0.5, "WMAXMAG02": 0.4, "WMAXMAG03": 0.1, "MAXMAG01": 6.6, "MAXMAG02": 6.9, "MAXMAG03": 7.2, "STRIKE1": 0.0, "STRIKE2": 0.0, "STRIKE3": 0.0, "STRIKE4": 0.0, "DIP1": 89.99, "DIP2": 0.0, "DIP3": 0.0, "DIP4": 0.0, "aspRatio": 1.0, "mfd_bin": 0.2, "a_val": 2.05, "a_hi": 2.1410439981499998, "a_mid": 2.0502929594400001, "a_lo": 1.95954192073, "sigma_a": 0.16372738894899999, "b_val": 0.91, "b_hi": 0.97195973996600005, "b_mid": 0.91, "b_lo": 0.84804026003400002, "sigma_b": 0.037811187743599997, "cum_cov_ab": 0.054321, "MCORNERP1": 6.0, "MCORNERP2": 6.2, "MCORNERP3": 6.4, "MAXMAGP1": 6.0, "MAXMAGP2": 6.2, "utsu_bval2": 0.0, "utsu_aval": 0.0, "utsu_Minfl": 0.0, "Shape_Leng": 3.0153874119099999, "Shape_Area": 0.46125687163000001 }, "geometry": { "type": "Polygon", "coordinates": [ [ [ 8.896000000199876, 49.919999999800211 ], [ 8.783381553416007, 49.618790360087075 ], [ 8.655818334748403, 49.533433865580491 ], [ 8.076502648578412, 49.375694867823938 ], [ 8.201008097645627, 49.750215289204277 ], [ 8.235954042744936, 49.973402510017877 ], [ 8.263703414081363, 50.175270852967571 ], [ 8.481101599958947, 50.267667434704379 ], [ 8.89167838814717, 50.201697000516219 ], [ 8.737000000049989, 49.94099999965033 ], [ 8.896000000199876, 49.919999999800211 ] ] ] } },
{ "type": "Feature", "properties": { "ZONE_ID": "DEAS103", "areakm2": 263808.67086999997, "tctCluster": "Shallow Default", "CSZ_ID": "SZ10", "TECTO_ID": "TSZ106", "magScaleRe": "WC1994", "SS": 33.0, "NF": 33.0, "TF": 34.0, "MINDEPTH": 3.0, "MAXDEPTH": 25.0, "HYPODEPTH1": 8.0, "HYPODEPTH2": 10.0, "HYPODEPTH3": 15.0, "WHDEPTH1": 0.1, "WHDEPTH2": 0.4, "WHDEPTH3": 0.5, "WMAXMAG01": 0.5, "WMAXMAG02": 0.4, "WMAXMAG03": 0.1, "MAXMAG01": 6.3, "MAXMAG02": 6.6, "MAXMAG03": 6.9, "STRIKE1": 48.681958, "STRIKE2": 0.0, "STRIKE3": 199.345667, "STRIKE4": 0.0, "DIP1": 71.969938, "DIP2": 0.0, "DIP3": 49.825, "DIP4": 0.0, "aspRatio": 1.0, "mfd_bin": 0.2, "a_val": 2.0535595546900001, "a_hi": 2.1369353368900001, "a_mid": 2.0541402579399999, "a_lo": 1.9713451789900001, "sigma_a": 0.21186058785199999, "b_val": 1.0465476302200001, "b_hi": 1.1133249874, "b_mid": 1.0465476302200001, "b_lo": 0.97977027304800002, "sigma_b": 0.043919723897400002, "cum_cov_ab": 0.054321, "MCORNERP1": 6.0, "MCORNERP2": 6.2, "MCORNERP3": 6.4, "MAXMAGP1": 5.4, "MAXMAGP2": 5.4, "utsu_bval2": 0.0, "utsu_aval": 0.0, "utsu_Minfl": 0.0, "Shape_Leng": 28.5538643071, "Shape_Area": 21.274161004500002 }, "geometry": { "type": "Polygon", "coordinates": [ [ [ 12.61299999975023, 53.580000000399764 ], [ 13.028499999675319, 54.337500000324837 ], [ 13.731749999762712, 55.031999999800178 ], [ 14.082133899859627, 53.799999999600345 ], [ 16.343509999986566, 53.113392999887083 ], [ 18.458000000299819, 52.49299999955042 ], [ 19.847000000149933, 51.657999999600349 ], [ 19.323999999900138, 51.344999999650327 ], [ 21.003999999600353, 50.505000000249879 ], [ 22.509282000064275, 50.55007100037642 ], [ 23.526000000099998, 49.911999999600368 ], [ 22.885742187152289, 49.037876128980201 ], [ 21.83, 49.410000000099956 ], [ 20.721689041616003, 49.498750986568837 ], [ 19.992139999661333, 49.757003999734877 ], [ 19.147022999911542, 50.060627999882342 ], [ 17.565999999600365, 50.689000000349779 ], [ 16.963843000254315, 50.835004000134575 ], [ 16.017999999600363, 51.078999999750238 ], [ 14.894999999650338, 50.897000000149944 ], [ 14.599948000000268, 51.020876000227304 ], [ 13.447999999700301, 51.503999999800214 ], [ 12.483999999900107, 51.535000000349783 ], [ 12.36499999985017, 52.62699999975024 ], [ 12.61299999975023, 53.580000000399764 ] ] ] } },
{ "type": "Feature", "properties": { "ZONE_ID": "DEAS104", "areakm2": 4215.7438469600002, "tctCluster": "Shallow Default", "CSZ_ID": "SZ04", "TECTO_ID": "TSZ054", "magScaleRe": "WC1994", "SS": 35.0, "NF": 50.0, "TF": 15.0, "MINDEPTH": 7.0, "MAXDEPTH": 15.0, "HYPODEPTH1": 8.0, "HYPODEPTH2": 9.0, "HYPODEPTH3": 10.0, "WHDEPTH1": 0.1, "WHDEPTH2": 0.4, "WHDEPTH3": 0.5, "WMAXMAG01": 0.5, "WMAXMAG02": 0.4, "WMAXMAG03": 0.1, "MAXMAG01": 6.3, "MAXMAG02": 6.6, "MAXMAG03": 6.9, "STRIKE1": 0.0, "STRIKE2": 0.0, "STRIKE3": 0.0, "STRIKE4": 0.0, "DIP1": 89.99, "DIP2": 0.0, "DIP3": 0.0, "DIP4": 0.0, "aspRatio": 1.0, "mfd_bin": 0.2, "a_val": 1.0219733573900001, "a_hi": 1.12147026904, "a_mid": 1.0219616086800001, "a_lo": 0.92245294830500002, "sigma_a": 0.12742532047399999, "b_val": 0.90471670188200004, "b_hi": 0.96020021369800002, "b_mid": 0.90471670188200004, "b_lo": 0.84923319006599995, "sigma_b": 0.0303199883901, "cum_cov_ab": 0.054321, "MCORNERP1": 6.0, "MCORNERP2": 6.2, "MCORNERP3": 6.4, "MAXMAGP1": 5.0, "MAXMAGP2": 5.0, "utsu_bval2": 0.0, "utsu_aval": 0.0, "utsu_Minfl": 0.0, "Shape_Leng": 3.1652201349500002, "Shape_Area": 0.34019802874299998 }, "geometry": { "type": "Polygon", "coordinates": [ [ [ 9.106039714561234, 48.525290911146669 ], [ 9.193709214108992, 48.996946762283301 ], [ 9.702399317974198, 48.996821251999222 ], [ 10.466179685743953, 48.862149532874696 ], [ 9.106039714561234, 48.525290911146669 ] ] ] } },
{ "type": "Feature", "properties": { "ZONE_ID": "DEAS105", "areakm2": 56028.723163000002, "tctCluster": "Shallow Default", "CSZ_ID": "SZ04", "TECTO_ID": "TSZ054", "magScaleRe": "WC1994", "SS": 33.0, "NF": 33.0, "TF": 34.0, "MINDEPTH": 3.0, "MAXDEPTH": 25.0, "HYPODEPTH1": 8.0, "HYPODEPTH2": 10.0, "HYPODEPTH3": 15.0, "WHDEPTH1": 0.1, "WHDEPTH2": 0.4, "WHDEPTH3": 0.5, "WMAXMAG01": 0.5, "WMAXMAG02": 0.4, "WMAXMAG03": 0.1, "MAXMAG01": 6.3, "MAXMAG02": 6.6, "MAXMAG03": 6.9, "STRIKE1": 48.681958, "STRIKE2": 0.0, "STRIKE3": 199.345667, "STRIKE4": 0.0, "DIP1": 71.969938, "DIP2": 0.0, "DIP3": 49.825, "DIP4": 0.0, "aspRatio": 1.0, "mfd_bin": 0.2, "a_val": 1.12, "a_hi": 1.1735792922499999, "a_mid": 1.1201172162799999, "a_lo": 1.06665514031, "sigma_a": 0.061423452801700001, "b_val": 0.9, "b_hi": 1.0031187472900001, "b_mid": 0.9, "b_lo": 0.79688125271300003, "sigma_b": 0.104731278188, "cum_cov_ab": 0.054321, "MCORNERP1": 6.0, "MCORNERP2": 6.2, "MCORNERP3": 6.4, "MAXMAGP1": 5.2, "MAXMAGP2": 5.2, "utsu_bval2": 0.0, "utsu_aval": 0.0, "utsu_Minfl": 0.0, "Shape_Leng": 10.3904061688, "Shape_Area": 4.5213518318999997 }, "geometry": { "type": "Polygon", "coordinates": [ [ [ 9.193709214108992, 48.996946762283301 ], [ 8.97590000028481, 48.999599999740269 ], [ 8.532365008838156, 49.001303387641258 ], [ 8.648838583034205, 49.140082358214329 ], [ 8.721132069589373, 49.32483237851153 ], [ 8.783381553416007, 49.618790360087075 ], [ 8.896000000199876, 49.919999999800211 ], [ 8.737000000049989, 49.94099999965033 ], [ 8.89167838814717, 50.201697000516219 ], [ 9.135974833271973, 50.595938105559185 ], [ 9.721899999585389, 50.449300000094979 ], [ 10.314200000329777, 50.299800000069979 ], [ 10.906500000174901, 50.150300000045036 ], [ 11.503899999585371, 49.999899999885145 ], [ 11.667070577844925, 49.944139925017566 ], [ 11.931037750192047, 49.858560578507934 ], [ 12.296521485977848, 49.593484462937681 ], [ 12.595736192871072, 49.328408346468052 ], [ 12.846000000399727, 49.043000000149959 ], [ 11.691474264325905, 48.980756033664079 ], [ 11.23120000007998, 48.975100000364762 ], [ 10.920000000399739, 48.965600000239874 ], [ 10.466179685743953, 48.862149532874696 ], [ 9.702399317974198, 48.996821251999222 ], [ 9.193709214108992, 48.996946762283301 ] ] ] } },
{ "type": "Feature", "properties": { "ZONE_ID": "DEAS106", "areakm2": 3698.0541992499998, "tctCluster": "Shallow Default", "CSZ_ID": "SZ04", "TECTO_ID": "TSZ083", "magScaleRe": "WC1994", "SS": 35.0, "NF": 50.0, "TF": 15.0, "MINDEPTH": 4.0, "MAXDEPTH": 16.0, "HYPODEPTH1": 8.0, "HYPODEPTH2": 10.0, "HYPODEPTH3": 15.0, "WHDEPTH1": 0.1, "WHDEPTH2": 0.4, "WHDEPTH3": 0.5, "WMAXMAG01": 0.5, "WMAXMAG02": 0.4, "WMAXMAG03": 0.1, "MAXMAG01": 6.6, "MAXMAG02": 6.9, "MAXMAG03": 7.2, "STRIKE1": 0.0, "STRIKE2": 0.0, "STRIKE3": 0.0, "STRIKE4": 0.0, "DIP1": 89.99, "DIP2": 0.0, "DIP3": 0.0, "DIP4": 0.0, "aspRatio": 1.0, "mfd_bin": 0.2, "a_val": 1.7, "a_hi": 1.7698291022299999, "a_mid": 1.7000182023299999, "a_lo": 1.6302073024199999, "sigma_a": 0.061423452801700001, "b_val": 0.91, "b_hi": 0.98897080033499996, "b_mid": 0.91, "b_lo": 0.831029199665, "sigma_b": 0.061423452801700001, "cum_cov_ab": 0.054321, "MCORNERP1": 6.0, "MCORNERP2": 6.2, "MCORNERP3": 6.4, "MAXMAGP1": 5.8, "MAXMAGP2": 5.8, "utsu_bval2": 0.0, "utsu_aval": 0.0, "utsu_Minfl": 0.0, "Shape_Leng": 2.4433204811899998, "Shape_Area": 0.29842200894299997 }, "geometry": { "type": "Polygon", "coordinates": [ [ [ 8.076502648578412, 49.375694867823938 ], [ 8.655818334748403, 49.533433865580491 ], [ 8.783381553416007, 49.618790360087075 ], [ 8.721132069589373, 49.32483237851153 ], [ 8.648838583034205, 49.140082358214329 ], [ 8.532365008838156, 49.001303387641258 ], [ 7.875837896201972, 49.093284557236586 ], [ 8.076502648578412, 49.375694867823938 ] ] ] } },
{ "type": "Feature", "properties": { "ZONE_ID": "DEAS107", "areakm2": 14582.513105399999, "tctCluster": "Shallow Default", "CSZ_ID": "SZ04", "TECTO_ID": "TSZ083", "magScaleRe": "WC1994", "SS": 35.0, "NF": 50.0, "TF": 15.0, "MINDEPTH": 4.0, "MAXDEPTH": 16.0, "HYPODEPTH1": 8.0, "HYPODEPTH2": 10.0, "HYPODEPTH3": 15.0, "WHDEPTH1": 0.1, "WHDEPTH2": 0.4, "WHDEPTH3": 0.5, "WMAXMAG01": 0.5, "WMAXMAG02": 0.4, "WMAXMAG03": 0.1, "MAXMAG01": 6.6, "MAXMAG02": 6.9, "MAXMAG03": 7.2, "STRIKE1": 0.0, "STRIKE2": 0.0, "STRIKE3": 0.0, "STRIKE4": 0.0, "DIP1": 89.99, "DIP2": 0.0, "DIP3": 0.0, "DIP4": 0.0, "aspRatio": 1.0, "mfd_bin": 0.2, "a_val": 1.9565, "a_hi": 2.0278797908500001, "a_mid": 1.9569748223700001, "a_lo": 1.88606985389, "sigma_a": 0.14648490851599999, "b_val": 0.7443, "b_hi": 0.803354127034, "b_mid": 0.7443, "b_lo": 0.68524587296600004, "sigma_b": 0.034348015869500002, "cum_cov_ab": 0.054321, "MCORNERP1": 6.0, "MCORNERP2": 6.2, "MCORNERP3": 6.4, "MAXMAGP1": 6.4, "MAXMAGP2": 6.4, "utsu_bval2": 0.0, "utsu_aval": 0.0, "utsu_Minfl": 0.0, "Shape_Leng": 5.5373791086899997, "Shape_Area": 1.1767655700499999 }, "geometry": { "type": "Polygon", "coordinates": [ [ [ 7.875837896201972, 49.093284557236586 ], [ 8.532365008838156, 49.001303387641258 ], [ 8.319473000178846, 48.776385999814067 ], [ 8.020691164865411, 48.409564049441371 ], [ 7.930517867305753, 48.184060466417463 ], [ 7.862605943409619, 47.95553456147087 ], [ 7.899999999600368, 47.799999999900137 ], [ 7.56470993851292, 47.799999999900137 ], [ 7.434934052164806, 47.720846751876138 ], [ 7.315103825880897, 47.450357800372217 ], [ 7.181158862391612, 47.441254743911372 ], [ 7.009145338586563, 47.369339246908794 ], [ 6.865891999815972, 47.536097999623053 ], [ 6.868724346251611, 47.6203379030718 ], [ 6.867096735226198, 47.747751372927553 ], [ 7.215163088705651, 47.980972204803436 ], [ 7.381464004660131, 48.369785309544454 ], [ 7.292061012405838, 48.671008393222849 ], [ 7.394429346237359, 48.879359307586014 ], [ 7.875837896201972, 49.093284557236586 ] ] ] } },
{ "type": "Feature", "properties": { "ZONE_ID": "DEAS108", "areakm2": 3218.8610265399998, "tctCluster": "Shallow Default", "CSZ_ID": "SZ04", "TECTO_ID": "TSZ054", "magScaleRe": "WC1994", "SS": 90.0, "NF": 10.0, "TF": 0.0, "MINDEPTH": 7.0, "MAXDEPTH": 15.0, "HYPODEPTH1": 8.0, "HYPODEPTH2": 9.0, "HYPODEPTH3": 10.0, "WHDEPTH1": 0.1, "WHDEPTH2": 0.4, "WHDEPTH3": 0.5, "WMAXMAG01": 0.5, "WMAXMAG02": 0.4, "WMAXMAG03": 0.1, "MAXMAG01": 6.3, "MAXMAG02": 6.6, "MAXMAG03": 6.9, "STRIKE1": 0.0, "STRIKE2": 0.0, "STRIKE3": 0.0, "STRIKE4": 0.0, "DIP1": 89.99, "DIP2": 0.0, "DIP3": 0.0, "DIP4": 0.0, "aspRatio": 1.0, "mfd_bin": 0.2, "a_val": 2.1, "a_hi": 2.2182369143199998, "a_mid": 2.1003219626499998, "a_lo": 1.9824070109900001, "sigma_a": 0.21651311772500001, "b_val": 0.9, "b_hi": 0.969431769103, "b_mid": 0.9, "b_lo": 0.83056823089700005, "sigma_b": 0.047480754241199997, "cum_cov_ab": 0.054321, "MCORNERP1": 6.0, "MCORNERP2": 6.2, "MCORNERP3": 6.4, "MAXMAGP1": 6.0, "MAXMAGP2": 6.2, "utsu_bval2": 0.0, "utsu_aval": 0.0, "utsu_Minfl": 0.0, "Shape_Leng": 2.7129964325000002, "Shape_Area": 0.259752541211 }, "geometry": { "type": "Polygon", "coordinates": [ [ [ 11.431000000349798, 48.788000000299803 ], [ 10.577286991801259, 48.60623561138442 ], [ 10.466179685743953, 48.862149532874696 ], [ 10.920000000399739, 48.965600000239874 ], [ 11.23120000007998, 48.975100000364762 ], [ 11.691474264325905, 48.980756033664079 ], [ 11.431000000349798, 48.788000000299803 ] ] ] } },
{ "type": "Feature", "properties": { "ZONE_ID": "DEAS109", "areakm2": 1867.0931635899999, "tctCluster": "Shallow Default", "CSZ_ID": "SZ04", "TECTO_ID": "TSZ083", "magScaleRe": "WC1994", "SS": 35.0, "NF": 50.0, "TF": 15.0, "MINDEPTH": 4.0, "MAXDEPTH": 16.0, "HYPODEPTH1": 8.0, "HYPODEPTH2": 10.0, "HYPODEPTH3": 15.0, "WHDEPTH1": 0.1, "WHDEPTH2": 0.4, "WHDEPTH3": 0.5, "WMAXMAG01": 0.5, "WMAXMAG02": 0.4, "WMAXMAG03": 0.1, "MAXMAG01": 6.6, "MAXMAG02": 6.9, "MAXMAG03": 7.2, "STRIKE1": 0.0, "STRIKE2": 0.0, "STRIKE3": 0.0, "STRIKE4": 0.0, "DIP1": 89.99, "DIP2": 0.0, "DIP3": 0.0, "DIP4": 0.0, "aspRatio": 1.0, "mfd_bin": 0.2, "a_val": 2.65, "a_hi": 2.7516446134199999, "a_mid": 2.6504430272700001, "a_lo": 2.54924144112, "sigma_a": 0.22822215392600001, "b_val": 0.91, "b_hi": 0.98108174193099995, "b_mid": 0.91, "b_lo": 0.838918258069, "sigma_b": 0.049764227998699999, "cum_cov_ab": 0.054321, "MCORNERP1": 6.0, "MCORNERP2": 6.2, "MCORNERP3": 6.4, "MAXMAGP1": 6.2, "MAXMAGP2": 6.4, "utsu_bval2": 0.0, "utsu_aval": 0.0, "utsu_Minfl": 0.0, "Shape_Leng": 2.0073731321000001, "Shape_Area": 0.15066888216900001 }, "geometry": { "type": "Polygon", "coordinates": [ [ [ 7.071999999600337, 50.612 ], [ 7.416584722207233, 50.574922595101725 ], [ 7.68399999960036, 50.365999999700307 ], [ 7.719667000431798, 50.122332999968023 ], [ 7.48036136008875, 50.247673996557751 ], [ 7.324962768816761, 50.325409660327637 ], [ 7.210749101889576, 50.418286708464905 ], [ 7.08448651963721, 50.50614337581618 ], [ 6.926595538253537, 50.520702480635009 ], [ 7.071999999600337, 50.612 ] ] ] } },
{ "type": "Feature", "properties": { "ZONE_ID": "DEAS110", "areakm2": 2683.35196443, "tctCluster": "Shallow Default", "CSZ_ID": "SZ04", "TECTO_ID": "TSZ083", "magScaleRe": "WC1994", "SS": 35.0, "NF": 50.0, "TF": 15.0, "MINDEPTH": 4.0, "MAXDEPTH": 16.0, "HYPODEPTH1": 8.0, "HYPODEPTH2": 10.0, "HYPODEPTH3": 15.0, "WHDEPTH1": 0.1, "WHDEPTH2": 0.4, "WHDEPTH3": 0.5, "WMAXMAG01": 0.5, "WMAXMAG02": 0.4, "WMAXMAG03": 0.1, "MAXMAG01": 6.6, "MAXMAG02": 6.9, "MAXMAG03": 7.2, "STRIKE1": 0.0, "STRIKE2": 0.0, "STRIKE3": 0.0, "STRIKE4": 0.0, "DIP1": 89.99, "DIP2": 0.0, "DIP3": 0.0, "DIP4": 0.0, "aspRatio": 1.0, "mfd_bin": 0.2, "a_val": 2.05, "a_hi": 2.1196959990100002, "a_mid": 2.0499006458400002, "a_lo": 1.98010529267, "sigma_a": 0.061423452801700001, "b_val": 0.91, "b_hi": 0.98897080033499996, "b_mid": 0.91, "b_lo": 0.831029199665, "sigma_b": 0.061423452801700001, "cum_cov_ab": 0.054321, "MCORNERP1": 6.0, "MCORNERP2": 6.2, "MCORNERP3": 6.4, "MAXMAGP1": 6.0, "MAXMAGP2": 6.2, "utsu_bval2": 0.0, "utsu_aval": 0.0, "utsu_Minfl": 0.0, "Shape_Leng": 2.0737022254799999, "Shape_Area": 0.21653854696200001 }, "geometry": { "type": "Polygon", "coordinates": [ [ [ 7.719667000431798, 50.122332999968023 ], [ 7.68399999960036, 50.365999999700307 ], [ 7.828381472227193, 50.454809979896709 ], [ 8.481101599958947, 50.267667434704379 ], [ 8.263703414081363, 50.175270852967571 ], [ 8.235954042744936, 49.973402510017877 ], [ 8.071955000023308, 50.000846000342676 ], [ 7.719667000431798, 50.122332999968023 ] ] ] } },
{ "type": "Feature", "properties": { "ZONE_ID": "DEAS111", "areakm2": 32341.488698699999, "tctCluster": "Shallow Default", "CSZ_ID": "SZ04", "TECTO_ID": "TSZ063", "magScaleRe": "WC1994", "SS": 90.0, "NF": 10.0, "TF": 0.0, "MINDEPTH": 5.0, "MAXDEPTH": 17.0, "HYPODEPTH1": 8.0, "HYPODEPTH2": 10.0, "HYPODEPTH3": 15.0, "WHDEPTH1": 0.1, "WHDEPTH2": 0.4, "WHDEPTH3": 0.5, "WMAXMAG01": 0.5, "WMAXMAG02": 0.4, "WMAXMAG03": 0.1, "MAXMAG01": 6.3, "MAXMAG02": 6.6, "MAXMAG03": 6.9, "STRIKE1": 0.0, "STRIKE2": 0.0, "STRIKE3": 0.0, "STRIKE4": 0.0, "DIP1": 89.99, "DIP2": 0.0, "DIP3": 0.0, "DIP4": 0.0, "aspRatio": 1.0, "mfd_bin": 0.2, "a_val": 2.45, "a_hi": 2.4665687463000001, "a_mid": 2.4499865330200001, "a_lo": 2.4334043197300002, "sigma_a": 0.02, "b_val": 1.05, "b_hi": 1.095062411, "b_mid": 1.05, "b_lo": 1.004937589, "sigma_b": 0.02, "cum_cov_ab": 0.054321, "MCORNERP1": 6.0, "MCORNERP2": 6.2, "MCORNERP3": 6.4, "MAXMAGP1": 5.8, "MAXMAGP2": 5.8, "utsu_bval2": 0.0, "utsu_aval": 0.0, "utsu_Minfl": 0.0, "Shape_Leng": 7.4018587928899997, "Shape_Area": 2.6098622440599999 }, "geometry": { "type": "Polygon", "coordinates": [ [ [ 11.503899999585371, 49.999899999885145 ], [ 10.906500000174901, 50.150300000045036 ], [ 10.314200000329777, 50.299800000069979 ], [ 9.721899999585389, 50.449300000094979 ], [ 9.135974833271973, 50.595938105559185 ], [ 9.432679348872909, 51.099984356792675 ], [ 12.02790852295999, 51.235629013768005 ], [ 12.041360622594709, 51.017452774026367 ], [ 12.046381003380645, 50.728278829604335 ], [ 12.064454374569777, 50.338195226528512 ], [ 12.097000000349794, 50.088000000399745 ], [ 11.667070577844925, 49.944139925017566 ], [ 11.503899999585371, 49.999899999885145 ] ] ] } },
{ "type": "Feature", "properties": { "ZONE_ID": "DEAS112", "areakm2": 3060.5356148800001, "tctCluster": "Shallow Default", "CSZ_ID": "SZ04", "TECTO_ID": "TSZ104", "magScaleRe": "WC1994", "SS": 90.0, "NF": 10.0, "TF": 0.0, "MINDEPTH": 8.0, "MAXDEPTH": 18.0, "HYPODEPTH1": 8.0, "HYPODEPTH2": 10.0, "HYPODEPTH3": 15.0, "WHDEPTH1": 0.1, "WHDEPTH2": 0.4, "WHDEPTH3": 0.5, "WMAXMAG01": 0.5, "WMAXMAG02": 0.4, "WMAXMAG03": 0.1, "MAXMAG01": 6.6, "MAXMAG02": 6.9, "MAXMAG03": 7.2, "STRIKE1": 0.0, "STRIKE2": 152.120717, "STRIKE3": 0.0, "STRIKE4": 0.0, "DIP1": 56.63345, "DIP2": 56.63345, "DIP3": 0.0, "DIP4": 0.0, "aspRatio": 1.0, "mfd_bin": 0.2, "a_val": 2.6, "a_hi": 2.6696730683599998, "a_mid": 2.5998683954000001, "a_lo": 2.53006372243, "sigma_a": 0.061423452801700001, "b_val": 1.05, "b_hi": 1.1289708003300001, "b_mid": 1.05, "b_lo": 0.97102919966500001, "sigma_b": 0.061423452801700001, "cum_cov_ab": 0.054321, "MCORNERP1": 6.0, "MCORNERP2": 6.2, "MCORNERP3": 6.4, "MAXMAGP1": 5.8, "MAXMAGP2": 6.0, "utsu_bval2": 0.0, "utsu_aval": 0.0, "utsu_Minfl": 0.0, "Shape_Leng": 4.1837309387300001, "Shape_Area": 0.24697614941500001 }, "geometry": { "type": "Polygon", "coordinates": [ [ [ 5.956001392650194, 51.752070117142239 ], [ 6.214000000199917, 51.747000000249841 ], [ 6.387999999600368, 51.374999999950091 ], [ 7.416584722207233, 50.574922595101725 ], [ 7.071999999600337, 50.612 ], [ 6.626999999950101, 50.999999999800195 ], [ 6.582429000398122, 51.012534999590628 ], [ 6.3742500004372, 51.067999999700305 ], [ 6.276999999750217, 51.129999999900122 ], [ 6.420000000399739, 51.232000000199889 ], [ 6.323999999800208, 51.344000000299843 ], [ 6.22500000024985, 51.578499999975065 ], [ 5.956001392650194, 51.752070117142239 ] ] ] } },
{ "type": "Feature", "properties": { "ZONE_ID": "DEAS113", "areakm2": 1300.14297199, "tctCluster": "Shallow Default", "CSZ_ID": "SZ04", "TECTO_ID": "TSZ054", "magScaleRe": "WC1994", "SS": 90.0, "NF": 10.0, "TF": 0.0, "MINDEPTH": 7.0, "MAXDEPTH": 15.0, "HYPODEPTH1": 8.0, "HYPODEPTH2": 9.0, "HYPODEPTH3": 10.0, "WHDEPTH1": 0.1, "WHDEPTH2": 0.4, "WHDEPTH3": 0.5, "WMAXMAG01": 0.5, "WMAXMAG02": 0.4, "WMAXMAG03": 0.1, "MAXMAG01": 6.3, "MAXMAG02": 6.6, "MAXMAG03": 6.9, "STRIKE1": 0.0, "STRIKE2": 0.0, "STRIKE3": 196.873583, "STRIKE4": 0.0, "DIP1": 75.79925, "DIP2": 0.0, "DIP3": 75.79925, "DIP4": 0.0, "aspRatio": 1.0, "mfd_bin": 0.2, "a_val": 2.71, "a_hi": 2.7265459593200001, "a_mid": 2.7100520716999998, "a_lo": 2.69355818409, "sigma_a": 0.02, "b_val": 0.94, "b_hi": 0.98506241100199998, "b_mid": 0.94, "b_lo": 0.89493758899800002, "sigma_b": 0.02, "cum_cov_ab": 0.054321, "MCORNERP1": 6.0, "MCORNERP2": 6.2, "MCORNERP3": 6.4, "MAXMAGP1": 6.2, "MAXMAGP2": 6.4, "utsu_bval2": 0.0, "utsu_aval": 0.0, "utsu_Minfl": 0.0, "Shape_Leng": 1.27868678651, "Shape_Area": 0.10491768286100001 }, "geometry": { "type": "Polygon", "coordinates": [ [ [ 9.098000000299805, 48.126000000399756 ], [ 8.799999999600345, 48.152999999950111 ], [ 8.866435284360932, 48.469336097982591 ], [ 9.106039714561234, 48.525290911146669 ], [ 9.147984525565448, 48.300996447727925 ], [ 9.098000000299805, 48.126000000399756 ] ] ] } },
{ "type": "Feature", "properties": { "ZONE_ID": "DEAS114", "areakm2": 927.69579354999996, "tctCluster": "Shallow Default", "CSZ_ID": "SZ04", "TECTO_ID": "TSZ054", "magScaleRe": "WC1994", "SS": 90.0, "NF": 10.0, "TF": 0.0, "MINDEPTH": 7.0, "MAXDEPTH": 15.0, "HYPODEPTH1": 8.0, "HYPODEPTH2": 9.0, "HYPODEPTH3": 10.0, "WHDEPTH1": 0.1, "WHDEPTH2": 0.4, "WHDEPTH3": 0.5, "WMAXMAG01": 0.5, "WMAXMAG02": 0.4, "WMAXMAG03": 0.1, "MAXMAG01": 6.3, "MAXMAG02": 6.6, "MAXMAG03": 6.9, "STRIKE1": 0.0, "STRIKE2": 0.0, "STRIKE3": 0.0, "STRIKE4": 0.0, "DIP1": 89.99, "DIP2": 0.0, "DIP3": 0.0, "DIP4": 0.0, "aspRatio": 1.0, "mfd_bin": 0.2, "a_val": 1.72, "a_hi": 1.7289500394399999, "a_mid": 1.7199787127799999, "a_lo": 1.7110073861099999, "sigma_a": 0.02, "b_val": 0.9, "b_hi": 0.93186393639599996, "b_mid": 0.9, "b_lo": 0.86813606360399997, "sigma_b": 0.01, "cum_cov_ab": 0.054321, "MCORNERP1": 6.0, "MCORNERP2": 6.2, "MCORNERP3": 6.4, "MAXMAGP1": 5.8, "MAXMAGP2": 5.8, "utsu_bval2": 0.0, "utsu_aval": 0.0, "utsu_Minfl": 0.0, "Shape_Leng": 1.3530619805099999, "Shape_Area": 0.074862299915600006 }, "geometry": { "type": "Polygon", "coordinates": [ [ [ 9.098000000299805, 48.126000000399756 ], [ 9.606600251100758, 48.109108073079142 ], [ 9.584349765529282, 47.97194185133543 ], [ 9.036000000099989, 47.982000000399751 ], [ 9.098000000299805, 48.126000000399756 ] ] ] } },
{ "type": "Feature", "properties": { "ZONE_ID": "DEAS115", "areakm2": 1792.44673111, "tctCluster": "Shallow Default", "CSZ_ID": "SZ04", "TECTO_ID": "TSZ083", "magScaleRe": "WC1994", "SS": 33.0, "NF": 33.0, "TF": 34.0, "MINDEPTH": 3.0, "MAXDEPTH": 25.0, "HYPODEPTH1": 8.0, "HYPODEPTH2": 10.0, "HYPODEPTH3": 15.0, "WHDEPTH1": 0.1, "WHDEPTH2": 0.4, "WHDEPTH3": 0.5, "WMAXMAG01": 0.5, "WMAXMAG02": 0.4, "WMAXMAG03": 0.1, "MAXMAG01": 6.3, "MAXMAG02": 6.6, "MAXMAG03": 6.9, "STRIKE1": 48.681958, "STRIKE2": 0.0, "STRIKE3": 199.345667, "STRIKE4": 0.0, "DIP1": 71.969938, "DIP2": 0.0, "DIP3": 49.825, "DIP4": 0.0, "aspRatio": 1.0, "mfd_bin": 0.2, "a_val": 1.5, "a_hi": 1.5697636260300001, "a_mid": 1.4999035328799999, "a_lo": 1.4300434397399999, "sigma_a": 0.061423452801700001, "b_val": 0.91, "b_hi": 0.98897080033499996, "b_mid": 0.91, "b_lo": 0.831029199665, "sigma_b": 0.061423452801700001, "cum_cov_ab": 0.054321, "MCORNERP1": 6.0, "MCORNERP2": 6.2, "MCORNERP3": 6.4, "MAXMAGP1": 5.6, "MAXMAGP2": 5.6, "utsu_bval2": 0.0, "utsu_aval": 0.0, "utsu_Minfl": 0.0, "Shape_Leng": 1.6503423455799999, "Shape_Area": 0.144645136664 }, "geometry": { "type": "Polygon", "coordinates": [ [ [ 7.68399999960036, 50.365999999700307 ], [ 7.416584722207233, 50.574922595101725 ], [ 7.88, 50.79899999995007 ], [ 8.115000000249836, 50.67199999970029 ], [ 7.828381472227193, 50.454809979896709 ], [ 7.68399999960036, 50.365999999700307 ] ] ] } },
{ "type": "Feature", "properties": { "ZONE_ID": "DEAS116", "areakm2": 4454.7537762100001, "tctCluster": "Shallow Default", "CSZ_ID": "SZ04", "TECTO_ID": "TSZ054", "magScaleRe": "WC1994", "SS": 90.0, "NF": 10.0, "TF": 0.0, "MINDEPTH": 6.0, "MAXDEPTH": 11.0, "HYPODEPTH1": 7.0, "HYPODEPTH2": 8.0, "HYPODEPTH3": 9.0, "WHDEPTH1": 0.3, "WHDEPTH2": 0.4, "WHDEPTH3": 0.3, "WMAXMAG01": 0.5, "WMAXMAG02": 0.4, "WMAXMAG03": 0.1, "MAXMAG01": 6.3, "MAXMAG02": 6.6, "MAXMAG03": 6.9, "STRIKE1": 0.0, "STRIKE2": 0.0, "STRIKE3": 0.0, "STRIKE4": 0.0, "DIP1": 89.99, "DIP2": 0.0, "DIP3": 0.0, "DIP4": 0.0, "aspRatio": 1.0, "mfd_bin": 0.2, "a_val": 1.85, "a_hi": 1.85924614805, "a_mid": 1.8503104457, "a_lo": 1.8413747433500001, "sigma_a": 0.02, "b_val": 0.9, "b_hi": 0.93186393639599996, "b_mid": 0.9, "b_lo": 0.86813606360399997, "sigma_b": 0.01, "cum_cov_ab": 0.054321, "MCORNERP1": 6.0, "MCORNERP2": 6.2, "MCORNERP3": 6.4, "MAXMAGP1": 6.0, "MAXMAGP2": 6.0, "utsu_bval2": 0.0, "utsu_aval": 0.0, "utsu_Minfl": 0.0, "Shape_Leng": 3.3699406213600001, "Shape_Area": 0.35948542162300001 }, "geometry": { "type": "Polygon", "coordinates": [ [ [ 10.466179685743953, 48.862149532874696 ], [ 10.577286991801259, 48.60623561138442 ], [ 10.180900926336733, 48.521530406802867 ], [ 9.147984525565448, 48.300996447727925 ], [ 9.106039714561234, 48.525290911146669 ], [ 10.466179685743953, 48.862149532874696 ] ] ] } },
{ "type": "Feature", "properties": { "ZONE_ID": "DEAS117", "areakm2": 1079.82835671, "tctCluster": "Shallow Default", "CSZ_ID": "SZ04", "TECTO_ID": "TSZ057", "magScaleRe": "WC1994", "SS": 90.0, "NF": 10.0, "TF": 0.0, "MINDEPTH": 5.0, "MAXDEPTH": 17.0, "HYPODEPTH1": 6.0, "HYPODEPTH2": 10.0, "HYPODEPTH3": 15.0, "WHDEPTH1": 0.1, "WHDEPTH2": 0.4, "WHDEPTH3": 0.5, "WMAXMAG01": 0.5, "WMAXMAG02": 0.4, "WMAXMAG03": 0.1, "MAXMAG01": 6.3, "MAXMAG02": 6.6, "MAXMAG03": 6.9, "STRIKE1": 0.0, "STRIKE2": 0.0, "STRIKE3": 0.0, "STRIKE4": 0.0, "DIP1": 89.99, "DIP2": 0.0, "DIP3": 0.0, "DIP4": 0.0, "aspRatio": 1.0, "mfd_bin": 0.2, "a_val": 2.8, "a_hi": 2.8090093606100002, "a_mid": 2.8000541679299999, "a_lo": 2.7910989752600002, "sigma_a": 0.02, "b_val": 1.08, "b_hi": 1.1118639364, "b_mid": 1.08, "b_lo": 1.0481360636, "sigma_b": 0.01, "cum_cov_ab": 0.054321, "MCORNERP1": 6.0, "MCORNERP2": 6.2, "MCORNERP3": 6.4, "MAXMAGP1": 5.8, "MAXMAGP2": 6.0, "utsu_bval2": 0.0, "utsu_aval": 0.0, "utsu_Minfl": 0.0, "Shape_Leng": 1.2989731798, "Shape_Area": 0.087138946482999996 }, "geometry": { "type": "Polygon", "coordinates": [ [ [ 12.479666999732274, 50.754000000399742 ], [ 12.046381003380645, 50.728278829604335 ], [ 12.041360622594709, 51.017452774026367 ], [ 12.480283000260329, 50.865089999903603 ], [ 12.479666999732274, 50.754000000399742 ] ] ] } },
{ "type": "Feature", "properties": { "ZONE_ID": "DEAS118", "areakm2": 1920.5697066, "tctCluster": "Shallow Default", "CSZ_ID": "SZ04", "TECTO_ID": "TSZ057", "magScaleRe": "WC1994", "SS": 90.0, "NF": 10.0, "TF": 0.0, "MINDEPTH": 5.0, "MAXDEPTH": 17.0, "HYPODEPTH1": 8.0, "HYPODEPTH2": 10.0, "HYPODEPTH3": 15.0, "WHDEPTH1": 0.1, "WHDEPTH2": 0.4, "WHDEPTH3": 0.5, "WMAXMAG01": 0.5, "WMAXMAG02": 0.4, "WMAXMAG03": 0.1, "MAXMAG01": 6.3, "MAXMAG02": 6.6, "MAXMAG03": 6.9, "STRIKE1": 0.0, "STRIKE2": 0.0, "STRIKE3": 0.0, "STRIKE4": 0.0, "DIP1": 89.99, "DIP2": 0.0, "DIP3": 0.0, "DIP4": 0.0, "aspRatio": 1.0, "mfd_bin": 0.2, "a_val": 2.6, "a_hi": 2.6089359322700001, "a_mid": 2.6000100750100001, "a_lo": 2.5910842177500002, "sigma_a": 0.02, "b_val": 1.08, "b_hi": 1.1118639364, "b_mid": 1.08, "b_lo": 1.0481360636, "sigma_b": 0.01, "cum_cov_ab": 0.054321, "MCORNERP1": 6.0, "MCORNERP2": 6.2, "MCORNERP3": 6.4, "MAXMAGP1": 5.8, "MAXMAGP2": 5.8, "utsu_bval2": 0.0, "utsu_aval": 0.0, "utsu_Minfl": 0.0, "Shape_Leng": 1.60058469201, "Shape_Area": 0.15498428102100001 }, "geometry": { "type": "Polygon", "coordinates": [ [ [ 12.479666999732274, 50.754000000399742 ], [ 12.532231000060676, 50.468291999975861 ], [ 12.064454374569777, 50.338195226528512 ], [ 12.046381003380645, 50.728278829604335 ], [ 12.479666999732274, 50.754000000399742 ] ] ] } },
{ "type": "Feature", "properties": { "ZONE_ID": "DEAS119", "areakm2": 2466.8831662799998, "tctCluster": "Shallow Default", "CSZ_ID": "SZ04", "TECTO_ID": "TSZ057", "magScaleRe": "WC1994", "SS": 90.0, "NF": 10.0, "TF": 0.0, "MINDEPTH": 5.0, "MAXDEPTH": 17.0, "HYPODEPTH1": 8.0, "HYPODEPTH2": 10.0, "HYPODEPTH3": 15.0, "WHDEPTH1": 0.1, "WHDEPTH2": 0.4, "WHDEPTH3": 0.5, "WMAXMAG01": 0.5, "WMAXMAG02": 0.4, "WMAXMAG03": 0.1, "MAXMAG01": 6.3, "MAXMAG02": 6.6, "MAXMAG03": 6.9, "STRIKE1": 0.0, "STRIKE2": 0.0, "STRIKE3": 0.0, "STRIKE4": 0.0, "DIP1": 89.99, "DIP2": 0.0, "DIP3": 0.0, "DIP4": 0.0, "aspRatio": 1.0, "mfd_bin": 0.2, "a_val": 2.15, "a_hi": 2.2197253364899998, "a_mid": 2.1498857066700001, "a_lo": 2.08004607685, "sigma_a": 0.061423452801700001, "b_val": 1.08, "b_hi": 1.1589708003300001, "b_mid": 1.08, "b_lo": 1.00102919967, "sigma_b": 0.061423452801700001, "cum_cov_ab": 0.054321, "MCORNERP1": 6.0, "MCORNERP2": 6.2, "MCORNERP3": 6.4, "MAXMAGP1": 5.4, "MAXMAGP2": 5.4, "utsu_bval2": 0.0, "utsu_aval": 0.0, "utsu_Minfl": 0.0, "Shape_Leng": 1.8986921992000001, "Shape_Area": 0.19907015717500001 }, "geometry": { "type": "Polygon", "coordinates": [ [ [ 12.483999999900107, 51.535000000349783 ], [ 12.480283000260329, 50.865089999903603 ], [ 12.041360622594709, 51.017452774026367 ], [ 12.02790852295999, 51.235629013768005 ], [ 12.483999999900107, 51.535000000349783 ] ] ] } },
{ "type": "Feature", "properties": { "ZONE_ID": "DEAS120", "areakm2": 4728.7232302299999, "tctCluster": "Shallow Default", "CSZ_ID": "SZ04", "TECTO_ID": "TSZ054", "magScaleRe": "WC1994", "SS": 33.0, "NF": 33.0, "TF": 34.0, "MINDEPTH": 0.0, "MAXDEPTH": 34.0, "HYPODEPTH1": 8.0, "HYPODEPTH2": 10.0, "HYPODEPTH3": 15.0, "WHDEPTH1": 0.1, "WHDEPTH2": 0.4, "WHDEPTH3": 0.5, "WMAXMAG01": 0.5, "WMAXMAG02": 0.4, "WMAXMAG03": 0.1, "MAXMAG01": 6.3, "MAXMAG02": 6.6, "MAXMAG03": 6.9, "STRIKE1": 0.0, "STRIKE2": 0.0, "STRIKE3": 0.0, "STRIKE4": 0.0, "DIP1": 89.99, "DIP2": 0.0, "DIP3": 0.0, "DIP4": 0.0, "aspRatio": 1.0, "mfd_bin": 0.2, "a_val": 2.15, "a_hi": 2.1546089174600001, "a_mid": 2.1509010846300001, "a_lo": 2.1471932518100001, "sigma_a": 0.02, "b_val": 0.9, "b_hi": 0.93186393639599996, "b_mid": 0.9, "b_lo": 0.86813606360399997, "sigma_b": 0.01, "cum_cov_ab": 0.128181671858, "MCORNERP1": 6.0, "MCORNERP2": 6.2, "MCORNERP3": 6.4, "MAXMAGP1": 6.0, "MAXMAGP2": 6.2, "utsu_bval2": 0.0, "utsu_aval": 0.0, "utsu_Minfl": 0.0, "Shape_Leng": 3.1972508804099999, "Shape_Area": 0.381593943627 }, "geometry": { "type": "Polygon", "coordinates": [ [ [ 8.319473000178846, 48.776385999814067 ], [ 8.298608000259037, 48.311017999780915 ], [ 8.281159999634326, 47.932993000426677 ], [ 8.278701999597672, 47.870013 ], [ 8.269000000050028, 47.658000000399738 ], [ 7.757154105877305, 47.425210308908675 ], [ 7.899999999600368, 47.799999999900137 ], [ 7.862605943409619, 47.95553456147087 ], [ 7.930517867305753, 48.184060466417463 ], [ 8.020691164865411, 48.409564049441371 ], [ 8.319473000178846, 48.776385999814067 ] ] ] } },
{ "type": "Feature", "properties": { "ZONE_ID": "DKAS121", "areakm2": 85736.040829799997, "tctCluster": "Shallow Default", "CSZ_ID": "SZ49", "TECTO_ID": "TSZ007", "magScaleRe": "WC1994", "SS": 50.0, "NF": 40.0, "TF": 10.0, "MINDEPTH": 0.0, "MAXDEPTH": 20.0, "HYPODEPTH1": 8.0, "HYPODEPTH2": 10.0, "HYPODEPTH3": 15.0, "WHDEPTH1": 0.1, "WHDEPTH2": 0.4, "WHDEPTH3": 0.5, "WMAXMAG01": 0.5, "WMAXMAG02": 0.4, "WMAXMAG03": 0.1, "MAXMAG01": 6.3, "MAXMAG02": 6.6, "MAXMAG03": 6.9, "STRIKE1": 0.0, "STRIKE2": 0.0, "STRIKE3": 0.0, "STRIKE4": 0.0, "DIP1": 89.99, "DIP2": 0.0, "DIP3": 0.0, "DIP4": 0.0, "aspRatio": 1.0, "mfd_bin": 0.2, "a_val": 1.975, "a_hi": 1.9805474993400001, "a_mid": 1.9747440571, "a_lo": 1.9689406148599999, "sigma_a": 0.01, "b_val": 1.04, "b_hi": 1.0718639364, "b_mid": 1.04, "b_lo": 1.0081360636000001, "sigma_b": 0.01, "cum_cov_ab": 0.054321, "MCORNERP1": 6.0, "MCORNERP2": 6.2, "MCORNERP3": 6.4, "MAXMAGP1": 5.4, "MAXMAGP2": 5.4, "utsu_bval2": 0.0, "utsu_aval": 0.0, "utsu_Minfl": 0.0, "Shape_Leng": 11.2674843012, "Shape_Area": 6.91864428406 }, "geometry": { "type": "Polygon", "coordinates": [ [ [ 9.999999999900126, 58.1 ], [ 10.420017000384291, 58.039916000023425 ], [ 10.689999999600332, 56.709999999900106 ], [ 11.470000000199889, 56.049999999600345 ], [ 10.893603735524039, 55.277429489079736 ], [ 8.314687999851344, 55.510095000384013 ], [ 7.195391540287403, 55.675525029056928 ], [ 8.21468430653556, 57.0406882291785 ], [ 9.999999999900126, 58.1 ] ] ] } },
{ "type": "Feature", "properties": { "ZONE_ID": "ESAS123", "areakm2": 26915.207536599999, "tctCluster": "Shallow Default", "CSZ_ID": "SZ19", "TECTO_ID": "TSZ115", "magScaleRe": "WC1994", "SS": 30.0, "NF": 60.0, "TF": 10.0, "MINDEPTH": 0.0, "MAXDEPTH": 20.0, "HYPODEPTH1": 2.0, "HYPODEPTH2": 10.0, "HYPODEPTH3": 18.0, "WHDEPTH1": 0.1, "WHDEPTH2": 0.4, "WHDEPTH3": 0.5, "WMAXMAG01": 0.5, "WMAXMAG02": 0.4, "WMAXMAG03": 0.1, "MAXMAG01": 6.3, "MAXMAG02": 6.6, "MAXMAG03": 6.9, "STRIKE1": 0.0, "STRIKE2": 0.0, "STRIKE3": 0.0, "STRIKE4": 0.0, "DIP1": 89.99, "DIP2": 0.0, "DIP3": 0.0, "DIP4": 0.0, "aspRatio": 1.0, "mfd_bin": 0.2, "a_val": 2.7703, "a_hi": 2.7758874264200002, "a_mid": 2.7700311696100002, "a_lo": 2.7641749127900002, "sigma_a": 0.01, "b_val": 0.98, "b_hi": 1.0118639364, "b_mid": 0.98, "b_lo": 0.94813606360400005, "sigma_b": 0.01, "cum_cov_ab": 0.054321, "MCORNERP1": 6.0, "MCORNERP2": 6.2, "MCORNERP3": 6.4, "MAXMAGP1": 6.2, "MAXMAGP2": 6.2, "utsu_bval2": 0.0, "utsu_aval": 0.0, "utsu_Minfl": 0.0, "Shape_Leng": 7.7942850540400004, "Shape_Area": 2.1719774438399999 }, "geometry": { "type": "Polygon", "coordinates": [ [ [ -2.096477999659896, 43.486216999714827 ], [ -1.937674223486567, 43.101566684954605 ], [ -2.490061972781746, 42.534341125542539 ], [ -5.296179155743403, 43.713921524159048 ], [ -5.340624713359773, 43.971677144784451 ], [ -2.976200999876198, 43.64604700036881 ], [ -2.096477999659896, 43.486216999714827 ] ] ] } },
{ "type": "Feature", "properties": { "ZONE_ID": "ESAS124", "areakm2": 13077.0019221, "tctCluster": "Shallow Default", "CSZ_ID": "SZ19", "TECTO_ID": "TSZ115", "magScaleRe": "WC1994", "SS": 30.0, "NF": 30.0, "TF": 40.0, "MINDEPTH": 0.0, "MAXDEPTH": 20.0, "HYPODEPTH1": 2.0, "HYPODEPTH2": 10.0, "HYPODEPTH3": 18.0, "WHDEPTH1": 0.1, "WHDEPTH2": 0.4, "WHDEPTH3": 0.5, "WMAXMAG01": 0.5, "WMAXMAG02": 0.4, "WMAXMAG03": 0.1, "MAXMAG01": 6.3, "MAXMAG02": 6.6, "MAXMAG03": 6.9, "STRIKE1": 0.0, "STRIKE2": 0.0, "STRIKE3": 0.0, "STRIKE4": 0.0, "DIP1": 89.99, "DIP2": 0.0, "DIP3": 0.0, "DIP4": 0.0, "aspRatio": 1.0, "mfd_bin": 0.2, "a_val": 3.05, "a_hi": 3.0665034009799998, "a_mid": 3.0499092675299999, "a_lo": 3.03331513408, "sigma_a": 0.02, "b_val": 0.98, "b_hi": 1.025062411, "b_mid": 0.98, "b_lo": 0.93493758899799995, "sigma_b": 0.02, "cum_cov_ab": 0.054321, "MCORNERP1": 6.0, "MCORNERP2": 6.2, "MCORNERP3": 6.4, "MAXMAGP1": 6.2, "MAXMAGP2": 6.4, "utsu_bval2": 0.0, "utsu_aval": 0.0, "utsu_Minfl": 0.0, "Shape_Leng": 4.6535368872799996, "Shape_Area": 1.0552752811199999 }, "geometry": { "type": "Polygon", "coordinates": [ [ [ -0.522499999575246, 42.750300000444724 ], [ -0.848624000397251, 42.214086999715335 ], [ -2.490061972781746, 42.534341125542539 ], [ -1.937674223486567, 43.101566684954605 ], [ -1.644957006860352, 42.991743034313629 ], [ -0.797481999994261, 42.99623899973011 ], [ -0.756506999898079, 42.858222000445039 ], [ -0.605938000038634, 42.788774000319904 ], [ -0.522499999575246, 42.750300000444724 ] ] ] } },
{ "type": "Feature", "properties": { "ZONE_ID": "ESAS125", "areakm2": 16856.151106099998, "tctCluster": "Shallow Default", "CSZ_ID": "SZ19", "TECTO_ID": "TSZ099", "magScaleRe": "WC1994", "SS": 30.0, "NF": 30.0, "TF": 40.0, "MINDEPTH": 0.0, "MAXDEPTH": 20.0, "HYPODEPTH1": 2.0, "HYPODEPTH2": 10.0, "HYPODEPTH3": 18.0, "WHDEPTH1": 0.1, "WHDEPTH2": 0.4, "WHDEPTH3": 0.5, "WMAXMAG01": 0.5, "WMAXMAG02": 0.4, "WMAXMAG03": 0.1, "MAXMAG01": 6.3, "MAXMAG02": 6.6, "MAXMAG03": 6.9, "STRIKE1": 2.267833, "STRIKE2": 143.288033, "STRIKE3": 0.0, "STRIKE4": 319.5088, "DIP1": 60.524667, "DIP2": 57.568, "DIP3": 0.0, "DIP4": 58.8023, "aspRatio": 1.0, "mfd_bin": 0.2, "a_val": 2.3, "a_hi": 2.3091119715100001, "a_mid": 2.30020036712, "a_lo": 2.2912887627299998, "sigma_a": 0.02, "b_val": 0.88, "b_hi": 0.91186393639600005, "b_mid": 0.88, "b_lo": 0.84813606360399996, "sigma_b": 0.01, "cum_cov_ab": 0.054321, "MCORNERP1": 6.0, "MCORNERP2": 6.2, "MCORNERP3": 6.4, "MAXMAGP1": 6.2, "MAXMAGP2": 6.4, "utsu_bval2": 0.0, "utsu_aval": 0.0, "utsu_Minfl": 0.0, "Shape_Leng": 4.7400866665299999, "Shape_Area": 1.3625932818299999 }, "geometry": { "type": "Polygon", "coordinates": [ [ [ 3.437910079586572, 42.509721701595311 ], [ 4.210268729618235, 41.87687340748181 ], [ 3.826367999783429, 41.494872999989013 ], [ 3.093968869567732, 41.229244157491905 ], [ 2.306799999720283, 42.196800000219866 ], [ 3.437910079586572, 42.509721701595311 ] ] ] } },
{ "type": "Feature", "properties": { "ZONE_ID": "ESAS126", "areakm2": 10237.043999199999, "tctCluster": "Shallow Default", "CSZ_ID": "SZ05", "TECTO_ID": "TSZ099", "magScaleRe": "WC1994", "SS": 30.0, "NF": 30.0, "TF": 40.0, "MINDEPTH": 0.0, "MAXDEPTH": 20.0, "HYPODEPTH1": 2.0, "HYPODEPTH2": 10.0, "HYPODEPTH3": 18.0, "WHDEPTH1": 0.1, "WHDEPTH2": 0.4, "WHDEPTH3": 0.5, "WMAXMAG01": 0.5, "WMAXMAG02": 0.4, "WMAXMAG03": 0.1, "MAXMAG01": 6.5, "MAXMAG02": 6.8, "MAXMAG03": 7.1, "STRIKE1": 0.0, "STRIKE2": 0.0, "STRIKE3": 240.699316, "STRIKE4": 284.386118, "DIP1": 57.844263, "DIP2": 0.0, "DIP3": 57.844263, "DIP4": 66.058471, "aspRatio": 1.0, "mfd_bin": 0.2, "a_val": 2.3867, "a_hi": 2.3928576504499999, "a_mid": 2.3869921213600001, "a_lo": 2.3811265922599998, "sigma_a": 0.01, "b_val": 0.88, "b_hi": 0.91186393639600005, "b_mid": 0.88, "b_lo": 0.84813606360399996, "sigma_b": 0.01, "cum_cov_ab": 0.054321, "MCORNERP1": 6.0, "MCORNERP2": 6.2, "MCORNERP3": 6.4, "MAXMAGP1": 6.2, "MAXMAGP2": 6.4, "utsu_bval2": 0.0, "utsu_aval": 0.0, "utsu_Minfl": 0.0, "Shape_Leng": 6.6118627349899999, "Shape_Area": 0.82609909737300002 }, "geometry": { "type": "Polygon", "coordinates": [ [ [ 1.300345842586637, 42.284975807287708 ], [ -0.522499999575246, 42.750300000444724 ], [ -0.605938000038634, 42.788774000319904 ], [ -0.756506999898079, 42.858222000445039 ], [ -0.797481999994261, 42.99623899973011 ], [ 0.260724999559102, 42.823230000164415 ], [ 2.380000000199914, 42.605400000309828 ], [ 1.300345842586637, 42.284975807287708 ] ] ] } },
{ "type": "Feature", "properties": { "ZONE_ID": "ESAS127", "areakm2": 29786.999486100001, "tctCluster": "Shallow Default", "CSZ_ID": "SZ19", "TECTO_ID": "TSZ029", "magScaleRe": "WC1994", "SS": 30.0, "NF": 60.0, "TF": 10.0, "MINDEPTH": 0.0, "MAXDEPTH": 22.0, "HYPODEPTH1": 2.0, "HYPODEPTH2": 10.0, "HYPODEPTH3": 18.0, "WHDEPTH1": 0.1, "WHDEPTH2": 0.4, "WHDEPTH3": 0.5, "WMAXMAG01": 0.5, "WMAXMAG02": 0.4, "WMAXMAG03": 0.1, "MAXMAG01": 7.1, "MAXMAG02": 7.4, "MAXMAG03": 7.7, "STRIKE1": 50.802041, "STRIKE2": 92.8995, "STRIKE3": 246.362617, "STRIKE4": 299.785106, "DIP1": 66.141976, "DIP2": 78.393, "DIP3": 63.591757, "DIP4": 70.273404, "aspRatio": 1.0, "mfd_bin": 0.2, "a_val": 3.21, "a_hi": 3.2537215871699998, "a_mid": 3.2098636893800001, "a_lo": 3.16600579159, "sigma_a": 0.096782413303699993, "b_val": 0.86, "b_hi": 0.90844747782000002, "b_mid": 0.86, "b_lo": 0.81155252217999996, "sigma_b": 0.0231176397725, "cum_cov_ab": 0.054321, "MCORNERP1": 5.8, "MCORNERP2": 6.0, "MCORNERP3": 6.2, "MAXMAGP1": 6.2, "MAXMAGP2": 6.4, "utsu_bval2": 0.0, "utsu_aval": 0.0, "utsu_Minfl": 0.0, "Shape_Leng": 7.4973289477599998, "Shape_Area": 2.6160443638 }, "geometry": { "type": "Polygon", "coordinates": [ [ [ -0.960798077769027, 38.789998863356914 ], [ -0.621038271898669, 38.25065522995493 ], [ -0.984400378374687, 38.163830905172176 ], [ -1.340847428565951, 38.008199094512634 ], [ -1.570278839296975, 37.81340831264356 ], [ -1.758041088425443, 37.73107406451652 ], [ -2.010824665925554, 37.521501667567975 ], [ -1.978484434508971, 37.376899078629606 ], [ -2.136820717901742, 37.344108056641574 ], [ -2.52047905796212, 37.348872856397236 ], [ -2.807426224340759, 37.755234648060593 ], [ -2.968078415786238, 37.678924856696824 ], [ -3.57713933241422, 38.255197585999838 ], [ -1.066419897060541, 39.151653459439672 ], [ -1.066228850481025, 38.974201703745678 ], [ -0.960798077769027, 38.789998863356914 ] ] ] } },
{ "type": "Feature", "properties": { "ZONE_ID": "ESAS128", "areakm2": 33277.199619300001, "tctCluster": "Shallow Default", "CSZ_ID": "SZ19", "TECTO_ID": "TSZ016", "magScaleRe": "WC1994", "SS": 30.0, "NF": 60.0, "TF": 10.0, "MINDEPTH": 0.0, "MAXDEPTH": 30.0, "HYPODEPTH1": 2.0, "HYPODEPTH2": 10.0, "HYPODEPTH3": 18.0, "WHDEPTH1": 0.1, "WHDEPTH2": 0.4, "WHDEPTH3": 0.5, "WMAXMAG01": 0.5, "WMAXMAG02": 0.4, "WMAXMAG03": 0.1, "MAXMAG01": 7.1, "MAXMAG02": 7.3, "MAXMAG03": 7.6, "STRIKE1": 0.0, "STRIKE2": 0.0, "STRIKE3": 0.0, "STRIKE4": 0.0, "DIP1": 89.99, "DIP2": 0.0, "DIP3": 0.0, "DIP4": 0.0, "aspRatio": 1.0, "mfd_bin": 0.2, "a_val": 4.0404330784000004, "a_hi": 4.1208787540399996, "a_mid": 4.0403137066000001, "a_lo": 3.9597486591500002, "sigma_a": 0.16016968403599999, "b_val": 1.1224911386900001, "b_hi": 1.18585466837, "b_mid": 1.1224911386900001, "b_lo": 1.0591276090099999, "sigma_b": 0.039543933806700002, "cum_cov_ab": 0.054321, "MCORNERP1": 6.6, "MCORNERP2": 6.8, "MCORNERP3": 7.0, "MAXMAGP1": 6.6, "MAXMAGP2": 6.8, "utsu_bval2": 0.0, "utsu_aval": 0.0, "utsu_Minfl": 0.0, "Shape_Leng": 8.5147987336100002, "Shape_Area": 2.52410720559 }, "geometry": { "type": "Polygon", "coordinates": [ [ [ -3.242355983541756, 36.203041655248228 ], [ -4.352054476233036, 35.502088386070227 ], [ -5.695182580211849, 34.387603628604609 ], [ -6.434678187848021, 34.683093266241315 ], [ -6.100683149607619, 35.487166897634268 ], [ -4.920655793330127, 35.546307860419461 ], [ -4.922781000143004, 36.196421000129078 ], [ -4.720587000089949, 36.280766000150834 ], [ -3.770355000282962, 36.677159000287702 ], [ -3.242355983541756, 36.203041655248228 ] ] ] } },
{ "type": "Feature", "properties": { "ZONE_ID": "ESAS129", "areakm2": 29270.310849199999, "tctCluster": "Shallow Default", "CSZ_ID": "SZ51", "TECTO_ID": "TSZ177", "magScaleRe": "WC1994", "SS": 60.0, "NF": 10.0, "TF": 30.0, "MINDEPTH": 0.0, "MAXDEPTH": 60.0, "HYPODEPTH1": 2.0, "HYPODEPTH2": 10.0, "HYPODEPTH3": 18.0, "WHDEPTH1": 0.1, "WHDEPTH2": 0.4, "WHDEPTH3": 0.5, "WMAXMAG01": 0.5, "WMAXMAG02": 0.4, "WMAXMAG03": 0.1, "MAXMAG01": 8.5, "MAXMAG02": 8.6, "MAXMAG03": 8.7, "STRIKE1": 0.0, "STRIKE2": 0.0, "STRIKE3": 257.355907, "STRIKE4": 276.652111, "DIP1": 30.847037, "DIP2": 0.0, "DIP3": 30.847037, "DIP4": 82.906, "aspRatio": 1.0, "mfd_bin": 0.2, "a_val": 3.355, "a_hi": 3.3609315039399998, "a_mid": 3.3550790720700001, "a_lo": 3.3492266401899999, "sigma_a": 0.01, "b_val": 0.9, "b_hi": 0.93186393639599996, "b_mid": 0.9, "b_lo": 0.86813606360399997, "sigma_b": 0.01, "cum_cov_ab": 0.054321, "MCORNERP1": 6.6, "MCORNERP2": 6.8, "MCORNERP3": 7.0, "MAXMAGP1": 6.8, "MAXMAGP2": 7.0, "utsu_bval2": 0.0, "utsu_aval": 0.0, "utsu_Minfl": 0.0, "Shape_Leng": 8.0288350454199993, "Shape_Area": 2.36202729677 }, "geometry": { "type": "Polygon", "coordinates": [ [ [ -9.441470999586898, 36.154385999714179 ], [ -9.681778146544161, 37.185096571249801 ], [ -9.159670870014565, 36.991500756354867 ], [ -8.825655884811169, 36.842465056517199 ], [ -7.793789465011741, 36.890218734307211 ], [ -7.135512000078677, 37.30869400002814 ], [ -6.81329300037163, 37.136141999953395 ], [ -6.426775999712561, 36.414001000146072 ], [ -6.845894732156125, 36.26804463475213 ], [ -7.894581000412813, 36.24685700035036 ], [ -8.734820377758183, 36.118318290656646 ], [ -9.441470999586898, 36.154385999714179 ] ] ] } },
{ "type": "Feature", "properties": { "ZONE_ID": "ESAS132", "areakm2": 13256.455390200001, "tctCluster": "Shallow Default", "CSZ_ID": "SZ19", "TECTO_ID": "TSZ029", "magScaleRe": "WC1994", "SS": 30.0, "NF": 60.0, "TF": 10.0, "MINDEPTH": 0.0, "MAXDEPTH": 22.0, "HYPODEPTH1": 2.0, "HYPODEPTH2": 10.0, "HYPODEPTH3": 18.0, "WHDEPTH1": 0.1, "WHDEPTH2": 0.4, "WHDEPTH3": 0.5, "WMAXMAG01": 0.5, "WMAXMAG02": 0.4, "WMAXMAG03": 0.1, "MAXMAG01": 7.1, "MAXMAG02": 7.4, "MAXMAG03": 7.7, "STRIKE1": 34.43675, "STRIKE2": 0.0, "STRIKE3": 0.0, "STRIKE4": 337.712889, "DIP1": 67.162, "DIP2": 0.0, "DIP3": 0.0, "DIP4": 42.316278, "aspRatio": 1.0, "mfd_bin": 0.2, "a_val": 3.35, "a_hi": 3.4198487821299999, "a_mid": 3.34997020028, "a_lo": 3.2800916184300002, "sigma_a": 0.061423452801700001, "b_val": 1.03, "b_hi": 1.1089708003300001, "b_mid": 1.03, "b_lo": 0.95102919966499999, "sigma_b": 0.061423452801700001, "cum_cov_ab": 0.054321, "MCORNERP1": 6.0, "MCORNERP2": 6.2, "MCORNERP3": 6.4, "MAXMAGP1": 6.2, "MAXMAGP2": 6.4, "utsu_bval2": 0.0, "utsu_aval": 0.0, "utsu_Minfl": 0.0, "Shape_Leng": 4.5956093875599997, "Shape_Area": 1.39801777151 }, "geometry": { "type": "Polygon", "coordinates": [ [ [ -6.426775999712561, 36.414001000146072 ], [ -5.645115999903453, 36.770173999930194 ], [ -4.922781000143004, 36.196421000129078 ], [ -4.920655793330127, 35.546307860419461 ], [ -6.100683149607619, 35.487166897634268 ], [ -6.426775999712561, 36.414001000146072 ] ] ] } },
{ "type": "Feature", "properties": { "ZONE_ID": "ESAS133", "areakm2": 48713.1478155, "tctCluster": "Shallow Default", "CSZ_ID": "SZ19", "TECTO_ID": "TSZ039", "magScaleRe": "WC1994", "SS": 30.0, "NF": 60.0, "TF": 10.0, "MINDEPTH": 0.0, "MAXDEPTH": 12.0, "HYPODEPTH1": 2.0, "HYPODEPTH2": 8.0, "HYPODEPTH3": 10.0, "WHDEPTH1": 0.1, "WHDEPTH2": 0.4, "WHDEPTH3": 0.5, "WMAXMAG01": 0.5, "WMAXMAG02": 0.4, "WMAXMAG03": 0.1, "MAXMAG01": 6.3, "MAXMAG02": 6.6, "MAXMAG03": 6.9, "STRIKE1": 29.651658, "STRIKE2": 177.528, "STRIKE3": 205.299939, "STRIKE4": 0.0, "DIP1": 57.985632, "DIP2": 57.879958, "DIP3": 57.932394, "DIP4": 0.0, "aspRatio": 1.0, "mfd_bin": 0.2, "a_val": 3.133, "a_hi": 3.2328052992999998, "a_mid": 3.1328213913799998, "a_lo": 3.0328374834599998, "sigma_a": 0.163334048506, "b_val": 0.967, "b_hi": 1.0221899567699999, "b_mid": 0.967, "b_lo": 0.91181004323199999, "sigma_b": 0.03, "cum_cov_ab": 0.054321, "MCORNERP1": 6.0, "MCORNERP2": 6.2, "MCORNERP3": 6.4, "MAXMAGP1": 6.2, "MAXMAGP2": 6.4, "utsu_bval2": 0.0, "utsu_aval": 0.0, "utsu_Minfl": 0.0, "Shape_Leng": 10.526088119900001, "Shape_Area": 4.1705145973800004 }, "geometry": { "type": "Polygon", "coordinates": [ [ [ -1.059353628766928, 39.386651759970789 ], [ 0.123800000269853, 40.845200000179943 ], [ 0.983096348118011, 41.655060929918022 ], [ 1.740207000053033, 42.07527199960316 ], [ 2.306799999720283, 42.196800000219866 ], [ 3.093968869567732, 41.229244157491905 ], [ 1.398999999750231, 40.683599999740238 ], [ 0.269433727584499, 39.479887816569544 ], [ -0.700362048469685, 39.489110254434763 ], [ -1.059353628766928, 39.386651759970789 ] ] ] } },
{ "type": "Feature", "properties": { "ZONE_ID": "ESAS134", "areakm2": 11012.9074872, "tctCluster": "Shallow Default", "CSZ_ID": "SZ19", "TECTO_ID": "TSZ029", "magScaleRe": "WC1994", "SS": 30.0, "NF": 60.0, "TF": 10.0, "MINDEPTH": 0.0, "MAXDEPTH": 22.0, "HYPODEPTH1": 2.0, "HYPODEPTH2": 10.0, "HYPODEPTH3": 18.0, "WHDEPTH1": 0.1, "WHDEPTH2": 0.4, "WHDEPTH3": 0.5, "WMAXMAG01": 0.5, "WMAXMAG02": 0.4, "WMAXMAG03": 0.1, "MAXMAG01": 7.1, "MAXMAG02": 7.4, "MAXMAG03": 7.7, "STRIKE1": 59.40355, "STRIKE2": 96.829333, "STRIKE3": 219.588167, "STRIKE4": 0.0, "DIP1": 53.1024, "DIP2": 30.167333, "DIP3": 67.162, "DIP4": 0.0, "aspRatio": 1.0, "mfd_bin": 0.2, "a_val": 3.51, "a_hi": 3.58019394009, "a_mid": 3.5103670904, "a_lo": 3.4405402407099999, "sigma_a": 0.163334048506, "b_val": 1.04, "b_hi": 1.11894588459, "b_mid": 1.04, "b_lo": 0.96105411541399999, "sigma_b": 0.0613847, "cum_cov_ab": 0.054321, "MCORNERP1": 6.4, "MCORNERP2": 6.6, "MCORNERP3": 6.8, "MAXMAGP1": 6.6, "MAXMAGP2": 6.6, "utsu_bval2": 0.0, "utsu_aval": 0.0, "utsu_Minfl": 0.0, "Shape_Leng": 4.1748418759400003, "Shape_Area": 0.82081116780200003 }, "geometry": { "type": "Polygon", "coordinates": [ [ [ -4.962869999850568, 37.074053000145909 ], [ -3.770355000282962, 36.677159000287702 ], [ -4.720587000089949, 36.280766000150834 ], [ -4.922781000143004, 36.196421000129078 ], [ -5.645115999903453, 36.770173999930194 ], [ -4.962869999850568, 37.074053000145909 ] ] ] } },
{ "type": "Feature", "properties": { "ZONE_ID": "ESAS135", "areakm2": 8262.9789223200005, "tctCluster": "Shallow Default", "CSZ_ID": "SZ19", "TECTO_ID": "TSZ029", "magScaleRe": "WC1994", "SS": 30.0, "NF": 60.0, "TF": 10.0, "MINDEPTH": 0.0, "MAXDEPTH": 22.0, "HYPODEPTH1": 2.0, "HYPODEPTH2": 10.0, "HYPODEPTH3": 18.0, "WHDEPTH1": 0.1, "WHDEPTH2": 0.4, "WHDEPTH3": 0.5, "WMAXMAG01": 0.5, "WMAXMAG02": 0.4, "WMAXMAG03": 0.1, "MAXMAG01": 7.1, "MAXMAG02": 7.4, "MAXMAG03": 7.7, "STRIKE1": 70.121179, "STRIKE2": 135.806971, "STRIKE3": 238.158692, "STRIKE4": 298.263739, "DIP1": 54.9405, "DIP2": 54.041912, "DIP3": 60.114, "DIP4": 59.465696, "aspRatio": 1.0, "mfd_bin": 0.2, "a_val": 3.9297990616799998, "a_hi": 3.99225411274, "a_mid": 3.92977043523, "a_lo": 3.8672867577300001, "sigma_a": 0.12881009003, "b_val": 1.04941461647, "b_hi": 1.1057905154000001, "b_mid": 1.04941461647, "b_lo": 0.99303871752899997, "sigma_b": 0.031303154655100002, "cum_cov_ab": 0.054321, "MCORNERP1": 6.4, "MCORNERP2": 6.6, "MCORNERP3": 6.8, "MAXMAGP1": 6.6, "MAXMAGP2": 6.8, "utsu_bval2": 0.0, "utsu_aval": 0.0, "utsu_Minfl": 0.0, "Shape_Leng": 3.8484031484700001, "Shape_Area": 0.68311592197799997 }, "geometry": { "type": "Polygon", "coordinates": [ [ [ -3.770355000282962, 36.677159000287702 ], [ -4.962869999850568, 37.074053000145909 ], [ -3.493359999664222, 37.531648999701645 ], [ -3.424084000276366, 36.888654000281917 ], [ -3.770355000282962, 36.677159000287702 ] ] ] } },
{ "type": "Feature", "properties": { "ZONE_ID": "ESAS136", "areakm2": 13364.5296409, "tctCluster": "Shallow Default", "CSZ_ID": "SZ19", "TECTO_ID": "TSZ029", "magScaleRe": "WC1994", "SS": 33.0, "NF": 33.0, "TF": 34.0, "MINDEPTH": 0.0, "MAXDEPTH": 22.0, "HYPODEPTH1": 2.0, "HYPODEPTH2": 10.0, "HYPODEPTH3": 18.0, "WHDEPTH1": 0.1, "WHDEPTH2": 0.4, "WHDEPTH3": 0.5, "WMAXMAG01": 0.5, "WMAXMAG02": 0.4, "WMAXMAG03": 0.1, "MAXMAG01": 7.1, "MAXMAG02": 7.4, "MAXMAG03": 7.7, "STRIKE1": 62.35661, "STRIKE2": 103.0539, "STRIKE3": 0.0, "STRIKE4": 0.0, "DIP1": 74.694412, "DIP2": 67.1789, "DIP3": 0.0, "DIP4": 0.0, "aspRatio": 1.0, "mfd_bin": 0.2, "a_val": 3.03030447668, "a_hi": 3.1003999150900001, "a_mid": 3.0305283686000002, "a_lo": 2.9606568220999998, "sigma_a": 0.123047962494, "b_val": 0.87108312366200003, "b_hi": 0.92494585916200001, "b_mid": 0.87108312366200003, "b_lo": 0.81722038816300002, "sigma_b": 0.028574455196399999, "cum_cov_ab": 0.054321, "MCORNERP1": 6.2, "MCORNERP2": 6.4, "MCORNERP3": 6.6, "MAXMAGP1": 6.6, "MAXMAGP2": 6.6, "utsu_bval2": 0.0, "utsu_aval": 0.0, "utsu_Minfl": 0.0, "Shape_Leng": 4.2126900048999998, "Shape_Area": 0.64809394206899995 }, "geometry": { "type": "Polygon", "coordinates": [ [ [ -3.770355000282962, 36.677159000287702 ], [ -3.424084000276366, 36.888654000281917 ], [ -2.537230901484861, 37.030403852455891 ], [ -1.957097815211966, 37.162907850217152 ], [ -3.242355983541756, 36.203041655248228 ], [ -3.770355000282962, 36.677159000287702 ] ] ] } },
{ "type": "Feature", "properties": { "ZONE_ID": "ESAS137", "areakm2": 18092.215644700002, "tctCluster": "Shallow Default", "CSZ_ID": "SZ19", "TECTO_ID": "TSZ029", "magScaleRe": "WC1994", "SS": 30.0, "NF": 60.0, "TF": 10.0, "MINDEPTH": 0.0, "MAXDEPTH": 22.0, "HYPODEPTH1": 2.0, "HYPODEPTH2": 10.0, "HYPODEPTH3": 18.0, "WHDEPTH1": 0.1, "WHDEPTH2": 0.4, "WHDEPTH3": 0.5, "WMAXMAG01": 0.5, "WMAXMAG02": 0.4, "WMAXMAG03": 0.1, "MAXMAG01": 7.1, "MAXMAG02": 7.4, "MAXMAG03": 7.7, "STRIKE1": 0.0, "STRIKE2": 0.0, "STRIKE3": 0.0, "STRIKE4": 0.0, "DIP1": 89.99, "DIP2": 0.0, "DIP3": 0.0, "DIP4": 0.0, "aspRatio": 1.0, "mfd_bin": 0.2, "a_val": 3.13, "a_hi": 3.13567764613, "a_mid": 3.12978248733, "a_lo": 3.12388732853, "sigma_a": 0.01, "b_val": 0.9218, "b_hi": 0.953663936396, "b_mid": 0.9218, "b_lo": 0.88993606360400002, "sigma_b": 0.01, "cum_cov_ab": 0.054321, "MCORNERP1": 6.0, "MCORNERP2": 6.2, "MCORNERP3": 6.4, "MAXMAGP1": 6.4, "MAXMAGP2": 6.4, "utsu_bval2": 0.0, "utsu_aval": 0.0, "utsu_Minfl": 0.0, "Shape_Leng": 5.50914391338, "Shape_Area": 1.4599881583300001 }, "geometry": { "type": "Polygon", "coordinates": [ [ [ -5.291697000316276, 37.822812999920075 ], [ -3.57713933241422, 38.255197585999838 ], [ -2.968078415786238, 37.678924856696824 ], [ -3.493359999664222, 37.531648999701645 ], [ -4.962869999850568, 37.074053000145909 ], [ -5.291697000316276, 37.822812999920075 ] ] ] } },
{ "type": "Feature", "properties": { "ZONE_ID": "ESAS138", "areakm2": 19552.883072299999, "tctCluster": "Shallow Default", "CSZ_ID": "SZ19", "TECTO_ID": "TSZ029", "magScaleRe": "WC1994", "SS": 30.0, "NF": 60.0, "TF": 10.0, "MINDEPTH": 0.0, "MAXDEPTH": 22.0, "HYPODEPTH1": 2.0, "HYPODEPTH2": 10.0, "HYPODEPTH3": 18.0, "WHDEPTH1": 0.1, "WHDEPTH2": 0.4, "WHDEPTH3": 0.5, "WMAXMAG01": 0.5, "WMAXMAG02": 0.4, "WMAXMAG03": 0.1, "MAXMAG01": 7.1, "MAXMAG02": 7.4, "MAXMAG03": 7.7, "STRIKE1": 0.0, "STRIKE2": 0.0, "STRIKE3": 0.0, "STRIKE4": 0.0, "DIP1": 89.99, "DIP2": 0.0, "DIP3": 0.0, "DIP4": 0.0, "aspRatio": 1.0, "mfd_bin": 0.2, "a_val": 3.6188, "a_hi": 3.6247861926399998, "a_mid": 3.6189735919600001, "a_lo": 3.61316099127, "sigma_a": 0.01, "b_val": 1.06, "b_hi": 1.0918639364, "b_mid": 1.06, "b_lo": 1.0281360636000001, "sigma_b": 0.01, "cum_cov_ab": 0.054321, "MCORNERP1": 6.4, "MCORNERP2": 6.6, "MCORNERP3": 6.8, "MAXMAGP1": 6.6, "MAXMAGP2": 6.6, "utsu_bval2": 0.0, "utsu_aval": 0.0, "utsu_Minfl": 0.0, "Shape_Leng": 5.5223644724799996, "Shape_Area": 1.5778596891200001 }, "geometry": { "type": "Polygon", "coordinates": [ [ [ -7.135512000078677, 37.30869400002814 ], [ -5.291697000316276, 37.822812999920075 ], [ -4.962869999850568, 37.074053000145909 ], [ -5.645115999903453, 36.770173999930194 ], [ -6.426775999712561, 36.414001000146072 ], [ -6.81329300037163, 37.136141999953395 ], [ -7.135512000078677, 37.30869400002814 ] ] ] } },
{ "type": "Feature", "properties": { "ZONE_ID": "ESAS139", "areakm2": 9401.0922139600007, "tctCluster": "Shallow Default", "CSZ_ID": "SZ19", "TECTO_ID": "TSZ029", "magScaleRe": "WC1994", "SS": 30.0, "NF": 60.0, "TF": 10.0, "MINDEPTH": 0.0, "MAXDEPTH": 22.0, "HYPODEPTH1": 2.0, "HYPODEPTH2": 10.0, "HYPODEPTH3": 18.0, "WHDEPTH1": 0.1, "WHDEPTH2": 0.4, "WHDEPTH3": 0.5, "WMAXMAG01": 0.5, "WMAXMAG02": 0.4, "WMAXMAG03": 0.1, "MAXMAG01": 7.1, "MAXMAG02": 7.4, "MAXMAG03": 7.7, "STRIKE1": 0.0, "STRIKE2": 147.254529, "STRIKE3": 180.0, "STRIKE4": 0.0, "DIP1": 62.099412, "DIP2": 62.099412, "DIP3": 67.162, "DIP4": 0.0, "aspRatio": 1.0, "mfd_bin": 0.2, "a_val": 3.3, "a_hi": 3.4365374329799998, "a_mid": 3.2999025659500001, "a_lo": 3.1632676989099999, "sigma_a": 0.22668660242700001, "b_val": 0.96, "b_hi": 1.0340697876, "b_mid": 0.96, "b_lo": 0.88593021240400005, "sigma_b": 0.0540360189743, "cum_cov_ab": 0.054321, "MCORNERP1": 6.4, "MCORNERP2": 6.6, "MCORNERP3": 6.8, "MAXMAGP1": 6.6, "MAXMAGP2": 6.8, "utsu_bval2": 0.0, "utsu_aval": 0.0, "utsu_Minfl": 0.0, "Shape_Leng": 4.1243174582300002, "Shape_Area": 0.75457468138899997 }, "geometry": { "type": "Polygon", "coordinates": [ [ [ -3.493359999664222, 37.531648999701645 ], [ -2.968078415786238, 37.678924856696824 ], [ -2.807426224340759, 37.755234648060593 ], [ -2.52047905796212, 37.348872856397236 ], [ -2.13685765575616, 37.344096706297989 ], [ -1.978484434508971, 37.376899078629606 ], [ -1.948850511341959, 37.264914512694645 ], [ -1.957097815211966, 37.162907850217152 ], [ -2.537230901484861, 37.030403852455891 ], [ -3.424084000276366, 36.888654000281917 ], [ -3.493359999664222, 37.531648999701645 ] ] ] } },
{ "type": "Feature", "properties": { "ZONE_ID": "ESAS140", "areakm2": 34406.817978799998, "tctCluster": "Shallow Default", "CSZ_ID": "SZ19", "TECTO_ID": "TSZ029", "magScaleRe": "WC1994", "SS": 33.0, "NF": 33.0, "TF": 34.0, "MINDEPTH": 0.0, "MAXDEPTH": 22.0, "HYPODEPTH1": 2.0, "HYPODEPTH2": 10.0, "HYPODEPTH3": 18.0, "WHDEPTH1": 0.1, "WHDEPTH2": 0.4, "WHDEPTH3": 0.5, "WMAXMAG01": 0.5, "WMAXMAG02": 0.4, "WMAXMAG03": 0.1, "MAXMAG01": 7.1, "MAXMAG02": 7.4, "MAXMAG03": 7.7, "STRIKE1": 62.35661, "STRIKE2": 103.0539, "STRIKE3": 0.0, "STRIKE4": 0.0, "DIP1": 74.694412, "DIP2": 67.1789, "DIP3": 0.0, "DIP4": 0.0, "aspRatio": 1.0, "mfd_bin": 0.2, "a_val": 3.38459345394, "a_hi": 3.42952846224, "a_mid": 3.3842273229500002, "a_lo": 3.3389261836599999, "sigma_a": 0.095500128199900003, "b_val": 0.91146475985099995, "b_hi": 0.95921243867499995, "b_mid": 0.91146475985099995, "b_lo": 0.86371708102800004, "sigma_b": 0.022454618186, "cum_cov_ab": 0.054321, "MCORNERP1": 6.0, "MCORNERP2": 6.2, "MCORNERP3": 6.4, "MAXMAGP1": 6.4, "MAXMAGP2": 6.6, "utsu_bval2": 0.0, "utsu_aval": 0.0, "utsu_Minfl": 0.0, "Shape_Leng": 8.4568869424299997, "Shape_Area": 1.4658399798299999 }, "geometry": { "type": "Polygon", "coordinates": [ [ [ -1.758041088425443, 37.73107406451652 ], [ -1.570278839296975, 37.81340831264356 ], [ -1.340847428565951, 38.008199094512634 ], [ -0.984400378374687, 38.163830905172176 ], [ -0.621038271898669, 38.25065522995493 ], [ 0.052214102998505, 38.370037160386687 ], [ 0.052259471097784, 38.370035978677549 ], [ -0.048625683728289, 38.026437140561654 ], [ -0.53061372714177, 37.664895115317393 ], [ -1.245729414680682, 37.548765217041193 ], [ -1.781601030962747, 37.043850972544419 ], [ -2.481035650075171, 36.360651158724067 ], [ -2.794529596363759, 36.186771527284236 ], [ -3.242355983541756, 36.203041655248228 ], [ -1.957097815211966, 37.162907850217152 ], [ -1.948850511341959, 37.264914512694645 ], [ -1.978484434508971, 37.376899078629606 ], [ -2.010824665925554, 37.521501667567975 ], [ -1.758041088425443, 37.73107406451652 ] ] ] } },
{ "type": "Feature", "properties": { "ZONE_ID": "ESAS142", "areakm2": 43143.009165199997, "tctCluster": "Shallow Default", "CSZ_ID": "SZ19", "TECTO_ID": "TSZ115", "magScaleRe": "WC1994", "SS": 30.0, "NF": 30.0, "TF": 40.0, "MINDEPTH": 0.0, "MAXDEPTH": 20.0, "HYPODEPTH1": 2.0, "HYPODEPTH2": 10.0, "HYPODEPTH3": 18.0, "WHDEPTH1": 0.1, "WHDEPTH2": 0.4, "WHDEPTH3": 0.5, "WMAXMAG01": 0.5, "WMAXMAG02": 0.4, "WMAXMAG03": 0.1, "MAXMAG01": 6.3, "MAXMAG02": 6.6, "MAXMAG03": 6.9, "STRIKE1": 0.0, "STRIKE2": 0.0, "STRIKE3": 0.0, "STRIKE4": 0.0, "DIP1": 89.99, "DIP2": 0.0, "DIP3": 0.0, "DIP4": 0.0, "aspRatio": 1.0, "mfd_bin": 0.2, "a_val": 2.0527287057799999, "a_hi": 2.1216925735099998, "a_mid": 2.0526277702, "a_lo": 1.9835629668899999, "sigma_a": 0.28648724767599998, "b_val": 0.97871533572299996, "b_hi": 1.05847982977, "b_mid": 0.97871533572299996, "b_lo": 0.89895084167499995, "sigma_b": 0.062664326528100001, "cum_cov_ab": 0.054321, "MCORNERP1": 6.0, "MCORNERP2": 6.2, "MCORNERP3": 6.4, "MAXMAGP1": 5.8, "MAXMAGP2": 5.8, "utsu_bval2": 0.0, "utsu_aval": 0.0, "utsu_Minfl": 0.0, "Shape_Leng": 10.9304465607, "Shape_Area": 3.4815129199000001 }, "geometry": { "type": "Polygon", "coordinates": [ [ [ 0.983096348118011, 41.655060929918022 ], [ 0.123800000269853, 40.845200000179943 ], [ -0.892952717194078, 41.481533316509399 ], [ -1.650253188134059, 41.959889333625881 ], [ -2.490061972781746, 42.534341125542539 ], [ -0.848624000397251, 42.214086999715335 ], [ -0.522499999575246, 42.750300000444724 ], [ 1.300345842586637, 42.284975807287708 ], [ 2.306799999720283, 42.196800000219866 ], [ 1.740207000053033, 42.07527199960316 ], [ 0.983096348118011, 41.655060929918022 ] ] ] } },
{ "type": "Feature", "properties": { "ZONE_ID": "ESAS144", "areakm2": 25785.0737457, "tctCluster": "Shallow Default", "CSZ_ID": "SZ19", "TECTO_ID": "TSZ029", "magScaleRe": "WC1994", "SS": 30.0, "NF": 60.0, "TF": 10.0, "MINDEPTH": 0.0, "MAXDEPTH": 22.0, "HYPODEPTH1": 2.0, "HYPODEPTH2": 10.0, "HYPODEPTH3": 18.0, "WHDEPTH1": 0.1, "WHDEPTH2": 0.4, "WHDEPTH3": 0.5, "WMAXMAG01": 0.5, "WMAXMAG02": 0.4, "WMAXMAG03": 0.1, "MAXMAG01": 7.1, "MAXMAG02": 7.4, "MAXMAG03": 7.7, "STRIKE1": 57.795934, "STRIKE2": 0.0, "STRIKE3": 197.114653, "STRIKE4": 332.07513, "DIP1": 67.291918, "DIP2": 0.0, "DIP3": 57.568, "DIP4": 57.358222, "aspRatio": 1.0, "mfd_bin": 0.2, "a_val": 3.21, "a_hi": 3.2864322863100002, "a_mid": 3.20980905955, "a_lo": 3.1331858327900002, "sigma_a": 0.14193079692300001, "b_val": 0.94, "b_hi": 0.99873373545499999, "b_mid": 0.94, "b_lo": 0.88126626454500001, "sigma_b": 0.033976324240200001, "cum_cov_ab": 0.054321, "MCORNERP1": 6.3, "MCORNERP2": 6.5, "MCORNERP3": 6.7, "MAXMAGP1": 6.6, "MAXMAGP2": 6.8, "utsu_bval2": 0.0, "utsu_aval": 0.0, "utsu_Minfl": 0.0, "Shape_Leng": 4.84443764302, "Shape_Area": 1.5699129704899999 }, "geometry": { "type": "Polygon", "coordinates": [ [ [ -1.059353628766928, 39.386651759970789 ], [ -0.700362048469685, 39.489110254434763 ], [ 0.269433727584499, 39.479887816569544 ], [ 0.606071513589541, 38.576295319073779 ], [ 0.052214102998505, 38.370037160386687 ], [ -0.621038271898669, 38.25065522995493 ], [ -0.960798077769027, 38.789998863356914 ], [ -1.066228850481025, 38.974201703745678 ], [ -1.066419897060541, 39.151653459439672 ], [ -1.059353628766928, 39.386651759970789 ] ] ] } },
{ "type": "Feature", "properties": { "ZONE_ID": "ESAS146", "areakm2": 462029.25795200001, "tctCluster": "Shallow Default", "CSZ_ID": "SZ28", "TECTO_ID": "TSZ168", "magScaleRe": "WC1994", "SS": 100.0, "NF": 0.0, "TF": 0.0, "MINDEPTH": 0.0, "MAXDEPTH": 25.0, "HYPODEPTH1": 8.0, "HYPODEPTH2": 10.0, "HYPODEPTH3": 15.0, "WHDEPTH1": 0.1, "WHDEPTH2": 0.4, "WHDEPTH3": 0.5, "WMAXMAG01": 0.5, "WMAXMAG02": 0.4, "WMAXMAG03": 0.1, "MAXMAG01": 5.6, "MAXMAG02": 5.9, "MAXMAG03": 6.2, "STRIKE1": 0.0, "STRIKE2": 0.0, "STRIKE3": 0.0, "STRIKE4": 0.0, "DIP1": 89.99, "DIP2": 0.0, "DIP3": 0.0, "DIP4": 0.0, "aspRatio": 1.0, "mfd_bin": 0.2, "a_val": 5.35, "a_hi": 5.4253169860500003, "a_mid": 5.3497298044199999, "a_lo": 5.2741426227900003, "sigma_a": 0.243628994534, "b_val": 1.28713803101, "b_hi": 1.36002782796, "b_mid": 1.28713803101, "b_lo": 1.21424823407, "sigma_b": 0.052328059238300001, "cum_cov_ab": 0.054321, "MCORNERP1": 6.0, "MCORNERP2": 6.2, "MCORNERP3": 6.4, "MAXMAGP1": 6.4, "MAXMAGP2": 6.4, "utsu_bval2": 0.0, "utsu_aval": 0.0, "utsu_Minfl": 0.0, "Shape_Leng": 24.7019238082, "Shape_Area": 37.284391188100003 }, "geometry": { "type": "Polygon", "coordinates": [ [ [ -10.96913445658987, 30.576772489259042 ], [ -11.007887204930512, 29.982260568170716 ], [ -9.832837339871276, 29.580856350440285 ], [ -14.050658000366354, 26.774958999558237 ], [ -16.319901000130983, 25.453823999677866 ], [ -18.868913999881158, 26.370846999589389 ], [ -19.55003700030727, 27.930542000213165 ], [ -19.039884999892763, 29.681456000194316 ], [ -17.034895000403878, 30.940402000152233 ], [ -16.35131499998721, 31.221388999602709 ], [ -14.501398000317408, 31.981784999977833 ], [ -12.760608999605608, 31.546586999990097 ], [ -10.96913445658987, 30.576772489259042 ] ] ] } },
{ "type": "Feature", "properties": { "ZONE_ID": "ESAS147", "areakm2": 130011.29592400001, "tctCluster": "Shallow Default", "CSZ_ID": "SZ51", "TECTO_ID": "TSZ086", "magScaleRe": "WC1994", "SS": 30.0, "NF": 60.0, "TF": 10.0, "MINDEPTH": 1.0, "MAXDEPTH": 20.0, "HYPODEPTH1": 5.0, "HYPODEPTH2": 9.0, "HYPODEPTH3": 15.0, "WHDEPTH1": 0.1, "WHDEPTH2": 0.4, "WHDEPTH3": 0.5, "WMAXMAG01": 0.5, "WMAXMAG02": 0.4, "WMAXMAG03": 0.1, "MAXMAG01": 7.3, "MAXMAG02": 7.6, "MAXMAG03": 7.9, "STRIKE1": 0.0, "STRIKE2": 0.0, "STRIKE3": 0.0, "STRIKE4": 0.0, "DIP1": 89.99, "DIP2": 0.0, "DIP3": 0.0, "DIP4": 0.0, "aspRatio": 1.0, "mfd_bin": 0.2, "a_val": 2.31, "a_hi": 2.4298448282199998, "a_mid": 2.30993792175, "a_lo": 2.1900310152700002, "sigma_a": 0.207387280763, "b_val": 0.8, "b_hi": 0.86953117385300005, "b_mid": 0.8, "b_lo": 0.73046882614700004, "sigma_b": 0.047616806980600002, "cum_cov_ab": 0.054321, "MCORNERP1": 6.0, "MCORNERP2": 6.2, "MCORNERP3": 6.4, "MAXMAGP1": 6.4, "MAXMAGP2": 6.4, "utsu_bval2": 0.0, "utsu_aval": 0.0, "utsu_Minfl": 0.0, "Shape_Leng": 13.027998587000001, "Shape_Area": 10.491526092699999 }, "geometry": { "type": "Polygon", "coordinates": [ [ [ -13.207812000123681, 42.60566399989375 ], [ -13.058126423195802, 43.757921352588426 ], [ -10.002762523671493, 43.134866752898404 ], [ -9.050626999936071, 41.362895999550801 ], [ -9.602570000305207, 39.732666999982143 ], [ -13.036677422425043, 41.436625641360308 ], [ -13.207812000123681, 42.60566399989375 ] ] ] } },
{ "type": "Feature", "properties": { "ZONE_ID": "ESAS149", "areakm2": 62797.720434000003, "tctCluster": "Shallow Default", "CSZ_ID": "SZ19", "TECTO_ID": "TSZ076", "magScaleRe": "WC1994", "SS": 30.0, "NF": 60.0, "TF": 10.0, "MINDEPTH": 1.0, "MAXDEPTH": 20.0, "HYPODEPTH1": 5.0, "HYPODEPTH2": 9.0, "HYPODEPTH3": 15.0, "WHDEPTH1": 0.1, "WHDEPTH2": 0.4, "WHDEPTH3": 0.5, "WMAXMAG01": 0.5, "WMAXMAG02": 0.4, "WMAXMAG03": 0.1, "MAXMAG01": 7.0, "MAXMAG02": 7.3, "MAXMAG03": 7.6, "STRIKE1": 0.0, "STRIKE2": 0.0, "STRIKE3": 210.582731, "STRIKE4": 319.206667, "DIP1": 64.032, "DIP2": 0.0, "DIP3": 64.032, "DIP4": 69.594333, "aspRatio": 1.0, "mfd_bin": 0.2, "a_val": 3.7936996008100001, "a_hi": 3.9446548686199998, "a_mid": 3.7937281193799999, "a_lo": 3.6428013701499999, "sigma_a": 0.27675667055999997, "b_val": 1.05727043498, "b_hi": 1.1411242115, "b_mid": 1.05727043498, "b_lo": 0.97341665845600001, "sigma_b": 0.069254245219000005, "cum_cov_ab": 0.054321, "MCORNERP1": 6.0, "MCORNERP2": 6.2, "MCORNERP3": 6.4, "MAXMAGP1": 6.2, "MAXMAGP2": 6.4, "utsu_bval2": 0.0, "utsu_aval": 0.0, "utsu_Minfl": 0.0, "Shape_Leng": 9.4171256098999994, "Shape_Area": 5.0675898416100003 }, "geometry": { "type": "Polygon", "coordinates": [ [ [ -10.002762523671493, 43.134866752898404 ], [ -9.547453393958904, 43.973594098289084 ], [ -7.031827000315786, 43.18354300020934 ], [ -6.756840999712324, 42.717261000294968 ], [ -7.334201000375799, 42.621562000086271 ], [ -8.362951000388307, 41.00768900024724 ], [ -9.050626999936071, 41.362895999550801 ], [ -10.002762523671493, 43.134866752898404 ] ] ] } },
{ "type": "Feature", "properties": { "ZONE_ID": "ESAS151", "areakm2": 76777.200932299995, "tctCluster": "Shallow Default", "CSZ_ID": "SZ19", "TECTO_ID": "TSZ115", "magScaleRe": "WC1994", "SS": 30.0, "NF": 60.0, "TF": 10.0, "MINDEPTH": 1.0, "MAXDEPTH": 20.0, "HYPODEPTH1": 5.0, "HYPODEPTH2": 9.0, "HYPODEPTH3": 15.0, "WHDEPTH1": 0.1, "WHDEPTH2": 0.4, "WHDEPTH3": 0.5, "WMAXMAG01": 0.5, "WMAXMAG02": 0.4, "WMAXMAG03": 0.1, "MAXMAG01": 6.3, "MAXMAG02": 6.6, "MAXMAG03": 6.9, "STRIKE1": 0.0, "STRIKE2": 0.0, "STRIKE3": 0.0, "STRIKE4": 0.0, "DIP1": 89.99, "DIP2": 0.0, "DIP3": 0.0, "DIP4": 0.0, "aspRatio": 1.0, "mfd_bin": 0.2, "a_val": 3.28, "a_hi": 3.2849837232, "a_mid": 3.28007985599, "a_lo": 3.27517598879, "sigma_a": 0.02, "b_val": 0.98, "b_hi": 1.0118639364, "b_mid": 0.98, "b_lo": 0.94813606360400005, "sigma_b": 0.01, "cum_cov_ab": 0.098375217692100003, "MCORNERP1": 6.0, "MCORNERP2": 6.2, "MCORNERP3": 6.4, "MAXMAGP1": 6.2, "MAXMAGP2": 6.4, "utsu_bval2": 0.0, "utsu_aval": 0.0, "utsu_Minfl": 0.0, "Shape_Leng": 15.260705613200001, "Shape_Area": 6.1956924681499999 }, "geometry": { "type": "Polygon", "coordinates": [ [ [ -3.993124000372291, 42.178106999738304 ], [ -4.717636999847628, 42.449492999802146 ], [ -5.650932000111652, 42.768950999888773 ], [ -6.756840999712324, 42.717261000294968 ], [ -7.031827000315786, 43.18354300020934 ], [ -9.547453393958904, 43.973594098289084 ], [ -9.068180625035779, 44.345030493462559 ], [ -7.92487099969685, 44.372504999606122 ], [ -6.919530000009445, 44.216595999905508 ], [ -5.340624713359773, 43.971677144784451 ], [ -5.296179155743403, 43.713921524159048 ], [ -2.490061972781746, 42.534341125542539 ], [ -3.993124000372291, 42.178106999738304 ] ] ] } },
{ "type": "Feature", "properties": { "ZONE_ID": "ESAS152", "areakm2": 144951.696692, "tctCluster": "Shallow Default", "CSZ_ID": "SZ19", "TECTO_ID": "TSZ114", "magScaleRe": "WC1994", "SS": 30.0, "NF": 60.0, "TF": 10.0, "MINDEPTH": 1.0, "MAXDEPTH": 20.0, "HYPODEPTH1": 5.0, "HYPODEPTH2": 9.0, "HYPODEPTH3": 15.0, "WHDEPTH1": 0.1, "WHDEPTH2": 0.4, "WHDEPTH3": 0.5, "WMAXMAG01": 0.5, "WMAXMAG02": 0.4, "WMAXMAG03": 0.1, "MAXMAG01": 6.3, "MAXMAG02": 6.6, "MAXMAG03": 6.9, "STRIKE1": 47.128136, "STRIKE2": 0.0, "STRIKE3": 234.743455, "STRIKE4": 307.133167, "DIP1": 79.399938, "DIP2": 0.0, "DIP3": 46.972218, "DIP4": 67.162, "aspRatio": 1.0, "mfd_bin": 0.2, "a_val": 3.7201761271599998, "a_hi": 3.7868656566899999, "a_mid": 3.7202279045300002, "a_lo": 3.6535901523700001, "sigma_a": 0.061423452801700001, "b_val": 1.1418954076000001, "b_hi": 1.22464819133, "b_mid": 1.1418954076000001, "b_lo": 1.0591426238799999, "sigma_b": 0.067447579839800001, "cum_cov_ab": 0.054321, "MCORNERP1": 6.0, "MCORNERP2": 6.2, "MCORNERP3": 6.4, "MAXMAGP1": 6.2, "MAXMAGP2": 6.2, "utsu_bval2": 0.0, "utsu_aval": 0.0, "utsu_Minfl": 0.0, "Shape_Leng": 14.851234959899999, "Shape_Area": 11.7724498131 }, "geometry": { "type": "Polygon", "coordinates": [ [ [ -3.57713933241422, 38.255197585999838 ], [ -5.097962384056757, 39.286607505432073 ], [ -6.755700000154832, 40.501645999563266 ], [ -5.604326000244669, 41.132637000297393 ], [ -4.717636999847628, 42.449492999802146 ], [ -3.993124000372291, 42.178106999738304 ], [ -2.545105520903007, 41.174879479704259 ], [ -2.71693385631238, 41.008378771263324 ], [ -2.291205549296592, 40.223191185225062 ], [ -1.059353628766928, 39.386651759970789 ], [ -1.066419897060541, 39.151653459439672 ], [ -3.57713933241422, 38.255197585999838 ] ] ] } },
{ "type": "Feature", "properties": { "ZONE_ID": "ESAS153", "areakm2": 39967.379936199999, "tctCluster": "Shallow Default", "CSZ_ID": "SZ19", "TECTO_ID": "TSZ114", "magScaleRe": "WC1994", "SS": 30.0, "NF": 60.0, "TF": 10.0, "MINDEPTH": 1.0, "MAXDEPTH": 20.0, "HYPODEPTH1": 5.0, "HYPODEPTH2": 9.0, "HYPODEPTH3": 15.0, "WHDEPTH1": 0.1, "WHDEPTH2": 0.4, "WHDEPTH3": 0.5, "WMAXMAG01": 0.5, "WMAXMAG02": 0.4, "WMAXMAG03": 0.1, "MAXMAG01": 6.3, "MAXMAG02": 6.6, "MAXMAG03": 6.9, "STRIKE1": 47.128136, "STRIKE2": 0.0, "STRIKE3": 234.743455, "STRIKE4": 307.133167, "DIP1": 79.399938, "DIP2": 0.0, "DIP3": 46.972218, "DIP4": 67.162, "aspRatio": 1.0, "mfd_bin": 0.2, "a_val": 3.25, "a_hi": 3.2562028164300001, "a_mid": 3.25030655066, "a_lo": 3.2444102848899998, "sigma_a": 0.01, "b_val": 1.079, "b_hi": 1.1108639364, "b_mid": 1.079, "b_lo": 1.0471360636, "sigma_b": 0.01, "cum_cov_ab": 0.054321, "MCORNERP1": 6.0, "MCORNERP2": 6.2, "MCORNERP3": 6.4, "MAXMAGP1": 6.0, "MAXMAGP2": 6.2, "utsu_bval2": 0.0, "utsu_aval": 0.0, "utsu_Minfl": 0.0, "Shape_Leng": 9.5329132689199998, "Shape_Area": 3.2252490570200001 }, "geometry": { "type": "Polygon", "coordinates": [ [ [ -7.812781999989284, 37.350686000258747 ], [ -5.097962384056757, 39.286607505432073 ], [ -3.57713933241422, 38.255197585999838 ], [ -5.291697000316276, 37.822812999920075 ], [ -7.135512000078677, 37.30869400002814 ], [ -7.812781999989284, 37.350686000258747 ] ] ] } },
{ "type": "Feature", "properties": { "ZONE_ID": "ESAS154", "areakm2": 45638.341483099997, "tctCluster": "Shallow Default", "CSZ_ID": "SZ19", "TECTO_ID": "TSZ117", "magScaleRe": "WC1994", "SS": 30.0, "NF": 60.0, "TF": 10.0, "MINDEPTH": 1.0, "MAXDEPTH": 20.0, "HYPODEPTH1": 5.0, "HYPODEPTH2": 9.0, "HYPODEPTH3": 15.0, "WHDEPTH1": 0.1, "WHDEPTH2": 0.4, "WHDEPTH3": 0.5, "WMAXMAG01": 0.5, "WMAXMAG02": 0.4, "WMAXMAG03": 0.1, "MAXMAG01": 6.3, "MAXMAG02": 6.6, "MAXMAG03": 6.9, "STRIKE1": 0.0, "STRIKE2": 149.054667, "STRIKE3": 207.205167, "STRIKE4": 315.740389, "DIP1": 67.404062, "DIP2": 67.404062, "DIP3": 68.4785, "DIP4": 67.187611, "aspRatio": 1.0, "mfd_bin": 0.2, "a_val": 3.13, "a_hi": 3.2298115642499998, "a_mid": 3.1299595422599999, "a_lo": 3.0301075202700001, "sigma_a": 0.163334048506, "b_val": 0.967, "b_hi": 1.0221899567699999, "b_mid": 0.967, "b_lo": 0.91181004323199999, "sigma_b": 0.03, "cum_cov_ab": 0.054321, "MCORNERP1": 6.0, "MCORNERP2": 6.2, "MCORNERP3": 6.4, "MAXMAGP1": 6.2, "MAXMAGP2": 6.4, "utsu_bval2": 0.0, "utsu_aval": 0.0, "utsu_Minfl": 0.0, "Shape_Leng": 7.78514216661, "Shape_Area": 3.9170947529200002 }, "geometry": { "type": "Polygon", "coordinates": [ [ [ -0.892952717194078, 41.481533316509399 ], [ 0.123800000269853, 40.845200000179943 ], [ -1.059353628766928, 39.386651759970789 ], [ -2.291205549296592, 40.223191185225062 ], [ -2.71693385631238, 41.008378771263324 ], [ -2.545105520903007, 41.174879479704259 ], [ -1.650253188134059, 41.959889333625881 ], [ -0.892952717194078, 41.481533316509399 ] ] ] } },
{ "type": "Feature", "properties": { "ZONE_ID": "ESAS156", "areakm2": 76903.201354100005, "tctCluster": "Shallow Default", "CSZ_ID": "SZ19", "TECTO_ID": "TSZ076", "magScaleRe": "WC1994", "SS": 30.0, "NF": 60.0, "TF": 10.0, "MINDEPTH": 1.0, "MAXDEPTH": 20.0, "HYPODEPTH1": 5.0, "HYPODEPTH2": 9.0, "HYPODEPTH3": 15.0, "WHDEPTH1": 0.1, "WHDEPTH2": 0.4, "WHDEPTH3": 0.5, "WMAXMAG01": 0.5, "WMAXMAG02": 0.4, "WMAXMAG03": 0.1, "MAXMAG01": 6.3, "MAXMAG02": 6.6, "MAXMAG03": 6.9, "STRIKE1": 27.575799, "STRIKE2": 0.0, "STRIKE3": 0.0, "STRIKE4": 349.686107, "DIP1": 73.523788, "DIP2": 0.0, "DIP3": 0.0, "DIP4": 70.955, "aspRatio": 1.0, "mfd_bin": 0.2, "a_val": 3.3368793230599998, "a_hi": 3.4813437133999998, "a_mid": 3.3369913470800001, "a_lo": 3.19263898077, "sigma_a": 0.27110261843700001, "b_val": 1.00404785217, "b_hi": 1.0866845892799999, "b_mid": 1.00404785217, "b_lo": 0.92141111505499995, "sigma_b": 0.067258545104700002, "cum_cov_ab": 0.054321, "MCORNERP1": 6.0, "MCORNERP2": 6.2, "MCORNERP3": 6.4, "MAXMAGP1": 6.2, "MAXMAGP2": 6.4, "utsu_bval2": 0.0, "utsu_aval": 0.0, "utsu_Minfl": 0.0, "Shape_Leng": 10.5769867995, "Shape_Area": 6.2058603304000002 }, "geometry": { "type": "Polygon", "coordinates": [ [ [ -6.755700000154832, 40.501645999563266 ], [ -8.280131999692003, 39.665672999709216 ], [ -8.330497000236335, 40.157636000401169 ], [ -8.362951000388307, 41.00768900024724 ], [ -7.334201000375799, 42.621562000086271 ], [ -6.756840999712324, 42.717261000294968 ], [ -5.650932000111652, 42.768950999888773 ], [ -4.717636999847628, 42.449492999802146 ], [ -5.604326000244669, 41.132637000297393 ], [ -6.755700000154832, 40.501645999563266 ] ] ] } },
{ "type": "Feature", "properties": { "ZONE_ID": "ESAS157", "areakm2": 19808.9959853, "tctCluster": "Shallow Default", "CSZ_ID": "SZ19", "TECTO_ID": "TSZ117", "magScaleRe": "WC1994", "SS": 30.0, "NF": 60.0, "TF": 10.0, "MINDEPTH": 1.0, "MAXDEPTH": 20.0, "HYPODEPTH1": 5.0, "HYPODEPTH2": 9.0, "HYPODEPTH3": 15.0, "WHDEPTH1": 0.1, "WHDEPTH2": 0.4, "WHDEPTH3": 0.5, "WMAXMAG01": 0.5, "WMAXMAG02": 0.4, "WMAXMAG03": 0.1, "MAXMAG01": 6.3, "MAXMAG02": 6.6, "MAXMAG03": 6.9, "STRIKE1": 0.0, "STRIKE2": 149.054667, "STRIKE3": 207.205167, "STRIKE4": 315.740389, "DIP1": 67.404062, "DIP2": 67.404062, "DIP3": 68.4785, "DIP4": 67.187611, "aspRatio": 1.0, "mfd_bin": 0.2, "a_val": 2.75, "a_hi": 2.8332536095899998, "a_mid": 2.7498136463299998, "a_lo": 2.6663736830600002, "sigma_a": 0.22650969357199999, "b_val": 0.967, "b_hi": 1.0330744648400001, "b_mid": 0.967, "b_lo": 0.900925535163, "sigma_b": 0.043, "cum_cov_ab": 0.054321, "MCORNERP1": 6.0, "MCORNERP2": 6.2, "MCORNERP3": 6.4, "MAXMAGP1": 6.2, "MAXMAGP2": 6.2, "utsu_bval2": 0.0, "utsu_aval": 0.0, "utsu_Minfl": 0.0, "Shape_Leng": 5.5141593157399997, "Shape_Area": 1.5985272425 }, "geometry": { "type": "Polygon", "coordinates": [ [ [ -1.650253188134059, 41.959889333625881 ], [ -2.545105520903007, 41.174879479704259 ], [ -3.993124000372291, 42.178106999738304 ], [ -2.490061972781746, 42.534341125542539 ], [ -1.650253188134059, 41.959889333625881 ] ] ] } },
{ "type": "Feature", "properties": { "ZONE_ID": "ESAS200", "areakm2": 693754.27454200003, "tctCluster": "Shallow Default", "CSZ_ID": "SZ38", "TECTO_ID": "TSZ112", "magScaleRe": "WC1994", "SS": 30.0, "NF": 20.0, "TF": 50.0, "MINDEPTH": 0.0, "MAXDEPTH": 20.0, "HYPODEPTH1": 8.0, "HYPODEPTH2": 10.0, "HYPODEPTH3": 15.0, "WHDEPTH1": 0.1, "WHDEPTH2": 0.4, "WHDEPTH3": 0.5, "WMAXMAG01": 0.5, "WMAXMAG02": 0.4, "WMAXMAG03": 0.1, "MAXMAG01": 6.3, "MAXMAG02": 6.6, "MAXMAG03": 6.9, "STRIKE1": 64.904869, "STRIKE2": 107.524805, "STRIKE3": 0.0, "STRIKE4": 322.038056, "DIP1": 38.469061, "DIP2": 67.656381, "DIP3": 0.0, "DIP4": 68.156, "aspRatio": 1.0, "mfd_bin": 0.2, "a_val": 4.64, "a_hi": 4.7150835680399998, "a_mid": 4.6397488150099999, "a_lo": 4.56441406198, "sigma_a": 0.14829244292400001, "b_val": 1.15, "b_hi": 1.20762012201, "b_mid": 1.15, "b_lo": 1.09237987799, "sigma_b": 0.032700131118900001, "cum_cov_ab": 0.054321, "MCORNERP1": 6.0, "MCORNERP2": 6.2, "MCORNERP3": 6.4, "MAXMAGP1": 6.4, "MAXMAGP2": 6.4, "utsu_bval2": 0.0, "utsu_aval": 0.0, "utsu_Minfl": 0.0, "Shape_Leng": 37.885346632599997, "Shape_Area": 55.5782616762 }, "geometry": { "type": "Polygon", "coordinates": [ [ [ 1.085272682088657, 37.421557137951595 ], [ 0.606071513589541, 38.576295319073779 ], [ 0.269433727584499, 39.479887816569544 ], [ 1.398999999750231, 40.683599999740238 ], [ 3.093968869567732, 41.229244157491905 ], [ 3.826367999783429, 41.494872999989013 ], [ 4.210268729618235, 41.87687340748181 ], [ 3.437910079586572, 42.509721701595311 ], [ 3.089574999686533, 42.877201999772524 ], [ 3.641773939016105, 43.180862427858813 ], [ 3.965435498949148, 43.582500476515804 ], [ 4.603175140920087, 43.394467117763327 ], [ 4.862389277543173, 43.387682292304021 ], [ 5.145700000154932, 43.2580000001999 ], [ 5.331864493951286, 43.000486237849657 ], [ 5.760524134880995, 42.839506603247173 ], [ 6.220346639086188, 42.867400369731342 ], [ 6.914433023265474, 42.99225011345203 ], [ 8.029500000025052, 43.221400000409744 ], [ 8.363122495906509, 43.383449915481265 ], [ 8.573930847330814, 43.698739088438231 ], [ 9.701400000309832, 42.942199999730235 ], [ 10.184341999583637, 42.160362999852623 ], [ 10.758800999566517, 42.030906999658384 ], [ 11.236168999899462, 41.796268999914446 ], [ 11.656898999988925, 41.424084000076618 ], [ 12.424517054618434, 41.112598697671785 ], [ 13.26670400018952, 40.622509000090361 ], [ 13.630129999899623, 40.005560000293826 ], [ 14.116175000176156, 39.793951000438369 ], [ 14.56635699957593, 39.719299000448586 ], [ 14.993737999708969, 39.509016999734797 ], [ 15.190941999873417, 39.320087999861357 ], [ 15.326107999884357, 39.119014000195989 ], [ 15.308682225104633, 38.955476241335532 ], [ 15.112499999575391, 38.916900000234875 ], [ 14.989361541601909, 38.778571604396063 ], [ 14.575943000069458, 38.769684000316431 ], [ 14.212830999551045, 38.80887199984295 ], [ 13.133066999642381, 38.794506000151841 ], [ 11.540177999814887, 38.651918999662144 ], [ 11.002829131958947, 38.913867847822985 ], [ 5.781717199389277, 37.372153055818899 ], [ 1.085272682088657, 37.421557137951595 ] ] ] } },
{ "type": "Feature", "properties": { "ZONE_ID": "ESAS330", "areakm2": 693754.27454200003, "tctCluster": "Shallow Default", "CSZ_ID": "SZ19", "TECTO_ID": "TSZ029", "magScaleRe": "WC1994", "SS": 33.0, "NF": 33.0, "TF": 33.0, "MINDEPTH": 0.0, "MAXDEPTH": 20.0, "HYPODEPTH1": 8.0, "HYPODEPTH2": 10.0, "HYPODEPTH3": 15.0, "WHDEPTH1": 0.1, "WHDEPTH2": 0.4, "WHDEPTH3": 0.5, "WMAXMAG01": 0.5, "WMAXMAG02": 0.4, "WMAXMAG03": 0.1, "MAXMAG01": 7.1, "MAXMAG02": 7.4, "MAXMAG03": 7.7, "STRIKE1": 64.904869, "STRIKE2": 107.524805, "STRIKE3": 0.0, "STRIKE4": 322.038056, "DIP1": 38.469061, "DIP2": 67.656381, "DIP3": 0.0, "DIP4": 68.156, "aspRatio": 1.0, "mfd_bin": 0.2, "a_val": 3.2, "a_hi": 3.2698953097, "a_mid": 3.2000385606, "a_lo": 3.1301818115, "sigma_a": 0.061423452801700001, "b_val": 1.05, "b_hi": 1.1289708003300001, "b_mid": 1.05, "b_lo": 0.97102919966500001, "sigma_b": 0.061423452801700001, "cum_cov_ab": 0.054321, "MCORNERP1": 6.0, "MCORNERP2": 6.2, "MCORNERP3": 6.4, "MAXMAGP1": 6.2, "MAXMAGP2": 6.2, "utsu_bval2": 0.0, "utsu_aval": 0.0, "utsu_Minfl": 0.0, "Shape_Leng": 9.81326466322, "Shape_Area": 3.64475537038 }, "geometry": { "type": "Polygon", "coordinates": [ [ [ 0.606071513589541, 38.576295319073779 ], [ 1.085272682088657, 37.421557137951595 ], [ -1.890532227680126, 36.011146407980391 ], [ -2.47602985269549, 36.110929395974892 ], [ -2.794529596363759, 36.186771527284236 ], [ -2.481035650075171, 36.360651158724067 ], [ -1.781601030962747, 37.043850972544419 ], [ -1.245729414680682, 37.548765217041193 ], [ -0.53061372714177, 37.664895115317393 ], [ -0.048625683728289, 38.026437140561654 ], [ 0.052259471097784, 38.370035978677549 ], [ 0.606071513589541, 38.576295319073779 ] ] ] } },
{ "type": "Feature", "properties": { "ZONE_ID": "FIAS158", "areakm2": 129171.880282, "tctCluster": "Craton", "CSZ_ID": "SZ15", "TECTO_ID": "TSZ096", "magScaleRe": "WC1994", "SS": 50.0, "NF": 40.0, "TF": 10.0, "MINDEPTH": 0.0, "MAXDEPTH": 34.0, "HYPODEPTH1": 8.0, "HYPODEPTH2": 10.0, "HYPODEPTH3": 15.0, "WHDEPTH1": 0.1, "WHDEPTH2": 0.4, "WHDEPTH3": 0.5, "WMAXMAG01": 0.5, "WMAXMAG02": 0.4, "WMAXMAG03": 0.1, "MAXMAG01": 6.3, "MAXMAG02": 6.6, "MAXMAG03": 6.9, "STRIKE1": 0.0, "STRIKE2": 0.0, "STRIKE3": 0.0, "STRIKE4": 0.0, "DIP1": 89.99, "DIP2": 0.0, "DIP3": 0.0, "DIP4": 0.0, "aspRatio": 1.0, "mfd_bin": 0.2, "a_val": 1.94, "a_hi": 1.9430366380399999, "a_mid": 1.94017750925, "a_lo": 1.93731838047, "sigma_a": 0.01, "b_val": 0.91, "b_hi": 0.94186393639599997, "b_mid": 0.91, "b_lo": 0.87813606360399998, "sigma_b": 0.01, "cum_cov_ab": 0.11103556854299999, "MCORNERP1": 6.0, "MCORNERP2": 6.2, "MCORNERP3": 6.4, "MAXMAGP1": 6.0, "MAXMAGP2": 6.0, "utsu_bval2": 0.0, "utsu_aval": 0.0, "utsu_Minfl": 0.0, "Shape_Leng": 17.633157973300001, "Shape_Area": 10.4237877386 }, "geometry": { "type": "Polygon", "coordinates": [ [ [ 32.389399999610362, 67.579399999610359 ], [ 33.886900000035041, 66.604399999760233 ], [ 27.470099999815204, 64.191400000409772 ], [ 27.084899999635354, 63.946699999805219 ], [ 25.972199999830195, 65.235100000065017 ], [ 32.389399999610362, 67.579399999610359 ] ] ] } },
{ "type": "Feature", "properties": { "ZONE_ID": "FIAS159", "areakm2": 746404.875841, "tctCluster": "Craton", "CSZ_ID": "SZ15", "TECTO_ID": "TSZ026", "magScaleRe": "WC1994", "SS": 50.0, "NF": 40.0, "TF": 10.0, "MINDEPTH": 0.0, "MAXDEPTH": 34.0, "HYPODEPTH1": 8.0, "HYPODEPTH2": 10.0, "HYPODEPTH3": 15.0, "WHDEPTH1": 0.1, "WHDEPTH2": 0.4, "WHDEPTH3": 0.5, "WMAXMAG01": 0.5, "WMAXMAG02": 0.4, "WMAXMAG03": 0.1, "MAXMAG01": 6.3, "MAXMAG02": 6.6, "MAXMAG03": 6.9, "STRIKE1": 0.0, "STRIKE2": 0.0, "STRIKE3": 0.0, "STRIKE4": 0.0, "DIP1": 89.99, "DIP2": 0.0, "DIP3": 0.0, "DIP4": 0.0, "aspRatio": 1.0, "mfd_bin": 0.2, "a_val": 2.33, "a_hi": 2.33607631397, "a_mid": 2.3302146451699999, "a_lo": 2.3243529763600002, "sigma_a": 0.01, "b_val": 1.0, "b_hi": 1.0318639364, "b_mid": 1.0, "b_lo": 0.96813606360399995, "sigma_b": 0.01, "cum_cov_ab": 0.054321, "MCORNERP1": 6.0, "MCORNERP2": 6.2, "MCORNERP3": 6.4, "MAXMAGP1": 5.8, "MAXMAGP2": 6.0, "utsu_bval2": 0.0, "utsu_aval": 0.0, "utsu_Minfl": 0.0, "Shape_Leng": 39.531123926799999, "Shape_Area": 60.232660364899999 }, "geometry": { "type": "Polygon", "coordinates": [ [ [ 27.084899999635354, 63.946699999805219 ], [ 27.470099999815204, 64.191400000409772 ], [ 33.886900000035041, 66.604399999760233 ], [ 34.114383999921699, 65.583736000316208 ], [ 31.252527000220937, 62.531555000263097 ], [ 28.993564999724981, 60.727368999679641 ], [ 28.200000000399768, 59.300000000299804 ], [ 25.727044999826944, 59.608300000244867 ], [ 24.999999999600334, 59.700000000399768 ], [ 22.323135999926478, 59.5923579998219 ], [ 19.999999999700265, 59.499999999900126 ], [ 19.264593999713384, 59.805796000385158 ], [ 17.602134000383842, 60.50100200004232 ], [ 21.640000000199905, 63.840000000399755 ], [ 22.216399999760256, 63.973000000349771 ], [ 22.853100000264874, 64.425400000409752 ], [ 23.552199999630318, 64.723799999770222 ], [ 25.592100000114954, 65.399999999800229 ], [ 25.972199999830195, 65.235100000065017 ], [ 27.084899999635354, 63.946699999805219 ] ] ] } },
{ "type": "Feature", "properties": { "ZONE_ID": "FIAS160", "areakm2": 118884.48496, "tctCluster": "Craton", "CSZ_ID": "SZ15", "TECTO_ID": "TSZ096", "magScaleRe": "WC1994", "SS": 50.0, "NF": 40.0, "TF": 10.0, "MINDEPTH": 0.0, "MAXDEPTH": 34.0, "HYPODEPTH1": 8.0, "HYPODEPTH2": 10.0, "HYPODEPTH3": 15.0, "WHDEPTH1": 0.1, "WHDEPTH2": 0.4, "WHDEPTH3": 0.5, "WMAXMAG01": 0.5, "WMAXMAG02": 0.4, "WMAXMAG03": 0.1, "MAXMAG01": 6.3, "MAXMAG02": 6.6, "MAXMAG03": 6.9, "STRIKE1": 0.0, "STRIKE2": 0.0, "STRIKE3": 0.0, "STRIKE4": 0.0, "DIP1": 89.99, "DIP2": 0.0, "DIP3": 0.0, "DIP4": 0.0, "aspRatio": 1.0, "mfd_bin": 0.2, "a_val": 1.5, "a_hi": 1.50578880031, "a_mid": 1.4999168226699999, "a_lo": 1.4940448450199999, "sigma_a": 0.01, "b_val": 0.91, "b_hi": 0.94186393639599997, "b_mid": 0.91, "b_lo": 0.87813606360399998, "sigma_b": 0.01, "cum_cov_ab": 0.054321, "MCORNERP1": 6.0, "MCORNERP2": 6.2, "MCORNERP3": 6.4, "MAXMAGP1": 5.6, "MAXMAGP2": 5.6, "utsu_bval2": 0.0, "utsu_aval": 0.0, "utsu_Minfl": 0.0, "Shape_Leng": 16.969659885399999, "Shape_Area": 9.5936254410400004 }, "geometry": { "type": "Polygon", "coordinates": [ [ [ 32.389399999610362, 67.579399999610359 ], [ 25.972199999830195, 65.235100000065017 ], [ 25.592100000114954, 65.399999999800229 ], [ 24.648500000374781, 65.863000000349814 ], [ 24.565500000324789, 66.047600000239868 ], [ 29.875400000209879, 68.424500000374792 ], [ 32.389399999610362, 67.579399999610359 ] ] ] } },
{ "type": "Feature", "properties": { "ZONE_ID": "FRAS163", "areakm2": 7583.1083361800002, "tctCluster": "Shallow Default", "CSZ_ID": "SZ05", "TECTO_ID": "TSZ099", "magScaleRe": "WC1994", "SS": 30.0, "NF": 30.0, "TF": 40.0, "MINDEPTH": 0.0, "MAXDEPTH": 20.0, "HYPODEPTH1": 2.0, "HYPODEPTH2": 10.0, "HYPODEPTH3": 18.0, "WHDEPTH1": 0.1, "WHDEPTH2": 0.4, "WHDEPTH3": 0.5, "WMAXMAG01": 0.5, "WMAXMAG02": 0.4, "WMAXMAG03": 0.1, "MAXMAG01": 6.5, "MAXMAG02": 6.8, "MAXMAG03": 7.1, "STRIKE1": 0.0, "STRIKE2": 0.0, "STRIKE3": 250.409978, "STRIKE4": 271.654, "DIP1": 57.989152, "DIP2": 0.0, "DIP3": 57.989152, "DIP4": 60.427333, "aspRatio": 1.0, "mfd_bin": 0.2, "a_val": 2.1055, "a_hi": 2.1109739240300001, "a_mid": 2.1050859063499998, "a_lo": 2.09919788866, "sigma_a": 0.01, "b_val": 0.875, "b_hi": 0.90686393639600005, "b_mid": 0.875, "b_lo": 0.84313606360399995, "sigma_b": 0.01, "cum_cov_ab": 0.054321, "MCORNERP1": 6.0, "MCORNERP2": 6.2, "MCORNERP3": 6.4, "MAXMAGP1": 6.2, "MAXMAGP2": 6.2, "utsu_bval2": 0.0, "utsu_aval": 0.0, "utsu_Minfl": 0.0, "Shape_Leng": 4.5762951859600003, "Shape_Area": 0.60619517572500003 }, "geometry": { "type": "Polygon", "coordinates": [ [ [ 2.306799999720283, 42.196800000219866 ], [ 1.300345842586637, 42.284975807287708 ], [ 2.380000000199914, 42.605400000309828 ], [ 3.089574999686533, 42.877201999772524 ], [ 3.437910079586572, 42.509721701595311 ], [ 2.306799999720283, 42.196800000219866 ] ] ] } },
{ "type": "Feature", "properties": { "ZONE_ID": "FRAS164", "areakm2": 3870.74274371, "tctCluster": "Shallow Default", "CSZ_ID": "SZ05", "TECTO_ID": "TSZ099", "magScaleRe": "WC1994", "SS": 30.0, "NF": 30.0, "TF": 40.0, "MINDEPTH": 0.0, "MAXDEPTH": 20.0, "HYPODEPTH1": 2.0, "HYPODEPTH2": 10.0, "HYPODEPTH3": 18.0, "WHDEPTH1": 0.1, "WHDEPTH2": 0.4, "WHDEPTH3": 0.5, "WMAXMAG01": 0.5, "WMAXMAG02": 0.4, "WMAXMAG03": 0.1, "MAXMAG01": 6.5, "MAXMAG02": 6.8, "MAXMAG03": 7.1, "STRIKE1": 0.0, "STRIKE2": 0.0, "STRIKE3": 0.0, "STRIKE4": 0.0, "DIP1": 89.99, "DIP2": 0.0, "DIP3": 0.0, "DIP4": 0.0, "aspRatio": 1.0, "mfd_bin": 0.2, "a_val": 2.69, "a_hi": 2.7501057481400002, "a_mid": 2.6893936691400002, "a_lo": 2.6286815901499998, "sigma_a": 0.12621147854, "b_val": 0.8724, "b_hi": 0.926771066122, "b_mid": 0.8724, "b_lo": 0.81802893387800002, "sigma_b": 0.029116344194, "cum_cov_ab": 0.054321, "MCORNERP1": 6.4, "MCORNERP2": 6.6, "MCORNERP3": 6.8, "MAXMAGP1": 6.6, "MAXMAGP2": 6.8, "utsu_bval2": 0.0, "utsu_aval": 0.0, "utsu_Minfl": 0.0, "Shape_Leng": 3.0915092510900002, "Shape_Area": 0.31235746240599999 }, "geometry": { "type": "Polygon", "coordinates": [ [ [ -0.797481999994261, 42.99623899973011 ], [ -0.948304673421887, 43.410790017945033 ], [ -0.582318900097107, 43.209472739975013 ], [ -0.324271317267403, 43.132660911072264 ], [ -0.20528828742448, 43.133162949510563 ], [ -0.069235963269023, 43.195415673594539 ], [ 0.21642371478265, 43.104640910349758 ], [ 0.317518999802019, 42.934679000035885 ], [ 0.260724999559102, 42.823230000164415 ], [ -0.797481999994261, 42.99623899973011 ] ] ] } },
{ "type": "Feature", "properties": { "ZONE_ID": "FRAS165", "areakm2": 17045.532127099999, "tctCluster": "Shallow Default", "CSZ_ID": "SZ05", "TECTO_ID": "TSZ047", "magScaleRe": "WC1994", "SS": 70.0, "NF": 25.0, "TF": 5.0, "MINDEPTH": 3.0, "MAXDEPTH": 17.0, "HYPODEPTH1": 4.0, "HYPODEPTH2": 10.0, "HYPODEPTH3": 15.0, "WHDEPTH1": 0.1, "WHDEPTH2": 0.4, "WHDEPTH3": 0.5, "WMAXMAG01": 0.5, "WMAXMAG02": 0.4, "WMAXMAG03": 0.1, "MAXMAG01": 6.5, "MAXMAG02": 6.8, "MAXMAG03": 7.1, "STRIKE1": 0.0, "STRIKE2": 0.0, "STRIKE3": 0.0, "STRIKE4": 0.0, "DIP1": 89.99, "DIP2": 0.0, "DIP3": 0.0, "DIP4": 0.0, "aspRatio": 1.0, "mfd_bin": 0.2, "a_val": 2.45, "a_hi": 2.4666677797599998, "a_mid": 2.4500723236800002, "a_lo": 2.4334768676, "sigma_a": 0.02, "b_val": 0.92, "b_hi": 0.96506241100199996, "b_mid": 0.92, "b_lo": 0.874937588998, "sigma_b": 0.02, "cum_cov_ab": 0.054321, "MCORNERP1": 6.0, "MCORNERP2": 6.2, "MCORNERP3": 6.4, "MAXMAGP1": 6.2, "MAXMAGP2": 6.2, "utsu_bval2": 0.0, "utsu_aval": 0.0, "utsu_Minfl": 0.0, "Shape_Leng": 6.7251615318800004, "Shape_Area": 1.3755239019000001 }, "geometry": { "type": "Polygon", "coordinates": [ [ [ 5.63289999973523, 45.428900000134945 ], [ 5.320200000129944, 46.059800000269831 ], [ 5.314414202753312, 46.178063515818678 ], [ 5.349933703077966, 46.269274084231654 ], [ 5.325377011340038, 46.325622920961109 ], [ 5.325815524366988, 46.447529353596849 ], [ 5.37887551789089, 46.496642736173385 ], [ 5.391153863759826, 46.571189835642429 ], [ 5.445529394565938, 46.622057267628861 ], [ 5.492888728631954, 46.795708157405613 ], [ 5.647245074900354, 46.941294256624701 ], [ 5.396003193492618, 47.04752215962003 ], [ 5.421382095807132, 47.155396196976938 ], [ 5.540753379165153, 47.247757859837407 ], [ 5.952077960829286, 47.314850249539461 ], [ 6.413317264180421, 47.51131177391926 ], [ 6.865891999815972, 47.536097999623053 ], [ 7.009145338586563, 47.369339246908794 ], [ 6.34700100019603, 46.967473999825302 ], [ 6.33413400038387, 46.876803000358223 ], [ 5.882599999790216, 46.615600000439713 ], [ 5.888999999950101, 46.17630000014492 ], [ 5.987711310828388, 46.008942328625608 ], [ 6.118491511474133, 45.913045858879343 ], [ 5.896099837237728, 45.601359075061339 ], [ 5.63289999973523, 45.428900000134945 ] ] ] } },
{ "type": "Feature", "properties": { "ZONE_ID": "FRAS166", "areakm2": 18544.908537, "tctCluster": "Shallow Default", "CSZ_ID": "SZ05", "TECTO_ID": "TSZ112", "magScaleRe": "WC1994", "SS": 20.0, "NF": 60.0, "TF": 20.0, "MINDEPTH": 0.0, "MAXDEPTH": 15.0, "HYPODEPTH1": 2.0, "HYPODEPTH2": 8.0, "HYPODEPTH3": 10.0, "WHDEPTH1": 0.1, "WHDEPTH2": 0.4, "WHDEPTH3": 0.5, "WMAXMAG01": 0.5, "WMAXMAG02": 0.4, "WMAXMAG03": 0.1, "MAXMAG01": 6.5, "MAXMAG02": 6.8, "MAXMAG03": 7.1, "STRIKE1": 0.0, "STRIKE2": 0.0, "STRIKE3": 0.0, "STRIKE4": 0.0, "DIP1": 89.99, "DIP2": 0.0, "DIP3": 0.0, "DIP4": 0.0, "aspRatio": 1.0, "mfd_bin": 0.2, "a_val": 2.4, "a_hi": 2.4165260162000002, "a_mid": 2.3999258331300002, "a_lo": 2.3833256500600002, "sigma_a": 0.02, "b_val": 1.01, "b_hi": 1.055062411, "b_mid": 1.01, "b_lo": 0.96493758899799997, "sigma_b": 0.02, "cum_cov_ab": 0.054321, "MCORNERP1": 6.0, "MCORNERP2": 6.2, "MCORNERP3": 6.4, "MAXMAGP1": 5.8, "MAXMAGP2": 6.0, "utsu_bval2": 0.0, "utsu_aval": 0.0, "utsu_Minfl": 0.0, "Shape_Leng": 5.9349426980600004, "Shape_Area": 1.4965191326 }, "geometry": { "type": "Polygon", "coordinates": [ [ [ 5.145700000154932, 43.2580000001999 ], [ 5.380828598061385, 43.413026530250249 ], [ 5.565924426571087, 43.657576762257804 ], [ 5.720794841508791, 43.673132778155264 ], [ 5.83850013527308, 43.792120963811499 ], [ 6.115925418323457, 44.212267925324568 ], [ 6.160505897629093, 44.124710581128454 ], [ 6.227172620220301, 44.079445076529112 ], [ 6.235435000325026, 44.025433000432656 ], [ 6.193861076027872, 43.950237339581633 ], [ 6.166920355290188, 43.741126026844711 ], [ 6.195143967919819, 43.669284104278063 ], [ 6.310924923846187, 43.601290855588559 ], [ 6.914204644928475, 43.657096634901848 ], [ 7.114977162166326, 43.727014220529895 ], [ 7.225910944934185, 43.747268344258714 ], [ 7.295887353418664, 43.429429102271286 ], [ 6.914433023265474, 42.99225011345203 ], [ 6.220346639086188, 42.867400369731342 ], [ 5.760524134880995, 42.839506603247173 ], [ 5.331864493951286, 43.000486237849657 ], [ 5.145700000154932, 43.2580000001999 ] ] ] } },
{ "type": "Feature", "properties": { "ZONE_ID": "FRAS167", "areakm2": 6830.05421793, "tctCluster": "Shallow Default", "CSZ_ID": "SZ05", "TECTO_ID": "TSZ047", "magScaleRe": "WC1994", "SS": 40.0, "NF": 40.0, "TF": 20.0, "MINDEPTH": 6.0, "MAXDEPTH": 12.0, "HYPODEPTH1": 7.0, "HYPODEPTH2": 12.0, "HYPODEPTH3": 10.0, "WHDEPTH1": 0.3, "WHDEPTH2": 0.6, "WHDEPTH3": 0.1, "WMAXMAG01": 0.5, "WMAXMAG02": 0.4, "WMAXMAG03": 0.1, "MAXMAG01": 6.5, "MAXMAG02": 6.8, "MAXMAG03": 7.1, "STRIKE1": 0.0, "STRIKE2": 0.0, "STRIKE3": 0.0, "STRIKE4": 0.0, "DIP1": 89.99, "DIP2": 0.0, "DIP3": 0.0, "DIP4": 0.0, "aspRatio": 1.0, "mfd_bin": 0.2, "a_val": 2.52, "a_hi": 2.61827595918, "a_mid": 2.5199596524899999, "a_lo": 2.4216433458000002, "sigma_a": 0.17265575574700001, "b_val": 0.92, "b_hi": 0.98353663374, "b_mid": 0.92, "b_lo": 0.85646336625999997, "sigma_b": 0.039760290620100003, "cum_cov_ab": 0.054321, "MCORNERP1": 6.0, "MCORNERP2": 6.2, "MCORNERP3": 6.4, "MAXMAGP1": 6.2, "MAXMAGP2": 6.4, "utsu_bval2": 0.0, "utsu_aval": 0.0, "utsu_Minfl": 0.0, "Shape_Leng": 4.2576013186299999, "Shape_Area": 0.55116512382000005 }, "geometry": { "type": "Polygon", "coordinates": [ [ [ 5.63289999973523, 45.428900000134945 ], [ 5.896099837237728, 45.601359075061339 ], [ 6.118491511474133, 45.913045858879343 ], [ 6.531199999580338, 45.990300000444734 ], [ 6.037510887817291, 45.358675934546795 ], [ 5.844679062288947, 45.151516047227858 ], [ 5.635728167021341, 45.007041428219395 ], [ 5.580582387567176, 44.924242303439598 ], [ 5.59550745170759, 44.881071556407278 ], [ 5.50059999969028, 44.837599999640304 ], [ 5.40379999997009, 44.762499999675299 ], [ 5.315799999570345, 44.727199999580364 ], [ 5.163000000249838, 44.715499999625308 ], [ 4.932000000099947, 44.832299999845191 ], [ 5.478500000374765, 45.329500000124938 ], [ 5.63289999973523, 45.428900000134945 ] ] ] } },
{ "type": "Feature", "properties": { "ZONE_ID": "FRAS168", "areakm2": 6289.70084374, "tctCluster": "Shallow Default", "CSZ_ID": "SZ05", "TECTO_ID": "TSZ047", "magScaleRe": "WC1994", "SS": 40.0, "NF": 40.0, "TF": 20.0, "MINDEPTH": 0.0, "MAXDEPTH": 15.0, "HYPODEPTH1": 2.0, "HYPODEPTH2": 8.0, "HYPODEPTH3": 10.0, "WHDEPTH1": 0.1, "WHDEPTH2": 0.4, "WHDEPTH3": 0.5, "WMAXMAG01": 0.5, "WMAXMAG02": 0.4, "WMAXMAG03": 0.1, "MAXMAG01": 6.5, "MAXMAG02": 6.8, "MAXMAG03": 7.1, "STRIKE1": 0.0, "STRIKE2": 0.0, "STRIKE3": 230.118214, "STRIKE4": 285.46125, "DIP1": 58.123286, "DIP2": 0.0, "DIP3": 58.123286, "DIP4": 58.021, "aspRatio": 1.0, "mfd_bin": 0.2, "a_val": 2.0944, "a_hi": 2.1002673788899999, "a_mid": 2.0944040296000002, "a_lo": 2.0885406803, "sigma_a": 0.01, "b_val": 0.922, "b_hi": 0.95386393639599998, "b_mid": 0.922, "b_lo": 0.89013606360399999, "sigma_b": 0.01, "cum_cov_ab": 0.054321, "MCORNERP1": 6.0, "MCORNERP2": 6.2, "MCORNERP3": 6.4, "MAXMAGP1": 6.0, "MAXMAGP2": 6.0, "utsu_bval2": 0.0, "utsu_aval": 0.0, "utsu_Minfl": 0.0, "Shape_Leng": 3.56600972764, "Shape_Area": 0.50879751265600004 }, "geometry": { "type": "Polygon", "coordinates": [ [ [ 6.531199999580338, 45.990300000444734 ], [ 6.690018742271207, 45.870011780019695 ], [ 6.649653464535788, 45.68455255255833 ], [ 6.706062012651785, 45.332241783031918 ], [ 6.48713096202431, 44.997000238570195 ], [ 6.429880000061985, 45.035689000147272 ], [ 6.322718639453683, 45.054525036001678 ], [ 5.839305999772137, 44.972501000021168 ], [ 5.708714061404862, 44.956667005477982 ], [ 5.59550745170759, 44.881071556407278 ], [ 5.580582387567176, 44.924242303439598 ], [ 5.635728167021341, 45.007041428219395 ], [ 5.844679062288947, 45.151516047227858 ], [ 6.037510887817291, 45.358675934546795 ], [ 6.531199999580338, 45.990300000444734 ] ] ] } },
{ "type": "Feature", "properties": { "ZONE_ID": "FRAS169", "areakm2": 14036.392412, "tctCluster": "Shallow Default", "CSZ_ID": "SZ05", "TECTO_ID": "TSZ042", "magScaleRe": "WC1994", "SS": 20.0, "NF": 60.0, "TF": 20.0, "MINDEPTH": 0.0, "MAXDEPTH": 15.0, "HYPODEPTH1": 2.0, "HYPODEPTH2": 8.0, "HYPODEPTH3": 10.0, "WHDEPTH1": 0.1, "WHDEPTH2": 0.4, "WHDEPTH3": 0.5, "WMAXMAG01": 0.5, "WMAXMAG02": 0.4, "WMAXMAG03": 0.1, "MAXMAG01": 6.5, "MAXMAG02": 6.8, "MAXMAG03": 7.1, "STRIKE1": 0.0, "STRIKE2": 0.0, "STRIKE3": 0.0, "STRIKE4": 0.0, "DIP1": 89.99, "DIP2": 0.0, "DIP3": 0.0, "DIP4": 0.0, "aspRatio": 1.0, "mfd_bin": 0.2, "a_val": 2.4597, "a_hi": 2.4656586412500001, "a_mid": 2.4597856245499998, "a_lo": 2.45391260785, "sigma_a": 0.01, "b_val": 0.902, "b_hi": 0.93386393639599996, "b_mid": 0.902, "b_lo": 0.87013606360399998, "sigma_b": 0.01, "cum_cov_ab": 0.054321, "MCORNERP1": 6.0, "MCORNERP2": 6.2, "MCORNERP3": 6.4, "MAXMAGP1": 6.2, "MAXMAGP2": 6.4, "utsu_bval2": 0.0, "utsu_aval": 0.0, "utsu_Minfl": 0.0, "Shape_Leng": 5.0942330563000002, "Shape_Area": 1.1326952486099999 }, "geometry": { "type": "Polygon", "coordinates": [ [ [ 5.839305999772137, 44.972501000021168 ], [ 6.322718639453683, 45.054525036001678 ], [ 6.429880000061985, 45.035689000147272 ], [ 6.48713096202431, 44.997000238570195 ], [ 6.488788277656909, 44.872000122807492 ], [ 6.548332681707961, 44.712162415862849 ], [ 6.669999999900142, 44.479999999700283 ], [ 6.801997590316603, 44.405239443445623 ], [ 6.870204004411335, 44.265726323910769 ], [ 7.112449511435841, 44.20978015413084 ], [ 7.205024443123591, 44.14271976770317 ], [ 7.149013967320798, 43.943227218661264 ], [ 7.225910944934185, 43.747268344258714 ], [ 7.114977162166326, 43.727014220529895 ], [ 6.914204644928475, 43.657096634901848 ], [ 6.310924923846187, 43.601290855588559 ], [ 6.195143967919819, 43.669284104278063 ], [ 6.166920355290188, 43.741126026844711 ], [ 6.193861076027872, 43.950237339581633 ], [ 6.235435000325026, 44.025433000432656 ], [ 6.227172620220301, 44.079445076529112 ], [ 6.160505897629093, 44.124710581128454 ], [ 6.115925418323457, 44.212267925324568 ], [ 6.035695358054397, 44.277766066151059 ], [ 6.059997325815971, 44.370889622058485 ], [ 6.004236208634154, 44.377759586335912 ], [ 5.899389986258882, 44.420599979105816 ], [ 5.930889658231195, 44.555369934774717 ], [ 5.847530563384851, 44.624655530828136 ], [ 5.904208945886182, 44.76799123670628 ], [ 5.979060342660716, 44.806092602491674 ], [ 5.986275458645537, 44.861183347033887 ], [ 5.876224230064224, 44.900056831157883 ], [ 5.839305999772137, 44.972501000021168 ] ] ] } },
{ "type": "Feature", "properties": { "ZONE_ID": "FRAS170", "areakm2": 20141.9474477, "tctCluster": "Shallow Default", "CSZ_ID": "SZ05", "TECTO_ID": "TSZ047", "magScaleRe": "WC1994", "SS": 20.0, "NF": 60.0, "TF": 20.0, "MINDEPTH": 0.0, "MAXDEPTH": 15.0, "HYPODEPTH1": 2.0, "HYPODEPTH2": 8.0, "HYPODEPTH3": 10.0, "WHDEPTH1": 0.1, "WHDEPTH2": 0.4, "WHDEPTH3": 0.5, "WMAXMAG01": 0.5, "WMAXMAG02": 0.4, "WMAXMAG03": 0.1, "MAXMAG01": 6.5, "MAXMAG02": 6.8, "MAXMAG03": 7.1, "STRIKE1": 0.0, "STRIKE2": 0.0, "STRIKE3": 0.0, "STRIKE4": 0.0, "DIP1": 89.99, "DIP2": 0.0, "DIP3": 0.0, "DIP4": 0.0, "aspRatio": 1.0, "mfd_bin": 0.2, "a_val": 1.89, "a_hi": 1.9071665953200001, "a_mid": 1.88991614582, "a_lo": 1.8726656963299999, "sigma_a": 0.02, "b_val": 0.77, "b_hi": 0.81506241100200005, "b_mid": 0.77, "b_lo": 0.72493758899799998, "sigma_b": 0.02, "cum_cov_ab": 0.052360194428699998, "MCORNERP1": 6.0, "MCORNERP2": 6.2, "MCORNERP3": 6.4, "MAXMAGP1": 6.2, "MAXMAGP2": 6.4, "utsu_bval2": 0.0, "utsu_aval": 0.0, "utsu_Minfl": 0.0, "Shape_Leng": 6.3273506606399996, "Shape_Area": 1.6253954372 }, "geometry": { "type": "Polygon", "coordinates": [ [ [ 5.839305999772137, 44.972501000021168 ], [ 5.876224230064224, 44.900056831157883 ], [ 5.986275458645537, 44.861183347033887 ], [ 5.979060342660716, 44.806092602491674 ], [ 5.904208945886182, 44.76799123670628 ], [ 5.847530563384851, 44.624655530828136 ], [ 5.930889658231195, 44.555369934774717 ], [ 5.899389986258882, 44.420599979105816 ], [ 6.004236208634154, 44.377759586335912 ], [ 6.059997325815971, 44.370889622058485 ], [ 6.035695358054397, 44.277766066151059 ], [ 6.115925418323457, 44.212267925324568 ], [ 5.83850013527308, 43.792120963811499 ], [ 5.720794841508791, 43.673132778155264 ], [ 5.565924426571087, 43.657576762257804 ], [ 5.380828598061385, 43.413026530250249 ], [ 5.145700000154932, 43.2580000001999 ], [ 4.862389277543173, 43.387682292304021 ], [ 4.603175140920087, 43.394467117763327 ], [ 3.965435498949148, 43.582500476515804 ], [ 4.380437924670559, 43.844221911312218 ], [ 5.142433112098502, 44.260484910450316 ], [ 5.135500000124978, 44.318099999815217 ], [ 5.160600000189902, 44.438399999560374 ], [ 5.195900000284837, 44.551299999795219 ], [ 5.186400000159949, 44.639099999965083 ], [ 5.163000000249838, 44.715499999625308 ], [ 5.315799999570345, 44.727199999580364 ], [ 5.40379999997009, 44.762499999675299 ], [ 5.50059999969028, 44.837599999640304 ], [ 5.59550745170759, 44.881071556407278 ], [ 5.708714061404862, 44.956667005477982 ], [ 5.839305999772137, 44.972501000021168 ] ] ] } },
{ "type": "Feature", "properties": { "ZONE_ID": "FRAS171", "areakm2": 9992.7237083300006, "tctCluster": "Shallow Default", "CSZ_ID": "SZ05", "TECTO_ID": "TSZ099", "magScaleRe": "WC1994", "SS": 30.0, "NF": 30.0, "TF": 40.0, "MINDEPTH": 0.0, "MAXDEPTH": 20.0, "HYPODEPTH1": 2.0, "HYPODEPTH2": 10.0, "HYPODEPTH3": 18.0, "WHDEPTH1": 0.1, "WHDEPTH2": 0.4, "WHDEPTH3": 0.5, "WMAXMAG01": 0.5, "WMAXMAG02": 0.4, "WMAXMAG03": 0.1, "MAXMAG01": 6.5, "MAXMAG02": 6.8, "MAXMAG03": 7.1, "STRIKE1": 0.0, "STRIKE2": 0.0, "STRIKE3": 0.0, "STRIKE4": 0.0, "DIP1": 89.99, "DIP2": 0.0, "DIP3": 0.0, "DIP4": 0.0, "aspRatio": 1.0, "mfd_bin": 0.2, "a_val": 2.099, "a_hi": 2.1052394088400002, "a_mid": 2.0993657803099999, "a_lo": 2.09349215179, "sigma_a": 0.01, "b_val": 0.88, "b_hi": 0.91186393639600005, "b_mid": 0.88, "b_lo": 0.84813606360399996, "sigma_b": 0.01, "cum_cov_ab": 0.054321, "MCORNERP1": 6.0, "MCORNERP2": 6.2, "MCORNERP3": 6.4, "MAXMAGP1": 6.2, "MAXMAGP2": 6.2, "utsu_bval2": 0.0, "utsu_aval": 0.0, "utsu_Minfl": 0.0, "Shape_Leng": 6.8912043306899999, "Shape_Area": 0.80638317484099997 }, "geometry": { "type": "Polygon", "coordinates": [ [ [ 0.70649999987512, 43.233800000269866 ], [ 1.021190787324997, 43.163881405602467 ], [ 0.971991053644274, 43.135171101465232 ], [ 0.62357661307027, 43.147220015891094 ], [ 0.21642371478265, 43.104640910349758 ], [ -0.069235963269023, 43.195415673594539 ], [ -0.20528828742448, 43.133162949510563 ], [ -0.324271317267403, 43.132660911072264 ], [ -0.582318900097107, 43.209472739975013 ], [ -0.948304673421887, 43.410790017945033 ], [ -1.093393684071202, 43.653776457517552 ], [ -1.32433120921786, 43.670845752729349 ], [ -1.543219819938713, 43.622650095025904 ], [ -1.713912773855384, 43.544332151707465 ], [ -2.096477999659896, 43.486216999714827 ], [ -2.122884999742894, 43.687900999631495 ], [ -1.919499999625259, 43.698600000189913 ], [ -1.790499999775136, 43.691000000449719 ], [ -1.541599999740129, 43.758100000214881 ], [ -1.166054631815769, 43.779170444860199 ], [ -0.718399999860083, 43.753899999885164 ], [ -0.462800000219772, 43.74759999984019 ], [ -0.317900000084876, 43.688999999950113 ], [ -0.210100000314696, 43.548099999915109 ], [ 0.3813000002948, 43.354699999805177 ], [ 0.605599999940068, 43.309500000025025 ], [ 0.70649999987512, 43.233800000269866 ] ] ] } },
{ "type": "Feature", "properties": { "ZONE_ID": "FRAS172", "areakm2": 12651.630013600001, "tctCluster": "Shallow Default", "CSZ_ID": "SZ05", "TECTO_ID": "TSZ099", "magScaleRe": "WC1994", "SS": 30.0, "NF": 30.0, "TF": 40.0, "MINDEPTH": 0.0, "MAXDEPTH": 20.0, "HYPODEPTH1": 2.0, "HYPODEPTH2": 10.0, "HYPODEPTH3": 18.0, "WHDEPTH1": 0.1, "WHDEPTH2": 0.4, "WHDEPTH3": 0.5, "WMAXMAG01": 0.5, "WMAXMAG02": 0.4, "WMAXMAG03": 0.1, "MAXMAG01": 6.5, "MAXMAG02": 6.8, "MAXMAG03": 7.1, "STRIKE1": 0.0, "STRIKE2": 0.0, "STRIKE3": 0.0, "STRIKE4": 0.0, "DIP1": 89.99, "DIP2": 0.0, "DIP3": 0.0, "DIP4": 0.0, "aspRatio": 1.0, "mfd_bin": 0.2, "a_val": 2.417, "a_hi": 2.4228447920399998, "a_mid": 2.4169663879700001, "a_lo": 2.4110879839099999, "sigma_a": 0.01, "b_val": 0.86, "b_hi": 0.89186393639600003, "b_mid": 0.86, "b_lo": 0.82813606360400005, "sigma_b": 0.01, "cum_cov_ab": 0.054321, "MCORNERP1": 6.0, "MCORNERP2": 6.2, "MCORNERP3": 6.4, "MAXMAGP1": 6.2, "MAXMAGP2": 6.4, "utsu_bval2": 0.0, "utsu_aval": 0.0, "utsu_Minfl": 0.0, "Shape_Leng": 6.1479713899500004, "Shape_Area": 1.0238250162 }, "geometry": { "type": "Polygon", "coordinates": [ [ [ 1.021190787324997, 43.163881405602467 ], [ 1.428845723151653, 43.135767271942086 ], [ 1.73175511660537, 43.056319743261611 ], [ 1.845035307033868, 43.086567538261306 ], [ 2.380890377588912, 43.051299361576355 ], [ 2.806116647065664, 43.020172999984027 ], [ 3.089574999686533, 42.877201999772524 ], [ 2.380000000199914, 42.605400000309828 ], [ 0.260724999559102, 42.823230000164415 ], [ 0.317518999802019, 42.934679000035885 ], [ 0.21642371478265, 43.104640910349758 ], [ 0.62357661307027, 43.147220015891094 ], [ 0.971991053644274, 43.135171101465232 ], [ 1.021190787324997, 43.163881405602467 ] ] ] } },
{ "type": "Feature", "properties": { "ZONE_ID": "FRAS173", "areakm2": 128033.73153600001, "tctCluster": "Shallow Default", "CSZ_ID": "SZ05", "TECTO_ID": "TSZ033", "magScaleRe": "WC1994", "SS": 35.0, "NF": 50.0, "TF": 15.0, "MINDEPTH": 5.0, "MAXDEPTH": 20.0, "HYPODEPTH1": 8.0, "HYPODEPTH2": 12.0, "HYPODEPTH3": 18.0, "WHDEPTH1": 0.1, "WHDEPTH2": 0.4, "WHDEPTH3": 0.5, "WMAXMAG01": 0.5, "WMAXMAG02": 0.4, "WMAXMAG03": 0.1, "MAXMAG01": 6.3, "MAXMAG02": 6.6, "MAXMAG03": 6.9, "STRIKE1": 128.9, "STRIKE2": 0.0, "STRIKE3": 0.0, "STRIKE4": 0.0, "DIP1": 89.99, "DIP2": 0.0, "DIP3": 0.0, "DIP4": 0.0, "aspRatio": 1.0, "mfd_bin": 0.2, "a_val": 2.45, "a_hi": 2.5198133913, "a_mid": 2.4500039825700002, "a_lo": 2.3801945738399999, "sigma_a": 0.061423452801700001, "b_val": 1.06, "b_hi": 1.1389708003300001, "b_mid": 1.06, "b_lo": 0.98102919966500002, "sigma_b": 0.061423452801700001, "cum_cov_ab": 0.054321, "MCORNERP1": 6.0, "MCORNERP2": 6.2, "MCORNERP3": 6.4, "MAXMAGP1": 5.8, "MAXMAGP2": 5.8, "utsu_bval2": 0.0, "utsu_aval": 0.0, "utsu_Minfl": 0.0, "Shape_Leng": 17.048208067600001, "Shape_Area": 10.331942510499999 }, "geometry": { "type": "Polygon", "coordinates": [ [ [ 3.09559265307854, 49.811730363265724 ], [ 3.564132618625479, 49.786754157578343 ], [ 4.418601462387642, 49.783741929646396 ], [ 4.929999999600341, 49.82 ], [ 5.520000000399762, 49.540000000199882 ], [ 5.85999999990014, 49.559999999800198 ], [ 6.399999999900103, 49.450000000199907 ], [ 6.414283307828441, 50.096504800855939 ], [ 6.823175690106041, 50.400213337275773 ], [ 6.926595538253537, 50.520702480635009 ], [ 7.08448651963721, 50.50614337581618 ], [ 7.210749101889576, 50.418286708464905 ], [ 7.324962768816761, 50.325409660327637 ], [ 7.48036136008875, 50.247673996557751 ], [ 6.866758644096194, 49.898701504171129 ], [ 7.040830733151836, 49.548960336050698 ], [ 7.366561331840046, 49.689800011361513 ], [ 7.936999999850173, 49.601000000149952 ], [ 8.076502648578412, 49.375694867823938 ], [ 7.875837896201972, 49.093284557236586 ], [ 7.394399999560392, 48.879400000109968 ], [ 7.041799999970067, 48.749099999665304 ], [ 6.562400000359787, 48.354699999705304 ], [ 6.373500000025047, 48.119400000010046 ], [ 6.185000000149955, 47.765499999825181 ], [ 5.448684345805987, 47.751751531308173 ], [ 5.293211933683835, 47.715554613055019 ], [ 4.975351767170366, 47.376332278012285 ], [ 4.732518796905026, 47.042022930314033 ], [ 3.536621294237364, 46.909349695432127 ], [ 3.06584819603745, 46.787263685270887 ], [ 2.87657710305092, 46.663757982844686 ], [ 2.874320796667462, 48.17100643100207 ], [ 3.09559265307854, 49.811730363265724 ] ] ] } },
{ "type": "Feature", "properties": { "ZONE_ID": "FRAS174", "areakm2": 57088.9425004, "tctCluster": "Shallow Default", "CSZ_ID": "SZ05", "TECTO_ID": "TSZ048", "magScaleRe": "WC1994", "SS": 40.0, "NF": 40.0, "TF": 20.0, "MINDEPTH": 5.0, "MAXDEPTH": 20.0, "HYPODEPTH1": 8.0, "HYPODEPTH2": 12.0, "HYPODEPTH3": 18.0, "WHDEPTH1": 0.1, "WHDEPTH2": 0.4, "WHDEPTH3": 0.5, "WMAXMAG01": 0.5, "WMAXMAG02": 0.4, "WMAXMAG03": 0.1, "MAXMAG01": 6.3, "MAXMAG02": 6.6, "MAXMAG03": 6.9, "STRIKE1": 0.0, "STRIKE2": 0.0, "STRIKE3": 0.0, "STRIKE4": 0.0, "DIP1": 89.99, "DIP2": 0.0, "DIP3": 0.0, "DIP4": 0.0, "aspRatio": 1.0, "mfd_bin": 0.2, "a_val": 2.1473926002199999, "a_hi": 2.2653426077200001, "a_mid": 2.1474689708899999, "a_lo": 2.0295953340700001, "sigma_a": 0.20697346418000001, "b_val": 0.82670160732099995, "b_hi": 0.89699898533099998, "b_mid": 0.82670160732099995, "b_lo": 0.75640422931100004, "sigma_b": 0.048672023327900001, "cum_cov_ab": 0.054321, "MCORNERP1": 6.0, "MCORNERP2": 6.2, "MCORNERP3": 6.4, "MAXMAGP1": 6.2, "MAXMAGP2": 6.4, "utsu_bval2": 0.0, "utsu_aval": 0.0, "utsu_Minfl": 0.0, "Shape_Leng": 9.4375386564100001, "Shape_Area": 4.60690838934 }, "geometry": { "type": "Polygon", "coordinates": [ [ [ 2.727292528427483, 46.027823559010073 ], [ 2.858458259441193, 46.23891676799451 ], [ 2.84037282924271, 46.406846748278838 ], [ 2.87657710305092, 46.663757982844686 ], [ 3.06584819603745, 46.787263685270887 ], [ 3.536621294237364, 46.909349695432127 ], [ 4.732518796905026, 47.042022930314033 ], [ 4.56270000020487, 46.542899999635324 ], [ 4.547000000149922, 46.452899999635349 ], [ 4.473600000339786, 46.317200000179923 ], [ 4.697799999870142, 46.244899999835184 ], [ 4.526600000089957, 45.868900000334804 ], [ 4.757500000124935, 45.829700000254888 ], [ 4.801699999655284, 45.597699999855138 ], [ 4.942400000359783, 45.549600000339808 ], [ 4.747300000094981, 45.398300000045026 ], [ 4.857600000040009, 45.178999999850191 ], [ 4.864999999550378, 44.861700000354801 ], [ 4.803299999695298, 44.840099999815209 ], [ 4.690599999690278, 44.778999999750226 ], [ 4.625599999640315, 44.762599999790211 ], [ 4.521799999970085, 44.760299999845188 ], [ 4.404299999845193, 44.725600000439727 ], [ 4.300600000289819, 44.604800000119951 ], [ 4.243300000094962, 44.502400000259854 ], [ 2.241285217838595, 44.976750845275319 ], [ 2.241536236608056, 45.111297055914463 ], [ 2.506612353077685, 45.544304915339637 ], [ 2.727292528427483, 46.027823559010073 ] ] ] } },
{ "type": "Feature", "properties": { "ZONE_ID": "FRAS175", "areakm2": 37941.379409499998, "tctCluster": "Shallow Default", "CSZ_ID": "SZ05", "TECTO_ID": "TSZ036", "magScaleRe": "WC1994", "SS": 33.0, "NF": 33.0, "TF": 34.0, "MINDEPTH": 5.0, "MAXDEPTH": 20.0, "HYPODEPTH1": 8.0, "HYPODEPTH2": 12.0, "HYPODEPTH3": 18.0, "WHDEPTH1": 0.1, "WHDEPTH2": 0.4, "WHDEPTH3": 0.5, "WMAXMAG01": 0.5, "WMAXMAG02": 0.4, "WMAXMAG03": 0.1, "MAXMAG01": 6.3, "MAXMAG02": 6.6, "MAXMAG03": 6.9, "STRIKE1": 0.0, "STRIKE2": 0.0, "STRIKE3": 0.0, "STRIKE4": 0.0, "DIP1": 89.99, "DIP2": 0.0, "DIP3": 0.0, "DIP4": 0.0, "aspRatio": 1.0, "mfd_bin": 0.2, "a_val": 2.45, "a_hi": 2.4581048080699999, "a_mid": 2.4495679833800001, "a_lo": 2.44103115869, "sigma_a": 0.02, "b_val": 0.95, "b_hi": 0.99506241100199999, "b_mid": 0.95, "b_lo": 0.90493758899800003, "sigma_b": 0.02, "cum_cov_ab": 0.10567241112799999, "MCORNERP1": 6.0, "MCORNERP2": 6.2, "MCORNERP3": 6.4, "MAXMAGP1": 6.0, "MAXMAGP2": 6.2, "utsu_bval2": 0.0, "utsu_aval": 0.0, "utsu_Minfl": 0.0, "Shape_Leng": 8.5949762406799994, "Shape_Area": 3.0617568207199999 }, "geometry": { "type": "Polygon", "coordinates": [ [ [ -1.877600000039934, 47.774500000274827 ], [ -4.797294995067944, 48.117593883451036 ], [ -5.582231561437368, 48.336608003556591 ], [ -4.547925332188299, 48.903705062438746 ], [ -4.240999999949963, 48.981400000409735 ], [ -3.665400000409647, 49.283300000194913 ], [ -3.080939628261206, 49.469009080904414 ], [ -2.399600000039925, 48.422300000045027 ], [ -1.877600000039934, 47.774500000274827 ] ] ] } },
{ "type": "Feature", "properties": { "ZONE_ID": "FRAS176", "areakm2": 101966.41982700001, "tctCluster": "Shallow Default", "CSZ_ID": "SZ05", "TECTO_ID": "TSZ056", "magScaleRe": "WC1994", "SS": 40.0, "NF": 40.0, "TF": 20.0, "MINDEPTH": 5.0, "MAXDEPTH": 20.0, "HYPODEPTH1": 8.0, "HYPODEPTH2": 12.0, "HYPODEPTH3": 18.0, "WHDEPTH1": 0.1, "WHDEPTH2": 0.4, "WHDEPTH3": 0.5, "WMAXMAG01": 0.5, "WMAXMAG02": 0.4, "WMAXMAG03": 0.1, "MAXMAG01": 6.3, "MAXMAG02": 6.6, "MAXMAG03": 6.9, "STRIKE1": 0.0, "STRIKE2": 0.0, "STRIKE3": 0.0, "STRIKE4": 0.0, "DIP1": 89.99, "DIP2": 0.0, "DIP3": 0.0, "DIP4": 0.0, "aspRatio": 1.0, "mfd_bin": 0.2, "a_val": 2.9932223819899999, "a_hi": 3.0559834818999998, "a_mid": 2.9931044687899999, "a_lo": 2.93022545568, "sigma_a": 0.14359677588700001, "b_val": 0.93971046193499996, "b_hi": 0.99875516725799995, "b_mid": 0.93971046193499996, "b_lo": 0.88066575661299995, "sigma_b": 0.034337056727599999, "cum_cov_ab": 0.054321, "MCORNERP1": 6.0, "MCORNERP2": 6.2, "MCORNERP3": 6.4, "MAXMAGP1": 6.2, "MAXMAGP2": 6.4, "utsu_bval2": 0.0, "utsu_aval": 0.0, "utsu_Minfl": 0.0, "Shape_Leng": 19.293070911499999, "Shape_Area": 8.2283877468700002 }, "geometry": { "type": "Polygon", "coordinates": [ [ [ -4.797294995067944, 48.117593883451036 ], [ -1.877600000039934, 47.774500000274827 ], [ -0.950200000029952, 47.630799999720239 ], [ -0.404780000096878, 47.49653800002875 ], [ 0.310245491736111, 47.276494746135654 ], [ 0.581346064968955, 47.141948535496567 ], [ 1.217930373987599, 47.065638744132798 ], [ 1.609520090579792, 47.013426782520071 ], [ 2.260023291441769, 47.204458510651818 ], [ 2.87657710305092, 46.663757982844686 ], [ 2.84037282924271, 46.406846748278838 ], [ 2.858458259441193, 46.23891676799451 ], [ 2.727292528427483, 46.027823559010073 ], [ 2.332376198902523, 46.131360740805576 ], [ 1.305170199944826, 46.191289345127245 ], [ 0.996236792194225, 45.831572364473118 ], [ 0.887600000239843, 45.349699999955078 ], [ 0.199299999795187, 45.804099999615346 ], [ -1.052090779465857, 46.301722081408968 ], [ -1.855351737592571, 46.458357968045846 ], [ -2.44374038890777, 46.728454464402091 ], [ -3.480199999830063, 47.452399999760246 ], [ -3.856475598370139, 47.519666508102944 ], [ -5.53343283275899, 47.996256450974499 ], [ -5.582231561437368, 48.336608003556591 ], [ -4.797294995067944, 48.117593883451036 ] ] ] } },
{ "type": "Feature", "properties": { "ZONE_ID": "FRAS177", "areakm2": 19388.1392939, "tctCluster": "Shallow Default", "CSZ_ID": "SZ05", "TECTO_ID": "TSZ047", "magScaleRe": "WC1994", "SS": 40.0, "NF": 40.0, "TF": 20.0, "MINDEPTH": 5.0, "MAXDEPTH": 20.0, "HYPODEPTH1": 8.0, "HYPODEPTH2": 12.0, "HYPODEPTH3": 18.0, "WHDEPTH1": 0.1, "WHDEPTH2": 0.4, "WHDEPTH3": 0.5, "WMAXMAG01": 0.5, "WMAXMAG02": 0.4, "WMAXMAG03": 0.1, "MAXMAG01": 6.3, "MAXMAG02": 6.6, "MAXMAG03": 6.9, "STRIKE1": 0.0, "STRIKE2": 0.0, "STRIKE3": 0.0, "STRIKE4": 0.0, "DIP1": 89.99, "DIP2": 0.0, "DIP3": 0.0, "DIP4": 0.0, "aspRatio": 1.0, "mfd_bin": 0.2, "a_val": 2.35, "a_hi": 2.3556100925000001, "a_mid": 2.3507055640400001, "a_lo": 2.3458010355800001, "sigma_a": 0.02, "b_val": 0.92, "b_hi": 0.95186393639599998, "b_mid": 0.92, "b_lo": 0.88813606360399999, "sigma_b": 0.01, "cum_cov_ab": 0.097129595005500002, "MCORNERP1": 6.0, "MCORNERP2": 6.2, "MCORNERP3": 6.4, "MAXMAGP1": 6.2, "MAXMAGP2": 6.2, "utsu_bval2": 0.0, "utsu_aval": 0.0, "utsu_Minfl": 0.0, "Shape_Leng": 7.2848118656, "Shape_Area": 1.5674284812499999 }, "geometry": { "type": "Polygon", "coordinates": [ [ [ 5.142433112098502, 44.260484910450316 ], [ 4.380437924670559, 43.844221911312218 ], [ 3.965435498949148, 43.582500476515804 ], [ 3.641773939016105, 43.180862427858813 ], [ 3.089574999686533, 42.877201999772524 ], [ 2.806116647065664, 43.020172999984027 ], [ 2.380890377588912, 43.051299361576355 ], [ 2.854131884578862, 43.355659959539537 ], [ 3.105150933768641, 43.477153178876165 ], [ 3.389047128522236, 43.571606994866954 ], [ 3.423662042169553, 43.70165019749868 ], [ 4.149099999765212, 44.244000000099959 ], [ 4.144100000314836, 44.37250000027484 ], [ 4.243300000094962, 44.502400000259854 ], [ 4.300600000289819, 44.604800000119951 ], [ 4.404299999845193, 44.725600000439727 ], [ 4.521799999970085, 44.760299999845188 ], [ 4.625599999640315, 44.762599999790211 ], [ 4.690599999690278, 44.778999999750226 ], [ 4.803299999695298, 44.840099999815209 ], [ 4.864999999550378, 44.861700000354801 ], [ 4.932000000099947, 44.832299999845191 ], [ 5.163000000249838, 44.715499999625308 ], [ 5.186400000159949, 44.639099999965083 ], [ 5.195900000284837, 44.551299999795219 ], [ 5.160600000189902, 44.438399999560374 ], [ 5.135500000124978, 44.318099999815217 ], [ 5.142433112098502, 44.260484910450316 ] ] ] } },
{ "type": "Feature", "properties": { "ZONE_ID": "FRAS179", "areakm2": 36820.342208000002, "tctCluster": "Shallow Default", "CSZ_ID": "SZ05", "TECTO_ID": "TSZ031", "magScaleRe": "WC1994", "SS": 40.0, "NF": 40.0, "TF": 20.0, "MINDEPTH": 5.0, "MAXDEPTH": 20.0, "HYPODEPTH1": 8.0, "HYPODEPTH2": 12.0, "HYPODEPTH3": 18.0, "WHDEPTH1": 0.1, "WHDEPTH2": 0.4, "WHDEPTH3": 0.5, "WMAXMAG01": 0.5, "WMAXMAG02": 0.4, "WMAXMAG03": 0.1, "MAXMAG01": 6.3, "MAXMAG02": 6.6, "MAXMAG03": 6.9, "STRIKE1": 0.0, "STRIKE2": 0.0, "STRIKE3": 0.0, "STRIKE4": 0.0, "DIP1": 89.99, "DIP2": 0.0, "DIP3": 0.0, "DIP4": 0.0, "aspRatio": 1.0, "mfd_bin": 0.2, "a_val": 1.2777807052700001, "a_hi": 1.36571862828, "a_mid": 1.27819829279, "a_lo": 1.1906779573, "sigma_a": 0.167555650025, "b_val": 0.94, "b_hi": 1.00301762444, "b_mid": 0.94, "b_lo": 0.87698237555799996, "sigma_b": 0.0391133669411, "cum_cov_ab": 0.054321, "MCORNERP1": 6.0, "MCORNERP2": 6.2, "MCORNERP3": 6.4, "MAXMAGP1": 5.2, "MAXMAGP2": 5.2, "utsu_bval2": 0.0, "utsu_aval": 0.0, "utsu_Minfl": 0.0, "Shape_Leng": 10.069003995699999, "Shape_Area": 2.9712924423399998 }, "geometry": { "type": "Polygon", "coordinates": [ [ [ -2.122884999742894, 43.687900999631495 ], [ -2.042774104141529, 44.221751212448567 ], [ -2.610366812678194, 44.76615524376956 ], [ -2.802968999919358, 45.030659000212722 ], [ -1.862647610898478, 44.944454513365145 ], [ -1.392939102257742, 44.961750639180707 ], [ -0.959179404206111, 44.89087043812026 ], [ -0.497949389053019, 44.575470501062853 ], [ -0.386711561689197, 44.207843047718541 ], [ -0.256481909812237, 44.122379838758604 ], [ -0.052319800118653, 44.084396190631765 ], [ 0.202034987424781, 43.913469773611212 ], [ 0.598828456568071, 43.859207418887308 ], [ 0.86573141447326, 43.755769804632848 ], [ 1.073403647360465, 43.605700486987928 ], [ 1.201925400337018, 43.394844484985072 ], [ 1.306349325361111, 43.354681437798149 ], [ 1.021190787324997, 43.163881405602467 ], [ 0.70649999987512, 43.233800000269866 ], [ 0.605599999940068, 43.309500000025025 ], [ 0.3813000002948, 43.354699999805177 ], [ -0.210100000314696, 43.548099999915109 ], [ -0.317900000084876, 43.688999999950113 ], [ -0.462800000219772, 43.74759999984019 ], [ -0.718399999860083, 43.753899999885164 ], [ -1.166054631815769, 43.779170444860199 ], [ -1.541599999740129, 43.758100000214881 ], [ -1.790499999775136, 43.691000000449719 ], [ -1.919499999625259, 43.698600000189913 ], [ -2.122884999742894, 43.687900999631495 ] ] ] } },
{ "type": "Feature", "properties": { "ZONE_ID": "FRAS180", "areakm2": 33854.4048129, "tctCluster": "Shallow Default", "CSZ_ID": "SZ05", "TECTO_ID": "TSZ048", "magScaleRe": "WC1994", "SS": 40.0, "NF": 40.0, "TF": 20.0, "MINDEPTH": 5.0, "MAXDEPTH": 20.0, "HYPODEPTH1": 8.0, "HYPODEPTH2": 12.0, "HYPODEPTH3": 18.0, "WHDEPTH1": 0.1, "WHDEPTH2": 0.4, "WHDEPTH3": 0.5, "WMAXMAG01": 0.5, "WMAXMAG02": 0.4, "WMAXMAG03": 0.1, "MAXMAG01": 6.3, "MAXMAG02": 6.6, "MAXMAG03": 6.9, "STRIKE1": 0.0, "STRIKE2": 0.0, "STRIKE3": 0.0, "STRIKE4": 0.0, "DIP1": 89.99, "DIP2": 0.0, "DIP3": 0.0, "DIP4": 0.0, "aspRatio": 1.0, "mfd_bin": 0.2, "a_val": 1.86430587882, "a_hi": 1.9271569287100001, "a_mid": 1.86326825265, "a_lo": 1.7993795766, "sigma_a": 0.330675873284, "b_val": 0.99210615748700004, "b_hi": 1.0784716116599999, "b_mid": 0.99210615748700004, "b_lo": 0.90574070331300005, "sigma_b": 0.073465133039299996, "cum_cov_ab": 0.054321, "MCORNERP1": 6.0, "MCORNERP2": 6.2, "MCORNERP3": 6.4, "MAXMAGP1": 5.6, "MAXMAGP2": 5.4, "utsu_bval2": 0.0, "utsu_aval": 0.0, "utsu_Minfl": 0.0, "Shape_Leng": 7.2310243989199998, "Shape_Area": 2.7319500889400001 }, "geometry": { "type": "Polygon", "coordinates": [ [ [ 2.332376198902523, 46.131360740805576 ], [ 2.727292528427483, 46.027823559010073 ], [ 2.506612353077685, 45.544304915339637 ], [ 2.241536236608056, 45.111297055914463 ], [ 2.241285217838595, 44.976750845275319 ], [ 2.127499999625343, 44.560599999690282 ], [ 1.928199999930087, 44.138400000159947 ], [ 1.558617831447805, 43.650653487968157 ], [ 1.352782211130204, 43.752567221699962 ], [ 1.130881371578084, 43.901672537157935 ], [ 1.044726000304706, 44.085245999603274 ], [ 1.122057892757596, 44.348112328021557 ], [ 1.269118648107167, 44.718409193129787 ], [ 1.192943292798759, 45.05485034596677 ], [ 0.887600000239843, 45.349699999955078 ], [ 0.996236792194225, 45.831572364473118 ], [ 1.305170199944826, 46.191289345127245 ], [ 2.332376198902523, 46.131360740805576 ] ] ] } },
{ "type": "Feature", "properties": { "ZONE_ID": "FRAS181", "areakm2": 38855.192078599997, "tctCluster": "Shallow Default", "CSZ_ID": "SZ05", "TECTO_ID": "TSZ048", "magScaleRe": "WC1994", "SS": 40.0, "NF": 40.0, "TF": 20.0, "MINDEPTH": 5.0, "MAXDEPTH": 20.0, "HYPODEPTH1": 8.0, "HYPODEPTH2": 12.0, "HYPODEPTH3": 18.0, "WHDEPTH1": 0.1, "WHDEPTH2": 0.4, "WHDEPTH3": 0.5, "WMAXMAG01": 0.5, "WMAXMAG02": 0.4, "WMAXMAG03": 0.1, "MAXMAG01": 6.3, "MAXMAG02": 6.6, "MAXMAG03": 6.9, "STRIKE1": 0.0, "STRIKE2": 0.0, "STRIKE3": 0.0, "STRIKE4": 0.0, "DIP1": 89.99, "DIP2": 0.0, "DIP3": 0.0, "DIP4": 0.0, "aspRatio": 1.0, "mfd_bin": 0.2, "a_val": 2.5, "a_hi": 2.5033007730399999, "a_mid": 2.4997942661699999, "a_lo": 2.4962877592899999, "sigma_a": 0.02, "b_val": 0.99, "b_hi": 1.0218639364, "b_mid": 0.99, "b_lo": 0.95813606360400005, "sigma_b": 0.01, "cum_cov_ab": 0.13579039336900001, "MCORNERP1": 6.0, "MCORNERP2": 6.2, "MCORNERP3": 6.4, "MAXMAGP1": 6.0, "MAXMAGP2": 6.0, "utsu_bval2": 0.0, "utsu_aval": 0.0, "utsu_Minfl": 0.0, "Shape_Leng": 8.1488521765400002, "Shape_Area": 3.1354987942400001 }, "geometry": { "type": "Polygon", "coordinates": [ [ [ 1.306349325361111, 43.354681437798149 ], [ 1.558617831447805, 43.650653487968157 ], [ 1.928199999930087, 44.138400000159947 ], [ 2.127499999625343, 44.560599999690282 ], [ 2.241285217838595, 44.976750845275319 ], [ 4.243300000094962, 44.502400000259854 ], [ 4.144100000314836, 44.37250000027484 ], [ 4.149099999765212, 44.244000000099959 ], [ 3.423662042169553, 43.70165019749868 ], [ 3.389047128522236, 43.571606994866954 ], [ 3.105150933768641, 43.477153178876165 ], [ 2.854131884578862, 43.355659959539537 ], [ 2.380890377588912, 43.051299361576355 ], [ 1.845035307033868, 43.086567538261306 ], [ 1.73175511660537, 43.056319743261611 ], [ 1.428845723151653, 43.135767271942086 ], [ 1.021190787324997, 43.163881405602467 ], [ 1.306349325361111, 43.354681437798149 ] ] ] } },
{ "type": "Feature", "properties": { "ZONE_ID": "FRAS183", "areakm2": 21547.027521700002, "tctCluster": "Shallow Default", "CSZ_ID": "SZ05", "TECTO_ID": "TSZ133", "magScaleRe": "WC1994", "SS": 33.0, "NF": 33.0, "TF": 34.0, "MINDEPTH": 3.0, "MAXDEPTH": 24.0, "HYPODEPTH1": 8.0, "HYPODEPTH2": 10.0, "HYPODEPTH3": 15.0, "WHDEPTH1": 0.1, "WHDEPTH2": 0.4, "WHDEPTH3": 0.5, "WMAXMAG01": 0.5, "WMAXMAG02": 0.4, "WMAXMAG03": 0.1, "MAXMAG01": 6.3, "MAXMAG02": 6.6, "MAXMAG03": 6.9, "STRIKE1": 0.0, "STRIKE2": 0.0, "STRIKE3": 0.0, "STRIKE4": 0.0, "DIP1": 89.99, "DIP2": 0.0, "DIP3": 0.0, "DIP4": 0.0, "aspRatio": 1.0, "mfd_bin": 0.2, "a_val": 1.83060686675, "a_hi": 1.9199845582599999, "a_mid": 1.8309942019800001, "a_lo": 1.74200384571, "sigma_a": 0.17026414355399999, "b_val": 1.0000587032799999, "b_hi": 1.0619588073899999, "b_mid": 1.0000587032799999, "b_lo": 0.938158599165, "sigma_b": 0.037738436719599998, "cum_cov_ab": 0.054321, "MCORNERP1": 6.0, "MCORNERP2": 6.2, "MCORNERP3": 6.4, "MAXMAGP1": 5.4, "MAXMAGP2": 5.4, "utsu_bval2": 0.0, "utsu_aval": 0.0, "utsu_Minfl": 0.0, "Shape_Leng": 5.5232851192899997, "Shape_Area": 1.7387812332000001 }, "geometry": { "type": "Polygon", "coordinates": [ [ [ 1.978133000337721, 51.003342000133273 ], [ 3.646811999574197, 50.553719999578391 ], [ 3.640173250095472, 50.355420899454998 ], [ 3.09559265307854, 49.811730363265724 ], [ 2.591040999942265, 49.86201400034588 ], [ 2.229447000178936, 49.880739999651325 ], [ 1.927073000118924, 50.000268999814523 ], [ 1.333524000232501, 50.708458000136659 ], [ 1.978133000337721, 51.003342000133273 ] ] ] } },
{ "type": "Feature", "properties": { "ZONE_ID": "FRAS184", "areakm2": 66313.025973299998, "tctCluster": "Shallow Default", "CSZ_ID": "SZ05", "TECTO_ID": "TSZ036", "magScaleRe": "WC1994", "SS": 40.0, "NF": 40.0, "TF": 20.0, "MINDEPTH": 5.0, "MAXDEPTH": 20.0, "HYPODEPTH1": 8.0, "HYPODEPTH2": 12.0, "HYPODEPTH3": 18.0, "WHDEPTH1": 0.1, "WHDEPTH2": 0.4, "WHDEPTH3": 0.5, "WMAXMAG01": 0.5, "WMAXMAG02": 0.4, "WMAXMAG03": 0.1, "MAXMAG01": 6.3, "MAXMAG02": 6.6, "MAXMAG03": 6.9, "STRIKE1": 0.0, "STRIKE2": 0.0, "STRIKE3": 0.0, "STRIKE4": 0.0, "DIP1": 89.99, "DIP2": 0.0, "DIP3": 0.0, "DIP4": 0.0, "aspRatio": 1.0, "mfd_bin": 0.2, "a_val": 2.315, "a_hi": 2.4257689579699999, "a_mid": 2.3152588448200002, "a_lo": 2.2047487316700001, "sigma_a": 0.20965576316500001, "b_val": 0.8612, "b_hi": 0.93258855635100002, "b_mid": 0.8612, "b_lo": 0.78981144364900002, "sigma_b": 0.050194755846900002, "cum_cov_ab": 0.054321, "MCORNERP1": 6.0, "MCORNERP2": 6.2, "MCORNERP3": 6.4, "MAXMAGP1": 6.2, "MAXMAGP2": 6.4, "utsu_bval2": 0.0, "utsu_aval": 0.0, "utsu_Minfl": 0.0, "Shape_Leng": 9.9094880374199992, "Shape_Area": 5.351264576 }, "geometry": { "type": "Polygon", "coordinates": [ [ [ -3.080939628261206, 49.469009080904414 ], [ -2.465307064169622, 49.672467746289499 ], [ -1.876918412854423, 49.736728623227407 ], [ -1.260415627878899, 49.728696013610204 ], [ 0.193199999980038, 49.885900000184904 ], [ -0.124933072103545, 49.477414499079941 ], [ -0.155067065992228, 49.112458359565721 ], [ 0.216585517207875, 48.760895105624684 ], [ 0.387763339706396, 48.404728047661308 ], [ -0.288995924422352, 47.74303578047693 ], [ -0.404780000096878, 47.49653800002875 ], [ -0.950200000029952, 47.630799999720239 ], [ -1.877600000039934, 47.774500000274827 ], [ -2.399600000039925, 48.422300000045027 ], [ -3.080939628261206, 49.469009080904414 ] ] ] } },
{ "type": "Feature", "properties": { "ZONE_ID": "FRAS185", "areakm2": 26192.9053681, "tctCluster": "Shallow Default", "CSZ_ID": "SZ05", "TECTO_ID": "TSZ048", "magScaleRe": "WC1994", "SS": 70.0, "NF": 25.0, "TF": 5.0, "MINDEPTH": 5.0, "MAXDEPTH": 20.0, "HYPODEPTH1": 8.0, "HYPODEPTH2": 12.0, "HYPODEPTH3": 18.0, "WHDEPTH1": 0.1, "WHDEPTH2": 0.4, "WHDEPTH3": 0.5, "WMAXMAG01": 0.5, "WMAXMAG02": 0.4, "WMAXMAG03": 0.1, "MAXMAG01": 6.3, "MAXMAG02": 6.6, "MAXMAG03": 6.9, "STRIKE1": 0.0, "STRIKE2": 0.0, "STRIKE3": 0.0, "STRIKE4": 0.0, "DIP1": 89.99, "DIP2": 0.0, "DIP3": 0.0, "DIP4": 0.0, "aspRatio": 1.0, "mfd_bin": 0.2, "a_val": 2.57, "a_hi": 2.6860331667600001, "a_mid": 2.5692824449899998, "a_lo": 2.4525317232299999, "sigma_a": 0.22284155028200001, "b_val": 0.99, "b_hi": 1.06375674123, "b_mid": 0.99, "b_lo": 0.91624325877199997, "sigma_b": 0.053580231699499999, "cum_cov_ab": 0.054321, "MCORNERP1": 6.0, "MCORNERP2": 6.2, "MCORNERP3": 6.4, "MAXMAGP1": 6.0, "MAXMAGP2": 6.2, "utsu_bval2": 0.0, "utsu_aval": 0.0, "utsu_Minfl": 0.0, "Shape_Leng": 8.7970281256200007, "Shape_Area": 2.1136897997799999 }, "geometry": { "type": "Polygon", "coordinates": [ [ [ 5.421382095807132, 47.155396196976938 ], [ 5.396003193492618, 47.04752215962003 ], [ 5.647245074900354, 46.941294256624701 ], [ 5.492888728631954, 46.795708157405613 ], [ 5.445529394565938, 46.622057267628861 ], [ 5.391153863759826, 46.571189835642429 ], [ 5.37887551789089, 46.496642736173385 ], [ 5.325815524366988, 46.447529353596849 ], [ 5.325377011340038, 46.325622920961109 ], [ 5.349933703077966, 46.269274084231654 ], [ 5.314414202753312, 46.178063515818678 ], [ 5.320200000129944, 46.059800000269831 ], [ 5.63289999973523, 45.428900000134945 ], [ 5.478500000374765, 45.329500000124938 ], [ 4.932000000099947, 44.832299999845191 ], [ 4.864999999550378, 44.861700000354801 ], [ 4.857600000040009, 45.178999999850191 ], [ 4.747300000094981, 45.398300000045026 ], [ 4.942400000359783, 45.549600000339808 ], [ 4.801699999655284, 45.597699999855138 ], [ 4.757500000124935, 45.829700000254888 ], [ 4.526600000089957, 45.868900000334804 ], [ 4.697799999870142, 46.244899999835184 ], [ 4.473600000339786, 46.317200000179923 ], [ 4.547000000149922, 46.452899999635349 ], [ 4.56270000020487, 46.542899999635324 ], [ 4.732518796905026, 47.042022930314033 ], [ 4.975351767170366, 47.376332278012285 ], [ 5.293211933683835, 47.715554613055019 ], [ 5.448684345805987, 47.751751531308173 ], [ 6.185000000149955, 47.765499999825181 ], [ 5.952077960829286, 47.314850249539461 ], [ 5.540753379165153, 47.247757859837407 ], [ 5.421382095807132, 47.155396196976938 ] ] ] } },
{ "type": "Feature", "properties": { "ZONE_ID": "FRAS186", "areakm2": 11781.0911657, "tctCluster": "Shallow Default", "CSZ_ID": "SZ05", "TECTO_ID": "TSZ033", "magScaleRe": "WC1994", "SS": 40.0, "NF": 40.0, "TF": 20.0, "MINDEPTH": 5.0, "MAXDEPTH": 20.0, "HYPODEPTH1": 8.0, "HYPODEPTH2": 10.0, "HYPODEPTH3": 15.0, "WHDEPTH1": 0.1, "WHDEPTH2": 0.4, "WHDEPTH3": 0.5, "WMAXMAG01": 0.5, "WMAXMAG02": 0.4, "WMAXMAG03": 0.1, "MAXMAG01": 6.3, "MAXMAG02": 6.6, "MAXMAG03": 6.9, "STRIKE1": 0.0, "STRIKE2": 0.0, "STRIKE3": 0.0, "STRIKE4": 0.0, "DIP1": 89.99, "DIP2": 0.0, "DIP3": 0.0, "DIP4": 0.0, "aspRatio": 1.0, "mfd_bin": 0.2, "a_val": 2.9, "a_hi": 2.9086588851199999, "a_mid": 2.8996555184099999, "a_lo": 2.8906521517, "sigma_a": 0.02, "b_val": 1.06, "b_hi": 1.0918639364, "b_mid": 1.06, "b_lo": 1.0281360636000001, "sigma_b": 0.01, "cum_cov_ab": 0.054321, "MCORNERP1": 6.0, "MCORNERP2": 6.2, "MCORNERP3": 6.4, "MAXMAGP1": 6.0, "MAXMAGP2": 6.0, "utsu_bval2": 0.0, "utsu_aval": 0.0, "utsu_Minfl": 0.0, "Shape_Leng": 4.7612296663100002, "Shape_Area": 0.95069912522800004 }, "geometry": { "type": "Polygon", "coordinates": [ [ [ 7.215163088705651, 47.980972204803436 ], [ 6.867096735226198, 47.747751372927553 ], [ 6.868724346251611, 47.6203379030718 ], [ 6.865891999815972, 47.536097999623053 ], [ 6.413317264180421, 47.51131177391926 ], [ 5.952077960829286, 47.314850249539461 ], [ 6.185000000149955, 47.765499999825181 ], [ 6.373500000025047, 48.119400000010046 ], [ 6.562400000359787, 48.354699999705304 ], [ 7.041799999970067, 48.749099999665304 ], [ 7.394399999560392, 48.879400000109968 ], [ 7.292061012405838, 48.671008393222849 ], [ 7.381464004660131, 48.369785309544454 ], [ 7.215163088705651, 47.980972204803436 ] ] ] } },
{ "type": "Feature", "properties": { "ZONE_ID": "FRAS187", "areakm2": 128541.37566000001, "tctCluster": "Shallow Default", "CSZ_ID": "SZ05", "TECTO_ID": "TSZ031", "magScaleRe": "WC1994", "SS": 40.0, "NF": 40.0, "TF": 20.0, "MINDEPTH": 5.0, "MAXDEPTH": 20.0, "HYPODEPTH1": 8.0, "HYPODEPTH2": 12.0, "HYPODEPTH3": 18.0, "WHDEPTH1": 0.1, "WHDEPTH2": 0.4, "WHDEPTH3": 0.5, "WMAXMAG01": 0.5, "WMAXMAG02": 0.4, "WMAXMAG03": 0.1, "MAXMAG01": 6.3, "MAXMAG02": 6.6, "MAXMAG03": 6.9, "STRIKE1": 0.0, "STRIKE2": 0.0, "STRIKE3": 0.0, "STRIKE4": 0.0, "DIP1": 89.99, "DIP2": 0.0, "DIP3": 0.0, "DIP4": 0.0, "aspRatio": 1.0, "mfd_bin": 0.2, "a_val": 2.6, "a_hi": 2.68760938983, "a_mid": 2.6000815931200001, "a_lo": 2.5125537964000002, "sigma_a": 0.167555650025, "b_val": 0.94, "b_hi": 1.00301762444, "b_mid": 0.94, "b_lo": 0.87698237555799996, "sigma_b": 0.0391133669411, "cum_cov_ab": 0.054321, "MCORNERP1": 6.0, "MCORNERP2": 6.2, "MCORNERP3": 6.4, "MAXMAGP1": 6.2, "MAXMAGP2": 6.2, "utsu_bval2": 0.0, "utsu_aval": 0.0, "utsu_Minfl": 0.0, "Shape_Leng": 18.534495691099998, "Shape_Area": 10.3729078859 }, "geometry": { "type": "Polygon", "coordinates": [ [ [ -2.802968999919358, 45.030659000212722 ], [ -3.295440999802224, 45.357064999650049 ], [ -4.193608999855428, 46.268934000204013 ], [ -5.42537600010229, 47.225845000446441 ], [ -5.53343283275899, 47.996256450974499 ], [ -3.856475598370139, 47.519666508102944 ], [ -3.480199999830063, 47.452399999760246 ], [ -2.44374038890777, 46.728454464402091 ], [ -1.855351737592571, 46.458357968045846 ], [ -1.052090779465857, 46.301722081408968 ], [ 0.199299999795187, 45.804099999615346 ], [ 0.887600000239843, 45.349699999955078 ], [ 1.192943292798759, 45.05485034596677 ], [ 1.269118648107167, 44.718409193129787 ], [ 1.122057892757596, 44.348112328021557 ], [ 1.044726000304706, 44.085245999603274 ], [ 1.130881371578084, 43.901672537157935 ], [ 1.352782211130204, 43.752567221699962 ], [ 1.558617831447805, 43.650653487968157 ], [ 1.306349325361111, 43.354681437798149 ], [ 1.201925400337018, 43.394844484985072 ], [ 1.073403647360465, 43.605700486987928 ], [ 0.86573141447326, 43.755769804632848 ], [ 0.598828456568071, 43.859207418887308 ], [ 0.202034987424781, 43.913469773611212 ], [ -0.052319800118653, 44.084396190631765 ], [ -0.256481909812237, 44.122379838758604 ], [ -0.386711561689197, 44.207843047718541 ], [ -0.497949389053019, 44.575470501062853 ], [ -0.959179404206111, 44.89087043812026 ], [ -1.392939102257742, 44.961750639180707 ], [ -1.862647610898478, 44.944454513365145 ], [ -2.802968999919358, 45.030659000212722 ] ] ] } },
{ "type": "Feature", "properties": { "ZONE_ID": "FRAS188", "areakm2": 116156.20802000001, "tctCluster": "Shallow Default", "CSZ_ID": "SZ05", "TECTO_ID": "TSZ033", "magScaleRe": "WC1994", "SS": 35.0, "NF": 50.0, "TF": 15.0, "MINDEPTH": 5.0, "MAXDEPTH": 20.0, "HYPODEPTH1": 8.0, "HYPODEPTH2": 12.0, "HYPODEPTH3": 18.0, "WHDEPTH1": 0.3, "WHDEPTH2": 0.3, "WHDEPTH3": 0.4, "WMAXMAG01": 0.5, "WMAXMAG02": 0.4, "WMAXMAG03": 0.1, "MAXMAG01": 6.3, "MAXMAG02": 6.6, "MAXMAG03": 6.9, "STRIKE1": 0.0, "STRIKE2": 0.0, "STRIKE3": 0.0, "STRIKE4": 0.0, "DIP1": 89.99, "DIP2": 0.0, "DIP3": 0.0, "DIP4": 0.0, "aspRatio": 1.0, "mfd_bin": 0.2, "a_val": 2.72, "a_hi": 2.7291677753000001, "a_mid": 2.72023723547, "a_lo": 2.7113066956399998, "sigma_a": 0.02, "b_val": 1.06, "b_hi": 1.0918639364, "b_mid": 1.06, "b_lo": 1.0281360636000001, "sigma_b": 0.01, "cum_cov_ab": 0.054321, "MCORNERP1": 6.0, "MCORNERP2": 6.2, "MCORNERP3": 6.4, "MAXMAGP1": 6.0, "MAXMAGP2": 6.0, "utsu_bval2": 0.0, "utsu_aval": 0.0, "utsu_Minfl": 0.0, "Shape_Leng": 13.671027049599999, "Shape_Area": 9.3734615811299999 }, "geometry": { "type": "Polygon", "coordinates": [ [ [ 0.113368000332969, 50.136125000168704 ], [ 0.68, 50.80000000019993 ], [ 1.333524000232501, 50.708458000136659 ], [ 1.927073000118924, 50.000268999814523 ], [ 2.229447000178936, 49.880739999651325 ], [ 2.591040999942265, 49.86201400034588 ], [ 3.09559265307854, 49.811730363265724 ], [ 2.874320796667462, 48.17100643100207 ], [ 2.87657710305092, 46.663757982844686 ], [ 2.260023291441769, 47.204458510651818 ], [ 1.609520090579792, 47.013426782520071 ], [ 1.217930373987599, 47.065638744132798 ], [ 0.581346064968955, 47.141948535496567 ], [ 0.310245491736111, 47.276494746135654 ], [ -0.404780000096878, 47.49653800002875 ], [ -0.288995924422352, 47.74303578047693 ], [ 0.387763339706396, 48.404728047661308 ], [ 0.216585517207875, 48.760895105624684 ], [ -0.155067065992228, 49.112458359565721 ], [ -0.124933072103545, 49.477414499079941 ], [ 0.193199999980038, 49.885900000184904 ], [ 0.113368000332969, 50.136125000168704 ] ] ] } },
{ "type": "Feature", "properties": { "ZONE_ID": "FRAS189", "areakm2": 7979.5979946899997, "tctCluster": "Shallow Default", "CSZ_ID": "SZ05", "TECTO_ID": "TSZ099", "magScaleRe": "WC1994", "SS": 30.0, "NF": 30.0, "TF": 40.0, "MINDEPTH": 0.0, "MAXDEPTH": 20.0, "HYPODEPTH1": 2.0, "HYPODEPTH2": 10.0, "HYPODEPTH3": 18.0, "WHDEPTH1": 0.1, "WHDEPTH2": 0.4, "WHDEPTH3": 0.5, "WMAXMAG01": 0.5, "WMAXMAG02": 0.4, "WMAXMAG03": 0.1, "MAXMAG01": 6.5, "MAXMAG02": 6.8, "MAXMAG03": 7.1, "STRIKE1": 0.0, "STRIKE2": 0.0, "STRIKE3": 0.0, "STRIKE4": 0.0, "DIP1": 89.99, "DIP2": 0.0, "DIP3": 0.0, "DIP4": 0.0, "aspRatio": 1.0, "mfd_bin": 0.2, "a_val": 2.03, "a_hi": 2.0358638415599999, "a_mid": 2.0299598013, "a_lo": 2.0240557610300001, "sigma_a": 0.01, "b_val": 0.875, "b_hi": 0.90686393639600005, "b_mid": 0.875, "b_lo": 0.84313606360399995, "sigma_b": 0.01, "cum_cov_ab": 0.054321, "MCORNERP1": 6.0, "MCORNERP2": 6.2, "MCORNERP3": 6.4, "MAXMAGP1": 6.2, "MAXMAGP2": 6.2, "utsu_bval2": 0.0, "utsu_aval": 0.0, "utsu_Minfl": 0.0, "Shape_Leng": 3.3308690008699999, "Shape_Area": 0.64392989841699999 }, "geometry": { "type": "Polygon", "coordinates": [ [ [ -0.948304673421887, 43.410790017945033 ], [ -0.797481999994261, 42.99623899973011 ], [ -1.644957006860352, 42.991743034313629 ], [ -1.937674223486567, 43.101566684954605 ], [ -2.096477999659896, 43.486216999714827 ], [ -1.713912773855384, 43.544332151707465 ], [ -1.543219819938713, 43.622650095025904 ], [ -1.32433120921786, 43.670845752729349 ], [ -1.093393684071202, 43.653776457517552 ], [ -0.948304673421887, 43.410790017945033 ] ] ] } },
{ "type": "Feature", "properties": { "ZONE_ID": "GBAS189", "areakm2": 2799.3593579899998, "tctCluster": "Shallow Default", "CSZ_ID": "SZ06", "TECTO_ID": "TSZ013", "magScaleRe": "WC1994", "SS": 33.0, "NF": 33.0, "TF": 34.0, "MINDEPTH": 0.0, "MAXDEPTH": 20.0, "HYPODEPTH1": 8.0, "HYPODEPTH2": 10.0, "HYPODEPTH3": 15.0, "WHDEPTH1": 0.1, "WHDEPTH2": 0.4, "WHDEPTH3": 0.5, "WMAXMAG01": 0.5, "WMAXMAG02": 0.4, "WMAXMAG03": 0.1, "MAXMAG01": 6.3, "MAXMAG02": 6.6, "MAXMAG03": 6.9, "STRIKE1": 0.0, "STRIKE2": 0.0, "STRIKE3": 0.0, "STRIKE4": 0.0, "DIP1": 89.99, "DIP2": 0.0, "DIP3": 0.0, "DIP4": 0.0, "aspRatio": 1.0, "mfd_bin": 0.2, "a_val": 2.5, "a_hi": 2.6079502465900002, "a_mid": 2.49977988889, "a_lo": 2.3916095312, "sigma_a": 0.18110477465300001, "b_val": 1.0, "b_hi": 1.0631485334699999, "b_mid": 1.0, "b_lo": 0.93685146653200002, "sigma_b": 0.039276039244300003, "cum_cov_ab": 0.054321, "MCORNERP1": 6.0, "MCORNERP2": 6.2, "MCORNERP3": 6.4, "MAXMAGP1": 6.0, "MAXMAGP2": 6.0, "utsu_bval2": 0.0, "utsu_aval": 0.0, "utsu_Minfl": 0.0, "Shape_Leng": 2.2797688687000002, "Shape_Area": 0.22589999963599999 }, "geometry": { "type": "Polygon", "coordinates": [ [ [ -4.469999999600248, 52.870000000199923 ], [ -4.63, 53.16999999960035 ], [ -3.779999999900042, 53.349999999600357 ], [ -3.659999999600245, 53.190000000099985 ], [ -4.469999999600248, 52.870000000199923 ] ] ] } },
{ "type": "Feature", "properties": { "ZONE_ID": "GBAS190", "areakm2": 48527.185683399999, "tctCluster": "Shallow Default", "CSZ_ID": "SZ06", "TECTO_ID": "TSZ009", "magScaleRe": "WC1994", "SS": 33.0, "NF": 33.0, "TF": 34.0, "MINDEPTH": 0.0, "MAXDEPTH": 20.0, "HYPODEPTH1": 8.0, "HYPODEPTH2": 10.0, "HYPODEPTH3": 15.0, "WHDEPTH1": 0.1, "WHDEPTH2": 0.4, "WHDEPTH3": 0.5, "WMAXMAG01": 0.5, "WMAXMAG02": 0.4, "WMAXMAG03": 0.1, "MAXMAG01": 6.3, "MAXMAG02": 6.6, "MAXMAG03": 6.9, "STRIKE1": 0.0, "STRIKE2": 0.0, "STRIKE3": 0.0, "STRIKE4": 0.0, "DIP1": 89.99, "DIP2": 0.0, "DIP3": 0.0, "DIP4": 0.0, "aspRatio": 1.0, "mfd_bin": 0.2, "a_val": 2.4, "a_hi": 2.4119087819399998, "a_mid": 2.4002980201500002, "a_lo": 2.3886872583500001, "sigma_a": 0.03, "b_val": 1.07, "b_hi": 1.1251899567700001, "b_mid": 1.07, "b_lo": 1.01481004323, "sigma_b": 0.03, "cum_cov_ab": 0.14201208817899999, "MCORNERP1": 6.0, "MCORNERP2": 6.2, "MCORNERP3": 6.4, "MAXMAGP1": 5.6, "MAXMAGP2": 5.6, "utsu_bval2": 0.0, "utsu_aval": 0.0, "utsu_Minfl": 0.0, "Shape_Leng": 9.1948205626000004, "Shape_Area": 3.9159999995399999 }, "geometry": { "type": "Polygon", "coordinates": [ [ [ -2.159999999900037, 53.140000000199905 ], [ -0.700000000299724, 52.7 ], [ 1.049999999800207, 51.049999999700276 ], [ -2.42000000009989, 51.380000000299844 ], [ -2.159999999900037, 53.140000000199905 ] ] ] } },
{ "type": "Feature", "properties": { "ZONE_ID": "GBAS191", "areakm2": 28022.527884499999, "tctCluster": "Shallow Default", "CSZ_ID": "SZ06", "TECTO_ID": "TSZ009", "magScaleRe": "WC1994", "SS": 33.0, "NF": 33.0, "TF": 34.0, "MINDEPTH": 0.0, "MAXDEPTH": 20.0, "HYPODEPTH1": 8.0, "HYPODEPTH2": 10.0, "HYPODEPTH3": 15.0, "WHDEPTH1": 0.1, "WHDEPTH2": 0.4, "WHDEPTH3": 0.5, "WMAXMAG01": 0.5, "WMAXMAG02": 0.4, "WMAXMAG03": 0.1, "MAXMAG01": 6.3, "MAXMAG02": 6.6, "MAXMAG03": 6.9, "STRIKE1": 0.0, "STRIKE2": 0.0, "STRIKE3": 0.0, "STRIKE4": 0.0, "DIP1": 89.99, "DIP2": 0.0, "DIP3": 0.0, "DIP4": 0.0, "aspRatio": 1.0, "mfd_bin": 0.2, "a_val": 2.7065590298400002, "a_hi": 2.7983068006699998, "a_mid": 2.7064910752200002, "a_lo": 2.6146753497600002, "sigma_a": 0.14664444075399999, "b_val": 1.0719526539399999, "b_hi": 1.1320460499, "b_mid": 1.0719526539399999, "b_lo": 1.0118592579700001, "sigma_b": 0.035567606579299998, "cum_cov_ab": 0.054321, "MCORNERP1": 6.0, "MCORNERP2": 6.2, "MCORNERP3": 6.4, "MAXMAGP1": 5.8, "MAXMAGP2": 5.8, "utsu_bval2": 0.0, "utsu_aval": 0.0, "utsu_Minfl": 0.0, "Shape_Leng": 7.6377186909099999, "Shape_Area": 2.2613349131899998 }, "geometry": { "type": "Polygon", "coordinates": [ [ [ -0.700000000299724, 52.7 ], [ -2.159999999900037, 53.140000000199905 ], [ -2.36000000039968, 53.42 ], [ -2.219999999600248, 53.900000000299826 ], [ -2.56, 54.360000000100001 ], [ -3.08000000039965, 55.04 ], [ -2.38, 55.210000000199898 ], [ -1.95349356267775, 54.484449849480995 ], [ -1.548599999690168, 54.150400000259879 ], [ -0.999999999700151, 53.699999999800184 ], [ -0.700000000299724, 52.7 ] ] ] } },
{ "type": "Feature", "properties": { "ZONE_ID": "GBAS192", "areakm2": 72197.301458500006, "tctCluster": "Shallow Default", "CSZ_ID": "SZ06", "TECTO_ID": "TSZ009", "magScaleRe": "WC1994", "SS": 33.0, "NF": 33.0, "TF": 34.0, "MINDEPTH": 0.0, "MAXDEPTH": 20.0, "HYPODEPTH1": 8.0, "HYPODEPTH2": 10.0, "HYPODEPTH3": 15.0, "WHDEPTH1": 0.1, "WHDEPTH2": 0.4, "WHDEPTH3": 0.5, "WMAXMAG01": 0.5, "WMAXMAG02": 0.4, "WMAXMAG03": 0.1, "MAXMAG01": 6.3, "MAXMAG02": 6.6, "MAXMAG03": 6.9, "STRIKE1": 0.0, "STRIKE2": 0.0, "STRIKE3": 0.0, "STRIKE4": 0.0, "DIP1": 89.99, "DIP2": 0.0, "DIP3": 0.0, "DIP4": 0.0, "aspRatio": 1.0, "mfd_bin": 0.2, "a_val": 2.3, "a_hi": 2.3674620440599998, "a_mid": 2.30010866219, "a_lo": 2.2327552803100001, "sigma_a": 0.061423452801700001, "b_val": 1.07, "b_hi": 1.1518620953300001, "b_mid": 1.07, "b_lo": 0.98813790466499996, "sigma_b": 0.066003483968400001, "cum_cov_ab": 0.054321, "MCORNERP1": 6.0, "MCORNERP2": 6.2, "MCORNERP3": 6.4, "MAXMAGP1": 5.6, "MAXMAGP2": 5.6, "utsu_bval2": 0.0, "utsu_aval": 0.0, "utsu_Minfl": 0.0, "Shape_Leng": 11.673766172400001, "Shape_Area": 5.8261081613099996 }, "geometry": { "type": "Polygon", "coordinates": [ [ [ 0.900000000099965, 53.22000000039975 ], [ 2.889999999900112, 52.439999999800193 ], [ 2.000652076532162, 52.000611958575064 ], [ 1.049999999800207, 51.049999999700276 ], [ -0.700000000299724, 52.7 ], [ -0.999999999700151, 53.699999999800184 ], [ -1.548599999690168, 54.150400000259879 ], [ -0.346971647323642, 54.502523220670128 ], [ 0.900000000099965, 53.22000000039975 ] ] ] } },
{ "type": "Feature", "properties": { "ZONE_ID": "GBAS193", "areakm2": 73935.752987500004, "tctCluster": "Shallow Default", "CSZ_ID": "SZ06", "TECTO_ID": "TSZ072", "magScaleRe": "WC1994", "SS": 33.0, "NF": 33.0, "TF": 34.0, "MINDEPTH": 5.0, "MAXDEPTH": 20.0, "HYPODEPTH1": 8.0, "HYPODEPTH2": 12.0, "HYPODEPTH3": 18.0, "WHDEPTH1": 0.1, "WHDEPTH2": 0.4, "WHDEPTH3": 0.5, "WMAXMAG01": 0.5, "WMAXMAG02": 0.4, "WMAXMAG03": 0.1, "MAXMAG01": 6.3, "MAXMAG02": 6.6, "MAXMAG03": 6.9, "STRIKE1": 0.0, "STRIKE2": 0.0, "STRIKE3": 0.0, "STRIKE4": 0.0, "DIP1": 89.99, "DIP2": 0.0, "DIP3": 0.0, "DIP4": 0.0, "aspRatio": 1.0, "mfd_bin": 0.2, "a_val": 1.95, "a_hi": 2.0196777348000001, "a_mid": 1.9499088628700001, "a_lo": 1.8801399909500001, "sigma_a": 0.061423452801700001, "b_val": 1.0, "b_hi": 1.07897080033, "b_mid": 1.0, "b_lo": 0.92102919966499996, "sigma_b": 0.061423452801700001, "cum_cov_ab": 0.054321, "MCORNERP1": 6.0, "MCORNERP2": 6.2, "MCORNERP3": 6.4, "MAXMAGP1": 5.6, "MAXMAGP2": 5.6, "utsu_bval2": 0.0, "utsu_aval": 0.0, "utsu_Minfl": 0.0, "Shape_Leng": 15.531893956499999, "Shape_Area": 5.9663960439599997 }, "geometry": { "type": "Polygon", "coordinates": [ [ [ 0.68, 50.80000000019993 ], [ 0.113368000332969, 50.136125000168704 ], [ 0.193199999980038, 49.885900000184904 ], [ -1.260415627878899, 49.728696013610204 ], [ -1.876918412854423, 49.736728623227407 ], [ -2.465307064169622, 49.672467746289499 ], [ -3.080939628261206, 49.469009080904414 ], [ -3.665400000409647, 49.283300000194913 ], [ -4.240999999949963, 48.981400000409735 ], [ -4.547925332188299, 48.903705062438746 ], [ -5.582231561437368, 48.336608003556591 ], [ -5.999999999600277, 49.850000000299815 ], [ -3.360000000199818, 50.279999999800225 ], [ 0.68, 50.80000000019993 ] ] ] } },
{ "type": "Feature", "properties": { "ZONE_ID": "GBAS195", "areakm2": 32747.175916, "tctCluster": "Shallow Default", "CSZ_ID": "SZ06", "TECTO_ID": "TSZ013", "magScaleRe": "WC1994", "SS": 33.0, "NF": 33.0, "TF": 34.0, "MINDEPTH": 0.0, "MAXDEPTH": 20.0, "HYPODEPTH1": 8.0, "HYPODEPTH2": 10.0, "HYPODEPTH3": 15.0, "WHDEPTH1": 0.1, "WHDEPTH2": 0.4, "WHDEPTH3": 0.5, "WMAXMAG01": 0.5, "WMAXMAG02": 0.4, "WMAXMAG03": 0.1, "MAXMAG01": 6.3, "MAXMAG02": 6.6, "MAXMAG03": 6.9, "STRIKE1": 0.0, "STRIKE2": 0.0, "STRIKE3": 0.0, "STRIKE4": 0.0, "DIP1": 89.99, "DIP2": 0.0, "DIP3": 0.0, "DIP4": 0.0, "aspRatio": 1.0, "mfd_bin": 0.2, "a_val": 2.91635560305, "a_hi": 2.99381280918, "a_mid": 2.9162890698, "a_lo": 2.8387653304199998, "sigma_a": 0.099034501488500001, "b_val": 1.0, "b_hi": 1.0484488458000001, "b_mid": 1.0, "b_lo": 0.95155115420299996, "sigma_b": 0.023118945303700001, "cum_cov_ab": 0.054321, "MCORNERP1": 6.0, "MCORNERP2": 6.2, "MCORNERP3": 6.4, "MAXMAGP1": 6.2, "MAXMAGP2": 6.2, "utsu_bval2": 0.0, "utsu_aval": 0.0, "utsu_Minfl": 0.0, "Shape_Leng": 8.4084144447700009, "Shape_Area": 2.6425999991300002 }, "geometry": { "type": "Polygon", "coordinates": [ [ [ -5.26, 51.679999999700271 ], [ -3.879999999700203, 52.179999999600341 ], [ -2.36000000039968, 53.42 ], [ -2.159999999900037, 53.140000000199905 ], [ -2.42000000009989, 51.380000000299844 ], [ -5.26, 51.679999999700271 ] ] ] } },
{ "type": "Feature", "properties": { "ZONE_ID": "GBAS196", "areakm2": 557621.86085099995, "tctCluster": "Shallow Default", "CSZ_ID": "SZ06", "TECTO_ID": "TSZ110", "magScaleRe": "WC1994", "SS": 33.0, "NF": 33.0, "TF": 34.0, "MINDEPTH": 0.0, "MAXDEPTH": 20.0, "HYPODEPTH1": 8.0, "HYPODEPTH2": 10.0, "HYPODEPTH3": 15.0, "WHDEPTH1": 0.1, "WHDEPTH2": 0.4, "WHDEPTH3": 0.5, "WMAXMAG01": 0.5, "WMAXMAG02": 0.4, "WMAXMAG03": 0.1, "MAXMAG01": 6.3, "MAXMAG02": 6.6, "MAXMAG03": 6.9, "STRIKE1": 0.0, "STRIKE2": 0.0, "STRIKE3": 0.0, "STRIKE4": 0.0, "DIP1": 89.99, "DIP2": 0.0, "DIP3": 0.0, "DIP4": 0.0, "aspRatio": 1.0, "mfd_bin": 0.2, "a_val": 2.16, "a_hi": 2.2298804520200002, "a_mid": 2.1600855436100002, "a_lo": 2.0902906351900001, "sigma_a": 0.061423452801700001, "b_val": 1.0, "b_hi": 1.07897080033, "b_mid": 1.0, "b_lo": 0.92102919966499996, "sigma_b": 0.061423452801700001, "cum_cov_ab": 0.054321, "MCORNERP1": 6.0, "MCORNERP2": 6.2, "MCORNERP3": 6.4, "MAXMAGP1": 5.8, "MAXMAGP2": 5.8, "utsu_bval2": 0.0, "utsu_aval": 0.0, "utsu_Minfl": 0.0, "Shape_Leng": 32.661934148299999, "Shape_Area": 44.998430804100003 }, "geometry": { "type": "Polygon", "coordinates": [ [ [ -5.250000000199805, 58.050000000099999 ], [ -5.250000000199805, 59.999999999800195 ], [ -2.51206196388847, 61.991265779192418 ], [ 1.4, 61.299999999900137 ], [ 0.699999999600323, 58.000000000199918 ], [ 3.2, 55.750000000199918 ], [ 4.000000000199918, 54.000000000099988 ], [ 4.015396999771781, 53.435216000218304 ], [ 3.349999999700287, 53.06 ], [ 0.699999999600323, 54.699999999600379 ], [ -0.346971647323642, 54.502523220670128 ], [ -1.548599999690168, 54.150400000259879 ], [ -1.95349356267775, 54.484449849480995 ], [ -2.38, 55.210000000199898 ], [ -2.799999999700162, 55.899999999900103 ], [ -3.450000000199793, 56.100000000399746 ], [ -3.829999999800123, 56.57 ], [ -5.300000000099885, 56.370000000399727 ], [ -4.049999999900024, 57.389999999800182 ], [ -4.409999999900037, 57.529999999700294 ], [ -5.250000000199805, 58.050000000099999 ] ] ] } },
{ "type": "Feature", "properties": { "ZONE_ID": "GBAS197", "areakm2": 24517.629436800002, "tctCluster": "Shallow Default", "CSZ_ID": "SZ06", "TECTO_ID": "TSZ012", "magScaleRe": "WC1994", "SS": 33.0, "NF": 33.0, "TF": 34.0, "MINDEPTH": 0.0, "MAXDEPTH": 20.0, "HYPODEPTH1": 8.0, "HYPODEPTH2": 10.0, "HYPODEPTH3": 15.0, "WHDEPTH1": 0.1, "WHDEPTH2": 0.4, "WHDEPTH3": 0.5, "WMAXMAG01": 0.5, "WMAXMAG02": 0.4, "WMAXMAG03": 0.1, "MAXMAG01": 6.3, "MAXMAG02": 6.6, "MAXMAG03": 6.9, "STRIKE1": 0.0, "STRIKE2": 0.0, "STRIKE3": 0.0, "STRIKE4": 0.0, "DIP1": 89.99, "DIP2": 0.0, "DIP3": 0.0, "DIP4": 0.0, "aspRatio": 1.0, "mfd_bin": 0.2, "a_val": 2.06, "a_hi": 2.06329937843, "a_mid": 2.06005138543, "a_lo": 2.05680339243, "sigma_a": 0.02, "b_val": 0.94, "b_hi": 0.97186393639599999, "b_mid": 0.94, "b_lo": 0.90813606360400001, "sigma_b": 0.01, "cum_cov_ab": 0.147836185821, "MCORNERP1": 6.0, "MCORNERP2": 6.2, "MCORNERP3": 6.4, "MAXMAGP1": 6.0, "MAXMAGP2": 6.0, "utsu_bval2": 0.0, "utsu_aval": 0.0, "utsu_Minfl": 0.0, "Shape_Leng": 6.8740492657000001, "Shape_Area": 1.9785000004 }, "geometry": { "type": "Polygon", "coordinates": [ [ [ -5.309999999900015, 55.35999999990014 ], [ -6.600000000199827, 55.779999999600363 ], [ -5.300000000099885, 56.370000000399727 ], [ -3.829999999800123, 56.57 ], [ -3.450000000199793, 56.100000000399746 ], [ -4.54, 55.660000000199886 ], [ -5.309999999900015, 55.35999999990014 ] ] ] } },
{ "type": "Feature", "properties": { "ZONE_ID": "GBAS198", "areakm2": 11810.2232675, "tctCluster": "Shallow Default", "CSZ_ID": "SZ06", "TECTO_ID": "TSZ012", "magScaleRe": "WC1994", "SS": 33.0, "NF": 33.0, "TF": 34.0, "MINDEPTH": 0.0, "MAXDEPTH": 20.0, "HYPODEPTH1": 8.0, "HYPODEPTH2": 10.0, "HYPODEPTH3": 15.0, "WHDEPTH1": 0.1, "WHDEPTH2": 0.4, "WHDEPTH3": 0.5, "WMAXMAG01": 0.5, "WMAXMAG02": 0.4, "WMAXMAG03": 0.1, "MAXMAG01": 6.3, "MAXMAG02": 6.6, "MAXMAG03": 6.9, "STRIKE1": 0.0, "STRIKE2": 0.0, "STRIKE3": 0.0, "STRIKE4": 0.0, "DIP1": 89.99, "DIP2": 0.0, "DIP3": 0.0, "DIP4": 0.0, "aspRatio": 1.0, "mfd_bin": 0.2, "a_val": 2.1, "a_hi": 2.23245701945, "a_mid": 2.09991728965, "a_lo": 1.9673775598600001, "sigma_a": 0.21530452758900001, "b_val": 0.94, "b_hi": 1.0131271933399999, "b_mid": 0.94, "b_lo": 0.86687280665499999, "sigma_b": 0.052669471146300002, "cum_cov_ab": 0.054321, "MCORNERP1": 6.0, "MCORNERP2": 6.2, "MCORNERP3": 6.4, "MAXMAGP1": 6.0, "MAXMAGP2": 6.0, "utsu_bval2": 0.0, "utsu_aval": 0.0, "utsu_Minfl": 0.0, "Shape_Leng": 6.4593613680999997, "Shape_Area": 0.95304999904900001 }, "geometry": { "type": "Polygon", "coordinates": [ [ [ -5.300000000099885, 56.370000000399727 ], [ -6.600000000199827, 55.779999999600363 ], [ -6.709999999800118, 56.03 ], [ -5.750000000099874, 56.499999999600334 ], [ -4.409999999900037, 57.529999999700294 ], [ -4.049999999900024, 57.389999999800182 ], [ -5.300000000099885, 56.370000000399727 ] ] ] } },
{ "type": "Feature", "properties": { "ZONE_ID": "GBAS199", "areakm2": 41981.798942000001, "tctCluster": "Shallow Default", "CSZ_ID": "SZ06", "TECTO_ID": "TSZ009", "magScaleRe": "WC1994", "SS": 33.0, "NF": 33.0, "TF": 34.0, "MINDEPTH": 0.0, "MAXDEPTH": 20.0, "HYPODEPTH1": 8.0, "HYPODEPTH2": 10.0, "HYPODEPTH3": 15.0, "WHDEPTH1": 0.1, "WHDEPTH2": 0.4, "WHDEPTH3": 0.5, "WMAXMAG01": 0.5, "WMAXMAG02": 0.4, "WMAXMAG03": 0.1, "MAXMAG01": 6.3, "MAXMAG02": 6.6, "MAXMAG03": 6.9, "STRIKE1": 0.0, "STRIKE2": 0.0, "STRIKE3": 0.0, "STRIKE4": 0.0, "DIP1": 89.99, "DIP2": 0.0, "DIP3": 0.0, "DIP4": 0.0, "aspRatio": 1.0, "mfd_bin": 0.2, "a_val": 2.4, "a_hi": 2.4094277883099999, "a_mid": 2.4005279918200002, "a_lo": 2.39162819533, "sigma_a": 0.02, "b_val": 1.07, "b_hi": 1.1018639364, "b_mid": 1.07, "b_lo": 1.0381360636000001, "sigma_b": 0.01, "cum_cov_ab": 0.054321, "MCORNERP1": 6.0, "MCORNERP2": 6.2, "MCORNERP3": 6.4, "MAXMAGP1": 5.6, "MAXMAGP2": 5.6, "utsu_bval2": 0.0, "utsu_aval": 0.0, "utsu_Minfl": 0.0, "Shape_Leng": 8.8800718284000002, "Shape_Area": 3.3878066950900001 }, "geometry": { "type": "Polygon", "coordinates": [ [ [ 3.349999999700287, 53.06 ], [ 2.889999999900112, 52.439999999800193 ], [ 0.900000000099965, 53.22000000039975 ], [ -0.346971647323642, 54.502523220670128 ], [ 0.699999999600323, 54.699999999600379 ], [ 3.349999999700287, 53.06 ] ] ] } },
{ "type": "Feature", "properties": { "ZONE_ID": "GBAS200", "areakm2": 24782.199256600001, "tctCluster": "Shallow Default", "CSZ_ID": "SZ06", "TECTO_ID": "TSZ012", "magScaleRe": "WC1994", "SS": 33.0, "NF": 33.0, "TF": 34.0, "MINDEPTH": 0.0, "MAXDEPTH": 20.0, "HYPODEPTH1": 8.0, "HYPODEPTH2": 10.0, "HYPODEPTH3": 15.0, "WHDEPTH1": 0.1, "WHDEPTH2": 0.4, "WHDEPTH3": 0.5, "WMAXMAG01": 0.5, "WMAXMAG02": 0.4, "WMAXMAG03": 0.1, "MAXMAG01": 6.3, "MAXMAG02": 6.6, "MAXMAG03": 6.9, "STRIKE1": 0.0, "STRIKE2": 0.0, "STRIKE3": 0.0, "STRIKE4": 0.0, "DIP1": 89.99, "DIP2": 0.0, "DIP3": 0.0, "DIP4": 0.0, "aspRatio": 1.0, "mfd_bin": 0.2, "a_val": 1.07237160449, "a_hi": 1.15853037016, "a_mid": 1.07249907421, "a_lo": 0.98646777827200005, "sigma_a": 0.16376340792300001, "b_val": 0.93914937297699996, "b_hi": 1.00338502132, "b_mid": 0.93914937297699996, "b_lo": 0.87491372462999994, "sigma_b": 0.040639969266399997, "cum_cov_ab": 0.054321, "MCORNERP1": 6.0, "MCORNERP2": 6.2, "MCORNERP3": 6.4, "MAXMAGP1": 5.0, "MAXMAGP2": 5.0, "utsu_bval2": 0.0, "utsu_aval": 0.0, "utsu_Minfl": 0.0, "Shape_Leng": 6.5365659157199998, "Shape_Area": 1.99985000081 }, "geometry": { "type": "Polygon", "coordinates": [ [ [ -2.38, 55.210000000199898 ], [ -3.08000000039965, 55.04 ], [ -3.760000000299726, 54.8699999998002 ], [ -5.309999999900015, 55.35999999990014 ], [ -4.54, 55.660000000199886 ], [ -3.450000000199793, 56.100000000399746 ], [ -2.799999999700162, 55.899999999900103 ], [ -2.38, 55.210000000199898 ] ] ] } },
{ "type": "Feature", "properties": { "ZONE_ID": "GBAS201", "areakm2": 20442.510690200001, "tctCluster": "Shallow Default", "CSZ_ID": "SZ06", "TECTO_ID": "TSZ013", "magScaleRe": "WC1994", "SS": 33.0, "NF": 33.0, "TF": 34.0, "MINDEPTH": 0.0, "MAXDEPTH": 20.0, "HYPODEPTH1": 8.0, "HYPODEPTH2": 10.0, "HYPODEPTH3": 15.0, "WHDEPTH1": 0.1, "WHDEPTH2": 0.4, "WHDEPTH3": 0.5, "WMAXMAG01": 0.5, "WMAXMAG02": 0.4, "WMAXMAG03": 0.1, "MAXMAG01": 6.3, "MAXMAG02": 6.6, "MAXMAG03": 6.9, "STRIKE1": 0.0, "STRIKE2": 0.0, "STRIKE3": 0.0, "STRIKE4": 0.0, "DIP1": 89.99, "DIP2": 0.0, "DIP3": 0.0, "DIP4": 0.0, "aspRatio": 1.0, "mfd_bin": 0.2, "a_val": 2.2396619934299999, "a_hi": 2.3171267650899998, "a_mid": 2.23960341568, "a_lo": 2.1620800662800002, "sigma_a": 0.099034501488500001, "b_val": 1.0, "b_hi": 1.0484488458000001, "b_mid": 1.0, "b_lo": 0.95155115420299996, "sigma_b": 0.023118945303700001, "cum_cov_ab": 0.054321, "MCORNERP1": 6.0, "MCORNERP2": 6.2, "MCORNERP3": 6.4, "MAXMAGP1": 5.8, "MAXMAGP2": 5.8, "utsu_bval2": 0.0, "utsu_aval": 0.0, "utsu_Minfl": 0.0, "Shape_Leng": 5.9522547560800003, "Shape_Area": 1.6496500007799999 }, "geometry": { "type": "Polygon", "coordinates": [ [ [ -4.63, 53.16999999960035 ], [ -3.760000000299726, 54.080000000299833 ], [ -2.56, 54.360000000100001 ], [ -2.219999999600248, 53.900000000299826 ], [ -2.36000000039968, 53.42 ], [ -3.659999999600245, 53.190000000099985 ], [ -3.779999999900042, 53.349999999600357 ], [ -4.63, 53.16999999960035 ] ] ] } },
{ "type": "Feature", "properties": { "ZONE_ID": "GBAS202", "areakm2": 9286.5865554600005, "tctCluster": "Shallow Default", "CSZ_ID": "SZ06", "TECTO_ID": "TSZ013", "magScaleRe": "WC1994", "SS": 33.0, "NF": 33.0, "TF": 34.0, "MINDEPTH": 0.0, "MAXDEPTH": 20.0, "HYPODEPTH1": 8.0, "HYPODEPTH2": 10.0, "HYPODEPTH3": 15.0, "WHDEPTH1": 0.1, "WHDEPTH2": 0.4, "WHDEPTH3": 0.5, "WMAXMAG01": 0.5, "WMAXMAG02": 0.4, "WMAXMAG03": 0.1, "MAXMAG01": 6.3, "MAXMAG02": 6.6, "MAXMAG03": 6.9, "STRIKE1": 0.0, "STRIKE2": 0.0, "STRIKE3": 0.0, "STRIKE4": 0.0, "DIP1": 89.99, "DIP2": 0.0, "DIP3": 0.0, "DIP4": 0.0, "aspRatio": 1.0, "mfd_bin": 0.2, "a_val": 1.9386319977699999, "a_hi": 2.0162819760700001, "a_mid": 1.93880152572, "a_lo": 1.86132107538, "sigma_a": 0.099034501488500001, "b_val": 1.0, "b_hi": 1.0484488458000001, "b_mid": 1.0, "b_lo": 0.95155115420299996, "sigma_b": 0.023118945303700001, "cum_cov_ab": 0.054321, "MCORNERP1": 6.0, "MCORNERP2": 6.2, "MCORNERP3": 6.4, "MAXMAGP1": 5.6, "MAXMAGP2": 5.6, "utsu_bval2": 0.0, "utsu_aval": 0.0, "utsu_Minfl": 0.0, "Shape_Leng": 3.5791990826400002, "Shape_Area": 0.74939999983700001 }, "geometry": { "type": "Polygon", "coordinates": [ [ [ -3.760000000299726, 54.080000000299833 ], [ -3.760000000299726, 54.8699999998002 ], [ -3.08000000039965, 55.04 ], [ -2.56, 54.360000000100001 ], [ -3.760000000299726, 54.080000000299833 ] ] ] } },
{ "type": "Feature", "properties": { "ZONE_ID": "GBAS203", "areakm2": 21832.276745899999, "tctCluster": "Shallow Default", "CSZ_ID": "SZ06", "TECTO_ID": "TSZ012", "magScaleRe": "WC1994", "SS": 33.0, "NF": 33.0, "TF": 34.0, "MINDEPTH": 0.0, "MAXDEPTH": 20.0, "HYPODEPTH1": 8.0, "HYPODEPTH2": 10.0, "HYPODEPTH3": 15.0, "WHDEPTH1": 0.1, "WHDEPTH2": 0.4, "WHDEPTH3": 0.5, "WMAXMAG01": 0.5, "WMAXMAG02": 0.4, "WMAXMAG03": 0.1, "MAXMAG01": 6.3, "MAXMAG02": 6.6, "MAXMAG03": 6.9, "STRIKE1": 0.0, "STRIKE2": 0.0, "STRIKE3": 0.0, "STRIKE4": 0.0, "DIP1": 89.99, "DIP2": 0.0, "DIP3": 0.0, "DIP4": 0.0, "aspRatio": 1.0, "mfd_bin": 0.2, "a_val": 1.67, "a_hi": 1.67855787972, "a_mid": 1.66961266983, "a_lo": 1.66066745993, "sigma_a": 0.02, "b_val": 0.94, "b_hi": 0.97186393639599999, "b_mid": 0.94, "b_lo": 0.90813606360400001, "sigma_b": 0.01, "cum_cov_ab": 0.054321, "MCORNERP1": 6.0, "MCORNERP2": 6.2, "MCORNERP3": 6.4, "MAXMAGP1": 5.6, "MAXMAGP2": 5.6, "utsu_bval2": 0.0, "utsu_aval": 0.0, "utsu_Minfl": 0.0, "Shape_Leng": 6.3077034588299998, "Shape_Area": 1.7618000006300001 }, "geometry": { "type": "Polygon", "coordinates": [ [ [ -5.250000000199805, 58.050000000099999 ], [ -4.409999999900037, 57.529999999700294 ], [ -5.750000000099874, 56.499999999600334 ], [ -6.709999999800118, 56.03 ], [ -6.020000000099856, 57.47 ], [ -5.250000000199805, 58.050000000099999 ] ] ] } },
{ "type": "Feature", "properties": { "ZONE_ID": "GBAS204", "areakm2": 12454.6087771, "tctCluster": "Shallow Default", "CSZ_ID": "SZ06", "TECTO_ID": "TSZ013", "magScaleRe": "WC1994", "SS": 33.0, "NF": 33.0, "TF": 34.0, "MINDEPTH": 0.0, "MAXDEPTH": 20.0, "HYPODEPTH1": 8.0, "HYPODEPTH2": 10.0, "HYPODEPTH3": 15.0, "WHDEPTH1": 0.1, "WHDEPTH2": 0.4, "WHDEPTH3": 0.5, "WMAXMAG01": 0.5, "WMAXMAG02": 0.4, "WMAXMAG03": 0.1, "MAXMAG01": 6.3, "MAXMAG02": 6.6, "MAXMAG03": 6.9, "STRIKE1": 0.0, "STRIKE2": 0.0, "STRIKE3": 0.0, "STRIKE4": 0.0, "DIP1": 89.99, "DIP2": 0.0, "DIP3": 0.0, "DIP4": 0.0, "aspRatio": 1.0, "mfd_bin": 0.2, "a_val": 1.6376020021, "a_hi": 1.7151261017099999, "a_mid": 1.63757504592, "a_lo": 1.5600239901299999, "sigma_a": 0.099034501488500001, "b_val": 1.0, "b_hi": 1.0484488458000001, "b_mid": 1.0, "b_lo": 0.95155115420299996, "sigma_b": 0.023118945303700001, "cum_cov_ab": 0.054321, "MCORNERP1": 6.0, "MCORNERP2": 6.2, "MCORNERP3": 6.4, "MAXMAGP1": 5.2, "MAXMAGP2": 5.2, "utsu_bval2": 0.0, "utsu_aval": 0.0, "utsu_Minfl": 0.0, "Shape_Leng": 5.0605950219600002, "Shape_Area": 1.00505000012 }, "geometry": { "type": "Polygon", "coordinates": [ [ [ -4.469999999600248, 52.870000000199923 ], [ -3.659999999600245, 53.190000000099985 ], [ -2.36000000039968, 53.42 ], [ -3.879999999700203, 52.179999999600341 ], [ -4.469999999600248, 52.870000000199923 ] ] ] } },
{ "type": "Feature", "properties": { "ZONE_ID": "GBAS205", "areakm2": 55199.173562000004, "tctCluster": "Shallow Default", "CSZ_ID": "SZ06", "TECTO_ID": "TSZ072", "magScaleRe": "WC1994", "SS": 33.0, "NF": 33.0, "TF": 34.0, "MINDEPTH": 0.0, "MAXDEPTH": 20.0, "HYPODEPTH1": 8.0, "HYPODEPTH2": 10.0, "HYPODEPTH3": 15.0, "WHDEPTH1": 0.1, "WHDEPTH2": 0.4, "WHDEPTH3": 0.5, "WMAXMAG01": 0.5, "WMAXMAG02": 0.4, "WMAXMAG03": 0.1, "MAXMAG01": 6.3, "MAXMAG02": 6.6, "MAXMAG03": 6.9, "STRIKE1": 0.0, "STRIKE2": 0.0, "STRIKE3": 0.0, "STRIKE4": 0.0, "DIP1": 89.99, "DIP2": 0.0, "DIP3": 0.0, "DIP4": 0.0, "aspRatio": 1.0, "mfd_bin": 0.2, "a_val": 2.1489700043400002, "a_hi": 2.22029868021, "a_mid": 2.1485646333799999, "a_lo": 2.0768305865499999, "sigma_a": 0.243597781614, "b_val": 1.0, "b_hi": 1.07690830666, "b_mid": 1.0, "b_lo": 0.92309169334399999, "sigma_b": 0.058256936835099998, "cum_cov_ab": 0.054321, "MCORNERP1": 6.0, "MCORNERP2": 6.2, "MCORNERP3": 6.4, "MAXMAGP1": 5.8, "MAXMAGP2": 5.8, "utsu_bval2": 0.0, "utsu_aval": 0.0, "utsu_Minfl": 0.0, "Shape_Leng": 15.073686654899999, "Shape_Area": 4.4544096398099997 }, "geometry": { "type": "Polygon", "coordinates": [ [ [ -5.26, 51.679999999700271 ], [ -2.42000000009989, 51.380000000299844 ], [ 1.049999999800207, 51.049999999700276 ], [ 1.978133000337721, 51.003342000133273 ], [ 1.333524000232501, 50.708458000136659 ], [ 0.68, 50.80000000019993 ], [ -3.360000000199818, 50.279999999800225 ], [ -4.880000000399662, 51.369999999600338 ], [ -5.26, 51.679999999700271 ] ] ] } },
{ "type": "Feature", "properties": { "ZONE_ID": "GBAS206", "areakm2": 24308.204146200002, "tctCluster": "Shallow Default", "CSZ_ID": "SZ06", "TECTO_ID": "TSZ072", "magScaleRe": "WC1994", "SS": 33.0, "NF": 33.0, "TF": 34.0, "MINDEPTH": 0.0, "MAXDEPTH": 20.0, "HYPODEPTH1": 8.0, "HYPODEPTH2": 10.0, "HYPODEPTH3": 15.0, "WHDEPTH1": 0.1, "WHDEPTH2": 0.4, "WHDEPTH3": 0.5, "WMAXMAG01": 0.5, "WMAXMAG02": 0.4, "WMAXMAG03": 0.1, "MAXMAG01": 6.3, "MAXMAG02": 6.6, "MAXMAG03": 6.9, "STRIKE1": 0.0, "STRIKE2": 0.0, "STRIKE3": 0.0, "STRIKE4": 0.0, "DIP1": 89.99, "DIP2": 0.0, "DIP3": 0.0, "DIP4": 0.0, "aspRatio": 1.0, "mfd_bin": 0.2, "a_val": 1.84794000867, "a_hi": 1.91997620518, "a_mid": 1.84827583602, "a_lo": 1.77657546686, "sigma_a": 0.243597781614, "b_val": 1.0, "b_hi": 1.07690830666, "b_mid": 1.0, "b_lo": 0.92309169334399999, "sigma_b": 0.058256936835099998, "cum_cov_ab": 0.054321, "MCORNERP1": 6.0, "MCORNERP2": 6.2, "MCORNERP3": 6.4, "MAXMAGP1": 5.4, "MAXMAGP2": 5.4, "utsu_bval2": 0.0, "utsu_aval": 0.0, "utsu_Minfl": 0.0, "Shape_Leng": 6.5148779262899996, "Shape_Area": 1.9615999985399999 }, "geometry": { "type": "Polygon", "coordinates": [ [ [ -4.880000000399662, 51.369999999600338 ], [ -3.360000000199818, 50.279999999800225 ], [ -5.999999999600277, 49.850000000299815 ], [ -5.999999999600277, 50.199999999600379 ], [ -4.880000000399662, 51.369999999600338 ] ] ] } },
{ "type": "Feature", "properties": { "ZONE_ID": "GEAS207", "areakm2": 77510.320412000001, "tctCluster": "Shallow Default", "CSZ_ID": "SZ50", "TECTO_ID": "TSZ065", "magScaleRe": "WC1994", "SS": 30.0, "NF": 20.0, "TF": 50.0, "MINDEPTH": 1.0, "MAXDEPTH": 40.0, "HYPODEPTH1": 10.0, "HYPODEPTH2": 25.0, "HYPODEPTH3": 30.0, "WHDEPTH1": 0.4, "WHDEPTH2": 0.4, "WHDEPTH3": 0.2, "WMAXMAG01": 0.5, "WMAXMAG02": 0.4, "WMAXMAG03": 0.1, "MAXMAG01": 7.8, "MAXMAG02": 8.1, "MAXMAG03": 8.4, "STRIKE1": 0.0, "STRIKE2": 0.0, "STRIKE3": 0.0, "STRIKE4": 0.0, "DIP1": 89.99, "DIP2": 0.0, "DIP3": 0.0, "DIP4": 0.0, "aspRatio": 1.0, "mfd_bin": 0.2, "a_val": 3.3486492033499999, "a_hi": 3.3854919455400001, "a_mid": 3.3485103350999998, "a_lo": 3.31152872467, "sigma_a": 0.092449758238500004, "b_val": 0.82400126264100004, "b_hi": 0.86849536351500001, "b_mid": 0.82400126264100004, "b_lo": 0.77950716176699997, "sigma_b": 0.019498716149800002, "cum_cov_ab": 0.054321, "MCORNERP1": 7.0, "MCORNERP2": 7.2, "MCORNERP3": 7.4, "MAXMAGP1": 7.4, "MAXMAGP2": 7.4, "utsu_bval2": 0.0, "utsu_aval": 0.0, "utsu_Minfl": 0.0, "Shape_Leng": 14.7217800179, "Shape_Area": 6.2582573959200003 }, "geometry": { "type": "Polygon", "coordinates": [ [ [ 44.049068000387933, 42.287000999596501 ], [ 43.374081999684563, 42.00879599983557 ], [ 41.791094999634595, 42.112488999967411 ], [ 41.402200515241645, 42.451067965414325 ], [ 40.858122438699638, 42.814538079568763 ], [ 41.008999999550383, 43.09590000008501 ], [ 40.440211684621602, 43.123862861481939 ], [ 39.827090083440623, 43.241592577235679 ], [ 39.5533994357354, 43.33793168519918 ], [ 38.443841476502996, 44.023805099825552 ], [ 39.592268597717691, 44.202008427946623 ], [ 40.313234000149066, 43.86849099985983 ], [ 40.399489000117342, 43.939094000187993 ], [ 41.730411205812572, 43.554696206964422 ], [ 43.572000000399726, 43.441900000184887 ], [ 45.079319603816714, 43.014461027054836 ], [ 44.875247952431096, 42.840423197672465 ], [ 44.381917162047444, 42.510630100498815 ], [ 44.049068000387933, 42.287000999596501 ] ] ] } },
{ "type": "Feature", "properties": { "ZONE_ID": "GEAS208", "areakm2": 19734.172224000002, "tctCluster": "Shallow Default", "CSZ_ID": "SZ24", "TECTO_ID": "TSZ069", "magScaleRe": "WC1994", "SS": 5.0, "NF": 5.0, "TF": 90.0, "MINDEPTH": 0.0, "MAXDEPTH": 24.0, "HYPODEPTH1": 4.0, "HYPODEPTH2": 12.0, "HYPODEPTH3": 20.0, "WHDEPTH1": 0.1, "WHDEPTH2": 0.4, "WHDEPTH3": 0.5, "WMAXMAG01": 0.5, "WMAXMAG02": 0.4, "WMAXMAG03": 0.1, "MAXMAG01": 7.8, "MAXMAG02": 8.1, "MAXMAG03": 8.4, "STRIKE1": 0.0, "STRIKE2": 0.0, "STRIKE3": 0.0, "STRIKE4": 0.0, "DIP1": 89.99, "DIP2": 0.0, "DIP3": 0.0, "DIP4": 0.0, "aspRatio": 1.0, "mfd_bin": 0.2, "a_val": 4.0, "a_hi": 4.0424053438399996, "a_mid": 3.99980727792, "a_lo": 3.957209212, "sigma_a": 0.094004690499700005, "b_val": 1.0, "b_hi": 1.04529298107, "b_mid": 1.0, "b_lo": 0.95470701893099996, "sigma_b": 0.0202051909237, "cum_cov_ab": 0.054321, "MCORNERP1": 6.0, "MCORNERP2": 6.2, "MCORNERP3": 6.4, "MAXMAGP1": 6.4, "MAXMAGP2": 6.6, "utsu_bval2": 0.0, "utsu_aval": 0.0, "utsu_Minfl": 0.0, "Shape_Leng": 9.1449486135000004, "Shape_Area": 1.59248918425 }, "geometry": { "type": "Polygon", "coordinates": [ [ [ 43.374081999684563, 42.00879599983557 ], [ 44.049068000387933, 42.287000999596501 ], [ 44.381917162047444, 42.510630100498815 ], [ 46.950230205559592, 41.493595651518149 ], [ 47.561897000446265, 40.989262000341114 ], [ 47.343249976405332, 40.83454857105977 ], [ 46.820307702738319, 41.12693443877339 ], [ 45.181896000300242, 41.802515000167205 ], [ 43.374081999684563, 42.00879599983557 ] ] ] } },
{ "type": "Feature", "properties": { "ZONE_ID": "GEAS219", "areakm2": 40980.973624500002, "tctCluster": "Shallow Default", "CSZ_ID": "SZ24", "TECTO_ID": "TSZ006", "magScaleRe": "WC1994", "SS": 35.0, "NF": 5.0, "TF": 60.0, "MINDEPTH": 1.0, "MAXDEPTH": 40.0, "HYPODEPTH1": 10.0, "HYPODEPTH2": 25.0, "HYPODEPTH3": 30.0, "WHDEPTH1": 0.4, "WHDEPTH2": 0.4, "WHDEPTH3": 0.2, "WMAXMAG01": 0.5, "WMAXMAG02": 0.4, "WMAXMAG03": 0.1, "MAXMAG01": 7.8, "MAXMAG02": 8.1, "MAXMAG03": 8.4, "STRIKE1": 0.0, "STRIKE2": 0.0, "STRIKE3": 0.0, "STRIKE4": 0.0, "DIP1": 89.99, "DIP2": 0.0, "DIP3": 0.0, "DIP4": 0.0, "aspRatio": 1.0, "mfd_bin": 0.2, "a_val": 3.6176530552099999, "a_hi": 3.63596851447, "a_mid": 3.6176577432800001, "a_lo": 3.5993469720800002, "sigma_a": 0.053823001568600003, "b_val": 0.83856349501899996, "b_hi": 0.87284281129800001, "b_mid": 0.83856349501899996, "b_lo": 0.804284178741, "sigma_b": 0.0115735195378, "cum_cov_ab": 0.054321, "MCORNERP1": 6.2, "MCORNERP2": 6.4, "MCORNERP3": 6.6, "MAXMAGP1": 6.6, "MAXMAGP2": 6.8, "utsu_bval2": 0.0, "utsu_aval": 0.0, "utsu_Minfl": 0.0, "Shape_Leng": 8.8510530705600008, "Shape_Area": 3.3070430632800001 }, "geometry": { "type": "Polygon", "coordinates": [ [ [ 44.381917162047444, 42.510630100498815 ], [ 44.875247952431096, 42.840423197672465 ], [ 45.079319603816714, 43.014461027054836 ], [ 46.056500000075005, 42.771200000179931 ], [ 46.577918639633538, 42.880008485303392 ], [ 47.578477546501631, 42.454390025978967 ], [ 47.644266198926005, 42.236565305144779 ], [ 48.079000000349765, 41.515300000394745 ], [ 47.561897000446265, 40.989262000341114 ], [ 46.950230205559592, 41.493595651518149 ], [ 44.381917162047444, 42.510630100498815 ] ] ] } },
{ "type": "Feature", "properties": { "ZONE_ID": "GEM0228", "areakm2": 123922.67096600001, "tctCluster": "Shallow Default", "CSZ_ID": "SZ30", "TECTO_ID": "TSZ118", "magScaleRe": "WC1994", "SS": 30.0, "NF": 20.0, "TF": 50.0, "MINDEPTH": 1.0, "MAXDEPTH": 30.0, "HYPODEPTH1": 10.0, "HYPODEPTH2": 18.0, "HYPODEPTH3": 25.0, "WHDEPTH1": 0.4, "WHDEPTH2": 0.4, "WHDEPTH3": 0.2, "WMAXMAG01": 0.5, "WMAXMAG02": 0.4, "WMAXMAG03": 0.1, "MAXMAG01": 7.4, "MAXMAG02": 7.7, "MAXMAG03": 8.0, "STRIKE1": 0.0, "STRIKE2": 0.0, "STRIKE3": 0.0, "STRIKE4": 0.0, "DIP1": 89.99, "DIP2": 0.0, "DIP3": 0.0, "DIP4": 0.0, "aspRatio": 1.0, "mfd_bin": 0.2, "a_val": 5.2041501281700002, "a_hi": 5.21335486087, "a_mid": 5.2042289880999997, "a_lo": 5.1951031153400002, "sigma_a": 0.031777396378300002, "b_val": 1.0062167800699999, "b_hi": 1.03161438886, "b_mid": 1.0062167800699999, "b_lo": 0.98081917126899998, "sigma_b": 0.0063531163028599999, "cum_cov_ab": 0.054321, "MCORNERP1": 7.4, "MCORNERP2": 7.6, "MCORNERP3": 7.8, "MAXMAGP1": 7.8, "MAXMAGP2": 8.0, "utsu_bval2": 0.0, "utsu_aval": 0.0, "utsu_Minfl": 0.0, "Shape_Leng": 25.675016935799999, "Shape_Area": 22.289090703900001 }, "geometry": { "type": "Polygon", "coordinates": [ [ [ 4.883754424627057, 34.910715518006782 ], [ -1.864302150323908, 34.740437047231978 ], [ -1.890532227680126, 36.011146407980391 ], [ 1.085272682088657, 37.421557137951595 ], [ 5.781717199389277, 37.372153055818899 ], [ 10.001315623517257, 36.059118342237753 ], [ 4.883754424627057, 34.910715518006782 ] ] ] } },
{ "type": "Feature", "properties": { "ZONE_ID": "GRAS237", "areakm2": 58207.561099300001, "tctCluster": "Shallow Default", "CSZ_ID": "SZ22", "TECTO_ID": "TSZ045", "magScaleRe": "WC1994", "SS": 40.0, "NF": 10.0, "TF": 50.0, "MINDEPTH": 0.0, "MAXDEPTH": 50.0, "HYPODEPTH1": 2.0, "HYPODEPTH2": 10.0, "HYPODEPTH3": 18.0, "WHDEPTH1": 0.1, "WHDEPTH2": 0.4, "WHDEPTH3": 0.5, "WMAXMAG01": 0.5, "WMAXMAG02": 0.4, "WMAXMAG03": 0.1, "MAXMAG01": 6.9, "MAXMAG02": 7.2, "MAXMAG03": 7.5, "STRIKE1": 0.0, "STRIKE2": 0.0, "STRIKE3": 219.588087, "STRIKE4": 308.582373, "DIP1": 75.71513, "DIP2": 0.0, "DIP3": 75.71513, "DIP4": 22.921676, "aspRatio": 1.0, "mfd_bin": 0.2, "a_val": 4.88, "a_hi": 4.8873095493200003, "a_mid": 4.8802161991600004, "a_lo": 4.8731228489899996, "sigma_a": 0.033487555250099998, "b_val": 1.06, "b_hi": 1.1027499566900001, "b_mid": 1.06, "b_lo": 1.01725004331, "sigma_b": 0.018, "cum_cov_ab": 0.054321, "MCORNERP1": 6.0, "MCORNERP2": 6.2, "MCORNERP3": 6.4, "MAXMAGP1": 6.4, "MAXMAGP2": 6.6, "utsu_bval2": 0.0, "utsu_aval": 0.0, "utsu_Minfl": 0.0, "Shape_Leng": 8.9327752704600005, "Shape_Area": 4.6457134878400002 }, "geometry": { "type": "Polygon", "coordinates": [ [ [ 21.920526506293299, 34.012787200768742 ], [ 20.390746188186085, 34.918578178240409 ], [ 20.25840509362024, 36.651514836640445 ], [ 20.845818093830019, 37.163689253156576 ], [ 21.866300864593256, 36.024698774828664 ], [ 23.064492866053001, 35.230867814498083 ], [ 21.920526506293299, 34.012787200768742 ] ] ] } },
{ "type": "Feature", "properties": { "ZONE_ID": "GRAS240", "areakm2": 17297.834751099999, "tctCluster": "Shallow Default", "CSZ_ID": "SZ22", "TECTO_ID": "TSZ120", "magScaleRe": "WC1994", "SS": 25.0, "NF": 50.0, "TF": 25.0, "MINDEPTH": 0.0, "MAXDEPTH": 20.0, "HYPODEPTH1": 2.0, "HYPODEPTH2": 10.0, "HYPODEPTH3": 18.0, "WHDEPTH1": 0.1, "WHDEPTH2": 0.4, "WHDEPTH3": 0.5, "WMAXMAG01": 0.5, "WMAXMAG02": 0.4, "WMAXMAG03": 0.1, "MAXMAG01": 7.0, "MAXMAG02": 7.3, "MAXMAG03": 7.6, "STRIKE1": 0.0, "STRIKE2": 123.0945, "STRIKE3": 0.0, "STRIKE4": 280.863167, "DIP1": 55.453, "DIP2": 55.453, "DIP3": 0.0, "DIP4": 50.234556, "aspRatio": 1.0, "mfd_bin": 0.2, "a_val": 3.0423350349899998, "a_hi": 3.0920936248199999, "a_mid": 3.0421840232, "a_lo": 2.9922744215799999, "sigma_a": 0.089007664734900002, "b_val": 0.83425002614, "b_hi": 0.87878487053300003, "b_mid": 0.83425002614, "b_lo": 0.78971518174599997, "sigma_b": 0.019534442686700002, "cum_cov_ab": 0.054321, "MCORNERP1": 6.8, "MCORNERP2": 7.0, "MCORNERP3": 7.2, "MAXMAGP1": 7.0, "MAXMAGP2": 7.2, "utsu_bval2": 0.0, "utsu_aval": 0.0, "utsu_Minfl": 0.0, "Shape_Leng": 7.5525239446, "Shape_Area": 2.7326510184499999 }, "geometry": { "type": "Polygon", "coordinates": [ [ [ 24.644400000159919, 37.15009999971528 ], [ 23.486754703866552, 37.299359012908155 ], [ 23.596665503310362, 37.932119519700109 ], [ 23.749599999840143, 38.080400000359759 ], [ 24.155451245478673, 38.166447493457099 ], [ 25.471428010194586, 38.097446232457742 ], [ 25.869100000064975, 37.533699999855173 ], [ 26.570684999812954, 37.47473400017401 ], [ 26.500000000199918, 37.103106999988086 ], [ 26.108499999975095, 36.888400000259878 ], [ 25.21420000022988, 36.782499999975073 ], [ 25.024313525448918, 36.905003103110744 ], [ 24.644400000159919, 37.15009999971528 ] ] ] } },
{ "type": "Feature", "properties": { "ZONE_ID": "GRAS241", "areakm2": 19969.484766699999, "tctCluster": "Shallow Default", "CSZ_ID": "SZ22", "TECTO_ID": "TSZ079", "magScaleRe": "WC1994", "SS": 40.0, "NF": 60.0, "TF": 0.0, "MINDEPTH": 0.0, "MAXDEPTH": 20.0, "HYPODEPTH1": 2.0, "HYPODEPTH2": 10.0, "HYPODEPTH3": 18.0, "WHDEPTH1": 0.1, "WHDEPTH2": 0.4, "WHDEPTH3": 0.5, "WMAXMAG01": 0.5, "WMAXMAG02": 0.4, "WMAXMAG03": 0.1, "MAXMAG01": 7.3, "MAXMAG02": 7.6, "MAXMAG03": 7.9, "STRIKE1": 77.235375, "STRIKE2": 119.308, "STRIKE3": 251.883667, "STRIKE4": 287.630462, "DIP1": 51.71425, "DIP2": 54.170111, "DIP3": 59.094333, "DIP4": 52.927026, "aspRatio": 1.0, "mfd_bin": 0.2, "a_val": 4.5, "a_hi": 4.5103147418100002, "a_mid": 4.4997424101899997, "a_lo": 4.4891700785699999, "sigma_a": 0.042823386279099998, "b_val": 0.95, "b_hi": 0.99617523069400005, "b_mid": 0.95, "b_lo": 0.90382476930599998, "sigma_b": 0.021, "cum_cov_ab": 0.054321, "MCORNERP1": 7.0, "MCORNERP2": 7.2, "MCORNERP3": 7.4, "MAXMAGP1": 7.4, "MAXMAGP2": 7.6, "utsu_bval2": 0.0, "utsu_aval": 0.0, "utsu_Minfl": 0.0, "Shape_Leng": 5.4035192277700004, "Shape_Area": 1.2632751154099999 }, "geometry": { "type": "Polygon", "coordinates": [ [ [ 22.800000000399734, 38.499999999600334 ], [ 23.499999999900126, 37.999999999700265 ], [ 23.596665503310362, 37.932119519700109 ], [ 23.486754703866552, 37.299359012908155 ], [ 22.969559181710906, 37.477045715587337 ], [ 22.350000000399746, 37.999999999700265 ], [ 21.816392000190717, 37.999999999700265 ], [ 21.500000000299849, 38.499999999600334 ], [ 22.800000000399734, 38.499999999600334 ] ] ] } },
{ "type": "Feature", "properties": { "ZONE_ID": "GRAS242", "areakm2": 8100.4104472400004, "tctCluster": "Shallow Default", "CSZ_ID": "SZ22", "TECTO_ID": "TSZ020", "magScaleRe": "WC1994", "SS": 20.0, "NF": 60.0, "TF": 20.0, "MINDEPTH": 0.0, "MAXDEPTH": 20.0, "HYPODEPTH1": 2.0, "HYPODEPTH2": 10.0, "HYPODEPTH3": 18.0, "WHDEPTH1": 0.1, "WHDEPTH2": 0.4, "WHDEPTH3": 0.5, "WMAXMAG01": 0.5, "WMAXMAG02": 0.4, "WMAXMAG03": 0.1, "MAXMAG01": 7.3, "MAXMAG02": 7.6, "MAXMAG03": 7.9, "STRIKE1": 53.254556, "STRIKE2": 101.62625, "STRIKE3": 228.099333, "STRIKE4": 286.981, "DIP1": 53.563968, "DIP2": 51.35975, "DIP3": 51.852293, "DIP4": 48.603615, "aspRatio": 1.0, "mfd_bin": 0.2, "a_val": 4.3, "a_hi": 4.4238643187799997, "a_mid": 4.3002933210699998, "a_lo": 4.1767223233499999, "sigma_a": 0.20680923619399999, "b_val": 1.07797875606, "b_hi": 1.14311033425, "b_mid": 1.07797875606, "b_lo": 1.0128471778699999, "sigma_b": 0.041781531041100002, "cum_cov_ab": 0.054321, "MCORNERP1": 6.9, "MCORNERP2": 7.1, "MCORNERP3": 7.3, "MAXMAGP1": 7.0, "MAXMAGP2": 7.2, "utsu_bval2": 0.0, "utsu_aval": 0.0, "utsu_Minfl": 0.0, "Shape_Leng": 3.6185318458000002, "Shape_Area": 0.65367910477500002 }, "geometry": { "type": "Polygon", "coordinates": [ [ [ 21.148303561260377, 40.211456868040102 ], [ 21.454098485256964, 40.323096284965629 ], [ 21.909458769306809, 40.49063105457958 ], [ 22.111656647236543, 40.682448398974486 ], [ 22.371630740666205, 40.57604111270723 ], [ 22.673279706393373, 40.44806882391714 ], [ 22.398332356852848, 40.196169294377512 ], [ 22.189717384449807, 40.022142826130562 ], [ 21.747151953000298, 39.900000000399757 ], [ 21.322610930949736, 39.861923079086864 ], [ 21.148303561260377, 40.211456868040102 ] ] ] } },
{ "type": "Feature", "properties": { "ZONE_ID": "GRAS244", "areakm2": 18224.655095800001, "tctCluster": "Shallow Default", "CSZ_ID": "SZ22", "TECTO_ID": "TSZ020", "magScaleRe": "WC1994", "SS": 20.0, "NF": 60.0, "TF": 20.0, "MINDEPTH": 0.0, "MAXDEPTH": 20.0, "HYPODEPTH1": 2.0, "HYPODEPTH2": 10.0, "HYPODEPTH3": 18.0, "WHDEPTH1": 0.1, "WHDEPTH2": 0.4, "WHDEPTH3": 0.5, "WMAXMAG01": 0.5, "WMAXMAG02": 0.4, "WMAXMAG03": 0.1, "MAXMAG01": 7.3, "MAXMAG02": 7.6, "MAXMAG03": 7.9, "STRIKE1": 64.924707, "STRIKE2": 104.175143, "STRIKE3": 0.0, "STRIKE4": 284.669167, "DIP1": 49.248537, "DIP2": 49.825214, "DIP3": 0.0, "DIP4": 48.237833, "aspRatio": 1.0, "mfd_bin": 0.2, "a_val": 3.35, "a_hi": 3.4497424328299999, "a_mid": 3.34992130938, "a_lo": 3.2501001859200001, "sigma_a": 0.22854090775800001, "b_val": 0.91, "b_hi": 0.98279382892699996, "b_mid": 0.91, "b_lo": 0.83720617107299999, "sigma_b": 0.052190357816600003, "cum_cov_ab": 0.054321, "MCORNERP1": 6.6, "MCORNERP2": 6.8, "MCORNERP3": 7.0, "MAXMAGP1": 6.8, "MAXMAGP2": 7.0, "utsu_bval2": 0.0, "utsu_aval": 0.0, "utsu_Minfl": 0.0, "Shape_Leng": 6.0328381175299999, "Shape_Area": 1.5393152622599999 }, "geometry": { "type": "Polygon", "coordinates": [ [ [ 26.146363566125729, 41.249474322382127 ], [ 26.305710564291132, 40.953545111417839 ], [ 26.026078999646188, 40.602774000120064 ], [ 25.384526762799908, 40.622890130075518 ], [ 24.655166520018952, 40.337830419438376 ], [ 23.584189803017068, 40.816770056093276 ], [ 25.45629288600793, 41.364102551591543 ], [ 26.146363566125729, 41.249474322382127 ] ] ] } },
{ "type": "Feature", "properties": { "ZONE_ID": "GRAS245", "areakm2": 5303.2092828799996, "tctCluster": "Shallow Default", "CSZ_ID": "SZ22", "TECTO_ID": "TSZ082", "magScaleRe": "WC1994", "SS": 50.0, "NF": 40.0, "TF": 10.0, "MINDEPTH": 0.0, "MAXDEPTH": 20.0, "HYPODEPTH1": 2.0, "HYPODEPTH2": 10.0, "HYPODEPTH3": 18.0, "WHDEPTH1": 0.1, "WHDEPTH2": 0.4, "WHDEPTH3": 0.5, "WMAXMAG01": 0.5, "WMAXMAG02": 0.4, "WMAXMAG03": 0.1, "MAXMAG01": 7.6, "MAXMAG02": 7.9, "MAXMAG03": 8.2, "STRIKE1": 54.644568, "STRIKE2": 135.833154, "STRIKE3": 218.800458, "STRIKE4": 292.22675, "DIP1": 60.864919, "DIP2": 60.520462, "DIP3": 68.637229, "DIP4": 53.320583, "aspRatio": 1.0, "mfd_bin": 0.2, "a_val": 3.98, "a_hi": 4.02764063433, "a_mid": 3.9803801621899999, "a_lo": 3.9331196900499998, "sigma_a": 0.092282645878500005, "b_val": 0.98836196269700005, "b_hi": 1.0334313143, "b_mid": 0.98836196269700005, "b_lo": 0.943292611098, "sigma_b": 0.020006161349000001, "cum_cov_ab": 0.054321, "MCORNERP1": 7.1, "MCORNERP2": 7.3, "MCORNERP3": 7.5, "MAXMAGP1": 7.2, "MAXMAGP2": 7.4, "utsu_bval2": 0.0, "utsu_aval": 0.0, "utsu_Minfl": 0.0, "Shape_Leng": 4.86812932609, "Shape_Area": 0.90440441423399998 }, "geometry": { "type": "Polygon", "coordinates": [ [ [ 24.155451245478673, 38.166447493457099 ], [ 23.707461596275721, 38.562265478768893 ], [ 25.514869981064805, 39.666514855076571 ], [ 25.478749098691992, 39.18623932858219 ], [ 24.155451245478673, 38.166447493457099 ] ] ] } },
{ "type": "Feature", "properties": { "ZONE_ID": "GRAS246", "areakm2": 20124.517975899998, "tctCluster": "Shallow Default", "CSZ_ID": "SZ22", "TECTO_ID": "TSZ082", "magScaleRe": "WC1994", "SS": 40.0, "NF": 60.0, "TF": 0.0, "MINDEPTH": 0.0, "MAXDEPTH": 20.0, "HYPODEPTH1": 2.0, "HYPODEPTH2": 10.0, "HYPODEPTH3": 18.0, "WHDEPTH1": 0.1, "WHDEPTH2": 0.4, "WHDEPTH3": 0.5, "WMAXMAG01": 0.5, "WMAXMAG02": 0.4, "WMAXMAG03": 0.1, "MAXMAG01": 7.9, "MAXMAG02": 8.2, "MAXMAG03": 8.5, "STRIKE1": 85.823571, "STRIKE2": 94.154667, "STRIKE3": 231.422017, "STRIKE4": 306.578624, "DIP1": 58.742714, "DIP2": 58.875333, "DIP3": 75.11919, "DIP4": 68.961462, "aspRatio": 1.0, "mfd_bin": 0.2, "a_val": 3.75, "a_hi": 3.7913505885299998, "a_mid": 3.7496876485300001, "a_lo": 3.70802470854, "sigma_a": 0.079905095586300004, "b_val": 0.90905432597500002, "b_hi": 0.950451884543, "b_mid": 0.90905432597500002, "b_lo": 0.86765676740800002, "sigma_b": 0.0168791512753, "cum_cov_ab": 0.054321, "MCORNERP1": 7.4, "MCORNERP2": 7.6, "MCORNERP3": 7.8, "MAXMAGP1": 7.6, "MAXMAGP2": 7.8, "utsu_bval2": 0.0, "utsu_aval": 0.0, "utsu_Minfl": 0.0, "Shape_Leng": 5.1366228538099996, "Shape_Area": 0.98254425047100002 }, "geometry": { "type": "Polygon", "coordinates": [ [ [ 23.707461596275721, 38.562265478768893 ], [ 23.428100000015036, 39.09979999997006 ], [ 23.792100000114942, 39.201000000249849 ], [ 25.169463789822089, 39.967988997993928 ], [ 25.514869981064805, 39.666514855076571 ], [ 23.707461596275721, 38.562265478768893 ] ] ] } },
{ "type": "Feature", "properties": { "ZONE_ID": "GRAS247", "areakm2": 15885.147100800001, "tctCluster": "Shallow Default", "CSZ_ID": "SZ22", "TECTO_ID": "TSZ079", "magScaleRe": "WC1994", "SS": 40.0, "NF": 60.0, "TF": 0.0, "MINDEPTH": 0.0, "MAXDEPTH": 20.0, "HYPODEPTH1": 2.0, "HYPODEPTH2": 10.0, "HYPODEPTH3": 18.0, "WHDEPTH1": 0.1, "WHDEPTH2": 0.4, "WHDEPTH3": 0.5, "WMAXMAG01": 0.5, "WMAXMAG02": 0.4, "WMAXMAG03": 0.1, "MAXMAG01": 7.3, "MAXMAG02": 7.6, "MAXMAG03": 7.9, "STRIKE1": 66.977, "STRIKE2": 127.892292, "STRIKE3": 249.710269, "STRIKE4": 289.799967, "DIP1": 55.438, "DIP2": 63.553542, "DIP3": 55.673462, "DIP4": 54.532856, "aspRatio": 1.0, "mfd_bin": 0.2, "a_val": 4.5241002954900003, "a_hi": 4.5591305690599997, "a_mid": 4.5244843869200002, "a_lo": 4.4898382047799998, "sigma_a": 0.079905975331899998, "b_val": 1.0306302807800001, "b_hi": 1.07128527876, "b_mid": 1.0306302807800001, "b_lo": 0.98997528278799996, "sigma_b": 0.0162790491653, "cum_cov_ab": 0.054321, "MCORNERP1": 6.7, "MCORNERP2": 6.9, "MCORNERP3": 7.1, "MAXMAGP1": 7.0, "MAXMAGP2": 7.2, "utsu_bval2": 0.0, "utsu_aval": 0.0, "utsu_Minfl": 0.0, "Shape_Leng": 5.2460703086400002, "Shape_Area": 1.1244882600199999 }, "geometry": { "type": "Polygon", "coordinates": [ [ [ 21.500000000299849, 38.499999999600334 ], [ 21.500000000299849, 39.000000000399723 ], [ 23.428100000015036, 39.09979999997006 ], [ 23.707461596275721, 38.562265478768893 ], [ 22.800000000399734, 38.499999999600334 ], [ 21.500000000299849, 38.499999999600334 ] ] ] } },
{ "type": "Feature", "properties": { "ZONE_ID": "GRAS248", "areakm2": 6248.9342657400002, "tctCluster": "Shallow Default", "CSZ_ID": "SZ22", "TECTO_ID": "TSZ020", "magScaleRe": "WC1994", "SS": 20.0, "NF": 60.0, "TF": 20.0, "MINDEPTH": 0.0, "MAXDEPTH": 20.0, "HYPODEPTH1": 2.0, "HYPODEPTH2": 10.0, "HYPODEPTH3": 18.0, "WHDEPTH1": 0.1, "WHDEPTH2": 0.4, "WHDEPTH3": 0.5, "WMAXMAG01": 0.5, "WMAXMAG02": 0.4, "WMAXMAG03": 0.1, "MAXMAG01": 7.3, "MAXMAG02": 7.6, "MAXMAG03": 7.9, "STRIKE1": 84.976233, "STRIKE2": 105.520692, "STRIKE3": 260.5032, "STRIKE4": 0.0, "DIP1": 54.5166, "DIP2": 53.517354, "DIP3": 46.4521, "DIP4": 0.0, "aspRatio": 1.0, "mfd_bin": 0.2, "a_val": 2.7, "a_hi": 2.78653346746, "a_mid": 2.7000265866299999, "a_lo": 2.6135197058099999, "sigma_a": 0.11521746572, "b_val": 0.8, "b_hi": 0.84927795188199995, "b_mid": 0.8, "b_lo": 0.75072204811800003, "sigma_b": 0.023916985776900001, "cum_cov_ab": 0.054321, "MCORNERP1": 7.0, "MCORNERP2": 7.2, "MCORNERP3": 7.4, "MAXMAGP1": 7.2, "MAXMAGP2": 7.4, "utsu_bval2": 0.0, "utsu_aval": 0.0, "utsu_Minfl": 0.0, "Shape_Leng": 5.1564648508299999, "Shape_Area": 0.82458052773799995 }, "geometry": { "type": "Polygon", "coordinates": [ [ [ 22.99926899956472, 41.199546000247778 ], [ 23.571982552153088, 41.366510724690272 ], [ 24.501914515142801, 41.522635156986951 ], [ 25.45629288600793, 41.364102551591543 ], [ 23.584189803017068, 40.816770056093276 ], [ 22.99926899956472, 41.199546000247778 ] ] ] } },
{ "type": "Feature", "properties": { "ZONE_ID": "GRAS249", "areakm2": 22494.1699448, "tctCluster": "Shallow Default", "CSZ_ID": "SZ22", "TECTO_ID": "TSZ080", "magScaleRe": "WC1994", "SS": 20.0, "NF": 60.0, "TF": 20.0, "MINDEPTH": 0.0, "MAXDEPTH": 20.0, "HYPODEPTH1": 2.0, "HYPODEPTH2": 10.0, "HYPODEPTH3": 18.0, "WHDEPTH1": 0.1, "WHDEPTH2": 0.4, "WHDEPTH3": 0.5, "WMAXMAG01": 0.5, "WMAXMAG02": 0.4, "WMAXMAG03": 0.1, "MAXMAG01": 7.3, "MAXMAG02": 7.6, "MAXMAG03": 7.9, "STRIKE1": 0.0, "STRIKE2": 139.185385, "STRIKE3": 233.019213, "STRIKE4": 0.0, "DIP1": 58.796538, "DIP2": 58.796538, "DIP3": 71.275453, "DIP4": 0.0, "aspRatio": 1.0, "mfd_bin": 0.2, "a_val": 3.0, "a_hi": 3.0060468313499999, "a_mid": 3.0001874655899998, "a_lo": 2.9943280998300001, "sigma_a": 0.01, "b_val": 0.75, "b_hi": 0.78186393639600005, "b_mid": 0.75, "b_lo": 0.71813606360399995, "sigma_b": 0.01, "cum_cov_ab": 0.054321, "MCORNERP1": 7.0, "MCORNERP2": 7.2, "MCORNERP3": 7.4, "MAXMAGP1": 7.4, "MAXMAGP2": 7.6, "utsu_bval2": 0.0, "utsu_aval": 0.0, "utsu_Minfl": 0.0, "Shape_Leng": 5.0313296356399997, "Shape_Area": 0.915359720461 }, "geometry": { "type": "Polygon", "coordinates": [ [ [ 26.146696128223766, 38.164992795081503 ], [ 26.501400000010051, 38.122199999830173 ], [ 26.760646999659343, 38.037697999762941 ], [ 27.154291278619667, 37.824660157940002 ], [ 27.785827999662501, 37.666773999620432 ], [ 26.570684999812954, 37.47473400017401 ], [ 25.869100000064975, 37.533699999855173 ], [ 25.471428010194586, 38.097446232457742 ], [ 26.146696128223766, 38.164992795081503 ] ] ] } },
{ "type": "Feature", "properties": { "ZONE_ID": "GRAS250", "areakm2": 16838.134060199998, "tctCluster": "Shallow Default", "CSZ_ID": "SZ22", "TECTO_ID": "TSZ020", "magScaleRe": "WC1994", "SS": 20.0, "NF": 60.0, "TF": 20.0, "MINDEPTH": 0.0, "MAXDEPTH": 20.0, "HYPODEPTH1": 2.0, "HYPODEPTH2": 10.0, "HYPODEPTH3": 18.0, "WHDEPTH1": 0.1, "WHDEPTH2": 0.4, "WHDEPTH3": 0.5, "WMAXMAG01": 0.5, "WMAXMAG02": 0.4, "WMAXMAG03": 0.1, "MAXMAG01": 7.3, "MAXMAG02": 7.6, "MAXMAG03": 7.9, "STRIKE1": 70.927812, "STRIKE2": 106.487955, "STRIKE3": 259.891316, "STRIKE4": 291.366048, "DIP1": 68.031087, "DIP2": 62.950795, "DIP3": 45.497895, "DIP4": 46.625911, "aspRatio": 1.0, "mfd_bin": 0.2, "a_val": 3.81, "a_hi": 3.8360281952599999, "a_mid": 3.81046006439, "a_lo": 3.78489193353, "sigma_a": 0.071022773246799994, "b_val": 0.93, "b_hi": 0.983318563742, "b_mid": 0.93, "b_lo": 0.87668143625799999, "sigma_b": 0.028, "cum_cov_ab": 0.054321, "MCORNERP1": 6.8, "MCORNERP2": 7.0, "MCORNERP3": 7.2, "MAXMAGP1": 7.0, "MAXMAGP2": 7.2, "utsu_bval2": 0.0, "utsu_aval": 0.0, "utsu_Minfl": 0.0, "Shape_Leng": 5.1510122690399998, "Shape_Area": 1.2965449439700001 }, "geometry": { "type": "Polygon", "coordinates": [ [ [ 22.99926899956472, 41.199546000247778 ], [ 23.584189803017068, 40.816770056093276 ], [ 24.655166520018952, 40.337830419438376 ], [ 24.049184793943141, 40.100991385643965 ], [ 22.886375334154422, 40.095075897934407 ], [ 22.673279706393373, 40.44806882391714 ], [ 22.63807645806213, 41.132888482217709 ], [ 22.99926899956472, 41.199546000247778 ] ] ] } },
{ "type": "Feature", "properties": { "ZONE_ID": "GRAS251", "areakm2": 23071.882358399998, "tctCluster": "Shallow Default", "CSZ_ID": "SZ22", "TECTO_ID": "TSZ025", "magScaleRe": "WC1994", "SS": 20.0, "NF": 60.0, "TF": 20.0, "MINDEPTH": 0.0, "MAXDEPTH": 20.0, "HYPODEPTH1": 2.0, "HYPODEPTH2": 10.0, "HYPODEPTH3": 18.0, "WHDEPTH1": 0.1, "WHDEPTH2": 0.4, "WHDEPTH3": 0.5, "WMAXMAG01": 0.5, "WMAXMAG02": 0.4, "WMAXMAG03": 0.1, "MAXMAG01": 7.5, "MAXMAG02": 7.5, "MAXMAG03": 7.8, "STRIKE1": 84.6065, "STRIKE2": 100.107471, "STRIKE3": 244.593526, "STRIKE4": 290.959553, "DIP1": 50.405675, "DIP2": 54.044265, "DIP3": 55.690421, "DIP4": 50.027298, "aspRatio": 1.0, "mfd_bin": 0.2, "a_val": 4.29, "a_hi": 4.2943229058399996, "a_mid": 4.2898548226499997, "a_lo": 4.2853867394599998, "sigma_a": 0.023130115900600001, "b_val": 0.88, "b_hi": 0.91941351262299997, "b_mid": 0.88, "b_lo": 0.84058648737700004, "sigma_b": 0.0153, "cum_cov_ab": 0.054321, "MCORNERP1": 6.8, "MCORNERP2": 7.0, "MCORNERP3": 7.2, "MAXMAGP1": 7.2, "MAXMAGP2": 7.4, "utsu_bval2": 0.0, "utsu_aval": 0.0, "utsu_Minfl": 0.0, "Shape_Leng": 6.2760425739499999, "Shape_Area": 2.0378654967699998 }, "geometry": { "type": "Polygon", "coordinates": [ [ [ 20.982299999845168, 39.061999999700276 ], [ 21.075920694684385, 38.167606554998542 ], [ 19.380082591438509, 37.481274152480182 ], [ 19.676137350458418, 38.651135643395264 ], [ 20.347986357584375, 39.425082110351184 ], [ 21.172135555911211, 39.510597486285008 ], [ 20.982299999845168, 39.061999999700276 ] ] ] } },
{ "type": "Feature", "properties": { "ZONE_ID": "GRAS253", "areakm2": 18574.7558665, "tctCluster": "Shallow Default", "CSZ_ID": "SZ22", "TECTO_ID": "TSZ082", "magScaleRe": "WC1994", "SS": 40.0, "NF": 60.0, "TF": 0.0, "MINDEPTH": 0.0, "MAXDEPTH": 20.0, "HYPODEPTH1": 2.0, "HYPODEPTH2": 10.0, "HYPODEPTH3": 18.0, "WHDEPTH1": 0.1, "WHDEPTH2": 0.4, "WHDEPTH3": 0.5, "WMAXMAG01": 0.5, "WMAXMAG02": 0.4, "WMAXMAG03": 0.1, "MAXMAG01": 7.9, "MAXMAG02": 8.2, "MAXMAG03": 8.5, "STRIKE1": 59.750273, "STRIKE2": 0.0, "STRIKE3": 221.52187, "STRIKE4": 304.452917, "DIP1": 71.687636, "DIP2": 0.0, "DIP3": 68.0383, "DIP4": 73.287958, "aspRatio": 1.0, "mfd_bin": 0.2, "a_val": 3.85, "a_hi": 3.8672810337299999, "a_mid": 3.8498599839000001, "a_lo": 3.8324389340799998, "sigma_a": 0.0420622578338, "b_val": 0.866, "b_hi": 0.89621164654499996, "b_mid": 0.866, "b_lo": 0.83578835345500002, "sigma_b": 0.0089897980812399993, "cum_cov_ab": 0.054321, "MCORNERP1": 7.8, "MCORNERP2": 8.0, "MCORNERP3": 8.2, "MAXMAGP1": 8.0, "MAXMAGP2": 8.2, "utsu_bval2": 0.0, "utsu_aval": 0.0, "utsu_Minfl": 0.0, "Shape_Leng": 5.53462703762, "Shape_Area": 1.4190022426 }, "geometry": { "type": "Polygon", "coordinates": [ [ [ 22.886375334154422, 40.095075897934407 ], [ 24.049184793943141, 40.100991385643965 ], [ 24.655166520018952, 40.337830419438376 ], [ 25.169463789822089, 39.967988997993928 ], [ 23.792100000114942, 39.201000000249849 ], [ 23.428100000015036, 39.09979999997006 ], [ 23.250000000399723, 39.450000000399768 ], [ 22.886375334154422, 40.095075897934407 ] ] ] } },
{ "type": "Feature", "properties": { "ZONE_ID": "GRAS255", "areakm2": 67077.127398800003, "tctCluster": "Shallow Default", "CSZ_ID": "SZ22", "TECTO_ID": "TSZ095", "magScaleRe": "WC1994", "SS": 25.0, "NF": 50.0, "TF": 25.0, "MINDEPTH": 0.0, "MAXDEPTH": 20.0, "HYPODEPTH1": 2.0, "HYPODEPTH2": 10.0, "HYPODEPTH3": 18.0, "WHDEPTH1": 0.1, "WHDEPTH2": 0.4, "WHDEPTH3": 0.5, "WMAXMAG01": 0.5, "WMAXMAG02": 0.4, "WMAXMAG03": 0.1, "MAXMAG01": 6.9, "MAXMAG02": 7.2, "MAXMAG03": 7.5, "STRIKE1": 73.74905, "STRIKE2": 109.974, "STRIKE3": 222.683648, "STRIKE4": 293.419125, "DIP1": 63.2464, "DIP2": 63.868422, "DIP3": 66.773338, "DIP4": 52.738125, "aspRatio": 1.0, "mfd_bin": 0.2, "a_val": 5.3599, "a_hi": 5.3661701831100004, "a_mid": 5.3602157009600004, "a_lo": 5.3542612187999996, "sigma_a": 0.01, "b_val": 1.08, "b_hi": 1.1118639364, "b_mid": 1.08, "b_lo": 1.0481360636, "sigma_b": 0.01, "cum_cov_ab": 0.054321, "MCORNERP1": 6.0, "MCORNERP2": 6.2, "MCORNERP3": 6.4, "MAXMAGP1": 6.4, "MAXMAGP2": 6.6, "utsu_bval2": 0.0, "utsu_aval": 0.0, "utsu_Minfl": 0.0, "Shape_Leng": 10.9815900527, "Shape_Area": 3.8720695526700002 }, "geometry": { "type": "Polygon", "coordinates": [ [ [ 26.401917948554512, 35.619844241518592 ], [ 26.709058000226605, 35.747821999985376 ], [ 27.463306275564207, 36.043084401424039 ], [ 28.084725927559532, 35.567301629766462 ], [ 26.793638985950508, 34.852321827090691 ], [ 25.057869553936825, 34.63296634951746 ], [ 23.779885466541089, 34.804635853861612 ], [ 23.064492866053001, 35.230867814498083 ], [ 23.263214688007508, 35.523044639298689 ], [ 23.968596210846499, 35.889101587668165 ], [ 24.290499999975054, 35.59860000018989 ], [ 25.356299999845191, 35.481499999625328 ], [ 26.401917948554512, 35.619844241518592 ] ] ] } },
{ "type": "Feature", "properties": { "ZONE_ID": "GRAS256", "areakm2": 31604.345077400001, "tctCluster": "Shallow Default", "CSZ_ID": "SZ22", "TECTO_ID": "TSZ025", "magScaleRe": "WC1994", "SS": 20.0, "NF": 60.0, "TF": 20.0, "MINDEPTH": 0.0, "MAXDEPTH": 20.0, "HYPODEPTH1": 2.0, "HYPODEPTH2": 10.0, "HYPODEPTH3": 18.0, "WHDEPTH1": 0.1, "WHDEPTH2": 0.4, "WHDEPTH3": 0.5, "WMAXMAG01": 0.5, "WMAXMAG02": 0.4, "WMAXMAG03": 0.1, "MAXMAG01": 7.2, "MAXMAG02": 7.5, "MAXMAG03": 7.8, "STRIKE1": 39.344388, "STRIKE2": 92.365889, "STRIKE3": 256.624167, "STRIKE4": 322.880524, "DIP1": 69.130857, "DIP2": 50.611778, "DIP3": 83.041167, "DIP4": 33.168351, "aspRatio": 1.0, "mfd_bin": 0.2, "a_val": 3.26, "a_hi": 3.2969489044600002, "a_mid": 3.2596191826099998, "a_lo": 3.2222894607599999, "sigma_a": 0.086236468261300006, "b_val": 0.85, "b_hi": 0.906999942251, "b_mid": 0.85, "b_lo": 0.79300005774899995, "sigma_b": 0.032, "cum_cov_ab": 0.054321, "MCORNERP1": 6.9, "MCORNERP2": 7.1, "MCORNERP3": 7.3, "MAXMAGP1": 7.2, "MAXMAGP2": 7.4, "utsu_bval2": 0.0, "utsu_aval": 0.0, "utsu_Minfl": 0.0, "Shape_Leng": 5.1598089703900003, "Shape_Area": 1.51988728439 }, "geometry": { "type": "Polygon", "coordinates": [ [ [ 19.062236726843537, 40.587654791235707 ], [ 20.347986357584375, 39.425082110351184 ], [ 19.676137350458418, 38.651135643395264 ], [ 18.689981818206377, 39.703601079626196 ], [ 19.062236726843537, 40.587654791235707 ] ] ] } },
{ "type": "Feature", "properties": { "ZONE_ID": "GRAS257", "areakm2": 12385.095865400001, "tctCluster": "Shallow Default", "CSZ_ID": "SZ22", "TECTO_ID": "TSZ079", "magScaleRe": "WC1994", "SS": 35.0, "NF": 15.0, "TF": 50.0, "MINDEPTH": 0.0, "MAXDEPTH": 20.0, "HYPODEPTH1": 2.0, "HYPODEPTH2": 10.0, "HYPODEPTH3": 18.0, "WHDEPTH1": 0.1, "WHDEPTH2": 0.4, "WHDEPTH3": 0.5, "WMAXMAG01": 0.5, "WMAXMAG02": 0.4, "WMAXMAG03": 0.1, "MAXMAG01": 7.3, "MAXMAG02": 7.6, "MAXMAG03": 7.9, "STRIKE1": 0.0, "STRIKE2": 160.931141, "STRIKE3": 197.081429, "STRIKE4": 329.110867, "DIP1": 54.754014, "DIP2": 54.754014, "DIP3": 57.273286, "DIP4": 54.092433, "aspRatio": 1.0, "mfd_bin": 0.2, "a_val": 4.29, "a_hi": 4.2957061276699999, "a_mid": 4.2898321308099998, "a_lo": 4.2839581339399997, "sigma_a": 0.01, "b_val": 1.02, "b_hi": 1.0518639364, "b_mid": 1.02, "b_lo": 0.98813606360399997, "sigma_b": 0.01, "cum_cov_ab": 0.054321, "MCORNERP1": 6.6, "MCORNERP2": 6.8, "MCORNERP3": 7.0, "MAXMAGP1": 7.0, "MAXMAGP2": 7.0, "utsu_bval2": 0.0, "utsu_aval": 0.0, "utsu_Minfl": 0.0, "Shape_Leng": 3.94364646419, "Shape_Area": 0.72239184700100001 }, "geometry": { "type": "Polygon", "coordinates": [ [ [ 21.500000000299849, 38.499999999600334 ], [ 21.816392000190717, 37.999999999700265 ], [ 21.243764515420082, 37.510664849503257 ], [ 21.075920694684385, 38.167606554998542 ], [ 20.982299999845168, 39.061999999700276 ], [ 21.500000000299849, 39.000000000399723 ], [ 21.500000000299849, 38.499999999600334 ] ] ] } },
{ "type": "Feature", "properties": { "ZONE_ID": "GRAS259", "areakm2": 23185.099694299999, "tctCluster": "Shallow Default", "CSZ_ID": "SZ22", "TECTO_ID": "TSZ024", "magScaleRe": "WC1994", "SS": 25.0, "NF": 50.0, "TF": 25.0, "MINDEPTH": 0.0, "MAXDEPTH": 20.0, "HYPODEPTH1": 2.0, "HYPODEPTH2": 10.0, "HYPODEPTH3": 18.0, "WHDEPTH1": 0.1, "WHDEPTH2": 0.4, "WHDEPTH3": 0.5, "WMAXMAG01": 0.5, "WMAXMAG02": 0.4, "WMAXMAG03": 0.1, "MAXMAG01": 7.0, "MAXMAG02": 7.3, "MAXMAG03": 7.6, "STRIKE1": 57.718102, "STRIKE2": 0.0, "STRIKE3": 246.245158, "STRIKE4": 0.0, "DIP1": 56.013216, "DIP2": 0.0, "DIP3": 56.349592, "DIP4": 0.0, "aspRatio": 1.0, "mfd_bin": 0.2, "a_val": 5.76, "a_hi": 5.7656195936600003, "a_mid": 5.759706513, "a_lo": 5.7537934323400002, "sigma_a": 0.01, "b_val": 1.29, "b_hi": 1.3218639364, "b_mid": 1.29, "b_lo": 1.2581360636000001, "sigma_b": 0.01, "cum_cov_ab": 0.054321, "MCORNERP1": 6.8, "MCORNERP2": 7.0, "MCORNERP3": 7.2, "MAXMAGP1": 7.0, "MAXMAGP2": 7.0, "utsu_bval2": 0.0, "utsu_aval": 0.0, "utsu_Minfl": 0.0, "Shape_Leng": 7.8745444526200004, "Shape_Area": 2.0344751749299999 }, "geometry": { "type": "Polygon", "coordinates": [ [ [ 26.500000000199918, 36.300000000399734 ], [ 25.475041576107913, 35.946822286219572 ], [ 23.968596210846499, 35.889101587668165 ], [ 24.388999999850171, 36.250999999850137 ], [ 24.751199999680296, 36.710299999745246 ], [ 25.024313525448918, 36.905003103110744 ], [ 25.21420000022988, 36.782499999975073 ], [ 26.108499999975095, 36.888400000259878 ], [ 26.500000000199918, 37.103106999988086 ], [ 26.913500999671442, 37.178685999559264 ], [ 27.44256199973654, 37.022531000205561 ], [ 26.635346000417655, 36.647142000103258 ], [ 26.500000000199918, 36.300000000399734 ] ] ] } },
{ "type": "Feature", "properties": { "ZONE_ID": "GRAS262", "areakm2": 28512.935894400001, "tctCluster": "Shallow Default", "CSZ_ID": "SZ22", "TECTO_ID": "TSZ024", "magScaleRe": "WC1994", "SS": 25.0, "NF": 50.0, "TF": 25.0, "MINDEPTH": 0.0, "MAXDEPTH": 20.0, "HYPODEPTH1": 2.0, "HYPODEPTH2": 10.0, "HYPODEPTH3": 18.0, "WHDEPTH1": 0.1, "WHDEPTH2": 0.4, "WHDEPTH3": 0.5, "WMAXMAG01": 0.5, "WMAXMAG02": 0.4, "WMAXMAG03": 0.1, "MAXMAG01": 7.0, "MAXMAG02": 7.3, "MAXMAG03": 7.6, "STRIKE1": 73.230778, "STRIKE2": 93.897333, "STRIKE3": 245.273667, "STRIKE4": 282.050676, "DIP1": 57.839349, "DIP2": 57.882, "DIP3": 59.106095, "DIP4": 56.867757, "aspRatio": 1.0, "mfd_bin": 0.2, "a_val": 4.0310164069100001, "a_hi": 4.0609645995200001, "a_mid": 4.0309715092999996, "a_lo": 4.00097841908, "sigma_a": 0.063787900473099998, "b_val": 1.07725808806, "b_hi": 1.1144888494, "b_mid": 1.07725808806, "b_lo": 1.04002732672, "sigma_b": 0.0136522735483, "cum_cov_ab": 0.054321, "MCORNERP1": 6.4, "MCORNERP2": 6.6, "MCORNERP3": 6.8, "MAXMAGP1": 6.6, "MAXMAGP2": 6.8, "utsu_bval2": 0.0, "utsu_aval": 0.0, "utsu_Minfl": 0.0, "Shape_Leng": 5.5181209679899998, "Shape_Area": 1.4445159598899999 }, "geometry": { "type": "Polygon", "coordinates": [ [ [ 24.644400000159919, 37.15009999971528 ], [ 25.024313525448918, 36.905003103110744 ], [ 24.751199999680296, 36.710299999745246 ], [ 24.388999999850171, 36.250999999850137 ], [ 23.968596210846499, 35.889101587668165 ], [ 23.547636999647864, 36.508360999760384 ], [ 22.969559181710906, 37.477045715587337 ], [ 23.486754703866552, 37.299359012908155 ], [ 24.644400000159919, 37.15009999971528 ] ] ] } },
{ "type": "Feature", "properties": { "ZONE_ID": "GRAS263", "areakm2": 13176.6422047, "tctCluster": "Shallow Default", "CSZ_ID": "SZ22", "TECTO_ID": "TSZ020", "magScaleRe": "WC1994", "SS": 20.0, "NF": 60.0, "TF": 20.0, "MINDEPTH": 0.0, "MAXDEPTH": 20.0, "HYPODEPTH1": 2.0, "HYPODEPTH2": 10.0, "HYPODEPTH3": 18.0, "WHDEPTH1": 0.1, "WHDEPTH2": 0.4, "WHDEPTH3": 0.5, "WMAXMAG01": 0.5, "WMAXMAG02": 0.4, "WMAXMAG03": 0.1, "MAXMAG01": 7.3, "MAXMAG02": 7.6, "MAXMAG03": 7.9, "STRIKE1": 67.568, "STRIKE2": 116.852962, "STRIKE3": 265.121333, "STRIKE4": 281.646, "DIP1": 69.915, "DIP2": 62.721346, "DIP3": 50.506667, "DIP4": 51.64025, "aspRatio": 1.0, "mfd_bin": 0.2, "a_val": 3.55, "a_hi": 3.61708874742, "a_mid": 3.5501912332900001, "a_lo": 3.4832937191500002, "sigma_a": 0.10343062488099999, "b_val": 0.91, "b_hi": 0.957606132572, "b_mid": 0.91, "b_lo": 0.86239386742799995, "sigma_b": 0.022321683725299999, "cum_cov_ab": 0.054321, "MCORNERP1": 6.4, "MCORNERP2": 6.6, "MCORNERP3": 6.8, "MAXMAGP1": 6.8, "MAXMAGP2": 7.0, "utsu_bval2": 0.0, "utsu_aval": 0.0, "utsu_Minfl": 0.0, "Shape_Leng": 5.1543356877699997, "Shape_Area": 0.95271237912899998 }, "geometry": { "type": "Polygon", "coordinates": [ [ [ 21.747151953000298, 39.900000000399757 ], [ 22.189717384449807, 40.022142826130562 ], [ 22.398332356852848, 40.196169294377512 ], [ 22.673279706393373, 40.44806882391714 ], [ 22.886375334154422, 40.095075897934407 ], [ 23.250000000399723, 39.450000000399768 ], [ 21.762111159902133, 39.58837257633337 ], [ 21.172135555911211, 39.510597486285008 ], [ 21.322610930949736, 39.861923079086864 ], [ 21.747151953000298, 39.900000000399757 ] ] ] } },
{ "type": "Feature", "properties": { "ZONE_ID": "GRAS264", "areakm2": 26053.432753500001, "tctCluster": "Shallow Default", "CSZ_ID": "SZ22", "TECTO_ID": "TSZ095", "magScaleRe": "WC1994", "SS": 20.0, "NF": 75.0, "TF": 5.0, "MINDEPTH": 0.0, "MAXDEPTH": 20.0, "HYPODEPTH1": 2.0, "HYPODEPTH2": 10.0, "HYPODEPTH3": 18.0, "WHDEPTH1": 0.1, "WHDEPTH2": 0.4, "WHDEPTH3": 0.5, "WMAXMAG01": 0.5, "WMAXMAG02": 0.4, "WMAXMAG03": 0.1, "MAXMAG01": 6.9, "MAXMAG02": 7.2, "MAXMAG03": 7.5, "STRIKE1": 50.68201, "STRIKE2": 113.109812, "STRIKE3": 244.682748, "STRIKE4": 285.745358, "DIP1": 64.153545, "DIP2": 60.100937, "DIP3": 60.485761, "DIP4": 54.208657, "aspRatio": 1.0, "mfd_bin": 0.2, "a_val": 5.1289, "a_hi": 5.1347274351600003, "a_mid": 5.1288541438299999, "a_lo": 5.1229808524899996, "sigma_a": 0.01, "b_val": 1.193, "b_hi": 1.2248639364, "b_mid": 1.193, "b_lo": 1.1611360636000001, "sigma_b": 0.01, "cum_cov_ab": 0.054321, "MCORNERP1": 6.0, "MCORNERP2": 6.2, "MCORNERP3": 6.4, "MAXMAGP1": 6.4, "MAXMAGP2": 6.6, "utsu_bval2": 0.0, "utsu_aval": 0.0, "utsu_Minfl": 0.0, "Shape_Leng": 7.2918958244600001, "Shape_Area": 1.38661027005 }, "geometry": { "type": "Polygon", "coordinates": [ [ [ 25.475041576107913, 35.946822286219572 ], [ 26.500000000199918, 36.300000000399734 ], [ 27.463306275564207, 36.043084401424039 ], [ 26.709058000226605, 35.747821999985376 ], [ 26.401917948554512, 35.619844241518592 ], [ 25.356299999845191, 35.481499999625328 ], [ 24.290499999975054, 35.59860000018989 ], [ 23.968596210846499, 35.889101587668165 ], [ 25.475041576107913, 35.946822286219572 ] ] ] } },
{ "type": "Feature", "properties": { "ZONE_ID": "GRAS266", "areakm2": 24698.733211399998, "tctCluster": "Shallow Default", "CSZ_ID": "SZ22", "TECTO_ID": "TSZ078", "magScaleRe": "WC1994", "SS": 25.0, "NF": 50.0, "TF": 25.0, "MINDEPTH": 0.0, "MAXDEPTH": 20.0, "HYPODEPTH1": 2.0, "HYPODEPTH2": 10.0, "HYPODEPTH3": 18.0, "WHDEPTH1": 0.1, "WHDEPTH2": 0.4, "WHDEPTH3": 0.5, "WMAXMAG01": 0.5, "WMAXMAG02": 0.4, "WMAXMAG03": 0.1, "MAXMAG01": 7.0, "MAXMAG02": 7.3, "MAXMAG03": 7.6, "STRIKE1": 50.786882, "STRIKE2": 116.653104, "STRIKE3": 248.04414, "STRIKE4": 318.021659, "DIP1": 54.111706, "DIP2": 52.67326, "DIP3": 56.645442, "DIP4": 55.237734, "aspRatio": 1.0, "mfd_bin": 0.2, "a_val": 3.9, "a_hi": 3.9091700216900001, "a_mid": 3.90017509727, "a_lo": 3.89118017286, "sigma_a": 0.035554353839900001, "b_val": 0.85, "b_hi": 0.89030504569299995, "b_mid": 0.85, "b_lo": 0.809694954307, "sigma_b": 0.016, "cum_cov_ab": 0.054321, "MCORNERP1": 6.4, "MCORNERP2": 6.6, "MCORNERP3": 6.8, "MAXMAGP1": 6.8, "MAXMAGP2": 7.0, "utsu_bval2": 0.0, "utsu_aval": 0.0, "utsu_Minfl": 0.0, "Shape_Leng": 7.6044093253599998, "Shape_Area": 3.0405978078899998 }, "geometry": { "type": "Polygon", "coordinates": [ [ [ 22.298399999560388, 36.403300000394779 ], [ 21.243764515420082, 37.510664849503257 ], [ 21.816392000190717, 37.999999999700265 ], [ 22.350000000399746, 37.999999999700265 ], [ 22.969559181710906, 37.477045715587337 ], [ 23.547636999647864, 36.508360999760384 ], [ 23.968596210846499, 35.889101587668165 ], [ 23.263214688007508, 35.523044639298689 ], [ 22.298399999560388, 36.403300000394779 ] ] ] } },
{ "type": "Feature", "properties": { "ZONE_ID": "GRAS267", "areakm2": 28075.299744899999, "tctCluster": "Shallow Default", "CSZ_ID": "SZ22", "TECTO_ID": "TSZ078", "magScaleRe": "WC1994", "SS": 35.0, "NF": 15.0, "TF": 50.0, "MINDEPTH": 0.0, "MAXDEPTH": 20.0, "HYPODEPTH1": 2.0, "HYPODEPTH2": 10.0, "HYPODEPTH3": 18.0, "WHDEPTH1": 0.1, "WHDEPTH2": 0.4, "WHDEPTH3": 0.5, "WMAXMAG01": 0.5, "WMAXMAG02": 0.4, "WMAXMAG03": 0.1, "MAXMAG01": 6.9, "MAXMAG02": 7.2, "MAXMAG03": 7.5, "STRIKE1": 13.332364, "STRIKE2": 149.792115, "STRIKE3": 192.04875, "STRIKE4": 336.596786, "DIP1": 59.314545, "DIP2": 58.587049, "DIP3": 67.58325, "DIP4": 60.8245, "aspRatio": 1.0, "mfd_bin": 0.2, "a_val": 4.0900782330599998, "a_hi": 4.1076725641299996, "a_mid": 4.0899746651699997, "a_lo": 4.0722767662, "sigma_a": 0.048177487456100003, "b_val": 0.90623085462200004, "b_hi": 0.93806002039000003, "b_mid": 0.90623085462200004, "b_lo": 0.87440168885299996, "sigma_b": 0.0099781874678900005, "cum_cov_ab": 0.054321, "MCORNERP1": 6.3, "MCORNERP2": 6.5, "MCORNERP3": 6.7, "MAXMAGP1": 6.8, "MAXMAGP2": 7.0, "utsu_bval2": 0.0, "utsu_aval": 0.0, "utsu_Minfl": 0.0, "Shape_Leng": 6.68314965194, "Shape_Area": 1.4692952780299999 }, "geometry": { "type": "Polygon", "coordinates": [ [ [ 23.064492866053001, 35.230867814498083 ], [ 21.866300864593256, 36.024698774828664 ], [ 20.845818093830019, 37.163689253156576 ], [ 21.243764515420082, 37.510664849503257 ], [ 22.298399999560388, 36.403300000394779 ], [ 23.263214688007508, 35.523044639298689 ], [ 23.064492866053001, 35.230867814498083 ] ] ] } },
{ "type": "Feature", "properties": { "ZONE_ID": "GRAS268", "areakm2": 90333.484559799996, "tctCluster": "Shallow Default", "CSZ_ID": "SZ32", "TECTO_ID": "TSZ045", "magScaleRe": "WC1994", "SS": 35.0, "NF": 15.0, "TF": 50.0, "MINDEPTH": 0.0, "MAXDEPTH": 50.0, "HYPODEPTH1": 2.0, "HYPODEPTH2": 10.0, "HYPODEPTH3": 18.0, "WHDEPTH1": 0.1, "WHDEPTH2": 0.4, "WHDEPTH3": 0.5, "WMAXMAG01": 0.5, "WMAXMAG02": 0.4, "WMAXMAG03": 0.1, "MAXMAG01": 6.9, "MAXMAG02": 7.2, "MAXMAG03": 7.5, "STRIKE1": 0.0, "STRIKE2": 0.0, "STRIKE3": 0.0, "STRIKE4": 0.0, "DIP1": 89.99, "DIP2": 0.0, "DIP3": 0.0, "DIP4": 0.0, "aspRatio": 1.0, "mfd_bin": 0.2, "a_val": 6.1094689839400003, "a_hi": 6.1191941187800003, "a_mid": 6.1093778741499998, "a_lo": 6.0995616295200001, "sigma_a": 0.0424285184082, "b_val": 1.18680541228, "b_hi": 1.2167327884900001, "b_mid": 1.18680541228, "b_lo": 1.1568780360699999, "sigma_b": 0.0088214186425899996, "cum_cov_ab": 0.054321, "MCORNERP1": 6.3, "MCORNERP2": 6.5, "MCORNERP3": 6.7, "MAXMAGP1": 6.8, "MAXMAGP2": 7.0, "utsu_bval2": 0.0, "utsu_aval": 0.0, "utsu_Minfl": 0.0, "Shape_Leng": 22.9899405508, "Shape_Area": 12.865079033300001 }, "geometry": { "type": "Polygon", "coordinates": [ [ [ 25.734912957966685, 33.127124911385579 ], [ 23.238955596323763, 33.418990892715556 ], [ 21.920526506293299, 34.012787200768742 ], [ 23.064492866053001, 35.230867814498083 ], [ 23.779885466541089, 34.804635853861612 ], [ 25.057869553936825, 34.63296634951746 ], [ 26.793638985950508, 34.852321827090691 ], [ 28.084725927559532, 35.567301629766462 ], [ 28.544366420673839, 35.821841938454725 ], [ 28.627551688259871, 35.232568740055342 ], [ 30.39192932617749, 35.675205297986167 ], [ 32.011496088573665, 36.05185123464679 ], [ 31.861582487641726, 35.452617442940664 ], [ 31.106412945900786, 34.750741753529155 ], [ 28.795728447909596, 34.409687448217198 ], [ 27.385465406403455, 33.358604827550778 ], [ 25.734912957966685, 33.127124911385579 ] ] ] } },
{ "type": "Feature", "properties": { "ZONE_ID": "GRAS269", "areakm2": 7864.2700449399999, "tctCluster": "Shallow Default", "CSZ_ID": "SZ22", "TECTO_ID": "TSZ034", "magScaleRe": "WC1994", "SS": 20.0, "NF": 75.0, "TF": 5.0, "MINDEPTH": 0.0, "MAXDEPTH": 20.0, "HYPODEPTH1": 2.0, "HYPODEPTH2": 10.0, "HYPODEPTH3": 18.0, "WHDEPTH1": 0.1, "WHDEPTH2": 0.4, "WHDEPTH3": 0.5, "WMAXMAG01": 0.5, "WMAXMAG02": 0.4, "WMAXMAG03": 0.1, "MAXMAG01": 7.0, "MAXMAG02": 7.3, "MAXMAG03": 7.6, "STRIKE1": 52.101163, "STRIKE2": 147.945, "STRIKE3": 0.0, "STRIKE4": 0.0, "DIP1": 68.917326, "DIP2": 63.577632, "DIP3": 0.0, "DIP4": 0.0, "aspRatio": 1.0, "mfd_bin": 0.2, "a_val": 3.9144494701700001, "a_hi": 3.9580041335599998, "a_mid": 3.9146380492200001, "a_lo": 3.87127196487, "sigma_a": 0.092028126057999995, "b_val": 0.95083843723999995, "b_hi": 0.99538046245099998, "b_mid": 0.95083843723999995, "b_lo": 0.90629641203, "sigma_b": 0.0195407426781, "cum_cov_ab": 0.054321, "MCORNERP1": 6.1, "MCORNERP2": 6.3, "MCORNERP3": 6.5, "MAXMAGP1": 6.4, "MAXMAGP2": 6.6, "utsu_bval2": 0.0, "utsu_aval": 0.0, "utsu_Minfl": 0.0, "Shape_Leng": 4.54364002238, "Shape_Area": 1.0043744301799999 }, "geometry": { "type": "Polygon", "coordinates": [ [ [ 25.471428010194586, 38.097446232457742 ], [ 24.155451245478673, 38.166447493457099 ], [ 25.478749098691992, 39.18623932858219 ], [ 26.005158945029336, 38.876739788610394 ], [ 25.471428010194586, 38.097446232457742 ] ] ] } },
{ "type": "Feature", "properties": { "ZONE_ID": "GRAS270", "areakm2": 5817.7411368200001, "tctCluster": "Shallow Default", "CSZ_ID": "SZ22", "TECTO_ID": "TSZ020", "magScaleRe": "WC1994", "SS": 20.0, "NF": 60.0, "TF": 20.0, "MINDEPTH": 0.0, "MAXDEPTH": 20.0, "HYPODEPTH1": 2.0, "HYPODEPTH2": 10.0, "HYPODEPTH3": 18.0, "WHDEPTH1": 0.1, "WHDEPTH2": 0.4, "WHDEPTH3": 0.5, "WMAXMAG01": 0.5, "WMAXMAG02": 0.4, "WMAXMAG03": 0.1, "MAXMAG01": 7.3, "MAXMAG02": 7.6, "MAXMAG03": 7.9, "STRIKE1": 53.254556, "STRIKE2": 101.62625, "STRIKE3": 228.099333, "STRIKE4": 286.981, "DIP1": 53.563968, "DIP2": 51.35975, "DIP3": 51.852293, "DIP4": 48.603615, "aspRatio": 1.0, "mfd_bin": 0.2, "a_val": 4.15, "a_hi": 4.2165244129300001, "a_mid": 4.1501620251000002, "a_lo": 4.0837996372700003, "sigma_a": 0.12601852180600001, "b_val": 1.07, "b_hi": 1.12499323675, "b_mid": 1.07, "b_lo": 1.0150067632499999, "sigma_b": 0.0297865161294, "cum_cov_ab": 0.054321, "MCORNERP1": 6.4, "MCORNERP2": 6.6, "MCORNERP3": 6.8, "MAXMAGP1": 6.6, "MAXMAGP2": 6.8, "utsu_bval2": 0.0, "utsu_aval": 0.0, "utsu_Minfl": 0.0, "Shape_Leng": 2.83626687274, "Shape_Area": 0.46947445986000003 }, "geometry": { "type": "Polygon", "coordinates": [ [ [ 22.111656647236543, 40.682448398974486 ], [ 21.909458769306809, 40.49063105457958 ], [ 21.454098485256964, 40.323096284965629 ], [ 21.148303561260377, 40.211456868040102 ], [ 21.06000000009999, 40.389999999600377 ], [ 21.077474802320296, 40.727641369653554 ], [ 21.274173000383712, 40.74991700026942 ], [ 21.533782999685741, 40.981810000231405 ], [ 21.882063330658241, 40.87370077397162 ], [ 22.111656647236543, 40.682448398974486 ] ] ] } },
{ "type": "Feature", "properties": { "ZONE_ID": "GRAS271", "areakm2": 6095.1639863099999, "tctCluster": "Shallow Default", "CSZ_ID": "SZ22", "TECTO_ID": "TSZ020", "magScaleRe": "WC1994", "SS": 40.0, "NF": 60.0, "TF": 0.0, "MINDEPTH": 0.0, "MAXDEPTH": 20.0, "HYPODEPTH1": 2.0, "HYPODEPTH2": 10.0, "HYPODEPTH3": 18.0, "WHDEPTH1": 0.1, "WHDEPTH2": 0.4, "WHDEPTH3": 0.5, "WMAXMAG01": 0.5, "WMAXMAG02": 0.4, "WMAXMAG03": 0.1, "MAXMAG01": 7.3, "MAXMAG02": 7.6, "MAXMAG03": 7.9, "STRIKE1": 61.092551, "STRIKE2": 103.421609, "STRIKE3": 257.561813, "STRIKE4": 289.296625, "DIP1": 62.870592, "DIP2": 58.350739, "DIP3": 48.136687, "DIP4": 54.211857, "aspRatio": 1.0, "mfd_bin": 0.2, "a_val": 3.2038719643200002, "a_hi": 3.2171768419500002, "a_mid": 3.2039061407, "a_lo": 3.1906354394499998, "sigma_a": 0.038338044715300001, "b_val": 0.91315620206400006, "b_hi": 0.94256796754899996, "b_mid": 0.91315620206400006, "b_lo": 0.88374443657799995, "sigma_b": 0.0085200733943300005, "cum_cov_ab": 0.054321, "MCORNERP1": 6.2, "MCORNERP2": 6.4, "MCORNERP3": 6.6, "MAXMAGP1": 6.6, "MAXMAGP2": 6.6, "utsu_bval2": 0.0, "utsu_aval": 0.0, "utsu_Minfl": 0.0, "Shape_Leng": 3.1858311068799998, "Shape_Area": 0.53341167484899998 }, "geometry": { "type": "Polygon", "coordinates": [ [ [ 22.111656647236543, 40.682448398974486 ], [ 21.882063330658241, 40.87370077397162 ], [ 21.533782999685741, 40.981810000231405 ], [ 21.782133899759742, 41.199999999600379 ], [ 22.204820951425802, 41.297838415910235 ], [ 22.63807645806213, 41.132888482217709 ], [ 22.673279706393373, 40.44806882391714 ], [ 22.371630740666205, 40.57604111270723 ], [ 22.111656647236543, 40.682448398974486 ] ] ] } },
{ "type": "Feature", "properties": { "ZONE_ID": "GRAS272", "areakm2": 17653.548176699998, "tctCluster": "Shallow Default", "CSZ_ID": "SZ22", "TECTO_ID": "TSZ079", "magScaleRe": "WC1994", "SS": 20.0, "NF": 60.0, "TF": 20.0, "MINDEPTH": 0.0, "MAXDEPTH": 20.0, "HYPODEPTH1": 2.0, "HYPODEPTH2": 10.0, "HYPODEPTH3": 18.0, "WHDEPTH1": 0.1, "WHDEPTH2": 0.4, "WHDEPTH3": 0.5, "WMAXMAG01": 0.5, "WMAXMAG02": 0.4, "WMAXMAG03": 0.1, "MAXMAG01": 7.3, "MAXMAG02": 7.6, "MAXMAG03": 7.8, "STRIKE1": 84.6065, "STRIKE2": 100.107471, "STRIKE3": 244.593526, "STRIKE4": 290.959553, "DIP1": 50.405675, "DIP2": 54.044265, "DIP3": 55.690421, "DIP4": 50.027298, "aspRatio": 1.0, "mfd_bin": 0.2, "a_val": 4.1, "a_hi": 4.1208398620700004, "a_mid": 4.0996827511199996, "a_lo": 4.0785256401799996, "sigma_a": 0.058383676901700002, "b_val": 0.97, "b_hi": 1.0139214052700001, "b_mid": 0.97, "b_lo": 0.92607859472800003, "sigma_b": 0.019, "cum_cov_ab": 0.054321, "MCORNERP1": 7.1, "MCORNERP2": 7.3, "MCORNERP3": 7.5, "MAXMAGP1": 7.4, "MAXMAGP2": 7.4, "utsu_bval2": 0.0, "utsu_aval": 0.0, "utsu_Minfl": 0.0, "Shape_Leng": 5.4214671592599997, "Shape_Area": 1.08772272845 }, "geometry": { "type": "Polygon", "coordinates": [ [ [ 21.762111159902133, 39.58837257633337 ], [ 23.250000000399723, 39.450000000399768 ], [ 23.428100000015036, 39.09979999997006 ], [ 21.500000000299849, 39.000000000399723 ], [ 20.982299999845168, 39.061999999700276 ], [ 21.172135555911211, 39.510597486285008 ], [ 21.762111159902133, 39.58837257633337 ] ] ] } },
{ "type": "Feature", "properties": { "ZONE_ID": "GRAS383", "areakm2": 19969.484766699999, "tctCluster": "Shallow Default", "CSZ_ID": "SZ22", "TECTO_ID": "TSZ079", "magScaleRe": "WC1994", "SS": 40.0, "NF": 60.0, "TF": 0.0, "MINDEPTH": 0.0, "MAXDEPTH": 20.0, "HYPODEPTH1": 2.0, "HYPODEPTH2": 10.0, "HYPODEPTH3": 18.0, "WHDEPTH1": 0.1, "WHDEPTH2": 0.4, "WHDEPTH3": 0.5, "WMAXMAG01": 0.5, "WMAXMAG02": 0.4, "WMAXMAG03": 0.1, "MAXMAG01": 7.3, "MAXMAG02": 7.6, "MAXMAG03": 7.9, "STRIKE1": 77.235375, "STRIKE2": 119.308, "STRIKE3": 251.883667, "STRIKE4": 287.630462, "DIP1": 51.71425, "DIP2": 54.170111, "DIP3": 59.094333, "DIP4": 52.927026, "aspRatio": 1.0, "mfd_bin": 0.2, "a_val": 3.0257331247299999, "a_hi": 3.17684646373, "a_mid": 3.02585468434, "a_lo": 2.8748629049400001, "sigma_a": 0.230843577099, "b_val": 0.82684455878200003, "b_hi": 0.89382998884599996, "b_mid": 0.82684455878200003, "b_lo": 0.75985912871799999, "sigma_b": 0.044193850986400003, "cum_cov_ab": 0.054321, "MCORNERP1": 7.2, "MCORNERP2": 7.4, "MCORNERP3": 7.6, "MAXMAGP1": 7.4, "MAXMAGP2": 7.6, "utsu_bval2": 0.0, "utsu_aval": 0.0, "utsu_Minfl": 0.0, "Shape_Leng": 3.1136370896700001, "Shape_Area": 0.42244233363200001 }, "geometry": { "type": "Polygon", "coordinates": [ [ [ 23.596665503310362, 37.932119519700109 ], [ 23.499999999900126, 37.999999999700265 ], [ 22.800000000399734, 38.499999999600334 ], [ 23.707461596275721, 38.562265478768893 ], [ 24.155451245478673, 38.166447493457099 ], [ 23.749599999840143, 38.080400000359759 ], [ 23.596665503310362, 37.932119519700109 ] ] ] } },
{ "type": "Feature", "properties": { "ZONE_ID": "HRAS273", "areakm2": 7983.70686673, "tctCluster": "Shallow Default", "CSZ_ID": "SZ34", "TECTO_ID": "TSZ055", "magScaleRe": "WC1994", "SS": 20.0, "NF": 60.0, "TF": 20.0, "MINDEPTH": 0.0, "MAXDEPTH": 12.0, "HYPODEPTH1": 2.0, "HYPODEPTH2": 8.0, "HYPODEPTH3": 10.0, "WHDEPTH1": 0.1, "WHDEPTH2": 0.4, "WHDEPTH3": 0.5, "WMAXMAG01": 0.5, "WMAXMAG02": 0.4, "WMAXMAG03": 0.1, "MAXMAG01": 6.9, "MAXMAG02": 7.2, "MAXMAG03": 7.5, "STRIKE1": 69.033586, "STRIKE2": 0.0, "STRIKE3": 240.543306, "STRIKE4": 325.751714, "DIP1": 57.59681, "DIP2": 0.0, "DIP3": 72.812694, "DIP4": 62.402, "aspRatio": 1.0, "mfd_bin": 0.2, "a_val": 3.4993, "a_hi": 3.52604348271, "a_mid": 3.4993867384500001, "a_lo": 3.4727299941799998, "sigma_a": 0.058047210647899999, "b_val": 0.912, "b_hi": 0.94702225163999998, "b_mid": 0.912, "b_lo": 0.87697774835999998, "sigma_b": 0.0120806214374, "cum_cov_ab": 0.054321, "MCORNERP1": 6.0, "MCORNERP2": 6.2, "MCORNERP3": 6.4, "MAXMAGP1": 6.4, "MAXMAGP2": 6.6, "utsu_bval2": 0.0, "utsu_aval": 0.0, "utsu_Minfl": 0.0, "Shape_Leng": 4.0368051299800003, "Shape_Area": 0.6442614723 }, "geometry": { "type": "Polygon", "coordinates": [ [ [ 15.024189000122306, 45.779120999734403 ], [ 16.056195152983946, 46.195564212218699 ], [ 16.489633999909245, 46.516843000404208 ], [ 16.725284999603105, 46.212522999636803 ], [ 16.430458000436431, 45.951520999994216 ], [ 16.023014999742486, 45.74484700018894 ], [ 15.507260999995196, 45.479045999573259 ], [ 15.024189000122306, 45.779120999734403 ] ] ] } },
{ "type": "Feature", "properties": { "ZONE_ID": "HRAS274", "areakm2": 11087.386118300001, "tctCluster": "Shallow Default", "CSZ_ID": "SZ34", "TECTO_ID": "TSZ105", "magScaleRe": "WC1994", "SS": 20.0, "NF": 60.0, "TF": 20.0, "MINDEPTH": 5.0, "MAXDEPTH": 26.0, "HYPODEPTH1": 6.0, "HYPODEPTH2": 10.0, "HYPODEPTH3": 18.0, "WHDEPTH1": 0.1, "WHDEPTH2": 0.4, "WHDEPTH3": 0.5, "WMAXMAG01": 0.5, "WMAXMAG02": 0.4, "WMAXMAG03": 0.1, "MAXMAG01": 6.3, "MAXMAG02": 6.6, "MAXMAG03": 6.9, "STRIKE1": 80.4448, "STRIKE2": 117.13175, "STRIKE3": 0.0, "STRIKE4": 286.558, "DIP1": 62.269657, "DIP2": 67.172103, "DIP3": 0.0, "DIP4": 75.593, "aspRatio": 1.0, "mfd_bin": 0.2, "a_val": 2.11, "a_hi": 2.1193250153799998, "a_mid": 2.11035068821, "a_lo": 2.1013763610499998, "sigma_a": 0.02, "b_val": 0.85, "b_hi": 0.88186393639600003, "b_mid": 0.85, "b_lo": 0.81813606360400004, "sigma_b": 0.01, "cum_cov_ab": 0.054321, "MCORNERP1": 6.0, "MCORNERP2": 6.2, "MCORNERP3": 6.4, "MAXMAGP1": 6.2, "MAXMAGP2": 6.4, "utsu_bval2": 0.0, "utsu_aval": 0.0, "utsu_Minfl": 0.0, "Shape_Leng": 6.1604839587200004, "Shape_Area": 0.89471918503500003 }, "geometry": { "type": "Polygon", "coordinates": [ [ [ 19.154987335697058, 45.99611663737295 ], [ 18.685268000118185, 45.408116000353175 ], [ 17.637788666114091, 45.802438554295918 ], [ 17.346261999891453, 45.943613000439655 ], [ 16.725284999603105, 46.212522999636803 ], [ 16.489633999909245, 46.516843000404208 ], [ 17.025988999992421, 46.577969999915638 ], [ 17.729152999711232, 46.095077000203446 ], [ 18.094482999990532, 45.85017900036064 ], [ 19.154987335697058, 45.99611663737295 ] ] ] } },
{ "type": "Feature", "properties": { "ZONE_ID": "HRAS275", "areakm2": 24473.593236500001, "tctCluster": "Shallow Default", "CSZ_ID": "SZ34", "TECTO_ID": "TSZ058", "magScaleRe": "WC1994", "SS": 30.0, "NF": 5.0, "TF": 65.0, "MINDEPTH": 0.0, "MAXDEPTH": 20.0, "HYPODEPTH1": 2.0, "HYPODEPTH2": 10.0, "HYPODEPTH3": 18.0, "WHDEPTH1": 0.1, "WHDEPTH2": 0.4, "WHDEPTH3": 0.5, "WMAXMAG01": 0.5, "WMAXMAG02": 0.4, "WMAXMAG03": 0.1, "MAXMAG01": 6.9, "MAXMAG02": 7.2, "MAXMAG03": 7.5, "STRIKE1": 0.0, "STRIKE2": 0.0, "STRIKE3": 0.0, "STRIKE4": 317.224152, "DIP1": 89.99, "DIP2": 0.0, "DIP3": 0.0, "DIP4": 36.830488, "aspRatio": 1.0, "mfd_bin": 0.2, "a_val": 3.95, "a_hi": 3.97386919169, "a_mid": 3.9497578092099999, "a_lo": 3.9256464267200002, "sigma_a": 0.061160526199699999, "b_val": 1.0, "b_hi": 1.04274995669, "b_mid": 1.0, "b_lo": 0.95725004331200003, "sigma_b": 0.018, "cum_cov_ab": 0.054321, "MCORNERP1": 6.5, "MCORNERP2": 6.7, "MCORNERP3": 6.9, "MAXMAGP1": 6.8, "MAXMAGP2": 7.0, "utsu_bval2": 0.0, "utsu_aval": 0.0, "utsu_Minfl": 0.0, "Shape_Leng": 10.7516201635, "Shape_Area": 2.5715675103 }, "geometry": { "type": "Polygon", "coordinates": [ [ [ 14.472861289816706, 44.740501404316433 ], [ 15.080546379511873, 44.268531799503023 ], [ 15.817869186413873, 43.742298125857872 ], [ 15.901231766133151, 43.70006179781376 ], [ 16.844384999767954, 43.504133000337731 ], [ 17.346627228963484, 43.223155736947774 ], [ 18.43979610960281, 42.635819043314257 ], [ 17.831934000054105, 42.42505799982689 ], [ 17.509590149266046, 42.449897765769322 ], [ 15.810892104786831, 43.197956084805526 ], [ 13.755765319414024, 44.632510679024676 ], [ 14.040059000122824, 44.921091999895907 ], [ 14.472861289816706, 44.740501404316433 ] ] ] } },
{ "type": "Feature", "properties": { "ZONE_ID": "HRAS276", "areakm2": 29771.5583467, "tctCluster": "Shallow Default", "CSZ_ID": "SZ34", "TECTO_ID": "TSZ028", "magScaleRe": "WC1994", "SS": 20.0, "NF": 60.0, "TF": 20.0, "MINDEPTH": 0.0, "MAXDEPTH": 16.0, "HYPODEPTH1": 2.0, "HYPODEPTH2": 10.0, "HYPODEPTH3": 14.0, "WHDEPTH1": 0.1, "WHDEPTH2": 0.4, "WHDEPTH3": 0.5, "WMAXMAG01": 0.5, "WMAXMAG02": 0.4, "WMAXMAG03": 0.1, "MAXMAG01": 6.9, "MAXMAG02": 7.2, "MAXMAG03": 7.5, "STRIKE1": 67.803889, "STRIKE2": 114.196, "STRIKE3": 0.0, "STRIKE4": 299.754299, "DIP1": 57.578222, "DIP2": 67.171, "DIP3": 0.0, "DIP4": 63.684577, "aspRatio": 1.0, "mfd_bin": 0.2, "a_val": 2.95, "a_hi": 3.00147932944, "a_mid": 2.9499718654199998, "a_lo": 2.8984644014100001, "sigma_a": 0.092652749107200005, "b_val": 0.83, "b_hi": 0.87478022529300004, "b_mid": 0.83, "b_lo": 0.785219774707, "sigma_b": 0.019750299938099999, "cum_cov_ab": 0.054321, "MCORNERP1": 6.5, "MCORNERP2": 6.7, "MCORNERP3": 6.9, "MAXMAGP1": 6.8, "MAXMAGP2": 7.0, "utsu_bval2": 0.0, "utsu_aval": 0.0, "utsu_Minfl": 0.0, "Shape_Leng": 7.2017169042800004, "Shape_Area": 2.4024764854699998 }, "geometry": { "type": "Polygon", "coordinates": [ [ [ 15.507260999995196, 45.479045999573259 ], [ 16.023014999742486, 45.74484700018894 ], [ 16.430458000436431, 45.951520999994216 ], [ 16.725284999603105, 46.212522999636803 ], [ 17.346261999891453, 45.943613000439655 ], [ 17.637788666114091, 45.802438554295918 ], [ 18.685268000118185, 45.408116000353175 ], [ 18.322050000107481, 45.102555999959463 ], [ 18.033728999693608, 45.102489999613852 ], [ 17.659032000026855, 45.045928000177128 ], [ 17.320049999807679, 44.661517999556111 ], [ 16.963222000395035, 44.754501999567651 ], [ 16.345718000185627, 45.027914000430826 ], [ 15.748152058770529, 45.335192408303044 ], [ 15.507260999995196, 45.479045999573259 ] ] ] } },
{ "type": "Feature", "properties": { "ZONE_ID": "HRAS278", "areakm2": 54973.4914212, "tctCluster": "Shallow Default", "CSZ_ID": "SZ39", "TECTO_ID": "TSZ019", "magScaleRe": "WC1994", "SS": 40.0, "NF": 10.0, "TF": 50.0, "MINDEPTH": 0.0, "MAXDEPTH": 30.0, "HYPODEPTH1": 2.0, "HYPODEPTH2": 10.0, "HYPODEPTH3": 18.0, "WHDEPTH1": 0.1, "WHDEPTH2": 0.4, "WHDEPTH3": 0.5, "WMAXMAG01": 0.5, "WMAXMAG02": 0.4, "WMAXMAG03": 0.1, "MAXMAG01": 6.9, "MAXMAG02": 7.2, "MAXMAG03": 7.5, "STRIKE1": 0.0, "STRIKE2": 0.0, "STRIKE3": 260.687222, "STRIKE4": 301.812138, "DIP1": 49.385333, "DIP2": 0.0, "DIP3": 49.385333, "DIP4": 43.702027, "aspRatio": 1.0, "mfd_bin": 0.2, "a_val": 3.67, "a_hi": 3.7377747675899999, "a_mid": 3.6697822115899998, "a_lo": 3.6017896555900002, "sigma_a": 0.13559171359700001, "b_val": 1.0, "b_hi": 1.0550026404, "b_mid": 1.0, "b_lo": 0.94499735959599995, "sigma_b": 0.029796703788399999, "cum_cov_ab": 0.054321, "MCORNERP1": 6.0, "MCORNERP2": 6.2, "MCORNERP3": 6.4, "MAXMAGP1": 6.4, "MAXMAGP2": 6.4, "utsu_bval2": 0.0, "utsu_aval": 0.0, "utsu_Minfl": 0.0, "Shape_Leng": 11.402913354000001, "Shape_Area": 4.4361977590799997 }, "geometry": { "type": "Polygon", "coordinates": [ [ [ 17.601276856541745, 41.872998307925627 ], [ 17.030021667066308, 41.927883148188812 ], [ 16.035406171857403, 42.173574666637592 ], [ 14.450650215235271, 42.386226654336667 ], [ 14.108102150393961, 43.246923078437362 ], [ 13.558157000245387, 43.948585999943987 ], [ 13.247392999987028, 44.055724999808945 ], [ 13.353699000108804, 44.241528000317032 ], [ 13.755765319414024, 44.632510679024676 ], [ 15.810892104786831, 43.197956084805526 ], [ 17.004235758573429, 42.676423365346068 ], [ 17.509590149266046, 42.449897765769322 ], [ 17.83198165872659, 42.425056457489575 ], [ 17.601276856541745, 41.872998307925627 ] ] ] } },
{ "type": "Feature", "properties": { "ZONE_ID": "HUAS280", "areakm2": 16153.8589445, "tctCluster": "Shallow Default", "CSZ_ID": "SZ12", "TECTO_ID": "TSZ088", "magScaleRe": "WC1994", "SS": 70.0, "NF": 0.0, "TF": 30.0, "MINDEPTH": 5.0, "MAXDEPTH": 26.0, "HYPODEPTH1": 6.0, "HYPODEPTH2": 10.0, "HYPODEPTH3": 18.0, "WHDEPTH1": 0.1, "WHDEPTH2": 0.4, "WHDEPTH3": 0.5, "WMAXMAG01": 0.5, "WMAXMAG02": 0.4, "WMAXMAG03": 0.1, "MAXMAG01": 6.9, "MAXMAG02": 7.2, "MAXMAG03": 7.5, "STRIKE1": 0.0, "STRIKE2": 159.414417, "STRIKE3": 0.0, "STRIKE4": 323.8359, "DIP1": 67.255, "DIP2": 67.255, "DIP3": 0.0, "DIP4": 67.3516, "aspRatio": 1.0, "mfd_bin": 0.2, "a_val": 2.1654101581199998, "a_hi": 2.26381194401, "a_mid": 2.1652727233700002, "a_lo": 2.06673350273, "sigma_a": 0.14679095851400001, "b_val": 1.0227396050899999, "b_hi": 1.07874417783, "b_mid": 1.0227396050899999, "b_lo": 0.96673503234299996, "sigma_b": 0.030892149201300002, "cum_cov_ab": 0.054321, "MCORNERP1": 6.0, "MCORNERP2": 6.2, "MCORNERP3": 6.4, "MAXMAGP1": 5.6, "MAXMAGP2": 5.6, "utsu_bval2": 0.0, "utsu_aval": 0.0, "utsu_Minfl": 0.0, "Shape_Leng": 5.0685503117300001, "Shape_Area": 1.30356852024 }, "geometry": { "type": "Polygon", "coordinates": [ [ [ 16.509797124837519, 47.766200077071971 ], [ 16.898404235367195, 46.939114359340238 ], [ 15.472111436693524, 46.705869421136924 ], [ 15.231042837357109, 46.582502361794639 ], [ 15.150233636173425, 46.691175109543735 ], [ 14.849501999617644, 47.095600999886301 ], [ 15.129370999671949, 47.260904000219512 ], [ 15.502274445409398, 47.434260354831565 ], [ 16.05911195565227, 47.58181368235563 ], [ 16.509797124837519, 47.766200077071971 ] ] ] } },
{ "type": "Feature", "properties": { "ZONE_ID": "HUAS281", "areakm2": 6245.0332324700003, "tctCluster": "Shallow Default", "CSZ_ID": "SZ07", "TECTO_ID": "TSZ105", "magScaleRe": "WC1994", "SS": 70.0, "NF": 0.0, "TF": 30.0, "MINDEPTH": 5.0, "MAXDEPTH": 26.0, "HYPODEPTH1": 6.0, "HYPODEPTH2": 10.0, "HYPODEPTH3": 18.0, "WHDEPTH1": 0.1, "WHDEPTH2": 0.4, "WHDEPTH3": 0.5, "WMAXMAG01": 0.5, "WMAXMAG02": 0.4, "WMAXMAG03": 0.1, "MAXMAG01": 6.3, "MAXMAG02": 6.6, "MAXMAG03": 6.9, "STRIKE1": 0.0, "STRIKE2": 159.414417, "STRIKE3": 0.0, "STRIKE4": 323.8359, "DIP1": 67.255, "DIP2": 67.255, "DIP3": 0.0, "DIP4": 67.3516, "aspRatio": 1.0, "mfd_bin": 0.2, "a_val": 1.36268122502, "a_hi": 1.4300607787399999, "a_mid": 1.36266136133, "a_lo": 1.2952619439199999, "sigma_a": 0.27702665888799999, "b_val": 0.85037634034599996, "b_hi": 0.93220693787800002, "b_mid": 0.85037634034599996, "b_lo": 0.76854574281300003, "sigma_b": 0.065952701864, "cum_cov_ab": 0.054321, "MCORNERP1": 6.0, "MCORNERP2": 6.2, "MCORNERP3": 6.4, "MAXMAGP1": 5.8, "MAXMAGP2": 5.8, "utsu_bval2": 0.0, "utsu_aval": 0.0, "utsu_Minfl": 0.0, "Shape_Leng": 3.6849240274300001, "Shape_Area": 0.50395566518299995 }, "geometry": { "type": "Polygon", "coordinates": [ [ [ 16.489633999909245, 46.516843000404208 ], [ 16.898404235367195, 46.939114359340238 ], [ 17.907174000180021, 47.492430000344314 ], [ 17.802483999936726, 46.962189999868656 ], [ 17.025988999992421, 46.577969999915638 ], [ 16.489633999909245, 46.516843000404208 ] ] ] } },
{ "type": "Feature", "properties": { "ZONE_ID": "HUAS282", "areakm2": 9309.5091357900001, "tctCluster": "Shallow Default", "CSZ_ID": "SZ07", "TECTO_ID": "TSZ105", "magScaleRe": "WC1994", "SS": 30.0, "NF": 30.0, "TF": 40.0, "MINDEPTH": 5.0, "MAXDEPTH": 26.0, "HYPODEPTH1": 6.0, "HYPODEPTH2": 10.0, "HYPODEPTH3": 18.0, "WHDEPTH1": 0.1, "WHDEPTH2": 0.4, "WHDEPTH3": 0.5, "WMAXMAG01": 0.5, "WMAXMAG02": 0.4, "WMAXMAG03": 0.1, "MAXMAG01": 6.3, "MAXMAG02": 6.6, "MAXMAG03": 6.9, "STRIKE1": 0.0, "STRIKE2": 0.0, "STRIKE3": 0.0, "STRIKE4": 0.0, "DIP1": 89.99, "DIP2": 0.0, "DIP3": 0.0, "DIP4": 0.0, "aspRatio": 1.0, "mfd_bin": 0.2, "a_val": 2.666, "a_hi": 2.7207444871400002, "a_mid": 2.6661264236400002, "a_lo": 2.6115083601400002, "sigma_a": 0.105894437893, "b_val": 0.84, "b_hi": 0.88760672440599997, "b_mid": 0.84, "b_lo": 0.79239327559399997, "sigma_b": 0.022322238730599998, "cum_cov_ab": 0.054321, "MCORNERP1": 6.0, "MCORNERP2": 6.2, "MCORNERP3": 6.4, "MAXMAGP1": 6.4, "MAXMAGP2": 6.4, "utsu_bval2": 0.0, "utsu_aval": 0.0, "utsu_Minfl": 0.0, "Shape_Leng": 3.6963058213100002, "Shape_Area": 0.75124978385399999 }, "geometry": { "type": "Polygon", "coordinates": [ [ [ 17.802483999936726, 46.962189999868656 ], [ 17.907174000180021, 47.492430000344314 ], [ 18.015163999718879, 48.039378999741075 ], [ 18.633288999787567, 48.113894999754507 ], [ 18.558496999636873, 47.645828000262043 ], [ 18.426536999982602, 46.799297000056583 ], [ 17.802483999936726, 46.962189999868656 ] ] ] } },
{ "type": "Feature", "properties": { "ZONE_ID": "HUAS283", "areakm2": 17615.843363200001, "tctCluster": "Shallow Default", "CSZ_ID": "SZ07", "TECTO_ID": "TSZ105", "magScaleRe": "WC1994", "SS": 30.0, "NF": 30.0, "TF": 40.0, "MINDEPTH": 5.0, "MAXDEPTH": 26.0, "HYPODEPTH1": 6.0, "HYPODEPTH2": 10.0, "HYPODEPTH3": 18.0, "WHDEPTH1": 0.1, "WHDEPTH2": 0.4, "WHDEPTH3": 0.5, "WMAXMAG01": 0.5, "WMAXMAG02": 0.4, "WMAXMAG03": 0.1, "MAXMAG01": 6.3, "MAXMAG02": 6.6, "MAXMAG03": 6.9, "STRIKE1": 0.0, "STRIKE2": 0.0, "STRIKE3": 0.0, "STRIKE4": 0.0, "DIP1": 89.99, "DIP2": 0.0, "DIP3": 0.0, "DIP4": 0.0, "aspRatio": 1.0, "mfd_bin": 0.2, "a_val": 2.1030439145200002, "a_hi": 2.1707847242199998, "a_mid": 2.1032637976699999, "a_lo": 2.0357428711200001, "sigma_a": 0.27702665888799999, "b_val": 0.85037634034599996, "b_hi": 0.93220693787800002, "b_mid": 0.85037634034599996, "b_lo": 0.76854574281300003, "sigma_b": 0.065952701864, "cum_cov_ab": 0.054321, "MCORNERP1": 6.0, "MCORNERP2": 6.2, "MCORNERP3": 6.4, "MAXMAGP1": 6.2, "MAXMAGP2": 6.4, "utsu_bval2": 0.0, "utsu_aval": 0.0, "utsu_Minfl": 0.0, "Shape_Leng": 6.4542380828299999, "Shape_Area": 1.42154632804 }, "geometry": { "type": "Polygon", "coordinates": [ [ [ 18.558496999636873, 47.645828000262043 ], [ 18.633288999787567, 48.113894999754507 ], [ 20.652117999845871, 48.331816000208278 ], [ 21.406379999737226, 48.312163000422174 ], [ 21.379778999701102, 48.011817000354313 ], [ 21.03234299992954, 47.783049999757736 ], [ 18.558496999636873, 47.645828000262043 ] ] ] } },
{ "type": "Feature", "properties": { "ZONE_ID": "HUAS284", "areakm2": 56164.041138200002, "tctCluster": "Shallow Default", "CSZ_ID": "SZ07", "TECTO_ID": "TSZ105", "magScaleRe": "WC1994", "SS": 70.0, "NF": 0.0, "TF": 30.0, "MINDEPTH": 5.0, "MAXDEPTH": 26.0, "HYPODEPTH1": 6.0, "HYPODEPTH2": 10.0, "HYPODEPTH3": 18.0, "WHDEPTH1": 0.1, "WHDEPTH2": 0.4, "WHDEPTH3": 0.5, "WMAXMAG01": 0.5, "WMAXMAG02": 0.4, "WMAXMAG03": 0.1, "MAXMAG01": 6.3, "MAXMAG02": 6.6, "MAXMAG03": 6.9, "STRIKE1": 0.0, "STRIKE2": 0.0, "STRIKE3": 0.0, "STRIKE4": 0.0, "DIP1": 89.99, "DIP2": 0.0, "DIP3": 0.0, "DIP4": 0.0, "aspRatio": 1.0, "mfd_bin": 0.2, "a_val": 2.0, "a_hi": 2.0091609310599998, "a_mid": 2.0002158404800001, "a_lo": 1.99127074989, "sigma_a": 0.02, "b_val": 0.85, "b_hi": 0.88186393639600003, "b_mid": 0.85, "b_lo": 0.81813606360400004, "sigma_b": 0.01, "cum_cov_ab": 0.054321, "MCORNERP1": 6.0, "MCORNERP2": 6.2, "MCORNERP3": 6.4, "MAXMAGP1": 6.2, "MAXMAGP2": 6.2, "utsu_bval2": 0.0, "utsu_aval": 0.0, "utsu_Minfl": 0.0, "Shape_Leng": 12.6584264906, "Shape_Area": 4.5322715913899998 }, "geometry": { "type": "Polygon", "coordinates": [ [ [ 17.025988999992421, 46.577969999915638 ], [ 17.802483999936726, 46.962189999868656 ], [ 18.426536999982602, 46.799297000056583 ], [ 19.523852999916073, 47.019816999854697 ], [ 20.446680000381775, 47.399897000446288 ], [ 21.03234299992954, 47.783049999757736 ], [ 21.379778999701102, 48.011817000354313 ], [ 21.406379999737226, 48.312163000422174 ], [ 21.459894999854384, 48.379963000092459 ], [ 22.462483000290263, 47.995518999702142 ], [ 21.537703999739847, 47.516809999581881 ], [ 20.939317999825903, 46.553952000284653 ], [ 19.815300999741396, 45.998717000089528 ], [ 19.154987335697058, 45.99611663737295 ], [ 18.094482999990532, 45.85017900036064 ], [ 17.729152999711232, 46.095077000203446 ], [ 17.025988999992421, 46.577969999915638 ] ] ] } },
{ "type": "Feature", "properties": { "ZONE_ID": "HUAS285", "areakm2": 16803.097056099999, "tctCluster": "Shallow Default", "CSZ_ID": "SZ07", "TECTO_ID": "TSZ105", "magScaleRe": "WC1994", "SS": 30.0, "NF": 30.0, "TF": 40.0, "MINDEPTH": 5.0, "MAXDEPTH": 26.0, "HYPODEPTH1": 6.0, "HYPODEPTH2": 10.0, "HYPODEPTH3": 18.0, "WHDEPTH1": 0.1, "WHDEPTH2": 0.4, "WHDEPTH3": 0.5, "WMAXMAG01": 0.5, "WMAXMAG02": 0.4, "WMAXMAG03": 0.1, "MAXMAG01": 6.3, "MAXMAG02": 6.6, "MAXMAG03": 6.9, "STRIKE1": 0.0, "STRIKE2": 0.0, "STRIKE3": 0.0, "STRIKE4": 0.0, "DIP1": 89.99, "DIP2": 0.0, "DIP3": 0.0, "DIP4": 0.0, "aspRatio": 1.0, "mfd_bin": 0.2, "a_val": 2.3, "a_hi": 2.3088436884400001, "a_mid": 2.2998976342400002, "a_lo": 2.2909515800400002, "sigma_a": 0.02, "b_val": 0.85, "b_hi": 0.88186393639600003, "b_mid": 0.85, "b_lo": 0.81813606360400004, "sigma_b": 0.01, "cum_cov_ab": 0.054321, "MCORNERP1": 6.0, "MCORNERP2": 6.2, "MCORNERP3": 6.4, "MAXMAGP1": 6.2, "MAXMAGP2": 6.4, "utsu_bval2": 0.0, "utsu_aval": 0.0, "utsu_Minfl": 0.0, "Shape_Leng": 6.1515538844700002, "Shape_Area": 1.3559601109 }, "geometry": { "type": "Polygon", "coordinates": [ [ [ 18.426536999982602, 46.799297000056583 ], [ 18.558496999636873, 47.645828000262043 ], [ 21.03234299992954, 47.783049999757736 ], [ 20.446680000381775, 47.399897000446288 ], [ 19.523852999916073, 47.019816999854697 ], [ 18.426536999982602, 46.799297000056583 ] ] ] } },
{ "type": "Feature", "properties": { "ZONE_ID": "HUAS286", "areakm2": 40500.480187499998, "tctCluster": "Shallow Default", "CSZ_ID": "SZ12", "TECTO_ID": "TSZ001", "magScaleRe": "WC1994", "SS": 70.0, "NF": 0.0, "TF": 30.0, "MINDEPTH": 5.0, "MAXDEPTH": 26.0, "HYPODEPTH1": 6.0, "HYPODEPTH2": 10.0, "HYPODEPTH3": 18.0, "WHDEPTH1": 0.1, "WHDEPTH2": 0.4, "WHDEPTH3": 0.5, "WMAXMAG01": 0.5, "WMAXMAG02": 0.4, "WMAXMAG03": 0.1, "MAXMAG01": 6.3, "MAXMAG02": 6.6, "MAXMAG03": 6.9, "STRIKE1": 0.0, "STRIKE2": 159.414417, "STRIKE3": 0.0, "STRIKE4": 323.8359, "DIP1": 67.255, "DIP2": 67.255, "DIP3": 0.0, "DIP4": 67.3516, "aspRatio": 1.0, "mfd_bin": 0.2, "a_val": 2.6, "a_hi": 2.67908690925, "a_mid": 2.6003927681899999, "a_lo": 2.5216986271400001, "sigma_a": 0.13160752972799999, "b_val": 0.91, "b_hi": 0.96414394124400005, "b_mid": 0.91, "b_lo": 0.85585605875600002, "sigma_b": 0.0288735961954, "cum_cov_ab": 0.054321, "MCORNERP1": 6.0, "MCORNERP2": 6.2, "MCORNERP3": 6.4, "MAXMAGP1": 6.2, "MAXMAGP2": 6.4, "utsu_bval2": 0.0, "utsu_aval": 0.0, "utsu_Minfl": 0.0, "Shape_Leng": 11.4783466379, "Shape_Area": 3.26826866581 }, "geometry": { "type": "Polygon", "coordinates": [ [ [ 16.898404235367195, 46.939114359340238 ], [ 16.509797124837519, 47.766200077071971 ], [ 17.987267000171983, 48.55791500007723 ], [ 18.548621000159073, 48.816230999960737 ], [ 19.083256000064409, 49.062251000283482 ], [ 20.089210000141463, 48.855277000133526 ], [ 20.338293999668394, 48.79906399970389 ], [ 21.459894999854384, 48.379963000092459 ], [ 21.406379999737226, 48.312163000422174 ], [ 20.652117999845871, 48.331816000208278 ], [ 18.633288999787567, 48.113894999754507 ], [ 18.015163999718879, 48.039378999741075 ], [ 17.907174000180021, 47.492430000344314 ], [ 16.898404235367195, 46.939114359340238 ] ] ] } },
{ "type": "Feature", "properties": { "ZONE_ID": "HUAS287", "areakm2": 7789.3395485399997, "tctCluster": "Shallow Default", "CSZ_ID": "SZ07", "TECTO_ID": "TSZ055", "magScaleRe": "WC1994", "SS": 70.0, "NF": 0.0, "TF": 30.0, "MINDEPTH": 5.0, "MAXDEPTH": 26.0, "HYPODEPTH1": 6.0, "HYPODEPTH2": 10.0, "HYPODEPTH3": 18.0, "WHDEPTH1": 0.1, "WHDEPTH2": 0.4, "WHDEPTH3": 0.5, "WMAXMAG01": 0.5, "WMAXMAG02": 0.4, "WMAXMAG03": 0.1, "MAXMAG01": 6.9, "MAXMAG02": 7.2, "MAXMAG03": 7.5, "STRIKE1": 0.0, "STRIKE2": 159.414417, "STRIKE3": 0.0, "STRIKE4": 323.8359, "DIP1": 67.255, "DIP2": 67.255, "DIP3": 0.0, "DIP4": 67.3516, "aspRatio": 1.0, "mfd_bin": 0.2, "a_val": 3.33, "a_hi": 3.4560354588300002, "a_mid": 3.3300465108899999, "a_lo": 3.2040575629400001, "sigma_a": 0.21001873521299999, "b_val": 1.08, "b_hi": 1.1505043644799999, "b_mid": 1.08, "b_lo": 1.00949563552, "sigma_b": 0.048959069085200001, "cum_cov_ab": 0.054321, "MCORNERP1": 6.0, "MCORNERP2": 6.2, "MCORNERP3": 6.4, "MAXMAGP1": 6.2, "MAXMAGP2": 6.2, "utsu_bval2": 0.0, "utsu_aval": 0.0, "utsu_Minfl": 0.0, "Shape_Leng": 3.8039162414300001, "Shape_Area": 0.62857660564999995 }, "geometry": { "type": "Polygon", "coordinates": [ [ [ 16.898404235367195, 46.939114359340238 ], [ 16.489633999909245, 46.516843000404208 ], [ 16.056195152983946, 46.195564212218699 ], [ 15.565272999749197, 46.269831000200554 ], [ 15.36456361312031, 46.404863803421847 ], [ 15.231042837357109, 46.582502361794639 ], [ 15.472111436693524, 46.705869421136924 ], [ 16.898404235367195, 46.939114359340238 ] ] ] } },
{ "type": "Feature", "properties": { "ZONE_ID": "IEAS286", "areakm2": 500439.70036800002, "tctCluster": "Shallow Default", "CSZ_ID": "SZ06", "TECTO_ID": "TSZ110", "magScaleRe": "WC1994", "SS": 33.0, "NF": 33.0, "TF": 34.0, "MINDEPTH": 0.0, "MAXDEPTH": 20.0, "HYPODEPTH1": 8.0, "HYPODEPTH2": 10.0, "HYPODEPTH3": 15.0, "WHDEPTH1": 0.1, "WHDEPTH2": 0.4, "WHDEPTH3": 0.5, "WMAXMAG01": 0.5, "WMAXMAG02": 0.4, "WMAXMAG03": 0.1, "MAXMAG01": 6.3, "MAXMAG02": 6.6, "MAXMAG03": 6.9, "STRIKE1": 0.0, "STRIKE2": 0.0, "STRIKE3": 0.0, "STRIKE4": 0.0, "DIP1": 89.99, "DIP2": 0.0, "DIP3": 0.0, "DIP4": 0.0, "aspRatio": 1.0, "mfd_bin": 0.2, "a_val": 1.7142309174499999, "a_hi": 1.75156609426, "a_mid": 1.71434263329, "a_lo": 1.6771191723200001, "sigma_a": 0.068523334030899996, "b_val": 0.99534910300299995, "b_hi": 1.0361106662499999, "b_mid": 0.99534910300299995, "b_lo": 0.95458753975900001, "sigma_b": 0.016364502601599999, "cum_cov_ab": 0.054321, "MCORNERP1": 6.0, "MCORNERP2": 6.2, "MCORNERP3": 6.4, "MAXMAGP1": 5.4, "MAXMAGP2": 5.4, "utsu_bval2": 0.0, "utsu_aval": 0.0, "utsu_Minfl": 0.0, "Shape_Leng": 30.9888055646, "Shape_Area": 40.384000001099999 }, "geometry": { "type": "Polygon", "coordinates": [ [ [ -7.500000000199805, 58.659999999600359 ], [ -5.250000000199805, 59.999999999800195 ], [ -5.250000000199805, 58.050000000099999 ], [ -6.020000000099856, 57.47 ], [ -6.709999999800118, 56.03 ], [ -6.600000000199827, 55.779999999600363 ], [ -5.309999999900015, 55.35999999990014 ], [ -3.760000000299726, 54.8699999998002 ], [ -3.760000000299726, 54.080000000299833 ], [ -4.63, 53.16999999960035 ], [ -4.469999999600248, 52.870000000199923 ], [ -3.879999999700203, 52.179999999600341 ], [ -5.26, 51.679999999700271 ], [ -4.880000000399662, 51.369999999600338 ], [ -5.999999999600277, 50.199999999600379 ], [ -5.999999999600277, 49.850000000299815 ], [ -11.000000000399666, 51.999999999600334 ], [ -11.000000000399666, 54.5 ], [ -7.500000000199805, 58.659999999600359 ] ] ] } },
{ "type": "Feature", "properties": { "ZONE_ID": "IRAS287", "areakm2": 52163.728082100002, "tctCluster": "Shallow Default", "CSZ_ID": "SZ42", "TECTO_ID": "TSZ087", "magScaleRe": "WC1994", "SS": 60.0, "NF": 0.0, "TF": 40.0, "MINDEPTH": 0.0, "MAXDEPTH": 20.0, "HYPODEPTH1": 2.0, "HYPODEPTH2": 10.0, "HYPODEPTH3": 18.0, "WHDEPTH1": 0.1, "WHDEPTH2": 0.4, "WHDEPTH3": 0.5, "WMAXMAG01": 0.5, "WMAXMAG02": 0.4, "WMAXMAG03": 0.1, "MAXMAG01": 7.4, "MAXMAG02": 7.7, "MAXMAG03": 8.0, "STRIKE1": 0.0, "STRIKE2": 0.0, "STRIKE3": 0.0, "STRIKE4": 0.0, "DIP1": 89.99, "DIP2": 0.0, "DIP3": 0.0, "DIP4": 0.0, "aspRatio": 1.0, "mfd_bin": 0.2, "a_val": 4.1, "a_hi": 4.1713200887599999, "a_mid": 4.1001699109900001, "a_lo": 4.0290197332100002, "sigma_a": 0.114498381032, "b_val": 0.94071516123700005, "b_hi": 0.98723626435400003, "b_mid": 0.94071516123700005, "b_lo": 0.89419405811999997, "sigma_b": 0.02131577638, "cum_cov_ab": 0.054321, "MCORNERP1": 7.1, "MCORNERP2": 7.3, "MCORNERP3": 7.5, "MAXMAGP1": 7.4, "MAXMAGP2": 7.6, "utsu_bval2": 0.0, "utsu_aval": 0.0, "utsu_Minfl": 0.0, "Shape_Leng": 10.622487234099999, "Shape_Area": 4.2094581903300003 }, "geometry": { "type": "Polygon", "coordinates": [ [ [ 41.863737999609043, 37.728124000422326 ], [ 41.02795300033074, 38.305582000209199 ], [ 41.121052000249676, 38.37191699976978 ], [ 41.40892968795481, 38.303434648490281 ], [ 41.441042723642852, 38.409991540577209 ], [ 42.134950999788884, 38.214512000328625 ], [ 43.800263000237351, 37.911049000411083 ], [ 44.064451000213523, 37.896591000074636 ], [ 45.527583000355207, 37.292863000227328 ], [ 45.522833999889258, 36.863773000423691 ], [ 44.459558000401444, 36.282575999982441 ], [ 43.889017000334377, 36.582463999613935 ], [ 43.116950000442216, 36.828826999566445 ], [ 42.686602000182233, 37.243340999887266 ], [ 41.909647999755464, 37.391479000055881 ], [ 41.863737999609043, 37.728124000422326 ] ] ] } },
{ "type": "Feature", "properties": { "ZONE_ID": "IRAS290", "areakm2": 161925.43397799999, "tctCluster": "Shallow Default", "CSZ_ID": "SZ44", "TECTO_ID": "TSZ017", "magScaleRe": "WC1994", "SS": 10.0, "NF": 0.0, "TF": 90.0, "MINDEPTH": 0.0, "MAXDEPTH": 20.0, "HYPODEPTH1": 2.0, "HYPODEPTH2": 9.0, "HYPODEPTH3": 18.0, "WHDEPTH1": 0.1, "WHDEPTH2": 0.4, "WHDEPTH3": 0.5, "WMAXMAG01": 0.5, "WMAXMAG02": 0.4, "WMAXMAG03": 0.1, "MAXMAG01": 7.3, "MAXMAG02": 7.6, "MAXMAG03": 7.9, "STRIKE1": 0.0, "STRIKE2": 0.0, "STRIKE3": 0.0, "STRIKE4": 0.0, "DIP1": 89.99, "DIP2": 0.0, "DIP3": 0.0, "DIP4": 0.0, "aspRatio": 1.0, "mfd_bin": 0.2, "a_val": 3.58, "a_hi": 3.5895569377199998, "a_mid": 3.5802138482400001, "a_lo": 3.5708707587699999, "sigma_a": 0.02, "b_val": 0.91, "b_hi": 0.94186393639599997, "b_mid": 0.91, "b_lo": 0.87813606360399998, "sigma_b": 0.01, "cum_cov_ab": 0.052136359921, "MCORNERP1": 6.0, "MCORNERP2": 6.2, "MCORNERP3": 6.4, "MAXMAGP1": 6.4, "MAXMAGP2": 6.6, "utsu_bval2": 0.0, "utsu_aval": 0.0, "utsu_Minfl": 0.0, "Shape_Leng": 20.44501585, "Shape_Area": 13.066902409100001 }, "geometry": { "type": "Polygon", "coordinates": [ [ [ 41.02795300033074, 38.305582000209199 ], [ 41.863737999609043, 37.728124000422326 ], [ 41.909647999755464, 37.391479000055881 ], [ 42.686602000182233, 37.243340999887266 ], [ 43.116950000442216, 36.828826999566445 ], [ 43.889017000334377, 36.582463999613935 ], [ 44.459558000401444, 36.282575999982441 ], [ 42.987380000386736, 35.743630000024552 ], [ 42.142421999875467, 36.338792999697205 ], [ 41.838310999752878, 36.282289000237199 ], [ 40.387592000070811, 35.638587999736444 ], [ 39.885379999787233, 36.309539999671301 ], [ 39.039860074982528, 36.433438427941155 ], [ 38.461400089242773, 35.6658665247204 ], [ 37.499101555492416, 34.782987666747488 ], [ 36.56284599964323, 34.619110000126454 ], [ 36.860554000366903, 35.888029999584887 ], [ 37.285032999773193, 37.356736999612906 ], [ 37.367702999893595, 37.416148000030205 ], [ 38.091699999855166, 37.929843000154392 ], [ 38.979079999742225, 37.857542999809652 ], [ 39.326188999722604, 38.04482500017366 ], [ 40.153601914197054, 38.265482878631985 ], [ 41.02795300033074, 38.305582000209199 ] ] ] } },
{ "type": "Feature", "properties": { "ZONE_ID": "ISAS005", "areakm2": 8637.6975787800002, "tctCluster": "Shallow Default", "CSZ_ID": "SZ26", "TECTO_ID": "TSZ011", "magScaleRe": "WC1994", "SS": 50.0, "NF": 40.0, "TF": 10.0, "MINDEPTH": 0.0, "MAXDEPTH": 15.0, "HYPODEPTH1": 2.0, "HYPODEPTH2": 8.0, "HYPODEPTH3": 10.0, "WHDEPTH1": 0.1, "WHDEPTH2": 0.4, "WHDEPTH3": 0.5, "WMAXMAG01": 0.5, "WMAXMAG02": 0.4, "WMAXMAG03": 0.1, "MAXMAG01": 7.8, "MAXMAG02": 8.1, "MAXMAG03": 8.4, "STRIKE1": 0.0, "STRIKE2": 0.0, "STRIKE3": 0.0, "STRIKE4": 0.0, "DIP1": 89.99, "DIP2": 0.0, "DIP3": 0.0, "DIP4": 0.0, "aspRatio": 1.0, "mfd_bin": 0.2, "a_val": 3.0, "a_hi": 3.0432039408699998, "a_mid": 3.0002468474100001, "a_lo": 2.95728975395, "sigma_a": 0.081119018618299996, "b_val": 1.0, "b_hi": 1.03741325369, "b_mid": 1.0, "b_lo": 0.96258674630499996, "sigma_b": 0.0137864390357, "cum_cov_ab": 0.054321, "MCORNERP1": 7.8, "MCORNERP2": 8.0, "MCORNERP3": 8.2, "MAXMAGP1": 6.6, "MAXMAGP2": 6.6, "utsu_bval2": 0.0, "utsu_aval": 0.0, "utsu_Minfl": 0.0, "Shape_Leng": 6.4100416596400001, "Shape_Area": 0.69703658366900001 }, "geometry": { "type": "Polygon", "coordinates": [ [ [ -19.754599999890047, 64.137699999855158 ], [ -19.754599999890047, 63.809200000080011 ], [ -20.181123798624355, 63.810484351571631 ], [ -20.517799999170563, 63.810599998990824 ], [ -21.125699999855044, 63.843600000039999 ], [ -21.388800000019955, 63.843599999140679 ], [ -21.907200000379646, 63.826400000060005 ], [ -22.349300000294761, 63.82789999908573 ], [ -22.751100000664451, 63.779099998765957 ], [ -22.751099999765131, 63.839299999595369 ], [ -22.349300000294761, 63.929700000054993 ], [ -21.907200000379646, 64.018599999690309 ], [ -21.388800000019955, 64.073200000379757 ], [ -21.122988573563759, 64.09753986916968 ], [ -20.709988486579334, 64.125134174002994 ], [ -20.517800000069883, 64.137699998955839 ], [ -19.754599999890047, 64.137699999855158 ] ] ] } },
{ "type": "Feature", "properties": { "ZONE_ID": "ISAS006", "areakm2": 15217.4772491, "tctCluster": "Shallow Default", "CSZ_ID": "SZ26", "TECTO_ID": "TSZ011", "magScaleRe": "WC1994", "SS": 50.0, "NF": 40.0, "TF": 10.0, "MINDEPTH": 0.0, "MAXDEPTH": 15.0, "HYPODEPTH1": 2.0, "HYPODEPTH2": 8.0, "HYPODEPTH3": 10.0, "WHDEPTH1": 0.1, "WHDEPTH2": 0.4, "WHDEPTH3": 0.5, "WMAXMAG01": 0.5, "WMAXMAG02": 0.4, "WMAXMAG03": 0.1, "MAXMAG01": 7.6, "MAXMAG02": 7.9, "MAXMAG03": 8.2, "STRIKE1": 0.0, "STRIKE2": 0.0, "STRIKE3": 0.0, "STRIKE4": 0.0, "DIP1": 89.99, "DIP2": 0.0, "DIP3": 0.0, "DIP4": 0.0, "aspRatio": 1.0, "mfd_bin": 0.2, "a_val": 2.53, "a_hi": 2.5576015883399998, "a_mid": 2.5298949786699998, "a_lo": 2.5021883689900002, "sigma_a": 0.061423452801700001, "b_val": 0.7, "b_hi": 0.76591264558399996, "b_mid": 0.7, "b_lo": 0.63408735441599995, "sigma_b": 0.0427896401466, "cum_cov_ab": 0.054321, "MCORNERP1": 7.8, "MCORNERP2": 8.0, "MCORNERP3": 8.2, "MAXMAGP1": 8.0, "MAXMAGP2": 8.2, "utsu_bval2": 0.0, "utsu_aval": 0.0, "utsu_Minfl": 0.0, "Shape_Leng": 6.5492380425599999, "Shape_Area": 1.2280052935000001 }, "geometry": { "type": "Polygon", "coordinates": [ [ [ -17.397099999565285, 66.030500000374786 ], [ -17.000000000099874, 65.93 ], [ -17.158000000899278, 65.609099999065734 ], [ -17.84854569302928, 65.744973070350966 ], [ -19.777416683333229, 65.971009032241113 ], [ -19.940832758524948, 66.053522109657706 ], [ -19.987744802180828, 66.152092985103252 ], [ -19.598534257350025, 66.527905494842742 ], [ -19.124654085117868, 66.510119312256506 ], [ -18.866794885975139, 66.308287278535147 ], [ -18.77999999960025, 66.259999999700256 ], [ -17.397099999565285, 66.030500000374786 ] ] ] } },
{ "type": "Feature", "properties": { "ZONE_ID": "ISAS008", "areakm2": 15139.359533299999, "tctCluster": "Shallow Default", "CSZ_ID": "SZ26", "TECTO_ID": "TSZ011", "magScaleRe": "WC1994", "SS": 50.0, "NF": 40.0, "TF": 10.0, "MINDEPTH": 0.0, "MAXDEPTH": 15.0, "HYPODEPTH1": 2.0, "HYPODEPTH2": 8.0, "HYPODEPTH3": 10.0, "WHDEPTH1": 0.1, "WHDEPTH2": 0.4, "WHDEPTH3": 0.5, "WMAXMAG01": 0.5, "WMAXMAG02": 0.4, "WMAXMAG03": 0.1, "MAXMAG01": 6.6, "MAXMAG02": 6.9, "MAXMAG03": 7.1, "STRIKE1": 0.0, "STRIKE2": 0.0, "STRIKE3": 0.0, "STRIKE4": 0.0, "DIP1": 89.99, "DIP2": 0.0, "DIP3": 0.0, "DIP4": 0.0, "aspRatio": 1.0, "mfd_bin": 0.2, "a_val": 3.53, "a_hi": 3.5880880826100001, "a_mid": 3.5301711676399998, "a_lo": 3.47225425268, "sigma_a": 0.12702885884699999, "b_val": 0.8, "b_hi": 0.84906560295300004, "b_mid": 0.8, "b_lo": 0.75093439704700005, "sigma_b": 0.0237113033801, "cum_cov_ab": 0.054321, "MCORNERP1": 6.7, "MCORNERP2": 6.9, "MCORNERP3": 7.1, "MAXMAGP1": 7.2, "MAXMAGP2": 7.2, "utsu_bval2": 0.0, "utsu_aval": 0.0, "utsu_Minfl": 0.0, "Shape_Leng": 5.7334797767800003, "Shape_Area": 1.2217014255300001 }, "geometry": { "type": "Polygon", "coordinates": [ [ [ -16.540000000299756, 66.169999999700281 ], [ -17.000000000099874, 65.93 ], [ -17.397099999565285, 66.030500000374786 ], [ -18.77999999960025, 66.259999999700256 ], [ -18.866794885975139, 66.308287278535147 ], [ -18.610000000299749, 66.38 ], [ -18.262272552736079, 67.173822305255214 ], [ -17.5, 66.569999999800189 ], [ -16.974944329417212, 66.441054207485763 ], [ -16.513861611524135, 66.325263995736861 ], [ -16.482270020744807, 66.237438181426967 ], [ -16.540000000299756, 66.169999999700281 ] ] ] } },
{ "type": "Feature", "properties": { "ZONE_ID": "ISAS009", "areakm2": 6568.7056530899999, "tctCluster": "Shallow Default", "CSZ_ID": "SZ26", "TECTO_ID": "TSZ011", "magScaleRe": "WC1994", "SS": 50.0, "NF": 40.0, "TF": 10.0, "MINDEPTH": 0.0, "MAXDEPTH": 15.0, "HYPODEPTH1": 2.0, "HYPODEPTH2": 8.0, "HYPODEPTH3": 10.0, "WHDEPTH1": 0.1, "WHDEPTH2": 0.4, "WHDEPTH3": 0.5, "WMAXMAG01": 0.5, "WMAXMAG02": 0.4, "WMAXMAG03": 0.1, "MAXMAG01": 6.9, "MAXMAG02": 7.2, "MAXMAG03": 7.5, "STRIKE1": 0.0, "STRIKE2": 0.0, "STRIKE3": 0.0, "STRIKE4": 0.0, "DIP1": 89.99, "DIP2": 0.0, "DIP3": 0.0, "DIP4": 0.0, "aspRatio": 1.0, "mfd_bin": 0.2, "a_val": 5.43, "a_hi": 5.5105588155899996, "a_mid": 5.4299128513600001, "a_lo": 5.3492668871399998, "sigma_a": 0.16413515011599999, "b_val": 1.2, "b_hi": 1.25597536448, "b_mid": 1.2, "b_lo": 1.1440246355200001, "sigma_b": 0.030859935015699998, "cum_cov_ab": 0.054321, "MCORNERP1": 6.8, "MCORNERP2": 7.0, "MCORNERP3": 7.2, "MAXMAGP1": 7.0, "MAXMAGP2": 7.2, "utsu_bval2": 0.0, "utsu_aval": 0.0, "utsu_Minfl": 0.0, "Shape_Leng": 5.0244274750700004, "Shape_Area": 0.53007507013 }, "geometry": { "type": "Polygon", "coordinates": [ [ [ -22.751099999765131, 63.839299999595369 ], [ -22.751100000664451, 63.779099998765957 ], [ -24.624526880311237, 62.887779071646889 ], [ -25.044088670056055, 63.053320828493497 ], [ -24.543104469195839, 63.234649454508769 ], [ -23.407833150679323, 63.731752925157423 ], [ -23.043325805241693, 63.809149325081364 ], [ -22.751099999765131, 63.839299999595369 ] ] ] } },
{ "type": "Feature", "properties": { "ZONE_ID": "ISAS010", "areakm2": 24633.2153445, "tctCluster": "Shallow Default", "CSZ_ID": "SZ26", "TECTO_ID": "TSZ011", "magScaleRe": "WC1994", "SS": 50.0, "NF": 40.0, "TF": 10.0, "MINDEPTH": 0.0, "MAXDEPTH": 15.0, "HYPODEPTH1": 2.0, "HYPODEPTH2": 8.0, "HYPODEPTH3": 10.0, "WHDEPTH1": 0.1, "WHDEPTH2": 0.4, "WHDEPTH3": 0.5, "WMAXMAG01": 0.5, "WMAXMAG02": 0.4, "WMAXMAG03": 0.1, "MAXMAG01": 6.6, "MAXMAG02": 6.9, "MAXMAG03": 7.2, "STRIKE1": 0.0, "STRIKE2": 0.0, "STRIKE3": 0.0, "STRIKE4": 0.0, "DIP1": 89.99, "DIP2": 0.0, "DIP3": 0.0, "DIP4": 0.0, "aspRatio": 1.0, "mfd_bin": 0.2, "a_val": 4.58, "a_hi": 4.6598593631499998, "a_mid": 4.5798802638499998, "a_lo": 4.4999011645499998, "sigma_a": 0.15703527088, "b_val": 1.2, "b_hi": 1.25451486482, "b_mid": 1.2, "b_lo": 1.1454851351799999, "sigma_b": 0.0292705596365, "cum_cov_ab": 0.054321, "MCORNERP1": 6.4, "MCORNERP2": 6.6, "MCORNERP3": 6.8, "MAXMAGP1": 6.6, "MAXMAGP2": 6.6, "utsu_bval2": 0.0, "utsu_aval": 0.0, "utsu_Minfl": 0.0, "Shape_Leng": 8.3437886111499999, "Shape_Area": 1.9882823481 }, "geometry": { "type": "Polygon", "coordinates": [ [ [ -20.3298017445548, 63.593001754427462 ], [ -20.181123798624355, 63.810484351571631 ], [ -19.754599999890047, 63.809200000080011 ], [ -19.754599999890047, 64.137699999855158 ], [ -19.126767999143794, 64.267056999081319 ], [ -18.586848916544227, 64.479111322529548 ], [ -18.262178779527005, 64.604668623158489 ], [ -18.23416625217078, 64.461835057342057 ], [ -17.872074248327863, 64.319688578964815 ], [ -17.590453668402006, 64.276157737089932 ], [ -17.269273893775107, 64.297508547181735 ], [ -17.804335051821113, 64.083161394982426 ], [ -18.752942266272498, 63.532569528860733 ], [ -19.696928748762673, 63.224863502348796 ], [ -20.927349040325907, 63.195184011433014 ], [ -20.3298017445548, 63.593001754427462 ] ] ] } },
{ "type": "Feature", "properties": { "ZONE_ID": "ISAS011", "areakm2": 12290.6291047, "tctCluster": "Shallow Default", "CSZ_ID": "SZ26", "TECTO_ID": "TSZ011", "magScaleRe": "WC1994", "SS": 50.0, "NF": 40.0, "TF": 10.0, "MINDEPTH": 0.0, "MAXDEPTH": 15.0, "HYPODEPTH1": 2.0, "HYPODEPTH2": 8.0, "HYPODEPTH3": 10.0, "WHDEPTH1": 0.1, "WHDEPTH2": 0.4, "WHDEPTH3": 0.5, "WMAXMAG01": 0.5, "WMAXMAG02": 0.4, "WMAXMAG03": 0.1, "MAXMAG01": 6.8, "MAXMAG02": 7.1, "MAXMAG03": 7.4, "STRIKE1": 0.0, "STRIKE2": 0.0, "STRIKE3": 0.0, "STRIKE4": 0.0, "DIP1": 89.99, "DIP2": 0.0, "DIP3": 0.0, "DIP4": 0.0, "aspRatio": 1.0, "mfd_bin": 0.2, "a_val": 5.23, "a_hi": 5.3284345248499996, "a_mid": 5.2297589996099996, "a_lo": 5.1310834743699996, "sigma_a": 0.172843537839, "b_val": 1.32, "b_hi": 1.3768313322400001, "b_mid": 1.32, "b_lo": 1.26316866776, "sigma_b": 0.0318109633147, "cum_cov_ab": 0.054321, "MCORNERP1": 6.8, "MCORNERP2": 7.0, "MCORNERP3": 7.2, "MAXMAGP1": 6.6, "MAXMAGP2": 6.8, "utsu_bval2": 0.0, "utsu_aval": 0.0, "utsu_Minfl": 0.0, "Shape_Leng": 5.9410633706700002, "Shape_Area": 0.99181732649499998 }, "geometry": { "type": "Polygon", "coordinates": [ [ [ -21.191041497666959, 64.26152214583044 ], [ -21.078389783161924, 64.380850209569587 ], [ -21.257888060385653, 64.468609843669412 ], [ -21.629859876831802, 64.601396895850144 ], [ -21.563550327185794, 64.760385044734107 ], [ -21.339841451921416, 64.90794291743174 ], [ -20.464907480995407, 64.814609832078133 ], [ -19.882389845015268, 64.97946440705681 ], [ -19.267288422322792, 64.991141165832175 ], [ -19.851603042246552, 64.708856547191942 ], [ -20.034918564739939, 64.567547647905656 ], [ -20.709988486579334, 64.125134174002994 ], [ -21.122988573563759, 64.09753986916968 ], [ -21.388800000019955, 64.073200000379757 ], [ -21.191041497666959, 64.26152214583044 ] ] ] } },
{ "type": "Feature", "properties": { "ZONE_ID": "ISAS012", "areakm2": 9116.4378927899998, "tctCluster": "Shallow Default", "CSZ_ID": "SZ26", "TECTO_ID": "TSZ011", "magScaleRe": "WC1994", "SS": 50.0, "NF": 40.0, "TF": 10.0, "MINDEPTH": 0.0, "MAXDEPTH": 15.0, "HYPODEPTH1": 2.0, "HYPODEPTH2": 8.0, "HYPODEPTH3": 10.0, "WHDEPTH1": 0.1, "WHDEPTH2": 0.4, "WHDEPTH3": 0.5, "WMAXMAG01": 0.5, "WMAXMAG02": 0.4, "WMAXMAG03": 0.1, "MAXMAG01": 6.4, "MAXMAG02": 6.7, "MAXMAG03": 7.0, "STRIKE1": 0.0, "STRIKE2": 0.0, "STRIKE3": 0.0, "STRIKE4": 0.0, "DIP1": 89.99, "DIP2": 0.0, "DIP3": 0.0, "DIP4": 0.0, "aspRatio": 1.0, "mfd_bin": 0.2, "a_val": 2.6618969063, "a_hi": 2.6777547395800001, "a_mid": 2.6619360153799998, "a_lo": 2.6461172911899999, "sigma_a": 0.046710458166400001, "b_val": 0.91375021489099995, "b_hi": 0.94317718981800003, "b_mid": 0.91375021489099995, "b_lo": 0.88432323996499995, "sigma_b": 0.0085288874901100001, "cum_cov_ab": 0.054321, "MCORNERP1": 6.0, "MCORNERP2": 6.2, "MCORNERP3": 6.4, "MAXMAGP1": 6.2, "MAXMAGP2": 6.4, "utsu_bval2": 0.0, "utsu_aval": 0.0, "utsu_Minfl": 0.0, "Shape_Leng": 5.75101022592, "Shape_Area": 0.73566950770999995 }, "geometry": { "type": "Polygon", "coordinates": [ [ [ -23.719673519817036, 64.997820774209401 ], [ -23.19625472057885, 65.010158715452405 ], [ -22.114100598763571, 64.971661735200996 ], [ -21.339841451921416, 64.90794291743174 ], [ -21.563550327185794, 64.760385044734107 ], [ -21.629859876831802, 64.601396895850144 ], [ -22.844735562196377, 64.728682143066521 ], [ -23.345683414258133, 64.729657030647502 ], [ -23.922655074172269, 64.687734903243268 ], [ -24.06753334578724, 64.792945690091585 ], [ -24.045863770096844, 64.887093098967398 ], [ -23.911027406689414, 64.967835245800018 ], [ -23.719673519817036, 64.997820774209401 ] ] ] } },
{ "type": "Feature", "properties": { "ZONE_ID": "ISAS013", "areakm2": 9770.5352925200004, "tctCluster": "Shallow Default", "CSZ_ID": "SZ26", "TECTO_ID": "TSZ011", "magScaleRe": "WC1994", "SS": 50.0, "NF": 40.0, "TF": 10.0, "MINDEPTH": 0.0, "MAXDEPTH": 15.0, "HYPODEPTH1": 2.0, "HYPODEPTH2": 8.0, "HYPODEPTH3": 10.0, "WHDEPTH1": 0.1, "WHDEPTH2": 0.4, "WHDEPTH3": 0.5, "WMAXMAG01": 0.5, "WMAXMAG02": 0.4, "WMAXMAG03": 0.1, "MAXMAG01": 6.3, "MAXMAG02": 6.6, "MAXMAG03": 6.9, "STRIKE1": 0.0, "STRIKE2": 0.0, "STRIKE3": 0.0, "STRIKE4": 0.0, "DIP1": 89.99, "DIP2": 0.0, "DIP3": 0.0, "DIP4": 0.0, "aspRatio": 1.0, "mfd_bin": 0.2, "a_val": 2.6618969063, "a_hi": 2.6773216714800001, "a_mid": 2.6615379507600001, "a_lo": 2.6457542300400001, "sigma_a": 0.046710458166400001, "b_val": 0.91375021489099995, "b_hi": 0.94317718981800003, "b_mid": 0.91375021489099995, "b_lo": 0.88432323996499995, "sigma_b": 0.0085288874901100001, "cum_cov_ab": 0.054321, "MCORNERP1": 6.0, "MCORNERP2": 6.2, "MCORNERP3": 6.4, "MAXMAGP1": 6.2, "MAXMAGP2": 6.4, "utsu_bval2": 0.0, "utsu_aval": 0.0, "utsu_Minfl": 0.0, "Shape_Leng": 4.8675160137100004, "Shape_Area": 0.78845164782400001 }, "geometry": { "type": "Polygon", "coordinates": [ [ [ -18.586848916544227, 64.479111322529548 ], [ -20.034918564739939, 64.567547647905656 ], [ -19.851603042246552, 64.708856547191942 ], [ -19.267288422322792, 64.991141165832175 ], [ -18.457096872122918, 65.010096212570204 ], [ -17.712288972757847, 64.902322634881727 ], [ -18.262178779527005, 64.604668623158489 ], [ -18.586848916544227, 64.479111322529548 ] ] ] } },
{ "type": "Feature", "properties": { "ZONE_ID": "ISAS014", "areakm2": 10141.154830900001, "tctCluster": "Shallow Default", "CSZ_ID": "SZ26", "TECTO_ID": "TSZ011", "magScaleRe": "WC1994", "SS": 50.0, "NF": 40.0, "TF": 10.0, "MINDEPTH": 0.0, "MAXDEPTH": 15.0, "HYPODEPTH1": 2.0, "HYPODEPTH2": 8.0, "HYPODEPTH3": 10.0, "WHDEPTH1": 0.1, "WHDEPTH2": 0.4, "WHDEPTH3": 0.5, "WMAXMAG01": 0.5, "WMAXMAG02": 0.4, "WMAXMAG03": 0.1, "MAXMAG01": 6.3, "MAXMAG02": 6.6, "MAXMAG03": 6.9, "STRIKE1": 0.0, "STRIKE2": 0.0, "STRIKE3": 0.0, "STRIKE4": 0.0, "DIP1": 89.99, "DIP2": 0.0, "DIP3": 0.0, "DIP4": 0.0, "aspRatio": 1.0, "mfd_bin": 0.2, "a_val": 5.33, "a_hi": 5.3749322876000001, "a_mid": 5.3300237772200001, "a_lo": 5.2851152668400001, "sigma_a": 0.10131561896000001, "b_val": 1.1, "b_hi": 1.14341306988, "b_mid": 1.1, "b_lo": 1.0565869301199999, "sigma_b": 0.0185627425561, "cum_cov_ab": 0.054321, "MCORNERP1": 6.4, "MCORNERP2": 6.6, "MCORNERP3": 6.8, "MAXMAGP1": 6.8, "MAXMAGP2": 7.0, "utsu_bval2": 0.0, "utsu_aval": 0.0, "utsu_Minfl": 0.0, "Shape_Leng": 3.94576394086, "Shape_Area": 0.81772205167400003 }, "geometry": { "type": "Polygon", "coordinates": [ [ [ -17.360910648207778, 64.940124504842061 ], [ -16.911088094340016, 64.926328863286471 ], [ -16.573112711582326, 64.792628611621183 ], [ -16.516895412393296, 64.59896767321959 ], [ -17.269273893775107, 64.297508547181735 ], [ -17.590453668402006, 64.276157737089932 ], [ -17.872074248327863, 64.319688578964815 ], [ -18.23416625217078, 64.461835057342057 ], [ -18.262178779527005, 64.604668623158489 ], [ -17.712288972757847, 64.902322634881727 ], [ -17.360910648207778, 64.940124504842061 ] ] ] } },
{ "type": "Feature", "properties": { "ZONE_ID": "ISAS015", "areakm2": 31763.2029525, "tctCluster": "Shallow Default", "CSZ_ID": "SZ26", "TECTO_ID": "TSZ011", "magScaleRe": "WC1994", "SS": 50.0, "NF": 40.0, "TF": 10.0, "MINDEPTH": 0.0, "MAXDEPTH": 15.0, "HYPODEPTH1": 2.0, "HYPODEPTH2": 8.0, "HYPODEPTH3": 10.0, "WHDEPTH1": 0.1, "WHDEPTH2": 0.4, "WHDEPTH3": 0.5, "WMAXMAG01": 0.5, "WMAXMAG02": 0.4, "WMAXMAG03": 0.1, "MAXMAG01": 6.3, "MAXMAG02": 6.6, "MAXMAG03": 6.9, "STRIKE1": 0.0, "STRIKE2": 0.0, "STRIKE3": 0.0, "STRIKE4": 0.0, "DIP1": 89.99, "DIP2": 0.0, "DIP3": 0.0, "DIP4": 0.0, "aspRatio": 1.0, "mfd_bin": 0.2, "a_val": 3.56498689329, "a_hi": 3.5808596136899999, "a_mid": 3.5649838576700001, "a_lo": 3.5491081016499999, "sigma_a": 0.046710458166400001, "b_val": 0.91375021489099995, "b_hi": 0.94317718981800003, "b_mid": 0.91375021489099995, "b_lo": 0.88432323996499995, "sigma_b": 0.0085288874901100001, "cum_cov_ab": 0.054321, "MCORNERP1": 6.0, "MCORNERP2": 6.2, "MCORNERP3": 6.4, "MAXMAGP1": 6.4, "MAXMAGP2": 6.6, "utsu_bval2": 0.0, "utsu_aval": 0.0, "utsu_Minfl": 0.0, "Shape_Leng": 7.8270109479199999, "Shape_Area": 2.5631962984599999 }, "geometry": { "type": "Polygon", "coordinates": [ [ [ -16.573112711582326, 64.792628611621183 ], [ -16.911088094340016, 64.926328863286471 ], [ -17.360910648207778, 64.940124504842061 ], [ -17.712288972757847, 64.902322634881727 ], [ -17.24284975081531, 65.310644068169267 ], [ -17.170648165080706, 65.435141667054324 ], [ -17.158000000899278, 65.609099999065734 ], [ -17.000000000099874, 65.93 ], [ -16.540000000299756, 66.169999999700281 ], [ -16.482270020744807, 66.237438181426967 ], [ -16.513861611524135, 66.325263995736861 ], [ -16.974944329417212, 66.441054207485763 ], [ -16.932034830942655, 66.692816317019492 ], [ -16.335953109948036, 66.719581612401555 ], [ -15.857001037467853, 66.657855817292216 ], [ -15.68830224295408, 65.891228561948651 ], [ -15.554938988843219, 65.674119557571601 ], [ -15.54159363333946, 65.556808218124843 ], [ -15.669780362773452, 65.05030358824007 ], [ -16.05783462137066, 64.769920350443897 ], [ -16.516895412393296, 64.59896767321959 ], [ -16.573112711582326, 64.792628611621183 ] ] ] } },
{ "type": "Feature", "properties": { "ZONE_ID": "ISAS016", "areakm2": 16334.4875008, "tctCluster": "Shallow Default", "CSZ_ID": "SZ26", "TECTO_ID": "TSZ051", "magScaleRe": "WC1994", "SS": 50.0, "NF": 40.0, "TF": 10.0, "MINDEPTH": 0.0, "MAXDEPTH": 15.0, "HYPODEPTH1": 2.0, "HYPODEPTH2": 8.0, "HYPODEPTH3": 10.0, "WHDEPTH1": 0.1, "WHDEPTH2": 0.4, "WHDEPTH3": 0.5, "WMAXMAG01": 0.5, "WMAXMAG02": 0.4, "WMAXMAG03": 0.1, "MAXMAG01": 6.6, "MAXMAG02": 6.9, "MAXMAG03": 7.2, "STRIKE1": 0.0, "STRIKE2": 0.0, "STRIKE3": 0.0, "STRIKE4": 0.0, "DIP1": 89.99, "DIP2": 0.0, "DIP3": 0.0, "DIP4": 0.0, "aspRatio": 1.0, "mfd_bin": 0.2, "a_val": 3.93, "a_hi": 3.96872872414, "a_mid": 3.93019618221, "a_lo": 3.89166364029, "sigma_a": 0.061423452801700001, "b_val": 1.3, "b_hi": 1.37096682208, "b_mid": 1.3, "b_lo": 1.2290331779200001, "sigma_b": 0.049603447619599998, "cum_cov_ab": 0.054321, "MCORNERP1": 6.2, "MCORNERP2": 6.4, "MCORNERP3": 6.6, "MAXMAGP1": 5.8, "MAXMAGP2": 5.8, "utsu_bval2": 0.0, "utsu_aval": 0.0, "utsu_Minfl": 0.0, "Shape_Leng": 5.0567724047400002, "Shape_Area": 1.31814470923 }, "geometry": { "type": "Polygon", "coordinates": [ [ [ -18.98370396046937, 67.682907926459677 ], [ -18.824196939637034, 68.180346964740693 ], [ -18.456632550351856, 68.693392771259425 ], [ -17.420059595174109, 68.593377518058048 ], [ -17.828094872280474, 68.216509637709692 ], [ -18.239734901944132, 67.425478543000395 ], [ -18.262272552736079, 67.173822305255214 ], [ -18.908599999890043, 67.172699999005829 ], [ -18.98370396046937, 67.682907926459677 ] ] ] } },
{ "type": "Feature", "properties": { "ZONE_ID": "ISAS017", "areakm2": 321745.37600500003, "tctCluster": "Shallow Default", "CSZ_ID": "SZ26", "TECTO_ID": "TSZ011", "magScaleRe": "WC1994", "SS": 50.0, "NF": 40.0, "TF": 10.0, "MINDEPTH": 0.0, "MAXDEPTH": 15.0, "HYPODEPTH1": 2.0, "HYPODEPTH2": 8.0, "HYPODEPTH3": 10.0, "WHDEPTH1": 0.1, "WHDEPTH2": 0.4, "WHDEPTH3": 0.5, "WMAXMAG01": 0.5, "WMAXMAG02": 0.4, "WMAXMAG03": 0.1, "MAXMAG01": 6.3, "MAXMAG02": 6.6, "MAXMAG03": 6.9, "STRIKE1": 0.0, "STRIKE2": 0.0, "STRIKE3": 0.0, "STRIKE4": 0.0, "DIP1": 89.99, "DIP2": 0.0, "DIP3": 0.0, "DIP4": 0.0, "aspRatio": 1.0, "mfd_bin": 0.2, "a_val": 2.87, "a_hi": 2.9089578718500002, "a_mid": 2.8701293379599999, "a_lo": 2.8313008040800001, "sigma_a": 0.061423452801700001, "b_val": 1.0, "b_hi": 1.07359395223, "b_mid": 1.0, "b_lo": 0.92640604777199997, "sigma_b": 0.053343978126299998, "cum_cov_ab": 0.054321, "MCORNERP1": 7.6, "MCORNERP2": 7.8, "MCORNERP3": 8.0, "MAXMAGP1": 6.4, "MAXMAGP2": 6.4, "utsu_bval2": 0.0, "utsu_aval": 0.0, "utsu_Minfl": 0.0, "Shape_Leng": 32.355833935299998, "Shape_Area": 25.963897860100001 }, "geometry": { "type": "Polygon", "coordinates": [ [ [ -21.629859876831802, 64.601396895850144 ], [ -21.257888060385653, 64.468609843669412 ], [ -21.078389783161924, 64.380850209569587 ], [ -21.191041497666959, 64.26152214583044 ], [ -21.388800000019955, 64.073200000379757 ], [ -21.907200000379646, 64.018599999690309 ], [ -22.349300000294761, 63.929700000054993 ], [ -22.751099999765131, 63.839299999595369 ], [ -23.043325805241693, 63.809149325081364 ], [ -23.407833150679323, 63.731752925157423 ], [ -24.543104469195839, 63.234649454508769 ], [ -25.044088670056055, 63.053320828493497 ], [ -25.607985432981309, 63.300025662554333 ], [ -26.183400767531339, 63.617792340044502 ], [ -26.452942981133617, 63.766644009813263 ], [ -27.108730928389605, 64.447654570701957 ], [ -27.096119622022911, 65.885343533377409 ], [ -25.697742711357023, 66.671500825103067 ], [ -24.436628378496835, 67.218776856666636 ], [ -22.452052899521675, 67.491073460771645 ], [ -21.068049092291744, 67.599264593686087 ], [ -19.895063503178108, 67.663537776946896 ], [ -18.98370396046937, 67.682907926459677 ], [ -18.908599999890043, 67.172699999005829 ], [ -19.124654085117868, 66.510119312256506 ], [ -19.598534257350025, 66.527905494842742 ], [ -19.987744802180828, 66.152092985103252 ], [ -19.940832758524948, 66.053522109657706 ], [ -19.777416683333229, 65.971009032241113 ], [ -17.84854569302928, 65.744973070350966 ], [ -17.158000000899278, 65.609099999065734 ], [ -17.170648165080706, 65.435141667054324 ], [ -17.24284975081531, 65.310644068169267 ], [ -17.712288972757847, 64.902322634881727 ], [ -18.457096872122918, 65.010096212570204 ], [ -19.267288422322792, 64.991141165832175 ], [ -19.882389845015268, 64.97946440705681 ], [ -20.464907480995407, 64.814609832078133 ], [ -21.339841451921416, 64.90794291743174 ], [ -22.114100598763571, 64.971661735200996 ], [ -23.19625472057885, 65.010158715452405 ], [ -23.719673519817036, 64.997820774209401 ], [ -23.911027406689414, 64.967835245800018 ], [ -24.045863770096844, 64.887093098967398 ], [ -24.06753334578724, 64.792945690091585 ], [ -23.922655074172269, 64.687734903243268 ], [ -23.345683414258133, 64.729657030647502 ], [ -22.844735562196377, 64.728682143066521 ], [ -21.629859876831802, 64.601396895850144 ] ] ] } },
{ "type": "Feature", "properties": { "ZONE_ID": "ISAS018", "areakm2": 301834.51323300001, "tctCluster": "Shallow Default", "CSZ_ID": "SZ26", "TECTO_ID": "TSZ011", "magScaleRe": "WC1994", "SS": 50.0, "NF": 40.0, "TF": 10.0, "MINDEPTH": 0.0, "MAXDEPTH": 15.0, "HYPODEPTH1": 2.0, "HYPODEPTH2": 8.0, "HYPODEPTH3": 10.0, "WHDEPTH1": 0.1, "WHDEPTH2": 0.4, "WHDEPTH3": 0.5, "WMAXMAG01": 0.5, "WMAXMAG02": 0.4, "WMAXMAG03": 0.1, "MAXMAG01": 7.9, "MAXMAG02": 8.2, "MAXMAG03": 8.5, "STRIKE1": 0.0, "STRIKE2": 0.0, "STRIKE3": 0.0, "STRIKE4": 0.0, "DIP1": 89.99, "DIP2": 0.0, "DIP3": 0.0, "DIP4": 0.0, "aspRatio": 1.0, "mfd_bin": 0.2, "a_val": 2.87, "a_hi": 2.9869026933199998, "a_mid": 2.8701104430200002, "a_lo": 2.7533181927100001, "sigma_a": 0.172854107328, "b_val": 1.0, "b_hi": 1.0557154684500001, "b_mid": 1.0, "b_lo": 0.94428453155199998, "sigma_b": 0.0305740322748, "cum_cov_ab": 0.054321, "MCORNERP1": 7.6, "MCORNERP2": 7.8, "MCORNERP3": 8.0, "MAXMAGP1": 6.4, "MAXMAGP2": 6.4, "utsu_bval2": 0.0, "utsu_aval": 0.0, "utsu_Minfl": 0.0, "Shape_Leng": 38.155654466599998, "Shape_Area": 24.357150267600002 }, "geometry": { "type": "Polygon", "coordinates": [ [ [ -20.3298017445548, 63.593001754427462 ], [ -20.927349040325907, 63.195184011433014 ], [ -19.696928748762673, 63.224863502348796 ], [ -18.752942266272498, 63.532569528860733 ], [ -17.804335051821113, 64.083161394982426 ], [ -17.269273893775107, 64.297508547181735 ], [ -16.516895412393296, 64.59896767321959 ], [ -16.05783462137066, 64.769920350443897 ], [ -15.669780362773452, 65.05030358824007 ], [ -15.54159363333946, 65.556808218124843 ], [ -15.554938988843219, 65.674119557571601 ], [ -15.68830224295408, 65.891228561948651 ], [ -15.857001037467853, 66.657855817292216 ], [ -16.335953109948036, 66.719581612401555 ], [ -16.932034830942655, 66.692816317019492 ], [ -16.974944329417212, 66.441054207485763 ], [ -17.5, 66.569999999800189 ], [ -18.262272552736079, 67.173822305255214 ], [ -18.239734901944132, 67.425478543000395 ], [ -15.287600810329081, 67.706566362747481 ], [ -14.350761406513641, 67.502964806780483 ], [ -13.141995215107045, 66.97948338594955 ], [ -11.980818244266516, 66.313234304319735 ], [ -11.343122695156183, 65.438782384399587 ], [ -11.331225390239524, 64.808225218419125 ], [ -11.985577166952623, 64.272846491772214 ], [ -15.959277045998817, 63.106910599144896 ], [ -20.246783033210363, 62.687389816686732 ], [ -21.375047382930347, 62.897514007965128 ], [ -23.795341761812836, 62.564519733498969 ], [ -24.624526880311237, 62.887779071646889 ], [ -22.751100000664451, 63.779099998765957 ], [ -22.349300000294761, 63.82789999908573 ], [ -21.907200000379646, 63.826400000060005 ], [ -21.388800000019955, 63.843599999140679 ], [ -21.125699999855044, 63.843600000039999 ], [ -20.517799999170563, 63.810599998990824 ], [ -20.181123798624355, 63.810484351571631 ], [ -20.3298017445548, 63.593001754427462 ] ] ] } },
{ "type": "Feature", "properties": { "ZONE_ID": "ISAS019", "areakm2": 6602.1933637499997, "tctCluster": "Shallow Default", "CSZ_ID": "SZ26", "TECTO_ID": "TSZ011", "magScaleRe": "WC1994", "SS": 50.0, "NF": 40.0, "TF": 10.0, "MINDEPTH": 0.0, "MAXDEPTH": 15.0, "HYPODEPTH1": 2.0, "HYPODEPTH2": 8.0, "HYPODEPTH3": 10.0, "WHDEPTH1": 0.1, "WHDEPTH2": 0.4, "WHDEPTH3": 0.5, "WMAXMAG01": 0.5, "WMAXMAG02": 0.4, "WMAXMAG03": 0.1, "MAXMAG01": 6.3, "MAXMAG02": 6.6, "MAXMAG03": 6.9, "STRIKE1": 0.0, "STRIKE2": 0.0, "STRIKE3": 0.0, "STRIKE4": 0.0, "DIP1": 89.99, "DIP2": 0.0, "DIP3": 0.0, "DIP4": 0.0, "aspRatio": 1.0, "mfd_bin": 0.2, "a_val": 2.6618969063, "a_hi": 2.6775599258399998, "a_mid": 2.6617171919899998, "a_lo": 2.6458744581500002, "sigma_a": 0.046710458166400001, "b_val": 0.91375021489099995, "b_hi": 0.94317718981800003, "b_mid": 0.91375021489099995, "b_lo": 0.88432323996499995, "sigma_b": 0.0085288874901100001, "cum_cov_ab": 0.054321, "MCORNERP1": 6.0, "MCORNERP2": 6.2, "MCORNERP3": 6.4, "MAXMAGP1": 6.2, "MAXMAGP2": 6.4, "utsu_bval2": 0.0, "utsu_aval": 0.0, "utsu_Minfl": 0.0, "Shape_Leng": 4.4347787807800003, "Shape_Area": 0.53277742865099997 }, "geometry": { "type": "Polygon", "coordinates": [ [ [ -18.586848916544227, 64.479111322529548 ], [ -19.126767999143794, 64.267056999081319 ], [ -19.754599999890047, 64.137699999855158 ], [ -20.517800000069883, 64.137699998955839 ], [ -20.709988486579334, 64.125134174002994 ], [ -20.034918564739939, 64.567547647905656 ], [ -18.586848916544227, 64.479111322529548 ] ] ] } },
{ "type": "Feature", "properties": { "ZONE_ID": "ISAS295", "areakm2": 5899.3045593999996, "tctCluster": "Shallow Default", "CSZ_ID": "SZ26", "TECTO_ID": "TSZ011", "magScaleRe": "WC1994", "SS": 50.0, "NF": 40.0, "TF": 10.0, "MINDEPTH": 0.0, "MAXDEPTH": 15.0, "HYPODEPTH1": 2.0, "HYPODEPTH2": 8.0, "HYPODEPTH3": 10.0, "WHDEPTH1": 0.1, "WHDEPTH2": 0.4, "WHDEPTH3": 0.5, "WMAXMAG01": 0.5, "WMAXMAG02": 0.4, "WMAXMAG03": 0.1, "MAXMAG01": 6.3, "MAXMAG02": 6.6, "MAXMAG03": 6.9, "STRIKE1": 0.0, "STRIKE2": 0.0, "STRIKE3": 0.0, "STRIKE4": 0.0, "DIP1": 89.99, "DIP2": 0.0, "DIP3": 0.0, "DIP4": 0.0, "aspRatio": 1.0, "mfd_bin": 0.2, "a_val": 4.53, "a_hi": 4.5862483230800004, "a_mid": 4.5302601293700002, "a_lo": 4.47427193565, "sigma_a": 0.061423452801700001, "b_val": 1.2, "b_hi": 1.2983027552199999, "b_mid": 1.2, "b_lo": 1.10169724478, "sigma_b": 0.095177113112200007, "cum_cov_ab": 0.054321, "MCORNERP1": 6.7, "MCORNERP2": 6.9, "MCORNERP3": 7.1, "MAXMAGP1": 6.6, "MAXMAGP2": 6.8, "utsu_bval2": 0.0, "utsu_aval": 0.0, "utsu_Minfl": 0.0, "Shape_Leng": 2.8039631492199999, "Shape_Area": 0.47605638612500001 }, "geometry": { "type": "Polygon", "coordinates": [ [ [ -18.262272552736079, 67.173822305255214 ], [ -18.610000000299749, 66.38 ], [ -18.866794885975139, 66.308287278535147 ], [ -19.124654085117868, 66.510119312256506 ], [ -18.908599999890043, 67.172699999005829 ], [ -18.262272552736079, 67.173822305255214 ] ] ] } },
{ "type": "Feature", "properties": { "ZONE_ID": "ITAS296", "areakm2": 14876.122828400001, "tctCluster": "Shallow Default", "CSZ_ID": "SZ22", "TECTO_ID": "TSZ025", "magScaleRe": "WC1994", "SS": 35.0, "NF": 15.0, "TF": 50.0, "MINDEPTH": 0.0, "MAXDEPTH": 20.0, "HYPODEPTH1": 2.0, "HYPODEPTH2": 10.0, "HYPODEPTH3": 18.0, "WHDEPTH1": 0.1, "WHDEPTH2": 0.4, "WHDEPTH3": 0.5, "WMAXMAG01": 0.5, "WMAXMAG02": 0.4, "WMAXMAG03": 0.1, "MAXMAG01": 7.5, "MAXMAG02": 7.5, "MAXMAG03": 7.8, "STRIKE1": 0.0, "STRIKE2": 0.0, "STRIKE3": 0.0, "STRIKE4": 319.95943, "DIP1": 89.99, "DIP2": 0.0, "DIP3": 0.0, "DIP4": 30.375203, "aspRatio": 1.0, "mfd_bin": 0.2, "a_val": 4.18412459388, "a_hi": 4.2025962291700001, "a_mid": 4.1843826776400004, "a_lo": 4.1661691261099998, "sigma_a": 0.049198148761299999, "b_val": 0.90319077244599999, "b_hi": 0.93469528942000002, "b_mid": 0.90319077244599999, "b_lo": 0.87168625547099998, "sigma_b": 0.0097756759714900006, "cum_cov_ab": 0.054321, "MCORNERP1": 6.8, "MCORNERP2": 7.0, "MCORNERP3": 7.2, "MAXMAGP1": 7.2, "MAXMAGP2": 7.4, "utsu_bval2": 0.0, "utsu_aval": 0.0, "utsu_Minfl": 0.0, "Shape_Leng": 5.0231019615000001, "Shape_Area": 1.4007426885100001 }, "geometry": { "type": "Polygon", "coordinates": [ [ [ 20.845818093830019, 37.163689253156576 ], [ 20.25840509362024, 36.651514836640445 ], [ 19.380082591438509, 37.481274152480182 ], [ 21.075920694684385, 38.167606554998542 ], [ 21.243764515420082, 37.510664849503257 ], [ 20.845818093830019, 37.163689253156576 ] ] ] } },
{ "type": "Feature", "properties": { "ZONE_ID": "ITAS297", "areakm2": 16879.401324499999, "tctCluster": "Shallow Default", "CSZ_ID": "SZ37", "TECTO_ID": "TSZ220", "magScaleRe": "WC1994", "SS": 30.0, "NF": 65.0, "TF": 5.0, "MINDEPTH": 8.0, "MAXDEPTH": 15.0, "HYPODEPTH1": 11.0, "HYPODEPTH2": 12.0, "HYPODEPTH3": 14.0, "WHDEPTH1": 0.3, "WHDEPTH2": 0.7, "WHDEPTH3": 0.0, "WMAXMAG01": 0.5, "WMAXMAG02": 0.4, "WMAXMAG03": 0.1, "MAXMAG01": 7.4, "MAXMAG02": 7.7, "MAXMAG03": 8.0, "STRIKE1": 0.0, "STRIKE2": 147.223375, "STRIKE3": 187.722583, "STRIKE4": 289.597125, "DIP1": 37.458281, "DIP2": 37.458281, "DIP3": 27.686333, "DIP4": 71.4185, "aspRatio": 1.0, "mfd_bin": 0.2, "a_val": 2.46, "a_hi": 2.5669525955400001, "a_mid": 2.4599806073, "a_lo": 2.3530086190600001, "sigma_a": 0.178793825391, "b_val": 0.75, "b_hi": 0.80764302998100002, "b_mid": 0.75, "b_lo": 0.69235697001899998, "sigma_b": 0.032726137402700001, "cum_cov_ab": 0.054321, "MCORNERP1": 7.1, "MCORNERP2": 7.3, "MCORNERP3": 7.5, "MAXMAGP1": 7.4, "MAXMAGP2": 7.4, "utsu_bval2": 0.0, "utsu_aval": 0.0, "utsu_Minfl": 0.0, "Shape_Leng": 6.3974930680900002, "Shape_Area": 1.36211763874 }, "geometry": { "type": "Polygon", "coordinates": [ [ [ 16.198333739810266, 40.086666107255098 ], [ 17.203224000187504, 39.691643000324234 ], [ 17.41687750169541, 39.239361949994077 ], [ 17.307198361315386, 38.735834989792977 ], [ 16.158593999913194, 37.871082000034335 ], [ 15.853793547134558, 37.934704988744272 ], [ 16.667726517165079, 39.001201629551588 ], [ 16.66643699996763, 39.252657000120507 ], [ 16.460296630884841, 39.70523834217579 ], [ 16.198333739810266, 40.086666107255098 ] ] ] } },
{ "type": "Feature", "properties": { "ZONE_ID": "ITAS299", "areakm2": 8184.7298028300002, "tctCluster": "Shallow Default", "CSZ_ID": "SZ38", "TECTO_ID": "TSZ046", "magScaleRe": "WC1994", "SS": 35.0, "NF": 15.0, "TF": 50.0, "MINDEPTH": 0.0, "MAXDEPTH": 20.0, "HYPODEPTH1": 2.0, "HYPODEPTH2": 10.0, "HYPODEPTH3": 18.0, "WHDEPTH1": 0.1, "WHDEPTH2": 0.4, "WHDEPTH3": 0.5, "WMAXMAG01": 0.5, "WMAXMAG02": 0.4, "WMAXMAG03": 0.1, "MAXMAG01": 6.9, "MAXMAG02": 7.2, "MAXMAG03": 7.5, "STRIKE1": 20.255, "STRIKE2": 165.904063, "STRIKE3": 227.187402, "STRIKE4": 274.855708, "DIP1": 30.661, "DIP2": 23.588979, "DIP3": 11.932067, "DIP4": 9.957729, "aspRatio": 1.0, "mfd_bin": 0.2, "a_val": 4.15, "a_hi": 4.2145236714100003, "a_mid": 4.1499371373600002, "a_lo": 4.0853506033100002, "sigma_a": 0.061423452801700001, "b_val": 1.07, "b_hi": 1.1554223003299999, "b_mid": 1.07, "b_lo": 0.98457769967300002, "sigma_b": 0.071869342483199997, "cum_cov_ab": 0.054321, "MCORNERP1": 6.3, "MCORNERP2": 6.5, "MCORNERP3": 6.7, "MAXMAGP1": 6.6, "MAXMAGP2": 6.8, "utsu_bval2": 0.0, "utsu_aval": 0.0, "utsu_Minfl": 0.0, "Shape_Leng": 10.4243012161, "Shape_Area": 4.8540637501 }, "geometry": { "type": "Polygon", "coordinates": [ [ [ 16.369657516880977, 36.555648803549502 ], [ 15.349058865774111, 37.005374120019667 ], [ 15.096288992143343, 37.371253202273522 ], [ 15.088227734622308, 37.485167992109211 ], [ 15.17496871923106, 37.513366698914069 ], [ 15.294990539781622, 37.794456481881184 ], [ 15.72612099968444, 37.757441999848481 ], [ 15.853793547134558, 37.934704988744272 ], [ 16.158593999913194, 37.871082000034335 ], [ 17.307198361315386, 38.735834989792977 ], [ 17.41687750169541, 39.239361949994077 ], [ 17.203224000187504, 39.691643000324234 ], [ 18.328666687417751, 38.89676666265143 ], [ 18.528978347972441, 38.137226104601098 ], [ 18.142183303916397, 37.545284271452033 ], [ 16.996339798243127, 36.700019836846025 ], [ 16.369657516880977, 36.555648803549502 ] ] ] } },
{ "type": "Feature", "properties": { "ZONE_ID": "ITAS300", "areakm2": 20481.786152799999, "tctCluster": "Shallow Default", "CSZ_ID": "SZ47", "TECTO_ID": "TSZ042", "magScaleRe": "WC1994", "SS": 10.0, "NF": 70.0, "TF": 20.0, "MINDEPTH": 6.0, "MAXDEPTH": 15.0, "HYPODEPTH1": 7.0, "HYPODEPTH2": 8.0, "HYPODEPTH3": 10.0, "WHDEPTH1": 0.3, "WHDEPTH2": 0.6, "WHDEPTH3": 0.1, "WMAXMAG01": 0.5, "WMAXMAG02": 0.4, "WMAXMAG03": 0.1, "MAXMAG01": 6.5, "MAXMAG02": 6.8, "MAXMAG03": 7.1, "STRIKE1": 46.167, "STRIKE2": 113.6304, "STRIKE3": 0.0, "STRIKE4": 0.0, "DIP1": 29.468846, "DIP2": 27.2441, "DIP3": 0.0, "DIP4": 0.0, "aspRatio": 1.0, "mfd_bin": 0.2, "a_val": 3.6973, "a_hi": 3.70335544371, "a_mid": 3.6974933209800001, "a_lo": 3.6916311982600001, "sigma_a": 0.01, "b_val": 1.03, "b_hi": 1.0618639364, "b_mid": 1.03, "b_lo": 0.99813606360399998, "sigma_b": 0.01, "cum_cov_ab": 0.054321, "MCORNERP1": 6.0, "MCORNERP2": 6.2, "MCORNERP3": 6.4, "MAXMAGP1": 6.2, "MAXMAGP2": 6.4, "utsu_bval2": 0.0, "utsu_aval": 0.0, "utsu_Minfl": 0.0, "Shape_Leng": 6.0464835621299997, "Shape_Area": 1.6528194135300001 }, "geometry": { "type": "Polygon", "coordinates": [ [ [ 6.706062012651785, 45.332241783031918 ], [ 6.984382868474654, 45.622611519106385 ], [ 7.302256673206955, 45.840104123006938 ], [ 7.998287535541408, 46.034895062257362 ], [ 8.259834356170643, 45.628238910797165 ], [ 7.762297999553084, 45.402624999843908 ], [ 7.633130000049505, 45.310859000242715 ], [ 7.509612702664128, 45.11800590844598 ], [ 7.419786330274974, 44.815379355373011 ], [ 7.439078526552805, 44.666281145458527 ], [ 7.570440004902366, 44.486626106509675 ], [ 7.667113772182915, 44.160614052396681 ], [ 7.205024443123591, 44.14271976770317 ], [ 7.112449511435841, 44.20978015413084 ], [ 6.870204004411335, 44.265726323910769 ], [ 6.801997590316603, 44.405239443445623 ], [ 6.669999999900142, 44.479999999700283 ], [ 6.548332681707961, 44.712162415862849 ], [ 6.488788277656909, 44.872000122807492 ], [ 6.48713096202431, 44.997000238570195 ], [ 6.706062012651785, 45.332241783031918 ] ] ] } },
{ "type": "Feature", "properties": { "ZONE_ID": "ITAS301", "areakm2": 20699.836583200002, "tctCluster": "Shallow Default", "CSZ_ID": "SZ08", "TECTO_ID": "TSZ032", "magScaleRe": "WC1994", "SS": 20.0, "NF": 30.0, "TF": 50.0, "MINDEPTH": 0.0, "MAXDEPTH": 20.0, "HYPODEPTH1": 2.0, "HYPODEPTH2": 10.0, "HYPODEPTH3": 18.0, "WHDEPTH1": 0.1, "WHDEPTH2": 0.4, "WHDEPTH3": 0.5, "WMAXMAG01": 0.5, "WMAXMAG02": 0.4, "WMAXMAG03": 0.1, "MAXMAG01": 7.1, "MAXMAG02": 7.4, "MAXMAG03": 7.7, "STRIKE1": 84.203909, "STRIKE2": 94.825968, "STRIKE3": 261.994721, "STRIKE4": 275.842167, "DIP1": 21.708825, "DIP2": 22.165048, "DIP3": 47.71886, "DIP4": 48.201667, "aspRatio": 1.0, "mfd_bin": 0.2, "a_val": 3.85, "a_hi": 3.90641099628, "a_mid": 3.8501397057600002, "a_lo": 3.79386841523, "sigma_a": 0.104974958612, "b_val": 1.02, "b_hi": 1.06960831778, "b_mid": 1.02, "b_lo": 0.97039168222100003, "sigma_b": 0.024238745997, "cum_cov_ab": 0.054321, "MCORNERP1": 6.6, "MCORNERP2": 6.8, "MCORNERP3": 7.0, "MAXMAGP1": 6.8, "MAXMAGP2": 7.0, "utsu_bval2": 0.0, "utsu_aval": 0.0, "utsu_Minfl": 0.0, "Shape_Leng": 7.2048991030799998, "Shape_Area": 1.6704154358700001 }, "geometry": { "type": "Polygon", "coordinates": [ [ [ 13.133066999642381, 38.794506000151841 ], [ 14.212830999551045, 38.80887199984295 ], [ 14.575943000069458, 38.769684000316431 ], [ 14.71936600044063, 38.347473000278796 ], [ 13.158575058092481, 38.250534058000426 ], [ 12.349725635429763, 38.168229622399224 ], [ 11.893799999770238, 37.999899999585352 ], [ 11.588578845937036, 38.136956752252388 ], [ 11.562699999705274, 38.395000000349796 ], [ 11.540177999814887, 38.651918999662144 ], [ 13.133066999642381, 38.794506000151841 ] ] ] } },
{ "type": "Feature", "properties": { "ZONE_ID": "ITAS302", "areakm2": 6379.8785792099998, "tctCluster": "Shallow Default", "CSZ_ID": "SZ08", "TECTO_ID": "TSZ032", "magScaleRe": "WC1994", "SS": 30.0, "NF": 65.0, "TF": 5.0, "MINDEPTH": 8.0, "MAXDEPTH": 20.0, "HYPODEPTH1": 9.0, "HYPODEPTH2": 10.0, "HYPODEPTH3": 18.0, "WHDEPTH1": 0.1, "WHDEPTH2": 0.4, "WHDEPTH3": 0.5, "WMAXMAG01": 0.5, "WMAXMAG02": 0.4, "WMAXMAG03": 0.1, "MAXMAG01": 6.3, "MAXMAG02": 6.6, "MAXMAG03": 6.9, "STRIKE1": 0.0, "STRIKE2": 0.0, "STRIKE3": 0.0, "STRIKE4": 338.963569, "DIP1": 89.99, "DIP2": 0.0, "DIP3": 0.0, "DIP4": 75.750892, "aspRatio": 1.0, "mfd_bin": 0.2, "a_val": 3.18, "a_hi": 3.2480283270600001, "a_mid": 3.18043767162, "a_lo": 3.1128470161699999, "sigma_a": 0.109337295652, "b_val": 0.96, "b_hi": 1.00943337276, "b_mid": 0.96, "b_lo": 0.91056662723699999, "sigma_b": 0.024068090310300001, "cum_cov_ab": 0.054321, "MCORNERP1": 6.4, "MCORNERP2": 6.6, "MCORNERP3": 6.8, "MAXMAGP1": 6.6, "MAXMAGP2": 6.8, "utsu_bval2": 0.0, "utsu_aval": 0.0, "utsu_Minfl": 0.0, "Shape_Leng": 3.3307928375300002, "Shape_Area": 0.53082196114199998 }, "geometry": { "type": "Polygon", "coordinates": [ [ [ 14.71936600044063, 38.347473000278796 ], [ 14.575943000069458, 38.769684000316431 ], [ 14.989361541601909, 38.778571604396063 ], [ 15.170981000273002, 38.290005000430483 ], [ 15.294990539781622, 37.794456481881184 ], [ 15.17496871923106, 37.513366698914069 ], [ 14.85896015158977, 37.569961547887203 ], [ 14.794011000107616, 37.743270000110442 ], [ 14.837768999939442, 37.835723999962681 ], [ 14.71936600044063, 38.347473000278796 ] ] ] } },
{ "type": "Feature", "properties": { "ZONE_ID": "ITAS303", "areakm2": 15312.8340763, "tctCluster": "Shallow Default", "CSZ_ID": "SZ37", "TECTO_ID": "TSZ027", "magScaleRe": "WC1994", "SS": 30.0, "NF": 65.0, "TF": 5.0, "MINDEPTH": 8.0, "MAXDEPTH": 20.0, "HYPODEPTH1": 9.0, "HYPODEPTH2": 10.0, "HYPODEPTH3": 18.0, "WHDEPTH1": 0.1, "WHDEPTH2": 0.4, "WHDEPTH3": 0.5, "WMAXMAG01": 0.5, "WMAXMAG02": 0.4, "WMAXMAG03": 0.1, "MAXMAG01": 7.4, "MAXMAG02": 7.7, "MAXMAG03": 8.1, "STRIKE1": 89.918182, "STRIKE2": 0.0, "STRIKE3": 0.0, "STRIKE4": 273.925629, "DIP1": 75.675, "DIP2": 0.0, "DIP3": 0.0, "DIP4": 70.505814, "aspRatio": 1.0, "mfd_bin": 0.2, "a_val": 2.95, "a_hi": 3.0002323682299998, "a_mid": 2.9500783562400001, "a_lo": 2.89992434424, "sigma_a": 0.087129558220600006, "b_val": 0.85, "b_hi": 0.89189535632899997, "b_mid": 0.85, "b_lo": 0.80810464367099999, "sigma_b": 0.017287529095899999, "cum_cov_ab": 0.054321, "MCORNERP1": 6.8, "MCORNERP2": 7.0, "MCORNERP3": 7.2, "MAXMAGP1": 7.0, "MAXMAGP2": 7.2, "utsu_bval2": 0.0, "utsu_aval": 0.0, "utsu_Minfl": 0.0, "Shape_Leng": 6.9085409735300001, "Shape_Area": 1.50811600498 }, "geometry": { "type": "Polygon", "coordinates": [ [ [ 15.116708755704565, 41.128231048923794 ], [ 14.966277956462591, 41.228636227479967 ], [ 14.620584487584097, 41.459369659582194 ], [ 16.538572311463042, 41.448795318549173 ], [ 16.540355999829558, 40.861224999933825 ], [ 17.442276054196611, 40.840198753369805 ], [ 17.440999999850135, 40.484999999950105 ], [ 15.815711975427348, 40.525947570723872 ], [ 15.447839736514652, 40.865009307533569 ], [ 15.116708755704565, 41.128231048923794 ] ] ] } },
{ "type": "Feature", "properties": { "ZONE_ID": "ITAS305", "areakm2": 54412.193141099997, "tctCluster": "Shallow Default", "CSZ_ID": "SZ37", "TECTO_ID": "TSZ222", "magScaleRe": "WC1994", "SS": 35.0, "NF": 15.0, "TF": 50.0, "MINDEPTH": 0.0, "MAXDEPTH": 20.0, "HYPODEPTH1": 2.0, "HYPODEPTH2": 10.0, "HYPODEPTH3": 18.0, "WHDEPTH1": 0.1, "WHDEPTH2": 0.4, "WHDEPTH3": 0.5, "WMAXMAG01": 0.5, "WMAXMAG02": 0.4, "WMAXMAG03": 0.1, "MAXMAG01": 6.9, "MAXMAG02": 7.2, "MAXMAG03": 7.5, "STRIKE1": 0.0, "STRIKE2": 0.0, "STRIKE3": 0.0, "STRIKE4": 319.95943, "DIP1": 89.99, "DIP2": 0.0, "DIP3": 0.0, "DIP4": 30.375203, "aspRatio": 1.0, "mfd_bin": 0.2, "a_val": 3.07575749056, "a_hi": 3.1489165933300001, "a_mid": 3.07579864114, "a_lo": 3.00268068896, "sigma_a": 0.061423452801700001, "b_val": 1.0, "b_hi": 1.0754547138299999, "b_mid": 1.0, "b_lo": 0.92454528617099996, "sigma_b": 0.056075596189000002, "cum_cov_ab": 0.054321, "MCORNERP1": 6.0, "MCORNERP2": 6.2, "MCORNERP3": 6.4, "MAXMAGP1": 6.2, "MAXMAGP2": 6.4, "utsu_bval2": 0.0, "utsu_aval": 0.0, "utsu_Minfl": 0.0, "Shape_Leng": 11.888996369099999, "Shape_Area": 4.4372750640999996 }, "geometry": { "type": "Polygon", "coordinates": [ [ [ 17.203224000187504, 39.691643000324234 ], [ 16.198333739810266, 40.086666107255098 ], [ 15.815711975427348, 40.525947570723872 ], [ 17.440999999850135, 40.484999999950105 ], [ 17.442276054196611, 40.840198753369805 ], [ 16.540355999829558, 40.861224999933825 ], [ 16.538572311463042, 41.448795318549173 ], [ 17.016130447362286, 41.446163177388769 ], [ 17.030021667066308, 41.927883148188812 ], [ 17.601276856541745, 41.872998307925627 ], [ 17.839950316653812, 41.388230309880953 ], [ 18.199912706106545, 41.152461447737664 ], [ 18.602758116194138, 40.888604981035087 ], [ 19.062236726843537, 40.587654791235707 ], [ 18.689981818206377, 39.703601079626196 ], [ 18.328666687417751, 38.89676666265143 ], [ 17.203224000187504, 39.691643000324234 ] ] ] } },
{ "type": "Feature", "properties": { "ZONE_ID": "ITAS306", "areakm2": 23010.884540200001, "tctCluster": "Shallow Default", "CSZ_ID": "SZ08", "TECTO_ID": "TSZ132", "magScaleRe": "WC1994", "SS": 20.0, "NF": 30.0, "TF": 50.0, "MINDEPTH": 0.0, "MAXDEPTH": 20.0, "HYPODEPTH1": 2.0, "HYPODEPTH2": 10.0, "HYPODEPTH3": 18.0, "WHDEPTH1": 0.1, "WHDEPTH2": 0.4, "WHDEPTH3": 0.5, "WMAXMAG01": 0.5, "WMAXMAG02": 0.4, "WMAXMAG03": 0.1, "MAXMAG01": 7.1, "MAXMAG02": 7.4, "MAXMAG03": 7.7, "STRIKE1": 0.0, "STRIKE2": 0.0, "STRIKE3": 244.77874, "STRIKE4": 302.833611, "DIP1": 27.26424, "DIP2": 0.0, "DIP3": 27.26424, "DIP4": 27.220963, "aspRatio": 1.0, "mfd_bin": 0.2, "a_val": 2.97, "a_hi": 3.0557291427300002, "a_mid": 2.96998049262, "a_lo": 2.8842318425000002, "sigma_a": 0.12804586993600001, "b_val": 0.883, "b_hi": 0.93654153073500002, "b_mid": 0.883, "b_lo": 0.829458469265, "sigma_b": 0.0282346698408, "cum_cov_ab": 0.054321, "MCORNERP1": 6.5, "MCORNERP2": 6.7, "MCORNERP3": 6.9, "MAXMAGP1": 6.8, "MAXMAGP2": 6.8, "utsu_bval2": 0.0, "utsu_aval": 0.0, "utsu_Minfl": 0.0, "Shape_Leng": 7.4115488390699999, "Shape_Area": 1.9358984377199999 }, "geometry": { "type": "Polygon", "coordinates": [ [ [ 12.596562999882565, 37.318882000404074 ], [ 11.893799999770238, 37.999899999585352 ], [ 12.349725635429763, 38.168229622399224 ], [ 13.158575058092481, 38.250534058000426 ], [ 13.772899999835147, 37.788500000374768 ], [ 14.093664168966257, 37.826564788933922 ], [ 14.794011000107616, 37.743270000110442 ], [ 14.85896015158977, 37.569961547887203 ], [ 15.17496871923106, 37.513366698914069 ], [ 14.700623512065476, 37.35916137669625 ], [ 14.403430938886743, 37.182456970213082 ], [ 14.223557472599339, 37.070060729718932 ], [ 13.923681259482578, 37.059185027666956 ], [ 13.711199760760394, 37.110744476276636 ], [ 13.504326820126721, 37.197254181335438 ], [ 13.109631538564713, 37.488861084171731 ], [ 12.596562999882565, 37.318882000404074 ] ] ] } },
{ "type": "Feature", "properties": { "ZONE_ID": "ITAS307", "areakm2": 8514.7869724600005, "tctCluster": "Shallow Default", "CSZ_ID": "SZ08", "TECTO_ID": "TSZ032", "magScaleRe": "WC1994", "SS": 20.0, "NF": 30.0, "TF": 50.0, "MINDEPTH": 7.0, "MAXDEPTH": 15.0, "HYPODEPTH1": 8.0, "HYPODEPTH2": 10.0, "HYPODEPTH3": 12.0, "WHDEPTH1": 0.3, "WHDEPTH2": 0.6, "WHDEPTH3": 0.1, "WMAXMAG01": 0.5, "WMAXMAG02": 0.4, "WMAXMAG03": 0.1, "MAXMAG01": 7.1, "MAXMAG02": 7.4, "MAXMAG03": 7.7, "STRIKE1": 0.0, "STRIKE2": 0.0, "STRIKE3": 0.0, "STRIKE4": 0.0, "DIP1": 89.99, "DIP2": 0.0, "DIP3": 0.0, "DIP4": 0.0, "aspRatio": 1.0, "mfd_bin": 0.2, "a_val": 3.31, "a_hi": 3.3629891887, "a_mid": 3.3100132764899999, "a_lo": 3.2570373642799999, "sigma_a": 0.082364805752299999, "b_val": 0.96, "b_hi": 1.00137060249, "b_mid": 0.96, "b_lo": 0.91862939750700001, "sigma_b": 0.016857176668899999, "cum_cov_ab": 0.054321, "MCORNERP1": 6.0, "MCORNERP2": 6.2, "MCORNERP3": 6.4, "MAXMAGP1": 6.4, "MAXMAGP2": 6.4, "utsu_bval2": 0.0, "utsu_aval": 0.0, "utsu_Minfl": 0.0, "Shape_Leng": 3.98833128359, "Shape_Area": 0.68711806228700001 }, "geometry": { "type": "Polygon", "coordinates": [ [ [ 13.772899999835147, 37.788500000374768 ], [ 13.158575058092481, 38.250534058000426 ], [ 14.71936600044063, 38.347473000278796 ], [ 14.837768999939442, 37.835723999962681 ], [ 14.794011000107616, 37.743270000110442 ], [ 14.093664168966257, 37.826564788933922 ], [ 13.772899999835147, 37.788500000374768 ] ] ] } },
{ "type": "Feature", "properties": { "ZONE_ID": "ITAS308", "areakm2": 14634.328394, "tctCluster": "Shallow Default", "CSZ_ID": "SZ37", "TECTO_ID": "TSZ094", "magScaleRe": "WC1994", "SS": 30.0, "NF": 65.0, "TF": 5.0, "MINDEPTH": 8.0, "MAXDEPTH": 15.0, "HYPODEPTH1": 10.0, "HYPODEPTH2": 12.0, "HYPODEPTH3": 14.0, "WHDEPTH1": 0.3, "WHDEPTH2": 0.6, "WHDEPTH3": 0.1, "WMAXMAG01": 0.5, "WMAXMAG02": 0.4, "WMAXMAG03": 0.1, "MAXMAG01": 7.4, "MAXMAG02": 7.7, "MAXMAG03": 8.0, "STRIKE1": 25.322861, "STRIKE2": 147.194, "STRIKE3": 181.0645, "STRIKE4": 288.159071, "DIP1": 28.564215, "DIP2": 62.3886, "DIP3": 57.6083, "DIP4": 72.026571, "aspRatio": 1.0, "mfd_bin": 0.2, "a_val": 3.04, "a_hi": 3.0670442491099998, "a_mid": 3.0397504166, "a_lo": 3.0124565840900002, "sigma_a": 0.058433633370699997, "b_val": 0.8, "b_hi": 0.83443072570099996, "b_mid": 0.8, "b_lo": 0.76556927429900001, "sigma_b": 0.0116759842356, "cum_cov_ab": 0.054321, "MCORNERP1": 7.3, "MCORNERP2": 7.5, "MCORNERP3": 7.7, "MAXMAGP1": 7.6, "MAXMAGP2": 7.6, "utsu_bval2": 0.35, "utsu_aval": 3.04, "utsu_Minfl": 5.8, "Shape_Leng": 5.6082403679299997, "Shape_Area": 1.1809469105299999 }, "geometry": { "type": "Polygon", "coordinates": [ [ [ 15.170981000273002, 38.290005000430483 ], [ 15.631821439008263, 38.343142215141143 ], [ 16.027631759398218, 39.003452300783124 ], [ 16.040163040491962, 39.43991470350079 ], [ 16.045110702097247, 39.710124969491801 ], [ 16.460296630884841, 39.70523834217579 ], [ 16.66643699996763, 39.252657000120507 ], [ 16.667726517165079, 39.001201629551588 ], [ 15.853793547134558, 37.934704988744272 ], [ 15.72612099968444, 37.757441999848481 ], [ 15.294990539781622, 37.794456481881184 ], [ 15.170981000273002, 38.290005000430483 ] ] ] } },
{ "type": "Feature", "properties": { "ZONE_ID": "ITAS309", "areakm2": 87534.179966600001, "tctCluster": "Shallow Default", "CSZ_ID": "SZ38", "TECTO_ID": "TSZ111", "magScaleRe": "WC1994", "SS": 55.0, "NF": 10.0, "TF": 35.0, "MINDEPTH": 0.0, "MAXDEPTH": 20.0, "HYPODEPTH1": 2.0, "HYPODEPTH2": 10.0, "HYPODEPTH3": 18.0, "WHDEPTH1": 0.1, "WHDEPTH2": 0.4, "WHDEPTH3": 0.5, "WMAXMAG01": 0.5, "WMAXMAG02": 0.4, "WMAXMAG03": 0.1, "MAXMAG01": 7.1, "MAXMAG02": 7.4, "MAXMAG03": 7.7, "STRIKE1": 63.423806, "STRIKE2": 121.845222, "STRIKE3": 237.329145, "STRIKE4": 274.800571, "DIP1": 34.051259, "DIP2": 58.064444, "DIP3": 37.862879, "DIP4": 47.873429, "aspRatio": 1.0, "mfd_bin": 0.2, "a_val": 4.33, "a_hi": 4.3681337645099996, "a_mid": 4.3302360342600004, "a_lo": 4.2923383040100003, "sigma_a": 0.074736567246400001, "b_val": 1.05, "b_hi": 1.0899738158200001, "b_mid": 1.05, "b_lo": 1.01002618418, "sigma_b": 0.015738102197699999, "cum_cov_ab": 0.054321, "MCORNERP1": 6.0, "MCORNERP2": 6.2, "MCORNERP3": 6.4, "MAXMAGP1": 6.4, "MAXMAGP2": 6.6, "utsu_bval2": 0.0, "utsu_aval": 0.0, "utsu_Minfl": 0.0, "Shape_Leng": 13.528523059499999, "Shape_Area": 7.8055091402299999 }, "geometry": { "type": "Polygon", "coordinates": [ [ [ 10.001315623517257, 36.059118342237753 ], [ 5.781717199389277, 37.372153055818899 ], [ 11.002829131958947, 38.913867847822985 ], [ 11.540177999814887, 38.651918999662144 ], [ 11.562699999705274, 38.395000000349796 ], [ 10.001315623517257, 36.059118342237753 ] ] ] } },
{ "type": "Feature", "properties": { "ZONE_ID": "ITAS312", "areakm2": 16107.677555, "tctCluster": "Shallow Default", "CSZ_ID": "SZ47", "TECTO_ID": "TSZ107", "magScaleRe": "WC1994", "SS": 70.0, "NF": 25.0, "TF": 5.0, "MINDEPTH": 7.0, "MAXDEPTH": 15.0, "HYPODEPTH1": 8.0, "HYPODEPTH2": 10.0, "HYPODEPTH3": 12.0, "WHDEPTH1": 0.3, "WHDEPTH2": 0.6, "WHDEPTH3": 0.1, "WMAXMAG01": 0.5, "WMAXMAG02": 0.4, "WMAXMAG03": 0.1, "MAXMAG01": 6.9, "MAXMAG02": 7.2, "MAXMAG03": 7.2, "STRIKE1": 66.2635, "STRIKE2": 0.0, "STRIKE3": 0.0, "STRIKE4": 309.770625, "DIP1": 44.349, "DIP2": 0.0, "DIP3": 0.0, "DIP4": 36.543375, "aspRatio": 1.0, "mfd_bin": 0.2, "a_val": 2.531, "a_hi": 2.655738801, "a_mid": 2.53136721577, "a_lo": 2.40699563054, "sigma_a": 0.228718910119, "b_val": 0.92, "b_hi": 0.99124992781300003, "b_mid": 0.92, "b_lo": 0.84875007218700005, "sigma_b": 0.05, "cum_cov_ab": 0.054321, "MCORNERP1": 6.0, "MCORNERP2": 6.2, "MCORNERP3": 6.4, "MAXMAGP1": 6.2, "MAXMAGP2": 6.4, "utsu_bval2": 0.0, "utsu_aval": 0.0, "utsu_Minfl": 0.0, "Shape_Leng": 5.24669137278, "Shape_Area": 1.2998418186 }, "geometry": { "type": "Polygon", "coordinates": [ [ [ 7.633130000049505, 45.310859000242715 ], [ 8.256311000352412, 45.333058999673142 ], [ 8.772423023803526, 45.245345502592897 ], [ 9.100334949698208, 45.231961342242187 ], [ 9.369272918710294, 45.308083753562414 ], [ 8.952712000258657, 44.909595000309082 ], [ 8.573195457304564, 44.664970397965533 ], [ 8.281191027144246, 44.420204029192632 ], [ 8.116534457699117, 44.270843067953251 ], [ 8.072137000322357, 44.105778000354462 ], [ 7.86938565892109, 44.203787191625622 ], [ 7.667113772182915, 44.160614052396681 ], [ 7.570440004902366, 44.486626106509675 ], [ 7.439078526552805, 44.666281145458527 ], [ 7.419786330274974, 44.815379355373011 ], [ 7.509612702664128, 45.11800590844598 ], [ 7.633130000049505, 45.310859000242715 ] ] ] } },
{ "type": "Feature", "properties": { "ZONE_ID": "ITAS313", "areakm2": 12937.369037799999, "tctCluster": "Shallow Default", "CSZ_ID": "SZ40", "TECTO_ID": "TSZ097", "magScaleRe": "WC1994", "SS": 20.0, "NF": 60.0, "TF": 20.0, "MINDEPTH": 6.0, "MAXDEPTH": 15.0, "HYPODEPTH1": 8.0, "HYPODEPTH2": 10.0, "HYPODEPTH3": 14.0, "WHDEPTH1": 0.3, "WHDEPTH2": 0.6, "WHDEPTH3": 0.1, "WMAXMAG01": 0.5, "WMAXMAG02": 0.4, "WMAXMAG03": 0.1, "MAXMAG01": 7.1, "MAXMAG02": 7.4, "MAXMAG03": 7.7, "STRIKE1": 0.0, "STRIKE2": 0.0, "STRIKE3": 240.154135, "STRIKE4": 284.404395, "DIP1": 38.827062, "DIP2": 0.0, "DIP3": 38.827062, "DIP4": 37.174395, "aspRatio": 1.0, "mfd_bin": 0.2, "a_val": 3.0528996884900002, "a_hi": 3.0770659146599999, "a_mid": 3.0529710461200001, "a_lo": 3.0288761775899999, "sigma_a": 0.057764894148599998, "b_val": 0.82353672837799996, "b_hi": 0.85826966977100005, "b_mid": 0.82353672837799996, "b_lo": 0.788803786984, "sigma_b": 0.0118818557076, "cum_cov_ab": 0.054321, "MCORNERP1": 6.6, "MCORNERP2": 6.8, "MCORNERP3": 7.0, "MAXMAGP1": 7.0, "MAXMAGP2": 7.0, "utsu_bval2": 0.0, "utsu_aval": 0.0, "utsu_Minfl": 0.0, "Shape_Leng": 5.8226824985399999, "Shape_Area": 1.0440073220399999 }, "geometry": { "type": "Polygon", "coordinates": [ [ [ 13.406897386705054, 46.435659919569673 ], [ 13.42709899991894, 45.659987999846351 ], [ 12.814171000291481, 46.063012000003823 ], [ 12.610524600529914, 45.965072076315323 ], [ 12.182925000388479, 45.736098999669139 ], [ 11.938538999874993, 45.727156000049433 ], [ 11.62330700041781, 45.525635999601775 ], [ 11.266213798128319, 45.811819730596142 ], [ 11.170324521159785, 45.934317026809367 ], [ 11.917319432345948, 46.109997699933956 ], [ 12.595500000324819, 46.401100000364806 ], [ 12.717843105974623, 46.441693151018171 ], [ 12.917427992008299, 46.558498109200457 ], [ 13.117779999747256, 46.503170000295313 ], [ 13.406897386705054, 46.435659919569673 ] ] ] } },
{ "type": "Feature", "properties": { "ZONE_ID": "ITAS314", "areakm2": 5556.9803516499996, "tctCluster": "Shallow Default", "CSZ_ID": "SZ40", "TECTO_ID": "TSZ097", "magScaleRe": "WC1994", "SS": 40.0, "NF": 10.0, "TF": 50.0, "MINDEPTH": 0.0, "MAXDEPTH": 30.0, "HYPODEPTH1": 2.0, "HYPODEPTH2": 10.0, "HYPODEPTH3": 18.0, "WHDEPTH1": 0.1, "WHDEPTH2": 0.4, "WHDEPTH3": 0.5, "WMAXMAG01": 0.5, "WMAXMAG02": 0.4, "WMAXMAG03": 0.1, "MAXMAG01": 7.1, "MAXMAG02": 7.4, "MAXMAG03": 7.7, "STRIKE1": 0.0, "STRIKE2": 0.0, "STRIKE3": 260.687222, "STRIKE4": 301.812138, "DIP1": 49.385333, "DIP2": 0.0, "DIP3": 49.385333, "DIP4": 43.702027, "aspRatio": 1.0, "mfd_bin": 0.2, "a_val": 2.7219348448399998, "a_hi": 2.7858081005300002, "a_mid": 2.7218616609200001, "a_lo": 2.6579152213100001, "sigma_a": 0.095881258780400005, "b_val": 0.94536278120700001, "b_hi": 0.99013329759799995, "b_mid": 0.94536278120700001, "b_lo": 0.90059226481599997, "sigma_b": 0.019741736651699999, "cum_cov_ab": 0.054321, "MCORNERP1": 6.0, "MCORNERP2": 6.2, "MCORNERP3": 6.4, "MAXMAGP1": 6.2, "MAXMAGP2": 6.4, "utsu_bval2": 0.0, "utsu_aval": 0.0, "utsu_Minfl": 0.0, "Shape_Leng": 3.5068750022200001, "Shape_Area": 0.44843183762700001 }, "geometry": { "type": "Polygon", "coordinates": [ [ [ 11.266213798128319, 45.811819730596142 ], [ 11.62330700041781, 45.525635999601775 ], [ 11.480867999558598, 45.340814000265937 ], [ 10.85627799992983, 45.133003000188353 ], [ 10.625112000218678, 45.118541999713557 ], [ 10.168735275412701, 45.186623477291675 ], [ 10.678143999645897, 45.357051999949874 ], [ 10.822232000106794, 45.43678999975873 ], [ 11.170324521159785, 45.934317026809367 ], [ 11.266213798128319, 45.811819730596142 ] ] ] } },
{ "type": "Feature", "properties": { "ZONE_ID": "ITAS315", "areakm2": 22954.540506199999, "tctCluster": "Shallow Default", "CSZ_ID": "SZ39", "TECTO_ID": "TSZ021", "magScaleRe": "WC1994", "SS": 40.0, "NF": 10.0, "TF": 50.0, "MINDEPTH": 0.0, "MAXDEPTH": 30.0, "HYPODEPTH1": 2.0, "HYPODEPTH2": 10.0, "HYPODEPTH3": 18.0, "WHDEPTH1": 0.1, "WHDEPTH2": 0.4, "WHDEPTH3": 0.5, "WMAXMAG01": 0.5, "WMAXMAG02": 0.4, "WMAXMAG03": 0.1, "MAXMAG01": 6.3, "MAXMAG02": 6.6, "MAXMAG03": 6.9, "STRIKE1": 0.0, "STRIKE2": 0.0, "STRIKE3": 260.687222, "STRIKE4": 301.812138, "DIP1": 49.385333, "DIP2": 0.0, "DIP3": 49.385333, "DIP4": 43.702027, "aspRatio": 1.0, "mfd_bin": 0.2, "a_val": 2.5815727156500001, "a_hi": 2.6584376348199998, "a_mid": 2.5810332283699999, "a_lo": 2.50362882192, "sigma_a": 0.15, "b_val": 1.0, "b_hi": 1.0712499278100001, "b_mid": 1.0, "b_lo": 0.92875007218700001, "sigma_b": 0.05, "cum_cov_ab": 0.054321, "MCORNERP1": 6.0, "MCORNERP2": 6.2, "MCORNERP3": 6.4, "MAXMAGP1": 6.0, "MAXMAGP2": 6.2, "utsu_bval2": 0.0, "utsu_aval": 0.0, "utsu_Minfl": 0.0, "Shape_Leng": 5.3661491637500003, "Shape_Area": 1.8171955574400001 }, "geometry": { "type": "Polygon", "coordinates": [ [ [ 12.355965999631223, 44.32096099955055 ], [ 12.353811000077656, 44.541440000155944 ], [ 12.096155000053272, 44.786739999651331 ], [ 12.413332861722267, 45.31477583373777 ], [ 13.42709899991894, 45.659987999846351 ], [ 13.532186999630369, 45.364419999783195 ], [ 14.040059000122824, 44.921091999895907 ], [ 13.755765319414024, 44.632510679024676 ], [ 13.353699000108804, 44.241528000317032 ], [ 13.247392999987028, 44.055724999808945 ], [ 12.877854999908379, 44.204082000184201 ], [ 12.538635000405009, 44.256405000190682 ], [ 12.355965999631223, 44.32096099955055 ] ] ] } },
{ "type": "Feature", "properties": { "ZONE_ID": "ITAS316", "areakm2": 42141.017213699997, "tctCluster": "Shallow Default", "CSZ_ID": "SZ37", "TECTO_ID": "TSZ050", "magScaleRe": "WC1994", "SS": 20.0, "NF": 30.0, "TF": 50.0, "MINDEPTH": 0.0, "MAXDEPTH": 20.0, "HYPODEPTH1": 2.0, "HYPODEPTH2": 10.0, "HYPODEPTH3": 18.0, "WHDEPTH1": 0.1, "WHDEPTH2": 0.4, "WHDEPTH3": 0.5, "WMAXMAG01": 0.5, "WMAXMAG02": 0.4, "WMAXMAG03": 0.1, "MAXMAG01": 6.3, "MAXMAG02": 6.6, "MAXMAG03": 6.9, "STRIKE1": 0.0, "STRIKE2": 0.0, "STRIKE3": 0.0, "STRIKE4": 302.218263, "DIP1": 89.99, "DIP2": 0.0, "DIP3": 0.0, "DIP4": 72.990105, "aspRatio": 1.0, "mfd_bin": 0.2, "a_val": 2.2779718997699998, "a_hi": 2.3739377751499999, "a_mid": 2.2780436183899999, "a_lo": 2.1821494616399999, "sigma_a": 0.154019880306, "b_val": 1.0282158448500001, "b_hi": 1.08575610838, "b_mid": 1.0282158448500001, "b_lo": 0.97067558132599996, "sigma_b": 0.032609552580799998, "cum_cov_ab": 0.054321, "MCORNERP1": 6.0, "MCORNERP2": 6.2, "MCORNERP3": 6.4, "MAXMAGP1": 5.8, "MAXMAGP2": 5.8, "utsu_bval2": 0.0, "utsu_aval": 0.0, "utsu_Minfl": 0.0, "Shape_Leng": 10.478001002499999, "Shape_Area": 3.4006551388899999 }, "geometry": { "type": "Polygon", "coordinates": [ [ [ 12.650768115456231, 41.333839191125833 ], [ 12.424517054618434, 41.112598697671785 ], [ 11.656898999988925, 41.424084000076618 ], [ 11.236168999899462, 41.796268999914446 ], [ 10.758800999566517, 42.030906999658384 ], [ 10.184341999583637, 42.160362999852623 ], [ 9.701400000309832, 42.942199999730235 ], [ 8.573930847330814, 43.698739088438231 ], [ 9.203714370621753, 44.250888824060041 ], [ 9.568624999943836, 44.051554999963344 ], [ 10.010623999697884, 43.613112999665248 ], [ 11.829214413614352, 42.154464218848659 ], [ 12.349863990730626, 41.713086513931501 ], [ 12.650768115456231, 41.333839191125833 ] ] ] } },
{ "type": "Feature", "properties": { "ZONE_ID": "ITAS317", "areakm2": 18984.7195746, "tctCluster": "Shallow Default", "CSZ_ID": "SZ36", "TECTO_ID": "TSZ074", "magScaleRe": "WC1994", "SS": 10.0, "NF": 70.0, "TF": 20.0, "MINDEPTH": 6.0, "MAXDEPTH": 15.0, "HYPODEPTH1": 7.0, "HYPODEPTH2": 8.0, "HYPODEPTH3": 10.0, "WHDEPTH1": 0.3, "WHDEPTH2": 0.6, "WHDEPTH3": 0.1, "WMAXMAG01": 0.5, "WMAXMAG02": 0.4, "WMAXMAG03": 0.1, "MAXMAG01": 7.4, "MAXMAG02": 7.7, "MAXMAG03": 8.0, "STRIKE1": 0.0, "STRIKE2": 140.278367, "STRIKE3": 0.0, "STRIKE4": 325.588746, "DIP1": 34.02085, "DIP2": 34.02085, "DIP3": 0.0, "DIP4": 31.045366, "aspRatio": 1.0, "mfd_bin": 0.2, "a_val": 3.00064972329, "a_hi": 3.0091845348700001, "a_mid": 3.0003969101400001, "a_lo": 2.99160928541, "sigma_a": 0.025956518036699999, "b_val": 0.742769854635, "b_hi": 0.76629822095800004, "b_mid": 0.742769854635, "b_lo": 0.71924148831099999, "sigma_b": 0.0054523621405299996, "cum_cov_ab": 0.054321, "MCORNERP1": 7.0, "MCORNERP2": 7.2, "MCORNERP3": 7.4, "MAXMAGP1": 7.4, "MAXMAGP2": 7.6, "utsu_bval2": 0.0, "utsu_aval": 0.0, "utsu_Minfl": 0.0, "Shape_Leng": 6.7999355270999997, "Shape_Area": 1.53201057862 }, "geometry": { "type": "Polygon", "coordinates": [ [ [ 11.877050999903759, 43.52127100015656 ], [ 12.093439999856173, 43.759132000141733 ], [ 12.512617000274417, 43.47952400043232 ], [ 12.853691999885939, 43.33937600000246 ], [ 13.22840899957572, 42.840887999681513 ], [ 13.616276999583931, 42.458944000365364 ], [ 13.806226999776243, 42.222605000420458 ], [ 14.138270226789587, 42.062312436170032 ], [ 14.322139739757233, 41.980075836430785 ], [ 13.942460059783969, 41.518665313853205 ], [ 13.678989842906958, 41.619216714979473 ], [ 13.49306678740237, 41.70617675825082 ], [ 12.9555499999326, 42.154324000152542 ], [ 12.58178500007773, 42.900482000444015 ], [ 12.439853000115932, 43.024723000266306 ], [ 12.24335600017929, 43.260868000258085 ], [ 11.877050999903759, 43.52127100015656 ] ] ] } },
{ "type": "Feature", "properties": { "ZONE_ID": "ITAS318", "areakm2": 8959.7346668800001, "tctCluster": "Shallow Default", "CSZ_ID": "SZ40", "TECTO_ID": "TSZ041", "magScaleRe": "WC1994", "SS": 10.0, "NF": 70.0, "TF": 20.0, "MINDEPTH": 8.0, "MAXDEPTH": 20.0, "HYPODEPTH1": 9.0, "HYPODEPTH2": 10.0, "HYPODEPTH3": 18.0, "WHDEPTH1": 0.1, "WHDEPTH2": 0.4, "WHDEPTH3": 0.5, "WMAXMAG01": 0.5, "WMAXMAG02": 0.4, "WMAXMAG03": 0.1, "MAXMAG01": 7.0, "MAXMAG02": 7.3, "MAXMAG03": 7.6, "STRIKE1": 0.0, "STRIKE2": 123.089794, "STRIKE3": 0.0, "STRIKE4": 0.0, "DIP1": 30.649294, "DIP2": 30.649294, "DIP3": 0.0, "DIP4": 0.0, "aspRatio": 1.0, "mfd_bin": 0.2, "a_val": 4.2811, "a_hi": 4.3072967199100001, "a_mid": 4.2810502463900004, "a_lo": 4.2548037728599999, "sigma_a": 0.062612730540300005, "b_val": 1.0846, "b_hi": 1.1209148413600001, "b_mid": 1.0846, "b_lo": 1.0482851586399999, "sigma_b": 0.012988812562, "cum_cov_ab": 0.054321, "MCORNERP1": 6.0, "MCORNERP2": 6.2, "MCORNERP3": 6.4, "MAXMAGP1": 6.4, "MAXMAGP2": 6.4, "utsu_bval2": 0.0, "utsu_aval": 0.0, "utsu_Minfl": 0.0, "Shape_Leng": 5.8203728255299998, "Shape_Area": 0.72302402184500003 }, "geometry": { "type": "Polygon", "coordinates": [ [ [ 9.819084999972802, 44.866661999851488 ], [ 10.168735275412701, 45.186623477291675 ], [ 10.277126595615925, 44.994409536371052 ], [ 10.52353619663819, 44.789911244808138 ], [ 10.768599999990045, 44.704400000359783 ], [ 11.32952489835543, 44.647900671978505 ], [ 11.871099999765249, 44.516400000159933 ], [ 12.111499999925115, 44.40670000000506 ], [ 12.355965999631223, 44.32096099955055 ], [ 12.233435089457885, 44.031618058126924 ], [ 12.229769000439092, 44.02296099975041 ], [ 11.777441289683793, 44.235607052823298 ], [ 11.330999999650317, 44.378499999975077 ], [ 10.90430000034479, 44.419199999980094 ], [ 10.580300000344778, 44.490800000419711 ], [ 9.819084999972802, 44.866661999851488 ] ] ] } },
{ "type": "Feature", "properties": { "ZONE_ID": "ITAS319", "areakm2": 22650.6924497, "tctCluster": "Shallow Default", "CSZ_ID": "SZ37", "TECTO_ID": "TSZ027", "magScaleRe": "WC1994", "SS": 30.0, "NF": 65.0, "TF": 5.0, "MINDEPTH": 8.0, "MAXDEPTH": 20.0, "HYPODEPTH1": 9.0, "HYPODEPTH2": 10.0, "HYPODEPTH3": 18.0, "WHDEPTH1": 0.1, "WHDEPTH2": 0.4, "WHDEPTH3": 0.5, "WMAXMAG01": 0.5, "WMAXMAG02": 0.4, "WMAXMAG03": 0.1, "MAXMAG01": 7.4, "MAXMAG02": 7.7, "MAXMAG03": 8.0, "STRIKE1": 86.763056, "STRIKE2": 96.433034, "STRIKE3": 269.447176, "STRIKE4": 273.318667, "DIP1": 82.918569, "DIP2": 82.938034, "DIP3": 67.162, "DIP4": 79.511235, "aspRatio": 1.0, "mfd_bin": 0.2, "a_val": 3.3, "a_hi": 3.3294699777300001, "a_mid": 3.3000084949800002, "a_lo": 3.2705470122400002, "sigma_a": 0.066023304520199999, "b_val": 0.876, "b_hi": 0.91314002196599997, "b_mid": 0.876, "b_lo": 0.83885997803400003, "sigma_b": 0.0135858075879, "cum_cov_ab": 0.054321, "MCORNERP1": 7.1, "MCORNERP2": 7.3, "MCORNERP3": 7.5, "MAXMAGP1": 7.2, "MAXMAGP2": 7.4, "utsu_bval2": 0.0, "utsu_aval": 0.0, "utsu_Minfl": 0.0, "Shape_Leng": 6.7438165761200004, "Shape_Area": 1.9877682240100001 }, "geometry": { "type": "Polygon", "coordinates": [ [ [ 14.620584487584097, 41.459369659582194 ], [ 14.160744451994901, 41.783973947339859 ], [ 14.322139739757233, 41.980075836430785 ], [ 14.450650215235271, 42.386226654336667 ], [ 16.035406171857403, 42.173574666637592 ], [ 17.030021667066308, 41.927883148188812 ], [ 17.016130447362286, 41.446163177388769 ], [ 16.538572311463042, 41.448795318549173 ], [ 14.620584487584097, 41.459369659582194 ] ] ] } },
{ "type": "Feature", "properties": { "ZONE_ID": "ITAS320", "areakm2": 9487.8849304899995, "tctCluster": "Shallow Default", "CSZ_ID": "SZ36", "TECTO_ID": "TSZ107", "magScaleRe": "WC1994", "SS": 10.0, "NF": 70.0, "TF": 20.0, "MINDEPTH": 6.0, "MAXDEPTH": 15.0, "HYPODEPTH1": 7.0, "HYPODEPTH2": 8.0, "HYPODEPTH3": 10.0, "WHDEPTH1": 0.3, "WHDEPTH2": 0.6, "WHDEPTH3": 0.1, "WMAXMAG01": 0.5, "WMAXMAG02": 0.4, "WMAXMAG03": 0.1, "MAXMAG01": 6.9, "MAXMAG02": 7.2, "MAXMAG03": 7.5, "STRIKE1": 46.167, "STRIKE2": 113.6304, "STRIKE3": 0.0, "STRIKE4": 0.0, "DIP1": 29.468846, "DIP2": 27.2441, "DIP3": 0.0, "DIP4": 0.0, "aspRatio": 1.0, "mfd_bin": 0.2, "a_val": 2.92, "a_hi": 2.9743718728599999, "a_mid": 2.9202312524099998, "a_lo": 2.8660906319600001, "sigma_a": 0.095764081245099997, "b_val": 0.92, "b_hi": 0.96654867588899995, "b_mid": 0.92, "b_lo": 0.87345132411100002, "sigma_b": 0.0213410513268, "cum_cov_ab": 0.054321, "MCORNERP1": 6.0, "MCORNERP2": 6.2, "MCORNERP3": 6.4, "MAXMAGP1": 6.2, "MAXMAGP2": 6.4, "utsu_bval2": 0.0, "utsu_aval": 0.0, "utsu_Minfl": 0.0, "Shape_Leng": 3.9354764373100002, "Shape_Area": 0.76596710432500004 }, "geometry": { "type": "Polygon", "coordinates": [ [ [ 8.85876274080789, 44.477291106799214 ], [ 8.573195457304564, 44.664970397965533 ], [ 8.952712000258657, 44.909595000309082 ], [ 9.369272918710294, 45.308083753562414 ], [ 10.168735275412701, 45.186623477291675 ], [ 9.819084999972802, 44.866661999851488 ], [ 9.596590999974694, 44.646442000398054 ], [ 9.436472892510039, 44.483589172402446 ], [ 9.203714370621753, 44.250888824060041 ], [ 8.85876274080789, 44.477291106799214 ] ] ] } },
{ "type": "Feature", "properties": { "ZONE_ID": "ITAS321", "areakm2": 26295.790802899999, "tctCluster": "Shallow Default", "CSZ_ID": "SZ36", "TECTO_ID": "TSZ050", "magScaleRe": "WC1994", "SS": 10.0, "NF": 70.0, "TF": 20.0, "MINDEPTH": 1.0, "MAXDEPTH": 5.0, "HYPODEPTH1": 2.0, "HYPODEPTH2": 3.0, "HYPODEPTH3": 4.0, "WHDEPTH1": 0.3, "WHDEPTH2": 0.6, "WHDEPTH3": 0.1, "WMAXMAG01": 0.5, "WMAXMAG02": 0.4, "WMAXMAG03": 0.1, "MAXMAG01": 6.3, "MAXMAG02": 6.6, "MAXMAG03": 6.9, "STRIKE1": 0.0, "STRIKE2": 0.0, "STRIKE3": 0.0, "STRIKE4": 0.0, "DIP1": 89.99, "DIP2": 0.0, "DIP3": 0.0, "DIP4": 0.0, "aspRatio": 1.0, "mfd_bin": 0.2, "a_val": 3.8193, "a_hi": 3.83659222486, "a_mid": 3.8191740810799999, "a_lo": 3.8017559372899998, "sigma_a": 0.044149388991099998, "b_val": 1.0125, "b_hi": 1.0438613191799999, "b_mid": 1.0125, "b_lo": 0.98113868082300004, "sigma_b": 0.0096870109791699997, "cum_cov_ab": 0.054321, "MCORNERP1": 6.0, "MCORNERP2": 6.2, "MCORNERP3": 6.4, "MAXMAGP1": 6.4, "MAXMAGP2": 6.4, "utsu_bval2": 0.0, "utsu_aval": 0.0, "utsu_Minfl": 0.0, "Shape_Leng": 8.0569566862900004, "Shape_Area": 2.1219923505299998 }, "geometry": { "type": "Polygon", "coordinates": [ [ [ 11.684824874968058, 43.396188997524291 ], [ 12.009096999926669, 43.161218000410429 ], [ 12.135370999971713, 42.981750999808867 ], [ 12.207100000064997, 42.742949999642804 ], [ 12.32117699971883, 42.495063999603929 ], [ 12.510608000259026, 42.025832000346611 ], [ 13.053764236630286, 41.636188005671954 ], [ 12.650768115456231, 41.333839191125833 ], [ 12.349863990730626, 41.713086513931501 ], [ 11.829214413614352, 42.154464218848659 ], [ 10.010623999697884, 43.613112999665248 ], [ 10.369153000210815, 43.715906999708295 ], [ 10.972597121859735, 43.660232543896825 ], [ 11.684824874968058, 43.396188997524291 ] ] ] } },
{ "type": "Feature", "properties": { "ZONE_ID": "ITAS322", "areakm2": 13381.805531800001, "tctCluster": "Shallow Default", "CSZ_ID": "SZ47", "TECTO_ID": "TSZ107", "magScaleRe": "WC1994", "SS": 10.0, "NF": 70.0, "TF": 20.0, "MINDEPTH": 6.0, "MAXDEPTH": 15.0, "HYPODEPTH1": 7.0, "HYPODEPTH2": 8.0, "HYPODEPTH3": 10.0, "WHDEPTH1": 0.3, "WHDEPTH2": 0.6, "WHDEPTH3": 0.1, "WMAXMAG01": 0.5, "WMAXMAG02": 0.4, "WMAXMAG03": 0.1, "MAXMAG01": 6.5, "MAXMAG02": 6.8, "MAXMAG03": 7.1, "STRIKE1": 0.0, "STRIKE2": 0.0, "STRIKE3": 0.0, "STRIKE4": 0.0, "DIP1": 89.99, "DIP2": 0.0, "DIP3": 0.0, "DIP4": 0.0, "aspRatio": 1.0, "mfd_bin": 0.2, "a_val": 2.3710288046099999, "a_hi": 2.4206557433699998, "a_mid": 2.3708614911799999, "a_lo": 2.321067239, "sigma_a": 0.082906189348300005, "b_val": 0.92228906975400005, "b_hi": 0.96520173477799998, "b_mid": 0.92228906975400005, "b_lo": 0.87937640472900003, "sigma_b": 0.0181372784331, "cum_cov_ab": 0.054321, "MCORNERP1": 6.0, "MCORNERP2": 6.2, "MCORNERP3": 6.4, "MAXMAGP1": 6.2, "MAXMAGP2": 6.2, "utsu_bval2": 0.0, "utsu_aval": 0.0, "utsu_Minfl": 0.0, "Shape_Leng": 5.9417733301600002, "Shape_Area": 1.07987202804 }, "geometry": { "type": "Polygon", "coordinates": [ [ [ 8.573930847330814, 43.698739088438231 ], [ 8.363122495906509, 43.383449915481265 ], [ 8.029500000025052, 43.221400000409744 ], [ 6.914433023265474, 42.99225011345203 ], [ 7.295887353418664, 43.429429102271286 ], [ 7.225910944934185, 43.747268344258714 ], [ 7.880100000114965, 43.726299999645335 ], [ 8.134799999620327, 43.842600000189918 ], [ 8.451552832697132, 44.11068078129307 ], [ 8.80120345437598, 44.425473666976188 ], [ 8.85876274080789, 44.477291106799214 ], [ 9.203714370621753, 44.250888824060041 ], [ 8.573930847330814, 43.698739088438231 ] ] ] } },
{ "type": "Feature", "properties": { "ZONE_ID": "ITAS323", "areakm2": 11317.716458700001, "tctCluster": "Shallow Default", "CSZ_ID": "SZ36", "TECTO_ID": "TSZ074", "magScaleRe": "WC1994", "SS": 10.0, "NF": 70.0, "TF": 20.0, "MINDEPTH": 5.0, "MAXDEPTH": 15.0, "HYPODEPTH1": 6.0, "HYPODEPTH2": 8.0, "HYPODEPTH3": 10.0, "WHDEPTH1": 0.3, "WHDEPTH2": 0.6, "WHDEPTH3": 0.1, "WMAXMAG01": 0.5, "WMAXMAG02": 0.4, "WMAXMAG03": 0.1, "MAXMAG01": 7.4, "MAXMAG02": 7.7, "MAXMAG03": 8.0, "STRIKE1": 0.0, "STRIKE2": 0.0, "STRIKE3": 0.0, "STRIKE4": 0.0, "DIP1": 89.99, "DIP2": 0.0, "DIP3": 0.0, "DIP4": 0.0, "aspRatio": 1.0, "mfd_bin": 0.2, "a_val": 2.58, "a_hi": 2.61417051439, "a_mid": 2.5804910922, "a_lo": 2.5468116700099999, "sigma_a": 0.073635168832299994, "b_val": 0.85, "b_hi": 0.89884648953900004, "b_mid": 0.85, "b_lo": 0.80115351046100003, "sigma_b": 0.0235, "cum_cov_ab": 0.054321, "MCORNERP1": 6.0, "MCORNERP2": 6.2, "MCORNERP3": 6.4, "MAXMAGP1": 6.2, "MAXMAGP2": 6.4, "utsu_bval2": 0.0, "utsu_aval": 0.0, "utsu_Minfl": 0.0, "Shape_Leng": 6.0307004506500004, "Shape_Area": 0.91330616103899998 }, "geometry": { "type": "Polygon", "coordinates": [ [ [ 11.23892700028091, 43.935234000248954 ], [ 11.538912999935064, 43.828911000242499 ], [ 11.877050999903759, 43.52127100015656 ], [ 11.684824874968058, 43.396188997524291 ], [ 10.972597121859735, 43.660232543896825 ], [ 10.369153000210815, 43.715906999708295 ], [ 10.010623999697884, 43.613112999665248 ], [ 9.568624999943836, 44.051554999963344 ], [ 9.203714370621753, 44.250888824060041 ], [ 9.436472892510039, 44.483589172402446 ], [ 10.424334525917686, 43.992321014003664 ], [ 11.23892700028091, 43.935234000248954 ] ] ] } },
{ "type": "Feature", "properties": { "ZONE_ID": "ITAS324", "areakm2": 15572.4970213, "tctCluster": "Shallow Default", "CSZ_ID": "SZ36", "TECTO_ID": "TSZ041", "magScaleRe": "WC1994", "SS": 10.0, "NF": 70.0, "TF": 20.0, "MINDEPTH": 6.0, "MAXDEPTH": 15.0, "HYPODEPTH1": 7.0, "HYPODEPTH2": 8.0, "HYPODEPTH3": 10.0, "WHDEPTH1": 0.3, "WHDEPTH2": 0.6, "WHDEPTH3": 0.1, "WMAXMAG01": 0.5, "WMAXMAG02": 0.4, "WMAXMAG03": 0.1, "MAXMAG01": 7.0, "MAXMAG02": 7.3, "MAXMAG03": 7.6, "STRIKE1": 0.0, "STRIKE2": 135.673984, "STRIKE3": 180.5985, "STRIKE4": 273.387, "DIP1": 35.239434, "DIP2": 35.239434, "DIP3": 37.7195, "DIP4": 75.675375, "aspRatio": 1.0, "mfd_bin": 0.2, "a_val": 2.69, "a_hi": 2.7220605633, "a_mid": 2.6901398951400002, "a_lo": 2.65821922697, "sigma_a": 0.064044479783399999, "b_val": 0.8, "b_hi": 0.837599772824, "b_mid": 0.8, "b_lo": 0.76240022717599998, "sigma_b": 0.013924242842200001, "cum_cov_ab": 0.054321, "MCORNERP1": 6.0, "MCORNERP2": 6.2, "MCORNERP3": 6.4, "MAXMAGP1": 6.4, "MAXMAGP2": 6.6, "utsu_bval2": 0.0, "utsu_aval": 0.0, "utsu_Minfl": 0.0, "Shape_Leng": 7.16601274805, "Shape_Area": 1.25665433664 }, "geometry": { "type": "Polygon", "coordinates": [ [ [ 13.558157000245387, 43.948585999943987 ], [ 14.108102150393961, 43.246923078437362 ], [ 14.450650215235271, 42.386226654336667 ], [ 14.322139739757233, 41.980075836430785 ], [ 14.138270226789587, 42.062312436170032 ], [ 13.806226999776243, 42.222605000420458 ], [ 13.905248472439098, 42.42797977394747 ], [ 13.809378000294544, 42.978866999912157 ], [ 13.675760999770375, 43.259746999824245 ], [ 13.340052000299636, 43.587204000064617 ], [ 12.917593999663382, 43.79963700014747 ], [ 12.497706999778245, 43.913558999848021 ], [ 12.229769000439092, 44.02296099975041 ], [ 12.233435089457885, 44.031618058126924 ], [ 12.355965999631223, 44.32096099955055 ], [ 12.538635000405009, 44.256405000190682 ], [ 12.877854999908379, 44.204082000184201 ], [ 13.247392999987028, 44.055724999808945 ], [ 13.558157000245387, 43.948585999943987 ] ] ] } },
{ "type": "Feature", "properties": { "ZONE_ID": "ITAS325", "areakm2": 9567.5019177400009, "tctCluster": "Shallow Default", "CSZ_ID": "SZ36", "TECTO_ID": "TSZ041", "magScaleRe": "WC1994", "SS": 10.0, "NF": 70.0, "TF": 20.0, "MINDEPTH": 8.0, "MAXDEPTH": 20.0, "HYPODEPTH1": 9.0, "HYPODEPTH2": 10.0, "HYPODEPTH3": 18.0, "WHDEPTH1": 0.1, "WHDEPTH2": 0.4, "WHDEPTH3": 0.5, "WMAXMAG01": 0.5, "WMAXMAG02": 0.4, "WMAXMAG03": 0.1, "MAXMAG01": 7.0, "MAXMAG02": 7.3, "MAXMAG03": 7.6, "STRIKE1": 0.0, "STRIKE2": 116.572588, "STRIKE3": 0.0, "STRIKE4": 0.0, "DIP1": 28.356539, "DIP2": 28.356539, "DIP3": 0.0, "DIP4": 0.0, "aspRatio": 1.0, "mfd_bin": 0.2, "a_val": 3.62, "a_hi": 3.6330523246399999, "a_mid": 3.6199315516300001, "a_lo": 3.6068107786199999, "sigma_a": 0.047731030337300001, "b_val": 0.98, "b_hi": 1.0303813071200001, "b_mid": 0.98, "b_lo": 0.92961869288400001, "sigma_b": 0.025, "cum_cov_ab": 0.054321, "MCORNERP1": 6.0, "MCORNERP2": 6.2, "MCORNERP3": 6.4, "MAXMAGP1": 6.4, "MAXMAGP2": 6.6, "utsu_bval2": 0.0, "utsu_aval": 0.0, "utsu_Minfl": 0.0, "Shape_Leng": 5.87221410149, "Shape_Area": 0.77206903646400005 }, "geometry": { "type": "Polygon", "coordinates": [ [ [ 12.229769000439092, 44.02296099975041 ], [ 12.093439999856173, 43.759132000141733 ], [ 11.29519999988014, 44.104399999760233 ], [ 10.672200426108816, 44.13567498511253 ], [ 9.596590999974694, 44.646442000398054 ], [ 9.819084999972802, 44.866661999851488 ], [ 10.580300000344778, 44.490800000419711 ], [ 10.90430000034479, 44.419199999980094 ], [ 11.330999999650317, 44.378499999975077 ], [ 11.777441289683793, 44.235607052823298 ], [ 12.229769000439092, 44.02296099975041 ] ] ] } },
{ "type": "Feature", "properties": { "ZONE_ID": "ITAS326", "areakm2": 15272.725052100001, "tctCluster": "Shallow Default", "CSZ_ID": "SZ40", "TECTO_ID": "TSZ021", "magScaleRe": "WC1994", "SS": 40.0, "NF": 10.0, "TF": 50.0, "MINDEPTH": 0.0, "MAXDEPTH": 30.0, "HYPODEPTH1": 2.0, "HYPODEPTH2": 10.0, "HYPODEPTH3": 18.0, "WHDEPTH1": 0.1, "WHDEPTH2": 0.4, "WHDEPTH3": 0.5, "WMAXMAG01": 0.5, "WMAXMAG02": 0.4, "WMAXMAG03": 0.1, "MAXMAG01": 6.3, "MAXMAG02": 6.6, "MAXMAG03": 6.9, "STRIKE1": 0.0, "STRIKE2": 0.0, "STRIKE3": 260.687222, "STRIKE4": 301.812138, "DIP1": 49.385333, "DIP2": 0.0, "DIP3": 49.385333, "DIP4": 43.702027, "aspRatio": 1.0, "mfd_bin": 0.2, "a_val": 2.2805427199800001, "a_hi": 2.3577621602000001, "a_mid": 2.28045189906, "a_lo": 2.20314163793, "sigma_a": 0.15, "b_val": 1.0, "b_hi": 1.0712499278100001, "b_mid": 1.0, "b_lo": 0.92875007218700001, "sigma_b": 0.05, "cum_cov_ab": 0.054321, "MCORNERP1": 6.0, "MCORNERP2": 6.2, "MCORNERP3": 6.4, "MAXMAGP1": 5.8, "MAXMAGP2": 5.8, "utsu_bval2": 0.0, "utsu_aval": 0.0, "utsu_Minfl": 0.0, "Shape_Leng": 6.4110300302600001, "Shape_Area": 1.2324636283199999 }, "geometry": { "type": "Polygon", "coordinates": [ [ [ 11.938538999874993, 45.727156000049433 ], [ 12.182925000388479, 45.736098999669139 ], [ 12.610524600529914, 45.965072076315323 ], [ 12.814171000291481, 46.063012000003823 ], [ 13.42709899991894, 45.659987999846351 ], [ 12.413332861722267, 45.31477583373777 ], [ 12.096155000053272, 44.786739999651331 ], [ 11.64296699962739, 44.994628999728604 ], [ 10.870267000221929, 45.01512399967288 ], [ 10.625112000218678, 45.118541999713557 ], [ 10.85627799992983, 45.133003000188353 ], [ 11.480867999558598, 45.340814000265937 ], [ 11.62330700041781, 45.525635999601775 ], [ 11.938538999874993, 45.727156000049433 ] ] ] } },
{ "type": "Feature", "properties": { "ZONE_ID": "ITAS327", "areakm2": 8973.2452657400008, "tctCluster": "Shallow Default", "CSZ_ID": "SZ40", "TECTO_ID": "TSZ041", "magScaleRe": "WC1994", "SS": 10.0, "NF": 70.0, "TF": 20.0, "MINDEPTH": 6.0, "MAXDEPTH": 15.0, "HYPODEPTH1": 7.0, "HYPODEPTH2": 8.0, "HYPODEPTH3": 10.0, "WHDEPTH1": 0.3, "WHDEPTH2": 0.6, "WHDEPTH3": 0.1, "WMAXMAG01": 0.5, "WMAXMAG02": 0.4, "WMAXMAG03": 0.1, "MAXMAG01": 7.0, "MAXMAG02": 7.3, "MAXMAG03": 7.6, "STRIKE1": 66.131667, "STRIKE2": 116.261333, "STRIKE3": 0.0, "STRIKE4": 0.0, "DIP1": 35.373583, "DIP2": 30.106743, "DIP3": 0.0, "DIP4": 0.0, "aspRatio": 1.0, "mfd_bin": 0.2, "a_val": 2.86, "a_hi": 2.90629992106, "a_mid": 2.86015793282, "a_lo": 2.8140159445699999, "sigma_a": 0.104406856703, "b_val": 0.88, "b_hi": 0.93564797256099996, "b_mid": 0.88, "b_lo": 0.82435202743900005, "sigma_b": 0.0305, "cum_cov_ab": 0.054321, "MCORNERP1": 6.0, "MCORNERP2": 6.2, "MCORNERP3": 6.4, "MAXMAGP1": 6.4, "MAXMAGP2": 6.4, "utsu_bval2": 0.0, "utsu_aval": 0.0, "utsu_Minfl": 0.0, "Shape_Leng": 5.0201342427500002, "Shape_Area": 0.7241142862 }, "geometry": { "type": "Polygon", "coordinates": [ [ [ 11.64296699962739, 44.994628999728604 ], [ 12.096155000053272, 44.786739999651331 ], [ 12.353811000077656, 44.541440000155944 ], [ 12.355965999631223, 44.32096099955055 ], [ 12.111499999925115, 44.40670000000506 ], [ 11.871099999765249, 44.516400000159933 ], [ 11.32952489835543, 44.647900671978505 ], [ 10.768599999990045, 44.704400000359783 ], [ 10.52353619663819, 44.789911244808138 ], [ 10.277126595615925, 44.994409536371052 ], [ 10.168735275412701, 45.186623477291675 ], [ 10.625112000218678, 45.118541999713557 ], [ 10.870267000221929, 45.01512399967288 ], [ 11.64296699962739, 44.994628999728604 ] ] ] } },
{ "type": "Feature", "properties": { "ZONE_ID": "ITAS329", "areakm2": 12019.6347234, "tctCluster": "Shallow Default", "CSZ_ID": "SZ36", "TECTO_ID": "TSZ074", "magScaleRe": "WC1994", "SS": 10.0, "NF": 70.0, "TF": 20.0, "MINDEPTH": 5.0, "MAXDEPTH": 15.0, "HYPODEPTH1": 6.0, "HYPODEPTH2": 8.0, "HYPODEPTH3": 10.0, "WHDEPTH1": 0.3, "WHDEPTH2": 0.6, "WHDEPTH3": 0.1, "WMAXMAG01": 0.5, "WMAXMAG02": 0.4, "WMAXMAG03": 0.1, "MAXMAG01": 6.6, "MAXMAG02": 6.9, "MAXMAG03": 7.2, "STRIKE1": 0.0, "STRIKE2": 132.88, "STRIKE3": 0.0, "STRIKE4": 292.087, "DIP1": 48.776, "DIP2": 48.776, "DIP3": 0.0, "DIP4": 33.525, "aspRatio": 1.0, "mfd_bin": 0.2, "a_val": 2.86, "a_hi": 2.86602306737, "a_mid": 2.8601485142, "a_lo": 2.8542739610300001, "sigma_a": 0.01, "b_val": 0.85, "b_hi": 0.88186393639600003, "b_mid": 0.85, "b_lo": 0.81813606360400004, "sigma_b": 0.01, "cum_cov_ab": 0.054321, "MCORNERP1": 6.0, "MCORNERP2": 6.2, "MCORNERP3": 6.4, "MAXMAGP1": 6.4, "MAXMAGP2": 6.6, "utsu_bval2": 0.0, "utsu_aval": 0.0, "utsu_Minfl": 0.0, "Shape_Leng": 6.5616493255500004, "Shape_Area": 0.96994888414799996 }, "geometry": { "type": "Polygon", "coordinates": [ [ [ 11.684824874968058, 43.396188997524291 ], [ 11.877050999903759, 43.52127100015656 ], [ 12.24335600017929, 43.260868000258085 ], [ 12.439853000115932, 43.024723000266306 ], [ 12.58178500007773, 42.900482000444015 ], [ 12.9555499999326, 42.154324000152542 ], [ 13.49306678740237, 41.70617675825082 ], [ 13.678989842906958, 41.619216714979473 ], [ 13.942460059783969, 41.518665313853205 ], [ 13.767481225678068, 41.317012576169532 ], [ 13.053764236630286, 41.636188005671954 ], [ 12.510608000259026, 42.025832000346611 ], [ 12.32117699971883, 42.495063999603929 ], [ 12.207100000064997, 42.742949999642804 ], [ 12.135370999971713, 42.981750999808867 ], [ 12.009096999926669, 43.161218000410429 ], [ 11.684824874968058, 43.396188997524291 ] ] ] } },
{ "type": "Feature", "properties": { "ZONE_ID": "ITAS330", "areakm2": 4704.1718547700002, "tctCluster": "Shallow Default", "CSZ_ID": "SZ37", "TECTO_ID": "TSZ044", "magScaleRe": "WC1994", "SS": 10.0, "NF": 70.0, "TF": 20.0, "MINDEPTH": 8.0, "MAXDEPTH": 12.0, "HYPODEPTH1": 9.0, "HYPODEPTH2": 10.0, "HYPODEPTH3": 11.0, "WHDEPTH1": 0.3, "WHDEPTH2": 0.6, "WHDEPTH3": 0.1, "WMAXMAG01": 0.5, "WMAXMAG02": 0.4, "WMAXMAG03": 0.1, "MAXMAG01": 6.6, "MAXMAG02": 6.9, "MAXMAG03": 7.1, "STRIKE1": 0.0, "STRIKE2": 134.998793, "STRIKE3": 0.0, "STRIKE4": 313.174773, "DIP1": 45.352818, "DIP2": 45.352818, "DIP3": 0.0, "DIP4": 34.901455, "aspRatio": 1.0, "mfd_bin": 0.2, "a_val": 2.6058527201300001, "a_hi": 2.6808722131699998, "a_mid": 2.6061324150299998, "a_lo": 2.5313926168999998, "sigma_a": 0.25212892148299998, "b_val": 0.97203734208799997, "b_hi": 1.04588146884, "b_mid": 0.97203734208799997, "b_lo": 0.89819321533300001, "sigma_b": 0.053707268507, "cum_cov_ab": 0.054321, "MCORNERP1": 6.0, "MCORNERP2": 6.2, "MCORNERP3": 6.4, "MAXMAGP1": 6.0, "MAXMAGP2": 6.2, "utsu_bval2": 0.0, "utsu_aval": 0.0, "utsu_Minfl": 0.0, "Shape_Leng": 3.5443466403100001, "Shape_Area": 0.379612720583 }, "geometry": { "type": "Polygon", "coordinates": [ [ [ 14.834967613564572, 40.905738830482676 ], [ 15.221920013797671, 40.580947875843833 ], [ 14.688394131583948, 40.626224553620318 ], [ 14.572079790450005, 40.720735006215591 ], [ 14.285169999895629, 40.977776000362155 ], [ 13.767481225678068, 41.317012576169532 ], [ 13.942460059783969, 41.518665313853205 ], [ 14.834967613564572, 40.905738830482676 ] ] ] } },
{ "type": "Feature", "properties": { "ZONE_ID": "ITAS331", "areakm2": 18898.436753599999, "tctCluster": "Shallow Default", "CSZ_ID": "SZ37", "TECTO_ID": "TSZ094", "magScaleRe": "WC1994", "SS": 10.0, "NF": 70.0, "TF": 20.0, "MINDEPTH": 8.0, "MAXDEPTH": 12.0, "HYPODEPTH1": 9.0, "HYPODEPTH2": 10.0, "HYPODEPTH3": 11.0, "WHDEPTH1": 0.3, "WHDEPTH2": 0.6, "WHDEPTH3": 0.1, "WMAXMAG01": 0.5, "WMAXMAG02": 0.4, "WMAXMAG03": 0.1, "MAXMAG01": 7.5, "MAXMAG02": 7.8, "MAXMAG03": 8.1, "STRIKE1": 0.0, "STRIKE2": 134.998793, "STRIKE3": 0.0, "STRIKE4": 313.174773, "DIP1": 45.352818, "DIP2": 45.352818, "DIP3": 0.0, "DIP4": 34.901455, "aspRatio": 1.0, "mfd_bin": 0.2, "a_val": 2.85, "a_hi": 2.8793741011299998, "a_mid": 2.8502108373200001, "a_lo": 2.8210475735, "sigma_a": 0.058079499945499997, "b_val": 0.78, "b_hi": 0.81384849814399995, "b_mid": 0.78, "b_lo": 0.74615150185599999, "sigma_b": 0.011284438517, "cum_cov_ab": 0.054321, "MCORNERP1": 7.2, "MCORNERP2": 7.4, "MCORNERP3": 7.6, "MAXMAGP1": 7.4, "MAXMAGP2": 7.6, "utsu_bval2": 0.2, "utsu_aval": 2.83, "utsu_Minfl": 5.9, "Shape_Leng": 6.6729241761899996, "Shape_Area": 1.0558789447500001 }, "geometry": { "type": "Polygon", "coordinates": [ [ [ 14.620584487584097, 41.459369659582194 ], [ 14.966277956462591, 41.228636227479967 ], [ 15.116708755704565, 41.128231048923794 ], [ 15.447839736514652, 40.865009307533569 ], [ 15.815711975427348, 40.525947570723872 ], [ 16.198333739810266, 40.086666107255098 ], [ 16.460296630884841, 39.70523834217579 ], [ 16.045110702097247, 39.710124969491801 ], [ 15.221920013797671, 40.580947875843833 ], [ 14.834967613564572, 40.905738830482676 ], [ 13.942460059783969, 41.518665313853205 ], [ 14.160744451994901, 41.783973947339859 ], [ 14.620584487584097, 41.459369659582194 ] ] ] } },
{ "type": "Feature", "properties": { "ZONE_ID": "ITAS332", "areakm2": 5239.0206383900004, "tctCluster": "Shallow Default", "CSZ_ID": "SZ47", "TECTO_ID": "TSZ107", "magScaleRe": "WC1994", "SS": 10.0, "NF": 70.0, "TF": 20.0, "MINDEPTH": 6.0, "MAXDEPTH": 15.0, "HYPODEPTH1": 7.0, "HYPODEPTH2": 8.0, "HYPODEPTH3": 10.0, "WHDEPTH1": 0.3, "WHDEPTH2": 0.6, "WHDEPTH3": 0.1, "WMAXMAG01": 0.5, "WMAXMAG02": 0.4, "WMAXMAG03": 0.1, "MAXMAG01": 6.5, "MAXMAG02": 6.8, "MAXMAG03": 7.1, "STRIKE1": 0.0, "STRIKE2": 0.0, "STRIKE3": 262.946167, "STRIKE4": 0.0, "DIP1": 29.159813, "DIP2": 0.0, "DIP3": 29.159813, "DIP4": 0.0, "aspRatio": 1.0, "mfd_bin": 0.2, "a_val": 3.0, "a_hi": 3.0056988694000002, "a_mid": 2.99985549239, "a_lo": 2.9940121153799999, "sigma_a": 0.01, "b_val": 0.92, "b_hi": 0.95186393639599998, "b_mid": 0.92, "b_lo": 0.88813606360399999, "sigma_b": 0.01, "cum_cov_ab": 0.054321, "MCORNERP1": 6.2, "MCORNERP2": 6.4, "MCORNERP3": 6.6, "MAXMAGP1": 6.4, "MAXMAGP2": 6.6, "utsu_bval2": 0.0, "utsu_aval": 0.0, "utsu_Minfl": 0.0, "Shape_Leng": 3.0454399790500002, "Shape_Area": 0.42277343173999998 }, "geometry": { "type": "Polygon", "coordinates": [ [ [ 8.134799999620327, 43.842600000189918 ], [ 7.880100000114965, 43.726299999645335 ], [ 7.225910944934185, 43.747268344258714 ], [ 7.149013967320798, 43.943227218661264 ], [ 7.205024443123591, 44.14271976770317 ], [ 7.667113772182915, 44.160614052396681 ], [ 7.86938565892109, 44.203787191625622 ], [ 8.072137000322357, 44.105778000354462 ], [ 8.285898440260837, 44.080021204714853 ], [ 8.451552832697132, 44.11068078129307 ], [ 8.134799999620327, 43.842600000189918 ] ] ] } },
{ "type": "Feature", "properties": { "ZONE_ID": "ITAS333", "areakm2": 1195.0449145800001, "tctCluster": "Shallow Default", "CSZ_ID": "SZ37", "TECTO_ID": "TSZ044", "magScaleRe": "WC1994", "SS": 10.0, "NF": 70.0, "TF": 20.0, "MINDEPTH": 1.0, "MAXDEPTH": 5.0, "HYPODEPTH1": 2.0, "HYPODEPTH2": 3.0, "HYPODEPTH3": 4.0, "WHDEPTH1": 0.3, "WHDEPTH2": 0.6, "WHDEPTH3": 0.1, "WMAXMAG01": 0.5, "WMAXMAG02": 0.4, "WMAXMAG03": 0.1, "MAXMAG01": 6.3, "MAXMAG02": 6.6, "MAXMAG03": 6.9, "STRIKE1": 0.0, "STRIKE2": 0.0, "STRIKE3": 0.0, "STRIKE4": 0.0, "DIP1": 89.99, "DIP2": 0.0, "DIP3": 0.0, "DIP4": 0.0, "aspRatio": 1.0, "mfd_bin": 0.2, "a_val": 1.9068827157899999, "a_hi": 1.9812680330400001, "a_mid": 1.9065252502200001, "a_lo": 1.8317824674000001, "sigma_a": 0.25212892148299998, "b_val": 0.97203734208799997, "b_hi": 1.04588146884, "b_mid": 0.97203734208799997, "b_lo": 0.89819321533300001, "sigma_b": 0.053707268507, "cum_cov_ab": 0.054321, "MCORNERP1": 6.0, "MCORNERP2": 6.2, "MCORNERP3": 6.4, "MAXMAGP1": 5.6, "MAXMAGP2": 5.6, "utsu_bval2": 0.0, "utsu_aval": 0.0, "utsu_Minfl": 0.0, "Shape_Leng": 1.4532299386900001, "Shape_Area": 0.096436581208500002 }, "geometry": { "type": "Polygon", "coordinates": [ [ [ 14.285169999895629, 40.977776000362155 ], [ 14.572079790450005, 40.720735006215591 ], [ 14.485963591846314, 40.619600931637763 ], [ 14.270452566732615, 40.717431216277646 ], [ 13.953824774493796, 40.835796746422773 ], [ 14.285169999895629, 40.977776000362155 ] ] ] } },
{ "type": "Feature", "properties": { "ZONE_ID": "ITAS334", "areakm2": 13110.5085834, "tctCluster": "Shallow Default", "CSZ_ID": "SZ36", "TECTO_ID": "TSZ041", "magScaleRe": "WC1994", "SS": 10.0, "NF": 70.0, "TF": 20.0, "MINDEPTH": 8.0, "MAXDEPTH": 20.0, "HYPODEPTH1": 9.0, "HYPODEPTH2": 10.0, "HYPODEPTH3": 18.0, "WHDEPTH1": 0.1, "WHDEPTH2": 0.4, "WHDEPTH3": 0.5, "WMAXMAG01": 0.5, "WMAXMAG02": 0.4, "WMAXMAG03": 0.1, "MAXMAG01": 7.0, "MAXMAG02": 7.3, "MAXMAG03": 7.6, "STRIKE1": 0.0, "STRIKE2": 141.337907, "STRIKE3": 180.023, "STRIKE4": 272.560286, "DIP1": 33.673454, "DIP2": 33.673454, "DIP3": 37.667, "DIP4": 75.675571, "aspRatio": 1.0, "mfd_bin": 0.2, "a_val": 3.05, "a_hi": 3.19504492547, "a_mid": 3.05005079788, "a_lo": 2.9050566703, "sigma_a": 0.237204937778, "b_val": 0.87157878013099999, "b_hi": 0.94326180715200003, "b_mid": 0.87157878013099999, "b_lo": 0.79989575311000005, "sigma_b": 0.050609706616999997, "cum_cov_ab": 0.054321, "MCORNERP1": 6.7, "MCORNERP2": 6.9, "MCORNERP3": 7.1, "MAXMAGP1": 7.0, "MAXMAGP2": 7.0, "utsu_bval2": 0.0, "utsu_aval": 0.0, "utsu_Minfl": 0.0, "Shape_Leng": 5.4052951693700004, "Shape_Area": 1.0579791697900001 }, "geometry": { "type": "Polygon", "coordinates": [ [ [ 12.093439999856173, 43.759132000141733 ], [ 12.229769000439092, 44.02296099975041 ], [ 12.497706999778245, 43.913558999848021 ], [ 12.917593999663382, 43.79963700014747 ], [ 13.340052000299636, 43.587204000064617 ], [ 13.675760999770375, 43.259746999824245 ], [ 13.809378000294544, 42.978866999912157 ], [ 13.905248472439098, 42.42797977394747 ], [ 13.806226999776243, 42.222605000420458 ], [ 13.616276999583931, 42.458944000365364 ], [ 13.22840899957572, 42.840887999681513 ], [ 12.853691999885939, 43.33937600000246 ], [ 12.512617000274417, 43.47952400043232 ], [ 12.093439999856173, 43.759132000141733 ] ] ] } },
{ "type": "Feature", "properties": { "ZONE_ID": "ITAS335", "areakm2": 6802.5870378700001, "tctCluster": "Shallow Default", "CSZ_ID": "SZ36", "TECTO_ID": "TSZ074", "magScaleRe": "WC1994", "SS": 10.0, "NF": 70.0, "TF": 20.0, "MINDEPTH": 6.0, "MAXDEPTH": 15.0, "HYPODEPTH1": 7.0, "HYPODEPTH2": 8.0, "HYPODEPTH3": 10.0, "WHDEPTH1": 0.3, "WHDEPTH2": 0.6, "WHDEPTH3": 0.1, "WMAXMAG01": 0.5, "WMAXMAG02": 0.4, "WMAXMAG03": 0.1, "MAXMAG01": 7.4, "MAXMAG02": 7.7, "MAXMAG03": 8.0, "STRIKE1": 0.0, "STRIKE2": 123.432857, "STRIKE3": 0.0, "STRIKE4": 311.01079, "DIP1": 29.164333, "DIP2": 29.164333, "DIP3": 0.0, "DIP4": 34.07164, "aspRatio": 1.0, "mfd_bin": 0.2, "a_val": 3.37, "a_hi": 3.38797480246, "a_mid": 3.3696344166699999, "a_lo": 3.3512940308900001, "sigma_a": 0.047083108986899998, "b_val": 0.93, "b_hi": 0.96572457454500005, "b_mid": 0.93, "b_lo": 0.89427542545500005, "sigma_b": 0.01257, "cum_cov_ab": 0.054321, "MCORNERP1": 6.4, "MCORNERP2": 6.6, "MCORNERP3": 6.8, "MAXMAGP1": 6.6, "MAXMAGP2": 6.8, "utsu_bval2": 0.0, "utsu_aval": 0.0, "utsu_Minfl": 0.0, "Shape_Leng": 5.9294405135900004, "Shape_Area": 0.54894860466700002 }, "geometry": { "type": "Polygon", "coordinates": [ [ [ 11.23892700028091, 43.935234000248954 ], [ 10.424334525917686, 43.992321014003664 ], [ 9.436472892510039, 44.483589172402446 ], [ 9.596590999974694, 44.646442000398054 ], [ 10.672200426108816, 44.13567498511253 ], [ 11.29519999988014, 44.104399999760233 ], [ 12.093439999856173, 43.759132000141733 ], [ 11.877050999903759, 43.52127100015656 ], [ 11.538912999935064, 43.828911000242499 ], [ 11.23892700028091, 43.935234000248954 ] ] ] } },
{ "type": "Feature", "properties": { "ZONE_ID": "ITAS339", "areakm2": 8322.2020598599993, "tctCluster": "Shallow Default", "CSZ_ID": "SZ08", "TECTO_ID": "TSZ132", "magScaleRe": "WC1994", "SS": 20.0, "NF": 30.0, "TF": 50.0, "MINDEPTH": 8.0, "MAXDEPTH": 20.0, "HYPODEPTH1": 9.0, "HYPODEPTH2": 10.0, "HYPODEPTH3": 18.0, "WHDEPTH1": 0.1, "WHDEPTH2": 0.4, "WHDEPTH3": 0.5, "WMAXMAG01": 0.5, "WMAXMAG02": 0.4, "WMAXMAG03": 0.1, "MAXMAG01": 7.7, "MAXMAG02": 8.0, "MAXMAG03": 8.3, "STRIKE1": 57.751833, "STRIKE2": 0.0, "STRIKE3": 196.527918, "STRIKE4": 0.0, "DIP1": 44.349, "DIP2": 0.0, "DIP3": 65.63867, "DIP4": 0.0, "aspRatio": 1.0, "mfd_bin": 0.2, "a_val": 3.272, "a_hi": 3.3354088375600002, "a_mid": 3.2718886732399999, "a_lo": 3.20836850891, "sigma_a": 0.0848425378742, "b_val": 0.88, "b_hi": 0.92085379195999995, "b_mid": 0.88, "b_lo": 0.83914620803999995, "sigma_b": 0.016438640314899999, "cum_cov_ab": 0.054321, "MCORNERP1": 7.4, "MCORNERP2": 7.6, "MCORNERP3": 7.8, "MAXMAGP1": 7.4, "MAXMAGP2": 7.6, "utsu_bval2": 0.0, "utsu_aval": 0.0, "utsu_Minfl": 0.0, "Shape_Leng": 2.8406261504, "Shape_Area": 0.49137431299399997 }, "geometry": { "type": "Polygon", "coordinates": [ [ [ 14.403430938886743, 37.182456970213082 ], [ 14.700623512065476, 37.35916137669625 ], [ 15.088227734622308, 37.485167992109211 ], [ 15.096288992143343, 37.371253202273522 ], [ 15.349058865774111, 37.005374120019667 ], [ 15.114343982988487, 36.810220908668043 ], [ 15.156826314283023, 36.685429058804061 ], [ 15.084075321918647, 36.642415698525724 ], [ 14.771830183216423, 36.687022146654783 ], [ 14.657658916625735, 36.666312009991316 ], [ 14.403430938886743, 37.182456970213082 ] ] ] } },
{ "type": "Feature", "properties": { "ZONE_ID": "ITAS341", "areakm2": 2867.75194362, "tctCluster": "Shallow Default", "CSZ_ID": "SZ47", "TECTO_ID": "TSZ107", "magScaleRe": "WC1994", "SS": 70.0, "NF": 25.0, "TF": 5.0, "MINDEPTH": 7.0, "MAXDEPTH": 15.0, "HYPODEPTH1": 8.0, "HYPODEPTH2": 10.0, "HYPODEPTH3": 12.0, "WHDEPTH1": 0.3, "WHDEPTH2": 0.6, "WHDEPTH3": 0.1, "WMAXMAG01": 0.5, "WMAXMAG02": 0.4, "WMAXMAG03": 0.1, "MAXMAG01": 6.5, "MAXMAG02": 6.8, "MAXMAG03": 7.1, "STRIKE1": 66.2635, "STRIKE2": 0.0, "STRIKE3": 0.0, "STRIKE4": 309.770625, "DIP1": 44.349, "DIP2": 0.0, "DIP3": 0.0, "DIP4": 36.543375, "aspRatio": 1.0, "mfd_bin": 0.2, "a_val": 2.3199, "a_hi": 2.3261883295, "a_mid": 2.3202603060400002, "a_lo": 2.3143322825800001, "sigma_a": 0.01, "b_val": 0.922, "b_hi": 0.95386393639599998, "b_mid": 0.922, "b_lo": 0.89013606360399999, "sigma_b": 0.01, "cum_cov_ab": 0.054321, "MCORNERP1": 6.0, "MCORNERP2": 6.2, "MCORNERP3": 6.4, "MAXMAGP1": 6.2, "MAXMAGP2": 6.2, "utsu_bval2": 0.0, "utsu_aval": 0.0, "utsu_Minfl": 0.0, "Shape_Leng": 2.0476809453899998, "Shape_Area": 0.23141907888499999 }, "geometry": { "type": "Polygon", "coordinates": [ [ [ 8.281191027144246, 44.420204029192632 ], [ 8.573195457304564, 44.664970397965533 ], [ 8.85876274080789, 44.477291106799214 ], [ 8.80120345437598, 44.425473666976188 ], [ 8.451552832697132, 44.11068078129307 ], [ 8.285898440260837, 44.080021204714853 ], [ 8.072137000322357, 44.105778000354462 ], [ 8.116534457699117, 44.270843067953251 ], [ 8.281191027144246, 44.420204029192632 ] ] ] } },
{ "type": "Feature", "properties": { "ZONE_ID": "ITAS344", "areakm2": 30977.682600799999, "tctCluster": "Shallow Default", "CSZ_ID": "SZ47", "TECTO_ID": "TSZ040", "magScaleRe": "WC1994", "SS": 70.0, "NF": 25.0, "TF": 5.0, "MINDEPTH": 5.0, "MAXDEPTH": 20.0, "HYPODEPTH1": 7.0, "HYPODEPTH2": 10.0, "HYPODEPTH3": 15.0, "WHDEPTH1": 0.2, "WHDEPTH2": 0.6, "WHDEPTH3": 0.2, "WMAXMAG01": 0.5, "WMAXMAG02": 0.4, "WMAXMAG03": 0.1, "MAXMAG01": 6.9, "MAXMAG02": 7.2, "MAXMAG03": 7.2, "STRIKE1": 0.0, "STRIKE2": 0.0, "STRIKE3": 0.0, "STRIKE4": 0.0, "DIP1": 89.99, "DIP2": 0.0, "DIP3": 0.0, "DIP4": 0.0, "aspRatio": 1.0, "mfd_bin": 0.2, "a_val": 2.85, "a_hi": 2.8882433108500001, "a_mid": 2.8500958265, "a_lo": 2.81194834215, "sigma_a": 0.061423452801700001, "b_val": 0.98, "b_hi": 1.05679464876, "b_mid": 0.98, "b_lo": 0.90320535123800005, "sigma_b": 0.058084875626600002, "cum_cov_ab": 0.054321, "MCORNERP1": 5.8, "MCORNERP2": 6.0, "MCORNERP3": 6.2, "MAXMAGP1": 6.0, "MAXMAGP2": 6.2, "utsu_bval2": 0.0, "utsu_aval": 0.0, "utsu_Minfl": 0.0, "Shape_Leng": 12.4350564394, "Shape_Area": 2.4998071362699998 }, "geometry": { "type": "Polygon", "coordinates": [ [ [ 9.187750245977099, 45.810826272914198 ], [ 9.369272918710294, 45.308083753562414 ], [ 9.100334949698208, 45.231961342242187 ], [ 8.772423023803526, 45.245345502592897 ], [ 8.256311000352412, 45.333058999673142 ], [ 7.633130000049505, 45.310859000242715 ], [ 7.762297999553084, 45.402624999843908 ], [ 8.259834356170643, 45.628238910797165 ], [ 7.998287535541408, 46.034895062257362 ], [ 8.653387085046006, 46.080687732352999 ], [ 9.662399999560364, 46.15009999971528 ], [ 10.340454441219549, 46.221068293866722 ], [ 10.543654361759422, 46.428033500445736 ], [ 10.660000000199886, 46.679999999800202 ], [ 11.170499999575384, 46.857699999855186 ], [ 12.030338020783063, 46.605285542793638 ], [ 12.717843105974623, 46.441693151018171 ], [ 12.595500000324819, 46.401100000364806 ], [ 11.917319432345948, 46.109997699933956 ], [ 11.170324521159785, 45.934317026809367 ], [ 11.168534735389755, 46.12963193716422 ], [ 10.969007244089084, 46.209433904850869 ], [ 10.491694379392129, 45.956750845475199 ], [ 9.995735623400321, 45.90729007817464 ], [ 9.187750245977099, 45.810826272914198 ] ] ] } },
{ "type": "Feature", "properties": { "ZONE_ID": "ITAS345", "areakm2": 14559.608878700001, "tctCluster": "Shallow Default", "CSZ_ID": "SZ40", "TECTO_ID": "TSZ097", "magScaleRe": "WC1994", "SS": 20.0, "NF": 60.0, "TF": 20.0, "MINDEPTH": 7.0, "MAXDEPTH": 15.0, "HYPODEPTH1": 8.0, "HYPODEPTH2": 10.0, "HYPODEPTH3": 12.0, "WHDEPTH1": 0.3, "WHDEPTH2": 0.6, "WHDEPTH3": 0.1, "WMAXMAG01": 0.5, "WMAXMAG02": 0.4, "WMAXMAG03": 0.1, "MAXMAG01": 7.1, "MAXMAG02": 7.4, "MAXMAG03": 7.7, "STRIKE1": 88.1036, "STRIKE2": 0.0, "STRIKE3": 228.832802, "STRIKE4": 271.46, "DIP1": 35.933, "DIP2": 0.0, "DIP3": 31.788934, "DIP4": 31.422, "aspRatio": 1.0, "mfd_bin": 0.2, "a_val": 4.03, "a_hi": 4.0575265512399996, "a_mid": 4.0299763296900002, "a_lo": 4.0024261081299999, "sigma_a": 0.078539768127000004, "b_val": 1.07, "b_hi": 1.1203813071199999, "b_mid": 1.07, "b_lo": 1.01961869288, "sigma_b": 0.025, "cum_cov_ab": 0.054321, "MCORNERP1": 6.0, "MCORNERP2": 6.2, "MCORNERP3": 6.4, "MAXMAGP1": 6.4, "MAXMAGP2": 6.4, "utsu_bval2": 0.0, "utsu_aval": 0.0, "utsu_Minfl": 0.0, "Shape_Leng": 4.9146263551000002, "Shape_Area": 1.1749172670900001 }, "geometry": { "type": "Polygon", "coordinates": [ [ [ 9.187750245977099, 45.810826272914198 ], [ 9.995735623400321, 45.90729007817464 ], [ 10.491694379392129, 45.956750845475199 ], [ 10.969007244089084, 46.209433904850869 ], [ 11.168534735389755, 46.12963193716422 ], [ 11.170324521159785, 45.934317026809367 ], [ 10.822232000106794, 45.43678999975873 ], [ 10.678143999645897, 45.357051999949874 ], [ 10.168735275412701, 45.186623477291675 ], [ 9.369272918710294, 45.308083753562414 ], [ 9.187750245977099, 45.810826272914198 ] ] ] } },
{ "type": "Feature", "properties": { "ZONE_ID": "ITAS348", "areakm2": 42179.973694499997, "tctCluster": "Shallow Default", "CSZ_ID": "SZ37", "TECTO_ID": "TSZ044", "magScaleRe": "WC1994", "SS": 20.0, "NF": 30.0, "TF": 50.0, "MINDEPTH": 0.0, "MAXDEPTH": 20.0, "HYPODEPTH1": 2.0, "HYPODEPTH2": 10.0, "HYPODEPTH3": 18.0, "WHDEPTH1": 0.1, "WHDEPTH2": 0.4, "WHDEPTH3": 0.5, "WMAXMAG01": 0.5, "WMAXMAG02": 0.4, "WMAXMAG03": 0.1, "MAXMAG01": 6.3, "MAXMAG02": 6.6, "MAXMAG03": 6.9, "STRIKE1": 0.0, "STRIKE2": 0.0, "STRIKE3": 0.0, "STRIKE4": 302.218263, "DIP1": 89.99, "DIP2": 0.0, "DIP3": 0.0, "DIP4": 72.990105, "aspRatio": 1.0, "mfd_bin": 0.2, "a_val": 3.1110026984500001, "a_hi": 3.1863318338400002, "a_mid": 3.1116275040399999, "a_lo": 3.03692317424, "sigma_a": 0.25212892148299998, "b_val": 0.97203734208799997, "b_hi": 1.04588146884, "b_mid": 0.97203734208799997, "b_lo": 0.89819321533300001, "sigma_b": 0.053707268507, "cum_cov_ab": 0.054321, "MCORNERP1": 6.0, "MCORNERP2": 6.2, "MCORNERP3": 6.4, "MAXMAGP1": 6.2, "MAXMAGP2": 6.4, "utsu_bval2": 0.0, "utsu_aval": 0.0, "utsu_Minfl": 0.0, "Shape_Leng": 11.7895908974, "Shape_Area": 3.4037988112700002 }, "geometry": { "type": "Polygon", "coordinates": [ [ [ 15.326107999884357, 39.119014000195989 ], [ 15.190941999873417, 39.320087999861357 ], [ 14.993737999708969, 39.509016999734797 ], [ 14.56635699957593, 39.719299000448586 ], [ 14.116175000176156, 39.793951000438369 ], [ 13.630129999899623, 40.005560000293826 ], [ 13.26670400018952, 40.622509000090361 ], [ 12.424517054618434, 41.112598697671785 ], [ 12.650768115456231, 41.333839191125833 ], [ 13.053764236630286, 41.636188005671954 ], [ 13.767481225678068, 41.317012576169532 ], [ 14.285169999895629, 40.977776000362155 ], [ 13.953824774493796, 40.835796746422773 ], [ 14.270452566732615, 40.717431216277646 ], [ 14.485963591846314, 40.619600931637763 ], [ 14.572079790450005, 40.720735006215591 ], [ 14.688394131583948, 40.626224553620318 ], [ 14.686179999807223, 40.560603999774798 ], [ 14.86001199955416, 40.268174999676546 ], [ 15.315749296492868, 39.80962808396896 ], [ 15.700612999690236, 39.419043000034492 ], [ 16.040163040491962, 39.43991470350079 ], [ 16.027631759398218, 39.003452300783124 ], [ 15.631821439008263, 38.343142215141143 ], [ 15.170981000273002, 38.290005000430483 ], [ 14.989361541601909, 38.778571604396063 ], [ 15.112499999575391, 38.916900000234875 ], [ 15.308682225104633, 38.955476241335532 ], [ 15.326107999884357, 39.119014000195989 ] ] ] } },
{ "type": "Feature", "properties": { "ZONE_ID": "ITAS351", "areakm2": 8645.1174172400006, "tctCluster": "Shallow Default", "CSZ_ID": "SZ37", "TECTO_ID": "TSZ044", "magScaleRe": "WC1994", "SS": 10.0, "NF": 70.0, "TF": 20.0, "MINDEPTH": 8.0, "MAXDEPTH": 12.0, "HYPODEPTH1": 9.0, "HYPODEPTH2": 10.0, "HYPODEPTH3": 11.0, "WHDEPTH1": 0.3, "WHDEPTH2": 0.6, "WHDEPTH3": 0.1, "WMAXMAG01": 0.5, "WMAXMAG02": 0.4, "WMAXMAG03": 0.1, "MAXMAG01": 6.6, "MAXMAG02": 6.9, "MAXMAG03": 7.1, "STRIKE1": 0.0, "STRIKE2": 134.998793, "STRIKE3": 0.0, "STRIKE4": 313.174773, "DIP1": 45.352818, "DIP2": 45.352818, "DIP3": 0.0, "DIP4": 34.901455, "aspRatio": 1.0, "mfd_bin": 0.2, "a_val": 2.55, "a_hi": 2.6377078269099998, "a_mid": 2.5500308571099999, "a_lo": 2.4623538873, "sigma_a": 0.228132121332, "b_val": 0.97, "b_hi": 1.0382059949, "b_mid": 0.97, "b_lo": 0.90179400510200003, "sigma_b": 0.045819067197799997, "cum_cov_ab": 0.054321, "MCORNERP1": 6.0, "MCORNERP2": 6.2, "MCORNERP3": 6.4, "MAXMAGP1": 6.0, "MAXMAGP2": 6.2, "utsu_bval2": 0.0, "utsu_aval": 0.0, "utsu_Minfl": 0.0, "Shape_Leng": 3.94490401441, "Shape_Area": 0.69763534282899997 }, "geometry": { "type": "Polygon", "coordinates": [ [ [ 14.688394131583948, 40.626224553620318 ], [ 15.221920013797671, 40.580947875843833 ], [ 16.045110702097247, 39.710124969491801 ], [ 16.040163040491962, 39.43991470350079 ], [ 15.700612999690236, 39.419043000034492 ], [ 15.315749296492868, 39.80962808396896 ], [ 14.86001199955416, 40.268174999676546 ], [ 14.686179999807223, 40.560603999774798 ], [ 14.688394131583948, 40.626224553620318 ] ] ] } },
{ "type": "Feature", "properties": { "ZONE_ID": "LBAS341", "areakm2": 31722.372854099998, "tctCluster": "Shallow Default", "CSZ_ID": "SZ42", "TECTO_ID": "TSZ087", "magScaleRe": "WC1994", "SS": 85.0, "NF": 15.0, "TF": 0.0, "MINDEPTH": 0.0, "MAXDEPTH": 20.0, "HYPODEPTH1": 2.0, "HYPODEPTH2": 10.0, "HYPODEPTH3": 18.0, "WHDEPTH1": 0.4, "WHDEPTH2": 0.3, "WHDEPTH3": 0.3, "WMAXMAG01": 0.5, "WMAXMAG02": 0.4, "WMAXMAG03": 0.1, "MAXMAG01": 7.7, "MAXMAG02": 8.0, "MAXMAG03": 8.3, "STRIKE1": 0.0, "STRIKE2": 0.0, "STRIKE3": 0.0, "STRIKE4": 0.0, "DIP1": 89.99, "DIP2": 0.0, "DIP3": 0.0, "DIP4": 0.0, "aspRatio": 1.0, "mfd_bin": 0.2, "a_val": 3.4509, "a_hi": 3.5229655389699999, "a_mid": 3.4504208163799999, "a_lo": 3.3778760937899999, "sigma_a": 0.099389286430299997, "b_val": 0.8, "b_hi": 0.84081243023300001, "b_mid": 0.8, "b_lo": 0.75918756976699997, "sigma_b": 0.0164053711213, "cum_cov_ab": 0.054321, "MCORNERP1": 7.5, "MCORNERP2": 7.7, "MCORNERP3": 7.9, "MAXMAGP1": 7.8, "MAXMAGP2": 8.0, "utsu_bval2": 0.0, "utsu_aval": 0.0, "utsu_Minfl": 0.0, "Shape_Leng": 7.5488152078199997, "Shape_Area": 2.21013287254 }, "geometry": { "type": "Polygon", "coordinates": [ [ [ 36.860554000366903, 35.888029999584887 ], [ 36.56284599964323, 34.619110000126454 ], [ 35.70709320278911, 34.824139515826062 ], [ 36.056866000065895, 35.209465000209661 ], [ 36.07302999993459, 35.303062999757685 ], [ 35.984590999974728, 35.569027999842376 ], [ 35.940153000260807, 35.933469999640806 ], [ 35.794713999551504, 36.109799000323676 ], [ 36.376973000403723, 36.775082999680762 ], [ 36.594792999797164, 37.440452000259654 ], [ 36.942006000076901, 37.326584000351374 ], [ 37.114374999806444, 37.4394210003789 ], [ 37.285032999773193, 37.356736999612906 ], [ 36.860554000366903, 35.888029999584887 ] ] ] } },
{ "type": "Feature", "properties": { "ZONE_ID": "LVAS342", "areakm2": 355158.81584400003, "tctCluster": "Craton", "CSZ_ID": "SZ31", "TECTO_ID": "TSZ026", "magScaleRe": "WC1994", "SS": 33.0, "NF": 33.0, "TF": 34.0, "MINDEPTH": 0.0, "MAXDEPTH": 34.0, "HYPODEPTH1": 8.0, "HYPODEPTH2": 10.0, "HYPODEPTH3": 15.0, "WHDEPTH1": 0.1, "WHDEPTH2": 0.4, "WHDEPTH3": 0.5, "WMAXMAG01": 0.5, "WMAXMAG02": 0.4, "WMAXMAG03": 0.1, "MAXMAG01": 6.3, "MAXMAG02": 6.6, "MAXMAG03": 6.9, "STRIKE1": 0.0, "STRIKE2": 0.0, "STRIKE3": 0.0, "STRIKE4": 0.0, "DIP1": 89.99, "DIP2": 0.0, "DIP3": 0.0, "DIP4": 0.0, "aspRatio": 1.0, "mfd_bin": 0.2, "a_val": 2.887, "a_hi": 2.89318590268, "a_mid": 2.88732348481, "a_lo": 2.88146106694, "sigma_a": 0.01, "b_val": 1.0, "b_hi": 1.0318639364, "b_mid": 1.0, "b_lo": 0.96813606360399995, "sigma_b": 0.01, "cum_cov_ab": 0.054321, "MCORNERP1": 6.0, "MCORNERP2": 6.2, "MCORNERP3": 6.4, "MAXMAGP1": 6.2, "MAXMAGP2": 6.2, "utsu_bval2": 0.0, "utsu_aval": 0.0, "utsu_Minfl": 0.0, "Shape_Leng": 25.001878557400001, "Shape_Area": 28.660263385 }, "geometry": { "type": "Polygon", "coordinates": [ [ [ 19.656411000167566, 54.633632000316595 ], [ 22.323135999926478, 59.5923579998219 ], [ 24.999999999600334, 59.700000000399768 ], [ 25.727044999826944, 59.608300000244867 ], [ 28.200000000399768, 59.300000000299804 ], [ 28.200000000399768, 55.269999999900108 ], [ 22.310000000299851, 56.12 ], [ 21.18000000039973, 54.519999999600373 ], [ 19.656411000167566, 54.633632000316595 ] ] ] } },
{ "type": "Feature", "properties": { "ZONE_ID": "MAAS001", "areakm2": 128458.23908699999, "tctCluster": "Shallow Default", "CSZ_ID": "SZ28", "TECTO_ID": "TSZ165", "magScaleRe": "WC1994", "SS": 30.0, "NF": 20.0, "TF": 50.0, "MINDEPTH": 0.0, "MAXDEPTH": 20.0, "HYPODEPTH1": 2.0, "HYPODEPTH2": 10.0, "HYPODEPTH3": 18.0, "WHDEPTH1": 0.1, "WHDEPTH2": 0.4, "WHDEPTH3": 0.5, "WMAXMAG01": 0.5, "WMAXMAG02": 0.4, "WMAXMAG03": 0.1, "MAXMAG01": 6.5, "MAXMAG02": 6.8, "MAXMAG03": 7.1, "STRIKE1": 71.211716, "STRIKE2": 0.0, "STRIKE3": 0.0, "STRIKE4": 335.370667, "DIP1": 28.084747, "DIP2": 0.0, "DIP3": 0.0, "DIP4": 14.938, "aspRatio": 1.0, "mfd_bin": 0.2, "a_val": 4.2910582887300004, "a_hi": 4.3762210486999997, "a_mid": 4.2909409953099997, "a_lo": 4.2056609419199997, "sigma_a": 0.17491548426799999, "b_val": 1.2005072458499999, "b_hi": 1.265185243, "b_mid": 1.2005072458499999, "b_lo": 1.1358292487099999, "sigma_b": 0.041201618133299998, "cum_cov_ab": 0.054321, "MCORNERP1": 6.0, "MCORNERP2": 6.2, "MCORNERP3": 6.4, "MAXMAGP1": 6.2, "MAXMAGP2": 6.4, "utsu_bval2": 0.0, "utsu_aval": 0.0, "utsu_Minfl": 0.0, "Shape_Leng": 15.1123480168, "Shape_Area": 11.1446356982 }, "geometry": { "type": "Polygon", "coordinates": [ [ [ -10.96913445658987, 30.576772489259042 ], [ -9.232165914425366, 33.298028809382117 ], [ -8.942202000122165, 34.655955000422978 ], [ -8.483186999880104, 34.650458999683167 ], [ -7.193143913960398, 34.822309902679933 ], [ -6.434678187848021, 34.683093266241315 ], [ -5.695182580211849, 34.387603628604609 ], [ -6.150181999599567, 32.47844100035195 ], [ -7.066061695890482, 31.91240885928147 ], [ -9.770662605894472, 31.062687500627703 ], [ -10.96913445658987, 30.576772489259042 ] ] ] } },
{ "type": "Feature", "properties": { "ZONE_ID": "MAAS344", "areakm2": 60658.041301999998, "tctCluster": "Shallow Default", "CSZ_ID": "SZ51", "TECTO_ID": "TSZ177", "magScaleRe": "WC1994", "SS": 30.0, "NF": 20.0, "TF": 50.0, "MINDEPTH": 0.0, "MAXDEPTH": 60.0, "HYPODEPTH1": 2.0, "HYPODEPTH2": 10.0, "HYPODEPTH3": 18.0, "WHDEPTH1": 0.1, "WHDEPTH2": 0.4, "WHDEPTH3": 0.5, "WMAXMAG01": 0.5, "WMAXMAG02": 0.4, "WMAXMAG03": 0.1, "MAXMAG01": 8.5, "MAXMAG02": 8.6, "MAXMAG03": 8.7, "STRIKE1": 0.0, "STRIKE2": 0.0, "STRIKE3": 0.0, "STRIKE4": 311.327425, "DIP1": 89.99, "DIP2": 0.0, "DIP3": 0.0, "DIP4": 43.317621, "aspRatio": 1.0, "mfd_bin": 0.2, "a_val": 3.5219364939800002, "a_hi": 3.6131167874700001, "a_mid": 3.5216877629300001, "a_lo": 3.4302587384000001, "sigma_a": 0.15401118329, "b_val": 0.92189389044299996, "b_hi": 0.98124425231099999, "b_mid": 0.92189389044299996, "b_lo": 0.86254352857399996, "sigma_b": 0.034693481972, "cum_cov_ab": 0.054321, "MCORNERP1": 6.4, "MCORNERP2": 6.6, "MCORNERP3": 6.8, "MAXMAGP1": 6.8, "MAXMAGP2": 6.8, "utsu_bval2": 0.0, "utsu_aval": 0.0, "utsu_Minfl": 0.0, "Shape_Leng": 10.273602496100001, "Shape_Area": 5.3358103458899997 }, "geometry": { "type": "Polygon", "coordinates": [ [ [ -10.340705651344706, 35.141816783617742 ], [ -9.441470999586898, 36.154385999714179 ], [ -8.734820377758183, 36.118318290656646 ], [ -7.894581000412813, 36.24685700035036 ], [ -6.845894732156125, 36.26804463475213 ], [ -6.426775999712561, 36.414001000146072 ], [ -6.100683149607619, 35.487166897634268 ], [ -6.434678187848021, 34.683093266241315 ], [ -7.193143913960398, 34.822309902679933 ], [ -8.483186999880104, 34.650458999683167 ], [ -8.942202000122165, 34.655955000422978 ], [ -9.28553899972502, 34.824065999846084 ], [ -10.340705651344706, 35.141816783617742 ] ] ] } },
{ "type": "Feature", "properties": { "ZONE_ID": "MAAS346", "areakm2": 108998.25669900001, "tctCluster": "Shallow Default", "CSZ_ID": "SZ30", "TECTO_ID": "TSZ016", "magScaleRe": "WC1994", "SS": 60.0, "NF": 10.0, "TF": 30.0, "MINDEPTH": 0.0, "MAXDEPTH": 20.0, "HYPODEPTH1": 2.0, "HYPODEPTH2": 10.0, "HYPODEPTH3": 18.0, "WHDEPTH1": 0.1, "WHDEPTH2": 0.4, "WHDEPTH3": 0.5, "WMAXMAG01": 0.5, "WMAXMAG02": 0.4, "WMAXMAG03": 0.1, "MAXMAG01": 7.1, "MAXMAG02": 7.4, "MAXMAG03": 7.7, "STRIKE1": 77.375467, "STRIKE2": 0.0, "STRIKE3": 233.898085, "STRIKE4": 285.639126, "DIP1": 67.162, "DIP2": 0.0, "DIP3": 67.347379, "DIP4": 41.487232, "aspRatio": 1.0, "mfd_bin": 0.2, "a_val": 3.6416255245800002, "a_hi": 3.6914473513699999, "a_mid": 3.6412703356199998, "a_lo": 3.5910933198700001, "sigma_a": 0.093415210316100006, "b_val": 0.88461030870099999, "b_hi": 0.92975265520200001, "b_mid": 0.88461030870099999, "b_lo": 0.8394679622, "sigma_b": 0.020071018300799999, "cum_cov_ab": 0.054321, "MCORNERP1": 6.2, "MCORNERP2": 6.4, "MCORNERP3": 6.6, "MAXMAGP1": 6.6, "MAXMAGP2": 6.8, "utsu_bval2": 0.0, "utsu_aval": 0.0, "utsu_Minfl": 0.0, "Shape_Leng": 12.5070930963, "Shape_Area": 7.6509260678400004 }, "geometry": { "type": "Polygon", "coordinates": [ [ [ -3.242355983541756, 36.203041655248228 ], [ -2.794529596363759, 36.186771527284236 ], [ -2.47602985269549, 36.110929395974892 ], [ -1.890532227680126, 36.011146407980391 ], [ -1.864302150323908, 34.740437047231978 ], [ -6.150181999599567, 32.47844100035195 ], [ -5.695182580211849, 34.387603628604609 ], [ -4.352054476233036, 35.502088386070227 ], [ -3.242355983541756, 36.203041655248228 ] ] ] } },
{ "type": "Feature", "properties": { "ZONE_ID": "MKAS350", "areakm2": 3343.2754857499999, "tctCluster": "Shallow Default", "CSZ_ID": "SZ23", "TECTO_ID": "TSZ020", "magScaleRe": "WC1994", "SS": 20.0, "NF": 60.0, "TF": 20.0, "MINDEPTH": 0.0, "MAXDEPTH": 20.0, "HYPODEPTH1": 2.0, "HYPODEPTH2": 10.0, "HYPODEPTH3": 18.0, "WHDEPTH1": 0.1, "WHDEPTH2": 0.4, "WHDEPTH3": 0.5, "WMAXMAG01": 0.5, "WMAXMAG02": 0.4, "WMAXMAG03": 0.1, "MAXMAG01": 7.3, "MAXMAG02": 7.6, "MAXMAG03": 7.9, "STRIKE1": 62.7095, "STRIKE2": 105.088962, "STRIKE3": 0.0, "STRIKE4": 301.322477, "DIP1": 56.725083, "DIP2": 46.315846, "DIP3": 0.0, "DIP4": 54.322886, "aspRatio": 1.0, "mfd_bin": 0.2, "a_val": 3.2038719643200002, "a_hi": 3.21751880935, "a_mid": 3.20427933107, "a_lo": 3.1910398527799999, "sigma_a": 0.038338044715300001, "b_val": 0.91315620206400006, "b_hi": 0.94256796754899996, "b_mid": 0.91315620206400006, "b_lo": 0.88374443657799995, "sigma_b": 0.0085200733943300005, "cum_cov_ab": 0.054321, "MCORNERP1": 6.8, "MCORNERP2": 7.0, "MCORNERP3": 7.2, "MAXMAGP1": 7.0, "MAXMAGP2": 7.2, "utsu_bval2": 0.0, "utsu_aval": 0.0, "utsu_Minfl": 0.0, "Shape_Leng": 2.91128881256, "Shape_Area": 0.33467598943400001 }, "geometry": { "type": "Polygon", "coordinates": [ [ [ 22.879216999564903, 41.618406000436607 ], [ 23.571982552153088, 41.366510724690272 ], [ 22.99926899956472, 41.199546000247778 ], [ 22.63807645806213, 41.132888482217709 ], [ 22.204820951425802, 41.297838415910235 ], [ 22.879216999564903, 41.618406000436607 ] ] ] } },
{ "type": "Feature", "properties": { "ZONE_ID": "MKAS352", "areakm2": 16056.9278815, "tctCluster": "Shallow Default", "CSZ_ID": "SZ23", "TECTO_ID": "TSZ101", "magScaleRe": "WC1994", "SS": 20.0, "NF": 60.0, "TF": 20.0, "MINDEPTH": 0.0, "MAXDEPTH": 14.0, "HYPODEPTH1": 2.0, "HYPODEPTH2": 8.0, "HYPODEPTH3": 10.0, "WHDEPTH1": 0.1, "WHDEPTH2": 0.4, "WHDEPTH3": 0.5, "WMAXMAG01": 0.5, "WMAXMAG02": 0.4, "WMAXMAG03": 0.1, "MAXMAG01": 7.3, "MAXMAG02": 7.6, "MAXMAG03": 7.9, "STRIKE1": 36.382905, "STRIKE2": 0.0, "STRIKE3": 221.541063, "STRIKE4": 335.178646, "DIP1": 46.907622, "DIP2": 0.0, "DIP3": 47.469919, "DIP4": 41.402949, "aspRatio": 1.0, "mfd_bin": 0.2, "a_val": 3.19, "a_hi": 3.2709155693700001, "a_mid": 3.1900027598, "a_lo": 3.10908995023, "sigma_a": 0.13812916681500001, "b_val": 0.9, "b_hi": 0.95593023472700001, "b_mid": 0.9, "b_lo": 0.84406976527300004, "sigma_b": 0.030810193859199999, "cum_cov_ab": 0.054321, "MCORNERP1": 6.4, "MCORNERP2": 6.6, "MCORNERP3": 6.8, "MAXMAGP1": 6.6, "MAXMAGP2": 6.8, "utsu_bval2": 0.0, "utsu_aval": 0.0, "utsu_Minfl": 0.0, "Shape_Leng": 6.0863025955300003, "Shape_Area": 1.2957464704699999 }, "geometry": { "type": "Polygon", "coordinates": [ [ [ 22.204820951425802, 41.297838415910235 ], [ 21.782133899759742, 41.199999999600379 ], [ 21.533782999685741, 40.981810000231405 ], [ 21.228961000050163, 41.622771000281489 ], [ 20.973171999788008, 41.754164999914849 ], [ 20.870000000299797, 41.660000000299817 ], [ 20.903597483936778, 41.803376828577825 ], [ 20.790570141498904, 41.804166114974294 ], [ 20.802065149087412, 41.998486474970889 ], [ 20.562511443348455, 42.11177063051025 ], [ 20.496699000258729, 42.230555000113213 ], [ 20.879800999916256, 42.351867999808405 ], [ 21.14237418621974, 42.36152571763779 ], [ 21.213102027736454, 42.269887796784474 ], [ 21.377545351736671, 42.1309527488703 ], [ 22.154924716202743, 41.871741051208573 ], [ 22.879216999564903, 41.618406000436607 ], [ 22.204820951425802, 41.297838415910235 ] ] ] } },
{ "type": "Feature", "properties": { "ZONE_ID": "MKAS353", "areakm2": 5478.9884815799996, "tctCluster": "Shallow Default", "CSZ_ID": "SZ23", "TECTO_ID": "TSZ101", "magScaleRe": "WC1994", "SS": 20.0, "NF": 60.0, "TF": 20.0, "MINDEPTH": 0.0, "MAXDEPTH": 14.0, "HYPODEPTH1": 2.0, "HYPODEPTH2": 8.0, "HYPODEPTH3": 10.0, "WHDEPTH1": 0.1, "WHDEPTH2": 0.4, "WHDEPTH3": 0.5, "WMAXMAG01": 0.5, "WMAXMAG02": 0.4, "WMAXMAG03": 0.1, "MAXMAG01": 7.3, "MAXMAG02": 7.6, "MAXMAG03": 7.9, "STRIKE1": 46.7922, "STRIKE2": 161.226446, "STRIKE3": 201.980836, "STRIKE4": 329.653729, "DIP1": 56.557743, "DIP2": 48.730877, "DIP3": 51.347356, "DIP4": 41.110181, "aspRatio": 1.0, "mfd_bin": 0.2, "a_val": 2.6, "a_hi": 2.6606718549799999, "a_mid": 2.59996297606, "a_lo": 2.5392540971500002, "sigma_a": 0.113046572119, "b_val": 0.75237907665399995, "b_hi": 0.80284093568600001, "b_mid": 0.75237907665399995, "b_lo": 0.70191721762299997, "sigma_b": 0.025080006172199999, "cum_cov_ab": 0.054321, "MCORNERP1": 6.4, "MCORNERP2": 6.6, "MCORNERP3": 6.8, "MAXMAGP1": 6.8, "MAXMAGP2": 7.0, "utsu_bval2": 0.0, "utsu_aval": 0.0, "utsu_Minfl": 0.0, "Shape_Leng": 2.6731463076600002, "Shape_Area": 0.44213812522700002 }, "geometry": { "type": "Polygon", "coordinates": [ [ [ 21.533782999685741, 40.981810000231405 ], [ 21.274173000383712, 40.74991700026942 ], [ 21.077474802320296, 40.727641369653554 ], [ 20.988089999753754, 40.929584000201487 ], [ 20.808456595795292, 41.460977972055844 ], [ 20.870000000299797, 41.660000000299817 ], [ 20.973171999788008, 41.754164999914849 ], [ 21.228961000050163, 41.622771000281489 ], [ 21.533782999685741, 40.981810000231405 ] ] ] } },
{ "type": "Feature", "properties": { "ZONE_ID": "MTAS353", "areakm2": 125138.027736, "tctCluster": "Shallow Default", "CSZ_ID": "SZ38", "TECTO_ID": "TSZ111", "magScaleRe": "WC1994", "SS": 30.0, "NF": 20.0, "TF": 50.0, "MINDEPTH": 0.0, "MAXDEPTH": 20.0, "HYPODEPTH1": 2.0, "HYPODEPTH2": 10.0, "HYPODEPTH3": 18.0, "WHDEPTH1": 0.1, "WHDEPTH2": 0.4, "WHDEPTH3": 0.5, "WMAXMAG01": 0.5, "WMAXMAG02": 0.4, "WMAXMAG03": 0.1, "MAXMAG01": 7.1, "MAXMAG02": 7.4, "MAXMAG03": 7.7, "STRIKE1": 0.0, "STRIKE2": 120.923329, "STRIKE3": 230.221182, "STRIKE4": 288.303977, "DIP1": 58.331171, "DIP2": 58.331171, "DIP3": 41.319136, "DIP4": 67.283442, "aspRatio": 1.0, "mfd_bin": 0.2, "a_val": 4.0567676947000004, "a_hi": 4.0963820568899996, "a_mid": 4.0565954183399997, "a_lo": 4.0168087797799998, "sigma_a": 0.073183400089100001, "b_val": 1.0075214053199999, "b_hi": 1.04820036709, "b_mid": 1.0075214053199999, "b_lo": 0.96684244354299997, "sigma_b": 0.016298245950700001, "cum_cov_ab": 0.054321, "MCORNERP1": 6.0, "MCORNERP2": 6.2, "MCORNERP3": 6.4, "MAXMAGP1": 6.4, "MAXMAGP2": 6.6, "utsu_bval2": 0.0, "utsu_aval": 0.0, "utsu_Minfl": 0.0, "Shape_Leng": 16.9645538296, "Shape_Area": 12.756135563500001 }, "geometry": { "type": "Polygon", "coordinates": [ [ [ 12.596562999882565, 37.318882000404074 ], [ 13.109631538564713, 37.488861084171731 ], [ 13.504326820126721, 37.197254181335438 ], [ 13.711199760760394, 37.110744476276636 ], [ 13.923681259482578, 37.059185027666956 ], [ 14.223557472599339, 37.070060729718932 ], [ 14.403430938886743, 37.182456970213082 ], [ 14.657658916625735, 36.666312009991316 ], [ 14.771830183216423, 36.687022146654783 ], [ 15.084075321918647, 36.642415698525724 ], [ 15.156826314283023, 36.685429058804061 ], [ 15.114343982988487, 36.810220908668043 ], [ 15.349058865774111, 37.005374120019667 ], [ 16.369657516880977, 36.555648803549502 ], [ 16.347341942876426, 35.283520859400198 ], [ 15.482405022873536, 34.960581965885069 ], [ 14.662078999945948, 35.026674000105061 ], [ 11.943699999555406, 34.993999999700293 ], [ 10.001315623517257, 36.059118342237753 ], [ 11.562699999705274, 38.395000000349796 ], [ 11.588578845937036, 38.136956752252388 ], [ 11.893799999770238, 37.999899999585352 ], [ 12.596562999882565, 37.318882000404074 ] ] ] } },
{ "type": "Feature", "properties": { "ZONE_ID": "NLAS354", "areakm2": 5137.7768019599998, "tctCluster": "Shallow Default", "CSZ_ID": "SZ03", "TECTO_ID": "TSZ104", "magScaleRe": "WC1994", "SS": 35.0, "NF": 50.0, "TF": 15.0, "MINDEPTH": 8.0, "MAXDEPTH": 18.0, "HYPODEPTH1": 9.0, "HYPODEPTH2": 10.0, "HYPODEPTH3": 15.0, "WHDEPTH1": 0.1, "WHDEPTH2": 0.4, "WHDEPTH3": 0.5, "WMAXMAG01": 0.5, "WMAXMAG02": 0.4, "WMAXMAG03": 0.1, "MAXMAG01": 6.6, "MAXMAG02": 6.9, "MAXMAG03": 7.2, "STRIKE1": 0.0, "STRIKE2": 139.202816, "STRIKE3": 0.0, "STRIKE4": 316.8538, "DIP1": 56.799337, "DIP2": 56.799337, "DIP3": 0.0, "DIP4": 56.384063, "aspRatio": 1.0, "mfd_bin": 0.2, "a_val": 3.5, "a_hi": 3.6164987216200002, "a_mid": 3.4997747667799999, "a_lo": 3.38305081194, "sigma_a": 0.168448369254, "b_val": 1.05, "b_hi": 1.1096857977600001, "b_mid": 1.05, "b_lo": 0.99031420224400002, "sigma_b": 0.035086750849800001, "cum_cov_ab": 0.054321, "MCORNERP1": 6.0, "MCORNERP2": 6.2, "MCORNERP3": 6.4, "MAXMAGP1": 6.2, "MAXMAGP2": 6.4, "utsu_bval2": 0.0, "utsu_aval": 0.0, "utsu_Minfl": 0.0, "Shape_Leng": 3.0413693714100001, "Shape_Area": 0.41460335389800002 }, "geometry": { "type": "Polygon", "coordinates": [ [ [ 5.79713785023165, 50.898204427092708 ], [ 5.977999999700273, 51.053999999800226 ], [ 6.233999999800176, 51.027999999600354 ], [ 6.3742500004372, 51.067999999700305 ], [ 6.582429000398122, 51.012534999590628 ], [ 6.626999999950101, 50.999999999800195 ], [ 7.071999999600337, 50.612 ], [ 6.926595538253537, 50.520702480635009 ], [ 6.823175690106041, 50.400213337275773 ], [ 6.392999999950064, 50.686999999850173 ], [ 6.222999999750243, 50.61099999975022 ], [ 6.04077987579069, 50.73385957525926 ], [ 5.79713785023165, 50.898204427092708 ] ] ] } },
{ "type": "Feature", "properties": { "ZONE_ID": "NLAS355", "areakm2": 57468.034628900001, "tctCluster": "Shallow Default", "CSZ_ID": "SZ49", "TECTO_ID": "TSZ007", "magScaleRe": "WC1994", "SS": 90.0, "NF": 10.0, "TF": 0.0, "MINDEPTH": 0.0, "MAXDEPTH": 20.0, "HYPODEPTH1": 8.0, "HYPODEPTH2": 10.0, "HYPODEPTH3": 15.0, "WHDEPTH1": 0.1, "WHDEPTH2": 0.4, "WHDEPTH3": 0.5, "WMAXMAG01": 0.5, "WMAXMAG02": 0.4, "WMAXMAG03": 0.1, "MAXMAG01": 6.3, "MAXMAG02": 6.6, "MAXMAG03": 6.9, "STRIKE1": 0.0, "STRIKE2": 0.0, "STRIKE3": 0.0, "STRIKE4": 0.0, "DIP1": 89.99, "DIP2": 0.0, "DIP3": 0.0, "DIP4": 0.0, "aspRatio": 1.0, "mfd_bin": 0.2, "a_val": 1.8, "a_hi": 1.8109213107, "a_mid": 1.80012889423, "a_lo": 1.78933647777, "sigma_a": 0.015, "b_val": 1.05, "b_hi": 1.0890251926800001, "b_mid": 1.05, "b_lo": 1.01097480732, "sigma_b": 0.015, "cum_cov_ab": 0.054321, "MCORNERP1": 6.0, "MCORNERP2": 6.2, "MCORNERP3": 6.4, "MAXMAGP1": 5.2, "MAXMAGP2": 5.2, "utsu_bval2": 0.0, "utsu_aval": 0.0, "utsu_Minfl": 0.0, "Shape_Leng": 10.3091113222, "Shape_Area": 4.6375000008000002 }, "geometry": { "type": "Polygon", "coordinates": [ [ [ 0.699999999600323, 58.000000000199918 ], [ 3.000000000399723, 58.000000000199918 ], [ 5.0, 55.999999999700265 ], [ 3.2, 55.750000000199918 ], [ 0.699999999600323, 58.000000000199918 ] ] ] } },
{ "type": "Feature", "properties": { "ZONE_ID": "NLAS356", "areakm2": 34912.270919299997, "tctCluster": "Shallow Default", "CSZ_ID": "SZ04", "TECTO_ID": "TSZ104", "magScaleRe": "WC1994", "SS": 90.0, "NF": 10.0, "TF": 0.0, "MINDEPTH": 7.0, "MAXDEPTH": 13.0, "HYPODEPTH1": 8.0, "HYPODEPTH2": 9.0, "HYPODEPTH3": 10.0, "WHDEPTH1": 0.1, "WHDEPTH2": 0.4, "WHDEPTH3": 0.5, "WMAXMAG01": 0.5, "WMAXMAG02": 0.4, "WMAXMAG03": 0.1, "MAXMAG01": 6.6, "MAXMAG02": 6.9, "MAXMAG03": 7.2, "STRIKE1": 0.0, "STRIKE2": 139.858167, "STRIKE3": 0.0, "STRIKE4": 332.148408, "DIP1": 56.309375, "DIP2": 56.309375, "DIP3": 0.0, "DIP4": 56.233653, "aspRatio": 1.0, "mfd_bin": 0.2, "a_val": 2.02721614328, "a_hi": 2.1065958666800002, "a_mid": 2.02711055281, "a_lo": 1.9476252389299999, "sigma_a": 0.237033080605, "b_val": 1.05, "b_hi": 1.1193769796, "b_mid": 1.05, "b_lo": 0.980623020402, "sigma_b": 0.047405848455600003, "cum_cov_ab": 0.054321, "MCORNERP1": 6.0, "MCORNERP2": 6.2, "MCORNERP3": 6.4, "MAXMAGP1": 5.4, "MAXMAGP2": 5.4, "utsu_bval2": 0.0, "utsu_aval": 0.0, "utsu_Minfl": 0.0, "Shape_Leng": 8.5497465283699992, "Shape_Area": 2.8173167480500001 }, "geometry": { "type": "Polygon", "coordinates": [ [ [ 2.889999999900112, 52.439999999800193 ], [ 3.349999999700287, 53.06 ], [ 4.015396999771781, 53.435216000218304 ], [ 4.180992000080778, 52.929817999601028 ], [ 4.528501999667583, 52.587034000318909 ], [ 5.505982211010291, 52.341856360782458 ], [ 6.214000000199917, 51.747000000249841 ], [ 5.956001392650194, 51.752070117142239 ], [ 5.239377612187127, 52.005391128597751 ], [ 3.432394999729524, 51.429623999947694 ], [ 2.889999999900112, 52.439999999800193 ] ] ] } },
{ "type": "Feature", "properties": { "ZONE_ID": "NLAS358", "areakm2": 22919.391256, "tctCluster": "Shallow Default", "CSZ_ID": "SZ03", "TECTO_ID": "TSZ104", "magScaleRe": "WC1994", "SS": 35.0, "NF": 50.0, "TF": 15.0, "MINDEPTH": 8.0, "MAXDEPTH": 18.0, "HYPODEPTH1": 9.0, "HYPODEPTH2": 10.0, "HYPODEPTH3": 15.0, "WHDEPTH1": 0.1, "WHDEPTH2": 0.4, "WHDEPTH3": 0.5, "WMAXMAG01": 0.5, "WMAXMAG02": 0.4, "WMAXMAG03": 0.1, "MAXMAG01": 6.6, "MAXMAG02": 6.9, "MAXMAG03": 7.2, "STRIKE1": 0.0, "STRIKE2": 139.202816, "STRIKE3": 0.0, "STRIKE4": 316.8538, "DIP1": 56.799337, "DIP2": 56.799337, "DIP3": 0.0, "DIP4": 56.384063, "aspRatio": 1.0, "mfd_bin": 0.2, "a_val": 3.15, "a_hi": 3.17881321608, "a_mid": 3.1497629461200001, "a_lo": 3.1207126761600001, "sigma_a": 0.061423452801700001, "b_val": 1.05, "b_hi": 1.1208138534600001, "b_mid": 1.05, "b_lo": 0.97918614653900005, "sigma_b": 0.0493898381345, "cum_cov_ab": 0.054321, "MCORNERP1": 6.0, "MCORNERP2": 6.2, "MCORNERP3": 6.4, "MAXMAGP1": 6.2, "MAXMAGP2": 6.2, "utsu_bval2": 0.0, "utsu_aval": 0.0, "utsu_Minfl": 0.0, "Shape_Leng": 6.7483719147899999, "Shape_Area": 1.84952691732 }, "geometry": { "type": "Polygon", "coordinates": [ [ [ 6.3742500004372, 51.067999999700305 ], [ 6.233999999800176, 51.027999999600354 ], [ 5.977999999700273, 51.053999999800226 ], [ 5.79713785023165, 50.898204427092708 ], [ 5.400346999914177, 50.993669000124328 ], [ 3.836094000437811, 51.243412000363605 ], [ 3.432394999729524, 51.429623999947694 ], [ 5.239377612187127, 52.005391128597751 ], [ 5.956001392650194, 51.752070117142239 ], [ 6.22500000024985, 51.578499999975065 ], [ 6.323999999800208, 51.344000000299843 ], [ 6.420000000399739, 51.232000000199889 ], [ 6.276999999750217, 51.129999999900122 ], [ 6.3742500004372, 51.067999999700305 ] ] ] } },
{ "type": "Feature", "properties": { "ZONE_ID": "NOAS361", "areakm2": 98260.804349500002, "tctCluster": "Shallow Default", "CSZ_ID": "SZ49", "TECTO_ID": "TSZ007", "magScaleRe": "WC1994", "SS": 20.0, "NF": 25.0, "TF": 55.0, "MINDEPTH": 0.0, "MAXDEPTH": 34.0, "HYPODEPTH1": 8.0, "HYPODEPTH2": 10.0, "HYPODEPTH3": 15.0, "WHDEPTH1": 0.1, "WHDEPTH2": 0.4, "WHDEPTH3": 0.5, "WMAXMAG01": 0.5, "WMAXMAG02": 0.4, "WMAXMAG03": 0.1, "MAXMAG01": 6.3, "MAXMAG02": 6.6, "MAXMAG03": 6.9, "STRIKE1": 0.0, "STRIKE2": 0.0, "STRIKE3": 0.0, "STRIKE4": 0.0, "DIP1": 89.99, "DIP2": 0.0, "DIP3": 0.0, "DIP4": 0.0, "aspRatio": 1.0, "mfd_bin": 0.2, "a_val": 2.6834836921599998, "a_hi": 2.7255899352699999, "a_mid": 2.6839312853299999, "a_lo": 2.6422726353899999, "sigma_a": 0.098867516291400004, "b_val": 0.83382648958200001, "b_hi": 0.88330900553000002, "b_mid": 0.83382648958200001, "b_lo": 0.78434397363399999, "sigma_b": 0.024115967704399999, "cum_cov_ab": 0.054321, "MCORNERP1": 6.0, "MCORNERP2": 6.2, "MCORNERP3": 6.4, "MAXMAGP1": 6.4, "MAXMAGP2": 6.6, "utsu_bval2": 0.0, "utsu_aval": 0.0, "utsu_Minfl": 0.0, "Shape_Leng": 14.3933241111, "Shape_Area": 7.9293555659199999 }, "geometry": { "type": "Polygon", "coordinates": [ [ [ 7.500000000399723, 63.000000000099988 ], [ 8.400000000399757, 62.699999999800184 ], [ 6.222066177911813, 61.552154295684261 ], [ 6.283885466541108, 60.501226392583987 ], [ 4.800000000399734, 60.399999999900103 ], [ 3.299999999800207, 60.899999999800229 ], [ 2.200000000199907, 61.200000000099976 ], [ 3.500000000299849, 62.000000000299849 ], [ 6.600000000399746, 63.099999999900149 ], [ 7.500000000399723, 63.000000000099988 ] ] ] } },
{ "type": "Feature", "properties": { "ZONE_ID": "NOAS362", "areakm2": 92119.329951599997, "tctCluster": "Shallow Default", "CSZ_ID": "SZ49", "TECTO_ID": "TSZ007", "magScaleRe": "WC1994", "SS": 50.0, "NF": 40.0, "TF": 10.0, "MINDEPTH": 0.0, "MAXDEPTH": 40.0, "HYPODEPTH1": 8.0, "HYPODEPTH2": 10.0, "HYPODEPTH3": 15.0, "WHDEPTH1": 0.1, "WHDEPTH2": 0.4, "WHDEPTH3": 0.5, "WMAXMAG01": 0.5, "WMAXMAG02": 0.4, "WMAXMAG03": 0.1, "MAXMAG01": 6.3, "MAXMAG02": 6.6, "MAXMAG03": 6.9, "STRIKE1": 0.0, "STRIKE2": 0.0, "STRIKE3": 0.0, "STRIKE4": 0.0, "DIP1": 89.99, "DIP2": 0.0, "DIP3": 0.0, "DIP4": 0.0, "aspRatio": 1.0, "mfd_bin": 0.2, "a_val": 3.042, "a_hi": 3.1373772210299999, "a_mid": 3.0416081894400002, "a_lo": 2.9458391578400001, "sigma_a": 0.180763507229, "b_val": 1.04, "b_hi": 1.1074565334199999, "b_mid": 1.04, "b_lo": 0.97254346658000002, "sigma_b": 0.044817660784199999, "cum_cov_ab": 0.054321, "MCORNERP1": 6.0, "MCORNERP2": 6.2, "MCORNERP3": 6.4, "MAXMAGP1": 6.2, "MAXMAGP2": 6.2, "utsu_bval2": 0.0, "utsu_aval": 0.0, "utsu_Minfl": 0.0, "Shape_Leng": 14.788590408599999, "Shape_Area": 7.4337567906400004 }, "geometry": { "type": "Polygon", "coordinates": [ [ [ 7.041171748877161, 57.804359936362005 ], [ 9.300000000399734, 58.199999999800184 ], [ 9.999999999900126, 58.1 ], [ 8.21468430653556, 57.0406882291785 ], [ 7.195391540287403, 55.675525029056928 ], [ 5.0, 55.999999999700265 ], [ 5.512717036861829, 56.960455247012078 ], [ 4.800000000399734, 59.0 ], [ 7.041171748877161, 57.804359936362005 ] ] ] } },
{ "type": "Feature", "properties": { "ZONE_ID": "NOAS363", "areakm2": 44711.300413299999, "tctCluster": "Shallow Default", "CSZ_ID": "SZ49", "TECTO_ID": "TSZ007", "magScaleRe": "WC1994", "SS": 20.0, "NF": 25.0, "TF": 55.0, "MINDEPTH": 0.0, "MAXDEPTH": 34.0, "HYPODEPTH1": 8.0, "HYPODEPTH2": 10.0, "HYPODEPTH3": 15.0, "WHDEPTH1": 0.1, "WHDEPTH2": 0.4, "WHDEPTH3": 0.5, "WMAXMAG01": 0.5, "WMAXMAG02": 0.4, "WMAXMAG03": 0.1, "MAXMAG01": 6.3, "MAXMAG02": 6.6, "MAXMAG03": 6.9, "STRIKE1": 0.0, "STRIKE2": 0.0, "STRIKE3": 0.0, "STRIKE4": 0.0, "DIP1": 89.99, "DIP2": 0.0, "DIP3": 0.0, "DIP4": 0.0, "aspRatio": 1.0, "mfd_bin": 0.2, "a_val": 2.4, "a_hi": 2.4038545742499999, "a_mid": 2.3998200169300001, "a_lo": 2.3957854596099999, "sigma_a": 0.01, "b_val": 0.84, "b_hi": 0.87186393639600002, "b_mid": 0.84, "b_lo": 0.80813606360400003, "sigma_b": 0.01, "cum_cov_ab": 0.078722835588199994, "MCORNERP1": 6.0, "MCORNERP2": 6.2, "MCORNERP3": 6.4, "MAXMAGP1": 6.2, "MAXMAGP2": 6.4, "utsu_bval2": 0.0, "utsu_aval": 0.0, "utsu_Minfl": 0.0, "Shape_Leng": 8.2286659772600004, "Shape_Area": 3.6080693723700001 }, "geometry": { "type": "Polygon", "coordinates": [ [ [ 4.800000000399734, 60.399999999900103 ], [ 6.283885466541108, 60.501226392583987 ], [ 7.041171748877161, 57.804359936362005 ], [ 4.800000000399734, 59.0 ], [ 4.800000000399734, 60.399999999900103 ] ] ] } },
{ "type": "Feature", "properties": { "ZONE_ID": "NOAS365", "areakm2": 830190.27772999997, "tctCluster": "Shallow Default", "CSZ_ID": "SZ49", "TECTO_ID": "TSZ051", "magScaleRe": "WC1994", "SS": 20.0, "NF": 25.0, "TF": 55.0, "MINDEPTH": 0.0, "MAXDEPTH": 34.0, "HYPODEPTH1": 8.0, "HYPODEPTH2": 10.0, "HYPODEPTH3": 15.0, "WHDEPTH1": 0.1, "WHDEPTH2": 0.4, "WHDEPTH3": 0.5, "WMAXMAG01": 0.5, "WMAXMAG02": 0.4, "WMAXMAG03": 0.1, "MAXMAG01": 6.6, "MAXMAG02": 6.9, "MAXMAG03": 7.1, "STRIKE1": 0.0, "STRIKE2": 0.0, "STRIKE3": 0.0, "STRIKE4": 0.0, "DIP1": 89.99, "DIP2": 0.0, "DIP3": 0.0, "DIP4": 0.0, "aspRatio": 1.0, "mfd_bin": 0.2, "a_val": 2.1, "a_hi": 2.1870278856800001, "a_mid": 2.09999698202, "a_lo": 2.0129660783699999, "sigma_a": 0.14385647112, "b_val": 0.7489, "b_hi": 0.807362819344, "b_mid": 0.7489, "b_lo": 0.69043718065600002, "sigma_b": 0.033663607720299998, "cum_cov_ab": 0.054321, "MCORNERP1": 6.2, "MCORNERP2": 6.4, "MCORNERP3": 6.6, "MAXMAGP1": 6.4, "MAXMAGP2": 6.6, "utsu_bval2": 0.0, "utsu_aval": 0.0, "utsu_Minfl": 0.0, "Shape_Leng": 50.869062093300002, "Shape_Area": 66.993893874199998 }, "geometry": { "type": "Polygon", "coordinates": [ [ [ 16.500000000399723, 73.499999999800195 ], [ 29.998630000174444, 72.000027000445755 ], [ 25.173600000339775, 70.331299999895123 ], [ 24.477100000364771, 70.178900000134945 ], [ 23.611500000324781, 70.402800000219884 ], [ 21.822799999820177, 70.280700000204888 ], [ 18.5, 69.999999999600334 ], [ 15.999999999600334, 69.999999999600334 ], [ 10.999999999700265, 69.200000000299838 ], [ 5.499999999900126, 70.50000000039978 ], [ 8.878323203053412, 73.635710076159171 ], [ 16.500000000399723, 73.499999999800195 ] ] ] } },
{ "type": "Feature", "properties": { "ZONE_ID": "NOAS366", "areakm2": 121570.865913, "tctCluster": "Shallow Default", "CSZ_ID": "SZ49", "TECTO_ID": "TSZ007", "magScaleRe": "WC1994", "SS": 20.0, "NF": 25.0, "TF": 55.0, "MINDEPTH": 0.0, "MAXDEPTH": 34.0, "HYPODEPTH1": 8.0, "HYPODEPTH2": 10.0, "HYPODEPTH3": 15.0, "WHDEPTH1": 0.1, "WHDEPTH2": 0.4, "WHDEPTH3": 0.5, "WMAXMAG01": 0.5, "WMAXMAG02": 0.4, "WMAXMAG03": 0.1, "MAXMAG01": 6.3, "MAXMAG02": 6.6, "MAXMAG03": 6.9, "STRIKE1": 0.0, "STRIKE2": 0.0, "STRIKE3": 0.0, "STRIKE4": 0.0, "DIP1": 89.99, "DIP2": 0.0, "DIP3": 0.0, "DIP4": 0.0, "aspRatio": 1.0, "mfd_bin": 0.2, "a_val": 1.4, "a_hi": 1.40586967049, "a_mid": 1.40004113896, "a_lo": 1.3942126074200001, "sigma_a": 0.01, "b_val": 1.04, "b_hi": 1.0718639364, "b_mid": 1.04, "b_lo": 1.0081360636000001, "sigma_b": 0.01, "cum_cov_ab": 0.054321, "MCORNERP1": 6.0, "MCORNERP2": 6.2, "MCORNERP3": 6.4, "MAXMAGP1": 4.8, "MAXMAGP2": 4.8, "utsu_bval2": 0.0, "utsu_aval": 0.0, "utsu_Minfl": 0.0, "Shape_Leng": 15.570344905400001, "Shape_Area": 9.8104084172900006 }, "geometry": { "type": "Polygon", "coordinates": [ [ [ 7.500000000399723, 63.000000000099988 ], [ 6.600000000399746, 63.099999999900149 ], [ 6.999999999600334, 64.800000000099999 ], [ 9.000000000099988, 66.330000000099972 ], [ 10.4, 66.699999999900115 ], [ 12.799999999700276, 66.83 ], [ 11.249672084798931, 65.506684386974939 ], [ 7.500000000399723, 63.000000000099988 ] ] ] } },
{ "type": "Feature", "properties": { "ZONE_ID": "NOAS368", "areakm2": 82716.793778599997, "tctCluster": "Shallow Default", "CSZ_ID": "SZ49", "TECTO_ID": "TSZ007", "magScaleRe": "WC1994", "SS": 33.0, "NF": 33.0, "TF": 34.0, "MINDEPTH": 0.0, "MAXDEPTH": 34.0, "HYPODEPTH1": 8.0, "HYPODEPTH2": 10.0, "HYPODEPTH3": 15.0, "WHDEPTH1": 0.1, "WHDEPTH2": 0.4, "WHDEPTH3": 0.5, "WMAXMAG01": 0.5, "WMAXMAG02": 0.4, "WMAXMAG03": 0.1, "MAXMAG01": 6.3, "MAXMAG02": 6.6, "MAXMAG03": 6.9, "STRIKE1": 0.0, "STRIKE2": 0.0, "STRIKE3": 0.0, "STRIKE4": 0.0, "DIP1": 89.99, "DIP2": 0.0, "DIP3": 0.0, "DIP4": 0.0, "aspRatio": 1.0, "mfd_bin": 0.2, "a_val": 2.6, "a_hi": 2.60560905042, "a_mid": 2.5997066322300002, "a_lo": 2.5938042140499999, "sigma_a": 0.01, "b_val": 1.04, "b_hi": 1.0718639364, "b_mid": 1.04, "b_lo": 1.0081360636000001, "sigma_b": 0.01, "cum_cov_ab": 0.054321, "MCORNERP1": 6.0, "MCORNERP2": 6.2, "MCORNERP3": 6.4, "MAXMAGP1": 5.8, "MAXMAGP2": 6.0, "utsu_bval2": 0.0, "utsu_aval": 0.0, "utsu_Minfl": 0.0, "Shape_Leng": 10.535302706, "Shape_Area": 6.6750000004799999 }, "geometry": { "type": "Polygon", "coordinates": [ [ [ 2.200000000199907, 61.200000000099976 ], [ 3.299999999800207, 60.899999999800229 ], [ 3.000000000399723, 58.000000000199918 ], [ 0.699999999600323, 58.000000000199918 ], [ 1.4, 61.299999999900137 ], [ 2.200000000199907, 61.200000000099976 ] ] ] } },
{ "type": "Feature", "properties": { "ZONE_ID": "NOAS369", "areakm2": 188204.62864099999, "tctCluster": "Shallow Default", "CSZ_ID": "SZ49", "TECTO_ID": "TSZ007", "magScaleRe": "WC1994", "SS": 20.0, "NF": 25.0, "TF": 55.0, "MINDEPTH": 0.0, "MAXDEPTH": 34.0, "HYPODEPTH1": 8.0, "HYPODEPTH2": 10.0, "HYPODEPTH3": 15.0, "WHDEPTH1": 0.1, "WHDEPTH2": 0.4, "WHDEPTH3": 0.5, "WMAXMAG01": 0.5, "WMAXMAG02": 0.4, "WMAXMAG03": 0.1, "MAXMAG01": 6.3, "MAXMAG02": 6.6, "MAXMAG03": 6.9, "STRIKE1": 0.0, "STRIKE2": 0.0, "STRIKE3": 0.0, "STRIKE4": 0.0, "DIP1": 89.99, "DIP2": 0.0, "DIP3": 0.0, "DIP4": 0.0, "aspRatio": 1.0, "mfd_bin": 0.2, "a_val": 3.01, "a_hi": 3.0126208306, "a_mid": 3.0099034527600002, "a_lo": 3.0071860749099999, "sigma_a": 0.01, "b_val": 1.04, "b_hi": 1.0718639364, "b_mid": 1.04, "b_lo": 1.0081360636000001, "sigma_b": 0.01, "cum_cov_ab": 0.115748422691, "MCORNERP1": 6.0, "MCORNERP2": 6.2, "MCORNERP3": 6.4, "MAXMAGP1": 6.0, "MAXMAGP2": 6.2, "utsu_bval2": 0.0, "utsu_aval": 0.0, "utsu_Minfl": 0.0, "Shape_Leng": 19.840702825099999, "Shape_Area": 15.1875554992 }, "geometry": { "type": "Polygon", "coordinates": [ [ [ -2.51206196388847, 61.991265779192418 ], [ 4.000000000199918, 64.85 ], [ 6.600000000399746, 63.099999999900149 ], [ 3.500000000299849, 62.000000000299849 ], [ 2.200000000199907, 61.200000000099976 ], [ 1.4, 61.299999999900137 ], [ -2.51206196388847, 61.991265779192418 ] ] ] } },
{ "type": "Feature", "properties": { "ZONE_ID": "NOAS370", "areakm2": 136501.29777800001, "tctCluster": "Shallow Default", "CSZ_ID": "SZ49", "TECTO_ID": "TSZ007", "magScaleRe": "WC1994", "SS": 20.0, "NF": 25.0, "TF": 55.0, "MINDEPTH": 0.0, "MAXDEPTH": 34.0, "HYPODEPTH1": 8.0, "HYPODEPTH2": 10.0, "HYPODEPTH3": 15.0, "WHDEPTH1": 0.1, "WHDEPTH2": 0.4, "WHDEPTH3": 0.5, "WMAXMAG01": 0.5, "WMAXMAG02": 0.4, "WMAXMAG03": 0.1, "MAXMAG01": 6.3, "MAXMAG02": 6.6, "MAXMAG03": 6.9, "STRIKE1": 0.0, "STRIKE2": 0.0, "STRIKE3": 0.0, "STRIKE4": 0.0, "DIP1": 89.99, "DIP2": 0.0, "DIP3": 0.0, "DIP4": 0.0, "aspRatio": 1.0, "mfd_bin": 0.2, "a_val": 3.1, "a_hi": 3.1060296167699999, "a_mid": 3.0999090177, "a_lo": 3.09378841863, "sigma_a": 0.01, "b_val": 1.04, "b_hi": 1.0718639364, "b_mid": 1.04, "b_lo": 1.0081360636000001, "sigma_b": 0.01, "cum_cov_ab": 0.051589175427599998, "MCORNERP1": 6.0, "MCORNERP2": 6.2, "MCORNERP3": 6.4, "MAXMAGP1": 6.2, "MAXMAGP2": 6.2, "utsu_bval2": 0.0, "utsu_aval": 0.0, "utsu_Minfl": 0.0, "Shape_Leng": 16.5047584179, "Shape_Area": 11.0152499984 }, "geometry": { "type": "Polygon", "coordinates": [ [ [ 6.600000000399746, 63.099999999900149 ], [ 4.000000000199918, 64.85 ], [ 5.0, 66.249999999900126 ], [ 9.350000000299815, 67.599999999900149 ], [ 10.4, 66.699999999900115 ], [ 9.000000000099988, 66.330000000099972 ], [ 6.999999999600334, 64.800000000099999 ], [ 6.600000000399746, 63.099999999900149 ] ] ] } },
{ "type": "Feature", "properties": { "ZONE_ID": "NOAS371", "areakm2": 88914.308724899995, "tctCluster": "Shallow Default", "CSZ_ID": "SZ49", "TECTO_ID": "TSZ007", "magScaleRe": "WC1994", "SS": 50.0, "NF": 40.0, "TF": 10.0, "MINDEPTH": 0.0, "MAXDEPTH": 34.0, "HYPODEPTH1": 8.0, "HYPODEPTH2": 10.0, "HYPODEPTH3": 15.0, "WHDEPTH1": 0.1, "WHDEPTH2": 0.4, "WHDEPTH3": 0.5, "WMAXMAG01": 0.5, "WMAXMAG02": 0.4, "WMAXMAG03": 0.1, "MAXMAG01": 6.3, "MAXMAG02": 6.6, "MAXMAG03": 6.9, "STRIKE1": 0.0, "STRIKE2": 0.0, "STRIKE3": 0.0, "STRIKE4": 0.0, "DIP1": 89.99, "DIP2": 0.0, "DIP3": 0.0, "DIP4": 0.0, "aspRatio": 1.0, "mfd_bin": 0.2, "a_val": 2.0, "a_hi": 2.0060168464400001, "a_mid": 2.0001910664100002, "a_lo": 1.9943652863900001, "sigma_a": 0.01, "b_val": 1.04, "b_hi": 1.0718639364, "b_mid": 1.04, "b_lo": 1.0081360636000001, "sigma_b": 0.01, "cum_cov_ab": 0.054321, "MCORNERP1": 6.0, "MCORNERP2": 6.2, "MCORNERP3": 6.4, "MAXMAGP1": 5.4, "MAXMAGP2": 5.4, "utsu_bval2": 0.0, "utsu_aval": 0.0, "utsu_Minfl": 0.0, "Shape_Leng": 11.9742690949, "Shape_Area": 7.1751210802700003 }, "geometry": { "type": "Polygon", "coordinates": [ [ [ 3.000000000399723, 58.000000000199918 ], [ 3.299999999800207, 60.899999999800229 ], [ 4.800000000399734, 60.399999999900103 ], [ 4.800000000399734, 59.0 ], [ 5.512717036861829, 56.960455247012078 ], [ 5.0, 55.999999999700265 ], [ 3.000000000399723, 58.000000000199918 ] ] ] } },
{ "type": "Feature", "properties": { "ZONE_ID": "NOAS372", "areakm2": 242579.43105300001, "tctCluster": "Shallow Default", "CSZ_ID": "SZ49", "TECTO_ID": "TSZ007", "magScaleRe": "WC1994", "SS": 20.0, "NF": 25.0, "TF": 55.0, "MINDEPTH": 0.0, "MAXDEPTH": 34.0, "HYPODEPTH1": 8.0, "HYPODEPTH2": 10.0, "HYPODEPTH3": 15.0, "WHDEPTH1": 0.1, "WHDEPTH2": 0.4, "WHDEPTH3": 0.5, "WMAXMAG01": 0.5, "WMAXMAG02": 0.4, "WMAXMAG03": 0.1, "MAXMAG01": 6.3, "MAXMAG02": 6.6, "MAXMAG03": 6.9, "STRIKE1": 0.0, "STRIKE2": 0.0, "STRIKE3": 0.0, "STRIKE4": 0.0, "DIP1": 89.99, "DIP2": 0.0, "DIP3": 0.0, "DIP4": 0.0, "aspRatio": 1.0, "mfd_bin": 0.2, "a_val": 3.21, "a_hi": 3.28427327087, "a_mid": 3.2097612048199999, "a_lo": 3.1352491387699999, "sigma_a": 0.13301771351800001, "b_val": 1.04, "b_hi": 1.09631504962, "b_mid": 1.04, "b_lo": 0.98368495038299997, "sigma_b": 0.031235617009900001, "cum_cov_ab": 0.054321, "MCORNERP1": 6.0, "MCORNERP2": 6.2, "MCORNERP3": 6.4, "MAXMAGP1": 6.2, "MAXMAGP2": 6.2, "utsu_bval2": 0.0, "utsu_aval": 0.0, "utsu_Minfl": 0.0, "Shape_Leng": 27.304430773, "Shape_Area": 19.575440827600001 }, "geometry": { "type": "Polygon", "coordinates": [ [ [ 9.350000000299815, 67.599999999900149 ], [ 10.500146000237748, 67.970089000207224 ], [ 10.999999999700265, 69.200000000299838 ], [ 15.999999999600334, 69.999999999600334 ], [ 18.5, 69.999999999600334 ], [ 21.822799999820177, 70.280700000204888 ], [ 20.316899999635325, 69.229899999585371 ], [ 19.294400000060023, 69.183400000109998 ], [ 17.020555770132717, 67.985492625084646 ], [ 14.805288001240342, 68.199659651171999 ], [ 12.799999999700276, 66.83 ], [ 10.4, 66.699999999900115 ], [ 9.350000000299815, 67.599999999900149 ] ] ] } },
{ "type": "Feature", "properties": { "ZONE_ID": "NOAS373", "areakm2": 77055.83521, "tctCluster": "Shallow Default", "CSZ_ID": "SZ49", "TECTO_ID": "TSZ007", "magScaleRe": "WC1994", "SS": 20.0, "NF": 25.0, "TF": 55.0, "MINDEPTH": 0.0, "MAXDEPTH": 34.0, "HYPODEPTH1": 8.0, "HYPODEPTH2": 10.0, "HYPODEPTH3": 15.0, "WHDEPTH1": 0.1, "WHDEPTH2": 0.4, "WHDEPTH3": 0.5, "WMAXMAG01": 0.5, "WMAXMAG02": 0.4, "WMAXMAG03": 0.1, "MAXMAG01": 6.3, "MAXMAG02": 6.6, "MAXMAG03": 6.9, "STRIKE1": 0.0, "STRIKE2": 0.0, "STRIKE3": 0.0, "STRIKE4": 0.0, "DIP1": 89.99, "DIP2": 0.0, "DIP3": 0.0, "DIP4": 0.0, "aspRatio": 1.0, "mfd_bin": 0.2, "a_val": 2.6, "a_hi": 2.6058499405300002, "a_mid": 2.6000152998, "a_lo": 2.5941806590700001, "sigma_a": 0.01, "b_val": 1.04, "b_hi": 1.0718639364, "b_mid": 1.04, "b_lo": 1.0081360636000001, "sigma_b": 0.01, "cum_cov_ab": 0.054321, "MCORNERP1": 6.0, "MCORNERP2": 6.2, "MCORNERP3": 6.4, "MAXMAGP1": 5.8, "MAXMAGP2": 6.0, "utsu_bval2": 0.0, "utsu_aval": 0.0, "utsu_Minfl": 0.0, "Shape_Leng": 11.5546779426, "Shape_Area": 6.2181774284999998 }, "geometry": { "type": "Polygon", "coordinates": [ [ [ 11.249672084798931, 65.506684386974939 ], [ 12.25717420752369, 64.936760335321253 ], [ 10.754192758289207, 63.201956554851165 ], [ 9.999999999900126, 62.500000000199918 ], [ 8.400000000399757, 62.699999999800184 ], [ 7.500000000399723, 63.000000000099988 ], [ 11.249672084798931, 65.506684386974939 ] ] ] } },
{ "type": "Feature", "properties": { "ZONE_ID": "NOAS374", "areakm2": 168121.08702199999, "tctCluster": "Shallow Default", "CSZ_ID": "SZ49", "TECTO_ID": "TSZ007", "magScaleRe": "WC1994", "SS": 20.0, "NF": 25.0, "TF": 55.0, "MINDEPTH": 0.0, "MAXDEPTH": 34.0, "HYPODEPTH1": 8.0, "HYPODEPTH2": 10.0, "HYPODEPTH3": 15.0, "WHDEPTH1": 0.1, "WHDEPTH2": 0.4, "WHDEPTH3": 0.5, "WMAXMAG01": 0.5, "WMAXMAG02": 0.4, "WMAXMAG03": 0.1, "MAXMAG01": 6.3, "MAXMAG02": 6.6, "MAXMAG03": 6.9, "STRIKE1": 0.0, "STRIKE2": 0.0, "STRIKE3": 0.0, "STRIKE4": 0.0, "DIP1": 89.99, "DIP2": 0.0, "DIP3": 0.0, "DIP4": 0.0, "aspRatio": 1.0, "mfd_bin": 0.2, "a_val": 2.5, "a_hi": 2.50589431045, "a_mid": 2.50000984314, "a_lo": 2.4941253758299999, "sigma_a": 0.01, "b_val": 1.04, "b_hi": 1.0718639364, "b_mid": 1.04, "b_lo": 1.0081360636000001, "sigma_b": 0.01, "cum_cov_ab": 0.054321, "MCORNERP1": 6.0, "MCORNERP2": 6.2, "MCORNERP3": 6.4, "MAXMAGP1": 5.8, "MAXMAGP2": 5.8, "utsu_bval2": 0.0, "utsu_aval": 0.0, "utsu_Minfl": 0.0, "Shape_Leng": 14.578807773399999, "Shape_Area": 13.566873237799999 }, "geometry": { "type": "Polygon", "coordinates": [ [ [ 8.400000000399757, 62.699999999800184 ], [ 9.999999999900126, 62.500000000199918 ], [ 9.826441831125635, 61.632209157226896 ], [ 9.300000000399734, 58.199999999800184 ], [ 7.041171748877161, 57.804359936362005 ], [ 6.283885466541108, 60.501226392583987 ], [ 6.222066177911813, 61.552154295684261 ], [ 8.400000000399757, 62.699999999800184 ] ] ] } },
{ "type": "Feature", "properties": { "ZONE_ID": "NOAS375", "areakm2": 95134.288492299995, "tctCluster": "Shallow Default", "CSZ_ID": "SZ49", "TECTO_ID": "TSZ007", "magScaleRe": "WC1994", "SS": 20.0, "NF": 25.0, "TF": 55.0, "MINDEPTH": 0.0, "MAXDEPTH": 34.0, "HYPODEPTH1": 8.0, "HYPODEPTH2": 10.0, "HYPODEPTH3": 15.0, "WHDEPTH1": 0.1, "WHDEPTH2": 0.4, "WHDEPTH3": 0.5, "WMAXMAG01": 0.5, "WMAXMAG02": 0.4, "WMAXMAG03": 0.1, "MAXMAG01": 6.3, "MAXMAG02": 6.6, "MAXMAG03": 6.9, "STRIKE1": 0.0, "STRIKE2": 0.0, "STRIKE3": 0.0, "STRIKE4": 0.0, "DIP1": 89.99, "DIP2": 0.0, "DIP3": 0.0, "DIP4": 0.0, "aspRatio": 1.0, "mfd_bin": 0.2, "a_val": 3.017, "a_hi": 3.0231080346699999, "a_mid": 3.0172777588700002, "a_lo": 3.01144748308, "sigma_a": 0.01, "b_val": 1.04, "b_hi": 1.0718639364, "b_mid": 1.04, "b_lo": 1.0081360636000001, "sigma_b": 0.01, "cum_cov_ab": 0.054321, "MCORNERP1": 6.0, "MCORNERP2": 6.2, "MCORNERP3": 6.4, "MAXMAGP1": 6.0, "MAXMAGP2": 6.2, "utsu_bval2": 0.0, "utsu_aval": 0.0, "utsu_Minfl": 0.0, "Shape_Leng": 11.343981605, "Shape_Area": 7.6770550035799996 }, "geometry": { "type": "Polygon", "coordinates": [ [ [ 9.300000000399734, 58.199999999800184 ], [ 9.826441831125635, 61.632209157226896 ], [ 12.399999999600368, 60.999999999600334 ], [ 11.21, 57.929999999800202 ], [ 10.420017000384291, 58.039916000023425 ], [ 9.999999999900126, 58.1 ], [ 9.300000000399734, 58.199999999800184 ] ] ] } },
{ "type": "Feature", "properties": { "ZONE_ID": "NOAS376", "areakm2": 385123.00553600001, "tctCluster": "Craton", "CSZ_ID": "SZ15", "TECTO_ID": "TSZ096", "magScaleRe": "WC1994", "SS": 20.0, "NF": 25.0, "TF": 55.0, "MINDEPTH": 0.0, "MAXDEPTH": 34.0, "HYPODEPTH1": 8.0, "HYPODEPTH2": 10.0, "HYPODEPTH3": 15.0, "WHDEPTH1": 0.1, "WHDEPTH2": 0.4, "WHDEPTH3": 0.5, "WMAXMAG01": 0.5, "WMAXMAG02": 0.4, "WMAXMAG03": 0.1, "MAXMAG01": 6.3, "MAXMAG02": 6.6, "MAXMAG03": 6.9, "STRIKE1": 0.0, "STRIKE2": 0.0, "STRIKE3": 0.0, "STRIKE4": 0.0, "DIP1": 89.99, "DIP2": 0.0, "DIP3": 0.0, "DIP4": 0.0, "aspRatio": 1.0, "mfd_bin": 0.2, "a_val": 1.584, "a_hi": 1.5897937476599999, "a_mid": 1.5839309823400001, "a_lo": 1.57806821702, "sigma_a": 0.01, "b_val": 0.91, "b_hi": 0.94186393639599997, "b_mid": 0.91, "b_lo": 0.87813606360399998, "sigma_b": 0.01, "cum_cov_ab": 0.054321, "MCORNERP1": 6.0, "MCORNERP2": 6.2, "MCORNERP3": 6.4, "MAXMAGP1": 5.6, "MAXMAGP2": 5.6, "utsu_bval2": 0.0, "utsu_aval": 0.0, "utsu_Minfl": 0.0, "Shape_Leng": 25.551066481399999, "Shape_Area": 31.078284644 }, "geometry": { "type": "Polygon", "coordinates": [ [ [ 21.822799999820177, 70.280700000204888 ], [ 23.611500000324781, 70.402800000219884 ], [ 24.477100000364771, 70.178900000134945 ], [ 25.173600000339775, 70.331299999895123 ], [ 27.289099999565394, 69.963299999695266 ], [ 28.35999999990014, 69.046600000289857 ], [ 28.32619999973025, 68.722999999850174 ], [ 29.875400000209879, 68.424500000374792 ], [ 24.565500000324789, 66.047600000239868 ], [ 21.557800000169948, 65.976699999705261 ], [ 21.272900000134939, 66.457099999565401 ], [ 20.499999999600334, 67.000000000199918 ], [ 18.499656000324194, 67.610133999584491 ], [ 20.316899999635325, 69.229899999585371 ], [ 21.822799999820177, 70.280700000204888 ] ] ] } },
{ "type": "Feature", "properties": { "ZONE_ID": "NOAS377", "areakm2": 80819.167027500007, "tctCluster": "Shallow Default", "CSZ_ID": "SZ49", "TECTO_ID": "TSZ007", "magScaleRe": "WC1994", "SS": 20.0, "NF": 25.0, "TF": 55.0, "MINDEPTH": 0.0, "MAXDEPTH": 34.0, "HYPODEPTH1": 8.0, "HYPODEPTH2": 10.0, "HYPODEPTH3": 15.0, "WHDEPTH1": 0.1, "WHDEPTH2": 0.4, "WHDEPTH3": 0.5, "WMAXMAG01": 0.5, "WMAXMAG02": 0.4, "WMAXMAG03": 0.1, "MAXMAG01": 6.3, "MAXMAG02": 6.6, "MAXMAG03": 6.9, "STRIKE1": 0.0, "STRIKE2": 0.0, "STRIKE3": 0.0, "STRIKE4": 0.0, "DIP1": 89.99, "DIP2": 0.0, "DIP3": 0.0, "DIP4": 0.0, "aspRatio": 1.0, "mfd_bin": 0.2, "a_val": 3.19, "a_hi": 3.3033843216699998, "a_mid": 3.19005955543, "a_lo": 3.0767347892000001, "sigma_a": 0.19070326322700001, "b_val": 1.04, "b_hi": 1.1075936165, "b_mid": 1.04, "b_lo": 0.97240638349599995, "sigma_b": 0.045, "cum_cov_ab": 0.054321, "MCORNERP1": 6.0, "MCORNERP2": 6.2, "MCORNERP3": 6.4, "MAXMAGP1": 6.2, "MAXMAGP2": 6.2, "utsu_bval2": 0.0, "utsu_aval": 0.0, "utsu_Minfl": 0.0, "Shape_Leng": 13.5053237407, "Shape_Area": 6.5218671475700001 }, "geometry": { "type": "Polygon", "coordinates": [ [ [ 12.25717420752369, 64.936760335321253 ], [ 11.249672084798931, 65.506684386974939 ], [ 12.799999999700276, 66.83 ], [ 14.805288001240342, 68.199659651171999 ], [ 17.020555770132717, 67.985492625084646 ], [ 12.25717420752369, 64.936760335321253 ] ] ] } },
{ "type": "Feature", "properties": { "ZONE_ID": "OCAS000", "areakm2": 949684.18848899996, "tctCluster": "Shallow Default", "CSZ_ID": "SZ29", "TECTO_ID": "TSZ049", "magScaleRe": "WC1994", "SS": 30.0, "NF": 60.0, "TF": 10.0, "MINDEPTH": 0.0, "MAXDEPTH": 20.0, "HYPODEPTH1": 2.0, "HYPODEPTH2": 10.0, "HYPODEPTH3": 18.0, "WHDEPTH1": 0.1, "WHDEPTH2": 0.4, "WHDEPTH3": 0.5, "WMAXMAG01": 0.5, "WMAXMAG02": 0.4, "WMAXMAG03": 0.1, "MAXMAG01": 6.3, "MAXMAG02": 6.6, "MAXMAG03": 6.9, "STRIKE1": 0.0, "STRIKE2": 0.0, "STRIKE3": 0.0, "STRIKE4": 0.0, "DIP1": 89.99, "DIP2": 0.0, "DIP3": 0.0, "DIP4": 0.0, "aspRatio": 1.0, "mfd_bin": 0.2, "a_val": 2.23766367627, "a_hi": 2.2961829805499998, "a_mid": 2.2370033769900002, "a_lo": 2.1778237734300001, "sigma_a": 0.39026035962400002, "b_val": 0.90672651572200003, "b_hi": 0.99978930826500001, "b_mid": 0.90672651572200003, "b_lo": 0.81366372317900004, "sigma_b": 0.085300839938699996, "cum_cov_ab": 0.054321, "MCORNERP1": 6.0, "MCORNERP2": 6.2, "MCORNERP3": 6.4, "MAXMAGP1": 6.2, "MAXMAGP2": 6.2, "utsu_bval2": 0.0, "utsu_aval": 0.0, "utsu_Minfl": 0.0, "Shape_Leng": 62.2337621701, "Shape_Area": 76.636698167099993 }, "geometry": { "type": "Polygon", "coordinates": [ [ [ -9.027540662871274, 63.657126247378471 ], [ -7.500000000199805, 58.659999999600359 ], [ -11.000000000399666, 54.5 ], [ -11.000000000399666, 51.999999999600334 ], [ -5.999999999600277, 49.850000000299815 ], [ -5.582231561437368, 48.336608003556591 ], [ -5.53343283275899, 47.996256450974499 ], [ -5.42537600010229, 47.225845000446441 ], [ -4.193608999855428, 46.268934000204013 ], [ -3.295440999802224, 45.357064999650049 ], [ -2.802968999919358, 45.030659000212722 ], [ -2.610366812678194, 44.76615524376956 ], [ -2.042774104141529, 44.221751212448567 ], [ -2.122884999742894, 43.687900999631495 ], [ -2.096477999659896, 43.486216999714827 ], [ -2.976200999876198, 43.64604700036881 ], [ -5.340624713359773, 43.971677144784451 ], [ -6.919530000009445, 44.216595999905508 ], [ -7.92487099969685, 44.372504999606122 ], [ -9.068180625035779, 44.345030493462559 ], [ -9.547453393958904, 43.973594098289084 ], [ -10.002762523671493, 43.134866752898404 ], [ -13.058126423195802, 43.757921352588426 ], [ -9.798070657534765, 46.474307377083846 ], [ -9.990703155526148, 48.477685362489524 ], [ -13.342508630468899, 51.367172840454259 ], [ -12.604778385713871, 57.104084319835522 ], [ -9.027540662871274, 63.657126247378471 ] ] ] } },
{ "type": "Feature", "properties": { "ZONE_ID": "OCAS001", "areakm2": 1049575.41946, "tctCluster": "Shallow Default", "CSZ_ID": "SZ29", "TECTO_ID": "TSZ049", "magScaleRe": "WC1994", "SS": 30.0, "NF": 60.0, "TF": 10.0, "MINDEPTH": 0.0, "MAXDEPTH": 20.0, "HYPODEPTH1": 2.0, "HYPODEPTH2": 10.0, "HYPODEPTH3": 18.0, "WHDEPTH1": 0.1, "WHDEPTH2": 0.4, "WHDEPTH3": 0.5, "WMAXMAG01": 0.5, "WMAXMAG02": 0.4, "WMAXMAG03": 0.1, "MAXMAG01": 6.3, "MAXMAG02": 6.6, "MAXMAG03": 6.9, "STRIKE1": 0.0, "STRIKE2": 0.0, "STRIKE3": 0.0, "STRIKE4": 0.0, "DIP1": 89.99, "DIP2": 0.0, "DIP3": 0.0, "DIP4": 0.0, "aspRatio": 1.0, "mfd_bin": 0.2, "a_val": 2.8397236676, "a_hi": 2.89930180031, "a_mid": 2.8399003077999998, "a_lo": 2.7804988153000001, "sigma_a": 0.39026035962400002, "b_val": 0.90672651572200003, "b_hi": 0.99978930826500001, "b_mid": 0.90672651572200003, "b_lo": 0.81366372317900004, "sigma_b": 0.085300839938699996, "cum_cov_ab": 0.054321, "MCORNERP1": 6.0, "MCORNERP2": 6.2, "MCORNERP3": 6.4, "MAXMAGP1": 6.2, "MAXMAGP2": 6.4, "utsu_bval2": 0.0, "utsu_aval": 0.0, "utsu_Minfl": 0.0, "Shape_Leng": 48.8693185849, "Shape_Area": 84.697624325700005 }, "geometry": { "type": "Polygon", "coordinates": [ [ [ -7.500000000199805, 58.659999999600359 ], [ -9.027540662871274, 63.657126247378471 ], [ -2.131297214994447, 67.163037720714271 ], [ 5.499999999900126, 70.50000000039978 ], [ 10.999999999700265, 69.200000000299838 ], [ 10.500146000237748, 67.970089000207224 ], [ 9.350000000299815, 67.599999999900149 ], [ 5.0, 66.249999999900126 ], [ 4.000000000199918, 64.85 ], [ -2.51206196388847, 61.991265779192418 ], [ -5.250000000199805, 59.999999999800195 ], [ -7.500000000199805, 58.659999999600359 ] ] ] } },
{ "type": "Feature", "properties": { "ZONE_ID": "PLAS377", "areakm2": 43091.160502799998, "tctCluster": "Shallow Default", "CSZ_ID": "SZ12", "TECTO_ID": "TSZ093", "magScaleRe": "WC1994", "SS": 33.0, "NF": 33.0, "TF": 34.0, "MINDEPTH": 3.0, "MAXDEPTH": 25.0, "HYPODEPTH1": 8.0, "HYPODEPTH2": 10.0, "HYPODEPTH3": 15.0, "WHDEPTH1": 0.1, "WHDEPTH2": 0.4, "WHDEPTH3": 0.5, "WMAXMAG01": 0.5, "WMAXMAG02": 0.4, "WMAXMAG03": 0.1, "MAXMAG01": 6.3, "MAXMAG02": 6.6, "MAXMAG03": 6.9, "STRIKE1": 0.0, "STRIKE2": 0.0, "STRIKE3": 0.0, "STRIKE4": 0.0, "DIP1": 89.99, "DIP2": 0.0, "DIP3": 0.0, "DIP4": 0.0, "aspRatio": 1.0, "mfd_bin": 0.2, "a_val": 2.74, "a_hi": 2.8477226008300001, "a_mid": 2.7400956270300001, "a_lo": 2.6324686532300001, "sigma_a": 0.13903194106700001, "b_val": 1.01, "b_hi": 1.06340785904, "b_mid": 1.01, "b_lo": 0.95659214096400003, "sigma_b": 0.028093864564700002, "cum_cov_ab": 0.054321, "MCORNERP1": 6.0, "MCORNERP2": 6.2, "MCORNERP3": 6.4, "MAXMAGP1": 6.0, "MAXMAGP2": 6.2, "utsu_bval2": 0.0, "utsu_aval": 0.0, "utsu_Minfl": 0.0, "Shape_Leng": 10.7838856516, "Shape_Area": 3.47732888557 }, "geometry": { "type": "Polygon", "coordinates": [ [ [ 19.992139999661333, 49.757003999734877 ], [ 19.116499999775215, 49.493000000149948 ], [ 16.787000000149931, 49.802 ], [ 14.894999999650338, 50.897000000149944 ], [ 16.017999999600363, 51.078999999750238 ], [ 16.963843000254315, 50.835004000134575 ], [ 17.565999999600365, 50.689000000349779 ], [ 19.147022999911542, 50.060627999882342 ], [ 19.992139999661333, 49.757003999734877 ] ] ] } },
{ "type": "Feature", "properties": { "ZONE_ID": "PLAS378", "areakm2": 139911.90576699999, "tctCluster": "Shallow Default", "CSZ_ID": "SZ10", "TECTO_ID": "TSZ106", "magScaleRe": "WC1994", "SS": 33.0, "NF": 33.0, "TF": 34.0, "MINDEPTH": 7.0, "MAXDEPTH": 13.0, "HYPODEPTH1": 8.0, "HYPODEPTH2": 9.0, "HYPODEPTH3": 10.0, "WHDEPTH1": 0.1, "WHDEPTH2": 0.4, "WHDEPTH3": 0.5, "WMAXMAG01": 0.5, "WMAXMAG02": 0.4, "WMAXMAG03": 0.1, "MAXMAG01": 6.3, "MAXMAG02": 6.6, "MAXMAG03": 6.9, "STRIKE1": 0.0, "STRIKE2": 0.0, "STRIKE3": 0.0, "STRIKE4": 0.0, "DIP1": 89.99, "DIP2": 0.0, "DIP3": 0.0, "DIP4": 0.0, "aspRatio": 1.0, "mfd_bin": 0.2, "a_val": 2.63, "a_hi": 2.6998342172999998, "a_mid": 2.62997322895, "a_lo": 2.5601122406100001, "sigma_a": 0.061423452801700001, "b_val": 1.05, "b_hi": 1.1289708003300001, "b_mid": 1.05, "b_lo": 0.97102919966500001, "sigma_b": 0.061423452801700001, "cum_cov_ab": 0.054321, "MCORNERP1": 6.0, "MCORNERP2": 6.2, "MCORNERP3": 6.4, "MAXMAGP1": 5.8, "MAXMAGP2": 6.0, "utsu_bval2": 0.0, "utsu_aval": 0.0, "utsu_Minfl": 0.0, "Shape_Leng": 25.0800654536, "Shape_Area": 11.300619835899999 }, "geometry": { "type": "Polygon", "coordinates": [ [ [ 14.918, 54.790999999850158 ], [ 14.97300000024984, 54.512999999650333 ], [ 15.788468999744566, 54.288083000330232 ], [ 17.821559000047841, 53.607613000339768 ], [ 20.064000000399744, 52.648999999850162 ], [ 20.719999999700292, 52.216999999850145 ], [ 22.378999999550388, 51.755999999800224 ], [ 23.054, 51.09399999990012 ], [ 24.120000000099992, 50.415000000249847 ], [ 23.526000000099998, 49.911999999600368 ], [ 22.509282000064275, 50.55007100037642 ], [ 21.003999999600353, 50.505000000249879 ], [ 19.323999999900138, 51.344999999650327 ], [ 19.847000000149933, 51.657999999600349 ], [ 18.458000000299819, 52.49299999955042 ], [ 16.343509999986566, 53.113392999887083 ], [ 14.082133899859627, 53.799999999600345 ], [ 13.731749999762712, 55.031999999800178 ], [ 14.918, 54.790999999850158 ] ] ] } },
{ "type": "Feature", "properties": { "ZONE_ID": "PTAS380", "areakm2": 138995.17458399999, "tctCluster": "Shallow Default", "CSZ_ID": "SZ27", "TECTO_ID": "TSZ119", "magScaleRe": "WC1994", "SS": 30.0, "NF": 63.0, "TF": 7.0, "MINDEPTH": 0.0, "MAXDEPTH": 14.0, "HYPODEPTH1": 2.0, "HYPODEPTH2": 8.0, "HYPODEPTH3": 10.0, "WHDEPTH1": 0.1, "WHDEPTH2": 0.4, "WHDEPTH3": 0.5, "WMAXMAG01": 0.5, "WMAXMAG02": 0.4, "WMAXMAG03": 0.1, "MAXMAG01": 7.0, "MAXMAG02": 7.3, "MAXMAG03": 7.6, "STRIKE1": 0.0, "STRIKE2": 0.0, "STRIKE3": 0.0, "STRIKE4": 0.0, "DIP1": 89.99, "DIP2": 0.0, "DIP3": 0.0, "DIP4": 0.0, "aspRatio": 1.0, "mfd_bin": 0.2, "a_val": 4.74, "a_hi": 4.80517757334, "a_mid": 4.7398852909400002, "a_lo": 4.6745930085399996, "sigma_a": 0.10455566512300001, "b_val": 0.94, "b_hi": 0.98603215861399995, "b_mid": 0.94, "b_lo": 0.89396784138600005, "sigma_b": 0.020870066312900001, "cum_cov_ab": 0.054321, "MCORNERP1": 7.0, "MCORNERP2": 7.2, "MCORNERP3": 7.4, "MAXMAGP1": 7.4, "MAXMAGP2": 7.6, "utsu_bval2": 0.0, "utsu_aval": 0.0, "utsu_Minfl": 0.0, "Shape_Leng": 15.5204763434, "Shape_Area": 11.216498464300001 }, "geometry": { "type": "Polygon", "coordinates": [ [ [ -28.877459293911215, 39.555697558795373 ], [ -23.525118999742006, 37.513801999562702 ], [ -24.127760999870191, 36.014537999629056 ], [ -29.843495997342359, 37.501461041993537 ], [ -28.877459293911215, 39.555697558795373 ] ] ] } },
{ "type": "Feature", "properties": { "ZONE_ID": "PTAS381", "areakm2": 1262104.76367, "tctCluster": "Shallow Default", "CSZ_ID": "SZ29", "TECTO_ID": "TSZ049", "magScaleRe": "WC1994", "SS": 30.0, "NF": 60.0, "TF": 10.0, "MINDEPTH": 0.0, "MAXDEPTH": 20.0, "HYPODEPTH1": 2.0, "HYPODEPTH2": 10.0, "HYPODEPTH3": 18.0, "WHDEPTH1": 0.1, "WHDEPTH2": 0.4, "WHDEPTH3": 0.5, "WMAXMAG01": 0.5, "WMAXMAG02": 0.4, "WMAXMAG03": 0.1, "MAXMAG01": 6.3, "MAXMAG02": 6.6, "MAXMAG03": 6.9, "STRIKE1": 0.0, "STRIKE2": 0.0, "STRIKE3": 0.0, "STRIKE4": 0.0, "DIP1": 89.99, "DIP2": 0.0, "DIP3": 0.0, "DIP4": 0.0, "aspRatio": 1.0, "mfd_bin": 0.2, "a_val": 3.6, "a_hi": 3.68601053705, "a_mid": 3.5993002283100002, "a_lo": 3.5125899195599999, "sigma_a": 0.163334048506, "b_val": 0.91, "b_hi": 0.97372787279299999, "b_mid": 0.91, "b_lo": 0.84627212720699996, "sigma_b": 0.04, "cum_cov_ab": 0.054321, "MCORNERP1": 6.0, "MCORNERP2": 6.2, "MCORNERP3": 6.4, "MAXMAGP1": 6.4, "MAXMAGP2": 6.6, "utsu_bval2": 0.0, "utsu_aval": 0.0, "utsu_Minfl": 0.0, "Shape_Leng": 45.0006751839, "Shape_Area": 101.84811224800001 }, "geometry": { "type": "Polygon", "coordinates": [ [ [ -13.058126423195802, 43.757921352588426 ], [ -13.207812000123681, 42.60566399989375 ], [ -13.036677422425043, 41.436625641360308 ], [ -12.811233000402581, 39.89659099967497 ], [ -12.509476290498355, 38.372430141238056 ], [ -11.981344753257702, 36.971356186239063 ], [ -13.39077700015838, 37.669174999726522 ], [ -15.101013985007341, 37.743263917995478 ], [ -19.632032999922956, 38.271780999993211 ], [ -23.525118999742006, 37.513801999562702 ], [ -28.877459293911215, 39.555697558795373 ], [ -27.640053732393767, 41.678278262232084 ], [ -26.468374059615087, 45.980156196351459 ], [ -19.180274636465242, 44.772432899258945 ], [ -13.058126423195802, 43.757921352588426 ] ] ] } },
{ "type": "Feature", "properties": { "ZONE_ID": "PTAS382", "areakm2": 807273.16550799995, "tctCluster": "Shallow Default", "CSZ_ID": "SZ28", "TECTO_ID": "TSZ169", "magScaleRe": "WC1994", "SS": 30.0, "NF": 20.0, "TF": 50.0, "MINDEPTH": 0.0, "MAXDEPTH": 20.0, "HYPODEPTH1": 2.0, "HYPODEPTH2": 10.0, "HYPODEPTH3": 18.0, "WHDEPTH1": 0.1, "WHDEPTH2": 0.4, "WHDEPTH3": 0.5, "WMAXMAG01": 0.5, "WMAXMAG02": 0.4, "WMAXMAG03": 0.1, "MAXMAG01": 6.5, "MAXMAG02": 6.8, "MAXMAG03": 7.1, "STRIKE1": 71.211716, "STRIKE2": 0.0, "STRIKE3": 0.0, "STRIKE4": 335.370667, "DIP1": 28.084747, "DIP2": 0.0, "DIP3": 0.0, "DIP4": 14.938, "aspRatio": 1.0, "mfd_bin": 0.2, "a_val": 5.223, "a_hi": 5.238852782, "a_mid": 5.2231036671700002, "a_lo": 5.20735455235, "sigma_a": 0.02, "b_val": 1.2, "b_hi": 1.2318639364, "b_mid": 1.2, "b_lo": 1.1681360636, "sigma_b": 0.01, "cum_cov_ab": 0.031896787728400003, "MCORNERP1": 6.0, "MCORNERP2": 6.2, "MCORNERP3": 6.4, "MAXMAGP1": 6.4, "MAXMAGP2": 6.6, "utsu_bval2": 0.0, "utsu_aval": 0.0, "utsu_Minfl": 0.0, "Shape_Leng": 38.520879254599997, "Shape_Area": 65.144550863099994 }, "geometry": { "type": "Polygon", "coordinates": [ [ [ -8.942202000122165, 34.655955000422978 ], [ -9.232165914425366, 33.298028809382117 ], [ -10.96913445658987, 30.576772489259042 ], [ -12.760608999605608, 31.546586999990097 ], [ -14.50140000040966, 31.981799999770203 ], [ -16.351300000194783, 31.221400000109952 ], [ -17.03489999973516, 30.940400000059981 ], [ -19.03989999968519, 29.681500000424705 ], [ -24.386806337342534, 33.323040880931956 ], [ -24.127760999870191, 36.014537999629056 ], [ -17.44455284783561, 35.324321187772625 ], [ -14.870200119339984, 36.507693300805215 ], [ -12.740481485132364, 35.61222496121303 ], [ -11.012268203714598, 35.248003378952831 ], [ -10.340705651344706, 35.141816783617742 ], [ -9.28553899972502, 34.824065999846084 ], [ -8.942202000122165, 34.655955000422978 ] ] ] } },
{ "type": "Feature", "properties": { "ZONE_ID": "PTAS383", "areakm2": 601505.50930100004, "tctCluster": "Shallow Default", "CSZ_ID": "SZ27", "TECTO_ID": "TSZ166", "magScaleRe": "WC1994", "SS": 33.0, "NF": 33.0, "TF": 34.0, "MINDEPTH": 0.0, "MAXDEPTH": 15.0, "HYPODEPTH1": 2.0, "HYPODEPTH2": 8.0, "HYPODEPTH3": 10.0, "WHDEPTH1": 0.1, "WHDEPTH2": 0.4, "WHDEPTH3": 0.5, "WMAXMAG01": 0.5, "WMAXMAG02": 0.4, "WMAXMAG03": 0.1, "MAXMAG01": 7.4, "MAXMAG02": 7.7, "MAXMAG03": 8.0, "STRIKE1": 0.0, "STRIKE2": 0.0, "STRIKE3": 0.0, "STRIKE4": 0.0, "DIP1": 89.99, "DIP2": 0.0, "DIP3": 0.0, "DIP4": 0.0, "aspRatio": 1.0, "mfd_bin": 0.2, "a_val": 4.6483, "a_hi": 4.6615113242800001, "a_mid": 4.6483642289100002, "a_lo": 4.6352171335400003, "sigma_a": 0.038792133767100001, "b_val": 0.8701, "b_hi": 0.89845141897400005, "b_mid": 0.8701, "b_lo": 0.84174858102600003, "sigma_b": 0.0079168195662699999, "cum_cov_ab": 0.054321, "MCORNERP1": 7.0, "MCORNERP2": 7.2, "MCORNERP3": 7.4, "MAXMAGP1": 7.4, "MAXMAGP2": 7.6, "utsu_bval2": 0.0, "utsu_aval": 0.0, "utsu_Minfl": 0.0, "Shape_Leng": 37.1866737008, "Shape_Area": 48.5397111172 }, "geometry": { "type": "Polygon", "coordinates": [ [ [ -33.211267999918221, 38.927733999824284 ], [ -29.270938915098782, 46.022881608099794 ], [ -26.468374059615087, 45.980156196351459 ], [ -27.640053732393767, 41.678278262232084 ], [ -28.877459293911215, 39.555697558795373 ], [ -29.843495997342359, 37.501461041993537 ], [ -31.213433945520137, 36.198726503925059 ], [ -34.89487094723637, 33.788252933126387 ], [ -38.432580905784107, 33.894619667163965 ], [ -33.211267999918221, 38.927733999824284 ] ] ] } },
{ "type": "Feature", "properties": { "ZONE_ID": "PTAS384", "areakm2": 49672.5826715, "tctCluster": "Shallow Default", "CSZ_ID": "SZ27", "TECTO_ID": "TSZ008", "magScaleRe": "WC1994", "SS": 60.0, "NF": 10.0, "TF": 30.0, "MINDEPTH": 0.0, "MAXDEPTH": 30.0, "HYPODEPTH1": 2.0, "HYPODEPTH2": 10.0, "HYPODEPTH3": 18.0, "WHDEPTH1": 0.1, "WHDEPTH2": 0.4, "WHDEPTH3": 0.5, "WMAXMAG01": 0.5, "WMAXMAG02": 0.4, "WMAXMAG03": 0.1, "MAXMAG01": 8.5, "MAXMAG02": 8.6, "MAXMAG03": 8.7, "STRIKE1": 0.0, "STRIKE2": 0.0, "STRIKE3": 0.0, "STRIKE4": 0.0, "DIP1": 89.99, "DIP2": 0.0, "DIP3": 0.0, "DIP4": 0.0, "aspRatio": 1.0, "mfd_bin": 0.2, "a_val": 3.0865600338600001, "a_hi": 3.1942166129, "a_mid": 3.0864337168199998, "a_lo": 2.97865082075, "sigma_a": 0.13933060932300001, "b_val": 0.80409239136300004, "b_hi": 0.85526262015499999, "b_mid": 0.80409239136300004, "b_lo": 0.75292216257099998, "sigma_b": 0.025789080901599998, "cum_cov_ab": 0.054321, "MCORNERP1": 6.0, "MCORNERP2": 6.2, "MCORNERP3": 6.4, "MAXMAGP1": 6.4, "MAXMAGP2": 6.6, "utsu_bval2": 0.0, "utsu_aval": 0.0, "utsu_Minfl": 0.0, "Shape_Leng": 8.4629327587399992, "Shape_Area": 4.0084301394299997 }, "geometry": { "type": "Polygon", "coordinates": [ [ [ -12.740481485132364, 35.61222496121303 ], [ -14.870200119339984, 36.507693300805215 ], [ -15.101013985007341, 37.743263917995478 ], [ -13.39077700015838, 37.669174999726522 ], [ -11.981344753257702, 36.971356186239063 ], [ -12.535115601403845, 36.405264936327796 ], [ -12.740481485132364, 35.61222496121303 ] ] ] } },
{ "type": "Feature", "properties": { "ZONE_ID": "PTAS386", "areakm2": 25995.3555203, "tctCluster": "Shallow Default", "CSZ_ID": "SZ19", "TECTO_ID": "TSZ076", "magScaleRe": "WC1994", "SS": 30.0, "NF": 60.0, "TF": 10.0, "MINDEPTH": 1.0, "MAXDEPTH": 20.0, "HYPODEPTH1": 5.0, "HYPODEPTH2": 9.0, "HYPODEPTH3": 15.0, "WHDEPTH1": 0.1, "WHDEPTH2": 0.4, "WHDEPTH3": 0.5, "WMAXMAG01": 0.5, "WMAXMAG02": 0.4, "WMAXMAG03": 0.1, "MAXMAG01": 7.0, "MAXMAG02": 7.3, "MAXMAG03": 7.6, "STRIKE1": 28.925016, "STRIKE2": 0.0, "STRIKE3": 0.0, "STRIKE4": 338.436811, "DIP1": 67.445976, "DIP2": 0.0, "DIP3": 0.0, "DIP4": 67.832, "aspRatio": 1.0, "mfd_bin": 0.2, "a_val": 3.21, "a_hi": 3.2815216277800001, "a_mid": 3.2097423578700002, "a_lo": 3.1379630879599998, "sigma_a": 0.12769359409299999, "b_val": 1.0, "b_hi": 1.05518995677, "b_mid": 1.0, "b_lo": 0.94481004323200002, "sigma_b": 0.03, "cum_cov_ab": 0.054321, "MCORNERP1": 6.0, "MCORNERP2": 6.2, "MCORNERP3": 6.4, "MAXMAGP1": 6.2, "MAXMAGP2": 6.4, "utsu_bval2": 0.0, "utsu_aval": 0.0, "utsu_Minfl": 0.0, "Shape_Leng": 6.7212035500500003, "Shape_Area": 2.0977481134999998 }, "geometry": { "type": "Polygon", "coordinates": [ [ [ -8.362951000388307, 41.00768900024724 ], [ -8.330497000236335, 40.157636000401169 ], [ -8.280131999692003, 39.665672999709216 ], [ -8.857446000032837, 39.321128000157159 ], [ -9.187302000287048, 39.313627999632502 ], [ -9.79315099991868, 38.720016999584914 ], [ -9.602570000305207, 39.732666999982143 ], [ -9.050626999936071, 41.362895999550801 ], [ -8.362951000388307, 41.00768900024724 ] ] ] } },
{ "type": "Feature", "properties": { "ZONE_ID": "PTAS387", "areakm2": 122163.242808, "tctCluster": "Shallow Default", "CSZ_ID": "SZ51", "TECTO_ID": "TSZ086", "magScaleRe": "WC1994", "SS": 60.0, "NF": 10.0, "TF": 30.0, "MINDEPTH": 1.0, "MAXDEPTH": 20.0, "HYPODEPTH1": 5.0, "HYPODEPTH2": 9.0, "HYPODEPTH3": 15.0, "WHDEPTH1": 0.1, "WHDEPTH2": 0.4, "WHDEPTH3": 0.5, "WMAXMAG01": 0.5, "WMAXMAG02": 0.4, "WMAXMAG03": 0.1, "MAXMAG01": 7.3, "MAXMAG02": 7.6, "MAXMAG03": 7.9, "STRIKE1": 0.0, "STRIKE2": 0.0, "STRIKE3": 0.0, "STRIKE4": 0.0, "DIP1": 89.99, "DIP2": 0.0, "DIP3": 0.0, "DIP4": 0.0, "aspRatio": 1.0, "mfd_bin": 0.2, "a_val": 3.268, "a_hi": 3.2397488119800002, "a_mid": 3.26806355077, "a_lo": 3.2963782895599998, "sigma_a": 0.23635173182700001, "b_val": 0.84, "b_hi": 0.87186393639600002, "b_mid": 0.84, "b_lo": 0.80813606360400003, "sigma_b": 0.01, "cum_cov_ab": 0.054321, "MCORNERP1": 7.2, "MCORNERP2": 7.4, "MCORNERP3": 7.6, "MAXMAGP1": 7.4, "MAXMAGP2": 7.6, "utsu_bval2": 0.0, "utsu_aval": 0.0, "utsu_Minfl": 0.0, "Shape_Leng": 13.539538875, "Shape_Area": 9.8582114776399994 }, "geometry": { "type": "Polygon", "coordinates": [ [ [ -13.036677422425043, 41.436625641360308 ], [ -9.602570000305207, 39.732666999982143 ], [ -9.79315099991868, 38.720016999584914 ], [ -9.418216000068298, 38.01312699981122 ], [ -9.599892000015757, 37.552141999553669 ], [ -9.681778146544161, 37.185096571249801 ], [ -11.089881176574977, 37.369146267885981 ], [ -11.981344753257702, 36.971356186239063 ], [ -12.509476290498355, 38.372430141238056 ], [ -12.811233000402581, 39.89659099967497 ], [ -13.036677422425043, 41.436625641360308 ] ] ] } },
{ "type": "Feature", "properties": { "ZONE_ID": "PTAS389", "areakm2": 17705.020135700001, "tctCluster": "Shallow Default", "CSZ_ID": "SZ19", "TECTO_ID": "TSZ076", "magScaleRe": "WC1994", "SS": 30.0, "NF": 60.0, "TF": 10.0, "MINDEPTH": 1.0, "MAXDEPTH": 20.0, "HYPODEPTH1": 5.0, "HYPODEPTH2": 9.0, "HYPODEPTH3": 15.0, "WHDEPTH1": 0.1, "WHDEPTH2": 0.4, "WHDEPTH3": 0.5, "WMAXMAG01": 0.5, "WMAXMAG02": 0.4, "WMAXMAG03": 0.1, "MAXMAG01": 7.1, "MAXMAG02": 7.4, "MAXMAG03": 7.7, "STRIKE1": 30.946842, "STRIKE2": 167.318864, "STRIKE3": 207.759, "STRIKE4": 338.101063, "DIP1": 72.671654, "DIP2": 67.164182, "DIP3": 67.840013, "DIP4": 67.6735, "aspRatio": 1.0, "mfd_bin": 0.2, "a_val": 3.95, "a_hi": 4.0347303503100003, "a_mid": 3.9499167602099998, "a_lo": 3.8651031701099998, "sigma_a": 0.117052983988, "b_val": 1.0, "b_hi": 1.0503813071200001, "b_mid": 1.0, "b_lo": 0.94961869288400003, "sigma_b": 0.025, "cum_cov_ab": 0.054321, "MCORNERP1": 7.0, "MCORNERP2": 7.2, "MCORNERP3": 7.4, "MAXMAGP1": 7.2, "MAXMAGP2": 7.2, "utsu_bval2": 0.0, "utsu_aval": 0.0, "utsu_Minfl": 0.0, "Shape_Leng": 4.9703683560899998, "Shape_Area": 1.4287426292200001 }, "geometry": { "type": "Polygon", "coordinates": [ [ [ -9.418216000068298, 38.01312699981122 ], [ -9.79315099991868, 38.720016999584914 ], [ -9.187302000287048, 39.313627999632502 ], [ -8.857446000032837, 39.321128000157159 ], [ -8.280131999692003, 39.665672999709216 ], [ -8.448064999899771, 38.725178000164647 ], [ -8.594464999959712, 38.323227000026066 ], [ -9.023660000108862, 37.992996999611876 ], [ -9.418216000068298, 38.01312699981122 ] ] ] } },
{ "type": "Feature", "properties": { "ZONE_ID": "PTAS390", "areakm2": 39931.089876600003, "tctCluster": "Shallow Default", "CSZ_ID": "SZ51", "TECTO_ID": "TSZ077", "magScaleRe": "WC1994", "SS": 60.0, "NF": 10.0, "TF": 30.0, "MINDEPTH": 0.0, "MAXDEPTH": 60.0, "HYPODEPTH1": 2.0, "HYPODEPTH2": 10.0, "HYPODEPTH3": 18.0, "WHDEPTH1": 0.1, "WHDEPTH2": 0.4, "WHDEPTH3": 0.5, "WMAXMAG01": 0.5, "WMAXMAG02": 0.4, "WMAXMAG03": 0.1, "MAXMAG01": 8.6, "MAXMAG02": 8.7, "MAXMAG03": 8.8, "STRIKE1": 36.059768, "STRIKE2": 0.0, "STRIKE3": 0.0, "STRIKE4": 280.988636, "DIP1": 25.775435, "DIP2": 0.0, "DIP3": 0.0, "DIP4": 82.906, "aspRatio": 1.0, "mfd_bin": 0.2, "a_val": 3.43, "a_hi": 3.3438793439799999, "a_mid": 3.4303712985799999, "a_lo": 3.5168632531899999, "sigma_a": 0.21774387794300001, "b_val": 0.83, "b_hi": 0.899943010682, "b_mid": 0.83, "b_lo": 0.76005698931800003, "sigma_b": 0.048182551243500002, "cum_cov_ab": 0.054321, "MCORNERP1": 8.6, "MCORNERP2": 8.8, "MCORNERP3": 9.0, "MAXMAGP1": 8.4, "MAXMAGP2": 8.4, "utsu_bval2": 0.3, "utsu_aval": 3.43, "utsu_Minfl": 6.6, "Shape_Leng": 8.2980754276400006, "Shape_Area": 3.2223205575199998 }, "geometry": { "type": "Polygon", "coordinates": [ [ [ -9.441470999586898, 36.154385999714179 ], [ -10.340705651344706, 35.141816783617742 ], [ -11.012268203714598, 35.248003378952831 ], [ -12.740481485132364, 35.61222496121303 ], [ -9.681778146544161, 37.185096571249801 ], [ -9.441470999586898, 36.154385999714179 ] ] ] } },
{ "type": "Feature", "properties": { "ZONE_ID": "PTAS391", "areakm2": 24847.655274100001, "tctCluster": "Shallow Default", "CSZ_ID": "SZ51", "TECTO_ID": "TSZ077", "magScaleRe": "WC1994", "SS": 60.0, "NF": 10.0, "TF": 30.0, "MINDEPTH": 0.0, "MAXDEPTH": 60.0, "HYPODEPTH1": 2.0, "HYPODEPTH2": 10.0, "HYPODEPTH3": 18.0, "WHDEPTH1": 0.1, "WHDEPTH2": 0.4, "WHDEPTH3": 0.5, "WMAXMAG01": 0.5, "WMAXMAG02": 0.4, "WMAXMAG03": 0.1, "MAXMAG01": 8.5, "MAXMAG02": 8.6, "MAXMAG03": 8.7, "STRIKE1": 36.059768, "STRIKE2": 0.0, "STRIKE3": 0.0, "STRIKE4": 280.988636, "DIP1": 25.775435, "DIP2": 0.0, "DIP3": 0.0, "DIP4": 82.906, "aspRatio": 1.0, "mfd_bin": 0.2, "a_val": 4.04, "a_hi": 4.0441327571199999, "a_mid": 4.0397532411199997, "a_lo": 4.0353737251200004, "sigma_a": 0.01, "b_val": 1.12, "b_hi": 1.1518639364000001, "b_mid": 1.12, "b_lo": 1.0881360636, "sigma_b": 0.01, "cum_cov_ab": 0.072425239442799993, "MCORNERP1": 6.0, "MCORNERP2": 6.2, "MCORNERP3": 6.4, "MAXMAGP1": 6.2, "MAXMAGP2": 6.4, "utsu_bval2": 0.0, "utsu_aval": 0.0, "utsu_Minfl": 0.0, "Shape_Leng": 7.4467956873499999, "Shape_Area": 2.00513210591 }, "geometry": { "type": "Polygon", "coordinates": [ [ [ -12.740481485132364, 35.61222496121303 ], [ -12.535115601403845, 36.405264936327796 ], [ -11.981344753257702, 36.971356186239063 ], [ -11.089881176574977, 37.369146267885981 ], [ -9.681778146544161, 37.185096571249801 ], [ -12.740481485132364, 35.61222496121303 ] ] ] } },
{ "type": "Feature", "properties": { "ZONE_ID": "PTAS392", "areakm2": 83204.8462841, "tctCluster": "Shallow Default", "CSZ_ID": "SZ19", "TECTO_ID": "TSZ076", "magScaleRe": "WC1994", "SS": 30.0, "NF": 60.0, "TF": 10.0, "MINDEPTH": 1.0, "MAXDEPTH": 20.0, "HYPODEPTH1": 5.0, "HYPODEPTH2": 9.0, "HYPODEPTH3": 15.0, "WHDEPTH1": 0.1, "WHDEPTH2": 0.4, "WHDEPTH3": 0.5, "WMAXMAG01": 0.5, "WMAXMAG02": 0.4, "WMAXMAG03": 0.1, "MAXMAG01": 7.0, "MAXMAG02": 7.3, "MAXMAG03": 7.6, "STRIKE1": 32.022152, "STRIKE2": 0.0, "STRIKE3": 267.856, "STRIKE4": 277.384743, "DIP1": 79.510303, "DIP2": 0.0, "DIP3": 39.642, "DIP4": 39.380943, "aspRatio": 1.0, "mfd_bin": 0.2, "a_val": 3.504, "a_hi": 3.5941098869300001, "a_mid": 3.5041376873700001, "a_lo": 3.4141654878100001, "sigma_a": 0.156000260542, "b_val": 1.0034, "b_hi": 1.0649077585, "b_mid": 1.0034, "b_lo": 0.9418922415, "sigma_b": 0.037261552690100001, "cum_cov_ab": 0.054321, "MCORNERP1": 6.0, "MCORNERP2": 6.2, "MCORNERP3": 6.4, "MAXMAGP1": 6.2, "MAXMAGP2": 6.4, "utsu_bval2": 0.0, "utsu_aval": 0.0, "utsu_Minfl": 0.0, "Shape_Leng": 11.7481008018, "Shape_Area": 6.7143843886800001 }, "geometry": { "type": "Polygon", "coordinates": [ [ [ -6.755700000154832, 40.501645999563266 ], [ -5.097962384056757, 39.286607505432073 ], [ -7.812781999989284, 37.350686000258747 ], [ -8.518980000226804, 37.48207899984601 ], [ -9.109446000032847, 37.479818999946929 ], [ -9.599892000015757, 37.552141999553669 ], [ -9.418216000068298, 38.01312699981122 ], [ -9.023660000108862, 37.992996999611876 ], [ -8.594464999959712, 38.323227000026066 ], [ -8.448064999899771, 38.725178000164647 ], [ -8.280131999692003, 39.665672999709216 ], [ -6.755700000154832, 40.501645999563266 ] ] ] } },
{ "type": "Feature", "properties": { "ZONE_ID": "PTAS393", "areakm2": 10626.1677081, "tctCluster": "Shallow Default", "CSZ_ID": "SZ19", "TECTO_ID": "TSZ076", "magScaleRe": "WC1994", "SS": 60.0, "NF": 10.0, "TF": 30.0, "MINDEPTH": 1.0, "MAXDEPTH": 20.0, "HYPODEPTH1": 5.0, "HYPODEPTH2": 9.0, "HYPODEPTH3": 15.0, "WHDEPTH1": 0.1, "WHDEPTH2": 0.4, "WHDEPTH3": 0.5, "WMAXMAG01": 0.5, "WMAXMAG02": 0.4, "WMAXMAG03": 0.1, "MAXMAG01": 7.0, "MAXMAG02": 7.3, "MAXMAG03": 7.6, "STRIKE1": 36.821897, "STRIKE2": 149.312333, "STRIKE3": 225.89911, "STRIKE4": 299.118583, "DIP1": 67.261338, "DIP2": 68.550722, "DIP3": 74.622573, "DIP4": 67.162, "aspRatio": 1.0, "mfd_bin": 0.2, "a_val": 2.55, "a_hi": 2.5537818184000001, "a_mid": 2.5498056769800002, "a_lo": 2.5458295355699998, "sigma_a": 0.01, "b_val": 0.8, "b_hi": 0.83186393639599998, "b_mid": 0.8, "b_lo": 0.768136063604, "sigma_b": 0.01, "cum_cov_ab": 0.081381850676399997, "MCORNERP1": 6.0, "MCORNERP2": 6.2, "MCORNERP3": 6.4, "MAXMAGP1": 6.4, "MAXMAGP2": 6.6, "utsu_bval2": 0.0, "utsu_aval": 0.0, "utsu_Minfl": 0.0, "Shape_Leng": 5.5947804549600004, "Shape_Area": 1.1386420552800001 }, "geometry": { "type": "Polygon", "coordinates": [ [ [ -8.880678003886715, 37.480694605971337 ], [ -8.518980000226804, 37.48207899984601 ], [ -7.812781999989284, 37.350686000258747 ], [ -7.135512000078677, 37.30869400002814 ], [ -7.793789465011741, 36.890218734307211 ], [ -8.825655884811169, 36.842465056517199 ], [ -9.159670870014565, 36.991500756354867 ], [ -9.681778146544161, 37.185096571249801 ], [ -9.599892000015757, 37.552141999553669 ], [ -9.109446000032847, 37.479818999946929 ], [ -8.880678003886715, 37.480694605971337 ] ] ] } },
{ "type": "Feature", "properties": { "ZONE_ID": "ROAS395", "areakm2": 52801.646968000001, "tctCluster": "Shallow Default", "CSZ_ID": "SZ11", "TECTO_ID": "TSZ066", "magScaleRe": "WC1994", "SS": 30.0, "NF": 30.0, "TF": 40.0, "MINDEPTH": 0.0, "MAXDEPTH": 25.0, "HYPODEPTH1": 2.0, "HYPODEPTH2": 10.0, "HYPODEPTH3": 18.0, "WHDEPTH1": 0.1, "WHDEPTH2": 0.4, "WHDEPTH3": 0.5, "WMAXMAG01": 0.5, "WMAXMAG02": 0.4, "WMAXMAG03": 0.1, "MAXMAG01": 6.1, "MAXMAG02": 6.4, "MAXMAG03": 6.7, "STRIKE1": 0.0, "STRIKE2": 0.0, "STRIKE3": 0.0, "STRIKE4": 0.0, "DIP1": 89.99, "DIP2": 0.0, "DIP3": 0.0, "DIP4": 0.0, "aspRatio": 1.0, "mfd_bin": 0.2, "a_val": 3.21, "a_hi": 3.2910186587500001, "a_mid": 3.2101559421300001, "a_lo": 3.1292932255000001, "sigma_a": 0.136331249904, "b_val": 1.0, "b_hi": 1.05518995677, "b_mid": 1.0, "b_lo": 0.94481004323200002, "sigma_b": 0.03, "cum_cov_ab": 0.054321, "MCORNERP1": 6.0, "MCORNERP2": 6.2, "MCORNERP3": 6.4, "MAXMAGP1": 6.2, "MAXMAGP2": 6.4, "utsu_bval2": 0.0, "utsu_aval": 0.0, "utsu_Minfl": 0.0, "Shape_Leng": 8.1078006109299992, "Shape_Area": 3.86143066057 }, "geometry": { "type": "Polygon", "coordinates": [ [ [ 29.815959412097243, 45.198913975699497 ], [ 29.114370414862833, 43.977369063731373 ], [ 26.574737807204087, 44.420812348611037 ], [ 26.757245963330604, 45.256133386746455 ], [ 28.424813897843137, 45.795119196094106 ], [ 29.815959412097243, 45.198913975699497 ] ] ] } },
{ "type": "Feature", "properties": { "ZONE_ID": "ROAS396", "areakm2": 60070.271069000002, "tctCluster": "Shallow Default", "CSZ_ID": "SZ11", "TECTO_ID": "TSZ066", "magScaleRe": "WC1994", "SS": 20.0, "NF": 60.0, "TF": 20.0, "MINDEPTH": 0.0, "MAXDEPTH": 25.0, "HYPODEPTH1": 2.0, "HYPODEPTH2": 10.0, "HYPODEPTH3": 18.0, "WHDEPTH1": 0.1, "WHDEPTH2": 0.4, "WHDEPTH3": 0.5, "WMAXMAG01": 0.5, "WMAXMAG02": 0.4, "WMAXMAG03": 0.1, "MAXMAG01": 6.1, "MAXMAG02": 6.4, "MAXMAG03": 6.7, "STRIKE1": 0.0, "STRIKE2": 112.110788, "STRIKE3": 0.0, "STRIKE4": 288.070051, "DIP1": 57.671712, "DIP2": 57.671712, "DIP3": 0.0, "DIP4": 54.403028, "aspRatio": 1.0, "mfd_bin": 0.2, "a_val": 2.61, "a_hi": 2.70986078432, "a_mid": 2.60981278564, "a_lo": 2.5097647869599999, "sigma_a": 0.163334048506, "b_val": 1.0, "b_hi": 1.05518995677, "b_mid": 1.0, "b_lo": 0.94481004323200002, "sigma_b": 0.03, "cum_cov_ab": 0.054321, "MCORNERP1": 6.0, "MCORNERP2": 6.2, "MCORNERP3": 6.4, "MAXMAGP1": 6.0, "MAXMAGP2": 6.2, "utsu_bval2": 0.0, "utsu_aval": 0.0, "utsu_Minfl": 0.0, "Shape_Leng": 10.3569630216, "Shape_Area": 4.8474927653700002 }, "geometry": { "type": "Polygon", "coordinates": [ [ [ 24.915718971953027, 43.544379770809826 ], [ 23.982133899859662, 43.600000000199884 ], [ 22.982133900059466, 43.899999999600368 ], [ 22.339999999700296, 44.259999999600382 ], [ 22.379999999800191, 44.70999999960037 ], [ 25.801485999978979, 45.09440900017529 ], [ 26.757245963330604, 45.256133386746455 ], [ 26.574737807204087, 44.420812348611037 ], [ 26.341147473577109, 44.11062788047235 ], [ 25.417480241919691, 43.758960494031612 ], [ 24.915718971953027, 43.544379770809826 ] ] ] } },
{ "type": "Feature", "properties": { "ZONE_ID": "ROAS398", "areakm2": 40145.020938299996, "tctCluster": "Shallow Default", "CSZ_ID": "SZ11", "TECTO_ID": "TSZ061", "magScaleRe": "WC1994", "SS": 30.0, "NF": 30.0, "TF": 40.0, "MINDEPTH": 0.0, "MAXDEPTH": 25.0, "HYPODEPTH1": 2.0, "HYPODEPTH2": 10.0, "HYPODEPTH3": 18.0, "WHDEPTH1": 0.1, "WHDEPTH2": 0.4, "WHDEPTH3": 0.5, "WMAXMAG01": 0.5, "WMAXMAG02": 0.4, "WMAXMAG03": 0.1, "MAXMAG01": 6.7, "MAXMAG02": 7.0, "MAXMAG03": 7.3, "STRIKE1": 0.0, "STRIKE2": 0.0, "STRIKE3": 0.0, "STRIKE4": 0.0, "DIP1": 89.99, "DIP2": 0.0, "DIP3": 0.0, "DIP4": 0.0, "aspRatio": 1.0, "mfd_bin": 0.2, "a_val": 2.571, "a_hi": 2.5875624749, "a_mid": 2.57103717132, "a_lo": 2.5545118677300001, "sigma_a": 0.01, "b_val": 0.75, "b_hi": 0.78186393639600005, "b_mid": 0.75, "b_lo": 0.71813606360399995, "sigma_b": 0.01, "cum_cov_ab": 0.019236440392, "MCORNERP1": 6.0, "MCORNERP2": 6.2, "MCORNERP3": 6.4, "MAXMAGP1": 6.4, "MAXMAGP2": 6.6, "utsu_bval2": 0.0, "utsu_aval": 0.0, "utsu_Minfl": 0.0, "Shape_Leng": 8.6649048307900003, "Shape_Area": 3.23958415844 }, "geometry": { "type": "Polygon", "coordinates": [ [ [ 25.801485999978979, 45.09440900017529 ], [ 22.379999999800191, 44.70999999960037 ], [ 22.408012823033403, 45.444130286983238 ], [ 23.859521000293967, 45.839905999662221 ], [ 25.732936999942638, 46.141610000301341 ], [ 25.904979552964051, 45.627450427495262 ], [ 25.801485999978979, 45.09440900017529 ] ] ] } },
{ "type": "Feature", "properties": { "ZONE_ID": "ROAS400", "areakm2": 21361.833662500001, "tctCluster": "Shallow Default", "CSZ_ID": "SZ11", "TECTO_ID": "TSZ061", "magScaleRe": "WC1994", "SS": 30.0, "NF": 30.0, "TF": 40.0, "MINDEPTH": 0.0, "MAXDEPTH": 40.0, "HYPODEPTH1": 2.0, "HYPODEPTH2": 10.0, "HYPODEPTH3": 18.0, "WHDEPTH1": 0.1, "WHDEPTH2": 0.4, "WHDEPTH3": 0.5, "WMAXMAG01": 0.5, "WMAXMAG02": 0.4, "WMAXMAG03": 0.1, "MAXMAG01": 6.7, "MAXMAG02": 7.0, "MAXMAG03": 7.3, "STRIKE1": 0.0, "STRIKE2": 0.0, "STRIKE3": 0.0, "STRIKE4": 0.0, "DIP1": 89.99, "DIP2": 0.0, "DIP3": 0.0, "DIP4": 0.0, "aspRatio": 1.0, "mfd_bin": 0.2, "a_val": 2.6398, "a_hi": 2.64563406609, "a_mid": 2.63978055307, "a_lo": 2.6339270400400001, "sigma_a": 0.01, "b_val": 0.86, "b_hi": 0.89186393639600003, "b_mid": 0.86, "b_lo": 0.82813606360400005, "sigma_b": 0.01, "cum_cov_ab": 0.054321, "MCORNERP1": 6.0, "MCORNERP2": 6.2, "MCORNERP3": 6.4, "MAXMAGP1": 6.2, "MAXMAGP2": 6.4, "utsu_bval2": 0.0, "utsu_aval": 0.0, "utsu_Minfl": 0.0, "Shape_Leng": 6.6654145180800004, "Shape_Area": 1.8871476085600001 }, "geometry": { "type": "Polygon", "coordinates": [ [ [ 25.801485999978979, 45.09440900017529 ], [ 25.904979552964051, 45.627450427495262 ], [ 25.732936999942638, 46.141610000301341 ], [ 26.337206274749803, 46.434828583572312 ], [ 26.943151000018702, 46.191614000385869 ], [ 28.424813897843137, 45.795119196094106 ], [ 26.757245963330604, 45.256133386746455 ], [ 25.801485999978979, 45.09440900017529 ] ] ] } },
{ "type": "Feature", "properties": { "ZONE_ID": "ROAS401", "areakm2": 58221.460382899997, "tctCluster": "Shallow Default", "CSZ_ID": "SZ11", "TECTO_ID": "TSZ067", "magScaleRe": "WC1994", "SS": 30.0, "NF": 30.0, "TF": 40.0, "MINDEPTH": 0.0, "MAXDEPTH": 25.0, "HYPODEPTH1": 2.0, "HYPODEPTH2": 10.0, "HYPODEPTH3": 18.0, "WHDEPTH1": 0.1, "WHDEPTH2": 0.4, "WHDEPTH3": 0.5, "WMAXMAG01": 0.5, "WMAXMAG02": 0.4, "WMAXMAG03": 0.1, "MAXMAG01": 6.3, "MAXMAG02": 6.6, "MAXMAG03": 6.9, "STRIKE1": 0.0, "STRIKE2": 0.0, "STRIKE3": 0.0, "STRIKE4": 0.0, "DIP1": 89.99, "DIP2": 0.0, "DIP3": 0.0, "DIP4": 0.0, "aspRatio": 1.0, "mfd_bin": 0.2, "a_val": 3.03, "a_hi": 3.1598435438800001, "a_mid": 3.0299549484799999, "a_lo": 2.9000663530700002, "sigma_a": 0.21551689813, "b_val": 1.0, "b_hi": 1.07144246996, "b_mid": 1.0, "b_lo": 0.92855753004499997, "sigma_b": 0.050270599993700003, "cum_cov_ab": 0.054321, "MCORNERP1": 6.0, "MCORNERP2": 6.2, "MCORNERP3": 6.4, "MAXMAGP1": 6.2, "MAXMAGP2": 6.4, "utsu_bval2": 0.0, "utsu_aval": 0.0, "utsu_Minfl": 0.0, "Shape_Leng": 10.5939191282, "Shape_Area": 5.0541993790899999 }, "geometry": { "type": "Polygon", "coordinates": [ [ [ 26.999816999754785, 47.99038600041365 ], [ 28.424813897843137, 45.795119196094106 ], [ 26.943151000018702, 46.191614000385869 ], [ 26.337206274749803, 46.434828583572312 ], [ 25.732936999942638, 46.141610000301341 ], [ 24.437158000241595, 47.72896500033454 ], [ 24.426278000329489, 48.044478000159643 ], [ 25.2661730002838, 48.095346999664343 ], [ 26.199999999900115, 48.00000000039978 ], [ 26.400000000399757, 48.2 ], [ 26.649999999900103, 48.249999999900126 ], [ 26.999816999754785, 47.99038600041365 ] ] ] } },
{ "type": "Feature", "properties": { "ZONE_ID": "ROAS402", "areakm2": 90347.592577300005, "tctCluster": "Shallow Default", "CSZ_ID": "SZ11", "TECTO_ID": "TSZ090", "magScaleRe": "WC1994", "SS": 30.0, "NF": 30.0, "TF": 40.0, "MINDEPTH": 0.0, "MAXDEPTH": 25.0, "HYPODEPTH1": 2.0, "HYPODEPTH2": 10.0, "HYPODEPTH3": 18.0, "WHDEPTH1": 0.1, "WHDEPTH2": 0.4, "WHDEPTH3": 0.5, "WMAXMAG01": 0.5, "WMAXMAG02": 0.4, "WMAXMAG03": 0.1, "MAXMAG01": 6.3, "MAXMAG02": 6.6, "MAXMAG03": 6.9, "STRIKE1": 0.0, "STRIKE2": 0.0, "STRIKE3": 0.0, "STRIKE4": 0.0, "DIP1": 89.99, "DIP2": 0.0, "DIP3": 0.0, "DIP4": 0.0, "aspRatio": 1.0, "mfd_bin": 0.2, "a_val": 2.85, "a_hi": 2.9533127326300002, "a_mid": 2.8501495553299998, "a_lo": 2.7469863780399999, "sigma_a": 0.15444315839200001, "b_val": 0.879, "b_hi": 0.93418995676799998, "b_mid": 0.879, "b_lo": 0.82381004323200002, "sigma_b": 0.03, "cum_cov_ab": 0.054321, "MCORNERP1": 6.0, "MCORNERP2": 6.2, "MCORNERP3": 6.4, "MAXMAGP1": 6.4, "MAXMAGP2": 6.4, "utsu_bval2": 0.0, "utsu_aval": 0.0, "utsu_Minfl": 0.0, "Shape_Leng": 7.2980977867999997, "Shape_Area": 3.0090987893699999 }, "geometry": { "type": "Polygon", "coordinates": [ [ [ 23.859521000293967, 45.839905999662221 ], [ 22.924542999759694, 47.375907000307848 ], [ 23.391264644947455, 47.484844046215812 ], [ 24.437158000241595, 47.72896500033454 ], [ 25.732936999942638, 46.141610000301341 ], [ 23.859521000293967, 45.839905999662221 ] ] ] } },
{ "type": "Feature", "properties": { "ZONE_ID": "ROAS403", "areakm2": 90347.592577300005, "tctCluster": "Shallow Default", "CSZ_ID": "SZ11", "TECTO_ID": "TSZ090", "magScaleRe": "WC1994", "SS": 30.0, "NF": 30.0, "TF": 40.0, "MINDEPTH": 0.0, "MAXDEPTH": 25.0, "HYPODEPTH1": 2.0, "HYPODEPTH2": 10.0, "HYPODEPTH3": 18.0, "WHDEPTH1": 0.1, "WHDEPTH2": 0.4, "WHDEPTH3": 0.5, "WMAXMAG01": 0.5, "WMAXMAG02": 0.4, "WMAXMAG03": 0.1, "MAXMAG01": 6.3, "MAXMAG02": 6.6, "MAXMAG03": 6.9, "STRIKE1": 0.0, "STRIKE2": 0.0, "STRIKE3": 0.0, "STRIKE4": 0.0, "DIP1": 89.99, "DIP2": 0.0, "DIP3": 0.0, "DIP4": 0.0, "aspRatio": 1.0, "mfd_bin": 0.2, "a_val": 2.43, "a_hi": 2.5295203669599999, "a_mid": 2.4296101910400001, "a_lo": 2.3297000151199998, "sigma_a": 0.163334048506, "b_val": 0.879, "b_hi": 0.93418995676799998, "b_mid": 0.879, "b_lo": 0.82381004323200002, "sigma_b": 0.03, "cum_cov_ab": 0.054321, "MCORNERP1": 6.0, "MCORNERP2": 6.2, "MCORNERP3": 6.4, "MAXMAGP1": 6.2, "MAXMAGP2": 6.4, "utsu_bval2": 0.0, "utsu_aval": 0.0, "utsu_Minfl": 0.0, "Shape_Leng": 7.7896868571600004, "Shape_Area": 3.5139734966099998 }, "geometry": { "type": "Polygon", "coordinates": [ [ [ 21.537703999739847, 47.516809999581881 ], [ 22.059932000361584, 47.174098000022752 ], [ 22.924542999759694, 47.375907000307848 ], [ 23.859521000293967, 45.839905999662221 ], [ 22.408012823033403, 45.444130286983238 ], [ 20.939317999825903, 46.553952000284653 ], [ 21.537703999739847, 47.516809999581881 ] ] ] } },
{ "type": "Feature", "properties": { "ZONE_ID": "ROAS404", "areakm2": 90347.592577300005, "tctCluster": "Shallow Default", "CSZ_ID": "SZ11", "TECTO_ID": "TSZ090", "magScaleRe": "WC1994", "SS": 30.0, "NF": 30.0, "TF": 40.0, "MINDEPTH": 0.0, "MAXDEPTH": 25.0, "HYPODEPTH1": 2.0, "HYPODEPTH2": 10.0, "HYPODEPTH3": 18.0, "WHDEPTH1": 0.1, "WHDEPTH2": 0.4, "WHDEPTH3": 0.5, "WMAXMAG01": 0.5, "WMAXMAG02": 0.4, "WMAXMAG03": 0.1, "MAXMAG01": 6.3, "MAXMAG02": 6.6, "MAXMAG03": 6.9, "STRIKE1": 0.0, "STRIKE2": 0.0, "STRIKE3": 0.0, "STRIKE4": 0.0, "DIP1": 89.99, "DIP2": 0.0, "DIP3": 0.0, "DIP4": 0.0, "aspRatio": 1.0, "mfd_bin": 0.2, "a_val": 2.7, "a_hi": 2.7617658013500002, "a_mid": 2.7000632756399998, "a_lo": 2.6383607499299999, "sigma_a": 0.21815560375000001, "b_val": 0.879, "b_hi": 0.93418995676799998, "b_mid": 0.879, "b_lo": 0.82381004323200002, "sigma_b": 0.03, "cum_cov_ab": 0.054321, "MCORNERP1": 6.0, "MCORNERP2": 6.2, "MCORNERP3": 6.4, "MAXMAGP1": 6.2, "MAXMAGP2": 6.4, "utsu_bval2": 0.0, "utsu_aval": 0.0, "utsu_Minfl": 0.0, "Shape_Leng": 4.0930081367, "Shape_Area": 0.76771078232199996 }, "geometry": { "type": "Polygon", "coordinates": [ [ [ 23.391264644947455, 47.484844046215812 ], [ 22.059932000361584, 47.174098000022752 ], [ 21.537703999739847, 47.516809999581881 ], [ 22.462483000290263, 47.995518999702142 ], [ 23.391264644947455, 47.484844046215812 ] ] ] } },
{ "type": "Feature", "properties": { "ZONE_ID": "ROAS405", "areakm2": 34026.002768500002, "tctCluster": "Shallow Default", "CSZ_ID": "SZ11", "TECTO_ID": "TSZ090", "magScaleRe": "WC1994", "SS": 30.0, "NF": 30.0, "TF": 40.0, "MINDEPTH": 5.0, "MAXDEPTH": 26.0, "HYPODEPTH1": 6.0, "HYPODEPTH2": 10.0, "HYPODEPTH3": 18.0, "WHDEPTH1": 0.1, "WHDEPTH2": 0.4, "WHDEPTH3": 0.5, "WMAXMAG01": 0.5, "WMAXMAG02": 0.4, "WMAXMAG03": 0.1, "MAXMAG01": 6.3, "MAXMAG02": 6.6, "MAXMAG03": 6.9, "STRIKE1": 0.0, "STRIKE2": 0.0, "STRIKE3": 0.0, "STRIKE4": 0.0, "DIP1": 89.99, "DIP2": 0.0, "DIP3": 0.0, "DIP4": 0.0, "aspRatio": 1.0, "mfd_bin": 0.2, "a_val": 2.53, "a_hi": 2.58069385175, "a_mid": 2.53027724299, "a_lo": 2.47986063423, "sigma_a": 0.086977487627600006, "b_val": 0.74, "b_hi": 0.77633047722600002, "b_mid": 0.74, "b_lo": 0.70366952277399997, "sigma_b": 0.013, "cum_cov_ab": 0.054321, "MCORNERP1": 6.0, "MCORNERP2": 6.2, "MCORNERP3": 6.4, "MAXMAGP1": 6.4, "MAXMAGP2": 6.6, "utsu_bval2": 0.0, "utsu_aval": 0.0, "utsu_Minfl": 0.0, "Shape_Leng": 7.35376404317, "Shape_Area": 2.74579753603 }, "geometry": { "type": "Polygon", "coordinates": [ [ [ 19.815300999741396, 45.998717000089528 ], [ 20.939317999825903, 46.553952000284653 ], [ 22.408012823033403, 45.444130286983238 ], [ 22.379999999800191, 44.70999999960037 ], [ 22.339999999700296, 44.259999999600382 ], [ 21.455074215502691, 44.808856155287401 ], [ 20.580558000351459, 45.351255999764646 ], [ 19.815300999741396, 45.998717000089528 ] ] ] } },
{ "type": "Feature", "properties": { "ZONE_ID": "RUAS408", "areakm2": 187312.41850299999, "tctCluster": "Craton", "CSZ_ID": "SZ15", "TECTO_ID": "TSZ096", "magScaleRe": "WC1994", "SS": 20.0, "NF": 25.0, "TF": 55.0, "MINDEPTH": 0.0, "MAXDEPTH": 34.0, "HYPODEPTH1": 8.0, "HYPODEPTH2": 10.0, "HYPODEPTH3": 15.0, "WHDEPTH1": 0.1, "WHDEPTH2": 0.4, "WHDEPTH3": 0.5, "WMAXMAG01": 0.5, "WMAXMAG02": 0.4, "WMAXMAG03": 0.1, "MAXMAG01": 6.3, "MAXMAG02": 6.6, "MAXMAG03": 6.9, "STRIKE1": 0.0, "STRIKE2": 0.0, "STRIKE3": 0.0, "STRIKE4": 0.0, "DIP1": 89.99, "DIP2": 0.0, "DIP3": 0.0, "DIP4": 0.0, "aspRatio": 1.0, "mfd_bin": 0.2, "a_val": 1.05, "a_hi": 1.0556510243299999, "a_mid": 1.0497599829599999, "a_lo": 1.04386894159, "sigma_a": 0.01, "b_val": 0.91, "b_hi": 0.94186393639599997, "b_mid": 0.91, "b_lo": 0.87813606360399998, "sigma_b": 0.01, "cum_cov_ab": 0.054321, "MCORNERP1": 6.0, "MCORNERP2": 6.2, "MCORNERP3": 6.4, "MAXMAGP1": 5.0, "MAXMAGP2": 5.0, "utsu_bval2": 0.0, "utsu_aval": 0.0, "utsu_Minfl": 0.0, "Shape_Leng": 19.4560144708, "Shape_Area": 15.115556786799999 }, "geometry": { "type": "Polygon", "coordinates": [ [ [ 29.998630000174444, 72.000027000445755 ], [ 33.949999999700253, 70.979999999800214 ], [ 29.875400000209879, 68.424500000374792 ], [ 28.32619999973025, 68.722999999850174 ], [ 28.35999999990014, 69.046600000289857 ], [ 27.289099999565394, 69.963299999695266 ], [ 25.173600000339775, 70.331299999895123 ], [ 29.998630000174444, 72.000027000445755 ] ] ] } },
{ "type": "Feature", "properties": { "ZONE_ID": "SBAS001", "areakm2": 12225.7631301, "tctCluster": "Shallow Default", "CSZ_ID": "SZ18", "TECTO_ID": "TSZ105", "magScaleRe": "WC1994", "SS": 20.0, "NF": 60.0, "TF": 20.0, "MINDEPTH": 5.0, "MAXDEPTH": 26.0, "HYPODEPTH1": 6.0, "HYPODEPTH2": 10.0, "HYPODEPTH3": 18.0, "WHDEPTH1": 0.1, "WHDEPTH2": 0.4, "WHDEPTH3": 0.5, "WMAXMAG01": 0.5, "WMAXMAG02": 0.4, "WMAXMAG03": 0.1, "MAXMAG01": 6.3, "MAXMAG02": 6.6, "MAXMAG03": 6.9, "STRIKE1": 80.4448, "STRIKE2": 117.13175, "STRIKE3": 0.0, "STRIKE4": 286.558, "DIP1": 62.269657, "DIP2": 67.172103, "DIP3": 0.0, "DIP4": 75.593, "aspRatio": 1.0, "mfd_bin": 0.2, "a_val": 2.55, "a_hi": 2.6132315252799998, "a_mid": 2.55011912858, "a_lo": 2.4870067318800002, "sigma_a": 0.163334048506, "b_val": 0.85, "b_hi": 0.93721243186400005, "b_mid": 0.85, "b_lo": 0.76278756813600002, "sigma_b": 0.074913129540600004, "cum_cov_ab": 0.054321, "MCORNERP1": 6.0, "MCORNERP2": 6.2, "MCORNERP3": 6.4, "MAXMAGP1": 6.2, "MAXMAGP2": 6.4, "utsu_bval2": 0.0, "utsu_aval": 0.0, "utsu_Minfl": 0.0, "Shape_Leng": 4.3626535674099998, "Shape_Area": 0.98658283476700004 }, "geometry": { "type": "Polygon", "coordinates": [ [ [ 19.154987335697058, 45.99611663737295 ], [ 19.815300999741396, 45.998717000089528 ], [ 20.580558000351459, 45.351255999764646 ], [ 19.908699798556881, 45.159039214288384 ], [ 18.685268000118185, 45.408116000353175 ], [ 19.154987335697058, 45.99611663737295 ] ] ] } },
{ "type": "Feature", "properties": { "ZONE_ID": "SBAS010", "areakm2": 12708.421714, "tctCluster": "Shallow Default", "CSZ_ID": "SZ18", "TECTO_ID": "TSZ060", "magScaleRe": "WC1994", "SS": 20.0, "NF": 60.0, "TF": 20.0, "MINDEPTH": 0.0, "MAXDEPTH": 14.0, "HYPODEPTH1": 2.0, "HYPODEPTH2": 8.0, "HYPODEPTH3": 10.0, "WHDEPTH1": 0.1, "WHDEPTH2": 0.4, "WHDEPTH3": 0.5, "WMAXMAG01": 0.5, "WMAXMAG02": 0.4, "WMAXMAG03": 0.1, "MAXMAG01": 6.9, "MAXMAG02": 7.2, "MAXMAG03": 7.5, "STRIKE1": 36.382905, "STRIKE2": 0.0, "STRIKE3": 221.541063, "STRIKE4": 335.178646, "DIP1": 46.907622, "DIP2": 0.0, "DIP3": 47.469919, "DIP4": 41.402949, "aspRatio": 1.0, "mfd_bin": 0.2, "a_val": 2.71, "a_hi": 2.7160904856500001, "a_mid": 2.7102725083200001, "a_lo": 2.7044545309800001, "sigma_a": 0.01, "b_val": 0.85, "b_hi": 0.88186393639600003, "b_mid": 0.85, "b_lo": 0.81813606360400004, "sigma_b": 0.01, "cum_cov_ab": 0.054321, "MCORNERP1": 6.0, "MCORNERP2": 6.2, "MCORNERP3": 6.4, "MAXMAGP1": 6.4, "MAXMAGP2": 6.4, "utsu_bval2": 0.0, "utsu_aval": 0.0, "utsu_Minfl": 0.0, "Shape_Leng": 4.3340498633499998, "Shape_Area": 1.0255319521099999 }, "geometry": { "type": "Polygon", "coordinates": [ [ [ 20.145708975988498, 42.829106041810462 ], [ 20.303435510040799, 43.421932086596598 ], [ 20.913633323519093, 43.059437224248541 ], [ 21.738718000235565, 42.773206000056916 ], [ 21.443869740196419, 42.486784226610837 ], [ 21.14237418621974, 42.36152571763779 ], [ 20.879800999916256, 42.351867999808405 ], [ 20.496699000258729, 42.230555000113213 ], [ 20.259999999900117, 42.399999999900103 ], [ 20.235078999995892, 42.517679000185751 ], [ 20.145708975988498, 42.829106041810462 ] ] ] } },
{ "type": "Feature", "properties": { "ZONE_ID": "SEAS409", "areakm2": 95418.512598999994, "tctCluster": "Shallow Default", "CSZ_ID": "SZ49", "TECTO_ID": "TSZ007", "magScaleRe": "WC1994", "SS": 50.0, "NF": 40.0, "TF": 10.0, "MINDEPTH": 0.0, "MAXDEPTH": 20.0, "HYPODEPTH1": 8.0, "HYPODEPTH2": 10.0, "HYPODEPTH3": 15.0, "WHDEPTH1": 0.1, "WHDEPTH2": 0.4, "WHDEPTH3": 0.5, "WMAXMAG01": 0.5, "WMAXMAG02": 0.4, "WMAXMAG03": 0.1, "MAXMAG01": 6.3, "MAXMAG02": 6.6, "MAXMAG03": 6.9, "STRIKE1": 0.0, "STRIKE2": 0.0, "STRIKE3": 0.0, "STRIKE4": 0.0, "DIP1": 89.99, "DIP2": 0.0, "DIP3": 0.0, "DIP4": 0.0, "aspRatio": 1.0, "mfd_bin": 0.2, "a_val": 1.65, "a_hi": 1.7084703039, "a_mid": 1.6500487396600001, "a_lo": 1.59162717541, "sigma_a": 0.061423452801700001, "b_val": 0.84, "b_hi": 0.93446104411999997, "b_mid": 0.84, "b_lo": 0.74553895587999996, "sigma_b": 0.087883355486, "cum_cov_ab": 0.054321, "MCORNERP1": 6.0, "MCORNERP2": 6.2, "MCORNERP3": 6.4, "MAXMAGP1": 6.0, "MAXMAGP2": 6.2, "utsu_bval2": 0.0, "utsu_aval": 0.0, "utsu_Minfl": 0.0, "Shape_Leng": 13.444760326300001, "Shape_Area": 7.6999910483200003 }, "geometry": { "type": "Polygon", "coordinates": [ [ [ 10.420017000384291, 58.039916000023425 ], [ 11.21, 57.929999999800202 ], [ 13.649999999800173, 56.600000000299815 ], [ 14.739999999600343, 55.999999999700265 ], [ 14.791701999747545, 55.616041000092139 ], [ 14.918, 54.790999999850158 ], [ 13.731749999762712, 55.031999999800178 ], [ 10.893603735524039, 55.277429489079736 ], [ 11.470000000199889, 56.049999999600345 ], [ 10.689999999600332, 56.709999999900106 ], [ 10.420017000384291, 58.039916000023425 ] ] ] } },
{ "type": "Feature", "properties": { "ZONE_ID": "SEAS410", "areakm2": 274768.663841, "tctCluster": "Shallow Default", "CSZ_ID": "SZ15", "TECTO_ID": "TSZ007", "magScaleRe": "WC1994", "SS": 20.0, "NF": 25.0, "TF": 55.0, "MINDEPTH": 0.0, "MAXDEPTH": 40.0, "HYPODEPTH1": 8.0, "HYPODEPTH2": 10.0, "HYPODEPTH3": 15.0, "WHDEPTH1": 0.1, "WHDEPTH2": 0.4, "WHDEPTH3": 0.5, "WMAXMAG01": 0.5, "WMAXMAG02": 0.4, "WMAXMAG03": 0.1, "MAXMAG01": 6.3, "MAXMAG02": 6.6, "MAXMAG03": 6.9, "STRIKE1": 0.0, "STRIKE2": 0.0, "STRIKE3": 0.0, "STRIKE4": 0.0, "DIP1": 89.99, "DIP2": 0.0, "DIP3": 0.0, "DIP4": 0.0, "aspRatio": 1.0, "mfd_bin": 0.2, "a_val": 1.91, "a_hi": 1.91540494649, "a_mid": 1.90955954195, "a_lo": 1.90371413742, "sigma_a": 0.01, "b_val": 1.04, "b_hi": 1.0718639364, "b_mid": 1.04, "b_lo": 1.0081360636000001, "sigma_b": 0.01, "cum_cov_ab": 0.054321, "MCORNERP1": 6.0, "MCORNERP2": 6.2, "MCORNERP3": 6.4, "MAXMAGP1": 5.2, "MAXMAGP2": 5.2, "utsu_bval2": 0.0, "utsu_aval": 0.0, "utsu_Minfl": 0.0, "Shape_Leng": 28.614113297599999, "Shape_Area": 22.173016477699999 }, "geometry": { "type": "Polygon", "coordinates": [ [ [ 12.25717420752369, 64.936760335321253 ], [ 17.020555770132717, 67.985492625084646 ], [ 19.294400000060023, 69.183400000109998 ], [ 20.316899999635325, 69.229899999585371 ], [ 18.499656000324194, 67.610133999584491 ], [ 15.795400000109964, 66.090800000419733 ], [ 14.958700000005024, 63.602600000089978 ], [ 14.02419999993009, 62.790899999935107 ], [ 14.027733541469786, 61.350804284190417 ], [ 12.399999999600368, 60.999999999600334 ], [ 9.826441831125635, 61.632209157226896 ], [ 9.999999999900126, 62.500000000199918 ], [ 10.754192758289207, 63.201956554851165 ], [ 12.25717420752369, 64.936760335321253 ] ] ] } },
{ "type": "Feature", "properties": { "ZONE_ID": "SEAS411", "areakm2": 276516.31585900002, "tctCluster": "Craton", "CSZ_ID": "SZ15", "TECTO_ID": "TSZ096", "magScaleRe": "WC1994", "SS": 20.0, "NF": 25.0, "TF": 55.0, "MINDEPTH": 0.0, "MAXDEPTH": 40.0, "HYPODEPTH1": 8.0, "HYPODEPTH2": 10.0, "HYPODEPTH3": 15.0, "WHDEPTH1": 0.1, "WHDEPTH2": 0.4, "WHDEPTH3": 0.5, "WMAXMAG01": 0.5, "WMAXMAG02": 0.4, "WMAXMAG03": 0.1, "MAXMAG01": 6.3, "MAXMAG02": 6.6, "MAXMAG03": 6.9, "STRIKE1": 0.0, "STRIKE2": 0.0, "STRIKE3": 0.0, "STRIKE4": 0.0, "DIP1": 89.99, "DIP2": 0.0, "DIP3": 0.0, "DIP4": 0.0, "aspRatio": 1.0, "mfd_bin": 0.2, "a_val": 1.68, "a_hi": 1.6858945141199999, "a_mid": 1.68004569761, "a_lo": 1.6741968811000001, "sigma_a": 0.01, "b_val": 0.91, "b_hi": 0.94186393639599997, "b_mid": 0.91, "b_lo": 0.87813606360399998, "sigma_b": 0.01, "cum_cov_ab": 0.054321, "MCORNERP1": 6.0, "MCORNERP2": 6.2, "MCORNERP3": 6.4, "MAXMAGP1": 5.8, "MAXMAGP2": 5.8, "utsu_bval2": 0.0, "utsu_aval": 0.0, "utsu_Minfl": 0.0, "Shape_Leng": 21.342619649500001, "Shape_Area": 22.314046811699999 }, "geometry": { "type": "Polygon", "coordinates": [ [ [ 14.027733541469786, 61.350804284190417 ], [ 14.02419999993009, 62.790899999935107 ], [ 14.958700000005024, 63.602600000089978 ], [ 15.795400000109964, 66.090800000419733 ], [ 18.499656000324194, 67.610133999584491 ], [ 20.499999999600334, 67.000000000199918 ], [ 21.272900000134939, 66.457099999565401 ], [ 21.557800000169948, 65.976699999705261 ], [ 21.190000000199916, 65.441299999595344 ], [ 20.390599999790197, 65.465500000424754 ], [ 19.886300000344818, 65.178900000234876 ], [ 19.703735713932076, 64.442614999282853 ], [ 15.999999999600334, 61.849999999700287 ], [ 14.027733541469786, 61.350804284190417 ] ] ] } },
{ "type": "Feature", "properties": { "ZONE_ID": "SEAS413", "areakm2": 99989.051350599999, "tctCluster": "Craton", "CSZ_ID": "SZ15", "TECTO_ID": "TSZ096", "magScaleRe": "WC1994", "SS": 50.0, "NF": 40.0, "TF": 10.0, "MINDEPTH": 0.0, "MAXDEPTH": 40.0, "HYPODEPTH1": 8.0, "HYPODEPTH2": 10.0, "HYPODEPTH3": 15.0, "WHDEPTH1": 0.1, "WHDEPTH2": 0.4, "WHDEPTH3": 0.5, "WMAXMAG01": 0.5, "WMAXMAG02": 0.4, "WMAXMAG03": 0.1, "MAXMAG01": 6.3, "MAXMAG02": 6.6, "MAXMAG03": 6.9, "STRIKE1": 0.0, "STRIKE2": 0.0, "STRIKE3": 0.0, "STRIKE4": 0.0, "DIP1": 89.99, "DIP2": 0.0, "DIP3": 0.0, "DIP4": 0.0, "aspRatio": 1.0, "mfd_bin": 0.2, "a_val": 1.67, "a_hi": 1.6754846940400001, "a_mid": 1.66966300603, "a_lo": 1.66384131802, "sigma_a": 0.01, "b_val": 0.91, "b_hi": 0.94186393639599997, "b_mid": 0.91, "b_lo": 0.87813606360399998, "sigma_b": 0.01, "cum_cov_ab": 0.054321, "MCORNERP1": 6.0, "MCORNERP2": 6.2, "MCORNERP3": 6.4, "MAXMAGP1": 5.8, "MAXMAGP2": 5.8, "utsu_bval2": 0.0, "utsu_aval": 0.0, "utsu_Minfl": 0.0, "Shape_Leng": 12.296441569900001, "Shape_Area": 8.0688199744400002 }, "geometry": { "type": "Polygon", "coordinates": [ [ [ 15.999999999600334, 61.849999999700287 ], [ 17.602134000383842, 60.50100200004232 ], [ 15.198065000099746, 58.80160599981707 ], [ 12.399999999600368, 60.999999999600334 ], [ 14.027733541469786, 61.350804284190417 ], [ 15.999999999600334, 61.849999999700287 ] ] ] } },
{ "type": "Feature", "properties": { "ZONE_ID": "SEAS414", "areakm2": 406501.90043600003, "tctCluster": "Craton", "CSZ_ID": "SZ15", "TECTO_ID": "TSZ026", "magScaleRe": "WC1994", "SS": 50.0, "NF": 40.0, "TF": 10.0, "MINDEPTH": 0.0, "MAXDEPTH": 34.0, "HYPODEPTH1": 8.0, "HYPODEPTH2": 10.0, "HYPODEPTH3": 15.0, "WHDEPTH1": 0.1, "WHDEPTH2": 0.4, "WHDEPTH3": 0.5, "WMAXMAG01": 0.5, "WMAXMAG02": 0.4, "WMAXMAG03": 0.1, "MAXMAG01": 6.3, "MAXMAG02": 6.6, "MAXMAG03": 6.9, "STRIKE1": 0.0, "STRIKE2": 0.0, "STRIKE3": 0.0, "STRIKE4": 0.0, "DIP1": 89.99, "DIP2": 0.0, "DIP3": 0.0, "DIP4": 0.0, "aspRatio": 1.0, "mfd_bin": 0.2, "a_val": 2.51, "a_hi": 2.5128475396000001, "a_mid": 2.51006137681, "a_lo": 2.5072752140299999, "sigma_a": 0.01, "b_val": 1.0, "b_hi": 1.0318639364, "b_mid": 1.0, "b_lo": 0.96813606360399995, "sigma_b": 0.01, "cum_cov_ab": 0.113632337461, "MCORNERP1": 6.0, "MCORNERP2": 6.2, "MCORNERP3": 6.4, "MAXMAGP1": 6.0, "MAXMAGP2": 6.0, "utsu_bval2": 0.0, "utsu_aval": 0.0, "utsu_Minfl": 0.0, "Shape_Leng": 23.714476230700001, "Shape_Area": 32.803498074300002 }, "geometry": { "type": "Polygon", "coordinates": [ [ [ 15.198065000099746, 58.80160599981707 ], [ 17.602134000383842, 60.50100200004232 ], [ 19.264593999713384, 59.805796000385158 ], [ 19.999999999700265, 59.499999999900126 ], [ 22.323135999926478, 59.5923579998219 ], [ 19.656411000167566, 54.633632000316595 ], [ 17.642199999930085, 54.755736999662872 ], [ 15.788468999744566, 54.288083000330232 ], [ 14.97300000024984, 54.512999999650333 ], [ 14.918, 54.790999999850158 ], [ 14.791701999747545, 55.616041000092139 ], [ 14.739999999600343, 55.999999999700265 ], [ 13.649999999800173, 56.600000000299815 ], [ 15.198065000099746, 58.80160599981707 ] ] ] } },
{ "type": "Feature", "properties": { "ZONE_ID": "SEAS415", "areakm2": 115475.082247, "tctCluster": "Craton", "CSZ_ID": "SZ15", "TECTO_ID": "TSZ096", "magScaleRe": "WC1994", "SS": 50.0, "NF": 40.0, "TF": 10.0, "MINDEPTH": 0.0, "MAXDEPTH": 40.0, "HYPODEPTH1": 8.0, "HYPODEPTH2": 10.0, "HYPODEPTH3": 15.0, "WHDEPTH1": 0.1, "WHDEPTH2": 0.4, "WHDEPTH3": 0.5, "WMAXMAG01": 0.5, "WMAXMAG02": 0.4, "WMAXMAG03": 0.1, "MAXMAG01": 6.3, "MAXMAG02": 6.6, "MAXMAG03": 6.9, "STRIKE1": 0.0, "STRIKE2": 0.0, "STRIKE3": 0.0, "STRIKE4": 0.0, "DIP1": 89.99, "DIP2": 0.0, "DIP3": 0.0, "DIP4": 0.0, "aspRatio": 1.0, "mfd_bin": 0.2, "a_val": 1.69, "a_hi": 1.69583587516, "a_mid": 1.68997089663, "a_lo": 1.6841059181, "sigma_a": 0.01, "b_val": 0.91, "b_hi": 0.94186393639599997, "b_mid": 0.91, "b_lo": 0.87813606360399998, "sigma_b": 0.01, "cum_cov_ab": 0.054321, "MCORNERP1": 6.0, "MCORNERP2": 6.2, "MCORNERP3": 6.4, "MAXMAGP1": 5.8, "MAXMAGP2": 5.8, "utsu_bval2": 0.0, "utsu_aval": 0.0, "utsu_Minfl": 0.0, "Shape_Leng": 12.321279951399999, "Shape_Area": 9.3184967489199995 }, "geometry": { "type": "Polygon", "coordinates": [ [ [ 11.21, 57.929999999800202 ], [ 12.399999999600368, 60.999999999600334 ], [ 15.198065000099746, 58.80160599981707 ], [ 13.649999999800173, 56.600000000299815 ], [ 11.21, 57.929999999800202 ] ] ] } },
{ "type": "Feature", "properties": { "ZONE_ID": "SEAS416", "areakm2": 204081.503421, "tctCluster": "Craton", "CSZ_ID": "SZ15", "TECTO_ID": "TSZ096", "magScaleRe": "WC1994", "SS": 50.0, "NF": 40.0, "TF": 10.0, "MINDEPTH": 0.0, "MAXDEPTH": 40.0, "HYPODEPTH1": 8.0, "HYPODEPTH2": 10.0, "HYPODEPTH3": 15.0, "WHDEPTH1": 0.1, "WHDEPTH2": 0.4, "WHDEPTH3": 0.5, "WMAXMAG01": 0.5, "WMAXMAG02": 0.4, "WMAXMAG03": 0.1, "MAXMAG01": 6.3, "MAXMAG02": 6.6, "MAXMAG03": 6.9, "STRIKE1": 0.0, "STRIKE2": 0.0, "STRIKE3": 0.0, "STRIKE4": 0.0, "DIP1": 89.99, "DIP2": 0.0, "DIP3": 0.0, "DIP4": 0.0, "aspRatio": 1.0, "mfd_bin": 0.2, "a_val": 2.305, "a_hi": 2.3104104643099999, "a_mid": 2.3054645119499999, "a_lo": 2.30051855959, "sigma_a": 0.01, "b_val": 0.91, "b_hi": 0.94186393639599997, "b_mid": 0.91, "b_lo": 0.87813606360399998, "sigma_b": 0.01, "cum_cov_ab": 0.0654150343035, "MCORNERP1": 6.0, "MCORNERP2": 6.2, "MCORNERP3": 6.4, "MAXMAGP1": 6.2, "MAXMAGP2": 6.2, "utsu_bval2": 0.0, "utsu_aval": 0.0, "utsu_Minfl": 0.0, "Shape_Leng": 23.1867465487, "Shape_Area": 16.4687722169 }, "geometry": { "type": "Polygon", "coordinates": [ [ [ 17.602134000383842, 60.50100200004232 ], [ 15.999999999600334, 61.849999999700287 ], [ 19.703735713932076, 64.442614999282853 ], [ 19.886300000344818, 65.178900000234876 ], [ 20.390599999790197, 65.465500000424754 ], [ 21.190000000199916, 65.441299999595344 ], [ 21.557800000169948, 65.976699999705261 ], [ 24.565500000324789, 66.047600000239868 ], [ 24.648500000374781, 65.863000000349814 ], [ 25.592100000114954, 65.399999999800229 ], [ 23.552199999630318, 64.723799999770222 ], [ 22.853100000264874, 64.425400000409752 ], [ 22.216399999760256, 63.973000000349771 ], [ 21.640000000199905, 63.840000000399755 ], [ 17.602134000383842, 60.50100200004232 ] ] ] } },
{ "type": "Feature", "properties": { "ZONE_ID": "SIAS420", "areakm2": 15759.70722, "tctCluster": "Shallow Default", "CSZ_ID": "SZ13", "TECTO_ID": "TSZ070", "magScaleRe": "WC1994", "SS": 30.0, "NF": 5.0, "TF": 65.0, "MINDEPTH": 0.0, "MAXDEPTH": 11.0, "HYPODEPTH1": 2.0, "HYPODEPTH2": 5.0, "HYPODEPTH3": 9.0, "WHDEPTH1": 0.1, "WHDEPTH2": 0.4, "WHDEPTH3": 0.5, "WMAXMAG01": 0.5, "WMAXMAG02": 0.4, "WMAXMAG03": 0.1, "MAXMAG01": 6.9, "MAXMAG02": 7.2, "MAXMAG03": 7.5, "STRIKE1": 0.0, "STRIKE2": 0.0, "STRIKE3": 256.3835, "STRIKE4": 317.56436, "DIP1": 46.598, "DIP2": 0.0, "DIP3": 46.598, "DIP4": 58.685871, "aspRatio": 1.0, "mfd_bin": 0.2, "a_val": 2.9963126528, "a_hi": 3.0355893408100001, "a_mid": 2.99647514237, "a_lo": 2.9573609439299999, "sigma_a": 0.098112514513199994, "b_val": 0.88649320995600001, "b_hi": 0.93474607922999997, "b_mid": 0.88649320995600001, "b_lo": 0.83824034068099995, "sigma_b": 0.022932290414200002, "cum_cov_ab": 0.054321, "MCORNERP1": 6.4, "MCORNERP2": 6.6, "MCORNERP3": 6.8, "MAXMAGP1": 6.6, "MAXMAGP2": 6.8, "utsu_bval2": 0.0, "utsu_aval": 0.0, "utsu_Minfl": 0.0, "Shape_Leng": 5.1574855362700003, "Shape_Area": 1.3069294444099999 }, "geometry": { "type": "Polygon", "coordinates": [ [ [ 15.117906570831622, 45.032604217610583 ], [ 14.472861289816706, 44.740501404316433 ], [ 14.040059000122824, 44.921091999895907 ], [ 13.532186999630369, 45.364419999783195 ], [ 13.42709899991894, 45.659987999846351 ], [ 13.406897386705054, 46.435659919569673 ], [ 14.894103999699894, 45.276801999912436 ], [ 15.117906570831622, 45.032604217610583 ] ] ] } },
{ "type": "Feature", "properties": { "ZONE_ID": "SIAS421", "areakm2": 3702.61848547, "tctCluster": "Shallow Default", "CSZ_ID": "SZ13", "TECTO_ID": "TSZ055", "magScaleRe": "WC1994", "SS": 20.0, "NF": 60.0, "TF": 20.0, "MINDEPTH": 0.0, "MAXDEPTH": 15.0, "HYPODEPTH1": 2.0, "HYPODEPTH2": 8.0, "HYPODEPTH3": 12.0, "WHDEPTH1": 0.1, "WHDEPTH2": 0.4, "WHDEPTH3": 0.5, "WMAXMAG01": 0.5, "WMAXMAG02": 0.4, "WMAXMAG03": 0.1, "MAXMAG01": 6.9, "MAXMAG02": 7.2, "MAXMAG03": 7.5, "STRIKE1": 0.0, "STRIKE2": 0.0, "STRIKE3": 0.0, "STRIKE4": 312.81875, "DIP1": 89.99, "DIP2": 0.0, "DIP3": 0.0, "DIP4": 75.300875, "aspRatio": 1.0, "mfd_bin": 0.2, "a_val": 3.3606, "a_hi": 3.3963879890299999, "a_mid": 3.3608001246099999, "a_lo": 3.3252122601799998, "sigma_a": 0.091941642495100007, "b_val": 0.9747, "b_hi": 1.0213993880500001, "b_mid": 0.9747, "b_lo": 0.92800061195399997, "sigma_b": 0.021479468270599999, "cum_cov_ab": 0.054321, "MCORNERP1": 6.0, "MCORNERP2": 6.2, "MCORNERP3": 6.4, "MAXMAGP1": 6.2, "MAXMAGP2": 6.4, "utsu_bval2": 0.0, "utsu_aval": 0.0, "utsu_Minfl": 0.0, "Shape_Leng": 3.1663413845599999, "Shape_Area": 0.29879033347299999 }, "geometry": { "type": "Polygon", "coordinates": [ [ [ 14.934800000419727, 45.956199999930107 ], [ 14.617416999794727, 46.225184999887915 ], [ 16.056195152983946, 46.195564212218699 ], [ 15.024189000122306, 45.779120999734403 ], [ 14.934800000419727, 45.956199999930107 ] ] ] } },
{ "type": "Feature", "properties": { "ZONE_ID": "SIAS422", "areakm2": 4673.5767770100001, "tctCluster": "Shallow Default", "CSZ_ID": "SZ13", "TECTO_ID": "TSZ055", "magScaleRe": "WC1994", "SS": 20.0, "NF": 60.0, "TF": 20.0, "MINDEPTH": 5.0, "MAXDEPTH": 17.0, "HYPODEPTH1": 6.0, "HYPODEPTH2": 10.0, "HYPODEPTH3": 15.0, "WHDEPTH1": 0.1, "WHDEPTH2": 0.4, "WHDEPTH3": 0.5, "WMAXMAG01": 0.5, "WMAXMAG02": 0.4, "WMAXMAG03": 0.1, "MAXMAG01": 6.9, "MAXMAG02": 7.2, "MAXMAG03": 7.5, "STRIKE1": 88.7475, "STRIKE2": 100.671117, "STRIKE3": 0.0, "STRIKE4": 297.506379, "DIP1": 75.882, "DIP2": 75.790633, "DIP3": 0.0, "DIP4": 73.429484, "aspRatio": 1.0, "mfd_bin": 0.2, "a_val": 3.67, "a_hi": 3.72776154029, "a_mid": 3.6697384002, "a_lo": 3.61171526011, "sigma_a": 0.12486787792700001, "b_val": 1.1, "b_hi": 1.1542524516299999, "b_mid": 1.1, "b_lo": 1.0457475483700001, "sigma_b": 0.028989443861000001, "cum_cov_ab": 0.054321, "MCORNERP1": 6.0, "MCORNERP2": 6.2, "MCORNERP3": 6.4, "MAXMAGP1": 6.2, "MAXMAGP2": 6.4, "utsu_bval2": 0.0, "utsu_aval": 0.0, "utsu_Minfl": 0.0, "Shape_Leng": 4.2518150873499998, "Shape_Area": 0.37714378886200001 }, "geometry": { "type": "Polygon", "coordinates": [ [ [ 14.449460000278862, 46.248620999659465 ], [ 14.001301261444098, 46.452117014788428 ], [ 14.155036531410872, 46.546951654095608 ], [ 14.53833999989115, 46.575497000086557 ], [ 14.973948999946458, 46.53577200007777 ], [ 15.139812000023824, 46.427707999824406 ], [ 15.565272999749197, 46.269831000200554 ], [ 16.056195152983946, 46.195564212218699 ], [ 14.617416999794727, 46.225184999887915 ], [ 14.505916000223294, 46.239472000432499 ], [ 14.455682000324089, 46.245907999554561 ], [ 14.449460000278862, 46.248620999659465 ] ] ] } },
{ "type": "Feature", "properties": { "ZONE_ID": "SIAS423", "areakm2": 11920.9596602, "tctCluster": "Shallow Default", "CSZ_ID": "SZ13", "TECTO_ID": "TSZ070", "magScaleRe": "WC1994", "SS": 30.0, "NF": 5.0, "TF": 65.0, "MINDEPTH": 0.0, "MAXDEPTH": 12.0, "HYPODEPTH1": 2.0, "HYPODEPTH2": 8.0, "HYPODEPTH3": 10.0, "WHDEPTH1": 0.1, "WHDEPTH2": 0.4, "WHDEPTH3": 0.5, "WMAXMAG01": 0.5, "WMAXMAG02": 0.4, "WMAXMAG03": 0.1, "MAXMAG01": 6.9, "MAXMAG02": 7.2, "MAXMAG03": 7.5, "STRIKE1": 0.0, "STRIKE2": 0.0, "STRIKE3": 0.0, "STRIKE4": 318.023773, "DIP1": 89.99, "DIP2": 0.0, "DIP3": 0.0, "DIP4": 70.217564, "aspRatio": 1.0, "mfd_bin": 0.2, "a_val": 3.7792, "a_hi": 3.7967842891200001, "a_mid": 3.7793186247500001, "a_lo": 3.7618529603800002, "sigma_a": 0.057221153992300003, "b_val": 0.995, "b_hi": 1.0317843124599999, "b_mid": 0.995, "b_lo": 0.95821568753499997, "sigma_b": 0.013326816968, "cum_cov_ab": 0.054321, "MCORNERP1": 6.1, "MCORNERP2": 6.3, "MCORNERP3": 6.5, "MAXMAGP1": 6.4, "MAXMAGP2": 6.6, "utsu_bval2": 0.0, "utsu_aval": 0.0, "utsu_Minfl": 0.0, "Shape_Leng": 5.4617722211000004, "Shape_Area": 0.96198609856100004 }, "geometry": { "type": "Polygon", "coordinates": [ [ [ 13.406897386705054, 46.435659919569673 ], [ 14.001301261444098, 46.452117014788428 ], [ 14.449460000278862, 46.248620999659465 ], [ 14.455682000324089, 46.245907999554561 ], [ 14.505916000223294, 46.239472000432499 ], [ 14.617416999794727, 46.225184999887915 ], [ 14.934800000419727, 45.956199999930107 ], [ 15.024189000122306, 45.779120999734403 ], [ 15.507260999995196, 45.479045999573259 ], [ 15.748152058770529, 45.335192408303044 ], [ 14.894103999699894, 45.276801999912436 ], [ 13.406897386705054, 46.435659919569673 ] ] ] } },
{ "type": "Feature", "properties": { "ZONE_ID": "SKAS425", "areakm2": 15472.5272671, "tctCluster": "Shallow Default", "CSZ_ID": "SZ12", "TECTO_ID": "TSZ001", "magScaleRe": "WC1994", "SS": 70.0, "NF": 0.0, "TF": 30.0, "MINDEPTH": 4.0, "MAXDEPTH": 15.0, "HYPODEPTH1": 6.0, "HYPODEPTH2": 8.0, "HYPODEPTH3": 10.0, "WHDEPTH1": 0.3, "WHDEPTH2": 0.6, "WHDEPTH3": 0.1, "WMAXMAG01": 0.5, "WMAXMAG02": 0.4, "WMAXMAG03": 0.1, "MAXMAG01": 6.3, "MAXMAG02": 6.6, "MAXMAG03": 6.9, "STRIKE1": 46.045455, "STRIKE2": 0.0, "STRIKE3": 240.189857, "STRIKE4": 345.617818, "DIP1": 65.66426, "DIP2": 0.0, "DIP3": 68.289673, "DIP4": 51.127727, "aspRatio": 1.0, "mfd_bin": 0.2, "a_val": 3.2, "a_hi": 3.3125376481700002, "a_mid": 3.1998755478200001, "a_lo": 3.0872134474699999, "sigma_a": 0.20553268243700001, "b_val": 1.0, "b_hi": 1.0669339716499999, "b_mid": 1.0, "b_lo": 0.93306602834800001, "sigma_b": 0.044125977363800001, "cum_cov_ab": 0.054321, "MCORNERP1": 6.0, "MCORNERP2": 6.2, "MCORNERP3": 6.4, "MAXMAGP1": 6.2, "MAXMAGP2": 6.4, "utsu_bval2": 0.0, "utsu_aval": 0.0, "utsu_Minfl": 0.0, "Shape_Leng": 6.6216228826299997, "Shape_Area": 1.24858707411 }, "geometry": { "type": "Polygon", "coordinates": [ [ [ 16.509797124837519, 47.766200077071971 ], [ 16.644669006969139, 48.123411098643317 ], [ 16.97, 48.65 ], [ 19.116499999775215, 49.493000000149948 ], [ 19.083256000064409, 49.062251000283482 ], [ 18.548621000159073, 48.816230999960737 ], [ 17.987267000171983, 48.55791500007723 ], [ 16.509797124837519, 47.766200077071971 ] ] ] } },
{ "type": "Feature", "properties": { "ZONE_ID": "SKAS426", "areakm2": 7266.7304404400002, "tctCluster": "Shallow Default", "CSZ_ID": "SZ12", "TECTO_ID": "TSZ088", "magScaleRe": "WC1994", "SS": 70.0, "NF": 0.0, "TF": 30.0, "MINDEPTH": 4.0, "MAXDEPTH": 15.0, "HYPODEPTH1": 6.0, "HYPODEPTH2": 8.0, "HYPODEPTH3": 10.0, "WHDEPTH1": 0.3, "WHDEPTH2": 0.6, "WHDEPTH3": 0.1, "WMAXMAG01": 0.5, "WMAXMAG02": 0.4, "WMAXMAG03": 0.1, "MAXMAG01": 6.9, "MAXMAG02": 7.2, "MAXMAG03": 7.5, "STRIKE1": 46.045455, "STRIKE2": 0.0, "STRIKE3": 240.189857, "STRIKE4": 345.617818, "DIP1": 65.66426, "DIP2": 0.0, "DIP3": 68.289673, "DIP4": 51.127727, "aspRatio": 1.0, "mfd_bin": 0.2, "a_val": 3.68, "a_hi": 3.7171515569800002, "a_mid": 3.6799643301199998, "a_lo": 3.6427771032699998, "sigma_a": 0.081124002272400006, "b_val": 1.0598, "b_hi": 1.1023985217800001, "b_mid": 1.0598, "b_lo": 1.0172014782200001, "sigma_b": 0.0178727016043, "cum_cov_ab": 0.054321, "MCORNERP1": 6.0, "MCORNERP2": 6.2, "MCORNERP3": 6.4, "MAXMAGP1": 6.2, "MAXMAGP2": 6.4, "utsu_bval2": 0.0, "utsu_aval": 0.0, "utsu_Minfl": 0.0, "Shape_Leng": 4.6490096790599997, "Shape_Area": 0.58640360094300004 }, "geometry": { "type": "Polygon", "coordinates": [ [ [ 16.644669006969139, 48.123411098643317 ], [ 16.509797124837519, 47.766200077071971 ], [ 16.05911195565227, 47.58181368235563 ], [ 15.502274445409398, 47.434260354831565 ], [ 15.129370999671949, 47.260904000219512 ], [ 14.849501999617644, 47.095600999886301 ], [ 14.655673999555461, 47.286246999799232 ], [ 14.831687310321172, 47.446419269833484 ], [ 15.500201603421317, 47.729811198528068 ], [ 16.217158961317068, 47.988981594824793 ], [ 16.324944780577198, 48.028947123011392 ], [ 16.450896748686034, 48.005936667143544 ], [ 16.644669006969139, 48.123411098643317 ] ] ] } },
{ "type": "Feature", "properties": { "ZONE_ID": "SKAS427", "areakm2": 62233.482091999998, "tctCluster": "Shallow Default", "CSZ_ID": "SZ12", "TECTO_ID": "TSZ001", "magScaleRe": "WC1994", "SS": 30.0, "NF": 30.0, "TF": 40.0, "MINDEPTH": 5.0, "MAXDEPTH": 26.0, "HYPODEPTH1": 6.0, "HYPODEPTH2": 10.0, "HYPODEPTH3": 18.0, "WHDEPTH1": 0.1, "WHDEPTH2": 0.4, "WHDEPTH3": 0.5, "WMAXMAG01": 0.5, "WMAXMAG02": 0.4, "WMAXMAG03": 0.1, "MAXMAG01": 6.3, "MAXMAG02": 6.6, "MAXMAG03": 6.9, "STRIKE1": 0.0, "STRIKE2": 0.0, "STRIKE3": 0.0, "STRIKE4": 0.0, "DIP1": 89.99, "DIP2": 0.0, "DIP3": 0.0, "DIP4": 0.0, "aspRatio": 1.0, "mfd_bin": 0.2, "a_val": 3.011, "a_hi": 3.05690786072, "a_mid": 3.01105132551, "a_lo": 2.96519479029, "sigma_a": 0.077411248138999994, "b_val": 0.9, "b_hi": 0.93186393639599996, "b_mid": 0.9, "b_lo": 0.86813606360399997, "sigma_b": 0.01, "cum_cov_ab": 0.054321, "MCORNERP1": 6.0, "MCORNERP2": 6.2, "MCORNERP3": 6.4, "MAXMAGP1": 6.4, "MAXMAGP2": 6.4, "utsu_bval2": 0.0, "utsu_aval": 0.0, "utsu_Minfl": 0.0, "Shape_Leng": 12.1879423016, "Shape_Area": 5.02205748076 }, "geometry": { "type": "Polygon", "coordinates": [ [ [ 20.089210000141463, 48.855277000133526 ], [ 19.083256000064409, 49.062251000283482 ], [ 19.116499999775215, 49.493000000149948 ], [ 19.992139999661333, 49.757003999734877 ], [ 20.721689041616003, 49.498750986568837 ], [ 21.83, 49.410000000099956 ], [ 22.885742187152289, 49.037876128980201 ], [ 24.426278000329489, 48.044478000159643 ], [ 24.437158000241595, 47.72896500033454 ], [ 23.391264644947455, 47.484844046215812 ], [ 22.462483000290263, 47.995518999702142 ], [ 21.459894999854384, 48.379963000092459 ], [ 20.338293999668394, 48.79906399970389 ], [ 20.089210000141463, 48.855277000133526 ] ] ] } },
{ "type": "Feature", "properties": { "ZONE_ID": "TRAS428", "areakm2": 30795.423878400001, "tctCluster": "Shallow Default", "CSZ_ID": "SZ41", "TECTO_ID": "TSZ003", "magScaleRe": "WC1994", "SS": 25.0, "NF": 50.0, "TF": 25.0, "MINDEPTH": 0.0, "MAXDEPTH": 20.0, "HYPODEPTH1": 2.0, "HYPODEPTH2": 10.0, "HYPODEPTH3": 18.0, "WHDEPTH1": 0.1, "WHDEPTH2": 0.4, "WHDEPTH3": 0.5, "WMAXMAG01": 0.5, "WMAXMAG02": 0.4, "WMAXMAG03": 0.1, "MAXMAG01": 7.6, "MAXMAG02": 7.9, "MAXMAG03": 8.2, "STRIKE1": 65.3675, "STRIKE2": 104.610411, "STRIKE3": 253.542529, "STRIKE4": 288.026209, "DIP1": 57.402604, "DIP2": 56.564422, "DIP3": 54.182569, "DIP4": 41.811018, "aspRatio": 1.0, "mfd_bin": 0.2, "a_val": 3.8, "a_hi": 3.87835554776, "a_mid": 3.7999363742800001, "a_lo": 3.7215172008000001, "sigma_a": 0.115221986786, "b_val": 1.0, "b_hi": 1.0489450229599999, "b_mid": 1.0, "b_lo": 0.95105497704399999, "sigma_b": 0.023594904292, "cum_cov_ab": 0.054321, "MCORNERP1": 7.2, "MCORNERP2": 7.4, "MCORNERP3": 7.6, "MAXMAGP1": 7.2, "MAXMAGP2": 7.4, "utsu_bval2": 0.0, "utsu_aval": 0.0, "utsu_Minfl": 0.0, "Shape_Leng": 8.5899103291200003, "Shape_Area": 2.3633313514399998 }, "geometry": { "type": "Polygon", "coordinates": [ [ [ 30.655526745862687, 41.426572753329935 ], [ 31.398611065748128, 41.31716537638107 ], [ 31.886314000390882, 40.87785699980077 ], [ 31.263511000432402, 40.851069000134316 ], [ 29.850674000304934, 40.850858000296512 ], [ 29.011181000003205, 41.014220000152932 ], [ 28.310535000390018, 41.035392999887108 ], [ 28.160325980259813, 41.47928257513081 ], [ 28.268093839159405, 42.001412059518998 ], [ 28.627947427731669, 41.909298146392416 ], [ 29.037052612088416, 41.684779550336032 ], [ 29.67395793141344, 41.60171717690622 ], [ 30.600834491818375, 41.599063710122152 ], [ 30.655526745862687, 41.426572753329935 ] ] ] } },
{ "type": "Feature", "properties": { "ZONE_ID": "TRAS429", "areakm2": 49306.643723300003, "tctCluster": "Shallow Default", "CSZ_ID": "SZ46", "TECTO_ID": "TSZ002", "magScaleRe": "WC1994", "SS": 25.0, "NF": 50.0, "TF": 25.0, "MINDEPTH": 0.0, "MAXDEPTH": 20.0, "HYPODEPTH1": 2.0, "HYPODEPTH2": 10.0, "HYPODEPTH3": 18.0, "WHDEPTH1": 0.1, "WHDEPTH2": 0.4, "WHDEPTH3": 0.5, "WMAXMAG01": 0.5, "WMAXMAG02": 0.4, "WMAXMAG03": 0.1, "MAXMAG01": 7.9, "MAXMAG02": 8.2, "MAXMAG03": 8.5, "STRIKE1": 65.3675, "STRIKE2": 104.610411, "STRIKE3": 253.542529, "STRIKE4": 288.026209, "DIP1": 57.402604, "DIP2": 56.564422, "DIP3": 54.182569, "DIP4": 41.811018, "aspRatio": 1.0, "mfd_bin": 0.2, "a_val": 4.45, "a_hi": 4.4853393225199998, "a_mid": 4.4499740781400003, "a_lo": 4.41460883376, "sigma_a": 0.072593537250499995, "b_val": 0.88, "b_hi": 0.91637435564199998, "b_mid": 0.88, "b_lo": 0.84362564435800003, "sigma_b": 0.0130314206646, "cum_cov_ab": 0.054321, "MCORNERP1": 8.2, "MCORNERP2": 8.4, "MCORNERP3": 8.6, "MAXMAGP1": 8.4, "MAXMAGP2": 8.6, "utsu_bval2": 0.0, "utsu_aval": 0.0, "utsu_Minfl": 0.0, "Shape_Leng": 20.4328019714, "Shape_Area": 4.3360746492600004 }, "geometry": { "type": "Polygon", "coordinates": [ [ [ 40.731786999670362, 39.602987000249925 ], [ 41.509290000233364, 39.427965999631226 ], [ 41.342594999559651, 39.0044010001061 ], [ 40.413175999972452, 39.309588000385986 ], [ 39.311163000172371, 39.623591999870939 ], [ 37.968752000304619, 40.074671000166575 ], [ 36.82407199972306, 40.440405000190651 ], [ 36.258168525557039, 40.345335708875893 ], [ 35.530833000242808, 40.586203000368243 ], [ 34.254106999638395, 40.777487000025076 ], [ 33.34552799971749, 40.758436000121378 ], [ 33.207543000109411, 40.799915000077249 ], [ 32.983471000186569, 40.781995000169161 ], [ 32.782986999850209, 40.686418000190599 ], [ 32.568679999682274, 40.691426000009926 ], [ 31.901701000400919, 40.615614999632555 ], [ 31.886314000390882, 40.87785699980077 ], [ 32.930818000250554, 41.129911999639148 ], [ 33.342501999567673, 41.27345900033265 ], [ 34.006634999805442, 41.310865999566261 ], [ 35.30998999993858, 41.264006999723335 ], [ 36.238820000242868, 41.043177000018602 ], [ 37.181901000330924, 40.709505000055742 ], [ 38.690000000299847, 40.243801999862455 ], [ 39.346063999853754, 39.999266999672329 ], [ 39.954879999612331, 39.764096999676838 ], [ 40.535969999615816, 39.647065999596236 ], [ 40.731786999670362, 39.602987000249925 ] ] ] } },
{ "type": "Feature", "properties": { "ZONE_ID": "TRAS430", "areakm2": 31324.1758983, "tctCluster": "Shallow Default", "CSZ_ID": "SZ41", "TECTO_ID": "TSZ092", "magScaleRe": "WC1994", "SS": 50.0, "NF": 35.0, "TF": 15.0, "MINDEPTH": 0.0, "MAXDEPTH": 20.0, "HYPODEPTH1": 2.0, "HYPODEPTH2": 10.0, "HYPODEPTH3": 18.0, "WHDEPTH1": 0.1, "WHDEPTH2": 0.4, "WHDEPTH3": 0.5, "WMAXMAG01": 0.5, "WMAXMAG02": 0.4, "WMAXMAG03": 0.1, "MAXMAG01": 7.9, "MAXMAG02": 8.2, "MAXMAG03": 8.5, "STRIKE1": 71.869126, "STRIKE2": 113.238061, "STRIKE3": 258.789418, "STRIKE4": 282.887611, "DIP1": 62.746749, "DIP2": 61.219439, "DIP3": 75.938068, "DIP4": 78.398556, "aspRatio": 1.0, "mfd_bin": 0.2, "a_val": 4.2, "a_hi": 4.2238831709699998, "a_mid": 4.2000257790899997, "a_lo": 4.1761683872099997, "sigma_a": 0.0567265077198, "b_val": 0.87039537378999998, "b_hi": 0.90332241818000003, "b_mid": 0.87039537378999998, "b_lo": 0.83746832939899996, "sigma_b": 0.0106784113184, "cum_cov_ab": 0.054321, "MCORNERP1": 7.2, "MCORNERP2": 7.4, "MCORNERP3": 7.6, "MAXMAGP1": 7.6, "MAXMAGP2": 7.8, "utsu_bval2": 0.0, "utsu_aval": 0.0, "utsu_Minfl": 0.0, "Shape_Leng": 15.1385989672, "Shape_Area": 2.7663689840800001 }, "geometry": { "type": "Polygon", "coordinates": [ [ [ 28.976300000344793, 40.576800000219862 ], [ 28.714510000336304, 40.508302999883597 ], [ 28.186330069677012, 40.659500593477674 ], [ 27.066752857058759, 40.513532248214744 ], [ 26.22889455264152, 40.242031125036419 ], [ 25.169463789822089, 39.967988997993928 ], [ 24.655166520018952, 40.337830419438376 ], [ 25.384526762799908, 40.622890130075518 ], [ 26.026078999646188, 40.602774000120064 ], [ 27.202434000428809, 40.90238000023686 ], [ 28.310535000390018, 41.035392999887108 ], [ 29.011181000003205, 41.014220000152932 ], [ 29.850674000304934, 40.850858000296512 ], [ 31.263511000432402, 40.851069000134316 ], [ 31.886314000390882, 40.87785699980077 ], [ 31.901701000400919, 40.615614999632555 ], [ 31.305455000248116, 40.419011000157582 ], [ 30.623214000425833, 40.557442999694729 ], [ 29.911959164483903, 40.565884664145983 ], [ 28.976300000344793, 40.576800000219862 ] ] ] } },
{ "type": "Feature", "properties": { "ZONE_ID": "TRAS433", "areakm2": 45935.924872299998, "tctCluster": "Shallow Default", "CSZ_ID": "SZ43", "TECTO_ID": "TSZ084", "magScaleRe": "WC1994", "SS": 50.0, "NF": 15.0, "TF": 35.0, "MINDEPTH": 0.0, "MAXDEPTH": 20.0, "HYPODEPTH1": 2.0, "HYPODEPTH2": 10.0, "HYPODEPTH3": 18.0, "WHDEPTH1": 0.1, "WHDEPTH2": 0.4, "WHDEPTH3": 0.5, "WMAXMAG01": 0.5, "WMAXMAG02": 0.4, "WMAXMAG03": 0.1, "MAXMAG01": 7.0, "MAXMAG02": 7.3, "MAXMAG03": 7.6, "STRIKE1": 0.0, "STRIKE2": 0.0, "STRIKE3": 0.0, "STRIKE4": 0.0, "DIP1": 89.99, "DIP2": 0.0, "DIP3": 0.0, "DIP4": 0.0, "aspRatio": 1.0, "mfd_bin": 0.2, "a_val": 4.15, "a_hi": 4.2038934129200003, "a_mid": 4.1499467391399998, "a_lo": 4.0960000653500002, "sigma_a": 0.104430265928, "b_val": 0.99263996349799999, "b_hi": 1.03886745851, "b_mid": 0.99263996349799999, "b_lo": 0.94641246848299998, "sigma_b": 0.0210475654099, "cum_cov_ab": 0.054321, "MCORNERP1": 6.2, "MCORNERP2": 6.4, "MCORNERP3": 6.6, "MAXMAGP1": 6.6, "MAXMAGP2": 6.8, "utsu_bval2": 0.0, "utsu_aval": 0.0, "utsu_Minfl": 0.0, "Shape_Leng": 13.096162470099999, "Shape_Area": 3.7101740080900001 }, "geometry": { "type": "Polygon", "coordinates": [ [ [ 39.311163000172371, 39.623591999870939 ], [ 38.606053999792323, 39.229180000256861 ], [ 38.41988999972375, 39.398927999627517 ], [ 38.157211095415789, 39.419636342143519 ], [ 37.774409108693476, 39.332420255590364 ], [ 36.005272758531021, 38.605497893213226 ], [ 35.784271411896214, 38.40248876294612 ], [ 35.144804999651058, 37.788494000098069 ], [ 34.610784000181525, 36.705909999646792 ], [ 34.456861000334925, 37.017677000293361 ], [ 34.66347500007123, 37.678056000084382 ], [ 34.927699999955109, 38.166624999843918 ], [ 34.861038791107376, 38.760275673483591 ], [ 35.890022999761698, 39.547441000002209 ], [ 36.01451999969828, 39.500912000088761 ], [ 37.968752000304619, 40.074671000166575 ], [ 39.311163000172371, 39.623591999870939 ] ] ] } },
{ "type": "Feature", "properties": { "ZONE_ID": "TRAS434", "areakm2": 11914.666242200001, "tctCluster": "Shallow Default", "CSZ_ID": "SZ42", "TECTO_ID": "TSZ087", "magScaleRe": "WC1994", "SS": 50.0, "NF": 15.0, "TF": 35.0, "MINDEPTH": 0.0, "MAXDEPTH": 20.0, "HYPODEPTH1": 2.0, "HYPODEPTH2": 10.0, "HYPODEPTH3": 18.0, "WHDEPTH1": 0.1, "WHDEPTH2": 0.4, "WHDEPTH3": 0.5, "WMAXMAG01": 0.5, "WMAXMAG02": 0.4, "WMAXMAG03": 0.1, "MAXMAG01": 7.7, "MAXMAG02": 8.0, "MAXMAG03": 8.3, "STRIKE1": 0.0, "STRIKE2": 0.0, "STRIKE3": 0.0, "STRIKE4": 0.0, "DIP1": 89.99, "DIP2": 0.0, "DIP3": 0.0, "DIP4": 0.0, "aspRatio": 1.0, "mfd_bin": 0.2, "a_val": 4.8022, "a_hi": 4.8332697718100004, "a_mid": 4.8020598367599998, "a_lo": 4.7708499017000001, "sigma_a": 0.067413576885099996, "b_val": 1.05, "b_hi": 1.08724174445, "b_mid": 1.05, "b_lo": 1.0127582555500001, "sigma_b": 0.013660329603199999, "cum_cov_ab": 0.054321, "MCORNERP1": 7.6, "MCORNERP2": 7.8, "MCORNERP3": 8.0, "MAXMAGP1": 7.8, "MAXMAGP2": 7.8, "utsu_bval2": 0.0, "utsu_aval": 0.0, "utsu_Minfl": 0.0, "Shape_Leng": 8.5204780244799991, "Shape_Area": 2.892146946 }, "geometry": { "type": "Polygon", "coordinates": [ [ [ 35.395263999633926, 37.439358000171637 ], [ 36.780332999868108, 38.357421000378906 ], [ 37.511681999824475, 38.346354999983305 ], [ 36.763653999632425, 37.587735999716642 ], [ 36.594792999797164, 37.440452000259654 ], [ 36.376973000403723, 36.775082999680762 ], [ 35.794713999551504, 36.109799000323676 ], [ 35.172903000373196, 35.587612999840132 ], [ 34.524467000052084, 36.265448999771593 ], [ 34.726665000289586, 36.46932800018709 ], [ 35.281046999819239, 37.018208999645651 ], [ 35.395263999633926, 37.439358000171637 ] ] ] } },
{ "type": "Feature", "properties": { "ZONE_ID": "TRAS435", "areakm2": 28937.369795300001, "tctCluster": "Shallow Default", "CSZ_ID": "SZ43", "TECTO_ID": "TSZ030", "magScaleRe": "WC1994", "SS": 75.0, "NF": 10.0, "TF": 15.0, "MINDEPTH": 0.0, "MAXDEPTH": 20.0, "HYPODEPTH1": 2.0, "HYPODEPTH2": 10.0, "HYPODEPTH3": 18.0, "WHDEPTH1": 0.1, "WHDEPTH2": 0.4, "WHDEPTH3": 0.5, "WMAXMAG01": 0.5, "WMAXMAG02": 0.4, "WMAXMAG03": 0.1, "MAXMAG01": 7.3, "MAXMAG02": 7.6, "MAXMAG03": 7.9, "STRIKE1": 84.103833, "STRIKE2": 96.131174, "STRIKE3": 244.54899, "STRIKE4": 0.0, "DIP1": 86.72575, "DIP2": 86.522087, "DIP3": 85.008563, "DIP4": 0.0, "aspRatio": 1.0, "mfd_bin": 0.2, "a_val": 4.15, "a_hi": 4.19225237687, "a_mid": 4.15013687179, "a_lo": 4.1080213667100001, "sigma_a": 0.088307376271099997, "b_val": 0.99, "b_hi": 1.0333908262, "b_mid": 0.99, "b_lo": 0.946609173804, "sigma_b": 0.018543725336, "cum_cov_ab": 0.054321, "MCORNERP1": 6.0, "MCORNERP2": 6.2, "MCORNERP3": 6.4, "MAXMAGP1": 6.4, "MAXMAGP2": 6.6, "utsu_bval2": 0.0, "utsu_aval": 0.0, "utsu_Minfl": 0.0, "Shape_Leng": 12.457415728000001, "Shape_Area": 3.8969922932499999 }, "geometry": { "type": "Polygon", "coordinates": [ [ [ 32.972664000043608, 39.627206000156832 ], [ 32.710144999692034, 39.384658999912972 ], [ 31.798589000082359, 39.665767000446749 ], [ 31.284540999867318, 39.815840999962234 ], [ 31.007377000448287, 40.004938000388449 ], [ 30.175906999608401, 40.147434000278963 ], [ 29.664970999911759, 40.314596000005452 ], [ 31.305455000248116, 40.419011000157582 ], [ 31.901701000400919, 40.615614999632555 ], [ 32.568679999682274, 40.691426000009926 ], [ 32.782986999850209, 40.686418000190599 ], [ 32.983471000186569, 40.781995000169161 ], [ 33.207543000109411, 40.799915000077249 ], [ 33.34552799971749, 40.758436000121378 ], [ 34.254106999638395, 40.777487000025076 ], [ 35.530833000242808, 40.586203000368243 ], [ 33.634274999991305, 39.844390999944721 ], [ 33.264628000282016, 39.428636999997593 ], [ 32.972664000043608, 39.627206000156832 ] ] ] } },
{ "type": "Feature", "properties": { "ZONE_ID": "TRAS436", "areakm2": 19354.271841500002, "tctCluster": "Shallow Default", "CSZ_ID": "SZ43", "TECTO_ID": "TSZ030", "magScaleRe": "WC1994", "SS": 75.0, "NF": 10.0, "TF": 15.0, "MINDEPTH": 0.0, "MAXDEPTH": 20.0, "HYPODEPTH1": 2.0, "HYPODEPTH2": 10.0, "HYPODEPTH3": 18.0, "WHDEPTH1": 0.1, "WHDEPTH2": 0.4, "WHDEPTH3": 0.5, "WMAXMAG01": 0.5, "WMAXMAG02": 0.4, "WMAXMAG03": 0.1, "MAXMAG01": 7.3, "MAXMAG02": 7.6, "MAXMAG03": 7.9, "STRIKE1": 84.103833, "STRIKE2": 96.131174, "STRIKE3": 244.54899, "STRIKE4": 0.0, "DIP1": 86.72575, "DIP2": 86.522087, "DIP3": 85.008563, "DIP4": 0.0, "aspRatio": 1.0, "mfd_bin": 0.2, "a_val": 4.0393, "a_hi": 4.0880654997099999, "a_mid": 4.0390983505199998, "a_lo": 3.9901312013200001, "sigma_a": 0.090642433684999996, "b_val": 1.0, "b_hi": 1.04428595708, "b_mid": 1.0, "b_lo": 0.955714042918, "sigma_b": 0.019316712527099999, "cum_cov_ab": 0.054321, "MCORNERP1": 6.0, "MCORNERP2": 6.2, "MCORNERP3": 6.4, "MAXMAGP1": 6.4, "MAXMAGP2": 6.6, "utsu_bval2": 0.0, "utsu_aval": 0.0, "utsu_Minfl": 0.0, "Shape_Leng": 6.3536354537699999, "Shape_Area": 1.5618323516599999 }, "geometry": { "type": "Polygon", "coordinates": [ [ [ 32.972664000043608, 39.627206000156832 ], [ 33.117486000178815, 40.376534000044103 ], [ 33.34552799971749, 40.758436000121378 ], [ 34.254106999638395, 40.777487000025076 ], [ 35.530833000242808, 40.586203000368243 ], [ 33.634274999991305, 39.844390999944721 ], [ 33.264628000282016, 39.428636999997593 ], [ 32.972664000043608, 39.627206000156832 ] ] ] } },
{ "type": "Feature", "properties": { "ZONE_ID": "TRAS437", "areakm2": 27817.237183000001, "tctCluster": "Shallow Default", "CSZ_ID": "SZ42", "TECTO_ID": "TSZ087", "magScaleRe": "WC1994", "SS": 50.0, "NF": 15.0, "TF": 35.0, "MINDEPTH": 0.0, "MAXDEPTH": 20.0, "HYPODEPTH1": 2.0, "HYPODEPTH2": 10.0, "HYPODEPTH3": 18.0, "WHDEPTH1": 0.1, "WHDEPTH2": 0.4, "WHDEPTH3": 0.5, "WMAXMAG01": 0.5, "WMAXMAG02": 0.4, "WMAXMAG03": 0.1, "MAXMAG01": 7.4, "MAXMAG02": 7.7, "MAXMAG03": 8.0, "STRIKE1": 0.0, "STRIKE2": 0.0, "STRIKE3": 0.0, "STRIKE4": 0.0, "DIP1": 89.99, "DIP2": 0.0, "DIP3": 0.0, "DIP4": 0.0, "aspRatio": 1.0, "mfd_bin": 0.2, "a_val": 3.83872876097, "a_hi": 3.89287470332, "a_mid": 3.8388411915999998, "a_lo": 3.7848076798800001, "sigma_a": 0.093231250278600006, "b_val": 0.92665492541899996, "b_hi": 0.96921720747499995, "b_mid": 0.92665492541899996, "b_lo": 0.88409264336299997, "sigma_b": 0.0178423049513, "cum_cov_ab": 0.054321, "MCORNERP1": 7.0, "MCORNERP2": 7.2, "MCORNERP3": 7.4, "MAXMAGP1": 7.2, "MAXMAGP2": 7.4, "utsu_bval2": 0.0, "utsu_aval": 0.0, "utsu_Minfl": 0.0, "Shape_Leng": 7.3463754408700002, "Shape_Area": 1.31009291977 }, "geometry": { "type": "Polygon", "coordinates": [ [ [ 40.58822600012985, 38.742383000375241 ], [ 41.342594999559651, 39.0044010001061 ], [ 42.416850999973747, 38.694908000004261 ], [ 42.592620000013028, 38.656362000406034 ], [ 44.064451000213523, 37.896591000074636 ], [ 43.800263000237351, 37.911049000411083 ], [ 42.134950999788884, 38.214512000328625 ], [ 41.441042723642852, 38.409991540577209 ], [ 40.58822600012985, 38.742383000375241 ] ] ] } },
{ "type": "Feature", "properties": { "ZONE_ID": "TRAS438", "areakm2": 42964.341343100001, "tctCluster": "Shallow Default", "CSZ_ID": "SZ43", "TECTO_ID": "TSZ084", "magScaleRe": "WC1994", "SS": 50.0, "NF": 40.0, "TF": 10.0, "MINDEPTH": 0.0, "MAXDEPTH": 20.0, "HYPODEPTH1": 2.0, "HYPODEPTH2": 10.0, "HYPODEPTH3": 18.0, "WHDEPTH1": 0.1, "WHDEPTH2": 0.4, "WHDEPTH3": 0.5, "WMAXMAG01": 0.5, "WMAXMAG02": 0.4, "WMAXMAG03": 0.1, "MAXMAG01": 7.0, "MAXMAG02": 7.3, "MAXMAG03": 7.6, "STRIKE1": 0.0, "STRIKE2": 0.0, "STRIKE3": 0.0, "STRIKE4": 0.0, "DIP1": 89.99, "DIP2": 0.0, "DIP3": 0.0, "DIP4": 0.0, "aspRatio": 1.0, "mfd_bin": 0.2, "a_val": 3.85, "a_hi": 3.9550231393000002, "a_mid": 3.8501214613300001, "a_lo": 3.7452197833600001, "sigma_a": 0.149213831928, "b_val": 1.03, "b_hi": 1.0854395699699999, "b_mid": 1.03, "b_lo": 0.97456043003000004, "sigma_b": 0.030271981743700001, "cum_cov_ab": 0.054321, "MCORNERP1": 6.0, "MCORNERP2": 6.2, "MCORNERP3": 6.4, "MAXMAGP1": 6.4, "MAXMAGP2": 6.4, "utsu_bval2": 0.0, "utsu_aval": 0.0, "utsu_Minfl": 0.0, "Shape_Leng": 10.281374552200001, "Shape_Area": 2.3808697570900001 }, "geometry": { "type": "Polygon", "coordinates": [ [ [ 35.395263999633926, 37.439358000171637 ], [ 35.281046999819239, 37.018208999645651 ], [ 34.726665000289586, 36.46932800018709 ], [ 34.610784000181525, 36.705909999646792 ], [ 35.144804999651058, 37.788494000098069 ], [ 35.784271411896214, 38.40248876294612 ], [ 36.005272758531021, 38.605497893213226 ], [ 37.774409108693476, 39.332420255590364 ], [ 38.157211095415789, 39.419636342143519 ], [ 38.41988999972375, 39.398927999627517 ], [ 38.043858999693157, 39.169957000415309 ], [ 37.836673999705397, 38.645737999708956 ], [ 37.511681999824475, 38.346354999983305 ], [ 36.780332999868108, 38.357421000378906 ], [ 35.395263999633926, 37.439358000171637 ] ] ] } },
{ "type": "Feature", "properties": { "ZONE_ID": "TRAS439", "areakm2": 66603.071060100003, "tctCluster": "Shallow Default", "CSZ_ID": "SZ43", "TECTO_ID": "TSZ030", "magScaleRe": "WC1994", "SS": 20.0, "NF": 75.0, "TF": 5.0, "MINDEPTH": 0.0, "MAXDEPTH": 20.0, "HYPODEPTH1": 2.0, "HYPODEPTH2": 10.0, "HYPODEPTH3": 18.0, "WHDEPTH1": 0.1, "WHDEPTH2": 0.4, "WHDEPTH3": 0.5, "WMAXMAG01": 0.5, "WMAXMAG02": 0.4, "WMAXMAG03": 0.1, "MAXMAG01": 7.0, "MAXMAG02": 7.3, "MAXMAG03": 7.6, "STRIKE1": 0.0, "STRIKE2": 0.0, "STRIKE3": 0.0, "STRIKE4": 0.0, "DIP1": 89.99, "DIP2": 0.0, "DIP3": 0.0, "DIP4": 0.0, "aspRatio": 1.0, "mfd_bin": 0.2, "a_val": 3.95, "a_hi": 4.0229427074900004, "a_mid": 3.9501888856399998, "a_lo": 3.8774350637900001, "sigma_a": 0.118532217275, "b_val": 0.98, "b_hi": 1.02959534333, "b_mid": 0.98, "b_lo": 0.93040465666799999, "sigma_b": 0.024226068962, "cum_cov_ab": 0.054321, "MCORNERP1": 6.2, "MCORNERP2": 6.4, "MCORNERP3": 6.6, "MAXMAGP1": 6.6, "MAXMAGP2": 6.8, "utsu_bval2": 0.0, "utsu_aval": 0.0, "utsu_Minfl": 0.0, "Shape_Leng": 9.3317015124400005, "Shape_Area": 5.3751861505900003 }, "geometry": { "type": "Polygon", "coordinates": [ [ [ 34.456861000334925, 37.017677000293361 ], [ 34.610784000181525, 36.705909999646792 ], [ 34.726665000289586, 36.46932800018709 ], [ 34.524467000052084, 36.265448999771593 ], [ 33.554315999883556, 36.081687999901305 ], [ 32.534082999630755, 36.152915000227154 ], [ 32.355893000361732, 36.633821000039177 ], [ 31.990692999782141, 37.032911000442368 ], [ 31.526530999605995, 37.811339999641348 ], [ 31.689099999765233, 37.910400000159939 ], [ 32.076499999775194, 38.149100000164935 ], [ 32.551844158581105, 38.716160145474362 ], [ 33.05251558422691, 38.433711396963474 ], [ 33.588036953242863, 38.275609431929809 ], [ 33.979232119266953, 37.925285402399481 ], [ 34.66347500007123, 37.678056000084382 ], [ 34.456861000334925, 37.017677000293361 ] ] ] } },
{ "type": "Feature", "properties": { "ZONE_ID": "TRAS441", "areakm2": 21918.762696599999, "tctCluster": "Shallow Default", "CSZ_ID": "SZ42", "TECTO_ID": "TSZ087", "magScaleRe": "WC1994", "SS": 50.0, "NF": 15.0, "TF": 35.0, "MINDEPTH": 0.0, "MAXDEPTH": 20.0, "HYPODEPTH1": 2.0, "HYPODEPTH2": 10.0, "HYPODEPTH3": 18.0, "WHDEPTH1": 0.1, "WHDEPTH2": 0.4, "WHDEPTH3": 0.5, "WMAXMAG01": 0.5, "WMAXMAG02": 0.4, "WMAXMAG03": 0.1, "MAXMAG01": 7.7, "MAXMAG02": 8.0, "MAXMAG03": 8.3, "STRIKE1": 0.0, "STRIKE2": 0.0, "STRIKE3": 0.0, "STRIKE4": 0.0, "DIP1": 89.99, "DIP2": 0.0, "DIP3": 0.0, "DIP4": 0.0, "aspRatio": 1.0, "mfd_bin": 0.2, "a_val": 4.0719712764000002, "a_hi": 4.0830091564700002, "a_mid": 4.0721199136899999, "a_lo": 4.0612306709099997, "sigma_a": 0.036063978188000001, "b_val": 0.97839586779200005, "b_hi": 1.0049310970200001, "b_mid": 0.97839586779200005, "b_lo": 0.95186063856600001, "sigma_b": 0.0069350058905299997, "cum_cov_ab": 0.054321, "MCORNERP1": 7.0, "MCORNERP2": 7.2, "MCORNERP3": 7.4, "MAXMAGP1": 7.2, "MAXMAGP2": 7.4, "utsu_bval2": 0.0, "utsu_aval": 0.0, "utsu_Minfl": 0.0, "Shape_Leng": 8.7853574213400005, "Shape_Area": 2.3253911680699999 }, "geometry": { "type": "Polygon", "coordinates": [ [ [ 38.606053999792323, 39.229180000256861 ], [ 39.311163000172371, 39.623591999870939 ], [ 40.413175999972452, 39.309588000385986 ], [ 40.028065000299591, 38.944307999714454 ], [ 37.88158299955586, 38.067149999972571 ], [ 37.493537000332367, 37.940471000136597 ], [ 36.763653999632425, 37.587735999716642 ], [ 37.511681999824475, 38.346354999983305 ], [ 37.836673999705397, 38.645737999708956 ], [ 38.043858999693157, 39.169957000415309 ], [ 38.41988999972375, 39.398927999627517 ], [ 38.606053999792323, 39.229180000256861 ] ] ] } },
{ "type": "Feature", "properties": { "ZONE_ID": "TRAS446", "areakm2": 13348.4414032, "tctCluster": "Shallow Default", "CSZ_ID": "SZ45", "TECTO_ID": "TSZ085", "magScaleRe": "WC1994", "SS": 30.0, "NF": 50.0, "TF": 20.0, "MINDEPTH": 0.0, "MAXDEPTH": 34.0, "HYPODEPTH1": 2.0, "HYPODEPTH2": 10.0, "HYPODEPTH3": 18.0, "WHDEPTH1": 0.1, "WHDEPTH2": 0.4, "WHDEPTH3": 0.5, "WMAXMAG01": 0.5, "WMAXMAG02": 0.4, "WMAXMAG03": 0.1, "MAXMAG01": 7.7, "MAXMAG02": 8.0, "MAXMAG03": 8.3, "STRIKE1": 0.0, "STRIKE2": 0.0, "STRIKE3": 0.0, "STRIKE4": 0.0, "DIP1": 89.99, "DIP2": 0.0, "DIP3": 0.0, "DIP4": 0.0, "aspRatio": 1.0, "mfd_bin": 0.2, "a_val": 3.15, "a_hi": 3.1962682905499999, "a_mid": 3.1494628383099998, "a_lo": 3.1026573860700002, "sigma_a": 0.089801099279600005, "b_val": 0.81, "b_hi": 0.85441132296, "b_mid": 0.81, "b_lo": 0.76558867704, "sigma_b": 0.019426231861099999, "cum_cov_ab": 0.054321, "MCORNERP1": 6.3, "MCORNERP2": 6.5, "MCORNERP3": 6.7, "MAXMAGP1": 6.6, "MAXMAGP2": 6.8, "utsu_bval2": 0.0, "utsu_aval": 0.0, "utsu_Minfl": 0.0, "Shape_Leng": 5.2947836932500003, "Shape_Area": 1.0771796431 }, "geometry": { "type": "Polygon", "coordinates": [ [ [ 41.509290000233364, 39.427965999631226 ], [ 40.731786999670362, 39.602987000249925 ], [ 41.503489999863632, 39.956767000296907 ], [ 42.001982000369082, 39.9090640002035 ], [ 42.292094999784467, 39.892318999622205 ], [ 42.833193000056951, 39.792992000280663 ], [ 43.200470062243653, 39.461120041956406 ], [ 42.988586000243743, 39.224237999883826 ], [ 41.795899999985068, 39.363449000271203 ], [ 41.509290000233364, 39.427965999631226 ] ] ] } },
{ "type": "Feature", "properties": { "ZONE_ID": "TRAS447", "areakm2": 28089.356829100001, "tctCluster": "Shallow Default", "CSZ_ID": "SZ45", "TECTO_ID": "TSZ005", "magScaleRe": "WC1994", "SS": 70.0, "NF": 25.0, "TF": 5.0, "MINDEPTH": 0.0, "MAXDEPTH": 20.0, "HYPODEPTH1": 2.0, "HYPODEPTH2": 10.0, "HYPODEPTH3": 18.0, "WHDEPTH1": 0.1, "WHDEPTH2": 0.4, "WHDEPTH3": 0.5, "WMAXMAG01": 0.5, "WMAXMAG02": 0.4, "WMAXMAG03": 0.1, "MAXMAG01": 7.7, "MAXMAG02": 8.0, "MAXMAG03": 8.3, "STRIKE1": 10.078, "STRIKE2": 122.748667, "STRIKE3": 219.5225, "STRIKE4": 323.487914, "DIP1": 85.0, "DIP2": 83.103183, "DIP3": 86.466667, "DIP4": 81.551729, "aspRatio": 1.0, "mfd_bin": 0.2, "a_val": 3.40482174476, "a_hi": 3.4261379433400001, "a_mid": 3.4049272998900002, "a_lo": 3.3837166564299999, "sigma_a": 0.051097981527900002, "b_val": 0.81941890744300006, "b_hi": 0.85248632431799998, "b_mid": 0.81941890744300006, "b_lo": 0.78635149056700004, "sigma_b": 0.0107696524419, "cum_cov_ab": 0.054321, "MCORNERP1": 7.4, "MCORNERP2": 7.6, "MCORNERP3": 7.8, "MAXMAGP1": 7.6, "MAXMAGP2": 7.8, "utsu_bval2": 0.0, "utsu_aval": 0.0, "utsu_Minfl": 0.0, "Shape_Leng": 6.8391032923799999, "Shape_Area": 2.2667278088099998 }, "geometry": { "type": "Polygon", "coordinates": [ [ [ 42.988586000243743, 39.224237999883826 ], [ 43.200470062243653, 39.461120041956406 ], [ 42.833193000056951, 39.792992000280663 ], [ 42.950485243299397, 40.218145979553356 ], [ 43.662119999638321, 40.287265999626243 ], [ 44.542384999668059, 39.535483999886765 ], [ 45.263598999893986, 38.478879999612332 ], [ 44.686300000244842, 38.490500000374766 ], [ 44.07710300000349, 38.673750000062512 ], [ 42.988586000243743, 39.224237999883826 ] ] ] } },
{ "type": "Feature", "properties": { "ZONE_ID": "TRAS449", "areakm2": 21622.584925800002, "tctCluster": "Shallow Default", "CSZ_ID": "SZ45", "TECTO_ID": "TSZ085", "magScaleRe": "WC1994", "SS": 50.0, "NF": 0.0, "TF": 50.0, "MINDEPTH": 0.0, "MAXDEPTH": 20.0, "HYPODEPTH1": 2.0, "HYPODEPTH2": 10.0, "HYPODEPTH3": 18.0, "WHDEPTH1": 0.1, "WHDEPTH2": 0.4, "WHDEPTH3": 0.5, "WMAXMAG01": 0.5, "WMAXMAG02": 0.4, "WMAXMAG03": 0.1, "MAXMAG01": 7.7, "MAXMAG02": 8.0, "MAXMAG03": 8.3, "STRIKE1": 48.694531, "STRIKE2": 0.0, "STRIKE3": 224.317704, "STRIKE4": 0.0, "DIP1": 85.008875, "DIP2": 0.0, "DIP3": 85.021346, "DIP4": 0.0, "aspRatio": 1.0, "mfd_bin": 0.2, "a_val": 3.35, "a_hi": 3.3748959471200002, "a_mid": 3.35010266376, "a_lo": 3.3253093803999998, "sigma_a": 0.052989876542599998, "b_val": 0.81, "b_hi": 0.84308627709399997, "b_mid": 0.81, "b_lo": 0.77691372290600003, "sigma_b": 0.0107819410292, "cum_cov_ab": 0.054321, "MCORNERP1": 6.9, "MCORNERP2": 7.1, "MCORNERP3": 7.3, "MAXMAGP1": 7.2, "MAXMAGP2": 7.4, "utsu_bval2": 0.0, "utsu_aval": 0.0, "utsu_Minfl": 0.0, "Shape_Leng": 6.6323514648900002, "Shape_Area": 1.74487849239 }, "geometry": { "type": "Polygon", "coordinates": [ [ [ 43.076916999719799, 40.792896000150336 ], [ 43.80305600043414, 40.745224999733978 ], [ 43.662119999638321, 40.287265999626243 ], [ 42.950485243299397, 40.218145979553356 ], [ 42.833193000056951, 39.792992000280663 ], [ 42.292094999784467, 39.892318999622205 ], [ 42.001982000369082, 39.9090640002035 ], [ 41.503489999863632, 39.956767000296907 ], [ 42.572683999766809, 41.519149999872639 ], [ 42.623644909984648, 41.059050104278924 ], [ 43.081314527143775, 40.869100911677776 ], [ 43.076916999719799, 40.792896000150336 ] ] ] } },
{ "type": "Feature", "properties": { "ZONE_ID": "TRAS451", "areakm2": 32390.543875300002, "tctCluster": "Shallow Default", "CSZ_ID": "SZ45", "TECTO_ID": "TSZ085", "magScaleRe": "WC1994", "SS": 50.0, "NF": 0.0, "TF": 50.0, "MINDEPTH": 0.0, "MAXDEPTH": 20.0, "HYPODEPTH1": 2.0, "HYPODEPTH2": 10.0, "HYPODEPTH3": 18.0, "WHDEPTH1": 0.1, "WHDEPTH2": 0.4, "WHDEPTH3": 0.5, "WMAXMAG01": 0.5, "WMAXMAG02": 0.4, "WMAXMAG03": 0.1, "MAXMAG01": 7.9, "MAXMAG02": 8.2, "MAXMAG03": 8.5, "STRIKE1": 48.694531, "STRIKE2": 0.0, "STRIKE3": 224.317704, "STRIKE4": 0.0, "DIP1": 85.008875, "DIP2": 0.0, "DIP3": 85.021346, "DIP4": 0.0, "aspRatio": 1.0, "mfd_bin": 0.2, "a_val": 3.63, "a_hi": 3.659359979, "a_mid": 3.6300187567800002, "a_lo": 3.6006775345499999, "sigma_a": 0.061810438369199999, "b_val": 0.87, "b_hi": 0.90620473895700004, "b_mid": 0.87, "b_lo": 0.83379526104299995, "sigma_b": 0.012910170799699999, "cum_cov_ab": 0.054321, "MCORNERP1": 7.6, "MCORNERP2": 7.8, "MCORNERP3": 8.0, "MAXMAGP1": 7.8, "MAXMAGP2": 8.0, "utsu_bval2": 0.0, "utsu_aval": 0.0, "utsu_Minfl": 0.0, "Shape_Leng": 7.9834676457900002, "Shape_Area": 2.6138208507099998 }, "geometry": { "type": "Polygon", "coordinates": [ [ [ 39.346063999853754, 39.999266999672329 ], [ 39.578316000183293, 40.203097999672991 ], [ 40.734745501203975, 40.605251776248508 ], [ 41.160352897068606, 41.324826094748516 ], [ 41.460748450680512, 41.375338484283702 ], [ 42.572683999766809, 41.519149999872639 ], [ 41.503489999863632, 39.956767000296907 ], [ 40.731786999670362, 39.602987000249925 ], [ 40.535969999615816, 39.647065999596236 ], [ 39.954879999612331, 39.764096999676838 ], [ 39.346063999853754, 39.999266999672329 ] ] ] } },
{ "type": "Feature", "properties": { "ZONE_ID": "TRAS454", "areakm2": 29795.694043899999, "tctCluster": "Shallow Default", "CSZ_ID": "SZ41", "TECTO_ID": "TSZ102", "magScaleRe": "WC1994", "SS": 50.0, "NF": 40.0, "TF": 10.0, "MINDEPTH": 0.0, "MAXDEPTH": 20.0, "HYPODEPTH1": 2.0, "HYPODEPTH2": 10.0, "HYPODEPTH3": 18.0, "WHDEPTH1": 0.1, "WHDEPTH2": 0.4, "WHDEPTH3": 0.5, "WMAXMAG01": 0.5, "WMAXMAG02": 0.4, "WMAXMAG03": 0.1, "MAXMAG01": 7.3, "MAXMAG02": 7.6, "MAXMAG03": 7.9, "STRIKE1": 84.712585, "STRIKE2": 97.060473, "STRIKE3": 261.115432, "STRIKE4": 302.003022, "DIP1": 49.717098, "DIP2": 48.716291, "DIP3": 51.863, "DIP4": 51.574022, "aspRatio": 1.0, "mfd_bin": 0.2, "a_val": 2.5, "a_hi": 2.56992287458, "a_mid": 2.50004197688, "a_lo": 2.4301610791799999, "sigma_a": 0.061423452801700001, "b_val": 0.8, "b_hi": 0.87897080033499997, "b_mid": 0.8, "b_lo": 0.72102919966500001, "sigma_b": 0.061423452801700001, "cum_cov_ab": 0.054321, "MCORNERP1": 7.1, "MCORNERP2": 7.3, "MCORNERP3": 7.5, "MAXMAGP1": 7.2, "MAXMAGP2": 7.4, "utsu_bval2": 0.0, "utsu_aval": 0.0, "utsu_Minfl": 0.0, "Shape_Leng": 7.3293916665200003, "Shape_Area": 2.1856889751700002 }, "geometry": { "type": "Polygon", "coordinates": [ [ [ 28.160325980259813, 41.47928257513081 ], [ 28.310535000390018, 41.035392999887108 ], [ 27.202434000428809, 40.90238000023686 ], [ 26.026078999646188, 40.602774000120064 ], [ 26.305710564291132, 40.953545111417839 ], [ 26.146363566125729, 41.249474322382127 ], [ 26.102600000389771, 41.523399999810181 ], [ 26.740063735752869, 41.580518326159904 ], [ 26.529133194341512, 42.093000979012004 ], [ 28.268093839159405, 42.001412059518998 ], [ 28.160325980259813, 41.47928257513081 ] ] ] } },
{ "type": "Feature", "properties": { "ZONE_ID": "TRAS455", "areakm2": 33306.897807200003, "tctCluster": "Shallow Default", "CSZ_ID": "SZ43", "TECTO_ID": "TSZ018", "magScaleRe": "WC1994", "SS": 80.0, "NF": 20.0, "TF": 0.0, "MINDEPTH": 0.0, "MAXDEPTH": 20.0, "HYPODEPTH1": 2.0, "HYPODEPTH2": 10.0, "HYPODEPTH3": 18.0, "WHDEPTH1": 0.4, "WHDEPTH2": 0.3, "WHDEPTH3": 0.3, "WMAXMAG01": 0.5, "WMAXMAG02": 0.4, "WMAXMAG03": 0.1, "MAXMAG01": 7.3, "MAXMAG02": 7.6, "MAXMAG03": 7.9, "STRIKE1": 0.0, "STRIKE2": 0.0, "STRIKE3": 0.0, "STRIKE4": 0.0, "DIP1": 89.99, "DIP2": 0.0, "DIP3": 0.0, "DIP4": 0.0, "aspRatio": 1.0, "mfd_bin": 0.2, "a_val": 3.5, "a_hi": 3.5458208241400002, "a_mid": 3.4998303104500001, "a_lo": 3.4538397967600001, "sigma_a": 0.089716575524100006, "b_val": 0.87, "b_hi": 0.92038130711599997, "b_mid": 0.87, "b_lo": 0.81961869288400002, "sigma_b": 0.025, "cum_cov_ab": 0.054321, "MCORNERP1": 7.0, "MCORNERP2": 7.2, "MCORNERP3": 7.4, "MAXMAGP1": 7.2, "MAXMAGP2": 7.4, "utsu_bval2": 0.0, "utsu_aval": 0.0, "utsu_Minfl": 0.0, "Shape_Leng": 10.419537987, "Shape_Area": 2.6877678972700001 }, "geometry": { "type": "Polygon", "coordinates": [ [ [ 33.66552899966365, 39.099337000202468 ], [ 33.557925999984946, 39.229161000279987 ], [ 33.264628000282016, 39.428636999997593 ], [ 33.634274999991305, 39.844390999944721 ], [ 35.530833000242808, 40.586203000368243 ], [ 36.258168525557039, 40.345335708875893 ], [ 36.82407199972306, 40.440405000190651 ], [ 37.968752000304619, 40.074671000166575 ], [ 36.01451999969828, 39.500912000088761 ], [ 35.890022999761698, 39.547441000002209 ], [ 34.768393000036951, 39.95796899996941 ], [ 33.66552899966365, 39.099337000202468 ] ] ] } },
{ "type": "Feature", "properties": { "ZONE_ID": "TRAS456", "areakm2": 52710.041886200001, "tctCluster": "Shallow Default", "CSZ_ID": "SZ43", "TECTO_ID": "TSZ030", "magScaleRe": "WC1994", "SS": 60.0, "NF": 30.0, "TF": 10.0, "MINDEPTH": 0.0, "MAXDEPTH": 20.0, "HYPODEPTH1": 2.0, "HYPODEPTH2": 10.0, "HYPODEPTH3": 18.0, "WHDEPTH1": 0.1, "WHDEPTH2": 0.4, "WHDEPTH3": 0.5, "WMAXMAG01": 0.5, "WMAXMAG02": 0.4, "WMAXMAG03": 0.1, "MAXMAG01": 7.0, "MAXMAG02": 7.3, "MAXMAG03": 7.6, "STRIKE1": 0.0, "STRIKE2": 0.0, "STRIKE3": 0.0, "STRIKE4": 0.0, "DIP1": 89.99, "DIP2": 0.0, "DIP3": 0.0, "DIP4": 0.0, "aspRatio": 1.0, "mfd_bin": 0.2, "a_val": 3.52040655419, "a_hi": 3.59541619669, "a_mid": 3.5202548078400002, "a_lo": 3.445093419, "sigma_a": 0.14648627263299999, "b_val": 0.89219331079499997, "b_hi": 0.94686939873999998, "b_mid": 0.89219331079499997, "b_lo": 0.83751722285100005, "sigma_b": 0.029443946080700001, "cum_cov_ab": 0.054321, "MCORNERP1": 5.8, "MCORNERP2": 6.0, "MCORNERP3": 6.2, "MAXMAGP1": 6.2, "MAXMAGP2": 6.4, "utsu_bval2": 0.0, "utsu_aval": 0.0, "utsu_Minfl": 0.0, "Shape_Leng": 11.3146270469, "Shape_Area": 4.25030229459 }, "geometry": { "type": "Polygon", "coordinates": [ [ [ 33.264628000282016, 39.428636999997593 ], [ 33.557925999984946, 39.229161000279987 ], [ 33.66552899966365, 39.099337000202468 ], [ 34.768393000036951, 39.95796899996941 ], [ 35.890022999761698, 39.547441000002209 ], [ 34.861038791107376, 38.760275673483591 ], [ 34.927699999955109, 38.166624999843918 ], [ 34.66347500007123, 37.678056000084382 ], [ 33.979232119266953, 37.925285402399481 ], [ 33.588036953242863, 38.275609431929809 ], [ 33.05251558422691, 38.433711396963474 ], [ 32.551844158581105, 38.716160145474362 ], [ 32.404963510457719, 38.825180253665849 ], [ 31.94224385467021, 39.075515966488695 ], [ 31.49677000043522, 39.251525000078743 ], [ 31.798589000082359, 39.665767000446749 ], [ 32.710144999692034, 39.384658999912972 ], [ 32.972664000043608, 39.627206000156832 ], [ 33.264628000282016, 39.428636999997593 ] ] ] } },
{ "type": "Feature", "properties": { "ZONE_ID": "TRAS460", "areakm2": 18431.343930300001, "tctCluster": "Shallow Default", "CSZ_ID": "SZ21", "TECTO_ID": "TSZ080", "magScaleRe": "WC1994", "SS": 50.0, "NF": 40.0, "TF": 10.0, "MINDEPTH": 0.0, "MAXDEPTH": 20.0, "HYPODEPTH1": 2.0, "HYPODEPTH2": 10.0, "HYPODEPTH3": 18.0, "WHDEPTH1": 0.1, "WHDEPTH2": 0.4, "WHDEPTH3": 0.5, "WMAXMAG01": 0.5, "WMAXMAG02": 0.4, "WMAXMAG03": 0.1, "MAXMAG01": 7.3, "MAXMAG02": 7.6, "MAXMAG03": 7.9, "STRIKE1": 45.920739, "STRIKE2": 121.569575, "STRIKE3": 265.16, "STRIKE4": 296.313769, "DIP1": 49.852, "DIP2": 72.957123, "DIP3": 73.219222, "DIP4": 71.737308, "aspRatio": 1.0, "mfd_bin": 0.2, "a_val": 3.3212893444399998, "a_hi": 3.40594584298, "a_mid": 3.3215755787800001, "a_lo": 3.2372053145900002, "sigma_a": 0.153926040657, "b_val": 0.87545698162800001, "b_hi": 0.92897991793099999, "b_mid": 0.87545698162800001, "b_lo": 0.82193404532500003, "sigma_b": 0.0282150620153, "cum_cov_ab": 0.054321, "MCORNERP1": 6.2, "MCORNERP2": 6.4, "MCORNERP3": 6.6, "MAXMAGP1": 6.6, "MAXMAGP2": 6.8, "utsu_bval2": 0.0, "utsu_aval": 0.0, "utsu_Minfl": 0.0, "Shape_Leng": 8.3922757302100006, "Shape_Area": 1.48735480672 }, "geometry": { "type": "Polygon", "coordinates": [ [ [ 31.798589000082359, 39.665767000446749 ], [ 31.49677000043522, 39.251525000078743 ], [ 31.14583899957023, 39.357151000318481 ], [ 30.377940000330796, 39.583532999748172 ], [ 29.538550000282328, 39.720239999776197 ], [ 27.870142000053306, 39.975740000200915 ], [ 29.573586999940119, 40.122883000350214 ], [ 29.664970999911759, 40.314596000005452 ], [ 30.175906999608401, 40.147434000278963 ], [ 31.007377000448287, 40.004938000388449 ], [ 31.284540999867318, 39.815840999962234 ], [ 31.798589000082359, 39.665767000446749 ] ] ] } },
{ "type": "Feature", "properties": { "ZONE_ID": "TRAS461", "areakm2": 22132.0682657, "tctCluster": "Shallow Default", "CSZ_ID": "SZ21", "TECTO_ID": "TSZ080", "magScaleRe": "WC1994", "SS": 40.0, "NF": 50.0, "TF": 10.0, "MINDEPTH": 0.0, "MAXDEPTH": 20.0, "HYPODEPTH1": 2.0, "HYPODEPTH2": 10.0, "HYPODEPTH3": 18.0, "WHDEPTH1": 0.1, "WHDEPTH2": 0.4, "WHDEPTH3": 0.5, "WMAXMAG01": 0.5, "WMAXMAG02": 0.4, "WMAXMAG03": 0.1, "MAXMAG01": 7.3, "MAXMAG02": 7.6, "MAXMAG03": 7.9, "STRIKE1": 32.0485, "STRIKE2": 150.114, "STRIKE3": 231.571429, "STRIKE4": 305.283655, "DIP1": 50.655167, "DIP2": 50.747, "DIP3": 67.562429, "DIP4": 60.265473, "aspRatio": 1.0, "mfd_bin": 0.2, "a_val": 3.5690229979199999, "a_hi": 3.57660112155, "a_mid": 3.56959434994, "a_lo": 3.5625875783200001, "sigma_a": 0.026989757492199999, "b_val": 0.98525891480500005, "b_hi": 1.0084452132, "b_mid": 0.98525891480500005, "b_lo": 0.96207261640700004, "sigma_b": 0.00529497590885, "cum_cov_ab": 0.054321, "MCORNERP1": 6.6, "MCORNERP2": 6.8, "MCORNERP3": 7.0, "MAXMAGP1": 6.8, "MAXMAGP2": 7.0, "utsu_bval2": 0.0, "utsu_aval": 0.0, "utsu_Minfl": 0.0, "Shape_Leng": 7.5195361624699997, "Shape_Area": 1.78599228655 }, "geometry": { "type": "Polygon", "coordinates": [ [ [ 32.551844158581105, 38.716160145474362 ], [ 32.076499999775194, 38.149100000164935 ], [ 31.882999999550407, 38.228699999905132 ], [ 31.143200000179888, 38.741899999685302 ], [ 31.037199999780228, 38.822499999675301 ], [ 30.730773999920189, 38.93853999992109 ], [ 30.038999086538638, 39.18800282357148 ], [ 29.235099201467051, 39.409294259122817 ], [ 29.538550000282328, 39.720239999776197 ], [ 30.377940000330796, 39.583532999748172 ], [ 31.14583899957023, 39.357151000318481 ], [ 31.49677000043522, 39.251525000078743 ], [ 31.94224385467021, 39.075515966488695 ], [ 32.404963510457719, 38.825180253665849 ], [ 32.551844158581105, 38.716160145474362 ] ] ] } },
{ "type": "Feature", "properties": { "ZONE_ID": "TRAS463", "areakm2": 12309.7360857, "tctCluster": "Shallow Default", "CSZ_ID": "SZ41", "TECTO_ID": "TSZ092", "magScaleRe": "WC1994", "SS": 50.0, "NF": 40.0, "TF": 10.0, "MINDEPTH": 0.0, "MAXDEPTH": 20.0, "HYPODEPTH1": 2.0, "HYPODEPTH2": 10.0, "HYPODEPTH3": 18.0, "WHDEPTH1": 0.1, "WHDEPTH2": 0.4, "WHDEPTH3": 0.5, "WMAXMAG01": 0.5, "WMAXMAG02": 0.4, "WMAXMAG03": 0.1, "MAXMAG01": 7.9, "MAXMAG02": 8.2, "MAXMAG03": 8.5, "STRIKE1": 0.0, "STRIKE2": 119.411222, "STRIKE3": 249.116, "STRIKE4": 0.0, "DIP1": 83.490778, "DIP2": 83.490778, "DIP3": 60.079667, "DIP4": 0.0, "aspRatio": 1.0, "mfd_bin": 0.2, "a_val": 3.57, "a_hi": 3.6341439928599999, "a_mid": 3.5702418783800001, "a_lo": 3.5063397638999998, "sigma_a": 0.109378665629, "b_val": 0.90023400920300001, "b_hi": 0.94789582410200002, "b_mid": 0.90023400920300001, "b_lo": 0.852572194304, "sigma_b": 0.022373931203400001, "cum_cov_ab": 0.054321, "MCORNERP1": 7.6, "MCORNERP2": 7.8, "MCORNERP3": 8.0, "MAXMAGP1": 7.6, "MAXMAGP2": 7.8, "utsu_bval2": 0.0, "utsu_aval": 0.0, "utsu_Minfl": 0.0, "Shape_Leng": 7.4844908414700004, "Shape_Area": 1.06628064854 }, "geometry": { "type": "Polygon", "coordinates": [ [ [ 26.30132699974132, 39.837771999578194 ], [ 26.060929999719747, 39.658695999920496 ], [ 25.514869981064805, 39.666514855076571 ], [ 25.169463789822089, 39.967988997993928 ], [ 26.22889455264152, 40.242031125036419 ], [ 27.066752857058759, 40.513532248214744 ], [ 28.186330069677012, 40.659500593477674 ], [ 28.714510000336304, 40.508302999883597 ], [ 28.06602859414437, 40.46627808086879 ], [ 27.485826000169823, 40.316483999836748 ], [ 26.30132699974132, 39.837771999578194 ] ] ] } },
{ "type": "Feature", "properties": { "ZONE_ID": "TRAS465", "areakm2": 11411.721716, "tctCluster": "Shallow Default", "CSZ_ID": "SZ21", "TECTO_ID": "TSZ080", "magScaleRe": "WC1994", "SS": 30.0, "NF": 55.0, "TF": 15.0, "MINDEPTH": 0.0, "MAXDEPTH": 20.0, "HYPODEPTH1": 2.0, "HYPODEPTH2": 10.0, "HYPODEPTH3": 18.0, "WHDEPTH1": 0.1, "WHDEPTH2": 0.4, "WHDEPTH3": 0.5, "WMAXMAG01": 0.5, "WMAXMAG02": 0.4, "WMAXMAG03": 0.1, "MAXMAG01": 7.3, "MAXMAG02": 7.6, "MAXMAG03": 7.9, "STRIKE1": 35.874059, "STRIKE2": 143.687792, "STRIKE3": 230.027901, "STRIKE4": 311.194851, "DIP1": 52.352912, "DIP2": 51.319283, "DIP3": 51.205031, "DIP4": 55.355478, "aspRatio": 1.0, "mfd_bin": 0.2, "a_val": 3.92, "a_hi": 3.9488044061599998, "a_mid": 3.92002606963, "a_lo": 3.8912477331100002, "sigma_a": 0.064932801091799996, "b_val": 0.96519383608499998, "b_hi": 1.0027564362100001, "b_mid": 0.96519383608499998, "b_lo": 0.92763123595899999, "sigma_b": 0.013896724281699999, "cum_cov_ab": 0.054321, "MCORNERP1": 7.2, "MCORNERP2": 7.4, "MCORNERP3": 7.6, "MAXMAGP1": 7.4, "MAXMAGP2": 7.4, "utsu_bval2": 0.0, "utsu_aval": 0.0, "utsu_Minfl": 0.0, "Shape_Leng": 5.7764026718999997, "Shape_Area": 0.92089210687800005 }, "geometry": { "type": "Polygon", "coordinates": [ [ [ 28.479307999764444, 36.282706999728305 ], [ 28.464764688839352, 36.719085099997415 ], [ 29.022572000097796, 37.176036999707833 ], [ 29.577131999742051, 37.630819999943071 ], [ 30.110453000205837, 37.850716999789768 ], [ 30.277836000231275, 37.952451000413419 ], [ 30.278129000253216, 37.965261000294959 ], [ 30.474924000442343, 37.881504000409336 ], [ 30.581377000148507, 37.479000999996231 ], [ 29.868923000096402, 37.36172000007798 ], [ 29.518932000311622, 37.151156999895704 ], [ 29.025932000361593, 36.712928999573705 ], [ 28.479307999764444, 36.282706999728305 ] ] ] } },
{ "type": "Feature", "properties": { "ZONE_ID": "TRAS466", "areakm2": 23209.526529700001, "tctCluster": "Shallow Default", "CSZ_ID": "SZ41", "TECTO_ID": "TSZ092", "magScaleRe": "WC1994", "SS": 60.0, "NF": 25.0, "TF": 15.0, "MINDEPTH": 0.0, "MAXDEPTH": 20.0, "HYPODEPTH1": 2.0, "HYPODEPTH2": 10.0, "HYPODEPTH3": 18.0, "WHDEPTH1": 0.1, "WHDEPTH2": 0.4, "WHDEPTH3": 0.5, "WMAXMAG01": 0.5, "WMAXMAG02": 0.4, "WMAXMAG03": 0.1, "MAXMAG01": 7.9, "MAXMAG02": 8.2, "MAXMAG03": 8.5, "STRIKE1": 65.667436, "STRIKE2": 100.3537, "STRIKE3": 247.266829, "STRIKE4": 277.671538, "DIP1": 78.738084, "DIP2": 75.924986, "DIP3": 80.04585, "DIP4": 52.032474, "aspRatio": 1.0, "mfd_bin": 0.2, "a_val": 3.6, "a_hi": 3.6290824325800002, "a_mid": 3.5995461942200002, "a_lo": 3.5700099558599998, "sigma_a": 0.0638492526585, "b_val": 0.85, "b_hi": 0.88702501606200002, "b_mid": 0.85, "b_lo": 0.81297498393800005, "sigma_b": 0.013501799615000001, "cum_cov_ab": 0.054321, "MCORNERP1": 7.2, "MCORNERP2": 7.4, "MCORNERP3": 7.6, "MAXMAGP1": 7.4, "MAXMAGP2": 7.6, "utsu_bval2": 0.0, "utsu_aval": 0.0, "utsu_Minfl": 0.0, "Shape_Leng": 10.9397808481, "Shape_Area": 1.8729399727 }, "geometry": { "type": "Polygon", "coordinates": [ [ [ 28.976300000344793, 40.576800000219862 ], [ 29.911959164483903, 40.565884664145983 ], [ 30.623214000425833, 40.557442999694729 ], [ 31.305455000248116, 40.419011000157582 ], [ 29.664970999911759, 40.314596000005452 ], [ 29.573586999940119, 40.122883000350214 ], [ 27.870142000053306, 39.975740000200915 ], [ 27.196741999643621, 39.639705000085712 ], [ 26.248901367304313, 39.541362762881249 ], [ 26.105871000146578, 39.600975000096241 ], [ 26.060929999719747, 39.658695999920496 ], [ 26.30132699974132, 39.837771999578194 ], [ 27.485826000169823, 40.316483999836748 ], [ 28.06602859414437, 40.46627808086879 ], [ 28.714510000336304, 40.508302999883597 ], [ 28.976300000344793, 40.576800000219862 ] ] ] } },
{ "type": "Feature", "properties": { "ZONE_ID": "TRAS467", "areakm2": 9925.5144699299999, "tctCluster": "Shallow Default", "CSZ_ID": "SZ21", "TECTO_ID": "TSZ080", "magScaleRe": "WC1994", "SS": 75.0, "NF": 25.0, "TF": 0.0, "MINDEPTH": 0.0, "MAXDEPTH": 20.0, "HYPODEPTH1": 2.0, "HYPODEPTH2": 10.0, "HYPODEPTH3": 18.0, "WHDEPTH1": 0.1, "WHDEPTH2": 0.4, "WHDEPTH3": 0.5, "WMAXMAG01": 0.5, "WMAXMAG02": 0.4, "WMAXMAG03": 0.1, "MAXMAG01": 7.3, "MAXMAG02": 7.6, "MAXMAG03": 7.9, "STRIKE1": 40.994543, "STRIKE2": 141.937833, "STRIKE3": 207.262551, "STRIKE4": 315.019411, "DIP1": 72.909252, "DIP2": 66.6765, "DIP3": 68.719737, "DIP4": 75.819232, "aspRatio": 1.0, "mfd_bin": 0.2, "a_val": 3.7, "a_hi": 3.7449848168200002, "a_mid": 3.699546751, "a_lo": 3.6541086851800002, "sigma_a": 0.086972695295299995, "b_val": 0.94, "b_hi": 0.98349497349799997, "b_mid": 0.94, "b_lo": 0.89650502650200004, "sigma_b": 0.018632850013999998, "cum_cov_ab": 0.054321, "MCORNERP1": 6.7, "MCORNERP2": 6.9, "MCORNERP3": 7.1, "MAXMAGP1": 7.0, "MAXMAGP2": 7.2, "utsu_bval2": 0.0, "utsu_aval": 0.0, "utsu_Minfl": 0.0, "Shape_Leng": 5.4221439675400003, "Shape_Area": 0.80095958867200001 }, "geometry": { "type": "Polygon", "coordinates": [ [ [ 27.870142000053306, 39.975740000200915 ], [ 29.538550000282328, 39.720239999776197 ], [ 29.235099201467051, 39.409294259122817 ], [ 29.065084293205643, 39.438626865337596 ], [ 28.207767999793418, 39.494066000045905 ], [ 27.784637999644019, 39.529688999747577 ], [ 26.957495999640742, 39.528520999844318 ], [ 27.196741999643621, 39.639705000085712 ], [ 27.870142000053306, 39.975740000200915 ] ] ] } },
{ "type": "Feature", "properties": { "ZONE_ID": "TRAS468", "areakm2": 11834.934362600001, "tctCluster": "Shallow Default", "CSZ_ID": "SZ21", "TECTO_ID": "TSZ080", "magScaleRe": "WC1994", "SS": 20.0, "NF": 75.0, "TF": 5.0, "MINDEPTH": 0.0, "MAXDEPTH": 20.0, "HYPODEPTH1": 2.0, "HYPODEPTH2": 10.0, "HYPODEPTH3": 18.0, "WHDEPTH1": 0.1, "WHDEPTH2": 0.4, "WHDEPTH3": 0.5, "WMAXMAG01": 0.5, "WMAXMAG02": 0.4, "WMAXMAG03": 0.1, "MAXMAG01": 7.3, "MAXMAG02": 7.6, "MAXMAG03": 7.9, "STRIKE1": 67.19447, "STRIKE2": 118.984, "STRIKE3": 249.815114, "STRIKE4": 302.62658, "DIP1": 65.431217, "DIP2": 70.0276, "DIP3": 61.9065, "DIP4": 78.894116, "aspRatio": 1.0, "mfd_bin": 0.2, "a_val": 4.09, "a_hi": 4.1406093309400003, "a_mid": 4.0898434145199998, "a_lo": 4.0390774981000002, "sigma_a": 0.112737565079, "b_val": 1.02, "b_hi": 1.0714393476099999, "b_mid": 1.02, "b_lo": 0.96856065239, "sigma_b": 0.026061058483199999, "cum_cov_ab": 0.054321, "MCORNERP1": 5.8, "MCORNERP2": 6.0, "MCORNERP3": 6.2, "MAXMAGP1": 6.2, "MAXMAGP2": 6.4, "utsu_bval2": 0.0, "utsu_aval": 0.0, "utsu_Minfl": 0.0, "Shape_Leng": 6.6905973904399998, "Shape_Area": 1.35286399155 }, "geometry": { "type": "Polygon", "coordinates": [ [ [ 29.022572000097796, 37.176036999707833 ], [ 27.44256199973654, 37.022531000205561 ], [ 26.913500999671442, 37.178685999559264 ], [ 26.500000000199918, 37.103106999988086 ], [ 26.570684999812954, 37.47473400017401 ], [ 27.785827999662501, 37.666773999620432 ], [ 28.291001999842479, 37.5922690001143 ], [ 29.465617999571066, 37.668584000351359 ], [ 29.577131999742051, 37.630819999943071 ], [ 29.022572000097796, 37.176036999707833 ] ] ] } },
{ "type": "Feature", "properties": { "ZONE_ID": "TRAS471", "areakm2": 43141.762477700002, "tctCluster": "Shallow Default", "CSZ_ID": "SZ21", "TECTO_ID": "TSZ080", "magScaleRe": "WC1994", "SS": 30.0, "NF": 55.0, "TF": 15.0, "MINDEPTH": 0.0, "MAXDEPTH": 20.0, "HYPODEPTH1": 2.0, "HYPODEPTH2": 10.0, "HYPODEPTH3": 18.0, "WHDEPTH1": 0.1, "WHDEPTH2": 0.4, "WHDEPTH3": 0.5, "WMAXMAG01": 0.5, "WMAXMAG02": 0.4, "WMAXMAG03": 0.1, "MAXMAG01": 7.3, "MAXMAG02": 7.6, "MAXMAG03": 7.9, "STRIKE1": 35.874059, "STRIKE2": 143.687792, "STRIKE3": 230.027901, "STRIKE4": 311.194851, "DIP1": 52.352912, "DIP2": 51.319283, "DIP3": 51.205031, "DIP4": 55.355478, "aspRatio": 1.0, "mfd_bin": 0.2, "a_val": 5.05, "a_hi": 5.08150133988, "a_mid": 5.0502236194799996, "a_lo": 5.0189458990800002, "sigma_a": 0.083240964211499999, "b_val": 1.18, "b_hi": 1.2243065789600001, "b_mid": 1.18, "b_lo": 1.13569342104, "sigma_b": 0.019334706474, "cum_cov_ab": 0.054321, "MCORNERP1": 5.9, "MCORNERP2": 6.1, "MCORNERP3": 6.3, "MAXMAGP1": 6.2, "MAXMAGP2": 6.4, "utsu_bval2": 0.0, "utsu_aval": 0.0, "utsu_Minfl": 0.0, "Shape_Leng": 7.6448607296300004, "Shape_Area": 3.497778883 }, "geometry": { "type": "Polygon", "coordinates": [ [ [ 32.011496088573665, 36.05185123464679 ], [ 30.39192932617749, 35.675205297986167 ], [ 29.868923000096402, 37.36172000007798 ], [ 30.581377000148507, 37.479000999996231 ], [ 31.526530999605995, 37.811339999641348 ], [ 31.990692999782141, 37.032911000442368 ], [ 32.355893000361732, 36.633821000039177 ], [ 32.534082999630755, 36.152915000227154 ], [ 32.011496088573665, 36.05185123464679 ] ] ] } },
{ "type": "Feature", "properties": { "ZONE_ID": "TRAS472", "areakm2": 10783.822846200001, "tctCluster": "Shallow Default", "CSZ_ID": "SZ22", "TECTO_ID": "TSZ080", "magScaleRe": "WC1994", "SS": 65.0, "NF": 20.0, "TF": 15.0, "MINDEPTH": 0.0, "MAXDEPTH": 20.0, "HYPODEPTH1": 2.0, "HYPODEPTH2": 10.0, "HYPODEPTH3": 18.0, "WHDEPTH1": 0.1, "WHDEPTH2": 0.4, "WHDEPTH3": 0.5, "WMAXMAG01": 0.5, "WMAXMAG02": 0.4, "WMAXMAG03": 0.1, "MAXMAG01": 7.6, "MAXMAG02": 7.9, "MAXMAG03": 8.2, "STRIKE1": 44.983663, "STRIKE2": 119.797828, "STRIKE3": 233.96938, "STRIKE4": 327.390292, "DIP1": 72.907782, "DIP2": 55.181354, "DIP3": 69.524463, "DIP4": 60.760208, "aspRatio": 1.0, "mfd_bin": 0.2, "a_val": 2.97, "a_hi": 3.0087676548400002, "a_mid": 2.9699069933, "a_lo": 2.9310463317500002, "sigma_a": 0.070754254656499996, "b_val": 0.76, "b_hi": 0.79743367458199998, "b_mid": 0.76, "b_lo": 0.72256632541800003, "sigma_b": 0.0138014929603, "cum_cov_ab": 0.054321, "MCORNERP1": 6.9, "MCORNERP2": 7.1, "MCORNERP3": 7.3, "MAXMAGP1": 7.2, "MAXMAGP2": 7.4, "utsu_bval2": 0.0, "utsu_aval": 0.0, "utsu_Minfl": 0.0, "Shape_Leng": 3.3089084709500001, "Shape_Area": 0.580343071534 }, "geometry": { "type": "Polygon", "coordinates": [ [ [ 25.471428010194586, 38.097446232457742 ], [ 26.005158945029336, 38.876739788610394 ], [ 26.249203211259271, 39.064124874663264 ], [ 26.527899999885165, 38.606 ], [ 26.501400000010051, 38.122199999830173 ], [ 26.146696128223766, 38.164992795081503 ], [ 25.471428010194586, 38.097446232457742 ] ] ] } },
{ "type": "Feature", "properties": { "ZONE_ID": "TRAS474", "areakm2": 18612.692814800001, "tctCluster": "Shallow Default", "CSZ_ID": "SZ21", "TECTO_ID": "TSZ080", "magScaleRe": "WC1994", "SS": 40.0, "NF": 50.0, "TF": 10.0, "MINDEPTH": 0.0, "MAXDEPTH": 20.0, "HYPODEPTH1": 2.0, "HYPODEPTH2": 10.0, "HYPODEPTH3": 18.0, "WHDEPTH1": 0.1, "WHDEPTH2": 0.4, "WHDEPTH3": 0.5, "WMAXMAG01": 0.5, "WMAXMAG02": 0.4, "WMAXMAG03": 0.1, "MAXMAG01": 7.3, "MAXMAG02": 7.6, "MAXMAG03": 7.9, "STRIKE1": 31.283515, "STRIKE2": 125.494067, "STRIKE3": 221.157082, "STRIKE4": 300.619951, "DIP1": 46.294833, "DIP2": 53.321441, "DIP3": 52.118888, "DIP4": 47.884841, "aspRatio": 1.0, "mfd_bin": 0.2, "a_val": 3.6, "a_hi": 3.63491825413, "a_mid": 3.59992722409, "a_lo": 3.56493619405, "sigma_a": 0.070903892225500004, "b_val": 0.9, "b_hi": 0.93891563843600001, "b_mid": 0.9, "b_lo": 0.86108436156400003, "sigma_b": 0.014915900115499999, "cum_cov_ab": 0.054321, "MCORNERP1": 6.9, "MCORNERP2": 7.1, "MCORNERP3": 7.3, "MAXMAGP1": 7.2, "MAXMAGP2": 7.4, "utsu_bval2": 0.0, "utsu_aval": 0.0, "utsu_Minfl": 0.0, "Shape_Leng": 5.1434575354899996, "Shape_Area": 1.5019891220399999 }, "geometry": { "type": "Polygon", "coordinates": [ [ [ 30.581377000148507, 37.479000999996231 ], [ 30.474924000442343, 37.881504000409336 ], [ 30.278129000253216, 37.965261000294959 ], [ 30.281718000285537, 38.122346000267726 ], [ 30.371841126466848, 38.542777119668415 ], [ 30.377373212503812, 38.89507857671498 ], [ 30.730773999920189, 38.93853999992109 ], [ 31.037199999780228, 38.822499999675301 ], [ 31.143200000179888, 38.741899999685302 ], [ 31.882999999550407, 38.228699999905132 ], [ 32.076499999775194, 38.149100000164935 ], [ 31.689099999765233, 37.910400000159939 ], [ 31.526530999605995, 37.811339999641348 ], [ 30.581377000148507, 37.479000999996231 ] ] ] } },
{ "type": "Feature", "properties": { "ZONE_ID": "TRAS476", "areakm2": 30261.286141100001, "tctCluster": "Shallow Default", "CSZ_ID": "SZ21", "TECTO_ID": "TSZ080", "magScaleRe": "WC1994", "SS": 30.0, "NF": 55.0, "TF": 15.0, "MINDEPTH": 0.0, "MAXDEPTH": 20.0, "HYPODEPTH1": 2.0, "HYPODEPTH2": 10.0, "HYPODEPTH3": 18.0, "WHDEPTH1": 0.1, "WHDEPTH2": 0.4, "WHDEPTH3": 0.5, "WMAXMAG01": 0.5, "WMAXMAG02": 0.4, "WMAXMAG03": 0.1, "MAXMAG01": 7.3, "MAXMAG02": 7.6, "MAXMAG03": 7.9, "STRIKE1": 35.874059, "STRIKE2": 143.687792, "STRIKE3": 230.027901, "STRIKE4": 311.194851, "DIP1": 52.352912, "DIP2": 51.319283, "DIP3": 51.205031, "DIP4": 55.355478, "aspRatio": 1.0, "mfd_bin": 0.2, "a_val": 4.4608902848199996, "a_hi": 4.4823040516599999, "a_mid": 4.4608688044100004, "a_lo": 4.4394335571600001, "sigma_a": 0.055694113759900001, "b_val": 1.02965196011, "b_hi": 1.0648674489100001, "b_mid": 1.02965196011, "b_lo": 0.99443647129699997, "sigma_b": 0.0122143001778, "cum_cov_ab": 0.054321, "MCORNERP1": 6.6, "MCORNERP2": 6.8, "MCORNERP3": 7.0, "MAXMAGP1": 7.0, "MAXMAGP2": 7.0, "utsu_bval2": 0.0, "utsu_aval": 0.0, "utsu_Minfl": 0.0, "Shape_Leng": 6.4090376498800001, "Shape_Area": 2.4419960647900001 }, "geometry": { "type": "Polygon", "coordinates": [ [ [ 30.39192932617749, 35.675205297986167 ], [ 28.627551688259871, 35.232568740055342 ], [ 28.544366420673839, 35.821841938454725 ], [ 28.479307999764444, 36.282706999728305 ], [ 29.025932000361593, 36.712928999573705 ], [ 29.518932000311622, 37.151156999895704 ], [ 29.868923000096402, 37.36172000007798 ], [ 30.39192932617749, 35.675205297986167 ] ] ] } },
{ "type": "Feature", "properties": { "ZONE_ID": "TRAS477", "areakm2": 7984.7253433200003, "tctCluster": "Shallow Default", "CSZ_ID": "SZ22", "TECTO_ID": "TSZ034", "magScaleRe": "WC1994", "SS": 50.0, "NF": 40.0, "TF": 10.0, "MINDEPTH": 0.0, "MAXDEPTH": 20.0, "HYPODEPTH1": 2.0, "HYPODEPTH2": 10.0, "HYPODEPTH3": 18.0, "WHDEPTH1": 0.1, "WHDEPTH2": 0.4, "WHDEPTH3": 0.5, "WMAXMAG01": 0.5, "WMAXMAG02": 0.4, "WMAXMAG03": 0.1, "MAXMAG01": 7.6, "MAXMAG02": 7.9, "MAXMAG03": 8.2, "STRIKE1": 66.2715, "STRIKE2": 127.218923, "STRIKE3": 214.011727, "STRIKE4": 325.163267, "DIP1": 64.191821, "DIP2": 58.804769, "DIP3": 75.855242, "DIP4": 80.260867, "aspRatio": 1.0, "mfd_bin": 0.2, "a_val": 3.45, "a_hi": 3.5081857484, "a_mid": 3.45001162929, "a_lo": 3.3918375101799998, "sigma_a": 0.098428452102099995, "b_val": 0.848376464562, "b_hi": 0.89329925461100002, "b_mid": 0.848376464562, "b_lo": 0.803453674512, "sigma_b": 0.019876256374599999, "cum_cov_ab": 0.054321, "MCORNERP1": 7.0, "MCORNERP2": 7.2, "MCORNERP3": 7.4, "MAXMAGP1": 7.4, "MAXMAGP2": 7.4, "utsu_bval2": 0.0, "utsu_aval": 0.0, "utsu_Minfl": 0.0, "Shape_Leng": 4.2380320579, "Shape_Area": 0.68485922422000001 }, "geometry": { "type": "Polygon", "coordinates": [ [ [ 26.248901367304313, 39.541362762881249 ], [ 27.196741999643621, 39.639705000085712 ], [ 26.957495999640742, 39.528520999844318 ], [ 26.584892000265654, 39.292990000288341 ], [ 26.249203211259271, 39.064124874663264 ], [ 26.005158945029336, 38.876739788610394 ], [ 25.478749098691992, 39.18623932858219 ], [ 25.514869981064805, 39.666514855076571 ], [ 26.060929999719747, 39.658695999920496 ], [ 26.105871000146578, 39.600975000096241 ], [ 26.248901367304313, 39.541362762881249 ] ] ] } },
{ "type": "Feature", "properties": { "ZONE_ID": "TRAS478", "areakm2": 6929.3697579199998, "tctCluster": "Shallow Default", "CSZ_ID": "SZ21", "TECTO_ID": "TSZ080", "magScaleRe": "WC1994", "SS": 25.0, "NF": 50.0, "TF": 25.0, "MINDEPTH": 0.0, "MAXDEPTH": 20.0, "HYPODEPTH1": 2.0, "HYPODEPTH2": 10.0, "HYPODEPTH3": 18.0, "WHDEPTH1": 0.1, "WHDEPTH2": 0.4, "WHDEPTH3": 0.5, "WMAXMAG01": 0.5, "WMAXMAG02": 0.4, "WMAXMAG03": 0.1, "MAXMAG01": 7.3, "MAXMAG02": 7.6, "MAXMAG03": 7.9, "STRIKE1": 57.718102, "STRIKE2": 0.0, "STRIKE3": 246.245158, "STRIKE4": 0.0, "DIP1": 56.013216, "DIP2": 0.0, "DIP3": 56.349592, "DIP4": 0.0, "aspRatio": 1.0, "mfd_bin": 0.2, "a_val": 4.68, "a_hi": 4.7060593898800001, "a_mid": 4.68004163184, "a_lo": 4.6540238738099999, "sigma_a": 0.064688853895499998, "b_val": 1.05807048271, "b_hi": 1.0952838975800001, "b_mid": 1.05807048271, "b_lo": 1.02085706783, "sigma_b": 0.0136395548455, "cum_cov_ab": 0.054321, "MCORNERP1": 7.1, "MCORNERP2": 7.3, "MCORNERP3": 7.5, "MAXMAGP1": 7.4, "MAXMAGP2": 7.4, "utsu_bval2": 0.0, "utsu_aval": 0.0, "utsu_Minfl": 0.0, "Shape_Leng": 5.5825994278, "Shape_Area": 0.90499905862800001 }, "geometry": { "type": "Polygon", "coordinates": [ [ [ 29.022572000097796, 37.176036999707833 ], [ 28.464764688839352, 36.719085099997415 ], [ 26.933332999618301, 36.43333300041769 ], [ 26.500000000199918, 36.300000000399734 ], [ 26.635346000417655, 36.647142000103258 ], [ 27.44256199973654, 37.022531000205561 ], [ 29.022572000097796, 37.176036999707833 ] ] ] } },
{ "type": "Feature", "properties": { "ZONE_ID": "TRAS479", "areakm2": 22522.290015, "tctCluster": "Shallow Default", "CSZ_ID": "SZ22", "TECTO_ID": "TSZ095", "magScaleRe": "WC1994", "SS": 20.0, "NF": 75.0, "TF": 5.0, "MINDEPTH": 0.0, "MAXDEPTH": 20.0, "HYPODEPTH1": 2.0, "HYPODEPTH2": 10.0, "HYPODEPTH3": 18.0, "WHDEPTH1": 0.1, "WHDEPTH2": 0.4, "WHDEPTH3": 0.5, "WMAXMAG01": 0.5, "WMAXMAG02": 0.4, "WMAXMAG03": 0.1, "MAXMAG01": 6.9, "MAXMAG02": 7.2, "MAXMAG03": 7.5, "STRIKE1": 50.68201, "STRIKE2": 113.109812, "STRIKE3": 244.682748, "STRIKE4": 285.745358, "DIP1": 64.153545, "DIP2": 60.100937, "DIP3": 60.485761, "DIP4": 54.208657, "aspRatio": 1.0, "mfd_bin": 0.2, "a_val": 4.8178663964600004, "a_hi": 4.8500028683399998, "a_mid": 4.8180715426400003, "a_lo": 4.7861402169399998, "sigma_a": 0.080117896944600003, "b_val": 1.09391496511, "b_hi": 1.1350179300200001, "b_mid": 1.09391496511, "b_lo": 1.0528120002100001, "sigma_b": 0.016639774917599999, "cum_cov_ab": 0.054321, "MCORNERP1": 6.6, "MCORNERP2": 6.8, "MCORNERP3": 7.0, "MAXMAGP1": 7.0, "MAXMAGP2": 7.0, "utsu_bval2": 0.0, "utsu_aval": 0.0, "utsu_Minfl": 0.0, "Shape_Leng": 5.2183357857899999, "Shape_Area": 1.14819546051 }, "geometry": { "type": "Polygon", "coordinates": [ [ [ 28.479307999764444, 36.282706999728305 ], [ 28.544366420673839, 35.821841938454725 ], [ 28.084725927559532, 35.567301629766462 ], [ 27.463306275564207, 36.043084401424039 ], [ 26.500000000199918, 36.300000000399734 ], [ 26.933332999618301, 36.43333300041769 ], [ 28.464764688839352, 36.719085099997415 ], [ 28.479307999764444, 36.282706999728305 ] ] ] } },
{ "type": "Feature", "properties": { "ZONE_ID": "TRAS481", "areakm2": 14589.4811262, "tctCluster": "Shallow Default", "CSZ_ID": "SZ42", "TECTO_ID": "TSZ087", "magScaleRe": "WC1994", "SS": 34.0, "NF": 33.0, "TF": 33.0, "MINDEPTH": 0.0, "MAXDEPTH": 20.0, "HYPODEPTH1": 2.0, "HYPODEPTH2": 10.0, "HYPODEPTH3": 18.0, "WHDEPTH1": 0.1, "WHDEPTH2": 0.4, "WHDEPTH3": 0.5, "WMAXMAG01": 0.5, "WMAXMAG02": 0.4, "WMAXMAG03": 0.1, "MAXMAG01": 7.7, "MAXMAG02": 8.0, "MAXMAG03": 8.3, "STRIKE1": 0.0, "STRIKE2": 0.0, "STRIKE3": 0.0, "STRIKE4": 0.0, "DIP1": 89.99, "DIP2": 0.0, "DIP3": 0.0, "DIP4": 0.0, "aspRatio": 1.0, "mfd_bin": 0.2, "a_val": 3.95, "a_hi": 4.0025780440399998, "a_mid": 3.9500611326900001, "a_lo": 3.89754422133, "sigma_a": 0.100777214418, "b_val": 0.870491540309, "b_hi": 0.91296038016400005, "b_mid": 0.870491540309, "b_lo": 0.82802270045399995, "sigma_b": 0.017764048145700002, "cum_cov_ab": 0.054321, "MCORNERP1": 7.4, "MCORNERP2": 7.6, "MCORNERP3": 7.8, "MAXMAGP1": 7.8, "MAXMAGP2": 7.8, "utsu_bval2": 0.0, "utsu_aval": 0.0, "utsu_Minfl": 0.0, "Shape_Leng": 10.4453658523, "Shape_Area": 1.56340181037 }, "geometry": { "type": "Polygon", "coordinates": [ [ [ 37.88158299955586, 38.067149999972571 ], [ 40.028065000299591, 38.944307999714454 ], [ 40.413175999972452, 39.309588000385986 ], [ 41.342594999559651, 39.0044010001061 ], [ 40.58822600012985, 38.742383000375241 ], [ 39.359534113808365, 38.335547684178323 ], [ 38.091699999855166, 37.929843000154392 ], [ 37.367702999893595, 37.416148000030205 ], [ 37.285032999773193, 37.356736999612906 ], [ 37.114374999806444, 37.4394210003789 ], [ 36.942006000076901, 37.326584000351374 ], [ 36.594792999797164, 37.440452000259654 ], [ 36.763653999632425, 37.587735999716642 ], [ 37.493537000332367, 37.940471000136597 ], [ 37.88158299955586, 38.067149999972571 ] ] ] } },
{ "type": "Feature", "properties": { "ZONE_ID": "TRAS482", "areakm2": 11337.289613700001, "tctCluster": "Shallow Default", "CSZ_ID": "SZ42", "TECTO_ID": "TSZ087", "magScaleRe": "WC1994", "SS": 34.0, "NF": 33.0, "TF": 33.0, "MINDEPTH": 0.0, "MAXDEPTH": 20.0, "HYPODEPTH1": 2.0, "HYPODEPTH2": 10.0, "HYPODEPTH3": 18.0, "WHDEPTH1": 0.1, "WHDEPTH2": 0.4, "WHDEPTH3": 0.5, "WMAXMAG01": 0.5, "WMAXMAG02": 0.4, "WMAXMAG03": 0.1, "MAXMAG01": 7.7, "MAXMAG02": 8.0, "MAXMAG03": 8.3, "STRIKE1": 0.0, "STRIKE2": 0.0, "STRIKE3": 0.0, "STRIKE4": 0.0, "DIP1": 89.99, "DIP2": 0.0, "DIP3": 0.0, "DIP4": 0.0, "aspRatio": 1.0, "mfd_bin": 0.2, "a_val": 4.0507819773299998, "a_hi": 4.0619845893499997, "a_mid": 4.0511048714999998, "a_lo": 4.0402251536499998, "sigma_a": 0.036063978188000001, "b_val": 0.97839586779200005, "b_hi": 1.0049310970200001, "b_mid": 0.97839586779200005, "b_lo": 0.95186063856600001, "sigma_b": 0.0069350058905299997, "cum_cov_ab": 0.054321, "MCORNERP1": 6.2, "MCORNERP2": 6.4, "MCORNERP3": 6.6, "MAXMAGP1": 6.6, "MAXMAGP2": 6.8, "utsu_bval2": 0.0, "utsu_aval": 0.0, "utsu_Minfl": 0.0, "Shape_Leng": 7.0786101199100004, "Shape_Area": 0.91488565619399997 }, "geometry": { "type": "Polygon", "coordinates": [ [ [ 40.58822600012985, 38.742383000375241 ], [ 41.441042723642852, 38.409991540577209 ], [ 41.40892968795481, 38.303434648490281 ], [ 41.121052000249676, 38.37191699976978 ], [ 41.02795300033074, 38.305582000209199 ], [ 40.153601914197054, 38.265482878631985 ], [ 39.326188999722604, 38.04482500017366 ], [ 38.979079999742225, 37.857542999809652 ], [ 38.091699999855166, 37.929843000154392 ], [ 39.359534113808365, 38.335547684178323 ], [ 40.58822600012985, 38.742383000375241 ] ] ] } },
{ "type": "Feature", "properties": { "ZONE_ID": "TRAS483", "areakm2": 8482.7968005500006, "tctCluster": "Shallow Default", "CSZ_ID": "SZ45", "TECTO_ID": "TSZ085", "magScaleRe": "WC1994", "SS": 65.0, "NF": 0.0, "TF": 35.0, "MINDEPTH": 0.0, "MAXDEPTH": 20.0, "HYPODEPTH1": 2.0, "HYPODEPTH2": 10.0, "HYPODEPTH3": 18.0, "WHDEPTH1": 0.1, "WHDEPTH2": 0.4, "WHDEPTH3": 0.5, "WMAXMAG01": 0.5, "WMAXMAG02": 0.4, "WMAXMAG03": 0.1, "MAXMAG01": 7.7, "MAXMAG02": 8.0, "MAXMAG03": 8.3, "STRIKE1": 34.27945, "STRIKE2": 95.7012, "STRIKE3": 241.26707, "STRIKE4": 324.37025, "DIP1": 86.5003, "DIP2": 89.9008, "DIP3": 85.824698, "DIP4": 85.003333, "aspRatio": 1.0, "mfd_bin": 0.2, "a_val": 3.69201838036, "a_hi": 3.7359049363099999, "a_mid": 3.6920381989700002, "a_lo": 3.6481714616200001, "sigma_a": 0.104333015286, "b_val": 0.86111408746399998, "b_hi": 0.90736038175800005, "b_mid": 0.86111408746399998, "b_lo": 0.81486779316900004, "sigma_b": 0.021064687666799999, "cum_cov_ab": 0.054321, "MCORNERP1": 7.0, "MCORNERP2": 7.2, "MCORNERP3": 7.4, "MAXMAGP1": 7.4, "MAXMAGP2": 7.4, "utsu_bval2": 0.0, "utsu_aval": 0.0, "utsu_Minfl": 0.0, "Shape_Leng": 11.128814669700001, "Shape_Area": 3.5559644168300002 }, "geometry": { "type": "Polygon", "coordinates": [ [ [ 42.988586000243743, 39.224237999883826 ], [ 44.07710300000349, 38.673750000062512 ], [ 44.686300000244842, 38.490500000374766 ], [ 45.263598999893986, 38.478879999612332 ], [ 45.866991000434382, 38.258105999792122 ], [ 46.035610521508431, 37.631378998741866 ], [ 45.904823000381214, 37.13881800015065 ], [ 44.064451000213523, 37.896591000074636 ], [ 42.592620000013028, 38.656362000406034 ], [ 42.416850999973747, 38.694908000004261 ], [ 41.342594999559651, 39.0044010001061 ], [ 41.509290000233364, 39.427965999631226 ], [ 41.795899999985068, 39.363449000271203 ], [ 42.988586000243743, 39.224237999883826 ] ] ] } },
{ "type": "Feature", "properties": { "ZONE_ID": "TRAS485", "areakm2": 11647.177868299999, "tctCluster": "Shallow Default", "CSZ_ID": "SZ22", "TECTO_ID": "TSZ080", "magScaleRe": "WC1994", "SS": 50.0, "NF": 30.0, "TF": 20.0, "MINDEPTH": 0.0, "MAXDEPTH": 20.0, "HYPODEPTH1": 2.0, "HYPODEPTH2": 10.0, "HYPODEPTH3": 18.0, "WHDEPTH1": 0.1, "WHDEPTH2": 0.4, "WHDEPTH3": 0.5, "WMAXMAG01": 0.5, "WMAXMAG02": 0.4, "WMAXMAG03": 0.1, "MAXMAG01": 7.6, "MAXMAG02": 7.9, "MAXMAG03": 8.2, "STRIKE1": 30.419048, "STRIKE2": 140.936, "STRIKE3": 222.644186, "STRIKE4": 286.409381, "DIP1": 82.142857, "DIP2": 79.688724, "DIP3": 73.042323, "DIP4": 70.201071, "aspRatio": 1.0, "mfd_bin": 0.2, "a_val": 3.67, "a_hi": 3.7021977215700002, "a_mid": 3.66988369769, "a_lo": 3.6375696737999998, "sigma_a": 0.064933932599199995, "b_val": 0.86258413053600003, "b_hi": 0.90049351806900002, "b_mid": 0.86258413053600003, "b_lo": 0.82467474300300003, "sigma_b": 0.0141545048957, "cum_cov_ab": 0.054321, "MCORNERP1": 7.2, "MCORNERP2": 7.4, "MCORNERP3": 7.6, "MAXMAGP1": 7.4, "MAXMAGP2": 7.6, "utsu_bval2": 0.0, "utsu_aval": 0.0, "utsu_Minfl": 0.0, "Shape_Leng": 4.8566789028699997, "Shape_Area": 0.95473923009499995 }, "geometry": { "type": "Polygon", "coordinates": [ [ [ 27.784637999644019, 39.529688999747577 ], [ 27.580561434362778, 39.229558186760983 ], [ 27.269283937403827, 39.006591539068324 ], [ 26.986470267388995, 38.788733782538088 ], [ 26.836852713382086, 38.386408529530058 ], [ 26.760646999659343, 38.037697999762941 ], [ 26.501400000010051, 38.122199999830173 ], [ 26.527899999885165, 38.606 ], [ 26.249203211259271, 39.064124874663264 ], [ 26.584892000265654, 39.292990000288341 ], [ 26.957495999640742, 39.528520999844318 ], [ 27.784637999644019, 39.529688999747577 ] ] ] } },
{ "type": "Feature", "properties": { "ZONE_ID": "TRAS486", "areakm2": 16605.830618, "tctCluster": "Shallow Default", "CSZ_ID": "SZ21", "TECTO_ID": "TSZ080", "magScaleRe": "WC1994", "SS": 35.0, "NF": 65.0, "TF": 0.0, "MINDEPTH": 0.0, "MAXDEPTH": 20.0, "HYPODEPTH1": 2.0, "HYPODEPTH2": 10.0, "HYPODEPTH3": 18.0, "WHDEPTH1": 0.1, "WHDEPTH2": 0.4, "WHDEPTH3": 0.5, "WMAXMAG01": 0.5, "WMAXMAG02": 0.4, "WMAXMAG03": 0.1, "MAXMAG01": 7.3, "MAXMAG02": 7.6, "MAXMAG03": 7.9, "STRIKE1": 70.92348, "STRIKE2": 102.9825, "STRIKE3": 247.735754, "STRIKE4": 275.8238, "DIP1": 58.32404, "DIP2": 51.396333, "DIP3": 55.809446, "DIP4": 62.5072, "aspRatio": 1.0, "mfd_bin": 0.2, "a_val": 3.7277372665600002, "a_hi": 3.7495944372199999, "a_mid": 3.7276465542800001, "a_lo": 3.70569867133, "sigma_a": 0.051408277753199998, "b_val": 0.86895320086100003, "b_hi": 0.90130022033000001, "b_mid": 0.86895320086100003, "b_lo": 0.83660618139099996, "sigma_b": 0.0103055146935, "cum_cov_ab": 0.054321, "MCORNERP1": 6.8, "MCORNERP2": 7.0, "MCORNERP3": 7.2, "MAXMAGP1": 7.2, "MAXMAGP2": 7.4, "utsu_bval2": 0.0, "utsu_aval": 0.0, "utsu_Minfl": 0.0, "Shape_Leng": 6.0088877285600004, "Shape_Area": 1.3400412938699999 }, "geometry": { "type": "Polygon", "coordinates": [ [ [ 27.785827999662501, 37.666773999620432 ], [ 27.154291278619667, 37.824660157940002 ], [ 26.760646999659343, 38.037697999762941 ], [ 26.867506065752366, 38.010357578939193 ], [ 26.970413749095314, 38.100857953631703 ], [ 27.082991836104384, 38.131328845250039 ], [ 27.54830299988356, 38.26600699992315 ], [ 27.774731999682103, 38.303949000446039 ], [ 28.004800000020055, 38.390800000020022 ], [ 28.202174109647501, 38.382127395962584 ], [ 28.356175922480872, 38.344169203146237 ], [ 28.483064739546137, 38.280182533996822 ], [ 28.599519290383, 38.196380078777679 ], [ 28.725324999948839, 38.086300999991181 ], [ 29.330844999697035, 38.130270999706909 ], [ 29.459479999802227, 37.741385000417495 ], [ 29.465617999571066, 37.668584000351359 ], [ 28.291001999842479, 37.5922690001143 ], [ 27.785827999662501, 37.666773999620432 ] ] ] } },
{ "type": "Feature", "properties": { "ZONE_ID": "TRAS487", "areakm2": 18892.9318079, "tctCluster": "Shallow Default", "CSZ_ID": "SZ21", "TECTO_ID": "TSZ080", "magScaleRe": "WC1994", "SS": 40.0, "NF": 50.0, "TF": 10.0, "MINDEPTH": 0.0, "MAXDEPTH": 20.0, "HYPODEPTH1": 2.0, "HYPODEPTH2": 10.0, "HYPODEPTH3": 18.0, "WHDEPTH1": 0.1, "WHDEPTH2": 0.4, "WHDEPTH3": 0.5, "WMAXMAG01": 0.5, "WMAXMAG02": 0.4, "WMAXMAG03": 0.1, "MAXMAG01": 7.3, "MAXMAG02": 7.6, "MAXMAG03": 7.9, "STRIKE1": 31.283515, "STRIKE2": 125.494067, "STRIKE3": 221.157082, "STRIKE4": 300.619951, "DIP1": 46.294833, "DIP2": 53.321441, "DIP3": 52.118888, "DIP4": 47.884841, "aspRatio": 1.0, "mfd_bin": 0.2, "a_val": 3.2447456460500002, "a_hi": 3.2914777635400001, "a_mid": 3.2449852779400001, "a_lo": 3.1984927923300002, "sigma_a": 0.084420543120799996, "b_val": 0.86184396340400005, "b_hi": 0.90325179465700001, "b_mid": 0.86184396340400005, "b_lo": 0.82043613215099997, "sigma_b": 0.016887529340900001, "cum_cov_ab": 0.054321, "MCORNERP1": 6.8, "MCORNERP2": 7.0, "MCORNERP3": 7.2, "MAXMAGP1": 7.0, "MAXMAGP2": 7.2, "utsu_bval2": 0.0, "utsu_aval": 0.0, "utsu_Minfl": 0.0, "Shape_Leng": 6.4748119206599997, "Shape_Area": 1.5246035794599999 }, "geometry": { "type": "Polygon", "coordinates": [ [ [ 29.580017899006862, 38.747482079034796 ], [ 30.087390532946813, 38.684916913384882 ], [ 30.371841126466848, 38.542777119668415 ], [ 30.281718000285537, 38.122346000267726 ], [ 30.278129000253216, 37.965261000294959 ], [ 30.277836000231275, 37.952451000413419 ], [ 30.110453000205837, 37.850716999789768 ], [ 29.577131999742051, 37.630819999943071 ], [ 29.465617999571066, 37.668584000351359 ], [ 29.459479999802227, 37.741385000417495 ], [ 29.330844999697035, 38.130270999706909 ], [ 28.824268999614674, 38.43574499973198 ], [ 28.188518999752091, 38.802817000304401 ], [ 27.774981003970197, 39.077600077881357 ], [ 28.029663999993659, 39.044870000250341 ], [ 29.15088799988132, 38.929447999725483 ], [ 29.454945000211637, 38.809117000349318 ], [ 29.580017899006862, 38.747482079034796 ] ] ] } },
{ "type": "Feature", "properties": { "ZONE_ID": "TRAS492", "areakm2": 16982.560117199999, "tctCluster": "Shallow Default", "CSZ_ID": "SZ21", "TECTO_ID": "TSZ080", "magScaleRe": "WC1994", "SS": 40.0, "NF": 50.0, "TF": 10.0, "MINDEPTH": 0.0, "MAXDEPTH": 20.0, "HYPODEPTH1": 2.0, "HYPODEPTH2": 10.0, "HYPODEPTH3": 18.0, "WHDEPTH1": 0.1, "WHDEPTH2": 0.4, "WHDEPTH3": 0.5, "WMAXMAG01": 0.5, "WMAXMAG02": 0.4, "WMAXMAG03": 0.1, "MAXMAG01": 7.3, "MAXMAG02": 7.6, "MAXMAG03": 7.9, "STRIKE1": 31.283515, "STRIKE2": 125.494067, "STRIKE3": 221.157082, "STRIKE4": 300.619951, "DIP1": 46.294833, "DIP2": 53.321441, "DIP3": 52.118888, "DIP4": 47.884841, "aspRatio": 1.0, "mfd_bin": 0.2, "a_val": 4.53, "a_hi": 4.5550051068100004, "a_mid": 4.5299649030599998, "a_lo": 4.5049246993100001, "sigma_a": 0.062996628487399994, "b_val": 1.05, "b_hi": 1.0875479969499999, "b_mid": 1.05, "b_lo": 1.0124520030499999, "sigma_b": 0.0138859211518, "cum_cov_ab": 0.054321, "MCORNERP1": 7.2, "MCORNERP2": 7.4, "MCORNERP3": 7.6, "MAXMAGP1": 7.4, "MAXMAGP2": 7.4, "utsu_bval2": 0.0, "utsu_aval": 0.0, "utsu_Minfl": 0.0, "Shape_Leng": 7.0232873059600003, "Shape_Area": 1.37044224792 }, "geometry": { "type": "Polygon", "coordinates": [ [ [ 30.377373212503812, 38.89507857671498 ], [ 30.371841126466848, 38.542777119668415 ], [ 30.087390532946813, 38.684916913384882 ], [ 29.580017899006862, 38.747482079034796 ], [ 29.454945000211637, 38.809117000349318 ], [ 29.15088799988132, 38.929447999725483 ], [ 28.029663999993659, 39.044870000250341 ], [ 27.774981003970197, 39.077600077881357 ], [ 27.679575000186162, 39.157992999977012 ], [ 27.580561434362778, 39.229558186760983 ], [ 27.784637999644019, 39.529688999747577 ], [ 28.207767999793418, 39.494066000045905 ], [ 29.065084293205643, 39.438626865337596 ], [ 29.235099201467051, 39.409294259122817 ], [ 30.038999086538638, 39.18800282357148 ], [ 30.730773999920189, 38.93853999992109 ], [ 30.377373212503812, 38.89507857671498 ] ] ] } },
{ "type": "Feature", "properties": { "ZONE_ID": "TRAS493", "areakm2": 16302.1973313, "tctCluster": "Shallow Default", "CSZ_ID": "SZ21", "TECTO_ID": "TSZ080", "magScaleRe": "WC1994", "SS": 20.0, "NF": 75.0, "TF": 5.0, "MINDEPTH": 0.0, "MAXDEPTH": 20.0, "HYPODEPTH1": 2.0, "HYPODEPTH2": 10.0, "HYPODEPTH3": 18.0, "WHDEPTH1": 0.1, "WHDEPTH2": 0.4, "WHDEPTH3": 0.5, "WMAXMAG01": 0.5, "WMAXMAG02": 0.4, "WMAXMAG03": 0.1, "MAXMAG01": 7.3, "MAXMAG02": 7.6, "MAXMAG03": 7.9, "STRIKE1": 59.418345, "STRIKE2": 119.574317, "STRIKE3": 237.209864, "STRIKE4": 294.876788, "DIP1": 50.260793, "DIP2": 50.561829, "DIP3": 53.882833, "DIP4": 53.53303, "aspRatio": 1.0, "mfd_bin": 0.2, "a_val": 3.8819155264599998, "a_hi": 3.9152920372, "a_mid": 3.8816800638600002, "a_lo": 3.84806809051, "sigma_a": 0.076805637045500003, "b_val": 0.88759429745899998, "b_hi": 0.92564890018500001, "b_mid": 0.88759429745899998, "b_lo": 0.84953969473400004, "sigma_b": 0.0142631527043, "cum_cov_ab": 0.054321, "MCORNERP1": 6.6, "MCORNERP2": 6.8, "MCORNERP3": 7.0, "MAXMAGP1": 7.0, "MAXMAGP2": 7.2, "utsu_bval2": 0.0, "utsu_aval": 0.0, "utsu_Minfl": 0.0, "Shape_Leng": 6.3350953704700004, "Shape_Area": 1.3155389877899999 }, "geometry": { "type": "Polygon", "coordinates": [ [ [ 27.580561434362778, 39.229558186760983 ], [ 27.679575000186162, 39.157992999977012 ], [ 27.774981003970197, 39.077600077881357 ], [ 28.188518999752091, 38.802817000304401 ], [ 28.824268999614674, 38.43574499973198 ], [ 29.330844999697035, 38.130270999706909 ], [ 28.725324999948839, 38.086300999991181 ], [ 28.599519290383, 38.196380078777679 ], [ 28.483064739546137, 38.280182533996822 ], [ 28.356175922480872, 38.344169203146237 ], [ 28.202174109647501, 38.382127395962584 ], [ 28.004800000020055, 38.390800000020022 ], [ 27.774731999682103, 38.303949000446039 ], [ 27.54830299988356, 38.26600699992315 ], [ 27.082991836104384, 38.131328845250039 ], [ 26.970413749095314, 38.100857953631703 ], [ 26.867506065752366, 38.010357578939193 ], [ 26.760646999659343, 38.037697999762941 ], [ 26.836852713382086, 38.386408529530058 ], [ 26.986470267388995, 38.788733782538088 ], [ 27.269283937403827, 39.006591539068324 ], [ 27.580561434362778, 39.229558186760983 ] ] ] } },
{ "type": "Feature", "properties": { "ZONE_ID": "TRAS495", "areakm2": 109042.83482, "tctCluster": "Shallow Default", "CSZ_ID": "SZ33", "TECTO_ID": "TSZ003", "magScaleRe": "WC1994", "SS": 25.0, "NF": 50.0, "TF": 25.0, "MINDEPTH": 0.0, "MAXDEPTH": 20.0, "HYPODEPTH1": 2.0, "HYPODEPTH2": 10.0, "HYPODEPTH3": 18.0, "WHDEPTH1": 0.1, "WHDEPTH2": 0.4, "WHDEPTH3": 0.5, "WMAXMAG01": 0.5, "WMAXMAG02": 0.4, "WMAXMAG03": 0.1, "MAXMAG01": 7.1, "MAXMAG02": 7.4, "MAXMAG03": 7.7, "STRIKE1": 65.3675, "STRIKE2": 104.610411, "STRIKE3": 253.542529, "STRIKE4": 288.026209, "DIP1": 57.402604, "DIP2": 56.564422, "DIP3": 54.182569, "DIP4": 41.811018, "aspRatio": 1.0, "mfd_bin": 0.2, "a_val": 4.05, "a_hi": 4.1200509612999996, "a_mid": 4.0491235575499998, "a_lo": 3.9781961538099999, "sigma_a": 0.15597727467, "b_val": 1.0, "b_hi": 1.0572403888899999, "b_mid": 1.0, "b_lo": 0.94275961111200002, "sigma_b": 0.032270544872799997, "cum_cov_ab": 0.054321, "MCORNERP1": 6.0, "MCORNERP2": 6.2, "MCORNERP3": 6.4, "MAXMAGP1": 6.4, "MAXMAGP2": 6.6, "utsu_bval2": 0.0, "utsu_aval": 0.0, "utsu_Minfl": 0.0, "Shape_Leng": 23.973804402, "Shape_Area": 8.7994334526499998 }, "geometry": { "type": "Polygon", "coordinates": [ [ [ 32.876269000114291, 42.091489000117292 ], [ 31.398611065748128, 41.31716537638107 ], [ 30.696986633426434, 41.24403795748583 ], [ 30.600834491818375, 41.599063710122152 ], [ 32.631900000384746, 42.635399999710273 ], [ 34.03190000028485, 42.835400000209916 ], [ 36.332735000020307, 42.782992999927046 ], [ 37.217222999641763, 42.579616000178305 ], [ 37.783207000003074, 42.176867000111997 ], [ 40.666299999645332, 42.1211999996803 ], [ 41.791094999634595, 42.112488999967411 ], [ 41.460748450680512, 41.375338484283702 ], [ 41.160352897068606, 41.324826094748516 ], [ 40.147468000048207, 41.067595000109236 ], [ 38.637546999694337, 41.110189000222249 ], [ 36.676511377797908, 41.647015523847415 ], [ 35.367451000363417, 42.120060000168905 ], [ 34.259885999939002, 42.334020999669463 ], [ 32.876269000114291, 42.091489000117292 ] ] ] } },
{ "type": "Feature", "properties": { "ZONE_ID": "TRAS496", "areakm2": 97385.035152500001, "tctCluster": "Shallow Default", "CSZ_ID": "SZ33", "TECTO_ID": "TSZ003", "magScaleRe": "WC1994", "SS": 25.0, "NF": 50.0, "TF": 25.0, "MINDEPTH": 0.0, "MAXDEPTH": 20.0, "HYPODEPTH1": 2.0, "HYPODEPTH2": 10.0, "HYPODEPTH3": 18.0, "WHDEPTH1": 0.1, "WHDEPTH2": 0.4, "WHDEPTH3": 0.5, "WMAXMAG01": 0.5, "WMAXMAG02": 0.4, "WMAXMAG03": 0.1, "MAXMAG01": 7.5, "MAXMAG02": 7.8, "MAXMAG03": 8.1, "STRIKE1": 65.3675, "STRIKE2": 104.610411, "STRIKE3": 253.542529, "STRIKE4": 288.026209, "DIP1": 57.402604, "DIP2": 56.564422, "DIP3": 54.182569, "DIP4": 41.811018, "aspRatio": 1.0, "mfd_bin": 0.2, "a_val": 4.0, "a_hi": 4.1242262372900003, "a_mid": 3.9999372344099999, "a_lo": 3.87564823152, "sigma_a": 0.22397647558, "b_val": 1.0, "b_hi": 1.0670191388000001, "b_mid": 1.0, "b_lo": 0.93298086120299994, "sigma_b": 0.044238341066100001, "cum_cov_ab": 0.054321, "MCORNERP1": 6.6, "MCORNERP2": 6.8, "MCORNERP3": 7.0, "MAXMAGP1": 6.8, "MAXMAGP2": 7.0, "utsu_bval2": 0.0, "utsu_aval": 0.0, "utsu_Minfl": 0.0, "Shape_Leng": 20.920908827200002, "Shape_Area": 7.8586835889 }, "geometry": { "type": "Polygon", "coordinates": [ [ [ 36.676511377797908, 41.647015523847415 ], [ 38.637546999694337, 41.110189000222249 ], [ 40.147468000048207, 41.067595000109236 ], [ 41.160352897068606, 41.324826094748516 ], [ 40.734745501203975, 40.605251776248508 ], [ 39.578316000183293, 40.203097999672991 ], [ 39.346063999853754, 39.999266999672329 ], [ 38.690000000299847, 40.243801999862455 ], [ 37.181901000330924, 40.709505000055742 ], [ 36.238820000242868, 41.043177000018602 ], [ 35.30998999993858, 41.264006999723335 ], [ 34.006634999805442, 41.310865999566261 ], [ 33.342501999567673, 41.27345900033265 ], [ 32.930818000250554, 41.129911999639148 ], [ 31.886314000390882, 40.87785699980077 ], [ 31.398611065748128, 41.31716537638107 ], [ 32.876269000114291, 42.091489000117292 ], [ 34.259885999939002, 42.334020999669463 ], [ 35.367451000363417, 42.120060000168905 ], [ 36.676511377797908, 41.647015523847415 ] ] ] } },
{ "type": "Feature", "properties": { "ZONE_ID": "UAAS496", "areakm2": 539120.60778600001, "tctCluster": "Shallow Default", "CSZ_ID": "SZ31", "TECTO_ID": "TSZ167", "magScaleRe": "WC1994", "SS": 33.0, "NF": 33.0, "TF": 34.0, "MINDEPTH": 0.0, "MAXDEPTH": 25.0, "HYPODEPTH1": 8.0, "HYPODEPTH2": 10.0, "HYPODEPTH3": 15.0, "WHDEPTH1": 0.1, "WHDEPTH2": 0.4, "WHDEPTH3": 0.5, "WMAXMAG01": 0.5, "WMAXMAG02": 0.4, "WMAXMAG03": 0.1, "MAXMAG01": 6.1, "MAXMAG02": 6.4, "MAXMAG03": 6.7, "STRIKE1": 0.0, "STRIKE2": 0.0, "STRIKE3": 0.0, "STRIKE4": 0.0, "DIP1": 89.99, "DIP2": 0.0, "DIP3": 0.0, "DIP4": 0.0, "aspRatio": 1.0, "mfd_bin": 0.2, "a_val": 3.76, "a_hi": 3.7654099071, "a_mid": 3.7595643896399999, "a_lo": 3.7537188721799999, "sigma_a": 0.01, "b_val": 1.01, "b_hi": 1.0418639364, "b_mid": 1.01, "b_lo": 0.97813606360399996, "sigma_b": 0.01, "cum_cov_ab": 0.054321, "MCORNERP1": 6.0, "MCORNERP2": 6.2, "MCORNERP3": 6.4, "MAXMAGP1": 6.4, "MAXMAGP2": 6.4, "utsu_bval2": 0.0, "utsu_aval": 0.0, "utsu_Minfl": 0.0, "Shape_Leng": 38.219081503399998, "Shape_Area": 43.505434538199999 }, "geometry": { "type": "Polygon", "coordinates": [ [ [ 36.894786999820212, 46.955034999965335 ], [ 36.746465000159674, 46.203247999995256 ], [ 37.031276536582936, 45.503978476625434 ], [ 35.987354999733498, 45.693014000295932 ], [ 34.364867000112042, 45.20828899973759 ], [ 33.528846765166122, 45.387748704139426 ], [ 31.841092421378221, 45.323784379545543 ], [ 31.217275628267657, 45.044490252223397 ], [ 31.485056999880669, 44.144337999698962 ], [ 29.815959412097243, 45.198913975699497 ], [ 28.424813897843137, 45.795119196094106 ], [ 26.999816999754785, 47.99038600041365 ], [ 26.649999999900103, 48.249999999900126 ], [ 26.400000000399757, 48.2 ], [ 26.199999999900115, 48.00000000039978 ], [ 25.2661730002838, 48.095346999664343 ], [ 24.426278000329489, 48.044478000159643 ], [ 22.885742187152289, 49.037876128980201 ], [ 23.526000000099998, 49.911999999600368 ], [ 24.120000000099992, 50.415000000249847 ], [ 30.980871000296474, 52.007137999619033 ], [ 30.127596000255267, 50.461808000438907 ], [ 30.225039999996056, 49.531419000186759 ], [ 31.056087000214916, 48.664174999876423 ], [ 31.96375400034691, 47.940888000281063 ], [ 32.779161999726568, 47.867977999684967 ], [ 34.178269999860674, 47.27473799965901 ], [ 35.617950000392284, 47.353190000418238 ], [ 36.894786999820212, 46.955034999965335 ] ] ] } },
{ "type": "Feature", "properties": { "ZONE_ID": "UKRA501", "areakm2": 116655.876927, "tctCluster": "Shallow Default", "CSZ_ID": "SZ31", "TECTO_ID": "TSZ365", "magScaleRe": "WC1994", "SS": 34.0, "NF": 33.0, "TF": 33.0, "MINDEPTH": 5.0, "MAXDEPTH": 25.0, "HYPODEPTH1": 5.0, "HYPODEPTH2": 10.0, "HYPODEPTH3": 20.0, "WHDEPTH1": 0.2, "WHDEPTH2": 0.4, "WHDEPTH3": 0.4, "WMAXMAG01": 0.5, "WMAXMAG02": 0.4, "WMAXMAG03": 0.1, "MAXMAG01": 6.9, "MAXMAG02": 7.2, "MAXMAG03": 7.5, "STRIKE1": 0.0, "STRIKE2": 0.0, "STRIKE3": 0.0, "STRIKE4": 0.0, "DIP1": 89.99, "DIP2": 0.0, "DIP3": 0.0, "DIP4": 0.0, "aspRatio": 1.0, "mfd_bin": 0.2, "a_val": 4.0130454720199999, "a_hi": 4.1459430770200001, "a_mid": 4.0127911766900004, "a_lo": 3.8796392763599998, "sigma_a": 0.226568873161, "b_val": 0.972124367208, "b_hi": 1.0458228054700001, "b_mid": 0.972124367208, "b_lo": 0.89842592894200002, "sigma_b": 0.053495557364200003, "cum_cov_ab": 0.054321, "MCORNERP1": 6.0, "MCORNERP2": 6.2, "MCORNERP3": 6.4, "MAXMAGP1": 6.4, "MAXMAGP2": 6.6, "utsu_bval2": 0.0, "utsu_aval": 0.0, "utsu_Minfl": 0.0, "Shape_Leng": 18.3006843557, "Shape_Area": 9.41378338036 }, "geometry": { "type": "Polygon", "coordinates": [ [ [ 36.024887254743078, 44.477165831238153 ], [ 34.084841586370146, 43.923776395464358 ], [ 32.437700000254836, 44.220999999750234 ], [ 31.485056999880669, 44.144337999698962 ], [ 31.217275628267657, 45.044490252223397 ], [ 31.841092421378221, 45.323784379545543 ], [ 33.528846765166122, 45.387748704139426 ], [ 34.364867000112042, 45.20828899973759 ], [ 35.987354999733498, 45.693014000295932 ], [ 37.031276536582936, 45.503978476625434 ], [ 39.616000540992218, 44.46299865636297 ], [ 39.592268597717691, 44.202008427946623 ], [ 38.443841476502996, 44.023805099825552 ], [ 37.577700000055017, 43.919799999870179 ], [ 36.024887254743078, 44.477165831238153 ] ] ] } },
{ "type": "Feature", "properties": { "ZONE_ID": "UKRA502", "areakm2": 250544.525826, "tctCluster": "Shallow Default", "CSZ_ID": "SZ33", "TECTO_ID": "TSZ010", "magScaleRe": "WC1994", "SS": 34.0, "NF": 33.0, "TF": 33.0, "MINDEPTH": 5.0, "MAXDEPTH": 25.0, "HYPODEPTH1": 5.0, "HYPODEPTH2": 10.0, "HYPODEPTH3": 20.0, "WHDEPTH1": 0.2, "WHDEPTH2": 0.4, "WHDEPTH3": 0.4, "WMAXMAG01": 0.5, "WMAXMAG02": 0.4, "WMAXMAG03": 0.1, "MAXMAG01": 6.0, "MAXMAG02": 6.3, "MAXMAG03": 6.6, "STRIKE1": 0.0, "STRIKE2": 0.0, "STRIKE3": 0.0, "STRIKE4": 0.0, "DIP1": 89.99, "DIP2": 0.0, "DIP3": 0.0, "DIP4": 0.0, "aspRatio": 1.0, "mfd_bin": 0.2, "a_val": 4.12, "a_hi": 4.2168786713399999, "a_mid": 4.1201372778299996, "a_lo": 4.0233958843200002, "sigma_a": 0.163334048506, "b_val": 1.07, "b_hi": 1.1269999422500001, "b_mid": 1.07, "b_lo": 1.01300005775, "sigma_b": 0.032, "cum_cov_ab": 0.054321, "MCORNERP1": 6.0, "MCORNERP2": 6.2, "MCORNERP3": 6.4, "MAXMAGP1": 6.4, "MAXMAGP2": 6.4, "utsu_bval2": 0.0, "utsu_aval": 0.0, "utsu_Minfl": 0.0, "Shape_Leng": 31.090211950800001, "Shape_Area": 22.381645410800001 }, "geometry": { "type": "Polygon", "coordinates": [ [ [ 28.221563197083924, 42.630506344192497 ], [ 28.58578304814921, 43.179957704484536 ], [ 29.114370414862833, 43.977369063731373 ], [ 29.815959412097243, 45.198913975699497 ], [ 31.485056999880669, 44.144337999698962 ], [ 32.437700000254836, 44.220999999750234 ], [ 34.084841586370146, 43.923776395464358 ], [ 36.024887254743078, 44.477165831238153 ], [ 37.577700000055017, 43.919799999870179 ], [ 38.443841476502996, 44.023805099825552 ], [ 39.5533994357354, 43.33793168519918 ], [ 39.827090083440623, 43.241592577235679 ], [ 40.440211684621602, 43.123862861481939 ], [ 41.008999999550383, 43.09590000008501 ], [ 40.858122438699638, 42.814538079568763 ], [ 41.402200515241645, 42.451067965414325 ], [ 41.791094999634595, 42.112488999967411 ], [ 40.666299999645332, 42.1211999996803 ], [ 37.783207000003074, 42.176867000111997 ], [ 37.217222999641763, 42.579616000178305 ], [ 36.332735000020307, 42.782992999927046 ], [ 34.03190000028485, 42.835400000209916 ], [ 32.631900000384746, 42.635399999710273 ], [ 30.600834491818375, 41.599063710122152 ], [ 29.67395793141344, 41.60171717690622 ], [ 29.037052612088416, 41.684779550336032 ], [ 28.627947427731669, 41.909298146392416 ], [ 28.268093839159405, 42.001412059518998 ], [ 28.221563197083924, 42.630506344192497 ] ] ] } },
{ "type": "Feature", "properties": { "ZONE_ID": "YUAS503", "areakm2": 18120.1943871, "tctCluster": "Shallow Default", "CSZ_ID": "SZ18", "TECTO_ID": "TSZ062", "magScaleRe": "WC1994", "SS": 20.0, "NF": 60.0, "TF": 20.0, "MINDEPTH": 0.0, "MAXDEPTH": 18.0, "HYPODEPTH1": 2.0, "HYPODEPTH2": 10.0, "HYPODEPTH3": 12.0, "WHDEPTH1": 0.1, "WHDEPTH2": 0.4, "WHDEPTH3": 0.5, "WMAXMAG01": 0.5, "WMAXMAG02": 0.4, "WMAXMAG03": 0.1, "MAXMAG01": 6.9, "MAXMAG02": 7.2, "MAXMAG03": 7.5, "STRIKE1": 0.0, "STRIKE2": 116.152, "STRIKE3": 0.0, "STRIKE4": 284.4485, "DIP1": 67.18525, "DIP2": 67.18525, "DIP3": 0.0, "DIP4": 64.377375, "aspRatio": 1.0, "mfd_bin": 0.2, "a_val": 3.08, "a_hi": 3.18028476859, "a_mid": 3.0802093778300002, "a_lo": 2.9801339870599999, "sigma_a": 0.163334048506, "b_val": 0.88, "b_hi": 0.93518995676799999, "b_mid": 0.88, "b_lo": 0.82481004323200002, "sigma_b": 0.03, "cum_cov_ab": 0.054321, "MCORNERP1": 6.5, "MCORNERP2": 6.7, "MCORNERP3": 6.9, "MAXMAGP1": 6.8, "MAXMAGP2": 7.0, "utsu_bval2": 0.0, "utsu_aval": 0.0, "utsu_Minfl": 0.0, "Shape_Leng": 6.7083744508500001, "Shape_Area": 1.4622459595799999 }, "geometry": { "type": "Polygon", "coordinates": [ [ [ 18.322050000107481, 45.102555999959463 ], [ 18.685268000118185, 45.408116000353175 ], [ 19.908699798556881, 45.159039214288384 ], [ 20.580558000351459, 45.351255999764646 ], [ 21.455074215502691, 44.808856155287401 ], [ 21.137744999731979, 44.653267000371841 ], [ 20.182681059483343, 44.544818524655227 ], [ 19.472610663951002, 44.774008606811833 ], [ 18.322050000107481, 45.102555999959463 ] ] ] } },
{ "type": "Feature", "properties": { "ZONE_ID": "YUAS505", "areakm2": 13711.7809803, "tctCluster": "Shallow Default", "CSZ_ID": "SZ18", "TECTO_ID": "TSZ062", "magScaleRe": "WC1994", "SS": 20.0, "NF": 60.0, "TF": 20.0, "MINDEPTH": 0.0, "MAXDEPTH": 15.0, "HYPODEPTH1": 2.0, "HYPODEPTH2": 10.0, "HYPODEPTH3": 12.0, "WHDEPTH1": 0.1, "WHDEPTH2": 0.4, "WHDEPTH3": 0.5, "WMAXMAG01": 0.5, "WMAXMAG02": 0.4, "WMAXMAG03": 0.1, "MAXMAG01": 6.9, "MAXMAG02": 7.2, "MAXMAG03": 7.5, "STRIKE1": 0.0, "STRIKE2": 0.0, "STRIKE3": 0.0, "STRIKE4": 292.352696, "DIP1": 89.99, "DIP2": 0.0, "DIP3": 0.0, "DIP4": 64.358076, "aspRatio": 1.0, "mfd_bin": 0.2, "a_val": 3.13, "a_hi": 3.13624898614, "a_mid": 3.1303717666200002, "a_lo": 3.1244945471, "sigma_a": 0.01, "b_val": 0.88, "b_hi": 0.91186393639600005, "b_mid": 0.88, "b_lo": 0.84813606360399996, "sigma_b": 0.01, "cum_cov_ab": 0.054321, "MCORNERP1": 6.0, "MCORNERP2": 6.2, "MCORNERP3": 6.4, "MAXMAGP1": 6.4, "MAXMAGP2": 6.6, "utsu_bval2": 0.0, "utsu_aval": 0.0, "utsu_Minfl": 0.0, "Shape_Leng": 5.4708464860800001, "Shape_Area": 1.10650006906 }, "geometry": { "type": "Polygon", "coordinates": [ [ [ 21.738999999750263, 43.629000000249846 ], [ 22.259584132301939, 43.454515013557057 ], [ 22.420997265311598, 43.30149422797632 ], [ 22.78197116993357, 42.975885565666374 ], [ 21.738718000235565, 42.773206000056916 ], [ 20.913633323519093, 43.059437224248541 ], [ 20.303435510040799, 43.421932086596598 ], [ 20.646376503073213, 43.495956697043994 ], [ 21.592911075186009, 43.406871089928927 ], [ 21.738999999750263, 43.629000000249846 ] ] ] } },
{ "type": "Feature", "properties": { "ZONE_ID": "ZZAS506", "areakm2": 243016.57863599999, "tctCluster": "Shallow Default", "CSZ_ID": "SZ27", "TECTO_ID": "TSZ008", "magScaleRe": "WC1994", "SS": 60.0, "NF": 10.0, "TF": 30.0, "MINDEPTH": 0.0, "MAXDEPTH": 20.0, "HYPODEPTH1": 2.0, "HYPODEPTH2": 10.0, "HYPODEPTH3": 18.0, "WHDEPTH1": 0.1, "WHDEPTH2": 0.4, "WHDEPTH3": 0.5, "WMAXMAG01": 0.5, "WMAXMAG02": 0.4, "WMAXMAG03": 0.1, "MAXMAG01": 8.5, "MAXMAG02": 8.6, "MAXMAG03": 8.7, "STRIKE1": 0.0, "STRIKE2": 0.0, "STRIKE3": 0.0, "STRIKE4": 0.0, "DIP1": 89.99, "DIP2": 0.0, "DIP3": 0.0, "DIP4": 0.0, "aspRatio": 1.0, "mfd_bin": 0.2, "a_val": 4.4, "a_hi": 4.34882184727, "a_mid": 4.40006096732, "a_lo": 4.4513000873599999, "sigma_a": 0.103581429332, "b_val": 1.0, "b_hi": 1.0476559168699999, "b_mid": 1.0, "b_lo": 0.95234408312999996, "sigma_b": 0.0223683941112, "cum_cov_ab": 0.054321, "MCORNERP1": 8.4, "MCORNERP2": 8.6, "MCORNERP3": 8.8, "MAXMAGP1": 8.0, "MAXMAGP2": 8.0, "utsu_bval2": 0.3, "utsu_aval": 4.4, "utsu_Minfl": 6.2, "Shape_Leng": 20.952789711499999, "Shape_Area": 19.610717342499999 }, "geometry": { "type": "Polygon", "coordinates": [ [ [ -19.632032999922956, 38.271780999993211 ], [ -15.101013985007341, 37.743263917995478 ], [ -14.870200119339984, 36.507693300805215 ], [ -17.44455284783561, 35.324321187772625 ], [ -24.127760999870191, 36.014537999629056 ], [ -23.525118999742006, 37.513801999562702 ], [ -19.632032999922956, 38.271780999993211 ] ] ] } }
]
}
