{
"type": "FeatureCollection",
"name": "eshm13_edited",
"crs": { "type": "name", "properties": { "name": "urn:ogc:def:crs:OGC:1.3:CRS84" } },
"features": [
{ "type": "Feature", "properties": { "FID_gras37": 1, "FID_mkas38": -1, "FID_alas99": -1, "FID_eshm13": -1, "OBJECTID_1": 0.0, "LONC": 0.0, "LATC": 0.0, "IDAS": null, "A": 0.0, "B": 0.0, "TECREG": null, "TECTONICS": null, "SS": 0, "NF": 0, "TF": 0, "MINDEPTH": 0, "HYPODEPTH1": 0, "HYPODEPTH2": 0, "HYPODEPTH3": 0, "MAXDEPTH": 0, "WHDEPTH1": 0.0, "WHDEPTH2": 0.0, "WHDEPTH3": 0.0, "MAXMAG01": 0.0, "MAXMAG02": 0.0, "MAXMAG03": 0.0, "MAXMAG04": 0.0, "WMAXMAG01": 0.0, "WMAXMAG02": 0.0, "WMAXMAG03": 0.0, "WMAXMAG04": 0.0, "STRIKE1": 0.0, "STRIKE2": 0.0, "STRIKE3": 0.0, "STRIKE4": 0.0, "DIP1": 0.0, "DIP2": 0.0, "DIP3": 0.0, "DIP4": 0.0, "DIRWEIGHT1": 0.0, "DIRWEIGHT2": 0.0, "DIRWEIGHT3": 0.0, "DIRWEIGHT4": 0.0, "FID_tras36": -1, "Shape_Leng": 402441.412327, "Shape_Area": 9975484335.2999992 }, "geometry": { "type": "Polygon", "coordinates": [ [ [ 23.499999999623334, 37.999999999503771, 0.0 ], [ 23.699999999994759, 37.750000000387558, 0.0 ], [ 23.900000000366152, 37.499999999453706, 0.0 ], [ 23.699999999994759, 37.300000000529764, 0.0 ], [ 23.499999999623334, 37.099999999526581, 0.0 ], [ 23.12500000004983, 37.374999999935966, 0.0 ], [ 22.749999999578026, 37.650000000630321, 0.0 ], [ 22.650036333550634, 37.737519917446015, 0.0 ], [ 22.99396741450661, 37.925812172209248, 0.0 ], [ 23.245266539220964, 38.063391144612602, 0.0 ], [ 23.337934828722556, 38.114124343181906, 0.0 ], [ 23.499999999623334, 37.999999999503771, 0.0 ] ] ] } },
{ "type": "Feature", "properties": { "FID_gras37": -1, "FID_mkas38": 1, "FID_alas99": -1, "FID_eshm13": -1, "OBJECTID_1": 0.0, "LONC": 0.0, "LATC": 0.0, "IDAS": null, "A": 0.0, "B": 0.0, "TECREG": null, "TECTONICS": null, "SS": 0, "NF": 0, "TF": 0, "MINDEPTH": 0, "HYPODEPTH1": 0, "HYPODEPTH2": 0, "HYPODEPTH3": 0, "MAXDEPTH": 0, "WHDEPTH1": 0.0, "WHDEPTH2": 0.0, "WHDEPTH3": 0.0, "MAXMAG01": 0.0, "MAXMAG02": 0.0, "MAXMAG03": 0.0, "MAXMAG04": 0.0, "WMAXMAG01": 0.0, "WMAXMAG02": 0.0, "WMAXMAG03": 0.0, "WMAXMAG04": 0.0, "STRIKE1": 0.0, "STRIKE2": 0.0, "STRIKE3": 0.0, "STRIKE4": 0.0, "DIP1": 0.0, "DIP2": 0.0, "DIP3": 0.0, "DIP4": 0.0, "DIRWEIGHT1": 0.0, "DIRWEIGHT2": 0.0, "DIRWEIGHT3": 0.0, "DIRWEIGHT4": 0.0, "FID_tras36": -1, "Shape_Leng": 808723.93175500003, "Shape_Area": 22042720968.0 }, "geometry": { "type": "Polygon", "coordinates": [ [ [ 23.001264999989708, 41.50499199984008, 0.0 ], [ 22.999269000022252, 41.199546000228366, 0.0 ], [ 23.2646344997159, 40.99977300029159, 0.0 ], [ 23.530000000307876, 40.800000000200328, 0.0 ], [ 24.014999999995837, 40.500000000093628, 0.0 ], [ 24.499999999683766, 40.199999999576811, 0.0 ], [ 23.999999998755253, 39.700000000395534, 0.0 ], [ 22.63006100053251, 40.970037999548197, 0.0 ], [ 22.100018999984993, 41.499990000282097, 0.0 ], [ 22.331527000213431, 41.610793000362953, 0.0 ], [ 22.470937999935117, 41.658931999490733, 0.0 ], [ 22.736101499962412, 41.581961999598867, 0.0 ], [ 23.001264999989708, 41.50499199984008, 0.0 ] ] ] } },
{ "type": "Feature", "properties": { "FID_gras37": -1, "FID_mkas38": -1, "FID_alas99": 1, "FID_eshm13": -1, "OBJECTID_1": 0.0, "LONC": 0.0, "LATC": 0.0, "IDAS": null, "A": 0.0, "B": 0.0, "TECREG": null, "TECTONICS": null, "SS": 0, "NF": 0, "TF": 0, "MINDEPTH": 0, "HYPODEPTH1": 0, "HYPODEPTH2": 0, "HYPODEPTH3": 0, "MAXDEPTH": 0, "WHDEPTH1": 0.0, "WHDEPTH2": 0.0, "WHDEPTH3": 0.0, "MAXMAG01": 0.0, "MAXMAG02": 0.0, "MAXMAG03": 0.0, "MAXMAG04": 0.0, "WMAXMAG01": 0.0, "WMAXMAG02": 0.0, "WMAXMAG03": 0.0, "WMAXMAG04": 0.0, "STRIKE1": 0.0, "STRIKE2": 0.0, "STRIKE3": 0.0, "STRIKE4": 0.0, "DIP1": 0.0, "DIP2": 0.0, "DIP3": 0.0, "DIP4": 0.0, "DIRWEIGHT1": 0.0, "DIRWEIGHT2": 0.0, "DIRWEIGHT3": 0.0, "DIRWEIGHT4": 0.0, "FID_tras36": -1, "Shape_Leng": 718754.61858799995, "Shape_Area": 26827484380.700001 }, "geometry": { "type": "Polygon", "coordinates": [ [ [ 21.105185999844362, 42.055441999986819, 0.0 ], [ 21.297341000263138, 41.755741999464995, 0.0 ], [ 19.937646000570009, 40.956807999956922, 0.0 ], [ 19.901004000405134, 41.250341000255268, 0.0 ], [ 19.826628430224225, 41.828098227556943, 0.0 ], [ 20.004417000392518, 42.330030999774245, 0.0 ], [ 20.238070000551346, 42.774726999875945, 0.0 ], [ 20.556159000488986, 42.968542000728966, 0.0 ], [ 20.670098999761475, 42.724460999338518, 0.0 ], [ 20.743747999964175, 42.612603999685554, 0.0 ], [ 21.105185999844362, 42.055441999986819, 0.0 ] ] ] } },
{ "type": "Feature", "properties": { "FID_gras37": -1, "FID_mkas38": -1, "FID_alas99": -1, "FID_eshm13": 1, "OBJECTID_1": 1.0, "LONC": 19.585241, "LATC": 41.291397, "IDAS": "ALAS179", "A": 4.0, "B": 0.9, "TECREG": "Active", "TECTONICS": "Active Shallow Crust", "SS": 20, "NF": 60, "TF": 20, "MINDEPTH": 0, "HYPODEPTH1": 2, "HYPODEPTH2": 10, "HYPODEPTH3": 18, "MAXDEPTH": 13, "WHDEPTH1": 0.1, "WHDEPTH2": 0.4, "WHDEPTH3": 0.5, "MAXMAG01": 7.4, "MAXMAG02": 7.6, "MAXMAG03": 7.8, "MAXMAG04": 8.0, "WMAXMAG01": 0.5, "WMAXMAG02": 0.2, "WMAXMAG03": 0.2, "WMAXMAG04": 0.1, "STRIKE1": 9.135375, "STRIKE2": 151.406091, "STRIKE3": 0.0, "STRIKE4": 339.52339, "DIP1": 27.49675, "DIP2": 26.830136, "DIP3": 0.0, "DIP4": 32.948413, "DIRWEIGHT1": 0.024242, "DIRWEIGHT2": 0.066667, "DIRWEIGHT3": 0.0, "DIRWEIGHT4": 0.909091, "FID_tras36": -1, "Shape_Leng": 542722.24535700004, "Shape_Area": 15063818135.700001 }, "geometry": { "type": "Polygon", "coordinates": [ [ [ 19.826628430224225, 41.828098227556943, 0.0 ], [ 19.901004000405134, 41.250341000255268, 0.0 ], [ 19.937646000570009, 40.956807999956922, 0.0 ], [ 20.080896884007945, 40.555326374666315, 0.0 ], [ 19.230645999589441, 40.539546999695261, 0.0 ], [ 19.062236726726226, 40.587654791016753, 0.0 ], [ 19.181572000408607, 41.046134999115566, 0.0 ], [ 19.21601381533857, 41.374679270898255, 0.0 ], [ 19.318519180919075, 41.65527838840103, 0.0 ], [ 19.688748000744845, 41.9128389998938, 0.0 ], [ 19.826628430224225, 41.828098227556943, 0.0 ] ] ] } },
{ "type": "Feature", "properties": { "FID_gras37": -1, "FID_mkas38": -1, "FID_alas99": -1, "FID_eshm13": 3, "OBJECTID_1": 3.0, "LONC": 21.458708, "LATC": 42.005049, "IDAS": "MKAS187", "A": 3.9, "B": 1.0, "TECREG": "Active", "TECTONICS": "Active Shallow Crust", "SS": 20, "NF": 60, "TF": 20, "MINDEPTH": 0, "HYPODEPTH1": 2, "HYPODEPTH2": 10, "HYPODEPTH3": 16, "MAXDEPTH": 16, "WHDEPTH1": 0.1, "WHDEPTH2": 0.4, "WHDEPTH3": 0.5, "MAXMAG01": 7.5, "MAXMAG02": 7.7, "MAXMAG03": 7.9, "MAXMAG04": 8.1, "WMAXMAG01": 0.5, "WMAXMAG02": 0.2, "WMAXMAG03": 0.2, "WMAXMAG04": 0.1, "STRIKE1": 49.338152, "STRIKE2": 0.0, "STRIKE3": 0.0, "STRIKE4": 308.071574, "DIP1": 48.821652, "DIP2": 0.0, "DIP3": 0.0, "DIP4": 65.999851, "DIRWEIGHT1": 0.494624, "DIRWEIGHT2": 0.0, "DIRWEIGHT3": 0.0, "DIRWEIGHT4": 0.505376, "FID_tras36": -1, "Shape_Leng": 587783.78235500003, "Shape_Area": 15887993162.799999 }, "geometry": { "type": "Polygon", "coordinates": [ [ [ 21.647969999927565, 42.464050000051344, 0.0 ], [ 21.871984999657577, 41.928569999762686, 0.0 ], [ 21.908479000582751, 41.841355999497573, 0.0 ], [ 22.100018999984993, 41.499990000282097, 0.0 ], [ 21.502672000585868, 41.199857000105233, 0.0 ], [ 21.429640000151213, 41.397661000053368, 0.0 ], [ 21.297341000263138, 41.755741999464995, 0.0 ], [ 21.105185999844362, 42.055441999986819, 0.0 ], [ 20.817397000166903, 42.50074699944485, 0.0 ], [ 21.514199000852003, 42.810240999724854, 0.0 ], [ 21.586800000393129, 42.622453999386806, 0.0 ], [ 21.647969999927565, 42.464050000051344, 0.0 ] ] ] } },
{ "type": "Feature", "properties": { "FID_gras37": -1, "FID_mkas38": -1, "FID_alas99": -1, "FID_eshm13": 4, "OBJECTID_1": 4.0, "LONC": 18.516927, "LATC": 41.735596, "IDAS": "YUAS189", "A": 0.5074, "B": 0.96, "TECREG": "Active", "TECTONICS": "Active Shallow Crust", "SS": 40, "NF": 10, "TF": 50, "MINDEPTH": 0, "HYPODEPTH1": 2, "HYPODEPTH2": 10, "HYPODEPTH3": 18, "MAXDEPTH": 22, "WHDEPTH1": 0.1, "WHDEPTH2": 0.4, "WHDEPTH3": 0.5, "MAXMAG01": 6.6, "MAXMAG02": 6.8, "MAXMAG03": 7.0, "MAXMAG04": 7.2, "WMAXMAG01": 0.5, "WMAXMAG02": 0.2, "WMAXMAG03": 0.2, "WMAXMAG04": 0.1, "STRIKE1": 0.0, "STRIKE2": 0.0, "STRIKE3": 0.0, "STRIKE4": 0.0, "DIP1": 0.0, "DIP2": 0.0, "DIP3": 0.0, "DIP4": 0.0, "DIRWEIGHT1": 0.0, "DIRWEIGHT2": 0.0, "DIRWEIGHT3": 0.0, "DIRWEIGHT4": 0.0, "FID_tras36": -1, "Shape_Leng": 593095.32892500004, "Shape_Area": 16692704094.6 }, "geometry": { "type": "Polygon", "coordinates": [ [ [ 19.318519180919075, 41.65527838840103, 0.0 ], [ 19.21601381533857, 41.374679270898255, 0.0 ], [ 19.181572000408607, 41.046134999115566, 0.0 ], [ 17.606256000035774, 41.897444999675301, 0.0 ], [ 17.831933999647301, 42.425057999301004, 0.0 ], [ 19.318519180919075, 41.65527838840103, 0.0 ] ] ] } },
{ "type": "Feature", "properties": { "FID_gras37": -1, "FID_mkas38": -1, "FID_alas99": -1, "FID_eshm13": 5, "OBJECTID_1": 5.0, "LONC": 22.459301, "LATC": 42.513056, "IDAS": "BGAS206", "A": 3.6, "B": 1.0, "TECREG": "Active", "TECTONICS": "Active Shallow Crust", "SS": 20, "NF": 60, "TF": 20, "MINDEPTH": 0, "HYPODEPTH1": 2, "HYPODEPTH2": 10, "HYPODEPTH3": 18, "MAXDEPTH": 14, "WHDEPTH1": 0.1, "WHDEPTH2": 0.4, "WHDEPTH3": 0.5, "MAXMAG01": 7.5, "MAXMAG02": 7.7, "MAXMAG03": 7.9, "MAXMAG04": 8.1, "WMAXMAG01": 0.5, "WMAXMAG02": 0.2, "WMAXMAG03": 0.2, "WMAXMAG04": 0.1, "STRIKE1": 54.4015, "STRIKE2": 110.194375, "STRIKE3": 0.0, "STRIKE4": 298.642235, "DIP1": 50.736398, "DIP2": 57.71475, "DIP3": 0.0, "DIP4": 66.256294, "DIRWEIGHT1": 0.875622, "DIRWEIGHT2": 0.039801, "DIRWEIGHT3": 0.0, "DIRWEIGHT4": 0.084577, "FID_tras36": -1, "Shape_Leng": 577693.70325999998, "Shape_Area": 16836922596.799999 }, "geometry": { "type": "Polygon", "coordinates": [ [ [ 22.975306999468788, 42.454643999723565, 0.0 ], [ 22.781540000120444, 42.325305999226281, 0.0 ], [ 22.462468999643445, 42.108225000125252, 0.0 ], [ 22.184705000907396, 41.919164999752446, 0.0 ], [ 21.908479000582751, 41.841355999497573, 0.0 ], [ 21.871984999657577, 41.928569999762686, 0.0 ], [ 21.647969999927565, 42.464050000051344, 0.0 ], [ 22.198960000536758, 42.783296999294173, 0.0 ], [ 22.476787999745213, 42.888955000383646, 0.0 ], [ 23.270631000375804, 43.184755999957453, 0.0 ], [ 23.04179400050749, 42.618537999899615, 0.0 ], [ 22.975306999468788, 42.454643999723565, 0.0 ] ] ] } },
{ "type": "Feature", "properties": { "FID_gras37": -1, "FID_mkas38": -1, "FID_alas99": -1, "FID_eshm13": 6, "OBJECTID_1": 6.0, "LONC": 23.728108, "LATC": 42.390194, "IDAS": "BGAS207", "A": 3.5, "B": 1.0, "TECREG": "Active", "TECTONICS": "Active Shallow Crust", "SS": 20, "NF": 60, "TF": 20, "MINDEPTH": 0, "HYPODEPTH1": 2, "HYPODEPTH2": 10, "HYPODEPTH3": 18, "MAXDEPTH": 20, "WHDEPTH1": 0.1, "WHDEPTH2": 0.4, "WHDEPTH3": 0.5, "MAXMAG01": 7.5, "MAXMAG02": 7.7, "MAXMAG03": 7.9, "MAXMAG04": 8.1, "WMAXMAG01": 0.5, "WMAXMAG02": 0.2, "WMAXMAG03": 0.2, "WMAXMAG04": 0.1, "STRIKE1": 0.0, "STRIKE2": 122.508, "STRIKE3": 0.0, "STRIKE4": 299.038773, "DIP1": 0.0, "DIP2": 57.745667, "DIP3": 0.0, "DIP4": 50.042918, "DIRWEIGHT1": 0.0, "DIRWEIGHT2": 0.03, "DIRWEIGHT3": 0.0, "DIRWEIGHT4": 0.97, "FID_tras36": -1, "Shape_Leng": 400534.35459200002, "Shape_Area": 6540333704.5699997 }, "geometry": { "type": "Polygon", "coordinates": [ [ [ 24.480907999847474, 42.308487000082096, 0.0 ], [ 24.429795000143191, 42.121269999791117, 0.0 ], [ 24.054263000292131, 42.20713600007047, 0.0 ], [ 22.975306999468788, 42.454643999723565, 0.0 ], [ 24.219703999606438, 42.659118999600572, 0.0 ], [ 24.420201000095304, 42.39006299972435, 0.0 ], [ 24.480907999847474, 42.308487000082096, 0.0 ] ] ] } },
{ "type": "Feature", "properties": { "FID_gras37": -1, "FID_mkas38": -1, "FID_alas99": -1, "FID_eshm13": 7, "OBJECTID_1": 7.0, "LONC": 24.441992, "LATC": 41.820509, "IDAS": "BGAS208", "A": 3.9, "B": 1.0, "TECREG": "Active", "TECTONICS": "Active Shallow Crust", "SS": 20, "NF": 60, "TF": 20, "MINDEPTH": 0, "HYPODEPTH1": 2, "HYPODEPTH2": 10, "HYPODEPTH3": 18, "MAXDEPTH": 20, "WHDEPTH1": 0.1, "WHDEPTH2": 0.4, "WHDEPTH3": 0.5, "MAXMAG01": 7.5, "MAXMAG02": 7.7, "MAXMAG03": 7.9, "MAXMAG04": 8.1, "WMAXMAG01": 0.5, "WMAXMAG02": 0.2, "WMAXMAG03": 0.2, "WMAXMAG04": 0.1, "STRIKE1": 79.33825, "STRIKE2": 107.218621, "STRIKE3": 229.734133, "STRIKE4": 303.919385, "DIP1": 57.634, "DIP2": 57.998, "DIP3": 55.7506, "DIP4": 55.537077, "DIRWEIGHT1": 0.045977, "DIRWEIGHT2": 0.333333, "DIRWEIGHT3": 0.172414, "DIRWEIGHT4": 0.448276, "FID_tras36": -1, "Shape_Leng": 869921.57468299998, "Shape_Area": 27756573431.900002 }, "geometry": { "type": "Polygon", "coordinates": [ [ [ 24.429795000143191, 42.121269999791117, 0.0 ], [ 25.004928000157481, 41.901399999602113, 0.0 ], [ 25.164076999795839, 41.840557999953901, 0.0 ], [ 26.102444000539531, 41.63276399972036, 0.0 ], [ 25.993482000142624, 41.377343999964111, 0.0 ], [ 25.989427681381539, 41.376273026994625, 0.0 ], [ 25.782972815874832, 41.321725086157336, 0.0 ], [ 25.700000000115622, 41.299842562530337, 0.0 ], [ 25.700000000115622, 41.300000000247337, 0.0 ], [ 25.203595000360266, 41.186435999486264, 0.0 ], [ 25.203357649292538, 41.186381355351557, 0.0 ], [ 24.985921999636616, 41.403646999746407, 0.0 ], [ 24.531016000344543, 41.500766999814829, 0.0 ], [ 23.893624999951221, 41.505355000055552, 0.0 ], [ 23.809707000206227, 41.567234999003929, 0.0 ], [ 22.781540000120444, 42.325305999226281, 0.0 ], [ 22.975306999468788, 42.454643999723565, 0.0 ], [ 24.054263000292131, 42.20713600007047, 0.0 ], [ 24.429795000143191, 42.121269999791117, 0.0 ] ] ] } },
{ "type": "Feature", "properties": { "FID_gras37": -1, "FID_mkas38": -1, "FID_alas99": -1, "FID_eshm13": 8, "OBJECTID_1": 8.0, "LONC": 22.901052, "LATC": 41.912648, "IDAS": "MKAS212", "A": 4.0, "B": 1.03, "TECREG": "Active", "TECTONICS": "Active Shallow Crust", "SS": 20, "NF": 60, "TF": 20, "MINDEPTH": 0, "HYPODEPTH1": 2, "HYPODEPTH2": 10, "HYPODEPTH3": 18, "MAXDEPTH": 15, "WHDEPTH1": 0.1, "WHDEPTH2": 0.4, "WHDEPTH3": 0.5, "MAXMAG01": 7.5, "MAXMAG02": 7.7, "MAXMAG03": 7.9, "MAXMAG04": 8.1, "WMAXMAG01": 0.5, "WMAXMAG02": 0.2, "WMAXMAG03": 0.2, "WMAXMAG04": 0.1, "STRIKE1": 74.598667, "STRIKE2": 116.253077, "STRIKE3": 232.976795, "STRIKE4": 288.524914, "DIP1": 57.587889, "DIP2": 57.965462, "DIP3": 54.294096, "DIP4": 58.148486, "DIRWEIGHT1": 0.069231, "DIRWEIGHT2": 0.1, "DIRWEIGHT3": 0.561538, "DIRWEIGHT4": 0.269231, "FID_tras36": -1, "Shape_Leng": 562827.58201899996, "Shape_Area": 13744826313.799999 }, "geometry": { "type": "Polygon", "coordinates": [ [ [ 23.893624999951221, 41.505355000055552, 0.0 ], [ 23.001264999989708, 41.50499199984008, 0.0 ], [ 22.470937999935117, 41.658931999490733, 0.0 ], [ 22.331527000213431, 41.610793000362953, 0.0 ], [ 22.100018999984993, 41.499990000282097, 0.0 ], [ 21.908479000582751, 41.841355999497573, 0.0 ], [ 22.184705000907396, 41.919164999752446, 0.0 ], [ 22.462468999643445, 42.108225000125252, 0.0 ], [ 22.781540000120444, 42.325305999226281, 0.0 ], [ 23.809707000206227, 41.567234999003929, 0.0 ], [ 23.893624999951221, 41.505355000055552, 0.0 ] ] ] } },
{ "type": "Feature", "properties": { "FID_gras37": -1, "FID_mkas38": -1, "FID_alas99": -1, "FID_eshm13": 9, "OBJECTID_1": 9.0, "LONC": 23.597506, "LATC": 42.8197, "IDAS": "BGAS226", "A": 2.7, "B": 0.8, "TECREG": "Active", "TECTONICS": "Active Shallow Crust", "SS": 20, "NF": 60, "TF": 20, "MINDEPTH": 0, "HYPODEPTH1": 2, "HYPODEPTH2": 10, "HYPODEPTH3": 18, "MAXDEPTH": 20, "WHDEPTH1": 0.1, "WHDEPTH2": 0.4, "WHDEPTH3": 0.5, "MAXMAG01": 7.5, "MAXMAG02": 7.7, "MAXMAG03": 7.9, "MAXMAG04": 8.1, "WMAXMAG01": 0.5, "WMAXMAG02": 0.2, "WMAXMAG03": 0.2, "WMAXMAG04": 0.1, "STRIKE1": 62.061667, "STRIKE2": 119.637694, "STRIKE3": 0.0, "STRIKE4": 295.340737, "DIP1": 47.701667, "DIP2": 57.673653, "DIP3": 0.0, "DIP4": 57.754842, "DIRWEIGHT1": 0.031915, "DIRWEIGHT2": 0.765957, "DIRWEIGHT3": 0.0, "DIRWEIGHT4": 0.202128, "FID_tras36": -1, "Shape_Leng": 396014.47786799999, "Shape_Area": 8424056649.9399996 }, "geometry": { "type": "Polygon", "coordinates": [ [ [ 24.016341999486968, 42.929237000010779, 0.0 ], [ 24.219703999606438, 42.659118999600572, 0.0 ], [ 22.975306999468788, 42.454643999723565, 0.0 ], [ 23.04179400050749, 42.618537999899615, 0.0 ], [ 23.270631000375804, 43.184755999957453, 0.0 ], [ 24.016341999486968, 42.929237000010779, 0.0 ] ] ] } },
{ "type": "Feature", "properties": { "FID_gras37": -1, "FID_mkas38": -1, "FID_alas99": -1, "FID_eshm13": 10, "OBJECTID_1": 10.0, "LONC": 25.35323, "LATC": 41.992036, "IDAS": "BGAS227", "A": 2.7, "B": 0.8, "TECREG": "Active", "TECTONICS": "Active Shallow Crust", "SS": 20, "NF": 60, "TF": 20, "MINDEPTH": 0, "HYPODEPTH1": 2, "HYPODEPTH2": 10, "HYPODEPTH3": 18, "MAXDEPTH": 20, "WHDEPTH1": 0.1, "WHDEPTH2": 0.4, "WHDEPTH3": 0.5, "MAXMAG01": 7.5, "MAXMAG02": 7.7, "MAXMAG03": 7.9, "MAXMAG04": 8.1, "WMAXMAG01": 0.5, "WMAXMAG02": 0.2, "WMAXMAG03": 0.2, "WMAXMAG04": 0.1, "STRIKE1": 87.689929, "STRIKE2": 95.354095, "STRIKE3": 267.4575, "STRIKE4": 291.118733, "DIP1": 47.769857, "DIP2": 47.603284, "DIP3": 47.6045, "DIP4": 44.80055, "DIRWEIGHT1": 0.047619, "DIRWEIGHT2": 0.251701, "DIRWEIGHT3": 0.013605, "DIRWEIGHT4": 0.687075, "FID_tras36": -1, "Shape_Leng": 503287.47886600002, "Shape_Area": 12963258627.5 }, "geometry": { "type": "Polygon", "coordinates": [ [ [ 26.276666000315071, 42.036587999767562, 0.0 ], [ 26.102444000539531, 41.63276399972036, 0.0 ], [ 25.164076999795839, 41.840557999953901, 0.0 ], [ 25.004928000157481, 41.901399999602113, 0.0 ], [ 24.429795000143191, 42.121269999791117, 0.0 ], [ 24.480907999847474, 42.308487000082096, 0.0 ], [ 25.016844000586051, 42.351306999447829, 0.0 ], [ 25.367280999731552, 42.298732999821262, 0.0 ], [ 25.90626700004864, 42.215806999680808, 0.0 ], [ 26.276666000315071, 42.036587999767562, 0.0 ] ] ] } },
{ "type": "Feature", "properties": { "FID_gras37": -1, "FID_mkas38": -1, "FID_alas99": -1, "FID_eshm13": 11, "OBJECTID_1": 11.0, "LONC": 17.428185, "LATC": 40.319786, "IDAS": "ITAS312", "A": 3.9, "B": 1.0, "TECREG": "Active", "TECTONICS": "Active Shallow Crust", "SS": 35, "NF": 15, "TF": 50, "MINDEPTH": 0, "HYPODEPTH1": 2, "HYPODEPTH2": 10, "HYPODEPTH3": 18, "MAXDEPTH": 20, "WHDEPTH1": 0.1, "WHDEPTH2": 0.4, "WHDEPTH3": 0.5, "MAXMAG01": 6.6, "MAXMAG02": 6.8, "MAXMAG03": 7.0, "MAXMAG04": 7.2, "WMAXMAG01": 0.5, "WMAXMAG02": 0.2, "WMAXMAG03": 0.2, "WMAXMAG04": 0.1, "STRIKE1": 0.0, "STRIKE2": 0.0, "STRIKE3": 0.0, "STRIKE4": 319.95943, "DIP1": 0.0, "DIP2": 0.0, "DIP3": 0.0, "DIP4": 30.375203, "DIRWEIGHT1": 0.0, "DIRWEIGHT2": 0.0, "DIRWEIGHT3": 0.0, "DIRWEIGHT4": 1.0, "FID_tras36": -1, "Shape_Leng": 2479592.2506300001, "Shape_Area": 109385495612.0 }, "geometry": { "type": "Polygon", "coordinates": [ [ [ 17.606256000035774, 41.897444999675301, 0.0 ], [ 19.181572000408607, 41.046134999115566, 0.0 ], [ 19.062236726726226, 40.587654791016753, 0.0 ], [ 18.616294939297553, 39.633621228149906, 0.0 ], [ 18.968954000350077, 39.479084999738213, 0.0 ], [ 19.222569999658145, 40.29094100003438, 0.0 ], [ 20.203748000219019, 38.90025599972499, 0.0 ], [ 20.20000000068158, 38.60000000028775, 0.0 ], [ 19.482133909752346, 38.199999999703479, 0.0 ], [ 18.812335999533143, 38.816192999947276, 0.0 ], [ 18.540405999815356, 39.04383399978385, 0.0 ], [ 18.194307000211179, 39.333622999899021, 0.0 ], [ 17.961305000155601, 39.565928999570097, 0.0 ], [ 17.830356000154609, 39.696486999156129, 0.0 ], [ 17.807840999572576, 39.712738999596986, 0.0 ], [ 17.297159000446573, 40.081370999727774, 0.0 ], [ 16.902269999547038, 40.377500999197416, 0.0 ], [ 16.759432999604869, 40.484914999121621, 0.0 ], [ 16.909999000047026, 40.481932999235696, 0.0 ], [ 17.168516000034398, 40.476828999911504, 0.0 ], [ 17.169635999767699, 40.653953999261446, 0.0 ], [ 15.664709999781723, 40.710891999616337, 0.0 ], [ 15.447919000038306, 40.932175000057327, 0.0 ], [ 15.908801000435483, 40.936452000339031, 0.0 ], [ 16.527218999919917, 40.942297999993492, 0.0 ], [ 16.525309000166185, 41.305229000270501, 0.0 ], [ 14.991631999998685, 41.292108999190965, 0.0 ], [ 14.945000999775742, 41.291709999764663, 0.0 ], [ 14.652620999938666, 41.4978869992716, 0.0 ], [ 15.100180999943735, 41.536805000056638, 0.0 ], [ 15.331385999325166, 41.556999999695194, 0.0 ], [ 16.411470000277724, 41.537148999703234, 0.0 ], [ 16.953433999304966, 41.523028999419104, 0.0 ], [ 16.956878999791989, 41.628003999099448, 0.0 ], [ 16.96687799989585, 41.932704999994016, 0.0 ], [ 17.606256000035774, 41.897444999675301, 0.0 ] ] ] } },
{ "type": "Feature", "properties": { "FID_gras37": -1, "FID_mkas38": -1, "FID_alas99": -1, "FID_eshm13": 12, "OBJECTID_1": 12.0, "LONC": 19.015857, "LATC": 40.26261, "IDAS": "ALAS314", "A": 3.8, "B": 1.0, "TECREG": "Active", "TECTONICS": "Active Shallow Crust", "SS": 40, "NF": 10, "TF": 50, "MINDEPTH": 10, "HYPODEPTH1": 10, "HYPODEPTH2": 12, "HYPODEPTH3": 0, "MAXDEPTH": 12, "WHDEPTH1": 0.3, "WHDEPTH2": 0.7, "WHDEPTH3": 0.0, "MAXMAG01": 7.4, "MAXMAG02": 7.6, "MAXMAG03": 7.8, "MAXMAG04": 8.0, "WMAXMAG01": 0.5, "WMAXMAG02": 0.2, "WMAXMAG03": 0.2, "WMAXMAG04": 0.1, "STRIKE1": 0.0, "STRIKE2": 0.0, "STRIKE3": 0.0, "STRIKE4": 0.0, "DIP1": 0.0, "DIP2": 0.0, "DIP3": 0.0, "DIP4": 0.0, "DIRWEIGHT1": 0.0, "DIRWEIGHT2": 0.0, "DIRWEIGHT3": 0.0, "DIRWEIGHT4": 0.0, "FID_tras36": -1, "Shape_Leng": 370134.70626499999, "Shape_Area": 5287218163.3699999 }, "geometry": { "type": "Polygon", "coordinates": [ [ [ 19.230645999589441, 40.539546999695261, 0.0 ], [ 19.222569999658145, 40.29094100003438, 0.0 ], [ 18.968954000350077, 39.479084999738213, 0.0 ], [ 18.616294939297553, 39.633621228149906, 0.0 ], [ 19.062236726726226, 40.587654791016753, 0.0 ], [ 19.230645999589441, 40.539546999695261, 0.0 ] ] ] } },
{ "type": "Feature", "properties": { "FID_gras37": -1, "FID_mkas38": -1, "FID_alas99": -1, "FID_eshm13": 13, "OBJECTID_1": 13.0, "LONC": 17.548906, "LATC": 38.016539, "IDAS": "ITAS318", "A": 3.9, "B": 1.0, "TECREG": "Active", "TECTONICS": "Active Shallow Crust", "SS": 35, "NF": 15, "TF": 50, "MINDEPTH": 0, "HYPODEPTH1": 2, "HYPODEPTH2": 10, "HYPODEPTH3": 18, "MAXDEPTH": 20, "WHDEPTH1": 0.1, "WHDEPTH2": 0.4, "WHDEPTH3": 0.5, "MAXMAG01": 8.0, "MAXMAG02": 8.2, "MAXMAG03": 8.4, "MAXMAG04": 8.6, "WMAXMAG01": 0.5, "WMAXMAG02": 0.2, "WMAXMAG03": 0.2, "WMAXMAG04": 0.1, "STRIKE1": 20.255, "STRIKE2": 165.904063, "STRIKE3": 227.187402, "STRIKE4": 274.855708, "DIP1": 30.661, "DIP2": 23.588979, "DIP3": 11.932067, "DIP4": 9.957729, "DIRWEIGHT1": 0.000667, "DIRWEIGHT2": 0.032021, "DIRWEIGHT3": 0.93529, "DIRWEIGHT4": 0.032021, "FID_tras36": -1, "Shape_Leng": 2121861.5550899999, "Shape_Area": 188977734222.0 }, "geometry": { "type": "Polygon", "coordinates": [ [ [ 16.759432999604869, 40.484914999121621, 0.0 ], [ 16.902269999547038, 40.377500999197416, 0.0 ], [ 17.297159000446573, 40.081370999727774, 0.0 ], [ 17.807840999572576, 39.712738999596986, 0.0 ], [ 17.830356000154609, 39.696486999156129, 0.0 ], [ 17.961305000155601, 39.565928999570097, 0.0 ], [ 18.194307000211179, 39.333622999899021, 0.0 ], [ 18.540405999815356, 39.04383399978385, 0.0 ], [ 18.812335999533143, 38.816192999947276, 0.0 ], [ 19.482133909752346, 38.199999999703479, 0.0 ], [ 18.282133909320525, 35.599999999696266, 0.0 ], [ 16.875894000348016, 35.530551999751317, 0.0 ], [ 16.130089000627169, 35.667723999381693, 0.0 ], [ 15.699843000050825, 36.262100000033399, 0.0 ], [ 15.459374999261019, 36.706709999527433, 0.0 ], [ 15.346197000419865, 36.915280999224535, 0.0 ], [ 15.198801999930055, 37.57065999988977, 0.0 ], [ 15.218432000789976, 37.719958999270148, 0.0 ], [ 15.231280000630861, 37.817332999834299, 0.0 ], [ 15.390162000305523, 37.79368999948742, 0.0 ], [ 15.859718999960403, 37.942931999654789, 0.0 ], [ 16.158593999863047, 37.871081999911588, 0.0 ], [ 16.297047999159734, 38.198928999947093, 0.0 ], [ 16.673441000074643, 38.725941000112506, 0.0 ], [ 17.156128000501038, 38.91562599937339, 0.0 ], [ 17.105782999279242, 39.69795199969461, 0.0 ], [ 16.409085999972739, 39.707824999742421, 0.0 ], [ 16.157877000535876, 40.05778099999862, 0.0 ], [ 15.997736999239017, 40.367175999590224, 0.0 ], [ 15.867089000435223, 40.502524999648386, 0.0 ], [ 16.759432999604869, 40.484914999121621, 0.0 ] ] ] } },
{ "type": "Feature", "properties": { "FID_gras37": -1, "FID_mkas38": -1, "FID_alas99": -1, "FID_eshm13": 14, "OBJECTID_1": 14.0, "LONC": 20.061285, "LATC": 39.725473, "IDAS": "GRAS369", "A": 3.65, "B": 0.8, "TECREG": "Active", "TECTONICS": "Active Shallow Crust", "SS": 20, "NF": 60, "TF": 20, "MINDEPTH": 0, "HYPODEPTH1": 2, "HYPODEPTH2": 10, "HYPODEPTH3": 18, "MAXDEPTH": 20, "WHDEPTH1": 0.1, "WHDEPTH2": 0.4, "WHDEPTH3": 0.5, "MAXMAG01": 7.4, "MAXMAG02": 7.6, "MAXMAG03": 7.8, "MAXMAG04": 8.0, "WMAXMAG01": 0.5, "WMAXMAG02": 0.2, "WMAXMAG03": 0.2, "WMAXMAG04": 0.1, "STRIKE1": 39.344388, "STRIKE2": 92.365889, "STRIKE3": 256.624167, "STRIKE4": 322.880524, "DIP1": 69.130857, "DIP2": 50.611778, "DIP3": 83.041167, "DIP4": 33.168351, "DIRWEIGHT1": 0.06882, "DIRWEIGHT2": 0.01264, "DIRWEIGHT3": 0.025281, "DIRWEIGHT4": 0.893258, "FID_tras36": -1, "Shape_Leng": 732838.68661400001, "Shape_Area": 27106336589.799999 }, "geometry": { "type": "Polygon", "coordinates": [ [ [ 20.809368000091244, 39.899538999252201, 0.0 ], [ 20.899999999286592, 39.900000000114687, 0.0 ], [ 20.899999999286592, 39.299999999521305, 0.0 ], [ 20.899999999286592, 39.000000000138861, 0.0 ], [ 20.899999999286592, 38.89999999952515, 0.0 ], [ 20.54999999998407, 38.89999999952515, 0.0 ], [ 20.449999999798376, 38.89999999952515, 0.0 ], [ 20.203748000219019, 38.90025599972499, 0.0 ], [ 19.222569999658145, 40.29094100003438, 0.0 ], [ 19.230645999589441, 40.539546999695261, 0.0 ], [ 20.080896884007945, 40.555326374666315, 0.0 ], [ 20.493436999604455, 39.897931000043791, 0.0 ], [ 20.809368000091244, 39.899538999252201, 0.0 ] ] ] } },
{ "type": "Feature", "properties": { "FID_gras37": -1, "FID_mkas38": -1, "FID_alas99": -1, "FID_eshm13": 15, "OBJECTID_1": 15.0, "LONC": 20.55, "LATC": 38.650128, "IDAS": "GRAS370", "A": 3.0, "B": 0.8, "TECREG": "Active", "TECTONICS": "Active Shallow Crust", "SS": 40, "NF": 10, "TF": 50, "MINDEPTH": 0, "HYPODEPTH1": 2, "HYPODEPTH2": 10, "HYPODEPTH3": 18, "MAXDEPTH": 20, "WHDEPTH1": 0.1, "WHDEPTH2": 0.4, "WHDEPTH3": 0.5, "MAXMAG01": 7.5, "MAXMAG02": 7.7, "MAXMAG03": 7.9, "MAXMAG04": 8.1, "WMAXMAG01": 0.5, "WMAXMAG02": 0.2, "WMAXMAG03": 0.2, "WMAXMAG04": 0.1, "STRIKE1": 14.354216, "STRIKE2": 0.0, "STRIKE3": 0.0, "STRIKE4": 326.681375, "DIP1": 65.889973, "DIP2": 0.0, "DIP3": 0.0, "DIP4": 26.817766, "DIRWEIGHT1": 0.366337, "DIRWEIGHT2": 0.0, "DIRWEIGHT3": 0.0, "DIRWEIGHT4": 0.633663, "FID_tras36": -1, "Shape_Leng": 274590.97197800002, "Shape_Area": 4437179687.8699999 }, "geometry": { "type": "Polygon", "coordinates": [ [ [ 20.899999999286592, 38.89999999952515, 0.0 ], [ 20.899999999286592, 38.69999999982462, 0.0 ], [ 20.899999999286592, 38.399999999722155, 0.0 ], [ 20.54999999998407, 38.499999999023068, 0.0 ], [ 20.20000000068158, 38.60000000028775, 0.0 ], [ 20.203748000219019, 38.90025599972499, 0.0 ], [ 20.449999999798376, 38.89999999952515, 0.0 ], [ 20.54999999998407, 38.89999999952515, 0.0 ], [ 20.899999999286592, 38.89999999952515, 0.0 ] ] ] } },
{ "type": "Feature", "properties": { "FID_gras37": -1, "FID_mkas38": -1, "FID_alas99": -1, "FID_eshm13": 16, "OBJECTID_1": 16.0, "LONC": 20.399504, "LATC": 38.15, "IDAS": "GRAS371", "A": 3.5, "B": 0.8, "TECREG": "Active", "TECTONICS": "Active Shallow Crust", "SS": 35, "NF": 15, "TF": 50, "MINDEPTH": 0, "HYPODEPTH1": 2, "HYPODEPTH2": 10, "HYPODEPTH3": 18, "MAXDEPTH": 20, "WHDEPTH1": 0.1, "WHDEPTH2": 0.4, "WHDEPTH3": 0.5, "MAXMAG01": 7.5, "MAXMAG02": 7.7, "MAXMAG03": 7.9, "MAXMAG04": 8.1, "WMAXMAG01": 0.5, "WMAXMAG02": 0.2, "WMAXMAG03": 0.2, "WMAXMAG04": 0.1, "STRIKE1": 30.082436, "STRIKE2": 0.0, "STRIKE3": 0.0, "STRIKE4": 338.128375, "DIP1": 54.209682, "DIP2": 0.0, "DIP3": 0.0, "DIP4": 22.84625, "DIRWEIGHT1": 0.873016, "DIRWEIGHT2": 0.0, "DIRWEIGHT3": 0.0, "DIRWEIGHT4": 0.126984, "FID_tras36": -1, "Shape_Leng": 429654.25949299999, "Shape_Area": 11870442133.5 }, "geometry": { "type": "Polygon", "coordinates": [ [ [ 20.899999999286592, 38.399999999722155, 0.0 ], [ 20.899999999286592, 38.099999999844492, 0.0 ], [ 20.449999999798376, 37.899999999542487, 0.0 ], [ 19.999999999411859, 37.699999999694818, 0.0 ], [ 19.482133909752346, 38.199999999703479, 0.0 ], [ 20.20000000068158, 38.60000000028775, 0.0 ], [ 20.54999999998407, 38.499999999023068, 0.0 ], [ 20.899999999286592, 38.399999999722155, 0.0 ] ] ] } },
{ "type": "Feature", "properties": { "FID_gras37": -1, "FID_mkas38": -1, "FID_alas99": -1, "FID_eshm13": 17, "OBJECTID_1": 17.0, "LONC": 20.6, "LATC": 37.6, "IDAS": "GRAS372", "A": 3.5, "B": 0.8, "TECREG": "Active", "TECTONICS": "Active Shallow Crust", "SS": 40, "NF": 10, "TF": 50, "MINDEPTH": 0, "HYPODEPTH1": 2, "HYPODEPTH2": 10, "HYPODEPTH3": 18, "MAXDEPTH": 50, "WHDEPTH1": 0.1, "WHDEPTH2": 0.4, "WHDEPTH3": 0.5, "MAXMAG01": 7.1, "MAXMAG02": 7.7, "MAXMAG03": 7.9, "MAXMAG04": 8.1, "WMAXMAG01": 0.5, "WMAXMAG02": 0.2, "WMAXMAG03": 0.2, "WMAXMAG04": 0.1, "STRIKE1": 0.0, "STRIKE2": 0.0, "STRIKE3": 219.588087, "STRIKE4": 308.582373, "DIP1": 0.0, "DIP2": 0.0, "DIP3": 75.71513, "DIP4": 22.921676, "DIRWEIGHT1": 0.0, "DIRWEIGHT2": 0.0, "DIRWEIGHT3": 0.184, "DIRWEIGHT4": 0.816, "FID_tras36": -1, "Shape_Leng": 396088.54996099998, "Shape_Area": 9461991564.1800003 }, "geometry": { "type": "Polygon", "coordinates": [ [ [ 21.100000000556314, 37.599999999225986, 0.0 ], [ 20.499999999442075, 37.099999999526581, 0.0 ], [ 19.999999999411859, 37.699999999694818, 0.0 ], [ 20.449999999798376, 37.899999999542487, 0.0 ], [ 20.899999999286592, 38.099999999844492, 0.0 ], [ 21.05000000001429, 37.899999999542487, 0.0 ], [ 21.19999999984368, 37.699999999694818, 0.0 ], [ 21.100000000556314, 37.599999999225986, 0.0 ] ] ] } },
{ "type": "Feature", "properties": { "FID_gras37": -1, "FID_mkas38": -1, "FID_alas99": -1, "FID_eshm13": 18, "OBJECTID_1": 18.0, "LONC": 21.55, "LATC": 38.050027, "IDAS": "GRAS375", "A": 4.2, "B": 1.0, "TECREG": "Active", "TECTONICS": "Active Shallow Crust", "SS": 40, "NF": 60, "TF": 0, "MINDEPTH": 0, "HYPODEPTH1": 2, "HYPODEPTH2": 10, "HYPODEPTH3": 18, "MAXDEPTH": 20, "WHDEPTH1": 0.1, "WHDEPTH2": 0.4, "WHDEPTH3": 0.5, "MAXMAG01": 7.5, "MAXMAG02": 7.7, "MAXMAG03": 7.9, "MAXMAG04": 8.1, "WMAXMAG01": 0.5, "WMAXMAG02": 0.2, "WMAXMAG03": 0.2, "WMAXMAG04": 0.1, "STRIKE1": 0.0, "STRIKE2": 136.704, "STRIKE3": 214.940754, "STRIKE4": 317.49268, "DIP1": 0.0, "DIP2": 56.725, "DIP3": 75.693836, "DIP4": 60.65742, "DIRWEIGHT1": 0.0, "DIRWEIGHT2": 0.026316, "DIRWEIGHT3": 0.535088, "DIRWEIGHT4": 0.438596, "FID_tras36": -1, "Shape_Leng": 514610.961962, "Shape_Area": 14408605640.200001 }, "geometry": { "type": "Polygon", "coordinates": [ [ [ 21.816392000121759, 37.999999999503771, 0.0 ], [ 22.007499999703832, 37.699999999694818, 0.0 ], [ 22.199999999904112, 37.399999999812145, 0.0 ], [ 21.874999999974307, 37.249999999789232, 0.0 ], [ 21.5501190007685, 37.100055000234576, 0.0 ], [ 21.100000000556314, 37.599999999225986, 0.0 ], [ 21.19999999984368, 37.699999999694818, 0.0 ], [ 21.05000000001429, 37.899999999542487, 0.0 ], [ 20.899999999286592, 38.099999999844492, 0.0 ], [ 21.500000000400803, 38.499999999023068, 0.0 ], [ 21.733332999994186, 38.133332999452428, 0.0 ], [ 21.816392000121759, 37.999999999503771, 0.0 ] ] ] } },
{ "type": "Feature", "properties": { "FID_gras37": -1, "FID_mkas38": -1, "FID_alas99": -1, "FID_eshm13": 19, "OBJECTID_1": 19.0, "LONC": 22.22506, "LATC": 36.725, "IDAS": "GRAS376", "A": 3.5, "B": 0.9, "TECREG": "Active", "TECTONICS": "Active Shallow Crust", "SS": 35, "NF": 15, "TF": 50, "MINDEPTH": 0, "HYPODEPTH1": 2, "HYPODEPTH2": 10, "HYPODEPTH3": 18, "MAXDEPTH": 20, "WHDEPTH1": 0.1, "WHDEPTH2": 0.4, "WHDEPTH3": 0.5, "MAXMAG01": 7.5, "MAXMAG02": 7.7, "MAXMAG03": 7.9, "MAXMAG04": 8.1, "WMAXMAG01": 0.5, "WMAXMAG02": 0.2, "WMAXMAG03": 0.2, "WMAXMAG04": 0.1, "STRIKE1": 0.0, "STRIKE2": 160.931141, "STRIKE3": 197.081429, "STRIKE4": 329.110867, "DIP1": 0.0, "DIP2": 54.754014, "DIP3": 57.273286, "DIP4": 54.092433, "DIRWEIGHT1": 0.0, "DIRWEIGHT2": 0.581967, "DIRWEIGHT3": 0.172131, "DIRWEIGHT4": 0.245902, "FID_tras36": -1, "Shape_Leng": 487659.61872199998, "Shape_Area": 12876955696.299999 }, "geometry": { "type": "Polygon", "coordinates": [ [ [ 22.900000000305752, 36.599999999677095, 0.0 ], [ 22.699999999934327, 36.324999999665401, 0.0 ], [ 22.500000000461235, 36.049999999532822, 0.0 ], [ 22.299999999191513, 36.274999999547603, 0.0 ], [ 22.099999999718417, 36.499999999640174, 0.0 ], [ 21.5501190007685, 37.100055000234576, 0.0 ], [ 21.874999999974307, 37.249999999789232, 0.0 ], [ 22.199999999904112, 37.399999999812145, 0.0 ], [ 22.433332999497495, 37.133332999596327, 0.0 ], [ 22.666667000712373, 36.866666999518081, 0.0 ], [ 22.900000000305752, 36.599999999677095, 0.0 ] ] ] } },
{ "type": "Feature", "properties": { "FID_gras37": -1, "FID_mkas38": -1, "FID_alas99": -1, "FID_eshm13": 21, "OBJECTID_1": 21.0, "LONC": 23.508196, "LATC": 36.75, "IDAS": "GRAS381", "A": 3.4, "B": 0.9, "TECREG": "Active", "TECTONICS": "Active Shallow Crust", "SS": 25, "NF": 50, "TF": 25, "MINDEPTH": 0, "HYPODEPTH1": 2, "HYPODEPTH2": 10, "HYPODEPTH3": 18, "MAXDEPTH": 20, "WHDEPTH1": 0.1, "WHDEPTH2": 0.4, "WHDEPTH3": 0.5, "MAXMAG01": 7.5, "MAXMAG02": 7.7, "MAXMAG03": 7.9, "MAXMAG04": 8.1, "WMAXMAG01": 0.5, "WMAXMAG02": 0.2, "WMAXMAG03": 0.2, "WMAXMAG04": 0.1, "STRIKE1": 50.786882, "STRIKE2": 116.653104, "STRIKE3": 248.04414, "STRIKE4": 318.021659, "DIP1": 54.111706, "DIP2": 52.67326, "DIP3": 56.645442, "DIP4": 55.237734, "DIRWEIGHT1": 0.051672, "DIRWEIGHT2": 0.291793, "DIRWEIGHT3": 0.130699, "DIRWEIGHT4": 0.525836, "FID_tras36": -1, "Shape_Leng": 1102167.9545700001, "Shape_Area": 45097957837.699997 }, "geometry": { "type": "Polygon", "coordinates": [ [ [ 22.550000000104934, 37.82499999950916, 0.0 ], [ 22.649999999392332, 37.737500000436121, 0.0 ], [ 22.749999999578026, 37.650000000630321, 0.0 ], [ 22.937499999364782, 37.512500000306737, 0.0 ], [ 23.12500000004983, 37.374999999935966, 0.0 ], [ 23.499999999623334, 37.099999999526581, 0.0 ], [ 23.800000000180454, 36.899999999532355, 0.0 ], [ 24.09999999983928, 36.699999999551721, 0.0 ], [ 24.466667000461811, 36.566666999468282, 0.0 ], [ 24.83333300036114, 36.433332999892812, 0.0 ], [ 25.200000000085407, 36.300000000312842, 0.0 ], [ 25.099999999899676, 35.899999999677789, 0.0 ], [ 24.999999999713978, 35.500000000008235, 0.0 ], [ 24.74999999969889, 35.500000000008235, 0.0 ], [ 24.600000000767793, 35.500000000008235, 0.0 ], [ 24.200000000024975, 35.500000000008235, 0.0 ], [ 23.87500000009517, 35.774999999235767, 0.0 ], [ 23.550000000165365, 36.049999999532822, 0.0 ], [ 23.224999999337228, 36.324999999665401, 0.0 ], [ 22.900000000305752, 36.599999999677095, 0.0 ], [ 22.666667000712373, 36.866666999518081, 0.0 ], [ 22.433332999497495, 37.133332999596327, 0.0 ], [ 22.199999999904112, 37.399999999812145, 0.0 ], [ 22.007499999703832, 37.699999999694818, 0.0 ], [ 21.816392000121759, 37.999999999503771, 0.0 ], [ 22.350000000631841, 37.999999999503771, 0.0 ], [ 22.550000000104934, 37.82499999950916, 0.0 ] ] ] } },
{ "type": "Feature", "properties": { "FID_gras37": -1, "FID_mkas38": -1, "FID_alas99": -1, "FID_eshm13": 22, "OBJECTID_1": 22.0, "LONC": 23.634304, "LATC": 38.252185, "IDAS": "GRAS383", "A": 2.9, "B": 0.8, "TECREG": "Active", "TECTONICS": "Active Shallow Crust", "SS": 40, "NF": 60, "TF": 0, "MINDEPTH": 0, "HYPODEPTH1": 2, "HYPODEPTH2": 10, "HYPODEPTH3": 18, "MAXDEPTH": 20, "WHDEPTH1": 0.1, "WHDEPTH2": 0.4, "WHDEPTH3": 0.5, "MAXMAG01": 7.5, "MAXMAG02": 7.7, "MAXMAG03": 7.9, "MAXMAG04": 8.1, "WMAXMAG01": 0.5, "WMAXMAG02": 0.2, "WMAXMAG03": 0.2, "WMAXMAG04": 0.1, "STRIKE1": 77.235375, "STRIKE2": 119.308, "STRIKE3": 251.883667, "STRIKE4": 287.630462, "DIP1": 51.71425, "DIP2": 54.170111, "DIP3": 59.094333, "DIP4": 52.927026, "DIRWEIGHT1": 0.123077, "DIRWEIGHT2": 0.138462, "DIRWEIGHT3": 0.138462, "DIRWEIGHT4": 0.6, "FID_tras36": -1, "Shape_Leng": 418179.940504, "Shape_Area": 7547591924.1599998 }, "geometry": { "type": "Polygon", "coordinates": [ [ [ 23.499999999623334, 37.999999999503771, 0.0 ], [ 23.149999999422548, 38.249999999651955, 0.0 ], [ 22.800000000120026, 38.499999999023068, 0.0 ], [ 23.304257629219713, 38.501524474980336, 0.0 ], [ 24.245483999852127, 38.504369999355269, 0.0 ], [ 24.378899000173856, 38.409893999643415, 0.0 ], [ 24.468609000002612, 38.346482000428935, 0.0 ], [ 23.499999999623334, 37.999999999503771, 0.0 ] ] ] } },
{ "type": "Feature", "properties": { "FID_gras37": -1, "FID_mkas38": -1, "FID_alas99": -1, "FID_eshm13": 23, "OBJECTID_1": 23.0, "LONC": 22.872742, "LATC": 38.752873, "IDAS": "GRAS384", "A": 3.8, "B": 0.95, "TECREG": "Active", "TECTONICS": "Active Shallow Crust", "SS": 40, "NF": 60, "TF": 0, "MINDEPTH": 0, "HYPODEPTH1": 2, "HYPODEPTH2": 10, "HYPODEPTH3": 18, "MAXDEPTH": 20, "WHDEPTH1": 0.1, "WHDEPTH2": 0.4, "WHDEPTH3": 0.5, "MAXMAG01": 7.5, "MAXMAG02": 7.7, "MAXMAG03": 7.9, "MAXMAG04": 8.1, "WMAXMAG01": 0.5, "WMAXMAG02": 0.2, "WMAXMAG03": 0.2, "WMAXMAG04": 0.1, "STRIKE1": 66.977, "STRIKE2": 127.892292, "STRIKE3": 249.710269, "STRIKE4": 289.799967, "DIP1": 55.438, "DIP2": 63.553542, "DIP3": 55.673462, "DIP4": 54.532856, "DIRWEIGHT1": 0.00431, "DIRWEIGHT2": 0.103448, "DIRWEIGHT3": 0.112069, "DIRWEIGHT4": 0.780172, "FID_tras36": -1, "Shape_Leng": 503431.48431199999, "Shape_Area": 11910126155.5 }, "geometry": { "type": "Polygon", "coordinates": [ [ [ 23.304257591490465, 38.501524505209979, 0.0 ], [ 22.800000000120026, 38.499999999023068, 0.0 ], [ 22.350000000631841, 38.499999999023068, 0.0 ], [ 22.050000000074718, 38.499999999023068, 0.0 ], [ 21.925000000516338, 38.499999999023068, 0.0 ], [ 21.500000000400803, 38.499999999023068, 0.0 ], [ 21.500000000400803, 38.749999999622226, 0.0 ], [ 21.500000000400803, 39.000000000138861, 0.0 ], [ 22.621271913437106, 39.003013484704425, 0.0 ], [ 22.68208276023277, 39.003176917012503, 0.0 ], [ 23.304257591490465, 38.501524505209979, 0.0 ] ] ] } },
{ "type": "Feature", "properties": { "FID_gras37": -1, "FID_mkas38": -1, "FID_alas99": -1, "FID_eshm13": 24, "OBJECTID_1": 24.0, "LONC": 22.075, "LATC": 39.6, "IDAS": "GRAS385", "A": 4.2, "B": 1.0, "TECREG": "Active", "TECTONICS": "Active Shallow Crust", "SS": 20, "NF": 60, "TF": 20, "MINDEPTH": 0, "HYPODEPTH1": 2, "HYPODEPTH2": 10, "HYPODEPTH3": 18, "MAXDEPTH": 20, "WHDEPTH1": 0.1, "WHDEPTH2": 0.4, "WHDEPTH3": 0.5, "MAXMAG01": 7.5, "MAXMAG02": 7.7, "MAXMAG03": 7.9, "MAXMAG04": 8.1, "WMAXMAG01": 0.5, "WMAXMAG02": 0.2, "WMAXMAG03": 0.2, "WMAXMAG04": 0.1, "STRIKE1": 67.568, "STRIKE2": 116.852962, "STRIKE3": 265.121333, "STRIKE4": 281.646, "DIP1": 69.915, "DIP2": 62.721346, "DIP3": 50.506667, "DIP4": 51.64025, "DIRWEIGHT1": 0.030928, "DIRWEIGHT2": 0.268041, "DIRWEIGHT3": 0.123711, "DIRWEIGHT4": 0.57732, "FID_tras36": -1, "Shape_Leng": 652528.32749199995, "Shape_Area": 18702348901.900002 }, "geometry": { "type": "Polygon", "coordinates": [ [ [ 23.250000000506539, 39.449999999898765, 0.0 ], [ 22.350000000631841, 39.449999999898765, 0.0 ], [ 22.199999999904112, 39.299999999521305, 0.0 ], [ 20.899999999286592, 39.299999999521305, 0.0 ], [ 20.899999999286592, 39.900000000114687, 0.0 ], [ 22.800000000120026, 39.900000000114687, 0.0 ], [ 23.250000000506539, 39.449999999898765, 0.0 ] ] ] } },
{ "type": "Feature", "properties": { "FID_gras37": -1, "FID_mkas38": -1, "FID_alas99": -1, "FID_eshm13": 25, "OBJECTID_1": 25.0, "LONC": 22.269186, "LATC": 39.225, "IDAS": "GRAS386", "A": 3.11, "B": 0.8, "TECREG": "Active", "TECTONICS": "Active Shallow Crust", "SS": 20, "NF": 60, "TF": 20, "MINDEPTH": 0, "HYPODEPTH1": 2, "HYPODEPTH2": 10, "HYPODEPTH3": 18, "MAXDEPTH": 20, "WHDEPTH1": 0.1, "WHDEPTH2": 0.4, "WHDEPTH3": 0.5, "MAXMAG01": 7.5, "MAXMAG02": 7.7, "MAXMAG03": 7.9, "MAXMAG04": 8.1, "WMAXMAG01": 0.5, "WMAXMAG02": 0.2, "WMAXMAG03": 0.2, "WMAXMAG04": 0.1, "STRIKE1": 84.6065, "STRIKE2": 100.107471, "STRIKE3": 244.593526, "STRIKE4": 290.959553, "DIP1": 50.405675, "DIP2": 54.044265, "DIP3": 55.690421, "DIP4": 50.027298, "DIRWEIGHT1": 0.285714, "DIRWEIGHT2": 0.242857, "DIRWEIGHT3": 0.135714, "DIRWEIGHT4": 0.335714, "FID_tras36": -1, "Shape_Leng": 477671.599498, "Shape_Area": 8087397459.9799995 }, "geometry": { "type": "Polygon", "coordinates": [ [ [ 22.621271913437106, 39.003013484704425, 0.0 ], [ 21.500000000400803, 39.000000000138861, 0.0 ], [ 20.899999999286592, 39.000000000138861, 0.0 ], [ 20.899999999286592, 39.299999999521305, 0.0 ], [ 22.199999999904112, 39.299999999521305, 0.0 ], [ 22.350000000631841, 39.449999999898765, 0.0 ], [ 22.621271913437106, 39.003013484704425, 0.0 ] ] ] } },
{ "type": "Feature", "properties": { "FID_gras37": -1, "FID_mkas38": -1, "FID_alas99": -1, "FID_eshm13": 26, "OBJECTID_1": 26.0, "LONC": 21.804684, "LATC": 40.475642, "IDAS": "GRAS387", "A": 3.15, "B": 0.85, "TECREG": "Active", "TECTONICS": "Active Shallow Crust", "SS": 20, "NF": 60, "TF": 20, "MINDEPTH": 0, "HYPODEPTH1": 2, "HYPODEPTH2": 10, "HYPODEPTH3": 18, "MAXDEPTH": 20, "WHDEPTH1": 0.1, "WHDEPTH2": 0.4, "WHDEPTH3": 0.5, "MAXMAG01": 7.5, "MAXMAG02": 7.7, "MAXMAG03": 7.9, "MAXMAG04": 8.1, "WMAXMAG01": 0.5, "WMAXMAG02": 0.2, "WMAXMAG03": 0.2, "WMAXMAG04": 0.1, "STRIKE1": 53.254556, "STRIKE2": 101.62625, "STRIKE3": 228.099333, "STRIKE4": 286.981, "DIP1": 53.563968, "DIP2": 51.35975, "DIP3": 51.852293, "DIP4": 48.603615, "DIRWEIGHT1": 0.328125, "DIRWEIGHT2": 0.020833, "DIRWEIGHT3": 0.515625, "DIRWEIGHT4": 0.135417, "FID_tras36": -1, "Shape_Leng": 559114.79914599995, "Shape_Area": 11311559965.1 }, "geometry": { "type": "Polygon", "coordinates": [ [ [ 22.800000000120026, 39.900000000114687, 0.0 ], [ 20.899999999286592, 39.900000000114687, 0.0 ], [ 20.809368000091244, 39.899538999252201, 0.0 ], [ 20.899937000435717, 40.59995399952895, 0.0 ], [ 22.800000000120026, 39.900000000114687, 0.0 ] ] ] } },
{ "type": "Feature", "properties": { "FID_gras37": -1, "FID_mkas38": -1, "FID_alas99": -1, "FID_eshm13": 27, "OBJECTID_1": 27.0, "LONC": 22.751336, "LATC": 40.350055, "IDAS": "GRAS388", "A": 4.1, "B": 1.0, "TECREG": "Active", "TECTONICS": "Active Shallow Crust", "SS": 40, "NF": 60, "TF": 0, "MINDEPTH": 0, "HYPODEPTH1": 2, "HYPODEPTH2": 10, "HYPODEPTH3": 18, "MAXDEPTH": 20, "WHDEPTH1": 0.1, "WHDEPTH2": 0.4, "WHDEPTH3": 0.5, "MAXMAG01": 7.5, "MAXMAG02": 7.7, "MAXMAG03": 7.9, "MAXMAG04": 8.1, "WMAXMAG01": 0.5, "WMAXMAG02": 0.2, "WMAXMAG03": 0.2, "WMAXMAG04": 0.1, "STRIKE1": 61.092551, "STRIKE2": 103.421609, "STRIKE3": 257.561813, "STRIKE4": 289.296625, "DIP1": 62.870592, "DIP2": 58.350739, "DIP3": 48.136687, "DIP4": 54.211857, "DIRWEIGHT1": 0.30625, "DIRWEIGHT2": 0.14375, "DIRWEIGHT3": 0.2, "DIRWEIGHT4": 0.35, "FID_tras36": -1, "Shape_Leng": 876296.37403599999, "Shape_Area": 29110543041.900002 }, "geometry": { "type": "Polygon", "coordinates": [ [ [ 22.63006100053251, 40.970037999548197, 0.0 ], [ 23.315030500093048, 40.335018999512251, 0.0 ], [ 23.999999998755253, 39.700000000395534, 0.0 ], [ 23.45013180079814, 39.200120248994146, 0.0 ], [ 23.250000000506539, 39.449999999898765, 0.0 ], [ 22.800000000120026, 39.900000000114687, 0.0 ], [ 21.64993000080834, 41.051745999758467, 0.0 ], [ 21.556706999822175, 41.145603000026767, 0.0 ], [ 21.502672000585868, 41.199857000105233, 0.0 ], [ 22.100018999984993, 41.499990000282097, 0.0 ], [ 22.63006100053251, 40.970037999548197, 0.0 ] ] ] } },
{ "type": "Feature", "properties": { "FID_gras37": -1, "FID_mkas38": -1, "FID_alas99": -1, "FID_eshm13": 30, "OBJECTID_1": 30.0, "LONC": 24.101317, "LATC": 41.152678, "IDAS": "GRAS392", "A": 2.9, "B": 0.8, "TECREG": "Active", "TECTONICS": "Active Shallow Crust", "SS": 20, "NF": 60, "TF": 20, "MINDEPTH": 0, "HYPODEPTH1": 2, "HYPODEPTH2": 10, "HYPODEPTH3": 18, "MAXDEPTH": 20, "WHDEPTH1": 0.1, "WHDEPTH2": 0.4, "WHDEPTH3": 0.5, "MAXMAG01": 7.5, "MAXMAG02": 7.7, "MAXMAG03": 7.9, "MAXMAG04": 8.1, "WMAXMAG01": 0.5, "WMAXMAG02": 0.2, "WMAXMAG03": 0.2, "WMAXMAG04": 0.1, "STRIKE1": 84.976233, "STRIKE2": 105.520692, "STRIKE3": 260.5032, "STRIKE4": 0.0, "DIP1": 54.5166, "DIP2": 53.517354, "DIP3": 46.4521, "DIP4": 0.0, "DIRWEIGHT1": 0.285714, "DIRWEIGHT2": 0.619048, "DIRWEIGHT3": 0.095238, "DIRWEIGHT4": 0.0, "FID_tras36": -1, "Shape_Leng": 586768.59168900002, "Shape_Area": 17351354919.5 }, "geometry": { "type": "Polygon", "coordinates": [ [ [ 25.203357649292538, 41.186381355351557, 0.0 ], [ 23.530000000307876, 40.800000000200328, 0.0 ], [ 22.999269000022252, 41.199546000228366, 0.0 ], [ 23.000266999556814, 41.352268999784734, 0.0 ], [ 23.001264999989708, 41.50499199984008, 0.0 ], [ 23.893624999951221, 41.505355000055552, 0.0 ], [ 24.531016000344543, 41.500766999814829, 0.0 ], [ 24.985921999636616, 41.403646999746407, 0.0 ], [ 25.203357649292538, 41.186381355351557, 0.0 ] ] ] } },
{ "type": "Feature", "properties": { "FID_gras37": -1, "FID_mkas38": -1, "FID_alas99": -1, "FID_eshm13": 31, "OBJECTID_1": 31.0, "LONC": 23.050832, "LATC": 35.125059, "IDAS": "GRAS400", "A": 4.1, "B": 1.0, "TECREG": "Active", "TECTONICS": "Active Shallow Crust", "SS": 35, "NF": 15, "TF": 50, "MINDEPTH": 0, "HYPODEPTH1": 2, "HYPODEPTH2": 10, "HYPODEPTH3": 18, "MAXDEPTH": 50, "WHDEPTH1": 0.1, "WHDEPTH2": 0.4, "WHDEPTH3": 0.5, "MAXMAG01": 7.1, "MAXMAG02": 7.7, "MAXMAG03": 7.9, "MAXMAG04": 8.1, "WMAXMAG01": 0.5, "WMAXMAG02": 0.2, "WMAXMAG03": 0.2, "WMAXMAG04": 0.1, "STRIKE1": 0.0, "STRIKE2": 0.0, "STRIKE3": 0.0, "STRIKE4": 0.0, "DIP1": 0.0, "DIP2": 0.0, "DIP3": 0.0, "DIP4": 0.0, "DIRWEIGHT1": 0.0, "DIRWEIGHT2": 0.0, "DIRWEIGHT3": 0.0, "DIRWEIGHT4": 0.0, "FID_tras36": -1, "Shape_Leng": 634935.93364399998, "Shape_Area": 21920442615.599998 }, "geometry": { "type": "Polygon", "coordinates": [ [ [ 23.849999999824156, 35.14999999979721, 0.0 ], [ 23.298022288983656, 34.537691207073152, 0.0 ], [ 21.701664531382995, 35.601836296796428, 0.0 ], [ 22.099999999718417, 35.824999999529879, 0.0 ], [ 22.500000000461235, 36.049999999532822, 0.0 ], [ 23.849999999824156, 35.14999999979721, 0.0 ] ] ] } },
{ "type": "Feature", "properties": { "FID_gras37": -1, "FID_mkas38": -1, "FID_alas99": -1, "FID_eshm13": 32, "OBJECTID_1": 32.0, "LONC": 23.35, "LATC": 35.875, "IDAS": "GRAS402", "A": 3.2, "B": 0.84, "TECREG": "Active", "TECTONICS": "Active Shallow Crust", "SS": 35, "NF": 15, "TF": 50, "MINDEPTH": 0, "HYPODEPTH1": 2, "HYPODEPTH2": 10, "HYPODEPTH3": 18, "MAXDEPTH": 20, "WHDEPTH1": 0.1, "WHDEPTH2": 0.4, "WHDEPTH3": 0.5, "MAXMAG01": 7.5, "MAXMAG02": 7.7, "MAXMAG03": 7.9, "MAXMAG04": 8.1, "WMAXMAG01": 0.5, "WMAXMAG02": 0.2, "WMAXMAG03": 0.2, "WMAXMAG04": 0.1, "STRIKE1": 13.332364, "STRIKE2": 149.792115, "STRIKE3": 192.04875, "STRIKE4": 336.596786, "DIP1": 59.314545, "DIP2": 58.587049, "DIP3": 67.58325, "DIP4": 60.8245, "DIRWEIGHT1": 0.094828, "DIRWEIGHT2": 0.525862, "DIRWEIGHT3": 0.137931, "DIRWEIGHT4": 0.241379, "FID_tras36": -1, "Shape_Leng": 553530.65135399997, "Shape_Area": 14834616115.6 }, "geometry": { "type": "Polygon", "coordinates": [ [ [ 24.200000000024975, 35.500000000008235, 0.0 ], [ 24.024999999924564, 35.324999999016093, 0.0 ], [ 23.849999999824156, 35.14999999979721, 0.0 ], [ 22.500000000461235, 36.049999999532822, 0.0 ], [ 22.699999999934327, 36.324999999665401, 0.0 ], [ 22.900000000305752, 36.599999999677095, 0.0 ], [ 23.224999999337228, 36.324999999665401, 0.0 ], [ 23.550000000165365, 36.049999999532822, 0.0 ], [ 23.87500000009517, 35.774999999235767, 0.0 ], [ 24.200000000024975, 35.500000000008235, 0.0 ] ] ] } },
{ "type": "Feature", "properties": { "FID_gras37": -1, "FID_mkas38": -1, "FID_alas99": -1, "FID_eshm13": 33, "OBJECTID_1": 33.0, "LONC": 28.522454, "LATC": 40.054961, "IDAS": "TRAS334", "A": 4.5, "B": 1.0, "TECREG": "Active", "TECTONICS": "Active Shallow Crust", "SS": 60, "NF": 25, "TF": 15, "MINDEPTH": 0, "HYPODEPTH1": 2, "HYPODEPTH2": 10, "HYPODEPTH3": 18, "MAXDEPTH": 20, "WHDEPTH1": 0.1, "WHDEPTH2": 0.4, "WHDEPTH3": 0.5, "MAXMAG01": 8.0, "MAXMAG02": 8.2, "MAXMAG03": 8.4, "MAXMAG04": 8.6, "WMAXMAG01": 0.5, "WMAXMAG02": 0.2, "WMAXMAG03": 0.2, "WMAXMAG04": 0.1, "STRIKE1": 65.667436, "STRIKE2": 100.3537, "STRIKE3": 247.266829, "STRIKE4": 277.671538, "DIP1": 78.738084, "DIP2": 75.924986, "DIP3": 80.04585, "DIP4": 52.032474, "DIRWEIGHT1": 0.410468, "DIRWEIGHT2": 0.096419, "DIRWEIGHT3": 0.257576, "DIRWEIGHT4": 0.235537, "FID_tras36": -1, "Shape_Leng": 1219997.8913100001, "Shape_Area": 29550831230.200001 }, "geometry": { "type": "Polygon", "coordinates": [ [ [ 30.628165000607595, 40.549120999314354, 0.0 ], [ 31.105748999789999, 40.549120999314354, 0.0 ], [ 30.295555999828373, 40.446617999469638, 0.0 ], [ 29.743213999682293, 40.259202999157232, 0.0 ], [ 29.446724999734478, 40.16563499951198, 0.0 ], [ 29.12597899968037, 40.139637999188004, 0.0 ], [ 28.824182000245766, 40.066578000116394, 0.0 ], [ 27.014312000263928, 39.718382998997953, 0.0 ], [ 26.501288000665735, 39.593947999248776, 0.0 ], [ 26.247361000114743, 39.54273399946608, 0.0 ], [ 25.939158999229608, 39.531803999507119, 0.0 ], [ 25.999339000523737, 39.599784999805443, 0.0 ], [ 26.129311999833149, 39.684604000161421, 0.0 ], [ 26.301326999754064, 39.837771999300138, 0.0 ], [ 26.580129999829193, 40.08157499994973, 0.0 ], [ 27.018382000016615, 40.161177999616093, 0.0 ], [ 27.48582600042651, 40.316483999639892, 0.0 ], [ 27.762980999790429, 40.391963999878556, 0.0 ], [ 28.075549999630852, 40.464493999944622, 0.0 ], [ 28.466277999642767, 40.488673999659284, 0.0 ], [ 28.696376999534593, 40.565060999815351, 0.0 ], [ 29.869597999462965, 40.574030000085408, 0.0 ], [ 30.153672113300999, 40.578097868084356, 0.0 ], [ 30.627293999497983, 40.549120999314354, 0.0 ], [ 30.628165000607595, 40.549120999314354, 0.0 ] ] ] } },
{ "type": "Feature", "properties": { "FID_gras37": -1, "FID_mkas38": -1, "FID_alas99": -1, "FID_eshm13": 34, "OBJECTID_1": 34.0, "LONC": 31.836781, "LATC": 39.316196, "IDAS": "TRAS335", "A": 3.9, "B": 1.0, "TECREG": "Active", "TECTONICS": "Active Shallow Crust", "SS": 50, "NF": 40, "TF": 10, "MINDEPTH": 0, "HYPODEPTH1": 2, "HYPODEPTH2": 10, "HYPODEPTH3": 18, "MAXDEPTH": 20, "WHDEPTH1": 0.1, "WHDEPTH2": 0.4, "WHDEPTH3": 0.5, "MAXMAG01": 7.5, "MAXMAG02": 7.7, "MAXMAG03": 7.9, "MAXMAG04": 8.1, "WMAXMAG01": 0.5, "WMAXMAG02": 0.2, "WMAXMAG03": 0.2, "WMAXMAG04": 0.1, "STRIKE1": 45.920739, "STRIKE2": 121.569575, "STRIKE3": 265.16, "STRIKE4": 296.313769, "DIP1": 49.852, "DIP2": 72.957123, "DIP3": 73.219222, "DIP4": 71.737308, "DIRWEIGHT1": 0.088123, "DIRWEIGHT2": 0.653257, "DIRWEIGHT3": 0.034483, "DIRWEIGHT4": 0.224138, "FID_tras36": -1, "Shape_Leng": 1165815.6083, "Shape_Area": 31695607488.5 }, "geometry": { "type": "Polygon", "coordinates": [ [ [ 33.015514000375532, 38.932100999353949, 0.0 ], [ 33.286629000856863, 38.64181400008227, 0.0 ], [ 33.346057999793679, 38.560172999718731, 0.0 ], [ 32.951354000638723, 38.37331699938381, 0.0 ], [ 32.694714000793098, 38.602816999400986, 0.0 ], [ 32.399578000207072, 38.822339000130704, 0.0 ], [ 31.933457999744967, 39.07641999999268, 0.0 ], [ 31.490796999871101, 39.248907999685905, 0.0 ], [ 30.974689000359223, 39.425264999621582, 0.0 ], [ 30.371980999973236, 39.580858999223963, 0.0 ], [ 29.939670999657377, 39.715491000230649, 0.0 ], [ 29.632941999581298, 39.813481999706553, 0.0 ], [ 28.824182000245766, 40.066578000116394, 0.0 ], [ 29.12597899968037, 40.139637999188004, 0.0 ], [ 29.44677300031335, 40.165632999117122, 0.0 ], [ 29.743213999682293, 40.259202999157232, 0.0 ], [ 30.359321999379905, 40.099556999968634, 0.0 ], [ 30.911090000313962, 39.969836999491626, 0.0 ], [ 31.32170600003035, 39.830143000136921, 0.0 ], [ 31.950474000146194, 39.530795000104519, 0.0 ], [ 32.74604200058257, 39.131664999542565, 0.0 ], [ 33.015514000375532, 38.932100999353949, 0.0 ] ] ] } },
{ "type": "Feature", "properties": { "FID_gras37": -1, "FID_mkas38": -1, "FID_alas99": -1, "FID_eshm13": 35, "OBJECTID_1": 35.0, "LONC": 30.354782, "LATC": 39.307624, "IDAS": "TRAS336", "A": 4.0, "B": 1.03, "TECREG": "Active", "TECTONICS": "Active Shallow Crust", "SS": 40, "NF": 50, "TF": 10, "MINDEPTH": 0, "HYPODEPTH1": 2, "HYPODEPTH2": 10, "HYPODEPTH3": 18, "MAXDEPTH": 20, "WHDEPTH1": 0.1, "WHDEPTH2": 0.4, "WHDEPTH3": 0.5, "MAXMAG01": 7.5, "MAXMAG02": 7.7, "MAXMAG03": 7.9, "MAXMAG04": 8.1, "WMAXMAG01": 0.5, "WMAXMAG02": 0.2, "WMAXMAG03": 0.2, "WMAXMAG04": 0.1, "STRIKE1": 32.0485, "STRIKE2": 150.114, "STRIKE3": 231.571429, "STRIKE4": 305.283655, "DIP1": 50.655167, "DIP2": 50.747, "DIP3": 67.562429, "DIP4": 60.265473, "DIRWEIGHT1": 0.086957, "DIRWEIGHT2": 0.014493, "DIRWEIGHT3": 0.101449, "DIRWEIGHT4": 0.797101, "FID_tras36": -1, "Shape_Leng": 602091.91059500002, "Shape_Area": 15756521170.9 }, "geometry": { "type": "Polygon", "coordinates": [ [ [ 31.490796999871101, 39.248907999685905, 0.0 ], [ 31.096299000580466, 38.802495999891001, 0.0 ], [ 30.32119799998182, 39.094436999676645, 0.0 ], [ 29.79821600028766, 39.26769900044134, 0.0 ], [ 29.374477000370774, 39.36983599929934, 0.0 ], [ 29.217583000267656, 39.401265999935525, 0.0 ], [ 29.633052999909381, 39.813433999445436, 0.0 ], [ 29.632931871076455, 39.813471977775357, 0.0 ], [ 29.632941999581298, 39.813481999706553, 0.0 ], [ 29.939670999657377, 39.715491000230649, 0.0 ], [ 30.371980999973236, 39.580858999223963, 0.0 ], [ 30.974689000359223, 39.425264999621582, 0.0 ], [ 31.490796999871101, 39.248907999685905, 0.0 ] ] ] } },
{ "type": "Feature", "properties": { "FID_gras37": -1, "FID_mkas38": -1, "FID_alas99": -1, "FID_eshm13": 36, "OBJECTID_1": 36.0, "LONC": 27.539141, "LATC": 39.053559, "IDAS": "TRAS337", "A": 4.0, "B": 1.0, "TECREG": "Active", "TECTONICS": "Active Shallow Crust", "SS": 50, "NF": 30, "TF": 20, "MINDEPTH": 0, "HYPODEPTH1": 2, "HYPODEPTH2": 10, "HYPODEPTH3": 18, "MAXDEPTH": 20, "WHDEPTH1": 0.1, "WHDEPTH2": 0.4, "WHDEPTH3": 0.5, "MAXMAG01": 7.1, "MAXMAG02": 7.3, "MAXMAG03": 7.5, "MAXMAG04": 7.7, "WMAXMAG01": 0.5, "WMAXMAG02": 0.2, "WMAXMAG03": 0.2, "WMAXMAG04": 0.1, "STRIKE1": 30.419048, "STRIKE2": 140.936, "STRIKE3": 222.644186, "STRIKE4": 286.409381, "DIP1": 82.142857, "DIP2": 79.688724, "DIP3": 73.042323, "DIP4": 70.201071, "DIRWEIGHT1": 0.153285, "DIRWEIGHT2": 0.105839, "DIRWEIGHT3": 0.587591, "DIRWEIGHT4": 0.153285, "FID_tras36": -1, "Shape_Leng": 533830.43218200002, "Shape_Area": 14671043990.200001 }, "geometry": { "type": "Polygon", "coordinates": [ [ [ 28.207768000226409, 39.494065999970921, 0.0 ], [ 27.905797000714518, 39.119043999757281, 0.0 ], [ 27.677814188188609, 38.831392374081119, 0.0 ], [ 27.677636999990387, 38.831418999408051, 0.0 ], [ 27.359544999679709, 38.4265779992242, 0.0 ], [ 26.820651999249058, 38.78438399988211, 0.0 ], [ 26.754445999316079, 38.801428999968209, 0.0 ], [ 27.009717000804667, 39.110330999745038, 0.0 ], [ 27.009719136100102, 39.11061474564098, 0.0 ], [ 27.009721000104314, 39.110616999136944, 0.0 ], [ 27.496037000242442, 39.680540999816706, 0.0 ], [ 28.32383699953575, 39.637268999662354, 0.0 ], [ 28.207768000226409, 39.494065999970921, 0.0 ] ] ] } },
{ "type": "Feature", "properties": { "FID_gras37": -1, "FID_mkas38": -1, "FID_alas99": -1, "FID_eshm13": 37, "OBJECTID_1": 37.0, "LONC": 31.255513, "LATC": 38.425582, "IDAS": "TRAS338", "A": 4.5, "B": 1.0, "TECREG": "Active", "TECTONICS": "Active Shallow Crust", "SS": 40, "NF": 50, "TF": 10, "MINDEPTH": 0, "HYPODEPTH1": 2, "HYPODEPTH2": 10, "HYPODEPTH3": 18, "MAXDEPTH": 20, "WHDEPTH1": 0.1, "WHDEPTH2": 0.4, "WHDEPTH3": 0.5, "MAXMAG01": 7.1, "MAXMAG02": 7.3, "MAXMAG03": 7.5, "MAXMAG04": 7.7, "WMAXMAG01": 0.5, "WMAXMAG02": 0.2, "WMAXMAG03": 0.2, "WMAXMAG04": 0.1, "STRIKE1": 31.283515, "STRIKE2": 125.494067, "STRIKE3": 221.157082, "STRIKE4": 300.619951, "DIP1": 46.294833, "DIP2": 53.321441, "DIP3": 52.118888, "DIP4": 47.884841, "DIRWEIGHT1": 0.088829, "DIRWEIGHT2": 0.26245, "DIRWEIGHT3": 0.131898, "DIRWEIGHT4": 0.516824, "FID_tras36": -1, "Shape_Leng": 1283563.61044, "Shape_Area": 41220422606.300003 }, "geometry": { "type": "Polygon", "coordinates": [ [ [ 29.217583000267656, 39.401265999935525, 0.0 ], [ 29.374477000370774, 39.36983599929934, 0.0 ], [ 29.797925000034507, 39.267667999719137, 0.0 ], [ 30.32119799998182, 39.094436999676645, 0.0 ], [ 31.096299000580466, 38.802495999891001, 0.0 ], [ 31.183764999846311, 38.767035999555276, 0.0 ], [ 31.851246000437548, 38.427958000230497, 0.0 ], [ 32.415621000289761, 38.010983999239684, 0.0 ], [ 32.787740999265736, 37.673823999898545, 0.0 ], [ 32.287300999917768, 37.35709799999384, 0.0 ], [ 31.761196999776772, 37.745343999977976, 0.0 ], [ 31.240890999567359, 38.123329999543323, 0.0 ], [ 30.653763000380078, 38.427031999818198, 0.0 ], [ 30.388188999912352, 38.542263999454001, 0.0 ], [ 30.041725000435161, 38.654651999384171, 0.0 ], [ 29.570159000394025, 38.782763999920938, 0.0 ], [ 29.053676999890012, 38.899855999968437, 0.0 ], [ 28.37358899948233, 39.053111999273177, 0.0 ], [ 27.905797000714518, 39.119043999757281, 0.0 ], [ 28.207768000226409, 39.494065999970921, 0.0 ], [ 28.745713000452874, 39.461791999507895, 0.0 ], [ 29.066508999837364, 39.431139999786254, 0.0 ], [ 29.217583000267656, 39.401265999935525, 0.0 ] ] ] } },
{ "type": "Feature", "properties": { "FID_gras37": -1, "FID_mkas38": -1, "FID_alas99": -1, "FID_eshm13": 38, "OBJECTID_1": 38.0, "LONC": 28.645346, "LATC": 38.231119, "IDAS": "TRAS339", "A": 4.0, "B": 0.9, "TECREG": "Active", "TECTONICS": "Active Shallow Crust", "SS": 20, "NF": 75, "TF": 5, "MINDEPTH": 0, "HYPODEPTH1": 2, "HYPODEPTH2": 10, "HYPODEPTH3": 18, "MAXDEPTH": 20, "WHDEPTH1": 0.1, "WHDEPTH2": 0.4, "WHDEPTH3": 0.5, "MAXMAG01": 7.1, "MAXMAG02": 7.3, "MAXMAG03": 7.5, "MAXMAG04": 7.7, "WMAXMAG01": 0.5, "WMAXMAG02": 0.2, "WMAXMAG03": 0.2, "WMAXMAG04": 0.1, "STRIKE1": 59.418345, "STRIKE2": 119.574317, "STRIKE3": 237.209864, "STRIKE4": 294.876788, "DIP1": 50.260793, "DIP2": 50.561829, "DIP3": 53.882833, "DIP4": 53.53303, "DIRWEIGHT1": 0.105072, "DIRWEIGHT2": 0.297101, "DIRWEIGHT3": 0.23913, "DIRWEIGHT4": 0.358696, "FID_tras36": -1, "Shape_Leng": 727030.94372500002, "Shape_Area": 18671975975.099998 }, "geometry": { "type": "Polygon", "coordinates": [ [ [ 28.136988000750549, 38.762360999753184, 0.0 ], [ 28.490771999575486, 38.698395999322649, 0.0 ], [ 28.906763999449044, 38.564374999463254, 0.0 ], [ 29.36804800042745, 38.283689999207169, 0.0 ], [ 29.931147999837314, 37.879524999540074, 0.0 ], [ 29.577131999412163, 37.630819999742329, 0.0 ], [ 29.334375999475146, 37.71283999952243, 0.0 ], [ 29.074760000569182, 37.749880999972255, 0.0 ], [ 28.919680999785218, 37.760543999357353, 0.0 ], [ 28.821890000002316, 37.778984999466459, 0.0 ], [ 28.692502999600478, 37.770408999331863, 0.0 ], [ 28.725375999413206, 38.086256999228787, 0.0 ], [ 28.556867999903623, 38.229322999977079, 0.0 ], [ 28.440232000156616, 38.305470999671982, 0.0 ], [ 28.358588000213466, 38.342021999846672, 0.0 ], [ 28.206968000160224, 38.37857300021242, 0.0 ], [ 28.00480199994206, 38.390756999768463, 0.0 ], [ 27.713217999973196, 38.37857300021242, 0.0 ], [ 27.534382000471819, 38.390756999768463, 0.0 ], [ 27.359544999679709, 38.4265779992242, 0.0 ], [ 27.678026650533091, 38.83112414616938, 0.0 ], [ 28.136988000750549, 38.762360999753184, 0.0 ] ] ] } },
{ "type": "Feature", "properties": { "FID_gras37": -1, "FID_mkas38": -1, "FID_alas99": -1, "FID_eshm13": 39, "OBJECTID_1": 39.0, "LONC": 27.91934, "LATC": 37.810269, "IDAS": "TRAS340", "A": 3.0, "B": 0.8, "TECREG": "Active", "TECTONICS": "Active Shallow Crust", "SS": 35, "NF": 65, "TF": 0, "MINDEPTH": 0, "HYPODEPTH1": 2, "HYPODEPTH2": 10, "HYPODEPTH3": 18, "MAXDEPTH": 20, "WHDEPTH1": 0.1, "WHDEPTH2": 0.4, "WHDEPTH3": 0.5, "MAXMAG01": 7.1, "MAXMAG02": 7.3, "MAXMAG03": 7.5, "MAXMAG04": 7.7, "WMAXMAG01": 0.5, "WMAXMAG02": 0.2, "WMAXMAG03": 0.2, "WMAXMAG04": 0.1, "STRIKE1": 70.92348, "STRIKE2": 102.9825, "STRIKE3": 247.735754, "STRIKE4": 275.8238, "DIP1": 58.32404, "DIP2": 51.396333, "DIP3": 55.809446, "DIP4": 62.5072, "DIRWEIGHT1": 0.431034, "DIRWEIGHT2": 0.137931, "DIRWEIGHT3": 0.373563, "DIRWEIGHT4": 0.057471, "FID_tras36": -1, "Shape_Leng": 463864.22426799999, "Shape_Area": 9334009135.7199993 }, "geometry": { "type": "Polygon", "coordinates": [ [ [ 28.725375999413206, 38.086256999228787, 0.0 ], [ 28.692502999600478, 37.770408999331863, 0.0 ], [ 28.448064999515374, 37.751060999056584, 0.0 ], [ 28.138826999460861, 37.702297999895428, 0.0 ], [ 27.78582799973514, 37.666773999619252, 0.0 ], [ 27.675641999847869, 37.656501999386187, 0.0 ], [ 27.1364869994764, 37.533556999342956, 0.0 ], [ 27.147006000162218, 37.634896999863656, 0.0 ], [ 27.113590000201281, 37.970541999711251, 0.0 ], [ 27.274005000061095, 38.002108999847295, 0.0 ], [ 27.602973000534689, 38.032785999609153, 0.0 ], [ 27.931941000109955, 38.063462999650241, 0.0 ], [ 28.282436999704988, 38.075262000287672, 0.0 ], [ 28.632933000198346, 38.087060999671124, 0.0 ], [ 28.679154499805794, 38.086659000555187, 0.0 ], [ 28.725375999413206, 38.086256999228787, 0.0 ] ] ] } },
{ "type": "Feature", "properties": { "FID_gras37": -1, "FID_mkas38": -1, "FID_alas99": -1, "FID_eshm13": 40, "OBJECTID_1": 40.0, "LONC": 27.92098, "LATC": 37.250853, "IDAS": "TRAS341", "A": 4.0, "B": 1.0, "TECREG": "Active", "TECTONICS": "Active Shallow Crust", "SS": 20, "NF": 75, "TF": 5, "MINDEPTH": 0, "HYPODEPTH1": 2, "HYPODEPTH2": 10, "HYPODEPTH3": 18, "MAXDEPTH": 20, "WHDEPTH1": 0.1, "WHDEPTH2": 0.4, "WHDEPTH3": 0.5, "MAXMAG01": 7.1, "MAXMAG02": 7.3, "MAXMAG03": 7.5, "MAXMAG04": 7.7, "WMAXMAG01": 0.5, "WMAXMAG02": 0.2, "WMAXMAG03": 0.2, "WMAXMAG04": 0.1, "STRIKE1": 67.19447, "STRIKE2": 118.984, "STRIKE3": 249.815114, "STRIKE4": 302.62658, "DIP1": 65.431217, "DIP2": 70.0276, "DIP3": 61.9065, "DIP4": 78.894116, "DIRWEIGHT1": 0.367257, "DIRWEIGHT2": 0.132743, "DIRWEIGHT3": 0.19469, "DIRWEIGHT4": 0.30531, "FID_tras36": -1, "Shape_Leng": 525765.25639800006, "Shape_Area": 14929343197.299999 }, "geometry": { "type": "Polygon", "coordinates": [ [ [ 28.926969000244256, 37.09678899951566, 0.0 ], [ 27.4775939999613, 36.834239999738834, 0.0 ], [ 26.914844999282391, 37.153950999892892, 0.0 ], [ 27.1364869994764, 37.533556999342956, 0.0 ], [ 27.675641999847869, 37.656501999386187, 0.0 ], [ 27.78582799973514, 37.666773999619252, 0.0 ], [ 28.926969000244256, 37.09678899951566, 0.0 ] ] ] } },
{ "type": "Feature", "properties": { "FID_gras37": -1, "FID_mkas38": -1, "FID_alas99": -1, "FID_eshm13": 41, "OBJECTID_1": 41.0, "LONC": 29.855384, "LATC": 37.415692, "IDAS": "TRAS342", "A": 4.5, "B": 1.0, "TECREG": "Active", "TECTONICS": "Active Shallow Crust", "SS": 30, "NF": 55, "TF": 15, "MINDEPTH": 0, "HYPODEPTH1": 2, "HYPODEPTH2": 10, "HYPODEPTH3": 18, "MAXDEPTH": 20, "WHDEPTH1": 0.1, "WHDEPTH2": 0.4, "WHDEPTH3": 0.5, "MAXMAG01": 7.1, "MAXMAG02": 7.3, "MAXMAG03": 7.5, "MAXMAG04": 7.7, "WMAXMAG01": 0.5, "WMAXMAG02": 0.2, "WMAXMAG03": 0.2, "WMAXMAG04": 0.1, "STRIKE1": 35.874059, "STRIKE2": 143.687792, "STRIKE3": 230.027901, "STRIKE4": 311.194851, "DIP1": 52.352912, "DIP2": 51.319283, "DIP3": 51.205031, "DIP4": 55.355478, "DIRWEIGHT1": 0.265625, "DIRWEIGHT2": 0.138021, "DIRWEIGHT3": 0.421875, "DIRWEIGHT4": 0.174479, "FID_tras36": -1, "Shape_Leng": 872058.97373099998, "Shape_Area": 31705523924.099998 }, "geometry": { "type": "Polygon", "coordinates": [ [ [ 31.240464419283313, 38.122959951694391, 0.0 ], [ 30.757060000016505, 37.702414999992847, 0.0 ], [ 30.732466999451265, 37.681048999222774, 0.0 ], [ 30.279810999671554, 37.181672999439726, 0.0 ], [ 30.056588000510072, 36.866871000181355, 0.0 ], [ 29.682791999437164, 36.40414799936876, 0.0 ], [ 28.802532999852168, 36.691260000213674, 0.0 ], [ 28.749999999940581, 36.599999999677095, 0.0 ], [ 28.46988200013848, 36.726349999660876, 0.0 ], [ 28.926969000244256, 37.09678899951566, 0.0 ], [ 29.577131999412163, 37.630819999742329, 0.0 ], [ 29.931147999837314, 37.879524999540074, 0.0 ], [ 30.653763000380078, 38.427031999818198, 0.0 ], [ 31.240464419283313, 38.122959951694391, 0.0 ] ] ] } },
{ "type": "Feature", "properties": { "FID_gras37": -1, "FID_mkas38": -1, "FID_alas99": -1, "FID_eshm13": 42, "OBJECTID_1": 42.0, "LONC": 37.163165, "LATC": 40.496148, "IDAS": "TRAS344", "A": 3.5, "B": 0.74, "TECREG": "Active", "TECTONICS": "Active Shallow Crust", "SS": 75, "NF": 10, "TF": 15, "MINDEPTH": 0, "HYPODEPTH1": 2, "HYPODEPTH2": 10, "HYPODEPTH3": 18, "MAXDEPTH": 20, "WHDEPTH1": 0.1, "WHDEPTH2": 0.4, "WHDEPTH3": 0.5, "MAXMAG01": 8.0, "MAXMAG02": 8.2, "MAXMAG03": 8.4, "MAXMAG04": 8.6, "WMAXMAG01": 0.5, "WMAXMAG02": 0.2, "WMAXMAG03": 0.2, "WMAXMAG04": 0.1, "STRIKE1": 47.522085, "STRIKE2": 110.364383, "STRIKE3": 251.897202, "STRIKE4": 289.213172, "DIP1": 78.783712, "DIP2": 83.043311, "DIP3": 76.033333, "DIP4": 73.278652, "DIRWEIGHT1": 0.059237, "DIRWEIGHT2": 0.348394, "DIRWEIGHT3": 0.358434, "DIRWEIGHT4": 0.233936, "FID_tras36": -1, "Shape_Leng": 2302717.0288800001, "Shape_Area": 56199529737.900002 }, "geometry": { "type": "Polygon", "coordinates": [ [ [ 36.226919000097318, 40.971770999894623, 0.0 ], [ 37.170000000125967, 40.649999999701855, 0.0 ], [ 37.68000000008491, 40.509999999534202, 0.0 ], [ 38.690000000074065, 40.219999999725154, 0.0 ], [ 39.500000000590134, 39.929999999154646, 0.0 ], [ 39.500120414364098, 39.930036212908504, 0.0 ], [ 39.501369999670395, 39.929587999622946, 0.0 ], [ 41.304553999790933, 39.387373999668227, 0.0 ], [ 41.167842999843415, 39.001362000199151, 0.0 ], [ 39.464106999539503, 39.578611999863995, 0.0 ], [ 39.021167999831277, 39.726858999569359, 0.0 ], [ 38.390000000415277, 39.950000000197967, 0.0 ], [ 38.049999999244882, 40.059999999658181, 0.0 ], [ 37.430000000069789, 40.230000000056044, 0.0 ], [ 37.036061999747503, 40.348180999794884, 0.0 ], [ 35.950659000335797, 40.714877999369094, 0.0 ], [ 35.41382100032213, 40.89844599933221, 0.0 ], [ 34.083668999582436, 40.928979000142213, 0.0 ], [ 32.565671000347869, 40.688955999896585, 0.0 ], [ 31.901701000365932, 40.615614999128155, 0.0 ], [ 31.886314000409342, 40.8778569993422, 0.0 ], [ 32.930818372208236, 41.12991152517214, 0.0 ], [ 33.342502474187349, 41.27345865311657, 0.0 ], [ 34.006635018930083, 41.310866129655928, 0.0 ], [ 35.309989999860022, 41.26400699913146, 0.0 ], [ 36.226919000097318, 40.971770999894623, 0.0 ] ] ] } },
{ "type": "Feature", "properties": { "FID_gras37": -1, "FID_mkas38": -1, "FID_alas99": -1, "FID_eshm13": 43, "OBJECTID_1": 43.0, "LONC": 35.369599, "LATC": 40.188208, "IDAS": "TRAS345", "A": 3.9, "B": 1.0, "TECREG": "Active", "TECTONICS": "Active Shallow Crust", "SS": 75, "NF": 10, "TF": 15, "MINDEPTH": 0, "HYPODEPTH1": 2, "HYPODEPTH2": 10, "HYPODEPTH3": 18, "MAXDEPTH": 20, "WHDEPTH1": 0.1, "WHDEPTH2": 0.4, "WHDEPTH3": 0.5, "MAXMAG01": 8.0, "MAXMAG02": 8.2, "MAXMAG03": 8.4, "MAXMAG04": 8.6, "WMAXMAG01": 0.5, "WMAXMAG02": 0.2, "WMAXMAG03": 0.2, "WMAXMAG04": 0.1, "STRIKE1": 84.103833, "STRIKE2": 96.131174, "STRIKE3": 244.54899, "STRIKE4": 0.0, "DIP1": 86.72575, "DIP2": 86.522087, "DIP3": 85.008563, "DIP4": 0.0, "DIRWEIGHT1": 0.091603, "DIRWEIGHT2": 0.175573, "DIRWEIGHT3": 0.732824, "DIRWEIGHT4": 0.0, "FID_tras36": -1, "Shape_Leng": 823921.96297800005, "Shape_Area": 18016835348.099998 }, "geometry": { "type": "Polygon", "coordinates": [ [ [ 37.036061999747503, 40.348180999794884, 0.0 ], [ 36.620111999706737, 40.358012999706347, 0.0 ], [ 35.805367999768485, 40.279756999038092, 0.0 ], [ 35.413087999304835, 40.178024999919153, 0.0 ], [ 34.618463999772963, 39.911956999049515, 0.0 ], [ 34.256359999720956, 39.763271000102947, 0.0 ], [ 33.934488000085757, 39.661538999723945, 0.0 ], [ 33.703768351469186, 39.982589647642406, 0.0 ], [ 33.874135999262521, 40.037164999374959, 0.0 ], [ 34.407231999586529, 40.232804999623006, 0.0 ], [ 34.819632000456558, 40.404964999564804, 0.0 ], [ 35.54384800005824, 40.663206999803762, 0.0 ], [ 35.950659000335797, 40.714877999369094, 0.0 ], [ 37.036061999747503, 40.348180999794884, 0.0 ] ] ] } },
{ "type": "Feature", "properties": { "FID_gras37": -1, "FID_mkas38": -1, "FID_alas99": -1, "FID_eshm13": 44, "OBJECTID_1": 44.0, "LONC": 33.689727, "LATC": 38.562991, "IDAS": "TRAS346", "A": 3.9, "B": 1.0, "TECREG": "Active", "TECTONICS": "Active Shallow Crust", "SS": 60, "NF": 30, "TF": 10, "MINDEPTH": 0, "HYPODEPTH1": 2, "HYPODEPTH2": 10, "HYPODEPTH3": 18, "MAXDEPTH": 20, "WHDEPTH1": 0.1, "WHDEPTH2": 0.4, "WHDEPTH3": 0.5, "MAXMAG01": 7.5, "MAXMAG02": 7.7, "MAXMAG03": 7.9, "MAXMAG04": 8.1, "WMAXMAG01": 0.5, "WMAXMAG02": 0.2, "WMAXMAG03": 0.2, "WMAXMAG04": 0.1, "STRIKE1": 17.407556, "STRIKE2": 141.103083, "STRIKE3": 193.395649, "STRIKE4": 332.065905, "DIP1": 81.333333, "DIP2": 62.125677, "DIP3": 55.235757, "DIP4": 66.022238, "DIRWEIGHT1": 0.045, "DIRWEIGHT2": 0.665, "DIRWEIGHT3": 0.185, "DIRWEIGHT4": 0.105, "FID_tras36": -1, "Shape_Leng": 713925.04103700002, "Shape_Area": 20054683807.599998 }, "geometry": { "type": "Polygon", "coordinates": [ [ [ 34.669310000411912, 38.047553999594363, 0.0 ], [ 34.520576999730579, 37.619413999849563, 0.0 ], [ 34.409235000124994, 37.677431999881236, 0.0 ], [ 33.982261999608227, 37.925281999682888, 0.0 ], [ 33.589957999753452, 38.270720999485668, 0.0 ], [ 33.346057999793679, 38.560172999718731, 0.0 ], [ 33.286629000856863, 38.64181400008227, 0.0 ], [ 33.015514000375532, 38.932100999353949, 0.0 ], [ 32.710144999333963, 39.384658999908439, 0.0 ], [ 33.212161000321402, 39.506569000073576, 0.0 ], [ 33.434360999833928, 39.378242999694137, 0.0 ], [ 34.150353000264609, 38.505629000106211, 0.0 ], [ 34.537152999915726, 38.139899999915556, 0.0 ], [ 34.669310000411912, 38.047553999594363, 0.0 ] ] ] } },
{ "type": "Feature", "properties": { "FID_gras37": -1, "FID_mkas38": -1, "FID_alas99": -1, "FID_eshm13": 45, "OBJECTID_1": 45.0, "LONC": 27.137088, "LATC": 41.628956, "IDAS": "TRAS356", "A": 3.2, "B": 0.9, "TECREG": "Active", "TECTONICS": "Active Shallow Crust", "SS": 50, "NF": 40, "TF": 10, "MINDEPTH": 0, "HYPODEPTH1": 2, "HYPODEPTH2": 10, "HYPODEPTH3": 18, "MAXDEPTH": 20, "WHDEPTH1": 0.1, "WHDEPTH2": 0.4, "WHDEPTH3": 0.5, "MAXMAG01": 7.5, "MAXMAG02": 7.7, "MAXMAG03": 7.9, "MAXMAG04": 8.1, "WMAXMAG01": 0.5, "WMAXMAG02": 0.2, "WMAXMAG03": 0.2, "WMAXMAG04": 0.1, "STRIKE1": 84.712585, "STRIKE2": 97.060473, "STRIKE3": 261.115432, "STRIKE4": 302.003022, "DIP1": 49.717098, "DIP2": 48.716291, "DIP3": 51.863, "DIP4": 51.574022, "DIRWEIGHT1": 0.22043, "DIRWEIGHT2": 0.295699, "DIRWEIGHT3": 0.236559, "DIRWEIGHT4": 0.247312, "FID_tras36": -1, "Shape_Leng": 1014976.77813, "Shape_Area": 56466396003.199997 }, "geometry": { "type": "Polygon", "coordinates": [ [ [ 27.501105999354628, 42.651841999834417, 0.0 ], [ 28.577427249534484, 41.055612976202276, 0.0 ], [ 27.585609999803861, 40.980470999293729, 0.0 ], [ 25.999652000518164, 40.650061999331939, 0.0 ], [ 25.700128933511689, 40.600021547850567, 0.0 ], [ 25.700000000115622, 40.986602744454515, 0.0 ], [ 25.700000000115622, 41.299789763766398, 0.0 ], [ 25.782972815874832, 41.321725086157336, 0.0 ], [ 25.799815000353369, 41.326165999699768, 0.0 ], [ 25.989427681381539, 41.376273026994625, 0.0 ], [ 25.993782000616594, 41.377423000374122, 0.0 ], [ 26.276666000315071, 42.036587999767562, 0.0 ], [ 27.013261000127581, 42.658091999948496, 0.0 ], [ 27.501105999354628, 42.651841999834417, 0.0 ] ] ] } },
{ "type": "Feature", "properties": { "FID_gras37": -1, "FID_mkas38": -1, "FID_alas99": -1, "FID_eshm13": 46, "OBJECTID_1": 46.0, "LONC": 24.2, "LATC": 39.521604, "IDAS": "GRAS357", "A": 3.9, "B": 1.0, "TECREG": "Active", "TECTONICS": "Active Shallow Crust", "SS": 40, "NF": 60, "TF": 0, "MINDEPTH": 0, "HYPODEPTH1": 2, "HYPODEPTH2": 10, "HYPODEPTH3": 18, "MAXDEPTH": 20, "WHDEPTH1": 0.1, "WHDEPTH2": 0.4, "WHDEPTH3": 0.5, "MAXMAG01": 8.0, "MAXMAG02": 8.2, "MAXMAG03": 8.4, "MAXMAG04": 8.6, "WMAXMAG01": 0.5, "WMAXMAG02": 0.2, "WMAXMAG03": 0.2, "WMAXMAG04": 0.1, "STRIKE1": 59.750273, "STRIKE2": 0.0, "STRIKE3": 221.52187, "STRIKE4": 304.452917, "DIP1": 71.687636, "DIP2": 0.0, "DIP3": 68.0383, "DIP4": 73.287958, "DIRWEIGHT1": 0.081481, "DIRWEIGHT2": 0.0, "DIRWEIGHT3": 0.740741, "DIRWEIGHT4": 0.177778, "FID_tras36": -1, "Shape_Leng": 324005.42372299999, "Shape_Area": 6316452860.8400002 }, "geometry": { "type": "Polygon", "coordinates": [ [ [ 24.393679961605446, 39.372387379198422, 0.0 ], [ 23.839237000537491, 38.843208999206155, 0.0 ], [ 23.638186999854653, 39.006083000030948, 0.0 ], [ 23.551122355281322, 39.095864932197273, 0.0 ], [ 23.45013200022413, 39.200119999774884, 0.0 ], [ 23.999999998755253, 39.700000000395534, 0.0 ], [ 24.393679961605446, 39.372387379198422, 0.0 ] ] ] } },
{ "type": "Feature", "properties": { "FID_gras37": -1, "FID_mkas38": -1, "FID_alas99": -1, "FID_eshm13": 48, "OBJECTID_1": 48.0, "LONC": 30.905405, "LATC": 35.588325, "IDAS": "TRAS361", "A": 4.0, "B": 1.0, "TECREG": "Active", "TECTONICS": "Active Shallow Crust", "SS": 20, "NF": 75, "TF": 5, "MINDEPTH": 0, "HYPODEPTH1": 2, "HYPODEPTH2": 10, "HYPODEPTH3": 18, "MAXDEPTH": 50, "WHDEPTH1": 0.1, "WHDEPTH2": 0.4, "WHDEPTH3": 0.5, "MAXMAG01": 7.5, "MAXMAG02": 7.7, "MAXMAG03": 7.9, "MAXMAG04": 8.1, "WMAXMAG01": 0.5, "WMAXMAG02": 0.2, "WMAXMAG03": 0.2, "WMAXMAG04": 0.1, "STRIKE1": 46.196527, "STRIKE2": 143.89855, "STRIKE3": 215.718091, "STRIKE4": 0.0, "DIP1": 50.082345, "DIP2": 57.5806, "DIP3": 50.126636, "DIP4": 0.0, "DIRWEIGHT1": 0.639535, "DIRWEIGHT2": 0.232558, "DIRWEIGHT3": 0.127907, "DIRWEIGHT4": 0.0, "FID_tras36": -1, "Shape_Leng": 966625.16045700002, "Shape_Area": 40971656713.800003 }, "geometry": { "type": "Polygon", "coordinates": [ [ [ 32.12801899931172, 35.1019139996232, 0.0 ], [ 31.784134999958084, 34.309779000131783, 0.0 ], [ 30.485964999626653, 35.015050999993015, 0.0 ], [ 29.792480000280385, 35.378809999686929, 0.0 ], [ 30.100442000067684, 35.819886000197236, 0.0 ], [ 30.153552000462657, 36.002979999299519, 0.0 ], [ 29.962945000297672, 36.310142999410388, 0.0 ], [ 29.682791999437164, 36.40414799936876, 0.0 ], [ 30.056588000510072, 36.866871000181355, 0.0 ], [ 32.12801899931172, 35.1019139996232, 0.0 ] ] ] } },
{ "type": "Feature", "properties": { "FID_gras37": -1, "FID_mkas38": -1, "FID_alas99": -1, "FID_eshm13": 49, "OBJECTID_1": 49.0, "LONC": 25.85, "LATC": 36.65, "IDAS": "GRAS367", "A": 3.9, "B": 1.0, "TECREG": "Active", "TECTONICS": "Active Shallow Crust", "SS": 25, "NF": 50, "TF": 25, "MINDEPTH": 0, "HYPODEPTH1": 2, "HYPODEPTH2": 10, "HYPODEPTH3": 18, "MAXDEPTH": 20, "WHDEPTH1": 0.1, "WHDEPTH2": 0.4, "WHDEPTH3": 0.5, "MAXMAG01": 7.1, "MAXMAG02": 7.3, "MAXMAG03": 7.5, "MAXMAG04": 7.7, "WMAXMAG01": 0.5, "WMAXMAG02": 0.2, "WMAXMAG03": 0.2, "WMAXMAG04": 0.1, "STRIKE1": 57.718102, "STRIKE2": 0.0, "STRIKE3": 246.245158, "STRIKE4": 0.0, "DIP1": 56.013216, "DIP2": 0.0, "DIP3": 56.349592, "DIP4": 0.0, "DIRWEIGHT1": 0.536585, "DIRWEIGHT2": 0.0, "DIRWEIGHT3": 0.463415, "DIRWEIGHT4": 0.0, "FID_tras36": -1, "Shape_Leng": 463939.78366199997, "Shape_Area": 12973321461.5 }, "geometry": { "type": "Polygon", "coordinates": [ [ [ 26.499999999804626, 36.300000000312842, 0.0 ], [ 26.066666999839853, 36.300000000312842, 0.0 ], [ 25.633333000050179, 36.300000000312842, 0.0 ], [ 25.200000000085407, 36.300000000312842, 0.0 ], [ 25.300000000271101, 36.649999999314439, 0.0 ], [ 25.399999999558503, 36.999999999637062, 0.0 ], [ 25.950000000130714, 36.999999999637062, 0.0 ], [ 26.499999999804626, 36.999999999637062, 0.0 ], [ 26.499999999804626, 36.649999999314439, 0.0 ], [ 26.499999999804626, 36.300000000312842, 0.0 ] ] ] } },
{ "type": "Feature", "properties": { "FID_gras37": -1, "FID_mkas38": -1, "FID_alas99": -1, "FID_eshm13": 50, "OBJECTID_1": 50.0, "LONC": 26.988797, "LATC": 36.726975, "IDAS": "GRAS368", "A": 4.2, "B": 1.0, "TECREG": "Active", "TECTONICS": "Active Shallow Crust", "SS": 25, "NF": 50, "TF": 25, "MINDEPTH": 0, "HYPODEPTH1": 2, "HYPODEPTH2": 10, "HYPODEPTH3": 18, "MAXDEPTH": 20, "WHDEPTH1": 0.1, "WHDEPTH2": 0.4, "WHDEPTH3": 0.5, "MAXMAG01": 7.1, "MAXMAG02": 7.3, "MAXMAG03": 7.5, "MAXMAG04": 7.7, "WMAXMAG01": 0.5, "WMAXMAG02": 0.2, "WMAXMAG03": 0.2, "WMAXMAG04": 0.1, "STRIKE1": 57.792365, "STRIKE2": 0.0, "STRIKE3": 0.0, "STRIKE4": 280.2485, "DIP1": 56.505365, "DIP2": 0.0, "DIP3": 0.0, "DIP4": 60.0, "DIRWEIGHT1": 0.962963, "DIRWEIGHT2": 0.0, "DIRWEIGHT3": 0.0, "DIRWEIGHT4": 0.037037, "FID_tras36": -1, "Shape_Leng": 362233.76947399997, "Shape_Area": 8227333032.6199999 }, "geometry": { "type": "Polygon", "coordinates": [ [ [ 27.4775939999613, 36.834239999738834, 0.0 ], [ 27.168483999953271, 36.497779999924269, 0.0 ], [ 26.933332999769402, 36.433332999892812, 0.0 ], [ 26.499999999804626, 36.300000000312842, 0.0 ], [ 26.499999999804626, 36.649999999314439, 0.0 ], [ 26.499999999804626, 36.999999999637062, 0.0 ], [ 26.914844999282391, 37.153950999892892, 0.0 ], [ 27.4775939999613, 36.834239999738834, 0.0 ] ] ] } },
{ "type": "Feature", "properties": { "FID_gras37": -1, "FID_mkas38": -1, "FID_alas99": -1, "FID_eshm13": 51, "OBJECTID_1": 51.0, "LONC": 24.45, "LATC": 36.9, "IDAS": "GRAS380", "A": 3.7, "B": 1.0, "TECREG": "Active", "TECTONICS": "Active Shallow Crust", "SS": 25, "NF": 50, "TF": 25, "MINDEPTH": 0, "HYPODEPTH1": 2, "HYPODEPTH2": 10, "HYPODEPTH3": 18, "MAXDEPTH": 20, "WHDEPTH1": 0.1, "WHDEPTH2": 0.4, "WHDEPTH3": 0.5, "MAXMAG01": 7.1, "MAXMAG02": 7.3, "MAXMAG03": 7.5, "MAXMAG04": 7.7, "WMAXMAG01": 0.5, "WMAXMAG02": 0.2, "WMAXMAG03": 0.2, "WMAXMAG04": 0.1, "STRIKE1": 73.230778, "STRIKE2": 93.897333, "STRIKE3": 245.273667, "STRIKE4": 282.050676, "DIP1": 57.839349, "DIP2": 57.882, "DIP3": 59.106095, "DIP4": 56.867757, "DIRWEIGHT1": 0.453237, "DIRWEIGHT2": 0.129496, "DIRWEIGHT3": 0.151079, "DIRWEIGHT4": 0.266187, "FID_tras36": -1, "Shape_Leng": 574035.00862400001, "Shape_Area": 18798670627.400002 }, "geometry": { "type": "Polygon", "coordinates": [ [ [ 25.399999999558503, 36.999999999637062, 0.0 ], [ 25.300000000271101, 36.649999999314439, 0.0 ], [ 25.200000000085407, 36.300000000312842, 0.0 ], [ 24.83333300036114, 36.433332999892812, 0.0 ], [ 24.466667000461811, 36.566666999468282, 0.0 ], [ 24.09999999983928, 36.699999999551721, 0.0 ], [ 23.800000000180454, 36.899999999532355, 0.0 ], [ 23.499999999623334, 37.099999999526581, 0.0 ], [ 23.699999999994759, 37.300000000529764, 0.0 ], [ 23.900000000366152, 37.499999999453706, 0.0 ], [ 24.200000000024975, 37.424999999906056, 0.0 ], [ 24.499999999683766, 37.349999999890215, 0.0 ], [ 24.950000000070283, 37.174999999443315, 0.0 ], [ 25.399999999558503, 36.999999999637062, 0.0 ] ] ] } },
{ "type": "Feature", "properties": { "FID_gras37": -1, "FID_mkas38": -1, "FID_alas99": -1, "FID_eshm13": 52, "OBJECTID_1": 52.0, "LONC": 24.45, "LATC": 37.673287, "IDAS": "GRAS382", "A": 3.1, "B": 0.92, "TECREG": "Active", "TECTONICS": "Active Shallow Crust", "SS": 25, "NF": 50, "TF": 25, "MINDEPTH": 0, "HYPODEPTH1": 2, "HYPODEPTH2": 10, "HYPODEPTH3": 18, "MAXDEPTH": 20, "WHDEPTH1": 0.1, "WHDEPTH2": 0.4, "WHDEPTH3": 0.5, "MAXMAG01": 7.1, "MAXMAG02": 7.3, "MAXMAG03": 7.5, "MAXMAG04": 7.7, "WMAXMAG01": 0.5, "WMAXMAG02": 0.2, "WMAXMAG03": 0.2, "WMAXMAG04": 0.1, "STRIKE1": 0.0, "STRIKE2": 123.0945, "STRIKE3": 0.0, "STRIKE4": 280.863167, "DIP1": 0.0, "DIP2": 55.453, "DIP3": 0.0, "DIP4": 50.234556, "DIRWEIGHT1": 0.0, "DIRWEIGHT2": 0.1, "DIRWEIGHT3": 0.0, "DIRWEIGHT4": 0.9, "FID_tras36": -1, "Shape_Leng": 606458.73822900001, "Shape_Area": 19611463561.400002 }, "geometry": { "type": "Polygon", "coordinates": [ [ [ 24.537513334233203, 38.297785039209401, 0.0 ], [ 24.748035000591866, 38.147727999826358, 0.0 ], [ 25.099999999899676, 37.849999999386775, 0.0 ], [ 25.24999999972907, 37.424999999906056, 0.0 ], [ 25.399999999558503, 36.999999999637062, 0.0 ], [ 24.950000000070283, 37.174999999443315, 0.0 ], [ 24.499999999683766, 37.349999999890215, 0.0 ], [ 24.200000000024975, 37.424999999906056, 0.0 ], [ 23.900000000366152, 37.499999999453706, 0.0 ], [ 23.699999999994759, 37.750000000387558, 0.0 ], [ 23.499999999623334, 37.999999999503771, 0.0 ], [ 24.468736757503983, 38.346491773594899, 0.0 ], [ 24.537513334233203, 38.297785039209401, 0.0 ] ] ] } },
{ "type": "Feature", "properties": { "FID_gras37": -1, "FID_mkas38": -1, "FID_alas99": -1, "FID_eshm13": 53, "OBJECTID_1": 53.0, "LONC": 24.615, "LATC": 40.75, "IDAS": "GRAS391", "A": 3.0, "B": 0.8, "TECREG": "Active", "TECTONICS": "Active Shallow Crust", "SS": 20, "NF": 60, "TF": 20, "MINDEPTH": 0, "HYPODEPTH1": 2, "HYPODEPTH2": 10, "HYPODEPTH3": 18, "MAXDEPTH": 20, "WHDEPTH1": 0.1, "WHDEPTH2": 0.4, "WHDEPTH3": 0.5, "MAXMAG01": 7.5, "MAXMAG02": 7.7, "MAXMAG03": 7.9, "MAXMAG04": 8.1, "WMAXMAG01": 0.5, "WMAXMAG02": 0.2, "WMAXMAG03": 0.2, "WMAXMAG04": 0.1, "STRIKE1": 64.924707, "STRIKE2": 104.175143, "STRIKE3": 0.0, "STRIKE4": 284.669167, "DIP1": 49.248537, "DIP2": 49.825214, "DIP3": 0.0, "DIP4": 48.237833, "DIRWEIGHT1": 0.630769, "DIRWEIGHT2": 0.323077, "DIRWEIGHT3": 0.0, "DIRWEIGHT4": 0.046154, "FID_tras36": -1, "Shape_Leng": 640752.90251399996, "Shape_Area": 21492745901.599998 }, "geometry": { "type": "Polygon", "coordinates": [ [ [ 25.700000000115622, 41.299789763766398, 0.0 ], [ 25.699894999635319, 41.299762000109588, 0.0 ], [ 25.700000000115622, 40.986602744454515, 0.0 ], [ 25.700000000115622, 40.599999999373857, 0.0 ], [ 24.499999999683766, 40.199999999576811, 0.0 ], [ 23.530000000307876, 40.800000000200328, 0.0 ], [ 25.203364999308185, 41.186373999289849, 0.0 ], [ 25.348712999776893, 41.219634999928815, 0.0 ], [ 25.699940999666058, 41.299826999941345, 0.0 ], [ 25.700000000115622, 41.299842562530337, 0.0 ], [ 25.700000000115622, 41.299789763766398, 0.0 ] ] ] } },
{ "type": "Feature", "properties": { "FID_gras37": -1, "FID_mkas38": -1, "FID_alas99": -1, "FID_eshm13": 54, "OBJECTID_1": 54.0, "LONC": 25.8, "LATC": 37.425046, "IDAS": "GRAS393", "A": 3.2, "B": 1.0, "TECREG": "Active", "TECTONICS": "Active Shallow Crust", "SS": 20, "NF": 60, "TF": 20, "MINDEPTH": 0, "HYPODEPTH1": 2, "HYPODEPTH2": 10, "HYPODEPTH3": 18, "MAXDEPTH": 20, "WHDEPTH1": 0.1, "WHDEPTH2": 0.4, "WHDEPTH3": 0.5, "MAXMAG01": 7.1, "MAXMAG02": 7.3, "MAXMAG03": 7.5, "MAXMAG04": 7.7, "WMAXMAG01": 0.5, "WMAXMAG02": 0.2, "WMAXMAG03": 0.2, "WMAXMAG04": 0.1, "STRIKE1": 0.0, "STRIKE2": 139.185385, "STRIKE3": 233.019213, "STRIKE4": 0.0, "DIP1": 0.0, "DIP2": 58.796538, "DIP3": 71.275453, "DIP4": 0.0, "DIRWEIGHT1": 0.0, "DIRWEIGHT2": 0.147727, "DIRWEIGHT3": 0.852273, "DIRWEIGHT4": 0.0, "FID_tras36": -1, "Shape_Leng": 521119.05556200002, "Shape_Area": 16578467946.0 }, "geometry": { "type": "Polygon", "coordinates": [ [ [ 26.499999999804626, 36.999999999637062, 0.0 ], [ 25.950000000130714, 36.999999999637062, 0.0 ], [ 25.399999999558503, 36.999999999637062, 0.0 ], [ 25.24999999972907, 37.424999999906056, 0.0 ], [ 25.099999999899676, 37.849999999386775, 0.0 ], [ 25.799615000336857, 37.850045999265937, 0.0 ], [ 26.499229999875674, 37.850091999825743, 0.0 ], [ 26.499999999804626, 36.999999999637062, 0.0 ] ] ] } },
{ "type": "Feature", "properties": { "FID_gras37": -1, "FID_mkas38": -1, "FID_alas99": -1, "FID_eshm13": 55, "OBJECTID_1": 55.0, "LONC": 25.324088, "LATC": 38.326795, "IDAS": "GRAS394", "A": 3.9, "B": 1.0, "TECREG": "Active", "TECTONICS": "Active Shallow Crust", "SS": 20, "NF": 75, "TF": 5, "MINDEPTH": 0, "HYPODEPTH1": 2, "HYPODEPTH2": 10, "HYPODEPTH3": 18, "MAXDEPTH": 20, "WHDEPTH1": 0.1, "WHDEPTH2": 0.4, "WHDEPTH3": 0.5, "MAXMAG01": 7.1, "MAXMAG02": 7.3, "MAXMAG03": 7.5, "MAXMAG04": 7.7, "WMAXMAG01": 0.5, "WMAXMAG02": 0.2, "WMAXMAG03": 0.2, "WMAXMAG04": 0.1, "STRIKE1": 52.101163, "STRIKE2": 147.945, "STRIKE3": 0.0, "STRIKE4": 0.0, "DIP1": 68.917326, "DIP2": 63.577632, "DIP3": 0.0, "DIP4": 0.0, "DIRWEIGHT1": 0.693548, "DIRWEIGHT2": 0.306452, "DIRWEIGHT3": 0.0, "DIRWEIGHT4": 0.0, "FID_tras36": -1, "Shape_Leng": 397334.56075800001, "Shape_Area": 7625772236.3999996 }, "geometry": { "type": "Polygon", "coordinates": [ [ [ 25.899999999588715, 38.799999999329344, 0.0 ], [ 25.099999999899676, 37.849999999386775, 0.0 ], [ 24.74817599926055, 38.147844999781888, 0.0 ], [ 25.303347999775443, 38.803589999700122, 0.0 ], [ 25.899999999588715, 38.799999999329344, 0.0 ] ] ] } },
{ "type": "Feature", "properties": { "FID_gras37": -1, "FID_mkas38": -1, "FID_alas99": -1, "FID_eshm13": 56, "OBJECTID_1": 56.0, "LONC": 26.15883, "LATC": 39.259191, "IDAS": "TRAS395", "A": 3.6, "B": 0.85, "TECREG": "Active", "TECTONICS": "Active Shallow Crust", "SS": 50, "NF": 40, "TF": 10, "MINDEPTH": 0, "HYPODEPTH1": 2, "HYPODEPTH2": 10, "HYPODEPTH3": 18, "MAXDEPTH": 20, "WHDEPTH1": 0.1, "WHDEPTH2": 0.4, "WHDEPTH3": 0.5, "MAXMAG01": 7.1, "MAXMAG02": 7.3, "MAXMAG03": 7.5, "MAXMAG04": 7.7, "WMAXMAG01": 0.5, "WMAXMAG02": 0.2, "WMAXMAG03": 0.2, "WMAXMAG04": 0.1, "STRIKE1": 66.2715, "STRIKE2": 127.218923, "STRIKE3": 214.011727, "STRIKE4": 325.163267, "DIP1": 64.191821, "DIP2": 58.804769, "DIP3": 75.855242, "DIP4": 80.260867, "DIRWEIGHT1": 0.654206, "DIRWEIGHT2": 0.121495, "DIRWEIGHT3": 0.154206, "DIRWEIGHT4": 0.070093, "FID_tras36": -1, "Shape_Leng": 551420.61702000001, "Shape_Area": 16807298359.9 }, "geometry": { "type": "Polygon", "coordinates": [ [ [ 27.009719136100102, 39.11061474564098, 0.0 ], [ 26.754445999316079, 38.801428999968209, 0.0 ], [ 26.327222999452381, 38.800714502530745, 0.0 ], [ 25.899999999588715, 38.799999999329344, 0.0 ], [ 25.303347999775443, 38.803589999700122, 0.0 ], [ 25.939158999229608, 39.531803999507119, 0.0 ], [ 26.247403999772438, 39.542538999610002, 0.0 ], [ 26.501288000665735, 39.593947999248776, 0.0 ], [ 27.014312000263928, 39.718382998997953, 0.0 ], [ 27.009719136100102, 39.11061474564098, 0.0 ] ] ] } },
{ "type": "Feature", "properties": { "FID_gras37": -1, "FID_mkas38": -1, "FID_alas99": -1, "FID_eshm13": 57, "OBJECTID_1": 57.0, "LONC": 28.950676, "LATC": 40.612115, "IDAS": "TRAS396", "A": 3.3, "B": 0.74, "TECREG": "Active", "TECTONICS": "Active Shallow Crust", "SS": 50, "NF": 35, "TF": 15, "MINDEPTH": 0, "HYPODEPTH1": 2, "HYPODEPTH2": 10, "HYPODEPTH3": 18, "MAXDEPTH": 20, "WHDEPTH1": 0.1, "WHDEPTH2": 0.4, "WHDEPTH3": 0.5, "MAXMAG01": 8.0, "MAXMAG02": 8.2, "MAXMAG03": 8.4, "MAXMAG04": 8.6, "WMAXMAG01": 0.5, "WMAXMAG02": 0.2, "WMAXMAG03": 0.2, "WMAXMAG04": 0.1, "STRIKE1": 71.869126, "STRIKE2": 113.238061, "STRIKE3": 258.789418, "STRIKE4": 282.887611, "DIP1": 62.746749, "DIP2": 61.219439, "DIP3": 75.938068, "DIP4": 78.398556, "DIRWEIGHT1": 0.361426, "DIRWEIGHT2": 0.106969, "DIRWEIGHT3": 0.356564, "DIRWEIGHT4": 0.175041, "FID_tras36": -1, "Shape_Leng": 1414440.3717400001, "Shape_Area": 33278551950.200001 }, "geometry": { "type": "Polygon", "coordinates": [ [ [ 31.263511423736151, 40.851068933043983, 0.0 ], [ 31.591177999823316, 40.847924999482807, 0.0 ], [ 31.886314000409342, 40.8778569993422, 0.0 ], [ 31.901701000365932, 40.615614999128155, 0.0 ], [ 31.471892999457499, 40.573300999596142, 0.0 ], [ 31.105748999789999, 40.549120999314354, 0.0 ], [ 30.628165000607595, 40.549120999314354, 0.0 ], [ 30.155078000076834, 40.578117999684082, 0.0 ], [ 30.153672113300999, 40.578097868084356, 0.0 ], [ 30.153342999326995, 40.578117999684082, 0.0 ], [ 29.867342000102827, 40.574030000085408, 0.0 ], [ 28.696376999534593, 40.565060999815351, 0.0 ], [ 28.342693000268778, 40.611504999277969, 0.0 ], [ 27.673880000232135, 40.648650999358665, 0.0 ], [ 27.526909000064869, 40.633690000275273, 0.0 ], [ 27.035873999720568, 40.508665000032032, 0.0 ], [ 26.227265999822713, 40.243759999497868, 0.0 ], [ 25.999652000518164, 40.650061999331939, 0.0 ], [ 27.585609999803861, 40.980470999293729, 0.0 ], [ 28.577427249534484, 41.055612976202276, 0.0 ], [ 29.01118081825739, 41.014220397122848, 0.0 ], [ 29.306146493773987, 40.91492406507345, 0.0 ], [ 29.850674319656413, 40.850857987691548, 0.0 ], [ 30.380641084502258, 40.856038121991212, 0.0 ], [ 30.842627594083993, 40.854682970449119, 0.0 ], [ 31.263511423736151, 40.851068933043983, 0.0 ] ] ] } },
{ "type": "Feature", "properties": { "FID_gras37": -1, "FID_mkas38": -1, "FID_alas99": -1, "FID_eshm13": 58, "OBJECTID_1": 58.0, "LONC": 25.122483, "LATC": 38.874091, "IDAS": "GRAS397", "A": 4.1, "B": 1.0, "TECREG": "Active", "TECTONICS": "Active Shallow Crust", "SS": 50, "NF": 40, "TF": 10, "MINDEPTH": 0, "HYPODEPTH1": 2, "HYPODEPTH2": 10, "HYPODEPTH3": 18, "MAXDEPTH": 20, "WHDEPTH1": 0.1, "WHDEPTH2": 0.4, "WHDEPTH3": 0.5, "MAXMAG01": 7.1, "MAXMAG02": 7.3, "MAXMAG03": 7.5, "MAXMAG04": 7.7, "WMAXMAG01": 0.5, "WMAXMAG02": 0.2, "WMAXMAG03": 0.2, "WMAXMAG04": 0.1, "STRIKE1": 54.644568, "STRIKE2": 135.833154, "STRIKE3": 218.800458, "STRIKE4": 292.22675, "DIP1": 60.864919, "DIP2": 60.520462, "DIP3": 68.637229, "DIP4": 53.320583, "DIRWEIGHT1": 0.406593, "DIRWEIGHT2": 0.071429, "DIRWEIGHT3": 0.456044, "DIRWEIGHT4": 0.065934, "FID_tras36": -1, "Shape_Leng": 595022.20211700001, "Shape_Area": 14484756142.5 }, "geometry": { "type": "Polygon", "coordinates": [ [ [ 25.999339000523737, 39.599784999805443, 0.0 ], [ 25.939158999229608, 39.531803999507119, 0.0 ], [ 25.303347999775443, 38.803589999700122, 0.0 ], [ 24.748455999643042, 38.148193999271136, 0.0 ], [ 24.537513334233203, 38.297785039209401, 0.0 ], [ 24.468969999677618, 38.346574999743133, 0.0 ], [ 24.468736757503983, 38.346491773594899, 0.0 ], [ 24.245626999967243, 38.504269999496749, 0.0 ], [ 25.400409999637315, 39.599988000020495, 0.0 ], [ 25.999339000523737, 39.599784999805443, 0.0 ] ] ] } },
{ "type": "Feature", "properties": { "FID_gras37": -1, "FID_mkas38": -1, "FID_alas99": -1, "FID_eshm13": 59, "OBJECTID_1": 59.0, "LONC": 24.619823, "LATC": 39.202148, "IDAS": "GRAS398", "A": 4.1, "B": 1.0, "TECREG": "Active", "TECTONICS": "Active Shallow Crust", "SS": 40, "NF": 60, "TF": 0, "MINDEPTH": 0, "HYPODEPTH1": 2, "HYPODEPTH2": 10, "HYPODEPTH3": 18, "MAXDEPTH": 20, "WHDEPTH1": 0.1, "WHDEPTH2": 0.4, "WHDEPTH3": 0.5, "MAXMAG01": 8.0, "MAXMAG02": 8.2, "MAXMAG03": 8.4, "MAXMAG04": 8.6, "WMAXMAG01": 0.5, "WMAXMAG02": 0.2, "WMAXMAG03": 0.2, "WMAXMAG04": 0.1, "STRIKE1": 85.823571, "STRIKE2": 94.154667, "STRIKE3": 231.422017, "STRIKE4": 306.578624, "DIP1": 58.742714, "DIP2": 58.875333, "DIP3": 75.11919, "DIP4": 68.961462, "DIRWEIGHT1": 0.041916, "DIRWEIGHT2": 0.053892, "DIRWEIGHT3": 0.347305, "DIRWEIGHT4": 0.556886, "FID_tras36": -1, "Shape_Leng": 531494.79975000001, "Shape_Area": 13137965936.1 }, "geometry": { "type": "Polygon", "coordinates": [ [ [ 25.400409999637315, 39.599988000020495, 0.0 ], [ 24.24540325388449, 38.50443750638685, 0.0 ], [ 23.839237000537491, 38.843208999206155, 0.0 ], [ 24.394618501651365, 39.371604498026201, 0.0 ], [ 24.795039521208292, 39.752975158143038, 0.0 ], [ 24.950400059392184, 39.899734105915151, 0.0 ], [ 25.400409999637315, 39.599988000020495, 0.0 ] ] ] } },
{ "type": "Feature", "properties": { "FID_gras37": -1, "FID_mkas38": -1, "FID_alas99": -1, "FID_eshm13": 60, "OBJECTID_1": 60.0, "LONC": 26.823503, "LATC": 37.485271, "IDAS": "GRAS399", "A": 3.6, "B": 0.9, "TECREG": "Active", "TECTONICS": "Active Shallow Crust", "SS": 20, "NF": 75, "TF": 5, "MINDEPTH": 0, "HYPODEPTH1": 2, "HYPODEPTH2": 10, "HYPODEPTH3": 18, "MAXDEPTH": 20, "WHDEPTH1": 0.1, "WHDEPTH2": 0.4, "WHDEPTH3": 0.5, "MAXMAG01": 7.1, "MAXMAG02": 7.3, "MAXMAG03": 7.5, "MAXMAG04": 7.7, "WMAXMAG01": 0.5, "WMAXMAG02": 0.2, "WMAXMAG03": 0.2, "WMAXMAG04": 0.1, "STRIKE1": 83.379833, "STRIKE2": 106.398333, "STRIKE3": 242.888062, "STRIKE4": 277.640208, "DIP1": 59.267583, "DIP2": 58.1675, "DIP3": 60.985875, "DIP4": 53.945792, "DIRWEIGHT1": 0.171429, "DIRWEIGHT2": 0.257143, "DIRWEIGHT3": 0.228571, "DIRWEIGHT4": 0.342857, "FID_tras36": -1, "Shape_Leng": 360791.84212500002, "Shape_Area": 7360477192.8699999 }, "geometry": { "type": "Polygon", "coordinates": [ [ [ 27.1364869994764, 37.533556999342956, 0.0 ], [ 26.914844999282391, 37.153950999892892, 0.0 ], [ 26.499999999804626, 36.999999999637062, 0.0 ], [ 26.499999999804626, 37.849999999386775, 0.0 ], [ 27.113590000201281, 37.970541999711251, 0.0 ], [ 27.147006000162218, 37.634896999863656, 0.0 ], [ 27.1364869994764, 37.533556999342956, 0.0 ] ] ] } },
{ "type": "Feature", "properties": { "FID_gras37": -1, "FID_mkas38": -1, "FID_alas99": -1, "FID_eshm13": 61, "OBJECTID_1": 61.0, "LONC": 25.125, "LATC": 35.1, "IDAS": "GRAS403", "A": 4.2, "B": 1.0, "TECREG": "Active", "TECTONICS": "Active Shallow Crust", "SS": 25, "NF": 50, "TF": 25, "MINDEPTH": 0, "HYPODEPTH1": 2, "HYPODEPTH2": 10, "HYPODEPTH3": 18, "MAXDEPTH": 20, "WHDEPTH1": 0.1, "WHDEPTH2": 0.4, "WHDEPTH3": 0.5, "MAXMAG01": 7.1, "MAXMAG02": 7.3, "MAXMAG03": 7.5, "MAXMAG04": 7.7, "WMAXMAG01": 0.5, "WMAXMAG02": 0.2, "WMAXMAG03": 0.2, "WMAXMAG04": 0.1, "STRIKE1": 73.74905, "STRIKE2": 109.974, "STRIKE3": 222.683648, "STRIKE4": 293.419125, "DIP1": 63.2464, "DIP2": 63.868422, "DIP3": 66.773338, "DIP4": 52.738125, "DIRWEIGHT1": 0.326087, "DIRWEIGHT2": 0.244565, "DIRWEIGHT3": 0.38587, "DIRWEIGHT4": 0.043478, "FID_tras36": -1, "Shape_Leng": 724521.17371899995, "Shape_Area": 28099282792.400002 }, "geometry": { "type": "Polygon", "coordinates": [ [ [ 26.400000000517228, 34.69999999949146, 0.0 ], [ 25.899999999588715, 34.69999999949146, 0.0 ], [ 25.399999999558503, 34.69999999949146, 0.0 ], [ 24.899999999528287, 34.69999999949146, 0.0 ], [ 24.399999999498071, 34.69999999949146, 0.0 ], [ 24.124999999211965, 34.9249999991506, 0.0 ], [ 23.849999999824156, 35.14999999979721, 0.0 ], [ 24.024999999924564, 35.324999999016093, 0.0 ], [ 24.200000000024975, 35.500000000008235, 0.0 ], [ 24.600000000767793, 35.500000000008235, 0.0 ], [ 24.74999999969889, 35.500000000008235, 0.0 ], [ 24.999999999713978, 35.500000000008235, 0.0 ], [ 25.300000000271101, 35.500000000008235, 0.0 ], [ 25.466667000522239, 35.500000000008235, 0.0 ], [ 25.849999999945016, 35.500000000008235, 0.0 ], [ 25.933332999708966, 35.500000000008235, 0.0 ], [ 26.400000000517228, 35.500000000008235, 0.0 ], [ 26.400000000517228, 35.099999999404055, 0.0 ], [ 26.400000000517228, 34.69999999949146, 0.0 ] ] ] } },
{ "type": "Feature", "properties": { "FID_gras37": -1, "FID_mkas38": -1, "FID_alas99": -1, "FID_eshm13": 62, "OBJECTID_1": 62.0, "LONC": 27.6, "LATC": 34.958141, "IDAS": "GRAS405", "A": 4.4, "B": 1.0, "TECREG": "Active", "TECTONICS": "Active Shallow Crust", "SS": 35, "NF": 15, "TF": 50, "MINDEPTH": 0, "HYPODEPTH1": 2, "HYPODEPTH2": 10, "HYPODEPTH3": 18, "MAXDEPTH": 50, "WHDEPTH1": 0.1, "WHDEPTH2": 0.4, "WHDEPTH3": 0.5, "MAXMAG01": 7.5, "MAXMAG02": 7.7, "MAXMAG03": 7.9, "MAXMAG04": 8.1, "WMAXMAG01": 0.5, "WMAXMAG02": 0.2, "WMAXMAG03": 0.2, "WMAXMAG04": 0.1, "STRIKE1": 0.0, "STRIKE2": 0.0, "STRIKE3": 0.0, "STRIKE4": 0.0, "DIP1": 0.0, "DIP2": 0.0, "DIP3": 0.0, "DIP4": 0.0, "DIRWEIGHT1": 0.0, "DIRWEIGHT2": 0.0, "DIRWEIGHT3": 0.0, "DIRWEIGHT4": 0.0, "FID_tras36": -1, "Shape_Leng": 793955.45548600005, "Shape_Area": 31393668203.700001 }, "geometry": { "type": "Polygon", "coordinates": [ [ [ 28.200000000266666, 35.799999999380312, 0.0 ], [ 28.499999999925457, 35.649999999780974, 0.0 ], [ 28.799637054158325, 35.500181643028334, 0.0 ], [ 28.484881273743682, 35.253110718768276, 0.0 ], [ 26.900000000547443, 33.999999998999016, 0.0 ], [ 26.508298825045522, 33.999999998999016, 0.0 ], [ 26.400158999627585, 34.000262999527742, 0.0 ], [ 26.400000000517228, 34.000262933246326, 0.0 ], [ 26.400000000517228, 34.000262983143571, 0.0 ], [ 26.400040000700184, 34.000262999527742, 0.0 ], [ 26.400000000517228, 34.349999999433379, 0.0 ], [ 26.400000000517228, 34.69999999949146, 0.0 ], [ 26.775000000090731, 35.002499999496592, 0.0 ], [ 27.149999999664239, 35.304999999731436, 0.0 ], [ 27.525000000136043, 35.60749999946372, 0.0 ], [ 27.907805000377536, 35.916283000233491, 0.0 ], [ 28.200000000266666, 35.799999999380312, 0.0 ] ] ] } },
{ "type": "Feature", "properties": { "FID_gras37": -1, "FID_mkas38": -1, "FID_alas99": -1, "FID_eshm13": 63, "OBJECTID_1": 63.0, "LONC": 28.225, "LATC": 36.3, "IDAS": "GRAS406", "A": 3.5207, "B": 1.0, "TECREG": "Active", "TECTONICS": "Active Shallow Crust", "SS": 20, "NF": 75, "TF": 5, "MINDEPTH": 0, "HYPODEPTH1": 2, "HYPODEPTH2": 10, "HYPODEPTH3": 18, "MAXDEPTH": 20, "WHDEPTH1": 0.1, "WHDEPTH2": 0.4, "WHDEPTH3": 0.5, "MAXMAG01": 7.5, "MAXMAG02": 7.7, "MAXMAG03": 7.9, "MAXMAG04": 8.1, "WMAXMAG01": 0.5, "WMAXMAG02": 0.2, "WMAXMAG03": 0.2, "WMAXMAG04": 0.1, "STRIKE1": 0.0, "STRIKE2": 0.0, "STRIKE3": 0.0, "STRIKE4": 0.0, "DIP1": 0.0, "DIP2": 0.0, "DIP3": 0.0, "DIP4": 0.0, "DIRWEIGHT1": 0.0, "DIRWEIGHT2": 0.0, "DIRWEIGHT3": 0.0, "DIRWEIGHT4": 0.0, "FID_tras36": -1, "Shape_Leng": 375011.78468600003, "Shape_Area": 7622555532.75 }, "geometry": { "type": "Polygon", "coordinates": [ [ [ 28.46988200013848, 36.726349999660876, 0.0 ], [ 28.749999999940581, 36.599999999677095, 0.0 ], [ 28.5666669999909, 36.333332999479616, 0.0 ], [ 28.383333000216346, 36.066666999125367, 0.0 ], [ 28.200000000266666, 35.799999999380312, 0.0 ], [ 27.907805000377536, 35.916283000233491, 0.0 ], [ 27.699999999338154, 35.999999999678266, 0.0 ], [ 27.899999999709543, 36.266666999722752, 0.0 ], [ 28.100000000080968, 36.533332999602386, 0.0 ], [ 28.300320999944411, 36.801199999348626, 0.0 ], [ 28.46988200013848, 36.726349999660876, 0.0 ] ] ] } },
{ "type": "Feature", "properties": { "FID_gras37": -1, "FID_mkas38": -1, "FID_alas99": -1, "FID_eshm13": 64, "OBJECTID_1": 64.0, "LONC": 26.960583, "LATC": 35.897089, "IDAS": "TRAS407", "A": 4.2, "B": 1.0, "TECREG": "Active", "TECTONICS": "Active Shallow Crust", "SS": 20, "NF": 75, "TF": 5, "MINDEPTH": 0, "HYPODEPTH1": 2, "HYPODEPTH2": 10, "HYPODEPTH3": 18, "MAXDEPTH": 20, "WHDEPTH1": 0.1, "WHDEPTH2": 0.4, "WHDEPTH3": 0.5, "MAXMAG01": 7.1, "MAXMAG02": 7.3, "MAXMAG03": 7.5, "MAXMAG04": 7.7, "WMAXMAG01": 0.5, "WMAXMAG02": 0.2, "WMAXMAG03": 0.2, "WMAXMAG04": 0.1, "STRIKE1": 50.68201, "STRIKE2": 113.109812, "STRIKE3": 244.682748, "STRIKE4": 285.745358, "DIP1": 64.153545, "DIP2": 60.100937, "DIP3": 60.485761, "DIP4": 54.208657, "DIRWEIGHT1": 0.268293, "DIRWEIGHT2": 0.130081, "DIRWEIGHT3": 0.420054, "DIRWEIGHT4": 0.181572, "FID_tras36": -1, "Shape_Leng": 1099020.9041899999, "Shape_Area": 38082426360.699997 }, "geometry": { "type": "Polygon", "coordinates": [ [ [ 28.46988200013848, 36.726349999660876, 0.0 ], [ 28.300320999944411, 36.801199999348626, 0.0 ], [ 28.100000000080968, 36.533332999602386, 0.0 ], [ 27.899999999709543, 36.266666999722752, 0.0 ], [ 27.699999999338154, 35.999999999678266, 0.0 ], [ 26.400000000517228, 35.500000000008235, 0.0 ], [ 25.933332999708966, 35.500000000008235, 0.0 ], [ 25.849999999945016, 35.500000000008235, 0.0 ], [ 25.466667000522239, 35.500000000008235, 0.0 ], [ 25.300000000271101, 35.500000000008235, 0.0 ], [ 24.999999999713978, 35.500000000008235, 0.0 ], [ 25.099999999899676, 35.899999999677789, 0.0 ], [ 25.200000000085407, 36.300000000312842, 0.0 ], [ 25.633333000050179, 36.300000000312842, 0.0 ], [ 26.066666999839853, 36.300000000312842, 0.0 ], [ 26.499999999804626, 36.300000000312842, 0.0 ], [ 26.933332999769402, 36.433332999892812, 0.0 ], [ 27.168483999953271, 36.497779999924269, 0.0 ], [ 27.4775939999613, 36.834239999738834, 0.0 ], [ 28.926969000244256, 37.09678899951566, 0.0 ], [ 28.46988200013848, 36.726349999660876, 0.0 ] ] ] } },
{ "type": "Feature", "properties": { "FID_gras37": -1, "FID_mkas38": -1, "FID_alas99": -1, "FID_eshm13": 65, "OBJECTID_1": 65.0, "LONC": 29.176776, "LATC": 36.035271, "IDAS": "TRAS408", "A": 3.9, "B": 0.9, "TECREG": "Active", "TECTONICS": "Active Shallow Crust", "SS": 20, "NF": 75, "TF": 5, "MINDEPTH": 0, "HYPODEPTH1": 2, "HYPODEPTH2": 10, "HYPODEPTH3": 18, "MAXDEPTH": 50, "WHDEPTH1": 0.1, "WHDEPTH2": 0.4, "WHDEPTH3": 0.5, "MAXMAG01": 7.5, "MAXMAG02": 7.7, "MAXMAG03": 7.9, "MAXMAG04": 8.1, "WMAXMAG01": 0.5, "WMAXMAG02": 0.2, "WMAXMAG03": 0.2, "WMAXMAG04": 0.1, "STRIKE1": 41.875, "STRIKE2": 0.0, "STRIKE3": 225.928435, "STRIKE4": 0.0, "DIP1": 55.902667, "DIP2": 0.0, "DIP3": 50.992826, "DIP4": 0.0, "DIRWEIGHT1": 0.477273, "DIRWEIGHT2": 0.0, "DIRWEIGHT3": 0.522727, "DIRWEIGHT4": 0.0, "FID_tras36": -1, "Shape_Leng": 631346.44027100003, "Shape_Area": 23303974679.599998 }, "geometry": { "type": "Polygon", "coordinates": [ [ [ 29.682791999437164, 36.40414799936876, 0.0 ], [ 29.96249999916045, 36.309999999706122, 0.0 ], [ 30.153552000462657, 36.002979999299519, 0.0 ], [ 30.100442000067684, 35.819886000197236, 0.0 ], [ 29.792480000280385, 35.378809999686929, 0.0 ], [ 29.274113999961898, 35.666443999945983, 0.0 ], [ 29.273815914696108, 35.666450346407608, 0.0 ], [ 29.273439000467526, 35.666658999919761, 0.0 ], [ 29.165617806582524, 35.668753901313934, 0.0 ], [ 29.070871999493036, 35.670770999799323, 0.0 ], [ 28.961863691841558, 35.602090608485348, 0.0 ], [ 28.799871000611159, 35.500364999873064, 0.0 ], [ 28.799637054158325, 35.500181643028334, 0.0 ], [ 28.499999999925457, 35.649999999780974, 0.0 ], [ 28.200000000266666, 35.799999999380312, 0.0 ], [ 28.383333000216346, 36.066666999125367, 0.0 ], [ 28.5666669999909, 36.333332999479616, 0.0 ], [ 28.749999999940581, 36.599999999677095, 0.0 ], [ 28.802532999852168, 36.691260000213674, 0.0 ], [ 29.682791999437164, 36.40414799936876, 0.0 ] ] ] } },
{ "type": "Feature", "properties": { "FID_gras37": -1, "FID_mkas38": -1, "FID_alas99": -1, "FID_eshm13": 66, "OBJECTID_1": 66.0, "LONC": 25.625663, "LATC": 39.921595, "IDAS": "TRAS410", "A": 3.4, "B": 0.9, "TECREG": "Active", "TECTONICS": "Active Shallow Crust", "SS": 50, "NF": 40, "TF": 10, "MINDEPTH": 0, "HYPODEPTH1": 2, "HYPODEPTH2": 10, "HYPODEPTH3": 18, "MAXDEPTH": 20, "WHDEPTH1": 0.1, "WHDEPTH2": 0.4, "WHDEPTH3": 0.5, "MAXMAG01": 8.0, "MAXMAG02": 8.2, "MAXMAG03": 8.4, "MAXMAG04": 8.6, "WMAXMAG01": 0.5, "WMAXMAG02": 0.2, "WMAXMAG03": 0.2, "WMAXMAG04": 0.1, "STRIKE1": 70.467462, "STRIKE2": 0.0, "STRIKE3": 230.040143, "STRIKE4": 274.622667, "DIP1": 64.270308, "DIP2": 0.0, "DIP3": 76.430929, "DIP4": 60.767333, "DIRWEIGHT1": 0.295455, "DIRWEIGHT2": 0.0, "DIRWEIGHT3": 0.636364, "DIRWEIGHT4": 0.068182, "FID_tras36": -1, "Shape_Leng": 391692.63652, "Shape_Area": 8678654479.2800007 }, "geometry": { "type": "Polygon", "coordinates": [ [ [ 26.299999999433201, 39.934999999660924, 0.0 ], [ 26.301326999754064, 39.837771999300138, 0.0 ], [ 26.129311999833149, 39.684604000161421, 0.0 ], [ 25.999339000523737, 39.599784999805443, 0.0 ], [ 25.400409999637315, 39.599988000020495, 0.0 ], [ 24.950595999921944, 39.899919000095061, 0.0 ], [ 24.950400059392184, 39.899734105915151, 0.0 ], [ 24.950000000070283, 39.900000000114687, 0.0 ], [ 25.700000000115622, 40.099999999572027, 0.0 ], [ 26.000000000672706, 40.184999999484099, 0.0 ], [ 26.22688542945091, 40.243357289758933, 0.0 ], [ 26.299999999433201, 39.934999999660924, 0.0 ] ] ] } },
{ "type": "Feature", "properties": { "FID_gras37": -1, "FID_mkas38": -1, "FID_alas99": -1, "FID_eshm13": 67, "OBJECTID_1": 67.0, "LONC": 29.165705, "LATC": 38.499284, "IDAS": "TRAS411", "A": 3.3, "B": 0.81, "TECREG": "Active", "TECTONICS": "Active Shallow Crust", "SS": 35, "NF": 65, "TF": 0, "MINDEPTH": 0, "HYPODEPTH1": 2, "HYPODEPTH2": 10, "HYPODEPTH3": 18, "MAXDEPTH": 20, "WHDEPTH1": 0.1, "WHDEPTH2": 0.4, "WHDEPTH3": 0.5, "MAXMAG01": 7.1, "MAXMAG02": 7.3, "MAXMAG03": 7.5, "MAXMAG04": 7.7, "WMAXMAG01": 0.5, "WMAXMAG02": 0.2, "WMAXMAG03": 0.2, "WMAXMAG04": 0.1, "STRIKE1": 34.454, "STRIKE2": 142.092091, "STRIKE3": 212.917, "STRIKE4": 324.928176, "DIP1": 51.946942, "DIP2": 52.858682, "DIP3": 54.773196, "DIP4": 54.550412, "DIRWEIGHT1": 0.307692, "DIRWEIGHT2": 0.260355, "DIRWEIGHT3": 0.331361, "DIRWEIGHT4": 0.100592, "FID_tras36": -1, "Shape_Leng": 775230.25948400004, "Shape_Area": 20039171383.700001 }, "geometry": { "type": "Polygon", "coordinates": [ [ [ 30.653763000380078, 38.427031999818198, 0.0 ], [ 29.931147999837314, 37.879524999540074, 0.0 ], [ 29.36804800042745, 38.283689999207169, 0.0 ], [ 28.906763999449044, 38.564374999463254, 0.0 ], [ 28.490771999575486, 38.698395999322649, 0.0 ], [ 28.136988000750549, 38.762360999753184, 0.0 ], [ 27.678193423663895, 38.831335387954425, 0.0 ], [ 27.905797000714518, 39.119043999757281, 0.0 ], [ 28.37358899948233, 39.053111999273177, 0.0 ], [ 29.053676999890012, 38.899855999968437, 0.0 ], [ 29.570159000394025, 38.782763999920938, 0.0 ], [ 30.041725000435161, 38.654651999384171, 0.0 ], [ 30.388188999912352, 38.542263999454001, 0.0 ], [ 30.653763000380078, 38.427031999818198, 0.0 ] ] ] } },
{ "type": "Feature", "properties": { "FID_gras37": -1, "FID_mkas38": -1, "FID_alas99": -1, "FID_eshm13": 68, "OBJECTID_1": 68.0, "LONC": 34.324478, "LATC": 39.202783, "IDAS": "TRAS412", "A": 3.4, "B": 0.9, "TECREG": "Active", "TECTONICS": "Active Shallow Crust", "SS": 50, "NF": 40, "TF": 10, "MINDEPTH": 0, "HYPODEPTH1": 2, "HYPODEPTH2": 10, "HYPODEPTH3": 18, "MAXDEPTH": 20, "WHDEPTH1": 0.1, "WHDEPTH2": 0.4, "WHDEPTH3": 0.5, "MAXMAG01": 7.5, "MAXMAG02": 7.7, "MAXMAG03": 7.9, "MAXMAG04": 8.1, "WMAXMAG01": 0.5, "WMAXMAG02": 0.2, "WMAXMAG03": 0.2, "WMAXMAG04": 0.1, "STRIKE1": 20.580261, "STRIKE2": 126.287875, "STRIKE3": 200.468, "STRIKE4": 305.095391, "DIP1": 71.304348, "DIP2": 82.274, "DIP3": 55.053, "DIP4": 86.134937, "DIRWEIGHT1": 0.106977, "DIRWEIGHT2": 0.074419, "DIRWEIGHT3": 0.009302, "DIRWEIGHT4": 0.809302, "FID_tras36": -1, "Shape_Leng": 1675099.0229100001, "Shape_Area": 51299913358.099998 }, "geometry": { "type": "Polygon", "coordinates": [ [ [ 37.036061999747503, 40.348180999794884, 0.0 ], [ 37.430000000069789, 40.230000000056044, 0.0 ], [ 38.049999999244882, 40.059999999658181, 0.0 ], [ 38.390000000415277, 39.950000000197967, 0.0 ], [ 39.021167999831277, 39.726858999569359, 0.0 ], [ 37.668256999908692, 40.00905999952036, 0.0 ], [ 36.432438999667596, 39.980770999635268, 0.0 ], [ 35.808414000047343, 39.8298140004445, 0.0 ], [ 35.146941000348292, 39.422452999741694, 0.0 ], [ 34.669310000411912, 38.047553999594363, 0.0 ], [ 34.537152999915726, 38.139899999915556, 0.0 ], [ 34.150353000264609, 38.505629000106211, 0.0 ], [ 33.434360999833928, 39.378242999694137, 0.0 ], [ 33.212161000321402, 39.506569000073576, 0.0 ], [ 33.70313600039124, 39.982386999684508, 0.0 ], [ 33.934488000085757, 39.661538999723945, 0.0 ], [ 34.256359999720956, 39.763271000102947, 0.0 ], [ 34.618463999772963, 39.911956999049515, 0.0 ], [ 35.413087999304835, 40.178024999919153, 0.0 ], [ 35.805367999768485, 40.279756999038092, 0.0 ], [ 36.620111999706737, 40.358012999706347, 0.0 ], [ 37.036061999747503, 40.348180999794884, 0.0 ] ] ] } },
{ "type": "Feature", "properties": { "FID_gras37": -1, "FID_mkas38": -1, "FID_alas99": -1, "FID_eshm13": 69, "OBJECTID_1": 69.0, "LONC": 32.976323, "LATC": 37.36911, "IDAS": "TRAS414", "A": 4.2, "B": 1.0, "TECREG": "Active", "TECTONICS": "Active Shallow Crust", "SS": 20, "NF": 75, "TF": 5, "MINDEPTH": 0, "HYPODEPTH1": 2, "HYPODEPTH2": 10, "HYPODEPTH3": 18, "MAXDEPTH": 20, "WHDEPTH1": 0.1, "WHDEPTH2": 0.4, "WHDEPTH3": 0.5, "MAXMAG01": 7.5, "MAXMAG02": 7.7, "MAXMAG03": 7.9, "MAXMAG04": 8.1, "WMAXMAG01": 0.5, "WMAXMAG02": 0.2, "WMAXMAG03": 0.2, "WMAXMAG04": 0.1, "STRIKE1": 37.138647, "STRIKE2": 154.328653, "STRIKE3": 227.60285, "STRIKE4": 330.844168, "DIP1": 61.944387, "DIP2": 50.950163, "DIP3": 52.55785, "DIP4": 53.31636, "DIRWEIGHT1": 0.302671, "DIRWEIGHT2": 0.145401, "DIRWEIGHT3": 0.118694, "DIRWEIGHT4": 0.433234, "FID_tras36": -1, "Shape_Leng": 1998987.87668, "Shape_Area": 115445334419.0 }, "geometry": { "type": "Polygon", "coordinates": [ [ [ 33.346057999793679, 38.560172999718731, 0.0 ], [ 33.589957999753452, 38.270720999485668, 0.0 ], [ 33.982261999608227, 37.925281999682888, 0.0 ], [ 34.409235000124994, 37.677431999881236, 0.0 ], [ 34.520576999730579, 37.619413999849563, 0.0 ], [ 34.349563000615603, 37.12713599947881, 0.0 ], [ 34.886893999650468, 37.047653000054382, 0.0 ], [ 34.656182000188537, 36.873355999656859, 0.0 ], [ 35.195586999906936, 36.455416999486658, 0.0 ], [ 32.95412699930948, 35.55648199988277, 0.0 ], [ 30.757060000016505, 37.702414999992847, 0.0 ], [ 31.240886000442774, 38.122740999320648, 0.0 ], [ 31.240464419283313, 38.122959951694391, 0.0 ], [ 31.240890999567359, 38.123329999543323, 0.0 ], [ 31.761196999776772, 37.745343999977976, 0.0 ], [ 32.287300999917768, 37.35709799999384, 0.0 ], [ 32.787740999265736, 37.673823999898545, 0.0 ], [ 32.415621000289761, 38.010983999239684, 0.0 ], [ 31.851246000437548, 38.427958000230497, 0.0 ], [ 31.183764999846311, 38.767035999555276, 0.0 ], [ 31.096299000580466, 38.802495999891001, 0.0 ], [ 31.490796999871101, 39.248907999685905, 0.0 ], [ 31.933457999744967, 39.07641999999268, 0.0 ], [ 32.399578000207072, 38.822339000130704, 0.0 ], [ 32.694714000793098, 38.602816999400986, 0.0 ], [ 32.951354000638723, 38.37331699938381, 0.0 ], [ 33.346057999793679, 38.560172999718731, 0.0 ] ] ] } },
{ "type": "Feature", "properties": { "FID_gras37": -1, "FID_mkas38": -1, "FID_alas99": -1, "FID_eshm13": 70, "OBJECTID_1": 70.0, "LONC": 28.321387, "LATC": 39.588553, "IDAS": "TRAS415", "A": 3.4, "B": 0.86, "TECREG": "Active", "TECTONICS": "Active Shallow Crust", "SS": 50, "NF": 40, "TF": 10, "MINDEPTH": 0, "HYPODEPTH1": 2, "HYPODEPTH2": 10, "HYPODEPTH3": 18, "MAXDEPTH": 20, "WHDEPTH1": 0.1, "WHDEPTH2": 0.4, "WHDEPTH3": 0.5, "MAXMAG01": 7.1, "MAXMAG02": 7.3, "MAXMAG03": 7.5, "MAXMAG04": 7.7, "WMAXMAG01": 0.5, "WMAXMAG02": 0.2, "WMAXMAG03": 0.2, "WMAXMAG04": 0.1, "STRIKE1": 57.637135, "STRIKE2": 0.0, "STRIKE3": 229.479154, "STRIKE4": 280.37825, "DIP1": 76.897568, "DIP2": 0.0, "DIP3": 70.162654, "DIP4": 64.138167, "DIRWEIGHT1": 0.300813, "DIRWEIGHT2": 0.0, "DIRWEIGHT3": 0.211382, "DIRWEIGHT4": 0.487805, "FID_tras36": -1, "Shape_Leng": 796421.35800999997, "Shape_Area": 15943980714.5 }, "geometry": { "type": "Polygon", "coordinates": [ [ [ 29.632931871076455, 39.813471977775357, 0.0 ], [ 29.217583000267656, 39.401265999935525, 0.0 ], [ 29.066508999837364, 39.431139999786254, 0.0 ], [ 28.745713000452874, 39.461791999507895, 0.0 ], [ 28.207768000226409, 39.494065999970921, 0.0 ], [ 28.32383699953575, 39.637268999662354, 0.0 ], [ 27.496037000242442, 39.680540999816706, 0.0 ], [ 27.009721000104314, 39.110616999136944, 0.0 ], [ 27.014312000263928, 39.718382998997953, 0.0 ], [ 28.824182000245766, 40.066578000116394, 0.0 ], [ 29.632931871076455, 39.813471977775357, 0.0 ] ] ] } },
{ "type": "Feature", "properties": { "FID_gras37": -1, "FID_mkas38": -1, "FID_alas99": -1, "FID_eshm13": 71, "OBJECTID_1": 71.0, "LONC": 32.846936, "LATC": 39.93054, "IDAS": "TRAS416", "A": 4.5, "B": 1.0, "TECREG": "Active", "TECTONICS": "Active Shallow Crust", "SS": 75, "NF": 25, "TF": 0, "MINDEPTH": 0, "HYPODEPTH1": 2, "HYPODEPTH2": 10, "HYPODEPTH3": 18, "MAXDEPTH": 20, "WHDEPTH1": 0.1, "WHDEPTH2": 0.4, "WHDEPTH3": 0.5, "MAXMAG01": 7.5, "MAXMAG02": 7.7, "MAXMAG03": 7.9, "MAXMAG04": 8.1, "WMAXMAG01": 0.5, "WMAXMAG02": 0.2, "WMAXMAG03": 0.2, "WMAXMAG04": 0.1, "STRIKE1": 40.994543, "STRIKE2": 141.937833, "STRIKE3": 207.262551, "STRIKE4": 315.019411, "DIP1": 72.909252, "DIP2": 66.6765, "DIP3": 68.719737, "DIP4": 75.819232, "DIRWEIGHT1": 0.473684, "DIRWEIGHT2": 0.012146, "DIRWEIGHT3": 0.40081, "DIRWEIGHT4": 0.11336, "FID_tras36": -1, "Shape_Leng": 1618592.2415199999, "Shape_Area": 73834480547.0 }, "geometry": { "type": "Polygon", "coordinates": [ [ [ 35.950659000335797, 40.714877999369094, 0.0 ], [ 35.54384800005824, 40.663206999803762, 0.0 ], [ 34.819632000456558, 40.404964999564804, 0.0 ], [ 34.407231999586529, 40.232804999623006, 0.0 ], [ 33.874135999262521, 40.037164999374959, 0.0 ], [ 33.703768351469186, 39.982589647642406, 0.0 ], [ 33.703552000317835, 39.982889999600346, 0.0 ], [ 33.212161000321402, 39.506569000073576, 0.0 ], [ 32.710144999333963, 39.384658999908439, 0.0 ], [ 33.015514000375532, 38.932100999353949, 0.0 ], [ 32.74604200058257, 39.131664999542565, 0.0 ], [ 31.950474000146194, 39.530795000104519, 0.0 ], [ 31.32170600003035, 39.830143000136921, 0.0 ], [ 30.911090000313962, 39.969836999491626, 0.0 ], [ 30.359321999379905, 40.099556999968634, 0.0 ], [ 29.743213999682293, 40.259202999157232, 0.0 ], [ 30.295555999828373, 40.446617999469638, 0.0 ], [ 31.105748999789999, 40.549120999314354, 0.0 ], [ 31.471892999457499, 40.573300999596142, 0.0 ], [ 31.901701000365932, 40.615614999128155, 0.0 ], [ 32.565671000347869, 40.688955999896585, 0.0 ], [ 34.083668999582436, 40.928979000142213, 0.0 ], [ 35.41382100032213, 40.89844599933221, 0.0 ], [ 35.950659000335797, 40.714877999369094, 0.0 ] ] ] } },
{ "type": "Feature", "properties": { "FID_gras37": -1, "FID_mkas38": -1, "FID_alas99": -1, "FID_eshm13": 72, "OBJECTID_1": 72.0, "LONC": 28.68148, "LATC": 37.437979, "IDAS": "TRAS419", "A": 2.6, "B": 0.83, "TECREG": "Active", "TECTONICS": "Active Shallow Crust", "SS": 20, "NF": 75, "TF": 5, "MINDEPTH": 0, "HYPODEPTH1": 2, "HYPODEPTH2": 10, "HYPODEPTH3": 18, "MAXDEPTH": 20, "WHDEPTH1": 0.1, "WHDEPTH2": 0.4, "WHDEPTH3": 0.5, "MAXMAG01": 7.1, "MAXMAG02": 7.3, "MAXMAG03": 7.5, "MAXMAG04": 7.7, "WMAXMAG01": 0.5, "WMAXMAG02": 0.2, "WMAXMAG03": 0.2, "WMAXMAG04": 0.1, "STRIKE1": 0.0, "STRIKE2": 0.0, "STRIKE3": 230.236526, "STRIKE4": 347.143917, "DIP1": 0.0, "DIP2": 0.0, "DIP3": 50.444289, "DIP4": 50.64725, "DIRWEIGHT1": 0.0, "DIRWEIGHT2": 0.0, "DIRWEIGHT3": 0.76, "DIRWEIGHT4": 0.24, "FID_tras36": -1, "Shape_Leng": 457908.92268299998, "Shape_Area": 9765812826.0499992 }, "geometry": { "type": "Polygon", "coordinates": [ [ [ 29.577131999412163, 37.630819999742329, 0.0 ], [ 28.926969000244256, 37.09678899951566, 0.0 ], [ 27.78582799973514, 37.666773999619252, 0.0 ], [ 28.138826999460861, 37.702297999895428, 0.0 ], [ 28.448064999515374, 37.751060999056584, 0.0 ], [ 28.692502999600478, 37.770408999331863, 0.0 ], [ 28.821890000002316, 37.778984999466459, 0.0 ], [ 28.919680999785218, 37.760543999357353, 0.0 ], [ 29.074760000569182, 37.749880999972255, 0.0 ], [ 29.334375999475146, 37.71283999952243, 0.0 ], [ 29.577131999412163, 37.630819999742329, 0.0 ] ] ] } },
{ "type": "Feature", "properties": { "FID_gras37": -1, "FID_mkas38": -1, "FID_alas99": -1, "FID_eshm13": 74, "OBJECTID_1": 74.0, "LONC": 29.184246, "LATC": 35.522617, "IDAS": "GRAS421", "A": 5.0, "B": 1.1, "TECREG": "Active", "TECTONICS": "Active Shallow Crust", "SS": 50, "NF": 0, "TF": 50, "MINDEPTH": 0, "HYPODEPTH1": 2, "HYPODEPTH2": 10, "HYPODEPTH3": 18, "MAXDEPTH": 20, "WHDEPTH1": 0.1, "WHDEPTH2": 0.4, "WHDEPTH3": 0.5, "MAXMAG01": 7.5, "MAXMAG02": 7.7, "MAXMAG03": 7.9, "MAXMAG04": 8.1, "WMAXMAG01": 0.5, "WMAXMAG02": 0.2, "WMAXMAG03": 0.2, "WMAXMAG04": 0.1, "STRIKE1": 37.712643, "STRIKE2": 0.0, "STRIKE3": 213.242, "STRIKE4": 319.103575, "DIP1": 57.636357, "DIP2": 0.0, "DIP3": 75.689, "DIP4": 22.091487, "DIRWEIGHT1": 0.109375, "DIRWEIGHT2": 0.0, "DIRWEIGHT3": 0.007812, "DIRWEIGHT4": 0.882812, "FID_tras36": -1, "Shape_Leng": 3507738.7474400001, "Shape_Area": 244936978562.0 }, "geometry": { "type": "Polygon", "coordinates": [ [ [ 20.693741673485949, 36.858311423900837, 0.0 ], [ 20.940679999417082, 36.549150000256212, 0.0 ], [ 21.300385171572085, 36.100534901727933, 0.0 ], [ 21.300502999994634, 36.100386999559547, 0.0 ], [ 21.701517000165548, 35.601933999969134, 0.0 ], [ 21.701662889262636, 35.601837384368103, 0.0 ], [ 21.701664000478644, 35.601835999521988, 0.0 ], [ 22.563522000513586, 35.026139999277788, 0.0 ], [ 23.296801387782711, 34.536331796836052, 0.0 ], [ 23.800140000820864, 34.200116999766585, 0.0 ], [ 23.800142941006801, 34.200115564332904, 0.0 ], [ 23.800218000638672, 34.200065000200027, 0.0 ], [ 24.206823000153573, 33.999343999240047, 0.0 ], [ 26.400000000517228, 34.000262933246326, 0.0 ], [ 26.400000000517228, 33.999999998999016, 0.0 ], [ 26.508298825045522, 33.999999998999016, 0.0 ], [ 26.901792000300379, 33.999043000447891, 0.0 ], [ 28.484881273743682, 35.253110718768276, 0.0 ], [ 28.800000000482576, 35.500000000008235, 0.0 ], [ 28.961863691841558, 35.602090608485348, 0.0 ], [ 29.071062999288767, 35.670590999288969, 0.0 ], [ 29.165617806582524, 35.668753901313934, 0.0 ], [ 29.273815914696108, 35.666450346407608, 0.0 ], [ 29.792480000280385, 35.378809999686929, 0.0 ], [ 30.485964999626653, 35.015050999993015, 0.0 ], [ 29.109829999292483, 34.191724999771566, 0.0 ], [ 26.93774199945581, 33.144506999188614, 0.0 ], [ 22.97103000002684, 33.377522000000468, 0.0 ], [ 19.882133909596867, 34.899999999023024, 0.0 ], [ 18.282133909320525, 35.599999999696266, 0.0 ], [ 19.482133909752346, 38.199999999703479, 0.0 ], [ 19.999137000494827, 37.699833999597494, 0.0 ], [ 20.500089000028836, 37.098644999892883, 0.0 ], [ 20.693741673485949, 36.858311423900837, 0.0 ] ] ] } },
{ "type": "Feature", "properties": { "FID_gras37": -1, "FID_mkas38": -1, "FID_alas99": -1, "FID_eshm13": 75, "OBJECTID_1": 75.0, "LONC": 26.746201, "LATC": 40.243211, "IDAS": "TRAS423", "A": 2.8, "B": 0.84, "TECREG": "Active", "TECTONICS": "Active Shallow Crust", "SS": 50, "NF": 40, "TF": 10, "MINDEPTH": 0, "HYPODEPTH1": 2, "HYPODEPTH2": 10, "HYPODEPTH3": 18, "MAXDEPTH": 20, "WHDEPTH1": 0.1, "WHDEPTH2": 0.4, "WHDEPTH3": 0.5, "MAXMAG01": 8.0, "MAXMAG02": 8.2, "MAXMAG03": 8.4, "MAXMAG04": 8.6, "WMAXMAG01": 0.5, "WMAXMAG02": 0.2, "WMAXMAG03": 0.2, "WMAXMAG04": 0.1, "STRIKE1": 0.0, "STRIKE2": 119.411222, "STRIKE3": 249.116, "STRIKE4": 0.0, "DIP1": 0.0, "DIP2": 83.490778, "DIP3": 60.079667, "DIP4": 0.0, "DIRWEIGHT1": 0.0, "DIRWEIGHT2": 0.5, "DIRWEIGHT3": 0.5, "DIRWEIGHT4": 0.0, "FID_tras36": -1, "Shape_Leng": 641270.82682199997, "Shape_Area": 9904997046.3500004 }, "geometry": { "type": "Polygon", "coordinates": [ [ [ 28.696376999534593, 40.565060999815351, 0.0 ], [ 28.466277999642767, 40.488673999659284, 0.0 ], [ 28.075549999630852, 40.464493999944622, 0.0 ], [ 27.762980999790429, 40.391963999878556, 0.0 ], [ 27.48582600042651, 40.316483999639892, 0.0 ], [ 27.018382000016615, 40.161177999616093, 0.0 ], [ 26.580129999829193, 40.08157499994973, 0.0 ], [ 26.301326999754064, 39.837771999300138, 0.0 ], [ 26.299999999433201, 39.934999999660924, 0.0 ], [ 26.227070999829046, 40.24340500009972, 0.0 ], [ 26.22688542945091, 40.243357289758933, 0.0 ], [ 26.226846999523044, 40.243519000113217, 0.0 ], [ 27.035873999720568, 40.508665000032032, 0.0 ], [ 27.526909000064869, 40.633690000275273, 0.0 ], [ 27.673880000232135, 40.648650999358665, 0.0 ], [ 28.342693000268778, 40.611504999277969, 0.0 ], [ 28.696376999534593, 40.565060999815351, 0.0 ] ] ] } },
{ "type": "Feature", "properties": { "FID_gras37": -1, "FID_mkas38": -1, "FID_alas99": -1, "FID_eshm13": 76, "OBJECTID_1": 76.0, "LONC": 31.497753, "LATC": 36.19586, "IDAS": "TRAS424", "A": 3.3, "B": 0.86, "TECREG": "Active", "TECTONICS": "Active Shallow Crust", "SS": 20, "NF": 75, "TF": 5, "MINDEPTH": 0, "HYPODEPTH1": 2, "HYPODEPTH2": 10, "HYPODEPTH3": 18, "MAXDEPTH": 20, "WHDEPTH1": 0.1, "WHDEPTH2": 0.4, "WHDEPTH3": 0.5, "MAXMAG01": 7.5, "MAXMAG02": 7.7, "MAXMAG03": 7.9, "MAXMAG04": 8.1, "WMAXMAG01": 0.5, "WMAXMAG02": 0.2, "WMAXMAG03": 0.2, "WMAXMAG04": 0.1, "STRIKE1": 23.858604, "STRIKE2": 153.6774, "STRIKE3": 197.422826, "STRIKE4": 322.799641, "DIP1": 59.239919, "DIP2": 56.887257, "DIP3": 50.666109, "DIP4": 40.521451, "DIRWEIGHT1": 0.248333, "DIRWEIGHT2": 0.058333, "DIRWEIGHT3": 0.076667, "DIRWEIGHT4": 0.616667, "FID_tras36": -1, "Shape_Leng": 1061097.9327799999, "Shape_Area": 48606895777.0 }, "geometry": { "type": "Polygon", "coordinates": [ [ [ 32.95412699930948, 35.55648199988277, 0.0 ], [ 32.571834000152393, 34.689139999561426, 0.0 ], [ 32.12801899931172, 35.1019139996232, 0.0 ], [ 30.056588000510072, 36.866871000181355, 0.0 ], [ 30.279810999671554, 37.181672999439726, 0.0 ], [ 30.732466999451265, 37.681048999222774, 0.0 ], [ 30.757060000016505, 37.702414999992847, 0.0 ], [ 32.95412699930948, 35.55648199988277, 0.0 ] ] ] } },
{ "type": "Feature", "properties": { "FID_gras37": -1, "FID_mkas38": -1, "FID_alas99": -1, "FID_eshm13": 78, "OBJECTID_1": 78.0, "LONC": 20.696687, "LATC": 40.546706, "IDAS": "ALAS992", "A": 3.2952, "B": 0.814, "TECREG": "Active", "TECTONICS": "Active Shallow Crust", "SS": 20, "NF": 60, "TF": 20, "MINDEPTH": 0, "HYPODEPTH1": 2, "HYPODEPTH2": 10, "HYPODEPTH3": 18, "MAXDEPTH": 14, "WHDEPTH1": 0.1, "WHDEPTH2": 0.4, "WHDEPTH3": 0.5, "MAXMAG01": 7.5, "MAXMAG02": 7.7, "MAXMAG03": 7.9, "MAXMAG04": 8.1, "WMAXMAG01": 0.5, "WMAXMAG02": 0.2, "WMAXMAG03": 0.2, "WMAXMAG04": 0.1, "STRIKE1": 46.7922, "STRIKE2": 161.226446, "STRIKE3": 201.980836, "STRIKE4": 329.653729, "DIP1": 56.557743, "DIP2": 48.730877, "DIP3": 51.347356, "DIP4": 41.110181, "DIRWEIGHT1": 0.094086, "DIRWEIGHT2": 0.174731, "DIRWEIGHT3": 0.196237, "DIRWEIGHT4": 0.534946, "FID_tras36": -1, "Shape_Leng": 717209.66880900005, "Shape_Area": 24611844114.299999 }, "geometry": { "type": "Polygon", "coordinates": [ [ [ 21.502672000585868, 41.199857000105233, 0.0 ], [ 21.556706999822175, 41.145603000026767, 0.0 ], [ 21.64993000080834, 41.051745999758467, 0.0 ], [ 20.899937000435717, 40.59995399952895, 0.0 ], [ 20.809368000091244, 39.899538999252201, 0.0 ], [ 20.493436999604455, 39.897931000043791, 0.0 ], [ 20.080896884007945, 40.555326374666315, 0.0 ], [ 19.937646000570009, 40.956807999956922, 0.0 ], [ 21.297341000263138, 41.755741999464995, 0.0 ], [ 21.429640000151213, 41.397661000053368, 0.0 ], [ 21.502672000585868, 41.199857000105233, 0.0 ] ] ] } },
{ "type": "Feature", "properties": { "FID_gras37": -1, "FID_mkas38": -1, "FID_alas99": -1, "FID_eshm13": 79, "OBJECTID_1": 79.0, "LONC": 25.124403, "LATC": 42.613985, "IDAS": "BGAS991", "A": 2.7612, "B": 0.915, "TECREG": "Active", "TECTONICS": "Active Shallow Crust", "SS": 20, "NF": 60, "TF": 20, "MINDEPTH": 0, "HYPODEPTH1": 2, "HYPODEPTH2": 10, "HYPODEPTH3": 18, "MAXDEPTH": 20, "WHDEPTH1": 0.1, "WHDEPTH2": 0.4, "WHDEPTH3": 0.5, "MAXMAG01": 7.5, "MAXMAG02": 7.7, "MAXMAG03": 7.9, "MAXMAG04": 8.1, "WMAXMAG01": 0.5, "WMAXMAG02": 0.2, "WMAXMAG03": 0.2, "WMAXMAG04": 0.1, "STRIKE1": 77.465197, "STRIKE2": 101.129108, "STRIKE3": 267.72425, "STRIKE4": 293.628773, "DIP1": 47.117239, "DIP2": 47.713923, "DIP3": 47.586667, "DIP4": 48.9255, "DIRWEIGHT1": 0.541667, "DIRWEIGHT2": 0.300926, "DIRWEIGHT3": 0.055556, "DIRWEIGHT4": 0.101852, "FID_tras36": -1, "Shape_Leng": 778082.32757700002, "Shape_Area": 22179992405.5 }, "geometry": { "type": "Polygon", "coordinates": [ [ [ 26.276666000315071, 42.036587999767562, 0.0 ], [ 25.90626700004864, 42.215806999680808, 0.0 ], [ 25.367280999731552, 42.298732999821262, 0.0 ], [ 25.016844000586051, 42.351306999447829, 0.0 ], [ 24.480907999847474, 42.308487000082096, 0.0 ], [ 24.420201000095304, 42.39006299972435, 0.0 ], [ 24.219703999606438, 42.659118999600572, 0.0 ], [ 24.016341999486968, 42.929237000010779, 0.0 ], [ 25.369015999583091, 42.790473000429976, 0.0 ], [ 26.232463999704621, 42.703377000191182, 0.0 ], [ 26.750549999640647, 42.674002999570952, 0.0 ], [ 27.01195700027127, 42.658977999453825, 0.0 ], [ 26.276666000315071, 42.036587999767562, 0.0 ] ] ] } },
{ "type": "Feature", "properties": { "FID_gras37": -1, "FID_mkas38": -1, "FID_alas99": -1, "FID_eshm13": 80, "OBJECTID_1": 80.0, "LONC": 36.004231, "LATC": 41.13201, "IDAS": "TRAS984", "A": 4.2932, "B": 1.042, "TECREG": "Active", "TECTONICS": "Active Shallow Crust", "SS": 50, "NF": 40, "TF": 10, "MINDEPTH": 0, "HYPODEPTH1": 2, "HYPODEPTH2": 10, "HYPODEPTH3": 18, "MAXDEPTH": 20, "WHDEPTH1": 0.1, "WHDEPTH2": 0.4, "WHDEPTH3": 0.5, "MAXMAG01": 7.8, "MAXMAG02": 8.0, "MAXMAG03": 8.2, "MAXMAG04": 8.4, "WMAXMAG01": 0.5, "WMAXMAG02": 0.2, "WMAXMAG03": 0.2, "WMAXMAG04": 0.1, "STRIKE1": 68.91464, "STRIKE2": 127.475152, "STRIKE3": 246.42267, "STRIKE4": 279.74225, "DIP1": 51.599494, "DIP2": 54.809197, "DIP3": 85.013682, "DIP4": 85.398, "DIRWEIGHT1": 0.618056, "DIRWEIGHT2": 0.286706, "DIRWEIGHT3": 0.087302, "DIRWEIGHT4": 0.007937, "FID_tras36": -1, "Shape_Leng": 3984674.60831, "Shape_Area": 217237471654.0 }, "geometry": { "type": "Polygon", "coordinates": [ [ [ 39.500120414364098, 39.930036212908504, 0.0 ], [ 38.690000000074065, 40.219999999725154, 0.0 ], [ 37.68000000008491, 40.509999999534202, 0.0 ], [ 37.161332999467554, 40.654062999874277, 0.0 ], [ 36.226919000097318, 40.971770999894623, 0.0 ], [ 35.309989999860022, 41.26400699913146, 0.0 ], [ 34.006635018930083, 41.310866129655928, 0.0 ], [ 33.342502474187349, 41.27345865311657, 0.0 ], [ 32.930818372208236, 41.12991152517214, 0.0 ], [ 31.886314000409342, 40.8778569993422, 0.0 ], [ 31.589376999849566, 40.848068000093697, 0.0 ], [ 31.263511423736151, 40.851068933043983, 0.0 ], [ 30.842627594083993, 40.854682970449119, 0.0 ], [ 30.380641084502258, 40.856038121991212, 0.0 ], [ 29.850674319656413, 40.850857987691548, 0.0 ], [ 29.306146493773987, 40.91492406507345, 0.0 ], [ 29.01118081825739, 41.014220397122848, 0.0 ], [ 28.577427249534484, 41.055612976202276, 0.0 ], [ 27.501105999354628, 42.651841999834417, 0.0 ], [ 28.324611000560939, 42.621435999647808, 0.0 ], [ 28.364001000180551, 42.312407000281333, 0.0 ], [ 28.615822000260909, 42.025796999530392, 0.0 ], [ 29.041802000367635, 41.758949999959171, 0.0 ], [ 29.307342000500181, 41.634950999701168, 0.0 ], [ 29.756022000238524, 41.422027999427058, 0.0 ], [ 30.916525000022332, 41.370039999277751, 0.0 ], [ 31.530341000374818, 41.546271999165192, 0.0 ], [ 32.876269000335213, 42.09148899969049, 0.0 ], [ 33.646549000620467, 42.258781999088036, 0.0 ], [ 34.259886000398822, 42.334020999670585, 0.0 ], [ 34.898492999886599, 42.237767999537262, 0.0 ], [ 35.367451000215105, 42.120059999709767, 0.0 ], [ 36.330829000202144, 41.75354699975172, 0.0 ], [ 37.450813999338827, 41.408392999849227, 0.0 ], [ 38.089277999609777, 41.281841999813778, 0.0 ], [ 39.197563000024601, 41.219367999398976, 0.0 ], [ 39.836840999707107, 41.264504000055815, 0.0 ], [ 40.423853999266662, 41.289053999462205, 0.0 ], [ 41.155198000392112, 41.496452999424953, 0.0 ], [ 42.864994999494996, 41.943177999682689, 0.0 ], [ 42.910808999933344, 41.943001999696882, 0.0 ], [ 42.944070999908504, 41.935042999777536, 0.0 ], [ 42.984948999507409, 41.91729499923548, 0.0 ], [ 43.252026000023086, 41.785141000049698, 0.0 ], [ 42.766937999573265, 41.627767999550045, 0.0 ], [ 42.377873000341197, 41.329240999659085, 0.0 ], [ 42.09102999942148, 41.064215999417591, 0.0 ], [ 41.792422999307441, 40.708074999412723, 0.0 ], [ 41.020321000030314, 40.385697999441838, 0.0 ], [ 39.500120414364098, 39.930036212908504, 0.0 ] ] ] } },
{ "type": "Feature", "properties": { "FID_gras37": -1, "FID_mkas38": -1, "FID_alas99": -1, "FID_eshm13": 81, "OBJECTID_1": 81.0, "LONC": 21.925, "LATC": 38.25, "IDAS": "GRAS976", "A": 3.0588, "B": 0.745, "TECREG": "Active", "TECTONICS": "Active Shallow Crust", "SS": 25, "NF": 50, "TF": 25, "MINDEPTH": 0, "HYPODEPTH1": 2, "HYPODEPTH2": 10, "HYPODEPTH3": 18, "MAXDEPTH": 20, "WHDEPTH1": 0.1, "WHDEPTH2": 0.4, "WHDEPTH3": 0.5, "MAXMAG01": 7.5, "MAXMAG02": 7.7, "MAXMAG03": 7.9, "MAXMAG04": 8.1, "WMAXMAG01": 0.5, "WMAXMAG02": 0.2, "WMAXMAG03": 0.2, "WMAXMAG04": 0.1, "STRIKE1": 65.3675, "STRIKE2": 104.610411, "STRIKE3": 253.542529, "STRIKE4": 288.026209, "DIP1": 57.402604, "DIP2": 56.564422, "DIP3": 54.182569, "DIP4": 41.811018, "DIRWEIGHT1": 0.160535, "DIRWEIGHT2": 0.301003, "DIRWEIGHT3": 0.170569, "DIRWEIGHT4": 0.367893, "FID_tras36": -1, "Shape_Leng": 370053.19483699999, "Shape_Area": 7229138435.8100004 }, "geometry": { "type": "Polygon", "coordinates": [ [ [ 22.350000000631841, 37.999999999503771, 0.0 ], [ 21.816392000121759, 37.999999999503771, 0.0 ], [ 21.733332999994186, 38.133332999452428, 0.0 ], [ 21.500000000400803, 38.499999999023068, 0.0 ], [ 21.925000000516338, 38.499999999023068, 0.0 ], [ 22.050000000074718, 38.499999999023068, 0.0 ], [ 22.350000000631841, 38.499999999023068, 0.0 ], [ 22.800000000120026, 38.499999999023068, 0.0 ], [ 22.350000000631841, 37.999999999503771, 0.0 ] ] ] } },
{ "type": "Feature", "properties": { "FID_gras37": -1, "FID_mkas38": -1, "FID_alas99": -1, "FID_eshm13": 82, "OBJECTID_1": 82.0, "LONC": 21.3, "LATC": 36.850172, "IDAS": "GRAS975", "A": 3.9751, "B": 0.918, "TECREG": "Active", "TECTONICS": "Active Shallow Crust", "SS": 35, "NF": 15, "TF": 50, "MINDEPTH": 0, "HYPODEPTH1": 2, "HYPODEPTH2": 10, "HYPODEPTH3": 18, "MAXDEPTH": 50, "WHDEPTH1": 0.1, "WHDEPTH2": 0.4, "WHDEPTH3": 0.5, "MAXMAG01": 7.5, "MAXMAG02": 7.7, "MAXMAG03": 7.9, "MAXMAG04": 8.1, "WMAXMAG01": 0.5, "WMAXMAG02": 0.2, "WMAXMAG03": 0.2, "WMAXMAG04": 0.1, "STRIKE1": 0.0, "STRIKE2": 0.0, "STRIKE3": 216.172184, "STRIKE4": 291.6045, "DIP1": 0.0, "DIP2": 0.0, "DIP3": 75.687959, "DIP4": 22.9705, "DIRWEIGHT1": 0.0, "DIRWEIGHT2": 0.0, "DIRWEIGHT3": 0.960784, "DIRWEIGHT4": 0.039216, "FID_tras36": -1, "Shape_Leng": 717398.90846399998, "Shape_Area": 26015934420.5 }, "geometry": { "type": "Polygon", "coordinates": [ [ [ 21.5501190007685, 37.100055000234576, 0.0 ], [ 22.099999999718417, 36.499999999640174, 0.0 ], [ 22.299999999191513, 36.274999999547603, 0.0 ], [ 22.500000000461235, 36.049999999532822, 0.0 ], [ 22.099999999718417, 35.824999999529879, 0.0 ], [ 21.701664531382995, 35.601836296796428, 0.0 ], [ 21.701662889262636, 35.601837384368103, 0.0 ], [ 21.300537000329843, 36.100344999621797, 0.0 ], [ 21.300385171572085, 36.100534901727933, 0.0 ], [ 20.693741673485949, 36.858311423900837, 0.0 ], [ 20.499999999442075, 37.099999999526581, 0.0 ], [ 21.100000000556314, 37.599999999225986, 0.0 ], [ 21.5501190007685, 37.100055000234576, 0.0 ] ] ] } },
{ "type": "Feature", "properties": { "FID_gras37": -1, "FID_mkas38": -1, "FID_alas99": -1, "FID_eshm13": 83, "OBJECTID_1": 83.0, "LONC": 24.49653, "LATC": 34.349673, "IDAS": "GRAS974", "A": 4.3249, "B": 0.963, "TECREG": "Active", "TECTONICS": "Active Shallow Crust", "SS": 35, "NF": 15, "TF": 50, "MINDEPTH": 0, "HYPODEPTH1": 2, "HYPODEPTH2": 10, "HYPODEPTH3": 18, "MAXDEPTH": 50, "WHDEPTH1": 0.1, "WHDEPTH2": 0.4, "WHDEPTH3": 0.5, "MAXMAG01": 7.5, "MAXMAG02": 7.7, "MAXMAG03": 7.9, "MAXMAG04": 8.1, "WMAXMAG01": 0.5, "WMAXMAG02": 0.2, "WMAXMAG03": 0.2, "WMAXMAG04": 0.1, "STRIKE1": 0.0, "STRIKE2": 0.0, "STRIKE3": 0.0, "STRIKE4": 0.0, "DIP1": 0.0, "DIP2": 0.0, "DIP3": 0.0, "DIP4": 0.0, "DIRWEIGHT1": 0.0, "DIRWEIGHT2": 0.0, "DIRWEIGHT3": 0.0, "DIRWEIGHT4": 0.0, "FID_tras36": -1, "Shape_Leng": 708716.84228999994, "Shape_Area": 24358515287.0 }, "geometry": { "type": "Polygon", "coordinates": [ [ [ 26.400000000517228, 34.349999999433379, 0.0 ], [ 26.400000000517228, 34.000262983143571, 0.0 ], [ 26.349548000063589, 34.0002419994928, 0.0 ], [ 25.192920000038832, 34.005787999987668, 0.0 ], [ 24.210896000279334, 33.999345999619344, 0.0 ], [ 23.800142941006801, 34.200115564332904, 0.0 ], [ 23.800140361943598, 34.200117301415702, 0.0 ], [ 24.09999999983928, 34.449999998946815, 0.0 ], [ 24.399999999498071, 34.69999999949146, 0.0 ], [ 24.899999999528287, 34.69999999949146, 0.0 ], [ 25.399999999558503, 34.69999999949146, 0.0 ], [ 25.899999999588715, 34.69999999949146, 0.0 ], [ 26.400000000517228, 34.69999999949146, 0.0 ], [ 26.400000000517228, 34.349999999433379, 0.0 ] ] ] } },
{ "type": "Feature", "properties": { "FID_gras37": -1, "FID_mkas38": -1, "FID_alas99": -1, "FID_eshm13": 84, "OBJECTID_1": 84.0, "LONC": 25.963423, "LATC": 40.375031, "IDAS": "GRAS973", "A": 2.9737, "B": 0.8, "TECREG": "Active", "TECTONICS": "Active Shallow Crust", "SS": 40, "NF": 60, "TF": 0, "MINDEPTH": 0, "HYPODEPTH1": 2, "HYPODEPTH2": 10, "HYPODEPTH3": 18, "MAXDEPTH": 20, "WHDEPTH1": 0.1, "WHDEPTH2": 0.4, "WHDEPTH3": 0.5, "MAXMAG01": 8.0, "MAXMAG02": 8.2, "MAXMAG03": 8.4, "MAXMAG04": 8.6, "WMAXMAG01": 0.5, "WMAXMAG02": 0.2, "WMAXMAG03": 0.2, "WMAXMAG04": 0.1, "STRIKE1": 66.499139, "STRIKE2": 101.507063, "STRIKE3": 242.709131, "STRIKE4": 286.437533, "DIP1": 67.476584, "DIP2": 69.789938, "DIP3": 70.262016, "DIP4": 54.7368, "DIRWEIGHT1": 0.65283, "DIRWEIGHT2": 0.060377, "DIRWEIGHT3": 0.230189, "DIRWEIGHT4": 0.056604, "FID_tras36": -1, "Shape_Leng": 461737.02951700002, "Shape_Area": 10639351391.6 }, "geometry": { "type": "Polygon", "coordinates": [ [ [ 26.226846999523044, 40.243519000113217, 0.0 ], [ 26.000000000672706, 40.184999999484099, 0.0 ], [ 25.700000000115622, 40.099999999572027, 0.0 ], [ 24.950000000070283, 39.900000000114687, 0.0 ], [ 24.499999999683766, 40.199999999576811, 0.0 ], [ 25.700000000115622, 40.599999999373857, 0.0 ], [ 25.700128933511689, 40.600021547850567, 0.0 ], [ 25.70012899998704, 40.599820999354442, 0.0 ], [ 25.999652000518164, 40.650061999331939, 0.0 ], [ 26.226846999523044, 40.243519000113217, 0.0 ] ] ] } },
{ "type": "Feature", "properties": { "FID_gras37": -1, "FID_mkas38": -1, "FID_alas99": -1, "FID_eshm13": 85, "OBJECTID_1": 46.0, "LONC": 24.2, "LATC": 39.521604, "IDAS": "GAS357", "A": 3.9, "B": 1.0, "TECREG": "Active", "TECTONICS": "Active Shallow Crust", "SS": 40, "NF": 60, "TF": 0, "MINDEPTH": 0, "HYPODEPTH1": 2, "HYPODEPTH2": 10, "HYPODEPTH3": 18, "MAXDEPTH": 20, "WHDEPTH1": 0.1, "WHDEPTH2": 0.4, "WHDEPTH3": 0.5, "MAXMAG01": 8.0, "MAXMAG02": 8.2, "MAXMAG03": 8.4, "MAXMAG04": 8.6, "WMAXMAG01": 0.5, "WMAXMAG02": 0.2, "WMAXMAG03": 0.2, "WMAXMAG04": 0.1, "STRIKE1": 59.750273, "STRIKE2": 0.0, "STRIKE3": 221.52187, "STRIKE4": 304.452917, "DIP1": 71.687636, "DIP2": 0.0, "DIP3": 68.0383, "DIP4": 73.287958, "DIRWEIGHT1": 0.081481, "DIRWEIGHT2": 0.0, "DIRWEIGHT3": 0.740741, "DIRWEIGHT4": 0.177778, "FID_tras36": -1, "Shape_Leng": 320631.09922700003, "Shape_Area": 6168373680.6199999 }, "geometry": { "type": "Polygon", "coordinates": [ [ [ 24.950000000070283, 39.900000000114687, 0.0 ], [ 24.795039521208292, 39.752975158143038, 0.0 ], [ 24.393679961605446, 39.372387379198422, 0.0 ], [ 23.999999998755253, 39.700000000395534, 0.0 ], [ 24.249999999668674, 39.949999999509359, 0.0 ], [ 24.499999999683766, 40.199999999576811, 0.0 ], [ 24.950000000070283, 39.900000000114687, 0.0 ] ] ] } },
{ "type": "Feature", "properties": { "FID_gras37": -1, "FID_mkas38": -1, "FID_alas99": -1, "FID_eshm13": 86, "OBJECTID_1": 64.0, "LONC": 26.960583, "LATC": 35.897089, "IDAS": "TAS407", "A": 4.2, "B": 1.0, "TECREG": "Active", "TECTONICS": "Active Shallow Crust", "SS": 20, "NF": 75, "TF": 5, "MINDEPTH": 0, "HYPODEPTH1": 2, "HYPODEPTH2": 10, "HYPODEPTH3": 18, "MAXDEPTH": 20, "WHDEPTH1": 0.1, "WHDEPTH2": 0.4, "WHDEPTH3": 0.5, "MAXMAG01": 7.1, "MAXMAG02": 7.3, "MAXMAG03": 7.5, "MAXMAG04": 7.7, "WMAXMAG01": 0.5, "WMAXMAG02": 0.2, "WMAXMAG03": 0.2, "WMAXMAG04": 0.1, "STRIKE1": 50.68201, "STRIKE2": 113.109812, "STRIKE3": 244.682748, "STRIKE4": 285.745358, "DIP1": 64.153545, "DIP2": 60.100937, "DIP3": 60.485761, "DIP4": 54.208657, "DIRWEIGHT1": 0.268293, "DIRWEIGHT2": 0.130081, "DIRWEIGHT3": 0.420054, "DIRWEIGHT4": 0.181572, "FID_tras36": -1, "Shape_Leng": 530850.503898, "Shape_Area": 10794205966.799999 }, "geometry": { "type": "Polygon", "coordinates": [ [ [ 27.907805000377536, 35.916283000233491, 0.0 ], [ 27.525000000136043, 35.60749999946372, 0.0 ], [ 27.149999999664239, 35.304999999731436, 0.0 ], [ 26.775000000090731, 35.002499999496592, 0.0 ], [ 26.400000000517228, 34.69999999949146, 0.0 ], [ 26.400000000517228, 35.099999999404055, 0.0 ], [ 26.400000000517228, 35.500000000008235, 0.0 ], [ 27.699999999338154, 35.999999999678266, 0.0 ], [ 27.907805000377536, 35.916283000233491, 0.0 ] ] ] } },
{ "type": "Feature", "properties": { "FID_gras37": -1, "FID_mkas38": -1, "FID_alas99": -1, "FID_eshm13": 87, "OBJECTID_1": 31.0, "LONC": 23.050832, "LATC": 35.125059, "IDAS": "GRAS400", "A": 4.1, "B": 1.0, "TECREG": "Active", "TECTONICS": "Active Shallow Crust", "SS": 35, "NF": 15, "TF": 50, "MINDEPTH": 0, "HYPODEPTH1": 2, "HYPODEPTH2": 10, "HYPODEPTH3": 18, "MAXDEPTH": 50, "WHDEPTH1": 0.1, "WHDEPTH2": 0.4, "WHDEPTH3": 0.5, "MAXMAG01": 7.1, "MAXMAG02": 7.7, "MAXMAG03": 7.9, "MAXMAG04": 8.1, "WMAXMAG01": 0.5, "WMAXMAG02": 0.2, "WMAXMAG03": 0.2, "WMAXMAG04": 0.1, "STRIKE1": 0.0, "STRIKE2": 0.0, "STRIKE3": 0.0, "STRIKE4": 0.0, "DIP1": 0.0, "DIP2": 0.0, "DIP3": 0.0, "DIP4": 0.0, "DIRWEIGHT1": 0.0, "DIRWEIGHT2": 0.0, "DIRWEIGHT3": 0.0, "DIRWEIGHT4": 0.0, "FID_tras36": -1, "Shape_Leng": 356834.09399000002, "Shape_Area": 7826008453.6000004 }, "geometry": { "type": "Polygon", "coordinates": [ [ [ 24.399999999498071, 34.69999999949146, 0.0 ], [ 24.09999999983928, 34.449999998946815, 0.0 ], [ 23.800140361943598, 34.200117301415702, 0.0 ], [ 23.298022288983656, 34.537691207073152, 0.0 ], [ 23.849999999824156, 35.14999999979721, 0.0 ], [ 24.124999999211965, 34.9249999991506, 0.0 ], [ 24.399999999498071, 34.69999999949146, 0.0 ] ] ] } },
{ "type": "Feature", "properties": { "FID_gras37": -1, "FID_mkas38": -1, "FID_alas99": -1, "FID_eshm13": 89, "OBJECTID_1": 18.0, "LONC": 21.55, "LATC": 38.050027, "IDAS": "GRAS375", "A": 4.2, "B": 1.0, "TECREG": "Active", "TECTONICS": "Active Shallow Crust", "SS": 40, "NF": 60, "TF": 0, "MINDEPTH": 0, "HYPODEPTH1": 2, "HYPODEPTH2": 10, "HYPODEPTH3": 18, "MAXDEPTH": 20, "WHDEPTH1": 0.1, "WHDEPTH2": 0.4, "WHDEPTH3": 0.5, "MAXMAG01": 7.5, "MAXMAG02": 7.7, "MAXMAG03": 7.9, "MAXMAG04": 8.1, "WMAXMAG01": 0.5, "WMAXMAG02": 0.2, "WMAXMAG03": 0.2, "WMAXMAG04": 0.1, "STRIKE1": 0.0, "STRIKE2": 136.704, "STRIKE3": 214.940754, "STRIKE4": 317.49268, "DIP1": 0.0, "DIP2": 56.725, "DIP3": 75.693836, "DIP4": 60.65742, "DIRWEIGHT1": 0.0, "DIRWEIGHT2": 0.026316, "DIRWEIGHT3": 0.535088, "DIRWEIGHT4": 0.438596, "FID_tras36": -1, "Shape_Leng": 353909.51512499998, "Shape_Area": 6661776972.8599997 }, "geometry": { "type": "Polygon", "coordinates": [ [ [ 21.500000000400803, 38.499999999023068, 0.0 ], [ 20.899999999286592, 38.099999999844492, 0.0 ], [ 20.899999999286592, 38.399999999722155, 0.0 ], [ 20.899999999286592, 38.69999999982462, 0.0 ], [ 20.899999999286592, 38.89999999952515, 0.0 ], [ 20.899999999286592, 39.000000000138861, 0.0 ], [ 21.500000000400803, 39.000000000138861, 0.0 ], [ 21.500000000400803, 38.749999999622226, 0.0 ], [ 21.500000000400803, 38.499999999023068, 0.0 ] ] ] } },
{ "type": "Feature", "properties": { "FID_gras37": -1, "FID_mkas38": -1, "FID_alas99": -1, "FID_eshm13": 92, "OBJECTID_1": 81.0, "LONC": 21.925, "LATC": 38.25, "IDAS": "GRAS976", "A": 3.0588, "B": 0.745, "TECREG": "Active", "TECTONICS": "Active Shallow Crust", "SS": 25, "NF": 50, "TF": 25, "MINDEPTH": 0, "HYPODEPTH1": 2, "HYPODEPTH2": 10, "HYPODEPTH3": 18, "MAXDEPTH": 20, "WHDEPTH1": 0.1, "WHDEPTH2": 0.4, "WHDEPTH3": 0.5, "MAXMAG01": 7.5, "MAXMAG02": 7.7, "MAXMAG03": 7.9, "MAXMAG04": 8.1, "WMAXMAG01": 0.5, "WMAXMAG02": 0.2, "WMAXMAG03": 0.2, "WMAXMAG04": 0.1, "STRIKE1": 65.3675, "STRIKE2": 104.610411, "STRIKE3": 253.542529, "STRIKE4": 288.026209, "DIP1": 57.402604, "DIP2": 56.564422, "DIP3": 54.182569, "DIP4": 41.811018, "DIRWEIGHT1": 0.160535, "DIRWEIGHT2": 0.301003, "DIRWEIGHT3": 0.170569, "DIRWEIGHT4": 0.367893, "FID_tras36": -1, "Shape_Leng": 311213.11341799999, "Shape_Area": 5804275310.2200003 }, "geometry": { "type": "Polygon", "coordinates": [ [ [ 23.149999999422548, 38.249999999651955, 0.0 ], [ 23.33925936496458, 38.114814738700581, 0.0 ], [ 23.337934828722556, 38.114124343181906, 0.0 ], [ 22.650036315584323, 37.737519933074999, 0.0 ], [ 22.550000000104934, 37.82499999950916, 0.0 ], [ 22.350000000631841, 37.999999999503771, 0.0 ], [ 22.800000000120026, 38.499999999023068, 0.0 ], [ 23.149999999422548, 38.249999999651955, 0.0 ] ] ] } },
{ "type": "Feature", "properties": { "FID_gras37": -1, "FID_mkas38": -1, "FID_alas99": -1, "FID_eshm13": 94, "OBJECTID_1": 23.0, "LONC": 22.872742, "LATC": 38.752873, "IDAS": "GRAS384", "A": 3.8, "B": 0.95, "TECREG": "Active", "TECTONICS": "Active Shallow Crust", "SS": 40, "NF": 60, "TF": 0, "MINDEPTH": 0, "HYPODEPTH1": 2, "HYPODEPTH2": 10, "HYPODEPTH3": 18, "MAXDEPTH": 20, "WHDEPTH1": 0.1, "WHDEPTH2": 0.4, "WHDEPTH3": 0.5, "MAXMAG01": 7.5, "MAXMAG02": 7.7, "MAXMAG03": 7.9, "MAXMAG04": 8.1, "WMAXMAG01": 0.5, "WMAXMAG02": 0.2, "WMAXMAG03": 0.2, "WMAXMAG04": 0.1, "STRIKE1": 66.977, "STRIKE2": 127.892292, "STRIKE3": 249.710269, "STRIKE4": 289.799967, "DIP1": 55.438, "DIP2": 63.553542, "DIP3": 55.673462, "DIP4": 54.532856, "DIRWEIGHT1": 0.00431, "DIRWEIGHT2": 0.103448, "DIRWEIGHT3": 0.112069, "DIRWEIGHT4": 0.780172, "FID_tras36": -1, "Shape_Leng": 409306.580289, "Shape_Area": 7601312337.29 }, "geometry": { "type": "Polygon", "coordinates": [ [ [ 23.839237000537491, 38.843208999206155, 0.0 ], [ 24.245341000635303, 38.504378000040923, 0.0 ], [ 24.24540325388449, 38.50443750638685, 0.0 ], [ 24.245483999852127, 38.504369999355269, 0.0 ], [ 23.304257591490465, 38.501524505209979, 0.0 ], [ 22.68208276023277, 39.003176917012503, 0.0 ], [ 23.638373000525799, 39.005746999620101, 0.0 ], [ 23.839237000537491, 38.843208999206155, 0.0 ] ] ] } },
{ "type": "Feature", "properties": { "FID_gras37": -1, "FID_mkas38": -1, "FID_alas99": -1, "FID_eshm13": 95, "OBJECTID_1": 25.0, "LONC": 22.269186, "LATC": 39.225, "IDAS": "GRAS386", "A": 3.11, "B": 0.8, "TECREG": "Active", "TECTONICS": "Active Shallow Crust", "SS": 20, "NF": 60, "TF": 20, "MINDEPTH": 0, "HYPODEPTH1": 2, "HYPODEPTH2": 10, "HYPODEPTH3": 18, "MAXDEPTH": 20, "WHDEPTH1": 0.1, "WHDEPTH2": 0.4, "WHDEPTH3": 0.5, "MAXMAG01": 7.5, "MAXMAG02": 7.7, "MAXMAG03": 7.9, "MAXMAG04": 8.1, "WMAXMAG01": 0.5, "WMAXMAG02": 0.2, "WMAXMAG03": 0.2, "WMAXMAG04": 0.1, "STRIKE1": 84.6065, "STRIKE2": 100.107471, "STRIKE3": 244.593526, "STRIKE4": 290.959553, "DIP1": 50.405675, "DIP2": 54.044265, "DIP3": 55.690421, "DIP4": 50.027298, "DIRWEIGHT1": 0.285714, "DIRWEIGHT2": 0.242857, "DIRWEIGHT3": 0.135714, "DIRWEIGHT4": 0.335714, "FID_tras36": -1, "Shape_Leng": 361587.31535400002, "Shape_Area": 6773908350.9499998 }, "geometry": { "type": "Polygon", "coordinates": [ [ [ 23.45013180079814, 39.200120248994146, 0.0 ], [ 23.449999999979635, 39.199999999884433, 0.0 ], [ 23.551122355281322, 39.095864932197273, 0.0 ], [ 23.574665999627204, 39.071537999543551, 0.0 ], [ 23.638373000525799, 39.005746999620101, 0.0 ], [ 22.68208276023277, 39.003176917012503, 0.0 ], [ 22.621271913437106, 39.003013484704425, 0.0 ], [ 22.350000000631841, 39.449999999898765, 0.0 ], [ 23.250000000506539, 39.449999999898765, 0.0 ], [ 23.45013180079814, 39.200120248994146, 0.0 ] ] ] } },
{ "type": "Feature", "properties": { "FID_gras37": -1, "FID_mkas38": -1, "FID_alas99": -1, "FID_eshm13": 96, "OBJECTID_1": 26.0, "LONC": 21.804684, "LATC": 40.475642, "IDAS": "GRAS387", "A": 3.15, "B": 0.85, "TECREG": "Active", "TECTONICS": "Active Shallow Crust", "SS": 20, "NF": 60, "TF": 20, "MINDEPTH": 0, "HYPODEPTH1": 2, "HYPODEPTH2": 10, "HYPODEPTH3": 18, "MAXDEPTH": 20, "WHDEPTH1": 0.1, "WHDEPTH2": 0.4, "WHDEPTH3": 0.5, "MAXMAG01": 7.5, "MAXMAG02": 7.7, "MAXMAG03": 7.9, "MAXMAG04": 8.1, "WMAXMAG01": 0.5, "WMAXMAG02": 0.2, "WMAXMAG03": 0.2, "WMAXMAG04": 0.1, "STRIKE1": 53.254556, "STRIKE2": 101.62625, "STRIKE3": 228.099333, "STRIKE4": 286.981, "DIP1": 53.563968, "DIP2": 51.35975, "DIP3": 51.852293, "DIP4": 48.603615, "DIRWEIGHT1": 0.328125, "DIRWEIGHT2": 0.020833, "DIRWEIGHT3": 0.515625, "DIRWEIGHT4": 0.135417, "FID_tras36": -1, "Shape_Leng": 553241.50122600002, "Shape_Area": 11290828441.299999 }, "geometry": { "type": "Polygon", "coordinates": [ [ [ 22.800000000120026, 39.900000000114687, 0.0 ], [ 20.899937000435717, 40.59995399952895, 0.0 ], [ 21.64993000080834, 41.051745999758467, 0.0 ], [ 22.800000000120026, 39.900000000114687, 0.0 ] ] ] } },
{ "type": "Feature", "properties": { "FID_gras37": -1, "FID_mkas38": -1, "FID_alas99": -1, "FID_eshm13": -1, "OBJECTID_1": 0.0, "LONC": 0.0, "LATC": 0.0, "IDAS": null, "A": 0.0, "B": 0.0, "TECREG": null, "TECTONICS": null, "SS": 0, "NF": 0, "TF": 0, "MINDEPTH": 0, "HYPODEPTH1": 0, "HYPODEPTH2": 0, "HYPODEPTH3": 0, "MAXDEPTH": 0, "WHDEPTH1": 0.0, "WHDEPTH2": 0.0, "WHDEPTH3": 0.0, "MAXMAG01": 0.0, "MAXMAG02": 0.0, "MAXMAG03": 0.0, "MAXMAG04": 0.0, "WMAXMAG01": 0.0, "WMAXMAG02": 0.0, "WMAXMAG03": 0.0, "WMAXMAG04": 0.0, "STRIKE1": 0.0, "STRIKE2": 0.0, "STRIKE3": 0.0, "STRIKE4": 0.0, "DIP1": 0.0, "DIP2": 0.0, "DIP3": 0.0, "DIP4": 0.0, "DIRWEIGHT1": 0.0, "DIRWEIGHT2": 0.0, "DIRWEIGHT3": 0.0, "DIRWEIGHT4": 0.0, "FID_tras36": 1, "Shape_Leng": 861100.91179399996, "Shape_Area": 18889793331.0 }, "geometry": { "type": "Polygon", "coordinates": [ [ [ 28.550152429299839, 38.233708402232679, 0.0 ], [ 28.556867999903623, 38.229322999977079, 0.0 ], [ 28.641122000107561, 38.157789999498, 0.0 ], [ 28.725375999413206, 38.086256999228787, 0.0 ], [ 28.679154499805794, 38.086659000555187, 0.0 ], [ 28.632933000198346, 38.087060999671124, 0.0 ], [ 27.931941000109955, 38.063462999650241, 0.0 ], [ 27.274005000061095, 38.002108999847295, 0.0 ], [ 27.113590000201281, 37.970541999711251, 0.0 ], [ 26.806874500007282, 37.910359000164298, 0.0 ], [ 26.499229999875674, 37.850091999825743, 0.0 ], [ 25.799615000336857, 37.850045999265937, 0.0 ], [ 25.099999999899676, 37.849999999386775, 0.0 ], [ 25.224414734474074, 37.997742497581847, 0.0 ], [ 25.348829469048439, 38.145484995076259, 0.0 ], [ 25.552839421287405, 38.38843925898977, 0.0 ], [ 28.550152429299839, 38.233708402232679, 0.0 ] ] ] } },
{ "type": "Feature", "properties": { "FID_gras37": -1, "FID_mkas38": -1, "FID_alas99": -1, "FID_eshm13": -1, "OBJECTID_1": 0.0, "LONC": 0.0, "LATC": 0.0, "IDAS": null, "A": 0.0, "B": 0.0, "TECREG": null, "TECTONICS": null, "SS": 0, "NF": 0, "TF": 0, "MINDEPTH": 0, "HYPODEPTH1": 0, "HYPODEPTH2": 0, "HYPODEPTH3": 0, "MAXDEPTH": 0, "WHDEPTH1": 0.0, "WHDEPTH2": 0.0, "WHDEPTH3": 0.0, "MAXMAG01": 0.0, "MAXMAG02": 0.0, "MAXMAG03": 0.0, "MAXMAG04": 0.0, "WMAXMAG01": 0.0, "WMAXMAG02": 0.0, "WMAXMAG03": 0.0, "WMAXMAG04": 0.0, "STRIKE1": 0.0, "STRIKE2": 0.0, "STRIKE3": 0.0, "STRIKE4": 0.0, "DIP1": 0.0, "DIP2": 0.0, "DIP3": 0.0, "DIP4": 0.0, "DIRWEIGHT1": 0.0, "DIRWEIGHT2": 0.0, "DIRWEIGHT3": 0.0, "DIRWEIGHT4": 0.0, "FID_tras36": 2, "Shape_Leng": 725399.37693899998, "Shape_Area": 12316072490.200001 }, "geometry": { "type": "Polygon", "coordinates": [ [ [ 27.359544999679709, 38.4265779992242, 0.0 ], [ 27.534382000471819, 38.390756999768463, 0.0 ], [ 27.623800000222523, 38.384665000231635, 0.0 ], [ 27.713217999973196, 38.37857300021242, 0.0 ], [ 28.00480199994206, 38.390756999768463, 0.0 ], [ 28.105885000051142, 38.384665000231635, 0.0 ], [ 28.206968000160224, 38.37857300021242, 0.0 ], [ 28.282778000186845, 38.360297499633148, 0.0 ], [ 28.358588000213466, 38.342021999846672, 0.0 ], [ 28.440232000156616, 38.305470999671982, 0.0 ], [ 28.498549999580952, 38.267396999989195, 0.0 ], [ 28.550152429299839, 38.233708402232679, 0.0 ], [ 25.552839421287405, 38.38843925898977, 0.0 ], [ 25.899999999588715, 38.799999999329344, 0.0 ], [ 26.327222999452381, 38.800714502530745, 0.0 ], [ 26.754445999316079, 38.801428999968209, 0.0 ], [ 26.820657000170232, 38.784333999599525, 0.0 ], [ 27.192485644956871, 38.537499536272804, 0.0 ], [ 27.359544999679709, 38.4265779992242, 0.0 ] ] ] } },
{ "type": "Feature", "properties": { "FID_gras37": 1, "FID_mkas38": -1, "FID_alas99": -1, "FID_eshm13": 21, "OBJECTID_1": 21.0, "LONC": 23.508196, "LATC": 36.75, "IDAS": "GRAS381", "A": 3.4, "B": 0.9, "TECREG": "Active", "TECTONICS": "Active Shallow Crust", "SS": 25, "NF": 50, "TF": 25, "MINDEPTH": 0, "HYPODEPTH1": 2, "HYPODEPTH2": 10, "HYPODEPTH3": 18, "MAXDEPTH": 20, "WHDEPTH1": 0.1, "WHDEPTH2": 0.4, "WHDEPTH3": 0.5, "MAXMAG01": 7.5, "MAXMAG02": 7.7, "MAXMAG03": 7.9, "MAXMAG04": 8.1, "WMAXMAG01": 0.5, "WMAXMAG02": 0.2, "WMAXMAG03": 0.2, "WMAXMAG04": 0.1, "STRIKE1": 50.786882, "STRIKE2": 116.653104, "STRIKE3": 248.04414, "STRIKE4": 318.021659, "DIP1": 54.111706, "DIP2": 52.67326, "DIP3": 56.645442, "DIP4": 55.237734, "DIRWEIGHT1": 0.051672, "DIRWEIGHT2": 0.291793, "DIRWEIGHT3": 0.130699, "DIRWEIGHT4": 0.525836, "FID_tras36": -1, "Shape_Leng": 146899.945366, "Shape_Area": 411505.97544900002 }, "geometry": { "type": "MultiPolygon", "coordinates": [ [ [ [ 22.749999999578026, 37.650000000630321, 0.0 ], [ 22.649999999392332, 37.737500000436121, 0.0 ], [ 22.650036333550634, 37.737519917446015, 0.0 ], [ 22.749999999578026, 37.650000000630321, 0.0 ] ] ], [ [ [ 23.12500000004983, 37.374999999935966, 0.0 ], [ 22.937499999364782, 37.512500000306737, 0.0 ], [ 22.749999999578026, 37.650000000630321, 0.0 ], [ 23.12500000004983, 37.374999999935966, 0.0 ] ] ] ] } },
{ "type": "Feature", "properties": { "FID_gras37": 1, "FID_mkas38": -1, "FID_alas99": -1, "FID_eshm13": 92, "OBJECTID_1": 81.0, "LONC": 21.925, "LATC": 38.25, "IDAS": "GRAS976", "A": 3.0588, "B": 0.745, "TECREG": "Active", "TECTONICS": "Active Shallow Crust", "SS": 25, "NF": 50, "TF": 25, "MINDEPTH": 0, "HYPODEPTH1": 2, "HYPODEPTH2": 10, "HYPODEPTH3": 18, "MAXDEPTH": 20, "WHDEPTH1": 0.1, "WHDEPTH2": 0.4, "WHDEPTH3": 0.5, "MAXMAG01": 7.5, "MAXMAG02": 7.7, "MAXMAG03": 7.9, "MAXMAG04": 8.1, "WMAXMAG01": 0.5, "WMAXMAG02": 0.2, "WMAXMAG03": 0.2, "WMAXMAG04": 0.1, "STRIKE1": 65.3675, "STRIKE2": 104.610411, "STRIKE3": 253.542529, "STRIKE4": 288.026209, "DIP1": 57.402604, "DIP2": 56.564422, "DIP3": 54.182569, "DIP4": 41.811018, "DIRWEIGHT1": 0.160535, "DIRWEIGHT2": 0.301003, "DIRWEIGHT3": 0.170569, "DIRWEIGHT4": 0.367893, "FID_tras36": -1, "Shape_Leng": 186426.195117, "Shape_Area": 1431934.3464899999 }, "geometry": { "type": "Polygon", "coordinates": [ [ [ 22.650036333550634, 37.737519917446015, 0.0 ], [ 22.650036315584323, 37.737519933074999, 0.0 ], [ 23.337934828722556, 38.114124343181906, 0.0 ], [ 23.245266539220964, 38.063391144612602, 0.0 ], [ 22.99396741450661, 37.925812172209248, 0.0 ], [ 22.650036333550634, 37.737519917446015, 0.0 ] ] ] } },
{ "type": "Feature", "properties": { "FID_gras37": -1, "FID_mkas38": 1, "FID_alas99": -1, "FID_eshm13": 27, "OBJECTID_1": 27.0, "LONC": 22.751336, "LATC": 40.350055, "IDAS": "GRAS388", "A": 4.1, "B": 1.0, "TECREG": "Active", "TECTONICS": "Active Shallow Crust", "SS": 40, "NF": 60, "TF": 0, "MINDEPTH": 0, "HYPODEPTH1": 2, "HYPODEPTH2": 10, "HYPODEPTH3": 18, "MAXDEPTH": 20, "WHDEPTH1": 0.1, "WHDEPTH2": 0.4, "WHDEPTH3": 0.5, "MAXMAG01": 7.5, "MAXMAG02": 7.7, "MAXMAG03": 7.9, "MAXMAG04": 8.1, "WMAXMAG01": 0.5, "WMAXMAG02": 0.2, "WMAXMAG03": 0.2, "WMAXMAG04": 0.1, "STRIKE1": 61.092551, "STRIKE2": 103.421609, "STRIKE3": 257.561813, "STRIKE4": 289.296625, "DIP1": 62.870592, "DIP2": 58.350739, "DIP3": 48.136687, "DIP4": 54.211857, "DIRWEIGHT1": 0.30625, "DIRWEIGHT2": 0.14375, "DIRWEIGHT3": 0.2, "DIRWEIGHT4": 0.35, "FID_tras36": -1, "Shape_Leng": 480249.28125300002, "Shape_Area": 33275987.860100001 }, "geometry": { "type": "Polygon", "coordinates": [ [ [ 23.999999998755253, 39.700000000395534, 0.0 ], [ 23.315030500093048, 40.335018999512251, 0.0 ], [ 22.63006100053251, 40.970037999548197, 0.0 ], [ 23.999999998755253, 39.700000000395534, 0.0 ] ] ] } },
{ "type": "Feature", "properties": { "FID_gras37": -1, "FID_mkas38": 1, "FID_alas99": -1, "FID_eshm13": 30, "OBJECTID_1": 30.0, "LONC": 24.101317, "LATC": 41.152678, "IDAS": "GRAS392", "A": 2.9, "B": 0.8, "TECREG": "Active", "TECTONICS": "Active Shallow Crust", "SS": 20, "NF": 60, "TF": 20, "MINDEPTH": 0, "HYPODEPTH1": 2, "HYPODEPTH2": 10, "HYPODEPTH3": 18, "MAXDEPTH": 20, "WHDEPTH1": 0.1, "WHDEPTH2": 0.4, "WHDEPTH3": 0.5, "MAXMAG01": 7.5, "MAXMAG02": 7.7, "MAXMAG03": 7.9, "MAXMAG04": 8.1, "WMAXMAG01": 0.5, "WMAXMAG02": 0.2, "WMAXMAG03": 0.2, "WMAXMAG04": 0.1, "STRIKE1": 84.976233, "STRIKE2": 105.520692, "STRIKE3": 260.5032, "STRIKE4": 0.0, "DIP1": 54.5166, "DIP2": 53.517354, "DIP3": 46.4521, "DIP4": 0.0, "DIRWEIGHT1": 0.285714, "DIRWEIGHT2": 0.619048, "DIRWEIGHT3": 0.095238, "DIRWEIGHT4": 0.0, "FID_tras36": -1, "Shape_Leng": 90593.682329699994, "Shape_Area": 2950.3442583599999 }, "geometry": { "type": "Polygon", "coordinates": [ [ [ 22.999269000022252, 41.199546000228366, 0.0 ], [ 23.001264999989708, 41.50499199984008, 0.0 ], [ 23.000266999556814, 41.352268999784734, 0.0 ], [ 22.999269000022252, 41.199546000228366, 0.0 ] ] ] } },
{ "type": "Feature", "properties": { "FID_gras37": -1, "FID_mkas38": 1, "FID_alas99": -1, "FID_eshm13": 85, "OBJECTID_1": 46.0, "LONC": 24.2, "LATC": 39.521604, "IDAS": "GAS357", "A": 3.9, "B": 1.0, "TECREG": "Active", "TECTONICS": "Active Shallow Crust", "SS": 40, "NF": 60, "TF": 0, "MINDEPTH": 0, "HYPODEPTH1": 2, "HYPODEPTH2": 10, "HYPODEPTH3": 18, "MAXDEPTH": 20, "WHDEPTH1": 0.1, "WHDEPTH2": 0.4, "WHDEPTH3": 0.5, "MAXMAG01": 8.0, "MAXMAG02": 8.2, "MAXMAG03": 8.4, "MAXMAG04": 8.6, "WMAXMAG01": 0.5, "WMAXMAG02": 0.2, "WMAXMAG03": 0.2, "WMAXMAG04": 0.1, "STRIKE1": 59.750273, "STRIKE2": 0.0, "STRIKE3": 221.52187, "STRIKE4": 304.452917, "DIP1": 71.687636, "DIP2": 0.0, "DIP3": 68.0383, "DIP4": 73.287958, "DIRWEIGHT1": 0.081481, "DIRWEIGHT2": 0.0, "DIRWEIGHT3": 0.740741, "DIRWEIGHT4": 0.177778, "FID_tras36": -1, "Shape_Leng": 182971.57658399999, "Shape_Area": 1846243.9223100001 }, "geometry": { "type": "Polygon", "coordinates": [ [ [ 23.999999998755253, 39.700000000395534, 0.0 ], [ 24.499999999683766, 40.199999999576811, 0.0 ], [ 24.249999999668674, 39.949999999509359, 0.0 ], [ 23.999999998755253, 39.700000000395534, 0.0 ] ] ] } },
{ "type": "Feature", "properties": { "FID_gras37": -1, "FID_mkas38": -1, "FID_alas99": -1, "FID_eshm13": 7, "OBJECTID_1": 7.0, "LONC": 24.441992, "LATC": 41.820509, "IDAS": "BGAS208", "A": 3.9, "B": 1.0, "TECREG": "Active", "TECTONICS": "Active Shallow Crust", "SS": 20, "NF": 60, "TF": 20, "MINDEPTH": 0, "HYPODEPTH1": 2, "HYPODEPTH2": 10, "HYPODEPTH3": 18, "MAXDEPTH": 20, "WHDEPTH1": 0.1, "WHDEPTH2": 0.4, "WHDEPTH3": 0.5, "MAXMAG01": 7.5, "MAXMAG02": 7.7, "MAXMAG03": 7.9, "MAXMAG04": 8.1, "WMAXMAG01": 0.5, "WMAXMAG02": 0.2, "WMAXMAG03": 0.2, "WMAXMAG04": 0.1, "STRIKE1": 79.33825, "STRIKE2": 107.218621, "STRIKE3": 229.734133, "STRIKE4": 303.919385, "DIP1": 57.634, "DIP2": 57.998, "DIP3": 55.7506, "DIP4": 55.537077, "DIRWEIGHT1": 0.045977, "DIRWEIGHT2": 0.333333, "DIRWEIGHT3": 0.172414, "DIRWEIGHT4": 0.448276, "FID_tras36": -1, "Shape_Leng": 48728.700369300001, "Shape_Area": 18248.437075400001 }, "geometry": { "type": "Polygon", "coordinates": [ [ [ 25.782972815874832, 41.321725086157336, 0.0 ], [ 25.989427681381539, 41.376273026994625, 0.0 ], [ 25.799815000353369, 41.326165999699768, 0.0 ], [ 25.782972815874832, 41.321725086157336, 0.0 ] ] ] } },
{ "type": "Feature", "properties": { "FID_gras37": -1, "FID_mkas38": -1, "FID_alas99": -1, "FID_eshm13": 45, "OBJECTID_1": 45.0, "LONC": 27.137088, "LATC": 41.628956, "IDAS": "TRAS356", "A": 3.2, "B": 0.9, "TECREG": "Active", "TECTONICS": "Active Shallow Crust", "SS": 50, "NF": 40, "TF": 10, "MINDEPTH": 0, "HYPODEPTH1": 2, "HYPODEPTH2": 10, "HYPODEPTH3": 18, "MAXDEPTH": 20, "WHDEPTH1": 0.1, "WHDEPTH2": 0.4, "WHDEPTH3": 0.5, "MAXMAG01": 7.5, "MAXMAG02": 7.7, "MAXMAG03": 7.9, "MAXMAG04": 8.1, "WMAXMAG01": 0.5, "WMAXMAG02": 0.2, "WMAXMAG03": 0.2, "WMAXMAG04": 0.1, "STRIKE1": 84.712585, "STRIKE2": 97.060473, "STRIKE3": 261.115432, "STRIKE4": 302.003022, "DIP1": 49.717098, "DIP2": 48.716291, "DIP3": 51.863, "DIP4": 51.574022, "DIRWEIGHT1": 0.22043, "DIRWEIGHT2": 0.295699, "DIRWEIGHT3": 0.236559, "DIRWEIGHT4": 0.247312, "FID_tras36": -1, "Shape_Leng": 48728.700369300001, "Shape_Area": 18248.437075400001 }, "geometry": { "type": "Polygon", "coordinates": [ [ [ 25.782972815874832, 41.321725086157336, 0.0 ], [ 25.989427681381539, 41.376273026994625, 0.0 ], [ 25.799815000353369, 41.326165999699768, 0.0 ], [ 25.782972815874832, 41.321725086157336, 0.0 ] ] ] } },
{ "type": "Feature", "properties": { "FID_gras37": -1, "FID_mkas38": -1, "FID_alas99": -1, "FID_eshm13": 7, "OBJECTID_1": 7.0, "LONC": 24.441992, "LATC": 41.820509, "IDAS": "BGAS208", "A": 3.9, "B": 1.0, "TECREG": "Active", "TECTONICS": "Active Shallow Crust", "SS": 20, "NF": 60, "TF": 20, "MINDEPTH": 0, "HYPODEPTH1": 2, "HYPODEPTH2": 10, "HYPODEPTH3": 18, "MAXDEPTH": 20, "WHDEPTH1": 0.1, "WHDEPTH2": 0.4, "WHDEPTH3": 0.5, "MAXMAG01": 7.5, "MAXMAG02": 7.7, "MAXMAG03": 7.9, "MAXMAG04": 8.1, "WMAXMAG01": 0.5, "WMAXMAG02": 0.2, "WMAXMAG03": 0.2, "WMAXMAG04": 0.1, "STRIKE1": 79.33825, "STRIKE2": 107.218621, "STRIKE3": 229.734133, "STRIKE4": 303.919385, "DIP1": 57.634, "DIP2": 57.998, "DIP3": 55.7506, "DIP4": 55.537077, "DIRWEIGHT1": 0.045977, "DIRWEIGHT2": 0.333333, "DIRWEIGHT3": 0.172414, "DIRWEIGHT4": 0.448276, "FID_tras36": -1, "Shape_Leng": 115593.96649599999, "Shape_Area": 557149.51320199994 }, "geometry": { "type": "Polygon", "coordinates": [ [ [ 25.700000000115622, 41.299842562530337, 0.0 ], [ 25.699940999666058, 41.299826999941345, 0.0 ], [ 25.348712999776893, 41.219634999928815, 0.0 ], [ 25.203364999308185, 41.186373999289849, 0.0 ], [ 25.203357649292538, 41.186381355351557, 0.0 ], [ 25.203595000360266, 41.186435999486264, 0.0 ], [ 25.700000000115622, 41.300000000247337, 0.0 ], [ 25.700000000115622, 41.299842562530337, 0.0 ] ] ] } },
{ "type": "Feature", "properties": { "FID_gras37": -1, "FID_mkas38": -1, "FID_alas99": -1, "FID_eshm13": 53, "OBJECTID_1": 53.0, "LONC": 24.615, "LATC": 40.75, "IDAS": "GRAS391", "A": 3.0, "B": 0.8, "TECREG": "Active", "TECTONICS": "Active Shallow Crust", "SS": 20, "NF": 60, "TF": 20, "MINDEPTH": 0, "HYPODEPTH1": 2, "HYPODEPTH2": 10, "HYPODEPTH3": 18, "MAXDEPTH": 20, "WHDEPTH1": 0.1, "WHDEPTH2": 0.4, "WHDEPTH3": 0.5, "MAXMAG01": 7.5, "MAXMAG02": 7.7, "MAXMAG03": 7.9, "MAXMAG04": 8.1, "WMAXMAG01": 0.5, "WMAXMAG02": 0.2, "WMAXMAG03": 0.2, "WMAXMAG04": 0.1, "STRIKE1": 64.924707, "STRIKE2": 104.175143, "STRIKE3": 0.0, "STRIKE4": 284.669167, "DIP1": 49.248537, "DIP2": 49.825214, "DIP3": 0.0, "DIP4": 48.237833, "DIRWEIGHT1": 0.630769, "DIRWEIGHT2": 0.323077, "DIRWEIGHT3": 0.0, "DIRWEIGHT4": 0.046154, "FID_tras36": -1, "Shape_Leng": 115593.96649599999, "Shape_Area": 557149.51320199994 }, "geometry": { "type": "Polygon", "coordinates": [ [ [ 25.700000000115622, 41.299842562530337, 0.0 ], [ 25.699940999666058, 41.299826999941345, 0.0 ], [ 25.348712999776893, 41.219634999928815, 0.0 ], [ 25.203364999308185, 41.186373999289849, 0.0 ], [ 25.203357649292538, 41.186381355351557, 0.0 ], [ 25.203595000360266, 41.186435999486264, 0.0 ], [ 25.700000000115622, 41.300000000247337, 0.0 ], [ 25.700000000115622, 41.299842562530337, 0.0 ] ] ] } },
{ "type": "Feature", "properties": { "FID_gras37": -1, "FID_mkas38": -1, "FID_alas99": -1, "FID_eshm13": 21, "OBJECTID_1": 21.0, "LONC": 23.508196, "LATC": 36.75, "IDAS": "GRAS381", "A": 3.4, "B": 0.9, "TECREG": "Active", "TECTONICS": "Active Shallow Crust", "SS": 25, "NF": 50, "TF": 25, "MINDEPTH": 0, "HYPODEPTH1": 2, "HYPODEPTH2": 10, "HYPODEPTH3": 18, "MAXDEPTH": 20, "WHDEPTH1": 0.1, "WHDEPTH2": 0.4, "WHDEPTH3": 0.5, "MAXMAG01": 7.5, "MAXMAG02": 7.7, "MAXMAG03": 7.9, "MAXMAG04": 8.1, "WMAXMAG01": 0.5, "WMAXMAG02": 0.2, "WMAXMAG03": 0.2, "WMAXMAG04": 0.1, "STRIKE1": 50.786882, "STRIKE2": 116.653104, "STRIKE3": 248.04414, "STRIKE4": 318.021659, "DIP1": 54.111706, "DIP2": 52.67326, "DIP3": 56.645442, "DIP4": 55.237734, "DIRWEIGHT1": 0.051672, "DIRWEIGHT2": 0.291793, "DIRWEIGHT3": 0.130699, "DIRWEIGHT4": 0.525836, "FID_tras36": -1, "Shape_Leng": 33220.2974732, "Shape_Area": 40528.424569199997 }, "geometry": { "type": "Polygon", "coordinates": [ [ [ 22.650036315584323, 37.737519933074999, 0.0 ], [ 22.649999999392332, 37.737500000436121, 0.0 ], [ 22.550000000104934, 37.82499999950916, 0.0 ], [ 22.650036315584323, 37.737519933074999, 0.0 ] ] ] } },
{ "type": "Feature", "properties": { "FID_gras37": -1, "FID_mkas38": -1, "FID_alas99": -1, "FID_eshm13": 92, "OBJECTID_1": 81.0, "LONC": 21.925, "LATC": 38.25, "IDAS": "GRAS976", "A": 3.0588, "B": 0.745, "TECREG": "Active", "TECTONICS": "Active Shallow Crust", "SS": 25, "NF": 50, "TF": 25, "MINDEPTH": 0, "HYPODEPTH1": 2, "HYPODEPTH2": 10, "HYPODEPTH3": 18, "MAXDEPTH": 20, "WHDEPTH1": 0.1, "WHDEPTH2": 0.4, "WHDEPTH3": 0.5, "MAXMAG01": 7.5, "MAXMAG02": 7.7, "MAXMAG03": 7.9, "MAXMAG04": 8.1, "WMAXMAG01": 0.5, "WMAXMAG02": 0.2, "WMAXMAG03": 0.2, "WMAXMAG04": 0.1, "STRIKE1": 65.3675, "STRIKE2": 104.610411, "STRIKE3": 253.542529, "STRIKE4": 288.026209, "DIP1": 57.402604, "DIP2": 56.564422, "DIP3": 54.182569, "DIP4": 41.811018, "DIRWEIGHT1": 0.160535, "DIRWEIGHT2": 0.301003, "DIRWEIGHT3": 0.170569, "DIRWEIGHT4": 0.367893, "FID_tras36": -1, "Shape_Leng": 33220.2974732, "Shape_Area": 40528.424569199997 }, "geometry": { "type": "Polygon", "coordinates": [ [ [ 22.650036315584323, 37.737519933074999, 0.0 ], [ 22.649999999392332, 37.737500000436121, 0.0 ], [ 22.550000000104934, 37.82499999950916, 0.0 ], [ 22.650036315584323, 37.737519933074999, 0.0 ] ] ] } },
{ "type": "Feature", "properties": { "FID_gras37": -1, "FID_mkas38": -1, "FID_alas99": -1, "FID_eshm13": 22, "OBJECTID_1": 22.0, "LONC": 23.634304, "LATC": 38.252185, "IDAS": "GRAS383", "A": 2.9, "B": 0.8, "TECREG": "Active", "TECTONICS": "Active Shallow Crust", "SS": 40, "NF": 60, "TF": 0, "MINDEPTH": 0, "HYPODEPTH1": 2, "HYPODEPTH2": 10, "HYPODEPTH3": 18, "MAXDEPTH": 20, "WHDEPTH1": 0.1, "WHDEPTH2": 0.4, "WHDEPTH3": 0.5, "MAXMAG01": 7.5, "MAXMAG02": 7.7, "MAXMAG03": 7.9, "MAXMAG04": 8.1, "WMAXMAG01": 0.5, "WMAXMAG02": 0.2, "WMAXMAG03": 0.2, "WMAXMAG04": 0.1, "STRIKE1": 77.235375, "STRIKE2": 119.308, "STRIKE3": 251.883667, "STRIKE4": 287.630462, "DIP1": 51.71425, "DIP2": 54.170111, "DIP3": 59.094333, "DIP4": 52.927026, "DIRWEIGHT1": 0.123077, "DIRWEIGHT2": 0.138462, "DIRWEIGHT3": 0.138462, "DIRWEIGHT4": 0.6, "FID_tras36": -1, "Shape_Leng": 112268.244509, "Shape_Area": 121.142998574 }, "geometry": { "type": "Polygon", "coordinates": [ [ [ 23.304257629219713, 38.501524474980336, 0.0 ], [ 22.800000000120026, 38.499999999023068, 0.0 ], [ 23.304257591490465, 38.501524505209979, 0.0 ], [ 23.304257629219713, 38.501524474980336, 0.0 ] ] ] } },
{ "type": "Feature", "properties": { "FID_gras37": -1, "FID_mkas38": -1, "FID_alas99": -1, "FID_eshm13": 23, "OBJECTID_1": 23.0, "LONC": 22.872742, "LATC": 38.752873, "IDAS": "GRAS384", "A": 3.8, "B": 0.95, "TECREG": "Active", "TECTONICS": "Active Shallow Crust", "SS": 40, "NF": 60, "TF": 0, "MINDEPTH": 0, "HYPODEPTH1": 2, "HYPODEPTH2": 10, "HYPODEPTH3": 18, "MAXDEPTH": 20, "WHDEPTH1": 0.1, "WHDEPTH2": 0.4, "WHDEPTH3": 0.5, "MAXMAG01": 7.5, "MAXMAG02": 7.7, "MAXMAG03": 7.9, "MAXMAG04": 8.1, "WMAXMAG01": 0.5, "WMAXMAG02": 0.2, "WMAXMAG03": 0.2, "WMAXMAG04": 0.1, "STRIKE1": 66.977, "STRIKE2": 127.892292, "STRIKE3": 249.710269, "STRIKE4": 289.799967, "DIP1": 55.438, "DIP2": 63.553542, "DIP3": 55.673462, "DIP4": 54.532856, "DIRWEIGHT1": 0.00431, "DIRWEIGHT2": 0.103448, "DIRWEIGHT3": 0.112069, "DIRWEIGHT4": 0.780172, "FID_tras36": -1, "Shape_Leng": 112268.244509, "Shape_Area": 121.142998574 }, "geometry": { "type": "Polygon", "coordinates": [ [ [ 23.304257629219713, 38.501524474980336, 0.0 ], [ 22.800000000120026, 38.499999999023068, 0.0 ], [ 23.304257591490465, 38.501524505209979, 0.0 ], [ 23.304257629219713, 38.501524474980336, 0.0 ] ] ] } },
{ "type": "Feature", "properties": { "FID_gras37": -1, "FID_mkas38": -1, "FID_alas99": -1, "FID_eshm13": 22, "OBJECTID_1": 22.0, "LONC": 23.634304, "LATC": 38.252185, "IDAS": "GRAS383", "A": 2.9, "B": 0.8, "TECREG": "Active", "TECTONICS": "Active Shallow Crust", "SS": 40, "NF": 60, "TF": 0, "MINDEPTH": 0, "HYPODEPTH1": 2, "HYPODEPTH2": 10, "HYPODEPTH3": 18, "MAXDEPTH": 20, "WHDEPTH1": 0.1, "WHDEPTH2": 0.4, "WHDEPTH3": 0.5, "MAXMAG01": 7.5, "MAXMAG02": 7.7, "MAXMAG03": 7.9, "MAXMAG04": 8.1, "WMAXMAG01": 0.5, "WMAXMAG02": 0.2, "WMAXMAG03": 0.2, "WMAXMAG04": 0.1, "STRIKE1": 77.235375, "STRIKE2": 119.308, "STRIKE3": 251.883667, "STRIKE4": 287.630462, "DIP1": 51.71425, "DIP2": 54.170111, "DIP3": 59.094333, "DIP4": 52.927026, "DIRWEIGHT1": 0.123077, "DIRWEIGHT2": 0.138462, "DIRWEIGHT3": 0.138462, "DIRWEIGHT4": 0.6, "FID_tras36": -1, "Shape_Leng": 209555.25447099999, "Shape_Area": 226.12052137200001 }, "geometry": { "type": "Polygon", "coordinates": [ [ [ 23.304257629219713, 38.501524474980336, 0.0 ], [ 23.304257591490465, 38.501524505209979, 0.0 ], [ 24.245483999852127, 38.504369999355269, 0.0 ], [ 23.304257629219713, 38.501524474980336, 0.0 ] ] ] } },
{ "type": "Feature", "properties": { "FID_gras37": -1, "FID_mkas38": -1, "FID_alas99": -1, "FID_eshm13": 94, "OBJECTID_1": 23.0, "LONC": 22.872742, "LATC": 38.752873, "IDAS": "GRAS384", "A": 3.8, "B": 0.95, "TECREG": "Active", "TECTONICS": "Active Shallow Crust", "SS": 40, "NF": 60, "TF": 0, "MINDEPTH": 0, "HYPODEPTH1": 2, "HYPODEPTH2": 10, "HYPODEPTH3": 18, "MAXDEPTH": 20, "WHDEPTH1": 0.1, "WHDEPTH2": 0.4, "WHDEPTH3": 0.5, "MAXMAG01": 7.5, "MAXMAG02": 7.7, "MAXMAG03": 7.9, "MAXMAG04": 8.1, "WMAXMAG01": 0.5, "WMAXMAG02": 0.2, "WMAXMAG03": 0.2, "WMAXMAG04": 0.1, "STRIKE1": 66.977, "STRIKE2": 127.892292, "STRIKE3": 249.710269, "STRIKE4": 289.799967, "DIP1": 55.438, "DIP2": 63.553542, "DIP3": 55.673462, "DIP4": 54.532856, "DIRWEIGHT1": 0.00431, "DIRWEIGHT2": 0.103448, "DIRWEIGHT3": 0.112069, "DIRWEIGHT4": 0.780172, "FID_tras36": -1, "Shape_Leng": 209555.25447099999, "Shape_Area": 226.12052137200001 }, "geometry": { "type": "Polygon", "coordinates": [ [ [ 23.304257629219713, 38.501524474980336, 0.0 ], [ 23.304257591490465, 38.501524505209979, 0.0 ], [ 24.245483999852127, 38.504369999355269, 0.0 ], [ 23.304257629219713, 38.501524474980336, 0.0 ] ] ] } },
{ "type": "Feature", "properties": { "FID_gras37": -1, "FID_mkas38": -1, "FID_alas99": -1, "FID_eshm13": 27, "OBJECTID_1": 27.0, "LONC": 22.751336, "LATC": 40.350055, "IDAS": "GRAS388", "A": 4.1, "B": 1.0, "TECREG": "Active", "TECTONICS": "Active Shallow Crust", "SS": 40, "NF": 60, "TF": 0, "MINDEPTH": 0, "HYPODEPTH1": 2, "HYPODEPTH2": 10, "HYPODEPTH3": 18, "MAXDEPTH": 20, "WHDEPTH1": 0.1, "WHDEPTH2": 0.4, "WHDEPTH3": 0.5, "MAXMAG01": 7.5, "MAXMAG02": 7.7, "MAXMAG03": 7.9, "MAXMAG04": 8.1, "WMAXMAG01": 0.5, "WMAXMAG02": 0.2, "WMAXMAG03": 0.2, "WMAXMAG04": 0.1, "STRIKE1": 61.092551, "STRIKE2": 103.421609, "STRIKE3": 257.561813, "STRIKE4": 289.296625, "DIP1": 62.870592, "DIP2": 58.350739, "DIP3": 48.136687, "DIP4": 54.211857, "DIRWEIGHT1": 0.30625, "DIRWEIGHT2": 0.14375, "DIRWEIGHT3": 0.2, "DIRWEIGHT4": 0.35, "FID_tras36": -1, "Shape_Leng": 189104.29796699999, "Shape_Area": 1895.5950121200001 }, "geometry": { "type": "Polygon", "coordinates": [ [ [ 23.45013200022413, 39.200119999774884, 0.0 ], [ 23.45013180079814, 39.200120248994146, 0.0 ], [ 23.999999998755253, 39.700000000395534, 0.0 ], [ 23.45013200022413, 39.200119999774884, 0.0 ] ] ] } },
{ "type": "Feature", "properties": { "FID_gras37": -1, "FID_mkas38": -1, "FID_alas99": -1, "FID_eshm13": 46, "OBJECTID_1": 46.0, "LONC": 24.2, "LATC": 39.521604, "IDAS": "GRAS357", "A": 3.9, "B": 1.0, "TECREG": "Active", "TECTONICS": "Active Shallow Crust", "SS": 40, "NF": 60, "TF": 0, "MINDEPTH": 0, "HYPODEPTH1": 2, "HYPODEPTH2": 10, "HYPODEPTH3": 18, "MAXDEPTH": 20, "WHDEPTH1": 0.1, "WHDEPTH2": 0.4, "WHDEPTH3": 0.5, "MAXMAG01": 8.0, "MAXMAG02": 8.2, "MAXMAG03": 8.4, "MAXMAG04": 8.6, "WMAXMAG01": 0.5, "WMAXMAG02": 0.2, "WMAXMAG03": 0.2, "WMAXMAG04": 0.1, "STRIKE1": 59.750273, "STRIKE2": 0.0, "STRIKE3": 221.52187, "STRIKE4": 304.452917, "DIP1": 71.687636, "DIP2": 0.0, "DIP3": 68.0383, "DIP4": 73.287958, "DIRWEIGHT1": 0.081481, "DIRWEIGHT2": 0.0, "DIRWEIGHT3": 0.740741, "DIRWEIGHT4": 0.177778, "FID_tras36": -1, "Shape_Leng": 189104.29796699999, "Shape_Area": 1895.5950121200001 }, "geometry": { "type": "Polygon", "coordinates": [ [ [ 23.45013200022413, 39.200119999774884, 0.0 ], [ 23.45013180079814, 39.200120248994146, 0.0 ], [ 23.999999998755253, 39.700000000395534, 0.0 ], [ 23.45013200022413, 39.200119999774884, 0.0 ] ] ] } },
{ "type": "Feature", "properties": { "FID_gras37": -1, "FID_mkas38": -1, "FID_alas99": -1, "FID_eshm13": 30, "OBJECTID_1": 30.0, "LONC": 24.101317, "LATC": 41.152678, "IDAS": "GRAS392", "A": 2.9, "B": 0.8, "TECREG": "Active", "TECTONICS": "Active Shallow Crust", "SS": 20, "NF": 60, "TF": 20, "MINDEPTH": 0, "HYPODEPTH1": 2, "HYPODEPTH2": 10, "HYPODEPTH3": 18, "MAXDEPTH": 20, "WHDEPTH1": 0.1, "WHDEPTH2": 0.4, "WHDEPTH3": 0.5, "MAXMAG01": 7.5, "MAXMAG02": 7.7, "MAXMAG03": 7.9, "MAXMAG04": 8.1, "WMAXMAG01": 0.5, "WMAXMAG02": 0.2, "WMAXMAG03": 0.2, "WMAXMAG04": 0.1, "STRIKE1": 84.976233, "STRIKE2": 105.520692, "STRIKE3": 260.5032, "STRIKE4": 0.0, "DIP1": 54.5166, "DIP2": 53.517354, "DIP3": 46.4521, "DIP4": 0.0, "DIRWEIGHT1": 0.285714, "DIRWEIGHT2": 0.619048, "DIRWEIGHT3": 0.095238, "DIRWEIGHT4": 0.0, "FID_tras36": -1, "Shape_Leng": 389599.53043099999, "Shape_Area": 124656.96367899999 }, "geometry": { "type": "Polygon", "coordinates": [ [ [ 25.203364999308185, 41.186373999289849, 0.0 ], [ 23.530000000307876, 40.800000000200328, 0.0 ], [ 25.203357649292538, 41.186381355351557, 0.0 ], [ 25.203364999308185, 41.186373999289849, 0.0 ] ] ] } },
{ "type": "Feature", "properties": { "FID_gras37": -1, "FID_mkas38": -1, "FID_alas99": -1, "FID_eshm13": 53, "OBJECTID_1": 53.0, "LONC": 24.615, "LATC": 40.75, "IDAS": "GRAS391", "A": 3.0, "B": 0.8, "TECREG": "Active", "TECTONICS": "Active Shallow Crust", "SS": 20, "NF": 60, "TF": 20, "MINDEPTH": 0, "HYPODEPTH1": 2, "HYPODEPTH2": 10, "HYPODEPTH3": 18, "MAXDEPTH": 20, "WHDEPTH1": 0.1, "WHDEPTH2": 0.4, "WHDEPTH3": 0.5, "MAXMAG01": 7.5, "MAXMAG02": 7.7, "MAXMAG03": 7.9, "MAXMAG04": 8.1, "WMAXMAG01": 0.5, "WMAXMAG02": 0.2, "WMAXMAG03": 0.2, "WMAXMAG04": 0.1, "STRIKE1": 64.924707, "STRIKE2": 104.175143, "STRIKE3": 0.0, "STRIKE4": 284.669167, "DIP1": 49.248537, "DIP2": 49.825214, "DIP3": 0.0, "DIP4": 48.237833, "DIRWEIGHT1": 0.630769, "DIRWEIGHT2": 0.323077, "DIRWEIGHT3": 0.0, "DIRWEIGHT4": 0.046154, "FID_tras36": -1, "Shape_Leng": 389599.53043099999, "Shape_Area": 124656.96367899999 }, "geometry": { "type": "Polygon", "coordinates": [ [ [ 25.203364999308185, 41.186373999289849, 0.0 ], [ 23.530000000307876, 40.800000000200328, 0.0 ], [ 25.203357649292538, 41.186381355351557, 0.0 ], [ 25.203364999308185, 41.186373999289849, 0.0 ] ] ] } },
{ "type": "Feature", "properties": { "FID_gras37": -1, "FID_mkas38": -1, "FID_alas99": -1, "FID_eshm13": 31, "OBJECTID_1": 31.0, "LONC": 23.050832, "LATC": 35.125059, "IDAS": "GRAS400", "A": 4.1, "B": 1.0, "TECREG": "Active", "TECTONICS": "Active Shallow Crust", "SS": 35, "NF": 15, "TF": 50, "MINDEPTH": 0, "HYPODEPTH1": 2, "HYPODEPTH2": 10, "HYPODEPTH3": 18, "MAXDEPTH": 50, "WHDEPTH1": 0.1, "WHDEPTH2": 0.4, "WHDEPTH3": 0.5, "MAXMAG01": 7.1, "MAXMAG02": 7.7, "MAXMAG03": 7.9, "MAXMAG04": 8.1, "WMAXMAG01": 0.5, "WMAXMAG02": 0.2, "WMAXMAG03": 0.2, "WMAXMAG04": 0.1, "STRIKE1": 0.0, "STRIKE2": 0.0, "STRIKE3": 0.0, "STRIKE4": 0.0, "DIP1": 0.0, "DIP2": 0.0, "DIP3": 0.0, "DIP4": 0.0, "DIRWEIGHT1": 0.0, "DIRWEIGHT2": 0.0, "DIRWEIGHT3": 0.0, "DIRWEIGHT4": 0.0, "FID_tras36": -1, "Shape_Leng": 458624.633447, "Shape_Area": 47019993.361299999 }, "geometry": { "type": "Polygon", "coordinates": [ [ [ 23.298022288983656, 34.537691207073152, 0.0 ], [ 23.296801556665965, 34.536332006996702, 0.0 ], [ 23.296801387782711, 34.536331796836052, 0.0 ], [ 22.563522000513586, 35.026139999277788, 0.0 ], [ 21.701664000478644, 35.601835999521988, 0.0 ], [ 21.701664531382995, 35.601836296796428, 0.0 ], [ 23.298022288983656, 34.537691207073152, 0.0 ] ] ] } },
{ "type": "Feature", "properties": { "FID_gras37": -1, "FID_mkas38": -1, "FID_alas99": -1, "FID_eshm13": 74, "OBJECTID_1": 74.0, "LONC": 29.184246, "LATC": 35.522617, "IDAS": "GRAS421", "A": 5.0, "B": 1.1, "TECREG": "Active", "TECTONICS": "Active Shallow Crust", "SS": 50, "NF": 0, "TF": 50, "MINDEPTH": 0, "HYPODEPTH1": 2, "HYPODEPTH2": 10, "HYPODEPTH3": 18, "MAXDEPTH": 20, "WHDEPTH1": 0.1, "WHDEPTH2": 0.4, "WHDEPTH3": 0.5, "MAXMAG01": 7.5, "MAXMAG02": 7.7, "MAXMAG03": 7.9, "MAXMAG04": 8.1, "WMAXMAG01": 0.5, "WMAXMAG02": 0.2, "WMAXMAG03": 0.2, "WMAXMAG04": 0.1, "STRIKE1": 37.712643, "STRIKE2": 0.0, "STRIKE3": 213.242, "STRIKE4": 319.103575, "DIP1": 57.636357, "DIP2": 0.0, "DIP3": 75.689, "DIP4": 22.091487, "DIRWEIGHT1": 0.109375, "DIRWEIGHT2": 0.0, "DIRWEIGHT3": 0.007812, "DIRWEIGHT4": 0.882812, "FID_tras36": -1, "Shape_Leng": 458624.633447, "Shape_Area": 47019993.361299999 }, "geometry": { "type": "Polygon", "coordinates": [ [ [ 23.298022288983656, 34.537691207073152, 0.0 ], [ 23.296801556665965, 34.536332006996702, 0.0 ], [ 23.296801387782711, 34.536331796836052, 0.0 ], [ 22.563522000513586, 35.026139999277788, 0.0 ], [ 21.701664000478644, 35.601835999521988, 0.0 ], [ 21.701664531382995, 35.601836296796428, 0.0 ], [ 23.298022288983656, 34.537691207073152, 0.0 ] ] ] } },
{ "type": "Feature", "properties": { "FID_gras37": -1, "FID_mkas38": -1, "FID_alas99": -1, "FID_eshm13": 33, "OBJECTID_1": 33.0, "LONC": 28.522454, "LATC": 40.054961, "IDAS": "TRAS334", "A": 4.5, "B": 1.0, "TECREG": "Active", "TECTONICS": "Active Shallow Crust", "SS": 60, "NF": 25, "TF": 15, "MINDEPTH": 0, "HYPODEPTH1": 2, "HYPODEPTH2": 10, "HYPODEPTH3": 18, "MAXDEPTH": 20, "WHDEPTH1": 0.1, "WHDEPTH2": 0.4, "WHDEPTH3": 0.5, "MAXMAG01": 8.0, "MAXMAG02": 8.2, "MAXMAG03": 8.4, "MAXMAG04": 8.6, "WMAXMAG01": 0.5, "WMAXMAG02": 0.2, "WMAXMAG03": 0.2, "WMAXMAG04": 0.1, "STRIKE1": 65.667436, "STRIKE2": 100.3537, "STRIKE3": 247.266829, "STRIKE4": 277.671538, "DIP1": 78.738084, "DIP2": 75.924986, "DIP3": 80.04585, "DIP4": 52.032474, "DIRWEIGHT1": 0.410468, "DIRWEIGHT2": 0.096419, "DIRWEIGHT3": 0.257576, "DIRWEIGHT4": 0.235537, "FID_tras36": -1, "Shape_Leng": 127133.327278, "Shape_Area": 902207.483106 }, "geometry": { "type": "Polygon", "coordinates": [ [ [ 25.939158999229608, 39.531803999507119, 0.0 ], [ 26.247361000114743, 39.54273399946608, 0.0 ], [ 26.501288000665735, 39.593947999248776, 0.0 ], [ 26.247403999772438, 39.542538999610002, 0.0 ], [ 25.939158999229608, 39.531803999507119, 0.0 ] ] ] } },
{ "type": "Feature", "properties": { "FID_gras37": -1, "FID_mkas38": -1, "FID_alas99": -1, "FID_eshm13": 56, "OBJECTID_1": 56.0, "LONC": 26.15883, "LATC": 39.259191, "IDAS": "TRAS395", "A": 3.6, "B": 0.85, "TECREG": "Active", "TECTONICS": "Active Shallow Crust", "SS": 50, "NF": 40, "TF": 10, "MINDEPTH": 0, "HYPODEPTH1": 2, "HYPODEPTH2": 10, "HYPODEPTH3": 18, "MAXDEPTH": 20, "WHDEPTH1": 0.1, "WHDEPTH2": 0.4, "WHDEPTH3": 0.5, "MAXMAG01": 7.1, "MAXMAG02": 7.3, "MAXMAG03": 7.5, "MAXMAG04": 7.7, "WMAXMAG01": 0.5, "WMAXMAG02": 0.2, "WMAXMAG03": 0.2, "WMAXMAG04": 0.1, "STRIKE1": 66.2715, "STRIKE2": 127.218923, "STRIKE3": 214.011727, "STRIKE4": 325.163267, "DIP1": 64.191821, "DIP2": 58.804769, "DIP3": 75.855242, "DIP4": 80.260867, "DIRWEIGHT1": 0.654206, "DIRWEIGHT2": 0.121495, "DIRWEIGHT3": 0.154206, "DIRWEIGHT4": 0.070093, "FID_tras36": -1, "Shape_Leng": 127133.327278, "Shape_Area": 902207.483106 }, "geometry": { "type": "Polygon", "coordinates": [ [ [ 25.939158999229608, 39.531803999507119, 0.0 ], [ 26.247361000114743, 39.54273399946608, 0.0 ], [ 26.501288000665735, 39.593947999248776, 0.0 ], [ 26.247403999772438, 39.542538999610002, 0.0 ], [ 25.939158999229608, 39.531803999507119, 0.0 ] ] ] } },
{ "type": "Feature", "properties": { "FID_gras37": -1, "FID_mkas38": -1, "FID_alas99": -1, "FID_eshm13": 33, "OBJECTID_1": 33.0, "LONC": 28.522454, "LATC": 40.054961, "IDAS": "TRAS334", "A": 4.5, "B": 1.0, "TECREG": "Active", "TECTONICS": "Active Shallow Crust", "SS": 60, "NF": 25, "TF": 15, "MINDEPTH": 0, "HYPODEPTH1": 2, "HYPODEPTH2": 10, "HYPODEPTH3": 18, "MAXDEPTH": 20, "WHDEPTH1": 0.1, "WHDEPTH2": 0.4, "WHDEPTH3": 0.5, "MAXMAG01": 8.0, "MAXMAG02": 8.2, "MAXMAG03": 8.4, "MAXMAG04": 8.6, "WMAXMAG01": 0.5, "WMAXMAG02": 0.2, "WMAXMAG03": 0.2, "WMAXMAG04": 0.1, "STRIKE1": 65.667436, "STRIKE2": 100.3537, "STRIKE3": 247.266829, "STRIKE4": 277.671538, "DIP1": 78.738084, "DIP2": 75.924986, "DIP3": 80.04585, "DIP4": 52.032474, "DIRWEIGHT1": 0.410468, "DIRWEIGHT2": 0.096419, "DIRWEIGHT3": 0.257576, "DIRWEIGHT4": 0.235537, "FID_tras36": -1, "Shape_Leng": 324475.31548400002, "Shape_Area": 297852.28591799998 }, "geometry": { "type": "Polygon", "coordinates": [ [ [ 30.153672113300999, 40.578097868084356, 0.0 ], [ 29.869597999462965, 40.574030000085408, 0.0 ], [ 28.696376999534593, 40.565060999815351, 0.0 ], [ 29.867342000102827, 40.574030000085408, 0.0 ], [ 30.153342999326995, 40.578117999684082, 0.0 ], [ 30.153672113300999, 40.578097868084356, 0.0 ] ] ] } },
{ "type": "Feature", "properties": { "FID_gras37": -1, "FID_mkas38": -1, "FID_alas99": -1, "FID_eshm13": 57, "OBJECTID_1": 57.0, "LONC": 28.950676, "LATC": 40.612115, "IDAS": "TRAS396", "A": 3.3, "B": 0.74, "TECREG": "Active", "TECTONICS": "Active Shallow Crust", "SS": 50, "NF": 35, "TF": 15, "MINDEPTH": 0, "HYPODEPTH1": 2, "HYPODEPTH2": 10, "HYPODEPTH3": 18, "MAXDEPTH": 20, "WHDEPTH1": 0.1, "WHDEPTH2": 0.4, "WHDEPTH3": 0.5, "MAXMAG01": 8.0, "MAXMAG02": 8.2, "MAXMAG03": 8.4, "MAXMAG04": 8.6, "WMAXMAG01": 0.5, "WMAXMAG02": 0.2, "WMAXMAG03": 0.2, "WMAXMAG04": 0.1, "STRIKE1": 71.869126, "STRIKE2": 113.238061, "STRIKE3": 258.789418, "STRIKE4": 282.887611, "DIP1": 62.746749, "DIP2": 61.219439, "DIP3": 75.938068, "DIP4": 78.398556, "DIRWEIGHT1": 0.361426, "DIRWEIGHT2": 0.106969, "DIRWEIGHT3": 0.356564, "DIRWEIGHT4": 0.175041, "FID_tras36": -1, "Shape_Leng": 324475.31548400002, "Shape_Area": 297852.28591799998 }, "geometry": { "type": "Polygon", "coordinates": [ [ [ 30.153672113300999, 40.578097868084356, 0.0 ], [ 29.869597999462965, 40.574030000085408, 0.0 ], [ 28.696376999534593, 40.565060999815351, 0.0 ], [ 29.867342000102827, 40.574030000085408, 0.0 ], [ 30.153342999326995, 40.578117999684082, 0.0 ], [ 30.153672113300999, 40.578097868084356, 0.0 ] ] ] } },
{ "type": "Feature", "properties": { "FID_gras37": -1, "FID_mkas38": -1, "FID_alas99": -1, "FID_eshm13": 35, "OBJECTID_1": 35.0, "LONC": 30.354782, "LATC": 39.307624, "IDAS": "TRAS336", "A": 4.0, "B": 1.03, "TECREG": "Active", "TECTONICS": "Active Shallow Crust", "SS": 40, "NF": 50, "TF": 10, "MINDEPTH": 0, "HYPODEPTH1": 2, "HYPODEPTH2": 10, "HYPODEPTH3": 18, "MAXDEPTH": 20, "WHDEPTH1": 0.1, "WHDEPTH2": 0.4, "WHDEPTH3": 0.5, "MAXMAG01": 7.5, "MAXMAG02": 7.7, "MAXMAG03": 7.9, "MAXMAG04": 8.1, "WMAXMAG01": 0.5, "WMAXMAG02": 0.2, "WMAXMAG03": 0.2, "WMAXMAG04": 0.1, "STRIKE1": 32.0485, "STRIKE2": 150.114, "STRIKE3": 231.571429, "STRIKE4": 305.283655, "DIP1": 50.655167, "DIP2": 50.747, "DIP3": 67.562429, "DIP4": 60.265473, "DIRWEIGHT1": 0.086957, "DIRWEIGHT2": 0.014493, "DIRWEIGHT3": 0.101449, "DIRWEIGHT4": 0.797101, "FID_tras36": -1, "Shape_Leng": 150818.83678000001, "Shape_Area": 528793.04828800005 }, "geometry": { "type": "Polygon", "coordinates": [ [ [ 29.217583000267656, 39.401265999935525, 0.0 ], [ 29.632931871076455, 39.813471977775357, 0.0 ], [ 29.633052999909381, 39.813433999445436, 0.0 ], [ 29.217583000267656, 39.401265999935525, 0.0 ] ] ] } },
{ "type": "Feature", "properties": { "FID_gras37": -1, "FID_mkas38": -1, "FID_alas99": -1, "FID_eshm13": 70, "OBJECTID_1": 70.0, "LONC": 28.321387, "LATC": 39.588553, "IDAS": "TRAS415", "A": 3.4, "B": 0.86, "TECREG": "Active", "TECTONICS": "Active Shallow Crust", "SS": 50, "NF": 40, "TF": 10, "MINDEPTH": 0, "HYPODEPTH1": 2, "HYPODEPTH2": 10, "HYPODEPTH3": 18, "MAXDEPTH": 20, "WHDEPTH1": 0.1, "WHDEPTH2": 0.4, "WHDEPTH3": 0.5, "MAXMAG01": 7.1, "MAXMAG02": 7.3, "MAXMAG03": 7.5, "MAXMAG04": 7.7, "WMAXMAG01": 0.5, "WMAXMAG02": 0.2, "WMAXMAG03": 0.2, "WMAXMAG04": 0.1, "STRIKE1": 57.637135, "STRIKE2": 0.0, "STRIKE3": 229.479154, "STRIKE4": 280.37825, "DIP1": 76.897568, "DIP2": 0.0, "DIP3": 70.162654, "DIP4": 64.138167, "DIRWEIGHT1": 0.300813, "DIRWEIGHT2": 0.0, "DIRWEIGHT3": 0.211382, "DIRWEIGHT4": 0.487805, "FID_tras36": -1, "Shape_Leng": 150818.83678000001, "Shape_Area": 528793.04828800005 }, "geometry": { "type": "Polygon", "coordinates": [ [ [ 29.217583000267656, 39.401265999935525, 0.0 ], [ 29.632931871076455, 39.813471977775357, 0.0 ], [ 29.633052999909381, 39.813433999445436, 0.0 ], [ 29.217583000267656, 39.401265999935525, 0.0 ] ] ] } },
{ "type": "Feature", "properties": { "FID_gras37": -1, "FID_mkas38": -1, "FID_alas99": -1, "FID_eshm13": 36, "OBJECTID_1": 36.0, "LONC": 27.539141, "LATC": 39.053559, "IDAS": "TRAS337", "A": 4.0, "B": 1.0, "TECREG": "Active", "TECTONICS": "Active Shallow Crust", "SS": 50, "NF": 30, "TF": 20, "MINDEPTH": 0, "HYPODEPTH1": 2, "HYPODEPTH2": 10, "HYPODEPTH3": 18, "MAXDEPTH": 20, "WHDEPTH1": 0.1, "WHDEPTH2": 0.4, "WHDEPTH3": 0.5, "MAXMAG01": 7.1, "MAXMAG02": 7.3, "MAXMAG03": 7.5, "MAXMAG04": 7.7, "WMAXMAG01": 0.5, "WMAXMAG02": 0.2, "WMAXMAG03": 0.2, "WMAXMAG04": 0.1, "STRIKE1": 30.419048, "STRIKE2": 140.936, "STRIKE3": 222.644186, "STRIKE4": 286.409381, "DIP1": 82.142857, "DIP2": 79.688724, "DIP3": 73.042323, "DIP4": 70.201071, "DIRWEIGHT1": 0.153285, "DIRWEIGHT2": 0.105839, "DIRWEIGHT3": 0.587591, "DIRWEIGHT4": 0.153285, "FID_tras36": -1, "Shape_Leng": 135464.53167200001, "Shape_Area": 1996764.3877600001 }, "geometry": { "type": "Polygon", "coordinates": [ [ [ 27.677814188188609, 38.831392374081119, 0.0 ], [ 27.677647000036146, 38.831180999506074, 0.0 ], [ 27.678026650533091, 38.83112414616938, 0.0 ], [ 27.359544999679709, 38.4265779992242, 0.0 ], [ 27.677636999990387, 38.831418999408051, 0.0 ], [ 27.677814188188609, 38.831392374081119, 0.0 ] ] ] } },
{ "type": "Feature", "properties": { "FID_gras37": -1, "FID_mkas38": -1, "FID_alas99": -1, "FID_eshm13": 38, "OBJECTID_1": 38.0, "LONC": 28.645346, "LATC": 38.231119, "IDAS": "TRAS339", "A": 4.0, "B": 0.9, "TECREG": "Active", "TECTONICS": "Active Shallow Crust", "SS": 20, "NF": 75, "TF": 5, "MINDEPTH": 0, "HYPODEPTH1": 2, "HYPODEPTH2": 10, "HYPODEPTH3": 18, "MAXDEPTH": 20, "WHDEPTH1": 0.1, "WHDEPTH2": 0.4, "WHDEPTH3": 0.5, "MAXMAG01": 7.1, "MAXMAG02": 7.3, "MAXMAG03": 7.5, "MAXMAG04": 7.7, "WMAXMAG01": 0.5, "WMAXMAG02": 0.2, "WMAXMAG03": 0.2, "WMAXMAG04": 0.1, "STRIKE1": 59.418345, "STRIKE2": 119.574317, "STRIKE3": 237.209864, "STRIKE4": 294.876788, "DIP1": 50.260793, "DIP2": 50.561829, "DIP3": 53.882833, "DIP4": 53.53303, "DIRWEIGHT1": 0.105072, "DIRWEIGHT2": 0.297101, "DIRWEIGHT3": 0.23913, "DIRWEIGHT4": 0.358696, "FID_tras36": -1, "Shape_Leng": 135464.53167200001, "Shape_Area": 1996764.3877600001 }, "geometry": { "type": "Polygon", "coordinates": [ [ [ 27.677814188188609, 38.831392374081119, 0.0 ], [ 27.677647000036146, 38.831180999506074, 0.0 ], [ 27.678026650533091, 38.83112414616938, 0.0 ], [ 27.359544999679709, 38.4265779992242, 0.0 ], [ 27.677636999990387, 38.831418999408051, 0.0 ], [ 27.677814188188609, 38.831392374081119, 0.0 ] ] ] } },
{ "type": "Feature", "properties": { "FID_gras37": -1, "FID_mkas38": -1, "FID_alas99": -1, "FID_eshm13": 36, "OBJECTID_1": 36.0, "LONC": 27.539141, "LATC": 39.053559, "IDAS": "TRAS337", "A": 4.0, "B": 1.0, "TECREG": "Active", "TECTONICS": "Active Shallow Crust", "SS": 50, "NF": 30, "TF": 20, "MINDEPTH": 0, "HYPODEPTH1": 2, "HYPODEPTH2": 10, "HYPODEPTH3": 18, "MAXDEPTH": 20, "WHDEPTH1": 0.1, "WHDEPTH2": 0.4, "WHDEPTH3": 0.5, "MAXMAG01": 7.1, "MAXMAG02": 7.3, "MAXMAG03": 7.5, "MAXMAG04": 7.7, "WMAXMAG01": 0.5, "WMAXMAG02": 0.2, "WMAXMAG03": 0.2, "WMAXMAG04": 0.1, "STRIKE1": 30.419048, "STRIKE2": 140.936, "STRIKE3": 222.644186, "STRIKE4": 286.409381, "DIP1": 82.142857, "DIP2": 79.688724, "DIP3": 73.042323, "DIP4": 70.201071, "DIRWEIGHT1": 0.153285, "DIRWEIGHT2": 0.105839, "DIRWEIGHT3": 0.587591, "DIRWEIGHT4": 0.153285, "FID_tras36": -1, "Shape_Leng": 105202.14691, "Shape_Area": 573133.844361 }, "geometry": { "type": "Polygon", "coordinates": [ [ [ 26.754445999316079, 38.801428999968209, 0.0 ], [ 27.009719136100102, 39.11061474564098, 0.0 ], [ 27.009717000804667, 39.110330999745038, 0.0 ], [ 26.754445999316079, 38.801428999968209, 0.0 ] ] ] } },
{ "type": "Feature", "properties": { "FID_gras37": -1, "FID_mkas38": -1, "FID_alas99": -1, "FID_eshm13": 56, "OBJECTID_1": 56.0, "LONC": 26.15883, "LATC": 39.259191, "IDAS": "TRAS395", "A": 3.6, "B": 0.85, "TECREG": "Active", "TECTONICS": "Active Shallow Crust", "SS": 50, "NF": 40, "TF": 10, "MINDEPTH": 0, "HYPODEPTH1": 2, "HYPODEPTH2": 10, "HYPODEPTH3": 18, "MAXDEPTH": 20, "WHDEPTH1": 0.1, "WHDEPTH2": 0.4, "WHDEPTH3": 0.5, "MAXMAG01": 7.1, "MAXMAG02": 7.3, "MAXMAG03": 7.5, "MAXMAG04": 7.7, "WMAXMAG01": 0.5, "WMAXMAG02": 0.2, "WMAXMAG03": 0.2, "WMAXMAG04": 0.1, "STRIKE1": 66.2715, "STRIKE2": 127.218923, "STRIKE3": 214.011727, "STRIKE4": 325.163267, "DIP1": 64.191821, "DIP2": 58.804769, "DIP3": 75.855242, "DIP4": 80.260867, "DIRWEIGHT1": 0.654206, "DIRWEIGHT2": 0.121495, "DIRWEIGHT3": 0.154206, "DIRWEIGHT4": 0.070093, "FID_tras36": -1, "Shape_Leng": 105202.14691, "Shape_Area": 573133.844361 }, "geometry": { "type": "Polygon", "coordinates": [ [ [ 26.754445999316079, 38.801428999968209, 0.0 ], [ 27.009719136100102, 39.11061474564098, 0.0 ], [ 27.009717000804667, 39.110330999745038, 0.0 ], [ 26.754445999316079, 38.801428999968209, 0.0 ] ] ] } },
{ "type": "Feature", "properties": { "FID_gras37": -1, "FID_mkas38": -1, "FID_alas99": -1, "FID_eshm13": 36, "OBJECTID_1": 36.0, "LONC": 27.539141, "LATC": 39.053559, "IDAS": "TRAS337", "A": 4.0, "B": 1.0, "TECREG": "Active", "TECTONICS": "Active Shallow Crust", "SS": 50, "NF": 30, "TF": 20, "MINDEPTH": 0, "HYPODEPTH1": 2, "HYPODEPTH2": 10, "HYPODEPTH3": 18, "MAXDEPTH": 20, "WHDEPTH1": 0.1, "WHDEPTH2": 0.4, "WHDEPTH3": 0.5, "MAXMAG01": 7.1, "MAXMAG02": 7.3, "MAXMAG03": 7.5, "MAXMAG04": 7.7, "WMAXMAG01": 0.5, "WMAXMAG02": 0.2, "WMAXMAG03": 0.2, "WMAXMAG04": 0.1, "STRIKE1": 30.419048, "STRIKE2": 140.936, "STRIKE3": 222.644186, "STRIKE4": 286.409381, "DIP1": 82.142857, "DIP2": 79.688724, "DIP3": 73.042323, "DIP4": 70.201071, "DIRWEIGHT1": 0.153285, "DIRWEIGHT2": 0.105839, "DIRWEIGHT3": 0.587591, "DIRWEIGHT4": 0.153285, "FID_tras36": -1, "Shape_Leng": 96788.305508499994, "Shape_Area": 972765.407366 }, "geometry": { "type": "Polygon", "coordinates": [ [ [ 27.678193423663895, 38.831335387954425, 0.0 ], [ 27.677814188188609, 38.831392374081119, 0.0 ], [ 27.905797000714518, 39.119043999757281, 0.0 ], [ 27.678193423663895, 38.831335387954425, 0.0 ] ] ] } },
{ "type": "Feature", "properties": { "FID_gras37": -1, "FID_mkas38": -1, "FID_alas99": -1, "FID_eshm13": 67, "OBJECTID_1": 67.0, "LONC": 29.165705, "LATC": 38.499284, "IDAS": "TRAS411", "A": 3.3, "B": 0.81, "TECREG": "Active", "TECTONICS": "Active Shallow Crust", "SS": 35, "NF": 65, "TF": 0, "MINDEPTH": 0, "HYPODEPTH1": 2, "HYPODEPTH2": 10, "HYPODEPTH3": 18, "MAXDEPTH": 20, "WHDEPTH1": 0.1, "WHDEPTH2": 0.4, "WHDEPTH3": 0.5, "MAXMAG01": 7.1, "MAXMAG02": 7.3, "MAXMAG03": 7.5, "MAXMAG04": 7.7, "WMAXMAG01": 0.5, "WMAXMAG02": 0.2, "WMAXMAG03": 0.2, "WMAXMAG04": 0.1, "STRIKE1": 34.454, "STRIKE2": 142.092091, "STRIKE3": 212.917, "STRIKE4": 324.928176, "DIP1": 51.946942, "DIP2": 52.858682, "DIP3": 54.773196, "DIP4": 54.550412, "DIRWEIGHT1": 0.307692, "DIRWEIGHT2": 0.260355, "DIRWEIGHT3": 0.331361, "DIRWEIGHT4": 0.100592, "FID_tras36": -1, "Shape_Leng": 96788.305508499994, "Shape_Area": 972765.407366 }, "geometry": { "type": "Polygon", "coordinates": [ [ [ 27.678193423663895, 38.831335387954425, 0.0 ], [ 27.677814188188609, 38.831392374081119, 0.0 ], [ 27.905797000714518, 39.119043999757281, 0.0 ], [ 27.678193423663895, 38.831335387954425, 0.0 ] ] ] } },
{ "type": "Feature", "properties": { "FID_gras37": -1, "FID_mkas38": -1, "FID_alas99": -1, "FID_eshm13": 38, "OBJECTID_1": 38.0, "LONC": 28.645346, "LATC": 38.231119, "IDAS": "TRAS339", "A": 4.0, "B": 0.9, "TECREG": "Active", "TECTONICS": "Active Shallow Crust", "SS": 20, "NF": 75, "TF": 5, "MINDEPTH": 0, "HYPODEPTH1": 2, "HYPODEPTH2": 10, "HYPODEPTH3": 18, "MAXDEPTH": 20, "WHDEPTH1": 0.1, "WHDEPTH2": 0.4, "WHDEPTH3": 0.5, "MAXMAG01": 7.1, "MAXMAG02": 7.3, "MAXMAG03": 7.5, "MAXMAG04": 7.7, "WMAXMAG01": 0.5, "WMAXMAG02": 0.2, "WMAXMAG03": 0.2, "WMAXMAG04": 0.1, "STRIKE1": 59.418345, "STRIKE2": 119.574317, "STRIKE3": 237.209864, "STRIKE4": 294.876788, "DIP1": 50.260793, "DIP2": 50.561829, "DIP3": 53.882833, "DIP4": 53.53303, "DIRWEIGHT1": 0.105072, "DIRWEIGHT2": 0.297101, "DIRWEIGHT3": 0.23913, "DIRWEIGHT4": 0.358696, "FID_tras36": -1, "Shape_Leng": 104076.534118, "Shape_Area": 862308.83490599995 }, "geometry": { "type": "Polygon", "coordinates": [ [ [ 28.136988000750549, 38.762360999753184, 0.0 ], [ 27.678026650533091, 38.83112414616938, 0.0 ], [ 27.678193423663895, 38.831335387954425, 0.0 ], [ 28.136988000750549, 38.762360999753184, 0.0 ] ] ] } },
{ "type": "Feature", "properties": { "FID_gras37": -1, "FID_mkas38": -1, "FID_alas99": -1, "FID_eshm13": 67, "OBJECTID_1": 67.0, "LONC": 29.165705, "LATC": 38.499284, "IDAS": "TRAS411", "A": 3.3, "B": 0.81, "TECREG": "Active", "TECTONICS": "Active Shallow Crust", "SS": 35, "NF": 65, "TF": 0, "MINDEPTH": 0, "HYPODEPTH1": 2, "HYPODEPTH2": 10, "HYPODEPTH3": 18, "MAXDEPTH": 20, "WHDEPTH1": 0.1, "WHDEPTH2": 0.4, "WHDEPTH3": 0.5, "MAXMAG01": 7.1, "MAXMAG02": 7.3, "MAXMAG03": 7.5, "MAXMAG04": 7.7, "WMAXMAG01": 0.5, "WMAXMAG02": 0.2, "WMAXMAG03": 0.2, "WMAXMAG04": 0.1, "STRIKE1": 34.454, "STRIKE2": 142.092091, "STRIKE3": 212.917, "STRIKE4": 324.928176, "DIP1": 51.946942, "DIP2": 52.858682, "DIP3": 54.773196, "DIP4": 54.550412, "DIRWEIGHT1": 0.307692, "DIRWEIGHT2": 0.260355, "DIRWEIGHT3": 0.331361, "DIRWEIGHT4": 0.100592, "FID_tras36": -1, "Shape_Leng": 104076.534118, "Shape_Area": 862308.83490599995 }, "geometry": { "type": "Polygon", "coordinates": [ [ [ 28.136988000750549, 38.762360999753184, 0.0 ], [ 27.678026650533091, 38.83112414616938, 0.0 ], [ 27.678193423663895, 38.831335387954425, 0.0 ], [ 28.136988000750549, 38.762360999753184, 0.0 ] ] ] } },
{ "type": "Feature", "properties": { "FID_gras37": -1, "FID_mkas38": -1, "FID_alas99": -1, "FID_eshm13": 39, "OBJECTID_1": 39.0, "LONC": 27.91934, "LATC": 37.810269, "IDAS": "TRAS340", "A": 3.0, "B": 0.8, "TECREG": "Active", "TECTONICS": "Active Shallow Crust", "SS": 35, "NF": 65, "TF": 0, "MINDEPTH": 0, "HYPODEPTH1": 2, "HYPODEPTH2": 10, "HYPODEPTH3": 18, "MAXDEPTH": 20, "WHDEPTH1": 0.1, "WHDEPTH2": 0.4, "WHDEPTH3": 0.5, "MAXMAG01": 7.1, "MAXMAG02": 7.3, "MAXMAG03": 7.5, "MAXMAG04": 7.7, "WMAXMAG01": 0.5, "WMAXMAG02": 0.2, "WMAXMAG03": 0.2, "WMAXMAG04": 0.1, "STRIKE1": 70.92348, "STRIKE2": 102.9825, "STRIKE3": 247.735754, "STRIKE4": 275.8238, "DIP1": 58.32404, "DIP2": 51.396333, "DIP3": 55.809446, "DIP4": 62.5072, "DIRWEIGHT1": 0.431034, "DIRWEIGHT2": 0.137931, "DIRWEIGHT3": 0.373563, "DIRWEIGHT4": 0.057471, "FID_tras36": 1, "Shape_Leng": 303716.00426999998, "Shape_Area": 38495.722540199997 }, "geometry": { "type": "MultiPolygon", "coordinates": [ [ [ [ 27.931941000109955, 38.063462999650241, 0.0 ], [ 28.632933000198346, 38.087060999671124, 0.0 ], [ 28.282436999704988, 38.075262000287672, 0.0 ], [ 27.931941000109955, 38.063462999650241, 0.0 ] ] ], [ [ [ 27.274005000061095, 38.002108999847295, 0.0 ], [ 27.931941000109955, 38.063462999650241, 0.0 ], [ 27.602973000534689, 38.032785999609153, 0.0 ], [ 27.274005000061095, 38.002108999847295, 0.0 ] ] ] ] } },
{ "type": "Feature", "properties": { "FID_gras37": -1, "FID_mkas38": -1, "FID_alas99": -1, "FID_eshm13": 41, "OBJECTID_1": 41.0, "LONC": 29.855384, "LATC": 37.415692, "IDAS": "TRAS342", "A": 4.5, "B": 1.0, "TECREG": "Active", "TECTONICS": "Active Shallow Crust", "SS": 30, "NF": 55, "TF": 15, "MINDEPTH": 0, "HYPODEPTH1": 2, "HYPODEPTH2": 10, "HYPODEPTH3": 18, "MAXDEPTH": 20, "WHDEPTH1": 0.1, "WHDEPTH2": 0.4, "WHDEPTH3": 0.5, "MAXMAG01": 7.1, "MAXMAG02": 7.3, "MAXMAG03": 7.5, "MAXMAG04": 7.7, "WMAXMAG01": 0.5, "WMAXMAG02": 0.2, "WMAXMAG03": 0.2, "WMAXMAG04": 0.1, "STRIKE1": 35.874059, "STRIKE2": 143.687792, "STRIKE3": 230.027901, "STRIKE4": 311.194851, "DIP1": 52.352912, "DIP2": 51.319283, "DIP3": 51.205031, "DIP4": 55.355478, "DIRWEIGHT1": 0.265625, "DIRWEIGHT2": 0.138021, "DIRWEIGHT3": 0.421875, "DIRWEIGHT4": 0.174479, "FID_tras36": -1, "Shape_Leng": 160275.17006400001, "Shape_Area": 2226009.4967200002 }, "geometry": { "type": "Polygon", "coordinates": [ [ [ 30.757060000016505, 37.702414999992847, 0.0 ], [ 31.240464419283313, 38.122959951694391, 0.0 ], [ 31.240886000442774, 38.122740999320648, 0.0 ], [ 30.757060000016505, 37.702414999992847, 0.0 ] ] ] } },
{ "type": "Feature", "properties": { "FID_gras37": -1, "FID_mkas38": -1, "FID_alas99": -1, "FID_eshm13": 69, "OBJECTID_1": 69.0, "LONC": 32.976323, "LATC": 37.36911, "IDAS": "TRAS414", "A": 4.2, "B": 1.0, "TECREG": "Active", "TECTONICS": "Active Shallow Crust", "SS": 20, "NF": 75, "TF": 5, "MINDEPTH": 0, "HYPODEPTH1": 2, "HYPODEPTH2": 10, "HYPODEPTH3": 18, "MAXDEPTH": 20, "WHDEPTH1": 0.1, "WHDEPTH2": 0.4, "WHDEPTH3": 0.5, "MAXMAG01": 7.5, "MAXMAG02": 7.7, "MAXMAG03": 7.9, "MAXMAG04": 8.1, "WMAXMAG01": 0.5, "WMAXMAG02": 0.2, "WMAXMAG03": 0.2, "WMAXMAG04": 0.1, "STRIKE1": 37.138647, "STRIKE2": 154.328653, "STRIKE3": 227.60285, "STRIKE4": 330.844168, "DIP1": 61.944387, "DIP2": 50.950163, "DIP3": 52.55785, "DIP4": 53.31636, "DIRWEIGHT1": 0.302671, "DIRWEIGHT2": 0.145401, "DIRWEIGHT3": 0.118694, "DIRWEIGHT4": 0.433234, "FID_tras36": -1, "Shape_Leng": 160275.17006400001, "Shape_Area": 2226009.4967200002 }, "geometry": { "type": "Polygon", "coordinates": [ [ [ 30.757060000016505, 37.702414999992847, 0.0 ], [ 31.240464419283313, 38.122959951694391, 0.0 ], [ 31.240886000442774, 38.122740999320648, 0.0 ], [ 30.757060000016505, 37.702414999992847, 0.0 ] ] ] } },
{ "type": "Feature", "properties": { "FID_gras37": -1, "FID_mkas38": -1, "FID_alas99": -1, "FID_eshm13": 42, "OBJECTID_1": 42.0, "LONC": 37.163165, "LATC": 40.496148, "IDAS": "TRAS344", "A": 3.5, "B": 0.74, "TECREG": "Active", "TECTONICS": "Active Shallow Crust", "SS": 75, "NF": 10, "TF": 15, "MINDEPTH": 0, "HYPODEPTH1": 2, "HYPODEPTH2": 10, "HYPODEPTH3": 18, "MAXDEPTH": 20, "WHDEPTH1": 0.1, "WHDEPTH2": 0.4, "WHDEPTH3": 0.5, "MAXMAG01": 8.0, "MAXMAG02": 8.2, "MAXMAG03": 8.4, "MAXMAG04": 8.6, "WMAXMAG01": 0.5, "WMAXMAG02": 0.2, "WMAXMAG03": 0.2, "WMAXMAG04": 0.1, "STRIKE1": 47.522085, "STRIKE2": 110.364383, "STRIKE3": 251.897202, "STRIKE4": 289.213172, "DIP1": 78.783712, "DIP2": 83.043311, "DIP3": 76.033333, "DIP4": 73.278652, "DIRWEIGHT1": 0.059237, "DIRWEIGHT2": 0.348394, "DIRWEIGHT3": 0.358434, "DIRWEIGHT4": 0.233936, "FID_tras36": -1, "Shape_Leng": 199125.08313000001, "Shape_Area": 519768.88787199999 }, "geometry": { "type": "Polygon", "coordinates": [ [ [ 39.500120414364098, 39.930036212908504, 0.0 ], [ 39.500000000590134, 39.929999999154646, 0.0 ], [ 38.690000000074065, 40.219999999725154, 0.0 ], [ 39.500120414364098, 39.930036212908504, 0.0 ] ] ] } },
{ "type": "Feature", "properties": { "FID_gras37": -1, "FID_mkas38": -1, "FID_alas99": -1, "FID_eshm13": 80, "OBJECTID_1": 80.0, "LONC": 36.004231, "LATC": 41.13201, "IDAS": "TRAS984", "A": 4.2932, "B": 1.042, "TECREG": "Active", "TECTONICS": "Active Shallow Crust", "SS": 50, "NF": 40, "TF": 10, "MINDEPTH": 0, "HYPODEPTH1": 2, "HYPODEPTH2": 10, "HYPODEPTH3": 18, "MAXDEPTH": 20, "WHDEPTH1": 0.1, "WHDEPTH2": 0.4, "WHDEPTH3": 0.5, "MAXMAG01": 7.8, "MAXMAG02": 8.0, "MAXMAG03": 8.2, "MAXMAG04": 8.4, "WMAXMAG01": 0.5, "WMAXMAG02": 0.2, "WMAXMAG03": 0.2, "WMAXMAG04": 0.1, "STRIKE1": 68.91464, "STRIKE2": 127.475152, "STRIKE3": 246.42267, "STRIKE4": 279.74225, "DIP1": 51.599494, "DIP2": 54.809197, "DIP3": 85.013682, "DIP4": 85.398, "DIRWEIGHT1": 0.618056, "DIRWEIGHT2": 0.286706, "DIRWEIGHT3": 0.087302, "DIRWEIGHT4": 0.007937, "FID_tras36": -1, "Shape_Leng": 199125.08313000001, "Shape_Area": 519768.88787199999 }, "geometry": { "type": "Polygon", "coordinates": [ [ [ 39.500120414364098, 39.930036212908504, 0.0 ], [ 39.500000000590134, 39.929999999154646, 0.0 ], [ 38.690000000074065, 40.219999999725154, 0.0 ], [ 39.500120414364098, 39.930036212908504, 0.0 ] ] ] } },
{ "type": "Feature", "properties": { "FID_gras37": -1, "FID_mkas38": -1, "FID_alas99": -1, "FID_eshm13": 43, "OBJECTID_1": 43.0, "LONC": 35.369599, "LATC": 40.188208, "IDAS": "TRAS345", "A": 3.9, "B": 1.0, "TECREG": "Active", "TECTONICS": "Active Shallow Crust", "SS": 75, "NF": 10, "TF": 15, "MINDEPTH": 0, "HYPODEPTH1": 2, "HYPODEPTH2": 10, "HYPODEPTH3": 18, "MAXDEPTH": 20, "WHDEPTH1": 0.1, "WHDEPTH2": 0.4, "WHDEPTH3": 0.5, "MAXMAG01": 8.0, "MAXMAG02": 8.2, "MAXMAG03": 8.4, "MAXMAG04": 8.6, "WMAXMAG01": 0.5, "WMAXMAG02": 0.2, "WMAXMAG03": 0.2, "WMAXMAG04": 0.1, "STRIKE1": 84.103833, "STRIKE2": 96.131174, "STRIKE3": 244.54899, "STRIKE4": 0.0, "DIP1": 86.72575, "DIP2": 86.522087, "DIP3": 85.008563, "DIP4": 0.0, "DIRWEIGHT1": 0.091603, "DIRWEIGHT2": 0.175573, "DIRWEIGHT3": 0.732824, "DIRWEIGHT4": 0.0, "FID_tras36": -1, "Shape_Leng": 106385.987238, "Shape_Area": 2015881.3325199999 }, "geometry": { "type": "Polygon", "coordinates": [ [ [ 33.934488000085757, 39.661538999723945, 0.0 ], [ 33.70313600039124, 39.982386999684508, 0.0 ], [ 33.703768351469186, 39.982589647642406, 0.0 ], [ 33.934488000085757, 39.661538999723945, 0.0 ] ] ] } },
{ "type": "Feature", "properties": { "FID_gras37": -1, "FID_mkas38": -1, "FID_alas99": -1, "FID_eshm13": 68, "OBJECTID_1": 68.0, "LONC": 34.324478, "LATC": 39.202783, "IDAS": "TRAS412", "A": 3.4, "B": 0.9, "TECREG": "Active", "TECTONICS": "Active Shallow Crust", "SS": 50, "NF": 40, "TF": 10, "MINDEPTH": 0, "HYPODEPTH1": 2, "HYPODEPTH2": 10, "HYPODEPTH3": 18, "MAXDEPTH": 20, "WHDEPTH1": 0.1, "WHDEPTH2": 0.4, "WHDEPTH3": 0.5, "MAXMAG01": 7.5, "MAXMAG02": 7.7, "MAXMAG03": 7.9, "MAXMAG04": 8.1, "WMAXMAG01": 0.5, "WMAXMAG02": 0.2, "WMAXMAG03": 0.2, "WMAXMAG04": 0.1, "STRIKE1": 20.580261, "STRIKE2": 126.287875, "STRIKE3": 200.468, "STRIKE4": 305.095391, "DIP1": 71.304348, "DIP2": 82.274, "DIP3": 55.053, "DIP4": 86.134937, "DIRWEIGHT1": 0.106977, "DIRWEIGHT2": 0.074419, "DIRWEIGHT3": 0.009302, "DIRWEIGHT4": 0.809302, "FID_tras36": -1, "Shape_Leng": 106385.987238, "Shape_Area": 2015881.3325199999 }, "geometry": { "type": "Polygon", "coordinates": [ [ [ 33.934488000085757, 39.661538999723945, 0.0 ], [ 33.70313600039124, 39.982386999684508, 0.0 ], [ 33.703768351469186, 39.982589647642406, 0.0 ], [ 33.934488000085757, 39.661538999723945, 0.0 ] ] ] } },
{ "type": "Feature", "properties": { "FID_gras37": -1, "FID_mkas38": -1, "FID_alas99": -1, "FID_eshm13": 45, "OBJECTID_1": 45.0, "LONC": 27.137088, "LATC": 41.628956, "IDAS": "TRAS356", "A": 3.2, "B": 0.9, "TECREG": "Active", "TECTONICS": "Active Shallow Crust", "SS": 50, "NF": 40, "TF": 10, "MINDEPTH": 0, "HYPODEPTH1": 2, "HYPODEPTH2": 10, "HYPODEPTH3": 18, "MAXDEPTH": 20, "WHDEPTH1": 0.1, "WHDEPTH2": 0.4, "WHDEPTH3": 0.5, "MAXMAG01": 7.5, "MAXMAG02": 7.7, "MAXMAG03": 7.9, "MAXMAG04": 8.1, "WMAXMAG01": 0.5, "WMAXMAG02": 0.2, "WMAXMAG03": 0.2, "WMAXMAG04": 0.1, "STRIKE1": 84.712585, "STRIKE2": 97.060473, "STRIKE3": 261.115432, "STRIKE4": 302.003022, "DIP1": 49.717098, "DIP2": 48.716291, "DIP3": 51.863, "DIP4": 51.574022, "DIRWEIGHT1": 0.22043, "DIRWEIGHT2": 0.295699, "DIRWEIGHT3": 0.236559, "DIRWEIGHT4": 0.247312, "FID_tras36": -1, "Shape_Leng": 92600.047605900007, "Shape_Area": 270567.03661399998 }, "geometry": { "type": "Polygon", "coordinates": [ [ [ 25.700000000115622, 40.986602744454515, 0.0 ], [ 25.699894999635319, 41.299762000109588, 0.0 ], [ 25.700000000115622, 41.299789763766398, 0.0 ], [ 25.700000000115622, 40.986602744454515, 0.0 ] ] ] } },
{ "type": "Feature", "properties": { "FID_gras37": -1, "FID_mkas38": -1, "FID_alas99": -1, "FID_eshm13": 53, "OBJECTID_1": 53.0, "LONC": 24.615, "LATC": 40.75, "IDAS": "GRAS391", "A": 3.0, "B": 0.8, "TECREG": "Active", "TECTONICS": "Active Shallow Crust", "SS": 20, "NF": 60, "TF": 20, "MINDEPTH": 0, "HYPODEPTH1": 2, "HYPODEPTH2": 10, "HYPODEPTH3": 18, "MAXDEPTH": 20, "WHDEPTH1": 0.1, "WHDEPTH2": 0.4, "WHDEPTH3": 0.5, "MAXMAG01": 7.5, "MAXMAG02": 7.7, "MAXMAG03": 7.9, "MAXMAG04": 8.1, "WMAXMAG01": 0.5, "WMAXMAG02": 0.2, "WMAXMAG03": 0.2, "WMAXMAG04": 0.1, "STRIKE1": 64.924707, "STRIKE2": 104.175143, "STRIKE3": 0.0, "STRIKE4": 284.669167, "DIP1": 49.248537, "DIP2": 49.825214, "DIP3": 0.0, "DIP4": 48.237833, "DIRWEIGHT1": 0.630769, "DIRWEIGHT2": 0.323077, "DIRWEIGHT3": 0.0, "DIRWEIGHT4": 0.046154, "FID_tras36": -1, "Shape_Leng": 92600.047605900007, "Shape_Area": 270567.03661399998 }, "geometry": { "type": "Polygon", "coordinates": [ [ [ 25.700000000115622, 40.986602744454515, 0.0 ], [ 25.699894999635319, 41.299762000109588, 0.0 ], [ 25.700000000115622, 41.299789763766398, 0.0 ], [ 25.700000000115622, 40.986602744454515, 0.0 ] ] ] } },
{ "type": "Feature", "properties": { "FID_gras37": -1, "FID_mkas38": -1, "FID_alas99": -1, "FID_eshm13": 45, "OBJECTID_1": 45.0, "LONC": 27.137088, "LATC": 41.628956, "IDAS": "TRAS356", "A": 3.2, "B": 0.9, "TECREG": "Active", "TECTONICS": "Active Shallow Crust", "SS": 50, "NF": 40, "TF": 10, "MINDEPTH": 0, "HYPODEPTH1": 2, "HYPODEPTH2": 10, "HYPODEPTH3": 18, "MAXDEPTH": 20, "WHDEPTH1": 0.1, "WHDEPTH2": 0.4, "WHDEPTH3": 0.5, "MAXMAG01": 7.5, "MAXMAG02": 7.7, "MAXMAG03": 7.9, "MAXMAG04": 8.1, "WMAXMAG01": 0.5, "WMAXMAG02": 0.2, "WMAXMAG03": 0.2, "WMAXMAG04": 0.1, "STRIKE1": 84.712585, "STRIKE2": 97.060473, "STRIKE3": 261.115432, "STRIKE4": 302.003022, "DIP1": 49.717098, "DIP2": 48.716291, "DIP3": 51.863, "DIP4": 51.574022, "DIRWEIGHT1": 0.22043, "DIRWEIGHT2": 0.295699, "DIRWEIGHT3": 0.236559, "DIRWEIGHT4": 0.247312, "FID_tras36": -1, "Shape_Leng": 68317.660464500004, "Shape_Area": 490217.339805 }, "geometry": { "type": "Polygon", "coordinates": [ [ [ 25.700128933511689, 40.600021547850567, 0.0 ], [ 25.999652000518164, 40.650061999331939, 0.0 ], [ 25.70012899998704, 40.599820999354442, 0.0 ], [ 25.700128933511689, 40.600021547850567, 0.0 ] ] ] } },
{ "type": "Feature", "properties": { "FID_gras37": -1, "FID_mkas38": -1, "FID_alas99": -1, "FID_eshm13": 84, "OBJECTID_1": 84.0, "LONC": 25.963423, "LATC": 40.375031, "IDAS": "GRAS973", "A": 2.9737, "B": 0.8, "TECREG": "Active", "TECTONICS": "Active Shallow Crust", "SS": 40, "NF": 60, "TF": 0, "MINDEPTH": 0, "HYPODEPTH1": 2, "HYPODEPTH2": 10, "HYPODEPTH3": 18, "MAXDEPTH": 20, "WHDEPTH1": 0.1, "WHDEPTH2": 0.4, "WHDEPTH3": 0.5, "MAXMAG01": 8.0, "MAXMAG02": 8.2, "MAXMAG03": 8.4, "MAXMAG04": 8.6, "WMAXMAG01": 0.5, "WMAXMAG02": 0.2, "WMAXMAG03": 0.2, "WMAXMAG04": 0.1, "STRIKE1": 66.499139, "STRIKE2": 101.507063, "STRIKE3": 242.709131, "STRIKE4": 286.437533, "DIP1": 67.476584, "DIP2": 69.789938, "DIP3": 70.262016, "DIP4": 54.7368, "DIRWEIGHT1": 0.65283, "DIRWEIGHT2": 0.060377, "DIRWEIGHT3": 0.230189, "DIRWEIGHT4": 0.056604, "FID_tras36": -1, "Shape_Leng": 68317.660464500004, "Shape_Area": 490217.339805 }, "geometry": { "type": "Polygon", "coordinates": [ [ [ 25.700128933511689, 40.600021547850567, 0.0 ], [ 25.999652000518164, 40.650061999331939, 0.0 ], [ 25.70012899998704, 40.599820999354442, 0.0 ], [ 25.700128933511689, 40.600021547850567, 0.0 ] ] ] } },
{ "type": "Feature", "properties": { "FID_gras37": -1, "FID_mkas38": -1, "FID_alas99": -1, "FID_eshm13": 46, "OBJECTID_1": 46.0, "LONC": 24.2, "LATC": 39.521604, "IDAS": "GRAS357", "A": 3.9, "B": 1.0, "TECREG": "Active", "TECTONICS": "Active Shallow Crust", "SS": 40, "NF": 60, "TF": 0, "MINDEPTH": 0, "HYPODEPTH1": 2, "HYPODEPTH2": 10, "HYPODEPTH3": 18, "MAXDEPTH": 20, "WHDEPTH1": 0.1, "WHDEPTH2": 0.4, "WHDEPTH3": 0.5, "MAXMAG01": 8.0, "MAXMAG02": 8.2, "MAXMAG03": 8.4, "MAXMAG04": 8.6, "WMAXMAG01": 0.5, "WMAXMAG02": 0.2, "WMAXMAG03": 0.2, "WMAXMAG04": 0.1, "STRIKE1": 59.750273, "STRIKE2": 0.0, "STRIKE3": 221.52187, "STRIKE4": 304.452917, "DIP1": 71.687636, "DIP2": 0.0, "DIP3": 68.0383, "DIP4": 73.287958, "DIRWEIGHT1": 0.081481, "DIRWEIGHT2": 0.0, "DIRWEIGHT3": 0.740741, "DIRWEIGHT4": 0.177778, "FID_tras36": -1, "Shape_Leng": 195813.01137399999, "Shape_Area": 7444857.5498200003 }, "geometry": { "type": "Polygon", "coordinates": [ [ [ 24.394618501651365, 39.371604498026201, 0.0 ], [ 23.839237000537491, 38.843208999206155, 0.0 ], [ 24.393679961605446, 39.372387379198422, 0.0 ], [ 24.394618501651365, 39.371604498026201, 0.0 ] ] ] } },
{ "type": "Feature", "properties": { "FID_gras37": -1, "FID_mkas38": -1, "FID_alas99": -1, "FID_eshm13": 59, "OBJECTID_1": 59.0, "LONC": 24.619823, "LATC": 39.202148, "IDAS": "GRAS398", "A": 4.1, "B": 1.0, "TECREG": "Active", "TECTONICS": "Active Shallow Crust", "SS": 40, "NF": 60, "TF": 0, "MINDEPTH": 0, "HYPODEPTH1": 2, "HYPODEPTH2": 10, "HYPODEPTH3": 18, "MAXDEPTH": 20, "WHDEPTH1": 0.1, "WHDEPTH2": 0.4, "WHDEPTH3": 0.5, "MAXMAG01": 8.0, "MAXMAG02": 8.2, "MAXMAG03": 8.4, "MAXMAG04": 8.6, "WMAXMAG01": 0.5, "WMAXMAG02": 0.2, "WMAXMAG03": 0.2, "WMAXMAG04": 0.1, "STRIKE1": 85.823571, "STRIKE2": 94.154667, "STRIKE3": 231.422017, "STRIKE4": 306.578624, "DIP1": 58.742714, "DIP2": 58.875333, "DIP3": 75.11919, "DIP4": 68.961462, "DIRWEIGHT1": 0.041916, "DIRWEIGHT2": 0.053892, "DIRWEIGHT3": 0.347305, "DIRWEIGHT4": 0.556886, "FID_tras36": -1, "Shape_Leng": 195813.01137399999, "Shape_Area": 7444857.5498200003 }, "geometry": { "type": "Polygon", "coordinates": [ [ [ 24.394618501651365, 39.371604498026201, 0.0 ], [ 23.839237000537491, 38.843208999206155, 0.0 ], [ 24.393679961605446, 39.372387379198422, 0.0 ], [ 24.394618501651365, 39.371604498026201, 0.0 ] ] ] } },
{ "type": "Feature", "properties": { "FID_gras37": -1, "FID_mkas38": -1, "FID_alas99": -1, "FID_eshm13": 46, "OBJECTID_1": 46.0, "LONC": 24.2, "LATC": 39.521604, "IDAS": "GRAS357", "A": 3.9, "B": 1.0, "TECREG": "Active", "TECTONICS": "Active Shallow Crust", "SS": 40, "NF": 60, "TF": 0, "MINDEPTH": 0, "HYPODEPTH1": 2, "HYPODEPTH2": 10, "HYPODEPTH3": 18, "MAXDEPTH": 20, "WHDEPTH1": 0.1, "WHDEPTH2": 0.4, "WHDEPTH3": 0.5, "MAXMAG01": 8.0, "MAXMAG02": 8.2, "MAXMAG03": 8.4, "MAXMAG04": 8.6, "WMAXMAG01": 0.5, "WMAXMAG02": 0.2, "WMAXMAG03": 0.2, "WMAXMAG04": 0.1, "STRIKE1": 59.750273, "STRIKE2": 0.0, "STRIKE3": 221.52187, "STRIKE4": 304.452917, "DIP1": 71.687636, "DIP2": 0.0, "DIP3": 68.0383, "DIP4": 73.287958, "DIRWEIGHT1": 0.081481, "DIRWEIGHT2": 0.0, "DIRWEIGHT3": 0.740741, "DIRWEIGHT4": 0.177778, "FID_tras36": -1, "Shape_Leng": 37452.407967200001, "Shape_Area": 206845.15877899999 }, "geometry": { "type": "Polygon", "coordinates": [ [ [ 23.45013200022413, 39.200119999774884, 0.0 ], [ 23.551122355281322, 39.095864932197273, 0.0 ], [ 23.449999999979635, 39.199999999884433, 0.0 ], [ 23.45013180079814, 39.200120248994146, 0.0 ], [ 23.45013200022413, 39.200119999774884, 0.0 ] ] ] } },
{ "type": "Feature", "properties": { "FID_gras37": -1, "FID_mkas38": -1, "FID_alas99": -1, "FID_eshm13": 95, "OBJECTID_1": 25.0, "LONC": 22.269186, "LATC": 39.225, "IDAS": "GRAS386", "A": 3.11, "B": 0.8, "TECREG": "Active", "TECTONICS": "Active Shallow Crust", "SS": 20, "NF": 60, "TF": 20, "MINDEPTH": 0, "HYPODEPTH1": 2, "HYPODEPTH2": 10, "HYPODEPTH3": 18, "MAXDEPTH": 20, "WHDEPTH1": 0.1, "WHDEPTH2": 0.4, "WHDEPTH3": 0.5, "MAXMAG01": 7.5, "MAXMAG02": 7.7, "MAXMAG03": 7.9, "MAXMAG04": 8.1, "WMAXMAG01": 0.5, "WMAXMAG02": 0.2, "WMAXMAG03": 0.2, "WMAXMAG04": 0.1, "STRIKE1": 84.6065, "STRIKE2": 100.107471, "STRIKE3": 244.593526, "STRIKE4": 290.959553, "DIP1": 50.405675, "DIP2": 54.044265, "DIP3": 55.690421, "DIP4": 50.027298, "DIRWEIGHT1": 0.285714, "DIRWEIGHT2": 0.242857, "DIRWEIGHT3": 0.135714, "DIRWEIGHT4": 0.335714, "FID_tras36": -1, "Shape_Leng": 37452.407967200001, "Shape_Area": 206845.15877899999 }, "geometry": { "type": "Polygon", "coordinates": [ [ [ 23.45013200022413, 39.200119999774884, 0.0 ], [ 23.551122355281322, 39.095864932197273, 0.0 ], [ 23.449999999979635, 39.199999999884433, 0.0 ], [ 23.45013180079814, 39.200120248994146, 0.0 ], [ 23.45013200022413, 39.200119999774884, 0.0 ] ] ] } },
{ "type": "Feature", "properties": { "FID_gras37": -1, "FID_mkas38": -1, "FID_alas99": -1, "FID_eshm13": 52, "OBJECTID_1": 52.0, "LONC": 24.45, "LATC": 37.673287, "IDAS": "GRAS382", "A": 3.1, "B": 0.92, "TECREG": "Active", "TECTONICS": "Active Shallow Crust", "SS": 25, "NF": 50, "TF": 25, "MINDEPTH": 0, "HYPODEPTH1": 2, "HYPODEPTH2": 10, "HYPODEPTH3": 18, "MAXDEPTH": 20, "WHDEPTH1": 0.1, "WHDEPTH2": 0.4, "WHDEPTH3": 0.5, "MAXMAG01": 7.1, "MAXMAG02": 7.3, "MAXMAG03": 7.5, "MAXMAG04": 7.7, "WMAXMAG01": 0.5, "WMAXMAG02": 0.2, "WMAXMAG03": 0.2, "WMAXMAG04": 0.1, "STRIKE1": 0.0, "STRIKE2": 123.0945, "STRIKE3": 0.0, "STRIKE4": 280.863167, "DIP1": 0.0, "DIP2": 55.453, "DIP3": 0.0, "DIP4": 50.234556, "DIRWEIGHT1": 0.0, "DIRWEIGHT2": 0.1, "DIRWEIGHT3": 0.0, "DIRWEIGHT4": 0.9, "FID_tras36": -1, "Shape_Leng": 20645.359909, "Shape_Area": 134942.79949500001 }, "geometry": { "type": "Polygon", "coordinates": [ [ [ 24.537513334233203, 38.297785039209401, 0.0 ], [ 24.468736757503983, 38.346491773594899, 0.0 ], [ 24.468969999677618, 38.346574999743133, 0.0 ], [ 24.537513334233203, 38.297785039209401, 0.0 ] ] ] } },
{ "type": "Feature", "properties": { "FID_gras37": -1, "FID_mkas38": -1, "FID_alas99": -1, "FID_eshm13": 58, "OBJECTID_1": 58.0, "LONC": 25.122483, "LATC": 38.874091, "IDAS": "GRAS397", "A": 4.1, "B": 1.0, "TECREG": "Active", "TECTONICS": "Active Shallow Crust", "SS": 50, "NF": 40, "TF": 10, "MINDEPTH": 0, "HYPODEPTH1": 2, "HYPODEPTH2": 10, "HYPODEPTH3": 18, "MAXDEPTH": 20, "WHDEPTH1": 0.1, "WHDEPTH2": 0.4, "WHDEPTH3": 0.5, "MAXMAG01": 7.1, "MAXMAG02": 7.3, "MAXMAG03": 7.5, "MAXMAG04": 7.7, "WMAXMAG01": 0.5, "WMAXMAG02": 0.2, "WMAXMAG03": 0.2, "WMAXMAG04": 0.1, "STRIKE1": 54.644568, "STRIKE2": 135.833154, "STRIKE3": 218.800458, "STRIKE4": 292.22675, "DIP1": 60.864919, "DIP2": 60.520462, "DIP3": 68.637229, "DIP4": 53.320583, "DIRWEIGHT1": 0.406593, "DIRWEIGHT2": 0.071429, "DIRWEIGHT3": 0.456044, "DIRWEIGHT4": 0.065934, "FID_tras36": -1, "Shape_Leng": 20645.359909, "Shape_Area": 134942.79949500001 }, "geometry": { "type": "Polygon", "coordinates": [ [ [ 24.537513334233203, 38.297785039209401, 0.0 ], [ 24.468736757503983, 38.346491773594899, 0.0 ], [ 24.468969999677618, 38.346574999743133, 0.0 ], [ 24.537513334233203, 38.297785039209401, 0.0 ] ] ] } },
{ "type": "Feature", "properties": { "FID_gras37": -1, "FID_mkas38": -1, "FID_alas99": -1, "FID_eshm13": 59, "OBJECTID_1": 59.0, "LONC": 24.619823, "LATC": 39.202148, "IDAS": "GRAS398", "A": 4.1, "B": 1.0, "TECREG": "Active", "TECTONICS": "Active Shallow Crust", "SS": 40, "NF": 60, "TF": 0, "MINDEPTH": 0, "HYPODEPTH1": 2, "HYPODEPTH2": 10, "HYPODEPTH3": 18, "MAXDEPTH": 20, "WHDEPTH1": 0.1, "WHDEPTH2": 0.4, "WHDEPTH3": 0.5, "MAXMAG01": 8.0, "MAXMAG02": 8.2, "MAXMAG03": 8.4, "MAXMAG04": 8.6, "WMAXMAG01": 0.5, "WMAXMAG02": 0.2, "WMAXMAG03": 0.2, "WMAXMAG04": 0.1, "STRIKE1": 85.823571, "STRIKE2": 94.154667, "STRIKE3": 231.422017, "STRIKE4": 306.578624, "DIP1": 58.742714, "DIP2": 58.875333, "DIP3": 75.11919, "DIP4": 68.961462, "DIRWEIGHT1": 0.041916, "DIRWEIGHT2": 0.053892, "DIRWEIGHT3": 0.347305, "DIRWEIGHT4": 0.556886, "FID_tras36": -1, "Shape_Leng": 132595.72599499999, "Shape_Area": 1145316.3138300001 }, "geometry": { "type": "Polygon", "coordinates": [ [ [ 25.400409999637315, 39.599988000020495, 0.0 ], [ 24.950400059392184, 39.899734105915151, 0.0 ], [ 24.950595999921944, 39.899919000095061, 0.0 ], [ 25.400409999637315, 39.599988000020495, 0.0 ] ] ] } },
{ "type": "Feature", "properties": { "FID_gras37": -1, "FID_mkas38": -1, "FID_alas99": -1, "FID_eshm13": 66, "OBJECTID_1": 66.0, "LONC": 25.625663, "LATC": 39.921595, "IDAS": "TRAS410", "A": 3.4, "B": 0.9, "TECREG": "Active", "TECTONICS": "Active Shallow Crust", "SS": 50, "NF": 40, "TF": 10, "MINDEPTH": 0, "HYPODEPTH1": 2, "HYPODEPTH2": 10, "HYPODEPTH3": 18, "MAXDEPTH": 20, "WHDEPTH1": 0.1, "WHDEPTH2": 0.4, "WHDEPTH3": 0.5, "MAXMAG01": 8.0, "MAXMAG02": 8.2, "MAXMAG03": 8.4, "MAXMAG04": 8.6, "WMAXMAG01": 0.5, "WMAXMAG02": 0.2, "WMAXMAG03": 0.2, "WMAXMAG04": 0.1, "STRIKE1": 70.467462, "STRIKE2": 0.0, "STRIKE3": 230.040143, "STRIKE4": 274.622667, "DIP1": 64.270308, "DIP2": 0.0, "DIP3": 76.430929, "DIP4": 60.767333, "DIRWEIGHT1": 0.295455, "DIRWEIGHT2": 0.0, "DIRWEIGHT3": 0.636364, "DIRWEIGHT4": 0.068182, "FID_tras36": -1, "Shape_Leng": 132595.72599499999, "Shape_Area": 1145316.3138300001 }, "geometry": { "type": "Polygon", "coordinates": [ [ [ 25.400409999637315, 39.599988000020495, 0.0 ], [ 24.950400059392184, 39.899734105915151, 0.0 ], [ 24.950595999921944, 39.899919000095061, 0.0 ], [ 25.400409999637315, 39.599988000020495, 0.0 ] ] ] } },
{ "type": "Feature", "properties": { "FID_gras37": -1, "FID_mkas38": -1, "FID_alas99": -1, "FID_eshm13": 59, "OBJECTID_1": 59.0, "LONC": 24.619823, "LATC": 39.202148, "IDAS": "GRAS398", "A": 4.1, "B": 1.0, "TECREG": "Active", "TECTONICS": "Active Shallow Crust", "SS": 40, "NF": 60, "TF": 0, "MINDEPTH": 0, "HYPODEPTH1": 2, "HYPODEPTH2": 10, "HYPODEPTH3": 18, "MAXDEPTH": 20, "WHDEPTH1": 0.1, "WHDEPTH2": 0.4, "WHDEPTH3": 0.5, "MAXMAG01": 8.0, "MAXMAG02": 8.2, "MAXMAG03": 8.4, "MAXMAG04": 8.6, "WMAXMAG01": 0.5, "WMAXMAG02": 0.2, "WMAXMAG03": 0.2, "WMAXMAG04": 0.1, "STRIKE1": 85.823571, "STRIKE2": 94.154667, "STRIKE3": 231.422017, "STRIKE4": 306.578624, "DIP1": 58.742714, "DIP2": 58.875333, "DIP3": 75.11919, "DIP4": 68.961462, "DIRWEIGHT1": 0.041916, "DIRWEIGHT2": 0.053892, "DIRWEIGHT3": 0.347305, "DIRWEIGHT4": 0.556886, "FID_tras36": -1, "Shape_Leng": 141828.13415699999, "Shape_Area": 5389309.5491800001 }, "geometry": { "type": "Polygon", "coordinates": [ [ [ 24.394618501651365, 39.371604498026201, 0.0 ], [ 24.393679961605446, 39.372387379198422, 0.0 ], [ 24.795039521208292, 39.752975158143038, 0.0 ], [ 24.394618501651365, 39.371604498026201, 0.0 ] ] ] } },
{ "type": "Feature", "properties": { "FID_gras37": -1, "FID_mkas38": -1, "FID_alas99": -1, "FID_eshm13": 85, "OBJECTID_1": 46.0, "LONC": 24.2, "LATC": 39.521604, "IDAS": "GAS357", "A": 3.9, "B": 1.0, "TECREG": "Active", "TECTONICS": "Active Shallow Crust", "SS": 40, "NF": 60, "TF": 0, "MINDEPTH": 0, "HYPODEPTH1": 2, "HYPODEPTH2": 10, "HYPODEPTH3": 18, "MAXDEPTH": 20, "WHDEPTH1": 0.1, "WHDEPTH2": 0.4, "WHDEPTH3": 0.5, "MAXMAG01": 8.0, "MAXMAG02": 8.2, "MAXMAG03": 8.4, "MAXMAG04": 8.6, "WMAXMAG01": 0.5, "WMAXMAG02": 0.2, "WMAXMAG03": 0.2, "WMAXMAG04": 0.1, "STRIKE1": 59.750273, "STRIKE2": 0.0, "STRIKE3": 221.52187, "STRIKE4": 304.452917, "DIP1": 71.687636, "DIP2": 0.0, "DIP3": 68.0383, "DIP4": 73.287958, "DIRWEIGHT1": 0.081481, "DIRWEIGHT2": 0.0, "DIRWEIGHT3": 0.740741, "DIRWEIGHT4": 0.177778, "FID_tras36": -1, "Shape_Leng": 141828.13415699999, "Shape_Area": 5389309.5491800001 }, "geometry": { "type": "Polygon", "coordinates": [ [ [ 24.394618501651365, 39.371604498026201, 0.0 ], [ 24.393679961605446, 39.372387379198422, 0.0 ], [ 24.795039521208292, 39.752975158143038, 0.0 ], [ 24.394618501651365, 39.371604498026201, 0.0 ] ] ] } },
{ "type": "Feature", "properties": { "FID_gras37": -1, "FID_mkas38": -1, "FID_alas99": -1, "FID_eshm13": 59, "OBJECTID_1": 59.0, "LONC": 24.619823, "LATC": 39.202148, "IDAS": "GRAS398", "A": 4.1, "B": 1.0, "TECREG": "Active", "TECTONICS": "Active Shallow Crust", "SS": 40, "NF": 60, "TF": 0, "MINDEPTH": 0, "HYPODEPTH1": 2, "HYPODEPTH2": 10, "HYPODEPTH3": 18, "MAXDEPTH": 20, "WHDEPTH1": 0.1, "WHDEPTH2": 0.4, "WHDEPTH3": 0.5, "MAXMAG01": 8.0, "MAXMAG02": 8.2, "MAXMAG03": 8.4, "MAXMAG04": 8.6, "WMAXMAG01": 0.5, "WMAXMAG02": 0.2, "WMAXMAG03": 0.2, "WMAXMAG04": 0.1, "STRIKE1": 85.823571, "STRIKE2": 94.154667, "STRIKE3": 231.422017, "STRIKE4": 306.578624, "DIP1": 58.742714, "DIP2": 58.875333, "DIP3": 75.11919, "DIP4": 68.961462, "DIRWEIGHT1": 0.041916, "DIRWEIGHT2": 0.053892, "DIRWEIGHT3": 0.347305, "DIRWEIGHT4": 0.556886, "FID_tras36": -1, "Shape_Leng": 132339.82894899999, "Shape_Area": 358739.31686100003 }, "geometry": { "type": "Polygon", "coordinates": [ [ [ 24.24540325388449, 38.50443750638685, 0.0 ], [ 24.245341000635303, 38.504378000040923, 0.0 ], [ 23.839237000537491, 38.843208999206155, 0.0 ], [ 24.24540325388449, 38.50443750638685, 0.0 ] ] ] } },
{ "type": "Feature", "properties": { "FID_gras37": -1, "FID_mkas38": -1, "FID_alas99": -1, "FID_eshm13": 94, "OBJECTID_1": 23.0, "LONC": 22.872742, "LATC": 38.752873, "IDAS": "GRAS384", "A": 3.8, "B": 0.95, "TECREG": "Active", "TECTONICS": "Active Shallow Crust", "SS": 40, "NF": 60, "TF": 0, "MINDEPTH": 0, "HYPODEPTH1": 2, "HYPODEPTH2": 10, "HYPODEPTH3": 18, "MAXDEPTH": 20, "WHDEPTH1": 0.1, "WHDEPTH2": 0.4, "WHDEPTH3": 0.5, "MAXMAG01": 7.5, "MAXMAG02": 7.7, "MAXMAG03": 7.9, "MAXMAG04": 8.1, "WMAXMAG01": 0.5, "WMAXMAG02": 0.2, "WMAXMAG03": 0.2, "WMAXMAG04": 0.1, "STRIKE1": 66.977, "STRIKE2": 127.892292, "STRIKE3": 249.710269, "STRIKE4": 289.799967, "DIP1": 55.438, "DIP2": 63.553542, "DIP3": 55.673462, "DIP4": 54.532856, "DIRWEIGHT1": 0.00431, "DIRWEIGHT2": 0.103448, "DIRWEIGHT3": 0.112069, "DIRWEIGHT4": 0.780172, "FID_tras36": -1, "Shape_Leng": 132339.82894899999, "Shape_Area": 358739.31686100003 }, "geometry": { "type": "Polygon", "coordinates": [ [ [ 24.24540325388449, 38.50443750638685, 0.0 ], [ 24.245341000635303, 38.504378000040923, 0.0 ], [ 23.839237000537491, 38.843208999206155, 0.0 ], [ 24.24540325388449, 38.50443750638685, 0.0 ] ] ] } },
{ "type": "Feature", "properties": { "FID_gras37": -1, "FID_mkas38": -1, "FID_alas99": -1, "FID_eshm13": 62, "OBJECTID_1": 62.0, "LONC": 27.6, "LATC": 34.958141, "IDAS": "GRAS405", "A": 4.4, "B": 1.0, "TECREG": "Active", "TECTONICS": "Active Shallow Crust", "SS": 35, "NF": 15, "TF": 50, "MINDEPTH": 0, "HYPODEPTH1": 2, "HYPODEPTH2": 10, "HYPODEPTH3": 18, "MAXDEPTH": 50, "WHDEPTH1": 0.1, "WHDEPTH2": 0.4, "WHDEPTH3": 0.5, "MAXMAG01": 7.5, "MAXMAG02": 7.7, "MAXMAG03": 7.9, "MAXMAG04": 8.1, "WMAXMAG01": 0.5, "WMAXMAG02": 0.2, "WMAXMAG03": 0.2, "WMAXMAG04": 0.1, "STRIKE1": 0.0, "STRIKE2": 0.0, "STRIKE3": 0.0, "STRIKE4": 0.0, "DIP1": 0.0, "DIP2": 0.0, "DIP3": 0.0, "DIP4": 0.0, "DIRWEIGHT1": 0.0, "DIRWEIGHT2": 0.0, "DIRWEIGHT3": 0.0, "DIRWEIGHT4": 0.0, "FID_tras36": -1, "Shape_Leng": 121479.880982, "Shape_Area": 1329752.0604300001 }, "geometry": { "type": "MultiPolygon", "coordinates": [ [ [ [ 28.800000000482576, 35.500000000008235, 0.0 ], [ 28.484881273743682, 35.253110718768276, 0.0 ], [ 28.799637054158325, 35.500181643028334, 0.0 ], [ 28.800000000482576, 35.500000000008235, 0.0 ] ] ], [ [ [ 26.508298825045522, 33.999999998999016, 0.0 ], [ 26.400000000517228, 33.999999998999016, 0.0 ], [ 26.400000000517228, 34.000262933246326, 0.0 ], [ 26.400158999627585, 34.000262999527742, 0.0 ], [ 26.508298825045522, 33.999999998999016, 0.0 ] ] ] ] } },
{ "type": "Feature", "properties": { "FID_gras37": -1, "FID_mkas38": -1, "FID_alas99": -1, "FID_eshm13": 74, "OBJECTID_1": 74.0, "LONC": 29.184246, "LATC": 35.522617, "IDAS": "GRAS421", "A": 5.0, "B": 1.1, "TECREG": "Active", "TECTONICS": "Active Shallow Crust", "SS": 50, "NF": 0, "TF": 50, "MINDEPTH": 0, "HYPODEPTH1": 2, "HYPODEPTH2": 10, "HYPODEPTH3": 18, "MAXDEPTH": 20, "WHDEPTH1": 0.1, "WHDEPTH2": 0.4, "WHDEPTH3": 0.5, "MAXMAG01": 7.5, "MAXMAG02": 7.7, "MAXMAG03": 7.9, "MAXMAG04": 8.1, "WMAXMAG01": 0.5, "WMAXMAG02": 0.2, "WMAXMAG03": 0.2, "WMAXMAG04": 0.1, "STRIKE1": 37.712643, "STRIKE2": 0.0, "STRIKE3": 213.242, "STRIKE4": 319.103575, "DIP1": 57.636357, "DIP2": 0.0, "DIP3": 75.689, "DIP4": 22.091487, "DIRWEIGHT1": 0.109375, "DIRWEIGHT2": 0.0, "DIRWEIGHT3": 0.007812, "DIRWEIGHT4": 0.882812, "FID_tras36": -1, "Shape_Leng": 121479.880982, "Shape_Area": 1329752.0604300001 }, "geometry": { "type": "MultiPolygon", "coordinates": [ [ [ [ 28.800000000482576, 35.500000000008235, 0.0 ], [ 28.484881273743682, 35.253110718768276, 0.0 ], [ 28.799637054158325, 35.500181643028334, 0.0 ], [ 28.800000000482576, 35.500000000008235, 0.0 ] ] ], [ [ [ 26.508298825045522, 33.999999998999016, 0.0 ], [ 26.400000000517228, 33.999999998999016, 0.0 ], [ 26.400000000517228, 34.000262933246326, 0.0 ], [ 26.400158999627585, 34.000262999527742, 0.0 ], [ 26.508298825045522, 33.999999998999016, 0.0 ] ] ] ] } },
{ "type": "Feature", "properties": { "FID_gras37": -1, "FID_mkas38": -1, "FID_alas99": -1, "FID_eshm13": 62, "OBJECTID_1": 62.0, "LONC": 27.6, "LATC": 34.958141, "IDAS": "GRAS405", "A": 4.4, "B": 1.0, "TECREG": "Active", "TECTONICS": "Active Shallow Crust", "SS": 35, "NF": 15, "TF": 50, "MINDEPTH": 0, "HYPODEPTH1": 2, "HYPODEPTH2": 10, "HYPODEPTH3": 18, "MAXDEPTH": 50, "WHDEPTH1": 0.1, "WHDEPTH2": 0.4, "WHDEPTH3": 0.5, "MAXMAG01": 7.5, "MAXMAG02": 7.7, "MAXMAG03": 7.9, "MAXMAG04": 8.1, "WMAXMAG01": 0.5, "WMAXMAG02": 0.2, "WMAXMAG03": 0.2, "WMAXMAG04": 0.1, "STRIKE1": 0.0, "STRIKE2": 0.0, "STRIKE3": 0.0, "STRIKE4": 0.0, "DIP1": 0.0, "DIP2": 0.0, "DIP3": 0.0, "DIP4": 0.0, "DIRWEIGHT1": 0.0, "DIRWEIGHT2": 0.0, "DIRWEIGHT3": 0.0, "DIRWEIGHT4": 0.0, "FID_tras36": -1, "Shape_Leng": 94121.486011200002, "Shape_Area": 104771.083543 }, "geometry": { "type": "Polygon", "coordinates": [ [ [ 26.400000000517228, 34.000262983143571, 0.0 ], [ 26.400000000517228, 34.349999999433379, 0.0 ], [ 26.400040000700184, 34.000262999527742, 0.0 ], [ 26.400000000517228, 34.000262983143571, 0.0 ] ] ] } },
{ "type": "Feature", "properties": { "FID_gras37": -1, "FID_mkas38": -1, "FID_alas99": -1, "FID_eshm13": 83, "OBJECTID_1": 83.0, "LONC": 24.49653, "LATC": 34.349673, "IDAS": "GRAS974", "A": 4.3249, "B": 0.963, "TECREG": "Active", "TECTONICS": "Active Shallow Crust", "SS": 35, "NF": 15, "TF": 50, "MINDEPTH": 0, "HYPODEPTH1": 2, "HYPODEPTH2": 10, "HYPODEPTH3": 18, "MAXDEPTH": 50, "WHDEPTH1": 0.1, "WHDEPTH2": 0.4, "WHDEPTH3": 0.5, "MAXMAG01": 7.5, "MAXMAG02": 7.7, "MAXMAG03": 7.9, "MAXMAG04": 8.1, "WMAXMAG01": 0.5, "WMAXMAG02": 0.2, "WMAXMAG03": 0.2, "WMAXMAG04": 0.1, "STRIKE1": 0.0, "STRIKE2": 0.0, "STRIKE3": 0.0, "STRIKE4": 0.0, "DIP1": 0.0, "DIP2": 0.0, "DIP3": 0.0, "DIP4": 0.0, "DIRWEIGHT1": 0.0, "DIRWEIGHT2": 0.0, "DIRWEIGHT3": 0.0, "DIRWEIGHT4": 0.0, "FID_tras36": -1, "Shape_Leng": 94121.486011200002, "Shape_Area": 104771.083543 }, "geometry": { "type": "Polygon", "coordinates": [ [ [ 26.400000000517228, 34.000262983143571, 0.0 ], [ 26.400000000517228, 34.349999999433379, 0.0 ], [ 26.400040000700184, 34.000262999527742, 0.0 ], [ 26.400000000517228, 34.000262983143571, 0.0 ] ] ] } },
{ "type": "Feature", "properties": { "FID_gras37": -1, "FID_mkas38": -1, "FID_alas99": -1, "FID_eshm13": 65, "OBJECTID_1": 65.0, "LONC": 29.176776, "LATC": 36.035271, "IDAS": "TRAS408", "A": 3.9, "B": 0.9, "TECREG": "Active", "TECTONICS": "Active Shallow Crust", "SS": 20, "NF": 75, "TF": 5, "MINDEPTH": 0, "HYPODEPTH1": 2, "HYPODEPTH2": 10, "HYPODEPTH3": 18, "MAXDEPTH": 50, "WHDEPTH1": 0.1, "WHDEPTH2": 0.4, "WHDEPTH3": 0.5, "MAXMAG01": 7.5, "MAXMAG02": 7.7, "MAXMAG03": 7.9, "MAXMAG04": 8.1, "WMAXMAG01": 0.5, "WMAXMAG02": 0.2, "WMAXMAG03": 0.2, "WMAXMAG04": 0.1, "STRIKE1": 41.875, "STRIKE2": 0.0, "STRIKE3": 225.928435, "STRIKE4": 0.0, "DIP1": 55.902667, "DIP2": 0.0, "DIP3": 50.992826, "DIP4": 0.0, "DIRWEIGHT1": 0.477273, "DIRWEIGHT2": 0.0, "DIRWEIGHT3": 0.522727, "DIRWEIGHT4": 0.0, "FID_tras36": -1, "Shape_Leng": 69767.535550400004, "Shape_Area": 716324.46718299994 }, "geometry": { "type": "MultiPolygon", "coordinates": [ [ [ [ 29.273815914696108, 35.666450346407608, 0.0 ], [ 29.165617806582524, 35.668753901313934, 0.0 ], [ 29.273439000467526, 35.666658999919761, 0.0 ], [ 29.273815914696108, 35.666450346407608, 0.0 ] ] ], [ [ [ 28.800000000482576, 35.500000000008235, 0.0 ], [ 28.799637054158325, 35.500181643028334, 0.0 ], [ 28.799871000611159, 35.500364999873064, 0.0 ], [ 28.961863691841558, 35.602090608485348, 0.0 ], [ 28.800000000482576, 35.500000000008235, 0.0 ] ] ] ] } },
{ "type": "Feature", "properties": { "FID_gras37": -1, "FID_mkas38": -1, "FID_alas99": -1, "FID_eshm13": 74, "OBJECTID_1": 74.0, "LONC": 29.184246, "LATC": 35.522617, "IDAS": "GRAS421", "A": 5.0, "B": 1.1, "TECREG": "Active", "TECTONICS": "Active Shallow Crust", "SS": 50, "NF": 0, "TF": 50, "MINDEPTH": 0, "HYPODEPTH1": 2, "HYPODEPTH2": 10, "HYPODEPTH3": 18, "MAXDEPTH": 20, "WHDEPTH1": 0.1, "WHDEPTH2": 0.4, "WHDEPTH3": 0.5, "MAXMAG01": 7.5, "MAXMAG02": 7.7, "MAXMAG03": 7.9, "MAXMAG04": 8.1, "WMAXMAG01": 0.5, "WMAXMAG02": 0.2, "WMAXMAG03": 0.2, "WMAXMAG04": 0.1, "STRIKE1": 37.712643, "STRIKE2": 0.0, "STRIKE3": 213.242, "STRIKE4": 319.103575, "DIP1": 57.636357, "DIP2": 0.0, "DIP3": 75.689, "DIP4": 22.091487, "DIRWEIGHT1": 0.109375, "DIRWEIGHT2": 0.0, "DIRWEIGHT3": 0.007812, "DIRWEIGHT4": 0.882812, "FID_tras36": -1, "Shape_Leng": 69767.535550400004, "Shape_Area": 716324.46718299994 }, "geometry": { "type": "MultiPolygon", "coordinates": [ [ [ [ 29.273815914696108, 35.666450346407608, 0.0 ], [ 29.165617806582524, 35.668753901313934, 0.0 ], [ 29.273439000467526, 35.666658999919761, 0.0 ], [ 29.273815914696108, 35.666450346407608, 0.0 ] ] ], [ [ [ 28.800000000482576, 35.500000000008235, 0.0 ], [ 28.799637054158325, 35.500181643028334, 0.0 ], [ 28.799871000611159, 35.500364999873064, 0.0 ], [ 28.961863691841558, 35.602090608485348, 0.0 ], [ 28.800000000482576, 35.500000000008235, 0.0 ] ] ] ] } },
{ "type": "Feature", "properties": { "FID_gras37": -1, "FID_mkas38": -1, "FID_alas99": -1, "FID_eshm13": 66, "OBJECTID_1": 66.0, "LONC": 25.625663, "LATC": 39.921595, "IDAS": "TRAS410", "A": 3.4, "B": 0.9, "TECREG": "Active", "TECTONICS": "Active Shallow Crust", "SS": 50, "NF": 40, "TF": 10, "MINDEPTH": 0, "HYPODEPTH1": 2, "HYPODEPTH2": 10, "HYPODEPTH3": 18, "MAXDEPTH": 20, "WHDEPTH1": 0.1, "WHDEPTH2": 0.4, "WHDEPTH3": 0.5, "MAXMAG01": 8.0, "MAXMAG02": 8.2, "MAXMAG03": 8.4, "MAXMAG04": 8.6, "WMAXMAG01": 0.5, "WMAXMAG02": 0.2, "WMAXMAG03": 0.2, "WMAXMAG04": 0.1, "STRIKE1": 70.467462, "STRIKE2": 0.0, "STRIKE3": 230.040143, "STRIKE4": 274.622667, "DIP1": 64.270308, "DIP2": 0.0, "DIP3": 76.430929, "DIP4": 60.767333, "DIRWEIGHT1": 0.295455, "DIRWEIGHT2": 0.0, "DIRWEIGHT3": 0.636364, "DIRWEIGHT4": 0.068182, "FID_tras36": -1, "Shape_Leng": 91226.281671999997, "Shape_Area": 491752.84013899998 }, "geometry": { "type": "Polygon", "coordinates": [ [ [ 26.299999999433201, 39.934999999660924, 0.0 ], [ 26.22688542945091, 40.243357289758933, 0.0 ], [ 26.227070999829046, 40.24340500009972, 0.0 ], [ 26.299999999433201, 39.934999999660924, 0.0 ] ] ] } },
{ "type": "Feature", "properties": { "FID_gras37": -1, "FID_mkas38": -1, "FID_alas99": -1, "FID_eshm13": 75, "OBJECTID_1": 75.0, "LONC": 26.746201, "LATC": 40.243211, "IDAS": "TRAS423", "A": 2.8, "B": 0.84, "TECREG": "Active", "TECTONICS": "Active Shallow Crust", "SS": 50, "NF": 40, "TF": 10, "MINDEPTH": 0, "HYPODEPTH1": 2, "HYPODEPTH2": 10, "HYPODEPTH3": 18, "MAXDEPTH": 20, "WHDEPTH1": 0.1, "WHDEPTH2": 0.4, "WHDEPTH3": 0.5, "MAXMAG01": 8.0, "MAXMAG02": 8.2, "MAXMAG03": 8.4, "MAXMAG04": 8.6, "WMAXMAG01": 0.5, "WMAXMAG02": 0.2, "WMAXMAG03": 0.2, "WMAXMAG04": 0.1, "STRIKE1": 0.0, "STRIKE2": 119.411222, "STRIKE3": 249.116, "STRIKE4": 0.0, "DIP1": 0.0, "DIP2": 83.490778, "DIP3": 60.079667, "DIP4": 0.0, "DIRWEIGHT1": 0.0, "DIRWEIGHT2": 0.5, "DIRWEIGHT3": 0.5, "DIRWEIGHT4": 0.0, "FID_tras36": -1, "Shape_Leng": 91226.281671999997, "Shape_Area": 491752.84013899998 }, "geometry": { "type": "Polygon", "coordinates": [ [ [ 26.299999999433201, 39.934999999660924, 0.0 ], [ 26.22688542945091, 40.243357289758933, 0.0 ], [ 26.227070999829046, 40.24340500009972, 0.0 ], [ 26.299999999433201, 39.934999999660924, 0.0 ] ] ] } },
{ "type": "Feature", "properties": { "FID_gras37": -1, "FID_mkas38": -1, "FID_alas99": -1, "FID_eshm13": 68, "OBJECTID_1": 68.0, "LONC": 34.324478, "LATC": 39.202783, "IDAS": "TRAS412", "A": 3.4, "B": 0.9, "TECREG": "Active", "TECTONICS": "Active Shallow Crust", "SS": 50, "NF": 40, "TF": 10, "MINDEPTH": 0, "HYPODEPTH1": 2, "HYPODEPTH2": 10, "HYPODEPTH3": 18, "MAXDEPTH": 20, "WHDEPTH1": 0.1, "WHDEPTH2": 0.4, "WHDEPTH3": 0.5, "MAXMAG01": 7.5, "MAXMAG02": 7.7, "MAXMAG03": 7.9, "MAXMAG04": 8.1, "WMAXMAG01": 0.5, "WMAXMAG02": 0.2, "WMAXMAG03": 0.2, "WMAXMAG04": 0.1, "STRIKE1": 20.580261, "STRIKE2": 126.287875, "STRIKE3": 200.468, "STRIKE4": 305.095391, "DIP1": 71.304348, "DIP2": 82.274, "DIP3": 55.053, "DIP4": 86.134937, "DIRWEIGHT1": 0.106977, "DIRWEIGHT2": 0.074419, "DIRWEIGHT3": 0.009302, "DIRWEIGHT4": 0.809302, "FID_tras36": -1, "Shape_Leng": 176084.03111499999, "Shape_Area": 403815.39237000002 }, "geometry": { "type": "Polygon", "coordinates": [ [ [ 33.703768351469186, 39.982589647642406, 0.0 ], [ 33.70313600039124, 39.982386999684508, 0.0 ], [ 33.212161000321402, 39.506569000073576, 0.0 ], [ 33.703552000317835, 39.982889999600346, 0.0 ], [ 33.703768351469186, 39.982589647642406, 0.0 ] ] ] } },
{ "type": "Feature", "properties": { "FID_gras37": -1, "FID_mkas38": -1, "FID_alas99": -1, "FID_eshm13": 71, "OBJECTID_1": 71.0, "LONC": 32.846936, "LATC": 39.93054, "IDAS": "TRAS416", "A": 4.5, "B": 1.0, "TECREG": "Active", "TECTONICS": "Active Shallow Crust", "SS": 75, "NF": 25, "TF": 0, "MINDEPTH": 0, "HYPODEPTH1": 2, "HYPODEPTH2": 10, "HYPODEPTH3": 18, "MAXDEPTH": 20, "WHDEPTH1": 0.1, "WHDEPTH2": 0.4, "WHDEPTH3": 0.5, "MAXMAG01": 7.5, "MAXMAG02": 7.7, "MAXMAG03": 7.9, "MAXMAG04": 8.1, "WMAXMAG01": 0.5, "WMAXMAG02": 0.2, "WMAXMAG03": 0.2, "WMAXMAG04": 0.1, "STRIKE1": 40.994543, "STRIKE2": 141.937833, "STRIKE3": 207.262551, "STRIKE4": 315.019411, "DIP1": 72.909252, "DIP2": 66.6765, "DIP3": 68.719737, "DIP4": 75.819232, "DIRWEIGHT1": 0.473684, "DIRWEIGHT2": 0.012146, "DIRWEIGHT3": 0.40081, "DIRWEIGHT4": 0.11336, "FID_tras36": -1, "Shape_Leng": 176084.03111499999, "Shape_Area": 403815.39237000002 }, "geometry": { "type": "Polygon", "coordinates": [ [ [ 33.703768351469186, 39.982589647642406, 0.0 ], [ 33.70313600039124, 39.982386999684508, 0.0 ], [ 33.212161000321402, 39.506569000073576, 0.0 ], [ 33.703552000317835, 39.982889999600346, 0.0 ], [ 33.703768351469186, 39.982589647642406, 0.0 ] ] ] } },
{ "type": "Feature", "properties": { "FID_gras37": -1, "FID_mkas38": -1, "FID_alas99": -1, "FID_eshm13": 74, "OBJECTID_1": 74.0, "LONC": 29.184246, "LATC": 35.522617, "IDAS": "GRAS421", "A": 5.0, "B": 1.1, "TECREG": "Active", "TECTONICS": "Active Shallow Crust", "SS": 50, "NF": 0, "TF": 50, "MINDEPTH": 0, "HYPODEPTH1": 2, "HYPODEPTH2": 10, "HYPODEPTH3": 18, "MAXDEPTH": 20, "WHDEPTH1": 0.1, "WHDEPTH2": 0.4, "WHDEPTH3": 0.5, "MAXMAG01": 7.5, "MAXMAG02": 7.7, "MAXMAG03": 7.9, "MAXMAG04": 8.1, "WMAXMAG01": 0.5, "WMAXMAG02": 0.2, "WMAXMAG03": 0.2, "WMAXMAG04": 0.1, "STRIKE1": 37.712643, "STRIKE2": 0.0, "STRIKE3": 213.242, "STRIKE4": 319.103575, "DIP1": 57.636357, "DIP2": 0.0, "DIP3": 75.689, "DIP4": 22.091487, "DIRWEIGHT1": 0.109375, "DIRWEIGHT2": 0.0, "DIRWEIGHT3": 0.007812, "DIRWEIGHT4": 0.882812, "FID_tras36": -1, "Shape_Leng": 249536.204042, "Shape_Area": 7476580.7830800004 }, "geometry": { "type": "MultiPolygon", "coordinates": [ [ [ [ 21.300385171572085, 36.100534901727933, 0.0 ], [ 20.940679999417082, 36.549150000256212, 0.0 ], [ 20.693741673485949, 36.858311423900837, 0.0 ], [ 21.300385171572085, 36.100534901727933, 0.0 ] ] ], [ [ [ 21.701664531382995, 35.601836296796428, 0.0 ], [ 21.701664000478644, 35.601835999521988, 0.0 ], [ 21.701662889262636, 35.601837384368103, 0.0 ], [ 21.701664531382995, 35.601836296796428, 0.0 ] ] ] ] } },
{ "type": "Feature", "properties": { "FID_gras37": -1, "FID_mkas38": -1, "FID_alas99": -1, "FID_eshm13": 82, "OBJECTID_1": 82.0, "LONC": 21.3, "LATC": 36.850172, "IDAS": "GRAS975", "A": 3.9751, "B": 0.918, "TECREG": "Active", "TECTONICS": "Active Shallow Crust", "SS": 35, "NF": 15, "TF": 50, "MINDEPTH": 0, "HYPODEPTH1": 2, "HYPODEPTH2": 10, "HYPODEPTH3": 18, "MAXDEPTH": 50, "WHDEPTH1": 0.1, "WHDEPTH2": 0.4, "WHDEPTH3": 0.5, "MAXMAG01": 7.5, "MAXMAG02": 7.7, "MAXMAG03": 7.9, "MAXMAG04": 8.1, "WMAXMAG01": 0.5, "WMAXMAG02": 0.2, "WMAXMAG03": 0.2, "WMAXMAG04": 0.1, "STRIKE1": 0.0, "STRIKE2": 0.0, "STRIKE3": 216.172184, "STRIKE4": 291.6045, "DIP1": 0.0, "DIP2": 0.0, "DIP3": 75.687959, "DIP4": 22.9705, "DIRWEIGHT1": 0.0, "DIRWEIGHT2": 0.0, "DIRWEIGHT3": 0.960784, "DIRWEIGHT4": 0.039216, "FID_tras36": -1, "Shape_Leng": 249536.204042, "Shape_Area": 7476580.7830800004 }, "geometry": { "type": "MultiPolygon", "coordinates": [ [ [ [ 21.300385171572085, 36.100534901727933, 0.0 ], [ 20.940679999417082, 36.549150000256212, 0.0 ], [ 20.693741673485949, 36.858311423900837, 0.0 ], [ 21.300385171572085, 36.100534901727933, 0.0 ] ] ], [ [ [ 21.701664531382995, 35.601836296796428, 0.0 ], [ 21.701664000478644, 35.601835999521988, 0.0 ], [ 21.701662889262636, 35.601837384368103, 0.0 ], [ 21.701664531382995, 35.601836296796428, 0.0 ] ] ] ] } },
{ "type": "Feature", "properties": { "FID_gras37": -1, "FID_mkas38": -1, "FID_alas99": -1, "FID_eshm13": 74, "OBJECTID_1": 74.0, "LONC": 29.184246, "LATC": 35.522617, "IDAS": "GRAS421", "A": 5.0, "B": 1.1, "TECREG": "Active", "TECTONICS": "Active Shallow Crust", "SS": 50, "NF": 0, "TF": 50, "MINDEPTH": 0, "HYPODEPTH1": 2, "HYPODEPTH2": 10, "HYPODEPTH3": 18, "MAXDEPTH": 20, "WHDEPTH1": 0.1, "WHDEPTH2": 0.4, "WHDEPTH3": 0.5, "MAXMAG01": 7.5, "MAXMAG02": 7.7, "MAXMAG03": 7.9, "MAXMAG04": 8.1, "WMAXMAG01": 0.5, "WMAXMAG02": 0.2, "WMAXMAG03": 0.2, "WMAXMAG04": 0.1, "STRIKE1": 37.712643, "STRIKE2": 0.0, "STRIKE3": 213.242, "STRIKE4": 319.103575, "DIP1": 57.636357, "DIP2": 0.0, "DIP3": 75.689, "DIP4": 22.091487, "DIRWEIGHT1": 0.109375, "DIRWEIGHT2": 0.0, "DIRWEIGHT3": 0.007812, "DIRWEIGHT4": 0.882812, "FID_tras36": -1, "Shape_Leng": 0.80745784298800005, "Shape_Area": 0.0105275101889 }, "geometry": { "type": "Polygon", "coordinates": [ [ [ 23.800142941006801, 34.200115564332904, 0.0 ], [ 23.800140000820864, 34.200116999766585, 0.0 ], [ 23.800140361943598, 34.200117301415702, 0.0 ], [ 23.800142941006801, 34.200115564332904, 0.0 ] ] ] } },
{ "type": "Feature", "properties": { "FID_gras37": -1, "FID_mkas38": -1, "FID_alas99": -1, "FID_eshm13": 83, "OBJECTID_1": 83.0, "LONC": 24.49653, "LATC": 34.349673, "IDAS": "GRAS974", "A": 4.3249, "B": 0.963, "TECREG": "Active", "TECTONICS": "Active Shallow Crust", "SS": 35, "NF": 15, "TF": 50, "MINDEPTH": 0, "HYPODEPTH1": 2, "HYPODEPTH2": 10, "HYPODEPTH3": 18, "MAXDEPTH": 50, "WHDEPTH1": 0.1, "WHDEPTH2": 0.4, "WHDEPTH3": 0.5, "MAXMAG01": 7.5, "MAXMAG02": 7.7, "MAXMAG03": 7.9, "MAXMAG04": 8.1, "WMAXMAG01": 0.5, "WMAXMAG02": 0.2, "WMAXMAG03": 0.2, "WMAXMAG04": 0.1, "STRIKE1": 0.0, "STRIKE2": 0.0, "STRIKE3": 0.0, "STRIKE4": 0.0, "DIP1": 0.0, "DIP2": 0.0, "DIP3": 0.0, "DIP4": 0.0, "DIRWEIGHT1": 0.0, "DIRWEIGHT2": 0.0, "DIRWEIGHT3": 0.0, "DIRWEIGHT4": 0.0, "FID_tras36": -1, "Shape_Leng": 0.80745784298800005, "Shape_Area": 0.0105275101889 }, "geometry": { "type": "Polygon", "coordinates": [ [ [ 23.800142941006801, 34.200115564332904, 0.0 ], [ 23.800140000820864, 34.200116999766585, 0.0 ], [ 23.800140361943598, 34.200117301415702, 0.0 ], [ 23.800142941006801, 34.200115564332904, 0.0 ] ] ] } },
{ "type": "Feature", "properties": { "FID_gras37": -1, "FID_mkas38": -1, "FID_alas99": -1, "FID_eshm13": 74, "OBJECTID_1": 74.0, "LONC": 29.184246, "LATC": 35.522617, "IDAS": "GRAS421", "A": 5.0, "B": 1.1, "TECREG": "Active", "TECTONICS": "Active Shallow Crust", "SS": 50, "NF": 0, "TF": 50, "MINDEPTH": 0, "HYPODEPTH1": 2, "HYPODEPTH2": 10, "HYPODEPTH3": 18, "MAXDEPTH": 20, "WHDEPTH1": 0.1, "WHDEPTH2": 0.4, "WHDEPTH3": 0.5, "MAXMAG01": 7.5, "MAXMAG02": 7.7, "MAXMAG03": 7.9, "MAXMAG04": 8.1, "WMAXMAG01": 0.5, "WMAXMAG02": 0.2, "WMAXMAG03": 0.2, "WMAXMAG04": 0.1, "STRIKE1": 37.712643, "STRIKE2": 0.0, "STRIKE3": 213.242, "STRIKE4": 319.103575, "DIP1": 57.636357, "DIP2": 0.0, "DIP3": 75.689, "DIP4": 22.091487, "DIRWEIGHT1": 0.109375, "DIRWEIGHT2": 0.0, "DIRWEIGHT3": 0.007812, "DIRWEIGHT4": 0.882812, "FID_tras36": -1, "Shape_Leng": 144398.62103400001, "Shape_Area": 8229963.1930900002 }, "geometry": { "type": "Polygon", "coordinates": [ [ [ 23.800140361943598, 34.200117301415702, 0.0 ], [ 23.800140000820864, 34.200116999766585, 0.0 ], [ 23.296801387782711, 34.536331796836052, 0.0 ], [ 23.296801556665965, 34.536332006996702, 0.0 ], [ 23.298022288983656, 34.537691207073152, 0.0 ], [ 23.800140361943598, 34.200117301415702, 0.0 ] ] ] } },
{ "type": "Feature", "properties": { "FID_gras37": -1, "FID_mkas38": -1, "FID_alas99": -1, "FID_eshm13": 87, "OBJECTID_1": 31.0, "LONC": 23.050832, "LATC": 35.125059, "IDAS": "GRAS400", "A": 4.1, "B": 1.0, "TECREG": "Active", "TECTONICS": "Active Shallow Crust", "SS": 35, "NF": 15, "TF": 50, "MINDEPTH": 0, "HYPODEPTH1": 2, "HYPODEPTH2": 10, "HYPODEPTH3": 18, "MAXDEPTH": 50, "WHDEPTH1": 0.1, "WHDEPTH2": 0.4, "WHDEPTH3": 0.5, "MAXMAG01": 7.1, "MAXMAG02": 7.7, "MAXMAG03": 7.9, "MAXMAG04": 8.1, "WMAXMAG01": 0.5, "WMAXMAG02": 0.2, "WMAXMAG03": 0.2, "WMAXMAG04": 0.1, "STRIKE1": 0.0, "STRIKE2": 0.0, "STRIKE3": 0.0, "STRIKE4": 0.0, "DIP1": 0.0, "DIP2": 0.0, "DIP3": 0.0, "DIP4": 0.0, "DIRWEIGHT1": 0.0, "DIRWEIGHT2": 0.0, "DIRWEIGHT3": 0.0, "DIRWEIGHT4": 0.0, "FID_tras36": -1, "Shape_Leng": 144398.62103400001, "Shape_Area": 8229963.1930900002 }, "geometry": { "type": "Polygon", "coordinates": [ [ [ 23.800140361943598, 34.200117301415702, 0.0 ], [ 23.800140000820864, 34.200116999766585, 0.0 ], [ 23.296801387782711, 34.536331796836052, 0.0 ], [ 23.296801556665965, 34.536332006996702, 0.0 ], [ 23.298022288983656, 34.537691207073152, 0.0 ], [ 23.800140361943598, 34.200117301415702, 0.0 ] ] ] } },
{ "type": "Feature", "properties": { "FID_gras37": 1, "FID_mkas38": -1, "FID_alas99": -1, "FID_eshm13": 21, "OBJECTID_1": 21.0, "LONC": 23.508196, "LATC": 36.75, "IDAS": "GRAS381", "A": 3.4, "B": 0.9, "TECREG": "Active", "TECTONICS": "Active Shallow Crust", "SS": 25, "NF": 50, "TF": 25, "MINDEPTH": 0, "HYPODEPTH1": 2, "HYPODEPTH2": 10, "HYPODEPTH3": 18, "MAXDEPTH": 20, "WHDEPTH1": 0.1, "WHDEPTH2": 0.4, "WHDEPTH3": 0.5, "MAXMAG01": 7.5, "MAXMAG02": 7.7, "MAXMAG03": 7.9, "MAXMAG04": 8.1, "WMAXMAG01": 0.5, "WMAXMAG02": 0.2, "WMAXMAG03": 0.2, "WMAXMAG04": 0.1, "STRIKE1": 50.786882, "STRIKE2": 116.653104, "STRIKE3": 248.04414, "STRIKE4": 318.021659, "DIP1": 54.111706, "DIP2": 52.67326, "DIP3": 56.645442, "DIP4": 55.237734, "DIRWEIGHT1": 0.051672, "DIRWEIGHT2": 0.291793, "DIRWEIGHT3": 0.130699, "DIRWEIGHT4": 0.525836, "FID_tras36": -1, "Shape_Leng": 9.8453009762299999, "Shape_Area": 0.0072527704342699997 }, "geometry": { "type": "Polygon", "coordinates": [ [ [ 22.650036333550634, 37.737519917446015, 0.0 ], [ 22.649999999392332, 37.737500000436121, 0.0 ], [ 22.650036315584323, 37.737519933074999, 0.0 ], [ 22.650036333550634, 37.737519917446015, 0.0 ] ] ] } },
{ "type": "Feature", "properties": { "FID_gras37": 1, "FID_mkas38": -1, "FID_alas99": -1, "FID_eshm13": 92, "OBJECTID_1": 81.0, "LONC": 21.925, "LATC": 38.25, "IDAS": "GRAS976", "A": 3.0588, "B": 0.745, "TECREG": "Active", "TECTONICS": "Active Shallow Crust", "SS": 25, "NF": 50, "TF": 25, "MINDEPTH": 0, "HYPODEPTH1": 2, "HYPODEPTH2": 10, "HYPODEPTH3": 18, "MAXDEPTH": 20, "WHDEPTH1": 0.1, "WHDEPTH2": 0.4, "WHDEPTH3": 0.5, "MAXMAG01": 7.5, "MAXMAG02": 7.7, "MAXMAG03": 7.9, "MAXMAG04": 8.1, "WMAXMAG01": 0.5, "WMAXMAG02": 0.2, "WMAXMAG03": 0.2, "WMAXMAG04": 0.1, "STRIKE1": 65.3675, "STRIKE2": 104.610411, "STRIKE3": 253.542529, "STRIKE4": 288.026209, "DIP1": 57.402604, "DIP2": 56.564422, "DIP3": 54.182569, "DIP4": 41.811018, "DIRWEIGHT1": 0.160535, "DIRWEIGHT2": 0.301003, "DIRWEIGHT3": 0.170569, "DIRWEIGHT4": 0.367893, "FID_tras36": -1, "Shape_Leng": 9.8453009762299999, "Shape_Area": 0.0072527704342699997 }, "geometry": { "type": "Polygon", "coordinates": [ [ [ 22.650036333550634, 37.737519917446015, 0.0 ], [ 22.649999999392332, 37.737500000436121, 0.0 ], [ 22.650036315584323, 37.737519933074999, 0.0 ], [ 22.650036333550634, 37.737519917446015, 0.0 ] ] ] } },
{ "type": "Feature", "properties": { "FID_gras37": -1, "FID_mkas38": -1, "FID_alas99": -1, "FID_eshm13": 36, "OBJECTID_1": 36.0, "LONC": 27.539141, "LATC": 39.053559, "IDAS": "TRAS337", "A": 4.0, "B": 1.0, "TECREG": "Active", "TECTONICS": "Active Shallow Crust", "SS": 50, "NF": 30, "TF": 20, "MINDEPTH": 0, "HYPODEPTH1": 2, "HYPODEPTH2": 10, "HYPODEPTH3": 18, "MAXDEPTH": 20, "WHDEPTH1": 0.1, "WHDEPTH2": 0.4, "WHDEPTH3": 0.5, "MAXMAG01": 7.1, "MAXMAG02": 7.3, "MAXMAG03": 7.5, "MAXMAG04": 7.7, "WMAXMAG01": 0.5, "WMAXMAG02": 0.2, "WMAXMAG03": 0.2, "WMAXMAG04": 0.1, "STRIKE1": 30.419048, "STRIKE2": 140.936, "STRIKE3": 222.644186, "STRIKE4": 286.409381, "DIP1": 82.142857, "DIP2": 79.688724, "DIP3": 73.042323, "DIP4": 70.201071, "DIRWEIGHT1": 0.153285, "DIRWEIGHT2": 0.105839, "DIRWEIGHT3": 0.587591, "DIRWEIGHT4": 0.153285, "FID_tras36": -1, "Shape_Leng": 156.948616974, "Shape_Area": 1426.6639302799999 }, "geometry": { "type": "Polygon", "coordinates": [ [ [ 27.678193423663895, 38.831335387954425, 0.0 ], [ 27.678026650533091, 38.83112414616938, 0.0 ], [ 27.677647000036146, 38.831180999506074, 0.0 ], [ 27.677814188188609, 38.831392374081119, 0.0 ], [ 27.678193423663895, 38.831335387954425, 0.0 ] ] ] } },
{ "type": "Feature", "properties": { "FID_gras37": -1, "FID_mkas38": -1, "FID_alas99": -1, "FID_eshm13": 38, "OBJECTID_1": 38.0, "LONC": 28.645346, "LATC": 38.231119, "IDAS": "TRAS339", "A": 4.0, "B": 0.9, "TECREG": "Active", "TECTONICS": "Active Shallow Crust", "SS": 20, "NF": 75, "TF": 5, "MINDEPTH": 0, "HYPODEPTH1": 2, "HYPODEPTH2": 10, "HYPODEPTH3": 18, "MAXDEPTH": 20, "WHDEPTH1": 0.1, "WHDEPTH2": 0.4, "WHDEPTH3": 0.5, "MAXMAG01": 7.1, "MAXMAG02": 7.3, "MAXMAG03": 7.5, "MAXMAG04": 7.7, "WMAXMAG01": 0.5, "WMAXMAG02": 0.2, "WMAXMAG03": 0.2, "WMAXMAG04": 0.1, "STRIKE1": 59.418345, "STRIKE2": 119.574317, "STRIKE3": 237.209864, "STRIKE4": 294.876788, "DIP1": 50.260793, "DIP2": 50.561829, "DIP3": 53.882833, "DIP4": 53.53303, "DIRWEIGHT1": 0.105072, "DIRWEIGHT2": 0.297101, "DIRWEIGHT3": 0.23913, "DIRWEIGHT4": 0.358696, "FID_tras36": -1, "Shape_Leng": 156.948616974, "Shape_Area": 1426.6639302799999 }, "geometry": { "type": "Polygon", "coordinates": [ [ [ 27.678193423663895, 38.831335387954425, 0.0 ], [ 27.678026650533091, 38.83112414616938, 0.0 ], [ 27.677647000036146, 38.831180999506074, 0.0 ], [ 27.677814188188609, 38.831392374081119, 0.0 ], [ 27.678193423663895, 38.831335387954425, 0.0 ] ] ] } },
{ "type": "Feature", "properties": { "FID_gras37": -1, "FID_mkas38": -1, "FID_alas99": -1, "FID_eshm13": 67, "OBJECTID_1": 67.0, "LONC": 29.165705, "LATC": 38.499284, "IDAS": "TRAS411", "A": 3.3, "B": 0.81, "TECREG": "Active", "TECTONICS": "Active Shallow Crust", "SS": 35, "NF": 65, "TF": 0, "MINDEPTH": 0, "HYPODEPTH1": 2, "HYPODEPTH2": 10, "HYPODEPTH3": 18, "MAXDEPTH": 20, "WHDEPTH1": 0.1, "WHDEPTH2": 0.4, "WHDEPTH3": 0.5, "MAXMAG01": 7.1, "MAXMAG02": 7.3, "MAXMAG03": 7.5, "MAXMAG04": 7.7, "WMAXMAG01": 0.5, "WMAXMAG02": 0.2, "WMAXMAG03": 0.2, "WMAXMAG04": 0.1, "STRIKE1": 34.454, "STRIKE2": 142.092091, "STRIKE3": 212.917, "STRIKE4": 324.928176, "DIP1": 51.946942, "DIP2": 52.858682, "DIP3": 54.773196, "DIP4": 54.550412, "DIRWEIGHT1": 0.307692, "DIRWEIGHT2": 0.260355, "DIRWEIGHT3": 0.331361, "DIRWEIGHT4": 0.100592, "FID_tras36": -1, "Shape_Leng": 156.948616974, "Shape_Area": 1426.6639302799999 }, "geometry": { "type": "Polygon", "coordinates": [ [ [ 27.678193423663895, 38.831335387954425, 0.0 ], [ 27.678026650533091, 38.83112414616938, 0.0 ], [ 27.677647000036146, 38.831180999506074, 0.0 ], [ 27.677814188188609, 38.831392374081119, 0.0 ], [ 27.678193423663895, 38.831335387954425, 0.0 ] ] ] } }
]
}
