{
"type": "FeatureCollection",
"name": "GR_ESHM13",
"crs": { "type": "name", "properties": { "name": "urn:ogc:def:crs:OGC:1.3:CRS84" } },
"features": [
{ "type": "Feature", "properties": { "OBJECTID_1": 172.0, "LONC": 19.585241, "LATC": 41.291397, "IDAS": "ALAS179", "A": 4.0, "B": 0.9, "TECREG": "Active", "TECTONICS": "Active Shallow Crust", "SS": 20, "NF": 60, "TF": 20, "MINDEPTH": 0, "HYPODEPTH1": 2, "HYPODEPTH2": 10, "HYPODEPTH3": 18, "MAXDEPTH": 13, "WHDEPTH1": 0.1, "WHDEPTH2": 0.4, "WHDEPTH3": 0.5, "MAXMAG01": 7.4, "MAXMAG02": 7.6, "MAXMAG03": 7.8, "MAXMAG04": 8.0, "WMAXMAG01": 0.5, "WMAXMAG02": 0.2, "WMAXMAG03": 0.2, "WMAXMAG04": 0.1, "STRIKE1": 9.135375, "STRIKE2": 151.406091, "STRIKE3": 0.0, "STRIKE4": 339.52339, "DIP1": 27.49675, "DIP2": 26.830136, "DIP3": 0.0, "DIP4": 32.948413, "DIRWEIGHT1": 0.024242, "DIRWEIGHT2": 0.066667, "DIRWEIGHT3": 0.0, "DIRWEIGHT4": 0.909091, "Shape_Leng": 4.3207170710599998, "Shape_Area": 0.96776314181099998 }, "geometry": { "type": "Polygon", "coordinates": [ [ [ 19.230645999913008, 40.539546999994116 ], [ 19.062236726843537, 40.587654791235707 ], [ 19.181572000447488, 41.046134999730498 ], [ 19.216013815285407, 41.374679271331331 ], [ 19.318519180615738, 41.655278388686725 ], [ 19.688748000320004, 41.91283900031965 ], [ 19.8266284303578, 41.828098227551209 ], [ 19.890343906246301, 41.333149731275114 ], [ 19.996759826904565, 41.389178342806304 ], [ 20.092224345077511, 41.047635643570175 ], [ 19.93764600026276, 40.956808000189085 ], [ 20.080896883884122, 40.555326375112202 ], [ 19.230645999913008, 40.539546999994116 ] ] ] } },
{ "type": "Feature", "properties": { "OBJECTID_1": 198.0, "LONC": 23.728108, "LATC": 42.390194, "IDAS": "BGASv1", "A": 3.5, "B": 1.0, "TECREG": "Active", "TECTONICS": "Active Shallow Crust", "SS": 20, "NF": 60, "TF": 20, "MINDEPTH": 0, "HYPODEPTH1": 2, "HYPODEPTH2": 10, "HYPODEPTH3": 18, "MAXDEPTH": 20, "WHDEPTH1": 0.1, "WHDEPTH2": 0.4, "WHDEPTH3": 0.5, "MAXMAG01": 7.5, "MAXMAG02": 7.7, "MAXMAG03": 7.9, "MAXMAG04": 8.1, "WMAXMAG01": 0.5, "WMAXMAG02": 0.2, "WMAXMAG03": 0.2, "WMAXMAG04": 0.1, "STRIKE1": 0.0, "STRIKE2": 122.508, "STRIKE3": 0.0, "STRIKE4": 299.038773, "DIP1": 0.0, "DIP2": 57.745667, "DIP3": 0.0, "DIP4": 50.042918, "DIRWEIGHT1": 0.0, "DIRWEIGHT2": 0.03, "DIRWEIGHT3": 0.0, "DIRWEIGHT4": 0.97, "Shape_Leng": 4.1819012796599999, "Shape_Area": 0.928483231129 }, "geometry": { "type": "Polygon", "coordinates": [ [ [ 24.480907999704471, 42.308487000274908 ], [ 24.453330084116146, 42.021977964711368 ], [ 24.031466915765577, 42.166573720600752 ], [ 23.728470835760504, 42.281871361973856 ], [ 22.975306999818258, 42.454643999920734 ], [ 23.041794000093091, 42.618538000028707 ], [ 23.270631000320463, 43.184756000389143 ], [ 24.016341999783492, 42.929236999987609 ], [ 24.219703999739863, 42.659118999941938 ], [ 24.420200999776341, 42.390063000307293 ], [ 24.480907999704471, 42.308487000274908 ] ] ] } },
{ "type": "Feature", "properties": { "OBJECTID_1": 199.0, "LONC": 24.441992, "LATC": 41.820509, "IDAS": "BGAS2v1", "A": 3.9, "B": 1.0, "TECREG": "Active", "TECTONICS": "Active Shallow Crust", "SS": 20, "NF": 60, "TF": 20, "MINDEPTH": 0, "HYPODEPTH1": 2, "HYPODEPTH2": 10, "HYPODEPTH3": 18, "MAXDEPTH": 20, "WHDEPTH1": 0.1, "WHDEPTH2": 0.4, "WHDEPTH3": 0.5, "MAXMAG01": 7.5, "MAXMAG02": 7.7, "MAXMAG03": 7.9, "MAXMAG04": 8.1, "WMAXMAG01": 0.5, "WMAXMAG02": 0.2, "WMAXMAG03": 0.2, "WMAXMAG04": 0.1, "STRIKE1": 79.33825, "STRIKE2": 107.218621, "STRIKE3": 229.734133, "STRIKE4": 303.919385, "DIP1": 57.634, "DIP2": 57.998, "DIP3": 55.7506, "DIP4": 55.537077, "DIRWEIGHT1": 0.045977, "DIRWEIGHT2": 0.333333, "DIRWEIGHT3": 0.172414, "DIRWEIGHT4": 0.448276, "Shape_Leng": 6.9757190389200003, "Shape_Area": 1.2877684630299999 }, "geometry": { "type": "Polygon", "coordinates": [ [ [ 25.203364999695054, 41.18637399986028 ], [ 24.985921999700565, 41.403647000109004 ], [ 24.531016000088357, 41.500767000196959 ], [ 24.282185353970988, 41.502558107071025 ], [ 22.975306999818258, 42.454643999920734 ], [ 23.728470835760504, 42.281871361973856 ], [ 24.043545648113195, 42.161977458293109 ], [ 24.453330084116146, 42.021977964711368 ], [ 24.771256750098985, 42.000273019584256 ], [ 25.004928000227096, 41.901399999810224 ], [ 25.164077000053567, 41.840557999951784 ], [ 26.102444000390335, 41.632763999758822 ], [ 25.993482000094275, 41.377344000325422 ], [ 25.799815000262129, 41.32616600006088 ], [ 25.69994099997723, 41.299827000415803 ], [ 25.348712999805173, 41.219635000355026 ], [ 25.203364999695054, 41.18637399986028 ] ] ] } },
{ "type": "Feature", "properties": { "OBJECTID_1": 218.0, "LONC": 25.35323, "LATC": 41.992036, "IDAS": "BGAS227", "A": 2.7, "B": 0.8, "TECREG": "Active", "TECTONICS": "Active Shallow Crust", "SS": 20, "NF": 60, "TF": 20, "MINDEPTH": 0, "HYPODEPTH1": 2, "HYPODEPTH2": 10, "HYPODEPTH3": 18, "MAXDEPTH": 20, "WHDEPTH1": 0.1, "WHDEPTH2": 0.4, "WHDEPTH3": 0.5, "MAXMAG01": 7.5, "MAXMAG02": 7.7, "MAXMAG03": 7.9, "MAXMAG04": 8.1, "WMAXMAG01": 0.5, "WMAXMAG02": 0.2, "WMAXMAG03": 0.2, "WMAXMAG04": 0.1, "STRIKE1": 87.689929, "STRIKE2": 95.354095, "STRIKE3": 267.4575, "STRIKE4": 291.118733, "DIP1": 47.769857, "DIP2": 47.603284, "DIP3": 47.6045, "DIP4": 44.80055, "DIRWEIGHT1": 0.047619, "DIRWEIGHT2": 0.251701, "DIRWEIGHT3": 0.013605, "DIRWEIGHT4": 0.687075, "Shape_Leng": 4.2803226186399996, "Shape_Area": 0.78506410827700002 }, "geometry": { "type": "Polygon", "coordinates": [ [ [ 24.453330084116146, 42.021977964711368 ], [ 24.480907999704471, 42.308487000274908 ], [ 25.016844000250444, 42.351307000018096 ], [ 25.36728099991825, 42.298733000127925 ], [ 25.906266999922138, 42.215806999893175 ], [ 26.276666000135833, 42.036587999936273 ], [ 26.102444000390335, 41.632763999758822 ], [ 25.164077000053567, 41.840557999951784 ], [ 25.004928000227096, 41.901399999810224 ], [ 24.771256750098985, 42.000273019584256 ], [ 24.453330084116146, 42.021977964711368 ] ] ] } },
{ "type": "Feature", "properties": { "OBJECTID_1": 295.0, "LONC": 19.015857, "LATC": 40.26261, "IDAS": "ALAS314", "A": 3.8, "B": 1.0, "TECREG": "Active", "TECTONICS": "Active Shallow Crust", "SS": 40, "NF": 10, "TF": 50, "MINDEPTH": 10, "HYPODEPTH1": 10, "HYPODEPTH2": 12, "HYPODEPTH3": 0, "MAXDEPTH": 12, "WHDEPTH1": 0.3, "WHDEPTH2": 0.7, "WHDEPTH3": 0.0, "MAXMAG01": 7.4, "MAXMAG02": 7.6, "MAXMAG03": 7.8, "MAXMAG04": 8.0, "WMAXMAG01": 0.5, "WMAXMAG02": 0.2, "WMAXMAG03": 0.2, "WMAXMAG04": 0.1, "STRIKE1": 0.0, "STRIKE2": 0.0, "STRIKE3": 0.0, "STRIKE4": 0.0, "DIP1": 0.0, "DIP2": 0.0, "DIP3": 0.0, "DIP4": 0.0, "DIRWEIGHT1": 0.0, "DIRWEIGHT2": 0.0, "DIRWEIGHT3": 0.0, "DIRWEIGHT4": 0.0, "Shape_Leng": 2.7125744470500002, "Shape_Area": 0.32651885550499998 }, "geometry": { "type": "Polygon", "coordinates": [ [ [ 20.200000000199907, 38.600000000299815 ], [ 19.482133909752179, 38.20000000019985 ], [ 18.812335999906509, 38.816193000206908 ], [ 18.540405999936979, 39.0438340001391 ], [ 18.381872217051807, 39.176574477100928 ], [ 18.616294939790066, 39.633621230023664 ], [ 19.062236726843594, 40.587654791235707 ], [ 19.230645999913122, 40.539546999994229 ], [ 19.222569999805728, 40.290941000027203 ], [ 20.203748000370013, 38.90025599981459 ], [ 20.200000000199907, 38.600000000299815 ] ] ] } },
{ "type": "Feature", "properties": { "OBJECTID_1": 315.0, "LONC": 20.061285, "LATC": 39.725473, "IDAS": "GRAS3v0", "A": 3.65, "B": 0.8, "TECREG": "Active", "TECTONICS": "Active Shallow Crust", "SS": 20, "NF": 60, "TF": 20, "MINDEPTH": 0, "HYPODEPTH1": 2, "HYPODEPTH2": 10, "HYPODEPTH3": 18, "MAXDEPTH": 20, "WHDEPTH1": 0.1, "WHDEPTH2": 0.4, "WHDEPTH3": 0.5, "MAXMAG01": 7.4, "MAXMAG02": 7.6, "MAXMAG03": 7.8, "MAXMAG04": 8.0, "WMAXMAG01": 0.5, "WMAXMAG02": 0.2, "WMAXMAG03": 0.2, "WMAXMAG04": 0.1, "STRIKE1": 39.344388, "STRIKE2": 92.365889, "STRIKE3": 256.624167, "STRIKE4": 322.880524, "DIP1": 69.130857, "DIP2": 50.611778, "DIP3": 83.041167, "DIP4": 33.168351, "DIRWEIGHT1": 0.06882, "DIRWEIGHT2": 0.01264, "DIRWEIGHT3": 0.025281, "DIRWEIGHT4": 0.893258, "Shape_Leng": 3.9878568271299999, "Shape_Area": 0.95905148197500001 }, "geometry": { "type": "Polygon", "coordinates": [ [ [ 19.222569999805671, 40.290941000027203 ], [ 19.230645999913008, 40.539546999994116 ], [ 20.080896883884122, 40.555326375112202 ], [ 20.493437000017593, 39.897931000315452 ], [ 19.958985037329683, 39.253771553314607 ], [ 19.955748536465819, 39.251761164746028 ], [ 19.222569999805671, 40.290941000027203 ] ] ] } },
{ "type": "Feature", "properties": { "OBJECTID_1": 316.0, "LONC": 20.55, "LATC": 38.650128, "IDAS": "GRAS370", "A": 3.0, "B": 0.8, "TECREG": "Active", "TECTONICS": "Active Shallow Crust", "SS": 40, "NF": 10, "TF": 50, "MINDEPTH": 0, "HYPODEPTH1": 2, "HYPODEPTH2": 10, "HYPODEPTH3": 18, "MAXDEPTH": 20, "WHDEPTH1": 0.1, "WHDEPTH2": 0.4, "WHDEPTH3": 0.5, "MAXMAG01": 7.5, "MAXMAG02": 7.7, "MAXMAG03": 7.9, "MAXMAG04": 8.1, "WMAXMAG01": 0.5, "WMAXMAG02": 0.2, "WMAXMAG03": 0.2, "WMAXMAG04": 0.1, "STRIKE1": 14.354216, "STRIKE2": 0.0, "STRIKE3": 0.0, "STRIKE4": 326.681375, "DIP1": 65.889973, "DIP2": 0.0, "DIP3": 0.0, "DIP4": 26.817766, "DIRWEIGHT1": 0.366337, "DIRWEIGHT2": 0.0, "DIRWEIGHT3": 0.0, "DIRWEIGHT4": 0.633663, "Shape_Leng": 2.2245425120300002, "Shape_Area": 0.27946979965800001 }, "geometry": { "type": "Polygon", "coordinates": [ [ [ 20.200000000199907, 38.600000000299815 ], [ 20.203748000370013, 38.90025599981459 ], [ 20.312763486000222, 38.924659581604772 ], [ 20.44639537952412, 38.965665351217694 ], [ 20.621558081784428, 38.988259117711891 ], [ 20.750341588239337, 38.974972433193386 ], [ 20.863580250737982, 38.928568893592171 ], [ 20.899999999700356, 38.899999999700356 ], [ 20.899999999700356, 38.700000000099919 ], [ 20.899999999700356, 38.399999999800286 ], [ 20.550000000399791, 38.499999999600391 ], [ 20.200000000199907, 38.600000000299815 ] ] ] } },
{ "type": "Feature", "properties": { "OBJECTID_1": 317.0, "LONC": 20.399504, "LATC": 38.15, "IDAS": "GRAS371", "A": 3.5, "B": 0.8, "TECREG": "Active", "TECTONICS": "Active Shallow Crust", "SS": 35, "NF": 15, "TF": 50, "MINDEPTH": 0, "HYPODEPTH1": 2, "HYPODEPTH2": 10, "HYPODEPTH3": 18, "MAXDEPTH": 20, "WHDEPTH1": 0.1, "WHDEPTH2": 0.4, "WHDEPTH3": 0.5, "MAXMAG01": 7.5, "MAXMAG02": 7.7, "MAXMAG03": 7.9, "MAXMAG04": 8.1, "WMAXMAG01": 0.5, "WMAXMAG02": 0.2, "WMAXMAG03": 0.2, "WMAXMAG04": 0.1, "STRIKE1": 30.082436, "STRIKE2": 0.0, "STRIKE3": 0.0, "STRIKE4": 338.128375, "DIP1": 54.209682, "DIP2": 0.0, "DIP3": 0.0, "DIP4": 22.84625, "DIRWEIGHT1": 0.873016, "DIRWEIGHT2": 0.0, "DIRWEIGHT3": 0.0, "DIRWEIGHT4": 0.126984, "Shape_Leng": 3.5545333387200002, "Shape_Area": 0.75303974028700005 }, "geometry": { "type": "Polygon", "coordinates": [ [ [ 20.200000000199907, 38.600000000299815 ], [ 20.550000000399734, 38.499999999600334 ], [ 20.899999999700299, 38.399999999800229 ], [ 20.899999999700299, 38.100000000399746 ], [ 20.449999999700253, 37.899999999900103 ], [ 19.999999999700265, 37.700000000299838 ], [ 19.482133909752179, 38.200000000199907 ], [ 20.200000000199907, 38.600000000299815 ] ] ] } },
{ "type": "Feature", "properties": { "OBJECTID_1": 318.0, "LONC": 20.6, "LATC": 37.6, "IDAS": "GRAS372", "A": 3.5, "B": 0.8, "TECREG": "Active", "TECTONICS": "Active Shallow Crust", "SS": 40, "NF": 10, "TF": 50, "MINDEPTH": 0, "HYPODEPTH1": 2, "HYPODEPTH2": 10, "HYPODEPTH3": 18, "MAXDEPTH": 50, "WHDEPTH1": 0.1, "WHDEPTH2": 0.4, "WHDEPTH3": 0.5, "MAXMAG01": 7.1, "MAXMAG02": 7.7, "MAXMAG03": 7.9, "MAXMAG04": 8.1, "WMAXMAG01": 0.5, "WMAXMAG02": 0.2, "WMAXMAG03": 0.2, "WMAXMAG04": 0.1, "STRIKE1": 0.0, "STRIKE2": 0.0, "STRIKE3": 219.588087, "STRIKE4": 308.582373, "DIP1": 0.0, "DIP2": 0.0, "DIP3": 75.71513, "DIP4": 22.921676, "DIRWEIGHT1": 0.0, "DIRWEIGHT2": 0.0, "DIRWEIGHT3": 0.184, "DIRWEIGHT4": 0.816, "Shape_Leng": 3.1883570730500002, "Shape_Area": 0.60500000068399995 }, "geometry": { "type": "Polygon", "coordinates": [ [ [ 19.999999999700321, 37.700000000299781 ], [ 20.449999999700367, 37.899999999900217 ], [ 20.899999999700356, 38.100000000399746 ], [ 21.049008660982054, 38.060021959718313 ], [ 21.18, 37.91 ], [ 21.2517, 37.772400000000118 ], [ 21.2, 37.700000000299781 ], [ 21.100000000199941, 37.599999999600357 ], [ 20.499999999600391, 37.099999999700287 ], [ 19.999999999700321, 37.700000000299781 ] ] ] } },
{ "type": "Feature", "properties": { "OBJECTID_1": 321.0, "LONC": 21.55, "LATC": 38.050027, "IDAS": "GRA1111", "A": 4.2, "B": 1.0, "TECREG": "Active", "TECTONICS": "Active Shallow Crust", "SS": 40, "NF": 60, "TF": 0, "MINDEPTH": 0, "HYPODEPTH1": 2, "HYPODEPTH2": 10, "HYPODEPTH3": 18, "MAXDEPTH": 20, "WHDEPTH1": 0.1, "WHDEPTH2": 0.4, "WHDEPTH3": 0.5, "MAXMAG01": 7.5, "MAXMAG02": 7.7, "MAXMAG03": 7.9, "MAXMAG04": 8.1, "WMAXMAG01": 0.5, "WMAXMAG02": 0.2, "WMAXMAG03": 0.2, "WMAXMAG04": 0.1, "STRIKE1": 0.0, "STRIKE2": 136.704, "STRIKE3": 214.940754, "STRIKE4": 317.49268, "DIP1": 0.0, "DIP2": 56.725, "DIP3": 75.693836, "DIP4": 60.65742, "DIRWEIGHT1": 0.0, "DIRWEIGHT2": 0.026316, "DIRWEIGHT3": 0.535088, "DIRWEIGHT4": 0.438596, "Shape_Leng": 5.3337515546600001, "Shape_Area": 1.3390926599499999 }, "geometry": { "type": "Polygon", "coordinates": [ [ [ 21.550119000291716, 37.10005500043809 ], [ 21.100000000199941, 37.599999999600357 ], [ 21.2, 37.700000000299781 ], [ 21.2517, 37.772400000000118 ], [ 21.18, 37.91 ], [ 21.049008660982054, 38.060021959718313 ], [ 20.899999999940178, 38.100000000080001 ], [ 21.500000002591605, 38.500000001527894 ], [ 21.733333000117909, 38.13333299971822 ], [ 21.816392000190717, 37.999999999700321 ], [ 22.007499999825257, 37.700000000299781 ], [ 22.199999999800184, 37.400000000000148 ], [ 21.874999999550482, 37.250000000299963 ], [ 21.550119000291716, 37.10005500043809 ] ] ] } },
{ "type": "Feature", "properties": { "OBJECTID_1": 322.0, "LONC": 22.22506, "LATC": 36.725, "IDAS": "GRAS376", "A": 3.5, "B": 0.9, "TECREG": "Active", "TECTONICS": "Active Shallow Crust", "SS": 35, "NF": 15, "TF": 50, "MINDEPTH": 0, "HYPODEPTH1": 2, "HYPODEPTH2": 10, "HYPODEPTH3": 18, "MAXDEPTH": 20, "WHDEPTH1": 0.1, "WHDEPTH2": 0.4, "WHDEPTH3": 0.5, "MAXMAG01": 7.5, "MAXMAG02": 7.7, "MAXMAG03": 7.9, "MAXMAG04": 8.1, "WMAXMAG01": 0.5, "WMAXMAG02": 0.2, "WMAXMAG03": 0.2, "WMAXMAG04": 0.1, "STRIKE1": 0.0, "STRIKE2": 160.931141, "STRIKE3": 197.081429, "STRIKE4": 329.110867, "DIP1": 0.0, "DIP2": 54.754014, "DIP3": 57.273286, "DIP4": 54.092433, "DIRWEIGHT1": 0.0, "DIRWEIGHT2": 0.581967, "DIRWEIGHT3": 0.172131, "DIRWEIGHT4": 0.245902, "Shape_Leng": 3.8748289649599998, "Shape_Area": 0.83244918752899999 }, "geometry": { "type": "Polygon", "coordinates": [ [ [ 21.550119000291659, 37.100055000437976 ], [ 21.874999999550369, 37.250000000299849 ], [ 22.199999999800184, 37.4 ], [ 22.433332999618301, 37.133332999918082 ], [ 22.666667000381835, 36.86666699988217 ], [ 22.900000000199896, 36.599999999800218 ], [ 22.699999999700253, 36.325000000349803 ], [ 22.500000000099988, 36.05 ], [ 22.299999999600345, 36.274999999550403 ], [ 22.1, 36.5 ], [ 21.550119000291659, 37.100055000437976 ] ] ] } },
{ "type": "Feature", "properties": { "OBJECTID_1": 325.0, "LONC": 23.325, "LATC": 37.55, "IDAS": "GRAS379", "A": 3.8, "B": 1.0, "TECREG": "Active", "TECTONICS": "Active Shallow Crust", "SS": 25, "NF": 50, "TF": 25, "MINDEPTH": 0, "HYPODEPTH1": 2, "HYPODEPTH2": 10, "HYPODEPTH3": 18, "MAXDEPTH": 20, "WHDEPTH1": 0.1, "WHDEPTH2": 0.4, "WHDEPTH3": 0.5, "MAXMAG01": 7.5, "MAXMAG02": 7.7, "MAXMAG03": 7.9, "MAXMAG04": 8.1, "WMAXMAG01": 0.5, "WMAXMAG02": 0.2, "WMAXMAG03": 0.2, "WMAXMAG04": 0.1, "STRIKE1": 0.0, "STRIKE2": 0.0, "STRIKE3": 0.0, "STRIKE4": 0.0, "DIP1": 0.0, "DIP2": 0.0, "DIP3": 0.0, "DIP4": 0.0, "DIRWEIGHT1": 0.0, "DIRWEIGHT2": 0.0, "DIRWEIGHT3": 0.0, "DIRWEIGHT4": 0.0, "Shape_Leng": 2.9636988792, "Shape_Area": 0.51750000043300004 }, "geometry": { "type": "Polygon", "coordinates": [ [ [ 23.700000000399768, 37.300000000200043 ], [ 23.499999999900183, 37.099999999700287 ], [ 23.12499999975023, 37.375000000050079 ], [ 22.749999999600277, 37.650000000399757 ], [ 23.103026296645851, 37.903507460890978 ], [ 23.499999999900183, 37.999999999700321 ], [ 23.647279822006226, 37.815900223416747 ], [ 23.900000000000148, 37.499999999800252 ], [ 23.700000000399768, 37.300000000200043 ] ] ] } },
{ "type": "Feature", "properties": { "OBJECTID_1": 330.0, "LONC": 22.269186, "LATC": 39.225, "IDAS": "GRA3V7", "A": 3.11, "B": 0.8, "TECREG": "Active", "TECTONICS": "Active Shallow Crust", "SS": 20, "NF": 60, "TF": 20, "MINDEPTH": 0, "HYPODEPTH1": 2, "HYPODEPTH2": 10, "HYPODEPTH3": 18, "MAXDEPTH": 20, "WHDEPTH1": 0.1, "WHDEPTH2": 0.4, "WHDEPTH3": 0.5, "MAXMAG01": 7.5, "MAXMAG02": 7.7, "MAXMAG03": 7.9, "MAXMAG04": 8.1, "WMAXMAG01": 0.5, "WMAXMAG02": 0.2, "WMAXMAG03": 0.2, "WMAXMAG04": 0.1, "STRIKE1": 84.6065, "STRIKE2": 100.107471, "STRIKE3": 244.593526, "STRIKE4": 290.959553, "DIP1": 50.405675, "DIP2": 54.044265, "DIP3": 55.690421, "DIP4": 50.027298, "DIRWEIGHT1": 0.285714, "DIRWEIGHT2": 0.242857, "DIRWEIGHT3": 0.135714, "DIRWEIGHT4": 0.335714, "Shape_Leng": 5.6808353576300004, "Shape_Area": 0.89710968681500003 }, "geometry": { "type": "Polygon", "coordinates": [ [ [ 21.943582522060822, 39.001192152358023 ], [ 21.939058620000026, 39.123407941000039 ], [ 21.897329562000039, 39.207599490000064 ], [ 21.823465704127869, 39.299999999840182 ], [ 22.199999999800184, 39.299999999800207 ], [ 22.350000000399746, 39.450000000399768 ], [ 23.250000000399723, 39.450000000399768 ], [ 23.450131999792006, 39.200120000137929 ], [ 23.45, 39.2 ], [ 23.305625923397713, 39.00485272327461 ], [ 21.943582522060822, 39.001192152358023 ] ] ] } },
{ "type": "Feature", "properties": { "OBJECTID_1": 331.0, "LONC": 21.804684, "LATC": 40.475642, "IDAS": "GRAS387", "A": 3.15, "B": 0.85, "TECREG": "Active", "TECTONICS": "Active Shallow Crust", "SS": 20, "NF": 60, "TF": 20, "MINDEPTH": 0, "HYPODEPTH1": 2, "HYPODEPTH2": 10, "HYPODEPTH3": 18, "MAXDEPTH": 20, "WHDEPTH1": 0.1, "WHDEPTH2": 0.4, "WHDEPTH3": 0.5, "MAXMAG01": 7.5, "MAXMAG02": 7.7, "MAXMAG03": 7.9, "MAXMAG04": 8.1, "WMAXMAG01": 0.5, "WMAXMAG02": 0.2, "WMAXMAG03": 0.2, "WMAXMAG04": 0.1, "STRIKE1": 53.254556, "STRIKE2": 101.62625, "STRIKE3": 228.099333, "STRIKE4": 286.981, "DIP1": 53.563968, "DIP2": 51.35975, "DIP3": 51.852293, "DIP4": 48.603615, "DIRWEIGHT1": 0.328125, "DIRWEIGHT2": 0.020833, "DIRWEIGHT3": 0.515625, "DIRWEIGHT4": 0.135417, "Shape_Leng": 5.2000697762200003, "Shape_Area": 1.3883723612800001 }, "geometry": { "type": "Polygon", "coordinates": [ [ [ 20.809368000233064, 39.89953899982504 ], [ 20.899937000392299, 40.599953999577451 ], [ 21.649930000369295, 41.051746000377648 ], [ 22.800000000399734, 39.900000000399757 ], [ 20.899999999700299, 39.900000000399757 ], [ 20.809368000233064, 39.89953899982504 ] ] ] } },
{ "type": "Feature", "properties": { "OBJECTID_1": 332.0, "LONC": 22.751336, "LATC": 40.350055, "IDAS": "GRAS3v1", "A": 4.1, "B": 1.0, "TECREG": "Active", "TECTONICS": "Active Shallow Crust", "SS": 40, "NF": 60, "TF": 0, "MINDEPTH": 0, "HYPODEPTH1": 2, "HYPODEPTH2": 10, "HYPODEPTH3": 18, "MAXDEPTH": 20, "WHDEPTH1": 0.1, "WHDEPTH2": 0.4, "WHDEPTH3": 0.5, "MAXMAG01": 7.5, "MAXMAG02": 7.7, "MAXMAG03": 7.9, "MAXMAG04": 8.1, "WMAXMAG01": 0.5, "WMAXMAG02": 0.2, "WMAXMAG03": 0.2, "WMAXMAG04": 0.1, "STRIKE1": 61.092551, "STRIKE2": 103.421609, "STRIKE3": 257.561813, "STRIKE4": 289.296625, "DIP1": 62.870592, "DIP2": 58.350739, "DIP3": 48.136687, "DIP4": 54.211857, "DIRWEIGHT1": 0.30625, "DIRWEIGHT2": 0.14375, "DIRWEIGHT3": 0.2, "DIRWEIGHT4": 0.35, "Shape_Leng": 5.0362648507200003, "Shape_Area": 1.1910785804399999 }, "geometry": { "type": "Polygon", "coordinates": [ [ [ 21.5026720003126, 41.199857000200439 ], [ 22.100018999976896, 41.4999900003383 ], [ 22.630061000314981, 40.970037999654039 ], [ 23.381853720872584, 40.273068774804187 ], [ 22.854967896651146, 39.845032104148345 ], [ 22.800000000399734, 39.900000000399757 ], [ 21.649930000369295, 41.051746000377648 ], [ 21.556707000128029, 41.145603000178369 ], [ 21.5026720003126, 41.199857000200439 ] ] ] } },
{ "type": "Feature", "properties": { "OBJECTID_1": 334.0, "LONC": 23.56503, "LATC": 40.449773, "IDAS": "GRAS3v3", "A": 3.6, "B": 0.88, "TECREG": "Active", "TECTONICS": "Active Shallow Crust", "SS": 20, "NF": 60, "TF": 20, "MINDEPTH": 0, "HYPODEPTH1": 2, "HYPODEPTH2": 10, "HYPODEPTH3": 18, "MAXDEPTH": 20, "WHDEPTH1": 0.1, "WHDEPTH2": 0.4, "WHDEPTH3": 0.5, "MAXMAG01": 7.5, "MAXMAG02": 7.7, "MAXMAG03": 7.9, "MAXMAG04": 8.1, "WMAXMAG01": 0.5, "WMAXMAG02": 0.2, "WMAXMAG03": 0.2, "WMAXMAG04": 0.1, "STRIKE1": 70.927812, "STRIKE2": 106.487955, "STRIKE3": 259.891316, "STRIKE4": 291.366048, "DIP1": 68.031087, "DIP2": 62.950795, "DIP3": 45.497895, "DIP4": 46.625911, "DIRWEIGHT1": 0.23, "DIRWEIGHT2": 0.293333, "DIRWEIGHT3": 0.063333, "DIRWEIGHT4": 0.413333, "Shape_Leng": 3.3774894914, "Shape_Area": 0.53586369090499997 }, "geometry": { "type": "Polygon", "coordinates": [ [ [ 22.630061000314981, 40.970037999654039 ], [ 22.99926899956472, 41.199546000247778 ], [ 23.530000000199891, 40.800000000399734 ], [ 24.020401412695094, 40.496658919773381 ], [ 23.383000000349796, 40.27400000029985 ], [ 23.381853720872584, 40.273068774804187 ], [ 22.630061000314981, 40.970037999654039 ] ] ] } },
{ "type": "Feature", "properties": { "OBJECTID_1": 336.0, "LONC": 23.050832, "LATC": 35.125059, "IDAS": "GRAS400", "A": 4.1, "B": 1.0, "TECREG": "Active", "TECTONICS": "Active Shallow Crust", "SS": 35, "NF": 15, "TF": 50, "MINDEPTH": 0, "HYPODEPTH1": 2, "HYPODEPTH2": 10, "HYPODEPTH3": 18, "MAXDEPTH": 50, "WHDEPTH1": 0.1, "WHDEPTH2": 0.4, "WHDEPTH3": 0.5, "MAXMAG01": 7.1, "MAXMAG02": 7.7, "MAXMAG03": 7.9, "MAXMAG04": 8.1, "WMAXMAG01": 0.5, "WMAXMAG02": 0.2, "WMAXMAG03": 0.2, "WMAXMAG04": 0.1, "STRIKE1": 0.0, "STRIKE2": 0.0, "STRIKE3": 0.0, "STRIKE4": 0.0, "DIP1": 0.0, "DIP2": 0.0, "DIP3": 0.0, "DIP4": 0.0, "DIRWEIGHT1": 0.0, "DIRWEIGHT2": 0.0, "DIRWEIGHT3": 0.0, "DIRWEIGHT4": 0.0, "Shape_Leng": 6.5530747524899997, "Shape_Area": 1.96561722093 }, "geometry": { "type": "Polygon", "coordinates": [ [ [ 21.701664000193489, 35.601836000131357 ], [ 22.1, 35.824999999550414 ], [ 22.500000000099988, 36.05 ], [ 23.850000000099953, 35.15 ], [ 24.124999999550369, 34.92499999955038 ], [ 24.399999999900103, 34.7 ], [ 24.099999999600357, 34.449999999600379 ], [ 23.800140000360784, 34.20011700009951 ], [ 22.563522000340072, 35.026139999761256 ], [ 21.701664000193489, 35.601836000131357 ] ] ] } },
{ "type": "Feature", "properties": { "OBJECTID_1": 338.0, "LONC": 23.35, "LATC": 35.875, "IDAS": "GRAS402", "A": 3.2, "B": 0.84, "TECREG": "Active", "TECTONICS": "Active Shallow Crust", "SS": 35, "NF": 15, "TF": 50, "MINDEPTH": 0, "HYPODEPTH1": 2, "HYPODEPTH2": 10, "HYPODEPTH3": 18, "MAXDEPTH": 20, "WHDEPTH1": 0.1, "WHDEPTH2": 0.4, "WHDEPTH3": 0.5, "MAXMAG01": 7.5, "MAXMAG02": 7.7, "MAXMAG03": 7.9, "MAXMAG04": 8.1, "WMAXMAG01": 0.5, "WMAXMAG02": 0.2, "WMAXMAG03": 0.2, "WMAXMAG04": 0.1, "STRIKE1": 13.332364, "STRIKE2": 149.792115, "STRIKE3": 192.04875, "STRIKE4": 336.596786, "DIP1": 59.314545, "DIP2": 58.587049, "DIP3": 67.58325, "DIP4": 60.8245, "DIRWEIGHT1": 0.094828, "DIRWEIGHT2": 0.525862, "DIRWEIGHT3": 0.137931, "DIRWEIGHT4": 0.241379, "Shape_Leng": 4.5004849828199998, "Shape_Area": 0.97124999994000005 }, "geometry": { "type": "Polygon", "coordinates": [ [ [ 22.500000000099988, 36.05 ], [ 22.699999999700253, 36.325000000349803 ], [ 22.900000000199896, 36.599999999800218 ], [ 23.224999999550391, 36.325000000349803 ], [ 23.549999999800207, 36.05 ], [ 23.875000000050022, 35.774999999650333 ], [ 24.200000000299838, 35.500000000199918 ], [ 24.024999999750264, 35.324999999650288 ], [ 23.850000000099953, 35.15 ], [ 22.500000000099988, 36.05 ] ] ] } },
{ "type": "Feature", "properties": { "OBJECTID_1": 356.0, "LONC": 17.614089, "LATC": 42.670884, "IDAS": "HRASv1", "A": 3.5, "B": 0.9, "TECREG": "Active", "TECTONICS": "Active Shallow Crust", "SS": 40, "NF": 10, "TF": 50, "MINDEPTH": 0, "HYPODEPTH1": 2, "HYPODEPTH2": 10, "HYPODEPTH3": 16, "MAXDEPTH": 16, "WHDEPTH1": 0.1, "WHDEPTH2": 0.4, "WHDEPTH3": 0.5, "MAXMAG01": 7.3, "MAXMAG02": 7.5, "MAXMAG03": 7.7, "MAXMAG04": 7.9, "WMAXMAG01": 0.5, "WMAXMAG02": 0.2, "WMAXMAG03": 0.2, "WMAXMAG04": 0.1, "STRIKE1": 0.0, "STRIKE2": 0.0, "STRIKE3": 267.2925, "STRIKE4": 301.791544, "DIP1": 0.0, "DIP2": 0.0, "DIP3": 50.685, "DIP4": 30.693159, "DIRWEIGHT1": 0.0, "DIRWEIGHT2": 0.0, "DIRWEIGHT3": 0.004728, "DIRWEIGHT4": 0.995272, "Shape_Leng": 6.5289231702599997, "Shape_Area": 2.3440584378199998 }, "geometry": { "type": "Polygon", "coordinates": [ [ [ 19.216013815285407, 41.374679271331331 ], [ 19.179261732942678, 41.037259067052332 ], [ 19.104580383577911, 40.750337020537131 ], [ 17.44839202147466, 41.619327765064384 ], [ 17.606255999814607, 41.897444999986817 ], [ 17.831934000054105, 42.42505799982689 ], [ 18.015441428878887, 42.848982701190778 ], [ 19.688748000320004, 41.91283900031965 ], [ 19.318519180615738, 41.655278388686725 ], [ 19.216013815285407, 41.374679271331331 ] ] ] } },
{ "type": "Feature", "properties": { "OBJECTID_1": 358.0, "LONC": 28.522454, "LATC": 40.054961, "IDAS": "TRAS334", "A": 4.5, "B": 1.0, "TECREG": "Active", "TECTONICS": "Active Shallow Crust", "SS": 60, "NF": 25, "TF": 15, "MINDEPTH": 0, "HYPODEPTH1": 2, "HYPODEPTH2": 10, "HYPODEPTH3": 18, "MAXDEPTH": 20, "WHDEPTH1": 0.1, "WHDEPTH2": 0.4, "WHDEPTH3": 0.5, "MAXMAG01": 8.0, "MAXMAG02": 8.2, "MAXMAG03": 8.4, "MAXMAG04": 8.6, "WMAXMAG01": 0.5, "WMAXMAG02": 0.2, "WMAXMAG03": 0.2, "WMAXMAG04": 0.1, "STRIKE1": 65.667436, "STRIKE2": 100.3537, "STRIKE3": 247.266829, "STRIKE4": 277.671538, "DIP1": 78.738084, "DIP2": 75.924986, "DIP3": 80.04585, "DIP4": 52.032474, "DIRWEIGHT1": 0.410468, "DIRWEIGHT2": 0.096419, "DIRWEIGHT3": 0.257576, "DIRWEIGHT4": 0.235537, "Shape_Leng": 10.7186076424, "Shape_Area": 1.8228009402400001 }, "geometry": { "type": "Polygon", "coordinates": [ [ [ 25.939158999588187, 39.531804000154523 ], [ 25.999339000394627, 39.599785000077759 ], [ 26.12931200014873, 39.68460400037435 ], [ 26.30132699974132, 39.837771999578194 ], [ 26.580130000099473, 40.081575000186149 ], [ 27.01838199972957, 40.161178000064695 ], [ 27.485826000169823, 40.316483999836748 ], [ 27.762981000073125, 40.391964000238488 ], [ 28.075549999932605, 40.464494000397849 ], [ 28.466277999630051, 40.488674000304911 ], [ 28.696376999598897, 40.565061000265018 ], [ 29.867342000033318, 40.574030000184393 ], [ 30.153342999931112, 40.578117999854356 ], [ 30.154967468091794, 40.398914946827496 ], [ 29.743214000026114, 40.259202999618765 ], [ 29.446724999758999, 40.165634999655538 ], [ 29.125978999631172, 40.139637999594072 ], [ 28.824182000099256, 40.066578000174616 ], [ 27.014311999998824, 39.718382999575795 ], [ 26.501288000241061, 39.593947999800378 ], [ 26.247403999694882, 39.542538999675173 ], [ 25.939158999588187, 39.531804000154523 ] ] ] } },
{ "type": "Feature", "properties": { "OBJECTID_1": 361.0, "LONC": 27.539141, "LATC": 39.053559, "IDAS": "TRAS337", "A": 4.0, "B": 1.0, "TECREG": "Active", "TECTONICS": "Active Shallow Crust", "SS": 50, "NF": 30, "TF": 20, "MINDEPTH": 0, "HYPODEPTH1": 2, "HYPODEPTH2": 10, "HYPODEPTH3": 18, "MAXDEPTH": 20, "WHDEPTH1": 0.1, "WHDEPTH2": 0.4, "WHDEPTH3": 0.5, "MAXMAG01": 7.1, "MAXMAG02": 7.3, "MAXMAG03": 7.5, "MAXMAG04": 7.7, "WMAXMAG01": 0.5, "WMAXMAG02": 0.2, "WMAXMAG03": 0.2, "WMAXMAG04": 0.1, "STRIKE1": 30.419048, "STRIKE2": 140.936, "STRIKE3": 222.644186, "STRIKE4": 286.409381, "DIP1": 82.142857, "DIP2": 79.688724, "DIP3": 73.042323, "DIP4": 70.201071, "DIRWEIGHT1": 0.153285, "DIRWEIGHT2": 0.105839, "DIRWEIGHT3": 0.587591, "DIRWEIGHT4": 0.153285, "Shape_Leng": 4.2421262050399999, "Shape_Area": 0.918781352296 }, "geometry": { "type": "Polygon", "coordinates": [ [ [ 27.496036999807757, 39.680541000067137 ], [ 28.323836999577907, 39.637269000164281 ], [ 28.207767999793418, 39.494066000045905 ], [ 27.905797000331347, 39.119043999780843 ], [ 27.359544999801926, 38.426577999674976 ], [ 26.820651999590154, 38.784384000121577 ], [ 26.754445999683185, 38.801429000148289 ], [ 27.009720999624506, 39.110616999674846 ], [ 27.496036999807757, 39.680541000067137 ] ] ] } },
{ "type": "Feature", "properties": { "OBJECTID_1": 363.0, "LONC": 28.645346, "LATC": 38.231119, "IDAS": "TRAS339", "A": 4.0, "B": 0.9, "TECREG": "Active", "TECTONICS": "Active Shallow Crust", "SS": 20, "NF": 75, "TF": 5, "MINDEPTH": 0, "HYPODEPTH1": 2, "HYPODEPTH2": 10, "HYPODEPTH3": 18, "MAXDEPTH": 20, "WHDEPTH1": 0.1, "WHDEPTH2": 0.4, "WHDEPTH3": 0.5, "MAXMAG01": 7.1, "MAXMAG02": 7.3, "MAXMAG03": 7.5, "MAXMAG04": 7.7, "WMAXMAG01": 0.5, "WMAXMAG02": 0.2, "WMAXMAG03": 0.2, "WMAXMAG04": 0.1, "STRIKE1": 59.418345, "STRIKE2": 119.574317, "STRIKE3": 237.209864, "STRIKE4": 294.876788, "DIP1": 50.260793, "DIP2": 50.561829, "DIP3": 53.882833, "DIP4": 53.53303, "DIRWEIGHT1": 0.105072, "DIRWEIGHT2": 0.297101, "DIRWEIGHT3": 0.23913, "DIRWEIGHT4": 0.358696, "Shape_Leng": 6.1202006396700002, "Shape_Area": 1.18307692263 }, "geometry": { "type": "Polygon", "coordinates": [ [ [ 27.677636999847721, 38.831418999986909 ], [ 28.136988000296014, 38.762360999860334 ], [ 28.490771999628123, 38.698395999875572 ], [ 28.906763999758823, 38.564374999606571 ], [ 29.368048000315014, 38.283689999693763 ], [ 29.931147999880352, 37.879524999978798 ], [ 29.577131999742051, 37.630819999943071 ], [ 29.334375999752638, 37.712839999766231 ], [ 29.07476000017391, 37.749881000108132 ], [ 28.919681000078128, 37.760543999905735 ], [ 28.821889999623806, 37.778984999558133 ], [ 28.692502999913586, 37.770408999775555 ], [ 28.725375999602761, 38.086256999760792 ], [ 28.556867999858355, 38.229322999856606 ], [ 28.440232000006858, 38.305470999586987 ], [ 28.35858800043593, 38.342021999815472 ], [ 28.20696799977344, 38.378573000043957 ], [ 28.00480200011225, 38.39075699983573 ], [ 27.713218000310519, 38.378573000043957 ], [ 27.534382000029325, 38.39075699983573 ], [ 27.359544999801926, 38.426577999674976 ], [ 27.677636999847721, 38.831418999986909 ] ] ] } },
{ "type": "Feature", "properties": { "OBJECTID_1": 364.0, "LONC": 27.91934, "LATC": 37.810269, "IDAS": "TRAS340", "A": 3.0, "B": 0.8, "TECREG": "Active", "TECTONICS": "Active Shallow Crust", "SS": 35, "NF": 65, "TF": 0, "MINDEPTH": 0, "HYPODEPTH1": 2, "HYPODEPTH2": 10, "HYPODEPTH3": 18, "MAXDEPTH": 20, "WHDEPTH1": 0.1, "WHDEPTH2": 0.4, "WHDEPTH3": 0.5, "MAXMAG01": 7.1, "MAXMAG02": 7.3, "MAXMAG03": 7.5, "MAXMAG04": 7.7, "WMAXMAG01": 0.5, "WMAXMAG02": 0.2, "WMAXMAG03": 0.2, "WMAXMAG04": 0.1, "STRIKE1": 70.92348, "STRIKE2": 102.9825, "STRIKE3": 247.735754, "STRIKE4": 275.8238, "DIP1": 58.32404, "DIP2": 51.396333, "DIP3": 55.809446, "DIP4": 62.5072, "DIRWEIGHT1": 0.431034, "DIRWEIGHT2": 0.137931, "DIRWEIGHT3": 0.373563, "DIRWEIGHT4": 0.057471, "Shape_Leng": 3.9515627997, "Shape_Area": 0.59471093556900001 }, "geometry": { "type": "Polygon", "coordinates": [ [ [ 28.725375999602761, 38.086256999760792 ], [ 28.692502999913586, 37.770408999775555 ], [ 28.448064999700023, 37.751060999665469 ], [ 28.138826999666378, 37.702298000152609 ], [ 27.785827999662501, 37.666773999620432 ], [ 27.675641999578659, 37.65650199986743 ], [ 27.136486999875217, 37.533556999555913 ], [ 27.147006000226781, 37.634896999996613 ], [ 27.113589999778696, 37.970542000113255 ], [ 27.274005000430463, 38.002108999830511 ], [ 27.931940999977201, 38.06346299991759 ], [ 28.632933000257822, 38.087060999965217 ], [ 28.725375999602761, 38.086256999760792 ] ] ] } },
{ "type": "Feature", "properties": { "OBJECTID_1": 365.0, "LONC": 27.92098, "LATC": 37.250853, "IDAS": "TRA3333", "A": 4.0, "B": 1.0, "TECREG": "Active", "TECTONICS": "Active Shallow Crust", "SS": 20, "NF": 75, "TF": 5, "MINDEPTH": 0, "HYPODEPTH1": 2, "HYPODEPTH2": 10, "HYPODEPTH3": 18, "MAXDEPTH": 20, "WHDEPTH1": 0.1, "WHDEPTH2": 0.4, "WHDEPTH3": 0.5, "MAXMAG01": 7.1, "MAXMAG02": 7.3, "MAXMAG03": 7.5, "MAXMAG04": 7.7, "WMAXMAG01": 0.5, "WMAXMAG02": 0.2, "WMAXMAG03": 0.2, "WMAXMAG04": 0.1, "STRIKE1": 67.19447, "STRIKE2": 118.984, "STRIKE3": 249.815114, "STRIKE4": 302.62658, "DIP1": 65.431217, "DIP2": 70.0276, "DIP3": 61.9065, "DIP4": 78.894116, "DIRWEIGHT1": 0.367257, "DIRWEIGHT2": 0.132743, "DIRWEIGHT3": 0.19469, "DIRWEIGHT4": 0.30531, "Shape_Leng": 4.4989952339499997, "Shape_Area": 0.95887839400999997 }, "geometry": { "type": "Polygon", "coordinates": [ [ [ 27.785827999795533, 37.666773999645351 ], [ 28.926968999819564, 37.096789000012393 ], [ 27.477594000063107, 36.834240000076022 ], [ 27.288210188970325, 36.941833414977388 ], [ 27.548588886000061, 37.200434783000048 ], [ 27.785827999795533, 37.666773999645351 ] ] ] } },
{ "type": "Feature", "properties": { "OBJECTID_1": 366.0, "LONC": 29.855384, "LATC": 37.415692, "IDAS": "TRAS342", "A": 4.5, "B": 1.0, "TECREG": "Active", "TECTONICS": "Active Shallow Crust", "SS": 30, "NF": 55, "TF": 15, "MINDEPTH": 0, "HYPODEPTH1": 2, "HYPODEPTH2": 10, "HYPODEPTH3": 18, "MAXDEPTH": 20, "WHDEPTH1": 0.1, "WHDEPTH2": 0.4, "WHDEPTH3": 0.5, "MAXMAG01": 7.1, "MAXMAG02": 7.3, "MAXMAG03": 7.5, "MAXMAG04": 7.7, "WMAXMAG01": 0.5, "WMAXMAG02": 0.2, "WMAXMAG03": 0.2, "WMAXMAG04": 0.1, "STRIKE1": 35.874059, "STRIKE2": 143.687792, "STRIKE3": 230.027901, "STRIKE4": 311.194851, "DIP1": 52.352912, "DIP2": 51.319283, "DIP3": 51.205031, "DIP4": 55.355478, "DIRWEIGHT1": 0.265625, "DIRWEIGHT2": 0.138021, "DIRWEIGHT3": 0.421875, "DIRWEIGHT4": 0.174479, "Shape_Leng": 7.09699184719, "Shape_Area": 2.0334791088 }, "geometry": { "type": "Polygon", "coordinates": [ [ [ 28.802532999997993, 36.691260000348791 ], [ 28.750000000199918, 36.599999999800218 ], [ 28.469882000354062, 36.726349999752756 ], [ 28.926968999819564, 37.096789000012393 ], [ 29.577131999742051, 37.630819999943071 ], [ 29.931148000041066, 37.879525000088996 ], [ 30.056588000169391, 36.866870998832205 ], [ 29.682791999751032, 36.404147999930331 ], [ 28.802532999997993, 36.691260000348791 ] ] ] } },
{ "type": "Feature", "properties": { "OBJECTID_1": 375.0, "LONC": 27.137088, "LATC": 41.628956, "IDAS": "TRAS356", "A": 3.2, "B": 0.9, "TECREG": "Active", "TECTONICS": "Active Shallow Crust", "SS": 50, "NF": 40, "TF": 10, "MINDEPTH": 0, "HYPODEPTH1": 2, "HYPODEPTH2": 10, "HYPODEPTH3": 18, "MAXDEPTH": 20, "WHDEPTH1": 0.1, "WHDEPTH2": 0.4, "WHDEPTH3": 0.5, "MAXMAG01": 7.5, "MAXMAG02": 7.7, "MAXMAG03": 7.9, "MAXMAG04": 8.1, "WMAXMAG01": 0.5, "WMAXMAG02": 0.2, "WMAXMAG03": 0.2, "WMAXMAG04": 0.1, "STRIKE1": 84.712585, "STRIKE2": 97.060473, "STRIKE3": 261.115432, "STRIKE4": 302.003022, "DIP1": 49.717098, "DIP2": 48.716291, "DIP3": 51.863, "DIP4": 51.574022, "DIRWEIGHT1": 0.22043, "DIRWEIGHT2": 0.295699, "DIRWEIGHT3": 0.236559, "DIRWEIGHT4": 0.247312, "Shape_Leng": 8.0162199725299992, "Shape_Area": 3.4134737045199999 }, "geometry": { "type": "Polygon", "coordinates": [ [ [ 27.501105999742151, 42.651841999808482 ], [ 28.577427249168238, 41.05561297635785 ], [ 27.554004852741798, 40.973886572807146 ], [ 26.301743118749982, 40.704790581220379 ], [ 25.7, 40.599999999900149 ], [ 25.699894999654589, 41.299762000116289 ], [ 25.993782000439012, 41.377423000371209 ], [ 26.276666000135833, 42.036587999936273 ], [ 27.013261000095156, 42.658092000245688 ], [ 27.501105999742151, 42.651841999808482 ] ] ] } },
{ "type": "Feature", "properties": { "OBJECTID_1": 376.0, "LONC": 24.2, "LATC": 39.521604, "IDAS": "GRAS357", "A": 3.9, "B": 1.0, "TECREG": "Active", "TECTONICS": "Active Shallow Crust", "SS": 40, "NF": 60, "TF": 0, "MINDEPTH": 0, "HYPODEPTH1": 2, "HYPODEPTH2": 10, "HYPODEPTH3": 18, "MAXDEPTH": 20, "WHDEPTH1": 0.1, "WHDEPTH2": 0.4, "WHDEPTH3": 0.5, "MAXMAG01": 8.0, "MAXMAG02": 8.2, "MAXMAG03": 8.4, "MAXMAG04": 8.6, "WMAXMAG01": 0.5, "WMAXMAG02": 0.2, "WMAXMAG03": 0.2, "WMAXMAG04": 0.1, "STRIKE1": 59.750273, "STRIKE2": 0.0, "STRIKE3": 221.52187, "STRIKE4": 304.452917, "DIP1": 71.687636, "DIP2": 0.0, "DIP3": 68.0383, "DIP4": 73.287958, "DIRWEIGHT1": 0.081481, "DIRWEIGHT2": 0.0, "DIRWEIGHT3": 0.740741, "DIRWEIGHT4": 0.177778, "Shape_Leng": 4.4950122252, "Shape_Area": 0.88050545978899997 }, "geometry": { "type": "Polygon", "coordinates": [ [ [ 24.949999999700253, 39.900000000399757 ], [ 23.817051558082994, 38.861161332829283 ], [ 23.637612860944841, 38.693203264019473 ], [ 23.313539253234012, 38.926378177411038 ], [ 23.305625923397713, 39.00485272327461 ], [ 23.45, 39.2 ], [ 23.450131999792006, 39.200120000137929 ], [ 23.999999999800195, 39.699999999900115 ], [ 24.499999999700265, 40.199999999800184 ], [ 24.949999999700253, 39.900000000399757 ] ] ] } },
{ "type": "Feature", "properties": { "OBJECTID_1": 379.0, "LONC": 26.229772, "LATC": 38.325714, "IDAS": "TRAS3v2", "A": 3.6, "B": 0.85, "TECREG": "Active", "TECTONICS": "Active Shallow Crust", "SS": 65, "NF": 20, "TF": 15, "MINDEPTH": 0, "HYPODEPTH1": 2, "HYPODEPTH2": 10, "HYPODEPTH3": 18, "MAXDEPTH": 20, "WHDEPTH1": 0.1, "WHDEPTH2": 0.4, "WHDEPTH3": 0.5, "MAXMAG01": 7.1, "MAXMAG02": 7.3, "MAXMAG03": 7.5, "MAXMAG04": 7.7, "WMAXMAG01": 0.5, "WMAXMAG02": 0.2, "WMAXMAG03": 0.2, "WMAXMAG04": 0.1, "STRIKE1": 44.983663, "STRIKE2": 119.797828, "STRIKE3": 233.96938, "STRIKE4": 327.390292, "DIP1": 72.907782, "DIP2": 55.181354, "DIP3": 69.524463, "DIP4": 60.760208, "DIRWEIGHT1": 0.283708, "DIRWEIGHT2": 0.27809, "DIRWEIGHT3": 0.303371, "DIRWEIGHT4": 0.134831, "Shape_Leng": 5.4334153724599998, "Shape_Area": 1.5716856075800001 }, "geometry": { "type": "Polygon", "coordinates": [ [ [ 25.899999999600368, 38.799999999900137 ], [ 26.754445999683185, 38.801429000148289 ], [ 26.820656999820756, 38.784333999614432 ], [ 27.359544999801926, 38.426577999674976 ], [ 27.274005000430463, 38.002108999830511 ], [ 27.113589999778696, 37.970542000113255 ], [ 26.500159000337646, 37.850176000022429 ], [ 25.100000000299815, 37.85 ], [ 25.899999999600368, 38.799999999900137 ] ] ] } },
{ "type": "Feature", "properties": { "OBJECTID_1": 386.0, "LONC": 25.85, "LATC": 36.65, "IDAS": "GRAS367", "A": 3.9, "B": 1.0, "TECREG": "Active", "TECTONICS": "Active Shallow Crust", "SS": 25, "NF": 50, "TF": 25, "MINDEPTH": 0, "HYPODEPTH1": 2, "HYPODEPTH2": 10, "HYPODEPTH3": 18, "MAXDEPTH": 20, "WHDEPTH1": 0.1, "WHDEPTH2": 0.4, "WHDEPTH3": 0.5, "MAXMAG01": 7.1, "MAXMAG02": 7.3, "MAXMAG03": 7.5, "MAXMAG04": 7.7, "WMAXMAG01": 0.5, "WMAXMAG02": 0.2, "WMAXMAG03": 0.2, "WMAXMAG04": 0.1, "STRIKE1": 57.718102, "STRIKE2": 0.0, "STRIKE3": 246.245158, "STRIKE4": 0.0, "DIP1": 56.013216, "DIP2": 0.0, "DIP3": 56.349592, "DIP4": 0.0, "DIRWEIGHT1": 0.536585, "DIRWEIGHT2": 0.0, "DIRWEIGHT3": 0.463415, "DIRWEIGHT4": 0.0, "Shape_Leng": 3.7598246874700001, "Shape_Area": 0.83206254232 }, "geometry": { "type": "Polygon", "coordinates": [ [ [ 25.257977648449753, 36.300000000399734 ], [ 25.278231697534864, 36.573810940522549 ], [ 25.299999999900137, 36.649999999700299 ], [ 25.399999999700299, 36.999999999900126 ], [ 25.950000000399768, 36.999999999900126 ], [ 26.500000000199918, 36.999999999900126 ], [ 26.500000000199918, 36.649999999700299 ], [ 26.500000000199918, 36.300000000399734 ], [ 26.066666999882216, 36.300000000399734 ], [ 25.633333000417679, 36.300000000399734 ], [ 25.257977648449753, 36.300000000399734 ] ] ] } },
{ "type": "Feature", "properties": { "OBJECTID_1": 387.0, "LONC": 26.988797, "LATC": 36.726975, "IDAS": "GRAS368", "A": 4.2, "B": 1.0, "TECREG": "Active", "TECTONICS": "Active Shallow Crust", "SS": 25, "NF": 50, "TF": 25, "MINDEPTH": 0, "HYPODEPTH1": 2, "HYPODEPTH2": 10, "HYPODEPTH3": 18, "MAXDEPTH": 20, "WHDEPTH1": 0.1, "WHDEPTH2": 0.4, "WHDEPTH3": 0.5, "MAXMAG01": 7.1, "MAXMAG02": 7.3, "MAXMAG03": 7.5, "MAXMAG04": 7.7, "WMAXMAG01": 0.5, "WMAXMAG02": 0.2, "WMAXMAG03": 0.2, "WMAXMAG04": 0.1, "STRIKE1": 57.792365, "STRIKE2": 0.0, "STRIKE3": 0.0, "STRIKE4": 280.2485, "DIP1": 56.505365, "DIP2": 0.0, "DIP3": 0.0, "DIP4": 60.0, "DIRWEIGHT1": 0.962963, "DIRWEIGHT2": 0.0, "DIRWEIGHT3": 0.0, "DIRWEIGHT4": 0.037037, "Shape_Leng": 2.9438167503499999, "Shape_Area": 0.53196902727600004 }, "geometry": { "type": "Polygon", "coordinates": [ [ [ 26.500000000199918, 36.300000000399734 ], [ 26.500000000199918, 36.649999999700299 ], [ 26.500000000199918, 36.999999999900126 ], [ 26.914844999597108, 37.153951000138591 ], [ 27.477594000063107, 36.834240000076022 ], [ 27.168483999636919, 36.497780000146918 ], [ 26.933332999618301, 36.43333300041769 ], [ 26.500000000199918, 36.300000000399734 ] ] ] } },
{ "type": "Feature", "properties": { "OBJECTID_1": 388.0, "LONC": 24.45, "LATC": 36.9, "IDAS": "GRAS3v4", "A": 3.7, "B": 1.0, "TECREG": "Active", "TECTONICS": "Active Shallow Crust", "SS": 25, "NF": 50, "TF": 25, "MINDEPTH": 0, "HYPODEPTH1": 2, "HYPODEPTH2": 10, "HYPODEPTH3": 18, "MAXDEPTH": 20, "WHDEPTH1": 0.1, "WHDEPTH2": 0.4, "WHDEPTH3": 0.5, "MAXMAG01": 7.1, "MAXMAG02": 7.3, "MAXMAG03": 7.5, "MAXMAG04": 7.7, "WMAXMAG01": 0.5, "WMAXMAG02": 0.2, "WMAXMAG03": 0.2, "WMAXMAG04": 0.1, "STRIKE1": 73.230778, "STRIKE2": 93.897333, "STRIKE3": 245.273667, "STRIKE4": 282.050676, "DIP1": 57.839349, "DIP2": 57.882, "DIP3": 59.106095, "DIP4": 56.867757, "DIRWEIGHT1": 0.453237, "DIRWEIGHT2": 0.129496, "DIRWEIGHT3": 0.151079, "DIRWEIGHT4": 0.266187, "Shape_Leng": 4.0998711878199998, "Shape_Area": 0.73997822305100003 }, "geometry": { "type": "Polygon", "coordinates": [ [ [ 25.278231697534864, 36.573810940522549 ], [ 25.043455044814493, 36.628098532921001 ], [ 24.339113660766884, 36.898942062825995 ], [ 24.072345751355385, 37.00960134372707 ], [ 23.679715731395959, 37.279715731196063 ], [ 23.700000000399768, 37.30000000019993 ], [ 23.9, 37.499999999800195 ], [ 24.200000000299838, 37.424999999950103 ], [ 24.499999999700265, 37.350000000099953 ], [ 24.949999999700253, 37.17499999955038 ], [ 25.399999999700299, 36.999999999900126 ], [ 25.299999999900137, 36.649999999700299 ], [ 25.278231697534864, 36.573810940522549 ] ] ] } },
{ "type": "Feature", "properties": { "OBJECTID_1": 389.0, "LONC": 24.45, "LATC": 37.673287, "IDAS": "GRAS3v8", "A": 3.1, "B": 0.92, "TECREG": "Active", "TECTONICS": "Active Shallow Crust", "SS": 25, "NF": 50, "TF": 25, "MINDEPTH": 0, "HYPODEPTH1": 2, "HYPODEPTH2": 10, "HYPODEPTH3": 18, "MAXDEPTH": 20, "WHDEPTH1": 0.1, "WHDEPTH2": 0.4, "WHDEPTH3": 0.5, "MAXMAG01": 7.1, "MAXMAG02": 7.3, "MAXMAG03": 7.5, "MAXMAG04": 7.7, "WMAXMAG01": 0.5, "WMAXMAG02": 0.2, "WMAXMAG03": 0.2, "WMAXMAG04": 0.1, "STRIKE1": 0.0, "STRIKE2": 123.0945, "STRIKE3": 0.0, "STRIKE4": 280.863167, "DIP1": 0.0, "DIP2": 55.453, "DIP3": 0.0, "DIP4": 50.234556, "DIRWEIGHT1": 0.0, "DIRWEIGHT2": 0.1, "DIRWEIGHT3": 0.0, "DIRWEIGHT4": 0.9, "Shape_Leng": 4.9585746234699997, "Shape_Area": 1.25148189013 }, "geometry": { "type": "Polygon", "coordinates": [ [ [ 25.25, 37.424999999950103 ], [ 25.399999999700299, 36.999999999900126 ], [ 24.949999999700253, 37.17499999955038 ], [ 24.499999999700265, 37.350000000099953 ], [ 24.200000000299838, 37.424999999950103 ], [ 23.9, 37.499999999800195 ], [ 23.647279822006226, 37.815900223416634 ], [ 23.499999999900126, 37.999999999700265 ], [ 24.166624356928594, 38.238433941573192 ], [ 24.4689699995659, 38.346575000236101 ], [ 24.748035000315042, 38.147727999847348 ], [ 25.100000000299815, 37.85 ], [ 25.25, 37.424999999950103 ] ] ] } },
{ "type": "Feature", "properties": { "OBJECTID_1": 390.0, "LONC": 24.615, "LATC": 40.75, "IDAS": "GRAS391", "A": 3.0, "B": 0.8, "TECREG": "Active", "TECTONICS": "Active Shallow Crust", "SS": 20, "NF": 60, "TF": 20, "MINDEPTH": 0, "HYPODEPTH1": 2, "HYPODEPTH2": 10, "HYPODEPTH3": 18, "MAXDEPTH": 20, "WHDEPTH1": 0.1, "WHDEPTH2": 0.4, "WHDEPTH3": 0.5, "MAXMAG01": 7.5, "MAXMAG02": 7.7, "MAXMAG03": 7.9, "MAXMAG04": 8.1, "WMAXMAG01": 0.5, "WMAXMAG02": 0.2, "WMAXMAG03": 0.2, "WMAXMAG04": 0.1, "STRIKE1": 64.924707, "STRIKE2": 104.175143, "STRIKE3": 0.0, "STRIKE4": 284.669167, "DIP1": 49.248537, "DIP2": 49.825214, "DIP3": 0.0, "DIP4": 48.237833, "DIRWEIGHT1": 0.630769, "DIRWEIGHT2": 0.323077, "DIRWEIGHT3": 0.0, "DIRWEIGHT4": 0.046154, "Shape_Leng": 5.3323406745000002, "Shape_Area": 1.3143843103399999 }, "geometry": { "type": "Polygon", "coordinates": [ [ [ 23.530000000199948, 40.800000000399677 ], [ 24.913701658018624, 41.166314870447934 ], [ 25.203595000408939, 41.186436000021502 ], [ 25.7, 41.300000000299747 ], [ 25.7, 40.599999999900092 ], [ 24.499999999700321, 40.199999999800127 ], [ 23.530000000199948, 40.800000000399677 ] ] ] } },
{ "type": "Feature", "properties": { "OBJECTID_1": 391.0, "LONC": 25.8, "LATC": 37.425046, "IDAS": "GRAS393", "A": 3.2, "B": 1.0, "TECREG": "Active", "TECTONICS": "Active Shallow Crust", "SS": 20, "NF": 60, "TF": 20, "MINDEPTH": 0, "HYPODEPTH1": 2, "HYPODEPTH2": 10, "HYPODEPTH3": 18, "MAXDEPTH": 20, "WHDEPTH1": 0.1, "WHDEPTH2": 0.4, "WHDEPTH3": 0.5, "MAXMAG01": 7.1, "MAXMAG02": 7.3, "MAXMAG03": 7.5, "MAXMAG04": 7.7, "WMAXMAG01": 0.5, "WMAXMAG02": 0.2, "WMAXMAG03": 0.2, "WMAXMAG04": 0.1, "STRIKE1": 0.0, "STRIKE2": 139.185385, "STRIKE3": 233.019213, "STRIKE4": 0.0, "DIP1": 0.0, "DIP2": 58.796538, "DIP3": 71.275453, "DIP4": 0.0, "DIRWEIGHT1": 0.0, "DIRWEIGHT2": 0.147727, "DIRWEIGHT3": 0.852273, "DIRWEIGHT4": 0.0, "Shape_Leng": 4.2507101703199996, "Shape_Area": 1.0622371499300001 }, "geometry": { "type": "Polygon", "coordinates": [ [ [ 25.399999999700299, 36.999999999900126 ], [ 25.25, 37.424999999950103 ], [ 25.100000000299815, 37.85 ], [ 26.499229999764736, 37.850091999746041 ], [ 26.500000000199918, 36.999999999900126 ], [ 25.950000000399768, 36.999999999900126 ], [ 25.399999999700299, 36.999999999900126 ] ] ] } },
{ "type": "Feature", "properties": { "OBJECTID_1": 392.0, "LONC": 25.324088, "LATC": 38.326795, "IDAS": "GRAS394", "A": 3.9, "B": 1.0, "TECREG": "Active", "TECTONICS": "Active Shallow Crust", "SS": 20, "NF": 75, "TF": 5, "MINDEPTH": 0, "HYPODEPTH1": 2, "HYPODEPTH2": 10, "HYPODEPTH3": 18, "MAXDEPTH": 20, "WHDEPTH1": 0.1, "WHDEPTH2": 0.4, "WHDEPTH3": 0.5, "MAXMAG01": 7.1, "MAXMAG02": 7.3, "MAXMAG03": 7.5, "MAXMAG04": 7.7, "WMAXMAG01": 0.5, "WMAXMAG02": 0.2, "WMAXMAG03": 0.2, "WMAXMAG04": 0.1, "STRIKE1": 52.101163, "STRIKE2": 147.945, "STRIKE3": 0.0, "STRIKE4": 0.0, "DIP1": 68.917326, "DIP2": 63.577632, "DIP3": 0.0, "DIP4": 0.0, "DIRWEIGHT1": 0.693548, "DIRWEIGHT2": 0.306452, "DIRWEIGHT3": 0.0, "DIRWEIGHT4": 0.0, "Shape_Leng": 3.15880115079, "Shape_Area": 0.48287671680599997 }, "geometry": { "type": "Polygon", "coordinates": [ [ [ 25.303347999610537, 38.803589999978556 ], [ 25.899999999600368, 38.799999999900137 ], [ 25.100000000299815, 37.85 ], [ 24.748175999622731, 38.147844999846939 ], [ 25.303347999610537, 38.803589999978556 ] ] ] } },
{ "type": "Feature", "properties": { "OBJECTID_1": 393.0, "LONC": 26.15883, "LATC": 39.259191, "IDAS": "TRAS395", "A": 3.6, "B": 0.85, "TECREG": "Active", "TECTONICS": "Active Shallow Crust", "SS": 50, "NF": 40, "TF": 10, "MINDEPTH": 0, "HYPODEPTH1": 2, "HYPODEPTH2": 10, "HYPODEPTH3": 18, "MAXDEPTH": 20, "WHDEPTH1": 0.1, "WHDEPTH2": 0.4, "WHDEPTH3": 0.5, "MAXMAG01": 7.1, "MAXMAG02": 7.3, "MAXMAG03": 7.5, "MAXMAG04": 7.7, "WMAXMAG01": 0.5, "WMAXMAG02": 0.2, "WMAXMAG03": 0.2, "WMAXMAG04": 0.1, "STRIKE1": 66.2715, "STRIKE2": 127.218923, "STRIKE3": 214.011727, "STRIKE4": 325.163267, "DIP1": 64.191821, "DIP2": 58.804769, "DIP3": 75.855242, "DIP4": 80.260867, "DIRWEIGHT1": 0.654206, "DIRWEIGHT2": 0.121495, "DIRWEIGHT3": 0.154206, "DIRWEIGHT4": 0.070093, "Shape_Leng": 4.5219654797500004, "Shape_Area": 1.0510534464400001 }, "geometry": { "type": "Polygon", "coordinates": [ [ [ 25.303347999610537, 38.803589999978556 ], [ 25.939158999588187, 39.531804000154523 ], [ 26.24736100040991, 39.542733999674397 ], [ 26.501288000241061, 39.593947999800378 ], [ 27.014311999998824, 39.718382999575795 ], [ 27.009717000339322, 39.110330999975702 ], [ 26.754445999683185, 38.801429000148289 ], [ 25.899999999600368, 38.799999999900137 ], [ 25.303347999610537, 38.803589999978556 ] ] ] } },
{ "type": "Feature", "properties": { "OBJECTID_1": 395.0, "LONC": 25.122483, "LATC": 38.874091, "IDAS": "GRAS397", "A": 4.1, "B": 1.0, "TECREG": "Active", "TECTONICS": "Active Shallow Crust", "SS": 50, "NF": 40, "TF": 10, "MINDEPTH": 0, "HYPODEPTH1": 2, "HYPODEPTH2": 10, "HYPODEPTH3": 18, "MAXDEPTH": 20, "WHDEPTH1": 0.1, "WHDEPTH2": 0.4, "WHDEPTH3": 0.5, "MAXMAG01": 7.1, "MAXMAG02": 7.3, "MAXMAG03": 7.5, "MAXMAG04": 7.7, "WMAXMAG01": 0.5, "WMAXMAG02": 0.2, "WMAXMAG03": 0.2, "WMAXMAG04": 0.1, "STRIKE1": 54.644568, "STRIKE2": 135.833154, "STRIKE3": 218.800458, "STRIKE4": 292.22675, "DIP1": 60.864919, "DIP2": 60.520462, "DIP3": 68.637229, "DIP4": 53.320583, "DIRWEIGHT1": 0.406593, "DIRWEIGHT2": 0.071429, "DIRWEIGHT3": 0.456044, "DIRWEIGHT4": 0.065934, "Shape_Leng": 4.7232220979299999, "Shape_Area": 0.90842742038900004 }, "geometry": { "type": "Polygon", "coordinates": [ [ [ 24.748455999944497, 38.148193999753346 ], [ 24.245626999986087, 38.504269999560904 ], [ 25.400409999721774, 39.599988000445933 ], [ 25.999339000394627, 39.599785000077759 ], [ 25.939158999588187, 39.531804000154523 ], [ 25.303347999610537, 38.803589999978556 ], [ 24.748455999944497, 38.148193999753346 ] ] ] } },
{ "type": "Feature", "properties": { "OBJECTID_1": 396.0, "LONC": 24.619823, "LATC": 39.202148, "IDAS": "GRAS398", "A": 4.1, "B": 1.0, "TECREG": "Active", "TECTONICS": "Active Shallow Crust", "SS": 40, "NF": 60, "TF": 0, "MINDEPTH": 0, "HYPODEPTH1": 2, "HYPODEPTH2": 10, "HYPODEPTH3": 18, "MAXDEPTH": 20, "WHDEPTH1": 0.1, "WHDEPTH2": 0.4, "WHDEPTH3": 0.5, "MAXMAG01": 8.0, "MAXMAG02": 8.2, "MAXMAG03": 8.4, "MAXMAG04": 8.6, "WMAXMAG01": 0.5, "WMAXMAG02": 0.2, "WMAXMAG03": 0.2, "WMAXMAG04": 0.1, "STRIKE1": 85.823571, "STRIKE2": 94.154667, "STRIKE3": 231.422017, "STRIKE4": 306.578624, "DIP1": 58.742714, "DIP2": 58.875333, "DIP3": 75.11919, "DIP4": 68.961462, "DIRWEIGHT1": 0.041916, "DIRWEIGHT2": 0.053892, "DIRWEIGHT3": 0.347305, "DIRWEIGHT4": 0.556886, "Shape_Leng": 3.8322348205100001, "Shape_Area": 0.73302095732600003 }, "geometry": { "type": "Polygon", "coordinates": [ [ [ 24.401066278386111, 38.652087073959365 ], [ 23.976749174934525, 38.973959270803732 ], [ 23.951926266783857, 38.98483250601538 ], [ 24.95059600020528, 39.899919000261718 ], [ 25.400409999721774, 39.599988000445933 ], [ 24.401066278386111, 38.652087073959365 ] ] ] } },
{ "type": "Feature", "properties": { "OBJECTID_1": 397.0, "LONC": 26.823503, "LATC": 37.485271, "IDAS": "GRAS399", "A": 3.6, "B": 0.9, "TECREG": "Active", "TECTONICS": "Active Shallow Crust", "SS": 20, "NF": 75, "TF": 5, "MINDEPTH": 0, "HYPODEPTH1": 2, "HYPODEPTH2": 10, "HYPODEPTH3": 18, "MAXDEPTH": 20, "WHDEPTH1": 0.1, "WHDEPTH2": 0.4, "WHDEPTH3": 0.5, "MAXMAG01": 7.1, "MAXMAG02": 7.3, "MAXMAG03": 7.5, "MAXMAG04": 7.7, "WMAXMAG01": 0.5, "WMAXMAG02": 0.2, "WMAXMAG03": 0.2, "WMAXMAG04": 0.1, "STRIKE1": 83.379833, "STRIKE2": 106.398333, "STRIKE3": 242.888062, "STRIKE4": 277.640208, "DIP1": 59.267583, "DIP2": 58.1675, "DIP3": 60.985875, "DIP4": 53.945792, "DIRWEIGHT1": 0.171429, "DIRWEIGHT2": 0.257143, "DIRWEIGHT3": 0.228571, "DIRWEIGHT4": 0.342857, "Shape_Leng": 2.7965716832499998, "Shape_Area": 0.47108814831000001 }, "geometry": { "type": "Polygon", "coordinates": [ [ [ 26.500000000199918, 36.999999999900126 ], [ 26.500000000199918, 37.85 ], [ 27.113589999778696, 37.970542000113255 ], [ 27.147006000226781, 37.634896999996613 ], [ 27.136486999875217, 37.533556999555913 ], [ 26.914844999597108, 37.153951000138591 ], [ 26.500000000199918, 36.999999999900126 ] ] ] } },
{ "type": "Feature", "properties": { "OBJECTID_1": 398.0, "LONC": 25.125, "LATC": 35.1, "IDAS": "GRAS403", "A": 4.2, "B": 1.0, "TECREG": "Active", "TECTONICS": "Active Shallow Crust", "SS": 25, "NF": 50, "TF": 25, "MINDEPTH": 0, "HYPODEPTH1": 2, "HYPODEPTH2": 10, "HYPODEPTH3": 18, "MAXDEPTH": 20, "WHDEPTH1": 0.1, "WHDEPTH2": 0.4, "WHDEPTH3": 0.5, "MAXMAG01": 7.1, "MAXMAG02": 7.3, "MAXMAG03": 7.5, "MAXMAG04": 7.7, "WMAXMAG01": 0.5, "WMAXMAG02": 0.2, "WMAXMAG03": 0.2, "WMAXMAG04": 0.1, "STRIKE1": 73.74905, "STRIKE2": 109.974, "STRIKE3": 222.683648, "STRIKE4": 293.419125, "DIP1": 63.2464, "DIP2": 63.868422, "DIP3": 66.773338, "DIP4": 52.738125, "DIRWEIGHT1": 0.326087, "DIRWEIGHT2": 0.244565, "DIRWEIGHT3": 0.38587, "DIRWEIGHT4": 0.043478, "Shape_Leng": 6.2056082679399998, "Shape_Area": 1.8550000009500001 }, "geometry": { "type": "Polygon", "coordinates": [ [ [ 24.399999999900103, 34.7 ], [ 24.124999999550369, 34.92499999955038 ], [ 23.850000000099953, 35.15 ], [ 24.024999999750264, 35.324999999650288 ], [ 24.200000000299838, 35.500000000199918 ], [ 24.750000000099988, 35.500000000199918 ], [ 25.299999999900137, 35.500000000199918 ], [ 25.849999999700287, 35.500000000199918 ], [ 26.400000000399757, 35.500000000199918 ], [ 26.400000000399757, 35.100000000099953 ], [ 26.400000000399757, 34.7 ], [ 25.899999999600368, 34.7 ], [ 25.399999999700299, 34.7 ], [ 24.899999999800229, 34.7 ], [ 24.399999999900103, 34.7 ] ] ] } },
{ "type": "Feature", "properties": { "OBJECTID_1": 399.0, "LONC": 27.6, "LATC": 34.958141, "IDAS": "GRAS405", "A": 4.4, "B": 1.0, "TECREG": "Active", "TECTONICS": "Active Shallow Crust", "SS": 35, "NF": 15, "TF": 50, "MINDEPTH": 0, "HYPODEPTH1": 2, "HYPODEPTH2": 10, "HYPODEPTH3": 18, "MAXDEPTH": 50, "WHDEPTH1": 0.1, "WHDEPTH2": 0.4, "WHDEPTH3": 0.5, "MAXMAG01": 7.5, "MAXMAG02": 7.7, "MAXMAG03": 7.9, "MAXMAG04": 8.1, "WMAXMAG01": 0.5, "WMAXMAG02": 0.2, "WMAXMAG03": 0.2, "WMAXMAG04": 0.1, "STRIKE1": 0.0, "STRIKE2": 0.0, "STRIKE3": 0.0, "STRIKE4": 0.0, "DIP1": 0.0, "DIP2": 0.0, "DIP3": 0.0, "DIP4": 0.0, "DIRWEIGHT1": 0.0, "DIRWEIGHT2": 0.0, "DIRWEIGHT3": 0.0, "DIRWEIGHT4": 0.0, "Shape_Leng": 7.0886888252400002, "Shape_Area": 2.1839870058500002 }, "geometry": { "type": "Polygon", "coordinates": [ [ [ 26.400000000399871, 33.999999999600391 ], [ 26.400000000399871, 34.349999999800275 ], [ 26.400000000399871, 34.7 ], [ 26.774999999650447, 35.002499999575377 ], [ 27.149999999800173, 35.305000000050143 ], [ 27.524999999950126, 35.607499999625475 ], [ 27.907805000300698, 35.916283000260364 ], [ 28.200000000399768, 35.799999999600459 ], [ 28.499999999800252, 35.649999999900103 ], [ 28.800000000100113, 35.500000000199975 ], [ 27.106392987882714, 34.315527446071371 ], [ 26.812233765875646, 34.138883728526935 ], [ 26.5186, 34.0102 ], [ 26.403491483468201, 33.94528929402361 ], [ 26.400000000399871, 33.999999999600391 ] ] ] } },
{ "type": "Feature", "properties": { "OBJECTID_1": 400.0, "LONC": 28.225, "LATC": 36.3, "IDAS": "GRAS406", "A": 3.5207, "B": 1.0, "TECREG": "Active", "TECTONICS": "Active Shallow Crust", "SS": 20, "NF": 75, "TF": 5, "MINDEPTH": 0, "HYPODEPTH1": 2, "HYPODEPTH2": 10, "HYPODEPTH3": 18, "MAXDEPTH": 20, "WHDEPTH1": 0.1, "WHDEPTH2": 0.4, "WHDEPTH3": 0.5, "MAXMAG01": 7.5, "MAXMAG02": 7.7, "MAXMAG03": 7.9, "MAXMAG04": 8.1, "WMAXMAG01": 0.5, "WMAXMAG02": 0.2, "WMAXMAG03": 0.2, "WMAXMAG04": 0.1, "STRIKE1": 0.0, "STRIKE2": 0.0, "STRIKE3": 0.0, "STRIKE4": 0.0, "DIP1": 0.0, "DIP2": 0.0, "DIP3": 0.0, "DIP4": 0.0, "DIRWEIGHT1": 0.0, "DIRWEIGHT2": 0.0, "DIRWEIGHT3": 0.0, "DIRWEIGHT4": 0.0, "Shape_Leng": 4.6460754100199999, "Shape_Area": 1.14601455182 }, "geometry": { "type": "Polygon", "coordinates": [ [ [ 28.469882000354062, 36.726349999752756 ], [ 28.750000000199918, 36.599999999800218 ], [ 28.802532999997993, 36.691260000348791 ], [ 29.41706766633979, 36.490818678239464 ], [ 29.018536188094629, 36.076577491757917 ], [ 28.799871000446387, 35.50036499994485 ], [ 28.799843187113424, 35.500078406693149 ], [ 28.499999999800195, 35.649999999900103 ], [ 28.200000000399768, 35.799999999600345 ], [ 27.907805000300584, 35.916283000260307 ], [ 27.699999999600379, 36.000000000099988 ], [ 27.900000000099965, 36.26666700018194 ], [ 28.099999999700287, 36.533333000217851 ], [ 28.300320999714415, 36.801199999880168 ], [ 28.469882000354062, 36.726349999752756 ] ] ] } },
{ "type": "Feature", "properties": { "OBJECTID_1": 401.0, "LONC": 26.960583, "LATC": 35.897089, "IDAS": "TRAS4v1", "A": 4.2, "B": 1.0, "TECREG": "Active", "TECTONICS": "Active Shallow Crust", "SS": 20, "NF": 75, "TF": 5, "MINDEPTH": 0, "HYPODEPTH1": 2, "HYPODEPTH2": 10, "HYPODEPTH3": 18, "MAXDEPTH": 20, "WHDEPTH1": 0.1, "WHDEPTH2": 0.4, "WHDEPTH3": 0.5, "MAXMAG01": 7.1, "MAXMAG02": 7.3, "MAXMAG03": 7.5, "MAXMAG04": 7.7, "WMAXMAG01": 0.5, "WMAXMAG02": 0.2, "WMAXMAG03": 0.2, "WMAXMAG04": 0.1, "STRIKE1": 50.68201, "STRIKE2": 113.109812, "STRIKE3": 244.682748, "STRIKE4": 285.745358, "DIP1": 64.153545, "DIP2": 60.100937, "DIP3": 60.485761, "DIP4": 54.208657, "DIRWEIGHT1": 0.268293, "DIRWEIGHT2": 0.130081, "DIRWEIGHT3": 0.420054, "DIRWEIGHT4": 0.181572, "Shape_Leng": 9.3331424552800009, "Shape_Area": 2.3636197517599999 }, "geometry": { "type": "Polygon", "coordinates": [ [ [ 26.933332999618301, 36.43333300041769 ], [ 27.168483999636919, 36.497780000146918 ], [ 27.477594000063107, 36.834240000076022 ], [ 28.926968999819564, 37.096789000012393 ], [ 28.469882000354062, 36.726349999752756 ], [ 28.300320999714415, 36.801199999880168 ], [ 28.099999999700287, 36.533333000217851 ], [ 27.900000000099965, 36.26666700018194 ], [ 27.699999999600379, 36.000000000099988 ], [ 27.551685712525682, 36.065805511215444 ], [ 26.400000000399757, 35.500000000199918 ], [ 25.933332999818163, 35.500000000199918 ], [ 25.466667000181985, 35.500000000199918 ], [ 24.999999999600334, 35.500000000199918 ], [ 25.158671620398991, 35.872211514749665 ], [ 25.257977648449753, 36.300000000399734 ], [ 25.633333000417679, 36.300000000399734 ], [ 26.066666999882216, 36.300000000399734 ], [ 26.500000000199918, 36.300000000399734 ], [ 26.933332999618301, 36.43333300041769 ] ] ] } },
{ "type": "Feature", "properties": { "OBJECTID_1": 402.0, "LONC": 29.176776, "LATC": 36.035271, "IDAS": "TRAS408", "A": 3.9, "B": 0.9, "TECREG": "Active", "TECTONICS": "Active Shallow Crust", "SS": 20, "NF": 75, "TF": 5, "MINDEPTH": 0, "HYPODEPTH1": 2, "HYPODEPTH2": 10, "HYPODEPTH3": 18, "MAXDEPTH": 50, "WHDEPTH1": 0.1, "WHDEPTH2": 0.4, "WHDEPTH3": 0.5, "MAXMAG01": 7.5, "MAXMAG02": 7.7, "MAXMAG03": 7.9, "MAXMAG04": 8.1, "WMAXMAG01": 0.5, "WMAXMAG02": 0.2, "WMAXMAG03": 0.2, "WMAXMAG04": 0.1, "STRIKE1": 41.875, "STRIKE2": 0.0, "STRIKE3": 225.928435, "STRIKE4": 0.0, "DIP1": 55.902667, "DIP2": 0.0, "DIP3": 50.992826, "DIP4": 0.0, "DIRWEIGHT1": 0.477273, "DIRWEIGHT2": 0.0, "DIRWEIGHT3": 0.522727, "DIRWEIGHT4": 0.0, "Shape_Leng": 3.9727441351300001, "Shape_Area": 0.87075818664399995 }, "geometry": { "type": "Polygon", "coordinates": [ [ [ 29.07087199984295, 35.670770999981698 ], [ 28.800000000099999, 35.500000000199918 ], [ 28.799843187113424, 35.500078406693149 ], [ 28.799871000446387, 35.50036499994485 ], [ 29.018536188094629, 36.076577491757917 ], [ 29.41706766633979, 36.490818678239464 ], [ 29.682791999751032, 36.404147999930331 ], [ 29.962499999575357, 36.310000000199921 ], [ 30.153552000224693, 36.002979999927106 ], [ 30.100441999898408, 35.819886000238796 ], [ 29.792480000251885, 35.378809999881639 ], [ 29.274113999661381, 35.666444000090564 ], [ 29.07087199984295, 35.670770999981698 ] ] ] } },
{ "type": "Feature", "properties": { "OBJECTID_1": 404.0, "LONC": 25.625663, "LATC": 39.921595, "IDAS": "TRAS410", "A": 3.4, "B": 0.9, "TECREG": "Active", "TECTONICS": "Active Shallow Crust", "SS": 50, "NF": 40, "TF": 10, "MINDEPTH": 0, "HYPODEPTH1": 2, "HYPODEPTH2": 10, "HYPODEPTH3": 18, "MAXDEPTH": 20, "WHDEPTH1": 0.1, "WHDEPTH2": 0.4, "WHDEPTH3": 0.5, "MAXMAG01": 8.0, "MAXMAG02": 8.2, "MAXMAG03": 8.4, "MAXMAG04": 8.6, "WMAXMAG01": 0.5, "WMAXMAG02": 0.2, "WMAXMAG03": 0.2, "WMAXMAG04": 0.1, "STRIKE1": 70.467462, "STRIKE2": 0.0, "STRIKE3": 230.040143, "STRIKE4": 274.622667, "DIP1": 64.270308, "DIP2": 0.0, "DIP3": 76.430929, "DIP4": 60.767333, "DIRWEIGHT1": 0.295455, "DIRWEIGHT2": 0.0, "DIRWEIGHT3": 0.636364, "DIRWEIGHT4": 0.068182, "Shape_Leng": 3.2622626591600001, "Shape_Area": 0.53757294035100001 }, "geometry": { "type": "Polygon", "coordinates": [ [ [ 26.12931200014873, 39.68460400037435 ], [ 25.999339000394627, 39.599785000077759 ], [ 25.400409999721774, 39.599988000445933 ], [ 24.949999999700253, 39.900000000399757 ], [ 25.7, 40.1 ], [ 26.000000000299849, 40.184999999650302 ], [ 26.227071000026683, 40.243405000440475 ], [ 26.299999999700276, 39.935000000149955 ], [ 26.30132699974132, 39.837771999578194 ], [ 26.12931200014873, 39.68460400037435 ] ] ] } },
{ "type": "Feature", "properties": { "OBJECTID_1": 405.0, "LONC": 29.165705, "LATC": 38.499284, "IDAS": "TRAS411", "A": 3.3, "B": 0.81, "TECREG": "Active", "TECTONICS": "Active Shallow Crust", "SS": 35, "NF": 65, "TF": 0, "MINDEPTH": 0, "HYPODEPTH1": 2, "HYPODEPTH2": 10, "HYPODEPTH3": 18, "MAXDEPTH": 20, "WHDEPTH1": 0.1, "WHDEPTH2": 0.4, "WHDEPTH3": 0.5, "MAXMAG01": 7.1, "MAXMAG02": 7.3, "MAXMAG03": 7.5, "MAXMAG04": 7.7, "WMAXMAG01": 0.5, "WMAXMAG02": 0.2, "WMAXMAG03": 0.2, "WMAXMAG04": 0.1, "STRIKE1": 34.454, "STRIKE2": 142.092091, "STRIKE3": 212.917, "STRIKE4": 324.928176, "DIP1": 51.946942, "DIP2": 52.858682, "DIP3": 54.773196, "DIP4": 54.550412, "DIRWEIGHT1": 0.307692, "DIRWEIGHT2": 0.260355, "DIRWEIGHT3": 0.331361, "DIRWEIGHT4": 0.100592, "Shape_Leng": 6.6095923808199997, "Shape_Area": 1.2647682897600001 }, "geometry": { "type": "Polygon", "coordinates": [ [ [ 27.905797000331347, 39.119043999780843 ], [ 28.37358899973259, 39.05311199991894 ], [ 29.053677000093558, 38.89985600025426 ], [ 29.570159000137778, 38.782764000058592 ], [ 30.041725000008796, 38.654651999790019 ], [ 30.153081458134984, 38.618529548263538 ], [ 30.086741362252194, 37.997414131926249 ], [ 29.931147999880352, 37.879524999978798 ], [ 29.368048000315014, 38.283689999693763 ], [ 28.906763999758823, 38.564374999606571 ], [ 28.490771999628123, 38.698395999875572 ], [ 28.136988000296014, 38.762360999860334 ], [ 27.677647000308866, 38.831180999803337 ], [ 27.905797000331347, 39.119043999780843 ] ] ] } },
{ "type": "Feature", "properties": { "OBJECTID_1": 409.0, "LONC": 28.321387, "LATC": 39.588553, "IDAS": "TRAS415", "A": 3.4, "B": 0.86, "TECREG": "Active", "TECTONICS": "Active Shallow Crust", "SS": 50, "NF": 40, "TF": 10, "MINDEPTH": 0, "HYPODEPTH1": 2, "HYPODEPTH2": 10, "HYPODEPTH3": 18, "MAXDEPTH": 20, "WHDEPTH1": 0.1, "WHDEPTH2": 0.4, "WHDEPTH3": 0.5, "MAXMAG01": 7.1, "MAXMAG02": 7.3, "MAXMAG03": 7.5, "MAXMAG04": 7.7, "WMAXMAG01": 0.5, "WMAXMAG02": 0.2, "WMAXMAG03": 0.2, "WMAXMAG04": 0.1, "STRIKE1": 57.637135, "STRIKE2": 0.0, "STRIKE3": 229.479154, "STRIKE4": 280.37825, "DIP1": 76.897568, "DIP2": 0.0, "DIP3": 70.162654, "DIP4": 64.138167, "DIRWEIGHT1": 0.300813, "DIRWEIGHT2": 0.0, "DIRWEIGHT3": 0.211382, "DIRWEIGHT4": 0.487805, "Shape_Leng": 6.6612777853700003, "Shape_Area": 0.98982157051499997 }, "geometry": { "type": "Polygon", "coordinates": [ [ [ 28.824182000099256, 40.066578000174616 ], [ 29.633053000195844, 39.813433999579445 ], [ 29.217582999855608, 39.401266000425608 ], [ 29.066509000090321, 39.431140000310791 ], [ 28.745713000354726, 39.461792000100786 ], [ 28.207767999793418, 39.494066000045905 ], [ 28.323836999577907, 39.637269000164281 ], [ 27.496036999807757, 39.680541000067137 ], [ 27.009720999624506, 39.110616999674846 ], [ 27.014311999998824, 39.718382999575795 ], [ 28.824182000099256, 40.066578000174616 ] ] ] } },
{ "type": "Feature", "properties": { "OBJECTID_1": 412.0, "LONC": 28.68148, "LATC": 37.437979, "IDAS": "TRAS419", "A": 2.6, "B": 0.83, "TECREG": "Active", "TECTONICS": "Active Shallow Crust", "SS": 20, "NF": 75, "TF": 5, "MINDEPTH": 0, "HYPODEPTH1": 2, "HYPODEPTH2": 10, "HYPODEPTH3": 18, "MAXDEPTH": 20, "WHDEPTH1": 0.1, "WHDEPTH2": 0.4, "WHDEPTH3": 0.5, "MAXMAG01": 7.1, "MAXMAG02": 7.3, "MAXMAG03": 7.5, "MAXMAG04": 7.7, "WMAXMAG01": 0.5, "WMAXMAG02": 0.2, "WMAXMAG03": 0.2, "WMAXMAG04": 0.1, "STRIKE1": 0.0, "STRIKE2": 0.0, "STRIKE3": 230.236526, "STRIKE4": 347.143917, "DIP1": 0.0, "DIP2": 0.0, "DIP3": 50.444289, "DIP4": 50.64725, "DIRWEIGHT1": 0.0, "DIRWEIGHT2": 0.0, "DIRWEIGHT3": 0.76, "DIRWEIGHT4": 0.24, "Shape_Leng": 3.93309823952, "Shape_Area": 0.62570424409199998 }, "geometry": { "type": "Polygon", "coordinates": [ [ [ 27.785827999662501, 37.666773999620432 ], [ 28.138826999666378, 37.702298000152609 ], [ 28.448064999700023, 37.751060999665469 ], [ 28.692502999913586, 37.770408999775555 ], [ 28.821889999623806, 37.778984999558133 ], [ 28.919681000078128, 37.760543999905735 ], [ 29.07476000017391, 37.749881000108132 ], [ 29.334375999752638, 37.712839999766231 ], [ 29.577131999742051, 37.630819999943071 ], [ 28.926968999819564, 37.096789000012393 ], [ 27.785827999662501, 37.666773999620432 ] ] ] } },
{ "type": "Feature", "properties": { "OBJECTID_1": 413.0, "LONC": 27.99969, "LATC": 38.214343, "IDAS": "TRAS420", "A": 2.9, "B": 0.88, "TECREG": "Active", "TECTONICS": "Active Shallow Crust", "SS": 20, "NF": 75, "TF": 5, "MINDEPTH": 0, "HYPODEPTH1": 2, "HYPODEPTH2": 10, "HYPODEPTH3": 18, "MAXDEPTH": 20, "WHDEPTH1": 0.1, "WHDEPTH2": 0.4, "WHDEPTH3": 0.5, "MAXMAG01": 7.1, "MAXMAG02": 7.3, "MAXMAG03": 7.5, "MAXMAG04": 7.7, "WMAXMAG01": 0.5, "WMAXMAG02": 0.2, "WMAXMAG03": 0.2, "WMAXMAG04": 0.1, "STRIKE1": 84.2875, "STRIKE2": 0.0, "STRIKE3": 253.371676, "STRIKE4": 282.954417, "DIP1": 50.0, "DIP2": 0.0, "DIP3": 56.564941, "DIP4": 51.328583, "DIRWEIGHT1": 0.28125, "DIRWEIGHT2": 0.0, "DIRWEIGHT3": 0.53125, "DIRWEIGHT4": 0.1875, "Shape_Leng": 3.3454769950899998, "Shape_Area": 0.40500252871100001 }, "geometry": { "type": "Polygon", "coordinates": [ [ [ 27.274005000430463, 38.002108999830511 ], [ 27.359544999801926, 38.426577999674976 ], [ 27.534382000029325, 38.39075699983573 ], [ 27.713218000310519, 38.378573000043957 ], [ 28.00480200011225, 38.39075699983573 ], [ 28.20696799977344, 38.378573000043957 ], [ 28.35858800043593, 38.342021999815472 ], [ 28.440232000006858, 38.305470999586987 ], [ 28.556867999858355, 38.229322999856606 ], [ 28.725375999602761, 38.086256999760792 ], [ 28.632933000257822, 38.087060999965217 ], [ 27.931940999977201, 38.06346299991759 ], [ 27.274005000430463, 38.002108999830511 ] ] ] } },
{ "type": "Feature", "properties": { "OBJECTID_1": 414.0, "LONC": 29.184246, "LATC": 35.522617, "IDAS": "GRAS421", "A": 5.0, "B": 1.1, "TECREG": "Active", "TECTONICS": "Active Shallow Crust", "SS": 50, "NF": 0, "TF": 50, "MINDEPTH": 0, "HYPODEPTH1": 2, "HYPODEPTH2": 10, "HYPODEPTH3": 18, "MAXDEPTH": 20, "WHDEPTH1": 0.1, "WHDEPTH2": 0.4, "WHDEPTH3": 0.5, "MAXMAG01": 7.5, "MAXMAG02": 7.7, "MAXMAG03": 7.9, "MAXMAG04": 8.1, "WMAXMAG01": 0.5, "WMAXMAG02": 0.2, "WMAXMAG03": 0.2, "WMAXMAG04": 0.1, "STRIKE1": 37.712643, "STRIKE2": 0.0, "STRIKE3": 213.242, "STRIKE4": 319.103575, "DIP1": 57.636357, "DIP2": 0.0, "DIP3": 75.689, "DIP4": 22.091487, "DIRWEIGHT1": 0.109375, "DIRWEIGHT2": 0.0, "DIRWEIGHT3": 0.007812, "DIRWEIGHT4": 0.882812, "Shape_Leng": 30.232383386399999, "Shape_Area": 14.951409591299999 }, "geometry": { "type": "Polygon", "coordinates": [ [ [ 21.701516999709952, 35.601934000154017 ], [ 23.80021800036053, 34.200065000399491 ], [ 24.203399999710371, 33.883000000050117 ], [ 24.824300000000108, 33.6237 ], [ 25.25769271050757, 33.607436126356902 ], [ 25.79360000000014, 33.6729 ], [ 26.231721208408885, 33.853083847462926 ], [ 26.5186, 34.0102 ], [ 26.812233765875646, 34.138883728526935 ], [ 27.106392987882714, 34.315527446071371 ], [ 28.799871000446501, 35.50036499994485 ], [ 29.071062999657897, 35.670590999774902 ], [ 29.273439000010001, 35.666659000112816 ], [ 29.792480000251999, 35.378809999881696 ], [ 30.485964999685052, 35.015051000103711 ], [ 29.697122826844748, 33.9971913095996 ], [ 27.123912256903225, 32.822650669556367 ], [ 24.449024295357162, 32.841609965092346 ], [ 22.044728448967533, 33.196399514204927 ], [ 19.114983284868231, 34.63070260155456 ], [ 17.87353312710195, 35.579821005718657 ], [ 17.749455334000118, 35.855050384000094 ], [ 17.574599270000022, 36.564997784000127 ], [ 17.535057343000062, 36.960727620000057 ], [ 17.797330066000029, 37.846483405000072 ], [ 18.381872217051807, 39.176574477100928 ], [ 18.540405999936979, 39.0438340001391 ], [ 18.812335999906509, 38.816193000206908 ], [ 19.482133909752179, 38.20000000019985 ], [ 19.999137000372343, 37.699833999839313 ], [ 20.500089000107437, 37.098645000166698 ], [ 21.300502999613855, 36.10038699976036 ], [ 21.701516999709952, 35.601934000154017 ] ] ] } },
{ "type": "Feature", "properties": { "OBJECTID_1": 415.0, "LONC": 26.746201, "LATC": 40.243211, "IDAS": "TRAS423", "A": 2.8, "B": 0.84, "TECREG": "Active", "TECTONICS": "Active Shallow Crust", "SS": 50, "NF": 40, "TF": 10, "MINDEPTH": 0, "HYPODEPTH1": 2, "HYPODEPTH2": 10, "HYPODEPTH3": 18, "MAXDEPTH": 20, "WHDEPTH1": 0.1, "WHDEPTH2": 0.4, "WHDEPTH3": 0.5, "MAXMAG01": 8.0, "MAXMAG02": 8.2, "MAXMAG03": 8.4, "MAXMAG04": 8.6, "WMAXMAG01": 0.5, "WMAXMAG02": 0.2, "WMAXMAG03": 0.2, "WMAXMAG04": 0.1, "STRIKE1": 0.0, "STRIKE2": 119.411222, "STRIKE3": 249.116, "STRIKE4": 0.0, "DIP1": 0.0, "DIP2": 83.490778, "DIP3": 60.079667, "DIP4": 0.0, "DIRWEIGHT1": 0.0, "DIRWEIGHT2": 0.5, "DIRWEIGHT3": 0.5, "DIRWEIGHT4": 0.0, "Shape_Leng": 5.4970771407400001, "Shape_Area": 0.60899907980699997 }, "geometry": { "type": "Polygon", "coordinates": [ [ [ 26.30132699974132, 39.837771999578194 ], [ 26.299999999700276, 39.935000000149955 ], [ 26.226846999589384, 40.24351900030166 ], [ 27.035873999685407, 40.508665000389499 ], [ 27.526908999850491, 40.633690000393244 ], [ 27.673880000161944, 40.648650999643962 ], [ 28.342693000381701, 40.611504999855924 ], [ 28.696376999598897, 40.565061000265018 ], [ 28.696376999598897, 40.565061000265018 ], [ 28.466277999630051, 40.488674000304911 ], [ 28.075549999932605, 40.464494000397849 ], [ 27.762981000073125, 40.391964000238488 ], [ 27.485826000169823, 40.316483999836748 ], [ 27.01838199972957, 40.161178000064695 ], [ 26.580130000099473, 40.081575000186149 ], [ 26.30132699974132, 39.837771999578194 ] ] ] } },
{ "type": "Feature", "properties": { "OBJECTID_1": 0.0, "LONC": 20.417773, "LATC": 41.829031, "IDAS": "ALASv1", "A": 3.5273, "B": 0.901, "TECREG": "Active", "TECTONICS": "Active Shallow Crust", "SS": 20, "NF": 60, "TF": 20, "MINDEPTH": 0, "HYPODEPTH1": 2, "HYPODEPTH2": 10, "HYPODEPTH3": 18, "MAXDEPTH": 14, "WHDEPTH1": 0.1, "WHDEPTH2": 0.4, "WHDEPTH3": 0.5, "MAXMAG01": 7.5, "MAXMAG02": 7.7, "MAXMAG03": 7.9, "MAXMAG04": 8.1, "WMAXMAG01": 0.5, "WMAXMAG02": 0.2, "WMAXMAG03": 0.2, "WMAXMAG04": 0.1, "STRIKE1": 36.382905, "STRIKE2": 0.0, "STRIKE3": 221.541063, "STRIKE4": 335.178646, "DIP1": 46.907622, "DIP2": 0.0, "DIP3": 47.469919, "DIP4": 41.402949, "DIRWEIGHT1": 0.280303, "DIRWEIGHT2": 0.0, "DIRWEIGHT3": 0.420455, "DIRWEIGHT4": 0.299242, "Shape_Leng": 4.5254353056100003, "Shape_Area": 1.0779730835000001 }, "geometry": { "type": "Polygon", "coordinates": [ [ [ 19.890343906246301, 41.333149731275114 ], [ 19.826628430357914, 41.828098227551266 ], [ 19.901785981537842, 42.040283061514117 ], [ 19.971556251020218, 42.237258518765657 ], [ 20.004417000144485, 42.330031000030658 ], [ 20.033066119805596, 42.384556937052992 ], [ 20.238070000330367, 42.774727000051143 ], [ 21.295254834942853, 42.178214740318026 ], [ 21.163711139557563, 42.003585115660599 ], [ 19.890343906246301, 41.333149731275114 ] ] ] } },
{ "type": "Feature", "properties": { "OBJECTID_1": 0.0, "LONC": 20.696687, "LATC": 40.546706, "IDAS": "ALAS992", "A": 3.2952, "B": 0.814, "TECREG": "Active", "TECTONICS": "Active Shallow Crust", "SS": 20, "NF": 60, "TF": 20, "MINDEPTH": 0, "HYPODEPTH1": 2, "HYPODEPTH2": 10, "HYPODEPTH3": 18, "MAXDEPTH": 14, "WHDEPTH1": 0.1, "WHDEPTH2": 0.4, "WHDEPTH3": 0.5, "MAXMAG01": 7.5, "MAXMAG02": 7.7, "MAXMAG03": 7.9, "MAXMAG04": 8.1, "WMAXMAG01": 0.5, "WMAXMAG02": 0.2, "WMAXMAG03": 0.2, "WMAXMAG04": 0.1, "STRIKE1": 46.7922, "STRIKE2": 161.226446, "STRIKE3": 201.980836, "STRIKE4": 329.653729, "DIP1": 56.557743, "DIP2": 48.730877, "DIP3": 51.347356, "DIP4": 41.110181, "DIRWEIGHT1": 0.094086, "DIRWEIGHT2": 0.174731, "DIRWEIGHT3": 0.196237, "DIRWEIGHT4": 0.534946, "Shape_Leng": 5.4786283037899999, "Shape_Area": 1.5015485588499999 }, "geometry": { "type": "Polygon", "coordinates": [ [ [ 20.899937000392299, 40.599953999577451 ], [ 20.809368000233064, 39.89953899982504 ], [ 20.493437000017593, 39.897931000315452 ], [ 20.080896883884122, 40.555326375112202 ], [ 19.93764600026276, 40.956808000189085 ], [ 21.297341000386893, 41.755741999793486 ], [ 21.429640000385746, 41.397661000155097 ], [ 21.5026720003126, 41.199857000200439 ], [ 21.556707000128029, 41.145603000178369 ], [ 21.649930000369295, 41.051746000377648 ], [ 20.899937000392299, 40.599953999577451 ] ] ] } },
{ "type": "Feature", "properties": { "OBJECTID_1": 0.0, "LONC": 25.124403, "LATC": 42.613985, "IDAS": "BGAS991", "A": 2.7612, "B": 0.915, "TECREG": "Active", "TECTONICS": "Active Shallow Crust", "SS": 20, "NF": 60, "TF": 20, "MINDEPTH": 0, "HYPODEPTH1": 2, "HYPODEPTH2": 10, "HYPODEPTH3": 18, "MAXDEPTH": 20, "WHDEPTH1": 0.1, "WHDEPTH2": 0.4, "WHDEPTH3": 0.5, "MAXMAG01": 7.5, "MAXMAG02": 7.7, "MAXMAG03": 7.9, "MAXMAG04": 8.1, "WMAXMAG01": 0.5, "WMAXMAG02": 0.2, "WMAXMAG03": 0.2, "WMAXMAG04": 0.1, "STRIKE1": 77.465197, "STRIKE2": 101.129108, "STRIKE3": 267.72425, "STRIKE4": 293.628773, "DIP1": 47.117239, "DIP2": 47.713923, "DIP3": 47.586667, "DIP4": 48.9255, "DIRWEIGHT1": 0.541667, "DIRWEIGHT2": 0.300926, "DIRWEIGHT3": 0.055556, "DIRWEIGHT4": 0.101852, "Shape_Leng": 6.5958500333299996, "Shape_Area": 1.31933956629 }, "geometry": { "type": "Polygon", "coordinates": [ [ [ 24.016341999783492, 42.929236999987609 ], [ 25.369015999888518, 42.790473000428676 ], [ 26.232463999613969, 42.703377000348326 ], [ 26.750549999882651, 42.674003000138384 ], [ 27.011957000215432, 42.65897799973493 ], [ 26.276666000135833, 42.036587999936273 ], [ 25.906266999922138, 42.215806999893175 ], [ 25.36728099991825, 42.298733000127925 ], [ 25.016844000250444, 42.351307000018096 ], [ 24.480907999704471, 42.308487000274908 ], [ 24.420200999776341, 42.390063000307293 ], [ 24.219703999739863, 42.659118999941938 ], [ 24.016341999783492, 42.929236999987609 ] ] ] } },
{ "type": "Feature", "properties": { "OBJECTID_1": 0.0, "LONC": 21.925, "LATC": 38.25, "IDAS": "GRAS976", "A": 3.0588, "B": 0.745, "TECREG": "Active", "TECTONICS": "Active Shallow Crust", "SS": 25, "NF": 50, "TF": 25, "MINDEPTH": 0, "HYPODEPTH1": 2, "HYPODEPTH2": 10, "HYPODEPTH3": 18, "MAXDEPTH": 20, "WHDEPTH1": 0.1, "WHDEPTH2": 0.4, "WHDEPTH3": 0.5, "MAXMAG01": 7.5, "MAXMAG02": 7.7, "MAXMAG03": 7.9, "MAXMAG04": 8.1, "WMAXMAG01": 0.5, "WMAXMAG02": 0.2, "WMAXMAG03": 0.2, "WMAXMAG04": 0.1, "STRIKE1": 65.3675, "STRIKE2": 104.610411, "STRIKE3": 253.542529, "STRIKE4": 288.026209, "DIP1": 57.402604, "DIP2": 56.564422, "DIP3": 54.182569, "DIP4": 41.811018, "DIRWEIGHT1": 0.160535, "DIRWEIGHT2": 0.301003, "DIRWEIGHT3": 0.170569, "DIRWEIGHT4": 0.367893, "Shape_Leng": 3.03859029409, "Shape_Area": 0.448035672356 }, "geometry": { "type": "Polygon", "coordinates": [ [ [ 22.749999999600277, 37.650000000399757 ], [ 22.55, 37.825000000050125 ], [ 22.683814722771217, 37.923300785702679 ], [ 22.860514343062619, 38.071272142395514 ], [ 23.258940645594407, 38.501387472753777 ], [ 23.685504365234294, 38.502677064594934 ], [ 23.499999999900183, 37.999999999700321 ], [ 23.103026296645851, 37.903507460890978 ], [ 22.749999999600277, 37.650000000399757 ] ] ] } },
{ "type": "Feature", "properties": { "OBJECTID_1": 0.0, "LONC": 21.3, "LATC": 36.850172, "IDAS": "GRAS975", "A": 3.9751, "B": 0.918, "TECREG": "Active", "TECTONICS": "Active Shallow Crust", "SS": 35, "NF": 15, "TF": 50, "MINDEPTH": 0, "HYPODEPTH1": 2, "HYPODEPTH2": 10, "HYPODEPTH3": 18, "MAXDEPTH": 50, "WHDEPTH1": 0.1, "WHDEPTH2": 0.4, "WHDEPTH3": 0.5, "MAXMAG01": 7.5, "MAXMAG02": 7.7, "MAXMAG03": 7.9, "MAXMAG04": 8.1, "WMAXMAG01": 0.5, "WMAXMAG02": 0.2, "WMAXMAG03": 0.2, "WMAXMAG04": 0.1, "STRIKE1": 0.0, "STRIKE2": 0.0, "STRIKE3": 216.172184, "STRIKE4": 291.6045, "DIP1": 0.0, "DIP2": 0.0, "DIP3": 75.687959, "DIP4": 22.9705, "DIRWEIGHT1": 0.0, "DIRWEIGHT2": 0.0, "DIRWEIGHT3": 0.960784, "DIRWEIGHT4": 0.039216, "Shape_Leng": 5.7058000508599998, "Shape_Area": 1.6862441268099999 }, "geometry": { "type": "Polygon", "coordinates": [ [ [ 20.499999999600334, 37.099999999700287 ], [ 21.100000000199884, 37.599999999600357 ], [ 21.550119000291659, 37.100055000437976 ], [ 22.1, 36.5 ], [ 22.299999999600345, 36.274999999550403 ], [ 22.500000000099988, 36.05 ], [ 22.1, 35.824999999550414 ], [ 21.701664000193489, 35.601836000131357 ], [ 21.300537000282361, 36.100344999622109 ], [ 20.940679999682288, 36.549150000272334 ], [ 20.499999999600334, 37.099999999700287 ] ] ] } },
{ "type": "Feature", "properties": { "OBJECTID_1": 0.0, "LONC": 24.49653, "LATC": 34.349673, "IDAS": "GRAS974", "A": 4.3249, "B": 0.963, "TECREG": "Active", "TECTONICS": "Active Shallow Crust", "SS": 35, "NF": 15, "TF": 50, "MINDEPTH": 0, "HYPODEPTH1": 2, "HYPODEPTH2": 10, "HYPODEPTH3": 18, "MAXDEPTH": 50, "WHDEPTH1": 0.1, "WHDEPTH2": 0.4, "WHDEPTH3": 0.5, "MAXMAG01": 7.5, "MAXMAG02": 7.7, "MAXMAG03": 7.9, "MAXMAG04": 8.1, "WMAXMAG01": 0.5, "WMAXMAG02": 0.2, "WMAXMAG03": 0.2, "WMAXMAG04": 0.1, "STRIKE1": 0.0, "STRIKE2": 0.0, "STRIKE3": 0.0, "STRIKE4": 0.0, "DIP1": 0.0, "DIP2": 0.0, "DIP3": 0.0, "DIP4": 0.0, "DIRWEIGHT1": 0.0, "DIRWEIGHT2": 0.0, "DIRWEIGHT3": 0.0, "DIRWEIGHT4": 0.0, "Shape_Leng": 7.1908631575499999, "Shape_Area": 2.75535477678 }, "geometry": { "type": "Polygon", "coordinates": [ [ [ 23.800140000360841, 34.20011700009951 ], [ 24.099999999600357, 34.449999999600379 ], [ 24.399999999900217, 34.7 ], [ 24.899999999800286, 34.7 ], [ 25.399999999700356, 34.7 ], [ 25.899999999600425, 34.7 ], [ 26.400000000399871, 34.7 ], [ 26.400000000399871, 34.349999999800275 ], [ 26.400158999638165, 34.000263000037421 ], [ 26.403491483468201, 33.94528929402361 ], [ 26.231721208408885, 33.853083847462926 ], [ 25.79360000000014, 33.6729 ], [ 25.25769271050757, 33.607436126356902 ], [ 24.824300000000108, 33.6237 ], [ 24.203399999710371, 33.883000000050117 ], [ 23.800140000360841, 34.20011700009951 ] ] ] } },
{ "type": "Feature", "properties": { "OBJECTID_1": 0.0, "LONC": 25.963423, "LATC": 40.375031, "IDAS": "GRAS973", "A": 2.9737, "B": 0.8, "TECREG": "Active", "TECTONICS": "Active Shallow Crust", "SS": 40, "NF": 60, "TF": 0, "MINDEPTH": 0, "HYPODEPTH1": 2, "HYPODEPTH2": 10, "HYPODEPTH3": 18, "MAXDEPTH": 20, "WHDEPTH1": 0.1, "WHDEPTH2": 0.4, "WHDEPTH3": 0.5, "MAXMAG01": 8.0, "MAXMAG02": 8.2, "MAXMAG03": 8.4, "MAXMAG04": 8.6, "WMAXMAG01": 0.5, "WMAXMAG02": 0.2, "WMAXMAG03": 0.2, "WMAXMAG04": 0.1, "STRIKE1": 66.499139, "STRIKE2": 101.507063, "STRIKE3": 242.709131, "STRIKE4": 286.437533, "DIP1": 67.476584, "DIP2": 69.789938, "DIP3": 70.262016, "DIP4": 54.7368, "DIRWEIGHT1": 0.65283, "DIRWEIGHT2": 0.060377, "DIRWEIGHT3": 0.230189, "DIRWEIGHT4": 0.056604, "Shape_Leng": 4.4256987635699998, "Shape_Area": 0.77965967946799997 }, "geometry": { "type": "Polygon", "coordinates": [ [ [ 26.481996201463573, 40.327211195040661 ], [ 26.227071000026683, 40.243405000440475 ], [ 25.7, 40.1 ], [ 24.949999999700253, 39.900000000399757 ], [ 24.499999999700265, 40.199999999800184 ], [ 25.700128999653657, 40.599820999739393 ], [ 26.301743118749982, 40.704790581220379 ], [ 26.481996201463573, 40.327211195040661 ] ] ] } },
{ "type": "Feature", "properties": { "OBJECTID_1": 183.0, "LONC": 17.910784, "LATC": 43.113822, "IDAS": "BAASv0", "A": 3.7, "B": 0.9, "TECREG": "Active", "TECTONICS": "Active Shallow Crust", "SS": 20, "NF": 60, "TF": 20, "MINDEPTH": 0, "HYPODEPTH1": 2, "HYPODEPTH2": 10, "HYPODEPTH3": 16, "MAXDEPTH": 16, "WHDEPTH1": 0.1, "WHDEPTH2": 0.4, "WHDEPTH3": 0.5, "MAXMAG01": 7.3, "MAXMAG02": 7.5, "MAXMAG03": 7.7, "MAXMAG04": 7.9, "WMAXMAG01": 0.5, "WMAXMAG02": 0.2, "WMAXMAG03": 0.2, "WMAXMAG04": 0.1, "STRIKE1": 28.0608, "STRIKE2": 0.0, "STRIKE3": 0.0, "STRIKE4": 306.901347, "DIP1": 44.4182, "DIP2": 0.0, "DIP3": 0.0, "DIP4": 49.959917, "DIRWEIGHT1": 0.005834, "DIRWEIGHT2": 0.0, "DIRWEIGHT3": 0.0, "DIRWEIGHT4": 0.994166, "Shape_Leng": 5.1608990811300002, "Shape_Area": 1.02834426139 }, "geometry": { "type": "Polygon", "coordinates": [ [ [ 19.995956599741817, 42.308053662254508 ], [ 19.984421282143614, 42.276743444645831 ], [ 19.971556251020218, 42.237258518765657 ], [ 19.826628430357914, 41.828098227551266 ], [ 19.688748000320061, 41.912839000319707 ], [ 18.42321200043358, 42.620865000319611 ], [ 18.015444557620413, 42.848988749131593 ], [ 18.252973285988446, 43.308138252878223 ], [ 19.768454262154535, 42.461806211487612 ], [ 20.005766861851328, 42.328867331262359 ], [ 19.995956599741817, 42.308053662254508 ] ] ] } },
{ "type": "Feature", "properties": { "OBJECTID_1": 184.0, "LONC": 18.415523, "LATC": 43.421534, "IDAS": "BAASv1", "A": 3.7, "B": 1.0, "TECREG": "Active", "TECTONICS": "Active Shallow Crust", "SS": 20, "NF": 60, "TF": 20, "MINDEPTH": 0, "HYPODEPTH1": 2, "HYPODEPTH2": 10, "HYPODEPTH3": 18, "MAXDEPTH": 15, "WHDEPTH1": 0.1, "WHDEPTH2": 0.4, "WHDEPTH3": 0.5, "MAXMAG01": 6.9, "MAXMAG02": 7.1, "MAXMAG03": 7.3, "MAXMAG04": 7.5, "WMAXMAG01": 0.5, "WMAXMAG02": 0.2, "WMAXMAG03": 0.2, "WMAXMAG04": 0.1, "STRIKE1": 0.0, "STRIKE2": 0.0, "STRIKE3": 0.0, "STRIKE4": 311.329853, "DIP1": 0.0, "DIP2": 0.0, "DIP3": 0.0, "DIP4": 60.56552, "DIRWEIGHT1": 0.0, "DIRWEIGHT2": 0.0, "DIRWEIGHT3": 0.0, "DIRWEIGHT4": 1.0, "Shape_Leng": 2.5794236917900002, "Shape_Area": 0.29786472244899997 }, "geometry": { "type": "Polygon", "coordinates": [ [ [ 20.004417000144485, 42.330031000030658 ], [ 19.646055295115843, 42.530160859036471 ], [ 20.061236088774535, 43.009623365126231 ], [ 20.46064100118133, 43.175099000218722 ], [ 20.556159000237699, 42.968542000413038 ], [ 20.23807000033031, 42.774727000051087 ], [ 20.004417000144485, 42.330031000030658 ] ] ] } },
{ "type": "Feature", "properties": { "OBJECTID_1": 0.0, "LONC": 20.417773, "LATC": 41.829031, "IDAS": "ALASv7", "A": 3.5273, "B": 0.901, "TECREG": "Active", "TECTONICS": "Active Shallow Crust", "SS": 20, "NF": 60, "TF": 20, "MINDEPTH": 0, "HYPODEPTH1": 2, "HYPODEPTH2": 10, "HYPODEPTH3": 18, "MAXDEPTH": 14, "WHDEPTH1": 0.1, "WHDEPTH2": 0.4, "WHDEPTH3": 0.5, "MAXMAG01": 7.5, "MAXMAG02": 7.7, "MAXMAG03": 7.9, "MAXMAG04": 8.1, "WMAXMAG01": 0.5, "WMAXMAG02": 0.2, "WMAXMAG03": 0.2, "WMAXMAG04": 0.1, "STRIKE1": 36.382905, "STRIKE2": 0.0, "STRIKE3": 221.541063, "STRIKE4": 335.178646, "DIP1": 46.907622, "DIP2": 0.0, "DIP3": 47.469919, "DIP4": 41.402949, "DIRWEIGHT1": 0.280303, "DIRWEIGHT2": 0.0, "DIRWEIGHT3": 0.420455, "DIRWEIGHT4": 0.299242, "Shape_Leng": 4.6035154572000003, "Shape_Area": 0.89369194992900003 }, "geometry": { "type": "Polygon", "coordinates": [ [ [ 22.100018999976896, 41.4999900003383 ], [ 21.5026720003126, 41.199857000200439 ], [ 21.429640000385746, 41.397661000155097 ], [ 21.33221741440218, 41.661345359101119 ], [ 21.308764610798221, 41.724822810524358 ], [ 21.297341000386893, 41.755741999793486 ], [ 21.163711139557506, 42.003585115660599 ], [ 21.295254834942739, 42.178214740318083 ], [ 20.779037097983746, 42.469488507288816 ], [ 20.817396999971606, 42.500746999974126 ], [ 21.514199000383599, 42.810241000122119 ], [ 21.58680000021991, 42.622453999852269 ], [ 21.647969999915631, 42.464050000207408 ], [ 21.871984999907852, 41.92857000000555 ], [ 21.908479000205773, 41.841355999879568 ], [ 22.100018999976896, 41.4999900003383 ] ] ] } },
{ "type": "Feature", "properties": { "OBJECTID_1": 172.0, "LONC": 19.585241, "LATC": 41.291397, "IDAS": "ALASv2", "A": 4.0, "B": 0.9, "TECREG": "Active", "TECTONICS": "Active Shallow Crust", "SS": 20, "NF": 60, "TF": 20, "MINDEPTH": 0, "HYPODEPTH1": 2, "HYPODEPTH2": 10, "HYPODEPTH3": 18, "MAXDEPTH": 13, "WHDEPTH1": 0.1, "WHDEPTH2": 0.4, "WHDEPTH3": 0.5, "MAXMAG01": 7.4, "MAXMAG02": 7.6, "MAXMAG03": 7.8, "MAXMAG04": 8.0, "WMAXMAG01": 0.5, "WMAXMAG02": 0.2, "WMAXMAG03": 0.2, "WMAXMAG04": 0.1, "STRIKE1": 9.135375, "STRIKE2": 151.406091, "STRIKE3": 0.0, "STRIKE4": 339.52339, "DIP1": 27.49675, "DIP2": 26.830136, "DIP3": 0.0, "DIP4": 32.948413, "DIRWEIGHT1": 0.024242, "DIRWEIGHT2": 0.066667, "DIRWEIGHT3": 0.0, "DIRWEIGHT4": 0.909091, "Shape_Leng": 3.3527759704300002, "Shape_Area": 0.42526088420199998 }, "geometry": { "type": "Polygon", "coordinates": [ [ [ 21.297341000386893, 41.755741999793486 ], [ 20.092224345077511, 41.047635643570175 ], [ 19.996759826904565, 41.389178342806304 ], [ 21.163711139557506, 42.003585115660599 ], [ 21.297341000386893, 41.755741999793486 ] ] ] } },
{ "type": "Feature", "properties": { "OBJECTID_1": 197.0, "LONC": 22.459301, "LATC": 42.513056, "IDAS": "BGASv0", "A": 3.6, "B": 1.0, "TECREG": "Active", "TECTONICS": "Active Shallow Crust", "SS": 20, "NF": 60, "TF": 20, "MINDEPTH": 0, "HYPODEPTH1": 2, "HYPODEPTH2": 10, "HYPODEPTH3": 18, "MAXDEPTH": 14, "WHDEPTH1": 0.1, "WHDEPTH2": 0.4, "WHDEPTH3": 0.5, "MAXMAG01": 7.5, "MAXMAG02": 7.7, "MAXMAG03": 7.9, "MAXMAG04": 8.1, "WMAXMAG01": 0.5, "WMAXMAG02": 0.2, "WMAXMAG03": 0.2, "WMAXMAG04": 0.1, "STRIKE1": 54.4015, "STRIKE2": 110.194375, "STRIKE3": 0.0, "STRIKE4": 298.642235, "DIP1": 50.736398, "DIP2": 57.71475, "DIP3": 0.0, "DIP4": 66.256294, "DIRWEIGHT1": 0.875622, "DIRWEIGHT2": 0.039801, "DIRWEIGHT3": 0.0, "DIRWEIGHT4": 0.084577, "Shape_Leng": 4.7168322436899999, "Shape_Area": 1.0795945518200001 }, "geometry": { "type": "Polygon", "coordinates": [ [ [ 21.757135992532085, 42.203102271053012 ], [ 21.647969999915631, 42.464050000207408 ], [ 21.58680000021991, 42.622453999852269 ], [ 21.514199000383599, 42.810241000122119 ], [ 21.480517333907869, 42.895241649082891 ], [ 22.25314738224597, 43.155031412969379 ], [ 23.071942646635875, 43.160054695867586 ], [ 23.270631000320463, 43.184756000389143 ], [ 23.041794000093091, 42.618538000028707 ], [ 22.975306999818258, 42.454643999920734 ], [ 22.854735853576813, 42.594232005102981 ], [ 21.757135992532085, 42.203102271053012 ] ] ] } },
{ "type": "Feature", "properties": { "OBJECTID_1": 199.0, "LONC": 24.441992, "LATC": 41.820509, "IDAS": "BGAS2v2", "A": 3.9, "B": 1.0, "TECREG": "Active", "TECTONICS": "Active Shallow Crust", "SS": 20, "NF": 60, "TF": 20, "MINDEPTH": 0, "HYPODEPTH1": 2, "HYPODEPTH2": 10, "HYPODEPTH3": 18, "MAXDEPTH": 20, "WHDEPTH1": 0.1, "WHDEPTH2": 0.4, "WHDEPTH3": 0.5, "MAXMAG01": 7.5, "MAXMAG02": 7.7, "MAXMAG03": 7.9, "MAXMAG04": 8.1, "WMAXMAG01": 0.5, "WMAXMAG02": 0.2, "WMAXMAG03": 0.2, "WMAXMAG04": 0.1, "STRIKE1": 79.33825, "STRIKE2": 107.218621, "STRIKE3": 229.734133, "STRIKE4": 303.919385, "DIP1": 57.634, "DIP2": 57.998, "DIP3": 55.7506, "DIP4": 55.537077, "DIRWEIGHT1": 0.045977, "DIRWEIGHT2": 0.333333, "DIRWEIGHT3": 0.172414, "DIRWEIGHT4": 0.448276, "Shape_Leng": 5.9868074801500004, "Shape_Area": 1.54586688353 }, "geometry": { "type": "Polygon", "coordinates": [ [ [ 22.975306999818258, 42.454643999920734 ], [ 24.282185353970988, 41.502558107071025 ], [ 23.001264999879879, 41.504991999880929 ], [ 22.470937999888861, 41.65893199961215 ], [ 22.100018999976896, 41.4999900003383 ], [ 21.908479000205773, 41.841355999879568 ], [ 21.871984999907852, 41.92857000000555 ], [ 21.757135992532085, 42.203102271053012 ], [ 22.854735853576813, 42.594232005102981 ], [ 22.975306999818258, 42.454643999920734 ] ] ] } },
{ "type": "Feature", "properties": { "OBJECTID_1": 199.0, "LONC": 24.441992, "LATC": 41.820509, "IDAS": "BGAS2v9", "A": 3.9, "B": 1.0, "TECREG": "Active", "TECTONICS": "Active Shallow Crust", "SS": 20, "NF": 60, "TF": 20, "MINDEPTH": 0, "HYPODEPTH1": 2, "HYPODEPTH2": 10, "HYPODEPTH3": 18, "MAXDEPTH": 20, "WHDEPTH1": 0.1, "WHDEPTH2": 0.4, "WHDEPTH3": 0.5, "MAXMAG01": 7.5, "MAXMAG02": 7.7, "MAXMAG03": 7.9, "MAXMAG04": 8.1, "WMAXMAG01": 0.5, "WMAXMAG02": 0.2, "WMAXMAG03": 0.2, "WMAXMAG04": 0.1, "STRIKE1": 79.33825, "STRIKE2": 107.218621, "STRIKE3": 229.734133, "STRIKE4": 303.919385, "DIP1": 57.634, "DIP2": 57.998, "DIP3": 55.7506, "DIP4": 55.537077, "DIRWEIGHT1": 0.045977, "DIRWEIGHT2": 0.333333, "DIRWEIGHT3": 0.172414, "DIRWEIGHT4": 0.448276, "Shape_Leng": 4.98946765122, "Shape_Area": 1.05253307635 }, "geometry": { "type": "Polygon", "coordinates": [ [ [ 24.985921999700679, 41.403647000109061 ], [ 25.203364999694998, 41.186373999860393 ], [ 24.913701658018624, 41.166314870447934 ], [ 23.530000000199948, 40.800000000399677 ], [ 22.999268999564833, 41.199546000247892 ], [ 23.001264999879879, 41.504991999880986 ], [ 24.186564987783981, 41.503246390608581 ], [ 24.531016000088414, 41.500767000197015 ], [ 24.985921999700679, 41.403647000109061 ] ] ] } },
{ "type": "Feature", "properties": { "OBJECTID_1": 375.0, "LONC": 27.137088, "LATC": 41.628956, "IDAS": "TRAS3v0", "A": 3.2, "B": 0.9, "TECREG": "Active", "TECTONICS": "Active Shallow Crust", "SS": 50, "NF": 40, "TF": 10, "MINDEPTH": 0, "HYPODEPTH1": 2, "HYPODEPTH2": 10, "HYPODEPTH3": 18, "MAXDEPTH": 20, "WHDEPTH1": 0.1, "WHDEPTH2": 0.4, "WHDEPTH3": 0.5, "MAXMAG01": 7.5, "MAXMAG02": 7.7, "MAXMAG03": 7.9, "MAXMAG04": 8.1, "WMAXMAG01": 0.5, "WMAXMAG02": 0.2, "WMAXMAG03": 0.2, "WMAXMAG04": 0.1, "STRIKE1": 84.712585, "STRIKE2": 97.060473, "STRIKE3": 261.115432, "STRIKE4": 302.003022, "DIP1": 49.717098, "DIP2": 48.716291, "DIP3": 51.863, "DIP4": 51.574022, "DIRWEIGHT1": 0.22043, "DIRWEIGHT2": 0.295699, "DIRWEIGHT3": 0.236559, "DIRWEIGHT4": 0.247312, "Shape_Leng": 5.20073795349, "Shape_Area": 0.79428385009299995 }, "geometry": { "type": "Polygon", "coordinates": [ [ [ 29.306146493865697, 40.914924065193588 ], [ 29.850674319564234, 40.850857987706036 ], [ 30.104709597007911, 40.853341043208218 ], [ 30.153343000000177, 40.578118 ], [ 30.153359206339928, 40.578093387159413 ], [ 29.869597999747953, 40.57403000018445 ], [ 28.696376999598954, 40.565061000265132 ], [ 28.430970126869909, 40.599912892466136 ], [ 28.342693000381701, 40.611504999856038 ], [ 27.673880000161944, 40.648650999643962 ], [ 27.526908999850491, 40.633690000393301 ], [ 27.03587399968535, 40.508665000389556 ], [ 26.481996201463687, 40.327211195040661 ], [ 26.301743118750039, 40.704790581220493 ], [ 27.554004852741855, 40.973886572807203 ], [ 28.577427249168295, 41.055612976357963 ], [ 29.011180818340108, 41.014220397653276 ], [ 29.306146493865697, 40.914924065193588 ] ] ] } },
{ "type": "Feature", "properties": { "OBJECTID_1": 389.0, "LONC": 24.45, "LATC": 37.673287, "IDAS": "GRAS382", "A": 3.1, "B": 0.92, "TECREG": "Active", "TECTONICS": "Active Shallow Crust", "SS": 25, "NF": 50, "TF": 25, "MINDEPTH": 0, "HYPODEPTH1": 2, "HYPODEPTH2": 10, "HYPODEPTH3": 18, "MAXDEPTH": 20, "WHDEPTH1": 0.1, "WHDEPTH2": 0.4, "WHDEPTH3": 0.5, "MAXMAG01": 7.1, "MAXMAG02": 7.3, "MAXMAG03": 7.5, "MAXMAG04": 7.7, "WMAXMAG01": 0.5, "WMAXMAG02": 0.2, "WMAXMAG03": 0.2, "WMAXMAG04": 0.1, "STRIKE1": 0.0, "STRIKE2": 123.0945, "STRIKE3": 0.0, "STRIKE4": 280.863167, "DIP1": 0.0, "DIP2": 55.453, "DIP3": 0.0, "DIP4": 50.234556, "DIRWEIGHT1": 0.0, "DIRWEIGHT2": 0.1, "DIRWEIGHT3": 0.0, "DIRWEIGHT4": 0.9, "Shape_Leng": 2.3978475378100002, "Shape_Area": 0.25571207729000001 }, "geometry": { "type": "Polygon", "coordinates": [ [ [ 23.499999999900126, 37.999999999700265 ], [ 23.685504365234294, 38.502677064594934 ], [ 24.245383426703825, 38.504369695704952 ], [ 24.245483999686883, 38.504369999675816 ], [ 24.378898999888975, 38.409894000108068 ], [ 24.468609000005415, 38.346482000444041 ], [ 24.166624356928594, 38.238433941573192 ], [ 23.864388084442567, 38.130332002519935 ], [ 23.499999999900126, 37.999999999700265 ] ] ] } },
{ "type": "Feature", "properties": { "OBJECTID_1": 0.0, "LONC": 21.925, "LATC": 38.25, "IDAS": "GRAS9v9", "A": 3.0588, "B": 0.745, "TECREG": "Active", "TECTONICS": "Active Shallow Crust", "SS": 25, "NF": 50, "TF": 25, "MINDEPTH": 0, "HYPODEPTH1": 2, "HYPODEPTH2": 10, "HYPODEPTH3": 18, "MAXDEPTH": 20, "WHDEPTH1": 0.1, "WHDEPTH2": 0.4, "WHDEPTH3": 0.5, "MAXMAG01": 7.5, "MAXMAG02": 7.7, "MAXMAG03": 7.9, "MAXMAG04": 8.1, "WMAXMAG01": 0.5, "WMAXMAG02": 0.2, "WMAXMAG03": 0.2, "WMAXMAG04": 0.1, "STRIKE1": 65.3675, "STRIKE2": 104.610411, "STRIKE3": 253.542529, "STRIKE4": 288.026209, "DIP1": 57.402604, "DIP2": 56.564422, "DIP3": 54.182569, "DIP4": 41.811018, "DIRWEIGHT1": 0.160535, "DIRWEIGHT2": 0.301003, "DIRWEIGHT3": 0.170569, "DIRWEIGHT4": 0.367893, "Shape_Leng": 2.61043492186, "Shape_Area": 0.362264761637 }, "geometry": { "type": "Polygon", "coordinates": [ [ [ 22.55, 37.825000000050011 ], [ 22.350000000399746, 37.999999999700265 ], [ 22.399300367318119, 38.499999999600334 ], [ 23.25894064559435, 38.50138747275372 ], [ 22.860514343062505, 38.071272142395514 ], [ 22.55, 37.825000000050011 ] ] ] } },
{ "type": "Feature", "properties": { "OBJECTID_1": 388.0, "LONC": 24.45, "LATC": 36.9, "IDAS": "GRAS3v5", "A": 3.7, "B": 1.0, "TECREG": "Active", "TECTONICS": "Active Shallow Crust", "SS": 25, "NF": 50, "TF": 25, "MINDEPTH": 0, "HYPODEPTH1": 2, "HYPODEPTH2": 10, "HYPODEPTH3": 18, "MAXDEPTH": 20, "WHDEPTH1": 0.1, "WHDEPTH2": 0.4, "WHDEPTH3": 0.5, "MAXMAG01": 7.1, "MAXMAG02": 7.3, "MAXMAG03": 7.5, "MAXMAG04": 7.7, "WMAXMAG01": 0.5, "WMAXMAG02": 0.2, "WMAXMAG03": 0.2, "WMAXMAG04": 0.1, "STRIKE1": 73.230778, "STRIKE2": 93.897333, "STRIKE3": 245.273667, "STRIKE4": 282.050676, "DIP1": 57.839349, "DIP2": 57.882, "DIP3": 59.106095, "DIP4": 56.867757, "DIRWEIGHT1": 0.453237, "DIRWEIGHT2": 0.129496, "DIRWEIGHT3": 0.151079, "DIRWEIGHT4": 0.266187, "Shape_Leng": 7.8549564196299997, "Shape_Area": 1.8995841743199999 }, "geometry": { "type": "Polygon", "coordinates": [ [ [ 23.12499999975023, 37.375000000050022 ], [ 23.370330764153493, 37.19509077222142 ], [ 23.227000000049998, 37.016000000299812 ], [ 23.681827172286205, 36.532383194728709 ], [ 25.100000000299815, 35.900000000299826 ], [ 25.158671620398991, 35.872211514749665 ], [ 25.096431850149827, 35.726209608586601 ], [ 24.999999999600334, 35.500000000199918 ], [ 24.750000000099988, 35.500000000199918 ], [ 24.600000000399746, 35.500000000199918 ], [ 24.200000000299838, 35.500000000199918 ], [ 23.875000000050022, 35.774999999650333 ], [ 23.549999999800207, 36.05 ], [ 23.224999999550391, 36.325000000349803 ], [ 22.900000000199896, 36.599999999800218 ], [ 22.666667000381835, 36.86666699988217 ], [ 22.433332999618301, 37.133332999918082 ], [ 22.199999999800184, 37.4 ], [ 22.749999999600334, 37.650000000399757 ], [ 23.12499999975023, 37.375000000050022 ] ] ] } },
{ "type": "Feature", "properties": { "OBJECTID_1": 388.0, "LONC": 24.45, "LATC": 36.9, "IDAS": "GRAS3v6", "A": 3.7, "B": 1.0, "TECREG": "Active", "TECTONICS": "Active Shallow Crust", "SS": 25, "NF": 50, "TF": 25, "MINDEPTH": 0, "HYPODEPTH1": 2, "HYPODEPTH2": 10, "HYPODEPTH3": 18, "MAXDEPTH": 20, "WHDEPTH1": 0.1, "WHDEPTH2": 0.4, "WHDEPTH3": 0.5, "MAXMAG01": 7.1, "MAXMAG02": 7.3, "MAXMAG03": 7.5, "MAXMAG04": 7.7, "WMAXMAG01": 0.5, "WMAXMAG02": 0.2, "WMAXMAG03": 0.2, "WMAXMAG04": 0.1, "STRIKE1": 73.230778, "STRIKE2": 93.897333, "STRIKE3": 245.273667, "STRIKE4": 282.050676, "DIP1": 57.839349, "DIP2": 57.882, "DIP3": 59.106095, "DIP4": 56.867757, "DIRWEIGHT1": 0.453237, "DIRWEIGHT2": 0.129496, "DIRWEIGHT3": 0.151079, "DIRWEIGHT4": 0.266187, "Shape_Leng": 2.38141678099, "Shape_Area": 0.3065411997 }, "geometry": { "type": "Polygon", "coordinates": [ [ [ 22.199999999800184, 37.4 ], [ 22.0074999998252, 37.700000000299838 ], [ 21.816392000190717, 37.999999999700265 ], [ 22.350000000399746, 37.999999999700265 ], [ 22.55, 37.825000000050011 ], [ 22.749999999600334, 37.650000000399757 ], [ 22.199999999800184, 37.4 ] ] ] } },
{ "type": "Feature", "properties": { "OBJECTID_1": 388.0, "LONC": 24.45, "LATC": 36.9, "IDAS": "GRAS3v7", "A": 3.7, "B": 1.0, "TECREG": "Active", "TECTONICS": "Active Shallow Crust", "SS": 25, "NF": 50, "TF": 25, "MINDEPTH": 0, "HYPODEPTH1": 2, "HYPODEPTH2": 10, "HYPODEPTH3": 18, "MAXDEPTH": 20, "WHDEPTH1": 0.1, "WHDEPTH2": 0.4, "WHDEPTH3": 0.5, "MAXMAG01": 7.1, "MAXMAG02": 7.3, "MAXMAG03": 7.5, "MAXMAG04": 7.7, "WMAXMAG01": 0.5, "WMAXMAG02": 0.2, "WMAXMAG03": 0.2, "WMAXMAG04": 0.1, "STRIKE1": 73.230778, "STRIKE2": 93.897333, "STRIKE3": 245.273667, "STRIKE4": 282.050676, "DIP1": 57.839349, "DIP2": 57.882, "DIP3": 59.106095, "DIP4": 56.867757, "DIRWEIGHT1": 0.453237, "DIRWEIGHT2": 0.129496, "DIRWEIGHT3": 0.151079, "DIRWEIGHT4": 0.266187, "Shape_Leng": 5.4006262017599997, "Shape_Area": 1.23452364119 }, "geometry": { "type": "Polygon", "coordinates": [ [ [ 25.158671620398991, 35.872211514749665 ], [ 25.100000000299815, 35.900000000299826 ], [ 23.681827172286205, 36.532383194728709 ], [ 23.227000000049998, 37.016000000299812 ], [ 23.370330764153493, 37.19509077222142 ], [ 23.499999999900126, 37.099999999700287 ], [ 23.679715731395959, 37.279715731196063 ], [ 24.072345751355385, 37.00960134372707 ], [ 24.339113660766884, 36.898942062825995 ], [ 25.043455044814493, 36.628098532921001 ], [ 25.278231697534864, 36.573810940522549 ], [ 25.257977648449753, 36.300000000399734 ], [ 25.158671620398991, 35.872211514749665 ] ] ] } },
{ "type": "Feature", "properties": { "OBJECTID_1": 401.0, "LONC": 26.960583, "LATC": 35.897089, "IDAS": "TRAS407", "A": 4.2, "B": 1.0, "TECREG": "Active", "TECTONICS": "Active Shallow Crust", "SS": 20, "NF": 75, "TF": 5, "MINDEPTH": 0, "HYPODEPTH1": 2, "HYPODEPTH2": 10, "HYPODEPTH3": 18, "MAXDEPTH": 20, "WHDEPTH1": 0.1, "WHDEPTH2": 0.4, "WHDEPTH3": 0.5, "MAXMAG01": 7.1, "MAXMAG02": 7.3, "MAXMAG03": 7.5, "MAXMAG04": 7.7, "WMAXMAG01": 0.5, "WMAXMAG02": 0.2, "WMAXMAG03": 0.2, "WMAXMAG04": 0.1, "STRIKE1": 50.68201, "STRIKE2": 113.109812, "STRIKE3": 244.682748, "STRIKE4": 285.745358, "DIP1": 64.153545, "DIP2": 60.100937, "DIP3": 60.485761, "DIP4": 54.208657, "DIRWEIGHT1": 0.268293, "DIRWEIGHT2": 0.130081, "DIRWEIGHT3": 0.420054, "DIRWEIGHT4": 0.181572, "Shape_Leng": 4.4066780466399997, "Shape_Area": 0.78933412277600001 }, "geometry": { "type": "Polygon", "coordinates": [ [ [ 26.400000000399757, 34.7 ], [ 26.400000000399757, 35.100000000099953 ], [ 26.400000000399757, 35.500000000199918 ], [ 27.551685712525682, 36.065805511215444 ], [ 27.699999999600379, 36.000000000099988 ], [ 27.907805000300584, 35.916283000260307 ], [ 27.524999999950069, 35.607499999625361 ], [ 27.149999999800229, 35.305000000050029 ], [ 26.774999999650333, 35.002499999575377 ], [ 26.400000000399757, 34.7 ] ] ] } },
{ "type": "Feature", "properties": { "OBJECTID_1": 315.0, "LONC": 20.061285, "LATC": 39.725473, "IDAS": "GRAS369", "A": 3.65, "B": 0.8, "TECREG": "Active", "TECTONICS": "Active Shallow Crust", "SS": 20, "NF": 60, "TF": 20, "MINDEPTH": 0, "HYPODEPTH1": 2, "HYPODEPTH2": 10, "HYPODEPTH3": 18, "MAXDEPTH": 20, "WHDEPTH1": 0.1, "WHDEPTH2": 0.4, "WHDEPTH3": 0.5, "MAXMAG01": 7.4, "MAXMAG02": 7.6, "MAXMAG03": 7.8, "MAXMAG04": 8.0, "WMAXMAG01": 0.5, "WMAXMAG02": 0.2, "WMAXMAG03": 0.2, "WMAXMAG04": 0.1, "STRIKE1": 39.344388, "STRIKE2": 92.365889, "STRIKE3": 256.624167, "STRIKE4": 322.880524, "DIP1": 69.130857, "DIP2": 50.611778, "DIP3": 83.041167, "DIP4": 33.168351, "DIRWEIGHT1": 0.06882, "DIRWEIGHT2": 0.01264, "DIRWEIGHT3": 0.025281, "DIRWEIGHT4": 0.893258, "Shape_Leng": 3.3738227682600002, "Shape_Area": 0.72481267221900003 }, "geometry": { "type": "Polygon", "coordinates": [ [ [ 20.44639537952412, 38.965665351217694 ], [ 20.312763486000222, 38.924659581604772 ], [ 20.203748000370013, 38.90025599981459 ], [ 19.955748536465819, 39.251761164746028 ], [ 19.958985037329739, 39.253771553314721 ], [ 20.49343700001765, 39.897931000315509 ], [ 20.809368000233064, 39.89953899982504 ], [ 20.899999999700356, 39.900000000399814 ], [ 20.899999999700356, 39.29999999980032 ], [ 20.899999999700356, 39.00000000039978 ], [ 20.899999999700356, 38.899999999700356 ], [ 20.863580250737982, 38.928568893592171 ], [ 20.750341588239337, 38.974972433193386 ], [ 20.621558081784428, 38.988259117711891 ], [ 20.44639537952412, 38.965665351217694 ] ] ] } },
{ "type": "Feature", "properties": { "OBJECTID_1": 329.0, "LONC": 22.075, "LATC": 39.6, "IDAS": "GRAS3v9", "A": 4.2, "B": 1.0, "TECREG": "Active", "TECTONICS": "Active Shallow Crust", "SS": 20, "NF": 60, "TF": 20, "MINDEPTH": 0, "HYPODEPTH1": 2, "HYPODEPTH2": 10, "HYPODEPTH3": 18, "MAXDEPTH": 20, "WHDEPTH1": 0.1, "WHDEPTH2": 0.4, "WHDEPTH3": 0.5, "MAXMAG01": 7.5, "MAXMAG02": 7.7, "MAXMAG03": 7.9, "MAXMAG04": 8.1, "WMAXMAG01": 0.5, "WMAXMAG02": 0.2, "WMAXMAG03": 0.2, "WMAXMAG04": 0.1, "STRIKE1": 67.568, "STRIKE2": 116.852962, "STRIKE3": 265.121333, "STRIKE4": 281.646, "DIP1": 69.915, "DIP2": 62.721346, "DIP3": 50.506667, "DIP4": 51.64025, "DIRWEIGHT1": 0.030928, "DIRWEIGHT2": 0.268041, "DIRWEIGHT3": 0.123711, "DIRWEIGHT4": 0.57732, "Shape_Leng": 5.5485281396700001, "Shape_Area": 1.1625000012 }, "geometry": { "type": "Polygon", "coordinates": [ [ [ 22.199999999800184, 39.299999999800207 ], [ 20.899999999700299, 39.299999999800207 ], [ 20.899999999700299, 39.900000000399757 ], [ 21.70700361782275, 39.900000000399757 ], [ 22.800000000399734, 39.900000000399757 ], [ 23.250000000399723, 39.450000000399768 ], [ 22.350000000399746, 39.450000000399768 ], [ 22.199999999800184, 39.299999999800207 ] ] ] } },
{ "type": "Feature", "properties": { "OBJECTID_1": 332.0, "LONC": 22.751336, "LATC": 40.350055, "IDAS": "GRAS3v2", "A": 4.1, "B": 1.0, "TECREG": "Active", "TECTONICS": "Active Shallow Crust", "SS": 40, "NF": 60, "TF": 0, "MINDEPTH": 0, "HYPODEPTH1": 2, "HYPODEPTH2": 10, "HYPODEPTH3": 18, "MAXDEPTH": 20, "WHDEPTH1": 0.1, "WHDEPTH2": 0.4, "WHDEPTH3": 0.5, "MAXMAG01": 7.5, "MAXMAG02": 7.7, "MAXMAG03": 7.9, "MAXMAG04": 8.1, "WMAXMAG01": 0.5, "WMAXMAG02": 0.2, "WMAXMAG03": 0.2, "WMAXMAG04": 0.1, "STRIKE1": 61.092551, "STRIKE2": 103.421609, "STRIKE3": 257.561813, "STRIKE4": 289.296625, "DIP1": 62.870592, "DIP2": 58.350739, "DIP3": 48.136687, "DIP4": 54.211857, "DIRWEIGHT1": 0.30625, "DIRWEIGHT2": 0.14375, "DIRWEIGHT3": 0.2, "DIRWEIGHT4": 0.35, "Shape_Leng": 3.1436891737299999, "Shape_Area": 0.59950309605999996 }, "geometry": { "type": "Polygon", "coordinates": [ [ [ 23.450131999792006, 39.200120000137929 ], [ 23.250000000399723, 39.450000000399768 ], [ 22.854967896651146, 39.845032104148345 ], [ 23.381853720872584, 40.273068774804187 ], [ 23.999999999800195, 39.699999999900115 ], [ 23.450131999792006, 39.200120000137929 ] ] ] } },
{ "type": "Feature", "properties": { "OBJECTID_1": 334.0, "LONC": 23.56503, "LATC": 40.449773, "IDAS": "GRAS3v4", "A": 3.6, "B": 0.88, "TECREG": "Active", "TECTONICS": "Active Shallow Crust", "SS": 20, "NF": 60, "TF": 20, "MINDEPTH": 0, "HYPODEPTH1": 2, "HYPODEPTH2": 10, "HYPODEPTH3": 18, "MAXDEPTH": 20, "WHDEPTH1": 0.1, "WHDEPTH2": 0.4, "WHDEPTH3": 0.5, "MAXMAG01": 7.5, "MAXMAG02": 7.7, "MAXMAG03": 7.9, "MAXMAG04": 8.1, "WMAXMAG01": 0.5, "WMAXMAG02": 0.2, "WMAXMAG03": 0.2, "WMAXMAG04": 0.1, "STRIKE1": 70.927812, "STRIKE2": 106.487955, "STRIKE3": 259.891316, "STRIKE4": 291.366048, "DIP1": 68.031087, "DIP2": 62.950795, "DIP3": 45.497895, "DIP4": 46.625911, "DIRWEIGHT1": 0.23, "DIRWEIGHT2": 0.293333, "DIRWEIGHT3": 0.063333, "DIRWEIGHT4": 0.413333, "Shape_Leng": 2.7906087994200002, "Shape_Area": 0.44630512404799999 }, "geometry": { "type": "Polygon", "coordinates": [ [ [ 23.999999999800195, 39.699999999900115 ], [ 23.381853720872584, 40.273068774804187 ], [ 23.383000000349796, 40.27400000029985 ], [ 24.020401412695094, 40.496658919773381 ], [ 24.499999999700265, 40.199999999800184 ], [ 23.999999999800195, 39.699999999900115 ] ] ] } },
{ "type": "Feature", "properties": { "OBJECTID_1": 0.0, "LONC": 20.417773, "LATC": 41.829031, "IDAS": "ALASv0", "A": 3.5273, "B": 0.901, "TECREG": "Active", "TECTONICS": "Active Shallow Crust", "SS": 20, "NF": 60, "TF": 20, "MINDEPTH": 0, "HYPODEPTH1": 2, "HYPODEPTH2": 10, "HYPODEPTH3": 18, "MAXDEPTH": 14, "WHDEPTH1": 0.1, "WHDEPTH2": 0.4, "WHDEPTH3": 0.5, "MAXMAG01": 7.5, "MAXMAG02": 7.7, "MAXMAG03": 7.9, "MAXMAG04": 8.1, "WMAXMAG01": 0.5, "WMAXMAG02": 0.2, "WMAXMAG03": 0.2, "WMAXMAG04": 0.1, "STRIKE1": 36.382905, "STRIKE2": 0.0, "STRIKE3": 221.541063, "STRIKE4": 335.178646, "DIP1": 46.907622, "DIP2": 0.0, "DIP3": 47.469919, "DIP4": 41.402949, "DIRWEIGHT1": 0.280303, "DIRWEIGHT2": 0.0, "DIRWEIGHT3": 0.420455, "DIRWEIGHT4": 0.299242, "Shape_Leng": 3.1395021834799999, "Shape_Area": 0.52618475929499997 }, "geometry": { "type": "Polygon", "coordinates": [ [ [ 20.779037097983746, 42.469488507288816 ], [ 20.23807000033031, 42.774727000051087 ], [ 20.556159000237699, 42.968542000413038 ], [ 21.32941702087885, 43.276565562250937 ], [ 21.514199000383599, 42.810241000122119 ], [ 20.817396999971606, 42.500746999974126 ], [ 20.779037097983746, 42.469488507288816 ] ] ] } },
{ "type": "Feature", "properties": { "OBJECTID_1": 199.0, "LONC": 24.441992, "LATC": 41.820509, "IDAS": "BGAS2v3", "A": 3.9, "B": 1.0, "TECREG": "Active", "TECTONICS": "Active Shallow Crust", "SS": 20, "NF": 60, "TF": 20, "MINDEPTH": 0, "HYPODEPTH1": 2, "HYPODEPTH2": 10, "HYPODEPTH3": 18, "MAXDEPTH": 20, "WHDEPTH1": 0.1, "WHDEPTH2": 0.4, "WHDEPTH3": 0.5, "MAXMAG01": 7.5, "MAXMAG02": 7.7, "MAXMAG03": 7.9, "MAXMAG04": 8.1, "WMAXMAG01": 0.5, "WMAXMAG02": 0.2, "WMAXMAG03": 0.2, "WMAXMAG04": 0.1, "STRIKE1": 79.33825, "STRIKE2": 107.218621, "STRIKE3": 229.734133, "STRIKE4": 303.919385, "DIP1": 57.634, "DIP2": 57.998, "DIP3": 55.7506, "DIP4": 55.537077, "DIRWEIGHT1": 0.045977, "DIRWEIGHT2": 0.333333, "DIRWEIGHT3": 0.172414, "DIRWEIGHT4": 0.448276, "Shape_Leng": 2.44546576239, "Shape_Area": 0.366986951678 }, "geometry": { "type": "Polygon", "coordinates": [ [ [ 22.630061000314981, 40.970037999654039 ], [ 22.100018999976896, 41.4999900003383 ], [ 22.470937999888861, 41.65893199961215 ], [ 23.001264999879879, 41.504991999880929 ], [ 22.99926899956472, 41.199546000247778 ], [ 22.630061000314981, 40.970037999654039 ] ] ] } },
{ "type": "Feature", "properties": { "OBJECTID_1": 0.0, "LONC": 21.925, "LATC": 38.25, "IDAS": "GRAS9v0", "A": 3.0588, "B": 0.745, "TECREG": "Active", "TECTONICS": "Active Shallow Crust", "SS": 25, "NF": 50, "TF": 25, "MINDEPTH": 0, "HYPODEPTH1": 2, "HYPODEPTH2": 10, "HYPODEPTH3": 18, "MAXDEPTH": 20, "WHDEPTH1": 0.1, "WHDEPTH2": 0.4, "WHDEPTH3": 0.5, "MAXMAG01": 7.5, "MAXMAG02": 7.7, "MAXMAG03": 7.9, "MAXMAG04": 8.1, "WMAXMAG01": 0.5, "WMAXMAG02": 0.2, "WMAXMAG03": 0.2, "WMAXMAG04": 0.1, "STRIKE1": 65.3675, "STRIKE2": 104.610411, "STRIKE3": 253.542529, "STRIKE4": 288.026209, "DIP1": 57.402604, "DIP2": 56.564422, "DIP3": 54.182569, "DIP4": 41.811018, "DIRWEIGHT1": 0.160535, "DIRWEIGHT2": 0.301003, "DIRWEIGHT3": 0.170569, "DIRWEIGHT4": 0.367893, "Shape_Leng": 2.5270341220099999, "Shape_Area": 0.35789909448599999 }, "geometry": { "type": "Polygon", "coordinates": [ [ [ 21.500000000299849, 38.499999999600334 ], [ 21.925000000349769, 38.499999999600334 ], [ 22.050000000099999, 38.499999999600334 ], [ 22.350000000399746, 38.499999999600334 ], [ 22.399300367318119, 38.499999999600334 ], [ 22.350000000399746, 37.999999999700265 ], [ 21.816392000190717, 37.999999999700265 ], [ 21.733333000117909, 38.13333299971822 ], [ 21.500000000299849, 38.499999999600334 ] ] ] } },
{ "type": "Feature", "properties": { "OBJECTID_1": 0.0, "LONC": 36.004231, "LATC": 41.13201, "IDAS": "TRAS984", "A": 4.2932, "B": 1.042, "TECREG": "Active", "TECTONICS": "Active Shallow Crust", "SS": 50, "NF": 40, "TF": 10, "MINDEPTH": 0, "HYPODEPTH1": 2, "HYPODEPTH2": 10, "HYPODEPTH3": 18, "MAXDEPTH": 20, "WHDEPTH1": 0.1, "WHDEPTH2": 0.4, "WHDEPTH3": 0.5, "MAXMAG01": 7.8, "MAXMAG02": 8.0, "MAXMAG03": 8.2, "MAXMAG04": 8.4, "WMAXMAG01": 0.5, "WMAXMAG02": 0.2, "WMAXMAG03": 0.2, "WMAXMAG04": 0.1, "STRIKE1": 68.91464, "STRIKE2": 127.475152, "STRIKE3": 246.42267, "STRIKE4": 279.74225, "DIP1": 51.599494, "DIP2": 54.809197, "DIP3": 85.013682, "DIP4": 85.398, "DIRWEIGHT1": 0.618056, "DIRWEIGHT2": 0.286706, "DIRWEIGHT3": 0.087302, "DIRWEIGHT4": 0.007937, "Shape_Leng": 34.1551852037, "Shape_Area": 13.1791960774 }, "geometry": { "type": "Polygon", "coordinates": [ [ [ 29.850674319564234, 40.850857987706036 ], [ 29.30614649386564, 40.914924065193532 ], [ 29.011180818340165, 41.014220397653276 ], [ 28.577427249168238, 41.05561297635785 ], [ 28.186065784026663, 41.636018250006344 ], [ 28.950207091150464, 41.816327875271526 ], [ 29.041802000162249, 41.758950000242351 ], [ 29.307342000433039, 41.634950999888758 ], [ 29.756021999815516, 41.422027999692489 ], [ 30.125391219999649, 41.405481065268511 ], [ 30.104709597007862, 40.853341043208211 ], [ 29.850674319564234, 40.850857987706036 ] ] ] } },
{ "type": "Feature", "properties": { "OBJECTID_1": 359.0, "LONC": 31.836781, "LATC": 39.316196, "IDAS": "TRAS335", "A": 3.9, "B": 1.0, "TECREG": "Active", "TECTONICS": "Active Shallow Crust", "SS": 50, "NF": 40, "TF": 10, "MINDEPTH": 0, "HYPODEPTH1": 2, "HYPODEPTH2": 10, "HYPODEPTH3": 18, "MAXDEPTH": 20, "WHDEPTH1": 0.1, "WHDEPTH2": 0.4, "WHDEPTH3": 0.5, "MAXMAG01": 7.5, "MAXMAG02": 7.7, "MAXMAG03": 7.9, "MAXMAG04": 8.1, "WMAXMAG01": 0.5, "WMAXMAG02": 0.2, "WMAXMAG03": 0.2, "WMAXMAG04": 0.1, "STRIKE1": 45.920739, "STRIKE2": 121.569575, "STRIKE3": 265.16, "STRIKE4": 296.313769, "DIP1": 49.852, "DIP2": 72.957123, "DIP3": 73.219222, "DIP4": 71.737308, "DIRWEIGHT1": 0.088123, "DIRWEIGHT2": 0.653257, "DIRWEIGHT3": 0.034483, "DIRWEIGHT4": 0.224138, "Shape_Leng": 9.9450499845299998, "Shape_Area": 1.9738104618500001 }, "geometry": { "type": "Polygon", "coordinates": [ [ [ 28.824182000099256, 40.066578000174616 ], [ 29.125978999631172, 40.139637999594072 ], [ 29.446773000173891, 40.165632999563343 ], [ 29.743214000026114, 40.259202999618765 ], [ 30.19253533299214, 40.14277478693127 ], [ 30.13654471793069, 39.654179666891338 ], [ 29.939670999916757, 39.715491000209568 ], [ 29.632941999573688, 39.813481999994337 ], [ 28.824182000099256, 40.066578000174616 ] ] ] } },
{ "type": "Feature", "properties": { "OBJECTID_1": 360.0, "LONC": 30.354782, "LATC": 39.307624, "IDAS": "TRAS336", "A": 4.0, "B": 1.03, "TECREG": "Active", "TECTONICS": "Active Shallow Crust", "SS": 40, "NF": 50, "TF": 10, "MINDEPTH": 0, "HYPODEPTH1": 2, "HYPODEPTH2": 10, "HYPODEPTH3": 18, "MAXDEPTH": 20, "WHDEPTH1": 0.1, "WHDEPTH2": 0.4, "WHDEPTH3": 0.5, "MAXMAG01": 7.5, "MAXMAG02": 7.7, "MAXMAG03": 7.9, "MAXMAG04": 8.1, "WMAXMAG01": 0.5, "WMAXMAG02": 0.2, "WMAXMAG03": 0.2, "WMAXMAG04": 0.1, "STRIKE1": 32.0485, "STRIKE2": 150.114, "STRIKE3": 231.571429, "STRIKE4": 305.283655, "DIP1": 50.655167, "DIP2": 50.747, "DIP3": 67.562429, "DIP4": 60.265473, "DIRWEIGHT1": 0.086957, "DIRWEIGHT2": 0.014493, "DIRWEIGHT3": 0.101449, "DIRWEIGHT4": 0.797101, "Shape_Leng": 5.0986781457700001, "Shape_Area": 0.98369761725500005 }, "geometry": { "type": "Polygon", "coordinates": [ [ [ 29.217582999855608, 39.401266000425608 ], [ 29.632941999573688, 39.813481999994337 ], [ 29.939670999916757, 39.715491000209568 ], [ 30.075751770777984, 39.673112092135312 ], [ 29.797984482282999, 39.267754804954578 ], [ 29.374477000013599, 39.369835999831594 ], [ 29.217582999855608, 39.401266000425608 ] ] ] } },
{ "type": "Feature", "properties": { "OBJECTID_1": 362.0, "LONC": 31.255513, "LATC": 38.425582, "IDAS": "TRAS338", "A": 4.5, "B": 1.0, "TECREG": "Active", "TECTONICS": "Active Shallow Crust", "SS": 40, "NF": 50, "TF": 10, "MINDEPTH": 0, "HYPODEPTH1": 2, "HYPODEPTH2": 10, "HYPODEPTH3": 18, "MAXDEPTH": 20, "WHDEPTH1": 0.1, "WHDEPTH2": 0.4, "WHDEPTH3": 0.5, "MAXMAG01": 7.1, "MAXMAG02": 7.3, "MAXMAG03": 7.5, "MAXMAG04": 7.7, "WMAXMAG01": 0.5, "WMAXMAG02": 0.2, "WMAXMAG03": 0.2, "WMAXMAG04": 0.1, "STRIKE1": 31.283515, "STRIKE2": 125.494067, "STRIKE3": 221.157082, "STRIKE4": 300.619951, "DIP1": 46.294833, "DIP2": 53.321441, "DIP3": 52.118888, "DIP4": 47.884841, "DIRWEIGHT1": 0.088829, "DIRWEIGHT2": 0.26245, "DIRWEIGHT3": 0.131898, "DIRWEIGHT4": 0.516824, "Shape_Leng": 10.9103916551, "Shape_Area": 2.5987515760200002 }, "geometry": { "type": "Polygon", "coordinates": [ [ [ 28.207767999793418, 39.494066000045905 ], [ 28.745713000354726, 39.461792000100786 ], [ 29.066509000090321, 39.431140000310791 ], [ 29.217582999855608, 39.401266000425608 ], [ 29.374477000013599, 39.369835999831594 ], [ 29.797925000438454, 39.26766799987837 ], [ 30.321198000377173, 39.094437001148791 ], [ 30.153081457994013, 38.618529546722364 ], [ 30.041725000008796, 38.654651999790019 ], [ 29.570159000137778, 38.782764000058592 ], [ 29.053677000093558, 38.89985600025426 ], [ 28.37358899973259, 39.05311199991894 ], [ 27.905797000331347, 39.119043999780843 ], [ 28.207767999793418, 39.494066000045905 ] ] ] } },
{ "type": "Feature", "properties": { "OBJECTID_1": 321.0, "LONC": 21.55, "LATC": 38.050027, "IDAS": "GRAS375", "A": 4.2, "B": 1.0, "TECREG": "Active", "TECTONICS": "Active Shallow Crust", "SS": 40, "NF": 60, "TF": 0, "MINDEPTH": 0, "HYPODEPTH1": 2, "HYPODEPTH2": 10, "HYPODEPTH3": 18, "MAXDEPTH": 20, "WHDEPTH1": 0.1, "WHDEPTH2": 0.4, "WHDEPTH3": 0.5, "MAXMAG01": 7.5, "MAXMAG02": 7.7, "MAXMAG03": 7.9, "MAXMAG04": 8.1, "WMAXMAG01": 0.5, "WMAXMAG02": 0.2, "WMAXMAG03": 0.2, "WMAXMAG04": 0.1, "STRIKE1": 0.0, "STRIKE2": 136.704, "STRIKE3": 214.940754, "STRIKE4": 317.49268, "DIP1": 0.0, "DIP2": 56.725, "DIP3": 75.693836, "DIP4": 60.65742, "DIRWEIGHT1": 0.0, "DIRWEIGHT2": 0.026316, "DIRWEIGHT3": 0.535088, "DIRWEIGHT4": 0.438596, "Shape_Leng": 5.3337515546600001, "Shape_Area": 1.3390926599499999 }, "geometry": { "type": "Polygon", "coordinates": [ [ [ 23.313539253234069, 38.926378177411095 ], [ 23.637612860944898, 38.69320326401953 ], [ 23.817051558083051, 38.861161332829283 ], [ 23.951926266783971, 38.984832506015437 ], [ 23.976749174934639, 38.973959270803846 ], [ 24.401066278386168, 38.652087073959422 ], [ 24.245403421330877, 38.504437207811009 ], [ 24.24548399968694, 38.50436999967593 ], [ 22.80000000144814, 38.499999998989153 ], [ 22.528325924000058, 38.686289945000055 ], [ 22.336026211000046, 38.832805532000066 ], [ 22.172966589000055, 38.858094098000038 ], [ 22.007478202000073, 38.895750831000043 ], [ 21.943582522105935, 39.001192153825336 ], [ 23.305625923397827, 39.004852723274723 ], [ 23.313539253234069, 38.926378177411095 ] ] ] } },
{ "type": "Feature", "properties": { "OBJECTID_1": 321.0, "LONC": 21.55, "LATC": 38.050027, "IDAS": "GRA3V9", "A": 4.2, "B": 1.0, "TECREG": "Active", "TECTONICS": "Active Shallow Crust", "SS": 40, "NF": 60, "TF": 0, "MINDEPTH": 0, "HYPODEPTH1": 2, "HYPODEPTH2": 10, "HYPODEPTH3": 18, "MAXDEPTH": 20, "WHDEPTH1": 0.1, "WHDEPTH2": 0.4, "WHDEPTH3": 0.5, "MAXMAG01": 7.5, "MAXMAG02": 7.7, "MAXMAG03": 7.9, "MAXMAG04": 8.1, "WMAXMAG01": 0.5, "WMAXMAG02": 0.2, "WMAXMAG03": 0.2, "WMAXMAG04": 0.1, "STRIKE1": 0.0, "STRIKE2": 136.704, "STRIKE3": 214.940754, "STRIKE4": 317.49268, "DIP1": 0.0, "DIP2": 56.725, "DIP3": 75.693836, "DIP4": 60.65742, "DIRWEIGHT1": 0.0, "DIRWEIGHT2": 0.026316, "DIRWEIGHT3": 0.535088, "DIRWEIGHT4": 0.438596, "Shape_Leng": 5.3337515546600001, "Shape_Area": 1.3390926599499999 }, "geometry": { "type": "Polygon", "coordinates": [ [ [ 20.899999999940118, 38.100000000080023 ], [ 20.899999999700356, 38.399999999800286 ], [ 20.899999999700356, 38.700000000099919 ], [ 20.899999999700356, 38.899999999700356 ], [ 20.899999999700356, 39.00000000039978 ], [ 21.500000000299906, 39.00000000039978 ], [ 21.943582522105935, 39.001192153825336 ], [ 22.007478202000073, 38.895750831000043 ], [ 22.172966589000055, 38.858094098000038 ], [ 22.336026211000046, 38.832805532000066 ], [ 22.528325924000058, 38.686289945000055 ], [ 22.80000000144814, 38.499999998989153 ], [ 22.350000000399689, 38.499999999600391 ], [ 22.050000000099999, 38.499999999600391 ], [ 21.925000000349883, 38.499999999600391 ], [ 21.500000002591484, 38.500000001527816 ], [ 20.899999999940118, 38.100000000080023 ] ] ] } },
{ "type": "Feature", "properties": { "OBJECTID_1": 330.0, "LONC": 22.269186, "LATC": 39.225, "IDAS": "GRAS386", "A": 3.11, "B": 0.8, "TECREG": "Active", "TECTONICS": "Active Shallow Crust", "SS": 20, "NF": 60, "TF": 20, "MINDEPTH": 0, "HYPODEPTH1": 2, "HYPODEPTH2": 10, "HYPODEPTH3": 18, "MAXDEPTH": 20, "WHDEPTH1": 0.1, "WHDEPTH2": 0.4, "WHDEPTH3": 0.5, "MAXMAG01": 7.5, "MAXMAG02": 7.7, "MAXMAG03": 7.9, "MAXMAG04": 8.1, "WMAXMAG01": 0.5, "WMAXMAG02": 0.2, "WMAXMAG03": 0.2, "WMAXMAG04": 0.1, "STRIKE1": 84.6065, "STRIKE2": 100.107471, "STRIKE3": 244.593526, "STRIKE4": 290.959553, "DIP1": 50.405675, "DIP2": 54.044265, "DIP3": 55.690421, "DIP4": 50.027298, "DIRWEIGHT1": 0.285714, "DIRWEIGHT2": 0.242857, "DIRWEIGHT3": 0.135714, "DIRWEIGHT4": 0.335714, "Shape_Leng": 5.6808353576300004, "Shape_Area": 0.89710968681500003 }, "geometry": { "type": "Polygon", "coordinates": [ [ [ 20.899999999700299, 39.000000000399723 ], [ 20.899999999700299, 39.299999999800207 ], [ 21.823465704127869, 39.299999999840182 ], [ 21.897329562000039, 39.207599490000064 ], [ 21.939058620000026, 39.123407941000039 ], [ 21.943582522060822, 39.001192152358023 ], [ 21.500000000299849, 39.000000000399723 ], [ 20.899999999700299, 39.000000000399723 ] ] ] } },
{ "type": "Feature", "properties": { "OBJECTID_1": 365.0, "LONC": 27.92098, "LATC": 37.250853, "IDAS": "TRAS341", "A": 4.0, "B": 1.0, "TECREG": "Active", "TECTONICS": "Active Shallow Crust", "SS": 20, "NF": 75, "TF": 5, "MINDEPTH": 0, "HYPODEPTH1": 2, "HYPODEPTH2": 10, "HYPODEPTH3": 18, "MAXDEPTH": 20, "WHDEPTH1": 0.1, "WHDEPTH2": 0.4, "WHDEPTH3": 0.5, "MAXMAG01": 7.1, "MAXMAG02": 7.3, "MAXMAG03": 7.5, "MAXMAG04": 7.7, "WMAXMAG01": 0.5, "WMAXMAG02": 0.2, "WMAXMAG03": 0.2, "WMAXMAG04": 0.1, "STRIKE1": 67.19447, "STRIKE2": 118.984, "STRIKE3": 249.815114, "STRIKE4": 302.62658, "DIP1": 65.431217, "DIP2": 70.0276, "DIP3": 61.9065, "DIP4": 78.894116, "DIRWEIGHT1": 0.367257, "DIRWEIGHT2": 0.132743, "DIRWEIGHT3": 0.19469, "DIRWEIGHT4": 0.30531, "Shape_Leng": 4.4989952339499997, "Shape_Area": 0.95887839400999997 }, "geometry": { "type": "Polygon", "coordinates": [ [ [ 27.288210188970325, 36.941833414977388 ], [ 26.914844999597108, 37.153951000138591 ], [ 27.136486999875217, 37.533556999555913 ], [ 27.675641999578659, 37.65650199986743 ], [ 27.785827999795533, 37.666773999645351 ], [ 27.548588886000061, 37.200434783000048 ], [ 27.288210188970325, 36.941833414977388 ] ] ] } }
]
}
