{
"type": "FeatureCollection",
"name": "GR_ESHM20",
"crs": { "type": "name", "properties": { "name": "urn:ogc:def:crs:OGC:1.3:CRS84" } },
"features": [
{ "type": "Feature", "properties": { "ZONE_ID": "ALAS003", "areakm2": 16927.2311682, "tctCluster": "Shallow Default", "CSZ_ID": "SZ16", "TECTO_ID": "TSZ100", "magScaleRe": "WC1994", "SS": 20.0, "NF": 60.0, "TF": 20.0, "MINDEPTH": 0.0, "MAXDEPTH": 14.0, "HYPODEPTH1": 2.0, "HYPODEPTH2": 8.0, "HYPODEPTH3": 10.0, "WHDEPTH1": 0.1, "WHDEPTH2": 0.4, "WHDEPTH3": 0.5, "WMAXMAG01": 0.5, "WMAXMAG02": 0.4, "WMAXMAG03": 0.1, "MAXMAG01": 7.2, "MAXMAG02": 7.5, "MAXMAG03": 7.8, "STRIKE1": 46.7922, "STRIKE2": 161.226446, "STRIKE3": 201.980836, "STRIKE4": 329.653729, "DIP1": 56.557743, "DIP2": 48.730877, "DIP3": 51.347356, "DIP4": 41.110181, "aspRatio": 1.0, "mfd_bin": 0.2, "a_val": 4.07, "a_hi": 4.09612155682, "a_mid": 4.0701478295899998, "a_lo": 4.0441741023700004, "sigma_a": 0.063815002806399998, "b_val": 0.941, "b_hi": 0.97630547919800004, "b_mid": 0.941, "b_lo": 0.90569452080199997, "sigma_b": 0.012276805290700001, "cum_cov_ab": 0.054321, "MCORNERP1": 6.7, "MCORNERP2": 6.9, "MCORNERP3": 7.1, "MAXMAGP1": 7.0, "MAXMAGP2": 7.2, "utsu_bval2": 0.0, "utsu_aval": 0.0, "utsu_Minfl": 0.0, "Shape_Leng": 5.0935958254000004, "Shape_Area": 1.26501230776 }, "geometry": { "type": "Polygon", "coordinates": [ [ [ 21.077474802320296, 40.727641369653554 ], [ 21.06000000009999, 40.389999999600377 ], [ 21.148303561260377, 40.211456868040102 ], [ 21.322610930949736, 39.861923079086864 ], [ 21.172135555911211, 39.510597486285008 ], [ 20.347986357584375, 39.425082110351184 ], [ 20.387299999595371, 39.912300000144967 ], [ 20.283611889077463, 40.188838593026674 ], [ 20.630951000388393, 41.231093999988161 ], [ 20.808456595795292, 41.460977972055844 ], [ 20.988089999753754, 40.929584000201487 ], [ 21.077474802320296, 40.727641369653554 ] ] ] } },
{ "type": "Feature", "properties": { "ZONE_ID": "ALAS004", "areakm2": 7881.63359631, "tctCluster": "Shallow Default", "CSZ_ID": "SZ16", "TECTO_ID": "TSZ100", "magScaleRe": "WC1994", "SS": 20.0, "NF": 60.0, "TF": 20.0, "MINDEPTH": 0.0, "MAXDEPTH": 14.0, "HYPODEPTH1": 2.0, "HYPODEPTH2": 8.0, "HYPODEPTH3": 10.0, "WHDEPTH1": 0.1, "WHDEPTH2": 0.4, "WHDEPTH3": 0.5, "WMAXMAG01": 0.5, "WMAXMAG02": 0.4, "WMAXMAG03": 0.1, "MAXMAG01": 7.2, "MAXMAG02": 7.5, "MAXMAG03": 7.8, "STRIKE1": 36.382905, "STRIKE2": 0.0, "STRIKE3": 221.541063, "STRIKE4": 335.178646, "DIP1": 46.907622, "DIP2": 0.0, "DIP3": 47.469919, "DIP4": 41.402949, "aspRatio": 1.0, "mfd_bin": 0.2, "a_val": 4.11, "a_hi": 4.1422920472099998, "a_mid": 4.1101479684399997, "a_lo": 4.0780038896699997, "sigma_a": 0.065288833256900006, "b_val": 1.01, "b_hi": 1.0480144897300001, "b_mid": 1.01, "b_lo": 0.97198551026900004, "sigma_b": 0.0142330992453, "cum_cov_ab": 0.054321, "MCORNERP1": 6.4, "MCORNERP2": 6.6, "MCORNERP3": 6.8, "MAXMAGP1": 6.8, "MAXMAGP2": 6.8, "utsu_bval2": 0.0, "utsu_aval": 0.0, "utsu_Minfl": 0.0, "Shape_Leng": 3.24086617166, "Shape_Area": 0.58982972882200002 }, "geometry": { "type": "Polygon", "coordinates": [ [ [ 19.577167999803407, 42.024733000027993 ], [ 19.704929870617093, 42.158382530829215 ], [ 19.862200089562521, 41.949061580727403 ], [ 20.17090997081857, 41.414184788197474 ], [ 19.815800373488514, 40.927357957803565 ], [ 19.164299999845184, 41.840900000434715 ], [ 19.577167999803407, 42.024733000027993 ] ] ] } },
{ "type": "Feature", "properties": { "ZONE_ID": "ALAS006", "areakm2": 7157.8018547700003, "tctCluster": "Shallow Default", "CSZ_ID": "SZ16", "TECTO_ID": "TSZ100", "magScaleRe": "WC1994", "SS": 20.0, "NF": 60.0, "TF": 20.0, "MINDEPTH": 0.0, "MAXDEPTH": 14.0, "HYPODEPTH1": 2.0, "HYPODEPTH2": 8.0, "HYPODEPTH3": 10.0, "WHDEPTH1": 0.1, "WHDEPTH2": 0.4, "WHDEPTH3": 0.5, "WMAXMAG01": 0.5, "WMAXMAG02": 0.4, "WMAXMAG03": 0.1, "MAXMAG01": 7.2, "MAXMAG02": 7.5, "MAXMAG03": 7.8, "STRIKE1": 36.688368, "STRIKE2": 163.926938, "STRIKE3": 0.0, "STRIKE4": 330.360289, "DIP1": 53.877195, "DIP2": 44.364313, "DIP3": 0.0, "DIP4": 32.522447, "aspRatio": 1.0, "mfd_bin": 0.2, "a_val": 3.66, "a_hi": 3.6812235068899999, "a_mid": 3.65999508764, "a_lo": 3.6387666684000002, "sigma_a": 0.046311675145699997, "b_val": 0.88, "b_hi": 0.91137598269300002, "b_mid": 0.88, "b_lo": 0.84862401730699999, "sigma_b": 0.0096960717490499997, "cum_cov_ab": 0.054321, "MCORNERP1": 6.4, "MCORNERP2": 6.6, "MCORNERP3": 6.8, "MAXMAGP1": 6.8, "MAXMAGP2": 7.0, "utsu_bval2": 0.0, "utsu_aval": 0.0, "utsu_Minfl": 0.0, "Shape_Leng": 4.0666220225399998, "Shape_Area": 0.71593862186900004 }, "geometry": { "type": "Polygon", "coordinates": [ [ [ 20.808456595795292, 41.460977972055844 ], [ 20.630951000388393, 41.231093999988161 ], [ 20.283611889077463, 40.188838593026674 ], [ 19.815800373488514, 40.927357957803565 ], [ 20.17090997081857, 41.414184788197474 ], [ 20.790570141498904, 41.804166114974294 ], [ 20.903597483936778, 41.803376828577825 ], [ 20.870000000299797, 41.660000000299817 ], [ 20.808456595795292, 41.460977972055844 ] ] ] } },
{ "type": "Feature", "properties": { "ZONE_ID": "ALAS007", "areakm2": 3318.8236123500001, "tctCluster": "Shallow Default", "CSZ_ID": "SZ16", "TECTO_ID": "TSZ100", "magScaleRe": "WC1994", "SS": 20.0, "NF": 60.0, "TF": 20.0, "MINDEPTH": 0.0, "MAXDEPTH": 14.0, "HYPODEPTH1": 2.0, "HYPODEPTH2": 8.0, "HYPODEPTH3": 10.0, "WHDEPTH1": 0.1, "WHDEPTH2": 0.4, "WHDEPTH3": 0.5, "WMAXMAG01": 0.5, "WMAXMAG02": 0.4, "WMAXMAG03": 0.1, "MAXMAG01": 7.2, "MAXMAG02": 7.5, "MAXMAG03": 7.8, "STRIKE1": 36.382905, "STRIKE2": 0.0, "STRIKE3": 221.541063, "STRIKE4": 335.178646, "DIP1": 46.907622, "DIP2": 0.0, "DIP3": 47.469919, "DIP4": 41.402949, "aspRatio": 1.0, "mfd_bin": 0.2, "a_val": 4.0, "a_hi": 4.03162822002, "a_mid": 3.9996012115, "a_lo": 3.9675742029799999, "sigma_a": 0.068110588859600002, "b_val": 1.0, "b_hi": 1.0392408252600001, "b_mid": 1.0, "b_lo": 0.96075917473600003, "sigma_b": 0.015166222100199999, "cum_cov_ab": 0.054321, "MCORNERP1": 6.1, "MCORNERP2": 6.3, "MCORNERP3": 6.5, "MAXMAGP1": 6.4, "MAXMAGP2": 6.6, "utsu_bval2": 0.0, "utsu_aval": 0.0, "utsu_Minfl": 0.0, "Shape_Leng": 3.58872159525, "Shape_Area": 0.61694773270100001 }, "geometry": { "type": "Polygon", "coordinates": [ [ [ 20.17090997081857, 41.414184788197474 ], [ 19.862200089562521, 41.949061580727403 ], [ 19.704929870617093, 42.158382530829215 ], [ 19.893038999949965, 42.245899999985056 ], [ 20.031751492637341, 42.165553570141185 ], [ 20.15412744242758, 42.321501681357574 ], [ 20.027503536858774, 42.393387288492647 ], [ 20.122963932539506, 42.498092925248329 ], [ 20.235078999995892, 42.517679000185751 ], [ 20.259999999900117, 42.399999999900103 ], [ 20.496699000258729, 42.230555000113213 ], [ 20.689809203731841, 42.16351758057192 ], [ 20.802065149087412, 41.998486474970889 ], [ 20.790570141498904, 41.804166114974294 ], [ 20.17090997081857, 41.414184788197474 ] ] ] } },
{ "type": "Feature", "properties": { "ZONE_ID": "ALAS009", "areakm2": 31604.345077400001, "tctCluster": "Shallow Default", "CSZ_ID": "SZ16", "TECTO_ID": "TSZ100", "magScaleRe": "WC1994", "SS": 20.0, "NF": 60.0, "TF": 20.0, "MINDEPTH": 0.0, "MAXDEPTH": 20.0, "HYPODEPTH1": 2.0, "HYPODEPTH2": 10.0, "HYPODEPTH3": 18.0, "WHDEPTH1": 0.1, "WHDEPTH2": 0.4, "WHDEPTH3": 0.5, "WMAXMAG01": 0.5, "WMAXMAG02": 0.4, "WMAXMAG03": 0.1, "MAXMAG01": 7.2, "MAXMAG02": 7.5, "MAXMAG03": 7.8, "STRIKE1": 39.344388, "STRIKE2": 92.365889, "STRIKE3": 256.624167, "STRIKE4": 322.880524, "DIP1": 69.130857, "DIP2": 50.611778, "DIP3": 83.041167, "DIP4": 33.168351, "aspRatio": 1.0, "mfd_bin": 0.2, "a_val": 3.503, "a_hi": 3.5134986646100002, "a_mid": 3.5027058214600002, "a_lo": 3.4919129783199998, "sigma_a": 0.028765990637299999, "b_val": 0.783, "b_hi": 0.80758302250400005, "b_mid": 0.783, "b_lo": 0.75841697749600001, "sigma_b": 0.0059521203566000004, "cum_cov_ab": 0.054321, "MCORNERP1": 6.7, "MCORNERP2": 6.9, "MCORNERP3": 7.1, "MAXMAGP1": 7.2, "MAXMAGP2": 7.4, "utsu_bval2": 0.0, "utsu_aval": 0.0, "utsu_Minfl": 0.0, "Shape_Leng": 6.1686245058200004, "Shape_Area": 1.6001362997499999 }, "geometry": { "type": "Polygon", "coordinates": [ [ [ 20.347986357584375, 39.425082110351184 ], [ 19.062236726843537, 40.587654791235707 ], [ 18.602758116194138, 40.888604981035087 ], [ 19.164299999845184, 41.840900000434715 ], [ 19.815800373488514, 40.927357957803565 ], [ 20.283611889077463, 40.188838593026674 ], [ 20.387299999595371, 39.912300000144967 ], [ 20.347986357584375, 39.425082110351184 ] ] ] } },
{ "type": "Feature", "properties": { "ZONE_ID": "ALAS010", "areakm2": 40835.170464700001, "tctCluster": "Shallow Default", "CSZ_ID": "SZ16", "TECTO_ID": "TSZ100", "magScaleRe": "WC1994", "SS": 40.0, "NF": 10.0, "TF": 50.0, "MINDEPTH": 0.0, "MAXDEPTH": 16.0, "HYPODEPTH1": 2.0, "HYPODEPTH2": 10.0, "HYPODEPTH3": 14.0, "WHDEPTH1": 0.1, "WHDEPTH2": 0.4, "WHDEPTH3": 0.5, "WMAXMAG01": 0.5, "WMAXMAG02": 0.4, "WMAXMAG03": 0.1, "MAXMAG01": 7.2, "MAXMAG02": 7.5, "MAXMAG03": 7.8, "STRIKE1": 0.0, "STRIKE2": 0.0, "STRIKE3": 267.2925, "STRIKE4": 301.791544, "DIP1": 50.685, "DIP2": 0.0, "DIP3": 50.685, "DIP4": 30.693159, "aspRatio": 1.0, "mfd_bin": 0.2, "a_val": 2.7, "a_hi": 2.7547532577, "a_mid": 2.6998949236100001, "a_lo": 2.6450365895200001, "sigma_a": 0.087456032930200003, "b_val": 0.76333982368700004, "b_hi": 0.80639983603200005, "b_mid": 0.76333982368700004, "b_lo": 0.72027981134200003, "sigma_b": 0.018262046613600001, "cum_cov_ab": 0.054321, "MCORNERP1": 7.2, "MCORNERP2": 7.4, "MCORNERP3": 7.6, "MAXMAGP1": 7.4, "MAXMAGP2": 7.6, "utsu_bval2": 0.0, "utsu_aval": 0.0, "utsu_Minfl": 0.0, "Shape_Leng": 5.5424628411, "Shape_Area": 1.86227602687 }, "geometry": { "type": "Polygon", "coordinates": [ [ [ 17.83198165872659, 42.425056457489575 ], [ 18.43979610960281, 42.635819043314257 ], [ 19.577167999803407, 42.024733000027993 ], [ 19.164299999845184, 41.840900000434715 ], [ 18.602758116194138, 40.888604981035087 ], [ 18.199912706106545, 41.152461447737664 ], [ 17.839950316653812, 41.388230309880953 ], [ 17.601276856541745, 41.872998307925627 ], [ 17.83198165872659, 42.425056457489575 ] ] ] } },
{ "type": "Feature", "properties": { "ZONE_ID": "BAAS034", "areakm2": 12876.586097900001, "tctCluster": "Shallow Default", "CSZ_ID": "SZ18", "TECTO_ID": "TSZ060", "magScaleRe": "WC1994", "SS": 20.0, "NF": 60.0, "TF": 20.0, "MINDEPTH": 0.0, "MAXDEPTH": 15.0, "HYPODEPTH1": 2.0, "HYPODEPTH2": 10.0, "HYPODEPTH3": 12.0, "WHDEPTH1": 0.1, "WHDEPTH2": 0.4, "WHDEPTH3": 0.5, "WMAXMAG01": 0.5, "WMAXMAG02": 0.4, "WMAXMAG03": 0.1, "MAXMAG01": 6.9, "MAXMAG02": 7.2, "MAXMAG03": 7.5, "STRIKE1": 0.0, "STRIKE2": 0.0, "STRIKE3": 0.0, "STRIKE4": 311.329853, "DIP1": 89.99, "DIP2": 0.0, "DIP3": 0.0, "DIP4": 60.56552, "aspRatio": 1.0, "mfd_bin": 0.2, "a_val": 3.0771038660199999, "a_hi": 3.1344566034799999, "a_mid": 3.0769081976899999, "a_lo": 3.0193597918899999, "sigma_a": 0.131057994284, "b_val": 0.87466904860600003, "b_hi": 0.93220532041899995, "b_mid": 0.87466904860600003, "b_lo": 0.817132776793, "sigma_b": 0.032605028324099998, "cum_cov_ab": 0.054321, "MCORNERP1": 6.0, "MCORNERP2": 6.2, "MCORNERP3": 6.4, "MAXMAGP1": 6.4, "MAXMAGP2": 6.6, "utsu_bval2": 0.0, "utsu_aval": 0.0, "utsu_Minfl": 0.0, "Shape_Leng": 4.5573505051899996, "Shape_Area": 0.98196162959900002 }, "geometry": { "type": "Polygon", "coordinates": [ [ [ 18.482652000389578, 43.176499000028855 ], [ 18.78213390035927, 43.600000000199884 ], [ 20.145708975988498, 42.829106041810462 ], [ 20.212965000034785, 42.611403000148414 ], [ 20.235078999995892, 42.517679000185751 ], [ 20.120698633834934, 42.497119199591452 ], [ 20.026969527521715, 42.393690450853683 ], [ 19.834650408189816, 42.538096279819513 ], [ 19.641715079687231, 42.386211871280864 ], [ 19.17610099996125, 42.646160000383759 ], [ 18.482652000389578, 43.176499000028855 ] ] ] } },
{ "type": "Feature", "properties": { "ZONE_ID": "0001", "areakm2": 15770.877846400001, "tctCluster": "Shallow Default", "CSZ_ID": "SZ18", "TECTO_ID": "TSZ060", "magScaleRe": "WC1994", "SS": 20.0, "NF": 60.0, "TF": 20.0, "MINDEPTH": 0.0, "MAXDEPTH": 16.0, "HYPODEPTH1": 2.0, "HYPODEPTH2": 10.0, "HYPODEPTH3": 14.0, "WHDEPTH1": 0.1, "WHDEPTH2": 0.4, "WHDEPTH3": 0.5, "WMAXMAG01": 0.5, "WMAXMAG02": 0.4, "WMAXMAG03": 0.1, "MAXMAG01": 6.9, "MAXMAG02": 7.2, "MAXMAG03": 7.5, "STRIKE1": 28.0608, "STRIKE2": 0.0, "STRIKE3": 0.0, "STRIKE4": 306.901347, "DIP1": 44.4182, "DIP2": 0.0, "DIP3": 0.0, "DIP4": 49.959917, "aspRatio": 1.0, "mfd_bin": 0.2, "a_val": 3.953, "a_hi": 4.0572114621499997, "a_mid": 3.9534877378500002, "a_lo": 3.8497640135400002, "sigma_a": 0.21097648004799999, "b_val": 1.02, "b_hi": 1.0902115315700001, "b_mid": 1.02, "b_lo": 0.94978846843499998, "sigma_b": 0.048553220350600002, "cum_cov_ab": 0.054321, "MCORNERP1": 6.3, "MCORNERP2": 6.5, "MCORNERP3": 6.7, "MAXMAGP1": 6.6, "MAXMAGP2": 6.8, "utsu_bval2": 0.0, "utsu_aval": 0.0, "utsu_Minfl": 0.0, "Shape_Leng": 4.7642722168400002, "Shape_Area": 0.77774589693899998 }, "geometry": { "type": "Polygon", "coordinates": [ [ [ 19.577167999803407, 42.024733000027993 ], [ 17.874274347283347, 42.939662015789452 ], [ 18.127106580804139, 43.157637211188387 ], [ 18.380452372179263, 43.265493636222402 ], [ 18.482652000389578, 43.176499000028855 ], [ 19.17610099996125, 42.646160000383759 ], [ 19.893038999949965, 42.245899999985056 ], [ 19.704929870617093, 42.158382530829215 ], [ 19.577167999803407, 42.024733000027993 ] ] ] } },
{ "type": "Feature", "properties": { "ZONE_ID": "BGAS046", "areakm2": 17329.7761517, "tctCluster": "Shallow Default", "CSZ_ID": "SZ17", "TECTO_ID": "TSZ022", "magScaleRe": "WC1994", "SS": 20.0, "NF": 60.0, "TF": 20.0, "MINDEPTH": 0.0, "MAXDEPTH": 20.0, "HYPODEPTH1": 2.0, "HYPODEPTH2": 10.0, "HYPODEPTH3": 12.0, "WHDEPTH1": 0.1, "WHDEPTH2": 0.4, "WHDEPTH3": 0.5, "WMAXMAG01": 0.5, "WMAXMAG02": 0.4, "WMAXMAG03": 0.1, "MAXMAG01": 7.3, "MAXMAG02": 7.6, "MAXMAG03": 7.9, "STRIKE1": 87.689929, "STRIKE2": 95.354095, "STRIKE3": 267.4575, "STRIKE4": 291.118733, "DIP1": 47.769857, "DIP2": 47.603284, "DIP3": 47.6045, "DIP4": 44.80055, "aspRatio": 1.0, "mfd_bin": 0.2, "a_val": 2.64, "a_hi": 2.6757943347699999, "a_mid": 2.6402245034299998, "a_lo": 2.6046546720800001, "sigma_a": 0.061397903679199999, "b_val": 0.73, "b_hi": 0.76524672253199999, "b_mid": 0.73, "b_lo": 0.69475327746799997, "sigma_b": 0.012235976279400001, "cum_cov_ab": 0.054321, "MCORNERP1": 7.2, "MCORNERP2": 7.4, "MCORNERP3": 7.6, "MAXMAGP1": 7.4, "MAXMAGP2": 7.6, "utsu_bval2": 0.0, "utsu_aval": 0.0, "utsu_Minfl": 0.0, "Shape_Leng": 6.8765068783299999, "Shape_Area": 1.3984615519200001 }, "geometry": { "type": "Polygon", "coordinates": [ [ [ 24.765290571202968, 42.367922069248152 ], [ 25.521221766771191, 42.281300144985778 ], [ 26.529133194341512, 42.093000979012004 ], [ 26.740063735752869, 41.580518326159904 ], [ 26.102600000389771, 41.523399999810181 ], [ 24.137565086159839, 42.150216130869808 ], [ 23.614688517860884, 42.287892869860116 ], [ 23.763797281319512, 42.523952633906958 ], [ 24.765290571202968, 42.367922069248152 ] ] ] } },
{ "type": "Feature", "properties": { "ZONE_ID": "BGAS051", "areakm2": 10326.5133393, "tctCluster": "Shallow Default", "CSZ_ID": "SZ17", "TECTO_ID": "TSZ023", "magScaleRe": "WC1994", "SS": 20.0, "NF": 60.0, "TF": 20.0, "MINDEPTH": 0.0, "MAXDEPTH": 20.0, "HYPODEPTH1": 2.0, "HYPODEPTH2": 10.0, "HYPODEPTH3": 18.0, "WHDEPTH1": 0.1, "WHDEPTH2": 0.4, "WHDEPTH3": 0.5, "WMAXMAG01": 0.5, "WMAXMAG02": 0.4, "WMAXMAG03": 0.1, "MAXMAG01": 7.3, "MAXMAG02": 7.6, "MAXMAG03": 7.9, "STRIKE1": 79.33825, "STRIKE2": 107.218621, "STRIKE3": 229.734133, "STRIKE4": 303.919385, "DIP1": 57.634, "DIP2": 57.998, "DIP3": 55.7506, "DIP4": 55.537077, "aspRatio": 1.0, "mfd_bin": 0.2, "a_val": 2.84, "a_hi": 2.9385023237299999, "a_mid": 2.8399472987399998, "a_lo": 2.7413922737499998, "sigma_a": 0.158599330796, "b_val": 0.89, "b_hi": 0.95152686017200006, "b_mid": 0.89, "b_lo": 0.82847313982799997, "sigma_b": 0.037284699964499998, "cum_cov_ab": 0.054321, "MCORNERP1": 6.2, "MCORNERP2": 6.4, "MCORNERP3": 6.6, "MAXMAGP1": 6.4, "MAXMAGP2": 6.6, "utsu_bval2": 0.0, "utsu_aval": 0.0, "utsu_Minfl": 0.0, "Shape_Leng": 5.1413451075100003, "Shape_Area": 0.83331900774900003 }, "geometry": { "type": "Polygon", "coordinates": [ [ [ 26.146363566125729, 41.249474322382127 ], [ 25.45629288600793, 41.364102551591543 ], [ 24.501914515142801, 41.522635156986951 ], [ 23.851899999585385, 42.029400000309806 ], [ 24.137565086159839, 42.150216130869808 ], [ 26.102600000389771, 41.523399999810181 ], [ 26.146363566125729, 41.249474322382127 ] ] ] } },
{ "type": "Feature", "properties": { "ZONE_ID": "0006", "areakm2": 6650.5337002099996, "tctCluster": "Shallow Default", "CSZ_ID": "SZ17", "TECTO_ID": "TSZ023", "magScaleRe": "WC1994", "SS": 20.0, "NF": 60.0, "TF": 20.0, "MINDEPTH": 0.0, "MAXDEPTH": 20.0, "HYPODEPTH1": 2.0, "HYPODEPTH2": 10.0, "HYPODEPTH3": 18.0, "WHDEPTH1": 0.1, "WHDEPTH2": 0.4, "WHDEPTH3": 0.5, "WMAXMAG01": 0.5, "WMAXMAG02": 0.4, "WMAXMAG03": 0.1, "MAXMAG01": 7.3, "MAXMAG02": 7.6, "MAXMAG03": 7.9, "STRIKE1": 79.33825, "STRIKE2": 107.218621, "STRIKE3": 229.734133, "STRIKE4": 303.919385, "DIP1": 57.634, "DIP2": 57.998, "DIP3": 55.7506, "DIP4": 55.537077, "aspRatio": 1.0, "mfd_bin": 0.2, "a_val": 2.89, "a_hi": 2.9898467823, "a_mid": 2.8899757875800001, "a_lo": 2.7901047928599998, "sigma_a": 0.16578943117100001, "b_val": 0.89, "b_hi": 0.95335181660199997, "b_mid": 0.89, "b_lo": 0.82664818339799995, "sigma_b": 0.039529315350600003, "cum_cov_ab": 0.054321, "MCORNERP1": 6.2, "MCORNERP2": 6.4, "MCORNERP3": 6.6, "MAXMAGP1": 6.4, "MAXMAGP2": 6.6, "utsu_bval2": 0.0, "utsu_aval": 0.0, "utsu_Minfl": 0.0, "Shape_Leng": 3.26473719101, "Shape_Area": 0.433173926855 }, "geometry": { "type": "Polygon", "coordinates": [ [ [ 24.501914515142801, 41.522635156986951 ], [ 23.571982552153088, 41.366510724690272 ], [ 23.012371404117062, 41.569989959369195 ], [ 23.456518218740825, 41.731687513767781 ], [ 23.734030048947659, 41.834908377020042 ], [ 23.886323126511115, 41.931360660166376 ], [ 23.935548347878012, 41.964186006578984 ], [ 24.501914515142801, 41.522635156986951 ] ] ] } },
{ "type": "Feature", "properties": { "ZONE_ID": "0003", "areakm2": 10365.6278439, "tctCluster": "Shallow Default", "CSZ_ID": "SZ17", "TECTO_ID": "TSZ023", "magScaleRe": "WC1994", "SS": 20.0, "NF": 60.0, "TF": 20.0, "MINDEPTH": 0.0, "MAXDEPTH": 20.0, "HYPODEPTH1": 2.0, "HYPODEPTH2": 10.0, "HYPODEPTH3": 18.0, "WHDEPTH1": 0.1, "WHDEPTH2": 0.4, "WHDEPTH3": 0.5, "WMAXMAG01": 0.5, "WMAXMAG02": 0.4, "WMAXMAG03": 0.1, "MAXMAG01": 7.3, "MAXMAG02": 7.6, "MAXMAG03": 7.9, "STRIKE1": 79.33825, "STRIKE2": 107.218621, "STRIKE3": 229.734133, "STRIKE4": 303.919385, "DIP1": 57.634, "DIP2": 57.998, "DIP3": 55.7506, "DIP4": 55.537077, "aspRatio": 1.0, "mfd_bin": 0.2, "a_val": 2.85, "a_hi": 2.9020575023699999, "a_mid": 2.8501205328600001, "a_lo": 2.7981835633499998, "sigma_a": 0.093247335163599995, "b_val": 0.8, "b_hi": 0.84497784604399995, "b_mid": 0.8, "b_lo": 0.75502215395600003, "sigma_b": 0.019925005689900001, "cum_cov_ab": 0.054321, "MCORNERP1": 6.8, "MCORNERP2": 7.0, "MCORNERP3": 7.2, "MAXMAGP1": 7.0, "MAXMAGP2": 7.2, "utsu_bval2": 0.0, "utsu_aval": 0.0, "utsu_Minfl": 0.0, "Shape_Leng": 4.4853343489500004, "Shape_Area": 0.87850638075300003 }, "geometry": { "type": "Polygon", "coordinates": [ [ [ 23.012371404117062, 41.569989959369195 ], [ 22.154924716202743, 41.871741051208573 ], [ 23.006407567954966, 42.386547746481369 ], [ 23.614688517860884, 42.287892869860116 ], [ 24.137565086159839, 42.150216130869808 ], [ 23.851899999585385, 42.029400000309806 ], [ 23.935548347878012, 41.964186006578984 ], [ 23.734030048947659, 41.834908377020042 ], [ 23.456518218740825, 41.731687513767781 ], [ 23.012371404117062, 41.569989959369195 ] ] ] } },
{ "type": "Feature", "properties": { "ZONE_ID": "0005", "areakm2": 15070.560929900001, "tctCluster": "Shallow Default", "CSZ_ID": "SZ17", "TECTO_ID": "TSZ022", "magScaleRe": "WC1994", "SS": 20.0, "NF": 60.0, "TF": 20.0, "MINDEPTH": 0.0, "MAXDEPTH": 14.0, "HYPODEPTH1": 2.0, "HYPODEPTH2": 8.0, "HYPODEPTH3": 10.0, "WHDEPTH1": 0.1, "WHDEPTH2": 0.4, "WHDEPTH3": 0.5, "WMAXMAG01": 0.5, "WMAXMAG02": 0.4, "WMAXMAG03": 0.1, "MAXMAG01": 7.3, "MAXMAG02": 7.6, "MAXMAG03": 7.9, "STRIKE1": 54.4015, "STRIKE2": 110.194375, "STRIKE3": 0.0, "STRIKE4": 298.642235, "DIP1": 50.736398, "DIP2": 57.71475, "DIP3": 0.0, "DIP4": 66.256294, "aspRatio": 1.0, "mfd_bin": 0.2, "a_val": 2.36, "a_hi": 2.3657120481899998, "a_mid": 2.3598245648199998, "a_lo": 2.3539370814399998, "sigma_a": 0.01, "b_val": 0.73, "b_hi": 0.76186393639600003, "b_mid": 0.73, "b_lo": 0.69813606360400005, "sigma_b": 0.01, "cum_cov_ab": 0.054321, "MCORNERP1": 6.8, "MCORNERP2": 7.0, "MCORNERP3": 7.2, "MAXMAGP1": 7.0, "MAXMAGP2": 7.2, "utsu_bval2": 0.0, "utsu_aval": 0.0, "utsu_Minfl": 0.0, "Shape_Leng": 5.2381166116599998, "Shape_Area": 1.23617257585 }, "geometry": { "type": "Polygon", "coordinates": [ [ [ 23.614688517860884, 42.287892869860116 ], [ 23.006407567954966, 42.386547746481369 ], [ 22.963633607205281, 42.459319784780291 ], [ 22.78197116853433, 42.975885565640041 ], [ 23.604373823404828, 43.152274907872375 ], [ 24.036908822284374, 42.922159500060957 ], [ 23.763797281319512, 42.523952633906958 ], [ 23.614688517860884, 42.287892869860116 ] ] ] } },
{ "type": "Feature", "properties": { "ZONE_ID": "0004", "areakm2": 14451.1865495, "tctCluster": "Shallow Default", "CSZ_ID": "SZ23", "TECTO_ID": "TSZ101", "magScaleRe": "WC1994", "SS": 20.0, "NF": 60.0, "TF": 20.0, "MINDEPTH": 0.0, "MAXDEPTH": 20.0, "HYPODEPTH1": 2.0, "HYPODEPTH2": 10.0, "HYPODEPTH3": 18.0, "WHDEPTH1": 0.1, "WHDEPTH2": 0.4, "WHDEPTH3": 0.5, "WMAXMAG01": 0.5, "WMAXMAG02": 0.4, "WMAXMAG03": 0.1, "MAXMAG01": 7.3, "MAXMAG02": 7.6, "MAXMAG03": 7.9, "STRIKE1": 79.33825, "STRIKE2": 107.218621, "STRIKE3": 229.734133, "STRIKE4": 303.919385, "DIP1": 57.634, "DIP2": 57.998, "DIP3": 55.7506, "DIP4": 55.537077, "aspRatio": 1.0, "mfd_bin": 0.2, "a_val": 3.18, "a_hi": 3.2458437287200002, "a_mid": 3.18026231714, "a_lo": 3.1146809055600002, "sigma_a": 0.11174482044800001, "b_val": 0.87, "b_hi": 0.91947502234800005, "b_mid": 0.87, "b_lo": 0.82052497765200005, "sigma_b": 0.024108664044599999, "cum_cov_ab": 0.054321, "MCORNERP1": 6.8, "MCORNERP2": 7.0, "MCORNERP3": 7.2, "MAXMAGP1": 7.0, "MAXMAGP2": 7.2, "utsu_bval2": 0.0, "utsu_aval": 0.0, "utsu_Minfl": 0.0, "Shape_Leng": 4.5777965705800003, "Shape_Area": 1.20816013795 }, "geometry": { "type": "Polygon", "coordinates": [ [ [ 21.738718000235565, 42.773206000056916 ], [ 22.78197116993357, 42.975885565666374 ], [ 22.906510374154493, 42.621752415341746 ], [ 22.963633607205281, 42.459319784780291 ], [ 23.006407567954966, 42.386547746481369 ], [ 22.154924716202743, 41.871741051208573 ], [ 21.377545351736671, 42.1309527488703 ], [ 21.213102027736454, 42.269887796784474 ], [ 21.14237418621974, 42.36152571763779 ], [ 21.443869740196419, 42.486784226610837 ], [ 21.738718000235565, 42.773206000056916 ] ] ] } },
{ "type": "Feature", "properties": { "ZONE_ID": "BGAS058", "areakm2": 31537.823720699998, "tctCluster": "Shallow Default", "CSZ_ID": "SZ17", "TECTO_ID": "TSZ022", "magScaleRe": "WC1994", "SS": 20.0, "NF": 60.0, "TF": 20.0, "MINDEPTH": 0.0, "MAXDEPTH": 20.0, "HYPODEPTH1": 2.0, "HYPODEPTH2": 10.0, "HYPODEPTH3": 18.0, "WHDEPTH1": 0.1, "WHDEPTH2": 0.4, "WHDEPTH3": 0.5, "WMAXMAG01": 0.5, "WMAXMAG02": 0.4, "WMAXMAG03": 0.1, "MAXMAG01": 7.3, "MAXMAG02": 7.6, "MAXMAG03": 7.9, "STRIKE1": 77.465197, "STRIKE2": 101.129108, "STRIKE3": 267.72425, "STRIKE4": 293.628773, "DIP1": 47.117239, "DIP2": 47.713923, "DIP3": 47.586667, "DIP4": 48.9255, "aspRatio": 1.0, "mfd_bin": 0.2, "a_val": 2.01, "a_hi": 2.0187811516499998, "a_mid": 2.0101600858, "a_lo": 2.0015390199600001, "sigma_a": 0.02, "b_val": 0.73, "b_hi": 0.77506241100200002, "b_mid": 0.73, "b_lo": 0.68493758899799995, "sigma_b": 0.02, "cum_cov_ab": 0.104072587354, "MCORNERP1": 6.0, "MCORNERP2": 6.2, "MCORNERP3": 6.4, "MAXMAGP1": 6.4, "MAXMAGP2": 6.6, "utsu_bval2": 0.0, "utsu_aval": 0.0, "utsu_Minfl": 0.0, "Shape_Leng": 9.8503863771399995, "Shape_Area": 2.5450088651999998 }, "geometry": { "type": "Polygon", "coordinates": [ [ [ 26.057106577906268, 42.797302657991338 ], [ 26.668988212314304, 42.76702597151462 ], [ 26.529133193796756, 42.093000977786886 ], [ 25.521221766771191, 42.281300144985778 ], [ 24.765290571202968, 42.367922069248152 ], [ 23.763797281319512, 42.523952633906958 ], [ 24.036908822284374, 42.922159500060957 ], [ 25.186954254635168, 42.840358909636052 ], [ 26.057106577906268, 42.797302657991338 ] ] ] } },
{ "type": "Feature", "properties": { "ZONE_ID": "0013", "areakm2": 58207.561099300001, "tctCluster": "Shallow Default", "CSZ_ID": "SZ22", "TECTO_ID": "TSZ045", "magScaleRe": "WC1994", "SS": 40.0, "NF": 10.0, "TF": 50.0, "MINDEPTH": 0.0, "MAXDEPTH": 50.0, "HYPODEPTH1": 2.0, "HYPODEPTH2": 10.0, "HYPODEPTH3": 18.0, "WHDEPTH1": 0.1, "WHDEPTH2": 0.4, "WHDEPTH3": 0.5, "WMAXMAG01": 0.5, "WMAXMAG02": 0.4, "WMAXMAG03": 0.1, "MAXMAG01": 6.9, "MAXMAG02": 7.2, "MAXMAG03": 7.5, "STRIKE1": 0.0, "STRIKE2": 0.0, "STRIKE3": 219.588087, "STRIKE4": 308.582373, "DIP1": 75.71513, "DIP2": 0.0, "DIP3": 75.71513, "DIP4": 22.921676, "aspRatio": 1.0, "mfd_bin": 0.2, "a_val": 4.88, "a_hi": 4.8873095493200003, "a_mid": 4.8802161991600004, "a_lo": 4.8731228489899996, "sigma_a": 0.033487555250099998, "b_val": 1.06, "b_hi": 1.1027499566900001, "b_mid": 1.06, "b_lo": 1.01725004331, "sigma_b": 0.018, "cum_cov_ab": 0.054321, "MCORNERP1": 6.0, "MCORNERP2": 6.2, "MCORNERP3": 6.4, "MAXMAGP1": 6.4, "MAXMAGP2": 6.6, "utsu_bval2": 0.0, "utsu_aval": 0.0, "utsu_Minfl": 0.0, "Shape_Leng": 13.642557527799999, "Shape_Area": 10.1405056513 }, "geometry": { "type": "Polygon", "coordinates": [ [ [ 21.920526506293299, 34.012787200768742 ], [ 21.399999999600368, 33.229999999700283 ], [ 19.804013314662768, 34.190252959806287 ], [ 18.508927975545703, 34.902549896860307 ], [ 17.321766414388549, 35.733562989040763 ], [ 19.380082591438509, 37.481274152480182 ], [ 20.25840509362024, 36.651514836640445 ], [ 22.591410569642107, 34.727135891608157 ], [ 21.920526506293299, 34.012787200768742 ] ] ] } },
{ "type": "Feature", "properties": { "ZONE_ID": "GRAS240", "areakm2": 17297.834751099999, "tctCluster": "Shallow Default", "CSZ_ID": "SZ22", "TECTO_ID": "TSZ120", "magScaleRe": "WC1994", "SS": 25.0, "NF": 50.0, "TF": 25.0, "MINDEPTH": 0.0, "MAXDEPTH": 20.0, "HYPODEPTH1": 2.0, "HYPODEPTH2": 10.0, "HYPODEPTH3": 18.0, "WHDEPTH1": 0.1, "WHDEPTH2": 0.4, "WHDEPTH3": 0.5, "WMAXMAG01": 0.5, "WMAXMAG02": 0.4, "WMAXMAG03": 0.1, "MAXMAG01": 7.0, "MAXMAG02": 7.3, "MAXMAG03": 7.6, "STRIKE1": 0.0, "STRIKE2": 123.0945, "STRIKE3": 0.0, "STRIKE4": 280.863167, "DIP1": 55.453, "DIP2": 55.453, "DIP3": 0.0, "DIP4": 50.234556, "aspRatio": 1.0, "mfd_bin": 0.2, "a_val": 3.0423350349899998, "a_hi": 3.0920936248199999, "a_mid": 3.0421840232, "a_lo": 2.9922744215799999, "sigma_a": 0.089007664734900002, "b_val": 0.83425002614, "b_hi": 0.87878487053300003, "b_mid": 0.83425002614, "b_lo": 0.78971518174599997, "sigma_b": 0.019534442686700002, "cum_cov_ab": 0.054321, "MCORNERP1": 6.8, "MCORNERP2": 7.0, "MCORNERP3": 7.2, "MAXMAGP1": 7.0, "MAXMAGP2": 7.2, "utsu_bval2": 0.0, "utsu_aval": 0.0, "utsu_Minfl": 0.0, "Shape_Leng": 7.5525239446, "Shape_Area": 2.7326510184499999 }, "geometry": { "type": "Polygon", "coordinates": [ [ [ 24.644400000159919, 37.15009999971528 ], [ 23.486754703866552, 37.299359012908155 ], [ 23.596665503310362, 37.932119519700109 ], [ 23.749599999840143, 38.080400000359759 ], [ 24.155451245478673, 38.166447493457099 ], [ 25.471428010194586, 38.097446232457742 ], [ 25.869100000064975, 37.533699999855173 ], [ 26.570684999812954, 37.47473400017401 ], [ 26.500000000199918, 37.103106999988086 ], [ 26.108499999975095, 36.888400000259878 ], [ 25.21420000022988, 36.782499999975073 ], [ 25.024313525448918, 36.905003103110744 ], [ 24.644400000159919, 37.15009999971528 ] ] ] } },
{ "type": "Feature", "properties": { "ZONE_ID": "0012", "areakm2": 19969.484766699999, "tctCluster": "Shallow Default", "CSZ_ID": "SZ22", "TECTO_ID": "TSZ079", "magScaleRe": "WC1994", "SS": 40.0, "NF": 60.0, "TF": 0.0, "MINDEPTH": 0.0, "MAXDEPTH": 20.0, "HYPODEPTH1": 2.0, "HYPODEPTH2": 10.0, "HYPODEPTH3": 18.0, "WHDEPTH1": 0.1, "WHDEPTH2": 0.4, "WHDEPTH3": 0.5, "WMAXMAG01": 0.5, "WMAXMAG02": 0.4, "WMAXMAG03": 0.1, "MAXMAG01": 7.3, "MAXMAG02": 7.6, "MAXMAG03": 7.9, "STRIKE1": 77.235375, "STRIKE2": 119.308, "STRIKE3": 251.883667, "STRIKE4": 287.630462, "DIP1": 51.71425, "DIP2": 54.170111, "DIP3": 59.094333, "DIP4": 52.927026, "aspRatio": 1.0, "mfd_bin": 0.2, "a_val": 4.5, "a_hi": 4.5103147418100002, "a_mid": 4.4997424101899997, "a_lo": 4.4891700785699999, "sigma_a": 0.042823386279099998, "b_val": 0.95, "b_hi": 0.99617523069400005, "b_mid": 0.95, "b_lo": 0.90382476930599998, "sigma_b": 0.021, "cum_cov_ab": 0.054321, "MCORNERP1": 7.0, "MCORNERP2": 7.2, "MCORNERP3": 7.4, "MAXMAGP1": 7.4, "MAXMAGP2": 7.6, "utsu_bval2": 0.0, "utsu_aval": 0.0, "utsu_Minfl": 0.0, "Shape_Leng": 2.4825602895099999, "Shape_Area": 0.36126262112899998 }, "geometry": { "type": "Polygon", "coordinates": [ [ [ 23.486754703866552, 37.299359012908155 ], [ 22.969559181710906, 37.477045715587337 ], [ 22.776420994933005, 37.640068788843564 ], [ 23.151763365187207, 37.896946538951681 ], [ 23.355239139274886, 38.103400614946452 ], [ 23.499999999900126, 37.999999999700265 ], [ 23.596665503310362, 37.932119519700109 ], [ 23.486754703866552, 37.299359012908155 ] ] ] } },
{ "type": "Feature", "properties": { "ZONE_ID": "GRAS242", "areakm2": 8100.4104472400004, "tctCluster": "Shallow Default", "CSZ_ID": "SZ22", "TECTO_ID": "TSZ020", "magScaleRe": "WC1994", "SS": 20.0, "NF": 60.0, "TF": 20.0, "MINDEPTH": 0.0, "MAXDEPTH": 20.0, "HYPODEPTH1": 2.0, "HYPODEPTH2": 10.0, "HYPODEPTH3": 18.0, "WHDEPTH1": 0.1, "WHDEPTH2": 0.4, "WHDEPTH3": 0.5, "WMAXMAG01": 0.5, "WMAXMAG02": 0.4, "WMAXMAG03": 0.1, "MAXMAG01": 7.3, "MAXMAG02": 7.6, "MAXMAG03": 7.9, "STRIKE1": 53.254556, "STRIKE2": 101.62625, "STRIKE3": 228.099333, "STRIKE4": 286.981, "DIP1": 53.563968, "DIP2": 51.35975, "DIP3": 51.852293, "DIP4": 48.603615, "aspRatio": 1.0, "mfd_bin": 0.2, "a_val": 4.3, "a_hi": 4.4238643187799997, "a_mid": 4.3002933210699998, "a_lo": 4.1767223233499999, "sigma_a": 0.20680923619399999, "b_val": 1.07797875606, "b_hi": 1.14311033425, "b_mid": 1.07797875606, "b_lo": 1.0128471778699999, "sigma_b": 0.041781531041100002, "cum_cov_ab": 0.054321, "MCORNERP1": 6.9, "MCORNERP2": 7.1, "MCORNERP3": 7.3, "MAXMAGP1": 7.0, "MAXMAGP2": 7.2, "utsu_bval2": 0.0, "utsu_aval": 0.0, "utsu_Minfl": 0.0, "Shape_Leng": 3.6185318458000002, "Shape_Area": 0.65367910477500002 }, "geometry": { "type": "Polygon", "coordinates": [ [ [ 21.148303561260377, 40.211456868040102 ], [ 21.454098485256964, 40.323096284965629 ], [ 21.909458769306809, 40.49063105457958 ], [ 22.111656647236543, 40.682448398974486 ], [ 22.371630740666205, 40.57604111270723 ], [ 22.673279706393373, 40.44806882391714 ], [ 22.398332356852848, 40.196169294377512 ], [ 22.189717384449807, 40.022142826130562 ], [ 21.747151953000298, 39.900000000399757 ], [ 21.322610930949736, 39.861923079086864 ], [ 21.148303561260377, 40.211456868040102 ] ] ] } },
{ "type": "Feature", "properties": { "ZONE_ID": "GRAS244", "areakm2": 18224.655095800001, "tctCluster": "Shallow Default", "CSZ_ID": "SZ22", "TECTO_ID": "TSZ020", "magScaleRe": "WC1994", "SS": 20.0, "NF": 60.0, "TF": 20.0, "MINDEPTH": 0.0, "MAXDEPTH": 20.0, "HYPODEPTH1": 2.0, "HYPODEPTH2": 10.0, "HYPODEPTH3": 18.0, "WHDEPTH1": 0.1, "WHDEPTH2": 0.4, "WHDEPTH3": 0.5, "WMAXMAG01": 0.5, "WMAXMAG02": 0.4, "WMAXMAG03": 0.1, "MAXMAG01": 7.3, "MAXMAG02": 7.6, "MAXMAG03": 7.9, "STRIKE1": 64.924707, "STRIKE2": 104.175143, "STRIKE3": 0.0, "STRIKE4": 284.669167, "DIP1": 49.248537, "DIP2": 49.825214, "DIP3": 0.0, "DIP4": 48.237833, "aspRatio": 1.0, "mfd_bin": 0.2, "a_val": 3.35, "a_hi": 3.4497424328299999, "a_mid": 3.34992130938, "a_lo": 3.2501001859200001, "sigma_a": 0.22854090775800001, "b_val": 0.91, "b_hi": 0.98279382892699996, "b_mid": 0.91, "b_lo": 0.83720617107299999, "sigma_b": 0.052190357816600003, "cum_cov_ab": 0.054321, "MCORNERP1": 6.6, "MCORNERP2": 6.8, "MCORNERP3": 7.0, "MAXMAGP1": 6.8, "MAXMAGP2": 7.0, "utsu_bval2": 0.0, "utsu_aval": 0.0, "utsu_Minfl": 0.0, "Shape_Leng": 6.0328381175299999, "Shape_Area": 1.5393152622599999 }, "geometry": { "type": "Polygon", "coordinates": [ [ [ 26.146363566125729, 41.249474322382127 ], [ 26.305710564291132, 40.953545111417839 ], [ 26.026078999646188, 40.602774000120064 ], [ 25.384526762799908, 40.622890130075518 ], [ 24.655166520018952, 40.337830419438376 ], [ 23.584189803017068, 40.816770056093276 ], [ 25.45629288600793, 41.364102551591543 ], [ 26.146363566125729, 41.249474322382127 ] ] ] } },
{ "type": "Feature", "properties": { "ZONE_ID": "GRAS245", "areakm2": 5303.2092828799996, "tctCluster": "Shallow Default", "CSZ_ID": "SZ22", "TECTO_ID": "TSZ082", "magScaleRe": "WC1994", "SS": 50.0, "NF": 40.0, "TF": 10.0, "MINDEPTH": 0.0, "MAXDEPTH": 20.0, "HYPODEPTH1": 2.0, "HYPODEPTH2": 10.0, "HYPODEPTH3": 18.0, "WHDEPTH1": 0.1, "WHDEPTH2": 0.4, "WHDEPTH3": 0.5, "WMAXMAG01": 0.5, "WMAXMAG02": 0.4, "WMAXMAG03": 0.1, "MAXMAG01": 7.6, "MAXMAG02": 7.9, "MAXMAG03": 8.2, "STRIKE1": 54.644568, "STRIKE2": 135.833154, "STRIKE3": 218.800458, "STRIKE4": 292.22675, "DIP1": 60.864919, "DIP2": 60.520462, "DIP3": 68.637229, "DIP4": 53.320583, "aspRatio": 1.0, "mfd_bin": 0.2, "a_val": 3.98, "a_hi": 4.02764063433, "a_mid": 3.9803801621899999, "a_lo": 3.9331196900499998, "sigma_a": 0.092282645878500005, "b_val": 0.98836196269700005, "b_hi": 1.0334313143, "b_mid": 0.98836196269700005, "b_lo": 0.943292611098, "sigma_b": 0.020006161349000001, "cum_cov_ab": 0.054321, "MCORNERP1": 7.1, "MCORNERP2": 7.3, "MCORNERP3": 7.5, "MAXMAGP1": 7.2, "MAXMAGP2": 7.4, "utsu_bval2": 0.0, "utsu_aval": 0.0, "utsu_Minfl": 0.0, "Shape_Leng": 4.86812932609, "Shape_Area": 0.90440441423399998 }, "geometry": { "type": "Polygon", "coordinates": [ [ [ 24.155451245478673, 38.166447493457099 ], [ 23.707461596275721, 38.562265478768893 ], [ 25.514869981064805, 39.666514855076571 ], [ 25.478749098691992, 39.18623932858219 ], [ 24.155451245478673, 38.166447493457099 ] ] ] } },
{ "type": "Feature", "properties": { "ZONE_ID": "GRAS246", "areakm2": 20124.517975899998, "tctCluster": "Shallow Default", "CSZ_ID": "SZ22", "TECTO_ID": "TSZ082", "magScaleRe": "WC1994", "SS": 40.0, "NF": 60.0, "TF": 0.0, "MINDEPTH": 0.0, "MAXDEPTH": 20.0, "HYPODEPTH1": 2.0, "HYPODEPTH2": 10.0, "HYPODEPTH3": 18.0, "WHDEPTH1": 0.1, "WHDEPTH2": 0.4, "WHDEPTH3": 0.5, "WMAXMAG01": 0.5, "WMAXMAG02": 0.4, "WMAXMAG03": 0.1, "MAXMAG01": 7.9, "MAXMAG02": 8.2, "MAXMAG03": 8.5, "STRIKE1": 85.823571, "STRIKE2": 94.154667, "STRIKE3": 231.422017, "STRIKE4": 306.578624, "DIP1": 58.742714, "DIP2": 58.875333, "DIP3": 75.11919, "DIP4": 68.961462, "aspRatio": 1.0, "mfd_bin": 0.2, "a_val": 3.75, "a_hi": 3.7913505885299998, "a_mid": 3.7496876485300001, "a_lo": 3.70802470854, "sigma_a": 0.079905095586300004, "b_val": 0.90905432597500002, "b_hi": 0.950451884543, "b_mid": 0.90905432597500002, "b_lo": 0.86765676740800002, "sigma_b": 0.0168791512753, "cum_cov_ab": 0.054321, "MCORNERP1": 7.4, "MCORNERP2": 7.6, "MCORNERP3": 7.8, "MAXMAGP1": 7.6, "MAXMAGP2": 7.8, "utsu_bval2": 0.0, "utsu_aval": 0.0, "utsu_Minfl": 0.0, "Shape_Leng": 5.1366228538099996, "Shape_Area": 0.98254425047100002 }, "geometry": { "type": "Polygon", "coordinates": [ [ [ 23.707461596275721, 38.562265478768893 ], [ 23.428100000015036, 39.09979999997006 ], [ 23.792100000114942, 39.201000000249849 ], [ 25.169463789822089, 39.967988997993928 ], [ 25.514869981064805, 39.666514855076571 ], [ 23.707461596275721, 38.562265478768893 ] ] ] } },
{ "type": "Feature", "properties": { "ZONE_ID": "GRAA247", "areakm2": 15885.147100800001, "tctCluster": "Shallow Default", "CSZ_ID": "SZ22", "TECTO_ID": "TSZ079", "magScaleRe": "WC1994", "SS": 40.0, "NF": 60.0, "TF": 0.0, "MINDEPTH": 0.0, "MAXDEPTH": 20.0, "HYPODEPTH1": 2.0, "HYPODEPTH2": 10.0, "HYPODEPTH3": 18.0, "WHDEPTH1": 0.1, "WHDEPTH2": 0.4, "WHDEPTH3": 0.5, "WMAXMAG01": 0.5, "WMAXMAG02": 0.4, "WMAXMAG03": 0.1, "MAXMAG01": 7.3, "MAXMAG02": 7.6, "MAXMAG03": 7.9, "STRIKE1": 66.977, "STRIKE2": 127.892292, "STRIKE3": 249.710269, "STRIKE4": 289.799967, "DIP1": 55.438, "DIP2": 63.553542, "DIP3": 55.673462, "DIP4": 54.532856, "aspRatio": 1.0, "mfd_bin": 0.2, "a_val": 4.5241002954900003, "a_hi": 4.5591305690599997, "a_mid": 4.5244843869200002, "a_lo": 4.4898382047799998, "sigma_a": 0.079905975331899998, "b_val": 1.0306302807800001, "b_hi": 1.07128527876, "b_mid": 1.0306302807800001, "b_lo": 0.98997528278799996, "sigma_b": 0.0162790491653, "cum_cov_ab": 0.054321, "MCORNERP1": 6.7, "MCORNERP2": 6.9, "MCORNERP3": 7.1, "MAXMAGP1": 7.0, "MAXMAGP2": 7.2, "utsu_bval2": 0.0, "utsu_aval": 0.0, "utsu_Minfl": 0.0, "Shape_Leng": 5.2460703086400002, "Shape_Area": 1.1244882600199999 }, "geometry": { "type": "Polygon", "coordinates": [ [ [ 21.075920694684385, 38.167606554998599 ], [ 20.982299999845168, 39.06199999970022 ], [ 21.500000000299906, 39.00000000039978 ], [ 21.893788121151736, 39.020382788834574 ], [ 22.013671344000045, 38.889593406000074 ], [ 22.361657666000042, 38.731160609000028 ], [ 22.619110962000036, 38.620823482000048 ], [ 22.752081345174858, 38.499999999680327 ], [ 21.500000000299906, 38.499999999600391 ], [ 21.075920694684385, 38.167606554998599 ] ] ] } },
{ "type": "Feature", "properties": { "ZONE_ID": "GRAS248", "areakm2": 6248.9342657400002, "tctCluster": "Shallow Default", "CSZ_ID": "SZ22", "TECTO_ID": "TSZ020", "magScaleRe": "WC1994", "SS": 20.0, "NF": 60.0, "TF": 20.0, "MINDEPTH": 0.0, "MAXDEPTH": 20.0, "HYPODEPTH1": 2.0, "HYPODEPTH2": 10.0, "HYPODEPTH3": 18.0, "WHDEPTH1": 0.1, "WHDEPTH2": 0.4, "WHDEPTH3": 0.5, "WMAXMAG01": 0.5, "WMAXMAG02": 0.4, "WMAXMAG03": 0.1, "MAXMAG01": 7.3, "MAXMAG02": 7.6, "MAXMAG03": 7.9, "STRIKE1": 84.976233, "STRIKE2": 105.520692, "STRIKE3": 260.5032, "STRIKE4": 0.0, "DIP1": 54.5166, "DIP2": 53.517354, "DIP3": 46.4521, "DIP4": 0.0, "aspRatio": 1.0, "mfd_bin": 0.2, "a_val": 2.7, "a_hi": 2.78653346746, "a_mid": 2.7000265866299999, "a_lo": 2.6135197058099999, "sigma_a": 0.11521746572, "b_val": 0.8, "b_hi": 0.84927795188199995, "b_mid": 0.8, "b_lo": 0.75072204811800003, "sigma_b": 0.023916985776900001, "cum_cov_ab": 0.054321, "MCORNERP1": 7.0, "MCORNERP2": 7.2, "MCORNERP3": 7.4, "MAXMAGP1": 7.2, "MAXMAGP2": 7.4, "utsu_bval2": 0.0, "utsu_aval": 0.0, "utsu_Minfl": 0.0, "Shape_Leng": 5.1564648508299999, "Shape_Area": 0.82458052773799995 }, "geometry": { "type": "Polygon", "coordinates": [ [ [ 22.99926899956472, 41.199546000247778 ], [ 23.571982552153088, 41.366510724690272 ], [ 24.501914515142801, 41.522635156986951 ], [ 25.45629288600793, 41.364102551591543 ], [ 23.584189803017068, 40.816770056093276 ], [ 22.99926899956472, 41.199546000247778 ] ] ] } },
{ "type": "Feature", "properties": { "ZONE_ID": "GRAS249", "areakm2": 22494.1699448, "tctCluster": "Shallow Default", "CSZ_ID": "SZ22", "TECTO_ID": "TSZ080", "magScaleRe": "WC1994", "SS": 20.0, "NF": 60.0, "TF": 20.0, "MINDEPTH": 0.0, "MAXDEPTH": 20.0, "HYPODEPTH1": 2.0, "HYPODEPTH2": 10.0, "HYPODEPTH3": 18.0, "WHDEPTH1": 0.1, "WHDEPTH2": 0.4, "WHDEPTH3": 0.5, "WMAXMAG01": 0.5, "WMAXMAG02": 0.4, "WMAXMAG03": 0.1, "MAXMAG01": 7.3, "MAXMAG02": 7.6, "MAXMAG03": 7.9, "STRIKE1": 0.0, "STRIKE2": 139.185385, "STRIKE3": 233.019213, "STRIKE4": 0.0, "DIP1": 58.796538, "DIP2": 58.796538, "DIP3": 71.275453, "DIP4": 0.0, "aspRatio": 1.0, "mfd_bin": 0.2, "a_val": 3.0, "a_hi": 3.0060468313499999, "a_mid": 3.0001874655899998, "a_lo": 2.9943280998300001, "sigma_a": 0.01, "b_val": 0.75, "b_hi": 0.78186393639600005, "b_mid": 0.75, "b_lo": 0.71813606360399995, "sigma_b": 0.01, "cum_cov_ab": 0.054321, "MCORNERP1": 7.0, "MCORNERP2": 7.2, "MCORNERP3": 7.4, "MAXMAGP1": 7.4, "MAXMAGP2": 7.6, "utsu_bval2": 0.0, "utsu_aval": 0.0, "utsu_Minfl": 0.0, "Shape_Leng": 5.0313296356399997, "Shape_Area": 0.915359720461 }, "geometry": { "type": "Polygon", "coordinates": [ [ [ 26.146696128223766, 38.164992795081503 ], [ 26.501400000010051, 38.122199999830173 ], [ 26.760646999659343, 38.037697999762941 ], [ 27.154291278619667, 37.824660157940002 ], [ 27.785827999662501, 37.666773999620432 ], [ 26.570684999812954, 37.47473400017401 ], [ 25.869100000064975, 37.533699999855173 ], [ 25.471428010194586, 38.097446232457742 ], [ 26.146696128223766, 38.164992795081503 ] ] ] } },
{ "type": "Feature", "properties": { "ZONE_ID": "GRAS250", "areakm2": 16838.134060199998, "tctCluster": "Shallow Default", "CSZ_ID": "SZ22", "TECTO_ID": "TSZ020", "magScaleRe": "WC1994", "SS": 20.0, "NF": 60.0, "TF": 20.0, "MINDEPTH": 0.0, "MAXDEPTH": 20.0, "HYPODEPTH1": 2.0, "HYPODEPTH2": 10.0, "HYPODEPTH3": 18.0, "WHDEPTH1": 0.1, "WHDEPTH2": 0.4, "WHDEPTH3": 0.5, "WMAXMAG01": 0.5, "WMAXMAG02": 0.4, "WMAXMAG03": 0.1, "MAXMAG01": 7.3, "MAXMAG02": 7.6, "MAXMAG03": 7.9, "STRIKE1": 70.927812, "STRIKE2": 106.487955, "STRIKE3": 259.891316, "STRIKE4": 291.366048, "DIP1": 68.031087, "DIP2": 62.950795, "DIP3": 45.497895, "DIP4": 46.625911, "aspRatio": 1.0, "mfd_bin": 0.2, "a_val": 3.81, "a_hi": 3.8360281952599999, "a_mid": 3.81046006439, "a_lo": 3.78489193353, "sigma_a": 0.071022773246799994, "b_val": 0.93, "b_hi": 0.983318563742, "b_mid": 0.93, "b_lo": 0.87668143625799999, "sigma_b": 0.028, "cum_cov_ab": 0.054321, "MCORNERP1": 6.8, "MCORNERP2": 7.0, "MCORNERP3": 7.2, "MAXMAGP1": 7.0, "MAXMAGP2": 7.2, "utsu_bval2": 0.0, "utsu_aval": 0.0, "utsu_Minfl": 0.0, "Shape_Leng": 5.1510122690399998, "Shape_Area": 1.2965449439700001 }, "geometry": { "type": "Polygon", "coordinates": [ [ [ 22.99926899956472, 41.199546000247778 ], [ 23.584189803017068, 40.816770056093276 ], [ 24.655166520018952, 40.337830419438376 ], [ 24.049184793943141, 40.100991385643965 ], [ 22.886375334154422, 40.095075897934407 ], [ 22.673279706393373, 40.44806882391714 ], [ 22.63807645806213, 41.132888482217709 ], [ 22.99926899956472, 41.199546000247778 ] ] ] } },
{ "type": "Feature", "properties": { "ZONE_ID": "0008", "areakm2": 23071.882358399998, "tctCluster": "Shallow Default", "CSZ_ID": "SZ22", "TECTO_ID": "TSZ025", "magScaleRe": "WC1994", "SS": 20.0, "NF": 60.0, "TF": 20.0, "MINDEPTH": 0.0, "MAXDEPTH": 20.0, "HYPODEPTH1": 2.0, "HYPODEPTH2": 10.0, "HYPODEPTH3": 18.0, "WHDEPTH1": 0.1, "WHDEPTH2": 0.4, "WHDEPTH3": 0.5, "WMAXMAG01": 0.5, "WMAXMAG02": 0.4, "WMAXMAG03": 0.1, "MAXMAG01": 7.5, "MAXMAG02": 7.5, "MAXMAG03": 7.8, "STRIKE1": 84.6065, "STRIKE2": 100.107471, "STRIKE3": 244.593526, "STRIKE4": 290.959553, "DIP1": 50.405675, "DIP2": 54.044265, "DIP3": 55.690421, "DIP4": 50.027298, "aspRatio": 1.0, "mfd_bin": 0.2, "a_val": 4.29, "a_hi": 4.2943229058399996, "a_mid": 4.2898548226499997, "a_lo": 4.2853867394599998, "sigma_a": 0.023130115900600001, "b_val": 0.88, "b_hi": 0.91941351262299997, "b_mid": 0.88, "b_lo": 0.84058648737700004, "sigma_b": 0.0153, "cum_cov_ab": 0.054321, "MCORNERP1": 6.8, "MCORNERP2": 7.0, "MCORNERP3": 7.2, "MAXMAGP1": 7.2, "MAXMAGP2": 7.4, "utsu_bval2": 0.0, "utsu_aval": 0.0, "utsu_Minfl": 0.0, "Shape_Leng": 4.7292573082300002, "Shape_Area": 1.03337106091 }, "geometry": { "type": "Polygon", "coordinates": [ [ [ 19.380082591438509, 37.481274152480182 ], [ 19.676137350458418, 38.651135643395264 ], [ 20.500340371411085, 38.454002058348351 ], [ 21.044561145180751, 38.467196038166662 ], [ 21.075920694684385, 38.167606554998542 ], [ 19.380082591438509, 37.481274152480182 ] ] ] } },
{ "type": "Feature", "properties": { "ZONE_ID": "GRAS253", "areakm2": 18574.7558665, "tctCluster": "Shallow Default", "CSZ_ID": "SZ22", "TECTO_ID": "TSZ082", "magScaleRe": "WC1994", "SS": 40.0, "NF": 60.0, "TF": 0.0, "MINDEPTH": 0.0, "MAXDEPTH": 20.0, "HYPODEPTH1": 2.0, "HYPODEPTH2": 10.0, "HYPODEPTH3": 18.0, "WHDEPTH1": 0.1, "WHDEPTH2": 0.4, "WHDEPTH3": 0.5, "WMAXMAG01": 0.5, "WMAXMAG02": 0.4, "WMAXMAG03": 0.1, "MAXMAG01": 7.9, "MAXMAG02": 8.2, "MAXMAG03": 8.5, "STRIKE1": 59.750273, "STRIKE2": 0.0, "STRIKE3": 221.52187, "STRIKE4": 304.452917, "DIP1": 71.687636, "DIP2": 0.0, "DIP3": 68.0383, "DIP4": 73.287958, "aspRatio": 1.0, "mfd_bin": 0.2, "a_val": 3.85, "a_hi": 3.8672810337299999, "a_mid": 3.8498599839000001, "a_lo": 3.8324389340799998, "sigma_a": 0.0420622578338, "b_val": 0.866, "b_hi": 0.89621164654499996, "b_mid": 0.866, "b_lo": 0.83578835345500002, "sigma_b": 0.0089897980812399993, "cum_cov_ab": 0.054321, "MCORNERP1": 7.8, "MCORNERP2": 8.0, "MCORNERP3": 8.2, "MAXMAGP1": 8.0, "MAXMAGP2": 8.2, "utsu_bval2": 0.0, "utsu_aval": 0.0, "utsu_Minfl": 0.0, "Shape_Leng": 5.53462703762, "Shape_Area": 1.4190022426 }, "geometry": { "type": "Polygon", "coordinates": [ [ [ 22.886375334154422, 40.095075897934407 ], [ 24.049184793943141, 40.100991385643965 ], [ 24.655166520018952, 40.337830419438376 ], [ 25.169463789822089, 39.967988997993928 ], [ 23.792100000114942, 39.201000000249849 ], [ 23.428100000015036, 39.09979999997006 ], [ 23.250000000399723, 39.450000000399768 ], [ 22.886375334154422, 40.095075897934407 ] ] ] } },
{ "type": "Feature", "properties": { "ZONE_ID": "0017", "areakm2": 67077.127398800003, "tctCluster": "Shallow Default", "CSZ_ID": "SZ22", "TECTO_ID": "TSZ095", "magScaleRe": "WC1994", "SS": 25.0, "NF": 50.0, "TF": 25.0, "MINDEPTH": 0.0, "MAXDEPTH": 20.0, "HYPODEPTH1": 2.0, "HYPODEPTH2": 10.0, "HYPODEPTH3": 18.0, "WHDEPTH1": 0.1, "WHDEPTH2": 0.4, "WHDEPTH3": 0.5, "WMAXMAG01": 0.5, "WMAXMAG02": 0.4, "WMAXMAG03": 0.1, "MAXMAG01": 6.9, "MAXMAG02": 7.2, "MAXMAG03": 7.5, "STRIKE1": 73.74905, "STRIKE2": 109.974, "STRIKE3": 222.683648, "STRIKE4": 293.419125, "DIP1": 63.2464, "DIP2": 63.868422, "DIP3": 66.773338, "DIP4": 52.738125, "aspRatio": 1.0, "mfd_bin": 0.2, "a_val": 5.3599, "a_hi": 5.3661701831100004, "a_mid": 5.3602157009600004, "a_lo": 5.3542612187999996, "sigma_a": 0.01, "b_val": 1.08, "b_hi": 1.1118639364, "b_mid": 1.08, "b_lo": 1.0481360636, "sigma_b": 0.01, "cum_cov_ab": 0.054321, "MCORNERP1": 6.0, "MCORNERP2": 6.2, "MCORNERP3": 6.4, "MAXMAGP1": 6.4, "MAXMAGP2": 6.6, "utsu_bval2": 0.0, "utsu_aval": 0.0, "utsu_Minfl": 0.0, "Shape_Leng": 6.7179685255399999, "Shape_Area": 2.0945349436499998 }, "geometry": { "type": "Polygon", "coordinates": [ [ [ 25.057869553936825, 34.63296634951746 ], [ 23.779885466541089, 34.804635853861612 ], [ 23.666238420167019, 34.872346931265895 ], [ 23.670900000234894, 34.892399999860174 ], [ 23.899073706386503, 35.210337975717039 ], [ 24.290499999975054, 35.59860000018989 ], [ 25.356299999845191, 35.481499999625328 ], [ 26.401917948554512, 35.619844241518592 ], [ 26.442200000329819, 34.824999999750219 ], [ 26.439352796194612, 34.807549396487502 ], [ 25.057869553936825, 34.63296634951746 ] ] ] } },
{ "type": "Feature", "properties": { "ZONE_ID": "GRAS256", "areakm2": 31604.345077400001, "tctCluster": "Shallow Default", "CSZ_ID": "SZ22", "TECTO_ID": "TSZ025", "magScaleRe": "WC1994", "SS": 20.0, "NF": 60.0, "TF": 20.0, "MINDEPTH": 0.0, "MAXDEPTH": 20.0, "HYPODEPTH1": 2.0, "HYPODEPTH2": 10.0, "HYPODEPTH3": 18.0, "WHDEPTH1": 0.1, "WHDEPTH2": 0.4, "WHDEPTH3": 0.5, "WMAXMAG01": 0.5, "WMAXMAG02": 0.4, "WMAXMAG03": 0.1, "MAXMAG01": 7.2, "MAXMAG02": 7.5, "MAXMAG03": 7.8, "STRIKE1": 39.344388, "STRIKE2": 92.365889, "STRIKE3": 256.624167, "STRIKE4": 322.880524, "DIP1": 69.130857, "DIP2": 50.611778, "DIP3": 83.041167, "DIP4": 33.168351, "aspRatio": 1.0, "mfd_bin": 0.2, "a_val": 3.26, "a_hi": 3.2969489044600002, "a_mid": 3.2596191826099998, "a_lo": 3.2222894607599999, "sigma_a": 0.086236468261300006, "b_val": 0.85, "b_hi": 0.906999942251, "b_mid": 0.85, "b_lo": 0.79300005774899995, "sigma_b": 0.032, "cum_cov_ab": 0.054321, "MCORNERP1": 6.9, "MCORNERP2": 7.1, "MCORNERP3": 7.3, "MAXMAGP1": 7.2, "MAXMAGP2": 7.4, "utsu_bval2": 0.0, "utsu_aval": 0.0, "utsu_Minfl": 0.0, "Shape_Leng": 5.1598089703900003, "Shape_Area": 1.51988728439 }, "geometry": { "type": "Polygon", "coordinates": [ [ [ 19.062236726843537, 40.587654791235707 ], [ 20.347986357584375, 39.425082110351184 ], [ 19.676137350458418, 38.651135643395264 ], [ 18.689981818206377, 39.703601079626196 ], [ 19.062236726843537, 40.587654791235707 ] ] ] } },
{ "type": "Feature", "properties": { "ZONE_ID": "0009", "areakm2": 12385.095865400001, "tctCluster": "Shallow Default", "CSZ_ID": "SZ22", "TECTO_ID": "TSZ079", "magScaleRe": "WC1994", "SS": 35.0, "NF": 15.0, "TF": 50.0, "MINDEPTH": 0.0, "MAXDEPTH": 20.0, "HYPODEPTH1": 2.0, "HYPODEPTH2": 10.0, "HYPODEPTH3": 18.0, "WHDEPTH1": 0.1, "WHDEPTH2": 0.4, "WHDEPTH3": 0.5, "WMAXMAG01": 0.5, "WMAXMAG02": 0.4, "WMAXMAG03": 0.1, "MAXMAG01": 7.3, "MAXMAG02": 7.6, "MAXMAG03": 7.9, "STRIKE1": 0.0, "STRIKE2": 160.931141, "STRIKE3": 197.081429, "STRIKE4": 329.110867, "DIP1": 54.754014, "DIP2": 54.754014, "DIP3": 57.273286, "DIP4": 54.092433, "aspRatio": 1.0, "mfd_bin": 0.2, "a_val": 4.29, "a_hi": 4.2957061276699999, "a_mid": 4.2898321308099998, "a_lo": 4.2839581339399997, "sigma_a": 0.01, "b_val": 1.02, "b_hi": 1.0518639364, "b_mid": 1.02, "b_lo": 0.98813606360399997, "sigma_b": 0.01, "cum_cov_ab": 0.054321, "MCORNERP1": 6.6, "MCORNERP2": 6.8, "MCORNERP3": 7.0, "MAXMAGP1": 7.0, "MAXMAGP2": 7.0, "utsu_bval2": 0.0, "utsu_aval": 0.0, "utsu_Minfl": 0.0, "Shape_Leng": 2.5617886802699998, "Shape_Area": 0.38776051857100002 }, "geometry": { "type": "Polygon", "coordinates": [ [ [ 21.500000000299849, 38.499999999600334 ], [ 21.816392000190717, 37.999999999700265 ], [ 21.243764515420082, 37.510664849503257 ], [ 21.075920694684385, 38.167606554998542 ], [ 21.500000000299849, 38.499999999600334 ] ] ] } },
{ "type": "Feature", "properties": { "ZONE_ID": "GRAS259", "areakm2": 23185.099694299999, "tctCluster": "Shallow Default", "CSZ_ID": "SZ22", "TECTO_ID": "TSZ024", "magScaleRe": "WC1994", "SS": 25.0, "NF": 50.0, "TF": 25.0, "MINDEPTH": 0.0, "MAXDEPTH": 20.0, "HYPODEPTH1": 2.0, "HYPODEPTH2": 10.0, "HYPODEPTH3": 18.0, "WHDEPTH1": 0.1, "WHDEPTH2": 0.4, "WHDEPTH3": 0.5, "WMAXMAG01": 0.5, "WMAXMAG02": 0.4, "WMAXMAG03": 0.1, "MAXMAG01": 7.0, "MAXMAG02": 7.3, "MAXMAG03": 7.6, "STRIKE1": 57.718102, "STRIKE2": 0.0, "STRIKE3": 246.245158, "STRIKE4": 0.0, "DIP1": 56.013216, "DIP2": 0.0, "DIP3": 56.349592, "DIP4": 0.0, "aspRatio": 1.0, "mfd_bin": 0.2, "a_val": 5.76, "a_hi": 5.7656195936600003, "a_mid": 5.759706513, "a_lo": 5.7537934323400002, "sigma_a": 0.01, "b_val": 1.29, "b_hi": 1.3218639364, "b_mid": 1.29, "b_lo": 1.2581360636000001, "sigma_b": 0.01, "cum_cov_ab": 0.054321, "MCORNERP1": 6.8, "MCORNERP2": 7.0, "MCORNERP3": 7.2, "MAXMAGP1": 7.0, "MAXMAGP2": 7.0, "utsu_bval2": 0.0, "utsu_aval": 0.0, "utsu_Minfl": 0.0, "Shape_Leng": 7.8745444526200004, "Shape_Area": 2.0344751749299999 }, "geometry": { "type": "Polygon", "coordinates": [ [ [ 26.500000000199918, 36.300000000399734 ], [ 25.475041576107913, 35.946822286219572 ], [ 23.968596210846499, 35.889101587668165 ], [ 24.388999999850171, 36.250999999850137 ], [ 24.751199999680296, 36.710299999745246 ], [ 25.024313525448918, 36.905003103110744 ], [ 25.21420000022988, 36.782499999975073 ], [ 26.108499999975095, 36.888400000259878 ], [ 26.500000000199918, 37.103106999988086 ], [ 26.913500999671442, 37.178685999559264 ], [ 27.44256199973654, 37.022531000205561 ], [ 26.635346000417655, 36.647142000103258 ], [ 26.500000000199918, 36.300000000399734 ] ] ] } },
{ "type": "Feature", "properties": { "ZONE_ID": "GRAS262", "areakm2": 28512.935894400001, "tctCluster": "Shallow Default", "CSZ_ID": "SZ22", "TECTO_ID": "TSZ024", "magScaleRe": "WC1994", "SS": 25.0, "NF": 50.0, "TF": 25.0, "MINDEPTH": 0.0, "MAXDEPTH": 20.0, "HYPODEPTH1": 2.0, "HYPODEPTH2": 10.0, "HYPODEPTH3": 18.0, "WHDEPTH1": 0.1, "WHDEPTH2": 0.4, "WHDEPTH3": 0.5, "WMAXMAG01": 0.5, "WMAXMAG02": 0.4, "WMAXMAG03": 0.1, "MAXMAG01": 7.0, "MAXMAG02": 7.3, "MAXMAG03": 7.6, "STRIKE1": 73.230778, "STRIKE2": 93.897333, "STRIKE3": 245.273667, "STRIKE4": 282.050676, "DIP1": 57.839349, "DIP2": 57.882, "DIP3": 59.106095, "DIP4": 56.867757, "aspRatio": 1.0, "mfd_bin": 0.2, "a_val": 4.0310164069100001, "a_hi": 4.0609645995200001, "a_mid": 4.0309715092999996, "a_lo": 4.00097841908, "sigma_a": 0.063787900473099998, "b_val": 1.07725808806, "b_hi": 1.1144888494, "b_mid": 1.07725808806, "b_lo": 1.04002732672, "sigma_b": 0.0136522735483, "cum_cov_ab": 0.054321, "MCORNERP1": 6.4, "MCORNERP2": 6.6, "MCORNERP3": 6.8, "MAXMAGP1": 6.6, "MAXMAGP2": 6.8, "utsu_bval2": 0.0, "utsu_aval": 0.0, "utsu_Minfl": 0.0, "Shape_Leng": 5.5181209679899998, "Shape_Area": 1.4445159598899999 }, "geometry": { "type": "Polygon", "coordinates": [ [ [ 24.644400000159919, 37.15009999971528 ], [ 25.024313525448918, 36.905003103110744 ], [ 24.751199999680296, 36.710299999745246 ], [ 24.388999999850171, 36.250999999850137 ], [ 23.968596210846499, 35.889101587668165 ], [ 23.547636999647864, 36.508360999760384 ], [ 22.969559181710906, 37.477045715587337 ], [ 23.486754703866552, 37.299359012908155 ], [ 24.644400000159919, 37.15009999971528 ] ] ] } },
{ "type": "Feature", "properties": { "ZONE_ID": "GRAS263", "areakm2": 13176.6422047, "tctCluster": "Shallow Default", "CSZ_ID": "SZ22", "TECTO_ID": "TSZ020", "magScaleRe": "WC1994", "SS": 20.0, "NF": 60.0, "TF": 20.0, "MINDEPTH": 0.0, "MAXDEPTH": 20.0, "HYPODEPTH1": 2.0, "HYPODEPTH2": 10.0, "HYPODEPTH3": 18.0, "WHDEPTH1": 0.1, "WHDEPTH2": 0.4, "WHDEPTH3": 0.5, "WMAXMAG01": 0.5, "WMAXMAG02": 0.4, "WMAXMAG03": 0.1, "MAXMAG01": 7.3, "MAXMAG02": 7.6, "MAXMAG03": 7.9, "STRIKE1": 67.568, "STRIKE2": 116.852962, "STRIKE3": 265.121333, "STRIKE4": 281.646, "DIP1": 69.915, "DIP2": 62.721346, "DIP3": 50.506667, "DIP4": 51.64025, "aspRatio": 1.0, "mfd_bin": 0.2, "a_val": 3.55, "a_hi": 3.61708874742, "a_mid": 3.5501912332900001, "a_lo": 3.4832937191500002, "sigma_a": 0.10343062488099999, "b_val": 0.91, "b_hi": 0.957606132572, "b_mid": 0.91, "b_lo": 0.86239386742799995, "sigma_b": 0.022321683725299999, "cum_cov_ab": 0.054321, "MCORNERP1": 6.4, "MCORNERP2": 6.6, "MCORNERP3": 6.8, "MAXMAGP1": 6.8, "MAXMAGP2": 7.0, "utsu_bval2": 0.0, "utsu_aval": 0.0, "utsu_Minfl": 0.0, "Shape_Leng": 5.1543356877699997, "Shape_Area": 0.95271237912899998 }, "geometry": { "type": "Polygon", "coordinates": [ [ [ 21.747151953000298, 39.900000000399757 ], [ 22.189717384449807, 40.022142826130562 ], [ 22.398332356852848, 40.196169294377512 ], [ 22.673279706393373, 40.44806882391714 ], [ 22.886375334154422, 40.095075897934407 ], [ 23.250000000399723, 39.450000000399768 ], [ 21.762111159902133, 39.58837257633337 ], [ 21.172135555911211, 39.510597486285008 ], [ 21.322610930949736, 39.861923079086864 ], [ 21.747151953000298, 39.900000000399757 ] ] ] } },
{ "type": "Feature", "properties": { "ZONE_ID": "GRAS264", "areakm2": 26053.432753500001, "tctCluster": "Shallow Default", "CSZ_ID": "SZ22", "TECTO_ID": "TSZ095", "magScaleRe": "WC1994", "SS": 20.0, "NF": 75.0, "TF": 5.0, "MINDEPTH": 0.0, "MAXDEPTH": 20.0, "HYPODEPTH1": 2.0, "HYPODEPTH2": 10.0, "HYPODEPTH3": 18.0, "WHDEPTH1": 0.1, "WHDEPTH2": 0.4, "WHDEPTH3": 0.5, "WMAXMAG01": 0.5, "WMAXMAG02": 0.4, "WMAXMAG03": 0.1, "MAXMAG01": 6.9, "MAXMAG02": 7.2, "MAXMAG03": 7.5, "STRIKE1": 50.68201, "STRIKE2": 113.109812, "STRIKE3": 244.682748, "STRIKE4": 285.745358, "DIP1": 64.153545, "DIP2": 60.100937, "DIP3": 60.485761, "DIP4": 54.208657, "aspRatio": 1.0, "mfd_bin": 0.2, "a_val": 5.1289, "a_hi": 5.1347274351600003, "a_mid": 5.1288541438299999, "a_lo": 5.1229808524899996, "sigma_a": 0.01, "b_val": 1.193, "b_hi": 1.2248639364, "b_mid": 1.193, "b_lo": 1.1611360636000001, "sigma_b": 0.01, "cum_cov_ab": 0.054321, "MCORNERP1": 6.0, "MCORNERP2": 6.2, "MCORNERP3": 6.4, "MAXMAGP1": 6.4, "MAXMAGP2": 6.6, "utsu_bval2": 0.0, "utsu_aval": 0.0, "utsu_Minfl": 0.0, "Shape_Leng": 7.2918958244600001, "Shape_Area": 1.38661027005 }, "geometry": { "type": "Polygon", "coordinates": [ [ [ 25.475041576107913, 35.946822286219572 ], [ 26.500000000199918, 36.300000000399734 ], [ 27.463306275564207, 36.043084401424039 ], [ 26.709058000226605, 35.747821999985376 ], [ 26.401917948554512, 35.619844241518592 ], [ 25.356299999845191, 35.481499999625328 ], [ 24.290499999975054, 35.59860000018989 ], [ 23.968596210846499, 35.889101587668165 ], [ 25.475041576107913, 35.946822286219572 ] ] ] } },
{ "type": "Feature", "properties": { "ZONE_ID": "GRAS266", "areakm2": 24698.733211399998, "tctCluster": "Shallow Default", "CSZ_ID": "SZ22", "TECTO_ID": "TSZ078", "magScaleRe": "WC1994", "SS": 25.0, "NF": 50.0, "TF": 25.0, "MINDEPTH": 0.0, "MAXDEPTH": 20.0, "HYPODEPTH1": 2.0, "HYPODEPTH2": 10.0, "HYPODEPTH3": 18.0, "WHDEPTH1": 0.1, "WHDEPTH2": 0.4, "WHDEPTH3": 0.5, "WMAXMAG01": 0.5, "WMAXMAG02": 0.4, "WMAXMAG03": 0.1, "MAXMAG01": 7.0, "MAXMAG02": 7.3, "MAXMAG03": 7.6, "STRIKE1": 50.786882, "STRIKE2": 116.653104, "STRIKE3": 248.04414, "STRIKE4": 318.021659, "DIP1": 54.111706, "DIP2": 52.67326, "DIP3": 56.645442, "DIP4": 55.237734, "aspRatio": 1.0, "mfd_bin": 0.2, "a_val": 3.9, "a_hi": 3.9091700216900001, "a_mid": 3.90017509727, "a_lo": 3.89118017286, "sigma_a": 0.035554353839900001, "b_val": 0.85, "b_hi": 0.89030504569299995, "b_mid": 0.85, "b_lo": 0.809694954307, "sigma_b": 0.016, "cum_cov_ab": 0.054321, "MCORNERP1": 6.4, "MCORNERP2": 6.6, "MCORNERP3": 6.8, "MAXMAGP1": 6.8, "MAXMAGP2": 7.0, "utsu_bval2": 0.0, "utsu_aval": 0.0, "utsu_Minfl": 0.0, "Shape_Leng": 7.6044093253599998, "Shape_Area": 3.0405978078899998 }, "geometry": { "type": "Polygon", "coordinates": [ [ [ 22.298399999560388, 36.403300000394779 ], [ 21.243764515420082, 37.510664849503257 ], [ 21.816392000190717, 37.999999999700265 ], [ 22.350000000399746, 37.999999999700265 ], [ 22.969559181710906, 37.477045715587337 ], [ 23.547636999647864, 36.508360999760384 ], [ 23.968596210846499, 35.889101587668165 ], [ 23.263214688007508, 35.523044639298689 ], [ 22.298399999560388, 36.403300000394779 ] ] ] } },
{ "type": "Feature", "properties": { "ZONE_ID": "GRAS267", "areakm2": 28075.299744899999, "tctCluster": "Shallow Default", "CSZ_ID": "SZ22", "TECTO_ID": "TSZ078", "magScaleRe": "WC1994", "SS": 35.0, "NF": 15.0, "TF": 50.0, "MINDEPTH": 0.0, "MAXDEPTH": 20.0, "HYPODEPTH1": 2.0, "HYPODEPTH2": 10.0, "HYPODEPTH3": 18.0, "WHDEPTH1": 0.1, "WHDEPTH2": 0.4, "WHDEPTH3": 0.5, "WMAXMAG01": 0.5, "WMAXMAG02": 0.4, "WMAXMAG03": 0.1, "MAXMAG01": 6.9, "MAXMAG02": 7.2, "MAXMAG03": 7.5, "STRIKE1": 13.332364, "STRIKE2": 149.792115, "STRIKE3": 192.04875, "STRIKE4": 336.596786, "DIP1": 59.314545, "DIP2": 58.587049, "DIP3": 67.58325, "DIP4": 60.8245, "aspRatio": 1.0, "mfd_bin": 0.2, "a_val": 4.0900782330599998, "a_hi": 4.1076725641299996, "a_mid": 4.0899746651699997, "a_lo": 4.0722767662, "sigma_a": 0.048177487456100003, "b_val": 0.90623085462200004, "b_hi": 0.93806002039000003, "b_mid": 0.90623085462200004, "b_lo": 0.87440168885299996, "sigma_b": 0.0099781874678900005, "cum_cov_ab": 0.054321, "MCORNERP1": 6.3, "MCORNERP2": 6.5, "MCORNERP3": 6.7, "MAXMAGP1": 6.8, "MAXMAGP2": 7.0, "utsu_bval2": 0.0, "utsu_aval": 0.0, "utsu_Minfl": 0.0, "Shape_Leng": 6.68314965194, "Shape_Area": 1.4692952780299999 }, "geometry": { "type": "Polygon", "coordinates": [ [ [ 23.064492866053001, 35.230867814498083 ], [ 21.866300864593256, 36.024698774828664 ], [ 20.845818093830019, 37.163689253156576 ], [ 21.243764515420082, 37.510664849503257 ], [ 22.298399999560388, 36.403300000394779 ], [ 23.263214688007508, 35.523044639298689 ], [ 23.064492866053001, 35.230867814498083 ] ] ] } },
{ "type": "Feature", "properties": { "ZONE_ID": "0014", "areakm2": 90333.484559799996, "tctCluster": "Shallow Default", "CSZ_ID": "SZ32", "TECTO_ID": "TSZ045", "magScaleRe": "WC1994", "SS": 35.0, "NF": 15.0, "TF": 50.0, "MINDEPTH": 0.0, "MAXDEPTH": 50.0, "HYPODEPTH1": 2.0, "HYPODEPTH2": 10.0, "HYPODEPTH3": 18.0, "WHDEPTH1": 0.1, "WHDEPTH2": 0.4, "WHDEPTH3": 0.5, "WMAXMAG01": 0.5, "WMAXMAG02": 0.4, "WMAXMAG03": 0.1, "MAXMAG01": 6.9, "MAXMAG02": 7.2, "MAXMAG03": 7.5, "STRIKE1": 0.0, "STRIKE2": 0.0, "STRIKE3": 0.0, "STRIKE4": 0.0, "DIP1": 89.99, "DIP2": 0.0, "DIP3": 0.0, "DIP4": 0.0, "aspRatio": 1.0, "mfd_bin": 0.2, "a_val": 6.1094689839400003, "a_hi": 6.1191941187800003, "a_mid": 6.1093778741499998, "a_lo": 6.0995616295200001, "sigma_a": 0.0424285184082, "b_val": 1.18680541228, "b_hi": 1.2167327884900001, "b_mid": 1.18680541228, "b_lo": 1.1568780360699999, "sigma_b": 0.0088214186425899996, "cum_cov_ab": 0.054321, "MCORNERP1": 6.3, "MCORNERP2": 6.5, "MCORNERP3": 6.7, "MAXMAGP1": 6.8, "MAXMAGP2": 7.0, "utsu_bval2": 0.0, "utsu_aval": 0.0, "utsu_Minfl": 0.0, "Shape_Leng": 24.477641418699999, "Shape_Area": 13.9381133505 }, "geometry": { "type": "Polygon", "coordinates": [ [ [ 27.49783519423886, 32.629611810336826 ], [ 25.383826143261956, 32.503871494973566 ], [ 21.399999999600368, 33.229999999700283 ], [ 21.920526506293299, 34.012787200768742 ], [ 22.591410569642107, 34.727135891608157 ], [ 22.594000000199912, 34.724999999950114 ], [ 23.4252750855768, 34.18579687392662 ], [ 24.899999999800229, 33.700000000199907 ], [ 25.690987831723135, 33.604844888380967 ], [ 27.007812334271875, 33.869500792127894 ], [ 28.143896218136035, 34.566643176041794 ], [ 28.70548313803647, 34.837754103169402 ], [ 28.627551688259871, 35.232568740055342 ], [ 30.39192932617749, 35.675205297986167 ], [ 32.011496088573665, 36.05185123464679 ], [ 31.861582487641726, 35.452617442940664 ], [ 31.106412945900786, 34.750741753529155 ], [ 30.553221631673011, 34.222630093104385 ], [ 29.383939922889169, 33.525511556513152 ], [ 27.49783519423886, 32.629611810336826 ] ] ] } },
{ "type": "Feature", "properties": { "ZONE_ID": "GRAS269", "areakm2": 7864.2700449399999, "tctCluster": "Shallow Default", "CSZ_ID": "SZ22", "TECTO_ID": "TSZ034", "magScaleRe": "WC1994", "SS": 20.0, "NF": 75.0, "TF": 5.0, "MINDEPTH": 0.0, "MAXDEPTH": 20.0, "HYPODEPTH1": 2.0, "HYPODEPTH2": 10.0, "HYPODEPTH3": 18.0, "WHDEPTH1": 0.1, "WHDEPTH2": 0.4, "WHDEPTH3": 0.5, "WMAXMAG01": 0.5, "WMAXMAG02": 0.4, "WMAXMAG03": 0.1, "MAXMAG01": 7.0, "MAXMAG02": 7.3, "MAXMAG03": 7.6, "STRIKE1": 52.101163, "STRIKE2": 147.945, "STRIKE3": 0.0, "STRIKE4": 0.0, "DIP1": 68.917326, "DIP2": 63.577632, "DIP3": 0.0, "DIP4": 0.0, "aspRatio": 1.0, "mfd_bin": 0.2, "a_val": 3.9144494701700001, "a_hi": 3.9580041335599998, "a_mid": 3.9146380492200001, "a_lo": 3.87127196487, "sigma_a": 0.092028126057999995, "b_val": 0.95083843723999995, "b_hi": 0.99538046245099998, "b_mid": 0.95083843723999995, "b_lo": 0.90629641203, "sigma_b": 0.0195407426781, "cum_cov_ab": 0.054321, "MCORNERP1": 6.1, "MCORNERP2": 6.3, "MCORNERP3": 6.5, "MAXMAGP1": 6.4, "MAXMAGP2": 6.6, "utsu_bval2": 0.0, "utsu_aval": 0.0, "utsu_Minfl": 0.0, "Shape_Leng": 4.54364002238, "Shape_Area": 1.0043744301799999 }, "geometry": { "type": "Polygon", "coordinates": [ [ [ 25.471428010194586, 38.097446232457742 ], [ 24.155451245478673, 38.166447493457099 ], [ 25.478749098691992, 39.18623932858219 ], [ 26.005158945029336, 38.876739788610394 ], [ 25.471428010194586, 38.097446232457742 ] ] ] } },
{ "type": "Feature", "properties": { "ZONE_ID": "GRAS270", "areakm2": 5817.7411368200001, "tctCluster": "Shallow Default", "CSZ_ID": "SZ22", "TECTO_ID": "TSZ020", "magScaleRe": "WC1994", "SS": 20.0, "NF": 60.0, "TF": 20.0, "MINDEPTH": 0.0, "MAXDEPTH": 20.0, "HYPODEPTH1": 2.0, "HYPODEPTH2": 10.0, "HYPODEPTH3": 18.0, "WHDEPTH1": 0.1, "WHDEPTH2": 0.4, "WHDEPTH3": 0.5, "WMAXMAG01": 0.5, "WMAXMAG02": 0.4, "WMAXMAG03": 0.1, "MAXMAG01": 7.3, "MAXMAG02": 7.6, "MAXMAG03": 7.9, "STRIKE1": 53.254556, "STRIKE2": 101.62625, "STRIKE3": 228.099333, "STRIKE4": 286.981, "DIP1": 53.563968, "DIP2": 51.35975, "DIP3": 51.852293, "DIP4": 48.603615, "aspRatio": 1.0, "mfd_bin": 0.2, "a_val": 4.15, "a_hi": 4.2165244129300001, "a_mid": 4.1501620251000002, "a_lo": 4.0837996372700003, "sigma_a": 0.12601852180600001, "b_val": 1.07, "b_hi": 1.12499323675, "b_mid": 1.07, "b_lo": 1.0150067632499999, "sigma_b": 0.0297865161294, "cum_cov_ab": 0.054321, "MCORNERP1": 6.4, "MCORNERP2": 6.6, "MCORNERP3": 6.8, "MAXMAGP1": 6.6, "MAXMAGP2": 6.8, "utsu_bval2": 0.0, "utsu_aval": 0.0, "utsu_Minfl": 0.0, "Shape_Leng": 2.83626687274, "Shape_Area": 0.46947445986000003 }, "geometry": { "type": "Polygon", "coordinates": [ [ [ 22.111656647236543, 40.682448398974486 ], [ 21.909458769306809, 40.49063105457958 ], [ 21.454098485256964, 40.323096284965629 ], [ 21.148303561260377, 40.211456868040102 ], [ 21.06000000009999, 40.389999999600377 ], [ 21.077474802320296, 40.727641369653554 ], [ 21.274173000383712, 40.74991700026942 ], [ 21.533782999685741, 40.981810000231405 ], [ 21.882063330658241, 40.87370077397162 ], [ 22.111656647236543, 40.682448398974486 ] ] ] } },
{ "type": "Feature", "properties": { "ZONE_ID": "GRAS271", "areakm2": 6095.1639863099999, "tctCluster": "Shallow Default", "CSZ_ID": "SZ22", "TECTO_ID": "TSZ020", "magScaleRe": "WC1994", "SS": 40.0, "NF": 60.0, "TF": 0.0, "MINDEPTH": 0.0, "MAXDEPTH": 20.0, "HYPODEPTH1": 2.0, "HYPODEPTH2": 10.0, "HYPODEPTH3": 18.0, "WHDEPTH1": 0.1, "WHDEPTH2": 0.4, "WHDEPTH3": 0.5, "WMAXMAG01": 0.5, "WMAXMAG02": 0.4, "WMAXMAG03": 0.1, "MAXMAG01": 7.3, "MAXMAG02": 7.6, "MAXMAG03": 7.9, "STRIKE1": 61.092551, "STRIKE2": 103.421609, "STRIKE3": 257.561813, "STRIKE4": 289.296625, "DIP1": 62.870592, "DIP2": 58.350739, "DIP3": 48.136687, "DIP4": 54.211857, "aspRatio": 1.0, "mfd_bin": 0.2, "a_val": 3.2038719643200002, "a_hi": 3.2171768419500002, "a_mid": 3.2039061407, "a_lo": 3.1906354394499998, "sigma_a": 0.038338044715300001, "b_val": 0.91315620206400006, "b_hi": 0.94256796754899996, "b_mid": 0.91315620206400006, "b_lo": 0.88374443657799995, "sigma_b": 0.0085200733943300005, "cum_cov_ab": 0.054321, "MCORNERP1": 6.2, "MCORNERP2": 6.4, "MCORNERP3": 6.6, "MAXMAGP1": 6.6, "MAXMAGP2": 6.6, "utsu_bval2": 0.0, "utsu_aval": 0.0, "utsu_Minfl": 0.0, "Shape_Leng": 3.1858311068799998, "Shape_Area": 0.53341167484899998 }, "geometry": { "type": "Polygon", "coordinates": [ [ [ 22.111656647236543, 40.682448398974486 ], [ 21.882063330658241, 40.87370077397162 ], [ 21.533782999685741, 40.981810000231405 ], [ 21.782133899759742, 41.199999999600379 ], [ 22.204820951425802, 41.297838415910235 ], [ 22.63807645806213, 41.132888482217709 ], [ 22.673279706393373, 40.44806882391714 ], [ 22.371630740666205, 40.57604111270723 ], [ 22.111656647236543, 40.682448398974486 ] ] ] } },
{ "type": "Feature", "properties": { "ZONE_ID": "GRAS272", "areakm2": 17653.548176699998, "tctCluster": "Shallow Default", "CSZ_ID": "SZ22", "TECTO_ID": "TSZ079", "magScaleRe": "WC1994", "SS": 20.0, "NF": 60.0, "TF": 20.0, "MINDEPTH": 0.0, "MAXDEPTH": 20.0, "HYPODEPTH1": 2.0, "HYPODEPTH2": 10.0, "HYPODEPTH3": 18.0, "WHDEPTH1": 0.1, "WHDEPTH2": 0.4, "WHDEPTH3": 0.5, "WMAXMAG01": 0.5, "WMAXMAG02": 0.4, "WMAXMAG03": 0.1, "MAXMAG01": 7.3, "MAXMAG02": 7.6, "MAXMAG03": 7.8, "STRIKE1": 84.6065, "STRIKE2": 100.107471, "STRIKE3": 244.593526, "STRIKE4": 290.959553, "DIP1": 50.405675, "DIP2": 54.044265, "DIP3": 55.690421, "DIP4": 50.027298, "aspRatio": 1.0, "mfd_bin": 0.2, "a_val": 4.1, "a_hi": 4.1208398620700004, "a_mid": 4.0996827511199996, "a_lo": 4.0785256401799996, "sigma_a": 0.058383676901700002, "b_val": 0.97, "b_hi": 1.0139214052700001, "b_mid": 0.97, "b_lo": 0.92607859472800003, "sigma_b": 0.019, "cum_cov_ab": 0.054321, "MCORNERP1": 7.1, "MCORNERP2": 7.3, "MCORNERP3": 7.5, "MAXMAGP1": 7.4, "MAXMAGP2": 7.4, "utsu_bval2": 0.0, "utsu_aval": 0.0, "utsu_Minfl": 0.0, "Shape_Leng": 5.4214671592599997, "Shape_Area": 1.08772272845 }, "geometry": { "type": "Polygon", "coordinates": [ [ [ 21.762111159902133, 39.58837257633337 ], [ 23.250000000399723, 39.450000000399768 ], [ 23.428100000015036, 39.09979999997006 ], [ 21.893788121025885, 39.020382787358699 ], [ 21.892017589000034, 39.13290091600004 ], [ 21.784509619000062, 39.246067200000027 ], [ 21.702464064000026, 39.356404326000074 ], [ 21.611931037000033, 39.503520495000032 ], [ 21.591367581073175, 39.565863853778325 ], [ 21.762111159902133, 39.58837257633337 ] ] ] } },
{ "type": "Feature", "properties": { "ZONE_ID": "GRAS383", "areakm2": 19969.484766699999, "tctCluster": "Shallow Default", "CSZ_ID": "SZ22", "TECTO_ID": "TSZ079", "magScaleRe": "WC1994", "SS": 40.0, "NF": 60.0, "TF": 0.0, "MINDEPTH": 0.0, "MAXDEPTH": 20.0, "HYPODEPTH1": 2.0, "HYPODEPTH2": 10.0, "HYPODEPTH3": 18.0, "WHDEPTH1": 0.1, "WHDEPTH2": 0.4, "WHDEPTH3": 0.5, "WMAXMAG01": 0.5, "WMAXMAG02": 0.4, "WMAXMAG03": 0.1, "MAXMAG01": 7.3, "MAXMAG02": 7.6, "MAXMAG03": 7.9, "STRIKE1": 77.235375, "STRIKE2": 119.308, "STRIKE3": 251.883667, "STRIKE4": 287.630462, "DIP1": 51.71425, "DIP2": 54.170111, "DIP3": 59.094333, "DIP4": 52.927026, "aspRatio": 1.0, "mfd_bin": 0.2, "a_val": 3.0257331247299999, "a_hi": 3.17684646373, "a_mid": 3.02585468434, "a_lo": 2.8748629049400001, "sigma_a": 0.230843577099, "b_val": 0.82684455878200003, "b_hi": 0.89382998884599996, "b_mid": 0.82684455878200003, "b_lo": 0.75985912871799999, "sigma_b": 0.044193850986400003, "cum_cov_ab": 0.054321, "MCORNERP1": 7.2, "MCORNERP2": 7.4, "MCORNERP3": 7.6, "MAXMAGP1": 7.4, "MAXMAGP2": 7.6, "utsu_bval2": 0.0, "utsu_aval": 0.0, "utsu_Minfl": 0.0, "Shape_Leng": 3.1136370896700001, "Shape_Area": 0.42244233363200001 }, "geometry": { "type": "Polygon", "coordinates": [ [ [ 23.596665503310362, 37.932119519700109 ], [ 23.499999999900126, 37.999999999700265 ], [ 22.800000000399734, 38.499999999600334 ], [ 23.707461596275721, 38.562265478768893 ], [ 24.155451245478673, 38.166447493457099 ], [ 23.749599999840143, 38.080400000359759 ], [ 23.596665503310362, 37.932119519700109 ] ] ] } },
{ "type": "Feature", "properties": { "ZONE_ID": "ITAS296", "areakm2": 14876.122828400001, "tctCluster": "Shallow Default", "CSZ_ID": "SZ22", "TECTO_ID": "TSZ025", "magScaleRe": "WC1994", "SS": 35.0, "NF": 15.0, "TF": 50.0, "MINDEPTH": 0.0, "MAXDEPTH": 20.0, "HYPODEPTH1": 2.0, "HYPODEPTH2": 10.0, "HYPODEPTH3": 18.0, "WHDEPTH1": 0.1, "WHDEPTH2": 0.4, "WHDEPTH3": 0.5, "WMAXMAG01": 0.5, "WMAXMAG02": 0.4, "WMAXMAG03": 0.1, "MAXMAG01": 7.5, "MAXMAG02": 7.5, "MAXMAG03": 7.8, "STRIKE1": 0.0, "STRIKE2": 0.0, "STRIKE3": 0.0, "STRIKE4": 319.95943, "DIP1": 89.99, "DIP2": 0.0, "DIP3": 0.0, "DIP4": 30.375203, "aspRatio": 1.0, "mfd_bin": 0.2, "a_val": 4.18412459388, "a_hi": 4.2025962291700001, "a_mid": 4.1843826776400004, "a_lo": 4.1661691261099998, "sigma_a": 0.049198148761299999, "b_val": 0.90319077244599999, "b_hi": 0.93469528942000002, "b_mid": 0.90319077244599999, "b_lo": 0.87168625547099998, "sigma_b": 0.0097756759714900006, "cum_cov_ab": 0.054321, "MCORNERP1": 6.8, "MCORNERP2": 7.0, "MCORNERP3": 7.2, "MAXMAGP1": 7.2, "MAXMAGP2": 7.4, "utsu_bval2": 0.0, "utsu_aval": 0.0, "utsu_Minfl": 0.0, "Shape_Leng": 5.0231019615000001, "Shape_Area": 1.4007426885100001 }, "geometry": { "type": "Polygon", "coordinates": [ [ [ 20.845818093830019, 37.163689253156576 ], [ 20.25840509362024, 36.651514836640445 ], [ 19.380082591438509, 37.481274152480182 ], [ 21.075920694684385, 38.167606554998542 ], [ 21.243764515420082, 37.510664849503257 ], [ 20.845818093830019, 37.163689253156576 ] ] ] } },
{ "type": "Feature", "properties": { "ZONE_ID": "MKAS350", "areakm2": 3343.2754857499999, "tctCluster": "Shallow Default", "CSZ_ID": "SZ23", "TECTO_ID": "TSZ020", "magScaleRe": "WC1994", "SS": 20.0, "NF": 60.0, "TF": 20.0, "MINDEPTH": 0.0, "MAXDEPTH": 20.0, "HYPODEPTH1": 2.0, "HYPODEPTH2": 10.0, "HYPODEPTH3": 18.0, "WHDEPTH1": 0.1, "WHDEPTH2": 0.4, "WHDEPTH3": 0.5, "WMAXMAG01": 0.5, "WMAXMAG02": 0.4, "WMAXMAG03": 0.1, "MAXMAG01": 7.3, "MAXMAG02": 7.6, "MAXMAG03": 7.9, "STRIKE1": 62.7095, "STRIKE2": 105.088962, "STRIKE3": 0.0, "STRIKE4": 301.322477, "DIP1": 56.725083, "DIP2": 46.315846, "DIP3": 0.0, "DIP4": 54.322886, "aspRatio": 1.0, "mfd_bin": 0.2, "a_val": 3.2038719643200002, "a_hi": 3.21751880935, "a_mid": 3.20427933107, "a_lo": 3.1910398527799999, "sigma_a": 0.038338044715300001, "b_val": 0.91315620206400006, "b_hi": 0.94256796754899996, "b_mid": 0.91315620206400006, "b_lo": 0.88374443657799995, "sigma_b": 0.0085200733943300005, "cum_cov_ab": 0.054321, "MCORNERP1": 6.8, "MCORNERP2": 7.0, "MCORNERP3": 7.2, "MAXMAGP1": 7.0, "MAXMAGP2": 7.2, "utsu_bval2": 0.0, "utsu_aval": 0.0, "utsu_Minfl": 0.0, "Shape_Leng": 2.91128881256, "Shape_Area": 0.33467598943400001 }, "geometry": { "type": "Polygon", "coordinates": [ [ [ 22.879216999564903, 41.618406000436607 ], [ 23.571982552153088, 41.366510724690272 ], [ 22.99926899956472, 41.199546000247778 ], [ 22.63807645806213, 41.132888482217709 ], [ 22.204820951425802, 41.297838415910235 ], [ 22.879216999564903, 41.618406000436607 ] ] ] } },
{ "type": "Feature", "properties": { "ZONE_ID": "0007", "areakm2": 16056.9278815, "tctCluster": "Shallow Default", "CSZ_ID": "SZ23", "TECTO_ID": "TSZ101", "magScaleRe": "WC1994", "SS": 20.0, "NF": 60.0, "TF": 20.0, "MINDEPTH": 0.0, "MAXDEPTH": 14.0, "HYPODEPTH1": 2.0, "HYPODEPTH2": 8.0, "HYPODEPTH3": 10.0, "WHDEPTH1": 0.1, "WHDEPTH2": 0.4, "WHDEPTH3": 0.5, "WMAXMAG01": 0.5, "WMAXMAG02": 0.4, "WMAXMAG03": 0.1, "MAXMAG01": 7.3, "MAXMAG02": 7.6, "MAXMAG03": 7.9, "STRIKE1": 36.382905, "STRIKE2": 0.0, "STRIKE3": 221.541063, "STRIKE4": 335.178646, "DIP1": 46.907622, "DIP2": 0.0, "DIP3": 47.469919, "DIP4": 41.402949, "aspRatio": 1.0, "mfd_bin": 0.2, "a_val": 3.19, "a_hi": 3.2709155693700001, "a_mid": 3.1900027598, "a_lo": 3.10908995023, "sigma_a": 0.13812916681500001, "b_val": 0.9, "b_hi": 0.95593023472700001, "b_mid": 0.9, "b_lo": 0.84406976527300004, "sigma_b": 0.030810193859199999, "cum_cov_ab": 0.054321, "MCORNERP1": 6.4, "MCORNERP2": 6.6, "MCORNERP3": 6.8, "MAXMAGP1": 6.6, "MAXMAGP2": 6.8, "utsu_bval2": 0.0, "utsu_aval": 0.0, "utsu_Minfl": 0.0, "Shape_Leng": 6.08952215472, "Shape_Area": 1.2730746852899999 }, "geometry": { "type": "Polygon", "coordinates": [ [ [ 22.204820951425802, 41.297838415910235 ], [ 21.782133899759742, 41.199999999600379 ], [ 21.533782999685741, 40.981810000231405 ], [ 21.228961000050163, 41.622771000281489 ], [ 20.973171999788008, 41.754164999914849 ], [ 20.870000000299797, 41.660000000299817 ], [ 20.903597483936778, 41.803376828577825 ], [ 20.790570141498904, 41.804166114974294 ], [ 20.802065149087412, 41.998486474970889 ], [ 20.689809203731841, 42.16351758057192 ], [ 20.496699000258729, 42.230555000113213 ], [ 20.879800999916256, 42.351867999808405 ], [ 21.14237418621974, 42.36152571763779 ], [ 21.213102027736454, 42.269887796784474 ], [ 21.377545351736671, 42.1309527488703 ], [ 22.154924716202743, 41.871741051208573 ], [ 22.879216999564903, 41.618406000436607 ], [ 22.204820951425802, 41.297838415910235 ] ] ] } },
{ "type": "Feature", "properties": { "ZONE_ID": "MKAS353", "areakm2": 5478.9884815799996, "tctCluster": "Shallow Default", "CSZ_ID": "SZ23", "TECTO_ID": "TSZ101", "magScaleRe": "WC1994", "SS": 20.0, "NF": 60.0, "TF": 20.0, "MINDEPTH": 0.0, "MAXDEPTH": 14.0, "HYPODEPTH1": 2.0, "HYPODEPTH2": 8.0, "HYPODEPTH3": 10.0, "WHDEPTH1": 0.1, "WHDEPTH2": 0.4, "WHDEPTH3": 0.5, "WMAXMAG01": 0.5, "WMAXMAG02": 0.4, "WMAXMAG03": 0.1, "MAXMAG01": 7.3, "MAXMAG02": 7.6, "MAXMAG03": 7.9, "STRIKE1": 46.7922, "STRIKE2": 161.226446, "STRIKE3": 201.980836, "STRIKE4": 329.653729, "DIP1": 56.557743, "DIP2": 48.730877, "DIP3": 51.347356, "DIP4": 41.110181, "aspRatio": 1.0, "mfd_bin": 0.2, "a_val": 2.6, "a_hi": 2.6606718549799999, "a_mid": 2.59996297606, "a_lo": 2.5392540971500002, "sigma_a": 0.113046572119, "b_val": 0.75237907665399995, "b_hi": 0.80284093568600001, "b_mid": 0.75237907665399995, "b_lo": 0.70191721762299997, "sigma_b": 0.025080006172199999, "cum_cov_ab": 0.054321, "MCORNERP1": 6.4, "MCORNERP2": 6.6, "MCORNERP3": 6.8, "MAXMAGP1": 6.8, "MAXMAGP2": 7.0, "utsu_bval2": 0.0, "utsu_aval": 0.0, "utsu_Minfl": 0.0, "Shape_Leng": 2.6731463076600002, "Shape_Area": 0.44213812522700002 }, "geometry": { "type": "Polygon", "coordinates": [ [ [ 21.533782999685741, 40.981810000231405 ], [ 21.274173000383712, 40.74991700026942 ], [ 21.077474802320296, 40.727641369653554 ], [ 20.988089999753754, 40.929584000201487 ], [ 20.808456595795292, 41.460977972055844 ], [ 20.870000000299797, 41.660000000299817 ], [ 20.973171999788008, 41.754164999914849 ], [ 21.228961000050163, 41.622771000281489 ], [ 21.533782999685741, 40.981810000231405 ] ] ] } },
{ "type": "Feature", "properties": { "ZONE_ID": "SBAS010", "areakm2": 12708.421714, "tctCluster": "Shallow Default", "CSZ_ID": "SZ18", "TECTO_ID": "TSZ060", "magScaleRe": "WC1994", "SS": 20.0, "NF": 60.0, "TF": 20.0, "MINDEPTH": 0.0, "MAXDEPTH": 14.0, "HYPODEPTH1": 2.0, "HYPODEPTH2": 8.0, "HYPODEPTH3": 10.0, "WHDEPTH1": 0.1, "WHDEPTH2": 0.4, "WHDEPTH3": 0.5, "WMAXMAG01": 0.5, "WMAXMAG02": 0.4, "WMAXMAG03": 0.1, "MAXMAG01": 6.9, "MAXMAG02": 7.2, "MAXMAG03": 7.5, "STRIKE1": 36.382905, "STRIKE2": 0.0, "STRIKE3": 221.541063, "STRIKE4": 335.178646, "DIP1": 46.907622, "DIP2": 0.0, "DIP3": 47.469919, "DIP4": 41.402949, "aspRatio": 1.0, "mfd_bin": 0.2, "a_val": 2.71, "a_hi": 2.7160904856500001, "a_mid": 2.7102725083200001, "a_lo": 2.7044545309800001, "sigma_a": 0.01, "b_val": 0.85, "b_hi": 0.88186393639600003, "b_mid": 0.85, "b_lo": 0.81813606360400004, "sigma_b": 0.01, "cum_cov_ab": 0.054321, "MCORNERP1": 6.0, "MCORNERP2": 6.2, "MCORNERP3": 6.4, "MAXMAGP1": 6.4, "MAXMAGP2": 6.4, "utsu_bval2": 0.0, "utsu_aval": 0.0, "utsu_Minfl": 0.0, "Shape_Leng": 4.3340498633499998, "Shape_Area": 1.0255319521099999 }, "geometry": { "type": "Polygon", "coordinates": [ [ [ 20.145708975988498, 42.829106041810462 ], [ 20.303435510040799, 43.421932086596598 ], [ 20.913633323519093, 43.059437224248541 ], [ 21.738718000235565, 42.773206000056916 ], [ 21.443869740196419, 42.486784226610837 ], [ 21.14237418621974, 42.36152571763779 ], [ 20.879800999916256, 42.351867999808405 ], [ 20.496699000258729, 42.230555000113213 ], [ 20.259999999900117, 42.399999999900103 ], [ 20.235078999995892, 42.517679000185751 ], [ 20.145708975988498, 42.829106041810462 ] ] ] } },
{ "type": "Feature", "properties": { "ZONE_ID": "TRAS428", "areakm2": 30795.423878400001, "tctCluster": "Shallow Default", "CSZ_ID": "SZ41", "TECTO_ID": "TSZ003", "magScaleRe": "WC1994", "SS": 25.0, "NF": 50.0, "TF": 25.0, "MINDEPTH": 0.0, "MAXDEPTH": 20.0, "HYPODEPTH1": 2.0, "HYPODEPTH2": 10.0, "HYPODEPTH3": 18.0, "WHDEPTH1": 0.1, "WHDEPTH2": 0.4, "WHDEPTH3": 0.5, "WMAXMAG01": 0.5, "WMAXMAG02": 0.4, "WMAXMAG03": 0.1, "MAXMAG01": 7.6, "MAXMAG02": 7.9, "MAXMAG03": 8.2, "STRIKE1": 65.3675, "STRIKE2": 104.610411, "STRIKE3": 253.542529, "STRIKE4": 288.026209, "DIP1": 57.402604, "DIP2": 56.564422, "DIP3": 54.182569, "DIP4": 41.811018, "aspRatio": 1.0, "mfd_bin": 0.2, "a_val": 3.8, "a_hi": 3.87835554776, "a_mid": 3.7999363742800001, "a_lo": 3.7215172008000001, "sigma_a": 0.115221986786, "b_val": 1.0, "b_hi": 1.0489450229599999, "b_mid": 1.0, "b_lo": 0.95105497704399999, "sigma_b": 0.023594904292, "cum_cov_ab": 0.054321, "MCORNERP1": 7.2, "MCORNERP2": 7.4, "MCORNERP3": 7.6, "MAXMAGP1": 7.2, "MAXMAGP2": 7.4, "utsu_bval2": 0.0, "utsu_aval": 0.0, "utsu_Minfl": 0.0, "Shape_Leng": 8.5899103291200003, "Shape_Area": 2.3633313514399998 }, "geometry": { "type": "Polygon", "coordinates": [ [ [ 29.850674000304934, 40.850858000296512 ], [ 29.011181000003205, 41.014220000152932 ], [ 28.310535000390018, 41.035392999887108 ], [ 28.160325980259813, 41.47928257513081 ], [ 28.268093839159405, 42.001412059518998 ], [ 28.627947427731669, 41.909298146392416 ], [ 29.037052612088416, 41.684779550336032 ], [ 29.67395793141344, 41.60171717690622 ], [ 30.089292162956802, 41.600528157510986 ], [ 30.110743550992545, 40.850896840262102 ], [ 29.850674000304934, 40.850858000296512 ] ] ] } },
{ "type": "Feature", "properties": { "ZONE_ID": "TRAS430", "areakm2": 31324.1758983, "tctCluster": "Shallow Default", "CSZ_ID": "SZ41", "TECTO_ID": "TSZ092", "magScaleRe": "WC1994", "SS": 50.0, "NF": 35.0, "TF": 15.0, "MINDEPTH": 0.0, "MAXDEPTH": 20.0, "HYPODEPTH1": 2.0, "HYPODEPTH2": 10.0, "HYPODEPTH3": 18.0, "WHDEPTH1": 0.1, "WHDEPTH2": 0.4, "WHDEPTH3": 0.5, "WMAXMAG01": 0.5, "WMAXMAG02": 0.4, "WMAXMAG03": 0.1, "MAXMAG01": 7.9, "MAXMAG02": 8.2, "MAXMAG03": 8.5, "STRIKE1": 71.869126, "STRIKE2": 113.238061, "STRIKE3": 258.789418, "STRIKE4": 282.887611, "DIP1": 62.746749, "DIP2": 61.219439, "DIP3": 75.938068, "DIP4": 78.398556, "aspRatio": 1.0, "mfd_bin": 0.2, "a_val": 4.2, "a_hi": 4.2238831709699998, "a_mid": 4.2000257790899997, "a_lo": 4.1761683872099997, "sigma_a": 0.0567265077198, "b_val": 0.87039537378999998, "b_hi": 0.90332241818000003, "b_mid": 0.87039537378999998, "b_lo": 0.83746832939899996, "sigma_b": 0.0106784113184, "cum_cov_ab": 0.054321, "MCORNERP1": 7.2, "MCORNERP2": 7.4, "MCORNERP3": 7.6, "MAXMAGP1": 7.6, "MAXMAGP2": 7.8, "utsu_bval2": 0.0, "utsu_aval": 0.0, "utsu_Minfl": 0.0, "Shape_Leng": 15.1385989672, "Shape_Area": 2.7663689840800001 }, "geometry": { "type": "Polygon", "coordinates": [ [ [ 28.976300000344793, 40.576800000219862 ], [ 28.714510000336304, 40.508302999883597 ], [ 28.186330069677012, 40.659500593477674 ], [ 27.066752857058759, 40.513532248214744 ], [ 26.22889455264152, 40.242031125036419 ], [ 25.169463789822089, 39.967988997993928 ], [ 24.655166520018952, 40.337830419438376 ], [ 25.384526762799908, 40.622890130075518 ], [ 26.026078999646188, 40.602774000120064 ], [ 27.202434000428809, 40.90238000023686 ], [ 28.310535000390018, 41.035392999887108 ], [ 29.011181000003205, 41.014220000152932 ], [ 29.850674000304934, 40.850858000296512 ], [ 30.110743550992545, 40.850896840262102 ], [ 30.12209682199849, 40.563390605039828 ], [ 29.911959164483903, 40.565884664145983 ], [ 28.976300000344793, 40.576800000219862 ] ] ] } },
{ "type": "Feature", "properties": { "ZONE_ID": "TRAS454", "areakm2": 29795.694043899999, "tctCluster": "Shallow Default", "CSZ_ID": "SZ41", "TECTO_ID": "TSZ102", "magScaleRe": "WC1994", "SS": 50.0, "NF": 40.0, "TF": 10.0, "MINDEPTH": 0.0, "MAXDEPTH": 20.0, "HYPODEPTH1": 2.0, "HYPODEPTH2": 10.0, "HYPODEPTH3": 18.0, "WHDEPTH1": 0.1, "WHDEPTH2": 0.4, "WHDEPTH3": 0.5, "WMAXMAG01": 0.5, "WMAXMAG02": 0.4, "WMAXMAG03": 0.1, "MAXMAG01": 7.3, "MAXMAG02": 7.6, "MAXMAG03": 7.9, "STRIKE1": 84.712585, "STRIKE2": 97.060473, "STRIKE3": 261.115432, "STRIKE4": 302.003022, "DIP1": 49.717098, "DIP2": 48.716291, "DIP3": 51.863, "DIP4": 51.574022, "aspRatio": 1.0, "mfd_bin": 0.2, "a_val": 2.5, "a_hi": 2.56992287458, "a_mid": 2.50004197688, "a_lo": 2.4301610791799999, "sigma_a": 0.061423452801700001, "b_val": 0.8, "b_hi": 0.87897080033499997, "b_mid": 0.8, "b_lo": 0.72102919966500001, "sigma_b": 0.061423452801700001, "cum_cov_ab": 0.054321, "MCORNERP1": 7.1, "MCORNERP2": 7.3, "MCORNERP3": 7.5, "MAXMAGP1": 7.2, "MAXMAGP2": 7.4, "utsu_bval2": 0.0, "utsu_aval": 0.0, "utsu_Minfl": 0.0, "Shape_Leng": 7.3293916665200003, "Shape_Area": 2.1856889751700002 }, "geometry": { "type": "Polygon", "coordinates": [ [ [ 28.160325980259813, 41.47928257513081 ], [ 28.310535000390018, 41.035392999887108 ], [ 27.202434000428809, 40.90238000023686 ], [ 26.026078999646188, 40.602774000120064 ], [ 26.305710564291132, 40.953545111417839 ], [ 26.146363566125729, 41.249474322382127 ], [ 26.102600000389771, 41.523399999810181 ], [ 26.740063735752869, 41.580518326159904 ], [ 26.529133194341512, 42.093000979012004 ], [ 28.268093839159405, 42.001412059518998 ], [ 28.160325980259813, 41.47928257513081 ] ] ] } },
{ "type": "Feature", "properties": { "ZONE_ID": "TRAS463", "areakm2": 12309.7360857, "tctCluster": "Shallow Default", "CSZ_ID": "SZ41", "TECTO_ID": "TSZ092", "magScaleRe": "WC1994", "SS": 50.0, "NF": 40.0, "TF": 10.0, "MINDEPTH": 0.0, "MAXDEPTH": 20.0, "HYPODEPTH1": 2.0, "HYPODEPTH2": 10.0, "HYPODEPTH3": 18.0, "WHDEPTH1": 0.1, "WHDEPTH2": 0.4, "WHDEPTH3": 0.5, "WMAXMAG01": 0.5, "WMAXMAG02": 0.4, "WMAXMAG03": 0.1, "MAXMAG01": 7.9, "MAXMAG02": 8.2, "MAXMAG03": 8.5, "STRIKE1": 0.0, "STRIKE2": 119.411222, "STRIKE3": 249.116, "STRIKE4": 0.0, "DIP1": 83.490778, "DIP2": 83.490778, "DIP3": 60.079667, "DIP4": 0.0, "aspRatio": 1.0, "mfd_bin": 0.2, "a_val": 3.57, "a_hi": 3.6341439928599999, "a_mid": 3.5702418783800001, "a_lo": 3.5063397638999998, "sigma_a": 0.109378665629, "b_val": 0.90023400920300001, "b_hi": 0.94789582410200002, "b_mid": 0.90023400920300001, "b_lo": 0.852572194304, "sigma_b": 0.022373931203400001, "cum_cov_ab": 0.054321, "MCORNERP1": 7.6, "MCORNERP2": 7.8, "MCORNERP3": 8.0, "MAXMAGP1": 7.6, "MAXMAGP2": 7.8, "utsu_bval2": 0.0, "utsu_aval": 0.0, "utsu_Minfl": 0.0, "Shape_Leng": 7.4844908414700004, "Shape_Area": 1.06628064854 }, "geometry": { "type": "Polygon", "coordinates": [ [ [ 26.30132699974132, 39.837771999578194 ], [ 26.060929999719747, 39.658695999920496 ], [ 25.514869981064805, 39.666514855076571 ], [ 25.169463789822089, 39.967988997993928 ], [ 26.22889455264152, 40.242031125036419 ], [ 27.066752857058759, 40.513532248214744 ], [ 28.186330069677012, 40.659500593477674 ], [ 28.714510000336304, 40.508302999883597 ], [ 28.06602859414437, 40.46627808086879 ], [ 27.485826000169823, 40.316483999836748 ], [ 26.30132699974132, 39.837771999578194 ] ] ] } },
{ "type": "Feature", "properties": { "ZONE_ID": "TRAS465", "areakm2": 11411.721716, "tctCluster": "Shallow Default", "CSZ_ID": "SZ21", "TECTO_ID": "TSZ080", "magScaleRe": "WC1994", "SS": 30.0, "NF": 55.0, "TF": 15.0, "MINDEPTH": 0.0, "MAXDEPTH": 20.0, "HYPODEPTH1": 2.0, "HYPODEPTH2": 10.0, "HYPODEPTH3": 18.0, "WHDEPTH1": 0.1, "WHDEPTH2": 0.4, "WHDEPTH3": 0.5, "WMAXMAG01": 0.5, "WMAXMAG02": 0.4, "WMAXMAG03": 0.1, "MAXMAG01": 7.3, "MAXMAG02": 7.6, "MAXMAG03": 7.9, "STRIKE1": 35.874059, "STRIKE2": 143.687792, "STRIKE3": 230.027901, "STRIKE4": 311.194851, "DIP1": 52.352912, "DIP2": 51.319283, "DIP3": 51.205031, "DIP4": 55.355478, "aspRatio": 1.0, "mfd_bin": 0.2, "a_val": 3.92, "a_hi": 3.9488044061599998, "a_mid": 3.92002606963, "a_lo": 3.8912477331100002, "sigma_a": 0.064932801091799996, "b_val": 0.96519383608499998, "b_hi": 1.0027564362100001, "b_mid": 0.96519383608499998, "b_lo": 0.92763123595899999, "sigma_b": 0.013896724281699999, "cum_cov_ab": 0.054321, "MCORNERP1": 7.2, "MCORNERP2": 7.4, "MCORNERP3": 7.6, "MAXMAGP1": 7.4, "MAXMAGP2": 7.4, "utsu_bval2": 0.0, "utsu_aval": 0.0, "utsu_Minfl": 0.0, "Shape_Leng": 5.7764026718999997, "Shape_Area": 0.92089210687800005 }, "geometry": { "type": "Polygon", "coordinates": [ [ [ 28.479307999764444, 36.282706999728305 ], [ 28.464764688839352, 36.719085099997415 ], [ 29.022572000097796, 37.176036999707833 ], [ 29.577131999742051, 37.630819999943071 ], [ 30.110453000205837, 37.850716999789768 ], [ 30.277836000231275, 37.952451000413419 ], [ 30.278129000253216, 37.965261000294959 ], [ 30.474924000442343, 37.881504000409336 ], [ 30.581377000148507, 37.479000999996231 ], [ 29.868923000096402, 37.36172000007798 ], [ 29.518932000311622, 37.151156999895704 ], [ 29.025932000361593, 36.712928999573705 ], [ 28.479307999764444, 36.282706999728305 ] ] ] } },
{ "type": "Feature", "properties": { "ZONE_ID": "TRAS466", "areakm2": 23209.526529700001, "tctCluster": "Shallow Default", "CSZ_ID": "SZ41", "TECTO_ID": "TSZ092", "magScaleRe": "WC1994", "SS": 60.0, "NF": 25.0, "TF": 15.0, "MINDEPTH": 0.0, "MAXDEPTH": 20.0, "HYPODEPTH1": 2.0, "HYPODEPTH2": 10.0, "HYPODEPTH3": 18.0, "WHDEPTH1": 0.1, "WHDEPTH2": 0.4, "WHDEPTH3": 0.5, "WMAXMAG01": 0.5, "WMAXMAG02": 0.4, "WMAXMAG03": 0.1, "MAXMAG01": 7.9, "MAXMAG02": 8.2, "MAXMAG03": 8.5, "STRIKE1": 65.667436, "STRIKE2": 100.3537, "STRIKE3": 247.266829, "STRIKE4": 277.671538, "DIP1": 78.738084, "DIP2": 75.924986, "DIP3": 80.04585, "DIP4": 52.032474, "aspRatio": 1.0, "mfd_bin": 0.2, "a_val": 3.6, "a_hi": 3.6290824325800002, "a_mid": 3.5995461942200002, "a_lo": 3.5700099558599998, "sigma_a": 0.0638492526585, "b_val": 0.85, "b_hi": 0.88702501606200002, "b_mid": 0.85, "b_lo": 0.81297498393800005, "sigma_b": 0.013501799615000001, "cum_cov_ab": 0.054321, "MCORNERP1": 7.2, "MCORNERP2": 7.4, "MCORNERP3": 7.6, "MAXMAGP1": 7.4, "MAXMAGP2": 7.6, "utsu_bval2": 0.0, "utsu_aval": 0.0, "utsu_Minfl": 0.0, "Shape_Leng": 10.9397808481, "Shape_Area": 1.8729399727 }, "geometry": { "type": "Polygon", "coordinates": [ [ [ 28.976300000344793, 40.576800000219862 ], [ 29.911959164483903, 40.565884664145983 ], [ 30.12209682199849, 40.563390605039828 ], [ 30.132543466319369, 40.344356472692503 ], [ 29.664970999911759, 40.314596000005452 ], [ 29.573586999940119, 40.122883000350214 ], [ 27.870142000053306, 39.975740000200915 ], [ 27.196741999643621, 39.639705000085712 ], [ 26.248901367304313, 39.541362762881249 ], [ 26.105871000146578, 39.600975000096241 ], [ 26.060929999719747, 39.658695999920496 ], [ 26.30132699974132, 39.837771999578194 ], [ 27.485826000169823, 40.316483999836748 ], [ 28.06602859414437, 40.46627808086879 ], [ 28.714510000336304, 40.508302999883597 ], [ 28.976300000344793, 40.576800000219862 ] ] ] } },
{ "type": "Feature", "properties": { "ZONE_ID": "TRAS467", "areakm2": 9925.5144699299999, "tctCluster": "Shallow Default", "CSZ_ID": "SZ21", "TECTO_ID": "TSZ080", "magScaleRe": "WC1994", "SS": 75.0, "NF": 25.0, "TF": 0.0, "MINDEPTH": 0.0, "MAXDEPTH": 20.0, "HYPODEPTH1": 2.0, "HYPODEPTH2": 10.0, "HYPODEPTH3": 18.0, "WHDEPTH1": 0.1, "WHDEPTH2": 0.4, "WHDEPTH3": 0.5, "WMAXMAG01": 0.5, "WMAXMAG02": 0.4, "WMAXMAG03": 0.1, "MAXMAG01": 7.3, "MAXMAG02": 7.6, "MAXMAG03": 7.9, "STRIKE1": 40.994543, "STRIKE2": 141.937833, "STRIKE3": 207.262551, "STRIKE4": 315.019411, "DIP1": 72.909252, "DIP2": 66.6765, "DIP3": 68.719737, "DIP4": 75.819232, "aspRatio": 1.0, "mfd_bin": 0.2, "a_val": 3.7, "a_hi": 3.7449848168200002, "a_mid": 3.699546751, "a_lo": 3.6541086851800002, "sigma_a": 0.086972695295299995, "b_val": 0.94, "b_hi": 0.98349497349799997, "b_mid": 0.94, "b_lo": 0.89650502650200004, "sigma_b": 0.018632850013999998, "cum_cov_ab": 0.054321, "MCORNERP1": 6.7, "MCORNERP2": 6.9, "MCORNERP3": 7.1, "MAXMAGP1": 7.0, "MAXMAGP2": 7.2, "utsu_bval2": 0.0, "utsu_aval": 0.0, "utsu_Minfl": 0.0, "Shape_Leng": 5.4221439675400003, "Shape_Area": 0.80095958867200001 }, "geometry": { "type": "Polygon", "coordinates": [ [ [ 27.870142000053306, 39.975740000200915 ], [ 29.538550000282328, 39.720239999776197 ], [ 29.235099201467051, 39.409294259122817 ], [ 29.065084293205643, 39.438626865337596 ], [ 28.207767999793418, 39.494066000045905 ], [ 27.784637999644019, 39.529688999747577 ], [ 26.957495999640742, 39.528520999844318 ], [ 27.196741999643621, 39.639705000085712 ], [ 27.870142000053306, 39.975740000200915 ] ] ] } },
{ "type": "Feature", "properties": { "ZONE_ID": "TRAS468", "areakm2": 11834.934362600001, "tctCluster": "Shallow Default", "CSZ_ID": "SZ21", "TECTO_ID": "TSZ080", "magScaleRe": "WC1994", "SS": 20.0, "NF": 75.0, "TF": 5.0, "MINDEPTH": 0.0, "MAXDEPTH": 20.0, "HYPODEPTH1": 2.0, "HYPODEPTH2": 10.0, "HYPODEPTH3": 18.0, "WHDEPTH1": 0.1, "WHDEPTH2": 0.4, "WHDEPTH3": 0.5, "WMAXMAG01": 0.5, "WMAXMAG02": 0.4, "WMAXMAG03": 0.1, "MAXMAG01": 7.3, "MAXMAG02": 7.6, "MAXMAG03": 7.9, "STRIKE1": 67.19447, "STRIKE2": 118.984, "STRIKE3": 249.815114, "STRIKE4": 302.62658, "DIP1": 65.431217, "DIP2": 70.0276, "DIP3": 61.9065, "DIP4": 78.894116, "aspRatio": 1.0, "mfd_bin": 0.2, "a_val": 4.09, "a_hi": 4.1406093309400003, "a_mid": 4.0898434145199998, "a_lo": 4.0390774981000002, "sigma_a": 0.112737565079, "b_val": 1.02, "b_hi": 1.0714393476099999, "b_mid": 1.02, "b_lo": 0.96856065239, "sigma_b": 0.026061058483199999, "cum_cov_ab": 0.054321, "MCORNERP1": 5.8, "MCORNERP2": 6.0, "MCORNERP3": 6.2, "MAXMAGP1": 6.2, "MAXMAGP2": 6.4, "utsu_bval2": 0.0, "utsu_aval": 0.0, "utsu_Minfl": 0.0, "Shape_Leng": 6.6905973904399998, "Shape_Area": 1.35286399155 }, "geometry": { "type": "Polygon", "coordinates": [ [ [ 29.022572000097796, 37.176036999707833 ], [ 27.44256199973654, 37.022531000205561 ], [ 26.913500999671442, 37.178685999559264 ], [ 26.500000000199918, 37.103106999988086 ], [ 26.570684999812954, 37.47473400017401 ], [ 27.785827999662501, 37.666773999620432 ], [ 28.291001999842479, 37.5922690001143 ], [ 29.465617999571066, 37.668584000351359 ], [ 29.577131999742051, 37.630819999943071 ], [ 29.022572000097796, 37.176036999707833 ] ] ] } },
{ "type": "Feature", "properties": { "ZONE_ID": "TRAS472", "areakm2": 10783.822846200001, "tctCluster": "Shallow Default", "CSZ_ID": "SZ22", "TECTO_ID": "TSZ080", "magScaleRe": "WC1994", "SS": 65.0, "NF": 20.0, "TF": 15.0, "MINDEPTH": 0.0, "MAXDEPTH": 20.0, "HYPODEPTH1": 2.0, "HYPODEPTH2": 10.0, "HYPODEPTH3": 18.0, "WHDEPTH1": 0.1, "WHDEPTH2": 0.4, "WHDEPTH3": 0.5, "WMAXMAG01": 0.5, "WMAXMAG02": 0.4, "WMAXMAG03": 0.1, "MAXMAG01": 7.6, "MAXMAG02": 7.9, "MAXMAG03": 8.2, "STRIKE1": 44.983663, "STRIKE2": 119.797828, "STRIKE3": 233.96938, "STRIKE4": 327.390292, "DIP1": 72.907782, "DIP2": 55.181354, "DIP3": 69.524463, "DIP4": 60.760208, "aspRatio": 1.0, "mfd_bin": 0.2, "a_val": 2.97, "a_hi": 3.0087676548400002, "a_mid": 2.9699069933, "a_lo": 2.9310463317500002, "sigma_a": 0.070754254656499996, "b_val": 0.76, "b_hi": 0.79743367458199998, "b_mid": 0.76, "b_lo": 0.72256632541800003, "sigma_b": 0.0138014929603, "cum_cov_ab": 0.054321, "MCORNERP1": 6.9, "MCORNERP2": 7.1, "MCORNERP3": 7.3, "MAXMAGP1": 7.2, "MAXMAGP2": 7.4, "utsu_bval2": 0.0, "utsu_aval": 0.0, "utsu_Minfl": 0.0, "Shape_Leng": 3.3089084709500001, "Shape_Area": 0.580343071534 }, "geometry": { "type": "Polygon", "coordinates": [ [ [ 25.471428010194586, 38.097446232457742 ], [ 26.005158945029336, 38.876739788610394 ], [ 26.249203211259271, 39.064124874663264 ], [ 26.527899999885165, 38.606 ], [ 26.501400000010051, 38.122199999830173 ], [ 26.146696128223766, 38.164992795081503 ], [ 25.471428010194586, 38.097446232457742 ] ] ] } },
{ "type": "Feature", "properties": { "ZONE_ID": "TRAS476", "areakm2": 30261.286141100001, "tctCluster": "Shallow Default", "CSZ_ID": "SZ21", "TECTO_ID": "TSZ080", "magScaleRe": "WC1994", "SS": 30.0, "NF": 55.0, "TF": 15.0, "MINDEPTH": 0.0, "MAXDEPTH": 20.0, "HYPODEPTH1": 2.0, "HYPODEPTH2": 10.0, "HYPODEPTH3": 18.0, "WHDEPTH1": 0.1, "WHDEPTH2": 0.4, "WHDEPTH3": 0.5, "WMAXMAG01": 0.5, "WMAXMAG02": 0.4, "WMAXMAG03": 0.1, "MAXMAG01": 7.3, "MAXMAG02": 7.6, "MAXMAG03": 7.9, "STRIKE1": 35.874059, "STRIKE2": 143.687792, "STRIKE3": 230.027901, "STRIKE4": 311.194851, "DIP1": 52.352912, "DIP2": 51.319283, "DIP3": 51.205031, "DIP4": 55.355478, "aspRatio": 1.0, "mfd_bin": 0.2, "a_val": 4.4608902848199996, "a_hi": 4.4823040516599999, "a_mid": 4.4608688044100004, "a_lo": 4.4394335571600001, "sigma_a": 0.055694113759900001, "b_val": 1.02965196011, "b_hi": 1.0648674489100001, "b_mid": 1.02965196011, "b_lo": 0.99443647129699997, "sigma_b": 0.0122143001778, "cum_cov_ab": 0.054321, "MCORNERP1": 6.6, "MCORNERP2": 6.8, "MCORNERP3": 7.0, "MAXMAGP1": 7.0, "MAXMAGP2": 7.0, "utsu_bval2": 0.0, "utsu_aval": 0.0, "utsu_Minfl": 0.0, "Shape_Leng": 6.4090376498800001, "Shape_Area": 2.4419960647900001 }, "geometry": { "type": "Polygon", "coordinates": [ [ [ 30.39192932617749, 35.675205297986167 ], [ 28.627551688259871, 35.232568740055342 ], [ 28.544366420673839, 35.821841938454725 ], [ 28.479307999764444, 36.282706999728305 ], [ 29.025932000361593, 36.712928999573705 ], [ 29.518932000311622, 37.151156999895704 ], [ 29.868923000096402, 37.36172000007798 ], [ 30.39192932617749, 35.675205297986167 ] ] ] } },
{ "type": "Feature", "properties": { "ZONE_ID": "TRAS477", "areakm2": 7984.7253433200003, "tctCluster": "Shallow Default", "CSZ_ID": "SZ22", "TECTO_ID": "TSZ034", "magScaleRe": "WC1994", "SS": 50.0, "NF": 40.0, "TF": 10.0, "MINDEPTH": 0.0, "MAXDEPTH": 20.0, "HYPODEPTH1": 2.0, "HYPODEPTH2": 10.0, "HYPODEPTH3": 18.0, "WHDEPTH1": 0.1, "WHDEPTH2": 0.4, "WHDEPTH3": 0.5, "WMAXMAG01": 0.5, "WMAXMAG02": 0.4, "WMAXMAG03": 0.1, "MAXMAG01": 7.6, "MAXMAG02": 7.9, "MAXMAG03": 8.2, "STRIKE1": 66.2715, "STRIKE2": 127.218923, "STRIKE3": 214.011727, "STRIKE4": 325.163267, "DIP1": 64.191821, "DIP2": 58.804769, "DIP3": 75.855242, "DIP4": 80.260867, "aspRatio": 1.0, "mfd_bin": 0.2, "a_val": 3.45, "a_hi": 3.5081857484, "a_mid": 3.45001162929, "a_lo": 3.3918375101799998, "sigma_a": 0.098428452102099995, "b_val": 0.848376464562, "b_hi": 0.89329925461100002, "b_mid": 0.848376464562, "b_lo": 0.803453674512, "sigma_b": 0.019876256374599999, "cum_cov_ab": 0.054321, "MCORNERP1": 7.0, "MCORNERP2": 7.2, "MCORNERP3": 7.4, "MAXMAGP1": 7.4, "MAXMAGP2": 7.4, "utsu_bval2": 0.0, "utsu_aval": 0.0, "utsu_Minfl": 0.0, "Shape_Leng": 4.2380320579, "Shape_Area": 0.68485922422000001 }, "geometry": { "type": "Polygon", "coordinates": [ [ [ 26.248901367304313, 39.541362762881249 ], [ 27.196741999643621, 39.639705000085712 ], [ 26.957495999640742, 39.528520999844318 ], [ 26.584892000265654, 39.292990000288341 ], [ 26.249203211259271, 39.064124874663264 ], [ 26.005158945029336, 38.876739788610394 ], [ 25.478749098691992, 39.18623932858219 ], [ 25.514869981064805, 39.666514855076571 ], [ 26.060929999719747, 39.658695999920496 ], [ 26.105871000146578, 39.600975000096241 ], [ 26.248901367304313, 39.541362762881249 ] ] ] } },
{ "type": "Feature", "properties": { "ZONE_ID": "TRAS478", "areakm2": 6929.3697579199998, "tctCluster": "Shallow Default", "CSZ_ID": "SZ21", "TECTO_ID": "TSZ080", "magScaleRe": "WC1994", "SS": 25.0, "NF": 50.0, "TF": 25.0, "MINDEPTH": 0.0, "MAXDEPTH": 20.0, "HYPODEPTH1": 2.0, "HYPODEPTH2": 10.0, "HYPODEPTH3": 18.0, "WHDEPTH1": 0.1, "WHDEPTH2": 0.4, "WHDEPTH3": 0.5, "WMAXMAG01": 0.5, "WMAXMAG02": 0.4, "WMAXMAG03": 0.1, "MAXMAG01": 7.3, "MAXMAG02": 7.6, "MAXMAG03": 7.9, "STRIKE1": 57.718102, "STRIKE2": 0.0, "STRIKE3": 246.245158, "STRIKE4": 0.0, "DIP1": 56.013216, "DIP2": 0.0, "DIP3": 56.349592, "DIP4": 0.0, "aspRatio": 1.0, "mfd_bin": 0.2, "a_val": 4.68, "a_hi": 4.7060593898800001, "a_mid": 4.68004163184, "a_lo": 4.6540238738099999, "sigma_a": 0.064688853895499998, "b_val": 1.05807048271, "b_hi": 1.0952838975800001, "b_mid": 1.05807048271, "b_lo": 1.02085706783, "sigma_b": 0.0136395548455, "cum_cov_ab": 0.054321, "MCORNERP1": 7.1, "MCORNERP2": 7.3, "MCORNERP3": 7.5, "MAXMAGP1": 7.4, "MAXMAGP2": 7.4, "utsu_bval2": 0.0, "utsu_aval": 0.0, "utsu_Minfl": 0.0, "Shape_Leng": 5.5825994278, "Shape_Area": 0.90499905862800001 }, "geometry": { "type": "Polygon", "coordinates": [ [ [ 29.022572000097796, 37.176036999707833 ], [ 28.464764688839352, 36.719085099997415 ], [ 26.933332999618301, 36.43333300041769 ], [ 26.500000000199918, 36.300000000399734 ], [ 26.635346000417655, 36.647142000103258 ], [ 27.44256199973654, 37.022531000205561 ], [ 29.022572000097796, 37.176036999707833 ] ] ] } },
{ "type": "Feature", "properties": { "ZONE_ID": "TRAS479", "areakm2": 22522.290015, "tctCluster": "Shallow Default", "CSZ_ID": "SZ22", "TECTO_ID": "TSZ095", "magScaleRe": "WC1994", "SS": 20.0, "NF": 75.0, "TF": 5.0, "MINDEPTH": 0.0, "MAXDEPTH": 20.0, "HYPODEPTH1": 2.0, "HYPODEPTH2": 10.0, "HYPODEPTH3": 18.0, "WHDEPTH1": 0.1, "WHDEPTH2": 0.4, "WHDEPTH3": 0.5, "WMAXMAG01": 0.5, "WMAXMAG02": 0.4, "WMAXMAG03": 0.1, "MAXMAG01": 6.9, "MAXMAG02": 7.2, "MAXMAG03": 7.5, "STRIKE1": 50.68201, "STRIKE2": 113.109812, "STRIKE3": 244.682748, "STRIKE4": 285.745358, "DIP1": 64.153545, "DIP2": 60.100937, "DIP3": 60.485761, "DIP4": 54.208657, "aspRatio": 1.0, "mfd_bin": 0.2, "a_val": 4.8178663964600004, "a_hi": 4.8500028683399998, "a_mid": 4.8180715426400003, "a_lo": 4.7861402169399998, "sigma_a": 0.080117896944600003, "b_val": 1.09391496511, "b_hi": 1.1350179300200001, "b_mid": 1.09391496511, "b_lo": 1.0528120002100001, "sigma_b": 0.016639774917599999, "cum_cov_ab": 0.054321, "MCORNERP1": 6.6, "MCORNERP2": 6.8, "MCORNERP3": 7.0, "MAXMAGP1": 7.0, "MAXMAGP2": 7.0, "utsu_bval2": 0.0, "utsu_aval": 0.0, "utsu_Minfl": 0.0, "Shape_Leng": 5.2183357857899999, "Shape_Area": 1.14819546051 }, "geometry": { "type": "Polygon", "coordinates": [ [ [ 28.479307999764444, 36.282706999728305 ], [ 28.544366420673839, 35.821841938454725 ], [ 28.084725927559532, 35.567301629766462 ], [ 27.463306275564207, 36.043084401424039 ], [ 26.500000000199918, 36.300000000399734 ], [ 26.933332999618301, 36.43333300041769 ], [ 28.464764688839352, 36.719085099997415 ], [ 28.479307999764444, 36.282706999728305 ] ] ] } },
{ "type": "Feature", "properties": { "ZONE_ID": "TRAS485", "areakm2": 11647.177868299999, "tctCluster": "Shallow Default", "CSZ_ID": "SZ22", "TECTO_ID": "TSZ080", "magScaleRe": "WC1994", "SS": 50.0, "NF": 30.0, "TF": 20.0, "MINDEPTH": 0.0, "MAXDEPTH": 20.0, "HYPODEPTH1": 2.0, "HYPODEPTH2": 10.0, "HYPODEPTH3": 18.0, "WHDEPTH1": 0.1, "WHDEPTH2": 0.4, "WHDEPTH3": 0.5, "WMAXMAG01": 0.5, "WMAXMAG02": 0.4, "WMAXMAG03": 0.1, "MAXMAG01": 7.6, "MAXMAG02": 7.9, "MAXMAG03": 8.2, "STRIKE1": 30.419048, "STRIKE2": 140.936, "STRIKE3": 222.644186, "STRIKE4": 286.409381, "DIP1": 82.142857, "DIP2": 79.688724, "DIP3": 73.042323, "DIP4": 70.201071, "aspRatio": 1.0, "mfd_bin": 0.2, "a_val": 3.67, "a_hi": 3.7021977215700002, "a_mid": 3.66988369769, "a_lo": 3.6375696737999998, "sigma_a": 0.064933932599199995, "b_val": 0.86258413053600003, "b_hi": 0.90049351806900002, "b_mid": 0.86258413053600003, "b_lo": 0.82467474300300003, "sigma_b": 0.0141545048957, "cum_cov_ab": 0.054321, "MCORNERP1": 7.2, "MCORNERP2": 7.4, "MCORNERP3": 7.6, "MAXMAGP1": 7.4, "MAXMAGP2": 7.6, "utsu_bval2": 0.0, "utsu_aval": 0.0, "utsu_Minfl": 0.0, "Shape_Leng": 4.8566789028699997, "Shape_Area": 0.95473923009499995 }, "geometry": { "type": "Polygon", "coordinates": [ [ [ 27.784637999644019, 39.529688999747577 ], [ 27.580561434362778, 39.229558186760983 ], [ 27.269283937403827, 39.006591539068324 ], [ 26.986470267388995, 38.788733782538088 ], [ 26.836852713382086, 38.386408529530058 ], [ 26.760646999659343, 38.037697999762941 ], [ 26.501400000010051, 38.122199999830173 ], [ 26.527899999885165, 38.606 ], [ 26.249203211259271, 39.064124874663264 ], [ 26.584892000265654, 39.292990000288341 ], [ 26.957495999640742, 39.528520999844318 ], [ 27.784637999644019, 39.529688999747577 ] ] ] } },
{ "type": "Feature", "properties": { "ZONE_ID": "TRAS486", "areakm2": 16605.830618, "tctCluster": "Shallow Default", "CSZ_ID": "SZ21", "TECTO_ID": "TSZ080", "magScaleRe": "WC1994", "SS": 35.0, "NF": 65.0, "TF": 0.0, "MINDEPTH": 0.0, "MAXDEPTH": 20.0, "HYPODEPTH1": 2.0, "HYPODEPTH2": 10.0, "HYPODEPTH3": 18.0, "WHDEPTH1": 0.1, "WHDEPTH2": 0.4, "WHDEPTH3": 0.5, "WMAXMAG01": 0.5, "WMAXMAG02": 0.4, "WMAXMAG03": 0.1, "MAXMAG01": 7.3, "MAXMAG02": 7.6, "MAXMAG03": 7.9, "STRIKE1": 70.92348, "STRIKE2": 102.9825, "STRIKE3": 247.735754, "STRIKE4": 275.8238, "DIP1": 58.32404, "DIP2": 51.396333, "DIP3": 55.809446, "DIP4": 62.5072, "aspRatio": 1.0, "mfd_bin": 0.2, "a_val": 3.7277372665600002, "a_hi": 3.7495944372199999, "a_mid": 3.7276465542800001, "a_lo": 3.70569867133, "sigma_a": 0.051408277753199998, "b_val": 0.86895320086100003, "b_hi": 0.90130022033000001, "b_mid": 0.86895320086100003, "b_lo": 0.83660618139099996, "sigma_b": 0.0103055146935, "cum_cov_ab": 0.054321, "MCORNERP1": 6.8, "MCORNERP2": 7.0, "MCORNERP3": 7.2, "MAXMAGP1": 7.2, "MAXMAGP2": 7.4, "utsu_bval2": 0.0, "utsu_aval": 0.0, "utsu_Minfl": 0.0, "Shape_Leng": 6.0088877285600004, "Shape_Area": 1.3400412938699999 }, "geometry": { "type": "Polygon", "coordinates": [ [ [ 27.785827999662501, 37.666773999620432 ], [ 27.154291278619667, 37.824660157940002 ], [ 26.760646999659343, 38.037697999762941 ], [ 26.867506065752366, 38.010357578939193 ], [ 26.970413749095314, 38.100857953631703 ], [ 27.082991836104384, 38.131328845250039 ], [ 27.54830299988356, 38.26600699992315 ], [ 27.774731999682103, 38.303949000446039 ], [ 28.004800000020055, 38.390800000020022 ], [ 28.202174109647501, 38.382127395962584 ], [ 28.356175922480872, 38.344169203146237 ], [ 28.483064739546137, 38.280182533996822 ], [ 28.599519290383, 38.196380078777679 ], [ 28.725324999948839, 38.086300999991181 ], [ 29.330844999697035, 38.130270999706909 ], [ 29.459479999802227, 37.741385000417495 ], [ 29.465617999571066, 37.668584000351359 ], [ 28.291001999842479, 37.5922690001143 ], [ 27.785827999662501, 37.666773999620432 ] ] ] } },
{ "type": "Feature", "properties": { "ZONE_ID": "TRAS487", "areakm2": 18892.9318079, "tctCluster": "Shallow Default", "CSZ_ID": "SZ21", "TECTO_ID": "TSZ080", "magScaleRe": "WC1994", "SS": 40.0, "NF": 50.0, "TF": 10.0, "MINDEPTH": 0.0, "MAXDEPTH": 20.0, "HYPODEPTH1": 2.0, "HYPODEPTH2": 10.0, "HYPODEPTH3": 18.0, "WHDEPTH1": 0.1, "WHDEPTH2": 0.4, "WHDEPTH3": 0.5, "WMAXMAG01": 0.5, "WMAXMAG02": 0.4, "WMAXMAG03": 0.1, "MAXMAG01": 7.3, "MAXMAG02": 7.6, "MAXMAG03": 7.9, "STRIKE1": 31.283515, "STRIKE2": 125.494067, "STRIKE3": 221.157082, "STRIKE4": 300.619951, "DIP1": 46.294833, "DIP2": 53.321441, "DIP3": 52.118888, "DIP4": 47.884841, "aspRatio": 1.0, "mfd_bin": 0.2, "a_val": 3.2447456460500002, "a_hi": 3.2914777635400001, "a_mid": 3.2449852779400001, "a_lo": 3.1984927923300002, "sigma_a": 0.084420543120799996, "b_val": 0.86184396340400005, "b_hi": 0.90325179465700001, "b_mid": 0.86184396340400005, "b_lo": 0.82043613215099997, "sigma_b": 0.016887529340900001, "cum_cov_ab": 0.054321, "MCORNERP1": 6.8, "MCORNERP2": 7.0, "MCORNERP3": 7.2, "MAXMAGP1": 7.0, "MAXMAGP2": 7.2, "utsu_bval2": 0.0, "utsu_aval": 0.0, "utsu_Minfl": 0.0, "Shape_Leng": 6.4748119206599997, "Shape_Area": 1.5246035794599999 }, "geometry": { "type": "Polygon", "coordinates": [ [ [ 29.580017899006862, 38.747482079034796 ], [ 30.087390532946813, 38.684916913384882 ], [ 30.371841126466848, 38.542777119668415 ], [ 30.281718000285537, 38.122346000267726 ], [ 30.278129000253216, 37.965261000294959 ], [ 30.277836000231275, 37.952451000413419 ], [ 30.110453000205837, 37.850716999789768 ], [ 29.577131999742051, 37.630819999943071 ], [ 29.465617999571066, 37.668584000351359 ], [ 29.459479999802227, 37.741385000417495 ], [ 29.330844999697035, 38.130270999706909 ], [ 28.824268999614674, 38.43574499973198 ], [ 28.188518999752091, 38.802817000304401 ], [ 27.774981003970197, 39.077600077881357 ], [ 28.029663999993659, 39.044870000250341 ], [ 29.15088799988132, 38.929447999725483 ], [ 29.454945000211637, 38.809117000349318 ], [ 29.580017899006862, 38.747482079034796 ] ] ] } },
{ "type": "Feature", "properties": { "ZONE_ID": "TRAS492", "areakm2": 16982.560117199999, "tctCluster": "Shallow Default", "CSZ_ID": "SZ21", "TECTO_ID": "TSZ080", "magScaleRe": "WC1994", "SS": 40.0, "NF": 50.0, "TF": 10.0, "MINDEPTH": 0.0, "MAXDEPTH": 20.0, "HYPODEPTH1": 2.0, "HYPODEPTH2": 10.0, "HYPODEPTH3": 18.0, "WHDEPTH1": 0.1, "WHDEPTH2": 0.4, "WHDEPTH3": 0.5, "WMAXMAG01": 0.5, "WMAXMAG02": 0.4, "WMAXMAG03": 0.1, "MAXMAG01": 7.3, "MAXMAG02": 7.6, "MAXMAG03": 7.9, "STRIKE1": 31.283515, "STRIKE2": 125.494067, "STRIKE3": 221.157082, "STRIKE4": 300.619951, "DIP1": 46.294833, "DIP2": 53.321441, "DIP3": 52.118888, "DIP4": 47.884841, "aspRatio": 1.0, "mfd_bin": 0.2, "a_val": 4.53, "a_hi": 4.5550051068100004, "a_mid": 4.5299649030599998, "a_lo": 4.5049246993100001, "sigma_a": 0.062996628487399994, "b_val": 1.05, "b_hi": 1.0875479969499999, "b_mid": 1.05, "b_lo": 1.0124520030499999, "sigma_b": 0.0138859211518, "cum_cov_ab": 0.054321, "MCORNERP1": 7.2, "MCORNERP2": 7.4, "MCORNERP3": 7.6, "MAXMAGP1": 7.4, "MAXMAGP2": 7.4, "utsu_bval2": 0.0, "utsu_aval": 0.0, "utsu_Minfl": 0.0, "Shape_Leng": 7.0232873059600003, "Shape_Area": 1.37044224792 }, "geometry": { "type": "Polygon", "coordinates": [ [ [ 30.377373212503812, 38.89507857671498 ], [ 30.371841126466848, 38.542777119668415 ], [ 30.087390532946813, 38.684916913384882 ], [ 29.580017899006862, 38.747482079034796 ], [ 29.454945000211637, 38.809117000349318 ], [ 29.15088799988132, 38.929447999725483 ], [ 28.029663999993659, 39.044870000250341 ], [ 27.774981003970197, 39.077600077881357 ], [ 27.679575000186162, 39.157992999977012 ], [ 27.580561434362778, 39.229558186760983 ], [ 27.784637999644019, 39.529688999747577 ], [ 28.207767999793418, 39.494066000045905 ], [ 29.065084293205643, 39.438626865337596 ], [ 29.235099201467051, 39.409294259122817 ], [ 30.038999086538638, 39.18800282357148 ], [ 30.730773999920189, 38.93853999992109 ], [ 30.377373212503812, 38.89507857671498 ] ] ] } },
{ "type": "Feature", "properties": { "ZONE_ID": "TRAS493", "areakm2": 16302.1973313, "tctCluster": "Shallow Default", "CSZ_ID": "SZ21", "TECTO_ID": "TSZ080", "magScaleRe": "WC1994", "SS": 20.0, "NF": 75.0, "TF": 5.0, "MINDEPTH": 0.0, "MAXDEPTH": 20.0, "HYPODEPTH1": 2.0, "HYPODEPTH2": 10.0, "HYPODEPTH3": 18.0, "WHDEPTH1": 0.1, "WHDEPTH2": 0.4, "WHDEPTH3": 0.5, "WMAXMAG01": 0.5, "WMAXMAG02": 0.4, "WMAXMAG03": 0.1, "MAXMAG01": 7.3, "MAXMAG02": 7.6, "MAXMAG03": 7.9, "STRIKE1": 59.418345, "STRIKE2": 119.574317, "STRIKE3": 237.209864, "STRIKE4": 294.876788, "DIP1": 50.260793, "DIP2": 50.561829, "DIP3": 53.882833, "DIP4": 53.53303, "aspRatio": 1.0, "mfd_bin": 0.2, "a_val": 3.8819155264599998, "a_hi": 3.9152920372, "a_mid": 3.8816800638600002, "a_lo": 3.84806809051, "sigma_a": 0.076805637045500003, "b_val": 0.88759429745899998, "b_hi": 0.92564890018500001, "b_mid": 0.88759429745899998, "b_lo": 0.84953969473400004, "sigma_b": 0.0142631527043, "cum_cov_ab": 0.054321, "MCORNERP1": 6.6, "MCORNERP2": 6.8, "MCORNERP3": 7.0, "MAXMAGP1": 7.0, "MAXMAGP2": 7.2, "utsu_bval2": 0.0, "utsu_aval": 0.0, "utsu_Minfl": 0.0, "Shape_Leng": 6.3350953704700004, "Shape_Area": 1.3155389877899999 }, "geometry": { "type": "Polygon", "coordinates": [ [ [ 27.580561434362778, 39.229558186760983 ], [ 27.679575000186162, 39.157992999977012 ], [ 27.774981003970197, 39.077600077881357 ], [ 28.188518999752091, 38.802817000304401 ], [ 28.824268999614674, 38.43574499973198 ], [ 29.330844999697035, 38.130270999706909 ], [ 28.725324999948839, 38.086300999991181 ], [ 28.599519290383, 38.196380078777679 ], [ 28.483064739546137, 38.280182533996822 ], [ 28.356175922480872, 38.344169203146237 ], [ 28.202174109647501, 38.382127395962584 ], [ 28.004800000020055, 38.390800000020022 ], [ 27.774731999682103, 38.303949000446039 ], [ 27.54830299988356, 38.26600699992315 ], [ 27.082991836104384, 38.131328845250039 ], [ 26.970413749095314, 38.100857953631703 ], [ 26.867506065752366, 38.010357578939193 ], [ 26.760646999659343, 38.037697999762941 ], [ 26.836852713382086, 38.386408529530058 ], [ 26.986470267388995, 38.788733782538088 ], [ 27.269283937403827, 39.006591539068324 ], [ 27.580561434362778, 39.229558186760983 ] ] ] } },
{ "type": "Feature", "properties": { "ZONE_ID": "0002", "areakm2": 3318.8236123500001, "tctCluster": "Shallow Default", "CSZ_ID": "SZ16", "TECTO_ID": "TSZ100", "magScaleRe": "WC1994", "SS": 20.0, "NF": 60.0, "TF": 20.0, "MINDEPTH": 0.0, "MAXDEPTH": 14.0, "HYPODEPTH1": 2.0, "HYPODEPTH2": 8.0, "HYPODEPTH3": 10.0, "WHDEPTH1": 0.1, "WHDEPTH2": 0.4, "WHDEPTH3": 0.5, "WMAXMAG01": 0.5, "WMAXMAG02": 0.4, "WMAXMAG03": 0.1, "MAXMAG01": 7.2, "MAXMAG02": 7.5, "MAXMAG03": 7.8, "STRIKE1": 36.382905, "STRIKE2": 0.0, "STRIKE3": 221.541063, "STRIKE4": 335.178646, "DIP1": 46.907622, "DIP2": 0.0, "DIP3": 47.469919, "DIP4": 41.402949, "aspRatio": 1.0, "mfd_bin": 0.2, "a_val": 4.0, "a_hi": 4.03162822002, "a_mid": 3.9996012115, "a_lo": 3.9675742029799999, "sigma_a": 0.068110588859600002, "b_val": 1.0, "b_hi": 1.0392408252600001, "b_mid": 1.0, "b_lo": 0.96075917473600003, "sigma_b": 0.015166222100199999, "cum_cov_ab": 0.054321, "MCORNERP1": 6.1, "MCORNERP2": 6.3, "MCORNERP3": 6.5, "MAXMAGP1": 6.4, "MAXMAGP2": 6.6, "utsu_bval2": 0.0, "utsu_aval": 0.0, "utsu_Minfl": 0.0, "Shape_Leng": 1.2786322622299999, "Shape_Area": 0.086475409743500001 }, "geometry": { "type": "Polygon", "coordinates": [ [ [ 20.031751492637341, 42.165553570141185 ], [ 19.893038467551264, 42.245900296761363 ], [ 19.641715079687231, 42.386211871280864 ], [ 19.834650408189816, 42.538096279819513 ], [ 20.027503536858774, 42.393387288492647 ], [ 20.15412744242758, 42.321501681357574 ], [ 20.031751492637341, 42.165553570141185 ] ] ] } },
{ "type": "Feature", "properties": { "ZONE_ID": "GRAS251", "areakm2": 23071.882358399998, "tctCluster": "Shallow Default", "CSZ_ID": "SZ22", "TECTO_ID": "TSZ025", "magScaleRe": "WC1994", "SS": 20.0, "NF": 60.0, "TF": 20.0, "MINDEPTH": 0.0, "MAXDEPTH": 20.0, "HYPODEPTH1": 2.0, "HYPODEPTH2": 10.0, "HYPODEPTH3": 18.0, "WHDEPTH1": 0.1, "WHDEPTH2": 0.4, "WHDEPTH3": 0.5, "WMAXMAG01": 0.5, "WMAXMAG02": 0.4, "WMAXMAG03": 0.1, "MAXMAG01": 7.5, "MAXMAG02": 7.5, "MAXMAG03": 7.8, "STRIKE1": 84.6065, "STRIKE2": 100.107471, "STRIKE3": 244.593526, "STRIKE4": 290.959553, "DIP1": 50.405675, "DIP2": 54.044265, "DIP3": 55.690421, "DIP4": 50.027298, "aspRatio": 1.0, "mfd_bin": 0.2, "a_val": 4.29, "a_hi": 4.2943229058399996, "a_mid": 4.2898548226499997, "a_lo": 4.2853867394599998, "sigma_a": 0.023130115900600001, "b_val": 0.88, "b_hi": 0.91941351262299997, "b_mid": 0.88, "b_lo": 0.84058648737700004, "sigma_b": 0.0153, "cum_cov_ab": 0.054321, "MCORNERP1": 6.8, "MCORNERP2": 7.0, "MCORNERP3": 7.2, "MAXMAGP1": 7.2, "MAXMAGP2": 7.4, "utsu_bval2": 0.0, "utsu_aval": 0.0, "utsu_Minfl": 0.0, "Shape_Leng": 4.3304475442700001, "Shape_Area": 1.0044944359000001 }, "geometry": { "type": "Polygon", "coordinates": [ [ [ 20.982299999845168, 39.061999999700276 ], [ 21.044561145180751, 38.467196038166662 ], [ 20.500340371411085, 38.454002058348351 ], [ 19.676137350458418, 38.651135643395264 ], [ 20.347986357584375, 39.425082110351184 ], [ 21.172135555911211, 39.510597486285008 ], [ 20.982299999845168, 39.061999999700276 ] ] ] } },
{ "type": "Feature", "properties": { "ZONE_ID": "GRAS241", "areakm2": 19969.484766699999, "tctCluster": "Shallow Default", "CSZ_ID": "SZ22", "TECTO_ID": "TSZ079", "magScaleRe": "WC1994", "SS": 40.0, "NF": 60.0, "TF": 0.0, "MINDEPTH": 0.0, "MAXDEPTH": 20.0, "HYPODEPTH1": 2.0, "HYPODEPTH2": 10.0, "HYPODEPTH3": 18.0, "WHDEPTH1": 0.1, "WHDEPTH2": 0.4, "WHDEPTH3": 0.5, "WMAXMAG01": 0.5, "WMAXMAG02": 0.4, "WMAXMAG03": 0.1, "MAXMAG01": 7.3, "MAXMAG02": 7.6, "MAXMAG03": 7.9, "STRIKE1": 77.235375, "STRIKE2": 119.308, "STRIKE3": 251.883667, "STRIKE4": 287.630462, "DIP1": 51.71425, "DIP2": 54.170111, "DIP3": 59.094333, "DIP4": 52.927026, "aspRatio": 1.0, "mfd_bin": 0.2, "a_val": 4.5, "a_hi": 4.5103147418100002, "a_mid": 4.4997424101899997, "a_lo": 4.4891700785699999, "sigma_a": 0.042823386279099998, "b_val": 0.95, "b_hi": 0.99617523069400005, "b_mid": 0.95, "b_lo": 0.90382476930599998, "sigma_b": 0.021, "cum_cov_ab": 0.054321, "MCORNERP1": 7.0, "MCORNERP2": 7.2, "MCORNERP3": 7.4, "MAXMAGP1": 7.4, "MAXMAGP2": 7.6, "utsu_bval2": 0.0, "utsu_aval": 0.0, "utsu_Minfl": 0.0, "Shape_Leng": 2.5247652522199999, "Shape_Area": 0.35771081433099999 }, "geometry": { "type": "Polygon", "coordinates": [ [ [ 21.816392000190717, 37.999999999700265 ], [ 21.500000000299849, 38.499999999600334 ], [ 22.397235257701027, 38.499999999600334 ], [ 22.350000000399746, 37.999999999700265 ], [ 21.816392000190717, 37.999999999700265 ] ] ] } },
{ "type": "Feature", "properties": { "ZONE_ID": "0010", "areakm2": 19969.484766699999, "tctCluster": "Shallow Default", "CSZ_ID": "SZ22", "TECTO_ID": "TSZ079", "magScaleRe": "WC1994", "SS": 40.0, "NF": 60.0, "TF": 0.0, "MINDEPTH": 0.0, "MAXDEPTH": 20.0, "HYPODEPTH1": 2.0, "HYPODEPTH2": 10.0, "HYPODEPTH3": 18.0, "WHDEPTH1": 0.1, "WHDEPTH2": 0.4, "WHDEPTH3": 0.5, "WMAXMAG01": 0.5, "WMAXMAG02": 0.4, "WMAXMAG03": 0.1, "MAXMAG01": 7.3, "MAXMAG02": 7.6, "MAXMAG03": 7.9, "STRIKE1": 77.235375, "STRIKE2": 119.308, "STRIKE3": 251.883667, "STRIKE4": 287.630462, "DIP1": 51.71425, "DIP2": 54.170111, "DIP3": 59.094333, "DIP4": 52.927026, "aspRatio": 1.0, "mfd_bin": 0.2, "a_val": 4.5, "a_hi": 4.5103147418100002, "a_mid": 4.4997424101899997, "a_lo": 4.4891700785699999, "sigma_a": 0.042823386279099998, "b_val": 0.95, "b_hi": 0.99617523069400005, "b_mid": 0.95, "b_lo": 0.90382476930599998, "sigma_b": 0.021, "cum_cov_ab": 0.054321, "MCORNERP1": 7.0, "MCORNERP2": 7.2, "MCORNERP3": 7.4, "MAXMAGP1": 7.4, "MAXMAGP2": 7.6, "utsu_bval2": 0.0, "utsu_aval": 0.0, "utsu_Minfl": 0.0, "Shape_Leng": 2.1368138355499999, "Shape_Area": 0.28523130544899999 }, "geometry": { "type": "Polygon", "coordinates": [ [ [ 22.800000000399734, 38.499999999600334 ], [ 23.014134658987359, 38.347046672166243 ], [ 22.882880960787759, 38.190027390152011 ], [ 22.560142513566177, 37.822624002895452 ], [ 22.350000000399746, 37.999999999700265 ], [ 22.397235257701027, 38.499999999600334 ], [ 22.800000000399734, 38.499999999600334 ] ] ] } },
{ "type": "Feature", "properties": { "ZONE_ID": "0011", "areakm2": 19969.484766699999, "tctCluster": "Shallow Default", "CSZ_ID": "SZ22", "TECTO_ID": "TSZ079", "magScaleRe": "WC1994", "SS": 40.0, "NF": 60.0, "TF": 0.0, "MINDEPTH": 0.0, "MAXDEPTH": 20.0, "HYPODEPTH1": 2.0, "HYPODEPTH2": 10.0, "HYPODEPTH3": 18.0, "WHDEPTH1": 0.1, "WHDEPTH2": 0.4, "WHDEPTH3": 0.5, "WMAXMAG01": 0.5, "WMAXMAG02": 0.4, "WMAXMAG03": 0.1, "MAXMAG01": 7.3, "MAXMAG02": 7.6, "MAXMAG03": 7.9, "STRIKE1": 77.235375, "STRIKE2": 119.308, "STRIKE3": 251.883667, "STRIKE4": 287.630462, "DIP1": 51.71425, "DIP2": 54.170111, "DIP3": 59.094333, "DIP4": 52.927026, "aspRatio": 1.0, "mfd_bin": 0.2, "a_val": 4.5, "a_hi": 4.5103147418100002, "a_mid": 4.4997424101899997, "a_lo": 4.4891700785699999, "sigma_a": 0.042823386279099998, "b_val": 0.95, "b_hi": 0.99617523069400005, "b_mid": 0.95, "b_lo": 0.90382476930599998, "sigma_b": 0.021, "cum_cov_ab": 0.054321, "MCORNERP1": 7.0, "MCORNERP2": 7.2, "MCORNERP3": 7.4, "MAXMAGP1": 7.4, "MAXMAGP2": 7.6, "utsu_bval2": 0.0, "utsu_aval": 0.0, "utsu_Minfl": 0.0, "Shape_Leng": 2.1405854942999998, "Shape_Area": 0.25907037474 }, "geometry": { "type": "Polygon", "coordinates": [ [ [ 22.776420994933005, 37.640068788843564 ], [ 22.560142513566177, 37.822624002895452 ], [ 22.882880960787759, 38.190027390152011 ], [ 23.014134658987359, 38.347046672166243 ], [ 23.355239139274886, 38.103400614946452 ], [ 23.151763365187207, 37.896946538951681 ], [ 22.776420994933005, 37.640068788843564 ] ] ] } },
{ "type": "Feature", "properties": { "ZONE_ID": "GRAS237", "areakm2": 58207.561099300001, "tctCluster": "Shallow Default", "CSZ_ID": "SZ22", "TECTO_ID": "TSZ045", "magScaleRe": "WC1994", "SS": 40.0, "NF": 10.0, "TF": 50.0, "MINDEPTH": 0.0, "MAXDEPTH": 50.0, "HYPODEPTH1": 2.0, "HYPODEPTH2": 10.0, "HYPODEPTH3": 18.0, "WHDEPTH1": 0.1, "WHDEPTH2": 0.4, "WHDEPTH3": 0.5, "WMAXMAG01": 0.5, "WMAXMAG02": 0.4, "WMAXMAG03": 0.1, "MAXMAG01": 6.9, "MAXMAG02": 7.2, "MAXMAG03": 7.5, "STRIKE1": 0.0, "STRIKE2": 0.0, "STRIKE3": 219.588087, "STRIKE4": 308.582373, "DIP1": 75.71513, "DIP2": 0.0, "DIP3": 75.71513, "DIP4": 22.921676, "aspRatio": 1.0, "mfd_bin": 0.2, "a_val": 4.88, "a_hi": 4.8873095493200003, "a_mid": 4.8802161991600004, "a_lo": 4.8731228489899996, "sigma_a": 0.033487555250099998, "b_val": 1.06, "b_hi": 1.1027499566900001, "b_mid": 1.06, "b_lo": 1.01725004331, "sigma_b": 0.018, "cum_cov_ab": 0.054321, "MCORNERP1": 6.0, "MCORNERP2": 6.2, "MCORNERP3": 6.4, "MAXMAGP1": 6.4, "MAXMAGP2": 6.6, "utsu_bval2": 0.0, "utsu_aval": 0.0, "utsu_Minfl": 0.0, "Shape_Leng": 7.4612315862200003, "Shape_Area": 1.9013366895599999 }, "geometry": { "type": "Polygon", "coordinates": [ [ [ 22.591410569642107, 34.727135891608157 ], [ 20.25840509362024, 36.651514836640445 ], [ 20.845818093830019, 37.163689253156576 ], [ 21.866300864593256, 36.024698774828664 ], [ 23.064492866053001, 35.230867814498083 ], [ 22.591410569642107, 34.727135891608157 ] ] ] } },
{ "type": "Feature", "properties": { "ZONE_ID": "0015", "areakm2": 90333.484559799996, "tctCluster": "Shallow Default", "CSZ_ID": "SZ32", "TECTO_ID": "TSZ045", "magScaleRe": "WC1994", "SS": 35.0, "NF": 15.0, "TF": 50.0, "MINDEPTH": 0.0, "MAXDEPTH": 50.0, "HYPODEPTH1": 2.0, "HYPODEPTH2": 10.0, "HYPODEPTH3": 18.0, "WHDEPTH1": 0.1, "WHDEPTH2": 0.4, "WHDEPTH3": 0.5, "WMAXMAG01": 0.5, "WMAXMAG02": 0.4, "WMAXMAG03": 0.1, "MAXMAG01": 6.9, "MAXMAG02": 7.2, "MAXMAG03": 7.5, "STRIKE1": 0.0, "STRIKE2": 0.0, "STRIKE3": 0.0, "STRIKE4": 0.0, "DIP1": 89.99, "DIP2": 0.0, "DIP3": 0.0, "DIP4": 0.0, "aspRatio": 1.0, "mfd_bin": 0.2, "a_val": 6.1094689839400003, "a_hi": 6.1191941187800003, "a_mid": 6.1093778741499998, "a_lo": 6.0995616295200001, "sigma_a": 0.0424285184082, "b_val": 1.18680541228, "b_hi": 1.2167327884900001, "b_mid": 1.18680541228, "b_lo": 1.1568780360699999, "sigma_b": 0.0088214186425899996, "cum_cov_ab": 0.054321, "MCORNERP1": 6.3, "MCORNERP2": 6.5, "MCORNERP3": 6.7, "MAXMAGP1": 6.8, "MAXMAGP2": 7.0, "utsu_bval2": 0.0, "utsu_aval": 0.0, "utsu_Minfl": 0.0, "Shape_Leng": 12.400134983599999, "Shape_Area": 4.99500501154 }, "geometry": { "type": "Polygon", "coordinates": [ [ [ 25.690987831723135, 33.604844888380967 ], [ 24.899999999800229, 33.700000000199907 ], [ 23.4252750855768, 34.18579687392662 ], [ 23.779885466541089, 34.804635853861612 ], [ 25.057869553936825, 34.63296634951746 ], [ 26.793638985950508, 34.852321827090691 ], [ 28.084725927559532, 35.567301629766462 ], [ 28.544366420673839, 35.821841938454725 ], [ 28.564032540669245, 35.682529802108718 ], [ 28.604442391503198, 35.396271875246896 ], [ 28.627551688259871, 35.232568740055342 ], [ 28.70548313803647, 34.837754103169402 ], [ 28.143896218136035, 34.566643176041794 ], [ 27.007812334271875, 33.869500792127894 ], [ 25.690987831723135, 33.604844888380967 ] ] ] } },
{ "type": "Feature", "properties": { "ZONE_ID": "GRAS268", "areakm2": 90333.484559799996, "tctCluster": "Shallow Default", "CSZ_ID": "SZ32", "TECTO_ID": "TSZ045", "magScaleRe": "WC1994", "SS": 35.0, "NF": 15.0, "TF": 50.0, "MINDEPTH": 0.0, "MAXDEPTH": 50.0, "HYPODEPTH1": 2.0, "HYPODEPTH2": 10.0, "HYPODEPTH3": 18.0, "WHDEPTH1": 0.1, "WHDEPTH2": 0.4, "WHDEPTH3": 0.5, "WMAXMAG01": 0.5, "WMAXMAG02": 0.4, "WMAXMAG03": 0.1, "MAXMAG01": 6.9, "MAXMAG02": 7.2, "MAXMAG03": 7.5, "STRIKE1": 0.0, "STRIKE2": 0.0, "STRIKE3": 0.0, "STRIKE4": 0.0, "DIP1": 89.99, "DIP2": 0.0, "DIP3": 0.0, "DIP4": 0.0, "aspRatio": 1.0, "mfd_bin": 0.2, "a_val": 6.1094689839400003, "a_hi": 6.1191941187800003, "a_mid": 6.1093778741499998, "a_lo": 6.0995616295200001, "sigma_a": 0.0424285184082, "b_val": 1.18680541228, "b_hi": 1.2167327884900001, "b_mid": 1.18680541228, "b_lo": 1.1568780360699999, "sigma_b": 0.0088214186425899996, "cum_cov_ab": 0.054321, "MCORNERP1": 6.3, "MCORNERP2": 6.5, "MCORNERP3": 6.7, "MAXMAGP1": 6.8, "MAXMAGP2": 7.0, "utsu_bval2": 0.0, "utsu_aval": 0.0, "utsu_Minfl": 0.0, "Shape_Leng": 3.2312275551299998, "Shape_Area": 0.63519023560599996 }, "geometry": { "type": "Polygon", "coordinates": [ [ [ 23.4252750855768, 34.18579687392662 ], [ 22.594000000199912, 34.724999999950114 ], [ 22.591410569642107, 34.727135891608157 ], [ 23.064492866053001, 35.230867814498083 ], [ 23.779885466541089, 34.804635853861612 ], [ 23.4252750855768, 34.18579687392662 ] ] ] } },
{ "type": "Feature", "properties": { "ZONE_ID": "GRAS255", "areakm2": 67077.127398800003, "tctCluster": "Shallow Default", "CSZ_ID": "SZ22", "TECTO_ID": "TSZ095", "magScaleRe": "WC1994", "SS": 25.0, "NF": 50.0, "TF": 25.0, "MINDEPTH": 0.0, "MAXDEPTH": 20.0, "HYPODEPTH1": 2.0, "HYPODEPTH2": 10.0, "HYPODEPTH3": 18.0, "WHDEPTH1": 0.1, "WHDEPTH2": 0.4, "WHDEPTH3": 0.5, "WMAXMAG01": 0.5, "WMAXMAG02": 0.4, "WMAXMAG03": 0.1, "MAXMAG01": 6.9, "MAXMAG02": 7.2, "MAXMAG03": 7.5, "STRIKE1": 73.74905, "STRIKE2": 109.974, "STRIKE3": 222.683648, "STRIKE4": 293.419125, "DIP1": 63.2464, "DIP2": 63.868422, "DIP3": 66.773338, "DIP4": 52.738125, "aspRatio": 1.0, "mfd_bin": 0.2, "a_val": 5.3599, "a_hi": 5.3661701831100004, "a_mid": 5.3602157009600004, "a_lo": 5.3542612187999996, "sigma_a": 0.01, "b_val": 1.08, "b_hi": 1.1118639364, "b_mid": 1.08, "b_lo": 1.0481360636, "sigma_b": 0.01, "cum_cov_ab": 0.054321, "MCORNERP1": 6.0, "MCORNERP2": 6.2, "MCORNERP3": 6.4, "MAXMAGP1": 6.4, "MAXMAGP2": 6.6, "utsu_bval2": 0.0, "utsu_aval": 0.0, "utsu_Minfl": 0.0, "Shape_Leng": 3.2453745331500001, "Shape_Area": 0.61186171450899995 }, "geometry": { "type": "Polygon", "coordinates": [ [ [ 23.666238420167019, 34.872346931265895 ], [ 23.064492866053001, 35.230867814498083 ], [ 23.263214688007508, 35.523044639298689 ], [ 23.968596210846499, 35.889101587668165 ], [ 24.290499999975054, 35.59860000018989 ], [ 23.899073706386503, 35.210337975717039 ], [ 23.670900000234894, 34.892399999860174 ], [ 23.666238420167019, 34.872346931265895 ] ] ] } },
{ "type": "Feature", "properties": { "ZONE_ID": "0016", "areakm2": 67077.127398800003, "tctCluster": "Shallow Default", "CSZ_ID": "SZ22", "TECTO_ID": "TSZ095", "magScaleRe": "WC1994", "SS": 25.0, "NF": 50.0, "TF": 25.0, "MINDEPTH": 0.0, "MAXDEPTH": 20.0, "HYPODEPTH1": 2.0, "HYPODEPTH2": 10.0, "HYPODEPTH3": 18.0, "WHDEPTH1": 0.1, "WHDEPTH2": 0.4, "WHDEPTH3": 0.5, "WMAXMAG01": 0.5, "WMAXMAG02": 0.4, "WMAXMAG03": 0.1, "MAXMAG01": 6.9, "MAXMAG02": 7.2, "MAXMAG03": 7.5, "STRIKE1": 73.74905, "STRIKE2": 109.974, "STRIKE3": 222.683648, "STRIKE4": 293.419125, "DIP1": 63.2464, "DIP2": 63.868422, "DIP3": 66.773338, "DIP4": 52.738125, "aspRatio": 1.0, "mfd_bin": 0.2, "a_val": 5.3599, "a_hi": 5.3661701831100004, "a_mid": 5.3602157009600004, "a_lo": 5.3542612187999996, "sigma_a": 0.01, "b_val": 1.08, "b_hi": 1.1118639364, "b_mid": 1.08, "b_lo": 1.0481360636, "sigma_b": 0.01, "cum_cov_ab": 0.054321, "MCORNERP1": 6.0, "MCORNERP2": 6.2, "MCORNERP3": 6.4, "MAXMAGP1": 6.4, "MAXMAGP2": 6.6, "utsu_bval2": 0.0, "utsu_aval": 0.0, "utsu_Minfl": 0.0, "Shape_Leng": 4.5718507715200003, "Shape_Area": 1.1656728943800001 }, "geometry": { "type": "Polygon", "coordinates": [ [ [ 26.401917948554512, 35.619844241518592 ], [ 26.709058000226605, 35.747821999985376 ], [ 27.463306275564207, 36.043084401424039 ], [ 28.084725927559532, 35.567301629766462 ], [ 26.793638985950508, 34.852321827090691 ], [ 26.439352796194612, 34.807549396487502 ], [ 26.442200000329819, 34.824999999750219 ], [ 26.401917948554512, 35.619844241518592 ] ] ] } },
{ "type": "Feature", "properties": { "ZONE_ID": "TRAS460", "areakm2": 18431.343930300001, "tctCluster": "Shallow Default", "CSZ_ID": "SZ21", "TECTO_ID": "TSZ080", "magScaleRe": "WC1994", "SS": 50.0, "NF": 40.0, "TF": 10.0, "MINDEPTH": 0.0, "MAXDEPTH": 20.0, "HYPODEPTH1": 2.0, "HYPODEPTH2": 10.0, "HYPODEPTH3": 18.0, "WHDEPTH1": 0.1, "WHDEPTH2": 0.4, "WHDEPTH3": 0.5, "WMAXMAG01": 0.5, "WMAXMAG02": 0.4, "WMAXMAG03": 0.1, "MAXMAG01": 7.3, "MAXMAG02": 7.6, "MAXMAG03": 7.9, "STRIKE1": 45.920739, "STRIKE2": 121.569575, "STRIKE3": 265.16, "STRIKE4": 296.313769, "DIP1": 49.852, "DIP2": 72.957123, "DIP3": 73.219222, "DIP4": 71.737308, "aspRatio": 1.0, "mfd_bin": 0.2, "a_val": 3.3212893444399998, "a_hi": 3.40594584298, "a_mid": 3.3215755787800001, "a_lo": 3.2372053145900002, "sigma_a": 0.153926040657, "b_val": 0.87545698162800001, "b_hi": 0.92897991793099999, "b_mid": 0.87545698162800001, "b_lo": 0.82193404532500003, "sigma_b": 0.0282150620153, "cum_cov_ab": 0.054321, "MCORNERP1": 6.2, "MCORNERP2": 6.4, "MCORNERP3": 6.6, "MAXMAGP1": 6.6, "MAXMAGP2": 6.8, "utsu_bval2": 0.0, "utsu_aval": 0.0, "utsu_Minfl": 0.0, "Shape_Leng": 8.3922757302100006, "Shape_Area": 1.48735480672 }, "geometry": { "type": "Polygon", "coordinates": [ [ [ 30.166050676892059, 39.618042290774532 ], [ 29.538550000282328, 39.720239999776197 ], [ 27.870142000053306, 39.975740000200915 ], [ 29.573586999940119, 40.122883000350214 ], [ 29.664970999911759, 40.314596000005452 ], [ 30.175906999970238, 40.147434001443614 ], [ 30.166050676892059, 39.618042290774532 ] ] ] } },
{ "type": "Feature", "properties": { "ZONE_ID": "TRAS461", "areakm2": 22132.0682657, "tctCluster": "Shallow Default", "CSZ_ID": "SZ21", "TECTO_ID": "TSZ080", "magScaleRe": "WC1994", "SS": 40.0, "NF": 50.0, "TF": 10.0, "MINDEPTH": 0.0, "MAXDEPTH": 20.0, "HYPODEPTH1": 2.0, "HYPODEPTH2": 10.0, "HYPODEPTH3": 18.0, "WHDEPTH1": 0.1, "WHDEPTH2": 0.4, "WHDEPTH3": 0.5, "WMAXMAG01": 0.5, "WMAXMAG02": 0.4, "WMAXMAG03": 0.1, "MAXMAG01": 7.3, "MAXMAG02": 7.6, "MAXMAG03": 7.9, "STRIKE1": 32.0485, "STRIKE2": 150.114, "STRIKE3": 231.571429, "STRIKE4": 305.283655, "DIP1": 50.655167, "DIP2": 50.747, "DIP3": 67.562429, "DIP4": 60.265473, "aspRatio": 1.0, "mfd_bin": 0.2, "a_val": 3.5690229979199999, "a_hi": 3.57660112155, "a_mid": 3.56959434994, "a_lo": 3.5625875783200001, "sigma_a": 0.026989757492199999, "b_val": 0.98525891480500005, "b_hi": 1.0084452132, "b_mid": 0.98525891480500005, "b_lo": 0.96207261640700004, "sigma_b": 0.00529497590885, "cum_cov_ab": 0.054321, "MCORNERP1": 6.6, "MCORNERP2": 6.8, "MCORNERP3": 7.0, "MAXMAGP1": 6.8, "MAXMAGP2": 7.0, "utsu_bval2": 0.0, "utsu_aval": 0.0, "utsu_Minfl": 0.0, "Shape_Leng": 7.5195361624699997, "Shape_Area": 1.78599228655 }, "geometry": { "type": "Polygon", "coordinates": [ [ [ 29.757465251630872, 39.26550131275981 ], [ 29.235099201467051, 39.409294259122817 ], [ 29.538550000282328, 39.720239999776197 ], [ 29.898477953492083, 39.661620443382233 ], [ 29.757465251630872, 39.26550131275981 ] ] ] } },
{ "type": "Feature", "properties": { "ZONE_ID": "GRAS247", "areakm2": 15885.147100800001, "tctCluster": "Shallow Default", "CSZ_ID": "SZ22", "TECTO_ID": "TSZ079", "magScaleRe": "WC1994", "SS": 40.0, "NF": 60.0, "TF": 0.0, "MINDEPTH": 0.0, "MAXDEPTH": 20.0, "HYPODEPTH1": 2.0, "HYPODEPTH2": 10.0, "HYPODEPTH3": 18.0, "WHDEPTH1": 0.1, "WHDEPTH2": 0.4, "WHDEPTH3": 0.5, "WMAXMAG01": 0.5, "WMAXMAG02": 0.4, "WMAXMAG03": 0.1, "MAXMAG01": 7.3, "MAXMAG02": 7.6, "MAXMAG03": 7.9, "STRIKE1": 66.977, "STRIKE2": 127.892292, "STRIKE3": 249.710269, "STRIKE4": 289.799967, "DIP1": 55.438, "DIP2": 63.553542, "DIP3": 55.673462, "DIP4": 54.532856, "aspRatio": 1.0, "mfd_bin": 0.2, "a_val": 4.5241002954900003, "a_hi": 4.5591305690599997, "a_mid": 4.5244843869200002, "a_lo": 4.4898382047799998, "sigma_a": 0.079905975331899998, "b_val": 1.0306302807800001, "b_hi": 1.07128527876, "b_mid": 1.0306302807800001, "b_lo": 0.98997528278799996, "sigma_b": 0.0162790491653, "cum_cov_ab": 0.054321, "MCORNERP1": 6.7, "MCORNERP2": 6.9, "MCORNERP3": 7.1, "MAXMAGP1": 7.0, "MAXMAGP2": 7.2, "utsu_bval2": 0.0, "utsu_aval": 0.0, "utsu_Minfl": 0.0, "Shape_Leng": 5.2460703086400002, "Shape_Area": 1.1244882600199999 }, "geometry": { "type": "Polygon", "coordinates": [ [ [ 23.428100000015093, 39.099799999970003 ], [ 23.707461596275664, 38.56226547876895 ], [ 22.800000000399734, 38.499999999600391 ], [ 22.752081345174858, 38.499999999680327 ], [ 22.619110962000036, 38.620823482000048 ], [ 22.361657666000042, 38.731160609000028 ], [ 22.013671344000045, 38.889593406000074 ], [ 21.893788121151736, 39.020382788834574 ], [ 23.428100000015093, 39.099799999970003 ] ] ] } },
{ "type": "Feature", "properties": { "ZONE_ID": "GRAA272", "areakm2": 17653.548176699998, "tctCluster": "Shallow Default", "CSZ_ID": "SZ22", "TECTO_ID": "TSZ079", "magScaleRe": "WC1994", "SS": 20.0, "NF": 60.0, "TF": 20.0, "MINDEPTH": 0.0, "MAXDEPTH": 20.0, "HYPODEPTH1": 2.0, "HYPODEPTH2": 10.0, "HYPODEPTH3": 18.0, "WHDEPTH1": 0.1, "WHDEPTH2": 0.4, "WHDEPTH3": 0.5, "WMAXMAG01": 0.5, "WMAXMAG02": 0.4, "WMAXMAG03": 0.1, "MAXMAG01": 7.3, "MAXMAG02": 7.6, "MAXMAG03": 7.8, "STRIKE1": 84.6065, "STRIKE2": 100.107471, "STRIKE3": 244.593526, "STRIKE4": 290.959553, "DIP1": 50.405675, "DIP2": 54.044265, "DIP3": 55.690421, "DIP4": 50.027298, "aspRatio": 1.0, "mfd_bin": 0.2, "a_val": 4.1, "a_hi": 4.1208398620700004, "a_mid": 4.0996827511199996, "a_lo": 4.0785256401799996, "sigma_a": 0.058383676901700002, "b_val": 0.97, "b_hi": 1.0139214052700001, "b_mid": 0.97, "b_lo": 0.92607859472800003, "sigma_b": 0.019, "cum_cov_ab": 0.054321, "MCORNERP1": 7.1, "MCORNERP2": 7.3, "MCORNERP3": 7.5, "MAXMAGP1": 7.4, "MAXMAGP2": 7.4, "utsu_bval2": 0.0, "utsu_aval": 0.0, "utsu_Minfl": 0.0, "Shape_Leng": 5.4214671592599997, "Shape_Area": 1.08772272845 }, "geometry": { "type": "Polygon", "coordinates": [ [ [ 21.500000000299849, 39.000000000399723 ], [ 20.982299999845168, 39.061999999700276 ], [ 21.172135555911211, 39.510597486285008 ], [ 21.591367581073175, 39.565863853778325 ], [ 21.611931037000033, 39.503520495000032 ], [ 21.702464064000026, 39.356404326000074 ], [ 21.784509619000062, 39.246067200000027 ], [ 21.892017589000034, 39.13290091600004 ], [ 21.893788121025885, 39.020382787358699 ], [ 21.500000000299849, 39.000000000399723 ] ] ] } }
]
}
