{
"type": "FeatureCollection",
"name": "rcs_strike_slip",
"crs": { "type": "name", "properties": { "name": "urn:ogc:def:crs:OGC:1.3:CRS84" } },
"features": [
{ "type": "Feature", "properties": { "LonA": 27.4115, "LatA": 40.7884, "LonB": 26.338, "LatB": 40.4084, "SS_ID": 1.0, "Shape_Leng": 1.13877890882 }, "geometry": { "type": "LineString", "coordinates": [ [ 27.4115, 40.7884 ], [ 27.400811716000078, 40.784686844000078 ], [ 27.390124623000077, 40.780972696000049 ], [ 27.379438721000042, 40.777257556000052 ], [ 27.368754009000043, 40.77354142400003 ], [ 27.358070488000067, 40.769824300000039 ], [ 27.347388157000069, 40.766106186000059 ], [ 27.336707018000027, 40.762387080000053 ], [ 27.326027069000077, 40.758666983000069 ], [ 27.315348311000037, 40.754945896000038 ], [ 27.304670744000077, 40.751223818000028 ], [ 27.293994368000028, 40.747500750000029 ], [ 27.28331918300006, 40.743776693000029 ], [ 27.272645189000059, 40.74005164600004 ], [ 27.261972386000025, 40.736325609000062 ], [ 27.251300773000025, 40.732598583000026 ], [ 27.240630352000039, 40.728870569000037 ], [ 27.229961122000077, 40.725141565000058 ], [ 27.219293083000025, 40.721411573000069 ], [ 27.208626235000054, 40.717680593000068 ], [ 27.19796057800005, 40.713948625000057 ], [ 27.187296113000059, 40.710215669000036 ], [ 27.176632838000046, 40.70648172600005 ], [ 27.165970755000046, 40.702746796000042 ], [ 27.15530986300007, 40.699010878000024 ], [ 27.144650162000062, 40.695273974000031 ], [ 27.133991652000077, 40.691536083000074 ], [ 27.123334334000049, 40.687797206000027 ], [ 27.112678207000044, 40.684057343000063 ], [ 27.102023272000054, 40.680316494000067 ], [ 27.09136952800003, 40.676574659000039 ], [ 27.08071697500003, 40.672831839000025 ], [ 27.070065613000054, 40.669088034000026 ], [ 27.059415443000034, 40.665343244000042 ], [ 27.048766465000028, 40.661597469000071 ], [ 27.038118678000046, 40.657850710000048 ], [ 27.027472082000031, 40.654102967000028 ], [ 27.016826678000029, 40.65035424000007 ], [ 27.006182466000041, 40.646604529000058 ], [ 26.995539445000077, 40.642853835000039 ], [ 26.984897616000069, 40.639102157000025 ], [ 26.974256978000028, 40.63534949700005 ], [ 26.963617532000058, 40.631595853000078 ], [ 26.952979278000043, 40.627841228000079 ], [ 26.942342215000053, 40.624085620000074 ], [ 26.931706344000077, 40.62032903000005 ], [ 26.921071665000056, 40.616571458000067 ], [ 26.91043817700006, 40.612812905000055 ], [ 26.899805881000077, 40.609053370000026 ], [ 26.889174777000051, 40.605292854000027 ], [ 26.878544865000038, 40.601531358000045 ], [ 26.867916144000048, 40.597768880000046 ], [ 26.857288615000073, 40.594005423000056 ], [ 26.846662279000043, 40.590240985000037 ], [ 26.836037133000048, 40.586475567000036 ], [ 26.825413180000055, 40.582709170000044 ], [ 26.814790419000076, 40.578941794000059 ], [ 26.804168850000053, 40.575173438000036 ], [ 26.793548472000055, 40.571404103000077 ], [ 26.782929287000059, 40.567633790000059 ], [ 26.77231129300003, 40.563862498000049 ], [ 26.761694491000071, 40.560090227000046 ], [ 26.751078882000058, 40.55631697900003 ], [ 26.74046446400007, 40.552542753000068 ], [ 26.729851239000027, 40.548767550000036 ], [ 26.719239205000065, 40.544991369000059 ], [ 26.708628364000049, 40.541214212000057 ], [ 26.698018714000057, 40.537436077000052 ], [ 26.687410257000067, 40.533656966000081 ], [ 26.676802991000045, 40.529876878000039 ], [ 26.666196918000026, 40.526095815000076 ], [ 26.655592037000076, 40.522313776000033 ], [ 26.644988348000027, 40.518530761000079 ], [ 26.634385851000047, 40.514746770000045 ], [ 26.623784547000071, 40.510961805000079 ], [ 26.613184434000061, 40.507175864000033 ], [ 26.602585514000054, 40.503388949000055 ], [ 26.591987786000061, 40.499601060000032 ], [ 26.581391250000024, 40.495812196000031 ], [ 26.570795906000058, 40.492022358000042 ], [ 26.560201755000037, 40.488231547000055 ], [ 26.54960879600003, 40.484439762000079 ], [ 26.539017029000036, 40.480647004000048 ], [ 26.528426454000055, 40.476853273000074 ], [ 26.517837072000077, 40.473058569000045 ], [ 26.507248882000056, 40.469262893000064 ], [ 26.496661884000048, 40.465466244000027 ], [ 26.486076079000043, 40.461668623000037 ], [ 26.475491465000061, 40.457870031000027 ], [ 26.464908045000072, 40.454070467000065 ], [ 26.454325816000051, 40.450269931000037 ], [ 26.443744780000031, 40.446468425000035 ], [ 26.433164936000026, 40.44266594700008 ], [ 26.422586285000023, 40.438862499000038 ], [ 26.412008826000033, 40.435058081000079 ], [ 26.401432559000057, 40.431252692000044 ], [ 26.390857485000026, 40.427446333000034 ], [ 26.380283603000066, 40.423639005000041 ], [ 26.369710914000052, 40.419830707000074 ], [ 26.359139417000051, 40.416021440000065 ], [ 26.348569112000064, 40.412211205000062 ], [ 26.338, 40.4084 ] ] } },
{ "type": "Feature", "properties": { "LonA": 24.9773, "LatA": 40.1742, "LonB": 26.3464, "LatB": 40.5133, "SS_ID": 2.0, "Shape_Leng": 1.4104800061 }, "geometry": { "type": "LineString", "coordinates": [ [ 24.9773, 40.1742 ], [ 24.988375379000047, 40.177022097000076 ], [ 24.999451675000046, 40.179843133000077 ], [ 25.010528888000067, 40.182663109000032 ], [ 25.021607019000044, 40.185482022000031 ], [ 25.032686066000053, 40.188299875000041 ], [ 25.043766030000029, 40.191116665000038 ], [ 25.054846911000027, 40.193932394000058 ], [ 25.065928708000058, 40.196747060000064 ], [ 25.077011422000055, 40.199560665000035 ], [ 25.088095052000028, 40.202373207000051 ], [ 25.099179597000045, 40.205184686000052 ], [ 25.110265059000028, 40.207995102000041 ], [ 25.121351435000065, 40.210804456000062 ], [ 25.132438728000068, 40.213612746000081 ], [ 25.143526935000068, 40.21641997200004 ], [ 25.154616057000055, 40.219226136000032 ], [ 25.165706094000029, 40.222031235000031 ], [ 25.176797046000047, 40.224835270000028 ], [ 25.187888913000052, 40.227638241000079 ], [ 25.198981693000064, 40.230440148000071 ], [ 25.210075388000064, 40.23324099000007 ], [ 25.221169996000071, 40.236040767000077 ], [ 25.232265519000066, 40.238839480000024 ], [ 25.243361954000079, 40.241637127000047 ], [ 25.254459304000079, 40.244433709000077 ], [ 25.265557566000041, 40.247229225000069 ], [ 25.276656742000057, 40.250023676000069 ], [ 25.287756830000035, 40.25281706100003 ], [ 25.298857831000078, 40.255609379000077 ], [ 25.309959744000025, 40.258400632000075 ], [ 25.321062570000038, 40.261190818000046 ], [ 25.332166307000023, 40.263979937000045 ], [ 25.343270957000072, 40.266767989000073 ], [ 25.354376518000038, 40.269554975000062 ], [ 25.365482991000079, 40.272340893000035 ], [ 25.376590375000035, 40.275125743000046 ], [ 25.387698671000066, 40.27790952600003 ], [ 25.398807877000024, 40.280692241000054 ], [ 25.409917995000058, 40.28347388800006 ], [ 25.421029022000027, 40.286254467000049 ], [ 25.432140961000073, 40.289033978000077 ], [ 25.443253809000055, 40.291812420000042 ], [ 25.454367568000066, 40.294589793000057 ], [ 25.465482236000071, 40.297366097000065 ], [ 25.476597814000058, 40.300141332000067 ], [ 25.487714302000029, 40.302915498000061 ], [ 25.49883169900005, 40.30568859400006 ], [ 25.509950005000064, 40.308460621000052 ], [ 25.521069220000072, 40.311231577000058 ], [ 25.532189344000074, 40.314001464000057 ], [ 25.543310376000079, 40.316770280000071 ], [ 25.554432317000078, 40.319538026000032 ], [ 25.565555166000024, 40.322304701000064 ], [ 25.576678923000031, 40.325070305000054 ], [ 25.587803587000053, 40.327834838000058 ], [ 25.598929160000068, 40.330598300000077 ], [ 25.610055639000052, 40.333360690000063 ], [ 25.62118302600004, 40.336122009000064 ], [ 25.632311321000032, 40.338882256000034 ], [ 25.643440522000049, 40.341641431000028 ], [ 25.654570629000034, 40.344399533000058 ], [ 25.665701643000034, 40.347156564000045 ], [ 25.676833564000049, 40.349912521000078 ], [ 25.687966390000042, 40.35266740600008 ], [ 25.699100123000051, 40.35542121800006 ], [ 25.710234761000038, 40.358173957000076 ], [ 25.72137030500005, 40.360925623000071 ], [ 25.732506754000042, 40.363676215000055 ], [ 25.743644108000069, 40.366425733000028 ], [ 25.754782367000075, 40.369174177000048 ], [ 25.76592153100006, 40.371921548000046 ], [ 25.777061600000025, 40.374667844000044 ], [ 25.788202573000035, 40.377413065000042 ], [ 25.799344450000035, 40.380157212000029 ], [ 25.810487231000025, 40.382900284000073 ], [ 25.821630916000061, 40.385642281000059 ], [ 25.83277550400004, 40.388383203000046 ], [ 25.843920996000065, 40.391123049000043 ], [ 25.855067392000024, 40.393861820000041 ], [ 25.866214690000049, 40.396599515000048 ], [ 25.877362891000075, 40.399336133000077 ], [ 25.888511995000044, 40.402071676000048 ], [ 25.899662001000024, 40.404806142000041 ], [ 25.910812909000072, 40.407539532000044 ], [ 25.921964720000062, 40.410271845000068 ], [ 25.933117432000074, 40.413003081000056 ], [ 25.94427104600004, 40.415733240000066 ], [ 25.955425562000073, 40.418462322000039 ], [ 25.966580979000071, 40.421190326000044 ], [ 25.977737296000043, 40.423917252000081 ], [ 25.988894515000027, 40.426643101000025 ], [ 26.000052635000031, 40.429367871000068 ], [ 26.011211655000068, 40.432091563000029 ], [ 26.022371575000022, 40.434814177000078 ], [ 26.033532395000066, 40.437535712000056 ], [ 26.044694116000073, 40.440256168000076 ], [ 26.055856735000077, 40.442975546000071 ], [ 26.067020255000045, 40.445693844000061 ], [ 26.078184674000056, 40.448411062000048 ], [ 26.089349992000052, 40.451127201000077 ], [ 26.100516209000034, 40.453842261000034 ], [ 26.111683324000069, 40.456556240000054 ], [ 26.122851338000032, 40.459269139000071 ], [ 26.134020251000038, 40.461980958000026 ], [ 26.145190061000051, 40.464691696000045 ], [ 26.156360769000059, 40.46740135400006 ], [ 26.167532376000054, 40.470109930000035 ], [ 26.178704879000065, 40.472817426000063 ], [ 26.189878280000073, 40.475523840000051 ], [ 26.201052578000031, 40.478229173000045 ], [ 26.212227773000052, 40.480933424000057 ], [ 26.223403865000023, 40.483636593000028 ], [ 26.234580853000068, 40.486338681000063 ], [ 26.245758738000063, 40.489039686000069 ], [ 26.256937519000076, 40.491739608000046 ], [ 26.268117195000059, 40.494438448000039 ], [ 26.279297768000049, 40.49713620600005 ], [ 26.290479235000078, 40.499832880000042 ], [ 26.301661598000067, 40.502528471000062 ], [ 26.312844857000073, 40.505222979000052 ], [ 26.324029010000061, 40.507916403000024 ], [ 26.335214058000076, 40.510608743000034 ], [ 26.3464, 40.5133 ] ] } },
{ "type": "Feature", "properties": { "LonA": 24.9032, "LatA": 40.1483, "LonB": 23.7557, "LatB": 39.2011, "SS_ID": 3.0, "Shape_Leng": 1.48795608006 }, "geometry": { "type": "LineString", "coordinates": [ [ 24.9032, 40.1483 ], [ 24.895177992000072, 40.141807332000042 ], [ 24.887157512000044, 40.135314100000073 ], [ 24.879138558000022, 40.128820307000069 ], [ 24.871121130000063, 40.122325950000061 ], [ 24.863105228000052, 40.115831032000074 ], [ 24.855090851000057, 40.109335551000072 ], [ 24.847077999000078, 40.102839509000034 ], [ 24.839066670000022, 40.096342905000029 ], [ 24.83105686600004, 40.089845740000044 ], [ 24.823048584000048, 40.08334801400008 ], [ 24.815041825000037, 40.076849727000081 ], [ 24.807036587000027, 40.070350880000035 ], [ 24.799032872000055, 40.063851472000067 ], [ 24.791030677000037, 40.057351504000053 ], [ 24.783030003000079, 40.050850976000049 ], [ 24.775030849000075, 40.044349888000056 ], [ 24.767033215000026, 40.037848241000063 ], [ 24.759037099000068, 40.03134603500007 ], [ 24.751042502000075, 40.024843270000076 ], [ 24.743049423000059, 40.018339946000026 ], [ 24.73505786100003, 40.011836063000032 ], [ 24.727067816000044, 40.005331623000075 ], [ 24.719079288000046, 39.99882662400006 ], [ 24.711092276000045, 39.992321067000034 ], [ 24.703106779000052, 39.985814953000045 ], [ 24.695122797000067, 39.979308281000044 ], [ 24.687140329000044, 39.972801053000069 ], [ 24.67915937500004, 39.966293267000026 ], [ 24.671179935000055, 39.959784925000065 ], [ 24.663202008000042, 39.953276026000026 ], [ 24.655225593000068, 39.946766571000069 ], [ 24.647250689000032, 39.94025656000008 ], [ 24.639277298000025, 39.933745993000059 ], [ 24.631305417000078, 39.927234871000053 ], [ 24.623335046000022, 39.920723193000072 ], [ 24.615366185000028, 39.914210960000048 ], [ 24.607398834000037, 39.907698173000028 ], [ 24.599432991000072, 39.90118483100008 ], [ 24.591468657000064, 39.894670934000033 ], [ 24.583505830000036, 39.888156483000046 ], [ 24.575544511000032, 39.881641479000052 ], [ 24.567584699000065, 39.875125920000073 ], [ 24.55962639300003, 39.868609808000031 ], [ 24.551669592000053, 39.862093143000038 ], [ 24.543714297000065, 39.855575925000039 ], [ 24.535760507000077, 39.849058154000033 ], [ 24.527808221000043, 39.842539830000078 ], [ 24.519857439000077, 39.836020955000038 ], [ 24.511908160000075, 39.829501527000048 ], [ 24.503960384000038, 39.82298154700004 ], [ 24.496014110000033, 39.816461015000073 ], [ 24.48806933700007, 39.809939932000077 ], [ 24.480126066000025, 39.803418298000054 ], [ 24.472184296000023, 39.796896113000059 ], [ 24.464244026000074, 39.790373377000037 ], [ 24.456305256000064, 39.783850090000044 ], [ 24.448367985000061, 39.777326254000059 ], [ 24.440432212000076, 39.770801867000046 ], [ 24.43249793800004, 39.764276930000051 ], [ 24.424565161000032, 39.757751444000064 ], [ 24.416633882000042, 39.751225408000039 ], [ 24.408704099000033, 39.744698823000078 ], [ 24.400775813000052, 39.738171689000069 ], [ 24.392849022000064, 39.731644007000057 ], [ 24.384923727000057, 39.725115776000052 ], [ 24.376999926000053, 39.718586996000056 ], [ 24.369077619000052, 39.712057669000046 ], [ 24.361156806000054, 39.705527794000034 ], [ 24.353237486000069, 39.698997371000075 ], [ 24.34531965900004, 39.692466401000047 ], [ 24.337403324000036, 39.685934884000062 ], [ 24.329488480000066, 39.679402819000074 ], [ 24.321575128000063, 39.672870209000052 ], [ 24.313663266000049, 39.666337051000028 ], [ 24.305752895000069, 39.659803348000025 ], [ 24.297844013000031, 39.653269098000067 ], [ 24.289936620000049, 39.646734303000073 ], [ 24.282030716000065, 39.640198962000056 ], [ 24.274126300000034, 39.633663075000072 ], [ 24.266223371000024, 39.627126644000043 ], [ 24.258321930000022, 39.620589668000036 ], [ 24.250421976000041, 39.614052147000052 ], [ 24.242523507000044, 39.607514081000033 ], [ 24.234626524000078, 39.600975472000073 ], [ 24.226731026000039, 39.594436318000078 ], [ 24.218837013000041, 39.587896620000038 ], [ 24.210944484000038, 39.581356380000045 ], [ 24.20305343900003, 39.574815595000075 ], [ 24.195163877000027, 39.568274268000039 ], [ 24.187275797000041, 39.561732398000061 ], [ 24.17938919900007, 39.555189985000027 ], [ 24.171504083000059, 39.548647029000051 ], [ 24.163620448000074, 39.542103532000056 ], [ 24.155738294000059, 39.535559492000061 ], [ 24.147857620000025, 39.529014911000047 ], [ 24.139978425000038, 39.52246978800008 ], [ 24.132100710000032, 39.515924124000037 ], [ 24.124224473000027, 39.50937791900003 ], [ 24.116349714000023, 39.502831172000072 ], [ 24.108476433000078, 39.496283886000072 ], [ 24.100604629000031, 39.489736058000062 ], [ 24.092734301000064, 39.483187691000069 ], [ 24.084865450000052, 39.476638784000045 ], [ 24.076998074000073, 39.470089336000058 ], [ 24.069132173000071, 39.463539350000076 ], [ 24.061267747000045, 39.456988824000064 ], [ 24.053404795000063, 39.450437759000067 ], [ 24.045543317000067, 39.44388615500003 ], [ 24.037683311000023, 39.437334012000065 ], [ 24.029824779000023, 39.430781331000048 ], [ 24.021967718000042, 39.424228112000037 ], [ 24.014112129000068, 39.417674354000042 ], [ 24.006258011000057, 39.411120059000041 ], [ 23.998405364000064, 39.404565227000035 ], [ 23.990554187000043, 39.398009857000034 ], [ 23.982704479000063, 39.391453950000027 ], [ 23.974856241000055, 39.384897506000073 ], [ 23.96700947100004, 39.378340526000045 ], [ 23.959164169000076, 39.371783009000069 ], [ 23.951320335000048, 39.365224956000077 ], [ 23.943477968000025, 39.35866636600008 ], [ 23.935637067000073, 39.352107242000045 ], [ 23.927797633000068, 39.345547581000062 ], [ 23.919959664000032, 39.338987385000053 ], [ 23.912123161000068, 39.332426654000074 ], [ 23.904288122000025, 39.325865388000068 ], [ 23.896454547000076, 39.319303588000025 ], [ 23.888622436000048, 39.31274125300007 ], [ 23.880791788000067, 39.306178384000077 ], [ 23.872962603000076, 39.299614981000047 ], [ 23.865134879000038, 39.293051044000038 ], [ 23.857308618000047, 39.286486573000047 ], [ 23.849483817000078, 39.279921569000066 ], [ 23.841660477000062, 39.273356032000038 ], [ 23.833838598000057, 39.266789962000075 ], [ 23.826018178000027, 39.260223359000065 ], [ 23.818199217000029, 39.253656224000053 ], [ 23.810381715000062, 39.247088557000041 ], [ 23.802565671000025, 39.240520357000037 ], [ 23.79475108400004, 39.233951626000078 ], [ 23.786937955000042, 39.227382363000061 ], [ 23.77912628200005, 39.220812569000032 ], [ 23.771316066000054, 39.214242243000058 ], [ 23.763507305000076, 39.207671387000062 ], [ 23.7557, 39.2011 ] ] } },
{ "type": "Feature", "properties": { "LonA": 23.0876, "LatA": 38.9525, "LonB": 22.8176, "LatB": 38.85, "SS_ID": 41.0, "Shape_Leng": 0.28880150914199998 }, "geometry": { "type": "LineString", "coordinates": [ [ 23.0876, 38.9525 ], [ 23.077586154000073, 38.948714881000058 ], [ 23.067573374000062, 38.944928900000036 ], [ 23.057561659000044, 38.941142058000025 ], [ 23.047551009000074, 38.937354355000025 ], [ 23.03754142400004, 38.933565791000035 ], [ 23.027532904000054, 38.929776367000045 ], [ 23.017525449000061, 38.925986082000065 ], [ 23.00751906000005, 38.922194936000039 ], [ 22.997513735000041, 38.91840293100006 ], [ 22.987509476000071, 38.91461006600008 ], [ 22.977506281000046, 38.910816341000043 ], [ 22.96750415200006, 38.907021757000052 ], [ 22.957503087000077, 38.903226313000062 ], [ 22.947503088000076, 38.899430011000049 ], [ 22.937504153000077, 38.895632849000037 ], [ 22.92750628400006, 38.891834829000061 ], [ 22.917509479000046, 38.888035951000063 ], [ 22.90751374000007, 38.884236214000055 ], [ 22.89751906500004, 38.880435620000071 ], [ 22.887525455000059, 38.876634167000077 ], [ 22.87753291000007, 38.872831857000051 ], [ 22.867541429000028, 38.86902869000005 ], [ 22.857551014000023, 38.865224666000074 ], [ 22.847561663000079, 38.861419784000077 ], [ 22.837573377000069, 38.857614046000037 ], [ 22.827586156000052, 38.85380745100008 ], [ 22.8176, 38.85 ] ] } },
{ "type": "Feature", "properties": { "LonA": 23.8152, "LatA": 39.1111, "LonB": 23.5072, "LatB": 38.88, "SS_ID": 48.0, "Shape_Leng": 0.38506038245300001 }, "geometry": { "type": "LineString", "coordinates": [ [ 23.8152, 39.1111 ], [ 23.807069023000054, 39.105028979000053 ], [ 23.798939441000073, 39.098957385000062 ], [ 23.790811253000072, 39.09288521700006 ], [ 23.782684459000052, 39.08681247700008 ], [ 23.774559059000069, 39.080739164000079 ], [ 23.766435052000077, 39.074665278000055 ], [ 23.758312438000075, 39.068590821000043 ], [ 23.750191216000076, 39.062515791000067 ], [ 23.742071386000077, 39.056440190000046 ], [ 23.733952948000024, 39.050364017000049 ], [ 23.725835901000039, 39.044287272000076 ], [ 23.717720245000066, 39.038209957000049 ], [ 23.70960597900006, 39.032132070000046 ], [ 23.701493104000065, 39.026053613000045 ], [ 23.693381617000057, 39.019974586000046 ], [ 23.685271520000072, 39.013894988000061 ], [ 23.677162811000073, 39.007814820000078 ], [ 23.669055491000051, 39.001734083000031 ], [ 23.660949559000073, 38.995652775000053 ], [ 23.652845014000036, 38.989570899000057 ], [ 23.644741856000053, 38.983488453000064 ], [ 23.636640085000067, 38.977405438000062 ], [ 23.628539700000033, 38.971321855000042 ], [ 23.620440701000064, 38.965237702000024 ], [ 23.612343088000046, 38.959152982000035 ], [ 23.604246859000057, 38.953067694000026 ], [ 23.59615201500003, 38.946981837000067 ], [ 23.588058556000078, 38.940895413000078 ], [ 23.579966480000053, 38.93480842200006 ], [ 23.571875787000067, 38.92872086300008 ], [ 23.563786478000054, 38.922632738000061 ], [ 23.555698551000035, 38.91654404500008 ], [ 23.547612006000065, 38.910454786000059 ], [ 23.539526843000033, 38.904364961000056 ], [ 23.531443061000061, 38.89827456900008 ], [ 23.523360660000037, 38.892183612000053 ], [ 23.515279640000074, 38.886092089000044 ], [ 23.5072, 38.88 ] ] } },
{ "type": "Feature", "properties": { "LonA": 24.1568, "LatA": 39.203, "LonB": 24.4835, "LatB": 38.9747, "SS_ID": 50.0, "Shape_Leng": 0.39856505278299997 }, "geometry": { "type": "LineString", "coordinates": [ [ 24.1568, 39.203 ], [ 24.165424400000063, 39.19700397400004 ], [ 24.174047335000068, 39.191007304000038 ], [ 24.182668804000059, 39.185009990000026 ], [ 24.191288807000035, 39.17901203100007 ], [ 24.199907346000032, 39.173013429000036 ], [ 24.20852442000006, 39.167014183000049 ], [ 24.217140030000053, 39.16101429400004 ], [ 24.225754177000056, 39.155013762000067 ], [ 24.234366860000023, 39.149012588000062 ], [ 24.242978081000047, 39.143010770000046 ], [ 24.251587839000024, 39.137008311000045 ], [ 24.260196135000058, 39.13100520900008 ], [ 24.268802969000035, 39.125001466000072 ], [ 24.277408343000047, 39.118997081000032 ], [ 24.28601225500006, 39.112992055000063 ], [ 24.294614707000051, 39.106986387000063 ], [ 24.303215700000067, 39.100980079000067 ], [ 24.311815232000072, 39.094973130000028 ], [ 24.320413306000034, 39.08896554100005 ], [ 24.329009920000033, 39.082957312000076 ], [ 24.337605077000035, 39.076948443000049 ], [ 24.346198775000062, 39.070938934000026 ], [ 24.354791016000036, 39.064928786000053 ], [ 24.36338180000007, 39.058917998000027 ], [ 24.371971127000052, 39.05290657200004 ], [ 24.380558997000037, 39.046894507000047 ], [ 24.389145412000062, 39.040881804000037 ], [ 24.397730371000023, 39.034868462000077 ], [ 24.40631387600007, 39.028854483000032 ], [ 24.414895925000053, 39.022839866000027 ], [ 24.423476520000065, 39.016824611000061 ], [ 24.432055661000049, 39.010808719000067 ], [ 24.440633349000052, 39.004792190000046 ], [ 24.449209584000073, 38.998775025000043 ], [ 24.457784366000055, 38.992757223000069 ], [ 24.466357696000046, 38.986738784000067 ], [ 24.474929574000043, 38.980719710000074 ], [ 24.4835, 38.9747 ] ] } },
{ "type": "Feature", "properties": { "LonA": 25.1937, "LatA": 39.6598, "LonB": 24.7893, "LatB": 39.2878, "SS_ID": 51.0, "Shape_Leng": 0.54947672577600004 }, "geometry": { "type": "LineString", "coordinates": [ [ 25.1937, 39.6598 ], [ 25.18630870100003, 39.653049177000071 ], [ 25.178918841000041, 39.646297875000073 ], [ 25.171530417000042, 39.639546096000061 ], [ 25.16414343100007, 39.632793839000044 ], [ 25.156757880000043, 39.62604110400008 ], [ 25.149373765000064, 39.619287892000045 ], [ 25.141991086000075, 39.612534203000052 ], [ 25.134609841000042, 39.605780038000034 ], [ 25.127230030000078, 39.599025395000069 ], [ 25.119851652000023, 39.592270276000079 ], [ 25.112474708000036, 39.585514681000063 ], [ 25.105099196000026, 39.578758609000033 ], [ 25.097725117000039, 39.572002062000024 ], [ 25.090352469000038, 39.565245039000047 ], [ 25.082981252000025, 39.558487540000044 ], [ 25.075611465000065, 39.551729566000063 ], [ 25.068243108000047, 39.544971117000046 ], [ 25.060876181000026, 39.538212193000049 ], [ 25.053510682000024, 39.531452795000064 ], [ 25.04614661200003, 39.524692922000042 ], [ 25.038783970000054, 39.517932575000032 ], [ 25.031422755000051, 39.511171753000042 ], [ 25.024062967000077, 39.504410458000052 ], [ 25.016704606000076, 39.497648689000073 ], [ 25.009347670000068, 39.490886447000037 ], [ 25.001992159000054, 39.484123731000068 ], [ 24.994638073000033, 39.477360542000042 ], [ 24.987285411000073, 39.470596881000063 ], [ 24.979934173000061, 39.463832747000026 ], [ 24.972584358000063, 39.457068140000047 ], [ 24.965235966000023, 39.450303061000056 ], [ 24.957888996000065, 39.443537510000056 ], [ 24.95054344700003, 39.436771487000044 ], [ 24.943199320000076, 39.430004992000079 ], [ 24.935856613000055, 39.423238026000035 ], [ 24.928515326000024, 39.416470588000038 ], [ 24.92117545900004, 39.409702680000066 ], [ 24.913837011000055, 39.402934301000073 ], [ 24.906499981000024, 39.396165450000069 ], [ 24.899164369000061, 39.38939613000008 ], [ 24.891830175000052, 39.382626339000069 ], [ 24.884497398000065, 39.375856078000027 ], [ 24.877166037000052, 39.369085347000066 ], [ 24.869836092000071, 39.362314147000063 ], [ 24.862507563000065, 39.355542477000029 ], [ 24.855180448000056, 39.348770338000065 ], [ 24.847854748000032, 39.34199773000006 ], [ 24.840530461000071, 39.335224652000079 ], [ 24.83320758800005, 39.328451107000035 ], [ 24.825886128000036, 39.321677092000073 ], [ 24.818566080000039, 39.314902610000047 ], [ 24.81124744300007, 39.308127659000036 ], [ 24.803930218000062, 39.301352240000028 ], [ 24.796614404000024, 39.294576354000071 ], [ 24.7893, 39.2878 ] ] } },
{ "type": "Feature", "properties": { "LonA": 25.9926, "LatA": 39.6085, "LonB": 25.4064, "LatB": 39.3146, "SS_ID": 52.0, "Shape_Leng": 0.65575118872500004 }, "geometry": { "type": "LineString", "coordinates": [ [ 25.9926, 39.6085 ], [ 25.982950353000035, 39.603705981000076 ], [ 25.973302037000053, 39.598911157000032 ], [ 25.963655051000046, 39.594115528000032 ], [ 25.95400939600006, 39.589319094000075 ], [ 25.94436507100005, 39.584521855000048 ], [ 25.934722076000071, 39.579723812000054 ], [ 25.925080411000067, 39.574924966000026 ], [ 25.915440075000049, 39.570125315000041 ], [ 25.905801069000063, 39.565324861000079 ], [ 25.896163392000062, 39.560523603000036 ], [ 25.886527045000037, 39.555721543000061 ], [ 25.876892026000064, 39.550918679000063 ], [ 25.867258335000031, 39.546115013000076 ], [ 25.85762597400003, 39.541310545000044 ], [ 25.847994940000035, 39.536505275000025 ], [ 25.838365235000026, 39.531699203000073 ], [ 25.828736857000024, 39.526892329000077 ], [ 25.819109808000064, 39.522084654000025 ], [ 25.809484085000065, 39.517276177000042 ], [ 25.799859691000051, 39.512466900000049 ], [ 25.790236623000055, 39.507656823000048 ], [ 25.780614882000066, 39.502845944000057 ], [ 25.770994468000026, 39.498034266000047 ], [ 25.76137538100005, 39.493221788000028 ], [ 25.751757620000035, 39.488408510000056 ], [ 25.742141186000026, 39.483594433000064 ], [ 25.732526077000045, 39.478779557000053 ], [ 25.722912294000025, 39.473963881000032 ], [ 25.713299837000079, 39.469147408000026 ], [ 25.703688705000047, 39.464330135000068 ], [ 25.694078899000033, 39.459512065000069 ], [ 25.684470417000057, 39.454693196000051 ], [ 25.674863261000041, 39.449873530000048 ], [ 25.665257429000064, 39.445053066000071 ], [ 25.655652922000058, 39.440231806000043 ], [ 25.646049739000034, 39.435409748000041 ], [ 25.636447880000048, 39.430586893000054 ], [ 25.626847345000044, 39.425763242000073 ], [ 25.617248134000079, 39.42093879500004 ], [ 25.607650246000048, 39.41611355200007 ], [ 25.598053682000057, 39.411287513000048 ], [ 25.588458440000068, 39.40646067800003 ], [ 25.57886452200006, 39.401633049000054 ], [ 25.569271927000045, 39.396804624000026 ], [ 25.559680654000033, 39.39197540400005 ], [ 25.550090703000023, 39.387145390000057 ], [ 25.540502075000063, 39.382314582000049 ], [ 25.530914769000049, 39.377482980000025 ], [ 25.521328784000048, 39.372650583000052 ], [ 25.511744121000049, 39.367817394000042 ], [ 25.502160780000054, 39.362983410000027 ], [ 25.492578759000025, 39.358148634000031 ], [ 25.482998060000057, 39.353313065000066 ], [ 25.473418682000045, 39.348476704000063 ], [ 25.463840624000056, 39.343639550000034 ], [ 25.454263887000025, 39.338801604000025 ], [ 25.444688470000074, 39.333962866000036 ], [ 25.435114373000033, 39.329123336000066 ], [ 25.425541595000027, 39.324283015000049 ], [ 25.415970138000034, 39.31944190300004 ], [ 25.4064, 39.3146 ] ] } },
{ "type": "Feature", "properties": { "LonA": 25.4133, "LatA": 39.3729, "LonB": 24.8619, "LatB": 38.9743, "SS_ID": 53.0, "Shape_Leng": 0.68038717465599996 }, "geometry": { "type": "LineString", "coordinates": [ [ 25.4133, 39.3729 ], [ 25.40489885900007, 39.366880356000024 ], [ 25.396499161000065, 39.360860100000025 ], [ 25.388100905000044, 39.354839231000028 ], [ 25.379704090000075, 39.34881775000008 ], [ 25.371308717000034, 39.342795658000057 ], [ 25.362914784000054, 39.336772953000036 ], [ 25.35452229200007, 39.330749637000054 ], [ 25.346131240000034, 39.324725710000052 ], [ 25.337741627000071, 39.318701172000033 ], [ 25.329353454000056, 39.312676023000051 ], [ 25.320966719000069, 39.306650263000051 ], [ 25.31258142300004, 39.300623894000069 ], [ 25.304197564000049, 39.294596914000067 ], [ 25.295815144000073, 39.288569324000036 ], [ 25.287434160000032, 39.28254112500008 ], [ 25.279054613000028, 39.276512316000037 ], [ 25.270676502000072, 39.270482898000068 ], [ 25.262299827000049, 39.26445287100006 ], [ 25.253924588000075, 39.258422236000058 ], [ 25.245550784000045, 39.252390992000073 ], [ 25.237178414000027, 39.246359140000038 ], [ 25.228807479000068, 39.240326679000077 ], [ 25.220437977000074, 39.234293611000055 ], [ 25.212069909000036, 39.228259936000029 ], [ 25.203703274000077, 39.222225653000066 ], [ 25.195338071000037, 39.216190763000043 ], [ 25.186974301000078, 39.210155267000061 ], [ 25.178611962000048, 39.20411916300003 ], [ 25.170251055000051, 39.19808245400003 ], [ 25.161891579000041, 39.192045138000026 ], [ 25.153533533000029, 39.186007216000064 ], [ 25.145176918000061, 39.179968688000031 ], [ 25.136821732000044, 39.173929555000029 ], [ 25.128467976000024, 39.167889817000059 ], [ 25.120115648000024, 39.161849474000064 ], [ 25.111764749000031, 39.155808526000044 ], [ 25.103415278000057, 39.149766974000045 ], [ 25.095067235000045, 39.143724817000077 ], [ 25.086720619000062, 39.137682056000074 ], [ 25.078375430000051, 39.131638691000035 ], [ 25.070031667000023, 39.125594723000063 ], [ 25.061689330000036, 39.119550151000055 ], [ 25.053348419000031, 39.113504976000058 ], [ 25.045008934000066, 39.107459198000072 ], [ 25.036670873000048, 39.101412817000039 ], [ 25.028334236000035, 39.095365834000063 ], [ 25.019999024000072, 39.08931824900003 ], [ 25.011665235000066, 39.083270061000064 ], [ 25.003332869000076, 39.077221272000031 ], [ 24.995001926000043, 39.071171881000055 ], [ 24.986672405000036, 39.065121889000068 ], [ 24.978344306000054, 39.05907129600007 ], [ 24.97001762900004, 39.053020101000072 ], [ 24.961692373000062, 39.046968307000043 ], [ 24.953368538000063, 39.04091591100007 ], [ 24.945046123000054, 39.034862916000066 ], [ 24.936725128000035, 39.02880932000005 ], [ 24.928405552000072, 39.02275512500006 ], [ 24.920087396000042, 39.016700331000038 ], [ 24.911770658000023, 39.010644937000052 ], [ 24.903455338000072, 39.004588943000044 ], [ 24.895141437000063, 38.998532352000041 ], [ 24.88682895200003, 38.992475161000073 ], [ 24.878517885000065, 38.986417372000062 ], [ 24.870208234000074, 38.980358985000066 ], [ 24.8619, 38.9743 ] ] } },
{ "type": "Feature", "properties": { "LonA": 25.0721, "LatA": 39.0406, "LonB": 24.8184, "LatB": 38.8566, "SS_ID": 54.0, "Shape_Leng": 0.31340040548199999 }, "geometry": { "type": "LineString", "coordinates": [ [ 25.0721, 39.0406 ], [ 25.063895626000033, 39.034673230000067 ], [ 25.055692623000027, 39.028745877000063 ], [ 25.047490990000028, 39.022817940000039 ], [ 25.039290727000036, 39.016889422000077 ], [ 25.031091833000062, 39.010960321000027 ], [ 25.022894309000037, 39.005030638000051 ], [ 25.01469815300004, 38.999100373000033 ], [ 25.006503365000071, 38.993169526000031 ], [ 24.998309945000074, 38.987238098000034 ], [ 24.990117892000058, 38.981306089000043 ], [ 24.981927207000069, 38.975373498000067 ], [ 24.973737889000063, 38.969440327000029 ], [ 24.965549936000059, 38.963506575000054 ], [ 24.957363350000037, 38.957572243000072 ], [ 24.949178129000074, 38.95163733000004 ], [ 24.940994274000047, 38.945701838000048 ], [ 24.932811783000034, 38.939765765000061 ], [ 24.924630656000033, 38.933829113000058 ], [ 24.916450894000036, 38.92789188200004 ], [ 24.908272495000062, 38.921954072000062 ], [ 24.900095460000045, 38.916015683000069 ], [ 24.891919787000063, 38.910076715000059 ], [ 24.883745477000048, 38.90413716900008 ], [ 24.875572529000067, 38.898197044000028 ], [ 24.867400943000064, 38.892256342000053 ], [ 24.859230718000049, 38.886315062000051 ], [ 24.851061854000022, 38.88037320400008 ], [ 24.842894351000041, 38.874430768000025 ], [ 24.834728207000069, 38.868487756000036 ], [ 24.826563424000028, 38.862544166000077 ], [ 24.8184, 38.8566 ] ] } },
{ "type": "Feature", "properties": { "LonA": 24.8555, "LatA": 38.762, "LonB": 24.4876, "LatB": 38.5456, "SS_ID": 57.0, "Shape_Leng": 0.42682519445799999 }, "geometry": { "type": "LineString", "coordinates": [ [ 24.8555, 38.762 ], [ 24.846500457000047, 38.756735843000058 ], [ 24.837502236000034, 38.751470987000062 ], [ 24.828505336000035, 38.746205435000036 ], [ 24.819509759000027, 38.740939186000048 ], [ 24.810515502000044, 38.735672239000053 ], [ 24.801522567000063, 38.730404596000028 ], [ 24.792530953000039, 38.725136257000031 ], [ 24.783540659000039, 38.719867222000062 ], [ 24.774551685000063, 38.714597490000074 ], [ 24.765564031000054, 38.709327063000046 ], [ 24.756577697000068, 38.704055940000046 ], [ 24.747592682000061, 38.698784122000063 ], [ 24.738608987000077, 38.693511609000041 ], [ 24.729626610000025, 38.688238402000025 ], [ 24.720645552000065, 38.682964499000036 ], [ 24.711665813000025, 38.677689903000044 ], [ 24.70268739100004, 38.672414612000068 ], [ 24.693710288000034, 38.667138628000032 ], [ 24.684734501000037, 38.66186194900007 ], [ 24.675760033000074, 38.656584578000036 ], [ 24.666786881000064, 38.651306513000065 ], [ 24.657815046000053, 38.646027755000034 ], [ 24.648844527000051, 38.640748305000045 ], [ 24.639875325000048, 38.635468162000052 ], [ 24.630907438000065, 38.630187326000055 ], [ 24.621940867000035, 38.624905799000032 ], [ 24.612975612000071, 38.619623580000052 ], [ 24.604011671000023, 38.614340669000057 ], [ 24.595049046000042, 38.609057067000037 ], [ 24.586087735000035, 38.603772774000049 ], [ 24.577127738000058, 38.598487790000036 ], [ 24.568169056000045, 38.593202115000054 ], [ 24.559211687000072, 38.587915750000036 ], [ 24.550255632000074, 38.582628695000039 ], [ 24.541300890000059, 38.577340949000074 ], [ 24.532347461000029, 38.572052514000063 ], [ 24.52339534400005, 38.566763389000073 ], [ 24.514444540000056, 38.561473575000036 ], [ 24.505495048000057, 38.556183072000067 ], [ 24.496546868000053, 38.550891880000052 ], [ 24.4876, 38.5456 ] ] } },
{ "type": "Feature", "properties": { "LonA": 26.3703, "LatA": 39.3702, "LonB": 26.0783, "LatB": 39.0346, "SS_ID": 58.0, "Shape_Leng": 0.44485044511299998 }, "geometry": { "type": "LineString", "coordinates": [ [ 26.3703, 39.3702 ], [ 26.363780828000074, 39.362750411000036 ], [ 26.357263042000056, 39.355300447000047 ], [ 26.350746639000079, 39.347850108000046 ], [ 26.344231621000063, 39.340399395000077 ], [ 26.33771798500004, 39.332948309000074 ], [ 26.331205732000058, 39.325496848000057 ], [ 26.324694862000058, 39.318045013000074 ], [ 26.318185372000073, 39.310592804000066 ], [ 26.311677263000036, 39.303140223000071 ], [ 26.305170535000059, 39.295687268000052 ], [ 26.298665186000051, 39.288233939000065 ], [ 26.292161216000068, 39.280780238000034 ], [ 26.285658625000053, 39.273326164000025 ], [ 26.279157412000075, 39.265871718000028 ], [ 26.272657575000039, 39.258416899000053 ], [ 26.26615911600004, 39.250961707000044 ], [ 26.259662032000051, 39.243506144000037 ], [ 26.253166324000063, 39.236050209000041 ], [ 26.246671991000028, 39.228593902000057 ], [ 26.240179033000061, 39.221137223000028 ], [ 26.233687448000069, 39.213680173000057 ], [ 26.227197236000052, 39.206222752000031 ], [ 26.220708396000077, 39.198764960000062 ], [ 26.214220929000078, 39.191306797000038 ], [ 26.207734833000075, 39.183848263000073 ], [ 26.201250108000067, 39.176389359000041 ], [ 26.194766753000067, 39.168930084000067 ], [ 26.188284768000074, 39.161470439000027 ], [ 26.181804151000051, 39.154010424000035 ], [ 26.175324903000046, 39.146550039000033 ], [ 26.168847023000069, 39.139089285000068 ], [ 26.162370511000063, 39.131628161000037 ], [ 26.15589536400006, 39.124166667000054 ], [ 26.149421584000038, 39.11670480500004 ], [ 26.142949170000065, 39.109242573000074 ], [ 26.136478120000049, 39.101779973000077 ], [ 26.130008435000036, 39.094317004000061 ], [ 26.123540114000036, 39.086853666000025 ], [ 26.11707315600006, 39.079389960000071 ], [ 26.110607560000062, 39.071925886000031 ], [ 26.104143326000042, 39.064461444000074 ], [ 26.097680454000056, 39.056996635000075 ], [ 26.091218943000058, 39.049531457000057 ], [ 26.08475879100007, 39.042065912000055 ], [ 26.0783, 39.0346 ] ] } },
{ "type": "Feature", "properties": { "LonA": 25.823, "LatA": 38.8308, "LonB": 25.3831, "LatB": 38.6163, "SS_ID": 60.0, "Shape_Leng": 0.48941071080499998 }, "geometry": { "type": "LineString", "coordinates": [ [ 25.823, 38.8308 ], [ 25.81340896200004, 38.82615467800008 ], [ 25.803819171000043, 38.821508564000055 ], [ 25.794230626000058, 38.816861660000029 ], [ 25.784643328000072, 38.812213966000058 ], [ 25.775057275000052, 38.80756548100004 ], [ 25.765472468000041, 38.802916206000077 ], [ 25.755888907000042, 38.798266141000056 ], [ 25.746306592000053, 38.793615286000033 ], [ 25.736725522000029, 38.788963643000045 ], [ 25.727145697000026, 38.784311210000055 ], [ 25.717567118000034, 38.779657988000054 ], [ 25.707989783000073, 38.77500397700004 ], [ 25.698413693000077, 38.77034917800006 ], [ 25.688838848000046, 38.765693591000058 ], [ 25.679265247000046, 38.761037216000034 ], [ 25.669692890000078, 38.756380053000044 ], [ 25.660121778000075, 38.751722103000077 ], [ 25.650551909000058, 38.747063365000031 ], [ 25.640983285000061, 38.742403840000065 ], [ 25.63141590400005, 38.737743528000067 ], [ 25.621849766000025, 38.733082430000024 ], [ 25.612284872000032, 38.728420546000052 ], [ 25.602721221000024, 38.723757875000047 ], [ 25.593158813000059, 38.719094418000054 ], [ 25.583597648000023, 38.714430176000064 ], [ 25.574037726000029, 38.709765148000031 ], [ 25.564479046000031, 38.705099335000057 ], [ 25.554921609000075, 38.700432737000028 ], [ 25.545365414000059, 38.695765354000059 ], [ 25.53581046100004, 38.691097187000025 ], [ 25.526256750000073, 38.686428235000051 ], [ 25.516704280000056, 38.681758499000068 ], [ 25.507153052000035, 38.677087980000067 ], [ 25.497603066000067, 38.672416677000058 ], [ 25.48805432000006, 38.667744590000041 ], [ 25.478506816000049, 38.663071720000062 ], [ 25.468960553000045, 38.658398068000054 ], [ 25.459415531000047, 38.653723632000037 ], [ 25.449871749000067, 38.649048414000049 ], [ 25.440329208000037, 38.644372414000031 ], [ 25.430787907000024, 38.639695632000041 ], [ 25.421247846000028, 38.635018069000068 ], [ 25.41170902500005, 38.630339723000077 ], [ 25.402171444000032, 38.625660596000046 ], [ 25.392635102000042, 38.620980689000078 ], [ 25.3831, 38.6163 ] ] } },
{ "type": "Feature", "properties": { "LonA": 26.6622, "LatA": 37.8125, "LonB": 26.3649, "LatB": 37.5772, "SS_ID": 66.0, "Shape_Leng": 0.37914857024300003 }, "geometry": { "type": "LineString", "coordinates": [ [ 26.6622, 37.8125 ], [ 26.654352198000026, 37.806317640000032 ], [ 26.646505705000038, 37.800134752000076 ], [ 26.63866052000003, 37.793951334000042 ], [ 26.63081664200007, 37.787767387000031 ], [ 26.622974071000044, 37.781582912000033 ], [ 26.615132808000055, 37.775397908000059 ], [ 26.607292851000068, 37.769212376000041 ], [ 26.599454200000025, 37.763026317000026 ], [ 26.591616854000051, 37.756839729000035 ], [ 26.583780814000079, 37.750652614000046 ], [ 26.575946078000072, 37.74446497100007 ], [ 26.568112647000078, 37.73827680100004 ], [ 26.560280521000038, 37.73208810400007 ], [ 26.552449697000043, 37.725898881000035 ], [ 26.54462017700007, 37.719709131000059 ], [ 26.536791960000073, 37.713518854000029 ], [ 26.528965045000064, 37.707328051000047 ], [ 26.52113943300003, 37.701136723000047 ], [ 26.513315122000051, 37.69494486800005 ], [ 26.50549211200007, 37.688752488000034 ], [ 26.497670403000029, 37.682559583000057 ], [ 26.489849995000043, 37.676366152000071 ], [ 26.482030886000075, 37.670172196000067 ], [ 26.474213078000048, 37.663977716000034 ], [ 26.46639656800005, 37.657782711000038 ], [ 26.45858135800006, 37.651587181000025 ], [ 26.450767446000043, 37.645391128000028 ], [ 26.442954832000055, 37.63919455000007 ], [ 26.435143516000039, 37.632997449000072 ], [ 26.427333497000063, 37.626799824000045 ], [ 26.41952477500007, 37.620601676000035 ], [ 26.411717349000071, 37.614403004000053 ], [ 26.403911220000055, 37.608203810000077 ], [ 26.396106386000042, 37.602004093000062 ], [ 26.388302847000034, 37.595803853000064 ], [ 26.380500604000076, 37.589603091000072 ], [ 26.372699655000076, 37.58340180600004 ], [ 26.3649, 37.5772 ] ] } },
{ "type": "Feature", "properties": { "LonA": 26.1524, "LatA": 37.6994, "LonB": 25.6901, "LatB": 37.3807, "SS_ID": 68.0, "Shape_Leng": 0.56150881021700005 }, "geometry": { "type": "LineString", "coordinates": [ [ 26.1524, 37.6994 ], [ 26.143959339000048, 37.693621814000039 ], [ 26.135519987000066, 37.687843018000081 ], [ 26.127081946000033, 37.682063613000025 ], [ 26.118645213000036, 37.676283598000055 ], [ 26.110209789000066, 37.670502975000034 ], [ 26.101775675000056, 37.66472174200004 ], [ 26.093342868000036, 37.658939901000053 ], [ 26.084911369000054, 37.653157451000027 ], [ 26.076481178000051, 37.647374393000064 ], [ 26.06805229400004, 37.64159072700005 ], [ 26.059624717000077, 37.635806454000033 ], [ 26.051198446000058, 37.630021573000079 ], [ 26.04277348200003, 37.624236084000074 ], [ 26.034349823000071, 37.618449988000066 ], [ 26.025927470000056, 37.612663286000043 ], [ 26.017506422000054, 37.606875977000072 ], [ 26.009086679000063, 37.601088061000041 ], [ 26.000668241000028, 37.595299539000052 ], [ 25.992251107000072, 37.589510411000049 ], [ 25.983835276000036, 37.583720677000031 ], [ 25.975420750000069, 37.577930337000055 ], [ 25.967007526000032, 37.572139392000054 ], [ 25.958595605000028, 37.566347842000027 ], [ 25.950184987000057, 37.560555687000033 ], [ 25.941775670000027, 37.554762928000059 ], [ 25.93336765600003, 37.548969563000071 ], [ 25.924960943000031, 37.543175595000037 ], [ 25.916555531000029, 37.537381022000034 ], [ 25.908151420000024, 37.531585845000052 ], [ 25.899748609000028, 37.525790065000024 ], [ 25.891347099000029, 37.519993682000063 ], [ 25.882946888000049, 37.514196695000066 ], [ 25.874547977000077, 37.50839910500008 ], [ 25.866150365000067, 37.502600912000048 ], [ 25.857754051000029, 37.496802117000072 ], [ 25.849359036000067, 37.491002719000051 ], [ 25.840965319000077, 37.485202719000029 ], [ 25.832572900000059, 37.479402117000063 ], [ 25.824181778000025, 37.473600914000031 ], [ 25.815791954000076, 37.467799109000055 ], [ 25.807403426000064, 37.461996703000068 ], [ 25.799016194000046, 37.456193695000024 ], [ 25.790630259000068, 37.450390087000073 ], [ 25.782245619000037, 37.444585878000055 ], [ 25.773862274000066, 37.438781069000072 ], [ 25.765480225000033, 37.432975660000068 ], [ 25.757099470000071, 37.427169650000053 ], [ 25.748720010000056, 37.421363041000063 ], [ 25.740341843000067, 37.415555832000052 ], [ 25.731964970000035, 37.409748024000066 ], [ 25.723589391000075, 37.403939616000059 ], [ 25.715215105000027, 37.398130610000067 ], [ 25.706842111000071, 37.392321005000042 ], [ 25.698470409000038, 37.386510802000032 ], [ 25.6901, 37.3807 ] ] } },
{ "type": "Feature", "properties": { "LonA": 24.7294, "LatA": 37.7178, "LonB": 24.344, "LatB": 37.4523, "SS_ID": 70.0, "Shape_Leng": 0.46799997083099998 }, "geometry": { "type": "LineString", "coordinates": [ [ 24.7294, 37.7178 ], [ 24.720992574000036, 37.71204180400008 ], [ 24.71258645000006, 37.706283002000077 ], [ 24.704181626000036, 37.700523596000039 ], [ 24.695778103000066, 37.694763585000032 ], [ 24.687375880000047, 37.689002970000047 ], [ 24.678974956000047, 37.683241750000036 ], [ 24.670575332000055, 37.677479927000036 ], [ 24.662177008000072, 37.671717500000057 ], [ 24.65377998200006, 37.665954469000042 ], [ 24.645384254000078, 37.660190835000037 ], [ 24.636989825000057, 37.654426598000043 ], [ 24.628596693000077, 37.64866175800006 ], [ 24.620204859000069, 37.64289631500003 ], [ 24.611814322000043, 37.637130270000057 ], [ 24.603425082000058, 37.631363622000038 ], [ 24.595037138000066, 37.625596373000064 ], [ 24.586650490000068, 37.619828521000045 ], [ 24.578265138000063, 37.614060068000072 ], [ 24.569881081000062, 37.608291014000031 ], [ 24.561498320000055, 37.602521358000047 ], [ 24.553116853000063, 37.596751102000042 ], [ 24.544736681000074, 37.590980245000026 ], [ 24.536357803000044, 37.585208787000056 ], [ 24.527980218000039, 37.579436729000065 ], [ 24.519603927000048, 37.573664070000063 ], [ 24.511228929000026, 37.56789081200003 ], [ 24.502855224000029, 37.562116954000032 ], [ 24.494482811000069, 37.55634249700006 ], [ 24.48611169000003, 37.550567441000055 ], [ 24.477741861000027, 37.544791785000029 ], [ 24.46937332400006, 37.539015531000075 ], [ 24.461006077000036, 37.533238678000032 ], [ 24.452640122000048, 37.527461226000071 ], [ 24.444275456000071, 37.521683177000057 ], [ 24.435912081000026, 37.515904529000068 ], [ 24.427549995000049, 37.510125284000026 ], [ 24.419189199000073, 37.504345441000055 ], [ 24.41082969200005, 37.498565 ], [ 24.402471473000048, 37.492783963000079 ], [ 24.394114543000057, 37.487002329000063 ], [ 24.385758901000031, 37.481220098000051 ], [ 24.377404547000026, 37.475437270000043 ], [ 24.369051480000053, 37.469653847000075 ], [ 24.360699700000055, 37.463869827000053 ], [ 24.352349207000032, 37.458085211000025 ], [ 24.344, 37.4523 ] ] } },
{ "type": "Feature", "properties": { "LonA": 24.4593, "LatA": 37.5617, "LonB": 24.6557, "LatB": 38.0692, "SS_ID": 71.0, "Shape_Leng": 0.54417808796199996 }, "geometry": { "type": "LineString", "coordinates": [ [ 24.4593, 37.5617 ], [ 24.462606524000023, 37.570304774000078 ], [ 24.465913809000028, 37.578909443000043 ], [ 24.469221856000047, 37.587514006000049 ], [ 24.472530664000033, 37.596118464000028 ], [ 24.475840234000032, 37.604722817000038 ], [ 24.479150566000044, 37.613327065000078 ], [ 24.482461662000048, 37.621931207000046 ], [ 24.485773520000066, 37.630535243000054 ], [ 24.489086143000065, 37.639139174000036 ], [ 24.492399530000057, 37.647742999000059 ], [ 24.495713681000041, 37.656346719000055 ], [ 24.499028597000063, 37.664950333000036 ], [ 24.502344278000066, 37.673553841000057 ], [ 24.505660725000041, 37.682157243000063 ], [ 24.508977938000044, 37.690760540000042 ], [ 24.512295918000063, 37.699363731000062 ], [ 24.515614665000044, 37.707966815000077 ], [ 24.518934179000041, 37.716569794000065 ], [ 24.522254461000045, 37.725172666000049 ], [ 24.525575511000056, 37.733775433000062 ], [ 24.528897329000074, 37.74237809300007 ], [ 24.532219917000077, 37.750980647000063 ], [ 24.535543274000077, 37.759583095000039 ], [ 24.538867400000072, 37.768185436000067 ], [ 24.542192297000042, 37.776787671000079 ], [ 24.545517965000045, 37.785389800000075 ], [ 24.548844404000079, 37.793991822000066 ], [ 24.552171614000031, 37.802593737000052 ], [ 24.555499595000072, 37.811195546000079 ], [ 24.558828350000056, 37.819797249000032 ], [ 24.562157876000072, 37.828398844000048 ], [ 24.565488176000031, 37.837000333000049 ], [ 24.568819250000047, 37.845601716000033 ], [ 24.572151097000074, 37.854202991000079 ], [ 24.575483718000044, 37.862804159000063 ], [ 24.578817115000049, 37.871405221000032 ], [ 24.582151286000055, 37.880006175000062 ], [ 24.58548623300004, 37.888607023000077 ], [ 24.588821956000061, 37.89720776300004 ], [ 24.59215845500006, 37.905808396000054 ], [ 24.595495731000028, 37.914408922000064 ], [ 24.598833784000078, 37.923009341000068 ], [ 24.602172615000029, 37.931609653000066 ], [ 24.605512224000051, 37.94020985700007 ], [ 24.608852611000032, 37.94880995300008 ], [ 24.612193777000073, 37.957409943000073 ], [ 24.61553572300005, 37.966009824000025 ], [ 24.618878448000032, 37.974609598000029 ], [ 24.622221953000064, 37.983209265000028 ], [ 24.625566239000023, 37.991808824000032 ], [ 24.628911305000031, 38.000408275000041 ], [ 24.632257153000069, 38.009007618000055 ], [ 24.635603783000079, 38.017606854000064 ], [ 24.638951194000072, 38.026205982000079 ], [ 24.642299389000073, 38.034805001000052 ], [ 24.645648366000046, 38.043403913000077 ], [ 24.648998127000027, 38.05200271700005 ], [ 24.652348671000027, 38.06060141200004 ], [ 24.6557, 38.0692 ] ] } },
{ "type": "Feature", "properties": { "LonA": 24.6439, "LatA": 38.0857, "LonB": 25.0751, "LatB": 38.5514, "SS_ID": 72.0, "Shape_Leng": 0.63467482996400004 }, "geometry": { "type": "LineString", "coordinates": [ [ 24.6439, 38.0857 ], [ 24.650595252000073, 38.092988981000076 ], [ 24.657291835000024, 38.100277571000049 ], [ 24.663989747000073, 38.107565771000054 ], [ 24.670688991000077, 38.114853579000055 ], [ 24.677389566000045, 38.122140997000031 ], [ 24.68409147400007, 38.12942802300006 ], [ 24.690794714000049, 38.136714657000027 ], [ 24.697499287000028, 38.144000900000037 ], [ 24.704205194000053, 38.151286752000033 ], [ 24.710912435000068, 38.158572211000035 ], [ 24.717621011000062, 38.165857278000033 ], [ 24.724330922000036, 38.173141953000027 ], [ 24.731042169000034, 38.180426235000027 ], [ 24.737754753000047, 38.187710124000034 ], [ 24.744468674000075, 38.194993621000037 ], [ 24.75118393200006, 38.202276724000058 ], [ 24.75790052800005, 38.209559435000074 ], [ 24.764618463000033, 38.21684175200005 ], [ 24.771337737000067, 38.224123675000044 ], [ 24.778058351000027, 38.231405204000055 ], [ 24.784780305000027, 38.238686340000072 ], [ 24.791503600000055, 38.24596708200005 ], [ 24.798228236000057, 38.253247429000055 ], [ 24.804954214000077, 38.260527382000078 ], [ 24.811681535000048, 38.267806940000071 ], [ 24.818410198000038, 38.275086103000035 ], [ 24.825140205000025, 38.282364872000073 ], [ 24.831871557000056, 38.289643245000036 ], [ 24.838604252000039, 38.296921223000027 ], [ 24.845338293000054, 38.304198805000055 ], [ 24.852073680000046, 38.311475992000055 ], [ 24.858810413000072, 38.318752782000047 ], [ 24.865548493000063, 38.326029177000066 ], [ 24.872287920000076, 38.333305176000067 ], [ 24.879028696000034, 38.34058077800006 ], [ 24.885770819000072, 38.347855983000045 ], [ 24.892514292000044, 38.355130792000068 ], [ 24.899259114000074, 38.362405204000027 ], [ 24.906005287000028, 38.369679218000044 ], [ 24.912752810000029, 38.376952836000044 ], [ 24.919501684000068, 38.384226056000045 ], [ 24.926251910000076, 38.39149887800005 ], [ 24.933003488000054, 38.398771302000057 ], [ 24.939756420000037, 38.406043329000056 ], [ 24.946510704000048, 38.413314957000068 ], [ 24.953266343000053, 38.420586187000026 ], [ 24.960023336000063, 38.427857018000054 ], [ 24.966781685000058, 38.435127451000028 ], [ 24.973541389000047, 38.442397484000026 ], [ 24.980302449000078, 38.449667119000026 ], [ 24.987064866000026, 38.45693635400005 ], [ 24.993828640000061, 38.46420519000003 ], [ 25.000593772000059, 38.47147362700008 ], [ 25.007360262000077, 38.478741663000051 ], [ 25.014128112000037, 38.486009300000035 ], [ 25.020897320000074, 38.493276536000053 ], [ 25.027667889000043, 38.500543372000038 ], [ 25.034439819000056, 38.507809808000047 ], [ 25.041213110000058, 38.515075842000044 ], [ 25.047987762000048, 38.522341476000065 ], [ 25.054763777000062, 38.529606709000063 ], [ 25.061541154000054, 38.536871541000039 ], [ 25.068319895000059, 38.54413597100006 ], [ 25.0751, 38.5514 ] ] } },
{ "type": "Feature", "properties": { "LonA": 24.1143, "LatA": 37.4254, "LonB": 23.851, "LatB": 37.1669, "SS_ID": 73.0, "Shape_Leng": 0.36898425088699999 }, "geometry": { "type": "LineString", "coordinates": [ [ 24.1143, 37.4254 ], [ 24.107160039000064, 37.418421383000066 ], [ 24.100021402000039, 37.411442327000032 ], [ 24.09288409100003, 37.404462832000036 ], [ 24.085748103000071, 37.397482898000078 ], [ 24.078613438000048, 37.390502525000045 ], [ 24.071480097000062, 37.38352171300005 ], [ 24.064348078000023, 37.376540463000026 ], [ 24.057217381000044, 37.369558774000041 ], [ 24.050088006000067, 37.362576647000026 ], [ 24.042959951000057, 37.355594083000028 ], [ 24.035833217000061, 37.348611081000058 ], [ 24.028707803000032, 37.341627641000059 ], [ 24.021583709000026, 37.334643764000077 ], [ 24.014460933000066, 37.327659450000056 ], [ 24.007339476000027, 37.320674699000051 ], [ 24.000219337000033, 37.313689511000064 ], [ 23.993100516000027, 37.306703886000037 ], [ 23.98598301100003, 37.299717826000062 ], [ 23.978866823000033, 37.292731328000059 ], [ 23.971751951000044, 37.285744395000052 ], [ 23.964638395000065, 37.278757026000051 ], [ 23.95752615300006, 37.271769222000046 ], [ 23.950415226000075, 37.264780982000048 ], [ 23.943305614000053, 37.257792306000056 ], [ 23.936197314000026, 37.250803196000049 ], [ 23.929090328000029, 37.24381365000005 ], [ 23.921984654000028, 37.236823670000035 ], [ 23.914880293000067, 37.229833256000063 ], [ 23.907777243000055, 37.22284240700003 ], [ 23.900675504000048, 37.21585112300005 ], [ 23.893575075000058, 37.208859406000045 ], [ 23.886475957000073, 37.201867255000025 ], [ 23.879378149000047, 37.194874671000036 ], [ 23.872281649000058, 37.187881653000034 ], [ 23.865186458000039, 37.180888201000073 ], [ 23.858092575000057, 37.173894317000077 ], [ 23.851, 37.1669 ] ] } },
{ "type": "Feature", "properties": { "LonA": 24.3281, "LatA": 36.9818, "LonB": 24.6973, "LatB": 37.2038, "SS_ID": 74.0, "Shape_Leng": 0.43080506966299997 }, "geometry": { "type": "LineString", "coordinates": [ [ 24.3281, 36.9818 ], [ 24.336865479000039, 36.987099139000065 ], [ 24.34563217300007, 36.992397627000059 ], [ 24.354400084000076, 36.997695462000024 ], [ 24.363169212000059, 37.002992645000063 ], [ 24.371939556000029, 37.008289175000073 ], [ 24.380711117000033, 37.013585052000053 ], [ 24.389483896000058, 37.018880276000061 ], [ 24.398257892000061, 37.02417484700004 ], [ 24.407033105000039, 37.029468764000057 ], [ 24.41580953700003, 37.034762027000056 ], [ 24.424587188000032, 37.040054637000026 ], [ 24.433366056000068, 37.045346592000044 ], [ 24.442146144000048, 37.050637893000044 ], [ 24.450927450000052, 37.055928539000035 ], [ 24.459709976000056, 37.061218531000065 ], [ 24.468493722000062, 37.066507867000041 ], [ 24.477278687000023, 37.071796548000066 ], [ 24.486064873000032, 37.077084574000025 ], [ 24.494852278000053, 37.082371944000045 ], [ 24.503640905000054, 37.087658658000066 ], [ 24.512430752000057, 37.09294471700008 ], [ 24.521221820000051, 37.09823011800006 ], [ 24.530014109000035, 37.103514864000033 ], [ 24.538807620000057, 37.108798952000029 ], [ 24.547602353000059, 37.114082384000028 ], [ 24.556398308000041, 37.119365158000051 ], [ 24.56519548600005, 37.124647275000029 ], [ 24.573993886000039, 37.129928735000078 ], [ 24.582793509000055, 37.135209536000048 ], [ 24.591594355000041, 37.14048968000003 ], [ 24.600396424000053, 37.145769165000047 ], [ 24.609199717000024, 37.151047992000031 ], [ 24.618004234000068, 37.156326161000038 ], [ 24.626809975000072, 37.161603670000034 ], [ 24.635616940000034, 37.166880520000063 ], [ 24.644425130000059, 37.172156711000071 ], [ 24.653234544000043, 37.177432243000055 ], [ 24.662045184000078, 37.182707115000028 ], [ 24.670857050000052, 37.187981326000056 ], [ 24.679670140000042, 37.193254878000062 ], [ 24.688484457000072, 37.198527769000066 ], [ 24.6973, 37.2038 ] ] } },
{ "type": "Feature", "properties": { "LonA": 25.2351, "LatA": 37.1868, "LonB": 24.8524, "LatB": 36.9213, "SS_ID": 75.0, "Shape_Leng": 0.465779002419 }, "geometry": { "type": "LineString", "coordinates": [ [ 25.2351, 37.1868 ], [ 25.226752027000032, 37.181041549000042 ], [ 25.218405322000024, 37.175282505000041 ], [ 25.210059884000032, 37.169522867000069 ], [ 25.201715712000066, 37.163762635000069 ], [ 25.19337280700006, 37.158001811000076 ], [ 25.185031168000023, 37.152240394000046 ], [ 25.176690794000024, 37.146478384000034 ], [ 25.168351686000051, 37.140715782000029 ], [ 25.160013843000058, 37.134952588000033 ], [ 25.151677265000046, 37.129188801000055 ], [ 25.143341951000025, 37.123424423000074 ], [ 25.135007901000051, 37.117659454000034 ], [ 25.126675115000069, 37.111893893000058 ], [ 25.118343593000077, 37.10612774100008 ], [ 25.11001333300004, 37.100360998000042 ], [ 25.101684337000052, 37.094593664000058 ], [ 25.093356602000028, 37.088825739000072 ], [ 25.085030130000064, 37.083057225000061 ], [ 25.076704920000054, 37.077288120000048 ], [ 25.068380971000067, 37.071518426000068 ], [ 25.060058283000046, 37.065748141000029 ], [ 25.051736856000048, 37.059977268000068 ], [ 25.043416689000026, 37.054205805000038 ], [ 25.035097783000026, 37.048433752000051 ], [ 25.02678013600007, 37.042661112000076 ], [ 25.018463749000034, 37.03688788200003 ], [ 25.010148622000031, 37.031114064000064 ], [ 25.001834753000026, 37.025339658000064 ], [ 24.993522142000074, 37.019564664000029 ], [ 24.985210790000053, 37.013789082000073 ], [ 24.97690069500004, 37.008012912000027 ], [ 24.968591858000025, 37.002236155000048 ], [ 24.960284279000064, 36.996458811000025 ], [ 24.951977956000064, 36.99068088000007 ], [ 24.943672890000073, 36.984902362000071 ], [ 24.935369080000044, 36.979123258000072 ], [ 24.927066525000043, 36.973343567000029 ], [ 24.918765227000051, 36.967563290000044 ], [ 24.910465184000032, 36.961782428000049 ], [ 24.902166395000052, 36.956000979000066 ], [ 24.893868861000044, 36.950218945000074 ], [ 24.885572582000066, 36.944436326000073 ], [ 24.877277556000024, 36.938653122000062 ], [ 24.868983784000022, 36.932869332000053 ], [ 24.86069126600006, 36.92708495800008 ], [ 24.8524, 36.9213 ] ] } },
{ "type": "Feature", "properties": { "LonA": 21.3207, "LatA": 38.4249, "LonB": 21.2028, "LatB": 38.6785, "SS_ID": 114.0, "Shape_Leng": 0.27966663020600002 }, "geometry": { "type": "LineString", "coordinates": [ [ 21.3207, 38.4249 ], [ 21.31678331300003, 38.433355419000065 ], [ 21.312865712000075, 38.441810695000072 ], [ 21.308947197000066, 38.450265827000067 ], [ 21.30502776700007, 38.458720816000039 ], [ 21.30110742200003, 38.467175662000045 ], [ 21.29718616200006, 38.47563036400004 ], [ 21.293263985000067, 38.484084923000069 ], [ 21.289340892000041, 38.492539338000029 ], [ 21.28541688200005, 38.50099361000008 ], [ 21.281491955000035, 38.509447738000063 ], [ 21.277566110000066, 38.517901722000033 ], [ 21.273639346000039, 38.526355562000049 ], [ 21.269711663000066, 38.534809258000053 ], [ 21.265783061000036, 38.543262810000044 ], [ 21.261853539000072, 38.551716218000024 ], [ 21.257923097000059, 38.560169482000049 ], [ 21.253991734000067, 38.568622602000062 ], [ 21.250059449000048, 38.577075577000073 ], [ 21.246126243000049, 38.585528408000073 ], [ 21.242192115000023, 38.593981095000061 ], [ 21.238257063000049, 38.602433637000047 ], [ 21.234321089000048, 38.610886034000032 ], [ 21.230384191000041, 38.619338287000062 ], [ 21.22644636900003, 38.627790395000034 ], [ 21.222507622000023, 38.636242358000061 ], [ 21.218567950000022, 38.644694177000076 ], [ 21.214627352000036, 38.653145850000044 ], [ 21.210685828000067, 38.661597379000057 ], [ 21.206743378000056, 38.670048762000079 ], [ 21.2028, 38.6785 ] ] } },
{ "type": "Feature", "properties": { "LonA": 21.197, "LatA": 38.6793, "LonB": 21.03, "LatB": 38.946, "SS_ID": 115.0, "Shape_Leng": 0.31467126919499999 }, "geometry": { "type": "LineString", "coordinates": [ [ 21.197, 38.6793 ], [ 21.191957647000038, 38.687385495000058 ], [ 21.186914159000025, 38.69547076200007 ], [ 21.181869535000033, 38.703555800000061 ], [ 21.176823776000049, 38.711640609000028 ], [ 21.171776879000049, 38.71972518900003 ], [ 21.166728845000023, 38.727809539000077 ], [ 21.161679673000037, 38.735893661000034 ], [ 21.156629363000036, 38.743977553000036 ], [ 21.151577914000029, 38.752061216000072 ], [ 21.146525326000074, 38.760144650000029 ], [ 21.141471597000077, 38.768227853000042 ], [ 21.136416728000029, 38.776310827000032 ], [ 21.131360717000064, 38.784393571000066 ], [ 21.126303565000057, 38.792476085000033 ], [ 21.121245270000031, 38.800558369000044 ], [ 21.116185833000031, 38.808640422000053 ], [ 21.111125252000022, 38.81672224600004 ], [ 21.10606352700006, 38.824803839000026 ], [ 21.101000658000032, 38.832885201000067 ], [ 21.095936644000062, 38.84096633200005 ], [ 21.090871484000047, 38.849047233000078 ], [ 21.085805177000054, 38.857127903000048 ], [ 21.080737724000073, 38.865208342000074 ], [ 21.075669124000058, 38.873288550000041 ], [ 21.070599376000075, 38.881368526000074 ], [ 21.065528479000022, 38.889448271000049 ], [ 21.060456434000059, 38.897527785000079 ], [ 21.055383239000037, 38.905607067000062 ], [ 21.050308893000079, 38.913686118000044 ], [ 21.045233397000061, 38.921764936000045 ], [ 21.040156750000051, 38.929843523000045 ], [ 21.03507895100006, 38.937921878000054 ], [ 21.03, 38.946 ] ] } },
{ "type": "Feature", "properties": { "LonA": 20.4309, "LatA": 38.4739, "LonB": 20.6025, "LatB": 38.9407, "SS_ID": 130.0, "Shape_Leng": 0.497342136878 }, "geometry": { "type": "LineString", "coordinates": [ [ 20.4309, 38.4739 ], [ 20.434057592000045, 38.482547062000037 ], [ 20.437215939000055, 38.491194025000027 ], [ 20.440375041000038, 38.499840891000076 ], [ 20.443534899000042, 38.508487659000025 ], [ 20.446695512000076, 38.517134328000054 ], [ 20.449856881000073, 38.525780900000029 ], [ 20.453019007000023, 38.534427373000028 ], [ 20.456181891000028, 38.54307374800004 ], [ 20.459345531000054, 38.551720025000066 ], [ 20.462509930000067, 38.560366203000058 ], [ 20.465675087000022, 38.569012283000063 ], [ 20.468841002000033, 38.577658265000025 ], [ 20.472007677000022, 38.586304148000067 ], [ 20.475175111000055, 38.594949933000066 ], [ 20.478343305000067, 38.603595619000032 ], [ 20.481512259000056, 38.612241207000068 ], [ 20.484681974000068, 38.620886696000071 ], [ 20.487852450000048, 38.62953208600004 ], [ 20.491023688000041, 38.638177377000034 ], [ 20.494195688000048, 38.64682257000004 ], [ 20.497368450000067, 38.655467664000071 ], [ 20.500541975000033, 38.664112659000068 ], [ 20.503716263000058, 38.672757555000032 ], [ 20.506891315000075, 38.681402352000077 ], [ 20.510067131000028, 38.690047050000032 ], [ 20.51324371100003, 38.698691649000068 ], [ 20.51642105600007, 38.707336149000071 ], [ 20.519599166000035, 38.71598055000004 ], [ 20.522778042000027, 38.724624851000044 ], [ 20.525957684000048, 38.733269053000072 ], [ 20.529138093000029, 38.741913156000066 ], [ 20.532319268000037, 38.750557160000028 ], [ 20.535501211000053, 38.759201064000024 ], [ 20.538683922000075, 38.767844868000054 ], [ 20.541867400000058, 38.776488573000051 ], [ 20.545051648000026, 38.785132179000072 ], [ 20.548236664000058, 38.793775685000071 ], [ 20.551422450000075, 38.802419091000047 ], [ 20.554609005000032, 38.811062398000047 ], [ 20.557796331000077, 38.819705605000024 ], [ 20.560984427000051, 38.828348712000036 ], [ 20.564173295000046, 38.836991719000025 ], [ 20.567362934000073, 38.845634626000049 ], [ 20.570553345000064, 38.854277434000039 ], [ 20.573744528000077, 38.862920141000075 ], [ 20.576936484000043, 38.871562748000031 ], [ 20.580129213000077, 38.880205256000067 ], [ 20.583322716000055, 38.888847663000035 ], [ 20.586516992000043, 38.897489970000038 ], [ 20.589712043000077, 38.906132176000028 ], [ 20.592907869000044, 38.914774283000042 ], [ 20.596104470000057, 38.923416289000045 ], [ 20.599301847000049, 38.932058195000025 ], [ 20.6025, 38.9407 ] ] } },
{ "type": "Feature", "properties": { "LonA": 19.9762, "LatA": 37.76, "LonB": 20.4121, "LatB": 38.4633, "SS_ID": 131.0, "Shape_Leng": 0.82743279809799997 }, "geometry": { "type": "LineString", "coordinates": [ [ 19.9762, 37.76 ], [ 19.981163177000042, 37.768093509000039 ], [ 19.986127436000061, 37.776186797000037 ], [ 19.991092777000063, 37.78427986500003 ], [ 19.996059202000026, 37.792372713000077 ], [ 20.001026710000076, 37.800465340000073 ], [ 20.005995302000031, 37.808557746000076 ], [ 20.010964978000061, 37.816649932000075 ], [ 20.015935740000032, 37.824741897000024 ], [ 20.020907587000067, 37.832833641000036 ], [ 20.025880521000033, 37.840925163000065 ], [ 20.030854541000053, 37.849016465000034 ], [ 20.03582964800006, 37.857107545000076 ], [ 20.040805843000044, 37.865198404000068 ], [ 20.04578312600006, 37.873289042000067 ], [ 20.050761498000043, 37.881379458000026 ], [ 20.055740959000047, 37.889469652000059 ], [ 20.060721510000064, 37.897559624000053 ], [ 20.065703151000037, 37.905649374000063 ], [ 20.070685884000056, 37.91373890300008 ], [ 20.075669707000031, 37.921828209000068 ], [ 20.080654623000044, 37.929917293000074 ], [ 20.085640631000047, 37.93800615400005 ], [ 20.09062773200003, 37.946094794000032 ], [ 20.09561592600005, 37.954183210000053 ], [ 20.10060521500003, 37.962271404000035 ], [ 20.105595598000036, 37.970359375000044 ], [ 20.110587076000058, 37.97844712300008 ], [ 20.115579650000029, 37.986534649000077 ], [ 20.120573320000062, 37.994621951000056 ], [ 20.125568087000033, 38.002709029000073 ], [ 20.130563951000056, 38.01079588500005 ], [ 20.135560912000074, 38.018882517000065 ], [ 20.140558972000065, 38.026968926000052 ], [ 20.14555813100003, 38.035055111000077 ], [ 20.150558389000025, 38.043141072000026 ], [ 20.155559747000041, 38.05122680900007 ], [ 20.160562206000066, 38.059312322000039 ], [ 20.165565765000053, 38.067397611000047 ], [ 20.17057042600004, 38.075482676000036 ], [ 20.175576189000026, 38.083567517000063 ], [ 20.180583054000067, 38.091652133000025 ], [ 20.18559102200004, 38.099736525000026 ], [ 20.190600095000036, 38.107820692000075 ], [ 20.195610271000078, 38.115904635000049 ], [ 20.20062155200003, 38.123988352000026 ], [ 20.205633938000062, 38.132071845000041 ], [ 20.210647430000051, 38.140155112000059 ], [ 20.215662028000054, 38.148238155000058 ], [ 20.220677733000059, 38.15632097200006 ], [ 20.225694545000067, 38.164403563000064 ], [ 20.230712466000057, 38.17248593000005 ], [ 20.235731494000049, 38.180568070000049 ], [ 20.24075163200007, 38.18864998500004 ], [ 20.245772879000071, 38.196731674000034 ], [ 20.250795236000044, 38.204813137000031 ], [ 20.255818704000035, 38.21289437400003 ], [ 20.260843283000042, 38.220975385000031 ], [ 20.265868973000067, 38.229056170000035 ], [ 20.270895776000032, 38.237136728000053 ], [ 20.275923692000049, 38.245217060000073 ], [ 20.280952720000073, 38.253297165000049 ], [ 20.285982863000072, 38.261377043000039 ], [ 20.291014120000057, 38.269456695000031 ], [ 20.296046492000073, 38.277536119000047 ], [ 20.301079979000065, 38.285615317000065 ], [ 20.306114582000077, 38.293694287000051 ], [ 20.311150302000044, 38.301773031000039 ], [ 20.316187139000078, 38.309851546000061 ], [ 20.321225093000066, 38.317929835000029 ], [ 20.326264166000044, 38.326007896000078 ], [ 20.331304357000022, 38.334085729000037 ], [ 20.336345667000046, 38.342163334000077 ], [ 20.341388098000039, 38.350240711000026 ], [ 20.346431648000078, 38.358317861000046 ], [ 20.351476319000028, 38.366394782000043 ], [ 20.35652211200005, 38.374471475000064 ], [ 20.36156902700003, 38.382547939000062 ], [ 20.366617064000025, 38.390624175000028 ], [ 20.371666224000023, 38.398700183000074 ], [ 20.376716508000072, 38.406775961000051 ], [ 20.381767916000058, 38.414851511000052 ], [ 20.386820448000037, 38.42292683200003 ], [ 20.391874106000046, 38.431001925000032 ], [ 20.396928890000027, 38.439076787000033 ], [ 20.401984799000047, 38.447151421000058 ], [ 20.407041836000076, 38.45522582500007 ], [ 20.4121, 38.4633 ] ] } },
{ "type": "Feature", "properties": { "LonA": 21.1496, "LatA": 37.8211, "LonB": 20.8238, "LatB": 37.9695, "SS_ID": 134.0, "Shape_Leng": 0.35800608293899999 }, "geometry": { "type": "LineString", "coordinates": [ [ 21.1496, 37.8211 ], [ 21.140036309000038, 37.825477611000053 ], [ 21.130471488000069, 37.829854443000045 ], [ 21.120905537000056, 37.834230494000053 ], [ 21.111338455000066, 37.838605765000068 ], [ 21.101770244000022, 37.842980256000033 ], [ 21.092200903000048, 37.847353966000071 ], [ 21.082630431000041, 37.85172689400008 ], [ 21.073058828000057, 37.856099042000039 ], [ 21.06348609500003, 37.860470409000072 ], [ 21.053912231000027, 37.86484099300003 ], [ 21.044337237000036, 37.869210796000061 ], [ 21.034761111000023, 37.873579817000063 ], [ 21.025183854000034, 37.877948056000037 ], [ 21.015605467000057, 37.882315512000048 ], [ 21.006025948000058, 37.88668218600003 ], [ 20.996445297000037, 37.89104807700005 ], [ 20.986863515000039, 37.895413184000063 ], [ 20.977280602000064, 37.899777509000046 ], [ 20.967696556000078, 37.904141050000078 ], [ 20.958111379000059, 37.908503807000045 ], [ 20.948525071000063, 37.91286578100005 ], [ 20.938937630000055, 37.917226970000058 ], [ 20.929349056000035, 37.921587375000058 ], [ 20.919759351000039, 37.925946995000061 ], [ 20.910168513000031, 37.930305830000066 ], [ 20.900576543000057, 37.934663881000063 ], [ 20.89098344000007, 37.939021146000073 ], [ 20.881389205000062, 37.943377626000029 ], [ 20.871793837000041, 37.947733320000054 ], [ 20.862197336000065, 37.952088229000026 ], [ 20.852599701000031, 37.956442351000078 ], [ 20.843000934000031, 37.960795687000029 ], [ 20.833401034000076, 37.965148237000051 ], [ 20.8238, 37.9695 ] ] } },
{ "type": "Feature", "properties": { "LonA": 21.6318, "LatA": 38.1184, "LonB": 21.324, "LatB": 37.6979, "SS_ID": 135.0, "Shape_Leng": 0.52111611794099999 }, "geometry": { "type": "LineString", "coordinates": [ [ 21.6318, 38.1184 ], [ 21.62606803500006, 38.11062058300007 ], [ 21.620337286000051, 38.102840876000073 ], [ 21.61460775200004, 38.095060879000073 ], [ 21.608879432000037, 38.08728059200007 ], [ 21.603152327000032, 38.079500016000054 ], [ 21.597426435000045, 38.071719151000025 ], [ 21.591701757000067, 38.06393799600005 ], [ 21.585978290000071, 38.056156553000051 ], [ 21.580256036000037, 38.048374820000049 ], [ 21.574534993000043, 38.040592799000081 ], [ 21.568815161000032, 38.032810489000042 ], [ 21.563096539000071, 38.025027890000047 ], [ 21.557379126000058, 38.017245003000028 ], [ 21.551662923000038, 38.009461828000042 ], [ 21.545947929000079, 38.001678365000032 ], [ 21.540234142000031, 37.993894614000055 ], [ 21.534521563000055, 37.986110574000065 ], [ 21.528810191000048, 37.978326247000041 ], [ 21.523100025000076, 37.970541633000039 ], [ 21.517391065000027, 37.96275673100007 ], [ 21.51168331100007, 37.954971542000067 ], [ 21.505976761000056, 37.947186065000039 ], [ 21.500271415000043, 37.939400302000024 ], [ 21.49456727300003, 37.931614252000031 ], [ 21.488864334000027, 37.923827914000071 ], [ 21.483162598000035, 37.916041291000056 ], [ 21.477462064000065, 37.908254381000063 ], [ 21.471762731000069, 37.900467184000036 ], [ 21.466064599000049, 37.892679701000077 ], [ 21.460367667000071, 37.884891932000073 ], [ 21.454671935000079, 37.877103877000025 ], [ 21.448977403000072, 37.869315537000034 ], [ 21.443284069000072, 37.861526910000066 ], [ 21.437591933000078, 37.853737998000042 ], [ 21.431900995000035, 37.845948801000077 ], [ 21.426211254000066, 37.838159318000066 ], [ 21.420522710000057, 37.830369550000057 ], [ 21.414835362000076, 37.822579498000039 ], [ 21.409149209000077, 37.814789160000032 ], [ 21.403464251000059, 37.806998537000027 ], [ 21.397780487000034, 37.799207630000069 ], [ 21.392097917000058, 37.791416439000045 ], [ 21.386416541000074, 37.783624963000079 ], [ 21.380736357000046, 37.775833203000047 ], [ 21.375057365000032, 37.768041159000063 ], [ 21.369379565000031, 37.760248831000069 ], [ 21.363702956000054, 37.752456219000067 ], [ 21.358027538000044, 37.744663323000054 ], [ 21.352353310000069, 37.736870144000079 ], [ 21.346680271000025, 37.729076682000027 ], [ 21.341008421000026, 37.72128293600008 ], [ 21.335337760000073, 37.713488907000055 ], [ 21.329668286000071, 37.705694595000068 ], [ 21.324, 37.6979 ] ] } },
{ "type": "Feature", "properties": { "LonA": 21.0016, "LatA": 37.3844, "LonB": 21.293, "LatB": 37.6238, "SS_ID": 139.0, "Shape_Leng": 0.37712938543500002 }, "geometry": { "type": "LineString", "coordinates": [ [ 21.0016, 37.3844 ], [ 21.009244625000065, 37.39070931200007 ], [ 21.016890531000058, 37.397018124000056 ], [ 21.024537719000023, 37.403326434000064 ], [ 21.032186189000072, 37.409634242000038 ], [ 21.039835942000025, 37.415941549000024 ], [ 21.047486978000052, 37.422248354000033 ], [ 21.055139297000039, 37.428554658000053 ], [ 21.062792900000034, 37.434860459000049 ], [ 21.070447787000035, 37.441165757000078 ], [ 21.078103959000032, 37.447470553000073 ], [ 21.085761416000025, 37.453774847000034 ], [ 21.093420159000061, 37.460078637000038 ], [ 21.101080187000036, 37.466381924000075 ], [ 21.108741502000044, 37.472684708000031 ], [ 21.116404104000026, 37.478986988000031 ], [ 21.12406799200005, 37.485288764000074 ], [ 21.131733168000039, 37.491590037000037 ], [ 21.13939963200005, 37.497890805000054 ], [ 21.147067384000025, 37.504191069000058 ], [ 21.154736425000067, 37.510490829000048 ], [ 21.162406755000063, 37.516790083000046 ], [ 21.17007837500006, 37.523088833000031 ], [ 21.177751284000067, 37.52938707800007 ], [ 21.185425484000064, 37.53568481700006 ], [ 21.19310097500005, 37.541982051000048 ], [ 21.200777757000026, 37.548278779000043 ], [ 21.208455830000048, 37.554575002000036 ], [ 21.216135196000039, 37.560870718000047 ], [ 21.223815854000065, 37.567165927000076 ], [ 21.231497804000071, 37.573460631000046 ], [ 21.239181048000034, 37.579754827000045 ], [ 21.246865586000069, 37.586048517000052 ], [ 21.254551417000073, 37.592341700000077 ], [ 21.262238543000024, 37.598634375000074 ], [ 21.269926964000035, 37.604926543000033 ], [ 21.277616680000051, 37.611218203000078 ], [ 21.28530769200006, 37.617509356000028 ], [ 21.293, 37.6238 ] ] } },
{ "type": "Feature", "properties": { "LonA": 22.6192, "LatA": 36.1384, "LonB": 22.2218, "LatB": 35.6612, "SS_ID": 147.0, "Shape_Leng": 0.62100588648900001 }, "geometry": { "type": "LineString", "coordinates": [ [ 22.6192, 36.1384 ], [ 22.61295377700003, 36.130954203000044 ], [ 22.606708734000051, 36.12350807200005 ], [ 22.600464870000053, 36.116061606000073 ], [ 22.594222185000035, 36.108614805000059 ], [ 22.587980679000054, 36.101167669000063 ], [ 22.581740350000075, 36.093720200000064 ], [ 22.57550119900003, 36.086272396000027 ], [ 22.569263225000043, 36.078824258000054 ], [ 22.563026427000068, 36.071375786000033 ], [ 22.556790806000038, 36.063926980000076 ], [ 22.550556359000041, 36.05647784100006 ], [ 22.544323088000056, 36.049028369000041 ], [ 22.538090992000036, 36.04157856300003 ], [ 22.531860069000061, 36.034128424000073 ], [ 22.525630320000062, 36.026677952000057 ], [ 22.51940174300006, 36.019227147000038 ], [ 22.513174340000035, 36.011776009000073 ], [ 22.506948108000074, 36.004324539000038 ], [ 22.500723048000054, 35.996872737000047 ], [ 22.494499159000043, 35.989420602000052 ], [ 22.488276441000039, 35.981968136000035 ], [ 22.482054892000065, 35.974515337000071 ], [ 22.475834514000042, 35.967062206000037 ], [ 22.469615304000058, 35.959608744000036 ], [ 22.463397263000047, 35.952154951000068 ], [ 22.457180390000076, 35.94470082600003 ], [ 22.450964685000031, 35.937246369000036 ], [ 22.444750147000036, 35.929791582000064 ], [ 22.438536775000046, 35.922336464000068 ], [ 22.432324570000048, 35.914881015000049 ], [ 22.426113531000055, 35.907425235000062 ], [ 22.419903656000031, 35.899969125000041 ], [ 22.413694947000067, 35.892512685000042 ], [ 22.407487401000026, 35.885055915000066 ], [ 22.401281020000056, 35.877598814000066 ], [ 22.395075801000075, 35.870141384000078 ], [ 22.388871746000063, 35.862683624000056 ], [ 22.382668852000052, 35.855225534000056 ], [ 22.376467121000076, 35.847767115000067 ], [ 22.370266551000043, 35.840308366000045 ], [ 22.364067141000078, 35.83284928900008 ], [ 22.357868892000056, 35.825389882000024 ], [ 22.351671803000045, 35.817930147000027 ], [ 22.345475873000055, 35.810470083000041 ], [ 22.339281102000029, 35.803009690000067 ], [ 22.333087490000025, 35.795548969000038 ], [ 22.326895035000064, 35.788087920000066 ], [ 22.320703738000077, 35.78062654200005 ], [ 22.314513598000076, 35.773164837000024 ], [ 22.308324614000071, 35.765702804000057 ], [ 22.302136786000062, 35.758240443000034 ], [ 22.29595011400005, 35.750777754000069 ], [ 22.289764597000044, 35.743314739000027 ], [ 22.283580234000055, 35.735851396000044 ], [ 22.277397025000027, 35.728387726000051 ], [ 22.271214970000074, 35.720923729000049 ], [ 22.265034068000034, 35.713459405000037 ], [ 22.258854319000022, 35.705994754000073 ], [ 22.252675722000049, 35.698529777000033 ], [ 22.246498276000068, 35.691064474000029 ], [ 22.240321981000022, 35.683598844000073 ], [ 22.234146838000072, 35.67613288900003 ], [ 22.227972844000078, 35.668666607000034 ], [ 22.2218, 35.6612 ] ] } },
{ "type": "Feature", "properties": { "LonA": 24.6058, "LatA": 34.7342, "LonB": 23.9997, "LatB": 34.5527, "SS_ID": 154.0, "Shape_Leng": 0.63269310809199997 }, "geometry": { "type": "LineString", "coordinates": [ [ 24.6058, 34.7342 ], [ 24.595676709000031, 34.731199772000025 ], [ 24.585554149000075, 34.728198702000043 ], [ 24.575432321000051, 34.725196789000051 ], [ 24.565311225000073, 34.722194033000051 ], [ 24.555190861000028, 34.71919043500003 ], [ 24.54507122900003, 34.716185996000036 ], [ 24.534952329000077, 34.713180714000032 ], [ 24.524834161000058, 34.710174590000065 ], [ 24.514716726000074, 34.707167625000068 ], [ 24.504600022000034, 34.704159818000051 ], [ 24.494484051000029, 34.70115117000006 ], [ 24.48436881300006, 34.698141681000038 ], [ 24.474254307000024, 34.695131351000043 ], [ 24.464140533000034, 34.692120180000074 ], [ 24.454027492000023, 34.689108168000075 ], [ 24.443915184000048, 34.686095316000035 ], [ 24.433803608000062, 34.683081623000078 ], [ 24.423692765000055, 34.68006709000008 ], [ 24.413582656000074, 34.67705171700004 ], [ 24.403473279000025, 34.674035504000074 ], [ 24.393364635000069, 34.671018452000055 ], [ 24.383256724000034, 34.668000559000063 ], [ 24.373149546000036, 34.664981827000076 ], [ 24.363043102000063, 34.661962256000038 ], [ 24.352937391000069, 34.658941846000062 ], [ 24.342832413000053, 34.655920596000044 ], [ 24.332728169000063, 34.652898508000078 ], [ 24.322624658000052, 34.64987558100006 ], [ 24.312521881000066, 34.646851815000048 ], [ 24.302419838000048, 34.643827212000076 ], [ 24.292318528000067, 34.640801769000063 ], [ 24.282217952000053, 34.637775489000035 ], [ 24.272118109000075, 34.634748371000057 ], [ 24.262019001000056, 34.631720415000075 ], [ 24.251920627000061, 34.62869162100003 ], [ 24.241822986000045, 34.625661990000026 ], [ 24.231726080000044, 34.622631522000063 ], [ 24.221629908000068, 34.619600216000038 ], [ 24.211534470000061, 34.616568073000053 ], [ 24.201439767000068, 34.613535094000042 ], [ 24.191345798000043, 34.610501278000072 ], [ 24.181252563000044, 34.607466625000029 ], [ 24.171160063000059, 34.604431136000073 ], [ 24.161068297000043, 34.601394810000045 ], [ 24.150977266000041, 34.598357649000036 ], [ 24.140886970000054, 34.595319651000068 ], [ 24.130797408000035, 34.592280818000063 ], [ 24.120708581000031, 34.589241149000031 ], [ 24.110620489000041, 34.586200645000076 ], [ 24.100533133000056, 34.583159305000038 ], [ 24.090446511000039, 34.580117131000065 ], [ 24.080360624000036, 34.577074121000066 ], [ 24.070275472000048, 34.57403027600003 ], [ 24.060191056000065, 34.57098559700006 ], [ 24.050107375000039, 34.567940083000053 ], [ 24.040024429000027, 34.564893734000066 ], [ 24.029942218000031, 34.561846552000077 ], [ 24.019860743000038, 34.558798535000051 ], [ 24.009780004000049, 34.555749684000034 ], [ 23.9997, 34.5527 ] ] } },
{ "type": "Feature", "properties": { "LonA": 25.7642, "LatA": 34.9263, "LonB": 24.6271, "LatB": 34.6936, "SS_ID": 155.0, "Shape_Leng": 1.16067097275 }, "geometry": { "type": "LineString", "coordinates": [ [ 25.7642, 34.9263 ], [ 25.753642125000056, 34.924194260000036 ], [ 25.743084790000069, 34.92208760300008 ], [ 25.732527994000066, 34.919980027000065 ], [ 25.721971738000036, 34.917871534000028 ], [ 25.711416022000037, 34.915762123000036 ], [ 25.700860846000069, 34.913651795000078 ], [ 25.690306211000063, 34.911540549000051 ], [ 25.679752116000031, 34.909428385000069 ], [ 25.669198562000076, 34.907315305000054 ], [ 25.658645549000028, 34.905201307000027 ], [ 25.648093076000066, 34.903086393000024 ], [ 25.637541145000057, 34.900970562000055 ], [ 25.626989755000068, 34.898853814000063 ], [ 25.616438907000031, 34.896736149000048 ], [ 25.605888600000071, 34.894617568000058 ], [ 25.595338836000053, 34.892498070000045 ], [ 25.584789613000055, 34.890377656000055 ], [ 25.574240932000066, 34.888256326000032 ], [ 25.563692794000076, 34.88613408100008 ], [ 25.553145198000038, 34.884010919000048 ], [ 25.542598145000056, 34.881886841000039 ], [ 25.532051634000027, 34.879761848000044 ], [ 25.521505667000042, 34.877635939000072 ], [ 25.510960242000067, 34.875509115000057 ], [ 25.500415361000023, 34.873381375000065 ], [ 25.489871024000024, 34.87125272000003 ], [ 25.479327230000024, 34.869123151000053 ], [ 25.468783980000069, 34.866992666000044 ], [ 25.458241274000045, 34.864861266000048 ], [ 25.447699111000077, 34.862728952000055 ], [ 25.437157494000076, 34.860595723000074 ], [ 25.426616420000073, 34.858461580000039 ], [ 25.416075891000048, 34.856326522000074 ], [ 25.405535907000058, 34.854190550000055 ], [ 25.394996468000045, 34.852053664000039 ], [ 25.384457574000066, 34.849915864000025 ], [ 25.373919225000066, 34.84777715000007 ], [ 25.363381422000032, 34.845637522000061 ], [ 25.352844164000032, 34.843496980000054 ], [ 25.342307452000057, 34.84135552500004 ], [ 25.331771286000048, 34.839213157000074 ], [ 25.321235666000064, 34.837069876000044 ], [ 25.310700592000046, 34.834925681000072 ], [ 25.300166064000052, 34.832780573000036 ], [ 25.289632083000072, 34.830634552000049 ], [ 25.279098648000058, 34.828487619000043 ], [ 25.268565761000048, 34.82633977200004 ], [ 25.258033420000061, 34.824191013000075 ], [ 25.247501627000076, 34.822041342000034 ], [ 25.236970381000049, 34.819890758000042 ], [ 25.226439682000034, 34.817739263000078 ], [ 25.215909531000023, 34.815586855000049 ], [ 25.20537992800007, 34.813433535000058 ], [ 25.194850873000064, 34.811279303000049 ], [ 25.18432236600006, 34.809124159000078 ], [ 25.173794407000059, 34.806968104000077 ], [ 25.163266997000051, 34.804811138000048 ], [ 25.152740135000045, 34.802653259000067 ], [ 25.142213822000031, 34.800494470000046 ], [ 25.131688058000066, 34.798334770000054 ], [ 25.121162843000036, 34.796174158000042 ], [ 25.110638178000045, 34.794012636000048 ], [ 25.100114061000056, 34.791850203000024 ], [ 25.089590495000039, 34.789686859000028 ], [ 25.07906747800007, 34.787522605000049 ], [ 25.068545011000026, 34.785357440000041 ], [ 25.058023093000031, 34.78319136500005 ], [ 25.047501726000064, 34.781024380000076 ], [ 25.036980910000068, 34.778856484000073 ], [ 25.026460644000053, 34.776687679000077 ], [ 25.015940928000077, 34.77451796400004 ], [ 25.005421764000062, 34.772347339000078 ], [ 24.994903150000027, 34.770175805000065 ], [ 24.984385087000078, 34.768003361000069 ], [ 24.973867576000032, 34.76583000800008 ], [ 24.963350616000071, 34.763655745000051 ], [ 24.95283420800007, 34.761480574000075 ], [ 24.942318352000029, 34.759304493000059 ], [ 24.931803047000074, 34.757127504000039 ], [ 24.921288295000068, 34.754949606000025 ], [ 24.910774095000079, 34.752770799000075 ], [ 24.900260447000051, 34.750591084000064 ], [ 24.889747352000029, 34.748410461000049 ], [ 24.879234809000025, 34.74622892900004 ], [ 24.868722819000027, 34.744046489000027 ], [ 24.858211382000036, 34.741863141000067 ], [ 24.847700499000041, 34.739678885000046 ], [ 24.837190169000053, 34.737493721000078 ], [ 24.826680392000071, 34.735307650000038 ], [ 24.816171169000029, 34.733120671000052 ], [ 24.80566249900005, 34.73093278500005 ], [ 24.795154384000057, 34.728743991000044 ], [ 24.78464682300006, 34.726554290000024 ], [ 24.774139816000059, 34.724363682000046 ], [ 24.763633363000054, 34.722172168000043 ], [ 24.753127465000034, 34.719979746000035 ], [ 24.742622122000057, 34.71778641800006 ], [ 24.732117333000076, 34.715592183000069 ], [ 24.72161310000007, 34.713397042000054 ], [ 24.71110942100006, 34.711200994000023 ], [ 24.700606298000025, 34.709004040000025 ], [ 24.690103731000079, 34.706806180000058 ], [ 24.679601719000061, 34.704607415000055 ], [ 24.669100263000075, 34.702407743000037 ], [ 24.658599363000064, 34.700207165000052 ], [ 24.648099019000028, 34.69800568200003 ], [ 24.637599231000024, 34.695803294000029 ], [ 24.6271, 34.6936 ] ] } },
{ "type": "Feature", "properties": { "LonA": 27.2384, "LatA": 35.2888, "LonB": 26.3227, "LatB": 34.907, "SS_ID": 159.0, "Shape_Leng": 0.99211166484699997 }, "geometry": { "type": "LineString", "coordinates": [ [ 27.2384, 35.2888 ], [ 27.228613540000026, 35.284774957000025 ], [ 27.21882805000007, 35.280749120000053 ], [ 27.209043527000063, 35.276722489000065 ], [ 27.199259974000029, 35.272695064000061 ], [ 27.189477389000047, 35.268666846000031 ], [ 27.179695772000059, 35.264637833000052 ], [ 27.169915124000056, 35.260608028000036 ], [ 27.160135445000037, 35.25657742900006 ], [ 27.150356733000024, 35.252546037000059 ], [ 27.140578990000051, 35.248513852000031 ], [ 27.130802216000063, 35.244480875000079 ], [ 27.121026409000024, 35.240447105000044 ], [ 27.111251571000025, 35.236412544000075 ], [ 27.101477700000032, 35.232377190000079 ], [ 27.091704798000023, 35.228341044000047 ], [ 27.081932864000066, 35.22430410700008 ], [ 27.072161898000047, 35.220266378000076 ], [ 27.062391899000033, 35.216227859000071 ], [ 27.052622869000061, 35.212188548000029 ], [ 27.042854806000037, 35.208148446000052 ], [ 27.033087711000064, 35.204107554000075 ], [ 27.02332158400003, 35.200065871000049 ], [ 27.013556424000058, 35.196023398000079 ], [ 27.003792232000023, 35.191980135000051 ], [ 26.994029007000051, 35.187936082000078 ], [ 26.984266750000074, 35.183891239000047 ], [ 26.974505461000035, 35.179845607000061 ], [ 26.964745138000069, 35.175799186000063 ], [ 26.954985783000041, 35.171751975000063 ], [ 26.945227396000064, 35.167703976000041 ], [ 26.935469975000046, 35.163655188000064 ], [ 26.925713522000024, 35.159605611000075 ], [ 26.915958036000063, 35.155555246000063 ], [ 26.906203517000051, 35.151504093000028 ], [ 26.896449965000045, 35.147452152000028 ], [ 26.886697379000054, 35.143399424000052 ], [ 26.876945761000059, 35.139345908000053 ], [ 26.867195110000068, 35.135291604000031 ], [ 26.857445425000037, 35.131236513000033 ], [ 26.847696707000068, 35.127180636000048 ], [ 26.837948956000048, 35.123123971000041 ], [ 26.828202172000033, 35.119066521000036 ], [ 26.818456354000034, 35.115008283000066 ], [ 26.808711502000051, 35.110949260000041 ], [ 26.798967617000073, 35.10688945000004 ], [ 26.789224698000055, 35.102828855000041 ], [ 26.779482746000042, 35.098767474000056 ], [ 26.769741760000045, 35.094705308000073 ], [ 26.760001740000064, 35.090642357000036 ], [ 26.750262687000031, 35.086578620000068 ], [ 26.740524600000072, 35.082514099000036 ], [ 26.730787478000025, 35.078448793000064 ], [ 26.72105132300004, 35.074382703000026 ], [ 26.711316134000072, 35.070315828000048 ], [ 26.701581910000073, 35.066248170000051 ], [ 26.691848653000079, 35.062179727000057 ], [ 26.682116361000055, 35.058110501000044 ], [ 26.672385035000048, 35.05404049200007 ], [ 26.662654675000056, 35.04996969900003 ], [ 26.652925280000034, 35.045898123000029 ], [ 26.643196851000027, 35.041825765000056 ], [ 26.633469387000048, 35.037752623000074 ], [ 26.623742889000027, 35.033678699000063 ], [ 26.614017356000033, 35.02960399300008 ], [ 26.604292789000056, 35.025528505000068 ], [ 26.594569187000047, 35.021452235000027 ], [ 26.584846550000066, 35.01737518300007 ], [ 26.575124878000054, 35.013297349000027 ], [ 26.565404172000058, 35.009218734000058 ], [ 26.555684430000042, 35.005139339000038 ], [ 26.545965654000042, 35.001059162000047 ], [ 26.536247842000023, 34.996978204000072 ], [ 26.52653099500003, 34.992896466000047 ], [ 26.516815114000053, 34.988813948000029 ], [ 26.507100196000067, 34.984730649000028 ], [ 26.49738624400004, 34.980646570000033 ], [ 26.487673256000051, 34.976561712000034 ], [ 26.47796123300003, 34.972476074000042 ], [ 26.468250175000037, 34.968389656000056 ], [ 26.458540081000024, 34.964302460000056 ], [ 26.448830951000048, 34.960214484000062 ], [ 26.439122786000041, 34.956125730000053 ], [ 26.429415585000072, 34.952036197000041 ], [ 26.419709348000026, 34.947945885000024 ], [ 26.410004075000074, 34.943854796000039 ], [ 26.400299767000035, 34.93976292800005 ], [ 26.390596422000044, 34.935670282000046 ], [ 26.380894042000023, 34.931576859000074 ], [ 26.371192625000049, 34.927482658000031 ], [ 26.361492173000045, 34.923387681000065 ], [ 26.351792684000031, 34.919291926000028 ], [ 26.342094159000055, 34.915195394000079 ], [ 26.332396598000059, 34.911098085000049 ], [ 26.3227, 34.907 ] ] } },
{ "type": "Feature", "properties": { "LonA": 28.6334, "LatA": 36.5045, "LonB": 27.8348, "LatB": 35.7077, "SS_ID": 161.0, "Shape_Leng": 1.1281274502500001 }, "geometry": { "type": "LineString", "coordinates": [ [ 28.6334, 36.5045 ], [ 28.62632411800007, 36.497534316000042 ], [ 28.619249503000049, 36.490568204000056 ], [ 28.612176155000043, 36.483601664000048 ], [ 28.605104074000053, 36.476634697000065 ], [ 28.598033259000033, 36.469667303000051 ], [ 28.59096370900005, 36.462699482000062 ], [ 28.583895424000048, 36.455731234000041 ], [ 28.576828404000025, 36.448762560000034 ], [ 28.569762647000061, 36.441793459000053 ], [ 28.562698155000078, 36.434823931000039 ], [ 28.555634925000049, 36.42785397800003 ], [ 28.548572958000079, 36.420883599000035 ], [ 28.541512254000054, 36.413912794000055 ], [ 28.534452811000051, 36.406941563000032 ], [ 28.527394629000071, 36.39996990700007 ], [ 28.520337708000056, 36.392997826000055 ], [ 28.513282048000065, 36.386025320000044 ], [ 28.50622764700006, 36.379052389000037 ], [ 28.499174506000031, 36.372079033000034 ], [ 28.492122623000057, 36.365105253000024 ], [ 28.48507199900007, 36.358131048000075 ], [ 28.478022633000023, 36.351156420000052 ], [ 28.470974525000031, 36.344181367000033 ], [ 28.463927673000057, 36.337205891000053 ], [ 28.456882078000035, 36.330229991000067 ], [ 28.449837740000078, 36.323253668000063 ], [ 28.442794656000046, 36.316276921000053 ], [ 28.435752828000034, 36.309299752000072 ], [ 28.42871225500005, 36.302322160000074 ], [ 28.42167293600005, 36.295344145000058 ], [ 28.414634870000043, 36.288365707000025 ], [ 28.407598058000076, 36.281386847000078 ], [ 28.400562499000046, 36.274407565000047 ], [ 28.393528192000076, 36.267427861000044 ], [ 28.386495136000065, 36.260447735000071 ], [ 28.379463333000047, 36.253467188000059 ], [ 28.372432780000054, 36.246486219000076 ], [ 28.365403477000029, 36.239504829000055 ], [ 28.358375425000077, 36.232523017000062 ], [ 28.351348622000046, 36.225540785000078 ], [ 28.344323068000051, 36.218558132000055 ], [ 28.337298763000035, 36.21157505900004 ], [ 28.330275706000066, 36.204591565000044 ], [ 28.323253897000029, 36.197607651000055 ], [ 28.316233335000049, 36.190623317000075 ], [ 28.309214019000024, 36.183638563000045 ], [ 28.302195950000055, 36.17665339000007 ], [ 28.29517912700004, 36.169667797000045 ], [ 28.288163548000057, 36.162681784000029 ], [ 28.281149215000028, 36.155695353000056 ], [ 28.274136127000077, 36.14870850300008 ], [ 28.267124282000054, 36.141721233000055 ], [ 28.260113680000075, 36.134733546000064 ], [ 28.25310432200007, 36.12774543900008 ], [ 28.246096206000061, 36.120756915000072 ], [ 28.239089332000049, 36.113767972000062 ], [ 28.232083700000032, 36.106778612000028 ], [ 28.225079309000023, 36.099788834000037 ], [ 28.218076159000077, 36.092798638000033 ], [ 28.211074249000035, 36.085808025000063 ], [ 28.204073578000077, 36.078816995000068 ], [ 28.197074147000023, 36.071825548000049 ], [ 28.190075955000054, 36.064833684000064 ], [ 28.183079001000067, 36.057841403000054 ], [ 28.176083285000061, 36.050848706000068 ], [ 28.169088806000047, 36.043855593000046 ], [ 28.162095565000072, 36.036862063000058 ], [ 28.155103560000043, 36.029868117000035 ], [ 28.148112791000074, 36.022873756000024 ], [ 28.141123257000061, 36.015878979000036 ], [ 28.13413495900005, 36.008883787000059 ], [ 28.127147895000064, 36.001888179000048 ], [ 28.120162066000034, 35.994892156000049 ], [ 28.113177470000039, 35.987895719000051 ], [ 28.106194107000078, 35.980898866000075 ], [ 28.099211977000039, 35.973901600000033 ], [ 28.092231080000033, 35.966903918000071 ], [ 28.085251415000073, 35.959905823000042 ], [ 28.078272980000065, 35.952907313000026 ], [ 28.071295777000046, 35.945908390000056 ], [ 28.064319805000025, 35.938909053000032 ], [ 28.057345062000024, 35.931909302000065 ], [ 28.050371549000033, 35.924909139000079 ], [ 28.043399265000062, 35.917908562000036 ], [ 28.036428210000054, 35.910907572000042 ], [ 28.029458383000076, 35.903906169000038 ], [ 28.022489783000026, 35.896904354000071 ], [ 28.015522411000063, 35.889902126000038 ], [ 28.008556266000028, 35.882899486000042 ], [ 28.001591347000044, 35.875896433000037 ], [ 27.994627654000055, 35.868892969000058 ], [ 27.987665186000072, 35.861889093000059 ], [ 27.980703943000037, 35.85488480600003 ], [ 27.973743925000065, 35.847880107000037 ], [ 27.966785131000051, 35.840874997000071 ], [ 27.959827560000065, 35.833869476000075 ], [ 27.952871213000037, 35.826863543000059 ], [ 27.945916088000047, 35.819857201000048 ], [ 27.938962186000026, 35.812850447000073 ], [ 27.932009505000053, 35.805843284000048 ], [ 27.925058045000071, 35.798835710000048 ], [ 27.918107807000069, 35.791827726000065 ], [ 27.911158788000023, 35.784819332000041 ], [ 27.904210990000024, 35.777810529000078 ], [ 27.897264411000037, 35.770801316000075 ], [ 27.890319051000063, 35.76379169300003 ], [ 27.883374909000054, 35.756781662000037 ], [ 27.876431986000057, 35.74977122100006 ], [ 27.869490280000036, 35.742760372000077 ], [ 27.862549792000038, 35.735749114000043 ], [ 27.855610520000027, 35.728737448000061 ], [ 27.84867246400006, 35.721725373000027 ], [ 27.841735624000023, 35.714712891000033 ], [ 27.8348, 35.7077 ] ] } },
{ "type": "Feature", "properties": { "LonA": 28.2698, "LatA": 35.7245, "LonB": 27.2144, "LatB": 35.1661, "SS_ID": 162.0, "Shape_Leng": 1.1940261787799999 }, "geometry": { "type": "LineString", "coordinates": [ [ 28.2698, 35.7245 ], [ 28.260559589000025, 35.71968455800004 ], [ 28.251320289000034, 35.714868402000036 ], [ 28.242082101000051, 35.710051533000069 ], [ 28.232845025000074, 35.705233952000071 ], [ 28.223609061000047, 35.700415658000054 ], [ 28.214374208000038, 35.695596651000074 ], [ 28.205140466000046, 35.690776932000063 ], [ 28.195907835000071, 35.685956501000078 ], [ 28.186676314000067, 35.681135358000063 ], [ 28.17744590500007, 35.676313504000063 ], [ 28.168216606000044, 35.671490938000034 ], [ 28.158988417000046, 35.666667661000076 ], [ 28.149761338000076, 35.661843673000078 ], [ 28.140535370000066, 35.657018975000028 ], [ 28.131310511000038, 35.652193565000061 ], [ 28.122086762000038, 35.647367446000032 ], [ 28.112864122000076, 35.642540616000076 ], [ 28.103642592000028, 35.637713076000068 ], [ 28.094422171000076, 35.632884827000055 ], [ 28.085202858000059, 35.628055868000047 ], [ 28.07598465500007, 35.623226200000033 ], [ 28.066767560000073, 35.618395822000025 ], [ 28.057551574000058, 35.613564736000058 ], [ 28.048336696000035, 35.608732941000028 ], [ 28.039122926000061, 35.603900438000039 ], [ 28.029910264000023, 35.599067226000045 ], [ 28.020698710000033, 35.594233306000035 ], [ 28.011488263000047, 35.589398679000055 ], [ 28.002278924000052, 35.58456334300007 ], [ 27.99307069200006, 35.579727301000048 ], [ 27.983863568000061, 35.574890551000067 ], [ 27.974657550000074, 35.570053094000059 ], [ 27.965452639000034, 35.565214930000025 ], [ 27.956248835000054, 35.560376060000067 ], [ 27.947046137000029, 35.555536483000026 ], [ 27.937844545000075, 35.550696200000061 ], [ 27.928644060000067, 35.54585521100006 ], [ 27.919444680000026, 35.541013517000067 ], [ 27.910246406000056, 35.536171116000048 ], [ 27.901049238000041, 35.531328011000028 ], [ 27.891853175000051, 35.526484200000027 ], [ 27.882658217000028, 35.521639684000036 ], [ 27.873464365000075, 35.516794464000043 ], [ 27.864271617000043, 35.511948539000059 ], [ 27.855079974000034, 35.507101910000074 ], [ 27.84588943600005, 35.502254577000031 ], [ 27.836700002000043, 35.497406539000053 ], [ 27.82751167300006, 35.492557798000064 ], [ 27.818324447000066, 35.487708354000063 ], [ 27.809138325000049, 35.48285820600006 ], [ 27.799953307000067, 35.478007356000035 ], [ 27.790769393000062, 35.473155802000065 ], [ 27.781586582000045, 35.468303546000072 ], [ 27.772404874000074, 35.463450587000068 ], [ 27.763224269000034, 35.458596926000041 ], [ 27.754044767000039, 35.453742563000048 ], [ 27.744866367000043, 35.44888749900008 ], [ 27.735689071000024, 35.444031732000042 ], [ 27.726512876000072, 35.439175264000028 ], [ 27.717337784000051, 35.434318095000037 ], [ 27.708163794000029, 35.429460225000071 ], [ 27.698990905000073, 35.42460165500006 ], [ 27.689819118000059, 35.419742383000028 ], [ 27.680648433000044, 35.414882412000054 ], [ 27.671478849000039, 35.410021740000047 ], [ 27.662310366000042, 35.405160368000054 ], [ 27.653142984000056, 35.400298296000074 ], [ 27.643976703000078, 35.395435525000039 ], [ 27.634811523000053, 35.390572055000064 ], [ 27.625647443000048, 35.385707885000045 ], [ 27.616484463000063, 35.380843016000028 ], [ 27.607322583000041, 35.375977449000061 ], [ 27.598161804000028, 35.371111183000039 ], [ 27.589002124000046, 35.366244219000066 ], [ 27.579843543000038, 35.361376557000028 ], [ 27.57068606200005, 35.356508197000039 ], [ 27.561529681000025, 35.351639139000042 ], [ 27.55237439800004, 35.346769384000027 ], [ 27.54322021400003, 35.341898932000049 ], [ 27.53406712900005, 35.337027782000064 ], [ 27.524915143000044, 35.332155936000049 ], [ 27.515764255000079, 35.327283393000073 ], [ 27.506614465000041, 35.322410153000078 ], [ 27.497465773000044, 35.317536218000043 ], [ 27.488318179000032, 35.312661586000047 ], [ 27.479171683000061, 35.307786258000078 ], [ 27.470026284000028, 35.30291023500007 ], [ 27.460881983000036, 35.298033516000032 ], [ 27.451738778000049, 35.293156103000058 ], [ 27.442596671000047, 35.288277994000055 ], [ 27.433455661000039, 35.283399190000068 ], [ 27.424315747000037, 35.278519692000032 ], [ 27.41517692900004, 35.273639499000069 ], [ 27.406039208000038, 35.268758613000045 ], [ 27.396902583000042, 35.263877032000039 ], [ 27.387767054000051, 35.258994757000039 ], [ 27.378632621000065, 35.254111789000035 ], [ 27.369499283000039, 35.249228128000027 ], [ 27.360367041000075, 35.244343773000026 ], [ 27.351235894000069, 35.239458726000066 ], [ 27.342105842000024, 35.234572986000046 ], [ 27.332976885000051, 35.229686553000079 ], [ 27.323849023000037, 35.22479942800004 ], [ 27.314722255000049, 35.219911611000043 ], [ 27.305596582000078, 35.215023101000043 ], [ 27.296472003000076, 35.210133901000063 ], [ 27.287348518000044, 35.205244008000079 ], [ 27.27822612600005, 35.20035342500006 ], [ 27.269104829000071, 35.195462150000026 ], [ 27.259984624000026, 35.19057018400008 ], [ 27.250865514000054, 35.185677528000042 ], [ 27.241747496000073, 35.180784181000035 ], [ 27.232630571000072, 35.17589014400005 ], [ 27.223514739000052, 35.170995417000029 ], [ 27.2144, 35.1661 ] ] } },
{ "type": "Feature", "properties": { "LonA": 25.5836, "LatA": 34.2893, "LonB": 24.7342, "LatB": 33.9464, "SS_ID": 163.0, "Shape_Leng": 0.91600553767500004 }, "geometry": { "type": "LineString", "coordinates": [ [ 25.5836, 34.2893 ], [ 25.573909189000062, 34.285436626000035 ], [ 25.564219265000077, 34.281572484000037 ], [ 25.554530228000033, 34.277707573000043 ], [ 25.544842078000045, 34.273841894000043 ], [ 25.535154814000066, 34.269975446000046 ], [ 25.525468438000075, 34.266108231000032 ], [ 25.515782948000037, 34.262240247000079 ], [ 25.506098345000055, 34.258371496000052 ], [ 25.496414629000071, 34.254501978000064 ], [ 25.48673179900004, 34.25063169200007 ], [ 25.477049856000065, 34.246760639000058 ], [ 25.467368800000031, 34.242888819000029 ], [ 25.457688630000064, 34.23901623200004 ], [ 25.448009347000038, 34.235142878000033 ], [ 25.438330951000069, 34.231268758000056 ], [ 25.428653441000051, 34.22739387200005 ], [ 25.418976817000043, 34.223518220000074 ], [ 25.409301080000034, 34.219641802000069 ], [ 25.399626229000035, 34.215764618000037 ], [ 25.389952265000034, 34.21188666900008 ], [ 25.380279186000053, 34.208007954000038 ], [ 25.37060699500006, 34.204128474000072 ], [ 25.36093568900003, 34.200248230000057 ], [ 25.351265269000066, 34.19636722000007 ], [ 25.341595736000045, 34.192485446000035 ], [ 25.331927089000033, 34.188602907000075 ], [ 25.32225932800003, 34.184719604000065 ], [ 25.312592453000036, 34.180835537000064 ], [ 25.302926464000052, 34.176950706000071 ], [ 25.293261361000077, 34.173065111000028 ], [ 25.283597144000055, 34.16917875300004 ], [ 25.273933813000042, 34.165291631000059 ], [ 25.264271368000038, 34.161403746000076 ], [ 25.254609808000055, 34.157515099000079 ], [ 25.24494913500007, 34.153625688000034 ], [ 25.235289347000048, 34.149735515000032 ], [ 25.225630445000036, 34.145844579000027 ], [ 25.215972428000043, 34.141952881000066 ], [ 25.20631529800005, 34.138060420000045 ], [ 25.196659053000076, 34.134167198000057 ], [ 25.187003693000065, 34.130273214000056 ], [ 25.177349219000064, 34.126378469000031 ], [ 25.167695630000026, 34.122482962000049 ], [ 25.158042927000054, 34.118586693000054 ], [ 25.148391110000034, 34.114689664000025 ], [ 25.138740177000045, 34.110791874000029 ], [ 25.129090130000066, 34.106893323000065 ], [ 25.119440969000038, 34.102994012000067 ], [ 25.109792692000042, 34.099093940000046 ], [ 25.100145301000055, 34.095193109000036 ], [ 25.09049879500003, 34.091291517000059 ], [ 25.080853175000072, 34.087389165000047 ], [ 25.071208439000031, 34.083486054000048 ], [ 25.061564588000067, 34.07958218400006 ], [ 25.051921623000055, 34.075677554000038 ], [ 25.042279542000074, 34.071772165000027 ], [ 25.032638347000045, 34.067866017000028 ], [ 25.022998036000047, 34.063959111000031 ], [ 25.013358610000068, 34.060051446000045 ], [ 25.003720069000053, 34.056143022000072 ], [ 24.994082413000058, 34.052233841000032 ], [ 24.984445642000026, 34.04832390100006 ], [ 24.974809755000024, 34.04441320400008 ], [ 24.965174753000042, 34.040501749000043 ], [ 24.955540636000023, 34.036589536000065 ], [ 24.945907403000035, 34.032676566000077 ], [ 24.936275055000067, 34.028762839000024 ], [ 24.926643591000072, 34.024848356000064 ], [ 24.917013012000041, 34.020933115000048 ], [ 24.90738331700004, 34.017017118000069 ], [ 24.897754506000069, 34.013100364000024 ], [ 24.888126580000062, 34.009182855000063 ], [ 24.878499538000028, 34.005264589000035 ], [ 24.868873381000071, 34.001345567000044 ], [ 24.859248108000031, 33.997425790000079 ], [ 24.849623718000032, 33.993505257000038 ], [ 24.840000213000053, 33.98958396900008 ], [ 24.830377593000037, 33.985661926000034 ], [ 24.820755856000062, 33.981739128000072 ], [ 24.811135003000061, 33.977815575000079 ], [ 24.801515034000033, 33.973891267000056 ], [ 24.791895949000036, 33.969966205000048 ], [ 24.78227774800007, 33.966040389000057 ], [ 24.772660431000077, 33.962113818000034 ], [ 24.763043998000057, 33.958186494000074 ], [ 24.753428448000022, 33.954258416000073 ], [ 24.743813782000075, 33.950329585000077 ], [ 24.7342, 33.9464 ] ] } },
{ "type": "Feature", "properties": { "LonA": 27.1949, "LatA": 34.9055, "LonB": 25.7096, "LatB": 34.2553, "SS_ID": 164.0, "Shape_Leng": 1.6213981696299999 }, "geometry": { "type": "LineString", "coordinates": [ [ 27.1949, 34.9055 ], [ 27.18524313100005, 34.901363692000075 ], [ 27.175587231000065, 34.897226615000079 ], [ 27.165932299000076, 34.893088768000041 ], [ 27.156278335000025, 34.888950151000074 ], [ 27.146625339000025, 34.884810764000065 ], [ 27.136973312000066, 34.880670609000049 ], [ 27.127322253000045, 34.876529684000047 ], [ 27.11767216100003, 34.872387991000039 ], [ 27.108023038000056, 34.868245529000035 ], [ 27.09837488200003, 34.864102299000024 ], [ 27.088727694000056, 34.859958300000073 ], [ 27.079081474000077, 34.855813534000049 ], [ 27.069436221000046, 34.851667999000028 ], [ 27.059791936000067, 34.847521697000047 ], [ 27.050148619000026, 34.843374628000049 ], [ 27.040506268000058, 34.839226791000044 ], [ 27.030864886000074, 34.835078187000079 ], [ 27.02122447000005, 34.830928816000039 ], [ 27.011585022000077, 34.826778679000029 ], [ 27.001946541000052, 34.822627775000058 ], [ 26.992309027000033, 34.818476104000069 ], [ 26.982672481000066, 34.814323668000043 ], [ 26.973036901000057, 34.810170466000045 ], [ 26.963402288000054, 34.806016498000076 ], [ 26.953768641000067, 34.80186176400008 ], [ 26.944135962000075, 34.797706265000045 ], [ 26.934504249000042, 34.793550001000028 ], [ 26.924873503000072, 34.78939297200003 ], [ 26.915243724000049, 34.78523517900004 ], [ 26.905614911000043, 34.781076621000068 ], [ 26.895987064000053, 34.776917298000058 ], [ 26.886360184000068, 34.772757211000055 ], [ 26.876734269000053, 34.76859636000006 ], [ 26.867109322000033, 34.764434746000063 ], [ 26.857485340000039, 34.760272368000074 ], [ 26.847862324000062, 34.756109226000035 ], [ 26.838240275000032, 34.751945321000051 ], [ 26.82861919100003, 34.747780653000063 ], [ 26.818999073000043, 34.743615223000063 ], [ 26.809379921000072, 34.73944903000006 ], [ 26.799761734000072, 34.735282074000054 ], [ 26.79014451300003, 34.731114356000035 ], [ 26.780528258000061, 34.726945876000059 ], [ 26.770912968000061, 34.72277663400007 ], [ 26.761298644000078, 34.718606630000068 ], [ 26.751685285000065, 34.714435865000041 ], [ 26.742072892000067, 34.710264339000048 ], [ 26.73246146300005, 34.706092052000031 ], [ 26.722851, 34.701919003000057 ], [ 26.713241502000074, 34.697745194000049 ], [ 26.703632968000079, 34.693570625000064 ], [ 26.694025400000044, 34.689395295000054 ], [ 26.684418796000045, 34.685219205000067 ], [ 26.674813158000063, 34.681042355000045 ], [ 26.665208484000061, 34.676864745000046 ], [ 26.655604774000039, 34.672686376000058 ], [ 26.646002030000034, 34.668507247000036 ], [ 26.636400249000076, 34.664327360000073 ], [ 26.626799433000031, 34.660146713000074 ], [ 26.617199582000069, 34.655965307000031 ], [ 26.607600695000031, 34.651783143000046 ], [ 26.598002772000029, 34.647600221000062 ], [ 26.588405813000065, 34.643416540000032 ], [ 26.578809818000025, 34.639232101000061 ], [ 26.569214787000078, 34.635046905000024 ], [ 26.559620720000055, 34.630860950000056 ], [ 26.550027617000069, 34.626674239000067 ], [ 26.540435477000074, 34.62248677000008 ], [ 26.530844302000048, 34.618298544000027 ], [ 26.521254089000024, 34.614109561000078 ], [ 26.511664841000027, 34.609919822000052 ], [ 26.502076556000077, 34.605729326000073 ], [ 26.492489234000061, 34.601538073000029 ], [ 26.482902876000026, 34.597346065000067 ], [ 26.473317481000038, 34.593153301000029 ], [ 26.463733049000041, 34.588959781000028 ], [ 26.454149580000035, 34.584765505000064 ], [ 26.444567074000076, 34.580570475000059 ], [ 26.434985531000052, 34.576374689000033 ], [ 26.425404951000075, 34.572178148000035 ], [ 26.415825334000033, 34.567980852000062 ], [ 26.406246679000049, 34.563782802000048 ], [ 26.396668987000055, 34.559583997000061 ], [ 26.387092258000052, 34.555384439000079 ], [ 26.377516491000051, 34.551184126000066 ], [ 26.367941687000041, 34.54698305900007 ], [ 26.358367845000032, 34.542781239000078 ], [ 26.348794965000025, 34.538578666000035 ], [ 26.339223047000075, 34.534375339000064 ], [ 26.32965209200006, 34.530171259000042 ], [ 26.320082098000057, 34.525966427000071 ], [ 26.310513067000045, 34.521760841000059 ], [ 26.300944997000045, 34.517554504000032 ], [ 26.291377889000046, 34.513347414000066 ], [ 26.281811743000048, 34.509139572000038 ], [ 26.272246559000052, 34.504930978000061 ], [ 26.262682336000069, 34.500721632000079 ], [ 26.253119075000029, 34.496511535000025 ], [ 26.243556775000059, 34.492300687000068 ], [ 26.233995436000043, 34.488089087000048 ], [ 26.224435059000029, 34.48387673700006 ], [ 26.214875643000028, 34.479663636000055 ], [ 26.205317188000038, 34.475449784000034 ], [ 26.19575969400006, 34.471235182000044 ], [ 26.186203161000037, 34.467019830000027 ], [ 26.176647589000027, 34.46280372800004 ], [ 26.167092978000028, 34.458586876000027 ], [ 26.157539327000052, 34.454369274000044 ], [ 26.147986637000031, 34.450150923000024 ], [ 26.138434908000079, 34.445931823000024 ], [ 26.128884139000036, 34.441711974000043 ], [ 26.119334331000061, 34.437491376000025 ], [ 26.109785483000053, 34.433270030000074 ], [ 26.100237595000067, 34.429047935000028 ], [ 26.090690668000036, 34.424825092000049 ], [ 26.081144700000038, 34.420601500000032 ], [ 26.071599693000053, 34.416377161000071 ], [ 26.062055645000044, 34.412152075000051 ], [ 26.052512558000046, 34.407926240000052 ], [ 26.042970430000025, 34.40369965900004 ], [ 26.033429262000027, 34.399472330000037 ], [ 26.023889053000062, 34.39524425500008 ], [ 26.014349804000062, 34.391015432000074 ], [ 26.004811515000029, 34.386785864000046 ], [ 25.995274184000039, 34.382555549000074 ], [ 25.985737814000061, 34.378324487000043 ], [ 25.976202402000069, 34.374092680000047 ], [ 25.966667950000044, 34.369860127000038 ], [ 25.957134456000063, 34.365626829000064 ], [ 25.947601922000047, 34.361392785000078 ], [ 25.938070347000064, 34.357157996000069 ], [ 25.928539730000068, 34.352922462000038 ], [ 25.919010072000049, 34.348686183000041 ], [ 25.909481373000062, 34.344449160000067 ], [ 25.899953633000052, 34.340211392000072 ], [ 25.89042685000004, 34.335972880000043 ], [ 25.88090102700005, 34.331733624000037 ], [ 25.871376162000047, 34.327493624000056 ], [ 25.861852255000031, 34.323252880000041 ], [ 25.852329306000058, 34.319011393000039 ], [ 25.842807315000073, 34.314769163000051 ], [ 25.833286282000074, 34.310526189000029 ], [ 25.823766207000062, 34.306282473000067 ], [ 25.814247091000027, 34.302038014000061 ], [ 25.804728931000056, 34.297792812000068 ], [ 25.795211730000062, 34.293546868000078 ], [ 25.785695486000066, 34.289300182000034 ], [ 25.776180200000056, 34.285052754000048 ], [ 25.766665871000043, 34.280804584000066 ], [ 25.757152500000075, 34.276555673000075 ], [ 25.747640085000057, 34.272306021000077 ], [ 25.738128629000073, 34.268055627000024 ], [ 25.72861812900004, 34.263804492000077 ], [ 25.719108586000061, 34.259552616000065 ], [ 25.7096, 34.2553 ] ] } },
{ "type": "Feature", "properties": { "LonA": 26.7495, "LatA": 34.2573, "LonB": 25.6276, "LatB": 33.6759, "SS_ID": 165.0, "Shape_Leng": 1.2636088452700001 }, "geometry": { "type": "LineString", "coordinates": [ [ 26.7495, 34.2573 ], [ 26.740317122000079, 34.252614865000055 ], [ 26.731135261000077, 34.247929038000052 ], [ 26.721954418000053, 34.24324252100007 ], [ 26.712774593000063, 34.238555312000074 ], [ 26.703595786000051, 34.233867413000041 ], [ 26.694417996000027, 34.229178823000041 ], [ 26.685241223000048, 34.224489543000061 ], [ 26.676065467000058, 34.219799572000056 ], [ 26.666890729000045, 34.215108912000062 ], [ 26.657717007000031, 34.210417561000042 ], [ 26.648544301000072, 34.20572552200008 ], [ 26.639372613000035, 34.201032792000035 ], [ 26.630201940000063, 34.196339374000047 ], [ 26.621032284000023, 34.19164526600008 ], [ 26.611863644000039, 34.186950470000056 ], [ 26.602696020000053, 34.182254985000043 ], [ 26.593529412000066, 34.177558812000029 ], [ 26.584363820000078, 34.172861950000026 ], [ 26.575199243000043, 34.16816440000008 ], [ 26.566035681000074, 34.163466163000066 ], [ 26.556873135000046, 34.158767238000053 ], [ 26.547711604000028, 34.154067625000039 ], [ 26.538551088000077, 34.149367325000071 ], [ 26.529391586000031, 34.144666338000036 ], [ 26.520233099000052, 34.139964664000047 ], [ 26.511075627000025, 34.135262304000037 ], [ 26.501919169000075, 34.130559257000073 ], [ 26.492763726000078, 34.125855524000031 ], [ 26.483609296000054, 34.121151104000035 ], [ 26.47445588100004, 34.116445999000064 ], [ 26.465303479000056, 34.111740208000072 ], [ 26.456152091000035, 34.107033732000048 ], [ 26.447001716000045, 34.102326570000059 ], [ 26.437852355000075, 34.097618723000039 ], [ 26.428704007000078, 34.092910191000044 ], [ 26.419556672000056, 34.088200975000063 ], [ 26.410410350000063, 34.083491073000062 ], [ 26.401265041000045, 34.078780488000064 ], [ 26.392120745000057, 34.074069218000034 ], [ 26.382977461000053, 34.069357265000065 ], [ 26.373835189000033, 34.064644628000053 ], [ 26.364693930000044, 34.059931307000056 ], [ 26.35555368200005, 34.055217303000063 ], [ 26.346414447000029, 34.050502615000028 ], [ 26.33727622300006, 34.045787245000042 ], [ 26.328139011000076, 34.041071192000061 ], [ 26.319002811000075, 34.036354456000026 ], [ 26.30986762200007, 34.031637038000042 ], [ 26.300733444000059, 34.026918938000051 ], [ 26.291600277000043, 34.022200155000064 ], [ 26.282468121000079, 34.01748069100006 ], [ 26.273336975000063, 34.012760545000049 ], [ 26.264206841000032, 34.008039718000077 ], [ 26.255077717000063, 34.003318210000032 ], [ 26.245949603000042, 33.998596020000036 ], [ 26.236822499000027, 33.99387315000007 ], [ 26.227696405000074, 33.989149599000029 ], [ 26.218571322000059, 33.984425367000028 ], [ 26.20944724800006, 33.979700456000046 ], [ 26.200324183000077, 33.974974864000046 ], [ 26.191202128000043, 33.970248592000075 ], [ 26.182081083000071, 33.965521641000066 ], [ 26.172961046000069, 33.960794010000029 ], [ 26.163842018000025, 33.956065700000067 ], [ 26.154724, 33.951336711000067 ], [ 26.145606990000033, 33.946607043000029 ], [ 26.136490988000048, 33.941876696000065 ], [ 26.127375995000023, 33.937145670000064 ], [ 26.11826201100007, 33.932413967000059 ], [ 26.109149034000041, 33.927681585000073 ], [ 26.100037065000038, 33.922948525000038 ], [ 26.090926104000062, 33.918214788000057 ], [ 26.081816151000055, 33.913480373000027 ], [ 26.072707206000075, 33.908745280000062 ], [ 26.063599267000029, 33.904009511000027 ], [ 26.054492336000067, 33.899273064000056 ], [ 26.045386412000028, 33.894535941000072 ], [ 26.036281496000072, 33.889798141000028 ], [ 26.027177585000061, 33.885059664000039 ], [ 26.018074682000076, 33.880320512000026 ], [ 26.008972785000026, 33.875580683000067 ], [ 25.999871894000023, 33.870840179000027 ], [ 25.990772009000068, 33.86609899900003 ], [ 25.981673131000036, 33.861357144000067 ], [ 25.972575258000063, 33.856614613000033 ], [ 25.96347839200007, 33.851871407000033 ], [ 25.954382530000032, 33.847127527000055 ], [ 25.945287675000031, 33.842382971000063 ], [ 25.936193824000043, 33.837637742000027 ], [ 25.927100979000045, 33.83289183800008 ], [ 25.918009139000048, 33.828145260000042 ], [ 25.908918303000064, 33.823398008000026 ], [ 25.899828473000071, 33.818650082000033 ], [ 25.890739646000043, 33.813901483000052 ], [ 25.881651825000063, 33.809152211000026 ], [ 25.872565007000048, 33.804402265000078 ], [ 25.863479194000035, 33.799651647000076 ], [ 25.854394384000045, 33.794900356000028 ], [ 25.845310579000056, 33.790148392000049 ], [ 25.836227777000033, 33.785395756000071 ], [ 25.827145979000079, 33.780642447000048 ], [ 25.818065184000034, 33.775888467000073 ], [ 25.808985392000068, 33.771133815000042 ], [ 25.799906603000068, 33.766378492000058 ], [ 25.790828817000033, 33.761622497000076 ], [ 25.781752034000078, 33.756865831000027 ], [ 25.772676254000032, 33.752108494000026 ], [ 25.763601476000076, 33.747350486000073 ], [ 25.75452770000004, 33.742591807000053 ], [ 25.745454927000026, 33.737832458000071 ], [ 25.736383155000055, 33.733072439000068 ], [ 25.727312385000062, 33.728311750000046 ], [ 25.718242618000033, 33.72355039100006 ], [ 25.70917385100006, 33.718788362000055 ], [ 25.700106086000062, 33.714025664000076 ], [ 25.691039323000041, 33.709262296000077 ], [ 25.681973560000074, 33.704498259000047 ], [ 25.672908799000027, 33.699733554000034 ], [ 25.663845038000034, 33.694968180000046 ], [ 25.654782278000027, 33.690202137000028 ], [ 25.645720518000076, 33.685435426000026 ], [ 25.636659759000054, 33.68066804700004 ], [ 25.6276, 33.6759 ] ] } },
{ "type": "Feature", "properties": { "LonA": 27.421, "LatA": 34.5599, "LonB": 26.7931, "LatB": 34.2103, "SS_ID": 166.0, "Shape_Leng": 0.71866610745600001 }, "geometry": { "type": "LineString", "coordinates": [ [ 27.421, 34.5599 ], [ 27.411993176000067, 34.55492861700003 ], [ 27.402987424000059, 34.549956566000048 ], [ 27.393982743000038, 34.544983847000026 ], [ 27.384979133000058, 34.540010460000076 ], [ 27.375976594000065, 34.535036405000028 ], [ 27.366975126000057, 34.530061682000053 ], [ 27.357974729000034, 34.525086292000026 ], [ 27.348975402000065, 34.520110235000061 ], [ 27.339977145000034, 34.515133511000045 ], [ 27.330979959000047, 34.510156120000033 ], [ 27.321983842000066, 34.505178063000074 ], [ 27.312988795000024, 34.500199339000062 ], [ 27.303994817000046, 34.495219948000056 ], [ 27.295001909000064, 34.490239892000034 ], [ 27.286010070000032, 34.485259170000063 ], [ 27.277019300000063, 34.480277783000076 ], [ 27.268029599000045, 34.475295730000028 ], [ 27.259040966000043, 34.470313012000076 ], [ 27.250053402000049, 34.465329629000053 ], [ 27.241066906000071, 34.46034558100007 ], [ 27.232081478000055, 34.45536086900006 ], [ 27.223097117000066, 34.450375492000035 ], [ 27.214113825000027, 34.44538945100004 ], [ 27.205131600000072, 34.440402746000075 ], [ 27.196150442000032, 34.435415377000027 ], [ 27.187170352000066, 34.430427345000055 ], [ 27.178191328000025, 34.425438649000057 ], [ 27.169213371000069, 34.420449290000079 ], [ 27.160236481000027, 34.415459268000063 ], [ 27.151260657000023, 34.410468584000057 ], [ 27.142285899000058, 34.405477236000024 ], [ 27.133312207000074, 34.400485227000047 ], [ 27.124339581000072, 34.395492555000033 ], [ 27.115368021000052, 34.390499221000027 ], [ 27.106397526000023, 34.385505225000031 ], [ 27.097428096000044, 34.380510568000034 ], [ 27.088459732000047, 34.375515250000035 ], [ 27.079492432000052, 34.370519270000045 ], [ 27.070526197000049, 34.365522629000054 ], [ 27.061561027000039, 34.360525327000062 ], [ 27.052596921000031, 34.355527365000057 ], [ 27.043633879000026, 34.350528743000041 ], [ 27.034671901000024, 34.34552946000008 ], [ 27.025710987000025, 34.34052951700005 ], [ 27.016751137000028, 34.335528915000054 ], [ 27.007792350000045, 34.330527653000047 ], [ 26.998834626000075, 34.325525731000027 ], [ 26.989877965000062, 34.320523150000042 ], [ 26.980922367000062, 34.315519911000024 ], [ 26.971967832000075, 34.310516012000051 ], [ 26.963014359000056, 34.305511455000044 ], [ 26.95406194800006, 34.300506239000072 ], [ 26.945110600000078, 34.295500366000056 ], [ 26.936160314000062, 34.290493834000074 ], [ 26.927211089000025, 34.285486644000059 ], [ 26.918262926000068, 34.280478797000058 ], [ 26.909315824000032, 34.275470293000069 ], [ 26.900369783000031, 34.270461131000047 ], [ 26.891424804000053, 34.265451312000039 ], [ 26.882480885000064, 34.260440837000033 ], [ 26.873538027000052, 34.255429704000051 ], [ 26.864596229000028, 34.25041791600006 ], [ 26.85565549100005, 34.245405471000026 ], [ 26.846715814000049, 34.240392370000052 ], [ 26.837777196000047, 34.235378614000069 ], [ 26.828839638000034, 34.230364201000043 ], [ 26.819903140000065, 34.225349134000055 ], [ 26.810967701000038, 34.22033341100007 ], [ 26.802033321000067, 34.215317033000076 ], [ 26.7931, 34.2103 ] ] } },
{ "type": "Feature", "properties": { "LonA": 28.5737, "LatA": 35.2486, "LonB": 27.4686, "LatB": 34.6375, "SS_ID": 167.0, "Shape_Leng": 1.2628193459699999 }, "geometry": { "type": "LineString", "coordinates": [ [ 28.5737, 35.2486 ], [ 28.56457492100003, 35.243632347000073 ], [ 28.555450955000026, 35.238664001000075 ], [ 28.546328103000064, 35.233694964000051 ], [ 28.537206362000063, 35.228725236000059 ], [ 28.528085734000058, 35.223754816000053 ], [ 28.518966219000049, 35.218783705000078 ], [ 28.509847815000057, 35.213811903000078 ], [ 28.500730524000062, 35.208839410000053 ], [ 28.491614344000027, 35.203866226000059 ], [ 28.482499276000055, 35.198892353000076 ], [ 28.473385319000045, 35.193917789000068 ], [ 28.464272473000051, 35.188942535000024 ], [ 28.455160738000075, 35.183966592000047 ], [ 28.446050114000059, 35.178989959000035 ], [ 28.436940600000071, 35.174012637000033 ], [ 28.427832197000043, 35.169034626000041 ], [ 28.418724904000044, 35.164055925000071 ], [ 28.409618722000062, 35.159076537000033 ], [ 28.400513649000061, 35.154096460000062 ], [ 28.391409685000042, 35.149115694000045 ], [ 28.382306831000051, 35.144134241000074 ], [ 28.373205087000031, 35.139152099000057 ], [ 28.36410445100006, 35.134169270000029 ], [ 28.35500492500006, 35.129185754000048 ], [ 28.345906507000052, 35.124201551000056 ], [ 28.336809198000026, 35.119216660000063 ], [ 28.327712997000049, 35.11423108300005 ], [ 28.318617904000064, 35.109244819000025 ], [ 28.309523919000071, 35.104257869000037 ], [ 28.300431042000071, 35.099270232000038 ], [ 28.291339272000073, 35.094281910000063 ], [ 28.282248610000067, 35.089292902000068 ], [ 28.273159055000065, 35.084303208000051 ], [ 28.264070607000065, 35.07931282900006 ], [ 28.254983266000067, 35.074321765000036 ], [ 28.245897032000073, 35.069330016000038 ], [ 28.236811904000035, 35.064337583000054 ], [ 28.227727882000067, 35.059344465000038 ], [ 28.218644967000046, 35.054350662000047 ], [ 28.209563157000048, 35.04935617600006 ], [ 28.200482453000063, 35.044361005000042 ], [ 28.191402855000035, 35.039365151000027 ], [ 28.182324362000031, 35.034368613000026 ], [ 28.173246974000051, 35.029371393000076 ], [ 28.164170691000038, 35.024373489000027 ], [ 28.155095512000059, 35.019374902000038 ], [ 28.146021439000037, 35.014375633000043 ], [ 28.13694846900006, 35.009375681000051 ], [ 28.127876604000051, 35.004375047000053 ], [ 28.118805843000075, 34.999373731000048 ], [ 28.109736186000077, 34.994371733000037 ], [ 28.100667632000068, 34.989369054000065 ], [ 28.091600182000036, 34.984365693000029 ], [ 28.082533835000049, 34.979361651000033 ], [ 28.073468591000051, 34.974356928000077 ], [ 28.06440445000004, 34.969351524000047 ], [ 28.055341411000029, 34.964345440000045 ], [ 28.046279476000052, 34.959338675000026 ], [ 28.037218642000028, 34.954331230000037 ], [ 28.028158910000059, 34.949323105000076 ], [ 28.019100281000078, 34.944314301000077 ], [ 28.01004275300005, 34.93930481700005 ], [ 28.000986327000078, 34.934294653000052 ], [ 27.991931002000058, 34.929283811000062 ], [ 27.982876778000048, 34.924272289000044 ], [ 27.973823655000047, 34.919260089000034 ], [ 27.964771633000055, 34.914247211000031 ], [ 27.955720711000026, 34.909233654000047 ], [ 27.946670890000064, 34.904219419000071 ], [ 27.937622169000065, 34.899204506000046 ], [ 27.928574548000029, 34.894188915000029 ], [ 27.919528027000069, 34.889172647000066 ], [ 27.910482606000073, 34.884155702000044 ], [ 27.901438283000061, 34.879138079000029 ], [ 27.892395061000059, 34.874119780000058 ], [ 27.883352937000041, 34.869100804000027 ], [ 27.874311912000053, 34.86408115200004 ], [ 27.865271986000039, 34.85906082300005 ], [ 27.856233158000066, 34.854039818000047 ], [ 27.847195429000067, 34.849018138000076 ], [ 27.838158797000062, 34.843995782000036 ], [ 27.829123264000032, 34.838972750000039 ], [ 27.820088828000053, 34.833949043000075 ], [ 27.811055490000058, 34.828924662000077 ], [ 27.802023249000058, 34.823899605000065 ], [ 27.792992105000053, 34.818873874000076 ], [ 27.783962058000043, 34.813847468000063 ], [ 27.774933108000027, 34.808820389000061 ], [ 27.765905255000064, 34.803792635000036 ], [ 27.756878498000049, 34.79876420800008 ], [ 27.747852837000039, 34.793735106000042 ], [ 27.738828272000035, 34.788705332000063 ], [ 27.729804803000036, 34.783674885000039 ], [ 27.720782429000053, 34.778643764000037 ], [ 27.711761151000076, 34.773611971000037 ], [ 27.702740968000057, 34.768579505000048 ], [ 27.693721880000055, 34.76354636700006 ], [ 27.684703887000069, 34.758512556000028 ], [ 27.675686988000052, 34.753478074000043 ], [ 27.666671184000052, 34.748442920000059 ], [ 27.657656475000067, 34.743407095000066 ], [ 27.648642859000063, 34.738370598000074 ], [ 27.639630337000028, 34.733333430000073 ], [ 27.630618909000077, 34.728295591000062 ], [ 27.621608574000049, 34.723257082000032 ], [ 27.612599333000048, 34.718217902000049 ], [ 27.603591185000028, 34.713178051000057 ], [ 27.594584129000054, 34.708137531000034 ], [ 27.585578167000051, 34.703096341000048 ], [ 27.576573296000049, 34.698054481000042 ], [ 27.567569519000074, 34.693011951000074 ], [ 27.558566833000043, 34.687968752000074 ], [ 27.54956523900006, 34.682924885000034 ], [ 27.540564737000068, 34.677880348000031 ], [ 27.531565326000077, 34.672835143000043 ], [ 27.522567007000077, 34.667789269000025 ], [ 27.513569779000079, 34.662742727000079 ], [ 27.504573642000025, 34.657695517000036 ], [ 27.49557859600003, 34.652647639000065 ], [ 27.486584640000046, 34.647599093000053 ], [ 27.477591775000064, 34.642549880000047 ], [ 27.4686, 34.6375 ] ] } },
{ "type": "Feature", "properties": { "LonA": 20.3669, "LatA": 37.2597, "LonB": 20.4109, "LatB": 37.6628, "SS_ID": 192.0, "Shape_Leng": 0.40549430174000001 }, "geometry": { "type": "LineString", "coordinates": [ [ 20.3669, 37.2597 ], [ 20.367872666000039, 37.268658254000059 ], [ 20.368845563000036, 37.277616487000046 ], [ 20.369818690000045, 37.286574698000038 ], [ 20.370792048000055, 37.295532888000025 ], [ 20.371765637000067, 37.304491056000074 ], [ 20.372739457000023, 37.313449202000072 ], [ 20.373713508000037, 37.322407327000064 ], [ 20.374687790000053, 37.331365430000062 ], [ 20.37566230300007, 37.340323512000055 ], [ 20.376637049000067, 37.349281572000052 ], [ 20.377612025000076, 37.358239610000055 ], [ 20.378587234000065, 37.367197627000053 ], [ 20.379562674000056, 37.376155622000056 ], [ 20.380538347000027, 37.385113595000064 ], [ 20.381514252000045, 37.394071547000067 ], [ 20.382490389000054, 37.403029477000075 ], [ 20.383466758000054, 37.411987385000032 ], [ 20.384443360000034, 37.42094527200004 ], [ 20.385420195000052, 37.429903137000053 ], [ 20.38639726200006, 37.438860980000072 ], [ 20.387374563000037, 37.447818802000029 ], [ 20.388352096000062, 37.456776602000048 ], [ 20.389329863000057, 37.465734380000072 ], [ 20.390307863000032, 37.474692136000044 ], [ 20.391286097000034, 37.483649871000068 ], [ 20.392264564000072, 37.492607584000041 ], [ 20.393243265000024, 37.501565276000065 ], [ 20.394222199000069, 37.510522945000048 ], [ 20.395201368000073, 37.519480593000026 ], [ 20.396180771000047, 37.528438220000055 ], [ 20.397160408000047, 37.537395824000043 ], [ 20.398140280000064, 37.546353407000026 ], [ 20.39912038600005, 37.555310968000072 ], [ 20.400100727000051, 37.564268507000065 ], [ 20.401081302000023, 37.573226024000064 ], [ 20.402062113000056, 37.582183520000058 ], [ 20.40304315800006, 37.591140994000057 ], [ 20.404024439000068, 37.600098446000061 ], [ 20.405005955000036, 37.60905587600007 ], [ 20.405987706000076, 37.618013285000075 ], [ 20.406969693000065, 37.626970671000038 ], [ 20.407951916000059, 37.635928036000053 ], [ 20.408934375000058, 37.644885379000073 ], [ 20.409917069000073, 37.653842701000031 ], [ 20.4109, 37.6628 ] ] } },
{ "type": "Feature", "properties": { "LonA": 27.0253, "LatA": 39.9793, "LonB": 27.6836, "LatB": 40.2583, "SS_ID": 256.0, "Shape_Leng": 0.71498423970900005 }, "geometry": { "type": "LineString", "coordinates": [ [ 27.0253, 39.9793 ], [ 27.035386967000079, 39.983620667000025 ], [ 27.04547520400007, 39.987940454000068 ], [ 27.055564712000034, 39.992259359000059 ], [ 27.06565549100003, 39.996577382000055 ], [ 27.075747541000055, 40.000894524000046 ], [ 27.085840863000044, 40.005210783000052 ], [ 27.095935455000074, 40.009526160000064 ], [ 27.106031319000067, 40.013840655000024 ], [ 27.116128454000034, 40.018154266000067 ], [ 27.126226860000031, 40.022466995000059 ], [ 27.136326538000048, 40.026778840000077 ], [ 27.146427488000029, 40.031089802000054 ], [ 27.156529710000029, 40.035399880000057 ], [ 27.16663320300006, 40.03970907300004 ], [ 27.176737969000044, 40.044017383000039 ], [ 27.186844006000058, 40.048324808000075 ], [ 27.196951315000035, 40.052631348000034 ], [ 27.207059897000079, 40.05693700300003 ], [ 27.217169751000029, 40.061241773000063 ], [ 27.227280878000045, 40.065545658000076 ], [ 27.237393277000024, 40.069848656000033 ], [ 27.247506948000023, 40.074150769000028 ], [ 27.257621893000078, 40.07845199500008 ], [ 27.267738110000039, 40.082752335000066 ], [ 27.277855600000066, 40.087051788000053 ], [ 27.287974363000046, 40.091350355000031 ], [ 27.298094399000036, 40.095648034000078 ], [ 27.308215708000034, 40.09994482500008 ], [ 27.318338291000032, 40.104240729000026 ], [ 27.328462146000049, 40.10853574500004 ], [ 27.338587276000055, 40.112829873000067 ], [ 27.348713678000024, 40.117123112000058 ], [ 27.358841355000038, 40.121415463000062 ], [ 27.368970305000062, 40.125706924000042 ], [ 27.379100528000038, 40.129997497000033 ], [ 27.389232026000059, 40.134287180000058 ], [ 27.399364798000079, 40.138575974000048 ], [ 27.409498844000041, 40.142863877000025 ], [ 27.419634164000058, 40.147150891000081 ], [ 27.429770758000075, 40.151437014000066 ], [ 27.439908626000033, 40.155722246000039 ], [ 27.450047769000037, 40.160006588000044 ], [ 27.460188187000028, 40.164290038000047 ], [ 27.470329879000076, 40.168572597000036 ], [ 27.480472845000065, 40.172854265000069 ], [ 27.490617087000032, 40.177135040000053 ], [ 27.500762603000055, 40.18141492400008 ], [ 27.510909395000056, 40.185693915000058 ], [ 27.521057461000055, 40.189972013000045 ], [ 27.531206802000042, 40.194249219000028 ], [ 27.541357419000065, 40.198525532000076 ], [ 27.551509311000075, 40.202800951000029 ], [ 27.561662479000063, 40.207075477000046 ], [ 27.571816922000039, 40.211349109000025 ], [ 27.58197264000006, 40.215621847000079 ], [ 27.592129634000059, 40.219893691000038 ], [ 27.602287904000036, 40.224164640000026 ], [ 27.612447450000047, 40.228434694000043 ], [ 27.622608271000047, 40.232703853000032 ], [ 27.63277036900007, 40.23697211700005 ], [ 27.642933743000071, 40.24123948600004 ], [ 27.653098392000061, 40.24550595900007 ], [ 27.663264319000064, 40.249771536000026 ], [ 27.673431521000055, 40.254036216000031 ], [ 27.6836, 40.2583 ] ] } },
{ "type": "Feature", "properties": { "LonA": 27.0973, "LatA": 39.9171, "LonB": 26.6358, "LatB": 39.6869, "SS_ID": 257.0, "Shape_Leng": 0.51572769161499998 }, "geometry": { "type": "LineString", "coordinates": [ [ 27.0973, 39.9171 ], [ 27.087653991000025, 39.912323024000045 ], [ 27.078009322000071, 39.907545243000072 ], [ 27.068365993000043, 39.90276665500005 ], [ 27.058724004000055, 39.897987261000026 ], [ 27.049083354000061, 39.893207062000045 ], [ 27.039444044000049, 39.88842605800005 ], [ 27.029806073000032, 39.883644249000042 ], [ 27.020169442000054, 39.878861635000078 ], [ 27.010534149000023, 39.874078217000033 ], [ 27.000900194000053, 39.869293994000031 ], [ 26.991267578000077, 39.864508967000063 ], [ 26.981636301000037, 39.85972313700006 ], [ 26.972006361000069, 39.854936503000033 ], [ 26.962377760000038, 39.850149066000029 ], [ 26.952750496000078, 39.845360826000046 ], [ 26.943124569000076, 39.84057178300003 ], [ 26.933499980000079, 39.835781937000036 ], [ 26.923876729000028, 39.830991289000053 ], [ 26.91425481400006, 39.826199839000026 ], [ 26.904634236000049, 39.821407588000056 ], [ 26.895014994000064, 39.816614534000053 ], [ 26.885397089000037, 39.811820680000039 ], [ 26.875780520000035, 39.807026024000038 ], [ 26.866165287000058, 39.802230568000027 ], [ 26.85655139000005, 39.797434311000075 ], [ 26.846938828000077, 39.792637253000066 ], [ 26.837327602000073, 39.787839396000038 ], [ 26.827717711000048, 39.783040739000057 ], [ 26.818109156000048, 39.778241282000067 ], [ 26.808501935000038, 39.773441026000057 ], [ 26.798896048000074, 39.768639970000038 ], [ 26.789291497000079, 39.763838116000045 ], [ 26.779688279000027, 39.759035463000032 ], [ 26.770086396000067, 39.754232012000045 ], [ 26.760485846000051, 39.749427762000039 ], [ 26.750886630000025, 39.744622715000048 ], [ 26.741288748000045, 39.739816870000027 ], [ 26.731692199000065, 39.735010228000078 ], [ 26.722096983000029, 39.730202788000042 ], [ 26.712503100000049, 39.725394552000068 ], [ 26.70291055000007, 39.720585519000053 ], [ 26.693319333000034, 39.715775689000054 ], [ 26.683729447000076, 39.71096506300006 ], [ 26.674140894000061, 39.706153642000061 ], [ 26.664553673000057, 39.701341424000077 ], [ 26.654967784000064, 39.696528411000031 ], [ 26.645383226000035, 39.691714603000037 ], [ 26.6358, 39.6869 ] ] } },
{ "type": "Feature", "properties": { "LonA": 27.0699, "LatA": 39.8399, "LonB": 27.7612, "LatB": 40.1457, "SS_ID": 258.0, "Shape_Leng": 0.75591839225900004 }, "geometry": { "type": "LineString", "coordinates": [ [ 27.0699, 39.8399 ], [ 27.079874852000046, 39.844361351000032 ], [ 27.089850995000063, 39.848821841000074 ], [ 27.09982842900007, 39.85328147000007 ], [ 27.109807155000055, 39.85774023700003 ], [ 27.119787172000031, 39.862198142000068 ], [ 27.129768480000052, 39.866655184000081 ], [ 27.139751080000053, 39.871111365000047 ], [ 27.149734973000079, 39.875566682000056 ], [ 27.159720157000038, 39.880021137000028 ], [ 27.169706633000033, 39.884474729000033 ], [ 27.179694401000063, 39.888927457000079 ], [ 27.189683462000062, 39.893379322000044 ], [ 27.19967381500004, 39.897830322000061 ], [ 27.209665461000043, 39.902280459000053 ], [ 27.219658399000025, 39.906729731000041 ], [ 27.229652630000032, 39.911178138000025 ], [ 27.239648155000054, 39.915625681000051 ], [ 27.249644972000056, 39.920072358000027 ], [ 27.259643082000025, 39.924518170000056 ], [ 27.269642486000066, 39.92896311700008 ], [ 27.279643183000076, 39.933407197000065 ], [ 27.289645173000054, 39.937850412000046 ], [ 27.299648458000036, 39.942292760000043 ], [ 27.309653036000043, 39.946734242000048 ], [ 27.319658908000065, 39.951174857000069 ], [ 27.329666073000055, 39.955614604000061 ], [ 27.33967453300005, 39.960053484000071 ], [ 27.349684288000049, 39.96449149700004 ], [ 27.359695336000073, 39.968928642000037 ], [ 27.369707679000044, 39.973364919000062 ], [ 27.379721317000076, 39.977800328000058 ], [ 27.389736250000055, 39.982234868000035 ], [ 27.39975247700005, 39.98666853900005 ], [ 27.409769999000048, 39.991101341000046 ], [ 27.41978881600005, 39.995533274000024 ], [ 27.429808929000046, 39.999964337000051 ], [ 27.439830337000046, 40.00439453000007 ], [ 27.44985304000005, 40.00882385400007 ], [ 27.459877039000048, 40.013252307000073 ], [ 27.46990233300005, 40.017679890000068 ], [ 27.479928923000045, 40.022106602000065 ], [ 27.489956809000034, 40.026532442000075 ], [ 27.499985991000074, 40.030957412000078 ], [ 27.51001646900005, 40.035381510000036 ], [ 27.520048244000066, 40.039804736000065 ], [ 27.530081315000075, 40.044227091000039 ], [ 27.540115682000078, 40.048648573000037 ], [ 27.550151346000064, 40.053069182000058 ], [ 27.560188306000043, 40.057488919000036 ], [ 27.570226564000052, 40.061907783000038 ], [ 27.580266118000054, 40.066325774000063 ], [ 27.590306969000039, 40.070742891000066 ], [ 27.600349118000054, 40.075159134000046 ], [ 27.610392563000062, 40.07957450400005 ], [ 27.620437307000032, 40.083988999000042 ], [ 27.630483347000052, 40.088402619000078 ], [ 27.640530685000044, 40.092815365000035 ], [ 27.650579321000066, 40.097227237000027 ], [ 27.66062925500006, 40.101638232000028 ], [ 27.670680487000027, 40.106048353000062 ], [ 27.680733017000023, 40.11045759700005 ], [ 27.690786845000048, 40.114865966000025 ], [ 27.700841971000045, 40.119273459000055 ], [ 27.710898396000061, 40.123680075000038 ], [ 27.72095611900005, 40.12808581400003 ], [ 27.731015141000057, 40.132490677000078 ], [ 27.741075462000026, 40.136894662000032 ], [ 27.751137081000024, 40.141297770000051 ], [ 27.7612, 40.1457 ] ] } },
{ "type": "Feature", "properties": { "LonA": 27.4904, "LatA": 39.8888, "LonB": 27.1253, "LatB": 39.7459, "SS_ID": 259.0, "Shape_Leng": 0.39206968727899999 }, "geometry": { "type": "LineString", "coordinates": [ [ 27.4904, 39.8888 ], [ 27.480237909000039, 39.884846138000057 ], [ 27.470076986000038, 39.880891383000062 ], [ 27.45991723000003, 39.876935735000075 ], [ 27.449758642000063, 39.872979195000028 ], [ 27.439601221000032, 39.869021763000035 ], [ 27.429444968000041, 39.86506343800005 ], [ 27.419289881000054, 39.861104222000051 ], [ 27.40913596300004, 39.85714411400005 ], [ 27.398983211000029, 39.853183114000046 ], [ 27.388831626000069, 39.849221223000029 ], [ 27.378681209000035, 39.845258442000045 ], [ 27.368531959000052, 39.841294769000058 ], [ 27.358383876000062, 39.837330207000036 ], [ 27.348236960000065, 39.833364754000058 ], [ 27.338091211000062, 39.829398410000067 ], [ 27.327946629000053, 39.825431177000041 ], [ 27.317803214000037, 39.821463055000038 ], [ 27.307660966000071, 39.817494043000067 ], [ 27.297519885000042, 39.813524142000063 ], [ 27.287379970000075, 39.80955335200008 ], [ 27.277241223000033, 39.805581673000063 ], [ 27.267103642000052, 39.801609106000058 ], [ 27.256967228000065, 39.797635650000075 ], [ 27.246831981000071, 39.793661307000036 ], [ 27.236697900000024, 39.789686075000077 ], [ 27.226564986000028, 39.785709956000062 ], [ 27.216433238000036, 39.781732950000048 ], [ 27.206302657000037, 39.777755057000036 ], [ 27.196173243000032, 39.773776276000035 ], [ 27.186044995000032, 39.769796609000025 ], [ 27.175917913000035, 39.765816056000062 ], [ 27.165791998000032, 39.761834616000044 ], [ 27.155667249000032, 39.757852291000063 ], [ 27.145543666000037, 39.753869079000026 ], [ 27.135421250000036, 39.749884982000026 ], [ 27.1253, 39.7459 ] ] } },
{ "type": "Feature", "properties": { "LonA": 27.8895, "LatA": 39.7714, "LonB": 27.0449, "LatB": 39.5087, "SS_ID": 260.0, "Shape_Leng": 0.88451426480399997 }, "geometry": { "type": "LineString", "coordinates": [ [ 27.8895, 39.7714 ], [ 27.878768967000042, 39.76811323700008 ], [ 27.868038955000031, 39.764825481000059 ], [ 27.857309964000024, 39.761536731000035 ], [ 27.846581993000029, 39.758246987000064 ], [ 27.835855043000038, 39.754956250000077 ], [ 27.825129115000038, 39.751664520000077 ], [ 27.814404207000052, 39.748371798000051 ], [ 27.803680321000058, 39.745078082000077 ], [ 27.792957456000067, 39.741783374000079 ], [ 27.782235612000079, 39.738487674000055 ], [ 27.771514790000026, 39.735190982000063 ], [ 27.760794990000079, 39.731893297000056 ], [ 27.750076211000078, 39.72859462200006 ], [ 27.739358453000079, 39.725294955000038 ], [ 27.728641718000063, 39.721994296000048 ], [ 27.717926005000038, 39.718692647000069 ], [ 27.707211313000073, 39.715390007000053 ], [ 27.696497644000033, 39.712086376000059 ], [ 27.685784997000042, 39.708781755000075 ], [ 27.675073372000043, 39.705476144000045 ], [ 27.664362769000036, 39.702169543000025 ], [ 27.653653189000067, 39.698861952000073 ], [ 27.642944632000024, 39.695553371000074 ], [ 27.632237097000029, 39.692243801000075 ], [ 27.621530585000073, 39.688933242000076 ], [ 27.610825095000052, 39.685621695000066 ], [ 27.60012062900006, 39.682309158000066 ], [ 27.589417185000059, 39.678995633000056 ], [ 27.578714765000029, 39.675681120000036 ], [ 27.568013367000049, 39.672365618000072 ], [ 27.557312993000039, 39.66904912900003 ], [ 27.546613643000057, 39.665731652000034 ], [ 27.535915315000068, 39.662413188000073 ], [ 27.52521801100005, 39.659093736000045 ], [ 27.514521731000059, 39.655773297000053 ], [ 27.50382647400005, 39.652451872000029 ], [ 27.493132242000058, 39.64912946000004 ], [ 27.482439033000048, 39.64580606100003 ], [ 27.471746847000077, 39.642481677000035 ], [ 27.461055686000066, 39.639156306000075 ], [ 27.450365549000026, 39.635829949000026 ], [ 27.43967643600007, 39.632502607000049 ], [ 27.428988348000075, 39.629174280000029 ], [ 27.418301284000052, 39.625844967000035 ], [ 27.407615244000056, 39.622514670000044 ], [ 27.396930228000031, 39.619183388000067 ], [ 27.386246238000069, 39.615851121000048 ], [ 27.375563271000033, 39.612517870000033 ], [ 27.36488133000006, 39.609183634000033 ], [ 27.354200414000047, 39.605848415000025 ], [ 27.343520522000063, 39.602512212000079 ], [ 27.332841655000038, 39.599175026000069 ], [ 27.322163814000078, 39.595836856000062 ], [ 27.311486998000078, 39.592497704000039 ], [ 27.300811206000049, 39.589157568000076 ], [ 27.290136441000072, 39.585816450000038 ], [ 27.279462700000067, 39.582474349000051 ], [ 27.268789985000069, 39.579131267000037 ], [ 27.258118296000077, 39.575787202000072 ], [ 27.247447632000046, 39.572442155000033 ], [ 27.236777994000079, 39.56909612700008 ], [ 27.226109382000061, 39.565749117000053 ], [ 27.21544179600005, 39.562401126000054 ], [ 27.204775236000046, 39.559052154000028 ], [ 27.194109701000059, 39.555702201000031 ], [ 27.183445193000068, 39.552351268000052 ], [ 27.172781711000027, 39.548999355000035 ], [ 27.16211925600004, 39.545646461000047 ], [ 27.151457826000069, 39.542292587000077 ], [ 27.140797423000038, 39.538937734000058 ], [ 27.130138047000059, 39.535581901000057 ], [ 27.119479697000031, 39.532225089000065 ], [ 27.108822374000056, 39.528867297000033 ], [ 27.098166078000077, 39.525508527000056 ], [ 27.087510808000047, 39.52214877800003 ], [ 27.07685656600006, 39.518788051000058 ], [ 27.066203350000023, 39.515426345000037 ], [ 27.055551161000039, 39.51206366200006 ], [ 27.0449, 39.5087 ] ] } },
{ "type": "Feature", "properties": { "LonA": 27.4873, "LatA": 39.5941, "LonB": 27.9498, "LatB": 39.6896, "SS_ID": 261.0, "Shape_Leng": 0.47225719073799999 }, "geometry": { "type": "LineString", "coordinates": [ [ 27.4873, 39.5941 ], [ 27.498297088000072, 39.596395207000057 ], [ 27.509294902000079, 39.59868937300007 ], [ 27.520293442000025, 39.600982497000075 ], [ 27.531292707000034, 39.603274578000025 ], [ 27.54229269700005, 39.605565617000025 ], [ 27.553293412000073, 39.607855614000073 ], [ 27.564294851000056, 39.610144569000056 ], [ 27.575297015000046, 39.612432481000042 ], [ 27.586299903000054, 39.61471935000003 ], [ 27.597303515000078, 39.617005175000031 ], [ 27.608307851000063, 39.619289958000024 ], [ 27.619312910000076, 39.621573698000077 ], [ 27.63031869200006, 39.623856394000029 ], [ 27.641325198000061, 39.626138046000051 ], [ 27.652332426000044, 39.628418655000075 ], [ 27.663340377000054, 39.630698220000056 ], [ 27.674349051000036, 39.632976740000061 ], [ 27.685358446000066, 39.635254217000067 ], [ 27.696368564000068, 39.637530649000041 ], [ 27.707379403000061, 39.639806037000028 ], [ 27.718390963000047, 39.642080380000039 ], [ 27.729403245000071, 39.644353678000073 ], [ 27.740416248000031, 39.646625931000074 ], [ 27.751429972000039, 39.648897140000031 ], [ 27.76244441700004, 39.651167302000033 ], [ 27.773459581000054, 39.653436420000048 ], [ 27.78447546600006, 39.655704492000041 ], [ 27.795492071000069, 39.657971518000068 ], [ 27.806509395000035, 39.660237498000072 ], [ 27.81752743900006, 39.662502433000043 ], [ 27.828546202000041, 39.664766321000059 ], [ 27.839565684000036, 39.667029163000052 ], [ 27.850585885000044, 39.669290958000033 ], [ 27.861606805000065, 39.671551707000049 ], [ 27.872628442000064, 39.673811409000052 ], [ 27.883650798000076, 39.676070064000044 ], [ 27.894673872000055, 39.67832767200008 ], [ 27.905697663000069, 39.680584232000058 ], [ 27.91672217200005, 39.68283974600007 ], [ 27.927747398000065, 39.685094212000024 ], [ 27.938773340000068, 39.687347630000033 ], [ 27.9498, 39.6896 ] ] } },
{ "type": "Feature", "properties": { "LonA": 27.8474, "LatA": 39.0612, "LonB": 28.0152, "LatB": 39.3675, "SS_ID": 262.0, "Shape_Leng": 0.349251619658 }, "geometry": { "type": "LineString", "coordinates": [ [ 27.8474, 39.0612 ], [ 27.851916020000033, 39.069481759000041 ], [ 27.856433097000036, 39.077763331000028 ], [ 27.860951229000079, 39.08604471600006 ], [ 27.865470418000029, 39.09432591500007 ], [ 27.869990664000056, 39.102606926000078 ], [ 27.874511968000036, 39.110887750000074 ], [ 27.879034331000071, 39.119168387000059 ], [ 27.883557752000058, 39.127448837000031 ], [ 27.888082233000034, 39.135729100000049 ], [ 27.892607773000066, 39.144009175000065 ], [ 27.897134374000075, 39.152289062000079 ], [ 27.901662036000062, 39.160568762000025 ], [ 27.906190760000072, 39.168848274000027 ], [ 27.91072054600005, 39.177127598000027 ], [ 27.915251394000052, 39.185406735000072 ], [ 27.919783306000056, 39.193685683000069 ], [ 27.924316281000074, 39.201964443000065 ], [ 27.928850320000038, 39.21024301500006 ], [ 27.93338542500004, 39.218521399000053 ], [ 27.937921594000045, 39.226799594000056 ], [ 27.942458830000078, 39.235077601000057 ], [ 27.946997132000035, 39.243355419000068 ], [ 27.951536501000078, 39.251633049000077 ], [ 27.956076937000034, 39.259910490000038 ], [ 27.960618441000065, 39.268187742000066 ], [ 27.965161014000046, 39.276464805000046 ], [ 27.969704657000079, 39.284741679000035 ], [ 27.974249368000073, 39.293018363000044 ], [ 27.978795150000053, 39.301294859000052 ], [ 27.983342003000075, 39.309571165000079 ], [ 27.987889927000026, 39.317847282000059 ], [ 27.992438923000066, 39.326123209000059 ], [ 27.99698899200007, 39.334398947000068 ], [ 28.001540133000049, 39.34267449500004 ], [ 28.006092348000038, 39.350949853000031 ], [ 28.010645637000039, 39.359225022000032 ], [ 28.0152, 39.3675 ] ] } },
{ "type": "Feature", "properties": { "LonA": 27.1517, "LatA": 39.0682, "LonB": 27.0342, "LatB": 38.8529, "SS_ID": 263.0, "Shape_Leng": 0.245276128101 }, "geometry": { "type": "LineString", "coordinates": [ [ 27.1517, 39.0682 ], [ 27.147167592000073, 39.059921570000029 ], [ 27.142636242000037, 39.051642952000066 ], [ 27.138105951000057, 39.043364147000034 ], [ 27.13357671600005, 39.035085153000068 ], [ 27.129048539000053, 39.026805972000034 ], [ 27.124521418000029, 39.018526604000044 ], [ 27.119995353000036, 39.010247048000053 ], [ 27.115470342000037, 39.001967305000051 ], [ 27.11094638700007, 38.993687375000036 ], [ 27.10642348600004, 38.985407257000077 ], [ 27.101901638000072, 38.977126952000049 ], [ 27.097380844000043, 38.968846461000055 ], [ 27.092861102000029, 38.96056578200006 ], [ 27.088342412000031, 38.952284917000043 ], [ 27.08382477400005, 38.94400386500007 ], [ 27.079308187000038, 38.935722627000075 ], [ 27.074792650000063, 38.927441202000068 ], [ 27.070278163000069, 38.919159591000039 ], [ 27.065764725000065, 38.910877793000054 ], [ 27.061252336000052, 38.902595809000047 ], [ 27.05674099600003, 38.894313639000075 ], [ 27.052230703000077, 38.886031283000079 ], [ 27.047721458000069, 38.877748741000062 ], [ 27.043213259000026, 38.869466013000078 ], [ 27.038706107000053, 38.861183099000073 ], [ 27.0342, 38.8529 ] ] } },
{ "type": "Feature", "properties": { "LonA": 26.6307, "LatA": 38.1451, "LonB": 26.6517, "LatB": 38.4594, "SS_ID": 300.0, "Shape_Leng": 0.31500078216400001 }, "geometry": { "type": "LineString", "coordinates": [ [ 26.6307, 38.1451 ], [ 26.631297493000034, 38.154080286000067 ], [ 26.631895133000057, 38.163060556000062 ], [ 26.632492919000072, 38.172040808000077 ], [ 26.633090852000066, 38.181021044000033 ], [ 26.633688931000052, 38.190001263000056 ], [ 26.634287158000063, 38.198981465000031 ], [ 26.634885531000066, 38.207961651000062 ], [ 26.635484052000038, 38.216941819000056 ], [ 26.636082720000047, 38.225921971000048 ], [ 26.636681535000037, 38.23490210600005 ], [ 26.637280497000063, 38.24388222400006 ], [ 26.637879607000059, 38.252862325000081 ], [ 26.638478864000035, 38.261842409000053 ], [ 26.639078268000048, 38.270822477000024 ], [ 26.639677821000078, 38.279802528000062 ], [ 26.64027752100003, 38.288782561000062 ], [ 26.640877368000076, 38.297762578000061 ], [ 26.641477364000025, 38.306742579000058 ], [ 26.642077508000057, 38.315722562000076 ], [ 26.642677800000058, 38.324702528000046 ], [ 26.643278240000029, 38.333682478000071 ], [ 26.643878828000027, 38.342662411000049 ], [ 26.644479564000051, 38.351642326000047 ], [ 26.645080449000034, 38.360622225000043 ], [ 26.645681482000043, 38.369602107000048 ], [ 26.646282664000069, 38.378581973000053 ], [ 26.646883995000053, 38.387561821000077 ], [ 26.647485474000064, 38.396541652000053 ], [ 26.648087102000034, 38.405521467000028 ], [ 26.648688879000076, 38.414501265000069 ], [ 26.649290805000078, 38.423481046000063 ], [ 26.649892880000039, 38.432460810000066 ], [ 26.650495104000072, 38.441440557000078 ], [ 26.651097477000064, 38.450420287000043 ], [ 26.6517, 38.4594 ] ] } },
{ "type": "Feature", "properties": { "LonA": 26.951, "LatA": 38.3491, "LonB": 26.6277, "LatB": 38.1204, "SS_ID": 301.0, "Shape_Leng": 0.39601373946399998 }, "geometry": { "type": "LineString", "coordinates": [ [ 26.951, 38.3491 ], [ 26.942684917000065, 38.343247158000054 ], [ 26.934371171000066, 38.337393721000069 ], [ 26.926058764000061, 38.331539689000067 ], [ 26.91774769400007, 38.325685062000048 ], [ 26.909437961000037, 38.319829840000068 ], [ 26.901129565000076, 38.313974024000061 ], [ 26.892822505000026, 38.308117614000025 ], [ 26.88451678000007, 38.302260609000029 ], [ 26.87621239200007, 38.296403011000052 ], [ 26.86790933900005, 38.290544819000047 ], [ 26.859607620000077, 38.28468603400006 ], [ 26.851307237000071, 38.278826655000046 ], [ 26.843008187000066, 38.272966684000039 ], [ 26.834710471000051, 38.267106119000061 ], [ 26.826414088000035, 38.261244962000035 ], [ 26.818119039000067, 38.255383213000073 ], [ 26.809825322000052, 38.249520872000062 ], [ 26.801532938000037, 38.243657939000059 ], [ 26.793241886000033, 38.237794414000064 ], [ 26.78495216500005, 38.231930298000066 ], [ 26.776663775000031, 38.226065591000065 ], [ 26.768376717000024, 38.220200292000072 ], [ 26.760090989000048, 38.214334403000066 ], [ 26.751806591000047, 38.208467923000057 ], [ 26.743523523000079, 38.202600853000035 ], [ 26.735241784000038, 38.196733192000067 ], [ 26.72696137500003, 38.190864942000076 ], [ 26.718682294000075, 38.184996102000071 ], [ 26.710404542000049, 38.179126672000052 ], [ 26.702128118000076, 38.173256653000067 ], [ 26.693853021000052, 38.167386045000057 ], [ 26.685579252000025, 38.161514848000024 ], [ 26.677306809000072, 38.15564306300007 ], [ 26.669035693000069, 38.149770689000036 ], [ 26.660765904000073, 38.143897727000081 ], [ 26.652497440000047, 38.138024177000034 ], [ 26.64423030200004, 38.132150039000066 ], [ 26.63596448800007, 38.126275313000065 ], [ 26.6277, 38.1204 ] ] } },
{ "type": "Feature", "properties": { "LonA": 26.8457, "LatA": 38.0524, "LonB": 27.1121, "LatB": 38.3109, "SS_ID": 305.0, "Shape_Leng": 0.37120272879900001 }, "geometry": { "type": "LineString", "coordinates": [ [ 26.8457, 38.0524 ], [ 26.852875302000029, 38.059394563000069 ], [ 26.860051971000075, 38.066388679000056 ], [ 26.867230006000057, 38.073382348000052 ], [ 26.874409408000076, 38.080375571000047 ], [ 26.881590177000078, 38.087368347000051 ], [ 26.88877231500004, 38.094360675000075 ], [ 26.89595582100003, 38.101352557000041 ], [ 26.903140697000026, 38.108343990000037 ], [ 26.91032694200004, 38.115334976000042 ], [ 26.917514557000061, 38.122325514000067 ], [ 26.924703543000078, 38.129315604000055 ], [ 26.931893901000024, 38.136305245000074 ], [ 26.939085630000079, 38.143294438000055 ], [ 26.946278731000064, 38.150283182000067 ], [ 26.953473205000023, 38.157271477000052 ], [ 26.960669052000071, 38.164259323000067 ], [ 26.967866274000073, 38.171246720000056 ], [ 26.97506486900005, 38.178233667000029 ], [ 26.982264839000038, 38.185220165000032 ], [ 26.989466185000026, 38.192206212000031 ], [ 26.996668907000071, 38.199191810000059 ], [ 27.003873005000059, 38.206176957000025 ], [ 27.011078480000037, 38.213161654000032 ], [ 27.018285332000062, 38.220145900000034 ], [ 27.025493563000055, 38.227129695000031 ], [ 27.032703171000037, 38.234113040000068 ], [ 27.039914159000034, 38.241095933000054 ], [ 27.047126527000046, 38.248078374000045 ], [ 27.054340274000026, 38.25506036400003 ], [ 27.061555403000057, 38.262041902000078 ], [ 27.068771912000045, 38.269022988000074 ], [ 27.075989803000027, 38.276003622000076 ], [ 27.08320907600006, 38.282983803000036 ], [ 27.090429732000075, 38.289963532000058 ], [ 27.097651770000027, 38.29694280700005 ], [ 27.104875193000055, 38.303921630000048 ], [ 27.1121, 38.3109 ] ] } },
{ "type": "Feature", "properties": { "LonA": 27.8745, "LatA": 38.4975, "LonB": 27.2715, "LatB": 38.2566, "SS_ID": 311.0, "Shape_Leng": 0.64934074502299999 }, "geometry": { "type": "LineString", "coordinates": [ [ 27.8745, 38.4975 ], [ 27.864417217000039, 38.493510558000025 ], [ 27.854335547000062, 38.489520246000041 ], [ 27.844254988000046, 38.485529063000058 ], [ 27.834175542000025, 38.481537010000068 ], [ 27.824097207000079, 38.477544087000069 ], [ 27.814019985000073, 38.473550295000052 ], [ 27.803943874000026, 38.469555633000027 ], [ 27.793868875000044, 38.465560101000051 ], [ 27.783794988000068, 38.461563701000046 ], [ 27.773722212000052, 38.457566432000078 ], [ 27.763650549000033, 38.453568294000036 ], [ 27.753579997000031, 38.449569288000077 ], [ 27.743510557000036, 38.445569413000044 ], [ 27.733442228000058, 38.441568671000027 ], [ 27.72337501100003, 38.437567061000038 ], [ 27.713308905000076, 38.433564583000077 ], [ 27.703243911000072, 38.429561238000076 ], [ 27.693180028000029, 38.425557026000035 ], [ 27.683117257000049, 38.421551947000069 ], [ 27.67305559700003, 38.417546001000062 ], [ 27.662995048000028, 38.413539189000062 ], [ 27.652935611000032, 38.409531510000079 ], [ 27.642877285000054, 38.405522966000035 ], [ 27.632820070000037, 38.401513556000054 ], [ 27.622763966000036, 38.39750328000008 ], [ 27.612708973000053, 38.393492139000045 ], [ 27.602655092000077, 38.389480132000074 ], [ 27.592602321000072, 38.385467261000031 ], [ 27.582550661000028, 38.38145352500004 ], [ 27.572500112000057, 38.377438925000035 ], [ 27.562450674000047, 38.373423460000026 ], [ 27.552402347000054, 38.36940713100006 ], [ 27.542355131000079, 38.365389939000067 ], [ 27.532309025000075, 38.361371882000071 ], [ 27.522264030000031, 38.357352963000039 ], [ 27.512220146000061, 38.35333318000005 ], [ 27.502177373000052, 38.349312534000035 ], [ 27.492135709000024, 38.345291026000041 ], [ 27.48209515700006, 38.341268655000079 ], [ 27.472055715000067, 38.337245421000034 ], [ 27.462017383000045, 38.333221326000057 ], [ 27.451980162000041, 38.329196368000055 ], [ 27.441944051000064, 38.325170549000063 ], [ 27.431909050000058, 38.321143869000025 ], [ 27.42187516000007, 38.317116327000065 ], [ 27.411842379000063, 38.313087924000058 ], [ 27.401810709000074, 38.309058661000051 ], [ 27.391780149000056, 38.305028536000066 ], [ 27.381750699000065, 38.300997552000069 ], [ 27.371722359000046, 38.296965707000027 ], [ 27.361695129000054, 38.29293300300003 ], [ 27.351669009000034, 38.288899438000044 ], [ 27.341643999000041, 38.284865014000047 ], [ 27.331620099000077, 38.28082973100004 ], [ 27.321597308000037, 38.276793589000079 ], [ 27.311575627000025, 38.27275658800005 ], [ 27.301555056000041, 38.268718729000057 ], [ 27.291535595000028, 38.264680010000063 ], [ 27.281517242000064, 38.260640434000038 ], [ 27.2715, 38.2566 ] ] } },
{ "type": "Feature", "properties": { "LonA": 19.8502, "LatA": 40.2013, "LonB": 19.3642, "LatB": 39.8892, "SS_ID": 700.0, "Shape_Leng": 0.577584476209 }, "geometry": { "type": "LineString", "coordinates": [ [ 19.8502, 40.2013 ], [ 19.841323988000056, 40.195643858000039 ], [ 19.832449451000059, 40.189987030000054 ], [ 19.823576388000049, 40.184329517000037 ], [ 19.814704799000026, 40.178671318000056 ], [ 19.805834684000047, 40.173012434000043 ], [ 19.796966043000054, 40.167352865000055 ], [ 19.78809887500006, 40.161692611000035 ], [ 19.779233179000073, 40.15603167300003 ], [ 19.770368956000027, 40.150370050000049 ], [ 19.761506204000057, 40.144707743000026 ], [ 19.752644925000027, 40.139044753000064 ], [ 19.743785116000026, 40.13338107900006 ], [ 19.734926779000034, 40.127716722000059 ], [ 19.726069911000025, 40.122051682000063 ], [ 19.717214515000023, 40.11638595900007 ], [ 19.708360587000072, 40.11071955400007 ], [ 19.699508130000027, 40.105052466000075 ], [ 19.690657141000031, 40.099384696000072 ], [ 19.681807621000075, 40.093716245000053 ], [ 19.672959570000046, 40.088047112000027 ], [ 19.664112986000077, 40.08237729800004 ], [ 19.655267870000046, 40.076706803000036 ], [ 19.646424221000075, 40.071035626000025 ], [ 19.637582040000041, 40.065363770000033 ], [ 19.628741324000032, 40.059691233000081 ], [ 19.619902075000027, 40.054018016000043 ], [ 19.611064292000037, 40.048344119000035 ], [ 19.602227974000073, 40.042669543000045 ], [ 19.593393121000076, 40.036994287000027 ], [ 19.584559733000049, 40.031318352000028 ], [ 19.575727809000057, 40.025641739000037 ], [ 19.566897350000033, 40.019964447000064 ], [ 19.558068353000067, 40.014286476000052 ], [ 19.549240821000069, 40.008607828000038 ], [ 19.540414751000071, 40.002928501000042 ], [ 19.531590143000074, 39.997248497000044 ], [ 19.522766998000066, 39.991567816000043 ], [ 19.513945314000068, 39.985886457000049 ], [ 19.505125092000071, 39.980204422000043 ], [ 19.496306331000028, 39.974521710000033 ], [ 19.487489031000052, 39.968838321000078 ], [ 19.478673191000041, 39.963154257000042 ], [ 19.469858811000051, 39.95746951600006 ], [ 19.461045891000026, 39.951784100000054 ], [ 19.452234430000033, 39.946098009000025 ], [ 19.443424428000071, 39.940411242000039 ], [ 19.434615885000028, 39.934723800000029 ], [ 19.425808799000038, 39.929035684000041 ], [ 19.417003172000022, 39.923346894000076 ], [ 19.40819900200006, 39.91765742900003 ], [ 19.399396289000038, 39.911967290000064 ], [ 19.390595032000078, 39.906276477000063 ], [ 19.381795232000059, 39.900584991000073 ], [ 19.372996888000046, 39.894892832000039 ], [ 19.3642, 39.8892 ] ] } },
{ "type": "Feature", "properties": { "LonA": 19.0121, "LatA": 40.642, "LonB": 20.1971, "LatB": 41.1591, "SS_ID": 720.0, "Shape_Leng": 1.29292157141 }, "geometry": { "type": "LineString", "coordinates": [ [ 19.0121, 40.642 ], [ 19.022236777000046, 40.64650970100007 ], [ 19.032374918000073, 40.651018509000039 ], [ 19.042514425000036, 40.655526423000026 ], [ 19.052655296000069, 40.660033444000078 ], [ 19.062797532000047, 40.664539570000045 ], [ 19.072941133000029, 40.669044801000041 ], [ 19.08308609900007, 40.673549138000055 ], [ 19.093232431000047, 40.678052580000042 ], [ 19.103380129000072, 40.682555126000068 ], [ 19.113529192000044, 40.687056777000066 ], [ 19.123679620000075, 40.691557532000047 ], [ 19.133831415000031, 40.696057391000068 ], [ 19.143984576000037, 40.700556354000071 ], [ 19.154139103000034, 40.705054420000067 ], [ 19.164294996000024, 40.709551590000046 ], [ 19.174452255000062, 40.714047862000029 ], [ 19.184610882000072, 40.718543237000063 ], [ 19.194770874000028, 40.723037714000043 ], [ 19.204932234000069, 40.727531293000027 ], [ 19.215094961000034, 40.732023975000061 ], [ 19.225259054000048, 40.736515758000053 ], [ 19.235424515000034, 40.741006642000059 ], [ 19.245591343000058, 40.74549662700008 ], [ 19.255759539000053, 40.749985713000058 ], [ 19.26592910200003, 40.75447390000005 ], [ 19.276100033000034, 40.758961187000068 ], [ 19.286272332000067, 40.763447574000054 ], [ 19.296445999000071, 40.767933061000065 ], [ 19.306621033000056, 40.772417648000044 ], [ 19.316797436000058, 40.776901333000069 ], [ 19.326975208000022, 40.781384118000062 ], [ 19.337154347000023, 40.785866002000034 ], [ 19.347334856000032, 40.790346984000053 ], [ 19.357516733000068, 40.79482706400006 ], [ 19.367699979000065, 40.799306242000057 ], [ 19.377884594000022, 40.803784518000043 ], [ 19.388070578000054, 40.808261891000029 ], [ 19.398257931000046, 40.812738361000072 ], [ 19.408446654000045, 40.817213929000047 ], [ 19.418636746000061, 40.821688593000033 ], [ 19.428828207000038, 40.826162353000029 ], [ 19.439021038000078, 40.830635210000025 ], [ 19.449215240000058, 40.835107162000043 ], [ 19.459410811000055, 40.83957821000007 ], [ 19.469607752000059, 40.844048354000051 ], [ 19.479806063000069, 40.848517592000064 ], [ 19.490005745000076, 40.852985926000031 ], [ 19.500206797000033, 40.857453354000029 ], [ 19.510409220000042, 40.861919876000059 ], [ 19.520613013000059, 40.866385492000063 ], [ 19.530818178000061, 40.870850202000042 ], [ 19.54102471300007, 40.875314006000053 ], [ 19.551232619000075, 40.87977690300005 ], [ 19.561441897000066, 40.884238893000031 ], [ 19.571652546000053, 40.888699976000055 ], [ 19.581864566000036, 40.893160151000075 ], [ 19.592077958000061, 40.897619418000033 ], [ 19.602292721000026, 40.902077778000034 ], [ 19.612508857000023, 40.906535229000042 ], [ 19.622726364000073, 40.910991771000056 ], [ 19.632945243000052, 40.915447405000066 ], [ 19.643165494000073, 40.919902129000036 ], [ 19.653387118000069, 40.924355944000069 ], [ 19.663610114000051, 40.928808850000053 ], [ 19.673834483000064, 40.933260846000053 ], [ 19.684060224000063, 40.937711931000081 ], [ 19.694287338000038, 40.942162107000058 ], [ 19.704515825000044, 40.946611371000074 ], [ 19.714745685000025, 40.95105972500005 ], [ 19.724976918000038, 40.955507167000064 ], [ 19.735209524000027, 40.959953698000049 ], [ 19.745443504000036, 40.964399318000062 ], [ 19.755678857000078, 40.968844025000067 ], [ 19.765915584000027, 40.973287820000053 ], [ 19.776153684000064, 40.977730703000077 ], [ 19.786393158000067, 40.982172673000036 ], [ 19.796634006000033, 40.986613730000045 ], [ 19.806876229000068, 40.991053873000055 ], [ 19.817119825000077, 40.995493103000058 ], [ 19.82736479600004, 40.999931420000053 ], [ 19.837611141000025, 41.00436882200006 ], [ 19.847858861000077, 41.008805310000071 ], [ 19.858107955000037, 41.013240883000037 ], [ 19.868358424000064, 41.017675542000063 ], [ 19.878610268000045, 41.022109285000056 ], [ 19.888863487000037, 41.026542113000062 ], [ 19.89911808100004, 41.030974025000035 ], [ 19.909374050000054, 41.035405022000077 ], [ 19.919631395000067, 41.03983510200004 ], [ 19.929890115000035, 41.044264266000027 ], [ 19.940150211000059, 41.048692513000049 ], [ 19.950411682000038, 41.053119843000047 ], [ 19.960674530000063, 41.05754625600008 ], [ 19.970938753000041, 41.061971752000034 ], [ 19.981204352000077, 41.066396330000032 ], [ 19.991471327000056, 41.070819989000029 ], [ 20.001739679000025, 41.07524273100006 ], [ 20.01200940700005, 41.079664554000033 ], [ 20.022280511000076, 41.084085458000061 ], [ 20.032552992000035, 41.088505443000031 ], [ 20.04282685000004, 41.092924509000056 ], [ 20.053102085000035, 41.097342655000034 ], [ 20.063378696000029, 41.101759882000067 ], [ 20.07365668500006, 41.106176188000063 ], [ 20.083936051000023, 41.110591574000068 ], [ 20.094216794000033, 41.115006039000036 ], [ 20.104498914000033, 41.11941958400007 ], [ 20.114782412000068, 41.123832207000078 ], [ 20.125067288000025, 41.128243909000048 ], [ 20.135353541000029, 41.132654689000049 ], [ 20.145641173000058, 41.13706454700008 ], [ 20.155930182000077, 41.141473483000027 ], [ 20.166220569000075, 41.145881497000062 ], [ 20.176512334000051, 41.15028858800008 ], [ 20.186805478000053, 41.154694755000037 ], [ 20.1971, 41.1591 ] ] } }
]
}
