{
"type": "FeatureCollection",
"name": "RCS_polylines",
"crs": { "type": "name", "properties": { "name": "urn:ogc:def:crs:OGC:1.3:CRS84" } },
"features": [
{ "type": "Feature", "properties": { "Shape_Leng": 2.0096594451600001, "SS_ID": 1, "START_SS_I": 1, "END_SS_ID": 1, "START_Name": "Doxipara", "END_NameEN": "Doxipara", "START_Na_1": "Δοξιπάρα", "END_NameEL": "Δοξιπάρα", "START_Stri": 258, "END_Strike": 258, "START_Dip_": 348, "END_Dip_Di": 348, "START_Dip": 55, "END_Dip": 55, "START_Rake": 250, "END_Rake": 250, "START_Ra_1": -110, "END_Rake__": -110, "START_Kine": "ND", "END_Kinema": "ND", "START_Leng": 38, "END_Length": 38, "START_Widt": 19.0, "END_Width_": 19.0, "START_Min_": 0, "END_Min_De": 0, "START_Max_": 15.6, "END_Max_De": 15.6, "START_Rupt": 722.0, "END_Ruptur": 722.0, "START_Aver": 1.07, "END_Averag": 1.07, "START_Mw__": 6.8, "END_Mw__W_": 6.8, "START_Mw_1": 6.8, "END_Mw__K_": 6.8, "START_M0__": 2.31e+19, "END_M0__Nm": 2.31e+19, "START_SR_m": 0.0, "END_SR_min": 0.0, "START_SR_1": 0.0, "END_SR_max": 0.0, "START_SR_a": null, "END_SR_avg": null, "START_SR_R": null, "END_SR_Ref": null, "START_SR_C": null, "END_SR_Com": null }, "geometry": { "type": "LineString", "coordinates": [ [ 26.5485, 41.6135 ], [ 26.1016, 41.5424 ], [ 26.5485, 41.6135 ], [ 26.1016, 41.5424 ], [ 26.0742, 41.6383 ], [ 26.5214, 41.7093 ], [ 26.5485, 41.6135 ] ] } },
{ "type": "Feature", "properties": { "Shape_Leng": 1.4772050508000001, "SS_ID": 2, "START_SS_I": 2, "END_SS_ID": 2, "START_Name": "Fillyra", "END_NameEN": "Fillyra", "START_Na_1": "Φιλλύρα", "END_NameEL": "Φιλλύρα", "START_Stri": 107, "END_Strike": 107, "START_Dip_": 197, "END_Dip_Di": 197, "START_Dip": 55, "END_Dip": 55, "START_Rake": 280, "END_Rake": 280, "START_Ra_1": -80, "END_Rake__": -80, "START_Kine": "N", "END_Kinema": "N", "START_Leng": 28, "END_Length": 28, "START_Widt": 15.5, "END_Width_": 15.5, "START_Min_": 0, "END_Min_De": 0, "START_Max_": 12.7, "END_Max_De": 12.7, "START_Rupt": 434.0, "END_Ruptur": 434.0, "START_Aver": 0.81, "END_Averag": 0.81, "START_Mw__": 6.6, "END_Mw__W_": 6.6, "START_Mw_1": 6.6, "END_Mw__K_": 6.6, "START_M0__": 1.05e+19, "END_M0__Nm": 1.05e+19, "START_SR_m": 0.0, "END_SR_min": 0.0, "START_SR_1": 0.0, "END_SR_max": 0.0, "START_SR_a": null, "END_SR_avg": null, "START_SR_R": null, "END_SR_Ref": null, "START_SR_C": null, "END_SR_Com": null }, "geometry": { "type": "LineString", "coordinates": [ [ 25.4516, 41.1675 ], [ 25.7713, 41.0939 ], [ 25.4516, 41.1675 ], [ 25.7713, 41.0939 ], [ 25.7402, 41.0174 ], [ 25.4206, 41.0911 ], [ 25.4516, 41.1675 ] ] } },
{ "type": "Feature", "properties": { "Shape_Leng": 1.64225707174, "SS_ID": 3, "START_SS_I": 3, "END_SS_ID": 3, "START_Name": "Komotini", "END_NameEN": "Komotini", "START_Na_1": "Κομοτηνή", "END_NameEL": "Κομοτηνή", "START_Stri": 70, "END_Strike": 70, "START_Dip_": 160, "END_Dip_Di": 160, "START_Dip": 50, "END_Dip": 50, "START_Rake": 245, "END_Rake": 245, "START_Ra_1": -115, "END_Rake__": -115, "START_Kine": "ND", "END_Kinema": "ND", "START_Leng": 31, "END_Length": 31, "START_Widt": 16.5, "END_Width_": 16.5, "START_Min_": 0, "END_Min_De": 0, "START_Max_": 12.6, "END_Max_De": 12.6, "START_Rupt": 511.5, "END_Ruptur": 511.5, "START_Aver": 0.89, "END_Averag": 0.89, "START_Mw__": 6.7, "END_Mw__W_": 6.7, "START_Mw_1": 6.7, "END_Mw__K_": 6.7, "START_M0__": 1.37e+19, "END_M0__Nm": 1.37e+19, "START_SR_m": 0.0, "END_SR_min": 0.0, "START_SR_1": 0.0, "END_SR_max": 0.0, "START_SR_a": null, "END_SR_avg": null, "START_SR_R": null, "END_SR_Ref": null, "START_SR_C": null, "END_SR_Com": null }, "geometry": { "type": "LineString", "coordinates": [ [ 25.214, 41.1217 ], [ 25.562, 41.2171 ], [ 25.214, 41.1217 ], [ 25.562, 41.2171 ], [ 25.6052, 41.1274 ], [ 25.2574, 41.0321 ], [ 25.214, 41.1217 ] ] } },
{ "type": "Feature", "properties": { "Shape_Leng": 1.46126145427, "SS_ID": 4, "START_SS_I": 4, "END_SS_ID": 4, "START_Name": "Xanthi-Iasmos", "END_NameEN": "Xanthi-Iasmos", "START_Na_1": "Ξάνθη-Ίασμος", "END_NameEL": "Ξάνθη-Ίασμος", "START_Stri": 95, "END_Strike": 95, "START_Dip_": 185, "END_Dip_Di": 185, "START_Dip": 50, "END_Dip": 50, "START_Rake": 265, "END_Rake": 265, "START_Ra_1": -95, "END_Rake__": -95, "START_Kine": "N", "END_Kinema": "N", "START_Leng": 27, "END_Length": 27, "START_Widt": 15.0, "END_Width_": 15.0, "START_Min_": 0, "END_Min_De": 0, "START_Max_": 11.5, "END_Max_De": 11.5, "START_Rupt": 405.0, "END_Ruptur": 405.0, "START_Aver": 0.78, "END_Averag": 0.78, "START_Mw__": 6.6, "END_Mw__W_": 6.6, "START_Mw_1": 6.6, "END_Mw__K_": 6.6, "START_M0__": 9.48e+18, "END_M0__Nm": 9.48e+18, "START_SR_m": 0.0, "END_SR_min": 0.0, "START_SR_1": 0.0, "END_SR_max": 0.0, "START_SR_a": null, "END_SR_avg": null, "START_SR_R": null, "END_SR_Ref": null, "START_SR_C": null, "END_SR_Com": null }, "geometry": { "type": "LineString", "coordinates": [ [ 24.8928, 41.1427 ], [ 25.214, 41.1215 ], [ 24.8928, 41.1427 ], [ 25.214, 41.1215 ], [ 25.2038, 41.0351 ], [ 24.8829, 41.0563 ], [ 24.8928, 41.1427 ] ] } },
{ "type": "Feature", "properties": { "Shape_Leng": 2.11381292523, "SS_ID": 5, "START_SS_I": 5, "END_SS_ID": 5, "START_Name": "Kavala", "END_NameEN": "Kavala", "START_Na_1": "Καβάλα", "END_NameEL": "Καβάλα", "START_Stri": 54, "END_Strike": 54, "START_Dip_": 144, "END_Dip_Di": 144, "START_Dip": 50, "END_Dip": 50, "START_Rake": 225, "END_Rake": 225, "START_Ra_1": -135, "END_Rake__": -135, "START_Kine": "DN", "END_Kinema": "DN", "START_Leng": 42, "END_Length": 42, "START_Widt": 20.5, "END_Width_": 20.5, "START_Min_": 0, "END_Min_De": 0, "START_Max_": 15.7, "END_Max_De": 15.7, "START_Rupt": 861.0, "END_Ruptur": 861.0, "START_Aver": 1.17, "END_Averag": 1.17, "START_Mw__": 6.9, "END_Mw__W_": 6.9, "START_Mw_1": 6.9, "END_Mw__K_": 6.9, "START_M0__": 3.02e+19, "END_M0__Nm": 3.02e+19, "START_SR_m": 0.0, "END_SR_min": 0.0, "START_SR_1": 0.0, "END_SR_max": 0.0, "START_SR_a": null, "END_SR_avg": null, "START_SR_R": null, "END_SR_Ref": null, "START_SR_C": null, "END_SR_Com": null }, "geometry": { "type": "LineString", "coordinates": [ [ 24.4836, 40.9195 ], [ 24.8887, 41.1415 ], [ 24.4836, 40.9195 ], [ 24.8887, 41.1415 ], [ 24.9809, 41.0456 ], [ 24.5759, 40.8236 ], [ 24.4836, 40.9195 ] ] } },
{ "type": "Feature", "properties": { "Shape_Leng": 2.3361914312300001, "SS_ID": 6, "START_SS_I": 6, "END_SS_ID": 6, "START_Name": "Symvolo", "END_NameEN": "Symvolo", "START_Na_1": "Σύμβολο", "END_NameEL": "Σύμβολο", "START_Stri": 59, "END_Strike": 59, "START_Dip_": 149, "END_Dip_Di": 149, "START_Dip": 50, "END_Dip": 50, "START_Rake": 225, "END_Rake": 225, "START_Ra_1": -135, "END_Rake__": -135, "START_Kine": "DN", "END_Kinema": "DN", "START_Leng": 46, "END_Length": 46, "START_Widt": 22.0, "END_Width_": 22.0, "START_Min_": 0, "END_Min_De": 0, "START_Max_": 16.9, "END_Max_De": 16.9, "START_Rupt": 1012.0, "END_Ruptur": 1012.0, "START_Aver": 1.28, "END_Averag": 1.28, "START_Mw__": 7.0, "END_Mw__W_": 7.0, "START_Mw_1": 7.0, "END_Mw__K_": 7.0, "START_M0__": 3.87192e+19, "END_M0__Nm": 3.87192e+19, "START_SR_m": 0.0, "END_SR_min": 0.0, "START_SR_1": 0.0, "END_SR_max": 0.0, "START_SR_a": null, "END_SR_avg": null, "START_SR_R": null, "END_SR_Ref": null, "START_SR_C": null, "END_SR_Com": null }, "geometry": { "type": "LineString", "coordinates": [ [ 24.0486, 40.69 ], [ 24.517, 40.903 ], [ 24.0486, 40.69 ], [ 24.517, 40.903 ], [ 24.6033, 40.794 ], [ 24.1352, 40.581 ], [ 24.0486, 40.69 ] ] } },
{ "type": "Feature", "properties": { "Shape_Leng": 2.3966025067299999, "SS_ID": 7, "START_SS_I": 7, "END_SS_ID": 7, "START_Name": "Drama", "END_NameEN": "Drama", "START_Na_1": "Δράμα", "END_NameEL": "Δράμα", "START_Stri": 95, "END_Strike": 95, "START_Dip_": 185, "END_Dip_Di": 185, "START_Dip": 50, "END_Dip": 50, "START_Rake": 275, "END_Rake": 275, "START_Ra_1": -85, "END_Rake__": -85, "START_Kine": "N", "END_Kinema": "N", "START_Leng": 45, "END_Length": 45, "START_Widt": 21.5, "END_Width_": 21.5, "START_Min_": 0, "END_Min_De": 0, "START_Max_": 16.5, "END_Max_De": 16.5, "START_Rupt": 967.5, "END_Ruptur": 967.5, "START_Aver": 1.25, "END_Averag": 1.25, "START_Mw__": 7.0, "END_Mw__W_": 7.0, "START_Mw_1": 7.0, "END_Mw__K_": 7.0, "START_M0__": 3.63e+19, "END_M0__Nm": 3.63e+19, "START_SR_m": 0.0, "END_SR_min": 0.0, "START_SR_1": 0.0, "END_SR_max": 0.0, "START_SR_a": null, "END_SR_avg": null, "START_SR_R": null, "END_SR_Ref": null, "START_SR_C": null, "END_SR_Com": null }, "geometry": { "type": "LineString", "coordinates": [ [ 23.8054, 41.2165 ], [ 24.3412, 41.1813 ], [ 23.8054, 41.2165 ], [ 24.3412, 41.1813 ], [ 24.3265, 41.0575 ], [ 23.7912, 41.0927 ], [ 23.8054, 41.2165 ] ] } },
{ "type": "Feature", "properties": { "Shape_Leng": 1.0979019397500001, "SS_ID": 8, "START_SS_I": 8, "END_SS_ID": 8, "START_Name": "Nea Zichni", "END_NameEN": "Nea Zichni", "START_Na_1": "Νέα Ζίχνη", "END_NameEL": "Νέα Ζίχνη", "START_Stri": 139, "END_Strike": 139, "START_Dip_": 229, "END_Dip_Di": 229, "START_Dip": 60, "END_Dip": 60, "START_Rake": 315, "END_Rake": 315, "START_Ra_1": -45, "END_Rake__": -45, "START_Kine": "NS", "END_Kinema": "NS", "START_Leng": 23, "END_Length": 23, "START_Widt": 13.5, "END_Width_": 13.5, "START_Min_": 0, "END_Min_De": 0, "START_Max_": 11.7, "END_Max_De": 11.7, "START_Rupt": 310.5, "END_Ruptur": 310.5, "START_Aver": 0.68, "END_Averag": 0.68, "START_Mw__": 6.5, "END_Mw__W_": 6.5, "START_Mw_1": 6.5, "END_Mw__K_": 6.5, "START_M0__": 6.33e+18, "END_M0__Nm": 6.33e+18, "START_SR_m": 0.0, "END_SR_min": 0.0, "START_SR_1": 0.0, "END_SR_max": 0.0, "START_SR_a": null, "END_SR_avg": null, "START_SR_R": null, "END_SR_Ref": null, "START_SR_C": null, "END_SR_Com": null }, "geometry": { "type": "LineString", "coordinates": [ [ 23.6892, 41.1044 ], [ 23.8691, 40.9483 ], [ 23.6892, 41.1044 ], [ 23.8691, 40.9483 ], [ 23.8084, 40.9085 ], [ 23.6285, 41.0646 ], [ 23.6892, 41.1044 ] ] } },
{ "type": "Feature", "properties": { "Shape_Leng": 1.2368336119600001, "SS_ID": 9, "START_SS_I": 9, "END_SS_ID": 9, "START_Name": "Serres", "END_NameEN": "Serres", "START_Na_1": "Σέρρες", "END_NameEL": "Σέρρες", "START_Stri": 89, "END_Strike": 89, "START_Dip_": 179, "END_Dip_Di": 179, "START_Dip": 55, "END_Dip": 55, "START_Rake": 270, "END_Rake": 270, "START_Ra_1": -90, "END_Rake__": -90, "START_Kine": "N", "END_Kinema": "N", "START_Leng": 23, "END_Length": 23, "START_Widt": 13.5, "END_Width_": 13.5, "START_Min_": 0, "END_Min_De": 0, "START_Max_": 11.1, "END_Max_De": 11.1, "START_Rupt": 310.5, "END_Ruptur": 310.5, "START_Aver": 0.68, "END_Averag": 0.68, "START_Mw__": 6.5, "END_Mw__W_": 6.5, "START_Mw_1": 6.5, "END_Mw__K_": 6.5, "START_M0__": 6.35e+18, "END_M0__Nm": 6.35e+18, "START_SR_m": 0.0, "END_SR_min": 0.0, "START_SR_1": 0.0, "END_SR_max": 0.0, "START_SR_a": null, "END_SR_avg": null, "START_SR_R": null, "END_SR_Ref": null, "START_SR_C": null, "END_SR_Com": null }, "geometry": { "type": "LineString", "coordinates": [ [ 23.4688, 41.1044 ], [ 23.7432, 41.108 ], [ 23.4688, 41.1044 ], [ 23.7432, 41.108 ], [ 23.7448, 41.0384 ], [ 23.4705, 41.0348 ], [ 23.4688, 41.1044 ] ] } },
{ "type": "Feature", "properties": { "Shape_Leng": 2.9984010062899999, "SS_ID": 10, "START_SS_I": 10, "END_SS_ID": 10, "START_Name": "Kerkíni", "END_NameEN": "Kerkíni", "START_Na_1": "Κερκίνη", "END_NameEL": "Κερκίνη", "START_Stri": 90, "END_Strike": 90, "START_Dip_": 180, "END_Dip_Di": 180, "START_Dip": 45, "END_Dip": 45, "START_Rake": 270, "END_Rake": 270, "START_Ra_1": -90, "END_Rake__": -90, "START_Kine": "N", "END_Kinema": "N", "START_Leng": 56, "END_Length": 56, "START_Widt": 25.0, "END_Width_": 25.0, "START_Min_": 0, "END_Min_De": 0, "START_Max_": 17.7, "END_Max_De": 17.7, "START_Rupt": 1400.0, "END_Ruptur": 1400.0, "START_Aver": 1.51, "END_Averag": 1.51, "START_Mw__": 7.1, "END_Mw__W_": 7.1, "START_Mw_1": 7.1, "END_Mw__K_": 7.1, "START_M0__": 6.34e+19, "END_M0__Nm": 6.34e+19, "START_SR_m": 0.0, "END_SR_min": 0.0, "START_SR_1": 0.0, "END_SR_max": 0.0, "START_SR_a": null, "END_SR_avg": null, "START_SR_R": null, "END_SR_Ref": null, "START_SR_C": null, "END_SR_Com": null }, "geometry": { "type": "LineString", "coordinates": [ [ 22.7162, 41.2988 ], [ 23.3865, 41.2988 ], [ 22.7162, 41.2988 ], [ 23.3865, 41.2988 ], [ 23.3861, 41.1398 ], [ 22.7166, 41.1398 ], [ 22.7162, 41.2988 ] ] } },
{ "type": "Feature", "properties": { "Shape_Leng": 1.2141363536100001, "SS_ID": 11, "START_SS_I": 11, "END_SS_ID": 11, "START_Name": "Apollonía", "END_NameEN": "Apollonía", "START_Na_1": "Απολλωνία", "END_NameEL": "Απολλωνία", "START_Stri": 287, "END_Strike": 287, "START_Dip_": 17, "END_Dip_Di": 17, "START_Dip": 55, "END_Dip": 55, "START_Rake": 280, "END_Rake": 280, "START_Ra_1": -80, "END_Rake__": -80, "START_Kine": "N", "END_Kinema": "N", "START_Leng": 23, "END_Length": 23, "START_Widt": 13.5, "END_Width_": 13.5, "START_Min_": 0, "END_Min_De": 0, "START_Max_": 11.1, "END_Max_De": 11.1, "START_Rupt": 310.5, "END_Ruptur": 310.5, "START_Aver": 0.68, "END_Averag": 0.68, "START_Mw__": 6.5, "END_Mw__W_": 6.5, "START_Mw_1": 6.5, "END_Mw__K_": 6.5, "START_M0__": 6.35e+18, "END_M0__Nm": 6.35e+18, "START_SR_m": 0.0, "END_SR_min": 0.0, "START_SR_1": 0.0, "END_SR_max": 0.0, "START_SR_a": null, "END_SR_avg": null, "START_SR_R": null, "END_SR_Ref": null, "START_SR_C": null, "END_SR_Com": null }, "geometry": { "type": "LineString", "coordinates": [ [ 23.6277, 40.6053 ], [ 23.367, 40.6657 ], [ 23.6277, 40.6053 ], [ 23.367, 40.6657 ], [ 23.3938, 40.7323 ], [ 23.6546, 40.6719 ], [ 23.6277, 40.6053 ] ] } },
{ "type": "Feature", "properties": { "Shape_Leng": 1.26226215592, "SS_ID": 12, "START_SS_I": 12, "END_SS_ID": 12, "START_Name": "Gerakarou", "END_NameEN": "Gerakarou", "START_Na_1": "Γερακαρού", "END_NameEL": "Γερακαρού", "START_Stri": 272, "END_Strike": 272, "START_Dip_": 2, "END_Dip_Di": 2, "START_Dip": 45, "END_Dip": 45, "START_Rake": 270, "END_Rake": 270, "START_Ra_1": -90, "END_Rake__": -90, "START_Kine": "N", "END_Kinema": "N", "START_Leng": 23, "END_Length": 23, "START_Widt": 13.5, "END_Width_": 13.5, "START_Min_": 0, "END_Min_De": 0, "START_Max_": 9.5, "END_Max_De": 9.5, "START_Rupt": 310.5, "END_Ruptur": 310.5, "START_Aver": 0.68, "END_Averag": 0.68, "START_Mw__": 6.5, "END_Mw__W_": 6.5, "START_Mw_1": 6.5, "END_Mw__K_": 6.5, "START_M0__": 6.35e+18, "END_M0__Nm": 6.35e+18, "START_SR_m": 0.0, "END_SR_min": 0.0, "START_SR_1": 0.0, "END_SR_max": 0.0, "START_SR_a": null, "END_SR_avg": null, "START_SR_R": null, "END_SR_Ref": null, "START_SR_C": null, "END_SR_Com": null }, "geometry": { "type": "LineString", "coordinates": [ [ 23.3811, 40.6414 ], [ 23.1086, 40.6486 ], [ 23.3811, 40.6414 ], [ 23.1086, 40.6486 ], [ 23.1125, 40.7344 ], [ 23.3851, 40.7272 ], [ 23.3811, 40.6414 ] ] } },
{ "type": "Feature", "properties": { "Shape_Leng": 1.1583239244000001, "SS_ID": 13, "START_SS_I": 13, "END_SS_ID": 13, "START_Name": "Lagkadás", "END_NameEN": "Lagkadás", "START_Na_1": "Λαγκαδάς", "END_NameEL": "Λαγκαδάς", "START_Stri": 313, "END_Strike": 313, "START_Dip_": 43, "END_Dip_Di": 43, "START_Dip": 50, "END_Dip": 50, "START_Rake": 310, "END_Rake": 310, "START_Ra_1": -50, "END_Rake__": -50, "START_Kine": "NS", "END_Kinema": "NS", "START_Leng": 23, "END_Length": 23, "START_Widt": 13.5, "END_Width_": 13.5, "START_Min_": 0, "END_Min_De": 0, "START_Max_": 10.3, "END_Max_De": 10.3, "START_Rupt": 310.5, "END_Ruptur": 310.5, "START_Aver": 0.68, "END_Averag": 0.68, "START_Mw__": 6.5, "END_Mw__W_": 6.5, "START_Mw_1": 6.5, "END_Mw__K_": 6.5, "START_M0__": 6.35e+18, "END_M0__Nm": 6.35e+18, "START_SR_m": 0.1, "END_SR_min": 0.1, "START_SR_1": 0.3, "END_SR_max": 0.3, "START_SR_a": null, "END_SR_avg": null, "START_SR_R": "Papanikolaou et al. (2023)", "END_SR_Ref": "Papanikolaou et al. (2023)", "START_SR_C": "Based on palaeoseismology", "END_SR_Com": "Based on palaeoseismology" }, "geometry": { "type": "LineString", "coordinates": [ [ 23.1054, 40.6456 ], [ 22.9059, 40.7866 ], [ 23.1054, 40.6456 ], [ 22.9059, 40.7866 ], [ 22.9761, 40.8437 ], [ 23.1757, 40.7026 ], [ 23.1054, 40.6456 ] ] } },
{ "type": "Feature", "properties": { "Shape_Leng": 1.9426001385, "SS_ID": 14, "START_SS_I": 14, "END_SS_ID": 14, "START_Name": "Stratóni", "END_NameEN": "Stratóni", "START_Na_1": "Στρατώνι", "END_NameEL": "Στρατώνι", "START_Stri": 90, "END_Strike": 90, "START_Dip_": 180, "END_Dip_Di": 180, "START_Dip": 65, "END_Dip": 65, "START_Rake": 290, "END_Rake": 290, "START_Ra_1": -70, "END_Rake__": -70, "START_Kine": "NS", "END_Kinema": "NS", "START_Leng": 38, "END_Length": 38, "START_Widt": 19.0, "END_Width_": 19.0, "START_Min_": 0, "END_Min_De": 0, "START_Max_": 17.2, "END_Max_De": 17.2, "START_Rupt": 722.0, "END_Ruptur": 722.0, "START_Aver": 1.07, "END_Averag": 1.07, "START_Mw__": 6.8, "END_Mw__W_": 6.8, "START_Mw_1": 6.8, "END_Mw__K_": 6.8, "START_M0__": 2.31e+19, "END_M0__Nm": 2.31e+19, "START_SR_m": 8.1, "END_SR_min": 8.1, "START_SR_1": 8.1, "END_SR_max": 8.1, "START_SR_a": null, "END_SR_avg": null, "START_SR_R": "Pavlides et al. (1991)\nAmbraseys (2001)", "END_SR_Ref": "Pavlides et al. (1991)\nAmbraseys (2001)", "START_SR_C": null, "END_SR_Com": null }, "geometry": { "type": "LineString", "coordinates": [ [ 23.6088, 40.5206 ], [ 24.0584, 40.5206 ], [ 23.6088, 40.5206 ], [ 24.0584, 40.5206 ], [ 24.0583, 40.4484 ], [ 23.6089, 40.4484 ], [ 23.6088, 40.5206 ] ] } },
{ "type": "Feature", "properties": { "Shape_Leng": 1.2613844625099999, "SS_ID": 15, "START_SS_I": 15, "END_SS_ID": 15, "START_Name": "Sourotí", "END_NameEN": "Sourotí", "START_Na_1": "Σουρωτή", "END_NameEL": "Σουρωτή", "START_Stri": 286, "END_Strike": 286, "START_Dip_": 16, "END_Dip_Di": 16, "START_Dip": 40, "END_Dip": 40, "START_Rake": 280, "END_Rake": 280, "START_Ra_1": -80, "END_Rake__": -80, "START_Kine": "N", "END_Kinema": "N", "START_Leng": 23, "END_Length": 23, "START_Widt": 13.5, "END_Width_": 13.5, "START_Min_": 0, "END_Min_De": 0, "START_Max_": 8.7, "END_Max_De": 8.7, "START_Rupt": 310.5, "END_Ruptur": 310.5, "START_Aver": 0.68, "END_Averag": 0.68, "START_Mw__": 6.5, "END_Mw__W_": 6.5, "START_Mw_1": 6.5, "END_Mw__K_": 6.5, "START_M0__": 6.33e+18, "END_M0__Nm": 6.33e+18, "START_SR_m": 0.21, "END_SR_min": 0.21, "START_SR_1": 0.21, "END_SR_max": 0.21, "START_SR_a": null, "END_SR_avg": null, "START_SR_R": "Zervopoulou (2010)\nTsodoulos et al. (2024)", "END_SR_Ref": "Zervopoulou (2010)\nTsodoulos et al. (2024)", "START_SR_C": null, "END_SR_Com": null }, "geometry": { "type": "LineString", "coordinates": [ [ 23.2739, 40.4368 ], [ 23.0125, 40.4938 ], [ 23.2739, 40.4368 ], [ 23.0125, 40.4938 ], [ 23.0462, 40.5832 ], [ 23.3077, 40.5262 ], [ 23.2739, 40.4368 ] ] } },
{ "type": "Feature", "properties": { "Shape_Leng": 1.21986183671, "SS_ID": 16, "START_SS_I": 16, "END_SS_ID": 16, "START_Name": "Angelochori", "END_NameEN": "Angelochori", "START_Na_1": "Αγγελοχώρι", "END_NameEL": "Αγγελοχώρι", "START_Stri": 272, "END_Strike": 272, "START_Dip_": 2, "END_Dip_Di": 2, "START_Dip": 40, "END_Dip": 40, "START_Rake": 270, "END_Rake": 270, "START_Ra_1": -90, "END_Rake__": -90, "START_Kine": "N", "END_Kinema": "N", "START_Leng": 22, "END_Length": 22, "START_Widt": 13.0, "END_Width_": 13.0, "START_Min_": 0, "END_Min_De": 0, "START_Max_": 8.4, "END_Max_De": 8.4, "START_Rupt": 286.0, "END_Ruptur": 286.0, "START_Aver": 0.65, "END_Averag": 0.65, "START_Mw__": 6.4, "END_Mw__W_": 6.4, "START_Mw_1": 6.4, "END_Mw__K_": 6.4, "START_M0__": 5.58e+18, "END_M0__Nm": 5.58e+18, "START_SR_m": 0.0, "END_SR_min": 0.0, "START_SR_1": 0.0, "END_SR_max": 0.0, "START_SR_a": null, "END_SR_avg": null, "START_SR_R": null, "END_SR_Ref": null, "START_SR_C": null, "END_SR_Com": null }, "geometry": { "type": "LineString", "coordinates": [ [ 23.0153, 40.4966 ], [ 22.7553, 40.5036 ], [ 23.0153, 40.4966 ], [ 22.7553, 40.5036 ], [ 22.7593, 40.5931 ], [ 23.0195, 40.5862 ], [ 23.0153, 40.4966 ] ] } },
{ "type": "Feature", "properties": { "Shape_Leng": 1.31028364055, "SS_ID": 17, "START_SS_I": 17, "END_SS_ID": 17, "START_Name": "Vergína", "END_NameEN": "Vergína", "START_Na_1": "Βεργίνα", "END_NameEL": "Βεργίνα", "START_Stri": 262, "END_Strike": 262, "START_Dip_": 352, "END_Dip_Di": 352, "START_Dip": 45, "END_Dip": 45, "START_Rake": 270, "END_Rake": 270, "START_Ra_1": -90, "END_Rake__": -90, "START_Kine": "N", "END_Kinema": "N", "START_Leng": 24, "END_Length": 24, "START_Widt": 14.0, "END_Width_": 14.0, "START_Min_": 0, "END_Min_De": 0, "START_Max_": 9.9, "END_Max_De": 9.9, "START_Rupt": 336.0, "END_Ruptur": 336.0, "START_Aver": 0.71, "END_Averag": 0.71, "START_Mw__": 6.5, "END_Mw__W_": 6.5, "START_Mw_1": 6.5, "END_Mw__K_": 6.5, "START_M0__": 7.16e+18, "END_M0__Nm": 7.16e+18, "START_SR_m": 0.0, "END_SR_min": 0.0, "START_SR_1": 0.0, "END_SR_max": 0.0, "START_SR_a": null, "END_SR_avg": null, "START_SR_R": null, "END_SR_Ref": null, "START_SR_C": null, "END_SR_Com": null }, "geometry": { "type": "LineString", "coordinates": [ [ 22.551, 40.5083 ], [ 22.2699, 40.4783 ], [ 22.551, 40.5083 ], [ 22.2699, 40.4783 ], [ 22.2535, 40.5664 ], [ 22.5348, 40.5965 ], [ 22.551, 40.5083 ] ] } },
{ "type": "Feature", "properties": { "Shape_Leng": 1.3914087229300001, "SS_ID": 18, "START_SS_I": 18, "END_SS_ID": 18, "START_Name": "Vourvourou", "END_NameEN": "Vourvourou", "START_Na_1": "Βουρβουρού", "END_NameEL": "Βουρβουρού", "START_Stri": 285, "END_Strike": 285, "START_Dip_": 15, "END_Dip_Di": 15, "START_Dip": 60, "END_Dip": 60, "START_Rake": 290, "END_Rake": 290, "START_Ra_1": -70, "END_Rake__": -70, "START_Kine": "NS", "END_Kinema": "NS", "START_Leng": 27, "END_Length": 27, "START_Widt": 15.0, "END_Width_": 15.0, "START_Min_": 0, "END_Min_De": 0, "START_Max_": 13.0, "END_Max_De": 13.0, "START_Rupt": 405.0, "END_Ruptur": 405.0, "START_Aver": 0.78, "END_Averag": 0.78, "START_Mw__": 6.6, "END_Mw__W_": 6.6, "START_Mw_1": 6.6, "END_Mw__K_": 6.6, "START_M0__": 9.54e+18, "END_M0__Nm": 9.54e+18, "START_SR_m": 0.0, "END_SR_min": 0.0, "START_SR_1": 0.0, "END_SR_max": 0.0, "START_SR_a": null, "END_SR_avg": null, "START_SR_R": null, "END_SR_Ref": null, "START_SR_C": null, "END_SR_Com": null }, "geometry": { "type": "LineString", "coordinates": [ [ 24.0034, 40.1438 ], [ 23.6965, 40.2067 ], [ 24.0034, 40.1438 ], [ 23.6965, 40.2067 ], [ 23.7193, 40.2718 ], [ 24.0264, 40.209 ], [ 24.0034, 40.1438 ] ] } },
{ "type": "Feature", "properties": { "Shape_Leng": 1.3942055712200001, "SS_ID": 19, "START_SS_I": 19, "END_SS_ID": 19, "START_Name": "Aridaea", "END_NameEN": "Aridaea", "START_Na_1": "Αριδαία", "END_NameEL": "Αριδαία", "START_Stri": 57, "END_Strike": 57, "START_Dip_": 147, "END_Dip_Di": 147, "START_Dip": 50, "END_Dip": 50, "START_Rake": 270, "END_Rake": 270, "START_Ra_1": -90, "END_Rake__": -90, "START_Kine": "N", "END_Kinema": "N", "START_Leng": 27, "END_Length": 27, "START_Widt": 15.0, "END_Width_": 15.0, "START_Min_": 0, "END_Min_De": 0, "START_Max_": 11.5, "END_Max_De": 11.5, "START_Rupt": 405.0, "END_Ruptur": 405.0, "START_Aver": 0.78, "END_Averag": 0.78, "START_Mw__": 6.6, "END_Mw__W_": 6.6, "START_Mw_1": 6.6, "END_Mw__K_": 6.6, "START_M0__": 9.54e+18, "END_M0__Nm": 9.54e+18, "START_SR_m": 0.0, "END_SR_min": 0.0, "START_SR_1": 0.0, "END_SR_max": 0.0, "START_SR_a": null, "END_SR_avg": null, "START_SR_R": null, "END_SR_Ref": null, "START_SR_C": null, "END_SR_Com": null }, "geometry": { "type": "LineString", "coordinates": [ [ 21.8911, 40.9623 ], [ 22.1611, 41.0945 ], [ 21.8911, 40.9623 ], [ 22.1611, 41.0945 ], [ 22.2236, 41.0218 ], [ 21.9538, 40.8896 ], [ 21.8911, 40.9623 ] ] } },
{ "type": "Feature", "properties": { "Shape_Leng": 1.6032143482000001, "SS_ID": 20, "START_SS_I": 20, "END_SS_ID": 20, "START_Name": "Amyntaeo", "END_NameEN": "Amyntaeo", "START_Na_1": "Αμύνταιο", "END_NameEL": "Αμύνταιο", "START_Stri": 50, "END_Strike": 50, "START_Dip_": 140, "END_Dip_Di": 140, "START_Dip": 50, "END_Dip": 50, "START_Rake": 260, "END_Rake": 260, "START_Ra_1": -100, "END_Rake__": -100, "START_Kine": "N", "END_Kinema": "N", "START_Leng": 32, "END_Length": 32, "START_Widt": 17.0, "END_Width_": 17.0, "START_Min_": 0, "END_Min_De": 0, "START_Max_": 13.0, "END_Max_De": 13.0, "START_Rupt": 544.0, "END_Ruptur": 544.0, "START_Aver": 0.92, "END_Averag": 0.92, "START_Mw__": 6.7, "END_Mw__W_": 6.7, "START_Mw_1": 6.7, "END_Mw__K_": 6.7, "START_M0__": 1.5e+19, "END_M0__Nm": 1.5e+19, "START_SR_m": 0.0, "END_SR_min": 0.0, "START_SR_1": 0.0, "END_SR_max": 0.0, "START_SR_a": null, "END_SR_avg": null, "START_SR_R": null, "END_SR_Ref": null, "START_SR_C": null, "END_SR_Com": null }, "geometry": { "type": "LineString", "coordinates": [ [ 21.4704, 40.6155 ], [ 21.7612, 40.8005 ], [ 21.4704, 40.6155 ], [ 21.7612, 40.8005 ], [ 21.8445, 40.7252 ], [ 21.5537, 40.5402 ], [ 21.4704, 40.6155 ] ] } },
{ "type": "Feature", "properties": { "Shape_Leng": 1.1531490983699999, "SS_ID": 21, "START_SS_I": 21, "END_SS_ID": 21, "START_Name": "Vegoritis", "END_NameEN": "Vegoritis", "START_Na_1": "Βεγορίτις", "END_NameEL": "Βεγορίτις", "START_Stri": 28, "END_Strike": 28, "START_Dip_": 118, "END_Dip_Di": 118, "START_Dip": 60, "END_Dip": 60, "START_Rake": 240, "END_Rake": 240, "START_Ra_1": -120, "END_Rake__": -120, "START_Kine": "ND", "END_Kinema": "ND", "START_Leng": 0, "END_Length": 0, "START_Widt": 14.5, "END_Width_": 14.5, "START_Min_": 0, "END_Min_De": 0, "START_Max_": 12.6, "END_Max_De": 12.6, "START_Rupt": 369.8, "END_Ruptur": 369.8, "START_Aver": 0.75, "END_Averag": 0.75, "START_Mw__": 6.5, "END_Mw__W_": 6.5, "START_Mw_1": 6.5, "END_Mw__K_": 6.5, "START_M0__": 8.3e+18, "END_M0__Nm": 8.3e+18, "START_SR_m": 0.0, "END_SR_min": 0.0, "START_SR_1": 0.0, "END_SR_max": 0.0, "START_SR_a": null, "END_SR_avg": null, "START_SR_R": null, "END_SR_Ref": null, "START_SR_C": null, "END_SR_Com": null }, "geometry": { "type": "LineString", "coordinates": [ [ 21.6831, 40.6469 ], [ 21.8252, 40.8493 ], [ 21.6831, 40.6469 ], [ 21.8252, 40.8493 ], [ 21.9012, 40.8187 ], [ 21.759, 40.6162 ], [ 21.6831, 40.6469 ] ] } },
{ "type": "Feature", "properties": { "Shape_Leng": 1.4692575749000001, "SS_ID": 22, "START_SS_I": 22, "END_SS_ID": 22, "START_Name": "Ptolemais", "END_NameEN": "Ptolemais", "START_Na_1": "Πτολεμαΐς", "END_NameEL": "Πτολεμαΐς", "START_Stri": 215, "END_Strike": 215, "START_Dip_": 305, "END_Dip_Di": 305, "START_Dip": 60, "END_Dip": 60, "START_Rake": 245, "END_Rake": 245, "START_Ra_1": -115, "END_Rake__": -115, "START_Kine": "ND", "END_Kinema": "ND", "START_Leng": 32, "END_Length": 32, "START_Widt": 17.0, "END_Width_": 17.0, "START_Min_": 0, "END_Min_De": 0, "START_Max_": 14.7, "END_Max_De": 14.7, "START_Rupt": 544.0, "END_Ruptur": 544.0, "START_Aver": 0.92, "END_Averag": 0.92, "START_Mw__": 6.7, "END_Mw__W_": 6.7, "START_Mw_1": 6.7, "END_Mw__K_": 6.7, "START_M0__": 1.5e+19, "END_M0__Nm": 1.5e+19, "START_SR_m": 0.0, "END_SR_min": 0.0, "START_SR_1": 0.0, "END_SR_max": 0.0, "START_SR_a": null, "END_SR_avg": null, "START_SR_R": null, "END_SR_Ref": null, "START_SR_C": null, "END_SR_Com": null }, "geometry": { "type": "LineString", "coordinates": [ [ 21.8809, 40.6848 ], [ 21.6636, 40.449 ], [ 21.8809, 40.6848 ], [ 21.6636, 40.449 ], [ 21.5812, 40.4929 ], [ 21.7984, 40.7286 ], [ 21.8809, 40.6848 ] ] } },
{ "type": "Feature", "properties": { "Shape_Leng": 1.25483704795, "SS_ID": 23, "START_SS_I": 23, "END_SS_ID": 23, "START_Name": "Sérvia", "END_NameEN": "Sérvia", "START_Na_1": "Σέρβια", "END_NameEL": "Σέρβια", "START_Stri": 232, "END_Strike": 232, "START_Dip_": 322, "END_Dip_Di": 322, "START_Dip": 40, "END_Dip": 40, "START_Rake": 265, "END_Rake": 265, "START_Ra_1": -95, "END_Rake__": -95, "START_Kine": "N", "END_Kinema": "N", "START_Leng": 24, "END_Length": 24, "START_Widt": 14.0, "END_Width_": 14.0, "START_Min_": 0, "END_Min_De": 0, "START_Max_": 9.0, "END_Max_De": 9.0, "START_Rupt": 336.0, "END_Ruptur": 336.0, "START_Aver": 0.71, "END_Averag": 0.71, "START_Mw__": 6.5, "END_Mw__W_": 6.5, "START_Mw_1": 6.5, "END_Mw__K_": 6.5, "START_M0__": 7.17e+18, "END_M0__Nm": 7.17e+18, "START_SR_m": 0.0, "END_SR_min": 0.0, "START_SR_1": 0.0, "END_SR_max": 0.0, "START_SR_a": null, "END_SR_avg": null, "START_SR_R": null, "END_SR_Ref": null, "START_SR_C": null, "END_SR_Com": null }, "geometry": { "type": "LineString", "coordinates": [ [ 22.1685, 40.2861 ], [ 21.9458, 40.1533 ], [ 22.1685, 40.2861 ], [ 21.9458, 40.1533 ], [ 21.8679, 40.2293 ], [ 22.0907, 40.3621 ], [ 22.1685, 40.2861 ] ] } },
{ "type": "Feature", "properties": { "Shape_Leng": 1.83551439388, "SS_ID": 24, "START_SS_I": 24, "END_SS_ID": 24, "START_Name": "Sarakína", "END_NameEN": "Sarakína", "START_Na_1": "Σαρακήνα", "END_NameEL": "Σαρακήνα", "START_Stri": 242, "END_Strike": 242, "START_Dip_": 332, "END_Dip_Di": 332, "START_Dip": 40, "END_Dip": 40, "START_Rake": 269, "END_Rake": 269, "START_Ra_1": -91, "END_Rake__": -91, "START_Kine": "N", "END_Kinema": "N", "START_Leng": 35, "END_Length": 35, "START_Widt": 18.0, "END_Width_": 18.0, "START_Min_": 0, "END_Min_De": 0, "START_Max_": 11.6, "END_Max_De": 11.6, "START_Rupt": 630.0, "END_Ruptur": 630.0, "START_Aver": 0.99, "END_Averag": 0.99, "START_Mw__": 6.8, "END_Mw__W_": 6.8, "START_Mw_1": 6.8, "END_Mw__K_": 6.8, "START_M0__": 1.87e+19, "END_M0__Nm": 1.87e+19, "START_SR_m": 0.0, "END_SR_min": 0.0, "START_SR_1": 0.0, "END_SR_max": 0.0, "START_SR_a": null, "END_SR_avg": null, "START_SR_R": null, "END_SR_Ref": null, "START_SR_C": null, "END_SR_Com": null }, "geometry": { "type": "LineString", "coordinates": [ [ 21.9253, 40.1577 ], [ 21.5621, 40.0099 ], [ 21.9253, 40.1577 ], [ 21.5621, 40.0099 ], [ 21.4858, 40.1194 ], [ 21.8493, 40.2672 ], [ 21.9253, 40.1577 ] ] } },
{ "type": "Feature", "properties": { "Shape_Leng": 1.1722832117299999, "SS_ID": 25, "START_SS_I": 25, "END_SS_ID": 25, "START_Name": "Kónitsa", "END_NameEN": "Kónitsa", "START_Na_1": "Κόνιτσα", "END_NameEL": "Κόνιτσα", "START_Stri": 224, "END_Strike": 224, "START_Dip_": 314, "END_Dip_Di": 314, "START_Dip": 54, "END_Dip": 54, "START_Rake": 275, "END_Rake": 275, "START_Ra_1": -85, "END_Rake__": -85, "START_Kine": "N", "END_Kinema": "N", "START_Leng": 24, "END_Length": 24, "START_Widt": 14.0, "END_Width_": 14.0, "START_Min_": 0, "END_Min_De": 0, "START_Max_": 11.3, "END_Max_De": 11.3, "START_Rupt": 336.0, "END_Ruptur": 336.0, "START_Aver": 0.71, "END_Averag": 0.71, "START_Mw__": 6.5, "END_Mw__W_": 6.5, "START_Mw_1": 6.5, "END_Mw__K_": 6.5, "START_M0__": 7.16637e+18, "END_M0__Nm": 7.16637e+18, "START_SR_m": 0.0, "END_SR_min": 0.0, "START_SR_1": 0.0, "END_SR_max": 0.0, "START_SR_a": null, "END_SR_avg": null, "START_SR_R": null, "END_SR_Ref": null, "START_SR_C": null, "END_SR_Com": null }, "geometry": { "type": "LineString", "coordinates": [ [ 20.7787, 40.0746 ], [ 20.5829, 39.9194 ], [ 20.7787, 40.0746 ], [ 20.5829, 39.9194 ], [ 20.5134, 39.9708 ], [ 20.7091, 40.126 ], [ 20.7787, 40.0746 ] ] } },
{ "type": "Feature", "properties": { "Shape_Leng": 1.42253077464, "SS_ID": 26, "START_SS_I": 26, "END_SS_ID": 26, "START_Name": "Mitsikeli", "END_NameEN": "Mitsikeli", "START_Na_1": "Μιτσικέλι", "END_NameEL": "Μιτσικέλι", "START_Stri": 130, "END_Strike": 130, "START_Dip_": 220, "END_Dip_Di": 220, "START_Dip": 60, "END_Dip": 60, "START_Rake": 90, "END_Rake": 90, "START_Ra_1": 90, "END_Rake__": 90, "START_Kine": "R", "END_Kinema": "R", "START_Leng": 30, "END_Length": 30, "START_Widt": 14.0, "END_Width_": 14.0, "START_Min_": 0, "END_Min_De": 0, "START_Max_": 12.1, "END_Max_De": 12.1, "START_Rupt": 420.0, "END_Ruptur": 420.0, "START_Aver": 1.07, "END_Averag": 1.07, "START_Mw__": 6.7, "END_Mw__W_": 6.7, "START_Mw_1": 6.7, "END_Mw__K_": 6.7, "START_M0__": 1.35e+19, "END_M0__Nm": 1.35e+19, "START_SR_m": 0.0, "END_SR_min": 0.0, "START_SR_1": 0.0, "END_SR_max": 0.0, "START_SR_a": null, "END_SR_avg": null, "START_SR_R": null, "END_SR_Ref": null, "START_SR_C": null, "END_SR_Com": null }, "geometry": { "type": "LineString", "coordinates": [ [ 20.648, 39.8677 ], [ 20.9169, 39.6943 ], [ 20.648, 39.8677 ], [ 20.9169, 39.6943 ], [ 20.8643, 39.6461 ], [ 20.5954, 39.8195 ], [ 20.648, 39.8677 ] ] } },
{ "type": "Feature", "properties": { "Shape_Leng": 0.94944085437600001, "SS_ID": 27, "START_SS_I": 27, "END_SS_ID": 27, "START_Name": "Kasidiáris", "END_NameEN": "Kasidiáris", "START_Na_1": "Κασιδιάρης", "END_NameEL": "Κασιδιάρης", "START_Stri": 336, "END_Strike": 336, "START_Dip_": 66, "END_Dip_Di": 66, "START_Dip": 37, "END_Dip": 37, "START_Rake": 90, "END_Rake": 90, "START_Ra_1": 90, "END_Rake__": 90, "START_Kine": "R", "END_Kinema": "R", "START_Leng": 20, "END_Length": 20, "START_Widt": 10.5, "END_Width_": 10.5, "START_Min_": 0, "END_Min_De": 0, "START_Max_": 6.3, "END_Max_De": 6.3, "START_Rupt": 210.0, "END_Ruptur": 210.0, "START_Aver": 0.84, "END_Averag": 0.84, "START_Mw__": 6.4, "END_Mw__W_": 6.4, "START_Mw_1": 6.4, "END_Mw__K_": 6.4, "START_M0__": 5.31e+18, "END_M0__Nm": 5.31e+18, "START_SR_m": 0.0, "END_SR_min": 0.0, "START_SR_1": 0.0, "END_SR_max": 0.0, "START_SR_a": null, "END_SR_avg": null, "START_SR_R": null, "END_SR_Ref": null, "START_SR_C": null, "END_SR_Com": null }, "geometry": { "type": "LineString", "coordinates": [ [ 20.5606, 39.7419 ], [ 20.4654, 39.9063 ], [ 20.5606, 39.7419 ], [ 20.4654, 39.9063 ], [ 20.5552, 39.9369 ], [ 20.6503, 39.7726 ], [ 20.5606, 39.7419 ] ] } },
{ "type": "Feature", "properties": { "Shape_Leng": 0.93722576693600002, "SS_ID": 28, "START_SS_I": 28, "END_SS_ID": 28, "START_Name": "Kourénta", "END_NameEN": "Kourénta", "START_Na_1": "Κουρέντα", "END_NameEL": "Κουρέντα", "START_Stri": 157, "END_Strike": 157, "START_Dip_": 247, "END_Dip_Di": 247, "START_Dip": 60, "END_Dip": 60, "START_Rake": 90, "END_Rake": 90, "START_Ra_1": 90, "END_Rake__": 90, "START_Kine": "R", "END_Kinema": "R", "START_Leng": 22, "END_Length": 22, "START_Widt": 11.0, "END_Width_": 11.0, "START_Min_": 0, "END_Min_De": 0, "START_Max_": 9.5, "END_Max_De": 9.5, "START_Rupt": 236.5, "END_Ruptur": 236.5, "START_Aver": 0.88, "END_Averag": 0.88, "START_Mw__": 6.5, "END_Mw__W_": 6.5, "START_Mw_1": 6.5, "END_Mw__K_": 6.5, "START_M0__": 6.23e+18, "END_M0__Nm": 6.23e+18, "START_SR_m": 0.0, "END_SR_min": 0.0, "START_SR_1": 0.0, "END_SR_max": 0.0, "START_SR_a": null, "END_SR_avg": null, "START_SR_R": null, "END_SR_Ref": null, "START_SR_C": null, "END_SR_Com": null }, "geometry": { "type": "LineString", "coordinates": [ [ 20.6122, 39.7214 ], [ 20.7103, 39.5435 ], [ 20.6122, 39.7214 ], [ 20.7103, 39.5435 ], [ 20.6512, 39.5241 ], [ 20.553, 39.7021 ], [ 20.6122, 39.7214 ] ] } },
{ "type": "Feature", "properties": { "Shape_Leng": 1.5385559657200001, "SS_ID": 29, "START_SS_I": 29, "END_SS_ID": 29, "START_Name": "Petoussi", "END_NameEN": "Petoussi", "START_Na_1": "Πετούσι", "END_NameEL": "Πετούσι", "START_Stri": 84, "END_Strike": 84, "START_Dip_": 174, "END_Dip_Di": 174, "START_Dip": 89, "END_Dip": 89, "START_Rake": 330, "END_Rake": 330, "START_Ra_1": -30, "END_Rake__": -30, "START_Kine": "SN", "END_Kinema": "SN", "START_Leng": 33, "END_Length": 33, "START_Widt": 10.5, "END_Width_": 10.5, "START_Min_": 0, "END_Min_De": 0, "START_Max_": 10.5, "END_Max_De": 10.5, "START_Rupt": 346.5, "END_Ruptur": 346.5, "START_Aver": 0.86, "END_Averag": 0.86, "START_Mw__": 6.6, "END_Mw__W_": 6.6, "START_Mw_1": 6.6, "END_Mw__K_": 6.6, "START_M0__": 8.93e+18, "END_M0__Nm": 8.93e+18, "START_SR_m": 0.0, "END_SR_min": 0.0, "START_SR_1": 0.0, "END_SR_max": 0.0, "START_SR_a": null, "END_SR_avg": null, "START_SR_R": null, "END_SR_Ref": null, "START_SR_C": null, "END_SR_Com": null }, "geometry": { "type": "LineString", "coordinates": [ [ 20.4322, 39.4961 ], [ 20.8148, 39.5271 ], [ 20.4322, 39.4961 ], [ 20.8148, 39.5271 ], [ 20.815, 39.5255 ], [ 20.4325, 39.4945 ], [ 20.4322, 39.4961 ] ] } },
{ "type": "Feature", "properties": { "Shape_Leng": 1.0878690225900001, "SS_ID": 30, "START_SS_I": 30, "END_SS_ID": 30, "START_Name": "Zalongo", "END_NameEN": "Zalongo", "START_Na_1": "Ζάλογκο", "END_NameEL": "Ζάλογκο", "START_Stri": 354, "END_Strike": 354, "START_Dip_": 84, "END_Dip_Di": 84, "START_Dip": 35, "END_Dip": 35, "START_Rake": 90, "END_Rake": 90, "START_Ra_1": 90, "END_Rake__": 90, "START_Kine": "R", "END_Kinema": "R", "START_Leng": 23, "END_Length": 23, "START_Widt": 11.5, "END_Width_": 11.5, "START_Min_": 2, "END_Min_De": 2, "START_Max_": 8.6, "END_Max_De": 8.6, "START_Rupt": 264.5, "END_Ruptur": 264.5, "START_Aver": 0.91, "END_Averag": 0.91, "START_Mw__": 6.5, "END_Mw__W_": 6.5, "START_Mw_1": 6.5, "END_Mw__K_": 6.5, "START_M0__": 7.22e+18, "END_M0__Nm": 7.22e+18, "START_SR_m": 0.0, "END_SR_min": 0.0, "START_SR_1": 0.0, "END_SR_max": 0.0, "START_SR_a": null, "END_SR_avg": null, "START_SR_R": null, "END_SR_Ref": null, "START_SR_C": null, "END_SR_Com": null }, "geometry": { "type": "LineString", "coordinates": [ [ 20.4938, 39.5054 ], [ 20.4657, 39.7111 ], [ 20.527, 39.508 ], [ 20.4989, 39.7138 ], [ 20.6084, 39.7226 ], [ 20.6363, 39.5169 ], [ 20.4938, 39.5054 ] ] } },
{ "type": "Feature", "properties": { "Shape_Leng": 1.30701879374, "SS_ID": 31, "START_SS_I": 31, "END_SS_ID": 31, "START_Name": "Paramythiá", "END_NameEN": "Paramythiá", "START_Na_1": "Παραμυθιά", "END_NameEL": "Παραμυθιά", "START_Stri": 335, "END_Strike": 335, "START_Dip_": 65, "END_Dip_Di": 65, "START_Dip": 35, "END_Dip": 35, "START_Rake": 80, "END_Rake": 80, "START_Ra_1": 80, "END_Rake__": 80, "START_Kine": "R", "END_Kinema": "R", "START_Leng": 27, "END_Length": 27, "START_Widt": 13.0, "END_Width_": 13.0, "START_Min_": 2, "END_Min_De": 2, "START_Max_": 9.5, "END_Max_De": 9.5, "START_Rupt": 351.0, "END_Ruptur": 351.0, "START_Aver": 1.01, "END_Averag": 1.01, "START_Mw__": 6.6, "END_Mw__W_": 6.6, "START_Mw_1": 6.6, "END_Mw__K_": 6.6, "START_M0__": 1.06e+19, "END_M0__Nm": 1.06e+19, "START_SR_m": 0.0, "END_SR_min": 0.0, "START_SR_1": 0.0, "END_SR_max": 0.0, "START_SR_a": null, "END_SR_avg": null, "START_SR_R": null, "END_SR_Ref": null, "START_SR_C": null, "END_SR_Com": null }, "geometry": { "type": "LineString", "coordinates": [ [ 20.6548, 39.2668 ], [ 20.522, 39.4869 ], [ 20.6849, 39.2777 ], [ 20.5521, 39.4977 ], [ 20.6645, 39.5382 ], [ 20.7972, 39.3181 ], [ 20.6548, 39.2668 ] ] } },
{ "type": "Feature", "properties": { "Shape_Leng": 1.5127018103300001, "SS_ID": 32, "START_SS_I": 32, "END_SS_ID": 32, "START_Name": "Margariti", "END_NameEN": "Margariti", "START_Na_1": "Μαργαρίτι", "END_NameEL": "Μαργαρίτι", "START_Stri": 333, "END_Strike": 333, "START_Dip_": 63, "END_Dip_Di": 63, "START_Dip": 35, "END_Dip": 35, "START_Rake": 80, "END_Rake": 80, "START_Ra_1": 80, "END_Rake__": 80, "START_Kine": "R", "END_Kinema": "R", "START_Leng": 30, "END_Length": 30, "START_Widt": 14.0, "END_Width_": 14.0, "START_Min_": 5, "END_Min_De": 5, "START_Max_": 13.0, "END_Max_De": 13.0, "START_Rupt": 420.0, "END_Ruptur": 420.0, "START_Aver": 1.07, "END_Averag": 1.07, "START_Mw__": 6.7, "END_Mw__W_": 6.7, "START_Mw_1": 6.7, "END_Mw__K_": 6.7, "START_M0__": 1.35e+19, "END_M0__Nm": 1.35e+19, "START_SR_m": 0.0, "END_SR_min": 0.0, "START_SR_1": 0.0, "END_SR_max": 0.0, "START_SR_a": null, "END_SR_avg": null, "START_SR_R": null, "END_SR_Ref": null, "START_SR_C": null, "END_SR_Com": null }, "geometry": { "type": "LineString", "coordinates": [ [ 20.5267, 39.2177 ], [ 20.3682, 39.458 ], [ 20.6006, 39.2468 ], [ 20.4422, 39.4872 ], [ 20.5612, 39.534 ], [ 20.7195, 39.2936 ], [ 20.5267, 39.2177 ] ] } },
{ "type": "Feature", "properties": { "Shape_Leng": 1.17465531889, "SS_ID": 33, "START_SS_I": 33, "END_SS_ID": 33, "START_Name": "Omólio", "END_NameEN": "Omólio", "START_Na_1": "Ομόλιο", "END_NameEL": "Ομόλιο", "START_Stri": 292, "END_Strike": 292, "START_Dip_": 22, "END_Dip_Di": 22, "START_Dip": 45, "END_Dip": 45, "START_Rake": 290, "END_Rake": 290, "START_Ra_1": -70, "END_Rake__": -70, "START_Kine": "NS", "END_Kinema": "NS", "START_Leng": 22, "END_Length": 22, "START_Widt": 13.0, "END_Width_": 13.0, "START_Min_": 0, "END_Min_De": 0, "START_Max_": 9.2, "END_Max_De": 9.2, "START_Rupt": 286.0, "END_Ruptur": 286.0, "START_Aver": 0.65, "END_Averag": 0.65, "START_Mw__": 6.4, "END_Mw__W_": 6.4, "START_Mw_1": 6.4, "END_Mw__K_": 6.4, "START_M0__": 5.6e+18, "END_M0__Nm": 5.6e+18, "START_SR_m": 0.0, "END_SR_min": 0.0, "START_SR_1": 0.0, "END_SR_max": 0.0, "START_SR_a": null, "END_SR_avg": null, "START_SR_R": null, "END_SR_Ref": null, "START_SR_C": null, "END_SR_Com": null }, "geometry": { "type": "LineString", "coordinates": [ [ 22.8184, 39.8406 ], [ 22.5793, 39.9148 ], [ 22.8184, 39.8406 ], [ 22.5793, 39.9148 ], [ 22.6197, 39.9914 ], [ 22.8588, 39.9173 ], [ 22.8184, 39.8406 ] ] } },
{ "type": "Feature", "properties": { "Shape_Leng": 1.01594356612, "SS_ID": 34, "START_SS_I": 34, "END_SS_ID": 34, "START_Name": "Rodiá", "END_NameEN": "Rodiá", "START_Na_1": "Ροδιά", "END_NameEL": "Ροδιά", "START_Stri": 108, "END_Strike": 108, "START_Dip_": 198, "END_Dip_Di": 198, "START_Dip": 60, "END_Dip": 60, "START_Rake": 270, "END_Rake": 270, "START_Ra_1": -90, "END_Rake__": -90, "START_Kine": "N", "END_Kinema": "N", "START_Leng": 20, "END_Length": 20, "START_Widt": 13.0, "END_Width_": 13.0, "START_Min_": 0, "END_Min_De": 0, "START_Max_": 11.3, "END_Max_De": 11.3, "START_Rupt": 253.5, "END_Ruptur": 253.5, "START_Aver": 0.61, "END_Averag": 0.61, "START_Mw__": 6.4, "END_Mw__W_": 6.4, "START_Mw_1": 6.4, "END_Mw__K_": 6.4, "START_M0__": 4.66e+18, "END_M0__Nm": 4.66e+18, "START_SR_m": 0.0, "END_SR_min": 0.0, "START_SR_1": 0.0, "END_SR_max": 0.0, "START_SR_a": null, "END_SR_avg": null, "START_SR_R": null, "END_SR_Ref": null, "START_SR_C": null, "END_SR_Com": null }, "geometry": { "type": "LineString", "coordinates": [ [ 22.2243, 39.8486 ], [ 22.4415, 39.7945 ], [ 22.2243, 39.8486 ], [ 22.4415, 39.7945 ], [ 22.4179, 39.7389 ], [ 22.2008, 39.7931 ], [ 22.2243, 39.8486 ] ] } },
{ "type": "Feature", "properties": { "Shape_Leng": 1.1522238827, "SS_ID": 35, "START_SS_I": 35, "END_SS_ID": 35, "START_Name": "Lárissa", "END_NameEN": "Lárissa", "START_Na_1": "Λάρισα", "END_NameEL": "Λάρισα", "START_Stri": 284, "END_Strike": 284, "START_Dip_": 14, "END_Dip_Di": 14, "START_Dip": 55, "END_Dip": 55, "START_Rake": 270, "END_Rake": 270, "START_Ra_1": -90, "END_Rake__": -90, "START_Kine": "N", "END_Kinema": "N", "START_Leng": 22, "END_Length": 22, "START_Widt": 13.0, "END_Width_": 13.0, "START_Min_": 0, "END_Min_De": 0, "START_Max_": 10.6, "END_Max_De": 10.6, "START_Rupt": 286.0, "END_Ruptur": 286.0, "START_Aver": 0.65, "END_Averag": 0.65, "START_Mw__": 6.4, "END_Mw__W_": 6.4, "START_Mw_1": 6.4, "END_Mw__K_": 6.4, "START_M0__": 5.58e+18, "END_M0__Nm": 5.58e+18, "START_SR_m": 0.0, "END_SR_min": 0.0, "START_SR_1": 0.0, "END_SR_max": 0.0, "START_SR_a": null, "END_SR_avg": null, "START_SR_R": null, "END_SR_Ref": null, "START_SR_C": null, "END_SR_Com": null }, "geometry": { "type": "LineString", "coordinates": [ [ 22.4656, 39.6207 ], [ 22.2163, 39.6685 ], [ 22.4656, 39.6207 ], [ 22.2163, 39.6685 ], [ 22.2373, 39.7336 ], [ 22.4867, 39.6857 ], [ 22.4656, 39.6207 ] ] } },
{ "type": "Feature", "properties": { "Shape_Leng": 1.6272835589400001, "SS_ID": 36, "START_SS_I": 36, "END_SS_ID": 36, "START_Name": "Zárkos", "END_NameEN": "Zárkos", "START_Na_1": "Ζάρκος", "END_NameEL": "Ζάρκος", "START_Stri": 310, "END_Strike": 310, "START_Dip_": 40, "END_Dip_Di": 40, "START_Dip": 40, "END_Dip": 40, "START_Rake": 271, "END_Rake": 271, "START_Ra_1": -89, "END_Rake__": -89, "START_Kine": "N", "END_Kinema": "N", "START_Leng": 31, "END_Length": 31, "START_Widt": 16.5, "END_Width_": 16.5, "START_Min_": 3, "END_Min_De": 3, "START_Max_": 13.6, "END_Max_De": 13.6, "START_Rupt": 511.5, "END_Ruptur": 511.5, "START_Aver": 0.89, "END_Averag": 0.89, "START_Mw__": 6.7, "END_Mw__W_": 6.7, "START_Mw_1": 6.7, "END_Mw__K_": 6.7, "START_M0__": 1.36e+19, "END_M0__Nm": 1.36e+19, "START_SR_m": 0.0, "END_SR_min": 0.0, "START_SR_1": 0.0, "END_SR_max": 0.0, "START_SR_a": null, "END_SR_avg": null, "START_SR_R": null, "END_SR_Ref": null, "START_SR_C": null, "END_SR_Com": null }, "geometry": { "type": "LineString", "coordinates": [ [ 22.1838, 39.6108 ], [ 21.9062, 39.79 ], [ 22.2107, 39.6354 ], [ 21.933, 39.8146 ], [ 22.0281, 39.9017 ], [ 22.3058, 39.7225 ], [ 22.1838, 39.6108 ] ] } },
{ "type": "Feature", "properties": { "Shape_Leng": 1.39262492533, "SS_ID": 37, "START_SS_I": 37, "END_SS_ID": 37, "START_Name": "Ríghaeo", "END_NameEN": "Ríghaeo", "START_Na_1": "Ρήγαιο", "END_NameEL": "Ρήγαιο", "START_Stri": 94, "END_Strike": 94, "START_Dip_": 184, "END_Dip_Di": 184, "START_Dip": 45, "END_Dip": 45, "START_Rake": 270, "END_Rake": 270, "START_Ra_1": -90, "END_Rake__": -90, "START_Kine": "N", "END_Kinema": "N", "START_Leng": 26, "END_Length": 26, "START_Widt": 14.5, "END_Width_": 14.5, "START_Min_": 0, "END_Min_De": 0, "START_Max_": 10.3, "END_Max_De": 10.3, "START_Rupt": 377.0, "END_Ruptur": 377.0, "START_Aver": 0.76, "END_Averag": 0.76, "START_Mw__": 6.6, "END_Mw__W_": 6.6, "START_Mw_1": 6.6, "END_Mw__K_": 6.6, "START_M0__": 8.55e+18, "END_M0__Nm": 8.55e+18, "START_SR_m": 0.0, "END_SR_min": 0.0, "START_SR_1": 0.0, "END_SR_max": 0.0, "START_SR_a": null, "END_SR_avg": null, "START_SR_R": null, "END_SR_Ref": null, "START_SR_C": null, "END_SR_Com": null }, "geometry": { "type": "LineString", "coordinates": [ [ 22.5012, 39.3553 ], [ 22.8028, 39.3389 ], [ 22.5012, 39.3553 ], [ 22.8028, 39.3389 ], [ 22.7944, 39.247 ], [ 22.493, 39.2633 ], [ 22.5012, 39.3553 ] ] } },
{ "type": "Feature", "properties": { "Shape_Leng": 1.0608298603899999, "SS_ID": 38, "START_SS_I": 38, "END_SS_ID": 38, "START_Name": "Dasólophos", "END_NameEN": "Dasólophos", "START_Na_1": "Δασόλοφος", "END_NameEL": "Δασόλοφος", "START_Stri": 99, "END_Strike": 99, "START_Dip_": 189, "END_Dip_Di": 189, "START_Dip": 55, "END_Dip": 55, "START_Rake": 270, "END_Rake": 270, "START_Ra_1": -90, "END_Rake__": -90, "START_Kine": "N", "END_Kinema": "N", "START_Leng": 20, "END_Length": 20, "START_Widt": 13.0, "END_Width_": 13.0, "START_Min_": 0, "END_Min_De": 0, "START_Max_": 10.6, "END_Max_De": 10.6, "START_Rupt": 260.0, "END_Ruptur": 260.0, "START_Aver": 0.62, "END_Averag": 0.62, "START_Mw__": 6.4, "END_Mw__W_": 6.4, "START_Mw_1": 6.4, "END_Mw__K_": 6.4, "START_M0__": 4.84e+18, "END_M0__Nm": 4.84e+18, "START_SR_m": 0.0, "END_SR_min": 0.0, "START_SR_1": 0.0, "END_SR_max": 0.0, "START_SR_a": null, "END_SR_avg": null, "START_SR_R": null, "END_SR_Ref": null, "START_SR_C": null, "END_SR_Com": null }, "geometry": { "type": "LineString", "coordinates": [ [ 22.3755, 39.3575 ], [ 22.6052, 39.3293 ], [ 22.3755, 39.3575 ], [ 22.6052, 39.3293 ], [ 22.5916, 39.2631 ], [ 22.362, 39.2912 ], [ 22.3755, 39.3575 ] ] } },
{ "type": "Feature", "properties": { "Shape_Leng": 2.4366651195000002, "SS_ID": 39, "START_SS_I": 39, "END_SS_ID": 39, "START_Name": "Pagasitikós Gulf", "END_NameEN": "Pagasitikós Gulf", "START_Na_1": "Παγασητικός Κόλπος", "END_NameEL": "Παγασητικός Κόλπος", "START_Stri": 84, "END_Strike": 84, "START_Dip_": 174, "END_Dip_Di": 174, "START_Dip": 45, "END_Dip": 45, "START_Rake": 260, "END_Rake": 260, "START_Ra_1": -100, "END_Rake__": -100, "START_Kine": "N", "END_Kinema": "N", "START_Leng": 46, "END_Length": 46, "START_Widt": 22.0, "END_Width_": 22.0, "START_Min_": 0, "END_Min_De": 0, "START_Max_": 15.6, "END_Max_De": 15.6, "START_Rupt": 1023.0, "END_Ruptur": 1023.0, "START_Aver": 1.28, "END_Averag": 1.28, "START_Mw__": 7.0, "END_Mw__W_": 7.0, "START_Mw_1": 7.0, "END_Mw__K_": 7.0, "START_M0__": 3.94e+19, "END_M0__Nm": 3.94e+19, "START_SR_m": 0.0, "END_SR_min": 0.0, "START_SR_1": 0.0, "END_SR_max": 0.0, "START_SR_a": null, "END_SR_avg": null, "START_SR_R": null, "END_SR_Ref": null, "START_SR_C": null, "END_SR_Com": null }, "geometry": { "type": "LineString", "coordinates": [ [ 22.6119, 39.2688 ], [ 23.1492, 39.3126 ], [ 22.6119, 39.2688 ], [ 23.1492, 39.3126 ], [ 23.1678, 39.1734 ], [ 22.631, 39.1297 ], [ 22.6119, 39.2688 ] ] } },
{ "type": "Feature", "properties": { "Shape_Leng": 1.6278434442700001, "SS_ID": 40, "START_SS_I": 40, "END_SS_ID": 40, "START_Name": "Ekkára", "END_NameEN": "Ekkára", "START_Na_1": "Εκάρα", "END_NameEL": "Εκάρα", "START_Stri": 288, "END_Strike": 288, "START_Dip_": 18, "END_Dip_Di": 18, "START_Dip": 45, "END_Dip": 45, "START_Rake": 285, "END_Rake": 285, "START_Ra_1": -75, "END_Rake__": -75, "START_Kine": "N", "END_Kinema": "N", "START_Leng": 31, "END_Length": 31, "START_Widt": 16.5, "END_Width_": 16.5, "START_Min_": 0, "END_Min_De": 0, "START_Max_": 11.7, "END_Max_De": 11.7, "START_Rupt": 511.5, "END_Ruptur": 511.5, "START_Aver": 0.89, "END_Averag": 0.89, "START_Mw__": 6.7, "END_Mw__W_": 6.7, "START_Mw_1": 6.7, "END_Mw__K_": 6.7, "START_M0__": 1.36e+19, "END_M0__Nm": 1.36e+19, "START_SR_m": 1.0, "END_SR_min": 1.0, "START_SR_1": 1.0, "END_SR_max": 1.0, "START_SR_a": null, "END_SR_avg": null, "START_SR_R": "Caputo & Pavlides (1993)\nPalyvos et al. (2010)", "END_SR_Ref": "Caputo & Pavlides (1993)\nPalyvos et al. (2010)", "START_SR_C": null, "END_SR_Com": null }, "geometry": { "type": "LineString", "coordinates": [ [ 22.2842, 39.147 ], [ 21.9421, 39.2332 ], [ 22.2842, 39.147 ], [ 21.9421, 39.2332 ], [ 21.9839, 39.333 ], [ 22.3262, 39.2468 ], [ 22.2842, 39.147 ] ] } },
{ "type": "Feature", "properties": { "Shape_Leng": 1.20224648887, "SS_ID": 41, "START_SS_I": 41, "END_SS_ID": 41, "START_Name": "Oreus Strait", "END_NameEN": "Oreus Strait", "START_Na_1": "Δίαυλος Ωρεών", "END_NameEL": "Δίαυλος Ωρεών", "START_Stri": 244, "END_Strike": 244, "START_Dip_": 334, "END_Dip_Di": 334, "START_Dip": 75, "END_Dip": 75, "START_Rake": 195, "END_Rake": 195, "START_Ra_1": -165, "END_Rake__": -165, "START_Kine": "D", "END_Kinema": "D", "START_Leng": 26, "END_Length": 26, "START_Widt": 9.5, "END_Width_": 9.5, "START_Min_": 0, "END_Min_De": 0, "START_Max_": 9.2, "END_Max_De": 9.2, "START_Rupt": 247.0, "END_Ruptur": 247.0, "START_Aver": 0.72, "END_Averag": 0.72, "START_Mw__": 6.4, "END_Mw__W_": 6.4, "START_Mw_1": 6.4, "END_Mw__K_": 6.4, "START_M0__": 5.32e+18, "END_M0__Nm": 5.32e+18, "START_SR_m": 0.54, "END_SR_min": 0.54, "START_SR_1": 0.54, "END_SR_max": 0.54, "START_SR_a": null, "END_SR_avg": null, "START_SR_R": "Caroir et al. (2024)", "END_SR_Ref": "Caroir et al. (2024)", "START_SR_C": null, "END_SR_Com": null }, "geometry": { "type": "LineString", "coordinates": [ [ 23.0876, 38.9525 ], [ 22.8176, 38.85 ], [ 23.0876, 38.9525 ], [ 22.8176, 38.85 ], [ 22.8051, 38.8699 ], [ 23.0752, 38.9724 ], [ 23.0876, 38.9525 ] ] } },
{ "type": "Feature", "properties": { "Shape_Leng": 1.8912679997399999, "SS_ID": 42, "START_SS_I": 42, "END_SS_ID": 42, "START_Name": "Límni", "END_NameEN": "Límni", "START_Na_1": "Λίμνη", "END_NameEL": "Λίμνη", "START_Stri": 130, "END_Strike": 130, "START_Dip_": 220, "END_Dip_Di": 220, "START_Dip": 60, "END_Dip": 60, "START_Rake": 300, "END_Rake": 300, "START_Ra_1": -60, "END_Rake__": -60, "START_Kine": "NS", "END_Kinema": "NS", "START_Leng": 40, "END_Length": 40, "START_Widt": 20.0, "END_Width_": 20.0, "START_Min_": 0, "END_Min_De": 0, "START_Max_": 17.3, "END_Max_De": 17.3, "START_Rupt": 800.0, "END_Ruptur": 800.0, "START_Aver": 1.13, "END_Averag": 1.13, "START_Mw__": 6.9, "END_Mw__W_": 6.9, "START_Mw_1": 6.9, "END_Mw__K_": 6.9, "START_M0__": 2.7e+19, "END_M0__Nm": 2.7e+19, "START_SR_m": 6.54, "END_SR_min": 6.54, "START_SR_1": 6.54, "END_SR_max": 6.54, "START_SR_a": null, "END_SR_avg": null, "START_SR_R": "Caroir et al. (2024)", "END_SR_Ref": "Caroir et al. (2024)", "START_SR_C": null, "END_SR_Com": null }, "geometry": { "type": "LineString", "coordinates": [ [ 23.1389, 38.8588 ], [ 23.4922, 38.6276 ], [ 23.1389, 38.8588 ], [ 23.4922, 38.6276 ], [ 23.4181, 38.5587 ], [ 23.0648, 38.7899 ], [ 23.1389, 38.8588 ] ] } },
{ "type": "Feature", "properties": { "Shape_Leng": 1.5425414522100001, "SS_ID": 43, "START_SS_I": 43, "END_SS_ID": 43, "START_Name": "Oropus", "END_NameEN": "Oropus", "START_Na_1": "Ωρωπός", "END_NameEL": "Ωρωπός", "START_Stri": 287, "END_Strike": 287, "START_Dip_": 17, "END_Dip_Di": 17, "START_Dip": 50, "END_Dip": 50, "START_Rake": 280, "END_Rake": 280, "START_Ra_1": -80, "END_Rake__": -80, "START_Kine": "N", "END_Kinema": "N", "START_Leng": 30, "END_Length": 30, "START_Widt": 16.0, "END_Width_": 16.0, "START_Min_": 0, "END_Min_De": 0, "START_Max_": 12.3, "END_Max_De": 12.3, "START_Rupt": 480.0, "END_Ruptur": 480.0, "START_Aver": 0.86, "END_Averag": 0.86, "START_Mw__": 6.7, "END_Mw__W_": 6.7, "START_Mw_1": 6.7, "END_Mw__K_": 6.7, "START_M0__": 1.24e+19, "END_M0__Nm": 1.24e+19, "START_SR_m": 0.0, "END_SR_min": 0.0, "START_SR_1": 0.0, "END_SR_max": 0.0, "START_SR_a": null, "END_SR_avg": null, "START_SR_R": null, "END_SR_Ref": null, "START_SR_C": null, "END_SR_Com": null }, "geometry": { "type": "LineString", "coordinates": [ [ 23.9474, 38.2875 ], [ 23.6186, 38.3663 ], [ 23.9474, 38.2875 ], [ 23.6186, 38.3663 ], [ 23.653, 38.4548 ], [ 23.982, 38.3759 ], [ 23.9474, 38.2875 ] ] } },
{ "type": "Feature", "properties": { "Shape_Leng": 1.3464689832100001, "SS_ID": 44, "START_SS_I": 44, "END_SS_ID": 44, "START_Name": "Messápio", "END_NameEN": "Messápio", "START_Na_1": "Μεσσάπιο", "END_NameEL": "Μεσσάπιο", "START_Stri": 306, "END_Strike": 306, "START_Dip_": 36, "END_Dip_Di": 36, "START_Dip": 50, "END_Dip": 50, "START_Rake": 295, "END_Rake": 295, "START_Ra_1": -65, "END_Rake__": -65, "START_Kine": "NS", "END_Kinema": "NS", "START_Leng": 27, "END_Length": 27, "START_Widt": 15.0, "END_Width_": 15.0, "START_Min_": 0, "END_Min_De": 0, "START_Max_": 11.5, "END_Max_De": 11.5, "START_Rupt": 405.0, "END_Ruptur": 405.0, "START_Aver": 0.78, "END_Averag": 0.78, "START_Mw__": 6.6, "END_Mw__W_": 6.6, "START_Mw_1": 6.6, "END_Mw__K_": 6.6, "START_M0__": 9.54e+18, "END_M0__Nm": 9.54e+18, "START_SR_m": 0.0, "END_SR_min": 0.0, "START_SR_1": 0.0, "END_SR_max": 0.0, "START_SR_a": null, "END_SR_avg": null, "START_SR_R": null, "END_SR_Ref": null, "START_SR_C": null, "END_SR_Com": null }, "geometry": { "type": "LineString", "coordinates": [ [ 23.5536, 38.4169 ], [ 23.3026, 38.5597 ], [ 23.5536, 38.4169 ], [ 23.3026, 38.5597 ], [ 23.3677, 38.6298 ], [ 23.6187, 38.4871 ], [ 23.5536, 38.4169 ] ] } },
{ "type": "Feature", "properties": { "Shape_Leng": 1.9429399514100001, "SS_ID": 45, "START_SS_I": 45, "END_SS_ID": 45, "START_Name": "Atalánti", "END_NameEN": "Atalánti", "START_Na_1": "Αταλάντη", "END_NameEL": "Αταλάντη", "START_Stri": 295, "END_Strike": 295, "START_Dip_": 25, "END_Dip_Di": 25, "START_Dip": 45, "END_Dip": 45, "START_Rake": 280, "END_Rake": 280, "START_Ra_1": -80, "END_Rake__": -80, "START_Kine": "N", "END_Kinema": "N", "START_Leng": 38, "END_Length": 38, "START_Widt": 19.0, "END_Width_": 19.0, "START_Min_": 0, "END_Min_De": 0, "START_Max_": 13.4, "END_Max_De": 13.4, "START_Rupt": 722.0, "END_Ruptur": 722.0, "START_Aver": 1.07, "END_Averag": 1.07, "START_Mw__": 6.8, "END_Mw__W_": 6.8, "START_Mw_1": 6.8, "END_Mw__K_": 6.8, "START_M0__": 2.31e+19, "END_M0__Nm": 2.31e+19, "START_SR_m": 0.4, "END_SR_min": 0.4, "START_SR_1": 0.4, "END_SR_max": 0.4, "START_SR_a": null, "END_SR_avg": null, "START_SR_R": "Ganas (1997)", "END_SR_Ref": "Ganas (1997)", "START_SR_C": null, "END_SR_Com": null }, "geometry": { "type": "LineString", "coordinates": [ [ 23.3011, 38.5506 ], [ 22.9047, 38.6951 ], [ 23.3011, 38.5506 ], [ 22.9047, 38.6951 ], [ 22.97, 38.8046 ], [ 23.3666, 38.6601 ], [ 23.3011, 38.5506 ] ] } },
{ "type": "Feature", "properties": { "Shape_Leng": 2.5637108193699998, "SS_ID": 46, "START_SS_I": 46, "END_SS_ID": 46, "START_Name": "Thermopylae-Arkítsa", "END_NameEN": "Thermopylae-Arkítsa", "START_Na_1": "Θερμοπύλες-Αρκίτσα", "END_NameEL": "Θερμοπύλες-Αρκίτσα", "START_Stri": 281, "END_Strike": 281, "START_Dip_": 11, "END_Dip_Di": 11, "START_Dip": 45, "END_Dip": 45, "START_Rake": 280, "END_Rake": 280, "START_Ra_1": -80, "END_Rake__": -80, "START_Kine": "N", "END_Kinema": "N", "START_Leng": 50, "END_Length": 50, "START_Widt": 23.0, "END_Width_": 23.0, "START_Min_": 0, "END_Min_De": 0, "START_Max_": 16.3, "END_Max_De": 16.3, "START_Rupt": 1138.5, "END_Ruptur": 1138.5, "START_Aver": 1.36, "END_Averag": 1.36, "START_Mw__": 7.0, "END_Mw__W_": 7.0, "START_Mw_1": 7.0, "END_Mw__K_": 7.0, "START_M0__": 4.64e+19, "END_M0__Nm": 4.64e+19, "START_SR_m": 0.0, "END_SR_min": 0.0, "START_SR_1": 0.0, "END_SR_max": 0.0, "START_SR_a": null, "END_SR_avg": null, "START_SR_R": null, "END_SR_Ref": null, "START_SR_C": null, "END_SR_Com": null }, "geometry": { "type": "LineString", "coordinates": [ [ 23.0643, 38.7255 ], [ 22.5039, 38.8105 ], [ 23.0643, 38.7255 ], [ 22.5039, 38.8105 ], [ 22.5394, 38.954 ], [ 23.1004, 38.8691 ], [ 23.0643, 38.7255 ] ] } },
{ "type": "Feature", "properties": { "Shape_Leng": 1.98841178413, "SS_ID": 47, "START_SS_I": 47, "END_SS_ID": 47, "START_Name": "Spercheus", "END_NameEN": "Spercheus", "START_Na_1": "Σπερχειός", "END_NameEL": "Σπερχειός", "START_Stri": 281, "END_Strike": 281, "START_Dip_": 11, "END_Dip_Di": 11, "START_Dip": 45, "END_Dip": 45, "START_Rake": 280, "END_Rake": 280, "START_Ra_1": -80, "END_Rake__": -80, "START_Kine": "N", "END_Kinema": "N", "START_Leng": 38, "END_Length": 38, "START_Widt": 19.0, "END_Width_": 19.0, "START_Min_": 0, "END_Min_De": 0, "START_Max_": 13.4, "END_Max_De": 13.4, "START_Rupt": 722.0, "END_Ruptur": 722.0, "START_Aver": 1.07, "END_Averag": 1.07, "START_Mw__": 6.8, "END_Mw__W_": 6.8, "START_Mw_1": 6.8, "END_Mw__K_": 6.8, "START_M0__": 2.31e+19, "END_M0__Nm": 2.31e+19, "START_SR_m": 0.0, "END_SR_min": 0.0, "START_SR_1": 0.0, "END_SR_max": 0.0, "START_SR_a": null, "END_SR_avg": null, "START_SR_R": null, "END_SR_Ref": null, "START_SR_C": null, "END_SR_Com": null }, "geometry": { "type": "LineString", "coordinates": [ [ 22.4711, 38.8524 ], [ 22.0401, 38.9176 ], [ 22.4711, 38.8524 ], [ 22.0401, 38.9176 ], [ 22.0696, 39.0362 ], [ 22.5009, 38.971 ], [ 22.4711, 38.8524 ] ] } },
{ "type": "Feature", "properties": { "Shape_Leng": 1.17392921191, "SS_ID": 48, "START_SS_I": 48, "END_SS_ID": 48, "START_Name": "Dáphne", "END_NameEN": "Dáphne", "START_Na_1": "Δάφνη", "END_NameEL": "Δάφνη", "START_Stri": 250, "END_Strike": 250, "START_Dip_": 340, "END_Dip_Di": 340, "START_Dip": 55, "END_Dip": 55, "START_Rake": 260, "END_Rake": 260, "START_Ra_1": -100, "END_Rake__": -100, "START_Kine": "N", "END_Kinema": "N", "START_Leng": 23, "END_Length": 23, "START_Widt": 13.5, "END_Width_": 13.5, "START_Min_": 0, "END_Min_De": 0, "START_Max_": 11.1, "END_Max_De": 11.1, "START_Rupt": 310.5, "END_Ruptur": 310.5, "START_Aver": 0.68, "END_Averag": 0.68, "START_Mw__": 6.5, "END_Mw__W_": 6.5, "START_Mw_1": 6.5, "END_Mw__K_": 6.5, "START_M0__": 6.35e+18, "END_M0__Nm": 6.35e+18, "START_SR_m": 0.0, "END_SR_min": 0.0, "START_SR_1": 0.0, "END_SR_max": 0.0, "START_SR_a": null, "END_SR_avg": null, "START_SR_R": null, "END_SR_Ref": null, "START_SR_C": null, "END_SR_Com": null }, "geometry": { "type": "LineString", "coordinates": [ [ 23.5573, 38.2786 ], [ 23.3098, 38.2078 ], [ 23.5573, 38.2786 ], [ 23.3098, 38.2078 ], [ 23.2795, 38.2733 ], [ 23.527, 38.344 ], [ 23.5573, 38.2786 ] ] } },
{ "type": "Feature", "properties": { "Shape_Leng": 1.4149881185099999, "SS_ID": 49, "START_SS_I": 49, "END_SS_ID": 49, "START_Name": "Leontarion", "END_NameEN": "Leontarion", "START_Na_1": "Λεοντάριον", "END_NameEL": "Λεοντάριον", "START_Stri": 79, "END_Strike": 79, "START_Dip_": 169, "END_Dip_Di": 169, "START_Dip": 60, "END_Dip": 60, "START_Rake": 280, "END_Rake": 280, "START_Ra_1": -80, "END_Rake__": -80, "START_Kine": "N", "END_Kinema": "N", "START_Leng": 28, "END_Length": 28, "START_Widt": 15.5, "END_Width_": 15.5, "START_Min_": 0, "END_Min_De": 0, "START_Max_": 13.4, "END_Max_De": 13.4, "START_Rupt": 434.0, "END_Ruptur": 434.0, "START_Aver": 0.81, "END_Averag": 0.81, "START_Mw__": 6.6, "END_Mw__W_": 6.6, "START_Mw_1": 6.6, "END_Mw__K_": 6.6, "START_M0__": 1.06e+19, "END_M0__Nm": 1.06e+19, "START_SR_m": 0.0, "END_SR_min": 0.0, "START_SR_1": 0.0, "END_SR_max": 0.0, "START_SR_a": null, "END_SR_avg": null, "START_SR_R": null, "END_SR_Ref": null, "START_SR_C": null, "END_SR_Com": null }, "geometry": { "type": "LineString", "coordinates": [ [ 22.9831, 38.2658 ], [ 23.298, 38.3138 ], [ 22.9831, 38.2658 ], [ 23.298, 38.3138 ], [ 23.3149, 38.2454 ], [ 23.0001, 38.1974 ], [ 22.9831, 38.2658 ] ] } },
{ "type": "Feature", "properties": { "Shape_Leng": 1.4144001153400001, "SS_ID": 50, "START_SS_I": 50, "END_SS_ID": 50, "START_Name": "Delphi", "END_NameEN": "Delphi", "START_Na_1": "Δελφοί", "END_NameEL": "Δελφοί", "START_Stri": 90, "END_Strike": 90, "START_Dip_": 180, "END_Dip_Di": 180, "START_Dip": 50, "END_Dip": 50, "START_Rake": 265, "END_Rake": 265, "START_Ra_1": -95, "END_Rake__": -95, "START_Kine": "N", "END_Kinema": "N", "START_Leng": 27, "END_Length": 27, "START_Widt": 15.0, "END_Width_": 15.0, "START_Min_": 0, "END_Min_De": 0, "START_Max_": 11.5, "END_Max_De": 11.5, "START_Rupt": 405.0, "END_Ruptur": 405.0, "START_Aver": 0.78, "END_Averag": 0.78, "START_Mw__": 6.6, "END_Mw__W_": 6.6, "START_Mw_1": 6.6, "END_Mw__K_": 6.6, "START_M0__": 9.54e+18, "END_M0__Nm": 9.54e+18, "START_SR_m": 0.0, "END_SR_min": 0.0, "START_SR_1": 0.0, "END_SR_max": 0.0, "START_SR_a": null, "END_SR_avg": null, "START_SR_R": null, "END_SR_Ref": null, "START_SR_C": null, "END_SR_Com": null }, "geometry": { "type": "LineString", "coordinates": [ [ 22.4059, 38.4864 ], [ 22.7162, 38.4864 ], [ 22.4059, 38.4864 ], [ 22.7162, 38.4864 ], [ 22.7161, 38.3997 ], [ 22.406, 38.3997 ], [ 22.4059, 38.4864 ] ] } },
{ "type": "Feature", "properties": { "Shape_Leng": 1.4292433447899999, "SS_ID": 51, "START_SS_I": 51, "END_SS_ID": 51, "START_Name": "Trichonis", "END_NameEN": "Trichonis", "START_Na_1": "Τριχωνίς", "END_NameEL": "Τριχωνίς", "START_Stri": 278, "END_Strike": 278, "START_Dip_": 8, "END_Dip_Di": 8, "START_Dip": 45, "END_Dip": 45, "START_Rake": 280, "END_Rake": 280, "START_Ra_1": -80, "END_Rake__": -80, "START_Kine": "N", "END_Kinema": "N", "START_Leng": 27, "END_Length": 27, "START_Widt": 15.0, "END_Width_": 15.0, "START_Min_": 0, "END_Min_De": 0, "START_Max_": 10.6, "END_Max_De": 10.6, "START_Rupt": 405.0, "END_Ruptur": 405.0, "START_Aver": 0.78, "END_Averag": 0.78, "START_Mw__": 6.6, "END_Mw__W_": 6.6, "START_Mw_1": 6.6, "END_Mw__K_": 6.6, "START_M0__": 9.54e+18, "END_M0__Nm": 9.54e+18, "START_SR_m": 2.3, "END_SR_min": 2.3, "START_SR_1": 2.3, "END_SR_max": 2.3, "START_SR_a": null, "END_SR_avg": null, "START_SR_R": "Pérouse (2013)", "END_SR_Ref": "Pérouse (2013)", "START_SR_C": null, "END_SR_Com": null }, "geometry": { "type": "LineString", "coordinates": [ [ 21.6024, 38.5206 ], [ 21.295, 38.5544 ], [ 21.6024, 38.5206 ], [ 21.295, 38.5544 ], [ 21.3119, 38.6489 ], [ 21.6195, 38.6151 ], [ 21.6024, 38.5206 ] ] } },
{ "type": "Feature", "properties": { "Shape_Leng": 1.2790027934799999, "SS_ID": 52, "START_SS_I": 52, "END_SS_ID": 52, "START_Name": "Katouna", "END_NameEN": "Katouna", "START_Na_1": "Κατούνα", "END_NameEL": "Κατούνα", "START_Stri": 334, "END_Strike": 334, "START_Dip_": 64, "END_Dip_Di": 64, "START_Dip": 85, "END_Dip": 85, "START_Rake": 340, "END_Rake": 340, "START_Ra_1": -20, "END_Rake__": -20, "START_Kine": "SN", "END_Kinema": "SN", "START_Leng": 33, "END_Length": 33, "START_Widt": 10.5, "END_Width_": 10.5, "START_Min_": 0, "END_Min_De": 0, "START_Max_": 10.5, "END_Max_De": 10.5, "START_Rupt": 346.5, "END_Ruptur": 346.5, "START_Aver": 0.86, "END_Averag": 0.86, "START_Mw__": 6.6, "END_Mw__W_": 6.6, "START_Mw_1": 6.6, "END_Mw__K_": 6.6, "START_M0__": 8.93e+18, "END_M0__Nm": 8.93e+18, "START_SR_m": 4.0, "END_SR_min": 4.0, "START_SR_1": 10.0, "END_SR_max": 10.0, "START_SR_a": null, "END_SR_avg": null, "START_SR_R": "Pérouse et al. (2017)", "END_SR_Ref": "Pérouse et al. (2017)", "START_SR_C": "Geologiccally estimated left-lateral slip rate = 4 mm/yr. GPS slip rate = 10 mm/yr", "END_SR_Com": "Geologiccally estimated left-lateral slip rate = 4 mm/yr. GPS slip rate = 10 mm/yr" }, "geometry": { "type": "LineString", "coordinates": [ [ 21.197, 38.6793 ], [ 21.03, 38.946 ], [ 21.197, 38.6793 ], [ 21.03, 38.946 ], [ 21.0395, 38.9496 ], [ 21.2065, 38.6829 ], [ 21.197, 38.6793 ] ] } },
{ "type": "Feature", "properties": { "Shape_Leng": 1.1382468261400001, "SS_ID": 53, "START_SS_I": 53, "END_SS_ID": 53, "START_Name": "Stamná", "END_NameEN": "Stamná", "START_Na_1": "Σταμνά", "END_NameEL": "Σταμνά", "START_Stri": 340, "END_Strike": 340, "START_Dip_": 70, "END_Dip_Di": 70, "START_Dip": 85, "END_Dip": 85, "START_Rake": 350, "END_Rake": 350, "START_Ra_1": -10, "END_Rake__": -10, "START_Kine": "S", "END_Kinema": "S", "START_Leng": 30, "END_Length": 30, "START_Widt": 10.0, "END_Width_": 10.0, "START_Min_": 0, "END_Min_De": 0, "START_Max_": 10.0, "END_Max_De": 10.0, "START_Rupt": 300.0, "END_Ruptur": 300.0, "START_Aver": 0.8, "END_Averag": 0.8, "START_Mw__": 6.5, "END_Mw__W_": 6.5, "START_Mw_1": 6.5, "END_Mw__K_": 6.5, "START_M0__": 7.16e+18, "END_M0__Nm": 7.16e+18, "START_SR_m": 4.0, "END_SR_min": 4.0, "START_SR_1": 10.0, "END_SR_max": 10.0, "START_SR_a": null, "END_SR_avg": null, "START_SR_R": "Pérouse et al. (2017)", "END_SR_Ref": "Pérouse et al. (2017)", "START_SR_C": "Geologiccally estimated left-lateral slip rate = 4 mm/yr. GPS slip rate = 10 mm/yr", "END_SR_Com": "Geologiccally estimated left-lateral slip rate = 4 mm/yr. GPS slip rate = 10 mm/yr" }, "geometry": { "type": "LineString", "coordinates": [ [ 21.3207, 38.4249 ], [ 21.2028, 38.6785 ], [ 21.3207, 38.4249 ], [ 21.2028, 38.6785 ], [ 21.2122, 38.6811 ], [ 21.3302, 38.4276 ], [ 21.3207, 38.4249 ] ] } },
{ "type": "Feature", "properties": { "Shape_Leng": 1.1020044896700001, "SS_ID": 54, "START_SS_I": 54, "END_SS_ID": 54, "START_Name": "Kaparélli", "END_NameEN": "Kaparélli", "START_Na_1": "Καπαρέλλι", "END_NameEL": "Καπαρέλλι", "START_Stri": 60, "END_Strike": 60, "START_Dip_": 150, "END_Dip_Di": 150, "START_Dip": 55, "END_Dip": 55, "START_Rake": 280, "END_Rake": 280, "START_Ra_1": -80, "END_Rake__": -80, "START_Kine": "N", "END_Kinema": "N", "START_Leng": 22, "END_Length": 22, "START_Widt": 13.0, "END_Width_": 13.0, "START_Min_": 0, "END_Min_De": 0, "START_Max_": 10.6, "END_Max_De": 10.6, "START_Rupt": 286.0, "END_Ruptur": 286.0, "START_Aver": 0.65, "END_Averag": 0.65, "START_Mw__": 6.4, "END_Mw__W_": 6.4, "START_Mw_1": 6.4, "END_Mw__K_": 6.4, "START_M0__": 5.6e+18, "END_M0__Nm": 5.6e+18, "START_SR_m": 0.3, "END_SR_min": 0.3, "START_SR_1": 0.3, "END_SR_max": 0.3, "START_SR_a": null, "END_SR_avg": null, "START_SR_R": "Morewood & Roberts (1999)\nKokkalas et al. (2001)", "END_SR_Ref": "Morewood & Roberts (1999)\nKokkalas et al. (2001)", "START_SR_C": null, "END_SR_Com": null }, "geometry": { "type": "LineString", "coordinates": [ [ 23.044, 38.1586 ], [ 23.2621, 38.2576 ], [ 23.044, 38.1586 ], [ 23.2621, 38.2576 ], [ 23.3047, 38.1995 ], [ 23.0867, 38.1006 ], [ 23.044, 38.1586 ] ] } },
{ "type": "Feature", "properties": { "Shape_Leng": 1.93508699943, "SS_ID": 55, "START_SS_I": 55, "END_SS_ID": 55, "START_Name": "Perachóra", "END_NameEN": "Perachóra", "START_Na_1": "Περαχώρα", "END_NameEL": "Περαχώρα", "START_Stri": 258, "END_Strike": 258, "START_Dip_": 348, "END_Dip_Di": 348, "START_Dip": 52, "END_Dip": 52, "START_Rake": 283, "END_Rake": 283, "START_Ra_1": -77, "END_Rake__": -77, "START_Kine": "N", "END_Kinema": "N", "START_Leng": 38, "END_Length": 38, "START_Widt": 19.0, "END_Width_": 19.0, "START_Min_": 0, "END_Min_De": 0, "START_Max_": 15.0, "END_Max_De": 15.0, "START_Rupt": 722.0, "END_Ruptur": 722.0, "START_Aver": 1.07, "END_Averag": 1.07, "START_Mw__": 6.8, "END_Mw__W_": 6.8, "START_Mw_1": 6.8, "END_Mw__K_": 6.8, "START_M0__": 2.31e+19, "END_M0__Nm": 2.31e+19, "START_SR_m": 2.3, "END_SR_min": 2.3, "START_SR_1": 2.3, "END_SR_max": 2.3, "START_SR_a": null, "END_SR_avg": null, "START_SR_R": "Morewood & Roberts (1999)", "END_SR_Ref": "Morewood & Roberts (1999)", "START_SR_C": null, "END_SR_Com": null }, "geometry": { "type": "LineString", "coordinates": [ [ 23.2785, 38.0875 ], [ 22.854, 38.0165 ], [ 23.2785, 38.0875 ], [ 22.854, 38.0165 ], [ 22.826, 38.1194 ], [ 23.2508, 38.1904 ], [ 23.2785, 38.0875 ] ] } },
{ "type": "Feature", "properties": { "Shape_Leng": 2.1049427838099999, "SS_ID": 56, "START_SS_I": 56, "END_SS_ID": 56, "START_Name": "Dervéni", "END_NameEN": "Dervéni", "START_Na_1": "Δερβένι", "END_NameEL": "Δερβένι", "START_Stri": 275, "END_Strike": 275, "START_Dip_": 5, "END_Dip_Di": 5, "START_Dip": 45, "END_Dip": 45, "START_Rake": 275, "END_Rake": 275, "START_Ra_1": -85, "END_Rake__": -85, "START_Kine": "N", "END_Kinema": "N", "START_Leng": 40, "END_Length": 40, "START_Widt": 20.0, "END_Width_": 20.0, "START_Min_": 0, "END_Min_De": 0, "START_Max_": 14.1, "END_Max_De": 14.1, "START_Rupt": 810.0, "END_Ruptur": 810.0, "START_Aver": 1.13, "END_Averag": 1.13, "START_Mw__": 6.9, "END_Mw__W_": 6.9, "START_Mw_1": 6.9, "END_Mw__K_": 6.9, "START_M0__": 2.75e+19, "END_M0__Nm": 2.75e+19, "START_SR_m": 0.0, "END_SR_min": 0.0, "START_SR_1": 0.0, "END_SR_max": 0.0, "START_SR_a": null, "END_SR_avg": null, "START_SR_R": null, "END_SR_Ref": null, "START_SR_C": null, "END_SR_Com": null }, "geometry": { "type": "LineString", "coordinates": [ [ 22.7138, 38.1231 ], [ 22.2525, 38.1549 ], [ 22.7138, 38.1231 ], [ 22.2525, 38.1549 ], [ 22.2664, 38.2816 ], [ 22.7281, 38.2498 ], [ 22.7138, 38.1231 ] ] } },
{ "type": "Feature", "properties": { "Shape_Leng": 1.8210531911400001, "SS_ID": 57, "START_SS_I": 57, "END_SS_ID": 57, "START_Name": "Helike", "END_NameEN": "Helike", "START_Na_1": "Ελίκη", "END_NameEL": "Ελίκη", "START_Stri": 282, "END_Strike": 282, "START_Dip_": 12, "END_Dip_Di": 12, "START_Dip": 45, "END_Dip": 45, "START_Rake": 285, "END_Rake": 285, "START_Ra_1": -75, "END_Rake__": -75, "START_Kine": "N", "END_Kinema": "N", "START_Leng": 35, "END_Length": 35, "START_Widt": 18.0, "END_Width_": 18.0, "START_Min_": 0, "END_Min_De": 0, "START_Max_": 12.7, "END_Max_De": 12.7, "START_Rupt": 630.0, "END_Ruptur": 630.0, "START_Aver": 0.99, "END_Averag": 0.99, "START_Mw__": 6.8, "END_Mw__W_": 6.8, "START_Mw_1": 6.8, "END_Mw__K_": 6.8, "START_M0__": 1.87e+19, "END_M0__Nm": 1.87e+19, "START_SR_m": 1.4, "END_SR_min": 1.4, "START_SR_1": 1.4, "END_SR_max": 1.4, "START_SR_a": null, "END_SR_avg": null, "START_SR_R": "Koukouvelas et al. (2001)\nASPIDA project (2015)", "END_SR_Ref": "Koukouvelas et al. (2001)\nASPIDA project (2015)", "START_SR_C": null, "END_SR_Com": null }, "geometry": { "type": "LineString", "coordinates": [ [ 22.3636, 38.1628 ], [ 21.9718, 38.2282 ], [ 22.3636, 38.1628 ], [ 21.9718, 38.2282 ], [ 22.002, 38.3402 ], [ 22.394, 38.2747 ], [ 22.3636, 38.1628 ] ] } },
{ "type": "Feature", "properties": { "Shape_Leng": 1.30627883414, "SS_ID": 58, "START_SS_I": 58, "END_SS_ID": 58, "START_Name": "Egio", "END_NameEN": "Egio", "START_Na_1": "Αίγιο", "END_NameEL": "Αίγιο", "START_Stri": 280, "END_Strike": 280, "START_Dip_": 10, "END_Dip_Di": 10, "START_Dip": 33, "END_Dip": 33, "START_Rake": 284, "END_Rake": 284, "START_Ra_1": -76, "END_Rake__": -76, "START_Kine": "N", "END_Kinema": "N", "START_Leng": 24, "END_Length": 24, "START_Widt": 14.0, "END_Width_": 14.0, "START_Min_": 0, "END_Min_De": 0, "START_Max_": 7.6, "END_Max_De": 7.6, "START_Rupt": 336.0, "END_Ruptur": 336.0, "START_Aver": 0.71, "END_Averag": 0.71, "START_Mw__": 6.5, "END_Mw__W_": 6.5, "START_Mw_1": 6.5, "END_Mw__K_": 6.5, "START_M0__": 7.17e+18, "END_M0__Nm": 7.17e+18, "START_SR_m": 0.45, "END_SR_min": 0.45, "START_SR_1": 6.4, "END_SR_max": 6.4, "START_SR_a": null, "END_SR_avg": null, "START_SR_R": "Stefatos et al. (2002)\nASPIDA project (2015)", "END_SR_Ref": "Stefatos et al. (2002)\nASPIDA project (2015)", "START_SR_C": "Offshore: 0.45 (Stefatos et al., 2002)\nOnland: 6.40 (ASPIDA, 2015)", "END_SR_Com": "Offshore: 0.45 (Stefatos et al., 2002)\nOnland: 6.40 (ASPIDA, 2015)" }, "geometry": { "type": "LineString", "coordinates": [ [ 22.2541, 38.2312 ], [ 21.9834, 38.2686 ], [ 22.2541, 38.2312 ], [ 21.9834, 38.2686 ], [ 22.0067, 38.3726 ], [ 22.2775, 38.3351 ], [ 22.2541, 38.2312 ] ] } },
{ "type": "Feature", "properties": { "Shape_Leng": 1.25527460071, "SS_ID": 59, "START_SS_I": 59, "END_SS_ID": 59, "START_Name": "Kakiá Skála", "END_NameEN": "Kakiá Skála", "START_Na_1": "Κακιά Σκάλα", "END_NameEL": "Κακιά Σκάλα", "START_Stri": 96, "END_Strike": 96, "START_Dip_": 186, "END_Dip_Di": 186, "START_Dip": 50, "END_Dip": 50, "START_Rake": 260, "END_Rake": 260, "START_Ra_1": -100, "END_Rake__": -100, "START_Kine": "N", "END_Kinema": "N", "START_Leng": 24, "END_Length": 24, "START_Widt": 14.0, "END_Width_": 14.0, "START_Min_": 0, "END_Min_De": 0, "START_Max_": 10.7, "END_Max_De": 10.7, "START_Rupt": 336.0, "END_Ruptur": 336.0, "START_Aver": 0.71, "END_Averag": 0.71, "START_Mw__": 6.5, "END_Mw__W_": 6.5, "START_Mw_1": 6.5, "END_Mw__K_": 6.5, "START_M0__": 7.17e+18, "END_M0__Nm": 7.17e+18, "START_SR_m": 0.0, "END_SR_min": 0.0, "START_SR_1": 0.0, "END_SR_max": 0.0, "START_SR_a": null, "END_SR_avg": null, "START_SR_R": null, "END_SR_Ref": null, "START_SR_C": null, "END_SR_Com": null }, "geometry": { "type": "LineString", "coordinates": [ [ 23.1293, 37.9802 ], [ 23.4016, 37.9576 ], [ 23.1293, 37.9802 ], [ 23.4016, 37.9576 ], [ 23.3908, 37.8771 ], [ 23.1186, 37.8997 ], [ 23.1293, 37.9802 ] ] } },
{ "type": "Feature", "properties": { "Shape_Leng": 1.2467807789800001, "SS_ID": 60, "START_SS_I": 60, "END_SS_ID": 60, "START_Name": "Athíkia", "END_NameEN": "Athíkia", "START_Na_1": "Αθίκια", "END_NameEL": "Αθίκια", "START_Stri": 257, "END_Strike": 257, "START_Dip_": 347, "END_Dip_Di": 347, "START_Dip": 50, "END_Dip": 50, "START_Rake": 260, "END_Rake": 260, "START_Ra_1": -100, "END_Rake__": -100, "START_Kine": "N", "END_Kinema": "N", "START_Leng": 24, "END_Length": 24, "START_Widt": 14.0, "END_Width_": 14.0, "START_Min_": 0, "END_Min_De": 0, "START_Max_": 10.7, "END_Max_De": 10.7, "START_Rupt": 336.0, "END_Ruptur": 336.0, "START_Aver": 0.71, "END_Averag": 0.71, "START_Mw__": 6.5, "END_Mw__W_": 6.5, "START_Mw_1": 6.5, "END_Mw__K_": 6.5, "START_M0__": 7.16e+18, "END_M0__Nm": 7.16e+18, "START_SR_m": 0.0, "END_SR_min": 0.0, "START_SR_1": 0.0, "END_SR_max": 0.0, "START_SR_a": null, "END_SR_avg": null, "START_SR_R": null, "END_SR_Ref": null, "START_SR_C": null, "END_SR_Com": null }, "geometry": { "type": "LineString", "coordinates": [ [ 23.1029, 37.8438 ], [ 22.8367, 37.7952 ], [ 23.1029, 37.8438 ], [ 22.8367, 37.7952 ], [ 22.8136, 37.8741 ], [ 23.0799, 37.9226 ], [ 23.1029, 37.8438 ] ] } },
{ "type": "Feature", "properties": { "Shape_Leng": 2.11449524386, "SS_ID": 61, "START_SS_I": 61, "END_SS_ID": 61, "START_Name": "Andravida", "END_NameEN": "Andravida", "START_Na_1": "Ανδραβίδα", "END_NameEL": "Ανδραβίδα", "START_Stri": 210, "END_Strike": 210, "START_Dip_": 300, "END_Dip_Di": 300, "START_Dip": 85, "END_Dip": 85, "START_Rake": 175, "END_Rake": 175, "START_Ra_1": 175, "END_Rake__": 175, "START_Kine": "D", "END_Kinema": "D", "START_Leng": 54, "END_Length": 54, "START_Widt": 13.0, "END_Width_": 13.0, "START_Min_": 7, "END_Min_De": 7, "START_Max_": 20.0, "END_Max_De": 20.0, "START_Rupt": 702.0, "END_Ruptur": 702.0, "START_Aver": 1.25, "END_Averag": 1.25, "START_Mw__": 6.9, "END_Mw__W_": 6.9, "START_Mw_1": 6.9, "END_Mw__K_": 6.9, "START_M0__": 2.63e+19, "END_M0__Nm": 2.63e+19, "START_SR_m": 4.0, "END_SR_min": 4.0, "START_SR_1": 4.0, "END_SR_max": 4.0, "START_SR_a": null, "END_SR_avg": null, "START_SR_R": "Ganas et al. (2009)", "END_SR_Ref": "Ganas et al. (2009)", "START_SR_C": null, "END_SR_Com": null }, "geometry": { "type": "LineString", "coordinates": [ [ 21.6318, 38.1184 ], [ 21.324, 37.6979 ], [ 21.6257, 38.1212 ], [ 21.3179, 37.7006 ], [ 21.3068, 37.7057 ], [ 21.6145, 38.1263 ], [ 21.6318, 38.1184 ] ] } },
{ "type": "Feature", "properties": { "Shape_Leng": 2.26361157344, "SS_ID": 62, "START_SS_I": 62, "END_SS_ID": 62, "START_Name": "Sparta", "END_NameEN": "Sparta", "START_Na_1": "Σπάρτη", "END_NameEL": "Σπάρτη", "START_Stri": 332, "END_Strike": 332, "START_Dip_": 62, "END_Dip_Di": 62, "START_Dip": 60, "END_Dip": 60, "START_Rake": 250, "END_Rake": 250, "START_Ra_1": -110, "END_Rake__": -110, "START_Kine": "ND", "END_Kinema": "ND", "START_Leng": 52, "END_Length": 52, "START_Widt": 24.0, "END_Width_": 24.0, "START_Min_": 0, "END_Min_De": 0, "START_Max_": 20.8, "END_Max_De": 20.8, "START_Rupt": 1260.0, "END_Ruptur": 1260.0, "START_Aver": 1.43, "END_Averag": 1.43, "START_Mw__": 7.1, "END_Mw__W_": 7.1, "START_Mw_1": 7.1, "END_Mw__K_": 7.1, "START_M0__": 5.41e+19, "END_M0__Nm": 5.41e+19, "START_SR_m": 0.5, "END_SR_min": 0.5, "START_SR_1": 2.0, "END_SR_max": 2.0, "START_SR_a": null, "END_SR_avg": null, "START_SR_R": "Benedetti et al. (2002)\nPapanikolaou et al. (2013)\nÇal et al. (2024)\nGoodfellow et al. (2024)", "END_SR_Ref": "Benedetti et al. (2002)\nPapanikolaou et al. (2013)\nÇal et al. (2024)\nGoodfellow et al. (2024)", "START_SR_C": "Benedetti et al. (2002): 0.5-2.0 mm/yr from 36Cl dating of fault scarp\nPapanikolaou et al. (2013): ~0.8 mm/yr  from post-glacial throw\nÇal et al. (2024): 0.5 mm/yr thorw rate from topographic offset\nGoodfellow et al. (2024): 1.1-1.2 mm/yr (most recent t", "END_SR_Com": "Benedetti et al. (2002): 0.5-2.0 mm/yr from 36Cl dating of fault scarp\nPapanikolaou et al. (2013): ~0.8 mm/yr  from post-glacial throw\nÇal et al. (2024): 0.5 mm/yr thorw rate from topographic offset\nGoodfellow et al. (2024): 1.1-1.2 mm/yr (most recent t" }, "geometry": { "type": "LineString", "coordinates": [ [ 22.4749, 36.9117 ], [ 22.1969, 37.3285 ], [ 22.4749, 36.9117 ], [ 22.1969, 37.3285 ], [ 22.3166, 37.3792 ], [ 22.5943, 36.9623 ], [ 22.4749, 36.9117 ] ] } },
{ "type": "Feature", "properties": { "Shape_Leng": 1.2297243496800001, "SS_ID": 63, "START_SS_I": 63, "END_SS_ID": 63, "START_Name": "Kalamáta", "END_NameEN": "Kalamáta", "START_Na_1": "Καλαμάτα", "END_NameEL": "Καλαμάτα", "START_Stri": 197, "END_Strike": 197, "START_Dip_": 287, "END_Dip_Di": 287, "START_Dip": 45, "END_Dip": 45, "START_Rake": 283, "END_Rake": 283, "START_Ra_1": -77, "END_Rake__": -77, "START_Kine": "N", "END_Kinema": "N", "START_Leng": 27, "END_Length": 27, "START_Widt": 15.0, "END_Width_": 15.0, "START_Min_": 0, "END_Min_De": 0, "START_Max_": 10.6, "END_Max_De": 10.6, "START_Rupt": 405.0, "END_Ruptur": 405.0, "START_Aver": 0.78, "END_Averag": 0.78, "START_Mw__": 6.6, "END_Mw__W_": 6.6, "START_Mw_1": 6.6, "END_Mw__K_": 6.6, "START_M0__": 9.54e+18, "END_M0__Nm": 9.54e+18, "START_SR_m": 0.0, "END_SR_min": 0.0, "START_SR_1": 0.0, "END_SR_max": 0.0, "START_SR_a": null, "END_SR_avg": null, "START_SR_R": null, "END_SR_Ref": null, "START_SR_C": null, "END_SR_Com": null }, "geometry": { "type": "LineString", "coordinates": [ [ 22.2038, 37.142 ], [ 22.1149, 36.9098 ], [ 22.2038, 37.142 ], [ 22.1149, 36.9098 ], [ 22.0007, 36.9377 ], [ 22.0895, 37.1699 ], [ 22.2038, 37.142 ] ] } },
{ "type": "Feature", "properties": { "Shape_Leng": 1.10038954154, "SS_ID": 64, "START_SS_I": 64, "END_SS_ID": 64, "START_Name": "Pídima", "END_NameEN": "Pídima", "START_Na_1": "Πήδημα", "END_NameEL": "Πήδημα", "START_Stri": 165, "END_Strike": 165, "START_Dip_": 255, "END_Dip_Di": 255, "START_Dip": 45, "END_Dip": 45, "START_Rake": 270, "END_Rake": 270, "START_Ra_1": -90, "END_Rake__": -90, "START_Kine": "N", "END_Kinema": "N", "START_Leng": 24, "END_Length": 24, "START_Widt": 14.0, "END_Width_": 14.0, "START_Min_": 0, "END_Min_De": 0, "START_Max_": 9.9, "END_Max_De": 9.9, "START_Rupt": 336.0, "END_Ruptur": 336.0, "START_Aver": 0.71, "END_Averag": 0.71, "START_Mw__": 6.5, "END_Mw__W_": 6.5, "START_Mw_1": 6.5, "END_Mw__K_": 6.5, "START_M0__": 7.17e+18, "END_M0__Nm": 7.17e+18, "START_SR_m": 0.0, "END_SR_min": 0.0, "START_SR_1": 0.0, "END_SR_max": 0.0, "START_SR_a": null, "END_SR_avg": null, "START_SR_R": null, "END_SR_Ref": null, "START_SR_C": null, "END_SR_Com": null }, "geometry": { "type": "LineString", "coordinates": [ [ 22.0065, 37.2894 ], [ 22.0766, 37.081 ], [ 22.0065, 37.2894 ], [ 22.0766, 37.081 ], [ 21.9687, 37.0579 ], [ 21.8985, 37.2664 ], [ 22.0065, 37.2894 ] ] } },
{ "type": "Feature", "properties": { "Shape_Leng": 4.58521422936, "SS_ID": 65, "START_SS_I": 65, "END_SS_ID": 65, "START_Name": "Ganos", "END_NameEN": "Ganos", "START_Na_1": "Γάνος", "END_NameEL": "Γάνος", "START_Stri": 245, "END_Strike": 245, "START_Dip_": 335, "END_Dip_Di": 335, "START_Dip": 85, "END_Dip": 85, "START_Rake": 200, "END_Rake": 200, "START_Ra_1": -160, "END_Rake__": -160, "START_Kine": "DN", "END_Kinema": "DN", "START_Leng": 100, "END_Length": 100, "START_Widt": 18.0, "END_Width_": 18.0, "START_Min_": 0, "END_Min_De": 0, "START_Max_": 17.9, "END_Max_De": 17.9, "START_Rupt": 1800.0, "END_Ruptur": 1800.0, "START_Aver": 1.76, "END_Averag": 1.76, "START_Mw__": 7.3, "END_Mw__W_": 7.3, "START_Mw_1": 7.3, "END_Mw__K_": 7.3, "START_M0__": 9.5e+19, "END_M0__Nm": 9.5e+19, "START_SR_m": 10.2, "END_SR_min": 10.2, "START_SR_1": 19.0, "END_SR_max": 19.0, "START_SR_a": null, "END_SR_avg": null, "START_SR_R": "Murru et al. (2016)", "END_SR_Ref": "Murru et al. (2016)", "START_SR_C": "Difference between the onland Ganos and offshore Saros Gulf segments", "END_SR_Com": "Difference between the onland Ganos and offshore Saros Gulf segments" }, "geometry": { "type": "LineString", "coordinates": [ [ 27.4115, 40.7884 ], [ 26.338, 40.4084 ], [ 27.4115, 40.7884 ], [ 26.338, 40.4084 ], [ 26.3301, 40.4212 ], [ 27.4037, 40.8012 ], [ 27.4115, 40.7884 ] ] } },
{ "type": "Feature", "properties": { "Shape_Leng": 5.6717577289500003, "SS_ID": 66, "START_SS_I": 66, "END_SS_ID": 66, "START_Name": "North Aegean Trough", "END_NameEN": "North Aegean Trough", "START_Na_1": "Τάφρος Β. Αιγαίου", "END_NameEL": "Τάφρος Β. Αιγαίου", "START_Stri": 72, "END_Strike": 72, "START_Dip_": 162, "END_Dip_Di": 162, "START_Dip": 85, "END_Dip": 85, "START_Rake": 193, "END_Rake": 193, "START_Ra_1": -167, "END_Rake__": -167, "START_Kine": "D", "END_Kinema": "D", "START_Leng": 122, "END_Length": 122, "START_Widt": 18.5, "END_Width_": 18.5, "START_Min_": 0, "END_Min_De": 0, "START_Max_": 18.4, "END_Max_De": 18.4, "START_Rupt": 2257.0, "END_Ruptur": 2257.0, "START_Aver": 2.05, "END_Averag": 2.05, "START_Mw__": 7.4, "END_Mw__W_": 7.4, "START_Mw_1": 7.4, "END_Mw__K_": 7.4, "START_M0__": 1.57e+20, "END_M0__Nm": 1.57e+20, "START_SR_m": 0.0, "END_SR_min": 0.0, "START_SR_1": 0.0, "END_SR_max": 0.0, "START_SR_a": null, "END_SR_avg": null, "START_SR_R": null, "END_SR_Ref": null, "START_SR_C": null, "END_SR_Com": null }, "geometry": { "type": "LineString", "coordinates": [ [ 24.9809, 40.1742 ], [ 26.35, 40.5133 ], [ 24.9809, 40.1742 ], [ 26.35, 40.5133 ], [ 26.3558, 40.4995 ], [ 24.9868, 40.1604 ], [ 24.9809, 40.1742 ] ] } },
{ "type": "Feature", "properties": { "Shape_Leng": 1.1533798079799999, "SS_ID": 67, "START_SS_I": 67, "END_SS_ID": 67, "START_Name": "Samothrace", "END_NameEN": "Samothrace", "START_Na_1": "Σαμοθράκη", "END_NameEL": "Σαμοθράκη", "START_Stri": 286, "END_Strike": 286, "START_Dip_": 16, "END_Dip_Di": 16, "START_Dip": 60, "END_Dip": 60, "START_Rake": 250, "END_Rake": 250, "START_Ra_1": -110, "END_Rake__": -110, "START_Kine": "ND", "END_Kinema": "ND", "START_Leng": 22, "END_Length": 22, "START_Widt": 14.0, "END_Width_": 14.0, "START_Min_": 0, "END_Min_De": 0, "START_Max_": 12.1, "END_Max_De": 12.1, "START_Rupt": 308.0, "END_Ruptur": 308.0, "START_Aver": 0.68, "END_Averag": 0.68, "START_Mw__": 6.5, "END_Mw__W_": 6.5, "START_Mw_1": 6.5, "END_Mw__K_": 6.5, "START_M0__": 6.27e+18, "END_M0__Nm": 6.27e+18, "START_SR_m": 0.0, "END_SR_min": 0.0, "START_SR_1": 0.0, "END_SR_max": 0.0, "START_SR_a": null, "END_SR_avg": null, "START_SR_R": null, "END_SR_Ref": null, "START_SR_C": null, "END_SR_Com": null }, "geometry": { "type": "LineString", "coordinates": [ [ 25.7066, 40.4722 ], [ 25.4565, 40.5267 ], [ 25.7066, 40.4722 ], [ 25.4565, 40.5267 ], [ 25.4792, 40.5872 ], [ 25.7295, 40.5327 ], [ 25.7066, 40.4722 ] ] } },
{ "type": "Feature", "properties": { "Shape_Leng": 6.0319930446600001, "SS_ID": 68, "START_SS_I": 68, "END_SS_ID": 68, "START_Name": "North Aegean Basin", "END_NameEN": "North Aegean Basin", "START_Na_1": "Λεκάνη Β. Αιγαίου", "END_NameEL": "Λεκάνη Β. Αιγαίου", "START_Stri": 223, "END_Strike": 223, "START_Dip_": 313, "END_Dip_Di": 313, "START_Dip": 79, "END_Dip": 79, "START_Rake": 180, "END_Rake": 180, "START_Ra_1": 180, "END_Rake__": 180, "START_Kine": "D", "END_Kinema": "D", "START_Leng": 144, "END_Length": 144, "START_Widt": 20.0, "END_Width_": 20.0, "START_Min_": 0, "END_Min_De": 0, "START_Max_": 19.6, "END_Max_De": 19.6, "START_Rupt": 2880.0, "END_Ruptur": 2880.0, "START_Aver": 2.64, "END_Averag": 2.64, "START_Mw__": 7.5, "END_Mw__W_": 7.5, "START_Mw_1": 7.5, "END_Mw__K_": 7.5, "START_M0__": 2.28e+20, "END_M0__Nm": 2.28e+20, "START_SR_m": 0.0, "END_SR_min": 0.0, "START_SR_1": 0.0, "END_SR_max": 0.0, "START_SR_a": null, "END_SR_avg": null, "START_SR_R": null, "END_SR_Ref": null, "START_SR_C": null, "END_SR_Com": null }, "geometry": { "type": "LineString", "coordinates": [ [ 24.9032, 40.1483 ], [ 23.7557, 39.2011 ], [ 24.9032, 40.1483 ], [ 23.7557, 39.2011 ], [ 23.7231, 39.2245 ], [ 24.8705, 40.1717 ], [ 24.9032, 40.1483 ] ] } },
{ "type": "Feature", "properties": { "Shape_Leng": 2.2087168105699999, "SS_ID": 69, "START_SS_I": 69, "END_SS_ID": 69, "START_Name": "Athos", "END_NameEN": "Athos", "START_Na_1": "Άθως", "END_NameEL": "Άθως", "START_Stri": 54, "END_Strike": 54, "START_Dip_": 144, "END_Dip_Di": 144, "START_Dip": 77, "END_Dip": 77, "START_Rake": 205, "END_Rake": 205, "START_Ra_1": -155, "END_Rake__": -155, "START_Kine": "DN", "END_Kinema": "DN", "START_Leng": 50, "END_Length": 50, "START_Widt": 12.5, "END_Width_": 12.5, "START_Min_": 0, "END_Min_De": 0, "START_Max_": 12.2, "END_Max_De": 12.2, "START_Rupt": 618.7, "END_Ruptur": 618.7, "START_Aver": 1.17, "END_Averag": 1.17, "START_Mw__": 6.8, "END_Mw__W_": 6.8, "START_Mw_1": 6.8, "END_Mw__K_": 6.8, "START_M0__": 2.17e+19, "END_M0__Nm": 2.17e+19, "START_SR_m": 0.0, "END_SR_min": 0.0, "START_SR_1": 0.0, "END_SR_max": 0.0, "START_SR_a": null, "END_SR_avg": null, "START_SR_R": null, "END_SR_Ref": null, "START_SR_C": null, "END_SR_Com": null }, "geometry": { "type": "LineString", "coordinates": [ [ 23.9659, 39.8832 ], [ 24.4361, 40.1448 ], [ 23.9659, 39.8832 ], [ 24.4361, 40.1448 ], [ 24.4555, 40.1244 ], [ 23.9853, 39.8627 ], [ 23.9659, 39.8832 ] ] } },
{ "type": "Feature", "properties": { "Shape_Leng": 2.54637739006, "SS_ID": 70, "START_SS_I": 70, "END_SS_ID": 70, "START_Name": "Kassándra", "END_NameEN": "Kassándra", "START_Na_1": "Κασσάνδρα", "END_NameEL": "Κασσάνδρα", "START_Stri": 102, "END_Strike": 102, "START_Dip_": 192, "END_Dip_Di": 192, "START_Dip": 50, "END_Dip": 50, "START_Rake": 270, "END_Rake": 270, "START_Ra_1": -90, "END_Rake__": -90, "START_Kine": "N", "END_Kinema": "N", "START_Leng": 49, "END_Length": 49, "START_Widt": 23.0, "END_Width_": 23.0, "START_Min_": 0, "END_Min_De": 0, "START_Max_": 17.6, "END_Max_De": 17.6, "START_Rupt": 1127.0, "END_Ruptur": 1127.0, "START_Aver": 1.35, "END_Averag": 1.35, "START_Mw__": 7.0, "END_Mw__W_": 7.0, "START_Mw_1": 7.0, "END_Mw__K_": 7.0, "START_M0__": 4.57e+19, "END_M0__Nm": 4.57e+19, "START_SR_m": 0.0, "END_SR_min": 0.0, "START_SR_1": 0.0, "END_SR_max": 0.0, "START_SR_a": null, "END_SR_avg": null, "START_SR_R": null, "END_SR_Ref": null, "START_SR_C": null, "END_SR_Com": null }, "geometry": { "type": "LineString", "coordinates": [ [ 23.3688, 39.9464 ], [ 23.9306, 39.8548 ], [ 23.3688, 39.9464 ], [ 23.9306, 39.8548 ], [ 23.8944, 39.7247 ], [ 23.333, 39.8164 ], [ 23.3688, 39.9464 ] ] } },
{ "type": "Feature", "properties": { "Shape_Leng": 2.0951174841700002, "SS_ID": 71, "START_SS_I": 71, "END_SS_ID": 71, "START_Name": "North Sporades A", "END_NameEN": "North Sporades A", "START_Na_1": "Βόρειες Σποράδες Α", "END_NameEL": "Βόρειες Σποράδες Α", "START_Stri": 272, "END_Strike": 272, "START_Dip_": 2, "END_Dip_Di": 2, "START_Dip": 50, "END_Dip": 50, "START_Rake": 270, "END_Rake": 270, "START_Ra_1": -90, "END_Rake__": -90, "START_Kine": "N", "END_Kinema": "N", "START_Leng": 40, "END_Length": 40, "START_Widt": 20.0, "END_Width_": 20.0, "START_Min_": 0, "END_Min_De": 0, "START_Max_": 15.3, "END_Max_De": 15.3, "START_Rupt": 800.0, "END_Ruptur": 800.0, "START_Aver": 1.13, "END_Averag": 1.13, "START_Mw__": 6.9, "END_Mw__W_": 6.9, "START_Mw_1": 6.9, "END_Mw__K_": 6.9, "START_M0__": 2.7e+19, "END_M0__Nm": 2.7e+19, "START_SR_m": 0.0, "END_SR_min": 0.0, "START_SR_1": 0.0, "END_SR_max": 0.0, "START_SR_a": null, "END_SR_avg": null, "START_SR_R": null, "END_SR_Ref": null, "START_SR_C": null, "END_SR_Com": null }, "geometry": { "type": "LineString", "coordinates": [ [ 23.8443, 39.4506 ], [ 23.3786, 39.4632 ], [ 23.8443, 39.4506 ], [ 23.3786, 39.4632 ], [ 23.3837, 39.5787 ], [ 23.8497, 39.5662 ], [ 23.8443, 39.4506 ] ] } },
{ "type": "Feature", "properties": { "Shape_Leng": 2.1531980483100002, "SS_ID": 72, "START_SS_I": 72, "END_SS_ID": 72, "START_Name": "North Sporades B", "END_NameEN": "North Sporades B", "START_Na_1": "Βόρειες Σποράδες Β", "END_NameEL": "Βόρειες Σποράδες Β", "START_Stri": 301, "END_Strike": 301, "START_Dip_": 31, "END_Dip_Di": 31, "START_Dip": 50, "END_Dip": 50, "START_Rake": 300, "END_Rake": 300, "START_Ra_1": -60, "END_Rake__": -60, "START_Kine": "NS", "END_Kinema": "NS", "START_Leng": 43, "END_Length": 43, "START_Widt": 21.0, "END_Width_": 21.0, "START_Min_": 0, "END_Min_De": 0, "START_Max_": 16.1, "END_Max_De": 16.1, "START_Rupt": 903.0, "END_Ruptur": 903.0, "START_Aver": 1.2, "END_Averag": 1.2, "START_Mw__": 6.9, "END_Mw__W_": 6.9, "START_Mw_1": 6.9, "END_Mw__K_": 6.9, "START_M0__": 3.25e+19, "END_M0__Nm": 3.25e+19, "START_SR_m": 0.0, "END_SR_min": 0.0, "START_SR_1": 0.0, "END_SR_max": 0.0, "START_SR_a": null, "END_SR_avg": null, "START_SR_R": null, "END_SR_Ref": null, "START_SR_C": null, "END_SR_Com": null }, "geometry": { "type": "LineString", "coordinates": [ [ 23.7481, 39.1962 ], [ 23.3198, 39.3954 ], [ 23.7481, 39.1962 ], [ 23.3198, 39.3954 ], [ 23.4005, 39.4994 ], [ 23.8291, 39.3003 ], [ 23.7481, 39.1962 ] ] } },
{ "type": "Feature", "properties": { "Shape_Leng": 2.2460674113599999, "SS_ID": 73, "START_SS_I": 73, "END_SS_ID": 73, "START_Name": "Agios Efstratios", "END_NameEN": "Agios Efstratios", "START_Na_1": "Άγιος Ευστράτιος", "END_NameEL": "Άγιος Ευστράτιος", "START_Stri": 220, "END_Strike": 220, "START_Dip_": 310, "END_Dip_Di": 310, "START_Dip": 80, "END_Dip": 80, "START_Rake": 180, "END_Rake": 180, "START_Ra_1": 180, "END_Rake__": 180, "START_Kine": "D", "END_Kinema": "D", "START_Leng": 54, "END_Length": 54, "START_Widt": 13.0, "END_Width_": 13.0, "START_Min_": 0, "END_Min_De": 0, "START_Max_": 12.8, "END_Max_De": 12.8, "START_Rupt": 702.0, "END_Ruptur": 702.0, "START_Aver": 1.25, "END_Averag": 1.25, "START_Mw__": 6.9, "END_Mw__W_": 6.9, "START_Mw_1": 6.9, "END_Mw__K_": 6.9, "START_M0__": 2.63e+19, "END_M0__Nm": 2.63e+19, "START_SR_m": 0.0, "END_SR_min": 0.0, "START_SR_1": 0.0, "END_SR_max": 0.0, "START_SR_a": null, "END_SR_avg": null, "START_SR_R": null, "END_SR_Ref": null, "START_SR_C": null, "END_SR_Com": null }, "geometry": { "type": "LineString", "coordinates": [ [ 25.1937, 39.6598 ], [ 24.7893, 39.2878 ], [ 25.1937, 39.6598 ], [ 24.7893, 39.2878 ], [ 24.7691, 39.3008 ], [ 25.1735, 39.6729 ], [ 25.1937, 39.6598 ] ] } },
{ "type": "Feature", "properties": { "Shape_Leng": 2.6369041365300001, "SS_ID": 74, "START_SS_I": 74, "END_SS_ID": 74, "START_Name": "Central Aegean Trough A", "END_NameEN": "Central Aegean Trough A", "START_Na_1": "Τάφρος Κεντρικού Αιγαίου Α", "END_NameEL": "Τάφρος Κεντρικού Αιγαίου Α", "START_Stri": 237, "END_Strike": 237, "START_Dip_": 327, "END_Dip_Di": 327, "START_Dip": 87, "END_Dip": 87, "START_Rake": 193, "END_Rake": 193, "START_Ra_1": -167, "END_Rake__": -167, "START_Kine": "D", "END_Kinema": "D", "START_Leng": 60, "END_Length": 60, "START_Widt": 13.5, "END_Width_": 13.5, "START_Min_": 0, "END_Min_De": 0, "START_Max_": 13.5, "END_Max_De": 13.5, "START_Rupt": 810.0, "END_Ruptur": 810.0, "START_Aver": 1.35, "END_Averag": 1.35, "START_Mw__": 6.9, "END_Mw__W_": 6.9, "START_Mw_1": 6.9, "END_Mw__K_": 6.9, "START_M0__": 3.28e+19, "END_M0__Nm": 3.28e+19, "START_SR_m": 0.0, "END_SR_min": 0.0, "START_SR_1": 0.0, "END_SR_max": 0.0, "START_SR_a": null, "END_SR_avg": null, "START_SR_R": null, "END_SR_Ref": null, "START_SR_C": null, "END_SR_Com": null }, "geometry": { "type": "LineString", "coordinates": [ [ 25.9926, 39.6085 ], [ 25.4064, 39.3146 ], [ 25.9926, 39.6085 ], [ 25.4064, 39.3146 ], [ 25.4019, 39.3199 ], [ 25.9881, 39.6138 ], [ 25.9926, 39.6085 ] ] } },
{ "type": "Feature", "properties": { "Shape_Leng": 2.7864596102000001, "SS_ID": 75, "START_SS_I": 75, "END_SS_ID": 75, "START_Name": "Central Aegean Trough B", "END_NameEN": "Central Aegean Trough B", "START_Na_1": "Τάφρος Κεντρικού Αιγαίου Β", "END_NameEL": "Τάφρος Κεντρικού Αιγαίου Β", "START_Stri": 227, "END_Strike": 227, "START_Dip_": 317, "END_Dip_Di": 317, "START_Dip": 77, "END_Dip": 77, "START_Rake": 193, "END_Rake": 193, "START_Ra_1": -167, "END_Rake__": -167, "START_Kine": "D", "END_Kinema": "D", "START_Leng": 65, "END_Length": 65, "START_Widt": 14.0, "END_Width_": 14.0, "START_Min_": 0, "END_Min_De": 0, "START_Max_": 13.6, "END_Max_De": 13.6, "START_Rupt": 910.0, "END_Ruptur": 910.0, "START_Aver": 1.43, "END_Averag": 1.43, "START_Mw__": 7.0, "END_Mw__W_": 7.0, "START_Mw_1": 7.0, "END_Mw__K_": 7.0, "START_M0__": 3.9e+19, "END_M0__Nm": 3.9e+19, "START_SR_m": 0.0, "END_SR_min": 0.0, "START_SR_1": 0.0, "END_SR_max": 0.0, "START_SR_a": null, "END_SR_avg": null, "START_SR_R": null, "END_SR_Ref": null, "START_SR_C": null, "END_SR_Com": null }, "geometry": { "type": "LineString", "coordinates": [ [ 25.4133, 39.3729 ], [ 24.8619, 38.9743 ], [ 25.4133, 39.3729 ], [ 24.8619, 38.9743 ], [ 24.8369, 38.995 ], [ 25.3884, 39.3936 ], [ 25.4133, 39.3729 ] ] } },
{ "type": "Feature", "properties": { "Shape_Leng": 2.5074389522699998, "SS_ID": 76, "START_SS_I": 76, "END_SS_ID": 76, "START_Name": "Skyros Basin A", "END_NameEN": "Skyros Basin A", "START_Na_1": "Λεκάνη Σκύρου Α", "END_NameEL": "Λεκάνη Σκύρου Α", "START_Stri": 83, "END_Strike": 83, "START_Dip_": 173, "END_Dip_Di": 173, "START_Dip": 55, "END_Dip": 55, "START_Rake": 260, "END_Rake": 260, "START_Ra_1": -100, "END_Rake__": -100, "START_Kine": "N", "END_Kinema": "N", "START_Leng": 49, "END_Length": 49, "START_Widt": 23.0, "END_Width_": 23.0, "START_Min_": 0, "END_Min_De": 0, "START_Max_": 18.8, "END_Max_De": 18.8, "START_Rupt": 1127.0, "END_Ruptur": 1127.0, "START_Aver": 1.35, "END_Averag": 1.35, "START_Mw__": 7.0, "END_Mw__W_": 7.0, "START_Mw_1": 7.0, "END_Mw__K_": 7.0, "START_M0__": 4.57e+19, "END_M0__Nm": 4.57e+19, "START_SR_m": 0.0, "END_SR_min": 0.0, "START_SR_1": 0.0, "END_SR_max": 0.0, "START_SR_a": null, "END_SR_avg": null, "START_SR_R": null, "END_SR_Ref": null, "START_SR_C": null, "END_SR_Com": null }, "geometry": { "type": "LineString", "coordinates": [ [ 24.5953, 39.2225 ], [ 25.1601, 39.2763 ], [ 24.5953, 39.2225 ], [ 25.1601, 39.2763 ], [ 25.1785, 39.1585 ], [ 24.6141, 39.1048 ], [ 24.5953, 39.2225 ] ] } },
{ "type": "Feature", "properties": { "Shape_Leng": 1.21039949689, "SS_ID": 77, "START_SS_I": 77, "END_SS_ID": 77, "START_Name": "Skyros Basin B", "END_NameEN": "Skyros Basin B", "START_Na_1": "Λεκάνη Σκύρου Β", "END_NameEL": "Λεκάνη Σκύρου Β", "START_Stri": 313, "END_Strike": 313, "START_Dip_": 43, "END_Dip_Di": 43, "START_Dip": 44, "END_Dip": 44, "START_Rake": 304, "END_Rake": 304, "START_Ra_1": -56, "END_Rake__": -56, "START_Kine": "NS", "END_Kinema": "NS", "START_Leng": 24, "END_Length": 24, "START_Widt": 14.0, "END_Width_": 14.0, "START_Min_": 0, "END_Min_De": 0, "START_Max_": 9.7, "END_Max_De": 9.7, "START_Rupt": 336.0, "END_Ruptur": 336.0, "START_Aver": 0.71, "END_Averag": 0.71, "START_Mw__": 6.5, "END_Mw__W_": 6.5, "START_Mw_1": 6.5, "END_Mw__K_": 6.5, "START_M0__": 7.17e+18, "END_M0__Nm": 7.17e+18, "START_SR_m": 0.0, "END_SR_min": 0.0, "START_SR_1": 0.0, "END_SR_max": 0.0, "START_SR_a": null, "END_SR_avg": null, "START_SR_R": null, "END_SR_Ref": null, "START_SR_C": null, "END_SR_Com": null }, "geometry": { "type": "LineString", "coordinates": [ [ 24.7422, 38.9508 ], [ 24.5391, 39.098 ], [ 24.7422, 38.9508 ], [ 24.5391, 39.098 ], [ 24.6186, 39.1642 ], [ 24.8218, 39.017 ], [ 24.7422, 38.9508 ] ] } },
{ "type": "Feature", "properties": { "Shape_Leng": 1.2998989937200001, "SS_ID": 78, "START_SS_I": 78, "END_SS_ID": 78, "START_Name": "Skyros Basin C", "END_NameEN": "Skyros Basin C", "START_Na_1": "Λεκάνη Σκύρου Γ", "END_NameEL": "Λεκάνη Σκύρου Γ", "START_Stri": 227, "END_Strike": 227, "START_Dip_": 317, "END_Dip_Di": 317, "START_Dip": 77, "END_Dip": 77, "START_Rake": 193, "END_Rake": 193, "START_Ra_1": -167, "END_Rake__": -167, "START_Kine": "D", "END_Kinema": "D", "START_Leng": 30, "END_Length": 30, "START_Widt": 10.0, "END_Width_": 10.0, "START_Min_": 0, "END_Min_De": 0, "START_Max_": 9.7, "END_Max_De": 9.7, "START_Rupt": 300.0, "END_Ruptur": 300.0, "START_Aver": 0.8, "END_Averag": 0.8, "START_Mw__": 6.5, "END_Mw__W_": 6.5, "START_Mw_1": 6.5, "END_Mw__K_": 6.5, "START_M0__": 7.16e+18, "END_M0__Nm": 7.16e+18, "START_SR_m": 0.0, "END_SR_min": 0.0, "START_SR_1": 0.0, "END_SR_max": 0.0, "START_SR_a": null, "END_SR_avg": null, "START_SR_R": null, "END_SR_Ref": null, "START_SR_C": null, "END_SR_Com": null }, "geometry": { "type": "LineString", "coordinates": [ [ 25.0721, 39.0406 ], [ 24.8184, 38.8566 ], [ 25.0721, 39.0406 ], [ 24.8184, 38.8566 ], [ 24.8006, 38.8714 ], [ 25.0543, 39.0554 ], [ 25.0721, 39.0406 ] ] } },
{ "type": "Feature", "properties": { "Shape_Leng": 1.6514068531699999, "SS_ID": 79, "START_SS_I": 79, "END_SS_ID": 79, "START_Name": "Skyros", "END_NameEN": "Skyros", "START_Na_1": "Σκύρος", "END_NameEL": "Σκύρος", "START_Stri": 132, "END_Strike": 132, "START_Dip_": 222, "END_Dip_Di": 222, "START_Dip": 80, "END_Dip": 80, "START_Rake": 10, "END_Rake": 10, "START_Ra_1": 10, "END_Rake__": 10, "START_Kine": "S", "END_Kinema": "S", "START_Leng": 38, "END_Length": 38, "START_Widt": 11.0, "END_Width_": 11.0, "START_Min_": 8, "END_Min_De": 8, "START_Max_": 18.8, "END_Max_De": 18.8, "START_Rupt": 417.3, "END_Ruptur": 417.3, "START_Aver": 0.94, "END_Averag": 0.94, "START_Mw__": 6.7, "END_Mw__W_": 6.7, "START_Mw_1": 6.7, "END_Mw__K_": 6.7, "START_M0__": 1.18e+19, "END_M0__Nm": 1.18e+19, "START_SR_m": 0.0, "END_SR_min": 0.0, "START_SR_1": 0.0, "END_SR_max": 0.0, "START_SR_a": null, "END_SR_avg": null, "START_SR_R": null, "END_SR_Ref": null, "START_SR_C": null, "END_SR_Com": null }, "geometry": { "type": "LineString", "coordinates": [ [ 24.1568, 39.203 ], [ 24.4835, 38.9747 ], [ 24.1459, 39.1936 ], [ 24.4725, 38.9652 ], [ 24.4577, 38.9525 ], [ 24.1311, 39.1808 ], [ 24.1568, 39.203 ] ] } },
{ "type": "Feature", "properties": { "Shape_Leng": 1.59899273531, "SS_ID": 80, "START_SS_I": 80, "END_SS_ID": 80, "START_Name": "Skópelos Basin", "END_NameEN": "Skópelos Basin", "START_Na_1": "Λεκάνη Σκοπέλου", "END_NameEL": "Λεκάνη Σκοπέλου", "START_Stri": 226, "END_Strike": 226, "START_Dip_": 316, "END_Dip_Di": 316, "START_Dip": 75, "END_Dip": 75, "START_Rake": 200, "END_Rake": 200, "START_Ra_1": -160, "END_Rake__": -160, "START_Kine": "DN", "END_Kinema": "DN", "START_Leng": 37, "END_Length": 37, "START_Widt": 11.0, "END_Width_": 11.0, "START_Min_": 0, "END_Min_De": 0, "START_Max_": 10.6, "END_Max_De": 10.6, "START_Rupt": 407.0, "END_Ruptur": 407.0, "START_Aver": 0.94, "END_Averag": 0.94, "START_Mw__": 6.6, "END_Mw__W_": 6.6, "START_Mw_1": 6.6, "END_Mw__K_": 6.6, "START_M0__": 1.14e+19, "END_M0__Nm": 1.14e+19, "START_SR_m": 0.0, "END_SR_min": 0.0, "START_SR_1": 0.0, "END_SR_max": 0.0, "START_SR_a": null, "END_SR_avg": null, "START_SR_R": null, "END_SR_Ref": null, "START_SR_C": null, "END_SR_Com": null }, "geometry": { "type": "LineString", "coordinates": [ [ 23.8152, 39.1111 ], [ 23.5072, 38.88 ], [ 23.8152, 39.1111 ], [ 23.5072, 38.88 ], [ 23.4843, 38.8984 ], [ 23.7923, 39.1295 ], [ 23.8152, 39.1111 ] ] } },
{ "type": "Feature", "properties": { "Shape_Leng": 1.7930547432699999, "SS_ID": 81, "START_SS_I": 81, "END_SS_ID": 81, "START_Name": "Agia Paraskeví", "END_NameEN": "Agia Paraskeví", "START_Na_1": "Αγία Παρασκευή", "END_NameEL": "Αγία Παρασκευή", "START_Stri": 214, "END_Strike": 214, "START_Dip_": 304, "END_Dip_Di": 304, "START_Dip": 87, "END_Dip": 87, "START_Rake": 190, "END_Rake": 190, "START_Ra_1": -170, "END_Rake__": -170, "START_Kine": "D", "END_Kinema": "D", "START_Leng": 45, "END_Length": 45, "START_Widt": 12.0, "END_Width_": 12.0, "START_Min_": 0, "END_Min_De": 0, "START_Max_": 12.0, "END_Max_De": 12.0, "START_Rupt": 540.0, "END_Ruptur": 540.0, "START_Aver": 1.09, "END_Averag": 1.09, "START_Mw__": 6.8, "END_Mw__W_": 6.8, "START_Mw_1": 6.8, "END_Mw__K_": 6.8, "START_M0__": 1.76e+19, "END_M0__Nm": 1.76e+19, "START_SR_m": 0.0, "END_SR_min": 0.0, "START_SR_1": 0.0, "END_SR_max": 0.0, "START_SR_a": null, "END_SR_avg": null, "START_SR_R": null, "END_SR_Ref": null, "START_SR_C": null, "END_SR_Com": null }, "geometry": { "type": "LineString", "coordinates": [ [ 26.3703, 39.3702 ], [ 26.0783, 39.0346 ], [ 26.3703, 39.3702 ], [ 26.0783, 39.0346 ], [ 26.0722, 39.0378 ], [ 26.3642, 39.3733 ], [ 26.3703, 39.3702 ] ] } },
{ "type": "Feature", "properties": { "Shape_Leng": 1.81106235517, "SS_ID": 82, "START_SS_I": 82, "END_SS_ID": 82, "START_Name": "Plomari", "END_NameEN": "Plomari", "START_Na_1": "Πλωμάρι", "END_NameEL": "Πλωμάρι", "START_Stri": 116, "END_Strike": 116, "START_Dip_": 206, "END_Dip_Di": 206, "START_Dip": 42, "END_Dip": 42, "START_Rake": 285, "END_Rake": 285, "START_Ra_1": -75, "END_Rake__": -75, "START_Kine": "N", "END_Kinema": "N", "START_Leng": 35, "END_Length": 35, "START_Widt": 18.0, "END_Width_": 18.0, "START_Min_": 0, "END_Min_De": 0, "START_Max_": 12.0, "END_Max_De": 12.0, "START_Rupt": 630.0, "END_Ruptur": 630.0, "START_Aver": 0.99, "END_Averag": 0.99, "START_Mw__": 6.8, "END_Mw__W_": 6.8, "START_Mw_1": 6.8, "END_Mw__K_": 6.8, "START_M0__": 1.87e+19, "END_M0__Nm": 1.87e+19, "START_SR_m": 0.0, "END_SR_min": 0.0, "START_SR_1": 0.0, "END_SR_max": 0.0, "START_SR_a": null, "END_SR_avg": null, "START_SR_R": null, "END_SR_Ref": null, "START_SR_C": null, "END_SR_Com": null }, "geometry": { "type": "LineString", "coordinates": [ [ 26.1504, 39.0114 ], [ 26.5141, 38.8734 ], [ 26.1504, 39.0114 ], [ 26.5141, 38.8734 ], [ 26.4463, 38.7653 ], [ 26.0827, 38.9033 ], [ 26.1504, 39.0114 ] ] } },
{ "type": "Feature", "properties": { "Shape_Leng": 2.09369106712, "SS_ID": 83, "START_SS_I": 83, "END_SS_ID": 83, "START_Name": "Ceramus", "END_NameEN": "Ceramus", "START_Na_1": "Κέραμος", "END_NameEL": "Κέραμος", "START_Stri": 264, "END_Strike": 264, "START_Dip_": 354, "END_Dip_Di": 354, "START_Dip": 50, "END_Dip": 50, "START_Rake": 260, "END_Rake": 260, "START_Ra_1": -100, "END_Rake__": -100, "START_Kine": "N", "END_Kinema": "N", "START_Leng": 40, "END_Length": 40, "START_Widt": 20.0, "END_Width_": 20.0, "START_Min_": 0, "END_Min_De": 0, "START_Max_": 15.3, "END_Max_De": 15.3, "START_Rupt": 810.0, "END_Ruptur": 810.0, "START_Aver": 1.13, "END_Averag": 1.13, "START_Mw__": 6.9, "END_Mw__W_": 6.9, "START_Mw_1": 6.9, "END_Mw__K_": 6.9, "START_M0__": 2.75e+19, "END_M0__Nm": 2.75e+19, "START_SR_m": 0.0, "END_SR_min": 0.0, "START_SR_1": 0.0, "END_SR_max": 0.0, "START_SR_a": null, "END_SR_avg": null, "START_SR_R": null, "END_SR_Ref": null, "START_SR_C": null, "END_SR_Com": null }, "geometry": { "type": "LineString", "coordinates": [ [ 26.2983, 38.6617 ], [ 25.8345, 38.6237 ], [ 26.2983, 38.6617 ], [ 25.8345, 38.6237 ], [ 25.8189, 38.7386 ], [ 26.283, 38.7767 ], [ 26.2983, 38.6617 ] ] } },
{ "type": "Feature", "properties": { "Shape_Leng": 1.9781304548400001, "SS_ID": 84, "START_SS_I": 84, "END_SS_ID": 84, "START_Name": "Psará", "END_NameEN": "Psará", "START_Na_1": "Ψαρά", "END_NameEL": "Ψαρά", "START_Stri": 238, "END_Strike": 238, "START_Dip_": 328, "END_Dip_Di": 328, "START_Dip": 85, "END_Dip": 85, "START_Rake": 193, "END_Rake": 193, "START_Ra_1": -167, "END_Rake__": -167, "START_Kine": "D", "END_Kinema": "D", "START_Leng": 45, "END_Length": 45, "START_Widt": 12.0, "END_Width_": 12.0, "START_Min_": 0, "END_Min_De": 0, "START_Max_": 12.0, "END_Max_De": 12.0, "START_Rupt": 540.0, "END_Ruptur": 540.0, "START_Aver": 1.09, "END_Averag": 1.09, "START_Mw__": 6.8, "END_Mw__W_": 6.8, "START_Mw_1": 6.8, "END_Mw__K_": 6.8, "START_M0__": 1.76e+19, "END_M0__Nm": 1.76e+19, "START_SR_m": 0.0, "END_SR_min": 0.0, "START_SR_1": 0.0, "END_SR_max": 0.0, "START_SR_a": null, "END_SR_avg": null, "START_SR_R": null, "END_SR_Ref": null, "START_SR_C": null, "END_SR_Com": null }, "geometry": { "type": "LineString", "coordinates": [ [ 25.823, 38.8308 ], [ 25.3831, 38.6163 ], [ 25.823, 38.8308 ], [ 25.3831, 38.6163 ], [ 25.3767, 38.6243 ], [ 25.8166, 38.8388 ], [ 25.823, 38.8308 ] ] } },
{ "type": "Feature", "properties": { "Shape_Leng": 1.7666855020100001, "SS_ID": 85, "START_SS_I": 85, "END_SS_ID": 85, "START_Name": "South Skyros", "END_NameEN": "South Skyros", "START_Na_1": "Νότια Σκύρος", "END_NameEL": "Νότια Σκύρος", "START_Stri": 233, "END_Strike": 233, "START_Dip_": 323, "END_Dip_Di": 323, "START_Dip": 75, "END_Dip": 75, "START_Rake": 195, "END_Rake": 195, "START_Ra_1": -165, "END_Rake__": -165, "START_Kine": "D", "END_Kinema": "D", "START_Leng": 40, "END_Length": 40, "START_Widt": 11.5, "END_Width_": 11.5, "START_Min_": 0, "END_Min_De": 0, "START_Max_": 11.1, "END_Max_De": 11.1, "START_Rupt": 460.0, "END_Ruptur": 460.0, "START_Aver": 1.0, "END_Averag": 1.0, "START_Mw__": 6.7, "END_Mw__W_": 6.7, "START_Mw_1": 6.7, "END_Mw__K_": 6.7, "START_M0__": 1.38e+19, "END_M0__Nm": 1.38e+19, "START_SR_m": 0.0, "END_SR_min": 0.0, "START_SR_1": 0.0, "END_SR_max": 0.0, "START_SR_a": null, "END_SR_avg": null, "START_SR_R": null, "END_SR_Ref": null, "START_SR_C": null, "END_SR_Com": null }, "geometry": { "type": "LineString", "coordinates": [ [ 24.8555, 38.762 ], [ 24.4876, 38.5456 ], [ 24.8555, 38.762 ], [ 24.4876, 38.5456 ], [ 24.467, 38.5669 ], [ 24.8349, 38.7834 ], [ 24.8555, 38.762 ] ] } },
{ "type": "Feature", "properties": { "Shape_Leng": 1.8197468933100001, "SS_ID": 86, "START_SS_I": 86, "END_SS_ID": 86, "START_Name": "Limiónas", "END_NameEN": "Limiónas", "START_Na_1": "Λιμνιώνας", "END_NameEL": "Λιμνιώνας", "START_Stri": 275, "END_Strike": 275, "START_Dip_": 5, "END_Dip_Di": 5, "START_Dip": 50, "END_Dip": 50, "START_Rake": 270, "END_Rake": 270, "START_Ra_1": -90, "END_Rake__": -90, "START_Kine": "N", "END_Kinema": "N", "START_Leng": 35, "END_Length": 35, "START_Widt": 18.0, "END_Width_": 18.0, "START_Min_": 0, "END_Min_De": 0, "START_Max_": 13.8, "END_Max_De": 13.8, "START_Rupt": 630.0, "END_Ruptur": 630.0, "START_Aver": 0.99, "END_Averag": 0.99, "START_Mw__": 6.8, "END_Mw__W_": 6.8, "START_Mw_1": 6.8, "END_Mw__K_": 6.8, "START_M0__": 1.87e+19, "END_M0__Nm": 1.87e+19, "START_SR_m": 0.0, "END_SR_min": 0.0, "START_SR_1": 0.0, "END_SR_max": 0.0, "START_SR_a": null, "END_SR_avg": null, "START_SR_R": null, "END_SR_Ref": null, "START_SR_C": null, "END_SR_Com": null }, "geometry": { "type": "LineString", "coordinates": [ [ 24.1783, 38.6839 ], [ 23.7765, 38.7114 ], [ 24.1783, 38.6839 ], [ 23.7765, 38.7114 ], [ 23.788, 38.815 ], [ 24.19, 38.7876 ], [ 24.1783, 38.6839 ] ] } },
{ "type": "Feature", "properties": { "Shape_Leng": 1.5329870326099999, "SS_ID": 87, "START_SS_I": 87, "END_SS_ID": 87, "START_Name": "Alaçatı", "END_NameEN": "Alaçatı", "START_Na_1": "Αλατσατί", "END_NameEL": "Αλατσατί", "START_Stri": 92, "END_Strike": 92, "START_Dip_": 182, "END_Dip_Di": 182, "START_Dip": 50, "END_Dip": 50, "START_Rake": 265, "END_Rake": 265, "START_Ra_1": -95, "END_Rake__": -95, "START_Kine": "N", "END_Kinema": "N", "START_Leng": 30, "END_Length": 30, "START_Widt": 16.0, "END_Width_": 16.0, "START_Min_": 0, "END_Min_De": 0, "START_Max_": 12.3, "END_Max_De": 12.3, "START_Rupt": 472.0, "END_Ruptur": 472.0, "START_Aver": 0.77, "END_Averag": 0.77, "START_Mw__": 6.7, "END_Mw__W_": 6.7, "START_Mw_1": 6.7, "END_Mw__K_": 6.7, "START_M0__": 1.2e+19, "END_M0__Nm": 1.2e+19, "START_SR_m": 0.0, "END_SR_min": 0.0, "START_SR_1": 0.0, "END_SR_max": 0.0, "START_SR_a": null, "END_SR_avg": null, "START_SR_R": null, "END_SR_Ref": null, "START_SR_C": null, "END_SR_Com": null }, "geometry": { "type": "LineString", "coordinates": [ [ 26.0414, 38.0891 ], [ 26.3783, 38.0799 ], [ 26.0414, 38.0891 ], [ 26.3783, 38.0799 ], [ 26.3741, 37.9874 ], [ 26.0374, 37.9967 ], [ 26.0414, 38.0891 ] ] } },
{ "type": "Feature", "properties": { "Shape_Leng": 2.05765381422, "SS_ID": 88, "START_SS_I": 88, "END_SS_ID": 88, "START_Name": "Venétiko", "END_NameEN": "Venétiko", "START_Na_1": "Βενέτικο", "END_NameEL": "Βενέτικο", "START_Stri": 132, "END_Strike": 132, "START_Dip_": 222, "END_Dip_Di": 222, "START_Dip": 55, "END_Dip": 55, "START_Rake": 300, "END_Rake": 300, "START_Ra_1": -60, "END_Rake__": -60, "START_Kine": "NS", "END_Kinema": "NS", "START_Leng": 44, "END_Length": 44, "START_Widt": 21.0, "END_Width_": 21.0, "START_Min_": 0, "END_Min_De": 0, "START_Max_": 17.2, "END_Max_De": 17.2, "START_Rupt": 913.5, "END_Ruptur": 913.5, "START_Aver": 1.16, "END_Averag": 1.16, "START_Mw__": 6.9, "END_Mw__W_": 6.9, "START_Mw_1": 7.0, "END_Mw__K_": 7.0, "START_M0__": 3.5e+19, "END_M0__Nm": 3.5e+19, "START_SR_m": 0.0, "END_SR_min": 0.0, "START_SR_1": 0.0, "END_SR_max": 0.0, "START_SR_a": null, "END_SR_avg": null, "START_SR_R": null, "END_SR_Ref": null, "START_SR_C": null, "END_SR_Com": null }, "geometry": { "type": "LineString", "coordinates": [ [ 25.667, 38.3414 ], [ 26.037, 38.0796 ], [ 25.667, 38.3414 ], [ 26.037, 38.0796 ], [ 25.9448, 37.9991 ], [ 25.5749, 38.2609 ], [ 25.667, 38.3414 ] ] } },
{ "type": "Feature", "properties": { "Shape_Leng": 2.6161219502400002, "SS_ID": 89, "START_SS_I": 89, "END_SS_ID": 89, "START_Name": "Cape Kafiréas", "END_NameEN": "Cape Kafiréas", "START_Na_1": "Ακ. Καφηρέας", "END_NameEL": "Ακ. Καφηρέας", "START_Stri": 36, "END_Strike": 36, "START_Dip_": 126, "END_Dip_Di": 126, "START_Dip": 75, "END_Dip": 75, "START_Rake": 180, "END_Rake": 180, "START_Ra_1": 180, "END_Rake__": 180, "START_Kine": "D", "END_Kinema": "D", "START_Leng": 64, "END_Length": 64, "START_Widt": 14.0, "END_Width_": 14.0, "START_Min_": 0, "END_Min_De": 0, "START_Max_": 13.5, "END_Max_De": 13.5, "START_Rupt": 896.0, "END_Ruptur": 896.0, "START_Aver": 1.29, "END_Averag": 1.29, "START_Mw__": 7.0, "END_Mw__W_": 7.0, "START_Mw_1": 7.0, "END_Mw__K_": 7.0, "START_M0__": 3.81972e+19, "END_M0__Nm": 3.81972e+19, "START_SR_m": 0.0, "END_SR_min": 0.0, "START_SR_1": 0.0, "END_SR_max": 0.0, "START_SR_a": null, "END_SR_avg": null, "START_SR_R": null, "END_SR_Ref": null, "START_SR_C": null, "END_SR_Com": null }, "geometry": { "type": "LineString", "coordinates": [ [ 24.6439, 38.0857 ], [ 25.0751, 38.5514 ], [ 24.6439, 38.0857 ], [ 25.0751, 38.5514 ], [ 25.1088, 38.5322 ], [ 24.6775, 38.0666 ], [ 24.6439, 38.0857 ] ] } },
{ "type": "Feature", "properties": { "Shape_Leng": 2.2292126034600002, "SS_ID": 90, "START_SS_I": 90, "END_SS_ID": 90, "START_Name": "Kafiréas strait", "END_NameEN": "Kafiréas strait", "START_Na_1": "Δίαυλος Καφηρέα", "END_NameEL": "Δίαυλος Καφηρέα", "START_Stri": 17, "END_Strike": 17, "START_Dip_": 107, "END_Dip_Di": 107, "START_Dip": 80, "END_Dip": 80, "START_Rake": 180, "END_Rake": 180, "START_Ra_1": 180, "END_Rake__": 180, "START_Kine": "D", "END_Kinema": "D", "START_Leng": 59, "END_Length": 59, "START_Widt": 13.5, "END_Width_": 13.5, "START_Min_": 0, "END_Min_De": 0, "START_Max_": 13.3, "END_Max_De": 13.3, "START_Rupt": 796.5, "END_Ruptur": 796.5, "START_Aver": 1.21, "END_Averag": 1.21, "START_Mw__": 6.9, "END_Mw__W_": 6.9, "START_Mw_1": 6.9, "END_Mw__K_": 6.9, "START_M0__": 3.18e+19, "END_M0__Nm": 3.18e+19, "START_SR_m": 0.0, "END_SR_min": 0.0, "START_SR_1": 0.0, "END_SR_max": 0.0, "START_SR_a": null, "END_SR_avg": null, "START_SR_R": null, "END_SR_Ref": null, "START_SR_C": null, "END_SR_Com": null }, "geometry": { "type": "LineString", "coordinates": [ [ 24.4593, 37.5617 ], [ 24.6557, 38.0692 ], [ 24.4593, 37.5617 ], [ 24.6557, 38.0692 ], [ 24.6813, 38.063 ], [ 24.4848, 37.5556 ], [ 24.4593, 37.5617 ] ] } },
{ "type": "Feature", "properties": { "Shape_Leng": 1.70735855847, "SS_ID": 91, "START_SS_I": 91, "END_SS_ID": 91, "START_Name": "Andros-Tenos", "END_NameEN": "Andros-Tenos", "START_Na_1": "Άνδρος-Τήνος", "END_NameEL": "Άνδρος-Τήνος", "START_Stri": 132, "END_Strike": 132, "START_Dip_": 222, "END_Dip_Di": 222, "START_Dip": 55, "END_Dip": 55, "START_Rake": 310, "END_Rake": 310, "START_Ra_1": -50, "END_Rake__": -50, "START_Kine": "NS", "END_Kinema": "NS", "START_Leng": 36, "END_Length": 36, "START_Widt": 18.5, "END_Width_": 18.5, "START_Min_": 0, "END_Min_De": 0, "START_Max_": 15.2, "END_Max_De": 15.2, "START_Rupt": 666.0, "END_Ruptur": 666.0, "START_Aver": 0.93, "END_Averag": 0.93, "START_Mw__": 6.8, "END_Mw__W_": 6.8, "START_Mw_1": 6.8, "END_Mw__K_": 6.8, "START_M0__": 2.04e+19, "END_M0__Nm": 2.04e+19, "START_SR_m": 0.0, "END_SR_min": 0.0, "START_SR_1": 0.0, "END_SR_max": 0.0, "START_SR_a": null, "END_SR_avg": null, "START_SR_R": null, "END_SR_Ref": null, "START_SR_C": null, "END_SR_Com": null }, "geometry": { "type": "LineString", "coordinates": [ [ 24.83, 37.7384 ], [ 25.1338, 37.5217 ], [ 24.83, 37.7384 ], [ 25.1338, 37.5217 ], [ 25.0532, 37.4508 ], [ 24.7494, 37.6675 ], [ 24.83, 37.7384 ] ] } },
{ "type": "Feature", "properties": { "Shape_Leng": 1.9140614299100001, "SS_ID": 92, "START_SS_I": 92, "END_SS_ID": 92, "START_Name": "Cythnus-Gyaros", "END_NameEN": "Cythnus-Gyaros", "START_Na_1": "Κύθνος-Γυάρος", "END_NameEL": "Κύθνος-Γυάρος", "START_Stri": 229, "END_Strike": 229, "START_Dip_": 319, "END_Dip_Di": 319, "START_Dip": 80, "END_Dip": 80, "START_Rake": 190, "END_Rake": 190, "START_Ra_1": -170, "END_Rake__": -170, "START_Kine": "D", "END_Kinema": "D", "START_Leng": 45, "END_Length": 45, "START_Widt": 12.0, "END_Width_": 12.0, "START_Min_": 0, "END_Min_De": 0, "START_Max_": 11.8, "END_Max_De": 11.8, "START_Rupt": 540.0, "END_Ruptur": 540.0, "START_Aver": 0.99, "END_Averag": 0.99, "START_Mw__": 6.8, "END_Mw__W_": 6.8, "START_Mw_1": 6.8, "END_Mw__K_": 6.8, "START_M0__": 1.76e+19, "END_M0__Nm": 1.76e+19, "START_SR_m": 0.0, "END_SR_min": 0.0, "START_SR_1": 0.0, "END_SR_max": 0.0, "START_SR_a": null, "END_SR_avg": null, "START_SR_R": null, "END_SR_Ref": null, "START_SR_C": null, "END_SR_Com": null }, "geometry": { "type": "LineString", "coordinates": [ [ 24.7294, 37.7178 ], [ 24.344, 37.4523 ], [ 24.7294, 37.7178 ], [ 24.344, 37.4523 ], [ 24.3284, 37.4664 ], [ 24.7139, 37.7319 ], [ 24.7294, 37.7178 ] ] } },
{ "type": "Feature", "properties": { "Shape_Leng": 2.08473362854, "SS_ID": 93, "START_SS_I": 93, "END_SS_ID": 93, "START_Name": "Kaystrios", "END_NameEN": "Kaystrios", "START_Na_1": "Καΰστριος", "END_NameEL": "Καΰστριος", "START_Stri": 272, "END_Strike": 272, "START_Dip_": 2, "END_Dip_Di": 2, "START_Dip": 48, "END_Dip": 48, "START_Rake": 267, "END_Rake": 267, "START_Ra_1": -93, "END_Rake__": -93, "START_Kine": "N", "END_Kinema": "N", "START_Leng": 40, "END_Length": 40, "START_Widt": 20.0, "END_Width_": 20.0, "START_Min_": 0, "END_Min_De": 0, "START_Max_": 14.9, "END_Max_De": 14.9, "START_Rupt": 810.0, "END_Ruptur": 810.0, "START_Aver": 1.03, "END_Averag": 1.03, "START_Mw__": 6.9, "END_Mw__W_": 6.9, "START_Mw_1": 6.9, "END_Mw__K_": 6.9, "START_M0__": 2.75e+19, "END_M0__Nm": 2.75e+19, "START_SR_m": 0.0, "END_SR_min": 0.0, "START_SR_1": 0.0, "END_SR_max": 0.0, "START_SR_a": null, "END_SR_avg": null, "START_SR_R": null, "END_SR_Ref": null, "START_SR_C": null, "END_SR_Com": null }, "geometry": { "type": "LineString", "coordinates": [ [ 27.1188, 37.805 ], [ 26.6581, 37.8177 ], [ 27.1188, 37.805 ], [ 26.6581, 37.8177 ], [ 26.6632, 37.938 ], [ 27.1243, 37.9253 ], [ 27.1188, 37.805 ] ] } },
{ "type": "Feature", "properties": { "Shape_Leng": 1.66878167599, "SS_ID": 94, "START_SS_I": 94, "END_SS_ID": 94, "START_Name": "Pythagorio", "END_NameEN": "Pythagorio", "START_Na_1": "Πυθαγόριο", "END_NameEL": "Πυθαγόριο", "START_Stri": 96, "END_Strike": 96, "START_Dip_": 186, "END_Dip_Di": 186, "START_Dip": 45, "END_Dip": 45, "START_Rake": 270, "END_Rake": 270, "START_Ra_1": -90, "END_Rake__": -90, "START_Kine": "N", "END_Kinema": "N", "START_Leng": 32, "END_Length": 32, "START_Widt": 17.0, "END_Width_": 17.0, "START_Min_": 0, "END_Min_De": 0, "START_Max_": 12.0, "END_Max_De": 12.0, "START_Rupt": 544.0, "END_Ruptur": 544.0, "START_Aver": 0.83, "END_Averag": 0.83, "START_Mw__": 6.7, "END_Mw__W_": 6.7, "START_Mw_1": 6.7, "END_Mw__K_": 6.7, "START_M0__": 1.5e+19, "END_M0__Nm": 1.5e+19, "START_SR_m": 0.0, "END_SR_min": 0.0, "START_SR_1": 0.0, "END_SR_max": 0.0, "START_SR_a": null, "END_SR_avg": null, "START_SR_R": null, "END_SR_Ref": null, "START_SR_C": null, "END_SR_Com": null }, "geometry": { "type": "LineString", "coordinates": [ [ 26.5992, 37.7207 ], [ 26.961, 37.6906 ], [ 26.5992, 37.7207 ], [ 26.961, 37.6906 ], [ 26.9466, 37.5831 ], [ 26.5851, 37.6132 ], [ 26.5992, 37.7207 ] ] } },
{ "type": "Feature", "properties": { "Shape_Leng": 1.57497171215, "SS_ID": 95, "START_SS_I": 95, "END_SS_ID": 95, "START_Name": "Fourni", "END_NameEN": "Fourni", "START_Na_1": "Φούρνοι", "END_NameEL": "Φούρνοι", "START_Stri": 225, "END_Strike": 225, "START_Dip_": 315, "END_Dip_Di": 315, "START_Dip": 75, "END_Dip": 75, "START_Rake": 200, "END_Rake": 200, "START_Ra_1": -160, "END_Rake__": -160, "START_Kine": "DN", "END_Kinema": "DN", "START_Leng": 37, "END_Length": 37, "START_Widt": 11.0, "END_Width_": 11.0, "START_Min_": 0, "END_Min_De": 0, "START_Max_": 10.6, "END_Max_De": 10.6, "START_Rupt": 407.0, "END_Ruptur": 407.0, "START_Aver": 0.85, "END_Averag": 0.85, "START_Mw__": 6.6, "END_Mw__W_": 6.6, "START_Mw_1": 6.6, "END_Mw__K_": 6.6, "START_M0__": 1.14e+19, "END_M0__Nm": 1.14e+19, "START_SR_m": 0.0, "END_SR_min": 0.0, "START_SR_1": 0.0, "END_SR_max": 0.0, "START_SR_a": null, "END_SR_avg": null, "START_SR_R": null, "END_SR_Ref": null, "START_SR_C": null, "END_SR_Com": null }, "geometry": { "type": "LineString", "coordinates": [ [ 26.6622, 37.8125 ], [ 26.3649, 37.5772 ], [ 26.6622, 37.8125 ], [ 26.3649, 37.5772 ], [ 26.342, 37.5953 ], [ 26.6394, 37.8306 ], [ 26.6622, 37.8125 ] ] } },
{ "type": "Feature", "properties": { "Shape_Leng": 2.5839966487799999, "SS_ID": 96, "START_SS_I": 96, "END_SS_ID": 96, "START_Name": "Agios Kerykos", "END_NameEN": "Agios Kerykos", "START_Na_1": "Άγιος Κήρυκος", "END_NameEL": "Άγιος Κήρυκος", "START_Stri": 56, "END_Strike": 56, "START_Dip_": 146, "END_Dip_Di": 146, "START_Dip": 75, "END_Dip": 75, "START_Rake": 210, "END_Rake": 210, "START_Ra_1": -150, "END_Rake__": -150, "START_Kine": "DN", "END_Kinema": "DN", "START_Leng": 59, "END_Length": 59, "START_Widt": 13.5, "END_Width_": 13.5, "START_Min_": 0, "END_Min_De": 0, "START_Max_": 13.0, "END_Max_De": 13.0, "START_Rupt": 796.5, "END_Ruptur": 796.5, "START_Aver": 1.21, "END_Averag": 1.21, "START_Mw__": 6.9, "END_Mw__W_": 6.9, "START_Mw_1": 6.9, "END_Mw__K_": 6.9, "START_M0__": 3.18e+19, "END_M0__Nm": 3.18e+19, "START_SR_m": 0.0, "END_SR_min": 0.0, "START_SR_1": 0.0, "END_SR_max": 0.0, "START_SR_a": null, "END_SR_avg": null, "START_SR_R": null, "END_SR_Ref": null, "START_SR_C": null, "END_SR_Com": null }, "geometry": { "type": "LineString", "coordinates": [ [ 25.7988, 37.3521 ], [ 26.3533, 37.6489 ], [ 25.7988, 37.3521 ], [ 26.3533, 37.6489 ], [ 26.3754, 37.6228 ], [ 25.821, 37.3261 ], [ 25.7988, 37.3521 ] ] } },
{ "type": "Feature", "properties": { "Shape_Leng": 2.3137043937900001, "SS_ID": 97, "START_SS_I": 97, "END_SS_ID": 97, "START_Name": "Armenistis", "END_NameEN": "Armenistis", "START_Na_1": "Αρμενιστής", "END_NameEL": "Αρμενιστής", "START_Stri": 229, "END_Strike": 229, "START_Dip_": 319, "END_Dip_Di": 319, "START_Dip": 75, "END_Dip": 75, "START_Rake": 200, "END_Rake": 200, "START_Ra_1": -160, "END_Rake__": -160, "START_Kine": "DN", "END_Kinema": "DN", "START_Leng": 54, "END_Length": 54, "START_Widt": 13.0, "END_Width_": 13.0, "START_Min_": 0, "END_Min_De": 0, "START_Max_": 12.6, "END_Max_De": 12.6, "START_Rupt": 702.0, "END_Ruptur": 702.0, "START_Aver": 1.14, "END_Averag": 1.14, "START_Mw__": 6.9, "END_Mw__W_": 6.9, "START_Mw_1": 6.9, "END_Mw__K_": 6.9, "START_M0__": 2.62964e+19, "END_M0__Nm": 2.62964e+19, "START_SR_m": 0.0, "END_SR_min": 0.0, "START_SR_1": 0.0, "END_SR_max": 0.0, "START_SR_a": null, "END_SR_avg": null, "START_SR_R": null, "END_SR_Ref": null, "START_SR_C": null, "END_SR_Com": null }, "geometry": { "type": "LineString", "coordinates": [ [ 26.1524, 37.6994 ], [ 25.6901, 37.3807 ], [ 26.1524, 37.6994 ], [ 25.6901, 37.3807 ], [ 25.6651, 37.4036 ], [ 26.1273, 37.7222 ], [ 26.1524, 37.6994 ] ] } },
{ "type": "Feature", "properties": { "Shape_Leng": 1.9255383694799999, "SS_ID": 98, "START_SS_I": 98, "END_SS_ID": 98, "START_Name": "Paros-Antiparos", "END_NameEN": "Paros-Antiparos", "START_Na_1": "Πάρος-Αντίπαρος", "END_NameEL": "Πάρος-Αντίπαρος", "START_Stri": 229, "END_Strike": 229, "START_Dip_": 319, "END_Dip_Di": 319, "START_Dip": 75, "END_Dip": 75, "START_Rake": 200, "END_Rake": 200, "START_Ra_1": -160, "END_Rake__": -160, "START_Kine": "DN", "END_Kinema": "DN", "START_Leng": 45, "END_Length": 45, "START_Widt": 12.0, "END_Width_": 12.0, "START_Min_": 0, "END_Min_De": 0, "START_Max_": 11.6, "END_Max_De": 11.6, "START_Rupt": 540.0, "END_Ruptur": 540.0, "START_Aver": 0.99, "END_Averag": 0.99, "START_Mw__": 6.8, "END_Mw__W_": 6.8, "START_Mw_1": 6.8, "END_Mw__K_": 6.8, "START_M0__": 1.76e+19, "END_M0__Nm": 1.76e+19, "START_SR_m": 0.0, "END_SR_min": 0.0, "START_SR_1": 0.0, "END_SR_max": 0.0, "START_SR_a": null, "END_SR_avg": null, "START_SR_R": null, "END_SR_Ref": null, "START_SR_C": null, "END_SR_Com": null }, "geometry": { "type": "LineString", "coordinates": [ [ 25.2351, 37.1868 ], [ 24.8524, 36.9213 ], [ 25.2351, 37.1868 ], [ 24.8524, 36.9213 ], [ 24.8294, 36.9424 ], [ 25.2121, 37.2079 ], [ 25.2351, 37.1868 ] ] } },
{ "type": "Feature", "properties": { "Shape_Leng": 1.78193335747, "SS_ID": 99, "START_SS_I": 99, "END_SS_ID": 99, "START_Name": "Seriphos", "END_NameEN": "Seriphos", "START_Na_1": "Σέριφος", "END_NameEL": "Σέριφος", "START_Stri": 53, "END_Strike": 53, "START_Dip_": 143, "END_Dip_Di": 143, "START_Dip": 75, "END_Dip": 75, "START_Rake": 200, "END_Rake": 200, "START_Ra_1": -160, "END_Rake__": -160, "START_Kine": "DN", "END_Kinema": "DN", "START_Leng": 41, "END_Length": 41, "START_Widt": 11.5, "END_Width_": 11.5, "START_Min_": 0, "END_Min_De": 0, "START_Max_": 11.1, "END_Max_De": 11.1, "START_Rupt": 471.5, "END_Ruptur": 471.5, "START_Aver": 0.92, "END_Averag": 0.92, "START_Mw__": 6.7, "END_Mw__W_": 6.7, "START_Mw_1": 6.7, "END_Mw__K_": 6.7, "START_M0__": 1.43e+19, "END_M0__Nm": 1.43e+19, "START_SR_m": 0.0, "END_SR_min": 0.0, "START_SR_1": 0.0, "END_SR_max": 0.0, "START_SR_a": null, "END_SR_avg": null, "START_SR_R": null, "END_SR_Ref": null, "START_SR_C": null, "END_SR_Com": null }, "geometry": { "type": "LineString", "coordinates": [ [ 24.3281, 36.9818 ], [ 24.6973, 37.2038 ], [ 24.3281, 36.9818 ], [ 24.6973, 37.2038 ], [ 24.7175, 37.1824 ], [ 24.3484, 36.9605 ], [ 24.3281, 36.9818 ] ] } },
{ "type": "Feature", "properties": { "Shape_Leng": 1.53553138091, "SS_ID": 100, "START_SS_I": 100, "END_SS_ID": 100, "START_Name": "Agios Georgios", "END_NameEN": "Agios Georgios", "START_Na_1": "Άγιος Γεώργιος", "END_NameEL": "Άγιος Γεώργιος", "START_Stri": 219, "END_Strike": 219, "START_Dip_": 309, "END_Dip_Di": 309, "START_Dip": 75, "END_Dip": 75, "START_Rake": 200, "END_Rake": 200, "START_Ra_1": -160, "END_Rake__": -160, "START_Kine": "DN", "END_Kinema": "DN", "START_Leng": 37, "END_Length": 37, "START_Widt": 11.0, "END_Width_": 11.0, "START_Min_": 0, "END_Min_De": 0, "START_Max_": 10.6, "END_Max_De": 10.6, "START_Rupt": 407.0, "END_Ruptur": 407.0, "START_Aver": 0.85, "END_Averag": 0.85, "START_Mw__": 6.6, "END_Mw__W_": 6.6, "START_Mw_1": 6.6, "END_Mw__K_": 6.6, "START_M0__": 1.14e+19, "END_M0__Nm": 1.14e+19, "START_SR_m": 0.0, "END_SR_min": 0.0, "START_SR_1": 0.0, "END_SR_max": 0.0, "START_SR_a": null, "END_SR_avg": null, "START_SR_R": null, "END_SR_Ref": null, "START_SR_C": null, "END_SR_Com": null }, "geometry": { "type": "LineString", "coordinates": [ [ 24.1143, 37.4254 ], [ 23.851, 37.1669 ], [ 24.1143, 37.4254 ], [ 23.851, 37.1669 ], [ 23.826, 37.183 ], [ 24.0893, 37.4416 ], [ 24.1143, 37.4254 ] ] } },
{ "type": "Feature", "properties": { "Shape_Leng": 1.45062222145, "SS_ID": 101, "START_SS_I": 101, "END_SS_ID": 101, "START_Name": "Kos", "END_NameEN": "Kos", "START_Na_1": "Κως", "END_NameEL": "Κως", "START_Stri": 265, "END_Strike": 265, "START_Dip_": 355, "END_Dip_Di": 355, "START_Dip": 43, "END_Dip": 43, "START_Rake": 258, "END_Rake": 258, "START_Ra_1": -102, "END_Rake__": -102, "START_Kine": "N", "END_Kinema": "N", "START_Leng": 27, "END_Length": 27, "START_Widt": 15.0, "END_Width_": 15.0, "START_Min_": 4, "END_Min_De": 4, "START_Max_": 14.2, "END_Max_De": 14.2, "START_Rupt": 405.0, "END_Ruptur": 405.0, "START_Aver": 0.71, "END_Averag": 0.71, "START_Mw__": 6.6, "END_Mw__W_": 6.6, "START_Mw_1": 6.6, "END_Mw__K_": 6.6, "START_M0__": 9.54e+18, "END_M0__Nm": 9.54e+18, "START_SR_m": 0.0, "END_SR_min": 0.0, "START_SR_1": 0.0, "END_SR_max": 0.0, "START_SR_a": null, "END_SR_avg": null, "START_SR_R": null, "END_SR_Ref": null, "START_SR_C": null, "END_SR_Com": null }, "geometry": { "type": "LineString", "coordinates": [ [ 27.5764, 36.8864 ], [ 27.2739, 36.8652 ], [ 27.5722, 36.9248 ], [ 27.2697, 36.9036 ], [ 27.2588, 37.0019 ], [ 27.5616, 37.0231 ], [ 27.5764, 36.8864 ] ] } },
{ "type": "Feature", "properties": { "Shape_Leng": 1.49351675828, "SS_ID": 102, "START_SS_I": 102, "END_SS_ID": 102, "START_Name": "Dikaeos", "END_NameEN": "Dikaeos", "START_Na_1": "Δίκαιος", "END_NameEL": "Δίκαιος", "START_Stri": 62, "END_Strike": 62, "START_Dip_": 152, "END_Dip_Di": 152, "START_Dip": 60, "END_Dip": 60, "START_Rake": 280, "END_Rake": 280, "START_Ra_1": -80, "END_Rake__": -80, "START_Kine": "N", "END_Kinema": "N", "START_Leng": 31, "END_Length": 31, "START_Widt": 16.5, "END_Width_": 16.5, "START_Min_": 0, "END_Min_De": 0, "START_Max_": 14.3, "END_Max_De": 14.3, "START_Rupt": 511.5, "END_Ruptur": 511.5, "START_Aver": 0.89, "END_Averag": 0.89, "START_Mw__": 6.7, "END_Mw__W_": 6.7, "START_Mw_1": 6.7, "END_Mw__K_": 6.7, "START_M0__": 1.36e+19, "END_M0__Nm": 1.36e+19, "START_SR_m": 0.0, "END_SR_min": 0.0, "START_SR_1": 0.0, "END_SR_max": 0.0, "START_SR_a": null, "END_SR_avg": null, "START_SR_R": null, "END_SR_Ref": null, "START_SR_C": null, "END_SR_Com": null }, "geometry": { "type": "LineString", "coordinates": [ [ 27.066, 36.7235 ], [ 27.3734, 36.8543 ], [ 27.066, 36.7235 ], [ 27.3734, 36.8543 ], [ 27.4168, 36.7888 ], [ 27.1095, 36.6579 ], [ 27.066, 36.7235 ] ] } },
{ "type": "Feature", "properties": { "Shape_Leng": 1.98332556901, "SS_ID": 103, "START_SS_I": 103, "END_SS_ID": 103, "START_Name": "Astypalaea-Kos", "END_NameEN": "Astypalaea-Kos", "START_Na_1": "Αστυπάλαια-Κως", "END_NameEL": "Αστυπάλαια-Κως", "START_Stri": 78, "END_Strike": 78, "START_Dip_": 168, "END_Dip_Di": 168, "START_Dip": 60, "END_Dip": 60, "START_Rake": 270, "END_Rake": 270, "START_Ra_1": -90, "END_Rake__": -90, "START_Kine": "N", "END_Kinema": "N", "START_Leng": 40, "END_Length": 40, "START_Widt": 20.0, "END_Width_": 20.0, "START_Min_": 0, "END_Min_De": 0, "START_Max_": 17.3, "END_Max_De": 17.3, "START_Rupt": 810.0, "END_Ruptur": 810.0, "START_Aver": 1.13, "END_Averag": 1.13, "START_Mw__": 6.9, "END_Mw__W_": 6.9, "START_Mw_1": 6.9, "END_Mw__K_": 6.9, "START_M0__": 2.75e+19, "END_M0__Nm": 2.75e+19, "START_SR_m": 0.0, "END_SR_min": 0.0, "START_SR_1": 0.0, "END_SR_max": 0.0, "START_SR_a": null, "END_SR_avg": null, "START_SR_R": null, "END_SR_Ref": null, "START_SR_C": null, "END_SR_Com": null }, "geometry": { "type": "LineString", "coordinates": [ [ 26.485, 36.5935 ], [ 26.929, 36.6693 ], [ 26.485, 36.5935 ], [ 26.929, 36.6693 ], [ 26.9521, 36.5813 ], [ 26.5084, 36.5056 ], [ 26.485, 36.5935 ] ] } },
{ "type": "Feature", "properties": { "Shape_Leng": 1.86888295066, "SS_ID": 104, "START_SS_I": 104, "END_SS_ID": 104, "START_Name": "Syrna", "END_NameEN": "Syrna", "START_Na_1": "Σύρνα", "END_NameEL": "Σύρνα", "START_Stri": 244, "END_Strike": 244, "START_Dip_": 334, "END_Dip_Di": 334, "START_Dip": 60, "END_Dip": 60, "START_Rake": 260, "END_Rake": 260, "START_Ra_1": -100, "END_Rake__": -100, "START_Kine": "N", "END_Kinema": "N", "START_Leng": 39, "END_Length": 39, "START_Widt": 19.5, "END_Width_": 19.5, "START_Min_": 0, "END_Min_De": 0, "START_Max_": 16.9, "END_Max_De": 16.9, "START_Rupt": 760.5, "END_Ruptur": 760.5, "START_Aver": 1.1, "END_Averag": 1.1, "START_Mw__": 6.9, "END_Mw__W_": 6.9, "START_Mw_1": 6.9, "END_Mw__K_": 6.9, "START_M0__": 2.5e+19, "END_M0__Nm": 2.5e+19, "START_SR_m": 0.0, "END_SR_min": 0.0, "START_SR_1": 0.0, "END_SR_max": 0.0, "START_SR_a": null, "END_SR_avg": null, "START_SR_R": null, "END_SR_Ref": null, "START_SR_C": null, "END_SR_Com": null }, "geometry": { "type": "LineString", "coordinates": [ [ 27.0056, 36.5526 ], [ 26.6136, 36.3988 ], [ 27.0056, 36.5526 ], [ 26.6136, 36.3988 ], [ 26.5657, 36.4776 ], [ 26.9579, 36.6314 ], [ 27.0056, 36.5526 ] ] } },
{ "type": "Feature", "properties": { "Shape_Leng": 2.5796702954800002, "SS_ID": 105, "START_SS_I": 105, "END_SS_ID": 105, "START_Name": "Astypalaea North Basin", "END_NameEN": "Astypalaea North Basin", "START_Na_1": "Βόρεια Λεκάνη Αστυπάλαιας", "END_NameEL": "Βόρεια Λεκάνη Αστυπάλαιας", "START_Stri": 237, "END_Strike": 237, "START_Dip_": 327, "END_Dip_Di": 327, "START_Dip": 65, "END_Dip": 65, "START_Rake": 260, "END_Rake": 260, "START_Ra_1": -100, "END_Rake__": -100, "START_Kine": "N", "END_Kinema": "N", "START_Leng": 56, "END_Length": 56, "START_Widt": 25.0, "END_Width_": 25.0, "START_Min_": 0, "END_Min_De": 0, "START_Max_": 22.7, "END_Max_De": 22.7, "START_Rupt": 1400.0, "END_Ruptur": 1400.0, "START_Aver": 1.51, "END_Averag": 1.51, "START_Mw__": 7.1, "END_Mw__W_": 7.1, "START_Mw_1": 7.1, "END_Mw__K_": 7.1, "START_M0__": 6.34e+19, "END_M0__Nm": 6.34e+19, "START_SR_m": 0.0, "END_SR_min": 0.0, "START_SR_1": 0.0, "END_SR_max": 0.0, "START_SR_a": null, "END_SR_avg": null, "START_SR_R": null, "END_SR_Ref": null, "START_SR_C": null, "END_SR_Com": null }, "geometry": { "type": "LineString", "coordinates": [ [ 26.4386, 36.7883 ], [ 25.9121, 36.5141 ], [ 26.4386, 36.7883 ], [ 25.9121, 36.5141 ], [ 25.8475, 36.5937 ], [ 26.3741, 36.868 ], [ 26.4386, 36.7883 ] ] } },
{ "type": "Feature", "properties": { "Shape_Leng": 2.5144268534899998, "SS_ID": 106, "START_SS_I": 106, "END_SS_ID": 106, "START_Name": "Anaphe", "END_NameEN": "Anaphe", "START_Na_1": "Ανάφη", "END_NameEL": "Ανάφη", "START_Stri": 236, "END_Strike": 236, "START_Dip_": 326, "END_Dip_Di": 326, "START_Dip": 60, "END_Dip": 60, "START_Rake": 240, "END_Rake": 240, "START_Ra_1": -120, "END_Rake__": -120, "START_Kine": "ND", "END_Kinema": "ND", "START_Leng": 54, "END_Length": 54, "START_Widt": 24.5, "END_Width_": 24.5, "START_Min_": 0, "END_Min_De": 0, "START_Max_": 21.2, "END_Max_De": 21.2, "START_Rupt": 1323.0, "END_Ruptur": 1323.0, "START_Aver": 1.47, "END_Averag": 1.47, "START_Mw__": 7.1, "END_Mw__W_": 7.1, "START_Mw_1": 7.1, "END_Mw__K_": 7.1, "START_M0__": 5.83e+19, "END_M0__Nm": 5.83e+19, "START_SR_m": 0.0, "END_SR_min": 0.0, "START_SR_1": 0.0, "END_SR_max": 0.0, "START_SR_a": null, "END_SR_avg": null, "START_SR_R": null, "END_SR_Ref": null, "START_SR_C": null, "END_SR_Com": null }, "geometry": { "type": "LineString", "coordinates": [ [ 25.9149, 36.499 ], [ 25.4149, 36.2274 ], [ 25.9149, 36.499 ], [ 25.4149, 36.2274 ], [ 25.3383, 36.3188 ], [ 25.8384, 36.5903 ], [ 25.9149, 36.499 ] ] } },
{ "type": "Feature", "properties": { "Shape_Leng": 2.7046234491300001, "SS_ID": 107, "START_SS_I": 107, "END_SS_ID": 107, "START_Name": "Amorgos", "END_NameEN": "Amorgos", "START_Na_1": "Αμοργός", "END_NameEL": "Αμοργός", "START_Stri": 50, "END_Strike": 50, "START_Dip_": 140, "END_Dip_Di": 140, "START_Dip": 60, "END_Dip": 60, "START_Rake": 250, "END_Rake": 250, "START_Ra_1": -110, "END_Rake__": -110, "START_Kine": "ND", "END_Kinema": "ND", "START_Leng": 59, "END_Length": 59, "START_Widt": 26.0, "END_Width_": 26.0, "START_Min_": 0, "END_Min_De": 0, "START_Max_": 22.5, "END_Max_De": 22.5, "START_Rupt": 1534.0, "END_Ruptur": 1534.0, "START_Aver": 1.59, "END_Averag": 1.59, "START_Mw__": 7.2, "END_Mw__W_": 7.2, "START_Mw_1": 7.2, "END_Mw__K_": 7.2, "START_M0__": 7.32e+19, "END_M0__Nm": 7.32e+19, "START_SR_m": 4.5, "END_SR_min": 4.5, "START_SR_1": 4.5, "END_SR_max": 4.5, "START_SR_a": null, "END_SR_avg": null, "START_SR_R": "Preine et al. (2022)", "END_SR_Ref": "Preine et al. (2022)", "START_SR_C": null, "END_SR_Com": null }, "geometry": { "type": "LineString", "coordinates": [ [ 25.6062, 36.5977 ], [ 26.1136, 36.9387 ], [ 25.6062, 36.5977 ], [ 26.1136, 36.9387 ], [ 26.2073, 36.8492 ], [ 25.7, 36.5081 ], [ 25.6062, 36.5977 ] ] } },
{ "type": "Feature", "properties": { "Shape_Leng": 2.2716472304000002, "SS_ID": 108, "START_SS_I": 108, "END_SS_ID": 108, "START_Name": "Ios", "END_NameEN": "Ios", "START_Na_1": "Ίος", "END_NameEL": "Ίος", "START_Stri": 49, "END_Strike": 49, "START_Dip_": 139, "END_Dip_Di": 139, "START_Dip": 60, "END_Dip": 60, "START_Rake": 230, "END_Rake": 230, "START_Ra_1": -130, "END_Rake__": -130, "START_Kine": "ND", "END_Kinema": "ND", "START_Leng": 50, "END_Length": 50, "START_Widt": 23.0, "END_Width_": 23.0, "START_Min_": 0, "END_Min_De": 0, "START_Max_": 19.9, "END_Max_De": 19.9, "START_Rupt": 1138.5, "END_Ruptur": 1138.5, "START_Aver": 1.36, "END_Averag": 1.36, "START_Mw__": 7.0, "END_Mw__W_": 7.0, "START_Mw_1": 7.0, "END_Mw__K_": 7.0, "START_M0__": 4.64e+19, "END_M0__Nm": 4.64e+19, "START_SR_m": 0.0, "END_SR_min": 0.0, "START_SR_1": 0.0, "END_SR_max": 0.0, "START_SR_a": null, "END_SR_avg": null, "START_SR_R": null, "END_SR_Ref": null, "START_SR_C": null, "END_SR_Com": null }, "geometry": { "type": "LineString", "coordinates": [ [ 25.246, 36.4782 ], [ 25.6646, 36.7702 ], [ 25.246, 36.4782 ], [ 25.6646, 36.7702 ], [ 25.7491, 36.6922 ], [ 25.3305, 36.4001 ], [ 25.246, 36.4782 ] ] } },
{ "type": "Feature", "properties": { "Shape_Leng": 1.22522566864, "SS_ID": 109, "START_SS_I": 109, "END_SS_ID": 109, "START_Name": "Akrotiri", "END_NameEN": "Akrotiri", "START_Na_1": "Ακρωτήρι", "END_NameEL": "Ακρωτήρι", "START_Stri": 206, "END_Strike": 206, "START_Dip_": 296, "END_Dip_Di": 296, "START_Dip": 60, "END_Dip": 60, "START_Rake": 225, "END_Rake": 225, "START_Ra_1": -135, "END_Rake__": -135, "START_Kine": "DN", "END_Kinema": "DN", "START_Leng": 28, "END_Length": 28, "START_Widt": 15.5, "END_Width_": 15.5, "START_Min_": 0, "END_Min_De": 0, "START_Max_": 13.4, "END_Max_De": 13.4, "START_Rupt": 434.0, "END_Ruptur": 434.0, "START_Aver": 0.81, "END_Averag": 0.81, "START_Mw__": 6.6, "END_Mw__W_": 6.6, "START_Mw_1": 6.6, "END_Mw__K_": 6.6, "START_M0__": 1.06e+19, "END_M0__Nm": 1.06e+19, "START_SR_m": 0.0, "END_SR_min": 0.0, "START_SR_1": 0.0, "END_SR_max": 0.0, "START_SR_a": null, "END_SR_avg": null, "START_SR_R": null, "END_SR_Ref": null, "START_SR_C": null, "END_SR_Com": null }, "geometry": { "type": "LineString", "coordinates": [ [ 25.4329, 36.3963 ], [ 25.296, 36.1699 ], [ 25.4329, 36.3963 ], [ 25.296, 36.1699 ], [ 25.2183, 36.2005 ], [ 25.3551, 36.4268 ], [ 25.4329, 36.3963 ] ] } },
{ "type": "Feature", "properties": { "Shape_Leng": 2.3205728096699998, "SS_ID": 110, "START_SS_I": 110, "END_SS_ID": 110, "START_Name": "Pholegandros", "END_NameEN": "Pholegandros", "START_Na_1": "Φολέγανδρος", "END_NameEL": "Φολέγανδρος", "START_Stri": 77, "END_Strike": 77, "START_Dip_": 167, "END_Dip_Di": 167, "START_Dip": 50, "END_Dip": 50, "START_Rake": 250, "END_Rake": 250, "START_Ra_1": -110, "END_Rake__": -110, "START_Kine": "ND", "END_Kinema": "ND", "START_Leng": 46, "END_Length": 46, "START_Widt": 22.0, "END_Width_": 22.0, "START_Min_": 0, "END_Min_De": 0, "START_Max_": 16.9, "END_Max_De": 16.9, "START_Rupt": 1023.0, "END_Ruptur": 1023.0, "START_Aver": 1.28, "END_Averag": 1.28, "START_Mw__": 7.0, "END_Mw__W_": 7.0, "START_Mw_1": 7.0, "END_Mw__K_": 7.0, "START_M0__": 3.94e+19, "END_M0__Nm": 3.94e+19, "START_SR_m": 0.0, "END_SR_min": 0.0, "START_SR_1": 0.0, "END_SR_max": 0.0, "START_SR_a": null, "END_SR_avg": null, "START_SR_R": null, "END_SR_Ref": null, "START_SR_C": null, "END_SR_Com": null }, "geometry": { "type": "LineString", "coordinates": [ [ 24.6609, 36.4881 ], [ 25.168, 36.5821 ], [ 24.6609, 36.4881 ], [ 25.168, 36.5821 ], [ 25.2034, 36.4582 ], [ 24.6966, 36.3641 ], [ 24.6609, 36.4881 ] ] } },
{ "type": "Feature", "properties": { "Shape_Leng": 1.8264914964800001, "SS_ID": 111, "START_SS_I": 111, "END_SS_ID": 111, "START_Name": "Falkonéra", "END_NameEN": "Falkonéra", "START_Na_1": "Φαλκονέρα", "END_NameEL": "Φαλκονέρα", "START_Stri": 279, "END_Strike": 279, "START_Dip_": 9, "END_Dip_Di": 9, "START_Dip": 50, "END_Dip": 50, "START_Rake": 270, "END_Rake": 270, "START_Ra_1": -90, "END_Rake__": -90, "START_Kine": "N", "END_Kinema": "N", "START_Leng": 36, "END_Length": 36, "START_Widt": 18.5, "END_Width_": 18.5, "START_Min_": 0, "END_Min_De": 0, "START_Max_": 14.2, "END_Max_De": 14.2, "START_Rupt": 666.0, "END_Ruptur": 666.0, "START_Aver": 1.02, "END_Averag": 1.02, "START_Mw__": 6.8, "END_Mw__W_": 6.8, "START_Mw_1": 6.8, "END_Mw__K_": 6.8, "START_M0__": 2.04e+19, "END_M0__Nm": 2.04e+19, "START_SR_m": 0.0, "END_SR_min": 0.0, "START_SR_1": 0.0, "END_SR_max": 0.0, "START_SR_a": null, "END_SR_avg": null, "START_SR_R": null, "END_SR_Ref": null, "START_SR_C": null, "END_SR_Com": null }, "geometry": { "type": "LineString", "coordinates": [ [ 24.2422, 36.814 ], [ 23.8427, 36.8646 ], [ 24.2422, 36.814 ], [ 23.8427, 36.8646 ], [ 23.8635, 36.9703 ], [ 24.2633, 36.9196 ], [ 24.2422, 36.814 ] ] } },
{ "type": "Feature", "properties": { "Shape_Leng": 2.7231875994100001, "SS_ID": 112, "START_SS_I": 112, "END_SS_ID": 112, "START_Name": "Myrtoan Sea A", "END_NameEN": "Myrtoan Sea A", "START_Na_1": "Μυρτώο Α", "END_NameEL": "Μυρτώο Α", "START_Stri": 297, "END_Strike": 297, "START_Dip_": 27, "END_Dip_Di": 27, "START_Dip": 50, "END_Dip": 50, "START_Rake": 290, "END_Rake": 290, "START_Ra_1": -70, "END_Rake__": -70, "START_Kine": "NS", "END_Kinema": "NS", "START_Leng": 56, "END_Length": 56, "START_Widt": 25.0, "END_Width_": 25.0, "START_Min_": 0, "END_Min_De": 0, "START_Max_": 19.2, "END_Max_De": 19.2, "START_Rupt": 1400.0, "END_Ruptur": 1400.0, "START_Aver": 1.51, "END_Averag": 1.51, "START_Mw__": 7.1, "END_Mw__W_": 7.1, "START_Mw_1": 7.1, "END_Mw__K_": 7.1, "START_M0__": 6.36e+19, "END_M0__Nm": 6.36e+19, "START_SR_m": 0.0, "END_SR_min": 0.0, "START_SR_1": 0.0, "END_SR_max": 0.0, "START_SR_a": null, "END_SR_avg": null, "START_SR_R": null, "END_SR_Ref": null, "START_SR_C": null, "END_SR_Com": null }, "geometry": { "type": "LineString", "coordinates": [ [ 24.155, 36.5657 ], [ 23.5955, 36.7943 ], [ 24.155, 36.5657 ], [ 23.5955, 36.7943 ], [ 23.6772, 36.9231 ], [ 24.2371, 36.6944 ], [ 24.155, 36.5657 ] ] } },
{ "type": "Feature", "properties": { "Shape_Leng": 1.6853530319700001, "SS_ID": 113, "START_SS_I": 113, "END_SS_ID": 113, "START_Name": "Myrtoan Sea B", "END_NameEN": "Myrtoan Sea B", "START_Na_1": "Μυρτώο Β", "END_NameEL": "Μυρτώο Β", "START_Stri": 320, "END_Strike": 320, "START_Dip_": 50, "END_Dip_Di": 50, "START_Dip": 50, "END_Dip": 50, "START_Rake": 300, "END_Rake": 300, "START_Ra_1": -60, "END_Rake__": -60, "START_Kine": "NS", "END_Kinema": "NS", "START_Leng": 36, "END_Length": 36, "START_Widt": 18.5, "END_Width_": 18.5, "START_Min_": 0, "END_Min_De": 0, "START_Max_": 14.2, "END_Max_De": 14.2, "START_Rupt": 666.0, "END_Ruptur": 666.0, "START_Aver": 1.02, "END_Averag": 1.02, "START_Mw__": 6.8, "END_Mw__W_": 6.8, "START_Mw_1": 6.8, "END_Mw__K_": 6.8, "START_M0__": 2.04e+19, "END_M0__Nm": 2.04e+19, "START_SR_m": 0.0, "END_SR_min": 0.0, "START_SR_1": 0.0, "END_SR_max": 0.0, "START_SR_a": null, "END_SR_avg": null, "START_SR_R": null, "END_SR_Ref": null, "START_SR_C": null, "END_SR_Com": null }, "geometry": { "type": "LineString", "coordinates": [ [ 23.5988, 36.8422 ], [ 23.3384, 37.0902 ], [ 23.5988, 36.8422 ], [ 23.3384, 37.0902 ], [ 23.441, 37.1589 ], [ 23.7014, 36.9109 ], [ 23.5988, 36.8422 ] ] } },
{ "type": "Feature", "properties": { "Shape_Leng": 2.2052037550699999, "SS_ID": 114, "START_SS_I": 114, "END_SS_ID": 114, "START_Name": "Argolis Gulf", "END_NameEN": "Argolis Gulf", "START_Na_1": "Αργολικός Κόλπος", "END_NameEL": "Αργολικός Κόλπος", "START_Stri": 333, "END_Strike": 333, "START_Dip_": 63, "END_Dip_Di": 63, "START_Dip": 50, "END_Dip": 50, "START_Rake": 290, "END_Rake": 290, "START_Ra_1": -70, "END_Rake__": -70, "START_Kine": "NS", "END_Kinema": "NS", "START_Leng": 50, "END_Length": 50, "START_Widt": 23.0, "END_Width_": 23.0, "START_Min_": 0, "END_Min_De": 0, "START_Max_": 17.6, "END_Max_De": 17.6, "START_Rupt": 1138.5, "END_Ruptur": 1138.5, "START_Aver": 1.36, "END_Averag": 1.36, "START_Mw__": 7.0, "END_Mw__W_": 7.0, "START_Mw_1": 7.0, "END_Mw__K_": 7.0, "START_M0__": 4.64e+19, "END_M0__Nm": 4.64e+19, "START_SR_m": 0.0, "END_SR_min": 0.0, "START_SR_1": 0.0, "END_SR_max": 0.0, "START_SR_a": null, "END_SR_avg": null, "START_SR_R": null, "END_SR_Ref": null, "START_SR_C": null, "END_SR_Com": null }, "geometry": { "type": "LineString", "coordinates": [ [ 23.022, 37.0748 ], [ 22.768, 37.4714 ], [ 23.022, 37.0748 ], [ 22.768, 37.4714 ], [ 22.9171, 37.5318 ], [ 23.1708, 37.1351 ], [ 23.022, 37.0748 ] ] } },
{ "type": "Feature", "properties": { "Shape_Leng": 1.3821411152500001, "SS_ID": 115, "START_SS_I": 115, "END_SS_ID": 115, "START_Name": "Kyparíssi", "END_NameEN": "Kyparíssi", "START_Na_1": "Κυπαρίσσι", "END_NameEL": "Κυπαρίσσι", "START_Stri": 341, "END_Strike": 341, "START_Dip_": 71, "END_Dip_Di": 71, "START_Dip": 50, "END_Dip": 50, "START_Rake": 280, "END_Rake": 280, "START_Ra_1": -80, "END_Rake__": -80, "START_Kine": "N", "END_Kinema": "N", "START_Leng": 31, "END_Length": 31, "START_Widt": 16.5, "END_Width_": 16.5, "START_Min_": 0, "END_Min_De": 0, "START_Max_": 12.6, "END_Max_De": 12.6, "START_Rupt": 511.5, "END_Ruptur": 511.5, "START_Aver": 0.89, "END_Averag": 0.89, "START_Mw__": 6.7, "END_Mw__W_": 6.7, "START_Mw_1": 6.7, "END_Mw__K_": 6.7, "START_M0__": 1.37e+19, "END_M0__Nm": 1.37e+19, "START_SR_m": 0.0, "END_SR_min": 0.0, "START_SR_1": 0.0, "END_SR_max": 0.0, "START_SR_a": null, "END_SR_avg": null, "START_SR_R": null, "END_SR_Ref": null, "START_SR_C": null, "END_SR_Com": null }, "geometry": { "type": "LineString", "coordinates": [ [ 23.1426, 36.7939 ], [ 23.029, 37.0575 ], [ 23.1426, 36.7939 ], [ 23.029, 37.0575 ], [ 23.142, 37.0886 ], [ 23.2553, 36.825 ], [ 23.1426, 36.7939 ] ] } },
{ "type": "Feature", "properties": { "Shape_Leng": 1.5466824397100001, "SS_ID": 116, "START_SS_I": 116, "END_SS_ID": 116, "START_Name": "Monemvásia", "END_NameEN": "Monemvásia", "START_Na_1": "Μονεμβασιά", "END_NameEL": "Μονεμβασιά", "START_Stri": 342, "END_Strike": 342, "START_Dip_": 72, "END_Dip_Di": 72, "START_Dip": 50, "END_Dip": 50, "START_Rake": 280, "END_Rake": 280, "START_Ra_1": -80, "END_Rake__": -80, "START_Kine": "N", "END_Kinema": "N", "START_Leng": 35, "END_Length": 35, "START_Widt": 18.0, "END_Width_": 18.0, "START_Min_": 0, "END_Min_De": 0, "START_Max_": 13.8, "END_Max_De": 13.8, "START_Rupt": 630.0, "END_Ruptur": 630.0, "START_Aver": 0.99, "END_Averag": 0.99, "START_Mw__": 6.8, "END_Mw__W_": 6.8, "START_Mw_1": 6.8, "END_Mw__K_": 6.8, "START_M0__": 1.87e+19, "END_M0__Nm": 1.87e+19, "START_SR_m": 0.0, "END_SR_min": 0.0, "START_SR_1": 0.0, "END_SR_max": 0.0, "START_SR_a": null, "END_SR_avg": null, "START_SR_R": null, "END_SR_Ref": null, "START_SR_C": null, "END_SR_Com": null }, "geometry": { "type": "LineString", "coordinates": [ [ 23.2231, 36.4547 ], [ 23.1019, 36.7541 ], [ 23.2231, 36.4547 ], [ 23.1019, 36.7541 ], [ 23.2253, 36.7862 ], [ 23.3463, 36.4869 ], [ 23.2231, 36.4547 ] ] } },
{ "type": "Feature", "properties": { "Shape_Leng": 1.9368439558299999, "SS_ID": 117, "START_SS_I": 117, "END_SS_ID": 117, "START_Name": "Chalce", "END_NameEN": "Chalce", "START_Na_1": "Χάλκη", "END_NameEL": "Χάλκη", "START_Stri": 240, "END_Strike": 240, "START_Dip_": 330, "END_Dip_Di": 330, "START_Dip": 42, "END_Dip": 42, "START_Rake": 308, "END_Rake": 308, "START_Ra_1": -52, "END_Rake__": -52, "START_Kine": "NS", "END_Kinema": "NS", "START_Leng": 39, "END_Length": 39, "START_Widt": 19.5, "END_Width_": 19.5, "START_Min_": 0, "END_Min_De": 0, "START_Max_": 13.0, "END_Max_De": 13.0, "START_Rupt": 760.5, "END_Ruptur": 760.5, "START_Aver": 1.1, "END_Averag": 1.1, "START_Mw__": 6.9, "END_Mw__W_": 6.9, "START_Mw_1": 6.9, "END_Mw__K_": 6.9, "START_M0__": 2.5e+19, "END_M0__Nm": 2.5e+19, "START_SR_m": 0.0, "END_SR_min": 0.0, "START_SR_1": 0.0, "END_SR_max": 0.0, "START_SR_a": null, "END_SR_avg": null, "START_SR_R": null, "END_SR_Ref": null, "START_SR_C": null, "END_SR_Com": null }, "geometry": { "type": "LineString", "coordinates": [ [ 27.6904, 36.1782 ], [ 27.3145, 36.0028 ], [ 27.6904, 36.1782 ], [ 27.3145, 36.0028 ], [ 27.2337, 36.1157 ], [ 27.6098, 36.291 ], [ 27.6904, 36.1782 ] ] } },
{ "type": "Feature", "properties": { "Shape_Leng": 2.3124040802599999, "SS_ID": 118, "START_SS_I": 118, "END_SS_ID": 118, "START_Name": "Astakída", "END_NameEN": "Astakída", "START_Na_1": "Αστακίδα", "END_NameEL": "Αστακίδα", "START_Stri": 191, "END_Strike": 191, "START_Dip_": 281, "END_Dip_Di": 281, "START_Dip": 40, "END_Dip": 40, "START_Rake": 295, "END_Rake": 295, "START_Ra_1": -65, "END_Rake__": -65, "START_Kine": "NS", "END_Kinema": "NS", "START_Leng": 52, "END_Length": 52, "START_Widt": 24.0, "END_Width_": 24.0, "START_Min_": 0, "END_Min_De": 0, "START_Max_": 15.4, "END_Max_De": 15.4, "START_Rupt": 1260.0, "END_Ruptur": 1260.0, "START_Aver": 1.43, "END_Averag": 1.43, "START_Mw__": 7.1, "END_Mw__W_": 7.1, "START_Mw_1": 7.1, "END_Mw__K_": 7.1, "START_M0__": 5.41e+19, "END_M0__Nm": 5.41e+19, "START_SR_m": 0.0, "END_SR_min": 0.0, "START_SR_1": 0.0, "END_SR_max": 0.0, "START_SR_a": null, "END_SR_avg": null, "START_SR_R": null, "END_SR_Ref": null, "START_SR_C": null, "END_SR_Com": null }, "geometry": { "type": "LineString", "coordinates": [ [ 27.1374, 36.2088 ], [ 27.0261, 35.7454 ], [ 27.1374, 36.2088 ], [ 27.0261, 35.7454 ], [ 26.8258, 35.7769 ], [ 26.9365, 36.2404 ], [ 27.1374, 36.2088 ] ] } },
{ "type": "Feature", "properties": { "Shape_Leng": 1.91061078146, "SS_ID": 119, "START_SS_I": 119, "END_SS_ID": 119, "START_Name": "Leucos", "END_NameEN": "Leucos", "START_Na_1": "Λευκός", "END_NameEL": "Λευκός", "START_Stri": 234, "END_Strike": 234, "START_Dip_": 324, "END_Dip_Di": 324, "START_Dip": 80, "END_Dip": 80, "START_Rake": 335, "END_Rake": 335, "START_Ra_1": -25, "END_Rake__": -25, "START_Kine": "SN", "END_Kinema": "SN", "START_Leng": 45, "END_Length": 45, "START_Widt": 12.0, "END_Width_": 12.0, "START_Min_": 0, "END_Min_De": 0, "START_Max_": 11.8, "END_Max_De": 11.8, "START_Rupt": 540.0, "END_Ruptur": 540.0, "START_Aver": 1.09, "END_Averag": 1.09, "START_Mw__": 6.8, "END_Mw__W_": 6.8, "START_Mw_1": 6.8, "END_Mw__K_": 6.8, "START_M0__": 1.7602e+19, "END_M0__Nm": 1.7602e+19, "START_SR_m": 0.0, "END_SR_min": 0.0, "START_SR_1": 0.0, "END_SR_max": 0.0, "START_SR_a": null, "END_SR_avg": null, "START_SR_R": null, "END_SR_Ref": null, "START_SR_C": null, "END_SR_Com": null }, "geometry": { "type": "LineString", "coordinates": [ [ 27.0973, 35.6757 ], [ 26.6948, 35.4379 ], [ 27.0973, 35.6757 ], [ 26.6948, 35.4379 ], [ 26.6813, 35.453 ], [ 27.0837, 35.6909 ], [ 27.0973, 35.6757 ] ] } },
{ "type": "Feature", "properties": { "Shape_Leng": 2.5545558880799999, "SS_ID": 120, "START_SS_I": 120, "END_SS_ID": 120, "START_Name": "Sophraná", "END_NameEN": "Sophraná", "START_Na_1": "Σοφρανά", "END_NameEL": "Σοφρανά", "START_Stri": 244, "END_Strike": 244, "START_Dip_": 334, "END_Dip_Di": 334, "START_Dip": 60, "END_Dip": 60, "START_Rake": 240, "END_Rake": 240, "START_Ra_1": -120, "END_Rake__": -120, "START_Kine": "ND", "END_Kinema": "ND", "START_Leng": 54, "END_Length": 54, "START_Widt": 24.5, "END_Width_": 24.5, "START_Min_": 0, "END_Min_De": 0, "START_Max_": 21.2, "END_Max_De": 21.2, "START_Rupt": 1323.0, "END_Ruptur": 1323.0, "START_Aver": 1.47, "END_Averag": 1.47, "START_Mw__": 7.1, "END_Mw__W_": 7.1, "START_Mw_1": 7.1, "END_Mw__K_": 7.1, "START_M0__": 5.83e+19, "END_M0__Nm": 5.83e+19, "START_SR_m": 0.0, "END_SR_min": 0.0, "START_SR_1": 0.0, "END_SR_max": 0.0, "START_SR_a": null, "END_SR_avg": null, "START_SR_R": null, "END_SR_Ref": null, "START_SR_C": null, "END_SR_Com": null }, "geometry": { "type": "LineString", "coordinates": [ [ 26.4574, 36.2194 ], [ 25.9171, 36.0066 ], [ 26.4574, 36.2194 ], [ 25.9171, 36.0066 ], [ 25.8571, 36.1056 ], [ 26.3977, 36.3185 ], [ 26.4574, 36.2194 ] ] } },
{ "type": "Feature", "properties": { "Shape_Leng": 2.2228832279800002, "SS_ID": 121, "START_SS_I": 121, "END_SS_ID": 121, "START_Name": "Christianá", "END_NameEN": "Christianá", "START_Na_1": "Χριστιανά", "END_NameEL": "Χριστιανά", "START_Stri": 67, "END_Strike": 67, "START_Dip_": 157, "END_Dip_Di": 157, "START_Dip": 60, "END_Dip": 60, "START_Rake": 240, "END_Rake": 240, "START_Ra_1": -120, "END_Rake__": -120, "START_Kine": "ND", "END_Kinema": "ND", "START_Leng": 46, "END_Length": 46, "START_Widt": 22.0, "END_Width_": 22.0, "START_Min_": 0, "END_Min_De": 0, "START_Max_": 19.1, "END_Max_De": 19.1, "START_Rupt": 1023.0, "END_Ruptur": 1023.0, "START_Aver": 1.28, "END_Averag": 1.28, "START_Mw__": 7.0, "END_Mw__W_": 7.0, "START_Mw_1": 7.0, "END_Mw__K_": 7.0, "START_M0__": 3.94e+19, "END_M0__Nm": 3.94e+19, "START_SR_m": 0.0, "END_SR_min": 0.0, "START_SR_1": 0.0, "END_SR_max": 0.0, "START_SR_a": null, "END_SR_avg": null, "START_SR_R": null, "END_SR_Ref": null, "START_SR_C": null, "END_SR_Com": null }, "geometry": { "type": "LineString", "coordinates": [ [ 25.1996, 36.133 ], [ 25.6767, 36.2964 ], [ 25.1996, 36.133 ], [ 25.6767, 36.2964 ], [ 25.7245, 36.2053 ], [ 25.2476, 36.0419 ], [ 25.1996, 36.133 ] ] } },
{ "type": "Feature", "properties": { "Shape_Leng": 2.0724957531100001, "SS_ID": 122, "START_SS_I": 122, "END_SS_ID": 122, "START_Name": "West Chriatianá", "END_NameEN": "West Chriatianá", "START_Na_1": "Δυτικά Χριστιανά", "END_NameEL": "Δυτικά Χριστιανά", "START_Stri": 112, "END_Strike": 112, "START_Dip_": 202, "END_Dip_Di": 202, "START_Dip": 50, "END_Dip": 50, "START_Rake": 280, "END_Rake": 280, "START_Ra_1": -80, "END_Rake__": -80, "START_Kine": "N", "END_Kinema": "N", "START_Leng": 42, "END_Length": 42, "START_Widt": 20.5, "END_Width_": 20.5, "START_Min_": 0, "END_Min_De": 0, "START_Max_": 15.7, "END_Max_De": 15.7, "START_Rupt": 861.0, "END_Ruptur": 861.0, "START_Aver": 1.17, "END_Averag": 1.17, "START_Mw__": 6.9, "END_Mw__W_": 6.9, "START_Mw_1": 6.9, "END_Mw__K_": 6.9, "START_M0__": 3.02e+19, "END_M0__Nm": 3.02e+19, "START_SR_m": 0.0, "END_SR_min": 0.0, "START_SR_1": 0.0, "END_SR_max": 0.0, "START_SR_a": null, "END_SR_avg": null, "START_SR_R": null, "END_SR_Ref": null, "START_SR_C": null, "END_SR_Com": null }, "geometry": { "type": "LineString", "coordinates": [ [ 24.4698, 36.3367 ], [ 24.9041, 36.1953 ], [ 24.4698, 36.3367 ], [ 24.9041, 36.1953 ], [ 24.849, 36.0854 ], [ 24.4149, 36.2269 ], [ 24.4698, 36.3367 ] ] } },
{ "type": "Feature", "properties": { "Shape_Leng": 2.0656310249800001, "SS_ID": 123, "START_SS_I": 123, "END_SS_ID": 123, "START_Name": "Divounia", "END_NameEN": "Divounia", "START_Na_1": "Διβούνια", "END_NameEL": "Διβούνια", "START_Stri": 251, "END_Strike": 251, "START_Dip_": 341, "END_Dip_Di": 341, "START_Dip": 60, "END_Dip": 60, "START_Rake": 330, "END_Rake": 330, "START_Ra_1": -30, "END_Rake__": -30, "START_Kine": "SN", "END_Kinema": "SN", "START_Leng": 45, "END_Length": 45, "START_Widt": 12.0, "END_Width_": 12.0, "START_Min_": 0, "END_Min_De": 0, "START_Max_": 10.4, "END_Max_De": 10.4, "START_Rupt": 540.0, "END_Ruptur": 540.0, "START_Aver": 1.09, "END_Averag": 1.09, "START_Mw__": 6.8, "END_Mw__W_": 6.8, "START_Mw_1": 6.8, "END_Mw__K_": 6.8, "START_M0__": 1.76e+19, "END_M0__Nm": 1.76e+19, "START_SR_m": 0.0, "END_SR_min": 0.0, "START_SR_1": 0.0, "END_SR_max": 0.0, "START_SR_a": null, "END_SR_avg": null, "START_SR_R": null, "END_SR_Ref": null, "START_SR_C": null, "END_SR_Com": null }, "geometry": { "type": "LineString", "coordinates": [ [ 26.598, 35.6559 ], [ 26.1274, 35.5242 ], [ 26.598, 35.6559 ], [ 26.1274, 35.5242 ], [ 26.1057, 35.5752 ], [ 26.5764, 35.7069 ], [ 26.598, 35.6559 ] ] } },
{ "type": "Feature", "properties": { "Shape_Leng": 1.59291606423, "SS_ID": 124, "START_SS_I": 124, "END_SS_ID": 124, "START_Name": "Central Cretan Sea", "END_NameEN": "Central Cretan Sea", "START_Na_1": "Κεντρικό Κρητικό Πέλαγος", "END_NameEL": "Κεντρικό Κρητικό Πέλαγος", "START_Stri": 266, "END_Strike": 266, "START_Dip_": 356, "END_Dip_Di": 356, "START_Dip": 55, "END_Dip": 55, "START_Rake": 270, "END_Rake": 270, "START_Ra_1": -90, "END_Rake__": -90, "START_Kine": "N", "END_Kinema": "N", "START_Leng": 32, "END_Length": 32, "START_Widt": 17.0, "END_Width_": 17.0, "START_Min_": 0, "END_Min_De": 0, "START_Max_": 13.9, "END_Max_De": 13.9, "START_Rupt": 544.0, "END_Ruptur": 544.0, "START_Aver": 0.92, "END_Averag": 0.92, "START_Mw__": 6.7, "END_Mw__W_": 6.7, "START_Mw_1": 6.7, "END_Mw__K_": 6.7, "START_M0__": 1.5e+19, "END_M0__Nm": 1.5e+19, "START_SR_m": 0.0, "END_SR_min": 0.0, "START_SR_1": 0.0, "END_SR_max": 0.0, "START_SR_a": null, "END_SR_avg": null, "START_SR_R": null, "END_SR_Ref": null, "START_SR_C": null, "END_SR_Com": null }, "geometry": { "type": "LineString", "coordinates": [ [ 25.7418, 35.7675 ], [ 25.3881, 35.7475 ], [ 25.7418, 35.7675 ], [ 25.3881, 35.7475 ], [ 25.3804, 35.8349 ], [ 25.7344, 35.855 ], [ 25.7418, 35.7675 ] ] } },
{ "type": "Feature", "properties": { "Shape_Leng": 2.0982121096199999, "SS_ID": 125, "START_SS_I": 125, "END_SS_ID": 125, "START_Name": "West Cretan Sea", "END_NameEN": "West Cretan Sea", "START_Na_1": "Δυτικό Κρητικό Πέλαγος", "END_NameEL": "Δυτικό Κρητικό Πέλαγος", "START_Stri": 99, "END_Strike": 99, "START_Dip_": 189, "END_Dip_Di": 189, "START_Dip": 50, "END_Dip": 50, "START_Rake": 270, "END_Rake": 270, "START_Ra_1": -90, "END_Rake__": -90, "START_Kine": "N", "END_Kinema": "N", "START_Leng": 42, "END_Length": 42, "START_Widt": 20.5, "END_Width_": 20.5, "START_Min_": 0, "END_Min_De": 0, "START_Max_": 15.7, "END_Max_De": 15.7, "START_Rupt": 861.0, "END_Ruptur": 861.0, "START_Aver": 1.17, "END_Averag": 1.17, "START_Mw__": 6.9, "END_Mw__W_": 6.9, "START_Mw_1": 6.9, "END_Mw__K_": 6.9, "START_M0__": 3.02e+19, "END_M0__Nm": 3.02e+19, "START_SR_m": 0.0, "END_SR_min": 0.0, "START_SR_1": 0.0, "END_SR_max": 0.0, "START_SR_a": null, "END_SR_avg": null, "START_SR_R": null, "END_SR_Ref": null, "START_SR_C": null, "END_SR_Com": null }, "geometry": { "type": "LineString", "coordinates": [ [ 23.5882, 36.0544 ], [ 24.0494, 35.9953 ], [ 23.5882, 36.0544 ], [ 24.0494, 35.9953 ], [ 24.0264, 35.8783 ], [ 23.5654, 35.9373 ], [ 23.5882, 36.0544 ] ] } },
{ "type": "Feature", "properties": { "Shape_Leng": 1.4856269387300001, "SS_ID": 126, "START_SS_I": 126, "END_SS_ID": 126, "START_Name": "Antikythera A", "END_NameEN": "Antikythera A", "START_Na_1": "Αντικύθηρα Α", "END_NameEL": "Αντικύθηρα Α", "START_Stri": 143, "END_Strike": 143, "START_Dip_": 233, "END_Dip_Di": 233, "START_Dip": 50, "END_Dip": 50, "START_Rake": 260, "END_Rake": 260, "START_Ra_1": -100, "END_Rake__": -100, "START_Kine": "N", "END_Kinema": "N", "START_Leng": 32, "END_Length": 32, "START_Widt": 17.0, "END_Width_": 17.0, "START_Min_": 0, "END_Min_De": 0, "START_Max_": 13.0, "END_Max_De": 13.0, "START_Rupt": 544.0, "END_Ruptur": 544.0, "START_Aver": 0.92, "END_Averag": 0.92, "START_Mw__": 6.7, "END_Mw__W_": 6.7, "START_Mw_1": 6.7, "END_Mw__K_": 6.7, "START_M0__": 1.5e+19, "END_M0__Nm": 1.5e+19, "START_SR_m": 0.0, "END_SR_min": 0.0, "START_SR_1": 0.0, "END_SR_max": 0.0, "START_SR_a": null, "END_SR_avg": null, "START_SR_R": null, "END_SR_Ref": null, "START_SR_C": null, "END_SR_Com": null }, "geometry": { "type": "LineString", "coordinates": [ [ 23.3466, 36.3198 ], [ 23.5612, 36.0899 ], [ 23.3466, 36.3198 ], [ 23.5612, 36.0899 ], [ 23.464, 36.0308 ], [ 23.2493, 36.2606 ], [ 23.3466, 36.3198 ] ] } },
{ "type": "Feature", "properties": { "Shape_Leng": 2.0610202855900002, "SS_ID": 127, "START_SS_I": 127, "END_SS_ID": 127, "START_Name": "Antikythera B", "END_NameEN": "Antikythera B", "START_Na_1": "Αντικύθηρα Β", "END_NameEL": "Αντικύθηρα Β", "START_Stri": 330, "END_Strike": 330, "START_Dip_": 60, "END_Dip_Di": 60, "START_Dip": 50, "END_Dip": 50, "START_Rake": 270, "END_Rake": 270, "START_Ra_1": -90, "END_Rake__": -90, "START_Kine": "N", "END_Kinema": "N", "START_Leng": 46, "END_Length": 46, "START_Widt": 22.0, "END_Width_": 22.0, "START_Min_": 0, "END_Min_De": 0, "START_Max_": 16.9, "END_Max_De": 16.9, "START_Rupt": 1012.0, "END_Ruptur": 1012.0, "START_Aver": 1.28, "END_Averag": 1.28, "START_Mw__": 7.0, "END_Mw__W_": 7.0, "START_Mw_1": 7.0, "END_Mw__K_": 7.0, "START_M0__": 3.87e+19, "END_M0__Nm": 3.87e+19, "START_SR_m": 0.0, "END_SR_min": 0.0, "START_SR_1": 0.0, "END_SR_max": 0.0, "START_SR_a": null, "END_SR_avg": null, "START_SR_R": null, "END_SR_Ref": null, "START_SR_C": null, "END_SR_Com": null }, "geometry": { "type": "LineString", "coordinates": [ [ 23.4199, 35.8169 ], [ 23.1643, 36.1752 ], [ 23.4199, 35.8169 ], [ 23.1643, 36.1752 ], [ 23.3006, 36.2388 ], [ 23.556, 35.8805 ], [ 23.4199, 35.8169 ] ] } },
{ "type": "Feature", "properties": { "Shape_Leng": 1.79700210752, "SS_ID": 128, "START_SS_I": 128, "END_SS_ID": 128, "START_Name": "Ierápetra", "END_NameEN": "Ierápetra", "START_Na_1": "Ιεράπετρα", "END_NameEL": "Ιεράπετρα", "START_Stri": 209, "END_Strike": 209, "START_Dip_": 299, "END_Dip_Di": 299, "START_Dip": 70, "END_Dip": 70, "START_Rake": 210, "END_Rake": 210, "START_Ra_1": -150, "END_Rake__": -150, "START_Kine": "DN", "END_Kinema": "DN", "START_Leng": 45, "END_Length": 45, "START_Widt": 12.0, "END_Width_": 12.0, "START_Min_": 0, "END_Min_De": 0, "START_Max_": 11.3, "END_Max_De": 11.3, "START_Rupt": 540.0, "END_Ruptur": 540.0, "START_Aver": 1.09, "END_Averag": 1.09, "START_Mw__": 6.8, "END_Mw__W_": 6.8, "START_Mw_1": 6.8, "END_Mw__K_": 6.8, "START_M0__": 1.76e+19, "END_M0__Nm": 1.76e+19, "START_SR_m": 0.9, "END_SR_min": 0.9, "START_SR_1": 0.9, "END_SR_max": 0.9, "START_SR_a": null, "END_SR_avg": null, "START_SR_R": "Caputo et al. (2010)", "END_SR_Ref": "Caputo et al. (2010)", "START_SR_C": null, "END_SR_Com": null }, "geometry": { "type": "LineString", "coordinates": [ [ 26.0032, 35.3451 ], [ 25.7632, 34.9912 ], [ 26.0032, 35.3451 ], [ 25.7632, 34.9912 ], [ 25.7238, 35.0091 ], [ 25.9637, 35.363 ], [ 26.0032, 35.3451 ] ] } },
{ "type": "Feature", "properties": { "Shape_Leng": 1.8315014785699999, "SS_ID": 129, "START_SS_I": 129, "END_SS_ID": 129, "START_Name": "Arvi", "END_NameEN": "Arvi", "START_Na_1": "Άρβη", "END_NameEL": "Άρβη", "START_Stri": 77, "END_Strike": 77, "START_Dip_": 167, "END_Dip_Di": 167, "START_Dip": 55, "END_Dip": 55, "START_Rake": 260, "END_Rake": 260, "START_Ra_1": -100, "END_Rake__": -100, "START_Kine": "N", "END_Kinema": "N", "START_Leng": 38, "END_Length": 38, "START_Widt": 19.0, "END_Width_": 19.0, "START_Min_": 0, "END_Min_De": 0, "START_Max_": 15.6, "END_Max_De": 15.6, "START_Rupt": 712.5, "END_Ruptur": 712.5, "START_Aver": 1.06, "END_Averag": 1.06, "START_Mw__": 6.8, "END_Mw__W_": 6.8, "START_Mw_1": 6.8, "END_Mw__K_": 6.8, "START_M0__": 2.26e+19, "END_M0__Nm": 2.26e+19, "START_SR_m": 0.35, "END_SR_min": 0.35, "START_SR_1": 0.0, "END_SR_max": 0.0, "START_SR_a": null, "END_SR_avg": null, "START_SR_R": "Gallen et al. (2014)", "END_SR_Ref": "Gallen et al. (2014)", "START_SR_C": null, "END_SR_Com": null }, "geometry": { "type": "LineString", "coordinates": [ [ 25.2942, 34.9871 ], [ 25.6954, 35.063 ], [ 25.2942, 34.9871 ], [ 25.6954, 35.063 ], [ 25.7222, 34.9675 ], [ 25.3212, 34.8916 ], [ 25.2942, 34.9871 ] ] } },
{ "type": "Feature", "properties": { "Shape_Leng": 1.4075504141699999, "SS_ID": 130, "START_SS_I": 130, "END_SS_ID": 130, "START_Name": "Kastélli", "END_NameEN": "Kastélli", "START_Na_1": "Καστέλλι", "END_NameEL": "Καστέλλι", "START_Stri": 195, "END_Strike": 195, "START_Dip_": 285, "END_Dip_Di": 285, "START_Dip": 50, "END_Dip": 50, "START_Rake": 260, "END_Rake": 260, "START_Ra_1": -100, "END_Rake__": -100, "START_Kine": "N", "END_Kinema": "N", "START_Leng": 32, "END_Length": 32, "START_Widt": 17.0, "END_Width_": 17.0, "START_Min_": 0, "END_Min_De": 0, "START_Max_": 13.0, "END_Max_De": 13.0, "START_Rupt": 544.0, "END_Ruptur": 544.0, "START_Aver": 0.92, "END_Averag": 0.92, "START_Mw__": 6.7, "END_Mw__W_": 6.7, "START_Mw_1": 6.7, "END_Mw__K_": 6.7, "START_M0__": 1.5e+19, "END_M0__Nm": 1.5e+19, "START_SR_m": 0.26, "END_SR_min": 0.26, "START_SR_1": 0.0, "END_SR_max": 0.0, "START_SR_a": null, "END_SR_avg": null, "START_SR_R": "Ganas et al. (2022)", "END_SR_Ref": "Ganas et al. (2022)", "START_SR_C": null, "END_SR_Com": null }, "geometry": { "type": "LineString", "coordinates": [ [ 25.3783, 35.3116 ], [ 25.2872, 35.0337 ], [ 25.3783, 35.3116 ], [ 25.2872, 35.0337 ], [ 25.1712, 35.0591 ], [ 25.2621, 35.3371 ], [ 25.3783, 35.3116 ] ] } },
{ "type": "Feature", "properties": { "Shape_Leng": 1.8192497669500001, "SS_ID": 131, "START_SS_I": 131, "END_SS_ID": 131, "START_Name": "Sfakiá", "END_NameEN": "Sfakiá", "START_Na_1": "Σφακιά", "END_NameEL": "Σφακιά", "START_Stri": 95, "END_Strike": 95, "START_Dip_": 185, "END_Dip_Di": 185, "START_Dip": 60, "END_Dip": 60, "START_Rake": 270, "END_Rake": 270, "START_Ra_1": -90, "END_Rake__": -90, "START_Kine": "N", "END_Kinema": "N", "START_Leng": 38, "END_Length": 38, "START_Widt": 19.0, "END_Width_": 19.0, "START_Min_": 0, "END_Min_De": 0, "START_Max_": 16.5, "END_Max_De": 16.5, "START_Rupt": 712.5, "END_Ruptur": 712.5, "START_Aver": 1.06, "END_Averag": 1.06, "START_Mw__": 6.8, "END_Mw__W_": 6.8, "START_Mw_1": 6.8, "END_Mw__K_": 6.8, "START_M0__": 2.26e+19, "END_M0__Nm": 2.26e+19, "START_SR_m": 0.6, "END_SR_min": 0.6, "START_SR_1": 1.0, "END_SR_max": 1.0, "START_SR_a": null, "END_SR_avg": null, "START_SR_R": "Caputo et al. (2010)", "END_SR_Ref": "Caputo et al. (2010)", "START_SR_C": null, "END_SR_Com": null }, "geometry": { "type": "LineString", "coordinates": [ [ 24.1383, 35.199 ], [ 24.5493, 35.1697 ], [ 24.1383, 35.199 ], [ 24.5493, 35.1697 ], [ 24.5401, 35.0845 ], [ 24.1293, 35.1139 ], [ 24.1383, 35.199 ] ] } },
{ "type": "Feature", "properties": { "Shape_Leng": 1.88142870698, "SS_ID": 132, "START_SS_I": 132, "END_SS_ID": 132, "START_Name": "Agía Galini", "END_NameEN": "Agía Galini", "START_Na_1": "Αγία Γαλήνη", "END_NameEL": "Αγία Γαλήνη", "START_Stri": 101, "END_Strike": 101, "START_Dip_": 191, "END_Dip_Di": 191, "START_Dip": 60, "END_Dip": 60, "START_Rake": 270, "END_Rake": 270, "START_Ra_1": -90, "END_Rake__": -90, "START_Kine": "N", "END_Kinema": "N", "START_Leng": 39, "END_Length": 39, "START_Widt": 19.5, "END_Width_": 19.5, "START_Min_": 0, "END_Min_De": 0, "START_Max_": 16.9, "END_Max_De": 16.9, "START_Rupt": 760.5, "END_Ruptur": 760.5, "START_Aver": 1.1, "END_Averag": 1.1, "START_Mw__": 6.9, "END_Mw__W_": 6.9, "START_Mw_1": 6.9, "END_Mw__K_": 6.9, "START_M0__": 2.5e+19, "END_M0__Nm": 2.5e+19, "START_SR_m": 0.0, "END_SR_min": 0.0, "START_SR_1": 0.0, "END_SR_max": 0.0, "START_SR_a": null, "END_SR_avg": null, "START_SR_R": null, "END_SR_Ref": null, "START_SR_C": null, "END_SR_Com": null }, "geometry": { "type": "LineString", "coordinates": [ [ 24.2984, 35.1413 ], [ 24.7193, 35.0744 ], [ 24.2984, 35.1413 ], [ 24.7193, 35.0744 ], [ 24.6987, 34.9883 ], [ 24.2781, 35.0552 ], [ 24.2984, 35.1413 ] ] } },
{ "type": "Feature", "properties": { "Shape_Leng": 2.8275996193399999, "SS_ID": 133, "START_SS_I": 133, "END_SS_ID": 133, "START_Name": "Palaeóchora", "END_NameEN": "Palaeóchora", "START_Na_1": "Παλαιόχωρα", "END_NameEL": "Παλαιόχωρα", "START_Stri": 94, "END_Strike": 94, "START_Dip_": 184, "END_Dip_Di": 184, "START_Dip": 60, "END_Dip": 60, "START_Rake": 270, "END_Rake": 270, "START_Ra_1": -90, "END_Rake__": -90, "START_Kine": "N", "END_Kinema": "N", "START_Leng": 59, "END_Length": 59, "START_Widt": 26.0, "END_Width_": 26.0, "START_Min_": 0, "END_Min_De": 0, "START_Max_": 22.5, "END_Max_De": 22.5, "START_Rupt": 1534.0, "END_Ruptur": 1534.0, "START_Aver": 1.59, "END_Averag": 1.59, "START_Mw__": 7.2, "END_Mw__W_": 7.2, "START_Mw_1": 7.2, "END_Mw__K_": 7.2, "START_M0__": 7.32e+19, "END_M0__Nm": 7.32e+19, "START_SR_m": 0.0, "END_SR_min": 0.0, "START_SR_1": 0.0, "END_SR_max": 0.0, "START_SR_a": null, "END_SR_avg": null, "START_SR_R": null, "END_SR_Ref": null, "START_SR_C": null, "END_SR_Com": null }, "geometry": { "type": "LineString", "coordinates": [ [ 23.6392, 35.1768 ], [ 24.2866, 35.1397 ], [ 23.6392, 35.1768 ], [ 24.2866, 35.1397 ], [ 24.2764, 35.0231 ], [ 23.6294, 35.0601 ], [ 23.6392, 35.1768 ] ] } },
{ "type": "Feature", "properties": { "Shape_Leng": 1.2720516853899999, "SS_ID": 134, "START_SS_I": 134, "END_SS_ID": 134, "START_Name": "Krios", "END_NameEN": "Krios", "START_Na_1": "Κριός", "END_NameEL": "Κριός", "START_Stri": 57, "END_Strike": 57, "START_Dip_": 147, "END_Dip_Di": 147, "START_Dip": 60, "END_Dip": 60, "START_Rake": 230, "END_Rake": 230, "START_Ra_1": -130, "END_Rake__": -130, "START_Kine": "ND", "END_Kinema": "ND", "START_Leng": 27, "END_Length": 27, "START_Widt": 15.0, "END_Width_": 15.0, "START_Min_": 0, "END_Min_De": 0, "START_Max_": 13.0, "END_Max_De": 13.0, "START_Rupt": 405.0, "END_Ruptur": 405.0, "START_Aver": 0.78, "END_Averag": 0.78, "START_Mw__": 6.6, "END_Mw__W_": 6.6, "START_Mw_1": 6.6, "END_Mw__K_": 6.6, "START_M0__": 9.54e+18, "END_M0__Nm": 9.54e+18, "START_SR_m": 0.0, "END_SR_min": 0.0, "START_SR_1": 0.0, "END_SR_max": 0.0, "START_SR_a": null, "END_SR_avg": null, "START_SR_R": null, "END_SR_Ref": null, "START_SR_C": null, "END_SR_Com": null }, "geometry": { "type": "LineString", "coordinates": [ [ 23.3896, 35.0336 ], [ 23.6386, 35.1659 ], [ 23.3896, 35.0336 ], [ 23.6386, 35.1659 ], [ 23.6834, 35.1093 ], [ 23.4346, 34.9771 ], [ 23.3896, 35.0336 ] ] } },
{ "type": "Feature", "properties": { "Shape_Leng": 1.3390887647, "SS_ID": 135, "START_SS_I": 135, "END_SS_ID": 135, "START_Name": "Rodopós", "END_NameEN": "Rodopós", "START_Na_1": "Ροδωπός", "END_NameEL": "Ροδωπός", "START_Stri": 179, "END_Strike": 179, "START_Dip_": 269, "END_Dip_Di": 269, "START_Dip": 60, "END_Dip": 60, "START_Rake": 270, "END_Rake": 270, "START_Ra_1": -90, "END_Rake__": -90, "START_Kine": "N", "END_Kinema": "N", "START_Leng": 32, "END_Length": 32, "START_Widt": 17.0, "END_Width_": 17.0, "START_Min_": 0, "END_Min_De": 0, "START_Max_": 14.7, "END_Max_De": 14.7, "START_Rupt": 544.0, "END_Ruptur": 544.0, "START_Aver": 0.92, "END_Averag": 0.92, "START_Mw__": 6.7, "END_Mw__W_": 6.7, "START_Mw_1": 6.7, "END_Mw__K_": 6.7, "START_M0__": 1.5e+19, "END_M0__Nm": 1.5e+19, "START_SR_m": 0.3, "END_SR_min": 0.3, "START_SR_1": 0.4, "END_SR_max": 0.4, "START_SR_a": null, "END_SR_avg": null, "START_SR_R": "Caputo et al. (2010)", "END_SR_Ref": "Caputo et al. (2010)", "START_SR_C": null, "END_SR_Com": null }, "geometry": { "type": "LineString", "coordinates": [ [ 23.726, 35.7044 ], [ 23.7322, 35.4167 ], [ 23.726, 35.7044 ], [ 23.7322, 35.4167 ], [ 23.6383, 35.4153 ], [ 23.632, 35.7031 ], [ 23.726, 35.7044 ] ] } },
{ "type": "Feature", "properties": { "Shape_Leng": 2.2218640298299999, "SS_ID": 136, "START_SS_I": 136, "END_SS_ID": 136, "START_Name": "Gramvoussa", "END_NameEN": "Gramvoussa", "START_Na_1": "Γραμβούσα", "END_NameEL": "Γραμβούσα", "START_Stri": 188, "END_Strike": 188, "START_Dip_": 278, "END_Dip_Di": 278, "START_Dip": 60, "END_Dip": 60, "START_Rake": 270, "END_Rake": 270, "START_Ra_1": -90, "END_Rake__": -90, "START_Kine": "N", "END_Kinema": "N", "START_Leng": 54, "END_Length": 54, "START_Widt": 24.5, "END_Width_": 24.5, "START_Min_": 0, "END_Min_De": 0, "START_Max_": 21.2, "END_Max_De": 21.2, "START_Rupt": 1323.0, "END_Ruptur": 1323.0, "START_Aver": 1.47, "END_Averag": 1.47, "START_Mw__": 7.1, "END_Mw__W_": 7.1, "START_Mw_1": 7.1, "END_Mw__K_": 7.1, "START_M0__": 5.83e+19, "END_M0__Nm": 5.83e+19, "START_SR_m": 0.7, "END_SR_min": 0.7, "START_SR_1": 0.7, "END_SR_max": 0.7, "START_SR_a": null, "END_SR_avg": null, "START_SR_R": "Caputo et al. (2010)", "END_SR_Ref": "Caputo et al. (2010)", "START_SR_C": null, "END_SR_Com": null }, "geometry": { "type": "LineString", "coordinates": [ [ 23.5623, 35.7677 ], [ 23.4792, 35.2868 ], [ 23.5623, 35.7677 ], [ 23.4792, 35.2868 ], [ 23.3454, 35.3021 ], [ 23.428, 35.783 ], [ 23.5623, 35.7677 ] ] } },
{ "type": "Feature", "properties": { "Shape_Leng": 1.734866217, "SS_ID": 137, "START_SS_I": 137, "END_SS_ID": 137, "START_Name": "Cythera", "END_NameEN": "Cythera", "START_Na_1": "Κύθηρα", "END_NameEL": "Κύθηρα", "START_Stri": 141, "END_Strike": 141, "START_Dip_": 231, "END_Dip_Di": 231, "START_Dip": 50, "END_Dip": 50, "START_Rake": 260, "END_Rake": 260, "START_Ra_1": -100, "END_Rake__": -100, "START_Kine": "N", "END_Kinema": "N", "START_Leng": 38, "END_Length": 38, "START_Widt": 19.0, "END_Width_": 19.0, "START_Min_": 0, "END_Min_De": 0, "START_Max_": 14.6, "END_Max_De": 14.6, "START_Rupt": 712.5, "END_Ruptur": 712.5, "START_Aver": 1.06, "END_Averag": 1.06, "START_Mw__": 6.8, "END_Mw__W_": 6.8, "START_Mw_1": 6.8, "END_Mw__K_": 6.8, "START_M0__": 2.26e+19, "END_M0__Nm": 2.26e+19, "START_SR_m": 0.0, "END_SR_min": 0.0, "START_SR_1": 0.0, "END_SR_max": 0.0, "START_SR_a": null, "END_SR_avg": null, "START_SR_R": null, "END_SR_Ref": null, "START_SR_C": null, "END_SR_Com": null }, "geometry": { "type": "LineString", "coordinates": [ [ 22.9534, 36.0758 ], [ 23.2155, 35.8137 ], [ 22.9534, 36.0758 ], [ 23.2155, 35.8137 ], [ 23.1102, 35.7446 ], [ 22.8479, 36.0067 ], [ 22.9534, 36.0758 ] ] } },
{ "type": "Feature", "properties": { "Shape_Leng": 1.9786266136399999, "SS_ID": 138, "START_SS_I": 138, "END_SS_ID": 138, "START_Name": "Laconic Gulf", "END_NameEN": "Laconic Gulf", "START_Na_1": "Λακωνικός Κόλπος", "END_NameEL": "Λακωνικός Κόλπος", "START_Stri": 181, "END_Strike": 181, "START_Dip_": 271, "END_Dip_Di": 271, "START_Dip": 60, "END_Dip": 60, "START_Rake": 280, "END_Rake": 280, "START_Ra_1": -80, "END_Rake__": -80, "START_Kine": "N", "END_Kinema": "N", "START_Leng": 48, "END_Length": 48, "START_Widt": 22.5, "END_Width_": 22.5, "START_Min_": 0, "END_Min_De": 0, "START_Max_": 19.5, "END_Max_De": 19.5, "START_Rupt": 1080.0, "END_Ruptur": 1080.0, "START_Aver": 1.32, "END_Averag": 1.32, "START_Mw__": 7.0, "END_Mw__W_": 7.0, "START_Mw_1": 7.0, "END_Mw__K_": 7.0, "START_M0__": 4.28e+19, "END_M0__Nm": 4.28e+19, "START_SR_m": 0.0, "END_SR_min": 0.0, "START_SR_1": 0.0, "END_SR_max": 0.0, "START_SR_a": null, "END_SR_avg": null, "START_SR_R": null, "END_SR_Ref": null, "START_SR_C": null, "END_SR_Com": null }, "geometry": { "type": "LineString", "coordinates": [ [ 22.7703, 36.7347 ], [ 22.7609, 36.3031 ], [ 22.7703, 36.7347 ], [ 22.7609, 36.3031 ], [ 22.6352, 36.3049 ], [ 22.6442, 36.7365 ], [ 22.7703, 36.7347 ] ] } },
{ "type": "Feature", "properties": { "Shape_Leng": 1.0434814939899999, "SS_ID": 139, "START_SS_I": 139, "END_SS_ID": 139, "START_Name": "Messenian Gulf A", "END_NameEN": "Messenian Gulf A", "START_Na_1": "Μεσσηνιακός Κόλπος Α", "END_NameEL": "Μεσσηνιακός Κόλπος Α", "START_Stri": 174, "END_Strike": 174, "START_Dip_": 264, "END_Dip_Di": 264, "START_Dip": 45, "END_Dip": 45, "START_Rake": 285, "END_Rake": 285, "START_Ra_1": -75, "END_Rake__": -75, "START_Kine": "N", "END_Kinema": "N", "START_Leng": 23, "END_Length": 23, "START_Widt": 13.5, "END_Width_": 13.5, "START_Min_": 0, "END_Min_De": 0, "START_Max_": 9.5, "END_Max_De": 9.5, "START_Rupt": 310.5, "END_Ruptur": 310.5, "START_Aver": 0.68, "END_Averag": 0.68, "START_Mw__": 6.5, "END_Mw__W_": 6.5, "START_Mw_1": 6.5, "END_Mw__K_": 6.5, "START_M0__": 6.35e+18, "END_M0__Nm": 6.35e+18, "START_SR_m": 0.0, "END_SR_min": 0.0, "START_SR_1": 0.0, "END_SR_max": 0.0, "START_SR_a": null, "END_SR_avg": null, "START_SR_R": null, "END_SR_Ref": null, "START_SR_C": null, "END_SR_Com": null }, "geometry": { "type": "LineString", "coordinates": [ [ 22.2564, 36.6584 ], [ 22.2833, 36.4526 ], [ 22.2564, 36.6584 ], [ 22.2833, 36.4526 ], [ 22.1771, 36.4437 ], [ 22.15, 36.6494 ], [ 22.2564, 36.6584 ] ] } },
{ "type": "Feature", "properties": { "Shape_Leng": 1.1847483409399999, "SS_ID": 140, "START_SS_I": 140, "END_SS_ID": 140, "START_Name": "Messenian Gulf B", "END_NameEN": "Messenian Gulf B", "START_Na_1": "Μεσσηνιακός Κόλπος Β", "END_NameEL": "Μεσσηνιακός Κόλπος Β", "START_Stri": 155, "END_Strike": 155, "START_Dip_": 245, "END_Dip_Di": 245, "START_Dip": 45, "END_Dip": 45, "START_Rake": 270, "END_Rake": 270, "START_Ra_1": -90, "END_Rake__": -90, "START_Kine": "N", "END_Kinema": "N", "START_Leng": 26, "END_Length": 26, "START_Widt": 14.5, "END_Width_": 14.5, "START_Min_": 0, "END_Min_De": 0, "START_Max_": 10.3, "END_Max_De": 10.3, "START_Rupt": 369.8, "END_Ruptur": 369.8, "START_Aver": 0.75, "END_Averag": 0.75, "START_Mw__": 6.5, "END_Mw__W_": 6.5, "START_Mw_1": 6.5, "END_Mw__K_": 6.5, "START_M0__": 8.3e+18, "END_M0__Nm": 8.3e+18, "START_SR_m": 0.0, "END_SR_min": 0.0, "START_SR_1": 0.0, "END_SR_max": 0.0, "START_SR_a": null, "END_SR_avg": null, "START_SR_R": null, "END_SR_Ref": null, "START_SR_C": null, "END_SR_Com": null }, "geometry": { "type": "LineString", "coordinates": [ [ 22.1232, 36.8897 ], [ 22.2442, 36.6819 ], [ 22.1232, 36.8897 ], [ 22.2442, 36.6819 ], [ 22.1399, 36.6429 ], [ 22.0188, 36.8508 ], [ 22.1232, 36.8897 ] ] } },
{ "type": "Feature", "properties": { "Shape_Leng": 2.0525546989099999, "SS_ID": 141, "START_SS_I": 141, "END_SS_ID": 141, "START_Name": "Fenike Basin", "END_NameEN": "Fenike Basin", "START_Na_1": "Λεκάνη Φοινίκης", "END_NameEL": "Λεκάνη Φοινίκης", "START_Stri": 70, "END_Strike": 70, "START_Dip_": 160, "END_Dip_Di": 160, "START_Dip": 65, "END_Dip": 65, "START_Rake": 330, "END_Rake": 330, "START_Ra_1": -30, "END_Rake__": -30, "START_Kine": "SN", "END_Kinema": "SN", "START_Leng": 45, "END_Length": 45, "START_Widt": 12.0, "END_Width_": 12.0, "START_Min_": 0, "END_Min_De": 0, "START_Max_": 10.9, "END_Max_De": 10.9, "START_Rupt": 540.0, "END_Ruptur": 540.0, "START_Aver": 0.99, "END_Averag": 0.99, "START_Mw__": 6.8, "END_Mw__W_": 6.8, "START_Mw_1": 6.8, "END_Mw__K_": 6.8, "START_M0__": 1.76e+19, "END_M0__Nm": 1.76e+19, "START_SR_m": 0.0, "END_SR_min": 0.0, "START_SR_1": 0.0, "END_SR_max": 0.0, "START_SR_a": null, "END_SR_avg": null, "START_SR_R": null, "END_SR_Ref": null, "START_SR_C": null, "END_SR_Com": null }, "geometry": { "type": "LineString", "coordinates": [ [ 29.3424, 35.8569 ], [ 29.8121, 35.9953 ], [ 29.3424, 35.8569 ], [ 29.8121, 35.9953 ], [ 29.8313, 35.9524 ], [ 29.3618, 35.814 ], [ 29.3424, 35.8569 ] ] } },
{ "type": "Feature", "properties": { "Shape_Leng": 1.8742468565899999, "SS_ID": 142, "START_SS_I": 142, "END_SS_ID": 142, "START_Name": "Rho", "END_NameEN": "Rho", "START_Na_1": "Ρω", "END_NameEL": "Ρω", "START_Stri": 65, "END_Strike": 65, "START_Dip_": 155, "END_Dip_Di": 155, "START_Dip": 60, "END_Dip": 60, "START_Rake": 330, "END_Rake": 330, "START_Ra_1": -30, "END_Rake__": -30, "START_Kine": "SN", "END_Kinema": "SN", "START_Leng": 41, "END_Length": 41, "START_Widt": 11.5, "END_Width_": 11.5, "START_Min_": 0, "END_Min_De": 0, "START_Max_": 10.0, "END_Max_De": 10.0, "START_Rupt": 471.5, "END_Ruptur": 471.5, "START_Aver": 0.92, "END_Averag": 0.92, "START_Mw__": 6.7, "END_Mw__W_": 6.7, "START_Mw_1": 6.7, "END_Mw__K_": 6.7, "START_M0__": 1.43e+19, "END_M0__Nm": 1.43e+19, "START_SR_m": 0.0, "END_SR_min": 0.0, "START_SR_1": 0.0, "END_SR_max": 0.0, "START_SR_a": null, "END_SR_avg": null, "START_SR_R": null, "END_SR_Ref": null, "START_SR_C": null, "END_SR_Com": null }, "geometry": { "type": "LineString", "coordinates": [ [ 28.9919, 35.9427 ], [ 29.405, 36.0985 ], [ 28.9919, 35.9427 ], [ 29.405, 36.0985 ], [ 29.432, 36.0516 ], [ 29.0189, 35.8958 ], [ 28.9919, 35.9427 ] ] } },
{ "type": "Feature", "properties": { "Shape_Leng": 4.5511922786700003, "SS_ID": 143, "START_SS_I": 143, "END_SS_ID": 143, "START_Name": "Rhodes Basin", "END_NameEN": "Rhodes Basin", "START_Na_1": "Λεκάνη Ρόδου", "END_NameEL": "Λεκάνη Ρόδου", "START_Stri": 219, "END_Strike": 219, "START_Dip_": 309, "END_Dip_Di": 309, "START_Dip": 84, "END_Dip": 84, "START_Rake": 20, "END_Rake": 20, "START_Ra_1": 20, "END_Rake__": 20, "START_Kine": "SR", "END_Kinema": "SR", "START_Leng": 114, "END_Length": 114, "START_Widt": 18.0, "END_Width_": 18.0, "START_Min_": 0, "END_Min_De": 0, "START_Max_": 17.9, "END_Max_De": 17.9, "START_Rupt": 2052.0, "END_Ruptur": 2052.0, "START_Aver": 2.0, "END_Averag": 2.0, "START_Mw__": 7.4, "END_Mw__W_": 7.4, "START_Mw_1": 7.4, "END_Mw__K_": 7.4, "START_M0__": 1.36e+20, "END_M0__Nm": 1.36e+20, "START_SR_m": 0.0, "END_SR_min": 0.0, "START_SR_1": 0.0, "END_SR_max": 0.0, "START_SR_a": null, "END_SR_avg": null, "START_SR_R": null, "END_SR_Ref": null, "START_SR_C": null, "END_SR_Com": null }, "geometry": { "type": "LineString", "coordinates": [ [ 28.6354, 36.5045 ], [ 27.8368, 35.7077 ], [ 28.6354, 36.5045 ], [ 27.8368, 35.7077 ], [ 27.8206, 35.7184 ], [ 28.6191, 36.5151 ], [ 28.6354, 36.5045 ] ] } },
{ "type": "Feature", "properties": { "Shape_Leng": 2.3549316446400002, "SS_ID": 144, "START_SS_I": 144, "END_SS_ID": 144, "START_Name": "Carpathus", "END_NameEN": "Carpathus", "START_Na_1": "Κάρπαθος", "END_NameEL": "Κάρπαθος", "START_Stri": 243, "END_Strike": 243, "START_Dip_": 333, "END_Dip_Di": 333, "START_Dip": 78, "END_Dip": 78, "START_Rake": 30, "END_Rake": 30, "START_Ra_1": 30, "END_Rake__": 30, "START_Kine": "SR", "END_Kinema": "SR", "START_Leng": 54, "END_Length": 54, "START_Widt": 13.0, "END_Width_": 13.0, "START_Min_": 0, "END_Min_De": 0, "START_Max_": 12.7, "END_Max_De": 12.7, "START_Rupt": 702.0, "END_Ruptur": 702.0, "START_Aver": 1.25, "END_Averag": 1.25, "START_Mw__": 6.9, "END_Mw__W_": 6.9, "START_Mw_1": 6.9, "END_Mw__K_": 6.9, "START_M0__": 2.63e+19, "END_M0__Nm": 2.63e+19, "START_SR_m": 0.0, "END_SR_min": 0.0, "START_SR_1": 0.0, "END_SR_max": 0.0, "START_SR_a": null, "END_SR_avg": null, "START_SR_R": null, "END_SR_Ref": null, "START_SR_C": null, "END_SR_Com": null }, "geometry": { "type": "LineString", "coordinates": [ [ 27.8028, 35.7031 ], [ 27.2707, 35.4827 ], [ 27.8028, 35.7031 ], [ 27.2707, 35.4827 ], [ 27.2571, 35.5043 ], [ 27.7892, 35.7248 ], [ 27.8028, 35.7031 ] ] } },
{ "type": "Feature", "properties": { "Shape_Leng": 4.84840252535, "SS_ID": 145, "START_SS_I": 145, "END_SS_ID": 145, "START_Name": "Cretan-Rhodes Ridge A", "END_NameEN": "Cretan-Rhodes Ridge A", "START_Na_1": "Ράχη Κρήτης Ρόδου Α", "END_NameEL": "Ράχη Κρήτης Ρόδου Α", "START_Stri": 237, "END_Strike": 237, "START_Dip_": 327, "END_Dip_Di": 327, "START_Dip": 78, "END_Dip": 78, "START_Rake": 10, "END_Rake": 10, "START_Ra_1": 10, "END_Rake__": 10, "START_Kine": "S", "END_Kinema": "S", "START_Leng": 114, "END_Length": 114, "START_Widt": 18.0, "END_Width_": 18.0, "START_Min_": 0, "END_Min_De": 0, "START_Max_": 17.6, "END_Max_De": 17.6, "START_Rupt": 2052.0, "END_Ruptur": 2052.0, "START_Aver": 2.2, "END_Averag": 2.2, "START_Mw__": 7.4, "END_Mw__W_": 7.4, "START_Mw_1": 7.4, "END_Mw__K_": 7.4, "START_M0__": 1.36e+20, "END_M0__Nm": 1.36e+20, "START_SR_m": 0.0, "END_SR_min": 0.0, "START_SR_1": 0.0, "END_SR_max": 0.0, "START_SR_a": null, "END_SR_avg": null, "START_SR_R": null, "END_SR_Ref": null, "START_SR_C": null, "END_SR_Com": null }, "geometry": { "type": "LineString", "coordinates": [ [ 28.2698, 35.7245 ], [ 27.2144, 35.1661 ], [ 28.2698, 35.7245 ], [ 27.2144, 35.1661 ], [ 27.1918, 35.1943 ], [ 28.2474, 35.7527 ], [ 28.2698, 35.7245 ] ] } },
{ "type": "Feature", "properties": { "Shape_Leng": 4.03338174692, "SS_ID": 146, "START_SS_I": 146, "END_SS_ID": 146, "START_Name": "Cretan-Rhodes Ridge B", "END_NameEN": "Cretan-Rhodes Ridge B", "START_Na_1": "Ράχη Κρήτης Ρόδου Β", "END_NameEL": "Ράχη Κρήτης Ρόδου Β", "START_Stri": 243, "END_Strike": 243, "START_Dip_": 333, "END_Dip_Di": 333, "START_Dip": 78, "END_Dip": 78, "START_Rake": 10, "END_Rake": 10, "START_Ra_1": 10, "END_Rake__": 10, "START_Kine": "S", "END_Kinema": "S", "START_Leng": 94, "END_Length": 94, "START_Widt": 16.5, "END_Width_": 16.5, "START_Min_": 0, "END_Min_De": 0, "START_Max_": 16.1, "END_Max_De": 16.1, "START_Rupt": 1542.7, "END_Ruptur": 1542.7, "START_Aver": 1.9, "END_Averag": 1.9, "START_Mw__": 7.2, "END_Mw__W_": 7.2, "START_Mw_1": 7.2, "END_Mw__K_": 7.2, "START_M0__": 8.77e+19, "END_M0__Nm": 8.77e+19, "START_SR_m": 0.0, "END_SR_min": 0.0, "START_SR_1": 0.0, "END_SR_max": 0.0, "START_SR_a": null, "END_SR_avg": null, "START_SR_R": null, "END_SR_Ref": null, "START_SR_C": null, "END_SR_Com": null }, "geometry": { "type": "LineString", "coordinates": [ [ 27.2384, 35.2888 ], [ 26.3227, 34.907 ], [ 27.2384, 35.2888 ], [ 26.3227, 34.907 ], [ 26.3055, 34.9345 ], [ 27.2214, 35.3163 ], [ 27.2384, 35.2888 ] ] } },
{ "type": "Feature", "properties": { "Shape_Leng": 4.7257380012499999, "SS_ID": 147, "START_SS_I": 147, "END_SS_ID": 147, "START_Name": "Ptolemy Trench A", "END_NameEN": "Ptolemy Trench A", "START_Na_1": "Τάφρος Πτολεμαίου Α", "END_NameEL": "Τάφρος Πτολεμαίου Α", "START_Stri": 256, "END_Strike": 256, "START_Dip_": 346, "END_Dip_Di": 346, "START_Dip": 75, "END_Dip": 75, "START_Rake": 0, "END_Rake": 0, "START_Ra_1": 0, "END_Rake__": 0, "START_Kine": "S", "END_Kinema": "S", "START_Leng": 107, "END_Length": 107, "START_Widt": 17.5, "END_Width_": 17.5, "START_Min_": 0, "END_Min_De": 0, "START_Max_": 16.9, "END_Max_De": 16.9, "START_Rupt": 1872.5, "END_Ruptur": 1872.5, "START_Aver": 2.1, "END_Averag": 2.1, "START_Mw__": 7.3, "END_Mw__W_": 7.3, "START_Mw_1": 7.3, "END_Mw__K_": 7.3, "START_M0__": 1.18e+20, "END_M0__Nm": 1.18e+20, "START_SR_m": 0.0, "END_SR_min": 0.0, "START_SR_1": 0.0, "END_SR_max": 0.0, "START_SR_a": null, "END_SR_avg": null, "START_SR_R": null, "END_SR_Ref": null, "START_SR_C": null, "END_SR_Com": null }, "geometry": { "type": "LineString", "coordinates": [ [ 25.7642, 34.9263 ], [ 24.6271, 34.6936 ], [ 25.7642, 34.9263 ], [ 24.6271, 34.6936 ], [ 24.6149, 34.7331 ], [ 25.7524, 34.9659 ], [ 25.7642, 34.9263 ] ] } },
{ "type": "Feature", "properties": { "Shape_Leng": 2.5741592777900002, "SS_ID": 148, "START_SS_I": 148, "END_SS_ID": 148, "START_Name": "Ptolemy Trench B", "END_NameEN": "Ptolemy Trench B", "START_Na_1": "Τάφρος Πτολεμαίου Β", "END_NameEL": "Τάφρος Πτολεμαίου Β", "START_Stri": 250, "END_Strike": 250, "START_Dip_": 340, "END_Dip_Di": 340, "START_Dip": 80, "END_Dip": 80, "START_Rake": 0, "END_Rake": 0, "START_Ra_1": 0, "END_Rake__": 0, "START_Kine": "S", "END_Kinema": "S", "START_Leng": 59, "END_Length": 59, "START_Widt": 13.5, "END_Width_": 13.5, "START_Min_": 0, "END_Min_De": 0, "START_Max_": 13.3, "END_Max_De": 13.3, "START_Rupt": 796.5, "END_Ruptur": 796.5, "START_Aver": 1.34, "END_Averag": 1.34, "START_Mw__": 6.9, "END_Mw__W_": 6.9, "START_Mw_1": 6.9, "END_Mw__K_": 6.9, "START_M0__": 3.19e+19, "END_M0__Nm": 3.19e+19, "START_SR_m": 0.0, "END_SR_min": 0.0, "START_SR_1": 0.0, "END_SR_max": 0.0, "START_SR_a": null, "END_SR_avg": null, "START_SR_R": null, "END_SR_Ref": null, "START_SR_C": null, "END_SR_Com": null }, "geometry": { "type": "LineString", "coordinates": [ [ 24.6058, 34.7342 ], [ 23.9997, 34.5527 ], [ 24.6058, 34.7342 ], [ 23.9997, 34.5527 ], [ 23.9909, 34.5725 ], [ 24.5971, 34.754 ], [ 24.6058, 34.7342 ] ] } },
{ "type": "Feature", "properties": { "Shape_Leng": 6.5859517896700002, "SS_ID": 149, "START_SS_I": 149, "END_SS_ID": 149, "START_Name": "Pliny Trench A", "END_NameEN": "Pliny Trench A", "START_Na_1": "Τάφρος Πλίνιου Α", "END_NameEL": "Τάφρος Πλίνιου Α", "START_Stri": 242, "END_Strike": 242, "START_Dip_": 332, "END_Dip_Di": 332, "START_Dip": 75, "END_Dip": 75, "START_Rake": 10, "END_Rake": 10, "START_Ra_1": 10, "END_Rake__": 10, "START_Kine": "S", "END_Kinema": "S", "START_Leng": 154, "END_Length": 154, "START_Widt": 20.5, "END_Width_": 20.5, "START_Min_": 0, "END_Min_De": 0, "START_Max_": 19.8, "END_Max_De": 19.8, "START_Rupt": 3157.0, "END_Ruptur": 3157.0, "START_Aver": 2.77, "END_Averag": 2.77, "START_Mw__": 7.5, "END_Mw__W_": 7.5, "START_Mw_1": 7.5, "END_Mw__K_": 7.5, "START_M0__": 2.62e+20, "END_M0__Nm": 2.62e+20, "START_SR_m": 0.0, "END_SR_min": 0.0, "START_SR_1": 0.0, "END_SR_max": 0.0, "START_SR_a": null, "END_SR_avg": null, "START_SR_R": null, "END_SR_Ref": null, "START_SR_C": null, "END_SR_Com": null }, "geometry": { "type": "LineString", "coordinates": [ [ 27.1949, 34.9055 ], [ 25.7096, 34.2553 ], [ 27.1949, 34.9055 ], [ 25.7096, 34.2553 ], [ 25.6823, 34.2974 ], [ 27.1678, 34.9476 ], [ 27.1949, 34.9055 ] ] } },
{ "type": "Feature", "properties": { "Shape_Leng": 3.7418736304500002, "SS_ID": 150, "START_SS_I": 150, "END_SS_ID": 150, "START_Name": "Pliny Trench B", "END_NameEN": "Pliny Trench B", "START_Na_1": "Τάφρος Πλίνιου Β", "END_NameEL": "Τάφρος Πλίνιου Β", "START_Stri": 244, "END_Strike": 244, "START_Dip_": 334, "END_Dip_Di": 334, "START_Dip": 75, "END_Dip": 75, "START_Rake": 10, "END_Rake": 10, "START_Ra_1": 10, "END_Rake__": 10, "START_Kine": "S", "END_Kinema": "S", "START_Leng": 87, "END_Length": 87, "START_Widt": 16.0, "END_Width_": 16.0, "START_Min_": 0, "END_Min_De": 0, "START_Max_": 15.5, "END_Max_De": 15.5, "START_Rupt": 1392.0, "END_Ruptur": 1392.0, "START_Aver": 1.79, "END_Averag": 1.79, "START_Mw__": 7.2, "END_Mw__W_": 7.2, "START_Mw_1": 7.2, "END_Mw__K_": 7.2, "START_M0__": 7.49e+19, "END_M0__Nm": 7.49e+19, "START_SR_m": 0.0, "END_SR_min": 0.0, "START_SR_1": 0.0, "END_SR_max": 0.0, "START_SR_a": null, "END_SR_avg": null, "START_SR_R": null, "END_SR_Ref": null, "START_SR_C": null, "END_SR_Com": null }, "geometry": { "type": "LineString", "coordinates": [ [ 25.5836, 34.2893 ], [ 24.7342, 33.9464 ], [ 25.5836, 34.2893 ], [ 24.7342, 33.9464 ], [ 24.7144, 33.9798 ], [ 25.564, 34.3228 ], [ 25.5836, 34.2893 ] ] } },
{ "type": "Feature", "properties": { "Shape_Leng": 5.1437596074199998, "SS_ID": 151, "START_SS_I": 151, "END_SS_ID": 151, "START_Name": "Strabo Trench A", "END_NameEN": "Strabo Trench A", "START_Na_1": "Τάφρος Στράβωνα Α", "END_NameEL": "Τάφρος Στράβωνα Α", "START_Stri": 236, "END_Strike": 236, "START_Dip_": 326, "END_Dip_Di": 326, "START_Dip": 75, "END_Dip": 75, "START_Rake": 10, "END_Rake": 10, "START_Ra_1": 10, "END_Rake__": 10, "START_Kine": "S", "END_Kinema": "S", "START_Leng": 122, "END_Length": 122, "START_Widt": 18.5, "END_Width_": 18.5, "START_Min_": 0, "END_Min_De": 0, "START_Max_": 17.9, "END_Max_De": 17.9, "START_Rupt": 2247.8, "END_Ruptur": 2247.8, "START_Aver": 2.31, "END_Averag": 2.31, "START_Mw__": 7.4, "END_Mw__W_": 7.4, "START_Mw_1": 7.4, "END_Mw__K_": 7.4, "START_M0__": 1.56e+20, "END_M0__Nm": 1.56e+20, "START_SR_m": 0.0, "END_SR_min": 0.0, "START_SR_1": 0.0, "END_SR_max": 0.0, "START_SR_a": null, "END_SR_avg": null, "START_SR_R": null, "END_SR_Ref": null, "START_SR_C": null, "END_SR_Com": null }, "geometry": { "type": "LineString", "coordinates": [ [ 28.5737, 35.2486 ], [ 27.4686, 34.6375 ], [ 28.5737, 35.2486 ], [ 27.4686, 34.6375 ], [ 27.4392, 34.6732 ], [ 28.5444, 35.2843 ], [ 28.5737, 35.2486 ] ] } },
{ "type": "Feature", "properties": { "Shape_Leng": 2.94689966402, "SS_ID": 152, "START_SS_I": 152, "END_SS_ID": 152, "START_Name": "Strabo Trench B", "END_NameEN": "Strabo Trench B", "START_Na_1": "Τάφρος Στράβωνα Β", "END_NameEL": "Τάφρος Στράβωνα Β", "START_Stri": 236, "END_Strike": 236, "START_Dip_": 326, "END_Dip_Di": 326, "START_Dip": 75, "END_Dip": 75, "START_Rake": 10, "END_Rake": 10, "START_Ra_1": 10, "END_Rake__": 10, "START_Kine": "S", "END_Kinema": "S", "START_Leng": 70, "END_Length": 70, "START_Widt": 14.5, "END_Width_": 14.5, "START_Min_": 0, "END_Min_De": 0, "START_Max_": 14.0, "END_Max_De": 14.0, "START_Rupt": 1007.7, "END_Ruptur": 1007.7, "START_Aver": 1.51, "END_Averag": 1.51, "START_Mw__": 7.0, "END_Mw__W_": 7.0, "START_Mw_1": 7.0, "END_Mw__K_": 7.0, "START_M0__": 4.57e+19, "END_M0__Nm": 4.57e+19, "START_SR_m": 0.0, "END_SR_min": 0.0, "START_SR_1": 0.0, "END_SR_max": 0.0, "START_SR_a": null, "END_SR_avg": null, "START_SR_R": null, "END_SR_Ref": null, "START_SR_C": null, "END_SR_Com": null }, "geometry": { "type": "LineString", "coordinates": [ [ 27.421, 34.5599 ], [ 26.7931, 34.2103 ], [ 27.421, 34.5599 ], [ 26.7931, 34.2103 ], [ 26.7702, 34.2383 ], [ 27.3982, 34.5878 ], [ 27.421, 34.5599 ] ] } },
{ "type": "Feature", "properties": { "Shape_Leng": 5.1459502157500001, "SS_ID": 153, "START_SS_I": 153, "END_SS_ID": 153, "START_Name": "Strabo Trench C", "END_NameEN": "Strabo Trench C", "START_Na_1": "Τάφρος Στράβωνα Γ", "END_NameEL": "Τάφρος Στράβωνα Γ", "START_Stri": 238, "END_Strike": 238, "START_Dip_": 328, "END_Dip_Di": 328, "START_Dip": 75, "END_Dip": 75, "START_Rake": 10, "END_Rake": 10, "START_Ra_1": 10, "END_Rake__": 10, "START_Kine": "S", "END_Kinema": "S", "START_Leng": 122, "END_Length": 122, "START_Widt": 18.5, "END_Width_": 18.5, "START_Min_": 0, "END_Min_De": 0, "START_Max_": 17.9, "END_Max_De": 17.9, "START_Rupt": 2257.0, "END_Ruptur": 2257.0, "START_Aver": 2.32, "END_Averag": 2.32, "START_Mw__": 7.4, "END_Mw__W_": 7.4, "START_Mw_1": 7.4, "END_Mw__K_": 7.4, "START_M0__": 1.57e+20, "END_M0__Nm": 1.57e+20, "START_SR_m": 0.0, "END_SR_min": 0.0, "START_SR_1": 0.0, "END_SR_max": 0.0, "START_SR_a": null, "END_SR_avg": null, "START_SR_R": null, "END_SR_Ref": null, "START_SR_C": null, "END_SR_Com": null }, "geometry": { "type": "LineString", "coordinates": [ [ 26.7495, 34.2573 ], [ 25.6276, 33.6759 ], [ 26.7495, 34.2573 ], [ 25.6276, 33.6759 ], [ 25.6, 33.7124 ], [ 26.722, 34.2938 ], [ 26.7495, 34.2573 ] ] } },
{ "type": "Feature", "properties": { "Shape_Leng": 2.5691537769199999, "SS_ID": 154, "START_SS_I": 154, "END_SS_ID": 154, "START_Name": "South Taenarus", "END_NameEN": "South Taenarus", "START_Na_1": "Νότια Ταίναρος", "END_NameEL": "Νότια Ταίναρος", "START_Stri": 214, "END_Strike": 214, "START_Dip_": 304, "END_Dip_Di": 304, "START_Dip": 75, "END_Dip": 75, "START_Rake": 170, "END_Rake": 170, "START_Ra_1": 170, "END_Rake__": 170, "START_Kine": "D", "END_Kinema": "D", "START_Leng": 64, "END_Length": 64, "START_Widt": 14.0, "END_Width_": 14.0, "START_Min_": 4, "END_Min_De": 4, "START_Max_": 17.5, "END_Max_De": 17.5, "START_Rupt": 896.0, "END_Ruptur": 896.0, "START_Aver": 1.33, "END_Averag": 1.33, "START_Mw__": 7.0, "END_Mw__W_": 7.0, "START_Mw_1": 7.0, "END_Mw__K_": 7.0, "START_M0__": 3.82e+19, "END_M0__Nm": 3.82e+19, "START_SR_m": 0.0, "END_SR_min": 0.0, "START_SR_1": 0.0, "END_SR_max": 0.0, "START_SR_a": null, "END_SR_avg": null, "START_SR_R": null, "END_SR_Ref": null, "START_SR_C": null, "END_SR_Com": null }, "geometry": { "type": "LineString", "coordinates": [ [ 22.6192, 36.1384 ], [ 22.2218, 35.6612 ], [ 22.6093, 36.1438 ], [ 22.212, 35.6666 ], [ 22.1786, 35.6848 ], [ 22.5759, 36.162 ], [ 22.6192, 36.1384 ] ] } },
{ "type": "Feature", "properties": { "Shape_Leng": 1.2578499596299999, "SS_ID": 155, "START_SS_I": 155, "END_SS_ID": 155, "START_Name": "Sphacteria", "END_NameEN": "Sphacteria", "START_Na_1": "Σαφακτηρία", "END_NameEL": "Σαφακτηρία", "START_Stri": 89, "END_Strike": 89, "START_Dip_": 179, "END_Dip_Di": 179, "START_Dip": 45, "END_Dip": 45, "START_Rake": 230, "END_Rake": 230, "START_Ra_1": -130, "END_Rake__": -130, "START_Kine": "ND", "END_Kinema": "ND", "START_Leng": 24, "END_Length": 24, "START_Widt": 14.0, "END_Width_": 14.0, "START_Min_": 0, "END_Min_De": 0, "START_Max_": 9.9, "END_Max_De": 9.9, "START_Rupt": 336.0, "END_Ruptur": 336.0, "START_Aver": 0.71, "END_Averag": 0.71, "START_Mw__": 6.5, "END_Mw__W_": 6.5, "START_Mw_1": 6.5, "END_Mw__K_": 6.5, "START_M0__": 7.17e+18, "END_M0__Nm": 7.17e+18, "START_SR_m": 0.0, "END_SR_min": 0.0, "START_SR_1": 0.0, "END_SR_max": 0.0, "START_SR_a": null, "END_SR_avg": null, "START_SR_R": null, "END_SR_Ref": null, "START_SR_C": null, "END_SR_Com": null }, "geometry": { "type": "LineString", "coordinates": [ [ 21.2649, 36.9124 ], [ 21.5349, 36.9162 ], [ 21.2649, 36.9124 ], [ 21.5349, 36.9162 ], [ 21.5367, 36.8272 ], [ 21.267, 36.8234 ], [ 21.2649, 36.9124 ] ] } },
{ "type": "Feature", "properties": { "Shape_Leng": 1.54775484219, "SS_ID": 156, "START_SS_I": 156, "END_SS_ID": 156, "START_Name": "Katákolo", "END_NameEN": "Katákolo", "START_Na_1": "Κατάκολο", "END_NameEL": "Κατάκολο", "START_Stri": 44, "END_Strike": 44, "START_Dip_": 134, "END_Dip_Di": 134, "START_Dip": 80, "END_Dip": 80, "START_Rake": 190, "END_Rake": 190, "START_Ra_1": -170, "END_Rake__": -170, "START_Kine": "D", "END_Kinema": "D", "START_Leng": 37, "END_Length": 37, "START_Widt": 11.0, "END_Width_": 11.0, "START_Min_": 0, "END_Min_De": 0, "START_Max_": 10.8, "END_Max_De": 10.8, "START_Rupt": 407.0, "END_Ruptur": 407.0, "START_Aver": 0.94, "END_Averag": 0.94, "START_Mw__": 6.6, "END_Mw__W_": 6.6, "START_Mw_1": 6.6, "END_Mw__K_": 6.6, "START_M0__": 1.14e+19, "END_M0__Nm": 1.14e+19, "START_SR_m": 0.0, "END_SR_min": 0.0, "START_SR_1": 0.0, "END_SR_max": 0.0, "START_SR_a": null, "END_SR_avg": null, "START_SR_R": null, "END_SR_Ref": null, "START_SR_C": null, "END_SR_Com": null }, "geometry": { "type": "LineString", "coordinates": [ [ 21.0016, 37.3844 ], [ 21.293, 37.6238 ], [ 21.0016, 37.3844 ], [ 21.293, 37.6238 ], [ 21.3086, 37.6118 ], [ 21.0172, 37.3725 ], [ 21.0016, 37.3844 ] ] } },
{ "type": "Feature", "properties": { "Shape_Leng": 1.20759601152, "SS_ID": 157, "START_SS_I": 157, "END_SS_ID": 157, "START_Name": "Laganás Gulf", "END_NameEN": "Laganás Gulf", "START_Na_1": "Κόλπος Λαγανά", "END_NameEL": "Κόλπος Λαγανά", "START_Stri": 349, "END_Strike": 349, "START_Dip_": 79, "END_Dip_Di": 79, "START_Dip": 25, "END_Dip": 25, "START_Rake": 90, "END_Rake": 90, "START_Ra_1": 90, "END_Rake__": 90, "START_Kine": "R", "END_Kinema": "R", "START_Leng": 24, "END_Length": 24, "START_Widt": 12.0, "END_Width_": 12.0, "START_Min_": 3, "END_Min_De": 3, "START_Max_": 8.1, "END_Max_De": 8.1, "START_Rupt": 288.0, "END_Ruptur": 288.0, "START_Aver": 0.94, "END_Averag": 0.94, "START_Mw__": 6.5, "END_Mw__W_": 6.5, "START_Mw_1": 6.5, "END_Mw__K_": 6.5, "START_M0__": 8.12e+18, "END_M0__Nm": 8.12e+18, "START_SR_m": 0.0, "END_SR_min": 0.0, "START_SR_1": 0.0, "END_SR_max": 0.0, "START_SR_a": null, "END_SR_avg": null, "START_SR_R": null, "END_SR_Ref": null, "START_SR_C": null, "END_SR_Com": null }, "geometry": { "type": "LineString", "coordinates": [ [ 20.9003, 37.4159 ], [ 20.8483, 37.6278 ], [ 20.9719, 37.427 ], [ 20.92, 37.6388 ], [ 21.0411, 37.6575 ], [ 21.0929, 37.4456 ], [ 20.9003, 37.4159 ] ] } },
{ "type": "Feature", "properties": { "Shape_Leng": 1.4649936568399999, "SS_ID": 158, "START_SS_I": 158, "END_SS_ID": 158, "START_Name": "Zacynthus-Cyllene Strait", "END_NameEN": "Zacynthus-Cyllene Strait", "START_Na_1": "Στενό Ζακύνθου-Κυλλήνης", "END_NameEL": "Στενό Ζακύνθου-Κυλλήνης", "START_Stri": 300, "END_Strike": 300, "START_Dip_": 30, "END_Dip_Di": 30, "START_Dip": 85, "END_Dip": 85, "START_Rake": 9, "END_Rake": 9, "START_Ra_1": 9, "END_Rake__": 9, "START_Kine": "S", "END_Kinema": "S", "START_Leng": 33, "END_Length": 33, "START_Widt": 10.5, "END_Width_": 10.5, "START_Min_": 15, "END_Min_De": 15, "START_Max_": 25.5, "END_Max_De": 25.5, "START_Rupt": 346.5, "END_Ruptur": 346.5, "START_Aver": 0.86, "END_Averag": 0.86, "START_Mw__": 6.6, "END_Mw__W_": 6.6, "START_Mw_1": 6.6, "END_Mw__K_": 6.6, "START_M0__": 8.93e+18, "END_M0__Nm": 8.93e+18, "START_SR_m": 0.0, "END_SR_min": 0.0, "START_SR_1": 0.0, "END_SR_max": 0.0, "START_SR_a": null, "END_SR_avg": null, "START_SR_R": null, "END_SR_Ref": null, "START_SR_C": null, "END_SR_Com": null }, "geometry": { "type": "LineString", "coordinates": [ [ 21.1496, 37.8211 ], [ 20.8238, 37.9695 ], [ 21.157, 37.8314 ], [ 20.8313, 37.9797 ], [ 20.8365, 37.9869 ], [ 21.1623, 37.8385 ], [ 21.1496, 37.8211 ] ] } },
{ "type": "Feature", "properties": { "Shape_Leng": 2.0449914912299998, "SS_ID": 159, "START_SS_I": 159, "END_SS_ID": 159, "START_Name": "Scala", "END_NameEN": "Scala", "START_Na_1": "Σκάλα", "END_NameEL": "Σκάλα", "START_Stri": 333, "END_Strike": 333, "START_Dip_": 63, "END_Dip_Di": 63, "START_Dip": 50, "END_Dip": 50, "START_Rake": 83, "END_Rake": 83, "START_Ra_1": 83, "END_Rake__": 83, "START_Kine": "R", "END_Kinema": "R", "START_Leng": 46, "END_Length": 46, "START_Widt": 19.0, "END_Width_": 19.0, "START_Min_": 0, "END_Min_De": 0, "START_Max_": 14.6, "END_Max_De": 14.6, "START_Rupt": 883.5, "END_Ruptur": 883.5, "START_Aver": 1.39, "END_Averag": 1.39, "START_Mw__": 7.0, "END_Mw__W_": 7.0, "START_Mw_1": 7.0, "END_Mw__K_": 7.0, "START_M0__": 3.69e+19, "END_M0__Nm": 3.69e+19, "START_SR_m": 0.0, "END_SR_min": 0.0, "START_SR_1": 0.0, "END_SR_max": 0.0, "START_SR_a": null, "END_SR_avg": null, "START_SR_R": null, "END_SR_Ref": null, "START_SR_C": null, "END_SR_Com": null }, "geometry": { "type": "LineString", "coordinates": [ [ 20.7858, 38.072 ], [ 20.5441, 38.4446 ], [ 20.7858, 38.072 ], [ 20.5441, 38.4446 ], [ 20.6688, 38.4945 ], [ 20.9104, 38.1219 ], [ 20.7858, 38.072 ] ] } },
{ "type": "Feature", "properties": { "Shape_Leng": 1.67544392356, "SS_ID": 160, "START_SS_I": 160, "END_SS_ID": 160, "START_Name": "Aenus", "END_NameEN": "Aenus", "START_Na_1": "Αίνος", "END_NameEL": "Αίνος", "START_Stri": 304, "END_Strike": 304, "START_Dip_": 34, "END_Dip_Di": 34, "START_Dip": 35, "END_Dip": 35, "START_Rake": 55, "END_Rake": 55, "START_Ra_1": 55, "END_Rake__": 55, "START_Kine": "RS", "END_Kinema": "RS", "START_Leng": 33, "END_Length": 33, "START_Widt": 15.0, "END_Width_": 15.0, "START_Min_": 1, "END_Min_De": 1, "START_Max_": 9.6, "END_Max_De": 9.6, "START_Rupt": 495.0, "END_Ruptur": 495.0, "START_Aver": 1.14, "END_Averag": 1.14, "START_Mw__": 6.8, "END_Mw__W_": 6.8, "START_Mw_1": 6.8, "END_Mw__K_": 6.8, "START_M0__": 1.69e+19, "END_M0__Nm": 1.69e+19, "START_SR_m": 0.0, "END_SR_min": 0.0, "START_SR_1": 0.0, "END_SR_max": 0.0, "START_SR_a": null, "END_SR_avg": null, "START_SR_R": null, "END_SR_Ref": null, "START_SR_C": null, "END_SR_Com": null }, "geometry": { "type": "LineString", "coordinates": [ [ 20.7778, 38.0486 ], [ 20.465, 38.2146 ], [ 20.787, 38.0593 ], [ 20.4741, 38.2252 ], [ 20.5527, 38.3168 ], [ 20.8656, 38.1509 ], [ 20.7778, 38.0486 ] ] } },
{ "type": "Feature", "properties": { "Shape_Leng": 3.4009983774000001, "SS_ID": 161, "START_SS_I": 161, "END_SS_ID": 161, "START_Name": "Cephalonia", "END_NameEN": "Cephalonia", "START_Na_1": "Κεφαλονιά", "END_NameEL": "Κεφαλονιά", "START_Stri": 26, "END_Strike": 26, "START_Dip_": 116, "END_Dip_Di": 116, "START_Dip": 75, "END_Dip": 75, "START_Rake": 186, "END_Rake": 186, "START_Ra_1": -174, "END_Rake__": -174, "START_Kine": "D", "END_Kinema": "D", "START_Leng": 87, "END_Length": 87, "START_Widt": 16.0, "END_Width_": 16.0, "START_Min_": 0, "END_Min_De": 0, "START_Max_": 15.5, "END_Max_De": 15.5, "START_Rupt": 1392.0, "END_Ruptur": 1392.0, "START_Aver": 1.79, "END_Averag": 1.79, "START_Mw__": 7.2, "END_Mw__W_": 7.2, "START_Mw_1": 7.2, "END_Mw__K_": 7.2, "START_M0__": 7.49e+19, "END_M0__Nm": 7.49e+19, "START_SR_m": 0.0, "END_SR_min": 0.0, "START_SR_1": 0.0, "END_SR_max": 0.0, "START_SR_a": null, "END_SR_avg": null, "START_SR_R": null, "END_SR_Ref": null, "START_SR_C": null, "END_SR_Com": null }, "geometry": { "type": "LineString", "coordinates": [ [ 19.9762, 37.76 ], [ 20.4121, 38.4633 ], [ 19.9762, 37.76 ], [ 20.4121, 38.4633 ], [ 20.4548, 38.4469 ], [ 20.0187, 37.7437 ], [ 19.9762, 37.76 ] ] } },
{ "type": "Feature", "properties": { "Shape_Leng": 2.0806584894100002, "SS_ID": 162, "START_SS_I": 162, "END_SS_ID": 162, "START_Name": "Leucas", "END_NameEN": "Leucas", "START_Na_1": "Λευκάδα", "END_NameEL": "Λευκάδα", "START_Stri": 16, "END_Strike": 16, "START_Dip_": 106, "END_Dip_Di": 106, "START_Dip": 72, "END_Dip": 72, "START_Rake": 178, "END_Rake": 178, "START_Ra_1": 178, "END_Rake__": 178, "START_Kine": "D", "END_Kinema": "D", "START_Leng": 54, "END_Length": 54, "START_Widt": 13.0, "END_Width_": 13.0, "START_Min_": 0, "END_Min_De": 0, "START_Max_": 12.4, "END_Max_De": 12.4, "START_Rupt": 702.0, "END_Ruptur": 702.0, "START_Aver": 1.25, "END_Averag": 1.25, "START_Mw__": 6.9, "END_Mw__W_": 6.9, "START_Mw_1": 6.9, "END_Mw__K_": 6.9, "START_M0__": 2.63e+19, "END_M0__Nm": 2.63e+19, "START_SR_m": 0.8, "END_SR_min": 0.8, "START_SR_1": 0.8, "END_SR_max": 0.8, "START_SR_a": null, "END_SR_avg": null, "START_SR_R": "Rondoyanni et al. (2012)", "END_SR_Ref": "Rondoyanni et al. (2012)", "START_SR_C": null, "END_SR_Com": null }, "geometry": { "type": "LineString", "coordinates": [ [ 20.4309, 38.4739 ], [ 20.6025, 38.9407 ], [ 20.4309, 38.4739 ], [ 20.6025, 38.9407 ], [ 20.647, 38.9308 ], [ 20.4754, 38.4639 ], [ 20.4309, 38.4739 ] ] } },
{ "type": "Feature", "properties": { "Shape_Leng": 3.4103537460600002, "SS_ID": 163, "START_SS_I": 163, "END_SS_ID": 163, "START_Name": "Paxi", "END_NameEN": "Paxi", "START_Na_1": "Παξοί", "END_NameEL": "Παξοί", "START_Stri": 320, "END_Strike": 320, "START_Dip_": 50, "END_Dip_Di": 50, "START_Dip": 30, "END_Dip": 30, "START_Rake": 80, "END_Rake": 80, "START_Ra_1": 80, "END_Rake__": 80, "START_Kine": "R", "END_Kinema": "R", "START_Leng": 68, "END_Length": 68, "START_Widt": 25.0, "END_Width_": 25.0, "START_Min_": 7, "END_Min_De": 7, "START_Max_": 19.5, "END_Max_De": 19.5, "START_Rupt": 1712.5, "END_Ruptur": 1712.5, "START_Aver": 1.76, "END_Averag": 1.76, "START_Mw__": 7.2, "END_Mw__W_": 7.2, "START_Mw_1": 7.2, "END_Mw__K_": 7.2, "START_M0__": 9.02e+19, "END_M0__Nm": 9.02e+19, "START_SR_m": 0.0, "END_SR_min": 0.0, "START_SR_1": 0.0, "END_SR_max": 0.0, "START_SR_a": null, "END_SR_avg": null, "START_SR_R": null, "END_SR_Ref": null, "START_SR_C": null, "END_SR_Com": null }, "geometry": { "type": "LineString", "coordinates": [ [ 20.3974, 38.8288 ], [ 19.8868, 39.3007 ], [ 20.505, 38.8988 ], [ 19.9945, 39.3708 ], [ 20.187, 39.4959 ], [ 20.6973, 39.024 ], [ 20.3974, 38.8288 ] ] } },
{ "type": "Feature", "properties": { "Shape_Leng": 3.3637710884300001, "SS_ID": 164, "START_SS_I": 164, "END_SS_ID": 164, "START_Name": "Corfu", "END_NameEN": "Corfu", "START_Na_1": "Κέρκυρα", "END_NameEL": "Κέρκυρα", "START_Stri": 326, "END_Strike": 326, "START_Dip_": 56, "END_Dip_Di": 56, "START_Dip": 30, "END_Dip": 30, "START_Rake": 90, "END_Rake": 90, "START_Ra_1": 90, "END_Rake__": 90, "START_Kine": "R", "END_Kinema": "R", "START_Leng": 68, "END_Length": 68, "START_Widt": 25.0, "END_Width_": 25.0, "START_Min_": 7, "END_Min_De": 7, "START_Max_": 19.5, "END_Max_De": 19.5, "START_Rupt": 1712.5, "END_Ruptur": 1712.5, "START_Aver": 1.76, "END_Averag": 1.76, "START_Mw__": 7.2, "END_Mw__W_": 7.2, "START_Mw_1": 7.2, "END_Mw__K_": 7.2, "START_M0__": 9.02e+19, "END_M0__Nm": 9.02e+19, "START_SR_m": 0.0, "END_SR_min": 0.0, "START_SR_1": 0.0, "END_SR_max": 0.0, "START_SR_a": null, "END_SR_avg": null, "START_SR_R": null, "END_SR_Ref": null, "START_SR_C": null, "END_SR_Com": null }, "geometry": { "type": "LineString", "coordinates": [ [ 19.7449, 39.3313 ], [ 19.2972, 39.842 ], [ 19.8621, 39.3922 ], [ 19.4147, 39.903 ], [ 19.6247, 40.0118 ], [ 20.0717, 39.5011 ], [ 19.7449, 39.3313 ] ] } },
{ "type": "Feature", "properties": { "Shape_Leng": 1.2185853008600001, "SS_ID": 165, "START_SS_I": 165, "END_SS_ID": 165, "START_Name": "Pantokratoras", "END_NameEN": "Pantokratoras", "START_Na_1": "Παντοκράτορας", "END_NameEL": "Παντοκράτορας", "START_Stri": 77, "END_Strike": 77, "START_Dip_": 167, "END_Dip_Di": 167, "START_Dip": 85, "END_Dip": 85, "START_Rake": 30, "END_Rake": 30, "START_Ra_1": 30, "END_Rake__": 30, "START_Kine": "SR", "END_Kinema": "SR", "START_Leng": 26, "END_Length": 26, "START_Widt": 9.5, "END_Width_": 9.5, "START_Min_": 0, "END_Min_De": 0, "START_Max_": 9.5, "END_Max_De": 9.5, "START_Rupt": 247.0, "END_Ruptur": 247.0, "START_Aver": 0.98, "END_Averag": 0.98, "START_Mw__": 6.4, "END_Mw__W_": 6.4, "START_Mw_1": 6.5, "END_Mw__K_": 6.5, "START_M0__": 7.26e+18, "END_M0__Nm": 7.26e+18, "START_SR_m": 0.0, "END_SR_min": 0.0, "START_SR_1": 0.0, "END_SR_max": 0.0, "START_SR_a": null, "END_SR_avg": null, "START_SR_R": null, "END_SR_Ref": null, "START_SR_C": null, "END_SR_Com": null }, "geometry": { "type": "LineString", "coordinates": [ [ 19.6753, 39.6836 ], [ 19.9715, 39.7362 ], [ 19.6753, 39.6836 ], [ 19.9715, 39.7362 ], [ 19.9737, 39.7289 ], [ 19.6775, 39.6763 ], [ 19.6753, 39.6836 ] ] } },
{ "type": "Feature", "properties": { "Shape_Leng": 2.35661317337, "SS_ID": 200, "START_SS_I": 200, "END_SS_ID": 200, "START_Name": "Othoni", "END_NameEN": "Othoni", "START_Na_1": "Οθωνοί", "END_NameEL": "Οθωνοί", "START_Stri": 230, "END_Strike": 230, "START_Dip_": 320, "END_Dip_Di": 320, "START_Dip": 80, "END_Dip": 80, "START_Rake": 195, "END_Rake": 195, "START_Ra_1": -165, "END_Rake__": -165, "START_Kine": "D", "END_Kinema": "D", "START_Leng": 54, "END_Length": 54, "START_Widt": 13.0, "END_Width_": 13.0, "START_Min_": 0, "END_Min_De": 0, "START_Max_": 12.8, "END_Max_De": 12.8, "START_Rupt": 702.0, "END_Ruptur": 702.0, "START_Aver": 1.25, "END_Averag": 1.25, "START_Mw__": 6.9, "END_Mw__W_": 6.9, "START_Mw_1": 6.9, "END_Mw__K_": 6.9, "START_M0__": 2.63e+19, "END_M0__Nm": 2.63e+19, "START_SR_m": 0.0, "END_SR_min": 0.0, "START_SR_1": 0.0, "END_SR_max": 0.0, "START_SR_a": null, "END_SR_avg": null, "START_SR_R": null, "END_SR_Ref": null, "START_SR_C": null, "END_SR_Com": null }, "geometry": { "type": "LineString", "coordinates": [ [ 19.8502, 40.2013 ], [ 19.3642, 39.8892 ], [ 19.8502, 40.2013 ], [ 19.3642, 39.8892 ], [ 19.3471, 39.9047 ], [ 19.8331, 40.2169 ], [ 19.8502, 40.2013 ] ] } },
{ "type": "Feature", "properties": { "Shape_Leng": 3.25068315532, "SS_ID": 201, "START_SS_I": 201, "END_SS_ID": 201, "START_Name": "Vlorë", "END_NameEN": "Vlorë", "START_Na_1": "Αυλών", "END_NameEL": "Αυλών", "START_Stri": 318, "END_Strike": 318, "START_Dip_": 48, "END_Dip_Di": 48, "START_Dip": 30, "END_Dip": 30, "START_Rake": 80, "END_Rake": 80, "START_Ra_1": 80, "END_Rake__": 80, "START_Kine": "R", "END_Kinema": "R", "START_Leng": 66, "END_Length": 66, "START_Widt": 24.5, "END_Width_": 24.5, "START_Min_": 2, "END_Min_De": 2, "START_Max_": 14.3, "END_Max_De": 14.3, "START_Rupt": 1629.2, "END_Ruptur": 1629.2, "START_Aver": 1.73, "END_Averag": 1.73, "START_Mw__": 7.2, "END_Mw__W_": 7.2, "START_Mw_1": 7.2, "END_Mw__K_": 7.2, "START_M0__": 8.44e+19, "END_M0__Nm": 8.44e+19, "START_SR_m": 0.0, "END_SR_min": 0.0, "START_SR_1": 0.0, "END_SR_max": 0.0, "START_SR_a": null, "END_SR_avg": null, "START_SR_R": null, "END_SR_Ref": null, "START_SR_C": null, "END_SR_Com": null }, "geometry": { "type": "LineString", "coordinates": [ [ 19.4952, 40.1065 ], [ 18.9701, 40.551 ], [ 19.5256, 40.1274 ], [ 19.0005, 40.5718 ], [ 19.1868, 40.6995 ], [ 19.7117, 40.2551 ], [ 19.4952, 40.1065 ] ] } },
{ "type": "Feature", "properties": { "Shape_Leng": 3.0691292804499999, "SS_ID": 202, "START_SS_I": 202, "END_SS_ID": 202, "START_Name": "Fier", "END_NameEN": "Fier", "START_Na_1": "Φιέρ", "END_NameEL": "Φιέρ", "START_Stri": 72, "END_Strike": 72, "START_Dip_": 162, "END_Dip_Di": 162, "START_Dip": 70, "END_Dip": 70, "START_Rake": 190, "END_Rake": 190, "START_Ra_1": -170, "END_Rake__": -170, "START_Kine": "D", "END_Kinema": "D", "START_Leng": 64, "END_Length": 64, "START_Widt": 14.0, "END_Width_": 14.0, "START_Min_": 0, "END_Min_De": 0, "START_Max_": 13.2, "END_Max_De": 13.2, "START_Rupt": 896.0, "END_Ruptur": 896.0, "START_Aver": 1.42, "END_Averag": 1.42, "START_Mw__": 7.0, "END_Mw__W_": 7.0, "START_Mw_1": 7.0, "END_Mw__K_": 7.0, "START_M0__": 3.82e+19, "END_M0__Nm": 3.82e+19, "START_SR_m": 0.0, "END_SR_min": 0.0, "START_SR_1": 0.0, "END_SR_max": 0.0, "START_SR_a": null, "END_SR_avg": null, "START_SR_R": null, "END_SR_Ref": null, "START_SR_C": null, "END_SR_Com": null }, "geometry": { "type": "LineString", "coordinates": [ [ 19.2689, 40.7486 ], [ 19.9924, 40.9265 ], [ 19.2689, 40.7486 ], [ 19.9924, 40.9265 ], [ 20.0099, 40.8855 ], [ 19.2866, 40.7077 ], [ 19.2689, 40.7486 ] ] } },
{ "type": "Feature", "properties": { "Shape_Leng": 2.2821859729299998, "SS_ID": 203, "START_SS_I": 203, "END_SS_ID": 203, "START_Name": "Delvine", "END_NameEN": "Delvine", "START_Na_1": "Δέλβινο", "END_NameEL": "Δέλβινο", "START_Stri": 317, "END_Strike": 317, "START_Dip_": 47, "END_Dip_Di": 47, "START_Dip": 40, "END_Dip": 40, "START_Rake": 80, "END_Rake": 80, "START_Ra_1": 80, "END_Rake__": 80, "START_Kine": "R", "END_Kinema": "R", "START_Leng": 46, "END_Length": 46, "START_Widt": 19.0, "END_Width_": 19.0, "START_Min_": 3, "END_Min_De": 3, "START_Max_": 15.2, "END_Max_De": 15.2, "START_Rupt": 883.5, "END_Ruptur": 883.5, "START_Aver": 1.39, "END_Averag": 1.39, "START_Mw__": 7.0, "END_Mw__W_": 7.0, "START_Mw_1": 7.0, "END_Mw__K_": 7.0, "START_M0__": 3.69e+19, "END_M0__Nm": 3.69e+19, "START_SR_m": 0.0, "END_SR_min": 0.0, "START_SR_1": 0.0, "END_SR_max": 0.0, "START_SR_a": null, "END_SR_avg": null, "START_SR_R": null, "END_SR_Ref": null, "START_SR_C": null, "END_SR_Com": null }, "geometry": { "type": "LineString", "coordinates": [ [ 20.3825, 39.7671 ], [ 20.0105, 40.0729 ], [ 20.4132, 39.789 ], [ 20.0412, 40.0948 ], [ 20.1662, 40.1841 ], [ 20.5381, 39.8782 ], [ 20.3825, 39.7671 ] ] } },
{ "type": "Feature", "properties": { "Shape_Leng": 2.3714469740099999, "SS_ID": 204, "START_SS_I": 204, "END_SS_ID": 204, "START_Name": "Lunxhërisë", "END_NameEN": "Lunxhërisë", "START_Na_1": "Λουντζέρισε", "END_NameEL": "Λουντζέρισε", "START_Stri": 323, "END_Strike": 323, "START_Dip_": 53, "END_Dip_Di": 53, "START_Dip": 35, "END_Dip": 35, "START_Rake": 80, "END_Rake": 80, "START_Ra_1": 80, "END_Rake__": 80, "START_Kine": "R", "END_Kinema": "R", "START_Leng": 50, "END_Length": 50, "START_Widt": 20.0, "END_Width_": 20.0, "START_Min_": 0, "END_Min_De": 0, "START_Max_": 11.5, "END_Max_De": 11.5, "START_Rupt": 1000.0, "END_Ruptur": 1000.0, "START_Aver": 1.46, "END_Averag": 1.46, "START_Mw__": 7.0, "END_Mw__W_": 7.0, "START_Mw_1": 7.0, "END_Mw__K_": 7.0, "START_M0__": 4.38e+19, "END_M0__Nm": 4.38e+19, "START_SR_m": 0.0, "END_SR_min": 0.0, "START_SR_1": 0.0, "END_SR_max": 0.0, "START_SR_a": null, "END_SR_avg": null, "START_SR_R": null, "END_SR_Ref": null, "START_SR_C": null, "END_SR_Com": null }, "geometry": { "type": "LineString", "coordinates": [ [ 20.4223, 39.9027 ], [ 20.0686, 40.2619 ], [ 20.4223, 39.9027 ], [ 20.0686, 40.2619 ], [ 20.2226, 40.3505 ], [ 20.5761, 39.9914 ], [ 20.4223, 39.9027 ] ] } },
{ "type": "Feature", "properties": { "Shape_Leng": 2.8740587317299999, "SS_ID": 205, "START_SS_I": 205, "END_SS_ID": 205, "START_Name": "Dimal", "END_NameEN": "Dimal", "START_Na_1": "Ντιμάλ", "END_NameEL": "Ντιμάλ", "START_Stri": 339, "END_Strike": 339, "START_Dip_": 69, "END_Dip_Di": 69, "START_Dip": 35, "END_Dip": 35, "START_Rake": 80, "END_Rake": 80, "START_Ra_1": 80, "END_Rake__": 80, "START_Kine": "R", "END_Kinema": "R", "START_Leng": 63, "END_Length": 63, "START_Widt": 23.5, "END_Width_": 23.5, "START_Min_": 3, "END_Min_De": 3, "START_Max_": 16.5, "END_Max_De": 16.5, "START_Rupt": 1480.5, "END_Ruptur": 1480.5, "START_Aver": 1.67, "END_Averag": 1.67, "START_Mw__": 7.2, "END_Mw__W_": 7.2, "START_Mw_1": 7.2, "END_Mw__K_": 7.2, "START_M0__": 7.41e+19, "END_M0__Nm": 7.41e+19, "START_SR_m": 0.0, "END_SR_min": 0.0, "START_SR_1": 0.0, "END_SR_max": 0.0, "START_SR_a": null, "END_SR_avg": null, "START_SR_R": null, "END_SR_Ref": null, "START_SR_C": null, "END_SR_Com": null }, "geometry": { "type": "LineString", "coordinates": [ [ 20.0455, 40.2946 ], [ 19.778, 40.8235 ], [ 20.0928, 40.3084 ], [ 19.8255, 40.8373 ], [ 20.0387, 40.8994 ], [ 20.3053, 40.3704 ], [ 20.0455, 40.2946 ] ] } },
{ "type": "Feature", "properties": { "Shape_Leng": 1.0410636065600001, "SS_ID": 206, "START_SS_I": 206, "END_SS_ID": 206, "START_Name": "Korçë", "END_NameEN": "Korçë", "START_Na_1": "Κορυτσά", "END_NameEL": "Κορυτσά", "START_Stri": 185, "END_Strike": 185, "START_Dip_": 275, "END_Dip_Di": 275, "START_Dip": 58, "END_Dip": 58, "START_Rake": 278, "END_Rake": 278, "START_Ra_1": -82, "END_Rake__": -82, "START_Kine": "N", "END_Kinema": "N", "START_Leng": 24, "END_Length": 24, "START_Widt": 14.0, "END_Width_": 14.0, "START_Min_": 0, "END_Min_De": 0, "START_Max_": 11.9, "END_Max_De": 11.9, "START_Rupt": 336.0, "END_Ruptur": 336.0, "START_Aver": 0.67, "END_Averag": 0.67, "START_Mw__": 6.5, "END_Mw__W_": 6.5, "START_Mw_1": 6.5, "END_Mw__K_": 6.5, "START_M0__": 6.7536e+18, "END_M0__Nm": 6.7536e+18, "START_SR_m": 0.0, "END_SR_min": 0.0, "START_SR_1": 0.0, "END_SR_max": 0.0, "START_SR_a": null, "END_SR_avg": null, "START_SR_R": null, "END_SR_Ref": null, "START_SR_C": null, "END_SR_Com": null }, "geometry": { "type": "LineString", "coordinates": [ [ 20.8115, 40.7016 ], [ 20.7867, 40.4866 ], [ 20.8115, 40.7016 ], [ 20.7867, 40.4866 ], [ 20.6993, 40.4924 ], [ 20.7239, 40.7074 ], [ 20.8115, 40.7016 ] ] } },
{ "type": "Feature", "properties": { "Shape_Leng": 2.22011114247, "SS_ID": 207, "START_SS_I": 207, "END_SS_ID": 207, "START_Name": "Ohrid", "END_NameEN": "Ohrid", "START_Na_1": "Οχρίδα", "END_NameEL": "Οχρίδα", "START_Stri": 357, "END_Strike": 357, "START_Dip_": 87, "END_Dip_Di": 87, "START_Dip": 40, "END_Dip": 40, "START_Rake": 255, "END_Rake": 255, "START_Ra_1": -105, "END_Rake__": -105, "START_Kine": "ND", "END_Kinema": "ND", "START_Leng": 50, "END_Length": 50, "START_Widt": 23.0, "END_Width_": 23.0, "START_Min_": 0, "END_Min_De": 0, "START_Max_": 14.8, "END_Max_De": 14.8, "START_Rupt": 1150.0, "END_Ruptur": 1150.0, "START_Aver": 1.36, "END_Averag": 1.36, "START_Mw__": 7.1, "END_Mw__W_": 7.1, "START_Mw_1": 7.1, "END_Mw__K_": 7.1, "START_M0__": 4.69e+19, "END_M0__Nm": 4.69e+19, "START_SR_m": 0.0, "END_SR_min": 0.0, "START_SR_1": 0.0, "END_SR_max": 0.0, "START_SR_a": null, "END_SR_avg": null, "START_SR_R": null, "END_SR_Ref": null, "START_SR_C": null, "END_SR_Com": null }, "geometry": { "type": "LineString", "coordinates": [ [ 20.6585, 40.8106 ], [ 20.6273, 41.2596 ], [ 20.6585, 40.8106 ], [ 20.6273, 41.2596 ], [ 20.8374, 41.2679 ], [ 20.8679, 40.8189 ], [ 20.6585, 40.8106 ] ] } },
{ "type": "Feature", "properties": { "Shape_Leng": 2.3258178873899999, "SS_ID": 208, "START_SS_I": 208, "END_SS_ID": 208, "START_Name": "Poreče", "END_NameEN": "Poreče", "START_Na_1": "Πορέτσε", "END_NameEL": "Πορέτσε", "START_Stri": 343, "END_Strike": 343, "START_Dip_": 73, "END_Dip_Di": 73, "START_Dip": 65, "END_Dip": 65, "START_Rake": 200, "END_Rake": 200, "START_Ra_1": -160, "END_Rake__": -160, "START_Kine": "DN", "END_Kinema": "DN", "START_Leng": 59, "END_Length": 59, "START_Widt": 13.5, "END_Width_": 13.5, "START_Min_": 0, "END_Min_De": 0, "START_Max_": 12.2, "END_Max_De": 12.2, "START_Rupt": 796.5, "END_Ruptur": 796.5, "START_Aver": 1.34, "END_Averag": 1.34, "START_Mw__": 6.9, "END_Mw__W_": 6.9, "START_Mw_1": 6.9, "END_Mw__K_": 6.9, "START_M0__": 3.19017e+19, "END_M0__Nm": 3.19017e+19, "START_SR_m": 0.0, "END_SR_min": 0.0, "START_SR_1": 0.0, "END_SR_max": 0.0, "START_SR_a": null, "END_SR_avg": null, "START_SR_R": null, "END_SR_Ref": null, "START_SR_C": null, "END_SR_Com": null }, "geometry": { "type": "LineString", "coordinates": [ [ 21.3622, 41.127 ], [ 21.1554, 41.6344 ], [ 21.3622, 41.127 ], [ 21.1554, 41.6344 ], [ 21.2209, 41.6494 ], [ 21.4275, 41.142 ], [ 21.3622, 41.127 ] ] } },
{ "type": "Feature", "properties": { "Shape_Leng": 1.5466994942400001, "SS_ID": 209, "START_SS_I": 209, "END_SS_ID": 209, "START_Name": "Tetovo", "END_NameEN": "Tetovo", "START_Na_1": "Τέτοβο", "END_NameEL": "Τέτοβο", "START_Stri": 45, "END_Strike": 45, "START_Dip_": 135, "END_Dip_Di": 135, "START_Dip": 60, "END_Dip": 60, "START_Rake": 300, "END_Rake": 300, "START_Ra_1": -60, "END_Rake__": -60, "START_Kine": "NS", "END_Kinema": "NS", "START_Leng": 32, "END_Length": 32, "START_Widt": 17.0, "END_Width_": 17.0, "START_Min_": 0, "END_Min_De": 0, "START_Max_": 14.7, "END_Max_De": 14.7, "START_Rupt": 544.0, "END_Ruptur": 544.0, "START_Aver": 0.92, "END_Averag": 0.92, "START_Mw__": 6.7, "END_Mw__W_": 6.7, "START_Mw_1": 6.7, "END_Mw__K_": 6.7, "START_M0__": 1.49784e+19, "END_M0__Nm": 1.49784e+19, "START_SR_m": 0.0, "END_SR_min": 0.0, "START_SR_1": 0.0, "END_SR_max": 0.0, "START_SR_a": null, "END_SR_avg": null, "START_SR_R": null, "END_SR_Ref": null, "START_SR_C": null, "END_SR_Com": null }, "geometry": { "type": "LineString", "coordinates": [ [ 20.8895, 41.9652 ], [ 21.1636, 42.1686 ], [ 20.8895, 41.9652 ], [ 21.1636, 42.1686 ], [ 21.2364, 42.1146 ], [ 20.9623, 41.9111 ], [ 20.8895, 41.9652 ] ] } },
{ "type": "Feature", "properties": { "Shape_Leng": 1.82287927754, "SS_ID": 210, "START_SS_I": 210, "END_SS_ID": 210, "START_Name": "Skopje", "END_NameEN": "Skopje", "START_Na_1": "Σκόπια", "END_NameEL": "Σκόπια", "START_Stri": 295, "END_Strike": 295, "START_Dip_": 25, "END_Dip_Di": 25, "START_Dip": 60, "END_Dip": 60, "START_Rake": 330, "END_Rake": 330, "START_Ra_1": -30, "END_Rake__": -30, "START_Kine": "SN", "END_Kinema": "SN", "START_Leng": 37, "END_Length": 37, "START_Widt": 11.0, "END_Width_": 11.0, "START_Min_": 0, "END_Min_De": 0, "START_Max_": 9.5, "END_Max_De": 9.5, "START_Rupt": 407.0, "END_Ruptur": 407.0, "START_Aver": 0.94, "END_Averag": 0.94, "START_Mw__": 6.6, "END_Mw__W_": 6.6, "START_Mw_1": 6.6, "END_Mw__K_": 6.6, "START_M0__": 1.14204e+19, "END_M0__Nm": 1.14204e+19, "START_SR_m": 0.0, "END_SR_min": 0.0, "START_SR_1": 0.0, "END_SR_max": 0.0, "START_SR_a": null, "END_SR_avg": null, "START_SR_R": null, "END_SR_Ref": null, "START_SR_C": null, "END_SR_Com": null }, "geometry": { "type": "LineString", "coordinates": [ [ 21.665, 41.8864 ], [ 21.2594, 42.027 ], [ 21.665, 41.8864 ], [ 21.2594, 42.027 ], [ 21.2875, 42.0718 ], [ 21.6931, 41.9312 ], [ 21.665, 41.8864 ] ] } },
{ "type": "Feature", "properties": { "Shape_Leng": 2.27827519003, "SS_ID": 211, "START_SS_I": 211, "END_SS_ID": 211, "START_Name": "Lakavica", "END_NameEN": "Lakavica", "START_Na_1": "Λακαβίτσα", "END_NameEL": "Λακαβίτσα", "START_Stri": 309, "END_Strike": 309, "START_Dip_": 39, "END_Dip_Di": 39, "START_Dip": 45, "END_Dip": 45, "START_Rake": 310, "END_Rake": 310, "START_Ra_1": -50, "END_Rake__": -50, "START_Kine": "NS", "END_Kinema": "NS", "START_Leng": 45, "END_Length": 45, "START_Widt": 21.5, "END_Width_": 21.5, "START_Min_": 0, "END_Min_De": 0, "START_Max_": 15.2, "END_Max_De": 15.2, "START_Rupt": 967.5, "END_Ruptur": 967.5, "START_Aver": 1.28, "END_Averag": 1.28, "START_Mw__": 7.0, "END_Mw__W_": 7.0, "START_Mw_1": 7.0, "END_Mw__K_": 7.0, "START_M0__": 3.7152e+19, "END_M0__Nm": 3.7152e+19, "START_SR_m": 0.0, "END_SR_min": 0.0, "START_SR_1": 0.0, "END_SR_max": 0.0, "START_SR_a": null, "END_SR_avg": null, "START_SR_R": null, "END_SR_Ref": null, "START_SR_C": null, "END_SR_Com": null }, "geometry": { "type": "LineString", "coordinates": [ [ 22.5637, 41.4055 ], [ 22.1436, 41.6601 ], [ 22.5637, 41.4055 ], [ 22.1436, 41.6601 ], [ 22.2585, 41.7664 ], [ 22.6788, 41.5117 ], [ 22.5637, 41.4055 ] ] } },
{ "type": "Feature", "properties": { "Shape_Leng": 2.4853639846200002, "SS_ID": 212, "START_SS_I": 212, "END_SS_ID": 212, "START_Name": "Strumica", "END_NameEN": "Strumica", "START_Na_1": "Στρούμιτσα", "END_NameEL": "Στρούμιτσα", "START_Stri": 269, "END_Strike": 269, "START_Dip_": 359, "END_Dip_Di": 359, "START_Dip": 45, "END_Dip": 45, "START_Rake": 270, "END_Rake": 270, "START_Ra_1": -90, "END_Rake__": -90, "START_Kine": "N", "END_Kinema": "N", "START_Leng": 46, "END_Length": 46, "START_Widt": 22.0, "END_Width_": 22.0, "START_Min_": 0, "END_Min_De": 0, "START_Max_": 15.6, "END_Max_De": 15.6, "START_Rupt": 1012.0, "END_Ruptur": 1012.0, "START_Aver": 1.28, "END_Averag": 1.28, "START_Mw__": 7.0, "END_Mw__W_": 7.0, "START_Mw_1": 7.0, "END_Mw__K_": 7.0, "START_M0__": 3.87e+19, "END_M0__Nm": 3.87e+19, "START_SR_m": 0.0, "END_SR_min": 0.0, "START_SR_1": 0.0, "END_SR_max": 0.0, "START_SR_a": null, "END_SR_avg": null, "START_SR_R": null, "END_SR_Ref": null, "START_SR_C": null, "END_SR_Com": null }, "geometry": { "type": "LineString", "coordinates": [ [ 23.2428, 41.3744 ], [ 22.6916, 41.3672 ], [ 23.2428, 41.3744 ], [ 22.6916, 41.3672 ], [ 22.6881, 41.5071 ], [ 23.2398, 41.5143 ], [ 23.2428, 41.3744 ] ] } },
{ "type": "Feature", "properties": { "Shape_Leng": 1.51171239194, "SS_ID": 213, "START_SS_I": 213, "END_SS_ID": 213, "START_Name": "Kočani", "END_NameEN": "Kočani", "START_Na_1": "Κοτσάνι", "END_NameEL": "Κοτσάνι", "START_Stri": 267, "END_Strike": 267, "START_Dip_": 357, "END_Dip_Di": 357, "START_Dip": 55, "END_Dip": 55, "START_Rake": 270, "END_Rake": 270, "START_Ra_1": -90, "END_Rake__": -90, "START_Kine": "N", "END_Kinema": "N", "START_Leng": 28, "END_Length": 28, "START_Widt": 15.5, "END_Width_": 15.5, "START_Min_": 0, "END_Min_De": 0, "START_Max_": 12.7, "END_Max_De": 12.7, "START_Rupt": 434.0, "END_Ruptur": 434.0, "START_Aver": 0.81, "END_Averag": 0.81, "START_Mw__": 6.6, "END_Mw__W_": 6.6, "START_Mw_1": 6.6, "END_Mw__K_": 6.6, "START_M0__": 1.06e+19, "END_M0__Nm": 1.06e+19, "START_SR_m": 0.0, "END_SR_min": 0.0, "START_SR_1": 0.0, "END_SR_max": 0.0, "START_SR_a": null, "END_SR_avg": null, "START_SR_R": null, "END_SR_Ref": null, "START_SR_C": null, "END_SR_Com": null }, "geometry": { "type": "LineString", "coordinates": [ [ 22.584, 41.8607 ], [ 22.2464, 41.8476 ], [ 22.584, 41.8607 ], [ 22.2464, 41.8476 ], [ 22.2407, 41.9274 ], [ 22.5785, 41.9406 ], [ 22.584, 41.8607 ] ] } },
{ "type": "Feature", "properties": { "Shape_Leng": 2.05476536247, "SS_ID": 214, "START_SS_I": 214, "END_SS_ID": 214, "START_Name": "Krupnik", "END_NameEN": "Krupnik", "START_Na_1": "Κρούπνικ", "END_NameEL": "Κρούπνικ", "START_Stri": 253, "END_Strike": 253, "START_Dip_": 343, "END_Dip_Di": 343, "START_Dip": 55, "END_Dip": 55, "START_Rake": 250, "END_Rake": 250, "START_Ra_1": -110, "END_Rake__": -110, "START_Kine": "ND", "END_Kinema": "ND", "START_Leng": 39, "END_Length": 39, "START_Widt": 19.5, "END_Width_": 19.5, "START_Min_": 0, "END_Min_De": 0, "START_Max_": 16.0, "END_Max_De": 16.0, "START_Rupt": 760.5, "END_Ruptur": 760.5, "START_Aver": 1.1, "END_Averag": 1.1, "START_Mw__": 6.9, "END_Mw__W_": 6.9, "START_Mw_1": 6.9, "END_Mw__K_": 6.9, "START_M0__": 2.50082e+19, "END_M0__Nm": 2.50082e+19, "START_SR_m": 0.0, "END_SR_min": 0.0, "START_SR_1": 0.0, "END_SR_max": 0.0, "START_SR_a": null, "END_SR_avg": null, "START_SR_R": null, "END_SR_Ref": null, "START_SR_C": null, "END_SR_Com": null }, "geometry": { "type": "LineString", "coordinates": [ [ 23.226, 41.873 ], [ 22.7759, 41.7704 ], [ 23.226, 41.873 ], [ 22.7759, 41.7704 ], [ 22.7363, 41.8666 ], [ 23.1866, 41.9692 ], [ 23.226, 41.873 ] ] } },
{ "type": "Feature", "properties": { "Shape_Leng": 1.56959034044, "SS_ID": 215, "START_SS_I": 215, "END_SS_ID": 215, "START_Name": "Predel", "END_NameEN": "Predel", "START_Na_1": "Πρέντελ", "END_NameEL": "Πρέντελ", "START_Stri": 287, "END_Strike": 287, "START_Dip_": 17, "END_Dip_Di": 17, "START_Dip": 60, "END_Dip": 60, "START_Rake": 300, "END_Rake": 300, "START_Ra_1": -60, "END_Rake__": -60, "START_Kine": "NS", "END_Kinema": "NS", "START_Leng": 30, "END_Length": 30, "START_Widt": 16.0, "END_Width_": 16.0, "START_Min_": 0, "END_Min_De": 0, "START_Max_": 13.9, "END_Max_De": 13.9, "START_Rupt": 480.0, "END_Ruptur": 480.0, "START_Aver": 0.86, "END_Averag": 0.86, "START_Mw__": 6.7, "END_Mw__W_": 6.7, "START_Mw_1": 6.7, "END_Mw__K_": 6.7, "START_M0__": 1.2384e+19, "END_M0__Nm": 1.2384e+19, "START_SR_m": 0.0, "END_SR_min": 0.0, "START_SR_1": 0.0, "END_SR_max": 0.0, "START_SR_a": null, "END_SR_avg": null, "START_SR_R": null, "END_SR_Ref": null, "START_SR_C": null, "END_SR_Com": null }, "geometry": { "type": "LineString", "coordinates": [ [ 23.6237, 41.7985 ], [ 23.2774, 41.8773 ], [ 23.6237, 41.7985 ], [ 23.2774, 41.8773 ], [ 23.3056, 41.9461 ], [ 23.6521, 41.8673 ], [ 23.6237, 41.7985 ] ] } },
{ "type": "Feature", "properties": { "Shape_Leng": 1.56198745565, "SS_ID": 216, "START_SS_I": 216, "END_SS_ID": 216, "START_Name": "Slaviski", "END_NameEN": "Slaviski", "START_Na_1": "Σλάβισκι", "END_NameEL": "Σλάβισκι", "START_Stri": 258, "END_Strike": 258, "START_Dip_": 348, "END_Dip_Di": 348, "START_Dip": 55, "END_Dip": 55, "START_Rake": 270, "END_Rake": 270, "START_Ra_1": -90, "END_Rake__": -90, "START_Kine": "N", "END_Kinema": "N", "START_Leng": 29, "END_Length": 29, "START_Widt": 16.0, "END_Width_": 16.0, "START_Min_": 0, "END_Min_De": 0, "START_Max_": 13.1, "END_Max_De": 13.1, "START_Rupt": 464.0, "END_Ruptur": 464.0, "START_Aver": 0.84, "END_Averag": 0.84, "START_Mw__": 6.6, "END_Mw__W_": 6.6, "START_Mw_1": 6.6, "END_Mw__K_": 6.6, "START_M0__": 1.17428e+19, "END_M0__Nm": 1.17428e+19, "START_SR_m": 0.0, "END_SR_min": 0.0, "START_SR_1": 0.0, "END_SR_max": 0.0, "START_SR_a": null, "END_SR_avg": null, "START_SR_R": null, "END_SR_Ref": null, "START_SR_C": null, "END_SR_Com": null }, "geometry": { "type": "LineString", "coordinates": [ [ 22.4053, 42.1999 ], [ 22.0611, 42.1456 ], [ 22.4053, 42.1999 ], [ 22.0611, 42.1456 ], [ 22.0379, 42.2264 ], [ 22.3823, 42.2806 ], [ 22.4053, 42.1999 ] ] } },
{ "type": "Feature", "properties": { "Shape_Leng": 2.0672813022500001, "SS_ID": 217, "START_SS_I": 217, "END_SS_ID": 217, "START_Name": "Kyustendil", "END_NameEN": "Kyustendil", "START_Na_1": "Κιουστεντίλ", "END_NameEL": "Κιουστεντίλ", "START_Stri": 253, "END_Strike": 253, "START_Dip_": 343, "END_Dip_Di": 343, "START_Dip": 55, "END_Dip": 55, "START_Rake": 270, "END_Rake": 270, "START_Ra_1": -90, "END_Rake__": -90, "START_Kine": "N", "END_Kinema": "N", "START_Leng": 39, "END_Length": 39, "START_Widt": 19.5, "END_Width_": 19.5, "START_Min_": 0, "END_Min_De": 0, "START_Max_": 16.0, "END_Max_De": 16.0, "START_Rupt": 760.5, "END_Ruptur": 760.5, "START_Aver": 1.1, "END_Averag": 1.1, "START_Mw__": 6.9, "END_Mw__W_": 6.9, "START_Mw_1": 6.9, "END_Mw__K_": 6.9, "START_M0__": 2.50965e+19, "END_M0__Nm": 2.50965e+19, "START_SR_m": 0.0, "END_SR_min": 0.0, "START_SR_1": 0.0, "END_SR_max": 0.0, "START_SR_a": null, "END_SR_avg": null, "START_SR_R": null, "END_SR_Ref": null, "START_SR_C": null, "END_SR_Com": null }, "geometry": { "type": "LineString", "coordinates": [ [ 22.8657, 42.323 ], [ 22.4125, 42.2204 ], [ 22.8657, 42.323 ], [ 22.4125, 42.2204 ], [ 22.3725, 42.3166 ], [ 22.8261, 42.4192 ], [ 22.8657, 42.323 ] ] } },
{ "type": "Feature", "properties": { "Shape_Leng": 3.6397574284399998, "SS_ID": 218, "START_SS_I": 218, "END_SS_ID": 218, "START_Name": "Pazardzhik", "END_NameEN": "Pazardzhik", "START_Na_1": "Παζαρτζίκ", "END_NameEL": "Παζαρτζίκ", "START_Stri": 295, "END_Strike": 295, "START_Dip_": 25, "END_Dip_Di": 25, "START_Dip": 40, "END_Dip": 40, "START_Rake": 290, "END_Rake": 290, "START_Ra_1": -70, "END_Rake__": -70, "START_Kine": "NS", "END_Kinema": "NS", "START_Leng": 69, "END_Length": 69, "START_Widt": 29.0, "END_Width_": 29.0, "START_Min_": 0, "END_Min_De": 0, "START_Max_": 18.6, "END_Max_De": 18.6, "START_Rupt": 2001.0, "END_Ruptur": 2001.0, "START_Aver": 1.83, "END_Averag": 1.83, "START_Mw__": 7.3, "END_Mw__W_": 7.3, "START_Mw_1": 7.3, "END_Mw__K_": 7.3, "START_M0__": 1.09855e+20, "END_M0__Nm": 1.09855e+20, "START_SR_m": 0.0, "END_SR_min": 0.0, "START_SR_1": 0.0, "END_SR_max": 0.0, "START_SR_a": null, "END_SR_avg": null, "START_SR_R": null, "END_SR_Ref": null, "START_SR_C": null, "END_SR_Com": null }, "geometry": { "type": "LineString", "coordinates": [ [ 24.4964, 42.0308 ], [ 23.7377, 42.293 ], [ 24.4964, 42.0308 ], [ 23.7377, 42.293 ], [ 23.8513, 42.4741 ], [ 24.6109, 42.2118 ], [ 24.4964, 42.0308 ] ] } },
{ "type": "Feature", "properties": { "Shape_Leng": 3.6660529393000001, "SS_ID": 219, "START_SS_I": 219, "END_SS_ID": 219, "START_Name": "Plovdiv", "END_NameEN": "Plovdiv", "START_Na_1": "Φιλιππούπολη", "END_NameEL": "Φιλιππούπολη", "START_Stri": 291, "END_Strike": 291, "START_Dip_": 21, "END_Dip_Di": 21, "START_Dip": 40, "END_Dip": 40, "START_Rake": 280, "END_Rake": 280, "START_Ra_1": -80, "END_Rake__": -80, "START_Kine": "N", "END_Kinema": "N", "START_Leng": 69, "END_Length": 69, "START_Widt": 29.0, "END_Width_": 29.0, "START_Min_": 0, "END_Min_De": 0, "START_Max_": 18.6, "END_Max_De": 18.6, "START_Rupt": 2001.0, "END_Ruptur": 2001.0, "START_Aver": 1.83, "END_Averag": 1.83, "START_Mw__": 7.3, "END_Mw__W_": 7.3, "START_Mw_1": 7.3, "END_Mw__K_": 7.3, "START_M0__": 1.09855e+20, "END_M0__Nm": 1.09855e+20, "START_SR_m": 0.0, "END_SR_min": 0.0, "START_SR_1": 0.0, "END_SR_max": 0.0, "START_SR_a": null, "END_SR_avg": null, "START_SR_R": null, "END_SR_Ref": null, "START_SR_C": null, "END_SR_Com": null }, "geometry": { "type": "LineString", "coordinates": [ [ 25.1105, 41.9427 ], [ 24.3303, 42.1651 ], [ 25.1105, 41.9427 ], [ 24.3303, 42.1651 ], [ 24.4263, 42.3516 ], [ 25.2075, 42.1292 ], [ 25.1105, 41.9427 ] ] } },
{ "type": "Feature", "properties": { "Shape_Leng": 3.8297022643299998, "SS_ID": 220, "START_SS_I": 220, "END_SS_ID": 220, "START_Name": "Haskovo", "END_NameEN": "Haskovo", "START_Na_1": "Χάσκοβο", "END_NameEL": "Χάσκοβο", "START_Stri": 282, "END_Strike": 282, "START_Dip_": 12, "END_Dip_Di": 12, "START_Dip": 45, "END_Dip": 45, "START_Rake": 270, "END_Rake": 270, "START_Ra_1": -90, "END_Rake__": -90, "START_Kine": "N", "END_Kinema": "N", "START_Leng": 72, "END_Length": 72, "START_Widt": 30.0, "END_Width_": 30.0, "START_Min_": 0, "END_Min_De": 0, "START_Max_": 21.2, "END_Max_De": 21.2, "START_Rupt": 2160.0, "END_Ruptur": 2160.0, "START_Aver": 1.91, "END_Averag": 1.91, "START_Mw__": 7.3, "END_Mw__W_": 7.3, "START_Mw_1": 7.3, "END_Mw__K_": 7.3, "START_M0__": 1.23768e+20, "END_M0__Nm": 1.23768e+20, "START_SR_m": 0.0, "END_SR_min": 0.0, "START_SR_1": 0.0, "END_SR_max": 0.0, "START_SR_a": null, "END_SR_avg": null, "START_SR_R": null, "END_SR_Ref": null, "START_SR_C": null, "END_SR_Com": null }, "geometry": { "type": "LineString", "coordinates": [ [ 26.0814, 41.7256 ], [ 25.2319, 41.8602 ], [ 26.0814, 41.7256 ], [ 25.2319, 41.8602 ], [ 25.2846, 42.0468 ], [ 26.1353, 41.9122 ], [ 26.0814, 41.7256 ] ] } },
{ "type": "Feature", "properties": { "Shape_Leng": 2.4588006583799999, "SS_ID": 221, "START_SS_I": 221, "END_SS_ID": 221, "START_Name": "Chrirpan", "END_NameEN": "Chrirpan", "START_Na_1": "Τσιρπάν", "END_NameEL": "Τσιρπάν", "START_Stri": 90, "END_Strike": 90, "START_Dip_": 180, "END_Dip_Di": 180, "START_Dip": 45, "END_Dip": 45, "START_Rake": 260, "END_Rake": 260, "START_Ra_1": -100, "END_Rake__": -100, "START_Kine": "N", "END_Kinema": "N", "START_Leng": 45, "END_Length": 45, "START_Widt": 21.5, "END_Width_": 21.5, "START_Min_": 0, "END_Min_De": 0, "START_Max_": 15.2, "END_Max_De": 15.2, "START_Rupt": 967.5, "END_Ruptur": 967.5, "START_Aver": 1.25, "END_Averag": 1.25, "START_Mw__": 7.0, "END_Mw__W_": 7.0, "START_Mw_1": 7.0, "END_Mw__K_": 7.0, "START_M0__": 3.61e+19, "END_M0__Nm": 3.61e+19, "START_SR_m": 0.0, "END_SR_min": 0.0, "START_SR_1": 0.0, "END_SR_max": 0.0, "START_SR_a": null, "END_SR_avg": null, "START_SR_R": null, "END_SR_Ref": null, "START_SR_C": null, "END_SR_Com": null }, "geometry": { "type": "LineString", "coordinates": [ [ 25.0382, 42.2249 ], [ 25.5847, 42.2249 ], [ 25.0382, 42.2249 ], [ 25.5847, 42.2249 ], [ 25.5844, 42.0882 ], [ 25.0385, 42.0882 ], [ 25.0382, 42.2249 ] ] } },
{ "type": "Feature", "properties": { "Shape_Leng": 3.1116913232700001, "SS_ID": 222, "START_SS_I": 222, "END_SS_ID": 222, "START_Name": "Edirne", "END_NameEN": "Edirne", "START_Na_1": "Αδριανούπολη", "END_NameEL": "Αδριανούπολη", "START_Stri": 92, "END_Strike": 92, "START_Dip_": 182, "END_Dip_Di": 182, "START_Dip": 55, "END_Dip": 55, "START_Rake": 260, "END_Rake": 260, "START_Ra_1": -100, "END_Rake__": -100, "START_Kine": "N", "END_Kinema": "N", "START_Leng": 59, "END_Length": 59, "START_Widt": 26.0, "END_Width_": 26.0, "START_Min_": 0, "END_Min_De": 0, "START_Max_": 21.8, "END_Max_De": 21.8, "START_Rupt": 1534.0, "END_Ruptur": 1534.0, "START_Aver": 1.59, "END_Averag": 1.59, "START_Mw__": 7.2, "END_Mw__W_": 7.2, "START_Mw_1": 7.2, "END_Mw__K_": 7.2, "START_M0__": 7.31666e+19, "END_M0__Nm": 7.31666e+19, "START_SR_m": 0.0, "END_SR_min": 0.0, "START_SR_1": 0.0, "END_SR_max": 0.0, "START_SR_a": null, "END_SR_avg": null, "START_SR_R": null, "END_SR_Ref": null, "START_SR_C": null, "END_SR_Com": null }, "geometry": { "type": "LineString", "coordinates": [ [ 26.4709, 41.6921 ], [ 27.1809, 41.6735 ], [ 26.4708, 41.6889 ], [ 27.1808, 41.6704 ], [ 27.1741, 41.5364 ], [ 26.4649, 41.5549 ], [ 26.4709, 41.6921 ] ] } },
{ "type": "Feature", "properties": { "Shape_Leng": 3.01596474276, "SS_ID": 223, "START_SS_I": 223, "END_SS_ID": 223, "START_Name": "North Osmancik", "END_NameEN": "North Osmancik", "START_Na_1": "Βόρειο Οσμαντζίκ", "END_NameEL": "Βόρειο Οσμαντζίκ", "START_Stri": 130, "END_Strike": 130, "START_Dip_": 220, "END_Dip_Di": 220, "START_Dip": 55, "END_Dip": 55, "START_Rake": 290, "END_Rake": 290, "START_Ra_1": -70, "END_Rake__": -70, "START_Kine": "NS", "END_Kinema": "NS", "START_Leng": 62, "END_Length": 62, "START_Widt": 27.0, "END_Width_": 27.0, "START_Min_": 0, "END_Min_De": 0, "START_Max_": 22.6, "END_Max_De": 22.6, "START_Rupt": 1674.0, "END_Ruptur": 1674.0, "START_Aver": 1.67, "END_Averag": 1.67, "START_Mw__": 7.2, "END_Mw__W_": 7.2, "START_Mw_1": 7.2, "END_Mw__K_": 7.2, "START_M0__": 8.38674e+19, "END_M0__Nm": 8.38674e+19, "START_SR_m": 0.0, "END_SR_min": 0.0, "START_SR_1": 0.0, "END_SR_max": 0.0, "START_SR_a": null, "END_SR_avg": null, "START_SR_R": null, "END_SR_Ref": null, "START_SR_C": null, "END_SR_Com": null }, "geometry": { "type": "LineString", "coordinates": [ [ 27.3072, 41.5832 ], [ 27.8767, 41.2248 ], [ 27.3045, 41.5808 ], [ 27.874, 41.2223 ], [ 27.7547, 41.1157 ], [ 27.1854, 41.4741 ], [ 27.3072, 41.5832 ] ] } },
{ "type": "Feature", "properties": { "Shape_Leng": 3.03625658714, "SS_ID": 224, "START_SS_I": 224, "END_SS_ID": 224, "START_Name": "Kirklareli", "END_NameEN": "Kirklareli", "START_Na_1": "Σαράντα Εκκλησιές", "END_NameEL": "Σαράντα Εκκλησιές", "START_Stri": 106, "END_Strike": 106, "START_Dip_": 196, "END_Dip_Di": 196, "START_Dip": 45, "END_Dip": 45, "START_Rake": 280, "END_Rake": 280, "START_Ra_1": -80, "END_Rake__": -80, "START_Kine": "N", "END_Kinema": "N", "START_Leng": 57, "END_Length": 57, "START_Widt": 25.5, "END_Width_": 25.5, "START_Min_": 0, "END_Min_De": 0, "START_Max_": 18.0, "END_Max_De": 18.0, "START_Rupt": 1453.5, "END_Ruptur": 1453.5, "START_Aver": 1.55, "END_Averag": 1.55, "START_Mw__": 7.2, "END_Mw__W_": 7.2, "START_Mw_1": 7.2, "END_Mw__K_": 7.2, "START_M0__": 6.73744e+19, "END_M0__Nm": 6.73744e+19, "START_SR_m": 0.0, "END_SR_min": 0.0, "START_SR_1": 0.0, "END_SR_max": 0.0, "START_SR_a": null, "END_SR_avg": null, "START_SR_R": null, "END_SR_Ref": null, "START_SR_C": null, "END_SR_Com": null }, "geometry": { "type": "LineString", "coordinates": [ [ 26.5982, 41.8511 ], [ 27.259, 41.7098 ], [ 26.5982, 41.8511 ], [ 27.259, 41.7098 ], [ 27.1988, 41.5539 ], [ 26.5387, 41.6952 ], [ 26.5982, 41.8511 ] ] } },
{ "type": "Feature", "properties": { "Shape_Leng": 2.0720003311299999, "SS_ID": 225, "START_SS_I": 225, "END_SS_ID": 225, "START_Name": "Üsküp", "END_NameEN": "Üsküp", "START_Na_1": "Σκόπιον", "END_NameEL": "Σκόπιον", "START_Stri": 90, "END_Strike": 90, "START_Dip_": 180, "END_Dip_Di": 180, "START_Dip": 45, "END_Dip": 45, "START_Rake": 260, "END_Rake": 260, "START_Ra_1": -100, "END_Rake__": -100, "START_Kine": "N", "END_Kinema": "N", "START_Leng": 38, "END_Length": 38, "START_Widt": 19.0, "END_Width_": 19.0, "START_Min_": 0, "END_Min_De": 0, "START_Max_": 13.4, "END_Max_De": 13.4, "START_Rupt": 722.0, "END_Ruptur": 722.0, "START_Aver": 1.07, "END_Averag": 1.07, "START_Mw__": 6.8, "END_Mw__W_": 6.8, "START_Mw_1": 6.8, "END_Mw__K_": 6.8, "START_M0__": 2.30973e+19, "END_M0__Nm": 2.30973e+19, "START_SR_m": 0.0, "END_SR_min": 0.0, "START_SR_1": 0.0, "END_SR_max": 0.0, "START_SR_a": null, "END_SR_avg": null, "START_SR_R": null, "END_SR_Ref": null, "START_SR_C": null, "END_SR_Com": null }, "geometry": { "type": "LineString", "coordinates": [ [ 27.2738, 41.7093 ], [ 27.7315, 41.7093 ], [ 27.2738, 41.7093 ], [ 27.7315, 41.7093 ], [ 27.7313, 41.5885 ], [ 27.274, 41.5885 ], [ 27.2738, 41.7093 ] ] } },
{ "type": "Feature", "properties": { "Shape_Leng": 1.48864017789, "SS_ID": 226, "START_SS_I": 226, "END_SS_ID": 226, "START_Name": "Vize", "END_NameEN": "Vize", "START_Na_1": "Βιζύη", "END_NameEL": "Βιζύη", "START_Stri": 119, "END_Strike": 119, "START_Dip_": 209, "END_Dip_Di": 209, "START_Dip": 45, "END_Dip": 45, "START_Rake": 290, "END_Rake": 290, "START_Ra_1": -70, "END_Rake__": -70, "START_Kine": "NS", "END_Kinema": "NS", "START_Leng": 28, "END_Length": 28, "START_Widt": 15.5, "END_Width_": 15.5, "START_Min_": 0, "END_Min_De": 0, "START_Max_": 11.0, "END_Max_De": 11.0, "START_Rupt": 434.0, "END_Ruptur": 434.0, "START_Aver": 0.81, "END_Averag": 0.81, "START_Mw__": 6.6, "END_Mw__W_": 6.6, "START_Mw_1": 6.6, "END_Mw__K_": 6.6, "START_M0__": 1.06013e+19, "END_M0__Nm": 1.06013e+19, "START_SR_m": 0.0, "END_SR_min": 0.0, "START_SR_1": 0.0, "END_SR_max": 0.0, "START_SR_a": null, "END_SR_avg": null, "START_SR_R": null, "END_SR_Ref": null, "START_SR_C": null, "END_SR_Com": null }, "geometry": { "type": "LineString", "coordinates": [ [ 27.6913, 41.6129 ], [ 27.9856, 41.4909 ], [ 27.6913, 41.6129 ], [ 27.9856, 41.4909 ], [ 27.9217, 41.4047 ], [ 27.6276, 41.5267 ], [ 27.6913, 41.6129 ] ] } },
{ "type": "Feature", "properties": { "Shape_Leng": 1.23070869938, "SS_ID": 227, "START_SS_I": 227, "END_SS_ID": 227, "START_Name": "Saray", "END_NameEN": "Saray", "START_Na_1": "Σαράι", "END_NameEL": "Σαράι", "START_Stri": 113, "END_Strike": 113, "START_Dip_": 203, "END_Dip_Di": 203, "START_Dip": 50, "END_Dip": 50, "START_Rake": 280, "END_Rake": 280, "START_Ra_1": -80, "END_Rake__": -80, "START_Kine": "N", "END_Kinema": "N", "START_Leng": 23, "END_Length": 23, "START_Widt": 13.5, "END_Width_": 13.5, "START_Min_": 0, "END_Min_De": 0, "START_Max_": 10.3, "END_Max_De": 10.3, "START_Rupt": 310.5, "END_Ruptur": 310.5, "START_Aver": 0.68, "END_Averag": 0.68, "START_Mw__": 6.5, "END_Mw__W_": 6.5, "START_Mw_1": 6.5, "END_Mw__K_": 6.5, "START_M0__": 6.3342e+18, "END_M0__Nm": 6.3342e+18, "START_SR_m": 0.0, "END_SR_min": 0.0, "START_SR_1": 0.0, "END_SR_max": 0.0, "START_SR_a": null, "END_SR_avg": null, "START_SR_R": null, "END_SR_Ref": null, "START_SR_C": null, "END_SR_Com": null }, "geometry": { "type": "LineString", "coordinates": [ [ 28.0217, 41.4708 ], [ 28.2756, 41.39 ], [ 28.0217, 41.4708 ], [ 28.2756, 41.39 ], [ 28.2349, 41.3182 ], [ 27.9811, 41.399 ], [ 28.0217, 41.4708 ] ] } },
{ "type": "Feature", "properties": { "Shape_Leng": 3.0598776471, "SS_ID": 228, "START_SS_I": 228, "END_SS_ID": 228, "START_Name": "Tekirdağ", "END_NameEN": "Tekirdağ", "START_Na_1": "Βυσάνθη", "END_NameEL": "Βυσάνθη", "START_Stri": 265, "END_Strike": 265, "START_Dip_": 355, "END_Dip_Di": 355, "START_Dip": 85, "END_Dip": 85, "START_Rake": 200, "END_Rake": 200, "START_Ra_1": -160, "END_Rake__": -160, "START_Kine": "DN", "END_Kinema": "DN", "START_Leng": 64, "END_Length": 64, "START_Widt": 14.0, "END_Width_": 14.0, "START_Min_": 0, "END_Min_De": 0, "START_Max_": 13.9, "END_Max_De": 13.9, "START_Rupt": 896.0, "END_Ruptur": 896.0, "START_Aver": 1.42, "END_Averag": 1.42, "START_Mw__": 7.0, "END_Mw__W_": 7.0, "START_Mw_1": 7.0, "END_Mw__K_": 7.0, "START_M0__": 3.81972e+19, "END_M0__Nm": 3.81972e+19, "START_SR_m": 18.0, "END_SR_min": 18.0, "START_SR_1": 18.0, "END_SR_max": 18.0, "START_SR_a": null, "END_SR_avg": null, "START_SR_R": "Murru et al. (2016)", "END_SR_Ref": "Murru et al. (2016)", "START_SR_C": null, "END_SR_Com": null }, "geometry": { "type": "LineString", "coordinates": [ [ 28.2079, 40.8574 ], [ 27.4501, 40.8073 ], [ 28.2079, 40.8574 ], [ 27.4501, 40.8073 ], [ 27.4488, 40.8182 ], [ 28.2066, 40.8684 ], [ 28.2079, 40.8574 ] ] } },
{ "type": "Feature", "properties": { "Shape_Leng": 2.8836919161600001, "SS_ID": 229, "START_SS_I": 229, "END_SS_ID": 229, "START_Name": "Sarıköy", "END_NameEN": "Sarıköy", "START_Na_1": "Σαρίκιοϊ", "END_NameEL": "Σαρίκιοϊ", "START_Stri": 61, "END_Strike": 61, "START_Dip_": 151, "END_Dip_Di": 151, "START_Dip": 85, "END_Dip": 85, "START_Rake": 190, "END_Rake": 190, "START_Ra_1": -170, "END_Rake__": -170, "START_Kine": "D", "END_Kinema": "D", "START_Leng": 64, "END_Length": 64, "START_Widt": 14.0, "END_Width_": 14.0, "START_Min_": 0, "END_Min_De": 0, "START_Max_": 13.9, "END_Max_De": 13.9, "START_Rupt": 896.0, "END_Ruptur": 896.0, "START_Aver": 1.42, "END_Averag": 1.42, "START_Mw__": 7.0, "END_Mw__W_": 7.0, "START_Mw_1": 7.0, "END_Mw__K_": 7.0, "START_M0__": 3.81972e+19, "END_M0__Nm": 3.81972e+19, "START_SR_m": 2.0, "END_SR_min": 2.0, "START_SR_1": 2.0, "END_SR_max": 2.0, "START_SR_a": null, "END_SR_avg": null, "START_SR_R": "Murru et al. (2016)", "END_SR_Ref": "Murru et al. (2016)", "START_SR_C": null, "END_SR_Com": null }, "geometry": { "type": "LineString", "coordinates": [ [ 27.0253, 39.9793 ], [ 27.6836, 40.2583 ], [ 27.0253, 39.9793 ], [ 27.6836, 40.2583 ], [ 27.6906, 40.2487 ], [ 27.0323, 39.9697 ], [ 27.0253, 39.9793 ] ] } },
{ "type": "Feature", "properties": { "Shape_Leng": 2.0834710728400001, "SS_ID": 230, "START_SS_I": 230, "END_SS_ID": 230, "START_Name": "Evciler", "END_NameEN": "Evciler", "START_Na_1": "Εβτζιλέρ", "END_NameEL": "Εβτζιλέρ", "START_Stri": 237, "END_Strike": 237, "START_Dip_": 327, "END_Dip_Di": 327, "START_Dip": 85, "END_Dip": 85, "START_Rake": 200, "END_Rake": 200, "START_Ra_1": -160, "END_Rake__": -160, "START_Kine": "DN", "END_Kinema": "DN", "START_Leng": 47, "END_Length": 47, "START_Widt": 12.0, "END_Width_": 12.0, "START_Min_": 0, "END_Min_De": 0, "START_Max_": 12.0, "END_Max_De": 12.0, "START_Rupt": 564.0, "END_Ruptur": 564.0, "START_Aver": 1.11, "END_Averag": 1.11, "START_Mw__": 6.8, "END_Mw__W_": 6.8, "START_Mw_1": 6.8, "END_Mw__K_": 6.8, "START_M0__": 1.8813e+19, "END_M0__Nm": 1.8813e+19, "START_SR_m": 2.0, "END_SR_min": 2.0, "START_SR_1": 2.0, "END_SR_max": 2.0, "START_SR_a": null, "END_SR_avg": null, "START_SR_R": "Murru et al. (2016)", "END_SR_Ref": "Murru et al. (2016)", "START_SR_C": null, "END_SR_Com": null }, "geometry": { "type": "LineString", "coordinates": [ [ 27.0973, 39.9171 ], [ 26.6358, 39.6869 ], [ 27.0973, 39.9171 ], [ 26.6358, 39.6869 ], [ 26.6292, 39.6948 ], [ 27.0906, 39.925 ], [ 27.0973, 39.9171 ] ] } },
{ "type": "Feature", "properties": { "Shape_Leng": 3.0845132927000001, "SS_ID": 231, "START_SS_I": 231, "END_SS_ID": 231, "START_Name": "Yenice-Gönen", "END_NameEN": "Yenice-Gönen", "START_Na_1": "Γενιτζέ-Γκιόνεν", "END_NameEL": "Γενιτζέ-Γκιόνεν", "START_Stri": 60, "END_Strike": 60, "START_Dip_": 150, "END_Dip_Di": 150, "START_Dip": 80, "END_Dip": 80, "START_Rake": 174, "END_Rake": 174, "START_Ra_1": 174, "END_Rake__": 174, "START_Kine": "D", "END_Kinema": "D", "START_Leng": 68, "END_Length": 68, "START_Widt": 18.0, "END_Width_": 18.0, "START_Min_": 0, "END_Min_De": 0, "START_Max_": 17.7, "END_Max_De": 17.7, "START_Rupt": 1224.0, "END_Ruptur": 1224.0, "START_Aver": 1.68, "END_Averag": 1.68, "START_Mw__": 7.1, "END_Mw__W_": 7.1, "START_Mw_1": 7.1, "END_Mw__K_": 7.1, "START_M0__": 6.1561e+19, "END_M0__Nm": 6.1561e+19, "START_SR_m": 6.1, "END_SR_min": 6.1, "START_SR_1": 6.1, "END_SR_max": 6.1, "START_SR_a": null, "END_SR_avg": null, "START_SR_R": "Murru et al. (2016)", "END_SR_Ref": "Murru et al. (2016)", "START_SR_C": null, "END_SR_Com": null }, "geometry": { "type": "LineString", "coordinates": [ [ 27.0699, 39.8399 ], [ 27.7612, 40.1457 ], [ 27.0699, 39.8399 ], [ 27.7612, 40.1457 ], [ 27.7795, 40.1213 ], [ 27.0883, 39.8156 ], [ 27.0699, 39.8399 ] ] } },
{ "type": "Feature", "properties": { "Shape_Leng": 1.58674922831, "SS_ID": 232, "START_SS_I": 232, "END_SS_ID": 232, "START_Name": "Pazarköy", "END_NameEN": "Pazarköy", "START_Na_1": "Παζάρκιοϊ", "END_NameEL": "Παζάρκιοϊ", "START_Stri": 243, "END_Strike": 243, "START_Dip_": 333, "END_Dip_Di": 333, "START_Dip": 85, "END_Dip": 85, "START_Rake": 200, "END_Rake": 200, "START_Ra_1": -160, "END_Rake__": -160, "START_Kine": "DN", "END_Kinema": "DN", "START_Leng": 35, "END_Length": 35, "START_Widt": 11.0, "END_Width_": 11.0, "START_Min_": 0, "END_Min_De": 0, "START_Max_": 11.0, "END_Max_De": 11.0, "START_Rupt": 385.0, "END_Ruptur": 385.0, "START_Aver": 0.91, "END_Averag": 0.91, "START_Mw__": 6.6, "END_Mw__W_": 6.6, "START_Mw_1": 6.6, "END_Mw__K_": 6.6, "START_M0__": 1.04895e+19, "END_M0__Nm": 1.04895e+19, "START_SR_m": 3.2, "END_SR_min": 3.2, "START_SR_1": 3.2, "END_SR_max": 3.2, "START_SR_a": null, "END_SR_avg": null, "START_SR_R": "Murru et al. (2016)", "END_SR_Ref": "Murru et al. (2016)", "START_SR_C": null, "END_SR_Com": null }, "geometry": { "type": "LineString", "coordinates": [ [ 27.4904, 39.8888 ], [ 27.1253, 39.7459 ], [ 27.4904, 39.8888 ], [ 27.1253, 39.7459 ], [ 27.1202, 39.7536 ], [ 27.4853, 39.8965 ], [ 27.4904, 39.8888 ] ] } },
{ "type": "Feature", "properties": { "Shape_Leng": 3.6450964108, "SS_ID": 233, "START_SS_I": 233, "END_SS_ID": 233, "START_Name": "Edremit", "END_NameEN": "Edremit", "START_Na_1": "Αδραμύττιο", "END_NameEL": "Αδραμύττιο", "START_Stri": 75, "END_Strike": 75, "START_Dip_": 165, "END_Dip_Di": 165, "START_Dip": 70, "END_Dip": 70, "START_Rake": 253, "END_Rake": 253, "START_Ra_1": -107, "END_Rake__": -107, "START_Kine": "ND", "END_Kinema": "ND", "START_Leng": 75, "END_Length": 75, "START_Widt": 31.0, "END_Width_": 31.0, "START_Min_": 0, "END_Min_De": 0, "START_Max_": 29.1, "END_Max_De": 29.1, "START_Rupt": 2325.0, "END_Ruptur": 2325.0, "START_Aver": 1.98, "END_Averag": 1.98, "START_Mw__": 7.4, "END_Mw__W_": 7.4, "START_Mw_1": 7.4, "END_Mw__K_": 7.4, "START_M0__": 1.38105e+20, "END_M0__Nm": 1.38105e+20, "START_SR_m": 0.0, "END_SR_min": 0.0, "START_SR_1": 0.0, "END_SR_max": 0.0, "START_SR_a": null, "END_SR_avg": null, "START_SR_R": null, "END_SR_Ref": null, "START_SR_C": null, "END_SR_Com": null }, "geometry": { "type": "LineString", "coordinates": [ [ 26.1346, 39.4527 ], [ 26.9794, 39.6273 ], [ 26.1346, 39.4527 ], [ 26.9794, 39.6273 ], [ 27.0111, 39.5352 ], [ 26.1668, 39.3606 ], [ 26.1346, 39.4527 ] ] } },
{ "type": "Feature", "properties": { "Shape_Leng": 3.56264648822, "SS_ID": 234, "START_SS_I": 234, "END_SS_ID": 234, "START_Name": "Havran-Balya", "END_NameEN": "Havran-Balya", "START_Na_1": "Χαβράν-Μπάλια", "END_NameEL": "Χαβράν-Μπάλια", "START_Stri": 248, "END_Strike": 248, "START_Dip_": 338, "END_Dip_Di": 338, "START_Dip": 85, "END_Dip": 85, "START_Rake": 160, "END_Rake": 160, "START_Ra_1": 160, "END_Rake__": 160, "START_Kine": "DR", "END_Kinema": "DR", "START_Leng": 78, "END_Length": 78, "START_Widt": 15.0, "END_Width_": 15.0, "START_Min_": 0, "END_Min_De": 0, "START_Max_": 14.9, "END_Max_De": 14.9, "START_Rupt": 1170.0, "END_Ruptur": 1170.0, "START_Aver": 1.64, "END_Averag": 1.64, "START_Mw__": 7.1, "END_Mw__W_": 7.1, "START_Mw_1": 7.1, "END_Mw__K_": 7.1, "START_M0__": 5.74545e+19, "END_M0__Nm": 5.74545e+19, "START_SR_m": 0.0, "END_SR_min": 0.0, "START_SR_1": 0.0, "END_SR_max": 0.0, "START_SR_a": null, "END_SR_avg": null, "START_SR_R": null, "END_SR_Ref": null, "START_SR_C": null, "END_SR_Com": null }, "geometry": { "type": "LineString", "coordinates": [ [ 27.8895, 39.7714 ], [ 27.0449, 39.5087 ], [ 27.8895, 39.7714 ], [ 27.0449, 39.5087 ], [ 27.0392, 39.5196 ], [ 27.8838, 39.7823 ], [ 27.8895, 39.7714 ] ] } },
{ "type": "Feature", "properties": { "Shape_Leng": 1.9074326968899999, "SS_ID": 235, "START_SS_I": 235, "END_SS_ID": 235, "START_Name": "Balıkesir", "END_NameEN": "Balıkesir", "START_Na_1": "Παλαιόκαστρο", "END_NameEL": "Παλαιόκαστρο", "START_Stri": 75, "END_Strike": 75, "START_Dip_": 165, "END_Dip_Di": 165, "START_Dip": 85, "END_Dip": 85, "START_Rake": 190, "END_Rake": 190, "START_Ra_1": -170, "END_Rake__": -170, "START_Kine": "D", "END_Kinema": "D", "START_Leng": 41, "END_Length": 41, "START_Widt": 11.5, "END_Width_": 11.5, "START_Min_": 0, "END_Min_De": 0, "START_Max_": 11.5, "END_Max_De": 11.5, "START_Rupt": 471.5, "END_Ruptur": 471.5, "START_Aver": 1.01, "END_Averag": 1.01, "START_Mw__": 6.7, "END_Mw__W_": 6.7, "START_Mw_1": 6.7, "END_Mw__K_": 6.7, "START_M0__": 1.4303e+19, "END_M0__Nm": 1.4303e+19, "START_SR_m": 0.0, "END_SR_min": 0.0, "START_SR_1": 0.0, "END_SR_max": 0.0, "START_SR_a": null, "END_SR_avg": null, "START_SR_R": null, "END_SR_Ref": null, "START_SR_C": null, "END_SR_Com": null }, "geometry": { "type": "LineString", "coordinates": [ [ 27.4873, 39.5941 ], [ 27.9498, 39.6896 ], [ 27.4873, 39.5941 ], [ 27.9498, 39.6896 ], [ 27.9528, 39.6809 ], [ 27.4903, 39.5854 ], [ 27.4873, 39.5941 ] ] } },
{ "type": "Feature", "properties": { "Shape_Leng": 1.4185090285199999, "SS_ID": 236, "START_SS_I": 236, "END_SS_ID": 236, "START_Name": "Gelenbe", "END_NameEN": "Gelenbe", "START_Na_1": "Λυδία", "END_NameEL": "Λυδία", "START_Stri": 23, "END_Strike": 23, "START_Dip_": 113, "END_Dip_Di": 113, "START_Dip": 85, "END_Dip": 85, "START_Rake": 190, "END_Rake": 190, "START_Ra_1": -170, "END_Rake__": -170, "START_Kine": "D", "END_Kinema": "D", "START_Leng": 37, "END_Length": 37, "START_Widt": 11.0, "END_Width_": 11.0, "START_Min_": 0, "END_Min_De": 0, "START_Max_": 11.0, "END_Max_De": 11.0, "START_Rupt": 407.0, "END_Ruptur": 407.0, "START_Aver": 0.94, "END_Averag": 0.94, "START_Mw__": 6.6, "END_Mw__W_": 6.6, "START_Mw_1": 6.6, "END_Mw__K_": 6.6, "START_M0__": 1.14204e+19, "END_M0__Nm": 1.14204e+19, "START_SR_m": 0.0, "END_SR_min": 0.0, "START_SR_1": 0.0, "END_SR_max": 0.0, "START_SR_a": null, "END_SR_avg": null, "START_SR_R": null, "END_SR_Ref": null, "START_SR_C": null, "END_SR_Com": null }, "geometry": { "type": "LineString", "coordinates": [ [ 27.8474, 39.0612 ], [ 28.0152, 39.3675 ], [ 27.8474, 39.0612 ], [ 28.0152, 39.3675 ], [ 28.0254, 39.3641 ], [ 27.8576, 39.0578 ], [ 27.8474, 39.0612 ] ] } },
{ "type": "Feature", "properties": { "Shape_Leng": 1.0867769083900001, "SS_ID": 237, "START_SS_I": 237, "END_SS_ID": 237, "START_Name": "Soma-Kırkağaç", "END_NameEN": "Soma-Kırkağaç", "START_Na_1": "Σόμα-Κιρκάγατς", "END_NameEL": "Σόμα-Κιρκάγατς", "START_Stri": 254, "END_Strike": 254, "START_Dip_": 344, "END_Dip_Di": 344, "START_Dip": 70, "END_Dip": 70, "START_Rake": 240, "END_Rake": 240, "START_Ra_1": -120, "END_Rake__": -120, "START_Kine": "ND", "END_Kinema": "ND", "START_Leng": 22, "END_Length": 22, "START_Widt": 13.0, "END_Width_": 13.0, "START_Min_": 0, "END_Min_De": 0, "START_Max_": 12.2, "END_Max_De": 12.2, "START_Rupt": 286.0, "END_Ruptur": 286.0, "START_Aver": 0.59, "END_Averag": 0.59, "START_Mw__": 6.4, "END_Mw__W_": 6.4, "START_Mw_1": 6.4, "END_Mw__K_": 6.4, "START_M0__": 5.60067e+18, "END_M0__Nm": 5.60067e+18, "START_SR_m": 0.0, "END_SR_min": 0.0, "START_SR_1": 0.0, "END_SR_max": 0.0, "START_SR_a": null, "END_SR_avg": null, "START_SR_R": null, "END_SR_Ref": null, "START_SR_C": null, "END_SR_Com": null }, "geometry": { "type": "LineString", "coordinates": [ [ 27.6632, 39.1684 ], [ 27.418, 39.1138 ], [ 27.6632, 39.1684 ], [ 27.418, 39.1138 ], [ 27.4038, 39.1523 ], [ 27.649, 39.2068 ], [ 27.6632, 39.1684 ] ] } },
{ "type": "Feature", "properties": { "Shape_Leng": 0.99963524927900005, "SS_ID": 238, "START_SS_I": 238, "END_SS_ID": 238, "START_Name": "Zeytindağı", "END_NameEN": "Zeytindağı", "START_Na_1": "Ζεϊτιντάγι", "END_NameEL": "Ζεϊτιντάγι", "START_Stri": 203, "END_Strike": 203, "START_Dip_": 293, "END_Dip_Di": 293, "START_Dip": 85, "END_Dip": 85, "START_Rake": 190, "END_Rake": 190, "START_Ra_1": -170, "END_Rake__": -170, "START_Kine": "D", "END_Kinema": "D", "START_Leng": 26, "END_Length": 26, "START_Widt": 9.5, "END_Width_": 9.5, "START_Min_": 0, "END_Min_De": 0, "START_Max_": 9.5, "END_Max_De": 9.5, "START_Rupt": 247.0, "END_Ruptur": 247.0, "START_Aver": 0.72, "END_Averag": 0.72, "START_Mw__": 6.4, "END_Mw__W_": 6.4, "START_Mw_1": 6.4, "END_Mw__K_": 6.4, "START_M0__": 5.3352e+18, "END_M0__Nm": 5.3352e+18, "START_SR_m": 0.0, "END_SR_min": 0.0, "START_SR_1": 0.0, "END_SR_max": 0.0, "START_SR_a": null, "END_SR_avg": null, "START_SR_R": null, "END_SR_Ref": null, "START_SR_C": null, "END_SR_Com": null }, "geometry": { "type": "LineString", "coordinates": [ [ 27.1517, 39.0682 ], [ 27.0342, 38.8529 ], [ 27.1517, 39.0682 ], [ 27.0342, 38.8529 ], [ 27.0254, 38.8558 ], [ 27.1429, 39.0711 ], [ 27.1517, 39.0682 ] ] } },
{ "type": "Feature", "properties": { "Shape_Leng": 1.2758644076000001, "SS_ID": 239, "START_SS_I": 239, "END_SS_ID": 239, "START_Name": "Ozanca", "END_NameEN": "Ozanca", "START_Na_1": "Οζαντζά", "END_NameEL": "Οζαντζά", "START_Stri": 308, "END_Strike": 308, "START_Dip_": 38, "END_Dip_Di": 38, "START_Dip": 65, "END_Dip": 65, "START_Rake": 300, "END_Rake": 300, "START_Ra_1": -60, "END_Rake__": -60, "START_Kine": "NS", "END_Kinema": "NS", "START_Leng": 27, "END_Length": 27, "START_Widt": 15.0, "END_Width_": 15.0, "START_Min_": 0, "END_Min_De": 0, "START_Max_": 13.6, "END_Max_De": 13.6, "START_Rupt": 405.0, "END_Ruptur": 405.0, "START_Aver": 0.71, "END_Averag": 0.71, "START_Mw__": 6.6, "END_Mw__W_": 6.6, "START_Mw_1": 6.6, "END_Mw__K_": 6.6, "START_M0__": 9.53688e+18, "END_M0__Nm": 9.53688e+18, "START_SR_m": 0.0, "END_SR_min": 0.0, "START_SR_1": 0.0, "END_SR_max": 0.0, "START_SR_a": null, "END_SR_avg": null, "START_SR_R": null, "END_SR_Ref": null, "START_SR_C": null, "END_SR_Com": null }, "geometry": { "type": "LineString", "coordinates": [ [ 27.9629, 38.6164 ], [ 27.7177, 38.7659 ], [ 27.9629, 38.6164 ], [ 27.7177, 38.7659 ], [ 27.7627, 38.8108 ], [ 28.0079, 38.6613 ], [ 27.9629, 38.6164 ] ] } },
{ "type": "Feature", "properties": { "Shape_Leng": 2.2633959539599999, "SS_ID": 240, "START_SS_I": 240, "END_SS_ID": 240, "START_Name": "Manisa", "END_NameEN": "Manisa", "START_Na_1": "Μαγνησία", "END_NameEL": "Μαγνησία", "START_Stri": 290, "END_Strike": 290, "START_Dip_": 20, "END_Dip_Di": 20, "START_Dip": 65, "END_Dip": 65, "START_Rake": 285, "END_Rake": 285, "START_Ra_1": -75, "END_Rake__": -75, "START_Kine": "N", "END_Kinema": "N", "START_Leng": 46, "END_Length": 46, "START_Widt": 22.0, "END_Width_": 22.0, "START_Min_": 0, "END_Min_De": 0, "START_Max_": 19.9, "END_Max_De": 19.9, "START_Rupt": 1023.0, "END_Ruptur": 1023.0, "START_Aver": 1.2, "END_Averag": 1.2, "START_Mw__": 7.0, "END_Mw__W_": 7.0, "START_Mw_1": 7.0, "END_Mw__K_": 7.0, "START_M0__": 3.9365e+19, "END_M0__Nm": 3.9365e+19, "START_SR_m": 0.1, "END_SR_min": 0.1, "START_SR_1": 0.3, "END_SR_max": 0.3, "START_SR_a": null, "END_SR_avg": null, "START_SR_R": "Özkaymak & Sözbilir (2012)", "END_SR_Ref": "Özkaymak & Sözbilir (2012)", "START_SR_C": null, "END_SR_Com": null }, "geometry": { "type": "LineString", "coordinates": [ [ 27.789, 38.4792 ], [ 27.2865, 38.6223 ], [ 27.789, 38.4792 ], [ 27.2865, 38.6223 ], [ 27.323, 38.7008 ], [ 27.8257, 38.5578 ], [ 27.789, 38.4792 ] ] } },
{ "type": "Feature", "properties": { "Shape_Leng": 1.5478265338099999, "SS_ID": 241, "START_SS_I": 241, "END_SS_ID": 241, "START_Name": "Kemalpaşa", "END_NameEN": "Kemalpaşa", "START_Na_1": "Κεμαλπασά", "END_NameEL": "Κεμαλπασά", "START_Stri": 274, "END_Strike": 274, "START_Dip_": 4, "END_Dip_Di": 4, "START_Dip": 65, "END_Dip": 65, "START_Rake": 270, "END_Rake": 270, "START_Ra_1": -90, "END_Rake__": -90, "START_Kine": "N", "END_Kinema": "N", "START_Leng": 31, "END_Length": 31, "START_Widt": 16.5, "END_Width_": 16.5, "START_Min_": 0, "END_Min_De": 0, "START_Max_": 15.0, "END_Max_De": 15.0, "START_Rupt": 511.5, "END_Ruptur": 511.5, "START_Aver": 0.81, "END_Averag": 0.81, "START_Mw__": 6.7, "END_Mw__W_": 6.7, "START_Mw_1": 6.7, "END_Mw__K_": 6.7, "START_M0__": 1.36312e+19, "END_M0__Nm": 1.36312e+19, "START_SR_m": 0.0, "END_SR_min": 0.0, "START_SR_1": 0.0, "END_SR_max": 0.0, "START_SR_a": null, "END_SR_avg": null, "START_SR_R": null, "END_SR_Ref": null, "START_SR_C": null, "END_SR_Com": null }, "geometry": { "type": "LineString", "coordinates": [ [ 27.7013, 38.4096 ], [ 27.3463, 38.4291 ], [ 27.7013, 38.4096 ], [ 27.3463, 38.4291 ], [ 27.3518, 38.4916 ], [ 27.7069, 38.4722 ], [ 27.7013, 38.4096 ] ] } },
{ "type": "Feature", "properties": { "Shape_Leng": 1.73571773626, "SS_ID": 242, "START_SS_I": 242, "END_SS_ID": 242, "START_Name": "Izmir", "END_NameEN": "Izmir", "START_Na_1": "Σμύρνη", "END_NameEL": "Σμύρνη", "START_Stri": 260, "END_Strike": 260, "START_Dip_": 350, "END_Dip_Di": 350, "START_Dip": 65, "END_Dip": 65, "START_Rake": 255, "END_Rake": 255, "START_Ra_1": -105, "END_Rake__": -105, "START_Kine": "ND", "END_Kinema": "ND", "START_Leng": 35, "END_Length": 35, "START_Widt": 18.0, "END_Width_": 18.0, "START_Min_": 0, "END_Min_De": 0, "START_Max_": 16.3, "END_Max_De": 16.3, "START_Rupt": 630.0, "END_Ruptur": 630.0, "START_Aver": 0.9, "END_Averag": 0.9, "START_Mw__": 6.8, "END_Mw__W_": 6.8, "START_Mw_1": 6.8, "END_Mw__K_": 6.8, "START_M0__": 1.87496e+19, "END_M0__Nm": 1.87496e+19, "START_SR_m": 0.0, "END_SR_min": 0.0, "START_SR_1": 0.0, "END_SR_max": 0.0, "START_SR_a": null, "END_SR_avg": null, "START_SR_R": null, "END_SR_Ref": null, "START_SR_C": null, "END_SR_Com": null }, "geometry": { "type": "LineString", "coordinates": [ [ 27.2972, 38.4296 ], [ 26.9016, 38.3749 ], [ 27.2972, 38.4296 ], [ 26.9016, 38.3749 ], [ 26.8864, 38.4423 ], [ 27.2821, 38.497 ], [ 27.2972, 38.4296 ] ] } },
{ "type": "Feature", "properties": { "Shape_Leng": 1.58178891553, "SS_ID": 243, "START_SS_I": 243, "END_SS_ID": 243, "START_Name": "Dağkızılca", "END_NameEN": "Dağkızılca", "START_Na_1": "Νταγκιζιλτζά", "END_NameEL": "Νταγκιζιλτζά", "START_Stri": 241, "END_Strike": 241, "START_Dip_": 331, "END_Dip_Di": 331, "START_Dip": 65, "END_Dip": 65, "START_Rake": 230, "END_Rake": 230, "START_Ra_1": -130, "END_Rake__": -130, "START_Kine": "ND", "END_Kinema": "ND", "START_Leng": 33, "END_Length": 33, "START_Widt": 17.0, "END_Width_": 17.0, "START_Min_": 0, "END_Min_De": 0, "START_Max_": 15.4, "END_Max_De": 15.4, "START_Rupt": 561.0, "END_Ruptur": 561.0, "START_Aver": 0.85, "END_Averag": 0.85, "START_Mw__": 6.7, "END_Mw__W_": 6.7, "START_Mw_1": 6.7, "END_Mw__K_": 6.7, "START_M0__": 1.57005e+19, "END_M0__Nm": 1.57005e+19, "START_SR_m": 0.0, "END_SR_min": 0.0, "START_SR_1": 0.0, "END_SR_max": 0.0, "START_SR_a": null, "END_SR_avg": null, "START_SR_R": null, "END_SR_Ref": null, "START_SR_C": null, "END_SR_Com": null }, "geometry": { "type": "LineString", "coordinates": [ [ 27.5994, 38.4085 ], [ 27.2685, 38.2647 ], [ 27.5994, 38.4085 ], [ 27.2685, 38.2647 ], [ 27.2285, 38.3212 ], [ 27.5595, 38.4651 ], [ 27.5994, 38.4085 ] ] } },
{ "type": "Feature", "properties": { "Shape_Leng": 1.6411172061, "SS_ID": 244, "START_SS_I": 244, "END_SS_ID": 244, "START_Name": "Tuzla", "END_NameEN": "Tuzla", "START_Na_1": "Τούζλα", "END_NameEL": "Τούζλα", "START_Stri": 32, "END_Strike": 32, "START_Dip_": 122, "END_Dip_Di": 122, "START_Dip": 80, "END_Dip": 80, "START_Rake": 160, "END_Rake": 160, "START_Ra_1": 160, "END_Rake__": 160, "START_Kine": "DR", "END_Kinema": "DR", "START_Leng": 41, "END_Length": 41, "START_Widt": 11.5, "END_Width_": 11.5, "START_Min_": 0, "END_Min_De": 0, "START_Max_": 11.3, "END_Max_De": 11.3, "START_Rupt": 471.5, "END_Ruptur": 471.5, "START_Aver": 0.95, "END_Averag": 0.95, "START_Mw__": 6.7, "END_Mw__W_": 6.7, "START_Mw_1": 6.7, "END_Mw__K_": 6.7, "START_M0__": 1.4303e+19, "END_M0__Nm": 1.4303e+19, "START_SR_m": 0.0, "END_SR_min": 0.0, "START_SR_1": 0.0, "END_SR_max": 0.0, "START_SR_a": null, "END_SR_avg": null, "START_SR_R": null, "END_SR_Ref": null, "START_SR_C": null, "END_SR_Com": null }, "geometry": { "type": "LineString", "coordinates": [ [ 26.8448, 38.0253 ], [ 27.0934, 38.338 ], [ 26.8448, 38.0253 ], [ 27.0934, 38.338 ], [ 27.1128, 38.3285 ], [ 26.8642, 38.0158 ], [ 26.8448, 38.0253 ] ] } },
{ "type": "Feature", "properties": { "Shape_Leng": 1.0366373093300001, "SS_ID": 245, "START_SS_I": 245, "END_SS_ID": 245, "START_Name": "Seferihisar", "END_NameEN": "Seferihisar", "START_Na_1": "Τέως", "END_NameEL": "Τέως", "START_Stri": 198, "END_Strike": 198, "START_Dip_": 288, "END_Dip_Di": 288, "START_Dip": 80, "END_Dip": 80, "START_Rake": 190, "END_Rake": 190, "START_Ra_1": -170, "END_Rake__": -170, "START_Kine": "D", "END_Kinema": "D", "START_Leng": 27, "END_Length": 27, "START_Widt": 9.5, "END_Width_": 9.5, "START_Min_": 0, "END_Min_De": 0, "START_Max_": 9.4, "END_Max_De": 9.4, "START_Rupt": 256.5, "END_Ruptur": 256.5, "START_Aver": 0.69, "END_Averag": 0.69, "START_Mw__": 6.4, "END_Mw__W_": 6.4, "START_Mw_1": 6.4, "END_Mw__K_": 6.4, "START_M0__": 5.63513e+18, "END_M0__Nm": 5.63513e+18, "START_SR_m": 0.0, "END_SR_min": 0.0, "START_SR_1": 0.0, "END_SR_max": 0.0, "START_SR_a": null, "END_SR_avg": null, "START_SR_R": null, "END_SR_Ref": null, "START_SR_C": null, "END_SR_Com": null }, "geometry": { "type": "LineString", "coordinates": [ [ 26.8905, 38.3682 ], [ 26.795, 38.1373 ], [ 26.8905, 38.3682 ], [ 26.795, 38.1373 ], [ 26.777, 38.1419 ], [ 26.8725, 38.3728 ], [ 26.8905, 38.3682 ] ] } },
{ "type": "Feature", "properties": { "Shape_Leng": 1.6431023549699999, "SS_ID": 246, "START_SS_I": 246, "END_SS_ID": 246, "START_Name": "Gülbahçe", "END_NameEN": "Gülbahçe", "START_Na_1": "Γκιουλμπαχτσέ", "END_NameEL": "Γκιουλμπαχτσέ", "START_Stri": 181, "END_Strike": 181, "START_Dip_": 271, "END_Dip_Di": 271, "START_Dip": 85, "END_Dip": 85, "START_Rake": 180, "END_Rake": 180, "START_Ra_1": 180, "END_Rake__": 180, "START_Kine": "D", "END_Kinema": "D", "START_Leng": 45, "END_Length": 45, "START_Widt": 12.0, "END_Width_": 12.0, "START_Min_": 0, "END_Min_De": 0, "START_Max_": 12.0, "END_Max_De": 12.0, "START_Rupt": 540.0, "END_Ruptur": 540.0, "START_Aver": 1.02, "END_Averag": 1.02, "START_Mw__": 6.8, "END_Mw__W_": 6.8, "START_Mw_1": 6.8, "END_Mw__K_": 6.8, "START_M0__": 1.7602e+19, "END_M0__Nm": 1.7602e+19, "START_SR_m": 0.0, "END_SR_min": 0.0, "START_SR_1": 0.0, "END_SR_max": 0.0, "START_SR_a": null, "END_SR_avg": null, "START_SR_R": null, "END_SR_Ref": null, "START_SR_C": null, "END_SR_Com": null }, "geometry": { "type": "LineString", "coordinates": [ [ 26.6451, 38.5316 ], [ 26.6361, 38.1269 ], [ 26.6451, 38.5316 ], [ 26.6361, 38.1269 ], [ 26.6241, 38.1271 ], [ 26.6331, 38.5317 ], [ 26.6451, 38.5316 ] ] } },
{ "type": "Feature", "properties": { "Shape_Leng": 2.1823813641299998, "SS_ID": 247, "START_SS_I": 247, "END_SS_ID": 247, "START_Name": "Büyük Menderes A", "END_NameEN": "Büyük Menderes A", "START_Na_1": "Μαιάνδρος Α", "END_NameEL": "Μαιάνδρος Α", "START_Stri": 79, "END_Strike": 79, "START_Dip_": 169, "END_Dip_Di": 169, "START_Dip": 60, "END_Dip": 60, "START_Rake": 265, "END_Rake": 265, "START_Ra_1": -95, "END_Rake__": -95, "START_Kine": "N", "END_Kinema": "N", "START_Leng": 44, "END_Length": 44, "START_Widt": 21.0, "END_Width_": 21.0, "START_Min_": 0, "END_Min_De": 0, "START_Max_": 18.2, "END_Max_De": 18.2, "START_Rupt": 924.0, "END_Ruptur": 924.0, "START_Aver": 1.1, "END_Averag": 1.1, "START_Mw__": 7.0, "END_Mw__W_": 7.0, "START_Mw_1": 7.0, "END_Mw__K_": 7.0, "START_M0__": 3.36882e+19, "END_M0__Nm": 3.36882e+19, "START_SR_m": 0.0, "END_SR_min": 0.0, "START_SR_1": 0.0, "END_SR_max": 0.0, "START_SR_a": null, "END_SR_avg": null, "START_SR_R": null, "END_SR_Ref": null, "START_SR_C": null, "END_SR_Com": null }, "geometry": { "type": "LineString", "coordinates": [ [ 27.8647, 37.8514 ], [ 28.3569, 37.927 ], [ 27.8647, 37.8514 ], [ 28.3569, 37.927 ], [ 28.3795, 37.8343 ], [ 27.8876, 37.7588 ], [ 27.8647, 37.8514 ] ] } },
{ "type": "Feature", "properties": { "Shape_Leng": 1.6043615850199999, "SS_ID": 248, "START_SS_I": 248, "END_SS_ID": 248, "START_Name": "Büyük Menderes B", "END_NameEN": "Büyük Menderes B", "START_Na_1": "Μαιάνδρος Β", "END_NameEL": "Μαιάνδρος Β", "START_Stri": 100, "END_Strike": 100, "START_Dip_": 190, "END_Dip_Di": 190, "START_Dip": 60, "END_Dip": 60, "START_Rake": 275, "END_Rake": 275, "START_Ra_1": -85, "END_Rake__": -85, "START_Kine": "N", "END_Kinema": "N", "START_Leng": 32, "END_Length": 32, "START_Widt": 17.0, "END_Width_": 17.0, "START_Min_": 0, "END_Min_De": 0, "START_Max_": 14.7, "END_Max_De": 14.7, "START_Rupt": 544.0, "END_Ruptur": 544.0, "START_Aver": 0.83, "END_Averag": 0.83, "START_Mw__": 6.7, "END_Mw__W_": 6.7, "START_Mw_1": 6.7, "END_Mw__K_": 6.7, "START_M0__": 1.49784e+19, "END_M0__Nm": 1.49784e+19, "START_SR_m": 0.0, "END_SR_min": 0.0, "START_SR_1": 0.0, "END_SR_max": 0.0, "START_SR_a": null, "END_SR_avg": null, "START_SR_R": null, "END_SR_Ref": null, "START_SR_C": null, "END_SR_Com": null }, "geometry": { "type": "LineString", "coordinates": [ [ 27.497, 37.9088 ], [ 27.8561, 37.8588 ], [ 27.497, 37.9088 ], [ 27.8561, 37.8588 ], [ 27.8392, 37.7835 ], [ 27.4803, 37.8335 ], [ 27.497, 37.9088 ] ] } },
{ "type": "Feature", "properties": { "Shape_Leng": 1.15969821878, "SS_ID": 249, "START_SS_I": 249, "END_SS_ID": 249, "START_Name": "Kuşadası", "END_NameEN": "Kuşadası", "START_Na_1": "Σκάλα Νέας Εφέσου", "END_NameEL": "Σκάλα Νέας Εφέσου", "START_Stri": 76, "END_Strike": 76, "START_Dip_": 166, "END_Dip_Di": 166, "START_Dip": 60, "END_Dip": 60, "START_Rake": 250, "END_Rake": 250, "START_Ra_1": -110, "END_Rake__": -110, "START_Kine": "ND", "END_Kinema": "ND", "START_Leng": 23, "END_Length": 23, "START_Widt": 13.5, "END_Width_": 13.5, "START_Min_": 0, "END_Min_De": 0, "START_Max_": 11.7, "END_Max_De": 11.7, "START_Rupt": 310.5, "END_Ruptur": 310.5, "START_Aver": 0.62, "END_Averag": 0.62, "START_Mw__": 6.5, "END_Mw__W_": 6.5, "START_Mw_1": 6.5, "END_Mw__K_": 6.5, "START_M0__": 6.35118e+18, "END_M0__Nm": 6.35118e+18, "START_SR_m": 0.0, "END_SR_min": 0.0, "START_SR_1": 0.0, "END_SR_max": 0.0, "START_SR_a": null, "END_SR_avg": null, "START_SR_R": null, "END_SR_Ref": null, "START_SR_C": null, "END_SR_Com": null }, "geometry": { "type": "LineString", "coordinates": [ [ 27.2403, 37.821 ], [ 27.4945, 37.8711 ], [ 27.2403, 37.821 ], [ 27.4945, 37.8711 ], [ 27.513, 37.8122 ], [ 27.259, 37.7621 ], [ 27.2403, 37.821 ] ] } },
{ "type": "Feature", "properties": { "Shape_Leng": 1.1106622055399999, "SS_ID": 250, "START_SS_I": 250, "END_SS_ID": 250, "START_Name": "Davutlar", "END_NameEN": "Davutlar", "START_Na_1": "Νταβούτλαρ", "END_NameEL": "Νταβούτλαρ", "START_Stri": 258, "END_Strike": 258, "START_Dip_": 348, "END_Dip_Di": 348, "START_Dip": 60, "END_Dip": 60, "START_Rake": 260, "END_Rake": 260, "START_Ra_1": -100, "END_Rake__": -100, "START_Kine": "N", "END_Kinema": "N", "START_Leng": 22, "END_Length": 22, "START_Widt": 13.0, "END_Width_": 13.0, "START_Min_": 0, "END_Min_De": 0, "START_Max_": 11.3, "END_Max_De": 11.3, "START_Rupt": 286.0, "END_Ruptur": 286.0, "START_Aver": 0.59, "END_Averag": 0.59, "START_Mw__": 6.4, "END_Mw__W_": 6.4, "START_Mw_1": 6.4, "END_Mw__K_": 6.4, "START_M0__": 5.60067e+18, "END_M0__Nm": 5.60067e+18, "START_SR_m": 0.0, "END_SR_min": 0.0, "START_SR_1": 0.0, "END_SR_max": 0.0, "START_SR_a": null, "END_SR_avg": null, "START_SR_R": null, "END_SR_Ref": null, "START_SR_C": null, "END_SR_Com": null }, "geometry": { "type": "LineString", "coordinates": [ [ 27.3195, 37.728 ], [ 27.0749, 37.6869 ], [ 27.3195, 37.728 ], [ 27.0749, 37.6869 ], [ 27.0595, 37.7441 ], [ 27.3042, 37.7852 ], [ 27.3195, 37.728 ] ] } },
{ "type": "Feature", "properties": { "Shape_Leng": 1.6214906153399999, "SS_ID": 251, "START_SS_I": 251, "END_SS_ID": 251, "START_Name": "Söke", "END_NameEN": "Söke", "START_Na_1": "Σώκεια", "END_NameEL": "Σώκεια", "START_Stri": 55, "END_Strike": 55, "START_Dip_": 145, "END_Dip_Di": 145, "START_Dip": 51, "END_Dip": 51, "START_Rake": 227, "END_Rake": 227, "START_Ra_1": -133, "END_Rake__": -133, "START_Kine": "ND", "END_Kinema": "ND", "START_Leng": 33, "END_Length": 33, "START_Widt": 17.5, "END_Width_": 17.5, "START_Min_": 0, "END_Min_De": 0, "START_Max_": 13.6, "END_Max_De": 13.6, "START_Rupt": 577.5, "END_Ruptur": 577.5, "START_Aver": 0.86, "END_Averag": 0.86, "START_Mw__": 6.7, "END_Mw__W_": 6.7, "START_Mw_1": 6.7, "END_Mw__K_": 6.7, "START_M0__": 1.64125e+19, "END_M0__Nm": 1.64125e+19, "START_SR_m": 0.0, "END_SR_min": 0.0, "START_SR_1": 0.0, "END_SR_max": 0.0, "START_SR_a": null, "END_SR_avg": null, "START_SR_R": null, "END_SR_Ref": null, "START_SR_C": null, "END_SR_Com": null }, "geometry": { "type": "LineString", "coordinates": [ [ 27.1561, 37.6079 ], [ 27.4633, 37.7782 ], [ 27.1561, 37.6079 ], [ 27.4633, 37.7782 ], [ 27.535, 37.697 ], [ 27.2279, 37.5268 ], [ 27.1561, 37.6079 ] ] } },
{ "type": "Feature", "properties": { "Shape_Leng": 1.8003263330899999, "SS_ID": 252, "START_SS_I": 252, "END_SS_ID": 252, "START_Name": "Milas", "END_NameEN": "Milas", "START_Na_1": "Μυλάσα", "END_NameEL": "Μυλάσα", "START_Stri": 301, "END_Strike": 301, "START_Dip_": 31, "END_Dip_Di": 31, "START_Dip": 80, "END_Dip": 80, "START_Rake": 207, "END_Rake": 207, "START_Ra_1": -153, "END_Rake__": -153, "START_Kine": "DN", "END_Kinema": "DN", "START_Leng": 41, "END_Length": 41, "START_Widt": 11.5, "END_Width_": 11.5, "START_Min_": 0, "END_Min_De": 0, "START_Max_": 11.3, "END_Max_De": 11.3, "START_Rupt": 471.5, "END_Ruptur": 471.5, "START_Aver": 0.92, "END_Averag": 0.92, "START_Mw__": 6.7, "END_Mw__W_": 6.7, "START_Mw_1": 6.7, "END_Mw__K_": 6.7, "START_M0__": 1.4303e+19, "END_M0__Nm": 1.4303e+19, "START_SR_m": 0.0, "END_SR_min": 0.0, "START_SR_1": 0.0, "END_SR_max": 0.0, "START_SR_a": null, "END_SR_avg": null, "START_SR_R": null, "END_SR_Ref": null, "START_SR_C": null, "END_SR_Com": null }, "geometry": { "type": "LineString", "coordinates": [ [ 27.9456, 37.2138 ], [ 27.5482, 37.4037 ], [ 27.9456, 37.2138 ], [ 27.5482, 37.4037 ], [ 27.5598, 37.4191 ], [ 27.9572, 37.2292 ], [ 27.9456, 37.2138 ] ] } },
{ "type": "Feature", "properties": { "Shape_Leng": 3.4380308353100002, "SS_ID": 253, "START_SS_I": 253, "END_SS_ID": 253, "START_Name": "Gökova", "END_NameEN": "Gökova", "START_Na_1": "Κεραμεικός", "END_NameEL": "Κεραμεικός", "START_Stri": 83, "END_Strike": 83, "START_Dip_": 173, "END_Dip_Di": 173, "START_Dip": 43, "END_Dip": 43, "START_Rake": 258, "END_Rake": 258, "START_Ra_1": -102, "END_Rake__": -102, "START_Kine": "N", "END_Kinema": "N", "START_Leng": 68, "END_Length": 68, "START_Widt": 29.0, "END_Width_": 29.0, "START_Min_": 0, "END_Min_De": 0, "START_Max_": 19.8, "END_Max_De": 19.8, "START_Rupt": 1972.0, "END_Ruptur": 1972.0, "START_Aver": 1.65, "END_Averag": 1.65, "START_Mw__": 7.3, "END_Mw__W_": 7.3, "START_Mw_1": 7.3, "END_Mw__K_": 7.3, "START_M0__": 1.0745e+20, "END_M0__Nm": 1.0745e+20, "START_SR_m": 0.0, "END_SR_min": 0.0, "START_SR_1": 0.0, "END_SR_max": 0.0, "START_SR_a": null, "END_SR_avg": null, "START_SR_R": null, "END_SR_Ref": null, "START_SR_C": null, "END_SR_Com": null }, "geometry": { "type": "LineString", "coordinates": [ [ 27.6945, 36.9957 ], [ 28.4548, 37.0703 ], [ 27.6945, 36.9957 ], [ 28.4548, 37.0703 ], [ 28.4834, 36.8809 ], [ 27.724, 36.8064 ], [ 27.6945, 36.9957 ] ] } },
{ "type": "Feature", "properties": { "Shape_Leng": 1.541635564, "SS_ID": 254, "START_SS_I": 254, "END_SS_ID": 254, "START_Name": "Kale", "END_NameEN": "Kale", "START_Na_1": "Καλέ", "END_NameEL": "Καλέ", "START_Stri": 65, "END_Strike": 65, "START_Dip_": 155, "END_Dip_Di": 155, "START_Dip": 60, "END_Dip": 60, "START_Rake": 290, "END_Rake": 290, "START_Ra_1": -70, "END_Rake__": -70, "START_Kine": "NS", "END_Kinema": "NS", "START_Leng": 32, "END_Length": 32, "START_Widt": 17.0, "END_Width_": 17.0, "START_Min_": 0, "END_Min_De": 0, "START_Max_": 14.7, "END_Max_De": 14.7, "START_Rupt": 544.0, "END_Ruptur": 544.0, "START_Aver": 0.83, "END_Averag": 0.83, "START_Mw__": 6.7, "END_Mw__W_": 6.7, "START_Mw_1": 6.7, "END_Mw__K_": 6.7, "START_M0__": 1.49784e+19, "END_M0__Nm": 1.49784e+19, "START_SR_m": 0.0, "END_SR_min": 0.0, "START_SR_1": 0.0, "END_SR_max": 0.0, "START_SR_a": null, "END_SR_avg": null, "START_SR_R": null, "END_SR_Ref": null, "START_SR_C": null, "END_SR_Com": null }, "geometry": { "type": "LineString", "coordinates": [ [ 29.6682, 36.1533 ], [ 29.9915, 36.2749 ], [ 29.6682, 36.1533 ], [ 29.9915, 36.2749 ], [ 30.0315, 36.2056 ], [ 29.7083, 36.084 ], [ 29.6682, 36.1533 ] ] } }
]
}
