{
"type": "FeatureCollection",
"name": "RCS_normal_faultline",
"crs": { "type": "name", "properties": { "name": "urn:ogc:def:crs:OGC:1.3:CRS84" } },
"features": [
{ "type": "Feature", "properties": { "Shape_Leng": 0.90504103774400002, "SS_ID": 1, "START_OBJE": 1, "END_OBJECT": 1, "START_Lon": 26.5485, "END_Lon": 26.5485, "START_Lat": 41.6135, "END_Lat": 41.6135, "START_poin": "A", "END_point_": "A", "START_po_1": 1, "END_point1": 1, "START_SS_I": 1, "END_SS_ID": 1, "START_Name": "Doxipara", "END_NameEN": "Doxipara", "START_Na_1": "Δοξιπάρα", "END_NameEL": "Δοξιπάρα", "START_Stri": 258, "END_Strike": 258, "START_Dip_": 348, "END_Dip_Di": 348, "START_Dip": 55, "END_Dip": 55, "START_Rake": 250, "END_Rake": 250, "START_Ra_1": -110, "END_Rake__": -110, "START_Kine": "ND", "END_Kinema": "ND", "START_Leng": 38.0, "END_Length": 38.0, "START_Widt": 19.0, "END_Width_": 19.0, "START_Min_": 0.0, "END_Min_De": 0.0, "START_Max_": 15.6, "END_Max_De": 15.6, "START_Rupt": 722.0, "END_Ruptur": 722.0, "START_Aver": 1.07, "END_Averag": 1.07, "START_Mw__": 6.8, "END_Mw__W_": 6.8, "START_Mw_1": 6.8, "END_Mw__K_": 6.8, "START_M0__": 2.31e+19, "END_M0__Nm": 2.31e+19, "START_LonA": 26.5485, "END_LonA": 26.5485, "START_LatA": 41.6135, "END_LatA": 41.6135, "START_LonB": 26.1016, "END_LonB": 26.1016, "START_LatB": 41.5424, "END_LatB": 41.5424, "START_Lon1": 26.5485, "END_Lon1": 26.5485, "START_Lat1": 41.6135, "END_Lat1": 41.6135, "START_Lon2": 26.1016, "END_Lon2": 26.1016, "START_Lat2": 41.5424, "END_Lat2": 41.5424, "START_Lon3": 26.0742, "END_Lon3": 26.0742, "START_Lat3": 41.6383, "END_Lat3": 41.6383, "START_Lon4": 26.5214, "END_Lon4": 26.5214, "START_Lat4": 41.7093, "END_Lat4": 41.7093, "START_SR_m": 0.0, "END_SR_min": 0.0, "START_SR_1": 0.0, "END_SR_max": 0.0, "START_SR_a": null, "END_SR_avg": null, "START_SR_R": null, "END_SR_Ref": null, "START_SR_C": null, "END_SR_Com": null, "START_po_2": "A", "END_poin_1": "A", "START_po_3": 1, "END_poin_2": 1 }, "geometry": { "type": "LineString", "coordinates": [ [ 26.5485, 41.6135 ], [ 26.1016, 41.5424 ], [ 26.5485, 41.6135 ] ] } },
{ "type": "Feature", "properties": { "Shape_Leng": 0.65612514050299997, "SS_ID": 2, "START_OBJE": 3, "END_OBJECT": 3, "START_Lon": 25.4516, "END_Lon": 25.4516, "START_Lat": 41.1675, "END_Lat": 41.1675, "START_poin": "A", "END_point_": "A", "START_po_1": 1, "END_point1": 1, "START_SS_I": 2, "END_SS_ID": 2, "START_Name": "Fillyra", "END_NameEN": "Fillyra", "START_Na_1": "Φιλλύρα", "END_NameEL": "Φιλλύρα", "START_Stri": 107, "END_Strike": 107, "START_Dip_": 197, "END_Dip_Di": 197, "START_Dip": 55, "END_Dip": 55, "START_Rake": 280, "END_Rake": 280, "START_Ra_1": -80, "END_Rake__": -80, "START_Kine": "N", "END_Kinema": "N", "START_Leng": 28.0, "END_Length": 28.0, "START_Widt": 15.5, "END_Width_": 15.5, "START_Min_": 0.0, "END_Min_De": 0.0, "START_Max_": 12.7, "END_Max_De": 12.7, "START_Rupt": 434.0, "END_Ruptur": 434.0, "START_Aver": 0.81, "END_Averag": 0.81, "START_Mw__": 6.6, "END_Mw__W_": 6.6, "START_Mw_1": 6.6, "END_Mw__K_": 6.6, "START_M0__": 1.05e+19, "END_M0__Nm": 1.05e+19, "START_LonA": 25.4516, "END_LonA": 25.4516, "START_LatA": 41.1675, "END_LatA": 41.1675, "START_LonB": 25.7713, "END_LonB": 25.7713, "START_LatB": 41.0939, "END_LatB": 41.0939, "START_Lon1": 25.4516, "END_Lon1": 25.4516, "START_Lat1": 41.1675, "END_Lat1": 41.1675, "START_Lon2": 25.7713, "END_Lon2": 25.7713, "START_Lat2": 41.0939, "END_Lat2": 41.0939, "START_Lon3": 25.7402, "END_Lon3": 25.7402, "START_Lat3": 41.0174, "END_Lat3": 41.0174, "START_Lon4": 25.4206, "END_Lon4": 25.4206, "START_Lat4": 41.0911, "END_Lat4": 41.0911, "START_SR_m": 0.0, "END_SR_min": 0.0, "START_SR_1": 0.0, "END_SR_max": 0.0, "START_SR_a": null, "END_SR_avg": null, "START_SR_R": null, "END_SR_Ref": null, "START_SR_C": null, "END_SR_Com": null, "START_po_2": "A", "END_poin_1": "A", "START_po_3": 1, "END_poin_2": 1 }, "geometry": { "type": "LineString", "coordinates": [ [ 25.4516, 41.1675 ], [ 25.7713, 41.0939 ], [ 25.4516, 41.1675 ] ] } },
{ "type": "Feature", "properties": { "Shape_Leng": 0.72167904223400003, "SS_ID": 3, "START_OBJE": 5, "END_OBJECT": 5, "START_Lon": 25.214, "END_Lon": 25.214, "START_Lat": 41.1217, "END_Lat": 41.1217, "START_poin": "A", "END_point_": "A", "START_po_1": 1, "END_point1": 1, "START_SS_I": 3, "END_SS_ID": 3, "START_Name": "Komotini", "END_NameEN": "Komotini", "START_Na_1": "Κομοτηνή", "END_NameEL": "Κομοτηνή", "START_Stri": 70, "END_Strike": 70, "START_Dip_": 160, "END_Dip_Di": 160, "START_Dip": 50, "END_Dip": 50, "START_Rake": 245, "END_Rake": 245, "START_Ra_1": -115, "END_Rake__": -115, "START_Kine": "ND", "END_Kinema": "ND", "START_Leng": 31.0, "END_Length": 31.0, "START_Widt": 16.5, "END_Width_": 16.5, "START_Min_": 0.0, "END_Min_De": 0.0, "START_Max_": 12.6, "END_Max_De": 12.6, "START_Rupt": 511.5, "END_Ruptur": 511.5, "START_Aver": 0.89, "END_Averag": 0.89, "START_Mw__": 6.7, "END_Mw__W_": 6.7, "START_Mw_1": 6.7, "END_Mw__K_": 6.7, "START_M0__": 1.37e+19, "END_M0__Nm": 1.37e+19, "START_LonA": 25.214, "END_LonA": 25.214, "START_LatA": 41.1217, "END_LatA": 41.1217, "START_LonB": 25.562, "END_LonB": 25.562, "START_LatB": 41.2171, "END_LatB": 41.2171, "START_Lon1": 25.214, "END_Lon1": 25.214, "START_Lat1": 41.1217, "END_Lat1": 41.1217, "START_Lon2": 25.562, "END_Lon2": 25.562, "START_Lat2": 41.2171, "END_Lat2": 41.2171, "START_Lon3": 25.6052, "END_Lon3": 25.6052, "START_Lat3": 41.1274, "END_Lat3": 41.1274, "START_Lon4": 25.2574, "END_Lon4": 25.2574, "START_Lat4": 41.0321, "END_Lat4": 41.0321, "START_SR_m": 0.0, "END_SR_min": 0.0, "START_SR_1": 0.0, "END_SR_max": 0.0, "START_SR_a": null, "END_SR_avg": null, "START_SR_R": null, "END_SR_Ref": null, "START_SR_C": null, "END_SR_Com": null, "START_po_2": "A", "END_poin_1": "A", "START_po_3": 1, "END_poin_2": 1 }, "geometry": { "type": "LineString", "coordinates": [ [ 25.214, 41.1217 ], [ 25.562, 41.2171 ], [ 25.214, 41.1217 ] ] } },
{ "type": "Feature", "properties": { "Shape_Leng": 0.64379773221100001, "SS_ID": 4, "START_OBJE": 7, "END_OBJECT": 7, "START_Lon": 24.8928, "END_Lon": 24.8928, "START_Lat": 41.1427, "END_Lat": 41.1427, "START_poin": "A", "END_point_": "A", "START_po_1": 1, "END_point1": 1, "START_SS_I": 4, "END_SS_ID": 4, "START_Name": "Xanthi-Iasmos", "END_NameEN": "Xanthi-Iasmos", "START_Na_1": "Ξάνθη-Ίασμος", "END_NameEL": "Ξάνθη-Ίασμος", "START_Stri": 95, "END_Strike": 95, "START_Dip_": 185, "END_Dip_Di": 185, "START_Dip": 50, "END_Dip": 50, "START_Rake": 265, "END_Rake": 265, "START_Ra_1": -95, "END_Rake__": -95, "START_Kine": "N", "END_Kinema": "N", "START_Leng": 27.0, "END_Length": 27.0, "START_Widt": 15.0, "END_Width_": 15.0, "START_Min_": 0.0, "END_Min_De": 0.0, "START_Max_": 11.5, "END_Max_De": 11.5, "START_Rupt": 405.0, "END_Ruptur": 405.0, "START_Aver": 0.78, "END_Averag": 0.78, "START_Mw__": 6.6, "END_Mw__W_": 6.6, "START_Mw_1": 6.6, "END_Mw__K_": 6.6, "START_M0__": 9.48e+18, "END_M0__Nm": 9.48e+18, "START_LonA": 24.8928, "END_LonA": 24.8928, "START_LatA": 41.1427, "END_LatA": 41.1427, "START_LonB": 25.214, "END_LonB": 25.214, "START_LatB": 41.1215, "END_LatB": 41.1215, "START_Lon1": 24.8928, "END_Lon1": 24.8928, "START_Lat1": 41.1427, "END_Lat1": 41.1427, "START_Lon2": 25.214, "END_Lon2": 25.214, "START_Lat2": 41.1215, "END_Lat2": 41.1215, "START_Lon3": 25.2038, "END_Lon3": 25.2038, "START_Lat3": 41.0351, "END_Lat3": 41.0351, "START_Lon4": 24.8829, "END_Lon4": 24.8829, "START_Lat4": 41.0563, "END_Lat4": 41.0563, "START_SR_m": 0.0, "END_SR_min": 0.0, "START_SR_1": 0.0, "END_SR_max": 0.0, "START_SR_a": null, "END_SR_avg": null, "START_SR_R": null, "END_SR_Ref": null, "START_SR_C": null, "END_SR_Com": null, "START_po_2": "A", "END_poin_1": "A", "START_po_3": 1, "END_poin_2": 1 }, "geometry": { "type": "LineString", "coordinates": [ [ 24.8928, 41.1427 ], [ 25.214, 41.1215 ], [ 24.8928, 41.1427 ] ] } },
{ "type": "Feature", "properties": { "Shape_Leng": 0.92388313113700005, "SS_ID": 5, "START_OBJE": 9, "END_OBJECT": 9, "START_Lon": 24.4836, "END_Lon": 24.4836, "START_Lat": 40.9195, "END_Lat": 40.9195, "START_poin": "A", "END_point_": "A", "START_po_1": 1, "END_point1": 1, "START_SS_I": 5, "END_SS_ID": 5, "START_Name": "Kavala", "END_NameEN": "Kavala", "START_Na_1": "Καβάλα", "END_NameEL": "Καβάλα", "START_Stri": 54, "END_Strike": 54, "START_Dip_": 144, "END_Dip_Di": 144, "START_Dip": 50, "END_Dip": 50, "START_Rake": 225, "END_Rake": 225, "START_Ra_1": -135, "END_Rake__": -135, "START_Kine": "DN", "END_Kinema": "DN", "START_Leng": 42.0, "END_Length": 42.0, "START_Widt": 20.5, "END_Width_": 20.5, "START_Min_": 0.0, "END_Min_De": 0.0, "START_Max_": 15.7, "END_Max_De": 15.7, "START_Rupt": 861.0, "END_Ruptur": 861.0, "START_Aver": 1.17, "END_Averag": 1.17, "START_Mw__": 6.9, "END_Mw__W_": 6.9, "START_Mw_1": 6.9, "END_Mw__K_": 6.9, "START_M0__": 3.02e+19, "END_M0__Nm": 3.02e+19, "START_LonA": 24.4836, "END_LonA": 24.4836, "START_LatA": 40.9195, "END_LatA": 40.9195, "START_LonB": 24.8887, "END_LonB": 24.8887, "START_LatB": 41.1415, "END_LatB": 41.1415, "START_Lon1": 24.4836, "END_Lon1": 24.4836, "START_Lat1": 40.9195, "END_Lat1": 40.9195, "START_Lon2": 24.8887, "END_Lon2": 24.8887, "START_Lat2": 41.1415, "END_Lat2": 41.1415, "START_Lon3": 24.9809, "END_Lon3": 24.9809, "START_Lat3": 41.0456, "END_Lat3": 41.0456, "START_Lon4": 24.5759, "END_Lon4": 24.5759, "START_Lat4": 40.8236, "END_Lat4": 40.8236, "START_SR_m": 0.0, "END_SR_min": 0.0, "START_SR_1": 0.0, "END_SR_max": 0.0, "START_SR_a": null, "END_SR_avg": null, "START_SR_R": null, "END_SR_Ref": null, "START_SR_C": null, "END_SR_Com": null, "START_po_2": "A", "END_poin_1": "A", "START_po_3": 1, "END_poin_2": 1 }, "geometry": { "type": "LineString", "coordinates": [ [ 24.4836, 40.9195 ], [ 24.8887, 41.1415 ], [ 24.4836, 40.9195 ] ] } },
{ "type": "Feature", "properties": { "Shape_Leng": 1.0291113836700001, "SS_ID": 6, "START_OBJE": 11, "END_OBJECT": 11, "START_Lon": 24.0486, "END_Lon": 24.0486, "START_Lat": 40.69, "END_Lat": 40.69, "START_poin": "A", "END_point_": "A", "START_po_1": 1, "END_point1": 1, "START_SS_I": 6, "END_SS_ID": 6, "START_Name": "Symvolo", "END_NameEN": "Symvolo", "START_Na_1": "Σύμβολο", "END_NameEL": "Σύμβολο", "START_Stri": 59, "END_Strike": 59, "START_Dip_": 149, "END_Dip_Di": 149, "START_Dip": 50, "END_Dip": 50, "START_Rake": 225, "END_Rake": 225, "START_Ra_1": -135, "END_Rake__": -135, "START_Kine": "DN", "END_Kinema": "DN", "START_Leng": 46.0, "END_Length": 46.0, "START_Widt": 22.0, "END_Width_": 22.0, "START_Min_": 0.0, "END_Min_De": 0.0, "START_Max_": 16.9, "END_Max_De": 16.9, "START_Rupt": 1012.0, "END_Ruptur": 1012.0, "START_Aver": 1.28, "END_Averag": 1.28, "START_Mw__": 7.0, "END_Mw__W_": 7.0, "START_Mw_1": 7.0, "END_Mw__K_": 7.0, "START_M0__": 3.87192e+19, "END_M0__Nm": 3.87192e+19, "START_LonA": 24.0486, "END_LonA": 24.0486, "START_LatA": 40.69, "END_LatA": 40.69, "START_LonB": 24.517, "END_LonB": 24.517, "START_LatB": 40.903, "END_LatB": 40.903, "START_Lon1": 24.0486, "END_Lon1": 24.0486, "START_Lat1": 40.69, "END_Lat1": 40.69, "START_Lon2": 24.517, "END_Lon2": 24.517, "START_Lat2": 40.903, "END_Lat2": 40.903, "START_Lon3": 24.6033, "END_Lon3": 24.6033, "START_Lat3": 40.794, "END_Lat3": 40.794, "START_Lon4": 24.1352, "END_Lon4": 24.1352, "START_Lat4": 40.581, "END_Lat4": 40.581, "START_SR_m": 0.0, "END_SR_min": 0.0, "START_SR_1": 0.0, "END_SR_max": 0.0, "START_SR_a": null, "END_SR_avg": null, "START_SR_R": null, "END_SR_Ref": null, "START_SR_C": null, "END_SR_Com": null, "START_po_2": "A", "END_poin_1": "A", "START_po_3": 1, "END_poin_2": 1 }, "geometry": { "type": "LineString", "coordinates": [ [ 24.0486, 40.69 ], [ 24.517, 40.903 ], [ 24.0486, 40.69 ] ] } },
{ "type": "Feature", "properties": { "Shape_Leng": 1.07391001485, "SS_ID": 7, "START_OBJE": 13, "END_OBJECT": 13, "START_Lon": 23.8054, "END_Lon": 23.8054, "START_Lat": 41.2165, "END_Lat": 41.2165, "START_poin": "A", "END_point_": "A", "START_po_1": 1, "END_point1": 1, "START_SS_I": 7, "END_SS_ID": 7, "START_Name": "Drama", "END_NameEN": "Drama", "START_Na_1": "Δράμα", "END_NameEL": "Δράμα", "START_Stri": 95, "END_Strike": 95, "START_Dip_": 185, "END_Dip_Di": 185, "START_Dip": 50, "END_Dip": 50, "START_Rake": 275, "END_Rake": 275, "START_Ra_1": -85, "END_Rake__": -85, "START_Kine": "N", "END_Kinema": "N", "START_Leng": 45.0, "END_Length": 45.0, "START_Widt": 21.5, "END_Width_": 21.5, "START_Min_": 0.0, "END_Min_De": 0.0, "START_Max_": 16.5, "END_Max_De": 16.5, "START_Rupt": 967.5, "END_Ruptur": 967.5, "START_Aver": 1.25, "END_Averag": 1.25, "START_Mw__": 7.0, "END_Mw__W_": 7.0, "START_Mw_1": 7.0, "END_Mw__K_": 7.0, "START_M0__": 3.63e+19, "END_M0__Nm": 3.63e+19, "START_LonA": 23.8054, "END_LonA": 23.8054, "START_LatA": 41.2165, "END_LatA": 41.2165, "START_LonB": 24.3412, "END_LonB": 24.3412, "START_LatB": 41.1813, "END_LatB": 41.1813, "START_Lon1": 23.8054, "END_Lon1": 23.8054, "START_Lat1": 41.2165, "END_Lat1": 41.2165, "START_Lon2": 24.3412, "END_Lon2": 24.3412, "START_Lat2": 41.1813, "END_Lat2": 41.1813, "START_Lon3": 24.3265, "END_Lon3": 24.3265, "START_Lat3": 41.0575, "END_Lat3": 41.0575, "START_Lon4": 23.7912, "END_Lon4": 23.7912, "START_Lat4": 41.0927, "END_Lat4": 41.0927, "START_SR_m": 0.0, "END_SR_min": 0.0, "START_SR_1": 0.0, "END_SR_max": 0.0, "START_SR_a": null, "END_SR_avg": null, "START_SR_R": null, "END_SR_Ref": null, "START_SR_C": null, "END_SR_Com": null, "START_po_2": "A", "END_poin_1": "A", "START_po_3": 1, "END_poin_2": 1 }, "geometry": { "type": "LineString", "coordinates": [ [ 23.8054, 41.2165 ], [ 24.3412, 41.1813 ], [ 23.8054, 41.2165 ] ] } },
{ "type": "Feature", "properties": { "Shape_Leng": 0.47636632962499997, "SS_ID": 8, "START_OBJE": 15, "END_OBJECT": 15, "START_Lon": 23.6892, "END_Lon": 23.6892, "START_Lat": 41.1044, "END_Lat": 41.1044, "START_poin": "A", "END_point_": "A", "START_po_1": 1, "END_point1": 1, "START_SS_I": 8, "END_SS_ID": 8, "START_Name": "Nea Zichni", "END_NameEN": "Nea Zichni", "START_Na_1": "Νέα Ζίχνη", "END_NameEL": "Νέα Ζίχνη", "START_Stri": 139, "END_Strike": 139, "START_Dip_": 229, "END_Dip_Di": 229, "START_Dip": 60, "END_Dip": 60, "START_Rake": 315, "END_Rake": 315, "START_Ra_1": -45, "END_Rake__": -45, "START_Kine": "NS", "END_Kinema": "NS", "START_Leng": 23.0, "END_Length": 23.0, "START_Widt": 13.5, "END_Width_": 13.5, "START_Min_": 0.0, "END_Min_De": 0.0, "START_Max_": 11.7, "END_Max_De": 11.7, "START_Rupt": 310.5, "END_Ruptur": 310.5, "START_Aver": 0.68, "END_Averag": 0.68, "START_Mw__": 6.5, "END_Mw__W_": 6.5, "START_Mw_1": 6.5, "END_Mw__K_": 6.5, "START_M0__": 6.33e+18, "END_M0__Nm": 6.33e+18, "START_LonA": 23.6892, "END_LonA": 23.6892, "START_LatA": 41.1044, "END_LatA": 41.1044, "START_LonB": 23.8691, "END_LonB": 23.8691, "START_LatB": 40.9483, "END_LatB": 40.9483, "START_Lon1": 23.6892, "END_Lon1": 23.6892, "START_Lat1": 41.1044, "END_Lat1": 41.1044, "START_Lon2": 23.8691, "END_Lon2": 23.8691, "START_Lat2": 40.9483, "END_Lat2": 40.9483, "START_Lon3": 23.8084, "END_Lon3": 23.8084, "START_Lat3": 40.9085, "END_Lat3": 40.9085, "START_Lon4": 23.6285, "END_Lon4": 23.6285, "START_Lat4": 41.0646, "END_Lat4": 41.0646, "START_SR_m": 0.0, "END_SR_min": 0.0, "START_SR_1": 0.0, "END_SR_max": 0.0, "START_SR_a": null, "END_SR_avg": null, "START_SR_R": null, "END_SR_Ref": null, "START_SR_C": null, "END_SR_Com": null, "START_po_2": "A", "END_poin_1": "A", "START_po_3": 1, "END_poin_2": 1 }, "geometry": { "type": "LineString", "coordinates": [ [ 23.6892, 41.1044 ], [ 23.8691, 40.9483 ], [ 23.6892, 41.1044 ] ] } },
{ "type": "Feature", "properties": { "Shape_Leng": 0.54884722828900001, "SS_ID": 9, "START_OBJE": 17, "END_OBJECT": 17, "START_Lon": 23.4688, "END_Lon": 23.4688, "START_Lat": 41.1044, "END_Lat": 41.1044, "START_poin": "A", "END_point_": "A", "START_po_1": 1, "END_point1": 1, "START_SS_I": 9, "END_SS_ID": 9, "START_Name": "Serres", "END_NameEN": "Serres", "START_Na_1": "Σέρρες", "END_NameEL": "Σέρρες", "START_Stri": 89, "END_Strike": 89, "START_Dip_": 179, "END_Dip_Di": 179, "START_Dip": 55, "END_Dip": 55, "START_Rake": 270, "END_Rake": 270, "START_Ra_1": -90, "END_Rake__": -90, "START_Kine": "N", "END_Kinema": "N", "START_Leng": 23.0, "END_Length": 23.0, "START_Widt": 13.5, "END_Width_": 13.5, "START_Min_": 0.0, "END_Min_De": 0.0, "START_Max_": 11.1, "END_Max_De": 11.1, "START_Rupt": 310.5, "END_Ruptur": 310.5, "START_Aver": 0.68, "END_Averag": 0.68, "START_Mw__": 6.5, "END_Mw__W_": 6.5, "START_Mw_1": 6.5, "END_Mw__K_": 6.5, "START_M0__": 6.35e+18, "END_M0__Nm": 6.35e+18, "START_LonA": 23.4688, "END_LonA": 23.4688, "START_LatA": 41.1044, "END_LatA": 41.1044, "START_LonB": 23.7432, "END_LonB": 23.7432, "START_LatB": 41.108, "END_LatB": 41.108, "START_Lon1": 23.4688, "END_Lon1": 23.4688, "START_Lat1": 41.1044, "END_Lat1": 41.1044, "START_Lon2": 23.7432, "END_Lon2": 23.7432, "START_Lat2": 41.108, "END_Lat2": 41.108, "START_Lon3": 23.7448, "END_Lon3": 23.7448, "START_Lat3": 41.0384, "END_Lat3": 41.0384, "START_Lon4": 23.4705, "END_Lon4": 23.4705, "START_Lat4": 41.0348, "END_Lat4": 41.0348, "START_SR_m": 0.0, "END_SR_min": 0.0, "START_SR_1": 0.0, "END_SR_max": 0.0, "START_SR_a": null, "END_SR_avg": null, "START_SR_R": null, "END_SR_Ref": null, "START_SR_C": null, "END_SR_Com": null, "START_po_2": "A", "END_poin_1": "A", "START_po_3": 1, "END_poin_2": 1 }, "geometry": { "type": "LineString", "coordinates": [ [ 23.4688, 41.1044 ], [ 23.7432, 41.108 ], [ 23.4688, 41.1044 ] ] } },
{ "type": "Feature", "properties": { "Shape_Leng": 1.3406, "SS_ID": 10, "START_OBJE": 19, "END_OBJECT": 19, "START_Lon": 22.7162, "END_Lon": 22.7162, "START_Lat": 41.2988, "END_Lat": 41.2988, "START_poin": "A", "END_point_": "A", "START_po_1": 1, "END_point1": 1, "START_SS_I": 10, "END_SS_ID": 10, "START_Name": "Kerkíni", "END_NameEN": "Kerkíni", "START_Na_1": "Κερκίνη", "END_NameEL": "Κερκίνη", "START_Stri": 90, "END_Strike": 90, "START_Dip_": 180, "END_Dip_Di": 180, "START_Dip": 45, "END_Dip": 45, "START_Rake": 270, "END_Rake": 270, "START_Ra_1": -90, "END_Rake__": -90, "START_Kine": "N", "END_Kinema": "N", "START_Leng": 56.0, "END_Length": 56.0, "START_Widt": 25.0, "END_Width_": 25.0, "START_Min_": 0.0, "END_Min_De": 0.0, "START_Max_": 17.7, "END_Max_De": 17.7, "START_Rupt": 1400.0, "END_Ruptur": 1400.0, "START_Aver": 1.51, "END_Averag": 1.51, "START_Mw__": 7.1, "END_Mw__W_": 7.1, "START_Mw_1": 7.1, "END_Mw__K_": 7.1, "START_M0__": 6.34e+19, "END_M0__Nm": 6.34e+19, "START_LonA": 22.7162, "END_LonA": 22.7162, "START_LatA": 41.2988, "END_LatA": 41.2988, "START_LonB": 23.3865, "END_LonB": 23.3865, "START_LatB": 41.2988, "END_LatB": 41.2988, "START_Lon1": 22.7162, "END_Lon1": 22.7162, "START_Lat1": 41.2988, "END_Lat1": 41.2988, "START_Lon2": 23.3865, "END_Lon2": 23.3865, "START_Lat2": 41.2988, "END_Lat2": 41.2988, "START_Lon3": 23.3861, "END_Lon3": 23.3861, "START_Lat3": 41.1398, "END_Lat3": 41.1398, "START_Lon4": 22.7166, "END_Lon4": 22.7166, "START_Lat4": 41.1398, "END_Lat4": 41.1398, "START_SR_m": 0.0, "END_SR_min": 0.0, "START_SR_1": 0.0, "END_SR_max": 0.0, "START_SR_a": null, "END_SR_avg": null, "START_SR_R": null, "END_SR_Ref": null, "START_SR_C": null, "END_SR_Com": null, "START_po_2": "A", "END_poin_1": "A", "START_po_3": 1, "END_poin_2": 1 }, "geometry": { "type": "LineString", "coordinates": [ [ 22.7162, 41.2988 ], [ 23.3865, 41.2988 ], [ 22.7162, 41.2988 ] ] } },
{ "type": "Feature", "properties": { "Shape_Leng": 0.53521079959200002, "SS_ID": 11, "START_OBJE": 21, "END_OBJECT": 21, "START_Lon": 23.6277, "END_Lon": 23.6277, "START_Lat": 40.6053, "END_Lat": 40.6053, "START_poin": "A", "END_point_": "A", "START_po_1": 1, "END_point1": 1, "START_SS_I": 11, "END_SS_ID": 11, "START_Name": "Apollonía", "END_NameEN": "Apollonía", "START_Na_1": "Απολλωνία", "END_NameEL": "Απολλωνία", "START_Stri": 287, "END_Strike": 287, "START_Dip_": 17, "END_Dip_Di": 17, "START_Dip": 55, "END_Dip": 55, "START_Rake": 280, "END_Rake": 280, "START_Ra_1": -80, "END_Rake__": -80, "START_Kine": "N", "END_Kinema": "N", "START_Leng": 23.0, "END_Length": 23.0, "START_Widt": 13.5, "END_Width_": 13.5, "START_Min_": 0.0, "END_Min_De": 0.0, "START_Max_": 11.1, "END_Max_De": 11.1, "START_Rupt": 310.5, "END_Ruptur": 310.5, "START_Aver": 0.68, "END_Averag": 0.68, "START_Mw__": 6.5, "END_Mw__W_": 6.5, "START_Mw_1": 6.5, "END_Mw__K_": 6.5, "START_M0__": 6.35e+18, "END_M0__Nm": 6.35e+18, "START_LonA": 23.6277, "END_LonA": 23.6277, "START_LatA": 40.6053, "END_LatA": 40.6053, "START_LonB": 23.367, "END_LonB": 23.367, "START_LatB": 40.6657, "END_LatB": 40.6657, "START_Lon1": 23.6277, "END_Lon1": 23.6277, "START_Lat1": 40.6053, "END_Lat1": 40.6053, "START_Lon2": 23.367, "END_Lon2": 23.367, "START_Lat2": 40.6657, "END_Lat2": 40.6657, "START_Lon3": 23.3938, "END_Lon3": 23.3938, "START_Lat3": 40.7323, "END_Lat3": 40.7323, "START_Lon4": 23.6546, "END_Lon4": 23.6546, "START_Lat4": 40.6719, "END_Lat4": 40.6719, "START_SR_m": 0.0, "END_SR_min": 0.0, "START_SR_1": 0.0, "END_SR_max": 0.0, "START_SR_a": null, "END_SR_avg": null, "START_SR_R": null, "END_SR_Ref": null, "START_SR_C": null, "END_SR_Com": null, "START_po_2": "A", "END_poin_1": "A", "START_po_3": 1, "END_poin_2": 1 }, "geometry": { "type": "LineString", "coordinates": [ [ 23.6277, 40.6053 ], [ 23.367, 40.6657 ], [ 23.6277, 40.6053 ] ] } },
{ "type": "Feature", "properties": { "Shape_Leng": 0.54519020534100004, "SS_ID": 12, "START_OBJE": 23, "END_OBJECT": 23, "START_Lon": 23.3811, "END_Lon": 23.3811, "START_Lat": 40.6414, "END_Lat": 40.6414, "START_poin": "A", "END_point_": "A", "START_po_1": 1, "END_point1": 1, "START_SS_I": 12, "END_SS_ID": 12, "START_Name": "Gerakarou", "END_NameEN": "Gerakarou", "START_Na_1": "Γερακαρού", "END_NameEL": "Γερακαρού", "START_Stri": 272, "END_Strike": 272, "START_Dip_": 2, "END_Dip_Di": 2, "START_Dip": 45, "END_Dip": 45, "START_Rake": 270, "END_Rake": 270, "START_Ra_1": -90, "END_Rake__": -90, "START_Kine": "N", "END_Kinema": "N", "START_Leng": 23.0, "END_Length": 23.0, "START_Widt": 13.5, "END_Width_": 13.5, "START_Min_": 0.0, "END_Min_De": 0.0, "START_Max_": 9.5, "END_Max_De": 9.5, "START_Rupt": 310.5, "END_Ruptur": 310.5, "START_Aver": 0.68, "END_Averag": 0.68, "START_Mw__": 6.5, "END_Mw__W_": 6.5, "START_Mw_1": 6.5, "END_Mw__K_": 6.5, "START_M0__": 6.35e+18, "END_M0__Nm": 6.35e+18, "START_LonA": 23.3811, "END_LonA": 23.3811, "START_LatA": 40.6414, "END_LatA": 40.6414, "START_LonB": 23.1086, "END_LonB": 23.1086, "START_LatB": 40.6486, "END_LatB": 40.6486, "START_Lon1": 23.3811, "END_Lon1": 23.3811, "START_Lat1": 40.6414, "END_Lat1": 40.6414, "START_Lon2": 23.1086, "END_Lon2": 23.1086, "START_Lat2": 40.6486, "END_Lat2": 40.6486, "START_Lon3": 23.1125, "END_Lon3": 23.1125, "START_Lat3": 40.7344, "END_Lat3": 40.7344, "START_Lon4": 23.3851, "END_Lon4": 23.3851, "START_Lat4": 40.7272, "END_Lat4": 40.7272, "START_SR_m": 0.0, "END_SR_min": 0.0, "START_SR_1": 0.0, "END_SR_max": 0.0, "START_SR_a": null, "END_SR_avg": null, "START_SR_R": null, "END_SR_Ref": null, "START_SR_C": null, "END_SR_Com": null, "START_po_2": "A", "END_poin_1": "A", "START_po_3": 1, "END_poin_2": 1 }, "geometry": { "type": "LineString", "coordinates": [ [ 23.3811, 40.6414 ], [ 23.1086, 40.6486 ], [ 23.3811, 40.6414 ] ] } },
{ "type": "Feature", "properties": { "Shape_Leng": 0.48859492424700002, "SS_ID": 13, "START_OBJE": 25, "END_OBJECT": 25, "START_Lon": 23.1054, "END_Lon": 23.1054, "START_Lat": 40.6456, "END_Lat": 40.6456, "START_poin": "A", "END_point_": "A", "START_po_1": 1, "END_point1": 1, "START_SS_I": 13, "END_SS_ID": 13, "START_Name": "Lagkadás", "END_NameEN": "Lagkadás", "START_Na_1": "Λαγκαδάς", "END_NameEL": "Λαγκαδάς", "START_Stri": 313, "END_Strike": 313, "START_Dip_": 43, "END_Dip_Di": 43, "START_Dip": 50, "END_Dip": 50, "START_Rake": 310, "END_Rake": 310, "START_Ra_1": -50, "END_Rake__": -50, "START_Kine": "NS", "END_Kinema": "NS", "START_Leng": 23.0, "END_Length": 23.0, "START_Widt": 13.5, "END_Width_": 13.5, "START_Min_": 0.0, "END_Min_De": 0.0, "START_Max_": 10.3, "END_Max_De": 10.3, "START_Rupt": 310.5, "END_Ruptur": 310.5, "START_Aver": 0.68, "END_Averag": 0.68, "START_Mw__": 6.5, "END_Mw__W_": 6.5, "START_Mw_1": 6.5, "END_Mw__K_": 6.5, "START_M0__": 6.35e+18, "END_M0__Nm": 6.35e+18, "START_LonA": 23.1054, "END_LonA": 23.1054, "START_LatA": 40.6456, "END_LatA": 40.6456, "START_LonB": 22.9059, "END_LonB": 22.9059, "START_LatB": 40.7866, "END_LatB": 40.7866, "START_Lon1": 23.1054, "END_Lon1": 23.1054, "START_Lat1": 40.6456, "END_Lat1": 40.6456, "START_Lon2": 22.9059, "END_Lon2": 22.9059, "START_Lat2": 40.7866, "END_Lat2": 40.7866, "START_Lon3": 22.9761, "END_Lon3": 22.9761, "START_Lat3": 40.8437, "END_Lat3": 40.8437, "START_Lon4": 23.1757, "END_Lon4": 23.1757, "START_Lat4": 40.7026, "END_Lat4": 40.7026, "START_SR_m": 0.1, "END_SR_min": 0.1, "START_SR_1": 0.3, "END_SR_max": 0.3, "START_SR_a": null, "END_SR_avg": null, "START_SR_R": "Papanikolaou et al. (2023)", "END_SR_Ref": "Papanikolaou et al. (2023)", "START_SR_C": "Based on palaeoseismology", "END_SR_Com": "Based on palaeoseismology", "START_po_2": "A", "END_poin_1": "A", "START_po_3": 1, "END_poin_2": 1 }, "geometry": { "type": "LineString", "coordinates": [ [ 23.1054, 40.6456 ], [ 22.9059, 40.7866 ], [ 23.1054, 40.6456 ] ] } },
{ "type": "Feature", "properties": { "Shape_Leng": 0.8992, "SS_ID": 14, "START_OBJE": 27, "END_OBJECT": 27, "START_Lon": 23.6088, "END_Lon": 23.6088, "START_Lat": 40.5206, "END_Lat": 40.5206, "START_poin": "A", "END_point_": "A", "START_po_1": 1, "END_point1": 1, "START_SS_I": 14, "END_SS_ID": 14, "START_Name": "Stratóni", "END_NameEN": "Stratóni", "START_Na_1": "Στρατώνι", "END_NameEL": "Στρατώνι", "START_Stri": 90, "END_Strike": 90, "START_Dip_": 180, "END_Dip_Di": 180, "START_Dip": 65, "END_Dip": 65, "START_Rake": 290, "END_Rake": 290, "START_Ra_1": -70, "END_Rake__": -70, "START_Kine": "NS", "END_Kinema": "NS", "START_Leng": 38.0, "END_Length": 38.0, "START_Widt": 19.0, "END_Width_": 19.0, "START_Min_": 0.0, "END_Min_De": 0.0, "START_Max_": 17.2, "END_Max_De": 17.2, "START_Rupt": 722.0, "END_Ruptur": 722.0, "START_Aver": 1.07, "END_Averag": 1.07, "START_Mw__": 6.8, "END_Mw__W_": 6.8, "START_Mw_1": 6.8, "END_Mw__K_": 6.8, "START_M0__": 2.31e+19, "END_M0__Nm": 2.31e+19, "START_LonA": 23.6088, "END_LonA": 23.6088, "START_LatA": 40.5206, "END_LatA": 40.5206, "START_LonB": 24.0584, "END_LonB": 24.0584, "START_LatB": 40.5206, "END_LatB": 40.5206, "START_Lon1": 23.6088, "END_Lon1": 23.6088, "START_Lat1": 40.5206, "END_Lat1": 40.5206, "START_Lon2": 24.0584, "END_Lon2": 24.0584, "START_Lat2": 40.5206, "END_Lat2": 40.5206, "START_Lon3": 24.0583, "END_Lon3": 24.0583, "START_Lat3": 40.4484, "END_Lat3": 40.4484, "START_Lon4": 23.6089, "END_Lon4": 23.6089, "START_Lat4": 40.4484, "END_Lat4": 40.4484, "START_SR_m": 8.1, "END_SR_min": 8.1, "START_SR_1": 8.1, "END_SR_max": 8.1, "START_SR_a": null, "END_SR_avg": null, "START_SR_R": "Pavlides et al. (1991)\nAmbraseys (2001)", "END_SR_Ref": "Pavlides et al. (1991)\nAmbraseys (2001)", "START_SR_C": null, "END_SR_Com": null, "START_po_2": "A", "END_poin_1": "A", "START_po_3": 1, "END_poin_2": 1 }, "geometry": { "type": "LineString", "coordinates": [ [ 23.6088, 40.5206 ], [ 24.0584, 40.5206 ], [ 23.6088, 40.5206 ] ] } },
{ "type": "Feature", "properties": { "Shape_Leng": 0.53508489046100005, "SS_ID": 15, "START_OBJE": 29, "END_OBJECT": 29, "START_Lon": 23.2739, "END_Lon": 23.2739, "START_Lat": 40.4368, "END_Lat": 40.4368, "START_poin": "A", "END_point_": "A", "START_po_1": 1, "END_point1": 1, "START_SS_I": 15, "END_SS_ID": 15, "START_Name": "Sourotí", "END_NameEN": "Sourotí", "START_Na_1": "Σουρωτή", "END_NameEL": "Σουρωτή", "START_Stri": 286, "END_Strike": 286, "START_Dip_": 16, "END_Dip_Di": 16, "START_Dip": 40, "END_Dip": 40, "START_Rake": 280, "END_Rake": 280, "START_Ra_1": -80, "END_Rake__": -80, "START_Kine": "N", "END_Kinema": "N", "START_Leng": 23.0, "END_Length": 23.0, "START_Widt": 13.5, "END_Width_": 13.5, "START_Min_": 0.0, "END_Min_De": 0.0, "START_Max_": 8.7, "END_Max_De": 8.7, "START_Rupt": 310.5, "END_Ruptur": 310.5, "START_Aver": 0.68, "END_Averag": 0.68, "START_Mw__": 6.5, "END_Mw__W_": 6.5, "START_Mw_1": 6.5, "END_Mw__K_": 6.5, "START_M0__": 6.33e+18, "END_M0__Nm": 6.33e+18, "START_LonA": 23.2739, "END_LonA": 23.2739, "START_LatA": 40.4368, "END_LatA": 40.4368, "START_LonB": 23.0125, "END_LonB": 23.0125, "START_LatB": 40.4938, "END_LatB": 40.4938, "START_Lon1": 23.2739, "END_Lon1": 23.2739, "START_Lat1": 40.4368, "END_Lat1": 40.4368, "START_Lon2": 23.0125, "END_Lon2": 23.0125, "START_Lat2": 40.4938, "END_Lat2": 40.4938, "START_Lon3": 23.0462, "END_Lon3": 23.0462, "START_Lat3": 40.5832, "END_Lat3": 40.5832, "START_Lon4": 23.3077, "END_Lon4": 23.3077, "START_Lat4": 40.5262, "END_Lat4": 40.5262, "START_SR_m": 0.21, "END_SR_min": 0.21, "START_SR_1": 0.21, "END_SR_max": 0.21, "START_SR_a": null, "END_SR_avg": null, "START_SR_R": "Zervopoulou (2010)\nTsodoulos et al. (2024)", "END_SR_Ref": "Zervopoulou (2010)\nTsodoulos et al. (2024)", "START_SR_C": null, "END_SR_Com": null, "START_po_2": "A", "END_poin_1": "A", "START_po_3": 1, "END_poin_2": 1 }, "geometry": { "type": "LineString", "coordinates": [ [ 23.2739, 40.4368 ], [ 23.0125, 40.4938 ], [ 23.2739, 40.4368 ] ] } },
{ "type": "Feature", "properties": { "Shape_Leng": 0.52018842739899995, "SS_ID": 16, "START_OBJE": 31, "END_OBJECT": 31, "START_Lon": 23.0153, "END_Lon": 23.0153, "START_Lat": 40.4966, "END_Lat": 40.4966, "START_poin": "A", "END_point_": "A", "START_po_1": 1, "END_point1": 1, "START_SS_I": 16, "END_SS_ID": 16, "START_Name": "Angelochori", "END_NameEN": "Angelochori", "START_Na_1": "Αγγελοχώρι", "END_NameEL": "Αγγελοχώρι", "START_Stri": 272, "END_Strike": 272, "START_Dip_": 2, "END_Dip_Di": 2, "START_Dip": 40, "END_Dip": 40, "START_Rake": 270, "END_Rake": 270, "START_Ra_1": -90, "END_Rake__": -90, "START_Kine": "N", "END_Kinema": "N", "START_Leng": 22.0, "END_Length": 22.0, "START_Widt": 13.0, "END_Width_": 13.0, "START_Min_": 0.0, "END_Min_De": 0.0, "START_Max_": 8.4, "END_Max_De": 8.4, "START_Rupt": 286.0, "END_Ruptur": 286.0, "START_Aver": 0.65, "END_Averag": 0.65, "START_Mw__": 6.4, "END_Mw__W_": 6.4, "START_Mw_1": 6.4, "END_Mw__K_": 6.4, "START_M0__": 5.58e+18, "END_M0__Nm": 5.58e+18, "START_LonA": 23.0153, "END_LonA": 23.0153, "START_LatA": 40.4966, "END_LatA": 40.4966, "START_LonB": 22.7553, "END_LonB": 22.7553, "START_LatB": 40.5036, "END_LatB": 40.5036, "START_Lon1": 23.0153, "END_Lon1": 23.0153, "START_Lat1": 40.4966, "END_Lat1": 40.4966, "START_Lon2": 22.7553, "END_Lon2": 22.7553, "START_Lat2": 40.5036, "END_Lat2": 40.5036, "START_Lon3": 22.7593, "END_Lon3": 22.7593, "START_Lat3": 40.5931, "END_Lat3": 40.5931, "START_Lon4": 23.0195, "END_Lon4": 23.0195, "START_Lat4": 40.5862, "END_Lat4": 40.5862, "START_SR_m": 0.0, "END_SR_min": 0.0, "START_SR_1": 0.0, "END_SR_max": 0.0, "START_SR_a": null, "END_SR_avg": null, "START_SR_R": null, "END_SR_Ref": null, "START_SR_C": null, "END_SR_Com": null, "START_po_2": "A", "END_poin_1": "A", "START_po_3": 1, "END_poin_2": 1 }, "geometry": { "type": "LineString", "coordinates": [ [ 23.0153, 40.4966 ], [ 22.7553, 40.5036 ], [ 23.0153, 40.4966 ] ] } },
{ "type": "Feature", "properties": { "Shape_Leng": 0.56539264232899999, "SS_ID": 17, "START_OBJE": 33, "END_OBJECT": 33, "START_Lon": 22.551, "END_Lon": 22.551, "START_Lat": 40.5083, "END_Lat": 40.5083, "START_poin": "A", "END_point_": "A", "START_po_1": 1, "END_point1": 1, "START_SS_I": 17, "END_SS_ID": 17, "START_Name": "Vergína", "END_NameEN": "Vergína", "START_Na_1": "Βεργίνα", "END_NameEL": "Βεργίνα", "START_Stri": 262, "END_Strike": 262, "START_Dip_": 352, "END_Dip_Di": 352, "START_Dip": 45, "END_Dip": 45, "START_Rake": 270, "END_Rake": 270, "START_Ra_1": -90, "END_Rake__": -90, "START_Kine": "N", "END_Kinema": "N", "START_Leng": 24.0, "END_Length": 24.0, "START_Widt": 14.0, "END_Width_": 14.0, "START_Min_": 0.0, "END_Min_De": 0.0, "START_Max_": 9.9, "END_Max_De": 9.9, "START_Rupt": 336.0, "END_Ruptur": 336.0, "START_Aver": 0.71, "END_Averag": 0.71, "START_Mw__": 6.5, "END_Mw__W_": 6.5, "START_Mw_1": 6.5, "END_Mw__K_": 6.5, "START_M0__": 7.16e+18, "END_M0__Nm": 7.16e+18, "START_LonA": 22.551, "END_LonA": 22.551, "START_LatA": 40.5083, "END_LatA": 40.5083, "START_LonB": 22.2699, "END_LonB": 22.2699, "START_LatB": 40.4783, "END_LatB": 40.4783, "START_Lon1": 22.551, "END_Lon1": 22.551, "START_Lat1": 40.5083, "END_Lat1": 40.5083, "START_Lon2": 22.2699, "END_Lon2": 22.2699, "START_Lat2": 40.4783, "END_Lat2": 40.4783, "START_Lon3": 22.2535, "END_Lon3": 22.2535, "START_Lat3": 40.5664, "END_Lat3": 40.5664, "START_Lon4": 22.5348, "END_Lon4": 22.5348, "START_Lat4": 40.5965, "END_Lat4": 40.5965, "START_SR_m": 0.0, "END_SR_min": 0.0, "START_SR_1": 0.0, "END_SR_max": 0.0, "START_SR_a": null, "END_SR_avg": null, "START_SR_R": null, "END_SR_Ref": null, "START_SR_C": null, "END_SR_Com": null, "START_po_2": "A", "END_poin_1": "A", "START_po_3": 1, "END_poin_2": 1 }, "geometry": { "type": "LineString", "coordinates": [ [ 22.551, 40.5083 ], [ 22.2699, 40.4783 ], [ 22.551, 40.5083 ] ] } },
{ "type": "Feature", "properties": { "Shape_Leng": 0.626558919815, "SS_ID": 18, "START_OBJE": 35, "END_OBJECT": 35, "START_Lon": 24.0034, "END_Lon": 24.0034, "START_Lat": 40.1438, "END_Lat": 40.1438, "START_poin": "A", "END_point_": "A", "START_po_1": 1, "END_point1": 1, "START_SS_I": 18, "END_SS_ID": 18, "START_Name": "Vourvourou", "END_NameEN": "Vourvourou", "START_Na_1": "Βουρβουρού", "END_NameEL": "Βουρβουρού", "START_Stri": 285, "END_Strike": 285, "START_Dip_": 15, "END_Dip_Di": 15, "START_Dip": 60, "END_Dip": 60, "START_Rake": 290, "END_Rake": 290, "START_Ra_1": -70, "END_Rake__": -70, "START_Kine": "NS", "END_Kinema": "NS", "START_Leng": 27.0, "END_Length": 27.0, "START_Widt": 15.0, "END_Width_": 15.0, "START_Min_": 0.0, "END_Min_De": 0.0, "START_Max_": 13.0, "END_Max_De": 13.0, "START_Rupt": 405.0, "END_Ruptur": 405.0, "START_Aver": 0.78, "END_Averag": 0.78, "START_Mw__": 6.6, "END_Mw__W_": 6.6, "START_Mw_1": 6.6, "END_Mw__K_": 6.6, "START_M0__": 9.54e+18, "END_M0__Nm": 9.54e+18, "START_LonA": 24.0034, "END_LonA": 24.0034, "START_LatA": 40.1438, "END_LatA": 40.1438, "START_LonB": 23.6965, "END_LonB": 23.6965, "START_LatB": 40.2067, "END_LatB": 40.2067, "START_Lon1": 24.0034, "END_Lon1": 24.0034, "START_Lat1": 40.1438, "END_Lat1": 40.1438, "START_Lon2": 23.6965, "END_Lon2": 23.6965, "START_Lat2": 40.2067, "END_Lat2": 40.2067, "START_Lon3": 23.7193, "END_Lon3": 23.7193, "START_Lat3": 40.2718, "END_Lat3": 40.2718, "START_Lon4": 24.0264, "END_Lon4": 24.0264, "START_Lat4": 40.209, "END_Lat4": 40.209, "START_SR_m": 0.0, "END_SR_min": 0.0, "START_SR_1": 0.0, "END_SR_max": 0.0, "START_SR_a": null, "END_SR_avg": null, "START_SR_R": null, "END_SR_Ref": null, "START_SR_C": null, "END_SR_Com": null, "START_po_2": "A", "END_poin_1": "A", "START_po_3": 1, "END_poin_2": 1 }, "geometry": { "type": "LineString", "coordinates": [ [ 24.0034, 40.1438 ], [ 23.6965, 40.2067 ], [ 24.0034, 40.1438 ] ] } },
{ "type": "Feature", "properties": { "Shape_Leng": 0.60125482118600004, "SS_ID": 19, "START_OBJE": 37, "END_OBJECT": 37, "START_Lon": 21.8911, "END_Lon": 21.8911, "START_Lat": 40.9623, "END_Lat": 40.9623, "START_poin": "A", "END_point_": "A", "START_po_1": 1, "END_point1": 1, "START_SS_I": 19, "END_SS_ID": 19, "START_Name": "Aridaea", "END_NameEN": "Aridaea", "START_Na_1": "Αριδαία", "END_NameEL": "Αριδαία", "START_Stri": 57, "END_Strike": 57, "START_Dip_": 147, "END_Dip_Di": 147, "START_Dip": 50, "END_Dip": 50, "START_Rake": 270, "END_Rake": 270, "START_Ra_1": -90, "END_Rake__": -90, "START_Kine": "N", "END_Kinema": "N", "START_Leng": 27.0, "END_Length": 27.0, "START_Widt": 15.0, "END_Width_": 15.0, "START_Min_": 0.0, "END_Min_De": 0.0, "START_Max_": 11.5, "END_Max_De": 11.5, "START_Rupt": 405.0, "END_Ruptur": 405.0, "START_Aver": 0.78, "END_Averag": 0.78, "START_Mw__": 6.6, "END_Mw__W_": 6.6, "START_Mw_1": 6.6, "END_Mw__K_": 6.6, "START_M0__": 9.54e+18, "END_M0__Nm": 9.54e+18, "START_LonA": 21.8911, "END_LonA": 21.8911, "START_LatA": 40.9623, "END_LatA": 40.9623, "START_LonB": 22.1611, "END_LonB": 22.1611, "START_LatB": 41.0945, "END_LatB": 41.0945, "START_Lon1": 21.8911, "END_Lon1": 21.8911, "START_Lat1": 40.9623, "END_Lat1": 40.9623, "START_Lon2": 22.1611, "END_Lon2": 22.1611, "START_Lat2": 41.0945, "END_Lat2": 41.0945, "START_Lon3": 22.2236, "END_Lon3": 22.2236, "START_Lat3": 41.0218, "END_Lat3": 41.0218, "START_Lon4": 21.9538, "END_Lon4": 21.9538, "START_Lat4": 40.8896, "END_Lat4": 40.8896, "START_SR_m": 0.0, "END_SR_min": 0.0, "START_SR_1": 0.0, "END_SR_max": 0.0, "START_SR_a": null, "END_SR_avg": null, "START_SR_R": null, "END_SR_Ref": null, "START_SR_C": null, "END_SR_Com": null, "START_po_2": "A", "END_poin_1": "A", "START_po_3": 1, "END_poin_2": 1 }, "geometry": { "type": "LineString", "coordinates": [ [ 21.8911, 40.9623 ], [ 22.1611, 41.0945 ], [ 21.8911, 40.9623 ] ] } },
{ "type": "Feature", "properties": { "Shape_Leng": 0.68931745952099999, "SS_ID": 20, "START_OBJE": 39, "END_OBJECT": 39, "START_Lon": 21.4704, "END_Lon": 21.4704, "START_Lat": 40.6155, "END_Lat": 40.6155, "START_poin": "A", "END_point_": "A", "START_po_1": 1, "END_point1": 1, "START_SS_I": 20, "END_SS_ID": 20, "START_Name": "Amyntaeo", "END_NameEN": "Amyntaeo", "START_Na_1": "Αμύνταιο", "END_NameEL": "Αμύνταιο", "START_Stri": 50, "END_Strike": 50, "START_Dip_": 140, "END_Dip_Di": 140, "START_Dip": 50, "END_Dip": 50, "START_Rake": 260, "END_Rake": 260, "START_Ra_1": -100, "END_Rake__": -100, "START_Kine": "N", "END_Kinema": "N", "START_Leng": 32.0, "END_Length": 32.0, "START_Widt": 17.0, "END_Width_": 17.0, "START_Min_": 0.0, "END_Min_De": 0.0, "START_Max_": 13.0, "END_Max_De": 13.0, "START_Rupt": 544.0, "END_Ruptur": 544.0, "START_Aver": 0.92, "END_Averag": 0.92, "START_Mw__": 6.7, "END_Mw__W_": 6.7, "START_Mw_1": 6.7, "END_Mw__K_": 6.7, "START_M0__": 1.5e+19, "END_M0__Nm": 1.5e+19, "START_LonA": 21.4704, "END_LonA": 21.4704, "START_LatA": 40.6155, "END_LatA": 40.6155, "START_LonB": 21.7612, "END_LonB": 21.7612, "START_LatB": 40.8005, "END_LatB": 40.8005, "START_Lon1": 21.4704, "END_Lon1": 21.4704, "START_Lat1": 40.6155, "END_Lat1": 40.6155, "START_Lon2": 21.7612, "END_Lon2": 21.7612, "START_Lat2": 40.8005, "END_Lat2": 40.8005, "START_Lon3": 21.8445, "END_Lon3": 21.8445, "START_Lat3": 40.7252, "END_Lat3": 40.7252, "START_Lon4": 21.5537, "END_Lon4": 21.5537, "START_Lat4": 40.5402, "END_Lat4": 40.5402, "START_SR_m": 0.0, "END_SR_min": 0.0, "START_SR_1": 0.0, "END_SR_max": 0.0, "START_SR_a": null, "END_SR_avg": null, "START_SR_R": null, "END_SR_Ref": null, "START_SR_C": null, "END_SR_Com": null, "START_po_2": "A", "END_poin_1": "A", "START_po_3": 1, "END_poin_2": 1 }, "geometry": { "type": "LineString", "coordinates": [ [ 21.4704, 40.6155 ], [ 21.7612, 40.8005 ], [ 21.4704, 40.6155 ] ] } },
{ "type": "Feature", "properties": { "Shape_Leng": 0.49460355841800002, "SS_ID": 21, "START_OBJE": 41, "END_OBJECT": 41, "START_Lon": 21.6831, "END_Lon": 21.6831, "START_Lat": 40.6469, "END_Lat": 40.6469, "START_poin": "A", "END_point_": "A", "START_po_1": 1, "END_point1": 1, "START_SS_I": 21, "END_SS_ID": 21, "START_Name": "Vegoritis", "END_NameEN": "Vegoritis", "START_Na_1": "Βεγορίτις", "END_NameEL": "Βεγορίτις", "START_Stri": 28, "END_Strike": 28, "START_Dip_": 118, "END_Dip_Di": 118, "START_Dip": 60, "END_Dip": 60, "START_Rake": 240, "END_Rake": 240, "START_Ra_1": -120, "END_Rake__": -120, "START_Kine": "ND", "END_Kinema": "ND", "START_Leng": 25.5, "END_Length": 25.5, "START_Widt": 14.5, "END_Width_": 14.5, "START_Min_": 0.0, "END_Min_De": 0.0, "START_Max_": 12.6, "END_Max_De": 12.6, "START_Rupt": 369.8, "END_Ruptur": 369.8, "START_Aver": 0.75, "END_Averag": 0.75, "START_Mw__": 6.5, "END_Mw__W_": 6.5, "START_Mw_1": 6.5, "END_Mw__K_": 6.5, "START_M0__": 8.3e+18, "END_M0__Nm": 8.3e+18, "START_LonA": 21.6831, "END_LonA": 21.6831, "START_LatA": 40.6469, "END_LatA": 40.6469, "START_LonB": 21.8252, "END_LonB": 21.8252, "START_LatB": 40.8493, "END_LatB": 40.8493, "START_Lon1": 21.6831, "END_Lon1": 21.6831, "START_Lat1": 40.6469, "END_Lat1": 40.6469, "START_Lon2": 21.8252, "END_Lon2": 21.8252, "START_Lat2": 40.8493, "END_Lat2": 40.8493, "START_Lon3": 21.9012, "END_Lon3": 21.9012, "START_Lat3": 40.8187, "END_Lat3": 40.8187, "START_Lon4": 21.759, "END_Lon4": 21.759, "START_Lat4": 40.6162, "END_Lat4": 40.6162, "START_SR_m": 0.0, "END_SR_min": 0.0, "START_SR_1": 0.0, "END_SR_max": 0.0, "START_SR_a": null, "END_SR_avg": null, "START_SR_R": null, "END_SR_Ref": null, "START_SR_C": null, "END_SR_Com": null, "START_po_2": "A", "END_poin_1": "A", "START_po_3": 1, "END_poin_2": 1 }, "geometry": { "type": "LineString", "coordinates": [ [ 21.6831, 40.6469 ], [ 21.8252, 40.8493 ], [ 21.6831, 40.6469 ] ] } },
{ "type": "Feature", "properties": { "Shape_Leng": 0.64131405722900003, "SS_ID": 22, "START_OBJE": 43, "END_OBJECT": 43, "START_Lon": 21.8809, "END_Lon": 21.8809, "START_Lat": 40.6848, "END_Lat": 40.6848, "START_poin": "A", "END_point_": "A", "START_po_1": 1, "END_point1": 1, "START_SS_I": 22, "END_SS_ID": 22, "START_Name": "Ptolemais", "END_NameEN": "Ptolemais", "START_Na_1": "Πτολεμαΐς", "END_NameEL": "Πτολεμαΐς", "START_Stri": 215, "END_Strike": 215, "START_Dip_": 305, "END_Dip_Di": 305, "START_Dip": 60, "END_Dip": 60, "START_Rake": 245, "END_Rake": 245, "START_Ra_1": -115, "END_Rake__": -115, "START_Kine": "ND", "END_Kinema": "ND", "START_Leng": 32.0, "END_Length": 32.0, "START_Widt": 17.0, "END_Width_": 17.0, "START_Min_": 0.0, "END_Min_De": 0.0, "START_Max_": 14.7, "END_Max_De": 14.7, "START_Rupt": 544.0, "END_Ruptur": 544.0, "START_Aver": 0.92, "END_Averag": 0.92, "START_Mw__": 6.7, "END_Mw__W_": 6.7, "START_Mw_1": 6.7, "END_Mw__K_": 6.7, "START_M0__": 1.5e+19, "END_M0__Nm": 1.5e+19, "START_LonA": 21.8809, "END_LonA": 21.8809, "START_LatA": 40.6848, "END_LatA": 40.6848, "START_LonB": 21.6636, "END_LonB": 21.6636, "START_LatB": 40.449, "END_LatB": 40.449, "START_Lon1": 21.8809, "END_Lon1": 21.8809, "START_Lat1": 40.6848, "END_Lat1": 40.6848, "START_Lon2": 21.6636, "END_Lon2": 21.6636, "START_Lat2": 40.449, "END_Lat2": 40.449, "START_Lon3": 21.5812, "END_Lon3": 21.5812, "START_Lat3": 40.4929, "END_Lat3": 40.4929, "START_Lon4": 21.7984, "END_Lon4": 21.7984, "START_Lat4": 40.7286, "END_Lat4": 40.7286, "START_SR_m": 0.0, "END_SR_min": 0.0, "START_SR_1": 0.0, "END_SR_max": 0.0, "START_SR_a": null, "END_SR_avg": null, "START_SR_R": null, "END_SR_Ref": null, "START_SR_C": null, "END_SR_Com": null, "START_po_2": "A", "END_poin_1": "A", "START_po_3": 1, "END_poin_2": 1 }, "geometry": { "type": "LineString", "coordinates": [ [ 21.8809, 40.6848 ], [ 21.6636, 40.449 ], [ 21.8809, 40.6848 ] ] } },
{ "type": "Feature", "properties": { "Shape_Leng": 0.51857932855099997, "SS_ID": 23, "START_OBJE": 45, "END_OBJECT": 45, "START_Lon": 22.1685, "END_Lon": 22.1685, "START_Lat": 40.2861, "END_Lat": 40.2861, "START_poin": "A", "END_point_": "A", "START_po_1": 1, "END_point1": 1, "START_SS_I": 23, "END_SS_ID": 23, "START_Name": "Sérvia", "END_NameEN": "Sérvia", "START_Na_1": "Σέρβια", "END_NameEL": "Σέρβια", "START_Stri": 232, "END_Strike": 232, "START_Dip_": 322, "END_Dip_Di": 322, "START_Dip": 40, "END_Dip": 40, "START_Rake": 265, "END_Rake": 265, "START_Ra_1": -95, "END_Rake__": -95, "START_Kine": "N", "END_Kinema": "N", "START_Leng": 24.0, "END_Length": 24.0, "START_Widt": 14.0, "END_Width_": 14.0, "START_Min_": 0.0, "END_Min_De": 0.0, "START_Max_": 9.0, "END_Max_De": 9.0, "START_Rupt": 336.0, "END_Ruptur": 336.0, "START_Aver": 0.71, "END_Averag": 0.71, "START_Mw__": 6.5, "END_Mw__W_": 6.5, "START_Mw_1": 6.5, "END_Mw__K_": 6.5, "START_M0__": 7.17e+18, "END_M0__Nm": 7.17e+18, "START_LonA": 22.1685, "END_LonA": 22.1685, "START_LatA": 40.2861, "END_LatA": 40.2861, "START_LonB": 21.9458, "END_LonB": 21.9458, "START_LatB": 40.1533, "END_LatB": 40.1533, "START_Lon1": 22.1685, "END_Lon1": 22.1685, "START_Lat1": 40.2861, "END_Lat1": 40.2861, "START_Lon2": 21.9458, "END_Lon2": 21.9458, "START_Lat2": 40.1533, "END_Lat2": 40.1533, "START_Lon3": 21.8679, "END_Lon3": 21.8679, "START_Lat3": 40.2293, "END_Lat3": 40.2293, "START_Lon4": 22.0907, "END_Lon4": 22.0907, "START_Lat4": 40.3621, "END_Lat4": 40.3621, "START_SR_m": 0.0, "END_SR_min": 0.0, "START_SR_1": 0.0, "END_SR_max": 0.0, "START_SR_a": null, "END_SR_avg": null, "START_SR_R": null, "END_SR_Ref": null, "START_SR_C": null, "END_SR_Com": null, "START_po_2": "A", "END_poin_1": "A", "START_po_3": 1, "END_poin_2": 1 }, "geometry": { "type": "LineString", "coordinates": [ [ 22.1685, 40.2861 ], [ 21.9458, 40.1533 ], [ 22.1685, 40.2861 ] ] } },
{ "type": "Feature", "properties": { "Shape_Leng": 0.78424251351200003, "SS_ID": 24, "START_OBJE": 47, "END_OBJECT": 47, "START_Lon": 21.9253, "END_Lon": 21.9253, "START_Lat": 40.1577, "END_Lat": 40.1577, "START_poin": "A", "END_point_": "A", "START_po_1": 1, "END_point1": 1, "START_SS_I": 24, "END_SS_ID": 24, "START_Name": "Sarakína", "END_NameEN": "Sarakína", "START_Na_1": "Σαρακήνα", "END_NameEL": "Σαρακήνα", "START_Stri": 242, "END_Strike": 242, "START_Dip_": 332, "END_Dip_Di": 332, "START_Dip": 40, "END_Dip": 40, "START_Rake": 269, "END_Rake": 269, "START_Ra_1": -91, "END_Rake__": -91, "START_Kine": "N", "END_Kinema": "N", "START_Leng": 35.0, "END_Length": 35.0, "START_Widt": 18.0, "END_Width_": 18.0, "START_Min_": 0.0, "END_Min_De": 0.0, "START_Max_": 11.6, "END_Max_De": 11.6, "START_Rupt": 630.0, "END_Ruptur": 630.0, "START_Aver": 0.99, "END_Averag": 0.99, "START_Mw__": 6.8, "END_Mw__W_": 6.8, "START_Mw_1": 6.8, "END_Mw__K_": 6.8, "START_M0__": 1.87e+19, "END_M0__Nm": 1.87e+19, "START_LonA": 21.9253, "END_LonA": 21.9253, "START_LatA": 40.1577, "END_LatA": 40.1577, "START_LonB": 21.5621, "END_LonB": 21.5621, "START_LatB": 40.0099, "END_LatB": 40.0099, "START_Lon1": 21.9253, "END_Lon1": 21.9253, "START_Lat1": 40.1577, "END_Lat1": 40.1577, "START_Lon2": 21.5621, "END_Lon2": 21.5621, "START_Lat2": 40.0099, "END_Lat2": 40.0099, "START_Lon3": 21.4858, "END_Lon3": 21.4858, "START_Lat3": 40.1194, "END_Lat3": 40.1194, "START_Lon4": 21.8493, "END_Lon4": 21.8493, "START_Lat4": 40.2672, "END_Lat4": 40.2672, "START_SR_m": 0.0, "END_SR_min": 0.0, "START_SR_1": 0.0, "END_SR_max": 0.0, "START_SR_a": null, "END_SR_avg": null, "START_SR_R": null, "END_SR_Ref": null, "START_SR_C": null, "END_SR_Com": null, "START_po_2": "A", "END_poin_1": "A", "START_po_3": 1, "END_poin_2": 1 }, "geometry": { "type": "LineString", "coordinates": [ [ 21.9253, 40.1577 ], [ 21.5621, 40.0099 ], [ 21.9253, 40.1577 ] ] } },
{ "type": "Feature", "properties": { "Shape_Leng": 0.499698629176, "SS_ID": 25, "START_OBJE": 49, "END_OBJECT": 49, "START_Lon": 20.7787, "END_Lon": 20.7787, "START_Lat": 40.0746, "END_Lat": 40.0746, "START_poin": "A", "END_point_": "A", "START_po_1": 1, "END_point1": 1, "START_SS_I": 25, "END_SS_ID": 25, "START_Name": "Kónitsa", "END_NameEN": "Kónitsa", "START_Na_1": "Κόνιτσα", "END_NameEL": "Κόνιτσα", "START_Stri": 224, "END_Strike": 224, "START_Dip_": 314, "END_Dip_Di": 314, "START_Dip": 54, "END_Dip": 54, "START_Rake": 275, "END_Rake": 275, "START_Ra_1": -85, "END_Rake__": -85, "START_Kine": "N", "END_Kinema": "N", "START_Leng": 24.0, "END_Length": 24.0, "START_Widt": 14.0, "END_Width_": 14.0, "START_Min_": 0.0, "END_Min_De": 0.0, "START_Max_": 11.3, "END_Max_De": 11.3, "START_Rupt": 336.0, "END_Ruptur": 336.0, "START_Aver": 0.71, "END_Averag": 0.71, "START_Mw__": 6.5, "END_Mw__W_": 6.5, "START_Mw_1": 6.5, "END_Mw__K_": 6.5, "START_M0__": 7.16637e+18, "END_M0__Nm": 7.16637e+18, "START_LonA": 20.7787, "END_LonA": 20.7787, "START_LatA": 40.0746, "END_LatA": 40.0746, "START_LonB": 20.5829, "END_LonB": 20.5829, "START_LatB": 39.9194, "END_LatB": 39.9194, "START_Lon1": 20.7787, "END_Lon1": 20.7787, "START_Lat1": 40.0746, "END_Lat1": 40.0746, "START_Lon2": 20.5829, "END_Lon2": 20.5829, "START_Lat2": 39.9194, "END_Lat2": 39.9194, "START_Lon3": 20.5134, "END_Lon3": 20.5134, "START_Lat3": 39.9708, "END_Lat3": 39.9708, "START_Lon4": 20.7091, "END_Lon4": 20.7091, "START_Lat4": 40.126, "END_Lat4": 40.126, "START_SR_m": 0.0, "END_SR_min": 0.0, "START_SR_1": 0.0, "END_SR_max": 0.0, "START_SR_a": null, "END_SR_avg": null, "START_SR_R": null, "END_SR_Ref": null, "START_SR_C": null, "END_SR_Com": null, "START_po_2": "A", "END_poin_1": "A", "START_po_3": 1, "END_poin_2": 1 }, "geometry": { "type": "LineString", "coordinates": [ [ 20.7787, 40.0746 ], [ 20.5829, 39.9194 ], [ 20.7787, 40.0746 ] ] } },
{ "type": "Feature", "properties": { "Shape_Leng": 0.76770765269100005, "SS_ID": 29, "START_OBJE": 51, "END_OBJECT": 51, "START_Lon": 20.4322, "END_Lon": 20.4322, "START_Lat": 39.4961, "END_Lat": 39.4961, "START_poin": "A", "END_point_": "A", "START_po_1": 1, "END_point1": 1, "START_SS_I": 29, "END_SS_ID": 29, "START_Name": "Petoussi", "END_NameEN": "Petoussi", "START_Na_1": "Πετούσι", "END_NameEL": "Πετούσι", "START_Stri": 84, "END_Strike": 84, "START_Dip_": 174, "END_Dip_Di": 174, "START_Dip": 89, "END_Dip": 89, "START_Rake": 330, "END_Rake": 330, "START_Ra_1": -30, "END_Rake__": -30, "START_Kine": "SN", "END_Kinema": "SN", "START_Leng": 33.0, "END_Length": 33.0, "START_Widt": 10.5, "END_Width_": 10.5, "START_Min_": 0.0, "END_Min_De": 0.0, "START_Max_": 10.5, "END_Max_De": 10.5, "START_Rupt": 346.5, "END_Ruptur": 346.5, "START_Aver": 0.86, "END_Averag": 0.86, "START_Mw__": 6.6, "END_Mw__W_": 6.6, "START_Mw_1": 6.6, "END_Mw__K_": 6.6, "START_M0__": 8.93e+18, "END_M0__Nm": 8.93e+18, "START_LonA": 20.4322, "END_LonA": 20.4322, "START_LatA": 39.4961, "END_LatA": 39.4961, "START_LonB": 20.8148, "END_LonB": 20.8148, "START_LatB": 39.5271, "END_LatB": 39.5271, "START_Lon1": 20.4322, "END_Lon1": 20.4322, "START_Lat1": 39.4961, "END_Lat1": 39.4961, "START_Lon2": 20.8148, "END_Lon2": 20.8148, "START_Lat2": 39.5271, "END_Lat2": 39.5271, "START_Lon3": 20.815, "END_Lon3": 20.815, "START_Lat3": 39.5255, "END_Lat3": 39.5255, "START_Lon4": 20.4325, "END_Lon4": 20.4325, "START_Lat4": 39.4945, "END_Lat4": 39.4945, "START_SR_m": 0.0, "END_SR_min": 0.0, "START_SR_1": 0.0, "END_SR_max": 0.0, "START_SR_a": null, "END_SR_avg": null, "START_SR_R": null, "END_SR_Ref": null, "START_SR_C": null, "END_SR_Com": null, "START_po_2": "A", "END_poin_1": "A", "START_po_3": 1, "END_poin_2": 1 }, "geometry": { "type": "LineString", "coordinates": [ [ 20.4322, 39.4961 ], [ 20.8148, 39.5271 ], [ 20.4322, 39.4961 ] ] } },
{ "type": "Feature", "properties": { "Shape_Leng": 0.50069731375399995, "SS_ID": 33, "START_OBJE": 53, "END_OBJECT": 53, "START_Lon": 22.8184, "END_Lon": 22.8184, "START_Lat": 39.8406, "END_Lat": 39.8406, "START_poin": "A", "END_point_": "A", "START_po_1": 1, "END_point1": 1, "START_SS_I": 33, "END_SS_ID": 33, "START_Name": "Omólio", "END_NameEN": "Omólio", "START_Na_1": "Ομόλιο", "END_NameEL": "Ομόλιο", "START_Stri": 292, "END_Strike": 292, "START_Dip_": 22, "END_Dip_Di": 22, "START_Dip": 45, "END_Dip": 45, "START_Rake": 290, "END_Rake": 290, "START_Ra_1": -70, "END_Rake__": -70, "START_Kine": "NS", "END_Kinema": "NS", "START_Leng": 22.0, "END_Length": 22.0, "START_Widt": 13.0, "END_Width_": 13.0, "START_Min_": 0.0, "END_Min_De": 0.0, "START_Max_": 9.2, "END_Max_De": 9.2, "START_Rupt": 286.0, "END_Ruptur": 286.0, "START_Aver": 0.65, "END_Averag": 0.65, "START_Mw__": 6.4, "END_Mw__W_": 6.4, "START_Mw_1": 6.4, "END_Mw__K_": 6.4, "START_M0__": 5.6e+18, "END_M0__Nm": 5.6e+18, "START_LonA": 22.8184, "END_LonA": 22.8184, "START_LatA": 39.8406, "END_LatA": 39.8406, "START_LonB": 22.5793, "END_LonB": 22.5793, "START_LatB": 39.9148, "END_LatB": 39.9148, "START_Lon1": 22.8184, "END_Lon1": 22.8184, "START_Lat1": 39.8406, "END_Lat1": 39.8406, "START_Lon2": 22.5793, "END_Lon2": 22.5793, "START_Lat2": 39.9148, "END_Lat2": 39.9148, "START_Lon3": 22.6197, "END_Lon3": 22.6197, "START_Lat3": 39.9914, "END_Lat3": 39.9914, "START_Lon4": 22.8588, "END_Lon4": 22.8588, "START_Lat4": 39.9173, "END_Lat4": 39.9173, "START_SR_m": 0.0, "END_SR_min": 0.0, "START_SR_1": 0.0, "END_SR_max": 0.0, "START_SR_a": null, "END_SR_avg": null, "START_SR_R": null, "END_SR_Ref": null, "START_SR_C": null, "END_SR_Com": null, "START_po_2": "A", "END_poin_1": "A", "START_po_3": 1, "END_poin_2": 1 }, "geometry": { "type": "LineString", "coordinates": [ [ 22.8184, 39.8406 ], [ 22.5793, 39.9148 ], [ 22.8184, 39.8406 ] ] } },
{ "type": "Feature", "properties": { "Shape_Leng": 0.44767242488199999, "SS_ID": 34, "START_OBJE": 55, "END_OBJECT": 55, "START_Lon": 22.2243, "END_Lon": 22.2243, "START_Lat": 39.8486, "END_Lat": 39.8486, "START_poin": "A", "END_point_": "A", "START_po_1": 1, "END_point1": 1, "START_SS_I": 34, "END_SS_ID": 34, "START_Name": "Rodiá", "END_NameEN": "Rodiá", "START_Na_1": "Ροδιά", "END_NameEL": "Ροδιά", "START_Stri": 108, "END_Strike": 108, "START_Dip_": 198, "END_Dip_Di": 198, "START_Dip": 60, "END_Dip": 60, "START_Rake": 270, "END_Rake": 270, "START_Ra_1": -90, "END_Rake__": -90, "START_Kine": "N", "END_Kinema": "N", "START_Leng": 19.5, "END_Length": 19.5, "START_Widt": 13.0, "END_Width_": 13.0, "START_Min_": 0.0, "END_Min_De": 0.0, "START_Max_": 11.3, "END_Max_De": 11.3, "START_Rupt": 253.5, "END_Ruptur": 253.5, "START_Aver": 0.61, "END_Averag": 0.61, "START_Mw__": 6.4, "END_Mw__W_": 6.4, "START_Mw_1": 6.4, "END_Mw__K_": 6.4, "START_M0__": 4.66e+18, "END_M0__Nm": 4.66e+18, "START_LonA": 22.2243, "END_LonA": 22.2243, "START_LatA": 39.8486, "END_LatA": 39.8486, "START_LonB": 22.4415, "END_LonB": 22.4415, "START_LatB": 39.7945, "END_LatB": 39.7945, "START_Lon1": 22.2243, "END_Lon1": 22.2243, "START_Lat1": 39.8486, "END_Lat1": 39.8486, "START_Lon2": 22.4415, "END_Lon2": 22.4415, "START_Lat2": 39.7945, "END_Lat2": 39.7945, "START_Lon3": 22.4179, "END_Lon3": 22.4179, "START_Lat3": 39.7389, "END_Lat3": 39.7389, "START_Lon4": 22.2008, "END_Lon4": 22.2008, "START_Lat4": 39.7931, "END_Lat4": 39.7931, "START_SR_m": 0.0, "END_SR_min": 0.0, "START_SR_1": 0.0, "END_SR_max": 0.0, "START_SR_a": null, "END_SR_avg": null, "START_SR_R": null, "END_SR_Ref": null, "START_SR_C": null, "END_SR_Com": null, "START_po_2": "A", "END_poin_1": "A", "START_po_3": 1, "END_poin_2": 1 }, "geometry": { "type": "LineString", "coordinates": [ [ 22.2243, 39.8486 ], [ 22.4415, 39.7945 ], [ 22.2243, 39.8486 ] ] } },
{ "type": "Feature", "properties": { "Shape_Leng": 0.50768230223199995, "SS_ID": 35, "START_OBJE": 57, "END_OBJECT": 57, "START_Lon": 22.4656, "END_Lon": 22.4656, "START_Lat": 39.6207, "END_Lat": 39.6207, "START_poin": "A", "END_point_": "A", "START_po_1": 1, "END_point1": 1, "START_SS_I": 35, "END_SS_ID": 35, "START_Name": "Lárissa", "END_NameEN": "Lárissa", "START_Na_1": "Λάρισα", "END_NameEL": "Λάρισα", "START_Stri": 284, "END_Strike": 284, "START_Dip_": 14, "END_Dip_Di": 14, "START_Dip": 55, "END_Dip": 55, "START_Rake": 270, "END_Rake": 270, "START_Ra_1": -90, "END_Rake__": -90, "START_Kine": "N", "END_Kinema": "N", "START_Leng": 22.0, "END_Length": 22.0, "START_Widt": 13.0, "END_Width_": 13.0, "START_Min_": 0.0, "END_Min_De": 0.0, "START_Max_": 10.6, "END_Max_De": 10.6, "START_Rupt": 286.0, "END_Ruptur": 286.0, "START_Aver": 0.65, "END_Averag": 0.65, "START_Mw__": 6.4, "END_Mw__W_": 6.4, "START_Mw_1": 6.4, "END_Mw__K_": 6.4, "START_M0__": 5.58e+18, "END_M0__Nm": 5.58e+18, "START_LonA": 22.4656, "END_LonA": 22.4656, "START_LatA": 39.6207, "END_LatA": 39.6207, "START_LonB": 22.2163, "END_LonB": 22.2163, "START_LatB": 39.6685, "END_LatB": 39.6685, "START_Lon1": 22.4656, "END_Lon1": 22.4656, "START_Lat1": 39.6207, "END_Lat1": 39.6207, "START_Lon2": 22.2163, "END_Lon2": 22.2163, "START_Lat2": 39.6685, "END_Lat2": 39.6685, "START_Lon3": 22.2373, "END_Lon3": 22.2373, "START_Lat3": 39.7336, "END_Lat3": 39.7336, "START_Lon4": 22.4867, "END_Lon4": 22.4867, "START_Lat4": 39.6857, "END_Lat4": 39.6857, "START_SR_m": 0.0, "END_SR_min": 0.0, "START_SR_1": 0.0, "END_SR_max": 0.0, "START_SR_a": null, "END_SR_avg": null, "START_SR_R": null, "END_SR_Ref": null, "START_SR_C": null, "END_SR_Com": null, "START_po_2": "A", "END_poin_1": "A", "START_po_3": 1, "END_poin_2": 1 }, "geometry": { "type": "LineString", "coordinates": [ [ 22.4656, 39.6207 ], [ 22.2163, 39.6685 ], [ 22.4656, 39.6207 ] ] } },
{ "type": "Feature", "properties": { "Shape_Leng": 0.66083099200899997, "SS_ID": 36, "START_OBJE": 59, "END_OBJECT": 59, "START_Lon": 22.1838, "END_Lon": 22.1838, "START_Lat": 39.6108, "END_Lat": 39.6108, "START_poin": "A", "END_point_": "A", "START_po_1": 1, "END_point1": 1, "START_SS_I": 36, "END_SS_ID": 36, "START_Name": "Zárkos", "END_NameEN": "Zárkos", "START_Na_1": "Ζάρκος", "END_NameEL": "Ζάρκος", "START_Stri": 310, "END_Strike": 310, "START_Dip_": 40, "END_Dip_Di": 40, "START_Dip": 40, "END_Dip": 40, "START_Rake": 271, "END_Rake": 271, "START_Ra_1": -89, "END_Rake__": -89, "START_Kine": "N", "END_Kinema": "N", "START_Leng": 31.0, "END_Length": 31.0, "START_Widt": 16.5, "END_Width_": 16.5, "START_Min_": 3.0, "END_Min_De": 3.0, "START_Max_": 13.6, "END_Max_De": 13.6, "START_Rupt": 511.5, "END_Ruptur": 511.5, "START_Aver": 0.89, "END_Averag": 0.89, "START_Mw__": 6.7, "END_Mw__W_": 6.7, "START_Mw_1": 6.7, "END_Mw__K_": 6.7, "START_M0__": 1.36e+19, "END_M0__Nm": 1.36e+19, "START_LonA": 22.1838, "END_LonA": 22.1838, "START_LatA": 39.6108, "END_LatA": 39.6108, "START_LonB": 21.9062, "END_LonB": 21.9062, "START_LatB": 39.79, "END_LatB": 39.79, "START_Lon1": 22.2107, "END_Lon1": 22.2107, "START_Lat1": 39.6354, "END_Lat1": 39.6354, "START_Lon2": 21.933, "END_Lon2": 21.933, "START_Lat2": 39.8146, "END_Lat2": 39.8146, "START_Lon3": 22.0281, "END_Lon3": 22.0281, "START_Lat3": 39.9017, "END_Lat3": 39.9017, "START_Lon4": 22.3058, "END_Lon4": 22.3058, "START_Lat4": 39.7225, "END_Lat4": 39.7225, "START_SR_m": 0.0, "END_SR_min": 0.0, "START_SR_1": 0.0, "END_SR_max": 0.0, "START_SR_a": null, "END_SR_avg": null, "START_SR_R": null, "END_SR_Ref": null, "START_SR_C": null, "END_SR_Com": null, "START_po_2": "A", "END_poin_1": "A", "START_po_3": 1, "END_poin_2": 1 }, "geometry": { "type": "LineString", "coordinates": [ [ 22.1838, 39.6108 ], [ 21.9062, 39.79 ], [ 22.1838, 39.6108 ] ] } },
{ "type": "Feature", "properties": { "Shape_Leng": 0.60409111895500001, "SS_ID": 37, "START_OBJE": 61, "END_OBJECT": 61, "START_Lon": 22.5012, "END_Lon": 22.5012, "START_Lat": 39.3553, "END_Lat": 39.3553, "START_poin": "A", "END_point_": "A", "START_po_1": 1, "END_point1": 1, "START_SS_I": 37, "END_SS_ID": 37, "START_Name": "Ríghaeo", "END_NameEN": "Ríghaeo", "START_Na_1": "Ρήγαιο", "END_NameEL": "Ρήγαιο", "START_Stri": 94, "END_Strike": 94, "START_Dip_": 184, "END_Dip_Di": 184, "START_Dip": 45, "END_Dip": 45, "START_Rake": 270, "END_Rake": 270, "START_Ra_1": -90, "END_Rake__": -90, "START_Kine": "N", "END_Kinema": "N", "START_Leng": 26.0, "END_Length": 26.0, "START_Widt": 14.5, "END_Width_": 14.5, "START_Min_": 0.0, "END_Min_De": 0.0, "START_Max_": 10.3, "END_Max_De": 10.3, "START_Rupt": 377.0, "END_Ruptur": 377.0, "START_Aver": 0.76, "END_Averag": 0.76, "START_Mw__": 6.6, "END_Mw__W_": 6.6, "START_Mw_1": 6.6, "END_Mw__K_": 6.6, "START_M0__": 8.55e+18, "END_M0__Nm": 8.55e+18, "START_LonA": 22.5012, "END_LonA": 22.5012, "START_LatA": 39.3553, "END_LatA": 39.3553, "START_LonB": 22.8028, "END_LonB": 22.8028, "START_LatB": 39.3389, "END_LatB": 39.3389, "START_Lon1": 22.5012, "END_Lon1": 22.5012, "START_Lat1": 39.3553, "END_Lat1": 39.3553, "START_Lon2": 22.8028, "END_Lon2": 22.8028, "START_Lat2": 39.3389, "END_Lat2": 39.3389, "START_Lon3": 22.7944, "END_Lon3": 22.7944, "START_Lat3": 39.247, "END_Lat3": 39.247, "START_Lon4": 22.493, "END_Lon4": 22.493, "START_Lat4": 39.2633, "END_Lat4": 39.2633, "START_SR_m": 0.0, "END_SR_min": 0.0, "START_SR_1": 0.0, "END_SR_max": 0.0, "START_SR_a": null, "END_SR_avg": null, "START_SR_R": null, "END_SR_Ref": null, "START_SR_C": null, "END_SR_Com": null, "START_po_2": "A", "END_poin_1": "A", "START_po_3": 1, "END_poin_2": 1 }, "geometry": { "type": "LineString", "coordinates": [ [ 22.5012, 39.3553 ], [ 22.8028, 39.3389 ], [ 22.5012, 39.3553 ] ] } },
{ "type": "Feature", "properties": { "Shape_Leng": 0.46284913308800002, "SS_ID": 38, "START_OBJE": 63, "END_OBJECT": 63, "START_Lon": 22.3755, "END_Lon": 22.3755, "START_Lat": 39.3575, "END_Lat": 39.3575, "START_poin": "A", "END_point_": "A", "START_po_1": 1, "END_point1": 1, "START_SS_I": 38, "END_SS_ID": 38, "START_Name": "Dasólophos", "END_NameEN": "Dasólophos", "START_Na_1": "Δασόλοφος", "END_NameEL": "Δασόλοφος", "START_Stri": 99, "END_Strike": 99, "START_Dip_": 189, "END_Dip_Di": 189, "START_Dip": 55, "END_Dip": 55, "START_Rake": 270, "END_Rake": 270, "START_Ra_1": -90, "END_Rake__": -90, "START_Kine": "N", "END_Kinema": "N", "START_Leng": 20.0, "END_Length": 20.0, "START_Widt": 13.0, "END_Width_": 13.0, "START_Min_": 0.0, "END_Min_De": 0.0, "START_Max_": 10.6, "END_Max_De": 10.6, "START_Rupt": 260.0, "END_Ruptur": 260.0, "START_Aver": 0.62, "END_Averag": 0.62, "START_Mw__": 6.4, "END_Mw__W_": 6.4, "START_Mw_1": 6.4, "END_Mw__K_": 6.4, "START_M0__": 4.84e+18, "END_M0__Nm": 4.84e+18, "START_LonA": 22.3755, "END_LonA": 22.3755, "START_LatA": 39.3575, "END_LatA": 39.3575, "START_LonB": 22.6052, "END_LonB": 22.6052, "START_LatB": 39.3293, "END_LatB": 39.3293, "START_Lon1": 22.3755, "END_Lon1": 22.3755, "START_Lat1": 39.3575, "END_Lat1": 39.3575, "START_Lon2": 22.6052, "END_Lon2": 22.6052, "START_Lat2": 39.3293, "END_Lat2": 39.3293, "START_Lon3": 22.5916, "END_Lon3": 22.5916, "START_Lat3": 39.2631, "END_Lat3": 39.2631, "START_Lon4": 22.362, "END_Lon4": 22.362, "START_Lat4": 39.2912, "END_Lat4": 39.2912, "START_SR_m": 0.0, "END_SR_min": 0.0, "START_SR_1": 0.0, "END_SR_max": 0.0, "START_SR_a": null, "END_SR_avg": null, "START_SR_R": null, "END_SR_Ref": null, "START_SR_C": null, "END_SR_Com": null, "START_po_2": "A", "END_poin_1": "A", "START_po_3": 1, "END_poin_2": 1 }, "geometry": { "type": "LineString", "coordinates": [ [ 22.3755, 39.3575 ], [ 22.6052, 39.3293 ], [ 22.3755, 39.3575 ] ] } },
{ "type": "Feature", "properties": { "Shape_Leng": 1.0781646071, "SS_ID": 39, "START_OBJE": 65, "END_OBJECT": 65, "START_Lon": 22.6119, "END_Lon": 22.6119, "START_Lat": 39.2688, "END_Lat": 39.2688, "START_poin": "A", "END_point_": "A", "START_po_1": 1, "END_point1": 1, "START_SS_I": 39, "END_SS_ID": 39, "START_Name": "Pagasitikós Gulf", "END_NameEN": "Pagasitikós Gulf", "START_Na_1": "Παγασητικός Κόλπος", "END_NameEL": "Παγασητικός Κόλπος", "START_Stri": 84, "END_Strike": 84, "START_Dip_": 174, "END_Dip_Di": 174, "START_Dip": 45, "END_Dip": 45, "START_Rake": 260, "END_Rake": 260, "START_Ra_1": -100, "END_Rake__": -100, "START_Kine": "N", "END_Kinema": "N", "START_Leng": 46.5, "END_Length": 46.5, "START_Widt": 22.0, "END_Width_": 22.0, "START_Min_": 0.0, "END_Min_De": 0.0, "START_Max_": 15.6, "END_Max_De": 15.6, "START_Rupt": 1023.0, "END_Ruptur": 1023.0, "START_Aver": 1.28, "END_Averag": 1.28, "START_Mw__": 7.0, "END_Mw__W_": 7.0, "START_Mw_1": 7.0, "END_Mw__K_": 7.0, "START_M0__": 3.94e+19, "END_M0__Nm": 3.94e+19, "START_LonA": 22.6119, "END_LonA": 22.6119, "START_LatA": 39.2688, "END_LatA": 39.2688, "START_LonB": 23.1492, "END_LonB": 23.1492, "START_LatB": 39.3126, "END_LatB": 39.3126, "START_Lon1": 22.6119, "END_Lon1": 22.6119, "START_Lat1": 39.2688, "END_Lat1": 39.2688, "START_Lon2": 23.1492, "END_Lon2": 23.1492, "START_Lat2": 39.3126, "END_Lat2": 39.3126, "START_Lon3": 23.1678, "END_Lon3": 23.1678, "START_Lat3": 39.1734, "END_Lat3": 39.1734, "START_Lon4": 22.631, "END_Lon4": 22.631, "START_Lat4": 39.1297, "END_Lat4": 39.1297, "START_SR_m": 0.0, "END_SR_min": 0.0, "START_SR_1": 0.0, "END_SR_max": 0.0, "START_SR_a": null, "END_SR_avg": null, "START_SR_R": null, "END_SR_Ref": null, "START_SR_C": null, "END_SR_Com": null, "START_po_2": "A", "END_poin_1": "A", "START_po_3": 1, "END_poin_2": 1 }, "geometry": { "type": "LineString", "coordinates": [ [ 22.6119, 39.2688 ], [ 23.1492, 39.3126 ], [ 22.6119, 39.2688 ] ] } },
{ "type": "Feature", "properties": { "Shape_Leng": 0.70558585586699996, "SS_ID": 40, "START_OBJE": 67, "END_OBJECT": 67, "START_Lon": 22.2842, "END_Lon": 22.2842, "START_Lat": 39.147, "END_Lat": 39.147, "START_poin": "A", "END_point_": "A", "START_po_1": 1, "END_point1": 1, "START_SS_I": 40, "END_SS_ID": 40, "START_Name": "Ekkára", "END_NameEN": "Ekkára", "START_Na_1": "Εκάρα", "END_NameEL": "Εκάρα", "START_Stri": 288, "END_Strike": 288, "START_Dip_": 18, "END_Dip_Di": 18, "START_Dip": 45, "END_Dip": 45, "START_Rake": 285, "END_Rake": 285, "START_Ra_1": -75, "END_Rake__": -75, "START_Kine": "N", "END_Kinema": "N", "START_Leng": 31.0, "END_Length": 31.0, "START_Widt": 16.5, "END_Width_": 16.5, "START_Min_": 0.0, "END_Min_De": 0.0, "START_Max_": 11.7, "END_Max_De": 11.7, "START_Rupt": 511.5, "END_Ruptur": 511.5, "START_Aver": 0.89, "END_Averag": 0.89, "START_Mw__": 6.7, "END_Mw__W_": 6.7, "START_Mw_1": 6.7, "END_Mw__K_": 6.7, "START_M0__": 1.36e+19, "END_M0__Nm": 1.36e+19, "START_LonA": 22.2842, "END_LonA": 22.2842, "START_LatA": 39.147, "END_LatA": 39.147, "START_LonB": 21.9421, "END_LonB": 21.9421, "START_LatB": 39.2332, "END_LatB": 39.2332, "START_Lon1": 22.2842, "END_Lon1": 22.2842, "START_Lat1": 39.147, "END_Lat1": 39.147, "START_Lon2": 21.9421, "END_Lon2": 21.9421, "START_Lat2": 39.2332, "END_Lat2": 39.2332, "START_Lon3": 21.9839, "END_Lon3": 21.9839, "START_Lat3": 39.333, "END_Lat3": 39.333, "START_Lon4": 22.3262, "END_Lon4": 22.3262, "START_Lat4": 39.2468, "END_Lat4": 39.2468, "START_SR_m": 1.0, "END_SR_min": 1.0, "START_SR_1": 1.0, "END_SR_max": 1.0, "START_SR_a": null, "END_SR_avg": null, "START_SR_R": "Caputo & Pavlides (1993)\nPalyvos et al. (2010)", "END_SR_Ref": "Caputo & Pavlides (1993)\nPalyvos et al. (2010)", "START_SR_C": null, "END_SR_Com": null, "START_po_2": "A", "END_poin_1": "A", "START_po_3": 1, "END_poin_2": 1 }, "geometry": { "type": "LineString", "coordinates": [ [ 22.2842, 39.147 ], [ 21.9421, 39.2332 ], [ 22.2842, 39.147 ] ] } },
{ "type": "Feature", "properties": { "Shape_Leng": 0.84445089851300004, "SS_ID": 42, "START_OBJE": 69, "END_OBJECT": 69, "START_Lon": 23.1389, "END_Lon": 23.1389, "START_Lat": 38.8588, "END_Lat": 38.8588, "START_poin": "A", "END_point_": "A", "START_po_1": 1, "END_point1": 1, "START_SS_I": 42, "END_SS_ID": 42, "START_Name": "Límni", "END_NameEN": "Límni", "START_Na_1": "Λίμνη", "END_NameEL": "Λίμνη", "START_Stri": 130, "END_Strike": 130, "START_Dip_": 220, "END_Dip_Di": 220, "START_Dip": 60, "END_Dip": 60, "START_Rake": 300, "END_Rake": 300, "START_Ra_1": -60, "END_Rake__": -60, "START_Kine": "NS", "END_Kinema": "NS", "START_Leng": 40.0, "END_Length": 40.0, "START_Widt": 20.0, "END_Width_": 20.0, "START_Min_": 0.0, "END_Min_De": 0.0, "START_Max_": 17.3, "END_Max_De": 17.3, "START_Rupt": 800.0, "END_Ruptur": 800.0, "START_Aver": 1.13, "END_Averag": 1.13, "START_Mw__": 6.9, "END_Mw__W_": 6.9, "START_Mw_1": 6.9, "END_Mw__K_": 6.9, "START_M0__": 2.7e+19, "END_M0__Nm": 2.7e+19, "START_LonA": 23.1389, "END_LonA": 23.1389, "START_LatA": 38.8588, "END_LatA": 38.8588, "START_LonB": 23.4922, "END_LonB": 23.4922, "START_LatB": 38.6276, "END_LatB": 38.6276, "START_Lon1": 23.1389, "END_Lon1": 23.1389, "START_Lat1": 38.8588, "END_Lat1": 38.8588, "START_Lon2": 23.4922, "END_Lon2": 23.4922, "START_Lat2": 38.6276, "END_Lat2": 38.6276, "START_Lon3": 23.4181, "END_Lon3": 23.4181, "START_Lat3": 38.5587, "END_Lat3": 38.5587, "START_Lon4": 23.0648, "END_Lon4": 23.0648, "START_Lat4": 38.7899, "END_Lat4": 38.7899, "START_SR_m": 6.54, "END_SR_min": 6.54, "START_SR_1": 6.54, "END_SR_max": 6.54, "START_SR_a": null, "END_SR_avg": null, "START_SR_R": "Caroir et al. (2024)", "END_SR_Ref": "Caroir et al. (2024)", "START_SR_C": null, "END_SR_Com": null, "START_po_2": "A", "END_poin_1": "A", "START_po_3": 1, "END_poin_2": 1 }, "geometry": { "type": "LineString", "coordinates": [ [ 23.1389, 38.8588 ], [ 23.4922, 38.6276 ], [ 23.1389, 38.8588 ] ] } },
{ "type": "Feature", "properties": { "Shape_Leng": 0.67622150217200006, "SS_ID": 43, "START_OBJE": 71, "END_OBJECT": 71, "START_Lon": 23.9474, "END_Lon": 23.9474, "START_Lat": 38.2875, "END_Lat": 38.2875, "START_poin": "A", "END_point_": "A", "START_po_1": 1, "END_point1": 1, "START_SS_I": 43, "END_SS_ID": 43, "START_Name": "Oropus", "END_NameEN": "Oropus", "START_Na_1": "Ωρωπός", "END_NameEL": "Ωρωπός", "START_Stri": 287, "END_Strike": 287, "START_Dip_": 17, "END_Dip_Di": 17, "START_Dip": 50, "END_Dip": 50, "START_Rake": 280, "END_Rake": 280, "START_Ra_1": -80, "END_Rake__": -80, "START_Kine": "N", "END_Kinema": "N", "START_Leng": 30.0, "END_Length": 30.0, "START_Widt": 16.0, "END_Width_": 16.0, "START_Min_": 0.0, "END_Min_De": 0.0, "START_Max_": 12.3, "END_Max_De": 12.3, "START_Rupt": 480.0, "END_Ruptur": 480.0, "START_Aver": 0.86, "END_Averag": 0.86, "START_Mw__": 6.7, "END_Mw__W_": 6.7, "START_Mw_1": 6.7, "END_Mw__K_": 6.7, "START_M0__": 1.24e+19, "END_M0__Nm": 1.24e+19, "START_LonA": 23.9474, "END_LonA": 23.9474, "START_LatA": 38.2875, "END_LatA": 38.2875, "START_LonB": 23.6186, "END_LonB": 23.6186, "START_LatB": 38.3663, "END_LatB": 38.3663, "START_Lon1": 23.9474, "END_Lon1": 23.9474, "START_Lat1": 38.2875, "END_Lat1": 38.2875, "START_Lon2": 23.6186, "END_Lon2": 23.6186, "START_Lat2": 38.3663, "END_Lat2": 38.3663, "START_Lon3": 23.653, "END_Lon3": 23.653, "START_Lat3": 38.4548, "END_Lat3": 38.4548, "START_Lon4": 23.982, "END_Lon4": 23.982, "START_Lat4": 38.3759, "END_Lat4": 38.3759, "START_SR_m": 0.0, "END_SR_min": 0.0, "START_SR_1": 0.0, "END_SR_max": 0.0, "START_SR_a": null, "END_SR_avg": null, "START_SR_R": null, "END_SR_Ref": null, "START_SR_C": null, "END_SR_Com": null, "START_po_2": "A", "END_poin_1": "A", "START_po_3": 1, "END_poin_2": 1 }, "geometry": { "type": "LineString", "coordinates": [ [ 23.9474, 38.2875 ], [ 23.6186, 38.3663 ], [ 23.9474, 38.2875 ] ] } },
{ "type": "Feature", "properties": { "Shape_Leng": 0.57755636954300005, "SS_ID": 44, "START_OBJE": 73, "END_OBJECT": 73, "START_Lon": 23.5536, "END_Lon": 23.5536, "START_Lat": 38.4169, "END_Lat": 38.4169, "START_poin": "A", "END_point_": "A", "START_po_1": 1, "END_point1": 1, "START_SS_I": 44, "END_SS_ID": 44, "START_Name": "Messápio", "END_NameEN": "Messápio", "START_Na_1": "Μεσσάπιο", "END_NameEL": "Μεσσάπιο", "START_Stri": 306, "END_Strike": 306, "START_Dip_": 36, "END_Dip_Di": 36, "START_Dip": 50, "END_Dip": 50, "START_Rake": 295, "END_Rake": 295, "START_Ra_1": -65, "END_Rake__": -65, "START_Kine": "NS", "END_Kinema": "NS", "START_Leng": 27.0, "END_Length": 27.0, "START_Widt": 15.0, "END_Width_": 15.0, "START_Min_": 0.0, "END_Min_De": 0.0, "START_Max_": 11.5, "END_Max_De": 11.5, "START_Rupt": 405.0, "END_Ruptur": 405.0, "START_Aver": 0.78, "END_Averag": 0.78, "START_Mw__": 6.6, "END_Mw__W_": 6.6, "START_Mw_1": 6.6, "END_Mw__K_": 6.6, "START_M0__": 9.54e+18, "END_M0__Nm": 9.54e+18, "START_LonA": 23.5536, "END_LonA": 23.5536, "START_LatA": 38.4169, "END_LatA": 38.4169, "START_LonB": 23.3026, "END_LonB": 23.3026, "START_LatB": 38.5597, "END_LatB": 38.5597, "START_Lon1": 23.5536, "END_Lon1": 23.5536, "START_Lat1": 38.4169, "END_Lat1": 38.4169, "START_Lon2": 23.3026, "END_Lon2": 23.3026, "START_Lat2": 38.5597, "END_Lat2": 38.5597, "START_Lon3": 23.3677, "END_Lon3": 23.3677, "START_Lat3": 38.6298, "END_Lat3": 38.6298, "START_Lon4": 23.6187, "END_Lon4": 23.6187, "START_Lat4": 38.4871, "END_Lat4": 38.4871, "START_SR_m": 0.0, "END_SR_min": 0.0, "START_SR_1": 0.0, "END_SR_max": 0.0, "START_SR_a": null, "END_SR_avg": null, "START_SR_R": null, "END_SR_Ref": null, "START_SR_C": null, "END_SR_Com": null, "START_po_2": "A", "END_poin_1": "A", "START_po_3": 1, "END_poin_2": 1 }, "geometry": { "type": "LineString", "coordinates": [ [ 23.5536, 38.4169 ], [ 23.3026, 38.5597 ], [ 23.5536, 38.4169 ] ] } },
{ "type": "Feature", "properties": { "Shape_Leng": 0.84383223451099998, "SS_ID": 45, "START_OBJE": 75, "END_OBJECT": 75, "START_Lon": 23.3011, "END_Lon": 23.3011, "START_Lat": 38.5506, "END_Lat": 38.5506, "START_poin": "A", "END_point_": "A", "START_po_1": 1, "END_point1": 1, "START_SS_I": 45, "END_SS_ID": 45, "START_Name": "Atalánti", "END_NameEN": "Atalánti", "START_Na_1": "Αταλάντη", "END_NameEL": "Αταλάντη", "START_Stri": 295, "END_Strike": 295, "START_Dip_": 25, "END_Dip_Di": 25, "START_Dip": 45, "END_Dip": 45, "START_Rake": 280, "END_Rake": 280, "START_Ra_1": -80, "END_Rake__": -80, "START_Kine": "N", "END_Kinema": "N", "START_Leng": 38.0, "END_Length": 38.0, "START_Widt": 19.0, "END_Width_": 19.0, "START_Min_": 0.0, "END_Min_De": 0.0, "START_Max_": 13.4, "END_Max_De": 13.4, "START_Rupt": 722.0, "END_Ruptur": 722.0, "START_Aver": 1.07, "END_Averag": 1.07, "START_Mw__": 6.8, "END_Mw__W_": 6.8, "START_Mw_1": 6.8, "END_Mw__K_": 6.8, "START_M0__": 2.31e+19, "END_M0__Nm": 2.31e+19, "START_LonA": 23.3011, "END_LonA": 23.3011, "START_LatA": 38.5506, "END_LatA": 38.5506, "START_LonB": 22.9047, "END_LonB": 22.9047, "START_LatB": 38.6951, "END_LatB": 38.6951, "START_Lon1": 23.3011, "END_Lon1": 23.3011, "START_Lat1": 38.5506, "END_Lat1": 38.5506, "START_Lon2": 22.9047, "END_Lon2": 22.9047, "START_Lat2": 38.6951, "END_Lat2": 38.6951, "START_Lon3": 22.97, "END_Lon3": 22.97, "START_Lat3": 38.8046, "END_Lat3": 38.8046, "START_Lon4": 23.3666, "END_Lon4": 23.3666, "START_Lat4": 38.6601, "END_Lat4": 38.6601, "START_SR_m": 0.4, "END_SR_min": 0.4, "START_SR_1": 0.4, "END_SR_max": 0.4, "START_SR_a": null, "END_SR_avg": null, "START_SR_R": "Ganas (1997)", "END_SR_Ref": "Ganas (1997)", "START_SR_C": null, "END_SR_Com": null, "START_po_2": "A", "END_poin_1": "A", "START_po_3": 1, "END_poin_2": 1 }, "geometry": { "type": "LineString", "coordinates": [ [ 23.3011, 38.5506 ], [ 22.9047, 38.6951 ], [ 23.3011, 38.5506 ] ] } },
{ "type": "Feature", "properties": { "Shape_Leng": 1.1336192658899999, "SS_ID": 46, "START_OBJE": 77, "END_OBJECT": 77, "START_Lon": 23.0643, "END_Lon": 23.0643, "START_Lat": 38.7255, "END_Lat": 38.7255, "START_poin": "A", "END_point_": "A", "START_po_1": 1, "END_point1": 1, "START_SS_I": 46, "END_SS_ID": 46, "START_Name": "Thermopylae-Arkítsa", "END_NameEN": "Thermopylae-Arkítsa", "START_Na_1": "Θερμοπύλες-Αρκίτσα", "END_NameEL": "Θερμοπύλες-Αρκίτσα", "START_Stri": 281, "END_Strike": 281, "START_Dip_": 11, "END_Dip_Di": 11, "START_Dip": 45, "END_Dip": 45, "START_Rake": 280, "END_Rake": 280, "START_Ra_1": -80, "END_Rake__": -80, "START_Kine": "N", "END_Kinema": "N", "START_Leng": 49.5, "END_Length": 49.5, "START_Widt": 23.0, "END_Width_": 23.0, "START_Min_": 0.0, "END_Min_De": 0.0, "START_Max_": 16.3, "END_Max_De": 16.3, "START_Rupt": 1138.5, "END_Ruptur": 1138.5, "START_Aver": 1.36, "END_Averag": 1.36, "START_Mw__": 7.0, "END_Mw__W_": 7.0, "START_Mw_1": 7.0, "END_Mw__K_": 7.0, "START_M0__": 4.64e+19, "END_M0__Nm": 4.64e+19, "START_LonA": 23.0643, "END_LonA": 23.0643, "START_LatA": 38.7255, "END_LatA": 38.7255, "START_LonB": 22.5039, "END_LonB": 22.5039, "START_LatB": 38.8105, "END_LatB": 38.8105, "START_Lon1": 23.0643, "END_Lon1": 23.0643, "START_Lat1": 38.7255, "END_Lat1": 38.7255, "START_Lon2": 22.5039, "END_Lon2": 22.5039, "START_Lat2": 38.8105, "END_Lat2": 38.8105, "START_Lon3": 22.5394, "END_Lon3": 22.5394, "START_Lat3": 38.954, "END_Lat3": 38.954, "START_Lon4": 23.1004, "END_Lon4": 23.1004, "START_Lat4": 38.8691, "END_Lat4": 38.8691, "START_SR_m": 0.0, "END_SR_min": 0.0, "START_SR_1": 0.0, "END_SR_max": 0.0, "START_SR_a": null, "END_SR_avg": null, "START_SR_R": null, "END_SR_Ref": null, "START_SR_C": null, "END_SR_Com": null, "START_po_2": "A", "END_poin_1": "A", "START_po_3": 1, "END_poin_2": 1 }, "geometry": { "type": "LineString", "coordinates": [ [ 23.0643, 38.7255 ], [ 22.5039, 38.8105 ], [ 23.0643, 38.7255 ] ] } },
{ "type": "Feature", "properties": { "Shape_Leng": 0.87180740992500005, "SS_ID": 47, "START_OBJE": 79, "END_OBJECT": 79, "START_Lon": 22.4711, "END_Lon": 22.4711, "START_Lat": 38.8524, "END_Lat": 38.8524, "START_poin": "A", "END_point_": "A", "START_po_1": 1, "END_point1": 1, "START_SS_I": 47, "END_SS_ID": 47, "START_Name": "Spercheus", "END_NameEN": "Spercheus", "START_Na_1": "Σπερχειός", "END_NameEL": "Σπερχειός", "START_Stri": 281, "END_Strike": 281, "START_Dip_": 11, "END_Dip_Di": 11, "START_Dip": 45, "END_Dip": 45, "START_Rake": 280, "END_Rake": 280, "START_Ra_1": -80, "END_Rake__": -80, "START_Kine": "N", "END_Kinema": "N", "START_Leng": 38.0, "END_Length": 38.0, "START_Widt": 19.0, "END_Width_": 19.0, "START_Min_": 0.0, "END_Min_De": 0.0, "START_Max_": 13.4, "END_Max_De": 13.4, "START_Rupt": 722.0, "END_Ruptur": 722.0, "START_Aver": 1.07, "END_Averag": 1.07, "START_Mw__": 6.8, "END_Mw__W_": 6.8, "START_Mw_1": 6.8, "END_Mw__K_": 6.8, "START_M0__": 2.31e+19, "END_M0__Nm": 2.31e+19, "START_LonA": 22.4711, "END_LonA": 22.4711, "START_LatA": 38.8524, "END_LatA": 38.8524, "START_LonB": 22.0401, "END_LonB": 22.0401, "START_LatB": 38.9176, "END_LatB": 38.9176, "START_Lon1": 22.4711, "END_Lon1": 22.4711, "START_Lat1": 38.8524, "END_Lat1": 38.8524, "START_Lon2": 22.0401, "END_Lon2": 22.0401, "START_Lat2": 38.9176, "END_Lat2": 38.9176, "START_Lon3": 22.0696, "END_Lon3": 22.0696, "START_Lat3": 39.0362, "END_Lat3": 39.0362, "START_Lon4": 22.5009, "END_Lon4": 22.5009, "START_Lat4": 38.971, "END_Lat4": 38.971, "START_SR_m": 0.0, "END_SR_min": 0.0, "START_SR_1": 0.0, "END_SR_max": 0.0, "START_SR_a": null, "END_SR_avg": null, "START_SR_R": null, "END_SR_Ref": null, "START_SR_C": null, "END_SR_Com": null, "START_po_2": "A", "END_poin_1": "A", "START_po_3": 1, "END_poin_2": 1 }, "geometry": { "type": "LineString", "coordinates": [ [ 22.4711, 38.8524 ], [ 22.0401, 38.9176 ], [ 22.4711, 38.8524 ] ] } },
{ "type": "Feature", "properties": { "Shape_Leng": 0.51485489217799996, "SS_ID": 48, "START_OBJE": 81, "END_OBJECT": 81, "START_Lon": 23.5573, "END_Lon": 23.5573, "START_Lat": 38.2786, "END_Lat": 38.2786, "START_poin": "A", "END_point_": "A", "START_po_1": 1, "END_point1": 1, "START_SS_I": 48, "END_SS_ID": 48, "START_Name": "Dáphne", "END_NameEN": "Dáphne", "START_Na_1": "Δάφνη", "END_NameEL": "Δάφνη", "START_Stri": 250, "END_Strike": 250, "START_Dip_": 340, "END_Dip_Di": 340, "START_Dip": 55, "END_Dip": 55, "START_Rake": 260, "END_Rake": 260, "START_Ra_1": -100, "END_Rake__": -100, "START_Kine": "N", "END_Kinema": "N", "START_Leng": 23.0, "END_Length": 23.0, "START_Widt": 13.5, "END_Width_": 13.5, "START_Min_": 0.0, "END_Min_De": 0.0, "START_Max_": 11.1, "END_Max_De": 11.1, "START_Rupt": 310.5, "END_Ruptur": 310.5, "START_Aver": 0.68, "END_Averag": 0.68, "START_Mw__": 6.5, "END_Mw__W_": 6.5, "START_Mw_1": 6.5, "END_Mw__K_": 6.5, "START_M0__": 6.35e+18, "END_M0__Nm": 6.35e+18, "START_LonA": 23.5573, "END_LonA": 23.5573, "START_LatA": 38.2786, "END_LatA": 38.2786, "START_LonB": 23.3098, "END_LonB": 23.3098, "START_LatB": 38.2078, "END_LatB": 38.2078, "START_Lon1": 23.5573, "END_Lon1": 23.5573, "START_Lat1": 38.2786, "END_Lat1": 38.2786, "START_Lon2": 23.3098, "END_Lon2": 23.3098, "START_Lat2": 38.2078, "END_Lat2": 38.2078, "START_Lon3": 23.2795, "END_Lon3": 23.2795, "START_Lat3": 38.2733, "END_Lat3": 38.2733, "START_Lon4": 23.527, "END_Lon4": 23.527, "START_Lat4": 38.344, "END_Lat4": 38.344, "START_SR_m": 0.0, "END_SR_min": 0.0, "START_SR_1": 0.0, "END_SR_max": 0.0, "START_SR_a": null, "END_SR_avg": null, "START_SR_R": null, "END_SR_Ref": null, "START_SR_C": null, "END_SR_Com": null, "START_po_2": "A", "END_poin_1": "A", "START_po_3": 1, "END_poin_2": 1 }, "geometry": { "type": "LineString", "coordinates": [ [ 23.5573, 38.2786 ], [ 23.3098, 38.2078 ], [ 23.5573, 38.2786 ] ] } },
{ "type": "Feature", "properties": { "Shape_Leng": 0.63707459531800004, "SS_ID": 49, "START_OBJE": 83, "END_OBJECT": 83, "START_Lon": 22.9831, "END_Lon": 22.9831, "START_Lat": 38.2658, "END_Lat": 38.2658, "START_poin": "A", "END_point_": "A", "START_po_1": 1, "END_point1": 1, "START_SS_I": 49, "END_SS_ID": 49, "START_Name": "Leontarion", "END_NameEN": "Leontarion", "START_Na_1": "Λεοντάριον", "END_NameEL": "Λεοντάριον", "START_Stri": 79, "END_Strike": 79, "START_Dip_": 169, "END_Dip_Di": 169, "START_Dip": 60, "END_Dip": 60, "START_Rake": 280, "END_Rake": 280, "START_Ra_1": -80, "END_Rake__": -80, "START_Kine": "N", "END_Kinema": "N", "START_Leng": 28.0, "END_Length": 28.0, "START_Widt": 15.5, "END_Width_": 15.5, "START_Min_": 0.0, "END_Min_De": 0.0, "START_Max_": 13.4, "END_Max_De": 13.4, "START_Rupt": 434.0, "END_Ruptur": 434.0, "START_Aver": 0.81, "END_Averag": 0.81, "START_Mw__": 6.6, "END_Mw__W_": 6.6, "START_Mw_1": 6.6, "END_Mw__K_": 6.6, "START_M0__": 1.06e+19, "END_M0__Nm": 1.06e+19, "START_LonA": 22.9831, "END_LonA": 22.9831, "START_LatA": 38.2658, "END_LatA": 38.2658, "START_LonB": 23.298, "END_LonB": 23.298, "START_LatB": 38.3138, "END_LatB": 38.3138, "START_Lon1": 22.9831, "END_Lon1": 22.9831, "START_Lat1": 38.2658, "END_Lat1": 38.2658, "START_Lon2": 23.298, "END_Lon2": 23.298, "START_Lat2": 38.3138, "END_Lat2": 38.3138, "START_Lon3": 23.3149, "END_Lon3": 23.3149, "START_Lat3": 38.2454, "END_Lat3": 38.2454, "START_Lon4": 23.0001, "END_Lon4": 23.0001, "START_Lat4": 38.1974, "END_Lat4": 38.1974, "START_SR_m": 0.0, "END_SR_min": 0.0, "START_SR_1": 0.0, "END_SR_max": 0.0, "START_SR_a": null, "END_SR_avg": null, "START_SR_R": null, "END_SR_Ref": null, "START_SR_C": null, "END_SR_Com": null, "START_po_2": "A", "END_poin_1": "A", "START_po_3": 1, "END_poin_2": 1 }, "geometry": { "type": "LineString", "coordinates": [ [ 22.9831, 38.2658 ], [ 23.298, 38.3138 ], [ 22.9831, 38.2658 ] ] } },
{ "type": "Feature", "properties": { "Shape_Leng": 0.6206, "SS_ID": 50, "START_OBJE": 85, "END_OBJECT": 85, "START_Lon": 22.4059, "END_Lon": 22.4059, "START_Lat": 38.4864, "END_Lat": 38.4864, "START_poin": "A", "END_point_": "A", "START_po_1": 1, "END_point1": 1, "START_SS_I": 50, "END_SS_ID": 50, "START_Name": "Delphi", "END_NameEN": "Delphi", "START_Na_1": "Δελφοί", "END_NameEL": "Δελφοί", "START_Stri": 90, "END_Strike": 90, "START_Dip_": 180, "END_Dip_Di": 180, "START_Dip": 50, "END_Dip": 50, "START_Rake": 265, "END_Rake": 265, "START_Ra_1": -95, "END_Rake__": -95, "START_Kine": "N", "END_Kinema": "N", "START_Leng": 27.0, "END_Length": 27.0, "START_Widt": 15.0, "END_Width_": 15.0, "START_Min_": 0.0, "END_Min_De": 0.0, "START_Max_": 11.5, "END_Max_De": 11.5, "START_Rupt": 405.0, "END_Ruptur": 405.0, "START_Aver": 0.78, "END_Averag": 0.78, "START_Mw__": 6.6, "END_Mw__W_": 6.6, "START_Mw_1": 6.6, "END_Mw__K_": 6.6, "START_M0__": 9.54e+18, "END_M0__Nm": 9.54e+18, "START_LonA": 22.4059, "END_LonA": 22.4059, "START_LatA": 38.4864, "END_LatA": 38.4864, "START_LonB": 22.7162, "END_LonB": 22.7162, "START_LatB": 38.4864, "END_LatB": 38.4864, "START_Lon1": 22.4059, "END_Lon1": 22.4059, "START_Lat1": 38.4864, "END_Lat1": 38.4864, "START_Lon2": 22.7162, "END_Lon2": 22.7162, "START_Lat2": 38.4864, "END_Lat2": 38.4864, "START_Lon3": 22.7161, "END_Lon3": 22.7161, "START_Lat3": 38.3997, "END_Lat3": 38.3997, "START_Lon4": 22.406, "END_Lon4": 22.406, "START_Lat4": 38.3997, "END_Lat4": 38.3997, "START_SR_m": 0.0, "END_SR_min": 0.0, "START_SR_1": 0.0, "END_SR_max": 0.0, "START_SR_a": null, "END_SR_avg": null, "START_SR_R": null, "END_SR_Ref": null, "START_SR_C": null, "END_SR_Com": null, "START_po_2": "A", "END_poin_1": "A", "START_po_3": 1, "END_poin_2": 1 }, "geometry": { "type": "LineString", "coordinates": [ [ 22.4059, 38.4864 ], [ 22.7162, 38.4864 ], [ 22.4059, 38.4864 ] ] } },
{ "type": "Feature", "properties": { "Shape_Leng": 0.61850529504600005, "SS_ID": 51, "START_OBJE": 87, "END_OBJECT": 87, "START_Lon": 21.6024, "END_Lon": 21.6024, "START_Lat": 38.5206, "END_Lat": 38.5206, "START_poin": "A", "END_point_": "A", "START_po_1": 1, "END_point1": 1, "START_SS_I": 51, "END_SS_ID": 51, "START_Name": "Trichonis", "END_NameEN": "Trichonis", "START_Na_1": "Τριχωνίς", "END_NameEL": "Τριχωνίς", "START_Stri": 278, "END_Strike": 278, "START_Dip_": 8, "END_Dip_Di": 8, "START_Dip": 45, "END_Dip": 45, "START_Rake": 280, "END_Rake": 280, "START_Ra_1": -80, "END_Rake__": -80, "START_Kine": "N", "END_Kinema": "N", "START_Leng": 27.0, "END_Length": 27.0, "START_Widt": 15.0, "END_Width_": 15.0, "START_Min_": 0.0, "END_Min_De": 0.0, "START_Max_": 10.6, "END_Max_De": 10.6, "START_Rupt": 405.0, "END_Ruptur": 405.0, "START_Aver": 0.78, "END_Averag": 0.78, "START_Mw__": 6.6, "END_Mw__W_": 6.6, "START_Mw_1": 6.6, "END_Mw__K_": 6.6, "START_M0__": 9.54e+18, "END_M0__Nm": 9.54e+18, "START_LonA": 21.6024, "END_LonA": 21.6024, "START_LatA": 38.5206, "END_LatA": 38.5206, "START_LonB": 21.295, "END_LonB": 21.295, "START_LatB": 38.5544, "END_LatB": 38.5544, "START_Lon1": 21.6024, "END_Lon1": 21.6024, "START_Lat1": 38.5206, "END_Lat1": 38.5206, "START_Lon2": 21.295, "END_Lon2": 21.295, "START_Lat2": 38.5544, "END_Lat2": 38.5544, "START_Lon3": 21.3119, "END_Lon3": 21.3119, "START_Lat3": 38.6489, "END_Lat3": 38.6489, "START_Lon4": 21.6195, "END_Lon4": 21.6195, "START_Lat4": 38.6151, "END_Lat4": 38.6151, "START_SR_m": 2.3, "END_SR_min": 2.3, "START_SR_1": 2.3, "END_SR_max": 2.3, "START_SR_a": null, "END_SR_avg": null, "START_SR_R": "Pérouse (2013)", "END_SR_Ref": "Pérouse (2013)", "START_SR_C": null, "END_SR_Com": null, "START_po_2": "A", "END_poin_1": "A", "START_po_3": 1, "END_poin_2": 1 }, "geometry": { "type": "LineString", "coordinates": [ [ 21.6024, 38.5206 ], [ 21.295, 38.5544 ], [ 21.6024, 38.5206 ] ] } },
{ "type": "Feature", "properties": { "Shape_Leng": 0.479034904782, "SS_ID": 54, "START_OBJE": 89, "END_OBJECT": 89, "START_Lon": 23.044, "END_Lon": 23.044, "START_Lat": 38.1586, "END_Lat": 38.1586, "START_poin": "A", "END_point_": "A", "START_po_1": 1, "END_point1": 1, "START_SS_I": 54, "END_SS_ID": 54, "START_Name": "Kaparélli", "END_NameEN": "Kaparélli", "START_Na_1": "Καπαρέλλι", "END_NameEL": "Καπαρέλλι", "START_Stri": 60, "END_Strike": 60, "START_Dip_": 150, "END_Dip_Di": 150, "START_Dip": 55, "END_Dip": 55, "START_Rake": 280, "END_Rake": 280, "START_Ra_1": -80, "END_Rake__": -80, "START_Kine": "N", "END_Kinema": "N", "START_Leng": 22.0, "END_Length": 22.0, "START_Widt": 13.0, "END_Width_": 13.0, "START_Min_": 0.0, "END_Min_De": 0.0, "START_Max_": 10.6, "END_Max_De": 10.6, "START_Rupt": 286.0, "END_Ruptur": 286.0, "START_Aver": 0.65, "END_Averag": 0.65, "START_Mw__": 6.4, "END_Mw__W_": 6.4, "START_Mw_1": 6.4, "END_Mw__K_": 6.4, "START_M0__": 5.6e+18, "END_M0__Nm": 5.6e+18, "START_LonA": 23.044, "END_LonA": 23.044, "START_LatA": 38.1586, "END_LatA": 38.1586, "START_LonB": 23.2621, "END_LonB": 23.2621, "START_LatB": 38.2576, "END_LatB": 38.2576, "START_Lon1": 23.044, "END_Lon1": 23.044, "START_Lat1": 38.1586, "END_Lat1": 38.1586, "START_Lon2": 23.2621, "END_Lon2": 23.2621, "START_Lat2": 38.2576, "END_Lat2": 38.2576, "START_Lon3": 23.3047, "END_Lon3": 23.3047, "START_Lat3": 38.1995, "END_Lat3": 38.1995, "START_Lon4": 23.0867, "END_Lon4": 23.0867, "START_Lat4": 38.1006, "END_Lat4": 38.1006, "START_SR_m": 0.3, "END_SR_min": 0.3, "START_SR_1": 0.3, "END_SR_max": 0.3, "START_SR_a": null, "END_SR_avg": null, "START_SR_R": "Morewood & Roberts (1999)\nKokkalas et al. (2001)", "END_SR_Ref": "Morewood & Roberts (1999)\nKokkalas et al. (2001)", "START_SR_C": null, "END_SR_Com": null, "START_po_2": "A", "END_poin_1": "A", "START_po_3": 1, "END_poin_2": 1 }, "geometry": { "type": "LineString", "coordinates": [ [ 23.044, 38.1586 ], [ 23.2621, 38.2576 ], [ 23.044, 38.1586 ] ] } },
{ "type": "Feature", "properties": { "Shape_Leng": 0.86079323882100001, "SS_ID": 55, "START_OBJE": 91, "END_OBJECT": 91, "START_Lon": 23.2785, "END_Lon": 23.2785, "START_Lat": 38.0875, "END_Lat": 38.0875, "START_poin": "A", "END_point_": "A", "START_po_1": 1, "END_point1": 1, "START_SS_I": 55, "END_SS_ID": 55, "START_Name": "Perachóra", "END_NameEN": "Perachóra", "START_Na_1": "Περαχώρα", "END_NameEL": "Περαχώρα", "START_Stri": 258, "END_Strike": 258, "START_Dip_": 348, "END_Dip_Di": 348, "START_Dip": 52, "END_Dip": 52, "START_Rake": 283, "END_Rake": 283, "START_Ra_1": -77, "END_Rake__": -77, "START_Kine": "N", "END_Kinema": "N", "START_Leng": 38.0, "END_Length": 38.0, "START_Widt": 19.0, "END_Width_": 19.0, "START_Min_": 0.0, "END_Min_De": 0.0, "START_Max_": 15.0, "END_Max_De": 15.0, "START_Rupt": 722.0, "END_Ruptur": 722.0, "START_Aver": 1.07, "END_Averag": 1.07, "START_Mw__": 6.8, "END_Mw__W_": 6.8, "START_Mw_1": 6.8, "END_Mw__K_": 6.8, "START_M0__": 2.31e+19, "END_M0__Nm": 2.31e+19, "START_LonA": 23.2785, "END_LonA": 23.2785, "START_LatA": 38.0875, "END_LatA": 38.0875, "START_LonB": 22.854, "END_LonB": 22.854, "START_LatB": 38.0165, "END_LatB": 38.0165, "START_Lon1": 23.2785, "END_Lon1": 23.2785, "START_Lat1": 38.0875, "END_Lat1": 38.0875, "START_Lon2": 22.854, "END_Lon2": 22.854, "START_Lat2": 38.0165, "END_Lat2": 38.0165, "START_Lon3": 22.826, "END_Lon3": 22.826, "START_Lat3": 38.1194, "END_Lat3": 38.1194, "START_Lon4": 23.2508, "END_Lon4": 23.2508, "START_Lat4": 38.1904, "END_Lat4": 38.1904, "START_SR_m": 2.3, "END_SR_min": 2.3, "START_SR_1": 2.3, "END_SR_max": 2.3, "START_SR_a": null, "END_SR_avg": null, "START_SR_R": "Morewood & Roberts (1999)", "END_SR_Ref": "Morewood & Roberts (1999)", "START_SR_C": null, "END_SR_Com": null, "START_po_2": "A", "END_poin_1": "A", "START_po_3": 1, "END_poin_2": 1 }, "geometry": { "type": "LineString", "coordinates": [ [ 23.2785, 38.0875 ], [ 22.854, 38.0165 ], [ 23.2785, 38.0875 ] ] } },
{ "type": "Feature", "properties": { "Shape_Leng": 0.92478955443900002, "SS_ID": 56, "START_OBJE": 93, "END_OBJECT": 93, "START_Lon": 22.7138, "END_Lon": 22.7138, "START_Lat": 38.1231, "END_Lat": 38.1231, "START_poin": "A", "END_point_": "A", "START_po_1": 1, "END_point1": 1, "START_SS_I": 56, "END_SS_ID": 56, "START_Name": "Dervéni", "END_NameEN": "Dervéni", "START_Na_1": "Δερβένι", "END_NameEL": "Δερβένι", "START_Stri": 275, "END_Strike": 275, "START_Dip_": 5, "END_Dip_Di": 5, "START_Dip": 45, "END_Dip": 45, "START_Rake": 275, "END_Rake": 275, "START_Ra_1": -85, "END_Rake__": -85, "START_Kine": "N", "END_Kinema": "N", "START_Leng": 40.5, "END_Length": 40.5, "START_Widt": 20.0, "END_Width_": 20.0, "START_Min_": 0.0, "END_Min_De": 0.0, "START_Max_": 14.1, "END_Max_De": 14.1, "START_Rupt": 810.0, "END_Ruptur": 810.0, "START_Aver": 1.13, "END_Averag": 1.13, "START_Mw__": 6.9, "END_Mw__W_": 6.9, "START_Mw_1": 6.9, "END_Mw__K_": 6.9, "START_M0__": 2.75e+19, "END_M0__Nm": 2.75e+19, "START_LonA": 22.7138, "END_LonA": 22.7138, "START_LatA": 38.1231, "END_LatA": 38.1231, "START_LonB": 22.2525, "END_LonB": 22.2525, "START_LatB": 38.1549, "END_LatB": 38.1549, "START_Lon1": 22.7138, "END_Lon1": 22.7138, "START_Lat1": 38.1231, "END_Lat1": 38.1231, "START_Lon2": 22.2525, "END_Lon2": 22.2525, "START_Lat2": 38.1549, "END_Lat2": 38.1549, "START_Lon3": 22.2664, "END_Lon3": 22.2664, "START_Lat3": 38.2816, "END_Lat3": 38.2816, "START_Lon4": 22.7281, "END_Lon4": 22.7281, "START_Lat4": 38.2498, "END_Lat4": 38.2498, "START_SR_m": 0.0, "END_SR_min": 0.0, "START_SR_1": 0.0, "END_SR_max": 0.0, "START_SR_a": null, "END_SR_avg": null, "START_SR_R": null, "END_SR_Ref": null, "START_SR_C": null, "END_SR_Com": null, "START_po_2": "A", "END_poin_1": "A", "START_po_3": 1, "END_poin_2": 1 }, "geometry": { "type": "LineString", "coordinates": [ [ 22.7138, 38.1231 ], [ 22.2525, 38.1549 ], [ 22.7138, 38.1231 ] ] } },
{ "type": "Feature", "properties": { "Shape_Leng": 0.79444169074899995, "SS_ID": 57, "START_OBJE": 95, "END_OBJECT": 95, "START_Lon": 22.3636, "END_Lon": 22.3636, "START_Lat": 38.1628, "END_Lat": 38.1628, "START_poin": "A", "END_point_": "A", "START_po_1": 1, "END_point1": 1, "START_SS_I": 57, "END_SS_ID": 57, "START_Name": "Helike", "END_NameEN": "Helike", "START_Na_1": "Ελίκη", "END_NameEL": "Ελίκη", "START_Stri": 282, "END_Strike": 282, "START_Dip_": 12, "END_Dip_Di": 12, "START_Dip": 45, "END_Dip": 45, "START_Rake": 285, "END_Rake": 285, "START_Ra_1": -75, "END_Rake__": -75, "START_Kine": "N", "END_Kinema": "N", "START_Leng": 35.0, "END_Length": 35.0, "START_Widt": 18.0, "END_Width_": 18.0, "START_Min_": 0.0, "END_Min_De": 0.0, "START_Max_": 12.7, "END_Max_De": 12.7, "START_Rupt": 630.0, "END_Ruptur": 630.0, "START_Aver": 0.99, "END_Averag": 0.99, "START_Mw__": 6.8, "END_Mw__W_": 6.8, "START_Mw_1": 6.8, "END_Mw__K_": 6.8, "START_M0__": 1.87e+19, "END_M0__Nm": 1.87e+19, "START_LonA": 22.3636, "END_LonA": 22.3636, "START_LatA": 38.1628, "END_LatA": 38.1628, "START_LonB": 21.9718, "END_LonB": 21.9718, "START_LatB": 38.2282, "END_LatB": 38.2282, "START_Lon1": 22.3636, "END_Lon1": 22.3636, "START_Lat1": 38.1628, "END_Lat1": 38.1628, "START_Lon2": 21.9718, "END_Lon2": 21.9718, "START_Lat2": 38.2282, "END_Lat2": 38.2282, "START_Lon3": 22.002, "END_Lon3": 22.002, "START_Lat3": 38.3402, "END_Lat3": 38.3402, "START_Lon4": 22.394, "END_Lon4": 22.394, "START_Lat4": 38.2747, "END_Lat4": 38.2747, "START_SR_m": 1.4, "END_SR_min": 1.4, "START_SR_1": 1.4, "END_SR_max": 1.4, "START_SR_a": null, "END_SR_avg": null, "START_SR_R": "Koukouvelas et al. (2001)\nASPIDA project (2015)", "END_SR_Ref": "Koukouvelas et al. (2001)\nASPIDA project (2015)", "START_SR_C": null, "END_SR_Com": null, "START_po_2": "A", "END_poin_1": "A", "START_po_3": 1, "END_poin_2": 1 }, "geometry": { "type": "LineString", "coordinates": [ [ 22.3636, 38.1628 ], [ 21.9718, 38.2282 ], [ 22.3636, 38.1628 ] ] } },
{ "type": "Feature", "properties": { "Shape_Leng": 0.54654277051300004, "SS_ID": 58, "START_OBJE": 97, "END_OBJECT": 97, "START_Lon": 22.2541, "END_Lon": 22.2541, "START_Lat": 38.2312, "END_Lat": 38.2312, "START_poin": "A", "END_point_": "A", "START_po_1": 1, "END_point1": 1, "START_SS_I": 58, "END_SS_ID": 58, "START_Name": "Egio", "END_NameEN": "Egio", "START_Na_1": "Αίγιο", "END_NameEL": "Αίγιο", "START_Stri": 280, "END_Strike": 280, "START_Dip_": 10, "END_Dip_Di": 10, "START_Dip": 33, "END_Dip": 33, "START_Rake": 284, "END_Rake": 284, "START_Ra_1": -76, "END_Rake__": -76, "START_Kine": "N", "END_Kinema": "N", "START_Leng": 24.0, "END_Length": 24.0, "START_Widt": 14.0, "END_Width_": 14.0, "START_Min_": 0.0, "END_Min_De": 0.0, "START_Max_": 7.6, "END_Max_De": 7.6, "START_Rupt": 336.0, "END_Ruptur": 336.0, "START_Aver": 0.71, "END_Averag": 0.71, "START_Mw__": 6.5, "END_Mw__W_": 6.5, "START_Mw_1": 6.5, "END_Mw__K_": 6.5, "START_M0__": 7.17e+18, "END_M0__Nm": 7.17e+18, "START_LonA": 22.2541, "END_LonA": 22.2541, "START_LatA": 38.2312, "END_LatA": 38.2312, "START_LonB": 21.9834, "END_LonB": 21.9834, "START_LatB": 38.2686, "END_LatB": 38.2686, "START_Lon1": 22.2541, "END_Lon1": 22.2541, "START_Lat1": 38.2312, "END_Lat1": 38.2312, "START_Lon2": 21.9834, "END_Lon2": 21.9834, "START_Lat2": 38.2686, "END_Lat2": 38.2686, "START_Lon3": 22.0067, "END_Lon3": 22.0067, "START_Lat3": 38.3726, "END_Lat3": 38.3726, "START_Lon4": 22.2775, "END_Lon4": 22.2775, "START_Lat4": 38.3351, "END_Lat4": 38.3351, "START_SR_m": 0.45, "END_SR_min": 0.45, "START_SR_1": 6.4, "END_SR_max": 6.4, "START_SR_a": null, "END_SR_avg": null, "START_SR_R": "Stefatos et al. (2002)\nASPIDA project (2015)", "END_SR_Ref": "Stefatos et al. (2002)\nASPIDA project (2015)", "START_SR_C": "Offshore: 0.45 (Stefatos et al., 2002)\nOnland: 6.40 (ASPIDA, 2015)", "END_SR_Com": "Offshore: 0.45 (Stefatos et al., 2002)\nOnland: 6.40 (ASPIDA, 2015)", "START_po_2": "A", "END_poin_1": "A", "START_po_3": 1, "END_poin_2": 1 }, "geometry": { "type": "LineString", "coordinates": [ [ 22.2541, 38.2312 ], [ 21.9834, 38.2686 ], [ 22.2541, 38.2312 ] ] } },
{ "type": "Feature", "properties": { "Shape_Leng": 0.54647250616999998, "SS_ID": 59, "START_OBJE": 99, "END_OBJECT": 99, "START_Lon": 23.1293, "END_Lon": 23.1293, "START_Lat": 37.9802, "END_Lat": 37.9802, "START_poin": "A", "END_point_": "A", "START_po_1": 1, "END_point1": 1, "START_SS_I": 59, "END_SS_ID": 59, "START_Name": "Kakiá Skála", "END_NameEN": "Kakiá Skála", "START_Na_1": "Κακιά Σκάλα", "END_NameEL": "Κακιά Σκάλα", "START_Stri": 96, "END_Strike": 96, "START_Dip_": 186, "END_Dip_Di": 186, "START_Dip": 50, "END_Dip": 50, "START_Rake": 260, "END_Rake": 260, "START_Ra_1": -100, "END_Rake__": -100, "START_Kine": "N", "END_Kinema": "N", "START_Leng": 24.0, "END_Length": 24.0, "START_Widt": 14.0, "END_Width_": 14.0, "START_Min_": 0.0, "END_Min_De": 0.0, "START_Max_": 10.7, "END_Max_De": 10.7, "START_Rupt": 336.0, "END_Ruptur": 336.0, "START_Aver": 0.71, "END_Averag": 0.71, "START_Mw__": 6.5, "END_Mw__W_": 6.5, "START_Mw_1": 6.5, "END_Mw__K_": 6.5, "START_M0__": 7.17e+18, "END_M0__Nm": 7.17e+18, "START_LonA": 23.1293, "END_LonA": 23.1293, "START_LatA": 37.9802, "END_LatA": 37.9802, "START_LonB": 23.4016, "END_LonB": 23.4016, "START_LatB": 37.9576, "END_LatB": 37.9576, "START_Lon1": 23.1293, "END_Lon1": 23.1293, "START_Lat1": 37.9802, "END_Lat1": 37.9802, "START_Lon2": 23.4016, "END_Lon2": 23.4016, "START_Lat2": 37.9576, "END_Lat2": 37.9576, "START_Lon3": 23.3908, "END_Lon3": 23.3908, "START_Lat3": 37.8771, "END_Lat3": 37.8771, "START_Lon4": 23.1186, "END_Lon4": 23.1186, "START_Lat4": 37.8997, "END_Lat4": 37.8997, "START_SR_m": 0.0, "END_SR_min": 0.0, "START_SR_1": 0.0, "END_SR_max": 0.0, "START_SR_a": null, "END_SR_avg": null, "START_SR_R": null, "END_SR_Ref": null, "START_SR_C": null, "END_SR_Com": null, "START_po_2": "A", "END_poin_1": "A", "START_po_3": 1, "END_poin_2": 1 }, "geometry": { "type": "LineString", "coordinates": [ [ 23.1293, 37.9802 ], [ 23.4016, 37.9576 ], [ 23.1293, 37.9802 ] ] } },
{ "type": "Feature", "properties": { "Shape_Leng": 0.54120014782000003, "SS_ID": 60, "START_OBJE": 101, "END_OBJECT": 101, "START_Lon": 23.1029, "END_Lon": 23.1029, "START_Lat": 37.8438, "END_Lat": 37.8438, "START_poin": "A", "END_point_": "A", "START_po_1": 1, "END_point1": 1, "START_SS_I": 60, "END_SS_ID": 60, "START_Name": "Athíkia", "END_NameEN": "Athíkia", "START_Na_1": "Αθίκια", "END_NameEL": "Αθίκια", "START_Stri": 257, "END_Strike": 257, "START_Dip_": 347, "END_Dip_Di": 347, "START_Dip": 50, "END_Dip": 50, "START_Rake": 260, "END_Rake": 260, "START_Ra_1": -100, "END_Rake__": -100, "START_Kine": "N", "END_Kinema": "N", "START_Leng": 24.0, "END_Length": 24.0, "START_Widt": 14.0, "END_Width_": 14.0, "START_Min_": 0.0, "END_Min_De": 0.0, "START_Max_": 10.7, "END_Max_De": 10.7, "START_Rupt": 336.0, "END_Ruptur": 336.0, "START_Aver": 0.71, "END_Averag": 0.71, "START_Mw__": 6.5, "END_Mw__W_": 6.5, "START_Mw_1": 6.5, "END_Mw__K_": 6.5, "START_M0__": 7.16e+18, "END_M0__Nm": 7.16e+18, "START_LonA": 23.1029, "END_LonA": 23.1029, "START_LatA": 37.8438, "END_LatA": 37.8438, "START_LonB": 22.8367, "END_LonB": 22.8367, "START_LatB": 37.7952, "END_LatB": 37.7952, "START_Lon1": 23.1029, "END_Lon1": 23.1029, "START_Lat1": 37.8438, "END_Lat1": 37.8438, "START_Lon2": 22.8367, "END_Lon2": 22.8367, "START_Lat2": 37.7952, "END_Lat2": 37.7952, "START_Lon3": 22.8136, "END_Lon3": 22.8136, "START_Lat3": 37.8741, "END_Lat3": 37.8741, "START_Lon4": 23.0799, "END_Lon4": 23.0799, "START_Lat4": 37.9226, "END_Lat4": 37.9226, "START_SR_m": 0.0, "END_SR_min": 0.0, "START_SR_1": 0.0, "END_SR_max": 0.0, "START_SR_a": null, "END_SR_avg": null, "START_SR_R": null, "END_SR_Ref": null, "START_SR_C": null, "END_SR_Com": null, "START_po_2": "A", "END_poin_1": "A", "START_po_3": 1, "END_poin_2": 1 }, "geometry": { "type": "LineString", "coordinates": [ [ 23.1029, 37.8438 ], [ 22.8367, 37.7952 ], [ 23.1029, 37.8438 ] ] } },
{ "type": "Feature", "properties": { "Shape_Leng": 1.0020104590300001, "SS_ID": 62, "START_OBJE": 103, "END_OBJECT": 103, "START_Lon": 22.4749, "END_Lon": 22.4749, "START_Lat": 36.9117, "END_Lat": 36.9117, "START_poin": "A", "END_point_": "A", "START_po_1": 1, "END_point1": 1, "START_SS_I": 62, "END_SS_ID": 62, "START_Name": "Sparta", "END_NameEN": "Sparta", "START_Na_1": "Σπάρτη", "END_NameEL": "Σπάρτη", "START_Stri": 332, "END_Strike": 332, "START_Dip_": 62, "END_Dip_Di": 62, "START_Dip": 60, "END_Dip": 60, "START_Rake": 250, "END_Rake": 250, "START_Ra_1": -110, "END_Rake__": -110, "START_Kine": "ND", "END_Kinema": "ND", "START_Leng": 52.5, "END_Length": 52.5, "START_Widt": 24.0, "END_Width_": 24.0, "START_Min_": 0.0, "END_Min_De": 0.0, "START_Max_": 20.8, "END_Max_De": 20.8, "START_Rupt": 1260.0, "END_Ruptur": 1260.0, "START_Aver": 1.43, "END_Averag": 1.43, "START_Mw__": 7.1, "END_Mw__W_": 7.1, "START_Mw_1": 7.1, "END_Mw__K_": 7.1, "START_M0__": 5.41e+19, "END_M0__Nm": 5.41e+19, "START_LonA": 22.4749, "END_LonA": 22.4749, "START_LatA": 36.9117, "END_LatA": 36.9117, "START_LonB": 22.1969, "END_LonB": 22.1969, "START_LatB": 37.3285, "END_LatB": 37.3285, "START_Lon1": 22.4749, "END_Lon1": 22.4749, "START_Lat1": 36.9117, "END_Lat1": 36.9117, "START_Lon2": 22.1969, "END_Lon2": 22.1969, "START_Lat2": 37.3285, "END_Lat2": 37.3285, "START_Lon3": 22.3166, "END_Lon3": 22.3166, "START_Lat3": 37.3792, "END_Lat3": 37.3792, "START_Lon4": 22.5943, "END_Lon4": 22.5943, "START_Lat4": 36.9623, "END_Lat4": 36.9623, "START_SR_m": 0.5, "END_SR_min": 0.5, "START_SR_1": 2.0, "END_SR_max": 2.0, "START_SR_a": null, "END_SR_avg": null, "START_SR_R": "Benedetti et al. (2002)\nPapanikolaou et al. (2013)\nÇal et al. (2024)\nGoodfellow et al. (2024)", "END_SR_Ref": "Benedetti et al. (2002)\nPapanikolaou et al. (2013)\nÇal et al. (2024)\nGoodfellow et al. (2024)", "START_SR_C": "Benedetti et al. (2002): 0.5-2.0 mm/yr from 36Cl dating of fault scarp\nPapanikolaou et al. (2013): ~0.8 mm/yr  from post-glacial throw\nÇal et al. (2024): 0.5 mm/yr thorw rate from topographic offset\nGoodfellow et al. (2024): 1.1-1.2 mm/yr (most recent t", "END_SR_Com": "Benedetti et al. (2002): 0.5-2.0 mm/yr from 36Cl dating of fault scarp\nPapanikolaou et al. (2013): ~0.8 mm/yr  from post-glacial throw\nÇal et al. (2024): 0.5 mm/yr thorw rate from topographic offset\nGoodfellow et al. (2024): 1.1-1.2 mm/yr (most recent t", "START_po_2": "A", "END_poin_1": "A", "START_po_3": 1, "END_poin_2": 1 }, "geometry": { "type": "LineString", "coordinates": [ [ 22.4749, 36.9117 ], [ 22.1969, 37.3285 ], [ 22.4749, 36.9117 ] ] } },
{ "type": "Feature", "properties": { "Shape_Leng": 0.49727276217400002, "SS_ID": 63, "START_OBJE": 105, "END_OBJECT": 105, "START_Lon": 22.2038, "END_Lon": 22.2038, "START_Lat": 37.142, "END_Lat": 37.142, "START_poin": "A", "END_point_": "A", "START_po_1": 1, "END_point1": 1, "START_SS_I": 63, "END_SS_ID": 63, "START_Name": "Kalamáta", "END_NameEN": "Kalamáta", "START_Na_1": "Καλαμάτα", "END_NameEL": "Καλαμάτα", "START_Stri": 197, "END_Strike": 197, "START_Dip_": 287, "END_Dip_Di": 287, "START_Dip": 45, "END_Dip": 45, "START_Rake": 283, "END_Rake": 283, "START_Ra_1": -77, "END_Rake__": -77, "START_Kine": "N", "END_Kinema": "N", "START_Leng": 27.0, "END_Length": 27.0, "START_Widt": 15.0, "END_Width_": 15.0, "START_Min_": 0.0, "END_Min_De": 0.0, "START_Max_": 10.6, "END_Max_De": 10.6, "START_Rupt": 405.0, "END_Ruptur": 405.0, "START_Aver": 0.78, "END_Averag": 0.78, "START_Mw__": 6.6, "END_Mw__W_": 6.6, "START_Mw_1": 6.6, "END_Mw__K_": 6.6, "START_M0__": 9.54e+18, "END_M0__Nm": 9.54e+18, "START_LonA": 22.2038, "END_LonA": 22.2038, "START_LatA": 37.142, "END_LatA": 37.142, "START_LonB": 22.1149, "END_LonB": 22.1149, "START_LatB": 36.9098, "END_LatB": 36.9098, "START_Lon1": 22.2038, "END_Lon1": 22.2038, "START_Lat1": 37.142, "END_Lat1": 37.142, "START_Lon2": 22.1149, "END_Lon2": 22.1149, "START_Lat2": 36.9098, "END_Lat2": 36.9098, "START_Lon3": 22.0007, "END_Lon3": 22.0007, "START_Lat3": 36.9377, "END_Lat3": 36.9377, "START_Lon4": 22.0895, "END_Lon4": 22.0895, "START_Lat4": 37.1699, "END_Lat4": 37.1699, "START_SR_m": 0.0, "END_SR_min": 0.0, "START_SR_1": 0.0, "END_SR_max": 0.0, "START_SR_a": null, "END_SR_avg": null, "START_SR_R": null, "END_SR_Ref": null, "START_SR_C": null, "END_SR_Com": null, "START_po_2": "A", "END_poin_1": "A", "START_po_3": 1, "END_poin_2": 1 }, "geometry": { "type": "LineString", "coordinates": [ [ 22.2038, 37.142 ], [ 22.1149, 36.9098 ], [ 22.2038, 37.142 ] ] } },
{ "type": "Feature", "properties": { "Shape_Leng": 0.43974797327600001, "SS_ID": 64, "START_OBJE": 107, "END_OBJECT": 107, "START_Lon": 22.0065, "END_Lon": 22.0065, "START_Lat": 37.2894, "END_Lat": 37.2894, "START_poin": "A", "END_point_": "A", "START_po_1": 1, "END_point1": 1, "START_SS_I": 64, "END_SS_ID": 64, "START_Name": "Pídima", "END_NameEN": "Pídima", "START_Na_1": "Πήδημα", "END_NameEL": "Πήδημα", "START_Stri": 165, "END_Strike": 165, "START_Dip_": 255, "END_Dip_Di": 255, "START_Dip": 45, "END_Dip": 45, "START_Rake": 270, "END_Rake": 270, "START_Ra_1": -90, "END_Rake__": -90, "START_Kine": "N", "END_Kinema": "N", "START_Leng": 24.0, "END_Length": 24.0, "START_Widt": 14.0, "END_Width_": 14.0, "START_Min_": 0.0, "END_Min_De": 0.0, "START_Max_": 9.9, "END_Max_De": 9.9, "START_Rupt": 336.0, "END_Ruptur": 336.0, "START_Aver": 0.71, "END_Averag": 0.71, "START_Mw__": 6.5, "END_Mw__W_": 6.5, "START_Mw_1": 6.5, "END_Mw__K_": 6.5, "START_M0__": 7.17e+18, "END_M0__Nm": 7.17e+18, "START_LonA": 22.0065, "END_LonA": 22.0065, "START_LatA": 37.2894, "END_LatA": 37.2894, "START_LonB": 22.0766, "END_LonB": 22.0766, "START_LatB": 37.081, "END_LatB": 37.081, "START_Lon1": 22.0065, "END_Lon1": 22.0065, "START_Lat1": 37.2894, "END_Lat1": 37.2894, "START_Lon2": 22.0766, "END_Lon2": 22.0766, "START_Lat2": 37.081, "END_Lat2": 37.081, "START_Lon3": 21.9687, "END_Lon3": 21.9687, "START_Lat3": 37.0579, "END_Lat3": 37.0579, "START_Lon4": 21.8985, "END_Lon4": 21.8985, "START_Lat4": 37.2664, "END_Lat4": 37.2664, "START_SR_m": 0.0, "END_SR_min": 0.0, "START_SR_1": 0.0, "END_SR_max": 0.0, "START_SR_a": null, "END_SR_avg": null, "START_SR_R": null, "END_SR_Ref": null, "START_SR_C": null, "END_SR_Com": null, "START_po_2": "A", "END_poin_1": "A", "START_po_3": 1, "END_poin_2": 1 }, "geometry": { "type": "LineString", "coordinates": [ [ 22.0065, 37.2894 ], [ 22.0766, 37.081 ], [ 22.0065, 37.2894 ] ] } },
{ "type": "Feature", "properties": { "Shape_Leng": 0.511938511933, "SS_ID": 67, "START_OBJE": 109, "END_OBJECT": 109, "START_Lon": 25.7066, "END_Lon": 25.7066, "START_Lat": 40.4722, "END_Lat": 40.4722, "START_poin": "A", "END_point_": "A", "START_po_1": 1, "END_point1": 1, "START_SS_I": 67, "END_SS_ID": 67, "START_Name": "Samothrace", "END_NameEN": "Samothrace", "START_Na_1": "Σαμοθράκη", "END_NameEL": "Σαμοθράκη", "START_Stri": 286, "END_Strike": 286, "START_Dip_": 16, "END_Dip_Di": 16, "START_Dip": 60, "END_Dip": 60, "START_Rake": 250, "END_Rake": 250, "START_Ra_1": -110, "END_Rake__": -110, "START_Kine": "ND", "END_Kinema": "ND", "START_Leng": 22.0, "END_Length": 22.0, "START_Widt": 14.0, "END_Width_": 14.0, "START_Min_": 0.0, "END_Min_De": 0.0, "START_Max_": 12.1, "END_Max_De": 12.1, "START_Rupt": 308.0, "END_Ruptur": 308.0, "START_Aver": 0.68, "END_Averag": 0.68, "START_Mw__": 6.5, "END_Mw__W_": 6.5, "START_Mw_1": 6.5, "END_Mw__K_": 6.5, "START_M0__": 6.27e+18, "END_M0__Nm": 6.27e+18, "START_LonA": 25.7066, "END_LonA": 25.7066, "START_LatA": 40.4722, "END_LatA": 40.4722, "START_LonB": 25.4565, "END_LonB": 25.4565, "START_LatB": 40.5267, "END_LatB": 40.5267, "START_Lon1": 25.7066, "END_Lon1": 25.7066, "START_Lat1": 40.4722, "END_Lat1": 40.4722, "START_Lon2": 25.4565, "END_Lon2": 25.4565, "START_Lat2": 40.5267, "END_Lat2": 40.5267, "START_Lon3": 25.4792, "END_Lon3": 25.4792, "START_Lat3": 40.5872, "END_Lat3": 40.5872, "START_Lon4": 25.7295, "END_Lon4": 25.7295, "START_Lat4": 40.5327, "END_Lat4": 40.5327, "START_SR_m": 0.0, "END_SR_min": 0.0, "START_SR_1": 0.0, "END_SR_max": 0.0, "START_SR_a": null, "END_SR_avg": null, "START_SR_R": null, "END_SR_Ref": null, "START_SR_C": null, "END_SR_Com": null, "START_po_2": "A", "END_poin_1": "A", "START_po_3": 1, "END_poin_2": 1 }, "geometry": { "type": "LineString", "coordinates": [ [ 25.7066, 40.4722 ], [ 25.4565, 40.5267 ], [ 25.7066, 40.4722 ] ] } },
{ "type": "Feature", "properties": { "Shape_Leng": 1.0761460867399999, "SS_ID": 69, "START_OBJE": 111, "END_OBJECT": 111, "START_Lon": 23.9659, "END_Lon": 23.9659, "START_Lat": 39.8832, "END_Lat": 39.8832, "START_poin": "A", "END_point_": "A", "START_po_1": 1, "END_point1": 1, "START_SS_I": 69, "END_SS_ID": 69, "START_Name": "Athos", "END_NameEN": "Athos", "START_Na_1": "Άθως", "END_NameEL": "Άθως", "START_Stri": 54, "END_Strike": 54, "START_Dip_": 144, "END_Dip_Di": 144, "START_Dip": 77, "END_Dip": 77, "START_Rake": 205, "END_Rake": 205, "START_Ra_1": -155, "END_Rake__": -155, "START_Kine": "DN", "END_Kinema": "DN", "START_Leng": 49.5, "END_Length": 49.5, "START_Widt": 12.5, "END_Width_": 12.5, "START_Min_": 0.0, "END_Min_De": 0.0, "START_Max_": 12.2, "END_Max_De": 12.2, "START_Rupt": 618.7, "END_Ruptur": 618.7, "START_Aver": 1.17, "END_Averag": 1.17, "START_Mw__": 6.8, "END_Mw__W_": 6.8, "START_Mw_1": 6.8, "END_Mw__K_": 6.8, "START_M0__": 2.17e+19, "END_M0__Nm": 2.17e+19, "START_LonA": 23.9659, "END_LonA": 23.9659, "START_LatA": 39.8832, "END_LatA": 39.8832, "START_LonB": 24.4361, "END_LonB": 24.4361, "START_LatB": 40.1448, "END_LatB": 40.1448, "START_Lon1": 23.9659, "END_Lon1": 23.9659, "START_Lat1": 39.8832, "END_Lat1": 39.8832, "START_Lon2": 24.4361, "END_Lon2": 24.4361, "START_Lat2": 40.1448, "END_Lat2": 40.1448, "START_Lon3": 24.4555, "END_Lon3": 24.4555, "START_Lat3": 40.1244, "END_Lat3": 40.1244, "START_Lon4": 23.9853, "END_Lon4": 23.9853, "START_Lat4": 39.8627, "END_Lat4": 39.8627, "START_SR_m": 0.0, "END_SR_min": 0.0, "START_SR_1": 0.0, "END_SR_max": 0.0, "START_SR_a": null, "END_SR_avg": null, "START_SR_R": null, "END_SR_Ref": null, "START_SR_C": null, "END_SR_Com": null, "START_po_2": "A", "END_poin_1": "A", "START_po_3": 1, "END_poin_2": 1 }, "geometry": { "type": "LineString", "coordinates": [ [ 23.9659, 39.8832 ], [ 24.4361, 40.1448 ], [ 23.9659, 39.8832 ] ] } },
{ "type": "Feature", "properties": { "Shape_Leng": 1.1384371743799999, "SS_ID": 70, "START_OBJE": 113, "END_OBJECT": 113, "START_Lon": 23.3688, "END_Lon": 23.3688, "START_Lat": 39.9464, "END_Lat": 39.9464, "START_poin": "A", "END_point_": "A", "START_po_1": 1, "END_point1": 1, "START_SS_I": 70, "END_SS_ID": 70, "START_Name": "Kassándra", "END_NameEN": "Kassándra", "START_Na_1": "Κασσάνδρα", "END_NameEL": "Κασσάνδρα", "START_Stri": 102, "END_Strike": 102, "START_Dip_": 192, "END_Dip_Di": 192, "START_Dip": 50, "END_Dip": 50, "START_Rake": 270, "END_Rake": 270, "START_Ra_1": -90, "END_Rake__": -90, "START_Kine": "N", "END_Kinema": "N", "START_Leng": 49.0, "END_Length": 49.0, "START_Widt": 23.0, "END_Width_": 23.0, "START_Min_": 0.0, "END_Min_De": 0.0, "START_Max_": 17.6, "END_Max_De": 17.6, "START_Rupt": 1127.0, "END_Ruptur": 1127.0, "START_Aver": 1.35, "END_Averag": 1.35, "START_Mw__": 7.0, "END_Mw__W_": 7.0, "START_Mw_1": 7.0, "END_Mw__K_": 7.0, "START_M0__": 4.57e+19, "END_M0__Nm": 4.57e+19, "START_LonA": 23.3688, "END_LonA": 23.3688, "START_LatA": 39.9464, "END_LatA": 39.9464, "START_LonB": 23.9306, "END_LonB": 23.9306, "START_LatB": 39.8548, "END_LatB": 39.8548, "START_Lon1": 23.3688, "END_Lon1": 23.3688, "START_Lat1": 39.9464, "END_Lat1": 39.9464, "START_Lon2": 23.9306, "END_Lon2": 23.9306, "START_Lat2": 39.8548, "END_Lat2": 39.8548, "START_Lon3": 23.8944, "END_Lon3": 23.8944, "START_Lat3": 39.7247, "END_Lat3": 39.7247, "START_Lon4": 23.333, "END_Lon4": 23.333, "START_Lat4": 39.8164, "END_Lat4": 39.8164, "START_SR_m": 0.0, "END_SR_min": 0.0, "START_SR_1": 0.0, "END_SR_max": 0.0, "START_SR_a": null, "END_SR_avg": null, "START_SR_R": null, "END_SR_Ref": null, "START_SR_C": null, "END_SR_Com": null, "START_po_2": "A", "END_poin_1": "A", "START_po_3": 1, "END_poin_2": 1 }, "geometry": { "type": "LineString", "coordinates": [ [ 23.3688, 39.9464 ], [ 23.9306, 39.8548 ], [ 23.3688, 39.9464 ] ] } },
{ "type": "Feature", "properties": { "Shape_Leng": 0.93174084379699995, "SS_ID": 71, "START_OBJE": 115, "END_OBJECT": 115, "START_Lon": 23.8443, "END_Lon": 23.8443, "START_Lat": 39.4506, "END_Lat": 39.4506, "START_poin": "A", "END_point_": "A", "START_po_1": 1, "END_point1": 1, "START_SS_I": 71, "END_SS_ID": 71, "START_Name": "North Sporades A", "END_NameEN": "North Sporades A", "START_Na_1": "Βόρειες Σποράδες Α", "END_NameEL": "Βόρειες Σποράδες Α", "START_Stri": 272, "END_Strike": 272, "START_Dip_": 2, "END_Dip_Di": 2, "START_Dip": 50, "END_Dip": 50, "START_Rake": 270, "END_Rake": 270, "START_Ra_1": -90, "END_Rake__": -90, "START_Kine": "N", "END_Kinema": "N", "START_Leng": 40.0, "END_Length": 40.0, "START_Widt": 20.0, "END_Width_": 20.0, "START_Min_": 0.0, "END_Min_De": 0.0, "START_Max_": 15.3, "END_Max_De": 15.3, "START_Rupt": 800.0, "END_Ruptur": 800.0, "START_Aver": 1.13, "END_Averag": 1.13, "START_Mw__": 6.9, "END_Mw__W_": 6.9, "START_Mw_1": 6.9, "END_Mw__K_": 6.9, "START_M0__": 2.7e+19, "END_M0__Nm": 2.7e+19, "START_LonA": 23.8443, "END_LonA": 23.8443, "START_LatA": 39.4506, "END_LatA": 39.4506, "START_LonB": 23.3786, "END_LonB": 23.3786, "START_LatB": 39.4632, "END_LatB": 39.4632, "START_Lon1": 23.8443, "END_Lon1": 23.8443, "START_Lat1": 39.4506, "END_Lat1": 39.4506, "START_Lon2": 23.3786, "END_Lon2": 23.3786, "START_Lat2": 39.4632, "END_Lat2": 39.4632, "START_Lon3": 23.3837, "END_Lon3": 23.3837, "START_Lat3": 39.5787, "END_Lat3": 39.5787, "START_Lon4": 23.8497, "END_Lon4": 23.8497, "START_Lat4": 39.5662, "END_Lat4": 39.5662, "START_SR_m": 0.0, "END_SR_min": 0.0, "START_SR_1": 0.0, "END_SR_max": 0.0, "START_SR_a": null, "END_SR_avg": null, "START_SR_R": null, "END_SR_Ref": null, "START_SR_C": null, "END_SR_Com": null, "START_po_2": "A", "END_poin_1": "A", "START_po_3": 1, "END_poin_2": 1 }, "geometry": { "type": "LineString", "coordinates": [ [ 23.8443, 39.4506 ], [ 23.3786, 39.4632 ], [ 23.8443, 39.4506 ] ] } },
{ "type": "Feature", "properties": { "Shape_Leng": 0.94471483528099998, "SS_ID": 72, "START_OBJE": 117, "END_OBJECT": 117, "START_Lon": 23.7481, "END_Lon": 23.7481, "START_Lat": 39.1962, "END_Lat": 39.1962, "START_poin": "A", "END_point_": "A", "START_po_1": 1, "END_point1": 1, "START_SS_I": 72, "END_SS_ID": 72, "START_Name": "North Sporades B", "END_NameEN": "North Sporades B", "START_Na_1": "Βόρειες Σποράδες Β", "END_NameEL": "Βόρειες Σποράδες Β", "START_Stri": 301, "END_Strike": 301, "START_Dip_": 31, "END_Dip_Di": 31, "START_Dip": 50, "END_Dip": 50, "START_Rake": 300, "END_Rake": 300, "START_Ra_1": -60, "END_Rake__": -60, "START_Kine": "NS", "END_Kinema": "NS", "START_Leng": 43.0, "END_Length": 43.0, "START_Widt": 21.0, "END_Width_": 21.0, "START_Min_": 0.0, "END_Min_De": 0.0, "START_Max_": 16.1, "END_Max_De": 16.1, "START_Rupt": 903.0, "END_Ruptur": 903.0, "START_Aver": 1.2, "END_Averag": 1.2, "START_Mw__": 6.9, "END_Mw__W_": 6.9, "START_Mw_1": 6.9, "END_Mw__K_": 6.9, "START_M0__": 3.25e+19, "END_M0__Nm": 3.25e+19, "START_LonA": 23.7481, "END_LonA": 23.7481, "START_LatA": 39.1962, "END_LatA": 39.1962, "START_LonB": 23.3198, "END_LonB": 23.3198, "START_LatB": 39.3954, "END_LatB": 39.3954, "START_Lon1": 23.7481, "END_Lon1": 23.7481, "START_Lat1": 39.1962, "END_Lat1": 39.1962, "START_Lon2": 23.3198, "END_Lon2": 23.3198, "START_Lat2": 39.3954, "END_Lat2": 39.3954, "START_Lon3": 23.4005, "END_Lon3": 23.4005, "START_Lat3": 39.4994, "END_Lat3": 39.4994, "START_Lon4": 23.8291, "END_Lon4": 23.8291, "START_Lat4": 39.3003, "END_Lat4": 39.3003, "START_SR_m": 0.0, "END_SR_min": 0.0, "START_SR_1": 0.0, "END_SR_max": 0.0, "START_SR_a": null, "END_SR_avg": null, "START_SR_R": null, "END_SR_Ref": null, "START_SR_C": null, "END_SR_Com": null, "START_po_2": "A", "END_poin_1": "A", "START_po_3": 1, "END_poin_2": 1 }, "geometry": { "type": "LineString", "coordinates": [ [ 23.7481, 39.1962 ], [ 23.3198, 39.3954 ], [ 23.7481, 39.1962 ] ] } },
{ "type": "Feature", "properties": { "Shape_Leng": 1.13471314437, "SS_ID": 76, "START_OBJE": 119, "END_OBJECT": 119, "START_Lon": 24.5953, "END_Lon": 24.5953, "START_Lat": 39.2225, "END_Lat": 39.2225, "START_poin": "A", "END_point_": "A", "START_po_1": 1, "END_point1": 1, "START_SS_I": 76, "END_SS_ID": 76, "START_Name": "Skyros Basin A", "END_NameEN": "Skyros Basin A", "START_Na_1": "Λεκάνη Σκύρου Α", "END_NameEL": "Λεκάνη Σκύρου Α", "START_Stri": 83, "END_Strike": 83, "START_Dip_": 173, "END_Dip_Di": 173, "START_Dip": 55, "END_Dip": 55, "START_Rake": 260, "END_Rake": 260, "START_Ra_1": -100, "END_Rake__": -100, "START_Kine": "N", "END_Kinema": "N", "START_Leng": 49.0, "END_Length": 49.0, "START_Widt": 23.0, "END_Width_": 23.0, "START_Min_": 0.0, "END_Min_De": 0.0, "START_Max_": 18.8, "END_Max_De": 18.8, "START_Rupt": 1127.0, "END_Ruptur": 1127.0, "START_Aver": 1.35, "END_Averag": 1.35, "START_Mw__": 7.0, "END_Mw__W_": 7.0, "START_Mw_1": 7.0, "END_Mw__K_": 7.0, "START_M0__": 4.57e+19, "END_M0__Nm": 4.57e+19, "START_LonA": 24.5953, "END_LonA": 24.5953, "START_LatA": 39.2225, "END_LatA": 39.2225, "START_LonB": 25.1601, "END_LonB": 25.1601, "START_LatB": 39.2763, "END_LatB": 39.2763, "START_Lon1": 24.5953, "END_Lon1": 24.5953, "START_Lat1": 39.2225, "END_Lat1": 39.2225, "START_Lon2": 25.1601, "END_Lon2": 25.1601, "START_Lat2": 39.2763, "END_Lat2": 39.2763, "START_Lon3": 25.1785, "END_Lon3": 25.1785, "START_Lat3": 39.1585, "END_Lat3": 39.1585, "START_Lon4": 24.6141, "END_Lon4": 24.6141, "START_Lat4": 39.1048, "END_Lat4": 39.1048, "START_SR_m": 0.0, "END_SR_min": 0.0, "START_SR_1": 0.0, "END_SR_max": 0.0, "START_SR_a": null, "END_SR_avg": null, "START_SR_R": null, "END_SR_Ref": null, "START_SR_C": null, "END_SR_Com": null, "START_po_2": "A", "END_poin_1": "A", "START_po_3": 1, "END_poin_2": 1 }, "geometry": { "type": "LineString", "coordinates": [ [ 24.5953, 39.2225 ], [ 25.1601, 39.2763 ], [ 24.5953, 39.2225 ] ] } },
{ "type": "Feature", "properties": { "Shape_Leng": 0.50166702104100003, "SS_ID": 77, "START_OBJE": 121, "END_OBJECT": 121, "START_Lon": 24.7422, "END_Lon": 24.7422, "START_Lat": 38.9508, "END_Lat": 38.9508, "START_poin": "A", "END_point_": "A", "START_po_1": 1, "END_point1": 1, "START_SS_I": 77, "END_SS_ID": 77, "START_Name": "Skyros Basin B", "END_NameEN": "Skyros Basin B", "START_Na_1": "Λεκάνη Σκύρου Β", "END_NameEL": "Λεκάνη Σκύρου Β", "START_Stri": 313, "END_Strike": 313, "START_Dip_": 43, "END_Dip_Di": 43, "START_Dip": 44, "END_Dip": 44, "START_Rake": 304, "END_Rake": 304, "START_Ra_1": -56, "END_Rake__": -56, "START_Kine": "NS", "END_Kinema": "NS", "START_Leng": 24.0, "END_Length": 24.0, "START_Widt": 14.0, "END_Width_": 14.0, "START_Min_": 0.0, "END_Min_De": 0.0, "START_Max_": 9.7, "END_Max_De": 9.7, "START_Rupt": 336.0, "END_Ruptur": 336.0, "START_Aver": 0.71, "END_Averag": 0.71, "START_Mw__": 6.5, "END_Mw__W_": 6.5, "START_Mw_1": 6.5, "END_Mw__K_": 6.5, "START_M0__": 7.17e+18, "END_M0__Nm": 7.17e+18, "START_LonA": 24.7422, "END_LonA": 24.7422, "START_LatA": 38.9508, "END_LatA": 38.9508, "START_LonB": 24.5391, "END_LonB": 24.5391, "START_LatB": 39.098, "END_LatB": 39.098, "START_Lon1": 24.7422, "END_Lon1": 24.7422, "START_Lat1": 38.9508, "END_Lat1": 38.9508, "START_Lon2": 24.5391, "END_Lon2": 24.5391, "START_Lat2": 39.098, "END_Lat2": 39.098, "START_Lon3": 24.6186, "END_Lon3": 24.6186, "START_Lat3": 39.1642, "END_Lat3": 39.1642, "START_Lon4": 24.8218, "END_Lon4": 24.8218, "START_Lat4": 39.017, "END_Lat4": 39.017, "START_SR_m": 0.0, "END_SR_min": 0.0, "START_SR_1": 0.0, "END_SR_max": 0.0, "START_SR_a": null, "END_SR_avg": null, "START_SR_R": null, "END_SR_Ref": null, "START_SR_C": null, "END_SR_Com": null, "START_po_2": "A", "END_poin_1": "A", "START_po_3": 1, "END_poin_2": 1 }, "geometry": { "type": "LineString", "coordinates": [ [ 24.7422, 38.9508 ], [ 24.5391, 39.098 ], [ 24.7422, 38.9508 ] ] } },
{ "type": "Feature", "properties": { "Shape_Leng": 0.77800177377699997, "SS_ID": 82, "START_OBJE": 123, "END_OBJECT": 123, "START_Lon": 26.1504, "END_Lon": 26.1504, "START_Lat": 39.0114, "END_Lat": 39.0114, "START_poin": "A", "END_point_": "A", "START_po_1": 1, "END_point1": 1, "START_SS_I": 82, "END_SS_ID": 82, "START_Name": "Plomari", "END_NameEN": "Plomari", "START_Na_1": "Πλωμάρι", "END_NameEL": "Πλωμάρι", "START_Stri": 116, "END_Strike": 116, "START_Dip_": 206, "END_Dip_Di": 206, "START_Dip": 42, "END_Dip": 42, "START_Rake": 285, "END_Rake": 285, "START_Ra_1": -75, "END_Rake__": -75, "START_Kine": "N", "END_Kinema": "N", "START_Leng": 35.0, "END_Length": 35.0, "START_Widt": 18.0, "END_Width_": 18.0, "START_Min_": 0.0, "END_Min_De": 0.0, "START_Max_": 12.0, "END_Max_De": 12.0, "START_Rupt": 630.0, "END_Ruptur": 630.0, "START_Aver": 0.99, "END_Averag": 0.99, "START_Mw__": 6.8, "END_Mw__W_": 6.8, "START_Mw_1": 6.8, "END_Mw__K_": 6.8, "START_M0__": 1.87e+19, "END_M0__Nm": 1.87e+19, "START_LonA": 26.1504, "END_LonA": 26.1504, "START_LatA": 39.0114, "END_LatA": 39.0114, "START_LonB": 26.5141, "END_LonB": 26.5141, "START_LatB": 38.8734, "END_LatB": 38.8734, "START_Lon1": 26.1504, "END_Lon1": 26.1504, "START_Lat1": 39.0114, "END_Lat1": 39.0114, "START_Lon2": 26.5141, "END_Lon2": 26.5141, "START_Lat2": 38.8734, "END_Lat2": 38.8734, "START_Lon3": 26.4463, "END_Lon3": 26.4463, "START_Lat3": 38.7653, "END_Lat3": 38.7653, "START_Lon4": 26.0827, "END_Lon4": 26.0827, "START_Lat4": 38.9033, "END_Lat4": 38.9033, "START_SR_m": 0.0, "END_SR_min": 0.0, "START_SR_1": 0.0, "END_SR_max": 0.0, "START_SR_a": null, "END_SR_avg": null, "START_SR_R": null, "END_SR_Ref": null, "START_SR_C": null, "END_SR_Com": null, "START_po_2": "A", "END_poin_1": "A", "START_po_3": 1, "END_poin_2": 1 }, "geometry": { "type": "LineString", "coordinates": [ [ 26.1504, 39.0114 ], [ 26.5141, 38.8734 ], [ 26.1504, 39.0114 ] ] } },
{ "type": "Feature", "properties": { "Shape_Leng": 0.93070820346700001, "SS_ID": 83, "START_OBJE": 125, "END_OBJECT": 125, "START_Lon": 26.2983, "END_Lon": 26.2983, "START_Lat": 38.6617, "END_Lat": 38.6617, "START_poin": "A", "END_point_": "A", "START_po_1": 1, "END_point1": 1, "START_SS_I": 83, "END_SS_ID": 83, "START_Name": "Ceramus", "END_NameEN": "Ceramus", "START_Na_1": "Κέραμος", "END_NameEL": "Κέραμος", "START_Stri": 264, "END_Strike": 264, "START_Dip_": 354, "END_Dip_Di": 354, "START_Dip": 50, "END_Dip": 50, "START_Rake": 260, "END_Rake": 260, "START_Ra_1": -100, "END_Rake__": -100, "START_Kine": "N", "END_Kinema": "N", "START_Leng": 40.5, "END_Length": 40.5, "START_Widt": 20.0, "END_Width_": 20.0, "START_Min_": 0.0, "END_Min_De": 0.0, "START_Max_": 15.3, "END_Max_De": 15.3, "START_Rupt": 810.0, "END_Ruptur": 810.0, "START_Aver": 1.13, "END_Averag": 1.13, "START_Mw__": 6.9, "END_Mw__W_": 6.9, "START_Mw_1": 6.9, "END_Mw__K_": 6.9, "START_M0__": 2.75e+19, "END_M0__Nm": 2.75e+19, "START_LonA": 26.2983, "END_LonA": 26.2983, "START_LatA": 38.6617, "END_LatA": 38.6617, "START_LonB": 25.8345, "END_LonB": 25.8345, "START_LatB": 38.6237, "END_LatB": 38.6237, "START_Lon1": 26.2983, "END_Lon1": 26.2983, "START_Lat1": 38.6617, "END_Lat1": 38.6617, "START_Lon2": 25.8345, "END_Lon2": 25.8345, "START_Lat2": 38.6237, "END_Lat2": 38.6237, "START_Lon3": 25.8189, "END_Lon3": 25.8189, "START_Lat3": 38.7386, "END_Lat3": 38.7386, "START_Lon4": 26.283, "END_Lon4": 26.283, "START_Lat4": 38.7767, "END_Lat4": 38.7767, "START_SR_m": 0.0, "END_SR_min": 0.0, "START_SR_1": 0.0, "END_SR_max": 0.0, "START_SR_a": null, "END_SR_avg": null, "START_SR_R": null, "END_SR_Ref": null, "START_SR_C": null, "END_SR_Com": null, "START_po_2": "A", "END_poin_1": "A", "START_po_3": 1, "END_poin_2": 1 }, "geometry": { "type": "LineString", "coordinates": [ [ 26.2983, 38.6617 ], [ 25.8345, 38.6237 ], [ 26.2983, 38.6617 ] ] } },
{ "type": "Feature", "properties": { "Shape_Leng": 0.80547995629900004, "SS_ID": 86, "START_OBJE": 127, "END_OBJECT": 127, "START_Lon": 24.1783, "END_Lon": 24.1783, "START_Lat": 38.6839, "END_Lat": 38.6839, "START_poin": "A", "END_point_": "A", "START_po_1": 1, "END_point1": 1, "START_SS_I": 86, "END_SS_ID": 86, "START_Name": "Limiónas", "END_NameEN": "Limiónas", "START_Na_1": "Λιμνιώνας", "END_NameEL": "Λιμνιώνας", "START_Stri": 275, "END_Strike": 275, "START_Dip_": 5, "END_Dip_Di": 5, "START_Dip": 50, "END_Dip": 50, "START_Rake": 270, "END_Rake": 270, "START_Ra_1": -90, "END_Rake__": -90, "START_Kine": "N", "END_Kinema": "N", "START_Leng": 35.0, "END_Length": 35.0, "START_Widt": 18.0, "END_Width_": 18.0, "START_Min_": 0.0, "END_Min_De": 0.0, "START_Max_": 13.8, "END_Max_De": 13.8, "START_Rupt": 630.0, "END_Ruptur": 630.0, "START_Aver": 0.99, "END_Averag": 0.99, "START_Mw__": 6.8, "END_Mw__W_": 6.8, "START_Mw_1": 6.8, "END_Mw__K_": 6.8, "START_M0__": 1.87e+19, "END_M0__Nm": 1.87e+19, "START_LonA": 24.1783, "END_LonA": 24.1783, "START_LatA": 38.6839, "END_LatA": 38.6839, "START_LonB": 23.7765, "END_LonB": 23.7765, "START_LatB": 38.7114, "END_LatB": 38.7114, "START_Lon1": 24.1783, "END_Lon1": 24.1783, "START_Lat1": 38.6839, "END_Lat1": 38.6839, "START_Lon2": 23.7765, "END_Lon2": 23.7765, "START_Lat2": 38.7114, "END_Lat2": 38.7114, "START_Lon3": 23.788, "END_Lon3": 23.788, "START_Lat3": 38.815, "END_Lat3": 38.815, "START_Lon4": 24.19, "END_Lon4": 24.19, "START_Lat4": 38.7876, "END_Lat4": 38.7876, "START_SR_m": 0.0, "END_SR_min": 0.0, "START_SR_1": 0.0, "END_SR_max": 0.0, "START_SR_a": null, "END_SR_avg": null, "START_SR_R": null, "END_SR_Ref": null, "START_SR_C": null, "END_SR_Com": null, "START_po_2": "A", "END_poin_1": "A", "START_po_3": 1, "END_poin_2": 1 }, "geometry": { "type": "LineString", "coordinates": [ [ 24.1783, 38.6839 ], [ 23.7765, 38.7114 ], [ 24.1783, 38.6839 ] ] } },
{ "type": "Feature", "properties": { "Shape_Leng": 0.674051185, "SS_ID": 87, "START_OBJE": 129, "END_OBJECT": 129, "START_Lon": 26.0414, "END_Lon": 26.0414, "START_Lat": 38.0891, "END_Lat": 38.0891, "START_poin": "A", "END_point_": "A", "START_po_1": 1, "END_point1": 1, "START_SS_I": 87, "END_SS_ID": 87, "START_Name": "Alaçatı", "END_NameEN": "Alaçatı", "START_Na_1": "Αλατσατί", "END_NameEL": "Αλατσατί", "START_Stri": 92, "END_Strike": 92, "START_Dip_": 182, "END_Dip_Di": 182, "START_Dip": 50, "END_Dip": 50, "START_Rake": 265, "END_Rake": 265, "START_Ra_1": -95, "END_Rake__": -95, "START_Kine": "N", "END_Kinema": "N", "START_Leng": 29.5, "END_Length": 29.5, "START_Widt": 16.0, "END_Width_": 16.0, "START_Min_": 0.0, "END_Min_De": 0.0, "START_Max_": 12.3, "END_Max_De": 12.3, "START_Rupt": 472.0, "END_Ruptur": 472.0, "START_Aver": 0.77, "END_Averag": 0.77, "START_Mw__": 6.7, "END_Mw__W_": 6.7, "START_Mw_1": 6.7, "END_Mw__K_": 6.7, "START_M0__": 1.2e+19, "END_M0__Nm": 1.2e+19, "START_LonA": 26.0414, "END_LonA": 26.0414, "START_LatA": 38.0891, "END_LatA": 38.0891, "START_LonB": 26.3783, "END_LonB": 26.3783, "START_LatB": 38.0799, "END_LatB": 38.0799, "START_Lon1": 26.0414, "END_Lon1": 26.0414, "START_Lat1": 38.0891, "END_Lat1": 38.0891, "START_Lon2": 26.3783, "END_Lon2": 26.3783, "START_Lat2": 38.0799, "END_Lat2": 38.0799, "START_Lon3": 26.3741, "END_Lon3": 26.3741, "START_Lat3": 37.9874, "END_Lat3": 37.9874, "START_Lon4": 26.0374, "END_Lon4": 26.0374, "START_Lat4": 37.9967, "END_Lat4": 37.9967, "START_SR_m": 0.0, "END_SR_min": 0.0, "START_SR_1": 0.0, "END_SR_max": 0.0, "START_SR_a": null, "END_SR_avg": null, "START_SR_R": null, "END_SR_Ref": null, "START_SR_C": null, "END_SR_Com": null, "START_po_2": "A", "END_poin_1": "A", "START_po_3": 1, "END_poin_2": 1 }, "geometry": { "type": "LineString", "coordinates": [ [ 26.0414, 38.0891 ], [ 26.3783, 38.0799 ], [ 26.0414, 38.0891 ] ] } },
{ "type": "Feature", "properties": { "Shape_Leng": 0.90650811358799999, "SS_ID": 88, "START_OBJE": 131, "END_OBJECT": 131, "START_Lon": 25.667, "END_Lon": 25.667, "START_Lat": 38.3414, "END_Lat": 38.3414, "START_poin": "A", "END_point_": "A", "START_po_1": 1, "END_point1": 1, "START_SS_I": 88, "END_SS_ID": 88, "START_Name": "Venétiko", "END_NameEN": "Venétiko", "START_Na_1": "Βενέτικο", "END_NameEL": "Βενέτικο", "START_Stri": 132, "END_Strike": 132, "START_Dip_": 222, "END_Dip_Di": 222, "START_Dip": 55, "END_Dip": 55, "START_Rake": 300, "END_Rake": 300, "START_Ra_1": -60, "END_Rake__": -60, "START_Kine": "NS", "END_Kinema": "NS", "START_Leng": 43.5, "END_Length": 43.5, "START_Widt": 21.0, "END_Width_": 21.0, "START_Min_": 0.0, "END_Min_De": 0.0, "START_Max_": 17.2, "END_Max_De": 17.2, "START_Rupt": 913.5, "END_Ruptur": 913.5, "START_Aver": 1.16, "END_Averag": 1.16, "START_Mw__": 6.9, "END_Mw__W_": 6.9, "START_Mw_1": 7.0, "END_Mw__K_": 7.0, "START_M0__": 3.5e+19, "END_M0__Nm": 3.5e+19, "START_LonA": 25.667, "END_LonA": 25.667, "START_LatA": 38.3414, "END_LatA": 38.3414, "START_LonB": 26.037, "END_LonB": 26.037, "START_LatB": 38.0796, "END_LatB": 38.0796, "START_Lon1": 25.667, "END_Lon1": 25.667, "START_Lat1": 38.3414, "END_Lat1": 38.3414, "START_Lon2": 26.037, "END_Lon2": 26.037, "START_Lat2": 38.0796, "END_Lat2": 38.0796, "START_Lon3": 25.9448, "END_Lon3": 25.9448, "START_Lat3": 37.9991, "END_Lat3": 37.9991, "START_Lon4": 25.5749, "END_Lon4": 25.5749, "START_Lat4": 38.2609, "END_Lat4": 38.2609, "START_SR_m": 0.0, "END_SR_min": 0.0, "START_SR_1": 0.0, "END_SR_max": 0.0, "START_SR_a": null, "END_SR_avg": null, "START_SR_R": null, "END_SR_Ref": null, "START_SR_C": null, "END_SR_Com": null, "START_po_2": "A", "END_poin_1": "A", "START_po_3": 1, "END_poin_2": 1 }, "geometry": { "type": "LineString", "coordinates": [ [ 25.667, 38.3414 ], [ 26.037, 38.0796 ], [ 25.667, 38.3414 ] ] } },
{ "type": "Feature", "properties": { "Shape_Leng": 0.74633324996299999, "SS_ID": 91, "START_OBJE": 133, "END_OBJECT": 133, "START_Lon": 24.83, "END_Lon": 24.83, "START_Lat": 37.7384, "END_Lat": 37.7384, "START_poin": "A", "END_point_": "A", "START_po_1": 1, "END_point1": 1, "START_SS_I": 91, "END_SS_ID": 91, "START_Name": "Andros-Tenos", "END_NameEN": "Andros-Tenos", "START_Na_1": "Άνδρος-Τήνος", "END_NameEL": "Άνδρος-Τήνος", "START_Stri": 132, "END_Strike": 132, "START_Dip_": 222, "END_Dip_Di": 222, "START_Dip": 55, "END_Dip": 55, "START_Rake": 310, "END_Rake": 310, "START_Ra_1": -50, "END_Rake__": -50, "START_Kine": "NS", "END_Kinema": "NS", "START_Leng": 36.0, "END_Length": 36.0, "START_Widt": 18.5, "END_Width_": 18.5, "START_Min_": 0.0, "END_Min_De": 0.0, "START_Max_": 15.2, "END_Max_De": 15.2, "START_Rupt": 666.0, "END_Ruptur": 666.0, "START_Aver": 0.93, "END_Averag": 0.93, "START_Mw__": 6.8, "END_Mw__W_": 6.8, "START_Mw_1": 6.8, "END_Mw__K_": 6.8, "START_M0__": 2.04e+19, "END_M0__Nm": 2.04e+19, "START_LonA": 24.83, "END_LonA": 24.83, "START_LatA": 37.7384, "END_LatA": 37.7384, "START_LonB": 25.1338, "END_LonB": 25.1338, "START_LatB": 37.5217, "END_LatB": 37.5217, "START_Lon1": 24.83, "END_Lon1": 24.83, "START_Lat1": 37.7384, "END_Lat1": 37.7384, "START_Lon2": 25.1338, "END_Lon2": 25.1338, "START_Lat2": 37.5217, "END_Lat2": 37.5217, "START_Lon3": 25.0532, "END_Lon3": 25.0532, "START_Lat3": 37.4508, "END_Lat3": 37.4508, "START_Lon4": 24.7494, "END_Lon4": 24.7494, "START_Lat4": 37.6675, "END_Lat4": 37.6675, "START_SR_m": 0.0, "END_SR_min": 0.0, "START_SR_1": 0.0, "END_SR_max": 0.0, "START_SR_a": null, "END_SR_avg": null, "START_SR_R": null, "END_SR_Ref": null, "START_SR_C": null, "END_SR_Com": null, "START_po_2": "A", "END_poin_1": "A", "START_po_3": 1, "END_poin_2": 1 }, "geometry": { "type": "LineString", "coordinates": [ [ 24.83, 37.7384 ], [ 25.1338, 37.5217 ], [ 24.83, 37.7384 ] ] } },
{ "type": "Feature", "properties": { "Shape_Leng": 0.92175003119099996, "SS_ID": 93, "START_OBJE": 135, "END_OBJECT": 135, "START_Lon": 27.1188, "END_Lon": 27.1188, "START_Lat": 37.805, "END_Lat": 37.805, "START_poin": "A", "END_point_": "A", "START_po_1": 1, "END_point1": 1, "START_SS_I": 93, "END_SS_ID": 93, "START_Name": "Kaystrios", "END_NameEN": "Kaystrios", "START_Na_1": "Καΰστριος", "END_NameEL": "Καΰστριος", "START_Stri": 272, "END_Strike": 272, "START_Dip_": 2, "END_Dip_Di": 2, "START_Dip": 48, "END_Dip": 48, "START_Rake": 267, "END_Rake": 267, "START_Ra_1": -93, "END_Rake__": -93, "START_Kine": "N", "END_Kinema": "N", "START_Leng": 40.5, "END_Length": 40.5, "START_Widt": 20.0, "END_Width_": 20.0, "START_Min_": 0.0, "END_Min_De": 0.0, "START_Max_": 14.9, "END_Max_De": 14.9, "START_Rupt": 810.0, "END_Ruptur": 810.0, "START_Aver": 1.03, "END_Averag": 1.03, "START_Mw__": 6.9, "END_Mw__W_": 6.9, "START_Mw_1": 6.9, "END_Mw__K_": 6.9, "START_M0__": 2.75e+19, "END_M0__Nm": 2.75e+19, "START_LonA": 27.1188, "END_LonA": 27.1188, "START_LatA": 37.805, "END_LatA": 37.805, "START_LonB": 26.6581, "END_LonB": 26.6581, "START_LatB": 37.8177, "END_LatB": 37.8177, "START_Lon1": 27.1188, "END_Lon1": 27.1188, "START_Lat1": 37.805, "END_Lat1": 37.805, "START_Lon2": 26.6581, "END_Lon2": 26.6581, "START_Lat2": 37.8177, "END_Lat2": 37.8177, "START_Lon3": 26.6632, "END_Lon3": 26.6632, "START_Lat3": 37.938, "END_Lat3": 37.938, "START_Lon4": 27.1243, "END_Lon4": 27.1243, "START_Lat4": 37.9253, "END_Lat4": 37.9253, "START_SR_m": 0.0, "END_SR_min": 0.0, "START_SR_1": 0.0, "END_SR_max": 0.0, "START_SR_a": null, "END_SR_avg": null, "START_SR_R": null, "END_SR_Ref": null, "START_SR_C": null, "END_SR_Com": null, "START_po_2": "A", "END_poin_1": "A", "START_po_3": 1, "END_poin_2": 1 }, "geometry": { "type": "LineString", "coordinates": [ [ 27.1188, 37.805 ], [ 26.6581, 37.8177 ], [ 27.1188, 37.805 ] ] } },
{ "type": "Feature", "properties": { "Shape_Leng": 0.72609985539199995, "SS_ID": 94, "START_OBJE": 137, "END_OBJECT": 137, "START_Lon": 26.5992, "END_Lon": 26.5992, "START_Lat": 37.7207, "END_Lat": 37.7207, "START_poin": "A", "END_point_": "A", "START_po_1": 1, "END_point1": 1, "START_SS_I": 94, "END_SS_ID": 94, "START_Name": "Pythagorio", "END_NameEN": "Pythagorio", "START_Na_1": "Πυθαγόριο", "END_NameEL": "Πυθαγόριο", "START_Stri": 96, "END_Strike": 96, "START_Dip_": 186, "END_Dip_Di": 186, "START_Dip": 45, "END_Dip": 45, "START_Rake": 270, "END_Rake": 270, "START_Ra_1": -90, "END_Rake__": -90, "START_Kine": "N", "END_Kinema": "N", "START_Leng": 32.0, "END_Length": 32.0, "START_Widt": 17.0, "END_Width_": 17.0, "START_Min_": 0.0, "END_Min_De": 0.0, "START_Max_": 12.0, "END_Max_De": 12.0, "START_Rupt": 544.0, "END_Ruptur": 544.0, "START_Aver": 0.83, "END_Averag": 0.83, "START_Mw__": 6.7, "END_Mw__W_": 6.7, "START_Mw_1": 6.7, "END_Mw__K_": 6.7, "START_M0__": 1.5e+19, "END_M0__Nm": 1.5e+19, "START_LonA": 26.5992, "END_LonA": 26.5992, "START_LatA": 37.7207, "END_LatA": 37.7207, "START_LonB": 26.961, "END_LonB": 26.961, "START_LatB": 37.6906, "END_LatB": 37.6906, "START_Lon1": 26.5992, "END_Lon1": 26.5992, "START_Lat1": 37.7207, "END_Lat1": 37.7207, "START_Lon2": 26.961, "END_Lon2": 26.961, "START_Lat2": 37.6906, "END_Lat2": 37.6906, "START_Lon3": 26.9466, "END_Lon3": 26.9466, "START_Lat3": 37.5831, "END_Lat3": 37.5831, "START_Lon4": 26.5851, "END_Lon4": 26.5851, "START_Lat4": 37.6132, "END_Lat4": 37.6132, "START_SR_m": 0.0, "END_SR_min": 0.0, "START_SR_1": 0.0, "END_SR_max": 0.0, "START_SR_a": null, "END_SR_avg": null, "START_SR_R": null, "END_SR_Ref": null, "START_SR_C": null, "END_SR_Com": null, "START_po_2": "A", "END_poin_1": "A", "START_po_3": 1, "END_poin_2": 1 }, "geometry": { "type": "LineString", "coordinates": [ [ 26.5992, 37.7207 ], [ 26.961, 37.6906 ], [ 26.5992, 37.7207 ] ] } },
{ "type": "Feature", "properties": { "Shape_Leng": 1.25787199667, "SS_ID": 96, "START_OBJE": 139, "END_OBJECT": 139, "START_Lon": 25.7988, "END_Lon": 25.7988, "START_Lat": 37.3521, "END_Lat": 37.3521, "START_poin": "A", "END_point_": "A", "START_po_1": 1, "END_point1": 1, "START_SS_I": 96, "END_SS_ID": 96, "START_Name": "Agios Kerykos", "END_NameEN": "Agios Kerykos", "START_Na_1": "Άγιος Κήρυκος", "END_NameEL": "Άγιος Κήρυκος", "START_Stri": 56, "END_Strike": 56, "START_Dip_": 146, "END_Dip_Di": 146, "START_Dip": 75, "END_Dip": 75, "START_Rake": 210, "END_Rake": 210, "START_Ra_1": -150, "END_Rake__": -150, "START_Kine": "DN", "END_Kinema": "DN", "START_Leng": 59.0, "END_Length": 59.0, "START_Widt": 13.5, "END_Width_": 13.5, "START_Min_": 0.0, "END_Min_De": 0.0, "START_Max_": 13.0, "END_Max_De": 13.0, "START_Rupt": 796.5, "END_Ruptur": 796.5, "START_Aver": 1.21, "END_Averag": 1.21, "START_Mw__": 6.9, "END_Mw__W_": 6.9, "START_Mw_1": 6.9, "END_Mw__K_": 6.9, "START_M0__": 3.18e+19, "END_M0__Nm": 3.18e+19, "START_LonA": 25.7988, "END_LonA": 25.7988, "START_LatA": 37.3521, "END_LatA": 37.3521, "START_LonB": 26.3533, "END_LonB": 26.3533, "START_LatB": 37.6489, "END_LatB": 37.6489, "START_Lon1": 25.7988, "END_Lon1": 25.7988, "START_Lat1": 37.3521, "END_Lat1": 37.3521, "START_Lon2": 26.3533, "END_Lon2": 26.3533, "START_Lat2": 37.6489, "END_Lat2": 37.6489, "START_Lon3": 26.3754, "END_Lon3": 26.3754, "START_Lat3": 37.6228, "END_Lat3": 37.6228, "START_Lon4": 25.821, "END_Lon4": 25.821, "START_Lat4": 37.3261, "END_Lat4": 37.3261, "START_SR_m": 0.0, "END_SR_min": 0.0, "START_SR_1": 0.0, "END_SR_max": 0.0, "START_SR_a": null, "END_SR_avg": null, "START_SR_R": null, "END_SR_Ref": null, "START_SR_C": null, "END_SR_Com": null, "START_po_2": "A", "END_poin_1": "A", "START_po_3": 1, "END_poin_2": 1 }, "geometry": { "type": "LineString", "coordinates": [ [ 25.7988, 37.3521 ], [ 26.3533, 37.6489 ], [ 25.7988, 37.3521 ] ] } },
{ "type": "Feature", "properties": { "Shape_Leng": 0.60648393218600005, "SS_ID": 101, "START_OBJE": 141, "END_OBJECT": 141, "START_Lon": 27.5764, "END_Lon": 27.5764, "START_Lat": 36.8864, "END_Lat": 36.8864, "START_poin": "A", "END_point_": "A", "START_po_1": 1, "END_point1": 1, "START_SS_I": 101, "END_SS_ID": 101, "START_Name": "Kos", "END_NameEN": "Kos", "START_Na_1": "Κως", "END_NameEL": "Κως", "START_Stri": 265, "END_Strike": 265, "START_Dip_": 355, "END_Dip_Di": 355, "START_Dip": 43, "END_Dip": 43, "START_Rake": 258, "END_Rake": 258, "START_Ra_1": -102, "END_Rake__": -102, "START_Kine": "N", "END_Kinema": "N", "START_Leng": 27.0, "END_Length": 27.0, "START_Widt": 15.0, "END_Width_": 15.0, "START_Min_": 4.0, "END_Min_De": 4.0, "START_Max_": 14.2, "END_Max_De": 14.2, "START_Rupt": 405.0, "END_Ruptur": 405.0, "START_Aver": 0.71, "END_Averag": 0.71, "START_Mw__": 6.6, "END_Mw__W_": 6.6, "START_Mw_1": 6.6, "END_Mw__K_": 6.6, "START_M0__": 9.54e+18, "END_M0__Nm": 9.54e+18, "START_LonA": 27.5764, "END_LonA": 27.5764, "START_LatA": 36.8864, "END_LatA": 36.8864, "START_LonB": 27.2739, "END_LonB": 27.2739, "START_LatB": 36.8652, "END_LatB": 36.8652, "START_Lon1": 27.5722, "END_Lon1": 27.5722, "START_Lat1": 36.9248, "END_Lat1": 36.9248, "START_Lon2": 27.2697, "END_Lon2": 27.2697, "START_Lat2": 36.9036, "END_Lat2": 36.9036, "START_Lon3": 27.2588, "END_Lon3": 27.2588, "START_Lat3": 37.0019, "END_Lat3": 37.0019, "START_Lon4": 27.5616, "END_Lon4": 27.5616, "START_Lat4": 37.0231, "END_Lat4": 37.0231, "START_SR_m": 0.0, "END_SR_min": 0.0, "START_SR_1": 0.0, "END_SR_max": 0.0, "START_SR_a": null, "END_SR_avg": null, "START_SR_R": null, "END_SR_Ref": null, "START_SR_C": null, "END_SR_Com": null, "START_po_2": "A", "END_poin_1": "A", "START_po_3": 1, "END_poin_2": 1 }, "geometry": { "type": "LineString", "coordinates": [ [ 27.5764, 36.8864 ], [ 27.2739, 36.8652 ], [ 27.5764, 36.8864 ] ] } },
{ "type": "Feature", "properties": { "Shape_Leng": 0.66814190109600002, "SS_ID": 102, "START_OBJE": 143, "END_OBJECT": 143, "START_Lon": 27.066, "END_Lon": 27.066, "START_Lat": 36.7235, "END_Lat": 36.7235, "START_poin": "A", "END_point_": "A", "START_po_1": 1, "END_point1": 1, "START_SS_I": 102, "END_SS_ID": 102, "START_Name": "Dikaeos", "END_NameEN": "Dikaeos", "START_Na_1": "Δίκαιος", "END_NameEL": "Δίκαιος", "START_Stri": 62, "END_Strike": 62, "START_Dip_": 152, "END_Dip_Di": 152, "START_Dip": 60, "END_Dip": 60, "START_Rake": 280, "END_Rake": 280, "START_Ra_1": -80, "END_Rake__": -80, "START_Kine": "N", "END_Kinema": "N", "START_Leng": 31.0, "END_Length": 31.0, "START_Widt": 16.5, "END_Width_": 16.5, "START_Min_": 0.0, "END_Min_De": 0.0, "START_Max_": 14.3, "END_Max_De": 14.3, "START_Rupt": 511.5, "END_Ruptur": 511.5, "START_Aver": 0.89, "END_Averag": 0.89, "START_Mw__": 6.7, "END_Mw__W_": 6.7, "START_Mw_1": 6.7, "END_Mw__K_": 6.7, "START_M0__": 1.36e+19, "END_M0__Nm": 1.36e+19, "START_LonA": 27.066, "END_LonA": 27.066, "START_LatA": 36.7235, "END_LatA": 36.7235, "START_LonB": 27.3734, "END_LonB": 27.3734, "START_LatB": 36.8543, "END_LatB": 36.8543, "START_Lon1": 27.066, "END_Lon1": 27.066, "START_Lat1": 36.7235, "END_Lat1": 36.7235, "START_Lon2": 27.3734, "END_Lon2": 27.3734, "START_Lat2": 36.8543, "END_Lat2": 36.8543, "START_Lon3": 27.4168, "END_Lon3": 27.4168, "START_Lat3": 36.7888, "END_Lat3": 36.7888, "START_Lon4": 27.1095, "END_Lon4": 27.1095, "START_Lat4": 36.6579, "END_Lat4": 36.6579, "START_SR_m": 0.0, "END_SR_min": 0.0, "START_SR_1": 0.0, "END_SR_max": 0.0, "START_SR_a": null, "END_SR_avg": null, "START_SR_R": null, "END_SR_Ref": null, "START_SR_C": null, "END_SR_Com": null, "START_po_2": "A", "END_poin_1": "A", "START_po_3": 1, "END_poin_2": 1 }, "geometry": { "type": "LineString", "coordinates": [ [ 27.066, 36.7235 ], [ 27.3734, 36.8543 ], [ 27.066, 36.7235 ] ] } },
{ "type": "Feature", "properties": { "Shape_Leng": 0.90084768967899997, "SS_ID": 103, "START_OBJE": 145, "END_OBJECT": 145, "START_Lon": 26.485, "END_Lon": 26.485, "START_Lat": 36.5935, "END_Lat": 36.5935, "START_poin": "A", "END_point_": "A", "START_po_1": 1, "END_point1": 1, "START_SS_I": 103, "END_SS_ID": 103, "START_Name": "Astypalaea-Kos", "END_NameEN": "Astypalaea-Kos", "START_Na_1": "Αστυπάλαια-Κως", "END_NameEL": "Αστυπάλαια-Κως", "START_Stri": 78, "END_Strike": 78, "START_Dip_": 168, "END_Dip_Di": 168, "START_Dip": 60, "END_Dip": 60, "START_Rake": 270, "END_Rake": 270, "START_Ra_1": -90, "END_Rake__": -90, "START_Kine": "N", "END_Kinema": "N", "START_Leng": 40.5, "END_Length": 40.5, "START_Widt": 20.0, "END_Width_": 20.0, "START_Min_": 0.0, "END_Min_De": 0.0, "START_Max_": 17.3, "END_Max_De": 17.3, "START_Rupt": 810.0, "END_Ruptur": 810.0, "START_Aver": 1.13, "END_Averag": 1.13, "START_Mw__": 6.9, "END_Mw__W_": 6.9, "START_Mw_1": 6.9, "END_Mw__K_": 6.9, "START_M0__": 2.75e+19, "END_M0__Nm": 2.75e+19, "START_LonA": 26.485, "END_LonA": 26.485, "START_LatA": 36.5935, "END_LatA": 36.5935, "START_LonB": 26.929, "END_LonB": 26.929, "START_LatB": 36.6693, "END_LatB": 36.6693, "START_Lon1": 26.485, "END_Lon1": 26.485, "START_Lat1": 36.5935, "END_Lat1": 36.5935, "START_Lon2": 26.929, "END_Lon2": 26.929, "START_Lat2": 36.6693, "END_Lat2": 36.6693, "START_Lon3": 26.9521, "END_Lon3": 26.9521, "START_Lat3": 36.5813, "END_Lat3": 36.5813, "START_Lon4": 26.5084, "END_Lon4": 26.5084, "START_Lat4": 36.5056, "END_Lat4": 36.5056, "START_SR_m": 0.0, "END_SR_min": 0.0, "START_SR_1": 0.0, "END_SR_max": 0.0, "START_SR_a": null, "END_SR_avg": null, "START_SR_R": null, "END_SR_Ref": null, "START_SR_C": null, "END_SR_Com": null, "START_po_2": "A", "END_poin_1": "A", "START_po_3": 1, "END_poin_2": 1 }, "geometry": { "type": "LineString", "coordinates": [ [ 26.485, 36.5935 ], [ 26.929, 36.6693 ], [ 26.485, 36.5935 ] ] } },
{ "type": "Feature", "properties": { "Shape_Leng": 0.84218392290499999, "SS_ID": 104, "START_OBJE": 147, "END_OBJECT": 147, "START_Lon": 27.0056, "END_Lon": 27.0056, "START_Lat": 36.5526, "END_Lat": 36.5526, "START_poin": "A", "END_point_": "A", "START_po_1": 1, "END_point1": 1, "START_SS_I": 104, "END_SS_ID": 104, "START_Name": "Syrna", "END_NameEN": "Syrna", "START_Na_1": "Σύρνα", "END_NameEL": "Σύρνα", "START_Stri": 244, "END_Strike": 244, "START_Dip_": 334, "END_Dip_Di": 334, "START_Dip": 60, "END_Dip": 60, "START_Rake": 260, "END_Rake": 260, "START_Ra_1": -100, "END_Rake__": -100, "START_Kine": "N", "END_Kinema": "N", "START_Leng": 39.0, "END_Length": 39.0, "START_Widt": 19.5, "END_Width_": 19.5, "START_Min_": 0.0, "END_Min_De": 0.0, "START_Max_": 16.9, "END_Max_De": 16.9, "START_Rupt": 760.5, "END_Ruptur": 760.5, "START_Aver": 1.1, "END_Averag": 1.1, "START_Mw__": 6.9, "END_Mw__W_": 6.9, "START_Mw_1": 6.9, "END_Mw__K_": 6.9, "START_M0__": 2.5e+19, "END_M0__Nm": 2.5e+19, "START_LonA": 27.0056, "END_LonA": 27.0056, "START_LatA": 36.5526, "END_LatA": 36.5526, "START_LonB": 26.6136, "END_LonB": 26.6136, "START_LatB": 36.3988, "END_LatB": 36.3988, "START_Lon1": 27.0056, "END_Lon1": 27.0056, "START_Lat1": 36.5526, "END_Lat1": 36.5526, "START_Lon2": 26.6136, "END_Lon2": 26.6136, "START_Lat2": 36.3988, "END_Lat2": 36.3988, "START_Lon3": 26.5657, "END_Lon3": 26.5657, "START_Lat3": 36.4776, "END_Lat3": 36.4776, "START_Lon4": 26.9579, "END_Lon4": 26.9579, "START_Lat4": 36.6314, "END_Lat4": 36.6314, "START_SR_m": 0.0, "END_SR_min": 0.0, "START_SR_1": 0.0, "END_SR_max": 0.0, "START_SR_a": null, "END_SR_avg": null, "START_SR_R": null, "END_SR_Ref": null, "START_SR_C": null, "END_SR_Com": null, "START_po_2": "A", "END_poin_1": "A", "START_po_3": 1, "END_poin_2": 1 }, "geometry": { "type": "LineString", "coordinates": [ [ 27.0056, 36.5526 ], [ 26.6136, 36.3988 ], [ 27.0056, 36.5526 ] ] } },
{ "type": "Feature", "properties": { "Shape_Leng": 1.18724536638, "SS_ID": 105, "START_OBJE": 149, "END_OBJECT": 149, "START_Lon": 26.4386, "END_Lon": 26.4386, "START_Lat": 36.7883, "END_Lat": 36.7883, "START_poin": "A", "END_point_": "A", "START_po_1": 1, "END_point1": 1, "START_SS_I": 105, "END_SS_ID": 105, "START_Name": "Astypalaea North Basin", "END_NameEN": "Astypalaea North Basin", "START_Na_1": "Βόρεια Λεκάνη Αστυπάλαιας", "END_NameEL": "Βόρεια Λεκάνη Αστυπάλαιας", "START_Stri": 237, "END_Strike": 237, "START_Dip_": 327, "END_Dip_Di": 327, "START_Dip": 65, "END_Dip": 65, "START_Rake": 260, "END_Rake": 260, "START_Ra_1": -100, "END_Rake__": -100, "START_Kine": "N", "END_Kinema": "N", "START_Leng": 56.0, "END_Length": 56.0, "START_Widt": 25.0, "END_Width_": 25.0, "START_Min_": 0.0, "END_Min_De": 0.0, "START_Max_": 22.7, "END_Max_De": 22.7, "START_Rupt": 1400.0, "END_Ruptur": 1400.0, "START_Aver": 1.51, "END_Averag": 1.51, "START_Mw__": 7.1, "END_Mw__W_": 7.1, "START_Mw_1": 7.1, "END_Mw__K_": 7.1, "START_M0__": 6.34e+19, "END_M0__Nm": 6.34e+19, "START_LonA": 26.4386, "END_LonA": 26.4386, "START_LatA": 36.7883, "END_LatA": 36.7883, "START_LonB": 25.9121, "END_LonB": 25.9121, "START_LatB": 36.5141, "END_LatB": 36.5141, "START_Lon1": 26.4386, "END_Lon1": 26.4386, "START_Lat1": 36.7883, "END_Lat1": 36.7883, "START_Lon2": 25.9121, "END_Lon2": 25.9121, "START_Lat2": 36.5141, "END_Lat2": 36.5141, "START_Lon3": 25.8475, "END_Lon3": 25.8475, "START_Lat3": 36.5937, "END_Lat3": 36.5937, "START_Lon4": 26.3741, "END_Lon4": 26.3741, "START_Lat4": 36.868, "END_Lat4": 36.868, "START_SR_m": 0.0, "END_SR_min": 0.0, "START_SR_1": 0.0, "END_SR_max": 0.0, "START_SR_a": null, "END_SR_avg": null, "START_SR_R": null, "END_SR_Ref": null, "START_SR_C": null, "END_SR_Com": null, "START_po_2": "A", "END_poin_1": "A", "START_po_3": 1, "END_poin_2": 1 }, "geometry": { "type": "LineString", "coordinates": [ [ 26.4386, 36.7883 ], [ 25.9121, 36.5141 ], [ 26.4386, 36.7883 ] ] } },
{ "type": "Feature", "properties": { "Shape_Leng": 1.1380097714899999, "SS_ID": 106, "START_OBJE": 151, "END_OBJECT": 151, "START_Lon": 25.9149, "END_Lon": 25.9149, "START_Lat": 36.499, "END_Lat": 36.499, "START_poin": "A", "END_point_": "A", "START_po_1": 1, "END_point1": 1, "START_SS_I": 106, "END_SS_ID": 106, "START_Name": "Anaphe", "END_NameEN": "Anaphe", "START_Na_1": "Ανάφη", "END_NameEL": "Ανάφη", "START_Stri": 236, "END_Strike": 236, "START_Dip_": 326, "END_Dip_Di": 326, "START_Dip": 60, "END_Dip": 60, "START_Rake": 240, "END_Rake": 240, "START_Ra_1": -120, "END_Rake__": -120, "START_Kine": "ND", "END_Kinema": "ND", "START_Leng": 54.0, "END_Length": 54.0, "START_Widt": 24.5, "END_Width_": 24.5, "START_Min_": 0.0, "END_Min_De": 0.0, "START_Max_": 21.2, "END_Max_De": 21.2, "START_Rupt": 1323.0, "END_Ruptur": 1323.0, "START_Aver": 1.47, "END_Averag": 1.47, "START_Mw__": 7.1, "END_Mw__W_": 7.1, "START_Mw_1": 7.1, "END_Mw__K_": 7.1, "START_M0__": 5.83e+19, "END_M0__Nm": 5.83e+19, "START_LonA": 25.9149, "END_LonA": 25.9149, "START_LatA": 36.499, "END_LatA": 36.499, "START_LonB": 25.4149, "END_LonB": 25.4149, "START_LatB": 36.2274, "END_LatB": 36.2274, "START_Lon1": 25.9149, "END_Lon1": 25.9149, "START_Lat1": 36.499, "END_Lat1": 36.499, "START_Lon2": 25.4149, "END_Lon2": 25.4149, "START_Lat2": 36.2274, "END_Lat2": 36.2274, "START_Lon3": 25.3383, "END_Lon3": 25.3383, "START_Lat3": 36.3188, "END_Lat3": 36.3188, "START_Lon4": 25.8384, "END_Lon4": 25.8384, "START_Lat4": 36.5903, "END_Lat4": 36.5903, "START_SR_m": 0.0, "END_SR_min": 0.0, "START_SR_1": 0.0, "END_SR_max": 0.0, "START_SR_a": null, "END_SR_avg": null, "START_SR_R": null, "END_SR_Ref": null, "START_SR_C": null, "END_SR_Com": null, "START_po_2": "A", "END_poin_1": "A", "START_po_3": 1, "END_poin_2": 1 }, "geometry": { "type": "LineString", "coordinates": [ [ 25.9149, 36.499 ], [ 25.4149, 36.2274 ], [ 25.9149, 36.499 ] ] } },
{ "type": "Feature", "properties": { "Shape_Leng": 1.2226786331699999, "SS_ID": 107, "START_OBJE": 153, "END_OBJECT": 153, "START_Lon": 25.6062, "END_Lon": 25.6062, "START_Lat": 36.5977, "END_Lat": 36.5977, "START_poin": "A", "END_point_": "A", "START_po_1": 1, "END_point1": 1, "START_SS_I": 107, "END_SS_ID": 107, "START_Name": "Amorgos", "END_NameEN": "Amorgos", "START_Na_1": "Αμοργός", "END_NameEL": "Αμοργός", "START_Stri": 50, "END_Strike": 50, "START_Dip_": 140, "END_Dip_Di": 140, "START_Dip": 60, "END_Dip": 60, "START_Rake": 250, "END_Rake": 250, "START_Ra_1": -110, "END_Rake__": -110, "START_Kine": "ND", "END_Kinema": "ND", "START_Leng": 59.0, "END_Length": 59.0, "START_Widt": 26.0, "END_Width_": 26.0, "START_Min_": 0.0, "END_Min_De": 0.0, "START_Max_": 22.5, "END_Max_De": 22.5, "START_Rupt": 1534.0, "END_Ruptur": 1534.0, "START_Aver": 1.59, "END_Averag": 1.59, "START_Mw__": 7.2, "END_Mw__W_": 7.2, "START_Mw_1": 7.2, "END_Mw__K_": 7.2, "START_M0__": 7.32e+19, "END_M0__Nm": 7.32e+19, "START_LonA": 25.6062, "END_LonA": 25.6062, "START_LatA": 36.5977, "END_LatA": 36.5977, "START_LonB": 26.1136, "END_LonB": 26.1136, "START_LatB": 36.9387, "END_LatB": 36.9387, "START_Lon1": 25.6062, "END_Lon1": 25.6062, "START_Lat1": 36.5977, "END_Lat1": 36.5977, "START_Lon2": 26.1136, "END_Lon2": 26.1136, "START_Lat2": 36.9387, "END_Lat2": 36.9387, "START_Lon3": 26.2073, "END_Lon3": 26.2073, "START_Lat3": 36.8492, "END_Lat3": 36.8492, "START_Lon4": 25.7, "END_Lon4": 25.7, "START_Lat4": 36.5081, "END_Lat4": 36.5081, "START_SR_m": 4.5, "END_SR_min": 4.5, "START_SR_1": 4.5, "END_SR_max": 4.5, "START_SR_a": null, "END_SR_avg": null, "START_SR_R": "Preine et al. (2022)", "END_SR_Ref": "Preine et al. (2022)", "START_SR_C": null, "END_SR_Com": null, "START_po_2": "A", "END_poin_1": "A", "START_po_3": 1, "END_poin_2": 1 }, "geometry": { "type": "LineString", "coordinates": [ [ 25.6062, 36.5977 ], [ 26.1136, 36.9387 ], [ 25.6062, 36.5977 ] ] } },
{ "type": "Feature", "properties": { "Shape_Leng": 1.02076434107, "SS_ID": 108, "START_OBJE": 155, "END_OBJECT": 155, "START_Lon": 25.246, "END_Lon": 25.246, "START_Lat": 36.4782, "END_Lat": 36.4782, "START_poin": "A", "END_point_": "A", "START_po_1": 1, "END_point1": 1, "START_SS_I": 108, "END_SS_ID": 108, "START_Name": "Ios", "END_NameEN": "Ios", "START_Na_1": "Ίος", "END_NameEL": "Ίος", "START_Stri": 49, "END_Strike": 49, "START_Dip_": 139, "END_Dip_Di": 139, "START_Dip": 60, "END_Dip": 60, "START_Rake": 230, "END_Rake": 230, "START_Ra_1": -130, "END_Rake__": -130, "START_Kine": "ND", "END_Kinema": "ND", "START_Leng": 49.5, "END_Length": 49.5, "START_Widt": 23.0, "END_Width_": 23.0, "START_Min_": 0.0, "END_Min_De": 0.0, "START_Max_": 19.9, "END_Max_De": 19.9, "START_Rupt": 1138.5, "END_Ruptur": 1138.5, "START_Aver": 1.36, "END_Averag": 1.36, "START_Mw__": 7.0, "END_Mw__W_": 7.0, "START_Mw_1": 7.0, "END_Mw__K_": 7.0, "START_M0__": 4.64e+19, "END_M0__Nm": 4.64e+19, "START_LonA": 25.246, "END_LonA": 25.246, "START_LatA": 36.4782, "END_LatA": 36.4782, "START_LonB": 25.6646, "END_LonB": 25.6646, "START_LatB": 36.7702, "END_LatB": 36.7702, "START_Lon1": 25.246, "END_Lon1": 25.246, "START_Lat1": 36.4782, "END_Lat1": 36.4782, "START_Lon2": 25.6646, "END_Lon2": 25.6646, "START_Lat2": 36.7702, "END_Lat2": 36.7702, "START_Lon3": 25.7491, "END_Lon3": 25.7491, "START_Lat3": 36.6922, "END_Lat3": 36.6922, "START_Lon4": 25.3305, "END_Lon4": 25.3305, "START_Lat4": 36.4001, "END_Lat4": 36.4001, "START_SR_m": 0.0, "END_SR_min": 0.0, "START_SR_1": 0.0, "END_SR_max": 0.0, "START_SR_a": null, "END_SR_avg": null, "START_SR_R": null, "END_SR_Ref": null, "START_SR_C": null, "END_SR_Com": null, "START_po_2": "A", "END_poin_1": "A", "START_po_3": 1, "END_poin_2": 1 }, "geometry": { "type": "LineString", "coordinates": [ [ 25.246, 36.4782 ], [ 25.6646, 36.7702 ], [ 25.246, 36.4782 ] ] } },
{ "type": "Feature", "properties": { "Shape_Leng": 0.52914485729299998, "SS_ID": 109, "START_OBJE": 157, "END_OBJECT": 157, "START_Lon": 25.4329, "END_Lon": 25.4329, "START_Lat": 36.3963, "END_Lat": 36.3963, "START_poin": "A", "END_point_": "A", "START_po_1": 1, "END_point1": 1, "START_SS_I": 109, "END_SS_ID": 109, "START_Name": "Akrotiri", "END_NameEN": "Akrotiri", "START_Na_1": "Ακρωτήρι", "END_NameEL": "Ακρωτήρι", "START_Stri": 206, "END_Strike": 206, "START_Dip_": 296, "END_Dip_Di": 296, "START_Dip": 60, "END_Dip": 60, "START_Rake": 225, "END_Rake": 225, "START_Ra_1": -135, "END_Rake__": -135, "START_Kine": "DN", "END_Kinema": "DN", "START_Leng": 28.0, "END_Length": 28.0, "START_Widt": 15.5, "END_Width_": 15.5, "START_Min_": 0.0, "END_Min_De": 0.0, "START_Max_": 13.4, "END_Max_De": 13.4, "START_Rupt": 434.0, "END_Ruptur": 434.0, "START_Aver": 0.81, "END_Averag": 0.81, "START_Mw__": 6.6, "END_Mw__W_": 6.6, "START_Mw_1": 6.6, "END_Mw__K_": 6.6, "START_M0__": 1.06e+19, "END_M0__Nm": 1.06e+19, "START_LonA": 25.4329, "END_LonA": 25.4329, "START_LatA": 36.3963, "END_LatA": 36.3963, "START_LonB": 25.296, "END_LonB": 25.296, "START_LatB": 36.1699, "END_LatB": 36.1699, "START_Lon1": 25.4329, "END_Lon1": 25.4329, "START_Lat1": 36.3963, "END_Lat1": 36.3963, "START_Lon2": 25.296, "END_Lon2": 25.296, "START_Lat2": 36.1699, "END_Lat2": 36.1699, "START_Lon3": 25.2183, "END_Lon3": 25.2183, "START_Lat3": 36.2005, "END_Lat3": 36.2005, "START_Lon4": 25.3551, "END_Lon4": 25.3551, "START_Lat4": 36.4268, "END_Lat4": 36.4268, "START_SR_m": 0.0, "END_SR_min": 0.0, "START_SR_1": 0.0, "END_SR_max": 0.0, "START_SR_a": null, "END_SR_avg": null, "START_SR_R": null, "END_SR_Ref": null, "START_SR_C": null, "END_SR_Com": null, "START_po_2": "A", "END_poin_1": "A", "START_po_3": 1, "END_poin_2": 1 }, "geometry": { "type": "LineString", "coordinates": [ [ 25.4329, 36.3963 ], [ 25.296, 36.1699 ], [ 25.4329, 36.3963 ] ] } },
{ "type": "Feature", "properties": { "Shape_Leng": 1.0314774064400001, "SS_ID": 110, "START_OBJE": 159, "END_OBJECT": 159, "START_Lon": 24.6609, "END_Lon": 24.6609, "START_Lat": 36.4881, "END_Lat": 36.4881, "START_poin": "A", "END_point_": "A", "START_po_1": 1, "END_point1": 1, "START_SS_I": 110, "END_SS_ID": 110, "START_Name": "Pholegandros", "END_NameEN": "Pholegandros", "START_Na_1": "Φολέγανδρος", "END_NameEL": "Φολέγανδρος", "START_Stri": 77, "END_Strike": 77, "START_Dip_": 167, "END_Dip_Di": 167, "START_Dip": 50, "END_Dip": 50, "START_Rake": 250, "END_Rake": 250, "START_Ra_1": -110, "END_Rake__": -110, "START_Kine": "ND", "END_Kinema": "ND", "START_Leng": 46.5, "END_Length": 46.5, "START_Widt": 22.0, "END_Width_": 22.0, "START_Min_": 0.0, "END_Min_De": 0.0, "START_Max_": 16.9, "END_Max_De": 16.9, "START_Rupt": 1023.0, "END_Ruptur": 1023.0, "START_Aver": 1.28, "END_Averag": 1.28, "START_Mw__": 7.0, "END_Mw__W_": 7.0, "START_Mw_1": 7.0, "END_Mw__K_": 7.0, "START_M0__": 3.94e+19, "END_M0__Nm": 3.94e+19, "START_LonA": 24.6609, "END_LonA": 24.6609, "START_LatA": 36.4881, "END_LatA": 36.4881, "START_LonB": 25.168, "END_LonB": 25.168, "START_LatB": 36.5821, "END_LatB": 36.5821, "START_Lon1": 24.6609, "END_Lon1": 24.6609, "START_Lat1": 36.4881, "END_Lat1": 36.4881, "START_Lon2": 25.168, "END_Lon2": 25.168, "START_Lat2": 36.5821, "END_Lat2": 36.5821, "START_Lon3": 25.2034, "END_Lon3": 25.2034, "START_Lat3": 36.4582, "END_Lat3": 36.4582, "START_Lon4": 24.6966, "END_Lon4": 24.6966, "START_Lat4": 36.3641, "END_Lat4": 36.3641, "START_SR_m": 0.0, "END_SR_min": 0.0, "START_SR_1": 0.0, "END_SR_max": 0.0, "START_SR_a": null, "END_SR_avg": null, "START_SR_R": null, "END_SR_Ref": null, "START_SR_C": null, "END_SR_Com": null, "START_po_2": "A", "END_poin_1": "A", "START_po_3": 1, "END_poin_2": 1 }, "geometry": { "type": "LineString", "coordinates": [ [ 24.6609, 36.4881 ], [ 25.168, 36.5821 ], [ 24.6609, 36.4881 ] ] } },
{ "type": "Feature", "properties": { "Shape_Leng": 0.80538341179799999, "SS_ID": 111, "START_OBJE": 161, "END_OBJECT": 161, "START_Lon": 24.2422, "END_Lon": 24.2422, "START_Lat": 36.814, "END_Lat": 36.814, "START_poin": "A", "END_point_": "A", "START_po_1": 1, "END_point1": 1, "START_SS_I": 111, "END_SS_ID": 111, "START_Name": "Falkonéra", "END_NameEN": "Falkonéra", "START_Na_1": "Φαλκονέρα", "END_NameEL": "Φαλκονέρα", "START_Stri": 279, "END_Strike": 279, "START_Dip_": 9, "END_Dip_Di": 9, "START_Dip": 50, "END_Dip": 50, "START_Rake": 270, "END_Rake": 270, "START_Ra_1": -90, "END_Rake__": -90, "START_Kine": "N", "END_Kinema": "N", "START_Leng": 36.0, "END_Length": 36.0, "START_Widt": 18.5, "END_Width_": 18.5, "START_Min_": 0.0, "END_Min_De": 0.0, "START_Max_": 14.2, "END_Max_De": 14.2, "START_Rupt": 666.0, "END_Ruptur": 666.0, "START_Aver": 1.02, "END_Averag": 1.02, "START_Mw__": 6.8, "END_Mw__W_": 6.8, "START_Mw_1": 6.8, "END_Mw__K_": 6.8, "START_M0__": 2.04e+19, "END_M0__Nm": 2.04e+19, "START_LonA": 24.2422, "END_LonA": 24.2422, "START_LatA": 36.814, "END_LatA": 36.814, "START_LonB": 23.8427, "END_LonB": 23.8427, "START_LatB": 36.8646, "END_LatB": 36.8646, "START_Lon1": 24.2422, "END_Lon1": 24.2422, "START_Lat1": 36.814, "END_Lat1": 36.814, "START_Lon2": 23.8427, "END_Lon2": 23.8427, "START_Lat2": 36.8646, "END_Lat2": 36.8646, "START_Lon3": 23.8635, "END_Lon3": 23.8635, "START_Lat3": 36.9703, "END_Lat3": 36.9703, "START_Lon4": 24.2633, "END_Lon4": 24.2633, "START_Lat4": 36.9196, "END_Lat4": 36.9196, "START_SR_m": 0.0, "END_SR_min": 0.0, "START_SR_1": 0.0, "END_SR_max": 0.0, "START_SR_a": null, "END_SR_avg": null, "START_SR_R": null, "END_SR_Ref": null, "START_SR_C": null, "END_SR_Com": null, "START_po_2": "A", "END_poin_1": "A", "START_po_3": 1, "END_poin_2": 1 }, "geometry": { "type": "LineString", "coordinates": [ [ 24.2422, 36.814 ], [ 23.8427, 36.8646 ], [ 24.2422, 36.814 ] ] } },
{ "type": "Feature", "properties": { "Shape_Leng": 1.2087980972900001, "SS_ID": 112, "START_OBJE": 163, "END_OBJECT": 163, "START_Lon": 24.155, "END_Lon": 24.155, "START_Lat": 36.5657, "END_Lat": 36.5657, "START_poin": "A", "END_point_": "A", "START_po_1": 1, "END_point1": 1, "START_SS_I": 112, "END_SS_ID": 112, "START_Name": "Myrtoan Sea A", "END_NameEN": "Myrtoan Sea A", "START_Na_1": "Μυρτώο Α", "END_NameEL": "Μυρτώο Α", "START_Stri": 297, "END_Strike": 297, "START_Dip_": 27, "END_Dip_Di": 27, "START_Dip": 50, "END_Dip": 50, "START_Rake": 290, "END_Rake": 290, "START_Ra_1": -70, "END_Rake__": -70, "START_Kine": "NS", "END_Kinema": "NS", "START_Leng": 56.0, "END_Length": 56.0, "START_Widt": 25.0, "END_Width_": 25.0, "START_Min_": 0.0, "END_Min_De": 0.0, "START_Max_": 19.2, "END_Max_De": 19.2, "START_Rupt": 1400.0, "END_Ruptur": 1400.0, "START_Aver": 1.51, "END_Averag": 1.51, "START_Mw__": 7.1, "END_Mw__W_": 7.1, "START_Mw_1": 7.1, "END_Mw__K_": 7.1, "START_M0__": 6.36e+19, "END_M0__Nm": 6.36e+19, "START_LonA": 24.155, "END_LonA": 24.155, "START_LatA": 36.5657, "END_LatA": 36.5657, "START_LonB": 23.5955, "END_LonB": 23.5955, "START_LatB": 36.7943, "END_LatB": 36.7943, "START_Lon1": 24.155, "END_Lon1": 24.155, "START_Lat1": 36.5657, "END_Lat1": 36.5657, "START_Lon2": 23.5955, "END_Lon2": 23.5955, "START_Lat2": 36.7943, "END_Lat2": 36.7943, "START_Lon3": 23.6772, "END_Lon3": 23.6772, "START_Lat3": 36.9231, "END_Lat3": 36.9231, "START_Lon4": 24.2371, "END_Lon4": 24.2371, "START_Lat4": 36.6944, "END_Lat4": 36.6944, "START_SR_m": 0.0, "END_SR_min": 0.0, "START_SR_1": 0.0, "END_SR_max": 0.0, "START_SR_a": null, "END_SR_avg": null, "START_SR_R": null, "END_SR_Ref": null, "START_SR_C": null, "END_SR_Com": null, "START_po_2": "A", "END_poin_1": "A", "START_po_3": 1, "END_poin_2": 1 }, "geometry": { "type": "LineString", "coordinates": [ [ 24.155, 36.5657 ], [ 23.5955, 36.7943 ], [ 24.155, 36.5657 ] ] } },
{ "type": "Feature", "properties": { "Shape_Leng": 0.7192, "SS_ID": 113, "START_OBJE": 165, "END_OBJECT": 165, "START_Lon": 23.5988, "END_Lon": 23.5988, "START_Lat": 36.8422, "END_Lat": 36.8422, "START_poin": "A", "END_point_": "A", "START_po_1": 1, "END_point1": 1, "START_SS_I": 113, "END_SS_ID": 113, "START_Name": "Myrtoan Sea B", "END_NameEN": "Myrtoan Sea B", "START_Na_1": "Μυρτώο Β", "END_NameEL": "Μυρτώο Β", "START_Stri": 320, "END_Strike": 320, "START_Dip_": 50, "END_Dip_Di": 50, "START_Dip": 50, "END_Dip": 50, "START_Rake": 300, "END_Rake": 300, "START_Ra_1": -60, "END_Rake__": -60, "START_Kine": "NS", "END_Kinema": "NS", "START_Leng": 36.0, "END_Length": 36.0, "START_Widt": 18.5, "END_Width_": 18.5, "START_Min_": 0.0, "END_Min_De": 0.0, "START_Max_": 14.2, "END_Max_De": 14.2, "START_Rupt": 666.0, "END_Ruptur": 666.0, "START_Aver": 1.02, "END_Averag": 1.02, "START_Mw__": 6.8, "END_Mw__W_": 6.8, "START_Mw_1": 6.8, "END_Mw__K_": 6.8, "START_M0__": 2.04e+19, "END_M0__Nm": 2.04e+19, "START_LonA": 23.5988, "END_LonA": 23.5988, "START_LatA": 36.8422, "END_LatA": 36.8422, "START_LonB": 23.3384, "END_LonB": 23.3384, "START_LatB": 37.0902, "END_LatB": 37.0902, "START_Lon1": 23.5988, "END_Lon1": 23.5988, "START_Lat1": 36.8422, "END_Lat1": 36.8422, "START_Lon2": 23.3384, "END_Lon2": 23.3384, "START_Lat2": 37.0902, "END_Lat2": 37.0902, "START_Lon3": 23.441, "END_Lon3": 23.441, "START_Lat3": 37.1589, "END_Lat3": 37.1589, "START_Lon4": 23.7014, "END_Lon4": 23.7014, "START_Lat4": 36.9109, "END_Lat4": 36.9109, "START_SR_m": 0.0, "END_SR_min": 0.0, "START_SR_1": 0.0, "END_SR_max": 0.0, "START_SR_a": null, "END_SR_avg": null, "START_SR_R": null, "END_SR_Ref": null, "START_SR_C": null, "END_SR_Com": null, "START_po_2": "A", "END_poin_1": "A", "START_po_3": 1, "END_poin_2": 1 }, "geometry": { "type": "LineString", "coordinates": [ [ 23.5988, 36.8422 ], [ 23.3384, 37.0902 ], [ 23.5988, 36.8422 ] ] } },
{ "type": "Feature", "properties": { "Shape_Leng": 0.94192899944700004, "SS_ID": 114, "START_OBJE": 167, "END_OBJECT": 167, "START_Lon": 23.022, "END_Lon": 23.022, "START_Lat": 37.0748, "END_Lat": 37.0748, "START_poin": "A", "END_point_": "A", "START_po_1": 1, "END_point1": 1, "START_SS_I": 114, "END_SS_ID": 114, "START_Name": "Argolis Gulf", "END_NameEN": "Argolis Gulf", "START_Na_1": "Αργολικός Κόλπος", "END_NameEL": "Αργολικός Κόλπος", "START_Stri": 333, "END_Strike": 333, "START_Dip_": 63, "END_Dip_Di": 63, "START_Dip": 50, "END_Dip": 50, "START_Rake": 290, "END_Rake": 290, "START_Ra_1": -70, "END_Rake__": -70, "START_Kine": "NS", "END_Kinema": "NS", "START_Leng": 49.5, "END_Length": 49.5, "START_Widt": 23.0, "END_Width_": 23.0, "START_Min_": 0.0, "END_Min_De": 0.0, "START_Max_": 17.6, "END_Max_De": 17.6, "START_Rupt": 1138.5, "END_Ruptur": 1138.5, "START_Aver": 1.36, "END_Averag": 1.36, "START_Mw__": 7.0, "END_Mw__W_": 7.0, "START_Mw_1": 7.0, "END_Mw__K_": 7.0, "START_M0__": 4.64e+19, "END_M0__Nm": 4.64e+19, "START_LonA": 23.022, "END_LonA": 23.022, "START_LatA": 37.0748, "END_LatA": 37.0748, "START_LonB": 22.768, "END_LonB": 22.768, "START_LatB": 37.4714, "END_LatB": 37.4714, "START_Lon1": 23.022, "END_Lon1": 23.022, "START_Lat1": 37.0748, "END_Lat1": 37.0748, "START_Lon2": 22.768, "END_Lon2": 22.768, "START_Lat2": 37.4714, "END_Lat2": 37.4714, "START_Lon3": 22.9171, "END_Lon3": 22.9171, "START_Lat3": 37.5318, "END_Lat3": 37.5318, "START_Lon4": 23.1708, "END_Lon4": 23.1708, "START_Lat4": 37.1351, "END_Lat4": 37.1351, "START_SR_m": 0.0, "END_SR_min": 0.0, "START_SR_1": 0.0, "END_SR_max": 0.0, "START_SR_a": null, "END_SR_avg": null, "START_SR_R": null, "END_SR_Ref": null, "START_SR_C": null, "END_SR_Com": null, "START_po_2": "A", "END_poin_1": "A", "START_po_3": 1, "END_poin_2": 1 }, "geometry": { "type": "LineString", "coordinates": [ [ 23.022, 37.0748 ], [ 22.768, 37.4714 ], [ 23.022, 37.0748 ] ] } },
{ "type": "Feature", "properties": { "Shape_Leng": 0.57407288735799999, "SS_ID": 115, "START_OBJE": 169, "END_OBJECT": 169, "START_Lon": 23.1426, "END_Lon": 23.1426, "START_Lat": 36.7939, "END_Lat": 36.7939, "START_poin": "A", "END_point_": "A", "START_po_1": 1, "END_point1": 1, "START_SS_I": 115, "END_SS_ID": 115, "START_Name": "Kyparíssi", "END_NameEN": "Kyparíssi", "START_Na_1": "Κυπαρίσσι", "END_NameEL": "Κυπαρίσσι", "START_Stri": 341, "END_Strike": 341, "START_Dip_": 71, "END_Dip_Di": 71, "START_Dip": 50, "END_Dip": 50, "START_Rake": 280, "END_Rake": 280, "START_Ra_1": -80, "END_Rake__": -80, "START_Kine": "N", "END_Kinema": "N", "START_Leng": 31.0, "END_Length": 31.0, "START_Widt": 16.5, "END_Width_": 16.5, "START_Min_": 0.0, "END_Min_De": 0.0, "START_Max_": 12.6, "END_Max_De": 12.6, "START_Rupt": 511.5, "END_Ruptur": 511.5, "START_Aver": 0.89, "END_Averag": 0.89, "START_Mw__": 6.7, "END_Mw__W_": 6.7, "START_Mw_1": 6.7, "END_Mw__K_": 6.7, "START_M0__": 1.37e+19, "END_M0__Nm": 1.37e+19, "START_LonA": 23.1426, "END_LonA": 23.1426, "START_LatA": 36.7939, "END_LatA": 36.7939, "START_LonB": 23.029, "END_LonB": 23.029, "START_LatB": 37.0575, "END_LatB": 37.0575, "START_Lon1": 23.1426, "END_Lon1": 23.1426, "START_Lat1": 36.7939, "END_Lat1": 36.7939, "START_Lon2": 23.029, "END_Lon2": 23.029, "START_Lat2": 37.0575, "END_Lat2": 37.0575, "START_Lon3": 23.142, "END_Lon3": 23.142, "START_Lat3": 37.0886, "END_Lat3": 37.0886, "START_Lon4": 23.2553, "END_Lon4": 23.2553, "START_Lat4": 36.825, "END_Lat4": 36.825, "START_SR_m": 0.0, "END_SR_min": 0.0, "START_SR_1": 0.0, "END_SR_max": 0.0, "START_SR_a": null, "END_SR_avg": null, "START_SR_R": null, "END_SR_Ref": null, "START_SR_C": null, "END_SR_Com": null, "START_po_2": "A", "END_poin_1": "A", "START_po_3": 1, "END_poin_2": 1 }, "geometry": { "type": "LineString", "coordinates": [ [ 23.1426, 36.7939 ], [ 23.029, 37.0575 ], [ 23.1426, 36.7939 ] ] } },
{ "type": "Feature", "properties": { "Shape_Leng": 0.646002476775, "SS_ID": 116, "START_OBJE": 171, "END_OBJECT": 171, "START_Lon": 23.2231, "END_Lon": 23.2231, "START_Lat": 36.4547, "END_Lat": 36.4547, "START_poin": "A", "END_point_": "A", "START_po_1": 1, "END_point1": 1, "START_SS_I": 116, "END_SS_ID": 116, "START_Name": "Monemvásia", "END_NameEN": "Monemvásia", "START_Na_1": "Μονεμβασιά", "END_NameEL": "Μονεμβασιά", "START_Stri": 342, "END_Strike": 342, "START_Dip_": 72, "END_Dip_Di": 72, "START_Dip": 50, "END_Dip": 50, "START_Rake": 280, "END_Rake": 280, "START_Ra_1": -80, "END_Rake__": -80, "START_Kine": "N", "END_Kinema": "N", "START_Leng": 35.0, "END_Length": 35.0, "START_Widt": 18.0, "END_Width_": 18.0, "START_Min_": 0.0, "END_Min_De": 0.0, "START_Max_": 13.8, "END_Max_De": 13.8, "START_Rupt": 630.0, "END_Ruptur": 630.0, "START_Aver": 0.99, "END_Averag": 0.99, "START_Mw__": 6.8, "END_Mw__W_": 6.8, "START_Mw_1": 6.8, "END_Mw__K_": 6.8, "START_M0__": 1.87e+19, "END_M0__Nm": 1.87e+19, "START_LonA": 23.2231, "END_LonA": 23.2231, "START_LatA": 36.4547, "END_LatA": 36.4547, "START_LonB": 23.1019, "END_LonB": 23.1019, "START_LatB": 36.7541, "END_LatB": 36.7541, "START_Lon1": 23.2231, "END_Lon1": 23.2231, "START_Lat1": 36.4547, "END_Lat1": 36.4547, "START_Lon2": 23.1019, "END_Lon2": 23.1019, "START_Lat2": 36.7541, "END_Lat2": 36.7541, "START_Lon3": 23.2253, "END_Lon3": 23.2253, "START_Lat3": 36.7862, "END_Lat3": 36.7862, "START_Lon4": 23.3463, "END_Lon4": 23.3463, "START_Lat4": 36.4869, "END_Lat4": 36.4869, "START_SR_m": 0.0, "END_SR_min": 0.0, "START_SR_1": 0.0, "END_SR_max": 0.0, "START_SR_a": null, "END_SR_avg": null, "START_SR_R": null, "END_SR_Ref": null, "START_SR_C": null, "END_SR_Com": null, "START_po_2": "A", "END_poin_1": "A", "START_po_3": 1, "END_poin_2": 1 }, "geometry": { "type": "LineString", "coordinates": [ [ 23.2231, 36.4547 ], [ 23.1019, 36.7541 ], [ 23.2231, 36.4547 ] ] } },
{ "type": "Feature", "properties": { "Shape_Leng": 0.82961670667800003, "SS_ID": 117, "START_OBJE": 173, "END_OBJECT": 173, "START_Lon": 27.6904, "END_Lon": 27.6904, "START_Lat": 36.1782, "END_Lat": 36.1782, "START_poin": "A", "END_point_": "A", "START_po_1": 1, "END_point1": 1, "START_SS_I": 117, "END_SS_ID": 117, "START_Name": "Chalce", "END_NameEN": "Chalce", "START_Na_1": "Χάλκη", "END_NameEL": "Χάλκη", "START_Stri": 240, "END_Strike": 240, "START_Dip_": 330, "END_Dip_Di": 330, "START_Dip": 42, "END_Dip": 42, "START_Rake": 308, "END_Rake": 308, "START_Ra_1": -52, "END_Rake__": -52, "START_Kine": "NS", "END_Kinema": "NS", "START_Leng": 39.0, "END_Length": 39.0, "START_Widt": 19.5, "END_Width_": 19.5, "START_Min_": 0.0, "END_Min_De": 0.0, "START_Max_": 13.0, "END_Max_De": 13.0, "START_Rupt": 760.5, "END_Ruptur": 760.5, "START_Aver": 1.1, "END_Averag": 1.1, "START_Mw__": 6.9, "END_Mw__W_": 6.9, "START_Mw_1": 6.9, "END_Mw__K_": 6.9, "START_M0__": 2.5e+19, "END_M0__Nm": 2.5e+19, "START_LonA": 27.6904, "END_LonA": 27.6904, "START_LatA": 36.1782, "END_LatA": 36.1782, "START_LonB": 27.3145, "END_LonB": 27.3145, "START_LatB": 36.0028, "END_LatB": 36.0028, "START_Lon1": 27.6904, "END_Lon1": 27.6904, "START_Lat1": 36.1782, "END_Lat1": 36.1782, "START_Lon2": 27.3145, "END_Lon2": 27.3145, "START_Lat2": 36.0028, "END_Lat2": 36.0028, "START_Lon3": 27.2337, "END_Lon3": 27.2337, "START_Lat3": 36.1157, "END_Lat3": 36.1157, "START_Lon4": 27.6098, "END_Lon4": 27.6098, "START_Lat4": 36.291, "END_Lat4": 36.291, "START_SR_m": 0.0, "END_SR_min": 0.0, "START_SR_1": 0.0, "END_SR_max": 0.0, "START_SR_a": null, "END_SR_avg": null, "START_SR_R": null, "END_SR_Ref": null, "START_SR_C": null, "END_SR_Com": null, "START_po_2": "A", "END_poin_1": "A", "START_po_3": 1, "END_poin_2": 1 }, "geometry": { "type": "LineString", "coordinates": [ [ 27.6904, 36.1782 ], [ 27.3145, 36.0028 ], [ 27.6904, 36.1782 ] ] } },
{ "type": "Feature", "properties": { "Shape_Leng": 0.95315738469599998, "SS_ID": 118, "START_OBJE": 175, "END_OBJECT": 175, "START_Lon": 27.1374, "END_Lon": 27.1374, "START_Lat": 36.2088, "END_Lat": 36.2088, "START_poin": "A", "END_point_": "A", "START_po_1": 1, "END_point1": 1, "START_SS_I": 118, "END_SS_ID": 118, "START_Name": "Astakída", "END_NameEN": "Astakída", "START_Na_1": "Αστακίδα", "END_NameEL": "Αστακίδα", "START_Stri": 191, "END_Strike": 191, "START_Dip_": 281, "END_Dip_Di": 281, "START_Dip": 40, "END_Dip": 40, "START_Rake": 295, "END_Rake": 295, "START_Ra_1": -65, "END_Rake__": -65, "START_Kine": "NS", "END_Kinema": "NS", "START_Leng": 52.5, "END_Length": 52.5, "START_Widt": 24.0, "END_Width_": 24.0, "START_Min_": 0.0, "END_Min_De": 0.0, "START_Max_": 15.4, "END_Max_De": 15.4, "START_Rupt": 1260.0, "END_Ruptur": 1260.0, "START_Aver": 1.43, "END_Averag": 1.43, "START_Mw__": 7.1, "END_Mw__W_": 7.1, "START_Mw_1": 7.1, "END_Mw__K_": 7.1, "START_M0__": 5.41e+19, "END_M0__Nm": 5.41e+19, "START_LonA": 27.1374, "END_LonA": 27.1374, "START_LatA": 36.2088, "END_LatA": 36.2088, "START_LonB": 27.0261, "END_LonB": 27.0261, "START_LatB": 35.7454, "END_LatB": 35.7454, "START_Lon1": 27.1374, "END_Lon1": 27.1374, "START_Lat1": 36.2088, "END_Lat1": 36.2088, "START_Lon2": 27.0261, "END_Lon2": 27.0261, "START_Lat2": 35.7454, "END_Lat2": 35.7454, "START_Lon3": 26.8258, "END_Lon3": 26.8258, "START_Lat3": 35.7769, "END_Lat3": 35.7769, "START_Lon4": 26.9365, "END_Lon4": 26.9365, "START_Lat4": 36.2404, "END_Lat4": 36.2404, "START_SR_m": 0.0, "END_SR_min": 0.0, "START_SR_1": 0.0, "END_SR_max": 0.0, "START_SR_a": null, "END_SR_avg": null, "START_SR_R": null, "END_SR_Ref": null, "START_SR_C": null, "END_SR_Com": null, "START_po_2": "A", "END_poin_1": "A", "START_po_3": 1, "END_poin_2": 1 }, "geometry": { "type": "LineString", "coordinates": [ [ 27.1374, 36.2088 ], [ 27.0261, 35.7454 ], [ 27.1374, 36.2088 ] ] } },
{ "type": "Feature", "properties": { "Shape_Leng": 0.93499751871299996, "SS_ID": 119, "START_OBJE": 177, "END_OBJECT": 177, "START_Lon": 27.0973, "END_Lon": 27.0973, "START_Lat": 35.6757, "END_Lat": 35.6757, "START_poin": "A", "END_point_": "A", "START_po_1": 1, "END_point1": 1, "START_SS_I": 119, "END_SS_ID": 119, "START_Name": "Leucos", "END_NameEN": "Leucos", "START_Na_1": "Λευκός", "END_NameEL": "Λευκός", "START_Stri": 234, "END_Strike": 234, "START_Dip_": 324, "END_Dip_Di": 324, "START_Dip": 80, "END_Dip": 80, "START_Rake": 335, "END_Rake": 335, "START_Ra_1": -25, "END_Rake__": -25, "START_Kine": "SN", "END_Kinema": "SN", "START_Leng": 45.0, "END_Length": 45.0, "START_Widt": 12.0, "END_Width_": 12.0, "START_Min_": 0.0, "END_Min_De": 0.0, "START_Max_": 11.8, "END_Max_De": 11.8, "START_Rupt": 540.0, "END_Ruptur": 540.0, "START_Aver": 1.09, "END_Averag": 1.09, "START_Mw__": 6.8, "END_Mw__W_": 6.8, "START_Mw_1": 6.8, "END_Mw__K_": 6.8, "START_M0__": 1.7602e+19, "END_M0__Nm": 1.7602e+19, "START_LonA": 27.0973, "END_LonA": 27.0973, "START_LatA": 35.6757, "END_LatA": 35.6757, "START_LonB": 26.6948, "END_LonB": 26.6948, "START_LatB": 35.4379, "END_LatB": 35.4379, "START_Lon1": 27.0973, "END_Lon1": 27.0973, "START_Lat1": 35.6757, "END_Lat1": 35.6757, "START_Lon2": 26.6948, "END_Lon2": 26.6948, "START_Lat2": 35.4379, "END_Lat2": 35.4379, "START_Lon3": 26.6813, "END_Lon3": 26.6813, "START_Lat3": 35.453, "END_Lat3": 35.453, "START_Lon4": 27.0837, "END_Lon4": 27.0837, "START_Lat4": 35.6909, "END_Lat4": 35.6909, "START_SR_m": 0.0, "END_SR_min": 0.0, "START_SR_1": 0.0, "END_SR_max": 0.0, "START_SR_a": null, "END_SR_avg": null, "START_SR_R": null, "END_SR_Ref": null, "START_SR_C": null, "END_SR_Com": null, "START_po_2": "A", "END_poin_1": "A", "START_po_3": 1, "END_poin_2": 1 }, "geometry": { "type": "LineString", "coordinates": [ [ 27.0973, 35.6757 ], [ 26.6948, 35.4379 ], [ 27.0973, 35.6757 ] ] } },
{ "type": "Feature", "properties": { "Shape_Leng": 1.16139214738, "SS_ID": 120, "START_OBJE": 179, "END_OBJECT": 179, "START_Lon": 26.4574, "END_Lon": 26.4574, "START_Lat": 36.2194, "END_Lat": 36.2194, "START_poin": "A", "END_point_": "A", "START_po_1": 1, "END_point1": 1, "START_SS_I": 120, "END_SS_ID": 120, "START_Name": "Sophraná", "END_NameEN": "Sophraná", "START_Na_1": "Σοφρανά", "END_NameEL": "Σοφρανά", "START_Stri": 244, "END_Strike": 244, "START_Dip_": 334, "END_Dip_Di": 334, "START_Dip": 60, "END_Dip": 60, "START_Rake": 240, "END_Rake": 240, "START_Ra_1": -120, "END_Rake__": -120, "START_Kine": "ND", "END_Kinema": "ND", "START_Leng": 54.0, "END_Length": 54.0, "START_Widt": 24.5, "END_Width_": 24.5, "START_Min_": 0.0, "END_Min_De": 0.0, "START_Max_": 21.2, "END_Max_De": 21.2, "START_Rupt": 1323.0, "END_Ruptur": 1323.0, "START_Aver": 1.47, "END_Averag": 1.47, "START_Mw__": 7.1, "END_Mw__W_": 7.1, "START_Mw_1": 7.1, "END_Mw__K_": 7.1, "START_M0__": 5.83e+19, "END_M0__Nm": 5.83e+19, "START_LonA": 26.4574, "END_LonA": 26.4574, "START_LatA": 36.2194, "END_LatA": 36.2194, "START_LonB": 25.9171, "END_LonB": 25.9171, "START_LatB": 36.0066, "END_LatB": 36.0066, "START_Lon1": 26.4574, "END_Lon1": 26.4574, "START_Lat1": 36.2194, "END_Lat1": 36.2194, "START_Lon2": 25.9171, "END_Lon2": 25.9171, "START_Lat2": 36.0066, "END_Lat2": 36.0066, "START_Lon3": 25.8571, "END_Lon3": 25.8571, "START_Lat3": 36.1056, "END_Lat3": 36.1056, "START_Lon4": 26.3977, "END_Lon4": 26.3977, "START_Lat4": 36.3185, "END_Lat4": 36.3185, "START_SR_m": 0.0, "END_SR_min": 0.0, "START_SR_1": 0.0, "END_SR_max": 0.0, "START_SR_a": null, "END_SR_avg": null, "START_SR_R": null, "END_SR_Ref": null, "START_SR_C": null, "END_SR_Com": null, "START_po_2": "A", "END_poin_1": "A", "START_po_3": 1, "END_poin_2": 1 }, "geometry": { "type": "LineString", "coordinates": [ [ 26.4574, 36.2194 ], [ 25.9171, 36.0066 ], [ 26.4574, 36.2194 ] ] } },
{ "type": "Feature", "properties": { "Shape_Leng": 1.00861086649, "SS_ID": 121, "START_OBJE": 181, "END_OBJECT": 181, "START_Lon": 25.1996, "END_Lon": 25.1996, "START_Lat": 36.133, "END_Lat": 36.133, "START_poin": "A", "END_point_": "A", "START_po_1": 1, "END_point1": 1, "START_SS_I": 121, "END_SS_ID": 121, "START_Name": "Christianá", "END_NameEN": "Christianá", "START_Na_1": "Χριστιανά", "END_NameEL": "Χριστιανά", "START_Stri": 67, "END_Strike": 67, "START_Dip_": 157, "END_Dip_Di": 157, "START_Dip": 60, "END_Dip": 60, "START_Rake": 240, "END_Rake": 240, "START_Ra_1": -120, "END_Rake__": -120, "START_Kine": "ND", "END_Kinema": "ND", "START_Leng": 46.5, "END_Length": 46.5, "START_Widt": 22.0, "END_Width_": 22.0, "START_Min_": 0.0, "END_Min_De": 0.0, "START_Max_": 19.1, "END_Max_De": 19.1, "START_Rupt": 1023.0, "END_Ruptur": 1023.0, "START_Aver": 1.28, "END_Averag": 1.28, "START_Mw__": 7.0, "END_Mw__W_": 7.0, "START_Mw_1": 7.0, "END_Mw__K_": 7.0, "START_M0__": 3.94e+19, "END_M0__Nm": 3.94e+19, "START_LonA": 25.1996, "END_LonA": 25.1996, "START_LatA": 36.133, "END_LatA": 36.133, "START_LonB": 25.6767, "END_LonB": 25.6767, "START_LatB": 36.2964, "END_LatB": 36.2964, "START_Lon1": 25.1996, "END_Lon1": 25.1996, "START_Lat1": 36.133, "END_Lat1": 36.133, "START_Lon2": 25.6767, "END_Lon2": 25.6767, "START_Lat2": 36.2964, "END_Lat2": 36.2964, "START_Lon3": 25.7245, "END_Lon3": 25.7245, "START_Lat3": 36.2053, "END_Lat3": 36.2053, "START_Lon4": 25.2476, "END_Lon4": 25.2476, "START_Lat4": 36.0419, "END_Lat4": 36.0419, "START_SR_m": 0.0, "END_SR_min": 0.0, "START_SR_1": 0.0, "END_SR_max": 0.0, "START_SR_a": null, "END_SR_avg": null, "START_SR_R": null, "END_SR_Ref": null, "START_SR_C": null, "END_SR_Com": null, "START_po_2": "A", "END_poin_1": "A", "START_po_3": 1, "END_poin_2": 1 }, "geometry": { "type": "LineString", "coordinates": [ [ 25.1996, 36.133 ], [ 25.6767, 36.2964 ], [ 25.1996, 36.133 ] ] } },
{ "type": "Feature", "properties": { "Shape_Leng": 0.91347785961100003, "SS_ID": 122, "START_OBJE": 183, "END_OBJECT": 183, "START_Lon": 24.4698, "END_Lon": 24.4698, "START_Lat": 36.3367, "END_Lat": 36.3367, "START_poin": "A", "END_point_": "A", "START_po_1": 1, "END_point1": 1, "START_SS_I": 122, "END_SS_ID": 122, "START_Name": "West Chriatianá", "END_NameEN": "West Chriatianá", "START_Na_1": "Δυτικά Χριστιανά", "END_NameEL": "Δυτικά Χριστιανά", "START_Stri": 112, "END_Strike": 112, "START_Dip_": 202, "END_Dip_Di": 202, "START_Dip": 50, "END_Dip": 50, "START_Rake": 280, "END_Rake": 280, "START_Ra_1": -80, "END_Rake__": -80, "START_Kine": "N", "END_Kinema": "N", "START_Leng": 42.0, "END_Length": 42.0, "START_Widt": 20.5, "END_Width_": 20.5, "START_Min_": 0.0, "END_Min_De": 0.0, "START_Max_": 15.7, "END_Max_De": 15.7, "START_Rupt": 861.0, "END_Ruptur": 861.0, "START_Aver": 1.17, "END_Averag": 1.17, "START_Mw__": 6.9, "END_Mw__W_": 6.9, "START_Mw_1": 6.9, "END_Mw__K_": 6.9, "START_M0__": 3.02e+19, "END_M0__Nm": 3.02e+19, "START_LonA": 24.4698, "END_LonA": 24.4698, "START_LatA": 36.3367, "END_LatA": 36.3367, "START_LonB": 24.9041, "END_LonB": 24.9041, "START_LatB": 36.1953, "END_LatB": 36.1953, "START_Lon1": 24.4698, "END_Lon1": 24.4698, "START_Lat1": 36.3367, "END_Lat1": 36.3367, "START_Lon2": 24.9041, "END_Lon2": 24.9041, "START_Lat2": 36.1953, "END_Lat2": 36.1953, "START_Lon3": 24.849, "END_Lon3": 24.849, "START_Lat3": 36.0854, "END_Lat3": 36.0854, "START_Lon4": 24.4149, "END_Lon4": 24.4149, "START_Lat4": 36.2269, "END_Lat4": 36.2269, "START_SR_m": 0.0, "END_SR_min": 0.0, "START_SR_1": 0.0, "END_SR_max": 0.0, "START_SR_a": null, "END_SR_avg": null, "START_SR_R": null, "END_SR_Ref": null, "START_SR_C": null, "END_SR_Com": null, "START_po_2": "A", "END_poin_1": "A", "START_po_3": 1, "END_poin_2": 1 }, "geometry": { "type": "LineString", "coordinates": [ [ 24.4698, 36.3367 ], [ 24.9041, 36.1953 ], [ 24.4698, 36.3367 ] ] } },
{ "type": "Feature", "properties": { "Shape_Leng": 0.977362266511, "SS_ID": 123, "START_OBJE": 185, "END_OBJECT": 185, "START_Lon": 26.598, "END_Lon": 26.598, "START_Lat": 35.6559, "END_Lat": 35.6559, "START_poin": "A", "END_point_": "A", "START_po_1": 1, "END_point1": 1, "START_SS_I": 123, "END_SS_ID": 123, "START_Name": "Divounia", "END_NameEN": "Divounia", "START_Na_1": "Διβούνια", "END_NameEL": "Διβούνια", "START_Stri": 251, "END_Strike": 251, "START_Dip_": 341, "END_Dip_Di": 341, "START_Dip": 60, "END_Dip": 60, "START_Rake": 330, "END_Rake": 330, "START_Ra_1": -30, "END_Rake__": -30, "START_Kine": "SN", "END_Kinema": "SN", "START_Leng": 45.0, "END_Length": 45.0, "START_Widt": 12.0, "END_Width_": 12.0, "START_Min_": 0.0, "END_Min_De": 0.0, "START_Max_": 10.4, "END_Max_De": 10.4, "START_Rupt": 540.0, "END_Ruptur": 540.0, "START_Aver": 1.09, "END_Averag": 1.09, "START_Mw__": 6.8, "END_Mw__W_": 6.8, "START_Mw_1": 6.8, "END_Mw__K_": 6.8, "START_M0__": 1.76e+19, "END_M0__Nm": 1.76e+19, "START_LonA": 26.598, "END_LonA": 26.598, "START_LatA": 35.6559, "END_LatA": 35.6559, "START_LonB": 26.1274, "END_LonB": 26.1274, "START_LatB": 35.5242, "END_LatB": 35.5242, "START_Lon1": 26.598, "END_Lon1": 26.598, "START_Lat1": 35.6559, "END_Lat1": 35.6559, "START_Lon2": 26.1274, "END_Lon2": 26.1274, "START_Lat2": 35.5242, "END_Lat2": 35.5242, "START_Lon3": 26.1057, "END_Lon3": 26.1057, "START_Lat3": 35.5752, "END_Lat3": 35.5752, "START_Lon4": 26.5764, "END_Lon4": 26.5764, "START_Lat4": 35.7069, "END_Lat4": 35.7069, "START_SR_m": 0.0, "END_SR_min": 0.0, "START_SR_1": 0.0, "END_SR_max": 0.0, "START_SR_a": null, "END_SR_avg": null, "START_SR_R": null, "END_SR_Ref": null, "START_SR_C": null, "END_SR_Com": null, "START_po_2": "A", "END_poin_1": "A", "START_po_3": 1, "END_poin_2": 1 }, "geometry": { "type": "LineString", "coordinates": [ [ 26.598, 35.6559 ], [ 26.1274, 35.5242 ], [ 26.598, 35.6559 ] ] } },
{ "type": "Feature", "properties": { "Shape_Leng": 0.70852999936500005, "SS_ID": 124, "START_OBJE": 187, "END_OBJECT": 187, "START_Lon": 25.7418, "END_Lon": 25.7418, "START_Lat": 35.7675, "END_Lat": 35.7675, "START_poin": "A", "END_point_": "A", "START_po_1": 1, "END_point1": 1, "START_SS_I": 124, "END_SS_ID": 124, "START_Name": "Central Cretan Sea", "END_NameEN": "Central Cretan Sea", "START_Na_1": "Κεντρικό Κρητικό Πέλαγος", "END_NameEL": "Κεντρικό Κρητικό Πέλαγος", "START_Stri": 266, "END_Strike": 266, "START_Dip_": 356, "END_Dip_Di": 356, "START_Dip": 55, "END_Dip": 55, "START_Rake": 270, "END_Rake": 270, "START_Ra_1": -90, "END_Rake__": -90, "START_Kine": "N", "END_Kinema": "N", "START_Leng": 32.0, "END_Length": 32.0, "START_Widt": 17.0, "END_Width_": 17.0, "START_Min_": 0.0, "END_Min_De": 0.0, "START_Max_": 13.9, "END_Max_De": 13.9, "START_Rupt": 544.0, "END_Ruptur": 544.0, "START_Aver": 0.92, "END_Averag": 0.92, "START_Mw__": 6.7, "END_Mw__W_": 6.7, "START_Mw_1": 6.7, "END_Mw__K_": 6.7, "START_M0__": 1.5e+19, "END_M0__Nm": 1.5e+19, "START_LonA": 25.7418, "END_LonA": 25.7418, "START_LatA": 35.7675, "END_LatA": 35.7675, "START_LonB": 25.3881, "END_LonB": 25.3881, "START_LatB": 35.7475, "END_LatB": 35.7475, "START_Lon1": 25.7418, "END_Lon1": 25.7418, "START_Lat1": 35.7675, "END_Lat1": 35.7675, "START_Lon2": 25.3881, "END_Lon2": 25.3881, "START_Lat2": 35.7475, "END_Lat2": 35.7475, "START_Lon3": 25.3804, "END_Lon3": 25.3804, "START_Lat3": 35.8349, "END_Lat3": 35.8349, "START_Lon4": 25.7344, "END_Lon4": 25.7344, "START_Lat4": 35.855, "END_Lat4": 35.855, "START_SR_m": 0.0, "END_SR_min": 0.0, "START_SR_1": 0.0, "END_SR_max": 0.0, "START_SR_a": null, "END_SR_avg": null, "START_SR_R": null, "END_SR_Ref": null, "START_SR_C": null, "END_SR_Com": null, "START_po_2": "A", "END_poin_1": "A", "START_po_3": 1, "END_poin_2": 1 }, "geometry": { "type": "LineString", "coordinates": [ [ 25.7418, 35.7675 ], [ 25.3881, 35.7475 ], [ 25.7418, 35.7675 ] ] } },
{ "type": "Feature", "properties": { "Shape_Leng": 0.92994247133899999, "SS_ID": 125, "START_OBJE": 189, "END_OBJECT": 189, "START_Lon": 23.5882, "END_Lon": 23.5882, "START_Lat": 36.0544, "END_Lat": 36.0544, "START_poin": "A", "END_point_": "A", "START_po_1": 1, "END_point1": 1, "START_SS_I": 125, "END_SS_ID": 125, "START_Name": "West Cretan Sea", "END_NameEN": "West Cretan Sea", "START_Na_1": "Δυτικό Κρητικό Πέλαγος", "END_NameEL": "Δυτικό Κρητικό Πέλαγος", "START_Stri": 99, "END_Strike": 99, "START_Dip_": 189, "END_Dip_Di": 189, "START_Dip": 50, "END_Dip": 50, "START_Rake": 270, "END_Rake": 270, "START_Ra_1": -90, "END_Rake__": -90, "START_Kine": "N", "END_Kinema": "N", "START_Leng": 42.0, "END_Length": 42.0, "START_Widt": 20.5, "END_Width_": 20.5, "START_Min_": 0.0, "END_Min_De": 0.0, "START_Max_": 15.7, "END_Max_De": 15.7, "START_Rupt": 861.0, "END_Ruptur": 861.0, "START_Aver": 1.17, "END_Averag": 1.17, "START_Mw__": 6.9, "END_Mw__W_": 6.9, "START_Mw_1": 6.9, "END_Mw__K_": 6.9, "START_M0__": 3.02e+19, "END_M0__Nm": 3.02e+19, "START_LonA": 23.5882, "END_LonA": 23.5882, "START_LatA": 36.0544, "END_LatA": 36.0544, "START_LonB": 24.0494, "END_LonB": 24.0494, "START_LatB": 35.9953, "END_LatB": 35.9953, "START_Lon1": 23.5882, "END_Lon1": 23.5882, "START_Lat1": 36.0544, "END_Lat1": 36.0544, "START_Lon2": 24.0494, "END_Lon2": 24.0494, "START_Lat2": 35.9953, "END_Lat2": 35.9953, "START_Lon3": 24.0264, "END_Lon3": 24.0264, "START_Lat3": 35.8783, "END_Lat3": 35.8783, "START_Lon4": 23.5654, "END_Lon4": 23.5654, "START_Lat4": 35.9373, "END_Lat4": 35.9373, "START_SR_m": 0.0, "END_SR_min": 0.0, "START_SR_1": 0.0, "END_SR_max": 0.0, "START_SR_a": null, "END_SR_avg": null, "START_SR_R": null, "END_SR_Ref": null, "START_SR_C": null, "END_SR_Com": null, "START_po_2": "A", "END_poin_1": "A", "START_po_3": 1, "END_poin_2": 1 }, "geometry": { "type": "LineString", "coordinates": [ [ 23.5882, 36.0544 ], [ 24.0494, 35.9953 ], [ 23.5882, 36.0544 ] ] } },
{ "type": "Feature", "properties": { "Shape_Leng": 0.62899020660100002, "SS_ID": 126, "START_OBJE": 191, "END_OBJECT": 191, "START_Lon": 23.3466, "END_Lon": 23.3466, "START_Lat": 36.3198, "END_Lat": 36.3198, "START_poin": "A", "END_point_": "A", "START_po_1": 1, "END_point1": 1, "START_SS_I": 126, "END_SS_ID": 126, "START_Name": "Antikythera A", "END_NameEN": "Antikythera A", "START_Na_1": "Αντικύθηρα Α", "END_NameEL": "Αντικύθηρα Α", "START_Stri": 143, "END_Strike": 143, "START_Dip_": 233, "END_Dip_Di": 233, "START_Dip": 50, "END_Dip": 50, "START_Rake": 260, "END_Rake": 260, "START_Ra_1": -100, "END_Rake__": -100, "START_Kine": "N", "END_Kinema": "N", "START_Leng": 32.0, "END_Length": 32.0, "START_Widt": 17.0, "END_Width_": 17.0, "START_Min_": 0.0, "END_Min_De": 0.0, "START_Max_": 13.0, "END_Max_De": 13.0, "START_Rupt": 544.0, "END_Ruptur": 544.0, "START_Aver": 0.92, "END_Averag": 0.92, "START_Mw__": 6.7, "END_Mw__W_": 6.7, "START_Mw_1": 6.7, "END_Mw__K_": 6.7, "START_M0__": 1.5e+19, "END_M0__Nm": 1.5e+19, "START_LonA": 23.3466, "END_LonA": 23.3466, "START_LatA": 36.3198, "END_LatA": 36.3198, "START_LonB": 23.5612, "END_LonB": 23.5612, "START_LatB": 36.0899, "END_LatB": 36.0899, "START_Lon1": 23.3466, "END_Lon1": 23.3466, "START_Lat1": 36.3198, "END_Lat1": 36.3198, "START_Lon2": 23.5612, "END_Lon2": 23.5612, "START_Lat2": 36.0899, "END_Lat2": 36.0899, "START_Lon3": 23.464, "END_Lon3": 23.464, "START_Lat3": 36.0308, "END_Lat3": 36.0308, "START_Lon4": 23.2493, "END_Lon4": 23.2493, "START_Lat4": 36.2606, "END_Lat4": 36.2606, "START_SR_m": 0.0, "END_SR_min": 0.0, "START_SR_1": 0.0, "END_SR_max": 0.0, "START_SR_a": null, "END_SR_avg": null, "START_SR_R": null, "END_SR_Ref": null, "START_SR_C": null, "END_SR_Com": null, "START_po_2": "A", "END_poin_1": "A", "START_po_3": 1, "END_poin_2": 1 }, "geometry": { "type": "LineString", "coordinates": [ [ 23.3466, 36.3198 ], [ 23.5612, 36.0899 ], [ 23.3466, 36.3198 ] ] } },
{ "type": "Feature", "properties": { "Shape_Leng": 0.88025053251899998, "SS_ID": 127, "START_OBJE": 193, "END_OBJECT": 193, "START_Lon": 23.4199, "END_Lon": 23.4199, "START_Lat": 35.8169, "END_Lat": 35.8169, "START_poin": "A", "END_point_": "A", "START_po_1": 1, "END_point1": 1, "START_SS_I": 127, "END_SS_ID": 127, "START_Name": "Antikythera B", "END_NameEN": "Antikythera B", "START_Na_1": "Αντικύθηρα Β", "END_NameEL": "Αντικύθηρα Β", "START_Stri": 330, "END_Strike": 330, "START_Dip_": 60, "END_Dip_Di": 60, "START_Dip": 50, "END_Dip": 50, "START_Rake": 270, "END_Rake": 270, "START_Ra_1": -90, "END_Rake__": -90, "START_Kine": "N", "END_Kinema": "N", "START_Leng": 46.0, "END_Length": 46.0, "START_Widt": 22.0, "END_Width_": 22.0, "START_Min_": 0.0, "END_Min_De": 0.0, "START_Max_": 16.9, "END_Max_De": 16.9, "START_Rupt": 1012.0, "END_Ruptur": 1012.0, "START_Aver": 1.28, "END_Averag": 1.28, "START_Mw__": 7.0, "END_Mw__W_": 7.0, "START_Mw_1": 7.0, "END_Mw__K_": 7.0, "START_M0__": 3.87e+19, "END_M0__Nm": 3.87e+19, "START_LonA": 23.4199, "END_LonA": 23.4199, "START_LatA": 35.8169, "END_LatA": 35.8169, "START_LonB": 23.1643, "END_LonB": 23.1643, "START_LatB": 36.1752, "END_LatB": 36.1752, "START_Lon1": 23.4199, "END_Lon1": 23.4199, "START_Lat1": 35.8169, "END_Lat1": 35.8169, "START_Lon2": 23.1643, "END_Lon2": 23.1643, "START_Lat2": 36.1752, "END_Lat2": 36.1752, "START_Lon3": 23.3006, "END_Lon3": 23.3006, "START_Lat3": 36.2388, "END_Lat3": 36.2388, "START_Lon4": 23.556, "END_Lon4": 23.556, "START_Lat4": 35.8805, "END_Lat4": 35.8805, "START_SR_m": 0.0, "END_SR_min": 0.0, "START_SR_1": 0.0, "END_SR_max": 0.0, "START_SR_a": null, "END_SR_avg": null, "START_SR_R": null, "END_SR_Ref": null, "START_SR_C": null, "END_SR_Com": null, "START_po_2": "A", "END_poin_1": "A", "START_po_3": 1, "END_poin_2": 1 }, "geometry": { "type": "LineString", "coordinates": [ [ 23.4199, 35.8169 ], [ 23.1643, 36.1752 ], [ 23.4199, 35.8169 ] ] } },
{ "type": "Feature", "properties": { "Shape_Leng": 0.85520806824999995, "SS_ID": 128, "START_OBJE": 195, "END_OBJECT": 195, "START_Lon": 26.0032, "END_Lon": 26.0032, "START_Lat": 35.3451, "END_Lat": 35.3451, "START_poin": "A", "END_point_": "A", "START_po_1": 1, "END_point1": 1, "START_SS_I": 128, "END_SS_ID": 128, "START_Name": "Ierápetra", "END_NameEN": "Ierápetra", "START_Na_1": "Ιεράπετρα", "END_NameEL": "Ιεράπετρα", "START_Stri": 209, "END_Strike": 209, "START_Dip_": 299, "END_Dip_Di": 299, "START_Dip": 70, "END_Dip": 70, "START_Rake": 210, "END_Rake": 210, "START_Ra_1": -150, "END_Rake__": -150, "START_Kine": "DN", "END_Kinema": "DN", "START_Leng": 45.0, "END_Length": 45.0, "START_Widt": 12.0, "END_Width_": 12.0, "START_Min_": 0.0, "END_Min_De": 0.0, "START_Max_": 11.3, "END_Max_De": 11.3, "START_Rupt": 540.0, "END_Ruptur": 540.0, "START_Aver": 1.09, "END_Averag": 1.09, "START_Mw__": 6.8, "END_Mw__W_": 6.8, "START_Mw_1": 6.8, "END_Mw__K_": 6.8, "START_M0__": 1.76e+19, "END_M0__Nm": 1.76e+19, "START_LonA": 26.0032, "END_LonA": 26.0032, "START_LatA": 35.3451, "END_LatA": 35.3451, "START_LonB": 25.7632, "END_LonB": 25.7632, "START_LatB": 34.9912, "END_LatB": 34.9912, "START_Lon1": 26.0032, "END_Lon1": 26.0032, "START_Lat1": 35.3451, "END_Lat1": 35.3451, "START_Lon2": 25.7632, "END_Lon2": 25.7632, "START_Lat2": 34.9912, "END_Lat2": 34.9912, "START_Lon3": 25.7238, "END_Lon3": 25.7238, "START_Lat3": 35.0091, "END_Lat3": 35.0091, "START_Lon4": 25.9637, "END_Lon4": 25.9637, "START_Lat4": 35.363, "END_Lat4": 35.363, "START_SR_m": 0.9, "END_SR_min": 0.9, "START_SR_1": 0.9, "END_SR_max": 0.9, "START_SR_a": null, "END_SR_avg": null, "START_SR_R": "Caputo et al. (2010)", "END_SR_Ref": "Caputo et al. (2010)", "START_SR_C": null, "END_SR_Com": null, "START_po_2": "A", "END_poin_1": "A", "START_po_3": 1, "END_poin_2": 1 }, "geometry": { "type": "LineString", "coordinates": [ [ 26.0032, 35.3451 ], [ 25.7632, 34.9912 ], [ 26.0032, 35.3451 ] ] } },
{ "type": "Feature", "properties": { "Shape_Leng": 0.81663272038300005, "SS_ID": 129, "START_OBJE": 197, "END_OBJECT": 197, "START_Lon": 25.2942, "END_Lon": 25.2942, "START_Lat": 34.9871, "END_Lat": 34.9871, "START_poin": "A", "END_point_": "A", "START_po_1": 1, "END_point1": 1, "START_SS_I": 129, "END_SS_ID": 129, "START_Name": "Arvi", "END_NameEN": "Arvi", "START_Na_1": "Άρβη", "END_NameEL": "Άρβη", "START_Stri": 77, "END_Strike": 77, "START_Dip_": 167, "END_Dip_Di": 167, "START_Dip": 55, "END_Dip": 55, "START_Rake": 260, "END_Rake": 260, "START_Ra_1": -100, "END_Rake__": -100, "START_Kine": "N", "END_Kinema": "N", "START_Leng": 37.5, "END_Length": 37.5, "START_Widt": 19.0, "END_Width_": 19.0, "START_Min_": 0.0, "END_Min_De": 0.0, "START_Max_": 15.6, "END_Max_De": 15.6, "START_Rupt": 712.5, "END_Ruptur": 712.5, "START_Aver": 1.06, "END_Averag": 1.06, "START_Mw__": 6.8, "END_Mw__W_": 6.8, "START_Mw_1": 6.8, "END_Mw__K_": 6.8, "START_M0__": 2.26e+19, "END_M0__Nm": 2.26e+19, "START_LonA": 25.2942, "END_LonA": 25.2942, "START_LatA": 34.9871, "END_LatA": 34.9871, "START_LonB": 25.6954, "END_LonB": 25.6954, "START_LatB": 35.063, "END_LatB": 35.063, "START_Lon1": 25.2942, "END_Lon1": 25.2942, "START_Lat1": 34.9871, "END_Lat1": 34.9871, "START_Lon2": 25.6954, "END_Lon2": 25.6954, "START_Lat2": 35.063, "END_Lat2": 35.063, "START_Lon3": 25.7222, "END_Lon3": 25.7222, "START_Lat3": 34.9675, "END_Lat3": 34.9675, "START_Lon4": 25.3212, "END_Lon4": 25.3212, "START_Lat4": 34.8916, "END_Lat4": 34.8916, "START_SR_m": 0.35, "END_SR_min": 0.35, "START_SR_1": 0.0, "END_SR_max": 0.0, "START_SR_a": null, "END_SR_avg": null, "START_SR_R": "Gallen et al. (2014)", "END_SR_Ref": "Gallen et al. (2014)", "START_SR_C": null, "END_SR_Com": null, "START_po_2": "A", "END_poin_1": "A", "START_po_3": 1, "END_poin_2": 1 }, "geometry": { "type": "LineString", "coordinates": [ [ 25.2942, 34.9871 ], [ 25.6954, 35.063 ], [ 25.2942, 34.9871 ] ] } },
{ "type": "Feature", "properties": { "Shape_Leng": 0.58490211146799997, "SS_ID": 130, "START_OBJE": 199, "END_OBJECT": 199, "START_Lon": 25.3783, "END_Lon": 25.3783, "START_Lat": 35.3116, "END_Lat": 35.3116, "START_poin": "A", "END_point_": "A", "START_po_1": 1, "END_point1": 1, "START_SS_I": 130, "END_SS_ID": 130, "START_Name": "Kastélli", "END_NameEN": "Kastélli", "START_Na_1": "Καστέλλι", "END_NameEL": "Καστέλλι", "START_Stri": 195, "END_Strike": 195, "START_Dip_": 285, "END_Dip_Di": 285, "START_Dip": 50, "END_Dip": 50, "START_Rake": 260, "END_Rake": 260, "START_Ra_1": -100, "END_Rake__": -100, "START_Kine": "N", "END_Kinema": "N", "START_Leng": 32.0, "END_Length": 32.0, "START_Widt": 17.0, "END_Width_": 17.0, "START_Min_": 0.0, "END_Min_De": 0.0, "START_Max_": 13.0, "END_Max_De": 13.0, "START_Rupt": 544.0, "END_Ruptur": 544.0, "START_Aver": 0.92, "END_Averag": 0.92, "START_Mw__": 6.7, "END_Mw__W_": 6.7, "START_Mw_1": 6.7, "END_Mw__K_": 6.7, "START_M0__": 1.5e+19, "END_M0__Nm": 1.5e+19, "START_LonA": 25.3783, "END_LonA": 25.3783, "START_LatA": 35.3116, "END_LatA": 35.3116, "START_LonB": 25.2872, "END_LonB": 25.2872, "START_LatB": 35.0337, "END_LatB": 35.0337, "START_Lon1": 25.3783, "END_Lon1": 25.3783, "START_Lat1": 35.3116, "END_Lat1": 35.3116, "START_Lon2": 25.2872, "END_Lon2": 25.2872, "START_Lat2": 35.0337, "END_Lat2": 35.0337, "START_Lon3": 25.1712, "END_Lon3": 25.1712, "START_Lat3": 35.0591, "END_Lat3": 35.0591, "START_Lon4": 25.2621, "END_Lon4": 25.2621, "START_Lat4": 35.3371, "END_Lat4": 35.3371, "START_SR_m": 0.26, "END_SR_min": 0.26, "START_SR_1": 0.0, "END_SR_max": 0.0, "START_SR_a": null, "END_SR_avg": null, "START_SR_R": "Ganas et al. (2022)", "END_SR_Ref": "Ganas et al. (2022)", "START_SR_C": null, "END_SR_Com": null, "START_po_2": "A", "END_poin_1": "A", "START_po_3": 1, "END_poin_2": 1 }, "geometry": { "type": "LineString", "coordinates": [ [ 25.3783, 35.3116 ], [ 25.2872, 35.0337 ], [ 25.3783, 35.3116 ] ] } },
{ "type": "Feature", "properties": { "Shape_Leng": 0.82408613627500005, "SS_ID": 131, "START_OBJE": 201, "END_OBJECT": 201, "START_Lon": 24.1383, "END_Lon": 24.1383, "START_Lat": 35.199, "END_Lat": 35.199, "START_poin": "A", "END_point_": "A", "START_po_1": 1, "END_point1": 1, "START_SS_I": 131, "END_SS_ID": 131, "START_Name": "Sfakiá", "END_NameEN": "Sfakiá", "START_Na_1": "Σφακιά", "END_NameEL": "Σφακιά", "START_Stri": 95, "END_Strike": 95, "START_Dip_": 185, "END_Dip_Di": 185, "START_Dip": 60, "END_Dip": 60, "START_Rake": 270, "END_Rake": 270, "START_Ra_1": -90, "END_Rake__": -90, "START_Kine": "N", "END_Kinema": "N", "START_Leng": 37.5, "END_Length": 37.5, "START_Widt": 19.0, "END_Width_": 19.0, "START_Min_": 0.0, "END_Min_De": 0.0, "START_Max_": 16.5, "END_Max_De": 16.5, "START_Rupt": 712.5, "END_Ruptur": 712.5, "START_Aver": 1.06, "END_Averag": 1.06, "START_Mw__": 6.8, "END_Mw__W_": 6.8, "START_Mw_1": 6.8, "END_Mw__K_": 6.8, "START_M0__": 2.26e+19, "END_M0__Nm": 2.26e+19, "START_LonA": 24.1383, "END_LonA": 24.1383, "START_LatA": 35.199, "END_LatA": 35.199, "START_LonB": 24.5493, "END_LonB": 24.5493, "START_LatB": 35.1697, "END_LatB": 35.1697, "START_Lon1": 24.1383, "END_Lon1": 24.1383, "START_Lat1": 35.199, "END_Lat1": 35.199, "START_Lon2": 24.5493, "END_Lon2": 24.5493, "START_Lat2": 35.1697, "END_Lat2": 35.1697, "START_Lon3": 24.5401, "END_Lon3": 24.5401, "START_Lat3": 35.0845, "END_Lat3": 35.0845, "START_Lon4": 24.1293, "END_Lon4": 24.1293, "START_Lat4": 35.1139, "END_Lat4": 35.1139, "START_SR_m": 0.6, "END_SR_min": 0.6, "START_SR_1": 1.0, "END_SR_max": 1.0, "START_SR_a": null, "END_SR_avg": null, "START_SR_R": "Caputo et al. (2010)", "END_SR_Ref": "Caputo et al. (2010)", "START_SR_C": null, "END_SR_Com": null, "START_po_2": "A", "END_poin_1": "A", "START_po_3": 1, "END_poin_2": 1 }, "geometry": { "type": "LineString", "coordinates": [ [ 24.1383, 35.199 ], [ 24.5493, 35.1697 ], [ 24.1383, 35.199 ] ] } },
{ "type": "Feature", "properties": { "Shape_Leng": 0.85236710401100002, "SS_ID": 132, "START_OBJE": 203, "END_OBJECT": 203, "START_Lon": 24.2984, "END_Lon": 24.2984, "START_Lat": 35.1413, "END_Lat": 35.1413, "START_poin": "A", "END_point_": "A", "START_po_1": 1, "END_point1": 1, "START_SS_I": 132, "END_SS_ID": 132, "START_Name": "Agía Galini", "END_NameEN": "Agía Galini", "START_Na_1": "Αγία Γαλήνη", "END_NameEL": "Αγία Γαλήνη", "START_Stri": 101, "END_Strike": 101, "START_Dip_": 191, "END_Dip_Di": 191, "START_Dip": 60, "END_Dip": 60, "START_Rake": 270, "END_Rake": 270, "START_Ra_1": -90, "END_Rake__": -90, "START_Kine": "N", "END_Kinema": "N", "START_Leng": 39.0, "END_Length": 39.0, "START_Widt": 19.5, "END_Width_": 19.5, "START_Min_": 0.0, "END_Min_De": 0.0, "START_Max_": 16.9, "END_Max_De": 16.9, "START_Rupt": 760.5, "END_Ruptur": 760.5, "START_Aver": 1.1, "END_Averag": 1.1, "START_Mw__": 6.9, "END_Mw__W_": 6.9, "START_Mw_1": 6.9, "END_Mw__K_": 6.9, "START_M0__": 2.5e+19, "END_M0__Nm": 2.5e+19, "START_LonA": 24.2984, "END_LonA": 24.2984, "START_LatA": 35.1413, "END_LatA": 35.1413, "START_LonB": 24.7193, "END_LonB": 24.7193, "START_LatB": 35.0744, "END_LatB": 35.0744, "START_Lon1": 24.2984, "END_Lon1": 24.2984, "START_Lat1": 35.1413, "END_Lat1": 35.1413, "START_Lon2": 24.7193, "END_Lon2": 24.7193, "START_Lat2": 35.0744, "END_Lat2": 35.0744, "START_Lon3": 24.6987, "END_Lon3": 24.6987, "START_Lat3": 34.9883, "END_Lat3": 34.9883, "START_Lon4": 24.2781, "END_Lon4": 24.2781, "START_Lat4": 35.0552, "END_Lat4": 35.0552, "START_SR_m": 0.0, "END_SR_min": 0.0, "START_SR_1": 0.0, "END_SR_max": 0.0, "START_SR_a": null, "END_SR_avg": null, "START_SR_R": null, "END_SR_Ref": null, "START_SR_C": null, "END_SR_Com": null, "START_po_2": "A", "END_poin_1": "A", "START_po_3": 1, "END_poin_2": 1 }, "geometry": { "type": "LineString", "coordinates": [ [ 24.2984, 35.1413 ], [ 24.7193, 35.0744 ], [ 24.2984, 35.1413 ] ] } },
{ "type": "Feature", "properties": { "Shape_Leng": 1.2969243154500001, "SS_ID": 133, "START_OBJE": 205, "END_OBJECT": 205, "START_Lon": 23.6392, "END_Lon": 23.6392, "START_Lat": 35.1768, "END_Lat": 35.1768, "START_poin": "A", "END_point_": "A", "START_po_1": 1, "END_point1": 1, "START_SS_I": 133, "END_SS_ID": 133, "START_Name": "Palaeóchora", "END_NameEN": "Palaeóchora", "START_Na_1": "Παλαιόχωρα", "END_NameEL": "Παλαιόχωρα", "START_Stri": 94, "END_Strike": 94, "START_Dip_": 184, "END_Dip_Di": 184, "START_Dip": 60, "END_Dip": 60, "START_Rake": 270, "END_Rake": 270, "START_Ra_1": -90, "END_Rake__": -90, "START_Kine": "N", "END_Kinema": "N", "START_Leng": 59.0, "END_Length": 59.0, "START_Widt": 26.0, "END_Width_": 26.0, "START_Min_": 0.0, "END_Min_De": 0.0, "START_Max_": 22.5, "END_Max_De": 22.5, "START_Rupt": 1534.0, "END_Ruptur": 1534.0, "START_Aver": 1.59, "END_Averag": 1.59, "START_Mw__": 7.2, "END_Mw__W_": 7.2, "START_Mw_1": 7.2, "END_Mw__K_": 7.2, "START_M0__": 7.32e+19, "END_M0__Nm": 7.32e+19, "START_LonA": 23.6392, "END_LonA": 23.6392, "START_LatA": 35.1768, "END_LatA": 35.1768, "START_LonB": 24.2866, "END_LonB": 24.2866, "START_LatB": 35.1397, "END_LatB": 35.1397, "START_Lon1": 23.6392, "END_Lon1": 23.6392, "START_Lat1": 35.1768, "END_Lat1": 35.1768, "START_Lon2": 24.2866, "END_Lon2": 24.2866, "START_Lat2": 35.1397, "END_Lat2": 35.1397, "START_Lon3": 24.2764, "END_Lon3": 24.2764, "START_Lat3": 35.0231, "END_Lat3": 35.0231, "START_Lon4": 23.6294, "END_Lon4": 23.6294, "START_Lat4": 35.0601, "END_Lat4": 35.0601, "START_SR_m": 0.0, "END_SR_min": 0.0, "START_SR_1": 0.0, "END_SR_max": 0.0, "START_SR_a": null, "END_SR_avg": null, "START_SR_R": null, "END_SR_Ref": null, "START_SR_C": null, "END_SR_Com": null, "START_po_2": "A", "END_poin_1": "A", "START_po_3": 1, "END_poin_2": 1 }, "geometry": { "type": "LineString", "coordinates": [ [ 23.6392, 35.1768 ], [ 24.2866, 35.1397 ], [ 23.6392, 35.1768 ] ] } },
{ "type": "Feature", "properties": { "Shape_Leng": 0.563930102052, "SS_ID": 134, "START_OBJE": 207, "END_OBJECT": 207, "START_Lon": 23.3896, "END_Lon": 23.3896, "START_Lat": 35.0336, "END_Lat": 35.0336, "START_poin": "A", "END_point_": "A", "START_po_1": 1, "END_point1": 1, "START_SS_I": 134, "END_SS_ID": 134, "START_Name": "Krios", "END_NameEN": "Krios", "START_Na_1": "Κριός", "END_NameEL": "Κριός", "START_Stri": 57, "END_Strike": 57, "START_Dip_": 147, "END_Dip_Di": 147, "START_Dip": 60, "END_Dip": 60, "START_Rake": 230, "END_Rake": 230, "START_Ra_1": -130, "END_Rake__": -130, "START_Kine": "ND", "END_Kinema": "ND", "START_Leng": 27.0, "END_Length": 27.0, "START_Widt": 15.0, "END_Width_": 15.0, "START_Min_": 0.0, "END_Min_De": 0.0, "START_Max_": 13.0, "END_Max_De": 13.0, "START_Rupt": 405.0, "END_Ruptur": 405.0, "START_Aver": 0.78, "END_Averag": 0.78, "START_Mw__": 6.6, "END_Mw__W_": 6.6, "START_Mw_1": 6.6, "END_Mw__K_": 6.6, "START_M0__": 9.54e+18, "END_M0__Nm": 9.54e+18, "START_LonA": 23.3896, "END_LonA": 23.3896, "START_LatA": 35.0336, "END_LatA": 35.0336, "START_LonB": 23.6386, "END_LonB": 23.6386, "START_LatB": 35.1659, "END_LatB": 35.1659, "START_Lon1": 23.3896, "END_Lon1": 23.3896, "START_Lat1": 35.0336, "END_Lat1": 35.0336, "START_Lon2": 23.6386, "END_Lon2": 23.6386, "START_Lat2": 35.1659, "END_Lat2": 35.1659, "START_Lon3": 23.6834, "END_Lon3": 23.6834, "START_Lat3": 35.1093, "END_Lat3": 35.1093, "START_Lon4": 23.4346, "END_Lon4": 23.4346, "START_Lat4": 34.9771, "END_Lat4": 34.9771, "START_SR_m": 0.0, "END_SR_min": 0.0, "START_SR_1": 0.0, "END_SR_max": 0.0, "START_SR_a": null, "END_SR_avg": null, "START_SR_R": null, "END_SR_Ref": null, "START_SR_C": null, "END_SR_Com": null, "START_po_2": "A", "END_poin_1": "A", "START_po_3": 1, "END_poin_2": 1 }, "geometry": { "type": "LineString", "coordinates": [ [ 23.3896, 35.0336 ], [ 23.6386, 35.1659 ], [ 23.3896, 35.0336 ] ] } },
{ "type": "Feature", "properties": { "Shape_Leng": 0.57553359589200004, "SS_ID": 135, "START_OBJE": 209, "END_OBJECT": 209, "START_Lon": 23.726, "END_Lon": 23.726, "START_Lat": 35.7044, "END_Lat": 35.7044, "START_poin": "A", "END_point_": "A", "START_po_1": 1, "END_point1": 1, "START_SS_I": 135, "END_SS_ID": 135, "START_Name": "Rodopós", "END_NameEN": "Rodopós", "START_Na_1": "Ροδωπός", "END_NameEL": "Ροδωπός", "START_Stri": 179, "END_Strike": 179, "START_Dip_": 269, "END_Dip_Di": 269, "START_Dip": 60, "END_Dip": 60, "START_Rake": 270, "END_Rake": 270, "START_Ra_1": -90, "END_Rake__": -90, "START_Kine": "N", "END_Kinema": "N", "START_Leng": 32.0, "END_Length": 32.0, "START_Widt": 17.0, "END_Width_": 17.0, "START_Min_": 0.0, "END_Min_De": 0.0, "START_Max_": 14.7, "END_Max_De": 14.7, "START_Rupt": 544.0, "END_Ruptur": 544.0, "START_Aver": 0.92, "END_Averag": 0.92, "START_Mw__": 6.7, "END_Mw__W_": 6.7, "START_Mw_1": 6.7, "END_Mw__K_": 6.7, "START_M0__": 1.5e+19, "END_M0__Nm": 1.5e+19, "START_LonA": 23.726, "END_LonA": 23.726, "START_LatA": 35.7044, "END_LatA": 35.7044, "START_LonB": 23.7322, "END_LonB": 23.7322, "START_LatB": 35.4167, "END_LatB": 35.4167, "START_Lon1": 23.726, "END_Lon1": 23.726, "START_Lat1": 35.7044, "END_Lat1": 35.7044, "START_Lon2": 23.7322, "END_Lon2": 23.7322, "START_Lat2": 35.4167, "END_Lat2": 35.4167, "START_Lon3": 23.6383, "END_Lon3": 23.6383, "START_Lat3": 35.4153, "END_Lat3": 35.4153, "START_Lon4": 23.632, "END_Lon4": 23.632, "START_Lat4": 35.7031, "END_Lat4": 35.7031, "START_SR_m": 0.3, "END_SR_min": 0.3, "START_SR_1": 0.4, "END_SR_max": 0.4, "START_SR_a": null, "END_SR_avg": null, "START_SR_R": "Caputo et al. (2010)", "END_SR_Ref": "Caputo et al. (2010)", "START_SR_C": null, "END_SR_Com": null, "START_po_2": "A", "END_poin_1": "A", "START_po_3": 1, "END_poin_2": 1 }, "geometry": { "type": "LineString", "coordinates": [ [ 23.726, 35.7044 ], [ 23.7322, 35.4167 ], [ 23.726, 35.7044 ] ] } },
{ "type": "Feature", "properties": { "Shape_Leng": 0.97605413784299999, "SS_ID": 136, "START_OBJE": 211, "END_OBJECT": 211, "START_Lon": 23.5623, "END_Lon": 23.5623, "START_Lat": 35.7677, "END_Lat": 35.7677, "START_poin": "A", "END_point_": "A", "START_po_1": 1, "END_point1": 1, "START_SS_I": 136, "END_SS_ID": 136, "START_Name": "Gramvoussa", "END_NameEN": "Gramvoussa", "START_Na_1": "Γραμβούσα", "END_NameEL": "Γραμβούσα", "START_Stri": 188, "END_Strike": 188, "START_Dip_": 278, "END_Dip_Di": 278, "START_Dip": 60, "END_Dip": 60, "START_Rake": 270, "END_Rake": 270, "START_Ra_1": -90, "END_Rake__": -90, "START_Kine": "N", "END_Kinema": "N", "START_Leng": 54.0, "END_Length": 54.0, "START_Widt": 24.5, "END_Width_": 24.5, "START_Min_": 0.0, "END_Min_De": 0.0, "START_Max_": 21.2, "END_Max_De": 21.2, "START_Rupt": 1323.0, "END_Ruptur": 1323.0, "START_Aver": 1.47, "END_Averag": 1.47, "START_Mw__": 7.1, "END_Mw__W_": 7.1, "START_Mw_1": 7.1, "END_Mw__K_": 7.1, "START_M0__": 5.83e+19, "END_M0__Nm": 5.83e+19, "START_LonA": 23.5623, "END_LonA": 23.5623, "START_LatA": 35.7677, "END_LatA": 35.7677, "START_LonB": 23.4792, "END_LonB": 23.4792, "START_LatB": 35.2868, "END_LatB": 35.2868, "START_Lon1": 23.5623, "END_Lon1": 23.5623, "START_Lat1": 35.7677, "END_Lat1": 35.7677, "START_Lon2": 23.4792, "END_Lon2": 23.4792, "START_Lat2": 35.2868, "END_Lat2": 35.2868, "START_Lon3": 23.3454, "END_Lon3": 23.3454, "START_Lat3": 35.3021, "END_Lat3": 35.3021, "START_Lon4": 23.428, "END_Lon4": 23.428, "START_Lat4": 35.783, "END_Lat4": 35.783, "START_SR_m": 0.7, "END_SR_min": 0.7, "START_SR_1": 0.7, "END_SR_max": 0.7, "START_SR_a": null, "END_SR_avg": null, "START_SR_R": "Caputo et al. (2010)", "END_SR_Ref": "Caputo et al. (2010)", "START_SR_C": null, "END_SR_Com": null, "START_po_2": "A", "END_poin_1": "A", "START_po_3": 1, "END_poin_2": 1 }, "geometry": { "type": "LineString", "coordinates": [ [ 23.5623, 35.7677 ], [ 23.4792, 35.2868 ], [ 23.5623, 35.7677 ] ] } },
{ "type": "Feature", "properties": { "Shape_Leng": 0.74133074939599997, "SS_ID": 137, "START_OBJE": 213, "END_OBJECT": 213, "START_Lon": 22.9534, "END_Lon": 22.9534, "START_Lat": 36.0758, "END_Lat": 36.0758, "START_poin": "A", "END_point_": "A", "START_po_1": 1, "END_point1": 1, "START_SS_I": 137, "END_SS_ID": 137, "START_Name": "Cythera", "END_NameEN": "Cythera", "START_Na_1": "Κύθηρα", "END_NameEL": "Κύθηρα", "START_Stri": 141, "END_Strike": 141, "START_Dip_": 231, "END_Dip_Di": 231, "START_Dip": 50, "END_Dip": 50, "START_Rake": 260, "END_Rake": 260, "START_Ra_1": -100, "END_Rake__": -100, "START_Kine": "N", "END_Kinema": "N", "START_Leng": 37.5, "END_Length": 37.5, "START_Widt": 19.0, "END_Width_": 19.0, "START_Min_": 0.0, "END_Min_De": 0.0, "START_Max_": 14.6, "END_Max_De": 14.6, "START_Rupt": 712.5, "END_Ruptur": 712.5, "START_Aver": 1.06, "END_Averag": 1.06, "START_Mw__": 6.8, "END_Mw__W_": 6.8, "START_Mw_1": 6.8, "END_Mw__K_": 6.8, "START_M0__": 2.26e+19, "END_M0__Nm": 2.26e+19, "START_LonA": 22.9534, "END_LonA": 22.9534, "START_LatA": 36.0758, "END_LatA": 36.0758, "START_LonB": 23.2155, "END_LonB": 23.2155, "START_LatB": 35.8137, "END_LatB": 35.8137, "START_Lon1": 22.9534, "END_Lon1": 22.9534, "START_Lat1": 36.0758, "END_Lat1": 36.0758, "START_Lon2": 23.2155, "END_Lon2": 23.2155, "START_Lat2": 35.8137, "END_Lat2": 35.8137, "START_Lon3": 23.1102, "END_Lon3": 23.1102, "START_Lat3": 35.7446, "END_Lat3": 35.7446, "START_Lon4": 22.8479, "END_Lon4": 22.8479, "START_Lat4": 36.0067, "END_Lat4": 36.0067, "START_SR_m": 0.0, "END_SR_min": 0.0, "START_SR_1": 0.0, "END_SR_max": 0.0, "START_SR_a": null, "END_SR_avg": null, "START_SR_R": null, "END_SR_Ref": null, "START_SR_C": null, "END_SR_Com": null, "START_po_2": "A", "END_poin_1": "A", "START_po_3": 1, "END_poin_2": 1 }, "geometry": { "type": "LineString", "coordinates": [ [ 22.9534, 36.0758 ], [ 23.2155, 35.8137 ], [ 22.9534, 36.0758 ] ] } },
{ "type": "Feature", "properties": { "Shape_Leng": 0.86340470232699995, "SS_ID": 138, "START_OBJE": 215, "END_OBJECT": 215, "START_Lon": 22.7703, "END_Lon": 22.7703, "START_Lat": 36.7347, "END_Lat": 36.7347, "START_poin": "A", "END_point_": "A", "START_po_1": 1, "END_point1": 1, "START_SS_I": 138, "END_SS_ID": 138, "START_Name": "Laconic Gulf", "END_NameEN": "Laconic Gulf", "START_Na_1": "Λακωνικός Κόλπος", "END_NameEL": "Λακωνικός Κόλπος", "START_Stri": 181, "END_Strike": 181, "START_Dip_": 271, "END_Dip_Di": 271, "START_Dip": 60, "END_Dip": 60, "START_Rake": 280, "END_Rake": 280, "START_Ra_1": -80, "END_Rake__": -80, "START_Kine": "N", "END_Kinema": "N", "START_Leng": 48.0, "END_Length": 48.0, "START_Widt": 22.5, "END_Width_": 22.5, "START_Min_": 0.0, "END_Min_De": 0.0, "START_Max_": 19.5, "END_Max_De": 19.5, "START_Rupt": 1080.0, "END_Ruptur": 1080.0, "START_Aver": 1.32, "END_Averag": 1.32, "START_Mw__": 7.0, "END_Mw__W_": 7.0, "START_Mw_1": 7.0, "END_Mw__K_": 7.0, "START_M0__": 4.28e+19, "END_M0__Nm": 4.28e+19, "START_LonA": 22.7703, "END_LonA": 22.7703, "START_LatA": 36.7347, "END_LatA": 36.7347, "START_LonB": 22.7609, "END_LonB": 22.7609, "START_LatB": 36.3031, "END_LatB": 36.3031, "START_Lon1": 22.7703, "END_Lon1": 22.7703, "START_Lat1": 36.7347, "END_Lat1": 36.7347, "START_Lon2": 22.7609, "END_Lon2": 22.7609, "START_Lat2": 36.3031, "END_Lat2": 36.3031, "START_Lon3": 22.6352, "END_Lon3": 22.6352, "START_Lat3": 36.3049, "END_Lat3": 36.3049, "START_Lon4": 22.6442, "END_Lon4": 22.6442, "START_Lat4": 36.7365, "END_Lat4": 36.7365, "START_SR_m": 0.0, "END_SR_min": 0.0, "START_SR_1": 0.0, "END_SR_max": 0.0, "START_SR_a": null, "END_SR_avg": null, "START_SR_R": null, "END_SR_Ref": null, "START_SR_C": null, "END_SR_Com": null, "START_po_2": "A", "END_poin_1": "A", "START_po_3": 1, "END_poin_2": 1 }, "geometry": { "type": "LineString", "coordinates": [ [ 22.7703, 36.7347 ], [ 22.7609, 36.3031 ], [ 22.7703, 36.7347 ] ] } },
{ "type": "Feature", "properties": { "Shape_Leng": 0.415101192482, "SS_ID": 139, "START_OBJE": 217, "END_OBJECT": 217, "START_Lon": 22.2564, "END_Lon": 22.2564, "START_Lat": 36.6584, "END_Lat": 36.6584, "START_poin": "A", "END_point_": "A", "START_po_1": 1, "END_point1": 1, "START_SS_I": 139, "END_SS_ID": 139, "START_Name": "Messenian Gulf A", "END_NameEN": "Messenian Gulf A", "START_Na_1": "Μεσσηνιακός Κόλπος Α", "END_NameEL": "Μεσσηνιακός Κόλπος Α", "START_Stri": 174, "END_Strike": 174, "START_Dip_": 264, "END_Dip_Di": 264, "START_Dip": 45, "END_Dip": 45, "START_Rake": 285, "END_Rake": 285, "START_Ra_1": -75, "END_Rake__": -75, "START_Kine": "N", "END_Kinema": "N", "START_Leng": 23.0, "END_Length": 23.0, "START_Widt": 13.5, "END_Width_": 13.5, "START_Min_": 0.0, "END_Min_De": 0.0, "START_Max_": 9.5, "END_Max_De": 9.5, "START_Rupt": 310.5, "END_Ruptur": 310.5, "START_Aver": 0.68, "END_Averag": 0.68, "START_Mw__": 6.5, "END_Mw__W_": 6.5, "START_Mw_1": 6.5, "END_Mw__K_": 6.5, "START_M0__": 6.35e+18, "END_M0__Nm": 6.35e+18, "START_LonA": 22.2564, "END_LonA": 22.2564, "START_LatA": 36.6584, "END_LatA": 36.6584, "START_LonB": 22.2833, "END_LonB": 22.2833, "START_LatB": 36.4526, "END_LatB": 36.4526, "START_Lon1": 22.2564, "END_Lon1": 22.2564, "START_Lat1": 36.6584, "END_Lat1": 36.6584, "START_Lon2": 22.2833, "END_Lon2": 22.2833, "START_Lat2": 36.4526, "END_Lat2": 36.4526, "START_Lon3": 22.1771, "END_Lon3": 22.1771, "START_Lat3": 36.4437, "END_Lat3": 36.4437, "START_Lon4": 22.15, "END_Lon4": 22.15, "START_Lat4": 36.6494, "END_Lat4": 36.6494, "START_SR_m": 0.0, "END_SR_min": 0.0, "START_SR_1": 0.0, "END_SR_max": 0.0, "START_SR_a": null, "END_SR_avg": null, "START_SR_R": null, "END_SR_Ref": null, "START_SR_C": null, "END_SR_Com": null, "START_po_2": "A", "END_poin_1": "A", "START_po_3": 1, "END_poin_2": 1 }, "geometry": { "type": "LineString", "coordinates": [ [ 22.2564, 36.6584 ], [ 22.2833, 36.4526 ], [ 22.2564, 36.6584 ] ] } },
{ "type": "Feature", "properties": { "Shape_Leng": 0.48092344505099999, "SS_ID": 140, "START_OBJE": 219, "END_OBJECT": 219, "START_Lon": 22.1232, "END_Lon": 22.1232, "START_Lat": 36.8897, "END_Lat": 36.8897, "START_poin": "A", "END_point_": "A", "START_po_1": 1, "END_point1": 1, "START_SS_I": 140, "END_SS_ID": 140, "START_Name": "Messenian Gulf B", "END_NameEN": "Messenian Gulf B", "START_Na_1": "Μεσσηνιακός Κόλπος Β", "END_NameEL": "Μεσσηνιακός Κόλπος Β", "START_Stri": 155, "END_Strike": 155, "START_Dip_": 245, "END_Dip_Di": 245, "START_Dip": 45, "END_Dip": 45, "START_Rake": 270, "END_Rake": 270, "START_Ra_1": -90, "END_Rake__": -90, "START_Kine": "N", "END_Kinema": "N", "START_Leng": 25.5, "END_Length": 25.5, "START_Widt": 14.5, "END_Width_": 14.5, "START_Min_": 0.0, "END_Min_De": 0.0, "START_Max_": 10.3, "END_Max_De": 10.3, "START_Rupt": 369.8, "END_Ruptur": 369.8, "START_Aver": 0.75, "END_Averag": 0.75, "START_Mw__": 6.5, "END_Mw__W_": 6.5, "START_Mw_1": 6.5, "END_Mw__K_": 6.5, "START_M0__": 8.3e+18, "END_M0__Nm": 8.3e+18, "START_LonA": 22.1232, "END_LonA": 22.1232, "START_LatA": 36.8897, "END_LatA": 36.8897, "START_LonB": 22.2442, "END_LonB": 22.2442, "START_LatB": 36.6819, "END_LatB": 36.6819, "START_Lon1": 22.1232, "END_Lon1": 22.1232, "START_Lat1": 36.8897, "END_Lat1": 36.8897, "START_Lon2": 22.2442, "END_Lon2": 22.2442, "START_Lat2": 36.6819, "END_Lat2": 36.6819, "START_Lon3": 22.1399, "END_Lon3": 22.1399, "START_Lat3": 36.6429, "END_Lat3": 36.6429, "START_Lon4": 22.0188, "END_Lon4": 22.0188, "START_Lat4": 36.8508, "END_Lat4": 36.8508, "START_SR_m": 0.0, "END_SR_min": 0.0, "START_SR_1": 0.0, "END_SR_max": 0.0, "START_SR_a": null, "END_SR_avg": null, "START_SR_R": null, "END_SR_Ref": null, "START_SR_C": null, "END_SR_Com": null, "START_po_2": "A", "END_poin_1": "A", "START_po_3": 1, "END_poin_2": 1 }, "geometry": { "type": "LineString", "coordinates": [ [ 22.1232, 36.8897 ], [ 22.2442, 36.6819 ], [ 22.1232, 36.8897 ] ] } },
{ "type": "Feature", "properties": { "Shape_Leng": 0.97933171091299998, "SS_ID": 141, "START_OBJE": 221, "END_OBJECT": 221, "START_Lon": 29.3424, "END_Lon": 29.3424, "START_Lat": 35.8569, "END_Lat": 35.8569, "START_poin": "A", "END_point_": "A", "START_po_1": 1, "END_point1": 1, "START_SS_I": 141, "END_SS_ID": 141, "START_Name": "Fenike Basin", "END_NameEN": "Fenike Basin", "START_Na_1": "Λεκάνη Φοινίκης", "END_NameEL": "Λεκάνη Φοινίκης", "START_Stri": 70, "END_Strike": 70, "START_Dip_": 160, "END_Dip_Di": 160, "START_Dip": 65, "END_Dip": 65, "START_Rake": 330, "END_Rake": 330, "START_Ra_1": -30, "END_Rake__": -30, "START_Kine": "SN", "END_Kinema": "SN", "START_Leng": 45.0, "END_Length": 45.0, "START_Widt": 12.0, "END_Width_": 12.0, "START_Min_": 0.0, "END_Min_De": 0.0, "START_Max_": 10.9, "END_Max_De": 10.9, "START_Rupt": 540.0, "END_Ruptur": 540.0, "START_Aver": 0.99, "END_Averag": 0.99, "START_Mw__": 6.8, "END_Mw__W_": 6.8, "START_Mw_1": 6.8, "END_Mw__K_": 6.8, "START_M0__": 1.76e+19, "END_M0__Nm": 1.76e+19, "START_LonA": 29.3424, "END_LonA": 29.3424, "START_LatA": 35.8569, "END_LatA": 35.8569, "START_LonB": 29.8121, "END_LonB": 29.8121, "START_LatB": 35.9953, "END_LatB": 35.9953, "START_Lon1": 29.3424, "END_Lon1": 29.3424, "START_Lat1": 35.8569, "END_Lat1": 35.8569, "START_Lon2": 29.8121, "END_Lon2": 29.8121, "START_Lat2": 35.9953, "END_Lat2": 35.9953, "START_Lon3": 29.8313, "END_Lon3": 29.8313, "START_Lat3": 35.9524, "END_Lat3": 35.9524, "START_Lon4": 29.3618, "END_Lon4": 29.3618, "START_Lat4": 35.814, "END_Lat4": 35.814, "START_SR_m": 0.0, "END_SR_min": 0.0, "START_SR_1": 0.0, "END_SR_max": 0.0, "START_SR_a": null, "END_SR_avg": null, "START_SR_R": null, "END_SR_Ref": null, "START_SR_C": null, "END_SR_Com": null, "START_po_2": "A", "END_poin_1": "A", "START_po_3": 1, "END_poin_2": 1 }, "geometry": { "type": "LineString", "coordinates": [ [ 29.3424, 35.8569 ], [ 29.8121, 35.9953 ], [ 29.3424, 35.8569 ] ] } },
{ "type": "Feature", "properties": { "Shape_Leng": 0.88300679499099999, "SS_ID": 142, "START_OBJE": 223, "END_OBJECT": 223, "START_Lon": 28.9919, "END_Lon": 28.9919, "START_Lat": 35.9427, "END_Lat": 35.9427, "START_poin": "A", "END_point_": "A", "START_po_1": 1, "END_point1": 1, "START_SS_I": 142, "END_SS_ID": 142, "START_Name": "Rho", "END_NameEN": "Rho", "START_Na_1": "Ρω", "END_NameEL": "Ρω", "START_Stri": 65, "END_Strike": 65, "START_Dip_": 155, "END_Dip_Di": 155, "START_Dip": 60, "END_Dip": 60, "START_Rake": 330, "END_Rake": 330, "START_Ra_1": -30, "END_Rake__": -30, "START_Kine": "SN", "END_Kinema": "SN", "START_Leng": 41.0, "END_Length": 41.0, "START_Widt": 11.5, "END_Width_": 11.5, "START_Min_": 0.0, "END_Min_De": 0.0, "START_Max_": 10.0, "END_Max_De": 10.0, "START_Rupt": 471.5, "END_Ruptur": 471.5, "START_Aver": 0.92, "END_Averag": 0.92, "START_Mw__": 6.7, "END_Mw__W_": 6.7, "START_Mw_1": 6.7, "END_Mw__K_": 6.7, "START_M0__": 1.43e+19, "END_M0__Nm": 1.43e+19, "START_LonA": 28.9919, "END_LonA": 28.9919, "START_LatA": 35.9427, "END_LatA": 35.9427, "START_LonB": 29.405, "END_LonB": 29.405, "START_LatB": 36.0985, "END_LatB": 36.0985, "START_Lon1": 28.9919, "END_Lon1": 28.9919, "START_Lat1": 35.9427, "END_Lat1": 35.9427, "START_Lon2": 29.405, "END_Lon2": 29.405, "START_Lat2": 36.0985, "END_Lat2": 36.0985, "START_Lon3": 29.432, "END_Lon3": 29.432, "START_Lat3": 36.0516, "END_Lat3": 36.0516, "START_Lon4": 29.0189, "END_Lon4": 29.0189, "START_Lat4": 35.8958, "END_Lat4": 35.8958, "START_SR_m": 0.0, "END_SR_min": 0.0, "START_SR_1": 0.0, "END_SR_max": 0.0, "START_SR_a": null, "END_SR_avg": null, "START_SR_R": null, "END_SR_Ref": null, "START_SR_C": null, "END_SR_Com": null, "START_po_2": "A", "END_poin_1": "A", "START_po_3": 1, "END_poin_2": 1 }, "geometry": { "type": "LineString", "coordinates": [ [ 28.9919, 35.9427 ], [ 29.405, 36.0985 ], [ 28.9919, 35.9427 ] ] } },
{ "type": "Feature", "properties": { "Shape_Leng": 0.54005347883300003, "SS_ID": 155, "START_OBJE": 225, "END_OBJECT": 225, "START_Lon": 21.2649, "END_Lon": 21.2649, "START_Lat": 36.9124, "END_Lat": 36.9124, "START_poin": "A", "END_point_": "A", "START_po_1": 1, "END_point1": 1, "START_SS_I": 155, "END_SS_ID": 155, "START_Name": "Sphacteria", "END_NameEN": "Sphacteria", "START_Na_1": "Σαφακτηρία", "END_NameEL": "Σαφακτηρία", "START_Stri": 89, "END_Strike": 89, "START_Dip_": 179, "END_Dip_Di": 179, "START_Dip": 45, "END_Dip": 45, "START_Rake": 230, "END_Rake": 230, "START_Ra_1": -130, "END_Rake__": -130, "START_Kine": "ND", "END_Kinema": "ND", "START_Leng": 24.0, "END_Length": 24.0, "START_Widt": 14.0, "END_Width_": 14.0, "START_Min_": 0.0, "END_Min_De": 0.0, "START_Max_": 9.9, "END_Max_De": 9.9, "START_Rupt": 336.0, "END_Ruptur": 336.0, "START_Aver": 0.71, "END_Averag": 0.71, "START_Mw__": 6.5, "END_Mw__W_": 6.5, "START_Mw_1": 6.5, "END_Mw__K_": 6.5, "START_M0__": 7.17e+18, "END_M0__Nm": 7.17e+18, "START_LonA": 21.2649, "END_LonA": 21.2649, "START_LatA": 36.9124, "END_LatA": 36.9124, "START_LonB": 21.5349, "END_LonB": 21.5349, "START_LatB": 36.9162, "END_LatB": 36.9162, "START_Lon1": 21.2649, "END_Lon1": 21.2649, "START_Lat1": 36.9124, "END_Lat1": 36.9124, "START_Lon2": 21.5349, "END_Lon2": 21.5349, "START_Lat2": 36.9162, "END_Lat2": 36.9162, "START_Lon3": 21.5367, "END_Lon3": 21.5367, "START_Lat3": 36.8272, "END_Lat3": 36.8272, "START_Lon4": 21.267, "END_Lon4": 21.267, "START_Lat4": 36.8234, "END_Lat4": 36.8234, "START_SR_m": 0.0, "END_SR_min": 0.0, "START_SR_1": 0.0, "END_SR_max": 0.0, "START_SR_a": null, "END_SR_avg": null, "START_SR_R": null, "END_SR_Ref": null, "START_SR_C": null, "END_SR_Com": null, "START_po_2": "A", "END_poin_1": "A", "START_po_3": 1, "END_poin_2": 1 }, "geometry": { "type": "LineString", "coordinates": [ [ 21.2649, 36.9124 ], [ 21.5349, 36.9162 ], [ 21.2649, 36.9124 ] ] } },
{ "type": "Feature", "properties": { "Shape_Leng": 0.43285119844999997, "SS_ID": 206, "START_OBJE": 227, "END_OBJECT": 227, "START_Lon": 20.8115, "END_Lon": 20.8115, "START_Lat": 40.7016, "END_Lat": 40.7016, "START_poin": "A", "END_point_": "A", "START_po_1": 1, "END_point1": 1, "START_SS_I": 206, "END_SS_ID": 206, "START_Name": "Korçë", "END_NameEN": "Korçë", "START_Na_1": "Κορυτσά", "END_NameEL": "Κορυτσά", "START_Stri": 185, "END_Strike": 185, "START_Dip_": 275, "END_Dip_Di": 275, "START_Dip": 58, "END_Dip": 58, "START_Rake": 278, "END_Rake": 278, "START_Ra_1": -82, "END_Rake__": -82, "START_Kine": "N", "END_Kinema": "N", "START_Leng": 24.0, "END_Length": 24.0, "START_Widt": 14.0, "END_Width_": 14.0, "START_Min_": 0.0, "END_Min_De": 0.0, "START_Max_": 11.9, "END_Max_De": 11.9, "START_Rupt": 336.0, "END_Ruptur": 336.0, "START_Aver": 0.67, "END_Averag": 0.67, "START_Mw__": 6.5, "END_Mw__W_": 6.5, "START_Mw_1": 6.5, "END_Mw__K_": 6.5, "START_M0__": 6.7536e+18, "END_M0__Nm": 6.7536e+18, "START_LonA": 20.8115, "END_LonA": 20.8115, "START_LatA": 40.7016, "END_LatA": 40.7016, "START_LonB": 20.7867, "END_LonB": 20.7867, "START_LatB": 40.4866, "END_LatB": 40.4866, "START_Lon1": 20.8115, "END_Lon1": 20.8115, "START_Lat1": 40.7016, "END_Lat1": 40.7016, "START_Lon2": 20.7867, "END_Lon2": 20.7867, "START_Lat2": 40.4866, "END_Lat2": 40.4866, "START_Lon3": 20.6993, "END_Lon3": 20.6993, "START_Lat3": 40.4924, "END_Lat3": 40.4924, "START_Lon4": 20.7239, "END_Lon4": 20.7239, "START_Lat4": 40.7074, "END_Lat4": 40.7074, "START_SR_m": 0.0, "END_SR_min": 0.0, "START_SR_1": 0.0, "END_SR_max": 0.0, "START_SR_a": null, "END_SR_avg": null, "START_SR_R": null, "END_SR_Ref": null, "START_SR_C": null, "END_SR_Com": null, "START_po_2": "A", "END_poin_1": "A", "START_po_3": 1, "END_poin_2": 1 }, "geometry": { "type": "LineString", "coordinates": [ [ 20.8115, 40.7016 ], [ 20.7867, 40.4866 ], [ 20.8115, 40.7016 ] ] } },
{ "type": "Feature", "properties": { "Shape_Leng": 0.90016540702199999, "SS_ID": 207, "START_OBJE": 229, "END_OBJECT": 229, "START_Lon": 20.6585, "END_Lon": 20.6585, "START_Lat": 40.8106, "END_Lat": 40.8106, "START_poin": "A", "END_point_": "A", "START_po_1": 1, "END_point1": 1, "START_SS_I": 207, "END_SS_ID": 207, "START_Name": "Ohrid", "END_NameEN": "Ohrid", "START_Na_1": "Οχρίδα", "END_NameEL": "Οχρίδα", "START_Stri": 357, "END_Strike": 357, "START_Dip_": 87, "END_Dip_Di": 87, "START_Dip": 40, "END_Dip": 40, "START_Rake": 255, "END_Rake": 255, "START_Ra_1": -105, "END_Rake__": -105, "START_Kine": "ND", "END_Kinema": "ND", "START_Leng": 50.0, "END_Length": 50.0, "START_Widt": 23.0, "END_Width_": 23.0, "START_Min_": 0.0, "END_Min_De": 0.0, "START_Max_": 14.8, "END_Max_De": 14.8, "START_Rupt": 1150.0, "END_Ruptur": 1150.0, "START_Aver": 1.36, "END_Averag": 1.36, "START_Mw__": 7.1, "END_Mw__W_": 7.1, "START_Mw_1": 7.1, "END_Mw__K_": 7.1, "START_M0__": 4.69e+19, "END_M0__Nm": 4.69e+19, "START_LonA": 20.6585, "END_LonA": 20.6585, "START_LatA": 40.8106, "END_LatA": 40.8106, "START_LonB": 20.6273, "END_LonB": 20.6273, "START_LatB": 41.2596, "END_LatB": 41.2596, "START_Lon1": 20.6585, "END_Lon1": 20.6585, "START_Lat1": 40.8106, "END_Lat1": 40.8106, "START_Lon2": 20.6273, "END_Lon2": 20.6273, "START_Lat2": 41.2596, "END_Lat2": 41.2596, "START_Lon3": 20.8374, "END_Lon3": 20.8374, "START_Lat3": 41.2679, "END_Lat3": 41.2679, "START_Lon4": 20.8679, "END_Lon4": 20.8679, "START_Lat4": 40.8189, "END_Lat4": 40.8189, "START_SR_m": 0.0, "END_SR_min": 0.0, "START_SR_1": 0.0, "END_SR_max": 0.0, "START_SR_a": null, "END_SR_avg": null, "START_SR_R": null, "END_SR_Ref": null, "START_SR_C": null, "END_SR_Com": null, "START_po_2": "A", "END_poin_1": "A", "START_po_3": 1, "END_poin_2": 1 }, "geometry": { "type": "LineString", "coordinates": [ [ 20.6585, 40.8106 ], [ 20.6273, 41.2596 ], [ 20.6585, 40.8106 ] ] } },
{ "type": "Feature", "properties": { "Shape_Leng": 0.68264887021099996, "SS_ID": 209, "START_OBJE": 231, "END_OBJECT": 231, "START_Lon": 20.8895, "END_Lon": 20.8895, "START_Lat": 41.9652, "END_Lat": 41.9652, "START_poin": "A", "END_point_": "A", "START_po_1": 1, "END_point1": 1, "START_SS_I": 209, "END_SS_ID": 209, "START_Name": "Tetovo", "END_NameEN": "Tetovo", "START_Na_1": "Τέτοβο", "END_NameEL": "Τέτοβο", "START_Stri": 45, "END_Strike": 45, "START_Dip_": 135, "END_Dip_Di": 135, "START_Dip": 60, "END_Dip": 60, "START_Rake": 300, "END_Rake": 300, "START_Ra_1": -60, "END_Rake__": -60, "START_Kine": "NS", "END_Kinema": "NS", "START_Leng": 32.0, "END_Length": 32.0, "START_Widt": 17.0, "END_Width_": 17.0, "START_Min_": 0.0, "END_Min_De": 0.0, "START_Max_": 14.7, "END_Max_De": 14.7, "START_Rupt": 544.0, "END_Ruptur": 544.0, "START_Aver": 0.92, "END_Averag": 0.92, "START_Mw__": 6.7, "END_Mw__W_": 6.7, "START_Mw_1": 6.7, "END_Mw__K_": 6.7, "START_M0__": 1.49784e+19, "END_M0__Nm": 1.49784e+19, "START_LonA": 20.8895, "END_LonA": 20.8895, "START_LatA": 41.9652, "END_LatA": 41.9652, "START_LonB": 21.1636, "END_LonB": 21.1636, "START_LatB": 42.1686, "END_LatB": 42.1686, "START_Lon1": 20.8895, "END_Lon1": 20.8895, "START_Lat1": 41.9652, "END_Lat1": 41.9652, "START_Lon2": 21.1636, "END_Lon2": 21.1636, "START_Lat2": 42.1686, "END_Lat2": 42.1686, "START_Lon3": 21.2364, "END_Lon3": 21.2364, "START_Lat3": 42.1146, "END_Lat3": 42.1146, "START_Lon4": 20.9623, "END_Lon4": 20.9623, "START_Lat4": 41.9111, "END_Lat4": 41.9111, "START_SR_m": 0.0, "END_SR_min": 0.0, "START_SR_1": 0.0, "END_SR_max": 0.0, "START_SR_a": null, "END_SR_avg": null, "START_SR_R": null, "END_SR_Ref": null, "START_SR_C": null, "END_SR_Com": null, "START_po_2": "A", "END_poin_1": "A", "START_po_3": 1, "END_poin_2": 1 }, "geometry": { "type": "LineString", "coordinates": [ [ 20.8895, 41.9652 ], [ 21.1636, 42.1686 ], [ 20.8895, 41.9652 ] ] } },
{ "type": "Feature", "properties": { "Shape_Leng": 0.85855627654800004, "SS_ID": 210, "START_OBJE": 233, "END_OBJECT": 233, "START_Lon": 21.665, "END_Lon": 21.665, "START_Lat": 41.8864, "END_Lat": 41.8864, "START_poin": "A", "END_point_": "A", "START_po_1": 1, "END_point1": 1, "START_SS_I": 210, "END_SS_ID": 210, "START_Name": "Skopje", "END_NameEN": "Skopje", "START_Na_1": "Σκόπια", "END_NameEL": "Σκόπια", "START_Stri": 295, "END_Strike": 295, "START_Dip_": 25, "END_Dip_Di": 25, "START_Dip": 60, "END_Dip": 60, "START_Rake": 330, "END_Rake": 330, "START_Ra_1": -30, "END_Rake__": -30, "START_Kine": "SN", "END_Kinema": "SN", "START_Leng": 37.0, "END_Length": 37.0, "START_Widt": 11.0, "END_Width_": 11.0, "START_Min_": 0.0, "END_Min_De": 0.0, "START_Max_": 9.5, "END_Max_De": 9.5, "START_Rupt": 407.0, "END_Ruptur": 407.0, "START_Aver": 0.94, "END_Averag": 0.94, "START_Mw__": 6.6, "END_Mw__W_": 6.6, "START_Mw_1": 6.6, "END_Mw__K_": 6.6, "START_M0__": 1.14204e+19, "END_M0__Nm": 1.14204e+19, "START_LonA": 21.665, "END_LonA": 21.665, "START_LatA": 41.8864, "END_LatA": 41.8864, "START_LonB": 21.2594, "END_LonB": 21.2594, "START_LatB": 42.027, "END_LatB": 42.027, "START_Lon1": 21.665, "END_Lon1": 21.665, "START_Lat1": 41.8864, "END_Lat1": 41.8864, "START_Lon2": 21.2594, "END_Lon2": 21.2594, "START_Lat2": 42.027, "END_Lat2": 42.027, "START_Lon3": 21.2875, "END_Lon3": 21.2875, "START_Lat3": 42.0718, "END_Lat3": 42.0718, "START_Lon4": 21.6931, "END_Lon4": 21.6931, "START_Lat4": 41.9312, "END_Lat4": 41.9312, "START_SR_m": 0.0, "END_SR_min": 0.0, "START_SR_1": 0.0, "END_SR_max": 0.0, "START_SR_a": null, "END_SR_avg": null, "START_SR_R": null, "END_SR_Ref": null, "START_SR_C": null, "END_SR_Com": null, "START_po_2": "A", "END_poin_1": "A", "START_po_3": 1, "END_poin_2": 1 }, "geometry": { "type": "LineString", "coordinates": [ [ 21.665, 41.8864 ], [ 21.2594, 42.027 ], [ 21.665, 41.8864 ] ] } },
{ "type": "Feature", "properties": { "Shape_Leng": 0.98245645196099995, "SS_ID": 211, "START_OBJE": 235, "END_OBJECT": 235, "START_Lon": 22.5637, "END_Lon": 22.5637, "START_Lat": 41.4055, "END_Lat": 41.4055, "START_poin": "A", "END_point_": "A", "START_po_1": 1, "END_point1": 1, "START_SS_I": 211, "END_SS_ID": 211, "START_Name": "Lakavica", "END_NameEN": "Lakavica", "START_Na_1": "Λακαβίτσα", "END_NameEL": "Λακαβίτσα", "START_Stri": 309, "END_Strike": 309, "START_Dip_": 39, "END_Dip_Di": 39, "START_Dip": 45, "END_Dip": 45, "START_Rake": 310, "END_Rake": 310, "START_Ra_1": -50, "END_Rake__": -50, "START_Kine": "NS", "END_Kinema": "NS", "START_Leng": 45.0, "END_Length": 45.0, "START_Widt": 21.5, "END_Width_": 21.5, "START_Min_": 0.0, "END_Min_De": 0.0, "START_Max_": 15.2, "END_Max_De": 15.2, "START_Rupt": 967.5, "END_Ruptur": 967.5, "START_Aver": 1.28, "END_Averag": 1.28, "START_Mw__": 7.0, "END_Mw__W_": 7.0, "START_Mw_1": 7.0, "END_Mw__K_": 7.0, "START_M0__": 3.7152e+19, "END_M0__Nm": 3.7152e+19, "START_LonA": 22.5637, "END_LonA": 22.5637, "START_LatA": 41.4055, "END_LatA": 41.4055, "START_LonB": 22.1436, "END_LonB": 22.1436, "START_LatB": 41.6601, "END_LatB": 41.6601, "START_Lon1": 22.5637, "END_Lon1": 22.5637, "START_Lat1": 41.4055, "END_Lat1": 41.4055, "START_Lon2": 22.1436, "END_Lon2": 22.1436, "START_Lat2": 41.6601, "END_Lat2": 41.6601, "START_Lon3": 22.2585, "END_Lon3": 22.2585, "START_Lat3": 41.7664, "END_Lat3": 41.7664, "START_Lon4": 22.6788, "END_Lon4": 22.6788, "START_Lat4": 41.5117, "END_Lat4": 41.5117, "START_SR_m": 0.0, "END_SR_min": 0.0, "START_SR_1": 0.0, "END_SR_max": 0.0, "START_SR_a": null, "END_SR_avg": null, "START_SR_R": null, "END_SR_Ref": null, "START_SR_C": null, "END_SR_Com": null, "START_po_2": "A", "END_poin_1": "A", "START_po_3": 1, "END_poin_2": 1 }, "geometry": { "type": "LineString", "coordinates": [ [ 22.5637, 41.4055 ], [ 22.1436, 41.6601 ], [ 22.5637, 41.4055 ] ] } },
{ "type": "Feature", "properties": { "Shape_Leng": 1.1024940453400001, "SS_ID": 212, "START_OBJE": 237, "END_OBJECT": 237, "START_Lon": 23.2428, "END_Lon": 23.2428, "START_Lat": 41.3744, "END_Lat": 41.3744, "START_poin": "A", "END_point_": "A", "START_po_1": 1, "END_point1": 1, "START_SS_I": 212, "END_SS_ID": 212, "START_Name": "Strumica", "END_NameEN": "Strumica", "START_Na_1": "Στρούμιτσα", "END_NameEL": "Στρούμιτσα", "START_Stri": 269, "END_Strike": 269, "START_Dip_": 359, "END_Dip_Di": 359, "START_Dip": 45, "END_Dip": 45, "START_Rake": 270, "END_Rake": 270, "START_Ra_1": -90, "END_Rake__": -90, "START_Kine": "N", "END_Kinema": "N", "START_Leng": 46.0, "END_Length": 46.0, "START_Widt": 22.0, "END_Width_": 22.0, "START_Min_": 0.0, "END_Min_De": 0.0, "START_Max_": 15.6, "END_Max_De": 15.6, "START_Rupt": 1012.0, "END_Ruptur": 1012.0, "START_Aver": 1.28, "END_Averag": 1.28, "START_Mw__": 7.0, "END_Mw__W_": 7.0, "START_Mw_1": 7.0, "END_Mw__K_": 7.0, "START_M0__": 3.87e+19, "END_M0__Nm": 3.87e+19, "START_LonA": 23.2428, "END_LonA": 23.2428, "START_LatA": 41.3744, "END_LatA": 41.3744, "START_LonB": 22.6916, "END_LonB": 22.6916, "START_LatB": 41.3672, "END_LatB": 41.3672, "START_Lon1": 23.2428, "END_Lon1": 23.2428, "START_Lat1": 41.3744, "END_Lat1": 41.3744, "START_Lon2": 22.6916, "END_Lon2": 22.6916, "START_Lat2": 41.3672, "END_Lat2": 41.3672, "START_Lon3": 22.6881, "END_Lon3": 22.6881, "START_Lat3": 41.5071, "END_Lat3": 41.5071, "START_Lon4": 23.2398, "END_Lon4": 23.2398, "START_Lat4": 41.5143, "END_Lat4": 41.5143, "START_SR_m": 0.0, "END_SR_min": 0.0, "START_SR_1": 0.0, "END_SR_max": 0.0, "START_SR_a": null, "END_SR_avg": null, "START_SR_R": null, "END_SR_Ref": null, "START_SR_C": null, "END_SR_Com": null, "START_po_2": "A", "END_poin_1": "A", "START_po_3": 1, "END_poin_2": 1 }, "geometry": { "type": "LineString", "coordinates": [ [ 23.2428, 41.3744 ], [ 22.6916, 41.3672 ], [ 23.2428, 41.3744 ] ] } },
{ "type": "Feature", "properties": { "Shape_Leng": 0.67570813225799997, "SS_ID": 213, "START_OBJE": 239, "END_OBJECT": 239, "START_Lon": 22.584, "END_Lon": 22.584, "START_Lat": 41.8607, "END_Lat": 41.8607, "START_poin": "A", "END_point_": "A", "START_po_1": 1, "END_point1": 1, "START_SS_I": 213, "END_SS_ID": 213, "START_Name": "Kočani", "END_NameEN": "Kočani", "START_Na_1": "Κοτσάνι", "END_NameEL": "Κοτσάνι", "START_Stri": 267, "END_Strike": 267, "START_Dip_": 357, "END_Dip_Di": 357, "START_Dip": 55, "END_Dip": 55, "START_Rake": 270, "END_Rake": 270, "START_Ra_1": -90, "END_Rake__": -90, "START_Kine": "N", "END_Kinema": "N", "START_Leng": 28.0, "END_Length": 28.0, "START_Widt": 15.5, "END_Width_": 15.5, "START_Min_": 0.0, "END_Min_De": 0.0, "START_Max_": 12.7, "END_Max_De": 12.7, "START_Rupt": 434.0, "END_Ruptur": 434.0, "START_Aver": 0.81, "END_Averag": 0.81, "START_Mw__": 6.6, "END_Mw__W_": 6.6, "START_Mw_1": 6.6, "END_Mw__K_": 6.6, "START_M0__": 1.06e+19, "END_M0__Nm": 1.06e+19, "START_LonA": 22.584, "END_LonA": 22.584, "START_LatA": 41.8607, "END_LatA": 41.8607, "START_LonB": 22.2464, "END_LonB": 22.2464, "START_LatB": 41.8476, "END_LatB": 41.8476, "START_Lon1": 22.584, "END_Lon1": 22.584, "START_Lat1": 41.8607, "END_Lat1": 41.8607, "START_Lon2": 22.2464, "END_Lon2": 22.2464, "START_Lat2": 41.8476, "END_Lat2": 41.8476, "START_Lon3": 22.2407, "END_Lon3": 22.2407, "START_Lat3": 41.9274, "END_Lat3": 41.9274, "START_Lon4": 22.5785, "END_Lon4": 22.5785, "START_Lat4": 41.9406, "END_Lat4": 41.9406, "START_SR_m": 0.0, "END_SR_min": 0.0, "START_SR_1": 0.0, "END_SR_max": 0.0, "START_SR_a": null, "END_SR_avg": null, "START_SR_R": null, "END_SR_Ref": null, "START_SR_C": null, "END_SR_Com": null, "START_po_2": "A", "END_poin_1": "A", "START_po_3": 1, "END_poin_2": 1 }, "geometry": { "type": "LineString", "coordinates": [ [ 22.584, 41.8607 ], [ 22.2464, 41.8476 ], [ 22.584, 41.8607 ] ] } },
{ "type": "Feature", "properties": { "Shape_Leng": 0.92329143827899995, "SS_ID": 214, "START_OBJE": 241, "END_OBJECT": 241, "START_Lon": 23.226, "END_Lon": 23.226, "START_Lat": 41.873, "END_Lat": 41.873, "START_poin": "A", "END_point_": "A", "START_po_1": 1, "END_point1": 1, "START_SS_I": 214, "END_SS_ID": 214, "START_Name": "Krupnik", "END_NameEN": "Krupnik", "START_Na_1": "Κρούπνικ", "END_NameEL": "Κρούπνικ", "START_Stri": 253, "END_Strike": 253, "START_Dip_": 343, "END_Dip_Di": 343, "START_Dip": 55, "END_Dip": 55, "START_Rake": 250, "END_Rake": 250, "START_Ra_1": -110, "END_Rake__": -110, "START_Kine": "ND", "END_Kinema": "ND", "START_Leng": 39.0, "END_Length": 39.0, "START_Widt": 19.5, "END_Width_": 19.5, "START_Min_": 0.0, "END_Min_De": 0.0, "START_Max_": 16.0, "END_Max_De": 16.0, "START_Rupt": 760.5, "END_Ruptur": 760.5, "START_Aver": 1.1, "END_Averag": 1.1, "START_Mw__": 6.9, "END_Mw__W_": 6.9, "START_Mw_1": 6.9, "END_Mw__K_": 6.9, "START_M0__": 2.50082e+19, "END_M0__Nm": 2.50082e+19, "START_LonA": 23.226, "END_LonA": 23.226, "START_LatA": 41.873, "END_LatA": 41.873, "START_LonB": 22.7759, "END_LonB": 22.7759, "START_LatB": 41.7704, "END_LatB": 41.7704, "START_Lon1": 23.226, "END_Lon1": 23.226, "START_Lat1": 41.873, "END_Lat1": 41.873, "START_Lon2": 22.7759, "END_Lon2": 22.7759, "START_Lat2": 41.7704, "END_Lat2": 41.7704, "START_Lon3": 22.7363, "END_Lon3": 22.7363, "START_Lat3": 41.8666, "END_Lat3": 41.8666, "START_Lon4": 23.1866, "END_Lon4": 23.1866, "START_Lat4": 41.9692, "END_Lat4": 41.9692, "START_SR_m": 0.0, "END_SR_min": 0.0, "START_SR_1": 0.0, "END_SR_max": 0.0, "START_SR_a": null, "END_SR_avg": null, "START_SR_R": null, "END_SR_Ref": null, "START_SR_C": null, "END_SR_Com": null, "START_po_2": "A", "END_poin_1": "A", "START_po_3": 1, "END_poin_2": 1 }, "geometry": { "type": "LineString", "coordinates": [ [ 23.226, 41.873 ], [ 22.7759, 41.7704 ], [ 23.226, 41.873 ] ] } },
{ "type": "Feature", "properties": { "Shape_Leng": 0.71030452624200002, "SS_ID": 215, "START_OBJE": 243, "END_OBJECT": 243, "START_Lon": 23.6237, "END_Lon": 23.6237, "START_Lat": 41.7985, "END_Lat": 41.7985, "START_poin": "A", "END_point_": "A", "START_po_1": 1, "END_point1": 1, "START_SS_I": 215, "END_SS_ID": 215, "START_Name": "Predel", "END_NameEN": "Predel", "START_Na_1": "Πρέντελ", "END_NameEL": "Πρέντελ", "START_Stri": 287, "END_Strike": 287, "START_Dip_": 17, "END_Dip_Di": 17, "START_Dip": 60, "END_Dip": 60, "START_Rake": 300, "END_Rake": 300, "START_Ra_1": -60, "END_Rake__": -60, "START_Kine": "NS", "END_Kinema": "NS", "START_Leng": 30.0, "END_Length": 30.0, "START_Widt": 16.0, "END_Width_": 16.0, "START_Min_": 0.0, "END_Min_De": 0.0, "START_Max_": 13.9, "END_Max_De": 13.9, "START_Rupt": 480.0, "END_Ruptur": 480.0, "START_Aver": 0.86, "END_Averag": 0.86, "START_Mw__": 6.7, "END_Mw__W_": 6.7, "START_Mw_1": 6.7, "END_Mw__K_": 6.7, "START_M0__": 1.2384e+19, "END_M0__Nm": 1.2384e+19, "START_LonA": 23.6237, "END_LonA": 23.6237, "START_LatA": 41.7985, "END_LatA": 41.7985, "START_LonB": 23.2774, "END_LonB": 23.2774, "START_LatB": 41.8773, "END_LatB": 41.8773, "START_Lon1": 23.6237, "END_Lon1": 23.6237, "START_Lat1": 41.7985, "END_Lat1": 41.7985, "START_Lon2": 23.2774, "END_Lon2": 23.2774, "START_Lat2": 41.8773, "END_Lat2": 41.8773, "START_Lon3": 23.3056, "END_Lon3": 23.3056, "START_Lat3": 41.9461, "END_Lat3": 41.9461, "START_Lon4": 23.6521, "END_Lon4": 23.6521, "START_Lat4": 41.8673, "END_Lat4": 41.8673, "START_SR_m": 0.0, "END_SR_min": 0.0, "START_SR_1": 0.0, "END_SR_max": 0.0, "START_SR_a": null, "END_SR_avg": null, "START_SR_R": null, "END_SR_Ref": null, "START_SR_C": null, "END_SR_Com": null, "START_po_2": "A", "END_poin_1": "A", "START_po_3": 1, "END_poin_2": 1 }, "geometry": { "type": "LineString", "coordinates": [ [ 23.6237, 41.7985 ], [ 23.2774, 41.8773 ], [ 23.6237, 41.7985 ] ] } },
{ "type": "Feature", "properties": { "Shape_Leng": 0.69691356709399999, "SS_ID": 216, "START_OBJE": 245, "END_OBJECT": 245, "START_Lon": 22.4053, "END_Lon": 22.4053, "START_Lat": 42.1999, "END_Lat": 42.1999, "START_poin": "A", "END_point_": "A", "START_po_1": 1, "END_point1": 1, "START_SS_I": 216, "END_SS_ID": 216, "START_Name": "Slaviski", "END_NameEN": "Slaviski", "START_Na_1": "Σλάβισκι", "END_NameEL": "Σλάβισκι", "START_Stri": 258, "END_Strike": 258, "START_Dip_": 348, "END_Dip_Di": 348, "START_Dip": 55, "END_Dip": 55, "START_Rake": 270, "END_Rake": 270, "START_Ra_1": -90, "END_Rake__": -90, "START_Kine": "N", "END_Kinema": "N", "START_Leng": 29.0, "END_Length": 29.0, "START_Widt": 16.0, "END_Width_": 16.0, "START_Min_": 0.0, "END_Min_De": 0.0, "START_Max_": 13.1, "END_Max_De": 13.1, "START_Rupt": 464.0, "END_Ruptur": 464.0, "START_Aver": 0.84, "END_Averag": 0.84, "START_Mw__": 6.6, "END_Mw__W_": 6.6, "START_Mw_1": 6.6, "END_Mw__K_": 6.6, "START_M0__": 1.17428e+19, "END_M0__Nm": 1.17428e+19, "START_LonA": 22.4053, "END_LonA": 22.4053, "START_LatA": 42.1999, "END_LatA": 42.1999, "START_LonB": 22.0611, "END_LonB": 22.0611, "START_LatB": 42.1456, "END_LatB": 42.1456, "START_Lon1": 22.4053, "END_Lon1": 22.4053, "START_Lat1": 42.1999, "END_Lat1": 42.1999, "START_Lon2": 22.0611, "END_Lon2": 22.0611, "START_Lat2": 42.1456, "END_Lat2": 42.1456, "START_Lon3": 22.0379, "END_Lon3": 22.0379, "START_Lat3": 42.2264, "END_Lat3": 42.2264, "START_Lon4": 22.3823, "END_Lon4": 22.3823, "START_Lat4": 42.2806, "END_Lat4": 42.2806, "START_SR_m": 0.0, "END_SR_min": 0.0, "START_SR_1": 0.0, "END_SR_max": 0.0, "START_SR_a": null, "END_SR_avg": null, "START_SR_R": null, "END_SR_Ref": null, "START_SR_C": null, "END_SR_Com": null, "START_po_2": "A", "END_poin_1": "A", "START_po_3": 1, "END_poin_2": 1 }, "geometry": { "type": "LineString", "coordinates": [ [ 22.4053, 42.1999 ], [ 22.0611, 42.1456 ], [ 22.4053, 42.1999 ] ] } },
{ "type": "Feature", "properties": { "Shape_Leng": 0.92933739836499996, "SS_ID": 217, "START_OBJE": 247, "END_OBJECT": 247, "START_Lon": 22.8657, "END_Lon": 22.8657, "START_Lat": 42.323, "END_Lat": 42.323, "START_poin": "A", "END_point_": "A", "START_po_1": 1, "END_point1": 1, "START_SS_I": 217, "END_SS_ID": 217, "START_Name": "Kyustendil", "END_NameEN": "Kyustendil", "START_Na_1": "Κιουστεντίλ", "END_NameEL": "Κιουστεντίλ", "START_Stri": 253, "END_Strike": 253, "START_Dip_": 343, "END_Dip_Di": 343, "START_Dip": 55, "END_Dip": 55, "START_Rake": 270, "END_Rake": 270, "START_Ra_1": -90, "END_Rake__": -90, "START_Kine": "N", "END_Kinema": "N", "START_Leng": 39.0, "END_Length": 39.0, "START_Widt": 19.5, "END_Width_": 19.5, "START_Min_": 0.0, "END_Min_De": 0.0, "START_Max_": 16.0, "END_Max_De": 16.0, "START_Rupt": 760.5, "END_Ruptur": 760.5, "START_Aver": 1.1, "END_Averag": 1.1, "START_Mw__": 6.9, "END_Mw__W_": 6.9, "START_Mw_1": 6.9, "END_Mw__K_": 6.9, "START_M0__": 2.50965e+19, "END_M0__Nm": 2.50965e+19, "START_LonA": 22.8657, "END_LonA": 22.8657, "START_LatA": 42.323, "END_LatA": 42.323, "START_LonB": 22.4125, "END_LonB": 22.4125, "START_LatB": 42.2204, "END_LatB": 42.2204, "START_Lon1": 22.8657, "END_Lon1": 22.8657, "START_Lat1": 42.323, "END_Lat1": 42.323, "START_Lon2": 22.4125, "END_Lon2": 22.4125, "START_Lat2": 42.2204, "END_Lat2": 42.2204, "START_Lon3": 22.3725, "END_Lon3": 22.3725, "START_Lat3": 42.3166, "END_Lat3": 42.3166, "START_Lon4": 22.8261, "END_Lon4": 22.8261, "START_Lat4": 42.4192, "END_Lat4": 42.4192, "START_SR_m": 0.0, "END_SR_min": 0.0, "START_SR_1": 0.0, "END_SR_max": 0.0, "START_SR_a": null, "END_SR_avg": null, "START_SR_R": null, "END_SR_Ref": null, "START_SR_C": null, "END_SR_Com": null, "START_po_2": "A", "END_poin_1": "A", "START_po_3": 1, "END_poin_2": 1 }, "geometry": { "type": "LineString", "coordinates": [ [ 22.8657, 42.323 ], [ 22.4125, 42.2204 ], [ 22.8657, 42.323 ] ] } },
{ "type": "Feature", "properties": { "Shape_Leng": 1.6054588503, "SS_ID": 218, "START_OBJE": 249, "END_OBJECT": 249, "START_Lon": 24.4964, "END_Lon": 24.4964, "START_Lat": 42.0308, "END_Lat": 42.0308, "START_poin": "A", "END_point_": "A", "START_po_1": 1, "END_point1": 1, "START_SS_I": 218, "END_SS_ID": 218, "START_Name": "Pazardzhik", "END_NameEN": "Pazardzhik", "START_Na_1": "Παζαρτζίκ", "END_NameEL": "Παζαρτζίκ", "START_Stri": 295, "END_Strike": 295, "START_Dip_": 25, "END_Dip_Di": 25, "START_Dip": 40, "END_Dip": 40, "START_Rake": 290, "END_Rake": 290, "START_Ra_1": -70, "END_Rake__": -70, "START_Kine": "NS", "END_Kinema": "NS", "START_Leng": 69.0, "END_Length": 69.0, "START_Widt": 29.0, "END_Width_": 29.0, "START_Min_": 0.0, "END_Min_De": 0.0, "START_Max_": 18.6, "END_Max_De": 18.6, "START_Rupt": 2001.0, "END_Ruptur": 2001.0, "START_Aver": 1.83, "END_Averag": 1.83, "START_Mw__": 7.3, "END_Mw__W_": 7.3, "START_Mw_1": 7.3, "END_Mw__K_": 7.3, "START_M0__": 1.09855e+20, "END_M0__Nm": 1.09855e+20, "START_LonA": 24.4964, "END_LonA": 24.4964, "START_LatA": 42.0308, "END_LatA": 42.0308, "START_LonB": 23.7377, "END_LonB": 23.7377, "START_LatB": 42.293, "END_LatB": 42.293, "START_Lon1": 24.4964, "END_Lon1": 24.4964, "START_Lat1": 42.0308, "END_Lat1": 42.0308, "START_Lon2": 23.7377, "END_Lon2": 23.7377, "START_Lat2": 42.293, "END_Lat2": 42.293, "START_Lon3": 23.8513, "END_Lon3": 23.8513, "START_Lat3": 42.4741, "END_Lat3": 42.4741, "START_Lon4": 24.6109, "END_Lon4": 24.6109, "START_Lat4": 42.2118, "END_Lat4": 42.2118, "START_SR_m": 0.0, "END_SR_min": 0.0, "START_SR_1": 0.0, "END_SR_max": 0.0, "START_SR_a": null, "END_SR_avg": null, "START_SR_R": null, "END_SR_Ref": null, "START_SR_C": null, "END_SR_Com": null, "START_po_2": "A", "END_poin_1": "A", "START_po_3": 1, "END_poin_2": 1 }, "geometry": { "type": "LineString", "coordinates": [ [ 24.4964, 42.0308 ], [ 23.7377, 42.293 ], [ 24.4964, 42.0308 ] ] } },
{ "type": "Feature", "properties": { "Shape_Leng": 1.622558227, "SS_ID": 219, "START_OBJE": 251, "END_OBJECT": 251, "START_Lon": 25.1105, "END_Lon": 25.1105, "START_Lat": 41.9427, "END_Lat": 41.9427, "START_poin": "A", "END_point_": "A", "START_po_1": 1, "END_point1": 1, "START_SS_I": 219, "END_SS_ID": 219, "START_Name": "Plovdiv", "END_NameEN": "Plovdiv", "START_Na_1": "Φιλιππούπολη", "END_NameEL": "Φιλιππούπολη", "START_Stri": 291, "END_Strike": 291, "START_Dip_": 21, "END_Dip_Di": 21, "START_Dip": 40, "END_Dip": 40, "START_Rake": 280, "END_Rake": 280, "START_Ra_1": -80, "END_Rake__": -80, "START_Kine": "N", "END_Kinema": "N", "START_Leng": 69.0, "END_Length": 69.0, "START_Widt": 29.0, "END_Width_": 29.0, "START_Min_": 0.0, "END_Min_De": 0.0, "START_Max_": 18.6, "END_Max_De": 18.6, "START_Rupt": 2001.0, "END_Ruptur": 2001.0, "START_Aver": 1.83, "END_Averag": 1.83, "START_Mw__": 7.3, "END_Mw__W_": 7.3, "START_Mw_1": 7.3, "END_Mw__K_": 7.3, "START_M0__": 1.09855e+20, "END_M0__Nm": 1.09855e+20, "START_LonA": 25.1105, "END_LonA": 25.1105, "START_LatA": 41.9427, "END_LatA": 41.9427, "START_LonB": 24.3303, "END_LonB": 24.3303, "START_LatB": 42.1651, "END_LatB": 42.1651, "START_Lon1": 25.1105, "END_Lon1": 25.1105, "START_Lat1": 41.9427, "END_Lat1": 41.9427, "START_Lon2": 24.3303, "END_Lon2": 24.3303, "START_Lat2": 42.1651, "END_Lat2": 42.1651, "START_Lon3": 24.4263, "END_Lon3": 24.4263, "START_Lat3": 42.3516, "END_Lat3": 42.3516, "START_Lon4": 25.2075, "END_Lon4": 25.2075, "START_Lat4": 42.1292, "END_Lat4": 42.1292, "START_SR_m": 0.0, "END_SR_min": 0.0, "START_SR_1": 0.0, "END_SR_max": 0.0, "START_SR_a": null, "END_SR_avg": null, "START_SR_R": null, "END_SR_Ref": null, "START_SR_C": null, "END_SR_Com": null, "START_po_2": "A", "END_poin_1": "A", "START_po_3": 1, "END_poin_2": 1 }, "geometry": { "type": "LineString", "coordinates": [ [ 25.1105, 41.9427 ], [ 24.3303, 42.1651 ], [ 25.1105, 41.9427 ] ] } },
{ "type": "Feature", "properties": { "Shape_Leng": 1.72019465178, "SS_ID": 220, "START_OBJE": 253, "END_OBJECT": 253, "START_Lon": 26.0814, "END_Lon": 26.0814, "START_Lat": 41.7256, "END_Lat": 41.7256, "START_poin": "A", "END_point_": "A", "START_po_1": 1, "END_point1": 1, "START_SS_I": 220, "END_SS_ID": 220, "START_Name": "Haskovo", "END_NameEN": "Haskovo", "START_Na_1": "Χάσκοβο", "END_NameEL": "Χάσκοβο", "START_Stri": 282, "END_Strike": 282, "START_Dip_": 12, "END_Dip_Di": 12, "START_Dip": 45, "END_Dip": 45, "START_Rake": 270, "END_Rake": 270, "START_Ra_1": -90, "END_Rake__": -90, "START_Kine": "N", "END_Kinema": "N", "START_Leng": 72.0, "END_Length": 72.0, "START_Widt": 30.0, "END_Width_": 30.0, "START_Min_": 0.0, "END_Min_De": 0.0, "START_Max_": 21.2, "END_Max_De": 21.2, "START_Rupt": 2160.0, "END_Ruptur": 2160.0, "START_Aver": 1.91, "END_Averag": 1.91, "START_Mw__": 7.3, "END_Mw__W_": 7.3, "START_Mw_1": 7.3, "END_Mw__K_": 7.3, "START_M0__": 1.23768e+20, "END_M0__Nm": 1.23768e+20, "START_LonA": 26.0814, "END_LonA": 26.0814, "START_LatA": 41.7256, "END_LatA": 41.7256, "START_LonB": 25.2319, "END_LonB": 25.2319, "START_LatB": 41.8602, "END_LatB": 41.8602, "START_Lon1": 26.0814, "END_Lon1": 26.0814, "START_Lat1": 41.7256, "END_Lat1": 41.7256, "START_Lon2": 25.2319, "END_Lon2": 25.2319, "START_Lat2": 41.8602, "END_Lat2": 41.8602, "START_Lon3": 25.2846, "END_Lon3": 25.2846, "START_Lat3": 42.0468, "END_Lat3": 42.0468, "START_Lon4": 26.1353, "END_Lon4": 26.1353, "START_Lat4": 41.9122, "END_Lat4": 41.9122, "START_SR_m": 0.0, "END_SR_min": 0.0, "START_SR_1": 0.0, "END_SR_max": 0.0, "START_SR_a": null, "END_SR_avg": null, "START_SR_R": null, "END_SR_Ref": null, "START_SR_C": null, "END_SR_Com": null, "START_po_2": "A", "END_poin_1": "A", "START_po_3": 1, "END_poin_2": 1 }, "geometry": { "type": "LineString", "coordinates": [ [ 26.0814, 41.7256 ], [ 25.2319, 41.8602 ], [ 26.0814, 41.7256 ] ] } },
{ "type": "Feature", "properties": { "Shape_Leng": 1.093, "SS_ID": 221, "START_OBJE": 255, "END_OBJECT": 255, "START_Lon": 25.0382, "END_Lon": 25.0382, "START_Lat": 42.2249, "END_Lat": 42.2249, "START_poin": "A", "END_point_": "A", "START_po_1": 1, "END_point1": 1, "START_SS_I": 221, "END_SS_ID": 221, "START_Name": "Chrirpan", "END_NameEN": "Chrirpan", "START_Na_1": "Τσιρπάν", "END_NameEL": "Τσιρπάν", "START_Stri": 90, "END_Strike": 90, "START_Dip_": 180, "END_Dip_Di": 180, "START_Dip": 45, "END_Dip": 45, "START_Rake": 260, "END_Rake": 260, "START_Ra_1": -100, "END_Rake__": -100, "START_Kine": "N", "END_Kinema": "N", "START_Leng": 45.0, "END_Length": 45.0, "START_Widt": 21.5, "END_Width_": 21.5, "START_Min_": 0.0, "END_Min_De": 0.0, "START_Max_": 15.2, "END_Max_De": 15.2, "START_Rupt": 967.5, "END_Ruptur": 967.5, "START_Aver": 1.25, "END_Averag": 1.25, "START_Mw__": 7.0, "END_Mw__W_": 7.0, "START_Mw_1": 7.0, "END_Mw__K_": 7.0, "START_M0__": 3.61e+19, "END_M0__Nm": 3.61e+19, "START_LonA": 25.0382, "END_LonA": 25.0382, "START_LatA": 42.2249, "END_LatA": 42.2249, "START_LonB": 25.5847, "END_LonB": 25.5847, "START_LatB": 42.2249, "END_LatB": 42.2249, "START_Lon1": 25.0382, "END_Lon1": 25.0382, "START_Lat1": 42.2249, "END_Lat1": 42.2249, "START_Lon2": 25.5847, "END_Lon2": 25.5847, "START_Lat2": 42.2249, "END_Lat2": 42.2249, "START_Lon3": 25.5844, "END_Lon3": 25.5844, "START_Lat3": 42.0882, "END_Lat3": 42.0882, "START_Lon4": 25.0385, "END_Lon4": 25.0385, "START_Lat4": 42.0882, "END_Lat4": 42.0882, "START_SR_m": 0.0, "END_SR_min": 0.0, "START_SR_1": 0.0, "END_SR_max": 0.0, "START_SR_a": null, "END_SR_avg": null, "START_SR_R": null, "END_SR_Ref": null, "START_SR_C": null, "END_SR_Com": null, "START_po_2": "A", "END_poin_1": "A", "START_po_3": 1, "END_poin_2": 1 }, "geometry": { "type": "LineString", "coordinates": [ [ 25.0382, 42.2249 ], [ 25.5847, 42.2249 ], [ 25.0382, 42.2249 ] ] } },
{ "type": "Feature", "properties": { "Shape_Leng": 1.42048718403, "SS_ID": 222, "START_OBJE": 257, "END_OBJECT": 257, "START_Lon": 26.4709, "END_Lon": 26.4709, "START_Lat": 41.6921, "END_Lat": 41.6921, "START_poin": "A", "END_point_": "A", "START_po_1": 1, "END_point1": 1, "START_SS_I": 222, "END_SS_ID": 222, "START_Name": "Edirne", "END_NameEN": "Edirne", "START_Na_1": "Αδριανούπολη", "END_NameEL": "Αδριανούπολη", "START_Stri": 92, "END_Strike": 92, "START_Dip_": 182, "END_Dip_Di": 182, "START_Dip": 55, "END_Dip": 55, "START_Rake": 260, "END_Rake": 260, "START_Ra_1": -100, "END_Rake__": -100, "START_Kine": "N", "END_Kinema": "N", "START_Leng": 59.0, "END_Length": 59.0, "START_Widt": 26.0, "END_Width_": 26.0, "START_Min_": 0.5, "END_Min_De": 0.5, "START_Max_": 21.8, "END_Max_De": 21.8, "START_Rupt": 1534.0, "END_Ruptur": 1534.0, "START_Aver": 1.59, "END_Averag": 1.59, "START_Mw__": 7.2, "END_Mw__W_": 7.2, "START_Mw_1": 7.2, "END_Mw__K_": 7.2, "START_M0__": 7.31666e+19, "END_M0__Nm": 7.31666e+19, "START_LonA": 26.4709, "END_LonA": 26.4709, "START_LatA": 41.6921, "END_LatA": 41.6921, "START_LonB": 27.1809, "END_LonB": 27.1809, "START_LatB": 41.6735, "END_LatB": 41.6735, "START_Lon1": 26.4708, "END_Lon1": 26.4708, "START_Lat1": 41.6889, "END_Lat1": 41.6889, "START_Lon2": 27.1808, "END_Lon2": 27.1808, "START_Lat2": 41.6704, "END_Lat2": 41.6704, "START_Lon3": 27.1741, "END_Lon3": 27.1741, "START_Lat3": 41.5364, "END_Lat3": 41.5364, "START_Lon4": 26.4649, "END_Lon4": 26.4649, "START_Lat4": 41.5549, "END_Lat4": 41.5549, "START_SR_m": 0.0, "END_SR_min": 0.0, "START_SR_1": 0.0, "END_SR_max": 0.0, "START_SR_a": null, "END_SR_avg": null, "START_SR_R": null, "END_SR_Ref": null, "START_SR_C": null, "END_SR_Com": null, "START_po_2": "A", "END_poin_1": "A", "START_po_3": 1, "END_poin_2": 1 }, "geometry": { "type": "LineString", "coordinates": [ [ 26.4709, 41.6921 ], [ 27.1809, 41.6735 ], [ 26.4709, 41.6921 ] ] } },
{ "type": "Feature", "properties": { "Shape_Leng": 1.34577978882, "SS_ID": 223, "START_OBJE": 259, "END_OBJECT": 259, "START_Lon": 27.3072, "END_Lon": 27.3072, "START_Lat": 41.5832, "END_Lat": 41.5832, "START_poin": "A", "END_point_": "A", "START_po_1": 1, "END_point1": 1, "START_SS_I": 223, "END_SS_ID": 223, "START_Name": "North Osmancik", "END_NameEN": "North Osmancik", "START_Na_1": "Βόρειο Οσμαντζίκ", "END_NameEL": "Βόρειο Οσμαντζίκ", "START_Stri": 130, "END_Strike": 130, "START_Dip_": 220, "END_Dip_Di": 220, "START_Dip": 55, "END_Dip": 55, "START_Rake": 290, "END_Rake": 290, "START_Ra_1": -70, "END_Rake__": -70, "START_Kine": "NS", "END_Kinema": "NS", "START_Leng": 62.0, "END_Length": 62.0, "START_Widt": 27.0, "END_Width_": 27.0, "START_Min_": 0.5, "END_Min_De": 0.5, "START_Max_": 22.6, "END_Max_De": 22.6, "START_Rupt": 1674.0, "END_Ruptur": 1674.0, "START_Aver": 1.67, "END_Averag": 1.67, "START_Mw__": 7.2, "END_Mw__W_": 7.2, "START_Mw_1": 7.2, "END_Mw__K_": 7.2, "START_M0__": 8.38674e+19, "END_M0__Nm": 8.38674e+19, "START_LonA": 27.3072, "END_LonA": 27.3072, "START_LatA": 41.5832, "END_LatA": 41.5832, "START_LonB": 27.8767, "END_LonB": 27.8767, "START_LatB": 41.2248, "END_LatB": 41.2248, "START_Lon1": 27.3045, "END_Lon1": 27.3045, "START_Lat1": 41.5808, "END_Lat1": 41.5808, "START_Lon2": 27.874, "END_Lon2": 27.874, "START_Lat2": 41.2223, "END_Lat2": 41.2223, "START_Lon3": 27.7547, "END_Lon3": 27.7547, "START_Lat3": 41.1157, "END_Lat3": 41.1157, "START_Lon4": 27.1854, "END_Lon4": 27.1854, "START_Lat4": 41.4741, "END_Lat4": 41.4741, "START_SR_m": 0.0, "END_SR_min": 0.0, "START_SR_1": 0.0, "END_SR_max": 0.0, "START_SR_a": null, "END_SR_avg": null, "START_SR_R": null, "END_SR_Ref": null, "START_SR_C": null, "END_SR_Com": null, "START_po_2": "A", "END_poin_1": "A", "START_po_3": 1, "END_poin_2": 1 }, "geometry": { "type": "LineString", "coordinates": [ [ 27.3072, 41.5832 ], [ 27.8767, 41.2248 ], [ 27.3072, 41.5832 ] ] } },
{ "type": "Feature", "properties": { "Shape_Leng": 1.35147671826, "SS_ID": 224, "START_OBJE": 261, "END_OBJECT": 261, "START_Lon": 26.5982, "END_Lon": 26.5982, "START_Lat": 41.8511, "END_Lat": 41.8511, "START_poin": "A", "END_point_": "A", "START_po_1": 1, "END_point1": 1, "START_SS_I": 224, "END_SS_ID": 224, "START_Name": "Kirklareli", "END_NameEN": "Kirklareli", "START_Na_1": "Σαράντα Εκκλησιές", "END_NameEL": "Σαράντα Εκκλησιές", "START_Stri": 106, "END_Strike": 106, "START_Dip_": 196, "END_Dip_Di": 196, "START_Dip": 45, "END_Dip": 45, "START_Rake": 280, "END_Rake": 280, "START_Ra_1": -80, "END_Rake__": -80, "START_Kine": "N", "END_Kinema": "N", "START_Leng": 57.0, "END_Length": 57.0, "START_Widt": 25.5, "END_Width_": 25.5, "START_Min_": 0.0, "END_Min_De": 0.0, "START_Max_": 18.0, "END_Max_De": 18.0, "START_Rupt": 1453.5, "END_Ruptur": 1453.5, "START_Aver": 1.55, "END_Averag": 1.55, "START_Mw__": 7.2, "END_Mw__W_": 7.2, "START_Mw_1": 7.2, "END_Mw__K_": 7.2, "START_M0__": 6.73744e+19, "END_M0__Nm": 6.73744e+19, "START_LonA": 26.5982, "END_LonA": 26.5982, "START_LatA": 41.8511, "END_LatA": 41.8511, "START_LonB": 27.259, "END_LonB": 27.259, "START_LatB": 41.7098, "END_LatB": 41.7098, "START_Lon1": 26.5982, "END_Lon1": 26.5982, "START_Lat1": 41.8511, "END_Lat1": 41.8511, "START_Lon2": 27.259, "END_Lon2": 27.259, "START_Lat2": 41.7098, "END_Lat2": 41.7098, "START_Lon3": 27.1988, "END_Lon3": 27.1988, "START_Lat3": 41.5539, "END_Lat3": 41.5539, "START_Lon4": 26.5387, "END_Lon4": 26.5387, "START_Lat4": 41.6952, "END_Lat4": 41.6952, "START_SR_m": 0.0, "END_SR_min": 0.0, "START_SR_1": 0.0, "END_SR_max": 0.0, "START_SR_a": null, "END_SR_avg": null, "START_SR_R": null, "END_SR_Ref": null, "START_SR_C": null, "END_SR_Com": null, "START_po_2": "A", "END_poin_1": "A", "START_po_3": 1, "END_poin_2": 1 }, "geometry": { "type": "LineString", "coordinates": [ [ 26.5982, 41.8511 ], [ 27.259, 41.7098 ], [ 26.5982, 41.8511 ] ] } },
{ "type": "Feature", "properties": { "Shape_Leng": 0.9154, "SS_ID": 225, "START_OBJE": 263, "END_OBJECT": 263, "START_Lon": 27.2738, "END_Lon": 27.2738, "START_Lat": 41.7093, "END_Lat": 41.7093, "START_poin": "A", "END_point_": "A", "START_po_1": 1, "END_point1": 1, "START_SS_I": 225, "END_SS_ID": 225, "START_Name": "Üsküp", "END_NameEN": "Üsküp", "START_Na_1": "Σκόπιον", "END_NameEL": "Σκόπιον", "START_Stri": 90, "END_Strike": 90, "START_Dip_": 180, "END_Dip_Di": 180, "START_Dip": 45, "END_Dip": 45, "START_Rake": 260, "END_Rake": 260, "START_Ra_1": -100, "END_Rake__": -100, "START_Kine": "N", "END_Kinema": "N", "START_Leng": 38.0, "END_Length": 38.0, "START_Widt": 19.0, "END_Width_": 19.0, "START_Min_": 0.0, "END_Min_De": 0.0, "START_Max_": 13.4, "END_Max_De": 13.4, "START_Rupt": 722.0, "END_Ruptur": 722.0, "START_Aver": 1.07, "END_Averag": 1.07, "START_Mw__": 6.8, "END_Mw__W_": 6.8, "START_Mw_1": 6.8, "END_Mw__K_": 6.8, "START_M0__": 2.30973e+19, "END_M0__Nm": 2.30973e+19, "START_LonA": 27.2738, "END_LonA": 27.2738, "START_LatA": 41.7093, "END_LatA": 41.7093, "START_LonB": 27.7315, "END_LonB": 27.7315, "START_LatB": 41.7093, "END_LatB": 41.7093, "START_Lon1": 27.2738, "END_Lon1": 27.2738, "START_Lat1": 41.7093, "END_Lat1": 41.7093, "START_Lon2": 27.7315, "END_Lon2": 27.7315, "START_Lat2": 41.7093, "END_Lat2": 41.7093, "START_Lon3": 27.7313, "END_Lon3": 27.7313, "START_Lat3": 41.5885, "END_Lat3": 41.5885, "START_Lon4": 27.274, "END_Lon4": 27.274, "START_Lat4": 41.5885, "END_Lat4": 41.5885, "START_SR_m": 0.0, "END_SR_min": 0.0, "START_SR_1": 0.0, "END_SR_max": 0.0, "START_SR_a": null, "END_SR_avg": null, "START_SR_R": null, "END_SR_Ref": null, "START_SR_C": null, "END_SR_Com": null, "START_po_2": "A", "END_poin_1": "A", "START_po_3": 1, "END_poin_2": 1 }, "geometry": { "type": "LineString", "coordinates": [ [ 27.2738, 41.7093 ], [ 27.7315, 41.7093 ], [ 27.2738, 41.7093 ] ] } },
{ "type": "Feature", "properties": { "Shape_Leng": 0.63717027551500005, "SS_ID": 226, "START_OBJE": 265, "END_OBJECT": 265, "START_Lon": 27.6913, "END_Lon": 27.6913, "START_Lat": 41.6129, "END_Lat": 41.6129, "START_poin": "A", "END_point_": "A", "START_po_1": 1, "END_point1": 1, "START_SS_I": 226, "END_SS_ID": 226, "START_Name": "Vize", "END_NameEN": "Vize", "START_Na_1": "Βιζύη", "END_NameEL": "Βιζύη", "START_Stri": 119, "END_Strike": 119, "START_Dip_": 209, "END_Dip_Di": 209, "START_Dip": 45, "END_Dip": 45, "START_Rake": 290, "END_Rake": 290, "START_Ra_1": -70, "END_Rake__": -70, "START_Kine": "NS", "END_Kinema": "NS", "START_Leng": 28.0, "END_Length": 28.0, "START_Widt": 15.5, "END_Width_": 15.5, "START_Min_": 0.0, "END_Min_De": 0.0, "START_Max_": 11.0, "END_Max_De": 11.0, "START_Rupt": 434.0, "END_Ruptur": 434.0, "START_Aver": 0.81, "END_Averag": 0.81, "START_Mw__": 6.6, "END_Mw__W_": 6.6, "START_Mw_1": 6.6, "END_Mw__K_": 6.6, "START_M0__": 1.06013e+19, "END_M0__Nm": 1.06013e+19, "START_LonA": 27.6913, "END_LonA": 27.6913, "START_LatA": 41.6129, "END_LatA": 41.6129, "START_LonB": 27.9856, "END_LonB": 27.9856, "START_LatB": 41.4909, "END_LatB": 41.4909, "START_Lon1": 27.6913, "END_Lon1": 27.6913, "START_Lat1": 41.6129, "END_Lat1": 41.6129, "START_Lon2": 27.9856, "END_Lon2": 27.9856, "START_Lat2": 41.4909, "END_Lat2": 41.4909, "START_Lon3": 27.9217, "END_Lon3": 27.9217, "START_Lat3": 41.4047, "END_Lat3": 41.4047, "START_Lon4": 27.6276, "END_Lon4": 27.6276, "START_Lat4": 41.5267, "END_Lat4": 41.5267, "START_SR_m": 0.0, "END_SR_min": 0.0, "START_SR_1": 0.0, "END_SR_max": 0.0, "START_SR_a": null, "END_SR_avg": null, "START_SR_R": null, "END_SR_Ref": null, "START_SR_C": null, "END_SR_Com": null, "START_po_2": "A", "END_poin_1": "A", "START_po_3": 1, "END_poin_2": 1 }, "geometry": { "type": "LineString", "coordinates": [ [ 27.6913, 41.6129 ], [ 27.9856, 41.4909 ], [ 27.6913, 41.6129 ] ] } },
{ "type": "Feature", "properties": { "Shape_Leng": 0.53289342273999996, "SS_ID": 227, "START_OBJE": 267, "END_OBJECT": 267, "START_Lon": 28.0217, "END_Lon": 28.0217, "START_Lat": 41.4708, "END_Lat": 41.4708, "START_poin": "A", "END_point_": "A", "START_po_1": 1, "END_point1": 1, "START_SS_I": 227, "END_SS_ID": 227, "START_Name": "Saray", "END_NameEN": "Saray", "START_Na_1": "Σαράι", "END_NameEL": "Σαράι", "START_Stri": 113, "END_Strike": 113, "START_Dip_": 203, "END_Dip_Di": 203, "START_Dip": 50, "END_Dip": 50, "START_Rake": 280, "END_Rake": 280, "START_Ra_1": -80, "END_Rake__": -80, "START_Kine": "N", "END_Kinema": "N", "START_Leng": 23.0, "END_Length": 23.0, "START_Widt": 13.5, "END_Width_": 13.5, "START_Min_": 0.0, "END_Min_De": 0.0, "START_Max_": 10.3, "END_Max_De": 10.3, "START_Rupt": 310.5, "END_Ruptur": 310.5, "START_Aver": 0.68, "END_Averag": 0.68, "START_Mw__": 6.5, "END_Mw__W_": 6.5, "START_Mw_1": 6.5, "END_Mw__K_": 6.5, "START_M0__": 6.3342e+18, "END_M0__Nm": 6.3342e+18, "START_LonA": 28.0217, "END_LonA": 28.0217, "START_LatA": 41.4708, "END_LatA": 41.4708, "START_LonB": 28.2756, "END_LonB": 28.2756, "START_LatB": 41.39, "END_LatB": 41.39, "START_Lon1": 28.0217, "END_Lon1": 28.0217, "START_Lat1": 41.4708, "END_Lat1": 41.4708, "START_Lon2": 28.2756, "END_Lon2": 28.2756, "START_Lat2": 41.39, "END_Lat2": 41.39, "START_Lon3": 28.2349, "END_Lon3": 28.2349, "START_Lat3": 41.3182, "END_Lat3": 41.3182, "START_Lon4": 27.9811, "END_Lon4": 27.9811, "START_Lat4": 41.399, "END_Lat4": 41.399, "START_SR_m": 0.0, "END_SR_min": 0.0, "START_SR_1": 0.0, "END_SR_max": 0.0, "START_SR_a": null, "END_SR_avg": null, "START_SR_R": null, "END_SR_Ref": null, "START_SR_C": null, "END_SR_Com": null, "START_po_2": "A", "END_poin_1": "A", "START_po_3": 1, "END_poin_2": 1 }, "geometry": { "type": "LineString", "coordinates": [ [ 28.0217, 41.4708 ], [ 28.2756, 41.39 ], [ 28.0217, 41.4708 ] ] } },
{ "type": "Feature", "properties": { "Shape_Leng": 1.7253083202699999, "SS_ID": 233, "START_OBJE": 269, "END_OBJECT": 269, "START_Lon": 26.1346, "END_Lon": 26.1346, "START_Lat": 39.4527, "END_Lat": 39.4527, "START_poin": "A", "END_point_": "A", "START_po_1": 1, "END_point1": 1, "START_SS_I": 233, "END_SS_ID": 233, "START_Name": "Edremit", "END_NameEN": "Edremit", "START_Na_1": "Αδραμύττιο", "END_NameEL": "Αδραμύττιο", "START_Stri": 75, "END_Strike": 75, "START_Dip_": 165, "END_Dip_Di": 165, "START_Dip": 70, "END_Dip": 70, "START_Rake": 253, "END_Rake": 253, "START_Ra_1": -107, "END_Rake__": -107, "START_Kine": "ND", "END_Kinema": "ND", "START_Leng": 75.0, "END_Length": 75.0, "START_Widt": 31.0, "END_Width_": 31.0, "START_Min_": 0.0, "END_Min_De": 0.0, "START_Max_": 29.1, "END_Max_De": 29.1, "START_Rupt": 2325.0, "END_Ruptur": 2325.0, "START_Aver": 1.98, "END_Averag": 1.98, "START_Mw__": 7.4, "END_Mw__W_": 7.4, "START_Mw_1": 7.4, "END_Mw__K_": 7.4, "START_M0__": 1.38105e+20, "END_M0__Nm": 1.38105e+20, "START_LonA": 26.1346, "END_LonA": 26.1346, "START_LatA": 39.4527, "END_LatA": 39.4527, "START_LonB": 26.9794, "END_LonB": 26.9794, "START_LatB": 39.6273, "END_LatB": 39.6273, "START_Lon1": 26.1346, "END_Lon1": 26.1346, "START_Lat1": 39.4527, "END_Lat1": 39.4527, "START_Lon2": 26.9794, "END_Lon2": 26.9794, "START_Lat2": 39.6273, "END_Lat2": 39.6273, "START_Lon3": 27.0111, "END_Lon3": 27.0111, "START_Lat3": 39.5352, "END_Lat3": 39.5352, "START_Lon4": 26.1668, "END_Lon4": 26.1668, "START_Lat4": 39.3606, "END_Lat4": 39.3606, "START_SR_m": 0.0, "END_SR_min": 0.0, "START_SR_1": 0.0, "END_SR_max": 0.0, "START_SR_a": null, "END_SR_avg": null, "START_SR_R": null, "END_SR_Ref": null, "START_SR_C": null, "END_SR_Com": null, "START_po_2": "A", "END_poin_1": "A", "START_po_3": 1, "END_poin_2": 1 }, "geometry": { "type": "LineString", "coordinates": [ [ 26.1346, 39.4527 ], [ 26.9794, 39.6273 ], [ 26.1346, 39.4527 ] ] } },
{ "type": "Feature", "properties": { "Shape_Leng": 0.50241098714099997, "SS_ID": 237, "START_OBJE": 271, "END_OBJECT": 271, "START_Lon": 27.6632, "END_Lon": 27.6632, "START_Lat": 39.1684, "END_Lat": 39.1684, "START_poin": "A", "END_point_": "A", "START_po_1": 1, "END_point1": 1, "START_SS_I": 237, "END_SS_ID": 237, "START_Name": "Soma-Kırkağaç", "END_NameEN": "Soma-Kırkağaç", "START_Na_1": "Σόμα-Κιρκάγατς", "END_NameEL": "Σόμα-Κιρκάγατς", "START_Stri": 254, "END_Strike": 254, "START_Dip_": 344, "END_Dip_Di": 344, "START_Dip": 70, "END_Dip": 70, "START_Rake": 240, "END_Rake": 240, "START_Ra_1": -120, "END_Rake__": -120, "START_Kine": "ND", "END_Kinema": "ND", "START_Leng": 22.0, "END_Length": 22.0, "START_Widt": 13.0, "END_Width_": 13.0, "START_Min_": 0.0, "END_Min_De": 0.0, "START_Max_": 12.2, "END_Max_De": 12.2, "START_Rupt": 286.0, "END_Ruptur": 286.0, "START_Aver": 0.59, "END_Averag": 0.59, "START_Mw__": 6.4, "END_Mw__W_": 6.4, "START_Mw_1": 6.4, "END_Mw__K_": 6.4, "START_M0__": 5.60067e+18, "END_M0__Nm": 5.60067e+18, "START_LonA": 27.6632, "END_LonA": 27.6632, "START_LatA": 39.1684, "END_LatA": 39.1684, "START_LonB": 27.418, "END_LonB": 27.418, "START_LatB": 39.1138, "END_LatB": 39.1138, "START_Lon1": 27.6632, "END_Lon1": 27.6632, "START_Lat1": 39.1684, "END_Lat1": 39.1684, "START_Lon2": 27.418, "END_Lon2": 27.418, "START_Lat2": 39.1138, "END_Lat2": 39.1138, "START_Lon3": 27.4038, "END_Lon3": 27.4038, "START_Lat3": 39.1523, "END_Lat3": 39.1523, "START_Lon4": 27.649, "END_Lon4": 27.649, "START_Lat4": 39.2068, "END_Lat4": 39.2068, "START_SR_m": 0.0, "END_SR_min": 0.0, "START_SR_1": 0.0, "END_SR_max": 0.0, "START_SR_a": null, "END_SR_avg": null, "START_SR_R": null, "END_SR_Ref": null, "START_SR_C": null, "END_SR_Com": null, "START_po_2": "A", "END_poin_1": "A", "START_po_3": 1, "END_poin_2": 1 }, "geometry": { "type": "LineString", "coordinates": [ [ 27.6632, 39.1684 ], [ 27.418, 39.1138 ], [ 27.6632, 39.1684 ] ] } },
{ "type": "Feature", "properties": { "Shape_Leng": 0.57436326484199995, "SS_ID": 239, "START_OBJE": 273, "END_OBJECT": 273, "START_Lon": 27.9629, "END_Lon": 27.9629, "START_Lat": 38.6164, "END_Lat": 38.6164, "START_poin": "A", "END_point_": "A", "START_po_1": 1, "END_point1": 1, "START_SS_I": 239, "END_SS_ID": 239, "START_Name": "Ozanca", "END_NameEN": "Ozanca", "START_Na_1": "Οζαντζά", "END_NameEL": "Οζαντζά", "START_Stri": 308, "END_Strike": 308, "START_Dip_": 38, "END_Dip_Di": 38, "START_Dip": 65, "END_Dip": 65, "START_Rake": 300, "END_Rake": 300, "START_Ra_1": -60, "END_Rake__": -60, "START_Kine": "NS", "END_Kinema": "NS", "START_Leng": 27.0, "END_Length": 27.0, "START_Widt": 15.0, "END_Width_": 15.0, "START_Min_": 0.0, "END_Min_De": 0.0, "START_Max_": 13.6, "END_Max_De": 13.6, "START_Rupt": 405.0, "END_Ruptur": 405.0, "START_Aver": 0.71, "END_Averag": 0.71, "START_Mw__": 6.6, "END_Mw__W_": 6.6, "START_Mw_1": 6.6, "END_Mw__K_": 6.6, "START_M0__": 9.53688e+18, "END_M0__Nm": 9.53688e+18, "START_LonA": 27.9629, "END_LonA": 27.9629, "START_LatA": 38.6164, "END_LatA": 38.6164, "START_LonB": 27.7177, "END_LonB": 27.7177, "START_LatB": 38.7659, "END_LatB": 38.7659, "START_Lon1": 27.9629, "END_Lon1": 27.9629, "START_Lat1": 38.6164, "END_Lat1": 38.6164, "START_Lon2": 27.7177, "END_Lon2": 27.7177, "START_Lat2": 38.7659, "END_Lat2": 38.7659, "START_Lon3": 27.7627, "END_Lon3": 27.7627, "START_Lat3": 38.8108, "END_Lat3": 38.8108, "START_Lon4": 28.0079, "END_Lon4": 28.0079, "START_Lat4": 38.6613, "END_Lat4": 38.6613, "START_SR_m": 0.0, "END_SR_min": 0.0, "START_SR_1": 0.0, "END_SR_max": 0.0, "START_SR_a": null, "END_SR_avg": null, "START_SR_R": null, "END_SR_Ref": null, "START_SR_C": null, "END_SR_Com": null, "START_po_2": "A", "END_poin_1": "A", "START_po_3": 1, "END_poin_2": 1 }, "geometry": { "type": "LineString", "coordinates": [ [ 27.9629, 38.6164 ], [ 27.7177, 38.7659 ], [ 27.9629, 38.6164 ] ] } },
{ "type": "Feature", "properties": { "Shape_Leng": 1.0449571474499999, "SS_ID": 240, "START_OBJE": 275, "END_OBJECT": 275, "START_Lon": 27.789, "END_Lon": 27.789, "START_Lat": 38.4792, "END_Lat": 38.4792, "START_poin": "A", "END_point_": "A", "START_po_1": 1, "END_point1": 1, "START_SS_I": 240, "END_SS_ID": 240, "START_Name": "Manisa", "END_NameEN": "Manisa", "START_Na_1": "Μαγνησία", "END_NameEL": "Μαγνησία", "START_Stri": 290, "END_Strike": 290, "START_Dip_": 20, "END_Dip_Di": 20, "START_Dip": 65, "END_Dip": 65, "START_Rake": 285, "END_Rake": 285, "START_Ra_1": -75, "END_Rake__": -75, "START_Kine": "N", "END_Kinema": "N", "START_Leng": 46.5, "END_Length": 46.5, "START_Widt": 22.0, "END_Width_": 22.0, "START_Min_": 0.0, "END_Min_De": 0.0, "START_Max_": 19.9, "END_Max_De": 19.9, "START_Rupt": 1023.0, "END_Ruptur": 1023.0, "START_Aver": 1.2, "END_Averag": 1.2, "START_Mw__": 7.0, "END_Mw__W_": 7.0, "START_Mw_1": 7.0, "END_Mw__K_": 7.0, "START_M0__": 3.9365e+19, "END_M0__Nm": 3.9365e+19, "START_LonA": 27.789, "END_LonA": 27.789, "START_LatA": 38.4792, "END_LatA": 38.4792, "START_LonB": 27.2865, "END_LonB": 27.2865, "START_LatB": 38.6223, "END_LatB": 38.6223, "START_Lon1": 27.789, "END_Lon1": 27.789, "START_Lat1": 38.4792, "END_Lat1": 38.4792, "START_Lon2": 27.2865, "END_Lon2": 27.2865, "START_Lat2": 38.6223, "END_Lat2": 38.6223, "START_Lon3": 27.323, "END_Lon3": 27.323, "START_Lat3": 38.7008, "END_Lat3": 38.7008, "START_Lon4": 27.8257, "END_Lon4": 27.8257, "START_Lat4": 38.5578, "END_Lat4": 38.5578, "START_SR_m": 0.1, "END_SR_min": 0.1, "START_SR_1": 0.3, "END_SR_max": 0.3, "START_SR_a": null, "END_SR_avg": null, "START_SR_R": "Özkaymak & Sözbilir (2012)", "END_SR_Ref": "Özkaymak & Sözbilir (2012)", "START_SR_C": null, "END_SR_Com": null, "START_po_2": "A", "END_poin_1": "A", "START_po_3": 1, "END_poin_2": 1 }, "geometry": { "type": "LineString", "coordinates": [ [ 27.789, 38.4792 ], [ 27.2865, 38.6223 ], [ 27.789, 38.4792 ] ] } },
{ "type": "Feature", "properties": { "Shape_Leng": 0.71107032001100001, "SS_ID": 241, "START_OBJE": 277, "END_OBJECT": 277, "START_Lon": 27.7013, "END_Lon": 27.7013, "START_Lat": 38.4096, "END_Lat": 38.4096, "START_poin": "A", "END_point_": "A", "START_po_1": 1, "END_point1": 1, "START_SS_I": 241, "END_SS_ID": 241, "START_Name": "Kemalpaşa", "END_NameEN": "Kemalpaşa", "START_Na_1": "Κεμαλπασά", "END_NameEL": "Κεμαλπασά", "START_Stri": 274, "END_Strike": 274, "START_Dip_": 4, "END_Dip_Di": 4, "START_Dip": 65, "END_Dip": 65, "START_Rake": 270, "END_Rake": 270, "START_Ra_1": -90, "END_Rake__": -90, "START_Kine": "N", "END_Kinema": "N", "START_Leng": 31.0, "END_Length": 31.0, "START_Widt": 16.5, "END_Width_": 16.5, "START_Min_": 0.0, "END_Min_De": 0.0, "START_Max_": 15.0, "END_Max_De": 15.0, "START_Rupt": 511.5, "END_Ruptur": 511.5, "START_Aver": 0.81, "END_Averag": 0.81, "START_Mw__": 6.7, "END_Mw__W_": 6.7, "START_Mw_1": 6.7, "END_Mw__K_": 6.7, "START_M0__": 1.36312e+19, "END_M0__Nm": 1.36312e+19, "START_LonA": 27.7013, "END_LonA": 27.7013, "START_LatA": 38.4096, "END_LatA": 38.4096, "START_LonB": 27.3463, "END_LonB": 27.3463, "START_LatB": 38.4291, "END_LatB": 38.4291, "START_Lon1": 27.7013, "END_Lon1": 27.7013, "START_Lat1": 38.4096, "END_Lat1": 38.4096, "START_Lon2": 27.3463, "END_Lon2": 27.3463, "START_Lat2": 38.4291, "END_Lat2": 38.4291, "START_Lon3": 27.3518, "END_Lon3": 27.3518, "START_Lat3": 38.4916, "END_Lat3": 38.4916, "START_Lon4": 27.7069, "END_Lon4": 27.7069, "START_Lat4": 38.4722, "END_Lat4": 38.4722, "START_SR_m": 0.0, "END_SR_min": 0.0, "START_SR_1": 0.0, "END_SR_max": 0.0, "START_SR_a": null, "END_SR_avg": null, "START_SR_R": null, "END_SR_Ref": null, "START_SR_C": null, "END_SR_Com": null, "START_po_2": "A", "END_poin_1": "A", "START_po_3": 1, "END_poin_2": 1 }, "geometry": { "type": "LineString", "coordinates": [ [ 27.7013, 38.4096 ], [ 27.3463, 38.4291 ], [ 27.7013, 38.4096 ] ] } },
{ "type": "Feature", "properties": { "Shape_Leng": 0.79872761314499996, "SS_ID": 242, "START_OBJE": 279, "END_OBJECT": 279, "START_Lon": 27.2972, "END_Lon": 27.2972, "START_Lat": 38.4296, "END_Lat": 38.4296, "START_poin": "A", "END_point_": "A", "START_po_1": 1, "END_point1": 1, "START_SS_I": 242, "END_SS_ID": 242, "START_Name": "Izmir", "END_NameEN": "Izmir", "START_Na_1": "Σμύρνη", "END_NameEL": "Σμύρνη", "START_Stri": 260, "END_Strike": 260, "START_Dip_": 350, "END_Dip_Di": 350, "START_Dip": 65, "END_Dip": 65, "START_Rake": 255, "END_Rake": 255, "START_Ra_1": -105, "END_Rake__": -105, "START_Kine": "ND", "END_Kinema": "ND", "START_Leng": 35.0, "END_Length": 35.0, "START_Widt": 18.0, "END_Width_": 18.0, "START_Min_": 0.0, "END_Min_De": 0.0, "START_Max_": 16.3, "END_Max_De": 16.3, "START_Rupt": 630.0, "END_Ruptur": 630.0, "START_Aver": 0.9, "END_Averag": 0.9, "START_Mw__": 6.8, "END_Mw__W_": 6.8, "START_Mw_1": 6.8, "END_Mw__K_": 6.8, "START_M0__": 1.87496e+19, "END_M0__Nm": 1.87496e+19, "START_LonA": 27.2972, "END_LonA": 27.2972, "START_LatA": 38.4296, "END_LatA": 38.4296, "START_LonB": 26.9016, "END_LonB": 26.9016, "START_LatB": 38.3749, "END_LatB": 38.3749, "START_Lon1": 27.2972, "END_Lon1": 27.2972, "START_Lat1": 38.4296, "END_Lat1": 38.4296, "START_Lon2": 26.9016, "END_Lon2": 26.9016, "START_Lat2": 38.3749, "END_Lat2": 38.3749, "START_Lon3": 26.8864, "END_Lon3": 26.8864, "START_Lat3": 38.4423, "END_Lat3": 38.4423, "START_Lon4": 27.2821, "END_Lon4": 27.2821, "START_Lat4": 38.497, "END_Lat4": 38.497, "START_SR_m": 0.0, "END_SR_min": 0.0, "START_SR_1": 0.0, "END_SR_max": 0.0, "START_SR_a": null, "END_SR_avg": null, "START_SR_R": null, "END_SR_Ref": null, "START_SR_C": null, "END_SR_Com": null, "START_po_2": "A", "END_poin_1": "A", "START_po_3": 1, "END_poin_2": 1 }, "geometry": { "type": "LineString", "coordinates": [ [ 27.2972, 38.4296 ], [ 26.9016, 38.3749 ], [ 27.2972, 38.4296 ] ] } },
{ "type": "Feature", "properties": { "Shape_Leng": 0.72159060415200005, "SS_ID": 243, "START_OBJE": 281, "END_OBJECT": 281, "START_Lon": 27.5994, "END_Lon": 27.5994, "START_Lat": 38.4085, "END_Lat": 38.4085, "START_poin": "A", "END_point_": "A", "START_po_1": 1, "END_point1": 1, "START_SS_I": 243, "END_SS_ID": 243, "START_Name": "Dağkızılca", "END_NameEN": "Dağkızılca", "START_Na_1": "Νταγκιζιλτζά", "END_NameEL": "Νταγκιζιλτζά", "START_Stri": 241, "END_Strike": 241, "START_Dip_": 331, "END_Dip_Di": 331, "START_Dip": 65, "END_Dip": 65, "START_Rake": 230, "END_Rake": 230, "START_Ra_1": -130, "END_Rake__": -130, "START_Kine": "ND", "END_Kinema": "ND", "START_Leng": 33.0, "END_Length": 33.0, "START_Widt": 17.0, "END_Width_": 17.0, "START_Min_": 0.0, "END_Min_De": 0.0, "START_Max_": 15.4, "END_Max_De": 15.4, "START_Rupt": 561.0, "END_Ruptur": 561.0, "START_Aver": 0.85, "END_Averag": 0.85, "START_Mw__": 6.7, "END_Mw__W_": 6.7, "START_Mw_1": 6.7, "END_Mw__K_": 6.7, "START_M0__": 1.57005e+19, "END_M0__Nm": 1.57005e+19, "START_LonA": 27.5994, "END_LonA": 27.5994, "START_LatA": 38.4085, "END_LatA": 38.4085, "START_LonB": 27.2685, "END_LonB": 27.2685, "START_LatB": 38.2647, "END_LatB": 38.2647, "START_Lon1": 27.5994, "END_Lon1": 27.5994, "START_Lat1": 38.4085, "END_Lat1": 38.4085, "START_Lon2": 27.2685, "END_Lon2": 27.2685, "START_Lat2": 38.2647, "END_Lat2": 38.2647, "START_Lon3": 27.2285, "END_Lon3": 27.2285, "START_Lat3": 38.3212, "END_Lat3": 38.3212, "START_Lon4": 27.5595, "END_Lon4": 27.5595, "START_Lat4": 38.4651, "END_Lat4": 38.4651, "START_SR_m": 0.0, "END_SR_min": 0.0, "START_SR_1": 0.0, "END_SR_max": 0.0, "START_SR_a": null, "END_SR_avg": null, "START_SR_R": null, "END_SR_Ref": null, "START_SR_C": null, "END_SR_Com": null, "START_po_2": "A", "END_poin_1": "A", "START_po_3": 1, "END_poin_2": 1 }, "geometry": { "type": "LineString", "coordinates": [ [ 27.5994, 38.4085 ], [ 27.2685, 38.2647 ], [ 27.5994, 38.4085 ] ] } },
{ "type": "Feature", "properties": { "Shape_Leng": 0.99594417514199995, "SS_ID": 247, "START_OBJE": 283, "END_OBJECT": 283, "START_Lon": 27.8647, "END_Lon": 27.8647, "START_Lat": 37.8514, "END_Lat": 37.8514, "START_poin": "A", "END_point_": "A", "START_po_1": 1, "END_point1": 1, "START_SS_I": 247, "END_SS_ID": 247, "START_Name": "Büyük Menderes A", "END_NameEN": "Büyük Menderes A", "START_Na_1": "Μαιάνδρος Α", "END_NameEL": "Μαιάνδρος Α", "START_Stri": 79, "END_Strike": 79, "START_Dip_": 169, "END_Dip_Di": 169, "START_Dip": 60, "END_Dip": 60, "START_Rake": 265, "END_Rake": 265, "START_Ra_1": -95, "END_Rake__": -95, "START_Kine": "N", "END_Kinema": "N", "START_Leng": 44.0, "END_Length": 44.0, "START_Widt": 21.0, "END_Width_": 21.0, "START_Min_": 0.0, "END_Min_De": 0.0, "START_Max_": 18.2, "END_Max_De": 18.2, "START_Rupt": 924.0, "END_Ruptur": 924.0, "START_Aver": 1.1, "END_Averag": 1.1, "START_Mw__": 7.0, "END_Mw__W_": 7.0, "START_Mw_1": 7.0, "END_Mw__K_": 7.0, "START_M0__": 3.36882e+19, "END_M0__Nm": 3.36882e+19, "START_LonA": 27.8647, "END_LonA": 27.8647, "START_LatA": 37.8514, "END_LatA": 37.8514, "START_LonB": 28.3569, "END_LonB": 28.3569, "START_LatB": 37.927, "END_LatB": 37.927, "START_Lon1": 27.8647, "END_Lon1": 27.8647, "START_Lat1": 37.8514, "END_Lat1": 37.8514, "START_Lon2": 28.3569, "END_Lon2": 28.3569, "START_Lat2": 37.927, "END_Lat2": 37.927, "START_Lon3": 28.3795, "END_Lon3": 28.3795, "START_Lat3": 37.8343, "END_Lat3": 37.8343, "START_Lon4": 27.8876, "END_Lon4": 27.8876, "START_Lat4": 37.7588, "END_Lat4": 37.7588, "START_SR_m": 0.0, "END_SR_min": 0.0, "START_SR_1": 0.0, "END_SR_max": 0.0, "START_SR_a": null, "END_SR_avg": null, "START_SR_R": null, "END_SR_Ref": null, "START_SR_C": null, "END_SR_Com": null, "START_po_2": "A", "END_poin_1": "A", "START_po_3": 1, "END_poin_2": 1 }, "geometry": { "type": "LineString", "coordinates": [ [ 27.8647, 37.8514 ], [ 28.3569, 37.927 ], [ 27.8647, 37.8514 ] ] } },
{ "type": "Feature", "properties": { "Shape_Leng": 0.72512843000399996, "SS_ID": 248, "START_OBJE": 285, "END_OBJECT": 285, "START_Lon": 27.497, "END_Lon": 27.497, "START_Lat": 37.9088, "END_Lat": 37.9088, "START_poin": "A", "END_point_": "A", "START_po_1": 1, "END_point1": 1, "START_SS_I": 248, "END_SS_ID": 248, "START_Name": "Büyük Menderes B", "END_NameEN": "Büyük Menderes B", "START_Na_1": "Μαιάνδρος Β", "END_NameEL": "Μαιάνδρος Β", "START_Stri": 100, "END_Strike": 100, "START_Dip_": 190, "END_Dip_Di": 190, "START_Dip": 60, "END_Dip": 60, "START_Rake": 275, "END_Rake": 275, "START_Ra_1": -85, "END_Rake__": -85, "START_Kine": "N", "END_Kinema": "N", "START_Leng": 32.0, "END_Length": 32.0, "START_Widt": 17.0, "END_Width_": 17.0, "START_Min_": 0.0, "END_Min_De": 0.0, "START_Max_": 14.7, "END_Max_De": 14.7, "START_Rupt": 544.0, "END_Ruptur": 544.0, "START_Aver": 0.83, "END_Averag": 0.83, "START_Mw__": 6.7, "END_Mw__W_": 6.7, "START_Mw_1": 6.7, "END_Mw__K_": 6.7, "START_M0__": 1.49784e+19, "END_M0__Nm": 1.49784e+19, "START_LonA": 27.497, "END_LonA": 27.497, "START_LatA": 37.9088, "END_LatA": 37.9088, "START_LonB": 27.8561, "END_LonB": 27.8561, "START_LatB": 37.8588, "END_LatB": 37.8588, "START_Lon1": 27.497, "END_Lon1": 27.497, "START_Lat1": 37.9088, "END_Lat1": 37.9088, "START_Lon2": 27.8561, "END_Lon2": 27.8561, "START_Lat2": 37.8588, "END_Lat2": 37.8588, "START_Lon3": 27.8392, "END_Lon3": 27.8392, "START_Lat3": 37.7835, "END_Lat3": 37.7835, "START_Lon4": 27.4803, "END_Lon4": 27.4803, "START_Lat4": 37.8335, "END_Lat4": 37.8335, "START_SR_m": 0.0, "END_SR_min": 0.0, "START_SR_1": 0.0, "END_SR_max": 0.0, "START_SR_a": null, "END_SR_avg": null, "START_SR_R": null, "END_SR_Ref": null, "START_SR_C": null, "END_SR_Com": null, "START_po_2": "A", "END_poin_1": "A", "START_po_3": 1, "END_poin_2": 1 }, "geometry": { "type": "LineString", "coordinates": [ [ 27.497, 37.9088 ], [ 27.8561, 37.8588 ], [ 27.497, 37.9088 ] ] } },
{ "type": "Feature", "properties": { "Shape_Leng": 0.51818008452700004, "SS_ID": 249, "START_OBJE": 287, "END_OBJECT": 287, "START_Lon": 27.2403, "END_Lon": 27.2403, "START_Lat": 37.821, "END_Lat": 37.821, "START_poin": "A", "END_point_": "A", "START_po_1": 1, "END_point1": 1, "START_SS_I": 249, "END_SS_ID": 249, "START_Name": "Kuşadası", "END_NameEN": "Kuşadası", "START_Na_1": "Σκάλα Νέας Εφέσου", "END_NameEL": "Σκάλα Νέας Εφέσου", "START_Stri": 76, "END_Strike": 76, "START_Dip_": 166, "END_Dip_Di": 166, "START_Dip": 60, "END_Dip": 60, "START_Rake": 250, "END_Rake": 250, "START_Ra_1": -110, "END_Rake__": -110, "START_Kine": "ND", "END_Kinema": "ND", "START_Leng": 23.0, "END_Length": 23.0, "START_Widt": 13.5, "END_Width_": 13.5, "START_Min_": 0.0, "END_Min_De": 0.0, "START_Max_": 11.7, "END_Max_De": 11.7, "START_Rupt": 310.5, "END_Ruptur": 310.5, "START_Aver": 0.62, "END_Averag": 0.62, "START_Mw__": 6.5, "END_Mw__W_": 6.5, "START_Mw_1": 6.5, "END_Mw__K_": 6.5, "START_M0__": 6.35118e+18, "END_M0__Nm": 6.35118e+18, "START_LonA": 27.2403, "END_LonA": 27.2403, "START_LatA": 37.821, "END_LatA": 37.821, "START_LonB": 27.4945, "END_LonB": 27.4945, "START_LatB": 37.8711, "END_LatB": 37.8711, "START_Lon1": 27.2403, "END_Lon1": 27.2403, "START_Lat1": 37.821, "END_Lat1": 37.821, "START_Lon2": 27.4945, "END_Lon2": 27.4945, "START_Lat2": 37.8711, "END_Lat2": 37.8711, "START_Lon3": 27.513, "END_Lon3": 27.513, "START_Lat3": 37.8122, "END_Lat3": 37.8122, "START_Lon4": 27.259, "END_Lon4": 27.259, "START_Lat4": 37.7621, "END_Lat4": 37.7621, "START_SR_m": 0.0, "END_SR_min": 0.0, "START_SR_1": 0.0, "END_SR_max": 0.0, "START_SR_a": null, "END_SR_avg": null, "START_SR_R": null, "END_SR_Ref": null, "START_SR_C": null, "END_SR_Com": null, "START_po_2": "A", "END_poin_1": "A", "START_po_3": 1, "END_poin_2": 1 }, "geometry": { "type": "LineString", "coordinates": [ [ 27.2403, 37.821 ], [ 27.4945, 37.8711 ], [ 27.2403, 37.821 ] ] } },
{ "type": "Feature", "properties": { "Shape_Leng": 0.49605794016400001, "SS_ID": 250, "START_OBJE": 289, "END_OBJECT": 289, "START_Lon": 27.3195, "END_Lon": 27.3195, "START_Lat": 37.728, "END_Lat": 37.728, "START_poin": "A", "END_point_": "A", "START_po_1": 1, "END_point1": 1, "START_SS_I": 250, "END_SS_ID": 250, "START_Name": "Davutlar", "END_NameEN": "Davutlar", "START_Na_1": "Νταβούτλαρ", "END_NameEL": "Νταβούτλαρ", "START_Stri": 258, "END_Strike": 258, "START_Dip_": 348, "END_Dip_Di": 348, "START_Dip": 60, "END_Dip": 60, "START_Rake": 260, "END_Rake": 260, "START_Ra_1": -100, "END_Rake__": -100, "START_Kine": "N", "END_Kinema": "N", "START_Leng": 22.0, "END_Length": 22.0, "START_Widt": 13.0, "END_Width_": 13.0, "START_Min_": 0.0, "END_Min_De": 0.0, "START_Max_": 11.3, "END_Max_De": 11.3, "START_Rupt": 286.0, "END_Ruptur": 286.0, "START_Aver": 0.59, "END_Averag": 0.59, "START_Mw__": 6.4, "END_Mw__W_": 6.4, "START_Mw_1": 6.4, "END_Mw__K_": 6.4, "START_M0__": 5.60067e+18, "END_M0__Nm": 5.60067e+18, "START_LonA": 27.3195, "END_LonA": 27.3195, "START_LatA": 37.728, "END_LatA": 37.728, "START_LonB": 27.0749, "END_LonB": 27.0749, "START_LatB": 37.6869, "END_LatB": 37.6869, "START_Lon1": 27.3195, "END_Lon1": 27.3195, "START_Lat1": 37.728, "END_Lat1": 37.728, "START_Lon2": 27.0749, "END_Lon2": 27.0749, "START_Lat2": 37.6869, "END_Lat2": 37.6869, "START_Lon3": 27.0595, "END_Lon3": 27.0595, "START_Lat3": 37.7441, "END_Lat3": 37.7441, "START_Lon4": 27.3042, "END_Lon4": 27.3042, "START_Lat4": 37.7852, "END_Lat4": 37.7852, "START_SR_m": 0.0, "END_SR_min": 0.0, "START_SR_1": 0.0, "END_SR_max": 0.0, "START_SR_a": null, "END_SR_avg": null, "START_SR_R": null, "END_SR_Ref": null, "START_SR_C": null, "END_SR_Com": null, "START_po_2": "A", "END_poin_1": "A", "START_po_3": 1, "END_poin_2": 1 }, "geometry": { "type": "LineString", "coordinates": [ [ 27.3195, 37.728 ], [ 27.0749, 37.6869 ], [ 27.3195, 37.728 ] ] } },
{ "type": "Feature", "properties": { "Shape_Leng": 0.702492505298, "SS_ID": 251, "START_OBJE": 291, "END_OBJECT": 291, "START_Lon": 27.1561, "END_Lon": 27.1561, "START_Lat": 37.6079, "END_Lat": 37.6079, "START_poin": "A", "END_point_": "A", "START_po_1": 1, "END_point1": 1, "START_SS_I": 251, "END_SS_ID": 251, "START_Name": "Söke", "END_NameEN": "Söke", "START_Na_1": "Σώκεια", "END_NameEL": "Σώκεια", "START_Stri": 55, "END_Strike": 55, "START_Dip_": 145, "END_Dip_Di": 145, "START_Dip": 51, "END_Dip": 51, "START_Rake": 227, "END_Rake": 227, "START_Ra_1": -133, "END_Rake__": -133, "START_Kine": "ND", "END_Kinema": "ND", "START_Leng": 33.0, "END_Length": 33.0, "START_Widt": 17.5, "END_Width_": 17.5, "START_Min_": 0.0, "END_Min_De": 0.0, "START_Max_": 13.6, "END_Max_De": 13.6, "START_Rupt": 577.5, "END_Ruptur": 577.5, "START_Aver": 0.86, "END_Averag": 0.86, "START_Mw__": 6.7, "END_Mw__W_": 6.7, "START_Mw_1": 6.7, "END_Mw__K_": 6.7, "START_M0__": 1.64125e+19, "END_M0__Nm": 1.64125e+19, "START_LonA": 27.1561, "END_LonA": 27.1561, "START_LatA": 37.6079, "END_LatA": 37.6079, "START_LonB": 27.4633, "END_LonB": 27.4633, "START_LatB": 37.7782, "END_LatB": 37.7782, "START_Lon1": 27.1561, "END_Lon1": 27.1561, "START_Lat1": 37.6079, "END_Lat1": 37.6079, "START_Lon2": 27.4633, "END_Lon2": 27.4633, "START_Lat2": 37.7782, "END_Lat2": 37.7782, "START_Lon3": 27.535, "END_Lon3": 27.535, "START_Lat3": 37.697, "END_Lat3": 37.697, "START_Lon4": 27.2279, "END_Lon4": 27.2279, "START_Lat4": 37.5268, "END_Lat4": 37.5268, "START_SR_m": 0.0, "END_SR_min": 0.0, "START_SR_1": 0.0, "END_SR_max": 0.0, "START_SR_a": null, "END_SR_avg": null, "START_SR_R": null, "END_SR_Ref": null, "START_SR_C": null, "END_SR_Com": null, "START_po_2": "A", "END_poin_1": "A", "START_po_3": 1, "END_poin_2": 1 }, "geometry": { "type": "LineString", "coordinates": [ [ 27.1561, 37.6079 ], [ 27.4633, 37.7782 ], [ 27.1561, 37.6079 ] ] } },
{ "type": "Feature", "properties": { "Shape_Leng": 0.88088312505099997, "SS_ID": 252, "START_OBJE": 293, "END_OBJECT": 293, "START_Lon": 27.9456, "END_Lon": 27.9456, "START_Lat": 37.2138, "END_Lat": 37.2138, "START_poin": "A", "END_point_": "A", "START_po_1": 1, "END_point1": 1, "START_SS_I": 252, "END_SS_ID": 252, "START_Name": "Milas", "END_NameEN": "Milas", "START_Na_1": "Μυλάσα", "END_NameEL": "Μυλάσα", "START_Stri": 301, "END_Strike": 301, "START_Dip_": 31, "END_Dip_Di": 31, "START_Dip": 80, "END_Dip": 80, "START_Rake": 207, "END_Rake": 207, "START_Ra_1": -153, "END_Rake__": -153, "START_Kine": "DN", "END_Kinema": "DN", "START_Leng": 41.0, "END_Length": 41.0, "START_Widt": 11.5, "END_Width_": 11.5, "START_Min_": 0.0, "END_Min_De": 0.0, "START_Max_": 11.3, "END_Max_De": 11.3, "START_Rupt": 471.5, "END_Ruptur": 471.5, "START_Aver": 0.92, "END_Averag": 0.92, "START_Mw__": 6.7, "END_Mw__W_": 6.7, "START_Mw_1": 6.7, "END_Mw__K_": 6.7, "START_M0__": 1.4303e+19, "END_M0__Nm": 1.4303e+19, "START_LonA": 27.9456, "END_LonA": 27.9456, "START_LatA": 37.2138, "END_LatA": 37.2138, "START_LonB": 27.5482, "END_LonB": 27.5482, "START_LatB": 37.4037, "END_LatB": 37.4037, "START_Lon1": 27.9456, "END_Lon1": 27.9456, "START_Lat1": 37.2138, "END_Lat1": 37.2138, "START_Lon2": 27.5482, "END_Lon2": 27.5482, "START_Lat2": 37.4037, "END_Lat2": 37.4037, "START_Lon3": 27.5598, "END_Lon3": 27.5598, "START_Lat3": 37.4191, "END_Lat3": 37.4191, "START_Lon4": 27.9572, "END_Lon4": 27.9572, "START_Lat4": 37.2292, "END_Lat4": 37.2292, "START_SR_m": 0.0, "END_SR_min": 0.0, "START_SR_1": 0.0, "END_SR_max": 0.0, "START_SR_a": null, "END_SR_avg": null, "START_SR_R": null, "END_SR_Ref": null, "START_SR_C": null, "END_SR_Com": null, "START_po_2": "A", "END_poin_1": "A", "START_po_3": 1, "END_poin_2": 1 }, "geometry": { "type": "LineString", "coordinates": [ [ 27.9456, 37.2138 ], [ 27.5482, 37.4037 ], [ 27.9456, 37.2138 ] ] } },
{ "type": "Feature", "properties": { "Shape_Leng": 1.5279021565499999, "SS_ID": 253, "START_OBJE": 295, "END_OBJECT": 295, "START_Lon": 27.6945, "END_Lon": 27.6945, "START_Lat": 36.9957, "END_Lat": 36.9957, "START_poin": "A", "END_point_": "A", "START_po_1": 1, "END_point1": 1, "START_SS_I": 253, "END_SS_ID": 253, "START_Name": "Gökova", "END_NameEN": "Gökova", "START_Na_1": "Κεραμεικός", "END_NameEL": "Κεραμεικός", "START_Stri": 83, "END_Strike": 83, "START_Dip_": 173, "END_Dip_Di": 173, "START_Dip": 43, "END_Dip": 43, "START_Rake": 258, "END_Rake": 258, "START_Ra_1": -102, "END_Rake__": -102, "START_Kine": "N", "END_Kinema": "N", "START_Leng": 68.0, "END_Length": 68.0, "START_Widt": 29.0, "END_Width_": 29.0, "START_Min_": 0.0, "END_Min_De": 0.0, "START_Max_": 19.8, "END_Max_De": 19.8, "START_Rupt": 1972.0, "END_Ruptur": 1972.0, "START_Aver": 1.65, "END_Averag": 1.65, "START_Mw__": 7.3, "END_Mw__W_": 7.3, "START_Mw_1": 7.3, "END_Mw__K_": 7.3, "START_M0__": 1.0745e+20, "END_M0__Nm": 1.0745e+20, "START_LonA": 27.6945, "END_LonA": 27.6945, "START_LatA": 36.9957, "END_LatA": 36.9957, "START_LonB": 28.4548, "END_LonB": 28.4548, "START_LatB": 37.0703, "END_LatB": 37.0703, "START_Lon1": 27.6945, "END_Lon1": 27.6945, "START_Lat1": 36.9957, "END_Lat1": 36.9957, "START_Lon2": 28.4548, "END_Lon2": 28.4548, "START_Lat2": 37.0703, "END_Lat2": 37.0703, "START_Lon3": 28.4834, "END_Lon3": 28.4834, "START_Lat3": 36.8809, "END_Lat3": 36.8809, "START_Lon4": 27.724, "END_Lon4": 27.724, "START_Lat4": 36.8064, "END_Lat4": 36.8064, "START_SR_m": 0.0, "END_SR_min": 0.0, "START_SR_1": 0.0, "END_SR_max": 0.0, "START_SR_a": null, "END_SR_avg": null, "START_SR_R": null, "END_SR_Ref": null, "START_SR_C": null, "END_SR_Com": null, "START_po_2": "A", "END_poin_1": "A", "START_po_3": 1, "END_poin_2": 1 }, "geometry": { "type": "LineString", "coordinates": [ [ 27.6945, 36.9957 ], [ 28.4548, 37.0703 ], [ 27.6945, 36.9957 ] ] } },
{ "type": "Feature", "properties": { "Shape_Leng": 0.69082400074100003, "SS_ID": 254, "START_OBJE": 297, "END_OBJECT": 297, "START_Lon": 29.6682, "END_Lon": 29.6682, "START_Lat": 36.1533, "END_Lat": 36.1533, "START_poin": "A", "END_point_": "A", "START_po_1": 1, "END_point1": 1, "START_SS_I": 254, "END_SS_ID": 254, "START_Name": "Kale", "END_NameEN": "Kale", "START_Na_1": "Καλέ", "END_NameEL": "Καλέ", "START_Stri": 65, "END_Strike": 65, "START_Dip_": 155, "END_Dip_Di": 155, "START_Dip": 60, "END_Dip": 60, "START_Rake": 290, "END_Rake": 290, "START_Ra_1": -70, "END_Rake__": -70, "START_Kine": "NS", "END_Kinema": "NS", "START_Leng": 32.0, "END_Length": 32.0, "START_Widt": 17.0, "END_Width_": 17.0, "START_Min_": 0.0, "END_Min_De": 0.0, "START_Max_": 14.7, "END_Max_De": 14.7, "START_Rupt": 544.0, "END_Ruptur": 544.0, "START_Aver": 0.83, "END_Averag": 0.83, "START_Mw__": 6.7, "END_Mw__W_": 6.7, "START_Mw_1": 6.7, "END_Mw__K_": 6.7, "START_M0__": 1.49784e+19, "END_M0__Nm": 1.49784e+19, "START_LonA": 29.6682, "END_LonA": 29.6682, "START_LatA": 36.1533, "END_LatA": 36.1533, "START_LonB": 29.9915, "END_LonB": 29.9915, "START_LatB": 36.2749, "END_LatB": 36.2749, "START_Lon1": 29.6682, "END_Lon1": 29.6682, "START_Lat1": 36.1533, "END_Lat1": 36.1533, "START_Lon2": 29.9915, "END_Lon2": 29.9915, "START_Lat2": 36.2749, "END_Lat2": 36.2749, "START_Lon3": 30.0315, "END_Lon3": 30.0315, "START_Lat3": 36.2056, "END_Lat3": 36.2056, "START_Lon4": 29.7083, "END_Lon4": 29.7083, "START_Lat4": 36.084, "END_Lat4": 36.084, "START_SR_m": 0.0, "END_SR_min": 0.0, "START_SR_1": 0.0, "END_SR_max": 0.0, "START_SR_a": null, "END_SR_avg": null, "START_SR_R": null, "END_SR_Ref": null, "START_SR_C": null, "END_SR_Com": null, "START_po_2": "A", "END_poin_1": "A", "START_po_3": 1, "END_poin_2": 1 }, "geometry": { "type": "LineString", "coordinates": [ [ 29.6682, 36.1533 ], [ 29.9915, 36.2749 ], [ 29.6682, 36.1533 ] ] } }
]
}
