{
"type": "FeatureCollection",
"name": "rcs_normal",
"crs": { "type": "name", "properties": { "name": "urn:ogc:def:crs:OGC:1.3:CRS84" } },
"features": [
{ "type": "Feature", "properties": { "LonA": 23.7481, "LatA": 39.1962, "LonB": 23.3198, "LatB": 39.3954, "SS_ID": 4.0, "Shape_Leng": 0.472357950508 }, "geometry": { "type": "LineString", "coordinates": [ [ 23.7481, 39.1962 ], [ 23.738392846000067, 39.20074481000006 ], [ 23.728684441000041, 39.205288808000034 ], [ 23.718974784000068, 39.20983199300008 ], [ 23.709263877000069, 39.214374366000072 ], [ 23.699551718000066, 39.218915925000033 ], [ 23.689838308000049, 39.223456671000065 ], [ 23.680123646000027, 39.227996603000065 ], [ 23.670407732000058, 39.232535721000033 ], [ 23.660690567000074, 39.237074026000073 ], [ 23.65097214900004, 39.241611516000034 ], [ 23.641252479000059, 39.246148191000032 ], [ 23.631531557000073, 39.250684052000054 ], [ 23.621809383000027, 39.255219098000055 ], [ 23.612085956000044, 39.259753328000045 ], [ 23.602361276000067, 39.264286743000071 ], [ 23.59263534300004, 39.268819342000029 ], [ 23.582908157000077, 39.27335112600008 ], [ 23.573179718000063, 39.277882093000073 ], [ 23.563450026000055, 39.282412244000056 ], [ 23.553719081000054, 39.286941578000039 ], [ 23.54398688200007, 39.291470095000079 ], [ 23.534253429000046, 39.295997796000051 ], [ 23.524518722000039, 39.300524679000034 ], [ 23.514782761000049, 39.305050744000027 ], [ 23.505045546000076, 39.309575991000031 ], [ 23.495307077000064, 39.314100421000035 ], [ 23.485567354000068, 39.318624032000059 ], [ 23.475826376000043, 39.323146825000038 ], [ 23.466084143000046, 39.327668799000037 ], [ 23.456340656000066, 39.332189954000057 ], [ 23.446595913000067, 39.336710290000042 ], [ 23.436849916000028, 39.341229806000058 ], [ 23.427102663000028, 39.345748503000038 ], [ 23.417354155000055, 39.350266379000061 ], [ 23.407604391000064, 39.354783436000048 ], [ 23.397853372000043, 39.359299672000077 ], [ 23.38810109700006, 39.363815088000081 ], [ 23.378347566000059, 39.368329682000081 ], [ 23.368592780000029, 39.372843456000055 ], [ 23.358836737000047, 39.377356409000072 ], [ 23.349079437000057, 39.381868539000038 ], [ 23.339320881000049, 39.386379848000047 ], [ 23.329561069000079, 39.390890335000051 ], [ 23.3198, 39.3954 ] ] } },
{ "type": "Feature", "properties": { "LonA": 23.9659, "LatA": 39.8832, "LonB": 24.4361, "LatB": 40.1448, "SS_ID": 5.0, "Shape_Leng": 0.53807395034000005 }, "geometry": { "type": "LineString", "coordinates": [ [ 23.9659, 39.8832 ], [ 23.975268868000057, 39.888450762000048 ], [ 23.984639165000033, 39.893700762000037 ], [ 23.994010893000052, 39.89895 ], [ 24.003384050000022, 39.904198475000044 ], [ 24.012758638000037, 39.90944618900005 ], [ 24.022134656000048, 39.914693139000065 ], [ 24.031512105000047, 39.919939327000066 ], [ 24.040890986000022, 39.925184752000064 ], [ 24.050271298000041, 39.93042941200008 ], [ 24.059653042000036, 39.935673310000027 ], [ 24.069036217000075, 39.940916443000049 ], [ 24.078420825000023, 39.946158812000078 ], [ 24.087806866000051, 39.95140041600007 ], [ 24.097194340000044, 39.956641256000069 ], [ 24.106583246000071, 39.961881331000029 ], [ 24.115973586000052, 39.967120640000076 ], [ 24.125365360000046, 39.972359184000027 ], [ 24.134758568000052, 39.977596962000064 ], [ 24.14415321000007, 39.982833974000073 ], [ 24.153549286000043, 39.988070220000054 ], [ 24.162946798000064, 39.993305699000075 ], [ 24.17234574400004, 39.998540412000068 ], [ 24.181746126000064, 40.003774357000054 ], [ 24.191147943000033, 40.00900753500008 ], [ 24.200551196000049, 40.014239946000032 ], [ 24.209955886000046, 40.019471589000034 ], [ 24.219362012000033, 40.02470246300004 ], [ 24.228769574000069, 40.029932569000039 ], [ 24.238178574000074, 40.035161907000031 ], [ 24.247589011000059, 40.040390476000027 ], [ 24.257000885000025, 40.045618276000027 ], [ 24.266414197000074, 40.050845306000042 ], [ 24.275828948000026, 40.05607156700006 ], [ 24.285245136000071, 40.061297058000036 ], [ 24.294662764000066, 40.066521779000027 ], [ 24.30408183000003, 40.071745729000043 ], [ 24.313502336000056, 40.076968909000072 ], [ 24.322924281000041, 40.082191317000024 ], [ 24.332347665000043, 40.087412955000048 ], [ 24.341772490000039, 40.092633821000049 ], [ 24.351198755000041, 40.097853916000076 ], [ 24.360626461000038, 40.103073239000025 ], [ 24.37005560700004, 40.108291789000077 ], [ 24.379486195000027, 40.113509567000051 ], [ 24.388918224000065, 40.11872657300006 ], [ 24.398351695000031, 40.12394280500007 ], [ 24.407786608000038, 40.129158264000068 ], [ 24.417222962000039, 40.134372950000056 ], [ 24.426660760000061, 40.139586862000044 ], [ 24.4361, 40.1448 ] ] } },
{ "type": "Feature", "properties": { "LonA": 23.3688, "LatA": 39.9464, "LonB": 23.9306, "LatB": 39.8548, "SS_ID": 6.0, "Shape_Leng": 0.569219214601 }, "geometry": { "type": "LineString", "coordinates": [ [ 23.3688, 39.9464 ], [ 23.380050605000065, 39.944594710000047 ], [ 23.391300619000049, 39.942788328000063 ], [ 23.40255004100004, 39.940980854000031 ], [ 23.41379887100004, 39.939172288000066 ], [ 23.425047109000047, 39.937362630000052 ], [ 23.436294754000073, 39.935551880000048 ], [ 23.447541805000071, 39.933740039000043 ], [ 23.458788264000077, 39.931927106000046 ], [ 23.470034129000055, 39.930113082000048 ], [ 23.481279400000062, 39.928297967000049 ], [ 23.492524077000041, 39.926481760000058 ], [ 23.50376816000005, 39.924664463000056 ], [ 23.515011647000051, 39.922846075000052 ], [ 23.526254540000025, 39.921026595000058 ], [ 23.537496838000038, 39.91920602600004 ], [ 23.548738540000045, 39.917384366000078 ], [ 23.559979646000045, 39.915561615000058 ], [ 23.571220156000038, 39.913737775000072 ], [ 23.582460069000035, 39.911912844000028 ], [ 23.593699386000026, 39.910086823000029 ], [ 23.604938106000077, 39.908259712000074 ], [ 23.616176228000029, 39.90643151200004 ], [ 23.627413753000042, 39.904602222000051 ], [ 23.638650680000069, 39.902771843000039 ], [ 23.649887009000054, 39.900940374000072 ], [ 23.661122739000064, 39.899107816000026 ], [ 23.672357871000031, 39.89727416900007 ], [ 23.683592404000024, 39.895439434000025 ], [ 23.694826337000052, 39.893603609000024 ], [ 23.706059671000048, 39.891766695000058 ], [ 23.717292405000023, 39.889928693000059 ], [ 23.728524539000034, 39.888089603000026 ], [ 23.739756072000034, 39.886249424000027 ], [ 23.75098700500007, 39.884408157000053 ], [ 23.762217336000049, 39.882565803000034 ], [ 23.773447067000063, 39.88072236000005 ], [ 23.784676196000078, 39.878877829000032 ], [ 23.795904723000035, 39.877032211000028 ], [ 23.80713264700006, 39.875185505000047 ], [ 23.818359970000074, 39.87333771200008 ], [ 23.829586690000042, 39.871488831000079 ], [ 23.840812806000031, 39.869638863000034 ], [ 23.852038320000077, 39.867787809000049 ], [ 23.86326323000003, 39.865935667000031 ], [ 23.874487536000061, 39.864082439000072 ], [ 23.885711238000056, 39.862228124000069 ], [ 23.896934336000072, 39.860372722000079 ], [ 23.908156829000063, 39.858516234000035 ], [ 23.919378717000029, 39.856658660000051 ], [ 23.9306, 39.8548 ] ] } },
{ "type": "Feature", "properties": { "LonA": 23.8443, "LatA": 39.4506, "LonB": 23.3786, "LatB": 39.4632, "SS_ID": 7.0, "Shape_Leng": 0.46587073401599999 }, "geometry": { "type": "LineString", "coordinates": [ [ 23.8443, 39.4506 ], [ 23.832943508000028, 39.450929501000076 ], [ 23.821586909000075, 39.451257893000047 ], [ 23.81023020300006, 39.451585176000037 ], [ 23.798873391000029, 39.451911350000046 ], [ 23.787516474000029, 39.452236415000073 ], [ 23.776159451000069, 39.452560371000061 ], [ 23.764802323000026, 39.452883218000068 ], [ 23.753445090000071, 39.453204956000036 ], [ 23.742087753000078, 39.453525585000079 ], [ 23.730730311000059, 39.453845105000028 ], [ 23.719372767000038, 39.454163516000051 ], [ 23.708015118000048, 39.454480817000046 ], [ 23.696657367000057, 39.45479701000005 ], [ 23.685299514000064, 39.455112093000025 ], [ 23.673941558000024, 39.455426068000065 ], [ 23.662583500000039, 39.455738932000031 ], [ 23.651225341000043, 39.456050688000062 ], [ 23.639867080000045, 39.456361335000054 ], [ 23.628508719000024, 39.456670872000075 ], [ 23.617150257000048, 39.456979300000057 ], [ 23.60579169600004, 39.457286618000069 ], [ 23.594433034000076, 39.457592828000031 ], [ 23.583074274000069, 39.457897928000079 ], [ 23.571715414000039, 39.458201918000043 ], [ 23.560356456000022, 39.458504799000025 ], [ 23.548997399000029, 39.458806571000025 ], [ 23.53763824400005, 39.459107233000054 ], [ 23.526278992000073, 39.459406786000045 ], [ 23.514919643000042, 39.459705229000065 ], [ 23.50356019700007, 39.460002563000046 ], [ 23.492200654000044, 39.460298787000056 ], [ 23.480841015000067, 39.460593902000028 ], [ 23.469481281000071, 39.460887907000028 ], [ 23.458121451000068, 39.461180802000058 ], [ 23.446761526000046, 39.461472588000049 ], [ 23.435401506000062, 39.461763264000069 ], [ 23.424041392000049, 39.462052831000051 ], [ 23.412681184000064, 39.462341288000061 ], [ 23.401320883000039, 39.462628635000044 ], [ 23.389960488000042, 39.462914872000056 ], [ 23.3786, 39.4632 ] ] } },
{ "type": "Feature", "properties": { "LonA": 25.7066, "LatA": 40.4722, "LonB": 25.4565, "LatB": 40.5267, "SS_ID": 8.0, "Shape_Leng": 0.25596931751899998 }, "geometry": { "type": "LineString", "coordinates": [ [ 25.7066, 40.4722 ], [ 25.695734512000058, 40.474580824000043 ], [ 25.684868257000062, 40.47696062600005 ], [ 25.674001234000059, 40.479339405000076 ], [ 25.663133445000028, 40.481717162000052 ], [ 25.652264889000037, 40.484093895000058 ], [ 25.641395566000028, 40.486469606000071 ], [ 25.630525477000049, 40.488844293000056 ], [ 25.619654621000052, 40.49121795700006 ], [ 25.608783, 40.493590597000036 ], [ 25.597910613000067, 40.495962213000041 ], [ 25.587037461000023, 40.498332806000064 ], [ 25.576163543000064, 40.50070237500006 ], [ 25.565288860000067, 40.503070919000038 ], [ 25.554413413000077, 40.505438439000045 ], [ 25.54353720000006, 40.507804935000024 ], [ 25.53266022400004, 40.510170406000043 ], [ 25.521782483000038, 40.512534852000044 ], [ 25.510903978000044, 40.514898273000028 ], [ 25.500024709000058, 40.517260670000042 ], [ 25.489144676000024, 40.519622041000048 ], [ 25.478263881000032, 40.521982386000047 ], [ 25.467382322000049, 40.52434170600003 ], [ 25.4565, 40.5267 ] ] } },
{ "type": "Feature", "properties": { "LonA": 26.5357, "LatA": 41.6114, "LonB": 26.1711, "LatB": 41.5535, "SS_ID": 9.0, "Shape_Leng": 0.36916893010899998 }, "geometry": { "type": "LineString", "coordinates": [ [ 26.5357, 41.6114 ], [ 26.524296415000038, 41.609608145000038 ], [ 26.512893462000079, 41.607815158000051 ], [ 26.501491140000041, 41.606021039000041 ], [ 26.490089449000038, 41.604225789000054 ], [ 26.478688392000038, 41.602429408000035 ], [ 26.467287966000072, 41.600631896000039 ], [ 26.455888174000052, 41.598833253000066 ], [ 26.444489015000045, 41.597033479000061 ], [ 26.433090489000051, 41.595232574000079 ], [ 26.42169259800005, 41.593430539000053 ], [ 26.410295340000062, 41.591627374000041 ], [ 26.398898717000066, 41.589823078000052 ], [ 26.387502729000062, 41.58801765100003 ], [ 26.37610737600005, 41.586211095000067 ], [ 26.364712659000077, 41.58440340900006 ], [ 26.353318577000039, 41.582594593000067 ], [ 26.341925131000039, 41.580784648000076 ], [ 26.330532322000067, 41.578973573000042 ], [ 26.319140150000067, 41.577161368000077 ], [ 26.307748615000037, 41.575348035000047 ], [ 26.296357717000035, 41.573533572000031 ], [ 26.28496745700005, 41.571717980000074 ], [ 26.273577834000037, 41.569901260000051 ], [ 26.262188851000076, 41.568083411000032 ], [ 26.250800506000076, 41.566264433000072 ], [ 26.239412800000025, 41.564444327000047 ], [ 26.228025733000038, 41.562623092000081 ], [ 26.216639306000047, 41.560800730000039 ], [ 26.205253518000063, 41.558977239000058 ], [ 26.193868372000054, 41.557152620000068 ], [ 26.182483865000052, 41.555326874000059 ], [ 26.1711, 41.5535 ] ] } },
{ "type": "Feature", "properties": { "LonA": 25.4516, "LatA": 41.1675, "LonB": 25.7713, "LatB": 41.0939, "SS_ID": 10.0, "Shape_Leng": 0.32806270374000002 }, "geometry": { "type": "LineString", "coordinates": [ [ 25.4516, 41.1675 ], [ 25.462636020000048, 41.164976865000028 ], [ 25.47367119200004, 41.16245267100004 ], [ 25.484705518000055, 41.159927419000041 ], [ 25.495738997000046, 41.157401109000034 ], [ 25.506771628000024, 41.154873741000074 ], [ 25.517803412000035, 41.152345315000048 ], [ 25.528834348000032, 41.149815832000058 ], [ 25.539864435000027, 41.14728529100006 ], [ 25.550893675000054, 41.14475369400003 ], [ 25.561922066000022, 41.142221039000049 ], [ 25.572949608000044, 41.139687327000047 ], [ 25.583976301000064, 41.137152559000072 ], [ 25.595002145000024, 41.134616734000076 ], [ 25.606027140000037, 41.13207985300005 ], [ 25.617051286000049, 41.129541916000051 ], [ 25.628074581000078, 41.127002923000077 ], [ 25.639097027000048, 41.124462874000073 ], [ 25.650118622000036, 41.121921770000029 ], [ 25.661139367000033, 41.119379610000067 ], [ 25.672159262000037, 41.116836395000064 ], [ 25.683178305000069, 41.114292124000031 ], [ 25.694196498000053, 41.111746799000059 ], [ 25.705213839000066, 41.109200419000047 ], [ 25.716230329000041, 41.106652985000039 ], [ 25.727245968000034, 41.104104496000048 ], [ 25.738260754000066, 41.101554953000061 ], [ 25.749274688000071, 41.09900435600008 ], [ 25.760287770000048, 41.096452705000047 ], [ 25.7713, 41.0939 ] ] } },
{ "type": "Feature", "properties": { "LonA": 25.214, "LatA": 41.1217, "LonB": 25.562, "LatB": 41.2171, "SS_ID": 11.0, "Shape_Leng": 0.36083971083900002 }, "geometry": { "type": "LineString", "coordinates": [ [ 25.214, 41.1217 ], [ 25.224859707000064, 41.124697173000072 ], [ 25.235720402000027, 41.127693321000038 ], [ 25.246582085000057, 41.130688444000043 ], [ 25.257444756000041, 41.133682540000052 ], [ 25.268308415000035, 41.136675611000044 ], [ 25.279173061000051, 41.139667656000029 ], [ 25.290038695000078, 41.142658674000074 ], [ 25.300905315000023, 41.145648666000056 ], [ 25.311772923000035, 41.148637632000032 ], [ 25.322641518000069, 41.151625570000078 ], [ 25.333511099000077, 41.154612481000072 ], [ 25.34438166800004, 41.157598365000069 ], [ 25.355253222000044, 41.160583221000024 ], [ 25.36612576300007, 41.16356705000004 ], [ 25.376999291000061, 41.16654985100007 ], [ 25.387873804000037, 41.169531623000069 ], [ 25.398749303000045, 41.172512367000024 ], [ 25.409625788000028, 41.175492083000051 ], [ 25.420503259000043, 41.178470770000047 ], [ 25.431381715000043, 41.181448429000056 ], [ 25.442261156000029, 41.184425058000045 ], [ 25.453141583000047, 41.187400657000069 ], [ 25.464022994000061, 41.19037522800005 ], [ 25.47490539100005, 41.193348768000078 ], [ 25.485788772000035, 41.196321279000074 ], [ 25.496673137000073, 41.199292760000048 ], [ 25.507558488000029, 41.202263210000069 ], [ 25.518444822000049, 41.205232630000069 ], [ 25.529332141000054, 41.208201019000057 ], [ 25.540220443000067, 41.211168377000035 ], [ 25.551109730000064, 41.21413470400006 ], [ 25.562, 41.2171 ] ] } },
{ "type": "Feature", "properties": { "LonA": 24.8928, "LatA": 41.1427, "LonB": 25.214, "LatB": 41.1215, "SS_ID": 12.0, "Shape_Leng": 0.32189897252299998 }, "geometry": { "type": "LineString", "coordinates": [ [ 24.8928, 41.1427 ], [ 24.904274967000049, 41.141958282000076 ], [ 24.915749675000029, 41.141215422000073 ], [ 24.927224124000077, 41.140471418000061 ], [ 24.938698314000078, 41.139726271000029 ], [ 24.950172243000054, 41.13897998200008 ], [ 24.961645913000041, 41.138232549000065 ], [ 24.97311932100007, 41.137483974000077 ], [ 24.984592469000063, 41.136734256000068 ], [ 24.996065355000042, 41.135983395000039 ], [ 25.007537979000062, 41.135231392000037 ], [ 25.019010341000069, 41.134478246000072 ], [ 25.030482440000071, 41.133723957000029 ], [ 25.041954277000059, 41.13296852600007 ], [ 25.053425850000053, 41.13221195300008 ], [ 25.064897159000054, 41.131454237000071 ], [ 25.076368204000062, 41.130695378000041 ], [ 25.087838985000076, 41.129935378000027 ], [ 25.099309500000061, 41.12917423500005 ], [ 25.110779750000063, 41.128411951000032 ], [ 25.122249735000025, 41.127648524000051 ], [ 25.133719453000026, 41.126883955000039 ], [ 25.145188905000055, 41.126118244000054 ], [ 25.156658090000064, 41.125351391000038 ], [ 25.168127008000056, 41.124583396000048 ], [ 25.179595659000029, 41.123814260000074 ], [ 25.191064041000061, 41.12304398200007 ], [ 25.202532155000029, 41.122272562000035 ], [ 25.214, 41.1215 ] ] } },
{ "type": "Feature", "properties": { "LonA": 24.4836, "LatA": 40.9195, "LonB": 24.8887, "LatB": 41.1415, "SS_ID": 13.0, "Shape_Leng": 0.461942158218 }, "geometry": { "type": "LineString", "coordinates": [ [ 24.4836, 40.9195 ], [ 24.492990062000047, 40.924679022000078 ], [ 24.502381590000027, 40.929857275000074 ], [ 24.511774584000023, 40.935034758000029 ], [ 24.521169045000079, 40.940211471000055 ], [ 24.530564973000025, 40.945387414000038 ], [ 24.539962369000023, 40.950562586000046 ], [ 24.549361231000034, 40.955736988000069 ], [ 24.558761562000029, 40.96091061900006 ], [ 24.568163360000028, 40.96608347800003 ], [ 24.577566627000067, 40.971255566000025 ], [ 24.586971363000032, 40.976426883000045 ], [ 24.596377567000047, 40.981597427000054 ], [ 24.605785241000035, 40.986767200000031 ], [ 24.615194384000063, 40.991936199000065 ], [ 24.624604997000063, 40.997104426000078 ], [ 24.634017080000035, 41.00227188000008 ], [ 24.643430633000037, 41.007438561000072 ], [ 24.652845657000057, 41.012604468000063 ], [ 24.662262152000039, 41.017769602000044 ], [ 24.671680117000051, 41.022933961000035 ], [ 24.68109955400007, 41.028097546000026 ], [ 24.690520463000041, 41.033260357000074 ], [ 24.699942844000077, 41.038422393000076 ], [ 24.709366697000064, 41.043583653000042 ], [ 24.718792023000049, 41.048744139000064 ], [ 24.728218821000041, 41.053903849000051 ], [ 24.737647093000078, 41.059062783000059 ], [ 24.747076837000066, 41.064220940000041 ], [ 24.75650805600003, 41.069378322000034 ], [ 24.765940748000048, 41.074534927000059 ], [ 24.775374915000043, 41.079690755000058 ], [ 24.784810556000025, 41.084845806000033 ], [ 24.794247671000051, 41.090000079000049 ], [ 24.803686262000042, 41.09515357500004 ], [ 24.813126328000067, 41.100306293000074 ], [ 24.822567870000057, 41.105458233000036 ], [ 24.832010887000024, 41.110609394000051 ], [ 24.84145538100006, 41.115759776000061 ], [ 24.850901351000061, 41.120909380000057 ], [ 24.860348797000029, 41.126058205000049 ], [ 24.869797721000054, 41.131206249000059 ], [ 24.879248122000035, 41.136353515000053 ], [ 24.8887, 41.1415 ] ] } },
{ "type": "Feature", "properties": { "LonA": 24.0486, "LatA": 40.69, "LonB": 24.517, "LatB": 40.903, "SS_ID": 14.0, "Shape_Leng": 0.51455640936799996 }, "geometry": { "type": "LineString", "coordinates": [ [ 24.0486, 40.69 ], [ 24.058534807000058, 40.694551750000073 ], [ 24.068470966000064, 40.699102642000071 ], [ 24.078408478000028, 40.703652675000058 ], [ 24.088347342000077, 40.708201849000034 ], [ 24.098287558000038, 40.712750163000067 ], [ 24.108229128000062, 40.717297618000032 ], [ 24.118172050000055, 40.721844212000065 ], [ 24.128116326000054, 40.72638994700003 ], [ 24.138061954000023, 40.730934821000062 ], [ 24.148008936000053, 40.735478835000038 ], [ 24.157957272000033, 40.74002198800008 ], [ 24.167906961000028, 40.744564279000031 ], [ 24.177858004000029, 40.749105709000048 ], [ 24.187810401000036, 40.753646278000076 ], [ 24.197764152000047, 40.758185985000068 ], [ 24.207719257000065, 40.762724829000035 ], [ 24.217675717000077, 40.76726281100008 ], [ 24.227633531000038, 40.771799930000043 ], [ 24.237592699000061, 40.776336187000027 ], [ 24.247553223000068, 40.780871580000053 ], [ 24.25751510200007, 40.785406110000054 ], [ 24.267478335000078, 40.78993977600004 ], [ 24.27744292400007, 40.794472579000058 ], [ 24.287408868000057, 40.799004517000071 ], [ 24.297376168000028, 40.803535590000081 ], [ 24.30734482400004, 40.808065799000076 ], [ 24.317314835000047, 40.812595144000056 ], [ 24.327286202000039, 40.817123622000054 ], [ 24.337258925000071, 40.821651236000037 ], [ 24.347233005000078, 40.826177984000026 ], [ 24.357208441000068, 40.830703865000032 ], [ 24.367185233000043, 40.835228881000035 ], [ 24.377163383000038, 40.839753030000054 ], [ 24.387142889000074, 40.84427631300008 ], [ 24.397123751000038, 40.848798728000077 ], [ 24.407105971000078, 40.85332027700008 ], [ 24.417089549000025, 40.857840957000064 ], [ 24.427074483000069, 40.862360771000056 ], [ 24.437060775000077, 40.866879716000028 ], [ 24.447048425000048, 40.871397793000028 ], [ 24.457037433000039, 40.875915001000067 ], [ 24.467027798000061, 40.880431341000076 ], [ 24.477019522000035, 40.884946812000067 ], [ 24.487012604000029, 40.889461413000049 ], [ 24.497007044000043, 40.89397514500007 ], [ 24.507002843000066, 40.898488008000072 ], [ 24.517, 40.903 ] ] } },
{ "type": "Feature", "properties": { "LonA": 23.8054, "LatA": 41.2165, "LonB": 24.3412, "LatB": 41.1813, "SS_ID": 15.0, "Shape_Leng": 0.53695550201300002 }, "geometry": { "type": "LineString", "coordinates": [ [ 23.8054, 41.2165 ], [ 23.817053864000059, 41.215761300000054 ], [ 23.828707466000026, 41.215021421000074 ], [ 23.840360805000046, 41.214280363000057 ], [ 23.852013881000062, 41.213538125000071 ], [ 23.863666693000027, 41.212794708000047 ], [ 23.875319241000057, 41.212050112000043 ], [ 23.886971524000046, 41.211304337000058 ], [ 23.898623543000042, 41.210557382000047 ], [ 23.910275297000055, 41.209809249000045 ], [ 23.92192678400005, 41.209059937000063 ], [ 23.933578006000062, 41.208309445000054 ], [ 23.945228961000055, 41.207557775000055 ], [ 23.956879650000076, 41.206804926000075 ], [ 23.968530071000032, 41.206050899000047 ], [ 23.980180224000037, 41.205295693000039 ], [ 23.991830109000034, 41.204539308000051 ], [ 24.003479726000023, 41.203781744000025 ], [ 24.015129074000072, 41.203023002000066 ], [ 24.026778153000066, 41.202263082000059 ], [ 24.038426962000074, 41.201501983000071 ], [ 24.050075500000048, 41.200739706000036 ], [ 24.061723769000025, 41.199976251000066 ], [ 24.073371766000037, 41.199211618000049 ], [ 24.085019492000072, 41.198445806000052 ], [ 24.096666946000028, 41.197678816000064 ], [ 24.108314128000075, 41.196910649000074 ], [ 24.119961038000042, 41.196141303000047 ], [ 24.131607674000065, 41.195370779000029 ], [ 24.143254038000066, 41.194599078000067 ], [ 24.154900127000076, 41.193826199000057 ], [ 24.166545943000074, 41.193052142000056 ], [ 24.178191483000035, 41.192276907000064 ], [ 24.189836749000051, 41.191500495000071 ], [ 24.201481740000077, 41.19072290500003 ], [ 24.213126454000076, 41.189944138000044 ], [ 24.224770893000027, 41.189164193000067 ], [ 24.236415055000066, 41.188383071000032 ], [ 24.248058940000078, 41.187600771000064 ], [ 24.259702547000074, 41.186817295000026 ], [ 24.271345877000044, 41.186032641000054 ], [ 24.282988929000055, 41.185246810000081 ], [ 24.294631702000061, 41.184459802000049 ], [ 24.306274196000061, 41.183671617000073 ], [ 24.317916411000056, 41.182882255000038 ], [ 24.329558345000066, 41.182091716000059 ], [ 24.3412, 41.1813 ] ] } },
{ "type": "Feature", "properties": { "LonA": 23.4688, "LatA": 41.1044, "LonB": 23.7432, "LatB": 41.108, "SS_ID": 16.0, "Shape_Leng": 0.27442367894300002 }, "geometry": { "type": "LineString", "coordinates": [ [ 23.4688, 41.1044 ], [ 23.480232718000025, 41.104563047000056 ], [ 23.491665493000028, 41.104724960000055 ], [ 23.503098324000064, 41.104885738000064 ], [ 23.51453121000003, 41.105045381000025 ], [ 23.525964151000039, 41.105203891000031 ], [ 23.537397148000025, 41.105361265000056 ], [ 23.548830198000076, 41.105517506000069 ], [ 23.560263303000056, 41.105672611000045 ], [ 23.571696461000045, 41.105826582000077 ], [ 23.583129672000041, 41.10597941900005 ], [ 23.594562937000035, 41.106131121000033 ], [ 23.605996253000058, 41.10628168900007 ], [ 23.617429622000031, 41.10643112200006 ], [ 23.628863043000024, 41.10657942000006 ], [ 23.640296514000056, 41.106726584000057 ], [ 23.65173003700005, 41.106872613000064 ], [ 23.663163610000026, 41.107017508000069 ], [ 23.674597233000043, 41.107161268000027 ], [ 23.686030905000052, 41.107303893000051 ], [ 23.697464627000045, 41.107445384000073 ], [ 23.708898398000031, 41.107585740000047 ], [ 23.720332217000077, 41.107724961000031 ], [ 23.731766085000061, 41.10786304800007 ], [ 23.7432, 41.108 ] ] } },
{ "type": "Feature", "properties": { "LonA": 23.6892, "LatA": 41.1044, "LonB": 23.8691, "LatB": 40.9483, "SS_ID": 17.0, "Shape_Leng": 0.238183268926 }, "geometry": { "type": "LineString", "coordinates": [ [ 23.6892, 41.1044 ], [ 23.696712819000027, 41.097901533000027 ], [ 23.704224157000056, 41.091402568000035 ], [ 23.711734015000047, 41.084903107000059 ], [ 23.719242393000059, 41.078403149000053 ], [ 23.726749292000022, 41.071902695000063 ], [ 23.734254712000052, 41.065401744000042 ], [ 23.741758653000034, 41.058900297000037 ], [ 23.749261118000049, 41.052398354000047 ], [ 23.756762105000064, 41.045895916000063 ], [ 23.764261615000066, 41.039392982000038 ], [ 23.771759649000046, 41.032889553000075 ], [ 23.779256208000049, 41.02638562900006 ], [ 23.78675129100003, 41.019881210000051 ], [ 23.794244900000024, 41.013376296000047 ], [ 23.801737035000031, 41.006870888000037 ], [ 23.80922769600005, 41.000364986000079 ], [ 23.816716884000073, 40.993858590000059 ], [ 23.82420460000003, 40.987351699000044 ], [ 23.831690844000036, 40.980844316000059 ], [ 23.839175616000034, 40.974336439000069 ], [ 23.84665891700007, 40.967828068000074 ], [ 23.854140748000077, 40.961319205000052 ], [ 23.861621109000055, 40.954809849000071 ], [ 23.8691, 40.9483 ] ] } },
{ "type": "Feature", "properties": { "LonA": 23.6088, "LatA": 40.5206, "LonB": 24.0584, "LatB": 40.5206, "SS_ID": 18.0, "Shape_Leng": 0.44960028339699998 }, "geometry": { "type": "LineString", "coordinates": [ [ 23.6088, 40.5206 ], [ 23.620328159000053, 40.520621852000033 ], [ 23.631856325000058, 40.520642553000073 ], [ 23.643384498000046, 40.520662104000053 ], [ 23.654912678000073, 40.520680506000076 ], [ 23.666440864000037, 40.52069775700005 ], [ 23.677969055000062, 40.520713858000079 ], [ 23.689497252000024, 40.520728809000047 ], [ 23.701025454000046, 40.52074261000007 ], [ 23.712553660000026, 40.520755261000033 ], [ 23.724081870000077, 40.520766762000051 ], [ 23.735610084000029, 40.520777113000065 ], [ 23.747138302000053, 40.520786314000077 ], [ 23.758666522000055, 40.520794364000039 ], [ 23.770194745000026, 40.520801265000046 ], [ 23.781722971000079, 40.520807015000059 ], [ 23.793251197000075, 40.520811615000071 ], [ 23.804779426000039, 40.520815066000068 ], [ 23.81630765500006, 40.520817366000074 ], [ 23.82783588500007, 40.520818516000077 ], [ 23.839364115000024, 40.520818516000077 ], [ 23.850892345000034, 40.520817366000074 ], [ 23.862420574000055, 40.520815066000068 ], [ 23.873948803000076, 40.520811615000071 ], [ 23.885477029000072, 40.520807015000059 ], [ 23.897005255000067, 40.520801265000046 ], [ 23.908533478000038, 40.520794364000039 ], [ 23.92006169800004, 40.520786314000077 ], [ 23.931589916000064, 40.520777113000065 ], [ 23.943118130000073, 40.520766762000051 ], [ 23.954646340000068, 40.520755261000033 ], [ 23.966174546000047, 40.52074261000007 ], [ 23.97770274800007, 40.520728809000047 ], [ 23.989230945000031, 40.520713858000079 ], [ 24.000759136000056, 40.52069775700005 ], [ 24.012287322000077, 40.520680506000076 ], [ 24.023815502000048, 40.520662104000053 ], [ 24.035343675000036, 40.520642553000073 ], [ 24.046871841000041, 40.520621852000033 ], [ 24.0584, 40.5206 ] ] } },
{ "type": "Feature", "properties": { "LonA": 24.0034, "LatA": 40.1438, "LonB": 23.6965, "LatB": 40.2067, "SS_ID": 19.0, "Shape_Leng": 0.31327957024199998 }, "geometry": { "type": "LineString", "coordinates": [ [ 24.0034, 40.1438 ], [ 23.992449057000044, 40.146060440000042 ], [ 23.981497389000026, 40.148319843000024 ], [ 23.970544995000068, 40.150578209000059 ], [ 23.959591876000047, 40.15283553900008 ], [ 23.94863803100003, 40.15509183100005 ], [ 23.937683462000052, 40.157347086000073 ], [ 23.926728168000068, 40.159601304000034 ], [ 23.915772150000066, 40.161854485000049 ], [ 23.904815407000058, 40.16410662800007 ], [ 23.893857941000078, 40.166357733000041 ], [ 23.882899750000036, 40.168607800000075 ], [ 23.871940836000078, 40.170856830000048 ], [ 23.860981199000037, 40.173104821000038 ], [ 23.850020839000024, 40.175351773000045 ], [ 23.83905975600004, 40.177597688000048 ], [ 23.828097950000029, 40.179842563000079 ], [ 23.817135422000035, 40.18208640000006 ], [ 23.806172171000071, 40.184329198000057 ], [ 23.795208199000058, 40.186570956000025 ], [ 23.784243505000063, 40.188811676000057 ], [ 23.773278090000076, 40.19105135600006 ], [ 23.762311953000051, 40.193289996000033 ], [ 23.751345095000033, 40.19552759700008 ], [ 23.74037751700007, 40.197764158000041 ], [ 23.729409218000058, 40.19999967900003 ], [ 23.718440199000042, 40.202234160000046 ], [ 23.707470459000035, 40.204467600000044 ], [ 23.6965, 40.2067 ] ] } },
{ "type": "Feature", "properties": { "LonA": 22.7162, "LatA": 41.2988, "LonB": 23.3865, "LatB": 41.2988, "SS_ID": 20.0, "Shape_Leng": 0.67030094665600004 }, "geometry": { "type": "LineString", "coordinates": [ [ 22.7162, 41.2988 ], [ 22.72795953800005, 41.29883363600004 ], [ 22.739719089000062, 41.298866071000077 ], [ 22.751478650000024, 41.298897305000025 ], [ 22.76323822300003, 41.298927338000055 ], [ 22.774997806000044, 41.298956169000064 ], [ 22.786757400000056, 41.298983799000041 ], [ 22.798517003000029, 41.299010228000043 ], [ 22.810276615000078, 41.29903545500008 ], [ 22.822036236000031, 41.299059481000029 ], [ 22.83379586600006, 41.299082306000059 ], [ 22.845555503000071, 41.299103930000058 ], [ 22.857315149000044, 41.299124352000035 ], [ 22.869074801000068, 41.299143573000038 ], [ 22.880834460000074, 41.299161592000075 ], [ 22.892594125000073, 41.299178411000071 ], [ 22.904353796000066, 41.299194028000045 ], [ 22.916113473000053, 41.299208443000055 ], [ 22.927873154000054, 41.299221658000079 ], [ 22.939632840000058, 41.299233671000025 ], [ 22.951392530000078, 41.299244483000052 ], [ 22.963152224000055, 41.299254093000059 ], [ 22.974911921000057, 41.299262502000033 ], [ 22.986671620000038, 41.299269710000033 ], [ 22.998431323000034, 41.299275717000057 ], [ 23.010191027000076, 41.299280522000061 ], [ 23.02195073200005, 41.299284126000032 ], [ 23.03371043900006, 41.299286528000039 ], [ 23.045470146000071, 41.29928773000006 ], [ 23.05722985400007, 41.29928773000006 ], [ 23.068989561000024, 41.299286528000039 ], [ 23.080749268000034, 41.299284126000032 ], [ 23.092508973000065, 41.299280522000061 ], [ 23.10426867700005, 41.299275717000057 ], [ 23.116028380000046, 41.299269710000033 ], [ 23.127788079000027, 41.299262502000033 ], [ 23.139547776000029, 41.299254093000059 ], [ 23.151307470000063, 41.299244483000052 ], [ 23.163067160000026, 41.299233671000025 ], [ 23.17482684600003, 41.299221658000079 ], [ 23.186586527000031, 41.299208443000055 ], [ 23.198346204000075, 41.299194028000045 ], [ 23.210105875000067, 41.299178411000071 ], [ 23.221865540000067, 41.299161592000075 ], [ 23.233625199000073, 41.299143573000038 ], [ 23.24538485100004, 41.299124352000035 ], [ 23.25714449700007, 41.299103930000058 ], [ 23.268904134000024, 41.299082306000059 ], [ 23.280663764000053, 41.299059481000029 ], [ 23.292423385000063, 41.29903545500008 ], [ 23.304182997000055, 41.299010228000043 ], [ 23.315942600000028, 41.298983799000041 ], [ 23.32770219400004, 41.298956169000064 ], [ 23.339461777000054, 41.298927338000055 ], [ 23.35122135000006, 41.298897305000025 ], [ 23.362980911000022, 41.298866071000077 ], [ 23.374740462000034, 41.29883363600004 ], [ 23.3865, 41.2988 ] ] } },
{ "type": "Feature", "properties": { "LonA": 23.6277, "LatA": 40.6053, "LonB": 23.367, "LatB": 40.6657, "SS_ID": 21.0, "Shape_Leng": 0.26760547166600002 }, "geometry": { "type": "LineString", "coordinates": [ [ 23.6277, 40.6053 ], [ 23.616846889000044, 40.607828422000068 ], [ 23.605992961000027, 40.610355823000077 ], [ 23.595138215000077, 40.612882203000026 ], [ 23.584282651000024, 40.61540756200003 ], [ 23.573426270000027, 40.617931899000041 ], [ 23.562569072000031, 40.62045521400006 ], [ 23.551711057000034, 40.622977508000076 ], [ 23.540852225000037, 40.625498779000054 ], [ 23.52999257700003, 40.628019029000029 ], [ 23.519132112000023, 40.630538256000079 ], [ 23.508270831000061, 40.633056461000081 ], [ 23.497408734000032, 40.635573643000043 ], [ 23.486545822000039, 40.638089802000025 ], [ 23.475682094000035, 40.640604938000081 ], [ 23.464817550000078, 40.643119051000042 ], [ 23.453952191000042, 40.645632141000078 ], [ 23.443086018000031, 40.64814420700003 ], [ 23.432219029000066, 40.650655250000057 ], [ 23.42135122600007, 40.653165269000056 ], [ 23.410482609000042, 40.655674264000027 ], [ 23.399613178000038, 40.658182234000037 ], [ 23.388742932000071, 40.660689181000066 ], [ 23.377871873000061, 40.663195103000078 ], [ 23.367, 40.6657 ] ] } },
{ "type": "Feature", "properties": { "LonA": 23.3811, "LatA": 40.6414, "LonB": 23.1086, "LatB": 40.6486, "SS_ID": 22.0, "Shape_Leng": 0.27259516602299999 }, "geometry": { "type": "LineString", "coordinates": [ [ 23.3811, 40.6414 ], [ 23.369747018000055, 40.641712837000057 ], [ 23.358393931000023, 40.642024559000049 ], [ 23.347040738000032, 40.642335164000031 ], [ 23.335687441000061, 40.642644653000048 ], [ 23.324334038000075, 40.642953025000054 ], [ 23.312980531000051, 40.643260282000028 ], [ 23.301626920000047, 40.643566422000049 ], [ 23.290273206000052, 40.643871446000048 ], [ 23.278919389000066, 40.644175354000026 ], [ 23.267565468000043, 40.644478145000051 ], [ 23.256211446000066, 40.644779820000053 ], [ 23.24485732100004, 40.645080379000035 ], [ 23.233503094000071, 40.645379821000063 ], [ 23.222148767000078, 40.645678147000069 ], [ 23.210794338000028, 40.645975357000054 ], [ 23.199439809000069, 40.646271450000029 ], [ 23.188085179000041, 40.646566426000049 ], [ 23.176730450000036, 40.646860286000049 ], [ 23.165375621000067, 40.647153030000027 ], [ 23.154020694000053, 40.647444657000051 ], [ 23.142665667000074, 40.647735168000054 ], [ 23.131310543000041, 40.648024562000046 ], [ 23.119955320000031, 40.648312839000027 ], [ 23.1086, 40.6486 ] ] } },
{ "type": "Feature", "properties": { "LonA": 23.1099, "LatA": 40.6441, "LonB": 22.919, "LatB": 40.7791, "SS_ID": 23.0, "Shape_Leng": 0.233811572439 }, "geometry": { "type": "LineString", "coordinates": [ [ 23.1099, 40.6441 ], [ 23.101616019000062, 40.64997618700005 ], [ 23.093330584000057, 40.655851773000052 ], [ 23.085043695000024, 40.661726759000032 ], [ 23.076755352000077, 40.667601144000059 ], [ 23.068465555000046, 40.673474928000076 ], [ 23.060174303000053, 40.679348110000035 ], [ 23.051881595000054, 40.68522069100004 ], [ 23.043587431000049, 40.691092671000035 ], [ 23.035291812000025, 40.696964048000041 ], [ 23.026994735000073, 40.702834823000046 ], [ 23.018696202000058, 40.708704996000051 ], [ 23.010396211000057, 40.714574566000067 ], [ 23.00209476200007, 40.720443534000026 ], [ 22.99379185500004, 40.726311898000063 ], [ 22.985487489000036, 40.732179659000053 ], [ 22.977181664000057, 40.738046816000065 ], [ 22.968874379000056, 40.74391337000003 ], [ 22.960565635000023, 40.749779320000073 ], [ 22.952255430000037, 40.755644665000034 ], [ 22.943943765000029, 40.761509406000073 ], [ 22.935630638000077, 40.76737354200003 ], [ 22.927316050000059, 40.773237074000065 ], [ 22.919, 40.7791 ] ] } },
{ "type": "Feature", "properties": { "LonA": 23.2739, "LatA": 40.4368, "LonB": 23.0125, "LatB": 40.4938, "SS_ID": 24.0, "Shape_Leng": 0.26754251549399999 }, "geometry": { "type": "LineString", "coordinates": [ [ 23.2739, 40.4368 ], [ 23.263017166000054, 40.439186807000056 ], [ 23.25213356200004, 40.441572588000042 ], [ 23.24124918900003, 40.443957344000069 ], [ 23.230364046000034, 40.446341073000042 ], [ 23.219478135000031, 40.448723777000055 ], [ 23.208591455000033, 40.451105455000061 ], [ 23.197704006000038, 40.453486106000071 ], [ 23.186815789000036, 40.455865731000074 ], [ 23.175926804000028, 40.458244329000024 ], [ 23.16503705100007, 40.460621900000035 ], [ 23.154146531000038, 40.462998445000039 ], [ 23.143255243000056, 40.465373962000058 ], [ 23.132363187000067, 40.46774845200008 ], [ 23.12147036500005, 40.47012191500005 ], [ 23.110576776000073, 40.472494350000034 ], [ 23.099682420000079, 40.474865758000078 ], [ 23.088787297000067, 40.477236137000034 ], [ 23.077891409000074, 40.479605489000051 ], [ 23.066994754000063, 40.481973812000035 ], [ 23.056097334000071, 40.484341107000034 ], [ 23.045199148000052, 40.486707373000058 ], [ 23.03430019700005, 40.48907261100004 ], [ 23.023400481000067, 40.491436820000047 ], [ 23.0125, 40.4938 ] ] } },
{ "type": "Feature", "properties": { "LonA": 23.0153, "LatA": 40.4966, "LonB": 22.7553, "LatB": 40.5036, "SS_ID": 25.0, "Shape_Leng": 0.26009426864099999 }, "geometry": { "type": "LineString", "coordinates": [ [ 23.0153, 40.4966 ], [ 23.003996790000031, 40.496916510000062 ], [ 22.992693475000067, 40.497231915000043 ], [ 22.981390053000041, 40.497546214000067 ], [ 22.970086526000046, 40.497859407000078 ], [ 22.95878289500007, 40.498171495000065 ], [ 22.947479158000078, 40.498482478000028 ], [ 22.936175318000039, 40.498792355000035 ], [ 22.924871374000077, 40.499101126000028 ], [ 22.913567326000077, 40.499408791000064 ], [ 22.90226317500003, 40.499715351000077 ], [ 22.890958921000049, 40.500020805000077 ], [ 22.879654565000067, 40.500325153000063 ], [ 22.868350107000026, 40.500628396000025 ], [ 22.857045548000031, 40.50093053300003 ], [ 22.845740887000034, 40.501231564000079 ], [ 22.834436125000025, 40.501531489000058 ], [ 22.82313126300005, 40.501830308000081 ], [ 22.811826301000053, 40.502128021000033 ], [ 22.800521239000034, 40.502424629000075 ], [ 22.789216077000049, 40.502720131000046 ], [ 22.777910817000077, 40.503014526000072 ], [ 22.766605458000072, 40.503307816000074 ], [ 22.7553, 40.5036 ] ] } },
{ "type": "Feature", "properties": { "LonA": 21.8911, "LatA": 40.9623, "LonB": 22.1611, "LatB": 41.0945, "SS_ID": 26.0, "Shape_Leng": 0.30062756196399998 }, "geometry": { "type": "LineString", "coordinates": [ [ 21.8911, 40.9623 ], [ 21.900724271000058, 40.96703235800004 ], [ 21.910349917000076, 40.971763908000071 ], [ 21.919976938000048, 40.976494650000063 ], [ 21.92960533400003, 40.981224585000064 ], [ 21.939235107000059, 40.985953711000036 ], [ 21.948866255000041, 40.990682029000027 ], [ 21.958498779000024, 40.995409538000047 ], [ 21.968132680000053, 41.000136239000028 ], [ 21.977767957000026, 41.004862130000049 ], [ 21.987404610000056, 41.009587212000042 ], [ 21.997042641000064, 41.014311484000075 ], [ 22.006682048000073, 41.01903494700008 ], [ 22.016322833000061, 41.023757599000078 ], [ 22.025964995000038, 41.028479441000059 ], [ 22.035608535000051, 41.033200472000033 ], [ 22.045253453000043, 41.037920693000046 ], [ 22.054899748000025, 41.042640102000064 ], [ 22.064547422000032, 41.047358700000075 ], [ 22.074196474000075, 41.052076486000033 ], [ 22.08384690500003, 41.056793461000041 ], [ 22.093498714000077, 41.061509623000063 ], [ 22.103151902000036, 41.066224973000033 ], [ 22.112806470000066, 41.070939511000063 ], [ 22.122462416000076, 41.075653235000061 ], [ 22.132119742000043, 41.080366147000063 ], [ 22.141778448000025, 41.085078245000034 ], [ 22.151438534000079, 41.089789529000029 ], [ 22.1611, 41.0945 ] ] } },
{ "type": "Feature", "properties": { "LonA": 21.4704, "LatA": 40.6155, "LonB": 21.7612, "LatB": 40.8005, "SS_ID": 27.0, "Shape_Leng": 0.34465899682200002 }, "geometry": { "type": "LineString", "coordinates": [ [ 21.4704, 40.6155 ], [ 21.479188504000035, 40.621116890000053 ], [ 21.487978481000027, 40.626733106000074 ], [ 21.496769930000028, 40.632348648000061 ], [ 21.505562852000025, 40.637963514000035 ], [ 21.514357247000078, 40.643577706000031 ], [ 21.523153117000049, 40.64919122200007 ], [ 21.531950460000076, 40.654804063000029 ], [ 21.540749278000078, 40.660416228000031 ], [ 21.549549571000057, 40.666027717000077 ], [ 21.558351339000069, 40.671638529000063 ], [ 21.567154583000047, 40.677248665000036 ], [ 21.575959302000058, 40.682858124000063 ], [ 21.584765498000024, 40.688466906000031 ], [ 21.59357317100006, 40.694075011000052 ], [ 21.602382320000061, 40.699682439000071 ], [ 21.611192947000063, 40.705289188000052 ], [ 21.620005052000067, 40.710895260000029 ], [ 21.628818635000073, 40.716500654000072 ], [ 21.637633696000023, 40.72210536800003 ], [ 21.646450237000067, 40.727709405000041 ], [ 21.655268256000056, 40.733312762000025 ], [ 21.664087755000025, 40.738915440000028 ], [ 21.672908734000032, 40.744517439000049 ], [ 21.681731193000076, 40.750118757000052 ], [ 21.690555133000032, 40.755719396000075 ], [ 21.699380554000072, 40.761319355000069 ], [ 21.708207457000071, 40.766918633000046 ], [ 21.71703584100004, 40.772517231000052 ], [ 21.725865707000025, 40.77811514800004 ], [ 21.734697055000026, 40.783712383000079 ], [ 21.743529887000022, 40.789308937000044 ], [ 21.752364202000024, 40.794904809000059 ], [ 21.7612, 40.8005 ] ] } },
{ "type": "Feature", "properties": { "LonA": 21.6831, "LatA": 40.6469, "LonB": 21.8252, "LatB": 40.8493, "SS_ID": 28.0, "Shape_Leng": 0.24730188954400001 }, "geometry": { "type": "LineString", "coordinates": [ [ 21.6831, 40.6469 ], [ 21.688549482000042, 40.654687976000048 ], [ 21.694000231000075, 40.662475683000025 ], [ 21.699452248000057, 40.670263123000041 ], [ 21.704905533000044, 40.678050295000048 ], [ 21.710360088000073, 40.685837199000048 ], [ 21.715815913000029, 40.69362383400005 ], [ 21.721273008000026, 40.701410201000044 ], [ 21.726731374000053, 40.709196299000041 ], [ 21.732191012000044, 40.71698212900003 ], [ 21.737651922000055, 40.724767690000078 ], [ 21.743114105000075, 40.732552982000072 ], [ 21.748577561000047, 40.740338005000069 ], [ 21.754042291000076, 40.748122759000069 ], [ 21.759508296000035, 40.755907243000024 ], [ 21.76497557700003, 40.763691458000039 ], [ 21.770444133000069, 40.771475403000068 ], [ 21.775913965000029, 40.779259079000042 ], [ 21.78138507500006, 40.787042485000029 ], [ 21.786857462000057, 40.79482562000004 ], [ 21.792331128000058, 40.802608486000054 ], [ 21.797806073000061, 40.810391081000034 ], [ 21.803282297000067, 40.818173406000028 ], [ 21.808759801000065, 40.825955461000035 ], [ 21.814238586000045, 40.833737245000066 ], [ 21.819718652000063, 40.841518758000063 ], [ 21.8252, 40.8493 ] ] } },
{ "type": "Feature", "properties": { "LonA": 21.8809, "LatA": 40.6848, "LonB": 21.6636, "LatB": 40.449, "SS_ID": 29.0, "Shape_Leng": 0.32065728494899998 }, "geometry": { "type": "LineString", "coordinates": [ [ 21.8809, 40.6848 ], [ 21.874292694000076, 40.67766070700003 ], [ 21.867686797000033, 40.670521027000063 ], [ 21.861082309000039, 40.66338096000004 ], [ 21.854479230000038, 40.656240507000064 ], [ 21.84787755800005, 40.64909966700003 ], [ 21.841277294000065, 40.641958441000043 ], [ 21.834678437000036, 40.634816829000044 ], [ 21.828080985000042, 40.627674832000025 ], [ 21.821484939000072, 40.620532448000063 ], [ 21.814890299000069, 40.613389679000079 ], [ 21.808297062000065, 40.606246525000074 ], [ 21.801705229000049, 40.599102986000048 ], [ 21.795114800000079, 40.591959062000058 ], [ 21.78852577300006, 40.584814753000046 ], [ 21.781938148000052, 40.57767005900007 ], [ 21.775351925000052, 40.570524981000062 ], [ 21.768767103000073, 40.563379518000033 ], [ 21.762183681000067, 40.556233672000076 ], [ 21.755601659000035, 40.54908744100004 ], [ 21.749021036000045, 40.541940827000076 ], [ 21.742441811000049, 40.53479382900008 ], [ 21.735863985000037, 40.527646448000041 ], [ 21.729287556000031, 40.520498684000074 ], [ 21.72271252400003, 40.513350536000075 ], [ 21.716138888000046, 40.50620200600008 ], [ 21.709566648000077, 40.499053093000043 ], [ 21.702995803000078, 40.491903797000077 ], [ 21.696426353000049, 40.484754119000058 ], [ 21.689858297000058, 40.477604059000043 ], [ 21.683291634000057, 40.470453617000032 ], [ 21.676726364000046, 40.463302793000025 ], [ 21.670162486000038, 40.456151587000079 ], [ 21.6636, 40.449 ] ] } },
{ "type": "Feature", "properties": { "LonA": 22.551, "LatA": 40.5083, "LonB": 22.2699, "LatB": 40.4783, "SS_ID": 30.0, "Shape_Leng": 0.28269639462899998 }, "geometry": { "type": "LineString", "coordinates": [ [ 22.551, 40.5083 ], [ 22.539751208000041, 40.507113134000065 ], [ 22.528502813000046, 40.505925173000037 ], [ 22.517254815000058, 40.504736116000061 ], [ 22.506007214000078, 40.503545965000058 ], [ 22.494760011000039, 40.502354719000039 ], [ 22.483513207000044, 40.50116237800006 ], [ 22.472266800000057, 40.499968942000066 ], [ 22.461020793000046, 40.498774412000046 ], [ 22.449775184000032, 40.497578787000066 ], [ 22.438529975000051, 40.496382068000059 ], [ 22.427285166000047, 40.495184254000037 ], [ 22.416040757000076, 40.493985346000045 ], [ 22.404796748000024, 40.492785344000026 ], [ 22.393553141000041, 40.491584247000048 ], [ 22.382309934000034, 40.490382057000033 ], [ 22.37106712800005, 40.489178773000049 ], [ 22.359824725000067, 40.487974394000048 ], [ 22.34858272300005, 40.486768922000067 ], [ 22.337341124000034, 40.485562357000049 ], [ 22.326099928000076, 40.484354698000061 ], [ 22.314859135000063, 40.483145945000047 ], [ 22.303618745000051, 40.481936099000052 ], [ 22.29237875900003, 40.480725159000031 ], [ 22.281139177000057, 40.479513126000029 ], [ 22.2699, 40.4783 ] ] } },
{ "type": "Feature", "properties": { "LonA": 22.1513, "LatA": 40.2821, "LonB": 21.8909, "LatB": 40.1429, "SS_ID": 32.0, "Shape_Leng": 0.29527087040799999 }, "geometry": { "type": "LineString", "coordinates": [ [ 22.1513, 40.2821 ], [ 22.141981639000051, 40.277138730000047 ], [ 22.132664639000041, 40.272176706000039 ], [ 22.123349002000054, 40.267213927000057 ], [ 22.114034726000057, 40.262250394000034 ], [ 22.104721812000037, 40.257286107000027 ], [ 22.095410258000072, 40.252321067000025 ], [ 22.086100066000029, 40.247355273000039 ], [ 22.07679123500003, 40.242388727000048 ], [ 22.067483764000031, 40.237421427000072 ], [ 22.05817765300003, 40.232453374000045 ], [ 22.048872902000028, 40.227484570000058 ], [ 22.039569511000025, 40.222515013000077 ], [ 22.030267480000077, 40.217544704000034 ], [ 22.020966808000026, 40.212573643000042 ], [ 22.01166749500004, 40.207601831000034 ], [ 22.002369541000064, 40.202629268000067 ], [ 21.993072946000041, 40.197655954000027 ], [ 21.983777709000037, 40.192681889000028 ], [ 21.974483830000054, 40.18770707300007 ], [ 21.965191309000033, 40.182731507000028 ], [ 21.955900146000033, 40.177755191000074 ], [ 21.946610340000063, 40.172778126000026 ], [ 21.937321892000057, 40.167800311000065 ], [ 21.928034801000024, 40.162821746000077 ], [ 21.918749066000032, 40.157842433000042 ], [ 21.909464688000071, 40.152862370000037 ], [ 21.900181666000037, 40.147881559000041 ], [ 21.8909, 40.1429 ] ] } },
{ "type": "Feature", "properties": { "LonA": 21.8795, "LatA": 40.1397, "LonB": 21.5475, "LatB": 40.0045, "SS_ID": 32.0, "Shape_Leng": 0.358473427728 }, "geometry": { "type": "LineString", "coordinates": [ [ 21.8795, 40.1397 ], [ 21.869420099000024, 40.135617075000027 ], [ 21.859341405000066, 40.131533269000045 ], [ 21.84926391700003, 40.127448584000035 ], [ 21.83918763500003, 40.123363018000077 ], [ 21.829112560000056, 40.119276574000025 ], [ 21.81903869100006, 40.115189250000071 ], [ 21.808966029000032, 40.111101047000034 ], [ 21.798894573000041, 40.107011965000027 ], [ 21.788824322000039, 40.102922005000039 ], [ 21.778755278000062, 40.098831167000071 ], [ 21.768687440000065, 40.094739450000077 ], [ 21.758620808000046, 40.090646856000035 ], [ 21.748555382000063, 40.086553384000069 ], [ 21.738491162000059, 40.082459035000056 ], [ 21.728428147000045, 40.078363808000063 ], [ 21.718366338000067, 40.074267705000068 ], [ 21.708305735000067, 40.070170725000025 ], [ 21.698246337000057, 40.066072868000049 ], [ 21.688188145000026, 40.061974135000071 ], [ 21.678131158000042, 40.057874527000024 ], [ 21.668075377000036, 40.053774042000043 ], [ 21.658020801000077, 40.04967268200005 ], [ 21.647967431000041, 40.045570447000046 ], [ 21.637915265000061, 40.041467336000039 ], [ 21.62786430500006, 40.037363351000067 ], [ 21.617814550000048, 40.033258491000026 ], [ 21.607765999000037, 40.02915275600003 ], [ 21.597718654000062, 40.025046148000058 ], [ 21.587672514000076, 40.020938665000074 ], [ 21.577627578000033, 40.016830309000056 ], [ 21.567583847000037, 40.012721079000073 ], [ 21.557541321000031, 40.008610976000057 ], [ 21.5475, 40.0045 ] ] } },
{ "type": "Feature", "properties": { "LonA": 22.8184, "LatA": 39.8406, "LonB": 22.5793, "LatB": 39.9148, "SS_ID": 33.0, "Shape_Leng": 0.25034872164100003 }, "geometry": { "type": "LineString", "coordinates": [ [ 22.8184, 39.8406 ], [ 22.808015067000042, 39.843836348000025 ], [ 22.797629159000053, 39.847071765000067 ], [ 22.787242276000029, 39.850306251000063 ], [ 22.776854418000028, 39.853539804000036 ], [ 22.766465586000038, 39.856772425000031 ], [ 22.756075778000024, 39.860004114000049 ], [ 22.745684996000023, 39.863234870000042 ], [ 22.735293240000033, 39.866464694000058 ], [ 22.724900509000065, 39.86969358500005 ], [ 22.714506803000063, 39.872921543000075 ], [ 22.704112124000062, 39.876148568000076 ], [ 22.693716470000027, 39.879374659000064 ], [ 22.68331984200006, 39.882599816000038 ], [ 22.672922240000048, 39.885824040000045 ], [ 22.662523664000048, 39.889047330000039 ], [ 22.65212411300007, 39.892269685000031 ], [ 22.641723590000026, 39.895491106000065 ], [ 22.631322092000062, 39.89871159300003 ], [ 22.620919621000041, 39.901931145000049 ], [ 22.610516176000033, 39.905149761000075 ], [ 22.600111757000036, 39.908367443000031 ], [ 22.58970636500004, 39.911584189000052 ], [ 22.5793, 39.9148 ] ] } },
{ "type": "Feature", "properties": { "LonA": 22.2243, "LatA": 39.8486, "LonB": 22.4415, "LatB": 39.7945, "SS_ID": 34.0, "Shape_Leng": 0.22383625475300001 }, "geometry": { "type": "LineString", "coordinates": [ [ 22.2243, 39.8486 ], [ 22.235168086000044, 39.845904674000053 ], [ 22.246035321000022, 39.84320832800006 ], [ 22.256901706000065, 39.840510963000042 ], [ 22.267767241000058, 39.837812579000058 ], [ 22.27863192500007, 39.83511317600005 ], [ 22.289495759000033, 39.832412755000064 ], [ 22.300358741000025, 39.829711315000054 ], [ 22.311220872000035, 39.827008857000067 ], [ 22.322082152000064, 39.824305381000045 ], [ 22.332942581000054, 39.821600887000045 ], [ 22.343802158000074, 39.818895375000068 ], [ 22.354660883000065, 39.816188846000045 ], [ 22.365518757000075, 39.813481299000046 ], [ 22.376375778000067, 39.810772735000057 ], [ 22.387231947000032, 39.808063154000024 ], [ 22.398087263000036, 39.805352556000059 ], [ 22.408941727000069, 39.802640942000039 ], [ 22.419795337000039, 39.799928311000031 ], [ 22.430648095000038, 39.79721466400008 ], [ 22.4415, 39.7945 ] ] } },
{ "type": "Feature", "properties": { "LonA": 22.4656, "LatA": 39.6207, "LonB": 22.2163, "LatB": 39.6685, "SS_ID": 35.0, "Shape_Leng": 0.25384120824500001 }, "geometry": { "type": "LineString", "coordinates": [ [ 22.4656, 39.6207 ], [ 22.454768017000049, 39.622789390000037 ], [ 22.443935382000063, 39.624877768000033 ], [ 22.433102096000027, 39.626965136000081 ], [ 22.422268160000044, 39.629051493000077 ], [ 22.411433573000068, 39.631136839000078 ], [ 22.400598335000041, 39.633221174000028 ], [ 22.389762447000066, 39.63530449700005 ], [ 22.378925909000031, 39.637386808000031 ], [ 22.368088722000039, 39.639468108000074 ], [ 22.357250884000052, 39.641548396000076 ], [ 22.346412398000041, 39.643627672000036 ], [ 22.335573263000072, 39.64570593500008 ], [ 22.324733478000041, 39.647783187000073 ], [ 22.313893045000043, 39.649859426000035 ], [ 22.303051964000076, 39.651934653000069 ], [ 22.292210235000027, 39.654008867000073 ], [ 22.281367857000077, 39.656082068000046 ], [ 22.270524832000035, 39.658154257000035 ], [ 22.259681160000071, 39.660225432000061 ], [ 22.248836840000024, 39.662295594000057 ], [ 22.237991873000055, 39.664364743000078 ], [ 22.22714626000004, 39.66643287800008 ], [ 22.2163, 39.6685 ] ] } },
{ "type": "Feature", "properties": { "LonA": 22.1838, "LatA": 39.6108, "LonB": 21.9062, "LatB": 39.79, "SS_ID": 36.0, "Shape_Leng": 0.33041572255599999 }, "geometry": { "type": "LineString", "coordinates": [ [ 22.1838, 39.6108 ], [ 22.175146709000046, 39.61641011200004 ], [ 22.166492020000078, 39.622019573000046 ], [ 22.157835934000047, 39.627628384000047 ], [ 22.149178451000068, 39.633236545000045 ], [ 22.140519569000048, 39.63884405500005 ], [ 22.131859289000033, 39.64445091400006 ], [ 22.123197609000044, 39.650057122000078 ], [ 22.114534531000061, 39.655662678000056 ], [ 22.105870053000046, 39.66126758300004 ], [ 22.097204175000059, 39.666871836000041 ], [ 22.08853689700004, 39.67247543700006 ], [ 22.079868219000048, 39.678078385000049 ], [ 22.071198139000046, 39.683680681000055 ], [ 22.062526658000024, 39.689282324000033 ], [ 22.053853776000039, 39.694883313000048 ], [ 22.045179492000045, 39.700483650000081 ], [ 22.036503805000052, 39.706083333000038 ], [ 22.02782671600005, 39.711682363000079 ], [ 22.019148224000048, 39.717280738000056 ], [ 22.010468328000059, 39.722878459000071 ], [ 22.00178702900007, 39.728475526000068 ], [ 21.993104326000037, 39.734071938000056 ], [ 21.984420219000071, 39.739667695000037 ], [ 21.975734706000026, 39.745262797000066 ], [ 21.967047789000048, 39.750857244000031 ], [ 21.958359467000037, 39.756451035000055 ], [ 21.949669739000058, 39.762044170000024 ], [ 21.940978604000065, 39.767636649000053 ], [ 21.932286064000039, 39.773228472000028 ], [ 21.923592116000066, 39.778819638000073 ], [ 21.914896762000069, 39.784410147000074 ], [ 21.9062, 39.79 ] ] } },
{ "type": "Feature", "properties": { "LonA": 22.6119, "LatA": 39.2688, "LonB": 23.1492, "LatB": 39.3126, "SS_ID": 37.0, "Shape_Leng": 0.53908279648000001 }, "geometry": { "type": "LineString", "coordinates": [ [ 22.6119, 39.2688 ], [ 22.623324885000045, 39.269757722000065 ], [ 22.63475008000006, 39.270714324000039 ], [ 22.646175587000073, 39.271669804000055 ], [ 22.657601403000058, 39.272624163000046 ], [ 22.669027529000061, 39.273577401000068 ], [ 22.680453965000027, 39.274529517000076 ], [ 22.691880709000031, 39.275480512000058 ], [ 22.703307763000055, 39.276430386000072 ], [ 22.714735125000061, 39.277379138000072 ], [ 22.72616279500005, 39.278326769000046 ], [ 22.737590772000033, 39.279273277000073 ], [ 22.749019057000055, 39.280218664000074 ], [ 22.76044765000006, 39.28116293000005 ], [ 22.771876548000023, 39.28210607300008 ], [ 22.783305754000025, 39.283048094000037 ], [ 22.794735265000043, 39.283988994000026 ], [ 22.806165082000064, 39.284928771000068 ], [ 22.817595204000042, 39.285867427000028 ], [ 22.829025631000036, 39.28680496000004 ], [ 22.840456363000044, 39.287741370000049 ], [ 22.851887399000077, 39.288676659000032 ], [ 22.863318739000078, 39.289610825000068 ], [ 22.874750383000048, 39.290543868000043 ], [ 22.886182329000064, 39.29147578900006 ], [ 22.897614579000049, 39.292406588000063 ], [ 22.909047131000023, 39.293336263000072 ], [ 22.920479986000032, 39.294264816000066 ], [ 22.931913142000042, 39.295192247000045 ], [ 22.943346600000041, 39.296118554000032 ], [ 22.95478035900004, 39.29704373800007 ], [ 22.96621441800005, 39.297967800000038 ], [ 22.977648779000049, 39.298890738000068 ], [ 22.989083439000069, 39.299812553000038 ], [ 23.000518399000043, 39.30073324500006 ], [ 23.011953659000028, 39.301652814000079 ], [ 23.023389217000044, 39.302571259000047 ], [ 23.034825074000025, 39.303488581000067 ], [ 23.046261230000027, 39.304404780000027 ], [ 23.057697684000061, 39.30531985500005 ], [ 23.069134435000024, 39.30623380600008 ], [ 23.080571484000075, 39.307146634000048 ], [ 23.092008829000065, 39.30805833800008 ], [ 23.10344647200003, 39.308968918000062 ], [ 23.114884410000059, 39.309878375000039 ], [ 23.126322645000073, 39.310786707000034 ], [ 23.137761175000037, 39.311693916000024 ], [ 23.1492, 39.3126 ] ] } },
{ "type": "Feature", "properties": { "LonA": 22.5468, "LatA": 39.3566, "LonB": 22.8016, "LatB": 39.3394, "SS_ID": 38.0, "Shape_Leng": 0.2553799259 }, "geometry": { "type": "LineString", "coordinates": [ [ 22.5468, 39.3566 ], [ 22.557880846000046, 39.355863776000035 ], [ 22.568961460000025, 39.355126497000072 ], [ 22.580041840000035, 39.354388163000067 ], [ 22.591121987000065, 39.353648774000078 ], [ 22.602201900000068, 39.352908329000059 ], [ 22.613281579000045, 39.352166831000034 ], [ 22.624361024000052, 39.351424277000035 ], [ 22.635440233000054, 39.350680668000052 ], [ 22.646519208000029, 39.349936005000075 ], [ 22.657597948000046, 39.349190287000056 ], [ 22.668676452000057, 39.348443514000053 ], [ 22.679754720000062, 39.347695687000055 ], [ 22.690832752000063, 39.346946805000073 ], [ 22.701910547000068, 39.346196869000039 ], [ 22.712988105000022, 39.345445879000067 ], [ 22.724065425000049, 39.344693834000054 ], [ 22.73514250900007, 39.343940734000057 ], [ 22.746219354000061, 39.343186581000055 ], [ 22.757295961000068, 39.342431373000068 ], [ 22.768372329000044, 39.341675111000029 ], [ 22.779448459000037, 39.340917795000053 ], [ 22.790524349000066, 39.340159424000035 ], [ 22.8016, 39.3394 ] ] } },
{ "type": "Feature", "properties": { "LonA": 22.3755, "LatA": 39.3575, "LonB": 22.6052, "LatB": 39.3293, "SS_ID": 39.0, "Shape_Leng": 0.23142460666 }, "geometry": { "type": "LineString", "coordinates": [ [ 22.3755, 39.3575 ], [ 22.386442272000068, 39.356167428000049 ], [ 22.397384129000045, 39.35483382700005 ], [ 22.408325569000056, 39.353499197000076 ], [ 22.419266593000032, 39.35216353800007 ], [ 22.430207200000041, 39.350826850000033 ], [ 22.441147390000026, 39.349489133000077 ], [ 22.452087163000044, 39.348150388000079 ], [ 22.463026518000049, 39.346810614000049 ], [ 22.473965455000041, 39.345469812000033 ], [ 22.484903974000076, 39.344127982000032 ], [ 22.495842074000052, 39.342785123000056 ], [ 22.506779756000071, 39.341441236000037 ], [ 22.517717019000031, 39.340096321000033 ], [ 22.528653862000056, 39.338750378000043 ], [ 22.539590286000077, 39.337403407000068 ], [ 22.550526289000061, 39.33605540800005 ], [ 22.561461873000042, 39.334706382000036 ], [ 22.572397036000041, 39.333356328000036 ], [ 22.583331779000048, 39.332005246000051 ], [ 22.594266100000027, 39.33065313700007 ], [ 22.6052, 39.3293 ] ] } },
{ "type": "Feature", "properties": { "LonA": 22.2842, "LatA": 39.147, "LonB": 21.9421, "LatB": 39.2332, "SS_ID": 40.0, "Shape_Leng": 0.35279309206800002 }, "geometry": { "type": "LineString", "coordinates": [ [ 22.2842, 39.147 ], [ 22.273522039000056, 39.149708960000055 ], [ 22.262843260000068, 39.15241694000008 ], [ 22.252163662000044, 39.155123941000056 ], [ 22.24148324500004, 39.157829962000051 ], [ 22.230802011000037, 39.160535002000074 ], [ 22.220119959000044, 39.163239062000059 ], [ 22.209437089000062, 39.165942142000063 ], [ 22.198753401000033, 39.168644241000038 ], [ 22.188068896000061, 39.171345360000032 ], [ 22.177383573000043, 39.174045497000066 ], [ 22.166697433000024, 39.176744654000061 ], [ 22.156010476000063, 39.179442829000038 ], [ 22.145322702000044, 39.182140022000056 ], [ 22.134634112000072, 39.184836234000045 ], [ 22.123944705000042, 39.187531464000074 ], [ 22.11325448100007, 39.190225713000075 ], [ 22.102563441000029, 39.192918979000069 ], [ 22.091871585000035, 39.195611262000057 ], [ 22.081178914000077, 39.198302564000073 ], [ 22.070485426000062, 39.200992882000037 ], [ 22.059791123000025, 39.20368221800004 ], [ 22.049096004000035, 39.206370571000036 ], [ 22.038400070000023, 39.209057941000026 ], [ 22.027703321000047, 39.211744327000076 ], [ 22.01700575600006, 39.214429730000063 ], [ 22.006307377000041, 39.217114150000043 ], [ 21.995608184000048, 39.219797585000038 ], [ 21.984908175000044, 39.222480037000025 ], [ 21.974207353000054, 39.225161504000027 ], [ 21.963505716000043, 39.227841987000033 ], [ 21.952803265000057, 39.230521486000043 ], [ 21.9421, 39.2332 ] ] } },
{ "type": "Feature", "properties": { "LonA": 23.1389, "LatA": 38.8588, "LonB": 23.4922, "LatB": 38.6276, "SS_ID": 42.0, "Shape_Leng": 0.42222590462800003 }, "geometry": { "type": "LineString", "coordinates": [ [ 23.1389, 38.8588 ], [ 23.147544225000047, 38.853173818000073 ], [ 23.156187089000071, 38.847546991000058 ], [ 23.16482859100006, 38.841919519000044 ], [ 23.173468731000071, 38.836291402000029 ], [ 23.182107511000027, 38.83066264100006 ], [ 23.190744930000051, 38.825033236000024 ], [ 23.199380989000076, 38.819403187000034 ], [ 23.208015687000056, 38.813772494000034 ], [ 23.216649026000027, 38.808141158000069 ], [ 23.225281006000046, 38.802509179000026 ], [ 23.233911627000055, 38.796876556000029 ], [ 23.242540890000043, 38.791243291000058 ], [ 23.251168794000023, 38.785609383000065 ], [ 23.259795340000039, 38.77997483300004 ], [ 23.268420528000036, 38.774339640000051 ], [ 23.277044360000048, 38.768703806000076 ], [ 23.28566683400004, 38.763067330000069 ], [ 23.294287951000058, 38.757430213000077 ], [ 23.302907713000025, 38.751792455000043 ], [ 23.311526118000074, 38.746154055000034 ], [ 23.320143168000072, 38.740515015000028 ], [ 23.328758863000076, 38.734875334000037 ], [ 23.337373202000038, 38.72923501300005 ], [ 23.345986187000051, 38.723594052000067 ], [ 23.354597818000059, 38.717952451000031 ], [ 23.363208095000061, 38.712310210000055 ], [ 23.371817018000058, 38.706667330000073 ], [ 23.380424588000039, 38.701023811000027 ], [ 23.389030805000061, 38.695379653000032 ], [ 23.397635669000067, 38.68973485600003 ], [ 23.406239181000046, 38.684089421000067 ], [ 23.414841341000056, 38.678443347000041 ], [ 23.423442150000028, 38.672796636000044 ], [ 23.432041607000031, 38.66714928600004 ], [ 23.440639713000053, 38.661501299000065 ], [ 23.449236469000027, 38.655852675000062 ], [ 23.457831874000078, 38.650203413000042 ], [ 23.466425930000071, 38.644553515000041 ], [ 23.475018636000073, 38.638902980000069 ], [ 23.483609992000027, 38.633251808000068 ], [ 23.4922, 38.6276 ] ] } },
{ "type": "Feature", "properties": { "LonA": 22.4711, "LatA": 38.8524, "LonB": 22.0401, "LatB": 38.9176, "SS_ID": 43.0, "Shape_Leng": 0.43590397824900001 }, "geometry": { "type": "LineString", "coordinates": [ [ 22.4711, 38.8524 ], [ 22.460058591000063, 38.85409166200003 ], [ 22.449016659000051, 38.855782280000028 ], [ 22.437974205000046, 38.857471854000039 ], [ 22.426931228000058, 38.859160383000074 ], [ 22.415887729000076, 38.860847868000064 ], [ 22.404843708000044, 38.862534308000079 ], [ 22.393799166000065, 38.86421970300006 ], [ 22.382754102000035, 38.865904053000065 ], [ 22.371708517000059, 38.867587358000037 ], [ 22.360662411000078, 38.869269617000043 ], [ 22.349615785000026, 38.870950832000062 ], [ 22.338568639000073, 38.872631001000059 ], [ 22.327520972000059, 38.874310124000033 ], [ 22.316472786000077, 38.87598820200003 ], [ 22.305424080000023, 38.877665235000052 ], [ 22.294374855000058, 38.879341221000061 ], [ 22.283325111000067, 38.881016161000048 ], [ 22.272274849000041, 38.882690056000058 ], [ 22.261224068000047, 38.884362904000056 ], [ 22.250172769000073, 38.886034706000032 ], [ 22.239120952000064, 38.887705461000053 ], [ 22.228068617000076, 38.889375170000051 ], [ 22.217015765000042, 38.891043833000026 ], [ 22.205962396000075, 38.892711448000057 ], [ 22.194908511000051, 38.894378017000065 ], [ 22.183854108000048, 38.896043539000061 ], [ 22.172799190000035, 38.897708013000056 ], [ 22.161743756000078, 38.899371441000028 ], [ 22.150687805000075, 38.901033821000055 ], [ 22.139631340000051, 38.902695154000071 ], [ 22.128574359000027, 38.904355440000074 ], [ 22.117516864000038, 38.906014678000076 ], [ 22.106458853000049, 38.907672868000077 ], [ 22.095400329000029, 38.909330010000076 ], [ 22.084341290000054, 38.910986104000074 ], [ 22.073281738000048, 38.912641151000059 ], [ 22.062221672000078, 38.914295149000054 ], [ 22.051161092000029, 38.915948099000047 ], [ 22.0401, 38.9176 ] ] } },
{ "type": "Feature", "properties": { "LonA": 23.0643, "LatA": 38.7255, "LonB": 22.5039, "LatB": 38.8105, "SS_ID": 44.0, "Shape_Leng": 0.56681023283900001 }, "geometry": { "type": "LineString", "coordinates": [ [ 23.0643, 38.7255 ], [ 23.053105088000052, 38.727226322000035 ], [ 23.04190963700006, 38.728951571000039 ], [ 23.030713647000027, 38.730675748000067 ], [ 23.019517120000046, 38.732398852000074 ], [ 23.00832005500007, 38.73412088300006 ], [ 22.997122452000042, 38.735841841000024 ], [ 22.985924312000066, 38.737561726000024 ], [ 22.974725635000027, 38.73928053800006 ], [ 22.96352642100004, 38.740998276000028 ], [ 22.952326671000037, 38.742714942000077 ], [ 22.941126385000075, 38.74443053300007 ], [ 22.92992556300004, 38.746145051000042 ], [ 22.918724205000046, 38.74785849500006 ], [ 22.907522312000026, 38.749570865000067 ], [ 22.896319884000036, 38.751282161000063 ], [ 22.885116922000066, 38.752992383000048 ], [ 22.873913424000023, 38.75470153100008 ], [ 22.862709393000046, 38.756409605000044 ], [ 22.851504828000031, 38.758116604000065 ], [ 22.840299729000037, 38.759822528000029 ], [ 22.829094096000063, 38.761527378000039 ], [ 22.81788793100003, 38.76323115200006 ], [ 22.806681233000063, 38.76493385200007 ], [ 22.795474002000049, 38.766635477000079 ], [ 22.784266239000033, 38.768336027000032 ], [ 22.773057944000072, 38.770035501000052 ], [ 22.761849117000054, 38.771733900000072 ], [ 22.750639759000023, 38.773431223000046 ], [ 22.739429870000038, 38.775127471000076 ], [ 22.72821945000004, 38.77682264300006 ], [ 22.71700849900003, 38.778516739000054 ], [ 22.705797018000055, 38.780209760000048 ], [ 22.694585007000057, 38.781901704000063 ], [ 22.683372467000027, 38.783592572000032 ], [ 22.67215939600004, 38.785282363000078 ], [ 22.660945797000068, 38.786971078000079 ], [ 22.649731669000062, 38.788658717000033 ], [ 22.638517012000023, 38.790345279000064 ], [ 22.627301827000053, 38.79203076400006 ], [ 22.616086114000041, 38.793715172000077 ], [ 22.604869873000041, 38.795398503000058 ], [ 22.593653104000055, 38.79708075700006 ], [ 22.582435808000071, 38.798761934000026 ], [ 22.571217986000079, 38.800442034000071 ], [ 22.559999636000043, 38.802121056000033 ], [ 22.548780761000046, 38.803799 ], [ 22.537561359000051, 38.805475867000041 ], [ 22.526341431000048, 38.80715165600003 ], [ 22.515120978000027, 38.808826367000052 ], [ 22.5039, 38.8105 ] ] } },
{ "type": "Feature", "properties": { "LonA": 23.3011, "LatA": 38.5506, "LonB": 22.9047, "LatB": 38.6951, "SS_ID": 45.0, "Shape_Leng": 0.42191644054900002 }, "geometry": { "type": "LineString", "coordinates": [ [ 23.3011, 38.5506 ], [ 23.290955771000029, 38.554321924000078 ], [ 23.280810496000072, 38.558042967000063 ], [ 23.270664175000036, 38.561763128000052 ], [ 23.260516808000034, 38.565482407000047 ], [ 23.250368395000066, 38.569200804000047 ], [ 23.240218936000076, 38.572918319000053 ], [ 23.230068431000063, 38.576634951000074 ], [ 23.219916880000028, 38.580350701000043 ], [ 23.209764283000027, 38.584065568000028 ], [ 23.19961064000006, 38.58777955100004 ], [ 23.18945595100007, 38.591492652000056 ], [ 23.179300216000058, 38.595204868000053 ], [ 23.169143435000024, 38.598916201000065 ], [ 23.158985608000023, 38.602626651000037 ], [ 23.148826735000057, 38.606336216000045 ], [ 23.138666816000068, 38.610044896000034 ], [ 23.128505851000057, 38.613752692000048 ], [ 23.118343840000023, 38.617459604000032 ], [ 23.108180783000023, 38.621165630000064 ], [ 23.098016681000047, 38.624870771000076 ], [ 23.087851532000059, 38.628575027000068 ], [ 23.077685337000048, 38.632278398000039 ], [ 23.067518097000061, 38.635980882000069 ], [ 23.057349810000062, 38.639682481000079 ], [ 23.04718047800003, 38.643383193000034 ], [ 23.037010099000042, 38.647083019000036 ], [ 23.026838675000079, 38.650781958000039 ], [ 23.016666204000046, 38.654480011000032 ], [ 23.006492688000037, 38.658177176000038 ], [ 22.996318126000062, 38.661873455000034 ], [ 22.986142518000065, 38.665568846000042 ], [ 22.975965864000045, 38.669263349000062 ], [ 22.96578816400006, 38.672956964000036 ], [ 22.955609418000051, 38.67664969100008 ], [ 22.945429626000077, 38.680341530000078 ], [ 22.935248788000024, 38.684032481000031 ], [ 22.925066905000051, 38.687722543000064 ], [ 22.914883975000066, 38.691411716000061 ], [ 22.9047, 38.6951 ] ] } },
{ "type": "Feature", "properties": { "LonA": 23.5536, "LatA": 38.4169, "LonB": 23.3026, "LatB": 38.5597, "SS_ID": 46.0, "Shape_Leng": 0.28877831769500001 }, "geometry": { "type": "LineString", "coordinates": [ [ 23.5536, 38.4169 ], [ 23.544652760000076, 38.422009309000032 ], [ 23.535704259000056, 38.427117930000065 ], [ 23.52675449700007, 38.432225863000042 ], [ 23.517803474000061, 38.437333109000065 ], [ 23.50885119000003, 38.442439666000041 ], [ 23.499897645000033, 38.447545534000028 ], [ 23.490942838000024, 38.452650714000072 ], [ 23.48198676800007, 38.45775520400008 ], [ 23.473029437000037, 38.462859006000031 ], [ 23.464070843000059, 38.467962118000059 ], [ 23.455110986000022, 38.473064541000042 ], [ 23.446149867000031, 38.478166273000056 ], [ 23.437187484000049, 38.483267316000024 ], [ 23.428223838000065, 38.48836766900007 ], [ 23.419258928000033, 38.493467330000044 ], [ 23.410292755000057, 38.498566302000029 ], [ 23.401325317000044, 38.503664582000056 ], [ 23.39235661500004, 38.508762171000058 ], [ 23.383386648000055, 38.513859069000034 ], [ 23.374415416000033, 38.518955275000053 ], [ 23.365442919000031, 38.524050789000057 ], [ 23.356469157000049, 38.529145611000047 ], [ 23.34749413000003, 38.534239742000068 ], [ 23.338517836000051, 38.539333179000039 ], [ 23.329540277000035, 38.544425924000052 ], [ 23.32056145100006, 38.549517976000061 ], [ 23.311581359000058, 38.554609335000066 ], [ 23.3026, 38.5597 ] ] } },
{ "type": "Feature", "properties": { "LonA": 23.9474, "LatA": 38.2875, "LonB": 23.6186, "LatB": 38.3663, "SS_ID": 47.0, "Shape_Leng": 0.33811089028300001 }, "geometry": { "type": "LineString", "coordinates": [ [ 23.9474, 38.2875 ], [ 23.93680467300004, 38.290056328000048 ], [ 23.926208604000067, 38.292611699000076 ], [ 23.91561179100006, 38.295166111000071 ], [ 23.905014235000067, 38.297719565000079 ], [ 23.89441593600003, 38.300272060000054 ], [ 23.883816895000052, 38.302823597000042 ], [ 23.873217112000077, 38.305374175000054 ], [ 23.862616586000058, 38.307923794000033 ], [ 23.852015318000042, 38.310472454000035 ], [ 23.841413309000075, 38.313020154000071 ], [ 23.830810557000063, 38.315566895000075 ], [ 23.820207064000044, 38.318112677000045 ], [ 23.809602829000028, 38.32065749800006 ], [ 23.79899785300006, 38.323201360000041 ], [ 23.788392136000027, 38.325744262000057 ], [ 23.777785678000043, 38.328286204000051 ], [ 23.767178479000052, 38.330827185000032 ], [ 23.756570540000041, 38.333367206000048 ], [ 23.745961860000023, 38.335906266000052 ], [ 23.735352440000042, 38.338444365000043 ], [ 23.724742279000054, 38.34098150300008 ], [ 23.714131379000037, 38.343517681000037 ], [ 23.703519738000068, 38.34605289700005 ], [ 23.69290735800007, 38.348587151000061 ], [ 23.682294239000043, 38.35112044400006 ], [ 23.671680380000055, 38.353652775000057 ], [ 23.661065781000048, 38.356184145000043 ], [ 23.650450444000057, 38.358714552000038 ], [ 23.639834368000038, 38.361243997000031 ], [ 23.629217553000046, 38.36377248000008 ], [ 23.6186, 38.3663 ] ] } },
{ "type": "Feature", "properties": { "LonA": 24.1783, "LatA": 38.6839, "LonB": 23.7765, "LatB": 38.7114, "SS_ID": 49.0, "Shape_Leng": 0.40274018032800002 }, "geometry": { "type": "LineString", "coordinates": [ [ 24.1783, 38.6839 ], [ 24.167143076000059, 38.684682527000064 ], [ 24.155985908000048, 38.685463990000073 ], [ 24.144828499000027, 38.686244388000034 ], [ 24.133670847000076, 38.687023722000049 ], [ 24.122512953000069, 38.687801991000072 ], [ 24.111354817000063, 38.688579195000045 ], [ 24.100196441000037, 38.689355335000073 ], [ 24.089037823000069, 38.690130410000052 ], [ 24.077878965000025, 38.690904420000038 ], [ 24.066719866000028, 38.691677365000032 ], [ 24.055560528000058, 38.692449246000081 ], [ 24.044400949000078, 38.693220061000034 ], [ 24.033241132000057, 38.693989811000051 ], [ 24.022081075000074, 38.694758496000077 ], [ 24.010920780000049, 38.695526116000053 ], [ 23.999760246000051, 38.696292671000037 ], [ 23.988599474000068, 38.697058161000029 ], [ 23.977438465000034, 38.69782258500004 ], [ 23.966277218000073, 38.698585944000058 ], [ 23.955115733000071, 38.699348238000027 ], [ 23.943954012000063, 38.700109466000072 ], [ 23.93279205500005, 38.700869628000078 ], [ 23.921629861000042, 38.701628726000024 ], [ 23.910467432000075, 38.702386757000056 ], [ 23.899304767000046, 38.703143723000039 ], [ 23.888141867000058, 38.703899623000041 ], [ 23.876978732000055, 38.704654457000061 ], [ 23.865815362000035, 38.705408226000031 ], [ 23.854651758000045, 38.706160929000077 ], [ 23.843487921000076, 38.706912566000028 ], [ 23.832323849000034, 38.707663137000054 ], [ 23.821159545000057, 38.708412641000052 ], [ 23.809995007000055, 38.709161080000058 ], [ 23.798830237000061, 38.709908453000025 ], [ 23.787665235000077, 38.710654760000068 ], [ 23.7765, 38.7114 ] ] } },
{ "type": "Feature", "properties": { "LonA": 24.7424, "LatA": 38.9508, "LonB": 24.5392, "LatB": 39.098, "SS_ID": 55.0, "Shape_Leng": 0.25091458935400002 }, "geometry": { "type": "LineString", "coordinates": [ [ 24.7424, 38.9508 ], [ 24.734288164000077, 38.956694858000048 ], [ 24.726174985000057, 38.962589145000038 ], [ 24.718060460000061, 38.968482863000077 ], [ 24.709944591000067, 38.974376011000061 ], [ 24.701827377000029, 38.980268588000058 ], [ 24.693708817000072, 38.986160594000069 ], [ 24.685588911000025, 38.992052029000035 ], [ 24.677467658000069, 38.997942893000072 ], [ 24.669345059000023, 39.003833186000065 ], [ 24.661221112000078, 39.009722908000072 ], [ 24.653095818000054, 39.015612057000055 ], [ 24.644969176000075, 39.021500635000052 ], [ 24.636841186000026, 39.027388640000026 ], [ 24.628711847000034, 39.033276074000071 ], [ 24.620581159000039, 39.039162934000046 ], [ 24.612449122000044, 39.045049222000046 ], [ 24.604315735000057, 39.050934936000033 ], [ 24.596180998000023, 39.056820078000044 ], [ 24.588044910000065, 39.062704646000043 ], [ 24.57990747100007, 39.06858864000003 ], [ 24.571768681000037, 39.074472061000051 ], [ 24.563628539000035, 39.080354907000071 ], [ 24.555487045000064, 39.086237179000079 ], [ 24.547344199000065, 39.092118877000075 ], [ 24.5392, 39.098 ] ] } },
{ "type": "Feature", "properties": { "LonA": 24.5953, "LatA": 39.2225, "LonB": 25.1601, "LatB": 39.2763, "SS_ID": 56.0, "Shape_Leng": 0.56735715140099996 }, "geometry": { "type": "LineString", "coordinates": [ [ 24.5953, 39.2225 ], [ 24.606587477000062, 39.22360283200004 ], [ 24.617875308000066, 39.224704569000039 ], [ 24.629163491000043, 39.225805213000058 ], [ 24.640452027000038, 39.22690476300005 ], [ 24.651740914000072, 39.228003218000026 ], [ 24.663030154000069, 39.229100579000033 ], [ 24.674319745000048, 39.230196846000069 ], [ 24.685609687000067, 39.231292018000033 ], [ 24.696899980000069, 39.232386096000027 ], [ 24.708190624000054, 39.233479080000052 ], [ 24.719481617000042, 39.234570968000071 ], [ 24.730772961000071, 39.235661762000063 ], [ 24.742064654000046, 39.23675146100004 ], [ 24.753356696000026, 39.237840065000057 ], [ 24.764649087000066, 39.238927575000048 ], [ 24.775941826000064, 39.240013989000033 ], [ 24.787234914000067, 39.241099308000059 ], [ 24.798528349000037, 39.24218353200007 ], [ 24.809822132000079, 39.243266661000064 ], [ 24.821116263000079, 39.244348694000053 ], [ 24.832410740000057, 39.245429632000025 ], [ 24.843705564000061, 39.246509475000039 ], [ 24.855000734000043, 39.247588222000047 ], [ 24.866296250000062, 39.24866587300005 ], [ 24.87759211100007, 39.249742429000037 ], [ 24.888888318000056, 39.250817889000075 ], [ 24.900184869000043, 39.251892253000051 ], [ 24.911481766000065, 39.252965521000078 ], [ 24.922779006000042, 39.254037693000043 ], [ 24.934076591000064, 39.25510876900006 ], [ 24.94537451900004, 39.256178749000071 ], [ 24.956672790000027, 39.257247633000077 ], [ 24.967971404000025, 39.258315420000031 ], [ 24.979270361000033, 39.259382111000036 ], [ 24.990569660000062, 39.260447706000036 ], [ 25.001869301000056, 39.261512204000041 ], [ 25.013169284000071, 39.262575605000052 ], [ 25.024469608000061, 39.263637910000057 ], [ 25.035770273000026, 39.264699118000067 ], [ 25.047071279000079, 39.265759229000025 ], [ 25.058372625000061, 39.266818243000046 ], [ 25.069674311000028, 39.267876161000061 ], [ 25.080976337000038, 39.268932981000034 ], [ 25.092278702000044, 39.26998870400007 ], [ 25.103581406000046, 39.271043330000055 ], [ 25.114884449000044, 39.272096859000044 ], [ 25.126187830000049, 39.273149290000049 ], [ 25.13749154900006, 39.274200624000059 ], [ 25.148795606000078, 39.275250861000075 ], [ 25.1601, 39.2763 ] ] } },
{ "type": "Feature", "properties": { "LonA": 26.1504, "LatA": 39.0114, "LonB": 26.5141, "LatB": 38.8734, "SS_ID": 59.0, "Shape_Leng": 0.38900114829600002 }, "geometry": { "type": "LineString", "coordinates": [ [ 26.1504, 39.0114 ], [ 26.160521820000042, 39.007582034000052 ], [ 26.170642551000071, 39.00376318800005 ], [ 26.180762194000067, 38.999943461000043 ], [ 26.19088074900003, 38.996122854000077 ], [ 26.200998216000073, 38.992301367000039 ], [ 26.211114594000037, 38.988479 ], [ 26.221229885000071, 38.984655754000073 ], [ 26.231344087000025, 38.980831629000079 ], [ 26.24145720000007, 38.977006625000058 ], [ 26.251569226000072, 38.973180741000078 ], [ 26.261680163000051, 38.969353980000051 ], [ 26.271790013000043, 38.965526339000064 ], [ 26.281898774000069, 38.96169782100003 ], [ 26.292006447000063, 38.957868425000072 ], [ 26.302113032000022, 38.954038150000031 ], [ 26.312218529000063, 38.950206999000045 ], [ 26.32232293800007, 38.946374969000033 ], [ 26.332426259000044, 38.942542063000076 ], [ 26.342528492000042, 38.938708280000071 ], [ 26.352629636000074, 38.934873620000076 ], [ 26.362729693000063, 38.931038084000079 ], [ 26.372828662000074, 38.927201671000034 ], [ 26.382926543000053, 38.923364382000045 ], [ 26.393023336000056, 38.919526217000055 ], [ 26.403119041000025, 38.915687177000052 ], [ 26.413213658000075, 38.911847261000048 ], [ 26.423307188000024, 38.908006470000032 ], [ 26.433399629000064, 38.904164804000061 ], [ 26.443490983000061, 38.900322263000078 ], [ 26.453581248000035, 38.896478848000072 ], [ 26.463670426000078, 38.892634558000054 ], [ 26.473758517000078, 38.888789394000071 ], [ 26.483845519000056, 38.884943356000065 ], [ 26.493931434000046, 38.881096444000036 ], [ 26.504016261000061, 38.877248659000031 ], [ 26.5141, 38.8734 ] ] } },
{ "type": "Feature", "properties": { "LonA": 26.2983, "LatA": 38.6617, "LonB": 25.8345, "LatB": 38.6237, "SS_ID": 61.0, "Shape_Leng": 0.46535441559000001 }, "geometry": { "type": "LineString", "coordinates": [ [ 26.2983, 38.6617 ], [ 26.28698201900005, 38.660795058000076 ], [ 26.275664324000047, 38.659889021000026 ], [ 26.264346913000054, 38.658981889000074 ], [ 26.253029789000038, 38.658073662000049 ], [ 26.241712950000078, 38.657164339000076 ], [ 26.230396398000039, 38.656253922000076 ], [ 26.219080132000045, 38.65534241000006 ], [ 26.207764153000028, 38.654429803000028 ], [ 26.196448462000035, 38.653516102000026 ], [ 26.185133058000076, 38.652601305000076 ], [ 26.173817942000028, 38.651685414000042 ], [ 26.16250311500005, 38.650768429000038 ], [ 26.151188576000038, 38.649850349000076 ], [ 26.13987432600004, 38.64893117400004 ], [ 26.128560366000045, 38.648010906000025 ], [ 26.117246695000063, 38.64708954200006 ], [ 26.105933314000026, 38.646167085000059 ], [ 26.094620223000049, 38.645243534000031 ], [ 26.083307423000065, 38.644318888000043 ], [ 26.071994914000072, 38.64339314800003 ], [ 26.060682696000072, 38.642466314000046 ], [ 26.049370769000063, 38.641538387000026 ], [ 26.038059135000026, 38.640609365000046 ], [ 26.026747792000037, 38.639679250000029 ], [ 26.015436743000066, 38.638748041000042 ], [ 26.004125986000076, 38.637815738000029 ], [ 25.992815522000058, 38.636882342000035 ], [ 25.981505352000056, 38.635947852000072 ], [ 25.970195476000072, 38.635012268000025 ], [ 25.958885894000048, 38.634075592000045 ], [ 25.947576606000041, 38.633137821000048 ], [ 25.936267613000041, 38.63219895800006 ], [ 25.924958916000037, 38.631259001000046 ], [ 25.913650514000039, 38.630317952000041 ], [ 25.902342407000049, 38.629375809000067 ], [ 25.891034597000044, 38.628432573000055 ], [ 25.879727084000024, 38.627488244000062 ], [ 25.868419867000057, 38.626542822000033 ], [ 25.857112947000076, 38.62559630700008 ], [ 25.845806325000069, 38.62464870000008 ], [ 25.8345, 38.6237 ] ] } },
{ "type": "Feature", "properties": { "LonA": 25.667, "LatA": 38.3414, "LonB": 26.037, "LatB": 38.0796, "SS_ID": 62.0, "Shape_Leng": 0.45325462763699997 }, "geometry": { "type": "LineString", "coordinates": [ [ 25.667, 38.3414 ], [ 25.675438585000052, 38.335463114000049 ], [ 25.683875794000073, 38.32952561500008 ], [ 25.692311625000059, 38.323587503000056 ], [ 25.700746081000034, 38.317648778000034 ], [ 25.709179160000076, 38.311709441000062 ], [ 25.717610864000051, 38.305769492000024 ], [ 25.726041192000025, 38.299828931000036 ], [ 25.734470146000035, 38.293887758000039 ], [ 25.742897725000034, 38.287945973000035 ], [ 25.751323930000069, 38.282003577000069 ], [ 25.759748761000026, 38.276060571000073 ], [ 25.768172219000064, 38.27011695300007 ], [ 25.776594304000071, 38.264172724000048 ], [ 25.785015016000045, 38.258227886000043 ], [ 25.793434356000034, 38.252282437000076 ], [ 25.801852325000027, 38.24633637800008 ], [ 25.810268922000034, 38.240389709000056 ], [ 25.818684147000056, 38.234442431000048 ], [ 25.82709800300006, 38.228494543000068 ], [ 25.835510487000079, 38.222546047000037 ], [ 25.843921602000023, 38.216596941000034 ], [ 25.852331347000074, 38.210647228000028 ], [ 25.860739723000052, 38.204696905000048 ], [ 25.869146730000068, 38.198745975000065 ], [ 25.877552369000057, 38.192794436000042 ], [ 25.885956640000074, 38.186842290000072 ], [ 25.894359543000064, 38.180889537000041 ], [ 25.902761078000026, 38.174936176000074 ], [ 25.911161247000052, 38.168982208000045 ], [ 25.91956004900004, 38.163027634000059 ], [ 25.927957485000036, 38.157072452000079 ], [ 25.936353555000039, 38.151116665000075 ], [ 25.94474826000004, 38.145160271000066 ], [ 25.953141600000038, 38.139203271000042 ], [ 25.961533575000033, 38.13324566600005 ], [ 25.969924185000025, 38.127287455000044 ], [ 25.97831343200005, 38.121328639000069 ], [ 25.986701315000062, 38.115369218000069 ], [ 25.995087835000049, 38.109409193000033 ], [ 26.00347299200007, 38.10344856200004 ], [ 26.011856787000056, 38.097487328000057 ], [ 26.020239219000075, 38.091525489000048 ], [ 26.028620290000049, 38.085563046000061 ], [ 26.037, 38.0796 ] ] } },
{ "type": "Feature", "properties": { "LonA": 26.0414, "LatA": 38.0891, "LonB": 26.3783, "LatB": 38.0799, "SS_ID": 63.0, "Shape_Leng": 0.33702570815499999 }, "geometry": { "type": "LineString", "coordinates": [ [ 26.0414, 38.0891 ], [ 26.052631338000026, 38.088808895000057 ], [ 26.063862587000074, 38.088516716000072 ], [ 26.075093747000039, 38.088223464000066 ], [ 26.086324816000058, 38.087929139000039 ], [ 26.097555795000062, 38.087633740000058 ], [ 26.108786684000052, 38.087337269000045 ], [ 26.120017482000037, 38.087039723000032 ], [ 26.131248189000075, 38.086741105000044 ], [ 26.142478804000064, 38.086441413000045 ], [ 26.153709327000058, 38.086140648000026 ], [ 26.16493975800006, 38.085838810000041 ], [ 26.176170097000067, 38.085535898000046 ], [ 26.187400343000036, 38.085231914000076 ], [ 26.198630495000032, 38.084926856000038 ], [ 26.209860554000045, 38.084620725000036 ], [ 26.221090520000075, 38.08431352100007 ], [ 26.23232039100003, 38.084005244000025 ], [ 26.243550167000024, 38.083695894000073 ], [ 26.254779849000045, 38.083385471000042 ], [ 26.266009436000047, 38.083073974000058 ], [ 26.277238927000042, 38.082761405000042 ], [ 26.288468323000075, 38.082447763000062 ], [ 26.299697622000053, 38.08213304800006 ], [ 26.310926825000024, 38.081817260000037 ], [ 26.322155931000054, 38.081500399000049 ], [ 26.333384941000077, 38.08118246500004 ], [ 26.344613852000066, 38.080863458000067 ], [ 26.355842666000058, 38.080543378000073 ], [ 26.367071382000063, 38.080222225000057 ], [ 26.3783, 38.0799 ] ] } },
{ "type": "Feature", "properties": { "LonA": 27.1188, "LatA": 37.805, "LonB": 26.6581, "LatB": 37.8177, "SS_ID": 64.0, "Shape_Leng": 0.46087531010799998 }, "geometry": { "type": "LineString", "coordinates": [ [ 27.1188, 37.805 ], [ 27.107565334000071, 37.805331190000061 ], [ 27.096330568000042, 37.805661309000072 ], [ 27.085095703000036, 37.805990356000052 ], [ 27.073860738000064, 37.806318332000046 ], [ 27.06262567300007, 37.806645236000065 ], [ 27.051390510000033, 37.806971069000042 ], [ 27.040155248000076, 37.807295830000044 ], [ 27.028919888000075, 37.80761952000006 ], [ 27.017684430000031, 37.807942138000044 ], [ 27.006448874000057, 37.808263684000053 ], [ 26.995213221000029, 37.808584159000077 ], [ 26.98397747100006, 37.808903562000069 ], [ 26.972741624000037, 37.809221894000075 ], [ 26.961505682000052, 37.809539154000049 ], [ 26.95026964300007, 37.809855342000048 ], [ 26.939033508000023, 37.810170459000062 ], [ 26.927797278000071, 37.810484503000055 ], [ 26.916560954000033, 37.810797476000062 ], [ 26.905324534000044, 37.811109377000037 ], [ 26.894088020000027, 37.811420207000026 ], [ 26.882851412000036, 37.811729964000051 ], [ 26.871614710000074, 37.812038650000034 ], [ 26.860377915000072, 37.812346264000041 ], [ 26.84914102700003, 37.812652806000074 ], [ 26.837904046000062, 37.812958276000074 ], [ 26.826666973000044, 37.813262674000043 ], [ 26.815429807000044, 37.813566 ], [ 26.804192550000039, 37.813868254000056 ], [ 26.792955201000041, 37.814169436000043 ], [ 26.781717761000039, 37.814469547000044 ], [ 26.770480231000079, 37.814768585000024 ], [ 26.759242610000058, 37.815066551000029 ], [ 26.748004898000033, 37.81536344500006 ], [ 26.73676709700004, 37.815659267000058 ], [ 26.725529206000033, 37.815954017000024 ], [ 26.714291226000057, 37.816247694000026 ], [ 26.703053158000046, 37.816540300000042 ], [ 26.691815, 37.816831833000037 ], [ 26.680576755000061, 37.817122294000058 ], [ 26.669338421000077, 37.817411683000046 ], [ 26.6581, 37.8177 ] ] } },
{ "type": "Feature", "properties": { "LonA": 26.5992, "LatA": 37.7207, "LonB": 26.961, "LatB": 37.6906, "SS_ID": 65.0, "Shape_Leng": 0.363050074301 }, "geometry": { "type": "LineString", "coordinates": [ [ 26.5992, 37.7207 ], [ 26.610167912000065, 37.71980419700003 ], [ 26.621135560000027, 37.718907373000036 ], [ 26.632102944000053, 37.718009528000039 ], [ 26.643070062000049, 37.717110664000074 ], [ 26.654036915000063, 37.71621077900005 ], [ 26.665003503000037, 37.71530987400007 ], [ 26.675969826000028, 37.71440794800003 ], [ 26.686935882000057, 37.71350500300008 ], [ 26.697901672000057, 37.71260103700007 ], [ 26.708867195000039, 37.711696052000036 ], [ 26.719832451000059, 37.710790046000056 ], [ 26.73079744100005, 37.709883021000053 ], [ 26.741762163000033, 37.708974976000036 ], [ 26.752726617000064, 37.708065911000062 ], [ 26.763690803000031, 37.707155826000076 ], [ 26.774654721000047, 37.706244722000065 ], [ 26.785618370000066, 37.705332598000041 ], [ 26.79658175000003, 37.70441945500005 ], [ 26.807544862000043, 37.703505292000045 ], [ 26.818507703000023, 37.702590110000074 ], [ 26.829470276000052, 37.701673908000032 ], [ 26.840432578000048, 37.70075668700008 ], [ 26.851394610000057, 37.699838447000047 ], [ 26.862356371000033, 37.698919188000048 ], [ 26.873317861000032, 37.697998909000034 ], [ 26.884279081000045, 37.697077612000044 ], [ 26.895240028000046, 37.69615529500004 ], [ 26.90620070500006, 37.695231960000058 ], [ 26.917161109000062, 37.694307605000063 ], [ 26.928121241000042, 37.693382232000033 ], [ 26.939081100000067, 37.692455840000036 ], [ 26.950040687000069, 37.691528429000073 ], [ 26.961, 37.6906 ] ] } },
{ "type": "Feature", "properties": { "LonA": 25.7988, "LatA": 37.3521, "LonB": 26.3533, "LatB": 37.6489, "SS_ID": 67.0, "Shape_Leng": 0.62893726859 }, "geometry": { "type": "LineString", "coordinates": [ [ 25.7988, 37.3521 ], [ 25.808005753000032, 37.357068054000024 ], [ 25.817212720000043, 37.362035387000049 ], [ 25.826420901000063, 37.367002 ], [ 25.835630296000033, 37.371967891000054 ], [ 25.844840904000023, 37.376933061000045 ], [ 25.854052727000067, 37.381897509000055 ], [ 25.863265765000051, 37.386861235000026 ], [ 25.872480017000044, 37.391824240000062 ], [ 25.881695484000034, 37.39678652200007 ], [ 25.890912166000078, 37.40174808200004 ], [ 25.900130064000052, 37.406708919000039 ], [ 25.909349177000024, 37.411669033000067 ], [ 25.91856950600004, 37.416628424000066 ], [ 25.927791051000042, 37.421587091000049 ], [ 25.937013811000043, 37.426545035000061 ], [ 25.946237789000065, 37.431502255000055 ], [ 25.955462982000029, 37.436458752000078 ], [ 25.964689393000072, 37.441414524000038 ], [ 25.973917020000044, 37.446369571000048 ], [ 25.98314586500004, 37.451323894000041 ], [ 25.992375927000069, 37.456277492000027 ], [ 26.001607206000074, 37.461230364000073 ], [ 26.010839703000045, 37.466182512000046 ], [ 26.020073418000038, 37.471133934000079 ], [ 26.029308352000044, 37.476084630000059 ], [ 26.038544503000026, 37.481034599000054 ], [ 26.047781873000076, 37.485983843000042 ], [ 26.057020462000025, 37.490932360000045 ], [ 26.066260270000043, 37.495880151000051 ], [ 26.075501297000073, 37.500827215000072 ], [ 26.084743543000059, 37.505773551000061 ], [ 26.093987009000045, 37.510719160000065 ], [ 26.103231695000034, 37.515664042000026 ], [ 26.112477601000023, 37.520608195000079 ], [ 26.121724726000025, 37.525551621000034 ], [ 26.130973072000074, 37.53049431900007 ], [ 26.140222639000058, 37.535436287000039 ], [ 26.149473426000043, 37.540377528000079 ], [ 26.158725435000065, 37.545318039000051 ], [ 26.167978664000032, 37.550257821000059 ], [ 26.177233115000035, 37.555196874000046 ], [ 26.18648878700003, 37.560135197000079 ], [ 26.195745681000062, 37.565072791000034 ], [ 26.205003797000074, 37.570009654000046 ], [ 26.214263135000067, 37.574945787000047 ], [ 26.223523696000029, 37.579881190000037 ], [ 26.232785479000029, 37.584815862000028 ], [ 26.242048485000055, 37.589749803000075 ], [ 26.251312713000061, 37.594683012000075 ], [ 26.260578165000027, 37.599615491000066 ], [ 26.269844840000076, 37.604547238000066 ], [ 26.279112739000027, 37.609478253000077 ], [ 26.288381862000051, 37.614408536000042 ], [ 26.297652208000045, 37.619338086000027 ], [ 26.306923779000044, 37.62426690500007 ], [ 26.31619657300007, 37.62919499000003 ], [ 26.325470593000034, 37.634122342000069 ], [ 26.334745837000071, 37.639048962000061 ], [ 26.344022306000056, 37.643974848000028 ], [ 26.3533, 37.6489 ] ] } },
{ "type": "Feature", "properties": { "LonA": 24.83, "LatA": 37.7384, "LonB": 25.1338, "LatB": 37.5217, "SS_ID": 69.0, "Shape_Leng": 0.373166935325 }, "geometry": { "type": "LineString", "coordinates": [ [ 24.83, 37.7384 ], [ 24.838234043000057, 37.732553655000061 ], [ 24.846466792000058, 37.726706729000057 ], [ 24.854698246000055, 37.720859222000058 ], [ 24.862928406000037, 37.715011135000054 ], [ 24.871157273000051, 37.709162467000056 ], [ 24.87938484600005, 37.703313220000041 ], [ 24.887611126000024, 37.697463393000078 ], [ 24.89583611300003, 37.691612986000052 ], [ 24.904059808000056, 37.685762 ], [ 24.912282211000047, 37.679910434000078 ], [ 24.920503323000048, 37.674058290000062 ], [ 24.92872314300007, 37.66820556700003 ], [ 24.936941672000046, 37.662352265000038 ], [ 24.945158911000078, 37.656498385000077 ], [ 24.953374859000064, 37.650643927000033 ], [ 24.961589518000039, 37.644788891000076 ], [ 24.969802887000071, 37.638933277000035 ], [ 24.978014966000046, 37.633077085000025 ], [ 24.986225757000057, 37.627220317000024 ], [ 24.994435260000046, 37.621362971000053 ], [ 25.002643474000024, 37.615505048000045 ], [ 25.010850401000027, 37.609646549000047 ], [ 25.019056040000066, 37.603787473000068 ], [ 25.027260392000073, 37.597927821000042 ], [ 25.035463457000048, 37.592067593000024 ], [ 25.043665236000038, 37.586206789000073 ], [ 25.051865729000042, 37.580345410000064 ], [ 25.06006493600006, 37.574483455000063 ], [ 25.068262857000036, 37.568620924000072 ], [ 25.076459494000062, 37.562757819000069 ], [ 25.084654846000035, 37.556894139000065 ], [ 25.092848914000058, 37.551029885000048 ], [ 25.101041698000074, 37.54516505600003 ], [ 25.109233198000027, 37.539299652000068 ], [ 25.117423415000076, 37.533433675000026 ], [ 25.12561234900005, 37.527567124000029 ], [ 25.1338, 37.5217 ] ] } },
{ "type": "Feature", "properties": { "LonA": 23.022, "LatA": 37.0748, "LonB": 22.768, "LatB": 37.4714, "SS_ID": 76.0, "Shape_Leng": 0.47096507581699998 }, "geometry": { "type": "LineString", "coordinates": [ [ 23.022, 37.0748 ], [ 23.016946017000066, 37.08273758100006 ], [ 23.011890980000032, 37.090674935000038 ], [ 23.006834889000061, 37.098612063000076 ], [ 23.001777743000048, 37.106548965000059 ], [ 22.996719541000061, 37.114485641000044 ], [ 22.991660284000034, 37.122422090000043 ], [ 22.986599970000043, 37.130358313000045 ], [ 22.981538599000032, 37.138294309000059 ], [ 22.976476170000069, 37.146230078000031 ], [ 22.971412684000029, 37.154165620000072 ], [ 22.966348139000047, 37.162100935000069 ], [ 22.961282535000066, 37.17003602300008 ], [ 22.95621587200003, 37.177970884000047 ], [ 22.951148149000062, 37.185905518000027 ], [ 22.946079366000049, 37.193839924000031 ], [ 22.941009521000069, 37.201774102000059 ], [ 22.935938615000055, 37.209708053000043 ], [ 22.930866648000062, 37.21764177600005 ], [ 22.925793617000068, 37.225575271000025 ], [ 22.920719524000049, 37.233508538000081 ], [ 22.915644368000073, 37.241441577000046 ], [ 22.910568148000038, 37.249374388000035 ], [ 22.905490863000068, 37.257306970000059 ], [ 22.900412513000049, 37.265239325000039 ], [ 22.895333098000037, 37.273171450000063 ], [ 22.890252617000044, 37.281103347000055 ], [ 22.885171070000069, 37.289035015000024 ], [ 22.880088456000067, 37.296966455000074 ], [ 22.875004774000047, 37.304897665000055 ], [ 22.869920025000056, 37.312828646000071 ], [ 22.864834207000058, 37.320759398000064 ], [ 22.859747320000054, 37.328689921000034 ], [ 22.854659363000053, 37.336620215000039 ], [ 22.849570337000046, 37.344550279000032 ], [ 22.844480241000042, 37.35248011300007 ], [ 22.839389073000063, 37.360409717000039 ], [ 22.834296834000043, 37.368339092000042 ], [ 22.829203523000047, 37.376268237000033 ], [ 22.824109140000076, 37.38419715200007 ], [ 22.819013684000026, 37.392125836000048 ], [ 22.813917154000023, 37.40005429100006 ], [ 22.808819551000056, 37.407982515000072 ], [ 22.803720873000032, 37.415910508000024 ], [ 22.798621120000064, 37.423838271000079 ], [ 22.79352029100005, 37.431765803000076 ], [ 22.788418387000036, 37.43969310500006 ], [ 22.783315406000042, 37.447620175000054 ], [ 22.77821134800007, 37.455547015000036 ], [ 22.773106213000062, 37.463473623000027 ], [ 22.768, 37.4714 ] ] } },
{ "type": "Feature", "properties": { "LonA": 23.1426, "LatA": 36.7939, "LonB": 23.029, "LatB": 37.0575, "SS_ID": 77.0, "Shape_Leng": 0.28703652875500002 }, "geometry": { "type": "LineString", "coordinates": [ [ 23.1426, 36.7939 ], [ 23.138947662000078, 36.802405100000044 ], [ 23.135294517000034, 36.810910076000027 ], [ 23.131640563000076, 36.819414927000025 ], [ 23.127985800000033, 36.827919654000027 ], [ 23.124330229000066, 36.836424257000033 ], [ 23.120673848000024, 36.844928734000064 ], [ 23.117016657000079, 36.853433087000042 ], [ 23.11335865500007, 36.861937316000024 ], [ 23.109699843000044, 36.870441419000031 ], [ 23.106040220000068, 36.878945398000042 ], [ 23.102379785000039, 36.887449251000078 ], [ 23.098718538000071, 36.895952980000061 ], [ 23.09505647900005, 36.904456584000059 ], [ 23.091393606000054, 36.912960062000025 ], [ 23.087729921000061, 36.921463416000051 ], [ 23.084065421000048, 36.929966644000046 ], [ 23.080400108000049, 36.938469747000056 ], [ 23.076733980000029, 36.94697272500008 ], [ 23.073067037000044, 36.955475577000072 ], [ 23.069399279000038, 36.963978304000079 ], [ 23.065730705000078, 36.972480905000054 ], [ 23.062061314000061, 36.980983380000055 ], [ 23.058391107000034, 36.989485730000069 ], [ 23.054720083000063, 36.997987955000042 ], [ 23.051048241000046, 37.00649005300005 ], [ 23.047375582000029, 37.014992026000073 ], [ 23.043702104000033, 37.023493873000064 ], [ 23.040027807000058, 37.03199559400008 ], [ 23.036352691000047, 37.040497189000064 ], [ 23.032676756000058, 37.048998657000027 ], [ 23.029, 37.0575 ] ] } },
{ "type": "Feature", "properties": { "LonA": 23.2231, "LatA": 36.4547, "LonB": 23.1019, "LatB": 36.7541, "SS_ID": 78.0, "Shape_Leng": 0.32300134754299997 }, "geometry": { "type": "LineString", "coordinates": [ [ 23.2231, 36.4547 ], [ 23.219650106000074, 36.463256200000046 ], [ 23.216199454000048, 36.47181228900007 ], [ 23.212748043000033, 36.480368265000038 ], [ 23.209295874000077, 36.488924129000054 ], [ 23.205842945000029, 36.497479881000061 ], [ 23.20238925600006, 36.506035521000058 ], [ 23.198934807000057, 36.514591048000057 ], [ 23.195479598000077, 36.523146463000046 ], [ 23.192023627000026, 36.531701766000026 ], [ 23.188566895000065, 36.540256956000064 ], [ 23.185109402000023, 36.548812033000047 ], [ 23.181651146000036, 36.557366998000077 ], [ 23.178192128000035, 36.565921851000041 ], [ 23.174732347000031, 36.574476591000064 ], [ 23.171271802000035, 36.583031218000031 ], [ 23.167810494000037, 36.591585732000055 ], [ 23.164348422000046, 36.600140133000025 ], [ 23.160885585000074, 36.608694422000042 ], [ 23.157421983000063, 36.617248597000071 ], [ 23.153957616000071, 36.625802660000033 ], [ 23.15049248300005, 36.634356609000065 ], [ 23.147026585000049, 36.64291044600003 ], [ 23.14355991900004, 36.651464169000064 ], [ 23.140092487000061, 36.660017779000043 ], [ 23.136624287000075, 36.668571275000033 ], [ 23.133155320000071, 36.677124659000071 ], [ 23.129685584000072, 36.685677929000065 ], [ 23.126215080000065, 36.694231085000069 ], [ 23.122743807000063, 36.702784128000076 ], [ 23.119271765000065, 36.711337058000026 ], [ 23.115798953000024, 36.719889874000046 ], [ 23.112325371000054, 36.728442576000077 ], [ 23.108851018000053, 36.736995164000064 ], [ 23.105375895000066, 36.745547639000051 ], [ 23.1019, 36.7541 ] ] } },
{ "type": "Feature", "properties": { "LonA": 23.5988, "LatA": 36.8422, "LonB": 23.3384, "LatB": 37.0902, "SS_ID": 79.0, "Shape_Leng": 0.35960029127600002 }, "geometry": { "type": "LineString", "coordinates": [ [ 23.5988, 36.8422 ], [ 23.591589431000045, 36.84909672200007 ], [ 23.584377566000057, 36.855992998000033 ], [ 23.577164406000065, 36.862888828000052 ], [ 23.569949949000033, 36.869784213000059 ], [ 23.562734195000075, 36.876679152000065 ], [ 23.555517144000078, 36.88357364400008 ], [ 23.548298795000051, 36.890467690000037 ], [ 23.541079148000051, 36.897361290000049 ], [ 23.533858202000033, 36.904254442000024 ], [ 23.526635957000053, 36.911147148000055 ], [ 23.519412412000065, 36.918039407000037 ], [ 23.512187568000058, 36.92493121800004 ], [ 23.504961422000065, 36.931822582000052 ], [ 23.497733975000074, 36.938713498000027 ], [ 23.490505227000028, 36.945603966000078 ], [ 23.483275177000053, 36.952493986000036 ], [ 23.476043824000044, 36.95938355800007 ], [ 23.468811168000059, 36.966272681000078 ], [ 23.461577209000041, 36.973161356000048 ], [ 23.454341945000067, 36.980049582000049 ], [ 23.447105377000071, 36.986937359000081 ], [ 23.439867505000052, 36.993824686000039 ], [ 23.432628327000032, 37.000711565000074 ], [ 23.425387842000077, 37.007597993000047 ], [ 23.418146052000054, 37.01448397200005 ], [ 23.41090295500004, 37.021369501000038 ], [ 23.403658550000046, 37.028254580000066 ], [ 23.39641283800006, 37.035139208000032 ], [ 23.389165817000048, 37.042023386000039 ], [ 23.381917488000056, 37.048907113000041 ], [ 23.374667849000048, 37.055790389000038 ], [ 23.367416900000023, 37.062673214000029 ], [ 23.360164642000029, 37.069555588000071 ], [ 23.35291107300003, 37.076437511000051 ], [ 23.345656192000035, 37.083318981000048 ], [ 23.3384, 37.0902 ] ] } },
{ "type": "Feature", "properties": { "LonA": 24.155, "LatA": 36.5657, "LonB": 23.5955, "LatB": 36.7943, "SS_ID": 80.0, "Shape_Leng": 0.60439998904100001 }, "geometry": { "type": "LineString", "coordinates": [ [ 24.155, 36.5657 ], [ 24.145212733000051, 36.569733205000034 ], [ 24.135424448000038, 36.573765604000073 ], [ 24.125635145000047, 36.577797197000052 ], [ 24.115844824000078, 36.581827983000039 ], [ 24.106053486000064, 36.585857962000034 ], [ 24.096261129000027, 36.589887134000037 ], [ 24.086467755000058, 36.593915498000058 ], [ 24.076673363000054, 36.59794305500003 ], [ 24.066877952000027, 36.601969805000067 ], [ 24.057081523000079, 36.605995746000076 ], [ 24.047284076000039, 36.610020879000047 ], [ 24.037485611000022, 36.614045205000025 ], [ 24.027686128000028, 36.618068721000043 ], [ 24.017885626000066, 36.622091429000079 ], [ 24.008084106000069, 36.626113328000031 ], [ 23.998281568000039, 36.630134418000068 ], [ 23.988478011000041, 36.634154699000078 ], [ 23.978673435000076, 36.63817417000007 ], [ 23.968867841000076, 36.642192831000045 ], [ 23.959061228000053, 36.646210683000049 ], [ 23.949253596000062, 36.650227724000047 ], [ 23.939444946000037, 36.654243955000027 ], [ 23.929635277000045, 36.658259376000046 ], [ 23.919824589000029, 36.662273986000059 ], [ 23.910012882000046, 36.666287785000065 ], [ 23.900200157000029, 36.670300773000065 ], [ 23.890386412000055, 36.674312950000058 ], [ 23.880571648000057, 36.678324315000054 ], [ 23.870755865000035, 36.682334868000055 ], [ 23.860939063000046, 36.686344610000049 ], [ 23.851121242000033, 36.690353539000057 ], [ 23.841302402000053, 36.694361656000069 ], [ 23.83148254200006, 36.698368961000028 ], [ 23.821661663000043, 36.702375453000059 ], [ 23.811839765000059, 36.706381132000047 ], [ 23.802016847000061, 36.710385998000049 ], [ 23.79219290900005, 36.714390050000077 ], [ 23.782367953000062, 36.718393290000051 ], [ 23.77254197600007, 36.722395715000062 ], [ 23.762714980000055, 36.726397327000029 ], [ 23.752886964000027, 36.730398124000033 ], [ 23.743057929000031, 36.734398107000061 ], [ 23.733227874000079, 36.738397276000057 ], [ 23.723396799000056, 36.742395629000043 ], [ 23.713564704000078, 36.746393168000054 ], [ 23.703731589000029, 36.750389892000044 ], [ 23.693897454000023, 36.754385801000069 ], [ 23.684062300000051, 36.758380894000027 ], [ 23.674226125000075, 36.762375171000031 ], [ 23.66438893000003, 36.76636863300007 ], [ 23.654550715000028, 36.770361278000053 ], [ 23.644711480000069, 36.774353107000024 ], [ 23.63487122500004, 36.778344119000053 ], [ 23.625029949000066, 36.782334315000071 ], [ 23.615187653000078, 36.786323694000032 ], [ 23.605344337000076, 36.79031225600005 ], [ 23.5955, 36.7943 ] ] } },
{ "type": "Feature", "properties": { "LonA": 24.2422, "LatA": 36.814, "LonB": 23.8427, "LatB": 36.8646, "SS_ID": 81.0, "Shape_Leng": 0.40269190807499999 }, "geometry": { "type": "LineString", "coordinates": [ [ 24.2422, 36.814 ], [ 24.231409649000057, 36.815385215000049 ], [ 24.220618909000052, 36.816769451000027 ], [ 24.209827781000058, 36.818152707000024 ], [ 24.199036264000028, 36.81953498300004 ], [ 24.188244360000056, 36.820916280000063 ], [ 24.177452067000047, 36.822296597000047 ], [ 24.166659388000028, 36.82367593400005 ], [ 24.15586632000003, 36.825054291000072 ], [ 24.145072866000078, 36.826431668000055 ], [ 24.134279025000069, 36.827808065000056 ], [ 24.12348479800005, 36.829183482000076 ], [ 24.11269018400003, 36.830557919000057 ], [ 24.101895184000057, 36.831931375000067 ], [ 24.091099799000062, 36.833303851000039 ], [ 24.080304027000068, 36.83467534600004 ], [ 24.069507871000042, 36.836045861000059 ], [ 24.058711329000062, 36.83741539500005 ], [ 24.04791440300005, 36.838783948000071 ], [ 24.037117092000074, 36.840151520000063 ], [ 24.026319396000076, 36.841518111000028 ], [ 24.015521316000047, 36.842883722000067 ], [ 24.004722853000033, 36.844248351000033 ], [ 23.993924006000043, 36.845611999000027 ], [ 23.983124775000078, 36.846974666000051 ], [ 23.972325161000072, 36.848336351000057 ], [ 23.961525165000069, 36.849697055000036 ], [ 23.950724786000023, 36.851056777000053 ], [ 23.939924024000049, 36.852415518000043 ], [ 23.929122880000023, 36.853773277000073 ], [ 23.918321354000057, 36.855130055000075 ], [ 23.907519447000027, 36.85648585000007 ], [ 23.896717158000058, 36.857840664000037 ], [ 23.885914488000026, 36.859194496000043 ], [ 23.875111437000044, 36.860547345000043 ], [ 23.864308005000055, 36.861899212000026 ], [ 23.853504192000059, 36.863250097000048 ], [ 23.8427, 36.8646 ] ] } },
{ "type": "Feature", "properties": { "LonA": 24.6609, "LatA": 36.4881, "LonB": 25.168, "LatB": 36.5821, "SS_ID": 82.0, "Shape_Leng": 0.51573914737299997 }, "geometry": { "type": "LineString", "coordinates": [ [ 24.6609, 36.4881 ], [ 24.671676547000061, 36.490122444000065 ], [ 24.682453653000039, 36.492143915000042 ], [ 24.693231320000052, 36.494164411000042 ], [ 24.704009547000055, 36.496183933000054 ], [ 24.714788333000058, 36.498202481000078 ], [ 24.725567678000061, 36.500220054000067 ], [ 24.736347583000054, 36.502236652000079 ], [ 24.747128047000047, 36.504252276000045 ], [ 24.75790906900005, 36.506266925000034 ], [ 24.768690650000053, 36.508280599000045 ], [ 24.779472790000057, 36.510293297000032 ], [ 24.790255488000071, 36.512305021000032 ], [ 24.801038743000049, 36.514315769000063 ], [ 24.811822557000028, 36.516325541000072 ], [ 24.822606928000027, 36.518334338000045 ], [ 24.833391856000048, 36.520342160000041 ], [ 24.844177342000023, 36.522349005000024 ], [ 24.854963385000076, 36.524354874000039 ], [ 24.865749984000047, 36.526359768000077 ], [ 24.876537140000039, 36.528363685000045 ], [ 24.887324852000063, 36.530366626000045 ], [ 24.898113121000051, 36.532368590000033 ], [ 24.908901945000025, 36.534369578000053 ], [ 24.919691326000077, 36.53636958900006 ], [ 24.930481262000058, 36.538368623000054 ], [ 24.941271753000024, 36.540366680000034 ], [ 24.952062799000032, 36.542363761000047 ], [ 24.962854401000072, 36.544359864000057 ], [ 24.973646557000052, 36.546354990000054 ], [ 24.984439267000027, 36.548349138000049 ], [ 24.995232532000045, 36.55034230900003 ], [ 25.006026352000049, 36.552334502000065 ], [ 25.016820725000059, 36.55432571800003 ], [ 25.027615652000065, 36.556315955000059 ], [ 25.038411132000078, 36.558305215000075 ], [ 25.049207166000031, 36.560293496000043 ], [ 25.060003753000046, 36.562280799000064 ], [ 25.070800893000069, 36.564267124000025 ], [ 25.081598585000052, 36.566252470000052 ], [ 25.09239683100003, 36.568236838000075 ], [ 25.103195628000037, 36.57022022700005 ], [ 25.113994978000051, 36.572202637000032 ], [ 25.124794879000035, 36.574184068000079 ], [ 25.135595332000037, 36.576164520000077 ], [ 25.146396337000056, 36.578143993000026 ], [ 25.157197893000045, 36.58012248600005 ], [ 25.168, 36.5821 ] ] } },
{ "type": "Feature", "properties": { "LonA": 25.246, "LatA": 36.4782, "LonB": 25.6646, "LatB": 36.7702, "SS_ID": 83.0, "Shape_Leng": 0.51038291705899996 }, "geometry": { "type": "LineString", "coordinates": [ [ 25.246, 36.4782 ], [ 25.25434111800007, 36.484054511000068 ], [ 25.262683492000065, 36.489908433000039 ], [ 25.271027121000031, 36.495761766000044 ], [ 25.279372006000074, 36.501614509000035 ], [ 25.287718147000078, 36.507466663000059 ], [ 25.296065544000044, 36.51331822800006 ], [ 25.304414199000064, 36.519169202000057 ], [ 25.312764110000046, 36.525019586000042 ], [ 25.321115279000026, 36.53086938000007 ], [ 25.329467706000059, 36.536718583000038 ], [ 25.337821391000034, 36.54256719600005 ], [ 25.346176335000052, 36.54841521700007 ], [ 25.354532537000068, 36.55426264700003 ], [ 25.362889998000071, 36.560109486000044 ], [ 25.37124871900005, 36.565955733000067 ], [ 25.379608700000063, 36.571801389000029 ], [ 25.387969941000051, 36.577646452000067 ], [ 25.396332442000073, 36.583490923000056 ], [ 25.404696204000061, 36.589334801000064 ], [ 25.413061227000071, 36.595178087000079 ], [ 25.421427512000037, 36.601020780000056 ], [ 25.429795059000071, 36.606862880000051 ], [ 25.438163867000071, 36.612704386000075 ], [ 25.446533938000073, 36.618545299000061 ], [ 25.454905272000076, 36.624385618000076 ], [ 25.463277869000024, 36.630225343000063 ], [ 25.471651730000076, 36.636064474000079 ], [ 25.480026854000073, 36.641903010000078 ], [ 25.48840324300005, 36.647740952000049 ], [ 25.496780895000029, 36.65357829900006 ], [ 25.505159813000034, 36.659415051000053 ], [ 25.513539996000077, 36.665251208000029 ], [ 25.521921444000043, 36.671086770000045 ], [ 25.530304158000035, 36.676921735000064 ], [ 25.538688138000055, 36.682756105000067 ], [ 25.547073385000033, 36.688589879000062 ], [ 25.555459898000038, 36.694423056000062 ], [ 25.563847679000048, 36.700255637000055 ], [ 25.572236727000075, 36.706087621000052 ], [ 25.58062704200006, 36.711919008000052 ], [ 25.589018626000041, 36.717749798000057 ], [ 25.597411478000026, 36.723579991000065 ], [ 25.605805599000064, 36.729409586000031 ], [ 25.614200990000029, 36.735238583000069 ], [ 25.622597649000056, 36.741066982000063 ], [ 25.630995578000068, 36.746894783000073 ], [ 25.639394778000053, 36.752721985000051 ], [ 25.647795248000023, 36.758548589000043 ], [ 25.656196988000033, 36.76437459400006 ], [ 25.6646, 36.7702 ] ] } },
{ "type": "Feature", "properties": { "LonA": 25.6062, "LatA": 36.5977, "LonB": 26.1136, "LatB": 36.9387, "SS_ID": 84.0, "Shape_Leng": 0.61134058747200004 }, "geometry": { "type": "LineString", "coordinates": [ [ 25.6062, 36.5977 ], [ 25.614619932000039, 36.603401166000026 ], [ 25.623041104000038, 36.609101731000067 ], [ 25.631463515000064, 36.614801696000029 ], [ 25.639887166000051, 36.620501060000038 ], [ 25.648312057000055, 36.626199823000036 ], [ 25.656738189000066, 36.631897984000034 ], [ 25.665165561000038, 36.637595545000067 ], [ 25.673594175000062, 36.643292503000055 ], [ 25.682024030000036, 36.648988860000031 ], [ 25.690455126000074, 36.654684614000075 ], [ 25.698887465000041, 36.660379766000062 ], [ 25.707321046000061, 36.666074316000049 ], [ 25.715755870000066, 36.671768263000047 ], [ 25.724191936000068, 36.677461607000055 ], [ 25.732629246000045, 36.683154348000073 ], [ 25.741067799000064, 36.688846485000056 ], [ 25.749507597000047, 36.694538019000049 ], [ 25.757948638000073, 36.700228949000063 ], [ 25.766390924000063, 36.705919275000042 ], [ 25.774834455000075, 36.711608997000042 ], [ 25.783279231000051, 36.717298115000062 ], [ 25.791725253000038, 36.722986627000068 ], [ 25.800172520000046, 36.728674536000028 ], [ 25.808621033000065, 36.73436183900003 ], [ 25.817070793000028, 36.740048536000074 ], [ 25.825521799000057, 36.745734629000026 ], [ 25.83397405200003, 36.75142011500003 ], [ 25.84242755300005, 36.757104996000066 ], [ 25.85088230100007, 36.762789270000042 ], [ 25.859338297000079, 36.768472939000048 ], [ 25.867795541000078, 36.774156 ], [ 25.876254034000056, 36.779838455000061 ], [ 25.884713776000069, 36.785520304000045 ], [ 25.893174767000062, 36.791201544000046 ], [ 25.901637007000033, 36.796882178000033 ], [ 25.91010049700003, 36.802562204000026 ], [ 25.918565238000042, 36.808241622000025 ], [ 25.927031228000033, 36.813920432000032 ], [ 25.935498469000038, 36.819598634000045 ], [ 25.943966962000047, 36.825276228000064 ], [ 25.952436705000025, 36.830953213000043 ], [ 25.960907701000053, 36.83662958900004 ], [ 25.969379948000039, 36.842305355000065 ], [ 25.977853448000076, 36.847980513000039 ], [ 25.986328200000059, 36.85365506100004 ], [ 25.994804205000037, 36.859329 ], [ 26.003281463000064, 36.86500232800006 ], [ 26.011759974000029, 36.870675047000077 ], [ 26.020239740000079, 36.876347155000076 ], [ 26.028720759000066, 36.882018652000056 ], [ 26.037203033000026, 36.887689539000064 ], [ 26.045686562000071, 36.893359815000053 ], [ 26.054171346000032, 36.899029479000035 ], [ 26.062657385000023, 36.904698532000054 ], [ 26.071144680000032, 36.910366974000056 ], [ 26.079633231000059, 36.916034804000049 ], [ 26.088123038000049, 36.921702021000044 ], [ 26.096614102000046, 36.927368627000078 ], [ 26.105106422000063, 36.933034620000058 ], [ 26.1136, 36.9387 ] ] } },
{ "type": "Feature", "properties": { "LonA": 25.9149, "LatA": 36.499, "LonB": 25.4149, "LatB": 36.2274, "SS_ID": 85.0, "Shape_Leng": 0.56900578668900004 }, "geometry": { "type": "LineString", "coordinates": [ [ 25.9149, 36.499 ], [ 25.905778029000032, 36.494080655000062 ], [ 25.896657211000047, 36.489160608000077 ], [ 25.887537548000068, 36.484239860000059 ], [ 25.878419037000072, 36.479318411000065 ], [ 25.869301680000035, 36.474396262000027 ], [ 25.860185476000026, 36.469473411000024 ], [ 25.851070425000046, 36.46454986100008 ], [ 25.841956527000036, 36.459625610000046 ], [ 25.832843781000065, 36.454700660000071 ], [ 25.823732187000076, 36.449775010000053 ], [ 25.814621745000068, 36.444848660000048 ], [ 25.805512456000031, 36.439921611000045 ], [ 25.796404318000043, 36.434993863000045 ], [ 25.787297331000048, 36.430065417000037 ], [ 25.778191496000034, 36.425136271000042 ], [ 25.769086812000069, 36.420206427000039 ], [ 25.759983279000039, 36.415275885000028 ], [ 25.750880897000059, 36.410344645000066 ], [ 25.741779665000024, 36.405412708000028 ], [ 25.732679584000039, 36.40048007200005 ], [ 25.723580653000056, 36.395546740000043 ], [ 25.714482872000076, 36.390612710000028 ], [ 25.705386241000042, 36.385677983000051 ], [ 25.696290759000078, 36.380742559000055 ], [ 25.68719642700006, 36.37580643900003 ], [ 25.678103244000056, 36.370869623000033 ], [ 25.669011210000065, 36.365932110000074 ], [ 25.65992032500003, 36.360993902000075 ], [ 25.650830589000066, 36.356054998000047 ], [ 25.641742001000068, 36.351115399000037 ], [ 25.632654562000027, 36.346175104000054 ], [ 25.623568270000078, 36.341234114000031 ], [ 25.614483127000028, 36.336292429000025 ], [ 25.60539913100007, 36.331350050000026 ], [ 25.596316283000078, 36.326406976000044 ], [ 25.587234582000065, 36.321463209000058 ], [ 25.578154028000029, 36.316518747000032 ], [ 25.569074621000027, 36.311573591000069 ], [ 25.55999636100006, 36.306627742000046 ], [ 25.550919247000024, 36.301681199000029 ], [ 25.541843280000023, 36.296733964000055 ], [ 25.532768459000067, 36.29178603500003 ], [ 25.523694784000043, 36.286837414000047 ], [ 25.514622255000063, 36.28188810000006 ], [ 25.505550871000025, 36.276938093000069 ], [ 25.496480633000033, 36.271987395000053 ], [ 25.487411540000039, 36.26703600500008 ], [ 25.478343592000044, 36.262083923000034 ], [ 25.469276788000059, 36.257131150000077 ], [ 25.460211130000062, 36.252177685000049 ], [ 25.451146616000074, 36.247223529000053 ], [ 25.442083246000038, 36.242268683000077 ], [ 25.433021020000069, 36.23731314500003 ], [ 25.423959938000053, 36.23235691800005 ], [ 25.4149, 36.2274 ] ] } },
{ "type": "Feature", "properties": { "LonA": 26.4386, "LatA": 36.7883, "LonB": 25.9121, "LatB": 36.5141, "SS_ID": 86.0, "Shape_Leng": 0.59362369625400002 }, "geometry": { "type": "LineString", "coordinates": [ [ 26.4386, 36.7883 ], [ 26.429330939000067, 36.783509692000052 ], [ 26.42006303200003, 36.778718659000049 ], [ 26.410796279000067, 36.773926900000049 ], [ 26.401530680000064, 36.769134415000053 ], [ 26.392266233000043, 36.764341204000061 ], [ 26.38300294000004, 36.759547269000052 ], [ 26.373740799000075, 36.754752609000036 ], [ 26.36447981200007, 36.749957223000024 ], [ 26.355219977000047, 36.745161114000041 ], [ 26.345961294000062, 36.740364280000051 ], [ 26.336703764000049, 36.735566722000044 ], [ 26.327447386000074, 36.730768440000077 ], [ 26.318192160000024, 36.725969434000035 ], [ 26.308938085000023, 36.721169705000079 ], [ 26.299685163000049, 36.716369253000039 ], [ 26.290433391000079, 36.711568078000028 ], [ 26.281182771000033, 36.706766180000045 ], [ 26.271933302000036, 36.701963559000035 ], [ 26.262684984000032, 36.697160216000043 ], [ 26.25343781600003, 36.69235615100007 ], [ 26.244191799000077, 36.687551364000058 ], [ 26.23494693300006, 36.682745855000064 ], [ 26.225703216000056, 36.677939624000032 ], [ 26.216460650000045, 36.673132673000055 ], [ 26.207219234000036, 36.668325 ], [ 26.19797896700004, 36.66351660600003 ], [ 26.188739850000047, 36.658707492000076 ], [ 26.179501882000068, 36.653897657000073 ], [ 26.170265063000045, 36.649087102000067 ], [ 26.161029393000035, 36.644275826000069 ], [ 26.151794872000039, 36.639463831000057 ], [ 26.142561500000056, 36.634651117000033 ], [ 26.13332927700003, 36.629837683000062 ], [ 26.124098201000038, 36.625023530000078 ], [ 26.11486827400006, 36.620208657000035 ], [ 26.105639495000048, 36.61539306700007 ], [ 26.096411863000071, 36.610576757000047 ], [ 26.087185379000061, 36.605759729000056 ], [ 26.077960043000076, 36.600941983000041 ], [ 26.068735853000078, 36.596123519000059 ], [ 26.059512811000047, 36.591304338000043 ], [ 26.050290916000051, 36.58648443900006 ], [ 26.041070168000033, 36.581663823000042 ], [ 26.03185056600006, 36.576842489000057 ], [ 26.022632110000075, 36.572020439000028 ], [ 26.013414801000067, 36.567197672000077 ], [ 26.004198638000048, 36.562374189000025 ], [ 25.994983621000074, 36.557549990000041 ], [ 25.985769749000042, 36.55272507400008 ], [ 25.976557023000055, 36.547899443000063 ], [ 25.967345442000067, 36.543073096000057 ], [ 25.958135006000077, 36.538246034000053 ], [ 25.948925716000076, 36.533418257000051 ], [ 25.939717570000028, 36.52858976400006 ], [ 25.930510569000035, 36.52376055700006 ], [ 25.921304712000051, 36.51893063600005 ], [ 25.9121, 36.5141 ] ] } },
{ "type": "Feature", "properties": { "LonA": 26.485, "LatA": 36.5935, "LonB": 26.929, "LatB": 36.6693, "SS_ID": 87.0, "Shape_Leng": 0.45042413720800001 }, "geometry": { "type": "LineString", "coordinates": [ [ 26.485, 36.5935 ], [ 26.495818893000035, 36.595368463000057 ], [ 26.50663830700006, 36.597235944000033 ], [ 26.517458243000078, 36.59910244200006 ], [ 26.528278700000044, 36.60096795700008 ], [ 26.539099678000071, 36.602832489000036 ], [ 26.549921176000055, 36.604696038000043 ], [ 26.560743195000043, 36.606558603000053 ], [ 26.571565735000036, 36.608420186000046 ], [ 26.582388794000053, 36.610280785000043 ], [ 26.593212373000028, 36.612140400000044 ], [ 26.604036472000075, 36.613999031000048 ], [ 26.614861090000034, 36.615856679000046 ], [ 26.625686228000063, 36.617713343000048 ], [ 26.636511884000072, 36.619569022000064 ], [ 26.647338060000038, 36.621423718000074 ], [ 26.658164753000051, 36.623277429000041 ], [ 26.668991966000078, 36.625130156000068 ], [ 26.679819696000038, 36.626981899000043 ], [ 26.690647944000034, 36.628832657000032 ], [ 26.701476710000065, 36.630682430000036 ], [ 26.71230599300003, 36.632531218000054 ], [ 26.723135794000029, 36.634379022000076 ], [ 26.733966112000076, 36.636225840000066 ], [ 26.744796946000065, 36.63807167300007 ], [ 26.755628298000033, 36.639916521000032 ], [ 26.766460165000069, 36.641760384000065 ], [ 26.777292549000038, 36.643603261000067 ], [ 26.788125449000063, 36.645445152000036 ], [ 26.798958864000042, 36.647286058000077 ], [ 26.809792795000078, 36.649125978000029 ], [ 26.820627242000057, 36.650964912000063 ], [ 26.831462203000058, 36.652802860000065 ], [ 26.842297679000069, 36.654639822000036 ], [ 26.853133670000034, 36.656475797000041 ], [ 26.863970176000066, 36.658310786000072 ], [ 26.874807196000063, 36.660144789000071 ], [ 26.885644729000035, 36.661977805000049 ], [ 26.896482777000074, 36.663809834000062 ], [ 26.907321338000031, 36.665640876000055 ], [ 26.918160412000077, 36.667470932000072 ], [ 26.929, 36.6693 ] ] } },
{ "type": "Feature", "properties": { "LonA": 27.0056, "LatA": 36.5526, "LonB": 26.6136, "LatB": 36.3988, "SS_ID": 88.0, "Shape_Leng": 0.42109227061900001 }, "geometry": { "type": "LineString", "coordinates": [ [ 27.0056, 36.5526 ], [ 26.995781117000035, 36.548770765000029 ], [ 26.98596320200005, 36.544940719000067 ], [ 26.97614625600005, 36.541109863000031 ], [ 26.966330278000044, 36.537278196000045 ], [ 26.956515270000068, 36.533445718000053 ], [ 26.946701230000031, 36.529612431000032 ], [ 26.936888158000045, 36.525778333000062 ], [ 26.927076055000043, 36.521943426000064 ], [ 26.917264921000026, 36.518107710000038 ], [ 26.90745475500006, 36.514271184000052 ], [ 26.897645558000079, 36.510433848000048 ], [ 26.887837329000035, 36.506595704000063 ], [ 26.878030069000033, 36.502756751000049 ], [ 26.868223776000036, 36.498916990000055 ], [ 26.85841845300007, 36.495076420000032 ], [ 26.848614097000052, 36.491235042000028 ], [ 26.838810710000075, 36.487392855000053 ], [ 26.829008292000026, 36.483549861000029 ], [ 26.819206841000039, 36.479706060000069 ], [ 26.809406359000036, 36.475861451000071 ], [ 26.799606845000028, 36.472016034000035 ], [ 26.789808299000072, 36.468169811000053 ], [ 26.780010722000043, 36.464322781000078 ], [ 26.770214112000076, 36.460474944000055 ], [ 26.760418471000037, 36.456626300000039 ], [ 26.75062379700006, 36.452776851000067 ], [ 26.740830092000067, 36.448926595000046 ], [ 26.731037355000069, 36.445075533000079 ], [ 26.721245585000077, 36.441223666000042 ], [ 26.711454784000068, 36.437370993000059 ], [ 26.701664950000065, 36.433517514000073 ], [ 26.691876085000047, 36.429663231000063 ], [ 26.682088187000033, 36.425808142000051 ], [ 26.672301257000072, 36.421952249000071 ], [ 26.662515295000048, 36.418095551000079 ], [ 26.652730301000076, 36.414238049000062 ], [ 26.642946274000053, 36.410379743000078 ], [ 26.633163215000025, 36.406520632000024 ], [ 26.623381124000048, 36.40266071800005 ], [ 26.6136, 36.3988 ] ] } },
{ "type": "Feature", "properties": { "LonA": 27.066, "LatA": 36.7235, "LonB": 27.3734, "LatB": 36.8543, "SS_ID": 89.0, "Shape_Leng": 0.33407111327700001 }, "geometry": { "type": "LineString", "coordinates": [ [ 27.066, 36.7235 ], [ 27.075590437000074, 36.727599553000061 ], [ 27.085181893000026, 36.731698330000029 ], [ 27.094774369000049, 36.735796332000064 ], [ 27.104367865000029, 36.739893558000063 ], [ 27.113962380000032, 36.743990007000036 ], [ 27.123557915000049, 36.748085680000031 ], [ 27.133154470000079, 36.752180576000057 ], [ 27.142752045000066, 36.756274695000059 ], [ 27.152350640000066, 36.760368038000024 ], [ 27.161950256000068, 36.764460603000032 ], [ 27.171550891000038, 36.768552390000025 ], [ 27.181152546000078, 36.772643400000049 ], [ 27.190755222000064, 36.776733633000049 ], [ 27.200358918000063, 36.780823087000044 ], [ 27.209963634000076, 36.784911763000025 ], [ 27.219569371000034, 36.788999661000048 ], [ 27.229176129000052, 36.793086780000067 ], [ 27.238783907000027, 36.797173120000025 ], [ 27.248392706000061, 36.801258681000036 ], [ 27.258002525000052, 36.805343463000042 ], [ 27.267613365000045, 36.809427466000045 ], [ 27.277225226000041, 36.813510689000054 ], [ 27.28683810800004, 36.81759313200007 ], [ 27.296452012000032, 36.821674796000025 ], [ 27.306066936000036, 36.825755679000054 ], [ 27.315682881000043, 36.829835782000032 ], [ 27.325299847000053, 36.833915104000027 ], [ 27.334917835000056, 36.83799364500004 ], [ 27.344536844000061, 36.842071406000059 ], [ 27.354156875000058, 36.846148385000049 ], [ 27.363777927000058, 36.850224583000056 ], [ 27.3734, 36.8543 ] ] } },
{ "type": "Feature", "properties": { "LonA": 27.5764, "LatA": 36.8864, "LonB": 27.2739, "LatB": 36.8652, "SS_ID": 90.0, "Shape_Leng": 0.30324204954799999 }, "geometry": { "type": "LineString", "coordinates": [ [ 27.5764, 36.8864 ], [ 27.565593565000029, 36.885656119000032 ], [ 27.554787340000075, 36.884911256000066 ], [ 27.543981325000061, 36.884165410000037 ], [ 27.533175520000043, 36.883418581000058 ], [ 27.522369926000067, 36.882670769000072 ], [ 27.511564542000031, 36.881921975000068 ], [ 27.500759370000026, 36.881172198000058 ], [ 27.489954409000063, 36.880421439000031 ], [ 27.479149660000076, 36.879669697000054 ], [ 27.468345123000063, 36.878916973000059 ], [ 27.457540798000025, 36.878163267000048 ], [ 27.446736686000065, 36.877408578000029 ], [ 27.435932786000023, 36.87665290700005 ], [ 27.42512909900006, 36.875896254000054 ], [ 27.41432562600005, 36.875138618000051 ], [ 27.403522366000061, 36.874380001000077 ], [ 27.392719320000026, 36.873620401000039 ], [ 27.381916488000059, 36.872859819000041 ], [ 27.371113870000045, 36.872098256000072 ], [ 27.360311467000031, 36.871335710000039 ], [ 27.349509279000074, 36.870572182000046 ], [ 27.33870730600006, 36.869807673000025 ], [ 27.327905548000047, 36.869042182000044 ], [ 27.317104006000079, 36.868275709000045 ], [ 27.306302680000044, 36.867508254000029 ], [ 27.295501570000056, 36.866739818000042 ], [ 27.284700677000046, 36.865970400000037 ], [ 27.2739, 36.8652 ] ] } },
{ "type": "Feature", "properties": { "LonA": 22.9534, "LatA": 36.0758, "LonB": 23.2155, "LatB": 35.8137, "SS_ID": 91.0, "Shape_Leng": 0.37066567566000003 }, "geometry": { "type": "LineString", "coordinates": [ [ 22.9534, 36.0758 ], [ 22.960319595000044, 36.068910129000074 ], [ 22.967237984000064, 36.062019852000049 ], [ 22.97415516600006, 36.055129166000029 ], [ 22.981071142000076, 36.048238074000039 ], [ 22.987985913000045, 36.041346576000024 ], [ 22.994899478000036, 36.034454670000059 ], [ 23.001811840000073, 36.027562358000068 ], [ 23.008722997000064, 36.020669640000051 ], [ 23.015632950000054, 36.013776516000064 ], [ 23.022541700000033, 36.006882985000061 ], [ 23.029449248000049, 35.999989049000078 ], [ 23.036355593000053, 35.993094707000068 ], [ 23.043260736000036, 35.986199960000079 ], [ 23.050164678000044, 35.979304808000052 ], [ 23.057067419000077, 35.972409250000055 ], [ 23.063968959000078, 35.965513288000068 ], [ 23.070869299000037, 35.958616920000054 ], [ 23.077768440000057, 35.951720148000049 ], [ 23.084666381000034, 35.944822972000054 ], [ 23.091563123000071, 35.937925391000078 ], [ 23.098458667000045, 35.931027407000045 ], [ 23.105353014000059, 35.924129018000031 ], [ 23.112246162000076, 35.917230225000026 ], [ 23.119138114000066, 35.910331029000076 ], [ 23.126028869000038, 35.903431430000069 ], [ 23.132918429000028, 35.89653142700007 ], [ 23.139806792000059, 35.889631021000071 ], [ 23.14669396000005, 35.88273021200007 ], [ 23.15357993300006, 35.875829001000056 ], [ 23.160464712000078, 35.868927387000042 ], [ 23.167348297000046, 35.862025370000026 ], [ 23.174230689000069, 35.855122951000055 ], [ 23.181111887000043, 35.848220130000072 ], [ 23.18799189300006, 35.841316907000078 ], [ 23.194870707000064, 35.83441328300006 ], [ 23.201748329000054, 35.827509257000031 ], [ 23.208624760000077, 35.820604829000047 ], [ 23.2155, 35.8137 ] ] } },
{ "type": "Feature", "properties": { "LonA": 23.4199, "LatA": 35.8169, "LonB": 23.1643, "LatB": 36.1752, "SS_ID": 92.0, "Shape_Leng": 0.44012572882200002 }, "geometry": { "type": "LineString", "coordinates": [ [ 23.4199, 35.8169 ], [ 23.414367983000034, 35.824695129000077 ], [ 23.408834883000054, 35.832489993000024 ], [ 23.403300701000035, 35.840284592000046 ], [ 23.397765437000032, 35.848078926000028 ], [ 23.392229089000068, 35.855872995000027 ], [ 23.386691657000028, 35.863666799000043 ], [ 23.381153140000038, 35.87146033700003 ], [ 23.375613539000028, 35.879253610000035 ], [ 23.370072853000067, 35.887046617000067 ], [ 23.364531081000052, 35.89483935800007 ], [ 23.35898822200005, 35.902631833000044 ], [ 23.353444277000051, 35.910424043000035 ], [ 23.347899244000075, 35.918215986000064 ], [ 23.342353124000056, 35.926007663000064 ], [ 23.33680591500007, 35.933799074000035 ], [ 23.331257618000052, 35.941590218000044 ], [ 23.325708231000078, 35.949381095000035 ], [ 23.320157755000025, 35.957171706000054 ], [ 23.314606188000027, 35.964962050000054 ], [ 23.309053531000075, 35.972752127000035 ], [ 23.303499783000063, 35.980541936000066 ], [ 23.297944943000061, 35.988331479000067 ], [ 23.292389010000022, 35.99612075400006 ], [ 23.286831986000038, 36.003909762000035 ], [ 23.281273868000028, 36.011698502000058 ], [ 23.275714656000048, 36.019486974000074 ], [ 23.270154350000041, 36.027275178000025 ], [ 23.264592950000065, 36.035063115000071 ], [ 23.259030454000026, 36.042850783000063 ], [ 23.253466863000028, 36.050638183000046 ], [ 23.247902176000025, 36.058425314000033 ], [ 23.242336392000027, 36.066212178000058 ], [ 23.236769511000034, 36.073998772000039 ], [ 23.231201532000057, 36.081785098000069 ], [ 23.225632456000028, 36.089571155000044 ], [ 23.220062281000025, 36.097356943000079 ], [ 23.214491007000049, 36.105142461000071 ], [ 23.208918633000053, 36.112927711000054 ], [ 23.203345159000037, 36.120712691000051 ], [ 23.197770585000058, 36.12849740200005 ], [ 23.192194909000023, 36.136281843000063 ], [ 23.186618133000024, 36.144066014000032 ], [ 23.181040254000038, 36.15184991600006 ], [ 23.175461272000064, 36.159633547000055 ], [ 23.169881188000033, 36.167416909000053 ], [ 23.1643, 36.1752 ] ] } },
{ "type": "Feature", "properties": { "LonA": 23.3466, "LatA": 36.3198, "LonB": 23.5612, "LatB": 36.0899, "SS_ID": 93.0, "Shape_Leng": 0.31449528951700001 }, "geometry": { "type": "LineString", "coordinates": [ [ 23.3466, 36.3198 ], [ 23.353325286000029, 36.312621596000042 ], [ 23.360049340000046, 36.305442805000041 ], [ 23.366772161000029, 36.298263628000029 ], [ 23.373493749000033, 36.291084064000074 ], [ 23.380214107000029, 36.283904114000052 ], [ 23.386933233000036, 36.276723777000029 ], [ 23.393651129000034, 36.269543054000053 ], [ 23.400367794000033, 36.262361945000066 ], [ 23.407083230000069, 36.255180451000058 ], [ 23.413797437000028, 36.247998571000039 ], [ 23.42051041600007, 36.240816306000056 ], [ 23.427222166000035, 36.233633655000062 ], [ 23.433932688000027, 36.226450619000047 ], [ 23.440641984000024, 36.219267199000058 ], [ 23.447350052000047, 36.212083394000047 ], [ 23.454056895000065, 36.204899204000071 ], [ 23.460762511000041, 36.197714629000075 ], [ 23.467466903000059, 36.190529671000036 ], [ 23.474170069000024, 36.183344328000032 ], [ 23.480872012000077, 36.176158602000044 ], [ 23.487572730000068, 36.16897249200008 ], [ 23.494272225000032, 36.161785998000028 ], [ 23.500970498000072, 36.154599121000047 ], [ 23.507667548000029, 36.147411860000034 ], [ 23.514363376000063, 36.140224217000025 ], [ 23.521057982000059, 36.133036190000041 ], [ 23.527751368000054, 36.125847781000061 ], [ 23.534443534000047, 36.118658989000039 ], [ 23.54113447900005, 36.111469815000078 ], [ 23.54782420500004, 36.104280259000063 ], [ 23.554512712000076, 36.097090320000063 ], [ 23.5612, 36.0899 ] ] } },
{ "type": "Feature", "properties": { "LonA": 23.5882, "LatA": 36.0544, "LonB": 24.0494, "LatB": 35.9953, "SS_ID": 94.0, "Shape_Leng": 0.46497154133599999 }, "geometry": { "type": "LineString", "coordinates": [ [ 23.5882, 36.0544 ], [ 23.598933372000033, 36.05304574400003 ], [ 23.609666377000053, 36.051690526000073 ], [ 23.620399013000053, 36.050334348000035 ], [ 23.631131281000023, 36.048977208000053 ], [ 23.641863181000076, 36.04761910700006 ], [ 23.652594711000063, 36.046260046000043 ], [ 23.663325873000076, 36.044900024000071 ], [ 23.67405666600007, 36.043539041000031 ], [ 23.684787089000054, 36.042177097000035 ], [ 23.695517142000028, 36.040814193000074 ], [ 23.706246825000051, 36.039450328000044 ], [ 23.716976138000064, 36.038085503000048 ], [ 23.727705081000067, 36.03671971700004 ], [ 23.738433653000072, 36.035352971000066 ], [ 23.749161855000068, 36.033985265000069 ], [ 23.759889685000076, 36.03261659900005 ], [ 23.770617144000028, 36.031246973000066 ], [ 23.781344231000048, 36.029876388000048 ], [ 23.79207094700007, 36.028504842000075 ], [ 23.802797290000058, 36.027132336000079 ], [ 23.813523262000047, 36.02575887100005 ], [ 23.824248861000058, 36.024384446000056 ], [ 23.834974087000035, 36.023009062000028 ], [ 23.845698941000023, 36.021632718000035 ], [ 23.856423421000045, 36.020255415000065 ], [ 23.867147528000032, 36.018877152000073 ], [ 23.877871261000053, 36.017497931000037 ], [ 23.888594621000038, 36.016117750000035 ], [ 23.899317606000068, 36.014736610000057 ], [ 23.910040217000073, 36.013354511000045 ], [ 23.920762454000055, 36.011971454000047 ], [ 23.931484316000024, 36.010587437000027 ], [ 23.942205803000036, 36.009202462000076 ], [ 23.952926915000035, 36.007816529000024 ], [ 23.963647651000031, 36.006429636000064 ], [ 23.97436801200007, 36.00504178500006 ], [ 23.985087997000051, 36.003652976000069 ], [ 23.995807605000039, 36.002263209000034 ], [ 24.00652683800007, 36.00087248300008 ], [ 24.017245694000053, 35.999480799000025 ], [ 24.027964173000044, 35.99808815800003 ], [ 24.038682275000042, 35.996694558000058 ], [ 24.0494, 35.9953 ] ] } },
{ "type": "Feature", "properties": { "LonA": 24.4698, "LatA": 36.3367, "LonB": 24.9041, "LatB": 36.1953, "SS_ID": 95.0, "Shape_Leng": 0.45673928994700003 }, "geometry": { "type": "LineString", "coordinates": [ [ 24.4698, 36.3367 ], [ 24.479917777000026, 36.333429601000034 ], [ 24.490034708000053, 36.33015834400004 ], [ 24.500150794000035, 36.326886229000024 ], [ 24.51026603300005, 36.323613256000044 ], [ 24.520380426000031, 36.320339425000043 ], [ 24.530493974000024, 36.317064737000067 ], [ 24.540606675000049, 36.313789191000069 ], [ 24.55071853000004, 36.31051278800004 ], [ 24.560829538000064, 36.307235528000035 ], [ 24.570939701000043, 36.303957412000045 ], [ 24.581049017000055, 36.300678438000034 ], [ 24.591157487000032, 36.297398608000037 ], [ 24.601265110000043, 36.294117922000055 ], [ 24.611371887000075, 36.29083638000003 ], [ 24.621477818000074, 36.287553982000077 ], [ 24.631582902000048, 36.284270727000035 ], [ 24.641687139000055, 36.280986618000043 ], [ 24.651790530000028, 36.277701652000076 ], [ 24.661893074000034, 36.274415832000045 ], [ 24.671994771000072, 36.271129156000029 ], [ 24.68209562100003, 36.267841626000063 ], [ 24.692195625000068, 36.264553240000055 ], [ 24.702294782000024, 36.261264 ], [ 24.712393091000024, 36.257973906000075 ], [ 24.722490554000046, 36.254682957000057 ], [ 24.732587170000045, 36.251391154000032 ], [ 24.742682939000076, 36.248098498000047 ], [ 24.752777860000037, 36.244804987000066 ], [ 24.762871935000078, 36.241510623000067 ], [ 24.772965162000048, 36.238215406000052 ], [ 24.783057542000051, 36.234919335000029 ], [ 24.793149075000031, 36.231622412000036 ], [ 24.803239760000054, 36.228324635000035 ], [ 24.813329598000053, 36.225026006000064 ], [ 24.823418589000028, 36.221726524000076 ], [ 24.833506732000046, 36.218426190000059 ], [ 24.843594027000051, 36.215125004000072 ], [ 24.853680475000033, 36.211822966000057 ], [ 24.863766076000047, 36.208520075000024 ], [ 24.873850828000059, 36.205216334000056 ], [ 24.883934733000046, 36.201911740000071 ], [ 24.894017791000067, 36.198606296000037 ], [ 24.9041, 36.1953 ] ] } },
{ "type": "Feature", "properties": { "LonA": 25.1996, "LatA": 36.133, "LonB": 25.6767, "LatB": 36.2964, "SS_ID": 96.0, "Shape_Leng": 0.50430592754500003 }, "geometry": { "type": "LineString", "coordinates": [ [ 25.1996, 36.133 ], [ 25.209730401000058, 36.136496414000078 ], [ 25.21986170100007, 36.13999197000004 ], [ 25.229993900000068, 36.143486666000058 ], [ 25.240126998000051, 36.146980504000055 ], [ 25.25026099400003, 36.150473481000063 ], [ 25.260395889000051, 36.15396559900006 ], [ 25.270531683000058, 36.157456857000057 ], [ 25.280668375000062, 36.160947256000043 ], [ 25.29080596600005, 36.16443679300005 ], [ 25.300944455000035, 36.167925471000046 ], [ 25.311083843000063, 36.171413288000053 ], [ 25.321224129000029, 36.174900244000071 ], [ 25.331365314000038, 36.178386339000042 ], [ 25.341507398000033, 36.18187157400007 ], [ 25.351650379000034, 36.185355946000072 ], [ 25.361794260000067, 36.188839458000075 ], [ 25.37193903800005, 36.192322107000052 ], [ 25.382084715000076, 36.19580389500004 ], [ 25.39223129100003, 36.199284821000049 ], [ 25.402378764000048, 36.202764884000032 ], [ 25.412527136000051, 36.206244085000037 ], [ 25.422676406000051, 36.209722424000063 ], [ 25.432826574000046, 36.213199899000074 ], [ 25.442977641000027, 36.216676512000049 ], [ 25.453129606000061, 36.220152262000056 ], [ 25.463282468000045, 36.223627148000048 ], [ 25.473436229000072, 36.227101170000026 ], [ 25.483590888000037, 36.230574329000035 ], [ 25.493746445000056, 36.23404662400003 ], [ 25.503902900000071, 36.237518055000066 ], [ 25.514060253000025, 36.240988622000032 ], [ 25.524218504000032, 36.24445832400005 ], [ 25.534377653000035, 36.247927162000053 ], [ 25.544537699000045, 36.251395135000053 ], [ 25.554698644000041, 36.254862243000048 ], [ 25.564860486000043, 36.25832848500005 ], [ 25.575023226000042, 36.261793863000037 ], [ 25.585186864000036, 36.26525837500003 ], [ 25.595351400000027, 36.268722021000031 ], [ 25.605516833000024, 36.272184801000037 ], [ 25.615683164000075, 36.27564671500005 ], [ 25.625850393000064, 36.279107762000024 ], [ 25.636018519000061, 36.28256794400005 ], [ 25.646187543000053, 36.286027258000047 ], [ 25.656357465000042, 36.28948570600005 ], [ 25.666528284000037, 36.292943287000071 ], [ 25.6767, 36.2964 ] ] } },
{ "type": "Feature", "properties": { "LonA": 26.4574, "LatA": 36.2194, "LonB": 25.9171, "LatB": 36.0066, "SS_ID": 97.0, "Shape_Leng": 0.58069687504800005 }, "geometry": { "type": "LineString", "coordinates": [ [ 26.4574, 36.2194 ], [ 26.447550336000063, 36.215552771000034 ], [ 26.437701637000032, 36.211704728000029 ], [ 26.427853903000027, 36.207855873000028 ], [ 26.418007132000071, 36.204006205000042 ], [ 26.408161326000027, 36.200155724000069 ], [ 26.398316485000066, 36.196304431000044 ], [ 26.388472608000029, 36.19245232600008 ], [ 26.378629695000029, 36.188599409000062 ], [ 26.368787746000066, 36.184745681000038 ], [ 26.358946762000073, 36.180891141000075 ], [ 26.34910674200006, 36.177035789000058 ], [ 26.339267686000028, 36.173179626000035 ], [ 26.329429594000032, 36.169322653000052 ], [ 26.319592467000064, 36.165464868000072 ], [ 26.309756303000029, 36.161606273000075 ], [ 26.299921104000077, 36.157746868000061 ], [ 26.290086869000049, 36.15388665200004 ], [ 26.280253598000058, 36.150025627000048 ], [ 26.270421290000058, 36.146163792000038 ], [ 26.260589947000028, 36.142301147000069 ], [ 26.250759568000035, 36.138437692000025 ], [ 26.240930152000033, 36.134573428000067 ], [ 26.231101701000057, 36.130708356000071 ], [ 26.221274213000072, 36.126842474000057 ], [ 26.211447689000067, 36.122975784000062 ], [ 26.201622129000043, 36.119108285000038 ], [ 26.191797533000056, 36.115239978000034 ], [ 26.18197390000006, 36.111370863000047 ], [ 26.172151232000033, 36.107500940000079 ], [ 26.162329527000054, 36.103630210000063 ], [ 26.152508785000066, 36.099758671000075 ], [ 26.142689007000058, 36.095886326000027 ], [ 26.132870193000031, 36.092013173000055 ], [ 26.123052342000051, 36.08813921400008 ], [ 26.113235455000051, 36.084264448000056 ], [ 26.103419531000043, 36.08038887500004 ], [ 26.093604571000071, 36.076512495000031 ], [ 26.083790574000034, 36.072635310000067 ], [ 26.073977540000044, 36.068757319000042 ], [ 26.064165470000034, 36.064878522000072 ], [ 26.054354363000073, 36.060998919000042 ], [ 26.044544220000034, 36.057118511000056 ], [ 26.034735040000044, 36.053237297000067 ], [ 26.024926823000044, 36.049355279000054 ], [ 26.015119569000035, 36.045472456000027 ], [ 26.005313278000074, 36.041588828000044 ], [ 25.995507951000036, 36.037704396000038 ], [ 25.985703587000046, 36.033819159000075 ], [ 25.975900185000057, 36.029933118000031 ], [ 25.966097747000049, 36.026046274000066 ], [ 25.956296272000031, 36.022158626000078 ], [ 25.946495759000072, 36.018270174000065 ], [ 25.936696210000036, 36.014380919000075 ], [ 25.926897624000048, 36.010490861000051 ], [ 25.9171, 36.0066 ] ] } },
{ "type": "Feature", "properties": { "LonA": 27.1374, "LatA": 36.2088, "LonB": 27.0261, "LatB": 35.7454, "SS_ID": 98.0, "Shape_Leng": 0.47657883953199998 }, "geometry": { "type": "LineString", "coordinates": [ [ 27.1374, 36.2088 ], [ 27.135287901000027, 36.200057896000033 ], [ 27.133176272000071, 36.191315742000029 ], [ 27.131065111000055, 36.182573538000042 ], [ 27.128954420000071, 36.173831284000073 ], [ 27.126844198000072, 36.165088979000075 ], [ 27.124734445000058, 36.156346625000026 ], [ 27.122625160000041, 36.147604221000051 ], [ 27.120516343000077, 36.138861767000037 ], [ 27.118407993000062, 36.13011926300004 ], [ 27.116300112000033, 36.12137671000005 ], [ 27.114192697000078, 36.11263410600003 ], [ 27.112085750000062, 36.103891452000028 ], [ 27.109979270000053, 36.095148749000032 ], [ 27.107873256000062, 36.086405996000053 ], [ 27.10576770800003, 36.077663193000035 ], [ 27.103662627000062, 36.068920340000034 ], [ 27.101558012000055, 36.060177438000039 ], [ 27.099453862000075, 36.051434486000062 ], [ 27.097350177000067, 36.042691484000045 ], [ 27.095246957000029, 36.033948432000045 ], [ 27.093144203000065, 36.025205331000052 ], [ 27.091041913000026, 36.016462180000076 ], [ 27.088940087000026, 36.00771898000005 ], [ 27.086838725000064, 35.998975730000041 ], [ 27.084737827000026, 35.990232430000049 ], [ 27.082637393000027, 35.981489081000063 ], [ 27.080537422000077, 35.972745683000028 ], [ 27.078437914000062, 35.964002234000077 ], [ 27.076338870000029, 35.955258737000065 ], [ 27.074240287000066, 35.946515190000071 ], [ 27.072142167000038, 35.937771593000036 ], [ 27.07004450900007, 35.929027947000066 ], [ 27.067947313000047, 35.920284251000055 ], [ 27.065850579000028, 35.911540507000041 ], [ 27.063754306000078, 35.902796712000054 ], [ 27.061658494000028, 35.894052869000063 ], [ 27.059563142000059, 35.885308976000033 ], [ 27.057468252000035, 35.876565034000066 ], [ 27.055373822000035, 35.867821043000049 ], [ 27.05327985200006, 35.859077002000049 ], [ 27.051186342000051, 35.850332912000056 ], [ 27.049093291000077, 35.841588773000069 ], [ 27.047000700000069, 35.832844585000032 ], [ 27.044908568000039, 35.824100347000069 ], [ 27.042816895000044, 35.815356060000056 ], [ 27.040725680000037, 35.806611725000039 ], [ 27.038634924000064, 35.797867340000039 ], [ 27.036544626000023, 35.789122906000046 ], [ 27.034454786000026, 35.780378423000059 ], [ 27.032365404000075, 35.771633890000032 ], [ 27.030276479000065, 35.762889309000059 ], [ 27.028188011000054, 35.754144679000035 ], [ 27.0261, 35.7454 ] ] } },
{ "type": "Feature", "properties": { "LonA": 27.6904, "LatA": 36.1782, "LonB": 27.3145, "LatB": 36.0028, "SS_ID": 99.0, "Shape_Leng": 0.41480867120699999 }, "geometry": { "type": "LineString", "coordinates": [ [ 27.6904, 36.1782 ], [ 27.680982129000029, 36.173829458000057 ], [ 27.671565305000058, 36.169458171000031 ], [ 27.662149526000064, 36.165086141000074 ], [ 27.652734793000036, 36.160713367000028 ], [ 27.64332110600003, 36.156339850000052 ], [ 27.633908464000058, 36.151965590000032 ], [ 27.624496868000051, 36.147590587000025 ], [ 27.615086317000078, 36.143214841000031 ], [ 27.605676811000023, 36.13883835300004 ], [ 27.596268351000049, 36.134461122000062 ], [ 27.586860936000051, 36.130083149000029 ], [ 27.577454565000039, 36.125704434000056 ], [ 27.56804924000005, 36.121324978000075 ], [ 27.558644959000048, 36.11694478000004 ], [ 27.549241722000033, 36.112563840000064 ], [ 27.539839531000041, 36.108182160000069 ], [ 27.530438383000046, 36.103799738000077 ], [ 27.521038280000027, 36.099416576000067 ], [ 27.511639221000053, 36.095032673000048 ], [ 27.502241207000054, 36.090648030000068 ], [ 27.492844236000053, 36.086262647000069 ], [ 27.483448309000039, 36.081876524000052 ], [ 27.474053426000069, 36.077489661000072 ], [ 27.464659586000039, 36.073102058000075 ], [ 27.455266790000053, 36.068713716000047 ], [ 27.445875037000064, 36.064324635000048 ], [ 27.436484328000063, 36.059934815000076 ], [ 27.427094662000059, 36.055544256000076 ], [ 27.417706039000052, 36.051152959000035 ], [ 27.408318459000043, 36.046760923000079 ], [ 27.398931922000031, 36.042368149000026 ], [ 27.389546428000074, 36.037974638000037 ], [ 27.380161976000068, 36.033580388000075 ], [ 27.370778567000059, 36.029185401000063 ], [ 27.361396200000058, 36.024789676000069 ], [ 27.352014876000055, 36.02039321500007 ], [ 27.34263459400006, 36.015996016000031 ], [ 27.333255354000073, 36.011598080000056 ], [ 27.323877156000037, 36.007199408000076 ], [ 27.3145, 36.0028 ] ] } },
{ "type": "Feature", "properties": { "LonA": 27.0973, "LatA": 35.6757, "LonB": 26.6948, "LatB": 35.4379, "SS_ID": 100.0, "Shape_Leng": 0.46749926155 }, "geometry": { "type": "LineString", "coordinates": [ [ 27.0973, 35.6757 ], [ 27.08852468200007, 35.67054485500006 ], [ 27.079750493000063, 35.665389066000046 ], [ 27.070977432000063, 35.660232634000067 ], [ 27.062205499000072, 35.655075558000078 ], [ 27.053434694000032, 35.649917839000068 ], [ 27.044665017000057, 35.644759477000036 ], [ 27.035896466000054, 35.639600472000041 ], [ 27.027129043000059, 35.63444082400008 ], [ 27.018362747000026, 35.629280534000031 ], [ 27.009597578000069, 35.624119601000075 ], [ 27.000833535000027, 35.618958027000076 ], [ 26.992070618000071, 35.613795811000045 ], [ 26.98330882700003, 35.60863295300004 ], [ 26.974548162000076, 35.603469453000059 ], [ 26.965788623000037, 35.598305313000026 ], [ 26.957030209000038, 35.593140531000074 ], [ 26.948272920000079, 35.58797510900007 ], [ 26.939516757000035, 35.582809046000079 ], [ 26.930761718000042, 35.577642342000047 ], [ 26.922007803000042, 35.572474998000075 ], [ 26.913255013000025, 35.56730701500004 ], [ 26.90450334600007, 35.562138391000076 ], [ 26.89575280400004, 35.556969128000048 ], [ 26.887003385000071, 35.551799225000025 ], [ 26.878255090000039, 35.546628683000051 ], [ 26.869507917000078, 35.541457503000061 ], [ 26.860761868000054, 35.536285683000074 ], [ 26.852016942000034, 35.53111322500007 ], [ 26.843273138000029, 35.525940128000059 ], [ 26.834530456000039, 35.520766393000031 ], [ 26.825788896000063, 35.515592020000042 ], [ 26.817048458000045, 35.510417009000037 ], [ 26.808309142000041, 35.50524136100006 ], [ 26.799570947000063, 35.500065075000066 ], [ 26.790833874000043, 35.494888152000044 ], [ 26.782097921000059, 35.489710592000051 ], [ 26.773363089000043, 35.484532395000031 ], [ 26.764629378000052, 35.479353562000028 ], [ 26.75589678700004, 35.474174092000055 ], [ 26.747165316000064, 35.468993986000044 ], [ 26.738434965000067, 35.46381324400005 ], [ 26.729705734000049, 35.458631866000076 ], [ 26.720977622000078, 35.453449852000062 ], [ 26.712250629000039, 35.448267203000057 ], [ 26.703524755000046, 35.44308391900006 ], [ 26.6948, 35.4379 ] ] } },
{ "type": "Feature", "properties": { "LonA": 26.598, "LatA": 35.6559, "LonB": 26.1274, "LatB": 35.5242, "SS_ID": 101.0, "Shape_Leng": 0.48868154113200002 }, "geometry": { "type": "LineString", "coordinates": [ [ 26.598, 35.6559 ], [ 26.587753190000058, 35.653056551000077 ], [ 26.577507106000041, 35.650212228000044 ], [ 26.567261749000068, 35.64736703300008 ], [ 26.557017119000079, 35.644520965000027 ], [ 26.54677321500003, 35.641674024000054 ], [ 26.536530038000024, 35.638826211000037 ], [ 26.526287588000059, 35.635977525000044 ], [ 26.516045865000024, 35.633127968000053 ], [ 26.505804869000031, 35.63027753800003 ], [ 26.495564600000023, 35.627426236000076 ], [ 26.485325058000058, 35.624574063000068 ], [ 26.475086244000067, 35.621721018000073 ], [ 26.464848157000063, 35.618867102000024 ], [ 26.454610798000033, 35.616012314000045 ], [ 26.444374166000046, 35.613156656000058 ], [ 26.434138262000033, 35.610300126000027 ], [ 26.423903086000053, 35.607442726000045 ], [ 26.413668638000047, 35.604584455000065 ], [ 26.403434918000073, 35.601725313000031 ], [ 26.393201926000074, 35.598865301000046 ], [ 26.38296966200005, 35.596004419000053 ], [ 26.372738127000048, 35.593142667000052 ], [ 26.362507320000077, 35.590280045000043 ], [ 26.352277241000024, 35.587416553000025 ], [ 26.34204789100005, 35.584552192000046 ], [ 26.33181926900005, 35.581686961000059 ], [ 26.321591377000061, 35.578820861000054 ], [ 26.311364213000047, 35.57595389200003 ], [ 26.301137778000054, 35.573086054000044 ], [ 26.290912072000026, 35.570217347000039 ], [ 26.280687095000076, 35.567347771000072 ], [ 26.270462848000022, 35.564477327000077 ], [ 26.260239330000047, 35.561606015000052 ], [ 26.250016541000036, 35.558733834000066 ], [ 26.239794481000047, 35.55586078500005 ], [ 26.229573152000057, 35.552986868000062 ], [ 26.219352551000043, 35.550112084000034 ], [ 26.209132681000028, 35.547236432000034 ], [ 26.198913540000035, 35.544359912000061 ], [ 26.188695130000042, 35.541482526000038 ], [ 26.17847744900007, 35.538604272000043 ], [ 26.168260499000041, 35.535725151000065 ], [ 26.158044279000023, 35.532845163000047 ], [ 26.147828789000073, 35.529964308000046 ], [ 26.137614029000076, 35.527082587000052 ], [ 26.1274, 35.5242 ] ] } },
{ "type": "Feature", "properties": { "LonA": 25.7418, "LatA": 35.7675, "LonB": 25.3881, "LatB": 35.7475, "SS_ID": 102.0, "Shape_Leng": 0.35426512884099998 }, "geometry": { "type": "LineString", "coordinates": [ [ 25.7418, 35.7675 ], [ 25.731079238000063, 35.766909223000027 ], [ 25.720358635000025, 35.766317491000052 ], [ 25.709638190000078, 35.765724804000058 ], [ 25.69891790500003, 35.765131160000067 ], [ 25.688197779000063, 35.764536562000046 ], [ 25.677477813000053, 35.763941007000028 ], [ 25.666758006000066, 35.763344498000038 ], [ 25.656038360000025, 35.76274703200005 ], [ 25.645318875000044, 35.762148612000033 ], [ 25.634599550000075, 35.761549236000064 ], [ 25.623880386000053, 35.760948905000078 ], [ 25.613161383000033, 35.760347619000072 ], [ 25.602442542000063, 35.759745377000058 ], [ 25.591723862000038, 35.759142180000026 ], [ 25.581005344000062, 35.758538028000032 ], [ 25.570286988000078, 35.757932921000076 ], [ 25.559568795000075, 35.757326859000045 ], [ 25.548850765000054, 35.756719841000063 ], [ 25.538132897000025, 35.756111869000051 ], [ 25.527415193000024, 35.755502942000078 ], [ 25.516697652000062, 35.754893060000029 ], [ 25.50598027500007, 35.754282223000075 ], [ 25.495263062000049, 35.753670431000046 ], [ 25.484546012000067, 35.753057684000055 ], [ 25.473829128000034, 35.752443982000045 ], [ 25.463112408000029, 35.751829326000063 ], [ 25.452395853000041, 35.751213714000073 ], [ 25.441679463000071, 35.750597149000043 ], [ 25.430963238000061, 35.749979628000062 ], [ 25.420247180000047, 35.749361153000052 ], [ 25.40953128700005, 35.74874172300008 ], [ 25.39881556000006, 35.748121339000079 ], [ 25.3881, 35.7475 ] ] } },
{ "type": "Feature", "properties": { "LonA": 23.5573, "LatA": 38.2786, "LonB": 23.3098, "LatB": 38.2078, "SS_ID": 103.0, "Shape_Leng": 0.25742751117099999 }, "geometry": { "type": "LineString", "coordinates": [ [ 23.5573, 38.2786 ], [ 23.546977919000028, 38.275660445000028 ], [ 23.53665667100006, 38.272719980000034 ], [ 23.526336255000047, 38.269778605000056 ], [ 23.516016671000045, 38.266836322000074 ], [ 23.505697921000035, 38.263893130000042 ], [ 23.495380003000037, 38.260949029000074 ], [ 23.48506291800004, 38.258004019000055 ], [ 23.474746666000044, 38.255058101000031 ], [ 23.46443124700005, 38.252111275000061 ], [ 23.454116661000057, 38.24916354000004 ], [ 23.443802908000066, 38.246214898000062 ], [ 23.433489989000066, 38.243265347000033 ], [ 23.423177903000067, 38.240314890000036 ], [ 23.412866651000058, 38.237363524000045 ], [ 23.402556233000041, 38.234411252000029 ], [ 23.392246648000025, 38.231458072000066 ], [ 23.381937898000047, 38.228503986000078 ], [ 23.371629981000069, 38.225548992000029 ], [ 23.361322898000026, 38.222593093000057 ], [ 23.351016650000076, 38.219636286000025 ], [ 23.340711236000061, 38.216678574000071 ], [ 23.330406656000036, 38.213719955000045 ], [ 23.320102911000049, 38.21076043000005 ], [ 23.3098, 38.2078 ] ] } },
{ "type": "Feature", "properties": { "LonA": 22.9831, "LatA": 38.2658, "LonB": 23.298, "LatB": 38.3138, "SS_ID": 104.0, "Shape_Leng": 0.31853740312500001 }, "geometry": { "type": "LineString", "coordinates": [ [ 22.9831, 38.2658 ], [ 22.993951700000025, 38.26746924300005 ], [ 23.004803896000055, 38.26913748100003 ], [ 23.015656589000059, 38.270804715000054 ], [ 23.026509777000058, 38.272470946000055 ], [ 23.03736346200003, 38.274136171000066 ], [ 23.048217642000054, 38.275800392000065 ], [ 23.059072318000062, 38.277463609000051 ], [ 23.069927488000076, 38.279125821000036 ], [ 23.080783154000073, 38.280787028000077 ], [ 23.091639314000076, 38.282447230000059 ], [ 23.102495968000028, 38.28410642700004 ], [ 23.113353117000031, 38.285764619000076 ], [ 23.12421075900005, 38.287421806000054 ], [ 23.135068895000074, 38.289077988000031 ], [ 23.145927524000058, 38.290733164000073 ], [ 23.156786647000047, 38.292387334000068 ], [ 23.167646262000062, 38.294040499000062 ], [ 23.178506370000036, 38.295692658000064 ], [ 23.189366971000027, 38.297343812000065 ], [ 23.200228063000054, 38.298993959000029 ], [ 23.211089647000051, 38.300643100000059 ], [ 23.221951723000075, 38.302291235000041 ], [ 23.232814291000068, 38.303938364000032 ], [ 23.243677349000052, 38.305584487000033 ], [ 23.254540899000062, 38.307229603000053 ], [ 23.265404939000064, 38.308873712000036 ], [ 23.276269469000056, 38.310516815000028 ], [ 23.287134490000028, 38.31215891100004 ], [ 23.298, 38.3138 ] ] } },
{ "type": "Feature", "properties": { "LonA": 23.044, "LatA": 38.1586, "LonB": 23.2621, "LatB": 38.2576, "SS_ID": 105.0, "Shape_Leng": 0.239517517993 }, "geometry": { "type": "LineString", "coordinates": [ [ 23.044, 38.1586 ], [ 23.05347032700007, 38.162912800000072 ], [ 23.062941770000066, 38.167224833000034 ], [ 23.072414329000026, 38.171536099000036 ], [ 23.081888004000064, 38.175846597000032 ], [ 23.091362795000066, 38.180156328000066 ], [ 23.100838702000033, 38.184465291000038 ], [ 23.110315726000067, 38.188773486000059 ], [ 23.119793865000076, 38.193080913000074 ], [ 23.129273122000029, 38.197387572000025 ], [ 23.13875349500006, 38.201693462000037 ], [ 23.148234984000055, 38.205998584000042 ], [ 23.157717591000051, 38.210302936000062 ], [ 23.167201314000067, 38.214606519000029 ], [ 23.176686154000038, 38.218909333000056 ], [ 23.186172112000065, 38.223211377000041 ], [ 23.195659186000057, 38.22751265100004 ], [ 23.205147378000049, 38.231813156000044 ], [ 23.214636688000041, 38.236112890000072 ], [ 23.224127115000044, 38.240411854000058 ], [ 23.233618659000058, 38.244710047000069 ], [ 23.243111322000061, 38.249007469000048 ], [ 23.252605102000075, 38.253304120000053 ], [ 23.2621, 38.2576 ] ] } },
{ "type": "Feature", "properties": { "LonA": 23.2785, "LatA": 38.0875, "LonB": 22.854, "LatB": 38.0165, "SS_ID": 106.0, "Shape_Leng": 0.430396882175 }, "geometry": { "type": "LineString", "coordinates": [ [ 23.2785, 38.0875 ], [ 23.267605168000046, 38.085698660000048 ], [ 23.256710871000053, 38.083896310000057 ], [ 23.245817109000029, 38.082092949000071 ], [ 23.234923882000032, 38.080288578000079 ], [ 23.224031191000051, 38.078483196000036 ], [ 23.21313903500004, 38.076676805000034 ], [ 23.202247416000034, 38.074869404000026 ], [ 23.191356332000055, 38.07306099300007 ], [ 23.180465785000024, 38.071251572000051 ], [ 23.169575775000055, 38.069441141000027 ], [ 23.158686302000035, 38.067629701000044 ], [ 23.147797365000031, 38.065817252000045 ], [ 23.136908967000068, 38.06400379400003 ], [ 23.126021105000063, 38.062189326000066 ], [ 23.115133782000044, 38.06037384900003 ], [ 23.104246997000075, 38.05855736400008 ], [ 23.093360750000045, 38.056739869000069 ], [ 23.082475042000056, 38.054921366000031 ], [ 23.07158987300005, 38.053101855000079 ], [ 23.06070524200004, 38.051281334000066 ], [ 23.04982115100006, 38.049459806000073 ], [ 23.038937600000054, 38.047637269000063 ], [ 23.028054588000032, 38.045813725000073 ], [ 23.01717211600004, 38.043989172000067 ], [ 23.006290184000022, 38.042163611000035 ], [ 22.995408793000024, 38.040337043000079 ], [ 22.984527943000046, 38.03850946700004 ], [ 22.973647634000031, 38.036680883000031 ], [ 22.962767865000046, 38.034851292000042 ], [ 22.95188863900006, 38.033020694000072 ], [ 22.941009954000037, 38.031189089000065 ], [ 22.930131810000034, 38.029356476000032 ], [ 22.91925420900003, 38.027522856000076 ], [ 22.908377150000035, 38.025688230000071 ], [ 22.897500634000039, 38.02385259700003 ], [ 22.886624661000042, 38.022015957000065 ], [ 22.875749230000054, 38.020178311000052 ], [ 22.864874343000054, 38.018339659000048 ], [ 22.854, 38.0165 ] ] } },
{ "type": "Feature", "properties": { "LonA": 23.1293, "LatA": 37.9802, "LonB": 23.4016, "LatB": 37.9576, "SS_ID": 107.0, "Shape_Leng": 0.27323631584300001 }, "geometry": { "type": "LineString", "coordinates": [ [ 23.1293, 37.9802 ], [ 23.140195192000078, 37.979308106000076 ], [ 23.151090121000038, 37.978415203000054 ], [ 23.161984785000072, 37.977521290000027 ], [ 23.172879185000056, 37.97662636900003 ], [ 23.183773320000057, 37.975730438000028 ], [ 23.194667190000075, 37.974833498000066 ], [ 23.205560795000054, 37.973935549000032 ], [ 23.216454135000049, 37.973036592000028 ], [ 23.227347208000026, 37.972136625000076 ], [ 23.238240016000077, 37.97123565000004 ], [ 23.249132557000053, 37.970333665000055 ], [ 23.260024831000067, 37.969430673000033 ], [ 23.270916838000062, 37.968526671000063 ], [ 23.281808578000039, 37.967621661000067 ], [ 23.292700051000054, 37.966715642000054 ], [ 23.303591256000061, 37.965808615000071 ], [ 23.314482192000071, 37.964900580000062 ], [ 23.325372861000062, 37.963991536000037 ], [ 23.336263260000067, 37.963081484000043 ], [ 23.347153391000063, 37.962170424000078 ], [ 23.358043252000073, 37.961258355000041 ], [ 23.368932844000028, 37.960345278000034 ], [ 23.379822166000054, 37.959431194000047 ], [ 23.390711218000035, 37.958516101000043 ], [ 23.4016, 37.9576 ] ] } },
{ "type": "Feature", "properties": { "LonA": 23.1029, "LatA": 37.8438, "LonB": 22.8367, "LatB": 37.7952, "SS_ID": 108.0, "Shape_Leng": 0.270600139844 }, "geometry": { "type": "LineString", "coordinates": [ [ 23.1029, 37.8438 ], [ 23.092245307000042, 37.84186756400004 ], [ 23.081591171000071, 37.839934163000066 ], [ 23.070937591000074, 37.837999797000066 ], [ 23.060284567000053, 37.836064468000075 ], [ 23.049632100000053, 37.834128174000057 ], [ 23.038980190000075, 37.832190916000059 ], [ 23.028328837000061, 37.83025269400008 ], [ 23.017678042000057, 37.828313508000065 ], [ 23.007027804000074, 37.826373359000058 ], [ 22.996378124000046, 37.824432246000072 ], [ 22.985729002000028, 37.822490170000037 ], [ 22.975080438000077, 37.82054713000008 ], [ 22.96443243300007, 37.818603127000074 ], [ 22.953784986000073, 37.816658161000078 ], [ 22.943138098000077, 37.814712232000034 ], [ 22.932491769000023, 37.812765339000066 ], [ 22.921846, 37.81081748500003 ], [ 22.911200789000077, 37.80886866700007 ], [ 22.900556139000059, 37.806918887000052 ], [ 22.889912048000042, 37.804968145000032 ], [ 22.879268517000071, 37.803016440000079 ], [ 22.868625547000079, 37.801063773000067 ], [ 22.857983137000076, 37.799110144000053 ], [ 22.847341288000052, 37.797155553000039 ], [ 22.8367, 37.7952 ] ] } },
{ "type": "Feature", "properties": { "LonA": 22.4059, "LatA": 38.4864, "LonB": 22.7162, "LatB": 38.4864, "SS_ID": 109.0, "Shape_Leng": 0.31030009061699998 }, "geometry": { "type": "LineString", "coordinates": [ [ 22.4059, 38.4864 ], [ 22.416982124000072, 38.486414155000034 ], [ 22.42806425200007, 38.486427261000074 ], [ 22.439146384000026, 38.486439318000066 ], [ 22.450228520000053, 38.486450327000057 ], [ 22.461310659000048, 38.486460288000046 ], [ 22.472392801000069, 38.486469200000045 ], [ 22.483474945000069, 38.486477064000042 ], [ 22.494557091000047, 38.486483879000048 ], [ 22.50563924000005, 38.486489645000063 ], [ 22.516721390000043, 38.486494363000077 ], [ 22.527803541000026, 38.486498033000032 ], [ 22.538885694000044, 38.486500654000054 ], [ 22.549967847000062, 38.486502227000074 ], [ 22.56105, 38.486502751000046 ], [ 22.572132153000041, 38.486502227000074 ], [ 22.583214306000059, 38.486500654000054 ], [ 22.594296459000077, 38.486498033000032 ], [ 22.605378610000059, 38.486494363000077 ], [ 22.616460760000052, 38.486489645000063 ], [ 22.627542909000056, 38.486483879000048 ], [ 22.638625055000034, 38.486477064000042 ], [ 22.649707199000034, 38.486469200000045 ], [ 22.660789341000054, 38.486460288000046 ], [ 22.67187148000005, 38.486450327000057 ], [ 22.682953616000077, 38.486439318000066 ], [ 22.694035748000033, 38.486427261000074 ], [ 22.705117876000031, 38.486414155000034 ], [ 22.7162, 38.4864 ] ] } },
{ "type": "Feature", "properties": { "LonA": 22.7138, "LatA": 38.1231, "LonB": 22.2525, "LatB": 38.1549, "SS_ID": 110.0, "Shape_Leng": 0.46239508044700001 }, "geometry": { "type": "LineString", "coordinates": [ [ 22.7138, 38.1231 ], [ 22.702553586000079, 38.123897158000034 ], [ 22.691306927000028, 38.124693239000067 ], [ 22.680060024000056, 38.125488244000053 ], [ 22.66881287800004, 38.12628217200006 ], [ 22.657565488000046, 38.127075022000042 ], [ 22.646317855000063, 38.127866796000035 ], [ 22.635069979000036, 38.128657493000048 ], [ 22.623821861000067, 38.129447113000026 ], [ 22.612573500000053, 38.130235656000025 ], [ 22.60132489800003, 38.131023121000055 ], [ 22.590076054000065, 38.131809510000039 ], [ 22.578826968000044, 38.132594821000055 ], [ 22.56757764200006, 38.133379055000034 ], [ 22.556328076000057, 38.134162211000046 ], [ 22.545078269000044, 38.134944290000078 ], [ 22.533828222000068, 38.135725292000075 ], [ 22.522577935000072, 38.136505216000046 ], [ 22.511327409000046, 38.137284062000049 ], [ 22.500076645000036, 38.138061831000073 ], [ 22.488825641000062, 38.138838522000071 ], [ 22.477574399000048, 38.139614135000045 ], [ 22.466322919000049, 38.140388671000039 ], [ 22.455071202000056, 38.141162129000065 ], [ 22.443819247000079, 38.141934509000066 ], [ 22.43256705500005, 38.142705811000042 ], [ 22.421314626000026, 38.143476035000049 ], [ 22.410061961000054, 38.144245181000031 ], [ 22.39880905900003, 38.145013249000044 ], [ 22.387555922000047, 38.145780238000043 ], [ 22.376302549000059, 38.146546150000063 ], [ 22.365048941000055, 38.147310983000068 ], [ 22.353795099000024, 38.148074738000048 ], [ 22.342541022000034, 38.14883741400007 ], [ 22.331286710000029, 38.149599013000056 ], [ 22.320032165000043, 38.150359532000039 ], [ 22.308777386000031, 38.151118973000052 ], [ 22.297522374000039, 38.151877336000041 ], [ 22.286267129000066, 38.152634620000072 ], [ 22.275011652000046, 38.153390825000031 ], [ 22.263755942000046, 38.154145952000079 ], [ 22.2525, 38.1549 ] ] } },
{ "type": "Feature", "properties": { "LonA": 22.3636, "LatA": 38.1628, "LonB": 21.9718, "LatB": 38.2282, "SS_ID": 111.0, "Shape_Leng": 0.39722105248099998 }, "geometry": { "type": "LineString", "coordinates": [ [ 22.3636, 38.1628 ], [ 22.352726154000038, 38.164634319000072 ], [ 22.341851762000033, 38.166467631000046 ], [ 22.33097682600004, 38.16829993500005 ], [ 22.320101346000058, 38.170131232000074 ], [ 22.309225322000032, 38.171961521000071 ], [ 22.298348754000074, 38.173790802000042 ], [ 22.287471642000071, 38.175619075000043 ], [ 22.276593987000069, 38.177446340000074 ], [ 22.265715789000069, 38.179272597000079 ], [ 22.25483704800007, 38.181097845000068 ], [ 22.243957764000072, 38.18292208500003 ], [ 22.233077938000065, 38.184745316000033 ], [ 22.222197569000059, 38.186567539000066 ], [ 22.211316659000033, 38.188388753000027 ], [ 22.200435207000055, 38.190208958000028 ], [ 22.189553214000057, 38.19202815400007 ], [ 22.178670679000049, 38.19384634100004 ], [ 22.167787603000022, 38.19566351800006 ], [ 22.156903986000032, 38.197479686000065 ], [ 22.146019829000068, 38.199294845000054 ], [ 22.135135132000073, 38.201108994000037 ], [ 22.124249895000048, 38.202922134000062 ], [ 22.11336411700006, 38.204734263000034 ], [ 22.102477801000077, 38.206545383000048 ], [ 22.091590945000064, 38.208355492000067 ], [ 22.080703549000077, 38.21016459100008 ], [ 22.069815615000039, 38.211972681000077 ], [ 22.058927143000062, 38.213779759000033 ], [ 22.048038132000045, 38.215585827000041 ], [ 22.037148582000043, 38.217390885000043 ], [ 22.026258495000036, 38.21919493200005 ], [ 22.015367871000024, 38.220997967000073 ], [ 22.004476709000073, 38.222799992000034 ], [ 21.993585009000071, 38.224601006000057 ], [ 21.982692773000053, 38.226401009000028 ], [ 21.9718, 38.2282 ] ] } },
{ "type": "Feature", "properties": { "LonA": 22.2541, "LatA": 38.2312, "LonB": 21.9834, "LatB": 38.2686, "SS_ID": 112.0, "Shape_Leng": 0.27327145091100002 }, "geometry": { "type": "LineString", "coordinates": [ [ 22.2541, 38.2312 ], [ 22.243277339000031, 38.232707989000062 ], [ 22.23245423000003, 38.234214979000058 ], [ 22.221630676000075, 38.235720971000035 ], [ 22.210806675000072, 38.237225964000061 ], [ 22.199982227000078, 38.238729959000068 ], [ 22.189157334000072, 38.240232955000067 ], [ 22.178331996000054, 38.241734952000058 ], [ 22.167506212000035, 38.243235950000042 ], [ 22.15667998300006, 38.244735950000063 ], [ 22.145853309000074, 38.24623495000003 ], [ 22.135026191000065, 38.247732951000046 ], [ 22.124198628000045, 38.249229953000054 ], [ 22.113370622000048, 38.250725955000064 ], [ 22.102542171000039, 38.252220958000066 ], [ 22.091713277000053, 38.25371496200006 ], [ 22.080883940000035, 38.255207965000068 ], [ 22.070054160000041, 38.256699969000067 ], [ 22.05922393700007, 38.258190974000058 ], [ 22.048393272000055, 38.259680978000063 ], [ 22.037562164000065, 38.261169982000069 ], [ 22.02673061400003, 38.262657986000079 ], [ 22.015898622000066, 38.264144990000034 ], [ 22.005066189000047, 38.265630994000048 ], [ 21.994233315000031, 38.267115997000076 ], [ 21.9834, 38.2686 ] ] } },
{ "type": "Feature", "properties": { "LonA": 21.6024, "LatA": 38.5206, "LonB": 21.295, "LatB": 38.5544, "SS_ID": 113.0, "Shape_Leng": 0.30925274108400003 }, "geometry": { "type": "LineString", "coordinates": [ [ 21.6024, 38.5206 ], [ 21.591426399000056, 38.521821038000041 ], [ 21.580452428000058, 38.523041048000039 ], [ 21.569478086000061, 38.524260029000061 ], [ 21.558503374000054, 38.525477982000041 ], [ 21.547528292000038, 38.526694905000056 ], [ 21.536552841000059, 38.527910800000029 ], [ 21.525577020000071, 38.529125665000038 ], [ 21.514600831000052, 38.530339502000061 ], [ 21.503624272000025, 38.531552309000062 ], [ 21.492647346000069, 38.532764087000032 ], [ 21.481670051000037, 38.533974836000027 ], [ 21.470692389000078, 38.535184555000058 ], [ 21.459714359000031, 38.536393245000056 ], [ 21.448735962000057, 38.537600905000033 ], [ 21.437757198000043, 38.538807536000036 ], [ 21.426778067000043, 38.540013136000027 ], [ 21.41579856900006, 38.541217708000033 ], [ 21.404818706000071, 38.542421249000029 ], [ 21.393838477000031, 38.54362376000006 ], [ 21.382857882000053, 38.544825241000069 ], [ 21.371876922000069, 38.546025692000057 ], [ 21.36089559800007, 38.547225113000025 ], [ 21.349913908000076, 38.548423504000027 ], [ 21.338931854000066, 38.549620864000076 ], [ 21.32794943600004, 38.550817194000047 ], [ 21.316966654000055, 38.552012493000063 ], [ 21.305983509000043, 38.553206762000059 ], [ 21.295, 38.5544 ] ] } },
{ "type": "Feature", "properties": { "LonA": 20.7787, "LatA": 40.0746, "LonB": 20.5829, "LatB": 39.9194, "SS_ID": 120.0, "Shape_Leng": 0.249849424677 }, "geometry": { "type": "LineString", "coordinates": [ [ 20.7787, 40.0746 ], [ 20.770850959000029, 40.068398441000056 ], [ 20.763003342000047, 40.062196343000039 ], [ 20.755157147000034, 40.055993707000027 ], [ 20.747312376000025, 40.049790533000078 ], [ 20.739469026000052, 40.043586822000066 ], [ 20.731627098000047, 40.037382573000059 ], [ 20.723786592000067, 40.031177786000057 ], [ 20.715947506000077, 40.02497246300004 ], [ 20.708109841000066, 40.018766603000074 ], [ 20.700273595000056, 40.012560206000046 ], [ 20.692438769000034, 40.006353273000059 ], [ 20.68460536200007, 40.000145803000066 ], [ 20.676773374000049, 39.993937798000047 ], [ 20.668942804000039, 39.987729257000069 ], [ 20.661113651000051, 39.981520180000075 ], [ 20.653285916000073, 39.975310568000054 ], [ 20.64545959700007, 39.969100420000075 ], [ 20.637634695000031, 39.962889738000058 ], [ 20.629811209000025, 39.956678521000072 ], [ 20.62198913800006, 39.950466769000059 ], [ 20.614168482000025, 39.944254483000066 ], [ 20.606349241000032, 39.938041663000035 ], [ 20.598531414000036, 39.931828309000025 ], [ 20.590715, 39.925614421000034 ], [ 20.5829, 39.9194 ] ] } },
{ "type": "Feature", "properties": { "LonA": 20.4322, "LatA": 39.4961, "LonB": 20.8148, "LatB": 39.5271, "SS_ID": 125.0, "Shape_Leng": 0.38385400476199999 }, "geometry": { "type": "LineString", "coordinates": [ [ 20.4322, 39.4961 ], [ 20.443448058000058, 39.497029733000034 ], [ 20.454696415000058, 39.497958378000078 ], [ 20.465945072000068, 39.498885934000043 ], [ 20.477194028000042, 39.499812402000032 ], [ 20.488443281000059, 39.500737781000055 ], [ 20.49969283400003, 39.501662072000045 ], [ 20.510942684000042, 39.502585274000069 ], [ 20.522192831000041, 39.50350738800006 ], [ 20.533443276000071, 39.504428412000038 ], [ 20.54469401700004, 39.505348348000041 ], [ 20.555945056000041, 39.506267195000078 ], [ 20.567196390000049, 39.507184953000035 ], [ 20.578448020000053, 39.508101622000027 ], [ 20.589699945000064, 39.509017202000052 ], [ 20.60095216600007, 39.509931693000055 ], [ 20.612204682000026, 39.510845095000036 ], [ 20.623457492000057, 39.511757407000061 ], [ 20.634710596000048, 39.512668630000064 ], [ 20.645963994000056, 39.513578764000044 ], [ 20.657217686000024, 39.514487808000069 ], [ 20.668471671000077, 39.515395763000072 ], [ 20.679725949000044, 39.516302628000062 ], [ 20.69098051900005, 39.51720840400003 ], [ 20.702235381000037, 39.518113089000053 ], [ 20.713490535000062, 39.519016686000043 ], [ 20.724745981000069, 39.519919192000032 ], [ 20.736001718000068, 39.520820608000065 ], [ 20.74725774500007, 39.52172093400003 ], [ 20.758514064000053, 39.522620171000028 ], [ 20.76977067200005, 39.523518317000025 ], [ 20.781027570000049, 39.524415373000068 ], [ 20.792284758000051, 39.525311339000041 ], [ 20.803542234000076, 39.526206215000059 ], [ 20.8148, 39.5271 ] ] } },
{ "type": "Feature", "properties": { "LonA": 21.2649, "LatA": 36.9124, "LonB": 21.5349, "LatB": 36.9162, "SS_ID": 140.0, "Shape_Leng": 0.27002679748699998 }, "geometry": { "type": "LineString", "coordinates": [ [ 21.2649, 36.9124 ], [ 21.275699473000032, 36.912563781000074 ], [ 21.286498992000077, 36.912726581000072 ], [ 21.297298557000033, 36.912888399000053 ], [ 21.308098167000026, 36.913049235000074 ], [ 21.318897822000054, 36.913209090000066 ], [ 21.32969752300005, 36.913367963000042 ], [ 21.340497268000036, 36.913525853000067 ], [ 21.351297057000068, 36.913682763000054 ], [ 21.362096891000078, 36.913838690000034 ], [ 21.372896768000032, 36.913993636000043 ], [ 21.383696689000033, 36.914147600000035 ], [ 21.394496653000033, 36.914300582000067 ], [ 21.405296660000033, 36.914452582000024 ], [ 21.416096710000033, 36.914603600000078 ], [ 21.426896803000034, 36.914753637000047 ], [ 21.437696937000055, 36.914902692000055 ], [ 21.448497114000077, 36.915050765000046 ], [ 21.459297332000062, 36.915197856000077 ], [ 21.470097591000069, 36.915343965000034 ], [ 21.480897891000041, 36.91548909200003 ], [ 21.491698233000022, 36.915633237000065 ], [ 21.502498614000046, 36.915776401000073 ], [ 21.513299036000035, 36.915918583000064 ], [ 21.524099498000055, 36.916059782000048 ], [ 21.5349, 36.9162 ] ] } },
{ "type": "Feature", "properties": { "LonA": 22.0065, "LatA": 37.2894, "LonB": 22.0766, "LatB": 37.081, "SS_ID": 141.0, "Shape_Leng": 0.21987401405199999 }, "geometry": { "type": "LineString", "coordinates": [ [ 22.0065, 37.2894 ], [ 22.009428539000055, 37.28071764300006 ], [ 22.012356406000038, 37.272035201000051 ], [ 22.015283600000032, 37.263352674000032 ], [ 22.018210123000074, 37.25467006100007 ], [ 22.021135973000071, 37.24598736400003 ], [ 22.024061153000048, 37.237304581000046 ], [ 22.026985661000026, 37.228621714000042 ], [ 22.029909499000041, 37.219938761000037 ], [ 22.032832666000047, 37.211255724000068 ], [ 22.035755164000022, 37.202572602000032 ], [ 22.038676993000024, 37.193889395000042 ], [ 22.041598152000063, 37.185206103000041 ], [ 22.044518642000071, 37.17652272600003 ], [ 22.047438464000038, 37.167839265000055 ], [ 22.050357618000078, 37.159155719000069 ], [ 22.053276104000076, 37.150472088000072 ], [ 22.056193923000023, 37.141788373000054 ], [ 22.059111075000033, 37.133104573000026 ], [ 22.062027561000036, 37.124420688000043 ], [ 22.064943380000045, 37.11573671900004 ], [ 22.067858533000049, 37.107052666000072 ], [ 22.070773020000047, 37.098368528000037 ], [ 22.073686843000075, 37.089684306000038 ], [ 22.0766, 37.081 ] ] } },
{ "type": "Feature", "properties": { "LonA": 22.2038, "LatA": 37.142, "LonB": 22.1149, "LatB": 36.9098, "SS_ID": 142.0, "Shape_Leng": 0.248636428534 }, "geometry": { "type": "LineString", "coordinates": [ [ 22.2038, 37.142 ], [ 22.200497736000045, 37.133401353000068 ], [ 22.197196219000034, 37.124802601000056 ], [ 22.193895448000035, 37.116203745000064 ], [ 22.190595425000026, 37.107604784000046 ], [ 22.18729614700004, 37.099005719000047 ], [ 22.183997615000067, 37.090406550000068 ], [ 22.180699828000058, 37.081807277000053 ], [ 22.177402787000062, 37.073207900000057 ], [ 22.174106489000053, 37.064608418000034 ], [ 22.170810936000066, 37.056008832000032 ], [ 22.167516126000066, 37.047409142000049 ], [ 22.164222060000043, 37.038809349000076 ], [ 22.160928737000063, 37.030209451000076 ], [ 22.157636156000024, 37.021609450000028 ], [ 22.154344318000028, 37.013009344000068 ], [ 22.151053221000041, 37.00440913500006 ], [ 22.147762865000061, 36.995808822000072 ], [ 22.144473251000022, 36.987208406000036 ], [ 22.141184377000059, 36.978607886000077 ], [ 22.137896243000057, 36.970007262000024 ], [ 22.134608849000074, 36.961406535000037 ], [ 22.131322195000052, 36.95280570400007 ], [ 22.128036279000071, 36.944204770000056 ], [ 22.124751103000051, 36.935603732000061 ], [ 22.121466664000025, 36.927002591000075 ], [ 22.118182963000038, 36.918401347000042 ], [ 22.1149, 36.9098 ] ] } },
{ "type": "Feature", "properties": { "LonA": 22.1232, "LatA": 36.8897, "LonB": 22.2442, "LatB": 36.6819, "SS_ID": 143.0, "Shape_Leng": 0.24046179125700001 }, "geometry": { "type": "LineString", "coordinates": [ [ 22.1232, 36.8897 ], [ 22.127865952000036, 36.88171010700006 ], [ 22.132530931000076, 36.873720021000054 ], [ 22.13719493900004, 36.865729740000063 ], [ 22.14185797600004, 36.857739266000067 ], [ 22.146520042000077, 36.849748598000076 ], [ 22.151181138000027, 36.84175773700008 ], [ 22.15584126400006, 36.833766682000032 ], [ 22.160500420000062, 36.825775433000047 ], [ 22.16515860800007, 36.817783992000045 ], [ 22.169815827000036, 36.809792357000049 ], [ 22.174472078000065, 36.801800529000047 ], [ 22.179127362000031, 36.793808508000041 ], [ 22.183781679000049, 36.785816295000075 ], [ 22.188435029000061, 36.777823888000057 ], [ 22.193087412000068, 36.769831289000024 ], [ 22.197738831000038, 36.761838496000053 ], [ 22.202389283000059, 36.753845512000055 ], [ 22.207038772000033, 36.745852335000052 ], [ 22.211687295000047, 36.737858965000044 ], [ 22.216334855000071, 36.729865404000066 ], [ 22.220981452000046, 36.721871650000026 ], [ 22.225627086000031, 36.713877704000026 ], [ 22.230271757000025, 36.705883565000079 ], [ 22.234915466000075, 36.697889235000048 ], [ 22.239558214000056, 36.689894714000047 ], [ 22.2442, 36.6819 ] ] } },
{ "type": "Feature", "properties": { "LonA": 22.2564, "LatA": 36.6584, "LonB": 22.2833, "LatB": 36.4526, "SS_ID": 144.0, "Shape_Leng": 0.20755060034799999 }, "geometry": { "type": "LineString", "coordinates": [ [ 22.2564, 36.6584 ], [ 22.257572538000034, 36.649452448000034 ], [ 22.25874480400006, 36.640504872000065 ], [ 22.259916799000052, 36.63155727000003 ], [ 22.261088523000069, 36.622609644000079 ], [ 22.262259976000053, 36.613661992000061 ], [ 22.263431159000049, 36.60471431600007 ], [ 22.26460207100007, 36.59576661400007 ], [ 22.265772713000047, 36.586818888000039 ], [ 22.266943085000037, 36.577871136000056 ], [ 22.268113186000051, 36.568923360000042 ], [ 22.269283018000067, 36.559975559000065 ], [ 22.27045258000004, 36.55102773200008 ], [ 22.271621872000026, 36.542079881000063 ], [ 22.272790895000071, 36.533132005000027 ], [ 22.273959649000062, 36.524184104000028 ], [ 22.275128133000067, 36.515236178000066 ], [ 22.276296349000063, 36.506288227000027 ], [ 22.277464295000073, 36.497340252000072 ], [ 22.278631973000074, 36.48839225100005 ], [ 22.279799382000078, 36.479444226000055 ], [ 22.280966523000075, 36.470496175000051 ], [ 22.282133396000063, 36.461548100000073 ], [ 22.2833, 36.4526 ] ] } },
{ "type": "Feature", "properties": { "LonA": 22.4749, "LatA": 36.9117, "LonB": 22.1969, "LatB": 37.3285, "SS_ID": 145.0, "Shape_Leng": 0.50100593538000004 }, "geometry": { "type": "LineString", "coordinates": [ [ 22.4749, 36.9117 ], [ 22.46968282000006, 36.919570431000068 ], [ 22.46446456700005, 36.927440623000052 ], [ 22.459245242000065, 36.935310575000074 ], [ 22.45402484300007, 36.943180287000075 ], [ 22.448803370000064, 36.951049759000057 ], [ 22.443580823000048, 36.958918991000075 ], [ 22.438357201000031, 36.966787983000074 ], [ 22.433132504000071, 36.974656734000064 ], [ 22.427906730000075, 36.982525245000033 ], [ 22.422679881000079, 36.99039351600004 ], [ 22.417451954000057, 36.998261546000037 ], [ 22.412222950000057, 37.006129335000026 ], [ 22.406992868000032, 37.013996883000061 ], [ 22.401761708000038, 37.021864191000077 ], [ 22.396529469000029, 37.029731257000037 ], [ 22.391296151000063, 37.037598082000045 ], [ 22.386061753000035, 37.045464666000044 ], [ 22.380826274000071, 37.053331008000043 ], [ 22.375589715000046, 37.061197109000034 ], [ 22.370352074000039, 37.069062968000026 ], [ 22.365113351000048, 37.076928585000076 ], [ 22.359873546000074, 37.084793961000059 ], [ 22.354632658000071, 37.092659094000055 ], [ 22.349390687000039, 37.100523985000052 ], [ 22.344147632000045, 37.10838863400005 ], [ 22.338903492000043, 37.11625304100005 ], [ 22.333658268000022, 37.124117205000061 ], [ 22.328411958000061, 37.131981127000074 ], [ 22.323164563000034, 37.139844806000042 ], [ 22.317916081000078, 37.147708242000078 ], [ 22.312666512000078, 37.155571436000059 ], [ 22.307415856000034, 37.163434386000063 ], [ 22.302164112000071, 37.171297093000078 ], [ 22.296911279000028, 37.179159557000048 ], [ 22.291657358000066, 37.187021777000041 ], [ 22.286402347000035, 37.194883754000045 ], [ 22.281146247000038, 37.202745488000062 ], [ 22.27588905600004, 37.210606978000044 ], [ 22.27063077400004, 37.218468224000048 ], [ 22.265371400000049, 37.226329226000075 ], [ 22.260110935000057, 37.234189983000078 ], [ 22.254849378000074, 37.242050497000037 ], [ 22.249586727000064, 37.249910767000074 ], [ 22.244322983000075, 37.257770792000031 ], [ 22.239058145000058, 37.265630572000077 ], [ 22.233792213000072, 37.273490108000033 ], [ 22.22852518600007, 37.281349399000078 ], [ 22.223257063000062, 37.289208446000032 ], [ 22.217987844000049, 37.29706724700003 ], [ 22.212717529000031, 37.30492580300006 ], [ 22.207446117000075, 37.312784114000067 ], [ 22.202173608000066, 37.32064218000005 ], [ 22.1969, 37.3285 ] ] } },
{ "type": "Feature", "properties": { "LonA": 22.7703, "LatA": 36.7347, "LonB": 22.7609, "LatB": 36.3031, "SS_ID": 146.0, "Shape_Leng": 0.431702352229 }, "geometry": { "type": "LineString", "coordinates": [ [ 22.7703, 36.7347 ], [ 22.77010309700006, 36.725708660000066 ], [ 22.769906240000068, 36.716717307000067 ], [ 22.769709429000045, 36.707725939000056 ], [ 22.769512664000047, 36.698734558000069 ], [ 22.769315944000027, 36.68974316300006 ], [ 22.769119271000022, 36.680751753000038 ], [ 22.768922643000053, 36.671760330000041 ], [ 22.768726061000052, 36.662768893000077 ], [ 22.768529525000076, 36.653777442000035 ], [ 22.768333034000023, 36.644785977000026 ], [ 22.768136589000051, 36.635794498000052 ], [ 22.767940190000047, 36.626803005000056 ], [ 22.767743836000022, 36.617811498000037 ], [ 22.767547528000023, 36.608819978000042 ], [ 22.767351265000059, 36.599828443000035 ], [ 22.767155048000063, 36.590836894000063 ], [ 22.766958877000036, 36.581845332000057 ], [ 22.766762751000044, 36.572853756000029 ], [ 22.766566670000032, 36.563862165000046 ], [ 22.766370635000044, 36.55487056100003 ], [ 22.766174646000024, 36.545878943000048 ], [ 22.765978701000051, 36.536887311000044 ], [ 22.765782802000047, 36.527895665000074 ], [ 22.765586949000067, 36.518904005000024 ], [ 22.765391141000066, 36.509912331000066 ], [ 22.765195378000044, 36.500920644000075 ], [ 22.764999660000058, 36.491928942000072 ], [ 22.76480398700005, 36.482937227000036 ], [ 22.764608360000068, 36.473945497000045 ], [ 22.764412778000064, 36.464953754000078 ], [ 22.76421724100004, 36.455961997000031 ], [ 22.76402175000004, 36.446970226000076 ], [ 22.76382630300003, 36.437978441000041 ], [ 22.763630901000056, 36.428986642000041 ], [ 22.76343554500005, 36.419994829000075 ], [ 22.763240233000033, 36.411003003000076 ], [ 22.763044967000042, 36.402011162000065 ], [ 22.762849746000029, 36.393019308000078 ], [ 22.762654569000063, 36.384027439000079 ], [ 22.762459438000064, 36.375035557000047 ], [ 22.762264351000056, 36.366043661000049 ], [ 22.762069309000026, 36.357051751000029 ], [ 22.761874312000032, 36.348059827000043 ], [ 22.761679360000073, 36.339067890000024 ], [ 22.761484453000037, 36.33007593800005 ], [ 22.761289591000036, 36.321083973000043 ], [ 22.761094773000025, 36.312091993000024 ], [ 22.7609, 36.3031 ] ] } },
{ "type": "Feature", "properties": { "LonA": 23.5623, "LatA": 35.7677, "LonB": 23.4792, "LatB": 35.2868, "SS_ID": 148.0, "Shape_Leng": 0.48802715315099998 }, "geometry": { "type": "LineString", "coordinates": [ [ 23.5623, 35.7677 ], [ 23.560752057000059, 35.758795317000079 ], [ 23.559204458000067, 35.749890600000072 ], [ 23.557657205000055, 35.740985851000062 ], [ 23.556110296000043, 35.73208106800007 ], [ 23.55456373100003, 35.72317625200003 ], [ 23.553017511000064, 35.714271404000044 ], [ 23.551471634000052, 35.705366522000077 ], [ 23.54992610100004, 35.69646160700006 ], [ 23.548380912000027, 35.687556659000052 ], [ 23.546836067000072, 35.678651678000051 ], [ 23.545291564000024, 35.669746664000058 ], [ 23.543747405000033, 35.660841617000074 ], [ 23.542203588000064, 35.65193653700004 ], [ 23.540660114000048, 35.643031424000071 ], [ 23.539116983000042, 35.634126278000053 ], [ 23.537574193000069, 35.625221099000044 ], [ 23.536031746000049, 35.616315887000042 ], [ 23.53448964100005, 35.607410642000048 ], [ 23.532947878000073, 35.598505365000051 ], [ 23.53140645600007, 35.589600054000073 ], [ 23.529865375000043, 35.580694710000046 ], [ 23.528324636000036, 35.571789334000073 ], [ 23.526784238000062, 35.562883925000051 ], [ 23.525244180000072, 35.553978483000037 ], [ 23.523704463000058, 35.545073008000031 ], [ 23.52216508600003, 35.536167500000033 ], [ 23.520626050000033, 35.527261959000043 ], [ 23.519087354000078, 35.51835638600005 ], [ 23.517548997000063, 35.509450780000066 ], [ 23.516010981000022, 35.500545141000032 ], [ 23.514473303000045, 35.491639469000063 ], [ 23.512935965000054, 35.482733764000045 ], [ 23.511398966000058, 35.473828027000025 ], [ 23.509862307000049, 35.464922257000069 ], [ 23.508325985000056, 35.456016454000064 ], [ 23.506790003000049, 35.447110619000057 ], [ 23.505254359000048, 35.438204751000058 ], [ 23.503719053000054, 35.429298850000066 ], [ 23.502184085000067, 35.420392916000026 ], [ 23.50064945400004, 35.41148695000004 ], [ 23.499115162000066, 35.402580951000061 ], [ 23.497581207000053, 35.393674920000024 ], [ 23.496047589000057, 35.384768855000061 ], [ 23.494514308000078, 35.375862759000029 ], [ 23.492981364000059, 35.366956629000072 ], [ 23.491448757000057, 35.358050467000055 ], [ 23.489916487000073, 35.349144273000036 ], [ 23.48838455200007, 35.340238046000024 ], [ 23.486852954000028, 35.331331786000078 ], [ 23.48532169200007, 35.322425494000072 ], [ 23.483790766000027, 35.313519169000074 ], [ 23.482260175000079, 35.304612812000073 ], [ 23.480729920000044, 35.29570642200008 ], [ 23.4792, 35.2868 ] ] } },
{ "type": "Feature", "properties": { "LonA": 23.726, "LatA": 35.7044, "LonB": 23.7322, "LatB": 35.4167, "SS_ID": 149.0, "Shape_Leng": 0.28776679823399998 }, "geometry": { "type": "LineString", "coordinates": [ [ 23.726, 35.7044 ], [ 23.726194423000038, 35.695409588000075 ], [ 23.726388802000031, 35.686419163000039 ], [ 23.726583137000034, 35.677428723000048 ], [ 23.726777429000038, 35.668438270000024 ], [ 23.726971677000051, 35.659447803000035 ], [ 23.727165882000065, 35.650457323000069 ], [ 23.727360043000033, 35.641466828000034 ], [ 23.727554161000057, 35.63247632000008 ], [ 23.727748235000035, 35.623485798000047 ], [ 23.727942266000071, 35.614495262000048 ], [ 23.728136253000059, 35.605504713000073 ], [ 23.728330197000048, 35.596514150000075 ], [ 23.728524098000037, 35.587523573000055 ], [ 23.728717955000036, 35.57853298200007 ], [ 23.728911769000035, 35.569542378000051 ], [ 23.729105539000045, 35.560551759000077 ], [ 23.729299267000044, 35.55156112800006 ], [ 23.729492951000054, 35.542570482000031 ], [ 23.729686592000064, 35.533579822000036 ], [ 23.729880189000028, 35.524589149000064 ], [ 23.730073744000038, 35.515598462000071 ], [ 23.730267255000058, 35.506607762000044 ], [ 23.730460723000078, 35.497617047000062 ], [ 23.730654148000042, 35.488626319000048 ], [ 23.730847530000062, 35.479635577000067 ], [ 23.731040869000026, 35.470644822000054 ], [ 23.731234165000046, 35.461654052000029 ], [ 23.731427418000067, 35.452663269000027 ], [ 23.73162062800003, 35.443672473000049 ], [ 23.731813795000051, 35.43468166200006 ], [ 23.732006919000071, 35.425690838000037 ], [ 23.7322, 35.4167 ] ] } },
{ "type": "Feature", "properties": { "LonA": 23.3896, "LatA": 35.0336, "LonB": 23.6386, "LatB": 35.1659, "SS_ID": 150.0, "Shape_Leng": 0.28196515309699999 }, "geometry": { "type": "LineString", "coordinates": [ [ 23.3896, 35.0336 ], [ 23.398479013000042, 35.038333844000078 ], [ 23.407359049000036, 35.043067035000036 ], [ 23.416240110000047, 35.047799572000031 ], [ 23.425122196000075, 35.052531455000064 ], [ 23.434005306000074, 35.057262684000079 ], [ 23.442889441000034, 35.061993259000076 ], [ 23.451774601000068, 35.066723180000054 ], [ 23.460660786000062, 35.07145244600008 ], [ 23.469547997000063, 35.076181057000042 ], [ 23.478436232000035, 35.080909013000053 ], [ 23.487325494000061, 35.085636313000066 ], [ 23.496215781000046, 35.090362959000061 ], [ 23.505107094000039, 35.095088949000058 ], [ 23.513999433000038, 35.099814283000057 ], [ 23.522892798000044, 35.10453896100006 ], [ 23.531787189000056, 35.109262983000065 ], [ 23.540682607000065, 35.113986349000072 ], [ 23.54957905200007, 35.118709058000036 ], [ 23.558476523000024, 35.12343111000007 ], [ 23.567375022000078, 35.128152506000049 ], [ 23.576274548000072, 35.132873244000052 ], [ 23.585175101000061, 35.137593326000058 ], [ 23.594076681000047, 35.142312749000041 ], [ 23.602979289000075, 35.147031516000027 ], [ 23.611882925000032, 35.151749624000047 ], [ 23.620787588000042, 35.156467074000034 ], [ 23.629693280000026, 35.161183866000044 ], [ 23.6386, 35.1659 ] ] } },
{ "type": "Feature", "properties": { "LonA": 23.6392, "LatA": 35.1768, "LonB": 24.2866, "LatB": 35.1397, "SS_ID": 151.0, "Shape_Leng": 0.64846293905200003 }, "geometry": { "type": "LineString", "coordinates": [ [ 23.6392, 35.1768 ], [ 23.649994747000051, 35.176210027000025 ], [ 23.66078933700004, 35.175619091000044 ], [ 23.67158377100003, 35.175027194000052 ], [ 23.682378049000079, 35.174434334000068 ], [ 23.693172170000025, 35.173840513000073 ], [ 23.703966133000051, 35.17324572900003 ], [ 23.714759939000032, 35.172649984000032 ], [ 23.725553588000025, 35.172053277000032 ], [ 23.736347079000041, 35.171455608000031 ], [ 23.747140412000078, 35.170856978000074 ], [ 23.757933586000036, 35.17025738600006 ], [ 23.768726602000072, 35.169656832000044 ], [ 23.779519459000028, 35.169055316000026 ], [ 23.790312157000074, 35.168452839000054 ], [ 23.801104695000049, 35.16784940000008 ], [ 23.811897074000058, 35.167245 ], [ 23.822689293000053, 35.166639638000049 ], [ 23.833481352000035, 35.16603331500005 ], [ 23.844273251000061, 35.165426030000049 ], [ 23.855064989000027, 35.164817784000036 ], [ 23.865856566000048, 35.164208576000078 ], [ 23.876647983000055, 35.163598407000052 ], [ 23.88743923800007, 35.16298727700007 ], [ 23.898230331000036, 35.162375186000077 ], [ 23.909021262000067, 35.161762133000025 ], [ 23.919812032000038, 35.161148119000075 ], [ 23.930602639000028, 35.160533144000055 ], [ 23.941393084000026, 35.159917208000024 ], [ 23.952183365000053, 35.159300311000038 ], [ 23.962973484000031, 35.15868245200005 ], [ 23.973763440000027, 35.15806363300004 ], [ 23.984553232000053, 35.157443853000075 ], [ 23.995342860000051, 35.156823112000041 ], [ 24.006132324000077, 35.156201410000051 ], [ 24.01692162300003, 35.15557874700005 ], [ 24.027710759000058, 35.154955123000036 ], [ 24.038499729000023, 35.154330538000067 ], [ 24.049288535000073, 35.153704993000076 ], [ 24.06007717500006, 35.153078487000073 ], [ 24.070865649000041, 35.152451020000058 ], [ 24.081653958000061, 35.151822593000077 ], [ 24.092442101000074, 35.151193205000027 ], [ 24.103230077000035, 35.150562856000079 ], [ 24.114017887000045, 35.149931547000051 ], [ 24.12480553100005, 35.149299278000058 ], [ 24.135593007000068, 35.148666048000052 ], [ 24.146380316000034, 35.148031857000035 ], [ 24.157167457000071, 35.147396706000052 ], [ 24.167954431000055, 35.146760595000046 ], [ 24.178741237000054, 35.146123524000075 ], [ 24.189527874000078, 35.145485492000034 ], [ 24.200314343000059, 35.144846500000028 ], [ 24.211100644000055, 35.144206548000057 ], [ 24.22188677500003, 35.143565635000073 ], [ 24.23267273700003, 35.142923763000056 ], [ 24.243458529000065, 35.142280930000027 ], [ 24.254244152000069, 35.141637138000078 ], [ 24.265029605000052, 35.140992385000061 ], [ 24.27581488800007, 35.140346673000067 ], [ 24.2866, 35.1397 ] ] } },
{ "type": "Feature", "properties": { "LonA": 24.1383, "LatA": 35.199, "LonB": 24.5493, "LatB": 35.1697, "SS_ID": 152.0, "Shape_Leng": 0.41204326968799998 }, "geometry": { "type": "LineString", "coordinates": [ [ 24.1383, 35.199 ], [ 24.149119542000051, 35.198246822000044 ], [ 24.159938884000042, 35.19749267800006 ], [ 24.170758026000044, 35.196737567000071 ], [ 24.181576967000069, 35.195981489000076 ], [ 24.192395708000049, 35.195224445000065 ], [ 24.203214248000052, 35.194466434000049 ], [ 24.214032587000077, 35.193707456000027 ], [ 24.224850725000067, 35.192947512000046 ], [ 24.235668661000034, 35.192186602000049 ], [ 24.246486395000034, 35.191424725000047 ], [ 24.257303927000066, 35.190661882000029 ], [ 24.268121257000075, 35.189898073000052 ], [ 24.278938384000071, 35.189133297000069 ], [ 24.289755308000053, 35.18836755500007 ], [ 24.300572030000069, 35.187600847000056 ], [ 24.311388547000035, 35.186833172000036 ], [ 24.322204862000035, 35.186064532000046 ], [ 24.333020972000043, 35.18529492600004 ], [ 24.343836879000037, 35.184524353000029 ], [ 24.354652581000039, 35.183752815000048 ], [ 24.365468078000049, 35.182980311000051 ], [ 24.376283371000056, 35.182206841000038 ], [ 24.387098459000072, 35.181432405000066 ], [ 24.397913341000049, 35.180657003000078 ], [ 24.408728018000033, 35.179880636000064 ], [ 24.419542489000037, 35.179103303000034 ], [ 24.430356754000059, 35.178325004000044 ], [ 24.441170813000042, 35.177545740000028 ], [ 24.451984665000055, 35.176765510000052 ], [ 24.462798310000039, 35.175984315000051 ], [ 24.473611749000042, 35.175202154000033 ], [ 24.484424980000028, 35.174419028000045 ], [ 24.495238003000054, 35.173634936000042 ], [ 24.506050819000052, 35.172849879000069 ], [ 24.516863427000033, 35.172063857000069 ], [ 24.527675827000053, 35.171276870000042 ], [ 24.538488018000066, 35.170488918000046 ], [ 24.5493, 35.1697 ] ] } },
{ "type": "Feature", "properties": { "LonA": 24.2984, "LatA": 35.1413, "LonB": 24.7193, "LatB": 35.0744, "SS_ID": 153.0, "Shape_Leng": 0.426183787318 }, "geometry": { "type": "LineString", "coordinates": [ [ 24.2984, 35.1413 ], [ 24.308930860000032, 35.139645330000064 ], [ 24.319461294000064, 35.137989745000027 ], [ 24.329991301000064, 35.13633324400007 ], [ 24.340520882000078, 35.134675827000024 ], [ 24.351050036000061, 35.133017496000036 ], [ 24.361578763000068, 35.131358249000073 ], [ 24.372107062000055, 35.129698087000065 ], [ 24.382634934000066, 35.12803701100006 ], [ 24.393162379000046, 35.126375019000079 ], [ 24.403689395000072, 35.124712112000054 ], [ 24.414215984000066, 35.123048291000032 ], [ 24.424742144000049, 35.121383556000069 ], [ 24.435267876000069, 35.119717905000073 ], [ 24.445793179000077, 35.118051341000069 ], [ 24.456318054000064, 35.116383862000077 ], [ 24.466842499000052, 35.114715468000043 ], [ 24.477366516000075, 35.113046161000057 ], [ 24.487890103000041, 35.111375939000027 ], [ 24.498413260000063, 35.109704804000046 ], [ 24.508935988000076, 35.108032755000067 ], [ 24.519458285000042, 35.106359791000045 ], [ 24.529980153000054, 35.104685915000061 ], [ 24.540501590000076, 35.103011124000034 ], [ 24.551022597000042, 35.101335421000044 ], [ 24.561543173000075, 35.099658803000068 ], [ 24.572063318000062, 35.097981273000073 ], [ 24.582583032000059, 35.096302829000024 ], [ 24.593102315000067, 35.09462347200008 ], [ 24.603621166000039, 35.092943202000072 ], [ 24.614139586000078, 35.091262019000055 ], [ 24.624657574000025, 35.089579924000077 ], [ 24.635175129000061, 35.087896915000044 ], [ 24.64569225300005, 35.08621299400005 ], [ 24.65620894400007, 35.084528160000048 ], [ 24.666725203000055, 35.082842414000027 ], [ 24.677241029000072, 35.081155756000044 ], [ 24.687756421000074, 35.079468185000053 ], [ 24.69827138100004, 35.077779702000043 ], [ 24.708785907000049, 35.076090307000072 ], [ 24.7193, 35.0744 ] ] } },
{ "type": "Feature", "properties": { "LonA": 25.3783, "LatA": 35.3116, "LonB": 25.2872, "LatB": 35.0337, "SS_ID": 156.0, "Shape_Leng": 0.29245110947199998 }, "geometry": { "type": "LineString", "coordinates": [ [ 25.3783, 35.3116 ], [ 25.375443716000063, 35.30291685800006 ], [ 25.372588042000075, 35.294233637000048 ], [ 25.369732978000059, 35.285550335000039 ], [ 25.366878524000072, 35.27686695400007 ], [ 25.364024679000067, 35.268183492000048 ], [ 25.361171442000057, 35.259499951000066 ], [ 25.358318815000075, 35.250816331000067 ], [ 25.35546679600003, 35.242132630000071 ], [ 25.352615385000036, 35.233448850000059 ], [ 25.349764581000045, 35.22476499000004 ], [ 25.346914385000048, 35.21608105100006 ], [ 25.344064796000055, 35.207397032000074 ], [ 25.341215813000076, 35.198712933000024 ], [ 25.338367437000045, 35.190028755000071 ], [ 25.335519668000074, 35.181344498000044 ], [ 25.332672503000026, 35.172660161000067 ], [ 25.329825945000039, 35.163975745000073 ], [ 25.32697999100003, 35.155291249000072 ], [ 25.324134642000047, 35.146606674000054 ], [ 25.321289898000032, 35.137922020000076 ], [ 25.318445758000053, 35.129237286000034 ], [ 25.315602221000063, 35.120552474000078 ], [ 25.312759289000041, 35.111867582000059 ], [ 25.309916959000077, 35.103182611000079 ], [ 25.307075232000045, 35.094497561000026 ], [ 25.30423410800006, 35.085812432000068 ], [ 25.301393586000074, 35.077127224000037 ], [ 25.298553666000032, 35.068441937000046 ], [ 25.295714348000047, 35.059756571000037 ], [ 25.292875631000072, 35.051071126000068 ], [ 25.290037515000051, 35.042385603000071 ], [ 25.2872, 35.0337 ] ] } },
{ "type": "Feature", "properties": { "LonA": 25.2942, "LatA": 34.9871, "LonB": 25.6954, "LatB": 35.063, "SS_ID": 157.0, "Shape_Leng": 0.40831657223599999 }, "geometry": { "type": "LineString", "coordinates": [ [ 25.2942, 34.9871 ], [ 25.304748374000042, 34.989114361000077 ], [ 25.315297265000027, 34.99112780400003 ], [ 25.325846672000068, 34.993140330000074 ], [ 25.336396596000043, 34.995151939000039 ], [ 25.346947036000074, 34.997162631000037 ], [ 25.357497992000049, 34.999172404000035 ], [ 25.368049464000023, 35.001181261000056 ], [ 25.378601451000065, 35.003189199000076 ], [ 25.389153954000051, 35.005196219000027 ], [ 25.399706972000047, 35.007202321000079 ], [ 25.410260505000053, 35.009207505000063 ], [ 25.42081455400006, 35.011211771000035 ], [ 25.431369117000031, 35.013215119000051 ], [ 25.44192419500007, 35.015217547000077 ], [ 25.452479787000073, 35.01721905800008 ], [ 25.46303589300004, 35.019219649000036 ], [ 25.473592514000075, 35.021219322000036 ], [ 25.484149649000074, 35.023218076000035 ], [ 25.494707297000048, 35.025215911000032 ], [ 25.505265459000043, 35.027212826000039 ], [ 25.51582413400007, 35.029208822000044 ], [ 25.526383323000061, 35.031203899000047 ], [ 25.536943024000038, 35.03319805700005 ], [ 25.547503239000037, 35.035191294000072 ], [ 25.558063966000077, 35.037183612000035 ], [ 25.568625206000036, 35.039175010000065 ], [ 25.579186958000037, 35.041165489000036 ], [ 25.589749223000069, 35.043155047000027 ], [ 25.600311999000041, 35.045143685000028 ], [ 25.610875288000045, 35.047131402000048 ], [ 25.621439088000045, 35.049118200000066 ], [ 25.632003399000041, 35.051104076000058 ], [ 25.642568222000023, 35.053089033000049 ], [ 25.653133556000057, 35.05507306800007 ], [ 25.663699401000031, 35.057056183000043 ], [ 25.674265757000057, 35.059038376000046 ], [ 25.684832623000034, 35.061019649000059 ], [ 25.6954, 35.063 ] ] } },
{ "type": "Feature", "properties": { "LonA": 26.0032, "LatA": 35.3451, "LonB": 25.7632, "LatB": 34.9912, "SS_ID": 158.0, "Shape_Leng": 0.427604423575 }, "geometry": { "type": "LineString", "coordinates": [ [ 26.0032, 35.3451 ], [ 25.997843999000054, 35.337240964000046 ], [ 25.992489036000052, 35.329381681000029 ], [ 25.987135109000064, 35.321522150000078 ], [ 25.981782218000035, 35.313662372000067 ], [ 25.976430363000077, 35.305802347000053 ], [ 25.97107954300003, 35.297942075000037 ], [ 25.965729758000066, 35.290081556000075 ], [ 25.960381007000024, 35.282220790000054 ], [ 25.955033289000028, 35.274359778000075 ], [ 25.949686605000068, 35.266498519000038 ], [ 25.94434095400004, 35.258637014000044 ], [ 25.93899633500007, 35.250775262000047 ], [ 25.933652748000043, 35.242913264000038 ], [ 25.928310192000026, 35.235051019000025 ], [ 25.922968668000067, 35.227188529000045 ], [ 25.917628173000026, 35.219325793000053 ], [ 25.912288709000052, 35.211462811000047 ], [ 25.906950274000053, 35.203599584000074 ], [ 25.901612869000076, 35.195736111000031 ], [ 25.896276492000027, 35.187872393000077 ], [ 25.890941143000077, 35.180008429000054 ], [ 25.885606821000067, 35.172144220000064 ], [ 25.880273527000043, 35.16427976600005 ], [ 25.874941260000071, 35.156415067000069 ], [ 25.869610019000049, 35.148550123000064 ], [ 25.864279804000034, 35.140684934000035 ], [ 25.858950614000037, 35.132819501000029 ], [ 25.853622449000056, 35.124953823000055 ], [ 25.848295308000047, 35.117087901000048 ], [ 25.842969192000055, 35.109221735000062 ], [ 25.837644099000045, 35.101355324000053 ], [ 25.832320028000026, 35.093488670000056 ], [ 25.826996981000036, 35.085621771000035 ], [ 25.821674955000049, 35.077754628000037 ], [ 25.816353951000053, 35.06988724200005 ], [ 25.81103396900005, 35.062019612000029 ], [ 25.80571500700006, 35.054151739000076 ], [ 25.800397065000027, 35.046283622000033 ], [ 25.795080143000064, 35.038415262000058 ], [ 25.789764240000068, 35.030546659000038 ], [ 25.784449356000039, 35.02267781300003 ], [ 25.779135491000034, 35.014808724000034 ], [ 25.773822643000074, 35.006939392000049 ], [ 25.768510813000034, 34.999069817000077 ], [ 25.7632, 34.9912 ] ] } },
{ "type": "Feature", "properties": { "LonA": 28.9917, "LatA": 35.9427, "LonB": 29.4048, "LatB": 36.0985, "SS_ID": 168.0, "Shape_Leng": 0.44150374125399999 }, "geometry": { "type": "LineString", "coordinates": [ [ 28.9917, 35.9427 ], [ 29.001516816000048, 35.946426082000073 ], [ 29.01133455300004, 35.950151359000074 ], [ 29.021153212000058, 35.953875830000072 ], [ 29.030972793000046, 35.957599495000068 ], [ 29.040793296000061, 35.96132235500005 ], [ 29.050614720000056, 35.965044409000029 ], [ 29.060437066000077, 35.968765656000073 ], [ 29.070260334000068, 35.972486098000047 ], [ 29.080084524000029, 35.976205732000039 ], [ 29.089909636000073, 35.979924560000029 ], [ 29.09973566900004, 35.983642581000026 ], [ 29.109562625000024, 35.987359795000032 ], [ 29.119390502000044, 35.991076202000045 ], [ 29.129219301000035, 35.994791801000076 ], [ 29.139049022000052, 35.998506592000069 ], [ 29.148879665000038, 36.00222057600007 ], [ 29.158711229000062, 36.005933752000033 ], [ 29.168543716000045, 36.009646119000024 ], [ 29.178377125000054, 36.013357678000034 ], [ 29.188211455000044, 36.017068429000062 ], [ 29.198046708000049, 36.020778371000063 ], [ 29.207882882000035, 36.024487503000046 ], [ 29.217719979000037, 36.028195827000047 ], [ 29.227557997000076, 36.031903341000032 ], [ 29.237396937000028, 36.035610046000045 ], [ 29.247236800000053, 36.03931594200003 ], [ 29.257077584000058, 36.043021027000066 ], [ 29.266919291000079, 36.046725302000027 ], [ 29.276761919000023, 36.050428767000028 ], [ 29.28660547000004, 36.054131422000069 ], [ 29.296449942000038, 36.057833266000046 ], [ 29.306295337000051, 36.061534300000062 ], [ 29.316141654000035, 36.065234522000026 ], [ 29.325988893000044, 36.068933933000039 ], [ 29.335837054000024, 36.072632533000046 ], [ 29.34568613700003, 36.076330322000047 ], [ 29.355536142000062, 36.080027298000061 ], [ 29.365387069000064, 36.083723463000069 ], [ 29.375238919000026, 36.087418816000024 ], [ 29.385091690000024, 36.091113356000051 ], [ 29.394945384000039, 36.09480708500007 ], [ 29.4048, 36.0985 ] ] } },
{ "type": "Feature", "properties": { "LonA": 29.6681, "LatA": 36.1533, "LonB": 29.9914, "LatB": 36.2749, "SS_ID": 169.0, "Shape_Leng": 0.34541216591599999 }, "geometry": { "type": "LineString", "coordinates": [ [ 29.6681, 36.1533 ], [ 29.677882271000044, 36.156997702000069 ], [ 29.687665460000062, 36.160694603000024 ], [ 29.697449568000025, 36.164390701000059 ], [ 29.707234595000045, 36.168085999000027 ], [ 29.717020540000078, 36.171780494000075 ], [ 29.726807404000056, 36.175474186000031 ], [ 29.736595186000045, 36.179167077000045 ], [ 29.746383887000036, 36.182859165000025 ], [ 29.756173507000028, 36.186550450000027 ], [ 29.765964045000032, 36.190240932000052 ], [ 29.775755502000038, 36.193930611000042 ], [ 29.785547878000045, 36.197619487000054 ], [ 29.795341172000064, 36.201307560000032 ], [ 29.805135386000075, 36.204994828000054 ], [ 29.81493051700005, 36.208681293000041 ], [ 29.824726568000074, 36.212366954000061 ], [ 29.834523537000052, 36.216051811000057 ], [ 29.844321425000032, 36.219735863000039 ], [ 29.854120232000071, 36.223419111000055 ], [ 29.863919957000064, 36.227101554000058 ], [ 29.873720602000049, 36.230783192000047 ], [ 29.883522165000045, 36.234464025000079 ], [ 29.893324646000053, 36.238144053000042 ], [ 29.903128047000052, 36.241823275000058 ], [ 29.912932367000053, 36.245501692000062 ], [ 29.922737605000066, 36.249179303000062 ], [ 29.932543762000023, 36.25285610800006 ], [ 29.942350838000038, 36.256532106000066 ], [ 29.952158832000066, 36.260207299000058 ], [ 29.961967746000028, 36.263881684000069 ], [ 29.971777579000047, 36.267555263000077 ], [ 29.981588330000079, 36.271228035000036 ], [ 29.9914, 36.2749 ] ] } },
{ "type": "Feature", "properties": { "LonA": 29.3422, "LatA": 35.8569, "LonB": 29.8119, "LatB": 35.9953, "SS_ID": 170.0, "Shape_Leng": 0.48966627779900002 }, "geometry": { "type": "LineString", "coordinates": [ [ 29.3422, 35.8569 ], [ 29.352393451000069, 35.85992824300007 ], [ 29.362587676000032, 35.862955619000047 ], [ 29.372782677000032, 35.865982129000031 ], [ 29.382978454000067, 35.869007772000032 ], [ 29.393175005000046, 35.87203254800005 ], [ 29.403372331000071, 35.875056457000028 ], [ 29.413570433000075, 35.878079498000034 ], [ 29.423769309000079, 35.881101673000046 ], [ 29.433968960000072, 35.884122980000029 ], [ 29.444169385000066, 35.88714341900004 ], [ 29.454370586000039, 35.890162990000078 ], [ 29.464572561000068, 35.893181694000077 ], [ 29.474775310000041, 35.896199529000057 ], [ 29.48497883400006, 35.899216496000065 ], [ 29.495183132000079, 35.902232594000054 ], [ 29.505388204000042, 35.905247824000071 ], [ 29.515594050000061, 35.908262185000069 ], [ 29.52580067100007, 35.911275677000049 ], [ 29.536008065000033, 35.914288300000067 ], [ 29.546216234000042, 35.917300054000066 ], [ 29.556425176000062, 35.920310938000057 ], [ 29.566634892000025, 35.92332095200004 ], [ 29.576845382000045, 35.926330097000061 ], [ 29.587056645000075, 35.929338372000075 ], [ 29.597268682000049, 35.932345776000034 ], [ 29.607481492000034, 35.935352311000031 ], [ 29.617695076000075, 35.938357975000031 ], [ 29.62790943300007, 35.941362768000033 ], [ 29.638124563000076, 35.944366691000027 ], [ 29.648340467000025, 35.947369743000024 ], [ 29.658557143000053, 35.950371924000024 ], [ 29.668774592000034, 35.953373233000036 ], [ 29.678992815000072, 35.956373671000051 ], [ 29.689211810000074, 35.959373238000069 ], [ 29.699431577000041, 35.962371933000043 ], [ 29.709652118000065, 35.96536975600003 ], [ 29.719873431000053, 35.96836670700003 ], [ 29.730095516000063, 35.971362786000043 ], [ 29.740318374000026, 35.974357993000069 ], [ 29.750542004000067, 35.977352327000062 ], [ 29.760766407000062, 35.980345788000079 ], [ 29.770991582000079, 35.983338377000052 ], [ 29.78121752800007, 35.986330093000049 ], [ 29.791444247000072, 35.98932093500008 ], [ 29.801671738000039, 35.992310904000078 ], [ 29.8119, 35.9953 ] ] } },
{ "type": "Feature", "properties": { "LonA": 25.4329, "LatA": 36.3963, "LonB": 25.296, "LatB": 36.1699, "SS_ID": 226.0, "Shape_Leng": 0.26457252002800002 }, "geometry": { "type": "LineString", "coordinates": [ [ 25.4329, 36.3963 ], [ 25.427997069000071, 36.388217138000073 ], [ 25.423095154000066, 36.38013406400006 ], [ 25.418194252000035, 36.372050778000073 ], [ 25.41329436500007, 36.363967280000054 ], [ 25.408395491000078, 36.35588357000006 ], [ 25.403497630000061, 36.347799649000024 ], [ 25.398600782000074, 36.33971551500008 ], [ 25.393704945000025, 36.331631170000037 ], [ 25.388810120000073, 36.323546614000065 ], [ 25.38391630700005, 36.315461846000062 ], [ 25.379023503000042, 36.307376867000073 ], [ 25.374131710000029, 36.299291677000042 ], [ 25.369240927000078, 36.291206276000025 ], [ 25.36435115200004, 36.28312066400008 ], [ 25.359462387000065, 36.275034841000036 ], [ 25.354574629000069, 36.266948807000063 ], [ 25.349687879000044, 36.258862563000037 ], [ 25.344802136000055, 36.250776108000025 ], [ 25.339917400000047, 36.242689443000074 ], [ 25.335033671000076, 36.234602567000024 ], [ 25.33015094700005, 36.226515481000035 ], [ 25.325269228000025, 36.21842818500005 ], [ 25.320388514000058, 36.21034067800008 ], [ 25.315508805000036, 36.202252962000045 ], [ 25.310630099000036, 36.194165036000072 ], [ 25.305752396000059, 36.186076900000046 ], [ 25.300875697000038, 36.17798855500007 ], [ 25.296, 36.1699 ] ] } },
{ "type": "Feature", "properties": { "LonA": 27.6943, "LatA": 36.9957, "LonB": 28.4546, "LatB": 37.0703, "SS_ID": 242.0, "Shape_Leng": 0.76395243849100003 }, "geometry": { "type": "LineString", "coordinates": [ [ 27.6943, 36.9957 ], [ 27.705308115000037, 36.996815929000036 ], [ 27.716316551000034, 36.997930838000059 ], [ 27.727325309000037, 36.999044725000033 ], [ 27.738334388000055, 37.000157591000061 ], [ 27.749343788000033, 37.00126943600003 ], [ 27.760353508000037, 37.002380259000063 ], [ 27.771363548000068, 37.003490061000036 ], [ 27.782373908000068, 37.004598841000075 ], [ 27.793384588000038, 37.005706600000053 ], [ 27.804395587000045, 37.00681333700004 ], [ 27.815406905000032, 37.007919052000034 ], [ 27.826418543000045, 37.009023746000025 ], [ 27.83743049800006, 37.010127417000035 ], [ 27.848442772000055, 37.011230067000042 ], [ 27.859455364000041, 37.012331695000057 ], [ 27.870468274000075, 37.013432300000034 ], [ 27.881481501000053, 37.014531884000064 ], [ 27.892495046000079, 37.015630445000056 ], [ 27.903508907000059, 37.016727984000056 ], [ 27.914523085000042, 37.017824501000064 ], [ 27.925537580000025, 37.018919995000033 ], [ 27.936552390000031, 37.020014467000067 ], [ 27.947567517000039, 37.021107916000062 ], [ 27.958582959000069, 37.022200342000076 ], [ 27.969598716000064, 37.023291746000041 ], [ 27.980614788000025, 37.024382127000024 ], [ 27.991631175000066, 37.025471485000025 ], [ 28.002647877000072, 37.026559821000035 ], [ 28.013664892000065, 37.027647133000073 ], [ 28.024682222000024, 37.028733422000073 ], [ 28.035699865000026, 37.029818689000024 ], [ 28.046717821000072, 37.03090293200006 ], [ 28.057736091000038, 37.031986151000069 ], [ 28.068754674000047, 37.033068348000029 ], [ 28.079773569000054, 37.034149521000074 ], [ 28.090792776000058, 37.035229670000035 ], [ 28.101812295000059, 37.036308796000071 ], [ 28.112832126000058, 37.037386899000069 ], [ 28.123852269000054, 37.038463977000049 ], [ 28.134872722000068, 37.039540033000037 ], [ 28.145893487000023, 37.040615064000065 ], [ 28.156914562000054, 37.041689071000064 ], [ 28.167935948000036, 37.042762055000026 ], [ 28.178957643000047, 37.043834014000026 ], [ 28.189979649000065, 37.044904949000056 ], [ 28.201001964000056, 37.045974861000047 ], [ 28.212024588000077, 37.047043748000078 ], [ 28.223047521000069, 37.048111610000035 ], [ 28.234070763000034, 37.049178449000067 ], [ 28.245094313000038, 37.050244263000025 ], [ 28.256118171000026, 37.051309052000079 ], [ 28.267142338000042, 37.052372817000048 ], [ 28.278166811000062, 37.053435557000057 ], [ 28.289191593000055, 37.054497273000038 ], [ 28.300216681000052, 37.055557964000059 ], [ 28.311242076000042, 37.056617630000062 ], [ 28.322267777000036, 37.057676271000048 ], [ 28.333293785000023, 37.058733887000074 ], [ 28.344320098000026, 37.059790479000071 ], [ 28.355346718000078, 37.060846045000062 ], [ 28.366373642000042, 37.061900586000036 ], [ 28.377400872000067, 37.062954101000059 ], [ 28.388428407000049, 37.064006592000055 ], [ 28.399456246000057, 37.065058057000044 ], [ 28.410484389000032, 37.066108497000073 ], [ 28.421512837000023, 37.067157911000038 ], [ 28.432541588000049, 37.068206300000043 ], [ 28.443570642000054, 37.06925366300004 ], [ 28.4546, 37.0703 ] ] } },
{ "type": "Feature", "properties": { "LonA": 26.1346, "LatA": 39.4527, "LonB": 26.9794, "LatB": 39.6273, "SS_ID": 261.0, "Shape_Leng": 0.86265644257700003 }, "geometry": { "type": "LineString", "coordinates": [ [ 26.1346, 39.4527 ], [ 26.145688198000073, 39.455037193000067 ], [ 26.156777137000063, 39.457373328000074 ], [ 26.16786681800005, 39.459708404000025 ], [ 26.178957239000056, 39.462042423000071 ], [ 26.19004840100007, 39.464375382000071 ], [ 26.201140304000035, 39.466707283000062 ], [ 26.212232947000075, 39.469038125000054 ], [ 26.223326330000077, 39.471367907000058 ], [ 26.234420453000041, 39.473696631000053 ], [ 26.245515315000034, 39.476024295000059 ], [ 26.256610917000046, 39.478350900000066 ], [ 26.26770725800003, 39.480676445000029 ], [ 26.278804338000043, 39.48300093000006 ], [ 26.289902156000039, 39.485324355000046 ], [ 26.301000713000064, 39.487646719000054 ], [ 26.312100008000073, 39.489968024000063 ], [ 26.323200041000064, 39.492288268000038 ], [ 26.334300812000038, 39.494607451000036 ], [ 26.345402321000051, 39.496925574000045 ], [ 26.356504567000059, 39.499242636000076 ], [ 26.367607550000059, 39.501558636000027 ], [ 26.378711269000064, 39.503873575000057 ], [ 26.389815726000052, 39.506187453000052 ], [ 26.400920919000043, 39.50850027000007 ], [ 26.412026848000039, 39.510812024000074 ], [ 26.423133513000039, 39.513122717000044 ], [ 26.434240913000053, 39.515432347000058 ], [ 26.445349050000061, 39.517740916000037 ], [ 26.456457921000037, 39.520048422000059 ], [ 26.467567528000075, 39.522354865000068 ], [ 26.478677869000023, 39.524660246000053 ], [ 26.489788945000043, 39.526964564000025 ], [ 26.500900755000032, 39.52926781900004 ], [ 26.512013300000035, 39.531570011000042 ], [ 26.523126578000074, 39.533871140000031 ], [ 26.534240590000024, 39.536171205000073 ], [ 26.545355335000067, 39.538470206000056 ], [ 26.556470814000079, 39.540768144000026 ], [ 26.567587025000023, 39.54306501800005 ], [ 26.57870396900006, 39.545360828000071 ], [ 26.589821646000075, 39.547655573000043 ], [ 26.600940055000024, 39.549949255000058 ], [ 26.612059196000075, 39.552241871000035 ], [ 26.623179069000059, 39.554533423000066 ], [ 26.634299674000033, 39.556823910000048 ], [ 26.645421009000074, 39.559113332000038 ], [ 26.656543076000048, 39.561401689000036 ], [ 26.667665874000079, 39.563688981000041 ], [ 26.678789403000053, 39.565975207000065 ], [ 26.689913661000048, 39.56826036800004 ], [ 26.701038651000033, 39.570544462000043 ], [ 26.712164370000039, 39.572827491000055 ], [ 26.723290818000066, 39.575109454000028 ], [ 26.734417996000047, 39.57739035000003 ], [ 26.745545904000039, 39.579670180000051 ], [ 26.756674540000063, 39.581948944000032 ], [ 26.76780390600004, 39.584226641000043 ], [ 26.77893399900006, 39.586503271000026 ], [ 26.790064821000044, 39.588778834000038 ], [ 26.801196372000049, 39.591053329000033 ], [ 26.81232865000004, 39.593326758000046 ], [ 26.823461655000074, 39.595599119000042 ], [ 26.834595388000025, 39.597870412000077 ], [ 26.845729848000076, 39.600140638000028 ], [ 26.856865035000055, 39.602409795000028 ], [ 26.868000949000077, 39.604677885000058 ], [ 26.879137589000038, 39.606944906000081 ], [ 26.890274955000052, 39.609210859000029 ], [ 26.901413048000052, 39.611475743000028 ], [ 26.912551865000069, 39.613739558000077 ], [ 26.923691409000071, 39.616002305000052 ], [ 26.934831678000023, 39.618263983000077 ], [ 26.94597267100005, 39.620524591000049 ], [ 26.957114390000072, 39.62278413000007 ], [ 26.968256833000055, 39.625042600000029 ], [ 26.9794, 39.6273 ] ] } },
{ "type": "Feature", "properties": { "LonA": 27.0607, "LatA": 38.4047, "LonB": 26.8148, "LatB": 38.3602, "SS_ID": 302.0, "Shape_Leng": 0.24989415004500001 }, "geometry": { "type": "LineString", "coordinates": [ [ 27.0607, 38.4047 ], [ 27.050002439000025, 38.402775954000049 ], [ 27.039305445000025, 38.400850931000036 ], [ 27.028609018000054, 38.398924932000057 ], [ 27.017913159000045, 38.396997956000064 ], [ 27.007217869000044, 38.395070003000058 ], [ 26.996523146000072, 38.393141074000027 ], [ 26.985828992000052, 38.39121116900003 ], [ 26.975135406000049, 38.389280287000076 ], [ 26.964442389000055, 38.387348429000042 ], [ 26.953749941000069, 38.38541559600003 ], [ 26.943058063000024, 38.383481786000061 ], [ 26.932366753000053, 38.381547001000058 ], [ 26.92167601400007, 38.379611240000031 ], [ 26.910985844000038, 38.377674504000026 ], [ 26.90029624500005, 38.375736792000055 ], [ 26.889607216000059, 38.373798105000049 ], [ 26.878918757000065, 38.371858443000065 ], [ 26.868230870000048, 38.369917806000046 ], [ 26.857543553000028, 38.36797619400005 ], [ 26.846856807000052, 38.366033607000077 ], [ 26.836170633000052, 38.364090046000058 ], [ 26.825485031000028, 38.362145510000062 ], [ 26.8148, 38.3602 ] ] } },
{ "type": "Feature", "properties": { "LonA": 27.8859, "LatA": 38.4916, "LonB": 27.2779, "LatB": 38.6279, "SS_ID": 307.0, "Shape_Leng": 0.62309129483400005 }, "geometry": { "type": "LineString", "coordinates": [ [ 27.8859, 38.4916 ], [ 27.875063042000079, 38.494061609000028 ], [ 27.864225346000069, 38.496522214000038 ], [ 27.853386914000055, 38.498981815000036 ], [ 27.842547744000058, 38.501440412000079 ], [ 27.831707837000067, 38.503898005000053 ], [ 27.820867194000073, 38.506354593000026 ], [ 27.810025815000074, 38.508810177000043 ], [ 27.799183699000025, 38.51126475600006 ], [ 27.788340847000029, 38.513718330000074 ], [ 27.777497259000029, 38.516170900000077 ], [ 27.766652936000071, 38.518622464000032 ], [ 27.755807877000052, 38.521073023000042 ], [ 27.744962083000075, 38.523522576000062 ], [ 27.734115553000038, 38.52597112400008 ], [ 27.723268289000032, 38.52841866600005 ], [ 27.712420290000068, 38.53086520200003 ], [ 27.701571556000033, 38.533310731000029 ], [ 27.69072208800003, 38.535755255000026 ], [ 27.679871886000058, 38.538198772000044 ], [ 27.669020949000071, 38.54064128300007 ], [ 27.658169279000049, 38.54308278700006 ], [ 27.647316876000048, 38.545523284000069 ], [ 27.636463739000078, 38.547962774000041 ], [ 27.625609868000026, 38.550401257000033 ], [ 27.614755265000042, 38.552838733000044 ], [ 27.603899928000033, 38.555275201000029 ], [ 27.593043859000034, 38.557710661000044 ], [ 27.582187058000045, 38.560145114000079 ], [ 27.571329524000078, 38.562578559000031 ], [ 27.560471258000064, 38.56501099500008 ], [ 27.54961226100005, 38.567442424000035 ], [ 27.538752531000057, 38.569872844000031 ], [ 27.527892070000064, 38.572302255000068 ], [ 27.517030877000025, 38.574730658000078 ], [ 27.506168954000032, 38.577158052000073 ], [ 27.495306299000049, 38.579584436000061 ], [ 27.484442914000056, 38.582009812000024 ], [ 27.473578798000062, 38.584434178000038 ], [ 27.462713952000058, 38.586857535000036 ], [ 27.451848375000054, 38.589279882000028 ], [ 27.440982069000029, 38.591701220000061 ], [ 27.43011503200006, 38.594121547000043 ], [ 27.41924726600007, 38.596540864000076 ], [ 27.408378771000059, 38.598959171000047 ], [ 27.397509546000038, 38.601376468000069 ], [ 27.386639592000051, 38.60379275400004 ], [ 27.375768910000033, 38.606208029000072 ], [ 27.364897499000051, 38.608622294000043 ], [ 27.354025359000048, 38.611035547000029 ], [ 27.343152491000069, 38.613447790000066 ], [ 27.332278895000059, 38.615859021000063 ], [ 27.321404571000073, 38.618269240000075 ], [ 27.310529519000056, 38.620678448000035 ], [ 27.299653740000053, 38.623086644000068 ], [ 27.288777234000065, 38.62549382800006 ], [ 27.2779, 38.6279 ] ] } },
{ "type": "Feature", "properties": { "LonA": 27.9629, "LatA": 38.6164, "LonB": 27.7177, "LatB": 38.7659, "SS_ID": 308.0, "Shape_Leng": 0.28718176975600002 }, "geometry": { "type": "LineString", "coordinates": [ [ 27.9629, 38.6164 ], [ 27.954160415000047, 38.621748191000052 ], [ 27.945419532000074, 38.627095725000061 ], [ 27.936677351000071, 38.632442601000037 ], [ 27.92793387100005, 38.637788818000047 ], [ 27.919189092000067, 38.643134377000024 ], [ 27.910443013000076, 38.648479277000035 ], [ 27.901695635000067, 38.653823519000071 ], [ 27.892946958000039, 38.659167101000037 ], [ 27.88419698000007, 38.664510024000037 ], [ 27.875445701000046, 38.669852288000072 ], [ 27.866693122000072, 38.675193891000049 ], [ 27.857939243000033, 38.68053483500006 ], [ 27.849184061000074, 38.685875119000059 ], [ 27.84042757800006, 38.691214742000057 ], [ 27.831669794000049, 38.696553705000042 ], [ 27.822910707000062, 38.701892006000037 ], [ 27.814150318000031, 38.707229647000077 ], [ 27.805388626000024, 38.712566626000068 ], [ 27.79662563200003, 38.717902944000059 ], [ 27.78786133400007, 38.723238600000059 ], [ 27.77909573200003, 38.728573594000068 ], [ 27.770328827000071, 38.733907926000029 ], [ 27.761560618000033, 38.739241596000056 ], [ 27.752791104000039, 38.744574603000046 ], [ 27.744020286000023, 38.749906947000056 ], [ 27.735248162000062, 38.755238628000029 ], [ 27.726474734000078, 38.760569646000079 ], [ 27.7177, 38.7659 ] ] } },
{ "type": "Feature", "properties": { "LonA": 27.643, "LatA": 38.407, "LonB": 27.3361, "LatB": 38.4407, "SS_ID": 310.0, "Shape_Leng": 0.30874480945400001 }, "geometry": { "type": "LineString", "coordinates": [ [ 27.643, 38.407 ], [ 27.632044213000029, 38.408217409000031 ], [ 27.621088059000044, 38.409433794000051 ], [ 27.610131538000076, 38.410649155000044 ], [ 27.599174650000066, 38.411863491000076 ], [ 27.588217395000072, 38.413076802000035 ], [ 27.577259774000026, 38.414289089000079 ], [ 27.566301787000043, 38.415500351000048 ], [ 27.555343434000065, 38.416710588000058 ], [ 27.544384715000035, 38.417919801000039 ], [ 27.533425632000046, 38.419127988000071 ], [ 27.522466183000063, 38.420335150000028 ], [ 27.511506370000063, 38.421541287000025 ], [ 27.500546193000048, 38.422746399000062 ], [ 27.489585651000027, 38.423950486000081 ], [ 27.478624746000037, 38.425153547000036 ], [ 27.467663477000031, 38.426355583000031 ], [ 27.456701845000055, 38.427556593000077 ], [ 27.445739850000052, 38.428756578000048 ], [ 27.434777492000023, 38.429955537000069 ], [ 27.423814772000071, 38.431153470000027 ], [ 27.412851690000025, 38.432350378000081 ], [ 27.401888246000055, 38.433546259000025 ], [ 27.390924440000049, 38.434741115000065 ], [ 27.379960274000041, 38.435934944000053 ], [ 27.368995746000053, 38.43712774800008 ], [ 27.358030858000063, 38.438319525000054 ], [ 27.347065609000026, 38.439510276000078 ], [ 27.3361, 38.4407 ] ] } },
{ "type": "Feature", "properties": { "LonA": 27.2403, "LatA": 37.821, "LonB": 27.4945, "LatB": 37.8711, "SS_ID": 320.0, "Shape_Leng": 0.25909010107899999 }, "geometry": { "type": "LineString", "coordinates": [ [ 27.2403, 37.821 ], [ 27.250884791000033, 37.823098458000061 ], [ 27.261470182000039, 37.825195965000034 ], [ 27.272056172000077, 37.827292519000025 ], [ 27.282642760000044, 37.829388121000079 ], [ 27.293229947000043, 37.831482770000036 ], [ 27.303817733000074, 37.833576467000057 ], [ 27.314406117000033, 37.835669212000028 ], [ 27.324995099000034, 37.837761004000072 ], [ 27.335584680000068, 37.839851843000076 ], [ 27.346174857000051, 37.841941729000041 ], [ 27.356765633000066, 37.844030661000033 ], [ 27.367357005000031, 37.846118641000032 ], [ 27.377948975000038, 37.848205667000059 ], [ 27.388541542000041, 37.850291740000046 ], [ 27.399134706000041, 37.85237685900006 ], [ 27.409728466000047, 37.854461025000035 ], [ 27.42032282200006, 37.856544237000037 ], [ 27.430917775000069, 37.858626494000077 ], [ 27.441513324000027, 37.860707798000078 ], [ 27.45210946800006, 37.86278814700006 ], [ 27.462706208000043, 37.86486754200007 ], [ 27.473303544000032, 37.866945983000051 ], [ 27.483901474000049, 37.869023469000069 ], [ 27.4945, 37.8711 ] ] } },
{ "type": "Feature", "properties": { "LonA": 27.497, "LatA": 37.9088, "LonB": 27.8561, "LatB": 37.8588, "SS_ID": 321.0, "Shape_Leng": 0.36256436745199999 }, "geometry": { "type": "LineString", "coordinates": [ [ 27.497, 37.9088 ], [ 27.507888932000071, 37.907300956000029 ], [ 27.518777421000038, 37.905800905000035 ], [ 27.529665469000065, 37.904299845000025 ], [ 27.540553074000059, 37.902797779000025 ], [ 27.551440236000076, 37.901294705000055 ], [ 27.56232695500006, 37.899790623000058 ], [ 27.573213231000068, 37.898285534000024 ], [ 27.584099064000043, 37.896779439000056 ], [ 27.594984453000052, 37.895272336000062 ], [ 27.605869397000049, 37.89376422600003 ], [ 27.61675389800007, 37.892255109000075 ], [ 27.627637954000079, 37.890744986000072 ], [ 27.638521565000076, 37.889233856000033 ], [ 27.64940473200005, 37.887721719000069 ], [ 27.660287453000024, 37.886208576000058 ], [ 27.671169728000052, 37.884694426000067 ], [ 27.682051558000069, 37.883179270000028 ], [ 27.692932941000038, 37.881663108000055 ], [ 27.703813879000052, 37.880145940000034 ], [ 27.714694369000028, 37.878627766000079 ], [ 27.725574413000061, 37.877108586000077 ], [ 27.736454010000045, 37.875588400000026 ], [ 27.747333160000039, 37.874067209000032 ], [ 27.758211862000053, 37.872545012000046 ], [ 27.769090117000076, 37.871021809000069 ], [ 27.779967923000072, 37.869497601000035 ], [ 27.790845281000031, 37.867972387000066 ], [ 27.801722190000078, 37.866446169000028 ], [ 27.81259865100003, 37.864918945000056 ], [ 27.823474662000024, 37.863390716000026 ], [ 27.834350225000037, 37.861861482000052 ], [ 27.845225337000045, 37.860331243000076 ], [ 27.8561, 37.8588 ] ] } },
{ "type": "Feature", "properties": { "LonA": 27.8647, "LatA": 37.8514, "LonB": 28.3569, "LatB": 37.927, "SS_ID": 322.0, "Shape_Leng": 0.49797248789199999 }, "geometry": { "type": "LineString", "coordinates": [ [ 27.8647, 37.8514 ], [ 27.875626803000046, 37.853102352000064 ], [ 27.886554109000031, 37.85480368900005 ], [ 27.89748191700005, 37.856504011000027 ], [ 27.908410227000047, 37.85820331900004 ], [ 27.919339039000079, 37.859901613000034 ], [ 27.930268352000041, 37.861598891000028 ], [ 27.941198166000049, 37.86329515400007 ], [ 27.952128480000056, 37.864990402000046 ], [ 27.96305929600004, 37.86668463500007 ], [ 27.973990612000023, 37.868377853000027 ], [ 27.984922428000061, 37.870070055000042 ], [ 27.995854744000042, 37.871761242000048 ], [ 28.006787560000078, 37.873451413000055 ], [ 28.017720875000066, 37.875140569000052 ], [ 28.028654689000064, 37.876828708000062 ], [ 28.039589002000071, 37.878515832000062 ], [ 28.05052381400003, 37.880201940000063 ], [ 28.061459125000056, 37.881887031000076 ], [ 28.072394933000055, 37.883571106000034 ], [ 28.083331239000074, 37.885254165000049 ], [ 28.094268043000056, 37.886936207000076 ], [ 28.105205345000059, 37.888617233000048 ], [ 28.116143144000034, 37.890297242000031 ], [ 28.127081439000051, 37.891976234000026 ], [ 28.138020232000031, 37.893654209000033 ], [ 28.148959520000062, 37.895331168000041 ], [ 28.159899305000067, 37.897007109000072 ], [ 28.170839586000056, 37.898682033000057 ], [ 28.18178036300003, 37.900355939000065 ], [ 28.192721635000055, 37.902028828000027 ], [ 28.203663402000075, 37.903700700000059 ], [ 28.214605664000032, 37.905371554000055 ], [ 28.225548421000042, 37.907041390000074 ], [ 28.236491673000046, 37.908710208000059 ], [ 28.247435418000066, 37.910378009000055 ], [ 28.258379658000024, 37.912044791000028 ], [ 28.269324391000055, 37.91371055500008 ], [ 28.280269618000034, 37.91537530100004 ], [ 28.29121533700004, 37.917039028000033 ], [ 28.302161550000051, 37.918701737000049 ], [ 28.313108256000078, 37.920363427000041 ], [ 28.324055454000074, 37.922024099000055 ], [ 28.335003144000041, 37.923683751000056 ], [ 28.345951326000034, 37.925342385000079 ], [ 28.3569, 37.927 ] ] } },
{ "type": "Feature", "properties": { "LonA": 27.1561, "LatA": 37.6079, "LonB": 27.4633, "LatB": 37.7782, "SS_ID": 323.0, "Shape_Leng": 0.35124648016900001 }, "geometry": { "type": "LineString", "coordinates": [ [ 27.1561, 37.6079 ], [ 27.165115257000025, 37.612920297000073 ], [ 27.174131726000041, 37.617939902000046 ], [ 27.18314940700003, 37.622958813000025 ], [ 27.192168301000038, 37.627977030000068 ], [ 27.201188407000075, 37.632994554000049 ], [ 27.210209726000073, 37.638011384000038 ], [ 27.219232259000023, 37.643027520000032 ], [ 27.228256005000048, 37.648042961000044 ], [ 27.237280964000036, 37.653057708000063 ], [ 27.246307138000077, 37.658071760000041 ], [ 27.255334525000023, 37.663085116000047 ], [ 27.264363127000024, 37.66809777800006 ], [ 27.273392943000033, 37.673109744000044 ], [ 27.282423974000039, 37.678121015000045 ], [ 27.291456219000054, 37.683131589000027 ], [ 27.300489680000055, 37.688141468000026 ], [ 27.309524356000054, 37.693150650000064 ], [ 27.31856024800004, 37.698159136000072 ], [ 27.327597355000023, 37.703166925000062 ], [ 27.33663567800005, 37.708174016000044 ], [ 27.345675218000054, 37.713180411000053 ], [ 27.354715973000054, 37.718186109000044 ], [ 27.363757946000078, 37.723191108000037 ], [ 27.372801135000032, 37.728195410000069 ], [ 27.381845541000075, 37.733199014000036 ], [ 27.390891165000028, 37.738201919000062 ], [ 27.39993800600007, 37.74320412700007 ], [ 27.408986065000079, 37.748205635000033 ], [ 27.418035341000063, 37.753206444000057 ], [ 27.42708583600006, 37.758206555000072 ], [ 27.436137549000023, 37.763205966000044 ], [ 27.445190480000065, 37.768204677000028 ], [ 27.454244631000051, 37.773202688000026 ], [ 27.4633, 37.7782 ] ] } },
{ "type": "Feature", "properties": { "LonA": 27.9456, "LatA": 37.2138, "LonB": 27.5482, "LatB": 37.4037, "SS_ID": 324.0, "Shape_Leng": 0.440441968209 }, "geometry": { "type": "LineString", "coordinates": [ [ 27.9456, 37.2138 ], [ 27.936161307000077, 37.218336979000071 ], [ 27.926721484000041, 37.222873202000073 ], [ 27.917280529000038, 37.227408669000056 ], [ 27.907838445000039, 37.231943380000075 ], [ 27.898395229000073, 37.236477335000075 ], [ 27.888950882000074, 37.241010533000065 ], [ 27.879505404000042, 37.245542974000045 ], [ 27.870058794000045, 37.250074658000074 ], [ 27.86061105400006, 37.254605585000036 ], [ 27.851162181000063, 37.259135755000045 ], [ 27.841712177000034, 37.263665167000056 ], [ 27.832261041000038, 37.268193822000057 ], [ 27.822808773000077, 37.272721718000071 ], [ 27.813355373000036, 37.277248856000028 ], [ 27.803900841000029, 37.281775235000055 ], [ 27.794445176000067, 37.286300856000025 ], [ 27.784988379000026, 37.290825718000065 ], [ 27.77553044900003, 37.295349821000059 ], [ 27.766071386000078, 37.299873164000076 ], [ 27.756611191000047, 37.304395748000047 ], [ 27.747149862000072, 37.308917572000041 ], [ 27.737687401000073, 37.313438636000058 ], [ 27.728223806000074, 37.31795894000004 ], [ 27.718759077000072, 37.322478484000044 ], [ 27.709293215000059, 37.326997267000024 ], [ 27.699826219000045, 37.331515289000038 ], [ 27.690358090000075, 37.336032550000027 ], [ 27.680888826000057, 37.34054905000005 ], [ 27.671418429000028, 37.345064789000048 ], [ 27.661946897000064, 37.349579765000044 ], [ 27.652474231000042, 37.354093980000073 ], [ 27.643000430000029, 37.358607433000032 ], [ 27.633525495000072, 37.363120124000034 ], [ 27.624049425000067, 37.367632052000033 ], [ 27.61457222100006, 37.37214321700003 ], [ 27.605093881000073, 37.37665362000007 ], [ 27.595614406000038, 37.381163259000061 ], [ 27.58613379600007, 37.38567213500005 ], [ 27.576652050000064, 37.390180247000046 ], [ 27.567169169000067, 37.39468759500005 ], [ 27.557685152000033, 37.399194180000052 ], [ 27.5482, 37.4037 ] ] } },
{ "type": "Feature", "properties": { "LonA": 20.6585, "LatA": 40.8106, "LonB": 20.6273, "LatB": 41.2596, "SS_ID": 710.0, "Shape_Leng": 0.45008272030399998 }, "geometry": { "type": "LineString", "coordinates": [ [ 20.6585, 40.8106 ], [ 20.657880136000074, 40.819580426000073 ], [ 20.657260104000045, 40.828560835000076 ], [ 20.656639905000077, 40.837541227000031 ], [ 20.656019539000056, 40.846521601000063 ], [ 20.655399005000049, 40.855501957000058 ], [ 20.654778303000057, 40.864482297000052 ], [ 20.654157434000069, 40.873462619000065 ], [ 20.653536397000039, 40.882442924000031 ], [ 20.652915192000023, 40.891423211000074 ], [ 20.652293819000022, 40.900403481000069 ], [ 20.651672278000035, 40.909383733000027 ], [ 20.651050569000063, 40.918363968000051 ], [ 20.650428692000048, 40.927344186000028 ], [ 20.649806646000059, 40.93632438700007 ], [ 20.649184431000037, 40.945304570000076 ], [ 20.648562048000031, 40.954284735000044 ], [ 20.647939497000039, 40.963264883000079 ], [ 20.647316776000025, 40.972245014000066 ], [ 20.646693887000026, 40.981225128000062 ], [ 20.646070828000063, 40.990205224000078 ], [ 20.645447601000058, 40.999185302000058 ], [ 20.644824204000031, 41.008165364000035 ], [ 20.644200638000029, 41.017145407000044 ], [ 20.643576903000053, 41.026125434000051 ], [ 20.642952998000055, 41.035105443000077 ], [ 20.642328923000036, 41.044085434000067 ], [ 20.641704679000043, 41.053065408000066 ], [ 20.641080265000028, 41.062045365000074 ], [ 20.640455682000038, 41.071025304000045 ], [ 20.639830928000038, 41.080005226000026 ], [ 20.639206004000073, 41.088985131000072 ], [ 20.63858091000003, 41.097965018000025 ], [ 20.637955646000023, 41.106944887000054 ], [ 20.637330211000062, 41.115924739000036 ], [ 20.636704606000023, 41.124904574000027 ], [ 20.636078830000031, 41.133884391000038 ], [ 20.635452883000028, 41.142864191000058 ], [ 20.63482676600006, 41.151843973000041 ], [ 20.634200478000025, 41.160823738000033 ], [ 20.633574019000037, 41.169803486000035 ], [ 20.632947388000048, 41.178783216000056 ], [ 20.632320587000038, 41.187762928000041 ], [ 20.631693614000028, 41.196742623000034 ], [ 20.631066470000064, 41.205722301000037 ], [ 20.630439154000044, 41.21470196100006 ], [ 20.62981166700007, 41.223681604000035 ], [ 20.629184008000038, 41.23266122900003 ], [ 20.628556177000064, 41.241640837000034 ], [ 20.627928175000022, 41.250620427000058 ], [ 20.6273, 41.2596 ] ] } },
{ "type": "Feature", "properties": { "LonA": 20.8115, "LatA": 40.7016, "LonB": 20.7867, "LatB": 40.4866, "SS_ID": 711.0, "Shape_Leng": 0.21642560410600001 }, "geometry": { "type": "LineString", "coordinates": [ [ 20.8115, 40.7016 ], [ 20.810463488000039, 40.692641934000051 ], [ 20.809427253000024, 40.683683844000029 ], [ 20.808391296000025, 40.67472573100008 ], [ 20.807355617000042, 40.665767595000034 ], [ 20.806320214000039, 40.656809435000071 ], [ 20.805285088000062, 40.647851252000066 ], [ 20.804250239000055, 40.638893047000067 ], [ 20.803215667000075, 40.629934818000038 ], [ 20.802181371000074, 40.620976565000035 ], [ 20.801147351000054, 40.612018290000037 ], [ 20.800113608000061, 40.603059991000066 ], [ 20.799080141000047, 40.594101669000054 ], [ 20.798046949000025, 40.585143324000057 ], [ 20.797014033000039, 40.576184956000077 ], [ 20.795981393000034, 40.567226564000066 ], [ 20.794949028000076, 40.55826815000006 ], [ 20.793916938000052, 40.549309712000024 ], [ 20.792885123000076, 40.540351251000061 ], [ 20.791853583000034, 40.531392767000057 ], [ 20.79082231700005, 40.522434260000068 ], [ 20.789791327000046, 40.513475730000039 ], [ 20.788760610000054, 40.504517176000036 ], [ 20.787730168000053, 40.495558600000038 ], [ 20.7867, 40.4866 ] ] } },
{ "type": "Feature", "properties": { "LonA": 21.373, "LatA": 41.127, "LonB": 21.1662, "LatB": 41.6344, "SS_ID": 715.0, "Shape_Leng": 0.54792501165899998 }, "geometry": { "type": "LineString", "coordinates": [ [ 21.373, 41.127 ], [ 21.369521557000041, 41.135603453000044 ], [ 21.366042206000031, 41.144206789000066 ], [ 21.362561944000049, 41.152810007000028 ], [ 21.359080773000073, 41.161413106000055 ], [ 21.355598691000068, 41.170016087000079 ], [ 21.352115698000034, 41.178618950000043 ], [ 21.348631794000028, 41.187221695000062 ], [ 21.34514697700007, 41.195824322000078 ], [ 21.341661248000037, 41.204426830000045 ], [ 21.338174605000063, 41.213029220000067 ], [ 21.334687049000024, 41.221631491000039 ], [ 21.331198579000045, 41.230233644000066 ], [ 21.327709194000022, 41.238835678000044 ], [ 21.324218895000058, 41.247437594000075 ], [ 21.320727679000072, 41.256039390000069 ], [ 21.317235548000042, 41.264641069000049 ], [ 21.313742499000057, 41.273242628000048 ], [ 21.310248534000038, 41.281844068000055 ], [ 21.306753651000065, 41.29044538900007 ], [ 21.303257850000023, 41.299046591000035 ], [ 21.299761130000036, 41.307647675000055 ], [ 21.296263491000047, 41.316248639000037 ], [ 21.292764933000058, 41.324849484000026 ], [ 21.289265454000031, 41.333450209000034 ], [ 21.285765054000024, 41.34205081500005 ], [ 21.282263733000036, 41.350651302000074 ], [ 21.278761491000068, 41.359251670000049 ], [ 21.275258326000028, 41.367851918000042 ], [ 21.271754239000074, 41.376452046000054 ], [ 21.268249228000059, 41.385052055000074 ], [ 21.264743294000027, 41.393651944000055 ], [ 21.261236435000058, 41.402251713000055 ], [ 21.257728652000026, 41.410851363000063 ], [ 21.254219943000066, 41.419450892000043 ], [ 21.250710308000066, 41.428050302000031 ], [ 21.247199747000025, 41.436649592000038 ], [ 21.243688260000056, 41.445248762000062 ], [ 21.240175845000067, 41.45384781100006 ], [ 21.236662502000058, 41.462446741000065 ], [ 21.23314823000004, 41.471045550000042 ], [ 21.229633030000059, 41.479644239000038 ], [ 21.226116901000069, 41.488242807000063 ], [ 21.222599841000033, 41.496841255000049 ], [ 21.219081851000055, 41.505439583000054 ], [ 21.215562930000033, 41.514037790000032 ], [ 21.212043078000022, 41.522635877000027 ], [ 21.208522294000034, 41.531233843000052 ], [ 21.205000577000078, 41.539831688000049 ], [ 21.201477927000042, 41.548429412000075 ], [ 21.197954344000038, 41.557027016000063 ], [ 21.194429827000079, 41.565624498000034 ], [ 21.190904375000059, 41.57422186000008 ], [ 21.187377988000037, 41.582819101000041 ], [ 21.183850665000023, 41.591416220000042 ], [ 21.180322406000073, 41.600013219000061 ], [ 21.176793211000074, 41.608610096000064 ], [ 21.173263079000037, 41.617206852000038 ], [ 21.16973200800004, 41.625803487000042 ], [ 21.1662, 41.6344 ] ] } },
{ "type": "Feature", "properties": { "LonA": 20.2246, "LatA": 41.2473, "LonB": 20.8756, "LatB": 41.7886, "SS_ID": 721.0, "Shape_Leng": 0.84664910476199995 }, "geometry": { "type": "LineString", "coordinates": [ [ 20.2246, 41.2473 ], [ 20.232473986000059, 41.25392359500006 ], [ 20.240349563000052, 41.260546644000044 ], [ 20.248226732000035, 41.267169146000072 ], [ 20.256105492000074, 41.273791102000075 ], [ 20.263985845000036, 41.280412511000065 ], [ 20.271867791000034, 41.287033373000043 ], [ 20.279751330000067, 41.293653687000074 ], [ 20.287636464000059, 41.300273454000035 ], [ 20.295523192000076, 41.30689267200006 ], [ 20.30341151600004, 41.313511343000073 ], [ 20.311301436000065, 41.320129465000036 ], [ 20.319192952000037, 41.326747039000054 ], [ 20.32708606500006, 41.333364064000079 ], [ 20.334980775000076, 41.339980540000056 ], [ 20.342877084000065, 41.34659646700004 ], [ 20.350774992000026, 41.353211844000043 ], [ 20.358674498000028, 41.359826672000054 ], [ 20.366575605000037, 41.366440949000037 ], [ 20.374478312000065, 41.373054677000027 ], [ 20.382382620000044, 41.379667853000058 ], [ 20.390288529000031, 41.386280480000039 ], [ 20.398196041000062, 41.39289255500006 ], [ 20.406105155000034, 41.399504079000053 ], [ 20.41401587200005, 41.406115052000075 ], [ 20.421928193000042, 41.41272547300008 ], [ 20.429842119000057, 41.419335343000057 ], [ 20.437757649000048, 41.425944660000027 ], [ 20.445674785000051, 41.432553425000037 ], [ 20.453593527000066, 41.43916163800003 ], [ 20.461513876000026, 41.445769297000027 ], [ 20.469435831000055, 41.452376404000063 ], [ 20.477359395000065, 41.458982958000036 ], [ 20.485284567000065, 41.465588958000069 ], [ 20.493211347000056, 41.472194404000049 ], [ 20.501139737000074, 41.478799296000034 ], [ 20.509069737000061, 41.485403634000079 ], [ 20.517001348000065, 41.492007418000071 ], [ 20.524934570000028, 41.498610647000078 ], [ 20.532869404000053, 41.505213321000042 ], [ 20.540805849000037, 41.511815440000078 ], [ 20.548743908000063, 41.518417004000071 ], [ 20.556683580000026, 41.525018012000032 ], [ 20.564624866000031, 41.531618464000076 ], [ 20.572567767000066, 41.53821836000003 ], [ 20.580512283000076, 41.544817699000077 ], [ 20.588458414000058, 41.551416483000025 ], [ 20.596406162000051, 41.558014709000076 ], [ 20.604355526000063, 41.564612378000049 ], [ 20.612306508000074, 41.571209490000058 ], [ 20.620259108000027, 41.577806045000045 ], [ 20.628213326000036, 41.584402042000079 ], [ 20.636169164000023, 41.590997481000045 ], [ 20.644126621000055, 41.597592361000068 ], [ 20.652085699000054, 41.60418668300008 ], [ 20.660046397000031, 41.610780447000025 ], [ 20.668008716000031, 41.617373651000037 ], [ 20.675972658000035, 41.623966297000038 ], [ 20.683938222000052, 41.63055838300005 ], [ 20.691905409000071, 41.637149909000073 ], [ 20.699874220000027, 41.643740875000049 ], [ 20.707844655000031, 41.650331282000025 ], [ 20.715816715000074, 41.656921127000032 ], [ 20.723790400000041, 41.66351041300004 ], [ 20.731765711000037, 41.670099137000079 ], [ 20.73974264900005, 41.676687301000072 ], [ 20.747721214000023, 41.68327490300004 ], [ 20.755701406000071, 41.689861943000039 ], [ 20.763683227000058, 41.69644842200006 ], [ 20.771666676000052, 41.703034338000066 ], [ 20.779651755000032, 41.709619693000036 ], [ 20.787638464000054, 41.716204485000048 ], [ 20.795626803000061, 41.722788714000046 ], [ 20.803616773000044, 41.729372380000029 ], [ 20.811608375000048, 41.735955483000055 ], [ 20.819601610000063, 41.742538022000076 ], [ 20.827596477000043, 41.749119998000026 ], [ 20.835592977000033, 41.755701409000039 ], [ 20.84359111200007, 41.762282257000038 ], [ 20.85159088000006, 41.768862540000043 ], [ 20.85959228400003, 41.775442258000055 ], [ 20.867595324000035, 41.782021412000063 ], [ 20.8756, 41.7886 ] ] } },
{ "type": "Feature", "properties": { "LonA": 20.8895, "LatA": 41.9652, "LonB": 21.1636, "LatB": 42.1686, "SS_ID": 722.0, "Shape_Leng": 0.34132473737800001 }, "geometry": { "type": "LineString", "coordinates": [ [ 20.8895, 41.9652 ], [ 20.897780392000072, 41.97137334100006 ], [ 20.906062382000073, 41.977546077000056 ], [ 20.914345973000025, 41.983718209000074 ], [ 20.922631163000062, 41.989889737000055 ], [ 20.930917955000041, 41.996060660000069 ], [ 20.939206347000038, 42.002230978000057 ], [ 20.947496341000033, 42.008400691000077 ], [ 20.955787937000025, 42.014569799000071 ], [ 20.964081136000061, 42.020738301000051 ], [ 20.972375938000027, 42.026906196000027 ], [ 20.980672343000037, 42.033073486000035 ], [ 20.98897035300007, 42.039240169000038 ], [ 20.997269967000022, 42.045406246000027 ], [ 21.005571187000044, 42.051571716000069 ], [ 21.013874012000031, 42.05773657800006 ], [ 21.02217844300003, 42.063900833000048 ], [ 21.03048448100003, 42.070064481000031 ], [ 21.038792126000033, 42.076227520000032 ], [ 21.047101379000026, 42.082389952000028 ], [ 21.055412240000067, 42.088551775000042 ], [ 21.063724709000041, 42.094712989000072 ], [ 21.072038788000043, 42.100873595000053 ], [ 21.080354476000025, 42.107033591000061 ], [ 21.088671774000034, 42.113192978000029 ], [ 21.096990684000048, 42.119351755000025 ], [ 21.105311204000031, 42.125509923000038 ], [ 21.113633336000078, 42.131667481000079 ], [ 21.121957080000072, 42.137824428000044 ], [ 21.130282436000073, 42.143980764000048 ], [ 21.138609406000057, 42.150136490000079 ], [ 21.146937990000026, 42.156291605000035 ], [ 21.155268188000036, 42.16244610800004 ], [ 21.1636, 42.1686 ] ] } },
{ "type": "Feature", "properties": { "LonA": 23.2428, "LatA": 41.3744, "LonB": 22.6916, "LatB": 41.3672, "SS_ID": 750.0, "Shape_Leng": 0.55124754981799995 }, "geometry": { "type": "LineString", "coordinates": [ [ 23.2428, 41.3744 ], [ 23.231071149000059, 41.374274299000035 ], [ 23.219342343000051, 41.374147403000052 ], [ 23.207613583000068, 41.37401931100004 ], [ 23.195884869000054, 41.373890024000048 ], [ 23.184156202000054, 41.373759541000027 ], [ 23.172427582000068, 41.373627864000071 ], [ 23.16069901000003, 41.37349499000004 ], [ 23.148970485000063, 41.373360922000074 ], [ 23.137242009000033, 41.373225658000081 ], [ 23.125513582000053, 41.373089199000049 ], [ 23.113785204000067, 41.372951544000045 ], [ 23.102056875000073, 41.372812694000061 ], [ 23.090328597000052, 41.372672649000037 ], [ 23.078600369000071, 41.372531409000032 ], [ 23.066872192000062, 41.372388973000056 ], [ 23.055144067000072, 41.372245342000042 ], [ 23.043415993000053, 41.372100516000046 ], [ 23.031687972000043, 41.371954495000068 ], [ 23.019960003000051, 41.371807278000063 ], [ 23.008232087000067, 41.371658866000075 ], [ 22.996504225000024, 41.371509259000049 ], [ 22.984776417000035, 41.371358457000042 ], [ 22.973048663000043, 41.371206459000064 ], [ 22.961320964000038, 41.371053267000036 ], [ 22.949593320000076, 41.370898879000038 ], [ 22.937865732000034, 41.370743296000057 ], [ 22.926138200000025, 41.370586518000039 ], [ 22.914410725000039, 41.370428545000038 ], [ 22.902683306000029, 41.370269377000056 ], [ 22.89095594500003, 41.370109013000047 ], [ 22.879228642000044, 41.369947455000045 ], [ 22.867501397000069, 41.369784701000071 ], [ 22.85577421000005, 41.369620753000049 ], [ 22.844047083000078, 41.369455609000056 ], [ 22.83232001500005, 41.369289271000071 ], [ 22.82059300700007, 41.369121737000057 ], [ 22.808866060000071, 41.368953009000052 ], [ 22.797139173000062, 41.368783085000075 ], [ 22.785412347000033, 41.36861196600006 ], [ 22.773685584000077, 41.368439653000053 ], [ 22.761958882000044, 41.368266144000074 ], [ 22.750232243000028, 41.368091441000047 ], [ 22.738505667000027, 41.367915542000048 ], [ 22.726779154000042, 41.367738449000058 ], [ 22.715052705000062, 41.367560161000029 ], [ 22.703326320000031, 41.367380678000075 ], [ 22.6916, 41.3672 ] ] } },
{ "type": "Feature", "properties": { "LonA": 22.5637, "LatA": 41.4055, "LonB": 22.1436, "LatB": 41.6601, "SS_ID": 752.0, "Shape_Leng": 0.49122900415199999 }, "geometry": { "type": "LineString", "coordinates": [ [ 22.5637, 41.4055 ], [ 22.554602363000072, 41.411051178000037 ], [ 22.545503177000057, 41.416601630000059 ], [ 22.536402441000064, 41.422151358000065 ], [ 22.527300156000024, 41.427700361000063 ], [ 22.518196321000062, 41.433248637000077 ], [ 22.509090936000064, 41.438796188000026 ], [ 22.499983999000051, 41.444343013000037 ], [ 22.490875512000059, 41.449889111000061 ], [ 22.481765473000053, 41.455434483000033 ], [ 22.472653882000031, 41.460979128000076 ], [ 22.463540739000052, 41.466523045000031 ], [ 22.454426043000069, 41.472066236000046 ], [ 22.445309795000071, 41.47760869800004 ], [ 22.436191993000023, 41.483150433000048 ], [ 22.427072637000038, 41.488691439000036 ], [ 22.417951728000048, 41.494231717000048 ], [ 22.408829264000076, 41.499771266000039 ], [ 22.399705245000064, 41.505310086000065 ], [ 22.390579671000069, 41.510848176000025 ], [ 22.381452541000044, 41.516385538000065 ], [ 22.372323856000037, 41.52192216900005 ], [ 22.363193614000068, 41.52745807000008 ], [ 22.354061816000069, 41.532993241000042 ], [ 22.344928461000052, 41.538527682000051 ], [ 22.335793549000073, 41.544061391000071 ], [ 22.326657078000039, 41.549594370000079 ], [ 22.317519050000044, 41.555126617000042 ], [ 22.308379464000041, 41.560658132000071 ], [ 22.29923831800005, 41.566188916000044 ], [ 22.290095614000052, 41.571718967000038 ], [ 22.280951349000077, 41.577248286000042 ], [ 22.271805526000037, 41.582776872000068 ], [ 22.262658141000031, 41.588304726000047 ], [ 22.253509197000028, 41.593831846000057 ], [ 22.244358691000059, 41.599358232000043 ], [ 22.235206624000057, 41.604883885000049 ], [ 22.226052995000032, 41.610408804000031 ], [ 22.216897804000041, 41.615932989000044 ], [ 22.207741051000028, 41.621456439000042 ], [ 22.198582735000059, 41.626979154000026 ], [ 22.189422856000078, 41.632501134000051 ], [ 22.180261413000039, 41.638022379000063 ], [ 22.171098406000056, 41.64354288800007 ], [ 22.16193383600006, 41.649062662000063 ], [ 22.152767700000027, 41.654581699000062 ], [ 22.1436, 41.6601 ] ] } },
{ "type": "Feature", "properties": { "LonA": 21.665, "LatA": 41.8864, "LonB": 21.2594, "LatB": 42.027, "SS_ID": 756.0, "Shape_Leng": 0.42927850372999998 }, "geometry": { "type": "LineString", "coordinates": [ [ 21.665, 41.8864 ], [ 21.654349162000074, 41.890118375000043 ], [ 21.643697089000057, 41.893835759000069 ], [ 21.633043781000026, 41.897552153000049 ], [ 21.62238923700005, 41.90126755600005 ], [ 21.61173345800006, 41.904981968000072 ], [ 21.601076444000057, 41.908695389000059 ], [ 21.590418195000041, 41.912407818000077 ], [ 21.579758711000068, 41.916119255000069 ], [ 21.569097992000025, 41.919829701000026 ], [ 21.558436038000025, 41.923539154000025 ], [ 21.547772848000022, 41.927247614000066 ], [ 21.537108424000053, 41.930955082000025 ], [ 21.52644276500007, 41.934661557000027 ], [ 21.515775871000073, 41.93836703900007 ], [ 21.505107742000064, 41.942071527000053 ], [ 21.494438378000041, 41.945775021000031 ], [ 21.483767779000061, 41.949477522000052 ], [ 21.473095945000068, 41.953179028000079 ], [ 21.462422877000051, 41.956879540000045 ], [ 21.451748573000032, 41.960579057000075 ], [ 21.441073035000045, 41.964277579000054 ], [ 21.430396262000045, 41.96797510600004 ], [ 21.419718255000078, 41.971671638000032 ], [ 21.40903901300004, 41.975367174000041 ], [ 21.398358536000046, 41.979061714000068 ], [ 21.387676825000028, 41.982755258000054 ], [ 21.376993879000054, 41.986447806000058 ], [ 21.366309698000066, 41.990139357000032 ], [ 21.355624283000054, 41.993829911000034 ], [ 21.344937634000075, 41.997519468000064 ], [ 21.334249750000026, 42.001208028000065 ], [ 21.323560631000078, 42.004895590000046 ], [ 21.312870279000037, 42.008582154000067 ], [ 21.302178692000041, 42.012267720000068 ], [ 21.291485870000031, 42.015952288000051 ], [ 21.280791814000054, 42.019635858000072 ], [ 21.270096524000053, 42.023318428000039 ], [ 21.2594, 42.027 ] ] } },
{ "type": "Feature", "properties": { "LonA": 23.226, "LatA": 41.873, "LonB": 22.7759, "LatB": 41.7704, "SS_ID": 760.0, "Shape_Leng": 0.46164609477599999 }, "geometry": { "type": "LineString", "coordinates": [ [ 23.226, 41.873 ], [ 23.214730015000043, 41.870456540000077 ], [ 23.203460924000069, 41.867911972000059 ], [ 23.192192727000077, 41.865366298000026 ], [ 23.180925424000066, 41.862819518000038 ], [ 23.169659016000026, 41.860271631000046 ], [ 23.158393502000024, 41.857722638000041 ], [ 23.147128882000061, 41.85517253900008 ], [ 23.135865158000058, 41.852621334000048 ], [ 23.124602330000073, 41.85006902300006 ], [ 23.113340397000059, 41.847515607000048 ], [ 23.102079359000072, 41.844961085000079 ], [ 23.090819218000036, 41.842405459000076 ], [ 23.079559973000073, 41.83984872700006 ], [ 23.068301624000071, 41.837290891000066 ], [ 23.057044172000076, 41.834731950000048 ], [ 23.045787618000077, 41.832171905000052 ], [ 23.034531960000038, 41.829610756000079 ], [ 23.023277200000052, 41.827048503000071 ], [ 23.012023337000073, 41.824485146000029 ], [ 23.000770373000023, 41.821920685000066 ], [ 22.989518306000036, 41.819355121000058 ], [ 22.978267138000035, 41.816788454000061 ], [ 22.967016869000076, 41.814220684000077 ], [ 22.955767498000057, 41.811651810000058 ], [ 22.944519027000069, 41.80908183400004 ], [ 22.933271454000078, 41.80651075600008 ], [ 22.922024782000051, 41.803938575000075 ], [ 22.910779009000066, 41.801365292000071 ], [ 22.899534136000057, 41.798790908000058 ], [ 22.888290163000079, 41.796215421000056 ], [ 22.877047091000065, 41.793638833000045 ], [ 22.865804919000027, 41.791061143000036 ], [ 22.854563649000056, 41.788482353000063 ], [ 22.84332327900006, 41.785902461000035 ], [ 22.832083811000075, 41.783321468000054 ], [ 22.820845245000044, 41.780739375000053 ], [ 22.809607580000034, 41.778156182000032 ], [ 22.798370818000024, 41.775571888000059 ], [ 22.787134958000024, 41.772986494000065 ], [ 22.7759, 41.7704 ] ] } },
{ "type": "Feature", "properties": { "LonA": 23.6237, "LatA": 41.7985, "LonB": 23.2774, "LatB": 41.8773, "SS_ID": 761.0, "Shape_Leng": 0.35515243403199998 }, "geometry": { "type": "LineString", "coordinates": [ [ 23.6237, 41.7985 ], [ 23.612542311000027, 41.801058236000074 ], [ 23.601383734000024, 41.803615386000047 ], [ 23.590224270000078, 41.806171452000058 ], [ 23.579063918000031, 41.808726432000071 ], [ 23.567902681000078, 41.811280327000077 ], [ 23.556740556000022, 41.813833136000028 ], [ 23.545577546000061, 41.816384860000028 ], [ 23.534413649000044, 41.818935497000041 ], [ 23.523248867000063, 41.821485048000056 ], [ 23.512083199000074, 41.824033513000074 ], [ 23.500916645000075, 41.826580891000049 ], [ 23.489749207000045, 41.829127183000026 ], [ 23.478580883000063, 41.831672388000072 ], [ 23.467411675000051, 41.834216505000029 ], [ 23.456241582000075, 41.836759535000056 ], [ 23.445070605000069, 41.839301478000039 ], [ 23.433898744000032, 41.841842333000045 ], [ 23.422726, 41.844382100000075 ], [ 23.411552371000028, 41.846920780000062 ], [ 23.400377860000049, 41.849458371000026 ], [ 23.389202465000039, 41.851994873000081 ], [ 23.378026188000035, 41.854530287000046 ], [ 23.366849028000047, 41.857064613000034 ], [ 23.355670985000074, 41.859597849000068 ], [ 23.34449206000005, 41.862129997000068 ], [ 23.333312254000077, 41.864661055000056 ], [ 23.322131566000053, 41.867191024000078 ], [ 23.310949996000033, 41.869719903000032 ], [ 23.299767545000066, 41.87224769200003 ], [ 23.288584213000036, 41.874774391000074 ], [ 23.2774, 41.8773 ] ] } },
{ "type": "Feature", "properties": { "LonA": 24.1707, "LatA": 41.6361, "LonB": 23.7416, "LatB": 41.8687, "SS_ID": 762.0, "Shape_Leng": 0.48808838072400001 }, "geometry": { "type": "LineString", "coordinates": [ [ 24.1707, 41.6361 ], [ 24.161198059000071, 41.641286359000048 ], [ 24.151694594000048, 41.646471928000039 ], [ 24.142189604000066, 41.65165670600004 ], [ 24.132683091000047, 41.656840693000049 ], [ 24.123175053000068, 41.662023890000057 ], [ 24.113665490000074, 41.667206295000028 ], [ 24.104154401000073, 41.672387908000076 ], [ 24.094641787000057, 41.677568730000075 ], [ 24.085127648000025, 41.682748759000049 ], [ 24.075611982000055, 41.687927996000042 ], [ 24.066094790000022, 41.693106441000054 ], [ 24.056576071000052, 41.698284092000051 ], [ 24.047055826000076, 41.703460950000078 ], [ 24.037534053000059, 41.708637015000079 ], [ 24.028010752000057, 41.713812286000064 ], [ 24.018485924000061, 41.718986763000032 ], [ 24.008959567000034, 41.724160446000042 ], [ 23.999431682000022, 41.729333334000046 ], [ 23.989902269000027, 41.734505428000034 ], [ 23.980371326000068, 41.739676726000027 ], [ 23.970838855000068, 41.744847229000072 ], [ 23.961304853000058, 41.750016936000065 ], [ 23.951769322000075, 41.755185848000053 ], [ 23.942232261000072, 41.760353963000057 ], [ 23.932693669000059, 41.765521282000066 ], [ 23.923153546000037, 41.770687804000033 ], [ 23.913611893000052, 41.775853530000063 ], [ 23.904068708000068, 41.781018458000062 ], [ 23.894523992000074, 41.786182588000031 ], [ 23.884977743000036, 41.791345921000072 ], [ 23.875429963000045, 41.796508456000026 ], [ 23.865880650000065, 41.801670193000064 ], [ 23.85632980500003, 41.806831131000081 ], [ 23.846777426000074, 41.811991270000078 ], [ 23.837223514000073, 41.817150610000056 ], [ 23.827668069000026, 41.822309150000081 ], [ 23.81811108900007, 41.827466891000029 ], [ 23.808552576000068, 41.832623833000071 ], [ 23.798992528000042, 41.837779973000067 ], [ 23.789430945000049, 41.842935314000044 ], [ 23.779867827000032, 41.848089854000079 ], [ 23.770303174000048, 41.853243592000069 ], [ 23.760736985000051, 41.85839653000005 ], [ 23.75116926100003, 41.863548666000042 ], [ 23.7416, 41.8687 ] ] } },
{ "type": "Feature", "properties": { "LonA": 24.5075, "LatA": 42.0407, "LonB": 23.7369, "LatB": 42.2831, "SS_ID": 765.0, "Shape_Leng": 0.80782787387300004 }, "geometry": { "type": "LineString", "coordinates": [ [ 24.5075, 42.0407 ], [ 24.496532882000054, 42.044199277000075 ], [ 24.485564560000057, 42.047697504000041 ], [ 24.47459503500005, 42.051194680000037 ], [ 24.463624306000042, 42.054690806000053 ], [ 24.452652374000024, 42.058185881000043 ], [ 24.441679240000042, 42.061679905000062 ], [ 24.430704902000059, 42.065172877000066 ], [ 24.419729361000066, 42.068664798000043 ], [ 24.408752617000061, 42.072155667000061 ], [ 24.397774670000047, 42.075645483000073 ], [ 24.386795521000067, 42.079134248000059 ], [ 24.375815169000077, 42.082621959000051 ], [ 24.364833614000077, 42.086108618000026 ], [ 24.353850857000054, 42.089594224000052 ], [ 24.342866898000068, 42.093078777000073 ], [ 24.331881736000071, 42.096562276000043 ], [ 24.320895372000052, 42.100044721000074 ], [ 24.309907806000069, 42.103526112000054 ], [ 24.298919037000076, 42.107006449000039 ], [ 24.28792906700005, 42.110485732000029 ], [ 24.27693789500006, 42.113963959000046 ], [ 24.265945521000049, 42.117441132000067 ], [ 24.254951945000073, 42.120917249000058 ], [ 24.243957168000065, 42.124392311000065 ], [ 24.232961189000036, 42.127866317000041 ], [ 24.221964009000033, 42.131339268000033 ], [ 24.210965628000054, 42.134811162000062 ], [ 24.199966045000053, 42.138281999000071 ], [ 24.188965260000032, 42.14175178000005 ], [ 24.177963275000025, 42.145220504000065 ], [ 24.166960089000042, 42.148688170000071 ], [ 24.155955702000028, 42.152154780000046 ], [ 24.144950114000039, 42.15562033100008 ], [ 24.133943325000075, 42.159084825000036 ], [ 24.122935336000069, 42.16254826100004 ], [ 24.11192614600003, 42.166010638000046 ], [ 24.100915755000074, 42.169471956000052 ], [ 24.089904164000075, 42.172932216000049 ], [ 24.078891373000033, 42.176391417000048 ], [ 24.067877382000063, 42.179849558000058 ], [ 24.056862190000061, 42.183306640000069 ], [ 24.045845798000073, 42.186762661000046 ], [ 24.034828207000032, 42.19021762300008 ], [ 24.023809416000063, 42.19367152500007 ], [ 24.012789425000051, 42.197124365000036 ], [ 24.001768234000053, 42.20057614600006 ], [ 23.99074584300007, 42.20402686500006 ], [ 23.979722254000023, 42.207476522000036 ], [ 23.968697464000059, 42.21092511900008 ], [ 23.95767147600003, 42.214372653000055 ], [ 23.946644288000073, 42.217819125000062 ], [ 23.935615901000062, 42.221264536000035 ], [ 23.924586316000045, 42.224708883000062 ], [ 23.913555531000043, 42.228152168000065 ], [ 23.902523547000044, 42.231594390000055 ], [ 23.891490365000038, 42.235035549000031 ], [ 23.880455984000037, 42.238475644000061 ], [ 23.869420405000028, 42.241914676000079 ], [ 23.858383627000023, 42.245352644000036 ], [ 23.847345650000022, 42.248789547000058 ], [ 23.836306476000061, 42.252225387000067 ], [ 23.825266103000047, 42.255660161000037 ], [ 23.814224532000026, 42.259093871000061 ], [ 23.803181764000044, 42.262526515000047 ], [ 23.792137797000066, 42.265958094000041 ], [ 23.781092633000071, 42.269388607000053 ], [ 23.770046271000069, 42.272818055000073 ], [ 23.758998711000061, 42.276246436000065 ], [ 23.747949954000035, 42.279673751000075 ], [ 23.7369, 42.2831 ] ] } },
{ "type": "Feature", "properties": { "LonA": 25.107, "LatA": 41.9277, "LonB": 24.3435, "LatB": 42.1801, "SS_ID": 766.0, "Shape_Leng": 0.80414040084600003 }, "geometry": { "type": "LineString", "coordinates": [ [ 25.107, 41.9277 ], [ 25.096135448000041, 41.93134145700003 ], [ 25.085269659000062, 41.934981883000034 ], [ 25.074402635000069, 41.938621279000074 ], [ 25.063534376000064, 41.942259643000057 ], [ 25.052664881000055, 41.945896977000075 ], [ 25.041794150000044, 41.949533279000036 ], [ 25.030922184000076, 41.953168549000054 ], [ 25.020048982000048, 41.956802788000061 ], [ 25.009174545000064, 41.960435994000079 ], [ 24.998298873000067, 41.96406816800004 ], [ 24.987421965000067, 41.967699309000068 ], [ 24.976543822000053, 41.971329418000039 ], [ 24.965664444000026, 41.974958493000031 ], [ 24.954783831000043, 41.978586535000034 ], [ 24.943901983000046, 41.982213543000057 ], [ 24.933018900000036, 41.985839518000034 ], [ 24.922134581000023, 41.989464458000043 ], [ 24.911249028000043, 41.993088364000073 ], [ 24.900362240000049, 41.996711235000078 ], [ 24.889474217000043, 42.000333071000057 ], [ 24.878584960000069, 42.003953873000057 ], [ 24.867694468000025, 42.007573639000043 ], [ 24.856802741000024, 42.011192369000071 ], [ 24.845909779000067, 42.014810063000027 ], [ 24.835015583000029, 42.018426722000072 ], [ 24.824120153000024, 42.022042344000056 ], [ 24.813223488000062, 42.025656929000036 ], [ 24.802325589000077, 42.029270478000058 ], [ 24.791426456000067, 42.032882990000076 ], [ 24.780526088000045, 42.036494464000043 ], [ 24.769624486000055, 42.040104901000063 ], [ 24.758721650000041, 42.043714299000044 ], [ 24.74781758000006, 42.047322660000077 ], [ 24.736912276000055, 42.05092998300006 ], [ 24.726005738000026, 42.05453626700006 ], [ 24.71509796600003, 42.058141512000077 ], [ 24.704188960000067, 42.061745718000054 ], [ 24.69327872100007, 42.065348885000049 ], [ 24.682367248000048, 42.06895101200007 ], [ 24.67145454100006, 42.072552099000063 ], [ 24.660540600000047, 42.076152147000073 ], [ 24.649625426000057, 42.079751154000064 ], [ 24.638709019000032, 42.083349120000037 ], [ 24.62779137800004, 42.086946046000037 ], [ 24.616872504000071, 42.090541931000075 ], [ 24.605952397000067, 42.094136775000038 ], [ 24.595031056000039, 42.09773057700005 ], [ 24.584108482000033, 42.101323337000053 ], [ 24.57318467500005, 42.104915055000049 ], [ 24.562259636000078, 42.108505731000037 ], [ 24.551333363000026, 42.112095365000073 ], [ 24.540405857000053, 42.115683956000055 ], [ 24.529477118000045, 42.11927150300005 ], [ 24.518547147000049, 42.122858008000037 ], [ 24.507615943000076, 42.126443469000037 ], [ 24.496683506000068, 42.13002788600005 ], [ 24.485749837000071, 42.133611260000066 ], [ 24.47481493500004, 42.137193589000049 ], [ 24.463878800000032, 42.140774874000044 ], [ 24.452941434000024, 42.144355114000064 ], [ 24.442002835000039, 42.14793430900005 ], [ 24.431063003000077, 42.15151245800007 ], [ 24.420121940000058, 42.155089563000047 ], [ 24.409179644000062, 42.158665621000068 ], [ 24.398236117000067, 42.162240634000057 ], [ 24.387291357000038, 42.165814601000079 ], [ 24.376345366000066, 42.169387521000033 ], [ 24.36539814200006, 42.172959394000031 ], [ 24.354449687000056, 42.176530221000064 ], [ 24.3435, 42.1801 ] ] } }
]
}
