{
"type": "FeatureCollection",
"name": "RCS_strike_slip_faultline",
"crs": { "type": "name", "properties": { "name": "urn:ogc:def:crs:OGC:1.3:CRS84" } },
"features": [
{ "type": "Feature", "properties": { "Shape_Leng": 0.57760280470199998, "SS_ID": 41, "START_OBJE": 1, "END_OBJECT": 1, "START_Lon": 23.0876, "END_Lon": 23.0876, "START_Lat": 38.9525, "END_Lat": 38.9525, "START_poin": "A", "END_point_": "A", "START_po_1": 1, "END_point1": 1, "START_SS_I": 41, "END_SS_ID": 41, "START_Name": "Oreus Strait", "END_NameEN": "Oreus Strait", "START_Na_1": "Δίαυλος Ωρεών", "END_NameEL": "Δίαυλος Ωρεών", "START_Stri": 244, "END_Strike": 244, "START_Dip_": 334, "END_Dip_Di": 334, "START_Dip": 75, "END_Dip": 75, "START_Rake": 195, "END_Rake": 195, "START_Ra_1": -165, "END_Rake__": -165, "START_Kine": "D", "END_Kinema": "D", "START_Leng": 26.0, "END_Length": 26.0, "START_Widt": 9.5, "END_Width_": 9.5, "START_Min_": 0.0, "END_Min_De": 0.0, "START_Max_": 9.2, "END_Max_De": 9.2, "START_Rupt": 247.0, "END_Ruptur": 247.0, "START_Aver": 0.72, "END_Averag": 0.72, "START_Mw__": 6.4, "END_Mw__W_": 6.4, "START_Mw_1": 6.4, "END_Mw__K_": 6.4, "START_M0__": 5.32e+18, "END_M0__Nm": 5.32e+18, "START_LonA": 23.0876, "END_LonA": 23.0876, "START_LatA": 38.9525, "END_LatA": 38.9525, "START_LonB": 22.8176, "END_LonB": 22.8176, "START_LatB": 38.85, "END_LatB": 38.85, "START_Lon1": 23.0876, "END_Lon1": 23.0876, "START_Lat1": 38.9525, "END_Lat1": 38.9525, "START_Lon2": 22.8176, "END_Lon2": 22.8176, "START_Lat2": 38.85, "END_Lat2": 38.85, "START_Lon3": 22.8051, "END_Lon3": 22.8051, "START_Lat3": 38.8699, "END_Lat3": 38.8699, "START_Lon4": 23.0752, "END_Lon4": 23.0752, "START_Lat4": 38.9724, "END_Lat4": 38.9724, "START_SR_m": 0.54, "END_SR_min": 0.54, "START_SR_1": 0.54, "END_SR_max": 0.54, "START_SR_a": null, "END_SR_avg": null, "START_SR_R": "Caroir et al. (2024)", "END_SR_Ref": "Caroir et al. (2024)", "START_SR_C": null, "END_SR_Com": null, "START_po_2": "A", "END_poin_1": "A", "START_po_3": 1, "END_poin_2": 1 }, "geometry": { "type": "LineString", "coordinates": [ [ 23.0876, 38.9525 ], [ 22.8176, 38.85 ], [ 23.0876, 38.9525 ] ] } },
{ "type": "Feature", "properties": { "Shape_Leng": 0.629342164486, "SS_ID": 52, "START_OBJE": 3, "END_OBJECT": 3, "START_Lon": 21.197, "END_Lon": 21.197, "START_Lat": 38.6793, "END_Lat": 38.6793, "START_poin": "A", "END_point_": "A", "START_po_1": 1, "END_point1": 1, "START_SS_I": 52, "END_SS_ID": 52, "START_Name": "Katouna", "END_NameEN": "Katouna", "START_Na_1": "Κατούνα", "END_NameEL": "Κατούνα", "START_Stri": 334, "END_Strike": 334, "START_Dip_": 64, "END_Dip_Di": 64, "START_Dip": 85, "END_Dip": 85, "START_Rake": 340, "END_Rake": 340, "START_Ra_1": -20, "END_Rake__": -20, "START_Kine": "SN", "END_Kinema": "SN", "START_Leng": 33.0, "END_Length": 33.0, "START_Widt": 10.5, "END_Width_": 10.5, "START_Min_": 0.0, "END_Min_De": 0.0, "START_Max_": 10.5, "END_Max_De": 10.5, "START_Rupt": 346.5, "END_Ruptur": 346.5, "START_Aver": 0.86, "END_Averag": 0.86, "START_Mw__": 6.6, "END_Mw__W_": 6.6, "START_Mw_1": 6.6, "END_Mw__K_": 6.6, "START_M0__": 8.93e+18, "END_M0__Nm": 8.93e+18, "START_LonA": 21.197, "END_LonA": 21.197, "START_LatA": 38.6793, "END_LatA": 38.6793, "START_LonB": 21.03, "END_LonB": 21.03, "START_LatB": 38.946, "END_LatB": 38.946, "START_Lon1": 21.197, "END_Lon1": 21.197, "START_Lat1": 38.6793, "END_Lat1": 38.6793, "START_Lon2": 21.03, "END_Lon2": 21.03, "START_Lat2": 38.946, "END_Lat2": 38.946, "START_Lon3": 21.0395, "END_Lon3": 21.0395, "START_Lat3": 38.9496, "END_Lat3": 38.9496, "START_Lon4": 21.2065, "END_Lon4": 21.2065, "START_Lat4": 38.6829, "END_Lat4": 38.6829, "START_SR_m": 4.0, "END_SR_min": 4.0, "START_SR_1": 10.0, "END_SR_max": 10.0, "START_SR_a": null, "END_SR_avg": null, "START_SR_R": "Pérouse et al. (2017)", "END_SR_Ref": "Pérouse et al. (2017)", "START_SR_C": "Geologiccally estimated left-lateral slip rate = 4 mm/yr. GPS slip rate = 10 mm/yr", "END_SR_Com": "Geologiccally estimated left-lateral slip rate = 4 mm/yr. GPS slip rate = 10 mm/yr", "START_po_2": "A", "END_poin_1": "A", "START_po_3": 1, "END_poin_2": 1 }, "geometry": { "type": "LineString", "coordinates": [ [ 21.197, 38.6793 ], [ 21.03, 38.946 ], [ 21.197, 38.6793 ] ] } },
{ "type": "Feature", "properties": { "Shape_Leng": 0.55933306714300002, "SS_ID": 53, "START_OBJE": 5, "END_OBJECT": 5, "START_Lon": 21.3207, "END_Lon": 21.3207, "START_Lat": 38.4249, "END_Lat": 38.4249, "START_poin": "A", "END_point_": "A", "START_po_1": 1, "END_point1": 1, "START_SS_I": 53, "END_SS_ID": 53, "START_Name": "Stamná", "END_NameEN": "Stamná", "START_Na_1": "Σταμνά", "END_NameEL": "Σταμνά", "START_Stri": 340, "END_Strike": 340, "START_Dip_": 70, "END_Dip_Di": 70, "START_Dip": 85, "END_Dip": 85, "START_Rake": 350, "END_Rake": 350, "START_Ra_1": -10, "END_Rake__": -10, "START_Kine": "S", "END_Kinema": "S", "START_Leng": 30.0, "END_Length": 30.0, "START_Widt": 10.0, "END_Width_": 10.0, "START_Min_": 0.0, "END_Min_De": 0.0, "START_Max_": 10.0, "END_Max_De": 10.0, "START_Rupt": 300.0, "END_Ruptur": 300.0, "START_Aver": 0.8, "END_Averag": 0.8, "START_Mw__": 6.5, "END_Mw__W_": 6.5, "START_Mw_1": 6.5, "END_Mw__K_": 6.5, "START_M0__": 7.16e+18, "END_M0__Nm": 7.16e+18, "START_LonA": 21.3207, "END_LonA": 21.3207, "START_LatA": 38.4249, "END_LatA": 38.4249, "START_LonB": 21.2028, "END_LonB": 21.2028, "START_LatB": 38.6785, "END_LatB": 38.6785, "START_Lon1": 21.3207, "END_Lon1": 21.3207, "START_Lat1": 38.4249, "END_Lat1": 38.4249, "START_Lon2": 21.2028, "END_Lon2": 21.2028, "START_Lat2": 38.6785, "END_Lat2": 38.6785, "START_Lon3": 21.2122, "END_Lon3": 21.2122, "START_Lat3": 38.6811, "END_Lat3": 38.6811, "START_Lon4": 21.3302, "END_Lon4": 21.3302, "START_Lat4": 38.4276, "END_Lat4": 38.4276, "START_SR_m": 4.0, "END_SR_min": 4.0, "START_SR_1": 10.0, "END_SR_max": 10.0, "START_SR_a": null, "END_SR_avg": null, "START_SR_R": "Pérouse et al. (2017)", "END_SR_Ref": "Pérouse et al. (2017)", "START_SR_C": "Geologiccally estimated left-lateral slip rate = 4 mm/yr. GPS slip rate = 10 mm/yr", "END_SR_Com": "Geologiccally estimated left-lateral slip rate = 4 mm/yr. GPS slip rate = 10 mm/yr", "START_po_2": "A", "END_poin_1": "A", "START_po_3": 1, "END_poin_2": 1 }, "geometry": { "type": "LineString", "coordinates": [ [ 21.3207, 38.4249 ], [ 21.2028, 38.6785 ], [ 21.3207, 38.4249 ] ] } },
{ "type": "Feature", "properties": { "Shape_Leng": 1.0422304735500001, "SS_ID": 61, "START_OBJE": 7, "END_OBJECT": 7, "START_Lon": 21.6318, "END_Lon": 21.6318, "START_Lat": 38.1184, "END_Lat": 38.1184, "START_poin": "A", "END_point_": "A", "START_po_1": 1, "END_point1": 1, "START_SS_I": 61, "END_SS_ID": 61, "START_Name": "Andravida", "END_NameEN": "Andravida", "START_Na_1": "Ανδραβίδα", "END_NameEL": "Ανδραβίδα", "START_Stri": 210, "END_Strike": 210, "START_Dip_": 300, "END_Dip_Di": 300, "START_Dip": 85, "END_Dip": 85, "START_Rake": 175, "END_Rake": 175, "START_Ra_1": 175, "END_Rake__": 175, "START_Kine": "D", "END_Kinema": "D", "START_Leng": 54.0, "END_Length": 54.0, "START_Widt": 13.0, "END_Width_": 13.0, "START_Min_": 7.0, "END_Min_De": 7.0, "START_Max_": 20.0, "END_Max_De": 20.0, "START_Rupt": 702.0, "END_Ruptur": 702.0, "START_Aver": 1.25, "END_Averag": 1.25, "START_Mw__": 6.9, "END_Mw__W_": 6.9, "START_Mw_1": 6.9, "END_Mw__K_": 6.9, "START_M0__": 2.63e+19, "END_M0__Nm": 2.63e+19, "START_LonA": 21.6318, "END_LonA": 21.6318, "START_LatA": 38.1184, "END_LatA": 38.1184, "START_LonB": 21.324, "END_LonB": 21.324, "START_LatB": 37.6979, "END_LatB": 37.6979, "START_Lon1": 21.6257, "END_Lon1": 21.6257, "START_Lat1": 38.1212, "END_Lat1": 38.1212, "START_Lon2": 21.3179, "END_Lon2": 21.3179, "START_Lat2": 37.7006, "END_Lat2": 37.7006, "START_Lon3": 21.3068, "END_Lon3": 21.3068, "START_Lat3": 37.7057, "END_Lat3": 37.7057, "START_Lon4": 21.6145, "END_Lon4": 21.6145, "START_Lat4": 38.1263, "END_Lat4": 38.1263, "START_SR_m": 4.0, "END_SR_min": 4.0, "START_SR_1": 4.0, "END_SR_max": 4.0, "START_SR_a": null, "END_SR_avg": null, "START_SR_R": "Ganas et al. (2009)", "END_SR_Ref": "Ganas et al. (2009)", "START_SR_C": null, "END_SR_Com": null, "START_po_2": "A", "END_poin_1": "A", "START_po_3": 1, "END_poin_2": 1 }, "geometry": { "type": "LineString", "coordinates": [ [ 21.6318, 38.1184 ], [ 21.324, 37.6979 ], [ 21.6318, 38.1184 ] ] } },
{ "type": "Feature", "properties": { "Shape_Leng": 2.2775445110899999, "SS_ID": 65, "START_OBJE": 9, "END_OBJECT": 9, "START_Lon": 27.4115, "END_Lon": 27.4115, "START_Lat": 40.7884, "END_Lat": 40.7884, "START_poin": "A", "END_point_": "A", "START_po_1": 1, "END_point1": 1, "START_SS_I": 65, "END_SS_ID": 65, "START_Name": "Ganos", "END_NameEN": "Ganos", "START_Na_1": "Γάνος", "END_NameEL": "Γάνος", "START_Stri": 245, "END_Strike": 245, "START_Dip_": 335, "END_Dip_Di": 335, "START_Dip": 85, "END_Dip": 85, "START_Rake": 200, "END_Rake": 200, "START_Ra_1": -160, "END_Rake__": -160, "START_Kine": "DN", "END_Kinema": "DN", "START_Leng": 100.0, "END_Length": 100.0, "START_Widt": 18.0, "END_Width_": 18.0, "START_Min_": 0.0, "END_Min_De": 0.0, "START_Max_": 17.9, "END_Max_De": 17.9, "START_Rupt": 1800.0, "END_Ruptur": 1800.0, "START_Aver": 1.76, "END_Averag": 1.76, "START_Mw__": 7.3, "END_Mw__W_": 7.3, "START_Mw_1": 7.3, "END_Mw__K_": 7.3, "START_M0__": 9.5e+19, "END_M0__Nm": 9.5e+19, "START_LonA": 27.4115, "END_LonA": 27.4115, "START_LatA": 40.7884, "END_LatA": 40.7884, "START_LonB": 26.338, "END_LonB": 26.338, "START_LatB": 40.4084, "END_LatB": 40.4084, "START_Lon1": 27.4115, "END_Lon1": 27.4115, "START_Lat1": 40.7884, "END_Lat1": 40.7884, "START_Lon2": 26.338, "END_Lon2": 26.338, "START_Lat2": 40.4084, "END_Lat2": 40.4084, "START_Lon3": 26.3301, "END_Lon3": 26.3301, "START_Lat3": 40.4212, "END_Lat3": 40.4212, "START_Lon4": 27.4037, "END_Lon4": 27.4037, "START_Lat4": 40.8012, "END_Lat4": 40.8012, "START_SR_m": 10.2, "END_SR_min": 10.2, "START_SR_1": 19.0, "END_SR_max": 19.0, "START_SR_a": null, "END_SR_avg": null, "START_SR_R": "Murru et al. (2016)", "END_SR_Ref": "Murru et al. (2016)", "START_SR_C": "Difference between the onland Ganos and offshore Saros Gulf segments", "END_SR_Com": "Difference between the onland Ganos and offshore Saros Gulf segments", "START_po_2": "A", "END_poin_1": "A", "START_po_3": 1, "END_poin_2": 1 }, "geometry": { "type": "LineString", "coordinates": [ [ 27.4115, 40.7884 ], [ 26.338, 40.4084 ], [ 27.4115, 40.7884 ] ] } },
{ "type": "Feature", "properties": { "Shape_Leng": 2.8209385813900001, "SS_ID": 66, "START_OBJE": 11, "END_OBJECT": 11, "START_Lon": 24.9809, "END_Lon": 24.9809, "START_Lat": 40.1742, "END_Lat": 40.1742, "START_poin": "A", "END_point_": "A", "START_po_1": 1, "END_point1": 1, "START_SS_I": 66, "END_SS_ID": 66, "START_Name": "North Aegean Trough", "END_NameEN": "North Aegean Trough", "START_Na_1": "Τάφρος Β. Αιγαίου", "END_NameEL": "Τάφρος Β. Αιγαίου", "START_Stri": 72, "END_Strike": 72, "START_Dip_": 162, "END_Dip_Di": 162, "START_Dip": 85, "END_Dip": 85, "START_Rake": 193, "END_Rake": 193, "START_Ra_1": -167, "END_Rake__": -167, "START_Kine": "D", "END_Kinema": "D", "START_Leng": 122.0, "END_Length": 122.0, "START_Widt": 18.5, "END_Width_": 18.5, "START_Min_": 0.0, "END_Min_De": 0.0, "START_Max_": 18.4, "END_Max_De": 18.4, "START_Rupt": 2257.0, "END_Ruptur": 2257.0, "START_Aver": 2.05, "END_Averag": 2.05, "START_Mw__": 7.4, "END_Mw__W_": 7.4, "START_Mw_1": 7.4, "END_Mw__K_": 7.4, "START_M0__": 1.57e+20, "END_M0__Nm": 1.57e+20, "START_LonA": 24.9809, "END_LonA": 24.9809, "START_LatA": 40.1742, "END_LatA": 40.1742, "START_LonB": 26.35, "END_LonB": 26.35, "START_LatB": 40.5133, "END_LatB": 40.5133, "START_Lon1": 24.9809, "END_Lon1": 24.9809, "START_Lat1": 40.1742, "END_Lat1": 40.1742, "START_Lon2": 26.35, "END_Lon2": 26.35, "START_Lat2": 40.5133, "END_Lat2": 40.5133, "START_Lon3": 26.3558, "END_Lon3": 26.3558, "START_Lat3": 40.4995, "END_Lat3": 40.4995, "START_Lon4": 24.9868, "END_Lon4": 24.9868, "START_Lat4": 40.1604, "END_Lat4": 40.1604, "START_SR_m": 0.0, "END_SR_min": 0.0, "START_SR_1": 0.0, "END_SR_max": 0.0, "START_SR_a": null, "END_SR_avg": null, "START_SR_R": null, "END_SR_Ref": null, "START_SR_C": null, "END_SR_Com": null, "START_po_2": "A", "END_poin_1": "A", "START_po_3": 1, "END_poin_2": 1 }, "geometry": { "type": "LineString", "coordinates": [ [ 24.9809, 40.1742 ], [ 26.35, 40.5133 ], [ 24.9809, 40.1742 ] ] } },
{ "type": "Feature", "properties": { "Shape_Leng": 2.9758656488500002, "SS_ID": 68, "START_OBJE": 13, "END_OBJECT": 13, "START_Lon": 24.9032, "END_Lon": 24.9032, "START_Lat": 40.1483, "END_Lat": 40.1483, "START_poin": "A", "END_point_": "A", "START_po_1": 1, "END_point1": 1, "START_SS_I": 68, "END_SS_ID": 68, "START_Name": "North Aegean Basin", "END_NameEN": "North Aegean Basin", "START_Na_1": "Λεκάνη Β. Αιγαίου", "END_NameEL": "Λεκάνη Β. Αιγαίου", "START_Stri": 223, "END_Strike": 223, "START_Dip_": 313, "END_Dip_Di": 313, "START_Dip": 79, "END_Dip": 79, "START_Rake": 180, "END_Rake": 180, "START_Ra_1": 180, "END_Rake__": 180, "START_Kine": "D", "END_Kinema": "D", "START_Leng": 144.0, "END_Length": 144.0, "START_Widt": 20.0, "END_Width_": 20.0, "START_Min_": 0.0, "END_Min_De": 0.0, "START_Max_": 19.6, "END_Max_De": 19.6, "START_Rupt": 2880.0, "END_Ruptur": 2880.0, "START_Aver": 2.64, "END_Averag": 2.64, "START_Mw__": 7.5, "END_Mw__W_": 7.5, "START_Mw_1": 7.5, "END_Mw__K_": 7.5, "START_M0__": 2.28e+20, "END_M0__Nm": 2.28e+20, "START_LonA": 24.9032, "END_LonA": 24.9032, "START_LatA": 40.1483, "END_LatA": 40.1483, "START_LonB": 23.7557, "END_LonB": 23.7557, "START_LatB": 39.2011, "END_LatB": 39.2011, "START_Lon1": 24.9032, "END_Lon1": 24.9032, "START_Lat1": 40.1483, "END_Lat1": 40.1483, "START_Lon2": 23.7557, "END_Lon2": 23.7557, "START_Lat2": 39.2011, "END_Lat2": 39.2011, "START_Lon3": 23.7231, "END_Lon3": 23.7231, "START_Lat3": 39.2245, "END_Lat3": 39.2245, "START_Lon4": 24.8705, "END_Lon4": 24.8705, "START_Lat4": 40.1717, "END_Lat4": 40.1717, "START_SR_m": 0.0, "END_SR_min": 0.0, "START_SR_1": 0.0, "END_SR_max": 0.0, "START_SR_a": null, "END_SR_avg": null, "START_SR_R": null, "END_SR_Ref": null, "START_SR_C": null, "END_SR_Com": null, "START_po_2": "A", "END_poin_1": "A", "START_po_3": 1, "END_poin_2": 1 }, "geometry": { "type": "LineString", "coordinates": [ [ 24.9032, 40.1483 ], [ 23.7557, 39.2011 ], [ 24.9032, 40.1483 ] ] } },
{ "type": "Feature", "properties": { "Shape_Leng": 1.0989510635099999, "SS_ID": 73, "START_OBJE": 15, "END_OBJECT": 15, "START_Lon": 25.1937, "END_Lon": 25.1937, "START_Lat": 39.6598, "END_Lat": 39.6598, "START_poin": "A", "END_point_": "A", "START_po_1": 1, "END_point1": 1, "START_SS_I": 73, "END_SS_ID": 73, "START_Name": "Agios Efstratios", "END_NameEN": "Agios Efstratios", "START_Na_1": "Άγιος Ευστράτιος", "END_NameEL": "Άγιος Ευστράτιος", "START_Stri": 220, "END_Strike": 220, "START_Dip_": 310, "END_Dip_Di": 310, "START_Dip": 80, "END_Dip": 80, "START_Rake": 180, "END_Rake": 180, "START_Ra_1": 180, "END_Rake__": 180, "START_Kine": "D", "END_Kinema": "D", "START_Leng": 54.0, "END_Length": 54.0, "START_Widt": 13.0, "END_Width_": 13.0, "START_Min_": 0.0, "END_Min_De": 0.0, "START_Max_": 12.8, "END_Max_De": 12.8, "START_Rupt": 702.0, "END_Ruptur": 702.0, "START_Aver": 1.25, "END_Averag": 1.25, "START_Mw__": 6.9, "END_Mw__W_": 6.9, "START_Mw_1": 6.9, "END_Mw__K_": 6.9, "START_M0__": 2.63e+19, "END_M0__Nm": 2.63e+19, "START_LonA": 25.1937, "END_LonA": 25.1937, "START_LatA": 39.6598, "END_LatA": 39.6598, "START_LonB": 24.7893, "END_LonB": 24.7893, "START_LatB": 39.2878, "END_LatB": 39.2878, "START_Lon1": 25.1937, "END_Lon1": 25.1937, "START_Lat1": 39.6598, "END_Lat1": 39.6598, "START_Lon2": 24.7893, "END_Lon2": 24.7893, "START_Lat2": 39.2878, "END_Lat2": 39.2878, "START_Lon3": 24.7691, "END_Lon3": 24.7691, "START_Lat3": 39.3008, "END_Lat3": 39.3008, "START_Lon4": 25.1735, "END_Lon4": 25.1735, "START_Lat4": 39.6729, "END_Lat4": 39.6729, "START_SR_m": 0.0, "END_SR_min": 0.0, "START_SR_1": 0.0, "END_SR_max": 0.0, "START_SR_a": null, "END_SR_avg": null, "START_SR_R": null, "END_SR_Ref": null, "START_SR_C": null, "END_SR_Com": null, "START_po_2": "A", "END_poin_1": "A", "START_po_3": 1, "END_poin_2": 1 }, "geometry": { "type": "LineString", "coordinates": [ [ 25.1937, 39.6598 ], [ 24.7893, 39.2878 ], [ 25.1937, 39.6598 ] ] } },
{ "type": "Feature", "properties": { "Shape_Leng": 1.31149937095, "SS_ID": 74, "START_OBJE": 17, "END_OBJECT": 17, "START_Lon": 25.9926, "END_Lon": 25.9926, "START_Lat": 39.6085, "END_Lat": 39.6085, "START_poin": "A", "END_point_": "A", "START_po_1": 1, "END_point1": 1, "START_SS_I": 74, "END_SS_ID": 74, "START_Name": "Central Aegean Trough A", "END_NameEN": "Central Aegean Trough A", "START_Na_1": "Τάφρος Κεντρικού Αιγαίου Α", "END_NameEL": "Τάφρος Κεντρικού Αιγαίου Α", "START_Stri": 237, "END_Strike": 237, "START_Dip_": 327, "END_Dip_Di": 327, "START_Dip": 87, "END_Dip": 87, "START_Rake": 193, "END_Rake": 193, "START_Ra_1": -167, "END_Rake__": -167, "START_Kine": "D", "END_Kinema": "D", "START_Leng": 60.0, "END_Length": 60.0, "START_Widt": 13.5, "END_Width_": 13.5, "START_Min_": 0.0, "END_Min_De": 0.0, "START_Max_": 13.5, "END_Max_De": 13.5, "START_Rupt": 810.0, "END_Ruptur": 810.0, "START_Aver": 1.35, "END_Averag": 1.35, "START_Mw__": 6.9, "END_Mw__W_": 6.9, "START_Mw_1": 6.9, "END_Mw__K_": 6.9, "START_M0__": 3.28e+19, "END_M0__Nm": 3.28e+19, "START_LonA": 25.9926, "END_LonA": 25.9926, "START_LatA": 39.6085, "END_LatA": 39.6085, "START_LonB": 25.4064, "END_LonB": 25.4064, "START_LatB": 39.3146, "END_LatB": 39.3146, "START_Lon1": 25.9926, "END_Lon1": 25.9926, "START_Lat1": 39.6085, "END_Lat1": 39.6085, "START_Lon2": 25.4064, "END_Lon2": 25.4064, "START_Lat2": 39.3146, "END_Lat2": 39.3146, "START_Lon3": 25.4019, "END_Lon3": 25.4019, "START_Lat3": 39.3199, "END_Lat3": 39.3199, "START_Lon4": 25.9881, "END_Lon4": 25.9881, "START_Lat4": 39.6138, "END_Lat4": 39.6138, "START_SR_m": 0.0, "END_SR_min": 0.0, "START_SR_1": 0.0, "END_SR_max": 0.0, "START_SR_a": null, "END_SR_avg": null, "START_SR_R": null, "END_SR_Ref": null, "START_SR_C": null, "END_SR_Com": null, "START_po_2": "A", "END_poin_1": "A", "START_po_3": 1, "END_poin_2": 1 }, "geometry": { "type": "LineString", "coordinates": [ [ 25.9926, 39.6085 ], [ 25.4064, 39.3146 ], [ 25.9926, 39.6085 ] ] } },
{ "type": "Feature", "properties": { "Shape_Leng": 1.3607702524700001, "SS_ID": 75, "START_OBJE": 19, "END_OBJECT": 19, "START_Lon": 25.4133, "END_Lon": 25.4133, "START_Lat": 39.3729, "END_Lat": 39.3729, "START_poin": "A", "END_point_": "A", "START_po_1": 1, "END_point1": 1, "START_SS_I": 75, "END_SS_ID": 75, "START_Name": "Central Aegean Trough B", "END_NameEN": "Central Aegean Trough B", "START_Na_1": "Τάφρος Κεντρικού Αιγαίου Β", "END_NameEL": "Τάφρος Κεντρικού Αιγαίου Β", "START_Stri": 227, "END_Strike": 227, "START_Dip_": 317, "END_Dip_Di": 317, "START_Dip": 77, "END_Dip": 77, "START_Rake": 193, "END_Rake": 193, "START_Ra_1": -167, "END_Rake__": -167, "START_Kine": "D", "END_Kinema": "D", "START_Leng": 65.0, "END_Length": 65.0, "START_Widt": 14.0, "END_Width_": 14.0, "START_Min_": 0.0, "END_Min_De": 0.0, "START_Max_": 13.6, "END_Max_De": 13.6, "START_Rupt": 910.0, "END_Ruptur": 910.0, "START_Aver": 1.43, "END_Averag": 1.43, "START_Mw__": 7.0, "END_Mw__W_": 7.0, "START_Mw_1": 7.0, "END_Mw__K_": 7.0, "START_M0__": 3.9e+19, "END_M0__Nm": 3.9e+19, "START_LonA": 25.4133, "END_LonA": 25.4133, "START_LatA": 39.3729, "END_LatA": 39.3729, "START_LonB": 24.8619, "END_LonB": 24.8619, "START_LatB": 38.9743, "END_LatB": 38.9743, "START_Lon1": 25.4133, "END_Lon1": 25.4133, "START_Lat1": 39.3729, "END_Lat1": 39.3729, "START_Lon2": 24.8619, "END_Lon2": 24.8619, "START_Lat2": 38.9743, "END_Lat2": 38.9743, "START_Lon3": 24.8369, "END_Lon3": 24.8369, "START_Lat3": 38.995, "END_Lat3": 38.995, "START_Lon4": 25.3884, "END_Lon4": 25.3884, "START_Lat4": 39.3936, "END_Lat4": 39.3936, "START_SR_m": 0.0, "END_SR_min": 0.0, "START_SR_1": 0.0, "END_SR_max": 0.0, "START_SR_a": null, "END_SR_avg": null, "START_SR_R": null, "END_SR_Ref": null, "START_SR_C": null, "END_SR_Com": null, "START_po_2": "A", "END_poin_1": "A", "START_po_3": 1, "END_poin_2": 1 }, "geometry": { "type": "LineString", "coordinates": [ [ 25.4133, 39.3729 ], [ 24.8619, 38.9743 ], [ 25.4133, 39.3729 ] ] } },
{ "type": "Feature", "properties": { "Shape_Leng": 0.62680041480500004, "SS_ID": 78, "START_OBJE": 21, "END_OBJECT": 21, "START_Lon": 25.0721, "END_Lon": 25.0721, "START_Lat": 39.0406, "END_Lat": 39.0406, "START_poin": "A", "END_point_": "A", "START_po_1": 1, "END_point1": 1, "START_SS_I": 78, "END_SS_ID": 78, "START_Name": "Skyros Basin C", "END_NameEN": "Skyros Basin C", "START_Na_1": "Λεκάνη Σκύρου Γ", "END_NameEL": "Λεκάνη Σκύρου Γ", "START_Stri": 227, "END_Strike": 227, "START_Dip_": 317, "END_Dip_Di": 317, "START_Dip": 77, "END_Dip": 77, "START_Rake": 193, "END_Rake": 193, "START_Ra_1": -167, "END_Rake__": -167, "START_Kine": "D", "END_Kinema": "D", "START_Leng": 30.0, "END_Length": 30.0, "START_Widt": 10.0, "END_Width_": 10.0, "START_Min_": 0.0, "END_Min_De": 0.0, "START_Max_": 9.7, "END_Max_De": 9.7, "START_Rupt": 300.0, "END_Ruptur": 300.0, "START_Aver": 0.8, "END_Averag": 0.8, "START_Mw__": 6.5, "END_Mw__W_": 6.5, "START_Mw_1": 6.5, "END_Mw__K_": 6.5, "START_M0__": 7.16e+18, "END_M0__Nm": 7.16e+18, "START_LonA": 25.0721, "END_LonA": 25.0721, "START_LatA": 39.0406, "END_LatA": 39.0406, "START_LonB": 24.8184, "END_LonB": 24.8184, "START_LatB": 38.8566, "END_LatB": 38.8566, "START_Lon1": 25.0721, "END_Lon1": 25.0721, "START_Lat1": 39.0406, "END_Lat1": 39.0406, "START_Lon2": 24.8184, "END_Lon2": 24.8184, "START_Lat2": 38.8566, "END_Lat2": 38.8566, "START_Lon3": 24.8006, "END_Lon3": 24.8006, "START_Lat3": 38.8714, "END_Lat3": 38.8714, "START_Lon4": 25.0543, "END_Lon4": 25.0543, "START_Lat4": 39.0554, "END_Lat4": 39.0554, "START_SR_m": 0.0, "END_SR_min": 0.0, "START_SR_1": 0.0, "END_SR_max": 0.0, "START_SR_a": null, "END_SR_avg": null, "START_SR_R": null, "END_SR_Ref": null, "START_SR_C": null, "END_SR_Com": null, "START_po_2": "A", "END_poin_1": "A", "START_po_3": 1, "END_poin_2": 1 }, "geometry": { "type": "LineString", "coordinates": [ [ 25.0721, 39.0406 ], [ 24.8184, 38.8566 ], [ 25.0721, 39.0406 ] ] } },
{ "type": "Feature", "properties": { "Shape_Leng": 0.79712929942400002, "SS_ID": 79, "START_OBJE": 23, "END_OBJECT": 23, "START_Lon": 24.1568, "END_Lon": 24.1568, "START_Lat": 39.203, "END_Lat": 39.203, "START_poin": "A", "END_point_": "A", "START_po_1": 1, "END_point1": 1, "START_SS_I": 79, "END_SS_ID": 79, "START_Name": "Skyros", "END_NameEN": "Skyros", "START_Na_1": "Σκύρος", "END_NameEL": "Σκύρος", "START_Stri": 132, "END_Strike": 132, "START_Dip_": 222, "END_Dip_Di": 222, "START_Dip": 80, "END_Dip": 80, "START_Rake": 10, "END_Rake": 10, "START_Ra_1": 10, "END_Rake__": 10, "START_Kine": "S", "END_Kinema": "S", "START_Leng": 37.9, "END_Length": 37.9, "START_Widt": 11.0, "END_Width_": 11.0, "START_Min_": 8.0, "END_Min_De": 8.0, "START_Max_": 18.8, "END_Max_De": 18.8, "START_Rupt": 417.3, "END_Ruptur": 417.3, "START_Aver": 0.94, "END_Averag": 0.94, "START_Mw__": 6.7, "END_Mw__W_": 6.7, "START_Mw_1": 6.7, "END_Mw__K_": 6.7, "START_M0__": 1.18e+19, "END_M0__Nm": 1.18e+19, "START_LonA": 24.1568, "END_LonA": 24.1568, "START_LatA": 39.203, "END_LatA": 39.203, "START_LonB": 24.4835, "END_LonB": 24.4835, "START_LatB": 38.9747, "END_LatB": 38.9747, "START_Lon1": 24.1459, "END_Lon1": 24.1459, "START_Lat1": 39.1936, "END_Lat1": 39.1936, "START_Lon2": 24.4725, "END_Lon2": 24.4725, "START_Lat2": 38.9652, "END_Lat2": 38.9652, "START_Lon3": 24.4577, "END_Lon3": 24.4577, "START_Lat3": 38.9525, "END_Lat3": 38.9525, "START_Lon4": 24.1311, "END_Lon4": 24.1311, "START_Lat4": 39.1808, "END_Lat4": 39.1808, "START_SR_m": 0.0, "END_SR_min": 0.0, "START_SR_1": 0.0, "END_SR_max": 0.0, "START_SR_a": null, "END_SR_avg": null, "START_SR_R": null, "END_SR_Ref": null, "START_SR_C": null, "END_SR_Com": null, "START_po_2": "A", "END_poin_1": "A", "START_po_3": 1, "END_poin_2": 1 }, "geometry": { "type": "LineString", "coordinates": [ [ 24.1568, 39.203 ], [ 24.4835, 38.9747 ], [ 24.1568, 39.203 ] ] } },
{ "type": "Feature", "properties": { "Shape_Leng": 0.77012001662100005, "SS_ID": 80, "START_OBJE": 25, "END_OBJECT": 25, "START_Lon": 23.8152, "END_Lon": 23.8152, "START_Lat": 39.1111, "END_Lat": 39.1111, "START_poin": "A", "END_point_": "A", "START_po_1": 1, "END_point1": 1, "START_SS_I": 80, "END_SS_ID": 80, "START_Name": "Skópelos Basin", "END_NameEN": "Skópelos Basin", "START_Na_1": "Λεκάνη Σκοπέλου", "END_NameEL": "Λεκάνη Σκοπέλου", "START_Stri": 226, "END_Strike": 226, "START_Dip_": 316, "END_Dip_Di": 316, "START_Dip": 75, "END_Dip": 75, "START_Rake": 200, "END_Rake": 200, "START_Ra_1": -160, "END_Rake__": -160, "START_Kine": "DN", "END_Kinema": "DN", "START_Leng": 37.0, "END_Length": 37.0, "START_Widt": 11.0, "END_Width_": 11.0, "START_Min_": 0.0, "END_Min_De": 0.0, "START_Max_": 10.6, "END_Max_De": 10.6, "START_Rupt": 407.0, "END_Ruptur": 407.0, "START_Aver": 0.94, "END_Averag": 0.94, "START_Mw__": 6.6, "END_Mw__W_": 6.6, "START_Mw_1": 6.6, "END_Mw__K_": 6.6, "START_M0__": 1.14e+19, "END_M0__Nm": 1.14e+19, "START_LonA": 23.8152, "END_LonA": 23.8152, "START_LatA": 39.1111, "END_LatA": 39.1111, "START_LonB": 23.5072, "END_LonB": 23.5072, "START_LatB": 38.88, "END_LatB": 38.88, "START_Lon1": 23.8152, "END_Lon1": 23.8152, "START_Lat1": 39.1111, "END_Lat1": 39.1111, "START_Lon2": 23.5072, "END_Lon2": 23.5072, "START_Lat2": 38.88, "END_Lat2": 38.88, "START_Lon3": 23.4843, "END_Lon3": 23.4843, "START_Lat3": 38.8984, "END_Lat3": 38.8984, "START_Lon4": 23.7923, "END_Lon4": 23.7923, "START_Lat4": 39.1295, "END_Lat4": 39.1295, "START_SR_m": 0.0, "END_SR_min": 0.0, "START_SR_1": 0.0, "END_SR_max": 0.0, "START_SR_a": null, "END_SR_avg": null, "START_SR_R": null, "END_SR_Ref": null, "START_SR_C": null, "END_SR_Com": null, "START_po_2": "A", "END_poin_1": "A", "START_po_3": 1, "END_poin_2": 1 }, "geometry": { "type": "LineString", "coordinates": [ [ 23.8152, 39.1111 ], [ 23.5072, 38.88 ], [ 23.8152, 39.1111 ] ] } },
{ "type": "Feature", "properties": { "Shape_Leng": 0.88969963470799995, "SS_ID": 81, "START_OBJE": 27, "END_OBJECT": 27, "START_Lon": 26.3703, "END_Lon": 26.3703, "START_Lat": 39.3702, "END_Lat": 39.3702, "START_poin": "A", "END_point_": "A", "START_po_1": 1, "END_point1": 1, "START_SS_I": 81, "END_SS_ID": 81, "START_Name": "Agia Paraskeví", "END_NameEN": "Agia Paraskeví", "START_Na_1": "Αγία Παρασκευή", "END_NameEL": "Αγία Παρασκευή", "START_Stri": 214, "END_Strike": 214, "START_Dip_": 304, "END_Dip_Di": 304, "START_Dip": 87, "END_Dip": 87, "START_Rake": 190, "END_Rake": 190, "START_Ra_1": -170, "END_Rake__": -170, "START_Kine": "D", "END_Kinema": "D", "START_Leng": 45.0, "END_Length": 45.0, "START_Widt": 12.0, "END_Width_": 12.0, "START_Min_": 0.0, "END_Min_De": 0.0, "START_Max_": 12.0, "END_Max_De": 12.0, "START_Rupt": 540.0, "END_Ruptur": 540.0, "START_Aver": 1.09, "END_Averag": 1.09, "START_Mw__": 6.8, "END_Mw__W_": 6.8, "START_Mw_1": 6.8, "END_Mw__K_": 6.8, "START_M0__": 1.76e+19, "END_M0__Nm": 1.76e+19, "START_LonA": 26.3703, "END_LonA": 26.3703, "START_LatA": 39.3702, "END_LatA": 39.3702, "START_LonB": 26.0783, "END_LonB": 26.0783, "START_LatB": 39.0346, "END_LatB": 39.0346, "START_Lon1": 26.3703, "END_Lon1": 26.3703, "START_Lat1": 39.3702, "END_Lat1": 39.3702, "START_Lon2": 26.0783, "END_Lon2": 26.0783, "START_Lat2": 39.0346, "END_Lat2": 39.0346, "START_Lon3": 26.0722, "END_Lon3": 26.0722, "START_Lat3": 39.0378, "END_Lat3": 39.0378, "START_Lon4": 26.3642, "END_Lon4": 26.3642, "START_Lat4": 39.3733, "END_Lat4": 39.3733, "START_SR_m": 0.0, "END_SR_min": 0.0, "START_SR_1": 0.0, "END_SR_max": 0.0, "START_SR_a": null, "END_SR_avg": null, "START_SR_R": null, "END_SR_Ref": null, "START_SR_C": null, "END_SR_Com": null, "START_po_2": "A", "END_poin_1": "A", "START_po_3": 1, "END_poin_2": 1 }, "geometry": { "type": "LineString", "coordinates": [ [ 26.3703, 39.3702 ], [ 26.0783, 39.0346 ], [ 26.3703, 39.3702 ] ] } },
{ "type": "Feature", "properties": { "Shape_Leng": 0.978820228643, "SS_ID": 84, "START_OBJE": 29, "END_OBJECT": 29, "START_Lon": 25.823, "END_Lon": 25.823, "START_Lat": 38.8308, "END_Lat": 38.8308, "START_poin": "A", "END_point_": "A", "START_po_1": 1, "END_point1": 1, "START_SS_I": 84, "END_SS_ID": 84, "START_Name": "Psará", "END_NameEN": "Psará", "START_Na_1": "Ψαρά", "END_NameEL": "Ψαρά", "START_Stri": 238, "END_Strike": 238, "START_Dip_": 328, "END_Dip_Di": 328, "START_Dip": 85, "END_Dip": 85, "START_Rake": 193, "END_Rake": 193, "START_Ra_1": -167, "END_Rake__": -167, "START_Kine": "D", "END_Kinema": "D", "START_Leng": 45.0, "END_Length": 45.0, "START_Widt": 12.0, "END_Width_": 12.0, "START_Min_": 0.0, "END_Min_De": 0.0, "START_Max_": 12.0, "END_Max_De": 12.0, "START_Rupt": 540.0, "END_Ruptur": 540.0, "START_Aver": 1.09, "END_Averag": 1.09, "START_Mw__": 6.8, "END_Mw__W_": 6.8, "START_Mw_1": 6.8, "END_Mw__K_": 6.8, "START_M0__": 1.76e+19, "END_M0__Nm": 1.76e+19, "START_LonA": 25.823, "END_LonA": 25.823, "START_LatA": 38.8308, "END_LatA": 38.8308, "START_LonB": 25.3831, "END_LonB": 25.3831, "START_LatB": 38.6163, "END_LatB": 38.6163, "START_Lon1": 25.823, "END_Lon1": 25.823, "START_Lat1": 38.8308, "END_Lat1": 38.8308, "START_Lon2": 25.3831, "END_Lon2": 25.3831, "START_Lat2": 38.6163, "END_Lat2": 38.6163, "START_Lon3": 25.3767, "END_Lon3": 25.3767, "START_Lat3": 38.6243, "END_Lat3": 38.6243, "START_Lon4": 25.8166, "END_Lon4": 25.8166, "START_Lat4": 38.8388, "END_Lat4": 38.8388, "START_SR_m": 0.0, "END_SR_min": 0.0, "START_SR_1": 0.0, "END_SR_max": 0.0, "START_SR_a": null, "END_SR_avg": null, "START_SR_R": null, "END_SR_Ref": null, "START_SR_C": null, "END_SR_Com": null, "START_po_2": "A", "END_poin_1": "A", "START_po_3": 1, "END_poin_2": 1 }, "geometry": { "type": "LineString", "coordinates": [ [ 25.823, 38.8308 ], [ 25.3831, 38.6163 ], [ 25.823, 38.8308 ] ] } },
{ "type": "Feature", "properties": { "Shape_Leng": 0.85364950653100002, "SS_ID": 85, "START_OBJE": 31, "END_OBJECT": 31, "START_Lon": 24.8555, "END_Lon": 24.8555, "START_Lat": 38.762, "END_Lat": 38.762, "START_poin": "A", "END_point_": "A", "START_po_1": 1, "END_point1": 1, "START_SS_I": 85, "END_SS_ID": 85, "START_Name": "South Skyros", "END_NameEN": "South Skyros", "START_Na_1": "Νότια Σκύρος", "END_NameEL": "Νότια Σκύρος", "START_Stri": 233, "END_Strike": 233, "START_Dip_": 323, "END_Dip_Di": 323, "START_Dip": 75, "END_Dip": 75, "START_Rake": 195, "END_Rake": 195, "START_Ra_1": -165, "END_Rake__": -165, "START_Kine": "D", "END_Kinema": "D", "START_Leng": 40.0, "END_Length": 40.0, "START_Widt": 11.5, "END_Width_": 11.5, "START_Min_": 0.0, "END_Min_De": 0.0, "START_Max_": 11.1, "END_Max_De": 11.1, "START_Rupt": 460.0, "END_Ruptur": 460.0, "START_Aver": 1.0, "END_Averag": 1.0, "START_Mw__": 6.7, "END_Mw__W_": 6.7, "START_Mw_1": 6.7, "END_Mw__K_": 6.7, "START_M0__": 1.38e+19, "END_M0__Nm": 1.38e+19, "START_LonA": 24.8555, "END_LonA": 24.8555, "START_LatA": 38.762, "END_LatA": 38.762, "START_LonB": 24.4876, "END_LonB": 24.4876, "START_LatB": 38.5456, "END_LatB": 38.5456, "START_Lon1": 24.8555, "END_Lon1": 24.8555, "START_Lat1": 38.762, "END_Lat1": 38.762, "START_Lon2": 24.4876, "END_Lon2": 24.4876, "START_Lat2": 38.5456, "END_Lat2": 38.5456, "START_Lon3": 24.467, "END_Lon3": 24.467, "START_Lat3": 38.5669, "END_Lat3": 38.5669, "START_Lon4": 24.8349, "END_Lon4": 24.8349, "START_Lat4": 38.7834, "END_Lat4": 38.7834, "START_SR_m": 0.0, "END_SR_min": 0.0, "START_SR_1": 0.0, "END_SR_max": 0.0, "START_SR_a": null, "END_SR_avg": null, "START_SR_R": null, "END_SR_Ref": null, "START_SR_C": null, "END_SR_Com": null, "START_po_2": "A", "END_poin_1": "A", "START_po_3": 1, "END_poin_2": 1 }, "geometry": { "type": "LineString", "coordinates": [ [ 24.8555, 38.762 ], [ 24.4876, 38.5456 ], [ 24.8555, 38.762 ] ] } },
{ "type": "Feature", "properties": { "Shape_Leng": 1.2693461781599999, "SS_ID": 89, "START_OBJE": 33, "END_OBJECT": 33, "START_Lon": 24.6439, "END_Lon": 24.6439, "START_Lat": 38.0857, "END_Lat": 38.0857, "START_poin": "A", "END_point_": "A", "START_po_1": 1, "END_point1": 1, "START_SS_I": 89, "END_SS_ID": 89, "START_Name": "Cape Kafiréas", "END_NameEN": "Cape Kafiréas", "START_Na_1": "Ακ. Καφηρέας", "END_NameEL": "Ακ. Καφηρέας", "START_Stri": 36, "END_Strike": 36, "START_Dip_": 126, "END_Dip_Di": 126, "START_Dip": 75, "END_Dip": 75, "START_Rake": 180, "END_Rake": 180, "START_Ra_1": 180, "END_Rake__": 180, "START_Kine": "D", "END_Kinema": "D", "START_Leng": 64.0, "END_Length": 64.0, "START_Widt": 14.0, "END_Width_": 14.0, "START_Min_": 0.0, "END_Min_De": 0.0, "START_Max_": 13.5, "END_Max_De": 13.5, "START_Rupt": 896.0, "END_Ruptur": 896.0, "START_Aver": 1.29, "END_Averag": 1.29, "START_Mw__": 7.0, "END_Mw__W_": 7.0, "START_Mw_1": 7.0, "END_Mw__K_": 7.0, "START_M0__": 3.81972e+19, "END_M0__Nm": 3.81972e+19, "START_LonA": 24.6439, "END_LonA": 24.6439, "START_LatA": 38.0857, "END_LatA": 38.0857, "START_LonB": 25.0751, "END_LonB": 25.0751, "START_LatB": 38.5514, "END_LatB": 38.5514, "START_Lon1": 24.6439, "END_Lon1": 24.6439, "START_Lat1": 38.0857, "END_Lat1": 38.0857, "START_Lon2": 25.0751, "END_Lon2": 25.0751, "START_Lat2": 38.5514, "END_Lat2": 38.5514, "START_Lon3": 25.1088, "END_Lon3": 25.1088, "START_Lat3": 38.5322, "END_Lat3": 38.5322, "START_Lon4": 24.6775, "END_Lon4": 24.6775, "START_Lat4": 38.0666, "END_Lat4": 38.0666, "START_SR_m": 0.0, "END_SR_min": 0.0, "START_SR_1": 0.0, "END_SR_max": 0.0, "START_SR_a": null, "END_SR_avg": null, "START_SR_R": null, "END_SR_Ref": null, "START_SR_C": null, "END_SR_Com": null, "START_po_2": "A", "END_poin_1": "A", "START_po_3": 1, "END_poin_2": 1 }, "geometry": { "type": "LineString", "coordinates": [ [ 24.6439, 38.0857 ], [ 25.0751, 38.5514 ], [ 24.6439, 38.0857 ] ] } },
{ "type": "Feature", "properties": { "Shape_Leng": 1.08835510749, "SS_ID": 90, "START_OBJE": 35, "END_OBJECT": 35, "START_Lon": 24.4593, "END_Lon": 24.4593, "START_Lat": 37.5617, "END_Lat": 37.5617, "START_poin": "A", "END_point_": "A", "START_po_1": 1, "END_point1": 1, "START_SS_I": 90, "END_SS_ID": 90, "START_Name": "Kafiréas strait", "END_NameEN": "Kafiréas strait", "START_Na_1": "Δίαυλος Καφηρέα", "END_NameEL": "Δίαυλος Καφηρέα", "START_Stri": 17, "END_Strike": 17, "START_Dip_": 107, "END_Dip_Di": 107, "START_Dip": 80, "END_Dip": 80, "START_Rake": 180, "END_Rake": 180, "START_Ra_1": 180, "END_Rake__": 180, "START_Kine": "D", "END_Kinema": "D", "START_Leng": 59.0, "END_Length": 59.0, "START_Widt": 13.5, "END_Width_": 13.5, "START_Min_": 0.0, "END_Min_De": 0.0, "START_Max_": 13.3, "END_Max_De": 13.3, "START_Rupt": 796.5, "END_Ruptur": 796.5, "START_Aver": 1.21, "END_Averag": 1.21, "START_Mw__": 6.9, "END_Mw__W_": 6.9, "START_Mw_1": 6.9, "END_Mw__K_": 6.9, "START_M0__": 3.18e+19, "END_M0__Nm": 3.18e+19, "START_LonA": 24.4593, "END_LonA": 24.4593, "START_LatA": 37.5617, "END_LatA": 37.5617, "START_LonB": 24.6557, "END_LonB": 24.6557, "START_LatB": 38.0692, "END_LatB": 38.0692, "START_Lon1": 24.4593, "END_Lon1": 24.4593, "START_Lat1": 37.5617, "END_Lat1": 37.5617, "START_Lon2": 24.6557, "END_Lon2": 24.6557, "START_Lat2": 38.0692, "END_Lat2": 38.0692, "START_Lon3": 24.6813, "END_Lon3": 24.6813, "START_Lat3": 38.063, "END_Lat3": 38.063, "START_Lon4": 24.4848, "END_Lon4": 24.4848, "START_Lat4": 37.5556, "END_Lat4": 37.5556, "START_SR_m": 0.0, "END_SR_min": 0.0, "START_SR_1": 0.0, "END_SR_max": 0.0, "START_SR_a": null, "END_SR_avg": null, "START_SR_R": null, "END_SR_Ref": null, "START_SR_C": null, "END_SR_Com": null, "START_po_2": "A", "END_poin_1": "A", "START_po_3": 1, "END_poin_2": 1 }, "geometry": { "type": "LineString", "coordinates": [ [ 24.4593, 37.5617 ], [ 24.6557, 38.0692 ], [ 24.4593, 37.5617 ] ] } },
{ "type": "Feature", "properties": { "Shape_Leng": 0.93599873931499999, "SS_ID": 92, "START_OBJE": 37, "END_OBJECT": 37, "START_Lon": 24.7294, "END_Lon": 24.7294, "START_Lat": 37.7178, "END_Lat": 37.7178, "START_poin": "A", "END_point_": "A", "START_po_1": 1, "END_point1": 1, "START_SS_I": 92, "END_SS_ID": 92, "START_Name": "Cythnus-Gyaros", "END_NameEN": "Cythnus-Gyaros", "START_Na_1": "Κύθνος-Γυάρος", "END_NameEL": "Κύθνος-Γυάρος", "START_Stri": 229, "END_Strike": 229, "START_Dip_": 319, "END_Dip_Di": 319, "START_Dip": 80, "END_Dip": 80, "START_Rake": 190, "END_Rake": 190, "START_Ra_1": -170, "END_Rake__": -170, "START_Kine": "D", "END_Kinema": "D", "START_Leng": 45.0, "END_Length": 45.0, "START_Widt": 12.0, "END_Width_": 12.0, "START_Min_": 0.0, "END_Min_De": 0.0, "START_Max_": 11.8, "END_Max_De": 11.8, "START_Rupt": 540.0, "END_Ruptur": 540.0, "START_Aver": 0.99, "END_Averag": 0.99, "START_Mw__": 6.8, "END_Mw__W_": 6.8, "START_Mw_1": 6.8, "END_Mw__K_": 6.8, "START_M0__": 1.76e+19, "END_M0__Nm": 1.76e+19, "START_LonA": 24.7294, "END_LonA": 24.7294, "START_LatA": 37.7178, "END_LatA": 37.7178, "START_LonB": 24.344, "END_LonB": 24.344, "START_LatB": 37.4523, "END_LatB": 37.4523, "START_Lon1": 24.7294, "END_Lon1": 24.7294, "START_Lat1": 37.7178, "END_Lat1": 37.7178, "START_Lon2": 24.344, "END_Lon2": 24.344, "START_Lat2": 37.4523, "END_Lat2": 37.4523, "START_Lon3": 24.3284, "END_Lon3": 24.3284, "START_Lat3": 37.4664, "END_Lat3": 37.4664, "START_Lon4": 24.7139, "END_Lon4": 24.7139, "START_Lat4": 37.7319, "END_Lat4": 37.7319, "START_SR_m": 0.0, "END_SR_min": 0.0, "START_SR_1": 0.0, "END_SR_max": 0.0, "START_SR_a": null, "END_SR_avg": null, "START_SR_R": null, "END_SR_Ref": null, "START_SR_C": null, "END_SR_Com": null, "START_po_2": "A", "END_poin_1": "A", "START_po_3": 1, "END_poin_2": 1 }, "geometry": { "type": "LineString", "coordinates": [ [ 24.7294, 37.7178 ], [ 24.344, 37.4523 ], [ 24.7294, 37.7178 ] ] } },
{ "type": "Feature", "properties": { "Shape_Leng": 0.75829645917699995, "SS_ID": 95, "START_OBJE": 39, "END_OBJECT": 39, "START_Lon": 26.6622, "END_Lon": 26.6622, "START_Lat": 37.8125, "END_Lat": 37.8125, "START_poin": "A", "END_point_": "A", "START_po_1": 1, "END_point1": 1, "START_SS_I": 95, "END_SS_ID": 95, "START_Name": "Fourni", "END_NameEN": "Fourni", "START_Na_1": "Φούρνοι", "END_NameEL": "Φούρνοι", "START_Stri": 225, "END_Strike": 225, "START_Dip_": 315, "END_Dip_Di": 315, "START_Dip": 75, "END_Dip": 75, "START_Rake": 200, "END_Rake": 200, "START_Ra_1": -160, "END_Rake__": -160, "START_Kine": "DN", "END_Kinema": "DN", "START_Leng": 37.0, "END_Length": 37.0, "START_Widt": 11.0, "END_Width_": 11.0, "START_Min_": 0.0, "END_Min_De": 0.0, "START_Max_": 10.6, "END_Max_De": 10.6, "START_Rupt": 407.0, "END_Ruptur": 407.0, "START_Aver": 0.85, "END_Averag": 0.85, "START_Mw__": 6.6, "END_Mw__W_": 6.6, "START_Mw_1": 6.6, "END_Mw__K_": 6.6, "START_M0__": 1.14e+19, "END_M0__Nm": 1.14e+19, "START_LonA": 26.6622, "END_LonA": 26.6622, "START_LatA": 37.8125, "END_LatA": 37.8125, "START_LonB": 26.3649, "END_LonB": 26.3649, "START_LatB": 37.5772, "END_LatB": 37.5772, "START_Lon1": 26.6622, "END_Lon1": 26.6622, "START_Lat1": 37.8125, "END_Lat1": 37.8125, "START_Lon2": 26.3649, "END_Lon2": 26.3649, "START_Lat2": 37.5772, "END_Lat2": 37.5772, "START_Lon3": 26.342, "END_Lon3": 26.342, "START_Lat3": 37.5953, "END_Lat3": 37.5953, "START_Lon4": 26.6394, "END_Lon4": 26.6394, "START_Lat4": 37.8306, "END_Lat4": 37.8306, "START_SR_m": 0.0, "END_SR_min": 0.0, "START_SR_1": 0.0, "END_SR_max": 0.0, "START_SR_a": null, "END_SR_avg": null, "START_SR_R": null, "END_SR_Ref": null, "START_SR_C": null, "END_SR_Com": null, "START_po_2": "A", "END_poin_1": "A", "START_po_3": 1, "END_poin_2": 1 }, "geometry": { "type": "LineString", "coordinates": [ [ 26.6622, 37.8125 ], [ 26.3649, 37.5772 ], [ 26.6622, 37.8125 ] ] } },
{ "type": "Feature", "properties": { "Shape_Leng": 1.1230155475300001, "SS_ID": 97, "START_OBJE": 41, "END_OBJECT": 41, "START_Lon": 26.1524, "END_Lon": 26.1524, "START_Lat": 37.6994, "END_Lat": 37.6994, "START_poin": "A", "END_point_": "A", "START_po_1": 1, "END_point1": 1, "START_SS_I": 97, "END_SS_ID": 97, "START_Name": "Armenistis", "END_NameEN": "Armenistis", "START_Na_1": "Αρμενιστής", "END_NameEL": "Αρμενιστής", "START_Stri": 229, "END_Strike": 229, "START_Dip_": 319, "END_Dip_Di": 319, "START_Dip": 75, "END_Dip": 75, "START_Rake": 200, "END_Rake": 200, "START_Ra_1": -160, "END_Rake__": -160, "START_Kine": "DN", "END_Kinema": "DN", "START_Leng": 54.0, "END_Length": 54.0, "START_Widt": 13.0, "END_Width_": 13.0, "START_Min_": 0.0, "END_Min_De": 0.0, "START_Max_": 12.6, "END_Max_De": 12.6, "START_Rupt": 702.0, "END_Ruptur": 702.0, "START_Aver": 1.14, "END_Averag": 1.14, "START_Mw__": 6.9, "END_Mw__W_": 6.9, "START_Mw_1": 6.9, "END_Mw__K_": 6.9, "START_M0__": 2.62964e+19, "END_M0__Nm": 2.62964e+19, "START_LonA": 26.1524, "END_LonA": 26.1524, "START_LatA": 37.6994, "END_LatA": 37.6994, "START_LonB": 25.6901, "END_LonB": 25.6901, "START_LatB": 37.3807, "END_LatB": 37.3807, "START_Lon1": 26.1524, "END_Lon1": 26.1524, "START_Lat1": 37.6994, "END_Lat1": 37.6994, "START_Lon2": 25.6901, "END_Lon2": 25.6901, "START_Lat2": 37.3807, "END_Lat2": 37.3807, "START_Lon3": 25.6651, "END_Lon3": 25.6651, "START_Lat3": 37.4036, "END_Lat3": 37.4036, "START_Lon4": 26.1273, "END_Lon4": 26.1273, "START_Lat4": 37.7222, "END_Lat4": 37.7222, "START_SR_m": 0.0, "END_SR_min": 0.0, "START_SR_1": 0.0, "END_SR_max": 0.0, "START_SR_a": null, "END_SR_avg": null, "START_SR_R": null, "END_SR_Ref": null, "START_SR_C": null, "END_SR_Com": null, "START_po_2": "A", "END_poin_1": "A", "START_po_3": 1, "END_poin_2": 1 }, "geometry": { "type": "LineString", "coordinates": [ [ 26.1524, 37.6994 ], [ 25.6901, 37.3807 ], [ 26.1524, 37.6994 ] ] } },
{ "type": "Feature", "properties": { "Shape_Leng": 0.93155684743300005, "SS_ID": 98, "START_OBJE": 43, "END_OBJECT": 43, "START_Lon": 25.2351, "END_Lon": 25.2351, "START_Lat": 37.1868, "END_Lat": 37.1868, "START_poin": "A", "END_point_": "A", "START_po_1": 1, "END_point1": 1, "START_SS_I": 98, "END_SS_ID": 98, "START_Name": "Paros-Antiparos", "END_NameEN": "Paros-Antiparos", "START_Na_1": "Πάρος-Αντίπαρος", "END_NameEL": "Πάρος-Αντίπαρος", "START_Stri": 229, "END_Strike": 229, "START_Dip_": 319, "END_Dip_Di": 319, "START_Dip": 75, "END_Dip": 75, "START_Rake": 200, "END_Rake": 200, "START_Ra_1": -160, "END_Rake__": -160, "START_Kine": "DN", "END_Kinema": "DN", "START_Leng": 45.0, "END_Length": 45.0, "START_Widt": 12.0, "END_Width_": 12.0, "START_Min_": 0.0, "END_Min_De": 0.0, "START_Max_": 11.6, "END_Max_De": 11.6, "START_Rupt": 540.0, "END_Ruptur": 540.0, "START_Aver": 0.99, "END_Averag": 0.99, "START_Mw__": 6.8, "END_Mw__W_": 6.8, "START_Mw_1": 6.8, "END_Mw__K_": 6.8, "START_M0__": 1.76e+19, "END_M0__Nm": 1.76e+19, "START_LonA": 25.2351, "END_LonA": 25.2351, "START_LatA": 37.1868, "END_LatA": 37.1868, "START_LonB": 24.8524, "END_LonB": 24.8524, "START_LatB": 36.9213, "END_LatB": 36.9213, "START_Lon1": 25.2351, "END_Lon1": 25.2351, "START_Lat1": 37.1868, "END_Lat1": 37.1868, "START_Lon2": 24.8524, "END_Lon2": 24.8524, "START_Lat2": 36.9213, "END_Lat2": 36.9213, "START_Lon3": 24.8294, "END_Lon3": 24.8294, "START_Lat3": 36.9424, "END_Lat3": 36.9424, "START_Lon4": 25.2121, "END_Lon4": 25.2121, "START_Lat4": 37.2079, "END_Lat4": 37.2079, "START_SR_m": 0.0, "END_SR_min": 0.0, "START_SR_1": 0.0, "END_SR_max": 0.0, "START_SR_a": null, "END_SR_avg": null, "START_SR_R": null, "END_SR_Ref": null, "START_SR_C": null, "END_SR_Com": null, "START_po_2": "A", "END_poin_1": "A", "START_po_3": 1, "END_poin_2": 1 }, "geometry": { "type": "LineString", "coordinates": [ [ 25.2351, 37.1868 ], [ 24.8524, 36.9213 ], [ 25.2351, 37.1868 ] ] } },
{ "type": "Feature", "properties": { "Shape_Leng": 0.86160928500099998, "SS_ID": 99, "START_OBJE": 45, "END_OBJECT": 45, "START_Lon": 24.3281, "END_Lon": 24.3281, "START_Lat": 36.9818, "END_Lat": 36.9818, "START_poin": "A", "END_point_": "A", "START_po_1": 1, "END_point1": 1, "START_SS_I": 99, "END_SS_ID": 99, "START_Name": "Seriphos", "END_NameEN": "Seriphos", "START_Na_1": "Σέριφος", "END_NameEL": "Σέριφος", "START_Stri": 53, "END_Strike": 53, "START_Dip_": 143, "END_Dip_Di": 143, "START_Dip": 75, "END_Dip": 75, "START_Rake": 200, "END_Rake": 200, "START_Ra_1": -160, "END_Rake__": -160, "START_Kine": "DN", "END_Kinema": "DN", "START_Leng": 41.0, "END_Length": 41.0, "START_Widt": 11.5, "END_Width_": 11.5, "START_Min_": 0.0, "END_Min_De": 0.0, "START_Max_": 11.1, "END_Max_De": 11.1, "START_Rupt": 471.5, "END_Ruptur": 471.5, "START_Aver": 0.92, "END_Averag": 0.92, "START_Mw__": 6.7, "END_Mw__W_": 6.7, "START_Mw_1": 6.7, "END_Mw__K_": 6.7, "START_M0__": 1.43e+19, "END_M0__Nm": 1.43e+19, "START_LonA": 24.3281, "END_LonA": 24.3281, "START_LatA": 36.9818, "END_LatA": 36.9818, "START_LonB": 24.6973, "END_LonB": 24.6973, "START_LatB": 37.2038, "END_LatB": 37.2038, "START_Lon1": 24.3281, "END_Lon1": 24.3281, "START_Lat1": 36.9818, "END_Lat1": 36.9818, "START_Lon2": 24.6973, "END_Lon2": 24.6973, "START_Lat2": 37.2038, "END_Lat2": 37.2038, "START_Lon3": 24.7175, "END_Lon3": 24.7175, "START_Lat3": 37.1824, "END_Lat3": 37.1824, "START_Lon4": 24.3484, "END_Lon4": 24.3484, "START_Lat4": 36.9605, "END_Lat4": 36.9605, "START_SR_m": 0.0, "END_SR_min": 0.0, "START_SR_1": 0.0, "END_SR_max": 0.0, "START_SR_a": null, "END_SR_avg": null, "START_SR_R": null, "END_SR_Ref": null, "START_SR_C": null, "END_SR_Com": null, "START_po_2": "A", "END_poin_1": "A", "START_po_3": 1, "END_poin_2": 1 }, "geometry": { "type": "LineString", "coordinates": [ [ 24.3281, 36.9818 ], [ 24.6973, 37.2038 ], [ 24.3281, 36.9818 ] ] } },
{ "type": "Feature", "properties": { "Shape_Leng": 0.73796785837900003, "SS_ID": 100, "START_OBJE": 47, "END_OBJECT": 47, "START_Lon": 24.1143, "END_Lon": 24.1143, "START_Lat": 37.4254, "END_Lat": 37.4254, "START_poin": "A", "END_point_": "A", "START_po_1": 1, "END_point1": 1, "START_SS_I": 100, "END_SS_ID": 100, "START_Name": "Agios Georgios", "END_NameEN": "Agios Georgios", "START_Na_1": "Άγιος Γεώργιος", "END_NameEL": "Άγιος Γεώργιος", "START_Stri": 219, "END_Strike": 219, "START_Dip_": 309, "END_Dip_Di": 309, "START_Dip": 75, "END_Dip": 75, "START_Rake": 200, "END_Rake": 200, "START_Ra_1": -160, "END_Rake__": -160, "START_Kine": "DN", "END_Kinema": "DN", "START_Leng": 37.0, "END_Length": 37.0, "START_Widt": 11.0, "END_Width_": 11.0, "START_Min_": 0.0, "END_Min_De": 0.0, "START_Max_": 10.6, "END_Max_De": 10.6, "START_Rupt": 407.0, "END_Ruptur": 407.0, "START_Aver": 0.85, "END_Averag": 0.85, "START_Mw__": 6.6, "END_Mw__W_": 6.6, "START_Mw_1": 6.6, "END_Mw__K_": 6.6, "START_M0__": 1.14e+19, "END_M0__Nm": 1.14e+19, "START_LonA": 24.1143, "END_LonA": 24.1143, "START_LatA": 37.4254, "END_LatA": 37.4254, "START_LonB": 23.851, "END_LonB": 23.851, "START_LatB": 37.1669, "END_LatB": 37.1669, "START_Lon1": 24.1143, "END_Lon1": 24.1143, "START_Lat1": 37.4254, "END_Lat1": 37.4254, "START_Lon2": 23.851, "END_Lon2": 23.851, "START_Lat2": 37.1669, "END_Lat2": 37.1669, "START_Lon3": 23.826, "END_Lon3": 23.826, "START_Lat3": 37.183, "END_Lat3": 37.183, "START_Lon4": 24.0893, "END_Lon4": 24.0893, "START_Lat4": 37.4416, "END_Lat4": 37.4416, "START_SR_m": 0.0, "END_SR_min": 0.0, "START_SR_1": 0.0, "END_SR_max": 0.0, "START_SR_a": null, "END_SR_avg": null, "START_SR_R": null, "END_SR_Ref": null, "START_SR_C": null, "END_SR_Com": null, "START_po_2": "A", "END_poin_1": "A", "START_po_3": 1, "END_poin_2": 1 }, "geometry": { "type": "LineString", "coordinates": [ [ 24.1143, 37.4254 ], [ 23.851, 37.1669 ], [ 24.1143, 37.4254 ] ] } },
{ "type": "Feature", "properties": { "Shape_Leng": 2.2562377534300002, "SS_ID": 143, "START_OBJE": 49, "END_OBJECT": 49, "START_Lon": 28.6354, "END_Lon": 28.6354, "START_Lat": 36.5045, "END_Lat": 36.5045, "START_poin": "A", "END_point_": "A", "START_po_1": 1, "END_point1": 1, "START_SS_I": 143, "END_SS_ID": 143, "START_Name": "Rhodes Basin", "END_NameEN": "Rhodes Basin", "START_Na_1": "Λεκάνη Ρόδου", "END_NameEL": "Λεκάνη Ρόδου", "START_Stri": 219, "END_Strike": 219, "START_Dip_": 309, "END_Dip_Di": 309, "START_Dip": 84, "END_Dip": 84, "START_Rake": 20, "END_Rake": 20, "START_Ra_1": 20, "END_Rake__": 20, "START_Kine": "SR", "END_Kinema": "SR", "START_Leng": 114.0, "END_Length": 114.0, "START_Widt": 18.0, "END_Width_": 18.0, "START_Min_": 0.0, "END_Min_De": 0.0, "START_Max_": 17.9, "END_Max_De": 17.9, "START_Rupt": 2052.0, "END_Ruptur": 2052.0, "START_Aver": 2.0, "END_Averag": 2.0, "START_Mw__": 7.4, "END_Mw__W_": 7.4, "START_Mw_1": 7.4, "END_Mw__K_": 7.4, "START_M0__": 1.36e+20, "END_M0__Nm": 1.36e+20, "START_LonA": 28.6354, "END_LonA": 28.6354, "START_LatA": 36.5045, "END_LatA": 36.5045, "START_LonB": 27.8368, "END_LonB": 27.8368, "START_LatB": 35.7077, "END_LatB": 35.7077, "START_Lon1": 28.6354, "END_Lon1": 28.6354, "START_Lat1": 36.5045, "END_Lat1": 36.5045, "START_Lon2": 27.8368, "END_Lon2": 27.8368, "START_Lat2": 35.7077, "END_Lat2": 35.7077, "START_Lon3": 27.8206, "END_Lon3": 27.8206, "START_Lat3": 35.7184, "END_Lat3": 35.7184, "START_Lon4": 28.6191, "END_Lon4": 28.6191, "START_Lat4": 36.5151, "END_Lat4": 36.5151, "START_SR_m": 0.0, "END_SR_min": 0.0, "START_SR_1": 0.0, "END_SR_max": 0.0, "START_SR_a": null, "END_SR_avg": null, "START_SR_R": null, "END_SR_Ref": null, "START_SR_C": null, "END_SR_Com": null, "START_po_2": "A", "END_poin_1": "A", "START_po_3": 1, "END_poin_2": 1 }, "geometry": { "type": "LineString", "coordinates": [ [ 28.6354, 36.5045 ], [ 27.8368, 35.7077 ], [ 28.6354, 36.5045 ] ] } },
{ "type": "Feature", "properties": { "Shape_Leng": 2.38803661613, "SS_ID": 145, "START_OBJE": 51, "END_OBJECT": 51, "START_Lon": 28.2698, "END_Lon": 28.2698, "START_Lat": 35.7245, "END_Lat": 35.7245, "START_poin": "A", "END_point_": "A", "START_po_1": 1, "END_point1": 1, "START_SS_I": 145, "END_SS_ID": 145, "START_Name": "Cretan-Rhodes Ridge A", "END_NameEN": "Cretan-Rhodes Ridge A", "START_Na_1": "Ράχη Κρήτης Ρόδου Α", "END_NameEL": "Ράχη Κρήτης Ρόδου Α", "START_Stri": 237, "END_Strike": 237, "START_Dip_": 327, "END_Dip_Di": 327, "START_Dip": 78, "END_Dip": 78, "START_Rake": 10, "END_Rake": 10, "START_Ra_1": 10, "END_Rake__": 10, "START_Kine": "S", "END_Kinema": "S", "START_Leng": 114.0, "END_Length": 114.0, "START_Widt": 18.0, "END_Width_": 18.0, "START_Min_": 0.0, "END_Min_De": 0.0, "START_Max_": 17.6, "END_Max_De": 17.6, "START_Rupt": 2052.0, "END_Ruptur": 2052.0, "START_Aver": 2.2, "END_Averag": 2.2, "START_Mw__": 7.4, "END_Mw__W_": 7.4, "START_Mw_1": 7.4, "END_Mw__K_": 7.4, "START_M0__": 1.36e+20, "END_M0__Nm": 1.36e+20, "START_LonA": 28.2698, "END_LonA": 28.2698, "START_LatA": 35.7245, "END_LatA": 35.7245, "START_LonB": 27.2144, "END_LonB": 27.2144, "START_LatB": 35.1661, "END_LatB": 35.1661, "START_Lon1": 28.2698, "END_Lon1": 28.2698, "START_Lat1": 35.7245, "END_Lat1": 35.7245, "START_Lon2": 27.2144, "END_Lon2": 27.2144, "START_Lat2": 35.1661, "END_Lat2": 35.1661, "START_Lon3": 27.1918, "END_Lon3": 27.1918, "START_Lat3": 35.1943, "END_Lat3": 35.1943, "START_Lon4": 28.2474, "END_Lon4": 28.2474, "START_Lat4": 35.7527, "END_Lat4": 35.7527, "START_SR_m": 0.0, "END_SR_min": 0.0, "START_SR_1": 0.0, "END_SR_max": 0.0, "START_SR_a": null, "END_SR_avg": null, "START_SR_R": null, "END_SR_Ref": null, "START_SR_C": null, "END_SR_Com": null, "START_po_2": "A", "END_poin_1": "A", "START_po_3": 1, "END_poin_2": 1 }, "geometry": { "type": "LineString", "coordinates": [ [ 28.2698, 35.7245 ], [ 27.2144, 35.1661 ], [ 28.2698, 35.7245 ] ] } },
{ "type": "Feature", "properties": { "Shape_Leng": 1.98421544193, "SS_ID": 146, "START_OBJE": 53, "END_OBJECT": 53, "START_Lon": 27.2384, "END_Lon": 27.2384, "START_Lat": 35.2888, "END_Lat": 35.2888, "START_poin": "A", "END_point_": "A", "START_po_1": 1, "END_point1": 1, "START_SS_I": 146, "END_SS_ID": 146, "START_Name": "Cretan-Rhodes Ridge B", "END_NameEN": "Cretan-Rhodes Ridge B", "START_Na_1": "Ράχη Κρήτης Ρόδου Β", "END_NameEL": "Ράχη Κρήτης Ρόδου Β", "START_Stri": 243, "END_Strike": 243, "START_Dip_": 333, "END_Dip_Di": 333, "START_Dip": 78, "END_Dip": 78, "START_Rake": 10, "END_Rake": 10, "START_Ra_1": 10, "END_Rake__": 10, "START_Kine": "S", "END_Kinema": "S", "START_Leng": 93.5, "END_Length": 93.5, "START_Widt": 16.5, "END_Width_": 16.5, "START_Min_": 0.0, "END_Min_De": 0.0, "START_Max_": 16.1, "END_Max_De": 16.1, "START_Rupt": 1542.7, "END_Ruptur": 1542.7, "START_Aver": 1.9, "END_Averag": 1.9, "START_Mw__": 7.2, "END_Mw__W_": 7.2, "START_Mw_1": 7.2, "END_Mw__K_": 7.2, "START_M0__": 8.77e+19, "END_M0__Nm": 8.77e+19, "START_LonA": 27.2384, "END_LonA": 27.2384, "START_LatA": 35.2888, "END_LatA": 35.2888, "START_LonB": 26.3227, "END_LonB": 26.3227, "START_LatB": 34.907, "END_LatB": 34.907, "START_Lon1": 27.2384, "END_Lon1": 27.2384, "START_Lat1": 35.2888, "END_Lat1": 35.2888, "START_Lon2": 26.3227, "END_Lon2": 26.3227, "START_Lat2": 34.907, "END_Lat2": 34.907, "START_Lon3": 26.3055, "END_Lon3": 26.3055, "START_Lat3": 34.9345, "END_Lat3": 34.9345, "START_Lon4": 27.2214, "END_Lon4": 27.2214, "START_Lat4": 35.3163, "END_Lat4": 35.3163, "START_SR_m": 0.0, "END_SR_min": 0.0, "START_SR_1": 0.0, "END_SR_max": 0.0, "START_SR_a": null, "END_SR_avg": null, "START_SR_R": null, "END_SR_Ref": null, "START_SR_C": null, "END_SR_Com": null, "START_po_2": "A", "END_poin_1": "A", "START_po_3": 1, "END_poin_2": 1 }, "geometry": { "type": "LineString", "coordinates": [ [ 27.2384, 35.2888 ], [ 26.3227, 34.907 ], [ 27.2384, 35.2888 ] ] } },
{ "type": "Feature", "properties": { "Shape_Leng": 2.3213321175599999, "SS_ID": 147, "START_OBJE": 55, "END_OBJECT": 55, "START_Lon": 25.7642, "END_Lon": 25.7642, "START_Lat": 34.9263, "END_Lat": 34.9263, "START_poin": "A", "END_point_": "A", "START_po_1": 1, "END_point1": 1, "START_SS_I": 147, "END_SS_ID": 147, "START_Name": "Ptolemy Trench A", "END_NameEN": "Ptolemy Trench A", "START_Na_1": "Τάφρος Πτολεμαίου Α", "END_NameEL": "Τάφρος Πτολεμαίου Α", "START_Stri": 256, "END_Strike": 256, "START_Dip_": 346, "END_Dip_Di": 346, "START_Dip": 75, "END_Dip": 75, "START_Rake": 0, "END_Rake": 0, "START_Ra_1": 0, "END_Rake__": 0, "START_Kine": "S", "END_Kinema": "S", "START_Leng": 107.0, "END_Length": 107.0, "START_Widt": 17.5, "END_Width_": 17.5, "START_Min_": 0.0, "END_Min_De": 0.0, "START_Max_": 16.9, "END_Max_De": 16.9, "START_Rupt": 1872.5, "END_Ruptur": 1872.5, "START_Aver": 2.1, "END_Averag": 2.1, "START_Mw__": 7.3, "END_Mw__W_": 7.3, "START_Mw_1": 7.3, "END_Mw__K_": 7.3, "START_M0__": 1.18e+20, "END_M0__Nm": 1.18e+20, "START_LonA": 25.7642, "END_LonA": 25.7642, "START_LatA": 34.9263, "END_LatA": 34.9263, "START_LonB": 24.6271, "END_LonB": 24.6271, "START_LatB": 34.6936, "END_LatB": 34.6936, "START_Lon1": 25.7642, "END_Lon1": 25.7642, "START_Lat1": 34.9263, "END_Lat1": 34.9263, "START_Lon2": 24.6271, "END_Lon2": 24.6271, "START_Lat2": 34.6936, "END_Lat2": 34.6936, "START_Lon3": 24.6149, "END_Lon3": 24.6149, "START_Lat3": 34.7331, "END_Lat3": 34.7331, "START_Lon4": 25.7524, "END_Lon4": 25.7524, "START_Lat4": 34.9659, "END_Lat4": 34.9659, "START_SR_m": 0.0, "END_SR_min": 0.0, "START_SR_1": 0.0, "END_SR_max": 0.0, "START_SR_a": null, "END_SR_avg": null, "START_SR_R": null, "END_SR_Ref": null, "START_SR_C": null, "END_SR_Com": null, "START_po_2": "A", "END_poin_1": "A", "START_po_3": 1, "END_poin_2": 1 }, "geometry": { "type": "LineString", "coordinates": [ [ 25.7642, 34.9263 ], [ 24.6271, 34.6936 ], [ 25.7642, 34.9263 ] ] } },
{ "type": "Feature", "properties": { "Shape_Leng": 1.26538446332, "SS_ID": 148, "START_OBJE": 57, "END_OBJECT": 57, "START_Lon": 24.6058, "END_Lon": 24.6058, "START_Lat": 34.7342, "END_Lat": 34.7342, "START_poin": "A", "END_point_": "A", "START_po_1": 1, "END_point1": 1, "START_SS_I": 148, "END_SS_ID": 148, "START_Name": "Ptolemy Trench B", "END_NameEN": "Ptolemy Trench B", "START_Na_1": "Τάφρος Πτολεμαίου Β", "END_NameEL": "Τάφρος Πτολεμαίου Β", "START_Stri": 250, "END_Strike": 250, "START_Dip_": 340, "END_Dip_Di": 340, "START_Dip": 80, "END_Dip": 80, "START_Rake": 0, "END_Rake": 0, "START_Ra_1": 0, "END_Rake__": 0, "START_Kine": "S", "END_Kinema": "S", "START_Leng": 59.0, "END_Length": 59.0, "START_Widt": 13.5, "END_Width_": 13.5, "START_Min_": 0.0, "END_Min_De": 0.0, "START_Max_": 13.3, "END_Max_De": 13.3, "START_Rupt": 796.5, "END_Ruptur": 796.5, "START_Aver": 1.34, "END_Averag": 1.34, "START_Mw__": 6.9, "END_Mw__W_": 6.9, "START_Mw_1": 6.9, "END_Mw__K_": 6.9, "START_M0__": 3.19e+19, "END_M0__Nm": 3.19e+19, "START_LonA": 24.6058, "END_LonA": 24.6058, "START_LatA": 34.7342, "END_LatA": 34.7342, "START_LonB": 23.9997, "END_LonB": 23.9997, "START_LatB": 34.5527, "END_LatB": 34.5527, "START_Lon1": 24.6058, "END_Lon1": 24.6058, "START_Lat1": 34.7342, "END_Lat1": 34.7342, "START_Lon2": 23.9997, "END_Lon2": 23.9997, "START_Lat2": 34.5527, "END_Lat2": 34.5527, "START_Lon3": 23.9909, "END_Lon3": 23.9909, "START_Lat3": 34.5725, "END_Lat3": 34.5725, "START_Lon4": 24.5971, "END_Lon4": 24.5971, "START_Lat4": 34.754, "END_Lat4": 34.754, "START_SR_m": 0.0, "END_SR_min": 0.0, "START_SR_1": 0.0, "END_SR_max": 0.0, "START_SR_a": null, "END_SR_avg": null, "START_SR_R": null, "END_SR_Ref": null, "START_SR_C": null, "END_SR_Com": null, "START_po_2": "A", "END_poin_1": "A", "START_po_3": 1, "END_poin_2": 1 }, "geometry": { "type": "LineString", "coordinates": [ [ 24.6058, 34.7342 ], [ 23.9997, 34.5527 ], [ 24.6058, 34.7342 ] ] } },
{ "type": "Feature", "properties": { "Shape_Leng": 3.2427618660599999, "SS_ID": 149, "START_OBJE": 59, "END_OBJECT": 59, "START_Lon": 27.1949, "END_Lon": 27.1949, "START_Lat": 34.9055, "END_Lat": 34.9055, "START_poin": "A", "END_point_": "A", "START_po_1": 1, "END_point1": 1, "START_SS_I": 149, "END_SS_ID": 149, "START_Name": "Pliny Trench A", "END_NameEN": "Pliny Trench A", "START_Na_1": "Τάφρος Πλίνιου Α", "END_NameEL": "Τάφρος Πλίνιου Α", "START_Stri": 242, "END_Strike": 242, "START_Dip_": 332, "END_Dip_Di": 332, "START_Dip": 75, "END_Dip": 75, "START_Rake": 10, "END_Rake": 10, "START_Ra_1": 10, "END_Rake__": 10, "START_Kine": "S", "END_Kinema": "S", "START_Leng": 154.0, "END_Length": 154.0, "START_Widt": 20.5, "END_Width_": 20.5, "START_Min_": 0.0, "END_Min_De": 0.0, "START_Max_": 19.8, "END_Max_De": 19.8, "START_Rupt": 3157.0, "END_Ruptur": 3157.0, "START_Aver": 2.77, "END_Averag": 2.77, "START_Mw__": 7.5, "END_Mw__W_": 7.5, "START_Mw_1": 7.5, "END_Mw__K_": 7.5, "START_M0__": 2.62e+20, "END_M0__Nm": 2.62e+20, "START_LonA": 27.1949, "END_LonA": 27.1949, "START_LatA": 34.9055, "END_LatA": 34.9055, "START_LonB": 25.7096, "END_LonB": 25.7096, "START_LatB": 34.2553, "END_LatB": 34.2553, "START_Lon1": 27.1949, "END_Lon1": 27.1949, "START_Lat1": 34.9055, "END_Lat1": 34.9055, "START_Lon2": 25.7096, "END_Lon2": 25.7096, "START_Lat2": 34.2553, "END_Lat2": 34.2553, "START_Lon3": 25.6823, "END_Lon3": 25.6823, "START_Lat3": 34.2974, "END_Lat3": 34.2974, "START_Lon4": 27.1678, "END_Lon4": 27.1678, "START_Lat4": 34.9476, "END_Lat4": 34.9476, "START_SR_m": 0.0, "END_SR_min": 0.0, "START_SR_1": 0.0, "END_SR_max": 0.0, "START_SR_a": null, "END_SR_avg": null, "START_SR_R": null, "END_SR_Ref": null, "START_SR_C": null, "END_SR_Com": null, "START_po_2": "A", "END_poin_1": "A", "START_po_3": 1, "END_poin_2": 1 }, "geometry": { "type": "LineString", "coordinates": [ [ 27.1949, 34.9055 ], [ 25.7096, 34.2553 ], [ 27.1949, 34.9055 ] ] } },
{ "type": "Feature", "properties": { "Shape_Leng": 1.8320052074199999, "SS_ID": 150, "START_OBJE": 61, "END_OBJECT": 61, "START_Lon": 25.5836, "END_Lon": 25.5836, "START_Lat": 34.2893, "END_Lat": 34.2893, "START_poin": "A", "END_point_": "A", "START_po_1": 1, "END_point1": 1, "START_SS_I": 150, "END_SS_ID": 150, "START_Name": "Pliny Trench B", "END_NameEN": "Pliny Trench B", "START_Na_1": "Τάφρος Πλίνιου Β", "END_NameEL": "Τάφρος Πλίνιου Β", "START_Stri": 244, "END_Strike": 244, "START_Dip_": 334, "END_Dip_Di": 334, "START_Dip": 75, "END_Dip": 75, "START_Rake": 10, "END_Rake": 10, "START_Ra_1": 10, "END_Rake__": 10, "START_Kine": "S", "END_Kinema": "S", "START_Leng": 87.0, "END_Length": 87.0, "START_Widt": 16.0, "END_Width_": 16.0, "START_Min_": 0.0, "END_Min_De": 0.0, "START_Max_": 15.5, "END_Max_De": 15.5, "START_Rupt": 1392.0, "END_Ruptur": 1392.0, "START_Aver": 1.79, "END_Averag": 1.79, "START_Mw__": 7.2, "END_Mw__W_": 7.2, "START_Mw_1": 7.2, "END_Mw__K_": 7.2, "START_M0__": 7.49e+19, "END_M0__Nm": 7.49e+19, "START_LonA": 25.5836, "END_LonA": 25.5836, "START_LatA": 34.2893, "END_LatA": 34.2893, "START_LonB": 24.7342, "END_LonB": 24.7342, "START_LatB": 33.9464, "END_LatB": 33.9464, "START_Lon1": 25.5836, "END_Lon1": 25.5836, "START_Lat1": 34.2893, "END_Lat1": 34.2893, "START_Lon2": 24.7342, "END_Lon2": 24.7342, "START_Lat2": 33.9464, "END_Lat2": 33.9464, "START_Lon3": 24.7144, "END_Lon3": 24.7144, "START_Lat3": 33.9798, "END_Lat3": 33.9798, "START_Lon4": 25.564, "END_Lon4": 25.564, "START_Lat4": 34.3228, "END_Lat4": 34.3228, "START_SR_m": 0.0, "END_SR_min": 0.0, "START_SR_1": 0.0, "END_SR_max": 0.0, "START_SR_a": null, "END_SR_avg": null, "START_SR_R": null, "END_SR_Ref": null, "START_SR_C": null, "END_SR_Com": null, "START_po_2": "A", "END_poin_1": "A", "START_po_3": 1, "END_poin_2": 1 }, "geometry": { "type": "LineString", "coordinates": [ [ 25.5836, 34.2893 ], [ 24.7342, 33.9464 ], [ 25.5836, 34.2893 ] ] } },
{ "type": "Feature", "properties": { "Shape_Leng": 2.5256200981100001, "SS_ID": 151, "START_OBJE": 63, "END_OBJECT": 63, "START_Lon": 28.5737, "END_Lon": 28.5737, "START_Lat": 35.2486, "END_Lat": 35.2486, "START_poin": "A", "END_point_": "A", "START_po_1": 1, "END_point1": 1, "START_SS_I": 151, "END_SS_ID": 151, "START_Name": "Strabo Trench A", "END_NameEN": "Strabo Trench A", "START_Na_1": "Τάφρος Στράβωνα Α", "END_NameEL": "Τάφρος Στράβωνα Α", "START_Stri": 236, "END_Strike": 236, "START_Dip_": 326, "END_Dip_Di": 326, "START_Dip": 75, "END_Dip": 75, "START_Rake": 10, "END_Rake": 10, "START_Ra_1": 10, "END_Rake__": 10, "START_Kine": "S", "END_Kinema": "S", "START_Leng": 121.5, "END_Length": 121.5, "START_Widt": 18.5, "END_Width_": 18.5, "START_Min_": 0.0, "END_Min_De": 0.0, "START_Max_": 17.9, "END_Max_De": 17.9, "START_Rupt": 2247.8, "END_Ruptur": 2247.8, "START_Aver": 2.31, "END_Averag": 2.31, "START_Mw__": 7.4, "END_Mw__W_": 7.4, "START_Mw_1": 7.4, "END_Mw__K_": 7.4, "START_M0__": 1.56e+20, "END_M0__Nm": 1.56e+20, "START_LonA": 28.5737, "END_LonA": 28.5737, "START_LatA": 35.2486, "END_LatA": 35.2486, "START_LonB": 27.4686, "END_LonB": 27.4686, "START_LatB": 34.6375, "END_LatB": 34.6375, "START_Lon1": 28.5737, "END_Lon1": 28.5737, "START_Lat1": 35.2486, "END_Lat1": 35.2486, "START_Lon2": 27.4686, "END_Lon2": 27.4686, "START_Lat2": 34.6375, "END_Lat2": 34.6375, "START_Lon3": 27.4392, "END_Lon3": 27.4392, "START_Lat3": 34.6732, "END_Lat3": 34.6732, "START_Lon4": 28.5444, "END_Lon4": 28.5444, "START_Lat4": 35.2843, "END_Lat4": 35.2843, "START_SR_m": 0.0, "END_SR_min": 0.0, "START_SR_1": 0.0, "END_SR_max": 0.0, "START_SR_a": null, "END_SR_avg": null, "START_SR_R": null, "END_SR_Ref": null, "START_SR_C": null, "END_SR_Com": null, "START_po_2": "A", "END_poin_1": "A", "START_po_3": 1, "END_poin_2": 1 }, "geometry": { "type": "LineString", "coordinates": [ [ 28.5737, 35.2486 ], [ 27.4686, 34.6375 ], [ 28.5737, 35.2486 ] ] } },
{ "type": "Feature", "properties": { "Shape_Leng": 1.43732886981, "SS_ID": 152, "START_OBJE": 65, "END_OBJECT": 65, "START_Lon": 27.421, "END_Lon": 27.421, "START_Lat": 34.5599, "END_Lat": 34.5599, "START_poin": "A", "END_point_": "A", "START_po_1": 1, "END_point1": 1, "START_SS_I": 152, "END_SS_ID": 152, "START_Name": "Strabo Trench B", "END_NameEN": "Strabo Trench B", "START_Na_1": "Τάφρος Στράβωνα Β", "END_NameEL": "Τάφρος Στράβωνα Β", "START_Stri": 236, "END_Strike": 236, "START_Dip_": 326, "END_Dip_Di": 326, "START_Dip": 75, "END_Dip": 75, "START_Rake": 10, "END_Rake": 10, "START_Ra_1": 10, "END_Rake__": 10, "START_Kine": "S", "END_Kinema": "S", "START_Leng": 69.5, "END_Length": 69.5, "START_Widt": 14.5, "END_Width_": 14.5, "START_Min_": 0.0, "END_Min_De": 0.0, "START_Max_": 14.0, "END_Max_De": 14.0, "START_Rupt": 1007.7, "END_Ruptur": 1007.7, "START_Aver": 1.51, "END_Averag": 1.51, "START_Mw__": 7.0, "END_Mw__W_": 7.0, "START_Mw_1": 7.0, "END_Mw__K_": 7.0, "START_M0__": 4.57e+19, "END_M0__Nm": 4.57e+19, "START_LonA": 27.421, "END_LonA": 27.421, "START_LatA": 34.5599, "END_LatA": 34.5599, "START_LonB": 26.7931, "END_LonB": 26.7931, "START_LatB": 34.2103, "END_LatB": 34.2103, "START_Lon1": 27.421, "END_Lon1": 27.421, "START_Lat1": 34.5599, "END_Lat1": 34.5599, "START_Lon2": 26.7931, "END_Lon2": 26.7931, "START_Lat2": 34.2103, "END_Lat2": 34.2103, "START_Lon3": 26.7702, "END_Lon3": 26.7702, "START_Lat3": 34.2383, "END_Lat3": 34.2383, "START_Lon4": 27.3982, "END_Lon4": 27.3982, "START_Lat4": 34.5878, "END_Lat4": 34.5878, "START_SR_m": 0.0, "END_SR_min": 0.0, "START_SR_1": 0.0, "END_SR_max": 0.0, "START_SR_a": null, "END_SR_avg": null, "START_SR_R": null, "END_SR_Ref": null, "START_SR_C": null, "END_SR_Com": null, "START_po_2": "A", "END_poin_1": "A", "START_po_3": 1, "END_poin_2": 1 }, "geometry": { "type": "LineString", "coordinates": [ [ 27.421, 34.5599 ], [ 26.7931, 34.2103 ], [ 27.421, 34.5599 ] ] } },
{ "type": "Feature", "properties": { "Shape_Leng": 2.5272004827500001, "SS_ID": 153, "START_OBJE": 67, "END_OBJECT": 67, "START_Lon": 26.7495, "END_Lon": 26.7495, "START_Lat": 34.2573, "END_Lat": 34.2573, "START_poin": "A", "END_point_": "A", "START_po_1": 1, "END_point1": 1, "START_SS_I": 153, "END_SS_ID": 153, "START_Name": "Strabo Trench C", "END_NameEN": "Strabo Trench C", "START_Na_1": "Τάφρος Στράβωνα Γ", "END_NameEL": "Τάφρος Στράβωνα Γ", "START_Stri": 238, "END_Strike": 238, "START_Dip_": 328, "END_Dip_Di": 328, "START_Dip": 75, "END_Dip": 75, "START_Rake": 10, "END_Rake": 10, "START_Ra_1": 10, "END_Rake__": 10, "START_Kine": "S", "END_Kinema": "S", "START_Leng": 122.0, "END_Length": 122.0, "START_Widt": 18.5, "END_Width_": 18.5, "START_Min_": 0.0, "END_Min_De": 0.0, "START_Max_": 17.9, "END_Max_De": 17.9, "START_Rupt": 2257.0, "END_Ruptur": 2257.0, "START_Aver": 2.32, "END_Averag": 2.32, "START_Mw__": 7.4, "END_Mw__W_": 7.4, "START_Mw_1": 7.4, "END_Mw__K_": 7.4, "START_M0__": 1.57e+20, "END_M0__Nm": 1.57e+20, "START_LonA": 26.7495, "END_LonA": 26.7495, "START_LatA": 34.2573, "END_LatA": 34.2573, "START_LonB": 25.6276, "END_LonB": 25.6276, "START_LatB": 33.6759, "END_LatB": 33.6759, "START_Lon1": 26.7495, "END_Lon1": 26.7495, "START_Lat1": 34.2573, "END_Lat1": 34.2573, "START_Lon2": 25.6276, "END_Lon2": 25.6276, "START_Lat2": 33.6759, "END_Lat2": 33.6759, "START_Lon3": 25.6, "END_Lon3": 25.6, "START_Lat3": 33.7124, "END_Lat3": 33.7124, "START_Lon4": 26.722, "END_Lon4": 26.722, "START_Lat4": 34.2938, "END_Lat4": 34.2938, "START_SR_m": 0.0, "END_SR_min": 0.0, "START_SR_1": 0.0, "END_SR_max": 0.0, "START_SR_a": null, "END_SR_avg": null, "START_SR_R": null, "END_SR_Ref": null, "START_SR_C": null, "END_SR_Com": null, "START_po_2": "A", "END_poin_1": "A", "START_po_3": 1, "END_poin_2": 1 }, "geometry": { "type": "LineString", "coordinates": [ [ 26.7495, 34.2573 ], [ 25.6276, 33.6759 ], [ 26.7495, 34.2573 ] ] } },
{ "type": "Feature", "properties": { "Shape_Leng": 1.24200901768, "SS_ID": 154, "START_OBJE": 69, "END_OBJECT": 69, "START_Lon": 22.6192, "END_Lon": 22.6192, "START_Lat": 36.1384, "END_Lat": 36.1384, "START_poin": "A", "END_point_": "A", "START_po_1": 1, "END_point1": 1, "START_SS_I": 154, "END_SS_ID": 154, "START_Name": "South Taenarus", "END_NameEN": "South Taenarus", "START_Na_1": "Νότια Ταίναρος", "END_NameEL": "Νότια Ταίναρος", "START_Stri": 214, "END_Strike": 214, "START_Dip_": 304, "END_Dip_Di": 304, "START_Dip": 75, "END_Dip": 75, "START_Rake": 170, "END_Rake": 170, "START_Ra_1": 170, "END_Rake__": 170, "START_Kine": "D", "END_Kinema": "D", "START_Leng": 64.0, "END_Length": 64.0, "START_Widt": 14.0, "END_Width_": 14.0, "START_Min_": 4.0, "END_Min_De": 4.0, "START_Max_": 17.5, "END_Max_De": 17.5, "START_Rupt": 896.0, "END_Ruptur": 896.0, "START_Aver": 1.33, "END_Averag": 1.33, "START_Mw__": 7.0, "END_Mw__W_": 7.0, "START_Mw_1": 7.0, "END_Mw__K_": 7.0, "START_M0__": 3.82e+19, "END_M0__Nm": 3.82e+19, "START_LonA": 22.6192, "END_LonA": 22.6192, "START_LatA": 36.1384, "END_LatA": 36.1384, "START_LonB": 22.2218, "END_LonB": 22.2218, "START_LatB": 35.6612, "END_LatB": 35.6612, "START_Lon1": 22.6093, "END_Lon1": 22.6093, "START_Lat1": 36.1438, "END_Lat1": 36.1438, "START_Lon2": 22.212, "END_Lon2": 22.212, "START_Lat2": 35.6666, "END_Lat2": 35.6666, "START_Lon3": 22.1786, "END_Lon3": 22.1786, "START_Lat3": 35.6848, "END_Lat3": 35.6848, "START_Lon4": 22.5759, "END_Lon4": 22.5759, "START_Lat4": 36.162, "END_Lat4": 36.162, "START_SR_m": 0.0, "END_SR_min": 0.0, "START_SR_1": 0.0, "END_SR_max": 0.0, "START_SR_a": null, "END_SR_avg": null, "START_SR_R": null, "END_SR_Ref": null, "START_SR_C": null, "END_SR_Com": null, "START_po_2": "A", "END_poin_1": "A", "START_po_3": 1, "END_poin_2": 1 }, "geometry": { "type": "LineString", "coordinates": [ [ 22.6192, 36.1384 ], [ 22.2218, 35.6612 ], [ 22.6192, 36.1384 ] ] } },
{ "type": "Feature", "properties": { "Shape_Leng": 0.75425809906200003, "SS_ID": 156, "START_OBJE": 71, "END_OBJECT": 71, "START_Lon": 21.0016, "END_Lon": 21.0016, "START_Lat": 37.3844, "END_Lat": 37.3844, "START_poin": "A", "END_point_": "A", "START_po_1": 1, "END_point1": 1, "START_SS_I": 156, "END_SS_ID": 156, "START_Name": "Katákolo", "END_NameEN": "Katákolo", "START_Na_1": "Κατάκολο", "END_NameEL": "Κατάκολο", "START_Stri": 44, "END_Strike": 44, "START_Dip_": 134, "END_Dip_Di": 134, "START_Dip": 80, "END_Dip": 80, "START_Rake": 190, "END_Rake": 190, "START_Ra_1": -170, "END_Rake__": -170, "START_Kine": "D", "END_Kinema": "D", "START_Leng": 37.0, "END_Length": 37.0, "START_Widt": 11.0, "END_Width_": 11.0, "START_Min_": 0.0, "END_Min_De": 0.0, "START_Max_": 10.8, "END_Max_De": 10.8, "START_Rupt": 407.0, "END_Ruptur": 407.0, "START_Aver": 0.94, "END_Averag": 0.94, "START_Mw__": 6.6, "END_Mw__W_": 6.6, "START_Mw_1": 6.6, "END_Mw__K_": 6.6, "START_M0__": 1.14e+19, "END_M0__Nm": 1.14e+19, "START_LonA": 21.0016, "END_LonA": 21.0016, "START_LatA": 37.3844, "END_LatA": 37.3844, "START_LonB": 21.293, "END_LonB": 21.293, "START_LatB": 37.6238, "END_LatB": 37.6238, "START_Lon1": 21.0016, "END_Lon1": 21.0016, "START_Lat1": 37.3844, "END_Lat1": 37.3844, "START_Lon2": 21.293, "END_Lon2": 21.293, "START_Lat2": 37.6238, "END_Lat2": 37.6238, "START_Lon3": 21.3086, "END_Lon3": 21.3086, "START_Lat3": 37.6118, "END_Lat3": 37.6118, "START_Lon4": 21.0172, "END_Lon4": 21.0172, "START_Lat4": 37.3725, "END_Lat4": 37.3725, "START_SR_m": 0.0, "END_SR_min": 0.0, "START_SR_1": 0.0, "END_SR_max": 0.0, "START_SR_a": null, "END_SR_avg": null, "START_SR_R": null, "END_SR_Ref": null, "START_SR_C": null, "END_SR_Com": null, "START_po_2": "A", "END_poin_1": "A", "START_po_3": 1, "END_poin_2": 1 }, "geometry": { "type": "LineString", "coordinates": [ [ 21.0016, 37.3844 ], [ 21.293, 37.6238 ], [ 21.0016, 37.3844 ] ] } },
{ "type": "Feature", "properties": { "Shape_Leng": 0.71601173174699995, "SS_ID": 158, "START_OBJE": 73, "END_OBJECT": 73, "START_Lon": 21.1496, "END_Lon": 21.1496, "START_Lat": 37.8211, "END_Lat": 37.8211, "START_poin": "A", "END_point_": "A", "START_po_1": 1, "END_point1": 1, "START_SS_I": 158, "END_SS_ID": 158, "START_Name": "Zacynthus-Cyllene Strait", "END_NameEN": "Zacynthus-Cyllene Strait", "START_Na_1": "Στενό Ζακύνθου-Κυλλήνης", "END_NameEL": "Στενό Ζακύνθου-Κυλλήνης", "START_Stri": 300, "END_Strike": 300, "START_Dip_": 30, "END_Dip_Di": 30, "START_Dip": 85, "END_Dip": 85, "START_Rake": 9, "END_Rake": 9, "START_Ra_1": 9, "END_Rake__": 9, "START_Kine": "S", "END_Kinema": "S", "START_Leng": 33.0, "END_Length": 33.0, "START_Widt": 10.5, "END_Width_": 10.5, "START_Min_": 15.0, "END_Min_De": 15.0, "START_Max_": 25.5, "END_Max_De": 25.5, "START_Rupt": 346.5, "END_Ruptur": 346.5, "START_Aver": 0.86, "END_Averag": 0.86, "START_Mw__": 6.6, "END_Mw__W_": 6.6, "START_Mw_1": 6.6, "END_Mw__K_": 6.6, "START_M0__": 8.93e+18, "END_M0__Nm": 8.93e+18, "START_LonA": 21.1496, "END_LonA": 21.1496, "START_LatA": 37.8211, "END_LatA": 37.8211, "START_LonB": 20.8238, "END_LonB": 20.8238, "START_LatB": 37.9695, "END_LatB": 37.9695, "START_Lon1": 21.157, "END_Lon1": 21.157, "START_Lat1": 37.8314, "END_Lat1": 37.8314, "START_Lon2": 20.8313, "END_Lon2": 20.8313, "START_Lat2": 37.9797, "END_Lat2": 37.9797, "START_Lon3": 20.8365, "END_Lon3": 20.8365, "START_Lat3": 37.9869, "END_Lat3": 37.9869, "START_Lon4": 21.1623, "END_Lon4": 21.1623, "START_Lat4": 37.8385, "END_Lat4": 37.8385, "START_SR_m": 0.0, "END_SR_min": 0.0, "START_SR_1": 0.0, "END_SR_max": 0.0, "START_SR_a": null, "END_SR_avg": null, "START_SR_R": null, "END_SR_Ref": null, "START_SR_C": null, "END_SR_Com": null, "START_po_2": "A", "END_poin_1": "A", "START_po_3": 1, "END_poin_2": 1 }, "geometry": { "type": "LineString", "coordinates": [ [ 21.1496, 37.8211 ], [ 20.8238, 37.9695 ], [ 21.1496, 37.8211 ] ] } },
{ "type": "Feature", "properties": { "Shape_Leng": 1.6548591480799999, "SS_ID": 161, "START_OBJE": 75, "END_OBJECT": 75, "START_Lon": 19.9762, "END_Lon": 19.9762, "START_Lat": 37.76, "END_Lat": 37.76, "START_poin": "A", "END_point_": "A", "START_po_1": 1, "END_point1": 1, "START_SS_I": 161, "END_SS_ID": 161, "START_Name": "Cephalonia", "END_NameEN": "Cephalonia", "START_Na_1": "Κεφαλονιά", "END_NameEL": "Κεφαλονιά", "START_Stri": 26, "END_Strike": 26, "START_Dip_": 116, "END_Dip_Di": 116, "START_Dip": 75, "END_Dip": 75, "START_Rake": 186, "END_Rake": 186, "START_Ra_1": -174, "END_Rake__": -174, "START_Kine": "D", "END_Kinema": "D", "START_Leng": 87.0, "END_Length": 87.0, "START_Widt": 16.0, "END_Width_": 16.0, "START_Min_": 0.0, "END_Min_De": 0.0, "START_Max_": 15.5, "END_Max_De": 15.5, "START_Rupt": 1392.0, "END_Ruptur": 1392.0, "START_Aver": 1.79, "END_Averag": 1.79, "START_Mw__": 7.2, "END_Mw__W_": 7.2, "START_Mw_1": 7.2, "END_Mw__K_": 7.2, "START_M0__": 7.49e+19, "END_M0__Nm": 7.49e+19, "START_LonA": 19.9762, "END_LonA": 19.9762, "START_LatA": 37.76, "END_LatA": 37.76, "START_LonB": 20.4121, "END_LonB": 20.4121, "START_LatB": 38.4633, "END_LatB": 38.4633, "START_Lon1": 19.9762, "END_Lon1": 19.9762, "START_Lat1": 37.76, "END_Lat1": 37.76, "START_Lon2": 20.4121, "END_Lon2": 20.4121, "START_Lat2": 38.4633, "END_Lat2": 38.4633, "START_Lon3": 20.4548, "END_Lon3": 20.4548, "START_Lat3": 38.4469, "END_Lat3": 38.4469, "START_Lon4": 20.0187, "END_Lon4": 20.0187, "START_Lat4": 37.7437, "END_Lat4": 37.7437, "START_SR_m": 0.0, "END_SR_min": 0.0, "START_SR_1": 0.0, "END_SR_max": 0.0, "START_SR_a": null, "END_SR_avg": null, "START_SR_R": null, "END_SR_Ref": null, "START_SR_C": null, "END_SR_Com": null, "START_po_2": "A", "END_poin_1": "A", "START_po_3": 1, "END_poin_2": 1 }, "geometry": { "type": "LineString", "coordinates": [ [ 19.9762, 37.76 ], [ 20.4121, 38.4633 ], [ 19.9762, 37.76 ] ] } },
{ "type": "Feature", "properties": { "Shape_Leng": 0.99468346724000001, "SS_ID": 162, "START_OBJE": 77, "END_OBJECT": 77, "START_Lon": 20.4309, "END_Lon": 20.4309, "START_Lat": 38.4739, "END_Lat": 38.4739, "START_poin": "A", "END_point_": "A", "START_po_1": 1, "END_point1": 1, "START_SS_I": 162, "END_SS_ID": 162, "START_Name": "Leucas", "END_NameEN": "Leucas", "START_Na_1": "Λευκάδα", "END_NameEL": "Λευκάδα", "START_Stri": 16, "END_Strike": 16, "START_Dip_": 106, "END_Dip_Di": 106, "START_Dip": 72, "END_Dip": 72, "START_Rake": 178, "END_Rake": 178, "START_Ra_1": 178, "END_Rake__": 178, "START_Kine": "D", "END_Kinema": "D", "START_Leng": 54.0, "END_Length": 54.0, "START_Widt": 13.0, "END_Width_": 13.0, "START_Min_": 0.0, "END_Min_De": 0.0, "START_Max_": 12.4, "END_Max_De": 12.4, "START_Rupt": 702.0, "END_Ruptur": 702.0, "START_Aver": 1.25, "END_Averag": 1.25, "START_Mw__": 6.9, "END_Mw__W_": 6.9, "START_Mw_1": 6.9, "END_Mw__K_": 6.9, "START_M0__": 2.63e+19, "END_M0__Nm": 2.63e+19, "START_LonA": 20.4309, "END_LonA": 20.4309, "START_LatA": 38.4739, "END_LatA": 38.4739, "START_LonB": 20.6025, "END_LonB": 20.6025, "START_LatB": 38.9407, "END_LatB": 38.9407, "START_Lon1": 20.4309, "END_Lon1": 20.4309, "START_Lat1": 38.4739, "END_Lat1": 38.4739, "START_Lon2": 20.6025, "END_Lon2": 20.6025, "START_Lat2": 38.9407, "END_Lat2": 38.9407, "START_Lon3": 20.647, "END_Lon3": 20.647, "START_Lat3": 38.9308, "END_Lat3": 38.9308, "START_Lon4": 20.4754, "END_Lon4": 20.4754, "START_Lat4": 38.4639, "END_Lat4": 38.4639, "START_SR_m": 0.8, "END_SR_min": 0.8, "START_SR_1": 0.8, "END_SR_max": 0.8, "START_SR_a": null, "END_SR_avg": null, "START_SR_R": "Rondoyanni et al. (2012)", "END_SR_Ref": "Rondoyanni et al. (2012)", "START_SR_C": null, "END_SR_Com": null, "START_po_2": "A", "END_poin_1": "A", "START_po_3": 1, "END_poin_2": 1 }, "geometry": { "type": "LineString", "coordinates": [ [ 20.4309, 38.4739 ], [ 20.6025, 38.9407 ], [ 20.4309, 38.4739 ] ] } },
{ "type": "Feature", "properties": { "Shape_Leng": 1.1551664988200001, "SS_ID": 200, "START_OBJE": 79, "END_OBJECT": 79, "START_Lon": 19.8502, "END_Lon": 19.8502, "START_Lat": 40.2013, "END_Lat": 40.2013, "START_poin": "A", "END_point_": "A", "START_po_1": 1, "END_point1": 1, "START_SS_I": 200, "END_SS_ID": 200, "START_Name": "Othoni", "END_NameEN": "Othoni", "START_Na_1": "Οθωνοί", "END_NameEL": "Οθωνοί", "START_Stri": 230, "END_Strike": 230, "START_Dip_": 320, "END_Dip_Di": 320, "START_Dip": 80, "END_Dip": 80, "START_Rake": 195, "END_Rake": 195, "START_Ra_1": -165, "END_Rake__": -165, "START_Kine": "D", "END_Kinema": "D", "START_Leng": 54.0, "END_Length": 54.0, "START_Widt": 13.0, "END_Width_": 13.0, "START_Min_": 0.0, "END_Min_De": 0.0, "START_Max_": 12.8, "END_Max_De": 12.8, "START_Rupt": 702.0, "END_Ruptur": 702.0, "START_Aver": 1.25, "END_Averag": 1.25, "START_Mw__": 6.9, "END_Mw__W_": 6.9, "START_Mw_1": 6.9, "END_Mw__K_": 6.9, "START_M0__": 2.63e+19, "END_M0__Nm": 2.63e+19, "START_LonA": 19.8502, "END_LonA": 19.8502, "START_LatA": 40.2013, "END_LatA": 40.2013, "START_LonB": 19.3642, "END_LonB": 19.3642, "START_LatB": 39.8892, "END_LatB": 39.8892, "START_Lon1": 19.8502, "END_Lon1": 19.8502, "START_Lat1": 40.2013, "END_Lat1": 40.2013, "START_Lon2": 19.3642, "END_Lon2": 19.3642, "START_Lat2": 39.8892, "END_Lat2": 39.8892, "START_Lon3": 19.3471, "END_Lon3": 19.3471, "START_Lat3": 39.9047, "END_Lat3": 39.9047, "START_Lon4": 19.8331, "END_Lon4": 19.8331, "START_Lat4": 40.2169, "END_Lat4": 40.2169, "START_SR_m": 0.0, "END_SR_min": 0.0, "START_SR_1": 0.0, "END_SR_max": 0.0, "START_SR_a": null, "END_SR_avg": null, "START_SR_R": null, "END_SR_Ref": null, "START_SR_C": null, "END_SR_Com": null, "START_po_2": "A", "END_poin_1": "A", "START_po_3": 1, "END_poin_2": 1 }, "geometry": { "type": "LineString", "coordinates": [ [ 19.8502, 40.2013 ], [ 19.3642, 39.8892 ], [ 19.8502, 40.2013 ] ] } },
{ "type": "Feature", "properties": { "Shape_Leng": 1.49010155359, "SS_ID": 202, "START_OBJE": 81, "END_OBJECT": 81, "START_Lon": 19.2689, "END_Lon": 19.2689, "START_Lat": 40.7486, "END_Lat": 40.7486, "START_poin": "A", "END_point_": "A", "START_po_1": 1, "END_point1": 1, "START_SS_I": 202, "END_SS_ID": 202, "START_Name": "Fier", "END_NameEN": "Fier", "START_Na_1": "Φιέρ", "END_NameEL": "Φιέρ", "START_Stri": 72, "END_Strike": 72, "START_Dip_": 162, "END_Dip_Di": 162, "START_Dip": 70, "END_Dip": 70, "START_Rake": 190, "END_Rake": 190, "START_Ra_1": -170, "END_Rake__": -170, "START_Kine": "D", "END_Kinema": "D", "START_Leng": 64.0, "END_Length": 64.0, "START_Widt": 14.0, "END_Width_": 14.0, "START_Min_": 0.0, "END_Min_De": 0.0, "START_Max_": 13.2, "END_Max_De": 13.2, "START_Rupt": 896.0, "END_Ruptur": 896.0, "START_Aver": 1.42, "END_Averag": 1.42, "START_Mw__": 7.0, "END_Mw__W_": 7.0, "START_Mw_1": 7.0, "END_Mw__K_": 7.0, "START_M0__": 3.82e+19, "END_M0__Nm": 3.82e+19, "START_LonA": 19.2689, "END_LonA": 19.2689, "START_LatA": 40.7486, "END_LatA": 40.7486, "START_LonB": 19.9924, "END_LonB": 19.9924, "START_LatB": 40.9265, "END_LatB": 40.9265, "START_Lon1": 19.2689, "END_Lon1": 19.2689, "START_Lat1": 40.7486, "END_Lat1": 40.7486, "START_Lon2": 19.9924, "END_Lon2": 19.9924, "START_Lat2": 40.9265, "END_Lat2": 40.9265, "START_Lon3": 20.0099, "END_Lon3": 20.0099, "START_Lat3": 40.8855, "END_Lat3": 40.8855, "START_Lon4": 19.2866, "END_Lon4": 19.2866, "START_Lat4": 40.7077, "END_Lat4": 40.7077, "START_SR_m": 0.0, "END_SR_min": 0.0, "START_SR_1": 0.0, "END_SR_max": 0.0, "START_SR_a": null, "END_SR_avg": null, "START_SR_R": null, "END_SR_Ref": null, "START_SR_C": null, "END_SR_Com": null, "START_po_2": "A", "END_poin_1": "A", "START_po_3": 1, "END_poin_2": 1 }, "geometry": { "type": "LineString", "coordinates": [ [ 19.2689, 40.7486 ], [ 19.9924, 40.9265 ], [ 19.2689, 40.7486 ] ] } },
{ "type": "Feature", "properties": { "Shape_Leng": 1.09584852968, "SS_ID": 208, "START_OBJE": 83, "END_OBJECT": 83, "START_Lon": 21.3622, "END_Lon": 21.3622, "START_Lat": 41.127, "END_Lat": 41.127, "START_poin": "A", "END_point_": "A", "START_po_1": 1, "END_point1": 1, "START_SS_I": 208, "END_SS_ID": 208, "START_Name": "Poreče", "END_NameEN": "Poreče", "START_Na_1": "Πορέτσε", "END_NameEL": "Πορέτσε", "START_Stri": 343, "END_Strike": 343, "START_Dip_": 73, "END_Dip_Di": 73, "START_Dip": 65, "END_Dip": 65, "START_Rake": 200, "END_Rake": 200, "START_Ra_1": -160, "END_Rake__": -160, "START_Kine": "DN", "END_Kinema": "DN", "START_Leng": 59.0, "END_Length": 59.0, "START_Widt": 13.5, "END_Width_": 13.5, "START_Min_": 0.0, "END_Min_De": 0.0, "START_Max_": 12.2, "END_Max_De": 12.2, "START_Rupt": 796.5, "END_Ruptur": 796.5, "START_Aver": 1.34, "END_Averag": 1.34, "START_Mw__": 6.9, "END_Mw__W_": 6.9, "START_Mw_1": 6.9, "END_Mw__K_": 6.9, "START_M0__": 3.19017e+19, "END_M0__Nm": 3.19017e+19, "START_LonA": 21.3622, "END_LonA": 21.3622, "START_LatA": 41.127, "END_LatA": 41.127, "START_LonB": 21.1554, "END_LonB": 21.1554, "START_LatB": 41.6344, "END_LatB": 41.6344, "START_Lon1": 21.3622, "END_Lon1": 21.3622, "START_Lat1": 41.127, "END_Lat1": 41.127, "START_Lon2": 21.1554, "END_Lon2": 21.1554, "START_Lat2": 41.6344, "END_Lat2": 41.6344, "START_Lon3": 21.2209, "END_Lon3": 21.2209, "START_Lat3": 41.6494, "END_Lat3": 41.6494, "START_Lon4": 21.4275, "END_Lon4": 21.4275, "START_Lat4": 41.142, "END_Lat4": 41.142, "START_SR_m": 0.0, "END_SR_min": 0.0, "START_SR_1": 0.0, "END_SR_max": 0.0, "START_SR_a": null, "END_SR_avg": null, "START_SR_R": null, "END_SR_Ref": null, "START_SR_C": null, "END_SR_Com": null, "START_po_2": "A", "END_poin_1": "A", "START_po_3": 1, "END_poin_2": 1 }, "geometry": { "type": "LineString", "coordinates": [ [ 21.3622, 41.127 ], [ 21.1554, 41.6344 ], [ 21.3622, 41.127 ] ] } },
{ "type": "Feature", "properties": { "Shape_Leng": 1.51890862135, "SS_ID": 228, "START_OBJE": 85, "END_OBJECT": 85, "START_Lon": 28.2079, "END_Lon": 28.2079, "START_Lat": 40.8574, "END_Lat": 40.8574, "START_poin": "A", "END_point_": "A", "START_po_1": 1, "END_point1": 1, "START_SS_I": 228, "END_SS_ID": 228, "START_Name": "Tekirdağ", "END_NameEN": "Tekirdağ", "START_Na_1": "Βυσάνθη", "END_NameEL": "Βυσάνθη", "START_Stri": 265, "END_Strike": 265, "START_Dip_": 355, "END_Dip_Di": 355, "START_Dip": 85, "END_Dip": 85, "START_Rake": 200, "END_Rake": 200, "START_Ra_1": -160, "END_Rake__": -160, "START_Kine": "DN", "END_Kinema": "DN", "START_Leng": 64.0, "END_Length": 64.0, "START_Widt": 14.0, "END_Width_": 14.0, "START_Min_": 0.0, "END_Min_De": 0.0, "START_Max_": 13.9, "END_Max_De": 13.9, "START_Rupt": 896.0, "END_Ruptur": 896.0, "START_Aver": 1.42, "END_Averag": 1.42, "START_Mw__": 7.0, "END_Mw__W_": 7.0, "START_Mw_1": 7.0, "END_Mw__K_": 7.0, "START_M0__": 3.81972e+19, "END_M0__Nm": 3.81972e+19, "START_LonA": 28.2079, "END_LonA": 28.2079, "START_LatA": 40.8574, "END_LatA": 40.8574, "START_LonB": 27.4501, "END_LonB": 27.4501, "START_LatB": 40.8073, "END_LatB": 40.8073, "START_Lon1": 28.2079, "END_Lon1": 28.2079, "START_Lat1": 40.8574, "END_Lat1": 40.8574, "START_Lon2": 27.4501, "END_Lon2": 27.4501, "START_Lat2": 40.8073, "END_Lat2": 40.8073, "START_Lon3": 27.4488, "END_Lon3": 27.4488, "START_Lat3": 40.8182, "END_Lat3": 40.8182, "START_Lon4": 28.2066, "END_Lon4": 28.2066, "START_Lat4": 40.8684, "END_Lat4": 40.8684, "START_SR_m": 18.0, "END_SR_min": 18.0, "START_SR_1": 18.0, "END_SR_max": 18.0, "START_SR_a": null, "END_SR_avg": null, "START_SR_R": "Murru et al. (2016)", "END_SR_Ref": "Murru et al. (2016)", "START_SR_C": null, "END_SR_Com": null, "START_po_2": "A", "END_poin_1": "A", "START_po_3": 1, "END_poin_2": 1 }, "geometry": { "type": "LineString", "coordinates": [ [ 28.2079, 40.8574 ], [ 27.4501, 40.8073 ], [ 28.2079, 40.8574 ] ] } },
{ "type": "Feature", "properties": { "Shape_Leng": 1.4299648806900001, "SS_ID": 229, "START_OBJE": 87, "END_OBJECT": 87, "START_Lon": 27.0253, "END_Lon": 27.0253, "START_Lat": 39.9793, "END_Lat": 39.9793, "START_poin": "A", "END_point_": "A", "START_po_1": 1, "END_point1": 1, "START_SS_I": 229, "END_SS_ID": 229, "START_Name": "Sarıköy", "END_NameEN": "Sarıköy", "START_Na_1": "Σαρίκιοϊ", "END_NameEL": "Σαρίκιοϊ", "START_Stri": 61, "END_Strike": 61, "START_Dip_": 151, "END_Dip_Di": 151, "START_Dip": 85, "END_Dip": 85, "START_Rake": 190, "END_Rake": 190, "START_Ra_1": -170, "END_Rake__": -170, "START_Kine": "D", "END_Kinema": "D", "START_Leng": 64.0, "END_Length": 64.0, "START_Widt": 14.0, "END_Width_": 14.0, "START_Min_": 0.0, "END_Min_De": 0.0, "START_Max_": 13.9, "END_Max_De": 13.9, "START_Rupt": 896.0, "END_Ruptur": 896.0, "START_Aver": 1.42, "END_Averag": 1.42, "START_Mw__": 7.0, "END_Mw__W_": 7.0, "START_Mw_1": 7.0, "END_Mw__K_": 7.0, "START_M0__": 3.81972e+19, "END_M0__Nm": 3.81972e+19, "START_LonA": 27.0253, "END_LonA": 27.0253, "START_LatA": 39.9793, "END_LatA": 39.9793, "START_LonB": 27.6836, "END_LonB": 27.6836, "START_LatB": 40.2583, "END_LatB": 40.2583, "START_Lon1": 27.0253, "END_Lon1": 27.0253, "START_Lat1": 39.9793, "END_Lat1": 39.9793, "START_Lon2": 27.6836, "END_Lon2": 27.6836, "START_Lat2": 40.2583, "END_Lat2": 40.2583, "START_Lon3": 27.6906, "END_Lon3": 27.6906, "START_Lat3": 40.2487, "END_Lat3": 40.2487, "START_Lon4": 27.0323, "END_Lon4": 27.0323, "START_Lat4": 39.9697, "END_Lat4": 39.9697, "START_SR_m": 2.0, "END_SR_min": 2.0, "START_SR_1": 2.0, "END_SR_max": 2.0, "START_SR_a": null, "END_SR_avg": null, "START_SR_R": "Murru et al. (2016)", "END_SR_Ref": "Murru et al. (2016)", "START_SR_C": null, "END_SR_Com": null, "START_po_2": "A", "END_poin_1": "A", "START_po_3": 1, "END_poin_2": 1 }, "geometry": { "type": "LineString", "coordinates": [ [ 27.0253, 39.9793 ], [ 27.6836, 40.2583 ], [ 27.0253, 39.9793 ] ] } },
{ "type": "Feature", "properties": { "Shape_Leng": 1.0314539059000001, "SS_ID": 230, "START_OBJE": 89, "END_OBJECT": 89, "START_Lon": 27.0973, "END_Lon": 27.0973, "START_Lat": 39.9171, "END_Lat": 39.9171, "START_poin": "A", "END_point_": "A", "START_po_1": 1, "END_point1": 1, "START_SS_I": 230, "END_SS_ID": 230, "START_Name": "Evciler", "END_NameEN": "Evciler", "START_Na_1": "Εβτζιλέρ", "END_NameEL": "Εβτζιλέρ", "START_Stri": 237, "END_Strike": 237, "START_Dip_": 327, "END_Dip_Di": 327, "START_Dip": 85, "END_Dip": 85, "START_Rake": 200, "END_Rake": 200, "START_Ra_1": -160, "END_Rake__": -160, "START_Kine": "DN", "END_Kinema": "DN", "START_Leng": 47.0, "END_Length": 47.0, "START_Widt": 12.0, "END_Width_": 12.0, "START_Min_": 0.0, "END_Min_De": 0.0, "START_Max_": 12.0, "END_Max_De": 12.0, "START_Rupt": 564.0, "END_Ruptur": 564.0, "START_Aver": 1.11, "END_Averag": 1.11, "START_Mw__": 6.8, "END_Mw__W_": 6.8, "START_Mw_1": 6.8, "END_Mw__K_": 6.8, "START_M0__": 1.8813e+19, "END_M0__Nm": 1.8813e+19, "START_LonA": 27.0973, "END_LonA": 27.0973, "START_LatA": 39.9171, "END_LatA": 39.9171, "START_LonB": 26.6358, "END_LonB": 26.6358, "START_LatB": 39.6869, "END_LatB": 39.6869, "START_Lon1": 27.0973, "END_Lon1": 27.0973, "START_Lat1": 39.9171, "END_Lat1": 39.9171, "START_Lon2": 26.6358, "END_Lon2": 26.6358, "START_Lat2": 39.6869, "END_Lat2": 39.6869, "START_Lon3": 26.6292, "END_Lon3": 26.6292, "START_Lat3": 39.6948, "END_Lat3": 39.6948, "START_Lon4": 27.0906, "END_Lon4": 27.0906, "START_Lat4": 39.925, "END_Lat4": 39.925, "START_SR_m": 2.0, "END_SR_min": 2.0, "START_SR_1": 2.0, "END_SR_max": 2.0, "START_SR_a": null, "END_SR_avg": null, "START_SR_R": "Murru et al. (2016)", "END_SR_Ref": "Murru et al. (2016)", "START_SR_C": null, "END_SR_Com": null, "START_po_2": "A", "END_poin_1": "A", "START_po_3": 1, "END_poin_2": 1 }, "geometry": { "type": "LineString", "coordinates": [ [ 27.0973, 39.9171 ], [ 26.6358, 39.6869 ], [ 27.0973, 39.9171 ] ] } },
{ "type": "Feature", "properties": { "Shape_Leng": 1.5118324378100001, "SS_ID": 231, "START_OBJE": 91, "END_OBJECT": 91, "START_Lon": 27.0699, "END_Lon": 27.0699, "START_Lat": 39.8399, "END_Lat": 39.8399, "START_poin": "A", "END_point_": "A", "START_po_1": 1, "END_point1": 1, "START_SS_I": 231, "END_SS_ID": 231, "START_Name": "Yenice-Gönen", "END_NameEN": "Yenice-Gönen", "START_Na_1": "Γενιτζέ-Γκιόνεν", "END_NameEL": "Γενιτζέ-Γκιόνεν", "START_Stri": 60, "END_Strike": 60, "START_Dip_": 150, "END_Dip_Di": 150, "START_Dip": 80, "END_Dip": 80, "START_Rake": 174, "END_Rake": 174, "START_Ra_1": 174, "END_Rake__": 174, "START_Kine": "D", "END_Kinema": "D", "START_Leng": 68.0, "END_Length": 68.0, "START_Widt": 18.0, "END_Width_": 18.0, "START_Min_": 0.0, "END_Min_De": 0.0, "START_Max_": 17.7, "END_Max_De": 17.7, "START_Rupt": 1224.0, "END_Ruptur": 1224.0, "START_Aver": 1.68, "END_Averag": 1.68, "START_Mw__": 7.1, "END_Mw__W_": 7.1, "START_Mw_1": 7.1, "END_Mw__K_": 7.1, "START_M0__": 6.1561e+19, "END_M0__Nm": 6.1561e+19, "START_LonA": 27.0699, "END_LonA": 27.0699, "START_LatA": 39.8399, "END_LatA": 39.8399, "START_LonB": 27.7612, "END_LonB": 27.7612, "START_LatB": 40.1457, "END_LatB": 40.1457, "START_Lon1": 27.0699, "END_Lon1": 27.0699, "START_Lat1": 39.8399, "END_Lat1": 39.8399, "START_Lon2": 27.7612, "END_Lon2": 27.7612, "START_Lat2": 40.1457, "END_Lat2": 40.1457, "START_Lon3": 27.7795, "END_Lon3": 27.7795, "START_Lat3": 40.1213, "END_Lat3": 40.1213, "START_Lon4": 27.0883, "END_Lon4": 27.0883, "START_Lat4": 39.8156, "END_Lat4": 39.8156, "START_SR_m": 6.1, "END_SR_min": 6.1, "START_SR_1": 6.1, "END_SR_max": 6.1, "START_SR_a": null, "END_SR_avg": null, "START_SR_R": "Murru et al. (2016)", "END_SR_Ref": "Murru et al. (2016)", "START_SR_C": null, "END_SR_Com": null, "START_po_2": "A", "END_poin_1": "A", "START_po_3": 1, "END_poin_2": 1 }, "geometry": { "type": "LineString", "coordinates": [ [ 27.0699, 39.8399 ], [ 27.7612, 40.1457 ], [ 27.0699, 39.8399 ] ] } },
{ "type": "Feature", "properties": { "Shape_Leng": 0.78413881424200005, "SS_ID": 232, "START_OBJE": 93, "END_OBJECT": 93, "START_Lon": 27.4904, "END_Lon": 27.4904, "START_Lat": 39.8888, "END_Lat": 39.8888, "START_poin": "A", "END_point_": "A", "START_po_1": 1, "END_point1": 1, "START_SS_I": 232, "END_SS_ID": 232, "START_Name": "Pazarköy", "END_NameEN": "Pazarköy", "START_Na_1": "Παζάρκιοϊ", "END_NameEL": "Παζάρκιοϊ", "START_Stri": 243, "END_Strike": 243, "START_Dip_": 333, "END_Dip_Di": 333, "START_Dip": 85, "END_Dip": 85, "START_Rake": 200, "END_Rake": 200, "START_Ra_1": -160, "END_Rake__": -160, "START_Kine": "DN", "END_Kinema": "DN", "START_Leng": 35.0, "END_Length": 35.0, "START_Widt": 11.0, "END_Width_": 11.0, "START_Min_": 0.0, "END_Min_De": 0.0, "START_Max_": 11.0, "END_Max_De": 11.0, "START_Rupt": 385.0, "END_Ruptur": 385.0, "START_Aver": 0.91, "END_Averag": 0.91, "START_Mw__": 6.6, "END_Mw__W_": 6.6, "START_Mw_1": 6.6, "END_Mw__K_": 6.6, "START_M0__": 1.04895e+19, "END_M0__Nm": 1.04895e+19, "START_LonA": 27.4904, "END_LonA": 27.4904, "START_LatA": 39.8888, "END_LatA": 39.8888, "START_LonB": 27.1253, "END_LonB": 27.1253, "START_LatB": 39.7459, "END_LatB": 39.7459, "START_Lon1": 27.4904, "END_Lon1": 27.4904, "START_Lat1": 39.8888, "END_Lat1": 39.8888, "START_Lon2": 27.1253, "END_Lon2": 27.1253, "START_Lat2": 39.7459, "END_Lat2": 39.7459, "START_Lon3": 27.1202, "END_Lon3": 27.1202, "START_Lat3": 39.7536, "END_Lat3": 39.7536, "START_Lon4": 27.4853, "END_Lon4": 27.4853, "START_Lat4": 39.8965, "END_Lat4": 39.8965, "START_SR_m": 3.2, "END_SR_min": 3.2, "START_SR_1": 3.2, "END_SR_max": 3.2, "START_SR_a": null, "END_SR_avg": null, "START_SR_R": "Murru et al. (2016)", "END_SR_Ref": "Murru et al. (2016)", "START_SR_C": null, "END_SR_Com": null, "START_po_2": "A", "END_poin_1": "A", "START_po_3": 1, "END_poin_2": 1 }, "geometry": { "type": "LineString", "coordinates": [ [ 27.4904, 39.8888 ], [ 27.1253, 39.7459 ], [ 27.4904, 39.8888 ] ] } },
{ "type": "Feature", "properties": { "Shape_Leng": 1.7690228376099999, "SS_ID": 234, "START_OBJE": 95, "END_OBJECT": 95, "START_Lon": 27.8895, "END_Lon": 27.8895, "START_Lat": 39.7714, "END_Lat": 39.7714, "START_poin": "A", "END_point_": "A", "START_po_1": 1, "END_point1": 1, "START_SS_I": 234, "END_SS_ID": 234, "START_Name": "Havran-Balya", "END_NameEN": "Havran-Balya", "START_Na_1": "Χαβράν-Μπάλια", "END_NameEL": "Χαβράν-Μπάλια", "START_Stri": 248, "END_Strike": 248, "START_Dip_": 338, "END_Dip_Di": 338, "START_Dip": 85, "END_Dip": 85, "START_Rake": 160, "END_Rake": 160, "START_Ra_1": 160, "END_Rake__": 160, "START_Kine": "DR", "END_Kinema": "DR", "START_Leng": 78.0, "END_Length": 78.0, "START_Widt": 15.0, "END_Width_": 15.0, "START_Min_": 0.0, "END_Min_De": 0.0, "START_Max_": 14.9, "END_Max_De": 14.9, "START_Rupt": 1170.0, "END_Ruptur": 1170.0, "START_Aver": 1.64, "END_Averag": 1.64, "START_Mw__": 7.1, "END_Mw__W_": 7.1, "START_Mw_1": 7.1, "END_Mw__K_": 7.1, "START_M0__": 5.74545e+19, "END_M0__Nm": 5.74545e+19, "START_LonA": 27.8895, "END_LonA": 27.8895, "START_LatA": 39.7714, "END_LatA": 39.7714, "START_LonB": 27.0449, "END_LonB": 27.0449, "START_LatB": 39.5087, "END_LatB": 39.5087, "START_Lon1": 27.8895, "END_Lon1": 27.8895, "START_Lat1": 39.7714, "END_Lat1": 39.7714, "START_Lon2": 27.0449, "END_Lon2": 27.0449, "START_Lat2": 39.5087, "END_Lat2": 39.5087, "START_Lon3": 27.0392, "END_Lon3": 27.0392, "START_Lat3": 39.5196, "END_Lat3": 39.5196, "START_Lon4": 27.8838, "END_Lon4": 27.8838, "START_Lat4": 39.7823, "END_Lat4": 39.7823, "START_SR_m": 0.0, "END_SR_min": 0.0, "START_SR_1": 0.0, "END_SR_max": 0.0, "START_SR_a": null, "END_SR_avg": null, "START_SR_R": null, "END_SR_Ref": null, "START_SR_C": null, "END_SR_Com": null, "START_po_2": "A", "END_poin_1": "A", "START_po_3": 1, "END_poin_2": 1 }, "geometry": { "type": "LineString", "coordinates": [ [ 27.8895, 39.7714 ], [ 27.0449, 39.5087 ], [ 27.8895, 39.7714 ] ] } },
{ "type": "Feature", "properties": { "Shape_Leng": 0.94451363145300005, "SS_ID": 235, "START_OBJE": 97, "END_OBJECT": 97, "START_Lon": 27.4873, "END_Lon": 27.4873, "START_Lat": 39.5941, "END_Lat": 39.5941, "START_poin": "A", "END_point_": "A", "START_po_1": 1, "END_point1": 1, "START_SS_I": 235, "END_SS_ID": 235, "START_Name": "Balıkesir", "END_NameEN": "Balıkesir", "START_Na_1": "Παλαιόκαστρο", "END_NameEL": "Παλαιόκαστρο", "START_Stri": 75, "END_Strike": 75, "START_Dip_": 165, "END_Dip_Di": 165, "START_Dip": 85, "END_Dip": 85, "START_Rake": 190, "END_Rake": 190, "START_Ra_1": -170, "END_Rake__": -170, "START_Kine": "D", "END_Kinema": "D", "START_Leng": 41.0, "END_Length": 41.0, "START_Widt": 11.5, "END_Width_": 11.5, "START_Min_": 0.0, "END_Min_De": 0.0, "START_Max_": 11.5, "END_Max_De": 11.5, "START_Rupt": 471.5, "END_Ruptur": 471.5, "START_Aver": 1.01, "END_Averag": 1.01, "START_Mw__": 6.7, "END_Mw__W_": 6.7, "START_Mw_1": 6.7, "END_Mw__K_": 6.7, "START_M0__": 1.4303e+19, "END_M0__Nm": 1.4303e+19, "START_LonA": 27.4873, "END_LonA": 27.4873, "START_LatA": 39.5941, "END_LatA": 39.5941, "START_LonB": 27.9498, "END_LonB": 27.9498, "START_LatB": 39.6896, "END_LatB": 39.6896, "START_Lon1": 27.4873, "END_Lon1": 27.4873, "START_Lat1": 39.5941, "END_Lat1": 39.5941, "START_Lon2": 27.9498, "END_Lon2": 27.9498, "START_Lat2": 39.6896, "END_Lat2": 39.6896, "START_Lon3": 27.9528, "END_Lon3": 27.9528, "START_Lat3": 39.6809, "END_Lat3": 39.6809, "START_Lon4": 27.4903, "END_Lon4": 27.4903, "START_Lat4": 39.5854, "END_Lat4": 39.5854, "START_SR_m": 0.0, "END_SR_min": 0.0, "START_SR_1": 0.0, "END_SR_max": 0.0, "START_SR_a": null, "END_SR_avg": null, "START_SR_R": null, "END_SR_Ref": null, "START_SR_C": null, "END_SR_Com": null, "START_po_2": "A", "END_poin_1": "A", "START_po_3": 1, "END_poin_2": 1 }, "geometry": { "type": "LineString", "coordinates": [ [ 27.4873, 39.5941 ], [ 27.9498, 39.6896 ], [ 27.4873, 39.5941 ] ] } },
{ "type": "Feature", "properties": { "Shape_Leng": 0.69850277021600005, "SS_ID": 236, "START_OBJE": 99, "END_OBJECT": 99, "START_Lon": 27.8474, "END_Lon": 27.8474, "START_Lat": 39.0612, "END_Lat": 39.0612, "START_poin": "A", "END_point_": "A", "START_po_1": 1, "END_point1": 1, "START_SS_I": 236, "END_SS_ID": 236, "START_Name": "Gelenbe", "END_NameEN": "Gelenbe", "START_Na_1": "Λυδία", "END_NameEL": "Λυδία", "START_Stri": 23, "END_Strike": 23, "START_Dip_": 113, "END_Dip_Di": 113, "START_Dip": 85, "END_Dip": 85, "START_Rake": 190, "END_Rake": 190, "START_Ra_1": -170, "END_Rake__": -170, "START_Kine": "D", "END_Kinema": "D", "START_Leng": 37.0, "END_Length": 37.0, "START_Widt": 11.0, "END_Width_": 11.0, "START_Min_": 0.0, "END_Min_De": 0.0, "START_Max_": 11.0, "END_Max_De": 11.0, "START_Rupt": 407.0, "END_Ruptur": 407.0, "START_Aver": 0.94, "END_Averag": 0.94, "START_Mw__": 6.6, "END_Mw__W_": 6.6, "START_Mw_1": 6.6, "END_Mw__K_": 6.6, "START_M0__": 1.14204e+19, "END_M0__Nm": 1.14204e+19, "START_LonA": 27.8474, "END_LonA": 27.8474, "START_LatA": 39.0612, "END_LatA": 39.0612, "START_LonB": 28.0152, "END_LonB": 28.0152, "START_LatB": 39.3675, "END_LatB": 39.3675, "START_Lon1": 27.8474, "END_Lon1": 27.8474, "START_Lat1": 39.0612, "END_Lat1": 39.0612, "START_Lon2": 28.0152, "END_Lon2": 28.0152, "START_Lat2": 39.3675, "END_Lat2": 39.3675, "START_Lon3": 28.0254, "END_Lon3": 28.0254, "START_Lat3": 39.3641, "END_Lat3": 39.3641, "START_Lon4": 27.8576, "END_Lon4": 27.8576, "START_Lat4": 39.0578, "END_Lat4": 39.0578, "START_SR_m": 0.0, "END_SR_min": 0.0, "START_SR_1": 0.0, "END_SR_max": 0.0, "START_SR_a": null, "END_SR_avg": null, "START_SR_R": null, "END_SR_Ref": null, "START_SR_C": null, "END_SR_Com": null, "START_po_2": "A", "END_poin_1": "A", "START_po_3": 1, "END_poin_2": 1 }, "geometry": { "type": "LineString", "coordinates": [ [ 27.8474, 39.0612 ], [ 28.0152, 39.3675 ], [ 27.8474, 39.0612 ] ] } },
{ "type": "Feature", "properties": { "Shape_Leng": 0.49055209713100001, "SS_ID": 238, "START_OBJE": 101, "END_OBJECT": 101, "START_Lon": 27.1517, "END_Lon": 27.1517, "START_Lat": 39.0682, "END_Lat": 39.0682, "START_poin": "A", "END_point_": "A", "START_po_1": 1, "END_point1": 1, "START_SS_I": 238, "END_SS_ID": 238, "START_Name": "Zeytindağı", "END_NameEN": "Zeytindağı", "START_Na_1": "Ζεϊτιντάγι", "END_NameEL": "Ζεϊτιντάγι", "START_Stri": 203, "END_Strike": 203, "START_Dip_": 293, "END_Dip_Di": 293, "START_Dip": 85, "END_Dip": 85, "START_Rake": 190, "END_Rake": 190, "START_Ra_1": -170, "END_Rake__": -170, "START_Kine": "D", "END_Kinema": "D", "START_Leng": 26.0, "END_Length": 26.0, "START_Widt": 9.5, "END_Width_": 9.5, "START_Min_": 0.0, "END_Min_De": 0.0, "START_Max_": 9.5, "END_Max_De": 9.5, "START_Rupt": 247.0, "END_Ruptur": 247.0, "START_Aver": 0.72, "END_Averag": 0.72, "START_Mw__": 6.4, "END_Mw__W_": 6.4, "START_Mw_1": 6.4, "END_Mw__K_": 6.4, "START_M0__": 5.3352e+18, "END_M0__Nm": 5.3352e+18, "START_LonA": 27.1517, "END_LonA": 27.1517, "START_LatA": 39.0682, "END_LatA": 39.0682, "START_LonB": 27.0342, "END_LonB": 27.0342, "START_LatB": 38.8529, "END_LatB": 38.8529, "START_Lon1": 27.1517, "END_Lon1": 27.1517, "START_Lat1": 39.0682, "END_Lat1": 39.0682, "START_Lon2": 27.0342, "END_Lon2": 27.0342, "START_Lat2": 38.8529, "END_Lat2": 38.8529, "START_Lon3": 27.0254, "END_Lon3": 27.0254, "START_Lat3": 38.8558, "END_Lat3": 38.8558, "START_Lon4": 27.1429, "END_Lon4": 27.1429, "START_Lat4": 39.0711, "END_Lat4": 39.0711, "START_SR_m": 0.0, "END_SR_min": 0.0, "START_SR_1": 0.0, "END_SR_max": 0.0, "START_SR_a": null, "END_SR_avg": null, "START_SR_R": null, "END_SR_Ref": null, "START_SR_C": null, "END_SR_Com": null, "START_po_2": "A", "END_poin_1": "A", "START_po_3": 1, "END_poin_2": 1 }, "geometry": { "type": "LineString", "coordinates": [ [ 27.1517, 39.0682 ], [ 27.0342, 38.8529 ], [ 27.1517, 39.0682 ] ] } },
{ "type": "Feature", "properties": { "Shape_Leng": 0.79895744567500004, "SS_ID": 244, "START_OBJE": 103, "END_OBJECT": 103, "START_Lon": 26.8448, "END_Lon": 26.8448, "START_Lat": 38.0253, "END_Lat": 38.0253, "START_poin": "A", "END_point_": "A", "START_po_1": 1, "END_point1": 1, "START_SS_I": 244, "END_SS_ID": 244, "START_Name": "Tuzla", "END_NameEN": "Tuzla", "START_Na_1": "Τούζλα", "END_NameEL": "Τούζλα", "START_Stri": 32, "END_Strike": 32, "START_Dip_": 122, "END_Dip_Di": 122, "START_Dip": 80, "END_Dip": 80, "START_Rake": 160, "END_Rake": 160, "START_Ra_1": 160, "END_Rake__": 160, "START_Kine": "DR", "END_Kinema": "DR", "START_Leng": 41.0, "END_Length": 41.0, "START_Widt": 11.5, "END_Width_": 11.5, "START_Min_": 0.0, "END_Min_De": 0.0, "START_Max_": 11.3, "END_Max_De": 11.3, "START_Rupt": 471.5, "END_Ruptur": 471.5, "START_Aver": 0.95, "END_Averag": 0.95, "START_Mw__": 6.7, "END_Mw__W_": 6.7, "START_Mw_1": 6.7, "END_Mw__K_": 6.7, "START_M0__": 1.4303e+19, "END_M0__Nm": 1.4303e+19, "START_LonA": 26.8448, "END_LonA": 26.8448, "START_LatA": 38.0253, "END_LatA": 38.0253, "START_LonB": 27.0934, "END_LonB": 27.0934, "START_LatB": 38.338, "END_LatB": 38.338, "START_Lon1": 26.8448, "END_Lon1": 26.8448, "START_Lat1": 38.0253, "END_Lat1": 38.0253, "START_Lon2": 27.0934, "END_Lon2": 27.0934, "START_Lat2": 38.338, "END_Lat2": 38.338, "START_Lon3": 27.1128, "END_Lon3": 27.1128, "START_Lat3": 38.3285, "END_Lat3": 38.3285, "START_Lon4": 26.8642, "END_Lon4": 26.8642, "START_Lat4": 38.0158, "END_Lat4": 38.0158, "START_SR_m": 0.0, "END_SR_min": 0.0, "START_SR_1": 0.0, "END_SR_max": 0.0, "START_SR_a": null, "END_SR_avg": null, "START_SR_R": null, "END_SR_Ref": null, "START_SR_C": null, "END_SR_Com": null, "START_po_2": "A", "END_poin_1": "A", "START_po_3": 1, "END_poin_2": 1 }, "geometry": { "type": "LineString", "coordinates": [ [ 26.8448, 38.0253 ], [ 27.0934, 38.338 ], [ 26.8448, 38.0253 ] ] } },
{ "type": "Feature", "properties": { "Shape_Leng": 0.49974017249000002, "SS_ID": 245, "START_OBJE": 105, "END_OBJECT": 105, "START_Lon": 26.8905, "END_Lon": 26.8905, "START_Lat": 38.3682, "END_Lat": 38.3682, "START_poin": "A", "END_point_": "A", "START_po_1": 1, "END_point1": 1, "START_SS_I": 245, "END_SS_ID": 245, "START_Name": "Seferihisar", "END_NameEN": "Seferihisar", "START_Na_1": "Τέως", "END_NameEL": "Τέως", "START_Stri": 198, "END_Strike": 198, "START_Dip_": 288, "END_Dip_Di": 288, "START_Dip": 80, "END_Dip": 80, "START_Rake": 190, "END_Rake": 190, "START_Ra_1": -170, "END_Rake__": -170, "START_Kine": "D", "END_Kinema": "D", "START_Leng": 27.0, "END_Length": 27.0, "START_Widt": 9.5, "END_Width_": 9.5, "START_Min_": 0.0, "END_Min_De": 0.0, "START_Max_": 9.4, "END_Max_De": 9.4, "START_Rupt": 256.5, "END_Ruptur": 256.5, "START_Aver": 0.69, "END_Averag": 0.69, "START_Mw__": 6.4, "END_Mw__W_": 6.4, "START_Mw_1": 6.4, "END_Mw__K_": 6.4, "START_M0__": 5.63513e+18, "END_M0__Nm": 5.63513e+18, "START_LonA": 26.8905, "END_LonA": 26.8905, "START_LatA": 38.3682, "END_LatA": 38.3682, "START_LonB": 26.795, "END_LonB": 26.795, "START_LatB": 38.1373, "END_LatB": 38.1373, "START_Lon1": 26.8905, "END_Lon1": 26.8905, "START_Lat1": 38.3682, "END_Lat1": 38.3682, "START_Lon2": 26.795, "END_Lon2": 26.795, "START_Lat2": 38.1373, "END_Lat2": 38.1373, "START_Lon3": 26.777, "END_Lon3": 26.777, "START_Lat3": 38.1419, "END_Lat3": 38.1419, "START_Lon4": 26.8725, "END_Lon4": 26.8725, "START_Lat4": 38.3728, "END_Lat4": 38.3728, "START_SR_m": 0.0, "END_SR_min": 0.0, "START_SR_1": 0.0, "END_SR_max": 0.0, "START_SR_a": null, "END_SR_avg": null, "START_SR_R": null, "END_SR_Ref": null, "START_SR_C": null, "END_SR_Com": null, "START_po_2": "A", "END_poin_1": "A", "START_po_3": 1, "END_poin_2": 1 }, "geometry": { "type": "LineString", "coordinates": [ [ 26.8905, 38.3682 ], [ 26.795, 38.1373 ], [ 26.8905, 38.3682 ] ] } },
{ "type": "Feature", "properties": { "Shape_Leng": 0.80960012351800004, "SS_ID": 246, "START_OBJE": 107, "END_OBJECT": 107, "START_Lon": 26.6451, "END_Lon": 26.6451, "START_Lat": 38.5316, "END_Lat": 38.5316, "START_poin": "A", "END_point_": "A", "START_po_1": 1, "END_point1": 1, "START_SS_I": 246, "END_SS_ID": 246, "START_Name": "Gülbahçe", "END_NameEN": "Gülbahçe", "START_Na_1": "Γκιουλμπαχτσέ", "END_NameEL": "Γκιουλμπαχτσέ", "START_Stri": 181, "END_Strike": 181, "START_Dip_": 271, "END_Dip_Di": 271, "START_Dip": 85, "END_Dip": 85, "START_Rake": 180, "END_Rake": 180, "START_Ra_1": 180, "END_Rake__": 180, "START_Kine": "D", "END_Kinema": "D", "START_Leng": 45.0, "END_Length": 45.0, "START_Widt": 12.0, "END_Width_": 12.0, "START_Min_": 0.0, "END_Min_De": 0.0, "START_Max_": 12.0, "END_Max_De": 12.0, "START_Rupt": 540.0, "END_Ruptur": 540.0, "START_Aver": 1.02, "END_Averag": 1.02, "START_Mw__": 6.8, "END_Mw__W_": 6.8, "START_Mw_1": 6.8, "END_Mw__K_": 6.8, "START_M0__": 1.7602e+19, "END_M0__Nm": 1.7602e+19, "START_LonA": 26.6451, "END_LonA": 26.6451, "START_LatA": 38.5316, "END_LatA": 38.5316, "START_LonB": 26.6361, "END_LonB": 26.6361, "START_LatB": 38.1269, "END_LatB": 38.1269, "START_Lon1": 26.6451, "END_Lon1": 26.6451, "START_Lat1": 38.5316, "END_Lat1": 38.5316, "START_Lon2": 26.6361, "END_Lon2": 26.6361, "START_Lat2": 38.1269, "END_Lat2": 38.1269, "START_Lon3": 26.6241, "END_Lon3": 26.6241, "START_Lat3": 38.1271, "END_Lat3": 38.1271, "START_Lon4": 26.6331, "END_Lon4": 26.6331, "START_Lat4": 38.5317, "END_Lat4": 38.5317, "START_SR_m": 0.0, "END_SR_min": 0.0, "START_SR_1": 0.0, "END_SR_max": 0.0, "START_SR_a": null, "END_SR_avg": null, "START_SR_R": null, "END_SR_Ref": null, "START_SR_C": null, "END_SR_Com": null, "START_po_2": "A", "END_poin_1": "A", "START_po_3": 1, "END_poin_2": 1 }, "geometry": { "type": "LineString", "coordinates": [ [ 26.6451, 38.5316 ], [ 26.6361, 38.1269 ], [ 26.6451, 38.5316 ] ] } }
]
}
