{
"type": "FeatureCollection",
"name": "vam16_edited",
"crs": { "type": "name", "properties": { "name": "urn:ogc:def:crs:OGC:1.3:CRS84" } },
"features": [
{ "type": "Feature", "properties": { "FID_vam16_": 1, "FID_last_a": 1, "FID_as11_n": -1, "FID_as55_5": -1, "FID_as27_2": -1, "FID_as6_ne": -1, "FID_as59_6": -1, "FID_as_4_9": -1, "FID_as21_2": -1, "FID_as14_1": -1, "FID_as72_7": -1, "FID_as94_9": -1, "FID_as62_6": -1, "FID_as41_4": -1, "FID_as48_5": -1, "FID_as29_3": -1, "FID_as34_3": -1, "FID_as36_4": -1, "FID_vam161": -1, "Id": 0, "FID_as71_n": -1, "FID_112": -1, "Id_1": 0, "FID_111": -1, "Id_12": 0, "FID_110": -1, "Id_12_13": 0, "FID_109": -1, "Id_12_13_1": 0, "FID_106": -1, "Id_12_13_2": 0, "FID_105": -1, "Id_12_13_3": 0, "FID_113": -1, "Id_12_13_4": 0, "Shape_Leng": 542429.65275600005, "Shape_Area": 12011961786.0 }, "geometry": { "type": "Polygon", "coordinates": [ [ [ 26.850000000005412, 36.450000000333056, 0.0 ], [ 26.249999999789502, 36.450000000333056, 0.0 ], [ 25.649999999573591, 36.450000000333056, 0.0 ], [ 25.399999999558503, 36.220000000113039, 0.0 ], [ 25.099999999899676, 36.450000000333056, 0.0 ], [ 25.300000000271101, 36.550000000050872, 0.0 ], [ 25.499999999744194, 36.65000000003517, 0.0 ], [ 25.99999999977441, 36.975000000009139, 0.0 ], [ 26.499999999804626, 37.299999999815164, 0.0 ], [ 26.674999999905037, 36.874999999855206, 0.0 ], [ 26.850000000005412, 36.450000000333056, 0.0 ] ] ] } },
{ "type": "Feature", "properties": { "FID_vam16_": 2, "FID_last_a": -1, "FID_as11_n": 1, "FID_as55_5": -1, "FID_as27_2": -1, "FID_as6_ne": -1, "FID_as59_6": -1, "FID_as_4_9": -1, "FID_as21_2": -1, "FID_as14_1": -1, "FID_as72_7": -1, "FID_as94_9": -1, "FID_as62_6": -1, "FID_as41_4": -1, "FID_as48_5": -1, "FID_as29_3": -1, "FID_as34_3": -1, "FID_as36_4": -1, "FID_vam161": -1, "Id": 0, "FID_as71_n": -1, "FID_112": -1, "Id_1": 0, "FID_111": -1, "Id_12": 0, "FID_110": -1, "Id_12_13": 0, "FID_109": -1, "Id_12_13_1": 0, "FID_106": -1, "Id_12_13_2": 0, "FID_105": -1, "Id_12_13_3": 0, "FID_113": -1, "Id_12_13_4": 0, "Shape_Leng": 245948.65123399999, "Shape_Area": 3610791644.3000002 }, "geometry": { "type": "Polygon", "coordinates": [ [ [ 21.354549139238785, 38.536286221461808, 0.0 ], [ 21.179999999986226, 38.539999999602358, 0.0 ], [ 20.959999999757319, 38.539999999602358, 0.0 ], [ 20.73999999952844, 38.539999999602358, 0.0 ], [ 20.808931277827671, 38.708019990561219, 0.0 ], [ 20.899999999286592, 38.929999999721524, 0.0 ], [ 21.025064823072519, 38.94515937256817, 0.0 ], [ 21.229999999629928, 38.970000000303507, 0.0 ], [ 21.380433746502675, 38.99051369247136, 0.0 ], [ 21.354549139238785, 38.536286221461808, 0.0 ] ] ] } },
{ "type": "Feature", "properties": { "FID_vam16_": 3, "FID_last_a": -1, "FID_as11_n": -1, "FID_as55_5": 1, "FID_as27_2": -1, "FID_as6_ne": -1, "FID_as59_6": -1, "FID_as_4_9": -1, "FID_as21_2": -1, "FID_as14_1": -1, "FID_as72_7": -1, "FID_as94_9": -1, "FID_as62_6": -1, "FID_as41_4": -1, "FID_as48_5": -1, "FID_as29_3": -1, "FID_as34_3": -1, "FID_as36_4": -1, "FID_vam161": -1, "Id": 0, "FID_as71_n": -1, "FID_112": -1, "Id_1": 0, "FID_111": -1, "Id_12": 0, "FID_110": -1, "Id_12_13": 0, "FID_109": -1, "Id_12_13_1": 0, "FID_106": -1, "Id_12_13_2": 0, "FID_105": -1, "Id_12_13_3": 0, "FID_113": -1, "Id_12_13_4": 0, "Shape_Leng": 428538.64785900002, "Shape_Area": 8863791111.9599991 }, "geometry": { "type": "Polygon", "coordinates": [ [ [ 21.800000000059629, 38.980000000347161, 0.0 ], [ 22.040000000145991, 38.975000000148, 0.0 ], [ 22.279999999334024, 38.970000000303507, 0.0 ], [ 22.550000000104934, 38.694999999878235, 0.0 ], [ 22.819999999977508, 38.420000000194818, 0.0 ], [ 22.379999999519722, 38.460000000684509, 0.0 ], [ 22.199999999904112, 38.4999999997261, 0.0 ], [ 21.6499999993319, 38.530000000015953, 0.0 ], [ 21.414999999659063, 38.535000000000331, 0.0 ], [ 21.354549139238785, 38.536286221461808, 0.0 ], [ 21.380433746502675, 38.99051369247136, 0.0 ], [ 21.449999999858807, 39.000000000138861, 0.0 ], [ 21.624999999959215, 38.990000000061343, 0.0 ], [ 21.800000000059629, 38.980000000347161, 0.0 ] ] ] } },
{ "type": "Feature", "properties": { "FID_vam16_": 4, "FID_last_a": -1, "FID_as11_n": -1, "FID_as55_5": -1, "FID_as27_2": 1, "FID_as6_ne": -1, "FID_as59_6": -1, "FID_as_4_9": -1, "FID_as21_2": -1, "FID_as14_1": -1, "FID_as72_7": -1, "FID_as94_9": -1, "FID_as62_6": -1, "FID_as41_4": -1, "FID_as48_5": -1, "FID_as29_3": -1, "FID_as34_3": -1, "FID_as36_4": -1, "FID_vam161": -1, "Id": 0, "FID_as71_n": -1, "FID_112": -1, "Id_1": 0, "FID_111": -1, "Id_12": 0, "FID_110": -1, "Id_12_13": 0, "FID_109": -1, "Id_12_13_1": 0, "FID_106": -1, "Id_12_13_2": 0, "FID_105": -1, "Id_12_13_3": 0, "FID_113": -1, "Id_12_13_4": 0, "Shape_Leng": 830645.93692100001, "Shape_Area": 34329629071.400002 }, "geometry": { "type": "Polygon", "coordinates": [ [ [ 23.599999999809064, 42.249999999955087, 0.0 ], [ 22.499999999562938, 41.999999999667651, 0.0 ], [ 21.599999999688201, 41.799999999732449, 0.0 ], [ 21.400000000215105, 41.750000000257273, 0.0 ], [ 21.19999999984368, 41.700000000286636, 0.0 ], [ 20.975000000099605, 41.624999999872252, 0.0 ], [ 20.675949932022824, 42.276611896923917, 0.0 ], [ 22.000000000431019, 42.700000000098591, 0.0 ], [ 22.575000000375951, 42.850000000122861, 0.0 ], [ 23.150000000320844, 42.999999999701259, 0.0 ], [ 23.375000000064954, 42.624999999677868, 0.0 ], [ 23.599999999809064, 42.249999999955087, 0.0 ] ] ] } },
{ "type": "Feature", "properties": { "FID_vam16_": 5, "FID_last_a": -1, "FID_as11_n": -1, "FID_as55_5": -1, "FID_as27_2": -1, "FID_as6_ne": 1, "FID_as59_6": -1, "FID_as_4_9": -1, "FID_as21_2": -1, "FID_as14_1": -1, "FID_as72_7": -1, "FID_as94_9": -1, "FID_as62_6": -1, "FID_as41_4": -1, "FID_as48_5": -1, "FID_as29_3": -1, "FID_as34_3": -1, "FID_as36_4": -1, "FID_vam161": -1, "Id": 0, "FID_as71_n": -1, "FID_112": -1, "Id_1": 0, "FID_111": -1, "Id_12": 0, "FID_110": -1, "Id_12_13": 0, "FID_109": -1, "Id_12_13_1": 0, "FID_106": -1, "Id_12_13_2": 0, "FID_105": -1, "Id_12_13_3": 0, "FID_113": -1, "Id_12_13_4": 0, "Shape_Leng": 548192.82234199997, "Shape_Area": 16605075453.799999 }, "geometry": { "type": "Polygon", "coordinates": [ [ [ 20.975000000099605, 41.624999999872252, 0.0 ], [ 20.750000000355499, 41.550000000103523, 0.0 ], [ 20.799999999999194, 41.399999999827401, 0.0 ], [ 20.80345691843511, 41.389640357167401, 0.0 ], [ 20.806452546582733, 41.380642359864069, 0.0 ], [ 20.849999999642893, 41.249999999844604, 0.0 ], [ 20.249999999426951, 40.999999999677861, 0.0 ], [ 19.799999999938763, 41.750000000257273, 0.0 ], [ 19.699999999753068, 42.15000000003775, 0.0 ], [ 20.280000000111492, 42.15000000003775, 0.0 ], [ 20.675949932022824, 42.276611896923917, 0.0 ], [ 20.975000000099605, 41.624999999872252, 0.0 ] ] ] } },
{ "type": "Feature", "properties": { "FID_vam16_": 6, "FID_last_a": -1, "FID_as11_n": -1, "FID_as55_5": -1, "FID_as27_2": -1, "FID_as6_ne": -1, "FID_as59_6": 1, "FID_as_4_9": -1, "FID_as21_2": -1, "FID_as14_1": -1, "FID_as72_7": -1, "FID_as94_9": -1, "FID_as62_6": -1, "FID_as41_4": -1, "FID_as48_5": -1, "FID_as29_3": -1, "FID_as34_3": -1, "FID_as36_4": -1, "FID_vam161": -1, "Id": 0, "FID_as71_n": -1, "FID_112": -1, "Id_1": 0, "FID_111": -1, "Id_12": 0, "FID_110": -1, "Id_12_13": 0, "FID_109": -1, "Id_12_13_1": 0, "FID_106": -1, "Id_12_13_2": 0, "FID_105": -1, "Id_12_13_3": 0, "FID_113": -1, "Id_12_13_4": 0, "Shape_Leng": 391180.219369, "Shape_Area": 9337824046.7199993 }, "geometry": { "type": "Polygon", "coordinates": [ [ [ 21.354549137442156, 38.536286188436065, 0.0 ], [ 21.414999999659063, 38.535000000000331, 0.0 ], [ 21.532499999944633, 38.532500000226193, 0.0 ], [ 21.6499999993319, 38.530000000015953, 0.0 ], [ 21.6499999993319, 38.440000000239507, 0.0 ], [ 21.6499999993319, 38.349999999934568, 0.0 ], [ 21.824999999432311, 38.224999999903979, 0.0 ], [ 21.999999999532722, 38.100000000551425, 0.0 ], [ 21.219999999701169, 37.629999999890693, 0.0 ], [ 20.849999999642893, 37.999999999503771, 0.0 ], [ 21.014999999814545, 38.269999999800653, 0.0 ], [ 21.077919170124137, 38.372958641714405, 0.0 ], [ 21.179999999986226, 38.539999999602358, 0.0 ], [ 21.354549137442156, 38.536286188436065, 0.0 ] ] ] } },
{ "type": "Feature", "properties": { "FID_vam16_": 7, "FID_last_a": -1, "FID_as11_n": -1, "FID_as55_5": -1, "FID_as27_2": -1, "FID_as6_ne": -1, "FID_as59_6": -1, "FID_as_4_9": 1, "FID_as21_2": -1, "FID_as14_1": -1, "FID_as72_7": -1, "FID_as94_9": -1, "FID_as62_6": -1, "FID_as41_4": -1, "FID_as48_5": -1, "FID_as29_3": -1, "FID_as34_3": -1, "FID_as36_4": -1, "FID_vam161": -1, "Id": 0, "FID_as71_n": -1, "FID_112": -1, "Id_1": 0, "FID_111": -1, "Id_12": 0, "FID_110": -1, "Id_12_13": 0, "FID_109": -1, "Id_12_13_1": 0, "FID_106": -1, "Id_12_13_2": 0, "FID_105": -1, "Id_12_13_3": 0, "FID_113": -1, "Id_12_13_4": 0, "Shape_Leng": 1230562.72349, "Shape_Area": 42952422961.0 }, "geometry": { "type": "Polygon", "coordinates": [ [ [ 19.400000000094245, 39.749999999469289, 0.0 ], [ 19.524999999652657, 39.449999999898765, 0.0 ], [ 19.650000000109369, 39.150000000231664, 0.0 ], [ 19.914999999568419, 38.965000000203332, 0.0 ], [ 20.179999999925798, 38.779999999935612, 0.0 ], [ 20.25999999935571, 38.809999999628509, 0.0 ], [ 20.199999999783284, 38.539999999602358, 0.0 ], [ 19.599999999567338, 37.800000000057537, 0.0 ], [ 19.400000000094245, 37.399999999812145, 0.0 ], [ 19.099999999537122, 36.800000000268405, 0.0 ], [ 18.749999999336335, 37.074999999629377, 0.0 ], [ 18.400000000033849, 37.349999999890215, 0.0 ], [ 18.563053675276635, 37.55834636315258, 0.0 ], [ 18.701745811666942, 37.735564094214226, 0.0 ], [ 18.919387883395359, 38.013662295973973, 0.0 ], [ 19.107774048751988, 38.25437795210172, 0.0 ], [ 19.222302720318382, 38.400720142753293, 0.0 ], [ 19.299999999908547, 38.4999999997261, 0.0 ], [ 18.924999999436746, 39.050000000173412, 0.0 ], [ 18.549999999863243, 39.600000000065727, 0.0 ], [ 18.774999999607317, 40.050000000099132, 0.0 ], [ 18.999999999351427, 40.500000000093628, 0.0 ], [ 19.199999999722856, 40.124999999974598, 0.0 ], [ 19.400000000094245, 39.749999999469289, 0.0 ] ] ] } },
{ "type": "Feature", "properties": { "FID_vam16_": 8, "FID_last_a": -1, "FID_as11_n": -1, "FID_as55_5": -1, "FID_as27_2": -1, "FID_as6_ne": -1, "FID_as59_6": -1, "FID_as_4_9": -1, "FID_as21_2": 1, "FID_as14_1": -1, "FID_as72_7": -1, "FID_as94_9": -1, "FID_as62_6": -1, "FID_as41_4": -1, "FID_as48_5": -1, "FID_as29_3": -1, "FID_as34_3": -1, "FID_as36_4": -1, "FID_vam161": -1, "Id": 0, "FID_as71_n": -1, "FID_112": -1, "Id_1": 0, "FID_111": -1, "Id_12": 0, "FID_110": -1, "Id_12_13": 0, "FID_109": -1, "Id_12_13_1": 0, "FID_106": -1, "Id_12_13_2": 0, "FID_105": -1, "Id_12_13_3": 0, "FID_113": -1, "Id_12_13_4": 0, "Shape_Leng": 1904830.4625800001, "Shape_Area": 99118456905.5 }, "geometry": { "type": "Polygon", "coordinates": [ [ [ 30.000000000016104, 35.500000000008235, 0.0 ], [ 30.50000000004632, 35.349999999967714, 0.0 ], [ 28.999999999955673, 34.175000000114956, 0.0 ], [ 27.499999999865061, 33.000000000045986, 0.0 ], [ 25.549999999387897, 33.000000000045986, 0.0 ], [ 23.599999999809064, 33.000000000045986, 0.0 ], [ 23.924999999738866, 33.350000000174752, 0.0 ], [ 24.249999999668674, 33.699999999856097, 0.0 ], [ 25.499999999744194, 33.699999999856097, 0.0 ], [ 26.749999999819721, 33.699999999856097, 0.0 ], [ 27.324999999764646, 34.224999999958868, 0.0 ], [ 27.899999999709543, 34.749999999788237, 0.0 ], [ 28.27499999928305, 35.400000000194751, 0.0 ], [ 28.649999999754886, 36.050000000259068, 0.0 ], [ 29.324999999885478, 35.774999999964592, 0.0 ], [ 30.000000000016104, 35.500000000008235, 0.0 ] ] ] } },
{ "type": "Feature", "properties": { "FID_vam16_": 9, "FID_last_a": -1, "FID_as11_n": -1, "FID_as55_5": -1, "FID_as27_2": -1, "FID_as6_ne": -1, "FID_as59_6": -1, "FID_as_4_9": -1, "FID_as21_2": -1, "FID_as14_1": 1, "FID_as72_7": -1, "FID_as94_9": -1, "FID_as62_6": -1, "FID_as41_4": -1, "FID_as48_5": -1, "FID_as29_3": -1, "FID_as34_3": -1, "FID_as36_4": -1, "FID_vam161": -1, "Id": 0, "FID_as71_n": -1, "FID_112": -1, "Id_1": 0, "FID_111": -1, "Id_12": 0, "FID_110": -1, "Id_12_13": 0, "FID_109": -1, "Id_12_13_1": 0, "FID_106": -1, "Id_12_13_2": 0, "FID_105": -1, "Id_12_13_3": 0, "FID_113": -1, "Id_12_13_4": 0, "Shape_Leng": 1689205.94175, "Shape_Area": 69380014304.100006 }, "geometry": { "type": "Polygon", "coordinates": [ [ [ 21.000000000370587, 35.900000000405484, 0.0 ], [ 21.079058641739557, 35.952705760711964, 0.0 ], [ 21.150000000200016, 35.999999999678266, 0.0 ], [ 21.533343895288855, 35.68764571418, 0.0 ], [ 21.824999999432311, 35.450000000124192, 0.0 ], [ 21.889297903141642, 35.397693286305966, 0.0 ], [ 21.916687792174319, 35.375291428648872, 0.0 ], [ 21.986926626760074, 35.318206846103656, 0.0 ], [ 22.208343895419446, 35.137645714087846, 0.0 ], [ 22.499999999562938, 34.899999999759793, 0.0 ], [ 23.04477035709732, 34.526443184156335, 0.0 ], [ 23.375000000064954, 34.299999999944674, 0.0 ], [ 24.249999999668674, 33.699999999856097, 0.0 ], [ 23.599999999809064, 33.000000000045986, 0.0 ], [ 22.850841229806491, 33.604160299208445, 0.0 ], [ 22.115852691708138, 34.196892989765736, 0.0 ], [ 21.463388014746215, 34.723074181835116, 0.0 ], [ 20.894646090498881, 35.181737023057366, 0.0 ], [ 20.499999999442075, 35.500000000008235, 0.0 ], [ 19.925813638684296, 36.033173048995529, 0.0 ], [ 19.099999999537122, 36.800000000268405, 0.0 ], [ 19.249999999366551, 37.100000000243078, 0.0 ], [ 19.400000000094245, 37.399999999812145, 0.0 ], [ 20.199999999783284, 36.65000000003517, 0.0 ], [ 21.000000000370587, 35.900000000405484, 0.0 ] ] ] } },
{ "type": "Feature", "properties": { "FID_vam16_": 10, "FID_last_a": -1, "FID_as11_n": -1, "FID_as55_5": -1, "FID_as27_2": -1, "FID_as6_ne": -1, "FID_as59_6": -1, "FID_as_4_9": -1, "FID_as21_2": -1, "FID_as14_1": -1, "FID_as72_7": 1, "FID_as94_9": -1, "FID_as62_6": -1, "FID_as41_4": -1, "FID_as48_5": -1, "FID_as29_3": -1, "FID_as34_3": -1, "FID_as36_4": -1, "FID_vam161": -1, "Id": 0, "FID_as71_n": -1, "FID_112": -1, "Id_1": 0, "FID_111": -1, "Id_12": 0, "FID_110": -1, "Id_12_13": 0, "FID_109": -1, "Id_12_13_1": 0, "FID_106": -1, "Id_12_13_2": 0, "FID_105": -1, "Id_12_13_3": 0, "FID_113": -1, "Id_12_13_4": 0, "Shape_Leng": 753627.29036500002, "Shape_Area": 21967508244.599998 }, "geometry": { "type": "Polygon", "coordinates": [ [ [ 24.700000000055187, 35.130000000653027, 0.0 ], [ 25.049999999357681, 35.125000000003546, 0.0 ], [ 25.399999999558503, 35.119999999527529, 0.0 ], [ 26.149999999603807, 35.010000000201167, 0.0 ], [ 26.899999999649115, 34.899999999759793, 0.0 ], [ 26.050000000316409, 34.399999999699062, 0.0 ], [ 24.949999999171983, 34.449999999687542, 0.0 ], [ 24.30000000021067, 34.869999999901687, 0.0 ], [ 23.849999999824156, 35.14999999979721, 0.0 ], [ 23.975000000280865, 35.250000000327034, 0.0 ], [ 24.09999999983928, 35.349999999967714, 0.0 ], [ 24.399999999498071, 35.240000000065528, 0.0 ], [ 24.700000000055187, 35.130000000653027, 0.0 ] ] ] } },
{ "type": "Feature", "properties": { "FID_vam16_": 11, "FID_last_a": -1, "FID_as11_n": -1, "FID_as55_5": -1, "FID_as27_2": -1, "FID_as6_ne": -1, "FID_as59_6": -1, "FID_as_4_9": -1, "FID_as21_2": -1, "FID_as14_1": -1, "FID_as72_7": -1, "FID_as94_9": 1, "FID_as62_6": -1, "FID_as41_4": -1, "FID_as48_5": -1, "FID_as29_3": -1, "FID_as34_3": -1, "FID_as36_4": -1, "FID_vam161": -1, "Id": 0, "FID_as71_n": -1, "FID_112": -1, "Id_1": 0, "FID_111": -1, "Id_12": 0, "FID_110": -1, "Id_12_13": 0, "FID_109": -1, "Id_12_13_1": 0, "FID_106": -1, "Id_12_13_2": 0, "FID_105": -1, "Id_12_13_3": 0, "FID_113": -1, "Id_12_13_4": 0, "Shape_Leng": 709032.88289000001, "Shape_Area": 20673608974.799999 }, "geometry": { "type": "Polygon", "coordinates": [ [ [ 23.99999999965355, 36.65000000003517, 0.0 ], [ 24.200000000024975, 36.800000000268405, 0.0 ], [ 24.399999999498071, 36.950000000050366, 0.0 ], [ 24.599999999869461, 36.850000000174688, 0.0 ], [ 24.799999999342557, 36.750000000050811, 0.0 ], [ 24.950000000070283, 36.599999999677095, 0.0 ], [ 25.099999999899676, 36.450000000333056, 0.0 ], [ 25.24999999972907, 36.33499999977591, 0.0 ], [ 25.399999999558503, 36.220000000113039, 0.0 ], [ 25.399999999558503, 36.010000000157554, 0.0 ], [ 25.399999999558503, 35.799999999380312, 0.0 ], [ 23.499999999623334, 36.249999999295795, 0.0 ], [ 23.499999999623334, 36.449999999610519, 0.0 ], [ 23.499999999623334, 36.649999999314439, 0.0 ], [ 23.449999999979635, 37.149999999620448, 0.0 ], [ 23.99999999965355, 36.65000000003517, 0.0 ] ] ] } },
{ "type": "Feature", "properties": { "FID_vam16_": 12, "FID_last_a": -1, "FID_as11_n": -1, "FID_as55_5": -1, "FID_as27_2": -1, "FID_as6_ne": -1, "FID_as59_6": -1, "FID_as_4_9": -1, "FID_as21_2": -1, "FID_as14_1": -1, "FID_as72_7": -1, "FID_as94_9": -1, "FID_as62_6": 1, "FID_as41_4": -1, "FID_as48_5": -1, "FID_as29_3": -1, "FID_as34_3": -1, "FID_as36_4": -1, "FID_vam161": -1, "Id": 0, "FID_as71_n": -1, "FID_112": -1, "Id_1": 0, "FID_111": -1, "Id_12": 0, "FID_110": -1, "Id_12_13": 0, "FID_109": -1, "Id_12_13_1": 0, "FID_106": -1, "Id_12_13_2": 0, "FID_105": -1, "Id_12_13_3": 0, "FID_113": -1, "Id_12_13_4": 0, "Shape_Leng": 438580.57597300003, "Shape_Area": 8695587601.3700008 }, "geometry": { "type": "Polygon", "coordinates": [ [ [ 23.570000000022816, 38.250000000357431, 0.0 ], [ 23.699999999994759, 38.285000000008239, 0.0 ], [ 23.829999999966667, 38.320000000009067, 0.0 ], [ 23.989999999724823, 38.260000000195625, 0.0 ], [ 24.150000000381276, 38.200000000409439, 0.0 ], [ 23.250000000506539, 37.800000000057537, 0.0 ], [ 23.22999999975076, 37.670000000172969, 0.0 ], [ 22.699999999036031, 37.819999999589399, 0.0 ], [ 23.099999999778849, 38.439999999535935, 0.0 ], [ 23.299999999251945, 38.445000000088655, 0.0 ], [ 23.499999999623334, 38.449999999700935, 0.0 ], [ 23.534999999823075, 38.349999999934568, 0.0 ], [ 23.570000000022816, 38.250000000357431, 0.0 ] ] ] } },
{ "type": "Feature", "properties": { "FID_vam16_": 13, "FID_last_a": -1, "FID_as11_n": -1, "FID_as55_5": -1, "FID_as27_2": -1, "FID_as6_ne": -1, "FID_as59_6": -1, "FID_as_4_9": -1, "FID_as21_2": -1, "FID_as14_1": -1, "FID_as72_7": -1, "FID_as94_9": -1, "FID_as62_6": -1, "FID_as41_4": 1, "FID_as48_5": -1, "FID_as29_3": -1, "FID_as34_3": -1, "FID_as36_4": -1, "FID_vam161": -1, "Id": 0, "FID_as71_n": -1, "FID_112": -1, "Id_1": 0, "FID_111": -1, "Id_12": 0, "FID_110": -1, "Id_12_13": 0, "FID_109": -1, "Id_12_13_1": 0, "FID_106": -1, "Id_12_13_2": 0, "FID_105": -1, "Id_12_13_3": 0, "FID_113": -1, "Id_12_13_4": 0, "Shape_Leng": 491099.22014799999, "Shape_Area": 12192505727.0 }, "geometry": { "type": "Polygon", "coordinates": [ [ [ 22.999999999593118, 40.549999999810503, 0.0 ], [ 23.149999999422548, 40.549999999810503, 0.0 ], [ 23.300000000150241, 40.549999999810503, 0.0 ], [ 23.300000000150241, 40.449999999718393, 0.0 ], [ 23.300000000150241, 40.35000000048025, 0.0 ], [ 23.39999999943764, 40.33500000012058, 0.0 ], [ 23.499999999623334, 40.320000000092698, 0.0 ], [ 23.099999999778849, 39.849999999515333, 0.0 ], [ 22.849999999763725, 39.69999999970436, 0.0 ], [ 22.400000000275536, 40.35000000048025, 0.0 ], [ 22.099999999718417, 40.649999999701855, 0.0 ], [ 22.375000000004523, 40.750000000209305, 0.0 ], [ 22.649999999392332, 40.85000000057385, 0.0 ], [ 22.824999999492743, 40.700000000080351, 0.0 ], [ 22.999999999593118, 40.549999999810503, 0.0 ] ] ] } },
{ "type": "Feature", "properties": { "FID_vam16_": 14, "FID_last_a": -1, "FID_as11_n": -1, "FID_as55_5": -1, "FID_as27_2": -1, "FID_as6_ne": -1, "FID_as59_6": -1, "FID_as_4_9": -1, "FID_as21_2": -1, "FID_as14_1": -1, "FID_as72_7": -1, "FID_as94_9": -1, "FID_as62_6": -1, "FID_as41_4": -1, "FID_as48_5": 1, "FID_as29_3": -1, "FID_as34_3": -1, "FID_as36_4": -1, "FID_vam161": -1, "Id": 0, "FID_as71_n": -1, "FID_112": -1, "Id_1": 0, "FID_111": -1, "Id_12": 0, "FID_110": -1, "Id_12_13": 0, "FID_109": -1, "Id_12_13_1": 0, "FID_106": -1, "Id_12_13_2": 0, "FID_105": -1, "Id_12_13_3": 0, "FID_113": -1, "Id_12_13_4": 0, "Shape_Leng": 468789.64472699998, "Shape_Area": 8343880585.9099998 }, "geometry": { "type": "Polygon", "coordinates": [ [ [ 25.749999999759286, 40.90000000021957, 0.0 ], [ 25.924999999859697, 40.759999999626373, 0.0 ], [ 26.099999999960108, 40.620000000341918, 0.0 ], [ 25.200000000085407, 40.600000000055935, 0.0 ], [ 24.650000000411492, 40.249999999586692, 0.0 ], [ 24.449999999141767, 40.249999999586692, 0.0 ], [ 24.499999999683766, 40.375000000092655, 0.0 ], [ 24.549999999327465, 40.500000000093628, 0.0 ], [ 24.724999999427872, 40.724999999864828, 0.0 ], [ 24.899999999528287, 40.94999999979386, 0.0 ], [ 25.324999999643786, 40.924999999942962, 0.0 ], [ 25.749999999759286, 40.90000000021957, 0.0 ] ] ] } },
{ "type": "Feature", "properties": { "FID_vam16_": 15, "FID_last_a": -1, "FID_as11_n": -1, "FID_as55_5": -1, "FID_as27_2": -1, "FID_as6_ne": -1, "FID_as59_6": -1, "FID_as_4_9": -1, "FID_as21_2": -1, "FID_as14_1": -1, "FID_as72_7": -1, "FID_as94_9": -1, "FID_as62_6": -1, "FID_as41_4": -1, "FID_as48_5": -1, "FID_as29_3": 1, "FID_as34_3": -1, "FID_as36_4": -1, "FID_vam161": -1, "Id": 0, "FID_as71_n": -1, "FID_112": -1, "Id_1": 0, "FID_111": -1, "Id_12": 0, "FID_110": -1, "Id_12_13": 0, "FID_109": -1, "Id_12_13_1": 0, "FID_106": -1, "Id_12_13_2": 0, "FID_105": -1, "Id_12_13_3": 0, "FID_113": -1, "Id_12_13_4": 0, "Shape_Leng": 454640.00954200001, "Shape_Area": 13034835990.6 }, "geometry": { "type": "Polygon", "coordinates": [ [ [ 21.849999999703293, 41.449999999772565, 0.0 ], [ 21.924999999618006, 41.285000000177121, 0.0 ], [ 21.999999999532722, 41.120000000299008, 0.0 ], [ 21.500000000400803, 40.94999999979386, 0.0 ], [ 21.05000000001429, 40.749999999528761, 0.0 ], [ 20.849999999642893, 41.249999999844604, 0.0 ], [ 20.80345691843511, 41.389640357167401, 0.0 ], [ 20.750000000355499, 41.550000000103523, 0.0 ], [ 20.975000000099605, 41.624999999872252, 0.0 ], [ 21.19999999984368, 41.700000000286636, 0.0 ], [ 21.400000000215105, 41.750000000257273, 0.0 ], [ 21.599999999688201, 41.799999999732449, 0.0 ], [ 21.724999999246581, 41.624999999872252, 0.0 ], [ 21.849999999703293, 41.449999999772565, 0.0 ] ] ] } },
{ "type": "Feature", "properties": { "FID_vam16_": 16, "FID_last_a": -1, "FID_as11_n": -1, "FID_as55_5": -1, "FID_as27_2": -1, "FID_as6_ne": -1, "FID_as59_6": -1, "FID_as_4_9": -1, "FID_as21_2": -1, "FID_as14_1": -1, "FID_as72_7": -1, "FID_as94_9": -1, "FID_as62_6": -1, "FID_as41_4": -1, "FID_as48_5": -1, "FID_as29_3": -1, "FID_as34_3": 1, "FID_as36_4": -1, "FID_vam161": -1, "Id": 0, "FID_as71_n": -1, "FID_112": -1, "Id_1": 0, "FID_111": -1, "Id_12": 0, "FID_110": -1, "Id_12_13": 0, "FID_109": -1, "Id_12_13_1": 0, "FID_106": -1, "Id_12_13_2": 0, "FID_105": -1, "Id_12_13_3": 0, "FID_113": -1, "Id_12_13_4": 0, "Shape_Leng": 791022.063, "Shape_Area": 36088870258.400002 }, "geometry": { "type": "Polygon", "coordinates": [ [ [ 26.749999999819721, 41.750000000257273, 0.0 ], [ 25.61499999937385, 41.750000000257273, 0.0 ], [ 24.47999999982628, 41.750000000257273, 0.0 ], [ 24.47999999982628, 42.050000000015295, 0.0 ], [ 24.47999999982628, 42.350000000131715, 0.0 ], [ 24.47999999982628, 42.424999999841752, 0.0 ], [ 24.47999999982628, 42.499999999861302, 0.0 ], [ 24.47999999982628, 42.600000000149521, 0.0 ], [ 24.47999999982628, 42.700000000098591, 0.0 ], [ 26.749999999819721, 42.700000000098591, 0.0 ], [ 26.749999999819721, 42.050000000015295, 0.0 ], [ 26.749999999819721, 41.750000000257273, 0.0 ] ] ] } },
{ "type": "Feature", "properties": { "FID_vam16_": 17, "FID_last_a": -1, "FID_as11_n": -1, "FID_as55_5": -1, "FID_as27_2": -1, "FID_as6_ne": -1, "FID_as59_6": -1, "FID_as_4_9": -1, "FID_as21_2": -1, "FID_as14_1": -1, "FID_as72_7": -1, "FID_as94_9": -1, "FID_as62_6": -1, "FID_as41_4": -1, "FID_as48_5": -1, "FID_as29_3": -1, "FID_as34_3": -1, "FID_as36_4": 1, "FID_vam161": -1, "Id": 0, "FID_as71_n": -1, "FID_112": -1, "Id_1": 0, "FID_111": -1, "Id_12": 0, "FID_110": -1, "Id_12_13": 0, "FID_109": -1, "Id_12_13_1": 0, "FID_106": -1, "Id_12_13_2": 0, "FID_105": -1, "Id_12_13_3": 0, "FID_113": -1, "Id_12_13_4": 0, "Shape_Leng": 702887.14844899997, "Shape_Area": 18859189223.900002 }, "geometry": { "type": "Polygon", "coordinates": [ [ [ 26.749999999819721, 41.500000000085052, 0.0 ], [ 25.99999999977441, 41.480000000339622, 0.0 ], [ 25.749999999759286, 40.90000000021957, 0.0 ], [ 25.324999999643786, 40.924999999942962, 0.0 ], [ 24.899999999528287, 40.94999999979386, 0.0 ], [ 24.899999999528287, 41.049999999977686, 0.0 ], [ 24.899999999528287, 41.14999999951953, 0.0 ], [ 24.899999999528287, 41.275000000071415, 0.0 ], [ 24.899999999528287, 41.399999999827401, 0.0 ], [ 24.47999999982628, 41.599999999555955, 0.0 ], [ 24.47999999982628, 41.750000000257273, 0.0 ], [ 25.61499999937385, 41.750000000257273, 0.0 ], [ 26.749999999819721, 41.750000000257273, 0.0 ], [ 26.749999999819721, 41.624999999872252, 0.0 ], [ 26.749999999819721, 41.500000000085052, 0.0 ] ] ] } },
{ "type": "Feature", "properties": { "FID_vam16_": 18, "FID_last_a": -1, "FID_as11_n": -1, "FID_as55_5": -1, "FID_as27_2": -1, "FID_as6_ne": -1, "FID_as59_6": -1, "FID_as_4_9": -1, "FID_as21_2": -1, "FID_as14_1": -1, "FID_as72_7": -1, "FID_as94_9": -1, "FID_as62_6": -1, "FID_as41_4": -1, "FID_as48_5": -1, "FID_as29_3": -1, "FID_as34_3": -1, "FID_as36_4": -1, "FID_vam161": 1, "Id": 0, "FID_as71_n": -1, "FID_112": -1, "Id_1": 0, "FID_111": -1, "Id_12": 0, "FID_110": -1, "Id_12_13": 0, "FID_109": -1, "Id_12_13_1": 0, "FID_106": -1, "Id_12_13_2": 0, "FID_105": -1, "Id_12_13_3": 0, "FID_113": -1, "Id_12_13_4": 0, "Shape_Leng": 576954.1541, "Shape_Area": 18450567786.099998 }, "geometry": { "type": "Polygon", "coordinates": [ [ [ 19.699999999753068, 42.15000000003775, 0.0 ], [ 19.750000000295067, 41.950000000078909, 0.0 ], [ 19.799999999938763, 41.750000000257273, 0.0 ], [ 19.149999999180825, 41.599999999555955, 0.0 ], [ 17.900000000003633, 42.499999999861302, 0.0 ], [ 18.499999999321211, 42.800000000061303, 0.0 ], [ 19.699999999753068, 42.15000000003775, 0.0 ] ] ] } },
{ "type": "Feature", "properties": { "FID_vam16_": 19, "FID_last_a": -1, "FID_as11_n": -1, "FID_as55_5": -1, "FID_as27_2": -1, "FID_as6_ne": -1, "FID_as59_6": -1, "FID_as_4_9": -1, "FID_as21_2": -1, "FID_as14_1": -1, "FID_as72_7": -1, "FID_as94_9": -1, "FID_as62_6": -1, "FID_as41_4": -1, "FID_as48_5": -1, "FID_as29_3": -1, "FID_as34_3": -1, "FID_as36_4": -1, "FID_vam161": 2, "Id": 0, "FID_as71_n": -1, "FID_112": -1, "Id_1": 0, "FID_111": -1, "Id_12": 0, "FID_110": -1, "Id_12_13": 0, "FID_109": -1, "Id_12_13_1": 0, "FID_106": -1, "Id_12_13_2": 0, "FID_105": -1, "Id_12_13_3": 0, "FID_113": -1, "Id_12_13_4": 0, "Shape_Leng": 553351.11410300003, "Shape_Area": 18846356554.700001 }, "geometry": { "type": "Polygon", "coordinates": [ [ [ 20.249999999426951, 40.999999999677861, 0.0 ], [ 20.249999999426951, 40.649999999701855, 0.0 ], [ 18.999999999351427, 40.500000000093628, 0.0 ], [ 19.149999999180825, 41.599999999555955, 0.0 ], [ 19.799999999938763, 41.750000000257273, 0.0 ], [ 19.825088833709916, 41.708185277602709, 0.0 ], [ 19.864703572948969, 41.642160711465088, 0.0 ], [ 19.905791311200417, 41.573681147770024, 0.0 ], [ 19.943553643475255, 41.51074392744777, 0.0 ], [ 19.993814146466509, 41.426976422027664, 0.0 ], [ 20.024999999682873, 41.375000000206292, 0.0 ], [ 20.077150168163062, 41.288083053544824, 0.0 ], [ 20.128102533823203, 41.203162443257867, 0.0 ], [ 20.198616688568833, 41.085638851870769, 0.0 ], [ 20.249999999426951, 40.999999999677861, 0.0 ] ] ] } },
{ "type": "Feature", "properties": { "FID_vam16_": 20, "FID_last_a": -1, "FID_as11_n": -1, "FID_as55_5": -1, "FID_as27_2": -1, "FID_as6_ne": -1, "FID_as59_6": -1, "FID_as_4_9": -1, "FID_as21_2": -1, "FID_as14_1": -1, "FID_as72_7": -1, "FID_as94_9": -1, "FID_as62_6": -1, "FID_as41_4": -1, "FID_as48_5": -1, "FID_as29_3": -1, "FID_as34_3": -1, "FID_as36_4": -1, "FID_vam161": 3, "Id": 0, "FID_as71_n": -1, "FID_112": -1, "Id_1": 0, "FID_111": -1, "Id_12": 0, "FID_110": -1, "Id_12_13": 0, "FID_109": -1, "Id_12_13_1": 0, "FID_106": -1, "Id_12_13_2": 0, "FID_105": -1, "Id_12_13_3": 0, "FID_113": -1, "Id_12_13_4": 0, "Shape_Leng": 499810.066957, "Shape_Area": 15131990912.799999 }, "geometry": { "type": "Polygon", "coordinates": [ [ [ 20.599999999627769, 39.999999999978151, 0.0 ], [ 19.400000000094245, 39.749999999469289, 0.0 ], [ 18.999999999351427, 40.500000000093628, 0.0 ], [ 20.249999999426951, 40.649999999701855, 0.0 ], [ 20.599999999627769, 39.999999999978151, 0.0 ] ] ] } },
{ "type": "Feature", "properties": { "FID_vam16_": 21, "FID_last_a": -1, "FID_as11_n": -1, "FID_as55_5": -1, "FID_as27_2": -1, "FID_as6_ne": -1, "FID_as59_6": -1, "FID_as_4_9": -1, "FID_as21_2": -1, "FID_as14_1": -1, "FID_as72_7": -1, "FID_as94_9": -1, "FID_as62_6": -1, "FID_as41_4": -1, "FID_as48_5": -1, "FID_as29_3": -1, "FID_as34_3": -1, "FID_as36_4": -1, "FID_vam161": 4, "Id": 0, "FID_as71_n": -1, "FID_112": -1, "Id_1": 0, "FID_111": -1, "Id_12": 0, "FID_110": -1, "Id_12_13": 0, "FID_109": -1, "Id_12_13_1": 0, "FID_106": -1, "Id_12_13_2": 0, "FID_105": -1, "Id_12_13_3": 0, "FID_113": -1, "Id_12_13_4": 0, "Shape_Leng": 593205.58731700003, "Shape_Area": 22099166593.700001 }, "geometry": { "type": "Polygon", "coordinates": [ [ [ 21.229999999629928, 38.970000000303507, 0.0 ], [ 20.899999999286592, 38.929999999721524, 0.0 ], [ 20.25999999935571, 38.809999999628509, 0.0 ], [ 20.179999999925798, 38.779999999935612, 0.0 ], [ 19.650000000109369, 39.150000000231664, 0.0 ], [ 19.400000000094245, 39.749999999469289, 0.0 ], [ 20.599999999627769, 39.999999999978151, 0.0 ], [ 21.229999999629928, 38.970000000303507, 0.0 ] ] ] } },
{ "type": "Feature", "properties": { "FID_vam16_": 22, "FID_last_a": -1, "FID_as11_n": -1, "FID_as55_5": -1, "FID_as27_2": -1, "FID_as6_ne": -1, "FID_as59_6": -1, "FID_as_4_9": -1, "FID_as21_2": -1, "FID_as14_1": -1, "FID_as72_7": -1, "FID_as94_9": -1, "FID_as62_6": -1, "FID_as41_4": -1, "FID_as48_5": -1, "FID_as29_3": -1, "FID_as34_3": -1, "FID_as36_4": -1, "FID_vam161": 6, "Id": 0, "FID_as71_n": -1, "FID_112": -1, "Id_1": 0, "FID_111": -1, "Id_12": 0, "FID_110": -1, "Id_12_13": 0, "FID_109": -1, "Id_12_13_1": 0, "FID_106": -1, "Id_12_13_2": 0, "FID_105": -1, "Id_12_13_3": 0, "FID_113": -1, "Id_12_13_4": 0, "Shape_Leng": 505136.19290099997, "Shape_Area": 12996740729.799999 }, "geometry": { "type": "Polygon", "coordinates": [ [ [ 20.280000000111492, 42.15000000003775, 0.0 ], [ 19.699999999753068, 42.15000000003775, 0.0 ], [ 18.499999999321211, 42.800000000061303, 0.0 ], [ 19.499999999381647, 42.999999999701259, 0.0 ], [ 20.150000000139585, 42.499999999861302, 0.0 ], [ 20.280000000111492, 42.15000000003775, 0.0 ] ] ] } },
{ "type": "Feature", "properties": { "FID_vam16_": 23, "FID_last_a": -1, "FID_as11_n": -1, "FID_as55_5": -1, "FID_as27_2": -1, "FID_as6_ne": -1, "FID_as59_6": -1, "FID_as_4_9": -1, "FID_as21_2": -1, "FID_as14_1": -1, "FID_as72_7": -1, "FID_as94_9": -1, "FID_as62_6": -1, "FID_as41_4": -1, "FID_as48_5": -1, "FID_as29_3": -1, "FID_as34_3": -1, "FID_as36_4": -1, "FID_vam161": 8, "Id": 0, "FID_as71_n": -1, "FID_112": -1, "Id_1": 0, "FID_111": -1, "Id_12": 0, "FID_110": -1, "Id_12_13": 0, "FID_109": -1, "Id_12_13_1": 0, "FID_106": -1, "Id_12_13_2": 0, "FID_105": -1, "Id_12_13_3": 0, "FID_113": -1, "Id_12_13_4": 0, "Shape_Leng": 444987.93202599999, "Shape_Area": 11571823208.200001 }, "geometry": { "type": "Polygon", "coordinates": [ [ [ 21.05000000001429, 40.749999999528761, 0.0 ], [ 21.000000000370587, 40.149999999899499, 0.0 ], [ 20.599999999627769, 39.999999999978151, 0.0 ], [ 20.249999999426951, 40.649999999701855, 0.0 ], [ 20.249999999426951, 40.999999999677861, 0.0 ], [ 20.431739402435639, 41.075724750986573, 0.0 ], [ 20.58637243998669, 41.140155183401014, 0.0 ], [ 20.77101401670906, 41.217089173800531, 0.0 ], [ 20.849999999642893, 41.249999999844604, 0.0 ], [ 21.05000000001429, 40.749999999528761, 0.0 ] ] ] } },
{ "type": "Feature", "properties": { "FID_vam16_": 24, "FID_last_a": -1, "FID_as11_n": -1, "FID_as55_5": -1, "FID_as27_2": -1, "FID_as6_ne": -1, "FID_as59_6": -1, "FID_as_4_9": -1, "FID_as21_2": -1, "FID_as14_1": -1, "FID_as72_7": -1, "FID_as94_9": -1, "FID_as62_6": -1, "FID_as41_4": -1, "FID_as48_5": -1, "FID_as29_3": -1, "FID_as34_3": -1, "FID_as36_4": -1, "FID_vam161": 9, "Id": 0, "FID_as71_n": -1, "FID_112": -1, "Id_1": 0, "FID_111": -1, "Id_12": 0, "FID_110": -1, "Id_12_13": 0, "FID_109": -1, "Id_12_13_1": 0, "FID_106": -1, "Id_12_13_2": 0, "FID_105": -1, "Id_12_13_3": 0, "FID_113": -1, "Id_12_13_4": 0, "Shape_Leng": 417284.93134100002, "Shape_Area": 7573118218.9499998 }, "geometry": { "type": "Polygon", "coordinates": [ [ [ 21.249999999487382, 39.69999999970436, 0.0 ], [ 21.500000000400803, 39.299999999521305, 0.0 ], [ 21.449999999858807, 39.000000000138861, 0.0 ], [ 21.229999999629928, 38.970000000303507, 0.0 ], [ 20.640000000241038, 39.950000000197967, 0.0 ], [ 20.599999999627769, 39.999999999978151, 0.0 ], [ 21.000000000370587, 40.149999999899499, 0.0 ], [ 21.249999999487382, 39.69999999970436, 0.0 ] ] ] } },
{ "type": "Feature", "properties": { "FID_vam16_": 25, "FID_last_a": -1, "FID_as11_n": -1, "FID_as55_5": -1, "FID_as27_2": -1, "FID_as6_ne": -1, "FID_as59_6": -1, "FID_as_4_9": -1, "FID_as21_2": -1, "FID_as14_1": -1, "FID_as72_7": -1, "FID_as94_9": -1, "FID_as62_6": -1, "FID_as41_4": -1, "FID_as48_5": -1, "FID_as29_3": -1, "FID_as34_3": -1, "FID_as36_4": -1, "FID_vam161": 11, "Id": 0, "FID_as71_n": -1, "FID_112": -1, "Id_1": 0, "FID_111": -1, "Id_12": 0, "FID_110": -1, "Id_12_13": 0, "FID_109": -1, "Id_12_13_1": 0, "FID_106": -1, "Id_12_13_2": 0, "FID_105": -1, "Id_12_13_3": 0, "FID_113": -1, "Id_12_13_4": 0, "Shape_Leng": 230905.03005100001, "Shape_Area": 2986890257.1399999 }, "geometry": { "type": "Polygon", "coordinates": [ [ [ 20.73999999952844, 38.539999999602358, 0.0 ], [ 20.199999999783284, 38.539999999602358, 0.0 ], [ 20.229999999569497, 38.674999999594597, 0.0 ], [ 20.25999999935571, 38.809999999628509, 0.0 ], [ 20.899999999286592, 38.929999999721524, 0.0 ], [ 20.73999999952844, 38.539999999602358, 0.0 ] ] ] } },
{ "type": "Feature", "properties": { "FID_vam16_": 26, "FID_last_a": -1, "FID_as11_n": -1, "FID_as55_5": -1, "FID_as27_2": -1, "FID_as6_ne": -1, "FID_as59_6": -1, "FID_as_4_9": -1, "FID_as21_2": -1, "FID_as14_1": -1, "FID_as72_7": -1, "FID_as94_9": -1, "FID_as62_6": -1, "FID_as41_4": -1, "FID_as48_5": -1, "FID_as29_3": -1, "FID_as34_3": -1, "FID_as36_4": -1, "FID_vam161": 13, "Id": 0, "FID_as71_n": -1, "FID_112": -1, "Id_1": 0, "FID_111": -1, "Id_12": 0, "FID_110": -1, "Id_12_13": 0, "FID_109": -1, "Id_12_13_1": 0, "FID_106": -1, "Id_12_13_2": 0, "FID_105": -1, "Id_12_13_3": 0, "FID_113": -1, "Id_12_13_4": 0, "Shape_Leng": 406645.38502400002, "Shape_Area": 8834867140.2999992 }, "geometry": { "type": "Polygon", "coordinates": [ [ [ 20.39999999925638, 37.899999999542487, 0.0 ], [ 20.049999999055558, 37.549999999829403, 0.0 ], [ 19.599999999567338, 37.800000000057537, 0.0 ], [ 19.900000000124461, 38.169999999700401, 0.0 ], [ 20.199999999783284, 38.539999999602358, 0.0 ], [ 20.73999999952844, 38.539999999602358, 0.0 ], [ 20.39999999925638, 37.899999999542487, 0.0 ] ] ] } },
{ "type": "Feature", "properties": { "FID_vam16_": 27, "FID_last_a": -1, "FID_as11_n": -1, "FID_as55_5": -1, "FID_as27_2": -1, "FID_as6_ne": -1, "FID_as59_6": -1, "FID_as_4_9": -1, "FID_as21_2": -1, "FID_as14_1": -1, "FID_as72_7": -1, "FID_as94_9": -1, "FID_as62_6": -1, "FID_as41_4": -1, "FID_as48_5": -1, "FID_as29_3": -1, "FID_as34_3": -1, "FID_as36_4": -1, "FID_vam161": 14, "Id": 0, "FID_as71_n": -1, "FID_112": -1, "Id_1": 0, "FID_111": -1, "Id_12": 0, "FID_110": -1, "Id_12_13": 0, "FID_109": -1, "Id_12_13_1": 0, "FID_106": -1, "Id_12_13_2": 0, "FID_105": -1, "Id_12_13_3": 0, "FID_113": -1, "Id_12_13_4": 0, "Shape_Leng": 284215.01518699998, "Shape_Area": 3879358744.5500002 }, "geometry": { "type": "Polygon", "coordinates": [ [ [ 20.849999999642893, 37.999999999503771, 0.0 ], [ 20.39999999925638, 37.899999999542487, 0.0 ], [ 20.73999999952844, 38.539999999602358, 0.0 ], [ 20.959999999757319, 38.539999999602358, 0.0 ], [ 21.179999999986226, 38.539999999602358, 0.0 ], [ 20.849999999642893, 37.999999999503771, 0.0 ] ] ] } },
{ "type": "Feature", "properties": { "FID_vam16_": 28, "FID_last_a": -1, "FID_as11_n": -1, "FID_as55_5": -1, "FID_as27_2": -1, "FID_as6_ne": -1, "FID_as59_6": -1, "FID_as_4_9": -1, "FID_as21_2": -1, "FID_as14_1": -1, "FID_as72_7": -1, "FID_as94_9": -1, "FID_as62_6": -1, "FID_as41_4": -1, "FID_as48_5": -1, "FID_as29_3": -1, "FID_as34_3": -1, "FID_as36_4": -1, "FID_vam161": 16, "Id": 0, "FID_as71_n": -1, "FID_112": -1, "Id_1": 0, "FID_111": -1, "Id_12": 0, "FID_110": -1, "Id_12_13": 0, "FID_109": -1, "Id_12_13_1": 0, "FID_106": -1, "Id_12_13_2": 0, "FID_105": -1, "Id_12_13_3": 0, "FID_113": -1, "Id_12_13_4": 0, "Shape_Leng": 700723.643882, "Shape_Area": 21790953813.5 }, "geometry": { "type": "Polygon", "coordinates": [ [ [ 20.049999999055558, 37.549999999829403, 0.0 ], [ 20.749999999457167, 37.099999999526581, 0.0 ], [ 21.399999999316776, 36.419999999450752, 0.0 ], [ 21.150000000200016, 35.999999999678266, 0.0 ], [ 21.000000000370587, 35.900000000405484, 0.0 ], [ 19.400000000094245, 37.399999999812145, 0.0 ], [ 19.499999999381647, 37.599999999937729, 0.0 ], [ 19.599999999567338, 37.800000000057537, 0.0 ], [ 20.049999999055558, 37.549999999829403, 0.0 ] ] ] } },
{ "type": "Feature", "properties": { "FID_vam16_": 29, "FID_last_a": -1, "FID_as11_n": -1, "FID_as55_5": -1, "FID_as27_2": -1, "FID_as6_ne": -1, "FID_as59_6": -1, "FID_as_4_9": -1, "FID_as21_2": -1, "FID_as14_1": -1, "FID_as72_7": -1, "FID_as94_9": -1, "FID_as62_6": -1, "FID_as41_4": -1, "FID_as48_5": -1, "FID_as29_3": -1, "FID_as34_3": -1, "FID_as36_4": -1, "FID_vam161": 17, "Id": 0, "FID_as71_n": -1, "FID_112": -1, "Id_1": 0, "FID_111": -1, "Id_12": 0, "FID_110": -1, "Id_12_13": 0, "FID_109": -1, "Id_12_13_1": 0, "FID_106": -1, "Id_12_13_2": 0, "FID_105": -1, "Id_12_13_3": 0, "FID_113": -1, "Id_12_13_4": 0, "Shape_Leng": 396796.52548800001, "Shape_Area": 10338283419.200001 }, "geometry": { "type": "Polygon", "coordinates": [ [ [ 21.219999999701169, 37.629999999890693, 0.0 ], [ 21.379999999459326, 37.499999999453706, 0.0 ], [ 21.119999999515471, 37.319999999960139, 0.0 ], [ 20.749999999457167, 37.099999999526581, 0.0 ], [ 20.049999999055558, 37.549999999829403, 0.0 ], [ 20.39999999925638, 37.899999999542487, 0.0 ], [ 20.849999999642893, 37.999999999503771, 0.0 ], [ 21.034999999672031, 37.815000000168205, 0.0 ], [ 21.219999999701169, 37.629999999890693, 0.0 ] ] ] } },
{ "type": "Feature", "properties": { "FID_vam16_": 30, "FID_last_a": -1, "FID_as11_n": -1, "FID_as55_5": -1, "FID_as27_2": -1, "FID_as6_ne": -1, "FID_as59_6": -1, "FID_as_4_9": -1, "FID_as21_2": -1, "FID_as14_1": -1, "FID_as72_7": -1, "FID_as94_9": -1, "FID_as62_6": -1, "FID_as41_4": -1, "FID_as48_5": -1, "FID_as29_3": -1, "FID_as34_3": -1, "FID_as36_4": -1, "FID_vam161": 18, "Id": 0, "FID_as71_n": -1, "FID_112": -1, "Id_1": 0, "FID_111": -1, "Id_12": 0, "FID_110": -1, "Id_12_13": 0, "FID_109": -1, "Id_12_13_1": 0, "FID_106": -1, "Id_12_13_2": 0, "FID_105": -1, "Id_12_13_3": 0, "FID_113": -1, "Id_12_13_4": 0, "Shape_Leng": 395171.25016900001, "Shape_Area": 8098935946.8699999 }, "geometry": { "type": "Polygon", "coordinates": [ [ [ 21.395206836895731, 37.044784112377656, 0.0 ], [ 21.569454448538352, 37.132720191372499, 0.0 ], [ 21.999999999532722, 36.750000000050811, 0.0 ], [ 21.399999999316776, 36.419999999450752, 0.0 ], [ 20.749999999457167, 37.099999999526581, 0.0 ], [ 21.119999999515471, 37.319999999960139, 0.0 ], [ 21.395206836895731, 37.044784112377656, 0.0 ] ] ] } },
{ "type": "Feature", "properties": { "FID_vam16_": 31, "FID_last_a": -1, "FID_as11_n": -1, "FID_as55_5": -1, "FID_as27_2": -1, "FID_as6_ne": -1, "FID_as59_6": -1, "FID_as_4_9": -1, "FID_as21_2": -1, "FID_as14_1": -1, "FID_as72_7": -1, "FID_as94_9": -1, "FID_as62_6": -1, "FID_as41_4": -1, "FID_as48_5": -1, "FID_as29_3": -1, "FID_as34_3": -1, "FID_as36_4": -1, "FID_vam161": 20, "Id": 0, "FID_as71_n": -1, "FID_112": -1, "Id_1": 0, "FID_111": -1, "Id_12": 0, "FID_110": -1, "Id_12_13": 0, "FID_109": -1, "Id_12_13_1": 0, "FID_106": -1, "Id_12_13_2": 0, "FID_105": -1, "Id_12_13_3": 0, "FID_113": -1, "Id_12_13_4": 0, "Shape_Leng": 702201.26377199998, "Shape_Area": 26676998160.5 }, "geometry": { "type": "Polygon", "coordinates": [ [ [ 22.499999999562938, 35.999999999678266, 0.0 ], [ 23.022749011306672, 35.721200527865918, 0.0 ], [ 23.250000000506539, 35.599999999696266, 0.0 ], [ 22.499999999562938, 34.899999999759793, 0.0 ], [ 21.986926626760074, 35.318206846103656, 0.0 ], [ 21.889297903141642, 35.397693286305966, 0.0 ], [ 21.150000000200016, 35.999999999678266, 0.0 ], [ 21.275066885619513, 36.21011236798158, 0.0 ], [ 21.399999999316776, 36.419999999450752, 0.0 ], [ 21.68798425231282, 36.578391338904019, 0.0 ], [ 21.999999999532722, 36.750000000050811, 0.0 ], [ 22.499999999562938, 35.999999999678266, 0.0 ] ] ] } },
{ "type": "Feature", "properties": { "FID_vam16_": 32, "FID_last_a": -1, "FID_as11_n": -1, "FID_as55_5": -1, "FID_as27_2": -1, "FID_as6_ne": -1, "FID_as59_6": -1, "FID_as_4_9": -1, "FID_as21_2": -1, "FID_as14_1": -1, "FID_as72_7": -1, "FID_as94_9": -1, "FID_as62_6": -1, "FID_as41_4": -1, "FID_as48_5": -1, "FID_as29_3": -1, "FID_as34_3": -1, "FID_as36_4": -1, "FID_vam161": 21, "Id": 0, "FID_as71_n": -1, "FID_112": -1, "Id_1": 0, "FID_111": -1, "Id_12": 0, "FID_110": -1, "Id_12_13": 0, "FID_109": -1, "Id_12_13_1": 0, "FID_106": -1, "Id_12_13_2": 0, "FID_105": -1, "Id_12_13_3": 0, "FID_113": -1, "Id_12_13_4": 0, "Shape_Leng": 753049.87325099995, "Shape_Area": 31124862184.5 }, "geometry": { "type": "Polygon", "coordinates": [ [ [ 23.849999999824156, 35.14999999979721, 0.0 ], [ 24.074999999568263, 35.010000000201167, 0.0 ], [ 24.30000000021067, 34.869999999901687, 0.0 ], [ 24.624999999242181, 34.65999999991616, 0.0 ], [ 24.949999999171983, 34.449999999687542, 0.0 ], [ 24.249999999668674, 33.699999999856097, 0.0 ], [ 22.499999999562938, 34.899999999759793, 0.0 ], [ 23.250000000506539, 35.599999999696266, 0.0 ], [ 23.331600119544738, 35.538799910558133, 0.0 ], [ 23.412797407958358, 35.477901944402944, 0.0 ], [ 23.52292031287503, 35.395309765256343, 0.0 ], [ 23.849999999824156, 35.14999999979721, 0.0 ] ] ] } },
{ "type": "Feature", "properties": { "FID_vam16_": 33, "FID_last_a": -1, "FID_as11_n": -1, "FID_as55_5": -1, "FID_as27_2": -1, "FID_as6_ne": -1, "FID_as59_6": -1, "FID_as_4_9": -1, "FID_as21_2": -1, "FID_as14_1": -1, "FID_as72_7": -1, "FID_as94_9": -1, "FID_as62_6": -1, "FID_as41_4": -1, "FID_as48_5": -1, "FID_as29_3": -1, "FID_as34_3": -1, "FID_as36_4": -1, "FID_vam161": 23, "Id": 0, "FID_as71_n": -1, "FID_112": -1, "Id_1": 0, "FID_111": -1, "Id_12": 0, "FID_110": -1, "Id_12_13": 0, "FID_109": -1, "Id_12_13_1": 0, "FID_106": -1, "Id_12_13_2": 0, "FID_105": -1, "Id_12_13_3": 0, "FID_113": -1, "Id_12_13_4": 0, "Shape_Leng": 650478.17673299997, "Shape_Area": 19521165680.200001 }, "geometry": { "type": "Polygon", "coordinates": [ [ [ 26.050000000316409, 34.399999999699062, 0.0 ], [ 26.749999999819721, 33.699999999856097, 0.0 ], [ 25.499999999744194, 33.699999999856097, 0.0 ], [ 24.249999999668674, 33.699999999856097, 0.0 ], [ 24.949999999171983, 34.449999999687542, 0.0 ], [ 25.499999999744194, 34.425000000171195, 0.0 ], [ 26.050000000316409, 34.399999999699062, 0.0 ] ] ] } },
{ "type": "Feature", "properties": { "FID_vam16_": 34, "FID_last_a": -1, "FID_as11_n": -1, "FID_as55_5": -1, "FID_as27_2": -1, "FID_as6_ne": -1, "FID_as59_6": -1, "FID_as_4_9": -1, "FID_as21_2": -1, "FID_as14_1": -1, "FID_as72_7": -1, "FID_as94_9": -1, "FID_as62_6": -1, "FID_as41_4": -1, "FID_as48_5": -1, "FID_as29_3": -1, "FID_as34_3": -1, "FID_as36_4": -1, "FID_vam161": 24, "Id": 0, "FID_as71_n": -1, "FID_112": -1, "Id_1": 0, "FID_111": -1, "Id_12": 0, "FID_110": -1, "Id_12_13": 0, "FID_109": -1, "Id_12_13_1": 0, "FID_106": -1, "Id_12_13_2": 0, "FID_105": -1, "Id_12_13_3": 0, "FID_113": -1, "Id_12_13_4": 0, "Shape_Leng": 632648.73440700001, "Shape_Area": 20875855684.299999 }, "geometry": { "type": "Polygon", "coordinates": [ [ [ 27.899999999709543, 34.749999999788237, 0.0 ], [ 26.749999999819721, 33.699999999856097, 0.0 ], [ 26.050000000316409, 34.399999999699062, 0.0 ], [ 26.474999999533615, 34.649999999955774, 0.0 ], [ 26.899999999649115, 34.899999999759793, 0.0 ], [ 27.300000000391961, 35.450000000124192, 0.0 ], [ 27.899999999709543, 34.749999999788237, 0.0 ] ] ] } },
{ "type": "Feature", "properties": { "FID_vam16_": 35, "FID_last_a": -1, "FID_as11_n": -1, "FID_as55_5": -1, "FID_as27_2": -1, "FID_as6_ne": -1, "FID_as59_6": -1, "FID_as_4_9": -1, "FID_as21_2": -1, "FID_as14_1": -1, "FID_as72_7": -1, "FID_as94_9": -1, "FID_as62_6": -1, "FID_as41_4": -1, "FID_as48_5": -1, "FID_as29_3": -1, "FID_as34_3": -1, "FID_as36_4": -1, "FID_vam161": 26, "Id": 0, "FID_as71_n": -1, "FID_112": -1, "Id_1": 0, "FID_111": -1, "Id_12": 0, "FID_110": -1, "Id_12_13": 0, "FID_109": -1, "Id_12_13_1": 0, "FID_106": -1, "Id_12_13_2": 0, "FID_105": -1, "Id_12_13_3": 0, "FID_113": -1, "Id_12_13_4": 0, "Shape_Leng": 684566.90204800002, "Shape_Area": 21450749716.0 }, "geometry": { "type": "Polygon", "coordinates": [ [ [ 28.949999999413677, 36.599999999677095, 0.0 ], [ 28.649999999754886, 36.050000000259068, 0.0 ], [ 27.899999999709543, 34.749999999788237, 0.0 ], [ 27.300000000391961, 35.450000000124192, 0.0 ], [ 27.649999999694455, 35.749999999329958, 0.0 ], [ 27.649999999694455, 36.249999999295795, 0.0 ], [ 28.749999999940581, 36.699999999551721, 0.0 ], [ 28.949999999413677, 36.599999999677095, 0.0 ] ] ] } },
{ "type": "Feature", "properties": { "FID_vam16_": 36, "FID_last_a": -1, "FID_as11_n": -1, "FID_as55_5": -1, "FID_as27_2": -1, "FID_as6_ne": -1, "FID_as59_6": -1, "FID_as_4_9": -1, "FID_as21_2": -1, "FID_as14_1": -1, "FID_as72_7": -1, "FID_as94_9": -1, "FID_as62_6": -1, "FID_as41_4": -1, "FID_as48_5": -1, "FID_as29_3": -1, "FID_as34_3": -1, "FID_as36_4": -1, "FID_vam161": 27, "Id": 0, "FID_as71_n": -1, "FID_112": -1, "Id_1": 0, "FID_111": -1, "Id_12": 0, "FID_110": -1, "Id_12_13": 0, "FID_109": -1, "Id_12_13_1": 0, "FID_106": -1, "Id_12_13_2": 0, "FID_105": -1, "Id_12_13_3": 0, "FID_113": -1, "Id_12_13_4": 0, "Shape_Leng": 666660.47022500006, "Shape_Area": 22601122753.700001 }, "geometry": { "type": "Polygon", "coordinates": [ [ [ 29.499999999985889, 36.399999999480244, 0.0 ], [ 31.000000000076536, 36.099999999750032, 0.0 ], [ 30.50000000004632, 35.349999999967714, 0.0 ], [ 30.000000000016104, 35.500000000008235, 0.0 ], [ 28.649999999754886, 36.050000000259068, 0.0 ], [ 28.949999999413677, 36.599999999677095, 0.0 ], [ 29.499999999985889, 36.399999999480244, 0.0 ] ] ] } },
{ "type": "Feature", "properties": { "FID_vam16_": 37, "FID_last_a": -1, "FID_as11_n": -1, "FID_as55_5": -1, "FID_as27_2": -1, "FID_as6_ne": -1, "FID_as59_6": -1, "FID_as_4_9": -1, "FID_as21_2": -1, "FID_as14_1": -1, "FID_as72_7": -1, "FID_as94_9": -1, "FID_as62_6": -1, "FID_as41_4": -1, "FID_as48_5": -1, "FID_as29_3": -1, "FID_as34_3": -1, "FID_as36_4": -1, "FID_vam161": 32, "Id": 0, "FID_as71_n": -1, "FID_112": -1, "Id_1": 0, "FID_111": -1, "Id_12": 0, "FID_110": -1, "Id_12_13": 0, "FID_109": -1, "Id_12_13_1": 0, "FID_106": -1, "Id_12_13_2": 0, "FID_105": -1, "Id_12_13_3": 0, "FID_113": -1, "Id_12_13_4": 0, "Shape_Leng": 598795.01433899999, "Shape_Area": 17612438426.099998 }, "geometry": { "type": "Polygon", "coordinates": [ [ [ 23.599999999809064, 41.500000000085052, 0.0 ], [ 21.849999999703293, 41.449999999772565, 0.0 ], [ 21.599999999688201, 41.799999999732449, 0.0 ], [ 22.050000000074718, 41.900000000115114, 0.0 ], [ 22.499999999562938, 41.999999999667651, 0.0 ], [ 23.050000000135149, 42.124999999833555, 0.0 ], [ 23.599999999809064, 42.249999999955087, 0.0 ], [ 23.599999999809064, 41.500000000085052, 0.0 ] ] ] } },
{ "type": "Feature", "properties": { "FID_vam16_": 38, "FID_last_a": -1, "FID_as11_n": -1, "FID_as55_5": -1, "FID_as27_2": -1, "FID_as6_ne": -1, "FID_as59_6": -1, "FID_as_4_9": -1, "FID_as21_2": -1, "FID_as14_1": -1, "FID_as72_7": -1, "FID_as94_9": -1, "FID_as62_6": -1, "FID_as41_4": -1, "FID_as48_5": -1, "FID_as29_3": -1, "FID_as34_3": -1, "FID_as36_4": -1, "FID_vam161": 33, "Id": 0, "FID_as71_n": -1, "FID_112": -1, "Id_1": 0, "FID_111": -1, "Id_12": 0, "FID_110": -1, "Id_12_13": 0, "FID_109": -1, "Id_12_13_1": 0, "FID_106": -1, "Id_12_13_2": 0, "FID_105": -1, "Id_12_13_3": 0, "FID_113": -1, "Id_12_13_4": 0, "Shape_Leng": 456397.850898, "Shape_Area": 7566650382.8699999 }, "geometry": { "type": "Polygon", "coordinates": [ [ [ 23.599999999809064, 41.300000000247337, 0.0 ], [ 22.599999999748633, 41.179999999632578, 0.0 ], [ 21.999999999532722, 41.120000000299008, 0.0 ], [ 21.849999999703293, 41.449999999772565, 0.0 ], [ 23.599999999809064, 41.500000000085052, 0.0 ], [ 23.599999999809064, 41.300000000247337, 0.0 ] ] ] } },
{ "type": "Feature", "properties": { "FID_vam16_": 39, "FID_last_a": -1, "FID_as11_n": -1, "FID_as55_5": -1, "FID_as27_2": -1, "FID_as6_ne": -1, "FID_as59_6": -1, "FID_as_4_9": -1, "FID_as21_2": -1, "FID_as14_1": -1, "FID_as72_7": -1, "FID_as94_9": -1, "FID_as62_6": -1, "FID_as41_4": -1, "FID_as48_5": -1, "FID_as29_3": -1, "FID_as34_3": -1, "FID_as36_4": -1, "FID_vam161": 34, "Id": 0, "FID_as71_n": -1, "FID_112": -1, "Id_1": 0, "FID_111": -1, "Id_12": 0, "FID_110": -1, "Id_12_13": 0, "FID_109": -1, "Id_12_13_1": 0, "FID_106": -1, "Id_12_13_2": 0, "FID_105": -1, "Id_12_13_3": 0, "FID_113": -1, "Id_12_13_4": 0, "Shape_Leng": 451092.796928, "Shape_Area": 12100837625.299999 }, "geometry": { "type": "Polygon", "coordinates": [ [ [ 24.47999999982628, 41.750000000257273, 0.0 ], [ 24.47999999982628, 41.599999999555955, 0.0 ], [ 23.599999999809064, 41.500000000085052, 0.0 ], [ 23.599999999809064, 42.249999999955087, 0.0 ], [ 24.47999999982628, 42.499999999861302, 0.0 ], [ 24.47999999982628, 42.424999999841752, 0.0 ], [ 24.47999999982628, 42.350000000131715, 0.0 ], [ 24.47999999982628, 42.050000000015295, 0.0 ], [ 24.47999999982628, 41.750000000257273, 0.0 ] ] ] } },
{ "type": "Feature", "properties": { "FID_vam16_": 40, "FID_last_a": -1, "FID_as11_n": -1, "FID_as55_5": -1, "FID_as27_2": -1, "FID_as6_ne": -1, "FID_as59_6": -1, "FID_as_4_9": -1, "FID_as21_2": -1, "FID_as14_1": -1, "FID_as72_7": -1, "FID_as94_9": -1, "FID_as62_6": -1, "FID_as41_4": -1, "FID_as48_5": -1, "FID_as29_3": -1, "FID_as34_3": -1, "FID_as36_4": -1, "FID_vam161": 38, "Id": 0, "FID_as71_n": -1, "FID_112": -1, "Id_1": 0, "FID_111": -1, "Id_12": 0, "FID_110": -1, "Id_12_13": 0, "FID_109": -1, "Id_12_13_1": 0, "FID_106": -1, "Id_12_13_2": 0, "FID_105": -1, "Id_12_13_3": 0, "FID_113": -1, "Id_12_13_4": 0, "Shape_Leng": 534003.14172099996, "Shape_Area": 13256283572.200001 }, "geometry": { "type": "Polygon", "coordinates": [ [ [ 22.649999999392332, 40.85000000057385, 0.0 ], [ 22.099999999718417, 40.649999999701855, 0.0 ], [ 21.000000000370587, 40.149999999899499, 0.0 ], [ 21.05000000001429, 40.749999999528761, 0.0 ], [ 21.274999999758396, 40.84999999989433, 0.0 ], [ 21.500000000400803, 40.94999999979386, 0.0 ], [ 21.749999999517598, 41.034999999662126, 0.0 ], [ 21.999999999532722, 41.120000000299008, 0.0 ], [ 22.599999999748633, 41.179999999632578, 0.0 ], [ 22.649999999392332, 40.85000000057385, 0.0 ] ] ] } },
{ "type": "Feature", "properties": { "FID_vam16_": 41, "FID_last_a": -1, "FID_as11_n": -1, "FID_as55_5": -1, "FID_as27_2": -1, "FID_as6_ne": -1, "FID_as59_6": -1, "FID_as_4_9": -1, "FID_as21_2": -1, "FID_as14_1": -1, "FID_as72_7": -1, "FID_as94_9": -1, "FID_as62_6": -1, "FID_as41_4": -1, "FID_as48_5": -1, "FID_as29_3": -1, "FID_as34_3": -1, "FID_as36_4": -1, "FID_vam161": 39, "Id": 0, "FID_as71_n": -1, "FID_112": -1, "Id_1": 0, "FID_111": -1, "Id_12": 0, "FID_110": -1, "Id_12_13": 0, "FID_109": -1, "Id_12_13_1": 0, "FID_106": -1, "Id_12_13_2": 0, "FID_105": -1, "Id_12_13_3": 0, "FID_113": -1, "Id_12_13_4": 0, "Shape_Leng": 326830.71782399999, "Shape_Area": 5883784471.6099997 }, "geometry": { "type": "Polygon", "coordinates": [ [ [ 23.599999999809064, 40.90000000021957, 0.0 ], [ 22.649999999392332, 40.85000000057385, 0.0 ], [ 22.599999999748633, 41.179999999632578, 0.0 ], [ 23.599999999809064, 41.300000000247337, 0.0 ], [ 23.599999999809064, 40.90000000021957, 0.0 ] ] ] } },
{ "type": "Feature", "properties": { "FID_vam16_": 42, "FID_last_a": -1, "FID_as11_n": -1, "FID_as55_5": -1, "FID_as27_2": -1, "FID_as6_ne": -1, "FID_as59_6": -1, "FID_as_4_9": -1, "FID_as21_2": -1, "FID_as14_1": -1, "FID_as72_7": -1, "FID_as94_9": -1, "FID_as62_6": -1, "FID_as41_4": -1, "FID_as48_5": -1, "FID_as29_3": -1, "FID_as34_3": -1, "FID_as36_4": -1, "FID_vam161": 40, "Id": 0, "FID_as71_n": -1, "FID_112": -1, "Id_1": 0, "FID_111": -1, "Id_12": 0, "FID_110": -1, "Id_12_13": 0, "FID_109": -1, "Id_12_13_1": 0, "FID_106": -1, "Id_12_13_2": 0, "FID_105": -1, "Id_12_13_3": 0, "FID_113": -1, "Id_12_13_4": 0, "Shape_Leng": 429631.97257099999, "Shape_Area": 10906136262.200001 }, "geometry": { "type": "Polygon", "coordinates": [ [ [ 24.899999999528287, 41.399999999827401, 0.0 ], [ 24.899999999528287, 41.275000000071415, 0.0 ], [ 24.899999999528287, 41.14999999951953, 0.0 ], [ 23.599999999809064, 40.90000000021957, 0.0 ], [ 23.599999999809064, 41.300000000247337, 0.0 ], [ 23.599999999809064, 41.500000000085052, 0.0 ], [ 24.47999999982628, 41.599999999555955, 0.0 ], [ 24.689999999228135, 41.500000000085052, 0.0 ], [ 24.899999999528287, 41.399999999827401, 0.0 ] ] ] } },
{ "type": "Feature", "properties": { "FID_vam16_": 43, "FID_last_a": -1, "FID_as11_n": -1, "FID_as55_5": -1, "FID_as27_2": -1, "FID_as6_ne": -1, "FID_as59_6": -1, "FID_as_4_9": -1, "FID_as21_2": -1, "FID_as14_1": -1, "FID_as72_7": -1, "FID_as94_9": -1, "FID_as62_6": -1, "FID_as41_4": -1, "FID_as48_5": -1, "FID_as29_3": -1, "FID_as34_3": -1, "FID_as36_4": -1, "FID_vam161": 41, "Id": 0, "FID_as71_n": -1, "FID_112": -1, "Id_1": 0, "FID_111": -1, "Id_12": 0, "FID_110": -1, "Id_12_13": 0, "FID_109": -1, "Id_12_13_1": 0, "FID_106": -1, "Id_12_13_2": 0, "FID_105": -1, "Id_12_13_3": 0, "FID_113": -1, "Id_12_13_4": 0, "Shape_Leng": 427895.86526499997, "Shape_Area": 9405377522.6399994 }, "geometry": { "type": "Polygon", "coordinates": [ [ [ 22.400000000275536, 40.35000000048025, 0.0 ], [ 21.249999999487382, 39.69999999970436, 0.0 ], [ 21.000000000370587, 40.149999999899499, 0.0 ], [ 22.099999999718417, 40.649999999701855, 0.0 ], [ 22.400000000275536, 40.35000000048025, 0.0 ] ] ] } },
{ "type": "Feature", "properties": { "FID_vam16_": 44, "FID_last_a": -1, "FID_as11_n": -1, "FID_as55_5": -1, "FID_as27_2": -1, "FID_as6_ne": -1, "FID_as59_6": -1, "FID_as_4_9": -1, "FID_as21_2": -1, "FID_as14_1": -1, "FID_as72_7": -1, "FID_as94_9": -1, "FID_as62_6": -1, "FID_as41_4": -1, "FID_as48_5": -1, "FID_as29_3": -1, "FID_as34_3": -1, "FID_as36_4": -1, "FID_vam161": 43, "Id": 0, "FID_as71_n": -1, "FID_112": -1, "Id_1": 0, "FID_111": -1, "Id_12": 0, "FID_110": -1, "Id_12_13": 0, "FID_109": -1, "Id_12_13_1": 0, "FID_106": -1, "Id_12_13_2": 0, "FID_105": -1, "Id_12_13_3": 0, "FID_113": -1, "Id_12_13_4": 0, "Shape_Leng": 283492.01713499997, "Shape_Area": 4230889864.5799999 }, "geometry": { "type": "Polygon", "coordinates": [ [ [ 23.699999999994759, 40.649999999701855, 0.0 ], [ 23.300000000150241, 40.549999999810503, 0.0 ], [ 23.149999999422548, 40.549999999810503, 0.0 ], [ 22.999999999593118, 40.549999999810503, 0.0 ], [ 22.649999999392332, 40.85000000057385, 0.0 ], [ 23.599999999809064, 40.90000000021957, 0.0 ], [ 23.699999999994759, 40.649999999701855, 0.0 ] ] ] } },
{ "type": "Feature", "properties": { "FID_vam16_": 45, "FID_last_a": -1, "FID_as11_n": -1, "FID_as55_5": -1, "FID_as27_2": -1, "FID_as6_ne": -1, "FID_as59_6": -1, "FID_as_4_9": -1, "FID_as21_2": -1, "FID_as14_1": -1, "FID_as72_7": -1, "FID_as94_9": -1, "FID_as62_6": -1, "FID_as41_4": -1, "FID_as48_5": -1, "FID_as29_3": -1, "FID_as34_3": -1, "FID_as36_4": -1, "FID_vam161": 44, "Id": 0, "FID_as71_n": -1, "FID_112": -1, "Id_1": 0, "FID_111": -1, "Id_12": 0, "FID_110": -1, "Id_12_13": 0, "FID_109": -1, "Id_12_13_1": 0, "FID_106": -1, "Id_12_13_2": 0, "FID_105": -1, "Id_12_13_3": 0, "FID_113": -1, "Id_12_13_4": 0, "Shape_Leng": 341439.389119, "Shape_Area": 6125688219.21 }, "geometry": { "type": "Polygon", "coordinates": [ [ [ 24.549999999327465, 40.500000000093628, 0.0 ], [ 24.449999999141767, 40.249999999586692, 0.0 ], [ 23.800000000180454, 40.249999999586692, 0.0 ], [ 23.499999999623334, 40.320000000092698, 0.0 ], [ 23.300000000150241, 40.35000000048025, 0.0 ], [ 23.300000000150241, 40.449999999718393, 0.0 ], [ 23.300000000150241, 40.549999999810503, 0.0 ], [ 23.699999999994759, 40.649999999701855, 0.0 ], [ 24.549999999327465, 40.500000000093628, 0.0 ] ] ] } },
{ "type": "Feature", "properties": { "FID_vam16_": 46, "FID_last_a": -1, "FID_as11_n": -1, "FID_as55_5": -1, "FID_as27_2": -1, "FID_as6_ne": -1, "FID_as59_6": -1, "FID_as_4_9": -1, "FID_as21_2": -1, "FID_as14_1": -1, "FID_as72_7": -1, "FID_as94_9": -1, "FID_as62_6": -1, "FID_as41_4": -1, "FID_as48_5": -1, "FID_as29_3": -1, "FID_as34_3": -1, "FID_as36_4": -1, "FID_vam161": 46, "Id": 0, "FID_as71_n": -1, "FID_112": -1, "Id_1": 0, "FID_111": -1, "Id_12": 0, "FID_110": -1, "Id_12_13": 0, "FID_109": -1, "Id_12_13_1": 0, "FID_106": -1, "Id_12_13_2": 0, "FID_105": -1, "Id_12_13_3": 0, "FID_113": -1, "Id_12_13_4": 0, "Shape_Leng": 420150.47673200001, "Shape_Area": 8641781392.6000004 }, "geometry": { "type": "Polygon", "coordinates": [ [ [ 24.449999999141767, 40.249999999586692, 0.0 ], [ 24.650000000411492, 40.249999999586692, 0.0 ], [ 23.979999999796064, 39.820000000026077, 0.0 ], [ 23.599999999809064, 39.650000000167438, 0.0 ], [ 23.099999999778849, 39.849999999515333, 0.0 ], [ 23.299999999251945, 40.084999999825378, 0.0 ], [ 23.499999999623334, 40.320000000092698, 0.0 ], [ 23.800000000180454, 40.249999999586692, 0.0 ], [ 24.449999999141767, 40.249999999586692, 0.0 ] ] ] } },
{ "type": "Feature", "properties": { "FID_vam16_": 47, "FID_last_a": -1, "FID_as11_n": -1, "FID_as55_5": -1, "FID_as27_2": -1, "FID_as6_ne": -1, "FID_as59_6": -1, "FID_as_4_9": -1, "FID_as21_2": -1, "FID_as14_1": -1, "FID_as72_7": -1, "FID_as94_9": -1, "FID_as62_6": -1, "FID_as41_4": -1, "FID_as48_5": -1, "FID_as29_3": -1, "FID_as34_3": -1, "FID_as36_4": -1, "FID_vam161": 47, "Id": 0, "FID_as71_n": -1, "FID_112": -1, "Id_1": 0, "FID_111": -1, "Id_12": 0, "FID_110": -1, "Id_12_13": 0, "FID_109": -1, "Id_12_13_1": 0, "FID_106": -1, "Id_12_13_2": 0, "FID_105": -1, "Id_12_13_3": 0, "FID_113": -1, "Id_12_13_4": 0, "Shape_Leng": 330905.31260200002, "Shape_Area": 6246641766.6999998 }, "geometry": { "type": "Polygon", "coordinates": [ [ [ 23.599999999809064, 39.650000000167438, 0.0 ], [ 23.800000000180454, 39.099999999877362, 0.0 ], [ 23.34999999979394, 39.119999999676878, 0.0 ], [ 22.849999999763725, 39.69999999970436, 0.0 ], [ 22.974999999322137, 39.775000000133396, 0.0 ], [ 23.099999999778849, 39.849999999515333, 0.0 ], [ 23.599999999809064, 39.650000000167438, 0.0 ] ] ] } },
{ "type": "Feature", "properties": { "FID_vam16_": 48, "FID_last_a": -1, "FID_as11_n": -1, "FID_as55_5": -1, "FID_as27_2": -1, "FID_as6_ne": -1, "FID_as59_6": -1, "FID_as_4_9": -1, "FID_as21_2": -1, "FID_as14_1": -1, "FID_as72_7": -1, "FID_as94_9": -1, "FID_as62_6": -1, "FID_as41_4": -1, "FID_as48_5": -1, "FID_as29_3": -1, "FID_as34_3": -1, "FID_as36_4": -1, "FID_vam161": 48, "Id": 0, "FID_as71_n": -1, "FID_112": -1, "Id_1": 0, "FID_111": -1, "Id_12": 0, "FID_110": -1, "Id_12_13": 0, "FID_109": -1, "Id_12_13_1": 0, "FID_106": -1, "Id_12_13_2": 0, "FID_105": -1, "Id_12_13_3": 0, "FID_113": -1, "Id_12_13_4": 0, "Shape_Leng": 391134.60264499998, "Shape_Area": 8391829456.6700001 }, "geometry": { "type": "Polygon", "coordinates": [ [ [ 24.899999999528287, 40.94999999979386, 0.0 ], [ 24.549999999327465, 40.500000000093628, 0.0 ], [ 23.699999999994759, 40.649999999701855, 0.0 ], [ 23.599999999809064, 40.90000000021957, 0.0 ], [ 24.899999999528287, 41.14999999951953, 0.0 ], [ 24.899999999528287, 41.049999999977686, 0.0 ], [ 24.899999999528287, 40.94999999979386, 0.0 ] ] ] } },
{ "type": "Feature", "properties": { "FID_vam16_": 49, "FID_last_a": -1, "FID_as11_n": -1, "FID_as55_5": -1, "FID_as27_2": -1, "FID_as6_ne": -1, "FID_as59_6": -1, "FID_as_4_9": -1, "FID_as21_2": -1, "FID_as14_1": -1, "FID_as72_7": -1, "FID_as94_9": -1, "FID_as62_6": -1, "FID_as41_4": -1, "FID_as48_5": -1, "FID_as29_3": -1, "FID_as34_3": -1, "FID_as36_4": -1, "FID_vam161": 52, "Id": 0, "FID_as71_n": -1, "FID_112": -1, "Id_1": 0, "FID_111": -1, "Id_12": 0, "FID_110": -1, "Id_12_13": 0, "FID_109": -1, "Id_12_13_1": 0, "FID_106": -1, "Id_12_13_2": 0, "FID_105": -1, "Id_12_13_3": 0, "FID_113": -1, "Id_12_13_4": 0, "Shape_Leng": 541074.38957300002, "Shape_Area": 17744977377.0 }, "geometry": { "type": "Polygon", "coordinates": [ [ [ 27.450000000221358, 41.049999999977686, 0.0 ], [ 26.099999999960108, 40.620000000341918, 0.0 ], [ 25.749999999759286, 40.90000000021957, 0.0 ], [ 25.874999999317701, 41.190000000106458, 0.0 ], [ 25.99999999977441, 41.480000000339622, 0.0 ], [ 26.374999999347917, 41.489999999853978, 0.0 ], [ 26.749999999819721, 41.500000000085052, 0.0 ], [ 27.450000000221358, 41.520000000244202, 0.0 ], [ 27.450000000221358, 41.049999999977686, 0.0 ] ] ] } },
{ "type": "Feature", "properties": { "FID_vam16_": 50, "FID_last_a": -1, "FID_as11_n": -1, "FID_as55_5": -1, "FID_as27_2": -1, "FID_as6_ne": -1, "FID_as59_6": -1, "FID_as_4_9": -1, "FID_as21_2": -1, "FID_as14_1": -1, "FID_as72_7": -1, "FID_as94_9": -1, "FID_as62_6": -1, "FID_as41_4": -1, "FID_as48_5": -1, "FID_as29_3": -1, "FID_as34_3": -1, "FID_as36_4": -1, "FID_vam161": 53, "Id": 0, "FID_as71_n": -1, "FID_112": -1, "Id_1": 0, "FID_111": -1, "Id_12": 0, "FID_110": -1, "Id_12_13": 0, "FID_109": -1, "Id_12_13_1": 0, "FID_106": -1, "Id_12_13_2": 0, "FID_105": -1, "Id_12_13_3": 0, "FID_113": -1, "Id_12_13_4": 0, "Shape_Leng": 933529.46654000005, "Shape_Area": 27266173284.299999 }, "geometry": { "type": "Polygon", "coordinates": [ [ [ 31.049999999720235, 41.099999999847121, 0.0 ], [ 29.499999999087592, 41.049999999977686, 0.0 ], [ 27.450000000221358, 41.049999999977686, 0.0 ], [ 27.450000000221358, 41.520000000244202, 0.0 ], [ 31.049999999720235, 41.520000000244202, 0.0 ], [ 31.049999999720235, 41.099999999847121, 0.0 ] ] ] } },
{ "type": "Feature", "properties": { "FID_vam16_": 51, "FID_last_a": -1, "FID_as11_n": -1, "FID_as55_5": -1, "FID_as27_2": -1, "FID_as6_ne": -1, "FID_as59_6": -1, "FID_as_4_9": -1, "FID_as21_2": -1, "FID_as14_1": -1, "FID_as72_7": -1, "FID_as94_9": -1, "FID_as62_6": -1, "FID_as41_4": -1, "FID_as48_5": -1, "FID_as29_3": -1, "FID_as34_3": -1, "FID_as36_4": -1, "FID_vam161": 54, "Id": 0, "FID_as71_n": -1, "FID_112": -1, "Id_1": 0, "FID_111": -1, "Id_12": 0, "FID_110": -1, "Id_12_13": 0, "FID_109": -1, "Id_12_13_1": 0, "FID_106": -1, "Id_12_13_2": 0, "FID_105": -1, "Id_12_13_3": 0, "FID_113": -1, "Id_12_13_4": 0, "Shape_Leng": 494888.62946800003, "Shape_Area": 14937954788.0 }, "geometry": { "type": "Polygon", "coordinates": [ [ [ 22.849999999763725, 39.69999999970436, 0.0 ], [ 22.099999999718417, 39.349999999762836, 0.0 ], [ 21.500000000400803, 39.299999999521305, 0.0 ], [ 21.249999999487382, 39.69999999970436, 0.0 ], [ 22.400000000275536, 40.35000000048025, 0.0 ], [ 22.666336718928513, 39.965291406239508, 0.0 ], [ 22.849999999763725, 39.69999999970436, 0.0 ] ] ] } },
{ "type": "Feature", "properties": { "FID_vam16_": 52, "FID_last_a": -1, "FID_as11_n": -1, "FID_as55_5": -1, "FID_as27_2": -1, "FID_as6_ne": -1, "FID_as59_6": -1, "FID_as_4_9": -1, "FID_as21_2": -1, "FID_as14_1": -1, "FID_as72_7": -1, "FID_as94_9": -1, "FID_as62_6": -1, "FID_as41_4": -1, "FID_as48_5": -1, "FID_as29_3": -1, "FID_as34_3": -1, "FID_as36_4": -1, "FID_vam161": 55, "Id": 0, "FID_as71_n": -1, "FID_112": -1, "Id_1": 0, "FID_111": -1, "Id_12": 0, "FID_110": -1, "Id_12_13": 0, "FID_109": -1, "Id_12_13_1": 0, "FID_106": -1, "Id_12_13_2": 0, "FID_105": -1, "Id_12_13_3": 0, "FID_113": -1, "Id_12_13_4": 0, "Shape_Leng": 527260.02728299994, "Shape_Area": 13334926896.9 }, "geometry": { "type": "Polygon", "coordinates": [ [ [ 23.34999999979394, 39.119999999676878, 0.0 ], [ 22.999999999593118, 38.949999999246948, 0.0 ], [ 22.279999999334024, 38.970000000303507, 0.0 ], [ 21.800000000059629, 38.980000000347161, 0.0 ], [ 21.449999999858807, 39.000000000138861, 0.0 ], [ 21.500000000400803, 39.299999999521305, 0.0 ], [ 22.099999999718417, 39.349999999762836, 0.0 ], [ 22.849999999763725, 39.69999999970436, 0.0 ], [ 23.34999999979394, 39.119999999676878, 0.0 ] ] ] } },
{ "type": "Feature", "properties": { "FID_vam16_": 53, "FID_last_a": -1, "FID_as11_n": -1, "FID_as55_5": -1, "FID_as27_2": -1, "FID_as6_ne": -1, "FID_as59_6": -1, "FID_as_4_9": -1, "FID_as21_2": -1, "FID_as14_1": -1, "FID_as72_7": -1, "FID_as94_9": -1, "FID_as62_6": -1, "FID_as41_4": -1, "FID_as48_5": -1, "FID_as29_3": -1, "FID_as34_3": -1, "FID_as36_4": -1, "FID_vam161": 58, "Id": 0, "FID_as71_n": -1, "FID_112": -1, "Id_1": 0, "FID_111": -1, "Id_12": 0, "FID_110": -1, "Id_12_13": 0, "FID_109": -1, "Id_12_13_1": 0, "FID_106": -1, "Id_12_13_2": 0, "FID_105": -1, "Id_12_13_3": 0, "FID_113": -1, "Id_12_13_4": 0, "Shape_Leng": 350693.651824, "Shape_Area": 6547543430.1700001 }, "geometry": { "type": "Polygon", "coordinates": [ [ [ 22.999999999593118, 38.949999999246948, 0.0 ], [ 23.34999999979394, 38.779999999935612, 0.0 ], [ 23.499999999623334, 38.449999999700935, 0.0 ], [ 23.099999999778849, 38.439999999535935, 0.0 ], [ 22.819999999977508, 38.420000000194818, 0.0 ], [ 22.279999999334024, 38.970000000303507, 0.0 ], [ 22.999999999593118, 38.949999999246948, 0.0 ] ] ] } },
{ "type": "Feature", "properties": { "FID_vam16_": 54, "FID_last_a": -1, "FID_as11_n": -1, "FID_as55_5": -1, "FID_as27_2": -1, "FID_as6_ne": -1, "FID_as59_6": -1, "FID_as_4_9": -1, "FID_as21_2": -1, "FID_as14_1": -1, "FID_as72_7": -1, "FID_as94_9": -1, "FID_as62_6": -1, "FID_as41_4": -1, "FID_as48_5": -1, "FID_as29_3": -1, "FID_as34_3": -1, "FID_as36_4": -1, "FID_vam161": 59, "Id": 0, "FID_as71_n": -1, "FID_112": -1, "Id_1": 0, "FID_111": -1, "Id_12": 0, "FID_110": -1, "Id_12_13": 0, "FID_109": -1, "Id_12_13_1": 0, "FID_106": -1, "Id_12_13_2": 0, "FID_105": -1, "Id_12_13_3": 0, "FID_113": -1, "Id_12_13_4": 0, "Shape_Leng": 402829.8822, "Shape_Area": 9120169085.6299992 }, "geometry": { "type": "Polygon", "coordinates": [ [ [ 24.499999999683766, 38.60000000028775, 0.0 ], [ 24.74999999969889, 38.449999999700935, 0.0 ], [ 24.499999999683766, 38.319999999304329, 0.0 ], [ 24.150000000381276, 38.200000000409439, 0.0 ], [ 23.829999999966667, 38.320000000009067, 0.0 ], [ 23.570000000022816, 38.250000000357431, 0.0 ], [ 23.499999999623334, 38.449999999700935, 0.0 ], [ 23.34999999979394, 38.779999999935612, 0.0 ], [ 24.150000000381276, 38.84999999996834, 0.0 ], [ 24.499999999683766, 38.60000000028775, 0.0 ] ] ] } },
{ "type": "Feature", "properties": { "FID_vam16_": 55, "FID_last_a": -1, "FID_as11_n": -1, "FID_as55_5": -1, "FID_as27_2": -1, "FID_as6_ne": -1, "FID_as59_6": -1, "FID_as_4_9": -1, "FID_as21_2": -1, "FID_as14_1": -1, "FID_as72_7": -1, "FID_as94_9": -1, "FID_as62_6": -1, "FID_as41_4": -1, "FID_as48_5": -1, "FID_as29_3": -1, "FID_as34_3": -1, "FID_as36_4": -1, "FID_vam161": 61, "Id": 0, "FID_as71_n": -1, "FID_112": -1, "Id_1": 0, "FID_111": -1, "Id_12": 0, "FID_110": -1, "Id_12_13": 0, "FID_109": -1, "Id_12_13_1": 0, "FID_106": -1, "Id_12_13_2": 0, "FID_105": -1, "Id_12_13_3": 0, "FID_113": -1, "Id_12_13_4": 0, "Shape_Leng": 272388.84324199997, "Shape_Area": 4350214517.6300001 }, "geometry": { "type": "Polygon", "coordinates": [ [ [ 22.199999999904112, 38.4999999997261, 0.0 ], [ 22.290000000161083, 38.480000000241276, 0.0 ], [ 22.379999999519722, 38.460000000684509, 0.0 ], [ 22.400000000275536, 37.999999999503771, 0.0 ], [ 21.999999999532722, 38.100000000551425, 0.0 ], [ 21.6499999993319, 38.349999999934568, 0.0 ], [ 21.6499999993319, 38.440000000239507, 0.0 ], [ 21.6499999993319, 38.530000000015953, 0.0 ], [ 21.924999999618006, 38.515000000037695, 0.0 ], [ 22.199999999904112, 38.4999999997261, 0.0 ] ] ] } },
{ "type": "Feature", "properties": { "FID_vam16_": 56, "FID_last_a": -1, "FID_as11_n": -1, "FID_as55_5": -1, "FID_as27_2": -1, "FID_as6_ne": -1, "FID_as59_6": -1, "FID_as_4_9": -1, "FID_as21_2": -1, "FID_as14_1": -1, "FID_as72_7": -1, "FID_as94_9": -1, "FID_as62_6": -1, "FID_as41_4": -1, "FID_as48_5": -1, "FID_as29_3": -1, "FID_as34_3": -1, "FID_as36_4": -1, "FID_vam161": 62, "Id": 0, "FID_as71_n": -1, "FID_112": -1, "Id_1": 0, "FID_111": -1, "Id_12": 0, "FID_110": -1, "Id_12_13": 0, "FID_109": -1, "Id_12_13_1": 0, "FID_106": -1, "Id_12_13_2": 0, "FID_105": -1, "Id_12_13_3": 0, "FID_113": -1, "Id_12_13_4": 0, "Shape_Leng": 286183.76331100002, "Shape_Area": 4481572769.9399996 }, "geometry": { "type": "Polygon", "coordinates": [ [ [ 22.819999999977508, 38.420000000194818, 0.0 ], [ 23.099999999778849, 38.439999999535935, 0.0 ], [ 22.699999999036031, 37.819999999589399, 0.0 ], [ 22.400000000275536, 37.999999999503771, 0.0 ], [ 22.379999999519722, 38.460000000684509, 0.0 ], [ 22.599999999748633, 38.440000000239507, 0.0 ], [ 22.819999999977508, 38.420000000194818, 0.0 ] ] ] } },
{ "type": "Feature", "properties": { "FID_vam16_": 57, "FID_last_a": -1, "FID_as11_n": -1, "FID_as55_5": -1, "FID_as27_2": -1, "FID_as6_ne": -1, "FID_as59_6": -1, "FID_as_4_9": -1, "FID_as21_2": -1, "FID_as14_1": -1, "FID_as72_7": -1, "FID_as94_9": -1, "FID_as62_6": -1, "FID_as41_4": -1, "FID_as48_5": -1, "FID_as29_3": -1, "FID_as34_3": -1, "FID_as36_4": -1, "FID_vam161": 65, "Id": 0, "FID_as71_n": -1, "FID_112": -1, "Id_1": 0, "FID_111": -1, "Id_12": 0, "FID_110": -1, "Id_12_13": 0, "FID_109": -1, "Id_12_13_1": 0, "FID_106": -1, "Id_12_13_2": 0, "FID_105": -1, "Id_12_13_3": 0, "FID_113": -1, "Id_12_13_4": 0, "Shape_Leng": 418461.09357199998, "Shape_Area": 9147654933.2700005 }, "geometry": { "type": "Polygon", "coordinates": [ [ [ 23.699999999994759, 37.499999999453706, 0.0 ], [ 23.22999999975076, 37.670000000172969, 0.0 ], [ 23.239999999679483, 37.735000000182261, 0.0 ], [ 23.250000000506539, 37.800000000057537, 0.0 ], [ 23.699999999994759, 38.000000000211664, 0.0 ], [ 24.150000000381276, 38.200000000409439, 0.0 ], [ 24.499999999683766, 38.319999999304329, 0.0 ], [ 24.700000000055187, 37.950000000049684, 0.0 ], [ 23.699999999994759, 37.499999999453706, 0.0 ] ] ] } },
{ "type": "Feature", "properties": { "FID_vam16_": 58, "FID_last_a": -1, "FID_as11_n": -1, "FID_as55_5": -1, "FID_as27_2": -1, "FID_as6_ne": -1, "FID_as59_6": -1, "FID_as_4_9": -1, "FID_as21_2": -1, "FID_as14_1": -1, "FID_as72_7": -1, "FID_as94_9": -1, "FID_as62_6": -1, "FID_as41_4": -1, "FID_as48_5": -1, "FID_as29_3": -1, "FID_as34_3": -1, "FID_as36_4": -1, "FID_vam161": 66, "Id": 0, "FID_as71_n": -1, "FID_112": -1, "Id_1": 0, "FID_111": -1, "Id_12": 0, "FID_110": -1, "Id_12_13": 0, "FID_109": -1, "Id_12_13_1": 0, "FID_106": -1, "Id_12_13_2": 0, "FID_105": -1, "Id_12_13_3": 0, "FID_113": -1, "Id_12_13_4": 0, "Shape_Leng": 488050.25656399998, "Shape_Area": 9051219051.2999992 }, "geometry": { "type": "Polygon", "coordinates": [ [ [ 22.400000000275536, 37.999999999503771, 0.0 ], [ 22.699999999036031, 37.819999999589399, 0.0 ], [ 22.964999999393378, 37.744999999717926, 0.0 ], [ 23.22999999975076, 37.670000000172969, 0.0 ], [ 23.699999999994759, 37.499999999453706, 0.0 ], [ 23.449999999979635, 37.149999999620448, 0.0 ], [ 22.699999999036031, 37.449999999877598, 0.0 ], [ 22.499999999562938, 37.449999999877598, 0.0 ], [ 21.999999999532722, 38.100000000551425, 0.0 ], [ 22.400000000275536, 37.999999999503771, 0.0 ] ] ] } },
{ "type": "Feature", "properties": { "FID_vam16_": 59, "FID_last_a": -1, "FID_as11_n": -1, "FID_as55_5": -1, "FID_as27_2": -1, "FID_as6_ne": -1, "FID_as59_6": -1, "FID_as_4_9": -1, "FID_as21_2": -1, "FID_as14_1": -1, "FID_as72_7": -1, "FID_as94_9": -1, "FID_as62_6": -1, "FID_as41_4": -1, "FID_as48_5": -1, "FID_as29_3": -1, "FID_as34_3": -1, "FID_as36_4": -1, "FID_vam161": 68, "Id": 0, "FID_as71_n": -1, "FID_112": -1, "Id_1": 0, "FID_111": -1, "Id_12": 0, "FID_110": -1, "Id_12_13": 0, "FID_109": -1, "Id_12_13_1": 0, "FID_106": -1, "Id_12_13_2": 0, "FID_105": -1, "Id_12_13_3": 0, "FID_113": -1, "Id_12_13_4": 0, "Shape_Leng": 466530.32037600002, "Shape_Area": 11083489003.299999 }, "geometry": { "type": "Polygon", "coordinates": [ [ [ 22.499999999562938, 37.449999999877598, 0.0 ], [ 21.999999999532722, 37.349999999890215, 0.0 ], [ 21.395206836895731, 37.044784112377656, 0.0 ], [ 21.119999999515471, 37.319999999960139, 0.0 ], [ 21.379999999459326, 37.499999999453706, 0.0 ], [ 21.219999999701169, 37.629999999890693, 0.0 ], [ 21.609999999616928, 37.864999999632815, 0.0 ], [ 21.999999999532722, 38.100000000551425, 0.0 ], [ 22.499999999562938, 37.449999999877598, 0.0 ] ] ] } },
{ "type": "Feature", "properties": { "FID_vam16_": 60, "FID_last_a": -1, "FID_as11_n": -1, "FID_as55_5": -1, "FID_as27_2": -1, "FID_as6_ne": -1, "FID_as59_6": -1, "FID_as_4_9": -1, "FID_as21_2": -1, "FID_as14_1": -1, "FID_as72_7": -1, "FID_as94_9": -1, "FID_as62_6": -1, "FID_as41_4": -1, "FID_as48_5": -1, "FID_as29_3": -1, "FID_as34_3": -1, "FID_as36_4": -1, "FID_vam161": 69, "Id": 0, "FID_as71_n": -1, "FID_112": -1, "Id_1": 0, "FID_111": -1, "Id_12": 0, "FID_110": -1, "Id_12_13": 0, "FID_109": -1, "Id_12_13_1": 0, "FID_106": -1, "Id_12_13_2": 0, "FID_105": -1, "Id_12_13_3": 0, "FID_113": -1, "Id_12_13_4": 0, "Shape_Leng": 514439.94284099998, "Shape_Area": 13078091381.5 }, "geometry": { "type": "Polygon", "coordinates": [ [ [ 22.779999999364239, 36.649999999314439, 0.0 ], [ 22.499999999562938, 35.999999999678266, 0.0 ], [ 21.999999999532722, 36.750000000050811, 0.0 ], [ 21.569454448538352, 37.132720191372499, 0.0 ], [ 21.999999999532722, 37.349999999890215, 0.0 ], [ 22.499999999562938, 37.449999999877598, 0.0 ], [ 22.779999999364239, 36.649999999314439, 0.0 ] ] ] } },
{ "type": "Feature", "properties": { "FID_vam16_": 61, "FID_last_a": -1, "FID_as11_n": -1, "FID_as55_5": -1, "FID_as27_2": -1, "FID_as6_ne": -1, "FID_as59_6": -1, "FID_as_4_9": -1, "FID_as21_2": -1, "FID_as14_1": -1, "FID_as72_7": -1, "FID_as94_9": -1, "FID_as62_6": -1, "FID_as41_4": -1, "FID_as48_5": -1, "FID_as29_3": -1, "FID_as34_3": -1, "FID_as36_4": -1, "FID_vam161": 70, "Id": 0, "FID_as71_n": -1, "FID_112": -1, "Id_1": 0, "FID_111": -1, "Id_12": 0, "FID_110": -1, "Id_12_13": 0, "FID_109": -1, "Id_12_13_1": 0, "FID_106": -1, "Id_12_13_2": 0, "FID_105": -1, "Id_12_13_3": 0, "FID_113": -1, "Id_12_13_4": 0, "Shape_Leng": 381546.08693500003, "Shape_Area": 8502482868.54 }, "geometry": { "type": "Polygon", "coordinates": [ [ [ 23.449999999979635, 37.149999999620448, 0.0 ], [ 23.474999999352352, 36.900000000250735, 0.0 ], [ 23.499999999623334, 36.649999999314439, 0.0 ], [ 22.779999999364239, 36.649999999314439, 0.0 ], [ 22.499999999562938, 37.449999999877598, 0.0 ], [ 22.699999999036031, 37.449999999877598, 0.0 ], [ 23.449999999979635, 37.149999999620448, 0.0 ] ] ] } },
{ "type": "Feature", "properties": { "FID_vam16_": 62, "FID_last_a": -1, "FID_as11_n": -1, "FID_as55_5": -1, "FID_as27_2": -1, "FID_as6_ne": -1, "FID_as59_6": -1, "FID_as_4_9": -1, "FID_as21_2": -1, "FID_as14_1": -1, "FID_as72_7": -1, "FID_as94_9": -1, "FID_as62_6": -1, "FID_as41_4": -1, "FID_as48_5": -1, "FID_as29_3": -1, "FID_as34_3": -1, "FID_as36_4": -1, "FID_vam161": 71, "Id": 0, "FID_as71_n": -1, "FID_112": -1, "Id_1": 0, "FID_111": -1, "Id_12": 0, "FID_110": -1, "Id_12_13": 0, "FID_109": -1, "Id_12_13_1": 0, "FID_106": -1, "Id_12_13_2": 0, "FID_105": -1, "Id_12_13_3": 0, "FID_113": -1, "Id_12_13_4": 0, "Shape_Leng": 397528.63066800003, "Shape_Area": 10545909695.200001 }, "geometry": { "type": "Polygon", "coordinates": [ [ [ 23.499999999623334, 36.249999999295795, 0.0 ], [ 23.499999999623334, 36.050000000259068, 0.0 ], [ 23.022922679007266, 35.721320422461773, 0.0 ], [ 22.499999999562938, 35.999999999678266, 0.0 ], [ 22.779999999364239, 36.649999999314439, 0.0 ], [ 23.499999999623334, 36.649999999314439, 0.0 ], [ 23.499999999623334, 36.449999999610519, 0.0 ], [ 23.499999999623334, 36.249999999295795, 0.0 ] ] ] } },
{ "type": "Feature", "properties": { "FID_vam16_": 63, "FID_last_a": -1, "FID_as11_n": -1, "FID_as55_5": -1, "FID_as27_2": -1, "FID_as6_ne": -1, "FID_as59_6": -1, "FID_as_4_9": -1, "FID_as21_2": -1, "FID_as14_1": -1, "FID_as72_7": -1, "FID_as94_9": -1, "FID_as62_6": -1, "FID_as41_4": -1, "FID_as48_5": -1, "FID_as29_3": -1, "FID_as34_3": -1, "FID_as36_4": -1, "FID_vam161": 75, "Id": 0, "FID_as71_n": -1, "FID_112": -1, "Id_1": 0, "FID_111": -1, "Id_12": 0, "FID_110": -1, "Id_12_13": 0, "FID_109": -1, "Id_12_13_1": 0, "FID_106": -1, "Id_12_13_2": 0, "FID_105": -1, "Id_12_13_3": 0, "FID_113": -1, "Id_12_13_4": 0, "Shape_Leng": 615190.00252500002, "Shape_Area": 20677113048.400002 }, "geometry": { "type": "Polygon", "coordinates": [ [ [ 25.399999999558503, 35.799999999380312, 0.0 ], [ 25.399999999558503, 35.119999999527529, 0.0 ], [ 24.700000000055187, 35.130000000653027, 0.0 ], [ 24.09999999983928, 35.349999999967714, 0.0 ], [ 23.499999999623334, 35.850000000167121, 0.0 ], [ 23.499999999623334, 36.050000000259068, 0.0 ], [ 23.499999999623334, 36.249999999295795, 0.0 ], [ 24.450000000040063, 36.025000000198361, 0.0 ], [ 25.399999999558503, 35.799999999380312, 0.0 ] ] ] } },
{ "type": "Feature", "properties": { "FID_vam16_": 64, "FID_last_a": -1, "FID_as11_n": -1, "FID_as55_5": -1, "FID_as27_2": -1, "FID_as6_ne": -1, "FID_as59_6": -1, "FID_as_4_9": -1, "FID_as21_2": -1, "FID_as14_1": -1, "FID_as72_7": -1, "FID_as94_9": -1, "FID_as62_6": -1, "FID_as41_4": -1, "FID_as48_5": -1, "FID_as29_3": -1, "FID_as34_3": -1, "FID_as36_4": -1, "FID_vam161": 76, "Id": 0, "FID_as71_n": -1, "FID_112": -1, "Id_1": 0, "FID_111": -1, "Id_12": 0, "FID_110": -1, "Id_12_13": 0, "FID_109": -1, "Id_12_13_1": 0, "FID_106": -1, "Id_12_13_2": 0, "FID_105": -1, "Id_12_13_3": 0, "FID_113": -1, "Id_12_13_4": 0, "Shape_Leng": 539047.48174900003, "Shape_Area": 17220480950.5 }, "geometry": { "type": "Polygon", "coordinates": [ [ [ 26.899999999649115, 34.899999999759793, 0.0 ], [ 25.399999999558503, 35.119999999527529, 0.0 ], [ 25.399999999558503, 35.799999999380312, 0.0 ], [ 26.699999999277722, 35.850000000167121, 0.0 ], [ 26.899999999649115, 34.899999999759793, 0.0 ] ] ] } },
{ "type": "Feature", "properties": { "FID_vam16_": 65, "FID_last_a": -1, "FID_as11_n": -1, "FID_as55_5": -1, "FID_as27_2": -1, "FID_as6_ne": -1, "FID_as59_6": -1, "FID_as_4_9": -1, "FID_as21_2": -1, "FID_as14_1": -1, "FID_as72_7": -1, "FID_as94_9": -1, "FID_as62_6": -1, "FID_as41_4": -1, "FID_as48_5": -1, "FID_as29_3": -1, "FID_as34_3": -1, "FID_as36_4": -1, "FID_vam161": 77, "Id": 0, "FID_as71_n": -1, "FID_112": -1, "Id_1": 0, "FID_111": -1, "Id_12": 0, "FID_110": -1, "Id_12_13": 0, "FID_109": -1, "Id_12_13_1": 0, "FID_106": -1, "Id_12_13_2": 0, "FID_105": -1, "Id_12_13_3": 0, "FID_113": -1, "Id_12_13_4": 0, "Shape_Leng": 528969.35120100004, "Shape_Area": 14559277210.5 }, "geometry": { "type": "Polygon", "coordinates": [ [ [ 27.649999999694455, 36.249999999295795, 0.0 ], [ 27.649999999694455, 35.749999999329958, 0.0 ], [ 27.300000000391961, 35.450000000124192, 0.0 ], [ 26.899999999649115, 34.899999999759793, 0.0 ], [ 26.699999999277722, 35.850000000167121, 0.0 ], [ 26.850000000005412, 36.450000000333056, 0.0 ], [ 27.200000000206234, 36.499999999640174, 0.0 ], [ 27.649999999694455, 36.249999999295795, 0.0 ] ] ] } },
{ "type": "Feature", "properties": { "FID_vam16_": 66, "FID_last_a": -1, "FID_as11_n": -1, "FID_as55_5": -1, "FID_as27_2": -1, "FID_as6_ne": -1, "FID_as59_6": -1, "FID_as_4_9": -1, "FID_as21_2": -1, "FID_as14_1": -1, "FID_as72_7": -1, "FID_as94_9": -1, "FID_as62_6": -1, "FID_as41_4": -1, "FID_as48_5": -1, "FID_as29_3": -1, "FID_as34_3": -1, "FID_as36_4": -1, "FID_vam161": 78, "Id": 0, "FID_as71_n": -1, "FID_112": -1, "Id_1": 0, "FID_111": -1, "Id_12": 0, "FID_110": -1, "Id_12_13": 0, "FID_109": -1, "Id_12_13_1": 0, "FID_106": -1, "Id_12_13_2": 0, "FID_105": -1, "Id_12_13_3": 0, "FID_113": -1, "Id_12_13_4": 0, "Shape_Leng": 461559.980912, "Shape_Area": 11812527242.299999 }, "geometry": { "type": "Polygon", "coordinates": [ [ [ 24.899999999528287, 39.799999999310856, 0.0 ], [ 24.249999999668674, 39.250000000027661, 0.0 ], [ 23.800000000180454, 39.099999999877362, 0.0 ], [ 23.599999999809064, 39.650000000167438, 0.0 ], [ 23.979999999796064, 39.820000000026077, 0.0 ], [ 24.650000000411492, 40.249999999586692, 0.0 ], [ 24.899999999528287, 39.799999999310856, 0.0 ] ] ] } },
{ "type": "Feature", "properties": { "FID_vam16_": 67, "FID_last_a": -1, "FID_as11_n": -1, "FID_as55_5": -1, "FID_as27_2": -1, "FID_as6_ne": -1, "FID_as59_6": -1, "FID_as_4_9": -1, "FID_as21_2": -1, "FID_as14_1": -1, "FID_as72_7": -1, "FID_as94_9": -1, "FID_as62_6": -1, "FID_as41_4": -1, "FID_as48_5": -1, "FID_as29_3": -1, "FID_as34_3": -1, "FID_as36_4": -1, "FID_vam161": 79, "Id": 0, "FID_as71_n": -1, "FID_112": -1, "Id_1": 0, "FID_111": -1, "Id_12": 0, "FID_110": -1, "Id_12_13": 0, "FID_109": -1, "Id_12_13_1": 0, "FID_106": -1, "Id_12_13_2": 0, "FID_105": -1, "Id_12_13_3": 0, "FID_113": -1, "Id_12_13_4": 0, "Shape_Leng": 284574.64776299999, "Shape_Area": 3955893999.75 }, "geometry": { "type": "Polygon", "coordinates": [ [ [ 23.800000000180454, 39.099999999877362, 0.0 ], [ 24.150000000381276, 38.84999999996834, 0.0 ], [ 23.34999999979394, 38.779999999935612, 0.0 ], [ 22.999999999593118, 38.949999999246948, 0.0 ], [ 23.34999999979394, 39.119999999676878, 0.0 ], [ 23.800000000180454, 39.099999999877362, 0.0 ] ] ] } },
{ "type": "Feature", "properties": { "FID_vam16_": 68, "FID_last_a": -1, "FID_as11_n": -1, "FID_as55_5": -1, "FID_as27_2": -1, "FID_as6_ne": -1, "FID_as59_6": -1, "FID_as_4_9": -1, "FID_as21_2": -1, "FID_as14_1": -1, "FID_as72_7": -1, "FID_as94_9": -1, "FID_as62_6": -1, "FID_as41_4": -1, "FID_as48_5": -1, "FID_as29_3": -1, "FID_as34_3": -1, "FID_as36_4": -1, "FID_vam161": 80, "Id": 0, "FID_as71_n": -1, "FID_112": -1, "Id_1": 0, "FID_111": -1, "Id_12": 0, "FID_110": -1, "Id_12_13": 0, "FID_109": -1, "Id_12_13_1": 0, "FID_106": -1, "Id_12_13_2": 0, "FID_105": -1, "Id_12_13_3": 0, "FID_113": -1, "Id_12_13_4": 0, "Shape_Leng": 285417.79156099999, "Shape_Area": 4419920372.5299997 }, "geometry": { "type": "Polygon", "coordinates": [ [ [ 24.74999999969889, 38.84999999996834, 0.0 ], [ 24.499999999683766, 38.60000000028775, 0.0 ], [ 23.800000000180454, 39.099999999877362, 0.0 ], [ 24.249999999668674, 39.250000000027661, 0.0 ], [ 24.74999999969889, 38.84999999996834, 0.0 ] ] ] } },
{ "type": "Feature", "properties": { "FID_vam16_": 69, "FID_last_a": -1, "FID_as11_n": -1, "FID_as55_5": -1, "FID_as27_2": -1, "FID_as6_ne": -1, "FID_as59_6": -1, "FID_as_4_9": -1, "FID_as21_2": -1, "FID_as14_1": -1, "FID_as72_7": -1, "FID_as94_9": -1, "FID_as62_6": -1, "FID_as41_4": -1, "FID_as48_5": -1, "FID_as29_3": -1, "FID_as34_3": -1, "FID_as36_4": -1, "FID_vam161": 81, "Id": 0, "FID_as71_n": -1, "FID_112": -1, "Id_1": 0, "FID_111": -1, "Id_12": 0, "FID_110": -1, "Id_12_13": 0, "FID_109": -1, "Id_12_13_1": 0, "FID_106": -1, "Id_12_13_2": 0, "FID_105": -1, "Id_12_13_3": 0, "FID_113": -1, "Id_12_13_4": 0, "Shape_Leng": 422828.95139599999, "Shape_Area": 10232074563.9 }, "geometry": { "type": "Polygon", "coordinates": [ [ [ 25.649999999573591, 39.600000000065727, 0.0 ], [ 24.74999999969889, 38.84999999996834, 0.0 ], [ 24.249999999668674, 39.250000000027661, 0.0 ], [ 24.899999999528287, 39.799999999310856, 0.0 ], [ 25.649999999573591, 39.600000000065727, 0.0 ] ] ] } },
{ "type": "Feature", "properties": { "FID_vam16_": 70, "FID_last_a": -1, "FID_as11_n": -1, "FID_as55_5": -1, "FID_as27_2": -1, "FID_as6_ne": -1, "FID_as59_6": -1, "FID_as_4_9": -1, "FID_as21_2": -1, "FID_as14_1": -1, "FID_as72_7": -1, "FID_as94_9": -1, "FID_as62_6": -1, "FID_as41_4": -1, "FID_as48_5": -1, "FID_as29_3": -1, "FID_as34_3": -1, "FID_as36_4": -1, "FID_vam161": 82, "Id": 0, "FID_as71_n": -1, "FID_112": -1, "Id_1": 0, "FID_111": -1, "Id_12": 0, "FID_110": -1, "Id_12_13": 0, "FID_109": -1, "Id_12_13_1": 0, "FID_106": -1, "Id_12_13_2": 0, "FID_105": -1, "Id_12_13_3": 0, "FID_113": -1, "Id_12_13_4": 0, "Shape_Leng": 505404.09636299999, "Shape_Area": 7979417505.9200001 }, "geometry": { "type": "Polygon", "coordinates": [ [ [ 25.649999999573591, 39.199999999884433, 0.0 ], [ 24.74999999969889, 38.449999999700935, 0.0 ], [ 24.499999999683766, 38.60000000028775, 0.0 ], [ 24.74999999969889, 38.84999999996834, 0.0 ], [ 25.649999999573591, 39.600000000065727, 0.0 ], [ 26.099999999960108, 39.640000000482225, 0.0 ], [ 25.649999999573591, 39.199999999884433, 0.0 ] ] ] } },
{ "type": "Feature", "properties": { "FID_vam16_": 71, "FID_last_a": -1, "FID_as11_n": -1, "FID_as55_5": -1, "FID_as27_2": -1, "FID_as6_ne": -1, "FID_as59_6": -1, "FID_as_4_9": -1, "FID_as21_2": -1, "FID_as14_1": -1, "FID_as72_7": -1, "FID_as94_9": -1, "FID_as62_6": -1, "FID_as41_4": -1, "FID_as48_5": -1, "FID_as29_3": -1, "FID_as34_3": -1, "FID_as36_4": -1, "FID_vam161": 83, "Id": 0, "FID_as71_n": -1, "FID_112": -1, "Id_1": 0, "FID_111": -1, "Id_12": 0, "FID_110": -1, "Id_12_13": 0, "FID_109": -1, "Id_12_13_1": 0, "FID_106": -1, "Id_12_13_2": 0, "FID_105": -1, "Id_12_13_3": 0, "FID_113": -1, "Id_12_13_4": 0, "Shape_Leng": 527318.00967299996, "Shape_Area": 12046210777.700001 }, "geometry": { "type": "Polygon", "coordinates": [ [ [ 26.529999999590842, 38.920000000193404, 0.0 ], [ 26.400000000517228, 38.69999999982462, 0.0 ], [ 26.149999999603807, 38.749999999622226, 0.0 ], [ 25.24999999972907, 38.150000000337961, 0.0 ], [ 24.74999999969889, 38.449999999700935, 0.0 ], [ 25.649999999573591, 39.199999999884433, 0.0 ], [ 25.899999999588715, 38.949999999246948, 0.0 ], [ 26.529999999590842, 38.920000000193404, 0.0 ] ] ] } },
{ "type": "Feature", "properties": { "FID_vam16_": 72, "FID_last_a": -1, "FID_as11_n": -1, "FID_as55_5": -1, "FID_as27_2": -1, "FID_as6_ne": -1, "FID_as59_6": -1, "FID_as_4_9": -1, "FID_as21_2": -1, "FID_as14_1": -1, "FID_as72_7": -1, "FID_as94_9": -1, "FID_as62_6": -1, "FID_as41_4": -1, "FID_as48_5": -1, "FID_as29_3": -1, "FID_as34_3": -1, "FID_as36_4": -1, "FID_vam161": 84, "Id": 0, "FID_as71_n": -1, "FID_112": -1, "Id_1": 0, "FID_111": -1, "Id_12": 0, "FID_110": -1, "Id_12_13": 0, "FID_109": -1, "Id_12_13_1": 0, "FID_106": -1, "Id_12_13_2": 0, "FID_105": -1, "Id_12_13_3": 0, "FID_113": -1, "Id_12_13_4": 0, "Shape_Leng": 342319.45569899998, "Shape_Area": 4197372763.8600001 }, "geometry": { "type": "Polygon", "coordinates": [ [ [ 26.999999999834841, 39.499999999966661, 0.0 ], [ 25.649999999573591, 39.199999999884433, 0.0 ], [ 26.099999999960108, 39.640000000482225, 0.0 ], [ 26.299999999433201, 39.680000000210669, 0.0 ], [ 26.999999999834841, 39.499999999966661, 0.0 ] ] ] } },
{ "type": "Feature", "properties": { "FID_vam16_": 73, "FID_last_a": -1, "FID_as11_n": -1, "FID_as55_5": -1, "FID_as27_2": -1, "FID_as6_ne": -1, "FID_as59_6": -1, "FID_as_4_9": -1, "FID_as21_2": -1, "FID_as14_1": -1, "FID_as72_7": -1, "FID_as94_9": -1, "FID_as62_6": -1, "FID_as41_4": -1, "FID_as48_5": -1, "FID_as29_3": -1, "FID_as34_3": -1, "FID_as36_4": -1, "FID_vam161": 85, "Id": 0, "FID_as71_n": -1, "FID_112": -1, "Id_1": 0, "FID_111": -1, "Id_12": 0, "FID_110": -1, "Id_12_13": 0, "FID_109": -1, "Id_12_13_1": 0, "FID_106": -1, "Id_12_13_2": 0, "FID_105": -1, "Id_12_13_3": 0, "FID_113": -1, "Id_12_13_4": 0, "Shape_Leng": 370401.63420899998, "Shape_Area": 6328908522.3999996 }, "geometry": { "type": "Polygon", "coordinates": [ [ [ 26.529999999590842, 38.920000000193404, 0.0 ], [ 25.899999999588715, 38.949999999246948, 0.0 ], [ 25.649999999573591, 39.199999999884433, 0.0 ], [ 26.999999999834841, 39.499999999966661, 0.0 ], [ 26.529999999590842, 38.920000000193404, 0.0 ] ] ] } },
{ "type": "Feature", "properties": { "FID_vam16_": 74, "FID_last_a": -1, "FID_as11_n": -1, "FID_as55_5": -1, "FID_as27_2": -1, "FID_as6_ne": -1, "FID_as59_6": -1, "FID_as_4_9": -1, "FID_as21_2": -1, "FID_as14_1": -1, "FID_as72_7": -1, "FID_as94_9": -1, "FID_as62_6": -1, "FID_as41_4": -1, "FID_as48_5": -1, "FID_as29_3": -1, "FID_as34_3": -1, "FID_as36_4": -1, "FID_vam161": 86, "Id": 0, "FID_as71_n": -1, "FID_112": -1, "Id_1": 0, "FID_111": -1, "Id_12": 0, "FID_110": -1, "Id_12_13": 0, "FID_109": -1, "Id_12_13_1": 0, "FID_106": -1, "Id_12_13_2": 0, "FID_105": -1, "Id_12_13_3": 0, "FID_113": -1, "Id_12_13_4": 0, "Shape_Leng": 502856.088728, "Shape_Area": 15881575628.799999 }, "geometry": { "type": "Polygon", "coordinates": [ [ [ 26.299999999433201, 39.999999999978151, 0.0 ], [ 24.899999999528287, 39.799999999310856, 0.0 ], [ 24.650000000411492, 40.249999999586692, 0.0 ], [ 24.924999999799269, 40.425000000078697, 0.0 ], [ 25.200000000085407, 40.600000000055935, 0.0 ], [ 25.649999999573591, 40.609999999631903, 0.0 ], [ 26.099999999960108, 40.620000000341918, 0.0 ], [ 26.299999999433201, 39.999999999978151, 0.0 ] ] ] } },
{ "type": "Feature", "properties": { "FID_vam16_": 75, "FID_last_a": -1, "FID_as11_n": -1, "FID_as55_5": -1, "FID_as27_2": -1, "FID_as6_ne": -1, "FID_as59_6": -1, "FID_as_4_9": -1, "FID_as21_2": -1, "FID_as14_1": -1, "FID_as72_7": -1, "FID_as94_9": -1, "FID_as62_6": -1, "FID_as41_4": -1, "FID_as48_5": -1, "FID_as29_3": -1, "FID_as34_3": -1, "FID_as36_4": -1, "FID_vam161": 87, "Id": 0, "FID_as71_n": -1, "FID_112": -1, "Id_1": 0, "FID_111": -1, "Id_12": 0, "FID_110": -1, "Id_12_13": 0, "FID_109": -1, "Id_12_13_1": 0, "FID_106": -1, "Id_12_13_2": 0, "FID_105": -1, "Id_12_13_3": 0, "FID_113": -1, "Id_12_13_4": 0, "Shape_Leng": 366710.67717899999, "Shape_Area": 5225305748.2700005 }, "geometry": { "type": "Polygon", "coordinates": [ [ [ 26.299999999433201, 39.680000000210669, 0.0 ], [ 26.099999999960108, 39.640000000482225, 0.0 ], [ 25.649999999573591, 39.600000000065727, 0.0 ], [ 24.899999999528287, 39.799999999310856, 0.0 ], [ 26.299999999433201, 39.999999999978151, 0.0 ], [ 26.299999999433201, 39.680000000210669, 0.0 ] ] ] } },
{ "type": "Feature", "properties": { "FID_vam16_": 76, "FID_last_a": -1, "FID_as11_n": -1, "FID_as55_5": -1, "FID_as27_2": -1, "FID_as6_ne": -1, "FID_as59_6": -1, "FID_as_4_9": -1, "FID_as21_2": -1, "FID_as14_1": -1, "FID_as72_7": -1, "FID_as94_9": -1, "FID_as62_6": -1, "FID_as41_4": -1, "FID_as48_5": -1, "FID_as29_3": -1, "FID_as34_3": -1, "FID_as36_4": -1, "FID_vam161": 88, "Id": 0, "FID_as71_n": -1, "FID_112": -1, "Id_1": 0, "FID_111": -1, "Id_12": 0, "FID_110": -1, "Id_12_13": 0, "FID_109": -1, "Id_12_13_1": 0, "FID_106": -1, "Id_12_13_2": 0, "FID_105": -1, "Id_12_13_3": 0, "FID_113": -1, "Id_12_13_4": 0, "Shape_Leng": 551386.74054200004, "Shape_Area": 15511038008.700001 }, "geometry": { "type": "Polygon", "coordinates": [ [ [ 27.999999999895241, 40.699999999399296, 0.0 ], [ 26.299999999433201, 39.999999999978151, 0.0 ], [ 26.099999999960108, 40.620000000341918, 0.0 ], [ 27.450000000221358, 41.049999999977686, 0.0 ], [ 27.999999999895241, 40.699999999399296, 0.0 ] ] ] } },
{ "type": "Feature", "properties": { "FID_vam16_": 77, "FID_last_a": -1, "FID_as11_n": -1, "FID_as55_5": -1, "FID_as27_2": -1, "FID_as6_ne": -1, "FID_as59_6": -1, "FID_as_4_9": -1, "FID_as21_2": -1, "FID_as14_1": -1, "FID_as72_7": -1, "FID_as94_9": -1, "FID_as62_6": -1, "FID_as41_4": -1, "FID_as48_5": -1, "FID_as29_3": -1, "FID_as34_3": -1, "FID_as36_4": -1, "FID_vam161": 89, "Id": 0, "FID_as71_n": -1, "FID_112": -1, "Id_1": 0, "FID_111": -1, "Id_12": 0, "FID_110": -1, "Id_12_13": 0, "FID_109": -1, "Id_12_13_1": 0, "FID_106": -1, "Id_12_13_2": 0, "FID_105": -1, "Id_12_13_3": 0, "FID_113": -1, "Id_12_13_4": 0, "Shape_Leng": 629525.31840600003, "Shape_Area": 22753976218.799999 }, "geometry": { "type": "Polygon", "coordinates": [ [ [ 28.200000000266666, 40.249999999586692, 0.0 ], [ 28.35000000009606, 39.880000000172515, 0.0 ], [ 26.999999999834841, 39.499999999966661, 0.0 ], [ 26.299999999433201, 39.680000000210669, 0.0 ], [ 26.299999999433201, 39.999999999978151, 0.0 ], [ 27.999999999895241, 40.699999999399296, 0.0 ], [ 28.200000000266666, 40.249999999586692, 0.0 ] ] ] } },
{ "type": "Feature", "properties": { "FID_vam16_": 78, "FID_last_a": -1, "FID_as11_n": -1, "FID_as55_5": -1, "FID_as27_2": -1, "FID_as6_ne": -1, "FID_as59_6": -1, "FID_as_4_9": -1, "FID_as21_2": -1, "FID_as14_1": -1, "FID_as72_7": -1, "FID_as94_9": -1, "FID_as62_6": -1, "FID_as41_4": -1, "FID_as48_5": -1, "FID_as29_3": -1, "FID_as34_3": -1, "FID_as36_4": -1, "FID_vam161": 90, "Id": 0, "FID_as71_n": -1, "FID_112": -1, "Id_1": 0, "FID_111": -1, "Id_12": 0, "FID_110": -1, "Id_12_13": 0, "FID_109": -1, "Id_12_13_1": 0, "FID_106": -1, "Id_12_13_2": 0, "FID_105": -1, "Id_12_13_3": 0, "FID_113": -1, "Id_12_13_4": 0, "Shape_Leng": 526734.67518499994, "Shape_Area": 10181431076.200001 }, "geometry": { "type": "Polygon", "coordinates": [ [ [ 27.999999999895241, 40.699999999399296, 0.0 ], [ 27.450000000221358, 41.049999999977686, 0.0 ], [ 29.499999999087592, 41.049999999977686, 0.0 ], [ 29.499999999087592, 40.699999999399296, 0.0 ], [ 27.999999999895241, 40.699999999399296, 0.0 ] ] ] } },
{ "type": "Feature", "properties": { "FID_vam16_": 79, "FID_last_a": -1, "FID_as11_n": -1, "FID_as55_5": -1, "FID_as27_2": -1, "FID_as6_ne": -1, "FID_as59_6": -1, "FID_as_4_9": -1, "FID_as21_2": -1, "FID_as14_1": -1, "FID_as72_7": -1, "FID_as94_9": -1, "FID_as62_6": -1, "FID_as41_4": -1, "FID_as48_5": -1, "FID_as29_3": -1, "FID_as34_3": -1, "FID_as36_4": -1, "FID_vam161": 91, "Id": 0, "FID_as71_n": -1, "FID_112": -1, "Id_1": 0, "FID_111": -1, "Id_12": 0, "FID_110": -1, "Id_12_13": 0, "FID_109": -1, "Id_12_13_1": 0, "FID_106": -1, "Id_12_13_2": 0, "FID_105": -1, "Id_12_13_3": 0, "FID_113": -1, "Id_12_13_4": 0, "Shape_Leng": 871794.94048400002, "Shape_Area": 29018663694.400002 }, "geometry": { "type": "Polygon", "coordinates": [ [ [ 31.049999999720235, 40.500000000093628, 0.0 ], [ 30.000000000016104, 40.249999999586692, 0.0 ], [ 28.200000000266666, 40.249999999586692, 0.0 ], [ 27.999999999895241, 40.699999999399296, 0.0 ], [ 29.499999999087592, 40.699999999399296, 0.0 ], [ 29.499999999087592, 41.049999999977686, 0.0 ], [ 31.049999999720235, 41.099999999847121, 0.0 ], [ 31.049999999720235, 40.500000000093628, 0.0 ] ] ] } },
{ "type": "Feature", "properties": { "FID_vam16_": 80, "FID_last_a": -1, "FID_as11_n": -1, "FID_as55_5": -1, "FID_as27_2": -1, "FID_as6_ne": -1, "FID_as59_6": -1, "FID_as_4_9": -1, "FID_as21_2": -1, "FID_as14_1": -1, "FID_as72_7": -1, "FID_as94_9": -1, "FID_as62_6": -1, "FID_as41_4": -1, "FID_as48_5": -1, "FID_as29_3": -1, "FID_as34_3": -1, "FID_as36_4": -1, "FID_vam161": 92, "Id": 0, "FID_as71_n": -1, "FID_112": -1, "Id_1": 0, "FID_111": -1, "Id_12": 0, "FID_110": -1, "Id_12_13": 0, "FID_109": -1, "Id_12_13_1": 0, "FID_106": -1, "Id_12_13_2": 0, "FID_105": -1, "Id_12_13_3": 0, "FID_113": -1, "Id_12_13_4": 0, "Shape_Leng": 803518.66715500003, "Shape_Area": 24236881475.900002 }, "geometry": { "type": "Polygon", "coordinates": [ [ [ 31.099999999363934, 39.69999999970436, 0.0 ], [ 30.199999999489194, 39.69999999970436, 0.0 ], [ 28.35000000009606, 39.880000000172515, 0.0 ], [ 28.200000000266666, 40.249999999586692, 0.0 ], [ 30.000000000016104, 40.249999999586692, 0.0 ], [ 31.049999999720235, 40.500000000093628, 0.0 ], [ 31.099999999363934, 39.69999999970436, 0.0 ] ] ] } },
{ "type": "Feature", "properties": { "FID_vam16_": 81, "FID_last_a": -1, "FID_as11_n": -1, "FID_as55_5": -1, "FID_as27_2": -1, "FID_as6_ne": -1, "FID_as59_6": -1, "FID_as_4_9": -1, "FID_as21_2": -1, "FID_as14_1": -1, "FID_as72_7": -1, "FID_as94_9": -1, "FID_as62_6": -1, "FID_as41_4": -1, "FID_as48_5": -1, "FID_as29_3": -1, "FID_as34_3": -1, "FID_as36_4": -1, "FID_vam161": 93, "Id": 0, "FID_as71_n": -1, "FID_112": -1, "Id_1": 0, "FID_111": -1, "Id_12": 0, "FID_110": -1, "Id_12_13": 0, "FID_109": -1, "Id_12_13_1": 0, "FID_106": -1, "Id_12_13_2": 0, "FID_105": -1, "Id_12_13_3": 0, "FID_113": -1, "Id_12_13_4": 0, "Shape_Leng": 1013637.7061, "Shape_Area": 51205197493.5 }, "geometry": { "type": "Polygon", "coordinates": [ [ [ 25.24999999972907, 38.150000000337961, 0.0 ], [ 26.499999999804626, 37.750000000387558, 0.0 ], [ 26.499999999804626, 37.299999999815164, 0.0 ], [ 25.499999999744194, 36.65000000003517, 0.0 ], [ 25.099999999899676, 36.450000000333056, 0.0 ], [ 24.799999999342557, 36.750000000050811, 0.0 ], [ 24.399999999498071, 36.950000000050366, 0.0 ], [ 23.99999999965355, 36.65000000003517, 0.0 ], [ 23.449999999979635, 37.149999999620448, 0.0 ], [ 23.699999999994759, 37.499999999453706, 0.0 ], [ 24.700000000055187, 37.950000000049684, 0.0 ], [ 24.499999999683766, 38.319999999304329, 0.0 ], [ 24.74999999969889, 38.449999999700935, 0.0 ], [ 25.24999999972907, 38.150000000337961, 0.0 ] ] ] } },
{ "type": "Feature", "properties": { "FID_vam16_": 82, "FID_last_a": -1, "FID_as11_n": -1, "FID_as55_5": -1, "FID_as27_2": -1, "FID_as6_ne": -1, "FID_as59_6": -1, "FID_as_4_9": -1, "FID_as21_2": -1, "FID_as14_1": -1, "FID_as72_7": -1, "FID_as94_9": -1, "FID_as62_6": -1, "FID_as41_4": -1, "FID_as48_5": -1, "FID_as29_3": -1, "FID_as34_3": -1, "FID_as36_4": -1, "FID_vam161": 96, "Id": 0, "FID_as71_n": -1, "FID_112": -1, "Id_1": 0, "FID_111": -1, "Id_12": 0, "FID_110": -1, "Id_12_13": 0, "FID_109": -1, "Id_12_13_1": 0, "FID_106": -1, "Id_12_13_2": 0, "FID_105": -1, "Id_12_13_3": 0, "FID_113": -1, "Id_12_13_4": 0, "Shape_Leng": 462891.858764, "Shape_Area": 12715545591.299999 }, "geometry": { "type": "Polygon", "coordinates": [ [ [ 26.699999999277722, 35.850000000167121, 0.0 ], [ 25.399999999558503, 35.799999999380312, 0.0 ], [ 25.399999999558503, 36.010000000157554, 0.0 ], [ 25.399999999558503, 36.220000000113039, 0.0 ], [ 25.649999999573591, 36.450000000333056, 0.0 ], [ 26.249999999789502, 36.450000000333056, 0.0 ], [ 26.850000000005412, 36.450000000333056, 0.0 ], [ 26.699999999277722, 35.850000000167121, 0.0 ] ] ] } },
{ "type": "Feature", "properties": { "FID_vam16_": 83, "FID_last_a": -1, "FID_as11_n": -1, "FID_as55_5": -1, "FID_as27_2": -1, "FID_as6_ne": -1, "FID_as59_6": -1, "FID_as_4_9": -1, "FID_as21_2": -1, "FID_as14_1": -1, "FID_as72_7": -1, "FID_as94_9": -1, "FID_as62_6": -1, "FID_as41_4": -1, "FID_as48_5": -1, "FID_as29_3": -1, "FID_as34_3": -1, "FID_as36_4": -1, "FID_vam161": 97, "Id": 0, "FID_as71_n": -1, "FID_112": -1, "Id_1": 0, "FID_111": -1, "Id_12": 0, "FID_110": -1, "Id_12_13": 0, "FID_109": -1, "Id_12_13_1": 0, "FID_106": -1, "Id_12_13_2": 0, "FID_105": -1, "Id_12_13_3": 0, "FID_113": -1, "Id_12_13_4": 0, "Shape_Leng": 510338.16867799999, "Shape_Area": 15327372903.700001 }, "geometry": { "type": "Polygon", "coordinates": [ [ [ 26.400000000517228, 38.69999999982462, 0.0 ], [ 27.10000000002054, 38.049999999817096, 0.0 ], [ 26.499999999804626, 37.750000000387558, 0.0 ], [ 25.24999999972907, 38.150000000337961, 0.0 ], [ 26.149999999603807, 38.749999999622226, 0.0 ], [ 26.400000000517228, 38.69999999982462, 0.0 ] ] ] } },
{ "type": "Feature", "properties": { "FID_vam16_": 84, "FID_last_a": -1, "FID_as11_n": -1, "FID_as55_5": -1, "FID_as27_2": -1, "FID_as6_ne": -1, "FID_as59_6": -1, "FID_as_4_9": -1, "FID_as21_2": -1, "FID_as14_1": -1, "FID_as72_7": -1, "FID_as94_9": -1, "FID_as62_6": -1, "FID_as41_4": -1, "FID_as48_5": -1, "FID_as29_3": -1, "FID_as34_3": -1, "FID_as36_4": -1, "FID_vam161": 98, "Id": 0, "FID_as71_n": -1, "FID_112": -1, "Id_1": 0, "FID_111": -1, "Id_12": 0, "FID_110": -1, "Id_12_13": 0, "FID_109": -1, "Id_12_13_1": 0, "FID_106": -1, "Id_12_13_2": 0, "FID_105": -1, "Id_12_13_3": 0, "FID_113": -1, "Id_12_13_4": 0, "Shape_Leng": 597947.79723000003, "Shape_Area": 19094021271.900002 }, "geometry": { "type": "Polygon", "coordinates": [ [ [ 27.649999999694455, 38.89999999952515, 0.0 ], [ 28.599999999212852, 38.150000000337961, 0.0 ], [ 27.300000000391961, 38.069999999967898, 0.0 ], [ 27.10000000002054, 38.049999999817096, 0.0 ], [ 26.400000000517228, 38.69999999982462, 0.0 ], [ 26.529999999590842, 38.920000000193404, 0.0 ], [ 27.649999999694455, 38.89999999952515, 0.0 ] ] ] } },
{ "type": "Feature", "properties": { "FID_vam16_": 85, "FID_last_a": -1, "FID_as11_n": -1, "FID_as55_5": -1, "FID_as27_2": -1, "FID_as6_ne": -1, "FID_as59_6": -1, "FID_as_4_9": -1, "FID_as21_2": -1, "FID_as14_1": -1, "FID_as72_7": -1, "FID_as94_9": -1, "FID_as62_6": -1, "FID_as41_4": -1, "FID_as48_5": -1, "FID_as29_3": -1, "FID_as34_3": -1, "FID_as36_4": -1, "FID_vam161": 99, "Id": 0, "FID_as71_n": -1, "FID_112": -1, "Id_1": 0, "FID_111": -1, "Id_12": 0, "FID_110": -1, "Id_12_13": 0, "FID_109": -1, "Id_12_13_1": 0, "FID_106": -1, "Id_12_13_2": 0, "FID_105": -1, "Id_12_13_3": 0, "FID_113": -1, "Id_12_13_4": 0, "Shape_Leng": 545032.27836700005, "Shape_Area": 14305066382.9 }, "geometry": { "type": "Polygon", "coordinates": [ [ [ 28.14999999972467, 39.499999999966661, 0.0 ], [ 27.649999999694455, 38.89999999952515, 0.0 ], [ 26.529999999590842, 38.920000000193404, 0.0 ], [ 26.999999999834841, 39.499999999966661, 0.0 ], [ 28.35000000009606, 39.880000000172515, 0.0 ], [ 28.14999999972467, 39.499999999966661, 0.0 ] ] ] } },
{ "type": "Feature", "properties": { "FID_vam16_": 86, "FID_last_a": -1, "FID_as11_n": -1, "FID_as55_5": -1, "FID_as27_2": -1, "FID_as6_ne": -1, "FID_as59_6": -1, "FID_as_4_9": -1, "FID_as21_2": -1, "FID_as14_1": -1, "FID_as72_7": -1, "FID_as94_9": -1, "FID_as62_6": -1, "FID_as41_4": -1, "FID_as48_5": -1, "FID_as29_3": -1, "FID_as34_3": -1, "FID_as36_4": -1, "FID_vam161": 100, "Id": 0, "FID_as71_n": -1, "FID_112": -1, "Id_1": 0, "FID_111": -1, "Id_12": 0, "FID_110": -1, "Id_12_13": 0, "FID_109": -1, "Id_12_13_1": 0, "FID_106": -1, "Id_12_13_2": 0, "FID_105": -1, "Id_12_13_3": 0, "FID_113": -1, "Id_12_13_4": 0, "Shape_Leng": 731659.750703, "Shape_Area": 13326658147.1 }, "geometry": { "type": "Polygon", "coordinates": [ [ [ 31.099999999363934, 39.69999999970436, 0.0 ], [ 31.099999999363934, 39.450000000592389, 0.0 ], [ 28.14999999972467, 39.499999999966661, 0.0 ], [ 28.35000000009606, 39.880000000172515, 0.0 ], [ 30.199999999489194, 39.69999999970436, 0.0 ], [ 31.099999999363934, 39.69999999970436, 0.0 ] ] ] } },
{ "type": "Feature", "properties": { "FID_vam16_": 87, "FID_last_a": -1, "FID_as11_n": -1, "FID_as55_5": -1, "FID_as27_2": -1, "FID_as6_ne": -1, "FID_as59_6": -1, "FID_as_4_9": -1, "FID_as21_2": -1, "FID_as14_1": -1, "FID_as72_7": -1, "FID_as94_9": -1, "FID_as62_6": -1, "FID_as41_4": -1, "FID_as48_5": -1, "FID_as29_3": -1, "FID_as34_3": -1, "FID_as36_4": -1, "FID_vam161": 101, "Id": 0, "FID_as71_n": -1, "FID_112": -1, "Id_1": 0, "FID_111": -1, "Id_12": 0, "FID_110": -1, "Id_12_13": 0, "FID_109": -1, "Id_12_13_1": 0, "FID_106": -1, "Id_12_13_2": 0, "FID_105": -1, "Id_12_13_3": 0, "FID_113": -1, "Id_12_13_4": 0, "Shape_Leng": 980387.16616799997, "Shape_Area": 44567851010.5 }, "geometry": { "type": "Polygon", "coordinates": [ [ [ 31.099999999363934, 39.450000000592389, 0.0 ], [ 31.099999999363934, 38.349999999934568, 0.0 ], [ 27.649999999694455, 38.89999999952515, 0.0 ], [ 28.14999999972467, 39.499999999966661, 0.0 ], [ 31.099999999363934, 39.450000000592389, 0.0 ] ] ] } },
{ "type": "Feature", "properties": { "FID_vam16_": 88, "FID_last_a": -1, "FID_as11_n": -1, "FID_as55_5": -1, "FID_as27_2": -1, "FID_as6_ne": -1, "FID_as59_6": -1, "FID_as_4_9": -1, "FID_as21_2": -1, "FID_as14_1": -1, "FID_as72_7": -1, "FID_as94_9": -1, "FID_as62_6": -1, "FID_as41_4": -1, "FID_as48_5": -1, "FID_as29_3": -1, "FID_as34_3": -1, "FID_as36_4": -1, "FID_vam161": 102, "Id": 0, "FID_as71_n": -1, "FID_112": -1, "Id_1": 0, "FID_111": -1, "Id_12": 0, "FID_110": -1, "Id_12_13": 0, "FID_109": -1, "Id_12_13_1": 0, "FID_106": -1, "Id_12_13_2": 0, "FID_105": -1, "Id_12_13_3": 0, "FID_113": -1, "Id_12_13_4": 0, "Shape_Leng": 887491.96775499999, "Shape_Area": 27679905688.5 }, "geometry": { "type": "Polygon", "coordinates": [ [ [ 31.099999999363934, 38.349999999934568, 0.0 ], [ 31.100000000262231, 37.950000000049684, 0.0 ], [ 30.200000000387529, 37.949999999341316, 0.0 ], [ 28.899999999769978, 37.950000000049684, 0.0 ], [ 28.599999999212852, 38.150000000337961, 0.0 ], [ 27.649999999694455, 38.89999999952515, 0.0 ], [ 30.30127054806669, 38.477333681244936, 0.0 ], [ 31.099999999363934, 38.349999999934568, 0.0 ] ] ] } },
{ "type": "Feature", "properties": { "FID_vam16_": 89, "FID_last_a": -1, "FID_as11_n": -1, "FID_as55_5": -1, "FID_as27_2": -1, "FID_as6_ne": -1, "FID_as59_6": -1, "FID_as_4_9": -1, "FID_as21_2": -1, "FID_as14_1": -1, "FID_as72_7": -1, "FID_as94_9": -1, "FID_as62_6": -1, "FID_as41_4": -1, "FID_as48_5": -1, "FID_as29_3": -1, "FID_as34_3": -1, "FID_as36_4": -1, "FID_vam161": 103, "Id": 0, "FID_as71_n": -1, "FID_112": -1, "Id_1": 0, "FID_111": -1, "Id_12": 0, "FID_110": -1, "Id_12_13": 0, "FID_109": -1, "Id_12_13_1": 0, "FID_106": -1, "Id_12_13_2": 0, "FID_105": -1, "Id_12_13_3": 0, "FID_113": -1, "Id_12_13_4": 0, "Shape_Leng": 376572.33604999998, "Shape_Area": 8739656704.9500008 }, "geometry": { "type": "Polygon", "coordinates": [ [ [ 27.399999999679331, 37.279999999994942, 0.0 ], [ 26.499999999804626, 37.299999999815164, 0.0 ], [ 26.499999999804626, 37.750000000387558, 0.0 ], [ 27.10000000002054, 38.049999999817096, 0.0 ], [ 27.300000000391961, 38.069999999967898, 0.0 ], [ 27.399999999679331, 37.279999999994942, 0.0 ] ] ] } },
{ "type": "Feature", "properties": { "FID_vam16_": 90, "FID_last_a": -1, "FID_as11_n": -1, "FID_as55_5": -1, "FID_as27_2": -1, "FID_as6_ne": -1, "FID_as59_6": -1, "FID_as_4_9": -1, "FID_as21_2": -1, "FID_as14_1": -1, "FID_as72_7": -1, "FID_as94_9": -1, "FID_as62_6": -1, "FID_as41_4": -1, "FID_as48_5": -1, "FID_as29_3": -1, "FID_as34_3": -1, "FID_as36_4": -1, "FID_vam161": 104, "Id": 0, "FID_as71_n": -1, "FID_112": -1, "Id_1": 0, "FID_111": -1, "Id_12": 0, "FID_110": -1, "Id_12_13": 0, "FID_109": -1, "Id_12_13_1": 0, "FID_106": -1, "Id_12_13_2": 0, "FID_105": -1, "Id_12_13_3": 0, "FID_113": -1, "Id_12_13_4": 0, "Shape_Leng": 542178.24133200001, "Shape_Area": 18049427517.0 }, "geometry": { "type": "Polygon", "coordinates": [ [ [ 28.749999999940581, 37.199999999799893, 0.0 ], [ 27.399999999679331, 37.279999999994942, 0.0 ], [ 27.300000000391961, 38.069999999967898, 0.0 ], [ 28.599999999212852, 38.150000000337961, 0.0 ], [ 28.749999999940581, 37.199999999799893, 0.0 ] ] ] } },
{ "type": "Feature", "properties": { "FID_vam16_": 91, "FID_last_a": -1, "FID_as11_n": -1, "FID_as55_5": -1, "FID_as27_2": -1, "FID_as6_ne": -1, "FID_as59_6": -1, "FID_as_4_9": -1, "FID_as21_2": -1, "FID_as14_1": -1, "FID_as72_7": -1, "FID_as94_9": -1, "FID_as62_6": -1, "FID_as41_4": -1, "FID_as48_5": -1, "FID_as29_3": -1, "FID_as34_3": -1, "FID_as36_4": -1, "FID_vam161": -1, "Id": 0, "FID_as71_n": 1, "FID_112": -1, "Id_1": 0, "FID_111": -1, "Id_12": 0, "FID_110": -1, "Id_12_13": 0, "FID_109": -1, "Id_12_13_1": 0, "FID_106": -1, "Id_12_13_2": 0, "FID_105": -1, "Id_12_13_3": 0, "FID_113": -1, "Id_12_13_4": 0, "Shape_Leng": 352818.10864699999, "Shape_Area": 5255168571.1800003 }, "geometry": { "type": "Polygon", "coordinates": [ [ [ 23.499999999623334, 35.850000000167121, 0.0 ], [ 23.800000000180454, 35.599999999696266, 0.0 ], [ 24.09999999983928, 35.349999999967714, 0.0 ], [ 23.849999999824156, 35.14999999979721, 0.0 ], [ 23.250000000506539, 35.599999999696266, 0.0 ], [ 23.022922779618575, 35.721320368492705, 0.0 ], [ 23.261374504566671, 35.885600264366943, 0.0 ], [ 23.499999999623334, 36.050000000259068, 0.0 ], [ 23.499999999623334, 35.850000000167121, 0.0 ] ] ] } },
{ "type": "Feature", "properties": { "FID_vam16_": 92, "FID_last_a": -1, "FID_as11_n": 1, "FID_as55_5": -1, "FID_as27_2": -1, "FID_as6_ne": -1, "FID_as59_6": 1, "FID_as_4_9": -1, "FID_as21_2": -1, "FID_as14_1": -1, "FID_as72_7": -1, "FID_as94_9": -1, "FID_as62_6": -1, "FID_as41_4": -1, "FID_as48_5": -1, "FID_as29_3": -1, "FID_as34_3": -1, "FID_as36_4": -1, "FID_vam161": -1, "Id": 0, "FID_as71_n": -1, "FID_112": -1, "Id_1": 0, "FID_111": -1, "Id_12": 0, "FID_110": -1, "Id_12_13": 0, "FID_109": -1, "Id_12_13_1": 0, "FID_106": -1, "Id_12_13_2": 0, "FID_105": -1, "Id_12_13_3": 0, "FID_113": -1, "Id_12_13_4": 0, "Shape_Leng": 38875.821198600002, "Shape_Area": 45.715097471199996 }, "geometry": { "type": "Polygon", "coordinates": [ [ [ 21.354549139238785, 38.536286221461808, 0.0 ], [ 21.354549137442156, 38.536286188436065, 0.0 ], [ 21.179999999986226, 38.539999999602358, 0.0 ], [ 21.354549139238785, 38.536286221461808, 0.0 ] ] ] } },
{ "type": "Feature", "properties": { "FID_vam16_": 93, "FID_last_a": -1, "FID_as11_n": -1, "FID_as55_5": 1, "FID_as27_2": -1, "FID_as6_ne": -1, "FID_as59_6": 1, "FID_as_4_9": -1, "FID_as21_2": -1, "FID_as14_1": -1, "FID_as72_7": -1, "FID_as94_9": -1, "FID_as62_6": -1, "FID_as41_4": -1, "FID_as48_5": -1, "FID_as29_3": -1, "FID_as34_3": -1, "FID_as36_4": -1, "FID_vam161": -1, "Id": 0, "FID_as71_n": -1, "FID_112": -1, "Id_1": 0, "FID_111": -1, "Id_12": 0, "FID_110": -1, "Id_12_13": 0, "FID_109": -1, "Id_12_13_1": 0, "FID_106": -1, "Id_12_13_2": 0, "FID_105": -1, "Id_12_13_3": 0, "FID_113": -1, "Id_12_13_4": 0, "Shape_Leng": 65803.210802400004, "Shape_Area": 96.256820237499994 }, "geometry": { "type": "MultiPolygon", "coordinates": [ [ [ [ 21.414999999659063, 38.535000000000331, 0.0 ], [ 21.354549137442156, 38.536286188436065, 0.0 ], [ 21.354549139238785, 38.536286221461808, 0.0 ], [ 21.414999999659063, 38.535000000000331, 0.0 ] ] ], [ [ [ 21.6499999993319, 38.530000000015953, 0.0 ], [ 21.532499999944633, 38.532500000226193, 0.0 ], [ 21.414999999659063, 38.535000000000331, 0.0 ], [ 21.6499999993319, 38.530000000015953, 0.0 ] ] ] ] } },
{ "type": "Feature", "properties": { "FID_vam16_": 94, "FID_last_a": -1, "FID_as11_n": -1, "FID_as55_5": 1, "FID_as27_2": -1, "FID_as6_ne": -1, "FID_as59_6": -1, "FID_as_4_9": -1, "FID_as21_2": -1, "FID_as14_1": -1, "FID_as72_7": -1, "FID_as94_9": -1, "FID_as62_6": -1, "FID_as41_4": -1, "FID_as48_5": -1, "FID_as29_3": -1, "FID_as34_3": -1, "FID_as36_4": -1, "FID_vam161": 61, "Id": 0, "FID_as71_n": -1, "FID_112": -1, "Id_1": 0, "FID_111": -1, "Id_12": 0, "FID_110": -1, "Id_12_13": 0, "FID_109": -1, "Id_12_13_1": 0, "FID_106": -1, "Id_12_13_2": 0, "FID_105": -1, "Id_12_13_3": 0, "FID_113": -1, "Id_12_13_4": 0, "Shape_Leng": 164407.042453, "Shape_Area": 10757.9960694 }, "geometry": { "type": "MultiPolygon", "coordinates": [ [ [ [ 22.199999999904112, 38.4999999997261, 0.0 ], [ 21.924999999618006, 38.515000000037695, 0.0 ], [ 21.6499999993319, 38.530000000015953, 0.0 ], [ 22.199999999904112, 38.4999999997261, 0.0 ] ] ], [ [ [ 22.379999999519722, 38.460000000684509, 0.0 ], [ 22.290000000161083, 38.480000000241276, 0.0 ], [ 22.199999999904112, 38.4999999997261, 0.0 ], [ 22.379999999519722, 38.460000000684509, 0.0 ] ] ] ] } },
{ "type": "Feature", "properties": { "FID_vam16_": 95, "FID_last_a": -1, "FID_as11_n": -1, "FID_as55_5": 1, "FID_as27_2": -1, "FID_as6_ne": -1, "FID_as59_6": -1, "FID_as_4_9": -1, "FID_as21_2": -1, "FID_as14_1": -1, "FID_as72_7": -1, "FID_as94_9": -1, "FID_as62_6": -1, "FID_as41_4": -1, "FID_as48_5": -1, "FID_as29_3": -1, "FID_as34_3": -1, "FID_as36_4": -1, "FID_vam161": 62, "Id": 0, "FID_as71_n": -1, "FID_112": -1, "Id_1": 0, "FID_111": -1, "Id_12": 0, "FID_110": -1, "Id_12_13": 0, "FID_109": -1, "Id_12_13_1": 0, "FID_106": -1, "Id_12_13_2": 0, "FID_105": -1, "Id_12_13_3": 0, "FID_113": -1, "Id_12_13_4": 0, "Shape_Leng": 98618.767164799996, "Shape_Area": 9644.2755393099997 }, "geometry": { "type": "Polygon", "coordinates": [ [ [ 22.819999999977508, 38.420000000194818, 0.0 ], [ 22.599999999748633, 38.440000000239507, 0.0 ], [ 22.379999999519722, 38.460000000684509, 0.0 ], [ 22.819999999977508, 38.420000000194818, 0.0 ] ] ] } },
{ "type": "Feature", "properties": { "FID_vam16_": 96, "FID_last_a": -1, "FID_as11_n": -1, "FID_as55_5": -1, "FID_as27_2": 1, "FID_as6_ne": -1, "FID_as59_6": -1, "FID_as_4_9": -1, "FID_as21_2": -1, "FID_as14_1": -1, "FID_as72_7": -1, "FID_as94_9": -1, "FID_as62_6": -1, "FID_as41_4": -1, "FID_as48_5": -1, "FID_as29_3": -1, "FID_as34_3": -1, "FID_as36_4": -1, "FID_vam161": 32, "Id": 0, "FID_as71_n": -1, "FID_112": -1, "Id_1": 0, "FID_111": -1, "Id_12": 0, "FID_110": -1, "Id_12_13": 0, "FID_109": -1, "Id_12_13_1": 0, "FID_106": -1, "Id_12_13_2": 0, "FID_105": -1, "Id_12_13_3": 0, "FID_113": -1, "Id_12_13_4": 0, "Shape_Leng": 465258.044888, "Shape_Area": 1719802.65909 }, "geometry": { "type": "MultiPolygon", "coordinates": [ [ [ [ 22.499999999562938, 41.999999999667651, 0.0 ], [ 23.599999999809064, 42.249999999955087, 0.0 ], [ 23.050000000135149, 42.124999999833555, 0.0 ], [ 22.499999999562938, 41.999999999667651, 0.0 ] ] ], [ [ [ 21.599999999688201, 41.799999999732449, 0.0 ], [ 22.499999999562938, 41.999999999667651, 0.0 ], [ 22.050000000074718, 41.900000000115114, 0.0 ], [ 21.599999999688201, 41.799999999732449, 0.0 ] ] ] ] } },
{ "type": "Feature", "properties": { "FID_vam16_": 97, "FID_last_a": -1, "FID_as11_n": -1, "FID_as55_5": -1, "FID_as27_2": -1, "FID_as6_ne": 1, "FID_as59_6": -1, "FID_as_4_9": -1, "FID_as21_2": -1, "FID_as14_1": -1, "FID_as72_7": -1, "FID_as94_9": -1, "FID_as62_6": -1, "FID_as41_4": -1, "FID_as48_5": -1, "FID_as29_3": 1, "FID_as34_3": -1, "FID_as36_4": -1, "FID_vam161": -1, "Id": 0, "FID_as71_n": -1, "FID_112": -1, "Id_1": 0, "FID_111": -1, "Id_12": 0, "FID_110": -1, "Id_12_13": 0, "FID_109": -1, "Id_12_13_1": 0, "FID_106": -1, "Id_12_13_2": 0, "FID_105": -1, "Id_12_13_3": 0, "FID_113": -1, "Id_12_13_4": 0, "Shape_Leng": 49111.225086600003, "Shape_Area": 9886.0705188699994 }, "geometry": { "type": "Polygon", "coordinates": [ [ [ 20.80345691843511, 41.389640357167401, 0.0 ], [ 20.799999999999194, 41.399999999827401, 0.0 ], [ 20.750000000355499, 41.550000000103523, 0.0 ], [ 20.80345691843511, 41.389640357167401, 0.0 ] ] ] } },
{ "type": "Feature", "properties": { "FID_vam16_": 98, "FID_last_a": -1, "FID_as11_n": -1, "FID_as55_5": -1, "FID_as27_2": -1, "FID_as6_ne": 1, "FID_as59_6": -1, "FID_as_4_9": -1, "FID_as21_2": -1, "FID_as14_1": -1, "FID_as72_7": -1, "FID_as94_9": -1, "FID_as62_6": -1, "FID_as41_4": -1, "FID_as48_5": -1, "FID_as29_3": -1, "FID_as34_3": -1, "FID_as36_4": -1, "FID_vam161": 1, "Id": 0, "FID_as71_n": -1, "FID_112": -1, "Id_1": 0, "FID_111": -1, "Id_12": 0, "FID_110": -1, "Id_12_13": 0, "FID_109": -1, "Id_12_13_1": 0, "FID_106": -1, "Id_12_13_2": 0, "FID_105": -1, "Id_12_13_3": 0, "FID_113": -1, "Id_12_13_4": 0, "Shape_Leng": 121794.907137, "Shape_Area": 261386.13029100001 }, "geometry": { "type": "Polygon", "coordinates": [ [ [ 19.799999999938763, 41.750000000257273, 0.0 ], [ 19.750000000295067, 41.950000000078909, 0.0 ], [ 19.699999999753068, 42.15000000003775, 0.0 ], [ 19.799999999938763, 41.750000000257273, 0.0 ] ] ] } },
{ "type": "Feature", "properties": { "FID_vam16_": 99, "FID_last_a": -1, "FID_as11_n": -1, "FID_as55_5": -1, "FID_as27_2": -1, "FID_as6_ne": 1, "FID_as59_6": -1, "FID_as_4_9": -1, "FID_as21_2": -1, "FID_as14_1": -1, "FID_as72_7": -1, "FID_as94_9": -1, "FID_as62_6": -1, "FID_as41_4": -1, "FID_as48_5": -1, "FID_as29_3": -1, "FID_as34_3": -1, "FID_as36_4": -1, "FID_vam161": 2, "Id": 0, "FID_as71_n": -1, "FID_112": -1, "Id_1": 0, "FID_111": -1, "Id_12": 0, "FID_110": -1, "Id_12_13": 0, "FID_109": -1, "Id_12_13_1": 0, "FID_106": -1, "Id_12_13_2": 0, "FID_105": -1, "Id_12_13_3": 0, "FID_113": -1, "Id_12_13_4": 0, "Shape_Leng": 244038.39577100001, "Shape_Area": 5289970.1507599996 }, "geometry": { "type": "Polygon", "coordinates": [ [ [ 20.249999999426951, 40.999999999677861, 0.0 ], [ 20.198616688568833, 41.085638851870769, 0.0 ], [ 20.128102533823203, 41.203162443257867, 0.0 ], [ 20.077150168163062, 41.288083053544824, 0.0 ], [ 20.024999999682873, 41.375000000206292, 0.0 ], [ 19.993814146466509, 41.426976422027664, 0.0 ], [ 19.943553643475255, 41.51074392744777, 0.0 ], [ 19.905791311200417, 41.573681147770024, 0.0 ], [ 19.864703572948969, 41.642160711465088, 0.0 ], [ 19.825088833709916, 41.708185277602709, 0.0 ], [ 19.799999999938763, 41.750000000257273, 0.0 ], [ 20.249999999426951, 40.999999999677861, 0.0 ] ] ] } },
{ "type": "Feature", "properties": { "FID_vam16_": 100, "FID_last_a": -1, "FID_as11_n": -1, "FID_as55_5": -1, "FID_as27_2": -1, "FID_as6_ne": 1, "FID_as59_6": -1, "FID_as_4_9": -1, "FID_as21_2": -1, "FID_as14_1": -1, "FID_as72_7": -1, "FID_as94_9": -1, "FID_as62_6": -1, "FID_as41_4": -1, "FID_as48_5": -1, "FID_as29_3": -1, "FID_as34_3": -1, "FID_as36_4": -1, "FID_vam161": 8, "Id": 0, "FID_as71_n": -1, "FID_112": -1, "Id_1": 0, "FID_111": -1, "Id_12": 0, "FID_110": -1, "Id_12_13": 0, "FID_109": -1, "Id_12_13_1": 0, "FID_106": -1, "Id_12_13_2": 0, "FID_105": -1, "Id_12_13_3": 0, "FID_113": -1, "Id_12_13_4": 0, "Shape_Leng": 152657.481749, "Shape_Area": 723652.17055100005 }, "geometry": { "type": "Polygon", "coordinates": [ [ [ 20.249999999426951, 40.999999999677861, 0.0 ], [ 20.849999999642893, 41.249999999844604, 0.0 ], [ 20.77101401670906, 41.217089173800531, 0.0 ], [ 20.58637243998669, 41.140155183401014, 0.0 ], [ 20.431739402435639, 41.075724750986573, 0.0 ], [ 20.249999999426951, 40.999999999677861, 0.0 ] ] ] } },
{ "type": "Feature", "properties": { "FID_vam16_": 101, "FID_last_a": -1, "FID_as11_n": -1, "FID_as55_5": -1, "FID_as27_2": -1, "FID_as6_ne": -1, "FID_as59_6": 1, "FID_as_4_9": -1, "FID_as21_2": -1, "FID_as14_1": -1, "FID_as72_7": -1, "FID_as94_9": -1, "FID_as62_6": -1, "FID_as41_4": -1, "FID_as48_5": -1, "FID_as29_3": -1, "FID_as34_3": -1, "FID_as36_4": -1, "FID_vam161": 17, "Id": 0, "FID_as71_n": -1, "FID_112": -1, "Id_1": 0, "FID_111": -1, "Id_12": 0, "FID_110": -1, "Id_12_13": 0, "FID_109": -1, "Id_12_13_1": 0, "FID_106": -1, "Id_12_13_2": 0, "FID_105": -1, "Id_12_13_3": 0, "FID_113": -1, "Id_12_13_4": 0, "Shape_Leng": 132887.808647, "Shape_Area": 672667.33708900004 }, "geometry": { "type": "Polygon", "coordinates": [ [ [ 21.219999999701169, 37.629999999890693, 0.0 ], [ 21.034999999672031, 37.815000000168205, 0.0 ], [ 20.849999999642893, 37.999999999503771, 0.0 ], [ 21.219999999701169, 37.629999999890693, 0.0 ] ] ] } },
{ "type": "Feature", "properties": { "FID_vam16_": 102, "FID_last_a": -1, "FID_as11_n": -1, "FID_as55_5": -1, "FID_as27_2": -1, "FID_as6_ne": -1, "FID_as59_6": 1, "FID_as_4_9": -1, "FID_as21_2": -1, "FID_as14_1": -1, "FID_as72_7": -1, "FID_as94_9": -1, "FID_as62_6": -1, "FID_as41_4": -1, "FID_as48_5": -1, "FID_as29_3": -1, "FID_as34_3": -1, "FID_as36_4": -1, "FID_vam161": 68, "Id": 0, "FID_as71_n": -1, "FID_112": -1, "Id_1": 0, "FID_111": -1, "Id_12": 0, "FID_110": -1, "Id_12_13": 0, "FID_109": -1, "Id_12_13_1": 0, "FID_106": -1, "Id_12_13_2": 0, "FID_105": -1, "Id_12_13_3": 0, "FID_113": -1, "Id_12_13_4": 0, "Shape_Leng": 218463.12929499999, "Shape_Area": 2293853.87947 }, "geometry": { "type": "Polygon", "coordinates": [ [ [ 21.219999999701169, 37.629999999890693, 0.0 ], [ 21.999999999532722, 38.100000000551425, 0.0 ], [ 21.609999999616928, 37.864999999632815, 0.0 ], [ 21.219999999701169, 37.629999999890693, 0.0 ] ] ] } },
{ "type": "Feature", "properties": { "FID_vam16_": 103, "FID_last_a": -1, "FID_as11_n": -1, "FID_as55_5": -1, "FID_as27_2": -1, "FID_as6_ne": -1, "FID_as59_6": -1, "FID_as_4_9": 1, "FID_as21_2": -1, "FID_as14_1": 1, "FID_as72_7": -1, "FID_as94_9": -1, "FID_as62_6": -1, "FID_as41_4": -1, "FID_as48_5": -1, "FID_as29_3": -1, "FID_as34_3": -1, "FID_as36_4": -1, "FID_vam161": -1, "Id": 0, "FID_as71_n": -1, "FID_112": -1, "Id_1": 0, "FID_111": -1, "Id_12": 0, "FID_110": -1, "Id_12_13": 0, "FID_109": -1, "Id_12_13_1": 0, "FID_106": -1, "Id_12_13_2": 0, "FID_105": -1, "Id_12_13_3": 0, "FID_113": -1, "Id_12_13_4": 0, "Shape_Leng": 180313.42587400001, "Shape_Area": 1384348.45052 }, "geometry": { "type": "Polygon", "coordinates": [ [ [ 19.099999999537122, 36.800000000268405, 0.0 ], [ 19.400000000094245, 37.399999999812145, 0.0 ], [ 19.249999999366551, 37.100000000243078, 0.0 ], [ 19.099999999537122, 36.800000000268405, 0.0 ] ] ] } },
{ "type": "Feature", "properties": { "FID_vam16_": 104, "FID_last_a": -1, "FID_as11_n": -1, "FID_as55_5": -1, "FID_as27_2": -1, "FID_as6_ne": -1, "FID_as59_6": -1, "FID_as_4_9": 1, "FID_as21_2": -1, "FID_as14_1": -1, "FID_as72_7": -1, "FID_as94_9": -1, "FID_as62_6": -1, "FID_as41_4": -1, "FID_as48_5": -1, "FID_as29_3": -1, "FID_as34_3": -1, "FID_as36_4": -1, "FID_vam161": 11, "Id": 0, "FID_as71_n": -1, "FID_112": -1, "Id_1": 0, "FID_111": -1, "Id_12": 0, "FID_110": -1, "Id_12_13": 0, "FID_109": -1, "Id_12_13_1": 0, "FID_106": -1, "Id_12_13_2": 0, "FID_105": -1, "Id_12_13_3": 0, "FID_113": -1, "Id_12_13_4": 0, "Shape_Leng": 78148.264920999995, "Shape_Area": 60620.6424167 }, "geometry": { "type": "Polygon", "coordinates": [ [ [ 20.199999999783284, 38.539999999602358, 0.0 ], [ 20.25999999935571, 38.809999999628509, 0.0 ], [ 20.229999999569497, 38.674999999594597, 0.0 ], [ 20.199999999783284, 38.539999999602358, 0.0 ] ] ] } },
{ "type": "Feature", "properties": { "FID_vam16_": 105, "FID_last_a": -1, "FID_as11_n": -1, "FID_as55_5": -1, "FID_as27_2": -1, "FID_as6_ne": -1, "FID_as59_6": -1, "FID_as_4_9": 1, "FID_as21_2": -1, "FID_as14_1": -1, "FID_as72_7": -1, "FID_as94_9": -1, "FID_as62_6": -1, "FID_as41_4": -1, "FID_as48_5": -1, "FID_as29_3": -1, "FID_as34_3": -1, "FID_as36_4": -1, "FID_vam161": 13, "Id": 0, "FID_as71_n": -1, "FID_112": -1, "Id_1": 0, "FID_111": -1, "Id_12": 0, "FID_110": -1, "Id_12_13": 0, "FID_109": -1, "Id_12_13_1": 0, "FID_106": -1, "Id_12_13_2": 0, "FID_105": -1, "Id_12_13_3": 0, "FID_113": -1, "Id_12_13_4": 0, "Shape_Leng": 248519.15572499999, "Shape_Area": 4440885.5388399996 }, "geometry": { "type": "Polygon", "coordinates": [ [ [ 19.599999999567338, 37.800000000057537, 0.0 ], [ 20.199999999783284, 38.539999999602358, 0.0 ], [ 19.900000000124461, 38.169999999700401, 0.0 ], [ 19.599999999567338, 37.800000000057537, 0.0 ] ] ] } },
{ "type": "Feature", "properties": { "FID_vam16_": 106, "FID_last_a": -1, "FID_as11_n": -1, "FID_as55_5": -1, "FID_as27_2": -1, "FID_as6_ne": -1, "FID_as59_6": -1, "FID_as_4_9": 1, "FID_as21_2": -1, "FID_as14_1": -1, "FID_as72_7": -1, "FID_as94_9": -1, "FID_as62_6": -1, "FID_as41_4": -1, "FID_as48_5": -1, "FID_as29_3": -1, "FID_as34_3": -1, "FID_as36_4": -1, "FID_vam161": 16, "Id": 0, "FID_as71_n": -1, "FID_112": -1, "Id_1": 0, "FID_111": -1, "Id_12": 0, "FID_110": -1, "Id_12_13": 0, "FID_109": -1, "Id_12_13_1": 0, "FID_106": -1, "Id_12_13_2": 0, "FID_105": -1, "Id_12_13_3": 0, "FID_113": -1, "Id_12_13_4": 0, "Shape_Leng": 120901.74946599999, "Shape_Area": 420452.86716600001 }, "geometry": { "type": "Polygon", "coordinates": [ [ [ 19.400000000094245, 37.399999999812145, 0.0 ], [ 19.599999999567338, 37.800000000057537, 0.0 ], [ 19.499999999381647, 37.599999999937729, 0.0 ], [ 19.400000000094245, 37.399999999812145, 0.0 ] ] ] } },
{ "type": "Feature", "properties": { "FID_vam16_": 107, "FID_last_a": -1, "FID_as11_n": -1, "FID_as55_5": -1, "FID_as27_2": -1, "FID_as6_ne": -1, "FID_as59_6": -1, "FID_as_4_9": -1, "FID_as21_2": 1, "FID_as14_1": 1, "FID_as72_7": -1, "FID_as94_9": -1, "FID_as62_6": -1, "FID_as41_4": -1, "FID_as48_5": -1, "FID_as29_3": -1, "FID_as34_3": -1, "FID_as36_4": -1, "FID_vam161": -1, "Id": 0, "FID_as71_n": -1, "FID_112": -1, "Id_1": 0, "FID_111": -1, "Id_12": 0, "FID_110": -1, "Id_12_13": 0, "FID_109": -1, "Id_12_13_1": 0, "FID_106": -1, "Id_12_13_2": 0, "FID_105": -1, "Id_12_13_3": 0, "FID_113": -1, "Id_12_13_4": 0, "Shape_Leng": 236118.18587799999, "Shape_Area": 3392127.5227800002 }, "geometry": { "type": "Polygon", "coordinates": [ [ [ 23.599999999809064, 33.000000000045986, 0.0 ], [ 24.249999999668674, 33.699999999856097, 0.0 ], [ 23.924999999738866, 33.350000000174752, 0.0 ], [ 23.599999999809064, 33.000000000045986, 0.0 ] ] ] } },
{ "type": "Feature", "properties": { "FID_vam16_": 108, "FID_last_a": -1, "FID_as11_n": -1, "FID_as55_5": -1, "FID_as27_2": -1, "FID_as6_ne": -1, "FID_as59_6": -1, "FID_as_4_9": -1, "FID_as21_2": -1, "FID_as14_1": 1, "FID_as72_7": -1, "FID_as94_9": -1, "FID_as62_6": -1, "FID_as41_4": -1, "FID_as48_5": -1, "FID_as29_3": -1, "FID_as34_3": -1, "FID_as36_4": -1, "FID_vam161": 20, "Id": 0, "FID_as71_n": -1, "FID_112": -1, "Id_1": 0, "FID_111": -1, "Id_12": 0, "FID_110": -1, "Id_12_13": 0, "FID_109": -1, "Id_12_13_1": 0, "FID_106": -1, "Id_12_13_2": 0, "FID_105": -1, "Id_12_13_3": 0, "FID_113": -1, "Id_12_13_4": 0, "Shape_Leng": 30713.2742655, "Shape_Area": 81392.219164900001 }, "geometry": { "type": "Polygon", "coordinates": [ [ [ 21.986926626760074, 35.318206846103656, 0.0 ], [ 21.916687792174319, 35.375291428648872, 0.0 ], [ 21.889297903141642, 35.397693286305966, 0.0 ], [ 21.986926626760074, 35.318206846103656, 0.0 ] ] ] } },
{ "type": "Feature", "properties": { "FID_vam16_": 109, "FID_last_a": -1, "FID_as11_n": -1, "FID_as55_5": -1, "FID_as27_2": -1, "FID_as6_ne": -1, "FID_as59_6": -1, "FID_as_4_9": -1, "FID_as21_2": -1, "FID_as14_1": -1, "FID_as72_7": 1, "FID_as94_9": -1, "FID_as62_6": -1, "FID_as41_4": -1, "FID_as48_5": -1, "FID_as29_3": -1, "FID_as34_3": -1, "FID_as36_4": -1, "FID_vam161": 21, "Id": 0, "FID_as71_n": -1, "FID_112": -1, "Id_1": 0, "FID_111": -1, "Id_12": 0, "FID_110": -1, "Id_12_13": 0, "FID_109": -1, "Id_12_13_1": 0, "FID_106": -1, "Id_12_13_2": 0, "FID_105": -1, "Id_12_13_3": 0, "FID_113": -1, "Id_12_13_4": 0, "Shape_Leng": 309847.180383, "Shape_Area": 1710685.86011 }, "geometry": { "type": "MultiPolygon", "coordinates": [ [ [ [ 24.30000000021067, 34.869999999901687, 0.0 ], [ 24.074999999568263, 35.010000000201167, 0.0 ], [ 23.849999999824156, 35.14999999979721, 0.0 ], [ 24.30000000021067, 34.869999999901687, 0.0 ] ] ], [ [ [ 24.949999999171983, 34.449999999687542, 0.0 ], [ 24.624999999242181, 34.65999999991616, 0.0 ], [ 24.30000000021067, 34.869999999901687, 0.0 ], [ 24.949999999171983, 34.449999999687542, 0.0 ] ] ] ] } },
{ "type": "Feature", "properties": { "FID_vam16_": 110, "FID_last_a": -1, "FID_as11_n": -1, "FID_as55_5": -1, "FID_as27_2": -1, "FID_as6_ne": -1, "FID_as59_6": -1, "FID_as_4_9": -1, "FID_as21_2": -1, "FID_as14_1": -1, "FID_as72_7": 1, "FID_as94_9": -1, "FID_as62_6": -1, "FID_as41_4": -1, "FID_as48_5": -1, "FID_as29_3": -1, "FID_as34_3": -1, "FID_as36_4": -1, "FID_vam161": 23, "Id": 0, "FID_as71_n": -1, "FID_112": -1, "Id_1": 0, "FID_111": -1, "Id_12": 0, "FID_110": -1, "Id_12_13": 0, "FID_109": -1, "Id_12_13_1": 0, "FID_106": -1, "Id_12_13_2": 0, "FID_105": -1, "Id_12_13_3": 0, "FID_113": -1, "Id_12_13_4": 0, "Shape_Leng": 245274.43363300001, "Shape_Area": 30882.252938400001 }, "geometry": { "type": "Polygon", "coordinates": [ [ [ 26.050000000316409, 34.399999999699062, 0.0 ], [ 25.499999999744194, 34.425000000171195, 0.0 ], [ 24.949999999171983, 34.449999999687542, 0.0 ], [ 26.050000000316409, 34.399999999699062, 0.0 ] ] ] } },
{ "type": "Feature", "properties": { "FID_vam16_": 111, "FID_last_a": -1, "FID_as11_n": -1, "FID_as55_5": -1, "FID_as27_2": -1, "FID_as6_ne": -1, "FID_as59_6": -1, "FID_as_4_9": -1, "FID_as21_2": -1, "FID_as14_1": -1, "FID_as72_7": 1, "FID_as94_9": -1, "FID_as62_6": -1, "FID_as41_4": -1, "FID_as48_5": -1, "FID_as29_3": -1, "FID_as34_3": -1, "FID_as36_4": -1, "FID_vam161": 24, "Id": 0, "FID_as71_n": -1, "FID_112": -1, "Id_1": 0, "FID_111": -1, "Id_12": 0, "FID_110": -1, "Id_12_13": 0, "FID_109": -1, "Id_12_13_1": 0, "FID_106": -1, "Id_12_13_2": 0, "FID_105": -1, "Id_12_13_3": 0, "FID_113": -1, "Id_12_13_4": 0, "Shape_Leng": 232647.01486, "Shape_Area": 2413354.4950700002 }, "geometry": { "type": "Polygon", "coordinates": [ [ [ 26.050000000316409, 34.399999999699062, 0.0 ], [ 26.899999999649115, 34.899999999759793, 0.0 ], [ 26.474999999533615, 34.649999999955774, 0.0 ], [ 26.050000000316409, 34.399999999699062, 0.0 ] ] ] } },
{ "type": "Feature", "properties": { "FID_vam16_": 112, "FID_last_a": -1, "FID_as11_n": -1, "FID_as55_5": -1, "FID_as27_2": -1, "FID_as6_ne": -1, "FID_as59_6": -1, "FID_as_4_9": -1, "FID_as21_2": -1, "FID_as14_1": -1, "FID_as72_7": 1, "FID_as94_9": -1, "FID_as62_6": -1, "FID_as41_4": -1, "FID_as48_5": -1, "FID_as29_3": -1, "FID_as34_3": -1, "FID_as36_4": -1, "FID_vam161": -1, "Id": 0, "FID_as71_n": 1, "FID_112": -1, "Id_1": 0, "FID_111": -1, "Id_12": 0, "FID_110": -1, "Id_12_13": 0, "FID_109": -1, "Id_12_13_1": 0, "FID_106": -1, "Id_12_13_2": 0, "FID_105": -1, "Id_12_13_3": 0, "FID_113": -1, "Id_12_13_4": 0, "Shape_Leng": 77916.908934100007, "Shape_Area": 116982.855713 }, "geometry": { "type": "Polygon", "coordinates": [ [ [ 23.849999999824156, 35.14999999979721, 0.0 ], [ 24.09999999983928, 35.349999999967714, 0.0 ], [ 23.975000000280865, 35.250000000327034, 0.0 ], [ 23.849999999824156, 35.14999999979721, 0.0 ] ] ] } },
{ "type": "Feature", "properties": { "FID_vam16_": 113, "FID_last_a": -1, "FID_as11_n": -1, "FID_as55_5": -1, "FID_as27_2": -1, "FID_as6_ne": -1, "FID_as59_6": -1, "FID_as_4_9": -1, "FID_as21_2": -1, "FID_as14_1": -1, "FID_as72_7": -1, "FID_as94_9": 1, "FID_as62_6": -1, "FID_as41_4": -1, "FID_as48_5": -1, "FID_as29_3": -1, "FID_as34_3": -1, "FID_as36_4": -1, "FID_vam161": 70, "Id": 0, "FID_as71_n": -1, "FID_112": -1, "Id_1": 0, "FID_111": -1, "Id_12": 0, "FID_110": -1, "Id_12_13": 0, "FID_109": -1, "Id_12_13_1": 0, "FID_106": -1, "Id_12_13_2": 0, "FID_105": -1, "Id_12_13_3": 0, "FID_113": -1, "Id_12_13_4": 0, "Shape_Leng": 139649.565103, "Shape_Area": 158648.98943399999 }, "geometry": { "type": "Polygon", "coordinates": [ [ [ 23.499999999623334, 36.649999999314439, 0.0 ], [ 23.474999999352352, 36.900000000250735, 0.0 ], [ 23.449999999979635, 37.149999999620448, 0.0 ], [ 23.499999999623334, 36.649999999314439, 0.0 ] ] ] } },
{ "type": "Feature", "properties": { "FID_vam16_": 114, "FID_last_a": -1, "FID_as11_n": -1, "FID_as55_5": -1, "FID_as27_2": -1, "FID_as6_ne": -1, "FID_as59_6": -1, "FID_as_4_9": -1, "FID_as21_2": -1, "FID_as14_1": -1, "FID_as72_7": -1, "FID_as94_9": 1, "FID_as62_6": -1, "FID_as41_4": -1, "FID_as48_5": -1, "FID_as29_3": -1, "FID_as34_3": -1, "FID_as36_4": -1, "FID_vam161": 75, "Id": 0, "FID_as71_n": -1, "FID_112": -1, "Id_1": 0, "FID_111": -1, "Id_12": 0, "FID_110": -1, "Id_12_13": 0, "FID_109": -1, "Id_12_13_1": 0, "FID_106": -1, "Id_12_13_2": 0, "FID_105": -1, "Id_12_13_3": 0, "FID_113": -1, "Id_12_13_4": 0, "Shape_Leng": 440779.773522, "Shape_Area": 4676503.5430600001 }, "geometry": { "type": "Polygon", "coordinates": [ [ [ 25.399999999558503, 35.799999999380312, 0.0 ], [ 24.450000000040063, 36.025000000198361, 0.0 ], [ 23.499999999623334, 36.249999999295795, 0.0 ], [ 25.399999999558503, 35.799999999380312, 0.0 ] ] ] } },
{ "type": "Feature", "properties": { "FID_vam16_": 115, "FID_last_a": -1, "FID_as11_n": -1, "FID_as55_5": -1, "FID_as27_2": -1, "FID_as6_ne": -1, "FID_as59_6": -1, "FID_as_4_9": -1, "FID_as21_2": -1, "FID_as14_1": -1, "FID_as72_7": -1, "FID_as94_9": -1, "FID_as62_6": 1, "FID_as41_4": -1, "FID_as48_5": -1, "FID_as29_3": -1, "FID_as34_3": -1, "FID_as36_4": -1, "FID_vam161": 65, "Id": 0, "FID_as71_n": -1, "FID_112": -1, "Id_1": 0, "FID_111": -1, "Id_12": 0, "FID_110": -1, "Id_12_13": 0, "FID_109": -1, "Id_12_13_1": 0, "FID_106": -1, "Id_12_13_2": 0, "FID_105": -1, "Id_12_13_3": 0, "FID_113": -1, "Id_12_13_4": 0, "Shape_Leng": 266915.74881000002, "Shape_Area": 1934409.1107099999 }, "geometry": { "type": "MultiPolygon", "coordinates": [ [ [ [ 23.250000000506539, 37.800000000057537, 0.0 ], [ 24.150000000381276, 38.200000000409439, 0.0 ], [ 23.699999999994759, 38.000000000211664, 0.0 ], [ 23.250000000506539, 37.800000000057537, 0.0 ] ] ], [ [ [ 23.22999999975076, 37.670000000172969, 0.0 ], [ 23.250000000506539, 37.800000000057537, 0.0 ], [ 23.239999999679483, 37.735000000182261, 0.0 ], [ 23.22999999975076, 37.670000000172969, 0.0 ] ] ] ] } },
{ "type": "Feature", "properties": { "FID_vam16_": 116, "FID_last_a": -1, "FID_as11_n": -1, "FID_as55_5": -1, "FID_as27_2": -1, "FID_as6_ne": -1, "FID_as59_6": -1, "FID_as_4_9": -1, "FID_as21_2": -1, "FID_as14_1": -1, "FID_as72_7": -1, "FID_as94_9": -1, "FID_as62_6": 1, "FID_as41_4": -1, "FID_as48_5": -1, "FID_as29_3": -1, "FID_as34_3": -1, "FID_as36_4": -1, "FID_vam161": 66, "Id": 0, "FID_as71_n": -1, "FID_112": -1, "Id_1": 0, "FID_111": -1, "Id_12": 0, "FID_110": -1, "Id_12_13": 0, "FID_109": -1, "Id_12_13_1": 0, "FID_106": -1, "Id_12_13_2": 0, "FID_105": -1, "Id_12_13_3": 0, "FID_113": -1, "Id_12_13_4": 0, "Shape_Leng": 125328.98753, "Shape_Area": 157814.35829900001 }, "geometry": { "type": "Polygon", "coordinates": [ [ [ 23.22999999975076, 37.670000000172969, 0.0 ], [ 22.964999999393378, 37.744999999717926, 0.0 ], [ 22.699999999036031, 37.819999999589399, 0.0 ], [ 23.22999999975076, 37.670000000172969, 0.0 ] ] ] } },
{ "type": "Feature", "properties": { "FID_vam16_": 117, "FID_last_a": -1, "FID_as11_n": -1, "FID_as55_5": -1, "FID_as27_2": -1, "FID_as6_ne": -1, "FID_as59_6": -1, "FID_as_4_9": -1, "FID_as21_2": -1, "FID_as14_1": -1, "FID_as72_7": -1, "FID_as94_9": -1, "FID_as62_6": -1, "FID_as41_4": 1, "FID_as48_5": -1, "FID_as29_3": -1, "FID_as34_3": -1, "FID_as36_4": -1, "FID_vam161": 46, "Id": 0, "FID_as71_n": -1, "FID_112": -1, "Id_1": 0, "FID_111": -1, "Id_12": 0, "FID_110": -1, "Id_12_13": 0, "FID_109": -1, "Id_12_13_1": 0, "FID_106": -1, "Id_12_13_2": 0, "FID_105": -1, "Id_12_13_3": 0, "FID_113": -1, "Id_12_13_4": 0, "Shape_Leng": 163207.91012799999, "Shape_Area": 1313922.27718 }, "geometry": { "type": "Polygon", "coordinates": [ [ [ 23.099999999778849, 39.849999999515333, 0.0 ], [ 23.499999999623334, 40.320000000092698, 0.0 ], [ 23.299999999251945, 40.084999999825378, 0.0 ], [ 23.099999999778849, 39.849999999515333, 0.0 ] ] ] } },
{ "type": "Feature", "properties": { "FID_vam16_": 118, "FID_last_a": -1, "FID_as11_n": -1, "FID_as55_5": -1, "FID_as27_2": -1, "FID_as6_ne": -1, "FID_as59_6": -1, "FID_as_4_9": -1, "FID_as21_2": -1, "FID_as14_1": -1, "FID_as72_7": -1, "FID_as94_9": -1, "FID_as62_6": -1, "FID_as41_4": 1, "FID_as48_5": -1, "FID_as29_3": -1, "FID_as34_3": -1, "FID_as36_4": -1, "FID_vam161": 47, "Id": 0, "FID_as71_n": -1, "FID_112": -1, "Id_1": 0, "FID_111": -1, "Id_12": 0, "FID_110": -1, "Id_12_13": 0, "FID_109": -1, "Id_12_13_1": 0, "FID_106": -1, "Id_12_13_2": 0, "FID_105": -1, "Id_12_13_3": 0, "FID_113": -1, "Id_12_13_4": 0, "Shape_Leng": 70612.431930199993, "Shape_Area": 82353.616109299997 }, "geometry": { "type": "Polygon", "coordinates": [ [ [ 22.849999999763725, 39.69999999970436, 0.0 ], [ 23.099999999778849, 39.849999999515333, 0.0 ], [ 22.974999999322137, 39.775000000133396, 0.0 ], [ 22.849999999763725, 39.69999999970436, 0.0 ] ] ] } },
{ "type": "Feature", "properties": { "FID_vam16_": 119, "FID_last_a": -1, "FID_as11_n": -1, "FID_as55_5": -1, "FID_as27_2": -1, "FID_as6_ne": -1, "FID_as59_6": -1, "FID_as_4_9": -1, "FID_as21_2": -1, "FID_as14_1": -1, "FID_as72_7": -1, "FID_as94_9": -1, "FID_as62_6": -1, "FID_as41_4": 1, "FID_as48_5": -1, "FID_as29_3": -1, "FID_as34_3": -1, "FID_as36_4": -1, "FID_vam161": 54, "Id": 0, "FID_as71_n": -1, "FID_112": -1, "Id_1": 0, "FID_111": -1, "Id_12": 0, "FID_110": -1, "Id_12_13": 0, "FID_109": -1, "Id_12_13_1": 0, "FID_106": -1, "Id_12_13_2": 0, "FID_105": -1, "Id_12_13_3": 0, "FID_113": -1, "Id_12_13_4": 0, "Shape_Leng": 213898.47737400001, "Shape_Area": 2720874.7293699998 }, "geometry": { "type": "Polygon", "coordinates": [ [ [ 22.849999999763725, 39.69999999970436, 0.0 ], [ 22.666336718928513, 39.965291406239508, 0.0 ], [ 22.400000000275536, 40.35000000048025, 0.0 ], [ 22.849999999763725, 39.69999999970436, 0.0 ] ] ] } },
{ "type": "Feature", "properties": { "FID_vam16_": 120, "FID_last_a": -1, "FID_as11_n": -1, "FID_as55_5": -1, "FID_as27_2": -1, "FID_as6_ne": -1, "FID_as59_6": -1, "FID_as_4_9": -1, "FID_as21_2": -1, "FID_as14_1": -1, "FID_as72_7": -1, "FID_as94_9": -1, "FID_as62_6": -1, "FID_as41_4": -1, "FID_as48_5": 1, "FID_as29_3": -1, "FID_as34_3": -1, "FID_as36_4": -1, "FID_vam161": 86, "Id": 0, "FID_as71_n": -1, "FID_112": -1, "Id_1": 0, "FID_111": -1, "Id_12": 0, "FID_110": -1, "Id_12_13": 0, "FID_109": -1, "Id_12_13_1": 0, "FID_106": -1, "Id_12_13_2": 0, "FID_105": -1, "Id_12_13_3": 0, "FID_113": -1, "Id_12_13_4": 0, "Shape_Leng": 360061.736194, "Shape_Area": 1024602.58149 }, "geometry": { "type": "MultiPolygon", "coordinates": [ [ [ [ 25.200000000085407, 40.600000000055935, 0.0 ], [ 26.099999999960108, 40.620000000341918, 0.0 ], [ 25.649999999573591, 40.609999999631903, 0.0 ], [ 25.200000000085407, 40.600000000055935, 0.0 ] ] ], [ [ [ 24.650000000411492, 40.249999999586692, 0.0 ], [ 25.200000000085407, 40.600000000055935, 0.0 ], [ 24.924999999799269, 40.425000000078697, 0.0 ], [ 24.650000000411492, 40.249999999586692, 0.0 ] ] ] ] } },
{ "type": "Feature", "properties": { "FID_vam16_": 121, "FID_last_a": -1, "FID_as11_n": -1, "FID_as55_5": -1, "FID_as27_2": -1, "FID_as6_ne": -1, "FID_as59_6": -1, "FID_as_4_9": -1, "FID_as21_2": -1, "FID_as14_1": -1, "FID_as72_7": -1, "FID_as94_9": -1, "FID_as62_6": -1, "FID_as41_4": -1, "FID_as48_5": -1, "FID_as29_3": 1, "FID_as34_3": -1, "FID_as36_4": -1, "FID_vam161": 38, "Id": 0, "FID_as71_n": -1, "FID_112": -1, "Id_1": 0, "FID_111": -1, "Id_12": 0, "FID_110": -1, "Id_12_13": 0, "FID_109": -1, "Id_12_13_1": 0, "FID_106": -1, "Id_12_13_2": 0, "FID_105": -1, "Id_12_13_3": 0, "FID_113": -1, "Id_12_13_4": 0, "Shape_Leng": 238306.82169899999, "Shape_Area": 503527.30664299999 }, "geometry": { "type": "MultiPolygon", "coordinates": [ [ [ [ 21.500000000400803, 40.94999999979386, 0.0 ], [ 21.999999999532722, 41.120000000299008, 0.0 ], [ 21.749999999517598, 41.034999999662126, 0.0 ], [ 21.500000000400803, 40.94999999979386, 0.0 ] ] ], [ [ [ 21.05000000001429, 40.749999999528761, 0.0 ], [ 21.500000000400803, 40.94999999979386, 0.0 ], [ 21.274999999758396, 40.84999999989433, 0.0 ], [ 21.05000000001429, 40.749999999528761, 0.0 ] ] ] ] } },
{ "type": "Feature", "properties": { "FID_vam16_": 122, "FID_last_a": -1, "FID_as11_n": -1, "FID_as55_5": -1, "FID_as27_2": -1, "FID_as6_ne": -1, "FID_as59_6": -1, "FID_as_4_9": -1, "FID_as21_2": -1, "FID_as14_1": -1, "FID_as72_7": -1, "FID_as94_9": -1, "FID_as62_6": -1, "FID_as41_4": -1, "FID_as48_5": -1, "FID_as29_3": -1, "FID_as34_3": -1, "FID_as36_4": 1, "FID_vam161": 40, "Id": 0, "FID_as71_n": -1, "FID_112": -1, "Id_1": 0, "FID_111": -1, "Id_12": 0, "FID_110": -1, "Id_12_13": 0, "FID_109": -1, "Id_12_13_1": 0, "FID_106": -1, "Id_12_13_2": 0, "FID_105": -1, "Id_12_13_3": 0, "FID_113": -1, "Id_12_13_4": 0, "Shape_Leng": 110808.419182, "Shape_Area": 268263.40554299997 }, "geometry": { "type": "Polygon", "coordinates": [ [ [ 24.899999999528287, 41.399999999827401, 0.0 ], [ 24.689999999228135, 41.500000000085052, 0.0 ], [ 24.47999999982628, 41.599999999555955, 0.0 ], [ 24.899999999528287, 41.399999999827401, 0.0 ] ] ] } },
{ "type": "Feature", "properties": { "FID_vam16_": 123, "FID_last_a": -1, "FID_as11_n": -1, "FID_as55_5": -1, "FID_as27_2": -1, "FID_as6_ne": -1, "FID_as59_6": -1, "FID_as_4_9": -1, "FID_as21_2": -1, "FID_as14_1": -1, "FID_as72_7": -1, "FID_as94_9": -1, "FID_as62_6": -1, "FID_as41_4": -1, "FID_as48_5": -1, "FID_as29_3": -1, "FID_as34_3": -1, "FID_as36_4": 1, "FID_vam161": 52, "Id": 0, "FID_as71_n": -1, "FID_112": -1, "Id_1": 0, "FID_111": -1, "Id_12": 0, "FID_110": -1, "Id_12_13": 0, "FID_109": -1, "Id_12_13_1": 0, "FID_106": -1, "Id_12_13_2": 0, "FID_105": -1, "Id_12_13_3": 0, "FID_113": -1, "Id_12_13_4": 0, "Shape_Leng": 347483.481508, "Shape_Area": 1326848.8830899999 }, "geometry": { "type": "MultiPolygon", "coordinates": [ [ [ [ 25.99999999977441, 41.480000000339622, 0.0 ], [ 26.749999999819721, 41.500000000085052, 0.0 ], [ 26.374999999347917, 41.489999999853978, 0.0 ], [ 25.99999999977441, 41.480000000339622, 0.0 ] ] ], [ [ [ 25.749999999759286, 40.90000000021957, 0.0 ], [ 25.99999999977441, 41.480000000339622, 0.0 ], [ 25.874999999317701, 41.190000000106458, 0.0 ], [ 25.749999999759286, 40.90000000021957, 0.0 ] ] ] ] } },
{ "type": "Feature", "properties": { "FID_vam16_": 128, "FID_last_a": -1, "FID_as11_n": -1, "FID_as55_5": -1, "FID_as27_2": -1, "FID_as6_ne": -1, "FID_as59_6": -1, "FID_as_4_9": -1, "FID_as21_2": -1, "FID_as14_1": -1, "FID_as72_7": -1, "FID_as94_9": -1, "FID_as62_6": -1, "FID_as41_4": -1, "FID_as48_5": -1, "FID_as29_3": -1, "FID_as34_3": -1, "FID_as36_4": -1, "FID_vam161": 20, "Id": 0, "FID_as71_n": 1, "FID_112": -1, "Id_1": 0, "FID_111": -1, "Id_12": 0, "FID_110": -1, "Id_12_13": 0, "FID_109": -1, "Id_12_13_1": 0, "FID_106": -1, "Id_12_13_2": 0, "FID_105": -1, "Id_12_13_3": 0, "FID_113": -1, "Id_12_13_4": 0, "Shape_Leng": 60539.819624700001, "Shape_Area": 368453.95274199999 }, "geometry": { "type": "Polygon", "coordinates": [ [ [ 23.250000000506539, 35.599999999696266, 0.0 ], [ 23.022749011306672, 35.721200527865918, 0.0 ], [ 23.022922779618575, 35.721320368492705, 0.0 ], [ 23.250000000506539, 35.599999999696266, 0.0 ] ] ] } },
{ "type": "Feature", "properties": { "FID_vam16_": 129, "FID_last_a": -1, "FID_as11_n": -1, "FID_as55_5": -1, "FID_as27_2": -1, "FID_as6_ne": -1, "FID_as59_6": -1, "FID_as_4_9": -1, "FID_as21_2": -1, "FID_as14_1": -1, "FID_as72_7": -1, "FID_as94_9": -1, "FID_as62_6": -1, "FID_as41_4": -1, "FID_as48_5": -1, "FID_as29_3": -1, "FID_as34_3": -1, "FID_as36_4": -1, "FID_vam161": 21, "Id": 0, "FID_as71_n": 1, "FID_112": -1, "Id_1": 0, "FID_111": -1, "Id_12": 0, "FID_110": -1, "Id_12_13": 0, "FID_109": -1, "Id_12_13_1": 0, "FID_106": -1, "Id_12_13_2": 0, "FID_105": -1, "Id_12_13_3": 0, "FID_113": -1, "Id_12_13_4": 0, "Shape_Leng": 181499.995704, "Shape_Area": 1578100.02318 }, "geometry": { "type": "Polygon", "coordinates": [ [ [ 23.849999999824156, 35.14999999979721, 0.0 ], [ 23.52292031287503, 35.395309765256343, 0.0 ], [ 23.412797407958358, 35.477901944402944, 0.0 ], [ 23.331600119544738, 35.538799910558133, 0.0 ], [ 23.250000000506539, 35.599999999696266, 0.0 ], [ 23.849999999824156, 35.14999999979721, 0.0 ] ] ] } },
{ "type": "Feature", "properties": { "FID_vam16_": 130, "FID_last_a": -1, "FID_as11_n": -1, "FID_as55_5": -1, "FID_as27_2": -1, "FID_as6_ne": -1, "FID_as59_6": -1, "FID_as_4_9": -1, "FID_as21_2": -1, "FID_as14_1": -1, "FID_as72_7": -1, "FID_as94_9": -1, "FID_as62_6": -1, "FID_as41_4": -1, "FID_as48_5": -1, "FID_as29_3": -1, "FID_as34_3": -1, "FID_as36_4": -1, "FID_vam161": 71, "Id": 0, "FID_as71_n": 1, "FID_112": -1, "Id_1": 0, "FID_111": -1, "Id_12": 0, "FID_110": -1, "Id_12_13": 0, "FID_109": -1, "Id_12_13_1": 0, "FID_106": -1, "Id_12_13_2": 0, "FID_105": -1, "Id_12_13_3": 0, "FID_113": -1, "Id_12_13_4": 0, "Shape_Leng": 139426.48239, "Shape_Area": 622810.93285400001 }, "geometry": { "type": "Polygon", "coordinates": [ [ [ 23.022922779618575, 35.721320368492705, 0.0 ], [ 23.022922679007266, 35.721320422461773, 0.0 ], [ 23.499999999623334, 36.050000000259068, 0.0 ], [ 23.261374504566671, 35.885600264366943, 0.0 ], [ 23.022922779618575, 35.721320368492705, 0.0 ] ] ] } },
{ "type": "Feature", "properties": { "FID_vam16_": -1, "FID_last_a": 0, "FID_as11_n": 0, "FID_as55_5": 0, "FID_as27_2": 0, "FID_as6_ne": 0, "FID_as59_6": 0, "FID_as_4_9": 0, "FID_as21_2": 0, "FID_as14_1": 0, "FID_as72_7": 0, "FID_as94_9": 0, "FID_as62_6": 0, "FID_as41_4": 0, "FID_as48_5": 0, "FID_as29_3": 0, "FID_as34_3": 0, "FID_as36_4": 0, "FID_vam161": 0, "Id": 0, "FID_as71_n": 0, "FID_112": 0, "Id_1": 0, "FID_111": -1, "Id_12": 0, "FID_110": -1, "Id_12_13": 0, "FID_109": -1, "Id_12_13_1": 0, "FID_106": -1, "Id_12_13_2": 0, "FID_105": -1, "Id_12_13_3": 0, "FID_113": -1, "Id_12_13_4": 0, "Shape_Leng": 383885.27339500003, "Shape_Area": 9462893883.7999992 }, "geometry": { "type": "Polygon", "coordinates": [ [ [ 29.399999999800187, 37.149999999620448, 0.0 ], [ 29.899999999830403, 36.899999999532355, 0.0 ], [ 29.499999999985889, 36.399999999480244, 0.0 ], [ 28.949999999413677, 36.599999999677095, 0.0 ], [ 28.749999999940581, 36.699999999551721, 0.0 ], [ 28.749999999940581, 36.999999999637062, 0.0 ], [ 28.749999999940581, 37.199999999799893, 0.0 ], [ 29.399999999800187, 37.149999999620448, 0.0 ] ] ] } },
{ "type": "Feature", "properties": { "FID_vam16_": -1, "FID_last_a": 0, "FID_as11_n": 0, "FID_as55_5": 0, "FID_as27_2": 0, "FID_as6_ne": 0, "FID_as59_6": 0, "FID_as_4_9": 0, "FID_as21_2": 0, "FID_as14_1": 0, "FID_as72_7": 0, "FID_as94_9": 0, "FID_as62_6": 0, "FID_as41_4": 0, "FID_as48_5": 0, "FID_as29_3": 0, "FID_as34_3": 0, "FID_as36_4": 0, "FID_vam161": 0, "Id": 0, "FID_as71_n": 0, "FID_112": -1, "Id_1": 0, "FID_111": 0, "Id_12": 0, "FID_110": -1, "Id_12_13": 0, "FID_109": -1, "Id_12_13_1": 0, "FID_106": -1, "Id_12_13_2": 0, "FID_105": -1, "Id_12_13_3": 0, "FID_113": -1, "Id_12_13_4": 0, "Shape_Leng": 425989.05251000001, "Shape_Area": 7312651886.1499996 }, "geometry": { "type": "Polygon", "coordinates": [ [ [ 28.749999999940581, 36.699999999551721, 0.0 ], [ 27.649999999694455, 36.249999999295795, 0.0 ], [ 27.200000000206234, 36.499999999640174, 0.0 ], [ 27.499999999865061, 36.599999999677095, 0.0 ], [ 28.749999999940581, 36.999999999637062, 0.0 ], [ 28.749999999940581, 36.699999999551721, 0.0 ] ] ] } },
{ "type": "Feature", "properties": { "FID_vam16_": -1, "FID_last_a": 0, "FID_as11_n": 0, "FID_as55_5": 0, "FID_as27_2": 0, "FID_as6_ne": 0, "FID_as59_6": 0, "FID_as_4_9": 0, "FID_as21_2": 0, "FID_as14_1": 0, "FID_as72_7": 0, "FID_as94_9": 0, "FID_as62_6": 0, "FID_as41_4": 0, "FID_as48_5": 0, "FID_as29_3": 0, "FID_as34_3": 0, "FID_as36_4": 0, "FID_vam161": 0, "Id": 0, "FID_as71_n": 0, "FID_112": -1, "Id_1": 0, "FID_111": -1, "Id_12": 0, "FID_110": 0, "Id_12_13": 0, "FID_109": -1, "Id_12_13_1": 0, "FID_106": -1, "Id_12_13_2": 0, "FID_105": -1, "Id_12_13_3": 0, "FID_113": -1, "Id_12_13_4": 0, "Shape_Leng": 423822.643859, "Shape_Area": 8996410247.1700001 }, "geometry": { "type": "Polygon", "coordinates": [ [ [ 28.749999999940581, 37.199999999799893, 0.0 ], [ 28.749999999940581, 36.999999999637062, 0.0 ], [ 27.499999999865061, 36.599999999677095, 0.0 ], [ 27.399999999679331, 37.279999999994942, 0.0 ], [ 28.749999999940581, 37.199999999799893, 0.0 ] ] ] } },
{ "type": "Feature", "properties": { "FID_vam16_": -1, "FID_last_a": 0, "FID_as11_n": 0, "FID_as55_5": 0, "FID_as27_2": 0, "FID_as6_ne": 0, "FID_as59_6": 0, "FID_as_4_9": 0, "FID_as21_2": 0, "FID_as14_1": 0, "FID_as72_7": 0, "FID_as94_9": 0, "FID_as62_6": 0, "FID_as41_4": 0, "FID_as48_5": 0, "FID_as29_3": 0, "FID_as34_3": 0, "FID_as36_4": 0, "FID_vam161": 0, "Id": 0, "FID_as71_n": 0, "FID_112": -1, "Id_1": 0, "FID_111": -1, "Id_12": 0, "FID_110": -1, "Id_12_13": 0, "FID_109": 0, "Id_12_13_1": 0, "FID_106": -1, "Id_12_13_2": 0, "FID_105": -1, "Id_12_13_3": 0, "FID_113": -1, "Id_12_13_4": 0, "Shape_Leng": 395855.51655900001, "Shape_Area": 9567445672.1399994 }, "geometry": { "type": "Polygon", "coordinates": [ [ [ 27.399999999679331, 37.279999999994942, 0.0 ], [ 27.499999999865061, 36.599999999677095, 0.0 ], [ 27.200000000206234, 36.499999999640174, 0.0 ], [ 26.850000000005412, 36.450000000333056, 0.0 ], [ 26.499999999804626, 37.299999999815164, 0.0 ], [ 27.399999999679331, 37.279999999994942, 0.0 ] ] ] } },
{ "type": "Feature", "properties": { "FID_vam16_": -1, "FID_last_a": 0, "FID_as11_n": 0, "FID_as55_5": 0, "FID_as27_2": 0, "FID_as6_ne": 0, "FID_as59_6": 0, "FID_as_4_9": 0, "FID_as21_2": 0, "FID_as14_1": 0, "FID_as72_7": 0, "FID_as94_9": 0, "FID_as62_6": 0, "FID_as41_4": 0, "FID_as48_5": 0, "FID_as29_3": 0, "FID_as34_3": 0, "FID_as36_4": 0, "FID_vam161": 0, "Id": 0, "FID_as71_n": 0, "FID_112": -1, "Id_1": 0, "FID_111": -1, "Id_12": 0, "FID_110": -1, "Id_12_13": 0, "FID_109": -1, "Id_12_13_1": 0, "FID_106": 0, "Id_12_13_2": 0, "FID_105": -1, "Id_12_13_3": 0, "FID_113": -1, "Id_12_13_4": 0, "Shape_Leng": 623342.03020299994, "Shape_Area": 24668037177.599998 }, "geometry": { "type": "Polygon", "coordinates": [ [ [ 31.100000000262231, 36.699999999551721, 0.0 ], [ 30.50000000004632, 36.699999999551721, 0.0 ], [ 29.899999999830403, 36.899999999532355, 0.0 ], [ 29.399999999800187, 37.149999999620448, 0.0 ], [ 30.200000000387529, 37.949999999341316, 0.0 ], [ 31.100000000262231, 37.950000000049684, 0.0 ], [ 31.100000000262231, 36.699999999551721, 0.0 ] ] ] } },
{ "type": "Feature", "properties": { "FID_vam16_": -1, "FID_last_a": 0, "FID_as11_n": 0, "FID_as55_5": 0, "FID_as27_2": 0, "FID_as6_ne": 0, "FID_as59_6": 0, "FID_as_4_9": 0, "FID_as21_2": 0, "FID_as14_1": 0, "FID_as72_7": 0, "FID_as94_9": 0, "FID_as62_6": 0, "FID_as41_4": 0, "FID_as48_5": 0, "FID_as29_3": 0, "FID_as34_3": 0, "FID_as36_4": 0, "FID_vam161": 0, "Id": 0, "FID_as71_n": 0, "FID_112": -1, "Id_1": 0, "FID_111": -1, "Id_12": 0, "FID_110": -1, "Id_12_13": 0, "FID_109": -1, "Id_12_13_1": 0, "FID_106": -1, "Id_12_13_2": 0, "FID_105": 0, "Id_12_13_3": 0, "FID_113": -1, "Id_12_13_4": 0, "Shape_Leng": 539170.13198099995, "Shape_Area": 13992503613.200001 }, "geometry": { "type": "Polygon", "coordinates": [ [ [ 30.200000000387529, 37.949999999341316, 0.0 ], [ 29.399999999800187, 37.149999999620448, 0.0 ], [ 28.749999999940581, 37.199999999799893, 0.0 ], [ 28.599999999212852, 38.150000000337961, 0.0 ], [ 28.899999999769978, 37.950000000049684, 0.0 ], [ 30.200000000387529, 37.949999999341316, 0.0 ] ] ] } },
{ "type": "Feature", "properties": { "FID_vam16_": -1, "FID_last_a": 0, "FID_as11_n": 0, "FID_as55_5": 0, "FID_as27_2": 0, "FID_as6_ne": 0, "FID_as59_6": 0, "FID_as_4_9": 0, "FID_as21_2": 0, "FID_as14_1": 0, "FID_as72_7": 0, "FID_as94_9": 0, "FID_as62_6": 0, "FID_as41_4": 0, "FID_as48_5": 0, "FID_as29_3": 0, "FID_as34_3": 0, "FID_as36_4": 0, "FID_vam161": 0, "Id": 0, "FID_as71_n": 0, "FID_112": -1, "Id_1": 0, "FID_111": -1, "Id_12": 0, "FID_110": -1, "Id_12_13": 0, "FID_109": -1, "Id_12_13_1": 0, "FID_106": -1, "Id_12_13_2": 0, "FID_105": -1, "Id_12_13_3": 0, "FID_113": 0, "Id_12_13_4": 0, "Shape_Leng": 477339.73142099997, "Shape_Area": 11482915602.799999 }, "geometry": { "type": "Polygon", "coordinates": [ [ [ 31.100000000262231, 36.699999999551721, 0.0 ], [ 31.000000000076536, 36.099999999750032, 0.0 ], [ 29.499999999985889, 36.399999999480244, 0.0 ], [ 29.899999999830403, 36.899999999532355, 0.0 ], [ 30.50000000004632, 36.699999999551721, 0.0 ], [ 31.100000000262231, 36.699999999551721, 0.0 ] ] ] } },
{ "type": "Feature", "properties": { "FID_vam16_": 124, "FID_last_a": -1, "FID_as11_n": -1, "FID_as55_5": -1, "FID_as27_2": -1, "FID_as6_ne": -1, "FID_as59_6": -1, "FID_as_4_9": -1, "FID_as21_2": -1, "FID_as14_1": -1, "FID_as72_7": -1, "FID_as94_9": -1, "FID_as62_6": -1, "FID_as41_4": -1, "FID_as48_5": -1, "FID_as29_3": -1, "FID_as34_3": -1, "FID_as36_4": -1, "FID_vam161": 4, "Id": 0, "FID_as71_n": -1, "FID_112": -1, "Id_1": 0, "FID_111": -1, "Id_12": 0, "FID_110": -1, "Id_12_13": 0, "FID_109": -1, "Id_12_13_1": 0, "FID_106": -1, "Id_12_13_2": 0, "FID_105": -1, "Id_12_13_3": 0, "FID_113": -1, "Id_12_13_4": 0, "Shape_Leng": 328629.33270299999, "Shape_Area": 76079194.034500003 }, "geometry": { "type": "Polygon", "coordinates": [ [ [ 21.229999999629928, 38.970000000303507, 0.0 ], [ 20.599999999627769, 39.999999999978151, 0.0 ], [ 20.640000000241038, 39.950000000197967, 0.0 ], [ 21.229999999629928, 38.970000000303507, 0.0 ] ] ] } },
{ "type": "Feature", "properties": { "FID_vam16_": 125, "FID_last_a": -1, "FID_as11_n": -1, "FID_as55_5": -1, "FID_as27_2": -1, "FID_as6_ne": -1, "FID_as59_6": -1, "FID_as_4_9": -1, "FID_as21_2": -1, "FID_as14_1": -1, "FID_as72_7": -1, "FID_as94_9": -1, "FID_as62_6": -1, "FID_as41_4": -1, "FID_as48_5": -1, "FID_as29_3": -1, "FID_as34_3": -1, "FID_as36_4": -1, "FID_vam161": 9, "Id": 0, "FID_as71_n": -1, "FID_112": -1, "Id_1": 0, "FID_111": -1, "Id_12": 0, "FID_110": -1, "Id_12_13": 0, "FID_109": -1, "Id_12_13_1": 0, "FID_106": -1, "Id_12_13_2": 0, "FID_105": -1, "Id_12_13_3": 0, "FID_113": -1, "Id_12_13_4": 0, "Shape_Leng": 328629.33270299999, "Shape_Area": 76079194.034500003 }, "geometry": { "type": "Polygon", "coordinates": [ [ [ 21.229999999629928, 38.970000000303507, 0.0 ], [ 20.599999999627769, 39.999999999978151, 0.0 ], [ 20.640000000241038, 39.950000000197967, 0.0 ], [ 21.229999999629928, 38.970000000303507, 0.0 ] ] ] } },
{ "type": "Feature", "properties": { "FID_vam16_": 126, "FID_last_a": -1, "FID_as11_n": -1, "FID_as55_5": -1, "FID_as27_2": -1, "FID_as6_ne": -1, "FID_as59_6": -1, "FID_as_4_9": -1, "FID_as21_2": -1, "FID_as14_1": -1, "FID_as72_7": -1, "FID_as94_9": -1, "FID_as62_6": -1, "FID_as41_4": -1, "FID_as48_5": -1, "FID_as29_3": -1, "FID_as34_3": -1, "FID_as36_4": -1, "FID_vam161": 20, "Id": 0, "FID_as71_n": -1, "FID_112": -1, "Id_1": 0, "FID_111": -1, "Id_12": 0, "FID_110": -1, "Id_12_13": 0, "FID_109": -1, "Id_12_13_1": 0, "FID_106": -1, "Id_12_13_2": 0, "FID_105": -1, "Id_12_13_3": 0, "FID_113": -1, "Id_12_13_4": 0, "Shape_Leng": 139356.924707, "Shape_Area": 848491.802623 }, "geometry": { "type": "Polygon", "coordinates": [ [ [ 23.022922679007266, 35.721320422461773, 0.0 ], [ 23.022749011306672, 35.721200527865918, 0.0 ], [ 22.499999999562938, 35.999999999678266, 0.0 ], [ 23.022922679007266, 35.721320422461773, 0.0 ] ] ] } },
{ "type": "Feature", "properties": { "FID_vam16_": 127, "FID_last_a": -1, "FID_as11_n": -1, "FID_as55_5": -1, "FID_as27_2": -1, "FID_as6_ne": -1, "FID_as59_6": -1, "FID_as_4_9": -1, "FID_as21_2": -1, "FID_as14_1": -1, "FID_as72_7": -1, "FID_as94_9": -1, "FID_as62_6": -1, "FID_as41_4": -1, "FID_as48_5": -1, "FID_as29_3": -1, "FID_as34_3": -1, "FID_as36_4": -1, "FID_vam161": 71, "Id": 0, "FID_as71_n": -1, "FID_112": -1, "Id_1": 0, "FID_111": -1, "Id_12": 0, "FID_110": -1, "Id_12_13": 0, "FID_109": -1, "Id_12_13_1": 0, "FID_106": -1, "Id_12_13_2": 0, "FID_105": -1, "Id_12_13_3": 0, "FID_113": -1, "Id_12_13_4": 0, "Shape_Leng": 139356.924707, "Shape_Area": 848491.802623 }, "geometry": { "type": "Polygon", "coordinates": [ [ [ 23.022922679007266, 35.721320422461773, 0.0 ], [ 23.022749011306672, 35.721200527865918, 0.0 ], [ 22.499999999562938, 35.999999999678266, 0.0 ], [ 23.022922679007266, 35.721320422461773, 0.0 ] ] ] } },
{ "type": "Feature", "properties": { "FID_vam16_": 131, "FID_last_a": -1, "FID_as11_n": -1, "FID_as55_5": -1, "FID_as27_2": -1, "FID_as6_ne": -1, "FID_as59_6": -1, "FID_as_4_9": -1, "FID_as21_2": -1, "FID_as14_1": -1, "FID_as72_7": -1, "FID_as94_9": -1, "FID_as62_6": -1, "FID_as41_4": -1, "FID_as48_5": -1, "FID_as29_3": -1, "FID_as34_3": -1, "FID_as36_4": -1, "FID_vam161": 20, "Id": 0, "FID_as71_n": 1, "FID_112": -1, "Id_1": 0, "FID_111": -1, "Id_12": 0, "FID_110": -1, "Id_12_13": 0, "FID_109": -1, "Id_12_13_1": 0, "FID_106": -1, "Id_12_13_2": 0, "FID_105": -1, "Id_12_13_3": 0, "FID_113": -1, "Id_12_13_4": 0, "Shape_Leng": 50.771605672699998, "Shape_Area": 0.16359124323900001 }, "geometry": { "type": "Polygon", "coordinates": [ [ [ 23.022922779618575, 35.721320368492705, 0.0 ], [ 23.022749011306672, 35.721200527865918, 0.0 ], [ 23.022922679007266, 35.721320422461773, 0.0 ], [ 23.022922779618575, 35.721320368492705, 0.0 ] ] ] } },
{ "type": "Feature", "properties": { "FID_vam16_": 132, "FID_last_a": -1, "FID_as11_n": -1, "FID_as55_5": -1, "FID_as27_2": -1, "FID_as6_ne": -1, "FID_as59_6": -1, "FID_as_4_9": -1, "FID_as21_2": -1, "FID_as14_1": -1, "FID_as72_7": -1, "FID_as94_9": -1, "FID_as62_6": -1, "FID_as41_4": -1, "FID_as48_5": -1, "FID_as29_3": -1, "FID_as34_3": -1, "FID_as36_4": -1, "FID_vam161": 71, "Id": 0, "FID_as71_n": 1, "FID_112": -1, "Id_1": 0, "FID_111": -1, "Id_12": 0, "FID_110": -1, "Id_12_13": 0, "FID_109": -1, "Id_12_13_1": 0, "FID_106": -1, "Id_12_13_2": 0, "FID_105": -1, "Id_12_13_3": 0, "FID_113": -1, "Id_12_13_4": 0, "Shape_Leng": 50.771605672699998, "Shape_Area": 0.16359124323900001 }, "geometry": { "type": "Polygon", "coordinates": [ [ [ 23.022922779618575, 35.721320368492705, 0.0 ], [ 23.022749011306672, 35.721200527865918, 0.0 ], [ 23.022922679007266, 35.721320422461773, 0.0 ], [ 23.022922779618575, 35.721320368492705, 0.0 ] ] ] } }
]
}
