EVID,Year,Month,Day,Hour,Min,Sec,Latitude,Longitude,Depth,Mag,Strike,Dip,Rake,Reference,Method,Comments,Dupes,RMS angle if pref,GCMT_Ref,GCMT_year,GCMT_month,GCMT_day,GCMT_hour,GCMT_min,GCMT_sec,GCMT_lat,GCMT_lon,GCMT_dep,GCMT_Mw,GCMT_str,GCMT_dip,GCMT_rak,GCMT_diff_OT,GCMT_diff_epi_km,GCMT_diff_depth,GCMT_diff_mag,GCMT_Kagan
1977-08-18-09-27-40,1977,8,18,9,27,40.7,35.2700,23.5200,38,5.5,114,79,96,Taymaz et al. (1990),"P, SH shapes + FMPs inv.",Hellenic Trench / Crete,P,42.2,GCMT (MLI),1977,8,18,9,27,40.0,35.23,23.4,42,5.3,85,15,-142,0.7,11.8,-4,0.2,36.1
1977-09-11-23-19-20,1977,9,11,23,19,19.0,34.9500,23.0500,19,5.8,276,47,89,Taymaz et al. (1990),"P, SH shapes + FMPs inv.",Hellenic Trench / Crete,P,34.7,GCMT (MLI),1977,9,11,23,19,23.7,35.05,23.03,33,6,74,28,100,-4.7,11.2,-14,-0.2,34.6
1977-11-03-02-22-54,1977,11,3,2,22,54.9,42.1100,23.9700,6,5.1,104,35,-94,GCMT (MLI),moment tensor inversion,"extracted from ndk file, mag is probably MS",S,,CMT,1977,11,3,2,22,54.9,42.11,23.97,6,5.2,104,35,-94,0.0,0.0,0,-0.1,0.0
1977-11-28-02-59-10,1977,11,28,2,59,10.0,36.0000,27.8000,66,5.6,88,51,32,Benetatos et al. (2004),teleseismic waveform modeling (MT5),Hellenic Arc,P,21.7,GCMT (MLI),1977,11,28,2,59,10.8,36.05,27.76,85,5.6,103,46,24,-0.8,6.6,-19,0.0,21.7
1978-03-07-22-33-46,1978,3,7,22,33,46.0,34.3300,25.1100,42,5.4,42,18,-162,Benetatos et al. (2004),teleseismic waveform modeling (MT5),Hellenic Arc,P,37.0,GCMT (MLI),1978,3,7,22,33,46.7,34.5,25.26,42,5.1,225,14,40,-0.7,23.4,0,0.3,37.0
1978-05-23-23-34-11,1978,5,23,23,34,12.0,40.7000,23.3000,8,5.8,265,40,-82,"Baker et al.	 1997 / from Kiratzi & Louvari (2003)",moment tensor inversion,Aegean sea and surrounding areas,P,15.0,GCMT (MLI),1978,5,23,23,34,11.4,40.76,23.27,10,5.6,74,36,-96,0.6,7.1,-2,0.2,14.5
1978-06-19-10-31-02,1978,6,19,10,31,0.0,40.7100,23.2600,12,5.3,283,56,-60,"Soufleris and Stewart, 1981 / from Kiratzi & Louvari (2003)",first motion polarities,Aegean sea and surrounding areas,P,13.0,CMT,1978,6,19,10,31,5.4,40.75,23.22,10,5.3,281,44,-66,-5.4,5.6,2,0.0,13.0
1978-06-20-20-03-22,1978,6,20,20,3,21.0,40.8000,23.2000,6,6.5,278,46,-70,Soufleris & Stewart (1981) / from Papazachos et al. (1998),,"Greece, shallow events (1953 - 1995)",P,24.0,GCMT (PDE),1978,6,20,20,3,22.0,40.78,23.24,3,6.1,286,43,-88,-1.0,4.0,3,0.4,24.5
1978-09-01-22-46-16,1978,9,1,22,46,15.9,39.0700,21.4700,24,4.8,6,60,171,"Muço, 1994",,-,S,,,,,,,,,,,,,,,,,,,,
1979-04-09-02-10-20,1979,4,9,2,10,21.0,41.9000,19.0300,9,5.4,306,28,30,"Louvari et al.	 2001 / from Kiratzi & Louvari (2003)",moment tensor inversion,Aegean sea and surrounding areas,P,40.8,CMT,1979,4,9,2,10,20.3,41.96,19.02,10,5.3,278,30,44,0.7,6.7,-1,0.1,40.8
1979-04-15-06-19-41,1979,4,15,6,19,41.0,42.0000,19.0000,4,7.1,317,15,90,Baker et al. (1997) / from Papazachos et al. (1998),,"Greece, shallow events (1953 - 1995)",P,7.3,,,,,,,,,,,,,,,,,,,
1979-04-15-14-43-15,1979,4,15,14,43,15.2,42.3900,19.7500,12,5.8,148,90,91,ISC (GCMT),moment tensor inversion,extracted from reviewed ISC FMCSV,S,,ISC (GCMT),1979,4,15,14,43,15.2,42.39,19.75,11.8,5.8,148,90,91,0.0,0.0,0,0.0,0.0
1979-05-15-06-59-21,1979,5,15,6,59,22.6,34.5800,24.4500,35,5.4,253,17,65,Taymaz et al. (1990),"P, SH shapes + FMPs inv.",Hellenic Trench / Crete,P,17.4,GCMT (MLI),1979,5,15,6,59,21.2,34.53,24.44,33,5.6,172,4,-20,1.4,5.6,2,-0.2,17.4
1979-06-14-11-44-45,1979,6,14,11,44,46.0,38.8000,26.6000,8,5.8,262,41,-108,"Taymaz et al.	 1991 / from Kiratzi & Louvari (2003)",moment tensor inversion,Aegean sea and surrounding areas,P,20.4,GCMT (MLI),1979,6,14,11,44,45.9,38.81,26.53,23,5.6,121,42,-50,0.1,6.2,-15,0.2,20.4
1979-06-15-11-34-16,1979,6,15,11,34,16.7,34.9400,24.2100,40,4.9,150,75,70,Taymaz et al. (1990),"P, SH shapes + FMPs inv.",Hellenic Trench / Crete,P,50.4,GCMT (MLI),1979,6,15,11,34,15.6,34.96,24.24,33,5.2,216,11,10,1.1,3.5,7,-0.3,50.4
1979-06-16-18-42-00,1979,6,16,18,42,0.3,38.7500,26.6300,18,5.1,127,45,-48,GCMT (MLI),moment tensor inversion,"extracted from ndk file, mag is probably MS",S,,CMT,1979,6,16,18,42,0.3,38.75,26.63,18,5.1,127,45,-48,0.0,0.0,0,0.0,0.0
1979-07-18-13-12-02,1979,7,18,13,12,2.5,39.6700,28.6600,10,4.9,111,34,-85,GCMT (MLI),moment tensor inversion,"extracted from ndk file, mag is probably MS",S,,CMT,1979,7,18,13,12,2.5,39.67,28.66,10,5.2,111,34,-85,0.0,0.0,0,-0.3,0.0
1979-07-23-11-41-54,1979,7,23,11,41,55.0,35.5000,26.4000,11,5.5,61,35,40,Ekstrom & England (1989) / from Papazachos et al. (1998),,"Greece, shallow events (1953 - 1995)",P,80.0,CMT,1979,7,23,11,41,54.6,35.48,26.32,33,5.2,61,35,-40,0.4,7.6,-22,0.3,80.0
1979-08-22-20-12-48,1979,8,22,20,12,48.0,35.9000,27.3900,68,5.3,64,31,-106,Benetatos et al. (2004),teleseismic waveform modeling (MT5),Hellenic Arc,P,18.2,CMT,1979,8,22,20,12,48.1,35.95,27.42,93,5.3,53,19,-129,-0.1,6.2,-25,0.0,18.2
1979-11-02-05-30-31,1979,11,2,5,30,31.3,39.4800,20.2400,42,4.8,250,29,-127,"Muço, 1994",,-,S,,,,,,,,,,,,,,,,,,,,
1979-11-06-05-26-16,1979,11,6,5,26,16.0,39.5600,20.3200,26,5.4,315,70,-18,"Muço, 1994",,-,S,,,,,,,,,,,,,,,,,,,,
1979-11-11-01-18-06,1979,11,11,1,18,6.4,39.5200,20.3000,27,5.2,50,58,176,"Muço, 1994",,-,S,,,,,,,,,,,,,,,,,,,,
1980-05-02-05-31-04,1980,5,2,5,31,10.0,36.3500,29.3900,22,5.6,94,75,104,Kiratzi & Louvari (2003),moment tensor inversion,Greece,P,26.4,,,,,,,,,,,,,,,,,,,
1980-07-09-02-10-10,1980,7,9,2,10,0.0,39.2300,22.9800,1,5.7,80,43,-78,Hatzfeld et al. 1999 / from Kiratzi (2002),,Magnesia basin (Thessaly) / various areas (in custom comments),P,3.0,,,,,,,,,,,,,,,,,,,
1980-07-09-02-11-57,1980,7,9,2,11,57.3,39.2900,22.9100,47,6.5,81,40,-90,Papazachos et al. (1983) / from Papazachos & Kiratzi (1996),,"time, hypocenter from Makropoulos et al. (2012) / Aegean sea and surrounding areas",P,25.2,GCMT (MLI),1980,7,9,2,11,52.8,39.27,23.04,14,6.4,58,41,-128,4.5,11.4,33,0.1,25.2
1980-07-09-02-35-25,1980,7,9,2,35,0.0,39.1600,22.6500,18,6.1,84,40,-90,Hatzfeld et al. 1999 / from Kiratzi (2002),,Magnesia basin (Thessaly) / various areas (in custom comments),P,3.0,,,,,,,,,,,,,,,,,,,
1980-07-10-19-39-00,1980,7,10,19,39,0.6,39.3100,22.9200,10,5.3,79,31,-123,GCMT (MLI),moment tensor inversion,"extracted from ndk file, mag is probably MS",S,,GCMT (MLI),1980,7,10,19,39,0.6,39.31,22.92,10,5.3,79,31,-123,0.0,0.0,0,0.0,0.0
1980-08-11-09-15-58,1980,8,11,9,15,58.3,39.2700,22.6600,17,4.8,225,47,-124,GCMT (MLI),moment tensor inversion,"extracted from ndk file, mag is probably MS",S,,GCMT (MLI),1980,8,11,9,15,58.3,39.27,22.66,17,4.8,225,47,-124,0.0,0.0,0,0.0,0.0
1981-02-24-20-53-37,1981,2,24,20,53,37.0,38.2000,23.0000,10,6.7,264,42,-80,Taymaz et al. (1991) / from Papazachos et al. (1998),,"Greece, shallow events (1953 - 1995)",P,20.0,GCMT (PDE),1981,2,24,20,53,38.4,38.22,22.93,33,6.7,285,37,-64,-1.4,6.5,-23,0.0,14.2
1981-02-25-02-35-53,1981,2,25,2,35,54.0,38.2000,23.1000,8,6.4,241,44,-85,Taymaz et al. (1991) / from Papazachos et al. (1998),,"Greece, shallow events (1953 - 1995)",P,25.9,GCMT (PDE),1981,2,25,2,35,53.3,38.12,23.14,33,6.4,264,34,-51,0.7,9.5,-25,0.0,23.6
1981-02-25-20-35-54,1981,2,25,20,35,54.0,38.2000,23.1000,8,6.4,241,44,-85,Taymaz et al. (1991) / from Papazachos et al. (1984b),,Aegean sea and surrounding areas,S,,,,,,,,,,,,,,,,,,,,
1981-03-04-21-58-06,1981,3,4,21,58,7.0,38.2000,23.3000,8,6.4,50,45,-90,Taymaz et al. (1991) / from Papazachos et al. (1998),,"Greece, shallow events (1953 - 1995)",P,26.2,GCMT (MLI),1981,3,4,21,58,5.9,38.21,23.29,29,6.4,258,42,-60,1.1,1.4,-21,0.0,21.6
1981-03-05-06-59-06,1981,3,5,6,59,6.8,38.2100,23.1300,25,5.2,276,43,-59,GCMT (MLI),moment tensor inversion,"extracted from ndk file, mag is probably MS",S,,GCMT (MLI),1981,3,5,6,59,6.8,38.21,23.13,25,5.2,276,43,-59,0.0,0.0,0,0.0,0.0
1981-03-07-11-34-43,1981,3,7,11,34,43.9,38.1900,23.3200,33,4.8,91,40,-84,GCMT (MLI),moment tensor inversion,"extracted from ndk file, mag is probably MS",S,,GCMT (MLI),1981,3,7,11,34,43.9,38.19,23.32,33,4.8,91,40,-84,0.0,0.0,0,0.0,0.0
1981-03-10-15-16-18,1981,3,10,15,16,18.0,39.3100,20.7400,7,5.4,350,25,106,"Louvari et al.	 2001 / from Kiratzi & Louvari (2003)",moment tensor inversion,Aegean sea and surrounding areas,P,35.0,CMT,1981,3,10,15,16,19.7,39.38,20.75,32,5.4,324,40,55,-1.7,7.8,-25,0.0,35.0
1981-03-27-02-35-54,1981,3,27,2,35,54.0,38.1000,23.0500,7,6.3,246,44,-84,"Braunmiller and Nabelek	 1996 / from Kiratzi & Louvari (2003)",moment tensor inversion,Aegean sea and surrounding areas,S,,,,,,,,,,,,,,,,,,,,
1981-06-02-21-58-07,1981,6,2,21,58,7.0,38.1800,23.2300,7,6.2,230,45,-90,"Taymaz et al.	 1991 / from Kiratzi & Louvari (2003)",moment tensor inversion,Aegean sea and surrounding areas,S,,,,,,,,,,,,,,,,,,,,
1981-06-24-18-41-27,1981,6,24,18,41,28.0,37.8700,20.1000,20,5.2,27,60,171,Benetatos et al. (2004),teleseismic waveform modeling (MT5),Hellenic Arc,P,80.6,GCMT (MLI),1981,6,24,18,41,27.7,37.87,20.12,22,4.7,200,40,-164,0.3,1.8,-2,0.5,80.6
1981-06-28-17-20-23,1981,6,28,17,20,23.0,37.8100,20.0600,14,5.7,15,76,180,Louvari et al. (1999) / from Benetatos et al. (2004),various,body waveform modeling inversion / Intermediate depth earthquakes along the Hellenic Arc,P,56.2,GCMT (MLI),1981,6,28,17,20,23.4,37.89,20.07,33,5.2,201,51,-160,-0.4,8.9,-19,0.5,56.2
1981-07-03-21-42-58,1981,7,3,21,42,57.6,39.5400,20.6700,41,5.1,250,42,-34,"Muço, 1994",,-,S,,,,,,,,,,,,,,,,,,,,
1981-09-13-23-25-27,1981,9,13,23,25,27.8,34.8500,25.0600,44,4.9,256,65,-11,GCMT (MLI),moment tensor inversion,"extracted from ndk file, mag is probably MS",S,,CMT,1981,9,13,23,25,27.8,34.85,25.06,44,4.9,256,65,-11,0.0,0.0,0,0.0,0.0
1981-12-19-14-10-51,1981,12,19,14,10,51.1,39.2200,25.2500,16,7.2,47,77,-167,Kiratzi et al. (1991) / from Kiratzi (1991),,"Time, hypocenter by Makropoulos et al. (2012) / NAT (1913 - 1983)",P,25.0,GCMT (PDE),1981,12,19,14,10,52.9,39.39,25.09,15,7.2,220,73,171,-1.8,23.4,1,0.0,31.1
1981-12-27-17-39-14,1981,12,27,17,39,15.0,38.9000,24.9000,6,6.3,216,79,175,"Taymaz et al.	 1991 / from Kiratzi & Louvari (2003)",moment tensor inversion,Aegean sea and surrounding areas,P,18.7,GCMT (PDE),1981,12,27,17,39,16.7,39,24.8,33,6.5,219,57,179,-1.7,14.1,-27,-0.2,22.4
1981-12-29-08-00-45,1981,12,29,8,0,45.0,38.8000,24.7700,10,5.3,330,63,10,GCMT (MLI),moment tensor inversion,"extracted from ndk file, mag is probably MS",S,,CMT,1981,12,29,8,0,45.0,38.8,24.77,10,5.3,330,63,10,0.0,0.0,0,0.0,0.0
1982-01-18-19-27-24,1982,1,18,19,27,25.0,39.8000,24.4000,9,7.0,233,62,-173,Taymaz et al. (1991) / from Papazachos et al. (1998),,"Greece, shallow events (1953 - 1995)",P,26.0,GCMT (PDE),1982,1,18,19,27,24.4,40,24.32,10,6.8,241,57,-176,0.6,23.2,-1,0.2,11.1
1982-06-22-03-04-29,1982,6,22,3,4,30.0,37.0400,21.2000,30,5.5,16,57,-62,Benetatos et al. (2004),teleseismic waveform modeling (MT5),Hellenic Arc,P,22.7,GCMT (MLI),1982,6,22,3,4,29.4,37.16,21.27,40,5.4,27,43,-39,0.6,14.7,-10,0.1,22.7
1982-08-04-22-38-53,1982,8,4,22,38,53.0,39.7200,20.5200,22,4.9,7,45,159,"Muço, 1994",,-,S,,,,,,,,,,,,,,,,,,,,
1982-08-17-22-22-21,1982,8,17,22,22,20.0,33.7100,22.9400,39,6.6,230,45,109,Taymaz et al. (1990),"P, SH shapes + FMPs inv.",Hellenic Trench / Crete,P,21.2,GCMT (PDE),1982,8,17,22,22,21.3,33.73,22.97,10,6.5,219,34,93,-1.3,3.6,29,0.1,15.0
1982-11-16-23-41-20,1982,11,16,23,41,20.5,40.9800,19.5400,10,5.5,297,35,54,GCMT (PDE),moment tensor inversion,"extracted from ndk file, mag is probably MS",S,,GCMT (PDE),1982,11,16,23,41,20.5,40.98,19.54,10,5.5,297,35,54,0.0,0.0,0,0.0,0.0
1983-01-03-00-12-25,1983,1,3,0,12,25.6,34.5300,24.3800,74,5.4,30,36,70,GCMT (MLI),moment tensor inversion,"extracted from ndk file, mag is probably mb",S,,CMT,1983,1,3,0,12,25.6,34.53,24.38,74,5.4,30,36,70,0.0,0.0,0,0.0,0.0
1983-01-09-00-02-00,1983,1,9,0,2,0.0,38.1500,20.2200,9,5.8,41,49,171,Louvari et al. (1999) / from Benetatos et al. (2007),,Lefkada,S,,,,,,,,,,,,,,,,,,,,
1983-01-17-12-41-30,1983,1,17,12,41,30.0,38.1000,20.2000,9,7.0,40,45,168,"Papazachos et al., 1991",,-,P,44.5,GCMT (PDE),1983,1,17,12,41,29.3,38.09,20.19,9,7,34,14,153,0.7,1.4,0,0.0,32.5
1983-01-19-00-02-13,1983,1,19,0,2,14.0,38.2000,20.3000,9,5.7,41,49,171,Louvari et al. (1999) / from Benetatos et al. (2004),various,body waveform modeling inversion / Intermediate depth earthquakes along the Hellenic Arc,P,19.7,CMT,1983,1,19,0,2,13.0,38.11,20.25,17,5.6,57,35,-168,1.0,10.9,-7.9,0.1,19.7
1983-01-31-15-27-00,1983,1,31,15,27,1.0,38.1800,20.3900,12,5.6,41,82,-177,Louvari et al. (1999) / from Benetatos et al. (2004),various,body waveform modeling inversion / Intermediate depth earthquakes along the Hellenic Arc,P,43.0,,,,,,,,,,,,,,,,,,,
1983-02-21-00-13-07,1983,2,21,0,13,8.0,37.8600,20.1300,24,5.2,75,42,-134,Benetatos et al. (2004),teleseismic waveform modeling (MT5),Hellenic Arc,P,7.2,GCMT (MLI),1983,2,21,0,13,7.6,37.89,20.1,26,5,84,43,-131,0.4,4.2,-2,0.2,7.2
1983-03-19-21-41-43,1983,3,19,21,41,42.0,35.0200,25.3200,67,5.0,44,51,139,Taymaz et al. (1990),"P, SH shapes + FMPs inv.",Hellenic Trench / Crete,P,42.3,,,,,,,,,,,,,,,,,,,
1983-03-23-23-15-05,1983,3,23,23,15,5.0,38.2000,20.3000,7,6.2,29,68,174,Scordilis et al. (1985) / from Papadimitriou E. et al. (2002),,Central Ionian Islands,S,,,,,,,,,,,,,,,,,,,,
1983-03-23-23-51-06,1983,3,23,23,51,5.0,38.2000,20.3000,7,6.2,31,69,174,Papadimitriou E. et al. (1993),,"Hellenic Arc, 1959-1985",P,42.2,GCMT (PDE),1983,3,23,23,51,6.3,38.33,20.22,15,6.2,27,59,175,-1.3,16.0,-8,0.0,11.0
1983-03-24-04-17-31,1983,3,24,4,17,31.0,38.0900,20.2900,18,5.5,62,70,172,Louvari et al. (1999) / from Benetatos et al. (2004),various,body waveform modeling inversion / Intermediate depth earthquakes along the Hellenic Arc,P,33.7,GCMT (MLI),1983,3,24,4,17,31.6,38.18,20.32,25,5,65,56,-156,-0.6,10.3,-7,0.5,33.7
1983-05-14-23-13-47,1983,5,14,23,13,48.0,38.4400,20.3300,13,5.5,36,86,167,Louvari et al. (1999) / from Benetatos et al. (2004),various,body waveform modeling inversion / Intermediate depth earthquakes along the Hellenic Arc,P,10.7,GCMT (MLI),1983,5,14,23,13,46.5,38.49,20.36,10,5.3,119,82,8,1.5,6.1,3,0.2,10.7
1983-07-05-12-01-27,1983,7,5,12,1,27.0,40.3300,27.2100,42,6.1,248,70,-155,Dziewonski et al. (1984) / from Papazachos & Kiratzi (1996),,"time, hypocenter from Makropoulos et al. (2012) / Aegean sea and surrounding areas",P,30.1,ISC (GCMT),1983,7,5,12,1,33.8,40.38,27.04,15,6.1,160,85,-41,-6.8,15.5,27,0.0,30.4
1983-07-14-02-54-19,1983,7,14,2,54,20.0,35.6700,21.8100,17,5.3,318,48,124,Kiratzi & Louvari (2003),moment tensor inversion,Greece,P,48.8,GCMT (MLI),1983,7,14,2,54,18.6,35.81,21.91,25,5,349,71,175,1.4,18.0,-8,0.3,48.8
1983-08-03-15-43-52,1983,8,3,15,43,52.0,40.0000,24.7000,8,6.8,138,78,-1,Harvard solution / from Papazachos et al. (1998),,"Greece, shallow events (1953 - 1995)",S,,,,,,,,,,,,,,,,,,,,
1983-08-06-15-43-51,1983,8,6,15,43,51.9,40.1400,24.7400,21,6.8,50,76,177,Kiratzi et al. (1991) / from Kiratzi (1991),,"Time, hypocenter by Makropoulos et al. (2012) / NAT (1913 - 1983)",P,15.5,GCMT (PDE),1983,8,6,15,43,52.6,40.18,24.73,10,7.1,229,81,-174,-0.7,4.5,11,-0.3,23.2
1983-08-26-12-52-09,1983,8,26,12,52,9.8,40.5100,23.9200,14,4.6,72,73,-168,GCMT (MLI),moment tensor inversion,"extracted from ndk file, mag is probably MS",S,,CMT,1983,8,26,12,52,9.8,40.51,23.92,14,4.7,72,73,-168,0.0,0.0,0,-0.1,0.0
1983-09-19-01-18-14,1983,9,19,1,18,14.0,38.6900,22.3800,8,5.1,242,52,-100,"Burton et al., 1995 / from Kiratzi & Louvari (2003)",first motion polarities,Aegean sea and surrounding areas,S,,,,,,,,,,,,,,,,,,,,
1983-09-27-23-59-38,1983,9,27,23,59,38.2,36.6900,26.9600,159,5.5,312,46,162,GCMT (PDE),moment tensor inversion,"extracted from ndk file, mag is probably mb",S,,CMT,1983,9,27,23,59,38.2,36.69,26.96,159,5.5,312,46,162,0.0,0.0,0,0.0,0.0
1983-10-10-10-16-59,1983,10,10,10,17,1.0,40.2300,26.8000,11,5.4,70,64,176,Kiratzi & Louvari (2003),moment tensor inversion,Greece,P,11.0,,,,,,,,,,,,,,,,,,,
1984-02-11-08-02-50,1984,2,11,8,2,51.0,38.3700,22.1000,3,5.6,116,36,-71,Kiratzi & Louvari (2003),moment tensor inversion,Greece,P,27.2,GCMT (PDE),1984,2,11,8,2,50.0,38.38,22.07,15,5.4,77,28,-121,1.0,2.8,-12,0.2,27.2
1984-03-11-21-19-59,1984,3,11,21,19,59.4,39.1700,20.5100,45,4.5,288,24,53,"Muço, 1994",,-,S,,,,,,,,,,,,,,,,,,,,
1984-03-12-02-30-00,1984,3,12,2,29,59.5,39.2500,20.5800,48,4.7,245,38,-170,"Muço, 1994",,-,S,,,,,,,,,,,,,,,,,,,,
1984-05-06-09-12-01,1984,5,6,9,12,2.0,38.7700,25.6400,9,5.4,237,89,-161,Kiratzi & Louvari (2003),moment tensor inversion,Greece,P,19.4,CMT,1984,5,6,9,12,1.7,38.82,25.66,10,5.3,243,86,-179,0.3,5.8,-1,0.1,19.4
1984-05-22-13-57-05,1984,5,22,13,57,6.0,35.9000,22.6000,63,5.1,188,44,32,Benetatos et al. (2004),teleseismic waveform modeling (MT5),Hellenic Arc,P,11.9,ISC (GCMT),1984,5,22,13,57,11.4,36.13,22.78,73,5.1,75,66,142,-5.4,30.2,-10,0.0,12.5
1984-06-17-07-48-02,1984,6,17,7,48,2.6,38.8600,25.7200,23,6.1,156,73,-9,GCMT (MLI),moment tensor inversion,"extracted from ndk file, mag is probably MS",S,,CMT,1984,6,17,7,48,2.6,38.86,25.72,23,6.1,156,73,-9,0.0,0.0,0,0.0,0.0
1984-06-21-10-43-42,1984,6,21,10,43,40.5,35.3100,23.2800,39,5.9,110,72,83,Taymaz et al. (1990),"P, SH shapes + FMPs inv.",Hellenic Trench / Crete,P,18.3,GCMT (PDE),1984,6,21,10,43,40.5,35.35,23.29,27,5.8,79,7,-128,0.0,4.5,12,0.1,24.6
1984-07-09-18-57-09,1984,7,9,18,57,9.7,40.6900,21.8200,10,5.1,212,38,-105,GCMT (PDE),moment tensor inversion,"extracted from ndk file, mag is probably mb",S,,CMT,1984,7,9,18,57,9.7,40.69,21.82,10,5.1,212,38,-105,0.0,0.0,0,0.0,0.0
1984-09-04-01-06-06,1984,9,4,1,6,5.7,39.4000,20.5700,55,4.6,188,34,143,"Muço, 1994",,-,S,,,,,,,,,,,,,,,,,,,,
1984-11-18-14-47-42,1984,11,18,14,47,41.8,39.7300,20.5400,22,5.1,293,56,-27,"Muço, 1994",,-,S,,,,,,,,,,,,,,,,,,,,
1985-04-16-00-40-24,1985,4,16,0,40,24.2,39.6800,20.5700,10,4.5,292,45,44,"Muço, 1994",,-,S,,,,,,,,,,,,,,,,,,,,
1985-04-16-12-46-45,1985,4,16,12,46,45.3,39.7400,20.5800,12,4.6,278,41,119,"Muço, 1994",,-,S,,,,,,,,,,,,,,,,,,,,
1985-04-21-08-49-40,1985,4,21,8,49,41.0,35.7000,22.2000,25,5.2,149,50,78,Benetatos et al. (2004),teleseismic waveform modeling (MT5),Hellenic Arc,P,56.1,GCMT (PDE),1985,4,21,8,49,40.8,35.68,22.2,36,5.1,269,36,71,0.2,2.2,-11,0.1,56.1
1985-04-30-18-14-11,1985,4,30,18,14,11.6,39.2500,22.7900,19,5.6,281,43,-72,GCMT (PDE),moment tensor inversion,"extracted from ndk file, mag is probably MS",S,,GCMT (PDE),1985,4,30,18,14,11.6,39.25,22.79,19,5.6,281,43,-72,0.0,0.0,0,0.0,0.0
1985-05-21-23-27-02,1985,5,21,23,27,1.6,39.9500,20.0900,5,4.5,10,52,51,"Muço, 1994",,-,S,,,,,,,,,,,,,,,,,,,,
1985-05-23-16-02-21,1985,5,23,16,2,21.0,36.5200,22.1500,18,5.1,76,73,-33,Benetatos et al. (2004),teleseismic waveform modeling (MT5),Hellenic Arc,P,9.5,GCMT (PDE),1985,5,23,16,2,22.7,36.6,22.22,39,4.9,186,55,-159,-1.7,10.9,-21,0.2,9.5
1985-07-22-21-32-27,1985,7,22,21,32,27.9,34.3900,28.3000,15,4.1,67,48,-34,GCMT (PDE),moment tensor inversion,"extracted from ndk file, mag is probably MS",S,,GCMT (PDE),1985,7,22,21,32,27.9,34.39,28.3,15,4.1,67,48,-34,0.0,0.0,0,0.0,0.0
1985-08-31-06-03-49,1985,8,31,6,3,48.6,39.1100,20.6200,47,4.7,268,30,158,"Muço, 1994",,-,S,,,,,,,,,,,,,,,,,,,,
1985-09-07-10-20-50,1985,9,7,10,20,50.0,37.5000,21.2000,29,5.3,24,57,168,Kiratzi & Louvari (2003),moment tensor inversion,Greece,P,38.9,GCMT (PDE),1985,9,7,10,20,50.3,37.48,21.24,33,5.1,40,44,-147,-0.3,4.2,-4,0.2,38.9
1985-09-27-16-39-47,1985,9,27,16,39,46.4,34.4000,26.5500,38,5.2,125,77,9,Taymaz et al. (1990),"P, SH shapes + FMPs inv.",Hellenic Trench / Crete,P,9.9,GCMT (PDE),1985,9,27,16,39,48.6,34.51,26.59,59,5.5,135,76,13,-2.2,12.7,-21,-0.3,9.9
1985-09-28-14-50-16,1985,9,28,14,50,16.6,41.5900,22.2200,20,4.8,209,70,-158,GCMT (PDE),moment tensor inversion,"extracted from ndk file, mag is probably mb",S,,GCMT (PDE),1985,9,28,14,50,16.6,41.59,22.22,20,4.8,209,70,-158,0.0,0.0,0,0.0,0.0
1985-11-09-23-30-42,1985,11,9,23,30,42.3,41.2400,23.9300,18,5.3,256,33,-85,GCMT (PDE),moment tensor inversion,"extracted from ndk file, mag is probably MS",S,,GCMT (PDE),1985,11,9,23,30,42.3,41.24,23.93,18,5.3,256,33,-85,0.0,0.0,0,0.0,0.0
1985-11-21-21-57-14,1985,11,21,21,57,14.9,41.7200,19.3200,22,5.3,306,20,65,GCMT (PDE),moment tensor inversion,"extracted from ndk file, mag is probably MS",S,,GCMT (PDE),1985,11,21,21,57,14.9,41.72,19.32,22,5.3,306,20,65,0.0,0.0,0,0.0,0.0
1986-03-03-01-24-05,1986,3,3,1,24,5.7,41.9500,20.2700,23,5.0,94,38,-128,GCMT (PDE),moment tensor inversion,"extracted from ndk file, mag is probably mb",S,,CMT,1986,3,3,1,24,5.7,41.95,20.27,23,5,94,38,-128,0.0,0.0,0,0.0,0.0
1986-03-25-01-41-35,1986,3,25,1,41,36.0,38.4000,25.1000,6,5.5,163,59,-22,Kiratzi & Louvari (2003),moment tensor inversion,Greece,P,13.9,GCMT (PDE),1986,3,25,1,41,34.5,38.36,25.15,5,5.4,168,63,-7,1.5,6.2,1,0.1,13.9
1986-03-29-18-36-38,1986,3,29,18,36,38.0,38.3700,25.1700,14,5.3,52,77,152,Kiratzi & Louvari (2003),moment tensor inversion,Greece,S,,,,,,,,,,,,,,,,,,,,
1986-05-22-19-52-19,1986,5,22,19,52,19.0,34.2500,26.5500,27,5.3,118,86,99,Benetatos et al. (2004),teleseismic waveform modeling (MT5),Hellenic Arc,P,27.6,CMT,1986,5,22,19,52,19.5,34.51,26.59,30,5.2,227,37,24,-0.5,29.1,-3,0.1,27.6
1986-06-08-04-55-01,1986,6,8,4,55,1.6,36.0700,21.5100,29,5.1,109,34,86,GCMT (PDE),moment tensor inversion,"extracted from ndk file, mag is probably mb",S,,GCMT (PDE),1986,6,8,4,55,1.6,36.07,21.51,29,5.1,109,34,86,0.0,0.0,0,0.0,0.0
1986-06-22-08-00-43,1986,6,22,8,0,42.5,38.5712,21.7110,13,4.0,262,75,-172,"Melis et al., 1995",,relocated,S,,,,,,,,,,,,,,,,,,,,
1986-06-24-22-04-31,1986,6,24,22,4,31.0,38.3467,21.7708,18,4.1,290,80,0,"Melis et al., 1995",,relocated,S,,,,,,,,,,,,,,,,,,,,
1986-09-13-17-24-32,1986,9,13,17,24,34.3,37.0800,22.1500,9,6.0,200,50,-81,Papazachos et al. (1988) / from Papazachos et al. (1999),fault plane solutions,"time, hypocenter from Makropoulos et al. (2012) / Aegean region",P,18.8,GCMT (PDE),1986,9,13,17,24,33.7,37.03,22.2,29,5.9,350,46,-130,0.6,7.1,-20,0.1,21.4
1986-10-02-10-12-39,1986,10,2,10,12,39.8,34.6300,28.3600,10,4.5,99,37,-53,GCMT (PDE),moment tensor inversion,"extracted from ndk file, mag is probably MS",S,,GCMT (PDE),1986,10,2,10,12,39.8,34.63,28.36,10,4.5,99,37,-53,0.0,0.0,0,0.0,0.0
1986-10-11-09-00-12,1986,10,11,9,0,12.0,37.9100,28.5300,9,5.7,325,42,-36,Kiratzi & Louvari (2003),moment tensor inversion,Greece,P,15.5,CMT,1986,10,11,9,0,13.1,37.96,28.59,24,5.5,320,57,-39,-1.1,7.7,-15,0.2,15.5
1986-10-18-15-13-47,1986,10,18,15,13,46.5,39.6900,19.3400,9,4.3,335,45,51,"Muço, 1994",,-,S,,,,,,,,,,,,,,,,,,,,
1986-12-17-21-18-33,1986,12,17,21,18,32.7,39.7900,20.8800,20,5.0,276,23,36,"Muço, 1994",,-,S,,,,,,,,,,,,,,,,,,,,
1987-02-27-23-34-53,1987,2,27,23,34,54.0,38.4200,20.3600,13,5.7,26,61,168,Louvari et al. (1999) / from Benetatos et al. (2004),various,body waveform modeling inversion / Intermediate depth earthquakes along the Hellenic Arc,P,36.5,GCMT (PDE),1987,2,27,23,34,53.1,38.5,20.26,10,5.5,46,37,-155,0.9,12.5,3,0.2,36.5
1987-04-12-02-47-18,1987,4,12,2,47,18.3,35.4300,23.4300,33,5.1,252,90,180,GCMT (PDE),moment tensor inversion,"extracted from ndk file, mag is probably mb",S,,CMT,1987,4,12,2,47,18.3,35.43,23.43,33,5.1,342,90,0,0.0,0.0,0,0.0,0.0
1987-05-29-18-40-31,1987,5,29,18,40,31.0,37.5000,21.5000,49,5.2,51,59,-175,Benetatos et al. (2004),teleseismic waveform modeling (MT5),Hellenic Arc,P,50.3,ISC (GCMT),1987,5,29,18,40,34.2,37.57,21.49,56.7,5.2,75,26,-121,-3.2,7.8,-7.7,0.0,50.3
1987-06-10-14-50-11,1987,6,10,14,50,11.0,37.1700,21.3900,27,5.4,52,76,175,Kiratzi & Louvari (2003),moment tensor inversion,Greece,P,37.3,GCMT (PDE),1987,6,10,14,50,11.2,37.23,21.45,37,4.9,24,44,180,-0.2,8.5,-10,0.5,44.2
1987-06-19-18-45-42,1987,6,19,18,45,42.0,36.8000,28.2000,65,5.2,121,41,88,Benetatos et al. (2004),teleseismic waveform modeling (MT5),Hellenic Arc,P,39.0,CMT,1987,6,19,18,45,42.3,36.77,28.13,88,5,316,54,137,-0.3,7.1,-23,0.2,39.0
1987-10-05-09-27-02,1987,10,5,9,27,2.0,36.2500,28.2800,29,5.1,38,55,170,"Yilmazturk and Burton, 1999 / from Kiratzi & Louvari (2003)",first motion polarities,Aegean sea and surrounding areas,S,,,,,,,,,,,,,,,,,,,,
1988-01-04-18-51-54,1988,1,4,18,51,54.0,39.6400,19.2900,5,4.3,275,23,30,"Muço, 1994",,-,S,,,,,,,,,,,,,,,,,,,,
1988-01-09-01-02-47,1988,1,9,1,2,47.2,41.2400,19.6000,28,5.8,321,12,62,GCMT (PDE),moment tensor inversion,"extracted from ndk file, mag is probably MS",S,,GCMT (PDE),1988,1,9,1,2,47.2,41.24,19.6,28,5.8,321,12,62,0.0,0.0,0,0.0,0.0
1988-04-03-08-56-39,1988,4,3,8,56,39.0,39.3100,20.5200,10,4.5,319,60,-10,"Muço, 1994",,-,S,,,,,,,,,,,,,,,,,,,,
1988-04-24-20-49-35,1988,4,24,20,49,35.1,40.9000,28.1100,19,5.0,356,71,-11,GCMT (PDE),moment tensor inversion,"extracted from ndk file, mag is probably mb",S,,CMT,1988,4,24,20,49,35.1,40.9,28.11,19,5,356,71,-11,0.0,0.0,0,0.0,0.0
1988-05-18-05-17-42,1988,5,18,5,17,42.0,38.3600,20.4200,23,5.4,45,70,163,Louvari et al. (1999) / from Benetatos et al. (2004),various,body waveform modeling inversion / Intermediate depth earthquakes along the Hellenic Arc,P,72.0,GCMT (PDE),1988,5,18,5,17,43.4,38.42,20.47,32,5.3,163,38,95,-1.4,8.0,-9,0.1,72.0
1988-07-16-01-54-34,1988,7,16,1,54,33.5,37.3930,22.9068,79,4.3,228,50,54,"Besnard M., 1991",,-,S,,,,,,,,,,,,,,,,,,,,
1988-07-23-09-19-00,1988,7,23,9,19,0.0,36.8800,22.0000,16,4.1,57,60,-32,"Hatzfeld et al., 1993",,-,S,,,,,,,,,,,,,,,,,,,,
1988-07-27-05-00-13,1988,7,27,5,0,12.5,35.4367,24.8057,29,4.1,262,53,-152,"Besnard M., 1991",,-,S,,,,,,,,,,,,,,,,,,,,
1988-08-05-12-53-23,1988,8,5,12,53,23.1,35.6488,25.9808,27,4.0,325,38,-118,"Besnard M., 1991",,-,S,,,,,,,,,,,,,,,,,,,,
1988-08-16-21-34-09,1988,8,16,21,34,8.5,39.9247,23.9362,17,4.5,145,35,-85,"Besnard M., 1991",,-,S,,,,,,,,,,,,,,,,,,,,
1988-08-17-02-10-37,1988,8,17,2,10,37.4,37.2645,26.8943,21,4.3,70,40,-90,"Besnard M., 1991",,-,S,,,,,,,,,,,,,,,,,,,,
1988-08-24-12-13-30,1988,8,24,12,13,29.5,36.6888,26.2050,20,4.0,157,49,-30,"Besnard M., 1991",,-,S,,,,,,,,,,,,,,,,,,,,
1988-09-05-20-03-25,1988,9,5,20,3,25.8,34.5100,26.6500,12,5.0,15,55,-11,GCMT (PDE),moment tensor inversion,"extracted from ndk file, mag is probably MS",S,,CMT,1988,9,5,20,3,25.8,34.51,26.65,12,5,15,55,-11,0.0,0.0,0,0.0,0.0
1988-10-16-12-34-06,1988,10,16,12,34,6.3,37.9500,20.9000,29,5.8,301,76,-3,GCMT (PDE),moment tensor inversion,"extracted from ndk file, mag is probably MS",S,,CMT,1988,10,16,12,34,5.8,37.93,20.92,25,5.7,301,76,-3,0.5,2.8,4,0.1,0.0
1988-11-20-21-01-05,1988,11,20,21,1,5.8,35.2900,28.6700,10,4.9,24,32,-152,GCMT (PDE),moment tensor inversion,"extracted from ndk file, mag is probably MS",S,,CMT,1988,11,20,21,1,5.8,35.29,28.67,10,5.2,24,32,-152,0.0,0.0,0,-0.3,0.0
1989-02-19-14-28-46,1989,2,19,14,28,46.3,37.0100,28.3200,10,4.7,93,32,-85,GCMT (PDE),moment tensor inversion,"extracted from ndk file, mag is probably mb",S,,CMT,1989,2,19,14,28,46.3,37.01,28.32,10,4.7,93,32,-85,0.0,0.0,0,0.0,0.0
1989-02-24-00-40-34,1989,2,24,0,40,34.9,37.7600,29.4400,17,4.6,113,39,-77,GCMT (PDE),moment tensor inversion,"extracted from ndk file, mag is probably MS",S,,CMT,1989,2,24,0,40,34.9,37.76,29.44,17,5,113,39,-77,0.0,0.0,0,-0.4,0.0
1989-03-17-05-42-51,1989,3,17,5,42,51.8,34.6400,25.5900,17,5.2,77,10,-118,GCMT (PDE),moment tensor inversion,"extracted from ndk file, mag is probably MS",S,,CMT,1989,3,17,5,42,51.8,34.64,25.59,17,5.2,77,10,-118,0.0,0.0,0,0.0,0.0
1989-03-19-05-36-59,1989,3,19,5,36,59.2,39.2700,23.5100,10,5.3,230,90,180,GCMT (PDE),moment tensor inversion,"extracted from ndk file, mag is probably MS",S,,CMT,1989,3,19,5,36,59.2,39.27,23.51,10,5.3,320,90,0,0.0,0.0,0,0.0,0.0
1989-03-28-13-29-11,1989,3,28,13,29,11.2,34.0600,24.6800,33,5.4,67,53,29,GCMT (PDE),moment tensor inversion,"extracted from ndk file, mag is probably MS",S,,CMT,1989,3,28,13,29,11.2,34.06,24.68,33,5.4,67,53,29,0.0,0.0,0,0.0,0.0
1989-04-27-00-06-52,1989,4,27,0,6,52.0,37.1000,28.2000,12,5.5,92,36,-94,Harvard solution / from Papazachos et al. (1998),,"Greece, shallow events (1953 - 1995)",S,,,,,,,,,,,,,,,,,,,,
1989-04-27-23-06-52,1989,4,27,23,6,53.0,37.1000,28.2000,7,5.3,271,57,-103,Kiratzi & Louvari (2003),moment tensor inversion,Greece,P,13.8,CMT,1989,4,27,23,6,51.4,37.06,28.29,10,5.3,92,36,-94,1.6,9.2,-3,0.0,13.8
1989-04-28-13-30-19,1989,4,28,13,30,20.0,37.0600,28.0100,22,5.3,271,58,-103,Kiratzi & Louvari (2003),moment tensor inversion,Greece,P,20.8,CMT,1989,4,28,13,30,17.9,37.01,28.25,11,5.1,90,41,-101,2.1,22.1,11,0.2,19.8
1989-06-07-19-45-53,1989,6,7,19,45,53.6,38.0500,21.6300,25,4.7,154,64,-26,GCMT (PDE),moment tensor inversion,"extracted from ndk file, mag is probably MS",S,,CMT,1989,6,7,19,45,53.8,38.05,21.64,25,5.2,154,64,-26,-0.2,0.9,0,-0.5,0.0
1989-06-14-18-06-37,1989,6,14,18,6,37.6,34.3000,26.1000,10,5.1,102,8,-68,GCMT (PDE),moment tensor inversion,"extracted from ndk file, mag is probably MS",S,,CMT,1989,6,14,18,6,37.6,34.3,26.1,10,5.1,102,8,-68,0.0,0.0,0,0.0,0.0
1989-08-20-18-32-30,1989,8,20,18,32,31.0,37.2600,21.1400,16,5.7,193,74,-174,Kiratzi & Louvari (2003),moment tensor inversion,Greece,P,53.1,GCMT (PDE),1989,8,20,18,32,30.7,37.28,21.21,16,5.7,237,37,-130,0.3,6.6,0,0.0,53.1
1989-08-24-02-13-13,1989,8,24,2,13,14.0,37.9400,20.1400,16,5.2,36,46,142,Louvari et al. (1999) / from Benetatos et al. (2004),various,body waveform modeling inversion / Intermediate depth earthquakes along the Hellenic Arc,P,33.5,GCMT (PDE),1989,8,24,2,13,13.8,37.96,20.21,16,4.9,356,38,131,0.2,6.5,0,0.3,33.5
1989-08-27-01-21-17,1989,8,27,1,21,17.9,34.9200,26.2600,60,5.0,223,19,33,GCMT (PDE),moment tensor inversion,"extracted from ndk file, mag is probably mb",S,,CMT,1989,8,27,1,21,17.9,34.92,26.26,60,5,223,19,33,0.0,0.0,0,0.0,0.0
1989-09-05-06-52-30,1989,9,5,6,52,30.0,40.2000,25.1600,10,5.0,64,34,-159,GCMT (PDE),moment tensor inversion,"extracted from ndk file, mag is probably MS",S,,CMT,1989,9,5,6,52,30.0,40.2,25.16,10,5,64,34,-159,0.0,0.0,0,0.0,0.0
1989-09-22-00-36-00,1989,9,22,0,36,0.0,39.0000,27.0000,10,6.5,100,51,-70,Hatzfeld et al. 1999 / from Kiratzi (2002),,Central Western Anatolia / various areas (in custom comments),S,,,,,,,,,,,,,,,,,,,,
1990-06-16-02-16-20,1990,6,16,2,16,20.0,39.1600,20.5400,7,5.5,352,33,105,"Louvari et al.	 2001 / from Kiratzi & Louvari (2003)",moment tensor inversion,Aegean sea and surrounding areas,P,21.5,GCMT (PDE),1990,6,16,2,16,21.2,39.21,20.54,34,5.4,329,39,102,-1.2,5.6,-27,0.1,21.5
1990-07-09-11-22-16,1990,7,9,11,22,16.0,34.9000,26.6000,9,5.2,217,56,-21,Kiratzi & Louvari (2003),moment tensor inversion,Greece,P,60.2,CMT,1990,7,9,11,22,17.0,34.92,26.75,33,5.1,129,27,-106,-1.0,13.9,-24,0.1,60.2
1990-07-18-11-29-24,1990,7,18,11,29,26.0,37.0400,29.5100,14,5.4,270,41,-60,Kiratzi & Louvari (2003),moment tensor inversion,Greece,P,15.2,CMT,1990,7,18,11,29,23.9,37,29.64,10,5.2,65,47,-114,2.1,12.4,4,0.2,15.2
1990-12-21-06-57-43,1990,12,21,6,57,43.0,40.9100,22.3600,16,6.1,54,47,-103,"Baker et al.	 1997 / from Kiratzi & Louvari (2003)",moment tensor inversion,Aegean sea and surrounding areas,P,13.0,GCMT (PDE),1990,12,21,6,57,44.0,40.98,22.34,18,5.9,249,41,-72,-1.0,8.0,-2,0.2,8.4
1991-03-19-12-09-23,1991,3,19,12,9,23.0,34.8000,26.3000,12,5.5,261,30,40,Kiratzi & Louvari (2003),moment tensor inversion,Greece,P,60.4,GCMT (PDE),1991,3,19,12,9,24.3,34.82,26.28,18,5.4,245,36,-33,-1.3,2.9,-6,0.1,60.4
1991-06-26-11-43-34,1991,6,26,11,43,34.0,38.3400,21.0400,22,5.1,151,51,-105,Kiratzi & Louvari (2003),moment tensor inversion,Greece,P,49.8,GCMT (PDE),1991,6,26,11,43,34.8,38.42,21.17,31,5.1,105,45,-100,-0.8,14.4,-9,0.0,49.8
1991-10-18-14-04-54,1991,10,18,14,4,55.0,35.7000,28.5600,43,5.2,82,88,13,Benetatos et al. (2004),teleseismic waveform modeling (MT5),Hellenic Arc,P,11.1,CMT,1991,10,18,14,4,54.1,35.76,28.64,33,5.3,341,73,177,0.9,9.8,10,-0.1,11.1
1992-01-23-04-24-16,1992,1,23,4,24,19.0,38.4000,20.5700,9,5.6,345,19,68,Louvari et al. (1999) / from Benetatos et al. (2004),various,body waveform modeling inversion / Intermediate depth earthquakes along the Hellenic Arc,P,33.0,GCMT (PDE),1992,1,23,4,24,14.8,38.33,20.32,10,5.2,351,42,97,4.2,23.2,-1,0.4,33.0
1992-01-23-06-27-39,1992,1,23,6,27,38.7,38.3900,20.2800,10,5.0,21,72,172,"Pondrelli et al., 1999",,-,S,,,,,,,,,,,,,,,,,,,,
1992-03-20-05-37-23,1992,3,20,5,37,23.5,36.6500,24.5300,11,5.0,293,45,-90,GCMT (PDE),moment tensor inversion,"extracted from ndk file, mag is probably MS",S,,CMT,1992,3,20,5,37,23.5,36.65,24.53,11,5,113,45,-90,0.0,0.0,0,0.0,0.0
1992-04-30-11-44-39,1992,4,30,11,44,40.0,35.1000,26.6000,7,5.8,214,52,-47,Kiratzi & Louvari (2003),moment tensor inversion,Greece,P,63.0,GCMT (PDE),1992,4,30,11,44,38.6,35.07,26.71,17,5.7,172,38,-106,1.4,10.6,-10,0.1,42.7
1992-07-23-20-12-43,1992,7,23,20,12,45.0,39.8100,24.4000,8,5.3,272,51,-148,Kiratzi & Louvari (2003),moment tensor inversion,Greece,P,13.6,CMT,1992,7,23,20,12,42.2,39.82,24.39,7,5.1,267,41,-160,2.8,1.4,1,0.2,13.6
1992-11-06-12-08-09,1992,11,6,12,8,9.0,38.1000,27.0000,17,6.2,238,85,-167,Harvard solution / from Papazachos et al. (1998),,"Greece, shallow events (1953 - 1995)",S,,,,,,,,,,,,,,,,,,,,
1992-11-06-19-08-09,1992,11,6,19,8,8.9,38.0800,26.9500,17,6.0,147,77,-5,GCMT (PDE),moment tensor inversion,"extracted from ndk file, mag is probably MS",P,13.7,GCMT (PDE),1992,11,6,19,8,8.9,38.08,26.95,17,6,147,77,-5,0.0,0.0,0,0.0,0.0
1992-11-06-20-06-02,1992,11,6,20,6,2.0,38.0200,26.9700,6,6.0,146,76,13,Kiratzi & Louvari (2003),moment tensor inversion,Greece,S,,,,,,,,,,,,,,,,,,,,
1992-11-18-21-10-41,1992,11,18,21,10,41.2,38.3000,22.4500,12,5.9,68,59,-95,Karakaisis et al. (1993) / from Papazachos & Kiratzi (1996),,"time, hypocenter from Makropoulos et al. (2012) / Aegean sea and surrounding areas",P,42.2,GCMT (PDE),1992,11,18,21,10,40.8,38.3,22.43,10,5.7,265,43,-99,0.4,1.7,2,0.2,26.2
1992-11-21-05-07-21,1992,11,21,5,7,21.0,35.9000,22.5000,52,5.9,97,77,141,Benetatos et al. (2004),teleseismic waveform modeling (MT5),Hellenic Arc,P,5.3,GCMT (PDE),1992,11,21,5,7,22.7,35.93,22.44,70,5.9,196,50,16,-1.7,6.4,-18,0.0,2.4
1993-03-05-06-55-07,1993,3,5,6,55,6.0,37.2000,21.5000,20,5.1,128,59,57,Benetatos et al. (2004),teleseismic waveform modeling (MT5),Hellenic Arc,P,12.2,GCMT (PDE),1993,3,5,6,55,8.7,37.15,21.44,37,5,342,42,120,-2.7,7.7,-17,0.1,12.2
1993-03-18-15-47-03,1993,3,18,15,47,6.0,38.1000,21.8000,52,5.8,136,67,66,Benetatos et al. (2004),teleseismic waveform modeling (MT5),Hellenic Arc,P,24.8,CMT,1993,3,18,15,47,0.2,38.33,22.16,56,6.1,333,30,125,5.8,40.6,-4,-0.3,24.8
1993-03-26-11-58-14,1993,3,26,11,58,14.6,37.4900,21.4900,10,5.2,122,60,5,GCMT (PDE),moment tensor inversion,"extracted from ndk file, mag is probably MS",S,,GCMT (PDE),1993,3,26,11,58,14.6,37.49,21.49,10,5.2,122,60,5,0.0,0.0,0,0.0,0.0
1993-06-13-23-26-40,1993,6,13,23,26,40.0,39.3000,21.8000,20,5.5,238,73,-163,Harvard solution / from Papazachos et al. (1998),,"Greece, shallow events (1953 - 1995)",P,103.9,,,,,,,,,,,,,,,,,,,
1993-07-14-12-31-49,1993,7,14,12,31,49.0,38.1700,21.7700,19,5.4,229,79,-174,Kiratzi & Louvari (2003),moment tensor inversion,Greece,P,13.8,GCMT (PDE),1993,7,14,12,31,49.1,38.24,21.78,20,5.5,238,73,-163,-0.1,7.8,-1,-0.1,13.8
1993-11-04-05-18-36,1993,11,4,5,18,36.6,38.3900,21.9900,10,5.2,79,37,-105,GCMT (PDE),moment tensor inversion,"extracted from ndk file, mag is probably MS",S,,CMT,1993,11,4,5,18,36.4,38.38,21.99,9,5.2,79,37,-105,0.2,1.1,1,0.0,0.0
1994-01-11-07-22-51,1994,1,11,7,22,52.0,35.8300,21.8300,14,5.3,331,60,126,Kiratzi & Louvari (2003),moment tensor inversion,Greece,P,21.6,GCMT (PDE),1994,1,11,7,22,51.5,35.95,21.91,33,5.4,77,61,30,0.5,15.1,-19,-0.1,21.6
1994-01-28-15-45-12,1994,1,28,15,45,0.0,38.6700,27.4800,14,5.4,114,60,-71,Hatzfeld et al. 1999 / from Kiratzi (2002),,Central Western Anatolia / various areas (in custom comments),P,21.7,CMT,1994,1,28,15,45,24.2,38.7,27.6,5,5.2,107,45,-90,-24.2,11.0,9,0.2,21.7
1994-02-01-17-57-00,1994,2,1,17,57,0.0,37.7600,19.8600,19,5.6,24,39,115,"Louvari et al., 1999",,-,S,,,,,,,,,,,,,,,,,,,,
1994-02-25-02-30-51,1994,2,25,2,30,50.0,38.7600,20.5600,9,5.5,22,58,168,"Louvari et al.	 1999 / from Kiratzi & Louvari (2003)",moment tensor inversion,Aegean sea and surrounding areas,P,21.3,GCMT (PDE),1994,2,25,2,30,52.0,39.06,20.52,33,5.1,6,59,176,-2.0,33.5,-24,0.4,21.3
1994-04-16-23-09-33,1994,4,16,23,9,34.0,37.3600,20.6300,22,5.5,124,76,90,Kiratzi & Louvari (2003),moment tensor inversion,Greece,P,13.2,GCMT (PDE),1994,4,16,23,9,33.8,37.44,20.58,23,5,340,18,134,0.2,9.9,-1,0.5,14.0
1994-05-23-06-46-14,1994,5,23,6,46,12.0,35.0000,24.9000,71,6.0,69,59,148,Benetatos et al. (2004),teleseismic waveform modeling (MT5),Hellenic Arc,P,41.5,ISC (GCMT),1994,5,23,6,46,19.9,35.02,24.89,80.8,6,76,70,151,-7.9,2.4,-9.8,0.0,12.7
1994-05-24-02-05-17,1994,5,24,2,5,0.0,38.8300,26.4900,10,5.5,136,49,-41,Hatzfeld et al. 1999 / from Kiratzi (2002),,Central Western Anatolia / various areas (in custom comments),P,8.5,GCMT (PDE),1994,5,24,2,5,34.4,38.65,26.59,7,5.4,258,54,-135,-34.4,21.8,3,0.1,8.5
1994-09-01-16-12-41,1994,9,1,16,12,40.7,41.1800,21.2000,12,6.1,24,40,-90,Papazachos et al. (1997c) / from Papazachos et al. (1999),macroseismic,"time, hypocenter from Makropoulos et al. (2012) / Aegean region",P,86.5,,,,,,,,,,,,,,,,,,,
1994-11-13-06-56-03,1994,11,13,6,56,3.0,36.9000,29.0900,33,5.0,139,36,-83,GCMT (PDE),moment tensor inversion,"extracted from ndk file, mag is probably MS",S,,CMT,1994,11,13,6,56,3.0,36.9,29.09,33,5,139,36,-83,0.0,0.0,0,0.0,0.0
1994-11-29-14-30-27,1994,11,29,14,30,27.3,38.6700,20.5100,13,4.6,185,90,-180,GCMT (PDE),moment tensor inversion,"extracted from ndk file, mag is probably MS",S,,CMT,1994,11,29,14,30,29.0,38.76,20.55,21,5,95,90,0,-1.7,10.6,-8,-0.4,0.0
1995-05-04-00-34-11,1995,5,4,0,34,11.0,40.5400,23.6300,12,5.2,84,66,-103,Kiratzi & Louvari (2003),moment tensor inversion,Greece,P,47.6,CMT,1995,5,4,0,34,12.0,40.67,23.47,28,5.1,260,42,-132,-1.0,19.8,-16,0.1,46.8
1995-05-13-08-47-13,1995,5,13,8,47,15.0,40.1300,21.6700,12,6.4,242,38,-91,Kiratzi & Louvari (2003),moment tensor inversion,Greece,P,9.8,GCMT (PDE),1995,5,13,8,47,12.6,40.14,21.68,13,6.5,73,44,-83,2.4,1.4,-1,-0.1,10.8
1995-05-15-04-13-55,1995,5,15,4,13,55.1,40.0500,21.6200,10,5.1,59,33,-118,GCMT (PDE),moment tensor inversion,"extracted from ndk file, mag is probably mb",S,,CMT,1995,5,15,4,13,55.1,40.05,21.62,10,5.1,59,33,-118,0.0,0.0,0,0.0,0.0
1995-05-17-09-45-07,1995,5,17,9,45,7.3,39.9900,21.5600,10,5.1,278,37,-59,"Pondrelli et al., 1999",,-,S,,,,,,,,,,,,,,,,,,,,
1995-05-19-06-48-49,1995,5,19,6,48,49.3,40.0400,21.5800,10,5.0,265,48,-56,GCMT (PDE),moment tensor inversion,"extracted from ndk file, mag is probably MS",S,,CMT,1995,5,19,6,48,49.3,40.04,21.58,10,5.1,265,48,-56,0.0,0.0,0,-0.1,0.0
1995-06-15-00-15-48,1995,6,15,0,15,49.0,38.4000,22.2000,12,6.4,276,34,-73,Harvard solution / from Papazachos et al. (1998),,"Greece, shallow events (1953 - 1995)",P,17.3,GCMT (PDE),1995,6,15,0,15,48.6,38.4,22.27,14,6.5,265,43,-103,0.4,6.1,-2,-0.1,24.1
1995-06-15-00-31-01,1995,6,15,0,31,0.5,38.3800,22.4200,10,5.4,157,27,-43,"Pondrelli et al., 1999",,-,S,,,,,,,,,,,,,,,,,,,,
1995-07-17-23-18-15,1995,7,17,23,18,15.3,40.2600,21.4000,10,4.8,68,34,-105,GCMT (PDE),moment tensor inversion,"extracted from ndk file, mag is probably MS",S,,GCMT (PDE),1995,7,17,23,18,15.3,40.26,21.4,10,4.8,68,34,-105,0.0,0.0,0,0.0,0.0
1995-12-07-18-00-52,1995,12,7,18,0,54.6,34.8150,24.0960,33,5.6,87,43,47,ETHZ (ISC),,-,P,54.0,GCMT (REB),1995,12,7,18,0,50.9,34.79,24.15,0,5.2,319,6,123,3.7,5.7,32.6,0.4,54.0
1995-12-10-03-27-49,1995,12,10,3,27,50.0,34.7600,23.9900,24,5.2,266,9,54,Kiratzi & Louvari (2003),moment tensor inversion,Greece,P,14.2,CMT,1995,12,10,3,27,48.0,34.83,24.25,19.2,5,289,22,75,2.0,25.0,4.8,0.2,14.2
1996-02-01-17-57-57,1996,2,1,17,57,59.0,37.7700,20.0500,20,5.6,173,55,71,Louvari et al. (1999) / from Benetatos et al. (2004),various,body waveform modeling inversion / Intermediate depth earthquakes along the Hellenic Arc,P,18.8,ISC (GCMT),1996,2,1,17,58,1.5,37.84,19.57,15,5.3,28,56,126,-2.5,43.0,5,0.3,18.9
1996-04-02-07-59-26,1996,4,2,7,59,26.0,37.8400,26.8700,9,5.3,261,53,-119,Kiratzi & Louvari (2003),moment tensor inversion,Greece,P,14.8,CMT,1996,4,2,7,59,26.1,37.83,27,33,5.1,262,41,-127,-0.1,11.5,-24,0.2,14.8
1996-04-12-15-39-10,1996,4,12,15,39,11.0,36.5900,27.0400,162,5.2,235,80,-52,Benetatos et al. (2004),teleseismic waveform modeling (MT5),Hellenic Arc,P,16.8,CMT,1996,4,12,15,39,10.0,36.62,27.09,159,5.4,315,44,173,1.0,5.6,3,-0.2,16.8
1996-04-26-07-01-27,1996,4,26,7,1,28.0,36.3400,27.9600,70,5.3,343,54,174,Benetatos et al. (2004),teleseismic waveform modeling (MT5),Hellenic Arc,P,36.4,GCMT (PDE),1996,4,26,7,1,27.5,36.37,28.04,75,5.2,12,30,176,0.5,7.9,-5,0.1,36.4
1996-07-20-00-00-40,1996,7,20,0,0,40.0,36.0700,27.4600,12,6.1,232,42,-52,Kiratzi & Louvari (2003),moment tensor inversion,Greece,P,23.9,GCMT (PDE),1996,7,20,0,0,41.8,36.15,27.1,33,6.2,196,38,-102,-1.8,33.6,-21,-0.1,31.9
1996-07-22-01-44-38,1996,7,22,1,44,38.0,36.1500,27.2200,33,4.7,223,36,-78,GCMT (PDE),moment tensor inversion,"extracted from ndk file, mag is probably MS",S,,CMT,1996,7,22,1,44,38.0,36.15,27.22,33,4.7,223,36,-78,0.0,0.0,0,0.0,0.0
1996-07-26-18-55-50,1996,7,26,18,55,50.0,40.0800,20.6400,7,5.1,34,36,-93,"Louvari et al.	 2001 / from Kiratzi & Louvari (2003)",moment tensor inversion,Aegean sea and surrounding areas,P,21.1,CMT,1996,7,26,18,55,50.4,40.08,20.66,11,5.2,215,36,-79,-0.4,1.7,-4,-0.1,21.1
1996-07-27-10-10-49,1996,7,27,10,10,48.5,38.0760,21.8240,7,4.7,186,42,-23,"Kaviris, 2003",,-,S,,,,,,,,,,,,,,,,,,,,
1996-09-27-03-56-06,1996,9,27,3,56,6.4,38.3950,21.7920,19,4.0,352,61,-17,"Kaviris, 2003",,-,S,,,,,,,,,,,,,,,,,,,,
1996-11-14-11-45-05,1996,11,14,11,45,4.8,38.3650,21.9920,8,4.1,75,38,-95,"Kaviris, 2003",,-,S,,,,,,,,,,,,,,,,,,,,
1997-01-07-02-14-21,1997,1,7,2,14,21.0,34.7400,24.8500,41,4.9,129,3,-60,MED_RCMT (NEIC),,-,P,0.0,,,,,,,,,,,,,,,,,,,
1997-01-12-12-10-51,1997,1,12,12,10,51.0,40.9600,19.6700,10,4.9,4,70,-167,MED_RCMT (NEIC),,-,P,0.0,,,,,,,,,,,,,,,,,,,
1997-01-19-19-42-38,1997,1,19,19,42,38.0,40.8200,19.6700,10,4.7,2,65,-177,MED_RCMT (NEIC),,-,P,0.0,,,,,,,,,,,,,,,,,,,
1997-01-21-20-47-00,1997,1,21,20,47,0.0,37.9800,28.3300,18,5.2,85,28,-138,Harvard CMT-solution / from Kiratzi (2002),,Southern Western Anatolia / various areas (in custom comments),S,,ISC (GCMT),1997,1,21,20,47,50.2,37.98,28.33,18.1,5.2,85,28,-138,-50.2,0.0,-0.1,0.0,0.0
1997-03-18-11-26-16,1997,3,18,11,26,16.0,34.1900,26.1500,20,4.9,292,40,97,MED_RCMT (NEIC),,-,P,0.0,,,,,,,,,,,,,,,,,,,
1997-03-21-06-17-07,1997,3,21,6,17,8.0,39.3000,23.7700,10,5.0,39,88,-170,"Panagiotou, 2000 / from Kiratzi & Louvari (2003)",first motion polarities,Aegean sea and surrounding areas,P,37.8,,,,,,,,,,,,,,,,,,,
1997-04-26-22-17-33,1997,4,26,22,17,33.5,36.9900,21.5900,28,5.0,26,68,-160,ISC (MED_RCMT),moment tensor inversion,extracted from reviewed ISC FMCSV,S,,,,,,,,,,,,,,,,,,,,
1997-04-26-22-18-34,1997,4,26,22,18,34.0,37.2300,21.4800,33,5.0,26,68,-160,MED_RCMT (NEIC),,-,P,0.0,,,,,,,,,,,,,,,,,,,
1997-04-28-03-16-59,1997,4,28,3,16,59.0,37.4700,20.8300,33,4.8,4,36,162,MED_RCMT (NEIC),,-,P,0.0,,,,,,,,,,,,,,,,,,,
1997-04-28-03-18-03,1997,4,28,3,18,3.0,37.3900,20.5500,23,4.8,4,36,162,ISC (MED_RCMT),moment tensor inversion,extracted from reviewed ISC FMCSV,S,,,,,,,,,,,,,,,,,,,,
1997-05-09-18-40-59,1997,5,9,18,40,59.0,35.3800,27.2800,20,5.0,133,52,-168,MED_RCMT (NEIC),,-,P,0.0,,,,,,,,,,,,,,,,,,,
1997-05-09-18-42-02,1997,5,9,18,42,2.9,35.5700,27.2100,15,5.0,35,80,-39,ISC (MED_RCMT),moment tensor inversion,extracted from reviewed ISC FMCSV,S,,,,,,,,,,,,,,,,,,,,
1997-05-16-07-00-50,1997,5,16,7,0,52.0,40.9300,20.4700,7,5.3,352,47,-135,"Louvari et al.	 2001 / from Kiratzi & Louvari (2003)",moment tensor inversion,Aegean sea and surrounding areas,P,35.4,CMT,1997,5,16,7,0,48.3,41.05,20.17,10,5.4,213,34,-40,3.7,28.5,-3,-0.1,35.4
1997-07-16-10-06-07,1997,7,16,10,6,7.1,39.1000,25.2000,10,4.9,46,45,-169,MED_RCMT (NEIC),,-,P,0.0,,,,,,,,,,,,,,,,,,,
1997-07-20-03-39-11,1997,7,20,3,39,11.1,41.2600,19.8200,33,4.6,87,64,-20,MED_RCMT (NEIC),,-,P,0.0,,,,,,,,,,,,,,,,,,,
1997-07-27-10-07-52,1997,7,27,10,7,53.0,35.5100,21.1800,16,5.3,203,86,47,Kiratzi & Louvari (2003),moment tensor inversion,Greece,P,48.8,GCMT (PDE),1997,7,27,10,7,52.5,35.58,21.06,33,4.8,98,65,180,0.5,13.4,-17,0.5,26.4
1997-09-19-12-00-27,1997,9,19,12,0,27.1,40.0200,21.3300,10,4.9,49,59,-149,MED_RCMT (NEIC),,-,P,0.0,,,,,,,,,,,,,,,,,,,
1997-10-13-13-39-38,1997,10,13,13,39,40.0,36.4500,22.1600,32,6.3,123,72,84,Kiratzi & Louvari (2003),moment tensor inversion,Greece,P,16.1,GCMT (PDE),1997,10,13,13,39,37.5,36.38,22.07,24,6.6,298,20,89,2.5,11.2,8,-0.3,8.7
1997-10-21-17-57-44,1997,10,21,17,57,44.0,39.0100,22.0600,15,4.7,309,3,-72,MED_RCMT (NEIC),moment tensor inversion,from RCMT,P,0.0,,,,,,,,,,,,,,,,,,,
1997-11-05-12-22-54,1997,11,5,12,22,53.0,34.5100,23.9300,22,5.2,309,6,108,Kiratzi & Louvari (2003),moment tensor inversion,Greece,P,30.3,CMT,1997,11,5,12,22,55.5,34.77,23.98,33,5.1,350,34,154,-2.5,29.2,-11,0.1,30.3
1997-11-05-21-10-28,1997,11,5,21,10,28.0,38.4000,22.4500,13,5.3,344,63,-45,Kiratzi & Louvari (2003),moment tensor inversion,Greece,P,71.4,GCMT (PDE),1997,11,5,21,10,28.7,38.44,22.28,23.8,5.4,152,35,-44,-0.7,15.5,-10.8,-0.1,69.8
1997-11-12-16-26-58,1997,11,12,16,26,58.0,39.3400,20.2300,31,4.9,129,71,12,MED_RCMT (INGV),moment tensor inversion,from RCMT,P,0.0,,,,,,,,,,,,,,,,,,,
1997-11-14-21-38-51,1997,11,14,21,38,52.0,38.7300,25.9100,10,5.7,58,83,175,Kiratzi & Louvari (2003),moment tensor inversion,Greece,P,18.8,GCMT (PDE),1997,11,14,21,38,51.6,38.86,25.8,17.9,5.8,148,67,-10,0.4,17.3,-7.9,-0.1,24.7
1997-11-18-13-07-41,1997,11,18,13,7,41.0,37.5400,20.5300,32,6.5,354,20,159,Kiratzi & Louvari (2003),moment tensor inversion,Greece,P,19.5,GCMT (PDE),1997,11,18,13,7,41.7,37.57,20.66,33,6.4,8,31,162,-0.7,12.0,-1,0.1,15.8
1997-11-18-13-13-46,1997,11,18,13,13,46.0,37.2800,20.8800,33,6.1,107,29,4,MED_RCMT (INGV),moment tensor inversion,from RCMT,S,,,,,,,,,,,,,,,,,,,,
1997-11-18-15-23-01,1997,11,18,15,22,31.7,37.3500,21.1700,33,5.3,129,71,9,MED_RCMT (NEIC),,-,P,0.0,,,,,,,,,,,,,,,,,,,
1997-11-18-22-59-09,1997,11,18,22,58,39.7,37.2900,21.3200,33,4.7,19,81,-176,MED_RCMT (NEIC),,-,P,0.0,,,,,,,,,,,,,,,,,,,
1997-11-21-17-22-39,1997,11,21,17,22,39.0,37.3500,21.1200,33,4.4,113,46,58,MED_RCMT (NEIC),moment tensor inversion,from RCMT,P,0.0,,,,,,,,,,,,,,,,,,,
1997-11-27-02-26-43,1997,11,27,2,26,13.1,37.3700,20.7000,33,4.5,6,76,-168,MED_RCMT (NEIC),,-,P,0.0,,,,,,,,,,,,,,,,,,,
1997-11-27-04-29-32,1997,11,27,4,29,32.0,37.3100,21.0000,33,4.7,304,30,80,MED_RCMT (NEIC),moment tensor inversion,from RCMT,P,0.0,,,,,,,,,,,,,,,,,,,
1997-12-02-19-22-44,1997,12,2,19,22,44.7,36.0200,19.6600,33,4.7,206,49,-20,GCMT (PDE),moment tensor inversion,"extracted from ndk file, mag is probably MS",S,,GCMT (PDE),1997,12,2,19,22,44.7,36.02,19.66,33,4.7,206,49,-20,0.0,0.0,0,0.0,0.0
1997-12-17-09-40-09,1997,12,17,9,40,9.0,34.9400,23.3000,33,4.8,259,46,76,MED_RCMT (NEIC),moment tensor inversion,from RCMT,P,0.1,,,,,,,,,,,,,,,,,,,
1998-01-05-05-29-13,1998,1,5,5,29,13.0,37.5100,20.7700,37,4.8,276,67,-4,MED_RCMT (NEIC),moment tensor inversion,from RCMT,P,0.0,,,,,,,,,,,,,,,,,,,
1998-01-10-19-21-57,1998,1,10,19,21,58.0,37.2900,20.8600,17,5.3,200,73,-109,Kiratzi & Louvari (2003),moment tensor inversion,Greece,P,15.1,GCMT (PDE),1998,1,10,19,21,56.5,37.26,20.79,33,5.1,35,26,-72,1.5,7.0,-16,0.2,15.1
1998-02-13-07-18-49,1998,2,13,7,18,49.0,36.2300,28.4500,67,4.8,10,25,-57,MED_RCMT (NEIC),,-,P,0.0,,,,,,,,,,,,,,,,,,,
1998-02-24-15-11-42,1998,2,24,15,11,42.4,36.3200,28.2700,33,4.8,316,41,-93,MED_RCMT (NEIC),,-,P,0.0,,,,,,,,,,,,,,,,,,,
1998-03-05-01-45-08,1998,3,5,1,45,8.3,39.5400,27.3800,10,4.8,163,49,-29,MED_RCMT (NEIC),,-,P,0.0,,,,,,,,,,,,,,,,,,,
1998-03-07-11-07-30,1998,3,7,11,7,30.3,36.0700,27.3400,56,4.6,235,67,24,MED_RCMT (NEIC),,-,P,0.0,,,,,,,,,,,,,,,,,,,
1998-03-09-11-21-20,1998,3,9,11,21,20.3,36.0200,28.3900,72,5.1,10,33,-116,GCMT (PDE),moment tensor inversion,"extracted from ndk file, mag is probably mb",S,,CMT,1998,3,9,11,21,20.3,36.02,28.39,72.2,5.1,10,33,-116,0.0,0.0,0,0.0,0.0
1998-04-11-09-29-11,1998,4,11,9,29,11.3,39.9000,23.9400,10,4.5,121,34,-73,MED_RCMT (NEIC),,-,P,0.0,,,,,,,,,,,,,,,,,,,
1998-04-29-03-30-38,1998,4,29,3,30,38.0,35.9600,21.8800,13,5.3,176,81,117,Kiratzi & Louvari (2003),moment tensor inversion,Greece,P,44.7,GCMT (PDE),1998,4,29,3,30,39.3,36.14,21.94,33,5.3,260,53,36,-1.3,20.7,-20,0.0,44.7
1998-04-30-10-57-01,1998,4,30,10,57,1.3,36.0400,21.9800,33,4.8,141,37,143,MED_RCMT (NEIC),,-,S,,,,,,,,,,,,,,,,,,,,
1998-04-30-10-59-01,1998,4,30,10,59,1.0,36.0400,21.9800,33,4.8,141,37,143,MED_RCMT (NEIC),moment tensor inversion,from RCMT,S,,,,,,,,,,,,,,,,,,,,
1998-05-01-04-00-14,1998,5,1,4,0,15.0,37.6200,20.7500,13,5.1,19,53,131,Kiratzi & Louvari (2003),moment tensor inversion,Greece,P,39.8,GCMT (PDE),1998,5,1,4,0,13.0,37.49,20.74,33,4.8,31,69,172,2.0,14.5,-20,0.3,39.8
1998-05-05-14-38-10,1998,5,5,14,38,10.0,35.0600,25.9600,33,4.9,209,41,-78,MED_RCMT (USGS),,-,P,0.0,,,,,,,,,,,,,,,,,,,
1998-05-05-15-14-41,1998,5,5,15,14,41.0,34.8400,25.8000,33,4.7,180,41,-96,MED_RCMT (NEIC),moment tensor inversion,from RCMT,P,0.0,,,,,,,,,,,,,,,,,,,
1998-06-03-08-46-38,1998,6,3,8,46,8.8,39.8100,24.1100,10,4.7,88,69,-164,MED_RCMT (NEIC),,-,P,0.0,,,,,,,,,,,,,,,,,,,
1998-07-16-17-28-47,1998,7,16,17,28,17.3,38.9100,20.5200,18,5.2,287,55,-17,MED_RCMT (NEIC),,-,P,0.0,,,,,,,,,,,,,,,,,,,
1998-09-30-23-42-54,1998,9,30,23,42,54.2,41.9200,20.3900,10,5.1,266,33,-50,GCMT (PDE),moment tensor inversion,"extracted from ndk file, mag is probably MS",P,28.6,GCMT (PDE),1998,9,30,23,42,54.2,41.92,20.39,10,5.1,266,33,-50,0.0,0.0,0,0.0,0.0
1998-10-06-12-27-42,1998,10,6,12,27,42.0,37.1300,20.9800,9,5.2,308,61,54,Kiratzi & Louvari (2003),moment tensor inversion,Greece,P,15.6,GCMT (PDE),1998,10,6,12,27,42.0,37.25,21.11,10,5.2,188,46,146,0.0,17.6,-1,0.0,7.3
1998-10-07-18-47-34,1998,10,7,18,47,34.5,33.8000,25.6200,10,4.7,318,60,150,GCMT (PDE),moment tensor inversion,"extracted from ndk file, mag is probably MS",P,56.2,GCMT (PDE),1998,10,7,18,47,34.5,33.8,25.62,10,4.7,318,60,150,0.0,0.0,0,0.0,0.0
1998-10-08-03-50-15,1998,10,8,3,50,15.3,37.7200,20.3800,10,5.1,266,4,33,MED_RCMT (NEIC),,-,P,0.0,,,,,,,,,,,,,,,,,,,
1998-10-09-05-11-59,1998,10,9,5,11,59.0,37.7200,20.3900,10,4.6,253,16,23,MED_RCMT (NEIC),moment tensor inversion,from RCMT,S,,,,,,,,,,,,,,,,,,,,
1998-10-09-05-13-00,1998,10,9,5,12,59.5,37.7200,20.3900,10,4.6,253,16,23,MED_RCMT (NEIC),,relocated,S,,,,,,,,,,,,,,,,,,,,
1998-12-11-15-09-20,1998,12,11,15,9,20.0,42.3300,25.2800,10,4.5,84,49,-124,MED_RCMT (NEIC),,-,P,0.0,,,,,,,,,,,,,,,,,,,
1999-01-01-14-28-25,1999,1,1,14,28,25.0,35.0600,25.3900,33,4.6,281,65,16,MED_RCMT (INGV),,-,P,0.0,,,,,,,,,,,,,,,,,,,
1999-01-25-14-39-55,1999,1,25,14,39,25.6,34.1200,25.7500,33,5.0,305,44,124,MED_RCMT (INGV),,-,P,0.0,,,,,,,,,,,,,,,,,,,
1999-02-07-22-28-05,1999,2,7,22,27,35.0,39.0000,23.1900,10,4.8,85,35,-104,MED_RCMT (INGV),,-,P,0.0,,,,,,,,,,,,,,,,,,,
1999-03-28-16-18-55,1999,3,28,16,18,55.0,34.1400,25.7200,10,4.9,58,51,42,MED_RCMT (INGV),,-,S,,,,,,,,,,,,,,,,,,,,
1999-03-28-16-19-55,1999,3,28,16,19,55.0,34.1400,25.7200,10,4.9,58,51,42,MED_RCMT (INGV),moment tensor inversion,from RCMT,S,,,,,,,,,,,,,,,,,,,,
1999-03-29-04-04-37,1999,3,29,4,4,7.1,37.1300,28.8000,33,4.8,304,47,-70,MED_RCMT (INGV),,-,P,0.1,,,,,,,,,,,,,,,,,,,
1999-04-17-08-17-57,1999,4,17,8,17,58.0,36.0300,21.5900,27,5.3,172,59,95,Benetatos et al. (2004),teleseismic waveform modeling (MT5),Hellenic Arc,P,16.1,GCMT (PDE),1999,4,17,8,17,58.3,36.04,21.68,40.2,5,160,43,95,-0.3,8.2,-13.2,0.3,20.0
1999-04-18-05-54-56,1999,4,18,5,54,56.0,35.9200,21.7500,33,4.4,41,30,102,MED_RCMT (NEIC),moment tensor inversion,from RCMT,P,0.0,,,,,,,,,,,,,,,,,,,
1999-04-20-16-00-43,1999,4,20,16,0,13.8,39.5000,23.9800,22,4.6,126,55,2,MED_RCMT (INGV),,-,P,0.0,,,,,,,,,,,,,,,,,,,
1999-05-26-12-43-05,1999,5,26,12,43,5.0,35.7900,28.4900,68,4.4,78,61,-24,MED_RCMT (INGV),moment tensor inversion,from RCMT,P,0.0,,,,,,,,,,,,,,,,,,,
1999-06-07-23-55-12,1999,6,7,23,55,12.0,37.1800,20.8300,5,5.0,326,8,75,MED_RCMT (INGV),moment tensor inversion,from RCMT,P,0.0,,,,,,,,,,,,,,,,,,,
1999-06-11-07-50-14,1999,6,11,7,50,15.4,37.5600,21.1100,58,4.8,304,82,-177,GCMT (PDE),moment tensor inversion,"extracted from ndk file, mag is probably mb",P,14.2,GCMT (PDE),1999,6,11,7,50,15.4,37.56,21.11,58,4.8,304,82,-177,0.0,0.0,0,0.0,0.0
1999-06-29-15-09-59,1999,6,29,15,9,59.0,38.4200,22.0200,10,4.6,90,49,-139,MED_RCMT (INGV),moment tensor inversion,from RCMT,S,,,,,,,,,,,,,,,,,,,,
1999-06-29-15-10-59,1999,6,29,15,10,59.4,38.4200,22.0200,10,4.6,90,49,-139,MED_RCMT (INGV),,-,S,,,,,,,,,,,,,,,,,,,,
1999-07-24-16-05-18,1999,7,24,16,4,48.5,39.2900,27.8900,11,5.0,334,50,-27,MED_RCMT (INGV),,-,P,0.0,,,,,,,,,,,,,,,,,,,
1999-07-25-06-56-53,1999,7,25,6,56,53.0,39.3100,28.0000,10,4.9,250,67,-158,GCMT (PDE),moment tensor inversion,"extracted from ndk file, mag is probably MS",S,,CMT,1999,7,25,6,56,53.0,39.31,28,10,5,250,67,-158,0.0,0.0,0,-0.1,0.0
1999-09-01-02-14-40,1999,9,1,2,14,40.0,37.5300,21.2200,33,4.5,280,83,6,MED_RCMT (INGV),moment tensor inversion,from RCMT,P,0.0,,,,,,,,,,,,,,,,,,,
1999-09-07-11-56-49,1999,9,7,11,56,51.0,38.0800,23.5800,10,5.9,115,57,-80,"Louvari and Kiratzi	 2001 / from Kiratzi & Louvari (2003)",moment tensor inversion,Aegean sea and surrounding areas,P,26.5,GCMT (PDE),1999,9,7,11,56,49.4,38.12,23.6,10,5.8,116,39,-81,1.6,4.8,0,0.1,18.1
1999-09-07-20-44-23,1999,9,7,20,43,53.5,38.0400,23.6900,10,4.8,144,37,-36,MED_RCMT (NEIC),,-,P,0.0,,,,,,,,,,,,,,,,,,,
1999-09-09-08-15-35,1999,9,9,8,15,35.0,40.2600,25.8100,5,4.8,293,41,-72,MED_RCMT (NEIC),,-,P,0.0,,,,,,,,,,,,,,,,,,,
1999-09-18-00-47-19,1999,9,18,0,47,19.6,40.4200,28.6900,17,4.8,130,64,-57,ISC (MED_RCMT),moment tensor inversion,extracted from reviewed ISC FMCSV,S,,,,,,,,,,,,,,,,,,,,
1999-10-05-00-53-28,1999,10,5,0,53,28.0,36.8000,28.2400,21,5.0,240,41,-57,Benetatos et al. (2004),teleseismic waveform modeling (MT5),Hellenic Arc,P,44.1,CMT,1999,10,5,0,53,29.0,36.73,28.24,33,4.9,275,52,-34,-1.0,7.8,-12,0.1,27.4
1999-10-24-01-21-44,1999,10,24,1,21,14.6,35.1900,27.5400,33,4.5,62,75,12,MED_RCMT (NEIC),,-,P,0.0,,,,,,,,,,,,,,,,,,,
1999-10-30-07-08-39,1999,10,30,7,8,9.5,37.7600,19.9800,5,4.8,80,8,-173,MED_RCMT (NEIC),,-,P,0.0,,,,,,,,,,,,,,,,,,,
1999-11-02-03-42-48,1999,11,2,3,42,48.0,39.7600,20.6400,33,4.5,267,27,42,MED_RCMT (NEIC),moment tensor inversion,from RCMT,P,0.0,,,,,,,,,,,,,,,,,,,
1999-11-04-02-08-10,1999,11,4,2,8,10.0,37.4700,21.5800,33,5.1,342,11,83,MED_RCMT (NEIC),,-,P,0.0,,,,,,,,,,,,,,,,,,,
1999-11-22-20-22-32,1999,11,22,20,22,2.5,35.0000,27.4800,33,5.0,214,60,-34,MED_RCMT (NEIC),,-,P,0.0,,,,,,,,,,,,,,,,,,,
1999-11-24-03-38-24,1999,11,24,3,37,54.5,39.6100,20.5900,15,4.8,331,6,113,MED_RCMT (NEIC),,-,P,0.0,,,,,,,,,,,,,,,,,,,
1999-11-24-21-10-49,1999,11,24,21,10,49.4,40.2700,19.7600,10,4.3,141,39,101,MED_RCMT (NEIC),,-,P,0.0,,,,,,,,,,,,,,,,,,,
1999-11-28-00-59-47,1999,11,28,0,59,47.0,41.5500,19.3800,54,4.8,320,25,91,MED_RCMT (NEIC),moment tensor inversion,from RCMT,P,0.0,,,,,,,,,,,,,,,,,,,
1999-12-22-09-06-11,1999,12,22,9,6,11.8,41.8500,20.5300,10,4.7,189,44,-90,GCMT (PDE),moment tensor inversion,"extracted from ndk file, mag is probably MS",P,18.4,GCMT (PDE),1999,12,22,9,6,11.8,41.85,20.53,10,4.7,189,44,-90,0.0,0.0,0,0.0,0.0
1999-12-22-09-10-34,1999,12,22,9,10,34.0,41.9500,20.6200,10,4.8,200,35,-102,MED_RCMT (NEIC),moment tensor inversion,from RCMT,P,0.0,,,,,,,,,,,,,,,,,,,
1999-12-22-09-40-45,1999,12,22,9,41,5.0,42.0000,20.6500,12,4.6,6,45,-121,ISC (ZUR_RMT),moment tensor inversion,extracted from reviewed ISC FMCSV,P,36.4,,,,,,,,,,,,,,,,,,,
1999-12-23-23-09-51,1999,12,23,23,9,51.0,38.0900,20.8300,33,4.4,30,79,174,MED_RCMT (NEIC),moment tensor inversion,from RCMT,P,0.0,,,,,,,,,,,,,,,,,,,
2000-01-01-01-19-27,2000,1,1,1,19,27.0,41.9360,20.5120,12,4.7,15,45,-119,ISC (ZUR_RMT),moment tensor inversion,extracted from reviewed ISC FMCSV,P,25.1,,,,,,,,,,,,,,,,,,,
2000-01-27-06-50-59,2000,1,27,6,51,19.0,35.5190,23.5120,9,4.6,1,40,-109,ISC (ZUR_RMT),moment tensor inversion,extracted from reviewed ISC FMCSV,P,20.8,,,,,,,,,,,,,,,,,,,
2000-01-31-07-32-03,2000,1,31,7,32,3.0,35.2400,27.3600,58,4.9,294,49,134,MED_RCMT (NEIC),,-,S,,,,,,,,,,,,,,,,,,,,
2000-01-31-07-34-03,2000,1,31,7,34,3.0,35.2350,27.3580,27,5.0,200,69,-54,ISC (ZUR_RMT),moment tensor inversion,extracted from reviewed ISC FMCSV,P,65.4,,,,,,,,,,,,,,,,,,,
2000-02-22-11-55-11,2000,2,22,11,55,25.6,34.6000,25.6000,33,4.9,347,34,157,GCMT (PDE),moment tensor inversion,"extracted from ndk file, mag is probably MS",P,29.9,GCMT (PDE),2000,2,22,11,55,25.6,34.6,25.6,33,4.9,347,34,157,0.0,0.0,0,0.0,0.0
2000-02-22-11-55-32,2000,2,22,11,55,32.0,34.9500,25.3800,20,5.0,92,71,68,Benetatos et al. (2004),teleseismic waveform modeling (MT5),Hellenic Arc,S,,GCMT (PDE),2000,2,22,11,55,25.6,34.6,25.6,33,4.9,347,34,157,6.4,43.7,-13,0.1,13.4
2000-03-10-22-01-26,2000,3,10,22,1,46.0,34.3600,26.0300,10,5.1,256,22,72,GCMT (PDE),moment tensor inversion,"extracted from ndk file, mag is probably MS",P,24.2,GCMT (PDE),2000,3,10,22,1,46.0,34.36,26.03,10,5.1,256,22,72,0.0,0.0,0,0.0,0.0
2000-03-10-22-01-48,2000,3,10,22,1,48.0,34.3080,26.0960,24,5.2,93,45,78,ISC (ZUR_RMT),moment tensor inversion,extracted from reviewed ISC FMCSV,S,,GCMT (PDE),2000,3,10,22,1,46.0,34.36,26.03,10,5.1,256,22,72,2.0,8.4,14,0.1,30.0
2000-03-13-14-18-46,2000,3,13,14,18,46.0,35.3560,23.3810,36,5.0,130,63,88,ISC (ZUR_RMT),moment tensor inversion,extracted from reviewed ISC FMCSV,P,24.6,,,,,,,,,,,,,,,,,,,
2000-04-05-04-36-58,2000,4,5,4,36,58.8,34.2200,25.6900,38,5.4,276,43,80,GCMT (PDE),moment tensor inversion,"extracted from ndk file, mag is probably MS",P,88.4,CMT,2000,4,5,4,36,58.8,34.22,25.69,38,5.4,276,43,80,0.0,0.0,0,0.0,0.0
2000-04-17-23-55-39,2000,4,17,23,55,39.0,34.2200,25.9110,24,5.1,51,64,59,ISC (ZUR_RMT),moment tensor inversion,extracted from reviewed ISC FMCSV,P,22.3,,,,,,,,,,,,,,,,,,,
2000-04-19-02-23-02,2000,4,19,2,23,2.0,38.1450,21.9400,60,4.6,47,60,-178,ISC (ZUR_RMT),moment tensor inversion,extracted from reviewed ISC FMCSV,P,18.2,,,,,,,,,,,,,,,,,,,
2000-04-20-02-43-53,2000,4,20,2,44,13.0,39.3680,20.3410,42,4.3,154,75,-13,ISC (ZUR_RMT),moment tensor inversion,extracted from reviewed ISC FMCSV,P,42.6,,,,,,,,,,,,,,,,,,,
2000-04-21-12-22-50,2000,4,21,12,23,10.0,37.8310,29.3060,18,5.3,117,38,-80,ISC (ZUR_RMT),moment tensor inversion,extracted from reviewed ISC FMCSV,P,31.9,GCMT (PDE),2000,4,21,12,23,10.5,37.84,29.33,33,4.8,110,23,-139,-0.5,2.3,-15,0.5,55.0
2000-04-21-12-23-10,2000,4,21,12,23,10.5,37.8400,29.3300,33,4.8,110,23,-139,GCMT (PDE),moment tensor inversion,"extracted from ndk file, mag is probably MS",S,,GCMT (PDE),2000,4,21,12,23,10.5,37.84,29.33,33,4.8,110,23,-139,0.0,0.0,0,0.0,0.0
2000-04-27-19-03-43,2000,4,27,19,3,43.0,38.3350,22.1840,15,5.1,75,42,-129,ISC (ZUR_RMT),moment tensor inversion,extracted from reviewed ISC FMCSV,P,32.5,,,,,,,,,,,,,,,,,,,
2000-04-28-17-41-01,2000,4,28,17,40,59.0,37.7710,19.7230,18,4.6,133,89,-6,ISC (ZUR_RMT),moment tensor inversion,extracted from reviewed ISC FMCSV,P,29.2,,,,,,,,,,,,,,,,,,,
2000-05-24-05-40-36,2000,5,24,5,40,38.0,35.9000,21.8700,18,5.5,111,80,63,Benetatos et al. (2004),teleseismic waveform modeling (MT5),Hellenic Arc,P,52.6,GCMT (PDE),2000,5,24,5,40,37.7,36.04,22.01,33,5.6,357,63,-180,0.3,20.0,-15,-0.1,42.4
2000-05-24-10-01-44,2000,5,24,10,1,44.8,35.9200,22.1000,33,4.9,263,12,93,GCMT (PDE),moment tensor inversion,"extracted from ndk file, mag is probably mb",P,47.7,GCMT (PDE),2000,5,24,10,1,44.8,35.92,22.1,33,4.9,263,12,93,0.0,0.0,0,0.0,0.0
2000-05-24-16-11-56,2000,5,24,16,12,16.0,35.9180,22.0530,15,4.7,102,63,51,ISC (ZUR_RMT),moment tensor inversion,extracted from reviewed ISC FMCSV,P,6.3,,,,,,,,,,,,,,,,,,,
2000-05-25-00-26-46,2000,5,25,0,26,47.0,36.0700,22.3000,27,5.1,78,50,48,ISC (ZUR_RMT),moment tensor inversion,extracted from reviewed ISC FMCSV,P,21.2,,,,,,,,,,,,,,,,,,,
2000-05-26-01-01-22,2000,5,26,1,1,22.0,36.1370,21.8280,21,4.4,81,71,10,ZUR_RMT (ISC),,-,S,,,,,,,,,,,,,,,,,,,,
2000-05-26-01-28-24,2000,5,26,1,28,22.5,38.9200,20.6400,0,5.4,85,69,-1,GCMT (PDE),moment tensor inversion,"extracted from ndk file, mag is probably MS",P,18.4,CMT,2000,5,26,1,28,21.5,39.11,20.58,8,5.4,85,69,-1,1.0,21.7,-8,0.0,0.0
2000-05-27-03-08-01,2000,5,27,3,8,21.0,35.9460,21.9440,21,4.5,267,90,-16,ISC (ZUR_RMT),moment tensor inversion,extracted from reviewed ISC FMCSV,P,15.4,,,,,,,,,,,,,,,,,,,
2000-06-04-13-11-51,2000,6,4,13,11,51.0,36.0740,22.1530,39,5.0,324,61,152,ZUR_RMT (ISC),,-,S,,,,,,,,,,,,,,,,,,,,
2000-06-13-01-43-16,2000,6,13,1,43,18.0,35.1700,27.1600,16,5.0,49,71,-46,Benetatos et al. (2004),teleseismic waveform modeling (MT5),Hellenic Arc,P,40.1,GCMT (PDE),2000,6,13,1,43,14.4,35.15,27.12,10,5,147,45,-166,3.6,4.3,6,0.0,9.4
2000-06-15-16-10-18,2000,6,15,16,10,18.0,35.1570,27.1660,18,5.1,11,43,-89,ISC (ZUR_RMT),moment tensor inversion,extracted from reviewed ISC FMCSV,P,52.4,,,,,,,,,,,,,,,,,,,
2000-06-15-21-30-17,2000,6,15,21,30,29.0,34.4400,20.1800,10,4.1,42,25,91,GCMT (PDE),moment tensor inversion,"extracted from ndk file, mag is probably MS",P,24.2,GCMT (PDE),2000,6,15,21,30,29.0,34.44,20.18,10,4.1,42,25,91,0.0,0.0,0,0.0,0.0
2000-07-17-12-12-04,2000,7,17,12,12,24.0,34.4730,26.5760,27,4.7,188,37,-51,ISC (ZUR_RMT),moment tensor inversion,extracted from reviewed ISC FMCSV,P,26.6,,,,,,,,,,,,,,,,,,,
2000-07-25-19-33-56,2000,7,25,19,33,56.0,37.1310,21.9930,9,5.0,132,43,-101,ISC (ZUR_RMT),moment tensor inversion,extracted from reviewed ISC FMCSV,P,10.9,,,,,,,,,,,,,,,,,,,
2000-07-28-01-55-35,2000,7,28,1,55,35.0,37.8880,21.3450,9,4.0,255,28,81,ZUR_RMT (ISC),,-,S,,,,,,,,,,,,,,,,,,,,
2000-08-22-03-35-37,2000,8,22,3,35,37.0,39.6240,23.8840,9,5.1,121,41,-77,ISC (ZUR_RMT),moment tensor inversion,extracted from reviewed ISC FMCSV,P,9.4,,,,,,,,,,,,,,,,,,,
2000-09-08-05-46-47,2000,9,8,5,46,47.0,39.3630,27.7030,9,4.7,75,62,-153,ISC (ZUR_RMT),moment tensor inversion,extracted from reviewed ISC FMCSV,P,7.1,,,,,,,,,,,,,,,,,,,
2000-09-16-04-41-42,2000,9,16,4,41,42.0,36.7220,27.5050,57,4.3,193,65,162,ZUR_RMT (ISC),,-,S,,,,,,,,,,,,,,,,,,,,
2000-09-28-14-35-19,2000,9,28,14,35,19.0,37.0470,23.2020,15,4.4,176,45,-66,ISC (ZUR_RMT),moment tensor inversion,extracted from reviewed ISC FMCSV,P,26.2,,,,,,,,,,,,,,,,,,,
2000-10-04-02-34-17,2000,10,4,2,33,59.0,37.8100,28.9400,9,5.0,151,51,-76,ISC (ZUR_RMT),moment tensor inversion,extracted from reviewed ISC FMCSV,P,25.4,,,,,,,,,,,,,,,,,,,
2000-10-04-02-35-00,2000,10,4,2,35,0.7,37.8000,28.9100,18,5.0,135,28,-93,ISC (MED_RCMT),moment tensor inversion,extracted from reviewed ISC FMCSV,S,,,,,,,,,,,,,,,,,,,,
2001-02-14-06-36-26,2001,2,14,6,36,26.0,39.3140,20.3350,15,4.4,88,53,56,ISC (ZUR_RMT),moment tensor inversion,extracted from reviewed ISC FMCSV,P,31.3,,,,,,,,,,,,,,,,,,,
2001-02-27-11-38-55,2001,2,27,11,38,55.0,38.0990,20.2280,30,4.4,4,46,152,ZUR_RMT (ISC),,-,S,,,,,,,,,,,,,,,,,,,,
2001-03-01-13-31-17,2001,3,1,13,31,17.0,37.8430,26.8050,9,4.4,122,61,-87,ISC (ZUR_RMT),moment tensor inversion,extracted from reviewed ISC FMCSV,P,30.1,,,,,,,,,,,,,,,,,,,
2001-03-02-11-53-13,2001,3,2,11,53,13.0,35.7370,27.8280,18,4.8,146,37,-100,ISC (ZUR_RMT),moment tensor inversion,extracted from reviewed ISC FMCSV,P,11.8,,,,,,,,,,,,,,,,,,,
2001-03-10-11-20-58,2001,3,10,11,20,59.0,34.8900,25.9800,12,5.0,93,84,-6,ISC (ZUR_RMT),moment tensor inversion,extracted from reviewed ISC FMCSV,P,19.8,,,,,,,,,,,,,,,,,,,
2001-04-08-06-12-24,2001,4,8,6,12,24.0,38.2300,22.0640,18,4.6,85,49,-78,ISC (ZUR_RMT),moment tensor inversion,extracted from reviewed ISC FMCSV,P,13.8,,,,,,,,,,,,,,,,,,,
2001-04-09-17-38-39,2001,4,9,17,38,40.1,40.0800,20.4100,53,4.6,278,84,1,GCMT (PDE),moment tensor inversion,"extracted from ndk file, mag is probably MS",P,52.5,GCMT (PDE),2001,4,9,17,38,40.1,40.08,20.41,52.5,4.6,278,84,1,0.0,0.0,0,0.0,0.0
2001-04-10-14-00-08,2001,4,10,14,0,11.0,34.3100,26.0600,42,4.8,262,79,-6,ISC (ZUR_RMT),moment tensor inversion,extracted from reviewed ISC FMCSV,P,45.9,,,,,,,,,,,,,,,,,,,
2001-04-11-08-25-27,2001,4,11,8,25,27.0,34.9900,23.1600,24,4.5,91,42,87,ISC (ZUR_RMT),moment tensor inversion,extracted from reviewed ISC FMCSV,P,24.7,,,,,,,,,,,,,,,,,,,
2001-04-17-00-42-37,2001,4,17,0,42,39.0,40.5800,19.6500,24,4.3,9,44,126,ISC (ZUR_RMT),moment tensor inversion,extracted from reviewed ISC FMCSV,P,20.4,,,,,,,,,,,,,,,,,,,
2001-04-20-00-18-09,2001,4,20,0,18,9.0,33.6530,25.5010,30,4.3,344,85,-179,ZUR_RMT (ISC),,-,S,,,,,,,,,,,,,,,,,,,,
2001-04-28-00-06-02,2001,4,28,0,6,6.0,35.2210,23.0810,51,4.8,157,67,131,ISC (ZUR_RMT),moment tensor inversion,extracted from reviewed ISC FMCSV,P,23.7,,,,,,,,,,,,,,,,,,,
2001-05-01-06-00-55,2001,5,1,6,0,56.4,35.7000,27.5000,33,4.7,176,25,-105,GCMT (PDE),moment tensor inversion,"extracted from ndk file, mag is probably MS",P,32.7,GCMT (PDE),2001,5,1,6,0,56.4,35.7,27.5,33,4.7,176,25,-105,0.0,0.0,0,0.0,0.0
2001-05-04-19-51-59,2001,5,4,19,51,57.0,34.6220,22.7720,24,4.8,64,85,22,ISC (ZUR_RMT),moment tensor inversion,extracted from reviewed ISC FMCSV,P,15.2,,,,,,,,,,,,,,,,,,,
2001-05-19-03-11-17,2001,5,19,3,11,17.0,39.1850,22.5960,15,4.5,76,49,-130,ISC (ZUR_RMT),moment tensor inversion,extracted from reviewed ISC FMCSV,P,11.6,,,,,,,,,,,,,,,,,,,
2001-05-23-15-11-26,2001,5,23,15,11,26.0,35.1410,27.8180,24,4.6,67,87,9,ISC (ZUR_RMT),moment tensor inversion,extracted from reviewed ISC FMCSV,P,29.1,,,,,,,,,,,,,,,,,,,
2001-05-24-03-18-09,2001,5,24,3,18,9.0,39.2970,27.9250,9,4.4,78,76,-143,ISC (ZUR_RMT),moment tensor inversion,extracted from reviewed ISC FMCSV,P,38.4,,,,,,,,,,,,,,,,,,,
2001-05-29-04-43-58,2001,5,29,4,43,57.9,35.4100,27.7800,21,4.7,42,66,13,GCMT (PDE),moment tensor inversion,"extracted from ndk file, mag is probably MS",P,31.1,GCMT (PDE),2001,5,29,4,43,57.9,35.41,27.78,20.7,4.7,42,66,13,0.0,0.0,0,0.0,0.0
2001-06-06-14-00-42,2001,6,6,14,0,40.0,36.1300,22.3400,24,4.8,94,41,79,ISC (ZUR_RMT),moment tensor inversion,extracted from reviewed ISC FMCSV,P,19.4,,,,,,,,,,,,,,,,,,,
2001-06-09-01-28-24,2001,6,9,1,28,24.0,36.1970,22.9760,15,4.4,183,40,-79,ISC (ZUR_RMT),moment tensor inversion,extracted from reviewed ISC FMCSV,P,19.1,,,,,,,,,,,,,,,,,,,
2001-06-10-13-11-04,2001,6,10,13,11,4.2,38.5410,25.5930,32,5.6,149,72,-18,ETHZ (ISC),,-,P,5.3,GCMT (PDE),2001,6,10,13,11,4.2,38.58,25.61,33,5.4,151,74,-12,0.0,4.6,-1,0.2,6.0
2001-06-16-12-47-06,2001,6,16,12,47,7.0,38.4670,20.3470,24,4.7,124,45,-13,ISC (ZUR_RMT),moment tensor inversion,extracted from reviewed ISC FMCSV,P,75.1,,,,,,,,,,,,,,,,,,,
2001-06-22-11-54-49,2001,6,22,11,54,48.0,39.3540,27.7350,9,5.2,89,65,-148,ISC (ZUR_RMT),moment tensor inversion,extracted from reviewed ISC FMCSV,P,12.8,,,,,,,,,,,,,,,,,,,
2001-06-23-06-52-43,2001,6,23,6,52,45.0,35.6500,28.4000,47,5.6,350,78,178,Benetatos et al. (2004),teleseismic waveform modeling (MT5),Hellenic Arc,P,9.8,ISC (GCMT),2001,6,23,6,52,48.9,35.37,28.04,58.4,5.7,75,87,5,-3.9,45.1,-11.4,-0.1,8.7
2001-06-23-12-18-23,2001,6,23,12,18,23.0,39.4740,27.8810,6,4.8,89,65,-154,ISC (ZUR_RMT),moment tensor inversion,extracted from reviewed ISC FMCSV,P,27.7,,,,,,,,,,,,,,,,,,,
2001-07-18-00-58-20,2001,7,18,0,58,20.0,38.7300,25.9700,15,4.1,255,36,-132,MED_RCMT (NEIC),moment tensor inversion,from RCMT,P,0.0,,,,,,,,,,,,,,,,,,,
2001-07-21-12-47-35,2001,7,21,12,47,35.0,38.9630,24.3690,18,4.7,155,65,0,ISC (ZUR_RMT),moment tensor inversion,extracted from reviewed ISC FMCSV,P,13.8,,,,,,,,,,,,,,,,,,,
2001-07-25-21-13-40,2001,7,25,21,13,40.0,35.0000,24.2200,62,4.1,314,73,-174,MED_RCMT (NEIC),,-,P,0.0,,,,,,,,,,,,,,,,,,,
2001-07-26-00-21-37,2001,7,26,0,21,38.0,38.9900,24.3800,12,6.5,151,83,7,Benetatos et al. (2002),teleseismic modeling / time domain mt inversion,"Skyros, July 26, 2001",P,18.7,GCMT (PDE),2001,7,26,0,21,36.9,39.06,24.24,10,6.6,148,76,-1,1.1,14.4,2,-0.1,10.7
2001-07-26-01-48-37,2001,7,26,1,48,37.0,38.8700,24.4300,10,4.9,199,42,164,MED_RCMT (NEIC),,-,P,0.0,,,,,,,,,,,,,,,,,,,
2001-07-26-02-06-35,2001,7,26,2,6,35.0,38.9020,24.3380,18,4.7,58,69,179,ISC (ZUR_RMT),moment tensor inversion,extracted from reviewed ISC FMCSV,P,68.4,,,,,,,,,,,,,,,,,,,
2001-07-26-02-09-48,2001,7,26,2,9,48.0,38.8290,24.3550,9,4.9,58,60,-116,ISC (ZUR_RMT),moment tensor inversion,extracted from reviewed ISC FMCSV,S,,,,,,,,,,,,,,,,,,,,
2001-07-26-02-40-39,2001,7,26,2,40,39.0,38.9320,24.3040,24,4.7,321,77,-7,ZUR_RMT (ISC),,-,S,,,,,,,,,,,,,,,,,,,,
2001-07-26-04-31-34,2001,7,26,4,31,35.0,38.9340,24.2760,18,4.5,227,83,167,ISC (ZUR_RMT),moment tensor inversion,extracted from reviewed ISC FMCSV,P,45.5,,,,,,,,,,,,,,,,,,,
2001-07-26-04-53-34,2001,7,26,4,53,34.0,39.0360,24.2140,21,4.8,149,85,-10,ISC (ZUR_RMT),moment tensor inversion,extracted from reviewed ISC FMCSV,P,20.3,,,,,,,,,,,,,,,,,,,
2001-07-26-14-24-32,2001,7,26,14,24,33.0,39.1400,24.2800,12,4.7,133,66,-4,ISC (ZUR_RMT),moment tensor inversion,extracted from reviewed ISC FMCSV,P,17.4,,,,,,,,,,,,,,,,,,,
2001-07-28-05-06-24,2001,7,28,5,6,24.0,38.8950,24.3510,9,4.6,67,48,-123,ISC (ZUR_RMT),moment tensor inversion,extracted from reviewed ISC FMCSV,P,13.6,,,,,,,,,,,,,,,,,,,
2001-07-30-15-24-58,2001,7,30,15,24,56.7,39.0900,24.0400,10,4.8,48,37,-116,GCMT (PDE),moment tensor inversion,"extracted from ndk file, mag is probably mb",P,91.6,GCMT (PDE),2001,7,30,15,24,56.7,39.09,24.04,10,4.8,48,37,-116,0.0,0.0,0,0.0,0.0
2001-07-31-23-56-54,2001,7,31,23,56,54.0,34.5770,24.7670,15,4.6,65,21,-118,ISC (ZUR_RMT),moment tensor inversion,extracted from reviewed ISC FMCSV,P,24.4,,,,,,,,,,,,,,,,,,,
2001-08-02-18-40-43,2001,8,2,18,40,43.0,39.1600,24.4780,12,4.3,39,78,161,ISC (ZUR_RMT),moment tensor inversion,extracted from reviewed ISC FMCSV,P,34.5,,,,,,,,,,,,,,,,,,,
2001-08-08-13-12-04,2001,8,8,13,12,4.0,38.9100,24.4800,4,4.5,146,84,-40,ISC (ZUR_RMT),moment tensor inversion,extracted from reviewed ISC FMCSV,P,13.7,,,,,,,,,,,,,,,,,,,
2001-08-30-21-28-25,2001,8,30,21,28,25.5,37.7200,20.0200,5,4.0,106,44,-87,"Konstantinou et al., 2010",,Set depth at 5.0 km,P,20.0,,,,,,,,,,,,,,,,,,,
2001-09-02-06-59-24,2001,9,2,6,59,24.6,37.9600,20.1200,20,4.5,291,58,-29,"Konstantinou et al., 2010",,-,P,31.8,,,,,,,,,,,,,,,,,,,
2001-09-07-17-57-19,2001,9,7,17,57,19.0,38.9530,24.2750,12,4.3,46,82,167,ISC (ZUR_RMT),moment tensor inversion,extracted from reviewed ISC FMCSV,P,9.1,,,,,,,,,,,,,,,,,,,
2001-09-13-15-42-51,2001,9,13,15,42,52.0,35.5100,25.9300,54,4.8,35,31,126,ISC (ZUR_RMT),moment tensor inversion,extracted from reviewed ISC FMCSV,P,23.0,,,,,,,,,,,,,,,,,,,
2001-09-16-02-00-47,2001,9,16,2,0,47.4,37.2400,21.8700,10,5.3,130,40,-86,GCMT (PDE),moment tensor inversion,"extracted from ndk file, mag is probably MS",P,12.0,GCMT (PDE),2001,9,16,2,0,47.4,37.24,21.87,10,5.3,130,40,-86,0.0,0.0,0,0.0,0.0
2001-09-23-21-16-13,2001,9,23,21,16,13.0,37.5470,20.8810,36,4.5,51,58,-170,ISC (ZUR_RMT),moment tensor inversion,extracted from reviewed ISC FMCSV,P,52.7,,,,,,,,,,,,,,,,,,,
2001-09-26-04-19-54,2001,9,26,4,19,56.0,35.0350,27.0400,27,4.8,49,87,-14,ISC (ZUR_RMT),moment tensor inversion,extracted from reviewed ISC FMCSV,P,26.1,,,,,,,,,,,,,,,,,,,
2001-10-15-08-51-09,2001,10,15,8,51,9.0,35.9520,22.0510,15,4.7,287,40,80,ZUR_RMT (ISC),,-,S,,,,,,,,,,,,,,,,,,,,
2001-10-26-13-32-49,2001,10,26,13,32,48.0,38.1020,23.1120,24,4.8,95,38,-97,ISC (ZUR_RMT),moment tensor inversion,extracted from reviewed ISC FMCSV,P,13.2,,,,,,,,,,,,,,,,,,,
2001-10-29-20-21-48,2001,10,29,20,21,48.0,38.9210,24.2020,12,5.0,106,43,-92,ISC (ZUR_RMT),moment tensor inversion,extracted from reviewed ISC FMCSV,P,22.1,,,,,,,,,,,,,,,,,,,
2001-10-30-21-00-09,2001,10,30,21,0,9.0,35.7760,29.7000,30,5.2,116,83,167,ISC (ZUR_RMT),moment tensor inversion,extracted from reviewed ISC FMCSV,P,2.4,,,,,,,,,,,,,,,,,,,
2001-11-04-17-23-29,2001,11,4,17,23,29.0,34.0600,25.4300,24,4.8,90,49,71,ISC (ZUR_RMT),moment tensor inversion,extracted from reviewed ISC FMCSV,P,7.8,,,,,,,,,,,,,,,,,,,
2001-11-14-19-55-46,2001,11,14,19,55,46.0,38.1200,23.5500,12,4.5,96,45,-97,ZUR_RMT (ISC),,-,S,,,,,,,,,,,,,,,,,,,,
2001-11-26-04-21-45,2001,11,26,4,21,45.0,34.7900,24.0600,24,4.5,214,44,-10,ISC (ZUR_RMT),moment tensor inversion,extracted from reviewed ISC FMCSV,P,37.4,,,,,,,,,,,,,,,,,,,
2001-11-26-05-03-21,2001,11,26,5,3,21.0,34.8200,24.2800,33,4.7,343,69,-158,GCMT (PDE),moment tensor inversion,"extracted from ndk file, mag is probably MS",P,45.9,GCMT (PDE),2001,11,26,5,3,21.0,34.82,24.28,33,4.7,343,69,-158,0.0,0.0,0,0.0,0.0
2001-12-01-01-54-41,2001,12,1,1,54,41.0,41.3400,20.4810,18,4.3,279,35,-90,ZUR_RMT (ISC),,-,S,,,,,,,,,,,,,,,,,,,,
2001-12-07-19-44-50,2001,12,7,19,44,50.0,39.3760,23.8060,12,5.2,47,77,162,ISC (ZUR_RMT),moment tensor inversion,extracted from reviewed ISC FMCSV,P,39.0,,,,,,,,,,,,,,,,,,,
2001-12-10-19-50-08,2001,12,10,19,50,8.0,37.3140,24.6730,180,4.5,147,71,114,ISC (ZUR_RMT),moment tensor inversion,extracted from reviewed ISC FMCSV,P,24.9,,,,,,,,,,,,,,,,,,,
2001-12-21-14-25-26,2001,12,21,14,25,26.0,36.0020,27.4470,9,4.7,199,50,-52,ZUR_RMT (ISC),,-,S,,,,,,,,,,,,,,,,,,,,
2001-12-24-20-55-44,2001,12,24,20,55,44.1,38.3600,21.7700,17,4.1,229,25,-145,"Konstantinou et al., 2010",,relocated,S,,,,,,,,,,,,,,,,,,,,
2001-12-30-04-06-29,2001,12,30,4,6,31.0,34.8360,27.3910,27,5.1,34,81,162,ISC (ZUR_RMT),moment tensor inversion,extracted from reviewed ISC FMCSV,P,14.9,,,,,,,,,,,,,,,,,,,
2002-01-21-14-34-23,2002,1,21,14,34,23.0,38.6640,27.8810,9,4.8,119,56,-86,ISC (ZUR_RMT),moment tensor inversion,extracted from reviewed ISC FMCSV,P,13.6,,,,,,,,,,,,,,,,,,,
2002-01-22-04-53-52,2002,1,22,4,53,56.0,35.4600,26.5900,93,6.1,9,36,-176,Benetatos et al. (2004),teleseismic waveform modeling (MT5),Hellenic Arc,P,8.9,GCMT (PDE),2002,1,22,4,53,52.7,35.79,26.62,88,6.2,3,32,-178,3.3,36.7,5,-0.1,6.0
2002-01-25-17-54-27,2002,1,25,17,54,27.0,38.0400,20.4900,18,4.3,123,82,-3,"Konstantinou et al., 2010",,relocated,P,71.5,,,,,,,,,,,,,,,,,,,
2002-01-26-20-05-33,2002,1,26,20,5,33.0,37.1100,21.0660,24,5.1,34,71,-175,ISC (ZUR_RMT),moment tensor inversion,extracted from reviewed ISC FMCSV,P,46.3,,,,,,,,,,,,,,,,,,,
2002-01-30-20-03-33,2002,1,30,20,3,32.8,37.6800,21.7100,7,4.1,286,39,-55,"Konstantinou et al., 2010",,-,S,,,,,,,,,,,,,,,,,,,,
2002-02-24-05-32-11,2002,2,24,5,32,11.0,34.8120,27.2830,15,4.7,236,53,-22,ISC (ZUR_RMT),moment tensor inversion,extracted from reviewed ISC FMCSV,P,27.1,,,,,,,,,,,,,,,,,,,
2002-03-05-05-23-43,2002,3,5,5,23,43.0,40.6640,25.6220,9,4.6,112,44,-90,ISC (ZUR_RMT),moment tensor inversion,extracted from reviewed ISC FMCSV,P,18.0,,,,,,,,,,,,,,,,,,,
2002-03-23-02-36-10,2002,3,23,2,36,10.0,40.8600,27.8500,10,4.4,327,48,-58,MED_RCMT (NEIC),moment tensor inversion,from RCMT,P,0.0,,,,,,,,,,,,,,,,,,,
2002-04-03-12-00-10,2002,4,3,12,0,10.0,35.8000,23.7100,12,4.7,173,43,-83,ISC (ZUR_RMT),moment tensor inversion,extracted from reviewed ISC FMCSV,P,31.7,,,,,,,,,,,,,,,,,,,
2002-04-05-07-55-20,2002,4,5,7,55,51.0,37.9700,21.0900,24,4.6,14,85,-169,ISC (ZUR_RMT),moment tensor inversion,extracted from reviewed ISC FMCSV,P,92.0,,,,,,,,,,,,,,,,,,,
2002-04-05-13-14-01,2002,4,5,13,14,1.0,42.0400,24.9110,9,4.6,60,41,-101,ISC (ZUR_RMT),moment tensor inversion,extracted from reviewed ISC FMCSV,P,7.4,,,,,,,,,,,,,,,,,,,
2002-04-08-01-20-47,2002,4,8,1,20,47.0,42.4280,19.7720,6,4.4,184,35,-57,ISC (ZUR_RMT),moment tensor inversion,extracted from reviewed ISC FMCSV,P,27.7,,,,,,,,,,,,,,,,,,,
2002-04-10-21-15-11,2002,4,10,21,15,11.0,42.3870,19.7940,9,4.0,172,34,-73,ISC (ZUR_RMT),moment tensor inversion,extracted from reviewed ISC FMCSV,P,50.0,,,,,,,,,,,,,,,,,,,
2002-04-15-08-10-09,2002,4,15,8,10,9.0,34.8290,24.5880,54,4.7,104,50,89,ISC (ZUR_RMT),moment tensor inversion,extracted from reviewed ISC FMCSV,P,51.2,,,,,,,,,,,,,,,,,,,
2002-04-24-10-51-50,2002,4,24,10,51,50.9,42.4400,21.4700,10,5.6,250,45,-78,GCMT (PDE),moment tensor inversion,"extracted from ndk file, mag is probably MS",P,14.0,CMT,2002,4,24,10,51,50.9,42.44,21.47,10,5.6,250,45,-78,0.0,0.0,0,0.0,0.0
2002-04-24-11-24-22,2002,4,24,11,24,24.0,42.4800,21.1800,12,4.6,63,34,-90,ISC (ZUR_RMT),moment tensor inversion,extracted from reviewed ISC FMCSV,P,49.4,,,,,,,,,,,,,,,,,,,
2002-04-25-07-28-09,2002,4,25,7,28,9.1,40.6700,20.8300,10,4.2,176,84,175,MED_RCMT (NEIC),,-,P,0.0,,,,,,,,,,,,,,,,,,,
2002-05-09-01-49-37,2002,5,9,1,49,37.0,36.4670,23.3340,24,4.5,176,69,176,ISC (ZUR_RMT),moment tensor inversion,extracted from reviewed ISC FMCSV,P,10.6,,,,,,,,,,,,,,,,,,,
2002-05-21-20-53-29,2002,5,21,20,53,30.0,36.3700,24.3100,105,5.8,352,89,4,Benetatos et al. (2004),teleseismic waveform modeling (MT5),Hellenic Arc,P,6.7,GCMT (PDE),2002,5,21,20,53,29.7,36.63,24.27,97.1,5.4,260,81,179,0.3,29.1,7.9,0.4,5.4
2002-05-23-04-48-00,2002,5,23,4,48,0.0,38.7560,26.4250,9,4.4,95,38,-101,ISC (ZUR_RMT),moment tensor inversion,extracted from reviewed ISC FMCSV,P,27.0,,,,,,,,,,,,,,,,,,,
2002-05-28-19-45-11,2002,5,28,19,45,11.0,42.4140,19.8160,9,4.4,157,35,-76,ISC (ZUR_RMT),moment tensor inversion,extracted from reviewed ISC FMCSV,P,8.3,,,,,,,,,,,,,,,,,,,
2002-06-06-22-35-42,2002,6,6,22,35,45.0,35.5400,26.0100,94,4.9,153,31,-22,Benetatos et al. (2004),teleseismic waveform modeling (MT5),Hellenic Arc,P,46.2,GCMT (PDE),2002,6,6,22,35,42.0,35.65,26.18,87.4,5,143,26,-32,3.0,19.7,6.6,-0.1,7.0
2002-07-16-06-56-25,2002,7,16,6,56,25.0,33.8830,24.1570,18,4.7,43,47,108,ISC (ZUR_RMT),moment tensor inversion,extracted from reviewed ISC FMCSV,P,80.8,,,,,,,,,,,,,,,,,,,
2002-07-28-17-16-31,2002,7,28,17,16,31.1,37.9300,20.6900,22,4.8,7,42,-178,GCMT (PDE),moment tensor inversion,"extracted from ndk file, mag is probably MS",P,30.4,GCMT (PDE),2002,7,28,17,16,31.1,37.93,20.69,22.2,4.8,7,42,-178,0.0,0.0,0,0.0,0.0
2002-07-30-12-20-23,2002,7,30,12,20,23.0,37.6980,29.1840,12,4.7,116,33,-84,ISC (ZUR_RMT),moment tensor inversion,extracted from reviewed ISC FMCSV,P,26.7,,,,,,,,,,,,,,,,,,,
2002-08-03-08-43-58,2002,8,3,8,43,57.6,37.8300,20.9400,25,4.2,149,29,114,"Konstantinou et al., 2010",,relocated,S,,,,,,,,,,,,,,,,,,,,
2002-09-02-09-23-45,2002,9,2,9,23,45.0,35.0810,26.5220,30,4.8,80,37,123,ISC (ZUR_RMT),moment tensor inversion,extracted from reviewed ISC FMCSV,P,59.3,,,,,,,,,,,,,,,,,,,
2002-09-05-22-19-51,2002,9,5,22,19,51.0,38.7200,24.5300,18,5.0,161,78,-19,ISC (ZUR_RMT),moment tensor inversion,extracted from reviewed ISC FMCSV,P,5.8,,,,,,,,,,,,,,,,,,,
2002-09-08-16-14-31,2002,9,8,16,14,31.0,34.7140,23.3420,39,4.7,152,65,118,ISC (ZUR_RMT),moment tensor inversion,extracted from reviewed ISC FMCSV,P,97.8,,,,,,,,,,,,,,,,,,,
2002-09-09-06-06-37,2002,9,9,6,6,37.4,37.6300,19.9800,33,4.4,12,61,-165,MED_RCMT (NEIC),,-,P,0.0,,,,,,,,,,,,,,,,,,,
2002-09-14-19-50-16,2002,9,14,19,50,16.0,37.8100,21.0600,27,5.0,36,74,-169,ISC (ZUR_RMT),moment tensor inversion,extracted from reviewed ISC FMCSV,P,4.4,,,,,,,,,,,,,,,,,,,
2002-09-19-09-19-42,2002,9,19,9,19,42.0,37.8100,21.1200,27,4.9,36,76,-176,ISC (ZUR_RMT),moment tensor inversion,extracted from reviewed ISC FMCSV,P,8.7,,,,,,,,,,,,,,,,,,,
2002-09-22-12-09-46,2002,9,22,12,9,46.0,34.8500,25.3600,12,4.1,69,67,-16,ISC (ZUR_RMT),moment tensor inversion,extracted from reviewed ISC FMCSV,P,54.0,,,,,,,,,,,,,,,,,,,
2002-09-26-20-44-07,2002,9,26,20,44,7.0,36.6670,28.0280,18,4.4,70,57,-95,ISC (ZUR_RMT),moment tensor inversion,extracted from reviewed ISC FMCSV,P,12.6,,,,,,,,,,,,,,,,,,,
2002-09-30-19-58-12,2002,9,30,19,58,12.0,37.8300,21.1200,16,4.1,32,75,-165,Roumelioti et al. (2004),moment tensor inversion,"Vartholomio, 2 December 2002 seq.",P,18.1,,,,,,,,,,,,,,,,,,,
2002-10-02-04-31-41,2002,10,2,4,31,41.0,36.2700,27.7800,45,4.2,96,59,40,ISC (ZUR_RMT),moment tensor inversion,extracted from reviewed ISC FMCSV,P,23.6,,,,,,,,,,,,,,,,,,,
2002-10-08-04-40-46,2002,10,8,4,40,46.0,40.0400,20.3700,33,4.6,139,49,102,ISC (ZUR_RMT),moment tensor inversion,extracted from reviewed ISC FMCSV,P,2.7,,,,,,,,,,,,,,,,,,,
2002-10-12-05-58-50,2002,10,12,5,58,50.1,34.7700,26.3700,10,4.8,250,29,2,GCMT (PDE),moment tensor inversion,"extracted from ndk file, mag is probably MS",P,23.8,GCMT (PDE),2002,10,12,5,58,50.1,34.77,26.37,10,4.8,250,29,2,0.0,0.0,0,0.0,0.0
2002-10-24-11-52-44,2002,10,24,11,52,44.3,37.9600,21.0600,40,4.0,281,38,32,"Konstantinou et al., 2010",,-,S,,,,,,,,,,,,,,,,,,,,
2002-11-06-09-12-46,2002,11,6,9,12,46.0,37.9500,20.6800,24,5.0,37,79,-173,ISC (ZUR_RMT),moment tensor inversion,extracted from reviewed ISC FMCSV,P,14.6,,,,,,,,,,,,,,,,,,,
2002-11-09-21-49-47,2002,11,9,21,49,47.0,37.3750,20.5850,24,4.7,130,58,90,ISC (ZUR_RMT),moment tensor inversion,extracted from reviewed ISC FMCSV,P,16.0,,,,,,,,,,,,,,,,,,,
2002-12-02-04-58-55,2002,12,2,4,58,56.0,37.8300,21.1200,17,5.5,50,68,-166,Roumelioti et al. (2004),moment tensor inversion,"Vartholomio, 2 December 2002 seq.",P,32.1,CMT,2002,12,2,4,58,56.1,37.79,21.14,19,5.5,36,56,-160,-0.1,4.8,-2,0.0,21.3
2002-12-03-00-38-57,2002,12,3,0,38,57.0,37.8200,21.1200,17,4.1,44,79,-173,Roumelioti et al. (2004),moment tensor inversion,"Vartholomio, 2 December 2002 seq.",P,26.5,,,,,,,,,,,,,,,,,,,
2002-12-09-09-35-04,2002,12,9,9,35,4.9,37.8700,19.9700,10,4.9,255,28,-20,GCMT (PDE),moment tensor inversion,"extracted from ndk file, mag is probably mb",P,79.9,CMT,2002,12,9,9,35,4.6,37.88,20.01,10,5.1,255,28,-20,0.3,3.7,0,-0.2,0.0
2002-12-13-01-19-46,2002,12,13,1,19,47.0,37.8300,21.0900,8,4.0,47,58,-166,Roumelioti et al. (2004),moment tensor inversion,"Vartholomio, 2 December 2002 seq.",P,47.5,,,,,,,,,,,,,,,,,,,
2002-12-23-04-02-35,2002,12,23,4,2,35.3,38.9700,20.2600,30,4.4,347,39,-92,"Konstantinou et al., 2010",,-,P,15.1,,,,,,,,,,,,,,,,,,,
2002-12-31-20-28-33,2002,12,31,20,28,33.2,39.0000,21.2500,5,4.6,157,43,-155,"Konstantinou et al., 2010",,relocated,P,25.0,,,,,,,,,,,,,,,,,,,
2002-12-31-20-47-03,2002,12,31,20,47,3.8,38.9300,21.1800,15,4.6,61,44,-37,"Konstantinou et al., 2010",,relocated,P,15.7,,,,,,,,,,,,,,,,,,,
2002-12-31-21-22-21,2002,12,31,21,22,21.9,38.9300,21.1900,13,4.4,64,58,-33,"Konstantinou et al., 2010",,relocated,P,19.7,,,,,,,,,,,,,,,,,,,
2003-01-05-13-44-22,2003,1,5,13,44,22.0,37.8300,21.2200,15,4.2,91,71,-1,"Konstantinou et al., 2010",,relocated,S,,,,,,,,,,,,,,,,,,,,
2003-01-07-01-15-00,2003,1,7,1,15,0.0,37.8600,21.2200,15,4.0,347,49,-36,"Konstantinou et al., 2010",,-,S,,,,,,,,,,,,,,,,,,,,
2003-01-15-14-48-42,2003,1,15,14,48,42.2,37.6500,21.0300,5,4.3,29,6,121,"Konstantinou et al., 2010",,Set depth at 5.0 km,S,,,,,,,,,,,,,,,,,,,,
2003-01-16-11-27-29,2003,1,16,11,27,29.0,37.8200,21.2300,20,4.1,211,19,102,"Konstantinou et al., 2010",,-,S,,,,,,,,,,,,,,,,,,,,
2003-01-16-11-32-29,2003,1,16,11,32,28.5,37.8000,21.2200,23,4.0,227,22,93,"Konstantinou et al., 2010",,-,S,,,,,,,,,,,,,,,,,,,,
2003-01-30-20-20-03,2003,1,30,20,20,3.0,36.2700,27.1700,9,4.7,220,52,-45,ISC (ZUR_RMT),moment tensor inversion,extracted from reviewed ISC FMCSV,P,25.2,,,,,,,,,,,,,,,,,,,
2003-02-15-14-04-05,2003,2,15,14,4,4.9,37.5800,21.4500,20,4.1,149,13,111,"Konstantinou et al., 2010",,-,S,,,,,,,,,,,,,,,,,,,,
2003-02-24-13-10-56,2003,2,24,13,10,55.7,37.9800,22.0400,50,4.5,149,51,0,"Konstantinou et al., 2010",,-,S,,,,,,,,,,,,,,,,,,,,
2003-02-24-20-22-24,2003,2,24,20,22,24.0,39.3710,20.4710,15,4.5,192,42,110,ISC (ZUR_RMT),moment tensor inversion,extracted from reviewed ISC FMCSV,P,7.5,,,,,,,,,,,,,,,,,,,
2003-03-01-04-06-02,2003,3,1,4,6,2.0,34.7150,23.9350,21,4.7,27,89,-13,ISC (ZUR_RMT),moment tensor inversion,extracted from reviewed ISC FMCSV,P,15.9,,,,,,,,,,,,,,,,,,,
2003-04-10-00-40-15,2003,4,10,0,40,15.1,38.2200,26.9600,10,5.6,155,70,-15,GCMT (PDE),moment tensor inversion,"extracted from ndk file, mag is probably MS",P,15.0,GCMT (PDE),2003,4,10,0,40,15.1,38.22,26.96,10,5.6,155,70,-15,0.0,0.0,0,0.0,0.0
2003-04-11-23-53-47,2003,4,11,23,53,47.0,37.5800,22.6700,81,4.5,232,48,-8,ISC (ZUR_RMT),moment tensor inversion,extracted from reviewed ISC FMCSV,P,37.8,,,,,,,,,,,,,,,,,,,
2003-04-17-22-34-24,2003,4,17,22,34,22.5,38.1900,26.9000,5,5.5,257,79,-180,ETHZ (ISC),,-,P,33.9,ISC (GCMT),2003,4,17,22,34,29.1,37.92,26.75,15,5.2,156,50,-15,-6.6,32.7,-10,0.3,41.2
2003-04-19-20-55-51,2003,4,19,20,55,51.0,35.1390,27.7070,24,4.8,220,85,-13,ISC (ZUR_RMT),moment tensor inversion,extracted from reviewed ISC FMCSV,P,13.4,,,,,,,,,,,,,,,,,,,
2003-04-29-01-51-20,2003,4,29,1,51,20.2,36.8300,21.7200,67,4.7,193,81,4,GCMT (PDE),moment tensor inversion,"extracted from ndk file, mag is probably mb",P,16.6,GCMT (PDE),2003,4,29,1,51,20.2,36.83,21.72,67,4.7,193,81,4,0.0,0.0,0,0.0,0.0
2003-05-01-20-04-48,2003,5,1,20,4,48.0,38.2300,20.2600,24,4.4,9,76,174,ISC (ZUR_RMT),moment tensor inversion,extracted from reviewed ISC FMCSV,P,54.0,,,,,,,,,,,,,,,,,,,
2003-05-29-11-38-09,2003,5,29,11,38,9.0,39.5510,20.3870,15,4.4,116,41,82,ISC (ZUR_RMT),moment tensor inversion,extracted from reviewed ISC FMCSV,P,21.4,,,,,,,,,,,,,,,,,,,
2003-05-30-10-47-10,2003,5,30,10,47,10.0,34.3780,26.2270,45,4.6,135,65,114,ISC (ZUR_RMT),moment tensor inversion,extracted from reviewed ISC FMCSV,P,36.1,,,,,,,,,,,,,,,,,,,
2003-06-01-01-37-18,2003,6,1,1,37,18.4,38.0000,21.8200,17,4.0,225,64,157,"Konstantinou et al., 2010",,relocated,S,,,,,,,,,,,,,,,,,,,,
2003-06-09-07-06-39,2003,6,9,7,6,39.3,39.8900,22.3100,18,4.9,110,36,-107,GCMT (PDE),moment tensor inversion,"extracted from ndk file, mag is probably MS",P,14.5,GCMT (PDE),2003,6,9,7,6,39.3,39.89,22.31,17.8,4.9,110,36,-107,0.0,0.0,0,0.0,0.0
2003-06-09-17-44-03,2003,6,9,17,44,3.0,40.2420,28.0200,15,4.8,151,51,-46,ISC (ZUR_RMT),moment tensor inversion,extracted from reviewed ISC FMCSV,P,7.5,,,,,,,,,,,,,,,,,,,
2003-06-10-01-01-52,2003,6,10,1,1,51.8,40.2400,25.6400,14,4.0,146,62,10,"Karabulut et al., 2006",,-,S,,,,,,,,,,,,,,,,,,,,
2003-06-12-23-44-00,2003,6,12,23,43,59.6,38.1100,21.6700,10,4.2,215,48,165,"Konstantinou et al., 2010",,relocated,S,,,,,,,,,,,,,,,,,,,,
2003-06-16-08-27-51,2003,6,16,8,27,50.0,37.6950,19.7250,15,4.7,179,59,93,ISC (ZUR_RMT),moment tensor inversion,extracted from reviewed ISC FMCSV,P,70.9,,,,,,,,,,,,,,,,,,,
2003-06-18-05-25-01,2003,6,18,5,25,1.0,38.6200,23.6800,9,4.8,50,44,-135,ISC (ZUR_RMT),moment tensor inversion,extracted from reviewed ISC FMCSV,P,25.7,,,,,,,,,,,,,,,,,,,
2003-06-22-23-46-20,2003,6,22,23,46,20.0,39.0310,28.0390,9,4.6,92,42,-123,ISC (ZUR_RMT),moment tensor inversion,extracted from reviewed ISC FMCSV,P,37.6,,,,,,,,,,,,,,,,,,,
2003-06-26-13-45-57,2003,6,26,13,45,57.0,38.6100,23.6500,9,4.5,91,35,-98,ISC (ZUR_RMT),moment tensor inversion,extracted from reviewed ISC FMCSV,P,35.2,,,,,,,,,,,,,,,,,,,
2003-06-26-13-47-01,2003,6,26,13,47,1.3,38.6400,23.7800,15,4.6,45,44,-153,ISC (MED_RCMT),moment tensor inversion,extracted from reviewed ISC FMCSV,S,,,,,,,,,,,,,,,,,,,,
2003-07-05-21-58-30,2003,7,5,21,58,30.0,40.4260,26.0790,16,4.3,78,73,171,"Karabulut et al., 2006",,-,S,,,,,,,,,,,,,,,,,,,,
2003-07-06-19-10-28,2003,7,6,19,10,28.2,40.4400,26.0200,17,5.6,169,71,7,GCMT (PDE),moment tensor inversion,"extracted from ndk file, mag is probably MS",P,32.4,GCMT (PDE),2003,7,6,19,10,28.2,40.44,26.02,17.1,5.6,169,71,7,0.0,0.0,0,0.0,0.0
2003-07-06-19-39-51,2003,7,6,19,39,50.7,40.4110,25.9960,19,4.2,89,53,173,"Karabulut et al., 2006",,-,S,,,,,,,,,,,,,,,,,,,,
2003-07-06-20-10-16,2003,7,6,20,10,16.5,40.4200,26.1300,17,5.0,73,77,173,GCMT (PDE),moment tensor inversion,"extracted from ndk file, mag is probably MS",P,31.7,GCMT (PDE),2003,7,6,20,10,16.5,40.42,26.13,17,5,73,77,173,0.0,0.0,0,0.0,0.0
2003-07-06-20-48-53,2003,7,6,20,48,53.3,40.4060,26.0060,20,4.7,252,85,-178,"Karabulut et al., 2006",,-,S,,,,,,,,,,,,,,,,,,,,
2003-07-09-22-08-50,2003,7,9,22,8,49.5,40.3860,25.9020,12,4.1,345,84,-3,"Karabulut et al., 2006",,-,S,,,,,,,,,,,,,,,,,,,,
2003-07-09-22-31-41,2003,7,9,22,31,41.2,40.3500,25.9300,18,4.7,356,71,3,GCMT (PDE),moment tensor inversion,"extracted from ndk file, mag is probably mb",P,25.9,GCMT (PDE),2003,7,9,22,31,41.2,40.35,25.93,18,4.7,356,71,3,0.0,0.0,0,0.0,0.0
2003-07-13-06-32-08,2003,7,13,6,32,8.1,40.3890,25.9230,14,4.0,161,75,7,"Karabulut et al., 2006",,-,S,,,,,,,,,,,,,,,,,,,,
2003-07-23-04-56-02,2003,7,23,4,56,1.6,38.1900,28.9000,5,5.5,83,47,-129,ETHZ (ISC),,-,P,37.0,ISC (GCMT),2003,7,23,4,56,7.6,37.88,28.77,15,5.3,97,31,-111,-6.0,36.3,-10,0.2,19.5
2003-07-26-01-00-57,2003,7,26,1,0,57.0,38.1110,28.8870,21,4.9,55,80,-175,ISC (ZUR_RMT),moment tensor inversion,extracted from reviewed ISC FMCSV,P,20.1,,,,,,,,,,,,,,,,,,,
2003-07-26-08-36-49,2003,7,26,8,36,49.2,38.0200,28.9300,10,5.2,60,57,-147,GCMT (PDE),moment tensor inversion,"extracted from ndk file, mag is probably MS",P,40.9,GCMT (PDE),2003,7,26,8,36,49.2,38.02,28.93,10,5.2,60,57,-147,0.0,0.0,0,0.0,0.0
2003-07-26-13-31-36,2003,7,26,13,31,36.0,38.1150,28.9210,9,4.9,110,36,-97,ISC (ZUR_RMT),moment tensor inversion,extracted from reviewed ISC FMCSV,P,15.5,,,,,,,,,,,,,,,,,,,
2003-08-14-05-14-54,2003,8,14,5,14,54.8,39.1600,20.6000,10,6.2,18,59,-174,GCMT (PDE),moment tensor inversion,"extracted from ndk file, mag is probably MS",P,24.8,GCMT (PDE),2003,8,14,5,14,54.8,39.16,20.6,10,6.2,18,59,-174,0.0,0.0,0,0.0,0.0
2003-08-14-07-06-35,2003,8,14,7,6,35.0,38.4420,20.4790,5,4.1,303,64,84,Benetatos et al. (2005),moment tensor inversion,"Lefkada, 14/08/2003",S,,,,,,,,,,,,,,,,,,,,
2003-08-14-08-41-39,2003,8,14,8,41,39.0,38.8170,20.6090,10,4.7,188,89,-175,Benetatos et al. (2005),moment tensor inversion,"Lefkada, 14/08/2003",P,27.2,,,,,,,,,,,,,,,,,,,
2003-08-14-09-03-06,2003,8,14,9,3,6.0,38.7770,20.6120,5,4.0,299,81,-25,Benetatos et al. (2005),moment tensor inversion,"Lefkada, 14/08/2003",P,63.3,,,,,,,,,,,,,,,,,,,
2003-08-14-10-01-16,2003,8,14,10,1,15.7,38.6600,20.5100,22,4.0,2,62,27,"Konstantinou et al., 2010",,-,S,,,,,,,,,,,,,,,,,,,,
2003-08-14-12-04-58,2003,8,14,12,4,58.0,38.9500,20.5900,8,4.1,340,79,120,Benetatos et al. (2005),moment tensor inversion,"Lefkada, 14/08/2003",P,48.7,,,,,,,,,,,,,,,,,,,
2003-08-14-12-18-14,2003,8,14,12,18,15.0,38.7660,20.6750,6,5.1,211,68,118,Benetatos et al. (2005),moment tensor inversion,"Lefkada, 14/08/2003",P,38.9,GCMT (PDE),2003,8,14,12,18,14.2,38.9,20.61,10,4.8,358,39,70,0.8,15.9,-4,0.3,18.0
2003-08-14-15-05-58,2003,8,14,15,5,58.0,38.8200,20.6900,6,4.6,108,80,-27,Benetatos et al. (2005),moment tensor inversion,"Lefkada, 14/08/2003",S,,,,,,,,,,,,,,,,,,,,
2003-08-14-15-08-56,2003,8,14,15,8,56.0,38.9330,20.6050,15,4.7,20,88,173,ISC (ZUR_RMT),moment tensor inversion,extracted from reviewed ISC FMCSV,P,26.8,,,,,,,,,,,,,,,,,,,
2003-08-14-16-18-02,2003,8,14,16,18,3.0,38.7920,20.6690,8,5.4,179,67,95,Benetatos et al. (2005),moment tensor inversion,"Lefkada, 14/08/2003",P,24.5,GCMT (PDE),2003,8,14,16,18,2.5,38.83,20.57,10,5.2,358,20,86,0.5,9.6,-2,0.2,6.4
2003-08-14-16-37-39,2003,8,14,16,37,39.0,38.7550,20.5780,8,4.6,172,58,103,Benetatos et al. (2005),moment tensor inversion,"Lefkada, 14/08/2003",P,90.7,,,,,,,,,,,,,,,,,,,
2003-08-14-16-55-21,2003,8,14,16,55,21.0,38.7860,20.6820,10,4.0,197,51,115,Benetatos et al. (2005),moment tensor inversion,"Lefkada, 14/08/2003",S,,,,,,,,,,,,,,,,,,,,
2003-08-14-20-46-52,2003,8,14,20,46,52.0,38.9180,20.5590,15,4.8,182,59,101,ISC (ZUR_RMT),moment tensor inversion,extracted from reviewed ISC FMCSV,P,20.4,,,,,,,,,,,,,,,,,,,
2003-08-15-04-07-33,2003,8,15,4,7,33.0,38.7130,20.6390,4,4.1,127,48,78,Benetatos et al. (2005),moment tensor inversion,"Lefkada, 14/08/2003",S,,,,,,,,,,,,,,,,,,,,
2003-08-16-14-49-12,2003,8,16,14,49,12.0,38.6190,20.5480,15,4.3,122,84,25,Benetatos et al. (2005),moment tensor inversion,"Lefkada, 14/08/2003",P,25.3,,,,,,,,,,,,,,,,,,,
2003-08-16-17-53-32,2003,8,16,17,53,32.3,38.6300,20.6100,5,4.0,352,53,160,"Konstantinou et al., 2010",,"relocated, Set depth at 5.0 km",S,,,,,,,,,,,,,,,,,,,,
2003-08-16-22-38-16,2003,8,16,22,38,16.0,38.4000,20.3700,5,4.0,128,13,-9,"Konstantinou et al., 2010",,Set depth at 5.0 km,S,,,,,,,,,,,,,,,,,,,,
2003-08-17-15-37-15,2003,8,17,15,37,15.0,38.4760,20.4770,17,4.5,109,89,2,Benetatos et al. (2005),moment tensor inversion,"Lefkada, 14/08/2003",P,30.8,,,,,,,,,,,,,,,,,,,
2003-08-17-16-56-23,2003,8,17,16,56,23.0,38.4550,20.4510,13,4.1,194,77,-164,Benetatos et al. (2005),moment tensor inversion,"Lefkada, 14/08/2003",P,38.6,,,,,,,,,,,,,,,,,,,
2003-08-19-10-18-47,2003,8,19,10,18,47.1,38.8300,20.4300,3,4.0,74,40,-21,"Konstantinou et al., 2010",,relocated,S,,,,,,,,,,,,,,,,,,,,
2003-08-30-19-21-16,2003,8,30,19,21,16.0,38.4090,20.3730,16,4.1,167,86,163,Benetatos et al. (2005),moment tensor inversion,"Lefkada, 14/08/2003",S,,,,,,,,,,,,,,,,,,,,
2003-09-05-23-30-11,2003,9,5,23,30,11.0,34.5880,26.1860,24,4.6,14,57,-151,ISC (ZUR_RMT),moment tensor inversion,extracted from reviewed ISC FMCSV,P,11.4,,,,,,,,,,,,,,,,,,,
2003-09-13-13-46-14,2003,9,13,13,46,14.3,36.6300,26.9200,155,5.2,97,40,10,GCMT (PDE),moment tensor inversion,"extracted from ndk file, mag is probably mb",P,32.7,GCMT (PDE),2003,9,13,13,46,14.3,36.63,26.92,155,5.2,97,40,10,0.0,0.0,0,0.0,0.0
2003-09-30-16-46-12,2003,9,30,16,46,11.6,37.9600,21.8000,13,4.0,116,39,-50,"Konstantinou et al., 2010",,relocated,S,,,,,,,,,,,,,,,,,,,,
2003-10-01-08-26-29,2003,10,1,8,26,29.0,35.6200,21.6300,30,4.4,97,47,66,ZUR_RMT (ISC),,-,S,,,,,,,,,,,,,,,,,,,,
2003-10-16-22-44-39,2003,10,16,22,44,39.0,36.5000,23.0900,24,4.6,195,46,-55,ZUR_RMT (ISC),,-,S,,,,,,,,,,,,,,,,,,,,
2003-10-17-12-57-08,2003,10,17,12,57,7.0,35.9400,22.1610,21,5.3,124,89,133,ISC (ZUR_RMT),moment tensor inversion,extracted from reviewed ISC FMCSV,P,62.7,,,,,,,,,,,,,,,,,,,
2003-10-29-21-15-47,2003,10,29,21,15,47.0,40.7100,22.8300,24,4.7,150,75,-12,ISC (ZUR_RMT),moment tensor inversion,extracted from reviewed ISC FMCSV,P,32.5,,,,,,,,,,,,,,,,,,,
2003-11-16-07-22-49,2003,11,16,7,22,49.7,38.2700,20.3400,3,4.8,358,39,160,"Konstantinou et al., 2010",,relocated,P,66.8,GCMT (PDE),2003,11,16,7,22,49.7,38.27,20.34,8,4.5,266,24,3,0.0,0.0,-5,0.3,84.8
2003-11-16-18-30-48,2003,11,16,18,30,48.2,38.2900,20.3900,5,4.4,12,36,-175,"Konstantinou et al., 2010",,relocated,S,,,,,,,,,,,,,,,,,,,,
2003-11-18-18-32-16,2003,11,18,18,32,16.4,38.4000,21.9900,12,4.2,305,35,-60,"Konstantinou et al., 2010",,-,S,,,,,,,,,,,,,,,,,,,,
2003-11-23-05-36-46,2003,11,23,5,36,46.2,37.9400,21.0200,33,4.2,136,77,11,MED_RCMT (NEIC),,relocated,P,0.0,,,,,,,,,,,,,,,,,,,
2003-11-24-15-51-06,2003,11,24,15,51,7.6,34.4100,24.9400,31,5.1,158,51,175,ETHZ (ISC),,-,P,44.4,,,,,,,,,,,,,,,,,,,
2003-11-27-14-49-15,2003,11,27,14,49,15.0,34.9210,25.1790,12,4.6,174,47,-143,ZUR_RMT (ISC),,-,S,,,,,,,,,,,,,,,,,,,,
2003-12-06-00-18-55,2003,12,6,0,18,55.0,41.9350,19.2170,24,4.8,354,50,135,ZUR_RMT (ISC),,-,S,,,,,,,,,,,,,,,,,,,,
2003-12-07-15-40-18,2003,12,7,15,40,18.0,39.8400,20.7600,72,4.5,322,41,-84,MED_RCMT (NEIC),,-,P,0.0,,,,,,,,,,,,,,,,,,,
2003-12-16-10-41-09,2003,12,16,10,41,9.0,38.9740,26.8270,9,4.5,86,45,-120,ISC (ZUR_RMT),moment tensor inversion,extracted from reviewed ISC FMCSV,P,15.1,,,,,,,,,,,,,,,,,,,
2003-12-19-09-51-26,2003,12,19,9,51,25.0,36.0300,21.7900,24,4.9,129,50,109,ISC (ZUR_RMT),moment tensor inversion,extracted from reviewed ISC FMCSV,P,31.9,,,,,,,,,,,,,,,,,,,
2004-01-02-19-23-58,2004,1,2,19,23,57.5,37.7400,21.6100,18,4.0,71,33,-103,"Konstantinou et al., 2010",,-,S,,,,,,,,,,,,,,,,,,,,
2004-01-16-22-58-17,2004,1,16,22,58,16.6,37.6400,20.8900,20,4.0,63,22,-159,"Konstantinou et al., 2010",,-,S,,,,,,,,,,,,,,,,,,,,
2004-02-07-21-17-24,2004,2,7,21,17,24.2,36.0400,26.9100,25,5.1,211,27,-80,GCMT (PDE),moment tensor inversion,"extracted from ndk file, mag is probably MS",P,20.4,GCMT (PDE),2004,2,7,21,17,24.2,36.04,26.91,25,5.1,211,27,-80,0.0,0.0,0,0.0,0.0
2004-02-09-03-48-13,2004,2,9,3,48,12.5,36.0100,22.4500,16,4.8,203,30,-86,GCMT (PDE),moment tensor inversion,"extracted from ndk file, mag is probably mb",P,40.0,GCMT (PDE),2004,2,9,3,48,12.5,36.01,22.45,16,4.8,203,30,-86,0.0,0.0,0,0.0,0.0
2004-02-11-00-52-28,2004,2,11,0,52,28.0,35.7140,29.2990,27,4.5,201,36,-55,ISC (ZUR_RMT),moment tensor inversion,extracted from reviewed ISC FMCSV,P,23.1,,,,,,,,,,,,,,,,,,,
2004-02-17-08-54-09,2004,2,17,8,54,8.9,38.6000,21.6200,5,4.1,11,45,-50,"Konstantinou et al., 2010",,relocated,S,,,,,,,,,,,,,,,,,,,,
2004-02-18-04-54-01,2004,2,18,4,54,0.6,38.6100,21.6200,7,4.0,359,47,-64,"Konstantinou et al., 2010",,relocated,S,,,,,,,,,,,,,,,,,,,,
2004-03-01-00-35-58,2004,3,1,0,35,58.0,37.1400,22.1200,9,4.8,154,29,-117,GCMT (PDE),moment tensor inversion,"extracted from ndk file, mag is probably MS",P,32.7,GCMT (PDE),2004,3,1,0,35,58.0,37.14,22.12,9.4,4.8,154,29,-117,0.0,0.0,0,0.0,0.0
2004-03-11-12-55-01,2004,3,11,12,55,1.0,38.4770,19.8790,30,4.4,195,40,-81,ZUR_RMT (ISC),,-,S,,,,,,,,,,,,,,,,,,,,
2004-03-17-05-21-00,2004,3,17,5,21,0.5,34.8000,23.4000,25,6.1,351,76,-7,ETHZ (ISC),,-,P,15.3,GCMT (PDE),2004,3,17,5,21,0.8,34.59,23.33,24.5,5.7,82,80,177,-0.3,24.2,0.5,0.4,17.3
2004-03-18-15-14-26,2004,3,18,15,14,26.0,36.0810,26.4750,90,4.4,329,63,-170,ZUR_RMT (ISC),,-,S,,,,,,,,,,,,,,,,,,,,
2004-03-25-20-40-52,2004,3,25,20,40,52.0,34.4420,26.5100,36,4.6,72,52,66,ISC (ZUR_RMT),moment tensor inversion,extracted from reviewed ISC FMCSV,P,63.7,,,,,,,,,,,,,,,,,,,
2004-03-28-14-54-42,2004,3,28,14,54,48.6,35.5700,22.9900,55,4.7,122,59,86,ISC (GCMT),moment tensor inversion,extracted from reviewed ISC FMCSV,P,41.8,ISC (GCMT),2004,3,28,14,54,48.6,35.57,22.99,55,4.7,122,59,86,0.0,0.0,0,0.0,0.0
2004-04-07-01-32-29,2004,4,7,1,32,28.7,40.7700,20.3100,31,4.9,98,27,-148,ETHZ (ISC),,-,P,16.7,GCMT (PDE),2004,4,7,1,32,30.5,40.67,20.38,68.3,4.7,123,26,-113,-1.8,12.6,-37.3,0.2,16.8
2004-04-12-22-29-00,2004,4,12,22,29,0.0,36.1100,23.4900,24,4.3,7,64,-58,ISC (ZUR_RMT),moment tensor inversion,extracted from reviewed ISC FMCSV,P,64.4,,,,,,,,,,,,,,,,,,,
2004-04-19-15-27-16,2004,4,19,15,27,16.0,40.6080,27.7030,24,4.1,132,75,-170,ZUR_RMT (ISC),,-,S,,,,,,,,,,,,,,,,,,,,
2004-04-19-23-00-42,2004,4,19,23,0,42.0,34.1580,26.1610,45,4.8,100,57,98,ISC (ZUR_RMT),moment tensor inversion,extracted from reviewed ISC FMCSV,P,75.8,,,,,,,,,,,,,,,,,,,
2004-04-28-07-26-58,2004,4,28,7,26,58.4,38.3100,21.8100,18,4.1,245,34,-112,"Konstantinou et al., 2010",,relocated,P,48.0,,,,,,,,,,,,,,,,,,,
2004-05-14-21-34-08,2004,5,14,21,34,8.0,34.2300,25.2500,21,4.3,110,33,-83,ZUR_RMT (ISC),,-,S,,,,,,,,,,,,,,,,,,,,
2004-05-21-02-26-39,2004,5,21,2,26,38.5,37.8900,20.7400,15,4.1,130,53,48,"Konstantinou et al., 2010",,-,S,,,,,,,,,,,,,,,,,,,,
2004-05-25-05-34-25,2004,5,25,5,34,24.3,35.8300,27.4600,10,4.7,197,31,-34,ETHZ (ISC),,-,P,50.2,GCMT (PDE),2004,5,25,5,34,25.1,35.92,27.18,5,4.6,25,39,-38,-0.8,27.2,5,0.1,71.7
2004-05-30-06-59-08,2004,5,30,6,59,8.0,37.1360,21.5160,36,4.7,11,60,178,ISC (ZUR_RMT),moment tensor inversion,extracted from reviewed ISC FMCSV,P,46.9,,,,,,,,,,,,,,,,,,,
2004-05-30-21-23-30,2004,5,30,21,23,30.0,37.9300,20.7200,27,4.4,31,82,177,ISC (ZUR_RMT),moment tensor inversion,extracted from reviewed ISC FMCSV,P,34.6,,,,,,,,,,,,,,,,,,,
2004-05-30-21-44-11,2004,5,30,21,44,11.4,37.8900,20.6800,12,4.0,8,60,171,"Konstantinou et al., 2010",,relocated,S,,,,,,,,,,,,,,,,,,,,
2004-05-31-06-30-41,2004,5,31,6,30,41.0,37.1660,21.5470,33,4.5,15,53,174,ISC (ZUR_RMT),moment tensor inversion,extracted from reviewed ISC FMCSV,P,42.6,,,,,,,,,,,,,,,,,,,
2004-06-15-12-02-39,2004,6,15,12,2,37.8,40.4400,25.8700,12,4.7,342,78,5,GCMT (PDE),moment tensor inversion,"extracted from ndk file, mag is probably mb",P,28.8,GCMT (PDE),2004,6,15,12,2,37.8,40.44,25.87,12,4.7,342,78,5,0.0,0.0,0,0.0,0.0
2004-06-27-15-31-46,2004,6,27,15,31,46.0,40.9280,26.0350,9,4.5,74,74,-160,ISC (ZUR_RMT),moment tensor inversion,extracted from reviewed ISC FMCSV,P,12.6,,,,,,,,,,,,,,,,,,,
2004-07-15-12-02-39,2004,7,15,12,2,38.5,40.3730,25.9010,13,5.1,74,82,178,"Karabulut et al., 2006",,-,S,,,,,,,,,,,,,,,,,,,,
2004-07-15-21-33-32,2004,7,15,21,33,32.0,34.7100,24.2800,15,4.8,357,49,-128,ZUR_RMT (ISC),,-,S,,,,,,,,,,,,,,,,,,,,
2004-07-24-19-00-55,2004,7,24,19,0,56.1,35.3700,23.5900,11,4.6,181,39,-38,GCMT (PDE),moment tensor inversion,"extracted from ndk file, mag is probably mb",P,34.0,GCMT (PDE),2004,7,24,19,0,56.1,35.37,23.59,11,4.6,181,39,-38,0.0,0.0,0,0.0,0.0
2004-08-03-05-33-37,2004,8,3,5,33,38.0,36.8300,27.8470,15,4.7,266,56,-74,Pondrelli et al. (2007) / from Karakostas et al. (2022),,Near Kos (2004-2011),P,9.8,,,,,,,,,,,,,,,,,,,
2004-08-03-13-11-33,2004,8,3,13,11,34.0,37.0200,27.7200,15,5.2,264,49,-73,Pondrelli et al. (2007) / from Karakostas et al. (2022),,Near Kos (2004-2011),P,26.5,GCMT (HSW),2004,8,3,13,11,36.0,36.75,27.75,33,5.6,74,38,-97,-2.0,30.1,-18,-0.4,11.4
2004-08-04-03-01-08,2004,8,4,3,1,9.0,36.9020,27.7720,15,5.5,271,65,-77,Pondrelli et al. (2007) / from Karakostas et al. (2022),,Near Kos (2004-2011),P,18.8,GCMT (PDE),2004,8,4,3,1,7.6,36.83,27.82,10,5.2,75,40,-95,1.4,9.1,5,0.3,17.2
2004-08-04-03-49-32,2004,8,4,3,49,32.0,36.7880,27.8260,9,4.7,73,34,-99,ZUR_RMT (ISC),,-,S,,,,,,,,,,,,,,,,,,,,
2004-08-04-04-19-49,2004,8,4,4,19,50.0,36.8500,27.7760,15,5.2,255,67,-93,Pondrelli et al. (2007) / from Karakostas et al. (2022),,Near Kos (2004-2011),P,25.5,GCMT (PDE),2004,8,4,4,19,48.4,36.84,27.85,10,4.8,71,42,-111,1.6,6.7,5,0.4,26.7
2004-08-04-14-18-51,2004,8,4,14,18,51.0,36.8610,27.7150,15,5.3,259,55,-83,Pondrelli et al. (2007) / from Karakostas et al. (2022),,Near Kos (2004-2011),P,10.4,GCMT (PDE),2004,8,4,14,18,50.2,36.83,27.83,10,4.8,75,41,-94,0.8,10.8,5,0.5,7.4
2004-08-18-23-06-36,2004,8,18,23,6,36.0,36.1300,27.5200,12,4.6,167,39,-73,ISC (ZUR_RMT),moment tensor inversion,extracted from reviewed ISC FMCSV,P,11.2,,,,,,,,,,,,,,,,,,,
2004-08-20-11-12-18,2004,8,20,11,12,18.0,36.5360,27.8810,66,4.7,86,84,22,ISC (ZUR_RMT),moment tensor inversion,extracted from reviewed ISC FMCSV,P,10.1,,,,,,,,,,,,,,,,,,,
2004-08-24-12-38-50,2004,8,24,12,38,50.0,38.5800,23.5900,15,4.6,84,39,-95,ZUR_RMT (ISC),,-,S,,,,,,,,,,,,,,,,,,,,
2004-08-28-22-16-50,2004,8,28,22,16,50.0,41.2460,19.5720,18,4.0,353,25,129,ZUR_RMT (ISC),,-,S,,,,,,,,,,,,,,,,,,,,
2004-09-15-13-38-58,2004,9,15,13,38,57.6,38.6400,20.5900,5,4.1,281,82,-7,"Konstantinou et al., 2010",,relocated,S,,,,,,,,,,,,,,,,,,,,
2004-09-21-14-15-03,2004,9,21,14,15,4.2,35.2800,27.7900,29,4.8,311,79,180,GCMT (PDE),moment tensor inversion,"extracted from ndk file, mag is probably mb",P,51.2,GCMT (PDE),2004,9,21,14,15,4.2,35.28,27.79,29,4.8,311,79,180,0.0,0.0,0,0.0,0.0
2004-09-26-03-06-02,2004,9,26,3,6,3.7,38.2600,24.0400,18,4.3,346,53,-2,GCMT (PDE),moment tensor inversion,"extracted from ndk file, mag is probably mb",P,36.0,GCMT (PDE),2004,9,26,3,6,3.7,38.26,24.04,17.9,4.3,346,53,-2,0.0,0.0,0,0.0,0.0
2004-10-05-10-41-33,2004,10,5,10,41,33.0,37.3130,20.5600,12,4.8,138,85,86,ISC (ZUR_RMT),moment tensor inversion,extracted from reviewed ISC FMCSV,P,20.1,,,,,,,,,,,,,,,,,,,
2004-10-07-01-05-12,2004,10,7,1,5,12.9,36.4300,26.8000,129,5.7,334,40,166,GCMT (PDE),moment tensor inversion,"extracted from ndk file, mag is probably mb",P,16.1,GCMT (PDE),2004,10,7,1,5,12.9,36.43,26.8,128.9,5.7,334,40,166,0.0,0.0,0,0.0,0.0
2004-10-07-07-16-52,2004,10,7,7,16,53.6,36.3800,22.6000,65,4.6,189,69,8,GCMT (PDE),moment tensor inversion,"extracted from ndk file, mag is probably mb",P,20.1,GCMT (PDE),2004,10,7,7,16,53.6,36.38,22.6,65.4,4.6,189,69,8,0.0,0.0,0,0.0,0.0
2004-10-08-00-47-56,2004,10,8,0,47,56.2,41.2400,21.3100,13,4.3,42,49,-48,GCMT (PDE),moment tensor inversion,"extracted from ndk file, mag is probably mb",P,37.7,GCMT (PDE),2004,10,8,0,47,56.2,41.24,21.31,13.4,4.3,42,49,-48,0.0,0.0,0,0.0,0.0
2004-11-04-06-22-38,2004,11,4,6,22,39.4,35.9400,23.1100,74,5.4,187,48,58,GCMT (PDE),moment tensor inversion,"extracted from ndk file, mag is probably mb",P,17.2,GCMT (PDE),2004,11,4,6,22,39.4,35.94,23.11,74.4,5.4,187,48,58,0.0,0.0,0,0.0,0.0
2004-11-05-17-30-22,2004,11,5,17,30,22.0,39.1820,27.7650,6,4.7,142,56,-85,ISC (ZUR_RMT),moment tensor inversion,extracted from reviewed ISC FMCSV,P,15.5,,,,,,,,,,,,,,,,,,,
2004-11-22-19-13-32,2004,11,22,19,13,33.8,38.6000,25.6000,18,5.0,235,51,-171,ETHZ (ISC),,-,P,35.7,,,,,,,,,,,,,,,,,,,
2004-11-23-02-26-16,2004,11,23,2,26,15.7,40.3900,20.4900,18,5.4,193,33,-79,ETHZ (ISC),,-,P,23.0,GCMT (PDE),2004,11,23,2,26,16.4,40.32,20.63,15.4,5.2,162,45,-124,-0.7,14.2,2.6,0.2,30.5
2004-11-29-06-23-53,2004,11,29,6,23,53.0,36.8900,21.5500,36,4.4,323,43,-102,ZUR_RMT (ISC),,-,S,,,,,,,,,,,,,,,,,,,,
2004-12-02-15-51-48,2004,12,2,15,51,48.0,39.2560,27.9630,15,4.6,335,66,-11,ZUR_RMT (ISC),,-,S,,,,,,,,,,,,,,,,,,,,
2004-12-07-14-32-45,2004,12,7,14,32,45.0,39.9400,19.6700,12,4.2,165,7,-82,ZUR_RMT (ISC),,-,S,,,,,,,,,,,,,,,,,,,,
2004-12-09-18-35-19,2004,12,9,18,35,19.4,41.9700,20.4200,4,4.5,209,36,-83,GCMT (PDE),moment tensor inversion,"extracted from ndk file, mag is probably mb",P,20.6,GCMT (PDE),2004,12,9,18,35,19.4,41.97,20.42,3.8,4.5,209,36,-83,0.0,0.0,0,0.0,0.0
2004-12-11-21-03-20,2004,12,11,21,3,20.0,39.2100,21.6550,12,4.5,5,15,-17,ZUR_RMT (ISC),,-,S,,,,,,,,,,,,,,,,,,,,
2004-12-17-18-45-32,2004,12,17,18,45,32.0,38.7100,22.7400,12,4.4,220,26,-126,ZUR_RMT (ISC),,-,S,,,,,,,,,,,,,,,,,,,,
2004-12-19-23-32-35,2004,12,19,23,32,35.0,36.7460,21.2920,18,4.5,96,40,83,ZUR_RMT (ISC),,-,S,,,,,,,,,,,,,,,,,,,,
2004-12-20-23-02-12,2004,12,20,23,2,12.4,37.0400,28.2100,5,4.7,105,45,-69,GCMT (PDE),moment tensor inversion,"extracted from ndk file, mag is probably MS",P,22.3,GCMT (PDE),2004,12,20,23,2,12.4,37.04,28.21,5,4.7,105,45,-69,0.0,0.0,0,0.0,0.0
2004-12-21-00-23-34,2004,12,21,0,23,34.0,37.0600,28.2100,9,4.2,92,38,-86,ZUR_RMT (ISC),,-,S,,,,,,,,,,,,,,,,,,,,
2004-12-28-20-34-12,2004,12,28,20,34,12.0,36.9960,28.2670,4,4.3,71,44,-105,ISC (ZUR_RMT),moment tensor inversion,extracted from reviewed ISC FMCSV,P,18.3,,,,,,,,,,,,,,,,,,,
2005-01-03-21-44-28,2005,1,3,21,44,28.0,37.6400,23.3300,114,4.8,121,83,179,ZUR_RMT (ISC),,-,S,,,,,,,,,,,,,,,,,,,,
2005-01-08-14-18-54,2005,1,8,14,18,54.0,37.1800,21.0900,21,4.7,299,83,-4,ZUR_RMT (ISC),,-,S,,,,,,,,,,,,,,,,,,,,
2005-01-10-23-48-50,2005,1,10,23,48,53.0,36.8100,27.6600,12,5.5,273,53,-97,Pondrelli et al. (2011) / from Karakostas et al. (2022),,Near Kos (2004-2011),P,15.3,ISC (GCMT),2005,1,10,23,48,52.8,36.84,27.87,15.1,5.4,110,45,-63,0.2,19.0,-3.1,0.1,16.0
2005-01-10-23-50-25,2005,1,10,23,50,25.0,37.0180,27.9190,9,5.2,93,53,-89,ISC (ZUR_RMT),moment tensor inversion,extracted from reviewed ISC FMCSV,S,,,,,,,,,,,,,,,,,,,,
2005-01-11-04-35-59,2005,1,11,4,35,58.0,37.1800,27.7880,12,5.1,271,59,-84,Pondrelli et al. (2011) / from Karakostas et al. (2022),,Near Kos (2004-2011),P,14.5,ISC (GCMT),2005,1,11,4,35,57.6,36.84,27.84,12.2,5,100,33,-69,0.4,38.0,-0.2,0.1,17.4
2005-01-13-13-39-03,2005,1,13,13,39,3.0,39.1770,27.7140,15,4.3,348,79,4,ZUR_RMT (ISC),,-,S,,,,,,,,,,,,,,,,,,,,
2005-01-23-22-36-05,2005,1,23,22,36,6.2,35.8300,29.6200,18,5.8,215,28,0,ETHZ (ISC),,-,P,29.9,GCMT (PDE),2005,1,23,22,36,5.5,35.8,29.64,10,5.4,224,38,-10,0.7,3.8,8,0.4,20.8
2005-01-28-00-17-33,2005,1,28,0,17,24.6,33.8000,24.3000,10,4.7,155,50,-178,ETHZ (ISC),,-,P,57.4,,,,,,,,,,,,,,,,,,,
2005-01-29-18-52-29,2005,1,29,18,52,29.0,38.1140,26.8730,15,4.8,147,79,-10,ISC (ZUR_RMT),moment tensor inversion,extracted from reviewed ISC FMCSV,P,14.9,,,,,,,,,,,,,,,,,,,
2005-01-30-16-23-48,2005,1,30,16,23,48.4,35.8100,29.6300,10,4.7,219,40,-17,GCMT (PDE),moment tensor inversion,"extracted from ndk file, mag is probably MS",P,10.8,GCMT (PDE),2005,1,30,16,23,48.4,35.81,29.63,10,4.7,219,40,-17,0.0,0.0,0,0.0,0.0
2005-01-31-01-02-31,2005,1,31,1,2,31.0,37.5900,20.2000,30,5.7,338,23,111,MED_RCMT (NEIC),moment tensor inversion,from RCMT,S,,,,,,,,,,,,,,,,,,,,
2005-01-31-01-05-32,2005,1,31,1,5,33.6,37.5300,20.1600,32,5.4,346,16,120,GCMT (PDE),moment tensor inversion,"extracted from ndk file, mag is probably MS",P,13.2,GCMT (PDE),2005,1,31,1,5,33.6,37.53,20.16,31.9,5.4,346,16,120,0.0,0.0,0,0.0,0.0
2005-02-08-16-38-29,2005,2,8,16,38,29.0,34.4410,26.4970,21,5.0,184,46,-40,ISC (ZUR_RMT),moment tensor inversion,extracted from reviewed ISC FMCSV,P,10.2,,,,,,,,,,,,,,,,,,,
2005-02-12-12-13-45,2005,2,12,12,13,45.0,39.9170,19.6990,39,4.3,145,61,99,ISC (ZUR_RMT),moment tensor inversion,extracted from reviewed ISC FMCSV,P,81.0,,,,,,,,,,,,,,,,,,,
2005-02-18-06-19-34,2005,2,18,6,19,34.0,34.4500,25.6400,27,4.4,78,77,6,ZUR_RMT (ISC),,-,S,,,,,,,,,,,,,,,,,,,,
2005-02-20-15-38-17,2005,2,20,15,38,17.0,34.8450,23.6490,42,4.3,310,28,69,ZUR_RMT (ISC),,-,S,,,,,,,,,,,,,,,,,,,,
2005-02-23-20-15-22,2005,2,23,20,15,22.0,34.9140,24.7190,18,4.3,51,87,-179,ZUR_RMT (ISC),,-,S,,,,,,,,,,,,,,,,,,,,
2005-03-09-08-11-42,2005,3,9,8,11,42.0,35.4370,21.3830,27,4.8,114,49,86,ISC (ZUR_RMT),moment tensor inversion,extracted from reviewed ISC FMCSV,P,11.4,,,,,,,,,,,,,,,,,,,
2005-03-11-11-05-23,2005,3,11,11,5,23.0,42.3870,19.9120,9,4.3,145,28,-78,ISC (ZUR_RMT),moment tensor inversion,extracted from reviewed ISC FMCSV,P,26.0,,,,,,,,,,,,,,,,,,,
2005-03-20-19-20-18,2005,3,20,19,20,18.2,37.5200,22.0400,5,4.0,327,46,-61,"Konstantinou et al., 2010",,Set depth at 5.0 km,S,,,,,,,,,,,,,,,,,,,,
2005-03-31-14-35-08,2005,3,31,14,35,8.0,35.5070,25.8620,6,4.4,246,56,-11,ZUR_RMT (ISC),,-,S,,,,,,,,,,,,,,,,,,,,
2005-05-14-18-00-28,2005,5,14,18,0,28.0,37.3300,20.7000,24,4.6,16,77,-170,ZUR_RMT (ISC),,-,S,,,,,,,,,,,,,,,,,,,,
2005-05-24-05-50-54,2005,5,24,5,50,55.0,37.5700,20.8800,20,4.1,342,38,-21,"Konstantinou et al., 2010",,relocated,P,47.9,,,,,,,,,,,,,,,,,,,
2005-05-29-08-55-35,2005,5,29,8,55,35.8,38.2600,22.7300,104,4.7,110,67,-165,GCMT (PDE),moment tensor inversion,"extracted from ndk file, mag is probably mb",P,28.8,CMT,2005,5,29,8,55,35.8,38.26,22.73,104,4.7,110,67,-165,0.0,0.0,0,0.0,0.0
2005-05-30-09-20-08,2005,5,30,9,20,9.0,33.9200,26.0600,40,4.7,96,60,74,ISC (GCMT),moment tensor inversion,extracted from reviewed ISC FMCSV,P,28.4,ISC (GCMT),2005,5,30,9,20,9.0,33.92,26.06,40.1,4.7,96,60,74,0.0,0.0,0,0.0,0.0
2005-06-11-03-38-54,2005,6,11,3,38,54.0,40.5830,19.6150,6,4.1,73,48,-116,ZUR_RMT (ISC),,-,S,,,,,,,,,,,,,,,,,,,,
2005-06-14-07-31-48,2005,6,14,7,31,48.0,35.0590,24.0770,27,4.7,111,36,-54,ZUR_RMT (ISC),,-,S,,,,,,,,,,,,,,,,,,,,
2005-06-18-16-13-50,2005,6,18,16,13,50.2,38.8500,21.2400,18,4.2,119,62,12,"Konstantinou et al., 2010",,relocated,P,19.6,,,,,,,,,,,,,,,,,,,
2005-06-21-23-06-34,2005,6,21,23,6,34.0,37.1800,20.7900,24,4.5,189,69,154,ISC (ZUR_RMT),moment tensor inversion,extracted from reviewed ISC FMCSV,P,48.6,,,,,,,,,,,,,,,,,,,
2005-06-23-22-44-16,2005,6,23,22,44,16.7,37.8000,26.7000,18,4.7,232,37,-175,ETHZ (ISC),,-,P,38.4,,,,,,,,,,,,,,,,,,,
2005-07-02-17-35-18,2005,7,2,17,35,17.9,34.8000,27.3000,25,4.8,155,71,-174,ETHZ (ISC),,-,P,28.7,,,,,,,,,,,,,,,,,,,
2005-07-03-16-15-27,2005,7,3,16,15,27.0,36.0300,27.0200,9,4.2,189,42,-72,ISC (ZUR_RMT),moment tensor inversion,extracted from reviewed ISC FMCSV,P,8.8,,,,,,,,,,,,,,,,,,,
2005-07-03-22-39-22,2005,7,3,22,39,22.2,35.1100,27.2600,21,4.0,62,58,-26,GCMT (PDE),moment tensor inversion,"extracted from ndk file, mag is probably MS",P,16.9,GCMT (PDE),2005,7,3,22,39,22.2,35.11,27.26,21,4,62,58,-26,0.0,0.0,0,0.0,0.0
2005-07-07-11-45-09,2005,7,7,11,45,9.0,36.4100,23.1400,24,4.7,310,61,179,ZUR_RMT (ISC),,-,S,,,,,,,,,,,,,,,,,,,,
2005-07-08-18-08-22,2005,7,8,18,8,22.0,35.2000,27.1200,18,4.4,244,57,-5,ZUR_RMT (ISC),,-,S,,,,,,,,,,,,,,,,,,,,
2005-07-10-13-10-00,2005,7,10,13,9,16.3,38.7000,23.1000,75,5.2,143,48,40,ETHZ (ISC),,-,P,89.8,,,,,,,,,,,,,,,,,,,
2005-07-11-17-20-31,2005,7,11,17,20,31.0,36.4800,28.1100,63,4.6,117,40,85,ZUR_RMT (ISC),,-,S,,,,,,,,,,,,,,,,,,,,
2005-07-18-04-02-52,2005,7,18,4,2,52.0,35.0600,26.4100,12,4.4,78,64,-21,ZUR_RMT (ISC),,-,S,,,,,,,,,,,,,,,,,,,,
2005-07-23-13-09-27,2005,7,23,13,9,27.0,35.0100,24.6800,27,4.7,31,62,-140,ISC (ZUR_RMT),moment tensor inversion,extracted from reviewed ISC FMCSV,P,51.6,,,,,,,,,,,,,,,,,,,
2005-07-25-04-38-24,2005,7,25,4,38,24.0,37.3700,21.0100,12,4.6,34,12,-170,ISC (ZUR_RMT),moment tensor inversion,extracted from reviewed ISC FMCSV,P,31.5,,,,,,,,,,,,,,,,,,,
2005-07-30-11-25-21,2005,7,30,11,25,21.0,34.7760,22.4630,30,4.7,323,86,179,ZUR_RMT (ISC),,-,S,,,,,,,,,,,,,,,,,,,,
2005-08-01-13-35-00,2005,8,1,13,35,0.2,36.5700,26.7800,133,5.0,306,27,180,GCMT (PDE),moment tensor inversion,"extracted from ndk file, mag is probably mb",P,14.4,GCMT (PDE),2005,8,1,13,35,0.2,36.57,26.78,133,5,306,27,180,0.0,0.0,0,0.0,0.0
2005-08-04-05-47-40,2005,8,4,5,47,40.0,39.1000,23.4000,10,4.7,223,68,-161,MED_RCMT (NEIC),,-,P,0.0,,,,,,,,,,,,,,,,,,,
2005-08-04-10-45-30,2005,8,4,10,45,30.4,34.8900,26.5000,9,4.8,90,80,7,GCMT (PDE),moment tensor inversion,"extracted from ndk file, mag is probably MS",P,18.2,GCMT (PDE),2005,8,4,10,45,30.4,34.89,26.5,9,4.8,90,80,7,0.0,0.0,0,0.0,0.0
2005-08-24-03-06-19,2005,8,24,3,6,19.9,39.6800,25.5600,29,4.4,145,68,-23,GCMT (PDE),moment tensor inversion,"extracted from ndk file, mag is probably mb",P,49.5,GCMT (PDE),2005,8,24,3,6,19.9,39.68,25.56,29,4.4,145,68,-23,0.0,0.0,0,0.0,0.0
2005-09-02-07-42-23,2005,9,2,7,42,21.3,33.8700,25.8800,42,5.3,322,25,151,ETHZ (ISC),,-,P,66.4,ISC (GCMT),2005,9,2,7,42,29.8,33.94,25.74,23.4,5.1,138,80,178,-8.5,15.1,18.6,0.2,81.1
2005-09-03-06-02-38,2005,9,3,6,2,38.0,33.9600,25.8800,40,4.6,307,48,-160,MED_RCMT (NEIC),,-,P,0.0,,,,,,,,,,,,,,,,,,,
2005-09-12-21-30-52,2005,9,12,21,30,52.1,38.9200,20.1100,13,4.3,116,46,70,"Konstantinou et al., 2010",,-,S,,,,,,,,,,,,,,,,,,,,
2005-09-13-04-41-16,2005,9,13,4,41,16.2,38.1800,20.2500,14,4.4,94,31,-113,MED_RCMT (NEIC),,relocated,P,0.0,,,,,,,,,,,,,,,,,,,
2005-09-16-08-08-30,2005,9,16,8,8,47.0,38.1000,20.2500,10,4.6,26,72,180,MED_RCMT (NEIC),moment tensor inversion,from RCMT,P,75.9,,,,,,,,,,,,,,,,,,,
2005-09-19-22-17-05,2005,9,19,22,16,32.4,35.0000,23.0000,10,5.1,308,17,68,ETHZ (ISC),,-,P,63.2,,,,,,,,,,,,,,,,,,,
2005-09-28-01-47-06,2005,9,28,1,47,6.0,35.2800,27.0200,29,4.4,130,76,-169,MED_RCMT (NEIC),moment tensor inversion,from RCMT,P,0.0,,,,,,,,,,,,,,,,,,,
2005-10-06-06-50-38,2005,10,6,6,50,38.0,34.1900,25.8700,37,4.2,239,69,-160,MED_RCMT (NEIC),moment tensor inversion,from RCMT,P,0.0,,,,,,,,,,,,,,,,,,,
2005-10-11-05-44-27,2005,10,11,5,44,27.8,35.5800,27.4700,21,4.8,215,61,-27,GCMT (PDE),moment tensor inversion,"extracted from ndk file, mag is probably mb",P,50.3,GCMT (PDE),2005,10,11,5,44,27.8,35.58,27.47,21,4.8,215,61,-27,0.0,0.0,0,0.0,0.0
2005-10-17-05-45-16,2005,10,17,5,45,16.0,38.1300,26.5000,8,5.2,242,61,-166,GCMT (PDE),moment tensor inversion,"extracted from ndk file, mag is probably MS",P,10.0,GCMT (PDE),2005,10,17,5,45,16.0,38.13,26.5,8.1,5.2,242,61,-166,0.0,0.0,0,0.0,0.0
2005-10-17-07-05-49,2005,10,17,7,5,49.0,38.1580,26.6290,18,4.1,265,73,-170,"Benetatos et al., 2006",,-,S,,,,,,,,,,,,,,,,,,,,
2005-10-17-08-28-52,2005,10,17,8,28,53.0,38.2100,26.6900,10,4.2,257,61,179,NOA,,-,P,96.4,,,,,,,,,,,,,,,,,,,
2005-10-17-08-34-44,2005,10,17,8,34,44.0,38.1700,26.7000,20,4.3,49,68,-175,NOA,,-,S,,,,,,,,,,,,,,,,,,,,
2005-10-17-09-46-54,2005,10,17,9,46,53.9,38.2000,26.5000,10,5.7,231,76,-177,GCMT (PDE),moment tensor inversion,"extracted from ndk file, mag is probably MS",P,26.3,GCMT (PDE),2005,10,17,9,46,53.9,38.2,26.5,10.4,5.7,231,76,-177,0.0,0.0,0,0.0,0.0
2005-10-17-09-55-30,2005,10,17,9,55,30.0,38.1400,26.6100,21,4.9,250,42,-161,GCMT (PDE),moment tensor inversion,"extracted from ndk file, mag is probably mb",P,36.0,GCMT (PDE),2005,10,17,9,55,30.0,38.14,26.61,20.7,4.9,250,42,-161,0.0,0.0,0,0.0,0.0
2005-10-17-12-43-30,2005,10,17,12,43,30.0,38.1460,26.6500,8,4.0,228,80,173,"Benetatos et al., 2006",,-,S,,,,,,,,,,,,,,,,,,,,
2005-10-17-13-52-41,2005,10,17,13,52,41.4,39.6700,24.6200,10,4.4,113,64,-11,MED_RCMT (NEIC),,-,P,0.0,,,,,,,,,,,,,,,,,,,
2005-10-18-11-54-50,2005,10,18,11,54,51.0,40.0100,20.5700,44,4.7,306,48,37,MED_RCMT (NEIC),moment tensor inversion,from RCMT,P,49.9,,,,,,,,,,,,,,,,,,,
2005-10-18-15-26-00,2005,10,18,15,26,0.3,37.6200,20.9200,14,5.3,8,15,123,GCMT (PDE),moment tensor inversion,"extracted from ndk file, mag is probably MS",P,53.5,CMT,2005,10,18,15,25,58.9,37.65,20.93,19,5.7,8,15,123,1.4,3.4,-4.7,-0.4,0.0
2005-10-18-15-36-29,2005,10,18,15,36,28.4,37.5800,21.1500,20,4.9,11,10,120,GCMT (PDE),moment tensor inversion,"extracted from ndk file, mag is probably MS",P,42.0,GCMT (PDE),2005,10,18,15,36,28.4,37.58,21.15,20,4.9,11,10,120,0.0,0.0,0,0.0,0.0
2005-10-18-16-00-49,2005,10,18,16,0,49.0,38.1740,26.6350,22,4.2,71,55,170,"Benetatos et al., 2006",,-,S,,,,,,,,,,,,,,,,,,,,
2005-10-18-16-15-11,2005,10,18,16,15,11.1,37.5000,20.7000,10,4.6,323,42,72,MED_RCMT (NEIC),,-,P,0.0,,,,,,,,,,,,,,,,,,,
2005-10-18-18-43-11,2005,10,18,18,43,11.0,37.6000,20.9300,13,4.6,343,31,95,MED_RCMT (NEIC),moment tensor inversion,from RCMT,P,26.7,,,,,,,,,,,,,,,,,,,
2005-10-19-10-11-31,2005,10,19,10,11,31.0,38.1500,26.6800,17,4.6,147,63,-17,MED_RCMT (NEIC),,-,P,0.0,,,,,,,,,,,,,,,,,,,
2005-10-20-09-10-53,2005,10,20,9,10,53.0,38.1570,26.7170,19,4.0,71,89,-179,"Benetatos et al., 2006",,-,S,,,,,,,,,,,,,,,,,,,,
2005-10-20-21-39-50,2005,10,20,21,39,12.2,38.1000,26.8000,10,5.9,295,80,12,AUTH,moment tensor inversion,extracted from old EMSC DB,P,30.7,GCMT (PDE),2005,10,20,21,40,4.1,38.15,26.75,10,5.7,231,73,-169,-51.9,7.1,0,0.2,31.0
2005-10-21-11-11-34,2005,10,21,11,11,33.0,37.6700,20.9400,16,4.6,350,31,101,MED_RCMT (NEIC),moment tensor inversion,from RCMT,P,13.8,,,,,,,,,,,,,,,,,,,
2005-10-21-11-47-38,2005,10,21,11,47,38.0,38.1780,26.5990,10,4.3,154,85,-2,"Benetatos et al., 2006",,-,S,,,,,,,,,,,,,,,,,,,,
2005-10-23-14-59-38,2005,10,23,14,59,38.0,38.1100,26.5940,17,4.0,169,81,2,"Benetatos et al., 2006",,-,S,,,,,,,,,,,,,,,,,,,,
2005-10-29-10-17-07,2005,10,29,10,17,7.3,35.4600,22.4400,80,4.5,301,33,83,MED_RCMT (NEIC),,-,P,0.0,,,,,,,,,,,,,,,,,,,
2005-10-29-14-48-41,2005,10,29,14,48,42.0,38.1200,26.6800,8,4.2,352,64,23,NOA,,-,P,71.9,,,,,,,,,,,,,,,,,,,
2005-10-31-05-26-35,2005,10,31,5,26,24.8,38.2000,26.7000,7,4.8,221,82,152,AUTH,moment tensor inversion,extracted from old EMSC DB,P,19.2,,,,,,,,,,,,,,,,,,,
2005-10-31-06-48-24,2005,10,31,6,48,24.0,38.1500,26.6800,8,4.3,87,54,-173,NOA,,-,S,,,,,,,,,,,,,,,,,,,,
2005-11-03-13-59-05,2005,11,3,13,59,4.9,37.6600,20.9600,30,4.1,335,22,103,"Konstantinou et al., 2010",,-,S,,,,,,,,,,,,,,,,,,,,
2005-11-12-21-52-11,2005,11,12,21,52,10.8,38.2800,22.0500,23,4.0,31,54,33,"Konstantinou et al., 2010",,-,S,,,,,,,,,,,,,,,,,,,,
2005-11-15-05-51-32,2005,11,15,5,51,32.1,40.3200,25.2800,10,4.1,341,64,8,NOA,,-,S,,,,,,,,,,,,,,,,,,,,
2005-11-16-05-41-16,2005,11,16,5,41,16.0,38.1400,26.7600,12,4.1,357,80,4,NOA,,-,S,,,,,,,,,,,,,,,,,,,,
2005-11-19-17-26-33,2005,11,19,17,26,33.0,35.2000,26.1000,16,4.2,115,55,-140,NKUA,,-,S,,,,,,,,,,,,,,,,,,,,
2005-11-20-21-20-58,2005,11,20,21,20,58.0,35.2100,27.2400,65,4.4,129,48,160,NOA,,-,S,,,,,,,,,,,,,,,,,,,,
2005-11-25-09-31-10,2005,11,25,9,31,3.7,35.6000,23.5000,35,5.2,300,19,56,AUTH,,-,P,24.4,,,,,,,,,,,,,,,,,,,
2005-11-26-04-51-17,2005,11,26,4,51,17.0,34.7300,25.2100,44,4.5,186,43,44,MED_RCMT (NEIC),moment tensor inversion,from RCMT,P,0.0,,,,,,,,,,,,,,,,,,,
2005-12-09-14-33-20,2005,12,9,14,33,20.0,35.0800,27.3000,13,4.7,262,50,-3,NOA,,-,P,37.8,GCMT (PDE),2005,12,9,14,33,20.2,35.24,27.18,24,4.7,216,39,-27,-0.2,20.8,-11,0.0,34.8
2005-12-19-17-44-48,2005,12,19,17,44,48.0,39.1600,20.8800,3,4.1,241,54,-170,NOA,,relocated,S,,,,,,,,,,,,,,,,,,,,
2005-12-22-09-13-10,2005,12,22,9,13,10.0,35.9300,26.6900,70,4.1,305,72,1,NOA,,-,S,,,,,,,,,,,,,,,,,,,,
2005-12-23-07-09-57,2005,12,23,7,9,57.0,35.3900,23.2300,35,4.2,174,74,3,NKUA,,-,S,,,,,,,,,,,,,,,,,,,,
2005-12-24-00-14-26,2005,12,24,0,14,26.0,39.0200,23.3800,25,4.3,304,67,-2,NOA,,-,S,,,,,,,,,,,,,,,,,,,,
2005-12-24-03-56-07,2005,12,24,3,56,7.3,38.8000,27.7800,14,4.6,355,49,-15,MED_RCMT (NEIC),,-,P,0.0,,,,,,,,,,,,,,,,,,,
2005-12-26-05-53-32,2005,12,26,5,53,32.0,41.1500,20.0300,13,4.1,359,44,-138,NOA,,-,S,,,,,,,,,,,,,,,,,,,,
2006-01-07-05-11-18,2006,1,7,5,11,17.8,38.1100,20.3000,18,4.1,52,53,-152,"Konstantinou et al., 2010",,relocated,S,,,,,,,,,,,,,,,,,,,,
2006-01-08-11-35-00,2006,1,8,11,35,28.6,36.2000,23.4000,64,6.7,71,52,120,AUTH,moment tensor inversion,extracted from old EMSC DB,P,12.9,GCMT (PDE),2006,1,8,11,34,55.6,36.31,23.21,66,6.5,201,44,55,33.0,21.0,-2,0.2,6.2
2006-01-11-10-34-48,2006,1,11,10,34,48.0,36.0400,23.3100,45,4.3,284,40,60,NOA,,-,S,,,,,,,,,,,,,,,,,,,,
2006-02-01-11-51-24,2006,2,1,11,51,24.2,35.2500,27.6700,25,4.5,128,73,-173,MED_RCMT (NEIC),,-,P,0.0,,,,,,,,,,,,,,,,,,,
2006-02-20-17-20-10,2006,2,20,17,20,11.0,41.6600,25.6100,60,4.6,217,80,-172,MED_RCMT (NEIC),moment tensor inversion,from RCMT,P,41.6,,,,,,,,,,,,,,,,,,,
2006-02-21-07-30-34,2006,2,21,7,30,34.0,39.1600,24.3200,10,4.6,230,62,-178,MED_RCMT (NEIC),,-,P,0.0,,,,,,,,,,,,,,,,,,,
2006-02-22-05-38-24,2006,2,22,5,38,24.0,35.3400,27.1200,22,4.7,237,69,5,MED_RCMT (NEIC),moment tensor inversion,from RCMT,P,70.3,,,,,,,,,,,,,,,,,,,
2006-03-14-09-17-09,2006,3,14,9,16,57.9,37.7400,19.9000,9,4.7,236,87,-167,Roumelioti et al. (2011),moment tensor inversion,"Aegean, 2006-2007",P,27.3,,,,,,,,,,,,,,,,,,,
2006-03-23-05-05-23,2006,3,23,5,5,22.7,38.9000,21.1400,22,4.0,202,76,175,"Konstantinou et al., 2010",,-,S,,,,,,,,,,,,,,,,,,,,
2006-03-28-12-23-57,2006,3,28,12,23,57.0,36.3000,26.7100,85,4.0,356,14,-82,NOA,,-,S,,,,,,,,,,,,,,,,,,,,
2006-04-03-00-49-42,2006,4,3,0,49,42.8,37.5900,20.9500,7,4.9,124,77,67,Roumelioti et al. (2011),moment tensor inversion,"Aegean, 2006-2007",P,39.7,GCMT (PDEW),2006,4,3,0,49,42.8,37.59,20.95,20,4.8,18,39,126,0.0,0.0,-13,0.1,36.4
2006-04-04-22-05-01,2006,4,4,22,5,3.5,37.5900,20.9300,6,5.6,356,17,152,Roumelioti et al. (2011),moment tensor inversion,"Aegean, 2006-2007",P,45.8,GCMT (PDEW),2006,4,4,22,5,5.1,37.64,20.96,16.8,5.5,357,26,109,-1.6,6.1,-10.8,0.1,44.8
2006-04-09-23-27-17,2006,4,9,23,27,14.5,35.1600,27.2600,10,5.2,201,34,-36,ETHZ (ISC),,-,P,42.0,GCMT (PDEW),2006,4,9,23,27,19.8,35.17,27.24,32.6,4.9,144,36,-117,-5.3,2.1,-22.6,0.3,45.6
2006-04-10-21-10-21,2006,4,10,21,10,21.0,37.7100,20.9600,27,4.1,190,59,7,"Konstantinou et al., 2010",,-,S,,,,,,,,,,,,,,,,,,,,
2006-04-10-21-21-24,2006,4,10,21,21,24.0,37.6300,20.9300,9,4.4,156,74,85,Serpetsidaki et al. (2010),ISOLA,"Zakynthos, April 2006 swarm",P,15.2,,,,,,,,,,,,,,,,,,,
2006-04-11-00-02-41,2006,4,11,0,2,41.5,37.6400,20.9200,7,5.5,357,19,154,Roumelioti et al. (2011),moment tensor inversion,"Aegean, 2006-2007",P,43.7,GCMT (PDEW),2006,4,11,0,2,41.5,37.64,20.92,18,5.5,9,27,128,0.0,0.0,-11,0.0,38.2
2006-04-11-00-23-33,2006,4,11,0,23,33.2,37.6400,20.9600,27,4.0,76,63,163,"Konstantinou et al., 2010",,-,S,,,,,,,,,,,,,,,,,,,,
2006-04-11-01-02-36,2006,4,11,1,2,36.0,37.6000,20.9200,11,4.1,147,86,88,Serpetsidaki et al. (2010),ISOLA,"Zakynthos, April 2006 swarm",P,20.9,,,,,,,,,,,,,,,,,,,
2006-04-11-17-29-28,2006,4,11,17,29,28.0,37.6600,20.9000,13,5.4,202,83,115,Serpetsidaki et al. (2010),ISOLA,"Zakynthos, April 2006 swarm",P,53.3,GCMT (PDEW),2006,4,11,17,29,28.4,37.68,20.91,18,5.5,21,36,119,-0.4,2.4,-5,-0.1,51.6
2006-04-12-16-51-52,2006,4,12,16,52,1.0,37.6000,20.9300,14,5.4,158,80,87,Serpetsidaki et al. (2010),ISOLA,"Zakynthos, April 2006 swarm",P,22.0,GCMT (PDEW),2006,4,12,16,52,1.2,37.61,20.95,19,5.7,1,25,118,-0.2,2.1,-5,-0.3,15.7
2006-04-12-16-56-23,2006,4,12,16,56,23.0,37.6500,20.8900,14,5.2,328,30,92,MED_RCMT (NEIC),moment tensor inversion,from RCMT,S,,,,,,,,,,,,,,,,,,,,
2006-04-12-17-56-24,2006,4,12,17,56,24.0,37.6300,20.8700,10,5.0,165,75,96,Serpetsidaki et al. (2010),ISOLA,"Zakynthos, April 2006 swarm",S,,,,,,,,,,,,,,,,,,,,
2006-04-12-21-27-57,2006,4,12,21,27,57.0,37.6700,20.9200,15,4.1,152,72,90,Serpetsidaki et al. (2010),ISOLA,"Zakynthos, April 2006 swarm",P,53.5,,,,,,,,,,,,,,,,,,,
2006-04-13-16-18-34,2006,4,13,16,18,34.0,38.2000,26.5000,8,4.2,86,55,38,KOERI,,-,S,,,,,,,,,,,,,,,,,,,,
2006-04-13-23-21-42,2006,4,13,23,21,43.0,37.6600,20.8800,16,4.1,154,65,101,Serpetsidaki et al. (2010),ISOLA,"Zakynthos, April 2006 swarm",P,19.7,,,,,,,,,,,,,,,,,,,
2006-04-13-23-25-29,2006,4,13,23,25,28.0,37.7200,20.8500,28,4.1,158,71,93,Serpetsidaki et al. (2010),ISOLA,"Zakynthos, April 2006 swarm",P,33.9,,,,,,,,,,,,,,,,,,,
2006-04-15-21-15-10,2006,4,15,21,15,11.0,37.6200,20.9700,11,4.8,152,78,179,Serpetsidaki et al. (2010),ISOLA,"Zakynthos, April 2006 swarm",P,96.3,GCMT (PDEW),2006,4,15,21,15,11.4,37.64,21,15,4.8,18,36,136,-0.4,3.5,-4,0.0,97.5
2006-04-17-08-54-40,2006,4,17,8,54,40.0,37.6100,20.9700,10,4.7,142,87,68,Serpetsidaki et al. (2010),ISOLA,"Zakynthos, April 2006 swarm",P,46.0,,,,,,,,,,,,,,,,,,,
2006-04-17-09-42-19,2006,4,17,9,42,19.2,35.8100,20.1500,16,4.5,126,68,-178,MED_RCMT (NEIC),,-,P,0.0,,,,,,,,,,,,,,,,,,,
2006-04-18-03-54-32,2006,4,18,3,54,32.8,37.5300,21.0000,16,4.7,44,78,-165,Roumelioti et al. (2011),moment tensor inversion,"Aegean, 2006-2007",P,36.9,,,,,,,,,,,,,,,,,,,
2006-04-19-05-40-41,2006,4,19,5,40,42.0,36.6700,26.9400,131,4.6,337,57,169,MED_RCMT (NEIC),moment tensor inversion,from RCMT,P,42.0,,,,,,,,,,,,,,,,,,,
2006-04-19-15-16-25,2006,4,19,15,16,26.0,37.6600,20.8100,11,5.0,146,73,92,Serpetsidaki et al. (2010),ISOLA,"Zakynthos, April 2006 swarm",P,24.1,GCMT (PDEW),2006,4,19,15,16,24.6,37.66,20.93,19,5.2,345,33,126,1.4,10.6,-8,-0.2,26.7
2006-04-20-00-10-22,2006,4,20,0,10,21.9,37.7100,20.8700,22,4.2,25,29,126,"Konstantinou et al., 2010",,relocated,S,,,,,,,,,,,,,,,,,,,,
2006-04-21-07-49-45,2006,4,21,7,49,44.5,37.7400,20.9000,12,4.0,360,29,131,"Konstantinou et al., 2010",,relocated,S,,,,,,,,,,,,,,,,,,,,
2006-05-05-06-16-11,2006,5,5,6,16,11.0,38.3100,22.6700,10,4.1,58,49,-156,NOA,,-,S,,,,,,,,,,,,,,,,,,,,
2006-05-08-07-34-54,2006,5,8,7,34,53.9,37.7300,20.9500,5,4.1,288,21,38,"Konstantinou et al., 2010",,-,S,,,,,,,,,,,,,,,,,,,,
2006-05-10-00-44-33,2006,5,10,0,44,33.0,40.2300,19.3100,5,4.5,292,72,10,MED_RCMT (NEIC),moment tensor inversion,from RCMT,P,0.0,,,,,,,,,,,,,,,,,,,
2006-05-10-07-01-53,2006,5,10,7,1,42.8,40.5200,23.4200,6,4.4,251,47,-106,Roumelioti et al. (2011),moment tensor inversion,"Aegean, 2006-2007",P,18.5,,,,,,,,,,,,,,,,,,,
2006-05-10-21-33-06,2006,5,10,21,33,6.0,40.0600,19.7800,18,4.3,289,59,7,MED_RCMT (NEIC),moment tensor inversion,from RCMT,P,0.0,,,,,,,,,,,,,,,,,,,
2006-05-11-01-47-47,2006,5,11,1,47,47.0,36.2200,23.5200,75,4.3,285,43,88,NOA,,-,S,,,,,,,,,,,,,,,,,,,,
2006-05-15-04-22-38,2006,5,15,4,22,40.0,35.7700,25.9900,70,4.5,48,54,168,MED_RCMT (NEIC),moment tensor inversion,from RCMT,P,61.3,,,,,,,,,,,,,,,,,,,
2006-05-15-04-42-50,2006,5,15,4,42,50.0,35.2000,23.5000,32,4.1,263,59,144,NKUA,,-,S,,,,,,,,,,,,,,,,,,,,
2006-05-15-21-09-20,2006,5,15,21,9,20.9,37.4000,22.2000,4,4.0,209,40,-43,AUTH,moment tensor inversion,extracted from old EMSC DB,S,,,,,,,,,,,,,,,,,,,,
2006-05-18-02-25-20,2006,5,18,2,25,28.8,40.2300,22.5400,8,4.2,83,46,-86,Roumelioti et al. (2011),moment tensor inversion,"Aegean, 2006-2007",P,5.4,,,,,,,,,,,,,,,,,,,
2006-05-25-23-14-36,2006,5,25,23,14,36.9,36.8700,20.3400,35,4.8,346,23,129,GCMT (PDEW),moment tensor inversion,"extracted from ndk file, mag is probably MS",P,50.6,GCMT (PDEW),2006,5,25,23,14,36.9,36.87,20.34,35,4.8,346,23,129,0.0,0.0,0,0.0,0.0
2006-06-05-04-23-29,2006,6,5,4,23,29.0,37.9300,28.6700,5,4.5,295,34,-88,GCMT (PDEW),moment tensor inversion,"extracted from ndk file, mag is probably MS",P,15.3,GCMT (PDEW),2006,6,5,4,23,29.0,37.93,28.67,5,4.5,295,34,-88,0.0,0.0,0,0.0,0.0
2006-06-08-14-38-43,2006,6,8,14,38,36.9,38.6100,23.7500,8,4.2,264,55,-83,Roumelioti et al. (2011),moment tensor inversion,"Aegean, 2006-2007",P,4.3,,,,,,,,,,,,,,,,,,,
2006-06-13-02-25-59,2006,6,13,2,25,59.0,37.7900,22.0600,120,4.1,263,32,-159,"Konstantinou et al., 2010",,-,S,,,,,,,,,,,,,,,,,,,,
2006-06-13-14-15-38,2006,6,13,14,15,38.2,40.2700,19.9600,10,4.7,283,67,25,MED_RCMT (NEIC),,-,P,0.0,,,,,,,,,,,,,,,,,,,
2006-06-14-09-57-15,2006,6,14,9,57,14.8,37.1000,22.3000,50,4.1,186,62,-6,UPSL,,-,S,,,,,,,,,,,,,,,,,,,,
2006-06-15-23-36-42,2006,6,15,23,36,42.0,41.1200,20.0400,11,4.3,271,68,-22,MED_RCMT (NEIC),moment tensor inversion,from RCMT,P,0.0,,,,,,,,,,,,,,,,,,,
2006-06-17-12-13-59,2006,6,17,12,14,0.0,34.2800,25.0800,28,4.8,107,32,-107,MED_RCMT (NEIC),moment tensor inversion,from RCMT,P,91.3,,,,,,,,,,,,,,,,,,,
2006-06-21-14-58-48,2006,6,21,14,58,47.5,38.4000,23.6000,10,4.8,140,35,-50,NKUA,,-,S,,,,,,,,,,,,,,,,,,,,
2006-06-21-15-53-41,2006,6,21,15,53,41.0,34.3000,22.2000,25,4.6,236,40,45,NKUA,,-,S,,,,,,,,,,,,,,,,,,,,
2006-06-21-15-54-44,2006,6,21,15,54,44.6,39.0100,20.5900,10,5.2,11,67,-179,GCMT (PDEW),moment tensor inversion,"extracted from ndk file, mag is probably MS",P,25.6,GCMT (PDEW),2006,6,21,15,54,44.6,39.01,20.59,10,5.2,11,67,-179,0.0,0.0,0,0.0,0.0
2006-06-21-15-55-44,2006,6,21,15,55,44.8,38.9000,20.6000,11,4.8,171,87,164,AUTH,moment tensor inversion,extracted from old EMSC DB,S,,ISC (GCMT),2006,6,21,15,54,46.5,38.93,20.35,24.5,5,11,67,-179,58.3,21.9,-13.5,-0.2,37.3
2006-06-24-02-49-05,2006,6,24,2,49,26.5,38.3600,20.5000,6,4.6,323,84,12,Roumelioti et al. (2011),moment tensor inversion,"Aegean, 2006-2007",P,33.8,GCMT (PDEW),2006,6,24,2,49,26.4,38.36,20.5,14,5,46,77,167,0.1,0.0,-8,-0.4,31.8
2006-06-26-00-51-43,2006,6,26,0,51,43.0,34.9700,26.4900,25,4.4,341,58,-172,NOA,,-,S,,,,,,,,,,,,,,,,,,,,
2006-07-09-03-12-56,2006,7,9,3,12,56.0,36.5600,27.0600,90,4.4,212,50,133,NOA,,-,S,,,,,,,,,,,,,,,,,,,,
2006-07-12-14-40-58,2006,7,12,14,40,55.5,38.8100,26.7500,7,4.3,280,60,-113,Roumelioti et al. (2011),moment tensor inversion,"Aegean, 2006-2007",P,57.2,,,,,,,,,,,,,,,,,,,
2006-07-13-15-13-23,2006,7,13,15,13,4.0,35.7000,27.1000,25,4.3,152,51,-118,AUTH,moment tensor inversion,extracted from old EMSC DB,P,72.5,,,,,,,,,,,,,,,,,,,
2006-07-14-09-57-17,2006,7,14,9,57,14.8,37.1000,22.3000,50,4.1,186,62,-6,UPSL,,-,P,0.0,,,,,,,,,,,,,,,,,,,
2006-07-20-15-57-43,2006,7,20,15,57,38.9,37.7000,21.3700,10,4.1,164,48,81,Roumelioti et al. (2011),moment tensor inversion,"Aegean, 2006-2007",P,31.9,,,,,,,,,,,,,,,,,,,
2006-07-30-04-03-41,2006,7,30,4,3,12.7,37.4000,21.1000,11,4.4,24,48,-93,AUTH,moment tensor inversion,extracted from old EMSC DB,P,102.9,,,,,,,,,,,,,,,,,,,
2006-08-03-07-23-44,2006,8,3,7,23,44.8,37.9000,20.9000,18,4.0,20,61,-84,AUTH,moment tensor inversion,extracted from old EMSC DB,P,35.0,,,,,,,,,,,,,,,,,,,
2006-08-06-07-48-57,2006,8,6,7,49,20.0,40.1000,19.8000,12,4.7,29,67,-160,AUTH,moment tensor inversion,extracted from old EMSC DB,P,81.1,GCMT (PDEW),2006,8,6,7,49,46.8,40.16,19.74,8.8,5.1,20,44,146,-26.8,8.4,3.2,-0.4,54.1
2006-08-06-07-49-47,2006,8,6,7,49,46.8,40.1600,19.7400,9,5.1,20,44,146,GCMT (PDEW),moment tensor inversion,"extracted from ndk file, mag is probably MS",P,8.9,GCMT (PDEW),2006,8,6,7,49,46.8,40.16,19.74,8.8,5.1,20,44,146,0.0,0.0,0,0.0,0.0
2006-08-08-21-18-58,2006,8,8,21,18,58.0,35.0000,21.5000,25,4.7,165,45,55,NKUA,,-,S,,,,,,,,,,,,,,,,,,,,
2006-08-08-21-20-06,2006,8,8,21,20,8.3,40.1000,19.7200,7,4.8,124,63,33,Roumelioti et al. (2011),moment tensor inversion,"Aegean, 2006-2007",P,27.8,GCMT (PDEW),2006,8,8,21,20,9.0,40.19,19.75,11.5,5,13,38,138,-0.7,10.3,-4.5,-0.2,24.4
2006-08-09-02-10-01,2006,8,9,2,10,1.2,40.1100,19.5900,19,4.2,312,69,16,MED_RCMT (NEIC),,-,P,0.0,,,,,,,,,,,,,,,,,,,
2006-08-13-10-35-10,2006,8,13,10,35,12.7,34.4200,26.5700,33,5.0,107,76,169,GCMT (PDEW),moment tensor inversion,"extracted from ndk file, mag is probably MS",P,66.3,GCMT (PDEW),2006,8,13,10,35,12.7,34.42,26.57,32.5,5,107,76,169,0.0,0.0,0,0.0,0.0
2006-08-16-18-56-39,2006,8,16,18,56,40.9,38.5400,24.0000,12,4.4,125,49,-79,Roumelioti et al. (2011),moment tensor inversion,"Aegean, 2006-2007",P,40.9,,,,,,,,,,,,,,,,,,,
2006-08-16-19-17-48,2006,8,16,19,17,48.0,34.1000,26.5000,40,4.5,20,85,175,NKUA,,-,S,,,,,,,,,,,,,,,,,,,,
2006-08-18-10-12-35,2006,8,18,10,12,35.0,40.1200,19.7000,8,4.1,93,73,47,Roumelioti et al. (2011),moment tensor inversion,"Aegean, 2006-2007",S,,,,,,,,,,,,,,,,,,,,
2006-08-19-02-43-18,2006,8,19,2,43,18.0,38.7000,21.2500,15,4.1,132,71,9,NOA,,-,S,,,,,,,,,,,,,,,,,,,,
2006-08-22-09-23-20,2006,8,22,9,23,21.2,35.2400,27.1200,31,4.6,5,10,8,GCMT (PDEW),moment tensor inversion,"extracted from ndk file, mag is probably MS",P,52.2,GCMT (PDEW),2006,8,22,9,23,21.2,35.24,27.12,31,4.6,5,10,8,0.0,0.0,0,0.0,0.0
2006-08-28-22-49-14,2006,8,28,22,48,59.8,38.0600,20.3400,10,4.6,128,84,89,Roumelioti et al. (2011),moment tensor inversion,"Aegean, 2006-2007",P,22.1,,,,,,,,,,,,,,,,,,,
2006-09-06-09-47-37,2006,9,6,9,47,37.0,38.6500,21.2900,15,4.0,146,24,-64,NKUA,,relocated,S,,,,,,,,,,,,,,,,,,,,
2006-09-08-22-39-10,2006,9,8,22,39,10.3,36.3700,27.7100,77,4.4,357,67,166,MED_RCMT (NEIC),,-,P,0.0,,,,,,,,,,,,,,,,,,,
2006-09-10-04-40-50,2006,9,10,4,40,50.0,38.1500,22.7300,5,4.2,99,26,-73,NKUA,,-,S,,,,,,,,,,,,,,,,,,,,
2006-09-18-16-57-31,2006,9,18,16,57,27.6,37.5600,20.7800,10,4.3,146,69,73,Roumelioti et al. (2011),moment tensor inversion,"Aegean, 2006-2007",P,37.5,,,,,,,,,,,,,,,,,,,
2006-09-30-22-45-45,2006,9,30,22,45,20.9,36.9000,21.7000,7,4.0,106,77,85,UPSL,moment tensor inversion,extracted from old EMSC DB,P,0.0,,,,,,,,,,,,,,,,,,,
2006-10-03-15-58-04,2006,10,3,15,58,10.7,39.5300,20.6900,12,4.0,330,54,61,Roumelioti et al. (2011),moment tensor inversion,"Aegean, 2006-2007",P,82.2,,,,,,,,,,,,,,,,,,,
2006-10-12-13-31-01,2006,10,12,13,31,2.0,34.5400,26.4700,22,4.9,274,48,56,MED_RCMT (NEIC),moment tensor inversion,from RCMT,P,55.5,,,,,,,,,,,,,,,,,,,
2006-10-13-23-50-40,2006,10,13,23,50,40.2,38.5700,21.3900,5,4.2,242,13,-107,MED_RCMT (NEIC),,relocated,P,0.0,,,,,,,,,,,,,,,,,,,
2006-10-19-09-34-21,2006,10,19,9,33,52.2,42.3000,19.8000,15,4.4,249,64,44,AUTH,moment tensor inversion,extracted from old EMSC DB,P,91.6,,,,,,,,,,,,,,,,,,,
2006-10-19-09-34-54,2006,10,19,9,34,54.2,42.3000,19.8000,15,4.4,136,51,146,AUTH,,-,S,,,,,,,,,,,,,,,,,,,,
2006-10-20-18-14-24,2006,10,20,18,14,24.0,40.2000,27.8000,6,4.8,83,51,-139,AUTH,moment tensor inversion,extracted from old EMSC DB,S,,,,,,,,,,,,,,,,,,,,
2006-10-20-18-15-25,2006,10,20,18,15,25.0,40.2700,28.0100,10,4.8,342,76,2,NOA,,-,P,21.5,,,,,,,,,,,,,,,,,,,
2006-10-24-03-39-31,2006,10,24,3,39,37.0,35.2600,27.1200,24,4.8,113,30,-173,MED_RCMT (NEIC),moment tensor inversion,from RCMT,P,93.9,,,,,,,,,,,,,,,,,,,
2006-10-24-14-00-23,2006,10,24,14,0,23.3,40.4600,28.9800,14,5.0,133,57,-32,ISC (GCMT),moment tensor inversion,extracted from reviewed ISC FMCSV,S,,ISC (GCMT),2006,10,24,14,0,23.3,40.46,28.98,14.3,5,133,57,-32,0.0,0.0,0,0.0,0.0
2006-11-03-10-50-52,2006,11,3,10,50,52.0,36.3200,19.4400,100,4.8,281,74,-12,MED_RCMT (NEIC),,-,P,0.0,,,,,,,,,,,,,,,,,,,
2006-11-23-13-21-50,2006,11,23,13,21,42.0,40.0300,20.6300,35,4.2,265,38,12,NOA,,-,P,25.1,,,,,,,,,,,,,,,,,,,
2006-11-24-17-16-57,2006,11,24,17,16,56.9,37.1600,21.5800,28,4.4,203,52,160,NKUA,,-,S,,,,,,,,,,,,,,,,,,,,
2006-11-25-09-31-04,2006,11,25,9,31,3.7,35.6000,23.5000,35,5.2,300,19,56,AUTH,,-,S,,,,,,,,,,,,,,,,,,,,
2006-11-25-11-46-08,2006,11,25,11,46,8.3,39.1000,22.6000,8,4.0,85,72,-106,AUTH,moment tensor inversion,extracted from old EMSC DB,S,,,,,,,,,,,,,,,,,,,,
2006-11-26-17-58-06,2006,11,26,17,58,6.1,35.4000,23.3600,14,4.7,30,43,-62,MED_RCMT (NEIC),,-,P,0.0,,,,,,,,,,,,,,,,,,,
2006-11-30-18-45-37,2006,11,30,18,45,37.0,36.4800,26.9400,95,4.1,84,44,163,NOA,,-,S,,,,,,,,,,,,,,,,,,,,
2006-12-02-10-26-53,2006,12,2,10,26,52.8,34.7200,26.9800,50,4.6,160,62,-167,NKUA,,-,S,,,,,,,,,,,,,,,,,,,,
2006-12-12-05-50-45,2006,12,12,5,50,45.0,38.6100,23.3600,20,4.0,47,18,-141,NOA,,-,S,,,,,,,,,,,,,,,,,,,,
2006-12-19-19-15-37,2006,12,19,19,15,37.0,40.4000,28.3000,16,4.3,182,40,172,KOERI,,-,S,,,,,,,,,,,,,,,,,,,,
2006-12-21-18-31-01,2006,12,21,18,31,28.7,39.3000,23.6000,6,5.0,231,85,-158,AUTH,moment tensor inversion,extracted from old EMSC DB,P,24.8,GCMT (PDEW),2006,12,21,18,30,52.9,39.32,23.6,23,5.4,238,75,-166,35.8,2.2,-17,-0.4,15.2
2006-12-24-10-26-28,2006,12,24,10,26,29.0,35.1200,26.9000,18,4.8,263,72,10,MED_RCMT (NEIC),moment tensor inversion,from RCMT,P,85.1,,,,,,,,,,,,,,,,,,,
2006-12-25-14-09-00,2006,12,25,14,9,0.1,34.9000,22.6000,20,4.5,152,48,121,NKUA,,-,S,,,,,,,,,,,,,,,,,,,,
2007-01-08-03-35-45,2007,1,8,3,35,45.0,39.4800,25.8200,14,4.0,224,40,172,NKUA,,-,S,,,,,,,,,,,,,,,,,,,,
2007-01-10-01-54-55,2007,1,10,1,54,55.0,38.6400,23.8300,30,4.0,202,40,-61,NOA,,-,S,,,,,,,,,,,,,,,,,,,,
2007-01-18-22-25-20,2007,1,18,22,25,23.0,34.8400,22.6700,39,5.0,300,40,111,MED_RCMT (NEIC),moment tensor inversion,from RCMT,P,34.2,,,,,,,,,,,,,,,,,,,
2007-01-23-21-21-59,2007,1,23,21,22,0.8,38.1300,28.8200,27,4.6,301,28,-103,GCMT (PDEW),moment tensor inversion,"extracted from ndk file, mag is probably MS",P,27.5,GCMT (PDEW),2007,1,23,21,22,0.8,38.13,28.82,26.6,4.6,301,28,-103,0.0,0.0,0,0.0,0.0
2007-01-25-21-09-46,2007,1,25,21,9,48.0,35.0300,23.2300,43,4.7,190,32,-92,MED_RCMT (NEIC),moment tensor inversion,from RCMT,P,85.9,,,,,,,,,,,,,,,,,,,
2007-01-26-10-44-56,2007,1,26,10,44,56.0,39.8000,24.1700,5,4.3,1,78,-11,NOA,,-,S,,,,,,,,,,,,,,,,,,,,
2007-02-02-12-06-28,2007,2,2,12,6,28.0,39.5000,20.6700,8,4.6,292,80,16,Roumelioti et al. (2011),moment tensor inversion,"Aegean, 2006-2007",P,52.8,,,,,,,,,,,,,,,,,,,
2007-02-02-12-07-28,2007,2,2,12,7,28.0,39.4000,20.8000,4,4.6,214,60,-132,AUTH,moment tensor inversion,extracted from old EMSC DB,S,,,,,,,,,,,,,,,,,,,,
2007-02-03-13-43-24,2007,2,3,13,43,28.0,35.9000,22.6000,60,5.4,9,86,-10,AUTH,moment tensor inversion,extracted from old EMSC DB,P,15.5,GCMT (PDEW),2007,2,3,13,43,23.1,35.81,22.43,59.1,5.2,93,68,173,4.9,18.3,0.9,0.2,16.4
2007-02-06-01-58-12,2007,2,6,1,58,12.3,35.7200,29.7600,3,4.8,223,42,-32,MED_RCMT (NEIC),,-,P,0.0,,,,,,,,,,,,,,,,,,,
2007-02-07-23-13-27,2007,2,7,23,13,27.7,40.1100,19.6400,6,4.0,179,73,126,Roumelioti et al. (2011),moment tensor inversion,"Aegean, 2006-2007",S,,,,,,,,,,,,,,,,,,,,
2007-02-10-09-12-53,2007,2,10,9,12,54.0,35.0900,21.2700,10,5.0,7,57,142,MED_RCMT (NEIC),moment tensor inversion,from RCMT,P,93.1,,,,,,,,,,,,,,,,,,,
2007-02-11-06-21-52,2007,2,11,6,21,53.0,35.3800,21.3000,13,4.8,266,76,-13,MED_RCMT (NEIC),moment tensor inversion,from RCMT,P,80.9,,,,,,,,,,,,,,,,,,,
2007-02-15-03-15-51,2007,2,15,3,15,51.0,35.9000,28.2000,50,4.2,225,38,-110,NKUA,,-,S,,,,,,,,,,,,,,,,,,,,
2007-02-21-02-04-25,2007,2,21,2,4,38.7,40.5100,22.4100,4,4.1,241,69,-104,Roumelioti et al. (2011),moment tensor inversion,"Aegean, 2006-2007",P,28.1,,,,,,,,,,,,,,,,,,,
2007-02-28-00-25-22,2007,2,28,0,25,15.6,39.9500,23.8900,12,4.0,280,60,-120,Roumelioti et al. (2011),moment tensor inversion,"Aegean, 2006-2007",P,10.4,,,,,,,,,,,,,,,,,,,
2007-02-28-04-54-37,2007,2,28,4,54,36.7,36.3000,21.8000,14,4.7,244,88,2,AUTH,,-,S,,,,,,,,,,,,,,,,,,,,
2007-03-03-14-56-24,2007,3,3,14,56,24.7,40.2300,19.3600,4,4.0,188,61,121,Roumelioti et al. (2011),moment tensor inversion,"Aegean, 2006-2007",S,,,,,,,,,,,,,,,,,,,,
2007-03-04-16-14-40,2007,3,4,16,14,32.5,40.0000,25.3000,3,4.1,147,79,-11,Roumelioti et al. (2011),moment tensor inversion,"Aegean, 2006-2007",P,23.1,,,,,,,,,,,,,,,,,,,
2007-03-19-20-54-11,2007,3,19,20,54,24.5,38.5000,22.1000,6,4.0,303,70,-68,UPSL,moment tensor inversion,extracted from old EMSC DB,P,51.1,,,,,,,,,,,,,,,,,,,
2007-03-20-16-55-13,2007,3,20,16,54,42.6,38.7000,22.8000,4,4.4,308,36,-48,AUTH,,-,P,25.7,,,,,,,,,,,,,,,,,,,
2007-03-25-13-58-05,2007,3,25,13,57,58.2,38.3400,20.4200,11,5.7,219,83,-167,Roumelioti et al. (2011),moment tensor inversion,"Aegean, 2006-2007",P,31.6,GCMT (PDEW),2007,3,25,13,57,58.2,38.34,20.42,15,5.8,30,65,164,0.0,0.0,-4,-0.1,33.2
2007-03-25-14-54-12,2007,3,25,14,54,19.8,38.3400,20.3800,2,4.1,30,85,-175,Roumelioti et al. (2011),moment tensor inversion,"Aegean, 2006-2007",P,34.8,,,,,,,,,,,,,,,,,,,
2007-03-25-15-16-45,2007,3,25,15,16,35.0,38.3400,20.4800,6,4.1,111,89,-8,Roumelioti et al. (2011),moment tensor inversion,"Aegean, 2006-2007",P,24.9,,,,,,,,,,,,,,,,,,,
2007-03-25-18-57-15,2007,3,25,18,57,19.3,38.2200,20.3000,6,4.7,296,88,-2,Roumelioti et al. (2011),moment tensor inversion,"Aegean, 2006-2007",P,23.0,,,,,,,,,,,,,,,,,,,
2007-03-26-02-19-12,2007,3,26,2,19,34.1,38.2500,20.3700,6,4.5,113,87,-6,Roumelioti et al. (2011),moment tensor inversion,"Aegean, 2006-2007",P,32.0,,,,,,,,,,,,,,,,,,,
2007-03-29-18-19-00,2007,3,29,18,19,0.0,35.2400,21.1900,22,4.2,20,42,-9,NKUA,,-,S,,,,,,,,,,,,,,,,,,,,
2007-04-03-07-53-10,2007,4,3,7,53,10.0,35.3400,20.4200,12,4.0,298,35,11,NKUA,,-,S,,,,,,,,,,,,,,,,,,,,
2007-04-09-23-27-34,2007,4,9,23,27,15.8,38.5400,21.6300,6,4.4,337,58,-42,Roumelioti et al. (2011),moment tensor inversion,"Aegean, 2006-2007",P,16.0,,,,,,,,,,,,,,,,,,,
2007-04-10-03-18-04,2007,4,10,3,17,56.1,38.5500,21.6300,6,5.0,332,57,-51,Roumelioti et al. (2011),moment tensor inversion,"Aegean, 2006-2007",P,14.2,GCMT (PDEW),2007,4,10,3,17,56.3,38.55,21.64,2.7,5.4,320,41,-69,-0.2,0.9,3.3,-0.4,20.9
2007-04-10-07-13-03,2007,4,10,7,13,3.7,38.5300,21.6500,6,4.7,330,64,-51,Roumelioti et al. (2011),moment tensor inversion,"Aegean, 2006-2007",P,13.4,,,,,,,,,,,,,,,,,,,
2007-04-10-07-14-49,2007,4,10,7,14,12.4,38.5670,21.6240,12,4.4,348,59,-23,Kiratzi et al. (2008),moment tensor inversion,"Trichonida lake, 2007 swarm",P,36.5,,,,,,,,,,,,,,,,,,,
2007-04-10-07-15-40,2007,4,10,7,15,40.4,38.5600,21.5800,8,5.1,335,65,-33,Roumelioti et al. (2011),moment tensor inversion,"Aegean, 2006-2007",P,43.1,GCMT (PDEW),2007,4,10,7,15,41.6,38.53,21.54,6.3,4.6,281,44,-114,-1.2,4.8,1.7,0.5,66.3
2007-04-10-10-40-30,2007,4,10,10,41,0.1,38.5250,21.6470,22,5.2,325,64,-65,Kiratzi et al. (2008),moment tensor inversion,"Trichonida lake, 2007 swarm",P,16.1,GCMT (PDEW),2007,4,10,10,41,0.2,38.55,21.64,0.1,5.3,277,43,-124,-0.1,2.8,22.37,-0.1,51.4
2007-04-10-10-41-00,2007,4,10,10,41,0.2,38.5400,21.6000,8,5.1,337,66,-32,Roumelioti et al. (2011),moment tensor inversion,"Aegean, 2006-2007",P,54.3,GCMT (PDEW),2007,4,10,10,41,0.2,38.55,21.64,0.1,5.3,277,43,-124,0.0,3.7,7.9,-0.2,74.0
2007-04-12-03-37-58,2007,4,12,3,38,5.8,38.8200,20.5900,9,4.1,98,88,-6,Roumelioti et al. (2011),moment tensor inversion,"Aegean, 2006-2007",P,21.2,,,,,,,,,,,,,,,,,,,
2007-04-15-02-16-33,2007,4,15,2,16,35.6,38.5700,21.5800,4,4.1,306,56,-74,Roumelioti et al. (2011),moment tensor inversion,"Aegean, 2006-2007",P,23.8,,,,,,,,,,,,,,,,,,,
2007-04-16-07-38-50,2007,4,16,7,38,54.7,41.2400,20.0100,15,4.9,317,40,102,Roumelioti et al. (2011),moment tensor inversion,"Aegean, 2006-2007",P,18.6,,,,,,,,,,,,,,,,,,,
2007-04-16-16-18-52,2007,4,16,16,18,42.0,38.3000,20.3700,4,4.0,108,72,24,Roumelioti et al. (2011),moment tensor inversion,"Aegean, 2006-2007",P,37.0,,,,,,,,,,,,,,,,,,,
2007-04-19-10-15-57,2007,4,19,10,15,45.0,39.7000,24.2900,5,4.6,150,89,4,Roumelioti et al. (2011),moment tensor inversion,"Aegean, 2006-2007",P,11.9,,,,,,,,,,,,,,,,,,,
2007-04-19-13-34-05,2007,4,19,13,34,4.7,35.6000,26.5000,14,4.1,68,46,69,NKUA,,-,S,,,,,,,,,,,,,,,,,,,,
2007-04-28-08-55-02,2007,4,28,8,55,2.1,37.8310,20.9420,13,4.1,291,42,68,NKUA,,relocated,S,,,,,,,,,,,,,,,,,,,,
2007-05-07-01-34-18,2007,5,7,1,33,52.9,37.7000,21.0000,40,4.9,301,48,83,AUTH,moment tensor inversion,extracted from old EMSC DB,P,59.1,,,,,,,,,,,,,,,,,,,
2007-05-13-18-57-19,2007,5,13,18,57,18.9,34.1200,24.0900,30,4.4,183,52,154,NKUA,,-,S,,,,,,,,,,,,,,,,,,,,
2007-05-21-16-39-09,2007,5,21,16,39,8.7,35.1200,27.8100,10,4.8,1,39,-146,GCMT (PDEW),moment tensor inversion,"extracted from ndk file, mag is probably MS",P,51.3,GCMT (PDEW),2007,5,21,16,39,8.7,35.12,27.81,10,4.8,1,39,-146,0.0,0.0,0,0.0,0.0
2007-05-21-19-59-11,2007,5,21,19,59,12.0,34.7300,26.6300,62,4.7,60,35,-85,MED_RCMT (NEIC),moment tensor inversion,from RCMT,P,87.8,,,,,,,,,,,,,,,,,,,
2007-06-05-07-27-55,2007,6,5,7,27,53.7,38.7000,26.1000,7,4.0,152,84,13,Roumelioti et al. (2011),moment tensor inversion,"Aegean, 2006-2007",P,15.2,,,,,,,,,,,,,,,,,,,
2007-06-05-10-57-02,2007,6,5,10,57,2.2,36.3200,26.7400,80,4.3,310,82,176,NKUA,,-,S,,,,,,,,,,,,,,,,,,,,
2007-06-05-11-50-21,2007,6,5,11,50,20.5,38.5400,21.6500,4,4.8,313,22,-47,Roumelioti et al. (2011),moment tensor inversion,"Aegean, 2006-2007",P,31.3,GCMT (PDEW),2007,6,5,11,50,20.5,38.54,21.65,0,5.3,316,31,-64,0.0,0.0,4,-0.5,21.7
2007-06-07-19-24-33,2007,6,7,19,24,25.9,37.1100,20.9500,7,4.6,283,25,74,Roumelioti et al. (2011),moment tensor inversion,"Aegean, 2006-2007",P,7.9,,,,,,,,,,,,,,,,,,,
2007-06-12-13-12-55,2007,6,12,13,12,55.7,38.9000,26.3900,9,4.5,108,86,5,Roumelioti et al. (2011),moment tensor inversion,"Aegean, 2006-2007",S,,,,,,,,,,,,,,,,,,,,
2007-06-16-06-49-34,2007,6,16,6,49,33.5,39.7700,20.6900,14,4.0,122,49,82,Roumelioti et al. (2011),moment tensor inversion,"Aegean, 2006-2007",P,16.6,,,,,,,,,,,,,,,,,,,
2007-06-18-14-22-08,2007,6,18,14,22,8.0,41.0500,19.9800,7,4.4,78,75,-7,MED_RCMT (NEIC),moment tensor inversion,from RCMT,P,0.0,,,,,,,,,,,,,,,,,,,
2007-06-21-10-08-24,2007,6,21,10,8,32.6,39.4500,20.3800,6,4.1,109,51,57,Roumelioti et al. (2011),moment tensor inversion,"Aegean, 2006-2007",P,40.9,,,,,,,,,,,,,,,,,,,
2007-06-21-18-19-06,2007,6,21,18,19,5.9,35.2900,27.2700,39,4.1,101,37,95,NKUA,,-,S,,,,,,,,,,,,,,,,,,,,
2007-06-24-10-31-52,2007,6,24,10,31,52.8,37.2300,20.8000,10,4.5,246,55,-81,Roumelioti et al. (2011),moment tensor inversion,"Aegean, 2006-2007",P,70.9,,,,,,,,,,,,,,,,,,,
2007-06-24-18-37-38,2007,6,24,18,37,37.6,35.5800,25.2000,70,4.2,148,82,-7,NKUA,,-,S,,,,,,,,,,,,,,,,,,,,
2007-06-25-07-30-43,2007,6,25,7,30,55.6,38.9500,20.5400,10,4.2,103,74,-22,Roumelioti et al. (2011),moment tensor inversion,"Aegean, 2006-2007",P,27.6,,,,,,,,,,,,,,,,,,,
2007-06-29-18-09-20,2007,6,29,18,9,11.2,39.2500,20.2600,8,5.4,336,48,102,Roumelioti et al. (2011),moment tensor inversion,"Aegean, 2006-2007",P,28.3,GCMT (PDEW),2007,6,29,18,9,11.2,39.27,20.26,10,5.4,351,32,126,0.0,2.2,-2,0.0,22.3
2007-06-29-22-21-21,2007,6,29,22,21,13.8,39.3100,20.1600,6,4.9,346,37,143,Roumelioti et al. (2011),moment tensor inversion,"Aegean, 2006-2007",P,27.2,GCMT (PDEW),2007,6,29,22,21,13.8,39.31,20.16,0,5.1,344,34,127,0.0,0.0,6,-0.2,14.7
2007-07-06-19-01-38,2007,7,6,19,1,47.6,38.2400,22.6900,6,4.0,89,70,-106,Roumelioti et al. (2011),moment tensor inversion,"Aegean, 2006-2007",P,10.7,,,,,,,,,,,,,,,,,,,
2007-07-09-13-45-34,2007,7,9,13,45,34.0,36.2700,27.7000,6,4.0,108,33,155,NKUA,,-,S,,,,,,,,,,,,,,,,,,,,
2007-07-17-18-23-14,2007,7,17,18,23,20.7,40.1500,21.5900,13,4.7,65,46,-88,Roumelioti et al. (2011),moment tensor inversion,"Aegean, 2006-2007",P,9.0,,,,,,,,,,,,,,,,,,,
2007-07-18-19-09-37,2007,7,18,19,9,29.8,40.5900,22.8000,5,4.0,335,80,-21,Roumelioti et al. (2011),moment tensor inversion,"Aegean, 2006-2007",P,10.8,,,,,,,,,,,,,,,,,,,
2007-08-03-21-08-12,2007,8,3,21,8,11.0,35.4400,22.3600,19,4.7,133,77,175,MED_RCMT (NEIC),moment tensor inversion,from RCMT,P,21.3,,,,,,,,,,,,,,,,,,,
2007-08-07-22-23-40,2007,8,7,22,23,30.7,37.4400,19.7800,34,4.4,121,89,174,Roumelioti et al. (2011),moment tensor inversion,"Aegean, 2006-2007",P,8.3,,,,,,,,,,,,,,,,,,,
2007-08-10-19-03-25,2007,8,10,19,3,25.4,39.2800,20.2100,6,4.1,119,71,58,Roumelioti et al. (2011),moment tensor inversion,"Aegean, 2006-2007",P,42.6,,,,,,,,,,,,,,,,,,,
2007-08-12-11-20-40,2007,8,12,11,20,42.9,39.2800,20.1900,6,4.6,101,70,48,Roumelioti et al. (2011),moment tensor inversion,"Aegean, 2006-2007",P,16.4,,,,,,,,,,,,,,,,,,,
2007-08-27-06-28-51,2007,8,27,6,29,3.0,38.2500,20.3300,12,4.6,292,73,-50,Roumelioti et al. (2011),moment tensor inversion,"Aegean, 2006-2007",P,30.7,,,,,,,,,,,,,,,,,,,
2007-08-28-04-35-28,2007,8,28,4,35,36.1,38.3600,23.5300,6,4.0,140,71,-47,Roumelioti et al. (2011),moment tensor inversion,"Aegean, 2006-2007",P,2.2,,,,,,,,,,,,,,,,,,,
2007-08-28-09-05-45,2007,8,28,9,5,34.0,37.8600,21.6900,20,4.7,63,71,-173,NOA,,-,P,51.1,,,,,,,,,,,,,,,,,,,
2007-08-28-12-44-50,2007,8,28,12,44,51.7,40.3800,25.9500,6,4.2,168,87,4,Roumelioti et al. (2011),moment tensor inversion,"Aegean, 2006-2007",P,27.9,,,,,,,,,,,,,,,,,,,
2007-08-28-12-45-52,2007,8,28,12,45,52.7,40.4000,26.0000,14,4.2,80,90,178,AUTH,moment tensor inversion,extracted from old EMSC DB,S,,,,,,,,,,,,,,,,,,,,
2007-08-31-20-52-36,2007,8,31,20,52,41.4,36.7300,26.2900,11,5.0,242,56,-96,Roumelioti et al. (2011),moment tensor inversion,"Aegean, 2006-2007",P,7.1,GCMT (PDEW),2007,8,31,20,52,43.4,36.65,26.27,25.1,5.4,71,25,-83,-2.0,9.1,-14.1,-0.4,9.5
2007-09-05-05-08-15,2007,9,5,5,8,15.6,41.3500,19.4700,9,4.8,0,29,120,GCMT (PDEW),moment tensor inversion,"extracted from ndk file, mag is probably MS",P,45.1,GCMT (PDEW),2007,9,5,5,8,15.6,41.35,19.47,9,4.8,0,29,120,0.0,0.0,0,0.0,0.0
2007-09-09-05-15-09,2007,9,9,5,14,58.2,38.8100,26.4100,10,4.2,243,87,176,Roumelioti et al. (2011),moment tensor inversion,"Aegean, 2006-2007",P,46.6,,,,,,,,,,,,,,,,,,,
2007-09-13-21-02-45,2007,9,13,21,2,45.0,34.2000,25.2300,65,4.1,281,60,-153,NOA,,-,S,,,,,,,,,,,,,,,,,,,,
2007-09-22-20-04-51,2007,9,22,20,4,53.0,35.0900,27.0700,24,4.7,248,64,1,MED_RCMT (NEIC),moment tensor inversion,from RCMT,P,7.2,,,,,,,,,,,,,,,,,,,
2007-09-23-00-54-28,2007,9,23,0,54,30.0,35.1400,27.1700,11,5.1,254,49,-7,NOA,,-,P,64.7,GCMT (PDEW),2007,9,23,0,54,29.6,35.27,27.12,24,5.6,234,41,-23,0.4,15.1,-13,-0.5,16.3
2007-09-24-18-12-25,2007,9,24,18,12,16.4,34.7000,23.4000,26,4.9,75,47,-88,AUTH,moment tensor inversion,extracted from old EMSC DB,P,58.4,,,,,,,,,,,,,,,,,,,
2007-09-30-19-00-50,2007,9,30,19,0,50.5,38.9200,24.5100,8,4.1,133,87,25,Roumelioti et al. (2011),moment tensor inversion,"Aegean, 2006-2007",P,26.5,,,,,,,,,,,,,,,,,,,
2007-10-06-03-34-30,2007,10,6,3,34,33.5,37.3000,21.7000,14,4.1,225,9,-55,UPSL,,-,P,44.1,,,,,,,,,,,,,,,,,,,
2007-10-06-03-35-28,2007,10,6,3,35,28.5,37.3000,21.7000,14,4.1,9,83,-95,UPSL,moment tensor inversion,extracted from old EMSC DB,S,,,,,,,,,,,,,,,,,,,,
2007-10-10-10-14-16,2007,10,10,10,14,12.0,37.9800,20.2600,8,4.4,34,79,-151,Roumelioti et al. (2011),moment tensor inversion,"Aegean, 2006-2007",P,23.0,,,,,,,,,,,,,,,,,,,
2007-10-10-21-27-50,2007,10,10,21,27,50.0,36.6300,27.9300,85,4.2,105,39,58,NOA,,-,S,,,,,,,,,,,,,,,,,,,,
2007-10-14-09-18-12,2007,10,14,9,18,11.5,34.5100,26.5400,20,4.7,239,82,-14,Roumelioti et al. (2011),moment tensor inversion,"Aegean, 2006-2007",P,34.2,,,,,,,,,,,,,,,,,,,
2007-10-18-14-52-05,2007,10,18,14,52,27.1,37.5500,20.5600,8,4.2,125,84,90,Roumelioti et al. (2011),moment tensor inversion,"Aegean, 2006-2007",P,4.5,,,,,,,,,,,,,,,,,,,
2007-10-25-05-02-30,2007,10,25,5,2,4.4,39.3000,27.7000,10,4.0,271,75,176,AUTH,,-,P,0.1,,,,,,,,,,,,,,,,,,,
2007-10-25-11-38-15,2007,10,25,11,37,36.6,39.8000,20.7000,10,4.4,142,71,98,AUTH,moment tensor inversion,extracted from old EMSC DB,P,12.6,,,,,,,,,,,,,,,,,,,
2007-10-25-11-38-37,2007,10,25,11,38,37.0,39.7400,20.7700,10,4.3,140,75,94,Roumelioti et al. (2011),moment tensor inversion,"Aegean, 2006-2007",S,,,,,,,,,,,,,,,,,,,,
2007-10-27-05-29-39,2007,10,27,5,29,39.0,37.7200,21.3000,11,5.0,30,87,-159,Roumelioti et al. (2011),moment tensor inversion,"Aegean, 2006-2007",P,7.6,CMT,2007,10,27,5,29,39.5,37.6993,21.2513,10,5,297,70,-10,-0.5,4.9,1,0.0,6.5
2007-10-27-05-30-40,2007,10,27,5,30,40.3,37.7000,21.2000,12,5.0,297,64,-13,AUTH,moment tensor inversion,extracted from old EMSC DB,P,9.9,ISC (GCMT),2007,10,27,5,29,43.9,37.7,21.33,27.5,5.1,31,81,-160,56.4,11.5,-15.5,-0.1,7.0
2007-10-28-10-14-40,2007,10,28,10,14,24.1,39.8000,20.7000,16,4.0,128,46,86,AUTH,moment tensor inversion,extracted from old EMSC DB,P,0.1,,,,,,,,,,,,,,,,,,,
2007-10-28-12-03-14,2007,10,28,12,3,12.9,35.2000,27.1000,8,4.9,235,81,-20,AUTH,moment tensor inversion,extracted from old EMSC DB,P,22.8,,,,,,,,,,,,,,,,,,,
2007-10-29-09-23-14,2007,10,29,9,23,14.3,37.0300,29.2300,6,5.2,129,49,-62,Roumelioti et al. (2011),moment tensor inversion,"Aegean, 2006-2007",P,15.1,GCMT (PDEW),2007,10,29,9,23,14.0,37.03,29.23,5,5.1,275,37,-107,0.3,0.0,1,0.1,14.0
2007-10-29-19-41-42,2007,10,29,19,41,44.0,36.9600,29.4100,13,4.7,76,41,-117,MED_RCMT (NEIC),moment tensor inversion,from RCMT,P,42.7,,,,,,,,,,,,,,,,,,,
2007-10-31-17-58-00,2007,10,31,17,58,0.0,36.9900,29.2700,5,4.8,73,39,-126,MED_RCMT (NEIC),,-,P,0.0,,,,,,,,,,,,,,,,,,,
2007-11-02-08-55-36,2007,11,2,8,55,43.1,37.7300,21.0700,6,4.1,159,82,69,Roumelioti et al. (2011),moment tensor inversion,"Aegean, 2006-2007",P,35.5,,,,,,,,,,,,,,,,,,,
2007-11-07-05-29-47,2007,11,7,5,29,47.0,34.6000,27.5000,70,4.5,202,39,126,NKUA,,-,S,,,,,,,,,,,,,,,,,,,,
2007-11-09-01-42-56,2007,11,9,1,43,5.6,38.7600,25.7400,11,5.1,64,90,172,Roumelioti et al. (2011),moment tensor inversion,"Aegean, 2006-2007",P,12.0,GCMT (PDEW),2007,11,9,1,43,4.2,38.73,25.72,9,5.5,248,70,-170,1.4,3.8,2,-0.4,20.4
2007-11-09-07-07-23,2007,11,9,7,7,38.7,38.7700,25.7900,12,4.5,244,58,-144,Roumelioti et al. (2011),moment tensor inversion,"Aegean, 2006-2007",P,30.9,,,,,,,,,,,,,,,,,,,
2007-11-09-07-11-40,2007,11,9,7,11,54.1,38.8000,25.7900,6,4.6,252,69,-150,Roumelioti et al. (2011),moment tensor inversion,"Aegean, 2006-2007",P,16.1,ISC (GCMT),2007,11,9,7,11,58.3,38.76,25.66,19.5,4.9,145,61,-49,-4.2,12.1,-13.5,-0.3,23.1
2007-11-09-07-11-57,2007,11,9,7,11,57.0,38.7470,25.7660,20,4.6,242,71,-177,NKUA,,-,S,,ISC (GCMT),2007,11,9,7,11,58.3,38.76,25.66,19.5,4.9,145,61,-49,-1.3,9.3,0.5,-0.3,38.6
2007-11-16-09-08-23,2007,11,16,9,8,23.0,37.0200,29.2600,5,5.0,263,38,-108,GCMT (PDEW),moment tensor inversion,"extracted from ndk file, mag is probably MS",P,34.0,GCMT (PDEW),2007,11,16,9,8,23.0,37.02,29.26,5.3,5,263,38,-108,0.0,0.0,0,0.0,0.0
2007-12-18-14-45-49,2007,12,18,14,45,49.1,34.3100,25.7200,35,4.0,89,49,-5,NKUA,,-,S,,,,,,,,,,,,,,,,,,,,
2007-12-28-21-14-08,2007,12,28,21,14,1.0,39.6200,26.0100,11,4.3,66,51,-135,NOA,,-,P,6.4,,,,,,,,,,,,,,,,,,,
2007-12-30-06-42-48,2007,12,30,6,42,39.1,37.4700,20.7400,11,5.0,122,80,87,Roumelioti et al. (2011),moment tensor inversion,"Aegean, 2006-2007",P,33.5,,,,,,,,,,,,,,,,,,,
2007-12-31-10-40-10,2007,12,31,10,40,10.3,38.3400,25.9700,8,4.0,115,50,-65,Roumelioti et al. (2011),moment tensor inversion,"Aegean, 2006-2007",S,,,,,,,,,,,,,,,,,,,,
2008-01-05-05-11-09,2008,1,5,5,11,28.1,38.6000,27.1000,3,4.0,247,67,-142,AUTH,moment tensor inversion,extracted from old EMSC DB,P,70.8,,,,,,,,,,,,,,,,,,,
2008-01-06-05-14-12,2008,1,6,5,13,36.6,37.1000,22.8000,75,6.3,116,75,104,UPSL,moment tensor inversion,extracted from old EMSC DB,P,25.3,GCMT (PDEW),2008,1,6,5,14,20.2,37.22,22.69,75,6.2,222,41,20,-43.6,16.5,0,0.1,25.2
2008-01-11-12-56-25,2008,1,11,12,56,23.0,37.1200,22.8200,65,4.1,346,61,-169,NOA,,-,P,69.5,,,,,,,,,,,,,,,,,,,
2008-01-12-15-06-44,2008,1,12,15,6,44.0,38.9200,26.0700,20,4.7,300,38,-80,MED_RCMT (NEIC),moment tensor inversion,from RCMT,P,53.9,,,,,,,,,,,,,,,,,,,
2008-01-15-07-44-44,2008,1,15,7,44,25.1,38.9000,26.0000,5,4.0,329,50,-13,AUTH,,-,P,0.1,,,,,,,,,,,,,,,,,,,
2008-01-24-02-22-03,2008,1,24,2,22,3.4,36.5426,26.9398,120,4.0,36,74,-3,NKUA,,-,S,,,,,,,,,,,,,,,,,,,,
2008-01-26-02-29-10,2008,1,26,2,29,20.4,38.1000,20.3000,10,4.0,271,61,-32,AUTH,moment tensor inversion,extracted from old EMSC DB,P,27.3,,,,,,,,,,,,,,,,,,,
2008-01-29-15-17-10,2008,1,29,15,16,51.8,37.6000,23.5000,6,4.3,92,43,-96,AUTH,,-,P,10.8,,,,,,,,,,,,,,,,,,,
2008-02-04-20-24-51,2008,2,4,20,25,11.0,38.0500,21.9400,14,4.5,84,78,-168,NOA,,-,P,26.5,,,,,,,,,,,,,,,,,,,
2008-02-04-22-15-33,2008,2,4,22,15,28.6,38.1000,21.9000,22,4.7,351,82,-5,AUTH,moment tensor inversion,extracted from old EMSC DB,P,24.1,,,,,,,,,,,,,,,,,,,
2008-02-05-10-29-46,2008,2,5,10,29,45.7,34.6441,24.0201,33,4.2,280,64,-153,NKUA,,-,S,,,,,,,,,,,,,,,,,,,,
2008-02-06-20-46-44,2008,2,6,20,46,43.7,34.4140,25.4200,7,4.1,282,10,164,NKUA,,-,S,,,,,,,,,,,,,,,,,,,,
2008-02-14-10-09-33,2008,2,14,10,10,8.8,36.5000,21.8000,35,6.7,131,77,92,AUTH,moment tensor inversion,extracted from old EMSC DB,P,10.8,GCMT (PDEW),2008,2,14,10,9,22.7,36.5,21.67,29,6.9,332,6,120,46.1,11.6,6,-0.2,12.4
2008-02-14-12-09-09,2008,2,14,12,9,36.0,36.5000,21.8000,35,6.2,129,83,94,AUTH,moment tensor inversion,extracted from old EMSC DB,P,15.6,GCMT (PDEW),2008,2,14,12,8,55.8,36.35,21.86,28,6.2,337,5,127,40.2,17.5,7,0.0,11.3
2008-02-14-17-27-05,2008,2,14,17,27,28.4,36.3000,21.6000,40,4.8,138,75,82,UPSL,moment tensor inversion,extracted from old EMSC DB,P,52.7,,,,,,,,,,,,,,,,,,,
2008-02-18-14-03-42,2008,2,18,14,3,41.8,35.0995,23.1007,28,4.4,104,38,92,NKUA,,-,S,,,,,,,,,,,,,,,,,,,,
2008-02-19-23-15-28,2008,2,19,23,15,12.2,36.2000,21.8000,12,5.3,251,88,-11,AUTH,moment tensor inversion,extracted from old EMSC DB,P,29.3,GCMT (PDEW),2008,2,19,23,15,40.0,36.19,21.77,22,5.5,254,74,-5,-27.8,2.9,-10,-0.2,15.3
2008-02-20-18-27-08,2008,2,20,18,27,12.6,36.4000,21.9000,12,6.1,336,85,178,AUTH,moment tensor inversion,extracted from old EMSC DB,P,23.5,GCMT (PDEW),2008,2,20,18,27,6.0,36.29,21.77,9.9,6.1,250,71,-8,6.6,16.9,2.1,0.0,21.6
2008-02-22-04-58-04,2008,2,22,4,57,46.4,37.7000,21.1000,15,4.2,17,16,168,UPSL,,relocated,P,17.9,,,,,,,,,,,,,,,,,,,
2008-02-26-10-46-11,2008,2,26,10,46,10.2,36.0000,21.9000,12,5.3,136,51,128,AUTH,,-,P,19.4,GCMT (PDEW),2008,2,26,10,46,7.3,35.91,21.87,5,5.4,286,34,74,2.9,10.3,7,-0.1,23.4
2008-02-26-14-54-05,2008,2,26,14,54,4.0,36.0500,21.8300,5,4.5,272,42,61,MED_RCMT (NEIC),moment tensor inversion,from RCMT,P,21.1,,,,,,,,,,,,,,,,,,,
2008-02-26-16-10-39,2008,2,26,16,10,40.0,36.0900,21.8900,38,4.6,321,35,114,GCMT (PDEW),moment tensor inversion,"extracted from ndk file, mag is probably MS",P,27.2,GCMT (PDEW),2008,2,26,16,10,40.0,36.09,21.89,37.7,4.6,321,35,114,0.0,0.0,0,0.0,0.0
2008-02-28-04-54-32,2008,2,28,4,54,24.7,36.3000,21.8000,14,4.7,244,88,2,AUTH,moment tensor inversion,extracted from old EMSC DB,P,49.7,,,,,,,,,,,,,,,,,,,
2008-02-28-07-53-20,2008,2,28,7,53,20.0,36.0300,21.7600,7,4.5,275,46,56,MED_RCMT (NEIC),moment tensor inversion,from RCMT,P,0.0,,,,,,,,,,,,,,,,,,,
2008-03-01-00-06-46,2008,3,1,0,6,24.1,35.3000,26.2000,7,4.2,345,68,-128,AUTH,moment tensor inversion,extracted from old EMSC DB,P,0.1,,,,,,,,,,,,,,,,,,,
2008-03-01-07-00-48,2008,3,1,7,1,0.0,37.8970,26.8110,14,4.4,309,55,-64,Tan et al. (2014),first motion polarities and moment tensor inversion,"Samos, 2008-2012 (microseismicity)",P,50.7,,,,,,,,,,,,,,,,,,,
2008-03-01-09-17-37,2008,3,1,9,17,38.0,36.1900,21.9600,5,4.4,256,69,14,MED_RCMT (NEIC),moment tensor inversion,from RCMT,P,31.5,,,,,,,,,,,,,,,,,,,
2008-03-02-05-41-28,2008,3,2,5,41,20.2,36.2000,21.9000,12,4.5,160,87,-173,AUTH,moment tensor inversion,extracted from old EMSC DB,P,15.0,,,,,,,,,,,,,,,,,,,
2008-03-03-04-13-02,2008,3,3,4,13,2.2,36.2782,21.7800,12,4.2,251,53,19,NKUA,,-,S,,,,,,,,,,,,,,,,,,,,
2008-03-03-08-27-39,2008,3,3,8,27,39.3,36.4828,21.6191,6,4.3,150,37,158,NKUA,,-,S,,,,,,,,,,,,,,,,,,,,
2008-03-04-00-26-44,2008,3,4,0,26,43.6,36.2718,21.8494,12,4.4,244,61,8,NKUA,,-,S,,,,,,,,,,,,,,,,,,,,
2008-03-04-00-53-37,2008,3,4,0,53,37.0,36.3000,21.8200,19,4.4,9,61,-175,MED_RCMT (NEIC),moment tensor inversion,from RCMT,P,54.3,,,,,,,,,,,,,,,,,,,
2008-03-04-13-25-25,2008,3,4,13,25,24.4,36.0600,21.8100,11,4.6,293,40,80,GCMT (PDEW),moment tensor inversion,"extracted from ndk file, mag is probably MS",P,35.9,GCMT (PDEW),2008,3,4,13,25,24.4,36.06,21.81,11,4.6,293,40,80,0.0,0.0,0,0.0,0.0
2008-03-04-13-26-24,2008,3,4,13,26,24.5,36.0000,22.0000,15,4.9,152,87,168,UPSL,moment tensor inversion,extracted from old EMSC DB,S,,ISC (GCMT),2008,3,4,13,25,30.6,36.19,21.89,20,4.9,126,51,98,53.9,23.3,-5,0.0,72.7
2008-03-05-04-08-21,2008,3,5,4,8,21.3,40.2200,19.6700,5,4.1,173,47,152,MED_RCMT (NEIC),,Set depth at 5.0 km,P,0.0,,,,,,,,,,,,,,,,,,,
2008-03-05-16-11-16,2008,3,5,16,10,40.2,36.2000,27.5000,10,4.4,194,32,-108,AUTH,moment tensor inversion,extracted from old EMSC DB,P,19.3,,,,,,,,,,,,,,,,,,,
2008-03-05-16-14-46,2008,3,5,16,14,56.4,36.2000,27.5000,10,4.6,232,35,-89,AUTH,moment tensor inversion,extracted from old EMSC DB,P,17.2,,,,,,,,,,,,,,,,,,,
2008-03-07-08-44-39,2008,3,7,8,44,48.3,36.1000,21.9000,18,4.7,85,49,47,UPSL,moment tensor inversion,extracted from old EMSC DB,P,50.3,,,,,,,,,,,,,,,,,,,
2008-03-07-10-30-54,2008,3,7,10,30,54.4,36.2743,21.6545,18,4.1,83,34,73,NKUA,,-,S,,,,,,,,,,,,,,,,,,,,
2008-03-07-20-28-25,2008,3,7,20,28,24.2,36.1400,21.7600,13,5.1,262,40,45,GCMT (PDEW),moment tensor inversion,"extracted from ndk file, mag is probably MS",P,35.3,GCMT (PDEW),2008,3,7,20,28,24.2,36.14,21.76,13,5.1,262,40,45,0.0,0.0,0,0.0,0.0
2008-03-08-12-49-15,2008,3,8,12,49,12.0,36.1800,21.7600,13,4.3,119,34,67,MED_RCMT (NEIC),moment tensor inversion,from RCMT,P,59.6,,,,,,,,,,,,,,,,,,,
2008-03-14-07-10-22,2008,3,14,7,10,21.6,36.0100,21.7600,5,4.7,304,35,101,GCMT (PDEW),moment tensor inversion,"extracted from ndk file, mag is probably MS",P,19.3,GCMT (PDEW),2008,3,14,7,10,21.6,36.01,21.76,5,4.7,304,35,101,0.0,0.0,0,0.0,0.0
2008-03-19-11-56-39,2008,3,19,11,56,38.5,36.4972,21.8548,15,4.2,59,60,-14,NKUA,,-,S,,,,,,,,,,,,,,,,,,,,
2008-03-19-23-01-53,2008,3,19,23,1,52.9,38.9336,24.1598,12,4.0,11,53,-179,NKUA,,-,S,,,,,,,,,,,,,,,,,,,,
2008-03-21-18-06-13,2008,3,21,18,6,13.0,36.2100,21.8500,10,4.5,285,47,58,MED_RCMT (NEIC),moment tensor inversion,from RCMT,P,0.0,,,,,,,,,,,,,,,,,,,
2008-03-23-20-11-11,2008,3,23,20,11,11.9,36.1500,21.8600,35,4.8,279,31,69,GCMT (PDEW),moment tensor inversion,"extracted from ndk file, mag is probably MS",P,37.9,GCMT (PDEW),2008,3,23,20,11,11.9,36.15,21.86,35,4.8,279,31,69,0.0,0.0,0,0.0,0.0
2008-03-25-04-26-29,2008,3,25,4,26,30.0,36.4700,21.8600,16,4.8,272,60,11,MED_RCMT (NEIC),moment tensor inversion,from RCMT,P,37.4,,,,,,,,,,,,,,,,,,,
2008-03-28-00-16-28,2008,3,28,0,16,18.3,34.8000,25.5000,45,5.7,281,41,81,AUTH,,-,P,16.3,GCMT (PDEW),2008,3,28,0,16,19.9,34.76,25.34,45,5.6,264,32,69,-1.6,15.3,0,0.1,13.3
2008-03-29-06-59-35,2008,3,29,6,59,33.0,36.2100,21.5900,5,4.3,184,60,159,MED_RCMT (NEIC),moment tensor inversion,from RCMT,P,68.0,,,,,,,,,,,,,,,,,,,
2008-03-31-05-37-51,2008,3,31,5,37,51.4,36.2700,21.9400,5,4.3,86,48,60,MED_RCMT (NEIC),,-,P,0.0,,,,,,,,,,,,,,,,,,,
2008-04-07-10-09-18,2008,4,7,10,9,22.0,42.2800,20.2800,10,4.3,353,42,-72,MED_RCMT (NEIC),moment tensor inversion,from RCMT,P,67.0,,,,,,,,,,,,,,,,,,,
2008-04-11-08-01-53,2008,4,11,8,2,8.3,37.8000,27.0000,7,4.3,79,58,-124,AUTH,moment tensor inversion,extracted from old EMSC DB,P,24.9,,,,,,,,,,,,,,,,,,,
2008-04-12-07-58-34,2008,4,12,7,58,34.3,34.2040,25.3595,10,4.2,104,34,65,NKUA,,-,S,,,,,,,,,,,,,,,,,,,,
2008-04-25-04-48-55,2008,4,25,4,48,54.0,37.8200,29.2600,5,4.8,276,28,-151,GCMT (PDEW),moment tensor inversion,"extracted from ndk file, mag is probably MS",P,61.9,GCMT (PDEW),2008,4,25,4,48,54.0,37.82,29.26,5,4.8,276,28,-151,0.0,0.0,0,0.0,0.0
2008-05-08-12-26-22,2008,5,8,12,26,22.6,36.1100,21.9500,10,4.7,304,37,97,GCMT (PDEW),moment tensor inversion,"extracted from ndk file, mag is probably MS",P,29.9,GCMT (PDEW),2008,5,8,12,26,22.6,36.11,21.95,10,4.7,304,37,97,0.0,0.0,0,0.0,0.0
2008-05-10-20-52-52,2008,5,10,20,52,16.3,36.3000,22.2000,30,5.3,126,89,101,UPSL,moment tensor inversion,extracted from old EMSC DB,P,17.7,ISC (GCMT),2008,5,10,20,53,7.6,36.26,22.05,20,5.4,117,87,88,-51.3,14.2,10,-0.1,15.7
2008-05-13-14-19-39,2008,5,13,14,19,34.5,39.4000,24.0000,9,4.1,224,84,178,AUTH,,-,P,0.0,,,,,,,,,,,,,,,,,,,
2008-05-20-16-04-29,2008,5,20,16,4,28.8,34.3260,25.0200,15,4.2,128,45,100,NKUA,,-,S,,,,,,,,,,,,,,,,,,,,
2008-05-21-18-26-16,2008,5,21,18,26,15.7,34.3444,25.0315,14,4.1,306,62,24,NKUA,,-,S,,,,,,,,,,,,,,,,,,,,
2008-05-22-09-33-19,2008,5,22,9,33,19.4,35.7211,26.4096,20,4.1,189,28,56,NKUA,,-,S,,,,,,,,,,,,,,,,,,,,
2008-05-25-15-11-16,2008,5,25,15,10,56.1,38.1000,22.7000,5,4.2,321,25,-30,UPSL,moment tensor inversion,extracted from old EMSC DB,P,34.6,,,,,,,,,,,,,,,,,,,
2008-05-27-23-26-07,2008,5,27,23,26,4.0,35.6600,22.1500,2,4.8,190,13,-7,MED_RCMT (NEIC),moment tensor inversion,from RCMT,P,79.6,,,,,,,,,,,,,,,,,,,
2008-06-05-02-10-08,2008,6,5,2,10,8.2,38.3000,20.5000,10,4.0,283,85,11,AUTH,moment tensor inversion,extracted from old EMSC DB,S,,,,,,,,,,,,,,,,,,,,
2008-06-05-18-12-28,2008,6,5,18,12,16.9,38.3000,20.4000,9,4.3,286,85,16,AUTH,moment tensor inversion,extracted from old EMSC DB,P,29.2,,,,,,,,,,,,,,,,,,,
2008-06-06-08-40-54,2008,6,6,8,40,32.0,37.5000,22.1000,31,4.1,159,55,31,UPSL,moment tensor inversion,extracted from old EMSC DB,P,27.1,,,,,,,,,,,,,,,,,,,
2008-06-08-12-25-19,2008,6,8,12,24,32.0,38.0000,21.5000,30,6.5,211,90,178,AUTH,moment tensor inversion,extracted from old EMSC DB,P,15.0,GCMT (PDEW),2008,6,8,12,25,29.7,37.96,21.52,16,6.3,301,74,7,-57.7,4.8,14,0.2,15.6
2008-06-08-12-43-39,2008,6,8,12,43,39.2,38.0280,21.6107,15,4.7,316,65,22,NKUA,,relocated,S,,,,,,,,,,,,,,,,,,,,
2008-06-08-16-10-40,2008,6,8,16,10,40.6,38.0000,21.5000,18,4.0,157,89,-2,AUTH,moment tensor inversion,extracted from old EMSC DB,P,9.4,,,,,,,,,,,,,,,,,,,
2008-06-09-01-31-53,2008,6,9,1,31,44.2,38.1000,21.6000,15,4.1,5,76,-105,UPSL,moment tensor inversion,extracted from old EMSC DB,P,63.2,,,,,,,,,,,,,,,,,,,
2008-06-09-13-53-22,2008,6,9,13,53,21.7,38.0193,21.5715,15,4.1,198,65,160,NKUA,,relocated,S,,,,,,,,,,,,,,,,,,,,
2008-06-09-16-18-41,2008,6,9,16,18,40.6,38.0713,21.5678,18,4.1,223,69,161,NKUA,,relocated,S,,,,,,,,,,,,,,,,,,,,
2008-06-12-00-20-44,2008,6,12,0,20,45.6,35.1100,26.1900,29,5.5,117,40,-151,GCMT (PDEW),moment tensor inversion,"extracted from ndk file, mag is probably MS",P,68.4,GCMT (PDEW),2008,6,12,0,20,45.6,35.11,26.19,29,5.5,117,40,-151,0.0,0.0,0,0.0,0.0
2008-06-18-01-59-01,2008,6,18,1,58,44.4,37.7000,22.8000,80,5.1,249,36,72,AUTH,,-,P,14.3,GCMT (PDEW),2008,6,18,1,58,42.9,37.67,22.78,83,5.2,238,45,50,1.5,3.8,-3,-0.1,17.6
2008-06-21-05-57-15,2008,6,21,5,57,16.2,36.1000,21.9300,17,4.8,299,33,91,GCMT (PDEW),moment tensor inversion,"extracted from ndk file, mag is probably MS",P,30.2,GCMT (PDEW),2008,6,21,5,57,16.2,36.1,21.93,17,4.8,299,33,91,0.0,0.0,0,0.0,0.0
2008-06-21-11-36-25,2008,6,21,11,36,23.9,36.0600,21.8200,5,5.6,290,33,80,GCMT (PDEW),moment tensor inversion,"extracted from ndk file, mag is probably MS",P,34.5,GCMT (PDEW),2008,6,21,11,36,23.9,36.06,21.82,5,5.6,290,33,80,0.0,0.0,0,0.0,0.0
2008-06-21-13-43-30,2008,6,21,13,43,29.0,35.9900,21.7000,5,4.8,292,34,83,GCMT (PDEW),moment tensor inversion,"extracted from ndk file, mag is probably MS",P,26.9,GCMT (PDEW),2008,6,21,13,43,29.0,35.99,21.7,5,4.8,292,34,83,0.0,0.0,0,0.0,0.0
2008-06-22-00-40-10,2008,6,22,0,40,10.9,36.1700,21.9800,22,4.2,297,33,91,GCMT (PDEW),moment tensor inversion,"extracted from ndk file, mag is probably MS",P,23.8,GCMT (PDEW),2008,6,22,0,40,10.9,36.17,21.98,22,4.2,297,33,91,0.0,0.0,0,0.0,0.0
2008-06-22-07-22-46,2008,6,22,7,22,46.0,36.1900,21.9300,16,4.7,305,42,118,MED_RCMT (NEIC),moment tensor inversion,from RCMT,P,76.0,,,,,,,,,,,,,,,,,,,
2008-06-25-20-59-42,2008,6,25,20,59,42.4,38.7161,22.8183,12,4.2,283,43,-77,NKUA,,-,S,,,,,,,,,,,,,,,,,,,,
2008-06-27-05-17-52,2008,6,27,5,17,52.5,38.0000,21.5000,11,4.0,196,89,171,AUTH,moment tensor inversion,extracted from old EMSC DB,P,11.4,,,,,,,,,,,,,,,,,,,
2008-06-27-05-18-56,2008,6,27,5,18,55.7,38.0200,21.5482,11,4.1,299,58,18,NKUA,,relocated,S,,,,,,,,,,,,,,,,,,,,
2008-06-30-13-40-10,2008,6,30,13,40,10.0,39.3800,20.8500,20,4.6,318,4,43,MED_RCMT (NEIC),moment tensor inversion,from RCMT,P,66.1,,,,,,,,,,,,,,,,,,,
2008-07-02-16-19-12,2008,7,2,16,19,12.3,38.3000,21.8000,8,4.0,275,90,76,AUTH,moment tensor inversion,extracted from old EMSC DB,P,9.8,,,,,,,,,,,,,,,,,,,
2008-07-10-07-49-53,2008,7,10,7,49,53.0,40.0200,27.7000,10,4.6,352,69,-8,MED_RCMT (NEIC),moment tensor inversion,from RCMT,P,42.6,,,,,,,,,,,,,,,,,,,
2008-07-13-16-25-10,2008,7,13,16,25,10.1,38.1398,21.6192,20,4.2,360,65,21,NKUA,,relocated,S,,,,,,,,,,,,,,,,,,,,
2008-07-15-03-26-42,2008,7,15,3,26,56.5,35.9000,27.9000,50,6.4,267,89,-25,AUTH,moment tensor inversion,extracted from old EMSC DB,P,13.8,GCMT (PDEW),2008,7,15,3,26,34.7,35.8,27.86,52,6.4,357,55,-169,21.8,11.7,-2,0.0,14.2
2008-07-15-23-52-36,2008,7,15,23,52,37.8,35.8700,27.9000,58,5.2,360,63,-169,GCMT (PDEW),moment tensor inversion,"extracted from ndk file, mag is probably mb",P,42.2,GCMT (PDEW),2008,7,15,23,52,37.8,35.87,27.9,58,5.2,360,63,-169,0.0,0.0,0,0.0,0.0
2008-07-30-05-02-56,2008,7,30,5,2,56.4,38.2000,20.1000,12,5.0,131,87,14,AUTH,moment tensor inversion,extracted from old EMSC DB,P,12.4,GCMT (PDEW),2008,7,30,5,2,56.0,38.02,20.12,9,5,39,79,177,0.4,20.1,3,0.0,3.2
2008-07-31-02-54-54,2008,7,31,2,54,56.3,38.9000,26.0000,12,4.2,73,75,-153,AUTH,moment tensor inversion,extracted from old EMSC DB,P,15.0,,,,,,,,,,,,,,,,,,,
2008-07-31-03-03-28,2008,7,31,3,3,28.4,38.8000,26.1000,12,4.0,71,78,-157,AUTH,moment tensor inversion,extracted from old EMSC DB,S,,,,,,,,,,,,,,,,,,,,
2008-08-03-00-39-03,2008,8,3,0,38,24.2,39.6000,23.9000,14,5.2,243,87,-166,AUTH,moment tensor inversion,extracted from old EMSC DB,P,42.4,GCMT (PDEW),2008,8,3,0,39,16.9,39.61,23.85,10,5.3,267,52,-143,-52.7,4.4,4,-0.1,43.5
2008-08-03-00-39-28,2008,8,3,0,39,28.3,40.1500,23.0900,10,5.2,148,77,-55,ISC (NEIC),moment tensor inversion,extracted from reviewed ISC FMCSV,S,,,,,,,,,,,,,,,,,,,,
2008-08-03-00-53-02,2008,8,3,0,53,20.2,39.6000,23.9000,9,4.3,327,84,9,AUTH,moment tensor inversion,extracted from old EMSC DB,P,39.2,,,,,,,,,,,,,,,,,,,
2008-08-03-01-56-18,2008,8,3,1,56,13.0,39.5400,24.8800,10,4.4,149,59,-29,MED_RCMT (NEIC),moment tensor inversion,from RCMT,P,35.7,,,,,,,,,,,,,,,,,,,
2008-08-03-01-57-20,2008,8,3,1,57,20.6,39.6000,23.9000,8,4.1,247,88,178,AUTH,moment tensor inversion,extracted from old EMSC DB,S,,,,,,,,,,,,,,,,,,,,
2008-08-04-19-38-26,2008,8,4,19,38,25.3,34.1000,26.5800,31,5.2,117,46,-18,GCMT (PDEW),moment tensor inversion,"extracted from ndk file, mag is probably MS",P,24.7,GCMT (PDEW),2008,8,4,19,38,25.3,34.1,26.58,30.5,5.2,117,46,-18,0.0,0.0,0,0.0,0.0
2008-08-26-09-46-25,2008,8,26,9,46,24.6,36.1307,21.9003,10,4.1,152,62,150,NKUA,,-,S,,,,,,,,,,,,,,,,,,,,
2008-09-16-02-58-39,2008,9,16,2,58,39.0,36.6900,24.0300,137,4.5,131,57,-34,MED_RCMT (NEIC),moment tensor inversion,from RCMT,P,0.0,,,,,,,,,,,,,,,,,,,
2008-09-29-03-05-35,2008,9,29,3,5,36.5,38.4000,20.4000,2,4.0,341,47,88,AUTH,moment tensor inversion,extracted from old EMSC DB,P,42.7,,,,,,,,,,,,,,,,,,,
2008-10-02-00-55-14,2008,10,2,0,55,13.7,36.0473,21.3578,20,4.3,338,50,131,NKUA,,-,S,,,,,,,,,,,,,,,,,,,,
2008-10-07-23-25-25,2008,10,7,23,24,58.7,36.4000,22.7000,33,4.3,81,65,173,UPSL,,-,P,0.0,,,,,,,,,,,,,,,,,,,
2008-10-12-19-05-58,2008,10,12,19,5,56.0,34.8300,25.3300,42,4.7,239,43,73,MED_RCMT (NEIC),moment tensor inversion,from RCMT,P,74.5,,,,,,,,,,,,,,,,,,,
2008-10-13-04-09-36,2008,10,13,4,9,36.3,39.3000,21.5000,8,4.0,127,80,-94,AUTH,moment tensor inversion,extracted from old EMSC DB,S,,,,,,,,,,,,,,,,,,,,
2008-10-14-02-06-17,2008,10,14,2,5,52.5,38.8000,23.6000,8,5.1,126,64,-57,AUTH,moment tensor inversion,extracted from old EMSC DB,P,17.5,GCMT (PDEW),2008,10,14,2,6,34.7,38.85,23.62,24,5,254,52,-136,-42.2,5.8,-16,0.1,11.3
2008-10-14-02-16-41,2008,10,14,2,16,32.7,38.8000,23.6000,9,4.4,106,68,-71,AUTH,moment tensor inversion,extracted from old EMSC DB,P,47.9,,,,,,,,,,,,,,,,,,,
2008-10-14-02-35-45,2008,10,14,2,35,44.0,38.8000,23.6000,7,4.0,98,54,-69,AUTH,moment tensor inversion,extracted from old EMSC DB,P,66.2,,,,,,,,,,,,,,,,,,,
2008-10-15-19-29-14,2008,10,15,19,29,4.8,38.8000,23.7000,9,4.2,119,67,-10,AUTH,moment tensor inversion,extracted from old EMSC DB,P,27.2,,,,,,,,,,,,,,,,,,,
2008-10-23-02-16-55,2008,10,23,2,16,32.8,38.1000,22.6000,9,4.5,296,35,-71,UPSL,moment tensor inversion,extracted from old EMSC DB,P,16.4,,,,,,,,,,,,,,,,,,,
2008-10-23-03-25-01,2008,10,23,3,24,48.8,38.1000,22.6000,8,4.1,314,36,-50,UPSL,moment tensor inversion,extracted from old EMSC DB,P,39.6,,,,,,,,,,,,,,,,,,,
2008-10-24-19-31-18,2008,10,24,19,31,18.0,41.1000,20.2300,10,4.5,234,47,-48,MED_RCMT (NEIC),moment tensor inversion,from RCMT,P,32.3,,,,,,,,,,,,,,,,,,,
2008-10-25-14-36-24,2008,10,25,14,36,24.1,38.7645,21.8895,10,4.2,315,42,-107,NKUA,,-,S,,,,,,,,,,,,,,,,,,,,
2008-10-26-17-20-41,2008,10,26,17,21,4.7,38.4000,23.7000,8,4.5,255,48,-127,UPSL,moment tensor inversion,extracted from old EMSC DB,P,9.6,,,,,,,,,,,,,,,,,,,
2008-10-27-13-41-46,2008,10,27,13,41,20.1,38.4000,23.5000,8,4.0,234,66,-157,UPSL,moment tensor inversion,extracted from old EMSC DB,P,29.3,,,,,,,,,,,,,,,,,,,
2008-11-04-12-05-44,2008,11,4,12,5,44.0,36.2222,23.3807,65,4.2,58,51,165,NKUA,,-,S,,,,,,,,,,,,,,,,,,,,
2008-11-09-12-52-05,2008,11,9,12,52,16.9,38.7000,20.2000,7,4.4,141,39,128,UPSL,moment tensor inversion,extracted from old EMSC DB,P,41.8,,,,,,,,,,,,,,,,,,,
2008-11-11-16-17-01,2008,11,11,16,17,0.0,34.2700,25.1000,30,4.7,227,56,17,MED_RCMT (NEIC),,-,P,0.0,,,,,,,,,,,,,,,,,,,
2008-12-07-09-55-02,2008,12,7,9,55,2.2,37.5844,20.9658,10,4.0,149,45,44,NKUA,,relocated,S,,,,,,,,,,,,,,,,,,,,
2008-12-12-17-54-03,2008,12,12,17,54,2.7,39.4523,23.6890,6,4.1,308,45,0,NKUA,,-,S,,,,,,,,,,,,,,,,,,,,
2008-12-13-08-27-24,2008,12,13,8,27,44.1,38.8000,22.6000,17,5.1,250,24,-122,UPSL,moment tensor inversion,extracted from old EMSC DB,P,26.4,GCMT (PDEW),2008,12,13,8,27,19.2,38.72,22.57,24,5.2,261,23,-103,24.9,9.3,-7,-0.1,10.0
2008-12-27-08-27-23,2008,12,27,8,27,44.8,40.1000,24.0000,6,4.2,93,47,-94,AUTH,moment tensor inversion,extracted from old EMSC DB,P,22.9,,,,,,,,,,,,,,,,,,,
2008-12-27-20-09-24,2008,12,27,20,9,36.0,40.1000,24.0000,6,4.5,95,50,-93,AUTH,moment tensor inversion,extracted from old EMSC DB,P,19.5,,,,,,,,,,,,,,,,,,,
2008-12-28-08-27-03,2008,12,28,8,27,2.8,40.1000,24.0000,6,4.2,279,43,-86,AUTH,,-,S,,,,,,,,,,,,,,,,,,,,
2008-12-28-17-31-55,2008,12,28,17,31,44.6,37.2000,22.2000,45,4.3,341,56,-98,UPSL,moment tensor inversion,extracted from old EMSC DB,P,55.9,,,,,,,,,,,,,,,,,,,
2008-12-28-22-58-48,2008,12,28,22,58,8.0,40.4000,25.8000,6,5.1,78,70,-175,AUTH,moment tensor inversion,extracted from old EMSC DB,P,21.5,GCMT (PDEW),2008,12,28,22,58,59.0,40.39,25.78,35,5.2,346,79,-10,-51.0,2.0,-29,-0.1,11.9
2008-12-30-06-20-39,2008,12,30,6,20,39.0,34.6800,19.6600,40,4.4,183,90,0,MED_RCMT (NEIC),,-,P,0.0,,,,,,,,,,,,,,,,,,,
2009-01-02-14-43-03,2009,1,2,14,43,12.9,38.8000,23.5000,2,4.1,244,50,-130,UPSL,moment tensor inversion,extracted from old EMSC DB,P,40.2,,,,,,,,,,,,,,,,,,,
2009-01-04-05-11-28,2009,1,4,5,11,28.0,36.8000,22.1000,2,4.0,327,49,-92,UPSL,moment tensor inversion,extracted from old EMSC DB,S,,,,,,,,,,,,,,,,,,,,
2009-01-08-12-04-05,2009,1,8,12,4,5.7,41.8000,20.8300,18,5.1,93,38,-67,GCMT (PDEW),moment tensor inversion,"extracted from ndk file, mag is probably MS",P,18.5,GCMT (PDEW),2009,1,8,12,4,5.7,41.8,20.83,17.8,5.1,93,38,-67,0.0,0.0,0,0.0,0.0
2009-01-10-22-26-15,2009,1,10,22,26,8.0,38.0000,21.6000,2,4.1,21,75,167,UPSL,moment tensor inversion,extracted from old EMSC DB,P,14.8,,,,,,,,,,,,,,,,,,,
2009-01-11-10-50-06,2009,1,11,10,50,5.6,37.6582,22.6590,50,4.1,181,42,54,NKUA,,-,S,,,,,,,,,,,,,,,,,,,,
2009-01-12-20-12-08,2009,1,12,20,12,7.7,38.1405,22.6236,11,4.2,258,20,-97,NKUA,,-,S,,,,,,,,,,,,,,,,,,,,
2009-01-13-06-12-57,2009,1,13,6,13,20.2,35.7000,26.3000,35,5.2,56,73,-27,AUTH,moment tensor inversion,extracted from old EMSC DB,P,26.9,GCMT (PDEW),2009,1,13,6,12,42.9,35.66,26.39,42,5.1,159,61,-150,37.3,9.3,-7,0.1,10.4
2009-01-19-23-02-02,2009,1,19,23,2,0.0,34.6100,25.0300,25,4.8,178,51,-177,MED_RCMT (INGV),moment tensor inversion,from RCMT,P,52.5,,,,,,,,,,,,,,,,,,,
2009-01-24-15-58-39,2009,1,24,15,58,39.0,40.8000,27.8000,6,4.0,353,47,-67,ERD,,-,S,,,,,,,,,,,,,,,,,,,,
2009-01-28-23-59-23,2009,1,29,0,0,0.0,35.6000,28.4000,35,4.6,179,90,178,AUTH,moment tensor inversion,extracted from old EMSC DB,P,21.2,,,,,,,,,,,,,,,,,,,
2009-02-01-00-57-04,2009,2,1,0,57,9.0,38.6100,20.4600,14,4.6,267,49,-161,NOA,,relocated,P,72.4,,,,,,,,,,,,,,,,,,,
2009-02-02-04-13-43,2009,2,2,4,13,52.0,37.7000,20.9000,20,4.0,32,29,176,UPSL,moment tensor inversion,extracted from old EMSC DB,P,40.0,,,,,,,,,,,,,,,,,,,
2009-02-16-23-16-53,2009,2,16,23,17,20.0,37.1000,20.8000,23,5.5,96,85,-2,NOA,moment tensor inversion,extracted from old EMSC DB,P,47.9,GCMT (PDEW),2009,2,16,23,16,38.5,37.13,20.78,15,5.4,4,34,158,41.5,3.8,8,0.1,60.0
2009-02-17-05-28-23,2009,2,17,5,28,23.9,39.1500,28.9800,17,5.2,131,55,-57,ISC (GCMT),moment tensor inversion,extracted from reviewed ISC FMCSV,S,,ISC (GCMT),2009,2,17,5,28,23.9,39.15,28.98,16.8,5.2,131,55,-57,0.0,0.0,0,0.0,0.0
2009-02-20-21-09-37,2009,2,20,21,9,20.0,39.4000,20.1000,3,4.2,110,34,53,NOA,moment tensor inversion,extracted from old EMSC DB,P,15.2,,,,,,,,,,,,,,,,,,,
2009-02-27-20-52-35,2009,2,27,20,52,16.0,34.2000,25.1000,20,4.5,295,78,-144,AUTH,moment tensor inversion,extracted from old EMSC DB,P,75.1,,,,,,,,,,,,,,,,,,,
2009-03-02-22-02-21,2009,3,2,22,2,40.0,36.8000,26.8000,10,4.3,246,34,-81,NOA,moment tensor inversion,extracted from old EMSC DB,P,28.3,,,,,,,,,,,,,,,,,,,
2009-03-10-15-22-45,2009,3,10,15,22,44.9,38.3494,21.8257,9,4.0,233,49,-143,NKUA,,relocated,S,,,,,,,,,,,,,,,,,,,,
2009-03-10-19-39-34,2009,3,10,19,39,44.0,38.3000,21.9000,3,4.0,93,26,-80,NOA,moment tensor inversion,extracted from old EMSC DB,P,28.8,,,,,,,,,,,,,,,,,,,
2009-03-15-04-35-17,2009,3,15,4,35,12.0,39.1000,24.6000,26,4.0,142,79,-6,NOA,moment tensor inversion,extracted from old EMSC DB,P,38.0,,,,,,,,,,,,,,,,,,,
2009-03-17-08-06-43,2009,3,17,8,6,24.0,37.0000,22.1000,4,4.0,340,51,-79,NOA,moment tensor inversion,extracted from old EMSC DB,P,24.1,,,,,,,,,,,,,,,,,,,
2009-03-19-14-15-21,2009,3,19,14,15,28.0,35.2000,23.5000,34,4.9,284,88,-86,NOA,moment tensor inversion,extracted from old EMSC DB,P,43.3,GCMT (PDEW),2009,3,19,14,15,19.3,35.1,23.44,37,4.8,299,33,79,8.7,12.4,-3,0.1,43.5
2009-03-25-12-23-24,2009,3,25,12,23,25.0,40.3400,19.6300,10,4.3,3,35,90,MED_RCMT (NEIC),moment tensor inversion,from RCMT,P,13.4,,,,,,,,,,,,,,,,,,,
2009-04-04-05-26-20,2009,4,4,5,26,19.7,38.1584,22.7837,6,4.1,246,26,-106,NKUA,,-,S,,,,,,,,,,,,,,,,,,,,
2009-04-16-14-25-29,2009,4,16,14,25,29.0,34.1600,25.1000,10,4.4,206,66,19,MED_RCMT (INGV),moment tensor inversion,from RCMT,P,50.3,,,,,,,,,,,,,,,,,,,
2009-04-21-08-06-34,2009,4,21,8,6,24.0,36.1000,21.5000,20,4.3,332,52,116,AUTH,moment tensor inversion,extracted from old EMSC DB,P,86.9,,,,,,,,,,,,,,,,,,,
2009-04-27-11-52-32,2009,4,27,11,52,32.2,36.2000,21.6000,23,4.0,5,73,-177,UPSL,moment tensor inversion,extracted from old EMSC DB,S,,,,,,,,,,,,,,,,,,,,
2009-04-27-19-03-07,2009,4,27,19,3,7.0,40.7000,27.5000,8,4.3,332,30,-76,KOERI,,-,S,,,,,,,,,,,,,,,,,,,,
2009-04-28-22-02-40,2009,4,28,22,2,40.0,39.4000,24.1000,11,4.0,290,71,1,NOA,moment tensor inversion,extracted from old EMSC DB,P,15.6,,,,,,,,,,,,,,,,,,,
2009-05-06-16-23-53,2009,5,6,16,23,53.0,34.6221,26.7922,15,4.0,37,77,-173,NKUA,,-,S,,,,,,,,,,,,,,,,,,,,
2009-05-07-15-32-16,2009,5,7,15,32,16.0,37.2000,21.6000,15,4.0,7,10,-105,UPSL,moment tensor inversion,extracted from old EMSC DB,S,,,,,,,,,,,,,,,,,,,,
2009-05-09-01-46-21,2009,5,9,1,46,40.0,38.2000,22.8000,7,4.0,279,48,-78,NOA,moment tensor inversion,extracted from old EMSC DB,P,28.7,,,,,,,,,,,,,,,,,,,
2009-05-12-01-36-29,2009,5,12,1,36,29.0,35.5500,26.3990,40,4.0,189,36,60,NKUA,,-,S,,,,,,,,,,,,,,,,,,,,
2009-05-13-19-46-49,2009,5,13,19,46,49.0,36.2700,21.8200,49,4.5,324,86,177,MED_RCMT (INGV),moment tensor inversion,from RCMT,P,79.1,,,,,,,,,,,,,,,,,,,
2009-05-14-09-13-56,2009,5,14,9,14,40.0,36.2000,26.9000,50,4.6,289,55,121,NOA,moment tensor inversion,extracted from old EMSC DB,P,64.7,GCMT (PDEW),2009,5,14,9,13,42.4,36.09,27,96,5.1,18,30,-112,57.6,15.2,-46,-0.5,78.7
2009-05-17-11-58-59,2009,5,17,11,58,56.0,38.2000,22.7000,7,4.5,291,57,-80,NOA,moment tensor inversion,extracted from old EMSC DB,P,22.1,GCMT (PDEW),2009,5,17,11,59,3.1,38.12,22.69,19,4.5,298,35,-75,-7.1,8.9,-12,0.0,22.5
2009-05-17-22-13-41,2009,5,17,22,13,41.2,38.1073,22.6514,10,4.1,285,45,-70,NKUA,,-,S,,,,,,,,,,,,,,,,,,,,
2009-05-17-22-39-08,2009,5,17,22,38,56.0,38.2000,22.7000,6,4.2,304,69,-78,NOA,moment tensor inversion,extracted from old EMSC DB,P,32.5,,,,,,,,,,,,,,,,,,,
2009-05-20-03-20-32,2009,5,20,3,20,32.0,37.7000,20.9000,20,4.1,57,17,180,UPSL,moment tensor inversion,extracted from old EMSC DB,S,,,,,,,,,,,,,,,,,,,,
2009-05-20-03-21-38,2009,5,20,3,21,37.7,38.1847,21.0819,12,4.0,42,47,159,NKUA,,-,S,,,,,,,,,,,,,,,,,,,,
2009-05-21-15-28-09,2009,5,21,15,28,0.0,38.7000,20.5000,15,4.1,302,74,-19,NOA,moment tensor inversion,extracted from old EMSC DB,P,26.1,,,,,,,,,,,,,,,,,,,
2009-05-23-04-47-43,2009,5,23,4,47,37.5,36.5000,21.7000,15,4.8,83,59,-15,UPSL,,-,P,31.0,GCMT (PDEW),2009,5,23,4,47,37.3,36.4,21.7,13,4.5,349,61,164,0.2,11.1,2,0.3,46.7
2009-05-24-14-29-17,2009,5,24,14,29,17.0,41.3006,22.6986,13,4.6,105,45,-90,NKUA,,-,S,,,,,,,,,,,,,,,,,,,,
2009-05-24-14-34-08,2009,5,24,14,34,8.0,41.1400,22.8200,13,4.3,105,45,-90,NKUA,,-,S,,,,,,,,,,,,,,,,,,,,
2009-05-24-16-17-35,2009,5,24,16,17,4.0,41.3000,22.8000,25,5.4,306,85,-31,NOA,moment tensor inversion,extracted from old EMSC DB,P,46.2,GCMT (PDEW),2009,5,24,16,17,50.8,41.3,22.71,0.1,5.3,62,45,-123,-46.8,7.5,24.9,0.1,43.1
2009-05-24-16-23-10,2009,5,24,16,23,9.8,41.2820,22.7110,9,4.4,66,39,-120,"Kiratzi, 2010",,-,S,,,,,,,,,,,,,,,,,,,,
2009-05-24-19-34-05,2009,5,24,19,34,5.0,41.2900,22.6900,13,4.7,285,40,-90,NKUA,,-,S,,,,,,,,,,,,,,,,,,,,
2009-05-24-19-37-11,2009,5,24,19,37,36.0,41.3000,22.7000,17,4.6,47,80,167,NOA,moment tensor inversion,extracted from old EMSC DB,P,72.8,GCMT (PDEW),2009,5,24,19,37,5.5,41.27,22.73,2.2,4.8,78,44,-124,30.5,4.2,14.8,-0.2,68.5
2009-06-01-08-03-58,2009,6,1,8,4,16.0,41.2000,22.8000,19,4.0,37,63,150,NOA,moment tensor inversion,extracted from old EMSC DB,P,96.7,,,,,,,,,,,,,,,,,,,
2009-06-05-02-35-54,2009,6,5,2,35,44.4,38.0000,21.8000,10,4.1,203,53,106,UPSL,moment tensor inversion,extracted from old EMSC DB,P,0.1,,,,,,,,,,,,,,,,,,,
2009-06-05-14-38-44,2009,6,5,14,38,44.0,36.6660,21.7800,10,4.0,294,18,61,NKUA,,-,S,,,,,,,,,,,,,,,,,,,,
2009-06-07-08-59-51,2009,6,7,8,59,44.0,38.3000,22.1000,6,4.3,100,31,-88,NOA,moment tensor inversion,extracted from old EMSC DB,P,22.8,,,,,,,,,,,,,,,,,,,
2009-06-09-05-26-58,2009,6,9,5,26,58.0,35.6161,29.1997,12,4.1,350,38,-120,NKUA,,-,S,,,,,,,,,,,,,,,,,,,,
2009-06-18-04-26-14,2009,6,18,4,26,14.7,35.3800,28.4100,40,5.0,246,34,-58,GCMT (PDEW),moment tensor inversion,"extracted from ndk file, mag is probably mb",P,39.6,GCMT (PDEW),2009,6,18,4,26,14.7,35.38,28.41,39.5,5,246,34,-58,0.0,0.0,0,0.0,0.0
2009-06-18-14-03-29,2009,6,18,14,3,29.0,35.2300,28.5800,51,4.8,18,66,-172,MED_RCMT (INGV),,-,P,0.0,,,,,,,,,,,,,,,,,,,
2009-06-19-14-04-59,2009,6,19,14,4,48.0,35.2000,28.6000,33,5.7,54,62,-59,NOA,moment tensor inversion,extracted from old EMSC DB,P,49.6,GCMT (PDEW),2009,6,19,14,4,59.0,35.36,28.45,28,5.8,248,42,-54,-11.0,22.4,5,-0.1,50.4
2009-06-19-14-33-37,2009,6,19,14,33,37.0,35.3400,28.6100,40,4.7,359,54,158,MED_RCMT (INGV),moment tensor inversion,from RCMT,P,91.2,,,,,,,,,,,,,,,,,,,
2009-06-20-08-28-08,2009,6,20,8,28,0.0,37.6600,26.8690,5,5.1,115,34,-66,Tan et al. (2014),first motion polarities and moment tensor inversion,"Samos, 2008-2012 (microseismicity)",P,25.2,GCMT (PDEW),2009,6,20,8,28,19.0,37.68,26.86,12,5,105,36,-90,-19.0,2.4,-7,0.1,16.9
2009-06-26-20-37-29,2009,6,26,20,37,20.0,36.5000,25.5000,2,4.4,220,40,-86,NOA,moment tensor inversion,extracted from old EMSC DB,P,21.4,,,,,,,,,,,,,,,,,,,
2009-06-26-22-14-53,2009,6,26,22,14,53.0,36.5200,25.4700,15,4.5,22,54,-138,MED_RCMT (INGV),,-,P,0.0,,,,,,,,,,,,,,,,,,,
2009-07-01-09-29-57,2009,7,1,9,29,36.0,33.8000,25.4000,7,6.3,322,40,136,NOA,moment tensor inversion,extracted from old EMSC DB,P,32.9,GCMT (PDEW),2009,7,1,9,30,10.4,34.16,25.47,19,6.4,295,32,108,-34.4,40.5,-12,-0.1,18.6
2009-07-01-09-59-10,2009,7,1,9,59,28.0,34.0000,25.6000,4,5.0,86,58,52,NOA,moment tensor inversion,extracted from old EMSC DB,P,63.6,,,,,,,,,,,,,,,,,,,
2009-07-01-10-54-48,2009,7,1,10,54,56.0,39.9000,24.1000,4,4.0,324,67,-17,NOA,moment tensor inversion,extracted from old EMSC DB,P,29.8,,,,,,,,,,,,,,,,,,,
2009-07-02-19-47-52,2009,7,2,19,47,50.2,34.2500,25.2200,22,4.2,95,40,43,GCMT (PDEW),moment tensor inversion,"extracted from ndk file, mag is probably MS",P,31.2,GCMT (PDEW),2009,7,2,19,47,50.2,34.25,25.22,22,4.2,95,40,43,0.0,0.0,0,0.0,0.0
2009-07-02-22-36-45,2009,7,2,22,36,45.0,33.9800,25.6100,30,4.8,311,72,-165,MED_RCMT (INGV),,-,P,0.0,,,,,,,,,,,,,,,,,,,
2009-07-03-04-17-59,2009,7,3,4,17,59.0,34.1100,25.5800,30,4.8,221,74,-9,MED_RCMT (INGV),,-,P,0.0,,,,,,,,,,,,,,,,,,,
2009-07-03-04-42-33,2009,7,3,4,42,32.0,34.4300,24.1500,40,4.6,103,46,102,MED_RCMT (INGV),moment tensor inversion,from RCMT,P,44.8,,,,,,,,,,,,,,,,,,,
2009-07-07-00-32-19,2009,7,7,0,32,0.0,33.9000,25.2000,3,4.6,99,41,59,NOA,moment tensor inversion,extracted from old EMSC DB,P,63.9,,,,,,,,,,,,,,,,,,,
2009-07-07-01-02-29,2009,7,7,1,1,52.0,34.0000,25.5000,8,4.7,61,59,59,NOA,moment tensor inversion,extracted from old EMSC DB,P,34.0,,,,,,,,,,,,,,,,,,,
2009-07-08-06-19-59,2009,7,8,6,19,57.0,33.9700,25.3900,20,4.6,301,29,126,MED_RCMT (INGV),moment tensor inversion,from RCMT,P,19.8,,,,,,,,,,,,,,,,,,,
2009-07-09-16-27-43,2009,7,9,16,27,43.0,34.0200,25.6100,30,4.8,221,56,22,MED_RCMT (INGV),,-,P,0.0,,,,,,,,,,,,,,,,,,,
2009-07-11-13-48-47,2009,7,11,13,48,47.0,33.9000,25.4000,10,4.4,272,26,103,MED_RCMT (INGV),,-,P,0.0,,,,,,,,,,,,,,,,,,,
2009-07-11-23-30-00,2009,7,11,23,30,0.0,34.0200,25.6400,45,4.5,323,66,-161,MED_RCMT (INGV),,-,P,0.0,,,,,,,,,,,,,,,,,,,
2009-07-15-02-45-55,2009,7,15,2,45,55.2,34.7700,28.5200,25,4.0,222,27,-110,NKUA,,-,S,,,,,,,,,,,,,,,,,,,,
2009-07-28-17-38-52,2009,7,28,17,38,51.0,36.3000,29.9000,34,4.8,7,66,27,KOERI,,-,P,82.4,,,,,,,,,,,,,,,,,,,
2009-07-30-18-27-16,2009,7,30,18,27,12.0,38.2000,20.3000,9,4.0,282,87,-80,UPSL,moment tensor inversion,extracted from old EMSC DB,P,0.1,,,,,,,,,,,,,,,,,,,
2009-08-01-16-42-39,2009,8,1,16,42,39.0,40.4000,28.3000,4,4.0,71,43,-87,KOERI,,-,S,,,,,,,,,,,,,,,,,,,,
2009-08-06-04-58-12,2009,8,6,4,58,40.0,37.5000,22.0000,3,4.2,104,77,-74,NOA,moment tensor inversion,extracted from old EMSC DB,P,42.9,,,,,,,,,,,,,,,,,,,
2009-08-08-13-52-40,2009,8,8,13,52,40.0,40.6268,27.9946,19,4.3,160,49,23,NKUA,,-,S,,,,,,,,,,,,,,,,,,,,
2009-08-21-13-39-57,2009,8,21,13,39,58.8,41.9000,19.1200,23,4.9,312,33,87,GCMT (PDEW),moment tensor inversion,"extracted from ndk file, mag is probably MS",P,12.9,GCMT (PDEW),2009,8,21,13,39,58.8,41.9,19.12,22.8,4.9,312,33,87,0.0,0.0,0,0.0,0.0
2009-08-26-02-59-40,2009,8,26,2,59,41.0,33.9300,25.4400,10,4.6,289,40,124,MED_RCMT (INGV),moment tensor inversion,from RCMT,P,17.6,,,,,,,,,,,,,,,,,,,
2009-09-02-08-17-37,2009,9,2,8,17,36.7,38.1000,23.3312,7,4.0,357,48,-27,NKUA,,-,S,,,,,,,,,,,,,,,,,,,,
2009-09-02-09-35-17,2009,9,2,9,35,16.9,38.1100,23.3200,5,4.0,106,34,-106,NOA,,-,S,,,,,,,,,,,,,,,,,,,,
2009-09-06-21-49-41,2009,9,6,21,49,52.0,41.6000,20.4000,4,5.3,217,39,-76,NOA,moment tensor inversion,extracted from old EMSC DB,P,26.1,GCMT (PDEW),2009,9,6,21,49,42.2,41.48,20.39,3,5.5,175,39,-118,9.8,13.4,1,-0.2,27.5
2009-09-12-00-50-00,2009,9,12,0,50,0.0,37.5370,27.0150,9,4.4,285,65,-90,Tan et al. (2014),first motion polarities and moment tensor inversion,"Samos, 2008-2012 (microseismicity)",S,,,,,,,,,,,,,,,,,,,,
2009-09-12-12-12-53,2009,9,12,12,12,53.0,33.9100,25.5700,40,4.6,287,35,129,MED_RCMT (INGV),,-,P,0.0,,,,,,,,,,,,,,,,,,,
2009-09-13-07-43-49,2009,9,13,7,43,49.0,33.8700,25.5200,24,4.5,290,15,137,MED_RCMT (INGV),,-,P,0.0,,,,,,,,,,,,,,,,,,,
2009-09-14-23-06-25,2009,9,14,23,6,24.6,33.9100,25.6400,17,4.1,307,22,116,NKUA,,-,S,,,,,,,,,,,,,,,,,,,,
2009-09-16-07-13-02,2009,9,16,7,13,4.0,39.0000,22.2000,8,4.2,286,59,-79,NOA,moment tensor inversion,extracted from old EMSC DB,P,31.0,,,,,,,,,,,,,,,,,,,
2009-09-17-22-53-28,2009,9,17,22,53,52.0,39.9000,19.9000,12,4.2,173,62,129,NOA,moment tensor inversion,extracted from old EMSC DB,P,23.6,,,,,,,,,,,,,,,,,,,
2009-09-26-02-52-09,2009,9,26,2,52,11.0,33.9600,25.5900,40,4.8,327,69,-163,MED_RCMT (INGV),moment tensor inversion,from RCMT,P,93.7,,,,,,,,,,,,,,,,,,,
2009-09-28-07-47-03,2009,9,28,7,47,12.0,39.9000,23.8000,4,4.1,131,47,-86,AUTH,moment tensor inversion,extracted from old EMSC DB,P,64.1,,,,,,,,,,,,,,,,,,,
2009-10-04-07-14-03,2009,10,4,7,14,0.0,33.9500,25.6300,30,4.6,251,41,43,MED_RCMT (INGV),moment tensor inversion,from RCMT,P,84.4,,,,,,,,,,,,,,,,,,,
2009-10-07-06-35-06,2009,10,7,6,35,6.1,35.1070,23.5740,30,4.2,280,35,80,NKUA,,-,S,,,,,,,,,,,,,,,,,,,,
2009-10-10-00-28-16,2009,10,10,0,28,16.3,40.8840,20.7200,14,4.1,240,40,85,NKUA,,-,S,,,,,,,,,,,,,,,,,,,,
2009-10-17-18-52-34,2009,10,17,18,52,34.0,37.7510,21.3600,7,4.5,290,15,70,NKUA,,relocated,S,,,,,,,,,,,,,,,,,,,,
2009-10-20-12-16-02,2009,10,20,12,16,0.0,37.8000,21.6000,16,4.1,46,81,-170,UPSL,moment tensor inversion,extracted from old EMSC DB,P,26.8,,,,,,,,,,,,,,,,,,,
2009-10-23-05-15-03,2009,10,23,5,15,3.1,34.9710,24.4500,20,4.0,290,44,112,NKUA,,-,S,,,,,,,,,,,,,,,,,,,,
2009-11-03-05-24-49,2009,11,3,5,24,16.0,37.4000,20.3000,19,5.6,140,87,125,NOA,moment tensor inversion,extracted from old EMSC DB,P,39.3,GCMT (PDEW),2009,11,3,5,25,8.1,37.5,20.49,10,5.8,325,11,97,-52.1,20.1,9,-0.2,37.0
2009-11-03-05-25-21,2009,11,3,5,25,21.0,37.9400,20.2700,10,5.9,170,83,103,ISC (NEIC),moment tensor inversion,extracted from reviewed ISC FMCSV,S,,,,,,,,,,,,,,,,,,,,
2009-11-09-21-26-49,2009,11,9,21,26,48.7,34.8400,22.6000,52,4.0,330,42,155,NKUA,,-,S,,,,,,,,,,,,,,,,,,,,
2009-11-11-09-51-00,2009,11,11,9,50,56.0,37.4000,20.3000,4,5.2,121,24,50,NOA,moment tensor inversion,extracted from old EMSC DB,P,58.9,GCMT (PDEW),2009,11,11,9,51,6.5,37.51,20.36,10,5.4,327,17,127,-10.5,13.3,-6,-0.2,64.7
2009-11-11-15-50-18,2009,11,11,15,50,0.0,35.5000,27.3800,48,4.5,152,71,-179,MED_RCMT (INGV),moment tensor inversion,from RCMT,P,22.1,,,,,,,,,,,,,,,,,,,
2009-11-12-19-01-45,2009,11,12,19,1,45.0,34.8330,23.3323,30,4.2,310,35,130,NKUA,,-,S,,,,,,,,,,,,,,,,,,,,
2009-11-14-18-44-45,2009,11,14,18,44,45.0,33.8900,25.6100,50,4.4,210,58,-30,MED_RCMT (INGV),,-,P,0.0,,,,,,,,,,,,,,,,,,,
2009-11-16-11-31-01,2009,11,16,11,31,1.0,35.0900,27.8812,10,4.1,120,55,167,NKUA,,-,S,,,,,,,,,,,,,,,,,,,,
2009-11-18-03-16-12,2009,11,18,3,16,12.1,41.5700,19.7899,21,4.0,94,44,88,NKUA,,-,S,,,,,,,,,,,,,,,,,,,,
2009-11-25-10-53-44,2009,11,25,10,53,44.0,37.9800,28.8800,2,4.4,319,53,-41,MED_RCMT (INGV),moment tensor inversion,from RCMT,P,46.7,,,,,,,,,,,,,,,,,,,
2009-11-26-15-09-04,2009,11,26,15,8,48.0,36.0000,21.3000,13,4.8,303,86,-8,AUTH,moment tensor inversion,extracted from old EMSC DB,P,51.2,GCMT (PDEW),2009,11,26,15,9,16.7,36.09,21.4,28.5,4.6,39,27,163,-28.7,13.5,-15.5,0.2,60.0
2009-12-01-17-54-00,2009,12,1,17,54,0.0,36.2500,26.8700,122,4.3,70,50,37,MED_RCMT (INGV),moment tensor inversion,from RCMT,S,,,,,,,,,,,,,,,,,,,,
2009-12-04-06-02-20,2009,12,4,6,2,19.0,37.9200,28.7300,5,4.9,269,39,-123,GCMT (PDEW),moment tensor inversion,"extracted from ndk file, mag is probably MS",P,24.9,GCMT (PDEW),2009,12,4,6,2,19.0,37.92,28.73,5,4.9,269,39,-123,0.0,0.0,0,0.0,0.0
2009-12-04-09-34-02,2009,12,4,9,33,52.0,38.9000,22.0000,4,4.2,112,56,-83,NOA,moment tensor inversion,extracted from old EMSC DB,P,21.4,,,,,,,,,,,,,,,,,,,
2009-12-04-17-19-48,2009,12,4,17,19,48.0,37.3800,29.6500,15,4.7,45,45,-74,MED_RCMT (INGV),moment tensor inversion,from RCMT,P,73.5,,,,,,,,,,,,,,,,,,,
2009-12-06-18-44-08,2009,12,6,18,44,8.1,37.3730,20.1821,8,4.0,350,30,140,NKUA,,-,S,,,,,,,,,,,,,,,,,,,,
2009-12-12-15-22-49,2009,12,12,15,23,17.0,36.4400,28.7100,60,4.7,41,50,30,MED_RCMT (INGV),moment tensor inversion,from RCMT,P,81.7,,,,,,,,,,,,,,,,,,,
2009-12-18-05-25-12,2009,12,18,5,25,12.2,37.0511,28.5800,10,4.0,130,44,-68,NKUA,,-,S,,,,,,,,,,,,,,,,,,,,
2009-12-19-06-26-22,2009,12,19,6,26,0.0,36.0000,27.2900,112,4.3,169,58,-22,MED_RCMT (INGV),moment tensor inversion,from RCMT,P,66.8,,,,,,,,,,,,,,,,,,,
2009-12-22-10-27-18,2009,12,22,10,27,12.0,39.2000,20.4000,3,4.5,149,41,95,NOA,moment tensor inversion,extracted from old EMSC DB,P,12.1,,,,,,,,,,,,,,,,,,,
2009-12-23-04-46-45,2009,12,23,4,46,45.1,37.5932,26.3989,18,4.0,15,36,115,NKUA,,-,S,,,,,,,,,,,,,,,,,,,,
2010-01-05-02-47-16,2010,1,5,2,47,16.1,36.0400,25.4500,115,4.3,10,53,-32,MED_RCMT (INGV),,-,P,0.0,,,,,,,,,,,,,,,,,,,
2010-01-14-04-25-12,2010,1,14,4,25,12.0,39.2492,22.2421,45,4.1,258,48,59,NKUA,,-,S,,,,,,,,,,,,,,,,,,,,
2010-01-17-20-16-01,2010,1,17,20,16,4.1,35.2600,27.8600,29,5.0,229,72,-16,GCMT (PDEW),moment tensor inversion,"extracted from ndk file, mag is probably MS",P,21.4,GCMT (PDEW),2010,1,17,20,16,4.1,35.26,27.86,29,5,229,72,-16,0.0,0.0,0,0.0,0.0
2010-01-18-15-56-06,2010,1,18,15,56,9.8,38.4220,21.9410,5,5.3,102,55,-83,Sokos et al. (2012),ISOLA,"Efpalio, 2010 doublet seq.",P,20.0,GCMT (PDEW),2010,1,18,15,56,9.0,38.4,21.96,0.8,5.5,82,46,-115,0.8,3.0,3.7,-0.2,26.1
2010-01-18-17-27-07,2010,1,18,17,27,6.8,38.4285,21.9776,9,4.1,52,75,-167,NKUA,,-,S,,,,,,,,,,,,,,,,,,,,
2010-01-18-20-36-57,2010,1,18,20,36,56.5,38.4245,21.9833,10,4.0,95,41,-102,NKUA,,-,S,,,,,,,,,,,,,,,,,,,,
2010-01-20-16-55-19,2010,1,20,16,55,19.1,37.1724,22.1729,11,4.1,350,30,-75,NKUA,,-,S,,,,,,,,,,,,,,,,,,,,
2010-01-21-09-51-14,2010,1,21,9,51,14.1,38.3054,20.8789,25,4.0,350,30,-100,NKUA,,-,S,,,,,,,,,,,,,,,,,,,,
2010-01-22-00-46-57,2010,1,22,0,46,56.7,38.4310,21.9640,6,5.2,282,52,-75,Sokos et al. (2012),ISOLA,"Efpalio, 2010 doublet seq.",P,16.7,GCMT (PDEW),2010,1,22,0,46,56.7,38.42,22.04,5,5.2,72,48,-123,0.0,6.7,1,0.0,13.3
2010-01-22-10-53-32,2010,1,22,10,53,32.1,38.4250,21.9120,9,4.0,37,89,141,Sokos et al. (2012),ISOLA,"Efpalio, 2010 doublet seq.",P,56.7,,,,,,,,,,,,,,,,,,,
2010-01-22-10-59-16,2010,1,22,10,59,15.4,38.4240,21.9150,9,4.4,127,78,-28,Sokos et al. (2012),ISOLA,"Efpalio, 2010 doublet seq.",P,25.8,,,,,,,,,,,,,,,,,,,
2010-01-25-08-50-14,2010,1,25,8,50,14.4,37.7523,20.9222,17,4.1,347,22,116,NKUA,,relocated,S,,,,,,,,,,,,,,,,,,,,
2010-01-26-13-31-15,2010,1,26,13,31,14.0,35.1100,26.9400,2,4.7,249,13,7,MED_RCMT (INGV),moment tensor inversion,from RCMT,P,92.6,,,,,,,,,,,,,,,,,,,
2010-01-30-13-47-39,2010,1,30,13,47,39.4,38.3000,22.5000,10,4.2,267,37,-108,UPSL,,-,P,58.8,,,,,,,,,,,,,,,,,,,
2010-02-07-10-18-18,2010,2,7,10,18,17.8,38.5670,23.6705,19,4.3,305,44,-95,NKUA,,-,S,,,,,,,,,,,,,,,,,,,,
2010-02-11-02-25-53,2010,2,11,2,25,53.0,42.2620,19.3820,12,4.6,284,44,24,"Kiratzi and Dimakis, 2013",,-,P,43.6,,,,,,,,,,,,,,,,,,,
2010-02-11-21-53-34,2010,2,11,21,53,34.4,36.4988,21.9539,43,5.3,275,35,45,NKUA,,-,S,,,,,,,,,,,,,,,,,,,,
2010-02-11-21-56-31,2010,2,11,21,56,31.5,34.0000,25.3900,14,5.4,282,32,77,GCMT (PDEW),moment tensor inversion,"extracted from ndk file, mag is probably MS",P,25.8,GCMT (PDEW),2010,2,11,21,56,31.5,34,25.39,14,5.4,282,32,77,0.0,0.0,0,0.0,0.0
2010-03-08-13-12-02,2010,3,8,13,12,2.1,38.3580,22.0781,12,4.2,90,40,-100,NKUA,,-,S,,,,,,,,,,,,,,,,,,,,
2010-03-09-02-01-01,2010,3,9,2,1,1.0,38.9000,23.6000,12,4.2,222,77,-173,AUTH,,-,S,,,,,,,,,,,,,,,,,,,,
2010-03-09-02-55-02,2010,3,9,2,55,2.0,38.9000,23.6000,6,4.5,218,65,175,AUTH,,-,S,,,,,,,,,,,,,,,,,,,,
2010-03-12-01-54-00,2010,3,12,1,54,0.0,36.3910,23.4321,25,4.3,220,50,-30,NKUA,,-,S,,,,,,,,,,,,,,,,,,,,
2010-03-12-13-12-02,2010,3,12,13,12,2.1,35.4680,27.4921,35,4.2,40,80,-170,NKUA,,-,S,,,,,,,,,,,,,,,,,,,,
2010-03-19-03-45-12,2010,3,19,3,45,12.1,37.9612,20.9634,17,4.1,208,80,170,NKUA,,-,S,,,,,,,,,,,,,,,,,,,,
2010-03-20-23-34-12,2010,3,20,23,34,12.2,35.3313,27.1901,15,4.1,35,41,102,NKUA,,-,S,,,,,,,,,,,,,,,,,,,,
2010-03-26-18-35-34,2010,3,26,18,35,55.9,38.1700,26.2700,12,4.6,122,54,-63,ISC (MED_RCMT),moment tensor inversion,extracted from reviewed ISC FMCSV,P,51.4,,,,,,,,,,,,,,,,,,,
2010-03-27-23-34-12,2010,3,27,23,34,12.2,35.3313,27.1901,15,4.1,35,41,102,NKUA,,-,S,,,,,,,,,,,,,,,,,,,,
2010-04-20-03-19-39,2010,4,20,3,19,39.1,37.5000,20.7000,14,4.1,6,37,146,UPSL,,relocated,S,,,,,,,,,,,,,,,,,,,,
2010-04-24-15-01-30,2010,4,24,15,1,12.6,34.4500,26.0100,35,4.9,277,33,101,GCMT (PDEW),moment tensor inversion,"extracted from ndk file, mag is probably MS",P,12.5,GCMT (PDEW),2010,4,24,15,1,12.6,34.45,26.01,34.5,4.9,277,33,101,0.0,0.0,0,0.0,0.0
2010-04-26-10-26-53,2010,4,26,10,26,51.0,34.9400,26.5000,10,4.4,158,32,-86,MED_RCMT (INGV),moment tensor inversion,from RCMT,P,87.3,,,,,,,,,,,,,,,,,,,
2010-04-28-16-35-08,2010,4,28,16,35,8.0,36.3000,27.6700,15,4.3,270,39,-56,MED_RCMT (INGV),,-,P,0.0,,,,,,,,,,,,,,,,,,,
2010-05-02-12-24-39,2010,5,2,12,24,40.6,35.5300,24.4600,75,4.4,16,83,-4,ISC (MED_RCMT),moment tensor inversion,extracted from reviewed ISC FMCSV,P,17.5,,,,,,,,,,,,,,,,,,,
2010-05-14-14-36-16,2010,5,14,14,36,16.0,38.4312,21.9010,10,4.0,140,44,-68,NKUA,,-,S,,,,,,,,,,,,,,,,,,,,
2010-05-29-05-10-09,2010,5,29,5,10,9.0,40.8901,26.5412,10,4.1,290,70,-10,NKUA,,-,S,,,,,,,,,,,,,,,,,,,,
2010-05-29-19-05-12,2010,5,29,19,5,12.0,37.6923,21.3800,10,4.3,300,75,-10,NKUA,,-,S,,,,,,,,,,,,,,,,,,,,
2010-05-30-07-37-03,2010,5,30,7,37,3.0,37.5800,22.1000,25,4.0,280,35,-90,NKUA,,-,S,,,,,,,,,,,,,,,,,,,,
2010-05-30-11-40-29,2010,5,30,11,40,29.1,40.1300,20.4100,20,4.0,15,45,-55,NKUA,,-,S,,,,,,,,,,,,,,,,,,,,
2010-06-06-12-21-23,2010,6,6,12,21,0.0,35.4100,24.7500,68,4.5,349,49,39,MED_RCMT (INGV),moment tensor inversion,from RCMT,P,5.4,,,,,,,,,,,,,,,,,,,
2010-06-11-10-56-44,2010,6,11,10,56,44.0,40.4000,28.9000,27,4.1,252,50,180,ERD,,-,S,,,,,,,,,,,,,,,,,,,,
2010-06-24-20-50-11,2010,6,24,20,50,11.0,35.5001,26.3791,30,4.1,316,40,95,NKUA,,-,S,,,,,,,,,,,,,,,,,,,,
2010-06-25-19-28-11,2010,6,25,19,28,11.0,35.5013,26.3815,35,4.4,200,40,60,NKUA,,-,S,,,,,,,,,,,,,,,,,,,,
2010-06-26-02-52-34,2010,6,26,2,52,34.0,35.3789,26.3891,25,4.2,120,40,100,NKUA,,-,S,,,,,,,,,,,,,,,,,,,,
2010-06-26-21-43-18,2010,6,26,21,43,18.0,34.3689,24.6897,50,4.2,180,30,70,NKUA,,-,S,,,,,,,,,,,,,,,,,,,,
2010-07-02-14-08-24,2010,7,2,14,8,23.6,35.1299,26.3291,25,4.2,230,50,-125,NKUA,,-,S,,,,,,,,,,,,,,,,,,,,
2010-07-09-22-15-10,2010,7,9,22,15,10.1,41.1700,19.8400,12,4.8,107,42,69,MED_RCMT (INGV),,-,P,0.0,,,,,,,,,,,,,,,,,,,
2010-07-13-03-18-11,2010,7,13,3,18,10.0,36.2300,21.8100,30,4.9,2,4,146,MED_RCMT (INGV),moment tensor inversion,from RCMT,P,66.0,,,,,,,,,,,,,,,,,,,
2010-07-16-03-18-12,2010,7,16,3,18,12.2,36.7718,26.8245,120,5.1,40,60,-3,NKUA,,-,S,,,,,,,,,,,,,,,,,,,,
2010-07-16-08-11-00,2010,7,16,8,11,1.9,36.8100,26.9100,165,4.9,77,53,-8,GCMT (PDEW),moment tensor inversion,"extracted from ndk file, mag is probably mb",P,2.0,GCMT (PDEW),2010,7,16,8,11,1.9,36.81,26.91,165,4.9,77,53,-8,0.0,0.0,0,0.0,0.0
2010-07-16-18-53-10,2010,7,16,18,53,10.4,39.3400,23.9900,9,5.2,30,66,-174,GCMT (PDEW),moment tensor inversion,"extracted from ndk file, mag is probably MS",P,27.6,GCMT (PDEW),2010,7,16,18,53,10.4,39.34,23.99,9.1,5.2,30,66,-174,0.0,0.0,0,0.0,0.0
2010-07-17-02-30-35,2010,7,17,2,30,35.1,39.3326,24.0251,40,4.1,310,50,-20,NKUA,,-,S,,,,,,,,,,,,,,,,,,,,
2010-07-20-03-10-24,2010,7,20,3,10,25.0,35.8200,21.8600,30,4.8,354,72,178,MED_RCMT (INGV),moment tensor inversion,from RCMT,P,69.4,,,,,,,,,,,,,,,,,,,
2010-07-21-20-12-15,2010,7,21,20,12,15.4,34.6107,29.9123,22,4.3,150,70,-170,NKUA,,-,S,,,,,,,,,,,,,,,,,,,,
2010-08-02-17-25-51,2010,8,2,17,25,51.2,35.5023,26.3056,30,4.3,175,30,80,NKUA,,-,S,,,,,,,,,,,,,,,,,,,,
2010-08-03-07-40-03,2010,8,3,7,40,0.0,38.8600,21.4200,10,4.1,344,15,-26,MED_RCMT (INGV),moment tensor inversion,from RCMT,P,8.7,,,,,,,,,,,,,,,,,,,
2010-08-04-20-38-00,2010,8,4,20,38,0.0,37.4880,26.9840,10,4.0,309,58,-49,Tan et al. (2014),first motion polarities and moment tensor inversion,"Samos, 2008-2012 (microseismicity)",S,,,,,,,,,,,,,,,,,,,,
2010-08-06-02-37-35,2010,8,6,2,37,45.0,34.2300,25.0300,28,5.0,162,16,-33,MED_RCMT (INGV),moment tensor inversion,from RCMT,P,59.6,,,,,,,,,,,,,,,,,,,
2010-08-08-00-24-32,2010,8,8,0,24,32.2,36.6315,28.0156,25,4.3,80,45,80,NKUA,,-,S,,,,,,,,,,,,,,,,,,,,
2010-08-08-04-06-34,2010,8,8,4,6,34.9,34.7200,24.4300,14,4.6,287,82,-7,NOA,,-,P,34.7,,,,,,,,,,,,,,,,,,,
2010-08-08-09-00-34,2010,8,8,9,0,28.0,40.5500,23.5600,22,4.4,90,66,-84,ISC (NEIC),moment tensor inversion,extracted from reviewed ISC FMCSV,P,29.3,,,,,,,,,,,,,,,,,,,
2010-08-08-09-15-16,2010,8,8,9,15,0.0,40.5200,23.5200,10,4.4,285,25,-69,MED_RCMT (INGV),moment tensor inversion,from RCMT,P,26.0,,,,,,,,,,,,,,,,,,,
2010-08-11-10-47-55,2010,8,11,10,47,55.0,39.4000,20.4700,10,4.3,286,39,62,NOA,,relocated,S,,,,,,,,,,,,,,,,,,,,
2010-08-12-02-23-02,2010,8,12,2,23,0.0,39.6600,27.6100,2,4.6,329,78,1,MED_RCMT (INGV),moment tensor inversion,from RCMT,P,52.0,,,,,,,,,,,,,,,,,,,
2010-08-12-09-46-02,2010,8,12,9,46,5.0,39.4000,20.6000,9,4.2,309,44,82,AUTH,,relocated,P,12.2,,,,,,,,,,,,,,,,,,,
2010-08-15-12-11-48,2010,8,15,12,11,48.0,37.2200,20.8900,15,4.1,285,73,1,MED_RCMT (INGV),moment tensor inversion,from RCMT,P,67.4,,,,,,,,,,,,,,,,,,,
2010-08-22-10-22-59,2010,8,22,10,23,1.3,37.4000,20.2000,10,5.3,316,12,81,UPSL,,-,P,10.1,GCMT (PDEW),2010,8,22,10,22,58.0,37.24,19.95,24,5.4,325,16,99,3.3,28.4,-14,-0.1,10.1
2010-08-23-04-22-37,2010,8,23,4,22,37.2,40.3816,25.9723,13,4.0,180,70,20,NKUA,,-,S,,,,,,,,,,,,,,,,,,,,
2010-08-29-00-51-58,2010,8,29,0,51,57.6,38.6612,23.3823,17,4.0,290,30,-100,NKUA,,-,S,,,,,,,,,,,,,,,,,,,,
2010-09-02-03-53-07,2010,9,2,3,53,7.0,38.2305,23.1715,17,4.2,90,30,-90,NKUA,,-,S,,,,,,,,,,,,,,,,,,,,
2010-09-07-14-17-58,2010,9,7,14,17,58.0,37.0000,27.6000,15,4.0,121,36,-47,ERD,,-,S,,,,,,,,,,,,,,,,,,,,
2010-09-11-15-47-12,2010,9,11,15,47,12.0,40.7000,20.9000,11,4.1,5,47,-72,NOA,moment tensor inversion,extracted from old EMSC DB,P,0.1,,,,,,,,,,,,,,,,,,,
2010-09-21-02-07-26,2010,9,21,2,7,26.2,35.1580,23.9835,17,4.0,215,45,60,NKUA,,-,S,,,,,,,,,,,,,,,,,,,,
2010-09-21-12-50-55,2010,9,21,12,50,54.6,37.2704,22.1315,25,4.0,60,40,100,NKUA,,-,S,,,,,,,,,,,,,,,,,,,,
2010-09-29-03-56-35,2010,9,29,3,56,35.2,35.1924,26.4412,20,4.1,33,74,-170,NKUA,,-,S,,,,,,,,,,,,,,,,,,,,
2010-09-30-04-30-57,2010,9,30,4,30,57.4,34.5218,26.1842,28,4.1,300,70,-170,NKUA,,-,S,,,,,,,,,,,,,,,,,,,,
2010-10-03-09-08-23,2010,10,3,9,8,23.0,36.2000,29.5000,40,4.5,215,58,-30,ERD,,-,S,,,,,,,,,,,,,,,,,,,,
2010-10-03-15-21-08,2010,10,3,15,21,36.0,35.0000,26.6000,27,5.2,65,41,-87,NOA,moment tensor inversion,extracted from old EMSC DB,P,80.1,GCMT (PDEW),2010,10,3,15,20,57.8,34.93,26.54,10,5,49,7,-124,38.2,9.5,17,0.2,40.4
2010-10-03-15-35-39,2010,10,3,15,35,38.5,35.1704,26.4215,20,4.1,69,41,-49,NKUA,,-,S,,,,,,,,,,,,,,,,,,,,
2010-10-03-17-49-04,2010,10,3,17,49,4.0,40.8000,28.2000,27,4.5,357,82,-7,ERD,,-,S,,,,,,,,,,,,,,,,,,,,
2010-10-09-19-05-12,2010,10,9,19,5,36.0,38.2000,22.7000,4,4.4,316,20,-29,NOA,moment tensor inversion,extracted from old EMSC DB,P,25.6,,,,,,,,,,,,,,,,,,,
2010-10-10-19-17-55,2010,10,10,19,17,54.0,35.3000,22.2400,10,4.4,133,62,155,MED_RCMT (INGV),moment tensor inversion,from RCMT,P,30.6,,,,,,,,,,,,,,,,,,,
2010-10-11-00-34-35,2010,10,11,0,34,35.0,42.4200,21.5900,2,4.5,272,37,-37,MED_RCMT (INGV),moment tensor inversion,from RCMT,S,,,,,,,,,,,,,,,,,,,,
2010-10-14-09-08-23,2010,10,14,9,8,24.0,36.1000,29.6100,30,4.8,170,37,-56,MED_RCMT (INGV),moment tensor inversion,from RCMT,P,72.7,,,,,,,,,,,,,,,,,,,
2010-10-17-17-55-08,2010,10,17,17,55,6.1,39.4000,20.5200,15,4.4,125,39,50,NOA,,-,P,28.8,,,,,,,,,,,,,,,,,,,
2010-10-23-06-17-41,2010,10,23,6,17,41.0,39.9700,21.4400,2,4.5,24,49,-51,MED_RCMT (INGV),moment tensor inversion,from RCMT,P,78.9,,,,,,,,,,,,,,,,,,,
2010-10-23-10-32-46,2010,10,23,10,32,46.1,38.7219,21.9856,12,4.0,90,20,-90,NKUA,,-,S,,,,,,,,,,,,,,,,,,,,
2010-10-25-07-40-46,2010,10,25,7,40,41.0,34.6400,23.5300,2,4.8,236,69,4,MED_RCMT (INGV),moment tensor inversion,from RCMT,P,79.1,,,,,,,,,,,,,,,,,,,
2010-10-29-03-38-29,2010,10,29,3,38,29.1,37.6210,20.1652,18,4.1,24,53,155,NKUA,,-,S,,,,,,,,,,,,,,,,,,,,
2010-10-29-06-32-41,2010,10,29,6,32,41.0,40.3105,25.8212,27,4.1,180,80,10,NKUA,,-,S,,,,,,,,,,,,,,,,,,,,
2010-11-03-02-51-08,2010,11,3,2,50,40.0,40.3000,26.1000,25,5.3,183,73,2,NOA,moment tensor inversion,extracted from old EMSC DB,P,24.2,GCMT (PDEW),2010,11,3,2,51,27.0,40.42,26.33,15.3,5.3,254,85,-177,-47.0,23.6,9.7,0.0,23.8
2010-11-11-20-07-55,2010,11,11,20,8,0.0,37.8600,27.3700,4,5.0,256,56,-112,Tan et al. (2014),first motion polarities and moment tensor inversion,"Samos, 2008-2012 (microseismicity)",P,57.1,GCMT (PDEW),2010,11,11,20,8,0.9,37.9,27.34,11.8,4.9,114,44,-63,-0.9,5.2,-7.8,0.1,5.8
2010-11-14-05-21-22,2010,11,14,5,21,0.0,37.8700,27.3440,6,4.2,278,64,-94,Tan et al. (2014),first motion polarities and moment tensor inversion,"Samos, 2008-2012 (microseismicity)",P,17.3,,,,,,,,,,,,,,,,,,,
2010-12-04-03-49-09,2010,12,4,3,49,9.0,36.4412,26.3917,145,4.5,300,80,170,NKUA,,-,S,,,,,,,,,,,,,,,,,,,,
2010-12-05-23-20-15,2010,12,5,23,20,15.0,35.4301,28.5014,50,4.6,78,77,-10,NKUA,,-,S,,,,,,,,,,,,,,,,,,,,
2010-12-08-21-50-00,2010,12,8,21,50,0.0,37.8790,27.3660,8,4.0,266,34,-102,Tan et al. (2014),first motion polarities and moment tensor inversion,"Samos, 2008-2012 (microseismicity)",S,,,,,,,,,,,,,,,,,,,,
2010-12-11-23-02-19,2010,12,11,23,2,19.0,38.4904,25.5915,30,4.1,246,53,-155,NKUA,,-,S,,,,,,,,,,,,,,,,,,,,
2010-12-17-09-37-49,2010,12,17,9,37,49.3,36.9300,23.9400,102,4.6,211,39,119,NOA,,-,P,7.4,,,,,,,,,,,,,,,,,,,
2010-12-18-06-05-45,2010,12,18,6,5,44.8,37.4000,20.4000,15,4.6,12,11,163,UPSL,,-,P,61.2,,,,,,,,,,,,,,,,,,,
2010-12-23-01-35-51,2010,12,23,1,35,51.0,40.0472,24.8013,14,4.1,64,73,175,NKUA,,-,S,,,,,,,,,,,,,,,,,,,,
2010-12-23-01-40-16,2010,12,23,1,40,16.3,40.1000,24.8000,5,4.0,50,83,-173,AUTH,,-,S,,,,,,,,,,,,,,,,,,,,
2010-12-23-08-02-31,2010,12,23,8,2,31.1,38.1057,20.5012,13,4.1,30,32,110,NKUA,,-,S,,,,,,,,,,,,,,,,,,,,
2010-12-26-05-08-21,2010,12,26,5,8,20.0,40.3200,25.8700,10,4.5,84,22,-157,MED_RCMT (INGV),moment tensor inversion,from RCMT,P,52.7,,,,,,,,,,,,,,,,,,,
2011-01-02-04-18-34,2011,1,2,4,18,34.0,33.8601,23.6613,11,4.1,272,35,-132,NKUA,,-,S,,,,,,,,,,,,,,,,,,,,
2011-01-02-14-40-10,2011,1,2,14,40,10.0,38.1800,20.6600,15,4.0,14,39,-34,NOA,,-,S,,,,,,,,,,,,,,,,,,,,
2011-01-09-00-26-18,2011,1,9,0,26,18.0,36.2900,21.4600,10,4.2,253,44,19,MED_RCMT (INGV),,-,P,0.0,,,,,,,,,,,,,,,,,,,
2011-01-20-11-39-37,2011,1,20,11,39,37.0,39.5600,23.5100,10,4.2,61,52,-135,MED_RCMT (INGV),,-,P,0.0,,,,,,,,,,,,,,,,,,,
2011-02-05-02-37-00,2011,2,5,2,37,0.0,37.8810,27.3050,7,4.0,147,24,-40,Tan et al. (2014),first motion polarities and moment tensor inversion,"Samos, 2008-2012 (microseismicity)",S,,,,,,,,,,,,,,,,,,,,
2011-02-06-02-08-00,2011,2,6,2,8,0.0,37.8870,27.2830,8,4.2,140,16,-60,Tan et al. (2014),first motion polarities and moment tensor inversion,"Samos, 2008-2012 (microseismicity)",S,,,,,,,,,,,,,,,,,,,,
2011-02-08-01-46-34,2011,2,8,1,46,36.0,35.0600,23.3000,50,4.4,335,44,123,MED_RCMT (INGV),moment tensor inversion,from RCMT,P,40.3,,,,,,,,,,,,,,,,,,,
2011-02-10-02-38-20,2011,2,10,2,38,20.0,38.9510,21.1643,13,4.1,77,47,-38,NKUA,,-,S,,,,,,,,,,,,,,,,,,,,
2011-02-11-17-16-18,2011,2,11,17,16,18.4,36.6973,21.4930,25,4.1,290,20,70,NKUA,,-,S,,,,,,,,,,,,,,,,,,,,
2011-02-11-17-56-57,2011,2,11,17,56,57.0,38.3892,21.7953,8,4.1,300,65,25,NKUA,,-,S,,,,,,,,,,,,,,,,,,,,
2011-02-14-09-17-44,2011,2,14,9,17,44.0,40.4712,19.5203,12,4.0,170,75,165,NKUA,,-,S,,,,,,,,,,,,,,,,,,,,
2011-02-20-15-11-32,2011,2,20,15,11,32.2,38.5162,21.6770,13,4.0,52,75,-173,NKUA,,-,S,,,,,,,,,,,,,,,,,,,,
2011-02-22-20-37-18,2011,2,22,20,37,3.0,38.8600,24.9400,12,4.4,41,72,-164,NOA,,-,P,63.6,,,,,,,,,,,,,,,,,,,
2011-02-23-05-29-29,2011,2,23,5,29,30.0,34.4400,26.5600,19,4.2,323,50,-155,NOA,,-,P,41.6,,,,,,,,,,,,,,,,,,,
2011-02-28-07-49-05,2011,2,28,7,49,5.0,34.9700,25.4100,32,5.2,82,41,59,NOA,,-,P,44.5,GCMT (PDEW),2011,2,28,7,49,7.0,34.98,25.42,53,5.2,246,6,64,-2.0,1.4,-21,0.0,52.6
2011-03-16-16-06-24,2011,3,16,16,6,24.0,38.4000,20.5000,19,4.4,102,15,86,NOA,moment tensor inversion,extracted from old EMSC DB,S,,,,,,,,,,,,,,,,,,,,
2011-03-16-16-07-25,2011,3,16,16,7,24.5,38.4412,20.5123,17,4.3,279,21,77,NKUA,,-,S,,,,,,,,,,,,,,,,,,,,
2011-04-01-13-28-58,2011,4,1,13,28,32.0,35.7000,26.5000,69,6.0,132,79,4,NOA,moment tensor inversion,extracted from old EMSC DB,P,18.3,GCMT (PDEW),2011,4,1,13,29,10.7,35.66,26.56,59.9,6.1,142,71,5,-38.7,7.0,9.1,-0.1,12.6
2011-04-10-06-51-51,2011,4,10,6,51,44.0,34.8000,25.8000,20,4.0,348,75,151,NOA,moment tensor inversion,extracted from old EMSC DB,P,0.1,,,,,,,,,,,,,,,,,,,
2011-04-10-11-12-03,2011,4,10,11,12,3.0,36.4675,28.7612,14,4.3,240,30,-110,NKUA,,-,S,,,,,,,,,,,,,,,,,,,,
2011-04-15-03-18-27,2011,4,15,3,18,24.0,36.6000,23.0000,14,4.0,9,69,48,NOA,moment tensor inversion,extracted from old EMSC DB,P,31.1,,,,,,,,,,,,,,,,,,,
2011-04-19-12-13-38,2011,4,19,12,13,52.0,38.2000,22.0000,58,4.4,144,83,43,NOA,moment tensor inversion,extracted from old EMSC DB,P,33.5,,,,,,,,,,,,,,,,,,,
2011-05-08-06-50-08,2011,5,8,6,49,36.0,36.7000,27.3000,9,5.0,253,56,-78,NOA,moment tensor inversion,extracted from old EMSC DB,P,12.3,GCMT (PDEW),2011,5,8,6,50,24.3,36.7,27.24,11,5.2,60,30,-97,-48.3,5.4,-2,-0.2,8.0
2011-05-14-08-45-53,2011,5,14,8,45,52.8,41.7370,20.8090,10,4.1,229,57,-156,NEIC (ISC),,-,S,,,,,,,,,,,,,,,,,,,,
2011-05-19-19-03-08,2011,5,19,19,3,8.0,34.5631,23.8121,23,4.1,250,60,-29,NKUA,,-,S,,,,,,,,,,,,,,,,,,,,
2011-05-19-20-39-09,2011,5,19,20,39,3.0,34.2600,23.6100,22,5.0,239,53,159,NOA,,-,P,66.8,GCMT (PDEW),2011,5,19,20,39,3.3,34.38,23.72,26,4.6,232,56,-24,-0.3,16.7,-4,0.4,83.8
2011-05-19-23-53-24,2011,5,19,23,53,23.5,34.3603,23.7981,17,4.1,346,69,-176,NKUA,,-,S,,,,,,,,,,,,,,,,,,,,
2011-05-25-23-27-57,2011,5,25,23,28,0.0,38.0000,21.1000,14,4.8,282,86,-6,NOA,moment tensor inversion,extracted from old EMSC DB,P,35.2,,,,,,,,,,,,,,,,,,,
2011-05-26-12-56-25,2011,5,26,12,56,32.0,37.9000,21.1000,13,4.6,192,81,166,NOA,moment tensor inversion,extracted from old EMSC DB,P,26.7,,,,,,,,,,,,,,,,,,,
2011-05-27-17-24-42,2011,5,27,17,25,20.0,35.8000,23.6000,6,4.3,162,26,-103,NOA,moment tensor inversion,extracted from old EMSC DB,P,32.5,,,,,,,,,,,,,,,,,,,
2011-05-28-01-03-55,2011,5,28,1,3,53.0,39.2700,20.5400,9,4.3,323,23,95,NOA,,-,P,7.6,,,,,,,,,,,,,,,,,,,
2011-06-01-17-18-58,2011,6,1,17,18,59.0,36.3500,22.2000,50,4.6,311,40,100,MED_RCMT (INGV),moment tensor inversion,from RCMT,P,92.4,,,,,,,,,,,,,,,,,,,
2011-06-04-05-23-17,2011,6,4,5,23,16.7,37.9482,21.0950,14,4.0,197,64,169,NOA,,-,S,,,,,,,,,,,,,,,,,,,,
2011-06-04-05-24-16,2011,6,4,5,24,16.8,37.9000,21.1000,14,4.0,208,51,-174,UPSL,moment tensor inversion,extracted from old EMSC DB,S,,,,,,,,,,,,,,,,,,,,
2011-06-09-16-16-36,2011,6,9,16,16,36.0,40.6900,19.7500,10,4.4,171,78,-170,MED_RCMT (INGV),,-,P,0.0,,,,,,,,,,,,,,,,,,,
2011-06-15-18-23-10,2011,6,15,18,23,10.0,36.6000,28.8000,20,4.1,74,78,-179,KOERI,,-,S,,,,,,,,,,,,,,,,,,,,
2011-06-16-00-21-19,2011,6,16,0,21,19.0,37.4412,28.7223,11,4.1,111,32,-54,NKUA,,-,S,,,,,,,,,,,,,,,,,,,,
2011-06-17-00-21-54,2011,6,17,0,21,54.0,34.8853,26.1082,17,4.0,105,45,-55,NKUA,,-,S,,,,,,,,,,,,,,,,,,,,
2011-06-18-14-57-20,2011,6,18,14,57,20.0,35.2300,27.7700,30,4.8,227,66,-16,MED_RCMT (INGV),moment tensor inversion,from RCMT,P,55.1,,,,,,,,,,,,,,,,,,,
2011-06-20-18-20-39,2011,6,20,18,20,48.1,38.0000,22.0000,21,4.0,65,88,-123,UPSL,moment tensor inversion,extracted from old EMSC DB,P,11.5,,,,,,,,,,,,,,,,,,,
2011-06-24-06-53-45,2011,6,24,6,53,52.0,37.6000,21.0000,17,4.5,275,45,-84,NOA,moment tensor inversion,extracted from old EMSC DB,P,80.8,,,,,,,,,,,,,,,,,,,
2011-06-27-21-28-50,2011,6,27,21,28,50.0,39.1000,29.0000,6,4.2,113,33,-116,ERD,,-,S,,,,,,,,,,,,,,,,,,,,
2011-07-01-00-57-28,2011,7,1,0,57,36.0,34.8000,24.1000,38,4.0,66,65,-178,NOA,moment tensor inversion,extracted from old EMSC DB,P,11.7,,,,,,,,,,,,,,,,,,,
2011-07-02-21-30-43,2011,7,2,21,30,40.0,36.5000,26.7000,123,4.6,67,87,51,NOA,moment tensor inversion,extracted from old EMSC DB,P,29.6,,,,,,,,,,,,,,,,,,,
2011-07-03-08-49-13,2011,7,3,8,49,13.0,36.6093,22.9137,30,4.0,195,25,49,NKUA,,-,S,,,,,,,,,,,,,,,,,,,,
2011-07-19-07-13-12,2011,7,19,7,13,4.5,37.3000,20.0000,13,5.0,148,59,94,UPSL,moment tensor inversion,extracted from old EMSC DB,P,11.8,GCMT (PDEW),2011,7,19,7,13,12.2,37.21,19.92,9,5.1,333,30,110,-7.7,12.3,4,-0.1,17.0
2011-07-24-07-00-30,2011,7,24,7,0,16.0,38.3000,21.8000,4,4.0,90,35,-75,NOA,moment tensor inversion,extracted from old EMSC DB,P,15.2,,,,,,,,,,,,,,,,,,,
2011-07-25-17-57-20,2011,7,25,17,57,20.6,40.8000,27.7500,16,5.2,346,50,-11,GCMT (PDEW),moment tensor inversion,"extracted from ndk file, mag is probably MS",P,20.6,GCMT (PDEW),2011,7,25,17,57,20.6,40.8,27.75,16.4,5.2,346,50,-11,0.0,0.0,0,0.0,0.0
2011-07-28-09-18-40,2011,7,28,9,18,56.0,38.3000,21.8000,15,4.5,315,89,23,NOA,moment tensor inversion,extracted from old EMSC DB,P,60.6,,,,,,,,,,,,,,,,,,,
2011-07-29-19-52-29,2011,7,29,19,52,26.6,38.3000,21.7000,10,4.1,243,38,-134,UPSL,,-,P,0.0,,,,,,,,,,,,,,,,,,,
2011-08-07-14-35-16,2011,8,7,14,34,40.0,38.4000,21.8000,12,4.7,250,42,-119,NOA,moment tensor inversion,extracted from old EMSC DB,P,33.8,GCMT (PDEW),2011,8,7,14,35,34.5,38.44,21.83,8.6,5,285,39,-54,-54.5,5.2,3.4,-0.3,44.1
2011-08-14-01-04-30,2011,8,14,1,4,0.0,37.3000,22.0000,6,4.8,165,34,-71,NOA,moment tensor inversion,extracted from old EMSC DB,P,43.4,,,,,,,,,,,,,,,,,,,
2011-08-14-01-05-03,2011,8,14,1,5,4.2,37.3000,22.0000,10,4.8,150,35,-97,UPSL,,relocated,P,21.5,GCMT (PDEW),2011,8,14,1,5,2.5,37.23,22.01,0,4.9,175,38,-69,1.7,7.8,10,-0.1,17.0
2011-08-14-01-06-08,2011,8,14,1,6,8.2,37.3000,22.0000,10,4.8,339,55,-85,UPSL,moment tensor inversion,extracted from old EMSC DB,S,,,,,,,,,,,,,,,,,,,,
2011-08-20-02-00-01,2011,8,20,1,59,28.0,37.9000,21.7000,26,5.0,328,80,-11,NOA,moment tensor inversion,extracted from old EMSC DB,P,31.3,GCMT (PDEW),2011,8,20,2,0,24.5,37.92,21.71,7.3,4.9,149,67,-23,-56.5,2.4,18.7,0.1,47.1
2011-08-22-08-50-59,2011,8,22,8,50,47.2,37.2000,22.0000,5,4.1,137,45,-128,UPSL,,relocated,P,0.0,,,,,,,,,,,,,,,,,,,
2011-08-23-05-22-15,2011,8,23,5,22,8.0,37.2000,22.0000,1,4.1,327,71,-100,UPSL,moment tensor inversion,extracted from old EMSC DB,P,0.1,,,,,,,,,,,,,,,,,,,
2011-08-31-22-18-51,2011,8,31,22,18,51.0,38.3117,20.4140,30,4.0,36,38,-169,NOA,,-,S,,,,,,,,,,,,,,,,,,,,
2011-09-10-02-22-16,2011,9,10,2,22,16.0,36.8700,26.5800,9,4.5,37,20,-104,MED_RCMT (INGV),,-,P,0.0,,,,,,,,,,,,,,,,,,,
2011-09-10-06-06-27,2011,9,10,6,6,13.0,36.8765,26.5873,6,4.2,271,29,-34,NOA,,-,P,44.7,,,,,,,,,,,,,,,,,,,
2011-09-13-16-19-28,2011,9,13,16,19,31.9,34.4100,23.7200,41,5.0,241,57,-11,GCMT (PDEW),moment tensor inversion,"extracted from ndk file, mag is probably mb",P,21.0,GCMT (PDEW),2011,9,13,16,19,31.9,34.41,23.72,41.2,5,241,57,-11,0.0,0.0,0,0.0,0.0
2011-09-14-03-35-28,2011,9,14,3,35,28.0,37.3000,22.1000,6,4.6,178,20,-61,NOA,moment tensor inversion,extracted from old EMSC DB,P,17.6,,,,,,,,,,,,,,,,,,,
2011-09-15-08-42-31,2011,9,15,8,42,22.0,35.7800,25.6500,19,4.2,337,45,-143,NOA,,-,P,0.0,,,,,,,,,,,,,,,,,,,
2011-09-16-12-43-59,2011,9,16,12,43,44.0,34.4000,23.5000,30,4.3,335,45,-156,NOA,moment tensor inversion,extracted from old EMSC DB,P,0.0,,,,,,,,,,,,,,,,,,,
2011-09-27-12-08-07,2011,9,27,12,7,28.0,34.2000,23.7000,27,5.4,329,71,-150,NOA,moment tensor inversion,extracted from old EMSC DB,P,56.2,ISC (GCMT),2011,9,27,12,8,22.3,34.36,23.69,17.2,5.3,235,59,-9,-54.3,17.8,9.8,0.1,11.4
2011-09-27-13-06-34,2011,9,27,13,6,34.0,34.1000,23.8000,20,4.3,233,56,-4,MED_RCMT (INGV),,-,P,0.0,,,,,,,,,,,,,,,,,,,
2011-09-30-17-53-12,2011,9,30,17,53,4.0,34.8000,24.1000,20,4.1,202,78,11,NOA,moment tensor inversion,extracted from old EMSC DB,P,0.0,,,,,,,,,,,,,,,,,,,
2011-10-04-06-11-12,2011,10,4,6,11,12.0,37.3000,23.3000,90,4.1,133,80,96,NOA,moment tensor inversion,extracted from old EMSC DB,S,,,,,,,,,,,,,,,,,,,,
2011-10-04-06-12-13,2011,10,4,6,12,13.0,37.3000,23.3000,90,4.1,282,12,59,NOA,,-,S,,,,,,,,,,,,,,,,,,,,
2011-10-04-09-26-58,2011,10,4,9,26,29.0,39.1700,21.5900,22,4.4,277,21,-114,NOA,,-,P,20.4,,,,,,,,,,,,,,,,,,,
2011-10-07-04-28-48,2011,10,7,4,28,48.9,37.2000,22.0000,3,4.0,341,43,-86,UPSL,moment tensor inversion,extracted from old EMSC DB,S,,,,,,,,,,,,,,,,,,,,
2011-10-09-21-23-00,2011,10,9,21,23,0.0,35.7400,22.0300,30,4.3,12,55,-156,MED_RCMT (INGV),,-,P,0.0,,,,,,,,,,,,,,,,,,,
2011-10-10-01-21-01,2011,10,10,1,20,56.0,37.2100,22.0400,8,4.3,174,24,-62,NOA,,relocated,P,19.0,,,,,,,,,,,,,,,,,,,
2011-10-10-04-49-59,2011,10,10,4,49,43.0,37.2100,22.0200,5,4.3,178,25,-80,NOA,,relocated,P,18.1,,,,,,,,,,,,,,,,,,,
2011-10-10-19-07-15,2011,10,10,19,7,0.0,37.1800,22.0400,9,4.7,188,31,-49,NOA,,-,P,33.8,GCMT (PDEW),2011,10,10,19,7,1.1,37.21,22.06,5.8,4.9,357,43,-74,-1.1,3.8,3.2,-0.2,40.2
2011-10-11-01-10-24,2011,10,11,1,10,24.0,37.2000,22.0000,4,4.0,176,32,-62,NOA,moment tensor inversion,extracted from old EMSC DB,S,,,,,,,,,,,,,,,,,,,,
2011-10-11-13-20-06,2011,10,11,13,20,0.0,38.2000,20.3000,11,4.1,117,50,74,NOA,moment tensor inversion,extracted from old EMSC DB,P,1.0,,,,,,,,,,,,,,,,,,,
2011-10-13-14-45-07,2011,10,13,14,45,20.0,40.2000,25.3000,5,4.1,343,67,-1,NOA,moment tensor inversion,extracted from old EMSC DB,P,19.5,,,,,,,,,,,,,,,,,,,
2011-10-24-10-14-33,2011,10,24,10,14,24.0,36.5000,28.7000,12,4.0,121,73,-82,NOA,moment tensor inversion,extracted from old EMSC DB,P,0.0,,,,,,,,,,,,,,,,,,,
2011-10-25-22-32-42,2011,10,25,22,32,32.0,38.0000,20.8000,17,4.0,136,88,10,NOA,moment tensor inversion,extracted from old EMSC DB,P,27.9,,,,,,,,,,,,,,,,,,,
2011-11-01-09-21-20,2011,11,1,9,21,4.0,35.5000,22.3000,32,4.1,179,79,-7,NOA,moment tensor inversion,extracted from old EMSC DB,P,0.0,,,,,,,,,,,,,,,,,,,
2011-11-06-20-56-45,2011,11,6,20,56,32.0,35.8000,25.7000,23,4.6,337,88,-121,NOA,moment tensor inversion,extracted from old EMSC DB,P,30.7,GCMT (PDEW),2011,11,6,20,56,49.5,35.8,25.66,30,4.9,193,40,-79,-17.5,3.6,-7,-0.3,44.2
2011-11-10-17-25-27,2011,11,10,17,25,20.0,38.4000,21.8000,6,4.5,98,70,-78,NOA,moment tensor inversion,extracted from old EMSC DB,P,24.2,,,,,,,,,,,,,,,,,,,
2011-11-12-18-27-40,2011,11,12,18,27,12.0,37.2000,22.0000,4,4.1,177,37,-56,NOA,moment tensor inversion,extracted from old EMSC DB,P,24.5,,,,,,,,,,,,,,,,,,,
2011-11-18-11-14-20,2011,11,18,11,14,8.0,34.7000,24.1000,35,4.2,111,45,-133,NOA,moment tensor inversion,extracted from old EMSC DB,P,0.0,,,,,,,,,,,,,,,,,,,
2011-11-20-02-16-11,2011,11,20,2,15,50.0,35.1140,26.5810,32,4.0,311,76,178,NOA,,-,P,0.0,,,,,,,,,,,,,,,,,,,
2011-11-23-12-17-57,2011,11,23,12,17,48.0,34.1110,25.0450,6,5.3,255,25,-46,NOA,,-,P,24.8,GCMT (PDEW),2011,11,23,12,17,51.3,34.28,25.08,10,5.5,238,39,-55,-3.3,19.0,-4,-0.2,17.6
2011-11-23-13-49-57,2011,11,23,13,49,52.0,34.2000,25.1000,7,4.5,62,41,-71,NOA,moment tensor inversion,extracted from old EMSC DB,P,32.1,,,,,,,,,,,,,,,,,,,
2011-11-29-14-07-07,2011,11,29,14,6,56.0,36.0000,28.5000,27,4.1,63,79,93,NOA,moment tensor inversion,extracted from old EMSC DB,P,0.0,,,,,,,,,,,,,,,,,,,
2011-11-30-15-02-30,2011,11,30,15,2,24.0,34.0000,25.7000,27,4.0,172,62,104,NOA,moment tensor inversion,extracted from old EMSC DB,P,0.1,,,,,,,,,,,,,,,,,,,
2011-12-05-08-17-18,2011,12,5,8,17,4.0,38.8000,26.3000,20,4.7,323,76,-25,NOA,moment tensor inversion,extracted from old EMSC DB,P,35.5,GCMT (PDEW),2011,12,5,8,17,26.6,38.81,26.23,6,5.1,285,40,-85,-22.6,6.2,14,-0.4,60.2
2011-12-05-08-30-08,2011,12,5,8,29,52.0,38.8000,26.3000,27,4.0,325,57,-27,NOA,moment tensor inversion,extracted from old EMSC DB,P,0.0,,,,,,,,,,,,,,,,,,,
2011-12-05-12-30-48,2011,12,5,12,30,56.0,38.1000,20.4000,18,4.1,345,81,7,NOA,moment tensor inversion,extracted from old EMSC DB,P,43.9,,,,,,,,,,,,,,,,,,,
2011-12-09-08-14-28,2011,12,9,8,14,0.0,34.7310,23.9430,24,4.3,257,29,178,NOA,,-,P,0.0,,,,,,,,,,,,,,,,,,,
2011-12-10-12-09-09,2011,12,10,12,8,42.0,34.7890,23.9600,16,4.0,296,66,166,NOA,,-,P,0.0,,,,,,,,,,,,,,,,,,,
2011-12-21-09-44-09,2011,12,21,9,43,46.0,35.8590,25.8880,83,4.2,117,28,31,NOA,,-,P,0.0,,,,,,,,,,,,,,,,,,,
2011-12-27-05-58-53,2011,12,27,5,59,0.0,37.9660,27.1860,12,4.3,300,54,-59,Tan et al. (2014),first motion polarities and moment tensor inversion,"Samos, 2008-2012 (microseismicity)",P,43.8,,,,,,,,,,,,,,,,,,,
2011-12-27-07-51-14,2011,12,27,7,51,0.0,37.9650,27.1860,9,4.3,300,55,-56,Tan et al. (2014),first motion polarities and moment tensor inversion,"Samos, 2008-2012 (microseismicity)",P,39.9,,,,,,,,,,,,,,,,,,,
2011-12-29-15-19-30,2011,12,29,15,19,28.0,38.3000,22.0000,5,4.1,285,45,-91,NOA,moment tensor inversion,extracted from old EMSC DB,P,25.3,,,,,,,,,,,,,,,,,,,
2012-01-07-22-31-31,2012,1,7,22,31,31.0,35.7400,27.3000,30,4.4,153,46,-109,MED_RCMT (INGV),moment tensor inversion,from RCMT,S,,,,,,,,,,,,,,,,,,,,
2012-01-07-22-32-32,2012,1,7,22,32,32.0,35.9000,27.2000,23,4.0,76,29,147,NOA,moment tensor inversion,extracted from old EMSC DB,S,,,,,,,,,,,,,,,,,,,,
2012-01-08-04-48-14,2012,1,8,4,48,0.0,35.9000,27.2000,18,4.0,139,26,44,NOA,moment tensor inversion,extracted from old EMSC DB,P,0.0,,,,,,,,,,,,,,,,,,,
2012-01-21-22-47-53,2012,1,21,22,47,28.0,34.6000,26.8000,20,4.1,332,74,173,NOA,moment tensor inversion,extracted from old EMSC DB,P,0.0,,,,,,,,,,,,,,,,,,,
2012-01-26-04-24-47,2012,1,26,4,24,59.3,36.0670,25.0700,10,5.0,179,88,-157,Kiratzi (2013),moment tensor inversion,"Christiana, January 2012",P,27.0,GCMT (PDEW),2012,1,26,4,24,58.3,36.06,25.07,29,5.3,81,39,-17,1.0,0.8,-19,-0.3,30.4
2012-01-26-04-29-50,2012,1,26,4,29,50.0,36.0600,25.0500,9,4.3,329,64,178,NOA,,-,S,,,,,,,,,,,,,,,,,,,,
2012-01-26-04-38-02,2012,1,26,4,38,2.8,36.0700,25.0700,10,4.0,166,75,-161,Kiratzi (2013),moment tensor inversion,"Christiana, January 2012",S,,,,,,,,,,,,,,,,,,,,
2012-01-26-04-59-46,2012,1,26,4,59,46.8,36.0530,25.0310,14,4.0,173,80,-171,Kiratzi (2013),moment tensor inversion,"Christiana, January 2012",S,,,,,,,,,,,,,,,,,,,,
2012-01-26-05-58-06,2012,1,26,5,57,57.6,36.0640,25.0170,14,4.1,164,87,-172,Kiratzi (2013),moment tensor inversion,"Christiana, January 2012",P,24.1,,,,,,,,,,,,,,,,,,,
2012-01-26-06-19-13,2012,1,26,6,18,59.5,36.0460,25.0540,6,4.1,187,74,-133,Kiratzi (2013),moment tensor inversion,"Christiana, January 2012",P,16.3,,,,,,,,,,,,,,,,,,,
2012-01-27-01-33-35,2012,1,27,1,33,24.0,36.0440,25.0640,14,5.3,177,84,-154,Kiratzi (2013),moment tensor inversion,"Christiana, January 2012",P,29.2,GCMT (PDEW),2012,1,27,1,33,24.0,36.04,25.06,5.2,5.3,78,28,-24,0.0,0.6,8.8,0.0,38.5
2012-01-27-01-40-16,2012,1,27,1,40,16.0,39.0000,21.9000,26,4.4,66,55,-158,NOA,moment tensor inversion,extracted from old EMSC DB,S,,,,,,,,,,,,,,,,,,,,
2012-01-27-17-43-14,2012,1,27,17,43,0.0,37.4900,27.1200,6,4.4,292,42,-87,Tan et al. (2014),first motion polarities and moment tensor inversion,"Samos, 2008-2012 (microseismicity)",P,34.1,,,,,,,,,,,,,,,,,,,
2012-01-27-19-06-18,2012,1,27,19,6,33.2,36.0610,25.0410,10,4.1,169,84,-173,Kiratzi (2013),moment tensor inversion,"Christiana, January 2012",P,31.9,,,,,,,,,,,,,,,,,,,
2012-01-28-10-50-49,2012,1,28,10,50,55.5,36.0540,25.0350,9,4.6,168,84,-170,Kiratzi (2013),moment tensor inversion,"Christiana, January 2012",P,30.6,,,,,,,,,,,,,,,,,,,
2012-01-29-05-05-34,2012,1,29,5,5,4.0,36.0000,25.1000,28,4.0,188,73,-161,NOA,moment tensor inversion,extracted from old EMSC DB,P,0.1,,,,,,,,,,,,,,,,,,,
2012-01-29-09-55-07,2012,1,29,9,55,6.6,36.0720,25.0090,10,4.5,166,86,-171,Kiratzi (2013),moment tensor inversion,"Christiana, January 2012",P,43.0,GCMT (PDEW),2012,1,29,9,55,6.6,36.07,25.01,17.2,4.6,192,46,-116,0.0,0.2,-7.2,-0.1,62.6
2012-02-08-04-28-34,2012,2,8,4,28,48.0,40.8000,20.5000,31,4.3,179,56,-158,NOA,moment tensor inversion,extracted from old EMSC DB,P,8.0,,,,,,,,,,,,,,,,,,,
2012-02-14-01-34-23,2012,2,14,1,33,52.0,40.1000,24.1000,5,5.1,84,47,-131,NOA,moment tensor inversion,extracted from old EMSC DB,P,25.7,GCMT (PDEW),2012,2,14,1,34,38.7,40.13,24.09,24,5.2,102,45,-107,-46.7,3.4,-19,-0.1,17.4
2012-02-14-13-22-00,2012,2,14,13,22,8.0,37.7000,20.8000,5,4.3,157,66,-63,NOA,moment tensor inversion,extracted from old EMSC DB,P,30.3,,,,,,,,,,,,,,,,,,,
2012-02-15-02-33-52,2012,2,15,2,33,36.0,36.2000,28.6000,90,4.3,255,89,49,NOA,moment tensor inversion,extracted from old EMSC DB,P,0.1,,,,,,,,,,,,,,,,,,,
2012-02-16-06-58-02,2012,2,16,6,57,57.0,34.4000,23.7600,78,4.1,340,31,103,NOA,,-,P,0.0,,,,,,,,,,,,,,,,,,,
2012-02-16-12-18-36,2012,2,16,12,18,8.0,34.7000,26.6000,30,4.2,301,36,-103,NOA,moment tensor inversion,extracted from old EMSC DB,P,6.4,,,,,,,,,,,,,,,,,,,
2012-02-17-08-04-28,2012,2,17,8,4,16.0,37.9000,23.0000,9,4.0,121,42,-87,NOA,moment tensor inversion,extracted from old EMSC DB,P,9.1,,,,,,,,,,,,,,,,,,,
2012-02-20-06-34-31,2012,2,20,6,34,27.0,38.1400,27.5100,20,4.3,64,73,-179,NOA,,-,P,63.5,,,,,,,,,,,,,,,,,,,
2012-02-22-02-23-07,2012,2,22,2,22,56.2,37.4000,21.7000,14,4.1,23,26,179,UPSL,moment tensor inversion,extracted from old EMSC DB,P,42.9,,,,,,,,,,,,,,,,,,,
2012-03-02-08-04-08,2012,3,2,8,4,16.0,34.8000,25.8000,16,4.1,140,22,-102,NOA,moment tensor inversion,extracted from old EMSC DB,P,7.0,,,,,,,,,,,,,,,,,,,
2012-03-04-03-31-08,2012,3,4,3,31,12.0,40.1000,24.1000,6,5.2,97,54,-117,NOA,moment tensor inversion,extracted from old EMSC DB,P,24.3,GCMT (PDEW),2012,3,4,3,31,8.4,40.13,24.06,2.5,5.3,115,44,-101,3.6,4.8,3.5,-0.1,17.3
2012-03-08-07-00-26,2012,3,8,7,0,16.0,34.8000,23.9000,25,4.2,186,62,-65,NOA,moment tensor inversion,extracted from old EMSC DB,P,53.0,,,,,,,,,,,,,,,,,,,
2012-03-13-10-02-41,2012,3,13,10,2,41.0,34.3100,26.5700,35,4.1,218,67,-170,NOA,,-,S,,,,,,,,,,,,,,,,,,,,
2012-03-13-10-03-44,2012,3,13,10,3,44.0,34.3000,26.6000,35,4.1,124,81,-23,NOA,moment tensor inversion,extracted from old EMSC DB,S,,,,,,,,,,,,,,,,,,,,
2012-03-15-05-41-14,2012,3,15,5,41,20.0,38.7000,21.3000,26,4.0,83,33,-164,NOA,moment tensor inversion,extracted from old EMSC DB,P,33.1,,,,,,,,,,,,,,,,,,,
2012-03-20-23-51-18,2012,3,20,23,51,9.0,36.0500,24.4000,45,4.5,152,59,31,NOA,,-,P,0.0,,,,,,,,,,,,,,,,,,,
2012-03-21-05-49-52,2012,3,21,5,49,52.0,38.6000,21.7000,8,4.1,333,88,-9,AUTH,moment tensor inversion,extracted from old EMSC DB,S,,,,,,,,,,,,,,,,,,,,
2012-03-22-00-38-18,2012,3,22,0,38,12.0,35.4900,26.1000,46,4.4,72,64,-18,NOA,,-,P,0.0,,,,,,,,,,,,,,,,,,,
2012-03-23-19-35-04,2012,3,23,19,34,41.0,34.1400,25.2800,26,4.0,28,30,10,NOA,,-,P,0.0,,,,,,,,,,,,,,,,,,,
2012-03-24-05-55-10,2012,3,24,5,55,10.0,35.8600,24.0200,50,4.0,138,49,161,MED_RCMT (INGV),,-,P,0.0,,,,,,,,,,,,,,,,,,,
2012-03-25-04-45-52,2012,3,25,4,45,52.0,39.5000,20.4000,34,4.7,338,77,69,NOA,moment tensor inversion,extracted from old EMSC DB,S,,,,,,,,,,,,,,,,,,,,
2012-03-25-04-46-54,2012,3,25,4,46,54.0,39.4600,20.4200,34,4.7,218,25,147,NOA,,-,P,27.2,,,,,,,,,,,,,,,,,,,
2012-04-16-11-22-40,2012,4,16,11,22,40.0,36.7000,21.5000,42,5.7,109,89,106,NOA,moment tensor inversion,extracted from old EMSC DB,P,39.7,,,,,,,,,,,,,,,,,,,
2012-04-16-11-23-42,2012,4,16,11,23,40.8,36.5600,21.3700,0,5.8,340,11,124,GCMT (PDEW),moment tensor inversion,"extracted from ndk file, mag is probably MS",P,14.6,GCMT (PDEW),2012,4,16,11,23,40.8,36.56,21.37,0,5.8,340,11,124,0.0,0.0,0,0.0,0.0
2012-04-16-12-02-43,2012,4,16,12,2,15.0,36.6200,21.6500,34,4.5,332,5,143,NOA,,-,P,0.0,,,,,,,,,,,,,,,,,,,
2012-04-16-15-06-49,2012,4,16,15,6,40.0,36.7000,21.7000,36,4.6,124,78,95,NOA,moment tensor inversion,extracted from old EMSC DB,P,14.4,,,,,,,,,,,,,,,,,,,
2012-04-23-22-15-31,2012,4,23,22,15,28.0,34.9000,25.4000,16,4.7,336,47,-48,NOA,moment tensor inversion,extracted from old EMSC DB,P,71.5,,,,,,,,,,,,,,,,,,,
2012-04-25-10-06-59,2012,4,25,10,6,59.0,40.1800,24.9800,16,4.0,137,45,-26,NOA,,-,S,,,,,,,,,,,,,,,,,,,,
2012-04-25-10-08-00,2012,4,25,10,8,0.0,40.2000,25.0000,16,4.0,137,45,-26,NOA,moment tensor inversion,extracted from old EMSC DB,S,,,,,,,,,,,,,,,,,,,,
2012-04-25-10-33-47,2012,4,25,10,33,36.0,38.4000,22.0000,4,4.4,117,63,-79,NOA,moment tensor inversion,extracted from old EMSC DB,P,27.1,,,,,,,,,,,,,,,,,,,
2012-04-30-15-23-33,2012,4,30,15,23,23.0,36.0800,25.0700,5,4.1,246,55,-2,NOA,,-,P,0.0,,,,,,,,,,,,,,,,,,,
2012-05-01-14-47-28,2012,5,1,14,47,28.0,38.6000,26.6000,10,4.8,220,66,-165,NOA,moment tensor inversion,extracted from old EMSC DB,P,23.6,,,,,,,,,,,,,,,,,,,
2012-05-01-14-48-28,2012,5,1,14,48,29.0,38.6300,26.6300,10,4.8,220,66,-165,NOA,,-,P,88.5,GCMT (PDEW),2012,5,1,14,48,28.5,38.66,26.66,12.2,5,294,41,-47,0.5,4.2,-2.2,-0.2,89.8
2012-05-02-00-02-24,2012,5,2,0,2,8.0,38.6000,26.7000,8,4.1,139,75,-18,NOA,moment tensor inversion,extracted from old EMSC DB,P,0.0,,,,,,,,,,,,,,,,,,,
2012-05-02-06-40-01,2012,5,2,6,40,1.0,38.6500,26.6700,9,4.0,138,61,2,NOA,,-,S,,,,,,,,,,,,,,,,,,,,
2012-05-02-06-41-04,2012,5,2,6,41,4.0,38.7000,26.8000,5,4.1,262,52,-108,AUTH,moment tensor inversion,extracted from old EMSC DB,S,,,,,,,,,,,,,,,,,,,,
2012-05-03-01-57-34,2012,5,3,1,57,20.0,38.6000,26.6000,8,4.0,261,39,-143,NOA,moment tensor inversion,extracted from old EMSC DB,P,0.0,,,,,,,,,,,,,,,,,,,
2012-05-03-16-16-04,2012,5,3,16,16,4.0,39.1000,29.0000,6,4.0,117,40,-90,ERD,,-,S,,,,,,,,,,,,,,,,,,,,
2012-05-03-19-40-02,2012,5,3,19,39,44.0,37.8000,21.1000,22,4.0,211,36,167,NOA,moment tensor inversion,extracted from old EMSC DB,P,0.0,,,,,,,,,,,,,,,,,,,
2012-05-05-15-55-24,2012,5,5,15,55,4.0,40.2000,19.4900,12,4.0,233,58,21,NOA,,-,P,0.0,,,,,,,,,,,,,,,,,,,
2012-05-07-07-40-41,2012,5,7,7,40,48.0,36.6000,21.5000,22,4.2,295,83,-105,NOA,moment tensor inversion,extracted from old EMSC DB,P,58.2,,,,,,,,,,,,,,,,,,,
2012-05-08-07-31-48,2012,5,8,7,31,20.0,37.0900,28.4900,20,4.1,110,79,-2,NOA,,-,P,0.0,,,,,,,,,,,,,,,,,,,
2012-05-10-08-45-10,2012,5,10,8,44,48.0,39.2000,20.7000,15,4.1,356,72,-110,NOA,moment tensor inversion,extracted from old EMSC DB,P,0.0,,,,,,,,,,,,,,,,,,,
2012-05-12-22-47-50,2012,5,12,22,47,28.0,40.6000,22.8000,7,4.0,320,89,-1,AUTH,moment tensor inversion,extracted from old EMSC DB,P,0.0,,,,,,,,,,,,,,,,,,,
2012-05-17-00-47-41,2012,5,17,0,47,41.0,36.3000,21.8000,29,4.5,225,47,-45,NOA,,-,S,,,,,,,,,,,,,,,,,,,,
2012-05-22-00-00-31,2012,5,22,0,0,31.0,42.3300,23.0300,10,5.6,296,37,-102,NOA,,-,S,,,,,,,,,,,,,,,,,,,,
2012-05-23-01-46-46,2012,5,23,1,46,40.1,39.2000,20.7000,8,4.1,170,66,109,UPSL,moment tensor inversion,extracted from old EMSC DB,P,15.6,,,,,,,,,,,,,,,,,,,
2012-05-26-08-51-12,2012,5,26,8,51,12.0,34.7000,24.6000,20,4.1,179,46,-47,NOA,moment tensor inversion,extracted from old EMSC DB,S,,,,,,,,,,,,,,,,,,,,
2012-05-26-08-52-13,2012,5,26,8,52,13.0,34.6700,24.6000,20,4.1,179,46,-47,NOA,,-,P,64.0,,,,,,,,,,,,,,,,,,,
2012-05-28-15-44-38,2012,5,28,15,44,12.0,38.0000,21.6000,14,4.1,323,73,176,NOA,,-,P,52.3,,,,,,,,,,,,,,,,,,,
2012-06-04-14-19-50,2012,6,4,14,19,44.0,36.9000,28.1000,30,4.5,107,43,-49,NOA,moment tensor inversion,extracted from old EMSC DB,P,15.6,,,,,,,,,,,,,,,,,,,
2012-06-05-01-59-28,2012,6,5,1,59,28.0,37.3000,20.4000,25,4.2,15,31,-130,NOA,moment tensor inversion,extracted from old EMSC DB,S,,,,,,,,,,,,,,,,,,,,
2012-06-07-10-17-03,2012,6,7,10,16,32.0,41.4000,20.9000,5,4.3,49,27,-57,NOA,moment tensor inversion,extracted from old EMSC DB,P,28.1,,,,,,,,,,,,,,,,,,,
2012-06-07-20-54-25,2012,6,7,20,54,24.0,40.9000,27.9000,5,5.1,6,24,19,NOA,moment tensor inversion,extracted from old EMSC DB,P,63.8,GCMT (PDEW),2012,6,7,20,54,25.8,40.85,27.92,14.9,5.1,90,57,-164,-1.8,5.8,-9.9,0.0,67.4
2012-06-08-03-44-18,2012,6,8,3,44,0.0,41.4000,20.9000,9,4.1,34,30,-100,NOA,moment tensor inversion,extracted from old EMSC DB,P,10.6,,,,,,,,,,,,,,,,,,,
2012-06-10-12-44-11,2012,6,10,12,43,44.0,36.4000,28.9000,22,5.9,109,89,-175,AUTH,moment tensor inversion,extracted from old EMSC DB,P,26.6,GCMT (PDEW),2012,6,10,12,44,16.6,36.42,28.88,35,6,206,72,-9,-32.6,2.9,-13,-0.1,26.3
2012-06-10-18-28-48,2012,6,10,18,29,20.0,36.5000,28.9000,33,4.1,113,60,165,NOA,moment tensor inversion,extracted from old EMSC DB,P,56.2,,,,,,,,,,,,,,,,,,,
2012-06-13-08-59-08,2012,6,13,8,59,8.2,36.4450,28.8710,23,4.1,287,61,175,NKUA,,-,S,,,,,,,,,,,,,,,,,,,,
2012-06-14-16-46-18,2012,6,14,16,46,56.0,36.4000,29.1000,45,4.7,219,85,8,NOA,moment tensor inversion,extracted from old EMSC DB,P,14.2,,,,,,,,,,,,,,,,,,,
2012-06-17-16-10-13,2012,6,17,16,9,46.0,35.8000,22.1000,15,4.0,145,55,-160,NOA,,-,P,0.1,,,,,,,,,,,,,,,,,,,
2012-06-17-19-20-37,2012,6,17,19,20,32.0,40.5000,21.6000,22,4.6,343,31,-154,NOA,moment tensor inversion,extracted from old EMSC DB,P,46.6,,,,,,,,,,,,,,,,,,,
2012-06-19-01-47-54,2012,6,19,1,47,54.1,33.9500,24.9950,20,4.1,231,17,-114,NKUA,,-,S,,,,,,,,,,,,,,,,,,,,
2012-06-20-03-05-49,2012,6,20,3,5,36.0,35.1000,26.6000,29,4.0,26,48,87,NOA,moment tensor inversion,extracted from old EMSC DB,P,5.2,,,,,,,,,,,,,,,,,,,
2012-06-23-17-52-41,2012,6,23,17,53,4.0,38.1000,22.0000,34,4.3,141,19,-98,NOA,moment tensor inversion,extracted from old EMSC DB,P,15.7,,,,,,,,,,,,,,,,,,,
2012-06-25-13-05-19,2012,6,25,13,5,4.0,36.4000,28.9000,40,4.9,320,86,-139,NOA,moment tensor inversion,extracted from old EMSC DB,P,24.1,GCMT (PDEW),2012,6,25,13,5,28.0,36.44,28.94,26.4,5,215,29,1,-24.0,5.7,13.6,-0.1,26.2
2012-06-28-13-11-28,2012,6,28,13,11,28.0,39.0000,23.2000,13,4.3,253,46,-127,NOA,moment tensor inversion,extracted from old EMSC DB,P,38.1,,,,,,,,,,,,,,,,,,,
2012-07-04-23-46-37,2012,7,4,23,46,38.8,35.0800,26.6500,52,4.6,131,69,1,GCMT (PDEW),moment tensor inversion,"extracted from ndk file, mag is probably MS",P,32.5,GCMT (PDEW),2012,7,4,23,46,38.8,35.08,26.65,51.8,4.6,131,69,1,0.0,0.0,0,0.0,0.0
2012-07-07-12-59-01,2012,7,7,12,58,40.0,41.3000,21.1000,17,4.2,191,81,-135,NOA,moment tensor inversion,extracted from old EMSC DB,P,49.3,,,,,,,,,,,,,,,,,,,
2012-07-09-13-54-51,2012,7,9,13,54,8.0,35.6000,28.9000,64,5.5,132,78,137,NOA,moment tensor inversion,extracted from old EMSC DB,P,51.9,GCMT (PDEW),2012,7,9,13,55,0.6,35.6,28.92,55.8,5.6,48,80,3,-52.6,1.8,8.2,-0.1,54.8
2012-07-18-19-37-25,2012,7,18,19,37,36.0,34.1000,25.2000,20,4.4,165,41,-17,NOA,moment tensor inversion,extracted from old EMSC DB,P,47.4,,,,,,,,,,,,,,,,,,,
2012-07-22-06-17-47,2012,7,22,6,17,47.3,34.9590,25.8080,16,4.1,245,43,71,NKUA,,-,S,,,,,,,,,,,,,,,,,,,,
2012-07-24-20-19-45,2012,7,24,20,19,45.0,34.9900,23.3900,60,4.3,221,70,2,MED_RCMT (INGV),moment tensor inversion,from RCMT,S,,,,,,,,,,,,,,,,,,,,
2012-07-25-21-28-32,2012,7,25,21,28,32.0,40.4000,26.1000,15,4.3,169,80,5,NOA,moment tensor inversion,extracted from old EMSC DB,P,8.1,,,,,,,,,,,,,,,,,,,
2012-07-28-05-52-41,2012,7,28,5,52,41.0,35.1200,27.5400,40,4.1,68,65,-4,NOA,,-,S,,,,,,,,,,,,,,,,,,,,
2012-07-28-08-53-00,2012,7,28,8,53,20.0,35.1000,27.5000,40,4.1,160,86,-155,NOA,moment tensor inversion,extracted from old EMSC DB,P,29.0,,,,,,,,,,,,,,,,,,,
2012-08-02-10-31-12,2012,8,2,10,31,28.0,39.3000,23.7000,8,4.2,211,72,166,NOA,moment tensor inversion,extracted from old EMSC DB,P,12.0,,,,,,,,,,,,,,,,,,,
2012-08-03-10-18-21,2012,8,3,10,18,20.0,38.7100,28.0300,5,4.6,351,62,-1,MED_RCMT (INGV),moment tensor inversion,from RCMT,P,92.0,,,,,,,,,,,,,,,,,,,
2012-08-04-02-23-50,2012,8,4,2,23,50.0,39.0000,28.2000,6,4.2,358,62,-155,KOERI,,-,S,,,,,,,,,,,,,,,,,,,,
2012-08-06-15-22-11,2012,8,6,15,22,11.4,38.7310,24.8250,10,4.2,106,89,-6,ISC (NEIC),moment tensor inversion,extracted from reviewed ISC FMCSV,S,,,,,,,,,,,,,,,,,,,,
2012-08-07-07-48-20,2012,8,7,7,48,18.4,34.4000,23.9100,24,4.2,213,73,-17,GCMT (PDEW),moment tensor inversion,"extracted from ndk file, mag is probably MS",P,23.5,GCMT (PDEW),2012,8,7,7,48,18.4,34.4,23.91,24,4.2,213,73,-17,0.0,0.0,0,0.0,0.0
2012-08-11-21-54-26,2012,8,11,21,54,8.0,37.7000,20.8000,16,4.2,132,72,-109,NOA,moment tensor inversion,extracted from old EMSC DB,P,18.2,,,,,,,,,,,,,,,,,,,
2012-09-04-22-43-43,2012,9,4,22,43,43.0,41.1000,19.9300,10,4.3,13,74,169,MED_RCMT (INGV),,-,P,0.0,,,,,,,,,,,,,,,,,,,
2012-09-09-19-30-55,2012,9,9,19,31,12.0,40.0000,24.7000,7,4.6,315,75,6,NOA,moment tensor inversion,extracted from old EMSC DB,P,14.7,,,,,,,,,,,,,,,,,,,
2012-09-12-03-27-37,2012,9,12,3,26,56.0,34.7000,24.0000,32,5.3,132,63,90,NOA,moment tensor inversion,extracted from old EMSC DB,P,19.7,GCMT (PDEW),2012,9,12,3,27,46.3,34.78,24.11,32.5,5.5,278,26,69,-50.3,13.4,-0.5,-0.2,17.8
2012-09-12-05-00-48,2012,9,12,5,0,48.0,36.9000,24.2000,8,4.3,297,55,-118,NOA,moment tensor inversion,extracted from old EMSC DB,P,72.3,,,,,,,,,,,,,,,,,,,
2012-09-21-08-47-21,2012,9,21,8,46,56.0,35.3000,22.6000,21,5.1,321,77,170,NOA,moment tensor inversion,extracted from old EMSC DB,P,31.9,GCMT (PDEW),2012,9,21,8,47,40.1,35.3,22.63,16,4.9,247,65,23,-44.1,2.7,5,0.2,50.2
2012-09-21-15-21-36,2012,9,21,15,21,36.3,38.4000,22.0000,10,4.0,296,21,-65,UPSL,moment tensor inversion,extracted from old EMSC DB,S,,,,,,,,,,,,,,,,,,,,
2012-09-21-15-39-07,2012,9,21,15,38,40.0,35.5000,22.8000,20,4.5,337,62,-148,NOA,moment tensor inversion,extracted from old EMSC DB,P,72.1,GCMT (PDEW),2012,9,21,15,39,17.5,35.49,22.83,61,4.6,300,32,97,-37.5,2.9,-41,-0.1,92.5
2012-09-22-03-50-48,2012,9,22,3,50,24.0,35.3000,26.9000,34,4.2,49,59,-6,NOA,moment tensor inversion,extracted from old EMSC DB,P,6.8,,,,,,,,,,,,,,,,,,,
2012-09-22-03-52-28,2012,9,22,3,52,32.0,38.1000,22.7000,25,4.9,299,20,-72,NOA,moment tensor inversion,extracted from old EMSC DB,P,14.3,GCMT (PDEW),2012,9,22,3,52,26.1,38.1,22.77,10,5.1,307,31,-65,5.9,6.1,15,-0.2,11.5
2012-09-22-06-15-42,2012,9,22,6,15,28.0,40.1000,20.8000,10,4.7,15,85,-2,NOA,moment tensor inversion,extracted from old EMSC DB,P,12.4,GCMT (PDEW),2012,9,22,6,15,57.3,40.16,20.83,17,4.5,285,84,177,-29.3,7.1,-7,0.2,8.2
2012-09-24-19-18-31,2012,9,24,19,18,24.0,39.0000,23.2000,25,4.0,135,68,-27,NOA,moment tensor inversion,extracted from old EMSC DB,P,3.9,,,,,,,,,,,,,,,,,,,
2012-09-26-01-28-30,2012,9,26,1,28,30.0,34.7300,30.0000,10,4.6,327,10,-79,MED_RCMT (INGV),,-,P,0.0,,,,,,,,,,,,,,,,,,,
2012-09-29-02-39-46,2012,9,29,2,39,33.0,35.4100,27.8700,6,4.2,26,21,-36,NOA,,-,P,0.0,,,,,,,,,,,,,,,,,,,
2012-09-29-05-25-56,2012,9,29,5,25,42.0,35.3600,27.8600,10,4.5,17,16,-15,NOA,,-,P,44.7,,,,,,,,,,,,,,,,,,,
2012-10-06-20-37-13,2012,10,6,20,37,20.0,40.3000,25.2000,29,4.3,247,81,177,NOA,moment tensor inversion,extracted from old EMSC DB,P,11.8,,,,,,,,,,,,,,,,,,,
2012-10-09-00-40-32,2012,10,9,0,40,32.0,35.4000,27.7000,20,4.4,331,46,160,NOA,moment tensor inversion,extracted from old EMSC DB,S,,,,,,,,,,,,,,,,,,,,
2012-10-23-15-21-05,2012,10,23,15,21,36.0,38.9000,20.6000,18,4.7,190,79,-166,NOA,moment tensor inversion,extracted from old EMSC DB,P,20.6,GCMT (PDEW),2012,10,23,15,20,42.2,38.92,20.5,16.9,4.8,276,85,1,53.8,9.0,1.1,-0.1,21.5
2012-10-26-23-16-52,2012,10,26,23,17,20.0,39.0000,22.9000,26,4.4,238,62,-129,NOA,moment tensor inversion,extracted from old EMSC DB,P,29.4,GCMT (PDEW),2012,10,26,23,16,45.3,38.96,22.89,17,4.6,93,42,-93,34.7,4.5,9,-0.2,39.1
2012-11-10-21-30-20,2012,11,10,21,30,40.0,37.9000,20.9000,13,4.0,312,61,14,NOA,moment tensor inversion,extracted from old EMSC DB,P,24.2,,,,,,,,,,,,,,,,,,,
2012-11-12-21-30-00,2012,11,12,21,30,0.0,37.9000,20.9000,13,4.0,312,61,14,NOA,,-,S,,,,,,,,,,,,,,,,,,,,
2012-11-14-07-24-08,2012,11,14,7,23,44.0,36.0000,29.6000,11,4.1,110,88,-177,AUTH,moment tensor inversion,extracted from old EMSC DB,P,0.0,,,,,,,,,,,,,,,,,,,
2012-11-18-21-04-17,2012,11,18,21,4,17.0,36.6000,27.9000,12,4.2,67,23,-35,ERD,,-,S,,,,,,,,,,,,,,,,,,,,
2012-11-24-21-04-48,2012,11,24,21,5,4.0,36.7000,28.0000,6,4.1,249,63,-66,NOA,moment tensor inversion,extracted from old EMSC DB,P,21.0,,,,,,,,,,,,,,,,,,,
2012-11-24-21-30-58,2012,11,24,21,30,40.0,36.6000,27.9000,7,4.0,212,57,-111,NOA,moment tensor inversion,extracted from old EMSC DB,P,34.2,,,,,,,,,,,,,,,,,,,
2012-11-26-17-35-46,2012,11,26,17,36,0.0,36.6000,27.9000,6,4.6,45,24,-87,NOA,moment tensor inversion,extracted from old EMSC DB,P,17.1,GCMT (PDEW),2012,11,26,17,35,41.8,36.65,27.99,0,4.9,35,31,-94,18.2,9.8,6,-0.3,8.6
2012-11-28-01-49-45,2012,11,28,1,49,45.1,42.4660,20.1010,9,4.1,93,21,-93,NEIC (ISC),,-,S,,,,,,,,,,,,,,,,,,,,
2012-11-29-11-28-56,2012,11,29,11,28,40.0,37.2000,26.8600,20,4.2,300,79,-2,NOA,,-,P,2.2,,,,,,,,,,,,,,,,,,,
2012-11-30-02-33-07,2012,11,30,2,32,38.0,37.2500,28.7300,12,4.0,261,43,-153,NOA,,-,P,0.0,,,,,,,,,,,,,,,,,,,
2012-12-03-21-39-12,2012,12,3,21,39,12.0,39.5000,23.5000,3,4.1,328,79,-27,NOA,moment tensor inversion,extracted from old EMSC DB,P,22.2,,,,,,,,,,,,,,,,,,,
2012-12-03-21-40-17,2012,12,3,21,40,18.1,39.5400,23.4600,10,4.1,234,83,154,ISC (NEIC),moment tensor inversion,extracted from reviewed ISC FMCSV,P,43.3,,,,,,,,,,,,,,,,,,,
2012-12-04-18-59-27,2012,12,4,18,59,12.0,36.9000,23.1000,6,4.3,325,47,-109,NOA,moment tensor inversion,extracted from old EMSC DB,P,24.6,,,,,,,,,,,,,,,,,,,
2012-12-06-17-48-28,2012,12,6,17,48,48.0,36.9000,23.1000,6,4.4,322,42,-112,NOA,moment tensor inversion,extracted from old EMSC DB,P,14.9,,,,,,,,,,,,,,,,,,,
2012-12-09-01-23-10,2012,12,9,1,23,12.0,37.9000,22.6000,9,4.0,97,59,-87,NOA,moment tensor inversion,extracted from old EMSC DB,P,15.2,,,,,,,,,,,,,,,,,,,
2012-12-13-21-39-26,2012,12,13,21,39,26.6,41.1530,19.7150,10,4.1,150,82,111,ISC (NEIC),moment tensor inversion,extracted from reviewed ISC FMCSV,P,61.2,,,,,,,,,,,,,,,,,,,
2012-12-16-07-02-39,2012,12,16,7,2,24.0,35.5000,27.7000,4,4.2,323,27,-178,NOA,moment tensor inversion,extracted from old EMSC DB,P,41.1,,,,,,,,,,,,,,,,,,,
2012-12-24-22-41-09,2012,12,24,22,41,4.0,36.8000,26.6000,8,4.0,215,46,-119,NOA,moment tensor inversion,extracted from old EMSC DB,P,11.5,,,,,,,,,,,,,,,,,,,
2012-12-27-23-20-53,2012,12,27,23,20,53.8,38.2230,21.8530,20,4.0,131,64,-75,ISC (NEIC),moment tensor inversion,extracted from reviewed ISC FMCSV,S,,,,,,,,,,,,,,,,,,,,
2013-01-03-08-38-56,2013,1,3,8,38,24.0,34.3000,25.1000,27,4.3,312,23,-26,NOA,moment tensor inversion,extracted from old EMSC DB,P,83.1,,,,,,,,,,,,,,,,,,,
2013-01-08-14-15-57,2013,1,8,14,16,9.1,39.6410,25.6110,11,5.8,241,86,175,Kiratzi & Svigkas (2013),moment tensor inversion,"Lemnos Island, 8 January 2013 Mw5.8 earthquake sequence",P,15.4,GCMT (PDEW),2013,1,8,14,16,9.0,39.66,25.54,12.9,5.8,331,83,-1,0.1,6.4,-1.9,0.0,5.4
2013-01-09-15-41-21,2013,1,9,15,41,33.2,39.6600,25.6630,9,4.4,62,79,165,Kiratzi & Svigkas (2013),moment tensor inversion,"Lemnos Island, 8 January 2013 Mw5.8 earthquake sequence",P,22.8,,,,,,,,,,,,,,,,,,,
2013-01-11-00-30-11,2013,1,11,0,30,21.2,39.6210,25.5720,3,4.2,71,54,-173,Kiratzi & Svigkas (2013),moment tensor inversion,"Lemnos Island, 8 January 2013 Mw5.8 earthquake sequence",P,32.1,,,,,,,,,,,,,,,,,,,
2013-01-12-00-30-21,2013,1,12,0,30,21.1,39.6650,25.4950,15,4.3,68,56,-175,NKUA,,-,S,,,,,,,,,,,,,,,,,,,,
2013-01-13-08-55-19,2013,1,13,8,55,15.5,39.6240,25.5840,8,4.5,246,75,174,Kiratzi & Svigkas (2013),moment tensor inversion,"Lemnos Island, 8 January 2013 Mw5.8 earthquake sequence",P,21.2,,,,,,,,,,,,,,,,,,,
2013-01-14-11-50-58,2013,1,14,11,50,57.0,35.6300,21.6200,15,4.2,23,13,17,MED_RCMT (INGV),moment tensor inversion,from RCMT,P,93.1,,,,,,,,,,,,,,,,,,,
2013-01-26-05-15-52,2013,1,26,5,15,44.0,34.5000,24.0000,2,4.1,280,36,75,NOA,moment tensor inversion,extracted from old EMSC DB,P,7.7,,,,,,,,,,,,,,,,,,,
2013-01-29-01-48-53,2013,1,29,1,48,48.0,35.5000,27.1000,25,4.1,238,55,10,NOA,moment tensor inversion,extracted from old EMSC DB,P,3.0,,,,,,,,,,,,,,,,,,,
2013-02-02-11-33-44,2013,2,2,11,33,20.0,34.5000,25.0000,26,4.5,203,10,-156,NOA,moment tensor inversion,extracted from old EMSC DB,P,58.4,,,,,,,,,,,,,,,,,,,
2013-02-04-07-57-24,2013,2,4,7,57,52.0,34.8000,24.2000,33,4.3,198,15,-14,NOA,moment tensor inversion,extracted from old EMSC DB,P,32.4,,,,,,,,,,,,,,,,,,,
2013-02-15-14-43-00,2013,2,15,14,43,12.0,40.3000,24.0000,10,4.5,181,57,38,NOA,moment tensor inversion,extracted from old EMSC DB,P,28.8,GCMT (PDEW),2013,2,15,14,42,55.0,40.33,23.93,9.2,4.7,170,80,2,17.0,6.8,0.8,-0.2,40.4
2013-02-17-03-12-33,2013,2,17,3,12,0.0,37.2000,20.5000,18,4.9,347,72,-163,NOA,moment tensor inversion,extracted from old EMSC DB,P,72.2,GCMT (PDEW),2013,2,17,3,12,56.2,37.33,20.74,3.6,4.9,306,26,92,-56.2,25.7,14.4,0.0,90.0
2013-02-17-05-42-02,2013,2,17,5,42,7.8,36.6800,21.6800,32,5.0,322,32,93,GCMT (PDEW),moment tensor inversion,"extracted from ndk file, mag is probably MS",P,26.9,GCMT (PDEW),2013,2,17,5,42,7.8,36.68,21.68,32.2,5,322,32,93,0.0,0.0,0,0.0,0.0
2013-02-17-16-48-56,2013,2,17,16,49,4.0,40.8000,21.4000,6,4.0,228,49,-122,NOA,moment tensor inversion,extracted from old EMSC DB,P,14.1,,,,,,,,,,,,,,,,,,,
2013-02-21-05-54-27,2013,2,21,5,54,8.0,36.8000,20.3000,14,4.6,17,74,-179,NOA,moment tensor inversion,extracted from old EMSC DB,P,72.7,,,,,,,,,,,,,,,,,,,
2013-02-21-10-18-46,2013,2,21,10,18,40.0,37.4000,26.9000,8,4.4,216,75,-165,NOA,moment tensor inversion,extracted from old EMSC DB,P,24.8,,,,,,,,,,,,,,,,,,,
2013-03-05-21-42-00,2013,3,5,21,42,0.0,34.4200,24.1900,10,4.6,213,22,-73,MED_RCMT (INGV),,-,P,0.0,,,,,,,,,,,,,,,,,,,
2013-03-06-14-47-02,2013,3,6,14,47,28.0,35.0000,26.0000,22,4.0,96,64,14,NOA,moment tensor inversion,extracted from old EMSC DB,P,4.5,,,,,,,,,,,,,,,,,,,
2013-03-07-09-40-01,2013,3,7,9,39,46.0,34.9700,25.9300,28,4.2,350,64,156,NOA,,-,P,0.0,,,,,,,,,,,,,,,,,,,
2013-03-11-21-26-24,2013,3,11,21,26,24.0,38.7000,21.1000,16,4.0,269,87,-109,NOA,moment tensor inversion,extracted from old EMSC DB,S,,,,,,,,,,,,,,,,,,,,
2013-03-11-21-27-27,2013,3,11,21,27,28.0,38.7400,21.0100,10,4.1,139,44,-39,MED_RCMT (INGV),moment tensor inversion,from RCMT,P,30.5,,,,,,,,,,,,,,,,,,,
2013-03-15-16-21-35,2013,3,15,16,21,35.9,35.6000,27.8000,30,4.0,39,75,-5,ERD,,-,P,0.1,,,,,,,,,,,,,,,,,,,
2013-03-25-07-21-10,2013,3,25,7,20,58.0,41.9500,20.0100,22,4.0,120,36,-116,NOA,,-,P,61.7,,,,,,,,,,,,,,,,,,,
2013-03-25-20-55-00,2013,3,25,20,54,24.0,35.6000,24.7000,50,4.2,96,72,124,NOA,moment tensor inversion,extracted from old EMSC DB,P,19.6,,,,,,,,,,,,,,,,,,,
2013-03-31-16-28-10,2013,3,31,16,28,10.0,36.0200,24.3100,70,4.2,218,44,97,MED_RCMT (INGV),,-,P,0.0,,,,,,,,,,,,,,,,,,,
2013-04-01-16-55-12,2013,4,1,16,55,28.0,38.8000,26.0000,15,4.0,142,78,-25,NOA,moment tensor inversion,extracted from old EMSC DB,P,2.2,,,,,,,,,,,,,,,,,,,
2013-04-03-13-26-21,2013,4,3,13,26,19.0,35.0400,23.3800,31,4.0,169,11,-105,NOA,,-,P,0.0,,,,,,,,,,,,,,,,,,,
2013-04-03-13-28-38,2013,4,3,13,28,32.0,34.9000,23.3000,35,4.6,271,68,-42,NOA,moment tensor inversion,extracted from old EMSC DB,P,48.5,,,,,,,,,,,,,,,,,,,
2013-04-06-11-26-15,2013,4,6,11,26,6.6,34.8150,24.1097,12,4.9,305,88,-81,NOA,moment tensor inversion,from seismic portal,P,55.4,GCMT (PDEW),2013,4,6,11,26,7.4,34.8,24.09,34.1,5.2,298,32,93,-0.8,2.5,-22.1,-0.3,36.7
2013-04-09-03-35-48,2013,4,9,3,35,28.0,36.5000,23.0000,21,4.6,359,89,-129,NOA,moment tensor inversion,extracted from old EMSC DB,P,31.7,,,,,,,,,,,,,,,,,,,
2013-04-13-10-43-57,2013,4,13,10,44,16.0,36.6000,21.3000,18,4.2,218,78,-37,NOA,moment tensor inversion,extracted from old EMSC DB,P,70.9,,,,,,,,,,,,,,,,,,,
2013-04-23-00-47-04,2013,4,23,0,46,56.0,38.3000,20.4000,11,4.2,301,68,39,NOA,moment tensor inversion,extracted from old EMSC DB,P,25.2,,,,,,,,,,,,,,,,,,,
2013-04-24-00-47-29,2013,4,24,0,47,29.1,38.3295,20.4586,13,4.2,179,57,141,NKUA,,-,S,,,,,,,,,,,,,,,,,,,,
2013-04-24-20-12-10,2013,4,24,20,11,44.0,36.8000,23.0000,12,4.0,15,41,-119,NOA,moment tensor inversion,extracted from old EMSC DB,P,28.8,,,,,,,,,,,,,,,,,,,
2013-04-28-04-50-02,2013,4,28,4,50,8.0,38.3000,22.2000,50,4.1,127,84,78,UPSL,moment tensor inversion,extracted from old EMSC DB,P,17.9,,,,,,,,,,,,,,,,,,,
2013-04-28-16-31-02,2013,4,28,16,31,5.0,37.4500,22.6900,60,4.6,142,38,143,AUTH,,-,P,89.2,,,,,,,,,,,,,,,,,,,
2013-04-28-16-32-00,2013,4,28,16,32,0.0,37.5000,22.7000,60,4.3,262,69,-63,NOA,moment tensor inversion,extracted from old EMSC DB,P,6.4,,,,,,,,,,,,,,,,,,,
2013-05-16-03-01-47,2013,5,16,3,1,20.0,37.0000,28.4000,4,4.8,291,25,-86,NOA,moment tensor inversion,extracted from old EMSC DB,P,21.9,GCMT (PDEW),2013,5,16,3,2,3.3,37.04,28.4,7.8,4.6,293,38,-97,-43.3,4.4,-3.8,0.2,18.2
2013-05-23-04-00-46,2013,5,23,4,0,36.0,34.1900,25.0400,9,4.4,255,30,-14,NOA,,-,P,43.5,,,,,,,,,,,,,,,,,,,
2013-05-23-14-09-03,2013,5,23,14,9,4.0,38.6000,20.6000,2,4.7,126,21,44,NOA,moment tensor inversion,extracted from old EMSC DB,P,37.4,GCMT (PDEW),2013,5,23,14,9,5.9,38.66,20.56,6.9,4.7,349,45,117,-1.9,7.5,-4.9,0.0,33.9
2013-06-02-02-47-57,2013,6,2,2,47,57.0,34.9500,19.4000,10,4.3,268,66,166,MED_RCMT (INGV),,-,P,0.0,,,,,,,,,,,,,,,,,,,
2013-06-04-01-57-02,2013,6,4,1,57,20.0,38.0000,24.0000,10,4.0,297,58,-94,NOA,moment tensor inversion,extracted from old EMSC DB,P,12.6,,,,,,,,,,,,,,,,,,,
2013-06-06-11-54-13,2013,6,6,11,54,40.0,36.8000,21.9000,26,4.7,201,54,-28,NOA,moment tensor inversion,extracted from old EMSC DB,P,47.0,GCMT (PDEW),2013,6,6,11,53,47.1,36.81,21.87,39.4,5,219,59,13,52.9,2.9,-13.4,-0.3,34.7
2013-06-09-15-15-08,2013,6,9,15,15,8.5,38.8048,26.7840,11,4.0,256,41,-123,ERD,moment tensor inversion,from seismic portal,S,,,,,,,,,,,,,,,,,,,,
2013-06-15-16-10-55,2013,6,15,16,10,40.0,34.0000,25.2000,40,6.1,107,69,107,NOA,moment tensor inversion,extracted from old EMSC DB,P,18.6,GCMT (PDEW),2013,6,15,16,11,2.5,34.4,25.02,10,6.2,235,7,45,-22.5,47.4,30,-0.1,20.3
2013-06-15-16-51-16,2013,6,15,16,51,15.7,34.3065,25.0930,22,4.4,246,25,41,NKUA,,-,S,,,,,,,,,,,,,,,,,,,,
2013-06-15-16-59-40,2013,6,15,16,59,44.0,34.3000,25.1000,21,4.4,98,79,-91,NOA,moment tensor inversion,extracted from old EMSC DB,P,88.1,,,,,,,,,,,,,,,,,,,
2013-06-16-00-53-37,2013,6,16,0,53,37.0,34.2500,25.1300,30,4.4,145,60,-4,MED_RCMT (INGV),,-,P,0.0,,,,,,,,,,,,,,,,,,,
2013-06-16-21-39-05,2013,6,16,21,39,12.0,34.4000,25.0000,32,5.8,301,74,-117,NOA,moment tensor inversion,extracted from old EMSC DB,P,31.2,GCMT (PDEW),2013,6,16,21,39,5.8,34.35,25.16,19,6,222,7,20,6.2,15.7,13,-0.2,29.5
2013-06-18-17-18-35,2013,6,18,17,18,56.0,36.9000,22.1000,8,4.0,353,27,-85,NOA,moment tensor inversion,extracted from old EMSC DB,P,20.6,,,,,,,,,,,,,,,,,,,
2013-06-18-22-26-44,2013,6,18,22,26,8.0,34.4000,25.0000,22,4.5,300,47,-118,NOA,moment tensor inversion,extracted from old EMSC DB,P,51.3,,,,,,,,,,,,,,,,,,,
2013-06-19-13-02-47,2013,6,19,13,2,56.0,35.8000,27.2000,5,4.1,191,72,-47,NOA,moment tensor inversion,extracted from old EMSC DB,P,2.2,,,,,,,,,,,,,,,,,,,
2013-06-19-19-05-14,2013,6,19,19,5,36.0,34.2000,25.1000,28,4.7,298,54,-139,NOA,moment tensor inversion,extracted from old EMSC DB,P,52.8,,,,,,,,,,,,,,,,,,,
2013-06-22-08-40-57,2013,6,22,8,40,32.0,40.3000,19.6000,14,4.2,166,76,76,NOA,moment tensor inversion,extracted from old EMSC DB,P,18.3,,,,,,,,,,,,,,,,,,,
2013-06-26-16-33-59,2013,6,26,16,33,58.9,35.8589,27.2265,4,4.0,317,43,-139,NKUA,,-,S,,,,,,,,,,,,,,,,,,,,
2013-07-02-10-45-22,2013,7,2,10,45,21.0,40.1200,21.8500,22,4.8,218,40,-109,GCMT (PDEW),moment tensor inversion,"extracted from ndk file, mag is probably MS",P,9.5,GCMT (PDEW),2013,7,2,10,45,21.0,40.12,21.85,22.2,4.8,218,40,-109,0.0,0.0,0,0.0,0.0
2013-07-02-10-46-24,2013,7,2,10,46,24.0,40.1000,21.9000,11,4.7,57,48,-84,NOA,moment tensor inversion,extracted from old EMSC DB,P,4.7,,,,,,,,,,,,,,,,,,,
2013-07-03-13-28-26,2013,7,3,13,28,32.0,40.1000,21.9000,13,4.8,225,44,-104,NOA,moment tensor inversion,extracted from old EMSC DB,P,16.1,GCMT (PDEW),2013,7,3,13,28,24.7,40.15,21.83,18.5,4.8,252,37,-63,7.3,8.2,-5.5,0.0,27.5
2013-07-09-17-12-02,2013,7,9,17,12,1.9,42.2120,26.3050,16,4.1,152,46,45,NEIC (ISC),,-,S,,,,,,,,,,,,,,,,,,,,
2013-07-12-00-36-57,2013,7,12,0,36,57.1,40.3738,25.9460,47,4.0,222,64,152,ERD,moment tensor inversion,from seismic portal,S,,,,,,,,,,,,,,,,,,,,
2013-07-25-23-06-15,2013,7,25,23,6,40.0,37.4000,26.9000,8,4.0,109,64,-21,NOA,moment tensor inversion,extracted from old EMSC DB,P,10.1,,,,,,,,,,,,,,,,,,,
2013-07-28-13-54-40,2013,7,28,13,54,40.2,37.9551,20.9705,7,4.1,308,57,1,NKUA,,-,S,,,,,,,,,,,,,,,,,,,,
2013-07-30-05-33-00,2013,7,30,5,32,48.0,40.3000,25.8000,8,4.9,243,66,-149,NOA,moment tensor inversion,extracted from old EMSC DB,P,19.0,GCMT (PDEW),2013,7,30,5,33,9.8,40.29,25.87,10.2,4.8,142,53,-36,-21.8,6.1,-2.2,0.1,13.6
2013-07-31-10-36-22,2013,7,31,10,36,22.0,36.6300,21.4900,49,4.4,266,69,-21,MED_RCMT (INGV),,-,P,0.1,,,,,,,,,,,,,,,,,,,
2013-08-07-09-02-18,2013,8,7,9,1,52.0,38.7000,22.7000,6,4.3,230,12,-128,NOA,moment tensor inversion,extracted from old EMSC DB,P,29.7,,,,,,,,,,,,,,,,,,,
2013-08-07-09-06-29,2013,8,7,9,6,8.0,38.7000,22.7000,8,5.4,218,18,-133,NOA,moment tensor inversion,extracted from old EMSC DB,P,18.7,GCMT (PDEW),2013,8,7,9,6,52.2,38.69,22.69,0.1,5.5,267,27,-78,-44.2,1.4,7.9,-0.1,22.0
2013-08-07-09-57-20,2013,8,7,9,57,20.0,38.7000,22.7000,8,4.1,88,38,-91,NOA,moment tensor inversion,extracted from old EMSC DB,S,,,,,,,,,,,,,,,,,,,,
2013-08-07-13-43-28,2013,8,7,13,43,28.0,38.7000,22.7000,6,4.7,207,17,-147,NOA,moment tensor inversion,extracted from old EMSC DB,S,,,,,,,,,,,,,,,,,,,,
2013-08-07-13-44-32,2013,8,7,13,44,32.0,38.6900,22.6600,10,4.7,209,26,-142,MED_RCMT (INGV),moment tensor inversion,from RCMT,P,4.4,,,,,,,,,,,,,,,,,,,
2013-08-09-04-19-40,2013,8,9,4,20,16.0,39.4000,20.4000,2,4.5,129,39,78,NOA,moment tensor inversion,extracted from old EMSC DB,P,12.8,,,,,,,,,,,,,,,,,,,
2013-08-09-11-49-23,2013,8,9,11,49,23.9,38.7000,22.6900,0,4.8,275,31,-70,GCMT (PDEW),moment tensor inversion,"extracted from ndk file, mag is probably MS",P,26.0,GCMT (PDEW),2013,8,9,11,49,23.9,38.7,22.69,0,4.8,275,31,-70,0.0,0.0,0,0.0,0.0
2013-08-09-11-50-24,2013,8,9,11,50,24.0,38.7000,22.7000,4,4.8,255,21,-72,NOA,moment tensor inversion,extracted from old EMSC DB,S,,,,,,,,,,,,,,,,,,,,
2013-08-09-13-09-57,2013,8,9,13,9,20.0,38.7000,22.7000,8,4.7,256,51,-99,NOA,moment tensor inversion,extracted from old EMSC DB,P,26.6,GCMT (PDEW),2013,8,9,13,10,10.4,38.7,22.66,0.1,4.7,74,44,-121,-50.4,3.5,7.9,0.0,32.0
2013-08-11-17-23-21,2013,8,11,17,23,21.0,33.7600,27.7200,60,4.3,187,35,95,MED_RCMT (INGV),,-,P,0.0,,,,,,,,,,,,,,,,,,,
2013-08-29-06-20-34,2013,8,29,6,20,35.0,40.3500,27.4100,10,4.1,332,62,-20,MED_RCMT (INGV),,-,P,17.5,,,,,,,,,,,,,,,,,,,
2013-09-06-02-57-26,2013,9,6,2,57,4.0,34.8000,24.9000,2,4.1,258,70,10,NOA,moment tensor inversion,extracted from old EMSC DB,P,9.5,,,,,,,,,,,,,,,,,,,
2013-09-08-04-59-12,2013,9,8,4,58,40.0,34.9000,25.1000,6,4.6,79,59,1,NOA,moment tensor inversion,extracted from old EMSC DB,P,35.2,GCMT (PDEW),2013,9,8,4,59,29.5,34.72,25.09,4.9,4.9,257,77,-3,-49.5,20.0,1.1,-0.3,44.1
2013-09-08-10-33-02,2013,9,8,10,33,2.4,40.7792,22.6765,9,4.0,112,66,-63,ISC (NEIC),moment tensor inversion,extracted from reviewed ISC FMCSV,S,,,,,,,,,,,,,,,,,,,,
2013-09-09-11-18-56,2013,9,9,11,18,57.0,37.8300,20.2200,10,4.2,225,31,-20,MED_RCMT (INGV),moment tensor inversion,from RCMT,P,79.1,,,,,,,,,,,,,,,,,,,
2013-09-09-17-35-31,2013,9,9,17,36,0.0,38.0000,20.8000,8,4.4,352,22,163,NOA,moment tensor inversion,extracted from old EMSC DB,P,25.1,,,,,,,,,,,,,,,,,,,
2013-09-16-14-42-52,2013,9,16,14,43,12.0,38.7000,22.7000,6,4.5,262,26,-94,NOA,moment tensor inversion,extracted from old EMSC DB,P,15.9,GCMT (PDEW),2013,9,16,14,42,40.2,38.68,22.71,0,4.5,279,26,-77,31.8,2.4,6,0.0,7.6
2013-09-16-15-00-59,2013,9,16,15,0,16.0,38.7000,22.7000,5,5.2,95,50,-85,NOA,moment tensor inversion,extracted from old EMSC DB,P,19.4,GCMT (PDEW),2013,9,16,15,1,14.4,38.71,22.73,7.7,5.3,87,43,-110,-58.4,2.8,-2.7,-0.1,21.5
2013-09-17-07-38-40,2013,9,17,7,38,40.0,38.7000,22.7000,7,4.0,252,23,-110,NOA,moment tensor inversion,extracted from old EMSC DB,S,,,,,,,,,,,,,,,,,,,,
2013-09-17-07-39-45,2013,9,17,7,39,44.8,38.7008,22.7225,11,4.1,243,24,-105,NKUA,,-,S,,,,,,,,,,,,,,,,,,,,
2013-09-17-07-40-48,2013,9,17,7,40,48.0,38.7000,22.7000,6,4.0,75,58,-108,AUTH,moment tensor inversion,extracted from old EMSC DB,S,,,,,,,,,,,,,,,,,,,,
2013-09-18-18-32-56,2013,9,18,18,32,56.0,34.1800,25.1500,10,4.4,34,32,146,MED_RCMT (INGV),,-,P,0.0,,,,,,,,,,,,,,,,,,,
2013-09-20-02-05-29,2013,9,20,2,5,52.0,38.2000,23.1000,14,4.3,217,46,-113,NOA,moment tensor inversion,extracted from old EMSC DB,P,15.7,,,,,,,,,,,,,,,,,,,
2013-10-10-12-26-46,2013,10,10,12,26,40.0,36.4000,22.0000,42,4.4,138,83,75,NOA,moment tensor inversion,extracted from old EMSC DB,P,19.6,,,,,,,,,,,,,,,,,,,
2013-10-11-05-15-45,2013,10,11,5,15,44.0,40.7000,23.4000,10,4.2,298,63,-66,NOA,moment tensor inversion,extracted from old EMSC DB,P,10.6,,,,,,,,,,,,,,,,,,,
2013-10-12-13-11-44,2013,10,12,13,11,28.0,35.5000,23.3000,42,6.4,309,86,-70,NOA,moment tensor inversion,extracted from old EMSC DB,P,33.1,GCMT (PDEW),2013,10,12,13,11,53.3,35.51,23.25,40,6.6,339,3,130,-25.3,4.7,2,-0.2,21.5
2013-10-12-14-05-49,2013,10,12,14,5,49.0,35.3300,23.2700,59,5.2,206,59,157,MED_RCMT (ISC),,-,S,,,,,,,,,,,,,,,,,,,,
2013-10-12-17-16-17,2013,10,12,17,16,17.0,36.2000,28.3200,68,4.5,37,84,178,MED_RCMT (ISC),,-,S,,,,,,,,,,,,,,,,,,,,
2013-10-18-01-26-48,2013,10,18,1,26,48.0,36.6100,27.3300,125,4.1,87,52,7,MED_RCMT (INGV),,-,P,0.0,,,,,,,,,,,,,,,,,,,
2013-10-19-02-19-16,2013,10,19,2,19,16.0,35.2200,23.0100,20,4.1,76,47,131,MED_RCMT (INGV),,-,P,0.0,,,,,,,,,,,,,,,,,,,
2013-10-19-16-51-43,2013,10,19,16,51,12.0,34.9000,25.1000,5,4.2,82,56,16,NOA,moment tensor inversion,extracted from old EMSC DB,P,36.8,,,,,,,,,,,,,,,,,,,
2013-10-23-15-38-35,2013,10,23,15,38,40.0,37.7000,21.4000,26,4.1,40,76,174,NOA,moment tensor inversion,extracted from old EMSC DB,P,12.6,,,,,,,,,,,,,,,,,,,
2013-11-04-15-41-34,2013,11,4,15,41,34.2,36.6380,27.4983,112,4.1,160,11,45,NKUA,,-,S,,,,,,,,,,,,,,,,,,,,
2013-11-12-18-09-41,2013,11,12,18,10,8.0,38.9000,23.1000,14,4.9,43,83,-171,NOA,moment tensor inversion,extracted from old EMSC DB,P,19.1,GCMT (PDEW),2013,11,12,18,9,28.2,38.92,23.1,1.8,4.9,133,75,-12,39.8,2.2,12.2,0.0,30.6
2013-11-13-07-13-51,2013,11,13,7,13,51.0,34.8600,27.8500,10,4.6,220,75,0,MED_RCMT (INGV),,-,P,0.0,,,,,,,,,,,,,,,,,,,
2013-11-18-04-12-45,2013,11,18,4,12,45.0,34.2000,26.0500,10,4.4,188,10,-19,MED_RCMT (ISC),,-,S,,,,,,,,,,,,,,,,,,,,
2013-11-22-15-12-44,2013,11,22,15,13,4.0,39.1000,22.4000,18,4.1,107,51,-87,NOA,moment tensor inversion,extracted from old EMSC DB,P,13.0,,,,,,,,,,,,,,,,,,,
2013-11-24-03-28-54,2013,11,24,3,29,4.0,34.0000,25.6000,2,4.5,302,22,94,NOA,moment tensor inversion,extracted from old EMSC DB,P,88.3,,,,,,,,,,,,,,,,,,,
2013-11-27-04-13-41,2013,11,27,4,13,52.0,40.8000,27.8000,3,4.6,262,90,130,NOA,moment tensor inversion,extracted from old EMSC DB,P,37.7,GCMT (PDEW),2013,11,27,4,13,37.4,40.85,27.92,9.6,4.5,346,60,-25,14.6,11.5,-6.6,0.1,29.3
2013-11-27-14-21-28,2013,11,27,14,21,52.0,37.3000,23.0000,27,4.3,146,88,-99,NOA,moment tensor inversion,extracted from old EMSC DB,P,8.7,,,,,,,,,,,,,,,,,,,
2013-11-29-13-24-31,2013,11,29,13,24,31.0,35.3200,23.1200,52,4.5,310,80,-7,MED_RCMT (ISC),,-,S,,,,,,,,,,,,,,,,,,,,
2013-11-29-23-47-36,2013,11,29,23,47,36.0,35.2400,22.5600,10,4.2,273,18,57,MED_RCMT (INGV),,-,P,0.0,,,,,,,,,,,,,,,,,,,
2013-12-10-15-24-27,2013,12,10,15,24,27.0,36.2600,21.2900,10,4.7,297,40,76,MED_RCMT (INGV),,-,P,0.0,,,,,,,,,,,,,,,,,,,
2013-12-10-18-33-00,2013,12,10,18,33,0.0,42.4300,19.2700,13,4.3,170,73,171,MED_RCMT (INGV),,-,P,0.0,,,,,,,,,,,,,,,,,,,
2013-12-11-13-00-53,2013,12,11,13,0,48.0,39.0000,22.3000,12,4.1,257,40,-107,NOA,moment tensor inversion,extracted from old EMSC DB,P,11.9,,,,,,,,,,,,,,,,,,,
2013-12-18-21-20-04,2013,12,18,21,20,0.0,39.8000,25.4000,14,4.1,46,79,-161,NOA,moment tensor inversion,extracted from old EMSC DB,P,21.1,,,,,,,,,,,,,,,,,,,
2013-12-24-03-32-57,2013,12,24,3,32,51.7,35.0548,26.2335,18,4.3,26,78,-70,NOA,moment tensor inversion,from seismic portal,P,34.0,,,,,,,,,,,,,,,,,,,
2013-12-31-15-06-17,2013,12,31,15,6,17.0,34.5500,25.2800,50,4.6,199,81,3,MED_RCMT (INGV),,-,P,0.0,,,,,,,,,,,,,,,,,,,
2014-01-02-05-29-05,2014,1,2,5,28,32.0,35.1000,24.4000,32,4.1,164,76,159,NOA,moment tensor inversion,extracted from old EMSC DB,P,1.6,,,,,,,,,,,,,,,,,,,
2014-01-11-04-13-10,2014,1,11,4,12,56.7,37.8433,21.0142,5,4.8,136,58,13,NOA,moment tensor inversion,from seismic portal,P,31.6,GCMT (PDEW),2014,1,11,4,12,56.2,37.83,20.95,0,5,220,82,177,0.5,5.8,5,-0.2,40.3
2014-01-13-10-51-26,2014,1,13,10,51,26.8,39.8125,26.1363,38,4.0,118,78,115,ERD,moment tensor inversion,from seismic portal,S,,,,,,,,,,,,,,,,,,,,
2014-01-20-06-00-15,2014,1,20,6,0,15.2,41.3250,19.4329,12,4.3,144,56,74,ISC (NEIC),moment tensor inversion,extracted from reviewed ISC FMCSV,P,13.4,,,,,,,,,,,,,,,,,,,
2014-01-24-22-08-48,2014,1,24,22,8,48.0,38.3000,22.0100,10,4.3,100,35,-125,MED_RCMT (INGV),moment tensor inversion,from RCMT,S,,,,,,,,,,,,,,,,,,,,
2014-01-26-13-55-50,2014,1,26,13,55,45.0,38.2200,20.3900,6,6.0,18,67,164,NOA,moment tensor inversion,from seismic portal,P,20.8,GCMT,2014,1,26,13,55,50.4,38.15,20.36,14,6.1,20,65,177,-5.4,8.2,-8,-0.1,12.5
2014-01-26-14-59-18,2014,1,26,14,59,0.0,38.3099,20.4254,10,4.2,210,75,178,Sokos et al. (2015),ISOLA,"Cephalonia, 2014 sequence",P,30.4,,,,,,,,,,,,,,,,,,,
2014-01-26-15-00-16,2014,1,26,15,0,16.0,38.3000,20.5000,8,4.2,41,89,172,NOA,moment tensor inversion,extracted from old EMSC DB,S,,,,,,,,,,,,,,,,,,,,
2014-01-26-15-36-40,2014,1,26,15,36,39.8,38.2635,20.4612,13,4.1,18,70,168,NKUA,,-,S,,,,,,,,,,,,,,,,,,,,
2014-01-26-16-08-56,2014,1,26,16,8,56.1,38.2144,20.3786,14,4.1,18,63,170,NKUA,,-,S,,,,,,,,,,,,,,,,,,,,
2014-01-26-18-44-58,2014,1,26,18,45,0.0,38.2323,20.3790,7,5.2,148,65,57,Sokos et al. (2015),ISOLA,"Cephalonia, 2014 sequence",P,19.4,GCMT,2014,1,26,18,45,12.0,38.1,20.25,17,5.5,16,39,138,-12.0,18.5,-10,-0.3,8.0
2014-01-26-19-03-08,2014,1,26,19,3,0.0,38.1962,20.4075,14,4.3,10,76,174,Sokos et al. (2015),ISOLA,"Cephalonia, 2014 sequence",P,18.1,,,,,,,,,,,,,,,,,,,
2014-01-26-19-12-02,2014,1,26,19,12,0.0,38.2502,20.4128,14,4.3,18,87,177,Sokos et al. (2015),ISOLA,"Cephalonia, 2014 sequence",P,47.9,,,,,,,,,,,,,,,,,,,
2014-01-26-21-15-32,2014,1,26,21,15,0.0,38.1570,20.3337,8,4.5,29,79,-177,Sokos et al. (2015),ISOLA,"Cephalonia, 2014 sequence",P,19.3,GCMT (PDEW),2014,1,26,21,15,34.7,38.13,20.3,10,4.6,122,60,31,-34.7,4.2,-2,-0.1,38.1
2014-01-26-21-42-13,2014,1,26,21,42,13.0,38.1891,20.4773,14,4.1,18,67,164,NKUA,,-,S,,,,,,,,,,,,,,,,,,,,
2014-01-26-23-06-41,2014,1,26,23,6,0.0,38.2360,20.4077,6,4.2,165,65,71,Sokos et al. (2015),ISOLA,"Cephalonia, 2014 sequence",P,30.5,,,,,,,,,,,,,,,,,,,
2014-01-27-09-47-25,2014,1,27,9,47,0.0,38.1510,20.4192,4,4.1,139,61,55,Sokos et al. (2015),ISOLA,"Cephalonia, 2014 sequence",P,82.3,,,,,,,,,,,,,,,,,,,
2014-01-27-13-05-37,2014,1,27,13,5,0.0,38.2355,20.4127,3,4.4,206,88,-161,Sokos et al. (2015),ISOLA,"Cephalonia, 2014 sequence",P,26.3,,,,,,,,,,,,,,,,,,,
2014-01-27-15-39-12,2014,1,27,15,39,0.0,38.3845,20.4432,5,4.2,196,75,-157,Sokos et al. (2015),ISOLA,"Cephalonia, 2014 sequence",P,35.4,,,,,,,,,,,,,,,,,,,
2014-01-28-05-13-04,2014,1,28,5,12,53.9,38.2083,20.3817,16,4.3,104,71,54,NOA,moment tensor inversion,from seismic portal,P,26.3,,,,,,,,,,,,,,,,,,,
2014-01-28-08-07-00,2014,1,28,8,7,0.0,38.2168,20.4877,19,4.0,101,43,6,Sokos et al. (2015),ISOLA,"Cephalonia, 2014 sequence",S,,,,,,,,,,,,,,,,,,,,
2014-01-28-19-12-08,2014,1,28,19,12,0.0,38.4068,20.5005,2,4.4,194,89,-117,Sokos et al. (2015),ISOLA,"Cephalonia, 2014 sequence",P,74.4,,,,,,,,,,,,,,,,,,,
2014-01-28-20-31-22,2014,1,28,20,31,21.6,38.4532,20.4227,10,4.0,359,30,-25,NEIC (ISC),,-,S,,,,,,,,,,,,,,,,,,,,
2014-01-28-22-22-21,2014,1,28,22,22,0.0,38.4145,20.4965,2,4.2,103,62,-1,Sokos et al. (2015),ISOLA,"Cephalonia, 2014 sequence",P,23.9,,,,,,,,,,,,,,,,,,,
2014-01-28-22-23-00,2014,1,28,22,23,0.0,38.4083,20.4557,3,4.1,112,49,22,Sokos et al. (2015),ISOLA,"Cephalonia, 2014 sequence",S,,,,,,,,,,,,,,,,,,,,
2014-01-29-09-14-24,2014,1,29,9,14,24.5,38.3068,22.0131,8,4.1,92,48,-118,ISC (NEIC),moment tensor inversion,extracted from reviewed ISC FMCSV,S,,,,,,,,,,,,,,,,,,,,
2014-01-29-21-04-23,2014,1,29,21,4,9.0,37.0700,21.8700,23,4.2,165,14,-57,NOA,,-,P,6.9,,,,,,,,,,,,,,,,,,,
2014-01-30-11-06-08,2014,1,30,11,6,0.0,38.4143,20.4957,3,4.5,9,70,148,Sokos et al. (2015),ISOLA,"Cephalonia, 2014 sequence",P,29.4,GCMT (PDEW),2014,1,30,11,6,17.4,38.38,20.5,5,4.5,105,80,-4,-17.4,3.8,-2,0.0,32.4
2014-01-31-06-51-52,2014,1,31,6,52,0.0,38.4173,20.4875,5,4.3,13,79,173,Sokos et al. (2015),ISOLA,"Cephalonia, 2014 sequence",P,10.2,,,,,,,,,,,,,,,,,,,
2014-01-31-06-52-48,2014,1,31,6,52,47.6,38.4210,20.4843,5,4.3,17,70,177,NOA,moment tensor inversion,from seismic portal,P,23.9,,,,,,,,,,,,,,,,,,,
2014-01-31-12-45-34,2014,1,31,12,45,0.0,38.4170,20.4802,5,4.4,11,69,173,Sokos et al. (2015),ISOLA,"Cephalonia, 2014 sequence",P,23.4,,,,,,,,,,,,,,,,,,,
2014-02-01-08-14-14,2014,2,1,8,14,3.2,38.6980,22.7475,5,4.7,252,17,-110,NOA,moment tensor inversion,from seismic portal,P,24.6,GCMT (PDEW),2014,2,1,8,14,3.2,38.7,22.75,18.2,4.7,298,37,-56,0.0,0.3,-13.2,0.0,30.1
2014-02-01-16-33-34,2014,2,1,16,33,0.0,38.1730,20.3612,9,4.8,206,71,-152,Sokos et al. (2015),ISOLA,"Cephalonia, 2014 sequence",P,29.3,GCMT (PDEW),2014,2,1,16,33,38.5,38.17,20.37,11,4.9,110,65,8,-38.5,0.8,-2,-0.1,27.9
2014-02-01-16-34-08,2014,2,1,16,34,8.0,38.2000,20.4000,4,4.8,110,81,-39,NOA,moment tensor inversion,extracted from old EMSC DB,S,,GCMT (PDEW),2014,2,1,16,33,38.5,38.17,20.37,11,4.9,110,65,8,29.5,4.2,-7,-0.1,49.5
2014-02-03-03-07-44,2014,2,3,3,7,44.0,38.3000,20.4000,3,5.9,13,75,163,NOA,moment tensor inversion,extracted from old EMSC DB,P,23.1,,,,,,,,,,,,,,,,,,,
2014-02-03-03-08-47,2014,2,3,3,8,44.8,38.2527,20.3948,3,5.9,13,75,163,NOA,moment tensor inversion,from seismic portal,P,42.5,GCMT,2014,2,3,3,8,50.3,38.12,20.37,12,6,12,45,154,-5.5,14.9,-9,-0.1,31.2
2014-02-04-19-42-08,2014,2,4,19,42,0.0,38.2850,20.3942,5,4.2,162,66,67,Sokos et al. (2015),ISOLA,"Cephalonia, 2014 sequence",P,57.8,,,,,,,,,,,,,,,,,,,
2014-02-04-22-49-00,2014,2,4,22,49,0.0,38.3300,21.9600,10,4.3,284,38,-94,MED_RCMT (INGV),,-,P,0.0,,,,,,,,,,,,,,,,,,,
2014-02-06-07-58-19,2014,2,6,7,57,52.0,38.7000,22.8000,10,4.4,296,48,-61,NOA,moment tensor inversion,extracted from old EMSC DB,P,7.9,,,,,,,,,,,,,,,,,,,
2014-02-06-12-27-04,2014,2,6,12,26,40.0,37.8000,21.2000,12,4.2,7,65,-155,NOA,moment tensor inversion,extracted from old EMSC DB,P,28.6,,,,,,,,,,,,,,,,,,,
2014-02-06-19-20-52,2014,2,6,19,21,0.0,38.1628,20.3795,19,4.4,20,72,-161,Sokos et al. (2015),ISOLA,"Cephalonia, 2014 sequence",P,44.0,,,,,,,,,,,,,,,,,,,
2014-02-07-01-21-41,2014,2,7,1,21,4.9,38.3000,21.7000,1,4.2,305,84,-67,UPSL,moment tensor inversion,extracted from old EMSC DB,P,53.7,,,,,,,,,,,,,,,,,,,
2014-02-07-03-26-42,2014,2,7,3,26,42.0,38.3500,20.3300,10,4.1,34,46,118,MED_RCMT (INGV),,-,P,0.0,,,,,,,,,,,,,,,,,,,
2014-02-07-08-59-00,2014,2,7,8,59,0.0,38.2328,20.4287,9,4.1,172,89,-176,Sokos et al. (2015),ISOLA,"Cephalonia, 2014 sequence",S,,,,,,,,,,,,,,,,,,,,
2014-02-08-17-12-50,2014,2,8,17,12,50.0,38.2100,20.3500,10,4.1,98,50,45,MED_RCMT (INGV),,-,P,0.0,,,,,,,,,,,,,,,,,,,
2014-02-09-08-22-44,2014,2,9,8,22,0.0,38.1812,20.3863,3,4.5,321,55,30,Sokos et al. (2015),ISOLA,"Cephalonia, 2014 sequence",P,43.2,GCMT (PDEW),2014,2,9,8,22,59.1,38.19,20.35,9,4.7,195,47,112,-59.1,3.3,-6,-0.2,30.4
2014-02-09-08-23-07,2014,2,9,8,23,28.0,38.2000,20.4000,4,4.6,197,63,116,NOA,moment tensor inversion,extracted from old EMSC DB,P,34.4,GCMT (PDEW),2014,2,9,8,22,59.1,38.19,20.35,9,4.7,195,47,112,28.9,4.5,-5,-0.1,16.3
2014-02-12-10-34-00,2014,2,12,10,34,0.0,38.1655,20.3538,11,4.5,190,83,-176,Sokos et al. (2015),ISOLA,"Cephalonia, 2014 sequence",S,,,,,,,,,,,,,,,,,,,,
2014-02-14-03-38-17,2014,2,14,3,38,0.0,38.1853,20.3498,7,4.7,112,57,-5,Sokos et al. (2015),ISOLA,"Cephalonia, 2014 sequence",P,37.3,GCMT (PDEW),2014,2,14,3,38,36.1,38.19,20.4,10,4.7,109,79,-1,-36.1,4.4,-3,0.0,22.8
2014-02-14-03-38-36,2014,2,14,3,38,36.1,38.1900,20.4000,10,4.7,109,79,-1,GCMT (PDEW),moment tensor inversion,"extracted from ndk file, mag is probably MS",S,,GCMT (PDEW),2014,2,14,3,38,36.1,38.19,20.4,10,4.7,109,79,-1,0.0,0.0,0,0.0,0.0
2014-02-15-07-31-14,2014,2,15,7,31,0.0,38.2247,20.3538,5,4.7,146,77,67,Sokos et al. (2015),ISOLA,"Cephalonia, 2014 sequence",P,24.2,GCMT (PDEW),2014,2,15,7,31,19.4,38.3,20.39,25.3,5,152,48,63,-19.4,8.9,-20.3,-0.3,30.2
2014-02-15-07-32-16,2014,2,15,7,32,16.0,38.2000,20.3000,6,4.8,35,25,165,NOA,moment tensor inversion,extracted from old EMSC DB,S,,GCMT (PDEW),2014,2,15,7,31,19.4,38.3,20.39,25.3,5,152,48,63,56.6,13.6,-19.3,-0.2,38.6
2014-02-21-15-18-23,2014,2,21,15,18,23.0,38.2200,20.4200,13,4.1,35,34,-136,MED_RCMT (INGV),,-,P,0.0,,,,,,,,,,,,,,,,,,,
2014-02-26-01-42-41,2014,2,26,1,42,24.0,40.2000,21.6000,22,4.1,255,30,-72,NOA,moment tensor inversion,extracted from old EMSC DB,P,32.1,,,,,,,,,,,,,,,,,,,
2014-03-05-12-49-17,2014,3,5,12,49,0.0,38.0780,20.3092,1,4.8,203,75,114,Sokos et al. (2015),ISOLA,"Cephalonia, 2014 sequence",P,68.8,GCMT (PDEW),2014,3,5,12,49,21.2,38.11,20.35,11.6,4.9,138,72,-14,-21.2,5.0,-10.6,-0.1,81.5
2014-03-05-12-50-08,2014,3,5,12,50,8.0,38.1000,20.3000,10,4.8,309,77,-26,NOA,moment tensor inversion,extracted from old EMSC DB,S,,GCMT (PDEW),2014,3,5,12,49,21.2,38.11,20.35,11.6,4.9,138,72,-14,46.8,4.5,-1.6,-0.1,51.3
2014-03-05-15-08-44,2014,3,5,15,8,44.9,38.1500,20.1900,18,4.0,279,89,-18,GFZ,moment tensor inversion,from seismic portal,P,20.2,,,,,,,,,,,,,,,,,,,
2014-03-08-15-06-31,2014,3,8,15,6,31.6,41.4722,19.4044,29,4.0,126,81,49,NEIC,moment tensor inversion,from seismic portal,P,75.2,,,,,,,,,,,,,,,,,,,
2014-03-08-15-12-32,2014,3,8,15,12,32.5,41.4706,19.4534,30,4.1,327,13,78,NEIC,moment tensor inversion,from seismic portal,P,26.7,,,,,,,,,,,,,,,,,,,
2014-03-10-23-27-33,2014,3,10,23,27,0.0,38.2222,20.3342,7,4.0,119,72,53,Sokos et al. (2015),ISOLA,"Cephalonia, 2014 sequence",P,23.2,,,,,,,,,,,,,,,,,,,
2014-03-15-05-28-32,2014,3,15,5,28,32.0,37.6000,25.6000,6,4.2,116,66,-89,NOA,moment tensor inversion,extracted from old EMSC DB,S,,,,,,,,,,,,,,,,,,,,
2014-03-15-05-29-34,2014,3,15,5,29,34.0,37.5500,25.6300,6,4.2,294,24,-92,NOA,,-,P,14.4,,,,,,,,,,,,,,,,,,,
2014-03-18-10-42-40,2014,3,18,10,42,8.0,37.7000,21.4000,17,4.1,124,81,77,NOA,moment tensor inversion,extracted from old EMSC DB,P,12.4,,,,,,,,,,,,,,,,,,,
2014-03-21-10-59-52,2014,3,21,10,59,52.0,34.1100,26.1200,10,4.2,82,41,48,MED_RCMT (INGV),,-,P,0.0,,,,,,,,,,,,,,,,,,,
2014-03-23-11-12-25,2014,3,23,11,12,25.0,34.0000,25.6100,45,4.3,218,39,18,MED_RCMT (INGV),,-,P,0.0,,,,,,,,,,,,,,,,,,,
2014-03-26-11-34-50,2014,3,26,11,34,32.0,35.0100,25.9900,4,4.0,85,20,-6,NOA,,-,P,0.1,,,,,,,,,,,,,,,,,,,
2014-04-04-20-08-02,2014,4,4,20,7,28.0,37.2000,23.7000,121,5.4,257,58,140,NOA,moment tensor inversion,extracted from old EMSC DB,P,10.3,GCMT,2014,4,4,20,8,9.7,37.11,23.71,123,5.6,17,54,32,-41.7,10.0,-2,-0.2,12.1
2014-04-14-20-41-24,2014,4,14,20,41,25.3,33.8900,25.7500,30,5.2,301,67,-180,INGV,moment tensor inversion,from seismic portal,P,8.7,GCMT (PDEW),2014,4,14,20,41,23.3,34.1,25.87,12.3,5,301,54,-173,2.0,25.8,17.7,0.2,14.8
2014-04-21-21-25-29,2014,4,21,21,25,29.2,41.7918,19.2993,10,4.0,350,42,112,ROM (ISC),,-,S,,,,,,,,,,,,,,,,,,,,
2014-04-25-02-56-40,2014,4,25,2,56,33.3,35.5172,21.6598,24,4.7,255,70,154,NOA,moment tensor inversion,from seismic portal,P,25.6,GCMT (PDEW),2014,4,25,2,56,31.6,35.48,21.68,6.7,4.7,355,84,3,1.7,4.5,17.3,0.0,26.5
2014-04-25-17-20-36,2014,4,25,17,20,30.0,35.4900,21.6100,24,4.4,0,67,13,NOA,,-,P,51.0,GCMT (PDEW),2014,4,25,17,20,32.9,35.58,21.67,25,4.5,264,58,-158,-2.9,11.4,-1,-0.1,50.3
2014-04-29-12-37-37,2014,4,29,12,37,20.0,35.3000,23.2000,14,4.0,359,36,173,NOA,moment tensor inversion,extracted from old EMSC DB,P,0.0,,,,,,,,,,,,,,,,,,,
2014-04-30-04-03-28,2014,4,30,4,3,12.0,38.2000,25.1000,10,4.8,241,84,178,NOA,moment tensor inversion,extracted from old EMSC DB,P,21.0,GCMT (PDEW),2014,4,30,4,3,32.4,38.23,25.13,32,4.8,251,69,-157,-20.4,4.2,-22,0.0,28.8
2014-05-03-04-46-42,2014,5,3,4,46,42.7,36.3276,28.8631,45,4.0,320,90,-169,ERD,moment tensor inversion,from seismic portal,S,,,,,,,,,,,,,,,,,,,,
2014-05-06-01-59-50,2014,5,6,1,59,28.0,39.4000,23.9000,8,4.2,235,86,172,NOA,moment tensor inversion,extracted from old EMSC DB,P,13.9,,,,,,,,,,,,,,,,,,,
2014-05-07-06-19-58,2014,5,7,6,19,44.0,37.6000,19.6000,18,4.2,86,80,-175,NOA,moment tensor inversion,extracted from old EMSC DB,P,21.2,,,,,,,,,,,,,,,,,,,
2014-05-10-03-05-05,2014,5,10,3,4,50.0,38.4200,22.4500,6,4.0,32,38,-165,NOA,,-,P,0.0,,,,,,,,,,,,,,,,,,,
2014-05-12-00-54-44,2014,5,12,0,54,32.0,39.7700,20.2400,23,4.8,39,17,-176,NOA,,-,P,11.8,,,,,,,,,,,,,,,,,,,
2014-05-18-12-07-53,2014,5,18,12,7,28.0,34.9000,26.2000,26,4.1,230,63,-104,NOA,moment tensor inversion,extracted from old EMSC DB,P,0.0,,,,,,,,,,,,,,,,,,,
2014-05-19-00-59-20,2014,5,19,0,59,19.9,40.9000,19.9200,10,5.1,58,52,12,INGV,moment tensor inversion,from seismic portal,P,10.7,GCMT (PDEW),2014,5,19,0,59,19.7,40.94,19.91,10,5,59,49,11,0.2,4.5,0,0.1,3.5
2014-05-20-04-43-26,2014,5,20,4,43,27.9,40.9400,19.8200,30,4.4,336,71,142,GFZ,moment tensor inversion,from seismic portal,P,26.1,,,,,,,,,,,,,,,,,,,
2014-05-20-23-30-36,2014,5,20,23,30,8.0,39.5000,24.2000,10,4.3,26,83,179,NOA,moment tensor inversion,extracted from old EMSC DB,P,16.4,,,,,,,,,,,,,,,,,,,
2014-05-24-09-25-09,2014,5,24,9,25,2.0,40.2900,25.4000,14,6.8,70,85,-167,NOA,moment tensor inversion,from seismic portal,P,17.5,GCMT,2014,5,24,9,25,19.2,40.32,25.68,12,6.9,163,85,0,-17.2,24.0,2,-0.1,19.0
2014-05-24-11-33-11,2014,5,24,11,33,7.0,40.3000,25.6200,5,4.3,109,32,-75,NOA,,-,P,0.0,,,,,,,,,,,,,,,,,,,
2014-05-24-14-40-33,2014,5,24,14,40,23.0,40.0100,24.3000,6,4.0,176,78,-9,NOA,,-,P,12.0,,,,,,,,,,,,,,,,,,,
2014-05-24-14-49-20,2014,5,24,14,49,14.8,40.4102,25.9583,6,4.3,89,77,-177,NOA,moment tensor inversion,from seismic portal,P,24.1,,,,,,,,,,,,,,,,,,,
2014-05-24-16-49-49,2014,5,24,16,49,4.0,40.0000,24.3000,7,4.3,264,86,-174,NOA,moment tensor inversion,extracted from old EMSC DB,P,14.7,,,,,,,,,,,,,,,,,,,
2014-05-25-00-08-05,2014,5,25,0,7,59.0,40.0200,24.3100,7,4.4,174,82,2,NOA,,-,P,8.0,,,,,,,,,,,,,,,,,,,
2014-05-25-11-37-36,2014,5,25,11,37,36.0,40.4000,26.0000,34,5.0,267,89,177,NOA,moment tensor inversion,extracted from old EMSC DB,S,,,,,,,,,,,,,,,,,,,,
2014-05-25-11-38-39,2014,5,25,11,38,39.0,40.4200,26.0100,34,5.0,257,87,1,NOA,,-,P,86.8,GCMT (PDEW),2014,5,25,11,38,38.0,40.42,26.14,13.1,4.9,256,81,174,1.0,11.0,20.9,0.1,89.5
2014-05-25-11-48-02,2014,5,25,11,47,55.0,40.4300,26.0900,7,4.2,79,68,175,NOA,,-,P,0.0,,,,,,,,,,,,,,,,,,,
2014-05-28-03-59-37,2014,5,28,3,58,56.0,40.4000,26.1000,8,4.1,286,63,-86,NOA,moment tensor inversion,extracted from old EMSC DB,P,7.6,,,,,,,,,,,,,,,,,,,
2014-05-30-04-05-50,2014,5,30,4,5,20.0,40.2000,25.5000,5,4.0,234,74,-109,NOA,moment tensor inversion,extracted from old EMSC DB,P,0.0,,,,,,,,,,,,,,,,,,,
2014-05-30-04-06-21,2014,5,30,4,6,21.0,40.1943,25.5490,5,4.0,234,74,-109,NOA,moment tensor inversion,from seismic portal,S,,,,,,,,,,,,,,,,,,,,
2014-05-31-22-08-36,2014,5,31,22,8,29.0,34.9900,25.7900,18,4.0,86,63,-16,NOA,,-,P,26.6,,,,,,,,,,,,,,,,,,,
2014-06-01-12-05-42,2014,6,1,12,5,20.0,34.7000,24.6000,24,4.6,272,71,-85,NOA,moment tensor inversion,extracted from old EMSC DB,P,8.9,,,,,,,,,,,,,,,,,,,
2014-06-06-12-20-55,2014,6,6,12,20,16.0,39.2000,23.7000,14,4.1,149,88,-21,NOA,moment tensor inversion,extracted from old EMSC DB,P,32.9,,,,,,,,,,,,,,,,,,,
2014-06-06-17-10-24,2014,6,6,17,10,23.3,39.7672,24.0878,14,4.2,269,80,-171,NOA,moment tensor inversion,from seismic portal,P,10.6,,,,,,,,,,,,,,,,,,,
2014-06-08-15-10-52,2014,6,8,15,10,50.9,38.3310,22.0468,4,4.2,105,44,-82,NOA,moment tensor inversion,from seismic portal,P,35.4,,,,,,,,,,,,,,,,,,,
2014-06-11-03-53-40,2014,6,11,3,53,39.4,34.7400,28.5000,78,4.9,23,43,65,INGV,moment tensor inversion,from seismic portal,P,24.8,,,,,,,,,,,,,,,,,,,
2014-06-13-00-34-45,2014,6,13,0,34,8.0,35.2000,27.1000,80,4.6,18,43,160,NOA,moment tensor inversion,extracted from old EMSC DB,P,23.8,,,,,,,,,,,,,,,,,,,
2014-06-13-09-10-56,2014,6,13,9,10,24.0,38.7000,20.6000,3,4.1,214,77,-160,NOA,moment tensor inversion,extracted from old EMSC DB,P,21.1,,,,,,,,,,,,,,,,,,,
2014-06-20-13-59-43,2014,6,20,13,59,43.0,36.3200,28.5700,60,4.3,83,66,9,MED_RCMT (INGV),,-,P,0.0,,,,,,,,,,,,,,,,,,,
2014-06-25-09-21-30,2014,6,25,9,21,4.0,38.3000,21.7000,8,4.3,280,86,-11,AUTH,moment tensor inversion,extracted from old EMSC DB,P,36.0,,,,,,,,,,,,,,,,,,,
2014-06-27-16-14-35,2014,6,27,16,14,27.8,38.2392,25.1267,4,4.6,236,80,-178,NOA,moment tensor inversion,from seismic portal,P,13.5,,,,,,,,,,,,,,,,,,,
2014-07-03-05-04-46,2014,7,3,5,4,46.5,40.2460,27.9502,15,4.5,165,69,-3,NEIC,moment tensor inversion,from seismic portal,P,21.1,,,,,,,,,,,,,,,,,,,
2014-07-06-17-01-35,2014,7,6,17,1,29.0,34.1300,26.0700,37,4.2,330,67,24,NOA,,-,P,17.1,,,,,,,,,,,,,,,,,,,
2014-07-11-09-46-15,2014,7,11,9,46,5.0,38.4300,23.7600,13,4.1,280,43,-113,NOA,,-,P,8.5,,,,,,,,,,,,,,,,,,,
2014-07-13-11-18-12,2014,7,13,11,18,7.0,40.8700,21.2400,18,4.0,56,28,-73,NOA,,-,P,21.7,,,,,,,,,,,,,,,,,,,
2014-07-22-08-04-19,2014,7,22,8,4,19.7,34.1600,26.2000,30,4.7,65,13,-147,GFZ,moment tensor inversion,from seismic portal,P,32.4,,,,,,,,,,,,,,,,,,,
2014-08-08-08-20-54,2014,8,8,8,20,47.0,34.8000,24.8200,30,4.5,190,75,175,NOA,,-,P,11.3,,,,,,,,,,,,,,,,,,,
2014-08-11-18-48-19,2014,8,11,18,48,13.0,36.1900,23.3300,52,4.0,58,36,115,NOA,,-,P,0.0,,,,,,,,,,,,,,,,,,,
2014-08-13-09-42-45,2014,8,13,9,42,24.0,36.9000,27.7000,4,4.1,279,76,-100,NOA,moment tensor inversion,extracted from old EMSC DB,P,0.0,,,,,,,,,,,,,,,,,,,
2014-08-14-12-28-00,2014,8,14,12,28,0.0,35.9300,28.3000,10,4.3,10,56,-37,MED_RCMT (INGV),,-,P,0.0,,,,,,,,,,,,,,,,,,,
2014-08-15-04-00-18,2014,8,15,4,0,18.8,37.0000,27.4500,10,4.1,354,80,-177,GFZ,moment tensor inversion,from seismic portal,S,,,,,,,,,,,,,,,,,,,,
2014-08-21-20-37-18,2014,8,21,20,37,18.5,35.3400,27.7100,20,4.8,91,81,5,GFZ,moment tensor inversion,from seismic portal,P,47.8,GCMT (PDEW),2014,8,21,20,37,18.5,35.65,27.69,0.9,4.4,241,55,-1,0.0,34.4,19.1,0.4,53.5
2014-08-22-04-22-32,2014,8,22,4,22,32.6,39.9400,23.3800,10,4.3,107,61,-87,GFZ,moment tensor inversion,from seismic portal,S,,,,,,,,,,,,,,,,,,,,
2014-08-22-04-28-05,2014,8,22,4,27,53.0,39.9228,23.4610,6,5.1,249,67,-136,NOA,moment tensor inversion,from seismic portal,P,32.3,GCMT (PDEW),2014,8,22,4,27,54.0,39.94,23.43,13.5,5.2,132,50,-52,-1.0,3.3,-7.5,-0.1,18.1
2014-08-22-17-46-31,2014,8,22,17,46,28.9,35.4181,27.7447,14,4.3,222,83,-44,NEIC,moment tensor inversion,from seismic portal,P,69.5,,,,,,,,,,,,,,,,,,,
2014-08-29-03-45-05,2014,8,29,3,45,5.0,36.6700,23.6700,90,5.8,263,64,163,NOA,,-,P,7.8,GCMT,2014,8,29,3,45,9.3,36.51,23.61,105,5.8,267,72,173,-4.3,18.5,-15,0.0,12.2
2014-08-29-03-46-08,2014,8,29,3,46,8.0,36.7000,23.7000,90,5.8,263,64,163,NOA,moment tensor inversion,extracted from old EMSC DB,S,,GCMT,2014,8,29,3,45,9.3,36.51,23.61,105,5.8,267,72,173,58.7,22.6,-15,0.0,12.2
2014-09-04-17-43-46,2014,9,4,17,43,38.0,40.1262,24.8722,6,4.9,58,73,-176,NOA,moment tensor inversion,from seismic portal,P,22.7,GCMT (PDEW),2014,9,4,17,43,40.1,40.1,24.88,12.3,4.9,59,83,-178,-2.1,3.0,-6.3,0.0,10.3
2014-09-07-09-56-36,2014,9,7,9,56,21.0,37.4500,19.7100,13,4.5,147,28,83,NOA,,-,P,18.9,,,,,,,,,,,,,,,,,,,
2014-09-11-09-56-21,2014,9,11,9,56,21.1,37.5000,19.7000,19,4.5,177,53,148,UPSL,,-,S,,,,,,,,,,,,,,,,,,,,
2014-09-12-21-56-49,2014,9,12,21,56,49.0,34.5300,23.3700,50,4.4,243,44,66,MED_RCMT (INGV),,-,P,0.0,,,,,,,,,,,,,,,,,,,
2014-09-14-06-01-21,2014,9,14,6,1,21.4,34.1200,25.0300,40,4.5,325,74,-151,GFZ,moment tensor inversion,from seismic portal,P,39.2,,,,,,,,,,,,,,,,,,,
2014-09-17-12-33-17,2014,9,17,12,33,4.0,40.8000,21.3000,10,4.0,207,54,-137,NOA,moment tensor inversion,extracted from old EMSC DB,P,22.1,,,,,,,,,,,,,,,,,,,
2014-09-19-15-34-46,2014,9,19,15,34,24.0,38.4000,21.8000,4,4.1,273,32,-81,NOA,moment tensor inversion,extracted from old EMSC DB,P,7.0,,,,,,,,,,,,,,,,,,,
2014-09-21-00-43-22,2014,9,21,0,42,40.0,38.4000,21.8000,4,4.9,80,51,-92,NOA,moment tensor inversion,extracted from old EMSC DB,P,11.0,GCMT (PDEW),2014,9,21,0,43,40.0,38.35,21.83,11.4,5,74,46,-110,-60.0,6.1,-7.4,-0.1,15.5
2014-09-21-00-43-43,2014,9,21,0,43,44.0,38.3800,21.6700,12,5.0,112,47,-55,NEIC,moment tensor inversion,from seismic portal,P,42.6,GCMT (PDEW),2014,9,21,0,43,40.0,38.35,21.83,11.4,5,74,46,-110,4.0,14.4,0.6,0.0,39.2
2014-09-21-01-13-11,2014,9,21,1,12,32.0,38.4000,21.8000,4,4.4,275,49,-74,NOA,moment tensor inversion,extracted from old EMSC DB,P,4.2,,,,,,,,,,,,,,,,,,,
2014-09-25-02-04-08,2014,9,25,2,3,44.0,38.4000,21.8000,3,4.0,84,38,-88,NOA,moment tensor inversion,extracted from old EMSC DB,P,13.1,,,,,,,,,,,,,,,,,,,
2014-09-26-07-51-20,2014,9,26,7,51,20.0,34.1800,25.1200,10,4.4,240,31,68,MED_RCMT (INGV),,-,P,0.0,,,,,,,,,,,,,,,,,,,
2014-09-30-22-16-33,2014,9,30,22,16,33.0,35.0000,27.1100,10,4.3,258,39,62,MED_RCMT (INGV),,-,P,0.0,,,,,,,,,,,,,,,,,,,
2014-10-01-07-16-28,2014,10,1,7,16,28.0,36.9500,29.3700,10,4.3,115,42,-35,MED_RCMT (INGV),,-,P,0.0,,,,,,,,,,,,,,,,,,,
2014-10-02-12-06-28,2014,10,2,12,6,28.0,36.0000,27.0390,5,4.2,171,29,-126,NOA,,-,P,27.1,,,,,,,,,,,,,,,,,,,
2014-10-02-15-51-50,2014,10,2,15,51,28.0,36.0000,27.0000,5,4.2,17,65,-87,NOA,moment tensor inversion,extracted from old EMSC DB,P,10.9,,,,,,,,,,,,,,,,,,,
2014-10-03-15-12-24,2014,10,3,15,12,10.0,37.9400,21.7600,12,4.5,230,66,-167,NOA,,-,P,20.6,,,,,,,,,,,,,,,,,,,
2014-10-03-22-20-46,2014,10,3,22,20,47.0,34.3500,26.2700,16,5.1,262,12,88,NEIC,moment tensor inversion,from seismic portal,P,36.2,CMT,2014,10,3,22,20,45.5,34.44,26.3,15.5,5.1,303,51,136,1.5,10.4,0.5,0.0,43.7
2014-10-04-00-12-09,2014,10,4,0,12,1.0,37.4100,22.1900,9,4.3,274,41,-89,NOA,,-,P,56.2,,,,,,,,,,,,,,,,,,,
2014-10-04-05-23-49,2014,10,4,5,23,49.0,34.1700,25.1400,10,4.2,192,62,15,MED_RCMT (INGV),,-,P,0.0,,,,,,,,,,,,,,,,,,,
2014-10-04-12-28-04,2014,10,4,12,27,55.0,35.2100,26.2400,35,4.4,313,13,132,NOA,,-,P,48.3,,,,,,,,,,,,,,,,,,,
2014-10-06-18-08-00,2014,10,6,18,8,0.0,35.1000,26.5000,4,4.3,35,81,-66,NOA,moment tensor inversion,extracted from old EMSC DB,P,46.5,,,,,,,,,,,,,,,,,,,
2014-10-12-20-59-10,2014,10,12,20,59,10.7,35.4800,21.5000,21,4.5,1,84,5,INGV,moment tensor inversion,from seismic portal,P,5.5,,,,,,,,,,,,,,,,,,,
2014-10-16-06-48-29,2014,10,16,6,48,29.0,35.6500,26.5800,65,4.5,122,78,-5,MED_RCMT (INGV),,-,P,0.0,,,,,,,,,,,,,,,,,,,
2014-10-16-17-59-45,2014,10,16,17,59,28.0,37.9000,21.4000,12,4.0,38,82,173,UPSL,moment tensor inversion,extracted from old EMSC DB,P,3.6,,,,,,,,,,,,,,,,,,,
2014-10-24-23-43-12,2014,10,24,23,42,56.0,38.9000,21.1000,10,5.1,313,52,17,NOA,moment tensor inversion,extracted from old EMSC DB,P,24.4,GCMT (PDEW),2014,10,24,23,43,15.5,38.92,21.12,0.1,5.3,317,65,22,-19.5,2.8,9.9,-0.2,13.7
2014-11-05-14-22-13,2014,11,5,14,21,52.0,38.1000,20.5000,12,4.1,270,86,-20,NOA,moment tensor inversion,extracted from old EMSC DB,P,28.2,,,,,,,,,,,,,,,,,,,
2014-11-07-07-41-24,2014,11,7,7,40,48.0,38.1000,20.4000,18,4.8,167,76,159,NOA,moment tensor inversion,extracted from old EMSC DB,P,33.9,,,,,,,,,,,,,,,,,,,
2014-11-07-17-12-52,2014,11,7,17,12,32.0,38.3000,22.1000,5,5.0,96,65,-90,NOA,moment tensor inversion,extracted from old EMSC DB,P,15.5,GCMT (PDEW),2014,11,7,17,13,0.6,38.35,22.27,5.8,4.9,283,40,-73,-28.6,15.9,-0.8,0.1,19.0
2014-11-08-23-15-37,2014,11,8,23,15,12.0,38.1000,20.5000,14,5.0,353,78,-173,NOA,moment tensor inversion,extracted from old EMSC DB,P,29.9,GCMT (PDEW),2014,11,8,23,15,42.2,38.1,20.44,18,5.1,88,64,21,-30.2,5.3,-4,-0.1,34.3
2014-11-09-23-24-36,2014,11,9,23,24,36.0,34.5900,26.5700,48,4.6,243,39,62,MED_RCMT (INGV),,-,P,0.0,,,,,,,,,,,,,,,,,,,
2014-11-10-06-16-47,2014,11,10,6,16,39.0,37.2000,28.7400,8,4.5,96,36,-106,NOA,,-,P,21.1,GCMT (PDEW),2014,11,10,6,16,40.5,37.14,28.78,12.9,4.8,281,38,-110,-1.5,7.5,-4.9,-0.3,29.6
2014-11-10-09-20-43,2014,11,10,9,20,44.0,37.0800,28.6900,10,4.4,115,41,-105,MED_RCMT (INGV),,-,P,11.4,,,,,,,,,,,,,,,,,,,
2014-11-12-06-31-38,2014,11,12,6,31,38.0,38.3000,20.4600,10,4.2,7,51,144,MED_RCMT (INGV),moment tensor inversion,from RCMT,S,,,,,,,,,,,,,,,,,,,,
2014-11-13-09-37-56,2014,11,13,9,37,53.0,38.3800,20.5100,6,4.3,15,78,170,NOA,,-,P,15.7,,,,,,,,,,,,,,,,,,,
2014-11-17-23-06-04,2014,11,17,23,5,55.4,38.6398,23.3953,13,5.2,275,56,-67,NOA,moment tensor inversion,from seismic portal,P,38.5,GCMT (PDEW),2014,11,17,23,5,58.1,38.67,23.38,21.2,5.4,41,53,-143,-2.7,3.6,-8.2,-0.2,20.8
2014-11-17-23-09-01,2014,11,17,23,8,48.0,38.6000,23.4000,12,5.1,301,64,-39,NOA,moment tensor inversion,extracted from old EMSC DB,P,57.4,GCMT (PDEW),2014,11,17,23,9,4.7,38.68,23.24,10,5.1,121,68,-9,-16.7,16.5,2,0.0,66.9
2014-11-24-07-19-28,2014,11,24,7,19,28.0,38.3000,20.4000,6,4.1,146,76,70,NOA,moment tensor inversion,extracted from old EMSC DB,S,,,,,,,,,,,,,,,,,,,,
2014-11-24-07-20-32,2014,11,24,7,20,32.0,38.3000,20.3600,6,4.1,22,24,144,NOA,,-,P,19.3,,,,,,,,,,,,,,,,,,,
2014-11-26-05-05-33,2014,11,26,5,5,33.0,36.9500,27.7400,10,4.2,264,42,-112,MED_RCMT (INGV),,-,P,0.0,,,,,,,,,,,,,,,,,,,
2014-11-28-02-30-00,2014,11,28,2,30,0.0,39.3300,29.0000,10,4.4,274,40,-109,MED_RCMT (INGV),,-,P,0.0,,,,,,,,,,,,,,,,,,,
2014-12-02-20-15-35,2014,12,2,20,15,15.2,40.2198,25.1908,4,4.2,345,85,-69,NOA,moment tensor inversion,from seismic portal,P,48.7,,,,,,,,,,,,,,,,,,,
2014-12-04-21-16-29,2014,12,4,21,16,29.0,38.6000,26.1600,10,4.4,91,45,-118,MED_RCMT (INGV),,-,P,0.0,,,,,,,,,,,,,,,,,,,
2014-12-06-01-44-56,2014,12,6,1,44,32.0,38.9000,26.3000,6,5.0,92,47,-118,NOA,,-,P,14.0,GCMT (PDEW),2014,12,6,1,45,6.8,38.89,26.27,12.4,5.1,293,42,-80,-34.8,2.8,-6.4,-0.1,15.4
2014-12-06-06-21-10,2014,12,6,6,20,53.5,38.8517,26.2778,8,4.9,106,35,-94,NOA,moment tensor inversion,from seismic portal,P,8.5,GCMT (PDEW),2014,12,6,6,20,53.0,38.9,26.27,13.4,4.9,98,45,-97,0.5,5.4,-5.4,0.0,11.7
2014-12-11-22-24-18,2014,12,11,22,24,0.0,38.4000,20.5000,27,4.6,43,56,-23,NOA,moment tensor inversion,extracted from old EMSC DB,P,14.9,,,,,,,,,,,,,,,,,,,
2014-12-16-09-02-13,2014,12,16,9,2,13.0,40.1500,27.0700,10,4.2,245,66,-160,MED_RCMT (INGV),,-,P,27.6,,,,,,,,,,,,,,,,,,,
2014-12-19-22-40-43,2014,12,19,22,40,32.3,39.3298,22.6205,6,4.1,267,73,-99,NOA,moment tensor inversion,from seismic portal,P,42.0,,,,,,,,,,,,,,,,,,,
2014-12-29-08-06-23,2014,12,29,8,6,23.0,38.9000,26.2500,12,4.4,268,44,-109,MED_RCMT (INGV),,-,P,0.0,,,,,,,,,,,,,,,,,,,
2014-12-29-20-34-13,2014,12,29,20,34,13.7,41.5400,19.2700,20,4.8,330,35,101,INGV,moment tensor inversion,from seismic portal,P,11.1,CMT,2014,12,29,20,34,11.6,41.7,19.28,7,5,341,38,125,2.1,17.8,13,-0.2,16.8
2015-01-02-06-03-13,2015,1,2,6,3,13.0,34.2700,23.4800,53,4.3,9,80,-171,MED_RCMT (INGV),moment tensor inversion,from RCMT,S,,,,,,,,,,,,,,,,,,,,
2015-01-02-06-16-29,2015,1,2,6,16,28.1,37.3800,20.3200,9,4.4,185,11,-39,ISC (NEIC),moment tensor inversion,extracted from reviewed ISC FMCSV,P,60.6,,,,,,,,,,,,,,,,,,,
2015-01-05-11-54-00,2015,1,5,11,54,0.5,34.8000,26.3000,10,4.4,349,86,166,GFZ,moment tensor inversion,from seismic portal,P,78.2,,,,,,,,,,,,,,,,,,,
2015-01-10-14-00-16,2015,1,10,14,0,1.8,35.3087,26.2042,10,4.0,328,63,-143,NOA,moment tensor inversion,from seismic portal,P,38.8,,,,,,,,,,,,,,,,,,,
2015-01-13-11-18-54,2015,1,13,11,18,24.0,36.4000,22.7000,45,4.6,185,72,19,NOA,,-,P,14.3,,,,,,,,,,,,,,,,,,,
2015-01-23-10-19-42,2015,1,23,10,19,42.0,40.0600,28.5900,10,4.5,74,21,-124,MED_RCMT (INGV),,-,P,0.0,,,,,,,,,,,,,,,,,,,
2015-01-28-15-53-36,2015,1,28,15,53,36.0,34.4000,25.1000,32,4.9,276,20,79,NOA,,-,P,0.1,,,,,,,,,,,,,,,,,,,
2015-01-28-15-54-38,2015,1,28,15,54,37.2,34.3608,25.0892,32,4.9,108,70,94,NOA,moment tensor inversion,from seismic portal,P,17.4,GCMT (PDEW),2015,1,28,15,54,39.0,34.46,25.09,37,5.1,261,13,59,-1.8,11.0,-5,-0.2,10.1
2015-02-02-04-41-00,2015,2,2,4,41,0.0,40.3000,26.0200,10,4.4,103,11,-121,MED_RCMT (INGV),moment tensor inversion,from RCMT,S,,,,,,,,,,,,,,,,,,,,
2015-02-05-16-17-34,2015,2,5,16,17,4.0,34.9000,25.4000,10,4.2,68,83,-6,NOA,,-,P,28.2,,,,,,,,,,,,,,,,,,,
2015-02-07-01-56-22,2015,2,7,1,56,23.0,41.8900,20.1500,25,4.6,26,44,-74,INGV,moment tensor inversion,from seismic portal,P,15.4,,,,,,,,,,,,,,,,,,,
2015-02-10-05-31-34,2015,2,10,5,31,34.0,34.6000,28.4600,30,4.4,14,46,-104,MED_RCMT (INGV),,-,P,0.1,,,,,,,,,,,,,,,,,,,
2015-02-10-08-56-33,2015,2,10,8,56,32.9,36.8100,29.9100,23,4.8,32,44,-56,ISC (GCMT),moment tensor inversion,extracted from reviewed ISC FMCSV,P,27.1,ISC (GCMT),2015,2,10,8,56,32.9,36.81,29.91,22.6,4.8,32,44,-56,0.0,0.0,0,0.0,0.0
2015-02-14-07-50-39,2015,2,14,7,50,39.0,35.6500,22.0000,49,4.1,352,58,159,MED_RCMT (INGV),,-,P,0.0,,,,,,,,,,,,,,,,,,,
2015-02-16-11-52-45,2015,2,16,11,52,45.0,37.2100,30.0000,10,5.0,15,29,-50,MED_RCMT (INGV),moment tensor inversion,from RCMT,S,,,,,,,,,,,,,,,,,,,,
2015-03-12-00-39-02,2015,3,12,0,38,24.0,35.5000,27.8000,8,4.4,53,66,17,NOA,,-,P,26.3,,,,,,,,,,,,,,,,,,,
2015-03-13-13-33-03,2015,3,13,13,32,48.0,36.4000,23.2000,23,4.4,69,56,1,NOA,moment tensor inversion,extracted from old EMSC DB,P,34.8,,,,,,,,,,,,,,,,,,,
2015-03-16-11-18-32,2015,3,16,11,18,24.0,37.3000,20.0000,16,4.3,152,71,100,NOA,moment tensor inversion,extracted from old EMSC DB,P,11.8,,,,,,,,,,,,,,,,,,,
2015-03-17-10-11-18,2015,3,17,10,11,19.1,36.2900,26.5700,104,4.4,327,78,-147,GFZ,moment tensor inversion,from seismic portal,P,31.7,,,,,,,,,,,,,,,,,,,
2015-03-26-12-00-50,2015,3,26,12,0,41.4,39.3005,24.7097,3,4.1,57,84,-165,NOA,moment tensor inversion,from seismic portal,P,15.1,,,,,,,,,,,,,,,,,,,
2015-03-27-23-34-49,2015,3,27,23,34,24.0,35.6000,26.6000,65,5.1,30,82,126,NOA,moment tensor inversion,extracted from old EMSC DB,P,19.3,GCMT (PDEW),2015,3,27,23,34,54.3,35.71,26.62,67,5.2,131,59,17,-30.3,12.3,-2,-0.1,22.5
2015-03-28-13-26-23,2015,3,28,13,26,23.0,36.5800,27.2000,126,4.1,295,52,178,MED_RCMT (INGV),,-,P,0.0,,,,,,,,,,,,,,,,,,,
2015-03-31-15-48-54,2015,3,31,15,48,41.1,38.3268,20.5167,7,4.7,135,78,63,NOA,moment tensor inversion,from seismic portal,P,25.4,GCMT (PDEW),2015,3,31,15,48,41.4,38.35,20.39,13.1,4.7,358,48,117,-0.3,11.4,-6.1,0.0,30.0
2015-04-02-18-37-51,2015,4,2,18,37,51.1,40.8672,22.2090,4,4.1,37,75,-142,ISC (NEIC),moment tensor inversion,extracted from reviewed ISC FMCSV,S,,,,,,,,,,,,,,,,,,,,
2015-04-03-02-14-15,2015,4,3,2,14,15.0,41.5100,20.3000,19,4.1,222,41,-21,MED_RCMT (INGV),,-,P,0.0,,,,,,,,,,,,,,,,,,,
2015-04-04-04-37-49,2015,4,4,4,37,20.0,38.3000,20.5000,9,4.4,344,31,87,NOA,,-,P,6.9,,,,,,,,,,,,,,,,,,,
2015-04-04-04-38-20,2015,4,4,4,38,20.0,38.3100,20.5200,11,4.5,151,46,71,MED_RCMT (INGV),moment tensor inversion,from RCMT,S,,,,,,,,,,,,,,,,,,,,
2015-04-06-16-42-36,2015,4,6,16,42,32.7,35.3108,27.5053,20,4.2,47,42,-44,NOA,moment tensor inversion,from seismic portal,P,39.5,,,,,,,,,,,,,,,,,,,
2015-04-08-13-33-33,2015,4,8,13,33,36.0,35.3500,27.8500,55,4.5,225,84,-5,MED_RCMT (INGV),,-,P,60.0,,,,,,,,,,,,,,,,,,,
2015-04-13-03-48-43,2015,4,13,3,48,16.0,39.1000,24.6000,4,4.3,320,43,-12,NOA,,-,P,42.2,,,,,,,,,,,,,,,,,,,
2015-04-14-08-00-00,2015,4,14,8,0,0.0,34.5400,26.5800,60,4.5,218,80,-9,MED_RCMT (INGV),,-,P,0.0,,,,,,,,,,,,,,,,,,,
2015-04-16-18-07-47,2015,4,16,18,7,44.0,35.2300,26.8200,23,6.1,75,40,56,Kiratzi (2016),moment tensor inversion,"Kasos, 16/4/2015 seq. (έως 9/6/2015)",P,30.5,GCMT,2015,4,16,18,7,49.5,35.06,26.79,24,6.1,48,56,31,-5.5,19.1,-1,0.0,26.2
2015-04-16-18-52-40,2015,4,16,18,52,37.0,35.1700,26.9000,22,4.7,233,83,-6,Kiratzi (2016),moment tensor inversion,"Kasos, 16/4/2015 seq. (έως 9/6/2015)",P,34.7,,,,,,,,,,,,,,,,,,,
2015-04-16-19-02-02,2015,4,16,19,2,14.0,35.1300,26.8500,26,5.0,236,86,5,Kiratzi (2016),moment tensor inversion,"Kasos, 16/4/2015 seq. (έως 9/6/2015)",P,36.1,GCMT (PDEW),2015,4,16,19,2,12.0,35.06,26.88,10,5,145,55,156,2.0,8.2,16,0.0,35.8
2015-04-16-20-01-07,2015,4,16,20,1,4.0,35.2000,26.8000,25,4.1,324,83,-176,NOA,,-,P,0.0,,,,,,,,,,,,,,,,,,,
2015-04-16-20-15-53,2015,4,16,20,15,51.0,35.1535,26.7860,28,4.4,63,47,-32,NOA,moment tensor inversion,from seismic portal,P,50.7,,,,,,,,,,,,,,,,,,,
2015-04-16-21-52-16,2015,4,16,21,52,0.0,35.2000,26.9000,21,4.0,218,68,1,NOA,moment tensor inversion,extracted from old EMSC DB,P,31.8,,,,,,,,,,,,,,,,,,,
2015-04-17-01-50-48,2015,4,17,1,50,45.1,35.1738,26.7400,25,4.1,325,66,-153,NOA,moment tensor inversion,from seismic portal,P,24.7,,,,,,,,,,,,,,,,,,,
2015-04-17-02-05-44,2015,4,17,2,5,42.0,35.1600,26.7400,25,5.4,234,71,-35,Kiratzi (2016),moment tensor inversion,"Kasos, 16/4/2015 seq. (έως 9/6/2015)",P,13.9,GCMT (PDEW),2015,4,17,2,5,40.3,35.03,26.78,15.4,5.3,332,51,-163,1.7,14.9,9.6,0.1,7.9
2015-04-17-10-23-20,2015,4,17,10,22,56.0,35.2000,26.7000,28,4.2,240,71,2,NOA,,-,P,27.2,,,,,,,,,,,,,,,,,,,
2015-04-17-11-30-54,2015,4,17,11,30,37.0,35.0507,26.8403,24,4.4,216,68,-38,NOA,moment tensor inversion,from seismic portal,P,21.1,,,,,,,,,,,,,,,,,,,
2015-04-17-16-40-06,2015,4,17,16,39,41.0,34.9600,26.7400,24,4.5,215,81,-9,Kiratzi (2016),moment tensor inversion,"Kasos, 16/4/2015 seq. (έως 9/6/2015)",P,10.4,,,,,,,,,,,,,,,,,,,
2015-04-18-13-36-55,2015,4,18,13,36,48.1,37.8687,21.4375,20,4.2,38,87,180,NOA,moment tensor inversion,from seismic portal,P,13.0,,,,,,,,,,,,,,,,,,,
2015-04-18-16-46-52,2015,4,18,16,46,50.4,36.4768,23.1447,22,4.7,153,82,162,NOA,moment tensor inversion,from seismic portal,P,16.6,GCMT (PDEW),2015,4,18,16,46,50.3,36.48,23.15,18.6,4.7,163,56,164,0.1,0.6,3.4,0.0,27.6
2015-04-19-23-36-48,2015,4,19,23,36,48.0,35.0200,26.8800,10,4.1,211,74,1,MED_RCMT (INGV),,-,P,0.0,,,,,,,,,,,,,,,,,,,
2015-04-21-01-57-29,2015,4,21,1,57,20.0,35.2000,26.8000,30,4.4,315,60,-155,NOA,,-,P,15.7,,,,,,,,,,,,,,,,,,,
2015-04-21-09-37-50,2015,4,21,9,37,33.6,35.1943,26.8028,28,4.1,348,30,-143,NOA,moment tensor inversion,from seismic portal,P,12.3,,,,,,,,,,,,,,,,,,,
2015-04-22-15-55-41,2015,4,22,15,55,36.3,38.1435,20.4143,4,4.1,147,71,84,NOA,moment tensor inversion,from seismic portal,P,0.0,,,,,,,,,,,,,,,,,,,
2015-04-22-20-20-09,2015,4,22,20,19,57.8,35.2923,26.7102,28,4.2,129,81,160,NOA,moment tensor inversion,from seismic portal,P,0.0,,,,,,,,,,,,,,,,,,,
2015-04-27-14-16-32,2015,4,27,14,16,32.3,35.1695,26.8157,28,4.0,101,74,111,NOA,moment tensor inversion,from seismic portal,S,,,,,,,,,,,,,,,,,,,,
2015-04-27-14-17-36,2015,4,27,14,17,36.0,35.2000,26.8000,28,4.0,227,26,39,NOA,,-,P,0.0,,,,,,,,,,,,,,,,,,,
2015-05-02-08-23-42,2015,5,2,8,23,28.0,34.5000,25.8000,18,4.7,304,59,-145,NOA,moment tensor inversion,extracted from old EMSC DB,P,13.4,GCMT (PDEW),2015,5,2,8,23,46.3,34.45,25.78,13,5,295,70,-159,-18.3,5.8,5,-0.3,17.0
2015-05-04-00-42-20,2015,5,4,0,42,0.0,38.2465,21.6098,34,4.1,281,66,-80,UPSL,moment tensor inversion,from seismic portal,P,0.0,,,,,,,,,,,,,,,,,,,
2015-05-04-04-07-31,2015,5,4,4,7,28.0,34.5000,25.2000,31,4.4,346,40,53,NOA,,-,P,52.9,,,,,,,,,,,,,,,,,,,
2015-05-06-03-50-01,2015,5,6,3,49,54.7,34.7243,25.0210,35,4.4,234,83,-169,NOA,moment tensor inversion,from seismic portal,P,9.3,,,,,,,,,,,,,,,,,,,
2015-05-10-21-32-48,2015,5,10,21,32,47.8,34.9480,25.2880,45,4.5,297,78,-93,NOA,moment tensor inversion,from seismic portal,P,26.8,,,,,,,,,,,,,,,,,,,
2015-05-11-05-02-27,2015,5,11,5,2,0.9,35.0150,26.8998,32,4.5,315,88,172,NOA,moment tensor inversion,from seismic portal,P,11.0,,,,,,,,,,,,,,,,,,,
2015-05-17-04-09-06,2015,5,17,4,8,49.6,34.6765,26.2612,7,4.2,70,67,99,NOA,moment tensor inversion,from seismic portal,P,41.8,,,,,,,,,,,,,,,,,,,
2015-05-18-20-41-13,2015,5,18,20,41,1.7,34.7950,25.0073,40,4.3,145,82,-23,NOA,moment tensor inversion,from seismic portal,P,12.0,,,,,,,,,,,,,,,,,,,
2015-05-21-15-31-37,2015,5,21,15,31,17.8,37.5247,19.9252,27,4.5,192,87,-167,NOA,moment tensor inversion,from seismic portal,P,28.9,,,,,,,,,,,,,,,,,,,
2015-05-22-06-30-54,2015,5,22,6,30,24.0,37.5000,19.8000,29,4.4,103,74,-1,NOA,,-,P,13.1,,,,,,,,,,,,,,,,,,,
2015-05-28-12-56-34,2015,5,28,12,56,32.0,34.9000,26.8000,14,4.0,127,73,174,NOA,,-,P,0.0,,,,,,,,,,,,,,,,,,,
2015-05-28-12-59-05,2015,5,28,12,58,40.0,34.9000,26.8000,16,4.2,120,76,173,NOA,,-,P,21.1,,,,,,,,,,,,,,,,,,,
2015-05-29-00-03-53,2015,5,29,0,3,48.9,34.9488,26.7613,20,4.1,124,82,176,NOA,moment tensor inversion,from seismic portal,P,18.6,,,,,,,,,,,,,,,,,,,
2015-05-29-08-02-51,2015,5,29,8,2,51.8,36.8703,27.5928,17,4.0,5,32,173,ERD,moment tensor inversion,from seismic portal,S,,,,,,,,,,,,,,,,,,,,
2015-05-30-01-56-18,2015,5,30,1,56,18.0,40.1625,21.7288,6,4.0,85,41,-74,NEIC,moment tensor inversion,from seismic portal,S,,,,,,,,,,,,,,,,,,,,
2015-06-02-14-04-32,2015,6,2,14,4,21.3,38.1465,20.4722,12,4.4,104,79,40,NOA,moment tensor inversion,from seismic portal,P,35.5,,,,,,,,,,,,,,,,,,,
2015-06-08-22-20-45,2015,6,8,22,20,45.1,34.2000,26.2400,17,4.4,87,47,153,GFZ,moment tensor inversion,from seismic portal,P,72.8,,,,,,,,,,,,,,,,,,,
2015-06-09-01-08-55,2015,6,9,1,8,16.0,38.6000,23.4000,14,5.2,229,82,166,NOA,moment tensor inversion,extracted from old EMSC DB,P,39.9,GCMT (PDEW),2015,6,9,1,9,3.0,38.62,23.39,13,5.3,234,70,-164,-47.0,2.4,1,-0.1,31.5
2015-06-09-21-49-48,2015,6,9,21,49,48.0,35.0700,26.8000,24,5.4,236,80,19,Kiratzi (2016),moment tensor inversion,"Kasos, 16/4/2015 seq. (έως 9/6/2015)",P,37.7,GCMT (PDEW),2015,6,9,21,49,46.7,35.04,26.79,16,5.4,158,53,-150,1.3,3.5,8,0.0,40.1
2015-06-20-19-52-46,2015,6,20,19,52,46.0,34.3000,26.1400,45,4.8,277,41,91,MED_RCMT (INGV),,-,P,0.0,,,,,,,,,,,,,,,,,,,
2015-06-24-08-36-45,2015,6,24,8,36,16.0,36.6000,27.1000,135,4.4,61,61,23,NOA,,-,P,18.3,,,,,,,,,,,,,,,,,,,
2015-06-24-08-37-20,2015,6,24,8,37,20.7,36.5817,26.9404,135,4.4,66,61,22,NKUA,,-,S,,,,,,,,,,,,,,,,,,,,
2015-06-30-06-07-16,2015,6,30,6,6,56.0,36.7000,21.4000,34,4.4,137,65,82,NOA,moment tensor inversion,extracted from old EMSC DB,P,15.5,,,,,,,,,,,,,,,,,,,
2015-07-06-00-53-02,2015,7,6,0,52,43.4,37.4873,20.3383,18,4.0,325,49,-108,NOA,moment tensor inversion,from seismic portal,P,10.9,,,,,,,,,,,,,,,,,,,
2015-07-06-21-34-00,2015,7,6,21,34,0.0,36.0800,21.3700,46,4.5,359,68,-158,MED_RCMT (INGV),,-,P,0.0,,,,,,,,,,,,,,,,,,,
2015-07-08-22-14-00,2015,7,8,22,14,0.0,37.6100,29.5200,7,4.3,53,26,-90,MED_RCMT (INGV),,-,P,0.0,,,,,,,,,,,,,,,,,,,
2015-07-12-16-10-10,2015,7,12,16,10,10.0,37.8000,21.7900,18,4.3,126,76,-2,MED_RCMT (INGV),moment tensor inversion,from RCMT,P,17.3,,,,,,,,,,,,,,,,,,,
2015-07-24-01-26-00,2015,7,24,1,26,0.0,40.2500,26.3000,12,4.4,207,78,-172,MED_RCMT (INGV),,-,P,0.0,,,,,,,,,,,,,,,,,,,
2015-07-24-02-39-42,2015,7,24,2,39,43.7,40.2800,26.2700,10,4.8,232,50,-134,GCMT (PDEW),moment tensor inversion,"extracted from ndk file, mag is probably MS",P,54.9,GCMT (PDEW),2015,7,24,2,39,43.7,40.28,26.27,9.7,4.8,232,50,-134,0.0,0.0,0,0.0,0.0
2015-07-24-09-58-36,2015,7,24,9,58,38.3,36.7000,26.8100,141,5.1,88,37,-1,GCMT (PDEW),moment tensor inversion,"extracted from ndk file, mag is probably MS",P,42.8,GCMT (PDEW),2015,7,24,9,58,38.3,36.7,26.81,140.6,5.1,88,37,-1,0.0,0.0,0,0.0,0.0
2015-07-26-18-40-42,2015,7,26,18,40,42.8,40.4635,23.9647,16,4.1,64,84,-172,ISC (NEIC),moment tensor inversion,extracted from reviewed ISC FMCSV,P,51.4,,,,,,,,,,,,,,,,,,,
2015-07-27-02-23-42,2015,7,27,2,23,42.0,34.6900,22.8100,10,4.3,291,36,118,MED_RCMT (INGV),,-,P,0.0,,,,,,,,,,,,,,,,,,,
2015-08-08-17-22-33,2015,8,8,17,22,20.0,39.2423,21.3828,6,4.4,321,41,-94,NOA,moment tensor inversion,from seismic portal,P,35.9,GCMT (PDEW),2015,8,8,17,22,21.0,39.24,21.41,6.5,4.4,135,37,-87,-1.0,2.4,-0.5,0.0,16.3
2015-08-09-21-39-19,2015,8,9,21,39,12.0,38.1000,22.1000,52,4.4,352,74,-62,NOA,moment tensor inversion,extracted from old EMSC DB,P,25.4,,,,,,,,,,,,,,,,,,,
2015-08-26-20-41-50,2015,8,26,20,41,36.0,40.7000,21.2000,6,4.0,257,65,-77,NOA,moment tensor inversion,extracted from old EMSC DB,P,9.9,,,,,,,,,,,,,,,,,,,
2015-08-27-00-25-11,2015,8,27,0,25,6.2,34.3238,25.6252,8,4.5,262,77,-31,NOA,moment tensor inversion,from seismic portal,P,39.4,GCMT (PDEW),2015,8,27,0,25,6.2,34.32,25.62,11.2,4.8,261,65,-10,0.0,0.6,-3.2,-0.3,24.5
2015-08-30-13-28-13,2015,8,30,13,28,2.5,37.8357,21.3443,24,4.4,31,80,-171,NOA,moment tensor inversion,from seismic portal,P,4.3,,,,,,,,,,,,,,,,,,,
2015-09-10-08-12-46,2015,9,10,8,12,45.4,38.8185,26.2508,15,4.7,303,60,-70,NOA,moment tensor inversion,from seismic portal,P,40.4,GCMT (PDEW),2015,9,10,8,12,45.0,38.79,26.14,5,4.7,119,38,-78,0.4,10.1,10,0.0,25.4
2015-09-13-02-57-26,2015,9,13,2,57,26.0,37.1300,28.8900,4,4.6,71,27,-99,MED_RCMT (INGV),,-,P,4.6,,,,,,,,,,,,,,,,,,,
2015-09-15-05-04-49,2015,9,15,5,4,43.9,34.7732,24.9880,6,4.2,53,56,-88,NOA,moment tensor inversion,from seismic portal,P,53.4,,,,,,,,,,,,,,,,,,,
2015-09-16-19-52-18,2015,9,16,19,52,11.9,35.4540,27.7282,24,4.7,220,50,1,NOA,moment tensor inversion,from seismic portal,P,20.1,GCMT (PDEW),2015,9,16,19,52,11.6,35.35,27.79,11.4,4.9,216,21,3,0.3,12.8,12.6,-0.2,29.6
2015-09-29-09-12-37,2015,9,29,9,12,32.0,34.7000,24.6000,25,4.4,273,79,-80,NOA,moment tensor inversion,extracted from old EMSC DB,P,64.6,,,,,,,,,,,,,,,,,,,
2015-10-06-21-27-35,2015,10,6,21,27,33.6,36.0100,29.9000,35,5.0,173,75,-42,GFZ,moment tensor inversion,from seismic portal,P,25.7,CMT,2015,10,6,21,27,33.0,36.17,29.9,22.4,5.2,280,49,-157,0.6,17.8,12.6,-0.2,3.1
2015-10-12-02-16-15,2015,10,12,2,16,10.7,34.5725,26.4342,20,4.9,214,55,-25,NOA,moment tensor inversion,from seismic portal,P,47.6,GCMT (PDEW),2015,10,12,2,16,10.9,34.5,26.38,13.5,4.7,230,70,-3,-0.2,9.5,6.5,0.2,25.1
2015-10-13-23-18-11,2015,10,13,23,18,11.6,39.1195,28.9875,10,4.2,305,52,-81,NEIC,moment tensor inversion,from seismic portal,S,,,,,,,,,,,,,,,,,,,,
2015-10-23-17-13-19,2015,10,23,17,13,19.0,37.9800,20.1300,10,4.1,299,66,-14,MED_RCMT (INGV),,-,P,0.0,,,,,,,,,,,,,,,,,,,
2015-10-24-02-59-09,2015,10,24,2,59,3.0,35.3160,23.2504,38,4.1,115,54,92,NOA,moment tensor inversion,from seismic portal,P,0.0,,,,,,,,,,,,,,,,,,,
2015-10-25-15-45-23,2015,10,25,15,45,4.0,37.6000,22.1000,13,4.0,140,19,-102,NOA,,-,P,0.1,,,,,,,,,,,,,,,,,,,
2015-10-26-20-08-00,2015,10,26,20,8,0.1,39.7781,26.2648,50,4.2,160,89,39,ERD,moment tensor inversion,from seismic portal,S,,,,,,,,,,,,,,,,,,,,
2015-10-27-01-25-40,2015,10,27,1,25,20.0,38.9000,24.3000,25,4.4,241,76,-168,NOA,,-,P,12.4,,,,,,,,,,,,,,,,,,,
2015-10-27-13-14-40,2015,10,27,13,14,40.6,35.8768,23.9997,27,4.1,324,87,135,NOA,moment tensor inversion,from seismic portal,P,20.4,,,,,,,,,,,,,,,,,,,
2015-10-27-13-15-44,2015,10,27,13,15,44.0,35.9000,24.0000,30,4.1,57,45,4,NOA,,-,P,0.0,,,,,,,,,,,,,,,,,,,
2015-10-28-16-20-00,2015,10,28,16,20,0.0,40.8000,27.7200,16,4.4,342,75,-4,MED_RCMT (INGV),,-,P,38.3,,,,,,,,,,,,,,,,,,,
2015-11-01-06-26-19,2015,11,1,6,26,19.0,41.4100,20.2600,28,4.9,158,56,-163,INGV,moment tensor inversion,from seismic portal,P,41.2,CMT,2015,11,1,6,26,19.8,41.33,20.19,18,4.8,155,57,-164,-0.8,10.6,10,0.1,2.8
2015-11-06-23-25-46,2015,11,6,23,25,47.0,37.9000,21.5000,29,4.3,125,86,2,NOA,,-,P,39.7,,,,,,,,,,,,,,,,,,,
2015-11-17-03-00-11,2015,11,17,3,0,10.9,39.5279,24.1034,13,4.2,269,35,-95,NEIC (ISC),,-,S,,,,,,,,,,,,,,,,,,,,
2015-11-17-07-10-08,2015,11,17,7,10,14.0,38.5754,20.5428,5,6.4,24,80,-149,Sokos et al. (2016),ISOLA,"Lefkada, 2015 sequence",P,36.2,GCMT,2015,11,17,7,10,14.6,38.5,20.51,14,6.5,24,69,-176,-0.6,8.8,-9,-0.1,29.1
2015-11-17-08-33-41,2015,11,17,8,33,42.0,38.6515,20.5570,7,5.0,115,55,24,Sokos et al. (2016),ISOLA,"Lefkada, 2015 sequence",P,29.4,,,,,,,,,,,,,,,,,,,
2015-11-17-11-49-45,2015,11,17,11,49,46.0,38.4862,20.4857,3,4.0,112,89,0,Sokos et al. (2016),ISOLA,"Lefkada, 2015 sequence",P,43.5,,,,,,,,,,,,,,,,,,,
2015-11-17-11-57-25,2015,11,17,11,57,25.0,38.7129,20.5618,10,4.7,220,75,169,Sokos et al. (2016),ISOLA,"Lefkada, 2015 sequence",P,28.3,,,,,,,,,,,,,,,,,,,
2015-11-17-12-37-55,2015,11,17,12,37,57.0,38.6955,20.5774,5,4.7,297,82,26,Sokos et al. (2016),ISOLA,"Lefkada, 2015 sequence",P,34.1,GCMT (PDEW),2015,11,17,12,37,56.0,38.68,20.52,10,4.8,122,80,-10,1.0,5.3,-5,-0.1,24.5
2015-11-17-19-39-34,2015,11,17,19,39,36.0,38.7040,20.6017,7,4.1,220,77,-179,Sokos et al. (2016),ISOLA,"Lefkada, 2015 sequence",P,35.5,,,,,,,,,,,,,,,,,,,
2015-11-18-05-18-14,2015,11,18,5,18,16.0,38.4967,20.5177,5,4.4,344,88,176,Sokos et al. (2016),ISOLA,"Lefkada, 2015 sequence",P,27.2,,,,,,,,,,,,,,,,,,,
2015-11-18-10-35-46,2015,11,18,10,35,46.0,37.8286,29.2956,8,4.1,272,38,-100,ERD,moment tensor inversion,from seismic portal,S,,,,,,,,,,,,,,,,,,,,
2015-11-18-12-15-38,2015,11,18,12,15,39.0,38.8443,20.5915,15,5.0,195,72,-172,Sokos et al. (2016),ISOLA,"Lefkada, 2015 sequence",P,20.0,GCMT (PDEW),2015,11,18,12,15,38.0,38.84,20.56,10,5,194,83,-179,1.0,2.8,5,0.0,13.0
2015-11-18-13-03-14,2015,11,18,13,3,13.0,38.7197,20.6288,19,4.9,286,89,29,Sokos et al. (2016),ISOLA,"Lefkada, 2015 sequence",P,35.6,GCMT (PDEW),2015,11,18,13,3,14.9,38.72,20.63,8,4.9,117,81,-7,-1.9,0.1,11,0.0,25.8
2015-11-18-14-55-40,2015,11,18,14,55,40.1,37.8023,29.3195,8,4.1,99,46,-92,ERD,moment tensor inversion,from seismic portal,S,,,,,,,,,,,,,,,,,,,,
2015-11-18-18-30-06,2015,11,18,18,30,9.0,38.7238,20.6280,1,4.3,199,90,117,Sokos et al. (2016),ISOLA,"Lefkada, 2015 sequence",P,70.2,,,,,,,,,,,,,,,,,,,
2015-11-18-20-04-54,2015,11,18,20,4,54.4,38.7384,20.6488,9,4.7,18,64,174,NKUA,,-,S,,,,,,,,,,,,,,,,,,,,
2015-11-20-05-12-24,2015,11,20,5,12,26.0,38.4703,20.4875,7,4.7,32,72,176,Sokos et al. (2016),ISOLA,"Lefkada, 2015 sequence",P,12.4,GCMT (PDEW),2015,11,20,5,12,24.8,38.47,20.49,12,4.8,35,87,179,1.2,0.2,-5,-0.1,15.5
2015-11-20-09-33-14,2015,11,20,9,33,16.0,38.6347,20.5830,5,4.5,289,85,-22,Sokos et al. (2016),ISOLA,"Lefkada, 2015 sequence",P,15.2,GCMT (PDEW),2015,11,20,9,33,14.8,38.63,20.58,11,4.7,296,85,1,1.2,0.6,-6,-0.2,23.4
2015-11-20-23-37-03,2015,11,20,23,37,5.0,38.7105,20.6172,2,4.5,289,43,-26,Sokos et al. (2016),ISOLA,"Lefkada, 2015 sequence",P,50.3,,,,,,,,,,,,,,,,,,,
2015-11-21-00-41-56,2015,11,21,0,41,57.0,38.7150,20.6168,2,4.5,297,59,-2,Sokos et al. (2016),ISOLA,"Lefkada, 2015 sequence",P,41.0,,,,,,,,,,,,,,,,,,,
2015-11-21-01-58-25,2015,11,21,1,58,26.0,38.6020,20.5915,10,4.1,121,81,40,Sokos et al. (2016),ISOLA,"Lefkada, 2015 sequence",P,18.8,,,,,,,,,,,,,,,,,,,
2015-11-21-16-17-52,2015,11,21,16,17,52.0,38.7072,20.6265,2,4.1,265,21,-59,Sokos et al. (2016),ISOLA,"Lefkada, 2015 sequence",S,,,,,,,,,,,,,,,,,,,,
2015-11-24-09-39-04,2015,11,24,9,39,6.0,38.7310,20.5997,9,4.1,108,71,45,Sokos et al. (2016),ISOLA,"Lefkada, 2015 sequence",P,39.4,,,,,,,,,,,,,,,,,,,
2015-11-25-03-14-47,2015,11,25,3,14,49.0,38.5265,20.5450,5,4.1,40,54,-29,Sokos et al. (2016),ISOLA,"Lefkada, 2015 sequence",P,48.8,,,,,,,,,,,,,,,,,,,
2015-11-29-08-36-10,2015,11,29,8,36,10.0,38.7228,20.6137,3,4.2,200,79,163,Sokos et al. (2016),ISOLA,"Lefkada, 2015 sequence",S,,,,,,,,,,,,,,,,,,,,
2015-12-12-08-34-46,2015,12,12,8,34,45.6,37.8318,21.1588,20,4.5,231,88,174,NOA,moment tensor inversion,from seismic portal,P,12.2,,,,,,,,,,,,,,,,,,,
2015-12-14-21-13-25,2015,12,14,21,13,26.0,38.9950,20.6312,8,4.2,185,84,180,Sokos et al. (2016),ISOLA,"Lefkada, 2015 sequence",P,13.1,,,,,,,,,,,,,,,,,,,
2015-12-25-02-24-32,2015,12,25,2,24,31.0,34.7000,25.5000,30,4.2,176,20,165,NOA,,-,P,54.5,,,,,,,,,,,,,,,,,,,
2015-12-26-11-00-51,2015,12,26,11,0,49.0,35.6000,27.3000,50,5.2,212,46,19,NOA,,-,P,36.1,GCMT (PDEW),2015,12,26,11,0,53.0,35.52,27.39,36.8,5.2,232,63,11,-4.0,12.1,13.2,0.0,30.6
2015-12-29-14-15-53,2015,12,29,14,15,53.0,37.4200,19.8900,10,4.1,107,58,-14,MED_RCMT (INGV),,-,P,0.0,,,,,,,,,,,,,,,,,,,
2016-01-04-07-21-43,2016,1,4,7,21,43.0,38.3000,20.2000,10,4.2,197,55,168,MED_RCMT (INGV),moment tensor inversion,from RCMT,P,44.6,,,,,,,,,,,,,,,,,,,
2016-01-04-18-00-55,2016,1,4,18,0,56.0,38.6037,20.5917,8,4.2,26,43,-176,Sokos et al. (2016),ISOLA,"Lefkada, 2015 sequence",P,27.5,,,,,,,,,,,,,,,,,,,
2016-01-19-19-04-43,2016,1,19,19,4,43.6,36.6400,26.9400,145,4.4,344,76,158,GFZ,moment tensor inversion,from seismic portal,P,20.4,,,,,,,,,,,,,,,,,,,
2016-02-05-23-01-28,2016,2,5,23,1,29.2,34.9843,25.8295,18,4.3,162,75,128,NOA,moment tensor inversion,from seismic portal,P,27.3,,,,,,,,,,,,,,,,,,,
2016-02-15-18-55-01,2016,2,15,18,55,0.4,37.5737,21.6928,17,5.1,202,74,-176,NOA,moment tensor inversion,from seismic portal,P,17.4,GCMT (PDEW),2016,2,15,18,55,2.0,37.57,21.78,28.6,5.3,206,73,-179,-1.6,7.7,-11.6,-0.2,5.7
2016-02-18-02-40-24,2016,2,18,2,40,24.2,35.1782,26.3193,26,4.5,18,45,-29,NOA,moment tensor inversion,from seismic portal,P,41.5,,,,,,,,,,,,,,,,,,,
2016-02-18-04-34-17,2016,2,18,4,34,17.2,35.0466,26.3153,40,4.3,15,65,-156,ISC (NEIC),moment tensor inversion,extracted from reviewed ISC FMCSV,S,,,,,,,,,,,,,,,,,,,,
2016-03-10-00-03-39,2016,3,10,0,3,39.3,34.8753,23.2277,30,4.4,355,21,145,NOA,moment tensor inversion,from seismic portal,P,53.2,,,,,,,,,,,,,,,,,,,
2016-03-12-12-40-39,2016,3,12,12,40,39.2,35.3593,23.5510,14,4.5,206,57,-11,NOA,moment tensor inversion,from seismic portal,P,23.5,,,,,,,,,,,,,,,,,,,
2016-03-24-01-22-18,2016,3,24,1,22,18.0,36.0100,29.6200,10,4.3,220,62,-20,MED_RCMT (INGV),,-,P,0.0,,,,,,,,,,,,,,,,,,,
2016-03-27-13-09-30,2016,3,27,13,9,30.0,41.2900,19.3000,20,4.2,105,60,33,MED_RCMT (INGV),,-,P,0.0,,,,,,,,,,,,,,,,,,,
2016-03-29-01-05-30,2016,3,29,1,5,28.4,37.3358,20.0557,18,5.2,140,62,100,NOA,moment tensor inversion,from seismic portal,P,17.3,GCMT (PDEW),2016,3,29,1,5,30.0,37.52,20.16,10.3,5.4,338,19,121,-1.6,22.4,7.7,-0.2,23.0
2016-03-31-15-38-37,2016,3,31,15,38,37.0,37.6500,19.8300,10,4.1,343,36,85,MED_RCMT (INGV),,-,P,0.0,,,,,,,,,,,,,,,,,,,
2016-04-01-14-30-48,2016,4,1,14,30,48.0,35.9720,25.1902,75,4.2,351,59,17,NOA,moment tensor inversion,from seismic portal,P,11.5,,,,,,,,,,,,,,,,,,,
2016-04-03-00-46-17,2016,4,3,0,46,15.9,34.1870,25.7270,18,4.6,310,70,-165,NOA,moment tensor inversion,from seismic portal,P,50.7,GCMT (PDEW),2016,4,3,0,46,15.8,34.19,25.73,9,5.1,259,37,80,0.1,0.4,9,-0.5,88.3
2016-04-06-13-50-23,2016,4,6,13,50,23.0,38.5200,26.7200,12,4.0,66,86,-177,AUTH,,-,P,0.0,,,,,,,,,,,,,,,,,,,
2016-04-09-07-23-35,2016,4,9,7,23,35.0,37.6200,19.8700,10,4.4,353,34,95,MED_RCMT (INGV),,-,P,0.0,,,,,,,,,,,,,,,,,,,
2016-04-11-18-53-45,2016,4,11,18,53,45.0,38.2200,20.3000,12,4.4,52,18,-179,MED_RCMT (INGV),,-,P,0.0,,,,,,,,,,,,,,,,,,,
2016-04-16-00-10-40,2016,4,16,0,10,40.4,34.9807,25.7363,4,4.7,85,57,-15,NOA,moment tensor inversion,from seismic portal,P,32.7,GCMT (PDEW),2016,4,16,0,10,41.3,34.94,25.76,10,5,1,81,-172,-0.9,5.0,-6,-0.3,46.9
2016-04-18-06-46-14,2016,4,18,6,46,14.0,42.4900,26.0400,10,4.3,154,50,-6,MED_RCMT (INGV),,-,P,0.0,,,,,,,,,,,,,,,,,,,
2016-04-29-23-36-27,2016,4,29,23,36,26.4,34.2768,26.5514,32,4.5,315,68,-81,NEIC,moment tensor inversion,from seismic portal,P,77.1,,,,,,,,,,,,,,,,,,,
2016-05-04-08-40-46,2016,5,4,8,40,46.3,38.8983,21.7607,9,4.2,137,43,-80,NKUA,,-,S,,,,,,,,,,,,,,,,,,,,
2016-05-15-21-27-31,2016,5,15,21,27,30.2,36.6975,22.9068,8,4.3,217,36,-34,ISC (NEIC),moment tensor inversion,extracted from reviewed ISC FMCSV,P,49.3,,,,,,,,,,,,,,,,,,,
2016-05-20-08-45-33,2016,5,20,8,45,33.6,39.2660,22.9288,16,4.1,264,37,-125,NOA,moment tensor inversion,from seismic portal,P,33.6,,,,,,,,,,,,,,,,,,,
2016-05-21-16-05-18,2016,5,21,16,5,18.0,38.1800,21.8600,10,4.1,53,40,-80,MED_RCMT (INGV),moment tensor inversion,from RCMT,S,,,,,,,,,,,,,,,,,,,,
2016-05-21-16-33-06,2016,5,21,16,33,9.0,41.2200,21.0400,22,4.8,220,41,-61,INGV,moment tensor inversion,from seismic portal,P,18.2,,,,,,,,,,,,,,,,,,,
2016-05-21-16-41-30,2016,5,21,16,41,31.0,41.0400,20.9300,23,4.8,228,26,-73,INGV,moment tensor inversion,from seismic portal,P,22.5,CMT,2016,5,21,16,41,30.1,41.22,20.97,17,4.8,233,29,-48,0.9,20.3,6,0.0,20.9
2016-05-21-17-16-37,2016,5,21,17,16,37.8,41.2028,21.0893,23,4.2,184,84,121,ISC (NEIC),moment tensor inversion,extracted from reviewed ISC FMCSV,S,,,,,,,,,,,,,,,,,,,,
2016-05-22-06-25-27,2016,5,22,6,25,27.8,38.5996,22.8696,18,4.0,223,72,165,ISC (NEIC),moment tensor inversion,extracted from reviewed ISC FMCSV,S,,,,,,,,,,,,,,,,,,,,
2016-05-22-08-58-31,2016,5,22,8,58,31.9,41.6717,23.2888,18,4.3,296,47,-6,NEIC,moment tensor inversion,from seismic portal,P,31.3,,,,,,,,,,,,,,,,,,,
2016-05-25-08-36-15,2016,5,25,8,36,15.0,35.0358,26.2880,47,5.5,160,83,105,NOA,moment tensor inversion,from seismic portal,P,36.7,GCMT (PDEW),2016,5,25,8,36,13.7,34.95,26.21,10,5.3,212,7,-37,1.3,11.9,37,0.2,14.6
2016-05-30-00-10-39,2016,5,30,0,10,39.4,34.5698,25.5208,37,4.0,102,49,-147,NEIC,moment tensor inversion,from seismic portal,S,,,,,,,,,,,,,,,,,,,,
2016-06-04-16-38-25,2016,6,4,16,38,25.8,38.1420,20.3507,8,4.5,154,66,72,NOA,moment tensor inversion,from seismic portal,P,21.7,,,,,,,,,,,,,,,,,,,
2016-06-05-01-11-30,2016,6,5,1,11,30.0,34.1900,26.1400,10,4.4,44,67,166,MED_RCMT (INGV),,-,P,0.0,,,,,,,,,,,,,,,,,,,
2016-06-05-20-26-19,2016,6,5,20,26,19.5,38.6085,26.6953,12,4.2,264,48,-117,ERD,moment tensor inversion,from seismic portal,S,,,,,,,,,,,,,,,,,,,,
2016-06-11-08-29-45,2016,6,11,8,29,45.9,39.2267,23.7252,14,4.1,224,64,160,NOA,moment tensor inversion,from seismic portal,P,4.8,,,,,,,,,,,,,,,,,,,
2016-06-27-21-34-26,2016,6,27,21,34,26.0,34.2100,26.4700,47,4.7,221,80,-9,MED_RCMT (INGV),,-,P,0.0,,,,,,,,,,,,,,,,,,,
2016-07-03-18-05-43,2016,7,3,18,5,43.1,38.7630,27.8053,7,4.1,119,52,-87,ERD,moment tensor inversion,from seismic portal,S,,,,,,,,,,,,,,,,,,,,
2016-07-14-18-07-00,2016,7,14,18,7,0.0,36.1100,21.6600,54,4.3,296,38,92,MED_RCMT (INGV),,-,P,0.0,,,,,,,,,,,,,,,,,,,
2016-07-30-17-26-21,2016,7,30,17,26,24.6,35.3500,22.9600,41,5.1,143,5,-46,GFZ,moment tensor inversion,from seismic portal,P,27.0,CMT,2016,7,30,17,26,22.2,35.29,22.95,23.4,5.2,334,5,126,2.4,6.7,17.6,-0.1,21.5
2016-08-26-13-37-33,2016,8,26,13,37,33.4,38.5878,24.5574,51,4.2,251,74,159,ISC (NEIC),moment tensor inversion,extracted from reviewed ISC FMCSV,S,,,,,,,,,,,,,,,,,,,,
2016-08-31-22-20-52,2016,8,31,22,20,52.0,41.2900,20.4000,10,4.2,239,28,-49,MED_RCMT (INGV),,-,P,0.0,,,,,,,,,,,,,,,,,,,
2016-09-11-13-10-07,2016,9,11,13,10,7.5,41.9700,21.4900,18,5.2,234,44,-142,INGV,moment tensor inversion,from seismic portal,P,21.1,CMT,2016,9,11,13,10,8.0,42.01,21.49,12.9,5.1,92,44,-79,-0.5,4.4,5.1,0.1,30.2
2016-09-12-08-26-03,2016,9,12,8,26,6.0,38.9300,27.7500,16,4.8,349,82,-9,GFZ,moment tensor inversion,from seismic portal,P,39.2,CMT,2016,9,12,8,26,4.9,38.9,27.75,10,4.5,340,26,-26,1.1,3.3,6,0.3,57.3
2016-09-12-09-29-38,2016,9,12,9,29,38.0,38.8900,27.7300,13,4.7,337,42,-15,MED_RCMT (INGV),,-,P,0.0,,,,,,,,,,,,,,,,,,,
2016-09-13-06-14-50,2016,9,13,6,14,50.0,37.7700,21.2100,20,4.7,104,42,-120,MED_RCMT (INGV),,-,P,0.0,,,,,,,,,,,,,,,,,,,
2016-09-16-06-55-14,2016,9,16,6,55,13.6,38.8810,23.3223,8,4.0,124,51,-19,NOA,moment tensor inversion,from seismic portal,P,46.4,,,,,,,,,,,,,,,,,,,
2016-09-19-03-59-45,2016,9,19,3,59,45.8,38.1120,20.3628,12,4.2,126,83,84,NOA,moment tensor inversion,from seismic portal,P,17.0,,,,,,,,,,,,,,,,,,,
2016-09-27-20-57-07,2016,9,27,20,57,5.1,36.3275,27.5762,98,5.1,96,56,22,NOA,moment tensor inversion,from seismic portal,P,17.2,GCMT (PDEW),2016,9,27,20,57,8.1,36.39,27.61,85.2,5.1,356,64,153,-3.0,7.6,12.8,0.0,11.5
2016-09-28-07-17-34,2016,9,28,7,17,34.2,36.7330,21.8680,24,4.7,99,86,-170,NOA,moment tensor inversion,from seismic portal,P,21.3,GCMT (PDEW),2016,9,28,7,17,31.8,36.73,21.9,10,5,93,61,175,2.4,2.9,14,-0.3,28.8
2016-09-29-01-17-36,2016,9,29,1,17,36.0,39.5600,24.1400,8,4.1,136,88,-1,AUTH,,-,P,0.0,,,,,,,,,,,,,,,,,,,
2016-10-03-02-34-43,2016,10,3,2,34,43.4,37.7655,21.1967,8,4.5,296,31,-72,NOA,moment tensor inversion,from seismic portal,P,19.5,,,,,,,,,,,,,,,,,,,
2016-10-09-12-04-12,2016,10,9,12,4,12.1,38.1703,20.2587,20,4.0,40,76,-178,NOA,moment tensor inversion,from seismic portal,P,22.6,,,,,,,,,,,,,,,,,,,
2016-10-11-11-48-30,2016,10,11,11,48,30.7,38.3978,21.8015,8,4.2,230,33,-128,NOA,moment tensor inversion,from seismic portal,P,16.0,,,,,,,,,,,,,,,,,,,
2016-10-15-02-49-16,2016,10,15,2,49,16.5,38.9333,27.7200,7,4.0,99,63,-143,ERD,moment tensor inversion,from seismic portal,S,,,,,,,,,,,,,,,,,,,,
2016-10-15-02-51-04,2016,10,15,2,51,4.0,38.9298,27.7166,7,4.3,87,60,-155,ERD,moment tensor inversion,from seismic portal,S,,,,,,,,,,,,,,,,,,,,
2016-10-15-05-32-56,2016,10,15,5,32,58.8,34.6915,26.4940,2,4.5,108,48,77,NEIC,moment tensor inversion,from seismic portal,P,84.0,,,,,,,,,,,,,,,,,,,
2016-10-15-20-14-49,2016,10,15,20,14,49.0,39.7893,20.7055,14,5.3,112,77,66,NOA,moment tensor inversion,from seismic portal,P,20.1,GCMT,2016,10,15,20,14,53.0,39.62,20.58,29,5.5,332,27,129,-4.0,21.7,-15,-0.2,10.5
2016-10-15-23-06-59,2016,10,15,23,6,59.5,39.7545,20.6763,16,4.2,139,48,93,NOA,moment tensor inversion,from seismic portal,P,8.2,,,,,,,,,,,,,,,,,,,
2016-10-16-00-09-59,2016,10,16,0,9,59.4,39.7773,20.6678,12,4.6,323,34,118,NOA,moment tensor inversion,from seismic portal,P,18.8,GCMT (PDEW),2016,10,16,0,9,58.2,39.77,20.71,10,5,319,40,110,1.2,3.7,2,-0.4,8.0
2016-10-16-00-41-14,2016,10,16,0,41,13.0,39.7773,20.6598,14,4.9,104,64,52,NOA,moment tensor inversion,from seismic portal,P,18.1,GCMT (PDEW),2016,10,16,0,41,14.3,39.81,20.6,12.9,5.2,331,43,125,-1.3,6.3,1.1,-0.3,11.8
2016-10-16-00-48-17,2016,10,16,0,48,17.8,39.7378,20.7467,16,4.6,125,77,42,NOA,moment tensor inversion,from seismic portal,P,16.8,,,,,,,,,,,,,,,,,,,
2016-10-16-01-32-04,2016,10,16,1,32,5.0,39.7602,20.6652,12,4.5,126,58,60,NOA,moment tensor inversion,from seismic portal,P,22.0,,,,,,,,,,,,,,,,,,,
2016-10-16-02-18-44,2016,10,16,2,18,44.0,39.8000,20.7000,20,4.0,21,49,166,NOA,,-,P,0.0,,,,,,,,,,,,,,,,,,,
2016-10-16-02-21-03,2016,10,16,2,21,2.9,39.7732,20.6692,14,4.8,103,54,52,NOA,moment tensor inversion,from seismic portal,P,22.0,GCMT (PDEW),2016,10,16,2,21,4.0,39.79,20.61,19.5,5,105,46,52,-1.1,5.4,-5.5,-0.2,8.2
2016-10-16-03-40-21,2016,10,16,3,40,21.0,39.7620,20.6890,14,4.6,325,43,112,NOA,moment tensor inversion,from seismic portal,P,11.6,GCMT (PDEW),2016,10,16,3,40,20.0,39.78,20.69,20.4,4.8,109,46,66,1.0,2.0,-6.4,-0.2,7.1
2016-10-16-05-06-34,2016,10,16,5,6,35.3,39.7832,20.6778,20,4.4,124,61,74,NOA,moment tensor inversion,from seismic portal,P,11.5,,,,,,,,,,,,,,,,,,,
2016-10-16-05-55-00,2016,10,16,5,55,0.0,39.8000,20.6600,20,4.2,108,48,53,MED_RCMT (INGV),moment tensor inversion,from RCMT,S,,,,,,,,,,,,,,,,,,,,
2016-10-16-08-40-20,2016,10,16,8,40,21.4,39.7647,20.7142,16,4.2,144,54,108,NOA,moment tensor inversion,from seismic portal,P,22.9,,,,,,,,,,,,,,,,,,,
2016-10-16-19-01-39,2016,10,16,19,1,39.4,39.7540,20.7022,10,4.2,130,59,75,NOA,moment tensor inversion,from seismic portal,P,16.9,,,,,,,,,,,,,,,,,,,
2016-10-16-23-21-32,2016,10,16,23,21,32.0,39.7500,20.6900,10,4.0,328,30,115,MED_RCMT (INGV),,-,P,0.0,,,,,,,,,,,,,,,,,,,
2016-10-17-01-30-30,2016,10,17,1,30,30.0,37.9000,26.9000,14,4.3,68,73,180,NOA,,-,P,26.5,,,,,,,,,,,,,,,,,,,
2016-10-19-21-23-57,2016,10,19,21,23,57.8,39.7453,20.6768,10,4.3,110,58,50,NOA,moment tensor inversion,from seismic portal,P,21.1,,,,,,,,,,,,,,,,,,,
2016-10-29-20-15-28,2016,10,29,20,15,29.7,39.9243,19.7780,4,4.1,144,82,89,NOA,moment tensor inversion,from seismic portal,P,17.3,,,,,,,,,,,,,,,,,,,
2016-11-01-18-58-20,2016,11,1,18,58,20.0,36.4000,26.3800,117,4.1,190,43,-114,MED_RCMT (INGV),,-,P,0.0,,,,,,,,,,,,,,,,,,,
2016-11-04-05-08-53,2016,11,4,5,8,53.6,41.8100,19.8700,10,4.1,266,77,-31,GFZ,moment tensor inversion,from seismic portal,S,,,,,,,,,,,,,,,,,,,,
2016-11-10-12-12-42,2016,11,10,12,12,42.9,40.9712,22.7652,8,4.4,313,49,-46,NOA,moment tensor inversion,from seismic portal,P,22.6,,,,,,,,,,,,,,,,,,,
2016-11-16-09-15-14,2016,11,16,9,15,14.2,40.9748,22.7493,11,4.0,315,47,-35,NOA,moment tensor inversion,from seismic portal,P,7.4,,,,,,,,,,,,,,,,,,,
2016-11-18-23-22-48,2016,11,18,23,22,48.3,40.9757,22.7420,13,4.8,307,63,-51,NOA,moment tensor inversion,from seismic portal,P,38.4,GCMT (PDEW),2016,11,18,23,22,48.6,41.02,22.71,10,4.7,74,43,-129,-0.3,5.6,3,0.1,9.0
2016-11-29-00-19-28,2016,11,29,0,19,29.5,34.9157,23.3157,28,4.5,135,84,175,NOA,moment tensor inversion,from seismic portal,P,34.8,,,,,,,,,,,,,,,,,,,
2016-12-01-05-36-26,2016,12,1,5,36,26.0,35.3900,22.4700,60,4.2,275,17,49,MED_RCMT (INGV),,-,P,0.0,,,,,,,,,,,,,,,,,,,
2016-12-02-11-46-02,2016,12,2,11,46,2.5,36.5548,21.5218,29,4.5,261,43,-26,NOA,moment tensor inversion,from seismic portal,P,40.7,,,,,,,,,,,,,,,,,,,
2016-12-03-13-58-16,2016,12,3,13,58,17.7,34.0700,25.2100,32,4.6,78,56,117,GFZ,moment tensor inversion,from seismic portal,P,30.0,,,,,,,,,,,,,,,,,,,
2016-12-03-21-04-35,2016,12,3,21,4,36.0,38.0908,21.9790,14,4.4,335,25,-7,NOA,moment tensor inversion,from seismic portal,P,28.5,,,,,,,,,,,,,,,,,,,
2016-12-15-16-43-56,2016,12,15,16,43,56.0,37.0900,28.6400,10,4.1,88,23,-106,MED_RCMT (INGV),,-,P,23.3,,,,,,,,,,,,,,,,,,,
2016-12-20-06-03-45,2016,12,20,6,3,44.0,36.5397,26.9300,126,5.2,66,54,10,NOA,moment tensor inversion,from seismic portal,P,16.5,GCMT (PDEW),2016,12,20,6,3,44.2,36.54,26.92,129.9,5.4,63,67,14,-0.2,0.9,-3.9,-0.2,14.3
2016-12-27-19-31-04,2016,12,27,19,31,6.2,36.5552,22.9645,22,4.6,348,41,-104,NOA,moment tensor inversion,from seismic portal,P,13.3,GCMT (PDEW),2016,12,27,19,31,4.5,36.62,22.98,10.4,4.8,203,45,-53,1.7,7.3,11.6,-0.2,19.3
2017-01-01-13-04-00,2017,1,1,13,4,2.0,34.9603,27.1393,14,4.8,162,58,164,KOERI,moment tensor inversion,from seismic portal,P,23.9,GCMT (PDEW),2017,1,1,13,4,1.9,34.99,27.04,10,4.9,248,70,16,0.1,9.6,4,-0.1,19.1
2017-01-05-14-05-00,2017,1,5,14,5,0.0,36.4700,26.8000,98,4.5,19,61,-164,MED_RCMT (INGV),,-,P,0.0,,,,,,,,,,,,,,,,,,,
2017-01-09-09-53-16,2017,1,9,9,53,16.5,38.3442,21.7175,6,4.6,128,61,-11,NOA,moment tensor inversion,from seismic portal,P,23.2,GCMT (PDEW),2017,1,9,9,53,17.6,38.42,21.78,10,4.8,132,68,-11,-1.1,10.0,-4,-0.2,8.1
2017-01-10-12-44-52,2017,1,10,12,44,52.3,38.3400,21.7165,7,4.1,247,49,-175,UPSL,moment tensor inversion,from seismic portal,P,5.1,,,,,,,,,,,,,,,,,,,
2017-01-11-15-50-27,2017,1,11,15,50,27.0,34.2600,22.4600,10,4.4,310,72,-175,MED_RCMT (INGV),,-,P,0.0,,,,,,,,,,,,,,,,,,,
2017-01-14-22-39-00,2017,1,14,22,39,1.4,39.4965,26.0988,6,4.4,315,48,-59,NOA,moment tensor inversion,from seismic portal,P,19.0,,,,,,,,,,,,,,,,,,,
2017-01-15-03-37-21,2017,1,15,3,37,23.0,35.0630,23.0635,36,4.7,30,37,159,NOA,moment tensor inversion,from seismic portal,P,29.6,,,,,,,,,,,,,,,,,,,
2017-01-15-04-03-20,2017,1,15,4,3,21.3,39.5175,26.0843,6,4.0,307,38,-45,NOA,moment tensor inversion,from seismic portal,P,20.4,,,,,,,,,,,,,,,,,,,
2017-01-25-18-50-52,2017,1,25,18,50,53.6,35.3965,26.4477,55,5.2,120,82,8,NOA,moment tensor inversion,from seismic portal,P,17.5,GCMT (PDEW),2017,1,25,18,50,51.8,35.36,26.42,56.6,5.2,123,76,10,1.8,4.8,-1.6,0.0,6.8
2017-01-27-17-07-57,2017,1,27,17,7,58.0,40.7765,19.8128,14,4.7,360,29,-175,NOA,moment tensor inversion,from seismic portal,P,35.9,,,,,,,,,,,,,,,,,,,
2017-01-27-20-51-27,2017,1,27,20,51,26.2,35.9218,28.8032,8,4.5,248,85,126,NOA,moment tensor inversion,from seismic portal,P,49.4,,,,,,,,,,,,,,,,,,,
2017-02-06-03-51-41,2017,2,6,3,51,40.7,39.5412,26.1102,6,5.3,112,53,-91,Svigkas et al. (2019),moment tensor inversion,"western Anatolia (N of Lesvos), February 2017 seq.",P,17.8,GCMT (PDEW),2017,2,6,3,51,40.6,39.6,26.07,10,5.3,299,43,-94,0.1,7.4,-4,0.0,11.7
2017-02-06-04-17-29,2017,2,6,4,17,29.2,39.5356,26.1278,10,4.0,301,56,-96,ERD,moment tensor inversion,from seismic portal,S,,,,,,,,,,,,,,,,,,,,
2017-02-06-10-58-02,2017,2,6,10,58,2.2,39.5202,26.1058,8,5.1,115,48,-99,Svigkas et al. (2019),moment tensor inversion,"western Anatolia (N of Lesvos), February 2017 seq.",P,13.7,GCMT (PDEW),2017,2,6,10,58,2.3,39.57,26.08,7.2,5.2,119,43,-88,-0.1,6.0,0.8,-0.1,10.0
2017-02-06-11-45-01,2017,2,6,11,45,2.0,39.5068,26.0765,10,4.2,294,32,-43,NOA,moment tensor inversion,from seismic portal,P,30.7,,,,,,,,,,,,,,,,,,,
2017-02-07-02-24-04,2017,2,7,2,24,4.0,39.5250,26.1208,8,5.3,103,43,-93,Svigkas et al. (2019),moment tensor inversion,"western Anatolia (N of Lesvos), February 2017 seq.",P,13.0,GCMT (PDEW),2017,2,7,2,24,4.2,39.53,26.1,8.4,5.3,107,45,-99,-0.2,1.9,-0.4,0.0,9.5
2017-02-07-05-15-51,2017,2,7,5,15,51.0,39.4880,26.1650,8,4.1,252,48,-133,NOA,moment tensor inversion,from seismic portal,P,21.7,,,,,,,,,,,,,,,,,,,
2017-02-07-05-17-07,2017,2,7,5,17,9.0,39.5055,26.1397,8,4.2,329,38,-29,NOA,moment tensor inversion,from seismic portal,P,26.1,,,,,,,,,,,,,,,,,,,
2017-02-07-21-00-54,2017,2,7,21,0,55.3,39.5123,26.1358,6,4.1,328,44,-52,NOA,moment tensor inversion,from seismic portal,P,28.8,,,,,,,,,,,,,,,,,,,
2017-02-07-21-35-00,2017,2,7,21,35,1.0,39.5132,26.1207,4,4.0,316,28,-30,NOA,moment tensor inversion,from seismic portal,P,23.0,,,,,,,,,,,,,,,,,,,
2017-02-08-01-38-03,2017,2,8,1,38,4.9,39.5208,26.1172,4,4.5,319,23,-38,NOA,moment tensor inversion,from seismic portal,P,29.2,,,,,,,,,,,,,,,,,,,
2017-02-10-08-55-26,2017,2,10,8,55,26.0,39.4842,26.1595,7,4.5,313,49,-103,NOA,moment tensor inversion,from seismic portal,P,10.6,GCMT (PDEW),2017,2,10,8,55,26.9,39.55,26.19,9.8,4.5,333,38,-99,-0.9,7.8,-2.8,0.0,20.5
2017-02-12-13-48-16,2017,2,12,13,48,16.6,39.5073,26.1415,6,5.1,308,42,-64,NOA,moment tensor inversion,from seismic portal,P,17.9,GCMT (PDEW),2017,2,12,13,48,16.1,39.6,26.09,6,5.3,110,45,-102,0.5,11.2,0,-0.2,14.0
2017-02-15-23-01-23,2017,2,15,23,1,24.2,34.7825,24.9397,16,4.3,188,81,-172,NOA,moment tensor inversion,from seismic portal,P,12.8,,,,,,,,,,,,,,,,,,,
2017-02-16-00-19-00,2017,2,16,0,19,0.7,39.5195,26.0665,12,4.5,108,55,-92,NOA,moment tensor inversion,from seismic portal,P,16.6,GCMT (PDEW),2017,2,16,0,19,0.2,39.54,26.12,7.1,4.5,291,36,-121,0.5,5.1,4.9,0.0,33.5
2017-02-23-01-55-14,2017,2,23,1,55,14.8,39.5522,26.0672,6,4.2,298,49,-73,NOA,moment tensor inversion,from seismic portal,P,13.9,,,,,,,,,,,,,,,,,,,
2017-02-28-12-47-37,2017,2,28,12,47,37.0,39.5825,23.2727,2,4.4,317,32,-20,NOA,moment tensor inversion,from seismic portal,P,66.6,,,,,,,,,,,,,,,,,,,
2017-02-28-22-02-00,2017,2,28,22,2,1.4,37.9028,20.1525,20,4.1,33,75,180,NOA,moment tensor inversion,from seismic portal,P,21.7,,,,,,,,,,,,,,,,,,,
2017-02-28-23-27-34,2017,2,28,23,27,35.0,39.4773,26.0555,9,4.6,97,35,-89,NOA,moment tensor inversion,from seismic portal,P,12.8,GCMT (PDEW),2017,2,28,23,27,33.8,39.52,26.12,8.7,4.6,118,39,-72,1.2,7.3,0.3,0.0,13.2
2017-03-02-05-48-42,2017,3,2,5,48,42.0,39.4500,26.0300,10,4.0,73,41,-78,GFZ,moment tensor inversion,from seismic portal,S,,,,,,,,,,,,,,,,,,,,
2017-03-03-23-17-00,2017,3,3,23,17,0.0,35.4977,25.9215,20,4.5,67,58,36,NOA,moment tensor inversion,from seismic portal,P,39.7,,,,,,,,,,,,,,,,,,,
2017-03-08-07-55-02,2017,3,8,7,55,2.7,35.7555,24.5055,55,4.1,35,46,63,NOA,moment tensor inversion,from seismic portal,P,8.5,,,,,,,,,,,,,,,,,,,
2017-03-15-23-29-47,2017,3,15,23,29,48.3,35.9447,27.5890,22,4.3,12,41,-79,NOA,moment tensor inversion,from seismic portal,P,25.6,,,,,,,,,,,,,,,,,,,
2017-03-24-04-24-30,2017,3,24,4,24,30.0,37.5705,23.8847,160,4.2,10,58,-50,NOA,moment tensor inversion,from seismic portal,P,22.1,,,,,,,,,,,,,,,,,,,
2017-03-24-15-19-06,2017,3,24,15,19,6.0,39.5495,26.0910,6,4.0,50,83,161,NOA,moment tensor inversion,from seismic portal,P,20.1,,,,,,,,,,,,,,,,,,,
2017-03-30-05-12-27,2017,3,30,5,12,27.0,34.7523,24.8400,40,4.4,315,30,114,NOA,moment tensor inversion,from seismic portal,P,16.9,,,,,,,,,,,,,,,,,,,
2017-04-02-05-32-42,2017,4,2,5,32,43.0,38.6500,27.5600,8,4.3,104,38,-112,MED_RCMT (INGV),,-,P,23.2,,,,,,,,,,,,,,,,,,,
2017-04-03-08-56-02,2017,4,3,8,56,2.0,34.1235,23.9447,24,4.2,295,74,171,NOA,moment tensor inversion,from seismic portal,P,27.5,,,,,,,,,,,,,,,,,,,
2017-04-05-15-43-28,2017,4,5,15,43,29.1,38.3172,21.7722,6,4.4,204,47,-132,NOA,moment tensor inversion,from seismic portal,P,14.3,,,,,,,,,,,,,,,,,,,
2017-04-07-04-43-58,2017,4,7,4,43,58.2,39.9473,23.6792,6,4.1,292,77,-101,NOA,moment tensor inversion,from seismic portal,P,15.9,,,,,,,,,,,,,,,,,,,
2017-04-08-13-53-03,2017,4,8,13,53,4.0,41.8400,19.9200,30,5.0,27,43,-72,INGV,moment tensor inversion,from seismic portal,P,18.5,CMT,2017,4,8,13,53,3.9,41.81,19.95,27.8,4.8,186,45,-102,0.1,4.2,2.2,0.2,5.5
2017-04-08-14-37-40,2017,4,8,14,37,40.0,39.4050,23.9618,10,4.1,230,89,171,NOA,moment tensor inversion,from seismic portal,P,7.7,,,,,,,,,,,,,,,,,,,
2017-04-11-22-48-35,2017,4,11,22,48,35.0,33.5700,25.3200,10,4.4,81,32,18,MED_RCMT (INGV),,-,P,0.0,,,,,,,,,,,,,,,,,,,
2017-04-13-16-22-16,2017,4,13,16,22,15.0,37.1400,28.6600,5,4.9,302,70,-73,KOERI,moment tensor inversion,from seismic portal,P,35.5,GCMT (PDEW),2017,4,13,16,22,16.2,37.12,28.69,10,5,73,37,-117,-1.2,3.5,-5,-0.1,21.3
2017-04-15-01-34-45,2017,4,15,1,34,46.0,38.3823,20.5046,9,4.0,116,77,4,NKUA,,-,S,,,,,,,,,,,,,,,,,,,,
2017-04-19-11-23-11,2017,4,19,11,23,11.1,38.6360,27.6258,9,4.0,288,47,-127,ERD,moment tensor inversion,from seismic portal,S,,,,,,,,,,,,,,,,,,,,
2017-04-21-14-12-22,2017,4,21,14,12,22.6,38.6600,27.6700,10,4.9,300,36,-95,GCMT (PDEW),moment tensor inversion,"extracted from ndk file, mag is probably MS",P,28.1,GCMT (PDEW),2017,4,21,14,12,22.6,38.66,27.67,10,4.9,300,36,-95,0.0,0.0,0,0.0,0.0
2017-04-23-05-59-11,2017,4,23,5,59,11.1,39.3714,23.7878,11,4.0,150,82,-2,NKUA,,-,S,,,,,,,,,,,,,,,,,,,,
2017-04-27-12-04-26,2017,4,27,12,4,27.1,35.2900,21.3900,10,4.7,128,54,84,GFZ,moment tensor inversion,from seismic portal,P,20.0,CMT,2017,4,27,12,4,27.4,35.4,21.45,10,4.9,302,27,87,-0.3,13.4,0,-0.2,12.9
2017-04-27-17-09-51,2017,4,27,17,9,51.0,35.0700,21.3300,10,4.5,255,44,8,MED_RCMT (INGV),,-,P,0.0,,,,,,,,,,,,,,,,,,,
2017-05-14-04-46-06,2017,5,14,4,46,6.0,38.9068,21.9120,16,4.2,78,11,13,NOA,moment tensor inversion,from seismic portal,P,13.2,,,,,,,,,,,,,,,,,,,
2017-05-17-11-30-33,2017,5,17,11,30,32.0,36.0272,27.4922,6,4.8,31,67,-61,NOA,moment tensor inversion,from seismic portal,P,44.1,GCMT (PDEW),2017,5,17,11,30,33.3,35.97,27.5,13.7,4.9,189,44,-81,-1.3,6.4,-7.7,-0.1,39.1
2017-05-20-11-06-14,2017,5,20,11,6,14.7,35.5384,27.5143,15,4.3,48,89,0,NKUA,,-,S,,,,,,,,,,,,,,,,,,,,
2017-05-24-10-30-57,2017,5,24,10,30,57.0,41.5300,20.2200,14,4.5,45,46,-43,MED_RCMT (INGV),,-,P,0.0,,,,,,,,,,,,,,,,,,,
2017-05-26-01-03-00,2017,5,26,1,3,0.0,34.0600,28.2000,67,4.2,45,42,92,MED_RCMT (INGV),,-,P,0.0,,,,,,,,,,,,,,,,,,,
2017-05-27-15-53-23,2017,5,27,15,53,23.0,38.7610,27.8295,4,4.9,294,49,-106,NOA,moment tensor inversion,from seismic portal,P,13.6,GCMT (PDEW),2017,5,27,15,53,24.2,38.77,27.82,10,5.1,304,44,-91,-1.2,1.3,-6,-0.2,12.0
2017-05-28-02-14-59,2017,5,28,2,14,59.0,38.7300,27.8000,10,4.4,297,43,-105,MED_RCMT (INGV),moment tensor inversion,from RCMT,P,12.1,,,,,,,,,,,,,,,,,,,
2017-05-28-02-50-26,2017,5,28,2,50,25.0,38.7200,27.7800,4,4.6,121,46,-92,KOERI,moment tensor inversion,from seismic portal,P,14.9,,,,,,,,,,,,,,,,,,,
2017-05-28-02-52-56,2017,5,28,2,52,55.0,38.7300,27.7900,4,4.8,119,42,-94,KOERI,moment tensor inversion,from seismic portal,P,15.1,GCMT (PDEW),2017,5,28,2,52,56.4,38.78,27.8,10,4.8,291,36,-107,-1.4,5.6,-6,0.0,18.4
2017-05-28-04-38-19,2017,5,28,4,38,20.0,38.7400,27.7900,11,4.6,139,23,-64,MED_RCMT (INGV),,-,P,12.6,,,,,,,,,,,,,,,,,,,
2017-05-28-08-49-47,2017,5,28,8,49,48.0,38.7600,27.8000,8,4.4,138,41,-38,MED_RCMT (INGV),,-,P,18.3,,,,,,,,,,,,,,,,,,,
2017-05-28-11-04-59,2017,5,28,11,4,59.0,38.7098,27.7775,2,4.8,302,36,-98,NOA,moment tensor inversion,from seismic portal,P,14.6,GCMT (PDEW),2017,5,28,11,4,59.4,38.76,27.78,3.2,4.9,132,41,-73,-0.4,5.6,-1.2,-0.1,17.4
2017-06-12-12-28-39,2017,6,12,12,28,38.3,38.8388,26.3623,7,6.3,125,42,-71,Kiratzi (2018),moment tensor inversion,"Lesvos, 2017 seq.",P,16.7,GCMT,2017,6,12,12,28,43.2,38.81,26.38,12,6.4,282,40,-99,-4.9,3.5,-5,-0.1,12.4
2017-06-12-14-19-47,2017,6,12,14,19,47.9,38.8700,26.3540,12,4.2,50,69,-157,NOA,moment tensor inversion,from seismic portal,P,46.7,,,,,,,,,,,,,,,,,,,
2017-06-12-16-30-15,2017,6,12,16,30,15.6,38.8673,26.3866,11,4.0,299,55,-73,ERD,moment tensor inversion,from seismic portal,S,,,,,,,,,,,,,,,,,,,,
2017-06-13-03-19-58,2017,6,13,3,19,58.9,38.8465,26.4233,11,4.0,114,36,-94,ERD,moment tensor inversion,from seismic portal,P,11.7,,,,,,,,,,,,,,,,,,,
2017-06-14-04-35-55,2017,6,14,4,35,56.7,38.8778,26.3262,14,4.2,310,60,-57,NOA,moment tensor inversion,from seismic portal,P,25.6,,,,,,,,,,,,,,,,,,,
2017-06-14-07-10-04,2017,6,14,7,10,4.7,34.6198,23.7072,8,4.4,48,88,38,NOA,moment tensor inversion,from seismic portal,P,30.7,,,,,,,,,,,,,,,,,,,
2017-06-15-10-37-04,2017,6,15,10,37,4.1,38.8956,26.2635,16,4.0,231,78,157,ERD,moment tensor inversion,from seismic portal,S,,,,,,,,,,,,,,,,,,,,
2017-06-16-13-25-52,2017,6,16,13,25,52.6,38.8135,26.4818,8,4.2,240,55,-128,NOA,moment tensor inversion,from seismic portal,P,4.5,,,,,,,,,,,,,,,,,,,
2017-06-16-23-42-45,2017,6,16,23,42,45.0,36.8000,23.0000,60,4.5,221,28,33,NOA,,-,P,21.9,,,,,,,,,,,,,,,,,,,
2017-06-17-03-40-37,2017,6,17,3,40,37.5,38.8828,26.2590,14,4.7,51,85,-167,NOA,moment tensor inversion,from seismic portal,P,37.7,GCMT (PDEW),2017,6,17,3,40,37.4,38.9,26.22,10,4.6,326,57,-15,0.1,3.9,4,0.1,24.2
2017-06-17-19-33-33,2017,6,17,19,33,33.0,38.8122,26.4752,8,4.2,263,39,-117,NOA,moment tensor inversion,from seismic portal,P,7.8,,,,,,,,,,,,,,,,,,,
2017-06-17-19-50-04,2017,6,17,19,50,5.0,38.8497,26.4302,9,5.2,142,82,-6,Kiratzi (2018),moment tensor inversion,"Lesvos, 2017 seq.",P,20.4,GCMT (PDEW),2017,6,17,19,50,4.8,38.89,26.42,7.7,5.2,238,65,-163,0.2,4.6,1.3,0.0,21.1
2017-06-18-22-41-03,2017,6,18,22,41,3.0,39.6000,23.3000,4,4.1,333,65,7,NOA,,-,P,0.0,,,,,,,,,,,,,,,,,,,
2017-06-19-04-55-36,2017,6,19,4,55,37.1,37.9985,21.2045,2,4.1,268,68,-70,NOA,moment tensor inversion,from seismic portal,P,14.7,,,,,,,,,,,,,,,,,,,
2017-06-22-02-48-53,2017,6,22,2,48,53.0,38.8103,26.4920,8,5.0,130,75,-23,Kiratzi (2018),moment tensor inversion,"Lesvos, 2017 seq.",P,28.8,GCMT (PDEW),2017,6,22,2,48,53.1,38.83,26.47,10,4.8,243,43,-138,-0.1,2.9,-2,0.2,32.4
2017-06-22-08-56-33,2017,6,22,8,56,33.6,38.6325,27.5446,11,4.0,275,38,-81,ERD,moment tensor inversion,from seismic portal,S,,,,,,,,,,,,,,,,,,,,
2017-06-25-13-54-41,2017,6,25,13,54,41.4,38.3707,23.3433,9,4.0,236,50,-134,NKUA,,-,S,,,,,,,,,,,,,,,,,,,,
2017-06-26-10-17-51,2017,6,26,10,17,50.0,38.1800,20.2600,4,4.0,61,33,-165,MED_RCMT (INGV),moment tensor inversion,from RCMT,P,66.1,,,,,,,,,,,,,,,,,,,
2017-07-03-11-18-20,2017,7,3,11,18,21.0,41.2000,21.0000,5,4.8,245,43,-68,NOA,,-,P,13.9,GCMT (PDEW),2017,7,3,11,18,20.4,41.15,20.93,10,4.8,224,39,-78,0.6,8.1,-5,0.0,15.5
2017-07-03-13-53-44,2017,7,3,13,53,44.0,35.0000,26.6000,22,4.7,59,45,-25,NOA,,-,P,38.0,GCMT (PDEW),2017,7,3,13,53,45.1,35.09,26.63,10,4.5,254,75,-4,-1.1,10.4,12,0.2,65.9
2017-07-15-01-22-03,2017,7,15,1,22,2.0,38.3000,22.0000,4,4.1,97,37,-90,NOA,,-,P,4.8,,,,,,,,,,,,,,,,,,,
2017-07-15-03-05-14,2017,7,15,3,5,14.0,38.3000,22.0000,6,4.1,83,36,-115,NOA,,-,P,14.8,,,,,,,,,,,,,,,,,,,
2017-07-15-20-30-16,2017,7,15,20,30,15.0,34.8000,25.5000,6,5.1,184,50,-141,NOA,,-,P,53.4,GCMT,2017,7,15,20,30,19.4,34.89,25.29,20,5.5,261,72,-2,-4.4,21.6,-14,-0.4,67.3
2017-07-20-07-15-45,2017,7,20,7,15,47.1,38.4591,21.9462,10,4.2,5,30,-85,ISC (NEIC),moment tensor inversion,extracted from reviewed ISC FMCSV,P,87.1,,,,,,,,,,,,,,,,,,,
2017-07-20-22-31-10,2017,7,20,22,31,0.0,36.9590,27.4300,12,6.5,94,48,-84,Konca et al. (2019),waveform inversion,"Kos, 2017 sequence",P,16.5,GCMT,2017,7,20,22,31,17.9,36.8,27.62,12,6.6,275,36,-85,-17.9,24.5,0,-0.1,9.7
2017-07-20-23-23-51,2017,7,20,23,23,51.6,36.9298,27.2891,11,4.7,272,57,-74,ERD,moment tensor inversion,from seismic portal,S,,,,,,,,,,,,,,,,,,,,
2017-07-21-00-15-00,2017,7,21,0,15,0.0,36.9580,27.4033,10,4.1,64,49,-63,Konca et al. (2019),waveform inversion,"Kos, 2017 sequence",S,,,,,,,,,,,,,,,,,,,,
2017-07-21-00-16-41,2017,7,21,0,16,41.4,36.9580,27.4033,13,4.1,23,37,-117,ERD,moment tensor inversion,from seismic portal,S,,,,,,,,,,,,,,,,,,,,
2017-07-21-00-56-00,2017,7,21,0,56,0.0,36.8796,27.6075,9,4.2,96,48,-65,Konca et al. (2019),waveform inversion,"Kos, 2017 sequence",S,,,,,,,,,,,,,,,,,,,,
2017-07-21-00-57-07,2017,7,21,0,57,7.0,36.8796,27.6075,9,4.1,85,37,-94,ERD,moment tensor inversion,from seismic portal,S,,,,,,,,,,,,,,,,,,,,
2017-07-21-01-25-34,2017,7,21,1,25,34.7,36.9813,27.4191,13,4.1,258,81,-65,Karakostas et al. (2022),ISOLA,"Kos, 2017 sequence",S,,,,,,,,,,,,,,,,,,,,
2017-07-21-01-34-00,2017,7,21,1,34,0.0,36.9055,27.5678,14,4.2,119,79,-42,Konca et al. (2019),waveform inversion,"Kos, 2017 sequence",S,,,,,,,,,,,,,,,,,,,,
2017-07-21-01-35-44,2017,7,21,1,35,44.4,36.9269,27.5850,12,4.5,214,59,-171,Karakostas et al. (2022),ISOLA,"Kos, 2017 sequence",P,22.8,,,,,,,,,,,,,,,,,,,
2017-07-21-01-37-00,2017,7,21,1,37,0.0,36.9040,27.5743,10,4.3,123,84,-58,Konca et al. (2019),waveform inversion,"Kos, 2017 sequence",S,,,,,,,,,,,,,,,,,,,,
2017-07-21-01-38-49,2017,7,21,1,38,49.5,36.9272,27.5039,8,4.7,237,28,-148,Karakostas et al. (2022),ISOLA,"Kos, 2017 sequence",P,9.1,,,,,,,,,,,,,,,,,,,
2017-07-21-01-49-00,2017,7,21,1,49,0.0,36.9860,27.4140,14,4.2,247,70,-70,Konca et al. (2019),waveform inversion,"Kos, 2017 sequence",S,,,,,,,,,,,,,,,,,,,,
2017-07-21-02-11-00,2017,7,21,2,11,0.0,36.8285,27.3521,1,4.4,291,44,-37,Konca et al. (2019),waveform inversion,"Kos, 2017 sequence",S,,,,,,,,,,,,,,,,,,,,
2017-07-21-02-12-35,2017,7,21,2,12,35.0,36.9000,27.4000,9,4.4,227,51,-128,NOA,,-,P,11.4,,,,,,,,,,,,,,,,,,,
2017-07-21-03-58-00,2017,7,21,3,58,0.0,36.8976,27.6031,14,4.2,85,66,-72,Konca et al. (2019),waveform inversion,"Kos, 2017 sequence",S,,,,,,,,,,,,,,,,,,,,
2017-07-21-03-59-03,2017,7,21,3,59,2.3,36.9220,27.6224,12,4.4,256,46,-85,Karakostas et al. (2022),ISOLA,"Kos, 2017 sequence",P,13.4,,,,,,,,,,,,,,,,,,,
2017-07-21-05-04-01,2017,7,21,5,4,1.0,36.9000,27.6000,6,4.3,240,40,-91,NOA,,-,P,16.7,GCMT (PDEW),2017,7,21,5,4,1.6,36.82,27.64,13.8,4.2,65,43,-112,-0.6,9.6,-7.8,0.1,26.1
2017-07-21-05-12-00,2017,7,21,5,12,0.0,36.9016,27.6203,1,4.1,91,67,-84,Konca et al. (2019),waveform inversion,"Kos, 2017 sequence",S,,,,,,,,,,,,,,,,,,,,
2017-07-21-05-14-00,2017,7,21,5,14,2.7,36.9300,27.7300,10,4.3,92,39,-79,GFZ,moment tensor inversion,from seismic portal,P,9.8,,,,,,,,,,,,,,,,,,,
2017-07-21-05-51-00,2017,7,21,5,51,0.0,36.9220,27.3391,10,4.0,220,30,-60,Konca et al. (2019),waveform inversion,"Kos, 2017 sequence",S,,,,,,,,,,,,,,,,,,,,
2017-07-21-05-52-13,2017,7,21,5,52,15.0,37.0100,27.4000,10,4.1,66,38,-84,GFZ,moment tensor inversion,from seismic portal,P,34.3,,,,,,,,,,,,,,,,,,,
2017-07-21-09-54-00,2017,7,21,9,54,0.0,36.9100,27.6780,15,4.2,96,64,-74,Konca et al. (2019),waveform inversion,"Kos, 2017 sequence",S,,,,,,,,,,,,,,,,,,,,
2017-07-21-09-55-53,2017,7,21,9,55,53.9,36.9206,27.6921,13,4.4,269,49,-89,Karakostas et al. (2022),ISOLA,"Kos, 2017 sequence",P,10.0,,,,,,,,,,,,,,,,,,,
2017-07-21-10-36-55,2017,7,21,10,36,55.0,34.7900,25.4400,10,4.6,3,69,-158,MED_RCMT (INGV),,-,P,0.0,,,,,,,,,,,,,,,,,,,
2017-07-21-17-09-48,2017,7,21,17,9,50.0,36.9000,27.3000,8,4.7,53,34,-123,NOA,,-,P,14.4,GCMT (PDEW),2017,7,21,17,9,45.3,36.91,27.3,10,5,60,39,-112,4.7,1.1,-2,-0.3,8.4
2017-07-21-17-48-00,2017,7,21,17,48,0.0,36.9500,27.3860,13,4.5,84,65,-68,Konca et al. (2019),waveform inversion,"Kos, 2017 sequence",S,,,,,,,,,,,,,,,,,,,,
2017-07-22-17-09-21,2017,7,22,17,9,21.9,36.9530,27.3520,4,4.4,255,56,-97,Karakostas et al. (2022),ISOLA,"Kos, 2017 sequence",P,13.6,,,,,,,,,,,,,,,,,,,
2017-07-22-17-25-47,2017,7,22,17,25,47.0,36.5700,26.7900,140,4.6,324,32,-169,KOERI,moment tensor inversion,from seismic portal,P,46.2,,,,,,,,,,,,,,,,,,,
2017-07-22-17-48-00,2017,7,22,17,48,0.0,36.9143,27.3148,8,4.3,79,25,-90,Konca et al. (2019),waveform inversion,"Kos, 2017 sequence",S,,,,,,,,,,,,,,,,,,,,
2017-07-22-22-12-32,2017,7,22,22,12,32.0,40.0200,27.1500,15,4.2,326,67,-7,MED_RCMT (INGV),,-,P,0.0,,,,,,,,,,,,,,,,,,,
2017-07-27-12-45-18,2017,7,27,12,45,18.0,40.2238,25.1950,2,4.0,90,18,176,ERD,moment tensor inversion,from seismic portal,P,72.7,,,,,,,,,,,,,,,,,,,
2017-07-30-07-02-14,2017,7,30,7,2,13.8,37.0140,27.5970,8,4.2,243,59,-99,Karakostas et al. (2022),ISOLA,"Kos, 2017 sequence",P,26.4,,,,,,,,,,,,,,,,,,,
2017-07-30-07-06-00,2017,7,30,7,6,0.0,36.9956,27.5933,10,4.2,82,59,-81,Konca et al. (2019),waveform inversion,"Kos, 2017 sequence",S,,,,,,,,,,,,,,,,,,,,
2017-07-30-17-30-00,2017,7,30,17,30,0.0,36.9601,27.6333,12,4.6,92,66,-71,Konca et al. (2019),waveform inversion,"Kos, 2017 sequence",S,,,,,,,,,,,,,,,,,,,,
2017-07-30-17-51-19,2017,7,30,17,51,18.8,36.9679,27.6597,11,4.8,278,62,-91,Karakostas et al. (2022),ISOLA,"Kos, 2017 sequence",P,15.8,GCMT (PDEW),2017,7,30,17,51,19.4,36.97,27.65,10,4.4,79,45,-114,-0.6,0.9,1.08,0.4,22.6
2017-07-31-21-29-13,2017,7,31,21,29,13.3,34.3581,24.1338,41,5.3,267,33,75,NEIC,moment tensor inversion,from seismic portal,P,15.3,GCMT (PDEW),2017,7,31,21,29,14.7,34.52,24.06,39,5.3,290,27,90,-1.4,19.2,2,0.0,13.8
2017-08-05-03-20-52,2017,8,5,3,20,52.9,38.9431,26.6051,4,4.0,250,51,-137,ERD,moment tensor inversion,from seismic portal,P,9.7,,,,,,,,,,,,,,,,,,,
2017-08-07-05-10-00,2017,8,7,5,10,0.0,36.9951,27.6128,10,4.5,120,49,-50,Konca et al. (2019),waveform inversion,"Kos, 2017 sequence",S,,,,,,,,,,,,,,,,,,,,
2017-08-07-05-18-48,2017,8,7,5,18,48.2,37.0004,27.6253,14,4.9,261,51,-107,Karakostas et al. (2022),ISOLA,"Kos, 2017 sequence",P,26.2,GCMT (ISC),2017,8,7,5,18,49.5,36.9,27.94,18.4,4.9,64,47,-125,-1.3,30.2,-4.36,0.0,38.0
2017-08-07-05-26-00,2017,8,7,5,26,0.0,36.9616,27.6188,12,4.0,84,60,-77,Konca et al. (2019),waveform inversion,"Kos, 2017 sequence",S,,,,,,,,,,,,,,,,,,,,
2017-08-07-05-44-25,2017,8,7,5,44,25.6,37.0044,27.6490,9,4.2,267,50,-99,Karakostas et al. (2022),ISOLA,"Kos, 2017 sequence",P,17.8,,,,,,,,,,,,,,,,,,,
2017-08-07-18-14-00,2017,8,7,18,14,0.0,36.9905,27.6285,9,4.2,96,66,-71,Konca et al. (2019),waveform inversion,"Kos, 2017 sequence",S,,,,,,,,,,,,,,,,,,,,
2017-08-07-18-25-58,2017,8,7,18,25,58.0,36.9865,27.6448,12,4.0,283,62,-109,Karakostas et al. (2022),ISOLA,"Kos, 2017 sequence",P,48.2,,,,,,,,,,,,,,,,,,,
2017-08-08-01-27-00,2017,8,8,1,27,0.0,36.9738,27.6458,7,4.3,95,71,-83,Konca et al. (2019),waveform inversion,"Kos, 2017 sequence",S,,,,,,,,,,,,,,,,,,,,
2017-08-08-01-46-20,2017,8,8,1,46,20.0,36.9900,27.6409,14,4.1,276,64,-82,Karakostas et al. (2022),ISOLA,"Kos, 2017 sequence",P,14.0,,,,,,,,,,,,,,,,,,,
2017-08-08-07-25-00,2017,8,8,7,25,0.0,36.9576,27.6236,11,5.2,95,61,-72,Konca et al. (2019),waveform inversion,"Kos, 2017 sequence",S,,,,,,,,,,,,,,,,,,,,
2017-08-08-07-42-21,2017,8,8,7,42,21.0,37.0000,27.6000,4,5.2,62,36,-132,NOA,,-,P,16.6,GCMT (PDEW),2017,8,8,7,42,22.2,36.97,27.57,10,5.3,76,42,-100,-1.2,4.3,-6,-0.1,23.4
2017-08-13-11-09-00,2017,8,13,11,9,0.0,37.0813,27.6848,28,5.0,346,20,-21,Konca et al. (2019),waveform inversion,"Kos, 2017 sequence",S,,,,,,,,,,,,,,,,,,,,
2017-08-13-11-16-52,2017,8,13,11,16,52.3,37.1204,27.7227,11,5.0,271,55,-98,Karakostas et al. (2022),ISOLA,"Kos, 2017 sequence",P,16.1,GCMT (PDEW),2017,8,13,11,16,52.4,37.05,27.7,5.3,4.9,274,44,-102,-0.1,8.1,5.54,0.1,12.7
2017-08-13-12-28-15,2017,8,13,12,28,15.0,37.1394,27.7147,15,4.5,263,34,-105,Karakostas et al. (2022),ISOLA,"Kos, 2017 sequence",P,16.1,,,,,,,,,,,,,,,,,,,
2017-08-13-16-31-21,2017,8,13,16,31,21.8,37.1394,27.7071,8,4.0,272,61,-94,Karakostas et al. (2022),ISOLA,"Kos, 2017 sequence",S,,,,,,,,,,,,,,,,,,,,
2017-08-13-16-35-22,2017,8,13,16,35,22.6,37.1380,27.7355,15,4.4,278,42,-93,Karakostas et al. (2022),ISOLA,"Kos, 2017 sequence",P,14.7,,,,,,,,,,,,,,,,,,,
2017-08-13-17-09-06,2017,8,13,17,9,6.6,37.1340,27.7156,12,4.0,271,20,-119,Karakostas et al. (2022),ISOLA,"Kos, 2017 sequence",S,,,,,,,,,,,,,,,,,,,,
2017-08-14-02-25-00,2017,8,14,2,25,0.0,37.1210,27.7088,7,4.7,111,71,-72,Konca et al. (2019),waveform inversion,"Kos, 2017 sequence",S,,,,,,,,,,,,,,,,,,,,
2017-08-14-02-43-49,2017,8,14,2,43,49.3,37.1527,27.7037,8,4.8,252,37,-107,NOA,moment tensor inversion,from seismic portal,P,13.8,GCMT (PDEW),2017,8,14,2,43,48.5,37.1,27.7,10,4.7,258,41,-92,0.8,5.9,-2,0.1,11.7
2017-08-16-15-53-29,2017,8,16,15,53,29.0,36.4700,24.6900,109,4.8,221,45,107,INGV,moment tensor inversion,from seismic portal,P,18.4,GCMT (PDEW),2017,8,16,15,53,28.6,36.6,24.71,101.5,4.8,222,46,123,0.4,14.5,7.5,0.0,15.3
2017-08-18-12-47-32,2017,8,18,12,47,32.6,36.9223,27.6482,12,4.2,283,58,-86,Karakostas et al. (2022),ISOLA,"Kos, 2017 sequence",P,8.1,,,,,,,,,,,,,,,,,,,
2017-08-18-14-10-48,2017,8,18,14,10,48.3,36.9328,27.6490,7,4.4,278,65,-88,Karakostas et al. (2022),ISOLA,"Kos, 2017 sequence",P,14.9,,,,,,,,,,,,,,,,,,,
2017-08-18-14-54-00,2017,8,18,14,54,0.0,36.9063,27.6200,17,4.4,106,65,-79,Konca et al. (2019),waveform inversion,"Kos, 2017 sequence",S,,,,,,,,,,,,,,,,,,,,
2017-09-01-16-48-33,2017,9,1,16,48,32.0,36.0100,28.0100,73,4.9,337,56,138,KOERI,moment tensor inversion,from seismic portal,P,18.8,GCMT (PDEW),2017,9,1,16,48,34.0,36.01,28.01,76.5,4.9,79,68,14,-2.0,0.0,-3.5,0.0,27.5
2017-09-08-23-23-33,2017,9,8,23,23,33.1,37.1208,27.7283,17,4.0,186,83,-175,ERD,moment tensor inversion,from seismic portal,S,,,,,,,,,,,,,,,,,,,,
2017-09-11-16-20-15,2017,9,11,16,20,15.2,39.1467,21.5260,16,4.6,356,16,-37,NOA,moment tensor inversion,from seismic portal,P,14.2,,,,,,,,,,,,,,,,,,,
2017-09-16-08-33-55,2017,9,16,8,33,56.0,37.1435,27.7294,11,4.4,196,68,-166,Karakostas et al. (2022),ISOLA,"Kos, 2017 sequence",P,17.7,,,,,,,,,,,,,,,,,,,
2017-09-17-14-29-33,2017,9,17,14,29,34.0,39.3000,24.0000,3,4.4,218,86,177,NOA,,-,P,14.2,,,,,,,,,,,,,,,,,,,
2017-09-22-04-20-21,2017,9,22,4,20,21.4,38.9458,26.2496,7,4.0,320,61,-51,ERD,moment tensor inversion,from seismic portal,S,,,,,,,,,,,,,,,,,,,,
2017-09-24-16-57-16,2017,9,24,16,57,16.9,36.9499,27.3374,10,4.2,251,33,-99,Karakostas et al. (2022),ISOLA,"Kos, 2017 sequence",P,21.9,,,,,,,,,,,,,,,,,,,
2017-09-28-10-00-30,2017,9,28,10,0,30.0,37.5000,20.9000,14,4.1,337,27,-9,NOA,,-,P,38.8,,,,,,,,,,,,,,,,,,,
2017-10-04-04-04-00,2017,10,4,4,4,0.0,37.0700,20.8600,10,4.3,205,38,-12,MED_RCMT (INGV),,-,P,0.0,,,,,,,,,,,,,,,,,,,
2017-10-05-13-43-22,2017,10,5,13,43,22.5,37.8671,29.5105,12,4.0,116,41,-84,ERD,moment tensor inversion,from seismic portal,S,,,,,,,,,,,,,,,,,,,,
2017-10-11-22-49-44,2017,10,11,22,49,44.4,39.1140,24.2270,9,5.0,226,78,-172,NOA,moment tensor inversion,from seismic portal,P,13.3,GCMT (PDEW),2017,10,11,22,49,44.8,39.17,24.24,11.5,5.1,232,58,-160,-0.4,6.3,-2.5,-0.1,22.9
2017-10-13-02-36-41,2017,10,13,2,36,41.0,34.6100,25.4400,54,4.1,87,19,-106,MED_RCMT (INGV),,-,P,0.0,,,,,,,,,,,,,,,,,,,
2017-10-14-09-55-37,2017,10,14,9,55,37.0,40.8400,21.3100,10,4.4,94,48,-58,MED_RCMT (INGV),moment tensor inversion,from RCMT,P,54.3,,,,,,,,,,,,,,,,,,,
2017-10-24-09-36-24,2017,10,24,9,36,23.0,36.9900,27.3800,6,4.6,284,35,-74,KOERI,moment tensor inversion,from seismic portal,P,24.8,GCMT (PDEW),2017,10,24,9,36,24.2,36.96,27.35,10,4.6,270,38,-109,-1.2,4.3,-4,0.0,25.3
2017-11-04-21-54-09,2017,11,4,21,54,9.9,36.5600,28.2800,77,4.3,28,62,51,GFZ,moment tensor inversion,from seismic portal,P,34.8,,,,,,,,,,,,,,,,,,,
2017-11-07-02-40-33,2017,11,7,2,40,34.0,36.4000,28.3000,66,4.5,57,60,18,NOA,,-,P,24.2,,,,,,,,,,,,,,,,,,,
2017-11-10-18-35-46,2017,11,10,18,35,46.0,34.8100,25.9600,10,4.2,176,81,-178,MED_RCMT (INGV),moment tensor inversion,from RCMT,P,71.5,,,,,,,,,,,,,,,,,,,
2017-11-11-08-56-38,2017,11,11,8,56,38.0,38.8500,27.4700,10,4.1,318,49,-67,KOERI,moment tensor inversion,from seismic portal,P,35.4,,,,,,,,,,,,,,,,,,,
2017-11-22-20-22-53,2017,11,22,20,22,54.0,37.1400,28.5900,4,5.0,111,56,-72,AUTH,moment tensor inversion,from seismic portal,P,28.2,GCMT (PDEW),2017,11,22,20,22,53.5,37.05,28.64,10,5.1,269,40,-124,0.5,10.9,-6,-0.1,16.7
2017-11-22-22-37-34,2017,11,22,22,37,35.5,40.5077,22.5225,15,4.3,299,55,-17,NOA,moment tensor inversion,from seismic portal,P,56.9,,,,,,,,,,,,,,,,,,,
2017-11-24-18-51-41,2017,11,24,18,51,39.0,36.8400,21.4500,10,4.6,174,24,-65,MED_RCMT (INGV),moment tensor inversion,from RCMT,P,89.9,,,,,,,,,,,,,,,,,,,
2017-11-24-21-49-15,2017,11,24,21,49,18.6,37.0200,28.6400,12,5.3,273,34,-99,GCMT,moment tensor inversion,from seismic portal,P,16.3,GCMT,2017,11,24,21,49,18.6,37.02,28.64,12,5.3,273,34,-99,0.0,0.0,0,0.0,0.0
2017-12-08-05-20-39,2017,12,8,5,20,39.0,36.3600,27.6500,10,4.2,255,42,-45,MED_RCMT (INGV),moment tensor inversion,from RCMT,P,53.8,,,,,,,,,,,,,,,,,,,
2017-12-13-07-30-00,2017,12,13,7,30,0.0,34.7500,23.7800,40,4.8,355,23,129,MED_RCMT (INGV),,-,P,0.0,,,,,,,,,,,,,,,,,,,
2017-12-14-02-08-34,2017,12,14,2,8,34.0,37.6600,19.7600,10,4.1,20,20,142,MED_RCMT (INGV),moment tensor inversion,from RCMT,S,,,,,,,,,,,,,,,,,,,,
2017-12-16-16-57-00,2017,12,16,16,57,0.0,34.2000,26.4000,10,4.9,26,49,-47,MED_RCMT (INGV),,-,P,0.0,,,,,,,,,,,,,,,,,,,
2017-12-20-04-18-19,2017,12,20,4,18,19.0,34.6100,23.3700,10,5.0,220,10,-6,MED_RCMT (INGV),,-,P,0.0,,,,,,,,,,,,,,,,,,,
2017-12-25-05-13-50,2017,12,25,5,13,50.0,38.6000,26.8000,13,4.6,339,75,0,NOA,,-,P,22.6,GCMT (PDEW),2017,12,25,5,13,51.3,38.58,26.74,10,4.6,348,44,-17,-1.3,5.7,3,0.0,38.5
2017-12-25-23-47-04,2017,12,25,23,47,5.0,38.6000,20.6000,8,4.3,116,87,36,NOA,moment tensor inversion,extracted from old EMSC DB,P,39.4,,,,,,,,,,,,,,,,,,,
2017-12-31-04-02-18,2017,12,31,4,2,19.0,38.2000,22.8000,14,4.7,70,46,-97,NOA,moment tensor inversion,extracted from old EMSC DB,P,9.8,GCMT (PDEW),2017,12,31,4,2,18.5,38.24,22.86,10,4.8,265,44,-72,0.5,6.9,4,-0.1,8.0
2018-01-01-22-13-52,2018,1,1,22,13,52.7,41.2065,22.8690,20,4.0,309,47,-45,NOA,moment tensor inversion,from seismic portal,P,41.4,,,,,,,,,,,,,,,,,,,
2018-01-02-04-24-18,2018,1,2,4,24,18.3,41.1873,22.8752,16,4.7,252,40,-123,NOA,moment tensor inversion,from seismic portal,P,17.4,GCMT (PDEW),2018,1,2,4,24,17.8,41.28,22.83,11.8,4.9,268,44,-102,0.5,11.0,4.2,-0.2,14.6
2018-01-05-04-33-17,2018,1,5,4,33,17.8,37.1116,28.6075,3,4.1,282,45,-108,ERD,moment tensor inversion,from seismic portal,S,,,,,,,,,,,,,,,,,,,,
2018-01-15-20-24-14,2018,1,15,20,24,14.5,38.1403,23.9525,14,4.1,112,45,-82,NOA,moment tensor inversion,from seismic portal,P,14.9,,,,,,,,,,,,,,,,,,,
2018-01-19-10-10-00,2018,1,19,10,10,0.0,37.4800,23.7900,124,4.4,347,50,142,MED_RCMT (INGV),,-,P,0.0,,,,,,,,,,,,,,,,,,,
2018-01-28-14-48-33,2018,1,28,14,48,34.8,37.1818,23.7782,10,4.1,315,48,-104,NOA,moment tensor inversion,from seismic portal,P,17.0,,,,,,,,,,,,,,,,,,,
2018-02-05-09-13-06,2018,2,5,9,13,6.0,41.2400,22.8700,10,4.1,45,63,-157,MED_RCMT (INGV),moment tensor inversion,from RCMT,S,,,,,,,,,,,,,,,,,,,,
2018-02-20-03-52-53,2018,2,20,3,52,53.0,39.2900,23.9100,11,4.3,342,48,118,MED_RCMT (INGV),,-,P,0.0,,,,,,,,,,,,,,,,,,,
2018-02-21-23-41-59,2018,2,21,23,41,59.9,41.9947,24.9290,10,4.2,332,64,-39,NOA,moment tensor inversion,from seismic portal,P,23.0,,,,,,,,,,,,,,,,,,,
2018-02-21-23-44-55,2018,2,21,23,44,56.3,37.8355,20.4208,27,4.7,218,50,-19,NOA,moment tensor inversion,from seismic portal,P,28.8,,,,,,,,,,,,,,,,,,,
2018-02-24-02-03-00,2018,2,24,2,3,0.0,33.9700,26.0800,15,4.2,306,65,-157,MED_RCMT (INGV),,-,P,0.0,,,,,,,,,,,,,,,,,,,
2018-02-24-07-51-44,2018,2,24,7,51,45.0,36.3000,22.1000,7,4.2,64,26,-16,NOA,,-,P,33.5,,,,,,,,,,,,,,,,,,,
2018-02-25-15-21-14,2018,2,25,15,21,14.0,38.6000,25.6000,6,4.3,153,76,-8,NOA,,-,P,14.0,,,,,,,,,,,,,,,,,,,
2018-03-05-06-05-49,2018,3,5,6,5,49.0,35.1500,22.1100,10,4.2,74,40,87,MED_RCMT (INGV),,-,P,0.0,,,,,,,,,,,,,,,,,,,
2018-03-11-08-21-48,2018,3,11,8,21,48.0,34.3800,23.6100,10,4.4,360,37,114,MED_RCMT (INGV),,-,P,0.0,,,,,,,,,,,,,,,,,,,
2018-03-12-12-35-26,2018,3,12,12,35,25.8,34.3400,23.6200,15,4.9,350,33,122,INGV,moment tensor inversion,from seismic portal,P,27.5,GCMT (PDEW),2018,3,12,12,35,26.2,34.51,23.62,10,4.8,315,34,87,-0.4,18.9,5,0.1,19.9
2018-03-13-11-02-33,2018,3,13,11,2,33.0,37.4000,20.9100,49,4.4,289,44,25,MED_RCMT (INGV),,-,P,0.0,,,,,,,,,,,,,,,,,,,
2018-04-02-09-46-34,2018,4,2,9,46,34.2,35.5443,26.5868,22,4.3,45,31,-81,NOA,moment tensor inversion,from seismic portal,P,23.7,,,,,,,,,,,,,,,,,,,
2018-04-03-10-24-59,2018,4,3,10,24,59.2,36.5163,25.4439,12,4.0,62,27,-67,NKUA,,-,S,,,,,,,,,,,,,,,,,,,,
2018-04-10-15-56-20,2018,4,10,15,56,20.0,36.7193,26.1852,14,4.5,225,58,-143,NOA,moment tensor inversion,from seismic portal,P,40.1,GCMT (PDEW),2018,4,10,15,56,19.2,36.66,26.14,10.8,4.9,71,40,-106,0.8,7.7,3.2,-0.4,53.5
2018-04-10-18-45-46,2018,4,10,18,45,45.6,34.9450,23.3661,35,4.0,130,38,-95,NEIC (ISC),,-,S,,,,,,,,,,,,,,,,,,,,
2018-04-21-00-20-06,2018,4,21,0,20,6.7,39.9278,23.7478,10,4.7,302,60,-81,NOA,moment tensor inversion,from seismic portal,P,17.8,GCMT (PDEW),2018,4,21,0,20,6.3,39.97,23.65,10,4.9,98,44,-104,0.4,9.6,0,-0.2,14.8
2018-04-23-07-41-31,2018,4,23,7,41,31.3,37.4714,20.5371,10,4.6,72,74,7,ISC (NEIC),moment tensor inversion,extracted from reviewed ISC FMCSV,P,72.4,,,,,,,,,,,,,,,,,,,
2018-04-24-05-23-45,2018,4,24,5,23,45.2,38.2078,21.7792,10,4.0,232,82,-173,UPSL,moment tensor inversion,from seismic portal,P,0.0,,,,,,,,,,,,,,,,,,,
2018-04-24-18-53-35,2018,4,24,18,53,35.0,35.7900,27.9300,64,4.0,198,35,0,MED_RCMT (INGV),,-,P,0.0,,,,,,,,,,,,,,,,,,,
2018-04-26-11-37-41,2018,4,26,11,37,41.9,37.8166,29.3133,10,4.3,94,43,-81,ERD,moment tensor inversion,from seismic portal,S,,,,,,,,,,,,,,,,,,,,
2018-05-01-04-03-48,2018,5,1,4,3,48.2,36.8805,27.5366,4,4.0,248,73,-104,ERD,moment tensor inversion,from seismic portal,S,,,,,,,,,,,,,,,,,,,,
2018-05-01-20-50-48,2018,5,1,20,50,48.3,38.2032,23.8652,5,4.0,249,60,-113,NOA,moment tensor inversion,from seismic portal,P,0.0,,,,,,,,,,,,,,,,,,,
2018-05-02-00-04-56,2018,5,2,0,4,56.0,35.1000,22.9700,47,4.3,0,71,-173,MED_RCMT (INGV),moment tensor inversion,from RCMT,S,,,,,,,,,,,,,,,,,,,,
2018-05-02-21-16-06,2018,5,2,21,16,8.5,35.8732,28.3818,65,4.4,342,75,165,NOA,moment tensor inversion,from seismic portal,P,6.6,,,,,,,,,,,,,,,,,,,
2018-05-03-02-04-34,2018,5,3,2,4,34.0,39.9700,26.9100,10,4.1,168,60,-21,MED_RCMT (INGV),moment tensor inversion,from RCMT,P,49.5,,,,,,,,,,,,,,,,,,,
2018-05-16-22-30-04,2018,5,16,22,30,4.3,36.5508,22.9230,12,4.9,310,53,-131,NOA,moment tensor inversion,from seismic portal,P,22.4,GCMT (PDEW),2018,5,16,22,30,3.1,36.51,22.93,10.4,5,208,37,-35,1.2,4.6,1.6,-0.1,22.6
2018-05-19-18-14-41,2018,5,19,18,14,40.3,40.3200,19.7800,8,4.9,148,43,104,GCMT (PDEW),moment tensor inversion,"extracted from ndk file, mag is probably MS",P,17.0,GCMT (PDEW),2018,5,19,18,14,40.3,40.32,19.78,7.5,4.9,148,43,104,0.0,0.0,0,0.0,0.0
2018-05-20-22-17-58,2018,5,20,22,17,58.4,34.8918,23.9725,24,4.1,358,43,-82,NOA,moment tensor inversion,from seismic portal,P,41.9,,,,,,,,,,,,,,,,,,,
2018-05-24-21-31-41,2018,5,24,21,31,41.0,34.4300,24.9500,60,4.2,324,43,133,MED_RCMT (INGV),,-,P,0.0,,,,,,,,,,,,,,,,,,,
2018-05-29-10-25-00,2018,5,29,10,25,0.0,39.5900,25.9700,10,4.1,94,38,-96,MED_RCMT (INGV),moment tensor inversion,from RCMT,P,34.0,,,,,,,,,,,,,,,,,,,
2018-06-05-08-52-40,2018,6,5,8,52,40.7,36.6273,22.6707,12,4.6,346,36,-103,NOA,moment tensor inversion,from seismic portal,P,28.2,GCMT (PDEW),2018,6,5,8,52,39.5,36.58,22.59,10,4.9,194,45,-79,1.2,8.9,2,-0.3,14.9
2018-06-09-22-24-53,2018,6,9,22,24,53.3,36.8963,27.6079,9,4.0,128,44,-60,NKUA,,-,S,,,,,,,,,,,,,,,,,,,,
2018-06-13-01-50-58,2018,6,13,1,50,58.0,40.2600,19.7900,26,4.3,164,85,179,MED_RCMT (INGV),,-,P,0.0,,,,,,,,,,,,,,,,,,,
2018-06-25-05-14-46,2018,6,25,5,14,47.1,36.6932,21.3468,20,5.5,313,80,170,NOA,moment tensor inversion,from seismic portal,P,18.1,GCMT,2018,6,25,5,14,50.0,36.7,21.42,22,5.5,316,80,176,-2.9,6.6,-2,0.0,6.2
2018-06-25-08-21-55,2018,6,25,8,21,55.6,40.7080,23.3213,8,4.0,283,54,-77,NOA,moment tensor inversion,from seismic portal,P,42.1,,,,,,,,,,,,,,,,,,,
2018-06-27-01-00-48,2018,6,27,1,0,49.3,38.8187,26.3928,8,4.0,314,69,-5,NOA,moment tensor inversion,from seismic portal,P,45.9,,,,,,,,,,,,,,,,,,,
2018-07-04-09-01-07,2018,7,4,9,1,8.0,41.4600,19.4800,23,5.2,351,32,120,INGV,moment tensor inversion,from seismic portal,P,26.2,GCMT (PDEW),2018,7,4,9,1,9.6,41.45,19.58,22,5.1,351,33,124,-1.6,8.4,1,0.1,4.1
2018-07-04-09-08-58,2018,7,4,9,8,58.0,41.5300,19.4500,10,4.5,13,62,170,MED_RCMT (INGV),moment tensor inversion,from RCMT,S,,,,,,,,,,,,,,,,,,,,
2018-07-04-11-24-20,2018,7,4,11,24,20.0,41.4800,19.5300,10,4.5,9,53,167,MED_RCMT (INGV),,-,P,0.0,,,,,,,,,,,,,,,,,,,
2018-07-05-21-39-04,2018,7,5,21,39,5.4,38.0012,21.2623,23,4.3,141,84,86,NOA,moment tensor inversion,from seismic portal,P,45.6,,,,,,,,,,,,,,,,,,,
2018-07-05-22-49-00,2018,7,5,22,49,0.0,41.4800,19.5700,10,4.4,344,36,102,MED_RCMT (INGV),,-,P,0.0,,,,,,,,,,,,,,,,,,,
2018-07-08-20-32-14,2018,7,8,20,32,14.0,35.3300,22.8300,51,4.5,199,47,-57,MED_RCMT (INGV),moment tensor inversion,from RCMT,S,,,,,,,,,,,,,,,,,,,,
2018-07-13-12-42-40,2018,7,13,12,42,39.5,34.9087,25.9917,24,4.9,97,67,11,NOA,moment tensor inversion,from seismic portal,P,59.2,GCMT (PDEW),2018,7,13,12,42,41.3,35.03,25.97,10,4.7,5,67,-163,-1.8,13.6,14,0.2,41.7
2018-07-17-13-05-00,2018,7,17,13,5,0.0,41.0900,19.6900,10,4.4,273,40,42,MED_RCMT (INGV),,-,P,0.0,,,,,,,,,,,,,,,,,,,
2018-07-18-06-49-46,2018,7,18,6,49,47.1,39.8167,20.6263,22,4.1,163,55,107,NOA,moment tensor inversion,from seismic portal,P,5.6,,,,,,,,,,,,,,,,,,,
2018-07-23-02-40-24,2018,7,23,2,40,23.0,37.5600,29.8100,11,4.6,355,55,-107,KOERI,moment tensor inversion,from seismic portal,P,21.4,GCMT (PDEW),2018,7,23,2,40,24.6,37.53,29.91,10,4.9,8,40,-100,-1.6,9.4,1,-0.3,17.8
2018-07-26-08-17-51,2018,7,26,8,17,51.9,37.6992,26.7405,14,4.4,96,41,-96,NOA,moment tensor inversion,from seismic portal,P,17.8,,,,,,,,,,,,,,,,,,,
2018-07-31-09-51-22,2018,7,31,9,51,22.0,36.6400,21.2700,10,4.5,326,82,-175,MED_RCMT (INGV),,-,P,0.0,,,,,,,,,,,,,,,,,,,
2018-08-02-06-56-54,2018,8,2,6,56,55.6,36.7835,21.3382,19,4.2,167,88,-167,NOA,moment tensor inversion,from seismic portal,P,38.5,,,,,,,,,,,,,,,,,,,
2018-08-11-15-38-34,2018,8,11,15,38,35.0,41.6100,20.0700,27,5.1,68,71,19,INGV,moment tensor inversion,from seismic portal,P,12.3,GCMT (PDEW),2018,8,11,15,38,33.5,41.59,20.1,10,5.1,331,59,166,1.5,3.3,17,0.0,14.5
2018-08-31-07-12-25,2018,8,31,7,12,24.6,39.2853,21.6307,15,5.1,344,16,-56,NOA,moment tensor inversion,from seismic portal,P,21.9,GCMT (PDEW),2018,8,31,7,12,25.3,39.33,21.69,10.6,5.1,328,23,-66,-0.7,7.1,4.4,0.0,10.1
2018-08-31-08-26-22,2018,8,31,8,26,22.0,39.3500,21.6100,10,4.3,343,34,-65,MED_RCMT (INGV),moment tensor inversion,from RCMT,P,20.1,,,,,,,,,,,,,,,,,,,
2018-09-01-19-48-49,2018,9,1,19,48,49.0,34.9400,25.8600,10,4.2,266,79,-3,MED_RCMT (INGV),,-,P,0.0,,,,,,,,,,,,,,,,,,,
2018-09-09-05-25-14,2018,9,9,5,25,14.7,39.7259,20.4235,15,4.0,25,43,151,ISC (NEIC),moment tensor inversion,extracted from reviewed ISC FMCSV,P,41.5,,,,,,,,,,,,,,,,,,,
2018-09-10-15-07-11,2018,9,10,15,7,16.3,36.8900,27.7700,10,4.6,92,39,-81,GFZ,moment tensor inversion,from seismic portal,P,26.3,,,,,,,,,,,,,,,,,,,
2018-09-11-05-12-00,2018,9,11,5,12,0.5,36.4309,28.7349,15,4.0,104,23,-16,NKUA,,-,S,,,,,,,,,,,,,,,,,,,,
2018-09-12-18-13-32,2018,9,12,18,13,32.7,36.4724,28.4799,12,4.0,127,39,-14,NKUA,,-,S,,,,,,,,,,,,,,,,,,,,
2018-09-17-00-24-09,2018,9,17,0,24,12.1,34.5603,26.4255,20,4.6,26,85,-176,NOA,moment tensor inversion,from seismic portal,P,66.3,GCMT (PDEW),2018,9,17,0,24,10.6,34.46,26.49,23.2,4.9,107,65,162,1.5,12.6,-3.2,-0.3,90.7
2018-09-18-02-48-43,2018,9,18,2,48,43.0,38.1000,21.6000,17,4.0,216,84,179,NOA,,-,P,10.7,,,,,,,,,,,,,,,,,,,
2018-09-18-05-00-25,2018,9,18,5,0,26.0,34.6000,24.6000,31,4.3,31,16,-145,NOA,,-,P,9.5,,,,,,,,,,,,,,,,,,,
2018-09-18-05-04-22,2018,9,18,5,4,22.0,34.7000,24.6000,37,4.0,74,14,-102,NOA,,-,P,0.1,,,,,,,,,,,,,,,,,,,
2018-09-26-02-52-18,2018,9,26,2,52,18.0,35.2700,26.5900,47,4.5,330,83,-2,MED_RCMT (INGV),moment tensor inversion,from RCMT,P,47.2,,,,,,,,,,,,,,,,,,,
2018-09-27-10-21-49,2018,9,27,10,21,50.2,36.6500,21.4715,3,5.1,140,74,-152,NOA,moment tensor inversion,from seismic portal,P,48.1,GCMT (PDEW),2018,9,27,10,21,49.5,36.81,21.43,10,5.4,223,72,-18,0.7,18.1,-7,-0.3,56.8
2018-09-30-13-15-57,2018,9,30,13,15,57.9,35.1013,26.2322,70,4.6,37,61,148,NOA,moment tensor inversion,from seismic portal,P,5.1,,,,,,,,,,,,,,,,,,,
2018-10-11-13-27-24,2018,10,11,13,27,24.0,33.8100,25.7200,10,4.2,234,31,47,MED_RCMT (INGV),,-,P,0.0,,,,,,,,,,,,,,,,,,,
2018-10-12-00-37-30,2018,10,12,0,37,30.0,36.7300,21.3200,10,4.5,319,69,-162,MED_RCMT (INGV),,-,P,0.0,,,,,,,,,,,,,,,,,,,
2018-10-15-09-02-46,2018,10,15,9,2,46.0,40.5000,23.5000,16,4.1,307,37,-52,NOA,,-,P,22.9,,,,,,,,,,,,,,,,,,,
2018-10-15-14-21-24,2018,10,15,14,21,24.2,36.8910,27.5953,11,4.2,75,71,-102,ERD,moment tensor inversion,from seismic portal,S,,,,,,,,,,,,,,,,,,,,
2018-10-17-22-03-16,2018,10,17,22,3,16.0,37.3000,20.6000,6,4.1,328,9,139,NOA,,-,P,18.6,,,,,,,,,,,,,,,,,,,
2018-10-24-02-36-13,2018,10,24,2,36,13.0,36.3500,28.7800,10,4.2,6,38,104,MED_RCMT (INGV),,-,P,0.0,,,,,,,,,,,,,,,,,,,
2018-10-25-22-22-43,2018,10,25,22,22,0.0,37.3482,20.5547,4,4.8,110,84,85,Sokos et al. (2020),ISOLA,"Zakynthos, 2018 sequence",P,9.6,,,,,,,,,,,,,,,,,,,
2018-10-25-22-54-51,2018,10,25,22,54,49.0,37.3410,20.5123,15,6.7,14,49,174,NOA,moment tensor inversion,from seismic portal,P,23.5,GCMT,2018,10,25,22,54,59.9,37.33,20.61,12,6.8,13,24,165,-10.9,8.7,3,-0.1,26.3
2018-10-25-23-09-21,2018,10,25,23,9,21.8,37.1351,20.7180,22,5.1,6,21,176,NKUA,,-,S,,,,,,,,,,,,,,,,,,,,
2018-10-26-00-13-20,2018,10,26,0,13,0.0,37.4660,20.6712,6,4.7,111,44,44,Sokos et al. (2020),ISOLA,"Zakynthos, 2018 sequence",P,48.8,,,,,,,,,,,,,,,,,,,
2018-10-26-01-05-59,2018,10,26,1,6,0.0,37.3887,20.8560,3,4.7,88,26,52,Sokos et al. (2020),ISOLA,"Zakynthos, 2018 sequence",P,77.8,,,,,,,,,,,,,,,,,,,
2018-10-26-05-48-31,2018,10,26,5,48,0.0,37.3597,20.5067,3,5.1,104,83,80,Sokos et al. (2020),ISOLA,"Zakynthos, 2018 sequence",P,19.6,GCMT (PDEW),2018,10,26,5,48,37.1,37.49,20.6,10,5.1,341,26,146,-37.1,16.7,-7.5,0.0,13.8
2018-10-26-06-20-34,2018,10,26,6,20,0.0,37.4698,20.4383,3,4.2,244,90,-95,Sokos et al. (2020),ISOLA,"Zakynthos, 2018 sequence",P,76.7,,,,,,,,,,,,,,,,,,,
2018-10-26-06-44-08,2018,10,26,6,44,9.0,37.5000,20.5000,2,4.5,296,9,58,NOA,,-,P,23.6,,,,,,,,,,,,,,,,,,,
2018-10-26-08-40-50,2018,10,26,8,40,50.0,37.3300,20.4900,10,4.6,358,33,152,MED_RCMT (INGV),,-,P,0.0,,,,,,,,,,,,,,,,,,,
2018-10-26-10-57-07,2018,10,26,10,57,7.0,37.3264,20.6713,10,4.4,176,12,-57,NEIC (ISC),,-,S,,,,,,,,,,,,,,,,,,,,
2018-10-26-11-26-29,2018,10,26,11,26,29.3,37.6119,20.9521,10,4.3,87,78,-134,ISC (NEIC),moment tensor inversion,extracted from reviewed ISC FMCSV,P,70.6,,,,,,,,,,,,,,,,,,,
2018-10-26-12-03-16,2018,10,26,12,3,16.6,38.9053,22.4480,10,4.6,269,60,-95,NOA,moment tensor inversion,from seismic portal,P,23.3,GCMT (PDEW),2018,10,26,12,3,17.0,38.98,22.51,10,4.9,266,33,-101,-0.4,9.9,0,-0.3,27.4
2018-10-26-12-11-11,2018,10,26,12,11,0.0,37.4323,20.7072,7,4.1,119,88,35,Sokos et al. (2020),ISOLA,"Zakynthos, 2018 sequence",P,72.3,,,,,,,,,,,,,,,,,,,
2018-10-26-12-41-11,2018,10,26,12,41,0.0,37.3753,20.5360,3,5.0,101,82,76,Sokos et al. (2020),ISOLA,"Zakynthos, 2018 sequence",P,24.4,GCMT (PDEW),2018,10,26,12,41,12.9,37.55,20.57,10,5.1,344,33,153,-12.9,19.6,-7.5,-0.1,17.0
2018-10-26-13-56-47,2018,10,26,13,56,47.0,37.3900,20.5300,10,4.3,328,37,131,MED_RCMT (INGV),,-,P,0.0,,,,,,,,,,,,,,,,,,,
2018-10-26-16-07-07,2018,10,26,16,7,0.0,37.4248,20.5892,7,4.6,308,62,-44,Sokos et al. (2020),ISOLA,"Zakynthos, 2018 sequence",P,25.4,,,,,,,,,,,,,,,,,,,
2018-10-26-16-48-29,2018,10,26,16,48,29.0,37.4700,20.6600,14,4.1,21,43,138,MED_RCMT (INGV),,-,P,0.0,,,,,,,,,,,,,,,,,,,
2018-10-26-20-21-03,2018,10,26,20,21,3.0,37.4000,20.4700,10,4.3,304,47,-15,MED_RCMT (INGV),,-,P,0.0,,,,,,,,,,,,,,,,,,,
2018-10-26-21-58-59,2018,10,26,21,58,59.0,37.1800,20.5700,10,4.5,193,80,-173,MED_RCMT (INGV),,-,P,0.0,,,,,,,,,,,,,,,,,,,
2018-10-26-23-51-28,2018,10,26,23,51,0.0,37.3702,20.7800,3,4.2,335,88,119,Sokos et al. (2020),ISOLA,"Zakynthos, 2018 sequence",P,70.7,,,,,,,,,,,,,,,,,,,
2018-10-27-00-05-35,2018,10,27,0,5,35.0,37.4700,20.6600,10,4.2,322,46,38,MED_RCMT (INGV),moment tensor inversion,from RCMT,S,,,,,,,,,,,,,,,,,,,,
2018-10-27-05-28-37,2018,10,27,5,28,0.0,37.4743,20.6392,10,4.3,21,82,-172,Sokos et al. (2020),ISOLA,"Zakynthos, 2018 sequence",P,28.0,,,,,,,,,,,,,,,,,,,
2018-10-27-14-33-25,2018,10,27,14,33,25.0,37.3500,20.4600,10,4.4,314,25,92,MED_RCMT (INGV),,-,P,0.0,,,,,,,,,,,,,,,,,,,
2018-10-27-18-33-10,2018,10,27,18,33,10.0,37.3800,20.5200,10,4.2,333,22,126,MED_RCMT (INGV),,-,P,0.0,,,,,,,,,,,,,,,,,,,
2018-10-27-20-44-25,2018,10,27,20,44,25.0,37.3700,20.4100,10,4.3,297,43,84,MED_RCMT (INGV),,-,P,0.0,,,,,,,,,,,,,,,,,,,
2018-10-27-21-23-50,2018,10,27,21,23,50.0,37.5100,20.4500,10,4.0,155,41,145,MED_RCMT (INGV),,-,P,0.0,,,,,,,,,,,,,,,,,,,
2018-10-28-03-24-16,2018,10,28,3,24,16.0,37.4400,20.3600,14,4.3,315,43,95,MED_RCMT (INGV),,-,P,0.0,,,,,,,,,,,,,,,,,,,
2018-10-28-05-32-50,2018,10,28,5,32,50.0,37.2700,20.3700,10,4.2,330,38,114,MED_RCMT (INGV),,-,P,0.0,,,,,,,,,,,,,,,,,,,
2018-10-28-20-34-12,2018,10,28,20,34,12.0,37.4900,20.9000,10,4.1,15,55,-176,MED_RCMT (INGV),,-,P,0.0,,,,,,,,,,,,,,,,,,,
2018-10-29-04-32-39,2018,10,29,4,32,39.0,36.4400,28.7400,10,4.1,338,42,40,MED_RCMT (INGV),,-,P,0.0,,,,,,,,,,,,,,,,,,,
2018-10-29-15-01-39,2018,10,29,15,1,39.0,37.3000,20.5100,10,4.5,269,45,7,MED_RCMT (INGV),,-,P,0.0,,,,,,,,,,,,,,,,,,,
2018-10-30-00-25-43,2018,10,30,0,25,43.0,36.3700,28.6800,10,4.8,351,53,-1,MED_RCMT (INGV),,-,P,0.0,,,,,,,,,,,,,,,,,,,
2018-10-30-02-59-51,2018,10,30,2,59,0.0,37.5199,20.3169,10,5.3,345,87,-91,Sokos et al. (2020),ISOLA,"Zakynthos, 2018 sequence",P,50.1,,,,,,,,,,,,,,,,,,,
2018-10-30-08-32-19,2018,10,30,8,32,0.0,37.4840,20.4300,3,5.1,274,86,-82,Sokos et al. (2020),ISOLA,"Zakynthos, 2018 sequence",P,47.5,GCMT (PDEW),2018,10,30,8,32,26.2,37.48,20.47,15.8,5.1,338,32,119,-26.2,3.6,-13.3,0.0,46.0
2018-10-30-09-24-58,2018,10,30,9,24,58.3,36.8137,20.2605,10,4.1,330,33,94,NEIC (ISC),,-,S,,,,,,,,,,,,,,,,,,,,
2018-10-30-11-25-19,2018,10,30,11,25,19.0,37.6000,20.3400,10,4.2,333,39,59,MED_RCMT (INGV),,-,P,0.0,,,,,,,,,,,,,,,,,,,
2018-10-30-12-49-03,2018,10,30,12,49,0.0,37.5063,20.5280,3,4.7,55,13,-158,Sokos et al. (2020),ISOLA,"Zakynthos, 2018 sequence",P,58.1,,,,,,,,,,,,,,,,,,,
2018-10-30-14-33-16,2018,10,30,14,33,16.0,37.4100,20.3900,10,4.5,319,36,106,MED_RCMT (INGV),,-,P,0.0,,,,,,,,,,,,,,,,,,,
2018-10-30-15-12-01,2018,10,30,15,12,0.0,37.4692,20.4885,3,5.8,48,8,-167,Sokos et al. (2020),ISOLA,"Zakynthos, 2018 sequence",P,19.7,GCMT,2018,10,30,15,12,3.9,37.44,20.53,12,5.9,38,7,169,-3.9,4.9,-9,-0.1,14.2
2018-10-30-15-59-23,2018,10,30,15,59,23.0,37.4400,20.4600,10,4.4,95,21,-141,MED_RCMT (INGV),,-,P,0.0,,,,,,,,,,,,,,,,,,,
2018-10-30-16-39-24,2018,10,30,16,39,24.0,37.5900,20.5300,10,4.4,28,33,155,MED_RCMT (INGV),,-,P,0.0,,,,,,,,,,,,,,,,,,,
2018-10-30-18-04-24,2018,10,30,18,4,23.8,37.4613,20.4858,10,4.5,231,12,176,ISC (NEIC),moment tensor inversion,extracted from reviewed ISC FMCSV,P,90.6,,,,,,,,,,,,,,,,,,,
2018-10-31-10-25-12,2018,10,31,10,25,12.0,37.3600,20.7900,10,4.0,294,56,-32,MED_RCMT (INGV),,-,P,0.0,,,,,,,,,,,,,,,,,,,
2018-11-01-02-44-41,2018,11,1,2,44,0.0,37.3673,20.5658,3,4.9,93,85,76,Sokos et al. (2020),ISOLA,"Zakynthos, 2018 sequence",P,41.3,GCMT (PDEW),2018,11,1,2,44,48.8,37.42,20.58,10,4.9,340,35,147,-48.8,6.0,-7.5,0.0,22.4
2018-11-01-03-22-27,2018,11,1,3,22,29.0,37.5900,20.5800,10,4.3,100,40,51,MED_RCMT (INGV),moment tensor inversion,from RCMT,P,54.1,,,,,,,,,,,,,,,,,,,
2018-11-01-05-34-31,2018,11,1,5,34,31.0,37.1500,20.6200,10,4.5,168,70,176,MED_RCMT (INGV),moment tensor inversion,from RCMT,P,97.8,,,,,,,,,,,,,,,,,,,
2018-11-01-10-01-54,2018,11,1,10,1,54.8,37.3870,20.7195,15,4.1,16,30,166,NKUA,,-,S,,,,,,,,,,,,,,,,,,,,
2018-11-01-22-59-29,2018,11,1,22,59,29.7,37.2669,20.6554,15,4.1,10,26,170,NKUA,,-,S,,,,,,,,,,,,,,,,,,,,
2018-11-02-02-33-11,2018,11,2,2,33,11.0,37.4300,20.5300,10,4.3,34,45,159,MED_RCMT (INGV),,-,P,0.0,,,,,,,,,,,,,,,,,,,
2018-11-02-07-53-16,2018,11,2,7,53,16.0,37.6300,20.4100,10,4.4,258,36,-96,MED_RCMT (INGV),,-,P,0.0,,,,,,,,,,,,,,,,,,,
2018-11-03-01-10-06,2018,11,3,1,10,6.4,37.0800,20.6400,20,4.7,94,82,13,GFZ,moment tensor inversion,from seismic portal,P,39.7,GCMT (PDEW),2018,11,3,1,10,5.6,37.18,20.59,10,4.6,356,69,-175,0.8,12.0,10,0.1,18.0
2018-11-03-08-05-54,2018,11,3,8,5,53.6,37.5150,20.2575,10,4.5,194,86,136,ISC (NEIC),moment tensor inversion,extracted from reviewed ISC FMCSV,P,45.5,,,,,,,,,,,,,,,,,,,
2018-11-04-03-04-31,2018,11,4,3,4,31.5,37.2100,20.7200,10,4.6,350,70,-178,GCMT (PDEW),moment tensor inversion,"extracted from ndk file, mag is probably MS",P,39.7,GCMT (PDEW),2018,11,4,3,4,31.5,37.21,20.72,10,4.6,350,70,-178,0.0,0.0,0,0.0,0.0
2018-11-04-03-12-39,2018,11,4,3,12,0.0,37.3785,20.4113,12,4.6,259,85,-33,Sokos et al. (2020),ISOLA,"Zakynthos, 2018 sequence",P,36.1,GCMT (PDEW),2018,11,4,3,12,45.3,37.51,20.6,10,4.9,354,74,-175,-45.3,22.2,1.5,-0.3,17.0
2018-11-05-02-44-39,2018,11,5,2,44,39.4,37.4144,20.6428,10,4.6,156,78,149,ISC (NEIC),moment tensor inversion,extracted from reviewed ISC FMCSV,P,69.0,,,,,,,,,,,,,,,,,,,
2018-11-05-06-46-10,2018,11,5,6,46,0.0,37.6268,20.4863,7,4.6,38,82,163,Sokos et al. (2020),ISOLA,"Zakynthos, 2018 sequence",P,44.3,GCMT (PDEW),2018,11,5,6,46,13.9,37.74,20.48,10,4.8,126,79,-8,-13.9,12.6,-3,-0.2,16.9
2018-11-05-08-31-13,2018,11,5,8,31,13.0,37.5200,20.6800,10,4.4,218,70,173,MED_RCMT (INGV),moment tensor inversion,from RCMT,P,89.0,,,,,,,,,,,,,,,,,,,
2018-11-08-22-46-02,2018,11,8,22,46,3.7,37.7671,20.3915,17,4.4,186,64,-31,ISC (NEIC),moment tensor inversion,extracted from reviewed ISC FMCSV,P,84.7,,,,,,,,,,,,,,,,,,,
2018-11-09-17-53-01,2018,11,9,17,53,1.0,37.5300,20.2900,10,4.1,298,54,25,MED_RCMT (INGV),,-,P,0.0,,,,,,,,,,,,,,,,,,,
2018-11-10-02-31-53,2018,11,10,2,31,53.0,37.4700,20.4500,10,4.1,322,59,27,MED_RCMT (INGV),,-,P,0.0,,,,,,,,,,,,,,,,,,,
2018-11-11-08-11-15,2018,11,11,8,11,15.0,37.4900,20.4500,10,4.3,340,44,88,MED_RCMT (INGV),,-,P,0.0,,,,,,,,,,,,,,,,,,,
2018-11-11-23-38-31,2018,11,11,23,38,0.0,37.6327,20.5055,5,4.9,121,55,4,Sokos et al. (2020),ISOLA,"Zakynthos, 2018 sequence",P,38.4,GCMT (PDEW),2018,11,11,23,38,35.8,37.75,20.51,10,4.8,212,77,-175,-35.8,13.0,-5,0.1,34.5
2018-11-12-06-32-11,2018,11,12,6,32,0.0,37.4285,20.4960,2,4.2,131,35,68,Sokos et al. (2020),ISOLA,"Zakynthos, 2018 sequence",P,22.3,,,,,,,,,,,,,,,,,,,
2018-11-12-06-50-23,2018,11,12,6,50,0.0,37.1350,20.5460,10,4.8,354,78,178,Sokos et al. (2020),ISOLA,"Zakynthos, 2018 sequence",P,46.8,GCMT (PDEW),2018,11,12,6,50,28.2,37.33,20.59,10,4.8,356,75,173,-28.2,22.0,0,0.0,6.5
2018-11-13-13-47-51,2018,11,13,13,47,51.0,42.0100,19.3200,10,4.4,335,36,110,MED_RCMT (INGV),,-,P,0.0,,,,,,,,,,,,,,,,,,,
2018-11-15-09-02-04,2018,11,15,9,2,0.0,37.5227,20.6825,8,4.9,173,83,102,Sokos et al. (2020),ISOLA,"Zakynthos, 2018 sequence",P,12.8,GCMT (PDEW),2018,11,15,9,2,5.3,37.62,20.67,10,4.9,338,17,67,-5.3,10.9,-2,0.0,14.1
2018-11-15-09-09-19,2018,11,15,9,9,0.0,37.4887,20.6503,14,4.5,188,88,134,Sokos et al. (2020),ISOLA,"Zakynthos, 2018 sequence",P,42.5,,,,,,,,,,,,,,,,,,,
2018-11-15-11-00-06,2018,11,15,11,0,6.0,37.6800,20.5300,10,4.6,209,86,-179,MED_RCMT (INGV),moment tensor inversion,from RCMT,P,35.7,,,,,,,,,,,,,,,,,,,
2018-11-17-20-33-18,2018,11,17,20,33,18.0,37.5400,21.7100,10,4.5,206,63,172,MED_RCMT (INGV),,-,P,0.0,,,,,,,,,,,,,,,,,,,
2018-11-18-05-18-02,2018,11,18,5,18,2.0,37.4000,20.4900,10,4.3,324,31,100,MED_RCMT (INGV),moment tensor inversion,from RCMT,P,48.6,,,,,,,,,,,,,,,,,,,
2018-11-18-06-06-44,2018,11,18,6,6,45.0,37.4600,20.3500,10,4.6,187,76,166,MED_RCMT (INGV),moment tensor inversion,from RCMT,P,80.6,,,,,,,,,,,,,,,,,,,
2018-11-19-04-47-28,2018,11,19,4,47,28.0,40.5000,22.5300,10,4.3,54,45,-139,MED_RCMT (INGV),,-,P,0.0,,,,,,,,,,,,,,,,,,,
2018-11-19-05-56-50,2018,11,19,5,56,50.4,37.4942,20.6810,10,4.4,324,53,39,NEIC (ISC),,-,S,,,,,,,,,,,,,,,,,,,,
2018-11-19-13-05-50,2018,11,19,13,5,0.0,37.1477,20.5033,5,5.2,267,54,-22,Sokos et al. (2020),ISOLA,"Zakynthos, 2018 sequence",P,35.4,GCMT (PDEW),2018,11,19,13,5,56.2,37.28,20.62,10.6,5.2,271,73,-7,-56.2,18.0,-5.6,0.0,23.4
2018-11-22-11-11-30,2018,11,22,11,11,30.0,37.2400,20.5800,10,4.6,274,67,-1,MED_RCMT (INGV),moment tensor inversion,from RCMT,P,72.1,,,,,,,,,,,,,,,,,,,
2018-11-22-16-00-18,2018,11,22,16,0,18.0,37.5200,20.4700,15,4.3,273,31,-81,MED_RCMT (INGV),,-,P,0.0,,,,,,,,,,,,,,,,,,,
2018-11-25-02-40-12,2018,11,25,2,40,12.3,35.7473,28.4452,10,4.5,42,73,152,ISC (NEIC),moment tensor inversion,extracted from reviewed ISC FMCSV,P,94.4,,,,,,,,,,,,,,,,,,,
2018-11-26-02-31-10,2018,11,26,2,31,10.6,37.6787,20.5537,16,4.2,12,52,162,NKUA,,-,S,,,,,,,,,,,,,,,,,,,,
2018-11-27-23-16-11,2018,11,27,23,16,10.5,36.6508,25.7237,10,4.6,73,47,-65,NOA,moment tensor inversion,from seismic portal,P,17.3,GCMT (PDEW),2018,11,27,23,16,11.0,36.6,25.75,10,4.9,69,41,-59,-0.5,6.1,0,-0.3,11.1
2018-11-27-23-46-02,2018,11,27,23,46,2.0,36.6800,25.7100,10,4.2,84,26,-38,MED_RCMT (INGV),,-,P,0.0,,,,,,,,,,,,,,,,,,,
2018-11-29-00-23-01,2018,11,29,0,23,1.0,37.5700,20.3400,10,4.6,350,35,117,MED_RCMT (INGV),,-,P,0.0,,,,,,,,,,,,,,,,,,,
2018-11-29-19-59-58,2018,11,29,19,59,58.0,37.5100,20.3600,10,4.2,13,39,110,MED_RCMT (INGV),,-,P,0.0,,,,,,,,,,,,,,,,,,,
2018-11-30-02-36-34,2018,11,30,2,36,35.1,40.5900,28.9800,9,4.0,305,57,-97,KOERI,moment tensor inversion,from seismic portal,P,24.6,,,,,,,,,,,,,,,,,,,
2018-12-01-04-54-17,2018,12,1,4,54,17.6,40.4356,19.9194,17,4.2,66,20,171,NKUA,,-,S,,,,,,,,,,,,,,,,,,,,
2018-12-07-06-25-34,2018,12,7,6,25,30.0,34.1100,26.1600,10,4.5,310,32,172,MED_RCMT (INGV),moment tensor inversion,from RCMT,P,24.9,,,,,,,,,,,,,,,,,,,
2018-12-08-19-00-02,2018,12,8,19,0,2.0,34.2000,26.1600,53,4.7,229,78,-1,MED_RCMT (INGV),,-,P,0.0,,,,,,,,,,,,,,,,,,,
2018-12-11-04-11-44,2018,12,11,4,11,44.4,39.5418,24.2762,11,4.0,49,81,-179,NKUA,,-,S,,,,,,,,,,,,,,,,,,,,
2018-12-13-06-26-41,2018,12,13,6,26,41.0,37.5700,20.6800,10,4.6,347,21,48,MED_RCMT (INGV),moment tensor inversion,from RCMT,P,76.4,,,,,,,,,,,,,,,,,,,
2018-12-16-09-24-30,2018,12,16,9,24,30.0,39.5500,24.2900,10,4.4,215,65,-171,MED_RCMT (INGV),moment tensor inversion,from RCMT,P,44.5,,,,,,,,,,,,,,,,,,,
2018-12-19-19-35-52,2018,12,19,19,35,52.4,36.5958,21.4623,36,5.0,153,79,100,NOA,moment tensor inversion,from seismic portal,P,35.7,GCMT (PDEW),2018,12,19,19,35,53.8,36.73,21.57,25.9,4.9,329,30,97,-1.4,17.7,10.1,0.1,23.9
2018-12-20-04-54-39,2018,12,20,4,54,39.1,36.3201,23.0361,11,4.1,57,59,171,NKUA,,-,S,,,,,,,,,,,,,,,,,,,,
2018-12-20-06-34-24,2018,12,20,6,34,24.1,40.6000,28.9700,8,4.4,135,43,-83,KOERI,moment tensor inversion,from seismic portal,P,28.6,,,,,,,,,,,,,,,,,,,
2018-12-24-02-20-57,2018,12,24,2,20,57.5,35.5243,26.5052,17,4.1,28,24,-97,NKUA,,-,S,,,,,,,,,,,,,,,,,,,,
2018-12-25-01-41-20,2018,12,25,1,41,0.0,37.3243,20.7963,12,4.9,122,80,77,Sokos et al. (2020),ISOLA,"Zakynthos, 2018 sequence",P,11.4,GCMT (PDEW),2018,12,25,1,41,27.1,37.42,20.86,10,4.8,8,25,149,-27.1,12.0,2,0.1,11.0
2018-12-26-07-37-53,2018,12,26,7,37,54.0,37.4100,20.8000,10,4.4,24,39,-146,MED_RCMT (INGV),moment tensor inversion,from RCMT,P,58.5,,,,,,,,,,,,,,,,,,,
2018-12-29-21-27-52,2018,12,29,21,27,52.0,37.5400,20.6900,10,4.3,337,43,97,MED_RCMT (INGV),,-,P,0.0,,,,,,,,,,,,,,,,,,,
2019-01-01-11-40-05,2019,1,1,11,40,5.5,34.8000,23.8600,10,4.9,303,54,-171,GCMT (PDEW),moment tensor inversion,"extracted from ndk file, mag is probably MS",P,42.4,GCMT (PDEW),2019,1,1,11,40,5.5,34.8,23.86,10,4.9,303,54,-171,0.0,0.0,0,0.0,0.0
2019-01-04-19-27-38,2019,1,4,19,27,39.0,40.2000,19.8200,10,4.6,277,80,-1,MED_RCMT (INGV),moment tensor inversion,from RCMT,P,85.4,,,,,,,,,,,,,,,,,,,
2019-01-10-17-30-14,2019,1,10,17,30,15.3,37.3047,20.5993,14,4.4,272,52,-75,NOA,moment tensor inversion,from seismic portal,P,28.7,,,,,,,,,,,,,,,,,,,
2019-01-10-18-24-39,2019,1,10,18,24,38.0,34.6100,26.6800,10,5.0,311,49,177,GCMT (PDEW),moment tensor inversion,"extracted from ndk file, mag is probably MS",P,42.6,GCMT (PDEW),2019,1,10,18,24,38.0,34.61,26.68,10,5,311,49,177,0.0,0.0,0,0.0,0.0
2019-01-11-18-54-09,2019,1,11,18,54,9.0,37.5600,20.7700,10,4.3,103,34,-102,MED_RCMT (INGV),moment tensor inversion,from RCMT,P,45.2,,,,,,,,,,,,,,,,,,,
2019-01-12-07-23-10,2019,1,12,7,23,10.4,36.4407,28.7274,15,4.0,217,55,-154,NKUA,,-,S,,,,,,,,,,,,,,,,,,,,
2019-01-15-01-11-48,2019,1,15,1,11,49.4,38.2898,20.4142,6,4.2,298,90,-38,NOA,moment tensor inversion,from seismic portal,P,26.5,,,,,,,,,,,,,,,,,,,
2019-01-15-01-25-05,2019,1,15,1,25,5.2,38.9428,20.6178,8,4.2,188,79,-164,NOA,moment tensor inversion,from seismic portal,P,23.3,,,,,,,,,,,,,,,,,,,
2019-01-15-02-58-47,2019,1,15,2,58,47.9,38.8984,20.6569,17,4.0,185,69,165,NKUA,,-,S,,,,,,,,,,,,,,,,,,,,
2019-01-17-03-36-31,2019,1,17,3,36,31.0,36.4547,22.3450,21,4.4,47,54,-75,NOA,moment tensor inversion,from seismic portal,P,34.5,,,,,,,,,,,,,,,,,,,
2019-01-17-06-48-16,2019,1,17,6,48,16.9,37.5891,20.6781,16,4.0,16,23,168,NKUA,,-,S,,,,,,,,,,,,,,,,,,,,
2019-01-17-12-01-48,2019,1,17,12,1,48.9,37.7308,20.9006,12,4.0,18,23,162,NKUA,,-,S,,,,,,,,,,,,,,,,,,,,
2019-01-17-21-46-33,2019,1,17,21,46,0.0,37.6520,20.6723,7,4.2,316,78,27,Sokos et al. (2020),ISOLA,"Zakynthos, 2018 sequence",P,50.4,,,,,,,,,,,,,,,,,,,
2019-01-18-17-14-14,2019,1,18,17,14,14.8,37.4134,20.9156,16,4.0,22,21,146,NKUA,,-,S,,,,,,,,,,,,,,,,,,,,
2019-01-20-10-39-22,2019,1,20,10,39,22.0,37.6100,20.6800,10,4.2,22,77,-172,MED_RCMT (INGV),moment tensor inversion,from RCMT,S,,,,,,,,,,,,,,,,,,,,
2019-01-20-10-44-01,2019,1,20,10,44,1.8,37.8077,20.7778,17,4.0,18,48,156,NKUA,,-,S,,,,,,,,,,,,,,,,,,,,
2019-01-20-15-49-51,2019,1,20,15,49,50.3,35.5362,28.1753,22,5.0,46,74,179,NOA,moment tensor inversion,from seismic portal,P,24.5,GCMT (PDEW),2019,1,20,15,49,50.3,35.6,28.29,10,4.9,39,64,159,0.0,12.6,12,0.1,21.1
2019-01-21-18-17-00,2019,1,21,18,17,0.1,37.7246,20.7138,18,4.0,16,15,168,NKUA,,-,S,,,,,,,,,,,,,,,,,,,,
2019-01-24-14-30-52,2019,1,24,14,30,50.0,36.0000,28.0000,42,5.0,358,56,-166,NOA,,-,P,20.9,GCMT (PDEW),2019,1,24,14,30,54.0,36.06,28.09,47.7,5.1,343,59,172,-4.0,10.5,-5.7,-0.1,19.4
2019-01-25-20-20-34,2019,1,25,20,20,33.9,38.5800,27.1000,18,4.2,259,72,-175,KOERI,moment tensor inversion,from seismic portal,P,39.0,,,,,,,,,,,,,,,,,,,
2019-01-27-01-21-09,2019,1,27,1,21,9.0,39.5700,20.5600,10,4.1,272,21,55,MED_RCMT (INGV),moment tensor inversion,from RCMT,S,,,,,,,,,,,,,,,,,,,,
2019-01-28-01-07-31,2019,1,28,1,7,31.0,37.6500,20.6700,10,4.2,244,42,-94,MED_RCMT (INGV),moment tensor inversion,from RCMT,S,,,,,,,,,,,,,,,,,,,,
2019-01-29-16-15-25,2019,1,29,16,15,25.6,37.4278,20.8290,14,4.2,12,25,168,NKUA,,-,S,,,,,,,,,,,,,,,,,,,,
2019-02-01-05-01-59,2019,2,1,5,1,59.7,37.9532,20.9388,15,4.1,222,52,160,NKUA,,-,S,,,,,,,,,,,,,,,,,,,,
2019-02-01-10-29-49,2019,2,1,10,29,51.0,35.7700,27.3000,40,4.8,3,49,-57,MED_RCMT (INGV),moment tensor inversion,from RCMT,P,67.3,,,,,,,,,,,,,,,,,,,
2019-02-04-16-50-49,2019,2,4,16,50,49.0,36.2700,22.1500,10,4.3,0,0,167,MED_RCMT (INGV),,-,P,2.1,,,,,,,,,,,,,,,,,,,
2019-02-04-17-41-09,2019,2,4,17,41,9.4,37.7188,21.1827,16,4.2,222,8,-6,NOA,moment tensor inversion,from seismic portal,P,14.9,,,,,,,,,,,,,,,,,,,
2019-02-05-02-26-09,2019,2,5,2,26,9.4,38.9803,20.5870,4,5.3,92,90,-29,NOA,moment tensor inversion,from seismic portal,P,28.0,GCMT (PDEW),2019,2,5,2,26,9.8,39.05,20.59,7.7,5.4,2,81,180,-0.4,7.7,-3.7,-0.1,38.0
2019-02-05-15-11-58,2019,2,5,15,11,58.3,36.7100,29.9500,10,4.5,32,4,-14,ISC (MED_RCMT),moment tensor inversion,extracted from reviewed ISC FMCSV,S,,,,,,,,,,,,,,,,,,,,
2019-02-16-01-57-00,2019,2,16,1,57,0.0,37.6875,20.6875,4,4.1,133,86,30,Sokos et al. (2020),ISOLA,"Zakynthos, 2018 sequence",S,,,,,,,,,,,,,,,,,,,,
2019-02-17-19-07-43,2019,2,17,19,7,41.8,36.5703,22.9766,18,4.7,323,47,-122,NOA,moment tensor inversion,from seismic portal,P,21.6,GCMT (PDEW),2019,2,17,19,7,42.0,36.59,22.97,10,4.9,206,45,-43,-0.2,2.3,8,-0.2,17.0
2019-02-17-21-40-01,2019,2,17,21,40,0.0,37.3682,20.8740,4,4.4,124,54,6,Sokos et al. (2020),ISOLA,"Zakynthos, 2018 sequence",P,23.8,,,,,,,,,,,,,,,,,,,
2019-02-20-10-43-24,2019,2,20,10,43,24.0,34.6100,24.0700,40,4.2,169,53,31,MED_RCMT (INGV),moment tensor inversion,from RCMT,S,,,,,,,,,,,,,,,,,,,,
2019-02-20-18-23-29,2019,2,20,18,23,29.7,39.5547,26.3984,6,4.9,331,60,-41,NOA,moment tensor inversion,from seismic portal,P,12.1,GCMT (PDEW),2019,2,20,18,23,29.5,39.69,26.4,10,5.1,331,54,-42,0.2,15.0,-4,-0.2,6.1
2019-02-24-01-22-26,2019,2,24,1,22,26.6,40.4017,27.0748,13,4.0,93,70,160,NKUA,,-,S,,,,,,,,,,,,,,,,,,,,
2019-02-24-10-41-24,2019,2,24,10,41,24.0,37.4400,20.6800,10,4.3,330,43,110,MED_RCMT (INGV),,-,P,0.0,,,,,,,,,,,,,,,,,,,
2019-02-26-10-05-58,2019,2,26,10,5,58.9,38.8623,20.6689,12,4.2,103,88,-2,NOA,moment tensor inversion,from seismic portal,P,22.1,,,,,,,,,,,,,,,,,,,
2019-02-28-20-09-26,2019,2,28,20,9,27.9,37.6318,20.9326,18,4.6,133,83,76,NOA,moment tensor inversion,from seismic portal,P,26.4,GCMT (PDEW),2019,2,28,20,9,25.9,37.65,20.94,10,4.9,354,20,140,2.0,2.1,8,-0.3,12.0
2019-03-04-21-07-30,2019,3,4,21,7,30.0,40.3296,28.0349,14,4.2,145,27,0,NKUA,,-,S,,,,,,,,,,,,,,,,,,,,
2019-03-15-21-54-18,2019,3,15,21,54,19.5,39.7031,25.6094,12,4.2,136,83,6,NOA,moment tensor inversion,from seismic portal,P,22.3,,,,,,,,,,,,,,,,,,,
2019-03-16-08-50-13,2019,3,16,8,50,13.0,34.2100,26.4300,20,4.5,221,65,3,MED_RCMT (INGV),,-,P,0.0,,,,,,,,,,,,,,,,,,,
2019-03-17-11-49-39,2019,3,17,11,49,39.5,37.7637,21.0645,20,4.3,309,89,-86,NOA,moment tensor inversion,from seismic portal,P,34.6,,,,,,,,,,,,,,,,,,,
2019-03-20-06-34-28,2019,3,20,6,34,31.0,37.3900,29.4000,12,5.7,325,35,-81,GCMT,moment tensor inversion,from seismic portal,P,27.6,GCMT,2019,3,20,6,34,31.0,37.39,29.4,12,5.7,325,35,-81,0.0,0.0,0,0.0,0.0
2019-03-20-12-45-43,2019,3,20,12,45,44.5,37.4097,29.4682,10,4.2,92,38,-145,ISC (NEIC),moment tensor inversion,extracted from reviewed ISC FMCSV,P,19.4,,,,,,,,,,,,,,,,,,,
2019-03-20-17-42-54,2019,3,20,17,42,54.0,37.4100,29.4500,10,4.5,331,26,-79,MED_RCMT (INGV),,-,P,0.0,,,,,,,,,,,,,,,,,,,
2019-03-27-11-27-02,2019,3,27,11,27,2.0,37.4600,29.4400,10,4.5,164,33,-63,MED_RCMT (INGV),,-,P,0.0,,,,,,,,,,,,,,,,,,,
2019-03-28-09-13-01,2019,3,28,9,13,1.1,37.9980,21.9434,8,4.0,269,73,39,NOA,moment tensor inversion,from seismic portal,P,48.0,,,,,,,,,,,,,,,,,,,
2019-03-30-10-46-18,2019,3,30,10,46,18.8,38.3496,22.2949,10,5.1,298,31,-65,NOA,moment tensor inversion,from seismic portal,P,14.4,GCMT (PDEW),2019,3,30,10,46,19.2,38.37,22.39,10,5.3,292,39,-62,-0.4,8.6,0,-0.2,11.8
2019-03-31-11-30-17,2019,3,31,11,30,15.9,37.4800,29.3800,8,5.0,345,71,-99,KOERI,moment tensor inversion,from seismic portal,P,25.7,GCMT (PDEW),2019,3,31,11,30,17.8,37.51,29.37,10,5.1,194,30,-82,-1.9,3.4,-2,-0.1,21.2
2019-04-01-01-49-29,2019,4,1,1,49,28.0,37.4900,29.3900,13,4.5,304,77,-102,KOERI,moment tensor inversion,from seismic portal,P,41.2,,,,,,,,,,,,,,,,,,,
2019-04-02-08-00-18,2019,4,2,8,0,18.1,35.6290,23.5312,14,4.0,306,61,-164,NKUA,,-,S,,,,,,,,,,,,,,,,,,,,
2019-04-04-15-01-18,2019,4,4,15,1,18.0,37.4900,29.3600,10,4.3,226,37,-44,MED_RCMT (INGV),,-,P,0.0,,,,,,,,,,,,,,,,,,,
2019-04-09-08-22-08,2019,4,9,8,22,8.0,35.4200,29.9200,10,4.0,158,64,-175,MED_RCMT (INGV),,-,P,0.0,,,,,,,,,,,,,,,,,,,
2019-04-15-17-42-26,2019,4,15,17,42,26.6,36.4231,28.7250,18,4.2,197,38,16,NKUA,,-,S,,,,,,,,,,,,,,,,,,,,
2019-04-16-01-04-54,2019,4,16,1,4,55.6,37.5601,20.6793,12,4.3,43,71,-174,ISC (NEIC),moment tensor inversion,extracted from reviewed ISC FMCSV,P,37.3,,,,,,,,,,,,,,,,,,,
2019-04-18-09-25-31,2019,4,18,9,25,31.7,37.6294,20.6768,13,4.0,26,73,170,NKUA,,-,S,,,,,,,,,,,,,,,,,,,,
2019-04-22-19-36-39,2019,4,22,19,36,39.0,37.1400,28.6700,10,4.4,66,27,-119,MED_RCMT (INGV),moment tensor inversion,from RCMT,P,23.4,,,,,,,,,,,,,,,,,,,
2019-04-25-11-04-22,2019,4,25,11,4,23.0,37.3476,22.1099,10,4.0,176,44,-81,NKUA,,-,S,,,,,,,,,,,,,,,,,,,,
2019-04-26-09-16-19,2019,4,26,9,16,21.0,35.1600,27.8900,45,4.6,135,39,105,MED_RCMT (INGV),moment tensor inversion,from RCMT,P,38.1,,,,,,,,,,,,,,,,,,,
2019-04-26-21-40-53,2019,4,26,21,40,53.1,35.2688,27.7932,14,4.0,240,26,42,NKUA,,-,S,,,,,,,,,,,,,,,,,,,,
2019-04-26-21-53-41,2019,4,26,21,53,41.1,35.2140,27.8833,14,4.0,242,21,42,NKUA,,-,S,,,,,,,,,,,,,,,,,,,,
2019-04-27-15-07-58,2019,4,27,15,7,58.2,37.5493,20.3467,16,4.2,250,51,-97,NOA,moment tensor inversion,from seismic portal,P,41.0,,,,,,,,,,,,,,,,,,,
2019-04-29-04-43-16,2019,4,29,4,43,16.4,35.3500,27.6900,32,4.9,324,71,-114,KOERI,moment tensor inversion,from seismic portal,P,33.0,GCMT (PDEW),2019,4,29,4,43,17.6,35.37,27.69,31.3,4.8,208,41,-16,-1.2,2.2,0.7,0.1,20.1
2019-04-29-18-02-43,2019,4,29,18,2,44.0,39.3457,26.2793,18,4.3,72,77,175,NOA,moment tensor inversion,from seismic portal,P,38.9,,,,,,,,,,,,,,,,,,,
2019-05-12-22-24-09,2019,5,12,22,24,8.5,39.3200,27.9200,6,4.4,248,80,-175,KOERI,moment tensor inversion,from seismic portal,P,13.2,,,,,,,,,,,,,,,,,,,
2019-05-13-15-31-29,2019,5,13,15,31,29.5,37.7368,21.2352,17,4.0,36,25,-158,NKUA,,-,S,,,,,,,,,,,,,,,,,,,,
2019-05-13-16-57-17,2019,5,13,16,57,17.7,37.6758,21.2695,18,4.7,282,67,-61,NOA,moment tensor inversion,from seismic portal,P,15.0,,,,,,,,,,,,,,,,,,,
2019-05-13-21-27-32,2019,5,13,21,27,32.8,37.6909,21.2717,12,4.2,27,65,-153,UPSL,moment tensor inversion,from seismic portal,P,22.3,,,,,,,,,,,,,,,,,,,
2019-05-15-10-54-41,2019,5,15,10,54,41.8,37.9248,21.2549,4,4.2,224,88,168,NOA,moment tensor inversion,from seismic portal,P,34.0,,,,,,,,,,,,,,,,,,,
2019-05-20-17-40-42,2019,5,20,17,40,42.3,37.7991,21.0328,16,4.0,136,56,14,NKUA,,-,S,,,,,,,,,,,,,,,,,,,,
2019-05-21-08-58-18,2019,5,21,8,58,18.9,37.9248,21.2549,3,4.5,136,84,26,UPSL,moment tensor inversion,from seismic portal,P,24.0,,,,,,,,,,,,,,,,,,,
2019-05-26-12-07-11,2019,5,26,12,7,11.6,37.2758,28.1113,15,4.1,297,24,-84,NKUA,,-,S,,,,,,,,,,,,,,,,,,,,
2019-05-28-05-27-47,2019,5,28,5,27,47.8,36.9461,27.5949,4,4.5,96,62,-89,NOA,moment tensor inversion,from seismic portal,P,29.3,GCMT (PDEW),2019,5,28,5,27,47.9,36.94,27.62,10,4.6,118,47,-70,-0.1,2.3,-6,-0.1,24.0
2019-05-30-21-43-45,2019,5,30,21,43,45.0,36.9800,27.6500,10,4.5,125,35,-58,MED_RCMT (INGV),moment tensor inversion,from RCMT,S,,,,,,,,,,,,,,,,,,,,
2019-06-01-04-26-19,2019,6,1,4,26,17.8,40.5240,20.7779,6,5.1,32,36,-108,NOA,moment tensor inversion,from seismic portal,P,18.3,GCMT (PDEW),2019,6,1,4,26,19.6,40.53,20.7,10,5.2,217,44,-84,-1.8,6.6,-4,-0.1,18.1
2019-06-01-04-33-08,2019,6,1,4,33,9.1,40.4900,20.8000,14,4.9,209,37,-93,INGV,moment tensor inversion,from seismic portal,P,18.2,GCMT (PDEW),2019,6,1,4,33,7.9,40.64,20.77,10,4.9,25,44,-101,1.2,16.8,4,0.0,13.5
2019-06-01-04-52-00,2019,6,1,4,51,59.5,40.3686,20.7126,14,4.7,191,46,-119,NEIC,moment tensor inversion,from seismic portal,P,32.1,GCMT (PDEW),2019,6,1,4,51,59.5,40.47,20.71,10,4.7,21,41,-105,0.0,11.3,4,0.0,31.2
2019-06-01-07-00-28,2019,6,1,7,0,27.3,40.5203,20.7852,6,4.9,36,34,-79,NOA,moment tensor inversion,from seismic portal,P,20.9,GCMT (PDEW),2019,6,1,7,0,28.5,40.57,20.74,10,5,25,43,-85,-1.2,6.7,-4,-0.1,11.6
2019-06-01-18-30-14,2019,6,1,18,30,16.5,40.5200,20.5100,12,4.4,220,53,-81,GFZ,moment tensor inversion,from seismic portal,P,36.2,,,,,,,,,,,,,,,,,,,
2019-06-01-18-50-15,2019,6,1,18,50,14.8,40.4141,20.8047,4,4.4,26,35,-113,NOA,moment tensor inversion,from seismic portal,P,18.9,GCMT (PDEW),2019,6,1,18,50,14.5,40.47,20.72,10,4.4,43,44,-87,0.3,9.5,-6,0.0,19.0
2019-06-12-21-54-31,2019,6,12,21,54,31.0,38.6167,22.8869,16,4.0,56,68,-168,NKUA,,-,S,,,,,,,,,,,,,,,,,,,,
2019-06-28-14-36-37,2019,6,28,14,36,37.5,40.4742,20.8551,12,4.0,190,25,-84,NKUA,,-,S,,,,,,,,,,,,,,,,,,,,
2019-06-29-13-01-17,2019,6,29,13,1,17.0,40.4600,20.8300,6,4.6,228,53,-63,AUTH,moment tensor inversion,from seismic portal,P,24.8,GCMT (PDEW),2019,6,29,13,1,16.6,40.4,20.8,10,4.8,1,50,-128,0.4,7.1,-4,-0.2,7.7
2019-07-03-01-02-13,2019,7,3,1,2,13.0,34.9800,27.8000,51,4.7,167,70,170,MED_RCMT (INGV),,-,P,0.0,,,,,,,,,,,,,,,,,,,
2019-07-10-22-57-14,2019,7,10,22,57,14.0,34.8600,24.3200,45,4.4,130,45,113,MED_RCMT (INGV),moment tensor inversion,from RCMT,P,45.5,,,,,,,,,,,,,,,,,,,
2019-07-13-15-08-43,2019,7,13,15,8,43.3,38.8358,21.2320,22,4.6,23,84,170,NOA,moment tensor inversion,from seismic portal,P,7.2,,,,,,,,,,,,,,,,,,,
2019-07-14-10-50-13,2019,7,14,10,50,13.7,40.2104,21.7699,18,4.6,28,32,-80,NOA,moment tensor inversion,from seismic portal,P,27.4,,,,,,,,,,,,,,,,,,,
2019-07-19-11-13-15,2019,7,19,11,13,15.0,38.1000,23.5000,11,5.2,274,29,-100,NOA,moment tensor inversion,extracted from old EMSC DB,P,13.7,GCMT (PDEW),2019,7,19,11,13,15.7,38.1,23.52,10,5.3,280,35,-92,-0.7,1.8,1,-0.1,7.4
2019-07-19-12-11-54,2019,7,19,12,11,54.0,38.1000,23.6000,12,4.4,246,31,-127,NOA,moment tensor inversion,extracted from old EMSC DB,P,38.4,,,,,,,,,,,,,,,,,,,
2019-07-21-14-53-08,2019,7,21,14,53,8.0,37.6800,20.3100,10,4.3,303,18,75,MED_RCMT (INGV),,-,P,0.0,,,,,,,,,,,,,,,,,,,
2019-07-28-16-09-08,2019,7,28,16,9,8.6,38.1038,23.5396,11,4.2,104,50,-84,NOA,moment tensor inversion,from seismic portal,P,8.6,,,,,,,,,,,,,,,,,,,
2019-07-30-10-36-22,2019,7,30,10,36,22.0,37.4400,20.4400,15,4.3,297,14,93,MED_RCMT (INGV),moment tensor inversion,from RCMT,P,21.1,,,,,,,,,,,,,,,,,,,
2019-07-31-04-40-03,2019,7,31,4,40,3.1,35.1300,24.9200,63,4.8,73,50,149,INGV,moment tensor inversion,from seismic portal,P,10.6,GCMT (PDEW),2019,7,31,4,40,4.2,35.39,24.97,75.2,4.9,78,58,151,-1.1,29.2,-12.2,-0.1,9.0
2019-07-31-14-21-21,2019,7,31,14,21,22.0,40.5606,20.8878,5,4.4,350,27,-119,NOA,moment tensor inversion,from seismic portal,P,31.7,,,,,,,,,,,,,,,,,,,
2019-08-03-09-51-24,2019,8,3,9,51,24.8,35.1828,27.9153,7,5.0,16,45,-63,NOA,moment tensor inversion,from seismic portal,P,31.4,GCMT (PDEW),2019,8,3,9,51,24.2,35.23,27.85,10,5.1,349,47,-119,0.6,7.9,-3,-0.1,41.7
2019-08-08-08-39-08,2019,8,8,8,39,8.5,38.0182,26.9073,22,4.7,243,89,166,NOA,moment tensor inversion,from seismic portal,P,38.2,GCMT (PDEW),2019,8,8,8,39,8.7,37.99,26.89,10,4.7,338,70,-2,-0.2,3.5,12,0.0,8.7
2019-08-08-11-25-30,2019,8,8,11,25,30.0,37.9000,29.6000,10,5.7,300,40,-42,NOA,,-,P,38.0,GCMT,2019,8,8,11,25,32.3,37.8,29.72,17,5.9,272,34,-98,-2.3,15.3,-7,-0.2,37.7
2019-08-09-21-39-42,2019,8,9,21,39,42.3,37.2716,21.1696,10,4.5,92,81,167,ISC (NEIC),moment tensor inversion,extracted from reviewed ISC FMCSV,P,96.3,,,,,,,,,,,,,,,,,,,
2019-08-11-07-02-52,2019,8,11,7,2,49.8,34.3100,25.0000,10,5.0,203,6,13,GCMT (PDEW),moment tensor inversion,"extracted from ndk file, mag is probably MS",P,56.0,GCMT (PDEW),2019,8,11,7,2,49.8,34.31,25,10,5,203,6,13,0.0,0.0,0,0.0,0.0
2019-08-12-07-57-08,2019,8,12,7,57,8.0,35.8100,25.6600,56,4.5,247,80,170,MED_RCMT (INGV),moment tensor inversion,from RCMT,P,13.5,,,,,,,,,,,,,,,,,,,
2019-08-12-15-37-09,2019,8,12,15,37,9.0,41.9400,20.2100,10,4.1,7,43,-113,MED_RCMT (INGV),moment tensor inversion,from RCMT,S,,,,,,,,,,,,,,,,,,,,
2019-08-13-21-11-19,2019,8,13,21,11,19.0,35.6600,23.5300,15,4.5,188,11,-14,MED_RCMT (INGV),moment tensor inversion,from RCMT,S,,,,,,,,,,,,,,,,,,,,
2019-08-14-13-54-22,2019,8,14,13,54,22.2,39.3071,19.8738,16,4.0,347,38,88,NKUA,,-,S,,,,,,,,,,,,,,,,,,,,
2019-08-17-02-22-10,2019,8,17,2,22,10.0,37.3900,20.4600,30,4.2,316,35,123,MED_RCMT (INGV),moment tensor inversion,from RCMT,S,,,,,,,,,,,,,,,,,,,,
2019-08-27-04-31-23,2019,8,27,4,31,23.5,35.7193,27.6718,20,4.2,108,76,170,NOA,moment tensor inversion,from seismic portal,P,47.1,,,,,,,,,,,,,,,,,,,
2019-08-28-04-31-23,2019,8,28,4,31,23.0,35.7000,27.7000,20,4.2,108,76,170,NOA,,-,P,0.0,,,,,,,,,,,,,,,,,,,
2019-08-28-11-58-18,2019,8,28,11,58,19.9,35.7761,27.6096,20,4.8,102,72,161,NOA,moment tensor inversion,from seismic portal,P,61.8,GCMT (PDEW),2019,8,28,11,58,18.5,35.68,27.64,10,4.9,148,41,-113,1.4,11.0,10,-0.1,74.5
2019-08-30-15-38-14,2019,8,30,15,38,14.6,37.5394,26.8478,10,4.7,103,27,-89,NOA,moment tensor inversion,from seismic portal,P,14.2,GCMT (PDEW),2019,8,30,15,38,14.5,37.49,26.83,10,4.6,116,44,-71,0.1,5.7,0,0.1,19.9
2019-08-30-17-21-04,2019,8,30,17,21,4.4,37.5200,26.8200,6,4.5,101,41,-94,GCMT (PDEW),moment tensor inversion,"extracted from ndk file, mag is probably MS",P,13.7,GCMT (PDEW),2019,8,30,17,21,4.4,37.52,26.82,6.2,4.5,101,41,-94,0.0,0.0,0,0.0,0.0
2019-09-04-01-01-33,2019,9,4,1,1,32.9,35.1700,27.9000,14,4.6,23,42,-118,GCMT (PDEW),moment tensor inversion,"extracted from ndk file, mag is probably MS",P,83.4,GCMT (PDEW),2019,9,4,1,1,32.9,35.17,27.9,14.4,4.6,23,42,-118,0.0,0.0,0,0.0,0.0
2019-09-08-20-00-15,2019,9,8,20,0,14.7,37.5842,21.9836,6,4.1,125,39,-92,UPSL,moment tensor inversion,from seismic portal,P,39.7,,,,,,,,,,,,,,,,,,,
2019-09-10-07-06-49,2019,9,10,7,6,49.6,35.3440,27.7482,17,4.1,246,22,28,NKUA,,-,S,,,,,,,,,,,,,,,,,,,,
2019-09-19-18-33-18,2019,9,19,18,33,16.9,37.5192,20.6058,18,4.3,280,24,-41,NOA,moment tensor inversion,from seismic portal,P,49.6,,,,,,,,,,,,,,,,,,,
2019-09-21-14-04-26,2019,9,21,14,4,28.3,41.1900,19.5200,22,5.7,333,32,107,GCMT,moment tensor inversion,from seismic portal,P,35.1,GCMT,2019,9,21,14,4,28.3,41.19,19.52,22,5.7,333,32,107,0.0,0.0,0,0.0,0.0
2019-09-21-14-15-53,2019,9,21,14,15,54.0,41.3000,19.4800,19,5.1,346,36,117,INGV,moment tensor inversion,from seismic portal,P,8.9,GCMT (PDEW),2019,9,21,14,15,53.0,41.47,19.54,13.7,5.1,342,33,118,1.0,19.5,5.3,0.0,5.7
2019-09-21-16-10-38,2019,9,21,16,10,38.0,41.3700,19.4100,10,4.6,167,18,15,MED_RCMT (INGV),,-,P,0.0,,,,,,,,,,,,,,,,,,,
2019-09-21-22-07-31,2019,9,21,22,7,31.0,41.3600,19.4200,10,4.6,346,45,106,MED_RCMT (INGV),,-,P,0.0,,,,,,,,,,,,,,,,,,,
2019-09-22-00-28-11,2019,9,22,0,28,11.0,41.3500,19.5000,10,4.1,353,46,110,MED_RCMT (INGV),,-,P,0.0,,,,,,,,,,,,,,,,,,,
2019-09-22-20-08-42,2019,9,22,20,8,42.0,41.4500,19.6100,10,4.2,28,9,163,MED_RCMT (INGV),,-,P,0.0,,,,,,,,,,,,,,,,,,,
2019-09-24-07-48-58,2019,9,24,7,48,58.4,34.0000,26.0700,29,5.1,316,30,135,GCMT,moment tensor inversion,from seismic portal,P,43.3,GCMT,2019,9,24,7,48,58.4,34,26.07,29,5.1,316,30,135,0.0,0.0,0,0.0,0.0
2019-09-24-08-00-21,2019,9,24,8,0,21.7,40.8800,28.2100,10,4.5,282,73,174,KOERI,moment tensor inversion,from seismic portal,P,58.2,,,,,,,,,,,,,,,,,,,
2019-09-25-01-24-05,2019,9,25,1,24,5.0,41.3300,19.3900,10,4.1,13,32,171,MED_RCMT (INGV),,-,P,0.0,,,,,,,,,,,,,,,,,,,
2019-09-26-10-59-25,2019,9,26,10,59,28.8,40.9300,28.3300,12,5.7,273,57,146,GCMT,moment tensor inversion,from seismic portal,P,34.8,GCMT,2019,9,26,10,59,28.8,40.93,28.33,12,5.7,273,57,146,0.0,0.0,0,0.0,0.0
2019-10-03-04-44-56,2019,10,3,4,44,55.8,36.2814,28.5910,16,5.1,234,50,89,NOA,moment tensor inversion,from seismic portal,P,17.5,GCMT (PDEW),2019,10,3,4,44,56.5,36.28,28.57,17.8,5.1,72,46,123,-0.7,1.9,-1.8,0.0,23.4
2019-10-05-14-51-38,2019,10,5,14,51,38.0,35.9400,28.0600,80,4.4,331,28,138,MED_RCMT (INGV),,-,P,0.0,,,,,,,,,,,,,,,,,,,
2019-10-07-01-18-38,2019,10,7,1,18,38.2,36.0298,27.2962,12,4.0,220,20,90,NKUA,,-,S,,,,,,,,,,,,,,,,,,,,
2019-10-10-23-55-58,2019,10,10,23,55,59.4,39.3613,25.7803,12,4.3,249,86,178,NOA,moment tensor inversion,from seismic portal,P,11.0,,,,,,,,,,,,,,,,,,,
2019-10-11-22-43-19,2019,10,11,22,43,19.6,37.6867,20.9105,10,4.5,22,59,-147,ISC (NEIC),moment tensor inversion,extracted from reviewed ISC FMCSV,P,53.9,,,,,,,,,,,,,,,,,,,
2019-10-12-06-49-36,2019,10,12,6,49,36.0,37.5800,20.6800,10,4.3,305,68,-11,MED_RCMT (INGV),moment tensor inversion,from RCMT,P,34.5,,,,,,,,,,,,,,,,,,,
2019-10-24-21-06-47,2019,10,24,21,6,47.0,36.4600,28.7000,9,4.4,40,88,176,AUTH,moment tensor inversion,from seismic portal,P,66.1,GCMT (PDEW),2019,10,24,21,6,47.5,36.46,28.67,10,4.6,17,48,118,-0.5,2.7,-1,-0.2,65.4
2019-10-29-13-01-53,2019,10,29,13,1,54.0,35.6943,25.1680,61,4.0,46,62,152,NKUA,,-,S,,,,,,,,,,,,,,,,,,,,
2019-11-01-05-25-45,2019,11,1,5,25,47.0,40.5000,20.7500,9,4.7,90,50,28,OCA,moment tensor inversion,from seismic portal,P,79.1,GCMT (PDEW),2019,11,1,5,25,45.8,40.52,20.81,13.7,4.7,161,52,149,1.2,5.5,-4.7,0.0,88.1
2019-11-16-18-14-10,2019,11,16,18,14,10.0,36.7700,30.0000,70,4.5,214,64,-20,MED_RCMT (INGV),,-,P,0.0,,,,,,,,,,,,,,,,,,,
2019-11-17-17-14-24,2019,11,17,17,14,24.4,36.9905,23.1175,26,4.2,14,87,33,NOA,moment tensor inversion,from seismic portal,P,57.1,,,,,,,,,,,,,,,,,,,
2019-11-23-03-43-32,2019,11,23,3,43,32.2,37.0107,23.1606,22,4.0,352,54,-63,NOA,moment tensor inversion,from seismic portal,P,0.0,,,,,,,,,,,,,,,,,,,
2019-11-26-01-47-56,2019,11,26,1,47,56.0,41.3700,19.4200,10,4.3,344,33,100,MED_RCMT (INGV),,-,P,0.0,,,,,,,,,,,,,,,,,,,
2019-11-26-02-54-11,2019,11,26,2,54,11.0,41.4500,19.4400,6,6.1,302,45,70,AUTH,,-,P,33.4,GCMT,2019,11,26,2,54,18.4,41.38,19.42,23,6.4,349,24,111,-7.4,8.0,-17,-0.3,32.1
2019-11-26-04-49-28,2019,11,26,4,49,28.6,38.3675,21.8761,6,4.1,241,40,-115,NOA,moment tensor inversion,from seismic portal,P,18.0,,,,,,,,,,,,,,,,,,,
2019-11-26-06-08-23,2019,11,26,6,8,26.7,41.4800,19.4800,23,5.5,339,43,113,GCMT,moment tensor inversion,from seismic portal,P,15.3,GCMT,2019,11,26,6,8,26.7,41.48,19.48,23,5.5,339,43,113,0.0,0.0,0,0.0,0.0
2019-11-26-07-27-02,2019,11,26,7,27,2.0,41.5300,19.4000,10,4.6,25,37,155,MED_RCMT (INGV),,-,P,0.0,,,,,,,,,,,,,,,,,,,
2019-11-26-13-05-01,2019,11,26,13,5,1.0,41.6000,19.4100,18,4.7,14,28,143,INGV,moment tensor inversion,from seismic portal,P,22.8,,,,,,,,,,,,,,,,,,,
2019-11-26-17-19-14,2019,11,26,17,19,14.0,41.5100,19.3600,10,4.5,17,8,131,MED_RCMT (INGV),,-,P,0.0,,,,,,,,,,,,,,,,,,,
2019-11-27-07-23-41,2019,11,27,7,23,43.0,35.7000,23.3000,66,6.1,76,69,165,NOA,,-,P,20.4,GCMT,2019,11,27,7,23,42.7,35.54,23.02,78,6.1,172,59,31,0.3,31.0,-12,0.0,19.3
2019-11-27-14-45-25,2019,11,27,14,45,25.0,41.5600,19.3900,19,5.3,342,30,93,INGV,moment tensor inversion,from seismic portal,P,7.3,GCMT (PDEW),2019,11,27,14,45,24.0,41.55,19.48,10,5.3,350,31,107,1.0,7.6,9,0.0,8.2
2019-11-27-22-19-01,2019,11,27,22,19,1.0,41.5700,19.3800,10,4.0,5,24,111,MED_RCMT (INGV),,-,S,,,,,,,,,,,,,,,,,,,,
2019-11-27-22-50-16,2019,11,27,22,50,16.0,41.4700,19.4700,10,4.2,8,25,106,MED_RCMT (INGV),,-,P,0.0,,,,,,,,,,,,,,,,,,,
2019-11-28-10-25-06,2019,11,28,10,25,6.0,41.4600,19.4500,10,4.1,352,23,85,MED_RCMT (INGV),,-,P,0.0,,,,,,,,,,,,,,,,,,,
2019-11-28-10-52-41,2019,11,28,10,52,43.4,41.4700,19.3900,20,4.7,143,71,94,GFZ,moment tensor inversion,from seismic portal,P,20.3,GCMT (PDEW),2019,11,28,10,52,41.9,41.54,19.42,10,5,336,27,84,1.5,8.2,10,-0.3,21.6
2019-11-28-23-00-44,2019,11,28,23,0,45.4,41.3800,19.6100,26,4.4,173,56,88,GFZ,moment tensor inversion,from seismic portal,P,10.6,,,,,,,,,,,,,,,,,,,
2019-11-29-20-46-40,2019,11,29,20,46,40.0,39.0600,22.3100,80,4.2,97,76,-4,MED_RCMT (INGV),,-,P,0.0,,,,,,,,,,,,,,,,,,,
2019-11-30-20-53-53,2019,11,30,20,53,53.0,41.5500,19.4300,10,4.4,294,65,-17,MED_RCMT (INGV),,-,P,0.0,,,,,,,,,,,,,,,,,,,
2019-12-02-08-26-25,2019,12,2,8,26,25.0,41.4600,19.5800,10,4.3,252,66,16,MED_RCMT (INGV),,-,P,0.0,,,,,,,,,,,,,,,,,,,
2019-12-03-09-45-59,2019,12,3,9,45,59.5,35.2451,27.2324,8,4.3,227,69,-43,NOA,moment tensor inversion,from seismic portal,P,47.7,,,,,,,,,,,,,,,,,,,
2019-12-05-07-22-42,2019,12,5,7,22,42.8,36.0963,21.7674,20,4.0,126,44,177,NKUA,,-,S,,,,,,,,,,,,,,,,,,,,
2019-12-06-08-45-41,2019,12,6,8,45,40.7,35.1906,23.8481,22,4.5,315,76,-161,NOA,moment tensor inversion,from seismic portal,P,12.8,,,,,,,,,,,,,,,,,,,
2019-12-06-10-23-29,2019,12,6,10,23,29.4,35.2415,23.8446,12,4.0,315,68,-157,NKUA,,-,S,,,,,,,,,,,,,,,,,,,,
2019-12-07-07-14-23,2019,12,7,7,14,24.0,35.1493,23.8028,10,4.0,303,64,-165,NKUA,,-,S,,,,,,,,,,,,,,,,,,,,
2019-12-07-14-34-57,2019,12,7,14,34,57.1,35.0912,23.8522,6,4.1,287,63,-158,NOA,moment tensor inversion,from seismic portal,P,5.7,,,,,,,,,,,,,,,,,,,
2019-12-07-14-46-57,2019,12,7,14,46,58.8,35.1773,23.8449,9,4.3,304,72,-169,NOA,moment tensor inversion,from seismic portal,P,14.2,,,,,,,,,,,,,,,,,,,
2019-12-07-23-14-28,2019,12,7,23,14,28.7,41.5460,19.4570,26,4.4,136,63,96,ISC (GFZ),moment tensor inversion,extracted from reviewed ISC FMCSV,P,29.5,,,,,,,,,,,,,,,,,,,
2019-12-08-03-41-57,2019,12,8,3,41,56.0,35.0300,23.7900,10,4.3,311,69,173,MED_RCMT (INGV),moment tensor inversion,from RCMT,P,28.1,,,,,,,,,,,,,,,,,,,
2019-12-08-22-41-14,2019,12,8,22,41,14.3,35.1833,23.8426,12,4.2,317,72,-158,NOA,moment tensor inversion,from seismic portal,P,16.3,,,,,,,,,,,,,,,,,,,
2019-12-10-20-14-05,2019,12,10,20,14,2.7,39.4400,27.9300,8,4.6,145,81,-24,KOERI,moment tensor inversion,from seismic portal,P,40.2,GCMT (PDEW),2019,12,10,20,14,3.2,39.46,27.9,10,4.6,314,37,-53,-0.5,3.4,-2,0.0,87.5
2019-12-10-20-24-06,2019,12,10,20,24,7.8,39.4500,27.9000,14,4.4,158,88,-8,GFZ,moment tensor inversion,from seismic portal,P,34.1,,,,,,,,,,,,,,,,,,,
2019-12-10-20-46-19,2019,12,10,20,46,19.0,39.4411,27.9005,13,4.1,153,80,-12,ERD,moment tensor inversion,from seismic portal,S,,,,,,,,,,,,,,,,,,,,
2019-12-10-21-58-28,2019,12,10,21,58,30.0,35.3851,26.4972,55,5.4,140,64,5,NOA,moment tensor inversion,from seismic portal,P,25.1,GCMT (PDEW),2019,12,10,21,58,28.9,35.5,26.45,57.9,5.4,138,70,13,1.1,13.4,-2.9,0.0,10.8
2019-12-12-03-05-42,2019,12,12,3,5,42.0,34.6300,26.4400,36,4.8,216,36,-40,INGV,moment tensor inversion,from seismic portal,P,50.4,GCMT (PDEW),2019,12,12,3,5,42.5,34.9,26.27,28.8,5,221,33,-48,-0.5,33.8,7.2,-0.2,12.8
2019-12-12-09-53-00,2019,12,12,9,53,0.2,35.0054,26.2566,21,4.0,86,11,-57,NKUA,,-,S,,,,,,,,,,,,,,,,,,,,
2019-12-16-08-25-27,2019,12,16,8,25,27.2,38.1199,20.4502,14,4.1,324,29,121,NKUA,,-,S,,,,,,,,,,,,,,,,,,,,
2019-12-28-21-34-05,2019,12,28,21,34,5.0,38.2100,23.3900,10,4.4,116,30,-82,MED_RCMT (INGV),moment tensor inversion,from RCMT,S,,,,,,,,,,,,,,,,,,,,
2020-01-04-22-11-29,2020,1,4,22,11,29.4,37.9111,26.4169,12,4.0,114,39,-95,NKUA,,-,S,,,,,,,,,,,,,,,,,,,,
2020-01-06-22-55-52,2020,1,6,22,55,52.5,37.4981,20.6253,6,4.2,156,65,79,NOA,moment tensor inversion,from seismic portal,P,25.5,,,,,,,,,,,,,,,,,,,
2020-01-11-13-37-36,2020,1,11,13,37,36.0,40.8700,28.2100,15,4.7,312,59,-164,KOERI,moment tensor inversion,from seismic portal,P,22.2,,,,,,,,,,,,,,,,,,,
2020-01-17-17-47-38,2020,1,17,17,47,38.2,37.5778,20.8914,24,4.3,116,84,81,NOA,moment tensor inversion,from seismic portal,P,45.7,,,,,,,,,,,,,,,,,,,
2020-01-19-02-52-09,2020,1,19,2,52,9.2,38.1679,20.7481,6,5.0,161,74,94,NOA,moment tensor inversion,from seismic portal,P,12.7,GCMT (PDEW),2020,1,19,2,52,9.2,38.26,20.75,10,5.1,343,31,102,0.0,10.2,-4,-0.1,19.0
2020-01-22-19-22-16,2020,1,22,19,22,16.0,39.0600,27.8400,9,5.5,84,86,-173,AUTH,moment tensor inversion,from seismic portal,P,35.0,GCMT,2020,1,22,19,22,19.4,39.04,27.8,12,5.6,344,59,-28,-3.4,4.1,-3,-0.1,32.9
2020-01-22-20-17-38,2020,1,22,20,17,38.5,39.0600,27.8400,9,4.2,74,75,-156,KOERI,moment tensor inversion,from seismic portal,P,29.6,,,,,,,,,,,,,,,,,,,
2020-01-22-22-39-18,2020,1,22,22,39,18.0,39.0300,27.8600,13,4.4,348,50,-24,MED_RCMT (INGV),moment tensor inversion,from RCMT,S,,,,,,,,,,,,,,,,,,,,
2020-01-23-00-45-23,2020,1,23,0,45,23.0,39.0400,27.8500,10,4.2,340,48,-21,MED_RCMT (INGV),moment tensor inversion,from RCMT,S,,,,,,,,,,,,,,,,,,,,
2020-01-25-17-49-47,2020,1,25,17,49,47.0,39.0400,27.8300,13,4.3,339,53,-31,MED_RCMT (INGV),moment tensor inversion,from RCMT,S,,,,,,,,,,,,,,,,,,,,
2020-01-28-11-26-14,2020,1,28,11,26,13.6,39.1100,27.8400,10,4.9,334,29,-43,KOERI,moment tensor inversion,from seismic portal,P,16.1,GCMT (PDEW),2020,1,28,11,26,15.0,39.11,27.88,10,5,327,28,-51,-1.4,3.5,0,-0.1,3.9
2020-01-28-15-38-34,2020,1,28,15,38,34.0,35.1000,28.1000,4,5.4,221,21,-72,NOA,,-,P,37.3,GCMT,2020,1,28,15,38,35.1,35.1,27.82,12,5.5,239,39,-59,-1.1,25.5,-8,-0.1,20.2
2020-01-29-13-36-59,2020,1,29,13,37,0.4,34.9300,27.6900,10,4.9,48,45,-78,INGV,moment tensor inversion,from seismic portal,P,27.1,GCMT (PDEW),2020,1,29,13,36,59.5,35.17,27.89,10,4.8,199,45,-121,0.9,32.3,0,0.1,13.8
2020-01-30-01-28-06,2020,1,30,1,28,8.0,35.2000,28.0000,6,5.5,225,36,-68,NOA,,-,P,21.6,GCMT,2020,1,30,1,28,7.5,35.09,27.72,12,5.5,233,43,-74,0.5,28.3,-6,0.0,14.6
2020-01-30-05-43-58,2020,1,30,5,43,58.0,34.9700,27.8000,10,4.3,225,37,-67,MED_RCMT (INGV),moment tensor inversion,from RCMT,S,,,,,,,,,,,,,,,,,,,,
2020-01-30-11-21-36,2020,1,30,11,21,38.9,35.1700,27.6900,13,5.8,3,46,-137,GCMT,moment tensor inversion,from seismic portal,P,26.1,GCMT,2020,1,30,11,21,38.9,35.17,27.69,13,5.8,3,46,-137,0.0,0.0,0,0.0,0.0
2020-01-31-04-34-38,2020,1,31,4,34,38.6,35.0900,27.8700,19,4.6,192,39,-96,GFZ,moment tensor inversion,from seismic portal,P,21.6,,,,,,,,,,,,,,,,,,,
2020-01-31-21-05-32,2020,1,31,21,5,32.0,41.4600,19.4600,10,4.2,56,67,165,MED_RCMT (INGV),moment tensor inversion,from RCMT,S,,,,,,,,,,,,,,,,,,,,
2020-02-01-21-22-22,2020,2,1,21,22,22.0,39.1680,20.5910,4,4.4,2,44,154,Svigkas et al. (2021),moment tensor inversion,"Kanallaki, 1/3/2020 foreshocks, major aftershocks",P,28.9,,,,,,,,,,,,,,,,,,,
2020-02-02-00-23-48,2020,2,2,0,23,47.5,39.0000,27.8600,13,4.5,81,88,171,KOERI,moment tensor inversion,from seismic portal,P,30.9,,,,,,,,,,,,,,,,,,,
2020-02-02-11-36-40,2020,2,2,11,36,40.0,39.0800,27.8700,14,4.4,357,63,-11,MED_RCMT (INGV),moment tensor inversion,from RCMT,S,,,,,,,,,,,,,,,,,,,,
2020-02-04-02-10-53,2020,2,4,2,10,53.0,35.1300,28.0300,10,4.7,215,25,-58,MED_RCMT (INGV),moment tensor inversion,from RCMT,S,,,,,,,,,,,,,,,,,,,,
2020-02-04-16-47-09,2020,2,4,16,47,9.0,38.9900,27.8700,7,4.5,332,48,-55,MED_RCMT (INGV),moment tensor inversion,from RCMT,S,,,,,,,,,,,,,,,,,,,,
2020-02-04-17-55-24,2020,2,4,17,55,23.5,38.9900,27.8700,12,4.9,259,81,-174,KOERI,moment tensor inversion,from seismic portal,P,71.5,GCMT (PDEW),2020,2,4,17,55,24.0,39.04,27.88,4.6,4.9,317,37,-76,-0.5,5.6,7.4,0.0,87.8
2020-02-06-09-24-15,2020,2,6,9,24,15.0,39.2000,21.5000,16,4.7,348,18,-53,NOA,,-,P,23.7,,,,,,,,,,,,,,,,,,,
2020-02-06-18-06-54,2020,2,6,18,6,54.5,38.1029,22.2725,10,4.1,346,11,-45,NOA,moment tensor inversion,from seismic portal,P,7.7,,,,,,,,,,,,,,,,,,,
2020-02-07-02-24-01,2020,2,7,2,24,1.0,35.2000,26.5000,13,4.0,130,19,-102,NOA,,-,P,0.1,,,,,,,,,,,,,,,,,,,
2020-02-07-03-11-47,2020,2,7,3,11,48.0,35.2000,26.6000,15,4.4,119,30,-125,NOA,,-,P,19.7,,,,,,,,,,,,,,,,,,,
2020-02-10-22-46-51,2020,2,10,22,46,51.0,35.3010,27.7610,12,4.9,236,35,-71,NEIC,moment tensor inversion,from seismic portal,P,13.4,GCMT (PDEW),2020,2,10,22,46,50.8,35.17,27.91,10,4.9,234,30,-70,0.2,19.9,2,0.0,5.8
2020-02-14-16-02-16,2020,2,14,16,2,16.4,35.7632,26.9522,10,4.6,27,77,-76,NOA,moment tensor inversion,from seismic portal,P,30.8,GCMT (PDEW),2020,2,14,16,2,16.4,35.78,26.95,14.5,4.9,198,37,-67,0.0,1.9,-4.5,-0.3,42.1
2020-02-18-16-09-24,2020,2,18,16,9,25.0,39.0400,27.7900,8,5.1,353,89,-1,AUTH,,-,P,16.0,GCMT (PDEW),2020,2,18,16,9,23.8,39.11,27.82,10,4.8,351,75,-8,1.2,8.2,-2,0.3,15.6
2020-02-18-21-23-09,2020,2,18,21,23,9.0,39.1000,27.8100,5,4.2,89,69,-166,MED_RCMT (INGV),moment tensor inversion,from RCMT,S,,,,,,,,,,,,,,,,,,,,
2020-02-23-04-38-36,2020,2,23,4,38,36.6,34.8202,25.3511,20,4.5,227,25,68,NKUA,,-,S,,,,,,,,,,,,,,,,,,,,
2020-02-23-12-40-17,2020,2,23,12,40,17.5,38.9900,27.8800,10,4.5,174,70,1,KOERI,moment tensor inversion,from seismic portal,P,69.9,,,,,,,,,,,,,,,,,,,
2020-02-24-02-43-34,2020,2,24,2,43,33.0,38.9800,27.8600,11,4.9,182,56,18,KOERI,moment tensor inversion,from seismic portal,P,52.5,GCMT (PDEW),2020,2,24,2,43,35.0,39.06,27.92,10.9,4.6,89,72,-163,-2.0,10.3,0.1,0.3,50.8
2020-02-26-14-20-11,2020,2,26,14,20,11.1,35.2600,27.8000,10,4.6,42,12,-132,GCMT (PDEW),moment tensor inversion,"extracted from ndk file, mag is probably MS",P,89.2,GCMT (PDEW),2020,2,26,14,20,11.1,35.26,27.8,10,4.6,42,12,-132,0.0,0.0,0,0.0,0.0
2020-02-27-14-36-14,2020,2,27,14,36,15.4,35.0900,28.0000,14,4.7,205,45,-89,GFZ,moment tensor inversion,from seismic portal,P,13.5,GCMT (PDEW),2020,2,27,14,36,14.4,35.35,27.94,10,4.8,43,42,-70,1.0,29.4,4,-0.1,15.3
2020-03-07-08-20-11,2020,3,7,8,20,11.6,38.1482,22.9797,8,4.0,292,33,-60,NOA,moment tensor inversion,from seismic portal,P,23.2,,,,,,,,,,,,,,,,,,,
2020-03-09-22-19-31,2020,3,9,22,19,31.1,37.6840,21.3785,22,4.0,37,86,128,NOA,moment tensor inversion,from seismic portal,P,0.0,,,,,,,,,,,,,,,,,,,
2020-03-17-18-14-32,2020,3,17,18,14,32.0,36.9700,27.3300,11,4.1,218,65,-120,KOERI,moment tensor inversion,from seismic portal,S,,,,,,,,,,,,,,,,,,,,
2020-03-20-21-38-29,2020,3,20,21,38,30.0,39.3040,20.6150,6,4.2,341,31,125,Svigkas et al. (2021),moment tensor inversion,"Kanallaki, 1/3/2020 foreshocks, major aftershocks",P,23.5,,,,,,,,,,,,,,,,,,,
2020-03-21-00-49-51,2020,3,21,0,49,52.0,39.3040,20.6210,7,5.7,337,37,106,Svigkas et al. (2021),moment tensor inversion,"Kanallaki, 1/3/2020 foreshocks, major aftershocks",P,16.6,GCMT,2020,3,21,0,49,54.3,39.17,20.55,13,5.7,337,39,119,-2.3,16.1,-6,0.0,13.2
2020-03-26-07-38-30,2020,3,26,7,38,30.6,37.2503,20.4039,17,4.2,18,11,158,NKUA,,-,S,,,,,,,,,,,,,,,,,,,,
2020-04-09-01-11-47,2020,4,9,1,11,47.0,34.9200,23.3400,10,4.2,315,67,165,MED_RCMT (INGV),moment tensor inversion,from RCMT,S,,,,,,,,,,,,,,,,,,,,
2020-04-11-10-22-54,2020,4,11,10,22,54.1,34.9800,26.1600,34,5.2,234,49,-25,GCMT (PDEW),moment tensor inversion,"extracted from ndk file, mag is probably MS",P,45.3,GCMT (PDEW),2020,4,11,10,22,54.1,34.98,26.16,33.8,5.2,234,49,-25,0.0,0.0,0,0.0,0.0
2020-04-15-12-20-36,2020,4,15,12,20,37.0,40.5423,21.8033,10,4.0,306,49,-44,NOA,moment tensor inversion,from seismic portal,P,10.5,,,,,,,,,,,,,,,,,,,
2020-04-16-22-41-19,2020,4,16,22,41,18.8,37.3819,20.5875,8,4.0,259,83,-74,NOA,moment tensor inversion,from seismic portal,P,29.4,,,,,,,,,,,,,,,,,,,
2020-04-22-06-05-49,2020,4,22,6,5,50.0,35.2000,26.2000,16,4.3,30,71,-19,NOA,,-,P,51.0,,,,,,,,,,,,,,,,,,,
2020-04-24-13-16-02,2020,4,24,13,16,3.0,35.8600,27.9700,63,4.5,0,31,-165,KOERI,moment tensor inversion,from seismic portal,P,21.4,,,,,,,,,,,,,,,,,,,
2020-04-24-14-21-52,2020,4,24,14,21,52.5,36.3214,25.6661,13,4.0,57,68,-15,NKUA,,-,S,,,,,,,,,,,,,,,,,,,,
2020-04-25-10-48-36,2020,4,25,10,48,36.6,34.9133,24.0856,19,4.1,302,16,92,NKUA,,-,S,,,,,,,,,,,,,,,,,,,,
2020-04-26-13-23-39,2020,4,26,13,23,39.0,34.5700,24.6600,30,4.3,82,26,61,MED_RCMT (INGV),moment tensor inversion,from RCMT,S,,,,,,,,,,,,,,,,,,,,
2020-04-30-10-09-46,2020,4,30,10,9,47.0,36.9700,28.5700,11,4.6,89,35,-92,GFZ,moment tensor inversion,from seismic portal,P,17.0,,,,,,,,,,,,,,,,,,,
2020-05-01-11-01-40,2020,5,1,11,1,40.7,42.2600,24.8910,14,4.6,95,38,-88,ISC (GFZ),moment tensor inversion,extracted from reviewed ISC FMCSV,P,17.4,,,,,,,,,,,,,,,,,,,
2020-05-01-18-03-13,2020,5,1,18,3,12.0,34.8500,24.5800,50,4.3,114,48,63,MED_RCMT (INGV),moment tensor inversion,from RCMT,P,78.3,,,,,,,,,,,,,,,,,,,
2020-05-02-12-51-07,2020,5,2,12,51,9.3,34.4366,25.6915,16,6.6,103,57,104,NOA,moment tensor inversion,from seismic portal,P,24.1,GCMT,2020,5,2,12,51,9.8,34.06,25.63,12,6.6,257,24,71,-0.5,42.2,4,0.0,11.9
2020-05-02-13-33-51,2020,5,2,13,33,51.8,34.1500,25.4500,24,5.3,308,80,-173,GCMT (PDEW),moment tensor inversion,"extracted from ndk file, mag is probably MS",P,74.5,GCMT (PDEW),2020,5,2,13,33,51.8,34.15,25.45,24.2,5.3,308,80,-173,0.0,0.0,0,0.0,0.0
2020-05-02-14-21-29,2020,5,2,14,21,29.4,34.2686,25.4977,14,4.0,256,16,72,NKUA,,-,S,,,,,,,,,,,,,,,,,,,,
2020-05-02-16-13-04,2020,5,2,16,13,4.0,34.3126,25.5899,8,4.0,147,45,151,NKUA,,-,S,,,,,,,,,,,,,,,,,,,,
2020-05-02-16-44-26,2020,5,2,16,44,25.6,33.8500,25.6400,14,5.3,288,29,96,INGV,moment tensor inversion,from seismic portal,P,14.2,GCMT (PDEW),2020,5,2,16,44,26.6,34.12,25.61,10,5.3,296,41,101,-1.0,30.1,4,0.0,12.9
2020-05-03-05-54-41,2020,5,3,5,54,41.9,34.1200,25.9000,10,4.9,247,54,22,GCMT (PDEW),moment tensor inversion,"extracted from ndk file, mag is probably MS",P,9.5,GCMT (PDEW),2020,5,3,5,54,41.9,34.12,25.9,10,4.9,247,54,22,0.0,0.0,0,0.0,0.0
2020-05-04-01-02-10,2020,5,4,1,2,10.0,33.9800,25.4700,10,4.5,276,31,90,MED_RCMT (INGV),moment tensor inversion,from RCMT,S,,,,,,,,,,,,,,,,,,,,
2020-05-04-12-36-37,2020,5,4,12,36,37.0,34.0100,25.6100,10,4.7,273,23,88,MED_RCMT (INGV),moment tensor inversion,from RCMT,S,,,,,,,,,,,,,,,,,,,,
2020-05-05-11-40-36,2020,5,5,11,40,36.0,34.0300,25.5500,20,4.4,325,72,-173,MED_RCMT (INGV),moment tensor inversion,from RCMT,S,,,,,,,,,,,,,,,,,,,,
2020-05-05-17-20-34,2020,5,5,17,20,32.0,34.1200,25.5500,10,4.7,280,30,76,MED_RCMT (INGV),moment tensor inversion,from RCMT,P,35.5,,,,,,,,,,,,,,,,,,,
2020-05-07-19-55-06,2020,5,7,19,55,6.0,33.9700,25.5600,10,4.7,237,63,0,MED_RCMT (INGV),moment tensor inversion,from RCMT,P,67.1,,,,,,,,,,,,,,,,,,,
2020-05-08-03-14-23,2020,5,8,3,14,22.6,34.0800,25.5700,8,4.9,333,78,-173,GCMT (PDEW),moment tensor inversion,"extracted from ndk file, mag is probably MS",P,64.0,GCMT (PDEW),2020,5,8,3,14,22.6,34.08,25.57,8.4,4.9,333,78,-173,0.0,0.0,0,0.0,0.0
2020-05-08-23-36-31,2020,5,8,23,36,29.0,33.8500,25.6300,10,4.5,292,20,115,MED_RCMT (INGV),moment tensor inversion,from RCMT,P,26.6,,,,,,,,,,,,,,,,,,,
2020-05-09-09-39-30,2020,5,9,9,39,30.0,34.0500,25.5100,30,4.7,294,30,101,MED_RCMT (INGV),moment tensor inversion,from RCMT,P,39.4,,,,,,,,,,,,,,,,,,,
2020-05-09-10-52-51,2020,5,9,10,52,51.0,37.3000,20.5000,12,4.5,88,49,51,MED_RCMT (INGV),moment tensor inversion,from RCMT,S,,,,,,,,,,,,,,,,,,,,
2020-05-10-08-40-12,2020,5,10,8,40,11.0,33.9700,25.4800,10,4.7,267,32,55,MED_RCMT (INGV),moment tensor inversion,from RCMT,P,16.6,,,,,,,,,,,,,,,,,,,
2020-05-10-10-02-52,2020,5,10,10,2,52.0,34.1600,25.7700,10,4.2,305,47,-151,MED_RCMT (INGV),moment tensor inversion,from RCMT,S,,,,,,,,,,,,,,,,,,,,
2020-05-14-22-33-35,2020,5,14,22,33,35.1,33.7700,25.9200,16,4.6,299,32,150,INGV,moment tensor inversion,from seismic portal,P,43.3,,,,,,,,,,,,,,,,,,,
2020-05-15-19-31-57,2020,5,15,19,31,57.0,34.0900,25.5600,10,4.4,266,15,58,MED_RCMT (INGV),moment tensor inversion,from RCMT,S,,,,,,,,,,,,,,,,,,,,
2020-05-16-02-30-25,2020,5,16,2,30,24.1,33.9800,25.7500,16,4.5,279,87,176,GFZ,moment tensor inversion,from seismic portal,P,78.7,,,,,,,,,,,,,,,,,,,
2020-05-16-08-29-43,2020,5,16,8,29,43.0,37.9070,21.0310,11,4.0,221,86,167,UPSL,moment tensor inversion,from seismic portal,P,29.8,,,,,,,,,,,,,,,,,,,
2020-05-18-04-18-19,2020,5,18,4,18,18.5,33.9686,25.4936,14,5.3,253,25,42,NEIC,moment tensor inversion,from seismic portal,P,36.3,GCMT (PDEW),2020,5,18,4,18,18.0,34.17,25.62,10,5.3,302,37,115,0.5,25.2,4,0.0,40.3
2020-05-18-11-48-08,2020,5,18,11,48,11.1,34.1462,25.5248,24,5.0,247,64,-11,NEIC,moment tensor inversion,from seismic portal,P,21.0,GCMT (PDEW),2020,5,18,11,48,7.4,34.13,25.52,10,5,340,79,-170,3.7,1.9,14,0.0,16.2
2020-05-18-14-11-09,2020,5,18,14,11,9.0,34.1800,25.6200,10,4.6,227,27,12,MED_RCMT (INGV),moment tensor inversion,from RCMT,S,,,,,,,,,,,,,,,,,,,,
2020-05-18-23-22-36,2020,5,18,23,22,37.0,34.3000,25.6000,14,5.7,234,82,2,NOA,,-,P,39.0,GCMT,2020,5,18,23,22,38.0,34.1,25.6,19,5.8,331,80,-174,-1.0,22.2,-5,-0.1,14.1
2020-05-19-00-02-41,2020,5,19,0,2,41.0,34.1300,25.5700,10,4.8,229,70,-15,MED_RCMT (INGV),moment tensor inversion,from RCMT,S,,,,,,,,,,,,,,,,,,,,
2020-05-19-04-15-45,2020,5,19,4,15,45.9,34.1200,25.6200,16,4.5,158,64,159,GFZ,moment tensor inversion,from seismic portal,S,,,,,,,,,,,,,,,,,,,,
2020-05-19-08-42-57,2020,5,19,8,42,57.0,34.0500,25.6800,10,4.7,234,63,24,MED_RCMT (INGV),moment tensor inversion,from RCMT,S,,,,,,,,,,,,,,,,,,,,
2020-05-19-09-24-44,2020,5,19,9,24,44.0,34.0200,25.6500,10,4.7,236,23,45,MED_RCMT (INGV),moment tensor inversion,from RCMT,S,,,,,,,,,,,,,,,,,,,,
2020-05-19-14-58-29,2020,5,19,14,58,29.0,34.1400,25.5100,10,4.4,248,69,22,MED_RCMT (INGV),moment tensor inversion,from RCMT,S,,,,,,,,,,,,,,,,,,,,
2020-05-19-19-09-13,2020,5,19,19,9,13.8,34.2700,25.6000,10,4.8,238,81,-5,GCMT (PDEW),moment tensor inversion,"extracted from ndk file, mag is probably MS",P,73.4,GCMT (PDEW),2020,5,19,19,9,13.8,34.27,25.6,10,4.8,238,81,-5,0.0,0.0,0,0.0,0.0
2020-05-20-02-12-21,2020,5,20,2,12,24.4,34.3991,25.5032,12,4.8,17,71,-2,NEIC,moment tensor inversion,from seismic portal,P,63.9,GCMT (PDEW),2020,5,20,2,12,18.2,34.34,25.89,7,4.8,285,80,-177,6.2,36.2,5,0.0,25.3
2020-05-20-15-44-52,2020,5,20,15,44,52.2,35.3121,27.9506,9,4.3,222,52,33,NKUA,,-,S,,,,,,,,,,,,,,,,,,,,
2020-05-20-18-00-30,2020,5,20,18,0,30.6,34.1000,25.6100,10,4.4,248,69,-1,GCMT (PDEW),moment tensor inversion,"extracted from ndk file, mag is probably MS",P,24.0,GCMT (PDEW),2020,5,20,18,0,30.6,34.1,25.61,10,4.4,248,69,-1,0.0,0.0,0,0.0,0.0
2020-05-20-20-57-17,2020,5,20,20,57,17.0,33.9800,25.4000,10,4.3,245,20,23,MED_RCMT (INGV),moment tensor inversion,from RCMT,S,,,,,,,,,,,,,,,,,,,,
2020-05-20-23-43-17,2020,5,20,23,43,15.9,34.9600,20.2100,20,5.7,98,77,174,INGV,moment tensor inversion,from seismic portal,P,15.9,GCMT,2020,5,20,23,43,18.8,35,20.24,17,5.7,96,66,171,-2.9,5.2,3,0.0,11.4
2020-05-21-14-06-00,2020,5,21,14,5,59.0,34.0400,25.5400,10,4.7,267,25,66,MED_RCMT (INGV),moment tensor inversion,from RCMT,P,50.2,,,,,,,,,,,,,,,,,,,
2020-05-22-03-40-31,2020,5,22,3,40,30.6,34.4800,25.8900,10,5.1,208,58,30,GCMT (PDEW),moment tensor inversion,"extracted from ndk file, mag is probably MS",P,46.2,GCMT (PDEW),2020,5,22,3,40,30.6,34.48,25.89,10,5.1,208,58,30,0.0,0.0,0,0.0,0.0
2020-05-22-06-25-58,2020,5,22,6,25,58.0,34.1100,25.5300,10,4.7,247,64,5,MED_RCMT (INGV),moment tensor inversion,from RCMT,S,,,,,,,,,,,,,,,,,,,,
2020-05-23-16-09-12,2020,5,23,16,9,12.0,33.9600,25.4600,10,4.7,251,16,39,MED_RCMT (INGV),moment tensor inversion,from RCMT,S,,,,,,,,,,,,,,,,,,,,
2020-05-23-22-50-12,2020,5,23,22,50,13.6,34.1874,25.4969,20,5.3,259,46,39,NEIC,moment tensor inversion,from seismic portal,P,51.9,GCMT (PDEW),2020,5,23,22,50,12.8,34.29,25.51,16,5.3,319,42,130,0.8,11.4,4,0.0,60.7
2020-05-26-13-53-32,2020,5,26,13,53,32.0,34.1200,25.6800,10,4.4,248,33,56,MED_RCMT (INGV),moment tensor inversion,from RCMT,S,,,,,,,,,,,,,,,,,,,,
2020-05-27-01-09-53,2020,5,27,1,9,52.8,34.2300,25.6200,10,5.1,283,29,99,GCMT (PDEW),moment tensor inversion,"extracted from ndk file, mag is probably MS",P,34.0,GCMT (PDEW),2020,5,27,1,9,52.8,34.23,25.62,10,5.1,283,29,99,0.0,0.0,0,0.0,0.0
2020-05-29-02-08-09,2020,5,29,2,8,9.0,34.0200,25.6800,10,4.3,330,16,142,MED_RCMT (INGV),moment tensor inversion,from RCMT,S,,,,,,,,,,,,,,,,,,,,
2020-05-30-07-22-58,2020,5,30,7,22,59.1,35.5179,26.7764,4,4.1,53,29,-32,NOA,moment tensor inversion,from seismic portal,P,29.6,,,,,,,,,,,,,,,,,,,
2020-05-30-15-58-36,2020,5,30,15,58,36.0,35.6131,26.7307,8,4.3,354,41,-126,NOA,moment tensor inversion,from seismic portal,P,28.6,,,,,,,,,,,,,,,,,,,
2020-05-30-18-21-56,2020,5,30,18,21,57.4,35.5746,26.7453,6,4.5,344,37,-124,NOA,moment tensor inversion,from seismic portal,P,40.5,,,,,,,,,,,,,,,,,,,
2020-06-03-05-22-26,2020,6,3,5,22,26.0,34.4700,25.7500,10,4.6,30,88,0,MED_RCMT (INGV),moment tensor inversion,from RCMT,S,,,,,,,,,,,,,,,,,,,,
2020-06-03-09-03-30,2020,6,3,9,3,30.1,34.3880,25.8937,8,4.3,225,27,37,NKUA,,-,S,,,,,,,,,,,,,,,,,,,,
2020-06-04-21-10-30,2020,6,4,21,10,30.4,35.6424,26.7343,6,4.2,29,43,-79,NOA,moment tensor inversion,from seismic portal,P,29.9,,,,,,,,,,,,,,,,,,,
2020-06-05-02-25-51,2020,6,5,2,25,52.0,37.3200,20.5700,10,4.2,315,30,115,MED_RCMT (INGV),moment tensor inversion,from RCMT,P,26.8,,,,,,,,,,,,,,,,,,,
2020-06-08-15-21-52,2020,6,8,15,21,52.0,41.5300,19.6100,5,4.4,84,28,42,MED_RCMT (INGV),moment tensor inversion,from RCMT,S,,,,,,,,,,,,,,,,,,,,
2020-06-09-02-46-25,2020,6,9,2,46,25.0,34.0600,25.5700,10,4.3,216,23,4,MED_RCMT (INGV),moment tensor inversion,from RCMT,S,,,,,,,,,,,,,,,,,,,,
2020-06-10-03-24-24,2020,6,10,3,24,24.0,37.2100,20.4400,13,4.2,323,32,119,MED_RCMT (INGV),moment tensor inversion,from RCMT,S,,,,,,,,,,,,,,,,,,,,
2020-06-15-20-12-59,2020,6,15,20,12,59.0,34.3995,25.8722,7,4.2,121,41,129,NKUA,,-,S,,,,,,,,,,,,,,,,,,,,
2020-06-17-23-50-01,2020,6,17,23,50,1.0,33.7200,24.5000,33,4.4,193,45,97,MED_RCMT (INGV),moment tensor inversion,from RCMT,S,,,,,,,,,,,,,,,,,,,,
2020-06-19-07-43-22,2020,6,19,7,43,24.6,34.2600,25.5700,12,5.0,118,44,85,GFZ,moment tensor inversion,from seismic portal,P,25.4,GCMT (PDEW),2020,6,19,7,43,21.0,34.29,25.52,10,5.1,316,43,129,3.6,5.7,2,-0.1,27.6
2020-06-19-20-34-12,2020,6,19,20,34,7.0,34.3800,25.4600,10,4.6,99,81,9,MED_RCMT (INGV),moment tensor inversion,from RCMT,P,87.6,,,,,,,,,,,,,,,,,,,
2020-06-19-21-17-17,2020,6,19,21,17,12.0,34.4300,25.4900,10,4.3,324,67,-158,MED_RCMT (INGV),moment tensor inversion,from RCMT,P,69.0,,,,,,,,,,,,,,,,,,,
2020-06-26-07-21-12,2020,6,26,7,21,13.2,38.7424,27.7982,14,5.1,294,43,-103,NOA,moment tensor inversion,from seismic portal,P,18.7,GCMT (PDEW),2020,6,26,7,21,12.5,38.79,27.79,10,5.2,313,34,-76,0.7,5.3,4,-0.1,19.0
2020-06-26-12-56-02,2020,6,26,12,56,2.3,35.4167,26.7249,8,4.0,159,65,-168,NKUA,,-,S,,,,,,,,,,,,,,,,,,,,
2020-06-26-19-36-36,2020,6,26,19,36,36.9,35.4968,26.7151,6,4.7,64,54,-47,NOA,moment tensor inversion,from seismic portal,P,37.8,GCMT (PDEW),2020,6,26,19,36,36.6,35.5,26.68,24.5,4.9,173,56,-139,0.3,3.2,-18.5,-0.2,11.2
2020-06-28-11-18-34,2020,6,28,11,18,35.0,35.3513,26.8112,22,4.6,159,65,-152,NOA,moment tensor inversion,from seismic portal,P,41.3,,,,,,,,,,,,,,,,,,,
2020-06-28-17-43-29,2020,6,28,17,43,30.0,36.7000,28.2000,64,5.4,324,59,159,NOA,,-,P,9.6,GCMT,2020,6,28,17,43,30.3,36.49,28.12,69,5.5,322,61,156,-0.3,24.4,-5,-0.1,3.3
2020-06-29-04-06-24,2020,6,29,4,6,25.0,36.4100,28.0600,74,4.6,55,48,34,INGV,moment tensor inversion,from seismic portal,P,15.2,,,,,,,,,,,,,,,,,,,
2020-07-07-15-19-50,2020,7,7,15,19,50.0,38.7900,25.3500,14,4.0,330,82,-1,MED_RCMT (INGV),moment tensor inversion,from RCMT,S,,,,,,,,,,,,,,,,,,,,
2020-07-13-01-48-52,2020,7,13,1,48,52.0,34.0700,25.4000,10,4.6,274,6,67,MED_RCMT (INGV),moment tensor inversion,from RCMT,S,,,,,,,,,,,,,,,,,,,,
2020-07-16-18-09-25,2020,7,16,18,9,25.2,38.3661,26.7719,16,4.3,265,27,-118,NOA,moment tensor inversion,from seismic portal,P,36.3,,,,,,,,,,,,,,,,,,,
2020-07-24-20-41-25,2020,7,24,20,41,25.0,40.1800,24.9600,12,4.0,345,90,-18,OCA,moment tensor inversion,from seismic portal,S,,,,,,,,,,,,,,,,,,,,
2020-07-25-01-38-06,2020,7,25,1,38,6.6,38.0905,20.3329,12,4.1,124,80,88,NOA,moment tensor inversion,from seismic portal,P,33.3,,,,,,,,,,,,,,,,,,,
2020-07-25-18-23-09,2020,7,25,18,23,9.0,34.3200,25.9400,10,4.6,184,42,-56,MED_RCMT (INGV),moment tensor inversion,from RCMT,S,,,,,,,,,,,,,,,,,,,,
2020-07-26-14-16-03,2020,7,26,14,16,3.0,41.0000,19.7600,10,4.3,183,80,177,MED_RCMT (INGV),moment tensor inversion,from RCMT,S,,,,,,,,,,,,,,,,,,,,
2020-08-01-06-47-38,2020,8,1,6,47,38.0,34.3200,25.8300,10,4.4,314,62,-165,MED_RCMT (INGV),moment tensor inversion,from RCMT,S,,,,,,,,,,,,,,,,,,,,
2020-08-09-06-11-16,2020,8,9,6,11,16.6,37.7399,21.1395,20,4.1,52,88,-164,NOA,moment tensor inversion,from seismic portal,P,25.6,,,,,,,,,,,,,,,,,,,
2020-08-10-02-07-52,2020,8,10,2,7,52.3,40.5588,22.5668,14,4.3,259,88,-174,NOA,moment tensor inversion,from seismic portal,P,44.4,,,,,,,,,,,,,,,,,,,
2020-08-14-17-48-52,2020,8,14,17,48,53.3,34.4500,25.8300,17,4.7,315,76,-178,GCMT (PDEW),moment tensor inversion,"extracted from ndk file, mag is probably MS",P,43.4,GCMT (PDEW),2020,8,14,17,48,53.3,34.45,25.83,17.3,4.7,315,76,-178,0.0,0.0,0,0.0,0.0
2020-08-17-07-27-03,2020,8,17,7,27,2.0,36.8600,23.6700,83,5.0,0,72,45,KOERI,moment tensor inversion,from seismic portal,P,58.3,GCMT (PDEW),2020,8,17,7,27,2.4,36.9,23.77,95.3,5,255,58,174,-0.4,10.0,-12.3,0.0,20.2
2020-08-19-09-49-16,2020,8,19,9,49,13.0,34.0200,25.7200,10,4.7,255,16,58,MED_RCMT (INGV),moment tensor inversion,from RCMT,P,77.0,,,,,,,,,,,,,,,,,,,
2020-08-20-09-19-29,2020,8,20,9,19,29.0,33.9900,25.7300,10,4.4,214,10,19,MED_RCMT (INGV),moment tensor inversion,from RCMT,S,,,,,,,,,,,,,,,,,,,,
2020-08-22-04-31-55,2020,8,22,4,31,55.0,38.0800,21.9600,16,4.0,5,45,28,OCA,moment tensor inversion,from seismic portal,P,86.7,,,,,,,,,,,,,,,,,,,
2020-08-29-00-18-29,2020,8,29,0,18,29.4,39.6886,20.3343,12,4.5,306,38,81,NOA,moment tensor inversion,from seismic portal,P,49.2,,,,,,,,,,,,,,,,,,,
2020-09-03-15-07-35,2020,9,3,15,7,35.8,38.1711,23.9932,2,4.1,263,84,-127,NOA,moment tensor inversion,from seismic portal,P,35.7,,,,,,,,,,,,,,,,,,,
2020-09-08-21-57-23,2020,9,8,21,57,23.0,40.7800,27.4700,10,4.2,96,76,166,KOERI,moment tensor inversion,from seismic portal,P,26.1,,,,,,,,,,,,,,,,,,,
2020-09-10-10-30-31,2020,9,10,10,30,31.9,34.3828,25.0385,17,4.1,338,66,2,NKUA,,-,S,,,,,,,,,,,,,,,,,,,,
2020-09-11-03-00-58,2020,9,11,3,0,58.0,38.1300,23.1800,13,4.2,90,20,-126,OCA,moment tensor inversion,from seismic portal,P,23.1,,,,,,,,,,,,,,,,,,,
2020-09-17-23-32-53,2020,9,17,23,32,51.0,35.7400,22.0900,10,4.2,261,56,35,MED_RCMT (INGV),moment tensor inversion,from RCMT,P,48.9,,,,,,,,,,,,,,,,,,,
2020-09-18-16-28-18,2020,9,18,16,28,18.7,34.9338,25.2933,46,5.7,20,14,180,NOA,moment tensor inversion,from seismic portal,P,29.8,GCMT,2020,9,18,16,28,19.8,34.88,25.32,21,6.1,325,2,129,-1.1,6.4,25,-0.4,13.5
2020-09-20-06-31-05,2020,9,20,6,31,5.2,35.1341,26.4302,13,4.1,133,63,-1,NKUA,,-,S,,,,,,,,,,,,,,,,,,,,
2020-09-20-08-15-54,2020,9,20,8,15,54.0,34.1400,23.8500,10,4.3,302,46,-127,MED_RCMT (INGV),moment tensor inversion,from RCMT,S,,,,,,,,,,,,,,,,,,,,
2020-09-23-23-25-10,2020,9,23,23,25,10.0,41.0000,19.7200,19,4.4,343,30,110,INGV,moment tensor inversion,from seismic portal,P,22.4,,,,,,,,,,,,,,,,,,,
2020-09-24-05-10-18,2020,9,24,5,10,18.4,38.7355,20.5898,6,4.1,357,42,159,NOA,moment tensor inversion,from seismic portal,P,27.6,,,,,,,,,,,,,,,,,,,
2020-09-24-13-38-31,2020,9,24,13,38,31.0,40.8100,28.1300,13,4.2,169,86,-10,KOERI,moment tensor inversion,from seismic portal,P,43.4,,,,,,,,,,,,,,,,,,,
2020-09-24-18-52-14,2020,9,24,18,52,14.5,35.2963,25.9180,8,4.0,24,44,-99,NKUA,,-,S,,,,,,,,,,,,,,,,,,,,
2020-09-26-18-39-19,2020,9,26,18,39,19.0,39.9500,24.3200,14,4.3,155,84,6,KOERI,moment tensor inversion,from seismic portal,P,27.7,,,,,,,,,,,,,,,,,,,
2020-09-26-22-50-25,2020,9,26,22,50,24.9,39.9541,24.3059,8,5.2,237,84,-165,NOA,moment tensor inversion,from seismic portal,P,33.9,GCMT (PDEW),2020,9,26,22,50,25.1,39.99,24.33,10.4,5.4,239,69,-167,-0.2,4.5,-2.4,-0.2,15.3
2020-09-26-23-09-21,2020,9,26,23,9,21.0,39.9600,24.3300,14,4.2,334,74,-12,MED_RCMT (INGV),moment tensor inversion,from RCMT,S,,,,,,,,,,,,,,,,,,,,
2020-09-27-12-22-19,2020,9,27,12,22,19.0,40.0900,24.4400,10,4.2,130,60,-26,OCA,moment tensor inversion,from seismic portal,P,17.5,,,,,,,,,,,,,,,,,,,
2020-09-27-12-58-01,2020,9,27,12,58,2.0,39.9600,24.3200,10,4.1,70,85,160,OCA,moment tensor inversion,from seismic portal,P,38.2,,,,,,,,,,,,,,,,,,,
2020-09-27-16-05-07,2020,9,27,16,5,7.0,39.9600,24.3600,20,4.2,94,42,-112,MED_RCMT (INGV),moment tensor inversion,from RCMT,S,,,,,,,,,,,,,,,,,,,,
2020-09-28-04-12-42,2020,9,28,4,12,43.0,40.0100,24.3700,12,4.6,147,81,-12,KOERI,moment tensor inversion,from seismic portal,P,18.5,GCMT (PDEW),2020,9,28,4,12,42.2,40,24.38,11.4,4.8,243,61,-164,0.8,1.4,0.6,-0.2,18.4
2020-10-01-11-05-38,2020,10,1,11,5,38.6,36.6605,26.8332,148,4.6,339,10,-135,NOA,moment tensor inversion,from seismic portal,P,12.0,,,,,,,,,,,,,,,,,,,
2020-10-07-22-13-06,2020,10,7,22,13,6.0,41.5700,19.4500,10,4.5,335,33,97,MED_RCMT (INGV),moment tensor inversion,from RCMT,S,,,,,,,,,,,,,,,,,,,,
2020-10-12-00-30-41,2020,10,12,0,30,42.0,35.4700,26.2600,21,5.1,35,68,-13,INGV,moment tensor inversion,from seismic portal,P,21.5,GCMT (PDEW),2020,10,12,0,30,39.9,35.59,26.24,10,5.1,126,56,-176,2.1,13.4,11,0.0,27.9
2020-10-12-00-44-26,2020,10,12,0,44,26.6,35.6163,26.2958,11,4.2,25,60,-33,NKUA,,-,S,,,,,,,,,,,,,,,,,,,,
2020-10-12-04-11-28,2020,10,12,4,11,29.0,35.4600,26.2000,22,5.3,40,73,-17,INGV,moment tensor inversion,from seismic portal,P,42.1,GCMT (PDEW),2020,10,12,4,11,27.6,35.65,26.25,10,5.2,133,69,-167,1.4,21.6,12,0.1,6.6
2020-10-12-05-00-33,2020,10,12,5,0,33.9,35.5897,26.2779,11,4.0,39,66,-20,NKUA,,-,S,,,,,,,,,,,,,,,,,,,,
2020-10-14-22-22-50,2020,10,14,22,22,50.6,35.6255,26.3196,11,4.2,30,74,-17,NKUA,,-,S,,,,,,,,,,,,,,,,,,,,
2020-10-18-08-07-15,2020,10,18,8,7,16.5,39.1283,23.4828,14,4.1,32,88,-167,NOA,moment tensor inversion,from seismic portal,P,28.3,,,,,,,,,,,,,,,,,,,
2020-10-21-23-00-55,2020,10,21,23,0,55.1,37.1622,20.4025,16,5.1,188,76,120,NOA,moment tensor inversion,from seismic portal,P,65.7,GCMT (PDEW),2020,10,21,23,0,54.2,37.32,20.51,8.4,5.1,234,24,17,0.9,19.9,7.6,0.0,59.1
2020-10-30-11-51-27,2020,10,30,11,51,24.0,37.9001,26.8057,6,6.9,294,54,-65,NOA,moment tensor inversion,from seismic portal,P,32.6,GCMT,2020,10,30,11,51,34.8,37.76,26.68,12,7,270,37,-95,-10.8,19.1,-6,-0.1,27.1
2020-10-30-13-00-22,2020,10,30,13,0,0.0,37.8400,26.7900,8,4.9,226,65,-177,Altunel & Pinar (2021),CMT,"Samos, 2020 sequence",P,81.0,,,,,,,,,,,,,,,,,,,
2020-10-30-14-46-05,2020,10,30,14,46,5.4,37.8088,26.7125,11,4.0,269,39,-91,NKUA,,-,S,,,,,,,,,,,,,,,,,,,,
2020-10-30-15-14-49,2020,10,30,15,14,0.0,37.8400,26.8500,8,5.1,286,52,-78,Altunel & Pinar (2021),CMT,"Samos, 2020 sequence",P,23.7,,,,,,,,,,,,,,,,,,,
2020-10-30-15-19-00,2020,10,30,15,19,0.0,37.8300,26.9100,8,4.7,230,68,-151,Altunel & Pinar (2021),CMT,"Samos, 2020 sequence",S,,,,,,,,,,,,,,,,,,,,
2020-10-30-16-18-00,2020,10,30,16,18,0.0,37.6400,27.1400,5,4.2,37,63,174,Altunel & Pinar (2021),CMT,"Samos, 2020 sequence",S,,,,,,,,,,,,,,,,,,,,
2020-10-30-16-28-00,2020,10,30,16,28,0.0,37.8000,26.8300,4,4.0,306,67,-59,Altunel & Pinar (2021),CMT,"Samos, 2020 sequence",S,,,,,,,,,,,,,,,,,,,,
2020-10-30-17-16-02,2020,10,30,17,16,0.0,37.8700,27.0000,9,4.1,261,38,-96,Altunel & Pinar (2021),CMT,"Samos, 2020 sequence",P,22.5,,,,,,,,,,,,,,,,,,,
2020-10-30-19-08-00,2020,10,30,19,8,0.0,37.8600,26.4500,6,4.3,86,86,-106,Altunel & Pinar (2021),CMT,"Samos, 2020 sequence",S,,,,,,,,,,,,,,,,,,,,
2020-10-30-20-35-16,2020,10,30,20,35,0.0,37.7900,26.5200,6,4.3,42,83,178,Altunel & Pinar (2021),CMT,"Samos, 2020 sequence",P,56.0,,,,,,,,,,,,,,,,,,,
2020-10-30-21-41-00,2020,10,30,21,41,0.0,37.8700,26.9900,6,4.0,293,43,-66,Altunel & Pinar (2021),CMT,"Samos, 2020 sequence",S,,,,,,,,,,,,,,,,,,,,
2020-10-30-22-53-10,2020,10,30,22,53,0.0,37.8200,26.7500,4,4.1,273,31,-98,Altunel & Pinar (2021),CMT,"Samos, 2020 sequence",P,12.0,,,,,,,,,,,,,,,,,,,
2020-10-30-23-05-15,2020,10,30,23,5,0.0,37.7900,26.8600,6,4.1,287,58,-65,Altunel & Pinar (2021),CMT,"Samos, 2020 sequence",P,48.3,,,,,,,,,,,,,,,,,,,
2020-10-30-23-09-00,2020,10,30,23,9,0.0,37.8900,26.9200,12,4.0,247,55,-166,Altunel & Pinar (2021),CMT,"Samos, 2020 sequence",S,,,,,,,,,,,,,,,,,,,,
2020-10-30-23-33-00,2020,10,30,23,33,0.0,37.8500,26.8600,4,4.0,242,61,-125,Altunel & Pinar (2021),CMT,"Samos, 2020 sequence",S,,,,,,,,,,,,,,,,,,,,
2020-10-31-00-20-25,2020,10,31,0,20,0.0,37.8100,26.9600,12,4.0,323,82,-29,Altunel & Pinar (2021),CMT,"Samos, 2020 sequence",P,13.3,,,,,,,,,,,,,,,,,,,
2020-10-31-01-40-21,2020,10,31,1,40,0.0,37.8600,26.4400,4,4.0,329,69,22,Altunel & Pinar (2021),CMT,"Samos, 2020 sequence",P,60.8,,,,,,,,,,,,,,,,,,,
2020-10-31-02-10-14,2020,10,31,2,10,0.0,37.8500,26.9000,5,4.2,270,43,-112,Altunel & Pinar (2021),CMT,"Samos, 2020 sequence",P,25.5,,,,,,,,,,,,,,,,,,,
2020-10-31-05-31-27,2020,10,31,5,31,0.0,37.8400,26.8100,6,5.0,285,48,-82,Altunel & Pinar (2021),CMT,"Samos, 2020 sequence",P,18.2,GCMT (PDEW),2020,10,31,5,31,30.2,37.86,26.83,5.1,4.9,77,44,-124,-30.2,2.8,0.9,0.1,17.4
2020-10-31-08-46-59,2020,10,31,8,46,59.7,37.8807,26.4671,8,4.1,244,63,163,Karakostas et al. (2021b),ISOLA,"Samos, 2020 sequence",P,91.5,,,,,,,,,,,,,,,,,,,
2020-10-31-14-42-32,2020,10,31,14,42,0.0,37.8800,26.4700,3,4.3,96,86,-110,Altunel & Pinar (2021),CMT,"Samos, 2020 sequence",P,38.2,,,,,,,,,,,,,,,,,,,
2020-10-31-16-06-00,2020,10,31,16,6,0.0,37.8900,26.6700,2,4.0,271,87,40,Altunel & Pinar (2021),CMT,"Samos, 2020 sequence",S,,,,,,,,,,,,,,,,,,,,
2020-11-01-02-21-00,2020,11,1,2,21,0.0,37.8400,26.4200,8,4.0,295,32,-88,Altunel & Pinar (2021),CMT,"Samos, 2020 sequence",S,,,,,,,,,,,,,,,,,,,,
2020-11-01-04-53-16,2020,11,1,4,53,16.1,37.8881,26.4740,7,4.0,258,66,177,Karakostas et al. (2021b),ISOLA,"Samos, 2020 sequence",S,,,,,,,,,,,,,,,,,,,,
2020-11-01-07-05-08,2020,11,1,7,5,0.0,37.8300,26.9900,12,4.4,239,84,-178,Altunel & Pinar (2021),CMT,"Samos, 2020 sequence",P,75.6,,,,,,,,,,,,,,,,,,,
2020-11-01-07-33-06,2020,11,1,7,33,0.0,37.8100,26.8800,5,4.6,299,54,-71,Altunel & Pinar (2021),CMT,"Samos, 2020 sequence",P,21.2,GCMT (PDEW),2020,11,1,7,33,9.0,37.79,26.9,10,4.2,295,46,-52,-9.0,2.8,-5,0.4,23.2
2020-11-01-23-09-33,2020,11,1,23,9,33.0,38.8719,21.5721,10,4.2,299,87,-77,NOA,moment tensor inversion,from seismic portal,P,17.4,,,,,,,,,,,,,,,,,,,
2020-11-02-11-58-02,2020,11,2,11,58,0.0,37.8800,26.9100,2,4.0,244,29,-174,Altunel & Pinar (2021),CMT,"Samos, 2020 sequence",P,56.0,,,,,,,,,,,,,,,,,,,
2020-11-02-19-16-29,2020,11,2,19,16,0.0,37.8800,26.5100,3,4.2,252,72,155,Altunel & Pinar (2021),CMT,"Samos, 2020 sequence",P,48.4,,,,,,,,,,,,,,,,,,,
2020-11-03-20-35-36,2020,11,3,20,35,36.5,37.8602,26.4594,13,4.0,260,33,-109,NKUA,,-,S,,,,,,,,,,,,,,,,,,,,
2020-11-03-23-17-03,2020,11,3,23,17,0.0,37.7000,26.9900,6,4.1,20,38,146,Altunel & Pinar (2021),CMT,"Samos, 2020 sequence",P,74.6,,,,,,,,,,,,,,,,,,,
2020-11-05-22-16-27,2020,11,5,22,16,27.3,39.9394,23.9479,12,4.3,268,66,-131,NOA,moment tensor inversion,from seismic portal,P,35.2,,,,,,,,,,,,,,,,,,,
2020-11-09-20-30-39,2020,11,9,20,30,0.0,37.8900,27.0000,6,4.2,296,38,-79,Altunel & Pinar (2021),CMT,"Samos, 2020 sequence",P,21.4,,,,,,,,,,,,,,,,,,,
2020-11-09-20-31-00,2020,11,9,20,31,0.2,37.8826,26.9905,10,4.1,293,36,-75,Karakostas et al. (2021b),ISOLA,"Samos, 2020 sequence",S,,,,,,,,,,,,,,,,,,,,
2020-11-11-03-54-16,2020,11,11,3,54,14.9,41.6700,20.8000,10,5.0,220,43,-110,GCMT (PDEW),moment tensor inversion,"extracted from ndk file, mag is probably MS",P,20.0,GCMT (PDEW),2020,11,11,3,54,14.9,41.67,20.8,10,5,220,43,-110,0.0,0.0,0,0.0,0.0
2020-11-11-06-49-37,2020,11,11,6,49,0.0,37.8800,27.0000,10,4.5,245,44,-127,Altunel & Pinar (2021),CMT,"Samos, 2020 sequence",P,27.4,,,,,,,,,,,,,,,,,,,
2020-11-11-14-25-14,2020,11,11,14,25,14.1,41.6700,20.6600,10,4.9,239,31,-65,GCMT (PDEW),moment tensor inversion,"extracted from ndk file, mag is probably MS",P,17.3,GCMT (PDEW),2020,11,11,14,25,14.1,41.67,20.66,10,4.9,239,31,-65,0.0,0.0,0,0.0,0.0
2020-11-17-01-49-30,2020,11,17,1,49,30.0,38.4000,21.8500,10,4.1,262,40,-115,MED_RCMT (INGV),moment tensor inversion,from RCMT,S,,,,,,,,,,,,,,,,,,,,
2020-11-18-23-10-58,2020,11,18,23,10,59.0,37.2000,21.6000,18,4.3,15,12,-180,NOA,,-,P,55.8,,,,,,,,,,,,,,,,,,,
2020-12-02-10-54-56,2020,12,2,10,54,56.9,38.3226,23.4389,2,4.6,276,56,-98,NOA,moment tensor inversion,from seismic portal,P,23.2,GCMT (PDEW),2020,12,2,10,54,57.9,38.35,23.46,10,4.5,280,43,-68,-1.0,3.6,-8,0.1,30.4
2020-12-04-09-34-15,2020,12,4,9,34,15.3,37.8205,26.7880,11,4.0,271,54,-86,Karakostas et al. (2021b),ISOLA,"Samos, 2020 sequence",S,,,,,,,,,,,,,,,,,,,,
2020-12-06-07-19-44,2020,12,6,7,19,44.0,41.5600,19.3900,10,4.5,360,38,120,MED_RCMT (INGV),moment tensor inversion,from RCMT,S,,,,,,,,,,,,,,,,,,,,
2020-12-14-10-49-26,2020,12,14,10,49,26.8,39.2693,21.5337,12,4.0,288,13,-109,NOA,moment tensor inversion,from seismic portal,P,19.6,,,,,,,,,,,,,,,,,,,
2020-12-17-13-36-46,2020,12,17,13,36,46.5,35.6149,26.3443,18,4.5,151,46,-159,NOA,moment tensor inversion,from seismic portal,P,17.2,GCMT (PDEW),2020,12,17,13,36,45.4,35.66,26.26,10,4.8,164,45,-116,1.1,9.1,8,-0.3,35.1
2020-12-23-00-22-30,2020,12,23,0,22,30.0,38.3400,21.7600,12,4.1,245,44,-91,MED_RCMT (INGV),moment tensor inversion,from RCMT,S,,,,,,,,,,,,,,,,,,,,
2020-12-23-14-58-21,2020,12,23,14,58,0.0,38.4020,21.9900,6,4.6,253,44,-124,Kaviris et al. (2021),ISOLA,"Western Gulf of Corinth, 2020-2021 seq.",P,27.6,GCMT (PDEW),2020,12,23,14,58,24.7,38.41,22.07,10,4.8,295,44,-59,-24.7,7.0,-4,-0.2,44.4
2020-12-27-07-13-57,2020,12,27,7,13,57.0,36.4700,28.7300,6,4.0,160,80,7,OCA,moment tensor inversion,from seismic portal,S,,,,,,,,,,,,,,,,,,,,
2020-12-28-11-11-36,2020,12,28,11,11,0.0,38.3845,21.9925,10,4.0,235,74,-173,Serpetsidaki et al. (2023),ISOLA,"Western Gulf of Corinth, 2020-2021 seq.",P,22.0,,,,,,,,,,,,,,,,,,,
2020-12-29-08-06-10,2020,12,29,8,6,10.0,34.7000,24.1000,46,4.7,187,3,-30,NOA,,-,P,11.3,,,,,,,,,,,,,,,,,,,
2020-12-30-00-39-10,2020,12,30,0,39,0.0,38.3854,22.0087,11,4.2,52,79,-168,Serpetsidaki et al. (2023),ISOLA,"Western Gulf of Corinth, 2020-2021 seq.",P,64.1,,,,,,,,,,,,,,,,,,,
2020-12-30-13-40-12,2020,12,30,13,40,12.0,37.7900,26.4300,13,4.2,162,87,-28,KOERI,moment tensor inversion,from seismic portal,P,21.1,,,,,,,,,,,,,,,,,,,
2021-01-07-00-58-15,2021,1,7,0,58,15.3,40.1682,25.0662,18,4.0,63,76,-164,UOA,moment tensor inversion,from seismic portal,S,,,,,,,,,,,,,,,,,,,,
2021-01-08-01-33-35,2021,1,8,1,33,35.0,37.8800,29.2400,7,4.1,270,45,-129,OCA,moment tensor inversion,from seismic portal,S,,,,,,,,,,,,,,,,,,,,
2021-01-12-22-09-51,2021,1,12,22,9,0.0,38.3790,22.0380,6,5.0,287,59,-73,Kaviris et al. (2021),ISOLA,"Western Gulf of Corinth, 2020-2021 seq.",P,20.2,GCMT (PDEW),2021,1,12,22,9,57.3,38.41,22.07,10,5.2,70,47,-126,-57.3,4.4,-4.5,-0.2,13.8
2021-01-12-22-10-01,2021,1,12,22,10,1.0,38.3700,22.0200,13,5.0,91,40,-86,GFZ,moment tensor inversion,from seismic portal,S,,GCMT (PDEW),2021,1,12,22,9,57.3,38.41,22.07,10,5.2,70,47,-126,3.7,6.2,3,-0.2,29.3
2021-01-12-22-29-31,2021,1,12,22,29,0.0,38.3750,22.0440,10,4.5,306,80,-23,Kaviris et al. (2021),ISOLA,"Western Gulf of Corinth, 2020-2021 seq.",P,32.1,GCMT (PDEW),2021,1,12,22,29,39.0,38.42,22.06,10,4.6,83,43,-102,-39.0,5.2,-0.5,-0.1,58.3
2021-01-12-22-32-28,2021,1,12,22,32,0.0,38.3771,22.0264,6,4.2,294,69,-63,Serpetsidaki et al. (2023),ISOLA,"Western Gulf of Corinth, 2020-2021 seq.",P,33.7,,,,,,,,,,,,,,,,,,,
2021-01-12-22-56-39,2021,1,12,22,56,0.0,38.3790,22.0450,9,4.6,310,80,-23,Kaviris et al. (2021),ISOLA,"Western Gulf of Corinth, 2020-2021 seq.",P,49.6,GCMT (PDEW),2021,1,12,22,56,48.0,38.37,22.12,10,4.7,68,45,-124,-48.0,6.6,-1.5,-0.1,43.0
2021-01-13-09-06-00,2021,1,13,9,6,0.0,38.3712,22.0384,6,4.0,294,55,-60,Serpetsidaki et al. (2023),ISOLA,"Western Gulf of Corinth, 2020-2021 seq.",S,,,,,,,,,,,,,,,,,,,,
2021-01-13-09-40-16,2021,1,13,9,40,0.0,38.3804,22.0300,9,4.3,312,89,-39,Serpetsidaki et al. (2023),ISOLA,"Western Gulf of Corinth, 2020-2021 seq.",P,37.8,,,,,,,,,,,,,,,,,,,
2021-01-18-04-23-14,2021,1,18,4,23,14.0,35.6000,26.3000,16,4.0,133,56,-154,NOA,,-,P,0.0,,,,,,,,,,,,,,,,,,,
2021-01-19-00-41-08,2021,1,19,0,41,8.0,37.0700,29.0800,6,4.1,155,15,-33,OCA,moment tensor inversion,from seismic portal,S,,,,,,,,,,,,,,,,,,,,
2021-01-20-02-39-08,2021,1,20,2,39,8.2,40.9580,20.3860,17,4.0,90,47,89,ISC (TIR),moment tensor inversion,extracted from reviewed ISC FMCSV,S,,,,,,,,,,,,,,,,,,,,
2021-01-20-23-37-56,2021,1,20,23,37,56.0,37.9000,26.7000,6,4.5,260,46,-114,NOA,,-,P,25.7,GCMT (PDEW),2021,1,20,23,37,56.0,37.87,26.76,2.8,4.8,291,45,-64,0.0,6.2,3.2,-0.3,35.5
2021-01-22-06-57-27,2021,1,22,6,57,27.0,35.6800,26.4100,39,4.3,203,29,-112,KOERI,moment tensor inversion,from seismic portal,P,40.4,,,,,,,,,,,,,,,,,,,
2021-02-01-05-03-24,2021,2,1,5,3,24.7,38.9445,26.1084,12,4.0,117,46,-69,UOA,moment tensor inversion,from seismic portal,S,,,,,,,,,,,,,,,,,,,,
2021-02-01-05-46-52,2021,2,1,5,46,52.0,38.9000,26.1000,12,4.8,234,82,-173,NOA,,-,P,40.5,GCMT (PDEW),2021,2,1,5,46,53.0,38.97,26.06,10,4.8,240,45,-150,-1.0,8.5,2,0.0,42.3
2021-02-01-05-47-53,2021,2,1,5,47,54.0,39.0000,26.1000,14,4.6,237,54,-161,NOA,,-,P,19.9,,,,,,,,,,,,,,,,,,,
2021-02-01-06-00-05,2021,2,1,6,0,5.0,38.9500,26.0600,10,4.5,336,82,-7,KOERI,moment tensor inversion,from seismic portal,P,67.1,GCMT (PDEW),2021,2,1,6,0,5.1,38.91,26.03,10,4.8,293,44,-62,-0.1,5.1,0,-0.3,62.0
2021-02-01-08-35-18,2021,2,1,8,35,17.0,38.9600,26.0700,10,5.0,144,57,-2,KOERI,moment tensor inversion,from seismic portal,P,52.8,GCMT (PDEW),2021,2,1,8,35,18.2,39.02,26.08,10,5.2,250,42,-110,-1.2,6.7,0,-0.2,56.3
2021-02-01-13-10-16,2021,2,1,13,10,17.0,38.9500,26.0600,10,4.7,348,85,-8,KOERI,moment tensor inversion,from seismic portal,P,73.5,GCMT (PDEW),2021,2,1,13,10,15.9,38.97,26.04,9.4,4.9,298,40,-58,1.1,2.8,0.6,-0.2,65.4
2021-02-01-20-46-16,2021,2,1,20,46,16.0,38.9900,26.0600,13,4.7,91,41,-89,KOERI,moment tensor inversion,from seismic portal,P,24.6,GCMT (PDEW),2021,2,1,20,46,15.9,38.98,26.08,10,4.8,268,35,-114,0.1,2.1,3,-0.1,26.0
2021-02-03-19-54-59,2021,2,3,19,54,59.0,39.4000,20.1000,20,4.2,193,60,165,NOA,,-,P,16.7,,,,,,,,,,,,,,,,,,,
2021-02-06-18-22-48,2021,2,6,18,22,48.0,38.9400,26.0700,6,4.0,270,45,-87,OCA,moment tensor inversion,from seismic portal,S,,,,,,,,,,,,,,,,,,,,
2021-02-09-07-30-35,2021,2,9,7,30,35.3,37.7922,26.4264,15,4.2,143,69,-30,UOA,moment tensor inversion,from seismic portal,S,,,,,,,,,,,,,,,,,,,,
2021-02-17-02-33-26,2021,2,17,2,33,0.0,38.3542,21.9454,4,4.2,255,39,-105,Serpetsidaki et al. (2023),ISOLA,"Western Gulf of Corinth, 2020-2021 seq.",P,18.5,,,,,,,,,,,,,,,,,,,
2021-02-17-03-36-06,2021,2,17,3,36,0.0,38.3620,21.9400,4,5.3,266,33,-104,Kaviris et al. (2021),ISOLA,"Western Gulf of Corinth, 2020-2021 seq.",P,26.6,GCMT,2021,2,17,3,36,8.1,38.29,21.94,12,5.5,295,48,-62,-8.1,8.0,-8.5,-0.2,30.7
2021-02-17-04-38-25,2021,2,17,4,38,0.0,38.3675,21.9455,4,4.3,271,29,-104,Serpetsidaki et al. (2023),ISOLA,"Western Gulf of Corinth, 2020-2021 seq.",P,49.5,,,,,,,,,,,,,,,,,,,
2021-02-28-12-26-03,2021,2,28,12,26,3.0,37.8200,20.7400,10,4.4,353,15,113,MED_RCMT (INGV),moment tensor inversion,from RCMT,S,,,,,,,,,,,,,,,,,,,,
2021-03-03-10-16-09,2021,3,3,10,16,8.0,39.8000,22.2000,4,6.3,305,33,-108,NOA,,-,P,26.0,GCMT,2021,3,3,10,16,16.3,39.65,22.14,12,6.3,119,45,-109,-8.3,17.4,-8,0.0,28.5
2021-03-03-10-20-46,2021,3,3,10,20,46.8,39.7099,22.1626,8,4.7,308,48,-114,Kassaras et al. (2022),first motion polarities,"Tyrnavos, March 2021 seq.",P,16.7,,,,,,,,,,,,,,,,,,,
2021-03-03-10-23-08,2021,3,3,10,23,8.8,39.6986,22.1753,9,4.1,266,40,-144,Kassaras et al. (2022),first motion polarities,"Tyrnavos, March 2021 seq.",P,7.6,,,,,,,,,,,,,,,,,,,
2021-03-03-10-26-18,2021,3,3,10,26,19.1,39.6482,22.2126,7,4.1,3,47,-38,Kassaras et al. (2022),first motion polarities,"Tyrnavos, March 2021 seq.",P,5.7,,,,,,,,,,,,,,,,,,,
2021-03-03-10-34-08,2021,3,3,10,34,8.0,39.7000,22.3000,10,4.9,104,46,-112,NOA,,-,P,35.4,,,,,,,,,,,,,,,,,,,
2021-03-03-11-12-23,2021,3,3,11,12,23.8,39.7199,22.1591,9,4.3,77,48,-140,Kassaras et al. (2022),first motion polarities,"Tyrnavos, March 2021 seq.",P,13.4,,,,,,,,,,,,,,,,,,,
2021-03-03-11-19-02,2021,3,3,11,19,2.1,39.7390,22.2300,11,4.0,295,31,-137,Papadimitriou E. et al. (2023),,"Tyrnavos, March 2021 seq.",P,8.4,,,,,,,,,,,,,,,,,,,
2021-03-03-11-35-57,2021,3,3,11,35,57.0,39.7000,22.2000,8,4.9,303,42,-94,NOA,,-,P,27.2,GCMT (PDEW),2021,3,3,11,35,57.3,39.66,22.24,10,4.9,113,42,-95,-0.3,5.6,-2,0.0,12.9
2021-03-03-11-45-45,2021,3,3,11,45,45.7,39.6909,22.2025,8,5.2,310,47,-74,Karakostas et al. (2021a),moment tensor inversion,"Tyrnavos, March 2021 seq.",P,12.6,GCMT (PDEW),2021,3,3,11,45,46.4,39.73,22.22,10,5.3,105,42,-116,-0.7,4.6,-1.71,-0.1,8.7
2021-03-03-11-49-03,2021,3,3,11,49,3.0,39.7000,22.3000,6,4.5,317,37,-83,NOA,,-,P,10.4,,,,,,,,,,,,,,,,,,,
2021-03-03-18-24-08,2021,3,3,18,24,8.7,39.7225,22.0813,10,5.1,319,38,-62,Karakostas et al. (2021a),moment tensor inversion,"Tyrnavos, March 2021 seq.",P,19.9,GCMT (PDEW),2021,3,3,18,24,8.8,39.75,22.1,12.8,5.1,320,44,-58,-0.1,3.4,-2.8,0.0,6.9
2021-03-03-18-49-48,2021,3,3,18,49,48.0,39.7300,22.0900,10,4.3,166,52,164,MED_RCMT (INGV),moment tensor inversion,from RCMT,P,95.1,,,,,,,,,,,,,,,,,,,
2021-03-03-21-00-54,2021,3,3,21,0,55.0,39.7500,22.1200,9,4.1,315,20,-106,OCA,moment tensor inversion,from seismic portal,P,30.0,,,,,,,,,,,,,,,,,,,
2021-03-04-02-43-38,2021,3,4,2,43,38.4,39.7111,22.2235,10,4.2,331,54,-57,Karakostas et al. (2021a),moment tensor inversion,"Tyrnavos, March 2021 seq.",P,32.8,,,,,,,,,,,,,,,,,,,
2021-03-04-09-36-15,2021,3,4,9,36,15.7,39.7803,22.1135,8,4.5,132,53,-81,Karakostas et al. (2021a),moment tensor inversion,"Tyrnavos, March 2021 seq.",P,28.0,,,,,,,,,,,,,,,,,,,
2021-03-04-18-38-19,2021,3,4,18,38,19.0,39.7820,22.1160,5,6.0,287,30,-94,Papadimitriou E. et al. (2023),,"Tyrnavos, March 2021 seq.",P,23.7,,,,,,,,,,,,,,,,,,,
2021-03-04-18-45-26,2021,3,4,18,45,27.1,39.8219,22.0171,9,4.1,243,57,-141,Kassaras et al. (2022),first motion polarities,"Tyrnavos, March 2021 seq.",P,10.6,,,,,,,,,,,,,,,,,,,
2021-03-04-19-23-51,2021,3,4,19,23,51.2,39.8224,21.9313,8,5.1,287,30,-91,Karakostas et al. (2021a),moment tensor inversion,"Tyrnavos, March 2021 seq.",P,20.0,,,,,,,,,,,,,,,,,,,
2021-03-04-19-31-32,2021,3,4,19,31,32.4,39.8003,22.0421,10,4.2,248,54,-137,Kassaras et al. (2022),first motion polarities,"Tyrnavos, March 2021 seq.",P,10.5,,,,,,,,,,,,,,,,,,,
2021-03-04-20-03-08,2021,3,4,20,3,8.8,39.7384,22.1071,8,4.2,71,60,-151,Kassaras et al. (2022),first motion polarities,"Tyrnavos, March 2021 seq.",P,12.9,,,,,,,,,,,,,,,,,,,
2021-03-05-09-59-59,2021,3,5,9,59,59.5,39.8190,22.0233,11,4.2,249,43,-101,Kassaras et al. (2022),first motion polarities,"Tyrnavos, March 2021 seq.",P,9.7,,,,,,,,,,,,,,,,,,,
2021-03-05-10-01-14,2021,3,5,10,1,14.9,39.7709,22.0858,9,4.2,96,45,-104,Kassaras et al. (2022),first motion polarities,"Tyrnavos, March 2021 seq.",P,13.3,,,,,,,,,,,,,,,,,,,
2021-03-06-16-36-17,2021,3,6,16,36,18.1,39.6709,22.2383,7,4.1,280,36,-173,Papadimitriou E. et al. (2023),,"Tyrnavos, March 2021 seq.",P,47.8,,,,,,,,,,,,,,,,,,,
2021-03-06-19-47-40,2021,3,6,19,47,40.2,39.8294,22.0658,2,4.2,302,39,-105,Karakostas et al. (2021a),moment tensor inversion,"Tyrnavos, March 2021 seq.",P,46.9,,,,,,,,,,,,,,,,,,,
2021-03-08-01-56-05,2021,3,8,1,56,0.0,38.3830,22.0354,6,4.1,285,60,-164,Serpetsidaki et al. (2023),ISOLA,"Western Gulf of Corinth, 2020-2021 seq.",P,100.6,,,,,,,,,,,,,,,,,,,
2021-03-08-18-00-45,2021,3,8,18,0,45.1,39.5990,22.2724,2,4.0,309,38,-112,Karakostas et al. (2021a),moment tensor inversion,"Tyrnavos, March 2021 seq.",S,,,,,,,,,,,,,,,,,,,,
2021-03-08-18-34-20,2021,3,8,18,34,20.0,39.7040,22.0950,10,4.0,325,64,-4,Papadimitriou E. et al. (2023),,"Tyrnavos, March 2021 seq.",P,7.5,,,,,,,,,,,,,,,,,,,
2021-03-09-04-30-31,2021,3,9,4,30,31.0,34.1800,25.9300,10,4.4,307,60,164,MED_RCMT (INGV),moment tensor inversion,from RCMT,S,,,,,,,,,,,,,,,,,,,,
2021-03-11-08-52-31,2021,3,11,8,52,32.0,38.7200,20.6500,6,4.1,15,65,174,OCA,moment tensor inversion,from seismic portal,P,28.3,,,,,,,,,,,,,,,,,,,
2021-03-11-14-19-40,2021,3,11,14,19,40.4,39.7788,22.0791,5,4.3,267,49,-105,Karakostas et al. (2021a),moment tensor inversion,"Tyrnavos, March 2021 seq.",P,28.0,,,,,,,,,,,,,,,,,,,
2021-03-12-12-57-51,2021,3,12,12,57,50.0,39.8130,21.9870,3,5.5,286,45,-94,Papadimitriou E. et al. (2023),,"Tyrnavos, March 2021 seq.",P,23.3,GCMT,2021,3,12,12,57,53.0,39.77,21.96,12,5.6,97,42,-109,-3.0,5.3,-9,-0.1,16.2
2021-03-12-14-11-35,2021,3,12,14,11,36.0,39.8198,22.0421,3,4.0,311,40,-100,Karakostas et al. (2021a),moment tensor inversion,"Tyrnavos, March 2021 seq.",S,,,,,,,,,,,,,,,,,,,,
2021-03-12-15-00-20,2021,3,12,15,0,20.1,39.8186,22.0196,6,4.1,286,47,-80,Karakostas et al. (2021a),moment tensor inversion,"Tyrnavos, March 2021 seq.",S,,,,,,,,,,,,,,,,,,,,
2021-03-12-21-17-10,2021,3,12,21,17,11.5,41.6700,20.7400,10,4.4,220,51,-79,GFZ,moment tensor inversion,from seismic portal,P,36.7,,,,,,,,,,,,,,,,,,,
2021-03-12-21-28-44,2021,3,12,21,28,44.0,41.6100,20.8000,10,4.5,208,43,-94,GFZ,moment tensor inversion,from seismic portal,S,,,,,,,,,,,,,,,,,,,,
2021-03-13-15-09-12,2021,3,13,15,9,12.8,39.8038,22.0045,4,4.3,278,43,-85,Karakostas et al. (2021a),moment tensor inversion,"Tyrnavos, March 2021 seq.",S,,,,,,,,,,,,,,,,,,,,
2021-03-15-01-55-48,2021,3,15,1,55,48.0,37.1600,28.7800,7,4.1,230,35,-151,OCA,moment tensor inversion,from seismic portal,P,15.2,,,,,,,,,,,,,,,,,,,
2021-03-15-15-43-37,2021,3,15,15,43,36.4,39.7500,22.1209,6,4.5,349,37,-44,Karakostas et al. (2021a),moment tensor inversion,"Tyrnavos, March 2021 seq.",P,33.0,,,,,,,,,,,,,,,,,,,
2021-03-17-03-51-32,2021,3,17,3,51,32.5,39.6287,22.2657,5,4.0,274,60,-110,Karakostas et al. (2021a),moment tensor inversion,"Tyrnavos, March 2021 seq.",S,,,,,,,,,,,,,,,,,,,,
2021-03-19-15-50-17,2021,3,19,15,50,17.2,39.8141,22.0314,6,4.0,297,61,-101,Karakostas et al. (2021a),moment tensor inversion,"Tyrnavos, March 2021 seq.",S,,,,,,,,,,,,,,,,,,,,
2021-03-20-22-50-38,2021,3,20,22,50,38.0,35.2100,27.5300,10,4.6,177,8,129,MED_RCMT (INGV),moment tensor inversion,from RCMT,S,,,,,,,,,,,,,,,,,,,,
2021-03-21-17-15-53,2021,3,21,17,15,54.0,39.7722,22.1036,9,4.1,321,37,-52,Karakostas et al. (2021a),moment tensor inversion,"Tyrnavos, March 2021 seq.",P,19.5,,,,,,,,,,,,,,,,,,,
2021-03-23-00-08-02,2021,3,23,0,8,2.0,40.1300,21.0300,10,4.3,283,16,-50,MED_RCMT (INGV),moment tensor inversion,from RCMT,S,,,,,,,,,,,,,,,,,,,,
2021-04-03-06-10-14,2021,4,3,6,10,14.0,35.1600,22.7300,40,4.6,140,41,122,MED_RCMT (INGV),moment tensor inversion,from RCMT,S,,,,,,,,,,,,,,,,,,,,
2021-04-07-07-08-17,2021,4,7,7,8,17.0,36.5000,27.2000,6,4.0,244,69,-16,NOA,,-,P,0.0,,,,,,,,,,,,,,,,,,,
2021-04-08-00-33-47,2021,4,8,0,33,48.0,36.5000,27.2000,8,4.4,239,76,-10,NOA,,-,P,17.4,,,,,,,,,,,,,,,,,,,
2021-04-08-15-23-05,2021,4,8,15,23,5.0,36.4000,27.1000,8,4.4,228,42,-31,NOA,,-,P,0.1,,,,,,,,,,,,,,,,,,,
2021-04-10-22-53-59,2021,4,10,22,54,0.0,38.3000,20.7000,6,4.3,358,17,120,NOA,,-,P,16.3,,,,,,,,,,,,,,,,,,,
2021-04-13-20-28-04,2021,4,13,20,28,4.0,36.5000,27.2000,8,5.1,339,81,-174,NOA,,-,P,17.7,GCMT (PDEW),2021,4,13,20,28,2.2,36.53,27.06,5.5,5.3,341,82,-176,1.8,13.0,2.5,-0.2,3.2
2021-04-15-04-10-20,2021,4,15,4,10,20.0,39.2600,26.0800,6,4.0,315,70,-46,OCA,moment tensor inversion,from seismic portal,S,,,,,,,,,,,,,,,,,,,,
2021-04-17-17-08-01,2021,4,17,17,8,1.0,36.4000,27.2000,7,4.9,247,42,-45,NOA,,-,P,22.7,GCMT (PDEW),2021,4,17,17,8,0.8,36.41,27.1,10,5,19,44,-121,0.2,9.0,-3,-0.1,18.5
2021-04-17-20-57-12,2021,4,17,20,57,12.0,36.5000,27.1000,7,4.2,333,61,-159,NOA,,-,P,0.0,,,,,,,,,,,,,,,,,,,
2021-04-18-16-26-25,2021,4,18,16,26,25.0,36.5000,27.2000,6,4.4,17,45,-125,NOA,,-,P,15.2,,,,,,,,,,,,,,,,,,,
2021-04-20-05-09-53,2021,4,20,5,9,52.0,36.4000,27.2000,6,4.6,212,47,-67,NOA,,-,P,18.4,GCMT (PDEW),2021,4,20,5,9,53.1,36.4,27.14,10,4.6,34,43,-67,-1.1,5.4,-4,0.0,32.7
2021-04-22-00-06-14,2021,4,22,0,6,14.0,36.4500,27.1900,11,4.0,345,75,-164,OCA,moment tensor inversion,from seismic portal,S,,,,,,,,,,,,,,,,,,,,
2021-04-22-19-49-58,2021,4,22,19,49,59.0,36.4000,27.1000,8,4.2,5,44,-102,NOA,,-,P,4.4,,,,,,,,,,,,,,,,,,,
2021-04-26-19-58-35,2021,4,26,19,58,35.0,36.5000,27.2000,8,4.0,234,83,1,NOA,,-,P,0.0,,,,,,,,,,,,,,,,,,,
2021-05-04-15-02-02,2021,5,4,15,2,2.0,34.0200,25.5800,10,4.5,245,68,-4,MED_RCMT (INGV),moment tensor inversion,from RCMT,S,,,,,,,,,,,,,,,,,,,,
2021-05-05-23-40-34,2021,5,5,23,40,34.8,36.3100,27.7100,91,4.1,116,77,39,GFZ,moment tensor inversion,from seismic portal,P,16.3,,,,,,,,,,,,,,,,,,,
2021-05-07-03-08-07,2021,5,7,3,8,7.0,37.6000,19.7100,15,4.0,321,48,24,MED_RCMT (INGV),moment tensor inversion,from RCMT,S,,,,,,,,,,,,,,,,,,,,
2021-05-08-11-41-44,2021,5,8,11,41,44.0,36.4900,27.1600,17,4.4,12,38,-120,MED_RCMT (INGV),moment tensor inversion,from RCMT,S,,,,,,,,,,,,,,,,,,,,
2021-05-11-21-31-02,2021,5,11,21,31,1.0,40.5000,21.0000,5,4.7,53,35,-81,NOA,,-,P,21.6,GCMT (PDEW),2021,5,11,21,31,1.9,40.53,20.99,10,4.8,220,41,-104,-0.9,3.4,-5,-0.1,16.4
2021-05-19-11-14-59,2021,5,19,11,14,59.0,38.1000,27.0000,18,4.2,235,76,-173,NOA,,-,P,5.6,,,,,,,,,,,,,,,,,,,
2021-06-01-15-56-14,2021,6,1,15,56,14.0,39.8000,22.1000,9,4.5,299,39,-74,NOA,,-,P,19.1,GCMT (PDEW),2021,6,1,15,56,14.9,39.81,22.13,5.2,4.7,299,36,-75,-0.9,2.8,3.8,-0.2,3.2
2021-06-03-15-06-13,2021,6,3,15,6,13.0,38.1000,22.0000,45,4.5,175,15,-71,NOA,,-,P,26.4,,,,,,,,,,,,,,,,,,,
2021-06-04-01-05-26,2021,6,4,1,5,26.0,35.2000,25.3000,8,4.0,241,36,-56,NOA,,-,P,43.5,,,,,,,,,,,,,,,,,,,
2021-06-04-20-23-10,2021,6,4,20,23,9.0,36.4000,27.1000,9,4.1,220,41,-75,NOA,,-,P,5.6,,,,,,,,,,,,,,,,,,,
2021-06-07-16-00-19,2021,6,7,16,0,19.0,36.3600,27.2000,8,4.0,225,60,-40,OCA,moment tensor inversion,from seismic portal,P,25.1,,,,,,,,,,,,,,,,,,,
2021-06-18-16-51-27,2021,6,18,16,51,27.6,35.7700,28.1300,72,4.3,103,47,31,GFZ,moment tensor inversion,from seismic portal,P,17.7,,,,,,,,,,,,,,,,,,,
2021-06-21-22-14-15,2021,6,21,22,14,15.0,36.4000,27.1000,12,5.4,228,62,-31,NOA,,-,P,24.4,GCMT,2021,6,21,22,14,17.0,36.26,27.01,13,5.5,345,54,-134,-2.0,17.5,-1,-0.1,15.3
2021-06-25-11-02-31,2021,6,25,11,2,31.0,38.0000,20.9000,7,4.2,261,15,160,NOA,,-,P,21.4,,,,,,,,,,,,,,,,,,,
2021-07-05-20-40-29,2021,7,5,20,40,29.9,35.0200,25.2200,10,4.2,228,51,-71,GFZ,moment tensor inversion,from seismic portal,S,,,,,,,,,,,,,,,,,,,,
2021-07-08-01-16-56,2021,7,8,1,16,56.0,37.9000,21.0000,18,4.1,312,78,6,NOA,,-,P,7.4,,,,,,,,,,,,,,,,,,,
2021-07-10-14-43-21,2021,7,10,14,43,21.0,38.9000,26.0200,10,4.5,291,41,-66,MED_RCMT (INGV),moment tensor inversion,from RCMT,S,,,,,,,,,,,,,,,,,,,,
2021-07-11-00-00-17,2021,7,11,0,0,17.0,38.3000,23.3000,10,4.2,332,42,-36,NOA,,-,P,17.2,,,,,,,,,,,,,,,,,,,
2021-07-18-04-56-54,2021,7,18,4,56,54.0,35.0800,25.2000,10,4.2,278,80,-10,MED_RCMT (INGV),moment tensor inversion,from RCMT,S,,,,,,,,,,,,,,,,,,,,
2021-07-20-05-05-26,2021,7,20,5,5,27.0,38.3000,23.3000,9,4.2,318,33,-55,NOA,,-,P,11.8,,,,,,,,,,,,,,,,,,,
2021-07-20-17-44-16,2021,7,20,17,44,16.3,35.0200,25.2300,12,4.0,173,81,-168,GFZ,moment tensor inversion,from seismic portal,S,,,,,,,,,,,,,,,,,,,,
2021-07-21-23-03-46,2021,7,21,23,3,46.0,38.9500,26.0600,6,4.0,150,85,-4,OCA,moment tensor inversion,from seismic portal,S,,,,,,,,,,,,,,,,,,,,
2021-07-22-00-48-01,2021,7,22,0,48,1.0,38.9400,26.0500,10,4.6,45,59,-169,MED_RCMT (INGV),moment tensor inversion,from RCMT,S,,,,,,,,,,,,,,,,,,,,
2021-07-22-01-20-21,2021,7,22,1,20,21.0,38.9000,26.1000,5,4.3,230,72,168,NOA,,-,P,0.0,,,,,,,,,,,,,,,,,,,
2021-07-22-14-16-27,2021,7,22,14,16,27.0,36.4000,27.1000,10,4.4,221,47,-69,NOA,,-,P,11.9,GCMT (PDEW),2021,7,22,14,16,29.5,36.35,27.06,41.6,4.8,203,43,-77,-2.5,6.6,-31.6,-0.4,14.5
2021-07-22-16-49-36,2021,7,22,16,49,36.0,39.9000,20.7000,20,4.4,284,33,57,NOA,,-,P,7.6,,,,,,,,,,,,,,,,,,,
2021-07-24-02-07-37,2021,7,24,2,7,37.0,35.0000,25.2000,8,4.6,43,37,-82,NOA,,-,P,34.8,GCMT (PDEW),2021,7,24,2,7,38.2,35.19,25.23,10,4.9,42,36,-73,-1.2,21.3,-2,-0.3,9.9
2021-07-27-10-02-53,2021,7,27,10,2,53.0,38.9000,26.1000,4,4.4,243,57,-142,NOA,,-,P,0.0,,,,,,,,,,,,,,,,,,,
2021-07-31-19-57-54,2021,7,31,19,57,55.7,36.3600,27.0900,11,4.7,196,49,-92,GFZ,moment tensor inversion,from seismic portal,P,24.1,GCMT (PDEW),2021,7,31,19,57,55.1,36.41,27.06,11,4.7,0,40,-114,0.6,6.2,0,0.0,17.1
2021-08-01-04-31-27,2021,8,1,4,31,27.0,36.3000,27.1000,6,5.4,14,48,-121,NOA,,-,P,12.8,GCMT,2021,8,1,4,31,29.6,36.23,27,12,5.6,8,46,-121,-2.6,11.9,-6,-0.2,6.3
2021-08-01-05-12-38,2021,8,1,5,12,38.0,36.2200,27.1100,10,4.1,211,50,-62,GFZ,moment tensor inversion,from seismic portal,S,,,,,,,,,,,,,,,,,,,,
2021-08-01-08-37-32,2021,8,1,8,37,32.0,36.3300,27.0400,5,4.5,52,43,-53,MED_RCMT (INGV),moment tensor inversion,from RCMT,S,,,,,,,,,,,,,,,,,,,,
2021-08-01-09-14-27,2021,8,1,9,14,28.0,36.3700,27.0400,6,4.5,354,40,-110,GCMT (PDEW),moment tensor inversion,"extracted from ndk file, mag is probably MS",P,37.1,GCMT (PDEW),2021,8,1,9,14,28.0,36.37,27.04,6,4.5,354,40,-110,0.0,0.0,0,0.0,0.0
2021-08-03-12-38-19,2021,8,3,12,38,18.0,36.3000,27.1000,10,5.0,27,43,-74,NOA,,-,P,43.1,GCMT (PDEW),2021,8,3,12,38,17.8,36.39,27.04,10,5.2,1,43,-109,0.2,11.3,0,-0.2,23.7
2021-08-03-19-53-14,2021,8,3,19,53,13.6,36.3700,27.0000,8,4.6,4,36,-127,GCMT (PDEW),moment tensor inversion,"extracted from ndk file, mag is probably MS",P,44.2,GCMT (PDEW),2021,8,3,19,53,13.6,36.37,27,8.2,4.6,4,36,-127,0.0,0.0,0,0.0,0.0
2021-08-03-22-50-42,2021,8,3,22,50,42.0,36.3100,27.0600,10,4.6,354,48,-124,MED_RCMT (INGV),moment tensor inversion,from RCMT,S,,,,,,,,,,,,,,,,,,,,
2021-08-06-09-16-47,2021,8,6,9,16,47.0,36.3300,27.0600,17,4.7,357,61,-161,MED_RCMT (INGV),moment tensor inversion,from RCMT,S,,,,,,,,,,,,,,,,,,,,
2021-08-07-01-39-46,2021,8,7,1,39,44.0,36.3300,26.9700,10,5.0,203,52,-77,KOERI,moment tensor inversion,from seismic portal,P,11.5,GCMT (PDEW),2021,8,7,1,39,45.7,36.27,27.03,19.1,5,206,46,-65,-1.7,8.6,-9.1,0.0,11.9
2021-08-08-13-31-56,2021,8,8,13,31,56.0,39.7700,22.1600,5,4.0,107,39,-98,MED_RCMT (INGV),moment tensor inversion,from RCMT,S,,,,,,,,,,,,,,,,,,,,
2021-08-11-05-59-31,2021,8,11,5,59,31.0,38.7200,22.9600,7,4.1,97,33,-84,MED_RCMT (INGV),moment tensor inversion,from RCMT,S,,,,,,,,,,,,,,,,,,,,
2021-08-19-11-06-14,2021,8,19,11,6,14.0,36.4100,27.0400,9,4.5,337,50,-145,MED_RCMT (INGV),moment tensor inversion,from RCMT,S,,,,,,,,,,,,,,,,,,,,
2021-08-19-11-26-32,2021,8,19,11,26,31.0,36.4400,27.0800,10,4.7,332,83,-167,KOERI,moment tensor inversion,from seismic portal,P,35.3,GCMT (PDEW),2021,8,19,11,26,33.0,36.33,27.12,10,4.7,344,60,-160,-2.0,12.7,0,0.0,25.8
2021-08-21-13-21-21,2021,8,21,13,21,21.0,36.4400,27.0800,16,4.6,337,65,-154,MED_RCMT (INGV),moment tensor inversion,from RCMT,S,,,,,,,,,,,,,,,,,,,,
2021-08-21-18-42-32,2021,8,21,18,42,32.0,39.0000,22.0000,11,4.1,302,11,-99,NOA,,-,P,3.7,,,,,,,,,,,,,,,,,,,
2021-08-30-21-06-34,2021,8,30,21,6,34.0,37.9000,23.2000,11,4.0,67,53,-134,NOA,,-,P,32.5,,,,,,,,,,,,,,,,,,,
2021-09-02-05-48-37,2021,9,2,5,48,37.0,38.3000,23.4000,7,4.1,318,33,-61,NOA,,-,P,32.6,,,,,,,,,,,,,,,,,,,
2021-09-05-21-27-52,2021,9,5,21,27,52.0,35.9500,27.5600,10,4.3,177,50,-65,GFZ,moment tensor inversion,from seismic portal,S,,,,,,,,,,,,,,,,,,,,
2021-09-08-01-40-02,2021,9,8,1,40,3.0,36.5000,27.2000,8,4.3,352,48,-134,NOA,,-,P,12.7,,,,,,,,,,,,,,,,,,,
2021-09-11-13-31-01,2021,9,11,13,31,1.0,36.3500,27.0600,12,4.4,5,35,-85,MED_RCMT (INGV),moment tensor inversion,from RCMT,S,,,,,,,,,,,,,,,,,,,,
2021-09-14-10-40-43,2021,9,14,10,40,43.7,37.8942,20.3719,18,4.0,335,79,-97,NOA,moment tensor inversion,from seismic portal,S,,,,,,,,,,,,,,,,,,,,
2021-09-15-12-26-54,2021,9,15,12,26,54.0,42.3267,19.4165,24,4.1,168,75,126,NOA,moment tensor inversion,from seismic portal,S,,,,,,,,,,,,,,,,,,,,
2021-09-26-04-40-09,2021,9,26,4,40,9.6,36.4877,27.2074,4,4.3,5,23,-137,NOA,moment tensor inversion,from seismic portal,P,22.9,,,,,,,,,,,,,,,,,,,
2021-09-27-06-17-21,2021,9,27,6,17,20.9,35.1242,25.2621,6,5.9,26,31,-80,NOA,moment tensor inversion,from seismic portal,P,32.4,GCMT,2021,9,27,6,17,24.0,35.12,25.18,12,5.9,42,44,-84,-3.1,7.5,-6,0.0,23.3
2021-09-27-06-37-43,2021,9,27,6,37,43.0,35.0700,25.2800,10,4.7,266,26,-35,MED_RCMT (INGV),moment tensor inversion,from RCMT,S,,,,,,,,,,,,,,,,,,,,
2021-09-27-07-30-47,2021,9,27,7,30,47.1,35.1200,25.2300,10,4.3,216,42,-101,GFZ,moment tensor inversion,from seismic portal,P,40.3,,,,,,,,,,,,,,,,,,,
2021-09-27-08-21-58,2021,9,27,8,21,59.6,35.0200,25.3100,10,4.6,202,50,-95,GFZ,moment tensor inversion,from seismic portal,P,25.9,,,,,,,,,,,,,,,,,,,
2021-09-27-11-02-26,2021,9,27,11,2,27.0,35.1700,25.1800,10,4.4,295,5,17,OCA,moment tensor inversion,from seismic portal,P,56.8,,,,,,,,,,,,,,,,,,,
2021-09-27-20-10-01,2021,9,27,20,10,4.0,35.1200,24.9900,6,4.0,90,85,36,OCA,moment tensor inversion,from seismic portal,P,51.3,,,,,,,,,,,,,,,,,,,
2021-09-27-21-37-10,2021,9,27,21,37,10.0,35.0700,25.2700,3,4.3,45,45,-103,OCA,moment tensor inversion,from seismic portal,P,40.9,,,,,,,,,,,,,,,,,,,
2021-09-28-04-48-09,2021,9,28,4,48,8.8,35.1457,25.2232,5,5.1,5,64,-112,NOA,moment tensor inversion,from seismic portal,P,25.1,GCMT (PDEW),2021,9,28,4,48,8.6,35.08,25.2,10,5.3,11,53,-133,0.2,7.6,-5,-0.2,27.0
2021-09-28-15-13-15,2021,9,28,15,13,16.0,35.1000,25.2800,10,4.6,198,42,-85,GFZ,moment tensor inversion,from seismic portal,P,24.1,GCMT (PDEW),2021,9,28,15,13,16.9,35.21,25.28,10,4.7,41,36,-72,-0.9,12.2,0,-0.1,23.1
2021-09-29-11-54-48,2021,9,29,11,54,49.0,34.9700,25.0700,8,4.2,20,50,-95,OCA,moment tensor inversion,from seismic portal,P,55.6,,,,,,,,,,,,,,,,,,,
2021-09-29-22-22-17,2021,9,29,22,22,18.1,36.4809,27.2261,7,4.3,34,35,-93,NOA,moment tensor inversion,from seismic portal,P,15.2,,,,,,,,,,,,,,,,,,,
2021-09-29-23-27-39,2021,9,29,23,27,39.0,36.5126,27.1660,6,4.0,26,35,-107,NOA,moment tensor inversion,from seismic portal,P,40.0,,,,,,,,,,,,,,,,,,,
2021-10-04-14-03-23,2021,10,4,14,3,23.9,36.5037,27.2119,7,4.3,351,64,-128,NOA,moment tensor inversion,from seismic portal,P,19.4,,,,,,,,,,,,,,,,,,,
2021-10-05-07-54-11,2021,10,5,7,54,11.5,36.4500,27.2700,10,4.2,230,45,-62,GFZ,moment tensor inversion,from seismic portal,S,,,,,,,,,,,,,,,,,,,,
2021-10-12-09-24-05,2021,10,12,9,24,4.0,34.8806,26.4014,33,6.3,339,72,-109,NOA,moment tensor inversion,from seismic portal,P,19.4,GCMT,2021,10,12,9,24,8.3,34.99,26.33,17,6.5,226,10,-25,-4.3,13.8,16,-0.2,16.9
2021-10-15-23-25-46,2021,10,15,23,25,46.0,35.1493,26.3424,21,4.2,226,49,-47,UOA,moment tensor inversion,from seismic portal,S,,,,,,,,,,,,,,,,,,,,
2021-10-17-20-13-30,2021,10,17,20,13,31.0,41.8048,19.6124,25,4.5,133,61,80,NOA,moment tensor inversion,from seismic portal,P,28.4,,,,,,,,,,,,,,,,,,,
2021-10-19-05-32-33,2021,10,19,5,32,35.1,34.7131,28.2458,28,5.8,192,87,178,NOA,moment tensor inversion,from seismic portal,P,24.9,GCMT,2021,10,19,5,32,32.4,34.4,28.4,25,5.9,107,75,-6,2.7,37.5,3,-0.1,18.0
2021-10-20-02-44-05,2021,10,20,2,44,5.1,35.1759,25.3093,16,4.1,286,55,25,NOA,moment tensor inversion,from seismic portal,P,76.9,,,,,,,,,,,,,,,,,,,
2021-10-21-08-12-57,2021,10,21,8,12,56.2,35.1338,25.2534,7,4.2,256,48,-55,NOA,moment tensor inversion,from seismic portal,P,20.6,,,,,,,,,,,,,,,,,,,
2021-10-21-09-38-38,2021,10,21,9,38,39.7,35.0000,25.2500,11,4.5,247,56,-60,GFZ,moment tensor inversion,from seismic portal,P,38.0,,,,,,,,,,,,,,,,,,,
2021-10-22-10-11-30,2021,10,22,10,11,31.4,35.1053,25.2341,11,4.0,8,59,-135,NOA,moment tensor inversion,from seismic portal,P,22.2,,,,,,,,,,,,,,,,,,,
2021-10-29-06-10-34,2021,10,29,6,10,34.4,41.5979,20.3870,9,4.4,45,25,-72,NOA,moment tensor inversion,from seismic portal,P,31.6,,,,,,,,,,,,,,,,,,,
2021-11-12-03-45-58,2021,11,12,3,45,58.6,35.1791,23.2205,36,4.0,146,59,85,NOA,moment tensor inversion,from seismic portal,P,26.0,,,,,,,,,,,,,,,,,,,
2021-11-12-15-08-27,2021,11,12,15,8,27.0,41.4900,20.2000,11,4.1,50,55,-35,OCA,moment tensor inversion,from seismic portal,P,73.9,,,,,,,,,,,,,,,,,,,
2021-11-18-21-04-59,2021,11,18,21,4,59.3,39.5879,20.5266,12,4.0,133,66,80,NOA,moment tensor inversion,from seismic portal,P,43.7,,,,,,,,,,,,,,,,,,,
2021-11-19-13-27-06,2021,11,19,13,27,6.7,38.2962,20.3889,12,4.8,242,80,174,NOA,moment tensor inversion,from seismic portal,P,26.7,GCMT (PDEW),2021,11,19,13,27,5.2,38.21,20.36,13.1,4.8,63,83,-177,1.5,9.9,-1.1,0.0,17.3
2021-11-30-04-00-40,2021,11,30,4,0,39.8,37.6968,26.0019,4,5.1,254,44,-133,NOA,moment tensor inversion,from seismic portal,P,19.9,GCMT (PDEW),2021,11,30,4,0,40.5,37.73,26.07,10,5.1,256,47,-140,-0.7,7.0,-6,0.0,9.0
2021-11-30-10-32-24,2021,11,30,10,32,24.6,37.6901,25.9818,10,4.3,242,61,-166,UOA,moment tensor inversion,from seismic portal,S,,,,,,,,,,,,,,,,,,,,
2021-11-30-14-20-20,2021,11,30,14,20,20.1,38.4160,22.1013,3,4.2,298,47,-57,NOA,moment tensor inversion,from seismic portal,P,36.7,,,,,,,,,,,,,,,,,,,
2021-12-03-19-33-33,2021,12,3,19,33,33.9,37.0821,21.4742,23,4.3,206,85,169,NOA,moment tensor inversion,from seismic portal,P,31.2,,,,,,,,,,,,,,,,,,,
2021-12-08-07-49-50,2021,12,8,7,49,50.2,38.9882,20.5300,6,4.3,187,74,-171,NOA,moment tensor inversion,from seismic portal,P,15.7,,,,,,,,,,,,,,,,,,,
2021-12-15-00-48-16,2021,12,15,0,48,16.4,38.2610,22.0853,9,4.0,223,12,-165,NOA,moment tensor inversion,from seismic portal,P,22.9,,,,,,,,,,,,,,,,,,,
2021-12-17-23-28-02,2021,12,17,23,28,2.7,37.8802,21.0371,15,4.3,223,79,159,NOA,moment tensor inversion,from seismic portal,P,19.8,,,,,,,,,,,,,,,,,,,
2021-12-18-05-16-40,2021,12,18,5,16,39.9,36.0537,23.2024,55,4.9,250,85,176,NOA,moment tensor inversion,from seismic portal,P,19.3,GCMT (PDEW),2021,12,18,5,16,39.3,36.12,23.27,58.2,5.1,81,82,176,0.6,9.5,-3.2,-0.2,18.9
2021-12-24-01-17-12,2021,12,24,1,17,13.3,39.7584,20.5090,8,4.2,117,69,1,NOA,moment tensor inversion,from seismic portal,P,27.9,,,,,,,,,,,,,,,,,,,
2021-12-24-11-41-47,2021,12,24,11,41,47.0,39.8100,22.0500,3,4.1,315,70,-51,OCA,moment tensor inversion,from seismic portal,P,30.2,,,,,,,,,,,,,,,,,,,
2021-12-26-15-15-11,2021,12,26,15,15,11.8,35.0139,26.9492,16,5.1,206,75,166,NOA,moment tensor inversion,from seismic portal,P,37.3,GCMT (PDEW),2021,12,26,15,15,11.7,35.15,26.89,10,5.1,270,85,2,0.1,16.0,6,0.0,31.6
2021-12-26-18-59-03,2021,12,26,18,59,2.7,34.9996,26.9795,22,5.7,184,69,164,NOA,moment tensor inversion,from seismic portal,P,27.2,GCMT,2021,12,26,18,59,4.5,35.06,26.88,18,5.6,182,86,-177,-1.8,11.3,4,0.1,25.8
2021-12-29-05-08-09,2021,12,29,5,8,9.9,34.7910,25.1303,63,5.6,249,89,-132,NOA,moment tensor inversion,from seismic portal,P,34.8,GCMT,2021,12,29,5,8,10.4,34.65,25.22,55,5.7,174,59,18,-0.5,17.7,8,-0.1,22.8
2021-12-29-16-47-09,2021,12,29,16,47,8.3,34.6977,25.1258,45,4.8,71,80,137,NOA,moment tensor inversion,from seismic portal,P,19.4,GCMT (PDEW),2021,12,29,16,47,8.1,34.71,25.12,64.9,5,168,62,22,0.2,1.5,-19.9,-0.2,17.3
2021-12-29-23-06-38,2021,12,29,23,6,38.2,35.1077,25.2017,9,4.0,9,54,-138,NOA,moment tensor inversion,from seismic portal,S,,,,,,,,,,,,,,,,,,,,
2022-01-02-10-57-57,2022,1,2,10,57,57.5,37.2123,20.9155,9,4.2,54,56,160,UOA,moment tensor inversion,from seismic portal,S,,,,,,,,,,,,,,,,,,,,
2022-01-08-12-08-08,2022,1,8,12,8,8.0,34.3700,24.2400,10,4.5,300,32,121,MED_RCMT (INGV),moment tensor inversion,from RCMT,S,,,,,,,,,,,,,,,,,,,,
2022-01-09-21-43-47,2022,1,9,21,43,47.1,40.7790,21.3826,16,5.4,7,37,-123,NOA,moment tensor inversion,from seismic portal,P,28.1,GCMT,2022,1,9,21,43,50.0,40.74,21.36,20,5.6,213,42,-83,-2.9,4.7,-4,-0.2,21.5
2022-01-09-23-38-26,2022,1,9,23,38,25.6,40.8101,21.4183,19,4.0,82,53,-25,NOA,moment tensor inversion,from seismic portal,P,25.2,,,,,,,,,,,,,,,,,,,
2022-01-11-15-14-30,2022,1,11,15,14,30.0,40.8400,21.3900,10,4.6,86,23,-87,MED_RCMT (INGV),moment tensor inversion,from RCMT,S,,,,,,,,,,,,,,,,,,,,
2022-01-14-21-37-56,2022,1,14,21,37,56.5,42.0442,20.0645,10,4.3,201,52,-64,ISC (NEIC),moment tensor inversion,extracted from reviewed ISC FMCSV,P,26.6,,,,,,,,,,,,,,,,,,,
2022-01-16-11-48-06,2022,1,16,11,48,6.1,39.9604,24.2743,10,5.3,133,57,-26,NOA,moment tensor inversion,from seismic portal,P,21.9,GCMT (PDEW),2022,1,16,11,48,5.3,40.04,24.36,7,5.5,243,57,-141,0.8,11.5,3,-0.2,12.3
2022-01-16-12-26-19,2022,1,16,12,26,19.1,40.0108,24.2812,7,4.4,89,80,162,NOA,moment tensor inversion,from seismic portal,P,16.6,,,,,,,,,,,,,,,,,,,
2022-01-16-18-29-27,2022,1,16,18,29,27.0,39.9800,24.3300,11,4.0,135,70,-40,OCA,moment tensor inversion,from seismic portal,P,25.7,,,,,,,,,,,,,,,,,,,
2022-01-16-22-16-17,2022,1,16,22,16,17.0,36.2300,28.9100,44,4.5,213,72,-9,MED_RCMT (INGV),moment tensor inversion,from RCMT,S,,,,,,,,,,,,,,,,,,,,
2022-01-16-22-32-00,2022,1,16,22,32,0.4,39.9787,24.3355,8,4.3,134,62,-23,UOA,moment tensor inversion,from seismic portal,S,,,,,,,,,,,,,,,,,,,,
2022-01-22-02-32-56,2022,1,22,2,32,56.0,39.5192,24.1997,14,4.0,132,87,2,NOA,moment tensor inversion,from seismic portal,P,24.0,,,,,,,,,,,,,,,,,,,
2022-01-22-19-31-43,2022,1,22,19,31,43.0,39.5800,28.8200,12,4.7,174,72,2,KOERI,moment tensor inversion,from seismic portal,P,22.2,GCMT (PDEW),2022,1,22,19,31,42.8,39.58,28.82,2.7,4.6,356,84,3,0.2,0.0,9.3,0.1,24.6
2022-01-23-00-45-21,2022,1,23,0,45,21.9,34.3500,26.2400,54,4.5,286,47,113,INGV,moment tensor inversion,from seismic portal,S,,,,,,,,,,,,,,,,,,,,
2022-02-05-19-36-06,2022,2,5,19,36,6.0,37.3100,20.3600,20,4.0,119,65,-1,MED_RCMT (INGV),moment tensor inversion,from RCMT,S,,,,,,,,,,,,,,,,,,,,
2022-02-11-16-18-07,2022,2,11,16,18,7.0,36.9600,27.6600,4,4.1,286,52,-75,KOERI,moment tensor inversion,from seismic portal,S,,,,,,,,,,,,,,,,,,,,
2022-02-16-17-38-26,2022,2,16,17,38,27.7,38.8840,20.5160,14,4.0,10,88,165,ISC (GFZ),moment tensor inversion,extracted from reviewed ISC FMCSV,P,48.3,,,,,,,,,,,,,,,,,,,
2022-02-17-01-48-47,2022,2,17,1,48,49.8,38.9300,20.5400,16,4.7,104,67,3,GFZ,moment tensor inversion,from seismic portal,P,29.8,,,,,,,,,,,,,,,,,,,
2022-02-18-13-58-36,2022,2,18,13,58,36.0,38.8280,21.2224,19,4.0,223,78,-166,NOA,moment tensor inversion,from seismic portal,S,,,,,,,,,,,,,,,,,,,,
2022-02-20-20-20-12,2022,2,20,20,20,11.0,40.7300,27.4100,12,4.0,89,74,149,KOERI,moment tensor inversion,from seismic portal,P,59.8,,,,,,,,,,,,,,,,,,,
2022-02-27-05-04-27,2022,2,27,5,4,27.0,35.5600,26.2900,10,4.3,202,67,-15,MED_RCMT (INGV),moment tensor inversion,from RCMT,S,,,,,,,,,,,,,,,,,,,,
2022-03-16-02-20-17,2022,3,16,2,20,17.0,34.9300,25.2800,10,4.4,138,64,-28,MED_RCMT (INGV),moment tensor inversion,from RCMT,S,,,,,,,,,,,,,,,,,,,,
2022-03-22-14-10-55,2022,3,22,14,10,55.0,40.0700,28.6400,10,4.1,230,36,-166,MED_RCMT (INGV),moment tensor inversion,from RCMT,S,,,,,,,,,,,,,,,,,,,,
2022-03-27-17-32-32,2022,3,27,17,32,32.0,38.3200,23.4300,10,4.1,273,46,-126,MED_RCMT (INGV),moment tensor inversion,from RCMT,S,,,,,,,,,,,,,,,,,,,,
2022-03-29-12-13-52,2022,3,29,12,13,52.0,38.8000,21.2700,10,4.3,123,6,11,MED_RCMT (INGV),moment tensor inversion,from RCMT,S,,,,,,,,,,,,,,,,,,,,
2022-04-04-04-39-42,2022,4,4,4,39,43.1,36.3700,22.0600,36,4.3,135,89,106,GFZ,moment tensor inversion,from seismic portal,P,18.1,,,,,,,,,,,,,,,,,,,
2022-04-07-07-38-57,2022,4,7,7,38,57.5,38.3304,23.5836,6,4.0,95,36,-116,ISC (NEIC),moment tensor inversion,extracted from reviewed ISC FMCSV,S,,,,,,,,,,,,,,,,,,,,
2022-04-07-11-36-45,2022,4,7,11,36,45.9,38.3500,23.4100,10,4.1,123,41,-108,GFZ,moment tensor inversion,from seismic portal,P,47.6,,,,,,,,,,,,,,,,,,,
2022-04-07-11-44-42,2022,4,7,11,44,42.6,38.4200,23.3600,10,4.1,105,33,-117,GFZ,moment tensor inversion,from seismic portal,P,41.3,,,,,,,,,,,,,,,,,,,
2022-04-09-15-10-44,2022,4,9,15,10,45.2,37.6435,20.8718,16,4.3,128,76,76,NOA,moment tensor inversion,from seismic portal,P,21.2,,,,,,,,,,,,,,,,,,,
2022-04-10-02-12-30,2022,4,10,2,12,30.6,38.3189,23.3829,5,4.3,265,58,-115,NOA,moment tensor inversion,from seismic portal,P,23.3,,,,,,,,,,,,,,,,,,,
2022-04-11-18-53-51,2022,4,11,18,53,51.0,38.5700,20.4700,10,4.3,26,76,-168,MED_RCMT (INGV),moment tensor inversion,from RCMT,S,,,,,,,,,,,,,,,,,,,,
2022-04-13-19-35-47,2022,4,13,19,35,46.3,34.5529,24.6928,28,4.6,68,46,-35,NOA,moment tensor inversion,from seismic portal,P,35.4,,,,,,,,,,,,,,,,,,,
2022-04-16-17-00-38,2022,4,16,17,0,39.3,35.9564,22.5311,59,4.7,280,81,-172,NOA,moment tensor inversion,from seismic portal,P,21.8,,,,,,,,,,,,,,,,,,,
2022-04-20-00-29-04,2022,4,20,0,29,4.2,39.9600,24.3700,10,4.0,339,85,1,GFZ,moment tensor inversion,from seismic portal,S,,,,,,,,,,,,,,,,,,,,
2022-04-23-16-44-55,2022,4,23,16,44,55.8,36.2500,19.5400,10,4.5,124,81,168,GFZ,moment tensor inversion,from seismic portal,P,18.1,GCMT (PDEW),2022,4,23,16,44,56.1,36.35,19.58,10,4.7,217,55,7,-0.3,11.7,0,-0.2,23.3
2022-04-24-04-14-04,2022,4,24,4,14,5.0,35.1600,27.0300,19,4.4,234,43,-32,KOERI,moment tensor inversion,from seismic portal,P,23.4,,,,,,,,,,,,,,,,,,,
2022-04-27-01-51-53,2022,4,27,1,51,52.4,35.8298,22.5904,71,4.9,186,76,30,NOA,moment tensor inversion,from seismic portal,P,27.5,GCMT (PDEW),2022,4,27,1,51,53.8,35.96,22.65,58.4,4.9,85,63,165,-1.4,15.4,12.6,0.0,4.2
2022-04-29-14-01-11,2022,4,29,14,1,11.2,34.9990,25.0237,5,4.3,255,67,-94,NOA,moment tensor inversion,from seismic portal,P,26.2,,,,,,,,,,,,,,,,,,,
2022-05-01-01-33-34,2022,5,1,1,33,35.4,39.5700,24.1100,10,4.2,122,77,19,GFZ,moment tensor inversion,from seismic portal,P,27.6,,,,,,,,,,,,,,,,,,,
2022-05-04-10-40-48,2022,5,4,10,40,48.0,35.5500,23.5100,12,4.0,345,85,-114,OCA,moment tensor inversion,from seismic portal,S,,,,,,,,,,,,,,,,,,,,
2022-05-08-13-22-31,2022,5,8,13,22,32.0,35.1700,25.3100,3,4.2,45,45,-72,OCA,moment tensor inversion,from seismic portal,P,34.5,,,,,,,,,,,,,,,,,,,
2022-05-13-22-08-49,2022,5,13,22,8,50.4,38.2001,26.2686,10,4.3,224,76,-178,NOA,moment tensor inversion,from seismic portal,P,12.5,,,,,,,,,,,,,,,,,,,
2022-05-15-05-34-30,2022,5,15,5,34,30.4,36.2013,25.3642,3,4.1,1,18,-141,NOA,moment tensor inversion,from seismic portal,P,35.7,,,,,,,,,,,,,,,,,,,
2022-05-24-20-50-45,2022,5,24,20,50,45.4,38.7249,21.1903,9,4.2,268,33,-117,NOA,moment tensor inversion,from seismic portal,P,43.8,,,,,,,,,,,,,,,,,,,
2022-05-25-21-54-49,2022,5,25,21,54,49.0,35.5100,21.5900,25,4.4,275,36,51,MED_RCMT (INGV),moment tensor inversion,from RCMT,S,,,,,,,,,,,,,,,,,,,,
2022-06-03-16-05-11,2022,6,3,16,5,11.9,35.9259,27.6183,16,4.3,8,48,-61,NOA,moment tensor inversion,from seismic portal,P,34.9,,,,,,,,,,,,,,,,,,,
2022-06-03-22-58-58,2022,6,3,22,58,58.0,39.8200,27.9500,15,4.4,133,67,-12,KOERI,moment tensor inversion,from seismic portal,P,11.6,,,,,,,,,,,,,,,,,,,
2022-06-06-04-16-28,2022,6,6,4,16,28.0,41.8500,19.1600,10,4.2,321,38,95,MED_RCMT (INGV),moment tensor inversion,from RCMT,S,,,,,,,,,,,,,,,,,,,,
2022-06-19-23-24-34,2022,6,19,23,24,33.0,35.3000,27.1600,40,4.9,92,42,-59,KOERI,moment tensor inversion,from seismic portal,P,26.5,GCMT (PDEW),2022,6,19,23,24,33.0,35.33,27.14,39,4.9,73,40,-98,0.0,3.8,1,0.0,27.6
2022-07-17-06-21-58,2022,7,17,6,21,58.1,39.2712,20.8128,16,4.0,36,75,179,NOA,moment tensor inversion,from seismic portal,S,,,,,,,,,,,,,,,,,,,,
2022-07-17-11-55-39,2022,7,17,11,55,39.0,39.2700,27.6900,10,4.2,158,89,2,KOERI,moment tensor inversion,from seismic portal,S,,,,,,,,,,,,,,,,,,,,
2022-07-20-09-01-02,2022,7,20,9,1,1.7,35.1897,25.3194,4,4.4,241,60,-82,NOA,moment tensor inversion,from seismic portal,P,38.8,,,,,,,,,,,,,,,,,,,
2022-07-21-15-44-24,2022,7,21,15,44,25.3,40.1180,27.3488,14,4.3,264,70,-166,NOA,moment tensor inversion,from seismic portal,P,33.0,,,,,,,,,,,,,,,,,,,
2022-07-29-13-44-48,2022,7,29,13,44,49.0,38.4706,22.0725,6,4.4,120,57,-88,NEIC,moment tensor inversion,from seismic portal,P,50.5,,,,,,,,,,,,,,,,,,,
2022-07-31-17-32-42,2022,7,31,17,32,42.1,38.9100,20.8800,10,4.1,100,42,-90,GFZ,moment tensor inversion,from seismic portal,S,,,,,,,,,,,,,,,,,,,,
2022-08-07-08-02-02,2022,8,7,8,2,2.2,36.1432,29.7162,43,4.3,8,18,-55,NOA,moment tensor inversion,from seismic portal,P,46.7,,,,,,,,,,,,,,,,,,,
2022-08-12-21-31-52,2022,8,12,21,31,49.0,33.3700,19.1400,15,5.2,192,83,-3,INGV,moment tensor inversion,from seismic portal,P,19.7,GCMT (PDEW),2022,8,12,21,31,50.4,33.52,19.04,16,5.2,102,76,170,-1.4,19.1,-1,0.0,17.2
2022-08-14-03-24-23,2022,8,14,3,24,22.0,37.9700,27.1700,11,4.8,75,44,-119,KOERI,moment tensor inversion,from seismic portal,P,23.5,GCMT (PDEW),2022,8,14,3,24,23.0,37.99,27.15,11.7,5,87,52,-130,-1.0,2.8,-0.7,-0.2,22.5
2022-08-14-10-47-56,2022,8,14,10,47,56.9,38.6110,20.5641,8,4.0,15,46,173,NOA,moment tensor inversion,from seismic portal,P,28.2,,,,,,,,,,,,,,,,,,,
2022-08-16-16-34-40,2022,8,16,16,34,40.0,39.2000,20.6400,10,4.2,155,43,89,MED_RCMT (INGV),moment tensor inversion,from RCMT,S,,,,,,,,,,,,,,,,,,,,
2022-08-23-06-36-22,2022,8,23,6,36,23.1,39.7039,22.2330,11,4.1,308,54,-75,NOA,moment tensor inversion,from seismic portal,P,22.2,,,,,,,,,,,,,,,,,,,
2022-08-24-05-30-25,2022,8,24,5,30,25.0,35.6700,29.7700,40,4.2,111,68,160,MED_RCMT (INGV),moment tensor inversion,from RCMT,S,,,,,,,,,,,,,,,,,,,,
2022-08-30-03-49-35,2022,8,30,3,49,35.7,38.6106,20.4864,9,4.4,119,87,27,NOA,moment tensor inversion,from seismic portal,P,19.7,,,,,,,,,,,,,,,,,,,
2022-08-31-09-56-39,2022,8,31,9,56,40.6,37.5794,26.8781,8,4.6,284,58,-71,NOA,moment tensor inversion,from seismic portal,P,26.3,GCMT (PDEW),2022,8,31,9,56,40.1,37.56,26.82,10,4.7,76,42,-111,0.5,5.6,-2,-0.1,6.7
2022-08-31-10-10-12,2022,8,31,10,10,11.8,37.5557,26.8697,8,5.2,88,44,-99,NOA,moment tensor inversion,from seismic portal,P,14.0,GCMT,2022,8,31,10,10,14.2,37.5,26.84,12,5.4,94,40,-95,-2.4,6.7,-4,-0.2,5.7
2022-08-31-14-02-18,2022,8,31,14,2,19.7,37.5491,26.9026,8,4.6,296,74,-39,NOA,moment tensor inversion,from seismic portal,P,43.1,GCMT (PDEW),2022,8,31,14,2,17.7,37.54,26.81,10,4.6,91,39,-101,2.0,8.2,-2,0.0,44.1
2022-09-02-06-49-54,2022,9,2,6,49,54.0,34.3900,26.3800,60,4.4,318,75,175,MED_RCMT (INGV),moment tensor inversion,from RCMT,S,,,,,,,,,,,,,,,,,,,,
2022-09-03-04-13-11,2022,9,3,4,13,12.0,34.9038,26.5206,20,5.2,177,88,-156,NOA,moment tensor inversion,from seismic portal,P,37.1,GCMT (PDEW),2022,9,3,4,13,10.9,35.1,26.35,8.8,5.3,86,75,7,1.1,26.8,11.2,-0.1,12.9
2022-09-03-08-27-44,2022,9,3,8,27,44.0,38.3100,23.3200,7,4.0,130,60,-43,OCA,moment tensor inversion,from seismic portal,P,42.8,,,,,,,,,,,,,,,,,,,
2022-09-03-17-16-15,2022,9,3,17,16,15.3,35.7985,21.9828,15,4.2,147,58,122,ISC (NEIC),moment tensor inversion,extracted from reviewed ISC FMCSV,S,,,,,,,,,,,,,,,,,,,,
2022-09-08-07-36-25,2022,9,8,7,36,25.5,37.9794,20.1395,12,5.5,53,64,-161,NOA,moment tensor inversion,from seismic portal,P,21.2,GCMT,2022,9,8,7,36,28.0,37.89,20.1,15,5.5,47,74,-171,-2.5,10.5,-3,0.0,13.9
2022-09-15-14-48-30,2022,9,15,14,48,30.4,39.5169,23.5985,5,4.2,252,48,-141,NOA,moment tensor inversion,from seismic portal,S,,,,,,,,,,,,,,,,,,,,
2022-09-16-12-58-09,2022,9,16,12,58,9.3,37.4588,21.3107,30,4.2,312,88,-89,NOA,moment tensor inversion,from seismic portal,P,72.8,,,,,,,,,,,,,,,,,,,
2022-09-17-18-41-41,2022,9,17,18,41,41.0,35.6000,25.8200,10,4.2,58,65,-12,MED_RCMT (INGV),moment tensor inversion,from RCMT,S,,,,,,,,,,,,,,,,,,,,
2022-10-02-04-04-03,2022,10,2,4,4,4.3,34.3745,26.1645,18,5.2,200,68,-42,NOA,moment tensor inversion,from seismic portal,P,87.0,GCMT (PDEW),2022,10,2,4,4,1.2,34.27,26.11,10,5.4,270,29,96,3.1,12.6,8,-0.2,87.3
2022-10-02-10-58-03,2022,10,2,10,58,1.8,37.0464,28.9146,8,4.6,54,54,-92,NOA,moment tensor inversion,from seismic portal,P,39.3,GCMT (PDEW),2022,10,2,10,58,4.1,37.07,28.92,10,4.6,237,41,-97,-2.3,2.7,-2,0.0,10.7
2022-10-08-22-02-30,2022,10,8,22,2,28.6,38.3214,22.5477,10,5.0,292,32,-62,NOA,moment tensor inversion,from seismic portal,P,14.1,GCMT (PDEW),2022,10,8,22,2,28.8,38.34,22.58,19.8,5.3,298,34,-56,-0.2,3.5,-9.8,-0.3,3.9
2022-10-18-10-27-24,2022,10,18,10,27,24.0,37.9100,27.1900,6,4.3,299,39,-69,KOERI,moment tensor inversion,from seismic portal,P,14.4,,,,,,,,,,,,,,,,,,,
2022-10-18-10-29-55,2022,10,18,10,29,56.9,37.8800,27.2700,10,4.5,94,46,-105,GFZ,moment tensor inversion,from seismic portal,P,23.5,,,,,,,,,,,,,,,,,,,
2022-10-30-08-49-10,2022,10,30,8,49,10.0,37.4800,20.0900,10,4.2,9,21,141,MED_RCMT (INGV),moment tensor inversion,from RCMT,S,,,,,,,,,,,,,,,,,,,,
2022-11-04-00-29-21,2022,11,4,0,29,22.3,38.3055,27.1652,14,4.8,248,88,168,NOA,moment tensor inversion,from seismic portal,P,35.1,GCMT (PDEW),2022,11,4,0,29,21.6,38.34,27.21,10,4.8,339,54,-22,0.7,5.5,4,0.0,34.0
2022-11-13-02-08-10,2022,11,13,2,8,12.9,34.4700,26.4900,27,4.9,183,34,-16,INGV,moment tensor inversion,from seismic portal,P,54.0,,,,,,,,,,,,,,,,,,,
2022-11-20-13-31-18,2022,11,20,13,31,18.0,37.7900,21.0500,12,4.2,23,11,178,MED_RCMT (INGV),moment tensor inversion,from RCMT,S,,,,,,,,,,,,,,,,,,,,
2022-11-20-23-25-00,2022,11,20,23,25,1.3,35.7239,26.5373,71,5.3,45,62,152,NOA,moment tensor inversion,from seismic portal,P,17.1,GCMT,2022,11,20,23,25,3.3,35.82,26.39,85,5.4,43,61,162,-2.0,17.1,-14,-0.1,11.1
2022-11-26-20-09-37,2022,11,26,20,9,37.0,35.2600,27.8400,60,4.6,303,79,178,MED_RCMT (INGV),moment tensor inversion,from RCMT,S,,,,,,,,,,,,,,,,,,,,
2022-11-29-04-32-36,2022,11,29,4,32,36.5,38.2521,24.2793,9,4.6,225,77,-174,NOA,moment tensor inversion,from seismic portal,P,15.7,GCMT (PDEW),2022,11,29,4,32,37.7,38.33,24.27,10,4.6,229,68,-167,-1.2,8.7,-1,0.0,11.4
2022-11-29-05-23-36,2022,11,29,5,23,35.9,38.2310,24.2747,8,4.1,221,69,-162,NOA,moment tensor inversion,from seismic portal,P,8.4,,,,,,,,,,,,,,,,,,,
2022-11-29-20-06-39,2022,11,29,20,6,39.2,38.2603,24.2427,9,4.8,224,83,-178,NOA,moment tensor inversion,from seismic portal,P,10.8,GCMT (PDEW),2022,11,29,20,6,39.4,38.3,24.25,4.9,4.8,233,74,-169,-0.2,4.5,4.1,0.0,14.5
2022-11-29-23-46-05,2022,11,29,23,46,6.0,38.0500,20.1000,9,4.2,130,90,4,OCA,moment tensor inversion,from seismic portal,P,19.0,,,,,,,,,,,,,,,,,,,
2022-12-09-18-44-21,2022,12,9,18,44,21.0,36.1772,27.0177,7,4.1,164,44,-157,UOA,moment tensor inversion,from seismic portal,S,,,,,,,,,,,,,,,,,,,,
2022-12-11-01-59-08,2022,12,11,1,59,8.0,34.5100,23.8600,39,4.2,205,51,-10,MED_RCMT (INGV),moment tensor inversion,from RCMT,S,,,,,,,,,,,,,,,,,,,,
2022-12-13-03-21-17,2022,12,13,3,21,17.3,40.3738,27.0895,10,4.1,177,83,-22,NOA,moment tensor inversion,from seismic portal,P,39.8,,,,,,,,,,,,,,,,,,,
2022-12-13-05-39-35,2022,12,13,5,39,35.8,37.7231,26.9481,5,4.0,238,30,-147,UOA,moment tensor inversion,from seismic portal,S,,,,,,,,,,,,,,,,,,,,
2022-12-14-15-28-49,2022,12,14,15,28,49.4,38.2655,24.2760,11,4.3,221,82,178,NOA,moment tensor inversion,from seismic portal,P,15.6,,,,,,,,,,,,,,,,,,,
2022-12-18-05-01-12,2022,12,18,5,1,12.0,39.7800,24.2000,17,4.2,181,70,-21,MED_RCMT (INGV),moment tensor inversion,from RCMT,S,,,,,,,,,,,,,,,,,,,,
2022-12-18-12-11-02,2022,12,18,12,11,1.3,38.2558,24.2830,9,4.0,216,82,-174,NOA,moment tensor inversion,from seismic portal,P,19.2,,,,,,,,,,,,,,,,,,,
2022-12-28-06-50-58,2022,12,28,6,50,58.0,35.6100,25.9800,8,4.0,140,80,143,OCA,moment tensor inversion,from seismic portal,S,,,,,,,,,,,,,,,,,,,,
2022-12-28-12-24-20,2022,12,28,12,24,20.4,38.5616,23.6916,9,4.7,104,42,-86,NOA,moment tensor inversion,from seismic portal,P,17.7,GCMT (PDEW),2022,12,28,12,24,21.1,38.58,23.72,13.1,5,109,43,-85,-0.7,3.2,-4.1,-0.3,4.4
2022-12-29-21-11-59,2022,12,29,21,11,57.4,36.3211,22.1024,18,4.1,204,42,141,NEIC,moment tensor inversion,from seismic portal,P,82.5,,,,,,,,,,,,,,,,,,,
2022-12-30-13-19-37,2022,12,30,13,19,37.0,35.6400,25.9700,16,4.1,220,80,-39,OCA,moment tensor inversion,from seismic portal,S,,,,,,,,,,,,,,,,,,,,
2023-01-02-05-28-08,2023,1,2,5,28,9.7,36.5400,21.7700,38,4.4,279,84,-48,GFZ,moment tensor inversion,from seismic portal,P,39.4,,,,,,,,,,,,,,,,,,,
2023-01-02-08-12-28,2023,1,2,8,12,28.9,35.5600,25.8300,10,4.4,131,89,-169,GFZ,moment tensor inversion,from seismic portal,P,32.1,,,,,,,,,,,,,,,,,,,
2023-01-02-19-06-24,2023,1,2,19,6,24.0,35.5900,25.7900,7,4.0,140,90,162,OCA,moment tensor inversion,from seismic portal,S,,,,,,,,,,,,,,,,,,,,
2023-01-04-20-03-54,2023,1,4,20,3,55.0,38.7300,23.6600,10,4.0,50,70,-152,OCA,moment tensor inversion,from seismic portal,P,5.1,,,,,,,,,,,,,,,,,,,
2023-01-07-01-52-58,2023,1,7,1,52,58.4,39.3233,26.2605,14,4.9,59,86,-172,NOA,moment tensor inversion,from seismic portal,P,12.0,GCMT (PDEW),2023,1,7,1,52,58.2,39.39,26.17,10,4.8,333,68,-8,0.2,10.8,4,0.1,15.6
2023-01-07-06-39-29,2023,1,7,6,39,29.4,39.3316,26.2576,14,4.6,318,86,4,NOA,moment tensor inversion,from seismic portal,P,15.2,GCMT (PDEW),2023,1,7,6,39,29.7,39.41,26.2,12.5,4.6,230,75,175,-0.3,10.0,1.5,0.0,11.3
2023-01-09-07-11-58,2023,1,9,7,11,59.0,35.5800,25.8000,6,4.1,220,80,-28,OCA,moment tensor inversion,from seismic portal,P,18.4,,,,,,,,,,,,,,,,,,,
2023-01-09-10-56-35,2023,1,9,10,56,35.0,39.3500,26.2300,7,4.1,335,60,-19,OCA,moment tensor inversion,from seismic portal,P,10.6,,,,,,,,,,,,,,,,,,,
2023-01-10-07-38-30,2023,1,10,7,38,31.5,39.3564,26.2045,8,4.9,59,86,177,NOA,moment tensor inversion,from seismic portal,P,31.5,GCMT (PDEW),2023,1,10,7,38,31.5,39.47,26.25,10,4.9,330,52,-23,0.0,13.2,-2,0.0,45.1
2023-01-10-18-11-11,2023,1,10,18,11,11.8,35.5100,25.8800,10,4.4,316,85,149,GFZ,moment tensor inversion,from seismic portal,P,46.9,,,,,,,,,,,,,,,,,,,
2023-01-13-03-31-34,2023,1,13,3,31,33.0,34.5600,25.2700,61,4.7,84,46,50,KOERI,moment tensor inversion,from seismic portal,P,64.2,,,,,,,,,,,,,,,,,,,
2023-01-15-08-31-12,2023,1,15,8,31,12.0,35.5600,25.8100,6,4.0,320,85,-161,OCA,moment tensor inversion,from seismic portal,P,30.0,,,,,,,,,,,,,,,,,,,
2023-01-15-21-37-21,2023,1,15,21,37,22.7,41.5228,19.9786,9,4.7,341,46,-166,NOA,moment tensor inversion,from seismic portal,P,36.4,GCMT (PDEW),2023,1,15,21,37,21.8,41.45,20,17.4,4.7,257,83,-5,0.9,8.3,-8.4,0.0,40.6
2023-01-16-18-23-22,2023,1,16,18,23,22.7,41.4880,20.0660,14,4.0,256,54,-37,ISC (TIR),moment tensor inversion,extracted from reviewed ISC FMCSV,S,,,,,,,,,,,,,,,,,,,,
2023-01-19-02-22-27,2023,1,19,2,22,28.3,39.4734,25.8243,15,4.4,317,55,-52,NOA,moment tensor inversion,from seismic portal,P,19.9,,,,,,,,,,,,,,,,,,,
2023-01-22-04-46-46,2023,1,22,4,46,46.8,38.7642,22.9547,6,4.2,292,29,-51,NOA,moment tensor inversion,from seismic portal,P,23.1,,,,,,,,,,,,,,,,,,,
2023-01-25-12-37-06,2023,1,25,12,37,6.0,35.7861,28.6084,38,5.7,335,81,-177,NOA,moment tensor inversion,from seismic portal,P,27.8,GCMT,2023,1,25,12,37,9.6,35.68,28.47,30,5.9,340,64,-178,-3.6,17.2,8,-0.2,17.8
2023-02-01-10-53-20,2023,2,1,10,53,20.6,40.0923,22.7467,16,4.1,268,54,-127,NOA,moment tensor inversion,from seismic portal,S,,,,,,,,,,,,,,,,,,,,
2023-02-03-12-44-13,2023,2,3,12,44,13.0,36.6600,21.4700,10,4.1,326,24,-179,MED_RCMT (INGV),moment tensor inversion,from RCMT,S,,,,,,,,,,,,,,,,,,,,
2023-02-07-10-53-22,2023,2,7,10,53,22.4,40.1930,23.4975,15,4.2,305,41,-78,NOA,moment tensor inversion,from seismic portal,P,33.2,,,,,,,,,,,,,,,,,,,
2023-02-18-17-32-58,2023,2,18,17,32,59.3,35.8688,25.5258,16,4.7,74,38,0,NEIC,moment tensor inversion,from seismic portal,P,65.8,GCMT (PDEW),2023,2,18,17,32,57.4,35.83,25.51,10,4.7,349,83,175,1.9,4.5,6,0.0,47.4
2023-02-18-20-14-32,2023,2,18,20,14,33.3,37.4443,20.8260,3,4.5,24,20,175,NOA,moment tensor inversion,from seismic portal,P,31.1,,,,,,,,,,,,,,,,,,,
2023-02-28-15-56-43,2023,2,28,15,56,43.0,36.1800,22.1900,57,4.3,313,33,82,MED_RCMT (INGV),moment tensor inversion,from RCMT,S,,,,,,,,,,,,,,,,,,,,
2023-02-28-17-43-45,2023,2,28,17,43,45.7,41.0180,19.8220,23,4.1,128,42,64,ISC (TIR),moment tensor inversion,extracted from reviewed ISC FMCSV,S,,,,,,,,,,,,,,,,,,,,
2023-03-14-16-36-02,2023,3,14,16,36,1.6,35.6012,22.1356,18,5.4,319,71,-162,NOA,moment tensor inversion,from seismic portal,P,62.2,GCMT (PDEW),2023,3,14,16,35,59.2,35.53,22.15,10,5.4,124,47,140,2.4,8.0,8,0.0,65.8
2023-03-17-13-45-42,2023,3,17,13,45,42.4,37.9070,21.2929,21,4.1,272,81,-89,NOA,moment tensor inversion,from seismic portal,P,76.8,,,,,,,,,,,,,,,,,,,
2023-03-21-00-20-14,2023,3,21,0,20,15.1,38.9630,21.1229,14,4.5,53,38,-52,NOA,moment tensor inversion,from seismic portal,P,12.6,,,,,,,,,,,,,,,,,,,
2023-03-22-07-44-02,2023,3,22,7,44,2.3,37.8713,21.0482,5,4.0,222,79,-111,UOA,moment tensor inversion,from seismic portal,S,,,,,,,,,,,,,,,,,,,,
2023-03-23-01-43-20,2023,3,23,1,43,21.1,40.5401,20.7767,2,4.6,14,21,-149,NOA,moment tensor inversion,from seismic portal,P,39.0,GCMT (PDEW),2023,3,23,1,43,20.5,40.47,20.71,14.4,4.9,43,45,-104,0.6,9.6,-12.4,-0.3,34.4
2023-03-23-03-30-40,2023,3,23,3,30,40.0,40.4200,20.7300,10,4.1,251,47,-31,MED_RCMT (INGV),moment tensor inversion,from RCMT,P,17.6,,,,,,,,,,,,,,,,,,,
2023-03-30-19-23-03,2023,3,30,19,23,3.0,34.7200,25.2900,5,4.2,5,50,151,OCA,moment tensor inversion,from seismic portal,S,,,,,,,,,,,,,,,,,,,,
2023-03-31-16-05-17,2023,3,31,16,5,18.7,37.2629,24.0372,119,4.6,92,11,18,NOA,moment tensor inversion,from seismic portal,P,12.0,GCMT (PDEW),2023,3,31,16,5,17.3,37.27,24.11,129.1,4.8,170,10,94,1.4,6.5,-10.1,-0.2,13.2
2023-04-10-22-35-39,2023,4,10,22,35,38.5,34.7479,26.4532,4,4.1,85,71,47,NOA,moment tensor inversion,from seismic portal,P,94.2,,,,,,,,,,,,,,,,,,,
2023-04-19-03-52-39,2023,4,19,3,52,39.0,37.4700,21.2400,20,4.3,37,6,-176,MED_RCMT (INGV),moment tensor inversion,from RCMT,S,,,,,,,,,,,,,,,,,,,,
2023-04-22-08-38-05,2023,4,22,8,38,5.3,38.2600,24.2167,8,4.5,220,82,-175,NOA,moment tensor inversion,from seismic portal,P,23.3,,,,,,,,,,,,,,,,,,,
2023-04-26-20-00-36,2023,4,26,20,0,36.3,36.3199,26.3901,116,5.0,329,62,-161,NOA,moment tensor inversion,from seismic portal,P,8.8,GCMT (PDEW),2023,4,26,20,0,34.4,36.43,26.31,112.2,5.1,326,70,-164,1.9,14.2,3.8,-0.1,8.6
2023-04-29-18-02-57,2023,4,29,18,2,57.8,38.3743,22.0850,9,4.3,320,29,-38,NOA,moment tensor inversion,from seismic portal,P,29.1,,,,,,,,,,,,,,,,,,,
2023-05-01-15-06-03,2023,5,1,15,6,3.4,39.6103,20.6461,13,4.2,169,73,170,NOA,moment tensor inversion,from seismic portal,P,66.6,,,,,,,,,,,,,,,,,,,
2023-05-06-14-43-23,2023,5,6,14,43,23.8,34.9014,23.5156,36,4.3,112,80,80,NOA,moment tensor inversion,from seismic portal,P,94.3,,,,,,,,,,,,,,,,,,,
2023-05-08-04-53-11,2023,5,8,4,53,11.0,37.5293,19.8926,16,4.3,147,68,100,NOA,moment tensor inversion,from seismic portal,P,10.4,,,,,,,,,,,,,,,,,,,
2023-05-17-19-55-54,2023,5,17,19,55,54.9,34.9942,24.8428,5,4.1,292,34,-75,NOA,moment tensor inversion,from seismic portal,P,14.8,,,,,,,,,,,,,,,,,,,
2023-05-18-05-42-34,2023,5,18,5,42,34.6,38.0782,22.7010,10,4.0,314,41,-21,NOA,moment tensor inversion,from seismic portal,S,,,,,,,,,,,,,,,,,,,,
2023-05-18-18-58-51,2023,5,18,18,58,51.9,34.9997,24.8300,5,4.7,98,56,-90,NOA,moment tensor inversion,from seismic portal,P,17.2,GCMT (PDEW),2023,5,18,18,58,51.1,34.99,24.85,10.8,5.1,280,31,-70,0.8,2.1,-5.8,-0.4,18.6
2023-05-18-23-52-55,2023,5,18,23,52,54.2,34.9814,24.8227,6,4.0,292,34,-75,NOA,moment tensor inversion,from seismic portal,P,10.9,,,,,,,,,,,,,,,,,,,
2023-05-20-00-48-13,2023,5,20,0,48,14.1,34.9368,24.8788,5,4.4,240,38,-113,NOA,moment tensor inversion,from seismic portal,P,19.1,,,,,,,,,,,,,,,,,,,
2023-05-21-04-36-06,2023,5,21,4,36,8.0,35.0277,24.8465,5,4.1,283,27,-83,NOA,moment tensor inversion,from seismic portal,P,21.5,,,,,,,,,,,,,,,,,,,
2023-06-07-12-26-39,2023,6,7,12,26,41.1,41.9422,24.8892,4,4.5,297,71,-59,NOA,moment tensor inversion,from seismic portal,P,21.5,,,,,,,,,,,,,,,,,,,
2023-06-08-12-33-53,2023,6,8,12,33,53.6,38.5889,22.9213,9,4.9,48,85,-139,NOA,moment tensor inversion,from seismic portal,P,27.7,GCMT (PDEW),2023,6,8,12,33,53.3,38.6,22.96,10,4.8,229,75,175,0.3,3.6,-1,0.1,41.0
2023-06-10-02-55-03,2023,6,10,2,55,3.0,34.5300,25.3700,48,4.3,58,56,152,MED_RCMT (INGV),moment tensor inversion,from RCMT,S,,,,,,,,,,,,,,,,,,,,
2023-06-10-10-04-51,2023,6,10,10,4,50.6,38.6142,22.8726,11,4.1,314,56,-5,NOA,moment tensor inversion,from seismic portal,P,22.8,,,,,,,,,,,,,,,,,,,
2023-06-11-04-42-01,2023,6,11,4,42,1.0,37.7600,27.1000,16,4.2,155,80,-33,OCA,moment tensor inversion,from seismic portal,S,,,,,,,,,,,,,,,,,,,,
2023-06-26-09-15-22,2023,6,26,9,15,20.4,40.2104,20.6529,6,4.2,245,40,-58,NOA,moment tensor inversion,from seismic portal,P,18.8,,,,,,,,,,,,,,,,,,,
2023-06-28-00-49-51,2023,6,28,0,49,51.8,39.3040,20.6210,7,5.7,337,37,106,Svigkas et al. (2021),moment tensor inversion,"Kanallaki, 1/3/2020 mainshock",S,,,,,,,,,,,,,,,,,,,,
2023-06-30-07-49-47,2023,6,30,7,49,48.0,36.6200,25.6800,10,4.0,40,57,-129,OCA,moment tensor inversion,from seismic portal,P,37.7,,,,,,,,,,,,,,,,,,,
2023-07-08-14-02-51,2023,7,8,14,2,51.1,38.5684,21.7960,7,4.4,90,83,-170,NOA,moment tensor inversion,from seismic portal,P,42.6,,,,,,,,,,,,,,,,,,,
2023-07-20-23-49-14,2023,7,20,23,49,14.0,37.7260,27.1080,13,4.0,246,68,-162,AFAD,moment tensor inversion,from seismic portal,S,,,,,,,,,,,,,,,,,,,,
2023-08-01-21-52-43,2023,8,1,21,52,43.0,34.7700,26.1100,10,4.5,247,64,-16,MED_RCMT (INGV),moment tensor inversion,from RCMT,S,,,,,,,,,,,,,,,,,,,,
2023-08-13-07-49-31,2023,8,13,7,49,32.0,35.2500,23.8800,7,4.7,315,75,132,OCA,moment tensor inversion,from seismic portal,P,56.1,GCMT (PDEW),2023,8,13,7,49,31.3,35.28,23.85,10,5.1,293,25,104,0.7,4.3,-3,-0.4,53.5
2023-08-21-15-45-58,2023,8,21,15,45,58.0,36.7266,28.3040,70,4.6,8,71,159,NOA,moment tensor inversion,from seismic portal,P,65.1,,,,,,,,,,,,,,,,,,,
2023-08-27-03-09-41,2023,8,27,3,9,40.0,36.2600,27.8200,14,4.3,172,35,-20,MED_RCMT (INGV),moment tensor inversion,from RCMT,P,66.8,,,,,,,,,,,,,,,,,,,
2023-08-28-22-10-20,2023,8,28,22,10,20.0,35.7200,25.5800,6,4.2,140,43,129,OCA,moment tensor inversion,from seismic portal,S,,,,,,,,,,,,,,,,,,,,
2023-09-04-05-26-08,2023,9,4,5,26,8.0,37.9700,27.1300,12,4.3,319,68,-22,KOERI,moment tensor inversion,from seismic portal,P,67.4,,,,,,,,,,,,,,,,,,,
2023-09-25-01-48-11,2023,9,25,1,48,10.6,38.1935,22.6891,6,4.1,276,42,-70,UPSL,moment tensor inversion,from seismic portal,P,10.3,,,,,,,,,,,,,,,,,,,
2023-09-25-20-27-51,2023,9,25,20,27,51.4,38.1898,22.6753,12,4.0,297,30,-65,UPSL,moment tensor inversion,from seismic portal,P,42.9,,,,,,,,,,,,,,,,,,,
2023-09-30-09-38-54,2023,9,30,9,38,54.0,36.9300,27.0900,12,4.1,45,44,-50,OCA,moment tensor inversion,from seismic portal,S,,,,,,,,,,,,,,,,,,,,
2023-10-11-18-45-37,2023,10,11,18,45,37.0,39.0935,21.4568,5,4.2,328,53,-74,NOA,moment tensor inversion,from seismic portal,S,,,,,,,,,,,,,,,,,,,,
2023-10-17-14-51-12,2023,10,17,14,51,12.6,37.4519,23.1642,77,4.1,91,65,134,NOA,moment tensor inversion,from seismic portal,S,,,,,,,,,,,,,,,,,,,,
2023-10-18-12-55-24,2023,10,18,12,55,24.0,38.2000,27.6900,10,4.2,93,48,-88,KOERI,moment tensor inversion,from seismic portal,P,87.4,,,,,,,,,,,,,,,,,,,
2023-10-21-03-47-54,2023,10,21,3,47,54.0,34.8400,26.4000,4,4.0,140,89,-179,OCA,moment tensor inversion,from seismic portal,P,77.2,,,,,,,,,,,,,,,,,,,
2023-10-22-08-13-37,2023,10,22,8,13,37.4,38.8985,22.2276,14,4.0,171,87,145,NOA,moment tensor inversion,from seismic portal,S,,,,,,,,,,,,,,,,,,,,
2023-10-25-00-36-09,2023,10,25,0,36,9.0,35.3800,21.9300,10,4.3,181,43,154,MED_RCMT (INGV),moment tensor inversion,from RCMT,S,,,,,,,,,,,,,,,,,,,,
2023-10-29-10-59-30,2023,10,29,10,59,30.0,38.1800,22.7400,10,4.1,69,41,-112,MED_RCMT (INGV),moment tensor inversion,from RCMT,S,,,,,,,,,,,,,,,,,,,,
2023-11-03-03-55-40,2023,11,3,3,55,40.0,35.3900,27.3600,17,4.3,62,73,10,MED_RCMT (INGV),moment tensor inversion,from RCMT,S,,,,,,,,,,,,,,,,,,,,
2023-11-03-06-26-39,2023,11,3,6,26,38.1,38.7088,23.5545,11,5.0,40,88,-178,NOA,moment tensor inversion,from seismic portal,P,19.3,GCMT (PDEW),2023,11,3,6,26,38.3,38.69,23.56,10.4,5.1,130,79,-4,-0.2,2.1,0.6,-0.1,14.3
2023-11-13-05-28-28,2023,11,13,5,28,28.5,37.7098,29.9521,14,4.3,33,54,-100,NEIC,moment tensor inversion,from seismic portal,P,16.9,,,,,,,,,,,,,,,,,,,
2023-11-30-12-39-20,2023,11,30,12,39,18.7,37.7335,20.3476,17,4.2,292,13,-77,NOA,moment tensor inversion,from seismic portal,P,73.1,,,,,,,,,,,,,,,,,,,
2023-12-03-08-37-58,2023,12,3,8,37,58.0,37.4500,22.1700,43,4.4,89,66,168,MED_RCMT (INGV),moment tensor inversion,from RCMT,S,,,,,,,,,,,,,,,,,,,,
2023-12-04-07-42-20,2023,12,4,7,42,20.0,40.4100,28.8500,6,5.0,273,45,-119,KOERI,moment tensor inversion,from seismic portal,P,25.2,GCMT (PDEW),2023,12,4,7,42,20.5,40.44,28.85,10.1,5.1,125,43,-75,-0.5,3.3,-4.1,-0.1,11.9
2023-12-16-17-33-43,2023,12,16,17,33,43.0,36.4906,28.8678,30,4.0,267,33,143,AFAD,moment tensor inversion,from seismic portal,S,,,,,,,,,,,,,,,,,,,,
2024-01-05-21-51-58,2024,1,5,21,51,59.8,39.7311,20.4673,43,4.3,335,62,-145,NOA,moment tensor inversion,from seismic portal,P,34.0,,,,,,,,,,,,,,,,,,,
2024-01-06-11-53-31,2024,1,6,11,53,31.0,38.8300,26.8886,9,4.2,317,43,-61,AFAD,moment tensor inversion,from seismic portal,S,,,,,,,,,,,,,,,,,,,,
2024-01-10-21-40-23,2024,1,10,21,40,23.0,36.5600,27.7600,10,4.1,77,44,-85,MED_RCMT (INGV),moment tensor inversion,from RCMT,S,,,,,,,,,,,,,,,,,,,,
2024-01-12-03-51-04,2024,1,12,3,51,4.0,34.8900,22.9300,10,4.5,80,47,65,MED_RCMT (INGV),moment tensor inversion,from RCMT,S,,,,,,,,,,,,,,,,,,,,
2024-01-13-23-17-51,2024,1,13,23,17,53.4,41.0330,19.7433,24,4.5,176,62,123,NEIC,moment tensor inversion,from seismic portal,P,37.2,,,,,,,,,,,,,,,,,,,
2024-01-16-05-20-52,2024,1,16,5,20,51.7,37.2867,22.9660,16,4.6,284,34,-128,NOA,moment tensor inversion,from seismic portal,P,11.7,,,,,,,,,,,,,,,,,,,
2024-01-19-14-14-15,2024,1,19,14,14,15.0,38.5591,24.3488,14,4.6,73,84,-166,NOA,moment tensor inversion,from seismic portal,P,25.4,GCMT (PDEW),2024,1,19,14,14,14.8,38.61,24.24,9,4.5,83,55,-146,0.2,11.0,5,0.1,34.5
2024-01-27-05-19-19,2024,1,27,5,19,19.0,37.9700,27.1400,11,5.0,96,41,-95,KOERI,moment tensor inversion,from seismic portal,P,22.3,GCMT (PDEW),2024,1,27,5,19,19.5,37.98,27.12,11.3,5.1,303,42,-64,-0.5,2.1,-0.3,-0.1,17.7
2024-02-06-13-41-47,2024,2,6,13,41,47.0,36.0100,20.4000,27,4.2,101,51,34,MED_RCMT (INGV),moment tensor inversion,from RCMT,S,,,,,,,,,,,,,,,,,,,,
2024-02-08-02-20-25,2024,2,8,2,20,24.1,35.2658,22.7346,16,4.5,171,87,168,NOA,moment tensor inversion,from seismic portal,P,27.8,,,,,,,,,,,,,,,,,,,
2024-02-19-01-25-43,2024,2,19,1,25,43.0,35.2600,27.6900,10,4.4,328,79,-176,MED_RCMT (INGV),moment tensor inversion,from RCMT,S,,,,,,,,,,,,,,,,,,,,
2024-02-22-11-21-02,2024,2,22,11,21,2.2,38.4576,22.3737,9,4.1,227,87,-167,NOA,moment tensor inversion,from seismic portal,P,9.3,,,,,,,,,,,,,,,,,,,
2024-02-24-22-59-01,2024,2,24,22,59,1.9,38.6671,25.5348,12,4.2,49,81,-175,NOA,moment tensor inversion,from seismic portal,P,43.3,,,,,,,,,,,,,,,,,,,
2024-02-27-13-09-54,2024,2,27,13,9,54.0,40.3000,27.0100,10,4.5,270,85,161,KOERI,moment tensor inversion,from seismic portal,P,40.3,,,,,,,,,,,,,,,,,,,
2024-03-04-18-38-55,2024,3,4,18,38,55.0,39.9800,27.4400,15,4.3,158,62,-13,KOERI,moment tensor inversion,from seismic portal,P,20.4,,,,,,,,,,,,,,,,,,,
2024-03-05-13-17-51,2024,3,5,13,17,51.0,35.4578,27.4258,13,4.0,81,36,-75,AFAD,moment tensor inversion,from seismic portal,S,,,,,,,,,,,,,,,,,,,,
2024-03-08-04-27-12,2024,3,8,4,27,12.0,36.4300,28.4200,60,4.6,92,53,79,KOERI,moment tensor inversion,from seismic portal,P,27.6,,,,,,,,,,,,,,,,,,,
2024-03-21-19-20-41,2024,3,21,19,20,41.0,39.6400,28.7756,8,4.0,259,87,-161,AFAD,moment tensor inversion,from seismic portal,S,,,,,,,,,,,,,,,,,,,,
2024-03-22-05-20-41,2024,3,22,5,20,41.8,39.6422,19.2689,12,4.5,303,52,-108,NOA,moment tensor inversion,from seismic portal,P,17.5,,,,,,,,,,,,,,,,,,,
2024-03-23-04-56-51,2024,3,23,4,56,51.0,35.1922,27.6089,16,4.3,358,58,-136,AFAD,moment tensor inversion,from seismic portal,S,,,,,,,,,,,,,,,,,,,,
2024-03-25-02-04-43,2024,3,25,2,4,43.0,37.0350,29.0242,7,4.0,140,49,-61,AFAD,moment tensor inversion,from seismic portal,S,,,,,,,,,,,,,,,,,,,,
2024-03-29-07-12-49,2024,3,29,7,12,49.9,37.2506,21.2961,36,5.8,117,87,178,NOA,moment tensor inversion,from seismic portal,P,14.0,GCMT,2024,3,29,7,12,50.0,37.16,21.26,28,5.8,208,74,6,-0.1,10.6,8,0.0,14.3
2024-03-31-10-38-02,2024,3,31,10,38,3.0,34.4000,26.6300,13,4.5,295,70,171,KOERI,moment tensor inversion,from seismic portal,P,22.3,,,,,,,,,,,,,,,,,,,
2024-04-02-13-33-41,2024,4,2,13,33,41.9,36.5195,27.7487,15,4.0,258,73,-75,NOA,moment tensor inversion,from seismic portal,P,17.9,,,,,,,,,,,,,,,,,,,
2024-04-08-21-59-23,2024,4,8,21,59,22.4,38.8242,21.0430,8,4.1,224,75,96,NOA,moment tensor inversion,from seismic portal,P,23.7,,,,,,,,,,,,,,,,,,,
2024-04-13-02-23-14,2024,4,13,2,23,14.8,38.9562,23.3947,16,4.4,214,88,176,NOA,moment tensor inversion,from seismic portal,P,15.3,,,,,,,,,,,,,,,,,,,
2024-04-13-16-54-09,2024,4,13,16,54,9.3,38.9604,23.3816,10,4.2,59,53,-130,NOA,moment tensor inversion,from seismic portal,P,21.1,,,,,,,,,,,,,,,,,,,
2024-04-14-02-02-43,2024,4,14,2,2,43.7,38.9563,23.4292,14,4.4,274,42,-75,NOA,moment tensor inversion,from seismic portal,P,25.5,,,,,,,,,,,,,,,,,,,
2024-04-15-06-06-29,2024,4,15,6,6,29.0,34.2300,26.2000,26,4.7,271,39,68,MED_RCMT (INGV),moment tensor inversion,from RCMT,S,,,,,,,,,,,,,,,,,,,,
2024-04-19-08-02-20,2024,4,19,8,2,21.3,37.8108,26.8367,4,4.2,311,76,-49,NOA,moment tensor inversion,from seismic portal,P,54.3,,,,,,,,,,,,,,,,,,,
2024-04-24-20-18-31,2024,4,24,20,18,31.8,36.2840,22.1610,10,4.3,165,47,-91,GFZ,moment tensor inversion,from seismic portal,S,,,,,,,,,,,,,,,,,,,,
2024-04-29-04-24-39,2024,4,29,4,24,39.0,35.7200,25.6100,12,4.1,340,85,-178,OCA,moment tensor inversion,from seismic portal,S,,,,,,,,,,,,,,,,,,,,
2024-05-10-12-56-13,2024,5,10,12,56,13.9,38.1560,20.3920,15,4.2,351,78,178,NOA,moment tensor inversion,from seismic portal,S,,,,,,,,,,,,,,,,,,,,
2024-05-15-04-57-55,2024,5,15,4,57,55.3,38.9378,26.0316,3,4.3,91,49,-91,NOA,moment tensor inversion,from seismic portal,P,17.1,,,,,,,,,,,,,,,,,,,
2024-05-15-12-42-45,2024,5,15,12,42,45.0,34.5300,26.3900,57,4.4,284,44,90,MED_RCMT (INGV),moment tensor inversion,from RCMT,S,,,,,,,,,,,,,,,,,,,,
2024-05-19-07-37-07,2024,5,19,7,37,7.0,35.0100,24.3100,24,4.0,225,35,21,OCA,moment tensor inversion,from seismic portal,S,,,,,,,,,,,,,,,,,,,,
2024-05-24-03-29-25,2024,5,24,3,29,25.4,39.6220,19.2980,20,4.0,148,37,-82,ISC (TIR),moment tensor inversion,extracted from ISC FMCSV,S,,,,,,,,,,,,,,,,,,,,
2024-05-26-15-15-12,2024,5,26,15,15,13.0,36.7100,27.1400,160,4.4,195,85,99,OCA,moment tensor inversion,from seismic portal,P,99.8,,,,,,,,,,,,,,,,,,,
2024-05-30-23-41-50,2024,5,30,23,41,50.0,36.4400,27.1100,20,4.2,4,37,-134,MED_RCMT (INGV),moment tensor inversion,from RCMT,S,,,,,,,,,,,,,,,,,,,,
2024-06-02-08-53-43,2024,6,2,8,53,43.0,37.5500,24.5100,15,4.1,189,40,-65,MED_RCMT (INGV),moment tensor inversion,from RCMT,S,,,,,,,,,,,,,,,,,,,,
2024-06-11-18-00-41,2024,6,11,18,0,41.0,38.9700,23.3300,13,4.0,40,50,-148,OCA,moment tensor inversion,from seismic portal,S,,,,,,,,,,,,,,,,,,,,
2024-06-11-19-08-23,2024,6,11,19,8,23.4,38.0560,21.7016,18,4.1,231,72,180,UPSL,moment tensor inversion,from seismic portal,P,48.3,,,,,,,,,,,,,,,,,,,
2024-06-12-19-19-11,2024,6,12,19,19,11.0,36.0400,27.9800,48,4.8,345,47,-177,KOERI,moment tensor inversion,from seismic portal,P,27.3,GCMT (PDEW),2024,6,12,19,19,10.9,35.97,27.95,61.4,4.7,348,63,176,0.1,8.2,-13.4,0.1,18.4
2024-06-21-06-09-22,2024,6,21,6,9,22.0,34.9400,23.5000,38,4.7,299,47,131,MED_RCMT (INGV),moment tensor inversion,from RCMT,S,,,,,,,,,,,,,,,,,,,,
2024-06-23-08-14-01,2024,6,23,8,14,1.4,35.0423,23.5193,25,4.2,86,70,-38,NEIC,moment tensor inversion,from seismic portal,S,,,,,,,,,,,,,,,,,,,,
2024-06-24-22-36-45,2024,6,24,22,36,44.0,39.3100,27.5400,13,4.7,151,54,-36,KOERI,moment tensor inversion,from seismic portal,P,31.0,GCMT (PDEW),2024,6,24,22,36,44.3,39.28,27.55,10.2,4.7,321,43,-59,-0.3,3.4,2.8,0.0,62.6
2024-06-26-19-50-42,2024,6,26,19,50,41.4,40.2260,25.1619,5,4.1,335,76,-49,NOA,moment tensor inversion,from seismic portal,P,46.4,,,,,,,,,,,,,,,,,,,
2024-06-28-18-28-34,2024,6,28,18,28,34.0,34.5000,24.8800,11,4.0,85,90,-23,OCA,moment tensor inversion,from seismic portal,S,,,,,,,,,,,,,,,,,,,,
2024-07-02-18-52-12,2024,7,2,18,52,11.1,34.7832,24.8131,1,4.3,16,29,-126,NOA,moment tensor inversion,from seismic portal,P,48.1,GCMT (PDEW),2024,7,2,18,52,12.1,34.75,24.86,13.1,4.8,205,44,-112,-1.0,5.7,-12.1,-0.5,40.1
2024-07-02-19-34-35,2024,7,2,19,34,32.6,34.6646,24.7842,3,4.7,77,18,-28,NOA,moment tensor inversion,from seismic portal,P,57.5,GCMT (PDEW),2024,7,2,19,34,35.1,34.79,24.89,10,4.8,189,52,-131,-2.5,17.0,-7,-0.1,37.6
2024-07-06-17-34-30,2024,7,6,17,34,30.4,37.7841,21.1026,8,4.8,283,65,-12,NOA,moment tensor inversion,from seismic portal,P,35.4,GCMT (PDEW),2024,7,6,17,34,28.0,37.74,21.19,8.4,4.9,282,76,-1,2.4,9.1,-0.4,-0.1,15.8
2024-07-07-14-41-03,2024,7,7,14,41,3.9,37.8218,21.1749,7,4.5,205,76,120,NOA,moment tensor inversion,from seismic portal,P,44.8,,,,,,,,,,,,,,,,,,,
2024-07-09-09-11-51,2024,7,9,9,11,53.0,36.6900,28.1500,75,4.1,70,65,53,OCA,moment tensor inversion,from seismic portal,P,23.0,,,,,,,,,,,,,,,,,,,
2024-07-12-06-48-27,2024,7,12,6,48,28.3,39.3173,20.8614,17,4.0,84,60,-12,NOA,moment tensor inversion,from seismic portal,P,36.0,,,,,,,,,,,,,,,,,,,
2024-07-12-19-26-44,2024,7,12,19,26,44.5,38.0694,21.9045,23,4.5,245,70,174,NOA,moment tensor inversion,from seismic portal,P,53.2,,,,,,,,,,,,,,,,,,,
2024-07-19-19-26-09,2024,7,19,19,26,9.0,40.6808,27.4636,8,4.1,291,78,-136,AFAD,moment tensor inversion,from seismic portal,S,,,,,,,,,,,,,,,,,,,,
2024-07-20-15-38-09,2024,7,20,15,38,12.8,35.1142,23.5423,26,4.6,296,89,-131,NOA,moment tensor inversion,from seismic portal,P,14.1,,,,,,,,,,,,,,,,,,,
2024-07-21-04-01-30,2024,7,21,4,1,31.2,34.9817,23.2804,33,5.3,299,89,-94,NOA,moment tensor inversion,from seismic portal,P,27.8,GCMT (PDEW),2024,7,21,4,1,26.9,34.87,23.24,10,5.3,302,19,94,4.3,12.9,23,0.0,20.6
2024-07-22-14-39-22,2024,7,22,14,39,21.6,39.6791,26.4733,16,4.6,72,67,-152,NOA,moment tensor inversion,from seismic portal,P,28.2,,,,,,,,,,,,,,,,,,,
2024-07-24-00-42-06,2024,7,24,0,42,5.0,41.6400,19.4600,10,4.4,105,65,25,INGV,moment tensor inversion,from seismic portal,P,25.4,,,,,,,,,,,,,,,,,,,
2024-07-26-16-02-27,2024,7,26,16,2,27.6,35.6008,25.7580,6,4.2,37,56,-20,NOA,moment tensor inversion,from seismic portal,P,28.5,,,,,,,,,,,,,,,,,,,
2024-08-03-02-05-35,2024,8,3,2,5,35.0,39.8314,28.7589,5,4.0,133,89,17,AFAD,moment tensor inversion,from seismic portal,S,,,,,,,,,,,,,,,,,,,,
2024-08-07-08-23-53,2024,8,7,8,23,54.4,34.8770,24.9033,4,4.8,59,26,-51,NOA,moment tensor inversion,from seismic portal,P,44.7,GCMT (PDEW),2024,8,7,8,23,52.2,34.68,24.9,10,5,193,49,-125,2.2,21.9,-6,-0.2,26.6
2024-08-07-08-47-53,2024,8,7,8,47,54.0,34.7400,24.8200,18,4.6,83,28,-40,KOERI,moment tensor inversion,from seismic portal,P,60.0,GCMT (PDEW),2024,8,7,8,47,52.7,34.72,24.9,10,4.8,206,39,-96,1.3,7.7,8,-0.2,38.1
2024-08-09-07-38-21,2024,8,9,7,38,21.0,36.0217,28.8867,12,4.1,18,81,-16,AFAD,moment tensor inversion,from seismic portal,S,,,,,,,,,,,,,,,,,,,,
2024-08-09-08-51-50,2024,8,9,8,51,50.0,36.0225,28.8322,12,4.2,292,68,-169,AFAD,moment tensor inversion,from seismic portal,S,,,,,,,,,,,,,,,,,,,,
2024-08-09-14-05-10,2024,8,9,14,5,10.0,35.4400,22.4000,10,4.7,134,66,155,MED_RCMT (INGV),moment tensor inversion,from RCMT,S,,,,,,,,,,,,,,,,,,,,
2024-08-12-13-25-01,2024,8,12,13,24,59.7,40.3093,24.1786,6,4.3,233,61,-155,NOA,moment tensor inversion,from seismic portal,P,53.0,,,,,,,,,,,,,,,,,,,
2024-08-12-13-39-55,2024,8,12,13,39,54.7,40.2959,24.1697,14,4.2,230,71,-168,NOA,moment tensor inversion,from seismic portal,P,44.0,,,,,,,,,,,,,,,,,,,
2024-08-13-01-35-41,2024,8,13,1,35,42.0,34.8600,24.8400,20,4.2,125,27,155,KOERI,moment tensor inversion,from seismic portal,P,50.2,,,,,,,,,,,,,,,,,,,
2024-08-24-19-54-25,2024,8,24,19,54,25.1,40.2923,24.1671,8,4.2,233,63,-154,NOA,moment tensor inversion,from seismic portal,P,11.5,,,,,,,,,,,,,,,,,,,
2024-08-26-19-53-43,2024,8,26,19,53,42.7,38.9388,23.3940,13,4.6,34,85,-169,NOA,moment tensor inversion,from seismic portal,P,22.3,GCMT (PDEW),2024,8,26,19,53,43.7,38.95,23.37,10,4.6,306,86,2,-1.0,2.4,3,0.0,10.1
2024-08-28-16-29-54,2024,8,28,16,29,54.2,34.8540,24.1524,34,5.1,300,81,-98,NOA,moment tensor inversion,from seismic portal,P,31.6,GCMT (PDEW),2024,8,28,16,29,56.0,34.78,24.22,45.2,5.1,272,31,75,-1.8,10.3,-11.2,0.0,40.3
2024-09-11-04-22-25,2024,9,11,4,22,25.9,37.9839,22.3000,13,4.2,296,46,-58,NOA,moment tensor inversion,from seismic portal,P,38.4,,,,,,,,,,,,,,,,,,,
2024-09-17-11-22-57,2024,9,17,11,22,57.0,38.9508,27.7175,18,4.0,177,78,-27,AFAD,moment tensor inversion,from seismic portal,S,,,,,,,,,,,,,,,,,,,,
2024-09-22-08-47-24,2024,9,22,8,47,23.8,40.2827,24.0880,8,4.2,144,71,-29,NOA,moment tensor inversion,from seismic portal,P,14.5,,,,,,,,,,,,,,,,,,,
2024-09-22-09-50-24,2024,9,22,9,50,24.1,40.3050,24.1655,10,4.8,240,60,-153,NOA,moment tensor inversion,from seismic portal,P,14.9,GCMT (PDEW),2024,9,22,9,50,26.0,40.31,24.21,10,4.8,131,48,-40,-1.9,3.8,0,0.0,19.8
2024-09-22-09-57-16,2024,9,22,9,57,16.0,40.3000,24.1300,8,4.0,140,75,-33,OCA,moment tensor inversion,from seismic portal,S,,,,,,,,,,,,,,,,,,,,
2024-09-22-18-27-44,2024,9,22,18,27,44.7,37.8141,21.8607,28,4.2,69,70,159,NEIC,moment tensor inversion,from seismic portal,P,83.0,,,,,,,,,,,,,,,,,,,
2024-09-28-12-18-15,2024,9,28,12,18,15.3,37.3599,21.2813,16,4.5,274,78,-84,NOA,moment tensor inversion,from seismic portal,P,14.3,,,,,,,,,,,,,,,,,,,
2024-10-01-04-14-24,2024,10,1,4,14,23.7,39.7618,20.2463,8,4.0,168,75,99,NOA,moment tensor inversion,from seismic portal,P,49.7,,,,,,,,,,,,,,,,,,,
2024-10-01-11-49-04,2024,10,1,11,49,4.0,38.9275,26.0022,11,4.0,109,46,-77,AFAD,moment tensor inversion,from seismic portal,S,,,,,,,,,,,,,,,,,,,,
2024-10-06-12-08-40,2024,10,6,12,8,39.5,39.0468,25.7881,7,4.1,286,56,-106,NOA,moment tensor inversion,from seismic portal,P,9.2,,,,,,,,,,,,,,,,,,,
2024-10-07-05-54-59,2024,10,7,5,55,1.5,34.9002,26.4345,6,4.3,166,89,-139,NOA,moment tensor inversion,from seismic portal,P,64.6,,,,,,,,,,,,,,,,,,,
2024-10-07-06-18-46,2024,10,7,6,18,46.1,38.2830,23.3359,1,4.4,62,47,-106,NOA,moment tensor inversion,from seismic portal,P,23.0,GCMT (PDEW),2024,10,7,6,18,46.4,38.27,23.33,10,4.5,71,46,-110,-0.3,1.5,-9,-0.1,12.1
2024-10-07-08-33-18,2024,10,7,8,33,18.0,34.7900,24.9100,10,4.0,321,21,175,MED_RCMT (INGV),moment tensor inversion,from RCMT,S,,,,,,,,,,,,,,,,,,,,
2024-10-09-21-20-47,2024,10,9,21,20,46.7,39.2044,21.6803,13,4.1,334,9,-61,NOA,moment tensor inversion,from seismic portal,P,60.2,,,,,,,,,,,,,,,,,,,
2024-10-15-16-54-22,2024,10,15,16,54,23.0,35.6200,28.6600,15,4.7,70,40,69,KOERI,moment tensor inversion,from seismic portal,P,13.1,GCMT (PDEW),2024,10,15,16,54,21.5,35.53,28.71,25.4,4.6,62,42,58,1.5,11.0,-10.4,0.1,7.5
2024-10-18-00-37-05,2024,10,18,0,37,4.8,38.4480,20.4698,13,4.3,17,11,160,NOA,moment tensor inversion,from seismic portal,P,20.9,,,,,,,,,,,,,,,,,,,
2024-10-19-07-08-31,2024,10,19,7,8,32.2,34.9924,26.3150,1,4.5,3,36,-75,NOA,moment tensor inversion,from seismic portal,P,51.8,GCMT (PDEW),2024,10,19,7,8,29.7,34.73,26.24,15.6,4.8,229,35,-42,2.5,29.9,-14.6,-0.3,49.0
2024-10-27-14-56-00,2024,10,27,14,56,1.0,39.3400,26.2800,17,4.2,60,80,171,OCA,moment tensor inversion,from seismic portal,P,44.1,,,,,,,,,,,,,,,,,,,
2024-11-03-17-03-53,2024,11,3,17,3,51.4,40.1296,23.2981,11,5.3,114,37,-84,NOA,moment tensor inversion,from seismic portal,P,17.1,GCMT (PDEW),2024,11,3,17,3,52.2,40.13,23.25,9,5.2,105,35,-106,-0.8,4.1,2,0.1,15.8
2024-11-05-00-37-15,2024,11,5,0,37,15.5,38.0133,21.8952,62,4.4,313,88,-139,NOA,moment tensor inversion,from seismic portal,P,23.7,,,,,,,,,,,,,,,,,,,
2024-11-22-09-29-48,2024,11,22,9,29,49.0,36.4700,26.8100,130,4.0,90,75,8,OCA,moment tensor inversion,from seismic portal,P,14.2,,,,,,,,,,,,,,,,,,,
2024-12-03-16-51-29,2024,12,3,16,51,29.0,37.8828,27.5767,9,4.0,131,38,-92,AFAD,moment tensor inversion,from seismic portal,S,,,,,,,,,,,,,,,,,,,,
2024-12-11-04-44-19,2024,12,11,4,44,19.3,34.7381,26.9456,27,4.3,69,65,-97,ISC (NEIC),moment tensor inversion,extracted from ISC FMCSV,S,,,,,,,,,,,,,,,,,,,,
2024-12-12-11-34-52,2024,12,12,11,34,52.0,40.4407,26.2097,14,4.1,78,73,-179,NOA,moment tensor inversion,from seismic portal,P,16.9,,,,,,,,,,,,,,,,,,,
2024-12-13-08-12-18,2024,12,13,8,12,18.7,40.2120,24.3180,10,4.0,117,47,-77,GFZ,moment tensor inversion,from seismic portal,S,,,,,,,,,,,,,,,,,,,,
2024-12-13-08-34-13,2024,12,13,8,34,12.5,40.2989,24.1593,14,4.6,241,58,-155,NOA,moment tensor inversion,from seismic portal,P,36.8,GCMT (PDEW),2024,12,13,8,34,13.1,40.33,24.08,10,4.6,282,41,-92,-0.6,7.6,4,0.0,49.3
2024-12-21-16-29-53,2024,12,21,16,29,52.2,38.5405,21.5995,7,4.9,332,38,-38,NOA,moment tensor inversion,from seismic portal,P,28.4,GCMT (PDEW),2024,12,21,16,29,52.5,38.66,21.61,10,5,317,43,-51,-0.3,13.3,-3,-0.1,11.0
2024-12-22-19-09-57,2024,12,22,19,9,54.0,34.5500,26.2700,28,4.9,129,75,25,KOERI,moment tensor inversion,from seismic portal,P,90.7,,,,,,,,,,,,,,,,,,,
2024-12-29-00-15-11,2024,12,29,0,15,11.0,35.4000,27.0908,16,4.3,43,39,-63,AFAD,moment tensor inversion,from seismic portal,S,,,,,,,,,,,,,,,,,,,,
2024-12-29-08-02-09,2024,12,29,8,2,8.0,35.0400,26.4600,34,4.7,219,80,-6,MED_RCMT (INGV),moment tensor inversion,from RCMT,P,88.9,,,,,,,,,,,,,,,,,,,
2025-01-03-11-58-11,2025,1,3,11,58,10.2,34.8477,23.3450,24,4.3,126,2,0,NOA,moment tensor inversion,from seismic portal,P,11.8,,,,,,,,,,,,,,,,,,,
2025-01-05-17-43-04,2025,1,5,17,43,4.0,37.1478,28.7706,7,4.0,277,48,-131,AFAD,moment tensor inversion,from seismic portal,S,,,,,,,,,,,,,,,,,,,,
2025-01-06-01-30-33,2025,1,6,1,30,33.0,36.0469,28.1222,14,4.0,356,28,-128,AFAD,moment tensor inversion,from seismic portal,S,,,,,,,,,,,,,,,,,,,,
2025-01-06-09-47-57,2025,1,6,9,47,58.3,37.3992,21.6610,3,4.7,337,44,-69,NOA,moment tensor inversion,from seismic portal,P,18.0,GCMT (PDEW),2025,1,6,9,47,57.1,37.33,21.63,10,4.9,336,37,-77,1.2,8.2,-7,-0.2,10.1
2025-01-21-20-38-44,2025,1,21,20,38,44.1,39.3942,26.2637,7,5.0,298,53,-70,NOA,moment tensor inversion,from seismic portal,P,14.5,GCMT (PDEW),2025,1,21,20,38,43.3,39.46,26.3,5.6,5,96,45,-107,0.8,7.9,1.4,0.0,7.3
2025-01-24-13-39-01,2025,1,24,13,38,59.0,41.8800,19.3600,10,4.2,273,24,58,INGV,moment tensor inversion,from seismic portal,P,23.3,,,,,,,,,,,,,,,,,,,
2025-01-27-10-43-46,2025,1,27,10,43,46.0,40.2108,28.9525,10,4.0,192,84,-9,AFAD,moment tensor inversion,from seismic portal,S,,,,,,,,,,,,,,,,,,,,
2025-01-30-15-55-28,2025,1,30,15,55,28.1,38.4219,24.0444,9,4.1,271,50,-121,NOA,moment tensor inversion,from seismic portal,P,34.2,,,,,,,,,,,,,,,,,,,
2025-01-31-07-36-04,2025,1,31,7,36,4.5,37.4932,20.6270,17,4.2,308,79,-78,NOA,moment tensor inversion,from seismic portal,S,,,,,,,,,,,,,,,,,,,,
2025-01-31-12-08-27,2025,1,31,12,8,27.0,35.1300,21.2600,20,4.4,311,44,105,MED_RCMT (INGV),moment tensor inversion,from RCMT,S,,,,,,,,,,,,,,,,,,,,
2025-02-01-05-31-33,2025,2,1,5,31,33.8,36.6050,25.5780,6,4.1,236,50,-76,GFZ,moment tensor inversion,from seismic portal,P,15.8,,,,,,,,,,,,,,,,,,,
2025-02-01-10-16-35,2025,2,1,10,16,35.8,36.5850,25.6490,7,4.0,57,41,-90,GFZ,moment tensor inversion,from seismic portal,S,,,,,,,,,,,,,,,,,,,,
2025-02-01-12-51-43,2025,2,1,12,51,43.8,36.5960,25.6390,7,4.2,47,38,-111,GFZ,moment tensor inversion,from seismic portal,S,,,,,,,,,,,,,,,,,,,,
2025-02-01-13-29-55,2025,2,1,13,29,56.8,36.6100,25.6110,7,4.2,45,38,-99,GFZ,moment tensor inversion,from seismic portal,P,17.4,,,,,,,,,,,,,,,,,,,
2025-02-02-06-48-07,2025,2,2,6,48,8.8,36.6225,25.6874,16,4.0,242,40,-73,NOA,moment tensor inversion,from seismic portal,P,11.9,,,,,,,,,,,,,,,,,,,
2025-02-02-07-22-05,2025,2,2,7,22,5.7,36.5874,25.7694,10,4.4,44,40,-92,NOA,moment tensor inversion,from seismic portal,P,20.2,GCMT (PDEW),2025,2,2,7,22,5.3,36.64,25.59,10,4.6,226,43,-82,0.4,17.1,0,-0.2,9.7
2025-02-02-08-37-03,2025,2,2,8,37,3.9,36.6160,25.6400,8,4.1,42,44,-107,GFZ,moment tensor inversion,from seismic portal,S,,,,,,,,,,,,,,,,,,,,
2025-02-02-11-04-14,2025,2,2,11,4,15.1,36.5700,25.6595,7,4.2,32,46,-110,NOA,moment tensor inversion,from seismic portal,P,30.4,,,,,,,,,,,,,,,,,,,
2025-02-02-11-35-35,2025,2,2,11,35,34.1,36.6070,25.6450,6,4.0,40,44,-104,GFZ,moment tensor inversion,from seismic portal,P,43.3,,,,,,,,,,,,,,,,,,,
2025-02-02-11-41-28,2025,2,2,11,41,28.5,36.6408,25.6691,8,4.1,39,30,-95,NOA,moment tensor inversion,from seismic portal,P,27.1,,,,,,,,,,,,,,,,,,,
2025-02-02-12-10-10,2025,2,2,12,10,10.0,36.5800,26.0500,12,4.1,85,70,37,OCA,moment tensor inversion,from seismic portal,S,,,,,,,,,,,,,,,,,,,,
2025-02-02-12-55-42,2025,2,2,12,55,43.0,36.5600,25.5600,10,4.8,38,43,-103,KOERI,moment tensor inversion,from seismic portal,P,24.5,GCMT (PDEW),2025,2,2,12,55,42.2,36.65,25.67,10,4.8,233,38,-84,0.8,14.0,0,0.0,11.2
2025-02-02-13-32-31,2025,2,2,13,32,31.4,36.5000,25.7110,9,4.2,238,47,-71,GFZ,moment tensor inversion,from seismic portal,P,25.0,,,,,,,,,,,,,,,,,,,
2025-02-02-17-41-20,2025,2,2,17,41,20.8,36.5589,25.7495,8,4.4,245,45,-66,NOA,moment tensor inversion,from seismic portal,P,25.7,GCMT (PDEW),2025,2,2,17,41,20.2,36.51,25.64,10,4.7,230,37,-89,0.6,11.2,-2,-0.3,17.2
2025-02-02-17-45-43,2025,2,2,17,45,44.9,36.6056,25.6907,7,4.5,39,48,-94,NOA,moment tensor inversion,from seismic portal,P,15.0,GCMT (PDEW),2025,2,2,17,45,42.6,36.5,25.55,10,4.7,53,44,-73,2.3,17.2,-3,-0.2,15.6
2025-02-02-18-25-30,2025,2,2,18,25,30.4,36.6110,25.6190,8,4.2,100,73,-20,GFZ,moment tensor inversion,from seismic portal,S,,,,,,,,,,,,,,,,,,,,
2025-02-02-18-27-46,2025,2,2,18,27,46.8,36.6220,25.6280,8,4.2,233,50,-78,GFZ,moment tensor inversion,from seismic portal,P,42.4,,,,,,,,,,,,,,,,,,,
2025-02-02-20-14-25,2025,2,2,20,14,25.0,36.6030,25.5810,5,4.1,47,41,-92,GFZ,moment tensor inversion,from seismic portal,P,27.1,,,,,,,,,,,,,,,,,,,
2025-02-02-23-54-42,2025,2,2,23,54,42.4,36.5371,25.6431,15,4.5,99,68,-13,NEIC,moment tensor inversion,from seismic portal,P,32.7,,,,,,,,,,,,,,,,,,,
2025-02-03-01-59-29,2025,2,3,1,59,29.2,36.6080,25.6200,8,4.0,51,53,-96,GFZ,moment tensor inversion,from seismic portal,S,,,,,,,,,,,,,,,,,,,,
2025-02-03-04-20-40,2025,2,3,4,20,40.3,36.5990,25.6410,7,4.2,238,53,-71,GFZ,moment tensor inversion,from seismic portal,P,26.5,,,,,,,,,,,,,,,,,,,
2025-02-03-05-10-45,2025,2,3,5,10,45.4,36.6100,25.6140,8,4.1,34,41,-121,GFZ,moment tensor inversion,from seismic portal,P,10.4,,,,,,,,,,,,,,,,,,,
2025-02-03-07-09-06,2025,2,3,7,9,6.0,36.6000,25.6900,8,4.1,225,45,-92,OCA,moment tensor inversion,from seismic portal,S,,,,,,,,,,,,,,,,,,,,
2025-02-03-07-36-24,2025,2,3,7,36,24.3,36.5990,25.6310,8,4.1,55,39,-88,GFZ,moment tensor inversion,from seismic portal,S,,,,,,,,,,,,,,,,,,,,
2025-02-03-07-42-47,2025,2,3,7,42,47.2,36.6080,25.6390,8,4.3,34,42,-116,GFZ,moment tensor inversion,from seismic portal,P,24.7,,,,,,,,,,,,,,,,,,,
2025-02-03-07-59-04,2025,2,3,7,59,1.8,36.6380,25.6660,5,4.4,35,59,-106,GFZ,moment tensor inversion,from seismic portal,P,25.9,,,,,,,,,,,,,,,,,,,
2025-02-03-08-01-04,2025,2,3,8,1,2.4,38.9488,24.2097,6,4.6,139,89,0,NOA,moment tensor inversion,from seismic portal,P,21.5,GCMT (PDEW),2025,2,3,8,1,4.7,39.12,24.12,10,4.6,139,64,-2,-2.3,20.5,-4,0.0,25.1
2025-02-03-08-05-36,2025,2,3,8,5,36.0,36.6300,25.7100,8,4.1,50,30,-82,OCA,moment tensor inversion,from seismic portal,S,,,,,,,,,,,,,,,,,,,,
2025-02-03-08-10-19,2025,2,3,8,10,18.6,36.5070,25.7290,7,4.6,34,57,-108,GFZ,moment tensor inversion,from seismic portal,P,31.1,,,,,,,,,,,,,,,,,,,
2025-02-03-08-13-09,2025,2,3,8,13,8.1,36.6330,25.6670,8,4.6,41,47,-105,GFZ,moment tensor inversion,from seismic portal,P,27.3,GCMT (PDEW),2025,2,3,8,13,8.5,36.65,25.67,10.6,4.8,255,35,-41,-0.4,1.9,-2.6,-0.2,27.0
2025-02-03-08-26-29,2025,2,3,8,26,32.0,36.5400,25.7000,10,4.8,47,38,-95,KOERI,moment tensor inversion,from seismic portal,P,19.9,GCMT (PDEW),2025,2,3,8,26,28.8,36.63,25.67,10,4.9,233,43,-79,3.2,10.3,0,-0.1,11.7
2025-02-03-08-56-53,2025,2,3,8,56,53.0,36.5900,25.6400,16,4.3,32,33,-131,MED_RCMT (INGV),moment tensor inversion,from RCMT,S,,,,,,,,,,,,,,,,,,,,
2025-02-03-09-29-44,2025,2,3,9,29,42.4,36.5854,25.7364,6,4.9,266,48,-55,NOA,moment tensor inversion,from seismic portal,P,27.9,GCMT (PDEW),2025,2,3,9,29,43.1,36.61,25.6,10,5,248,40,-73,-0.7,12.5,-4,-0.1,15.6
2025-02-03-10-36-10,2025,2,3,10,36,10.0,36.5700,25.6900,7,4.0,225,45,-66,OCA,moment tensor inversion,from seismic portal,S,,,,,,,,,,,,,,,,,,,,
2025-02-03-11-21-00,2025,2,3,11,21,0.0,36.6584,25.6989,9,4.0,24,26,-110,NOA,moment tensor inversion,from seismic portal,P,14.0,,,,,,,,,,,,,,,,,,,
2025-02-03-11-50-48,2025,2,3,11,50,49.0,36.7305,25.6715,9,4.5,38,60,-86,NEIC,moment tensor inversion,from seismic portal,P,16.8,,,,,,,,,,,,,,,,,,,
2025-02-03-12-10-08,2025,2,3,12,10,7.8,36.6510,25.6920,9,4.3,47,43,-105,GFZ,moment tensor inversion,from seismic portal,P,5.9,,,,,,,,,,,,,,,,,,,
2025-02-03-12-17-41,2025,2,3,12,17,42.5,36.6243,25.7345,8,4.8,50,55,-86,NOA,moment tensor inversion,from seismic portal,P,20.1,GCMT (PDEW),2025,2,3,12,17,40.7,36.62,25.66,10,4.9,236,39,-84,1.8,6.7,-2,-0.1,8.8
2025-02-03-13-05-05,2025,2,3,13,5,5.0,36.6370,25.6410,10,4.2,85,46,-102,GFZ,moment tensor inversion,from seismic portal,P,37.3,,,,,,,,,,,,,,,,,,,
2025-02-03-17-44-59,2025,2,3,17,45,1.0,36.6600,25.6500,10,4.7,33,40,-113,KOERI,moment tensor inversion,from seismic portal,P,18.9,GCMT (PDEW),2025,2,3,17,44,59.4,36.55,25.61,10,4.7,51,44,-80,1.6,12.7,0,0.0,23.3
2025-02-03-20-19-39,2025,2,3,20,19,41.0,36.6300,25.6300,12,4.9,48,38,-97,KOERI,moment tensor inversion,from seismic portal,P,26.2,GCMT (PDEW),2025,2,3,20,19,39.0,36.54,25.63,10,4.9,228,41,-96,2.0,10.0,2,0.0,14.1
2025-02-03-20-30-31,2025,2,3,20,30,31.0,36.6000,25.7300,7,4.0,30,45,-115,OCA,moment tensor inversion,from seismic portal,S,,,,,,,,,,,,,,,,,,,,
2025-02-03-20-39-15,2025,2,3,20,39,16.0,36.6400,25.5200,10,4.7,64,39,-74,KOERI,moment tensor inversion,from seismic portal,P,23.0,GCMT (PDEW),2025,2,3,20,39,14.8,36.66,25.67,10,4.6,212,47,-117,1.2,13.6,0,0.1,12.7
2025-02-04-01-19-37,2025,2,4,1,19,37.8,36.6370,25.6170,8,4.1,63,43,-80,GFZ,moment tensor inversion,from seismic portal,S,,,,,,,,,,,,,,,,,,,,
2025-02-04-02-46-07,2025,2,4,2,46,6.9,36.6055,25.7380,7,4.7,236,39,-80,NOA,moment tensor inversion,from seismic portal,P,34.7,GCMT (PDEW),2025,2,4,2,46,6.5,36.65,25.66,10,5,229,40,-94,0.4,8.5,-3,-0.3,9.7
2025-02-04-05-05-35,2025,2,4,5,5,35.4,36.6260,25.6080,7,4.1,52,47,-91,GFZ,moment tensor inversion,from seismic portal,S,,,,,,,,,,,,,,,,,,,,
2025-02-04-06-09-11,2025,2,4,6,9,11.8,36.6403,25.6979,6,4.4,242,56,-76,NOA,moment tensor inversion,from seismic portal,P,21.6,GCMT (PDEW),2025,2,4,6,9,12.1,36.6,25.67,10,4.7,246,41,-81,-0.3,5.1,-4,-0.3,17.1
2025-02-04-06-37-52,2025,2,4,6,37,59.3,36.5860,25.7060,9,4.2,56,49,-87,GFZ,moment tensor inversion,from seismic portal,P,21.5,,,,,,,,,,,,,,,,,,,
2025-02-04-06-53-25,2025,2,4,6,53,25.3,36.6715,25.7584,9,4.3,50,29,-88,NOA,moment tensor inversion,from seismic portal,P,16.7,,,,,,,,,,,,,,,,,,,
2025-02-04-08-15-45,2025,2,4,8,15,46.5,36.6240,25.6730,7,4.1,52,53,-93,GFZ,moment tensor inversion,from seismic portal,P,52.5,,,,,,,,,,,,,,,,,,,
2025-02-04-08-55-28,2025,2,4,8,55,28.6,36.6192,25.7383,8,4.1,39,43,-86,NOA,moment tensor inversion,from seismic portal,P,30.5,,,,,,,,,,,,,,,,,,,
2025-02-04-09-03-20,2025,2,4,9,3,20.0,36.6600,25.6300,11,4.5,41,41,-104,KOERI,moment tensor inversion,from seismic portal,P,28.2,GCMT (PDEW),2025,2,4,9,3,18.9,36.57,25.72,7.8,4.6,239,37,-72,1.1,12.8,3.2,-0.1,14.9
2025-02-04-09-09-32,2025,2,4,9,9,30.0,36.6700,25.5200,10,4.5,48,37,-92,KOERI,moment tensor inversion,from seismic portal,P,27.7,,,,,,,,,,,,,,,,,,,
2025-02-04-10-35-48,2025,2,4,10,35,48.8,36.6670,25.6650,7,4.2,225,39,-86,GFZ,moment tensor inversion,from seismic portal,S,,,,,,,,,,,,,,,,,,,,
2025-02-04-12-15-00,2025,2,4,12,15,0.6,36.6610,25.6470,7,4.1,44,47,-106,GFZ,moment tensor inversion,from seismic portal,P,45.9,,,,,,,,,,,,,,,,,,,
2025-02-04-12-36-50,2025,2,4,12,36,51.1,36.5669,25.6716,9,4.4,271,62,-16,NOA,moment tensor inversion,from seismic portal,P,54.0,,,,,,,,,,,,,,,,,,,
2025-02-04-12-50-21,2025,2,4,12,50,21.8,36.6107,25.7454,8,4.1,222,43,-104,NOA,moment tensor inversion,from seismic portal,P,21.7,,,,,,,,,,,,,,,,,,,
2025-02-04-12-59-38,2025,2,4,12,59,37.8,36.6760,25.7000,7,4.0,75,54,-79,GFZ,moment tensor inversion,from seismic portal,P,25.4,,,,,,,,,,,,,,,,,,,
2025-02-04-13-04-15,2025,2,4,13,4,15.4,36.6167,25.7270,9,5.0,44,48,-98,NOA,moment tensor inversion,from seismic portal,P,21.1,GCMT,2025,2,4,13,4,18.0,36.54,25.68,12,5.3,246,40,-72,-2.6,9.5,-3,-0.3,7.4
2025-02-04-17-10-51,2025,2,4,17,10,52.0,36.6200,25.5400,10,4.5,22,41,-135,KOERI,moment tensor inversion,from seismic portal,P,21.9,,,,,,,,,,,,,,,,,,,
2025-02-04-19-03-39,2025,2,4,19,3,39.4,36.6280,25.6660,8,4.0,44,40,-98,GFZ,moment tensor inversion,from seismic portal,S,,,,,,,,,,,,,,,,,,,,
2025-02-04-19-50-33,2025,2,4,19,50,33.4,36.6360,25.6460,5,4.0,85,47,-88,GFZ,moment tensor inversion,from seismic portal,S,,,,,,,,,,,,,,,,,,,,
2025-02-04-19-52-04,2025,2,4,19,52,4.0,36.6200,25.7100,11,4.4,34,41,-111,MED_RCMT (INGV),moment tensor inversion,from RCMT,S,,,,,,,,,,,,,,,,,,,,
2025-02-04-20-00-24,2025,2,4,20,0,24.0,36.6500,25.5100,10,4.8,40,37,-108,KOERI,moment tensor inversion,from seismic portal,P,23.3,GCMT (PDEW),2025,2,4,20,0,23.4,36.57,25.57,10,4.7,52,42,-87,0.6,10.4,0,0.1,14.8
2025-02-04-20-18-21,2025,2,4,20,18,21.9,36.6090,25.6370,7,4.0,31,39,-116,GFZ,moment tensor inversion,from seismic portal,S,,,,,,,,,,,,,,,,,,,,
2025-02-04-20-40-59,2025,2,4,20,40,59.0,36.6380,25.6670,8,4.2,37,47,-104,GFZ,moment tensor inversion,from seismic portal,P,15.2,,,,,,,,,,,,,,,,,,,
2025-02-04-23-50-47,2025,2,4,23,50,47.0,36.6100,25.6600,12,4.3,81,24,-48,MED_RCMT (INGV),moment tensor inversion,from RCMT,S,,,,,,,,,,,,,,,,,,,,
2025-02-05-02-16-44,2025,2,5,2,16,44.0,36.6370,25.6510,8,4.0,20,48,-139,GFZ,moment tensor inversion,from seismic portal,S,,,,,,,,,,,,,,,,,,,,
2025-02-05-02-21-05,2025,2,5,2,21,4.3,36.6410,25.6620,7,4.3,228,48,-76,GFZ,moment tensor inversion,from seismic portal,P,31.0,,,,,,,,,,,,,,,,,,,
2025-02-05-10-35-08,2025,2,5,10,35,9.0,36.6547,25.7654,9,4.3,49,50,-87,NOA,moment tensor inversion,from seismic portal,P,23.2,,,,,,,,,,,,,,,,,,,
2025-02-05-11-08-59,2025,2,5,11,8,58.0,36.6600,25.5400,10,4.7,49,32,-85,KOERI,moment tensor inversion,from seismic portal,P,26.8,GCMT (PDEW),2025,2,5,11,8,58.3,36.71,25.58,10,4.7,38,44,-110,-0.3,6.6,0,0.0,21.3
2025-02-05-11-16-08,2025,2,5,11,16,8.0,36.6600,25.6800,8,4.1,160,40,-129,OCA,moment tensor inversion,from seismic portal,S,,,,,,,,,,,,,,,,,,,,
2025-02-05-11-17-29,2025,2,5,11,17,33.0,36.4300,25.4900,17,4.6,218,42,-108,INGV,moment tensor inversion,from seismic portal,P,12.9,GCMT (PDEW),2025,2,5,11,17,26.7,36.55,25.53,10,4.7,235,40,-86,6.3,13.8,7,-0.1,14.5
2025-02-05-11-33-48,2025,2,5,11,33,49.0,36.6600,25.6200,10,4.5,46,38,-107,KOERI,moment tensor inversion,from seismic portal,P,23.7,,,,,,,,,,,,,,,,,,,
2025-02-05-11-52-34,2025,2,5,11,52,34.0,36.6300,25.7200,9,4.1,225,20,-123,OCA,moment tensor inversion,from seismic portal,S,,,,,,,,,,,,,,,,,,,,
2025-02-05-12-09-37,2025,2,5,12,9,37.0,36.6980,25.5640,8,4.2,72,43,-89,GFZ,moment tensor inversion,from seismic portal,P,32.4,,,,,,,,,,,,,,,,,,,
2025-02-05-16-18-41,2025,2,5,16,18,41.3,36.6480,25.7360,7,4.0,83,36,-84,GFZ,moment tensor inversion,from seismic portal,S,,,,,,,,,,,,,,,,,,,,
2025-02-05-17-47-27,2025,2,5,17,47,28.0,36.6883,25.7088,5,4.6,44,47,-85,NOA,moment tensor inversion,from seismic portal,P,21.5,GCMT (PDEW),2025,2,5,17,47,26.2,36.54,25.67,10,4.8,30,39,-109,1.8,16.8,-5,-0.2,18.5
2025-02-05-19-00-48,2025,2,5,19,0,47.7,36.6460,25.6300,7,4.3,42,44,-108,GFZ,moment tensor inversion,from seismic portal,P,17.5,,,,,,,,,,,,,,,,,,,
2025-02-05-19-09-38,2025,2,5,19,9,38.6,36.6582,25.7213,7,5.0,238,41,-80,NOA,moment tensor inversion,from seismic portal,P,15.8,GCMT (PDEW),2025,2,5,19,9,38.4,36.62,25.64,10,5.1,241,38,-77,0.2,8.4,-3,-0.1,3.6
2025-02-05-22-57-45,2025,2,5,22,57,45.7,36.6460,25.6930,7,4.1,49,38,-104,GFZ,moment tensor inversion,from seismic portal,P,25.3,,,,,,,,,,,,,,,,,,,
2025-02-05-22-59-24,2025,2,5,22,59,25.0,36.6300,25.7200,8,4.1,25,40,-132,OCA,moment tensor inversion,from seismic portal,P,11.9,,,,,,,,,,,,,,,,,,,
2025-02-05-23-16-41,2025,2,5,23,16,41.8,36.6440,25.6710,7,4.2,35,46,-109,GFZ,moment tensor inversion,from seismic portal,S,,,,,,,,,,,,,,,,,,,,
2025-02-06-02-02-10,2025,2,6,2,2,10.9,36.6770,25.6900,8,4.1,217,43,-82,GFZ,moment tensor inversion,from seismic portal,S,,,,,,,,,,,,,,,,,,,,
2025-02-06-02-24-23,2025,2,6,2,24,23.0,36.6630,25.7120,8,4.4,43,43,-98,GFZ,moment tensor inversion,from seismic portal,P,23.9,,,,,,,,,,,,,,,,,,,
2025-02-06-02-27-27,2025,2,6,2,27,27.6,36.5910,25.6310,8,4.3,46,43,-94,GFZ,moment tensor inversion,from seismic portal,P,39.5,,,,,,,,,,,,,,,,,,,
2025-02-06-02-45-53,2025,2,6,2,45,54.0,36.6100,25.6500,4,4.1,15,30,-99,OCA,moment tensor inversion,from seismic portal,P,43.9,,,,,,,,,,,,,,,,,,,
2025-02-06-02-48-36,2025,2,6,2,48,35.3,36.5950,25.6690,8,4.4,36,47,-124,GFZ,moment tensor inversion,from seismic portal,P,11.7,,,,,,,,,,,,,,,,,,,
2025-02-06-02-54-21,2025,2,6,2,54,22.0,36.5600,25.5400,10,4.6,49,32,-106,KOERI,moment tensor inversion,from seismic portal,P,22.5,,,,,,,,,,,,,,,,,,,
2025-02-06-03-05-29,2025,2,6,3,5,29.0,36.6100,25.6400,7,4.0,70,55,-79,OCA,moment tensor inversion,from seismic portal,S,,,,,,,,,,,,,,,,,,,,
2025-02-06-03-19-14,2025,2,6,3,19,14.6,36.5950,25.5940,7,4.1,50,39,-108,GFZ,moment tensor inversion,from seismic portal,P,70.7,,,,,,,,,,,,,,,,,,,
2025-02-06-03-23-08,2025,2,6,3,23,10.0,36.5700,25.6500,10,4.6,19,43,-143,KOERI,moment tensor inversion,from seismic portal,P,28.0,,,,,,,,,,,,,,,,,,,
2025-02-06-03-28-55,2025,2,6,3,28,55.1,36.5980,25.6240,7,4.2,52,39,-118,GFZ,moment tensor inversion,from seismic portal,S,,,,,,,,,,,,,,,,,,,,
2025-02-06-03-33-51,2025,2,6,3,33,52.3,36.6080,25.6080,7,4.3,32,38,-126,GFZ,moment tensor inversion,from seismic portal,P,19.5,,,,,,,,,,,,,,,,,,,
2025-02-06-03-36-39,2025,2,6,3,36,40.0,36.6000,25.6500,10,4.4,23,39,-137,KOERI,moment tensor inversion,from seismic portal,P,23.0,,,,,,,,,,,,,,,,,,,
2025-02-06-05-51-46,2025,2,6,5,51,47.0,36.6600,25.6000,10,4.6,24,46,-141,KOERI,moment tensor inversion,from seismic portal,P,30.7,GCMT (PDEW),2025,2,6,5,51,47.2,36.59,25.51,10,4.7,52,35,-92,-0.2,11.2,0,-0.1,34.4
2025-02-06-06-21-57,2025,2,6,6,21,57.0,36.5800,25.6400,9,4.2,43,45,-128,MED_RCMT (INGV),moment tensor inversion,from RCMT,S,,,,,,,,,,,,,,,,,,,,
2025-02-06-07-57-45,2025,2,6,7,57,45.0,36.6100,25.6800,11,4.5,237,28,-91,MED_RCMT (INGV),moment tensor inversion,from RCMT,S,,,,,,,,,,,,,,,,,,,,
2025-02-06-14-09-56,2025,2,6,14,9,56.6,36.6110,25.6470,7,4.3,45,46,-98,GFZ,moment tensor inversion,from seismic portal,P,16.7,,,,,,,,,,,,,,,,,,,
2025-02-06-18-03-40,2025,2,6,18,3,40.0,36.6000,25.6800,9,4.0,155,20,17,OCA,moment tensor inversion,from seismic portal,S,,,,,,,,,,,,,,,,,,,,
2025-02-06-18-16-43,2025,2,6,18,16,43.0,36.5700,25.6300,10,4.4,26,61,-151,KOERI,moment tensor inversion,from seismic portal,P,33.4,,,,,,,,,,,,,,,,,,,
2025-02-06-19-34-50,2025,2,6,19,34,50.0,36.5800,25.6300,11,4.5,17,39,-144,MED_RCMT (INGV),moment tensor inversion,from RCMT,S,,,,,,,,,,,,,,,,,,,,
2025-02-06-20-08-12,2025,2,6,20,8,12.0,36.5800,25.6900,7,4.0,245,45,-48,OCA,moment tensor inversion,from seismic portal,S,,,,,,,,,,,,,,,,,,,,
2025-02-07-03-35-32,2025,2,7,3,35,32.7,36.5920,25.5960,7,4.2,213,44,-106,GFZ,moment tensor inversion,from seismic portal,P,61.4,,,,,,,,,,,,,,,,,,,
2025-02-07-04-24-26,2025,2,7,4,24,27.7,38.2292,21.6719,26,4.2,322,90,-26,UPSL,moment tensor inversion,from seismic portal,P,17.0,,,,,,,,,,,,,,,,,,,
2025-02-07-07-11-23,2025,2,7,7,11,22.6,36.6090,25.6310,7,4.2,48,43,-99,GFZ,moment tensor inversion,from seismic portal,P,23.9,,,,,,,,,,,,,,,,,,,
2025-02-07-07-16-15,2025,2,7,7,16,15.3,36.5664,25.7278,7,4.7,254,48,-46,NOA,moment tensor inversion,from seismic portal,P,29.5,GCMT (PDEW),2025,2,7,7,16,15.2,36.59,25.61,10,4.9,61,44,-66,0.1,10.9,-3,-0.2,48.5
2025-02-07-15-17-02,2025,2,7,15,16,50.0,36.6500,25.5000,10,4.5,21,34,-152,KOERI,moment tensor inversion,from seismic portal,P,47.5,,,,,,,,,,,,,,,,,,,
2025-02-08-01-52-04,2025,2,8,1,52,3.8,36.6512,25.7414,7,4.4,232,40,-100,NOA,moment tensor inversion,from seismic portal,P,19.7,GCMT (PDEW),2025,2,8,1,52,3.6,36.6,25.69,10,4.6,32,49,-123,0.2,7.3,-3,-0.2,31.8
2025-02-08-03-08-34,2025,2,8,3,8,34.0,36.5800,25.6500,12,4.3,21,48,-130,MED_RCMT (INGV),moment tensor inversion,from RCMT,S,,,,,,,,,,,,,,,,,,,,
2025-02-08-03-11-24,2025,2,8,3,11,24.0,36.6010,25.6150,5,4.1,49,44,-99,GFZ,moment tensor inversion,from seismic portal,P,33.7,,,,,,,,,,,,,,,,,,,
2025-02-08-08-16-39,2025,2,8,8,16,39.0,36.6510,25.6920,8,4.2,59,39,-107,GFZ,moment tensor inversion,from seismic portal,P,46.3,,,,,,,,,,,,,,,,,,,
2025-02-08-08-36-03,2025,2,8,8,36,4.6,36.5710,25.6672,5,4.3,240,35,-66,NOA,moment tensor inversion,from seismic portal,P,22.5,,,,,,,,,,,,,,,,,,,
2025-02-08-09-00-41,2025,2,8,9,0,41.3,36.5799,25.7439,5,4.7,258,43,-56,NOA,moment tensor inversion,from seismic portal,P,31.1,GCMT (PDEW),2025,2,8,9,0,41.0,36.58,25.61,10,4.9,239,41,-85,0.3,12.0,-5,-0.2,19.6
2025-02-08-09-10-06,2025,2,8,9,10,5.9,36.5980,25.6080,7,4.2,63,40,-106,GFZ,moment tensor inversion,from seismic portal,P,66.4,,,,,,,,,,,,,,,,,,,
2025-02-08-09-15-47,2025,2,8,9,15,47.0,36.5800,25.6300,7,4.0,270,70,-43,OCA,moment tensor inversion,from seismic portal,S,,,,,,,,,,,,,,,,,,,,
2025-02-08-09-24-04,2025,2,8,9,24,3.7,36.5910,25.6300,8,4.4,37,44,-105,GFZ,moment tensor inversion,from seismic portal,P,43.5,,,,,,,,,,,,,,,,,,,
2025-02-08-16-29-58,2025,2,8,16,29,58.2,36.6500,25.6380,8,4.2,41,43,-105,GFZ,moment tensor inversion,from seismic portal,P,15.7,,,,,,,,,,,,,,,,,,,
2025-02-08-16-51-45,2025,2,8,16,51,45.9,36.5840,25.6150,8,4.2,216,49,-91,GFZ,moment tensor inversion,from seismic portal,S,,,,,,,,,,,,,,,,,,,,
2025-02-08-17-15-13,2025,2,8,17,15,13.5,36.4947,25.6516,6,4.4,59,43,-87,NEIC,moment tensor inversion,from seismic portal,P,26.3,,,,,,,,,,,,,,,,,,,
2025-02-09-01-35-18,2025,2,9,1,35,18.0,36.5600,25.6100,10,4.2,250,40,-44,OCA,moment tensor inversion,from seismic portal,S,,,,,,,,,,,,,,,,,,,,
2025-02-09-09-02-05,2025,2,9,9,2,5.0,36.5300,25.6600,8,4.1,275,85,-34,OCA,moment tensor inversion,from seismic portal,S,,,,,,,,,,,,,,,,,,,,
2025-02-09-11-59-43,2025,2,9,11,59,45.4,36.5782,25.6731,6,4.3,241,44,-72,NOA,moment tensor inversion,from seismic portal,P,12.6,,,,,,,,,,,,,,,,,,,
2025-02-09-15-16-31,2025,2,9,15,16,30.5,36.6240,25.6360,8,4.4,221,43,-91,GFZ,moment tensor inversion,from seismic portal,P,21.2,,,,,,,,,,,,,,,,,,,
2025-02-09-15-55-28,2025,2,9,15,55,28.3,36.6300,25.6530,7,4.0,26,54,-140,GFZ,moment tensor inversion,from seismic portal,S,,,,,,,,,,,,,,,,,,,,
2025-02-09-17-18-11,2025,2,9,17,18,11.5,36.6380,25.6290,7,4.1,181,39,-77,GFZ,moment tensor inversion,from seismic portal,P,29.5,,,,,,,,,,,,,,,,,,,
2025-02-09-18-41-42,2025,2,9,18,41,42.0,36.6200,25.7600,6,4.1,270,70,-61,OCA,moment tensor inversion,from seismic portal,P,10.1,,,,,,,,,,,,,,,,,,,
2025-02-09-18-53-58,2025,2,9,18,54,1.0,36.4700,25.6800,11,4.6,37,44,-125,KOERI,moment tensor inversion,from seismic portal,P,25.6,,,,,,,,,,,,,,,,,,,
2025-02-09-19-05-40,2025,2,9,19,5,39.4,36.6454,25.6544,21,5.1,270,49,-37,NOA,moment tensor inversion,from seismic portal,P,30.0,GCMT (PDEW),2025,2,9,19,5,38.3,36.66,25.63,10,5.2,242,37,-77,1.1,2.7,11,-0.1,29.4
2025-02-09-19-16-44,2025,2,9,19,16,46.0,36.5600,25.6600,30,4.6,255,19,-56,MED_RCMT (INGV),moment tensor inversion,from RCMT,P,26.4,,,,,,,,,,,,,,,,,,,
2025-02-09-19-25-09,2025,2,9,19,25,12.0,36.6000,25.6400,16,4.3,62,46,-58,MED_RCMT (INGV),moment tensor inversion,from RCMT,P,34.3,,,,,,,,,,,,,,,,,,,
2025-02-09-19-31-39,2025,2,9,19,31,40.6,36.6180,25.6120,9,4.3,46,41,-96,GFZ,moment tensor inversion,from seismic portal,P,29.5,,,,,,,,,,,,,,,,,,,
2025-02-09-20-35-42,2025,2,9,20,35,42.0,36.6350,25.6520,8,4.0,45,43,-100,GFZ,moment tensor inversion,from seismic portal,P,57.1,,,,,,,,,,,,,,,,,,,
2025-02-10-00-59-58,2025,2,10,1,0,3.0,36.5400,25.5700,2,4.1,140,80,154,OCA,moment tensor inversion,from seismic portal,P,71.8,,,,,,,,,,,,,,,,,,,
2025-02-10-08-20-26,2025,2,10,8,20,26.3,36.5980,25.5840,7,4.3,80,42,-100,GFZ,moment tensor inversion,from seismic portal,P,17.4,,,,,,,,,,,,,,,,,,,
2025-02-10-10-27-34,2025,2,10,10,27,34.0,36.5500,25.6700,8,4.0,270,80,-50,OCA,moment tensor inversion,from seismic portal,S,,,,,,,,,,,,,,,,,,,,
2025-02-10-11-23-17,2025,2,10,11,23,17.7,36.6602,25.8546,20,4.7,15,79,-172,NOA,moment tensor inversion,from seismic portal,P,21.3,GCMT (PDEW),2025,2,10,11,23,18.1,36.78,25.72,10,4.8,109,65,1,-0.4,17.9,10,-0.1,35.0
2025-02-10-11-43-54,2025,2,10,11,43,55.9,36.6780,25.6990,8,4.1,41,46,-97,GFZ,moment tensor inversion,from seismic portal,P,22.9,,,,,,,,,,,,,,,,,,,
2025-02-10-13-14-33,2025,2,10,13,14,34.1,36.6300,25.7350,14,4.3,119,86,4,GFZ,moment tensor inversion,from seismic portal,P,50.7,,,,,,,,,,,,,,,,,,,
2025-02-10-13-31-58,2025,2,10,13,31,58.0,36.6600,25.7100,11,4.1,270,65,-62,OCA,moment tensor inversion,from seismic portal,P,41.0,,,,,,,,,,,,,,,,,,,
2025-02-10-20-16-29,2025,2,10,20,16,29.3,36.6538,25.7456,21,5.2,207,66,-154,NOA,moment tensor inversion,from seismic portal,P,62.7,GCMT (PDEW),2025,2,10,20,16,28.7,36.69,25.65,10,5.3,258,45,-79,0.6,9.4,11,-0.1,63.0
2025-02-10-22-37-26,2025,2,10,22,37,25.5,36.6255,25.7870,8,4.9,50,45,-92,NOA,moment tensor inversion,from seismic portal,P,17.1,GCMT (PDEW),2025,2,10,22,37,24.6,36.62,25.63,10,5.1,241,43,-76,0.9,14.1,-2,-0.2,8.6
2025-02-11-00-02-57,2025,2,11,0,2,57.2,36.6560,25.7140,9,4.0,27,52,-130,GFZ,moment tensor inversion,from seismic portal,S,,,,,,,,,,,,,,,,,,,,
2025-02-11-03-47-32,2025,2,11,3,47,32.4,36.6510,25.7050,8,4.0,61,42,-99,GFZ,moment tensor inversion,from seismic portal,S,,,,,,,,,,,,,,,,,,,,
2025-02-11-05-14-30,2025,2,11,5,14,31.7,36.6670,25.8344,7,4.2,63,50,-59,NOA,moment tensor inversion,from seismic portal,P,36.3,,,,,,,,,,,,,,,,,,,
2025-02-11-05-36-10,2025,2,11,5,36,10.7,36.5980,25.6280,8,4.0,36,46,-106,GFZ,moment tensor inversion,from seismic portal,S,,,,,,,,,,,,,,,,,,,,
2025-02-11-05-43-47,2025,2,11,5,43,48.1,36.5656,25.8735,5,4.0,246,48,-69,NOA,moment tensor inversion,from seismic portal,P,47.0,,,,,,,,,,,,,,,,,,,
2025-02-11-05-58-43,2025,2,11,5,58,44.8,36.6952,25.8178,21,4.7,192,79,179,NOA,moment tensor inversion,from seismic portal,P,46.6,GCMT (PDEW),2025,2,11,5,58,44.5,36.67,25.81,10,4.7,95,58,-33,0.3,2.9,11,0.0,39.0
2025-02-11-06-00-27,2025,2,11,6,0,28.6,36.6950,25.7920,7,4.3,96,55,-70,GFZ,moment tensor inversion,from seismic portal,P,46.3,,,,,,,,,,,,,,,,,,,
2025-02-11-06-39-56,2025,2,11,6,39,57.2,36.6971,25.8673,21,4.3,215,41,-131,NOA,moment tensor inversion,from seismic portal,P,23.8,,,,,,,,,,,,,,,,,,,
2025-02-11-06-50-16,2025,2,11,6,50,15.7,36.6990,25.7290,8,4.0,64,40,-94,GFZ,moment tensor inversion,from seismic portal,P,45.2,,,,,,,,,,,,,,,,,,,
2025-02-11-07-17-18,2025,2,11,7,17,19.0,36.6766,25.7876,21,4.7,71,46,-93,NOA,moment tensor inversion,from seismic portal,P,16.4,GCMT (PDEW),2025,2,11,7,17,18.3,36.73,25.7,10,4.7,268,47,-61,0.7,9.8,11,0.0,19.5
2025-02-11-11-30-22,2025,2,11,11,30,25.0,36.7000,25.8100,16,4.5,96,82,6,MED_RCMT (INGV),moment tensor inversion,from RCMT,P,57.5,,,,,,,,,,,,,,,,,,,
2025-02-11-11-43-54,2025,2,11,11,43,54.2,36.6590,25.8001,21,4.8,201,76,-166,NOA,moment tensor inversion,from seismic portal,P,70.4,GCMT (PDEW),2025,2,11,11,43,54.2,36.65,25.78,10,4.9,259,44,-71,0.0,2.1,11,-0.1,83.4
2025-02-11-12-34-12,2025,2,11,12,34,13.2,36.6370,25.6490,8,4.0,36,43,-107,GFZ,moment tensor inversion,from seismic portal,P,37.1,,,,,,,,,,,,,,,,,,,
2025-02-11-14-19-50,2025,2,11,14,19,50.1,36.6883,25.8099,21,4.4,87,48,-66,NOA,moment tensor inversion,from seismic portal,P,27.6,,,,,,,,,,,,,,,,,,,
2025-02-11-15-10-59,2025,2,11,15,10,58.3,36.6650,25.7190,8,4.2,63,46,-94,GFZ,moment tensor inversion,from seismic portal,P,16.4,,,,,,,,,,,,,,,,,,,
2025-02-11-17-40-20,2025,2,11,17,40,19.2,36.6604,25.7978,9,4.2,213,46,-119,NOA,moment tensor inversion,from seismic portal,P,14.9,,,,,,,,,,,,,,,,,,,
2025-02-11-20-53-25,2025,2,11,20,53,25.6,36.6760,25.7480,8,4.0,82,42,-88,GFZ,moment tensor inversion,from seismic portal,P,27.2,,,,,,,,,,,,,,,,,,,
2025-02-12-01-12-42,2025,2,12,1,12,42.0,36.6800,25.8200,10,4.0,90,65,-35,OCA,moment tensor inversion,from seismic portal,S,,,,,,,,,,,,,,,,,,,,
2025-02-12-01-14-55,2025,2,12,1,14,54.6,36.5932,25.6792,4,4.9,266,52,-56,NOA,moment tensor inversion,from seismic portal,P,29.8,GCMT (PDEW),2025,2,12,1,14,54.3,36.56,25.51,10,5.1,229,45,-97,0.3,15.6,-6,-0.2,32.4
2025-02-12-01-35-08,2025,2,12,1,35,8.0,36.5900,25.6200,6,4.0,0,80,-140,OCA,moment tensor inversion,from seismic portal,P,37.5,,,,,,,,,,,,,,,,,,,
2025-02-12-02-06-55,2025,2,12,2,6,55.9,36.5950,25.5770,7,4.0,223,53,-82,GFZ,moment tensor inversion,from seismic portal,S,,,,,,,,,,,,,,,,,,,,
2025-02-12-02-14-20,2025,2,12,2,14,20.0,36.6110,25.6270,8,4.4,40,37,-108,GFZ,moment tensor inversion,from seismic portal,P,25.3,,,,,,,,,,,,,,,,,,,
2025-02-12-02-23-11,2025,2,12,2,23,11.7,36.5965,25.6850,7,4.1,52,52,-78,NOA,moment tensor inversion,from seismic portal,P,37.1,,,,,,,,,,,,,,,,,,,
2025-02-12-04-21-02,2025,2,12,4,21,2.9,36.6400,25.6710,8,4.2,42,42,-105,GFZ,moment tensor inversion,from seismic portal,P,29.3,,,,,,,,,,,,,,,,,,,
2025-02-12-08-29-51,2025,2,12,8,29,48.2,36.4071,25.9418,21,4.8,221,85,-164,NOA,moment tensor inversion,from seismic portal,P,83.5,GCMT (PDEW),2025,2,12,8,29,50.8,36.58,25.58,10,4.8,272,61,-30,-2.6,37.7,11,0.0,64.7
2025-02-12-08-56-01,2025,2,12,8,55,59.6,36.5840,25.5900,8,4.1,73,51,-93,GFZ,moment tensor inversion,from seismic portal,P,80.3,,,,,,,,,,,,,,,,,,,
2025-02-12-08-58-42,2025,2,12,8,58,44.2,36.6080,25.6060,7,4.2,46,48,-114,GFZ,moment tensor inversion,from seismic portal,P,15.3,,,,,,,,,,,,,,,,,,,
2025-02-12-09-15-05,2025,2,12,9,15,7.4,36.5977,25.6425,5,4.7,247,37,-57,NOA,moment tensor inversion,from seismic portal,P,24.5,GCMT (PDEW),2025,2,12,9,15,6.7,36.59,25.55,10,4.8,229,36,-87,0.7,8.3,-5,-0.1,18.8
2025-02-12-09-20-40,2025,2,12,9,20,42.0,36.5400,25.5800,10,4.7,64,29,-83,KOERI,moment tensor inversion,from seismic portal,P,53.7,GCMT (PDEW),2025,2,12,9,20,41.7,36.41,25.59,10,4.7,238,35,-91,0.3,14.5,0,0.0,26.3
2025-02-12-10-02-09,2025,2,12,10,2,11.0,36.5780,25.5790,8,4.3,60,37,-95,GFZ,moment tensor inversion,from seismic portal,P,22.9,,,,,,,,,,,,,,,,,,,
2025-02-12-16-44-23,2025,2,12,16,44,25.3,36.6501,25.7466,7,4.2,40,41,-96,NOA,moment tensor inversion,from seismic portal,P,17.2,,,,,,,,,,,,,,,,,,,
2025-02-12-18-34-24,2025,2,12,18,34,24.6,36.5108,25.5065,5,4.5,59,49,-76,NEIC,moment tensor inversion,from seismic portal,P,26.7,GCMT (PDEW),2025,2,12,18,34,24.3,36.55,25.52,10,4.6,206,46,-133,0.3,4.5,-5,-0.1,20.8
2025-02-12-21-05-05,2025,2,12,21,5,6.7,36.6307,25.6847,7,4.0,215,40,-110,NOA,moment tensor inversion,from seismic portal,P,15.1,,,,,,,,,,,,,,,,,,,
2025-02-12-23-02-37,2025,2,12,23,2,37.7,36.6010,25.6230,7,4.3,37,35,-110,GFZ,moment tensor inversion,from seismic portal,P,22.5,,,,,,,,,,,,,,,,,,,
2025-02-13-15-40-07,2025,2,13,15,40,7.8,36.6340,25.6560,7,4.5,35,45,-105,GFZ,moment tensor inversion,from seismic portal,P,27.1,GCMT (PDEW),2025,2,13,15,40,8.2,36.71,25.56,10,4.4,53,32,-71,-0.4,12.0,-3,0.1,26.1
2025-02-13-15-42-21,2025,2,13,15,42,21.6,36.5739,25.6572,6,4.4,261,49,-28,NOA,moment tensor inversion,from seismic portal,P,25.8,,,,,,,,,,,,,,,,,,,
2025-02-14-14-57-38,2025,2,14,14,57,38.3,36.6250,25.6470,7,4.1,234,48,-64,GFZ,moment tensor inversion,from seismic portal,S,,,,,,,,,,,,,,,,,,,,
2025-02-14-20-18-55,2025,2,14,20,18,55.7,36.6582,25.7295,6,4.2,265,61,-76,NOA,moment tensor inversion,from seismic portal,P,25.2,,,,,,,,,,,,,,,,,,,
2025-02-14-22-45-18,2025,2,14,22,45,18.0,36.6450,25.7700,7,4.1,80,43,-95,GFZ,moment tensor inversion,from seismic portal,P,25.1,,,,,,,,,,,,,,,,,,,
2025-02-15-03-37-42,2025,2,15,3,37,41.9,36.7030,25.6440,5,4.0,216,45,-86,GFZ,moment tensor inversion,from seismic portal,P,40.0,,,,,,,,,,,,,,,,,,,
2025-02-15-16-11-49,2025,2,15,16,11,48.6,40.2996,24.1688,7,4.9,237,66,-160,NOA,moment tensor inversion,from seismic portal,P,36.1,GCMT (PDEW),2025,2,15,16,11,50.6,40.34,24.14,14.4,4.9,245,62,-152,-2.0,5.1,-7.4,0.0,9.4
2025-02-16-12-25-53,2025,2,16,12,25,53.6,36.6410,25.6400,5,4.0,96,47,-90,GFZ,moment tensor inversion,from seismic portal,S,,,,,,,,,,,,,,,,,,,,
2025-02-16-20-55-57,2025,2,16,20,55,59.1,36.6090,25.7520,7,4.1,229,38,-101,NOA,moment tensor inversion,from seismic portal,P,30.1,,,,,,,,,,,,,,,,,,,
2025-02-16-23-08-55,2025,2,16,23,8,57.7,36.5618,25.6843,7,4.2,244,45,-65,NOA,moment tensor inversion,from seismic portal,P,19.3,,,,,,,,,,,,,,,,,,,
2025-02-17-07-46-21,2025,2,17,7,46,23.3,36.6380,25.6660,7,4.2,43,44,-96,GFZ,moment tensor inversion,from seismic portal,P,18.7,,,,,,,,,,,,,,,,,,,
2025-02-17-07-49-50,2025,2,17,7,49,51.0,36.5990,25.7047,7,4.8,43,46,-96,NOA,moment tensor inversion,from seismic portal,P,19.4,GCMT (PDEW),2025,2,17,7,49,50.3,36.67,25.58,10,5,49,41,-99,0.7,13.7,-3,-0.2,9.8
2025-02-17-14-05-38,2025,2,17,14,5,40.4,36.4640,25.5832,8,4.3,23,40,-123,NEIC,moment tensor inversion,from seismic portal,P,19.4,,,,,,,,,,,,,,,,,,,
2025-02-17-15-49-05,2025,2,17,15,49,4.1,36.6008,25.7873,8,4.3,49,45,-106,NEIC,moment tensor inversion,from seismic portal,P,25.8,,,,,,,,,,,,,,,,,,,
2025-02-17-20-44-26,2025,2,17,20,44,26.4,36.5900,25.6360,7,4.0,50,38,-83,GFZ,moment tensor inversion,from seismic portal,S,,,,,,,,,,,,,,,,,,,,
2025-02-18-02-54-08,2025,2,18,2,54,8.3,36.6247,25.8492,7,4.3,247,45,-64,NOA,moment tensor inversion,from seismic portal,P,24.7,,,,,,,,,,,,,,,,,,,
2025-02-18-04-46-53,2025,2,18,4,46,52.0,36.6500,25.8100,10,5.1,44,36,-115,KOERI,moment tensor inversion,from seismic portal,P,17.1,GCMT (PDEW),2025,2,18,4,46,52.1,36.65,25.83,10,5,48,45,-109,-0.1,1.8,0,0.1,9.8
2025-02-18-06-08-07,2025,2,18,6,8,8.9,36.5764,25.6477,5,4.7,21,49,-115,NOA,moment tensor inversion,from seismic portal,P,29.8,GCMT (PDEW),2025,2,18,6,8,9.4,36.64,25.62,9.6,4.8,207,44,-110,-0.5,7.5,-4.6,-0.1,32.6
2025-02-18-16-54-34,2025,2,18,16,54,34.4,37.9680,21.0827,13,4.9,103,15,16,NOA,moment tensor inversion,from seismic portal,P,57.0,GCMT (PDEW),2025,2,18,16,54,32.6,37.96,21.05,5.9,4.7,98,50,-31,1.8,3.0,7.1,0.2,54.6
2025-02-19-09-41-08,2025,2,19,9,41,8.2,36.7060,25.6850,6,4.2,210,46,-92,GFZ,moment tensor inversion,from seismic portal,P,38.7,,,,,,,,,,,,,,,,,,,
2025-02-20-17-52-42,2025,2,20,17,52,41.9,36.7392,21.4300,18,4.2,49,79,27,NOA,moment tensor inversion,from seismic portal,P,16.7,,,,,,,,,,,,,,,,,,,
2025-02-24-11-33-07,2025,2,24,11,33,7.2,36.6866,25.6883,11,4.1,355,36,-99,NOA,moment tensor inversion,from seismic portal,P,21.8,,,,,,,,,,,,,,,,,,,
2025-02-24-21-46-00,2025,2,24,21,46,1.0,35.9616,27.6100,16,4.1,358,52,-83,NOA,moment tensor inversion,from seismic portal,P,18.6,,,,,,,,,,,,,,,,,,,
2025-03-08-20-55-58,2025,3,8,20,55,58.0,36.5800,25.6500,2,4.1,225,70,-88,OCA,moment tensor inversion,from seismic portal,S,,,,,,,,,,,,,,,,,,,,
2025-03-09-00-13-08,2025,3,9,0,13,7.7,37.4772,21.7610,23,5.0,246,79,171,NOA,moment tensor inversion,from seismic portal,P,48.7,GCMT (PDEW),2025,3,9,0,13,6.8,37.56,21.8,14.5,4.9,250,73,164,0.9,9.8,8.5,0.1,10.7
2025-03-14-15-40-04,2025,3,14,15,40,5.0,34.2900,25.2800,54,4.7,102,87,162,KOERI,moment tensor inversion,from seismic portal,P,28.4,GCMT (PDEW),2025,3,14,15,40,4.4,34.28,25.31,36.5,4.7,195,58,7,0.6,3.0,17.5,0.0,14.5
2025-03-14-16-37-46,2025,3,14,16,37,46.4,35.0411,23.5856,32,4.6,263,85,-84,NOA,moment tensor inversion,from seismic portal,S,,,,,,,,,,,,,,,,,,,,
2025-03-16-15-07-45,2025,3,16,15,7,46.3,36.6916,25.7968,4,4.0,48,53,-83,NOA,moment tensor inversion,from seismic portal,P,6.9,,,,,,,,,,,,,,,,,,,
2025-03-21-03-47-29,2025,3,21,3,47,32.3,36.6820,25.7180,8,4.2,80,39,-91,GFZ,moment tensor inversion,from seismic portal,P,28.1,,,,,,,,,,,,,,,,,,,
2025-03-27-17-51-49,2025,3,27,17,51,49.0,36.5800,25.6400,3,4.5,15,40,-126,OCA,moment tensor inversion,from seismic portal,P,24.3,GCMT (PDEW),2025,3,27,17,51,48.6,36.55,25.56,10,4.5,51,44,-69,0.4,7.9,-7,0.0,38.2
2025-04-06-18-44-15,2025,4,6,18,44,15.1,38.0899,21.9717,17,4.4,244,81,126,NOA,moment tensor inversion,from seismic portal,P,9.4,,,,,,,,,,,,,,,,,,,
2025-04-14-23-18-15,2025,4,14,23,18,15.0,38.5094,26.7528,7,4.0,239,69,-155,AFAD,moment tensor inversion,from seismic portal,S,,,,,,,,,,,,,,,,,,,,
2025-04-20-08-32-28,2025,4,20,8,32,28.2,36.6940,25.7940,8,4.4,75,46,-82,GFZ,moment tensor inversion,from seismic portal,S,,,,,,,,,,,,,,,,,,,,
2025-04-21-17-24-38,2025,4,21,17,24,38.0,39.2200,28.9700,8,4.0,315,75,-60,OCA,moment tensor inversion,from seismic portal,P,31.4,,,,,,,,,,,,,,,,,,,
2025-04-23-09-49-12,2025,4,23,9,49,13.3,40.7959,28.1689,5,6.2,167,87,-24,NOA,moment tensor inversion,from seismic portal,P,29.6,GCMT,2025,4,23,9,49,15.2,40.83,28.3,12,6.2,83,84,-175,-1.9,11.7,-7,0.0,31.6
2025-04-23-10-02-32,2025,4,23,10,2,32.0,40.8769,28.4025,7,4.9,97,72,170,AFAD,moment tensor inversion,from seismic portal,S,,,,,,,,,,,,,,,,,,,,
2025-04-23-12-12-57,2025,4,23,12,12,57.0,40.8300,28.3200,13,4.9,270,86,171,KOERI,moment tensor inversion,from seismic portal,P,24.1,,,,,,,,,,,,,,,,,,,
2025-04-24-04-19-19,2025,4,24,4,19,19.0,40.8411,28.3061,7,4.1,355,86,-11,AFAD,moment tensor inversion,from seismic portal,S,,,,,,,,,,,,,,,,,,,,
2025-04-25-04-23-44,2025,4,25,4,23,43.0,39.2600,28.9700,10,4.4,83,52,-121,KOERI,moment tensor inversion,from seismic portal,P,26.3,,,,,,,,,,,,,,,,,,,
2025-04-25-07-20-03,2025,4,25,7,20,2.0,39.2500,28.9900,10,4.6,81,50,-126,KOERI,moment tensor inversion,from seismic portal,P,25.8,,,,,,,,,,,,,,,,,,,
2025-04-25-17-33-16,2025,4,25,17,33,16.0,40.8300,28.4400,10,4.2,168,50,-24,KOERI,moment tensor inversion,from seismic portal,P,21.0,,,,,,,,,,,,,,,,,,,
2025-04-30-23-48-10,2025,4,30,23,48,10.0,37.0050,27.6572,7,4.1,94,42,-95,AFAD,moment tensor inversion,from seismic portal,S,,,,,,,,,,,,,,,,,,,,
2025-05-01-11-38-31,2025,5,1,11,38,31.0,39.2200,28.9700,12,4.0,130,75,35,OCA,moment tensor inversion,from seismic portal,P,54.2,,,,,,,,,,,,,,,,,,,
2025-05-02-12-51-15,2025,5,2,12,51,15.0,39.2233,28.9989,13,4.2,60,36,-140,AFAD,moment tensor inversion,from seismic portal,S,,,,,,,,,,,,,,,,,,,,
2025-05-03-23-53-41,2025,5,3,23,53,41.0,39.2400,28.9431,13,4.0,57,40,-148,AFAD,moment tensor inversion,from seismic portal,S,,,,,,,,,,,,,,,,,,,,
2025-05-12-02-17-44,2025,5,12,2,17,44.9,35.0206,22.4232,20,4.2,351,81,-164,NOA,moment tensor inversion,from seismic portal,S,,,,,,,,,,,,,,,,,,,,
2025-05-12-23-30-11,2025,5,12,23,30,10.5,36.6624,25.7210,5,4.8,48,39,-82,NOA,moment tensor inversion,from seismic portal,P,20.8,,,,,,,,,,,,,,,,,,,
2025-05-13-22-51-16,2025,5,13,22,51,15.8,35.2139,26.9522,68,6.0,109,62,-6,NOA,moment tensor inversion,from seismic portal,P,14.1,GCMT,2025,5,13,22,51,16.2,35.09,27.1,61,6.1,122,66,1,-0.4,19.2,7,-0.1,12.4
2025-05-17-23-52-03,2025,5,17,23,52,3.5,38.7474,23.5807,11,4.1,217,86,-170,NOA,moment tensor inversion,from seismic portal,P,15.1,,,,,,,,,,,,,,,,,,,
2025-05-18-06-56-44,2025,5,18,6,56,44.3,38.7506,23.5737,19,4.3,214,85,-172,NOA,moment tensor inversion,from seismic portal,P,7.9,,,,,,,,,,,,,,,,,,,
2025-05-19-00-23-32,2025,5,19,0,23,31.4,38.7469,23.5926,21,4.6,125,89,0,NOA,moment tensor inversion,from seismic portal,P,20.4,,,,,,,,,,,,,,,,,,,
2025-05-20-20-36-53,2025,5,20,20,36,53.0,40.8150,28.3858,8,4.0,131,70,-140,AFAD,moment tensor inversion,from seismic portal,S,,,,,,,,,,,,,,,,,,,,
2025-05-22-03-19-37,2025,5,22,3,19,37.2,35.7010,25.9067,68,6.2,145,81,32,NOA,moment tensor inversion,from seismic portal,P,8.2,GCMT,2025,5,22,3,19,40.0,35.62,25.74,81,6.2,51,65,168,-2.8,17.6,-13,0.0,7.0
2025-05-27-00-06-33,2025,5,27,0,6,32.1,38.3046,22.5250,9,4.9,278,33,-75,NOA,moment tensor inversion,from seismic portal,P,15.4,,,,,,,,,,,,,,,,,,,
2025-05-27-16-50-40,2025,5,27,16,50,40.6,36.8829,21.9756,33,4.2,316,67,-106,NOA,moment tensor inversion,from seismic portal,S,,,,,,,,,,,,,,,,,,,,
2025-06-02-23-17-29,2025,6,2,23,17,27.4,36.6346,28.3868,70,5.7,37,53,53,NOA,moment tensor inversion,from seismic portal,P,5.2,GCMT,2025,6,2,23,17,30.7,36.53,28.2,73,5.8,33,52,44,-3.3,20.4,-3,-0.1,7.4
2025-06-03-11-26-32,2025,6,3,11,26,30.9,34.8514,25.8536,25,5.2,181,89,-139,NOA,moment tensor inversion,from seismic portal,P,44.7,,,,,,,,,,,,,,,,,,,
2025-06-05-05-18-37,2025,6,5,5,18,37.3,40.1356,24.9263,6,4.5,58,80,-171,NOA,moment tensor inversion,from seismic portal,P,22.3,,,,,,,,,,,,,,,,,,,
2025-06-07-12-46-19,2025,6,7,12,46,19.1,40.2806,24.1748,7,5.2,63,77,-164,NOA,moment tensor inversion,from seismic portal,P,39.7,,,,,,,,,,,,,,,,,,,
2025-06-10-10-15-21,2025,6,10,10,15,21.0,39.2353,28.9678,8,4.5,64,37,-135,AFAD,moment tensor inversion,from seismic portal,S,,,,,,,,,,,,,,,,,,,,
2025-06-17-15-38-28,2025,6,17,15,38,29.0,34.9983,24.1496,32,4.4,299,77,-78,NOA,moment tensor inversion,from seismic portal,P,24.4,,,,,,,,,,,,,,,,,,,
2025-06-20-13-53-44,2025,6,20,13,53,41.4,34.8847,23.3739,33,4.7,278,79,-84,NOA,moment tensor inversion,from seismic portal,P,78.0,,,,,,,,,,,,,,,,,,,
2025-06-20-16-18-55,2025,6,20,16,18,55.9,36.6480,25.8200,10,4.5,96,37,-64,GFZ,moment tensor inversion,from seismic portal,P,29.6,,,,,,,,,,,,,,,,,,,
2025-06-21-13-25-54,2025,6,21,13,25,54.8,38.0265,20.3001,8,4.5,297,56,-10,NOA,moment tensor inversion,from seismic portal,P,17.3,,,,,,,,,,,,,,,,,,,
2025-06-27-06-59-51,2025,6,27,6,59,51.4,41.4210,19.5620,9,4.0,135,54,99,GFZ,moment tensor inversion,from seismic portal,S,,,,,,,,,,,,,,,,,,,,
